0 TBA - TO BE ASSIGNED
1 48090U 78066J   21095.52189241  .00001172  00000-0  00000+0 0  9997
2 48090  62.8074 241.4945 6777771  39.4803 353.9626  2.00807834 54014
0 COSMOS 1024 DEB
1 48090U 78066J   21103.48924707  .00001097  00000-0  00000+0 0  9992
2 48090  62.8072 240.6630 6781962  39.4850 353.9503  2.00825255 54171
0 COSMOS 1024 DEB
1 48090U 78066J   21104.48513336  .00001108  00000-0  00000-0 0  9999
2 48090  62.8061 240.5559 6782515  39.4864 353.9581  2.00827335 54197
0 COSMOS 1024 DEB
1 48090U 78066J   21106.47687747  .00001125  00000-0  00000-0 0  9997
2 48090  62.8032 240.3410 6783548  39.4889 353.9758  2.00831413 54236
0 COSMOS 1024 DEB
1 48090U 78066J   21106.47687747  .00001125  00000-0  00000+0 0  9996
2 48090  62.8032 240.3410 6783548  39.4889 353.9758  2.00831413 54236
0 COSMOS 1024 DEB
1 48090U 78066J   21107.47273141  .00001128  00000-0  00000-0 0  9990
2 48090  62.8021 240.2336 6784088  39.4903 353.9838  2.00833468 54250
0 COSMOS 1024 DEB
1 48090U 78066J   21108.46857680  .00001126  00000-0  00000-0 0  9994
2 48090  62.8010 240.1261 6784600  39.4916 353.9898  2.00835354 54272
0 COSMOS 1024 DEB
1 48090U 78066J   21109.46439843  .00001119  00000-0  00000-0 0  9994
2 48090  62.7998 240.0188 6785160  39.4929 353.9932  2.00837545 54294
0 COSMOS 1024 DEB
1 48090U 78066J   21109.46439843  .00001119  00000-0  00000+0 0  9993
2 48090  62.7998 240.0188 6785160  39.4929 353.9932  2.00837545 54294
0 COSMOS 1024 DEB
1 48090U 78066J   21110.46021495  .00001108  00000-0  00000-0 0  9994
2 48090  62.7988 239.9113 6785691  39.4942 353.9936  2.00839413 54315
0 COSMOS 1024 DEB
1 48090U 78066J   21111.45601503  .00001093  00000-0  00000-0 0  9991
2 48090  62.7978 239.8036 6786204  39.4955 353.9911  2.00841348 54337
0 COSMOS 1024 DEB
1 48090U 78066J   21112.45180204  .00001075  00000-0  00000-0 0  9992
2 48090  62.7968 239.6960 6786739  39.4967 353.9867  2.00843288 54353
0 COSMOS 1024 DEB
1 48090U 78066J   21112.45180204  .00001075  00000-0  00000+0 0  9991
2 48090  62.7968 239.6960 6786739  39.4967 353.9867  2.00843288 54353
0 COSMOS 1024 DEB
1 48090U 78066J   21114.44334842  .00001039  00000-0  00000-0 0  9992
2 48090  62.7948 239.4807 6787775  39.4991 353.9775  2.00847076 54398
0 COSMOS 1024 DEB
1 48090U 78066J   21116.43486670  .00001015  00000-0  00000-0 0  9994
2 48090  62.7928 239.2653 6788864  39.5016 353.9779  2.00850932 54436
0 COSMOS 1024 DEB
1 48090U 78066J   21116.43486670  .00001015  00000-0  00000+0 0  9993
2 48090  62.7928 239.2653 6788864  39.5016 353.9779  2.00850932 54436
0 COSMOS 1024 DEB
1 48090U 78066J   21119.42210520  .00000998  00000-0  00000-0 0  9994
2 48090  62.7897 238.9417 6790480  39.5054 353.9995  2.00856571 54495
0 COSMOS 1024 DEB
1 48090U 78066J   21120.41782942  .00000989  00000-0  00000-0 0  9997
2 48090  62.7886 238.8341 6791069  39.5070 354.0073  2.00858561 54513
0 COSMOS 1024 DEB
1 48090U 78066J   21120.41782942  .00000989  00000-0  00000+0 0  9996
2 48090  62.7886 238.8341 6791069  39.5070 354.0073  2.00858561 54513
0 COSMOS 1024 DEB
1 48090U 78066J   21121.41354783  .00000973  00000-0  00000-0 0  9999
2 48090  62.7874 238.7260 6791596  39.5083 354.0125  2.00860316 54539
0 COSMOS 1024 DEB
1 48090U 78066J   21122.40924726  .00000950  00000-0  00000-0 0  9994
2 48090  62.7863 238.6180 6792146  39.5095 354.0148  2.00862248 54555
0 COSMOS 1024 DEB
1 48090U 78066J   21124.40061581  .00000890  00000-0  00000-0 0  9990
2 48090  62.7839 238.4020 6793170  39.5115 354.0118  2.00865828 54598
0 COSMOS 1024 DEB
1 48090U 78066J   21124.40061581  .00000890  00000-0  00000+0 0  9999
2 48090  62.7839 238.4020 6793170  39.5115 354.0118  2.00865828 54598
0 COSMOS 1024 DEB
1 48090U 78066J   21125.39627688  .00000859  00000-0  00000-0 0  9990
2 48090  62.7836 238.2928 6793740  39.5132 354.0091  2.00867854 54616
0 COSMOS 1024 DEB
1 48090U 78066J   21126.39193906  .00000832  00000-0  00000-0 0  9993
2 48090  62.7826 238.1847 6794292  39.5141 354.0074  2.00869586 54634
0 COSMOS 1024 DEB
1 48090U 78066J   21127.38759041  .00000811  00000-0  00000-0 0  9998
2 48090  62.7770 238.0629 6794854  39.5202 354.0069  2.00871415 54651
0 COSMOS 1024 DEB
1 48090U 78066J   21127.38759041  .00000811  00000-0  00000+0 0  9997
2 48090  62.7770 238.0629 6794854  39.5202 354.0069  2.00871415 54651
0 COSMOS 1024 DEB
1 48090U 78066J   21128.38324221  .00000798  00000-0  00000-0 0  9991
2 48090  62.7808 237.9670 6795362  39.5182 354.0105  2.00873129 54676
0 COSMOS 1024 DEB
1 48090U 78066J   21128.38324221  .00000798  00000-0  00000+0 0  9990
2 48090  62.7808 237.9670 6795362  39.5182 354.0105  2.00873129 54676
0 COSMOS 1024 DEB
1 48090U 78066J   21129.37888573  .00000791  00000-0  00000-0 0  9999
2 48090  62.7763 237.8497 6795890  39.5205 354.0164  2.00874883 54699
0 COSMOS 1024 DEB
1 48090U 78066J   21129.37888573  .00000791  00000-0  00000+0 0  9998
2 48090  62.7763 237.8497 6795890  39.5205 354.0164  2.00874883 54699
0 COSMOS 1024 DEB
1 48090U 78066J   21130.37452446  .00000790  00000-0  00000-0 0  9996
2 48090  62.7702 237.7275 6796360  39.5323 354.0233  2.00876571 54715
0 COSMOS 1024 DEB
1 48090U 78066J   21130.37452446  .00000790  00000-0  00000+0 0  9995
2 48090  62.7702 237.7275 6796360  39.5323 354.0233  2.00876571 54715
0 COSMOS 1024 DEB
1 48090U 78066J   21132.36578781  .00000793  00000-0  00000-0 0  9991
2 48090  62.7695 237.5141 6797399  39.5318 354.0466  2.00879882 54753
0 COSMOS 1024 DEB
1 48090U 78066J   21134.35702019  .00000787  00000-0  00000-0 0  9998
2 48090  62.7644 237.2889 6798444  39.5411 354.0689  2.00882976 54798
0 COSMOS 1024 DEB
1 48090U 78066J   21134.35702019  .00000787  00000-0  00000+0 0  9997
2 48090  62.7644 237.2889 6798444  39.5411 354.0689  2.00882976 54798
0 COSMOS 1024 DEB
1 48090U 78066J   21136.34821049  .00000761  00000-0  00000-0 0  9996
2 48090  62.7616 237.0691 6799443  39.5463 354.0844  2.00885950 54836
0 COSMOS 1024 DEB
1 48090U 78066J   21138.33935990  .00000717  00000-0  00000-0 0  9999
2 48090  62.7699 236.8777 6800522  39.5300 354.0919  2.00888740 54877
0 COSMOS 1024 DEB
1 48090U 78066J   21138.33935990  .00000717  00000-0  00000+0 0  9998
2 48090  62.7699 236.8777 6800522  39.5300 354.0919  2.00888740 54877
0 COSMOS 1024 DEB
1 48090U 78066J   21139.33491653  .00000691  00000-0  00000-0 0  9994
2 48090  62.7670 236.7647 6801014  39.5362 354.0895  2.00890086 54897
0 COSMOS 1024 DEB
1 48090U 78066J   21140.33046581  .00000665  00000-0  00000-0 0  9993
2 48090  62.7649 236.6531 6801537  39.5378 354.0870  2.00891393 54919
0 COSMOS 1024 DEB
1 48090U 78066J   21141.32601260  .00000638  00000-0  00000-0 0  9994
2 48090  62.7721 236.5642 6802068  39.5267 354.0871  2.00892645 54933
0 COSMOS 1024 DEB
1 48090U 78066J   21141.32601260  .00000638  00000-0  00000+0 0  9993
2 48090  62.7721 236.5642 6802068  39.5267 354.0871  2.00892645 54933
0 COSMOS 1024 DEB
1 48090U 78066J   21142.32155155  .00000615  00000-0  00000-0 0  9997
2 48090  62.7714 236.4555 6802614  39.5274 354.0875  2.00893946 54953
0 COSMOS 1024 DEB
1 48090U 78066J   21143.31708995  .00000596  00000-0  00000-0 0  9991
2 48090  62.7707 236.3470 6803148  39.5278 354.0911  2.00895175 54976
0 COSMOS 1024 DEB
1 48090U 78066J   21145.30816069  .00000568  00000-0  00000-0 0  9993
2 48090  62.7696 236.1298 6804244  39.5288 354.1077  2.00897586 55016
0 COSMOS 1024 DEB
1 48090U 78066J   21145.30816069  .00000568  00000-0  00000+0 0  9992
2 48090  62.7696 236.1298 6804244  39.5288 354.1077  2.00897586 55016
0 COSMOS 1024 DEB
1 48090U 78066J   21146.30368866  .00000555  00000-0  00000-0 0  9997
2 48090  62.7695 236.0213 6804797  39.5287 354.1186  2.00898814 55031
0 COSMOS 1024 DEB
1 48090U 78066J   21148.29473029  .00000517  00000-0  00000-0 0  9993
2 48090  62.7678 235.8030 6805900  39.5295 354.1363  2.00900928 55073
0 COSMOS 1024 DEB
1 48090U 78066J   21148.29473029  .00000517  00000-0  00000+0 0  9992
2 48090  62.7678 235.8030 6805900  39.5295 354.1363  2.00900928 55073
0 COSMOS 1024 DEB
1 48090U 78066J   21149.29023163  .00000488  00000-0  00000-0 0  9991
2 48090  62.7667 235.6939 6806487  39.5316 354.1405  2.00902115 55091
0 COSMOS 1024 DEB
1 48090U 78066J   21151.28121515  .00000413  00000-0  00000-0 0  9991
2 48090  62.7658 235.4766 6807560  39.5318 354.1406  2.00904117 55132
0 COSMOS 1024 DEB
1 48090U 78066J   21151.28121515  .00000413  00000-0  00000+0 0  9990
2 48090  62.7658 235.4766 6807560  39.5318 354.1406  2.00904117 55132
0 COSMOS 1024 DEB
1 48090U 78066J   21158.74728553  .00000260  00000-0  00000-0 0  9994
2 48090  62.7533 234.6494 6811610  39.5423 354.1731  2.00910449 55283
0 COSMOS 1024 DEB
1 48090U 78066J   21158.74728553  .00000260  00000-0  00000+0 0  9993
2 48090  62.7533 234.6494 6811610  39.5423 354.1731  2.00910449 55283
0 COSMOS 1024 DEB
1 48090U 78066J   21159.24502057  .00000259  00000-0  00000-0 0  9997
2 48090  62.7527 234.5948 6811916  39.5434 354.1794  2.00910822 55295
0 COSMOS 1024 DEB
1 48090U 78066J   21160.24049262  .00000254  00000-0  00000-0 0  9998
2 48090  62.7517 234.4855 6812535  39.5456 354.1920  2.00911352 55315
0 COSMOS 1024 DEB
1 48090U 78066J   21162.23142082  .00000232  00000-0  00000-0 0  9999
2 48090  62.7500 234.2661 6813604  39.5485 354.2129  2.00912298 55356
0 COSMOS 1024 DEB
1 48090U 78066J   21163.22687714  .00000214  00000-0  00000-0 0  9995
2 48090  62.7493 234.1567 6814146  39.5494 354.2200  2.00912669 55377
0 COSMOS 1024 DEB
1 48090U 78066J   21163.22687714  .00000214  00000-0  00000+0 0  9994
2 48090  62.7493 234.1567 6814146  39.5494 354.2200  2.00912669 55377
0 COSMOS 1024 DEB
1 48090U 78066J   21165.21777073  .00000167  00000-0  00000-0 0  9991
2 48090  62.7480 233.9380 6815197  39.5508 354.2246  2.00913246 55413
0 COSMOS 1024 DEB
1 48090U 78066J   21166.21320908  .00000139  00000-0  00000-0 0  9992
2 48090  62.7473 233.8284 6815746  39.5518 354.2230  2.00913486 55439
0 COSMOS 1024 DEB
1 48090U 78066J   21166.21320908  .00000139  00000-0  00000+0 0  9991
2 48090  62.7473 233.8284 6815746  39.5518 354.2230  2.00913486 55439
0 COSMOS 1024 DEB
1 48090U 78066J   21167.20864508  .00000111  00000-0  00000-0 0  9991
2 48090  62.7466 233.7180 6816350  39.5539 354.2199  2.00913662 55452
0 COSMOS 1024 DEB
1 48090U 78066J   21168.20407960  .00000083  00000-0  00000-0 0  9995
2 48090  62.7446 233.6099 6816936  39.5569 354.2169  2.00913848 55476
0 COSMOS 1024 DEB
1 48090U 78066J   21169.19951643  .00000059  00000-0  00000-0 0  9999
2 48090  62.7439 233.5002 6817500  39.5579 354.2158  2.00913934 55496
0 COSMOS 1024 DEB
1 48090U 78066J   21170.19495640  .00000039  00000-0  00000-0 0  9999
2 48090  62.7432 233.3906 6818072  39.5588 354.2177  2.00913994 55515
0 COSMOS 1024 DEB
1 48090U 78066J   21171.19040111  .00000023  00000-0  00000-0 0  9992
2 48090  62.7424 233.2809 6818651  39.5598 354.2228  2.00914003 55532
0 COSMOS 1024 DEB
1 48090U 78066J   21171.19040111  .00000023  00000-0  00000+0 0  9991
2 48090  62.7424 233.2809 6818651  39.5598 354.2228  2.00914003 55532
0 COSMOS 1024 DEB
1 48090U 78066J   21172.18584959  .00000010  00000-0  00000-0 0  9991
2 48090  62.7417 233.1711 6819236  39.5611 354.2308  2.00913975 55559
0 COSMOS 1024 DEB
1 48090U 78066J   21172.18584959  .00000010  00000-0  00000+0 0  9990
2 48090  62.7417 233.1711 6819236  39.5611 354.2308  2.00913975 55559
0 COSMOS 1024 DEB
1 48090U 78066J   21173.18130038 -.00000002  00000-0  00000-0 0  9999
2 48090  62.7411 233.0611 6819827  39.5627 354.2401  2.00913903 55571
0 COSMOS 1024 DEB
1 48090U 78066J   21174.17675109 -.00000016  00000-0  00000-0 0  9997
2 48090  62.7405 232.9509 6820423  39.5642 354.2489  2.00913788 55598
0 COSMOS 1024 DEB
1 48090U 78066J   21175.17219863 -.00000035  00000-0  00000-0 0  9990
2 48090  62.7397 232.8409 6821025  39.5657 354.2554  2.00913654 55619
0 COSMOS 1024 DEB
1 48090U 78066J   21175.17219863 -.00000035  00000-0  00000+0 0  9999
2 48090  62.7397 232.8409 6821025  39.5657 354.2554  2.00913654 55619
0 COSMOS 1024 DEB
1 48090U 78066J   21176.16764334 -.00000062  00000-0  00000-0 0  9998
2 48090  62.7389 232.7309 6821632  39.5672 354.2585  2.00913453 55632
0 COSMOS 1024 DEB
1 48090U 78066J   21178.15852146 -.00000132  00000-0  00000-0 0  9996
2 48090  62.7372 232.5104 6822843  39.5705 354.2547  2.00912958 55678
0 COSMOS 1024 DEB
1 48090U 78066J   21178.15852146 -.00000132  00000-0  00000+0 0  9995
2 48090  62.7372 232.5104 6822843  39.5705 354.2547  2.00912958 55678
0 COSMOS 1024 DEB
1 48090U 78066J   21179.15395896 -.00000170  00000-0  00000-0 0  9993
2 48090  62.7363 232.4001 6823448  39.5721 354.2500  2.00912646 55698
0 COSMOS 1024 DEB
1 48090U 78066J   21180.14939874 -.00000205  00000-0  00000-0 0  9993
2 48090  62.7355 232.2897 6824049  39.5737 354.2455  2.00912288 55719
0 COSMOS 1024 DEB
1 48090U 78066J   21181.14484283 -.00000234  00000-0  00000-0 0  9995
2 48090  62.7350 232.1785 6824647  39.5762 354.2427  2.00911887 55736
0 COSMOS 1024 DEB
1 48090U 78066J   21181.14484283 -.00000234  00000-0  00000+0 0  9994
2 48090  62.7350 232.1785 6824647  39.5762 354.2427  2.00911887 55736
0 COSMOS 1024 DEB
1 48090U 78066J   21182.14029434 -.00000254  00000-0  00000-0 0  9991
2 48090  62.7351 232.0679 6825316  39.5863 354.2416  2.00911434 55752
0 COSMOS 1024 DEB
1 48090U 78066J   21183.13575083 -.00000266  00000-0  00000-0 0  9990
2 48090  62.7329 231.9561 6825872  39.5856 354.2451  2.00910923 55777
0 COSMOS 1024 DEB
1 48090U 78066J   21184.13121658 -.00000270  00000-0  00000+0 0  9990
2 48090  62.7278 231.8447 6826547  39.5900 354.2510  2.00910376 55792
0 COSMOS 1024 DEB
1 48090U 78066J   21185.12668775 -.00000270  00000-0  00000-0 0  9997
2 48090  62.7270 231.7342 6827169  39.5920 354.2594  2.00909766 55816
0 COSMOS 1024 DEB
1 48090U 78066J   21186.12216446 -.00000267  00000-0  00000-0 0  9998
2 48090  62.7257 231.6232 6827786  39.5943 354.2691  2.00909088 55835
0 COSMOS 1024 DEB
1 48090U 78066J   21187.11764500 -.00000266  00000-0  00000-0 0  9996
2 48090  62.7247 231.5124 6828401  39.5962 354.2790  2.00908354 55856
0 COSMOS 1024 DEB
1 48090U 78066J   21187.11764500 -.00000266  00000-0  00000+0 0  9995
2 48090  62.7247 231.5124 6828401  39.5962 354.2790  2.00908354 55856
0 COSMOS 1024 DEB
1 48090U 78066J   21188.11312835 -.00000268  00000-0  00000-0 0  9999
2 48090  62.7238 231.4017 6829008  39.5978 354.2881  2.00907551 55878
0 COSMOS 1024 DEB
1 48090U 78066J   21189.10861297 -.00000274  00000-0  00000-0 0  9997
2 48090  62.7222 231.2905 6829610  39.5998 354.2952  2.00906684 55893
0 COSMOS 1024 DEB
1 48090U 78066J   21190.10409809 -.00000285  00000-0  00000-0 0  9998
2 48090  62.7208 231.1793 6830202  39.6019 354.2996  2.00905744 55912
0 COSMOS 1024 DEB
1 48090U 78066J   21190.10409809 -.00000285  00000-0  00000+0 0  9997
2 48090  62.7208 231.1793 6830202  39.6019 354.2996  2.00905744 55912
0 COSMOS 1024 DEB
1 48090U 78066J   21191.09958303 -.00000300  00000-0  00000-0 0  9993
2 48090  62.7204 231.0687 6830795  39.6030 354.3010  2.00904744 55938
0 COSMOS 1024 DEB
1 48090U 78066J   21192.09506630 -.00000318  00000-0  00000-0 0  9995
2 48090  62.7185 230.9581 6831394  39.6076 354.2987  2.00903679 55953
0 COSMOS 1024 DEB
1 48090U 78066J   21193.09055302 -.00000339  00000-0  00000-0 0  9994
2 48090  62.7171 230.8469 6831992  39.6094 354.2942  2.00902594 55974
0 COSMOS 1024 DEB
1 48090U 78066J   21193.09055302 -.00000339  00000-0  00000+0 0  9993
2 48090  62.7171 230.8469 6831992  39.6094 354.2942  2.00902594 55974
0 COSMOS 1024 DEB
1 48090U 78066J   21194.08604399 -.00000359  00000-0  00000-0 0  9992
2 48090  62.7163 230.7352 6832621  39.6104 354.2884  2.00901282 55997
0 COSMOS 1024 DEB
1 48090U 78066J   21195.08154005 -.00000379  00000-0  00000-0 0  9999
2 48090  62.7159 230.6248 6833253  39.6128 354.2822  2.00900100 56017
0 COSMOS 1024 DEB
1 48090U 78066J   21196.07704391 -.00000396  00000-0  00000-0 0  9997
2 48090  62.7147 230.5137 6833893  39.6158 354.2772  2.00898883 56033
0 COSMOS 1024 DEB
1 48090U 78066J   21196.07704391 -.00000396  00000-0  00000+0 0  9996
2 48090  62.7147 230.5137 6833893  39.6158 354.2772  2.00898883 56033
0 COSMOS 1024 DEB
1 48090U 78066J   21198.06808218 -.00000417  00000-0  00000-0 0  9995
2 48090  62.7134 230.2924 6835185  39.6203 354.2765  2.00896357 56077
0 COSMOS 1024 DEB
1 48090U 78066J   21198.56584921 -.00000420  00000-0  00000-0 0  9996
2 48090  62.7189 230.2416 6835482  39.6102 354.2801  2.00895703 56087
0 COSMOS 1024 DEB
1 48090U 78066J   21198.56584921 -.00000420  00000-0  00000+0 0  9995
2 48090  62.7189 230.2416 6835482  39.6102 354.2801  2.00895703 56087
0 COSMOS 1024 DEB
1 48090U 78066J   21199.06361757 -.00000422  00000-0  00000-0 0  9994
2 48090  62.7181 230.1860 6835815  39.6113 354.2826  2.00895063 56090
0 COSMOS 1024 DEB
1 48090U 78066J   21199.56138842 -.00000423  00000-0  00000-0 0  9997
2 48090  62.7167 230.1299 6836137  39.6120 354.2855  2.00894400 56104
0 COSMOS 1024 DEB
1 48090U 78066J   21200.55693571 -.00000427  00000-0  00000-0 0  9998
2 48090  62.7170 230.0198 6836802  39.6156 354.2915  2.00893060 56123
0 COSMOS 1024 DEB
1 48090U 78066J   21201.05471159 -.00000430  00000-0  00000-0 0  9994
2 48090  62.7165 229.9643 6837139  39.6170 354.2943  2.00892380 56135
0 COSMOS 1024 DEB
1 48090U 78066J   21201.55248841 -.00000434  00000-0  00000-0 0  9993
2 48090  62.7155 229.9086 6837466  39.6180 354.2966  2.00891687 56144
0 COSMOS 1024 DEB
1 48090U 78066J   21202.54804396 -.00000447  00000-0  00000-0 0  9990
2 48090  62.7145 229.7974 6838134  39.6210 354.2987  2.00890293 56161
0 COSMOS 1024 DEB
1 48090U 78066J   21203.04582225 -.00000456  00000-0  00000-0 0  9990
2 48090  62.7140 229.7419 6838473  39.6225 354.2984  2.00889598 56176
0 COSMOS 1024 DEB
1 48090U 78066J   21204.53916089 -.00000493  00000-0  00000-0 0  9995
2 48090  62.7124 229.5750 6839468  39.6272 354.2917  2.00887436 56200
0 COSMOS 1024 DEB
1 48090U 78066J   21205.53472383 -.00000523  00000-0  00000-0 0  9994
2 48090  62.7112 229.4637 6840133  39.6304 354.2838  2.00885984 56227
0 COSMOS 1024 DEB
1 48090U 78066J   21206.53029303 -.00000553  00000-0  00000-0 0  9998
2 48090  62.7101 229.3525 6840797  39.6334 354.2749  2.00884506 56241
0 COSMOS 1024 DEB
1 48090U 78066J   21206.53029303 -.00000553  00000-0  00000+0 0  9997
2 48090  62.7101 229.3525 6840797  39.6334 354.2749  2.00884506 56241
0 COSMOS 1024 DEB
1 48090U 78066J   21207.02808089 -.00000567  00000-0  00000-0 0  9994
2 48090  62.7096 229.2970 6841133  39.6348 354.2707  2.00883758 56250
0 COSMOS 1024 DEB
1 48090U 78066J   21208.02366422 -.00000589  00000-0  00000-0 0  9999
2 48090  62.7085 229.1858 6841793  39.6379 354.2637  2.00882237 56273
0 COSMOS 1024 DEB
1 48090U 78066J   21209.01925925 -.00000603  00000-0  00000+0 0  9994
2 48090  62.7075 229.0745 6842452  39.6411 354.2595  2.00880687 56298
0 COSMOS 1024 DEB
1 48090U 78066J   21209.51706164 -.00000607  00000-0  00000-0 0  9996
2 48090  62.7069 229.0188 6842777  39.6427 354.2586  2.00879891 56306
0 COSMOS 1024 DEB
1 48090U 78066J   21210.01486704 -.00000608  00000-0  00000-0 0  9999
2 48090  62.7065 228.9632 6843115  39.6443 354.2586  2.00879103 56316
0 COSMOS 1024 DEB
1 48090U 78066J   21211.01049032 -.00000605  00000-0  00000-0 0  9996
2 48090  62.7060 228.8528 6843751  39.6476 354.2609  2.00877627 56333
0 COSMOS 1024 DEB
1 48090U 78066J   21211.50830469 -.00000602  00000-0  00000-0 0  9999
2 48090  62.7054 228.7970 6844090  39.6492 354.2631  2.00876796 56343
0 COSMOS 1024 DEB
1 48090U 78066J   21211.50830469 -.00000602  00000-0  00000+0 0  9998
2 48090  62.7054 228.7970 6844090  39.6492 354.2631  2.00876796 56343
0 COSMOS 1024 DEB
1 48090U 78066J   21212.50394155 -.00000591  00000-0  00000-0 0  9994
2 48090  62.7042 228.6854 6844784  39.6524 354.2690  2.00875084 56362
0 COSMOS 1024 DEB
1 48090U 78066J   21213.99741444 -.00000575  00000-0  00000-0 0  9997
2 48090  62.7024 228.5181 6845825  39.6572 354.2794  2.00872440 56395
0 COSMOS 1024 DEB
1 48090U 78066J   21213.99741444 -.00000575  00000-0  00000+0 0  9996
2 48090  62.7024 228.5181 6845825  39.6572 354.2794  2.00872440 56395
0 COSMOS 1024 DEB
1 48090U 78066J   21214.49524347 -.00000571  00000-0  00000-0 0  9990
2 48090  62.7018 228.4624 6846158  39.6589 354.2827  2.00871556 56403
0 COSMOS 1024 DEB
1 48090U 78066J   21215.49090676 -.00000566  00000-0  00000-0 0  9998
2 48090  62.7006 228.3510 6846834  39.6623 354.2881  2.00869763 56422
0 COSMOS 1024 DEB
1 48090U 78066J   21216.48657545 -.00000565  00000-0  00000-0 0  9991
2 48090  62.6994 228.2397 6847502  39.6659 354.2913  2.00867939 56442
0 COSMOS 1024 DEB
1 48090U 78066J   21216.48657545 -.00000565  00000-0  00000+0 0  9990
2 48090  62.6994 228.2397 6847502  39.6659 354.2913  2.00867939 56442
0 COSMOS 1024 DEB
1 48090U 78066J   21217.48224910 -.00000569  00000-0  00000-0 0  9992
2 48090  62.6983 228.1282 6848170  39.6695 354.2917  2.00866080 56466
0 COSMOS 1024 DEB
1 48090U 78066J   21218.47792741 -.00000578  00000-0  00000-0 0  9994
2 48090  62.6971 228.0167 6848838  39.6731 354.2889  2.00864191 56487
0 COSMOS 1024 DEB
1 48090U 78066J   21219.97145528 -.00000595  00000-0  00000-0 0  9994
2 48090  62.6955 227.8496 6849857  39.6787 354.2794  2.00861308 56510
0 COSMOS 1024 DEB
1 48090U 78066J   21219.97145528 -.00000595  00000-0  00000+0 0  9993
2 48090  62.6955 227.8496 6849857  39.6787 354.2794  2.00861308 56510
0 COSMOS 1024 DEB
1 48090U 78066J   21220.96714898 -.00000607  00000-0  00000-0 0  9991
2 48090  62.6945 227.7382 6850542  39.6825 354.2708  2.00859368 56538
0 COSMOS 1024 DEB
1 48090U 78066J   21221.96285174 -.00000619  00000-0  00000-0 0  9995
2 48090  62.6934 227.6267 6851240  39.6862 354.2619  2.00857423 56557
0 COSMOS 1024 DEB
1 48090U 78066J   21222.46070608 -.00000624  00000-0  00000-0 0  9991
2 48090  62.6924 227.5711 6851556  39.6867 354.2579  2.00856377 56567
0 COSMOS 1024 DEB
1 48090U 78066J   21222.46070608 -.00000624  00000-0  00000+0 0  9990
2 48090  62.6924 227.5711 6851556  39.6867 354.2579  2.00856377 56567
0 COSMOS 1024 DEB
1 48090U 78066J   21223.45642636 -.00000632  00000-0  00000-0 0  9996
2 48090  62.6913 227.4596 6852265  39.6905 354.2514  2.00854388 56587
0 COSMOS 1024 DEB
1 48090U 78066J   21223.45642788 -.00000632  00000-0  00000-0 0  9994
2 48090  62.6913 227.4596 6852274  39.6909 354.2515  2.00854470 56584
0 COSMOS 1024 DEB
1 48090U 78066J   21224.45216216 -.00000635  00000-0  00000-0 0  9991
2 48090  62.6902 227.3482 6852976  39.6948 354.2480  2.00852511 56605
0 COSMOS 1024 DEB
1 48090U 78066J   21225.44791088 -.00000634  00000-0  00000-0 0  9995
2 48090  62.6890 227.2366 6853679  39.6989 354.2481  2.00850552 56623
0 COSMOS 1024 DEB
1 48090U 78066J   21225.44791088 -.00000634  00000-0  00000+0 0  9994
2 48090  62.6890 227.2366 6853679  39.6989 354.2481  2.00850552 56623
0 COSMOS 1024 DEB
1 48090U 78066J   21226.44367153 -.00000630  00000-0  00000-0 0  9994
2 48090  62.6876 227.1247 6854383  39.7027 354.2509  2.00848518 56643
0 COSMOS 1024 DEB
1 48090U 78066J   21227.43944520 -.00000626  00000-0  00000-0 0  9998
2 48090  62.6865 227.0130 6855093  39.7069 354.2551  2.00846571 56662
0 COSMOS 1024 DEB
1 48090U 78066J   21227.93733435 -.00000625  00000-0  00000-0 0  9993
2 48090  62.6869 226.9584 6855303  39.7076 354.2570  2.00845865 56676
0 COSMOS 1024 DEB
1 48090U 78066J   21227.93733435 -.00000625  00000-0  00000+0 0  9992
2 48090  62.6869 226.9584 6855303  39.7076 354.2570  2.00845865 56676
0 COSMOS 1024 DEB
1 48090U 78066J   21228.43522923 -.00000625  00000-0  00000-0 0  9997
2 48090  62.6853 226.9014 6855802  39.7114 354.2587  2.00844684 56681
0 COSMOS 1024 DEB
1 48090U 78066J   21229.43101656 -.00000630  00000-0  00000-0 0  9990
2 48090  62.6839 226.7895 6856521  39.7153 354.2597  2.00842673 56702
0 COSMOS 1024 DEB
1 48090U 78066J   21230.42680850 -.00000642  00000-0  00000-0 0  9992
2 48090  62.6836 226.6788 6857080  39.7179 354.2569  2.00840865 56720
0 COSMOS 1024 DEB
1 48090U 78066J   21230.42680945 -.00000642  00000-0  00000+0 0  9996
2 48090  62.6837 226.6789 6857071  39.7182 354.2568  2.00840946 56725
0 COSMOS 1024 DEB
1 48090U 78066J   21231.42260702 -.00000661  00000-0  00000-0 0  9994
2 48090  62.6824 226.5671 6857788  39.7225 354.2503  2.00839001 56744
0 COSMOS 1024 DEB
1 48090U 78066J   21232.41841059 -.00000685  00000-0  00000-0 0  9990
2 48090  62.6811 226.4552 6858512  39.7270 354.2407  2.00837050 56760
0 COSMOS 1024 DEB
1 48090U 78066J   21232.91631502 -.00000698  00000-0  00000+0 0  9998
2 48090  62.6805 226.3993 6858885  39.7292 354.2354  2.00836095 56778
0 COSMOS 1024 DEB
1 48090U 78066J   21233.41422387 -.00000711  00000-0  00000-0 0  9990
2 48090  62.6797 226.3432 6859220  39.7313 354.2299  2.00835113 56783
0 COSMOS 1024 DEB
1 48090U 78066J   21233.91213156 -.00000723  00000-0  00000-0 0  9990
2 48090  62.6791 226.2873 6859601  39.7338 354.2247  2.00834161 56791
0 COSMOS 1024 DEB
1 48090U 78066J   21234.41004365 -.00000733  00000-0  00000-0 0  9997
2 48090  62.6782 226.2311 6859947  39.7358 354.2198  2.00833129 56803
0 COSMOS 1024 DEB
1 48090U 78066J   21235.40587985 -.00000749  00000-0  00000-0 0  9998
2 48090  62.6769 226.1193 6860659  39.7406 354.2119  2.00831251 56820
0 COSMOS 1024 DEB
1 48090U 78066J   21235.40587985 -.00000749  00000-0  00000+0 0  9997
2 48090  62.6769 226.1193 6860659  39.7406 354.2119  2.00831251 56820
0 COSMOS 1024 DEB
1 48090U 78066J   21236.40172963 -.00000756  00000-0  00000-0 0  9993
2 48090  62.6755 226.0071 6861358  39.7448 354.2074  2.00829267 56848
0 COSMOS 1024 DEB
1 48090U 78066J   21237.39759521 -.00000754  00000-0  00000-0 0  9991
2 48090  62.6743 225.8952 6862069  39.7495 354.2066  2.00827381 56860
0 COSMOS 1024 DEB
1 48090U 78066J   21237.89553331 -.00000749  00000-0  00000-0 0  9991
2 48090  62.6737 225.8392 6862431  39.7517 354.2075  2.00826416 56878
0 COSMOS 1024 DEB
1 48090U 78066J   21237.89553331 -.00000749  00000-0  00000+0 0  9990
2 48090  62.6737 225.8392 6862431  39.7517 354.2075  2.00826416 56878
0 COSMOS 1024 DEB
1 48090U 78066J   21238.39347491 -.00000744  00000-0  00000-0 0  9990
2 48090  62.6731 225.7832 6862784  39.7539 354.2091  2.00825452 56883
0 COSMOS 1024 DEB
1 48090U 78066J   21239.38936450 -.00000729  00000-0  00000-0 0  9992
2 48090  62.6714 225.6707 6863487  39.7587 354.2141  2.00823459 56902
0 COSMOS 1024 DEB
1 48090U 78066J   21243.37303760 -.00000683  00000-0  00000-0 0  9997
2 48090  62.6654 225.2217 6866343  39.7768 354.2361  2.00815512 56985
0 COSMOS 1024 DEB
1 48090U 78066J   21243.37303760 -.00000683  00000-0  00000+0 0  9996
2 48090  62.6654 225.2217 6866343  39.7768 354.2361  2.00815512 56985
0 COSMOS 1024 DEB
1 48090U 78066J   21244.86694501 -.00000685  00000-0  00000-0 0  9990
2 48090  62.6633 225.0535 6867424  39.7838 354.2363  2.00812518 57012
0 COSMOS 1024 DEB
1 48090U 78066J   21245.86289073 -.00000691  00000-0  00000-0 0  9992
2 48090  62.6620 224.9413 6868133  39.7883 354.2327  2.00810460 57035
0 COSMOS 1024 DEB
1 48090U 78066J   21245.86289073 -.00000691  00000-0  00000+0 0  9991
2 48090  62.6620 224.9413 6868133  39.7883 354.2327  2.00810460 57035
0 COSMOS 1024 DEB
1 48090U 78066J   21246.36086444 -.00000694  00000-0  00000-0 0  9998
2 48090  62.6610 224.8850 6868432  39.7903 354.2297  2.00809365 57042
0 COSMOS 1024 DEB
1 48090U 78066J   21246.85884190 -.00000699  00000-0  00000-0 0  9991
2 48090  62.6604 224.8291 6868833  39.7928 354.2265  2.00808410 57052
0 COSMOS 1024 DEB
1 48090U 78066J   21247.35681914 -.00000703  00000-0  00000-0 0  9992
2 48090  62.6596 224.7729 6869156  39.7948 354.2226  2.00807303 57066
0 COSMOS 1024 DEB
1 48090U 78066J   21247.85479937 -.00000708  00000-0  00000-0 0  9992
2 48090  62.6588 224.7168 6869511  39.7971 354.2185  2.00806270 57072
0 COSMOS 1024 DEB
1 48090U 78066J   21249.34875028 -.00000720  00000-0  00000-0 0  9993
2 48090  62.6572 224.5485 6870521  39.8031 354.2063  2.00803152 57101
0 COSMOS 1024 DEB
1 48090U 78066J   21249.84674261 -.00000723  00000-0  00000-0 0  9997
2 48090  62.6566 224.4926 6870876  39.8057 354.2030  2.00802190 57110
0 COSMOS 1024 DEB
1 48090U 78066J   21250.34473728 -.00000724  00000-0  00000-0 0  9990
2 48090  62.6559 224.4363 6871230  39.8077 354.2003  2.00801086 57128
0 COSMOS 1024 DEB
1 48090U 78066J   21251.34073891 -.00000725  00000-0  00000-0 0  9999
2 48090  62.6545 224.3240 6871935  39.8125 354.1973  2.00799067 57144
0 COSMOS 1024 DEB
1 48090U 78066J   21251.83874486 -.00000724  00000-0  00000-0 0  9991
2 48090  62.6539 224.2678 6872283  39.8149 354.1972  2.00798076 57153
0 COSMOS 1024 DEB
1 48090U 78066J   21251.83874486 -.00000724  00000-0  00000+0 0  9990
2 48090  62.6539 224.2678 6872283  39.8149 354.1972  2.00798076 57153
0 COSMOS 1024 DEB
1 48090U 78066J   21252.33675435 -.00000722  00000-0  00000-0 0  9998
2 48090  62.6531 224.2116 6872667  39.8174 354.1980  2.00797074 57163
0 COSMOS 1024 DEB
1 48090U 78066J   21252.83476537 -.00000719  00000-0  00000-0 0  9991
2 48090  62.6528 224.1557 6873018  39.8197 354.1997  2.00796150 57176
0 COSMOS 1024 DEB
1 48090U 78066J   21253.33278153 -.00000715  00000-0  00000-0 0  9997
2 48090  62.6519 224.0994 6873381  39.8220 354.2020  2.00795083 57183
0 COSMOS 1024 DEB
1 48090U 78066J   21253.83080335 -.00000712  00000-0  00000-0 0  9992
2 48090  62.6512 224.0433 6873730  39.8247 354.2046  2.00794137 57199
0 COSMOS 1024 DEB
1 48090U 78066J   21254.32882392 -.00000708  00000-0  00000-0 0  9995
2 48090  62.6504 223.9870 6874090  39.8269 354.2077  2.00793074 57202
0 COSMOS 1024 DEB
1 48090U 78066J   21254.32882392 -.00000708  00000-0  00000+0 0  9994
2 48090  62.6504 223.9870 6874090  39.8269 354.2077  2.00793074 57202
0 COSMOS 1024 DEB
1 48090U 78066J   21254.82685135 -.00000705  00000-0  00000-0 0  9993
2 48090  62.6495 223.9308 6874444  39.8298 354.2106  2.00792156 57216
0 COSMOS 1024 DEB
1 48090U 78066J   21255.82290565 -.00000702  00000-0  00000-0 0  9990
2 48090  62.6481 223.8184 6875162  39.8346 354.2153  2.00790198 57232
0 COSMOS 1024 DEB
1 48090U 78066J   21256.32093631 -.00000704  00000-0  00000-0 0  9993
2 48090  62.6471 223.7618 6875533  39.8372 354.2167  2.00789178 57245
0 COSMOS 1024 DEB
1 48090U 78066J   21256.81896825 -.00000707  00000-0  00000-0 0  9996
2 48090  62.6466 223.7057 6875899  39.8399 354.2171  2.00788261 57258
0 COSMOS 1024 DEB
1 48090U 78066J   21256.81896825 -.00000707  00000-0  00000+0 0  9995
2 48090  62.6466 223.7057 6875899  39.8399 354.2171  2.00788261 57258
0 COSMOS 1024 DEB
1 48090U 78066J   21257.31700003 -.00000712  00000-0  00000-0 0  9990
2 48090  62.6456 223.6493 6876273  39.8424 354.2166  2.00787236 57262
0 COSMOS 1024 DEB
1 48090U 78066J   21258.31306701 -.00000728  00000-0  00000-0 0  9995
2 48090  62.6437 223.5368 6877025  39.8477 354.2124  2.00785325 57288
0 COSMOS 1024 DEB
1 48090U 78066J   21259.30913853 -.00000750  00000-0  00000-0 0  9992
2 48090  62.6419 223.4240 6877737  39.8528 354.2050  2.00783449 57309
0 COSMOS 1024 DEB
1 48090U 78066J   21259.30913853 -.00000750  00000-0  00000+0 0  9991
2 48090  62.6419 223.4240 6877737  39.8528 354.2050  2.00783449 57309
0 COSMOS 1024 DEB
1 48090U 78066J   21259.80717659 -.00000763  00000-0  00000-0 0  9997
2 48090  62.6408 223.3676 6878111  39.8554 354.2005  2.00782521 57316
0 COSMOS 1024 DEB
1 48090U 78066J   21261.30130359 -.00000798  00000-0  00000-0 0  9999
2 48090  62.6391 223.1988 6879143  39.8625 354.1871  2.00779712 57347
0 COSMOS 1024 DEB
1 48090U 78066J   21262.79546400 -.00000820  00000-0  00000-0 0  9997
2 48090  62.6355 223.0297 6880321  39.8713 354.1787  2.00776918 57371
0 COSMOS 1024 DEB
1 48090U 78066J   21262.79546400 -.00000820  00000-0  00000+0 0  9996
2 48090  62.6355 223.0297 6880321  39.8713 354.1787  2.00776918 57371
0 COSMOS 1024 DEB
1 48090U 78066J   21263.29352280 -.00000822  00000-0  00000-0 0  9996
2 48090  62.6344 222.9731 6880689  39.8740 354.1777  2.00775964 57387
0 COSMOS 1024 DEB
1 48090U 78066J   21263.79158540 -.00000823  00000-0  00000-0 0  9995
2 48090  62.6351 222.9168 6880954  39.8757 354.1775  2.00775084 57394
0 COSMOS 1024 DEB
1 48090U 78066J   21266.28195722 -.00000795  00000-0  00000-0 0  9993
2 48090  62.6314 222.6346 6882714  39.8885 354.1908  2.00770498 57444
0 COSMOS 1024 DEB
1 48090U 78066J   21266.28195722 -.00000795  00000-0  00000+0 0  9992
2 48090  62.6314 222.6346 6882714  39.8885 354.1908  2.00770498 57444
0 COSMOS 1024 DEB
1 48090U 78066J   21268.27430633 -.00000761  00000-0  00000-0 0  9990
2 48090  62.6281 222.4084 6884131  39.8989 354.2098  2.00766834 57488
0 COSMOS 1024 DEB
1 48090U 78066J   21268.27430633 -.00000761  00000-0  00000+0 0  9999
2 48090  62.6281 222.4084 6884131  39.8989 354.2098  2.00766834 57488
0 COSMOS 1024 DEB
1 48090U 78066J   21276.24398621 -.00000771  00000-0  00000-0 0  9997
2 48090  62.6142 221.5046 6889913  39.9398 354.2177  2.00751620 57643
0 COSMOS 1024 DEB
1 48090U 78066J   21276.24398621 -.00000771  00000-0  00000+0 0  9996
2 48090  62.6142 221.5046 6889913  39.9398 354.2177  2.00751620 57643
0 COSMOS 1024 DEB
1 48090U 78066J   21276.74210502 -.00000774  00000-0  00000-0 0  9996
2 48090  62.6140 221.4475 6890170  39.9418 354.2158  2.00750738 57655
0 COSMOS 1024 DEB
1 48090U 78066J   21277.24022678 -.00000775  00000-0  00000-0 0  9998
2 48090  62.6139 221.3910 6890543  39.9436 354.2149  2.00749798 57665
0 COSMOS 1024 DEB
1 48090U 78066J   21277.73835481 -.00000775  00000-0  00000-0 0  9996
2 48090  62.6132 221.3344 6890896  39.9462 354.2145  2.00748873 57679
0 COSMOS 1024 DEB
1 48090U 78066J   21278.23648558 -.00000775  00000-0  00000-0 0  9999
2 48090  62.6123 221.2778 6891261  39.9488 354.2151  2.00747965 57683
0 COSMOS 1024 DEB
1 48090U 78066J   21278.73462125 -.00000773  00000-0  00000-0 0  9996
2 48090  62.6116 221.2213 6891619  39.9513 354.2166  2.00746984 57692
0 COSMOS 1024 DEB
1 48090U 78066J   21278.73462125 -.00000773  00000-0  00000+0 0  9995
2 48090  62.6116 221.2213 6891619  39.9513 354.2166  2.00746984 57692
0 COSMOS 1024 DEB
1 48090U 78066J   21280.22904323 -.00000763  00000-0  00000-0 0  9993
2 48090  62.6094 221.0513 6892715  39.9591 354.2263  2.00744337 57724
0 COSMOS 1024 DEB
1 48090U 78066J   21281.22534151 -.00000754  00000-0  00000-0 0  9992
2 48090  62.6078 220.9379 6893434  39.9645 354.2359  2.00742554 57740
0 COSMOS 1024 DEB
1 48090U 78066J   21281.22534151 -.00000754  00000-0  00000+0 0  9991
2 48090  62.6078 220.9379 6893434  39.9645 354.2359  2.00742554 57740
0 COSMOS 1024 DEB
1 48090U 78066J   21282.22164827 -.00000746  00000-0  00000-0 0  9993
2 48090  62.6062 220.8245 6894151  39.9698 354.2457  2.00740811 57764
0 COSMOS 1024 DEB
1 48090U 78066J   21282.71980479 -.00000744  00000-0  00000-0 0  9994
2 48090  62.6056 220.7679 6894503  39.9722 354.2501  2.00739899 57771
0 COSMOS 1024 DEB
1 48090U 78066J   21285.21059737 -.00000763  00000-0  00000-0 0  9997
2 48090  62.6017 220.4840 6896300  39.9854 354.2587  2.00735677 57828
0 COSMOS 1024 DEB
1 48090U 78066J   21285.21059737 -.00000763  00000-0  00000+0 0  9996
2 48090  62.6017 220.4840 6896300  39.9854 354.2587  2.00735677 57828
0 COSMOS 1024 DEB
1 48090U 78066J   21286.20692037 -.00000783  00000-0  00000-0 0  9995
2 48090  62.6000 220.3704 6897020  39.9906 354.2553  2.00734007 57847
0 COSMOS 1024 DEB
1 48090U 78066J   21288.19958473 -.00000831  00000-0  00000-0 0  9998
2 48090  62.5968 220.1428 6898418  40.0011 354.2438  2.00730735 57882
0 COSMOS 1024 DEB
1 48090U 78066J   21288.19958473 -.00000831  00000-0  00000+0 0  9997
2 48090  62.5968 220.1428 6898418  40.0011 354.2438  2.00730735 57882
0 COSMOS 1024 DEB
1 48090U 78066J   21289.19593164 -.00000848  00000-0  00000-0 0  9999
2 48090  62.5953 220.0290 6899105  40.0062 354.2399  2.00729134 57902
0 COSMOS 1024 DEB
1 48090U 78066J   21291.18866378 -.00000857  00000-0  00000-0 0  9991
2 48090  62.5923 219.8013 6900471  40.0165 354.2433  2.00726010 57944
0 COSMOS 1024 DEB
1 48090U 78066J   21291.18866378 -.00000857  00000-0  00000+0 0  9990
2 48090  62.5923 219.8013 6900471  40.0165 354.2433  2.00726010 57944
0 COSMOS 1024 DEB
1 48090U 78066J   21292.18505372 -.00000848  00000-0  00000-0 0  9996
2 48090  62.5909 219.6874 6901148  40.0217 354.2510  2.00724358 57962
0 COSMOS 1024 DEB
1 48090U 78066J   21293.18145522 -.00000832  00000-0  00000-0 0  9997
2 48090  62.5909 219.5729 6901792  40.0272 354.2618  2.00722711 57988
0 COSMOS 1024 DEB
1 48090U 78066J   21294.17786490 -.00000812  00000-0  00000-0 0  9990
2 48090  62.5894 219.4588 6902503  40.0326 354.2747  2.00721201 58004
0 COSMOS 1024 DEB
1 48090U 78066J   21294.17786490 -.00000812  00000-0  00000+0 0  9999
2 48090  62.5894 219.4588 6902503  40.0326 354.2747  2.00721201 58004
0 COSMOS 1024 DEB
1 48090U 78066J   21294.67607197 -.00000803  00000-0  00000-0 0  9991
2 48090  62.5874 219.4024 6902832  40.0344 354.2814  2.00720441 58013
0 COSMOS 1024 DEB
1 48090U 78066J   21295.67249382 -.00000786  00000-0  00000-0 0  9990
2 48090  62.5859 219.2884 6903486  40.0395 354.2945  2.00718868 58037
0 COSMOS 1024 DEB
1 48090U 78066J   21298.16357583 -.00000766  00000-0  00000-0 0  9998
2 48090  62.5815 219.0031 6905217  40.0524 354.3194  2.00714871 58081
0 COSMOS 1024 DEB
1 48090U 78066J   21298.16357583 -.00000766  00000-0  00000+0 0  9997
2 48090  62.5815 219.0031 6905217  40.0524 354.3194  2.00714871 58081
0 COSMOS 1024 DEB
1 48090U 78066J   21300.15645714 -.00000772  00000-0  00000-0 0  9994
2 48090  62.5789 218.7745 6906574  40.0628 354.3264  2.00711655 58121
0 COSMOS 1024 DEB
1 48090U 78066J   21301.15290384 -.00000778  00000-0  00000-0 0  9990
2 48090  62.5774 218.6603 6907245  40.0679 354.3261  2.00710044 58149
0 COSMOS 1024 DEB
1 48090U 78066J   21301.15290384 -.00000778  00000-0  00000+0 0  9999
2 48090  62.5774 218.6603 6907245  40.0679 354.3261  2.00710044 58149
0 COSMOS 1024 DEB
1 48090U 78066J   21302.14935719 -.00000784  00000-0  00000-0 0  9995
2 48090  62.5760 218.5459 6907935  40.0731 354.3244  2.00708430 58166
0 COSMOS 1024 DEB
1 48090U 78066J   21303.14581831 -.00000789  00000-0  00000-0 0  9993
2 48090  62.5746 218.4316 6908618  40.0783 354.3226  2.00706808 58186
0 COSMOS 1024 DEB
1 48090U 78066J   21303.64404907 -.00000790  00000-0  00000-0 0  9998
2 48090  62.5739 218.3745 6908886  40.0807 354.3219  2.00706021 58197
0 COSMOS 1024 DEB
1 48090U 78066J   21303.64404907 -.00000790  00000-0  00000+0 0  9997
2 48090  62.5739 218.3745 6908886  40.0807 354.3219  2.00706021 58197
0 COSMOS 1024 DEB
1 48090U 78066J   21304.64052395 -.00000790  00000-0  00000-0 0  9999
2 48090  62.5727 218.2601 6909543  40.0860 354.3227  2.00704434 58212
0 COSMOS 1024 DEB
1 48090U 78066J   21307.13176797 -.00000772  00000-0  00000-0 0  9999
2 48090  62.5692 217.9736 6911295  40.0997 354.3396  2.00700551 58264
0 COSMOS 1024 DEB
1 48090U 78066J   21307.13176797 -.00000772  00000-0  00000+0 0  9998
2 48090  62.5692 217.9736 6911295  40.0997 354.3396  2.00700551 58264
0 COSMOS 1024 DEB
1 48090U 78066J   21308.12829133 -.00000761  00000-0  00000-0 0  9996
2 48090  62.5681 217.8589 6912052  40.1056 354.3516  2.00698928 58286
0 COSMOS 1024 DEB
1 48090U 78066J   21310.12134678 -.00000744  00000-0  00000-0 0  9993
2 48090  62.5668 217.6290 6913304  40.1158 354.3747  2.00695853 58327
0 COSMOS 1024 DEB
1 48090U 78066J   21310.12134678 -.00000744  00000-0  00000+0 0  9992
2 48090  62.5668 217.6290 6913304  40.1158 354.3747  2.00695853 58327
0 COSMOS 1024 DEB
1 48090U 78066J   21311.11788547 -.00000745  00000-0  00000-0 0  9994
2 48090  62.5657 217.5147 6914013  40.1211 354.3822  2.00694301 58346
0 COSMOS 1024 DEB
1 48090U 78066J   21311.61615358 -.00000748  00000-0  00000-0 0  9991
2 48090  62.5650 217.4573 6914369  40.1239 354.3842  2.00693545 58357
0 COSMOS 1024 DEB
1 48090U 78066J   21312.11442215 -.00000754  00000-0  00000-0 0  9994
2 48090  62.5643 217.3998 6914720  40.1267 354.3850  2.00692788 58369
0 COSMOS 1024 DEB
1 48090U 78066J   21312.61269135 -.00000762  00000-0  00000-0 0  9996
2 48090  62.5636 217.3424 6915074  40.1295 354.3848  2.00692028 58374
0 COSMOS 1024 DEB
1 48090U 78066J   21312.61269135 -.00000762  00000-0  00000+0 0  9995
2 48090  62.5636 217.3424 6915074  40.1295 354.3848  2.00692028 58374
0 COSMOS 1024 DEB
1 48090U 78066J   21313.11096112 -.00000772  00000-0  00000-0 0  9996
2 48090  62.5629 217.2849 6915430  40.1324 354.3836  2.00691264 58384
0 COSMOS 1024 DEB
1 48090U 78066J   21313.60923139 -.00000782  00000-0  00000-0 0  9999
2 48090  62.5605 217.2269 6915937  40.1363 354.3819  2.00690615 58390
0 COSMOS 1024 DEB
1 48090U 78066J   21315.10405522 -.00000816  00000-0  00000+0 0  9994
2 48090  62.5618 217.0553 6916725  40.1429 354.3738  2.00688102 58429
0 COSMOS 1024 DEB
1 48090U 78066J   21315.10405546 -.00000816  00000-0  00000-0 0  9991
2 48090  62.5618 217.0552 6916732  40.1429 354.3738  2.00688110 58425
0 COSMOS 1024 DEB
1 48090U 78066J   21316.10061409 -.00000834  00000-0  00000-0 0  9998
2 48090  62.5606 216.9401 6917445  40.1488 354.3701  2.00686595 58447
0 COSMOS 1024 DEB
1 48090U 78066J   21317.09718378 -.00000844  00000-0  00000-0 0  9992
2 48090  62.5594 216.8249 6918156  40.1545 354.3696  2.00685104 58466
0 COSMOS 1024 DEB
1 48090U 78066J   21318.09376679 -.00000844  00000-0  00000-0 0  9997
2 48090  62.5583 216.7097 6918870  40.1603 354.3733  2.00683624 58481
0 COSMOS 1024 DEB
1 48090U 78066J   21318.09376679 -.00000844  00000-0  00000+0 0  9996
2 48090  62.5583 216.7097 6918870  40.1603 354.3733  2.00683624 58481
0 COSMOS 1024 DEB
1 48090U 78066J   21319.09036222 -.00000834  00000-0  00000-0 0  9994
2 48090  62.5572 216.5944 6919557  40.1661 354.3811  2.00682148 58505
0 COSMOS 1024 DEB
1 48090U 78066J   21320.08697176 -.00000816  00000-0  00000-0 0  9996
2 48090  62.5572 216.4790 6920311  40.1717 354.3925  2.00680653 58522
0 COSMOS 1024 DEB
1 48090U 78066J   21320.58528049 -.00000806  00000-0  00000-0 0  9992
2 48090  62.5565 216.4212 6920654  40.1747 354.3989  2.00679899 58537
0 COSMOS 1024 DEB
1 48090U 78066J   21320.58528049 -.00000806  00000-0  00000+0 0  9991
2 48090  62.5565 216.4212 6920654  40.1747 354.3989  2.00679899 58537
0 COSMOS 1024 DEB
1 48090U 78066J   21321.58190724 -.00000784  00000-0  00000-0 0  9993
2 48090  62.5549 216.3056 6921345  40.1810 354.4125  2.00678336 58553
0 COSMOS 1024 DEB
1 48090U 78066J   21322.08022047 -.00000774  00000-0  00000-0 0  9990
2 48090  62.5544 216.2479 6921706  40.1837 354.4194  2.00677592 58566
0 COSMOS 1024 DEB
1 48090U 78066J   21324.07349511 -.00000743  00000-0  00000-0 0  9995
2 48090  62.5512 216.0165 6923087  40.1956 354.4432  2.00674561 58600
0 COSMOS 1024 DEB
1 48090U 78066J   21324.07349511 -.00000743  00000-0  00000+0 0  9994
2 48090  62.5512 216.0165 6923087  40.1956 354.4432  2.00674561 58600
0 COSMOS 1024 DEB
1 48090U 78066J   21325.07013948 -.00000736  00000-0  00000-0 0  9990
2 48090  62.5494 215.9008 6923870  40.2007 354.4517  2.00673104 58629
0 COSMOS 1024 DEB
1 48090U 78066J   21326.06678561 -.00000735  00000-0  00000-0 0  9997
2 48090  62.5481 215.7853 6924556  40.2061 354.4566  2.00671549 58640
0 COSMOS 1024 DEB
1 48090U 78066J   21327.06343583 -.00000738  00000-0  00000-0 0  9994
2 48090  62.5472 215.6696 6925267  40.2116 354.4584  2.00669960 58661
0 COSMOS 1024 DEB
1 48090U 78066J   21327.06343583 -.00000738  00000-0  00000+0 0  9993
2 48090  62.5472 215.6696 6925267  40.2116 354.4584  2.00669960 58661
0 COSMOS 1024 DEB
1 48090U 78066J   21329.55507973 -.00000748  00000-0  00000-0 0  9996
2 48090  62.5446 215.3805 6926795  40.2266 354.4526  2.00665899 58713
0 COSMOS 1024 DEB
1 48090U 78066J   21329.55507973 -.00000748  00000-0  00000+0 0  9995
2 48090  62.5446 215.3805 6926795  40.2266 354.4526  2.00665899 58713
0 COSMOS 1024 DEB
1 48090U 78066J   21330.05341449 -.00000750  00000-0  00000-0 0  9990
2 48090  62.5444 215.3229 6927136  40.2287 354.4513  2.00665131 58720
0 COSMOS 1024 DEB
1 48090U 78066J   21334.04018787 -.00000724  00000-0  00000-0 0  9990
2 48090  62.5408 214.8597 6929923  40.2521 354.4611  2.00658874 58803
0 COSMOS 1024 DEB
1 48090U 78066J   21334.04018787 -.00000724  00000-0  00000+0 0  9999
2 48090  62.5408 214.8597 6929923  40.2521 354.4611  2.00658874 58803
0 COSMOS 1024 DEB
1 48090U 78066J   21335.03691414 -.00000710  00000-0  00000-0 0  9999
2 48090  62.5382 214.7432 6930727  40.2600 354.4710  2.00657319 58828
0 COSMOS 1024 DEB
1 48090U 78066J   21337.03038278 -.00000686  00000-0  00000-0 0  9996
2 48090  62.5377 214.5117 6932058  40.2703 354.4914  2.00654258 58862
0 COSMOS 1024 DEB
1 48090U 78066J   21337.03038278 -.00000686  00000-0  00000+0 0  9995
2 48090  62.5377 214.5117 6932058  40.2703 354.4914  2.00654258 58862
0 COSMOS 1024 DEB
1 48090U 78066J   21337.52875292 -.00000684  00000-0  00000-0 0  9993
2 48090  62.5366 214.4529 6932414  40.2761 354.4945  2.00653512 58873
0 COSMOS 1024 DEB
1 48090U 78066J   21338.02712053 -.00000683  00000-0  00000-0 0  9993
2 48090  62.5365 214.3958 6932604  40.2771 354.4968  2.00652733 58889
0 COSMOS 1024 DEB
1 48090U 78066J   21339.52223517 -.00000695  00000-0  00000-0 0  9994
2 48090  62.5344 214.2213 6933804  40.2861 354.4973  2.00650519 58912
0 COSMOS 1024 DEB
1 48090U 78066J   21339.52223517 -.00000695  00000-0  00000+0 0  9993
2 48090  62.5344 214.2213 6933804  40.2861 354.4973  2.00650519 58912
0 COSMOS 1024 DEB
1 48090U 78066J   21346.99801813 -.00000750  00000-0  00000+0 0  9995
2 48090  62.5264 213.3470 6939177  40.3350 354.4763  2.00639574 59063
0 COSMOS 1024 DEB
1 48090U 78066J   21347.49642600 -.00000739  00000-0  00000-0 0  9996
2 48090  62.5261 213.2889 6939531  40.3380 354.4809  2.00638819 59073
0 COSMOS 1024 DEB
1 48090U 78066J   21348.49325204 -.00000716  00000-0  00000-0 0  9990
2 48090  62.5248 213.1718 6940277  40.3453 354.4909  2.00637460 59092
0 COSMOS 1024 DEB
1 48090U 78066J   21349.49008592 -.00000694  00000-0  00000-0 0  9994
2 48090  62.5248 213.0557 6940977  40.3512 354.5009  2.00635928 59117
0 COSMOS 1024 DEB
1 48090U 78066J   21349.49008592 -.00000694  00000-0  00000+0 0  9993
2 48090  62.5248 213.0557 6940977  40.3512 354.5009  2.00635928 59117
0 COSMOS 1024 DEB
1 48090U 78066J   21350.48692231 -.00000677  00000-0  00000-0 0  9995
2 48090  62.5239 212.9388 6941682  40.3578 354.5094  2.00634466 59135
0 COSMOS 1024 DEB
1 48090U 78066J   21351.48376262 -.00000666  00000-0  00000-0 0  9997
2 48090  62.5229 212.8218 6942380  40.3644 354.5153  2.00632977 59158
0 COSMOS 1024 DEB
1 48090U 78066J   21351.98218393 -.00000663  00000-0  00000-0 0  9999
2 48090  62.5224 212.7632 6942723  40.3680 354.5170  2.00632273 59162
0 COSMOS 1024 DEB
1 48090U 78066J   21351.98218393 -.00000663  00000-0  00000+0 0  9998
2 48090  62.5224 212.7632 6942723  40.3680 354.5170  2.00632273 59162
0 COSMOS 1024 DEB
1 48090U 78066J   21353.47745175 -.00000663  00000-0  00000-0 0  9998
2 48090  62.5211 212.5878 6943755  40.3777 354.5171  2.00629950 59193
0 COSMOS 1024 DEB
1 48090U 78066J   21355.47115499 -.00000671  00000-0  00000-0 0  9999
2 48090  62.5195 212.3539 6945129  40.3910 354.5070  2.00626864 59236
0 COSMOS 1024 DEB
1 48090U 78066J   21355.47115499 -.00000671  00000-0  00000+0 0  9998
2 48090  62.5195 212.3539 6945129  40.3910 354.5070  2.00626864 59236
0 COSMOS 1024 DEB
1 48090U 78066J   21356.46801474 -.00000675  00000-0  00000-0 0  9998
2 48090  62.5185 212.2369 6945829  40.3980 354.4995  2.00625335 59258
0 COSMOS 1024 DEB
1 48090U 78066J   21357.46488200 -.00000677  00000-0  00000-0 0  9999
2 48090  62.5178 212.1201 6946515  40.4047 354.4922  2.00623773 59278
0 COSMOS 1024 DEB
1 48090U 78066J   21358.46175915 -.00000675  00000-0  00000-0 0  9994
2 48090  62.5169 212.0029 6947223  40.4118 354.4865  2.00622240 59297
0 COSMOS 1024 DEB
1 48090U 78066J   21358.46175915 -.00000675  00000-0  00000+0 0  9993
2 48090  62.5169 212.0029 6947223  40.4118 354.4865  2.00622240 59297
0 COSMOS 1024 DEB
1 48090U 78066J   21359.45864788 -.00000669  00000-0  00000-0 0  9990
2 48090  62.5161 211.8857 6947931  40.4189 354.4836  2.00620714 59314
0 COSMOS 1024 DEB
1 48090U 78066J   21360.45554904 -.00000658  00000-0  00000-0 0  9996
2 48090  62.5151 211.7685 6948650  40.4263 354.4843  2.00619207 59338
0 COSMOS 1024 DEB
1 48090U 78066J   21361.45246261 -.00000645  00000-0  00000-0 0  9997
2 48090  62.5141 211.6512 6949375  40.4338 354.4882  2.00617714 59359
0 COSMOS 1024 DEB
1 48090U 78066J   21361.45246261 -.00000645  00000-0  00000+0 0  9996
2 48090  62.5141 211.6512 6949375  40.4338 354.4882  2.00617714 59359
0 COSMOS 1024 DEB
1 48090U 78066J   21362.44938652 -.00000630  00000-0  00000-0 0  9993
2 48090  62.5133 211.5338 6950098  40.4411 354.4943  2.00616227 59379
0 COSMOS 1024 DEB
1 48090U 78066J   21363.44631767 -.00000617  00000-0  00000-0 0  9996
2 48090  62.5125 211.4165 6950826  40.4484 354.5007  2.00614741 59399
0 COSMOS 1024 DEB
1 48090U 78066J   21365.44019114 -.00000609  00000-0  00000-0 0  9995
2 48090  62.5108 211.1816 6952292  40.4630 354.5052  2.00611786 59433
0 COSMOS 1024 DEB
1 48090U 78066J   21365.44019114 -.00000609  00000-0  00000+0 0  9994
2 48090  62.5108 211.1816 6952292  40.4630 354.5052  2.00611786 59433
0 COSMOS 1024 DEB
1 48090U 78066J   22001.43712905 -.00000618  00000-0  00000-0 0  9990
2 48090  62.5099 211.0640 6953026  40.4704 354.5003  2.00610324 59459
0 COSMOS 1024 DEB
1 48090U 78066J   22002.43406748 -.00000636  00000-0  00000-0 0  9996
2 48090  62.5090 210.9463 6953759  40.4778 354.4905  2.00608876 59476
0 COSMOS 1024 DEB
1 48090U 78066J   22003.43100884 -.00000659  00000-0  00000+0 0  9993
2 48090  62.5080 210.8290 6954486  40.4850 354.4775  2.00607434 59497
0 COSMOS 1024 DEB
1 48090U 78066J   22004.42795622 -.00000683  00000-0  00000-0 0  9991
2 48090  62.5071 210.7114 6955209  40.4924 354.4637  2.00606000 59515
0 COSMOS 1024 DEB
1 48090U 78066J   22005.42491315 -.00000702  00000-0  00000-0 0  9996
2 48090  62.5060 210.5942 6955932  40.4995 354.4516  2.00604576 59535
0 COSMOS 1024 DEB
1 48090U 78066J   22006.42188259 -.00000712  00000-0  00000-0 0  9998
2 48090  62.5051 210.4766 6956656  40.5069 354.4431  2.00603146 59555
0 COSMOS 1024 DEB
1 48090U 78066J   22006.42188259 -.00000712  00000-0  00000+0 0  9997
2 48090  62.5051 210.4766 6956656  40.5069 354.4431  2.00603146 59555
0 COSMOS 1024 DEB
1 48090U 78066J   22007.41886573 -.00000712  00000-0  00000-0 0  9992
2 48090  62.5044 210.3588 6957382  40.5143 354.4392  2.00601717 59578
0 COSMOS 1024 DEB
1 48090U 78066J   22008.41586260 -.00000702  00000-0  00000-0 0  9992
2 48090  62.5037 210.2410 6958112  40.5217 354.4397  2.00600283 59591
0 COSMOS 1024 DEB
1 48090U 78066J   22009.41287179 -.00000684  00000-0  00000-0 0  9999
2 48090  62.5026 210.1231 6958847  40.5293 354.4438  2.00598843 59615
0 COSMOS 1024 DEB
1 48090U 78066J   22009.41287179 -.00000684  00000-0  00000+0 0  9998
2 48090  62.5026 210.1231 6958847  40.5293 354.4438  2.00598843 59615
0 COSMOS 1024 DEB
1 48090U 78066J   22010.40989103 -.00000663  00000-0  00000-0 0  9993
2 48090  62.5015 210.0053 6959584  40.5369 354.4498  2.00597398 59639
0 COSMOS 1024 DEB
1 48090U 78066J   22011.40691793 -.00000643  00000-0  00000-0 0  9997
2 48090  62.5014 209.8875 6960325  40.5442 354.4560  2.00595944 59650
0 COSMOS 1024 DEB
1 48090U 78066J   22012.40395065 -.00000627  00000-0  00000-0 0  9993
2 48090  62.5010 209.7696 6961059  40.5517 354.4609  2.00594463 59675
0 COSMOS 1024 DEB
1 48090U 78066J   22012.40395065 -.00000627  00000-0  00000+0 0  9992
2 48090  62.5010 209.7696 6961059  40.5517 354.4609  2.00594463 59675
0 COSMOS 1024 DEB
1 48090U 78066J   22014.39802371 -.00000616  00000-0  00000-0 0  9994
2 48090  62.5004 209.5324 6962308  40.5887 354.4584  2.00591459 59711
0 COSMOS 1024 DEB
1 48090U 78066J   22014.39802371 -.00000616  00000-0  00000+0 0  9993
2 48090  62.5004 209.5324 6962308  40.5887 354.4584  2.00591459 59711
0 COSMOS 1024 DEB
1 48090U 78066J   22016.39211065 -.00000626  00000-0  00000-0 0  9991
2 48090  62.4969 209.2929 6963747  40.6033 354.4471  2.00588380 59758
0 COSMOS 1024 DEB
1 48090U 78066J   22017.38916031 -.00000634  00000-0  00000-0 0  9995
2 48090  62.4957 209.1733 6964472  40.6105 354.4377  2.00586819 59775
0 COSMOS 1024 DEB
1 48090U 78066J   22017.38916031 -.00000634  00000-0  00000+0 0  9994
2 48090  62.4957 209.1733 6964472  40.6105 354.4377  2.00586819 59775
0 COSMOS 1024 DEB
1 48090U 78066J   22018.38621865 -.00000642  00000-0  00000-0 0  9993
2 48090  62.4974 209.0602 6965371  40.5977 354.4304  2.00585281 59797
0 COSMOS 1024 DEB
1 48090U 78066J   22018.38621865 -.00000642  00000-0  00000+0 0  9992
2 48090  62.4974 209.0602 6965371  40.5977 354.4304  2.00585281 59797
0 COSMOS 1024 DEB
1 48090U 78066J   22021.37744080 -.00000644  00000-0  00000-0 0  9993
2 48090  62.4952 208.7054 6967532  40.6209 354.4051  2.00580582 59855
0 COSMOS 1024 DEB
1 48090U 78066J   22021.37744080 -.00000644  00000-0  00000+0 0  9992
2 48090  62.4952 208.7054 6967532  40.6209 354.4051  2.00580582 59855
0 COSMOS 1024 DEB
1 48090U 78066J   22022.37453841 -.00000637  00000-0  00000-0 0  9998
2 48090  62.4948 208.5858 6968267  40.6295 354.4025  2.00579038 59878
0 COSMOS 1024 DEB
1 48090U 78066J   22023.37164899 -.00000626  00000-0  00000-0 0  9999
2 48090  62.4937 208.4693 6969001  40.6366 354.4039  2.00577500 59897
0 COSMOS 1024 DEB
1 48090U 78066J   22024.36877077 -.00000614  00000-0  00000-0 0  9995
2 48090  62.4929 208.3524 6969747  40.6439 354.4079  2.00575967 59910
0 COSMOS 1024 DEB
1 48090U 78066J   22024.36877077 -.00000614  00000-0  00000+0 0  9994
2 48090  62.4929 208.3524 6969747  40.6439 354.4079  2.00575967 59910
0 COSMOS 1024 DEB
1 48090U 78066J   22028.35731329 -.00000608  00000-0  00000-0 0  9990
2 48090  62.4890 207.8789 6972735  40.6758 354.4095  2.00569917 59993
0 COSMOS 1024 DEB
1 48090U 78066J   22028.35731329 -.00000608  00000-0  00000+0 0  9999
2 48090  62.4890 207.8789 6972735  40.6758 354.4095  2.00569917 59993
0 COSMOS 1024 DEB
1 48090U 78066J   22029.35445264 -.00000628  00000-0  00000-0 0  9993
2 48090  62.4889 207.7594 6973506  40.6843 354.3989  2.00568420 60010
0 COSMOS 1024 DEB
1 48090U 78066J   22030.35159407 -.00000654  00000-0  00000-0 0  9995
2 48090  62.4873 207.6413 6974238  40.6921 354.3846  2.00566940 60031
0 COSMOS 1024 DEB
1 48090U 78066J   22031.34874126 -.00000683  00000-0  00000-0 0  9999
2 48090  62.4863 207.5221 6974976  40.7004 354.3689  2.00565461 60052
0 COSMOS 1024 DEB
1 48090U 78066J   22031.34874126 -.00000683  00000-0  00000+0 0  9998
2 48090  62.4863 207.5221 6974976  40.7004 354.3689  2.00565461 60052
0 COSMOS 1024 DEB
1 48090U 78066J   22032.34589767 -.00000707  00000-0  00000-0 0  9991
2 48090  62.4854 207.4023 6975711  40.7089 354.3547  2.00563990 60072
0 COSMOS 1024 DEB
1 48090U 78066J   22033.34306707 -.00000724  00000-0  00000-0 0  9992
2 48090  62.4841 207.2844 6976441  40.7165 354.3442  2.00562512 60098
0 COSMOS 1024 DEB
1 48090U 78066J   22034.34025045 -.00000730  00000-0  00000-0 0  9993
2 48090  62.4838 207.1634 6977186  40.7257 354.3384  2.00561036 60117
0 COSMOS 1024 DEB
1 48090U 78066J   22034.34025045 -.00000730  00000-0  00000+0 0  9992
2 48090  62.4838 207.1634 6977186  40.7257 354.3384  2.00561036 60117
0 COSMOS 1024 DEB
1 48090U 78066J   22035.33744886 -.00000726  00000-0  00000-0 0  9999
2 48090  62.4826 207.0463 6977925  40.7329 354.3379  2.00559553 60131
0 COSMOS 1024 DEB
1 48090U 78066J   22036.33466065 -.00000713  00000-0  00000-0 0  9996
2 48090  62.4818 206.9279 6978674  40.7407 354.3414  2.00558060 60158
0 COSMOS 1024 DEB
1 48090U 78066J   22037.33188349 -.00000696  00000-0  00000-0 0  9993
2 48090  62.4810 206.8085 6979425  40.7490 354.3473  2.00556559 60179
0 COSMOS 1024 DEB
1 48090U 78066J   22037.33188349 -.00000696  00000-0  00000+0 0  9992
2 48090  62.4810 206.8085 6979425  40.7490 354.3473  2.00556559 60179
0 COSMOS 1024 DEB
1 48090U 78066J   22038.32911509 -.00000679  00000-0  00000-0 0  9996
2 48090  62.4797 206.6901 6980173  40.7568 354.3539  2.00555044 60199
0 COSMOS 1024 DEB
1 48090U 78066J   22040.32359958 -.00000659  00000-0  00000-0 0  9991
2 48090  62.5090 206.5030 6981620  40.7596 354.3649  2.00551969 60236
0 COSMOS 1024 DEB
1 48090U 78066J   22040.32359958 -.00000659  00000-0  00000+0 0  9990
2 48090  62.5090 206.5030 6981620  40.7596 354.3649  2.00551969 60236
0 COSMOS 1024 DEB
1 48090U 78066J   22041.32084661 -.00000660  00000-0  00000-0 0  9990
2 48090  62.5183 206.4015 6982333  40.7637 354.3658  2.00550397 60255
0 COSMOS 1024 DEB
1 48090U 78066J   22041.32084661 -.00000660  00000-0  00000+0 0  9999
2 48090  62.5183 206.4015 6982333  40.7637 354.3658  2.00550397 60255
0 COSMOS 1024 DEB
1 48090U 78066J   22042.31809325 -.00000667  00000-0  00000-0 0  9999
2 48090  62.5058 206.2644 6983054  40.7781 354.3617  2.00548803 60279
0 COSMOS 1024 DEB
1 48090U 78066J   22042.31809325 -.00000667  00000-0  00000+0 0  9998
2 48090  62.5058 206.2644 6983054  40.7781 354.3617  2.00548803 60279
0 COSMOS 1024 DEB
1 48090U 78066J   22043.31534733 -.00000679  00000-0  00000-0 0  9991
2 48090  62.5209 206.1725 6983694  40.7847 354.3557  2.00547185 60296
0 COSMOS 1024 DEB
1 48090U 78066J   22043.31534733 -.00000679  00000-0  00000+0 0  9990
2 48090  62.5209 206.1725 6983694  40.7847 354.3557  2.00547185 60296
0 COSMOS 1024 DEB
1 48090U 78066J   22044.31260282 -.00000692  00000-0  00000-0 0  9992
2 48090  62.5104 206.0376 6984418  40.7970 354.3468  2.00545553 60314
0 COSMOS 1024 DEB
1 48090U 78066J   22044.31260282 -.00000692  00000-0  00000+0 0  9991
2 48090  62.5104 206.0376 6984418  40.7970 354.3468  2.00545553 60314
0 COSMOS 1024 DEB
1 48090U 78066J   22045.30986191 -.00000703  00000-0  00000-0 0  9999
2 48090  62.4718 205.8585 6985283  40.8127 354.3362  2.00543926 60336
0 COSMOS 1024 DEB
1 48090U 78066J   22045.30986191 -.00000703  00000-0  00000+0 0  9998
2 48090  62.4718 205.8585 6985283  40.8127 354.3362  2.00543926 60336
0 COSMOS 1024 DEB
1 48090U 78066J   22045.30986676 -.00000704  00000-0  00000-0 0  9998
2 48090  62.5126 205.9247 6985114  40.8054 354.3373  2.00543909 60331
0 COSMOS 1024 DEB
1 48090U 78066J   22046.30713383 -.00000712  00000-0  00000-0 0  9991
2 48090  62.4715 205.7384 6985995  40.8208 354.3273  2.00542259 60350
0 COSMOS 1024 DEB
1 48090U 78066J   22047.30441629 -.00000717  00000-0  00000-0 0  9998
2 48090  62.4707 205.6190 6986722  40.8291 354.3198  2.00540614 60377
0 COSMOS 1024 DEB
1 48090U 78066J   22048.30171102 -.00000718  00000-0  00000-0 0  9996
2 48090  62.4688 205.5007 6987439  40.8365 354.3155  2.00538973 60399
0 COSMOS 1024 DEB
1 48090U 78066J   22048.30171102 -.00000718  00000-0  00000+0 0  9995
2 48090  62.4688 205.5007 6987439  40.8365 354.3155  2.00538973 60399
0 COSMOS 1024 DEB
1 48090U 78066J   22049.29901895 -.00000713  00000-0  00000-0 0  9990
2 48090  62.4676 205.3817 6988161  40.8445 354.3149  2.00537338 60415
0 COSMOS 1024 DEB
1 48090U 78066J   22049.29901900 -.00000713  00000-0  00000-0 0  9997
2 48090  62.4673 205.3818 6988173  40.8451 354.3147  2.00537364 60410
0 COSMOS 1024 DEB
1 48090U 78066J   22050.29633981 -.00000706  00000-0  00000-0 0  9992
2 48090  62.4662 205.2625 6988901  40.8529 354.3182  2.00535731 60435
0 COSMOS 1024 DEB
1 48090U 78066J   22051.29367307 -.00000696  00000-0  00000-0 0  9997
2 48090  62.4648 205.1435 6989643  40.8611 354.3246  2.00534121 60458
0 COSMOS 1024 DEB
1 48090U 78066J   22051.29367307 -.00000696  00000-0  00000+0 0  9996
2 48090  62.4648 205.1435 6989643  40.8611 354.3246  2.00534121 60458
0 COSMOS 1024 DEB
1 48090U 78066J   22052.29101654 -.00000687  00000-0  00000-0 0  9999
2 48090  62.4632 205.0235 6990423  40.8708 354.3322  2.00532538 60470
0 COSMOS 1024 DEB
1 48090U 78066J   22053.28836623 -.00000681  00000-0  00000-0 0  9994
2 48090  62.4622 204.9040 6991164  40.8785 354.3391  2.00530900 60498
0 COSMOS 1024 DEB
1 48090U 78066J   22053.28836640 -.00000681  00000-0  00000-0 0  9993
2 48090  62.4620 204.9041 6991167  40.8788 354.3390  2.00530932 60497
0 COSMOS 1024 DEB
1 48090U 78066J   22054.28571886 -.00000683  00000-0  00000-0 0  9994
2 48090  62.4622 204.7840 6991800  40.8846 354.3426  2.00529230 60515
0 COSMOS 1024 DEB
1 48090U 78066J   22054.28571886 -.00000683  00000-0  00000+0 0  9993
2 48090  62.4622 204.7840 6991800  40.8846 354.3426  2.00529230 60515
0 COSMOS 1024 DEB
1 48090U 78066J   22054.78439607 -.00000688  00000-0  00000-0 0  9998
2 48090  62.4612 204.7243 6992182  40.8893 354.3425  2.00528459 60529
0 COSMOS 1024 DEB
1 48090U 78066J   22056.28042901 -.00000716  00000-0  00000-0 0  9994
2 48090  62.4596 204.5446 6993280  40.9012 354.3347  2.00525998 60558
0 COSMOS 1024 DEB
1 48090U 78066J   22057.27778831 -.00000744  00000-0  00000-0 0  9993
2 48090  62.4583 204.4251 6994007  40.9095 354.3240  2.00524382 60576
0 COSMOS 1024 DEB
1 48090U 78066J   22057.27778831 -.00000744  00000-0  00000+0 0  9992
2 48090  62.4583 204.4251 6994007  40.9095 354.3240  2.00524382 60576
0 COSMOS 1024 DEB
1 48090U 78066J   22058.27515262 -.00000776  00000-0  00000-0 0  9996
2 48090  62.4568 204.3053 6994742  40.9179 354.3115  2.00522762 60590
0 COSMOS 1024 DEB
1 48090U 78066J   22059.27252677 -.00000805  00000-0  00000-0 0  9998
2 48090  62.4555 204.1853 6995466  40.9262 354.2999  2.00521145 60615
0 COSMOS 1024 DEB
1 48090U 78066J   22060.26991333 -.00000826  00000-0  00000-0 0  9991
2 48090  62.4542 204.0654 6996187  40.9344 354.2919  2.00519538 60638
0 COSMOS 1024 DEB
1 48090U 78066J   22060.26991333 -.00000826  00000-0  00000+0 0  9990
2 48090  62.4542 204.0654 6996187  40.9344 354.2919  2.00519538 60638
0 COSMOS 1024 DEB
1 48090U 78066J   22061.26731527 -.00000838  00000-0  00000-0 0  9992
2 48090  62.4530 203.9456 6996907  40.9425 354.2890  2.00517918 60653
0 COSMOS 1024 DEB
1 48090U 78066J   22061.26731585 -.00000838  00000-0  00000-0 0  9996
2 48090  62.4526 203.9457 6996908  40.9429 354.2888  2.00517963 60651
0 COSMOS 1024 DEB
1 48090U 78066J   22062.26473335 -.00000838  00000-0  00000-0 0  9993
2 48090  62.4518 203.8256 6997624  40.9506 354.2914  2.00516282 60675
0 COSMOS 1024 DEB
1 48090U 78066J   22063.26216551 -.00000828  00000-0  00000-0 0  9998
2 48090  62.4507 203.7057 6998347  40.9586 354.2985  2.00514649 60697
0 COSMOS 1024 DEB
1 48090U 78066J   22063.26216551 -.00000828  00000-0  00000+0 0  9997
2 48090  62.4507 203.7057 6998347  40.9586 354.2985  2.00514649 60697
0 COSMOS 1024 DEB
1 48090U 78066J   22064.25961053 -.00000814  00000-0  00000-0 0  9997
2 48090  62.4495 203.5857 6999075  40.9666 354.3086  2.00512996 60716
0 COSMOS 1024 DEB
1 48090U 78066J   22065.25706554 -.00000798  00000-0  00000-0 0  9992
2 48090  62.4484 203.4656 6999806  40.9747 354.3197  2.00511325 60732
0 COSMOS 1024 DEB
1 48090U 78066J   22066.25452809 -.00000785  00000-0  00000-0 0  9990
2 48090  62.4471 203.3454 7000533  40.9828 354.3301  2.00509637 60756
0 COSMOS 1024 DEB
1 48090U 78066J   22066.25452809 -.00000785  00000-0  00000+0 0  9999
2 48090  62.4471 203.3454 7000533  40.9828 354.3301  2.00509637 60756
0 COSMOS 1024 DEB
1 48090U 78066J   22067.25199613 -.00000779  00000-0  00000-0 0  9995
2 48090  62.4458 203.2251 7001254  40.9908 354.3383  2.00507917 60776
0 COSMOS 1024 DEB
1 48090U 78066J   22068.24946795 -.00000781  00000-0  00000-0 0  9999
2 48090  62.4444 203.1049 7001968  40.9987 354.3434  2.00506183 60797
0 COSMOS 1024 DEB
1 48090U 78066J   22069.24694381 -.00000790  00000-0  00000-0 0  9991
2 48090  62.4430 202.9846 7002673  41.0066 354.3452  2.00504415 60817
0 COSMOS 1024 DEB
1 48090U 78066J   22069.24694381 -.00000790  00000-0  00000+0 0  9990
2 48090  62.4430 202.9846 7002673  41.0066 354.3452  2.00504415 60817
0 COSMOS 1024 DEB
1 48090U 78066J   22070.24442405 -.00000803  00000-0  00000-0 0  9996
2 48090  62.4417 202.8643 7003367  41.0145 354.3439  2.00502618 60835
0 COSMOS 1024 DEB
1 48090U 78066J   22071.24190982 -.00000819  00000-0  00000-0 0  9994
2 48090  62.4404 202.7439 7004059  41.0223 354.3403  2.00500801 60854
0 COSMOS 1024 DEB
1 48090U 78066J   22072.23940269 -.00000833  00000-0  00000-0 0  9991
2 48090  62.4392 202.6236 7004756  41.0302 354.3356  2.00498976 60874
0 COSMOS 1024 DEB
1 48090U 78066J   22072.23940269 -.00000833  00000-0  00000+0 0  9990
2 48090  62.4392 202.6236 7004756  41.0302 354.3356  2.00498976 60874
0 COSMOS 1024 DEB
1 48090U 78066J   22073.23690521 -.00000844  00000-0  00000-0 0  9997
2 48090  62.4381 202.5032 7005457  41.0381 354.3311  2.00497132 60897
0 COSMOS 1024 DEB
1 48090U 78066J   22074.23441924 -.00000850  00000-0  00000-0 0  9996
2 48090  62.4368 202.3827 7006155  41.0461 354.3282  2.00495277 60915
0 COSMOS 1024 DEB
1 48090U 78066J   22075.23194629 -.00000851  00000-0  00000-0 0  9995
2 48090  62.4356 202.2622 7006853  41.0541 354.3283  2.00493426 60935
0 COSMOS 1024 DEB
1 48090U 78066J   22075.23194629 -.00000851  00000-0  00000+0 0  9994
2 48090  62.4356 202.2622 7006853  41.0541 354.3283  2.00493426 60935
0 COSMOS 1024 DEB
1 48090U 78066J   22076.22948773 -.00000847  00000-0  00000-0 0  9997
2 48090  62.4342 202.1416 7007545  41.0622 354.3321  2.00491572 60954
0 COSMOS 1024 DEB
1 48090U 78066J   22077.22704369 -.00000839  00000-0  00000-0 0  9990
2 48090  62.4330 202.0207 7008239  41.0704 354.3400  2.00489719 60970
0 COSMOS 1024 DEB
1 48090U 78066J   22078.22461324 -.00000829  00000-0  00000-0 0  9991
2 48090  62.4317 201.9000 7008935  41.0784 354.3512  2.00487869 60995
0 COSMOS 1024 DEB
1 48090U 78066J   22078.22461324 -.00000829  00000-0  00000+0 0  9990
2 48090  62.4317 201.9000 7008935  41.0784 354.3512  2.00487869 60995
0 COSMOS 1024 DEB
1 48090U 78066J   22079.22219466 -.00000818  00000-0  00000-0 0  9998
2 48090  62.4304 201.7791 7009629  41.0866 354.3641  2.00486003 61014
0 COSMOS 1024 DEB
1 48090U 78066J   22080.21978405 -.00000811  00000-0  00000-0 0  9997
2 48090  62.4289 201.6587 7010327  41.0944 354.3765  2.00484151 61033
0 COSMOS 1024 DEB
1 48090U 78066J   22081.21737902 -.00000811  00000-0  00000-0 0  9993
2 48090  62.4275 201.5379 7011027  41.1024 354.3859  2.00482281 61052
0 COSMOS 1024 DEB
1 48090U 78066J   22081.21737902 -.00000811  00000-0  00000+0 0  9992
2 48090  62.4275 201.5379 7011027  41.1024 354.3859  2.00482281 61052
0 COSMOS 1024 DEB
1 48090U 78066J   22082.21497621 -.00000819  00000-0  00000-0 0  9993
2 48090  62.4262 201.4168 7011730  41.1106 354.3904  2.00480420 61071
0 COSMOS 1024 DEB
1 48090U 78066J   22083.21257502 -.00000838  00000-0  00000-0 0  9997
2 48090  62.4250 201.2954 7012438  41.1188 354.3895  2.00478562 61090
0 COSMOS 1024 DEB
1 48090U 78066J   22084.21017674 -.00000864  00000-0  00000-0 0  9991
2 48090  62.4233 201.1747 7013131  41.1266 354.3839  2.00476700 61111
0 COSMOS 1024 DEB
1 48090U 78066J   22084.21017674 -.00000864  00000-0  00000+0 0  9990
2 48090  62.4233 201.1747 7013131  41.1266 354.3839  2.00476700 61111
0 COSMOS 1024 DEB
1 48090U 78066J   22085.20778413 -.00000895  00000-0  00000-0 0  9990
2 48090  62.4222 201.0530 7013831  41.1349 354.3757  2.00474840 61131
0 COSMOS 1024 DEB
1 48090U 78066J   22086.20540140 -.00000925  00000-0  00000-0 0  9999
2 48090  62.4204 200.9327 7014517  41.1422 354.3679  2.00472979 61153
0 COSMOS 1024 DEB
1 48090U 78066J   22087.20302974 -.00000948  00000-0  00000-0 0  9996
2 48090  62.4178 200.8099 7014962  41.1729 354.3590  2.00471104 61175
0 COSMOS 1024 DEB
1 48090U 78066J   22087.20302974 -.00000948  00000-0  00000+0 0  9995
2 48090  62.4178 200.8099 7014962  41.1729 354.3590  2.00471104 61175
0 COSMOS 1024 DEB
1 48090U 78066J   22088.20067743 -.00000960  00000-0  00000-0 0  9993
2 48090  62.4125 200.6807 7015712  41.1765 354.3600  2.00469217 61192
0 COSMOS 1024 DEB
1 48090U 78066J   22088.20067743 -.00000960  00000-0  00000+0 0  9992
2 48090  62.4125 200.6807 7015712  41.1765 354.3600  2.00469217 61192
0 COSMOS 1024 DEB
1 48090U 78066J   22089.19834342 -.00000961  00000-0  00000-0 0  9990
2 48090  62.4200 200.5749 7016400  41.1811 354.3664  2.00467340 61215
0 COSMOS 1024 DEB
1 48090U 78066J   22089.19834342 -.00000961  00000-0  00000+0 0  9999
2 48090  62.4200 200.5749 7016400  41.1811 354.3664  2.00467340 61215
0 COSMOS 1024 DEB
1 48090U 78066J   22090.19602309 -.00000952  00000-0  00000-0 0  9998
2 48090  62.4083 200.4348 7017087  41.1928 354.3766  2.00465438 61230
0 COSMOS 1024 DEB
1 48090U 78066J   22090.19602309 -.00000952  00000-0  00000+0 0  9997
2 48090  62.4083 200.4348 7017087  41.1928 354.3766  2.00465438 61230
0 COSMOS 1024 DEB
1 48090U 78066J   22091.19371721 -.00000936  00000-0  00000-0 0  9992
2 48090  62.3959 200.2924 7017778  41.2050 354.3901  2.00463513 61258
0 COSMOS 1024 DEB
1 48090U 78066J   22091.19371721 -.00000936  00000-0  00000+0 0  9991
2 48090  62.3959 200.2924 7017778  41.2050 354.3901  2.00463513 61258
0 COSMOS 1024 DEB
1 48090U 78066J   22092.19142562 -.00000918  00000-0  00000+0 0  9991
2 48090  62.4085 200.1973 7018341  41.2184 354.4042  2.00461585 61273
0 COSMOS 1024 DEB
1 48090U 78066J   22093.18914326 -.00000903  00000-0  00000-0 0  9991
2 48090  62.4188 200.0974 7018991  41.2250 354.4189  2.00459642 61297
0 COSMOS 1024 DEB
1 48090U 78066J   22093.18914326 -.00000903  00000-0  00000+0 0  9990
2 48090  62.4188 200.0974 7018991  41.2250 354.4189  2.00459642 61297
0 COSMOS 1024 DEB
1 48090U 78066J   22096.18232813 -.00000900  00000-0  00000-0 0  9995
2 48090  62.4209 199.7420 7021105  41.2425 354.4472  2.00453670 61353
0 COSMOS 1024 DEB
1 48090U 78066J   22096.18232813 -.00000900  00000-0  00000+0 0  9994
2 48090  62.4209 199.7420 7021105  41.2425 354.4472  2.00453670 61353
0 COSMOS 1024 DEB
1 48090U 78066J   22097.18006554 -.00000911  00000-0  00000-0 0  9999
2 48090  62.4127 199.6057 7021809  41.2507 354.4495  2.00451611 61379
0 COSMOS 1024 DEB
1 48090U 78066J   22097.18006554 -.00000911  00000-0  00000+0 0  9998
2 48090  62.4127 199.6057 7021809  41.2507 354.4495  2.00451611 61379
0 COSMOS 1024 DEB
1 48090U 78066J   22098.17781201 -.00000925  00000-0  00000-0 0  9993
2 48090  62.4302 199.5199 7022339  41.2636 354.4480  2.00449545 61391
0 COSMOS 1024 DEB
1 48090U 78066J   22098.17781201 -.00000925  00000-0  00000+0 0  9992
2 48090  62.4302 199.5199 7022339  41.2636 354.4480  2.00449545 61391
0 COSMOS 1024 DEB
1 48090U 78066J   22099.17556776 -.00000938  00000-0  00000-0 0  9995
2 48090  62.4582 199.4549 7022799  41.2787 354.4445  2.00447470 61415
0 COSMOS 1024 DEB
1 48090U 78066J   22099.17556776 -.00000938  00000-0  00000+0 0  9994
2 48090  62.4582 199.4549 7022799  41.2787 354.4445  2.00447470 61415
0 COSMOS 1024 DEB
1 48090U 78066J   22106.16021297 -.00000900  00000-0  00000-0 0  9997
2 48090  62.4470 198.5944 7027565  41.3329 354.4904  2.00432545 61551
0 COSMOS 1024 DEB
1 48090U 78066J   22106.16021297 -.00000900  00000-0  00000+0 0  9996
2 48090  62.4470 198.5944 7027565  41.3329 354.4904  2.00432545 61551
0 COSMOS 1024 DEB
1 48090U 78066J   22107.15807237 -.00000887  00000-0  00000-0 0  9997
2 48090  62.4216 198.4230 7028456  41.3311 354.5077  2.00430350 61573
0 COSMOS 1024 DEB
1 48090U 78066J   22107.15807237 -.00000887  00000-0  00000+0 0  9996
2 48090  62.4216 198.4230 7028456  41.3311 354.5077  2.00430350 61573
0 COSMOS 1024 DEB
1 48090U 78066J   22108.15593948 -.00000879  00000-0  00000-0 0  9990
2 48090  62.3967 198.2496 7029506  41.3185 354.5245  2.00428171 61590
0 COSMOS 1024 DEB
1 48090U 78066J   22108.15593948 -.00000879  00000-0  00000+0 0  9999
2 48090  62.3967 198.2496 7029506  41.3185 354.5245  2.00428171 61590
0 COSMOS 1024 DEB
1 48090U 78066J   22109.15381097 -.00000881  00000-0  00000-0 0  9994
2 48090  62.3952 198.1281 7030183  41.3259 354.5319  2.00426011 61616
0 COSMOS 1024 DEB
1 48090U 78066J   22110.15168514 -.00000893  00000-0  00000-0 0  9996
2 48090  62.3942 198.0050 7030869  41.3343 354.5335  2.00423846 61636
0 COSMOS 1024 DEB
1 48090U 78066J   22111.14956280 -.00000914  00000-0  00000+0 0  9994
2 48090  62.3927 197.8835 7031543  41.3416 354.5298  2.00421681 61653
0 COSMOS 1024 DEB
1 48090U 78066J   22113.14534005 -.00000965  00000-0  00000-0 0  9990
2 48090  62.3914 197.6357 7032917  41.3591 354.5147  2.00417348 61698
0 COSMOS 1024 DEB
1 48090U 78066J   22114.14324798 -.00000986  00000-0  00000-0 0  9990
2 48090  62.3906 197.5122 7033599  41.3675 354.5095  2.00415182 61717
0 COSMOS 1024 DEB
1 48090U 78066J   22114.14324798 -.00000986  00000-0  00000+0 0  9999
2 48090  62.3906 197.5122 7033599  41.3675 354.5095  2.00415182 61717
0 COSMOS 1024 DEB
1 48090U 78066J   22115.14117379 -.00000996  00000-0  00000-0 0  9997
2 48090  62.3895 197.3901 7034267  41.3750 354.5090  2.00413000 61738
0 COSMOS 1024 DEB
1 48090U 78066J   22116.13911856 -.00000994  00000-0  00000-0 0  9997
2 48090  62.3889 197.2666 7034953  41.3834 354.5141  2.00410813 61751
0 COSMOS 1024 DEB
1 48090U 78066J   22117.13708147 -.00000980  00000-0  00000-0 0  9990
2 48090  62.3882 197.1434 7035637  41.3916 354.5244  2.00408622 61778
0 COSMOS 1024 DEB
1 48090U 78066J   22117.13708147 -.00000980  00000-0  00000+0 0  9999
2 48090  62.3882 197.1434 7035637  41.3916 354.5244  2.00408622 61778
0 COSMOS 1024 DEB
1 48090U 78066J   22118.13506054 -.00000960  00000-0  00000-0 0  9992
2 48090  62.3872 197.0208 7036319  41.3994 354.5383  2.00406423 61792
0 COSMOS 1024 DEB
1 48090U 78066J   22119.13305435 -.00000936  00000-0  00000-0 0  9996
2 48090  62.3861 196.8986 7037014  41.4069 354.5538  2.00404190 61811
0 COSMOS 1024 DEB
1 48090U 78066J   22119.63205546 -.00000924  00000-0  00000-0 0  9990
2 48090  62.3854 196.8379 7037327  41.4104 354.5614  2.00403034 61828
0 COSMOS 1024 DEB
1 48090U 78066J   22119.63205546 -.00000924  00000-0  00000+0 0  9999
2 48090  62.3854 196.8379 7037327  41.4104 354.5614  2.00403034 61828
0 COSMOS 1024 DEB
1 48090U 78066J   22120.13105575 -.00000914  00000-0  00000-0 0  9997
2 48090  62.3850 196.7762 7037689  41.4145 354.5686  2.00402008 61835
0 COSMOS 1024 DEB
1 48090U 78066J   22121.62807614 -.00000894  00000-0  00000-0 0  9992
2 48090  62.3837 196.5912 7038685  41.4266 354.5857  2.00398546 61860
0 COSMOS 1024 DEB
1 48090U 78066J   22122.12708345 -.00000891  00000-0  00000-0 0  9996
2 48090  62.3833 196.5295 7039044  41.4307 354.5896  2.00397496 61873
0 COSMOS 1024 DEB
1 48090U 78066J   22122.12708345 -.00000891  00000-0  00000+0 0  9995
2 48090  62.3833 196.5295 7039044  41.4307 354.5896  2.00397496 61873
0 COSMOS 1024 DEB
1 48090U 78066J   22123.62412147 -.00000893  00000-0  00000-0 0  9996
2 48090  62.3820 196.3443 7040031  41.4429 354.5955  2.00393986 61905
0 COSMOS 1024 DEB
1 48090U 78066J   22124.12313536 -.00000896  00000-0  00000-0 0  9997
2 48090  62.3817 196.2825 7040383  41.4469 354.5957  2.00392897 61911
0 COSMOS 1024 DEB
1 48090U 78066J   22124.62215456 -.00000900  00000-0  00000-0 0  9990
2 48090  62.3813 196.2207 7040698  41.4510 354.5951  2.00391649 61926
0 COSMOS 1024 DEB
1 48090U 78066J   22124.62215456 -.00000900  00000-0  00000+0 0  9999
2 48090  62.3813 196.2207 7040698  41.4510 354.5951  2.00391649 61926
0 COSMOS 1024 DEB
1 48090U 78066J   22125.12117253 -.00000905  00000-0  00000-0 0  9997
2 48090  62.3809 196.1590 7041058  41.4551 354.5941  2.00390554 61935
0 COSMOS 1024 DEB
1 48090U 78066J   22128.61438693 -.00000909  00000-0  00000-0 0  9992
2 48090  62.3787 195.7261 7043371  41.4850 354.5843  2.00382294 62004
0 COSMOS 1024 DEB
1 48090U 78066J   22128.61438693 -.00000909  00000-0  00000+0 0  9991
2 48090  62.3787 195.7261 7043371  41.4850 354.5843  2.00382294 62004
0 COSMOS 1024 DEB
1 48090U 78066J   22129.11343117 -.00000904  00000-0  00000-0 0  9999
2 48090  62.3783 195.6644 7043738  41.4886 354.5850  2.00381172 62013
0 COSMOS 1024 DEB
1 48090U 78066J   22129.61248092 -.00000898  00000-0  00000-0 0  9992
2 48090  62.3776 195.6026 7044057  41.4921 354.5864  2.00379939 62028
0 COSMOS 1024 DEB
1 48090U 78066J   22130.11153353 -.00000889  00000-0  00000-0 0  9994
2 48090  62.3773 195.5407 7044421  41.4965 354.5888  2.00378801 62034
0 COSMOS 1024 DEB
1 48090U 78066J   22130.61059171 -.00000880  00000-0  00000-0 0  9993
2 48090  62.3765 195.4787 7044743  41.4995 354.5922  2.00377593 62042
0 COSMOS 1024 DEB
1 48090U 78066J   22131.10965282 -.00000870  00000-0  00000-0 0  9996
2 48090  62.3762 195.4169 7045114  41.5034 354.5966  2.00376456 62057
0 COSMOS 1024 DEB
1 48090U 78066J   22131.10965282 -.00000870  00000-0  00000+0 0  9995
2 48090  62.3762 195.4169 7045114  41.5034 354.5966  2.00376456 62057
0 COSMOS 1024 DEB
1 48090U 78066J   22131.60871868 -.00000858  00000-0  00000-0 0  9993
2 48090  62.3757 195.3549 7045438  41.5071 354.6018  2.00375268 62062
0 COSMOS 1024 DEB
1 48090U 78066J   22132.60686417 -.00000834  00000-0  00000-0 0  9992
2 48090  62.3752 195.2308 7046129  41.5160 354.6139  2.00372875 62083
0 COSMOS 1024 DEB
1 48090U 78066J   22132.60686417 -.00000834  00000-0  00000+0 0  9991
2 48090  62.3752 195.2308 7046129  41.5160 354.6139  2.00372875 62083
0 COSMOS 1024 DEB
1 48090U 78066J   22133.60501884 -.00000810  00000-0  00000-0 0  9991
2 48090  62.3742 195.1068 7046830  41.5233 354.6274  2.00370587 62105
0 COSMOS 1024 DEB
1 48090U 78066J   22134.60318431 -.00000791  00000-0  00000-0 0  9994
2 48090  62.3732 194.9827 7047534  41.5310 354.6396  2.00368269 62123
0 COSMOS 1024 DEB
1 48090U 78066J   22134.60318431 -.00000791  00000-0  00000+0 0  9993
2 48090  62.3732 194.9827 7047534  41.5310 354.6396  2.00368269 62123
0 COSMOS 1024 DEB
1 48090U 78066J   22137.09862058 -.00000775  00000-0  00000-0 0  9991
2 48090  62.3715 194.6721 7049310  41.5519 354.6494  2.00362526 62173
0 COSMOS 1024 DEB
1 48090U 78066J   22137.09862058 -.00000775  00000-0  00000+0 0  9990
2 48090  62.3715 194.6721 7049310  41.5519 354.6494  2.00362526 62173
0 COSMOS 1024 DEB
1 48090U 78066J   22138.09679962 -.00000786  00000-0  00000-0 0  9994
2 48090  62.3711 194.5471 7050002  41.5627 354.6427  2.00360022 62197
0 COSMOS 1024 DEB
1 48090U 78066J   22139.09498615 -.00000802  00000-0  00000-0 0  9998
2 48090  62.3707 194.4230 7050682  41.5717 354.6320  2.00357974 62215
0 COSMOS 1024 DEB
1 48090U 78066J   22139.09498615 -.00000802  00000-0  00000+0 0  9997
2 48090  62.3707 194.4230 7050682  41.5717 354.6320  2.00357974 62215
0 COSMOS 1024 DEB
1 48090U 78066J   22140.59228278 -.00000827  00000-0  00000-0 0  9998
2 48090  62.3691 194.2360 7051713  41.5838 354.6148  2.00354663 62242
0 COSMOS 1024 DEB
1 48090U 78066J   22141.59050099 -.00000836  00000-0  00000-0 0  9993
2 48090  62.3678 194.1114 7052406  41.5910 354.6069  2.00352399 62262
0 COSMOS 1024 DEB
1 48090U 78066J   22141.59050099 -.00000836  00000-0  00000+0 0  9992
2 48090  62.3678 194.1114 7052406  41.5910 354.6069  2.00352399 62262
0 COSMOS 1024 DEB
1 48090U 78066J   22143.58699061 -.00000818  00000-0  00000-0 0  9992
2 48090  62.3675 193.8624 7053821  41.6085 354.6070  2.00348055 62308
0 COSMOS 1024 DEB
1 48090U 78066J   22143.58699061 -.00000818  00000-0  00000+0 0  9991
2 48090  62.3675 193.8624 7053821  41.6085 354.6070  2.00348055 62308
0 COSMOS 1024 DEB
1 48090U 78066J   22144.58526397 -.00000792  00000-0  00000-0 0  9995
2 48090  62.3669 193.7377 7054533  41.6166 354.6149  2.00345893 62322
0 COSMOS 1024 DEB
1 48090U 78066J   22145.58355018 -.00000759  00000-0  00000-0 0  9999
2 48090  62.3662 193.6131 7055247  41.6250 354.6258  2.00343777 62341
0 COSMOS 1024 DEB
1 48090U 78066J   22146.08269866 -.00000742  00000-0  00000-0 0  9992
2 48090  62.3663 193.5507 7055620  41.6302 354.6314  2.00342709 62359
0 COSMOS 1024 DEB
1 48090U 78066J   22146.08269866 -.00000742  00000-0  00000+0 0  9991
2 48090  62.3663 193.5507 7055620  41.6302 354.6314  2.00342709 62359
0 COSMOS 1024 DEB
1 48090U 78066J   22148.07931478 -.00000683  00000-0  00000-0 0  9992
2 48090  62.3652 193.3010 7057051  41.6463 354.6509  2.00338475 62397
0 COSMOS 1024 DEB
1 48090U 78066J   22148.07931478 -.00000683  00000-0  00000+0 0  9991
2 48090  62.3652 193.3010 7057051  41.6463 354.6509  2.00338475 62397
0 COSMOS 1024 DEB
1 48090U 78066J   22149.07763052 -.00000664  00000-0  00000-0 0  9993
2 48090  62.3655 193.1757 7057781  41.6557 354.6556  2.00336170 62415
0 COSMOS 1024 DEB
1 48090U 78066J   22150.07595156 -.00000654  00000-0  00000-0 0  9992
2 48090  62.3651 193.0511 7058461  41.6646 354.6561  2.00334305 62439
0 COSMOS 1024 DEB
1 48090U 78066J   22150.07595156 -.00000654  00000-0  00000+0 0  9991
2 48090  62.3651 193.0511 7058461  41.6646 354.6561  2.00334305 62439
0 COSMOS 1024 DEB
1 48090U 78066J   22152.07261062 -.00000648  00000-0  00000+0 0  9992
2 48090  62.3653 192.8012 7059854  41.6827 354.6463  2.00330148 62478
0 COSMOS 1024 DEB
1 48090U 78066J   22152.57178095 -.00000647  00000-0  00000-0 0  9990
2 48090  62.3652 192.7387 7060178  41.6872 354.6423  2.00329087 62489
0 COSMOS 1024 DEB
1 48090U 78066J   22153.57012481 -.00000643  00000-0  00000-0 0  9993
2 48090  62.3650 192.6135 7060875  41.6959 354.6338  2.00327066 62500
0 COSMOS 1024 DEB
1 48090U 78066J   22154.06929899 -.00000640  00000-0  00000-0 0  9995
2 48090  62.3648 192.5510 7061238  41.6999 354.6297  2.00326091 62513
0 COSMOS 1024 DEB
1 48090U 78066J   22155.06766041 -.00000627  00000-0  00000+0 0  9998
2 48090  62.3647 192.4258 7061937  41.7088 354.6223  2.00324082 62535
0 COSMOS 1024 DEB
1 48090U 78066J   22155.56684721 -.00000618  00000-0  00000-0 0  9998
2 48090  62.3645 192.3631 7062273  41.7132 354.6195  2.00323076 62542
0 COSMOS 1024 DEB
1 48090U 78066J   22156.56522837 -.00000596  00000-0  00000-0 0  9993
2 48090  62.3645 192.2379 7062977  41.7221 354.6163  2.00321141 62568
0 COSMOS 1024 DEB
1 48090U 78066J   22157.56362463 -.00000566  00000-0  00000-0 0  9998
2 48090  62.3640 192.1124 7063698  41.7306 354.6170  2.00319214 62583
0 COSMOS 1024 DEB
1 48090U 78066J   22157.56362463 -.00000566  00000-0  00000+0 0  9997
2 48090  62.3640 192.1124 7063698  41.7306 354.6170  2.00319214 62583
0 COSMOS 1024 DEB
1 48090U 78066J   22158.06282673 -.00000550  00000-0  00000-0 0  9991
2 48090  62.3641 192.0498 7064052  41.7351 354.6188  2.00318321 62590
0 COSMOS 1024 DEB
1 48090U 78066J   22159.56045914 -.00000495  00000-0  00000-0 0  9990
2 48090  62.3636 191.8615 7065122  41.7483 354.6291  2.00315558 62625
0 COSMOS 1024 DEB
1 48090U 78066J   22160.05967441 -.00000477  00000-0  00000+0 0  9993
2 48090  62.3632 191.7987 7065498  41.7521 354.6337  2.00314680 62638
0 COSMOS 1024 DEB
1 48090U 78066J   22160.55889461 -.00000459  00000-0  00000-0 0  9994
2 48090  62.3629 191.7358 7065852  41.7565 354.6382  2.00313759 62645
0 COSMOS 1024 DEB
1 48090U 78066J   22161.55733658 -.00000425  00000-0  00000-0 0  9994
2 48090  62.3626 191.6101 7066585  41.7652 354.6462  2.00312031 62661
0 COSMOS 1024 DEB
1 48090U 78066J   22162.55578201 -.00000398  00000-0  00000-0 0  9995
2 48090  62.3626 191.4846 7067311  41.7746 354.6507  2.00310326 62684
0 COSMOS 1024 DEB
1 48090U 78066J   22162.55578201 -.00000398  00000-0  00000+0 0  9994
2 48090  62.3626 191.4846 7067311  41.7746 354.6507  2.00310326 62684
0 COSMOS 1024 DEB
1 48090U 78066J   22164.05345136 -.00000374  00000-0  00000-0 0  9995
2 48090  62.3620 191.2959 7068410  41.7876 354.6471  2.00307888 62719
0 COSMOS 1024 DEB
1 48090U 78066J   22166.05034364 -.00000374  00000-0  00000+0 0  9994
2 48090  62.3619 191.0443 7069871  41.8061 354.6219  2.00304837 62757
0 COSMOS 1024 DEB
1 48090U 78066J   22166.54956837 -.00000377  00000-0  00000-0 0  9990
2 48090  62.3618 190.9814 7070241  41.8105 354.6135  2.00304135 62767
0 COSMOS 1024 DEB
1 48090U 78066J   22170.04421706 -.00000357  00000-0  00000-0 0  9990
2 48090  62.3611 190.5405 7072807  41.8413 354.5729  2.00299418 62837
0 COSMOS 1024 DEB
1 48090U 78066J   22171.54197638 -.00000306  00000-0  00000-0 0  9994
2 48090  62.3609 190.3510 7073905  41.8551 354.5754  2.00297596 62868
0 COSMOS 1024 DEB
1 48090U 78066J   22172.54049710 -.00000262  00000-0  00000+0 0  9992
2 48090  62.3609 190.2249 7074652  41.8643 354.5819  2.00296459 62889
0 COSMOS 1024 DEB
1 48090U 78066J   22173.03976004 -.00000239  00000-0  00000-0 0  9997
2 48090  62.3609 190.1618 7075037  41.8688 354.5858  2.00295932 62894
0 COSMOS 1024 DEB
1 48090U 78066J   22174.53755668 -.00000173  00000-0  00000-0 0  9991
2 48090  62.3608 189.9725 7076152  41.8823 354.5959  2.00294357 62924
0 COSMOS 1024 DEB
1 48090U 78066J   22175.03682262 -.00000155  00000-0  00000+0 0  9995
2 48090  62.3608 189.9093 7076529  41.8869 354.5980  2.00293872 62936
0 COSMOS 1024 DEB
1 48090U 78066J   22175.53608830 -.00000138  00000-0  00000-0 0  9991
2 48090  62.3610 189.8462 7076887  41.8917 354.5991  2.00293353 62946
0 COSMOS 1024 DEB
1 48090U 78066J   22175.53608872 -.00000138  00000-0  00000-0 0  9997
2 48090  62.3607 189.8462 7076890  41.8914 354.5991  2.00293383 62946
0 COSMOS 1024 DEB
1 48090U 78066J   22177.53314983 -.00000093  00000-0  00000-0 0  9996
2 48090  62.3608 189.5937 7078342  41.9096 354.5933  2.00291576 62989
0 COSMOS 1024 DEB
1 48090U 78066J   22177.53314983 -.00000093  00000-0  00000+0 0  9995
2 48090  62.3608 189.5937 7078342  41.9096 354.5933  2.00291576 62989
0 COSMOS 1024 DEB
1 48090U 78066J   22178.53167869 -.00000081  00000-0  00000-0 0  9993
2 48090  62.3609 189.4674 7079062  41.9183 354.5847  2.00290692 63000
0 COSMOS 1024 DEB
1 48090U 78066J   22178.53167914 -.00000081  00000-0  00000-0 0  9994
2 48090  62.3608 189.4674 7079059  41.9185 354.5847  2.00290734 63004
0 COSMOS 1024 DEB
1 48090U 78066J   22179.53020890 -.00000070  00000-0  00000-0 0  9994
2 48090  62.3610 189.3413 7079777  41.9272 354.5737  2.00289948 63026
0 COSMOS 1024 DEB
1 48090U 78066J   22180.52874052 -.00000057  00000-0  00000-0 0  9997
2 48090  62.3610 189.2149 7080490  41.9360 354.5616  2.00289185 63044
0 COSMOS 1024 DEB
1 48090U 78066J   22180.52874106 -.00000057  00000-0  00000-0 0  9997
2 48090  62.3611 189.2150 7080493  41.9361 354.5616  2.00289215 63045
0 COSMOS 1024 DEB
1 48090U 78066J   22181.52727751 -.00000039  00000-0  00000-0 0  9991
2 48090  62.3611 189.0886 7081210  41.9450 354.5501  2.00288544 63065
0 COSMOS 1024 DEB
1 48090U 78066J   22182.52582020 -.00000014  00000-0  00000-0 0  9993
2 48090  62.3611 188.9621 7081924  41.9540 354.5405  2.00287929 63083
0 COSMOS 1024 DEB
1 48090U 78066J   22183.52436948  .00000019  00000-0  00000-0 0  9995
2 48090  62.3610 188.8354 7082638  41.9630 354.5341  2.00287366 63104
0 COSMOS 1024 DEB
1 48090U 78066J   22184.52292755  .00000057  00000-0  00000-0 0  9994
2 48090  62.3611 188.7089 7083354  41.9722 354.5318  2.00286920 63128
0 COSMOS 1024 DEB
1 48090U 78066J   22185.02220857  .00000079  00000-0  00000-0 0  9998
2 48090  62.3611 188.6456 7083717  41.9767 354.5322  2.00286741 63134
0 COSMOS 1024 DEB
1 48090U 78066J   22186.52006459  .00000148  00000-0  00000-0 0  9991
2 48090  62.3612 188.4556 7084799  41.9904 354.5386  2.00286191 63160
0 COSMOS 1024 DEB
1 48090U 78066J   22187.51864039  .00000194  00000-0  00000-0 0  9998
2 48090  62.3612 188.3288 7085540  41.9996 354.5456  2.00285903 63187
0 COSMOS 1024 DEB
1 48090U 78066J   22187.51864039  .00000194  00000-0  00000+0 0  9997
2 48090  62.3612 188.3288 7085540  41.9996 354.5456  2.00285903 63187
0 COSMOS 1024 DEB
1 48090U 78066J   22188.51721726  .00000237  00000-0  00000-0 0  9992
2 48090  62.3613 188.2021 7086274  42.0088 354.5522  2.00285717 63201
0 COSMOS 1024 DEB
1 48090U 78066J   22189.51579016  .00000274  00000-0  00000-0 0  9997
2 48090  62.3611 188.0750 7087023  42.0181 354.5557  2.00285582 63223
0 COSMOS 1024 DEB
1 48090U 78066J   22189.51579041  .00000274  00000-0  00000-0 0  9995
2 48090  62.3612 188.0752 7087017  42.0181 354.5557  2.00285590 63228
0 COSMOS 1024 DEB
1 48090U 78066J   22190.01507486  .00000289  00000-0  00000+0 0  9991
2 48090  62.3612 188.0117 7087383  42.0227 354.5557  2.00285549 63235
0 COSMOS 1024 DEB
1 48090U 78066J   22190.51435743  .00000302  00000-0  00000-0 0  9999
2 48090  62.3610 187.9480 7087770  42.0273 354.5542  2.00285507 63244
0 COSMOS 1024 DEB
1 48090U 78066J   22190.51435766  .00000302  00000-0  00000-0 0  9994
2 48090  62.3611 187.9482 7087761  42.0273 354.5542  2.00285513 63244
0 COSMOS 1024 DEB
1 48090U 78066J   22191.51291478  .00000319  00000-0  00000-0 0  9993
2 48090  62.3610 187.8212 7088502  42.0365 354.5464  2.00285561 63267
0 COSMOS 1024 DEB
1 48090U 78066J   22192.01218974  .00000324  00000-0  00000-0 0  9995
2 48090  62.3609 187.7576 7088864  42.0412 354.5402  2.00285626 63276
0 COSMOS 1024 DEB
1 48090U 78066J   22193.01073577  .00000327  00000-0  00000-0 0  9997
2 48090  62.3607 187.6306 7089599  42.0504 354.5243  2.00285762 63298
0 COSMOS 1024 DEB
1 48090U 78066J   22193.01073577  .00000327  00000-0  00000+0 0  9996
2 48090  62.3607 187.6306 7089599  42.0504 354.5243  2.00285762 63298
0 COSMOS 1024 DEB
1 48090U 78066J   22194.50854925  .00000327  00000-0  00000-0 0  9996
2 48090  62.3605 187.4399 7090702  42.0642 354.4970  2.00286072 63322
0 COSMOS 1024 DEB
1 48090U 78066J   22195.50709218  .00000332  00000-0  00000-0 0  9997
2 48090  62.3603 187.3126 7091429  42.0734 354.4812  2.00286411 63340
0 COSMOS 1024 DEB
1 48090U 78066J   22195.50709218  .00000332  00000-0  00000+0 0  9996
2 48090  62.3603 187.3126 7091429  42.0734 354.4812  2.00286411 63340
0 COSMOS 1024 DEB
1 48090U 78066J   22196.50564097  .00000346  00000-0  00000-0 0  9997
2 48090  62.3603 187.1853 7092158  42.0825 354.4707  2.00286814 63368
0 COSMOS 1024 DEB
1 48090U 78066J   22197.50419624  .00000373  00000-0  00000-0 0  9993
2 48090  62.3598 187.0578 7092878  42.0918 354.4665  2.00287299 63389
0 COSMOS 1024 DEB
1 48090U 78066J   22198.00347664  .00000391  00000-0  00000+0 0  9992
2 48090  62.3598 186.9941 7093240  42.0964 354.4668  2.00287558 63398
0 COSMOS 1024 DEB
1 48090U 78066J   22198.50275800  .00000411  00000-0  00000-0 0  9993
2 48090  62.3598 186.9305 7093612  42.1010 354.4684  2.00287840 63402
0 COSMOS 1024 DEB
1 48090U 78066J   22199.50132456  .00000456  00000-0  00000-0 0  9992
2 48090  62.3601 186.8034 7094370  42.1102 354.4745  2.00288456 63423
0 COSMOS 1024 DEB
1 48090U 78066J   22200.49988902  .00000504  00000-0  00000+0 0  9991
2 48090  62.3602 186.6762 7095110  42.1193 354.4824  2.00289098 63446
0 COSMOS 1024 DEB
1 48090U 78066J   22201.49845032  .00000549  00000-0  00000-0 0  9998
2 48090  62.3603 186.5489 7095865  42.1286 354.4893  2.00289811 63463
0 COSMOS 1024 DEB
1 48090U 78066J   22202.99627672  .00000601  00000-0  00000-0 0  9991
2 48090  62.3603 186.3578 7096967  42.1425 354.4939  2.00290980 63492
0 COSMOS 1024 DEB
1 48090U 78066J   22202.99627672  .00000601  00000-0  00000+0 0  9990
2 48090  62.3603 186.3578 7096967  42.1425 354.4939  2.00290980 63492
0 COSMOS 1024 DEB
1 48090U 78066J   22203.49554736  .00000613  00000-0  00000-0 0  9990
2 48090  62.3603 186.2941 7097335  42.1471 354.4934  2.00291399 63508
0 COSMOS 1024 DEB
1 48090U 78066J   22204.49408064  .00000631  00000-0  00000-0 0  9993
2 48090  62.3602 186.1665 7098053  42.1563 354.4892  2.00292306 63523
0 COSMOS 1024 DEB
1 48090U 78066J   22205.49260429  .00000642  00000-0  00000-0 0  9997
2 48090  62.3603 186.0392 7098764  42.1653 354.4814  2.00293215 63545
0 COSMOS 1024 DEB
1 48090U 78066J   22205.49260429  .00000642  00000-0  00000+0 0  9996
2 48090  62.3603 186.0392 7098764  42.1653 354.4814  2.00293215 63545
0 COSMOS 1024 DEB
1 48090U 78066J   22206.49111970  .00000649  00000-0  00000-0 0  9991
2 48090  62.3606 185.9118 7099470  42.1743 354.4712  2.00294179 63566
0 COSMOS 1024 DEB
1 48090U 78066J   22207.48962936  .00000657  00000-0  00000-0 0  9996
2 48090  62.3606 185.7844 7100171  42.1834 354.4600  2.00295180 63583
0 COSMOS 1024 DEB
1 48090U 78066J   22208.48813505  .00000671  00000-0  00000-0 0  9990
2 48090  62.3608 185.6570 7100874  42.1925 354.4495  2.00296232 63605
0 COSMOS 1024 DEB
1 48090U 78066J   22208.48813505  .00000671  00000-0  00000+0 0  9999
2 48090  62.3608 185.6570 7100874  42.1925 354.4495  2.00296232 63605
0 COSMOS 1024 DEB
1 48090U 78066J   22208.98738629  .00000680  00000-0  00000-0 0  9998
2 48090  62.3609 185.5932 7101226  42.1970 354.4450  2.00296771 63619
0 COSMOS 1024 DEB
1 48090U 78066J   22209.48663767  .00000690  00000-0  00000-0 0  9995
2 48090  62.3608 185.5294 7101572  42.2017 354.4411  2.00297363 63622
0 COSMOS 1024 DEB
1 48090U 78066J   22210.98439083  .00000734  00000-0  00000-0 0  9993
2 48090  62.3608 185.3380 7102614  42.2155 354.4354  2.00299107 63654
0 COSMOS 1024 DEB
1 48090U 78066J   22210.98439083  .00000734  00000-0  00000+0 0  9992
2 48090  62.3608 185.3380 7102614  42.2155 354.4354  2.00299107 63654
0 COSMOS 1024 DEB
1 48090U 78066J   22211.98289226  .00000771  00000-0  00000-0 0  9997
2 48090  62.3609 185.2103 7103303  42.2248 354.4368  2.00300370 63678
0 COSMOS 1024 DEB
1 48090U 78066J   22213.48064294  .00000832  00000-0  00000-0 0  9998
2 48090  62.3606 185.0185 7104338  42.2388 354.4465  2.00302376 63707
0 COSMOS 1024 DEB
1 48090U 78066J   22213.48064294  .00000832  00000-0  00000+0 0  9997
2 48090  62.3606 185.0185 7104338  42.2388 354.4465  2.00302376 63707
0 COSMOS 1024 DEB
1 48090U 78066J   22214.47913942  .00000872  00000-0  00000-0 0  9995
2 48090  62.3606 184.8907 7105036  42.2481 354.4562  2.00303753 63726
0 COSMOS 1024 DEB
1 48090U 78066J   22216.47610741  .00000941  00000-0  00000-0 0  9995
2 48090  62.3610 184.6348 7106461  42.2667 354.4732  2.00306670 63761
0 COSMOS 1024 DEB
1 48090U 78066J   22216.47610741  .00000941  00000-0  00000+0 0  9994
2 48090  62.3610 184.6348 7106461  42.2667 354.4732  2.00306670 63761
0 COSMOS 1024 DEB
1 48090U 78066J   22217.47457105  .00000962  00000-0  00000-0 0  9992
2 48090  62.3611 184.5068 7107174  42.2759 354.4757  2.00308206 63780
0 COSMOS 1024 DEB
1 48090U 78066J   22218.47301875  .00000973  00000-0  00000-0 0  9997
2 48090  62.3611 184.3787 7107887  42.2852 354.4722  2.00309815 63803
0 COSMOS 1024 DEB
1 48090U 78066J   22218.97223701  .00000974  00000-0  00000+0 0  9993
2 48090  62.3612 184.3148 7108238  42.2898 354.4681  2.00310617 63813
0 COSMOS 1024 DEB
1 48090U 78066J   22219.47145042  .00000972  00000-0  00000-0 0  9999
2 48090  62.3612 184.2507 7108598  42.2944 354.4626  2.00311461 63820
0 COSMOS 1024 DEB
1 48090U 78066J   22220.46986782  .00000965  00000-0  00000-0 0  9996
2 48090  62.3613 184.1225 7109304  42.3036 354.4487  2.00313156 63846
0 COSMOS 1024 DEB
1 48090U 78066J   22223.96427199  .00000952  00000-0  00000+0 0  9991
2 48090  62.3618 183.6739 7111753  42.3356 354.4107  2.00319538 63918
0 COSMOS 1024 DEB
1 48090U 78066J   22224.46347189  .00000960  00000-0  00000-0 0  9997
2 48090  62.3622 183.6098 7112110  42.3402 354.4109  2.00320527 63924
0 COSMOS 1024 DEB
1 48090U 78066J   22225.46187084  .00000984  00000-0  00000-0 0  9990
2 48090  62.3626 183.4816 7112820  42.3493 354.4160  2.00322447 63944
0 COSMOS 1024 DEB
1 48090U 78066J   22225.96106813  .00000999  00000-0  00000-0 0  9992
2 48090  62.3628 183.4175 7113167  42.3537 354.4205  2.00323422 63953
0 COSMOS 1024 DEB
1 48090U 78066J   22226.95946126  .00001034  00000-0  00000-0 0  9992
2 48090  62.3633 183.2893 7113887  42.3628 354.4320  2.00325413 63976
0 COSMOS 1024 DEB
1 48090U 78066J   22226.95946126  .00001034  00000-0  00000+0 0  9991
2 48090  62.3633 183.2893 7113887  42.3628 354.4320  2.00325413 63976
0 COSMOS 1024 DEB
1 48090U 78066J   22229.45539807  .00001109  00000-0  00000-0 0  9997
2 48090  62.3634 182.9683 7115659  42.3860 354.4590  2.00330619 64027
0 COSMOS 1024 DEB
1 48090U 78066J   22229.45539807  .00001109  00000-0  00000+0 0  9996
2 48090  62.3634 182.9683 7115659  42.3860 354.4590  2.00330619 64027
0 COSMOS 1024 DEB
1 48090U 78066J   22230.45374563  .00001124  00000-0  00000-0 0  9992
2 48090  62.3636 182.8397 7116364  42.3952 354.4640  2.00332747 64048
0 COSMOS 1024 DEB
1 48090U 78066J   22230.95291402  .00001127  00000-0  00000-0 0  9990
2 48090  62.3635 182.7755 7116711  42.3997 354.4649  2.00333748 64051
0 COSMOS 1024 DEB
1 48090U 78066J   22232.94954490  .00001120  00000-0  00000-0 0  9997
2 48090  62.3635 182.5183 7118066  42.4177 354.4590  2.00338057 64097
0 COSMOS 1024 DEB
1 48090U 78066J   22232.94954490  .00001120  00000-0  00000+0 0  9996
2 48090  62.3635 182.5183 7118066  42.4177 354.4590  2.00338057 64097
0 COSMOS 1024 DEB
1 48090U 78066J   22233.94783946  .00001111  00000-0  00000-0 0  9994
2 48090  62.3637 182.3897 7118732  42.4267 354.4527  2.00340227 64114
0 COSMOS 1024 DEB
1 48090U 78066J   22235.94439736  .00001105  00000-0  00000-0 0  9994
2 48090  62.3640 182.1326 7120062  42.4447 354.4411  2.00344648 64159
0 COSMOS 1024 DEB
1 48090U 78066J   22235.94439736  .00001105  00000-0  00000+0 0  9993
2 48090  62.3640 182.1326 7120062  42.4447 354.4411  2.00344648 64159
0 COSMOS 1024 DEB
1 48090U 78066J   22236.94266480  .00001113  00000-0  00000-0 0  9998
2 48090  62.3643 182.0040 7120730  42.4537 354.4390  2.00346905 64172
0 COSMOS 1024 DEB
1 48090U 78066J   22237.94092673  .00001129  00000-0  00000-0 0  9997
2 48090  62.3643 181.8753 7121394  42.4628 354.4409  2.00349183 64192
0 COSMOS 1024 DEB
1 48090U 78066J   22238.93918312  .00001151  00000-0  00000-0 0  9999
2 48090  62.3644 181.7464 7122046  42.4720 354.4472  2.00351485 64210
0 COSMOS 1024 DEB
1 48090U 78066J   22239.43830952  .00001164  00000-0  00000-0 0  9992
2 48090  62.3645 181.6820 7122369  42.4766 354.4521  2.00352669 64225
0 COSMOS 1024 DEB
1 48090U 78066J   22240.43655659  .00001191  00000-0  00000-0 0  9993
2 48090  62.3646 181.5531 7123015  42.4857 354.4645  2.00355014 64240
0 COSMOS 1024 DEB
1 48090U 78066J   22241.43479592  .00001218  00000-0  00000-0 0  9994
2 48090  62.3653 181.4241 7123675  42.4948 354.4795  2.00357356 64267
0 COSMOS 1024 DEB
1 48090U 78066J   22241.43479592  .00001218  00000-0  00000+0 0  9993
2 48090  62.3653 181.4241 7123675  42.4948 354.4795  2.00357356 64267
0 COSMOS 1024 DEB
1 48090U 78066J   22241.93391113  .00001231  00000-0  00000-0 0  9996
2 48090  62.3655 181.3597 7124001  42.4994 354.4873  2.00358526 64275
0 COSMOS 1024 DEB
1 48090U 78066J   22243.43123612  .00001261  00000-0  00000-0 0  9993
2 48090  62.3655 181.1660 7124988  42.5133 354.5082  2.00362143 64301
0 COSMOS 1024 DEB
1 48090U 78066J   22243.93033594  .00001267  00000-0  00000-0 0  9993
2 48090  62.3657 181.1015 7125322  42.5178 354.5133  2.00363326 64311
0 COSMOS 1024 DEB
1 48090U 78066J   22243.93033594  .00001267  00000-0  00000+0 0  9992
2 48090  62.3657 181.1015 7125322  42.5178 354.5133  2.00363326 64311
0 COSMOS 1024 DEB
1 48090U 78066J   22245.42760436  .00001269  00000-0  00000-0 0  9993
2 48090  62.3654 180.9077 7126321  42.5318 354.5198  2.00367029 64347
0 COSMOS 1024 DEB
1 48090U 78066J   22246.42575710  .00001257  00000-0  00000-0 0  9990
2 48090  62.3655 180.7784 7126991  42.5409 354.5164  2.00369508 64364
0 COSMOS 1024 DEB
1 48090U 78066J   22246.42575710  .00001257  00000-0  00000+0 0  9999
2 48090  62.3655 180.7784 7126991  42.5409 354.5164  2.00369508 64364
0 COSMOS 1024 DEB
1 48090U 78066J   22247.92295016  .00001225  00000-0  00000-0 0  9999
2 48090  62.3657 180.5844 7127983  42.5547 354.5029  2.00373315 64390
0 COSMOS 1024 DEB
1 48090U 78066J   22248.92106179  .00001201  00000-0  00000+0 0  9994
2 48090  62.3659 180.4551 7128631  42.5637 354.4927  2.00375845 64416
0 COSMOS 1024 DEB
1 48090U 78066J   22249.42011402  .00001190  00000-0  00000-0 0  9992
2 48090  62.3660 180.3904 7128962  42.5684 354.4886  2.00377175 64421
0 COSMOS 1024 DEB
1 48090U 78066J   22249.91916430  .00001182  00000-0  00000-0 0  9992
2 48090  62.3662 180.3258 7129287  42.5728 354.4856  2.00378448 64437
0 COSMOS 1024 DEB
1 48090U 78066J   22251.41631124  .00001173  00000-0  00000-0 0  9994
2 48090  62.3668 180.1318 7130276  42.5865 354.4863  2.00382388 64469
0 COSMOS 1024 DEB
1 48090U 78066J   22251.41631124  .00001173  00000-0  00000+0 0  9993
2 48090  62.3668 180.1318 7130276  42.5865 354.4863  2.00382388 64469
0 COSMOS 1024 DEB
1 48090U 78066J   22251.91535694  .00001176  00000-0  00000-0 0  9997
2 48090  62.3669 180.0671 7130604  42.5910 354.4900  2.00383709 64478
0 COSMOS 1024 DEB
1 48090U 78066J   22252.91344874  .00001190  00000-0  00000-0 0  9992
2 48090  62.3659 179.9371 7131166  42.6029 354.5012  2.00386215 64499
0 COSMOS 1024 DEB
1 48090U 78066J   22253.91153107  .00001212  00000-0  00000-0 0  9995
2 48090  62.3663 179.8076 7131834  42.6121 354.5172  2.00388890 64511
0 COSMOS 1024 DEB
1 48090U 78066J   22253.91153107  .00001212  00000-0  00000+0 0  9994
2 48090  62.3663 179.8076 7131834  42.6121 354.5172  2.00388890 64511
0 COSMOS 1024 DEB
1 48090U 78066J   22254.90960286  .00001235  00000-0  00000-0 0  9994
2 48090  62.3666 179.6781 7132505  42.6214 354.5345  2.00391570 64537
0 COSMOS 1024 DEB
1 48090U 78066J   22258.90171170  .00001251  00000-0  00000+0 0  9991
2 48090  62.3672 179.1588 7135181  42.6580 354.5733  2.00402464 64618
0 COSMOS 1024 DEB
1 48090U 78066J   22259.89969495  .00001233  00000-0  00000-0 0  9996
2 48090  62.3688 179.0300 7135875  42.6641 354.5734  2.00405299 64636
0 COSMOS 1024 DEB
1 48090U 78066J   22260.89765352  .00001212  00000-0  00000-0 0  9991
2 48090  62.3680 178.8992 7136476  42.6753 354.5703  2.00407918 64652
0 COSMOS 1024 DEB
1 48090U 78066J   22261.89560280  .00001194  00000-0  00000-0 0  9994
2 48090  62.3688 178.7695 7137123  42.6838 354.5674  2.00410641 64679
0 COSMOS 1024 DEB
1 48090U 78066J   22261.89560280  .00001194  00000-0  00000+0 0  9993
2 48090  62.3688 178.7695 7137123  42.6838 354.5674  2.00410641 64679
0 COSMOS 1024 DEB
1 48090U 78066J   22266.88520760  .00001219  00000-0  00000-0 0  9995
2 48090  62.3717 178.1201 7140287  42.7279 354.5952  2.00424436 64771
0 COSMOS 1024 DEB
1 48090U 78066J   22266.88520760  .00001219  00000-0  00000+0 0  9994
2 48090  62.3717 178.1201 7140287  42.7279 354.5952  2.00424436 64771
0 COSMOS 1024 DEB
1 48090U 78066J   22271.87453685  .00001287  00000-0  00000-0 0  9996
2 48090  62.3732 177.4687 7143407  42.7747 354.6730  2.00438058 64876
0 COSMOS 1024 DEB
1 48090U 78066J   22271.87453685  .00001287  00000-0  00000+0 0  9995
2 48090  62.3732 177.4687 7143407  42.7747 354.6730  2.00438058 64876
0 COSMOS 1024 DEB
1 48090U 78066J   22272.37344478  .00001284  00000-0  00000-0 0  9998
2 48090  62.3735 177.4030 7143704  42.7799 354.6753  2.00439432 64881
0 COSMOS 1024 DEB
1 48090U 78066J   22272.87234415  .00001277  00000-0  00000-0 0  9994
2 48090  62.3737 177.3378 7144033  42.7845 354.6759  2.00440787 64897
0 COSMOS 1024 DEB
1 48090U 78066J   22273.87013029  .00001257  00000-0  00000-0 0  9999
2 48090  62.3741 177.2071 7144667  42.7939 354.6725  2.00443479 64915
0 COSMOS 1024 DEB
1 48090U 78066J   22274.36901547  .00001245  00000-0  00000-0 0  9992
2 48090  62.3731 177.1418 7145006  42.8006 354.6688  2.00444799 64927
0 COSMOS 1024 DEB
1 48090U 78066J   22274.36901547  .00001245  00000-0  00000+0 0  9991
2 48090  62.3731 177.1418 7145006  42.8006 354.6688  2.00444799 64927
0 COSMOS 1024 DEB
1 48090U 78066J   22275.36677078  .00001216  00000-0  00000-0 0  9990
2 48090  62.3735 177.0111 7145632  42.8100 354.6599  2.00447547 64947
0 COSMOS 1024 DEB
1 48090U 78066J   22276.86338696  .00001177  00000-0  00000-0 0  9992
2 48090  62.3743 176.8151 7146537  42.8240 354.6484  2.00451513 64971
0 COSMOS 1024 DEB
1 48090U 78066J   22276.86338696  .00001177  00000-0  00000+0 0  9991
2 48090  62.3743 176.8151 7146537  42.8240 354.6484  2.00451513 64971
0 COSMOS 1024 DEB
1 48090U 78066J   22277.36225325  .00001168  00000-0  00000-0 0  9992
2 48090  62.3746 176.7497 7146856  42.8289 354.6468  2.00452935 64985
0 COSMOS 1024 DEB
1 48090U 78066J   22279.35771266  .00001163  00000-0  00000-0 0  9998
2 48090  62.3759 176.4881 7148122  42.8478 354.6571  2.00458324 65020
0 COSMOS 1024 DEB
1 48090U 78066J   22279.35771266  .00001163  00000-0  00000+0 0  9997
2 48090  62.3759 176.4881 7148122  42.8478 354.6571  2.00458324 65020
0 COSMOS 1024 DEB
1 48090U 78066J   22279.85657449  .00001169  00000-0  00000-0 0  9995
2 48090  62.3763 176.4227 7148444  42.8525 354.6636  2.00459667 65033
0 COSMOS 1024 DEB
1 48090U 78066J   22280.85429342  .00001187  00000-0  00000-0 0  9996
2 48090  62.3771 176.2918 7149097  42.8618 354.6798  2.00462296 65058
0 COSMOS 1024 DEB
1 48090U 78066J   22281.35314926  .00001197  00000-0  00000-0 0  9994
2 48090  62.3773 176.2263 7149431  42.8666 354.6887  2.00463649 65061
0 COSMOS 1024 DEB
1 48090U 78066J   22281.85200082  .00001208  00000-0  00000+0 0  9998
2 48090  62.3776 176.1609 7149741  42.8715 354.6975  2.00464997 65072
0 COSMOS 1024 DEB
1 48090U 78066J   22283.34853415  .00001231  00000-0  00000-0 0  9995
2 48090  62.3786 175.9642 7150717  42.8863 354.7208  2.00469027 65109
0 COSMOS 1024 DEB
1 48090U 78066J   22284.34619855  .00001234  00000-0  00000-0 0  9997
2 48090  62.3792 175.8329 7151375  42.8959 354.7312  2.00471701 65124
0 COSMOS 1024 DEB
1 48090U 78066J   22284.34619855  .00001234  00000-0  00000+0 0  9996
2 48090  62.3792 175.8329 7151375  42.8959 354.7312  2.00471701 65124
0 COSMOS 1024 DEB
1 48090U 78066J   22285.34384240  .00001227  00000-0  00000-0 0  9997
2 48090  62.3798 175.7016 7152031  42.9054 354.7364  2.00474371 65144
0 COSMOS 1024 DEB
1 48090U 78066J   22286.34146891  .00001211  00000-0  00000-0 0  9999
2 48090  62.3805 175.5703 7152672  42.9147 354.7369  2.00476968 65169
0 COSMOS 1024 DEB
1 48090U 78066J   22287.33907505  .00001189  00000-0  00000-0 0  9990
2 48090  62.3812 175.4390 7153332  42.9237 354.7342  2.00479606 65187
0 COSMOS 1024 DEB
1 48090U 78066J   22287.33907505  .00001189  00000-0  00000+0 0  9999
2 48090  62.3812 175.4390 7153332  42.9237 354.7342  2.00479606 65187
0 COSMOS 1024 DEB
1 48090U 78066J   22288.33666832  .00001167  00000-0  00000-0 0  9992
2 48090  62.3822 175.3078 7153958  42.9328 354.7296  2.00482234 65207
0 COSMOS 1024 DEB
1 48090U 78066J   22289.33424681  .00001149  00000-0  00000-0 0  9997
2 48090  62.3829 175.1765 7154581  42.9424 354.7252  2.00484825 65227
0 COSMOS 1024 DEB
1 48090U 78066J   22289.83303137  .00001143  00000-0  00000+0 0  9997
2 48090  62.3833 175.1109 7154890  42.9471 354.7235  2.00486115 65235
0 COSMOS 1024 DEB
1 48090U 78066J   22290.33181555  .00001140  00000-0  00000-0 0  9990
2 48090  62.3837 175.0452 7155200  42.9520 354.7226  2.00487399 65246
0 COSMOS 1024 DEB
1 48090U 78066J   22291.32937680  .00001140  00000-0  00000-0 0  9998
2 48090  62.3843 174.9138 7155821  42.9618 354.7232  2.00489948 65260
0 COSMOS 1024 DEB
1 48090U 78066J   22292.32692950  .00001150  00000-0  00000-0 0  9998
2 48090  62.3849 174.7823 7156457  42.9716 354.7279  2.00492506 65287
0 COSMOS 1024 DEB
1 48090U 78066J   22292.32692950  .00001150  00000-0  00000+0 0  9997
2 48090  62.3849 174.7823 7156457  42.9716 354.7279  2.00492506 65287
0 COSMOS 1024 DEB
1 48090U 78066J   22293.32447666  .00001167  00000-0  00000-0 0  9999
2 48090  62.3856 174.6506 7157077  42.9816 354.7368  2.00495068 65300
0 COSMOS 1024 DEB
1 48090U 78066J   22295.31954871  .00001212  00000-0  00000-0 0  9992
2 48090  62.3868 174.3872 7158309  43.0018 354.7650  2.00500045 65341
0 COSMOS 1024 DEB
1 48090U 78066J   22295.31954871  .00001212  00000-0  00000+0 0  9991
2 48090  62.3868 174.3872 7158309  43.0018 354.7650  2.00500045 65341
0 COSMOS 1024 DEB
1 48090U 78066J   22295.81830757  .00001223  00000-0  00000-0 0  9995
2 48090  62.3872 174.3213 7158665  43.0064 354.7733  2.00501362 65357
0 COSMOS 1024 DEB
1 48090U 78066J   22297.81331677  .00001256  00000-0  00000-0 0  9990
2 48090  62.3886 174.0576 7159928  43.0267 354.8014  2.00506288 65398
0 COSMOS 1024 DEB
1 48090U 78066J   22297.81331677  .00001256  00000-0  00000+0 0  9999
2 48090  62.3886 174.0576 7159928  43.0267 354.8014  2.00506288 65398
0 COSMOS 1024 DEB
1 48090U 78066J   22299.80824652  .00001255  00000-0  00000-0 0  9990
2 48090  62.3899 173.7935 7161203  43.0471 354.8094  2.00511256 65437
0 COSMOS 1024 DEB
1 48090U 78066J   22300.80567910  .00001239  00000-0  00000-0 0  9996
2 48090  62.3905 173.6614 7161843  43.0574 354.8034  2.00513731 65458
0 COSMOS 1024 DEB
1 48090U 78066J   22300.80567910  .00001239  00000-0  00000+0 0  9995
2 48090  62.3905 173.6614 7161843  43.0574 354.8034  2.00513731 65458
0 COSMOS 1024 DEB
1 48090U 78066J   22300.80567919  .00001239  00000-0  00000-0 0  9995
2 48090  62.3904 173.6613 7161844  43.0575 354.8034  2.00513742 65450
0 COSMOS 1024 DEB
1 48090U 78066J   22301.80309181  .00001215  00000-0  00000-0 0  9995
2 48090  62.3911 173.5292 7162483  43.0677 354.7921  2.00516215 65477
0 COSMOS 1024 DEB
1 48090U 78066J   22303.29918379  .00001176  00000-0  00000-0 0  9991
2 48090  62.3922 173.3308 7163446  43.0831 354.7721  2.00519942 65509
0 COSMOS 1024 DEB
1 48090U 78066J   22304.29656646  .00001156  00000-0  00000-0 0  9996
2 48090  62.3930 173.1987 7164085  43.0934 354.7618  2.00522450 65528
0 COSMOS 1024 DEB
1 48090U 78066J   22304.29656646  .00001156  00000-0  00000+0 0  9995
2 48090  62.3930 173.1987 7164085  43.0934 354.7618  2.00522450 65528
0 COSMOS 1024 DEB
1 48090U 78066J   22305.29394662  .00001147  00000-0  00000-0 0  9994
2 48090  62.3939 173.0665 7164731  43.1038 354.7574  2.00524906 65544
0 COSMOS 1024 DEB
1 48090U 78066J   22306.29132370  .00001151  00000-0  00000-0 0  9996
2 48090  62.3947 172.9342 7165390  43.1143 354.7598  2.00527362 65569
0 COSMOS 1024 DEB
1 48090U 78066J   22310.77941847  .00001234  00000-0  00000-0 0  9993
2 48090  62.3985 172.3382 7168360  43.1621 354.8065  2.00538518 65655
0 COSMOS 1024 DEB
1 48090U 78066J   22310.77941847  .00001234  00000-0  00000+0 0  9992
2 48090  62.3985 172.3382 7168360  43.1621 354.8065  2.00538518 65655
0 COSMOS 1024 DEB
1 48090U 78066J   22314.76854958  .00001189  00000-0  00000-0 0  9991
2 48090  62.4014 171.8070 7170987  43.2051 354.7895  2.00548280 65739
0 COSMOS 1024 DEB
1 48090U 78066J   22314.76854958  .00001189  00000-0  00000+0 0  9990
2 48090  62.4014 171.8070 7170987  43.2051 354.7895  2.00548280 65739
0 COSMOS 1024 DEB
1 48090U 78066J   22315.26717355  .00001178  00000-0  00000-0 0  9994
2 48090  62.4018 171.7406 7171293  43.2104 354.7838  2.00549472 65747
0 COSMOS 1024 DEB
1 48090U 78066J   22315.76579215  .00001169  00000-0  00000-0 0  9990
2 48090  62.4023 171.6744 7171606  43.2157 354.7782  2.00550695 65751
0 COSMOS 1024 DEB
1 48090U 78066J   22316.26441001  .00001161  00000-0  00000-0 0  9999
2 48090  62.4027 171.6079 7171923  43.2211 354.7728  2.00551904 65764
0 COSMOS 1024 DEB
1 48090U 78066J   22316.76302449  .00001155  00000-0  00000-0 0  9999
2 48090  62.4033 171.5415 7172236  43.2265 354.7678  2.00553091 65775
0 COSMOS 1024 DEB
1 48090U 78066J   22317.76024875  .00001150  00000-0  00000-0 0  9999
2 48090  62.4044 171.4087 7172891  43.2371 354.7601  2.00555478 65795
0 COSMOS 1024 DEB
1 48090U 78066J   22317.76024875  .00001150  00000-0  00000+0 0  9998
2 48090  62.4044 171.4087 7172891  43.2371 354.7601  2.00555478 65795
0 COSMOS 1024 DEB
1 48090U 78066J   22318.25885791  .00001152  00000-0  00000-0 0  9998
2 48090  62.4046 171.3421 7173194  43.2429 354.7573  2.00556707 65805
0 COSMOS 1024 DEB
1 48090U 78066J   22319.75467815  .00001172  00000-0  00000-0 0  9999
2 48090  62.4059 171.1428 7174156  43.2593 354.7560  2.00560226 65835
0 COSMOS 1024 DEB
1 48090U 78066J   22320.25328221  .00001182  00000-0  00000-0 0  9994
2 48090  62.4062 171.0762 7174472  43.2649 354.7576  2.00561424 65841
0 COSMOS 1024 DEB
1 48090U 78066J   22320.25328221  .00001182  00000-0  00000+0 0  9993
2 48090  62.4062 171.0762 7174472  43.2649 354.7576  2.00561424 65841
0 COSMOS 1024 DEB
1 48090U 78066J   22320.75188379  .00001194  00000-0  00000-0 0  9990
2 48090  62.4067 171.0097 7174793  43.2703 354.7603  2.00562598 65859
0 COSMOS 1024 DEB
1 48090U 78066J   22321.25048471  .00001207  00000-0  00000-0 0  9999
2 48090  62.4071 170.9431 7175106  43.2760 354.7639  2.00563781 65861
0 COSMOS 1024 DEB
1 48090U 78066J   22321.74908293  .00001221  00000-0  00000-0 0  9996
2 48090  62.4075 170.8766 7175430  43.2815 354.7682  2.00564942 65875
0 COSMOS 1024 DEB
1 48090U 78066J   22322.74627301  .00001247  00000-0  00000-0 0  9993
2 48090  62.4084 170.7434 7176067  43.2929 354.7780  2.00567274 65891
0 COSMOS 1024 DEB
1 48090U 78066J   22322.74627301  .00001247  00000-0  00000+0 0  9992
2 48090  62.4084 170.7434 7176067  43.2929 354.7780  2.00567274 65891
0 COSMOS 1024 DEB
1 48090U 78066J   22324.74061498  .00001288  00000-0  00000-0 0  9999
2 48090  62.4100 170.4769 7177375  43.3155 354.7948  2.00571890 65933
0 COSMOS 1024 DEB
1 48090U 78066J   22326.73488445  .00001295  00000-0  00000-0 0  9993
2 48090  62.4126 170.2104 7178676  43.3380 354.7927  2.00576493 65972
0 COSMOS 1024 DEB
1 48090U 78066J   22326.73488445  .00001295  00000-0  00000+0 0  9992
2 48090  62.4126 170.2104 7178676  43.3380 354.7927  2.00576493 65972
0 COSMOS 1024 DEB
1 48090U 78066J   22327.73198860  .00001284  00000-0  00000-0 0  9991
2 48090  62.4144 170.0768 7179353  43.3493 354.7816  2.00578777 65990
0 COSMOS 1024 DEB
1 48090U 78066J   22328.72907027  .00001264  00000-0  00000-0 0  9992
2 48090  62.4150 169.9431 7180035  43.3605 354.7648  2.00581158 66019
0 COSMOS 1024 DEB
1 48090U 78066J   22330.72319633  .00001217  00000-0  00000-0 0  9993
2 48090  62.4164 169.6759 7181367  43.3833 354.7257  2.00585769 66058
0 COSMOS 1024 DEB
1 48090U 78066J   22330.72319633  .00001217  00000-0  00000+0 0  9992
2 48090  62.4164 169.6759 7181367  43.3833 354.7257  2.00585769 66058
0 COSMOS 1024 DEB
1 48090U 78066J   22331.22172231  .00001208  00000-0  00000-0 0  9990
2 48090  62.4169 169.6092 7181702  43.3889 354.7174  2.00586944 66062
0 COSMOS 1024 DEB
1 48090U 78066J   22331.72024764  .00001202  00000-0  00000-0 0  9996
2 48090  62.4173 169.5425 7182035  43.3945 354.7106  2.00588099 66078
0 COSMOS 1024 DEB
1 48090U 78066J   22332.71729612  .00001198  00000-0  00000-0 0  9994
2 48090  62.4180 169.4089 7182708  43.4059 354.7019  2.00590442 66095
0 COSMOS 1024 DEB
1 48090U 78066J   22333.71434365  .00001207  00000-0  00000-0 0  9994
2 48090  62.4189 169.2753 7183387  43.4174 354.7002  2.00592770 66113
0 COSMOS 1024 DEB
1 48090U 78066J   22333.71434365  .00001207  00000-0  00000+0 0  9993
2 48090  62.4189 169.2753 7183387  43.4174 354.7002  2.00592770 66113
0 COSMOS 1024 DEB
1 48090U 78066J   22334.71138740  .00001226  00000-0  00000-0 0  9994
2 48090  62.4199 169.1416 7184064  43.4291 354.7042  2.00595114 66133
0 COSMOS 1024 DEB
1 48090U 78066J   22335.70842382  .00001250  00000-0  00000-0 0  9995
2 48090  62.4207 169.0079 7184748  43.4407 354.7112  2.00597464 66155
0 COSMOS 1024 DEB
1 48090U 78066J   22337.70245633  .00001289  00000-0  00000-0 0  9995
2 48090  62.4224 168.7403 7186164  43.4636 354.7212  2.00602195 66192
0 COSMOS 1024 DEB
1 48090U 78066J   22337.70245633  .00001289  00000-0  00000+0 0  9994
2 48090  62.4224 168.7403 7186164  43.4636 354.7212  2.00602195 66192
0 COSMOS 1024 DEB
1 48090U 78066J   22338.69944601  .00001294  00000-0  00000-0 0  9991
2 48090  62.4217 168.6064 7186800  43.4758 354.7192  2.00604535 66218
0 COSMOS 1024 DEB
1 48090U 78066J   22340.19489311  .00001279  00000-0  00000-0 0  9994
2 48090  62.4218 168.4046 7187764  43.4947 354.7055  2.00608110 66241
0 COSMOS 1024 DEB
1 48090U 78066J   22340.19489384  .00001279  00000-0  00000-0 0  9994
2 48090  62.4223 168.4045 7187801  43.4941 354.7060  2.00608085 66249
0 COSMOS 1024 DEB
1 48090U 78066J   22340.19489384  .00001279  00000-0  00000+0 0  9993
2 48090  62.4223 168.4045 7187801  43.4941 354.7060  2.00608085 66249
0 COSMOS 1024 DEB
1 48090U 78066J   22341.19183673  .00001259  00000-0  00000-0 0  9995
2 48090  62.4223 168.2704 7188420  43.5065 354.6913  2.00610435 66265
0 COSMOS 1024 DEB
1 48090U 78066J   22341.69030306  .00001247  00000-0  00000-0 0  9991
2 48090  62.4224 168.2033 7188744  43.5124 354.6833  2.00611586 66276
0 COSMOS 1024 DEB
1 48090U 78066J   22342.68722561  .00001226  00000-0  00000-0 0  9999
2 48090  62.4225 168.0690 7189402  43.5239 354.6671  2.00613892 66297
0 COSMOS 1024 DEB
1 48090U 78066J   22342.68722561  .00001226  00000-0  00000+0 0  9998
2 48090  62.4225 168.0690 7189402  43.5239 354.6671  2.00613892 66297
0 COSMOS 1024 DEB
1 48090U 78066J   22344.68104305  .00001203  00000-0  00000-0 0  9996
2 48090  62.4236 167.8006 7190697  43.5475 354.6382  2.00618531 66336
0 COSMOS 1024 DEB
1 48090U 78066J   22348.66860731  .00001270  00000-0  00000-0 0  9994
2 48090  62.4255 167.2628 7193263  43.5952 354.6283  2.00627763 66419
0 COSMOS 1024 DEB
1 48090U 78066J   22348.66860731  .00001270  00000-0  00000+0 0  9993
2 48090  62.4255 167.2628 7193263  43.5952 354.6283  2.00627763 66419
0 COSMOS 1024 DEB
1 48090U 78066J   22349.16704611  .00001284  00000-0  00000-0 0  9999
2 48090  62.4263 167.1965 7193586  43.6007 354.6313  2.00628915 66426
0 COSMOS 1024 DEB
1 48090U 78066J   22349.66548219  .00001297  00000-0  00000-0 0  9998
2 48090  62.4266 167.1293 7193916  43.6066 354.6347  2.00630047 66432
0 COSMOS 1024 DEB
1 48090U 78066J   22350.66234631  .00001322  00000-0  00000-0 0  9999
2 48090  62.4272 166.9948 7194576  43.6186 354.6414  2.00632317 66458
0 COSMOS 1024 DEB
1 48090U 78066J   22351.65919636  .00001341  00000-0  00000-0 0  9995
2 48090  62.4276 166.8602 7195241  43.6307 354.6463  2.00634582 66475
0 COSMOS 1024 DEB
1 48090U 78066J   22351.65919636  .00001341  00000-0  00000+0 0  9994
2 48090  62.4276 166.8602 7195241  43.6307 354.6463  2.00634582 66475
0 COSMOS 1024 DEB
1 48090U 78066J   22352.65602926  .00001351  00000-0  00000-0 0  9998
2 48090  62.4287 166.7261 7195920  43.6425 354.6469  2.00636846 66495
0 COSMOS 1024 DEB
1 48090U 78066J   22353.65284190  .00001352  00000-0  00000-0 0  9999
2 48090  62.4291 166.5914 7196587  43.6545 354.6414  2.00639123 66510
0 COSMOS 1024 DEB
1 48090U 78066J   22354.64963367  .00001342  00000-0  00000-0 0  9998
2 48090  62.4295 166.4567 7197251  43.6666 354.6291  2.00641410 66537
0 COSMOS 1024 DEB
1 48090U 78066J   22354.64963367  .00001342  00000-0  00000+0 0  9997
2 48090  62.4295 166.4567 7197251  43.6666 354.6291  2.00641410 66537
0 COSMOS 1024 DEB
1 48090U 78066J   22355.64640575  .00001323  00000-0  00000-0 0  9991
2 48090  62.4300 166.3219 7197914  43.6786 354.6110  2.00643707 66559
0 COSMOS 1024 DEB
1 48090U 78066J   22356.64316124  .00001299  00000-0  00000-0 0  9994
2 48090  62.4306 166.1873 7198578  43.6905 354.5895  2.00646023 66574
0 COSMOS 1024 DEB
1 48090U 78066J   22357.63990550  .00001275  00000-0  00000-0 0  9999
2 48090  62.4312 166.0527 7199241  43.7024 354.5679  2.00648337 66599
0 COSMOS 1024 DEB
1 48090U 78066J   22357.63990550  .00001275  00000-0  00000+0 0  9998
2 48090  62.4312 166.0527 7199241  43.7024 354.5679  2.00648337 66599
0 COSMOS 1024 DEB
1 48090U 78066J   22359.63337814  .00001249  00000-0  00000-0 0  9990
2 48090  62.4324 165.7833 7200578  43.7262 354.5384  2.00653004 66633
0 COSMOS 1024 DEB
1 48090U 78066J   22360.63011202  .00001254  00000-0  00000-0 0  9998
2 48090  62.4329 165.6489 7201262  43.7381 354.5343  2.00655356 66656
0 COSMOS 1024 DEB
1 48090U 78066J   22360.63011202  .00001254  00000-0  00000+0 0  9997
2 48090  62.4329 165.6489 7201262  43.7381 354.5343  2.00655356 66656
0 COSMOS 1024 DEB
1 48090U 78066J   22361.62684385  .00001270  00000-0  00000-0 0  9994
2 48090  62.4342 165.5145 7201956  43.7499 354.5368  2.00657712 66676
0 COSMOS 1024 DEB
1 48090U 78066J   22362.62356944  .00001293  00000-0  00000-0 0  9997
2 48090  62.4356 165.3804 7202666  43.7616 354.5434  2.00660093 66693
0 COSMOS 1024 DEB
1 48090U 78066J   22364.61698257  .00001332  00000-0  00000-0 0  9998
2 48090  62.4358 165.1064 7204016  43.7856 354.5546  2.00664900 66738
0 COSMOS 1024 DEB
1 48090U 78066J   22364.61698257  .00001332  00000-0  00000+0 0  9997
2 48090  62.4358 165.1064 7204016  43.7856 354.5546  2.00664900 66738
0 COSMOS 1024 DEB
1 48090U 78066J   22365.61366284  .00001337  00000-0  00000-0 0  9996
2 48090  62.4347 164.9728 7204684  43.7983 354.5540  2.00667313 66759
0 COSMOS 1024 DEB
1 48090U 78066J   23001.61032359  .00001330  00000-0  00000-0 0  9990
2 48090  62.4348 164.8380 7205332  43.8105 354.5478  2.00669719 66775
0 COSMOS 1024 DEB
1 48090U 78066J   23002.60696522  .00001312  00000-0  00000-0 0  9998
2 48090  62.4351 164.7028 7205987  43.8224 354.5367  2.00672133 66798
0 COSMOS 1024 DEB
1 48090U 78066J   23002.60696522  .00001312  00000-0  00000+0 0  9997
2 48090  62.4351 164.7028 7205987  43.8224 354.5367  2.00672133 66798
0 COSMOS 1024 DEB
1 48090U 78066J   23004.60020155  .00001262  00000-0  00000-0 0  9997
2 48090  62.4358 164.4323 7207277  43.8459 354.5066  2.00676955 66831
0 COSMOS 1024 DEB
1 48090U 78066J   23005.59680233  .00001242  00000-0  00000-0 0  9993
2 48090  62.4397 164.3099 7207724  43.8678 354.4900  2.00679363 66857
0 COSMOS 1024 DEB
1 48090U 78066J   23005.59680233  .00001242  00000-0  00000+0 0  9992
2 48090  62.4397 164.3099 7207724  43.8678 354.4900  2.00679363 66857
0 COSMOS 1024 DEB
1 48090U 78066J   23006.59339570  .00001231  00000-0  00000-0 0  9997
2 48090  62.4400 164.1750 7208344  43.8792 354.4781  2.00681773 66877
0 COSMOS 1024 DEB
1 48090U 78066J   23007.58998626  .00001230  00000-0  00000-0 0  9999
2 48090  62.4377 164.0061 7209717  43.8552 354.4776  2.00684192 66897
0 COSMOS 1024 DEB
1 48090U 78066J   23009.58314143  .00001262  00000-0  00000-0 0  9992
2 48090  62.4389 163.7497 7210619  43.8930 354.4741  2.00689107 66930
0 COSMOS 1024 DEB
1 48090U 78066J   23009.58314143  .00001262  00000-0  00000+0 0  9991
2 48090  62.4389 163.7497 7210619  43.8930 354.4741  2.00689107 66930
0 COSMOS 1024 DEB
1 48090U 78066J   23010.57971550  .00001287  00000-0  00000-0 0  9991
2 48090  62.4403 163.6228 7211066  43.9169 354.4785  2.00691388 66954
0 COSMOS 1024 DEB
1 48090U 78066J   23010.57971550  .00001287  00000-0  00000+0 0  9990
2 48090  62.4403 163.6228 7211066  43.9169 354.4785  2.00691388 66954
0 COSMOS 1024 DEB
1 48090U 78066J   23011.57627534  .00001314  00000-0  00000-0 0  9993
2 48090  62.4384 163.4848 7211673  43.9316 354.4876  2.00693872 66979
0 COSMOS 1024 DEB
1 48090U 78066J   23012.57282789  .00001339  00000-0  00000-0 0  9990
2 48090  62.4384 163.3458 7212369  43.9408 354.4986  2.00696271 66990
0 COSMOS 1024 DEB
1 48090U 78066J   23013.56936632  .00001358  00000-0  00000+0 0  9993
2 48090  62.4396 163.2155 7212911  43.9579 354.5069  2.00698660 67019
0 COSMOS 1024 DEB
1 48090U 78066J   23015.56238956  .00001371  00000-0  00000-0 0  9995
2 48090  62.4399 162.9440 7214205  43.9817 354.5125  2.00703466 67056
0 COSMOS 1024 DEB
1 48090U 78066J   23016.55886959  .00001363  00000-0  00000-0 0  9998
2 48090  62.4401 162.8080 7214850  43.9941 354.5059  2.00705897 67071
0 COSMOS 1024 DEB
1 48090U 78066J   23016.55886959  .00001363  00000-0  00000+0 0  9997
2 48090  62.4401 162.8080 7214850  43.9941 354.5059  2.00705897 67071
0 COSMOS 1024 DEB
1 48090U 78066J   23018.55177094  .00001321  00000-0  00000-0 0  9997
2 48090  62.4400 162.5357 7216121  44.0162 354.4773  2.00710792 67111
0 COSMOS 1024 DEB
1 48090U 78066J   23019.54819884  .00001296  00000-0  00000-0 0  9998
2 48090  62.4405 162.4005 7216747  44.0282 354.4601  2.00713278 67136
0 COSMOS 1024 DEB
1 48090U 78066J   23019.54819884  .00001296  00000-0  00000+0 0  9997
2 48090  62.4405 162.4005 7216747  44.0282 354.4601  2.00713278 67136
0 COSMOS 1024 DEB
1 48090U 78066J   23022.53745019  .00001264  00000-0  00000+0 0  9993
2 48090  62.4413 161.9900 7218710  44.0606 354.4382  2.00720773 67195
0 COSMOS 1024 DEB
1 48090U 78066J   23025.52666475  .00001320  00000-0  00000-0 0  9997
2 48090  62.4419 161.5807 7220679  44.0952 354.4701  2.00728438 67252
0 COSMOS 1024 DEB
1 48090U 78066J   23025.52666475  .00001320  00000-0  00000+0 0  9996
2 48090  62.4419 161.5807 7220679  44.0952 354.4701  2.00728438 67252
0 COSMOS 1024 DEB
1 48090U 78066J   23026.52304521  .00001337  00000-0  00000-0 0  9997
2 48090  62.4423 161.4447 7221322  44.1068 354.4814  2.00731033 67273
0 COSMOS 1024 DEB
1 48090U 78066J   23027.51940628  .00001344  00000-0  00000-0 0  9999
2 48090  62.4423 161.3082 7221966  44.1188 354.4880  2.00733646 67291
0 COSMOS 1024 DEB
1 48090U 78066J   23028.51574693  .00001338  00000-0  00000-0 0  9998
2 48090  62.4424 161.1710 7222616  44.1308 354.4890  2.00736260 67314
0 COSMOS 1024 DEB
1 48090U 78066J   23028.51574693  .00001338  00000-0  00000+0 0  9997
2 48090  62.4424 161.1710 7222616  44.1308 354.4890  2.00736260 67314
0 COSMOS 1024 DEB
1 48090U 78066J   23029.51206691  .00001319  00000-0  00000-0 0  9998
2 48090  62.4428 161.0343 7223239  44.1417 354.4848  2.00738879 67335
0 COSMOS 1024 DEB
1 48090U 78066J   23030.50836823  .00001293  00000-0  00000-0 0  9996
2 48090  62.4428 160.8976 7223850  44.1521 354.4769  2.00741509 67357
0 COSMOS 1024 DEB
1 48090U 78066J   23031.50465434  .00001265  00000-0  00000+0 0  9991
2 48090  62.4434 160.7632 7224424  44.1644 354.4670  2.00744138 67370
0 COSMOS 1024 DEB
1 48090U 78066J   23032.50092927  .00001241  00000-0  00000-0 0  9990
2 48090  62.4440 160.6248 7225051  44.1755 354.4583  2.00746755 67391
0 COSMOS 1024 DEB
1 48090U 78066J   23033.49719441  .00001226  00000-0  00000-0 0  9999
2 48090  62.4456 160.4959 7225540  44.1906 354.4514  2.00749403 67416
0 COSMOS 1024 DEB
1 48090U 78066J   23033.49719441  .00001226  00000-0  00000+0 0  9998
2 48090  62.4456 160.4959 7225540  44.1906 354.4514  2.00749403 67416
0 COSMOS 1024 DEB
1 48090U 78066J   23035.48970579  .00001232  00000-0  00000-0 0  9998
2 48090  62.4474 160.2304 7226587  44.2180 354.4519  2.00754699 67457
0 COSMOS 1024 DEB
1 48090U 78066J   23035.48970579  .00001232  00000-0  00000+0 0  9997
2 48090  62.4474 160.2304 7226587  44.2180 354.4519  2.00754699 67457
0 COSMOS 1024 DEB
1 48090U 78066J   23036.48595207  .00001250  00000-0  00000-0 0  9990
2 48090  62.4473 160.0929 7227150  44.2291 354.4603  2.00757364 67475
0 COSMOS 1024 DEB
1 48090U 78066J   23037.48219124  .00001275  00000-0  00000-0 0  9999
2 48090  62.4471 159.9546 7227729  44.2391 354.4735  2.00760030 67490
0 COSMOS 1024 DEB
1 48090U 78066J   23038.47842235  .00001302  00000-0  00000-0 0  9995
2 48090  62.4461 159.7988 7228685  44.2349 354.4930  2.00762720 67510
0 COSMOS 1024 DEB
1 48090U 78066J   23038.47842235  .00001302  00000-0  00000+0 0  9994
2 48090  62.4461 159.7988 7228685  44.2349 354.4930  2.00762720 67510
0 COSMOS 1024 DEB
1 48090U 78066J   23039.47464075  .00001328  00000-0  00000-0 0  9996
2 48090  62.4473 159.6690 7229151  44.2511 354.5095  2.00765382 67534
0 COSMOS 1024 DEB
1 48090U 78066J   23039.47464075  .00001328  00000-0  00000+0 0  9995
2 48090  62.4473 159.6690 7229151  44.2511 354.5095  2.00765382 67534
0 COSMOS 1024 DEB
1 48090U 78066J   23040.47084550  .00001349  00000-0  00000-0 0  9997
2 48090  62.4474 159.5323 7229717  44.2627 354.5261  2.00768022 67554
0 COSMOS 1024 DEB
1 48090U 78066J   23041.46703275  .00001362  00000-0  00000-0 0  9994
2 48090  62.4468 159.3881 7230439  44.2674 354.5408  2.00770680 67577
0 COSMOS 1024 DEB
1 48090U 78066J   23041.46703275  .00001362  00000-0  00000+0 0  9993
2 48090  62.4468 159.3881 7230439  44.2674 354.5408  2.00770680 67577
0 COSMOS 1024 DEB
1 48090U 78066J   23042.46319866  .00001365  00000-0  00000-0 0  9997
2 48090  62.4470 159.2522 7230995  44.2815 354.5484  2.00773344 67591
0 COSMOS 1024 DEB
1 48090U 78066J   23043.45934298  .00001359  00000-0  00000-0 0  9992
2 48090  62.4471 159.1157 7231573  44.2913 354.5503  2.00776005 67619
0 COSMOS 1024 DEB
1 48090U 78066J   23044.45546435  .00001343  00000-0  00000-0 0  9998
2 48090  62.4476 158.9813 7232099  44.3045 354.5453  2.00778695 67634
0 COSMOS 1024 DEB
1 48090U 78066J   23044.45546435  .00001343  00000-0  00000+0 0  9997
2 48090  62.4476 158.9813 7232099  44.3045 354.5453  2.00778695 67634
0 COSMOS 1024 DEB
1 48090U 78066J   23046.44765043  .00001294  00000-0  00000-0 0  9992
2 48090  62.4484 158.7133 7233133  44.3318 354.5241  2.00784139 67678
0 COSMOS 1024 DEB
1 48090U 78066J   23046.44765043  .00001294  00000-0  00000+0 0  9991
2 48090  62.4484 158.7133 7233133  44.3318 354.5241  2.00784139 67678
0 COSMOS 1024 DEB
1 48090U 78066J   23047.44372522  .00001271  00000-0  00000-0 0  9994
2 48090  62.4485 158.5727 7233778  44.3392 354.5161  2.00786883 67694
0 COSMOS 1024 DEB
1 48090U 78066J   23048.43979395  .00001257  00000-0  00000-0 0  9999
2 48090  62.4488 158.4355 7234375  44.3495 354.5128  2.00789630 67710
0 COSMOS 1024 DEB
1 48090U 78066J   23049.43585888  .00001254  00000-0  00000-0 0  9997
2 48090  62.4489 158.2946 7235030  44.3588 354.5173  2.00792411 67730
0 COSMOS 1024 DEB
1 48090U 78066J   23049.43585888  .00001254  00000-0  00000+0 0  9996
2 48090  62.4489 158.2946 7235030  44.3588 354.5173  2.00792411 67730
0 COSMOS 1024 DEB
1 48090U 78066J   23050.43192017  .00001263  00000-0  00000-0 0  9997
2 48090  62.4500 158.1638 7235528  44.3738 354.5280  2.00795208 67758
0 COSMOS 1024 DEB
1 48090U 78066J   23050.43192017  .00001263  00000-0  00000+0 0  9996
2 48090  62.4500 158.1638 7235528  44.3738 354.5280  2.00795208 67758
0 COSMOS 1024 DEB
1 48090U 78066J   23052.42402139  .00001303  00000-0  00000-0 0  9992
2 48090  62.4506 157.8882 7236728  44.3952 354.5644  2.00800828 67795
0 COSMOS 1024 DEB
1 48090U 78066J   23053.42005051  .00001321  00000-0  00000-0 0  9995
2 48090  62.4511 157.7522 7237314  44.4071 354.5821  2.00803675 67819
0 COSMOS 1024 DEB
1 48090U 78066J   23053.42005051  .00001321  00000-0  00000+0 0  9994
2 48090  62.4511 157.7522 7237314  44.4071 354.5821  2.00803675 67819
0 COSMOS 1024 DEB
1 48090U 78066J   23054.41605980  .00001329  00000-0  00000-0 0  9990
2 48090  62.4506 157.6092 7237991  44.4146 354.5963  2.00806533 67833
0 COSMOS 1024 DEB
1 48090U 78066J   23055.41204684  .00001324  00000-0  00000-0 0  9992
2 48090  62.4504 157.4686 7238623  44.4216 354.6044  2.00809392 67858
0 COSMOS 1024 DEB
1 48090U 78066J   23055.41204684  .00001324  00000-0  00000+0 0  9991
2 48090  62.4504 157.4686 7238623  44.4216 354.6044  2.00809392 67858
0 COSMOS 1024 DEB
1 48090U 78066J   23056.40801078  .00001305  00000-0  00000-0 0  9991
2 48090  62.4504 157.3288 7239241  44.4316 354.6062  2.00812270 67874
0 COSMOS 1024 DEB
1 48090U 78066J   23057.40395441  .00001277  00000-0  00000-0 0  9992
2 48090  62.4505 157.1920 7239776  44.4426 354.6031  2.00815127 67893
0 COSMOS 1024 DEB
1 48090U 78066J   23058.39988036  .00001246  00000-0  00000-0 0  9995
2 48090  62.4510 157.0550 7240341  44.4525 354.5980  2.00818000 67915
0 COSMOS 1024 DEB
1 48090U 78066J   23058.39988036  .00001246  00000-0  00000+0 0  9994
2 48090  62.4510 157.0550 7240341  44.4525 354.5980  2.00818000 67915
0 COSMOS 1024 DEB
1 48090U 78066J   23059.39579317  .00001217  00000-0  00000-0 0  9992
2 48090  62.4516 156.9176 7240882  44.4626 354.5930  2.00820844 67931
0 COSMOS 1024 DEB
1 48090U 78066J   23060.39169471  .00001196  00000-0  00000-0 0  9996
2 48090  62.4521 156.7797 7241448  44.4737 354.5905  2.00823717 67952
0 COSMOS 1024 DEB
1 48090U 78066J   23061.38758817  .00001187  00000-0  00000-0 0  9994
2 48090  62.4522 156.6405 7242022  44.4838 354.5922  2.00826592 67974
0 COSMOS 1024 DEB
1 48090U 78066J   23061.38758817  .00001187  00000-0  00000+0 0  9993
2 48090  62.4522 156.6405 7242022  44.4838 354.5922  2.00826592 67974
0 COSMOS 1024 DEB
1 48090U 78066J   23062.38347499  .00001191  00000-0  00000-0 0  9990
2 48090  62.4521 156.4991 7242632  44.4925 354.5992  2.00829462 67993
0 COSMOS 1024 DEB
1 48090U 78066J   23063.37935447  .00001206  00000-0  00000-0 0  9993
2 48090  62.4531 156.3633 7243147  44.5051 354.6105  2.00832331 68019
0 COSMOS 1024 DEB
1 48090U 78066J   23064.37522635  .00001228  00000-0  00000-0 0  9999
2 48090  62.4532 156.2225 7243717  44.5128 354.6272  2.00835183 68039
0 COSMOS 1024 DEB
1 48090U 78066J   23064.37522635  .00001228  00000-0  00000+0 0  9998
2 48090  62.4532 156.2225 7243717  44.5128 354.6272  2.00835183 68039
0 COSMOS 1024 DEB
1 48090U 78066J   23065.37108833  .00001253  00000-0  00000-0 0  9998
2 48090  62.4531 156.0818 7244246  44.5232 354.6466  2.00838009 68055
0 COSMOS 1024 DEB
1 48090U 78066J   23066.36693819  .00001276  00000-0  00000-0 0  9996
2 48090  62.4537 155.9427 7244785  44.5314 354.6678  2.00840824 68079
0 COSMOS 1024 DEB
1 48090U 78066J   23067.36277324  .00001295  00000-0  00000-0 0  9997
2 48090  62.4534 155.8008 7245338  44.5405 354.6882  2.00843606 68096
0 COSMOS 1024 DEB
1 48090U 78066J   23067.36277324  .00001295  00000-0  00000+0 0  9996
2 48090  62.4534 155.8008 7245338  44.5405 354.6882  2.00843606 68096
0 COSMOS 1024 DEB
1 48090U 78066J   23068.35858956  .00001306  00000-0  00000-0 0  9996
2 48090  62.4546 155.6659 7245909  44.5490 354.7056  2.00846416 68116
0 COSMOS 1024 DEB
1 48090U 78066J   23069.35438516  .00001308  00000-0  00000-0 0  9995
2 48090  62.4550 155.5281 7246439  44.5623 354.7170  2.00849185 68133
0 COSMOS 1024 DEB
1 48090U 78066J   23070.35015835  .00001300  00000-0  00000-0 0  9994
2 48090  62.4555 155.3902 7246967  44.5752 354.7220  2.00851936 68150
0 COSMOS 1024 DEB
1 48090U 78066J   23070.35015835  .00001300  00000-0  00000+0 0  9993
2 48090  62.4555 155.3902 7246967  44.5752 354.7220  2.00851936 68150
0 COSMOS 1024 DEB
1 48090U 78066J   23071.34590721  .00001281  00000-0  00000-0 0  9994
2 48090  62.4557 155.2507 7247505  44.5883 354.7203  2.00854720 68173
0 COSMOS 1024 DEB
1 48090U 78066J   23073.33734619  .00001225  00000-0  00000-0 0  9999
2 48090  62.4565 154.9723 7248607  44.6088 354.7044  2.00860243 68215
0 COSMOS 1024 DEB
1 48090U 78066J   23073.33734619  .00001225  00000-0  00000+0 0  9998
2 48090  62.4565 154.9723 7248607  44.6088 354.7044  2.00860243 68215
0 COSMOS 1024 DEB
1 48090U 78066J   23074.33304422  .00001196  00000-0  00000-0 0  9992
2 48090  62.4566 154.8312 7249175  44.6182 354.6961  2.00862999 68234
0 COSMOS 1024 DEB
1 48090U 78066J   23075.32873433  .00001173  00000-0  00000-0 0  9990
2 48090  62.4572 154.6916 7249734  44.6296 354.6919  2.00865759 68258
0 COSMOS 1024 DEB
1 48090U 78066J   23076.32442100  .00001161  00000-0  00000-0 0  9991
2 48090  62.4578 154.5528 7250303  44.6384 354.6950  2.00868500 68278
0 COSMOS 1024 DEB
1 48090U 78066J   23076.32442100  .00001161  00000-0  00000+0 0  9990
2 48090  62.4578 154.5528 7250303  44.6384 354.6950  2.00868500 68278
0 COSMOS 1024 DEB
1 48090U 78066J   23078.31578256  .00001171  00000-0  00000-0 0  9995
2 48090  62.4592 154.2734 7251459  44.6588 354.7216  2.00873979 68316
0 COSMOS 1024 DEB
1 48090U 78066J   23079.31145105  .00001185  00000-0  00000-0 0  9994
2 48090  62.4595 154.1330 7252027  44.6716 354.7404  2.00876718 68330
0 COSMOS 1024 DEB
1 48090U 78066J   23079.31145105  .00001185  00000-0  00000+0 0  9993
2 48090  62.4595 154.1330 7252027  44.6716 354.7404  2.00876718 68330
0 COSMOS 1024 DEB
1 48090U 78066J   23080.30710520  .00001196  00000-0  00000-0 0  9996
2 48090  62.4602 153.9930 7252609  44.6823 354.7587  2.00879452 68359
0 COSMOS 1024 DEB
1 48090U 78066J   23081.30273911  .00001199  00000-0  00000-0 0  9998
2 48090  62.4598 153.8510 7253182  44.6953 354.7723  2.00882201 68377
0 COSMOS 1024 DEB
1 48090U 78066J   23082.29835183  .00001188  00000-0  00000-0 0  9990
2 48090  62.4603 153.7107 7253763  44.7045 354.7803  2.00884919 68392
0 COSMOS 1024 DEB
1 48090U 78066J   23082.29835183  .00001188  00000-0  00000+0 0  9999
2 48090  62.4603 153.7107 7253763  44.7045 354.7803  2.00884919 68392
0 COSMOS 1024 DEB
1 48090U 78066J   23083.29394169  .00001163  00000-0  00000-0 0  9998
2 48090  62.4612 153.5714 7254326  44.7155 354.7813  2.00887628 68416
0 COSMOS 1024 DEB
1 48090U 78066J   23084.28951056  .00001126  00000-0  00000-0 0  9991
2 48090  62.4616 153.4308 7254890  44.7256 354.7772  2.00890321 68436
0 COSMOS 1024 DEB
1 48090U 78066J   23085.28506136  .00001084  00000-0  00000-0 0  9990
2 48090  62.4617 153.2892 7255458  44.7358 354.7700  2.00893002 68459
0 COSMOS 1024 DEB
1 48090U 78066J   23085.28506136  .00001084  00000-0  00000+0 0  9999
2 48090  62.4617 153.2892 7255458  44.7358 354.7700  2.00893002 68459
0 COSMOS 1024 DEB
1 48090U 78066J   23086.28059936  .00001042  00000-0  00000-0 0  9996
2 48090  62.4616 153.1472 7256007  44.7475 354.7620  2.00895622 68475
0 COSMOS 1024 DEB
1 48090U 78066J   23087.27612687  .00001008  00000-0  00000-0 0  9996
2 48090  62.4637 153.0098 7256546  44.7593 354.7560  2.00898243 68497
0 COSMOS 1024 DEB
1 48090U 78066J   23088.27164670  .00000984  00000-0  00000-0 0  9993
2 48090  62.4616 152.8630 7257103  44.7729 354.7536  2.00900834 68510
0 COSMOS 1024 DEB
1 48090U 78066J   23088.27164670  .00000984  00000-0  00000+0 0  9992
2 48090  62.4616 152.8630 7257103  44.7729 354.7536  2.00900834 68510
0 COSMOS 1024 DEB
1 48090U 78066J   23089.26716047  .00000974  00000-0  00000-0 0  9993
2 48090  62.4571 152.7106 7257672  44.7870 354.7561  2.00903405 68532
0 COSMOS 1024 DEB
1 48090U 78066J   23089.26716047  .00000974  00000-0  00000+0 0  9992
2 48090  62.4571 152.7106 7257672  44.7870 354.7561  2.00903405 68532
0 COSMOS 1024 DEB
1 48090U 78066J   23090.26266920  .00000976  00000-0  00000+0 0  9996
2 48090  62.4547 152.5631 7258252  44.7961 354.7644  2.00905961 68555
0 COSMOS 1024 DEB
1 48090U 78066J   23091.25817289  .00000986  00000-0  00000-0 0  9998
2 48090  62.4568 152.4253 7258794  44.8061 354.7769  2.00908461 68578
0 COSMOS 1024 DEB
1 48090U 78066J   23092.25366787  .00000999  00000-0  00000-0 0  9995
2 48090  62.4572 152.2834 7259349  44.8145 354.7931  2.00910941 68595
0 COSMOS 1024 DEB
1 48090U 78066J   23093.24915405  .00001012  00000-0  00000+0 0  9998
2 48090  62.4603 152.1477 7259878  44.8231 354.8107  2.00913338 68617
0 COSMOS 1024 DEB
1 48090U 78066J   23094.24462597  .00001020  00000-0  00000-0 0  9998
2 48090  62.4600 152.0044 7260428  44.8331 354.8275  2.00915717 68638
0 COSMOS 1024 DEB
1 48090U 78066J   23095.24008335  .00001021  00000-0  00000-0 0  9996
2 48090  62.4604 151.8622 7260983  44.8419 354.8417  2.00918018 68651
0 COSMOS 1024 DEB
1 48090U 78066J   23095.24008335  .00001021  00000-0  00000+0 0  9995
2 48090  62.4604 151.8622 7260983  44.8419 354.8417  2.00918018 68651
0 COSMOS 1024 DEB
1 48090U 78066J   23096.23552224  .00001011  00000-0  00000-0 0  9996
2 48090  62.4625 151.7243 7261534  44.8508 354.8508  2.00920291 68673
0 COSMOS 1024 DEB
1 48090U 78066J   23096.73323566  .00001002  00000-0  00000-0 0  9996
2 48090  62.4678 151.6643 7261920  44.8301 354.8569  2.00921441 68680
0 COSMOS 1024 DEB
1 48090U 78066J   23097.23094375  .00000991  00000-0  00000-0 0  9991
2 48090  62.4690 151.5958 7262192  44.8347 354.8573  2.00922513 68691
0 COSMOS 1024 DEB
1 48090U 78066J   23097.23094375  .00000991  00000-0  00000+0 0  9990
2 48090  62.4690 151.5958 7262192  44.8347 354.8573  2.00922513 68691
0 COSMOS 1024 DEB
1 48090U 78066J   23098.22634099  .00000961  00000-0  00000-0 0  9991
2 48090  62.4699 151.4549 7262756  44.8447 354.8530  2.00924733 68714
0 COSMOS 1024 DEB
1 48090U 78066J   23099.22171919  .00000923  00000-0  00000-0 0  9997
2 48090  62.4698 151.3121 7263320  44.8552 354.8426  2.00926907 68734
0 COSMOS 1024 DEB
1 48090U 78066J   23100.21708191  .00000880  00000-0  00000-0 0  9999
2 48090  62.4709 151.1717 7263883  44.8651 354.8287  2.00929041 68759
0 COSMOS 1024 DEB
1 48090U 78066J   23100.21708191  .00000880  00000-0  00000+0 0  9998
2 48090  62.4709 151.1717 7263883  44.8651 354.8287  2.00929041 68759
0 COSMOS 1024 DEB
1 48090U 78066J   23101.21243343  .00000836  00000-0  00000-0 0  9994
2 48090  62.4720 151.0312 7264446  44.8752 354.8145  2.00931146 68774
0 COSMOS 1024 DEB
1 48090U 78066J   23102.20777902  .00000797  00000-0  00000-0 0  9993
2 48090  62.4730 150.8900 7265018  44.8853 354.8038  2.00933222 68793
0 COSMOS 1024 DEB
1 48090U 78066J   23103.20312351  .00000768  00000-0  00000-0 0  9995
2 48090  62.4740 150.7491 7265598  44.8955 354.7993  2.00935251 68810
0 COSMOS 1024 DEB
1 48090U 78066J   23104.19846855  .00000750  00000-0  00000-0 0  9996
2 48090  62.4749 150.6077 7266184  44.9057 354.8022  2.00937240 68830
0 COSMOS 1024 DEB
1 48090U 78066J   23105.19381284  .00000743  00000-0  00000-0 0  9999
2 48090  62.4759 150.4666 7266779  44.9160 354.8117  2.00939200 68853
0 COSMOS 1024 DEB
1 48090U 78066J   23106.18915284  .00000741  00000-0  00000-0 0  9990
2 48090  62.4769 150.3253 7267382  44.9264 354.8248  2.00941125 68877
0 COSMOS 1024 DEB
1 48090U 78066J   23106.68681872  .00000740  00000-0  00000-0 0  9997
2 48090  62.4767 150.2537 7267696  44.9318 354.8316  2.00942097 68883
0 COSMOS 1024 DEB
1 48090U 78066J   23107.18448373  .00000738  00000-0  00000-0 0  9997
2 48090  62.4772 150.1835 7268003  44.9368 354.8380  2.00943008 68892
0 COSMOS 1024 DEB
1 48090U 78066J   23108.17979986  .00000728  00000-0  00000-0 0  9995
2 48090  62.4784 150.0431 7268612  44.9470 354.8473  2.00944867 68916
0 COSMOS 1024 DEB
1 48090U 78066J   23109.17509864  .00000704  00000-0  00000-0 0  9994
2 48090  62.4791 149.9014 7269208  44.9576 354.8504  2.00946669 68936
0 COSMOS 1024 DEB
1 48090U 78066J   23109.17509864  .00000704  00000-0  00000+0 0  9993
2 48090  62.4791 149.9014 7269208  44.9576 354.8504  2.00946669 68936
0 COSMOS 1024 DEB
1 48090U 78066J   23110.17037890  .00000666  00000-0  00000-0 0  9998
2 48090  62.4794 149.7586 7269801  44.9684 354.8464  2.00948421 68955
0 COSMOS 1024 DEB
1 48090U 78066J   23110.66801201  .00000642  00000-0  00000-0 0  9991
2 48090  62.4786 149.6852 7270094  44.9744 354.8419  2.00949280 68969
0 COSMOS 1024 DEB
1 48090U 78066J   23111.16564202  .00000616  00000-0  00000-0 0  9995
2 48090  62.4792 149.6150 7270391  44.9794 354.8363  2.00950126 68972
0 COSMOS 1024 DEB
1 48090U 78066J   23112.16089217  .00000557  00000-0  00000-0 0  9998
2 48090  62.4800 149.4733 7270975  44.9900 354.8224  2.00951755 68991
0 COSMOS 1024 DEB
1 48090U 78066J   23112.16089217  .00000557  00000-0  00000+0 0  9997
2 48090  62.4800 149.4733 7270975  44.9900 354.8224  2.00951755 68991
0 COSMOS 1024 DEB
1 48090U 78066J   23113.15613281  .00000498  00000-0  00000-0 0  9996
2 48090  62.4810 149.3318 7271557  45.0005 354.8075  2.00953330 69014
0 COSMOS 1024 DEB
1 48090U 78066J   23115.14660191  .00000404  00000-0  00000-0 0  9996
2 48090  62.4825 149.0481 7272733  45.0214 354.7846  2.00956298 69052
0 COSMOS 1024 DEB
1 48090U 78066J   23115.14660191  .00000404  00000-0  00000+0 0  9995
2 48090  62.4825 149.0481 7272733  45.0214 354.7846  2.00956298 69052
0 COSMOS 1024 DEB
1 48090U 78066J   23116.14183562  .00000375  00000-0  00000-0 0  9996
2 48090  62.4837 148.9071 7273320  45.0320 354.7799  2.00957695 69070
0 COSMOS 1024 DEB
1 48090U 78066J   23120.12277221  .00000356  00000-0  00000-0 0  9994
2 48090  62.4885 148.3436 7275650  45.0751 354.8057  2.00962506 69152
0 COSMOS 1024 DEB
1 48090U 78066J   23120.12277221  .00000356  00000-0  00000+0 0  9993
2 48090  62.4885 148.3436 7275650  45.0751 354.8057  2.00962506 69152
0 COSMOS 1024 DEB
1 48090U 78066J   23121.11800067  .00000353  00000-0  00000-0 0  9991
2 48090  62.4892 148.2016 7276234  45.0861 354.8163  2.00963412 69171
0 COSMOS 1024 DEB
1 48090U 78066J   23121.61560922  .00000349  00000-0  00000-0 0  9994
2 48090  62.4875 148.1279 7276557  45.0915 354.8210  2.00963926 69184
0 COSMOS 1024 DEB
1 48090U 78066J   23122.61082198  .00000334  00000-0  00000-0 0  9993
2 48090  62.4884 147.9848 7277185  45.1005 354.8275  2.00964790 69206
0 COSMOS 1024 DEB
1 48090U 78066J   23122.61082198  .00000334  00000-0  00000+0 0  9992
2 48090  62.4884 147.9848 7277185  45.1005 354.8275  2.00964790 69206
0 COSMOS 1024 DEB
1 48090U 78066J   23123.60602373  .00000310  00000-0  00000-0 0  9990
2 48090  62.4887 147.8422 7277783  45.1112 354.8283  2.00965546 69220
0 COSMOS 1024 DEB
1 48090U 78066J   23125.59638854  .00000233  00000-0  00000-0 0  9997
2 48090  62.4887 147.5559 7278995  45.1324 354.8100  2.00966849 69268
0 COSMOS 1024 DEB
1 48090U 78066J   23125.59638854  .00000233  00000-0  00000+0 0  9996
2 48090  62.4887 147.5559 7278995  45.1324 354.8100  2.00966849 69268
0 COSMOS 1024 DEB
1 48090U 78066J   23133.06016481 -.00000040  00000-0  00000-0 0  9991
2 48090  62.4914 146.4872 7283552  45.2201 354.7347  2.00969222 69412
0 COSMOS 1024 DEB
1 48090U 78066J   23133.06016481 -.00000040  00000-0  00000+0 0  9990
2 48090  62.4914 146.4872 7283552  45.2201 354.7347  2.00969222 69412
0 COSMOS 1024 DEB
1 48090U 78066J   23135.05054345 -.00000061  00000-0  00000-0 0  9996
2 48090  62.4869 146.1972 7284805  45.2410 354.7483  2.00969206 69450
0 COSMOS 1024 DEB
1 48090U 78066J   23137.04089456 -.00000124  00000-0  00000-0 0  9998
2 48090  62.4851 145.9084 7286084  45.2637 354.7402  2.00968900 69499
0 COSMOS 1024 DEB
1 48090U 78066J   23137.04089456 -.00000124  00000-0  00000+0 0  9997
2 48090  62.4851 145.9084 7286084  45.2637 354.7402  2.00968900 69499
0 COSMOS 1024 DEB
1 48090U 78066J   23138.03605788 -.00000177  00000-0  00000-0 0  9998
2 48090  62.4842 145.7639 7286721  45.2749 354.7262  2.00968629 69510
0 COSMOS 1024 DEB
1 48090U 78066J   23138.53363730 -.00000206  00000-0  00000-0 0  9994
2 48090  62.4884 145.6957 7287048  45.2827 354.7171  2.00968482 69525
0 COSMOS 1024 DEB
1 48090U 78066J   23139.52879632 -.00000269  00000-0  00000-0 0  9996
2 48090  62.4878 145.5517 7287671  45.2942 354.6974  2.00968058 69540
0 COSMOS 1024 DEB
1 48090U 78066J   23139.52879632 -.00000269  00000-0  00000+0 0  9995
2 48090  62.4878 145.5517 7287671  45.2942 354.6974  2.00968058 69540
0 COSMOS 1024 DEB
1 48090U 78066J   23140.02637586 -.00000300  00000-0  00000-0 0  9999
2 48090  62.4877 145.4800 7287982  45.3000 354.6873  2.00967833 69553
0 COSMOS 1024 DEB
1 48090U 78066J   23141.02153930 -.00000357  00000-0  00000-0 0  9998
2 48090  62.4876 145.3365 7288605  45.3117 354.6686  2.00967311 69574
0 COSMOS 1024 DEB
1 48090U 78066J   23142.01671116 -.00000403  00000-0  00000+0 0  9990
2 48090  62.4873 145.1915 7289232  45.3237 354.6535  2.00966702 69598
0 COSMOS 1024 DEB
1 48090U 78066J   23142.51430114 -.00000420  00000-0  00000-0 0  9996
2 48090  62.4872 145.1198 7289539  45.3295 354.6479  2.00966366 69609
0 COSMOS 1024 DEB
1 48090U 78066J   23143.01189390 -.00000434  00000-0  00000-0 0  9994
2 48090  62.4870 145.0481 7289847  45.3355 354.6437  2.00966012 69613
0 COSMOS 1024 DEB
1 48090U 78066J   23144.50468948 -.00000454  00000-0  00000-0 0  9990
2 48090  62.4869 144.8326 7290766  45.3540 354.6394  2.00964839 69644
0 COSMOS 1024 DEB
1 48090U 78066J   23144.50468948 -.00000454  00000-0  00000+0 0  9999
2 48090  62.4869 144.8326 7290766  45.3540 354.6394  2.00964839 69644
0 COSMOS 1024 DEB
1 48090U 78066J   23145.99750980 -.00000452  00000-0  00000-0 0  9992
2 48090  62.4867 144.6172 7291684  45.3724 354.6458  2.00963458 69673
0 COSMOS 1024 DEB
1 48090U 78066J   23146.99273347 -.00000447  00000-0  00000+0 0  9993
2 48090  62.4861 144.4721 7292277  45.3861 354.6533  2.00962432 69693
0 COSMOS 1024 DEB
1 48090U 78066J   23147.49034984 -.00000445  00000-0  00000-0 0  9990
2 48090  62.4827 144.3971 7292588  45.3890 354.6579  2.00961820 69700
0 COSMOS 1024 DEB
1 48090U 78066J   23147.98796464 -.00000444  00000-0  00000-0 0  9991
2 48090  62.4829 144.3247 7292882  45.3965 354.6616  2.00961253 69711
0 COSMOS 1024 DEB
1 48090U 78066J   23148.48558139 -.00000445  00000-0  00000-0 0  9993
2 48090  62.4828 144.2537 7293198  45.4021 354.6652  2.00960643 69729
0 COSMOS 1024 DEB
1 48090U 78066J   23148.98319849 -.00000447  00000-0  00000-0 0  9993
2 48090  62.4825 144.1812 7293502  45.4087 354.6679  2.00960005 69734
0 COSMOS 1024 DEB
1 48090U 78066J   23148.98319849 -.00000447  00000-0  00000+0 0  9992
2 48090  62.4825 144.1812 7293502  45.4087 354.6679  2.00960005 69734
0 COSMOS 1024 DEB
1 48090U 78066J   23150.47605025 -.00000468  00000-0  00000-0 0  9997
2 48090  62.4815 143.9659 7294443  45.4268 354.6694  2.00957968 69769
0 COSMOS 1024 DEB
1 48090U 78066J   23151.47128235 -.00000494  00000-0  00000-0 0  9990
2 48090  62.4819 143.8229 7295042  45.4401 354.6627  2.00956490 69787
0 COSMOS 1024 DEB
1 48090U 78066J   23151.47128235 -.00000494  00000-0  00000+0 0  9999
2 48090  62.4819 143.8229 7295042  45.4401 354.6627  2.00956490 69787
0 COSMOS 1024 DEB
1 48090U 78066J   23151.96889749 -.00000510  00000-0  00000-0 0  9997
2 48090  62.4814 143.7501 7295382  45.4466 354.6571  2.00955780 69792
0 COSMOS 1024 DEB
1 48090U 78066J   23152.46651245 -.00000528  00000-0  00000-0 0  9990
2 48090  62.4809 143.6782 7295686  45.4527 354.6498  2.00955011 69808
0 COSMOS 1024 DEB
1 48090U 78066J   23153.46174261 -.00000568  00000-0  00000-0 0  9993
2 48090  62.4799 143.5336 7296305  45.4653 354.6314  2.00953431 69822
0 COSMOS 1024 DEB
1 48090U 78066J   23154.45697632 -.00000613  00000-0  00000-0 0  9996
2 48090  62.4800 143.3904 7296935  45.4779 354.6098  2.00951783 69841
0 COSMOS 1024 DEB
1 48090U 78066J   23154.45697632 -.00000613  00000-0  00000+0 0  9995
2 48090  62.4800 143.3904 7296935  45.4779 354.6098  2.00951783 69841
0 COSMOS 1024 DEB
1 48090U 78066J   23154.95459552 -.00000635  00000-0  00000-0 0  9992
2 48090  62.4793 143.3174 7297254  45.4846 354.5989  2.00950953 69858
0 COSMOS 1024 DEB
1 48090U 78066J   23158.43804000 -.00000736  00000-0  00000-0 0  9993
2 48090  62.4758 142.8108 7299446  45.5294 354.5559  2.00944631 69920
0 COSMOS 1024 DEB
1 48090U 78066J   23158.43804000 -.00000736  00000-0  00000+0 0  9992
2 48090  62.4758 142.8108 7299446  45.5294 354.5559  2.00944631 69920
0 COSMOS 1024 DEB
1 48090U 78066J   23158.93569418 -.00000740  00000-0  00000-0 0  9994
2 48090  62.4757 142.7383 7299790  45.5363 354.5570  2.00943679 69937
0 COSMOS 1024 DEB
1 48090U 78066J   23159.43335185 -.00000741  00000-0  00000-0 0  9993
2 48090  62.4764 142.6686 7300133  45.5416 354.5598  2.00942745 69947
0 COSMOS 1024 DEB
1 48090U 78066J   23161.42401784 -.00000735  00000-0  00000-0 0  9997
2 48090  62.4741 142.3786 7301394  45.5678 354.5759  2.00938692 69989
0 COSMOS 1024 DEB
1 48090U 78066J   23161.42401784 -.00000735  00000-0  00000+0 0  9996
2 48090  62.4741 142.3786 7301394  45.5678 354.5759  2.00938692 69989
0 COSMOS 1024 DEB
1 48090U 78066J   23161.92169054 -.00000736  00000-0  00000-0 0  9994
2 48090  62.4738 142.3061 7301773  45.5748 354.5790  2.00937759 69999
0 COSMOS 1024 DEB
1 48090U 78066J   23162.41936033 -.00000739  00000-0  00000-0 0  9991
2 48090  62.4731 142.2335 7302053  45.5813 354.5806  2.00936670 70003
0 COSMOS 1024 DEB
1 48090U 78066J   23162.91703435 -.00000746  00000-0  00000-0 0  9992
2 48090  62.4728 142.1613 7302419  45.5884 354.5808  2.00935722 70011
0 COSMOS 1024 DEB
1 48090U 78066J   23163.41470552 -.00000756  00000-0  00000-0 0  9990
2 48090  62.4722 142.0887 7302734  45.5943 354.5791  2.00934573 70028
0 COSMOS 1024 DEB
1 48090U 78066J   23163.91237977 -.00000770  00000-0  00000-0 0  9993
2 48090  62.4719 142.0166 7303088  45.6013 354.5758  2.00933619 70030
0 COSMOS 1024 DEB
1 48090U 78066J   23163.91237977 -.00000770  00000-0  00000+0 0  9992
2 48090  62.4719 142.0166 7303088  45.6013 354.5758  2.00933619 70030
0 COSMOS 1024 DEB
1 48090U 78066J   23165.40540001 -.00000831  00000-0  00000-0 0  9992
2 48090  62.4699 141.7989 7304037  45.6211 354.5558  2.00930379 70062
0 COSMOS 1024 DEB
1 48090U 78066J   23166.40075401 -.00000882  00000-0  00000-0 0  9996
2 48090  62.4686 141.6538 7304666  45.6342 354.5375  2.00928144 70086
0 COSMOS 1024 DEB
1 48090U 78066J   23166.40075401 -.00000882  00000-0  00000+0 0  9995
2 48090  62.4686 141.6538 7304666  45.6342 354.5375  2.00928144 70086
0 COSMOS 1024 DEB
1 48090U 78066J   23167.39611854 -.00000933  00000-0  00000-0 0  9990
2 48090  62.4674 141.5087 7305282  45.6473 354.5186  2.00925867 70103
0 COSMOS 1024 DEB
1 48090U 78066J   23168.39149642 -.00000976  00000-0  00000-0 0  9999
2 48090  62.4661 141.3634 7305857  45.6601 354.5021  2.00923467 70120
0 COSMOS 1024 DEB
1 48090U 78066J   23168.88919413 -.00000993  00000-0  00000+0 0  9992
2 48090  62.4656 141.2910 7306211  45.6671 354.4957  2.00922386 70139
0 COSMOS 1024 DEB
1 48090U 78066J   23169.38689441 -.00001006  00000-0  00000-0 0  9990
2 48090  62.4648 141.2182 7306482  45.6733 354.4905  2.00921094 70149
0 COSMOS 1024 DEB
1 48090U 78066J   23170.38231339 -.00001021  00000-0  00000-0 0  9998
2 48090  62.4635 141.0730 7307083  45.6868 354.4847  2.00918748 70168
0 COSMOS 1024 DEB
1 48090U 78066J   23171.37775266 -.00001021  00000-0  00000-0 0  9990
2 48090  62.4623 140.9278 7307740  45.7004 354.4852  2.00916355 70183
0 COSMOS 1024 DEB
1 48090U 78066J   23171.37775266 -.00001021  00000-0  00000+0 0  9999
2 48090  62.4623 140.9278 7307740  45.7004 354.4852  2.00916355 70183
0 COSMOS 1024 DEB
1 48090U 78066J   23171.87547980 -.00001017  00000-0  00000-0 0  9990
2 48090  62.4616 140.8551 7308050  45.7071 354.4875  2.00915112 70193
0 COSMOS 1024 DEB
1 48090U 78066J   23172.37320894 -.00001010  00000-0  00000-0 0  9992
2 48090  62.4606 140.7821 7308324  45.7133 354.4909  2.00913751 70201
0 COSMOS 1024 DEB
1 48090U 78066J   23173.86643151 -.00000982  00000-0  00000+0 0  9997
2 48090  62.4587 140.5642 7309243  45.7339 354.5064  2.00910030 70230
0 COSMOS 1024 DEB
1 48090U 78066J   23176.35519738 -.00000951  00000-0  00000+0 0  9993
2 48090  62.4552 140.2003 7310753  45.7677 354.5330  2.00903370 70283
0 COSMOS 1024 DEB
1 48090U 78066J   23179.34177817 -.00000983  00000-0  00000+0 0  9998
2 48090  62.4501 139.7627 7312592  45.8091 354.5296  2.00895053 70342
0 COSMOS 1024 DEB
1 48090U 78066J   23182.32841900 -.00001072  00000-0  00000+0 0  9991
2 48090  62.4448 139.3245 7314339  45.8501 354.4837  2.00886465 70405
0 COSMOS 1024 DEB
1 48090U 78066J   23185.31522334 -.00001123  00000-0  00000+0 0  9997
2 48090  62.4403 138.8869 7316259  45.8923 354.4627  2.00878027 70461
0 COSMOS 1024 DEB
1 48090U 78066J   23187.30654362 -.00001106  00000-0  00000+0 0  9996
2 48090  62.4370 138.5945 7317509  45.9207 354.4835  2.00872343 70502
0 COSMOS 1024 DEB
1 48090U 78066J   23189.79577976 -.00001082  00000-0  00000+0 0  9999
2 48090  62.4324 138.2283 7319082  45.9565 354.5141  2.00865292 70559
0 COSMOS 1024 DEB
1 48090U 78066J   23192.28504889 -.00001135  00000-0  00000+0 0  9999
2 48090  62.4275 137.8616 7320586  45.9921 354.5074  2.00858347 70600
0 COSMOS 1024 DEB
1 48090U 78066J   23194.27649884 -.00001219  00000-0  00000+0 0  9998
2 48090  62.4238 137.5683 7321763  46.0203 354.4821  2.00852800 70644
0 COSMOS 1024 DEB
1 48090U 78066J   23196.26801641 -.00001282  00000-0  00000+0 0  9990
2 48090  62.4204 137.2751 7322930  46.0485 354.4644  2.00847247 70685
0 COSMOS 1024 DEB
1 48090U 78066J   23198.25961819 -.00001287  00000-0  00000+0 0  9990
2 48090  62.4166 136.9813 7324062  46.0765 354.4699  2.00841696 70723
0 COSMOS 1024 DEB
1 48090U 78066J   23200.25131028 -.00001242  00000-0  00000+0 0  9996
2 48090  62.4130 136.6874 7325172  46.1054 354.4974  2.00836324 70765
0 COSMOS 1024 DEB
1 48090U 78066J   23205.23077713 -.00001167  00000-0  00000-0 0  9996
2 48090  62.4040 135.9517 7327959  46.1766 354.5700  2.00822455 70865
0 COSMOS 1024 DEB
1 48090U 78066J   23206.22669166 -.00001178  00000-0  00000-0 0  9997
2 48090  62.4020 135.8040 7328478  46.1910 354.5706  2.00819645 70886
0 COSMOS 1024 DEB
1 48090U 78066J   23207.22261233 -.00001196  00000-0  00000-0 0  9991
2 48090  62.4001 135.6567 7329081  46.2055 354.5657  2.00816958 70901
0 COSMOS 1024 DEB
1 48090U 78066J   23211.70440355 -.00001280  00000-0  00000+0 0  9996
2 48090  62.3922 134.9926 7331595  46.2700 354.5366  2.00804846 70992
0 COSMOS 1024 DEB
1 48090U 78066J   23212.70037434 -.00001424  00000-0 -46674-2 0  9998
2 48090  62.3907 134.8451 7332184  46.2846 354.5453  2.00802508 71017
0 COSMOS 1024 DEB
1 48090U 78066J   23215.19050205 -.00001332  00000-0 -30887-2 0  9992
2 48090  62.3858 134.4762 7333660  46.3216 354.5915  2.00795777 71062
0 COSMOS 1024 DEB
1 48090U 78066J   23217.68069673 -.00001217  00000-0 -15574-3 0  9996
2 48090  62.3819 134.1063 7335250  46.3591 354.6283  2.00789683 71117
0 COSMOS 1024 DEB
1 48090U 78066J   23220.66894762 -.00001275  00000-0  63702-3 0  9992
2 48090  62.3768 133.6619 7337100  46.4041 354.6184  2.00782911 71171
0 COSMOS 1024 DEB
1 48090U 78066J   23223.65728906 -.00001352  00000-0  84444-3 0  9992
2 48090  62.3709 133.2161 7338665  46.4484 354.6036  2.00776367 71233
0 COSMOS 1024 DEB
1 48090U 78066J   23226.14770137 -.00001304  00000-0  14482-2 0  9993
2 48090  62.3674 132.8452 7339844  46.4835 354.6298  2.00770901 71285
0 COSMOS 1024 DEB
1 48090U 78066J   23229.13632610 -.00001260  00000-0 -32098-4 0  9995
2 48090  62.3639 132.4001 7341223  46.5251 354.6935  2.00764302 71342
0 COSMOS 1024 DEB
1 48090U 78066J   23232.12502889 -.00001232  00000-0 -47072-3 0  9998
2 48090  62.3595 131.9538 7342554  46.5676 354.7404  2.00757566 71404
0 COSMOS 1024 DEB
1 48090U 78066J   23234.61563973 -.00001235  00000-0  12859-3 0  9992
2 48090  62.3564 131.5818 7343766  46.6036 354.7404  2.00751894 71457
0 COSMOS 1024 DEB
1 48090U 78066J   23236.60815590 -.00001296  00000-0 -53807-3 0  9994
2 48090  62.3541 131.2843 7344876  46.6334 354.7249  2.00747325 71496
0 COSMOS 1024 DEB
1 48090U 78066J   23237.60443470 -.00001320  00000-0 -81599-3 0  9996
2 48090  62.3527 131.1353 7345446  46.6486 354.7196  2.00745049 71512
0 COSMOS 1024 DEB
1 48090U 78066J   23237.60443470 -.00001320  00000-0 -81599-3 0  9996
2 48090  62.3527 131.1353 7345446  46.6486 354.7196  2.00745049 71512
0 COSMOS 1024 DEB
1 48090U 78066J   23238.60073326 -.00001321  00000-0 -71006-3 0  9999
2 48090  62.3511 130.9858 7346030  46.6642 354.7202  2.00742852 71535
0 COSMOS 1024 DEB
1 48090U 78066J   23239.59705380 -.00001300  00000-0 -31138-3 0  9999
2 48090  62.3496 130.8361 7346621  46.6798 354.7282  2.00740698 71559
0 COSMOS 1024 DEB
1 48090U 78066J   23240.09522219 -.00001280  00000-0 -64009-6 0  9997
2 48090  62.3483 130.7607 7346929  46.6881 354.7351  2.00739648 71562
0 COSMOS 1024 DEB
1 48090U 78066J   23240.59339537 -.00001258  00000-0  32562-3 0  9991
2 48090  62.3478 130.6861 7347208  46.6957 354.7434  2.00738582 71571
0 COSMOS 1024 DEB
1 48090U 78066J   23241.58975456 -.00001200  00000-0  11649-2 0  9996
2 48090  62.3465 130.5363 7347805  46.7113 354.7636  2.00736500 71595
0 COSMOS 1024 DEB
1 48090U 78066J   23242.58612528 -.00001135  00000-0  21451-2 0  9994
2 48090  62.3453 130.3867 7348408  46.7269 354.7847  2.00734463 71614
0 COSMOS 1024 DEB
1 48090U 78066J   23242.58612528 -.00001135  00000-0  21451-2 0  9994
2 48090  62.3453 130.3867 7348408  46.7269 354.7847  2.00734463 71614
0 COSMOS 1024 DEB
1 48090U 78066J   23243.58250257 -.00001071  00000-0  32384-2 0  9998
2 48090  62.3439 130.2368 7349034  46.7427 354.8028  2.00732374 71638
0 COSMOS 1024 DEB
1 48090U 78066J   23244.57888020 -.00001030  00000-0  40380-2 0  9993
2 48090  62.3429 130.0873 7349659  46.7583 354.8142  2.00730354 71657
0 COSMOS 1024 DEB
1 48090U 78066J   23245.07706758 -.00001029  00000-0  41046-2 0  9994
2 48090  62.3425 130.0127 7349954  46.7660 354.8168  2.00729416 71665
0 COSMOS 1024 DEB
1 48090U 78066J   23245.07706758 -.00001029  00000-0  41046-2 0  9994
2 48090  62.3425 130.0127 7349954  46.7660 354.8168  2.00729416 71665
0 COSMOS 1024 DEB
1 48090U 78066J   23245.57525579 -.00001018  00000-0  44951-2 0  9995
2 48090  62.3418 129.9377 7350284  46.7740 354.8175  2.00728408 71677
0 COSMOS 1024 DEB
1 48090U 78066J   23246.07344253 -.00001030  00000-0  44213-2 0  9994
2 48090  62.3413 129.8631 7350571  46.7818 354.8161  2.00727470 71683
0 COSMOS 1024 DEB
1 48090U 78066J   23246.57162984 -.00001035  00000-0  46028-2 0  9999
2 48090  62.3406 129.7880 7350895  46.7898 354.8133  2.00726548 71692
0 COSMOS 1024 DEB
1 48090U 78066J   23247.56800601 -.00001076  00000-0  43776-2 0  9996
2 48090  62.3394 129.6384 7351473  46.8055 354.8040  2.00724699 71710
0 COSMOS 1024 DEB
1 48090U 78066J   23247.56800601 -.00001076  00000-0  43776-2 0  9996
2 48090  62.3394 129.6384 7351473  46.8055 354.8040  2.00724699 71710
0 COSMOS 1024 DEB
1 48090U 78066J   23248.56438857 -.00001127  00000-0  39631-2 0  9999
2 48090  62.3378 129.4879 7352049  46.8215 354.7934  2.00722928 71733
0 COSMOS 1024 DEB
1 48090U 78066J   23249.56078316 -.00001155  00000-0  39657-2 0  9999
2 48090  62.3363 129.3377 7352571  46.8372 354.7847  2.00721167 71752
0 COSMOS 1024 DEB
1 48090U 78066J   23250.05898630 -.00001158  00000-0  41170-2 0  9990
2 48090  62.3358 129.2629 7352820  46.8448 354.7820  2.00720276 71768
0 COSMOS 1024 DEB
1 48090U 78066J   23250.55719364 -.00001163  00000-0  41243-2 0  9998
2 48090  62.3350 129.1877 7353065  46.8525 354.7807  2.00719365 71775
0 COSMOS 1024 DEB
1 48090U 78066J   23251.55362184 -.00001153  00000-0  43228-2 0  9997
2 48090  62.3338 129.0375 7353539  46.8677 354.7830  2.00717550 71799
0 COSMOS 1024 DEB
1 48090U 78066J   23252.55006779 -.00001127  00000-0  45188-2 0  9991
2 48090  62.3328 128.8876 7354006  46.8826 354.7917  2.00715734 71818
0 COSMOS 1024 DEB
1 48090U 78066J   23252.55006779 -.00001127  00000-0  45188-2 0  9991
2 48090  62.3328 128.8876 7354006  46.8826 354.7917  2.00715734 71818
0 COSMOS 1024 DEB
1 48090U 78066J   23253.54652976 -.00001094  00000-0  45464-2 0  9997
2 48090  62.3319 128.7377 7354464  46.8975 354.8058  2.00713924 71834
0 COSMOS 1024 DEB
1 48090U 78066J   23254.54300533 -.00001073  00000-0  41689-2 0  9999
2 48090  62.3309 128.5876 7354913  46.9124 354.8236  2.00712083 71856
0 COSMOS 1024 DEB
1 48090U 78066J   23255.53949138 -.00001048  00000-0  38370-2 0  9994
2 48090  62.3303 128.4378 7355376  46.9272 354.8428  2.00710283 71879
0 COSMOS 1024 DEB
1 48090U 78066J   23255.53949138 -.00001048  00000-0  38370-2 0  9994
2 48090  62.3303 128.4378 7355376  46.9272 354.8428  2.00710283 71879
0 COSMOS 1024 DEB
1 48090U 78066J   23256.53598467 -.00001036  00000-0  33083-2 0  9993
2 48090  62.3292 128.2874 7355811  46.9423 354.8611  2.00708484 71893
0 COSMOS 1024 DEB
1 48090U 78066J   23257.03423413 -.00001028  00000-0  31663-2 0  9990
2 48090  62.3288 128.2125 7356043  46.9497 354.8692  2.00707524 71901
0 COSMOS 1024 DEB
1 48090U 78066J   23257.53248387 -.00001023  00000-0  30037-2 0  9999
2 48090  62.3282 128.1371 7356254  46.9574 354.8763  2.00706623 71916
0 COSMOS 1024 DEB
1 48090U 78066J   23258.03073510 -.00001024  00000-0  27807-2 0  9991
2 48090  62.3277 128.0621 7356485  46.9649 354.8822  2.00705618 71926
0 COSMOS 1024 DEB
1 48090U 78066J   23258.52898659 -.00001019  00000-0  27397-2 0  9992
2 48090  62.3273 127.9869 7356709  46.9725 354.8866  2.00704671 71935
0 COSMOS 1024 DEB
1 48090U 78066J   23259.52549049 -.00001011  00000-0  27711-2 0  9991
2 48090  62.3265 127.8366 7357168  46.9876 354.8909  2.00702769 71950
0 COSMOS 1024 DEB
1 48090U 78066J   23260.02374271 -.00001007  00000-0  28766-2 0  9997
2 48090  62.3262 127.7615 7357401  46.9952 354.8906  2.00701828 71961
0 COSMOS 1024 DEB
1 48090U 78066J   23263.01326837 -.00001036  00000-0  29177-2 0  9993
2 48090  62.3243 127.3106 7358939  47.0417 354.8622  2.00696109 72024
0 COSMOS 1024 DEB
1 48090U 78066J   23263.51152816 -.00001047  00000-0  28093-2 0  9990
2 48090  62.3239 127.2354 7359217  47.0498 354.8556  2.00695159 72033
0 COSMOS 1024 DEB
1 48090U 78066J   23265.50460400 -.00001083  00000-0  22861-2 0  9999
2 48090  62.3219 126.9337 7360366  47.0829 354.8381  2.00691343 72074
0 COSMOS 1024 DEB
1 48090U 78066J   23265.50460400 -.00001083  00000-0  22861-2 0  9999
2 48090  62.3219 126.9337 7360366  47.0829 354.8381  2.00691343 72074
0 COSMOS 1024 DEB
1 48090U 78066J   23267.49775533 -.00001032  00000-0  27592-2 0  9995
2 48090  62.3194 126.6311 7361536  47.1168 354.8468  2.00687728 72115
0 COSMOS 1024 DEB
1 48090U 78066J   23267.99605459 -.00001007  00000-0  29872-2 0  9994
2 48090  62.3188 126.5555 7361827  47.1253 354.8530  2.00686842 72122
0 COSMOS 1024 DEB
1 48090U 78066J   23267.99605459 -.00001007  00000-0  29872-2 0  9994
2 48090  62.3188 126.5555 7361827  47.1253 354.8530  2.00686842 72122
0 COSMOS 1024 DEB
1 48090U 78066J   23268.99266313 -.00000941  00000-0  37313-2 0  9992
2 48090  62.3176 126.4040 7362425  47.1424 354.8677  2.00685137 72142
0 COSMOS 1024 DEB
1 48090U 78066J   23270.98589900 -.00000827  00000-0  49637-2 0  9999
2 48090  62.3161 126.1016 7363651  47.1763 354.8920  2.00681697 72186
0 COSMOS 1024 DEB
1 48090U 78066J   23270.98589900 -.00000827  00000-0  49637-2 0  9999
2 48090  62.3161 126.1016 7363651  47.1763 354.8920  2.00681697 72186
0 COSMOS 1024 DEB
1 48090U 78066J   23272.97912929 -.00000790  00000-0  56855-2 0  9990
2 48090  62.3145 125.7993 7364904  47.2107 354.8882  2.00678345 72220
0 COSMOS 1024 DEB
1 48090U 78066J   23274.47404504 -.00000820  00000-0  58267-2 0  9995
2 48090  62.3129 125.5720 7365841  47.2369 354.8662  2.00676060 72250
0 COSMOS 1024 DEB
1 48090U 78066J   23274.47404504 -.00000820  00000-0  58267-2 0  9995
2 48090  62.3129 125.5720 7365841  47.2369 354.8662  2.00676060 72250
0 COSMOS 1024 DEB
1 48090U 78066J   23275.47065934 -.00000865  00000-0  55657-2 0  9995
2 48090  62.3118 125.4203 7366429  47.2543 354.8477  2.00674569 72278
0 COSMOS 1024 DEB
1 48090U 78066J   23276.46728276 -.00000903  00000-0  53611-2 0  9991
2 48090  62.3108 125.2685 7366986  47.2715 354.8306  2.00673100 72291
0 COSMOS 1024 DEB
1 48090U 78066J   23276.96560009 -.00000914  00000-0  53510-2 0  9994
2 48090  62.3103 125.1928 7367246  47.2800 354.8236  2.00672309 72304
0 COSMOS 1024 DEB
1 48090U 78066J   23277.46392031 -.00000921  00000-0  53388-2 0  9999
2 48090  62.3096 125.1166 7367509  47.2887 354.8179  2.00671606 72312
0 COSMOS 1024 DEB
1 48090U 78066J   23278.46057331 -.00000909  00000-0  55490-2 0  9993
2 48090  62.3084 124.9648 7368009  47.3056 354.8113  2.00670153 72332
0 COSMOS 1024 DEB
1 48090U 78066J   23278.95890632 -.00000905  00000-0  55099-2 0  9997
2 48090  62.3081 124.8892 7368252  47.3138 354.8106  2.00669374 72346
0 COSMOS 1024 DEB
1 48090U 78066J   23279.95558426 -.00000877  00000-0  55698-2 0  9993
2 48090  62.3073 124.7376 7368736  47.3304 354.8137  2.00667853 72361
0 COSMOS 1024 DEB
1 48090U 78066J   23279.95558426 -.00000877  00000-0  55698-2 0  9993
2 48090  62.3073 124.7376 7368736  47.3304 354.8137  2.00667853 72361
0 COSMOS 1024 DEB
1 48090U 78066J   23280.45392893 -.00000862  00000-0  55219-2 0  9997
2 48090  62.3069 124.6617 7368972  47.3387 354.8172  2.00667061 72377
0 COSMOS 1024 DEB
1 48090U 78066J   23281.45062699 -.00000837  00000-0  52511-2 0  9990
2 48090  62.3062 124.5102 7369447  47.3552 354.8270  2.00665509 72396
0 COSMOS 1024 DEB
1 48090U 78066J   23282.94569133 -.00000806  00000-0  47107-2 0  9991
2 48090  62.3052 124.2830 7370161  47.3799 354.8443  2.00663162 72427
0 COSMOS 1024 DEB
1 48090U 78066J   23282.94569133 -.00000806  00000-0  47107-2 0  9991
2 48090  62.3052 124.2830 7370161  47.3799 354.8443  2.00663162 72427
0 COSMOS 1024 DEB
1 48090U 78066J   23286.93257054 -.00000779  00000-0  38483-2 0  9996
2 48090  62.3020 123.6757 7372039  47.4467 354.8542  2.00656619 72500
0 COSMOS 1024 DEB
1 48090U 78066J   23286.93257054 -.00000779  00000-0  38483-2 0  9996
2 48090  62.3020 123.6757 7372039  47.4467 354.8542  2.00656619 72500
0 COSMOS 1024 DEB
1 48090U 78066J   23287.92929226 -.00000796  00000-0  36418-2 0  9998
2 48090  62.3015 123.5240 7372540  47.4636 354.8420  2.00654840 72526
0 COSMOS 1024 DEB
1 48090U 78066J   23288.92601554 -.00000819  00000-0  34392-2 0  9995
2 48090  62.3010 123.3722 7373064  47.4807 354.8248  2.00653051 72549
0 COSMOS 1024 DEB
1 48090U 78066J   23288.92601554 -.00000819  00000-0  34392-2 0  9995
2 48090  62.3010 123.3722 7373064  47.4807 354.8248  2.00653051 72549
0 COSMOS 1024 DEB
1 48090U 78066J   23295.90340381 -.00000799  00000-0  32118-2 0  9990
2 48090  62.2943 122.3054 7377122  47.6072 354.7600  2.00640838 72680
0 COSMOS 1024 DEB
1 48090U 78066J   23295.90340381 -.00000799  00000-0  32118-2 0  9990
2 48090  62.2943 122.3054 7377122  47.6072 354.7600  2.00640838 72680
0 COSMOS 1024 DEB
1 48090U 78066J   23298.89389546 -.00000667  00000-0  43274-2 0  9996
2 48090  62.2915 121.8477 7378974  47.6627 354.7691  2.00635858 72747
0 COSMOS 1024 DEB
1 48090U 78066J   23298.89389546 -.00000667  00000-0  43274-2 0  9996
2 48090  62.2915 121.8477 7378974  47.6627 354.7691  2.00635858 72747
0 COSMOS 1024 DEB
1 48090U 78066J   23300.88754632 -.00000671  00000-0  46941-2 0  9990
2 48090  62.2912 121.5431 7380237  47.6992 354.7387  2.00632692 72780
0 COSMOS 1024 DEB
1 48090U 78066J   23301.38595849 -.00000686  00000-0  47045-2 0  9991
2 48090  62.2911 121.4676 7380558  47.7076 354.7272  2.00631924 72790
0 COSMOS 1024 DEB
1 48090U 78066J   23301.38595849 -.00000686  00000-0  47045-2 0  9991
2 48090  62.2911 121.4676 7380558  47.7076 354.7272  2.00631924 72790
0 COSMOS 1024 DEB
1 48090U 78066J   23302.38278420 -.00000717  00000-0  47583-2 0  9997
2 48090  62.2901 121.3153 7381153  47.7262 354.7020  2.00630493 72811
0 COSMOS 1024 DEB
1 48090U 78066J   23302.88119981 -.00000740  00000-0  46697-2 0  9999
2 48090  62.2889 121.2445 7381374  47.7360 354.6893  2.00629760 72826
0 COSMOS 1024 DEB
1 48090U 78066J   23302.88119981 -.00000740  00000-0  46697-2 0  9999
2 48090  62.2889 121.2445 7381374  47.7360 354.6893  2.00629760 72826
0 COSMOS 1024 DEB
1 48090U 78066J   23303.37961827 -.00000760  00000-0  45995-2 0  9990
2 48090  62.2884 121.1673 7381660  47.7453 354.6774  2.00629021 72833
0 COSMOS 1024 DEB
1 48090U 78066J   23304.37646534 -.00000798  00000-0  43812-2 0  9993
2 48090  62.2869 121.0126 7382207  47.7645 354.6572  2.00627535 72855
0 COSMOS 1024 DEB
1 48090U 78066J   23304.87489501 -.00000808  00000-0  43180-2 0  9997
2 48090  62.2867 120.9375 7382473  47.7724 354.6497  2.00626804 72865
0 COSMOS 1024 DEB
1 48090U 78066J   23305.87176712 -.00000819  00000-0  41504-2 0  9995
2 48090  62.2856 120.7852 7382978  47.7903 354.6395  2.00625278 72883
0 COSMOS 1024 DEB
1 48090U 78066J   23306.86865601 -.00000807  00000-0  40603-2 0  9993
2 48090  62.2842 120.6316 7383470  47.8086 354.6362  2.00623751 72904
0 COSMOS 1024 DEB
1 48090U 78066J   23307.86556044 -.00000785  00000-0  39408-2 0  9998
2 48090  62.2836 120.4799 7383959  47.8260 354.6386  2.00622197 72927
0 COSMOS 1024 DEB
1 48090U 78066J   23309.85940266 -.00000726  00000-0  37114-2 0  9999
2 48090  62.2823 120.1758 7384913  47.8606 354.6515  2.00619137 72968
0 COSMOS 1024 DEB
1 48090U 78066J   23309.85940266 -.00000726  00000-0  37114-2 0  9999
2 48090  62.2823 120.1758 7384913  47.8606 354.6515  2.00619137 72968
0 COSMOS 1024 DEB
1 48090U 78066J   23310.85633491 -.00000718  00000-0  33844-2 0  9997
2 48090  62.2813 120.0217 7385395  47.8785 354.6571  2.00617486 72988
0 COSMOS 1024 DEB
1 48090U 78066J   23311.85326966 -.00000719  00000-0  30807-2 0  9991
2 48090  62.2805 119.8684 7385869  47.8961 354.6593  2.00615836 73000
0 COSMOS 1024 DEB
1 48090U 78066J   23316.83796367 -.00000824  00000-0  21355-2 0  9995
2 48090  62.2757 119.1026 7388398  47.9866 354.5905  2.00607100 73106
0 COSMOS 1024 DEB
1 48090U 78066J   23316.83796367 -.00000824  00000-0  21355-2 0  9995
2 48090  62.2757 119.1026 7388398  47.9866 354.5905  2.00607100 73106
0 COSMOS 1024 DEB
1 48090U 78066J   23318.33339863 -.00000878  00000-0  17637-2 0  9993
2 48090  62.2743 118.8720 7389251  48.0143 354.5569  2.00604295 73138
0 COSMOS 1024 DEB
1 48090U 78066J   23319.33037280 -.00000900  00000-0  15999-2 0  9997
2 48090  62.2730 118.7183 7389822  48.0334 354.5391  2.00602458 73156
0 COSMOS 1024 DEB
1 48090U 78066J   23319.33037280 -.00000900  00000-0  15999-2 0  9997
2 48090  62.2730 118.7183 7389822  48.0334 354.5391  2.00602458 73156
0 COSMOS 1024 DEB
1 48090U 78066J   23322.81993180 -.00000832  00000-0  19587-2 0  9995
2 48090  62.2667 118.1772 7391798  48.1025 354.5303  2.00596137 73223
0 COSMOS 1024 DEB
1 48090U 78066J   23322.81993180 -.00000832  00000-0  19587-2 0  9995
2 48090  62.2667 118.1772 7391798  48.1025 354.5303  2.00596137 73223
0 COSMOS 1024 DEB
1 48090U 78066J   23324.31551081 -.00000754  00000-0  24873-2 0  9999
2 48090  62.2637 117.9443 7392677  48.1330 354.5404  2.00593508 73252
0 COSMOS 1024 DEB
1 48090U 78066J   23325.31256787 -.00000715  00000-0  28004-2 0  9992
2 48090  62.2620 117.7894 7393273  48.1532 354.5424  2.00591767 73278
0 COSMOS 1024 DEB
1 48090U 78066J   23325.31256787 -.00000715  00000-0  28004-2 0  9992
2 48090  62.2620 117.7894 7393273  48.1532 354.5424  2.00591767 73278
0 COSMOS 1024 DEB
1 48090U 78066J   23325.81109542 -.00000695  00000-0  30176-2 0  9993
2 48090  62.2605 117.7105 7393568  48.1644 354.5406  2.00590955 73286
0 COSMOS 1024 DEB
1 48090U 78066J   23326.80814803 -.00000687  00000-0  32167-2 0  9999
2 48090  62.2581 117.5537 7394166  48.1850 354.5308  2.00589287 73300
0 COSMOS 1024 DEB
1 48090U 78066J   23328.80224752 -.00000745  00000-0  32783-2 0  9998
2 48090  62.2542 117.2434 7395331  48.2249 354.4899  2.00586054 73345
0 COSMOS 1024 DEB
1 48090U 78066J   23328.80224752 -.00000745  00000-0  32783-2 0  9998
2 48090  62.2542 117.2434 7395331  48.2249 354.4899  2.00586054 73345
0 COSMOS 1024 DEB
1 48090U 78066J   23330.79636723 -.00000834  00000-0  31630-2 0  9993
2 48090  62.2501 116.9316 7396411  48.2645 354.4426  2.00582986 73385
0 COSMOS 1024 DEB
1 48090U 78066J   23331.79344812 -.00000873  00000-0  30214-2 0  9999
2 48090  62.2486 116.7783 7396905  48.2832 354.4257  2.00581401 73405
0 COSMOS 1024 DEB
1 48090U 78066J   23331.79344812 -.00000873  00000-0  30214-2 0  9999
2 48090  62.2486 116.7783 7396905  48.2832 354.4257  2.00581401 73405
0 COSMOS 1024 DEB
1 48090U 78066J   23334.78479739 -.00000871  00000-0  27986-2 0  9998
2 48090  62.2443 116.3150 7398327  48.3382 354.4187  2.00576608 73464
0 COSMOS 1024 DEB
1 48090U 78066J   23334.78479739 -.00000871  00000-0  27986-2 0  9998
2 48090  62.2443 116.3150 7398327  48.3382 354.4187  2.00576608 73464
0 COSMOS 1024 DEB
1 48090U 78066J   23336.77910202 -.00000859  00000-0  22694-2 0  9991
2 48090  62.2420 116.0070 7399238  48.3741 354.4377  2.00573193 73500
0 COSMOS 1024 DEB
1 48090U 78066J   23337.77626754 -.00000857  00000-0  20114-2 0  9991
2 48090  62.2406 115.8523 7399685  48.3924 354.4472  2.00571419 73520
0 COSMOS 1024 DEB
1 48090U 78066J   23337.77626754 -.00000857  00000-0  20114-2 0  9991
2 48090  62.2406 115.8523 7399685  48.3924 354.4472  2.00571419 73520
0 COSMOS 1024 DEB
1 48090U 78066J   23338.77343786 -.00000862  00000-0  17901-2 0  9999
2 48090  62.2391 115.6976 7400125  48.4106 354.4537  2.00569605 73546
0 COSMOS 1024 DEB
1 48090U 78066J   23342.76214353 -.00000961  00000-0  11625-2 0  9997
2 48090  62.2338 115.0787 7401980  48.4836 354.4285  2.00561879 73625
0 COSMOS 1024 DEB
1 48090U 78066J   23342.76214353 -.00000961  00000-0  11625-2 0  9997
2 48090  62.2338 115.0787 7401980  48.4836 354.4285  2.00561879 73625
0 COSMOS 1024 DEB
1 48090U 78066J   23343.26073513 -.00000981  00000-0  10814-2 0  9995
2 48090  62.2324 114.9990 7402238  48.4940 354.4201  2.00560881 73638
0 COSMOS 1024 DEB
1 48090U 78066J   23343.75932885 -.00001007  00000-0  94830-3 0  9996
2 48090  62.2318 114.9211 7402502  48.5033 354.4114  2.00559849 73641
0 COSMOS 1024 DEB
1 48090U 78066J   23344.25792488 -.00001031  00000-0  83461-3 0  9990
2 48090  62.2309 114.8434 7402763  48.5127 354.4025  2.00558824 73654
0 COSMOS 1024 DEB
1 48090U 78066J   23344.75652374 -.00001054  00000-0  71658-3 0  9994
2 48090  62.2300 114.7655 7403029  48.5223 354.3939  2.00557797 73664
0 COSMOS 1024 DEB
1 48090U 78066J   23345.25512605 -.00001075  00000-0  61280-3 0  9995
2 48090  62.2289 114.6872 7403290  48.5323 354.3858  2.00556765 73676
0 COSMOS 1024 DEB
1 48090U 78066J   23345.25512605 -.00001075  00000-0  61280-3 0  9995
2 48090  62.2289 114.6872 7403290  48.5323 354.3858  2.00556765 73676
0 COSMOS 1024 DEB
1 48090U 78066J   23345.75373261 -.00001093  00000-0  52698-3 0  9996
2 48090  62.2282 114.6102 7403558  48.5416 354.3788  2.00555737 73686
0 COSMOS 1024 DEB
1 48090U 78066J   23346.25234356 -.00001106  00000-0  47553-3 0  9992
2 48090  62.2271 114.5319 7403820  48.5515 354.3731  2.00554712 73696
0 COSMOS 1024 DEB
1 48090U 78066J   23347.24958072 -.00001115  00000-0  45459-3 0  9993
2 48090  62.2258 114.3775 7404358  48.5701 354.3669  2.00552687 73711
0 COSMOS 1024 DEB
1 48090U 78066J   23347.74820709 -.00001110  00000-0  50157-3 0  9999
2 48090  62.2246 114.2994 7404622  48.5799 354.3667  2.00551695 73728
0 COSMOS 1024 DEB
1 48090U 78066J   23347.74820709 -.00001110  00000-0  50157-3 0  9999
2 48090  62.2246 114.2994 7404622  48.5799 354.3667  2.00551695 73728
0 COSMOS 1024 DEB
1 48090U 78066J   23348.74547572 -.00001084  00000-0  67216-3 0  9998
2 48090  62.2226 114.1433 7405151  48.5993 354.3718  2.00549711 73742
0 COSMOS 1024 DEB
1 48090U 78066J   23349.74276316 -.00001046  00000-0  88120-3 0  9999
2 48090  62.2206 113.9870 7405685  48.6189 354.3831  2.00547708 73764
0 COSMOS 1024 DEB
1 48090U 78066J   23350.74006448 -.00000995  00000-0  11797-2 0  9995
2 48090  62.2186 113.8306 7406222  48.6386 354.3972  2.00545742 73785
0 COSMOS 1024 DEB
1 48090U 78066J   23350.74006448 -.00000995  00000-0  11797-2 0  9995
2 48090  62.2186 113.8306 7406222  48.6386 354.3972  2.00545742 73785
0 COSMOS 1024 DEB
1 48090U 78066J   23351.73737362 -.00000953  00000-0  14232-2 0  9992
2 48090  62.2170 113.6748 7406774  48.6579 354.4099  2.00543763 73807
0 COSMOS 1024 DEB
1 48090U 78066J   23352.73468370 -.00000917  00000-0  16972-2 0  9996
2 48090  62.2150 113.5178 7407337  48.6776 354.4172  2.00541894 73823
0 COSMOS 1024 DEB
1 48090U 78066J   23353.73199315 -.00000919  00000-0  17774-2 0  9990
2 48090  62.2131 113.3613 7407895  48.6972 354.4165  2.00539941 73845
0 COSMOS 1024 DEB
1 48090U 78066J   23353.73199315 -.00000919  00000-0  17774-2 0  9990
2 48090  62.2131 113.3613 7407895  48.6972 354.4165  2.00539941 73845
0 COSMOS 1024 DEB
1 48090U 78066J   23354.72929918 -.00000940  00000-0  18290-2 0  9998
2 48090  62.2111 113.2050 7408439  48.7171 354.4074  2.00538106 73867
0 COSMOS 1024 DEB
1 48090U 78066J   23359.21725607 -.00001143  00000-0  15948-2 0  9999
2 48090  62.2009 112.4984 7410609  48.8053 354.3452  2.00529944 73951
0 COSMOS 1024 DEB
1 48090U 78066J   23359.21725607 -.00001143  00000-0  15948-2 0  9999
2 48090  62.2009 112.4984 7410609  48.8053 354.3452  2.00529944 73951
0 COSMOS 1024 DEB
1 48090U 78066J   23359.71593773 -.00001150  00000-0  15830-2 0  9999
2 48090  62.1997 112.4199 7410815  48.8150 354.3445  2.00529023 73962
0 COSMOS 1024 DEB
1 48090U 78066J   23360.21462480 -.00001154  00000-0  15667-2 0  9998
2 48090  62.1986 112.3413 7411027  48.8247 354.3459  2.00528078 73976
0 COSMOS 1024 DEB
1 48090U 78066J   23360.71331652 -.00001156  00000-0  15220-2 0  9996
2 48090  62.1978 112.2634 7411239  48.8338 354.3493  2.00527130 73984
0 COSMOS 1024 DEB
1 48090U 78066J   23361.21201323 -.00001158  00000-0  14541-2 0  9990
2 48090  62.1968 112.1850 7411448  48.8433 354.3543  2.00526151 73999
0 COSMOS 1024 DEB
1 48090U 78066J   23362.20941880 -.00001156  00000-0  12807-2 0  9990
2 48090  62.1950 112.0283 7411866  48.8618 354.3686  2.00524197 74018
0 COSMOS 1024 DEB
1 48090U 78066J   23362.20941880 -.00001156  00000-0  12807-2 0  9990
2 48090  62.1950 112.0283 7411866  48.8618 354.3686  2.00524197 74018
0 COSMOS 1024 DEB
1 48090U 78066J   23363.70555292 -.00001166  00000-0  85848-3 0  9991
2 48090  62.1925 111.7936 7412480  48.8891 354.3957  2.00521129 74043
0 COSMOS 1024 DEB
1 48090U 78066J   23364.70298792 -.00001166  00000-0  65511-3 0  9996
2 48090  62.1905 111.6373 7412862  48.9074 354.4135  2.00519083 74060
0 COSMOS 1024 DEB
1 48090U 78066J   23364.70298792 -.00001166  00000-0  65511-3 0  9996
2 48090  62.1905 111.6373 7412862  48.9074 354.4135  2.00519083 74060
0 COSMOS 1024 DEB
1 48090U 78066J   24001.69787724 -.00001190  00000-0  31027-3 0  9993
2 48090  62.1872 111.3244 7413643  48.9431 354.4391  2.00514722 74106
0 COSMOS 1024 DEB
1 48090U 78066J   24002.69532781 -.00001197  00000-0  30645-3 0  9997
2 48090  62.1855 111.1673 7414044  48.9611 354.4441  2.00512540 74121
0 COSMOS 1024 DEB
1 48090U 78066J   24002.69532781 -.00001197  00000-0  30645-3 0  9997
2 48090  62.1855 111.1673 7414044  48.9611 354.4441  2.00512540 74121
0 COSMOS 1024 DEB
1 48090U 78066J   24004.69024154 -.00001265  00000-0  80594-4 0  9994
2 48090  62.1829 110.8544 7414911  48.9965 354.4383  2.00507872 74161
0 COSMOS 1024 DEB
1 48090U 78066J   24005.68770672 -.00001309  00000-0 -58226-4 0  9994
2 48090  62.1818 110.6991 7415381  49.0136 354.4298  2.00505545 74189
0 COSMOS 1024 DEB
1 48090U 78066J   24005.68770672 -.00001309  00000-0 -58226-4 0  9994
2 48090  62.1818 110.6991 7415381  49.0136 354.4298  2.00505545 74189
0 COSMOS 1024 DEB
1 48090U 78066J   24006.68518201 -.00001363  00000-0 -27543-3 0  9990
2 48090  62.1799 110.5412 7415860  49.0328 354.4203  2.00503161 74200
0 COSMOS 1024 DEB
1 48090U 78066J   24011.17405195 -.00001388  00000-0 -28891-3 0  9991
2 48090  62.1702 109.8283 7418082  49.1192 354.4341  2.00492565 74297
0 COSMOS 1024 DEB
1 48090U 78066J   24011.17405195 -.00001388  00000-0 -28891-3 0  9991
2 48090  62.1702 109.8283 7418082  49.1192 354.4341  2.00492565 74297
0 COSMOS 1024 DEB
1 48090U 78066J   24012.17163552 -.00001331  00000-0 -20731-4 0  9994
2 48090  62.1680 109.6694 7418572  49.1391 354.4541  2.00490291 74310
0 COSMOS 1024 DEB
1 48090U 78066J   24016.16204893 -.00001217  00000-0  61984-3 0  9997
2 48090  62.1599 109.0359 7420625  49.2182 354.5090  2.00481101 74390
0 COSMOS 1024 DEB
1 48090U 78066J   24016.16204893 -.00001217  00000-0  61984-3 0  9997
2 48090  62.1599 109.0359 7420625  49.2182 354.5090  2.00481101 74390
0 COSMOS 1024 DEB
1 48090U 78066J   24017.15965367 -.00001269  00000-0  48024-3 0  9994
2 48090  62.1579 108.8781 7421137  49.2378 354.5040  2.00478773 74419
0 COSMOS 1024 DEB
1 48090U 78066J   24017.65845673 -.00001277  00000-0  55437-3 0  9991
2 48090  62.1567 108.7977 7421387  49.2480 354.4991  2.00477760 74423
0 COSMOS 1024 DEB
1 48090U 78066J   24018.15726110 -.00001312  00000-0  47209-3 0  9999
2 48090  62.1555 108.7181 7421631  49.2581 354.4933  2.00476637 74430
0 COSMOS 1024 DEB
1 48090U 78066J   24023.14552613 -.00001466  00000-0  17772-3 0  9991
2 48090  62.1451 107.9237 7423715  49.3550 354.4858  2.00465355 74532
0 COSMOS 1024 DEB
1 48090U 78066J   24023.14552613 -.00001466  00000-0  17772-3 0  9991
2 48090  62.1451 107.9237 7423715  49.3550 354.4858  2.00465355 74532
0 COSMOS 1024 DEB
1 48090U 78066J   24025.14096864 -.00001411  00000-0  15361-3 0  9996
2 48090  62.1410 107.6053 7424460  49.3940 354.5259  2.00460905 74577
0 COSMOS 1024 DEB
1 48090U 78066J   24025.14096864 -.00001411  00000-0  15361-3 0  9996
2 48090  62.1410 107.6053 7424460  49.3940 354.5259  2.00460905 74577
0 COSMOS 1024 DEB
1 48090U 78066J   24031.62642264 -.00001485  00000-0 -61875-3 0  9990
2 48090  62.1279 106.5584 7427160  49.4935 354.6057  2.00444366 74707
0 COSMOS 1024 DEB
1 48090U 78066J   24031.62642264 -.00001485  00000-0 -61875-3 0  9990
2 48090  62.1279 106.5584 7427160  49.4935 354.6057  2.00444366 74707
0 COSMOS 1024 DEB
1 48090U 78066J   24032.12531438 -.00001501  00000-0 -65871-3 0  9995
2 48090  62.1275 106.4801 7427363  49.5033 354.6029  2.00443032 74718
0 COSMOS 1024 DEB
1 48090U 78066J   24032.62420729 -.00001513  00000-0 -67442-3 0  9999
2 48090  62.1292 106.4108 7427409  49.5270 354.5970  2.00441731 74720
0 COSMOS 1024 DEB
1 48090U 78066J   24032.62420729 -.00001513  00000-0 -67442-3 0  9999
2 48090  62.1292 106.4108 7427409  49.5270 354.5970  2.00441731 74720
0 COSMOS 1024 DEB
1 48090U 78066J   24034.12090814 -.00001599  00000-0 -10141-2 0  9991
2 48090  62.1273 106.1733 7428091  49.5553 354.5862  2.00437530 74757
0 COSMOS 1024 DEB
1 48090U 78066J   24035.61764789 -.00001624  00000-0 -10809-2 0  9995
2 48090  62.1246 105.9339 7428793  49.5841 354.5815  2.00433563 74788
0 COSMOS 1024 DEB
1 48090U 78066J   24035.61764789 -.00001624  00000-0 -10809-2 0  9995
2 48090  62.1246 105.9339 7428793  49.5841 354.5815  2.00433563 74788
0 COSMOS 1024 DEB
1 48090U 78066J   24037.61338116 -.00001597  00000-0 -10244-2 0  9990
2 48090  62.1204 105.6131 7429732  49.6228 354.5969  2.00428202 74822
0 COSMOS 1024 DEB
1 48090U 78066J   24038.11232890 -.00001561  00000-0 -88964-3 0  9994
2 48090  62.1194 105.5331 7429952  49.6338 354.6048  2.00426955 74830
0 COSMOS 1024 DEB
1 48090U 78066J   24038.11232890 -.00001561  00000-0 -88964-3 0  9994
2 48090  62.1194 105.5331 7429952  49.6338 354.6048  2.00426955 74830
0 COSMOS 1024 DEB
1 48090U 78066J   24039.11023973 -.00001500  00000-0 -70139-3 0  9993
2 48090  62.1176 105.3727 7430447  49.6511 354.6248  2.00424368 74851
0 COSMOS 1024 DEB
1 48090U 78066J   24039.60920109 -.00001432  00000-0 -41954-3 0  9991
2 48090  62.1166 105.2925 7430687  49.6615 354.6355  2.00423263 74863
0 COSMOS 1024 DEB
1 48090U 78066J   24041.10609992 -.00001356  00000-0 -22328-3 0  9992
2 48090  62.1140 105.0522 7431398  49.6946 354.6646  2.00419362 74894
0 COSMOS 1024 DEB
1 48090U 78066J   24041.10609992 -.00001356  00000-0 -22328-3 0  9992
2 48090  62.1140 105.0522 7431398  49.6946 354.6646  2.00419362 74894
0 COSMOS 1024 DEB
1 48090U 78066J   24041.60506825 -.00001271  00000-0  16496-3 0  9992
2 48090  62.1131 104.9719 7431644  49.7051 354.6718  2.00418441 74901
0 COSMOS 1024 DEB
1 48090U 78066J   24042.60300657 -.00001286  00000-0  57152-4 0  9999
2 48090  62.1116 104.8116 7432180  49.7246 354.6801  2.00415708 74924
0 COSMOS 1024 DEB
1 48090U 78066J   24043.60094308 -.00001275  00000-0  15948-3 0  9997
2 48090  62.1099 104.6512 7432709  49.7445 354.6792  2.00413354 74946
0 COSMOS 1024 DEB
1 48090U 78066J   24043.60094308 -.00001275  00000-0  15948-3 0  9997
2 48090  62.1099 104.6512 7432709  49.7445 354.6792  2.00413354 74946
0 COSMOS 1024 DEB
1 48090U 78066J   24044.59887968 -.00001219  00000-0  54685-3 0  9997
2 48090  62.1082 104.4906 7433219  49.7647 354.6701  2.00411451 74962
0 COSMOS 1024 DEB
1 48090U 78066J   24045.09784826 -.00001224  00000-0  59709-3 0  9990
2 48090  62.1073 104.4103 7433461  49.7755 354.6634  2.00410430 74972
0 COSMOS 1024 DEB
1 48090U 78066J   24045.59681917 -.00001271  00000-0  45214-3 0  9990
2 48090  62.1062 104.3298 7433721  49.7852 354.6563  2.00409201 74987
0 COSMOS 1024 DEB
1 48090U 78066J   24047.09374976 -.00001351  00000-0  28827-3 0  9991
2 48090  62.1034 104.0883 7434426  49.8141 354.6363  2.00405859 75016
0 COSMOS 1024 DEB
1 48090U 78066J   24047.09374976 -.00001351  00000-0  28827-3 0  9991
2 48090  62.1034 104.0883 7434426  49.8141 354.6363  2.00405859 75016
0 COSMOS 1024 DEB
1 48090U 78066J   24048.59072203 -.00001349  00000-0  38518-3 0  9990
2 48090  62.1009 103.8471 7435128  49.8449 354.6281  2.00402405 75045
0 COSMOS 1024 DEB
1 48090U 78066J   24049.58873112 -.00001251  00000-0  78189-3 0  9998
2 48090  62.0994 103.6865 7435542  49.8656 354.6321  2.00400440 75066
0 COSMOS 1024 DEB
1 48090U 78066J   24049.58873112 -.00001251  00000-0  78189-3 0  9998
2 48090  62.0994 103.6865 7435542  49.8656 354.6321  2.00400440 75066
0 COSMOS 1024 DEB
1 48090U 78066J   24050.58676002 -.00001229  00000-0  74603-3 0  9991
2 48090  62.0978 103.5258 7435983  49.8806 354.6441  2.00398392 75086
0 COSMOS 1024 DEB
1 48090U 78066J   24051.58480439 -.00001250  00000-0  45941-3 0  9996
2 48090  62.0963 103.3651 7436320  49.9040 354.6597  2.00396275 75105
0 COSMOS 1024 DEB
1 48090U 78066J   24052.58286264 -.00001314  00000-0 -40102-4 0  9994
2 48090  62.0949 103.2045 7436676  49.9234 354.6781  2.00393958 75126
0 COSMOS 1024 DEB
1 48090U 78066J   24052.58286264 -.00001314  00000-0 -40102-4 0  9994
2 48090  62.0949 103.2045 7436676  49.9234 354.6781  2.00393958 75126
0 COSMOS 1024 DEB
1 48090U 78066J   24053.58093121 -.00001322  00000-0 -27599-3 0  9996
2 48090  62.0940 103.0442 7436994  49.9457 354.6955  2.00391656 75144
0 COSMOS 1024 DEB
1 48090U 78066J   24054.57900863 -.00001311  00000-0 -39271-3 0  9994
2 48090  62.0929 102.8841 7437336  49.9642 354.7103  2.00389232 75163
0 COSMOS 1024 DEB
1 48090U 78066J   24055.57709231 -.00001248  00000-0 -23503-3 0  9991
2 48090  62.0920 102.7238 7437702  49.9817 354.7203  2.00386851 75181
0 COSMOS 1024 DEB
1 48090U 78066J   24055.57709231 -.00001248  00000-0 -23503-3 0  9991
2 48090  62.0920 102.7238 7437702  49.9817 354.7203  2.00386851 75181
0 COSMOS 1024 DEB
1 48090U 78066J   24056.07613597 -.00001256  00000-0 -30931-3 0  9998
2 48090  62.0915 102.6437 7437922  49.9871 354.7237  2.00385568 75191
0 COSMOS 1024 DEB
1 48090U 78066J   24057.57327185 -.00001158  00000-0  60786-4 0  9991
2 48090  62.0900 102.4028 7438502  50.0143 354.7227  2.00382093 75222
0 COSMOS 1024 DEB
1 48090U 78066J   24057.57327185 -.00001158  00000-0  60786-4 0  9991
2 48090  62.0900 102.4028 7438502  50.0143 354.7227  2.00382093 75222
0 COSMOS 1024 DEB
1 48090U 78066J   24058.57136647 -.00001128  00000-0  19141-3 0  9998
2 48090  62.0889 102.2420 7438889  50.0342 354.7148  2.00379881 75246
0 COSMOS 1024 DEB
1 48090U 78066J   24059.56946723 -.00001153  00000-0  99279-4 0  9991
2 48090  62.0876 102.0809 7439305  50.0522 354.7033  2.00377591 75266
0 COSMOS 1024 DEB
1 48090U 78066J   24060.06852053 -.00001168  00000-0  43023-4 0  9992
2 48090  62.0869 102.0003 7439542  50.0588 354.6972  2.00376495 75273
0 COSMOS 1024 DEB
1 48090U 78066J   24060.56757660 -.00001180  00000-0 -74979-5 0  9995
2 48090  62.0861 101.9193 7439764  50.0673 354.6906  2.00375369 75281
0 COSMOS 1024 DEB
1 48090U 78066J   24061.56569699 -.00001188  00000-0 -51749-4 0  9996
2 48090  62.0848 101.7575 7440201  50.0866 354.6781  2.00373257 75308
0 COSMOS 1024 DEB
1 48090U 78066J   24062.56383279 -.00001226  00000-0 -24779-3 0  9990
2 48090  62.0836 101.5960 7440660  50.1064 354.6691  2.00371059 75321
0 COSMOS 1024 DEB
1 48090U 78066J   24062.56383279 -.00001226  00000-0 -24779-3 0  9990
2 48090  62.0836 101.5960 7440660  50.1064 354.6691  2.00371059 75321
0 COSMOS 1024 DEB
1 48090U 78066J   24063.56198755 -.00001308  00000-0 -64951-3 0  9991
2 48090  62.0823 101.4345 7441167  50.1241 354.6662  2.00368701 75343
0 COSMOS 1024 DEB
1 48090U 78066J   24064.56016177 -.00001338  00000-0 -87514-3 0  9992
2 48090  62.0812 101.2728 7441658  50.1466 354.6694  2.00366456 75360
0 COSMOS 1024 DEB
1 48090U 78066J   24065.55835654 -.00001238  00000-0 -62578-3 0  9993
2 48090  62.0800 101.1110 7442139  50.1712 354.6785  2.00364421 75383
0 COSMOS 1024 DEB
1 48090U 78066J   24065.55835654 -.00001238  00000-0 -62578-3 0  9993
2 48090  62.0800 101.1110 7442139  50.1712 354.6785  2.00364421 75383
0 COSMOS 1024 DEB
1 48090U 78066J   24066.55656947 -.00001032  00000-0 -16780-7 0  9990
2 48090  62.0785 100.9486 7442662  50.1924 354.6921  2.00362541 75400
0 COSMOS 1024 DEB
1 48090U 78066J   24067.55479443 -.00000835  00000-0  57188-3 0  9997
2 48090  62.0776 100.7875 7443236  50.2135 354.7061  2.00360291 75421
0 COSMOS 1024 DEB
1 48090U 78066J   24067.55479443 -.00000835  00000-0  57188-3 0  9997
2 48090  62.0776 100.7875 7443236  50.2135 354.7061  2.00360291 75421
0 COSMOS 1024 DEB
1 48090U 78066J   24069.55124512 -.00000352  00000-0  20909-2 0  9997
2 48090  62.0738 100.4599 7444304  50.2616 354.7171  2.00357794 75460
0 COSMOS 1024 DEB
1 48090U 78066J   24069.55124512 -.00000352  00000-0  20909-2 0  9997
2 48090  62.0738 100.4599 7444304  50.2616 354.7171  2.00357794 75460
0 COSMOS 1024 DEB
1 48090U 78066J   24070.54945805 -.00000426  00000-0  17642-2 0  9996
2 48090  62.0724 100.3006 7444774  50.2855 354.7093  2.00356779 75480
0 COSMOS 1024 DEB
1 48090U 78066J   24071.54766393 -.00000630  00000-0  10353-2 0  9999
2 48090  62.0699 100.1349 7445373  50.2965 354.6950  2.00355650 75508
0 COSMOS 1024 DEB
1 48090U 78066J   24071.54766393 -.00000630  00000-0  10353-2 0  9999
2 48090  62.0699 100.1349 7445373  50.2965 354.6950  2.00355650 75508
0 COSMOS 1024 DEB
1 48090U 78066J   24072.54586808 -.00000842  00000-0  33474-3 0  9996
2 48090  62.0688  99.9724 7445870  50.3161 354.6735  2.00354189 75528
0 COSMOS 1024 DEB
1 48090U 78066J   24073.54407962 -.00000842  00000-0  39469-3 0  9990
2 48090  62.0678  99.8109 7446410  50.3311 354.6516  2.00352785 75540
0 COSMOS 1024 DEB
1 48090U 78066J   24073.54407962 -.00000842  00000-0  39469-3 0  9990
2 48090  62.0678  99.8109 7446410  50.3311 354.6516  2.00352785 75540
0 COSMOS 1024 DEB
1 48090U 78066J   24074.04318950 -.00000828  00000-0  46258-3 0  9992
2 48090  62.0672  99.7298 7446656  50.3401 354.6413  2.00352045 75550
0 COSMOS 1024 DEB
1 48090U 78066J   24074.54230373 -.00000747  00000-0  74508-3 0  9998
2 48090  62.0668  99.6489 7446930  50.3485 354.6325  2.00351392 75560
0 COSMOS 1024 DEB
1 48090U 78066J   24075.54054341 -.00000597  00000-0  12254-2 0  9990
2 48090  62.0659  99.4869 7447421  50.3685 354.6194  2.00350243 75588
0 COSMOS 1024 DEB
1 48090U 78066J   24076.53879856 -.00000465  00000-0  15707-2 0  9996
2 48090  62.0646  99.3247 7447884  50.3884 354.6143  2.00349362 75604
0 COSMOS 1024 DEB
1 48090U 78066J   24076.53879856 -.00000465  00000-0  15707-2 0  9996
2 48090  62.0646  99.3247 7447884  50.3884 354.6143  2.00349362 75604
0 COSMOS 1024 DEB
1 48090U 78066J   24077.53706727 -.00000401  00000-0  16226-2 0  9990
2 48090  62.0632  99.1622 7448318  50.4076 354.6167  2.00348604 75627
0 COSMOS 1024 DEB
1 48090U 78066J   24079.53363078 -.00000149  00000-0  20140-2 0  9999
2 48090  62.0608  98.8377 7449096  50.4432 354.6353  2.00347846 75661
0 COSMOS 1024 DEB
1 48090U 78066J   24080.53191545 -.00000044  00000-0  21312-2 0  9995
2 48090  62.0607  98.6754 7449427  50.4662 354.6447  2.00347630 75687
0 COSMOS 1024 DEB
1 48090U 78066J   24081.53019736  .00000104  00000-0  24002-2 0  9992
2 48090  62.0602  98.5137 7449787  50.4836 354.6520  2.00347636 75709
0 COSMOS 1024 DEB
1 48090U 78066J   24081.53019759  .00000031  00000-0  21713-2 0  9992
2 48090  62.0604  98.5141 7449787  50.4845 354.6519  2.00347452 75700
0 COSMOS 1024 DEB
1 48090U 78066J   24082.02933618  .00000113  00000-0  23425-2 0  9999
2 48090  62.0601  98.4330 7449980  50.4929 354.6539  2.00347550 75716
0 COSMOS 1024 DEB
1 48090U 78066J   24082.52847382  .00000078  00000-0  21573-2 0  9998
2 48090  62.0604  98.3524 7450170  50.5015 354.6544  2.00347259 75726
0 COSMOS 1024 DEB
1 48090U 78066J   24084.52499954  .00000605  00000-0  35482-2 0  9998
2 48090  62.0601  98.0291 7450950  50.5392 354.6409  2.00348497 75764
0 COSMOS 1024 DEB
1 48090U 78066J   24084.52499954  .00000605  00000-0  35482-2 0  9998
2 48090  62.0601  98.0291 7450950  50.5392 354.6409  2.00348497 75764
0 COSMOS 1024 DEB
1 48090U 78066J   24085.52324607  .00000901  00000-0  43565-2 0  9991
2 48090  62.0596  97.8674 7451342  50.5584 354.6257  2.00349532 75782
0 COSMOS 1024 DEB
1 48090U 78066J   24086.52148335  .00000486  00000-0  30481-2 0  9995
2 48090  62.0586  97.7049 7451746  50.5781 354.6065  2.00349689 75806
0 COSMOS 1024 DEB
1 48090U 78066J   24086.52148335  .00000486  00000-0  30481-2 0  9995
2 48090  62.0586  97.7049 7451746  50.5781 354.6065  2.00349689 75806
0 COSMOS 1024 DEB
1 48090U 78066J   24089.51618210  .00000364  00000-0  24467-2 0  9993
2 48090  62.0559  97.2165 7452995  50.6368 354.5489  2.00350978 75867
0 COSMOS 1024 DEB
1 48090U 78066J   24089.51618210  .00000364  00000-0  24467-2 0  9993
2 48090  62.0559  97.2165 7452995  50.6368 354.5489  2.00350978 75867
0 COSMOS 1024 DEB
1 48090U 78066J   24090.01530035  .00000158  00000-0  18083-2 0  9996
2 48090  62.0543  97.1334 7453169  50.6478 354.5423  2.00350926 75875
0 COSMOS 1024 DEB
1 48090U 78066J   24091.51266956  .00000051  00000-0  13092-2 0  9997
2 48090  62.0535  96.8896 7453918  50.6776 354.5334  2.00351266 75901
0 COSMOS 1024 DEB
1 48090U 78066J   24091.51266956  .00000051  00000-0  13092-2 0  9997
2 48090  62.0535  96.8896 7453918  50.6776 354.5334  2.00351266 75901
0 COSMOS 1024 DEB
1 48090U 78066J   24095.50572112  .00000526  00000-0  19096-2 0  9991
2 48090  62.0504  96.2375 7456191  50.7614 354.5548  2.00351455 75986
0 COSMOS 1024 DEB
1 48090U 78066J   24095.50572112  .00000526  00000-0  19096-2 0  9991
2 48090  62.0504  96.2375 7456191  50.7614 354.5548  2.00351455 75986
0 COSMOS 1024 DEB
1 48090U 78066J   24096.00484772  .00000681  00000-0  22388-2 0  9991
2 48090  62.0500  96.1551 7456453  50.7723 354.5545  2.00352006 75990
0 COSMOS 1024 DEB
1 48090U 78066J   24097.50219855  .00000898  00000-0  26340-2 0  9997
2 48090  62.0472  95.9077 7457211  50.8060 354.5400  2.00353861 76021
0 COSMOS 1024 DEB
1 48090U 78066J   24098.00130557  .00000846  00000-0  24742-2 0  9991
2 48090  62.0466  95.8259 7457433  50.8166 354.5308  2.00354481 76035
0 COSMOS 1024 DEB
1 48090U 78066J   24098.99950669  .00000688  00000-0  20568-2 0  9999
2 48090  62.0454  95.6614 7457894  50.8381 354.5065  2.00355679 76057
0 COSMOS 1024 DEB
1 48090U 78066J   24100.99588116  .00000571  00000-0  17641-2 0  9996
2 48090  62.0442  95.3343 7458858  50.8794 354.4505  2.00357991 76090
0 COSMOS 1024 DEB
1 48090U 78066J   24101.49497477  .00000563  00000-0  17330-2 0  9997
2 48090  62.0440  95.2527 7459130  50.8897 354.4383  2.00358437 76101
0 COSMOS 1024 DEB
1 48090U 78066J   24102.99226159  .00000820  00000-0  22477-2 0  9994
2 48090  62.0432  95.0078 7459839  50.9210 354.4123  2.00360559 76130
0 COSMOS 1024 DEB
1 48090U 78066J   24104.98865058  .00001228  00000-0  29101-2 0  9996
2 48090  62.0417  94.6810 7460713  50.9619 354.4058  2.00364871 76170
0 COSMOS 1024 DEB
1 48090U 78066J   24104.98865058  .00001228  00000-0  29101-2 0  9996
2 48090  62.0417  94.6810 7460713  50.9619 354.4058  2.00364871 76170
0 COSMOS 1024 DEB
1 48090U 78066J   24105.98683862  .00001546  00000-0  34376-2 0  9991
2 48090  62.0415  94.5177 7461101  50.9817 354.4111  2.00367802 76194
0 COSMOS 1024 DEB
1 48090U 78066J   24106.98501350  .00001726  00000-0  36457-2 0  9995
2 48090  62.0404  94.3538 7461461  51.0007 354.4182  2.00370799 76213
0 COSMOS 1024 DEB
1 48090U 78066J   24107.98316971  .00002022  00000-0  41056-2 0  9990
2 48090  62.0426  94.1921 7461834  51.0194 354.4241  2.00374501 76235
0 COSMOS 1024 DEB
1 48090U 78066J   24107.98316971  .00002022  00000-0  41056-2 0  9990
2 48090  62.0426  94.1921 7461834  51.0194 354.4241  2.00374501 76235
0 COSMOS 1024 DEB
1 48090U 78066J   24113.47256585  .00002423  00000-0  43751-2 0  9994
2 48090  62.0423  93.2974 7463730  51.1061 354.3724  2.00397235 76347
0 COSMOS 1024 DEB
1 48090U 78066J   24113.47256585  .00002423  00000-0  43751-2 0  9994
2 48090  62.0423  93.2974 7463730  51.1061 354.3724  2.00397235 76347
0 COSMOS 1024 DEB
1 48090U 78066J   24113.97156114  .00002372  00000-0  42500-2 0  9990
2 48090  62.0396  93.2098 7463831  51.1388 354.3581  2.00399278 76358
0 COSMOS 1024 DEB
1 48090U 78066J   24113.97156114  .00002372  00000-0  42500-2 0  9990
2 48090  62.0396  93.2098 7463831  51.1388 354.3581  2.00399278 76358
0 COSMOS 1024 DEB
1 48090U 78066J   24115.46851390  .00002258  00000-0  39126-2 0  9997
2 48090  62.0380  92.9653 7464426  51.1649 354.3263  2.00406183 76389
0 COSMOS 1024 DEB
1 48090U 78066J   24116.46645866  .00002198  00000-0  37157-2 0  9992
2 48090  62.0365  92.8010 7464770  51.1855 354.3084  2.00410655 76402
0 COSMOS 1024 DEB
1 48090U 78066J   24116.46645866  .00002198  00000-0  37157-2 0  9992
2 48090  62.0365  92.8010 7464770  51.1855 354.3084  2.00410655 76402
0 COSMOS 1024 DEB
1 48090U 78066J   24117.46438802  .00002262  00000-0  37409-2 0  9995
2 48090  62.0355  92.6372 7465145  51.2059 354.2962  2.00415344 76420
0 COSMOS 1024 DEB
1 48090U 78066J   24118.46230530  .00002280  00000-0  36514-2 0  9990
2 48090  62.0355  92.4735 7465613  51.2253 354.2912  2.00419868 76449
0 COSMOS 1024 DEB
1 48090U 78066J   24118.46230530  .00002280  00000-0  36514-2 0  9990
2 48090  62.0355  92.4735 7465613  51.2253 354.2912  2.00419868 76449
0 COSMOS 1024 DEB
1 48090U 78066J   24123.45167932  .00002409  00000-0  32363-2 0  9991
2 48090  62.0296  91.6503 7467994  51.3326 354.3139  2.00438408 76547
0 COSMOS 1024 DEB
1 48090U 78066J   24123.45167932  .00002409  00000-0  32363-2 0  9991
2 48090  62.0296  91.6503 7467994  51.3326 354.3139  2.00438408 76547
0 COSMOS 1024 DEB
1 48090U 78066J   24124.44947775  .00002589  00000-0  34638-2 0  9998
2 48090  62.0296  91.4843 7468477  51.3539 354.3055  2.00443111 76561
0 COSMOS 1024 DEB
1 48090U 78066J   24125.94611002  .00002331  00000-0  29850-2 0  9990
2 48090  62.0276  91.2354 7469046  51.3865 354.2764  2.00449523 76591
0 COSMOS 1024 DEB
1 48090U 78066J   24126.44497309  .00002268  00000-0  28776-2 0  9993
2 48090  62.0271  91.1525 7469238  51.3973 354.2638  2.00451561 76605
0 COSMOS 1024 DEB
1 48090U 78066J   24126.94383011  .00002234  00000-0  28194-2 0  9999
2 48090  62.0269  91.0699 7469446  51.4076 354.2506  2.00453679 76616
0 COSMOS 1024 DEB
1 48090U 78066J   24128.44036952  .00002584  00000-0  33663-2 0  9990
2 48090  62.0264  90.8227 7470089  51.4384 354.2133  2.00461073 76648
0 COSMOS 1024 DEB
1 48090U 78066J   24128.44036952  .00002584  00000-0  33663-2 0  9990
2 48090  62.0264  90.8227 7470089  51.4384 354.2133  2.00461073 76648
0 COSMOS 1024 DEB
1 48090U 78066J   24129.43804488  .00002385  00000-0  30170-2 0  9996
2 48090  62.0260  90.6581 7470531  51.4593 354.1955  2.00465283 76669
0 COSMOS 1024 DEB
1 48090U 78066J   24130.43570506  .00002992  00000-0  38990-2 0  9991
2 48090  62.0249  90.4935 7470937  51.4798 354.1861  2.00471146 76687
0 COSMOS 1024 DEB
1 48090U 78066J   24130.43570506  .00002992  00000-0  38990-2 0  9991
2 48090  62.0249  90.4935 7470937  51.4798 354.1861  2.00471146 76687
0 COSMOS 1024 DEB
1 48090U 78066J   24131.43335002  .00003323  00000-0  43070-2 0  9996
2 48090  62.0243  90.3282 7471325  51.5005 354.1854  2.00477135 76708
0 COSMOS 1024 DEB
1 48090U 78066J   24132.43097288  .00004706  00000-0  62678-2 0  9999
2 48090  62.0234  90.1630 7471622  51.5206 354.1915  2.00484766 76724
0 COSMOS 1024 DEB
1 48090U 78066J   24132.43097288  .00004706  00000-0  62678-2 0  9999
2 48090  62.0234  90.1630 7471622  51.5206 354.1915  2.00484766 76724
0 COSMOS 1024 DEB
1 48090U 78066J   24133.42855689  .00003310  00000-0  40554-2 0  9995
2 48090  62.0223  89.9978 7471952  51.5401 354.2019  2.00491619 76749
0 COSMOS 1024 DEB
1 48090U 78066J   24133.42855689  .00003310  00000-0  40554-2 0  9995
2 48090  62.0223  89.9978 7471952  51.5401 354.2019  2.00491619 76749
0 COSMOS 1024 DEB
1 48090U 78066J   24143.40213297  .00003665  00000-0  39866-2 0  9994
2 48090  62.0194  88.3500 7474670  51.7311 354.1509  2.00570083 76940
0 COSMOS 1024 DEB
1 48090U 78066J   24143.90070430  .00003496  00000-0  37348-2 0  9994
2 48090  62.0187  88.2663 7474861  51.7411 354.1471  2.00574114 76952
0 COSMOS 1024 DEB
1 48090U 78066J   24145.39637459  .00003746  00000-0  39428-2 0  9998
2 48090  62.0189  88.0184 7475441  51.7692 354.1458  2.00586149 76985
0 COSMOS 1024 DEB
1 48090U 78066J   24145.39637475  .00003568  00000-0  37238-2 0  9995
2 48090  62.0186  88.0184 7475406  51.7701 354.1455  2.00585873 76984
0 COSMOS 1024 DEB
1 48090U 78066J   24145.89491713  .00003524  00000-0  36200-2 0  9993
2 48090  62.0186  87.9358 7475657  51.7791 354.1488  2.00589793 76994
0 COSMOS 1024 DEB
1 48090U 78066J   24147.39050358  .00003670  00000-0  36630-2 0  9995
2 48090  62.0177  87.6872 7476295  51.8096 354.1664  2.00600358 77022
0 COSMOS 1024 DEB
1 48090U 78066J   24147.88901762  .00003765  00000-0  37297-2 0  9998
2 48090  62.0171  87.6037 7476510  51.8204 354.1740  2.00603863 77030
0 COSMOS 1024 DEB
1 48090U 78066J   24147.88901762  .00003765  00000-0  37297-2 0  9998
2 48090  62.0171  87.6037 7476510  51.8204 354.1740  2.00603863 77030
0 COSMOS 1024 DEB
1 48090U 78066J   24148.38752063  .00003858  00000-0  38317-2 0  9999
2 48090  62.0125  87.5243 7476469  51.8403 354.1797  2.00607547 77047
0 COSMOS 1024 DEB
1 48090U 78066J   24148.38752063  .00003858  00000-0  38317-2 0  9999
2 48090  62.0125  87.5243 7476469  51.8403 354.1797  2.00607547 77047
0 COSMOS 1024 DEB
1 48090U 78066J   24148.38752200  .00003977  00000-0  39434-2 0  9995
2 48090  62.0151  87.5208 7476673  51.8320 354.1815  2.00607701 77045
0 COSMOS 1024 DEB
1 48090U 78066J   24148.38752200  .00003977  00000-0  39434-2 0  9995
2 48090  62.0151  87.5208 7476673  51.8320 354.1815  2.00607701 77045
0 COSMOS 1024 DEB
1 48090U 78066J   24150.38143186  .00004067  00000-0  39126-2 0  9994
2 48090  62.0099  87.1854 7477274  51.8760 354.2033  2.00623332 77080
0 COSMOS 1024 DEB
1 48090U 78066J   24152.37513976  .00004923  00000-0  48275-2 0  9999
2 48090  62.0060  86.8507 7477780  51.9182 354.1946  2.00640228 77120
0 COSMOS 1024 DEB
1 48090U 78066J   24152.37513976  .00004923  00000-0  48275-2 0  9999
2 48090  62.0060  86.8507 7477780  51.9182 354.1946  2.00640228 77120
0 COSMOS 1024 DEB
1 48090U 78066J   24153.37191558  .00004164  00000-0  39633-2 0  9993
2 48090  62.0026  86.6843 7478035  51.9394 354.1787  2.00648178 77149
0 COSMOS 1024 DEB
1 48090U 78066J   24153.37191558  .00004164  00000-0  39633-2 0  9993
2 48090  62.0026  86.6843 7478035  51.9394 354.1787  2.00648178 77149
0 COSMOS 1024 DEB
1 48090U 78066J   24154.36864671  .00004041  00000-0  38152-2 0  9995
2 48090  62.0038  86.5173 7478406  51.9588 354.1600  2.00656416 77164
0 COSMOS 1024 DEB
1 48090U 78066J   24155.36533913  .00004435  00000-0  42296-2 0  9999
2 48090  62.0048  86.3507 7478780  51.9784 354.1427  2.00664985 77186
0 COSMOS 1024 DEB
1 48090U 78066J   24155.36533913  .00004435  00000-0  42296-2 0  9999
2 48090  62.0048  86.3507 7478780  51.9784 354.1427  2.00664985 77186
0 COSMOS 1024 DEB
1 48090U 78066J   24156.36199441  .00004892  00000-0  46999-2 0  9995
2 48090  62.0027  86.1840 7479067  51.9991 354.1305  2.00674289 77206
0 COSMOS 1024 DEB
1 48090U 78066J   24157.35861016  .00004986  00000-0  48078-2 0  9993
2 48090  61.9911  86.0177 7479088  52.0237 354.1253  2.00684291 77224
0 COSMOS 1024 DEB
1 48090U 78066J   24157.35861016  .00004986  00000-0  48078-2 0  9993
2 48090  61.9911  86.0177 7479088  52.0237 354.1253  2.00684291 77224
0 COSMOS 1024 DEB
1 48090U 78066J   24158.35519104  .00005404  00000-0  51383-2 0  9991
2 48090  61.9989  85.8512 7479590  52.0389 354.1320  2.00695045 77241
0 COSMOS 1024 DEB
1 48090U 78066J   24158.85346264  .00005467  00000-0  51390-2 0  9998
2 48090  62.0032  85.7671 7479845  52.0456 354.1385  2.00701485 77253
0 COSMOS 1024 DEB
1 48090U 78066J   24158.85346264  .00005467  00000-0  51390-2 0  9998
2 48090  62.0032  85.7671 7479845  52.0456 354.1385  2.00701485 77253
0 COSMOS 1024 DEB
1 48090U 78066J   24160.34820492  .00006486  00000-0  61241-2 0  9993
2 48090  61.9917  85.5177 7479852  52.0792 354.1613  2.00718843 77286
0 COSMOS 1024 DEB
1 48090U 78066J   24160.84642759  .00005937  00000-0  54564-2 0  9996
2 48090  62.0041  85.4343 7480258  52.0848 354.1724  2.00724126 77299
0 COSMOS 1024 DEB
1 48090U 78066J   24161.34463034  .00006020  00000-0  55306-2 0  9998
2 48090  61.9993  85.3489 7480205  52.0981 354.1806  2.00730363 77306
0 COSMOS 1024 DEB
1 48090U 78066J   24161.34463034  .00006020  00000-0  55306-2 0  9998
2 48090  61.9993  85.3489 7480205  52.0981 354.1806  2.00730363 77306
0 COSMOS 1024 DEB
1 48090U 78066J   24161.84282168  .00006085  00000-0  55363-2 0  9994
2 48090  62.0034  85.2679 7480395  52.1057 354.1902  2.00735898 77315
0 COSMOS 1024 DEB
1 48090U 78066J   24162.34099509  .00006007  00000-0  54129-2 0  9998
2 48090  62.0041  85.1851 7480533  52.1141 354.1985  2.00742105 77323
0 COSMOS 1024 DEB
1 48090U 78066J   24162.83915406  .00006050  00000-0  54190-2 0  9991
2 48090  62.0050  85.1025 7480646  52.1218 354.2059  2.00747504 77338
0 COSMOS 1024 DEB
1 48090U 78066J   24162.83915406  .00006050  00000-0  54190-2 0  9991
2 48090  62.0050  85.1025 7480646  52.1218 354.2059  2.00747504 77338
0 COSMOS 1024 DEB
1 48090U 78066J   24163.83541873  .00005978  00000-0  52928-2 0  9990
2 48090  62.0047  84.9365 7480840  52.1402 354.2161  2.00759858 77350
0 COSMOS 1024 DEB
1 48090U 78066J   24164.83161995  .00005634  00000-0  49245-2 0  9991
2 48090  62.0048  84.7704 7481044  52.1582 354.2208  2.00770718 77374
0 COSMOS 1024 DEB
1 48090U 78066J   24164.83161995  .00005634  00000-0  49245-2 0  9991
2 48090  62.0048  84.7704 7481044  52.1582 354.2208  2.00770718 77374
0 COSMOS 1024 DEB
1 48090U 78066J   24166.82383758  .00005325  00000-0  45956-2 0  9997
2 48090  62.0038  84.4371 7481440  52.1950 354.2144  2.00792413 77419
0 COSMOS 1024 DEB
1 48090U 78066J   24167.32185529  .00005393  00000-0  46295-2 0  9991
2 48090  62.0051  84.3531 7481666  52.2024 354.2113  2.00798248 77423
0 COSMOS 1024 DEB
1 48090U 78066J   24167.81985745  .00006341  00000-0  54692-2 0  9997
2 48090  62.0054  84.2689 7481854  52.2062 354.2081  2.00804980 77436
0 COSMOS 1024 DEB
1 48090U 78066J   24168.31784537  .00005782  00000-0  49155-2 0  9995
2 48090  62.0001  84.1721 7482128  52.2010 354.2063  2.00810416 77444
0 COSMOS 1024 DEB
1 48090U 78066J   24168.81581683  .00005818  00000-0  49713-2 0  9997
2 48090  62.0001  84.0929 7482066  52.2192 354.2002  2.00816180 77453
0 COSMOS 1024 DEB
1 48090U 78066J   24169.81171942  .00005550  00000-0  47635-2 0  9995
2 48090  62.0005  83.9339 7481989  52.2527 354.1904  2.00827511 77477
0 COSMOS 1024 DEB
1 48090U 78066J   24170.30965248  .00005435  00000-0  46483-2 0  9993
2 48090  62.0000  83.8500 7482085  52.2620 354.1884  2.00833156 77483
0 COSMOS 1024 DEB
1 48090U 78066J   24170.80757389  .00005254  00000-0  44728-2 0  9992
2 48090  61.9994  83.7662 7482190  52.2713 354.1876  2.00838510 77492
0 COSMOS 1024 DEB
1 48090U 78066J   24170.80757389  .00005254  00000-0  44728-2 0  9992
2 48090  61.9994  83.7662 7482190  52.2713 354.1876  2.00838510 77492
0 COSMOS 1024 DEB
1 48090U 78066J   24171.30548370  .00004974  00000-0  42012-2 0  9998
2 48090  61.9996  83.6825 7482345  52.2799 354.1886  2.00843922 77506
0 COSMOS 1024 DEB
1 48090U 78066J   24171.80338217  .00004972  00000-0  41786-2 0  9995
2 48090  61.9992  83.5989 7482477  52.2892 354.1911  2.00849323 77513
0 COSMOS 1024 DEB
1 48090U 78066J   24172.79914466  .00005106  00000-0  42363-2 0  9992
2 48090  61.9991  83.4320 7482805  52.3074 354.2013  2.00860578 77539
0 COSMOS 1024 DEB
1 48090U 78066J   24172.79914466  .00005106  00000-0  42363-2 0  9992
2 48090  61.9991  83.4320 7482805  52.3074 354.2013  2.00860578 77539
0 COSMOS 1024 DEB
1 48090U 78066J   24173.29700771  .00005219  00000-0  43047-2 0  9995
2 48090  61.9983  83.3483 7482946  52.3192 354.2084  2.00866457 77547
0 COSMOS 1024 DEB
1 48090U 78066J   24173.79486105  .00005271  00000-0  45074-2 0  9992
2 48090  61.9913  83.2473 7483387  52.3078 354.2212  2.00872287 77553
0 COSMOS 1024 DEB
1 48090U 78066J   24173.79486105  .00005271  00000-0  45074-2 0  9992
2 48090  61.9913  83.2473 7483387  52.3078 354.2212  2.00872287 77553
0 COSMOS 1024 DEB
1 48090U 78066J   24174.29269990  .00005219  00000-0  43909-2 0  9996
2 48090  61.9893  83.1600 7483599  52.3147 354.2317  2.00878012 77562
0 COSMOS 1024 DEB
1 48090U 78066J   24174.79052387  .00005837  00000-0  48469-2 0  9993
2 48090  61.9902  83.0815 7483647  52.3338 354.2407  2.00884279 77579
0 COSMOS 1024 DEB
1 48090U 78066J   24175.78612556  .00006833  00000-0  55008-2 0  9997
2 48090  61.9926  82.9218 7483875  52.3640 354.2606  2.00897728 77595
0 COSMOS 1024 DEB
1 48090U 78066J   24175.78612556  .00006833  00000-0  55008-2 0  9997
2 48090  61.9926  82.9218 7483875  52.3640 354.2606  2.00897728 77595
0 COSMOS 1024 DEB
1 48090U 78066J   24176.78165121  .00007383  00000-0  57980-2 0  9991
2 48090  61.9902  82.7541 7484010  52.3905 354.2781  2.00912578 77610
0 COSMOS 1024 DEB
1 48090U 78066J   24177.27938450  .00007507  00000-0  58304-2 0  9998
2 48090  61.9910  82.6723 7484085  52.4035 354.2848  2.00919659 77629
0 COSMOS 1024 DEB
1 48090U 78066J   24177.27938450  .00007507  00000-0  58304-2 0  9998
2 48090  61.9910  82.6723 7484085  52.4035 354.2848  2.00919659 77629
0 COSMOS 1024 DEB
1 48090U 78066J   24177.77709433  .00007990  00000-0  61372-2 0  9995
2 48090  61.9913  82.5879 7484220  52.4127 354.2901  2.00928099 77635
0 COSMOS 1024 DEB
1 48090U 78066J   24177.77709433  .00007990  00000-0  61372-2 0  9995
2 48090  61.9913  82.5879 7484220  52.4127 354.2901  2.00928099 77635
0 COSMOS 1024 DEB
1 48090U 78066J   24181.75794916  .00007926  00000-0  60344-2 0  9995
2 48090  61.9880  81.9126 7484951  52.4911 354.2627  2.00994831 77719
0 COSMOS 1024 DEB
1 48090U 78066J   24181.75794916  .00007926  00000-0  60344-2 0  9995
2 48090  61.9880  81.9126 7484951  52.4911 354.2627  2.00994831 77719
0 COSMOS 1024 DEB
1 48090U 78066J   24182.25545120  .00008668  00000-0  65424-2 0  9990
2 48090  61.9913  81.8288 7485272  52.4940 354.2581  2.01007431 77725
0 COSMOS 1024 DEB
1 48090U 78066J   24182.25545120  .00008668  00000-0  65424-2 0  9990
2 48090  61.9913  81.8288 7485272  52.4940 354.2581  2.01007431 77725
0 COSMOS 1024 DEB
1 48090U 78066J   24182.75294716  .00007855  00000-0  59872-2 0  9994
2 48090  61.9914  81.7445 7485354  52.5098 354.2518  2.01012186 77730
0 COSMOS 1024 DEB
1 48090U 78066J   24182.75294716  .00007855  00000-0  59872-2 0  9994
2 48090  61.9914  81.7445 7485354  52.5098 354.2518  2.01012186 77730
0 COSMOS 1024 DEB
1 48090U 78066J   24184.24529954  .00007961  00000-0  61408-2 0  9991
2 48090  61.9863  81.4907 7485575  52.5413 354.2465  2.01037921 77767
0 COSMOS 1024 DEB
1 48090U 78066J   24184.74271421  .00007641  00000-0  59142-2 0  9996
2 48090  61.9859  81.4068 7485677  52.5510 354.2490  2.01046364 77771
0 COSMOS 1024 DEB
1 48090U 78066J   24184.74271421  .00007641  00000-0  59142-2 0  9996
2 48090  61.9859  81.4068 7485677  52.5510 354.2490  2.01046364 77771
0 COSMOS 1024 DEB
1 48090U 78066J   24185.73748524  .00007821  00000-0  60304-2 0  9991
2 48090  61.9844  81.2378 7485803  52.5705 354.2606  2.01064239 77796
0 COSMOS 1024 DEB
1 48090U 78066J   24185.73748524  .00007821  00000-0  60304-2 0  9991
2 48090  61.9844  81.2378 7485803  52.5705 354.2606  2.01064239 77796
0 COSMOS 1024 DEB
1 48090U 78066J   24186.73217568  .00008078  00000-0  61611-2 0  9998
2 48090  61.9833  81.0690 7485902  52.5893 354.2788  2.01082741 77819
0 COSMOS 1024 DEB
1 48090U 78066J   24187.72677571  .00008622  00000-0  64450-2 0  9991
2 48090  61.9829  80.9008 7486011  52.6073 354.3007  2.01102305 77834
0 COSMOS 1024 DEB
1 48090U 78066J   24187.72677571  .00008622  00000-0  64450-2 0  9991
2 48090  61.9829  80.9008 7486011  52.6073 354.3007  2.01102305 77834
0 COSMOS 1024 DEB
1 48090U 78066J   24188.72128128  .00007784  00000-0  57507-2 0  9994
2 48090  61.9821  80.7327 7486179  52.6248 354.3230  2.01120918 77857
0 COSMOS 1024 DEB
1 48090U 78066J   24189.71568967  .00008573  00000-0  62267-2 0  9999
2 48090  61.9746  80.5626 7486067  52.6472 354.3406  2.01139720 77876
0 COSMOS 1024 DEB
1 48090U 78066J   24190.70999856  .00008546  00000-0  62304-2 0  9997
2 48090  61.9680  80.3981 7485706  52.6748 354.3515  2.01158051 77891
0 COSMOS 1024 DEB
1 48090U 78066J   24190.70999856  .00008546  00000-0  62304-2 0  9997
2 48090  61.9680  80.3981 7485706  52.6748 354.3515  2.01158051 77891
0 COSMOS 1024 DEB
1 48090U 78066J   24191.70421365  .00008481  00000-0  59212-2 0  9995
2 48090  61.9827  80.2291 7486476  52.6819 354.3634  2.01176660 77912
0 COSMOS 1024 DEB
1 48090U 78066J   24191.70421365  .00008481  00000-0  59212-2 0  9995
2 48090  61.9827  80.2291 7486476  52.6819 354.3634  2.01176660 77912
0 COSMOS 1024 DEB
1 48090U 78066J   24192.69832398  .00008699  00000-0  59930-2 0  9994
2 48090  61.9829  80.0605 7486627  52.7003 354.3656  2.01195624 77932
0 COSMOS 1024 DEB
1 48090U 78066J   24192.69832398  .00008699  00000-0  59930-2 0  9994
2 48090  61.9829  80.0605 7486627  52.7003 354.3656  2.01195624 77932
0 COSMOS 1024 DEB
1 48090U 78066J   24194.68624115  .00009393  00000-0  63937-2 0  9995
2 48090  61.9782  79.7219 7486871  52.7401 354.3565  2.01234562 77977
0 COSMOS 1024 DEB
1 48090U 78066J   24194.68624115  .00009393  00000-0  63937-2 0  9995
2 48090  61.9782  79.7219 7486871  52.7401 354.3565  2.01234562 77977
0 COSMOS 1024 DEB
1 48090U 78066J   24195.68005309  .00009384  00000-0  64140-2 0  9991
2 48090  61.9761  79.5521 7486950  52.7598 354.3492  2.01254001 77994
0 COSMOS 1024 DEB
1 48090U 78066J   24196.67376861  .00009727  00000-0  66686-2 0  9993
2 48090  61.9726  79.3820 7486988  52.7711 354.3441  2.01274570 78014
0 COSMOS 1024 DEB
1 48090U 78066J   24196.67376861  .00009727  00000-0  66686-2 0  9993
2 48090  61.9726  79.3820 7486988  52.7711 354.3441  2.01274570 78014
0 COSMOS 1024 DEB
1 48090U 78066J   24197.66738527  .00009924  00000-0  68002-2 0  9997
2 48090  61.9714  79.2124 7487102  52.7890 354.3418  2.01295579 78032
0 COSMOS 1024 DEB
1 48090U 78066J   24198.66090239  .00009948  00000-0  67817-2 0  9998
2 48090  61.9747  79.0452 7487273  52.8117 354.3443  2.01318037 78057
0 COSMOS 1024 DEB
1 48090U 78066J   24198.66090239  .00009948  00000-0  67817-2 0  9998
2 48090  61.9747  79.0452 7487273  52.8117 354.3443  2.01318037 78057
0 COSMOS 1024 DEB
1 48090U 78066J   24200.64761430  .00011698  00000-0  75996-2 0  9990
2 48090  61.9742  78.7079 7487649  52.8380 354.3701  2.01366233 78094
0 COSMOS 1024 DEB
1 48090U 78066J   24200.64761430  .00011698  00000-0  75996-2 0  9990
2 48090  61.9742  78.7079 7487649  52.8380 354.3701  2.01366233 78094
0 COSMOS 1024 DEB
1 48090U 78066J   24201.64079898  .00011158  00000-0  70989-2 0  9999
2 48090  61.9711  78.5369 7487929  52.8614 354.3894  2.01391200 78119
0 COSMOS 1024 DEB
1 48090U 78066J   24202.63385950  .00012962  00000-0  78958-2 0  9996
2 48090  61.9700  78.3686 7488146  52.8751 354.4115  2.01417901 78137
0 COSMOS 1024 DEB
1 48090U 78066J   24202.63385950  .00012962  00000-0  78958-2 0  9996
2 48090  61.9700  78.3686 7488146  52.8751 354.4115  2.01417901 78137
0 COSMOS 1024 DEB
1 48090U 78066J   24203.62678453  .00013733  00000-0  80962-2 0  9994
2 48090  61.9632  78.1940 7488349  52.9110 354.4284  2.01444772 78152
0 COSMOS 1024 DEB
1 48090U 78066J   24203.62678453  .00013733  00000-0  80962-2 0  9994
2 48090  61.9632  78.1940 7488349  52.9110 354.4284  2.01444772 78152
0 COSMOS 1024 DEB
1 48090U 78066J   24204.12319034  .00015198  00000-0  87901-2 0  9994
2 48090  61.9618  78.1073 7488395  52.9393 354.4334  2.01459123 78160
0 COSMOS 1024 DEB
1 48090U 78066J   24204.61956090  .00015018  00000-0  85678-2 0  9997
2 48090  61.9576  78.0204 7488526  52.9505 354.4391  2.01474216 78173
0 COSMOS 1024 DEB
1 48090U 78066J   24205.61218303  .00013285  00000-0  75676-2 0  9997
2 48090  61.9589  77.8513 7488473  52.9723 354.4431  2.01502391 78193
0 COSMOS 1024 DEB
1 48090U 78066J   24206.10843976  .00014105  00000-0  79312-2 0  9995
2 48090  61.9557  77.7644 7488536  52.9836 354.4418  2.01516045 78205
0 COSMOS 1024 DEB
1 48090U 78066J   24206.60466323  .00012686  00000-0  71463-2 0  9998
2 48090  61.9550  77.6794 7488618  52.9940 354.4386  2.01527534 78210
0 COSMOS 1024 DEB
1 48090U 78066J   24207.10085538  .00012182  00000-0  68603-2 0  9992
2 48090  61.9542  77.5938 7488661  53.0048 354.4332  2.01539305 78220
0 COSMOS 1024 DEB
1 48090U 78066J   24207.10085538  .00012182  00000-0  68603-2 0  9992
2 48090  61.9542  77.5938 7488661  53.0048 354.4332  2.01539305 78220
0 COSMOS 1024 DEB
1 48090U 78066J   24207.59701629  .00011123  00000-0  62823-2 0  9993
2 48090  61.9538  77.5093 7488783  53.0155 354.4266  2.01550453 78235
0 COSMOS 1024 DEB
1 48090U 78066J   24208.09314845  .00012058  00000-0  67099-2 0  9997
2 48090  61.9530  77.4246 7488920  53.0187 354.4200  2.01562857 78244
0 COSMOS 1024 DEB
1 48090U 78066J   24208.58924917  .00011617  00000-0  64483-2 0  9992
2 48090  61.9527  77.3408 7489073  53.0275 354.4123  2.01574860 78259
0 COSMOS 1024 DEB
1 48090U 78066J   24209.58136297  .00012203  00000-0  66651-2 0  9990
2 48090  61.9513  77.1719 7489337  53.0475 354.3974  2.01599177 78275
0 COSMOS 1024 DEB
1 48090U 78066J   24210.07737718  .00011778  00000-0  64270-2 0  9992
2 48090  61.9507  77.0877 7489459  53.0563 354.3918  2.01611767 78284
0 COSMOS 1024 DEB
1 48090U 78066J   24210.57336542  .00011334  00000-0  61789-2 0  9997
2 48090  61.9497  77.0033 7489602  53.0659 354.3878  2.01622650 78291
0 COSMOS 1024 DEB
1 48090U 78066J   24210.57336542  .00011334  00000-0  61789-2 0  9997
2 48090  61.9497  77.0033 7489602  53.0659 354.3878  2.01622650 78291
0 COSMOS 1024 DEB
1 48090U 78066J   24211.56525787  .00012631  00000-0  67202-2 0  9995
2 48090  61.9476  76.8332 7489752  53.0906 354.3847  2.01648188 78311
0 COSMOS 1024 DEB
1 48090U 78066J   24211.56525787  .00012631  00000-0  67202-2 0  9995
2 48090  61.9476  76.8332 7489752  53.0906 354.3847  2.01648188 78311
0 COSMOS 1024 DEB
1 48090U 78066J   24212.55703611  .00015094  00000-0  77641-2 0  9993
2 48090  61.9460  76.6635 7489835  53.1181 354.3895  2.01674659 78333
0 COSMOS 1024 DEB
1 48090U 78066J   24214.04445269  .00017521  00000-0  87176-2 0  9992
2 48090  61.9426  76.4056 7489766  53.1646 354.4079  2.01718226 78366
0 COSMOS 1024 DEB
1 48090U 78066J   24214.54018540  .00016072  00000-0  79847-2 0  9991
2 48090  61.9420  76.3216 7489774  53.1751 354.4166  2.01735781 78376
0 COSMOS 1024 DEB
1 48090U 78066J   24215.53153964  .00015135  00000-0  74099-2 0  9994
2 48090  61.9400  76.1521 7489804  53.1967 354.4342  2.01765304 78396
0 COSMOS 1024 DEB
1 48090U 78066J   24215.53153964  .00015135  00000-0  74099-2 0  9994
2 48090  61.9400  76.1521 7489804  53.1967 354.4342  2.01765304 78396
0 COSMOS 1024 DEB
1 48090U 78066J   24217.51376828  .00017531  00000-0  80610-2 0  9998
2 48090  61.9388  75.8149 7489916  53.2404 354.4594  2.01831791 78432
0 COSMOS 1024 DEB
1 48090U 78066J   24217.51376828  .00017531  00000-0  80610-2 0  9998
2 48090  61.9388  75.8149 7489916  53.2404 354.4594  2.01831791 78432
0 COSMOS 1024 DEB
1 48090U 78066J   24218.00921614  .00017056  00000-0  77664-2 0  9999
2 48090  61.9383  75.7307 7489935  53.2514 354.4621  2.01849464 78443
0 COSMOS 1024 DEB
1 48090U 78066J   24219.49529881  .00015778  00000-0  69732-2 0  9999
2 48090  61.9389  75.4784 7490080  53.2855 354.4612  2.01897365 78472
0 COSMOS 1024 DEB
1 48090U 78066J   24219.49529881  .00015778  00000-0  69732-2 0  9999
2 48090  61.9389  75.4784 7490080  53.2855 354.4612  2.01897365 78472
0 COSMOS 1024 DEB
1 48090U 78066J   24220.48581964  .00015666  00000-0  68014-2 0  9998
2 48090  61.9381  75.3094 7490131  53.3081 354.4535  2.01928779 78496
0 COSMOS 1024 DEB
1 48090U 78066J   24222.46636722  .00016076  00000-0  67743-2 0  9995
2 48090  61.9335  74.9696 7490157  53.3539 354.4288  2.01996533 78537
0 COSMOS 1024 DEB
1 48090U 78066J   24222.46636722  .00016076  00000-0  67743-2 0  9995
2 48090  61.9335  74.9696 7490157  53.3539 354.4288  2.01996533 78537
0 COSMOS 1024 DEB
1 48090U 78066J   24222.96140062  .00016918  00000-0  70633-2 0  9994
2 48090  61.9332  74.8852 7490159  53.3648 354.4223  2.02012783 78547
0 COSMOS 1024 DEB
1 48090U 78066J   24223.95132990  .00018534  00000-0  75967-2 0  9996
2 48090  61.9326  74.7158 7490126  53.3872 354.4108  2.02051568 78569
0 COSMOS 1024 DEB
1 48090U 78066J   24223.95132990  .00018534  00000-0  75967-2 0  9996
2 48090  61.9326  74.7158 7490126  53.3872 354.4108  2.02051568 78569
0 COSMOS 1024 DEB
1 48090U 78066J   24224.94108012  .00019312  00000-0  77787-2 0  9991
2 48090  61.9316  74.5465 7490122  53.4090 354.4030  2.02090373 78589
0 COSMOS 1024 DEB
1 48090U 78066J   24225.43588612  .00022655  00000-0  89572-2 0  9993
2 48090  61.9311  74.4620 7490115  53.4197 354.4011  2.02111250 78594
0 COSMOS 1024 DEB
1 48090U 78066J   24225.43588612  .00022655  00000-0  89572-2 0  9993
2 48090  61.9311  74.4620 7490115  53.4197 354.4011  2.02111250 78594
0 COSMOS 1024 DEB
1 48090U 78066J   24225.93063383  .00024653  00000-0  95865-2 0  9993
2 48090  61.9302  74.3775 7490121  53.4296 354.4007  2.02136835 78604
0 COSMOS 1024 DEB
1 48090U 78066J   24226.42532106  .00021726  00000-0  84014-2 0  9994
2 48090  61.9304  74.2933 7490135  53.4409 354.4016  2.02162264 78618
0 COSMOS 1024 DEB
1 48090U 78066J   24226.42532106  .00021726  00000-0  84014-2 0  9994
2 48090  61.9304  74.2933 7490135  53.4409 354.4016  2.02162264 78618
0 COSMOS 1024 DEB
1 48090U 78066J   24227.90911289  .00018767  00000-0  70098-2 0  9999
2 48090  61.9296  74.0405 7490359  53.4732 354.4135  2.02217315 78640
0 COSMOS 1024 DEB
1 48090U 78066J   24227.90911289  .00018767  00000-0  70098-2 0  9999
2 48090  61.9296  74.0405 7490359  53.4732 354.4135  2.02217315 78640
0 COSMOS 1024 DEB
1 48090U 78066J   24228.89808156  .00019665  00000-0  70640-2 0  9997
2 48090  61.9285  73.8714 7490546  53.4961 354.4264  2.02255800 78666
0 COSMOS 1024 DEB
1 48090U 78066J   24229.88686024  .00020897  00000-0  72200-2 0  9998
2 48090  61.9267  73.7011 7490681  53.5206 354.4398  2.02295863 78681
0 COSMOS 1024 DEB
1 48090U 78066J   24229.88686024  .00020897  00000-0  72200-2 0  9998
2 48090  61.9267  73.7011 7490681  53.5206 354.4398  2.02295863 78681
0 COSMOS 1024 DEB
1 48090U 78066J   24231.86380195  .00020680  00000-0  67948-2 0  9992
2 48090  61.9208  73.3572 7490525  53.5813 354.4518  2.02376726 78722
0 COSMOS 1024 DEB
1 48090U 78066J   24231.86380195  .00020680  00000-0  67948-2 0  9992
2 48090  61.9208  73.3572 7490525  53.5813 354.4518  2.02376726 78722
0 COSMOS 1024 DEB
1 48090U 78066J   24232.35790504  .00020027  00000-0  64792-2 0  9995
2 48090  61.9202  73.2694 7490551  53.5911 354.4512  2.02397775 78730
0 COSMOS 1024 DEB
1 48090U 78066J   24233.83989824  .00019369  00000-0  60615-2 0  9991
2 48090  61.9180  73.0114 7490459  53.6299 354.4338  2.02457379 78763
0 COSMOS 1024 DEB
1 48090U 78066J   24234.82764249  .00018660  00000-0  56961-2 0  9995
2 48090  61.9178  72.8414 7490512  53.6521 354.4135  2.02496085 78782
0 COSMOS 1024 DEB
1 48090U 78066J   24234.82764249  .00018660  00000-0  56961-2 0  9995
2 48090  61.9178  72.8414 7490512  53.6521 354.4135  2.02496085 78782
0 COSMOS 1024 DEB
1 48090U 78066J   24235.81520153  .00019009  00000-0  56455-2 0  9995
2 48090  61.9178  72.6719 7490659  53.6746 354.3900  2.02533228 78802
0 COSMOS 1024 DEB
1 48090U 78066J   24236.80259263  .00017553  00000-0  50225-2 0  9997
2 48090  61.9193  72.5078 7491010  53.6898 354.3691  2.02566827 78826
0 COSMOS 1024 DEB
1 48090U 78066J   24237.29622857  .00018171  00000-0  51193-2 0  9996
2 48090  61.9195  72.4220 7491124  53.7042 354.3592  2.02584250 78835
0 COSMOS 1024 DEB
1 48090U 78066J   24237.78982474  .00018464  00000-0  51365-2 0  9990
2 48090  61.9189  72.3377 7491185  53.7160 354.3512  2.02600718 78849
0 COSMOS 1024 DEB
1 48090U 78066J   24238.77689563  .00018389  00000-0  49762-2 0  9997
2 48090  61.9179  72.1679 7491286  53.7404 354.3411  2.02636370 78867
0 COSMOS 1024 DEB
1 48090U 78066J   24238.77689563  .00018389  00000-0  49762-2 0  9997
2 48090  61.9179  72.1679 7491286  53.7404 354.3411  2.02636370 78867
0 COSMOS 1024 DEB
1 48090U 78066J   24243.70950186  .00022493  00000-0  53316-2 0  9999
2 48090  61.9166  71.3201 7491027  53.8522 354.3680  2.02840560 78967
0 COSMOS 1024 DEB
1 48090U 78066J   24243.70950186  .00022493  00000-0  53316-2 0  9999
2 48090  61.9166  71.3201 7491027  53.8522 354.3680  2.02840560 78967
0 COSMOS 1024 DEB
1 48090U 78066J   24245.68104118  .00023333  00000-0  52282-2 0  9999
2 48090  61.9195  70.9837 7490979  53.8951 354.3642  2.02933890 79003
0 COSMOS 1024 DEB
1 48090U 78066J   24245.68104118  .00023333  00000-0  52282-2 0  9999
2 48090  61.9195  70.9837 7490979  53.8951 354.3642  2.02933890 79003
0 COSMOS 1024 DEB
1 48090U 78066J   24246.66647544  .00021637  00000-0  47027-2 0  9999
2 48090  61.9199  70.8131 7491007  53.9123 354.3538  2.02975669 79024
0 COSMOS 1024 DEB
1 48090U 78066J   24246.66647544  .00021637  00000-0  47027-2 0  9999
2 48090  61.9199  70.8131 7491007  53.9123 354.3538  2.02975669 79024
0 COSMOS 1024 DEB
1 48090U 78066J   24247.65170636  .00021514  00000-0  46092-2 0  9997
2 48090  61.9215  70.6456 7490953  53.9441 354.3362  2.03015657 79043
0 COSMOS 1024 DEB
1 48090U 78066J   24247.65170636  .00021514  00000-0  46092-2 0  9997
2 48090  61.9215  70.6456 7490953  53.9441 354.3362  2.03015657 79043
0 COSMOS 1024 DEB
1 48090U 78066J   24248.63673233  .00022643  00000-0  48138-2 0  9994
2 48090  61.9211  70.4737 7490923  53.9623 354.3173  2.03057381 79060
0 COSMOS 1024 DEB
1 48090U 78066J   24248.63673233  .00022643  00000-0  48138-2 0  9994
2 48090  61.9211  70.4737 7490923  53.9623 354.3173  2.03057381 79060
0 COSMOS 1024 DEB
1 48090U 78066J   24250.60617837  .00020342  00000-0  42534-2 0  9990
2 48090  61.9211  70.1312 7490856  54.0049 354.2772  2.03139799 79108
0 COSMOS 1024 DEB
1 48090U 78066J   24250.60617837  .00020342  00000-0  42534-2 0  9990
2 48090  61.9211  70.1312 7490856  54.0049 354.2772  2.03139799 79108
0 COSMOS 1024 DEB
1 48090U 78066J   24251.59060349  .00020661  00000-0  43312-2 0  9998
2 48090  61.9201  69.9567 7490762  54.0412 354.2585  2.03181725 79125
0 COSMOS 1024 DEB
1 48090U 78066J   24251.59060349  .00020661  00000-0  43312-2 0  9998
2 48090  61.9201  69.9567 7490762  54.0412 354.2585  2.03181725 79125
0 COSMOS 1024 DEB
1 48090U 78066J   24252.08274613  .00020891  00000-0  43583-2 0  9999
2 48090  61.9205  69.8722 7490819  54.0430 354.2534  2.03202008 79137
0 COSMOS 1024 DEB
1 48090U 78066J   24252.57484047  .00019767  00000-0  41110-2 0  9991
2 48090  61.9212  69.7875 7490831  54.0527 354.2484  2.03222057 79145
0 COSMOS 1024 DEB
1 48090U 78066J   24253.06688628  .00020401  00000-0  42192-2 0  9995
2 48090  61.9218  69.7032 7490885  54.0623 354.2450  2.03243124 79154
0 COSMOS 1024 DEB
1 48090U 78066J   24253.06688628  .00020401  00000-0  42192-2 0  9995
2 48090  61.9218  69.7032 7490885  54.0623 354.2450  2.03243124 79154
0 COSMOS 1024 DEB
1 48090U 78066J   24254.05082913  .00021049  00000-0  42964-2 0  9996
2 48090  61.9220  69.5323 7490968  54.0829 354.2422  2.03286298 79178
0 COSMOS 1024 DEB
1 48090U 78066J   24254.05082913  .00021049  00000-0  42964-2 0  9996
2 48090  61.9220  69.5323 7490968  54.0829 354.2422  2.03286298 79178
0 COSMOS 1024 DEB
1 48090U 78066J   24256.01811370  .00022440  00000-0  43295-2 0  9995
2 48090  61.9225  69.1922 7491420  54.1165 354.2525  2.03372023 79213
0 COSMOS 1024 DEB
1 48090U 78066J   24256.01811370  .00022440  00000-0  43295-2 0  9995
2 48090  61.9225  69.1922 7491420  54.1165 354.2525  2.03372023 79213
0 COSMOS 1024 DEB
1 48090U 78066J   24257.49301887  .00024397  00000-0  45719-2 0  9991
2 48090  61.9189  68.9314 7491316  54.1634 354.2587  2.03445495 79244
0 COSMOS 1024 DEB
1 48090U 78066J   24258.47597278  .00027037  00000-0  49277-2 0  9998
2 48090  61.9162  68.7572 7491312  54.1887 354.2594  2.03495279 79260
0 COSMOS 1024 DEB
1 48090U 78066J   24258.47597278  .00027037  00000-0  49277-2 0  9998
2 48090  61.9162  68.7572 7491312  54.1887 354.2594  2.03495279 79260
0 COSMOS 1024 DEB
1 48090U 78066J   24259.45869520  .00021893  00000-0  39428-2 0  9990
2 48090  61.9131  68.5819 7491279  54.2142 354.2527  2.03537697 79284
0 COSMOS 1024 DEB
1 48090U 78066J   24259.94997582  .00021549  00000-0  38549-2 0  9995
2 48090  61.9126  68.4954 7491235  54.2280 354.2460  2.03558431 79298
0 COSMOS 1024 DEB
1 48090U 78066J   24260.44120891  .00019863  00000-0  35268-2 0  9994
2 48090  61.9110  68.4079 7491276  54.2403 354.2375  2.03576121 79304
0 COSMOS 1024 DEB
1 48090U 78066J   24260.44120891  .00019863  00000-0  35268-2 0  9994
2 48090  61.9110  68.4079 7491276  54.2403 354.2375  2.03576121 79304
0 COSMOS 1024 DEB
1 48090U 78066J   24260.93239014  .00019828  00000-0  34935-2 0  9997
2 48090  61.9096  68.3206 7491252  54.2519 354.2269  2.03596373 79314
0 COSMOS 1024 DEB
1 48090U 78066J   24261.42352300  .00031407  00000-0  53627-2 0  9992
2 48090  61.9091  68.2352 7491281  54.2635 354.2147  2.03620833 79326
0 COSMOS 1024 DEB
1 48090U 78066J   24261.42352300  .00031407  00000-0  53627-2 0  9992
2 48090  61.9091  68.2352 7491281  54.2635 354.2147  2.03620833 79326
0 COSMOS 1024 DEB
1 48090U 78066J   24262.89660149  .00017045  00000-0  28913-2 0  9999
2 48090  61.9067  67.9754 7491441  54.3023 354.1713  2.03675361 79358
0 COSMOS 1024 DEB
1 48090U 78066J   24262.89660149  .00017045  00000-0  28913-2 0  9999
2 48090  61.9067  67.9754 7491441  54.3023 354.1713  2.03675361 79358
0 COSMOS 1024 DEB
1 48090U 78066J   24263.38754473  .00018170  00000-0  30223-2 0  9995
2 48090  61.9065  67.8907 7491575  54.3144 354.1570  2.03692064 79368
0 COSMOS 1024 DEB
1 48090U 78066J   24263.38754473  .00018170  00000-0  30223-2 0  9995
2 48090  61.9065  67.8907 7491575  54.3144 354.1570  2.03692064 79368
0 COSMOS 1024 DEB
1 48090U 78066J   24270.74680395  .00022270  00000-0  28899-2 0  9996
2 48090  61.8951  66.6070 7491992  54.5084 354.1051  2.03983732 79513
0 COSMOS 1024 DEB
1 48090U 78066J   24270.74680395  .00022270  00000-0  28899-2 0  9996
2 48090  61.8951  66.6070 7491992  54.5084 354.1051  2.03983732 79513
0 COSMOS 1024 DEB
1 48090U 78066J   24271.23700402  .00022825  00000-0  29164-2 0  9995
2 48090  61.8925  66.5197 7491880  54.5147 354.1047  2.04010012 79528
0 COSMOS 1024 DEB
1 48090U 78066J   24271.72715099  .00023107  00000-0  29021-2 0  9993
2 48090  61.8935  66.4361 7491832  54.5228 354.1029  2.04031759 79530
0 COSMOS 1024 DEB
1 48090U 78066J   24271.72715099  .00023107  00000-0  29021-2 0  9993
2 48090  61.8935  66.4361 7491832  54.5228 354.1029  2.04031759 79530
0 COSMOS 1024 DEB
1 48090U 78066J   24272.21724187  .00021239  00000-0  26106-2 0  9991
2 48090  61.8928  66.3507 7491831  54.5351 354.0991  2.04053328 79543
0 COSMOS 1024 DEB
1 48090U 78066J   24272.70727768  .00022415  00000-0  26994-2 0  9995
2 48090  61.8928  66.2662 7491826  54.5466 354.0940  2.04076216 79551
0 COSMOS 1024 DEB
1 48090U 78066J   24273.68717018  .00024671  00000-0  28642-2 0  9998
2 48090  61.8921  66.0960 7491766  54.5710 354.0790  2.04125036 79578
0 COSMOS 1024 DEB
1 48090U 78066J   24273.68717018  .00024671  00000-0  28642-2 0  9998
2 48090  61.8921  66.0960 7491766  54.5710 354.0790  2.04125036 79578
0 COSMOS 1024 DEB
1 48090U 78066J   24274.17702765  .00025357  00000-0  28927-2 0  9994
2 48090  61.8911  66.0112 7491733  54.5839 354.0696  2.04149582 79580
0 COSMOS 1024 DEB
1 48090U 78066J   24274.66682406  .00024026  00000-0  26944-2 0  9996
2 48090  61.8902  65.9234 7491659  54.5964 354.0590  2.04173612 79594
0 COSMOS 1024 DEB
1 48090U 78066J   24275.64624818  .00024196  00000-0  26302-2 0  9994
2 48090  61.8895  65.7528 7491577  54.6205 354.0365  2.04220158 79618
0 COSMOS 1024 DEB
1 48090U 78066J   24275.64624818  .00024196  00000-0  26302-2 0  9994
2 48090  61.8895  65.7528 7491577  54.6205 354.0365  2.04220158 79618
0 COSMOS 1024 DEB
1 48090U 78066J   24277.60441812  .00025229  00000-0  26341-2 0  9994
2 48090  61.8883  65.4085 7491273  54.6739 353.9899  2.04315989 79656
0 COSMOS 1024 DEB
1 48090U 78066J   24277.60441812  .00025229  00000-0  26341-2 0  9994
2 48090  61.8883  65.4085 7491273  54.6739 353.9899  2.04315989 79656
0 COSMOS 1024 DEB
1 48090U 78066J   24278.58314931  .00026666  00000-0  27487-2 0  9991
2 48090  61.8876  65.2375 7491093  54.6997 353.9706  2.04368539 79672
0 COSMOS 1024 DEB
1 48090U 78066J   24278.58314931  .00026666  00000-0  27487-2 0  9991
2 48090  61.8876  65.2375 7491093  54.6997 353.9706  2.04368539 79672
0 COSMOS 1024 DEB
1 48090U 78066J   24279.56163291  .00027296  00000-0  27643-2 0  9995
2 48090  61.8870  65.0637 7490986  54.7209 353.9570  2.04422469 79696
0 COSMOS 1024 DEB
1 48090U 78066J   24279.56163291  .00027296  00000-0  27643-2 0  9995
2 48090  61.8870  65.0637 7490986  54.7209 353.9570  2.04422469 79696
0 COSMOS 1024 DEB
1 48090U 78066J   24280.53985510  .00027977  00000-0  27532-2 0  9993
2 48090  61.8864  64.8889 7491026  54.7283 353.9514  2.04480148 79712
0 COSMOS 1024 DEB
1 48090U 78066J   24280.53985510  .00027977  00000-0  27532-2 0  9993
2 48090  61.8864  64.8889 7491026  54.7283 353.9514  2.04480148 79712
0 COSMOS 1024 DEB
1 48090U 78066J   24282.49542006  .00039833  18013-7  37724-2 0  9997
2 48090  61.8858  64.5434 7490733  54.7702 353.9513  2.04619162 79751
0 COSMOS 1024 DEB
1 48090U 78066J   24282.49542006  .00039833  18013-7  37724-2 0  9997
2 48090  61.8858  64.5434 7490733  54.7702 353.9513  2.04619162 79751
0 COSMOS 1024 DEB
1 48090U 78066J   24286.40222861  .00039822 -92118-6  33818-2 0  9992
2 48090  61.8826  63.8531 7489692  54.8795 353.9527  2.04930062 79830
0 COSMOS 1024 DEB
1 48090U 78066J   24286.40222861  .00039822 -92118-6  33818-2 0  9992
2 48090  61.8826  63.8531 7489692  54.8795 353.9527  2.04930062 79830
0 COSMOS 1024 DEB
1 48090U 78066J   24287.86590898  .00028064 -14387-5  22859-2 0  9991
2 48090  61.8786  63.5895 7489572  54.9097 353.9313  2.05001151 79863
0 COSMOS 1024 DEB
1 48090U 78066J   24288.84138124  .00025392 -15027-5  20536-2 0  9993
2 48090  61.8733  63.4133 7489298  54.9388 353.9061  2.05048586 79882
0 COSMOS 1024 DEB
1 48090U 78066J   24288.84138124  .00025392 -15027-5  20536-2 0  9993
2 48090  61.8733  63.4133 7489298  54.9388 353.9061  2.05048586 79882
0 COSMOS 1024 DEB
1 48090U 78066J   24289.32903580  .00030664 -14171-5  24414-2 0  9999
2 48090  61.8748  63.3276 7489341  54.9535 353.8924  2.05072883 79893
0 COSMOS 1024 DEB
1 48090U 78066J   24289.81661857  .00025309 -12489-5  19970-2 0  9992
2 48090  61.8730  63.2394 7489317  54.9669 353.8781  2.05099107 79906
0 COSMOS 1024 DEB
1 48090U 78066J   24290.30414072  .00027343 -10019-5  21367-2 0  9993
2 48090  61.8721  63.1530 7489300  54.9799 353.8640  2.05125651 79912
0 COSMOS 1024 DEB
1 48090U 78066J   24290.30414072  .00027343 -10019-5  21367-2 0  9993
2 48090  61.8721  63.1530 7489300  54.9799 353.8640  2.05125651 79912
0 COSMOS 1024 DEB
1 48090U 78066J   24291.76631276  .00026590  10758-6  20172-2 0  9997
2 48090  61.8695  62.8930 7489320  55.0198 353.8272  2.05210338 79940
0 COSMOS 1024 DEB
1 48090U 78066J   24291.76631276  .00026590  10758-6  20172-2 0  9997
2 48090  61.8695  62.8930 7489320  55.0198 353.8272  2.05210338 79940
0 COSMOS 1024 DEB
1 48090U 78066J   24292.74078492  .00032717  99069-6  24073-2 0  9995
2 48090  61.8676  62.7213 7489295  55.0464 353.8113  2.05269028 79965
0 COSMOS 1024 DEB
1 48090U 78066J   24292.74078492  .00032717  99069-6  24073-2 0  9995
2 48090  61.8676  62.7213 7489295  55.0464 353.8113  2.05269028 79965
0 COSMOS 1024 DEB
1 48090U 78066J   24293.22790335  .00037870  14201-5  27437-2 0  9992
2 48090  61.8668  62.6357 7489155  55.0608 353.8060  2.05306544 79976
0 COSMOS 1024 DEB
1 48090U 78066J   24293.22790335  .00037870  14201-5  27437-2 0  9992
2 48090  61.8668  62.6357 7489155  55.0608 353.8060  2.05306544 79976
0 COSMOS 1024 DEB
1 48090U 78066J   24294.20188756  .00040299  21543-5  28401-2 0  9997
2 48090  61.8645  62.4633 7488909  55.0850 353.8023  2.05381337 79995
0 COSMOS 1024 DEB
1 48090U 78066J   24294.68875796  .00045624  24247-5  31519-2 0  9991
2 48090  61.8631  62.3766 7488775  55.0968 353.8031  2.05418243 80007
0 COSMOS 1024 DEB
1 48090U 78066J   24294.68875796  .00045624  24247-5  31519-2 0  9991
2 48090  61.8631  62.3766 7488775  55.0968 353.8031  2.05418243 80007
0 COSMOS 1024 DEB
1 48090U 78066J   24296.14890331  .00036430  26938-5  24319-2 0  9990
2 48090  61.8602  62.1163 7488387  55.1309 353.8117  2.05514932 80033
0 COSMOS 1024 DEB
1 48090U 78066J   24296.14890331  .00036430  26938-5  24319-2 0  9990
2 48090  61.8602  62.1163 7488387  55.1309 353.8117  2.05514932 80033
0 COSMOS 1024 DEB
1 48090U 78066J   24297.60823392  .00041202  20496-5  25802-2 0  9999
2 48090  61.8598  61.8605 7487717  55.1698 353.8186  2.05639791 80061
0 COSMOS 1024 DEB
1 48090U 78066J   24297.60823392  .00041202  20496-5  25802-2 0  9999
2 48090  61.8598  61.8605 7487717  55.1698 353.8186  2.05639791 80061
0 COSMOS 1024 DEB
1 48090U 78066J   24298.58060800  .00047011  11569-5  28217-2 0  9992
2 48090  61.8583  61.6852 7487202  55.1946 353.8183  2.05728174 80085
0 COSMOS 1024 DEB
1 48090U 78066J   24298.58060800  .00047011  11569-5  28217-2 0  9992
2 48090  61.8583  61.6852 7487202  55.1946 353.8183  2.05728174 80085
0 COSMOS 1024 DEB
1 48090U 78066J   24299.55256911  .00042422  36402-7  24171-2 0  9991
2 48090  61.8582  61.5138 7486809  55.2178 353.8132  2.05811706 80101
0 COSMOS 1024 DEB
1 48090U 78066J   24300.52413578  .00043878 -11180-5  23863-2 0  9993
2 48090  61.8581  61.3422 7486445  55.2414 353.8026  2.05893300 80127
0 COSMOS 1024 DEB
1 48090U 78066J   24301.49528917  .00046859 -20923-5  23980-2 0  9991
2 48090  61.8568  61.1627 7486292  55.2330 353.7926  2.05984749 80142
0 COSMOS 1024 DEB
1 48090U 78066J   24301.49528917  .00046859 -20923-5  23980-2 0  9991
2 48090  61.8568  61.1627 7486292  55.2330 353.7926  2.05984749 80142
0 COSMOS 1024 DEB
1 48090U 78066J   24302.46598604  .00049601 -26839-5  24986-2 0  9996
2 48090  61.8569  60.9920 7485711  55.2637 353.7727  2.06081416 80162
0 COSMOS 1024 DEB
1 48090U 78066J   24302.46598604  .00049601 -26839-5  24986-2 0  9996
2 48090  61.8569  60.9920 7485711  55.2637 353.7727  2.06081416 80162
0 COSMOS 1024 DEB
1 48090U 78066J   24307.31272685  .00054693  68060-6  27543-2 0  9994
2 48090  61.8521  60.1228 7482715  55.4125 353.6975  2.06574651 80261
0 COSMOS 1024 DEB
1 48090U 78066J   24307.31272685  .00054693  68060-6  27543-2 0  9994
2 48090  61.8521  60.1228 7482715  55.4125 353.6975  2.06574651 80261
0 COSMOS 1024 DEB
1 48090U 78066J   24308.28068267  .00063043  16296-5  31012-2 0  9998
2 48090  61.8500  59.9462 7482152  55.4264 353.6991  2.06682392 80285
0 COSMOS 1024 DEB
1 48090U 78066J   24308.28068267  .00063043  16296-5  31012-2 0  9998
2 48090  61.8500  59.9462 7482152  55.4264 353.6991  2.06682392 80285
0 COSMOS 1024 DEB
1 48090U 78066J   24309.24807620  .00067007  23422-5  31975-2 0  9990
2 48090  61.8486  59.7725 7481480  55.4530 353.7035  2.06807422 80303
0 COSMOS 1024 DEB
1 48090U 78066J   24309.24807620  .00067007  23422-5  31975-2 0  9990
2 48090  61.8486  59.7725 7481480  55.4530 353.7035  2.06807422 80303
0 COSMOS 1024 DEB
1 48090U 78066J   24310.21486077  .00073340  27781-5  33481-2 0  9991
2 48090  61.8449  59.5961 7480779  55.4761 353.7116  2.06945321 80321
0 COSMOS 1024 DEB
1 48090U 78066J   24310.69801417  .00071662  28805-5  32055-2 0  9991
2 48090  61.8431  59.5083 7480429  55.4849 353.7165  2.07013134 80330
0 COSMOS 1024 DEB
1 48090U 78066J   24311.18099638  .00073542  28993-5  32234-2 0  9996
2 48090  61.8416  59.4208 7479997  55.4979 353.7205  2.07086933 80346
0 COSMOS 1024 DEB
1 48090U 78066J   24311.18099638  .00073542  28993-5  32234-2 0  9996
2 48090  61.8416  59.4208 7479997  55.4979 353.7205  2.07086933 80346
0 COSMOS 1024 DEB
1 48090U 78066J   24311.66378824  .00073634  28246-5  31690-2 0  9994
2 48090  61.8406  59.3335 7479480  55.5117 353.7235  2.07168140 80352
0 COSMOS 1024 DEB
1 48090U 78066J   24311.66378824  .00073634  28246-5  31690-2 0  9994
2 48090  61.8406  59.3335 7479480  55.5117 353.7235  2.07168140 80352
0 COSMOS 1024 DEB
1 48090U 78066J   24312.14639903  .00078050  26414-5  32966-2 0  9995
2 48090  61.8399  59.2486 7478957  55.5253 353.7257  2.07247322 80363
0 COSMOS 1024 DEB
1 48090U 78066J   24312.14639903  .00078050  26414-5  32966-2 0  9995
2 48090  61.8399  59.2486 7478957  55.5253 353.7257  2.07247322 80363
0 COSMOS 1024 DEB
1 48090U 78066J   24313.11107474  .00077661  19121-5  31517-2 0  9991
2 48090  61.8374  59.0729 7477970  55.5513 353.7265  2.07401706 80386
0 COSMOS 1024 DEB
1 48090U 78066J   24313.59313089  .00080375  13629-5  32004-2 0  9999
2 48090  61.8358  58.9847 7477411  55.5656 353.7240  2.07483483 80391
0 COSMOS 1024 DEB
1 48090U 78066J   24313.59313089  .00080375  13629-5  32004-2 0  9999
2 48090  61.8358  58.9847 7477411  55.5656 353.7240  2.07483483 80391
0 COSMOS 1024 DEB
1 48090U 78066J   24314.55669234  .00092424 -29597-7  35461-2 0  9994
2 48090  61.8335  58.8074 7476299  55.5922 353.7136  2.07646469 80418
0 COSMOS 1024 DEB
1 48090U 78066J   24314.55669234  .00092424 -29597-7  35461-2 0  9994
2 48090  61.8335  58.8074 7476299  55.5922 353.7136  2.07646469 80418
0 COSMOS 1024 DEB
1 48090U 78066J   24318.40308877  .00085584 -26681-5  28756-2 0  9992
2 48090  61.8317  58.1076 7472211  55.6865 353.6301  2.08297763 80491
0 COSMOS 1024 DEB
1 48090U 78066J   24318.40308877  .00085584 -26681-5  28756-2 0  9992
2 48090  61.8317  58.1076 7472211  55.6865 353.6301  2.08297763 80491
0 COSMOS 1024 DEB
1 48090U 78066J   24319.36291250  .00082226 -14051-5  26983-2 0  9992
2 48090  61.8316  57.9323 7471387  55.7070 353.6158  2.08450383 80516
0 COSMOS 1024 DEB
1 48090U 78066J   24319.36291250  .00082226 -14051-5  26983-2 0  9992
2 48090  61.8316  57.9323 7471387  55.7070 353.6158  2.08450383 80516
0 COSMOS 1024 DEB
1 48090U 78066J   24320.80116896  .00096788  93170-6  30915-2 0  9992
2 48090  61.8308  57.6692 7469649  55.7387 353.6075  2.08726130 80549
0 COSMOS 1024 DEB
1 48090U 78066J   24320.80116896  .00096788  93170-6  30915-2 0  9992
2 48090  61.8308  57.6692 7469649  55.7387 353.6075  2.08726130 80549
0 COSMOS 1024 DEB
1 48090U 78066J   24321.28013646  .00106477  16206-5  34098-2 0  9991
2 48090  61.8302  57.5831 7468764  55.7594 353.6061  2.08835612 80556
0 COSMOS 1024 DEB
1 48090U 78066J   24321.28013646  .00106477  16206-5  34098-2 0  9991
2 48090  61.8302  57.5831 7468764  55.7594 353.6061  2.08835612 80556
0 COSMOS 1024 DEB
1 48090U 78066J   24321.75885249  .00109930  22140-5  34904-2 0  9996
2 48090  61.8277  57.4905 7467958  55.7741 353.6074  2.08948199 80566
0 COSMOS 1024 DEB
1 48090U 78066J   24322.71557547  .00105275  30703-5  32599-2 0  9990
2 48090  61.8248  57.3135 7466547  55.7967 353.6151  2.09156517 80585
0 COSMOS 1024 DEB
1 48090U 78066J   24322.71557547  .00105275  30703-5  32599-2 0  9990
2 48090  61.8248  57.3135 7466547  55.7967 353.6151  2.09156517 80585
0 COSMOS 1024 DEB
1 48090U 78066J   24323.19354421  .00152058  33379-5  46143-2 0  9992
2 48090  61.8237  57.2246 7465513  55.8119 353.6181  2.09295415 80592
0 COSMOS 1024 DEB
1 48090U 78066J   24323.19354421  .00152058  33379-5  46143-2 0  9992
2 48090  61.8237  57.2246 7465513  55.8119 353.6181  2.09295415 80592
0 COSMOS 1024 DEB
1 48090U 78066J   24323.67124306  .00125876  34651-5  37649-2 0  9995
2 48090  61.8230  57.1371 7464817  55.8233 353.6228  2.09401794 80609
0 COSMOS 1024 DEB
1 48090U 78066J   24323.67124306  .00125876  34651-5  37649-2 0  9995
2 48090  61.8230  57.1371 7464817  55.8233 353.6228  2.09401794 80609
0 COSMOS 1024 DEB
1 48090U 78066J   24324.14865631  .00133968  34453-5  39380-2 0  9996
2 48090  61.8222  57.0496 7463901  55.8360 353.6261  2.09530265 80615
0 COSMOS 1024 DEB
1 48090U 78066J   24324.14865631  .00133968  34453-5  39380-2 0  9996
2 48090  61.8222  57.0496 7463901  55.8360 353.6261  2.09530265 80615
0 COSMOS 1024 DEB
1 48090U 78066J   24325.10257878  .00155785  28344-5  44245-2 0  9990
2 48090  61.8210  56.8752 7461896  55.8604 353.6298  2.09805655 80636
0 COSMOS 1024 DEB
1 48090U 78066J   24325.57907596  .00132969  22185-5  37185-2 0  9991
2 48090  61.8200  56.7875 7461001  55.8713 353.6305  2.09930063 80641
0 COSMOS 1024 DEB
1 48090U 78066J   24325.57907596  .00132969  22185-5  37185-2 0  9991
2 48090  61.8200  56.7875 7461001  55.8713 353.6305  2.09930063 80641
0 COSMOS 1024 DEB
1 48090U 78066J   24326.53113628  .00145931  48096-6  39408-2 0  9996
2 48090  61.8189  56.6150 7458953  55.8967 353.6263  2.10208400 80665
0 COSMOS 1024 DEB
1 48090U 78066J   24326.53113628  .00145931  48096-6  39408-2 0  9996
2 48090  61.8189  56.6150 7458953  55.8967 353.6263  2.10208400 80665
0 COSMOS 1024 DEB
1 48090U 78066J   24327.48191921  .00141064 -13954-5  36618-2 0  9991
2 48090  61.8180  56.4403 7456955  55.9200 353.6173  2.10487565 80689
0 COSMOS 1024 DEB
1 48090U 78066J   24328.43136684  .00154636 -26009-5  38939-2 0  9994
2 48090  61.8184  56.2653 7454708  55.9438 353.6029  2.10795750 80706
0 COSMOS 1024 DEB
1 48090U 78066J   24328.43136684  .00154636 -26009-5  38939-2 0  9994
2 48090  61.8184  56.2653 7454708  55.9438 353.6029  2.10795750 80706
0 COSMOS 1024 DEB
1 48090U 78066J   24329.37946578  .00157528 -25848-5  39044-2 0  9990
2 48090  61.8181  56.0900 7452460  55.9667 353.5857  2.11095455 80729
0 COSMOS 1024 DEB
1 48090U 78066J   24329.37946578  .00157528 -25848-5  39044-2 0  9990
2 48090  61.8181  56.0900 7452460  55.9667 353.5857  2.11095455 80729
0 COSMOS 1024 DEB
1 48090U 78066J   24331.74383896  .00155466 -18242-6  36715-2 0  9994
2 48090  61.8175  55.6491 7446944  56.0230 353.5428  2.11845878 80771
0 COSMOS 1024 DEB
1 48090U 78066J   24331.74383896  .00155466 -18242-6  36715-2 0  9994
2 48090  61.8175  55.6491 7446944  56.0230 353.5428  2.11845878 80771
0 COSMOS 1024 DEB
1 48090U 78066J   24332.21568529  .00176621 -56750-8  41458-2 0  9999
2 48090  61.8162  55.5597 7445646  56.0324 353.5355  2.12013822 80782
0 COSMOS 1024 DEB
1 48090U 78066J   24332.21568529  .00176621 -56753-8  41458-2 0  9992
2 48090  61.8162  55.5597 7445646  56.0324 353.5355  2.12013822 80782
0 COSMOS 1024 DEB
1 48090U 78066J   24335.50765943  .00240175  16644-5  50952-2 0  9992
2 48090  61.8071  54.9371 7435747  56.1165 353.5104  2.13355365 80851
0 COSMOS 1024 DEB
1 48090U 78066J   24335.50765943  .00240175  16644-5  50952-2 0  9992
2 48090  61.8071  54.9371 7435747  56.1165 353.5104  2.13355365 80851
0 COSMOS 1024 DEB
1 48090U 78066J   24337.37792675  .00310216  20350-5  59482-2 0  9991
2 48090  61.8104  54.5964 7428366  56.1691 353.5112  2.14360202 80895
0 COSMOS 1024 DEB
1 48090U 78066J   24337.37792675  .00310216  20350-5  59482-2 0  9991
2 48090  61.8104  54.5964 7428366  56.1691 353.5112  2.14360202 80895
0 COSMOS 1024 DEB
1 48090U 78066J   24339.23786152  .00341570  13701-5  57132-2 0  9990
2 48090  61.8060  54.2318 7417991  56.2105 353.5031  2.15724517 80938
0 COSMOS 1024 DEB
1 48090U 78066J   24339.23786152  .00341570  13701-5  57132-2 0  9990
2 48090  61.8060  54.2318 7417991  56.2105 353.5031  2.15724517 80938
0 COSMOS 1024 DEB
1 48090U 78066J   24340.16339903  .00385490  74296-6  61127-2 0  9997
2 48090  61.8038  54.0519 7412445  56.2370 353.4911  2.16445102 80956
0 COSMOS 1024 DEB
1 48090U 78066J   24340.16339903  .00385490  74296-6  61127-2 0  9997
2 48090  61.8038  54.0519 7412445  56.2370 353.4911  2.16445102 80956
0 COSMOS 1024 DEB
1 48090U 78066J   24342.46433702  .00362703 -67162-6  50720-2 0  9998
2 48090  61.7999  53.6058 7399343  56.3046 353.4365  2.18152842 81004
0 COSMOS 1024 DEB
1 48090U 78066J   24342.46433702  .00362703 -67162-6  50720-2 0  9998
2 48090  61.7999  53.6058 7399343  56.3046 353.4365  2.18152842 81004
0 COSMOS 1024 DEB
1 48090U 78066J   24343.37970682  .00365899 -84403-6  47834-2 0  9990
2 48090  61.7994  53.4279 7394335  56.3285 353.4062  2.18819048 81027
0 COSMOS 1024 DEB
1 48090U 78066J   24343.37970682  .00365899 -84403-6  47834-2 0  9990
2 48090  61.7994  53.4279 7394335  56.3285 353.4062  2.18819048 81027
0 COSMOS 1024 DEB
1 48090U 78066J   24344.29220799  .00385981 -70570-6  46843-2 0  9992
2 48090  61.8001  53.2502 7389095  56.3513 353.3730  2.19520313 81043
0 COSMOS 1024 DEB
1 48090U 78066J   24344.29220799  .00385981 -70570-6  46843-2 0  9992
2 48090  61.8001  53.2502 7389095  56.3513 353.3730  2.19520313 81043
0 COSMOS 1024 DEB
1 48090U 78066J   24345.65512975  .00418615 -23937-7  46928-2 0  9994
2 48090  61.7988  52.9812 7380248  56.3870 353.3217  2.20680397 81077
0 COSMOS 1024 DEB
1 48090U 78066J   24345.65512975  .00418615 -23937-7  46928-2 0  9994
2 48090  61.7988  52.9812 7380248  56.3870 353.3217  2.20680397 81077
0 COSMOS 1024 DEB
1 48090U 78066J   24346.55968037  .00470377  58853-6  44986-2 0  9996
2 48090  61.7977  52.7972 7374399  56.3830 353.2979  2.21515087 81096
0 COSMOS 1024 DEB
1 48090U 78066J   24346.55968037  .00470377  58853-6  44986-2 0  9996
2 48090  61.7977  52.7972 7374399  56.3830 353.2979  2.21515087 81096
0 COSMOS 1024 DEB
1 48090U 78066J   24347.01072260  .00515442  89086-6  50087-2 0  9996
2 48090  61.7998  52.7224 7371002  56.4040 353.2828  2.21933289 81104
0 COSMOS 1024 DEB
1 48090U 78066J   24347.01072260  .00515442  89086-6  50087-2 0  9996
2 48090  61.7998  52.7224 7371002  56.4040 353.2828  2.21933289 81104
0 COSMOS 1024 DEB
1 48090U 78066J   24350.58027985  .00903732  18272-5  73546-2 0  9992
2 48090  61.7945  51.9975 7334008  56.5271 353.1755  2.26727084 81187
0 COSMOS 1024 DEB
1 48090U 78066J   24350.58027985  .00903732  18272-5  73546-2 0  9992
2 48090  61.7945  51.9975 7334008  56.5271 353.1755  2.26727084 81187
0 COSMOS 1024 DEB
1 48090U 78066J   24350.58027985  .00903732  18272-5  73546-2 0  9992
2 48090  61.7945  51.9975 7334008  56.5271 353.1755  2.26727084 81187
