1 42979U 10041T   17291.04563434  .00000163  00000-0  13312-2 0  9998
2 42979  65.1912 162.4600 5564896  81.6634 334.8152  4.25522217  1778
1 42979U 10041U   17292.22067860  .00000257  00000-0  24648-2 0  9999
2 42979  65.1803 162.0576 5564715  81.6008 334.8473  4.25523261  1822
1 42979U 10041U   17292.69069494  .00002475  00000-0  29829-1 0  9994
2 42979  65.1740 161.9234 5564914  81.5952 334.8545  4.25525940  1847
1 42979U 10041U   17292.92569996  .00001543  00000-0  18288-1 0  9994
2 42979  65.1822 161.8207 5565133  81.5867 334.8567  4.25524876  1858
1 42979U 10041U   17294.80574577  .00000243  00000-0  22841-2 0  9991
2 42979  65.1857 161.1633 5565812  81.4780 334.8756  4.25522926  1932
1 42979U 10041U   17296.92084344 -.00000202 +00000-0 -30977-2 0  9990
2 42979 065.1853 160.4201 5566408 081.3819 334.9584 04.25521043002025
1 42979U 10041U   17299.74096245  .00000193  00000-0  16728-2 0  9991
2 42979  65.1931 159.5051 5567616  81.1041 335.0990  4.25523784  2141
1 42979U 10041U   17300.21098448 -.00001363  00000-0 -17045-1 0  9997
2 42979  65.1779 159.2963 5568286  81.1563 335.1017  4.25518201  2164
1 42979U 10041U   17300.68099890  .00000485  00000-0  51513-2 0  9991
2 42979  65.1821 159.1293 5567632  81.1392 335.1219  4.25525270  2181
1 42979U 10041U   17303.97106843 -.00000250  00000-0 -39397-2 0  9991
2 42979  65.1830 157.9918 5568128  80.9727 335.1470  4.25522434  2325
1 42979U 10041U   17304.67611890 -.00000247 +00000-0 -39397-2 0  9998
2 42979 065.1830 157.7485 5568259 080.9360 335.2037 04.25521970002357
1 42979U 10041U   17308.67127973  .00000115  00000-0  37168-3 0  9993
2 42979  65.1825 156.3811 5568912  80.7400 335.3698  4.25524754  2524
1 42979U 10041U   17308.90624371 +.00000114 +00000-0 +37168-3 0  9992
2 42979 065.1825 156.2999 5568956 080.7278 335.3099 04.25524768002532
1 42979U 10041U   17312.66634687  .00002313  00000-0  26512-1 0  9993
2 42979  65.1820 154.9997 5570409  80.5360 335.3932  4.25533793  2697
1 42979U 10041U   17315.95632109  .00000147  00000-0  96318-3 0  9991
2 42979  65.1817 153.8569 5570535  80.3577 335.3017  4.25525973  2835
1 42979U 10041U   17316.66145900 -.00000339 +00000-0 -47616-2 0  9999
2 42979 065.1788 153.6071 5571445 080.3222 335.4975 04.25523849002863
1 42979U 10041U   17316.89647363 -.00000299  00000-0 -42902-2 0  9992
2 42979  65.1801 153.5288 5571822  80.3427 335.5063  4.25523798  2877
1 42979U 10041U   17317.60149472 -.00000002  00000-0 -86512-3 0  9998
2 42979  65.1812 153.2776 5571867  80.3224 335.5247  4.25525103  2902
1 42979U 10041U   17320.89158637  .00000331  00000-0  29672-2 0  9992
2 42979  65.1845 152.1320 5572425  80.1142 335.6242  4.25527070  3046
1 42979U 10041U   17321.59659722 +.00000495 +00000-0 +48732-2 0  9990
2 42979 065.1811 151.8890 5572778 080.0865 335.6338 04.25528437003076
1 42979U 10041U   17324.65164580 -.00000442  00000-0 -58258-2 0  9991
2 42979  65.1801 150.8414 5573256  79.8991 335.6755  4.25525357  3200
1 42979U 10041U   17324.88667619  .00000144  00000-0  92091-3 0  9998
2 42979  65.1804 150.7568 5573250  79.9173 335.7115  4.25527217  3218
1 42979U 10041U   17325.59168645 +.00000144 +00000-0 +92091-3 0  9992
2 42979 065.1804 150.5130 5573395 079.8809 335.7192 04.25527328003247
1 42979U 10041U   17328.64675694  .00000066  00000-0 -10844-3 0  9998
2 42979  65.1822 149.4568 5574016  79.6897 335.8024  4.25527485  3378
1 42979U 10041U   17329.58678523 +.00000159 +00000-0 +89999-3 0  9995
2 42979 065.1823 149.1312 5574158 079.6448 335.8371 04.25528036003415
1 42979U 10041U   17329.82178813  .00000161  00000-0  89999-3 0  9992
2 42979  65.1823 149.0499 5574207  79.6326 335.8395  4.25528073  3428
1 42979U 10041U   17332.87685862  .00000139  00000-0  48375-3 0  9996
2 42979  65.1967 148.0212 5574357  79.4142 335.9341  4.25528487  3554
1 42979U 10041U   17333.58188247 +.00000092 +00000-0 -53487-4 0  9990
2 42979 065.1960 147.7778 5574576 079.3809 335.9632 04.25528257003583
1 42979U 10041U   17335.46192250  .00000573  00000-0  54401-2 0  9996
2 42979  65.1961 147.1256 5575068  79.3311 336.0035  4.25529978  3663
1 42979U 10041U   17336.63692772  .00000352  00000-0  29804-2 0  9994
2 42979  65.1944 146.7196 5576222  79.2862 336.0082  4.25530437  3715
1 42979U 10041U   17336.87193258 -.00000167  00000-0 -28055-2 0  9998
2 42979  65.1817 146.6274 5577008  79.2925 336.0054  4.25528153  3725
1 42979U 10041U   17337.57695092 -.00000172 +00000-0 -28055-2 0  9995
2 42979 065.1817 146.3833 5577165 079.2561 336.0270 04.25527796003758
1 42979U 10041U   17337.81195531 -.00000461  00000-0 -60038-2 0  9993
2 42979  65.1813 146.2974 5577111  79.2004 336.0355  4.25526016  3761
1 42979U 10041U   17339.45700861  .00001155  00000-0  12130-1 0  9991
2 42979  65.1791 145.7170 5576859  79.0687 336.1345  4.25532672  3834
1 42979U 10041U   17342.51199613  .00000069  00000-0  31889-4 0  9997
2 42979  65.2012 144.6797 5576034  78.9095 336.0892  4.25529102  3964
1 42979U 10041U   17345.56710966  .00000087  00000-0  13979-3 0  9994
2 42979  65.1905 143.6132 5577479  78.7837 336.2392  4.25529179  4098
1 42979U 10041U   17345.80211270 -.00000149  00000-0 -24746-2 0  9999
2 42979  65.1880 143.4960 5577863  78.8343 336.2323  4.25528526  4108
1 42979U 10041U   17349.56218613  .00000455  00000-0  43151-2 0  9993
2 42979  65.1827 142.1847 5579102  78.6682 336.3276  4.25531288  4265
1 42979U 10041U   17350.50217501 +.00000540 +00000-0 +52574-2 0  9998
2 42979 065.1741 141.8727 5580057 078.6114 336.3149 04.25532519004306
1 42979U 10041U   17350.73718281  .00000350  00000-0  32680-2 0  9999
2 42979  65.1874 141.8065 5577771  78.4743 336.3520  4.25531525  4313
1 42979U 10041U   17356.37724953  .00000206  00000-0  15686-2 0  9995
2 42979  65.1884 139.8479 5579445  78.2234 336.4626  4.25532475  4552
1 42979U 10041U   17357.78728628  .00009643  00000-0  10455+0 0  9994
2 42979  65.1545 139.3735 5579248  78.1969 336.4943  4.25544152  4615
1 42979U 10041U   17358.49227104  .00001653  00000-0  17147-1 0  9996
2 42979  65.1726 139.1104 5580088  78.1411 336.4754  4.25531061  4648
1 42979U 10041U   17360.37232980 +.00000923 +00000-0 +91473-2 0  9998
2 42979 065.1719 138.4606 5580475 078.0414 336.5744 04.25533575004722
1 42979U 10041U   17360.37232981  .00000923  00000-0  91473-2 0  9999
2 42979  65.1719 138.4606 5580475  78.0414 336.5744  4.25533575  4722
1 42979U 10041U   17361.78234846  .00000213  00000-0  15012-2 0  9994
2 42979  65.1701 137.9685 5580731  77.9855 336.5968  4.25531629  4788
1 42979U 10041U   17362.48736926 +.00000056 +00000-0 -15643-3 0  9995
2 42979 065.1725 137.7225 5581103 077.9555 336.6265 04.25530961004816
1 42979U 10041U   17362.72237469 -.00000153  00000-0 -23806-2 0  9998
2 42979  65.1705 137.6361 5581409  77.9274 336.6352  4.25529782  4828
1 42979U 10041U   17363.42739215 -.00000284  00000-0 -37419-2 0  9992
2 42979  65.1733 137.3942 5581241  77.8768 336.6622  4.25528929  4857
1 42979U 10041U   17364.36740987 +.00000867 +00000-0 +86450-2 0  9998
2 42979 065.1697 137.0695 5581965 077.8134 336.7059 04.25533818004890
1 42979U 10041U   17365.77740609 -.00000040  00000-0 -91961-3 0  9994
2 42979  65.1658 136.5731 5581581  77.7966 336.6724  4.25529805  4954
1 42979U 10041U   18001.48242968 -.00000091 +00000-0 -14187-2 0  9995
2 42979 065.1678 136.3255 5581842 077.7587 336.7058 04.25529449004982
1 42979U 10041U   18003.36246757  .00000170  00000-0  14139-2 0  9997
2 42979  65.1581 135.6812 5582996  77.7010 336.7444  4.25529957  5061
1 42979U 10041U   18005.47750636 -.00000451  00000-0 -51529-2 0  9995
2 42979  65.1590 134.9425 5584011  77.6146 336.7745  4.25526514  5152
1 42979U 10041U   18005.71252628 -.00000463  00000-0 -52982-2 0  9997
2 42979  65.1607 134.8610 5583776  77.5793 336.8063  4.25526171  5164
1 42979U 10041U   18009.70765950  .00000307  00000-0  28275-2 0  9990
2 42979  65.1690 133.4897 5584258  77.2956 336.9631  4.25527487  5334
1 42979U 10041U   18013.46772575 -.00000237  00000-0 -26032-2 0  9992
2 42979  65.1643 132.1685 5585103  77.1706 336.9631  4.25523416  5490
1 42979U 10041U   18013.70275968 -.00000408  00000-0 -43667-2 0  9996
2 42979  65.1702 132.0917 5585026  77.0970 337.0213  4.25522496  5506
1 42979U 10041U   18014.40779429 -.00000144 +00000-0 -16070-2 0  9990
2 42979 065.1703 131.8454 5584999 077.0789 337.0523 04.25523367005531
1 42979U 10041U   18018.40293472 -.00000377 +00000-0 -41409-2 0  9995
2 42979 065.1681 130.4519 5585800 076.8776 337.1326 04.25519888005702
1 42979U 10041U   18023.33818817 -.00000305  00000-0 -35181-2 0  9990
2 42979  65.1868 128.7670 5586519  76.6572 337.2937  4.25516984  5913
1 42979U 10041U   18025.68829265 -.00000320  00000-0 -35157-2 0  9999
2 42979  65.1650 127.9083 5587354  76.5328 337.3321  4.25515225  6014
1 42979U 10041U   18026.62834196 -.00000931  00000-0 -97117-2 0  9995
2 42979  65.1626 127.5692 5586850  76.4582 337.3587  4.25512259  6052
1 42979U 10041U   18027.33338478 -.00000289  00000-0 -30863-2 0  9997
2 42979  65.1602 127.3247 5586979  76.4646 337.3745  4.25513994  6089
1 42979U 10041U   18031.32860974 -.00000558  00000-0 -57436-2 0  9996
2 42979  65.1647 125.9566 5586957  76.2256 337.4652  4.25510500  6254
1 42979U 10041U   18032.26867692 -.00000274 +00000-0 -28433-2 0  9994
2 42979 065.1796 125.6523 5588222 076.2102 337.4925 04.25511102006292
1 42979U 10041U   18034.61883395 -.00000439  00000-0 -45954-2 0  9993
2 42979  65.1655 124.8202 5587272  76.0172 337.5726  4.25508725  6398
1 42979U 10041U   18035.32388939 -.00000441 +00000-0 -45954-2 0  9999
2 42979 065.1655 124.5749 5587460 075.9817 337.6004 04.25508088006420
1 42979U 10041U   18038.84914688 -.00000440 +00000-0 -43366-2 0  9999
2 42979 065.1644 123.3388 5588426 075.8148 337.7007 04.25506124006572
1 42979U 10041U   18039.55418647 -.00000445 +00000-0 -43366-2 0  9997
2 42979 065.1643 123.0934 5588614 075.7794 337.6975 04.25505517006602
1 42979U 10041U   18042.60942825 -.00000595 +00000-0 -56904-2 0  9995
2 42979 065.1662 122.0133 5591155 075.5438 337.8106 04.25503789006731
1 42979U 10041U   18043.31449542 -.00000661  00000-0 -64292-2 0  9995
2 42979  65.1775 121.7449 5590080  75.5573 337.8367  4.25502679  6767
1 42979U 10041U   18046.60477893 -.00000065  00000-0 -71847-3 0  9993
2 42979  65.1828 120.5910 5590338  75.3692 337.9560  4.25503338  6907
1 42979U 10041U   18047.30981332 -.00000166  00000-0 -17778-2 0  9993
2 42979  65.1688 120.3744 5589636  75.3521 337.9318  4.25502641  6934
1 42979U 10041U   18049.18996973  .00000669  00000-0  64630-2 0  9993
2 42979  65.1639 119.7505 5590267  75.2547 337.9797  4.25504584  7015
1 42979U 10041U   18051.30512824 -.00000401  00000-0 -41503-2 0  9999
2 42979  65.1688 119.0150 5590321  75.1937 337.9705  4.25499292  7109
1 42979U 10041U   18052.24523768 -.00000132  00000-0 -14313-2 0  9992
2 42979  65.1791 118.7058 5590566  75.1877 338.0240  4.25500218  7142
1 42979U 10041U   18053.18531077  .00000186  00000-0  17743-2 0  9995
2 42979  65.1742 118.3694 5590865  75.0885 338.0457  4.25500909  7181
1 42979U 10041U   18055.30049379 -.00000334 +00000-0 -32372-2 0  9992
2 42979 065.1701 117.6269 5591567 075.0152 338.0729 04.25498278007270
1 42979U 10041U   18055.53552465 -.00000476 +00000-0 -46317-2 0  9993
2 42979 065.1659 117.5419 5591677 075.0069 338.0878 04.25497114007281
1 42979U 10041U   18056.47561794 -.00000433  00000-0 -42112-2 0  9994
2 42979  65.1675 117.2178 5591134  74.9067 338.1300  4.25496808  7327
1 42979U 10041U   18059.53093016 -.00000156  00000-0 -15540-2 0  9998
2 42979  65.1601 116.1649 5593001  74.6865 338.2454  4.25496370  7454
1 42979U 10041U   18060.23600738  .00000026  00000-0  19188-3 0  9999
2 42979  65.1686 115.9028 5592296  74.6821 338.2751  4.25497198  7484
1 42979U 10041U   18063.52630968 -.00000356  00000-0 -35179-2 0  9997
2 42979  65.1711 114.7542 5592557  74.5248 338.3187  4.25494532  7622
1 42979U 10041U   18064.23138821 -.00000154 +00000-0 -15100-2 0  9995
2 42979 065.1720 114.5088 5592098 074.4912 338.3494 04.25495147007659
1 42979U 10041U   18064.46640512 -.00000145  00000-0 -13995-2 0  9995
2 42979  65.1714 114.4264 5592318  74.5009 338.3402  4.25495145  7668
1 42979U 10041U   18072.22219850 -.00000124  00000-0 -12522-2 0  9997
2 42979  65.1706 111.7266 5594938  74.0617 338.5416  4.25493349  7998
1 42979U 10041U   18080.44807911 -.00000053  00000-0 -71527-3 0  9993
2 42979  65.1732 108.8465 5596168  73.7204 338.7641  4.25492852  8340
1 42979U 10041U   18081.15310889  .00001901  00000-0  17805-1 0  9993
2 42979  65.1715 108.6069 5595911  73.6155 338.7314  4.25495198  8374
1 42979U 10041U   18084.44338993 -.00000137 +00000-0 -14490-2 0  9994
2 42979 065.1692 107.4546 5596847 073.4386 338.7108 04.25492425008515
1 42979U 10041U   18085.14853375 -.00000135 +00000-0 -14490-2 0  9996
2 42979 065.1691 107.2084 5597033 073.4035 338.8322 04.25492205008546
1 42979U 10041U   18089.61402091 -.00000048  00000-0 -73368-3 0  9990
2 42979  65.1733 105.6430 5598108  73.1803 338.9717  4.25493030  8731
1 42979U 10041U   18092.43428633  .00000042  00000-0  27109-3 0  9998
2 42979  65.1725 104.6633 5598743  73.0382 338.9943  4.25493655  8859
1 42979U 10041U   18093.13935035  .00000032  00000-0  21763-3 0  9994
2 42979  65.1787 104.4139 5599593  72.9919 338.9983  4.25493635  8889
1 42979U 10041U   18093.13935035 +.00000032 +00000-0 +21763-3 0  9994
2 42979 065.1787 104.4139 5599593 072.9919 338.9983 04.25493635008889
1 42979U 10041U   18094.78452164  .00000063  00000-0  55596-3 0  9998
2 42979  65.1829 103.8365 5599440  72.9336 339.0359  4.25494127  8958
1 42979U 10041U   18098.07484782 -.00000188  00000-0 -18602-2 0  9991
2 42979  65.1882 102.7270 5601350  72.7838 339.0858  4.25493234  9097
1 42979U 10041U   18100.42510762  .00000042  00000-0  34560-4 0  9992
2 42979  65.1748 101.8711 5601437  72.6491 339.1755  4.25494156  9190
1 42979U 10041U   18101.36519428 -.00000173 +00000-0 -19472-2 0  9994
2 42979 065.1709 101.5443 5602076 072.6054 339.1769 04.25493100009239
1 42979U 10041U   18102.07027304  .00000002  00000-0 -41585-3 0  9991
2 42979  65.1719 101.3070 5601791  72.5492 339.2120  4.25494019  9267
1 42979U 10041U   18105.36060077  .00000134  00000-0  75785-3 0  9994
2 42979  65.1756 100.1637 5603089  72.3492 339.2799  4.25494509  9406
1 42979U 10041U   18106.53571505  .00000464  00000-0  37110-2 0  9992
2 42979  65.1758  99.7502 5603657  72.3021 339.3018  4.25496543  9451
1 42979U 10041U   18106.53571505 +.00000464 +00000-0 +37110-2 0  9992
2 42979 065.1758 099.7502 5603657 072.3021 339.3018 04.25496543009451
1 42979U 10041U   18110.06105897  .00000044  00000-0  12516-3 0  9990
2 42979  65.1887  98.5157 5604662  72.1427 339.3518  4.25494510  9606
1 42979U 10041U   18111.94124948 +.00000060 +00000-0 +23315-3 0  9993
2 42979 065.1888 097.8584 5605335 072.0486 339.3950 04.25494790009683
1 42979U 10041U   18111.94124948  .00000060  00000-0  23315-3 0  9993
2 42979  65.1888  97.8584 5605335  72.0486 339.3950  4.25494790  9683
1 42979U 10041U   18112.41129881 +.00000052 +00000-0 +14842-3 0  9993
2 42979 065.1898 097.6936 5605531 072.0246 339.4070 04.25494669009707
1 42979U 10041U   18113.35139613  .00000067  00000-0  23999-3 0  9990
2 42979  65.1898  97.3649 5605859  71.9772 339.4303  4.25494669  9743
1 42979U 10041U   18114.99656304  .00000094  00000-0  43844-3 0  9993
2 42979  65.1898  96.7895 5606442  71.8951 339.4684  4.25494951  9810
1 42979U 10041U   18115.93665657 +.00000076 +00000-0 +30242-3 0  9997
2 42979 065.1898 096.4607 5606771 071.8481 339.4876 04.25494971009850
1 42979U 10041U   18117.34679556 +.00000064 +00000-0 +26682-3 0  9997
2 42979 065.1898 095.9675 5607271 071.7777 339.5125 04.25494884009910
1 42979U 10041U   18118.99195265  .00000089  00000-0  60195-3 0  9993
2 42979  65.1899  95.3916 5607839  71.6958 339.5383  4.25495340  9984
1 42979U 10041U   18122.28227143  .00000041  00000-0  34415-3 0  9995
2 42979  65.1896  94.2403 5608997  71.5312 339.5965  4.25495490 10129
1 42979U 10041U   18122.98734041 +.00000055 +00000-0 +45313-3 0  9996
2 42979 065.1895 093.9934 5609229 071.4961 339.6115 04.25495717010154
1 42979U 10041U   18126.51269502  .00000041  00000-0  13761-3 0  9991
2 42979  65.1893  92.7589 5610385  71.3199 339.6976  4.25495723 10301
1 42979U 10041U   18126.98274057 +.00000124 +00000-0 +79977-3 0  9996
2 42979 065.1892 092.5944 5610536 071.2956 339.7099 04.25496368010326
1 42979U 10041U   18129.09795239  .00000032  00000-0 -46203-4 0  9997
2 42979  65.1879  91.8540 5611225  71.1881 339.7618  4.25495903 10418
1 42979U 10041U   18130.97813519  .00000069  00000-0  25691-3 0  9994
2 42979  65.1874  91.1955 5611875  71.0933 339.8014  4.25496161 10490
1 42979U 10041U   18134.26844627  .00000010  00000-0 -89339-4 0  9991
2 42979  65.1870  90.0421 5613064  70.9303 339.8566  4.25496077 10637
1 42979U 10041U   18134.97351278 +.00000038 +00000-0 +17315-3 0  9997
2 42979 065.1873 089.7945 5613352 070.8937 339.8694 04.25496316010669
1 42979U 10041U   18138.96890314  .00000033  00000-0  17011-3 0  9997
2 42979  65.1868  88.3926 5614725  70.6969 339.9568  4.25496379 10834
1 42979U 10041U   18139.90899701 +.00000051 +00000-0 +28970-3 0  9997
2 42979 065.1875 088.0626 5615070 070.6502 339.9816 04.25496565010870
1 42979U 10041U   18143.90438430 +.00000065 +00000-0 +45893-3 0  9998
2 42979 065.1850 086.6533 5616198 070.4577 340.0680 04.25496852011047
1 42979U 10041U   18143.90438430 +.00000065 +00000-0 +45893-3 0  9998
2 42979 065.1850 086.6533 5616198 070.4577 340.0680 04.25496852011047
1 42979U 10041U   18147.89975787  .00000083  00000-0  89088-3 0  9995
2 42979  65.1886  85.2587 5617413  70.2551 340.1405  4.25497506 11213
1 42979U 10041U   18151.89514137  .00000226  00000-0  19285-2 0  9998
2 42979  65.1942  83.8682 5618521  70.0449 340.2417  4.25499007 11381
1 42979U 10041U   18155.89051260 +.00000359 +00000-0 +27545-2 0  9990
2 42979 065.1965 082.4698 5619588 069.8431 340.3506 04.25501299011555
1 42979U 10041U   18159.88583847 +.00000424 +00000-0 +33004-2 0  9994
2 42979 065.1825 081.0403 5620639 069.6367 340.4376 04.25504549011720
1 42979U 10041U   18160.82590924 +.00000417 +00000-0 +32782-2 0  9998
2 42979 065.1850 080.7149 5620927 069.5923 340.4542 04.25505365011764
1 42979U 10041U   18161.76597673  .00000394  00000-0  31359-2 0  9993
2 42979  65.1844  80.3837 5621250  69.5633 340.4656  4.25506101 11805
1 42979U 10041U   18163.88113200  .00000417  00000-0  33439-2 0  9995
2 42979  65.1856  79.6427 5621715  69.4489 340.5154  4.25507932 11894
1 42979U 10041U   18164.82119889 +.00000442 +00000-0 +35186-2 0  9998
2 42979 065.1848 079.3107 5621931 069.4013 340.5399 04.25508970011939
1 42979U 10041U   18167.87640750 +.00000476 +00000-0 +36836-2 0  9992
2 42979 065.1836 078.2315 5622670 069.2544 340.6231 04.25511864012060
1 42979U 10041U   18168.11142056 +.00000469 +00000-0 +36256-2 0  9994
2 42979 065.1806 078.1407 5622810 069.2598 340.6232 04.25512029012079
1 42979U 10041U   18168.81646367 +.00000494 +00000-0 +38113-2 0  9997
2 42979 065.1805 077.8922 5623000 069.2244 340.6413 04.25512926012107
1 42979U 10041U   18175.86680312  .00000453  00000-0  38265-2 0  9991
2 42979  65.1779  75.4033 5624643  68.8754 340.7864  4.25520743 12409
1 42979U 10041U   18176.10181279 +.00000473 +00000-0 +39644-2 0  9991
2 42979 065.1788 075.3224 5624698 068.8638 340.7922 04.25521115012411
1 42979U 10041U   18180.80198706  .00000383  00000-0  30827-2 0  9990
2 42979  65.1782  73.6624 5625639  68.6311 340.9232  4.25525617 12611
1 42979U 10041U   18181.03699383 +.00000446 +00000-0 +35203-2 0  9996
2 42979 065.1789 073.5819 5625702 068.6189 340.9302 04.25526309012625
1 42979U 10041U   18184.79708998  .00000225  00000-0  18745-2 0  9992
2 42979  65.1777  72.2560 5626519  68.4289 341.0250  4.25528524 12789
1 42979U 10041U   18185.73710774 +.00000182 +00000-0 +15829-2 0  9994
2 42979 065.1763 071.9254 5626644 068.3814 341.0441 04.25529019012829
1 42979U 10041U   18188.79215672  .00000084  00000-0  96398-3 0  9992
2 42979  65.1762  70.8480 5627314  68.2348 341.1014  4.25530318 12958
1 42979U 10041U   18189.73217402 -.00000017 +00000-0 +26703-3 0  9990
2 42979 065.1767 070.5151 5627586 068.1895 341.1216 04.25530036012997
1 42979U 10041U   18189.73217402 -.00000017  00000-0  26703-3 0  9990
2 42979  65.1767  70.5151 5627586  68.1895 341.1216  4.25530036 12997
1 42979U 10041U   18196.78231173  .00000047  00000-0  62785-3 0  9996
2 42979  65.1793  68.0287 5629010  67.8475 341.2986  4.25530921 13294
1 42979U 10041U   18197.25231916 +.00000044 +00000-0 +62666-3 0  9999
2 42979 065.1753 067.8523 5629141 067.8156 341.3114 04.25530950013310
1 42979U 10041U   18197.72232629 +.00000016 +00000-0 +45410-3 0  9990
2 42979 065.1758 067.6854 5629306 067.7945 341.3198 04.25530782013335
1 42979U 10041U   18197.72232629  .00000016  00000-0  45410-3 0  9990
2 42979  65.1758  67.6854 5629306  67.7945 341.3198  4.25530782 13335
1 42979U 10041U   18201.71737983 -.00000004  00000-0  53324-3 0  9999
2 42979  65.1753  66.2711 5630168  67.5979 341.3915  4.25531307 13500
1 42979U 10041U   18209.47250856 +.00000009 +00000-0 +30841-3 0  9992
2 42979 065.1766 063.5223 5631743 067.2061 341.5895 04.25531973013835
1 42979U 10041U   18210.41252031 +.00000036 +00000-0 +47501-3 0  9996
2 42979 065.1752 063.1914 5631813 067.1624 341.6080 04.25532185013872
1 42979U 10041U   18215.58257626 -.00000049  00000-0 -44520-4 0  9999
2 42979  65.1751  61.3603 5632882  66.9076 341.6978  4.25532037 14098
1 42979U 10041U   18217.93260623 -.00000027 +00000-0 +78582-4 0  9991
2 42979 065.1753 060.5272 5633356 066.7922 341.7447 04.25532044014199
1 42979U 10041U   18217.93260623 -.00000027  00000-0  78582-4 0  9991
2 42979  65.1753  60.5272 5633356  66.7922 341.7447  4.25532044 14199
1 42979U 10041U   18225.68770654 +.00000018 +00000-0 +34954-3 0  9995
2 42979 065.1749 057.7788 5635059 066.4087 341.9020 04.25532248014527
1 42979U 10041U   18226.62771204 +.00000018 +00000-0 +40163-3 0  9991
2 42979 065.1697 057.4315 5635264 066.3693 341.9116 04.25532341014566
1 42979U 10041U   18228.50772639 -.00000012  00000-0  28084-3 0  9996
2 42979  65.1711  56.7750 5635368  66.2801 341.9363  4.25532620 14646
1 42979U 10041U   18232.50277111 -.00000016  00000-0  13509-3 0  9996
2 42979  65.1679  55.3530 5635947  66.0896 342.0154  4.25532916 14812
1 42979U 10041U   18233.91278902  .00000018  00000-0  26846-3 0  9990
2 42979  65.1685  54.8547 5636077  66.0140 342.0490  4.25533066 14874
1 42979U 10041U   18236.49781617 -.00000005  00000-0  25965-4 0  9997
2 42979  65.1671  53.9342 5636578  65.8888 342.1008  4.25533092 14981
1 42979U 10041U   18238.61283158 +.00000029 +00000-0 +23484-3 0  9998
2 42979 065.1670 053.1833 5637020 065.7895 342.1326 04.25533311015075
1 42979U 10041U   18238.61283158  .00000029  00000-0  23484-3 0  9998
2 42979  65.1670  53.1833 5637020  65.7895 342.1326  4.25533311 15075
1 42979U 10041U   18243.54785940 -.00000000  00000-0  75620-4 0  9992
2 42979  65.1659  51.4318 5637812  65.5574 342.1952  4.25533376 15281
1 42979U 10041U   18246.60288928  .00000004  00000-0  27323-4 0  9996
2 42979  65.1630  50.3458 5638249  65.4028 342.2556  4.25533321 15417
1 42979U 10041U   18247.54289966 +.00000010 +00000-0 +30055-4 0  9996
2 42979 065.1626 050.0114 5638393 065.3597 342.2740 04.25533257015455
1 42979U 10041U   18251.53792918  .00000053  00000-0  33505-3 0  9995
2 42979  65.1612  48.5919 5638949  65.1708 342.3333  4.25533404 15626
1 42979U 10041U   18253.41793521  .00000017  00000-0  22222-3 0  9999
2 42979  65.1608  47.9252 5639195  65.0820 342.3506  4.25533493 15701
1 42979U 10041U   18254.59293877  .00000043  00000-0  44258-3 0  9990
2 42979  65.1597  47.5071 5639378  65.0294 342.3619  4.25533785 15755
1 42979U 10041U   18255.53294518 +.00000008 +00000-0 +24883-3 0  9991
2 42979 065.1608 047.1766 5639617 064.9839 342.3749 04.25533601015799
1 42979U 10041U   18256.70795268  .00000001  00000-0  21250-3 0  9997
2 42979  65.1615  46.7606 5639872  64.9300 342.3931  4.25533801 15842
1 42979U 10041U   18257.41295764 -.00000012 +00000-0 +12037-3 0  9998
2 42979 065.1608 046.5097 5639912 064.8971 342.4051 04.25533842015876
1 42979U 10041U   18260.46798430 +.00000016 +00000-0 +15780-3 0  9996
2 42979 065.1590 045.4236 5640205 064.7483 342.4665 04.25534083016008
1 42979U 10041U   18260.46798430  .00000016  00000-0  15780-3 0  9996
2 42979  65.1590  45.4236 5640205  64.7483 342.4665  4.25534083 16008
1 42979U 10041U   18263.52300569 -.00000068 +00000-0 -43795-3 0  9994
2 42979 065.1577 044.3392 5640629 064.6000 342.5218 04.25533758016135
1 42979U 10041U   18265.40301404 -.00000202 +00000-0 -12479-2 0  9996
2 42979 065.1566 043.6701 5640738 064.5114 342.5461 04.25533089016211
1 42979U 10041U   18266.34301989 -.00000261 +00000-0 -15893-2 0  9996
2 42979 065.1561 043.3353 5640944 064.4649 342.5584 04.25532576016257
1 42979U 10041U   18267.51802801 -.00000287 +00000-0 -17290-2 0  9996
2 42979 065.1552 042.9185 5640908 064.4081 342.5710 04.25531156016305
1 42979U 10041U   18268.45803424 -.00000369 +00000-0 -22193-2 0  9991
2 42979 065.1543 042.5841 5640891 064.3616 342.5821 04.25531248016343
1 42979U 10041U   18272.45309797 -.00000471  00000-0 -28643-2 0  9990
2 42979  65.1523  41.1644 5641181  64.1719 342.6458  4.25527865 16518
1 42979U 10041U   18272.68810504 -.00000538 +00000-0 -32841-2 0  9997
2 42979 065.1524 041.0818 5641146 064.1532 342.6529 04.25527205016523
1 42979U 10041U   18276.44820541 -.00000454  00000-0 -28036-2 0  9995
2 42979  65.1498  39.7428 5641453  63.9683 342.7265  4.25524298 16683
1 42979U 10041U   18277.38823300 -.00000468 +00000-0 -28603-2 0  9990
2 42979 065.1496 039.4090 5641484 063.9236 342.7394 04.25523321016725
1 42979U 10041U   18280.44332939 -.00000519  00000-0 -29849-2 0  9994
2 42979  65.1475  38.3226 5641638  63.7750 342.7732  4.25520232 16859
1 42979U 10041U   18281.38336318 -.00000517 +00000-0 -29174-2 0  9992
2 42979 065.1464 037.9881 5641670 063.7284 342.7849 04.25519459016899
1 42979U 10041U   18284.43849880 -.00000523  00000-0 -29097-2 0  9995
2 42979  65.1452  36.9057 5641882  63.5827 342.8369  4.25516567 17027
1 42979U 10041U   18285.37854670 -.00000520 +00000-0 -29134-2 0  9991
2 42979 065.1449 036.5731 5641902 063.5383 342.8566 04.25515683017069
1 42979U 10041U   18286.31859645 -.00000484  00000-0 -27282-2 0  9994
2 42979  65.1441  36.2382 5641951  63.4913 342.8780  4.25515144 17107
1 42979U 10041U   18288.43371708 -.00000485  00000-0 -28043-2 0  9995
2 42979  65.1425  35.4859 5641992  63.3886 342.9234  4.25512925 17190
1 42979U 10041U   18289.37377155 -.00000482 +00000-0 -27909-2 0  9998
2 42979 065.1424 035.1522 5642127 063.3428 342.9424 04.25512215017234
1 42979U 10041U   18292.42895952 -.00000520  00000-0 -29747-2 0  9993
2 42979  65.1443  34.0739 5642235  63.1935 342.9931  4.25509030 17362
1 42979U 10041U   18293.36901794 -.00000491 +00000-0 -27739-2 0  9995
2 42979 065.1432 033.7386 5642287 063.1490 343.0063 04.25508517017409
1 42979U 10041U   18296.42423071 -.00000509  00000-0 -28357-2 0  9999
2 42979  65.1405  32.6508 5642385  62.9924 343.0567  4.25505501 17534
1 42979U 10041U   18296.65924613 -.00000472 +00000-0 -26167-2 0  9998
2 42979 065.1392 032.5646 5642318 062.9799 343.0609 04.25505696017540
1 42979U 10041U   18297.36430009 -.00000481 +00000-0 -26711-2 0  9993
2 42979 065.1389 032.3142 5642346 062.9446 343.0747 04.25504928017578
1 42979U 10041U   18300.65456835 -.00000442  00000-0 -24922-2 0  9994
2 42979  65.1342  31.1381 5642366  62.7818 343.1491  4.25502266 17718
1 42979U 10041U   18301.35962895 -.00000431 +00000-0 -24363-2 0  9997
2 42979 065.1345 030.8887 5642403 062.7478 343.1655 04.25501737017749
1 42979U 10041U   18302.06469013 -.00000429  00000-0 -24291-2 0  9997
2 42979  65.1338  30.6371 5642415  62.7131 343.1813  4.25501126 17777
1 42979U 10041U   18302.29971056 -.00000428 +00000-0 -24242-2 0  9992
2 42979 065.1338 030.5538 5642421 062.7022 343.1861 04.25500932017785
1 42979U 10041U   18303.23979151 -.00000411  00000-0 -23080-2 0  9992
2 42979  65.1327  30.2175 5642421  62.6583 343.2040  4.25500345 17821
1 42979U 10041U   18304.41489412 -.00000403  00000-0 -22221-2 0  9996
2 42979  65.1319  29.7994 5642430  62.5937 343.2265  4.25499509 17879
1 42979U 10041U   18305.35497623 -.00000401 +00000-0 -21621-2 0  9994
2 42979 065.1310 029.4642 5642431 062.5455 343.2410 04.25498816017910
1 42979U 10041U   18306.29505859 -.00000393  00000-0 -20534-2 0  9991
2 42979  65.1305  29.1296 5642439  62.4984 343.2542  4.25498249 17950
1 42979U 10041U   18309.58536252 -.00000380  00000-0 -18140-2 0  9993
2 42979  65.1298  27.9607 5642521  62.3383 343.3068  4.25496233 18098
1 42979U 10041U   18310.29043138 -.00000368 +00000-0 -17369-2 0  9997
2 42979 065.1297 027.7102 5642537 062.3069 343.3204 04.25495881018127
1 42979U 10041U   18313.34574447 -.00000332  00000-0 -15922-2 0  9992
2 42979  65.1281  26.6227 5642624  62.1502 343.3967  4.25494285 18250
1 42979U 10041U   18316.16603918 -.00000295  00000-0 -14313-2 0  9992
2 42979  65.1270  25.6190 5642711  62.0137 343.4616  4.25493105 18371
1 42979U 10041U   18317.34116260 -.00000271  00000-0 -12795-2 0  9998
2 42979  65.1265  25.2014 5642699  61.9540 343.4857  4.25492534 18425
1 42979U 10041U   18321.33658316 -.00000241  00000-0 -10290-2 0  9990
2 42979  65.1289  23.7869 5642854  61.7573 343.5557  4.25491173 18593
1 42979U 10041U   18321.57160794 -.00000210 +00000-0 -83716-3 0  9994
2 42979 065.1274 023.7010 5643001 061.7472 343.5601 04.25491319018602
1 42979U 10041U   18322.51170877 -.00000233  00000-0 -96990-3 0  9995
2 42979  65.1264  23.3660 5642953  61.7099 343.5737  4.25490823 18641
1 42979U 10041U   18323.21678574 -.00000246 +00000-0 -10511-2 0  9998
2 42979 065.1264 023.1161 5642965 061.6745 343.5877 04.25490573018675
1 42979U 10041U   18324.15688875 -.00000222  00000-0 -92334-3 0  9995
2 42979  65.1261  22.7817 5642992  61.6279 343.6075  4.25490522 18717
1 42979U 10041U   18325.56704882 -.00000210  00000-0 -88323-3 0  9998
2 42979  65.1250  22.2785 5643037  61.5559 343.6410  4.25489950 18777
1 42979U 10041U   18326.27212960 -.00000181 +00000-0 -72586-3 0  9999
2 42979 065.1247 022.0274 5643065 061.5205 343.6585 04.25489840018808
1 42979U 10041U   18327.21223832 -.00000189  00000-0 -79728-3 0  9997
2 42979  65.1242  21.6910 5643153  61.4716 343.6832  4.25489511 18843
1 42979U 10041U   18327.44726625 -.00000224 +00000-0 -10194-2 0  9991
2 42979 065.1229 021.6044 5643155 061.4574 343.6899 04.25489178018853
1 42979U 10041U   18329.56250828 -.00000116  00000-0 -39702-3 0  9990
2 42979  65.1223  20.8510 5643279  61.3517 343.7397  4.25489256 18940
1 42979U 10041U   18330.26758879 -.00000115 +00000-0 -38227-3 0  9998
2 42979 065.1221 020.6001 5643329 061.3166 343.7539 04.25489039018977
1 42979U 10041U   18331.20769454 -.00000114  00000-0 -35285-3 0  9994
2 42979  65.1218  20.2652 5643394  61.2696 343.7709  4.25488882 19010
1 42979U 10041U   18334.26303311 -.00000087  00000-0 -46589-4 0  9998
2 42979  65.1209  19.1770 5643649  61.1174 343.8172  4.25488725 19146
1 42979U 10041U   18335.20313833 -.00000083 +00000-0 +13858-4 0  9991
2 42979 065.1206 018.8421 5643732 061.0705 343.8326 04.25488711019184
1 42979U 10041U   18338.25848882 -.00000063  00000-0  13407-3 0  9993
2 42979  65.1197  17.7535 5644005  60.9177 343.8970  4.25488762 19318
1 42979U 10041U   18339.19859814 -.00000019 +00000-0 +36621-3 0  9998
2 42979 065.1194 017.4185 5644092 060.8705 343.9200 04.25489023019357
1 42979U 10041U   18342.25394940  .00000007  00000-0  41541-3 0  9996
2 42979  65.1192  16.3300 5644418  60.7272 343.9884  4.25489330 19485
1 42979U 10041U   18343.19405486 +.00000026 +00000-0 +51447-3 0  9995
2 42979 065.1195 015.9960 5644559 060.6872 344.0054 04.25489523019526
1 42979U 10041U   18346.24938977  .00000022  00000-0  51211-3 0  9995
2 42979  65.1195  14.9103 5644977  60.5355 344.0585  4.25490079 19654
1 42979U 10041U   18349.06969312  .00000041  00000-0  62559-3 0  9993
2 42979  65.1183  13.9039 5645368  60.3801 344.1098  4.25490913 19777
1 42979U 10041U   18351.18492250  .00000053  00000-0  64575-3 0  9994
2 42979  65.1178  13.1500 5645666  60.2760 344.1499  4.25491219 19865
1 42979U 10041U   18351.88999878 +.00000078 +00000-0 +77246-3 0  9995
2 42979 065.1177 012.8988 5645729 060.2391 344.1653 04.25491566019890
1 42979U 10041U   18352.83010043  .00000054  00000-0  59188-3 0  9998
2 42979  65.1164  12.5625 5645854  60.1951 344.1851  4.25491691 19935
1 42979U 10041U   18355.18035451  .00000114  00000-0  86511-3 0  9996
2 42979  65.1158  11.7248 5646214  60.0776 344.2377  4.25492359 20034
1 42979U 10041U   18355.41537964 +.00000133 +00000-0 +96727-3 0  9999
2 42979 065.1159 011.6416 5646276 060.0647 344.2432 04.25492505020042
1 42979U 10041U   18357.06054958  .00000144  00000-0  10181-2 0  9990
2 42979  65.1147  11.0538 5646552  59.9864 344.2727  4.25493138 20111
1 42979U 10041U   18359.17576062  .00000164  00000-0  11731-2 0  9993
2 42979  65.1143  10.3002 5646954  59.8816 344.3024  4.25493800 20204
1 42979U 10041U   18360.11585137 +.00000196 +00000-0 +13913-2 0  9991
2 42979 065.1143 009.9655 5647162 059.8342 344.3140 04.25494366020249
1 42979U 10041U   18363.17114399  .00000197  00000-0  14684-2 0  9995
2 42979  65.1133   8.8760 5647794  59.6840 344.3562  4.25495733 20376
1 42979U 10041U   18364.11123386 +.00000238 +00000-0 +16945-2 0  9994
2 42979 065.1126 008.5402 5647965 059.6389 344.3727 04.25496418020415
1 42979U 10041U   18365.99141244  .00000244  00000-0  16688-2 0  9995
2 42979  65.1119   7.8696 5648352  59.5467 344.4106  4.25497544 20492
1 42979U 10041U   19002.16652298  .00000260  00000-0  17116-2 0  9994
2 42979  65.1123   7.4514 5648659  59.4922 344.4341  4.25498124 20549
1 42979U 10041U   19003.10660815 +.00000300 +00000-0 +19052-2 0  9999
2 42979 065.1112 007.1151 5648813 059.4473 344.4518 04.25498867020588
1 42979U 10041U   19004.98677223  .00000288  00000-0  18011-2 0  9996
2 42979  65.1105   6.4445 5649288  59.3528 344.4853  4.25500102 20662
1 42979U 10041U   19010.39220055  .00000314  00000-0  19415-2 0  9994
2 42979  65.1101   4.5142 5650692  59.1068 344.5524  4.25503726 20895
1 42979U 10041U   19010.86223483 +.00000325 +00000-0 +19965-2 0  9996
2 42979 065.1078 004.3425 5650676 059.0883 344.5568 04.25504090020912
1 42979U 10041U   19011.09725417 +.00000318 +00000-0 +19542-2 0  9999
2 42979 065.1082 004.2627 5650755 059.0645 344.5646 04.25504166020926
1 42979U 10041U   19012.03732381  .00000344  00000-0  20736-2 0  9998
2 42979  65.1073   3.9286 5650927  59.0140 344.5805  4.25505018 20962
1 42979U 10041U   19012.27234138 +.00000328 +00000-0 +19790-2 0  9991
2 42979 065.1071 003.8450 5650970 059.0018 344.5845 04.25505093020972
1 42979U 10041U   19014.15247867  .00000339  00000-0  19686-2 0  9999
2 42979  65.1062   3.1736 5651411  58.9104 344.6180  4.25506453 21051
1 42979U 10041U   19015.09254592 +.00000387 +00000-0 +21938-2 0  9992
2 42979 065.1057 002.8381 5651634 058.8647 344.6360 04.25507303021094
1 42979U 10041U   19016.03261177  .00000396  00000-0  22108-2 0  9994
2 42979  65.1052   2.5026 5651855  58.8190 344.6539  4.25508003 21131
1 42979U 10041U   19018.38276571  .00000421  00000-0  22877-2 0  9990
2 42979  65.1038   1.6635 5652464  58.7038 344.6945  4.25509885 21239
1 42979U 10041U   19019.32282245 +.00000454 +00000-0 +24683-2 0  9993
2 42979 065.1028 001.3276 5652676 058.6579 344.7072 04.25510712021277
1 42979U 10041U   19020.02786273  .00000467  00000-0  25462-2 0  9992
2 42979  65.1024   1.0758 5652868  58.6240 344.7154  4.25511367 21305
1 42979U 10041U   19021.90796222 +.00000463 +00000-0 +25726-2 0  9994
2 42979 065.1011 000.4043 5653377 058.5338 344.7336 04.25513114021386
1 42979U 10041U   19023.08302137  .00000477  00000-0  26808-2 0  9990
2 42979  65.1005 359.9849 5653686  58.4798 344.7442  4.25514161 21434
1 42979U 10041U   19024.02306633 +.00000538 +00000-0 +30228-2 0  9999
2 42979 065.0996 359.6485 5653950 058.4336 344.7554 04.25515444021470
1 42979U 10041U   19024.02306633  .00000538  00000-0  30228-2 0  9999
2 42979  65.0996 359.6485 5653950  58.4336 344.7554  4.25515444 21470
1 42979U 10041U   19028.25325566  .00000569  00000-0  31208-2 0  9997
2 42979  65.0962 358.1365 5655050  58.2301 344.8252  4.25520026 21655
1 42979U 10041U   19029.89831620  .00000587  00000-0  31705-2 0  9993
2 42979  65.0948 357.5479 5655503  58.1506 344.8545  4.25522127 21724
1 42979U 10041U   19031.07335423  .00000606  00000-0  32450-2 0  9996
2 42979  65.0940 357.1282 5655830  58.0941 344.8732  4.25523510 21779
1 42979U 10041U   19032.95340317 +.00000637 +00000-0 +34020-2 0  9991
2 42979 065.0924 356.4563 5656345 058.0040 344.8986 04.25525983021853
1 42979U 10041U   19032.95340317  .00000637  00000-0  34020-2 0  9991
2 42979  65.0924 356.4563 5656345  58.0040 344.8986  4.25525983 21853
1 42979U 10041U   19034.12842696  .00000614  00000-0  32943-2 0  9996
2 42979  65.0916 356.0364 5656651  57.9481 344.9126  4.25527424 21901
1 42979U 10041U   19035.06844270 +.00000641 +00000-0 +34412-2 0  9993
2 42979 065.0909 355.7002 5656877 057.9033 344.9236 04.25528756021946
1 42979U 10041U   19036.00845671  .00000662  00000-0  35456-2 0  9996
2 42979  65.0907 355.3653 5657160  57.8584 344.9352  4.25530011 21988
1 42979U 10041U   19036.94846816 +.00000649 +00000-0 +34749-2 0  9990
2 42979 065.0902 355.0290 5657392 057.8141 344.9471 04.25531173022021
1 42979U 10041U   19037.18347120  .00000604  00000-0  32412-2 0  9997
2 42979  65.0886 354.9433 5657382  57.8023 344.9501  4.25531164 22032
1 42979U 10041U   19040.00349047 +.00000700 +00000-0 +36635-2 0  9990
2 42979 065.0861 353.9344 5658030 057.6680 344.9943 04.25535391022152
1 42979U 10041U   19040.00349047  .00000700  00000-0  36635-2 0  9990
2 42979  65.0861 353.9344 5658030  57.6680 344.9943  4.25535391 22152
1 42979U 10041U   19040.94349312 +.00000703 +00000-0 +36474-2 0  9992
2 42979 065.0850 353.5979 5658217 057.6231 345.0112 04.25536627022196
1 42979U 10041U   19041.17849351  .00000690  00000-0  35718-2 0  9991
2 42979  65.0848 353.5138 5658264  57.6120 345.0155  4.25536866 22203
1 42979U 10041U   19042.11849212 +.00000705 +00000-0 +36155-2 0  9995
2 42979 065.0839 353.1772 5658507 057.5675 345.0333 04.25538315022240
1 42979U 10041U   19044.23347967  .00000750  00000-0  37838-2 0  9999
2 42979  65.0825 352.4201 5659061  57.4677 345.0717  4.25541302 22337
1 42979U 10041U   19044.93847084 +.00000771 +00000-0 +38845-2 0  9993
2 42979 065.0819 352.1677 5659232 057.4344 345.0830 04.25542411022366
1 42979U 10041U   19047.28842375  .00000779  00000-0  39337-2 0  9997
2 42979  65.0795 351.3262 5659799  57.3239 345.1134  4.25545966 22467
1 42979U 10041U   19048.93337713 +.00000805 +00000-0 +41051-2 0  9991
2 42979 065.0775 350.7366 5660192 057.2457 345.1310 04.25548526022532
1 42979U 10041U   19048.93337713  .00000805  00000-0  41051-2 0  9991
2 42979  65.0775 350.7366 5660192  57.2457 345.1310  4.25548526 22532
1 42979U 10041U   19051.98826595  .00000828  00000-0  42639-2 0  9999
2 42979  65.0738 349.6407 5660901  57.1014 345.1713  4.25553704 22665
1 42979U 10041U   19052.92822738 +.00000839 +00000-0 +43144-2 0  9993
2 42979 065.0727 349.3034 5661091 057.0570 345.1875 04.25555247022701
1 42979U 10041U   19054.80814020  .00000831  00000-0  42387-2 0  9997
2 42979  65.0710 348.6290 5661515  56.9701 345.2230  4.25558472 22781
1 42979U 10041U   19057.86296807  .00000862  00000-0  43364-2 0  9993
2 42979  65.0680 347.5323 5662238  56.8257 345.2787  4.25563655 22911
1 42979U 10041U   19060.21280427  .00000881  00000-0  44398-2 0  9996
2 42979  65.0637 346.6835 5662796  56.7021 345.3181  4.25567912 23019
1 42979U 10041U   19060.91775181 +.00000815 +00000-0 +41285-2 0  9998
2 42979 065.0624 346.4287 5662954 056.6665 345.3288 04.25568642023045
1 42979U 10041U   19061.85767617  .00000827  00000-0  41962-2 0  9992
2 42979  65.0608 346.0898 5663141  56.6212 345.3423  4.25570419 23088
1 42979U 10041U   19063.97249489  .00000787  00000-0  40087-2 0  9991
2 42979  65.0590 345.3304 5663361  56.5246 345.3724  4.25573919 23174
1 42979U 10041U   19064.91241107 +.00000774 +00000-0 +39344-2 0  9995
2 42979 065.0584 344.9935 5663519 056.4826 345.3876 04.25575313023213
1 42979U 10041U   19067.73214080  .00000760  00000-0  37884-2 0  9990
2 42979  65.0563 343.9822 5663959  56.3544 345.4408  4.25579964 23339
1 42979U 10041U   19071.72670817  .00000712  00000-0  34735-2 0  9997
2 42979  65.0535 342.5495 5664444  56.1693 345.5187  4.25586063 23504
1 42979U 10041U   19072.90156749  .00000734  00000-0  35857-2 0  9991
2 42979  65.0522 342.1265 5664515  56.1089 345.5390  4.25587930 23554
1 42979U 10041U   19075.01629976  .00000677  00000-0  33497-2 0  9997
2 42979  65.0502 341.3664 5664901  56.0132 345.5675  4.25590810 23640
1 42979U 10041U   19076.19114332  .00000622  00000-0  31079-2 0  9996
2 42979  65.0491 340.9447 5665275  55.9620 345.5830  4.25592365 23691
1 42979U 10041U   19076.89604863 +.00000572 +00000-0 +28883-2 0  9999
2 42979 065.0483 340.6907 5665447 055.9295 345.5932 04.25593061023720
1 42979U 10041U   19079.71565788  .00000439  00000-0  22885-2 0  9993
2 42979  65.0458 339.6769 5665849  55.7982 345.6423  4.25596390 23840
1 42979U 10041U   19080.89049169  .00000337  00000-0  17968-2 0  9997
2 42979  65.0451 339.2536 5666068  55.7463 345.6657  4.25597210 23895
1 42979U 10041U   19081.83035738 +.00000285 +00000-0 +15416-2 0  9997
2 42979 065.0431 338.9127 5666128 055.7023 345.6849 04.25597796023931
1 42979U 10041U   19082.77022063  .00000265  00000-0  14381-2 0  9996
2 42979  65.0419 338.5752 5666242  55.6542 345.7053  4.25598647 23977
1 42979U 10041U   19084.88490691  .00000148  00000-0  89178-3 0  9993
2 42979  65.0401 337.8128 5666609  55.5579 345.7439  4.25599639 24064
1 42979U 10041U   19085.82476546 +.00000124 +00000-0 +79316-3 0  9998
2 42979 065.0390 337.4734 5666833 055.5162 345.7591 04.25599984024104
1 42979U 10041U   19086.76462266  .00000101  00000-0  69717-3 0  9995
2 42979  65.0380 337.1344 5667017  55.4726 345.7741  4.25600334 24140
1 42979U 10041U   19088.87929998 +.00000023 +00000-0 +37397-3 0  9991
2 42979 065.0354 336.3717 5667380 055.3724 345.8078 04.25600715024233
1 42979U 10041U   19089.81915624 +.00000059 +00000-0 +54323-3 0  9994
2 42979 065.0343 336.0328 5667522 055.3286 345.8233 04.25601114024278
1 42979U 10041U   19090.75901312  .00000049  00000-0  49708-3 0  9998
2 42979  65.0334 335.6940 5667638  55.2845 345.8398  4.25601260 24310
1 42979U 10041U   19091.93383357 +.00000030 +00000-0 +39243-3 0  9995
2 42979 065.0325 335.2702 5667793 055.2317 345.8611 04.25601509024367
1 42979U 10041U   19091.93383357  .00000030  00000-0  39243-3 0  9995
2 42979  65.0325 335.2702 5667793  55.2317 345.8611  4.25601509 24367
1 42979U 10041U   19092.87369046 +.00000007 +00000-0 +27058-3 0  9993
2 42979 065.0307 334.9289 5667873 055.1877 345.8797 04.25601548024405
1 42979U 10041U   19094.04851089  .00000089  00000-0  61329-3 0  9996
2 42979  65.0298 334.5046 5668011  55.1355 345.9032  4.25602192 24451
1 42979U 10041U   19094.75340354 +.00000089 +00000-0 +59441-3 0  9994
2 42979 065.0291 334.2502 5668095 055.1019 345.9184 04.25602320024481
1 42979U 10041U   19096.86807782  .00000068  00000-0  44189-3 0  9991
2 42979  65.0272 333.4872 5668331  55.0037 345.9623  4.25602765 24574
1 42979U 10041U   19097.80793187 +.00000107 +00000-0 +60735-3 0  9998
2 42979 065.0263 333.1476 5668458 054.9562 345.9817 04.25603123024611
1 42979U 10041U   19098.74778402  .00000124  00000-0  67636-3 0  9991
2 42979  65.0253 332.8082 5668566  54.9120 345.9986  4.25603421 24651
1 42979U 10041U   19100.86244468  .00000116  00000-0  65393-3 0  9997
2 42979  65.0236 332.0442 5668843  54.8152 346.0306  4.25604117 24747
1 42979U 10041U   19101.80229291 +.00000118 +00000-0 +67837-3 0  9996
2 42979 065.0223 331.7047 5668945 054.7679 346.0445 04.25604311024780
1 42979U 10041U   19102.74213959  .00000145  00000-0  81801-3 0  9991
2 42979  65.0207 331.3652 5669042  54.7218 346.0579  4.25604738 24824
1 42979U 10041U   19106.73648968 +.00000094 +00000-0 +61609-3 0  9993
2 42979 065.0163 329.9207 5669536 054.5380 346.1235 04.25605653024995
1 42979U 10041U   19108.85114484  .00000078  00000-0  52635-3 0  9990
2 42979  65.0136 329.1558 5669782  54.4389 346.1647  4.25606235 25082
1 42979U 10041U   19110.73083568  .00000093  00000-0  58392-3 0  9991
2 42979  65.0125 328.4780 5669988  54.3573 346.1962  4.25606551 25161
1 42979U 10041U   19113.78532305  .00000050  00000-0  41856-3 0  9997
2 42979  65.0082 327.3714 5670394  54.2163 346.2414  4.25607059 25296
1 42979U 10041U   19115.66500642  .00000050  00000-0  43786-3 0  9999
2 42979  65.0057 326.6916 5670578  54.1203 346.2706  4.25607317 25372
1 42979U 10041U   19116.83980789  .00000021  00000-0  30888-3 0  9990
2 42979  65.0045 326.2670 5670689  54.0635 346.2890  4.25607448 25428
1 42979U 10041U   19117.77964884 +.00000021 +00000-0 +29877-3 0  9998
2 42979 065.0035 325.9271 5670762 054.0235 346.3030 04.25607605025464
1 42979U 10041U   19118.71949135  .00000021  00000-0  28068-3 0  9996
2 42979  65.0023 325.5884 5670835  53.9839 346.3177  4.25607605 25503
1 42979U 10041U   19119.65933374 +.00000039 +00000-0 +33956-3 0  9999
2 42979 065.0028 325.2489 5670953 053.9413 346.3344 04.25607775025543
1 42979U 10041U   19121.77397874  .00000020  00000-0  18827-3 0  9994
2 42979  65.0017 324.4845 5671153  53.8418 346.3742  4.25607921 25630
1 42979U 10041U   19122.00893794 +.00000047 +00000-0 +30071-3 0  9997
2 42979 065.0000 324.3984 5671128 053.8375 346.3762 04.25608131025646
1 42979U 10041U   19122.71381938 +.00000059 +00000-0 +33690-3 0  9990
2 42979 064.9993 324.1444 5671174 053.8044 346.3891 04.25608195025674
1 42979U 10041U   19123.65366058  .00000066  00000-0  34676-3 0  9993
2 42979  64.9983 323.8044 5671254  53.7614 346.4053  4.25608260 25715
1 42979U 10041U   19124.82846045  .00000050  00000-0  25229-3 0  9999
2 42979  64.9972 323.3815 5671400  53.7016 346.4262  4.25608378 25760
1 42979U 10041U   19125.53333830 +.00000065 +00000-0 +31404-3 0  9999
2 42979 064.9958 323.1241 5671467 053.6683 346.4368 04.25608654025794
1 42979U 10041U   19126.70813516  .00000063  00000-0  30084-3 0  9994
2 42979  64.9944 322.6988 5671542  53.6162 346.4515  4.25608697 25844
1 42979U 10041U   19127.64797201 +.00000071 +00000-0 +33910-3 0  9990
2 42979 064.9936 322.3586 5671669 053.5726 346.4630 04.25608789025885
1 42979U 10041U   19130.70243723  .00000051  00000-0  27817-3 0  9993
2 42979  64.9900 321.2530 5672006  53.4303 346.4992  4.25609199 26012
1 42979U 10041U   19131.64227430 +.00000062 +00000-0 +33211-3 0  9991
2 42979 064.9889 320.9125 5672172 053.3836 346.5134 04.25609288026050
1 42979U 10041U   19139.63087063  .00000061  00000-0  33324-3 0  9998
2 42979  64.9782 318.0189 5673089  53.0069 346.6310  4.25610611 26399
1 42979U 10041U   19140.80566067  .00000014  00000-0  14358-3 0  9999
2 42979  64.9770 317.5945 5673112  52.9626 346.6406  4.25610398 26448
1 42979U 10041U   19143.62515608  .00000042  00000-0  27188-3 0  9993
2 42979  64.9739 316.5740 5673372  52.8371 346.6735  4.25610845 26564
1 42979U 10041U   19144.56498969 +.00000025 +00000-0 +18746-3 0  9998
2 42979 064.9729 316.2331 5673474 052.7963 346.6860 04.25610738026600
1 42979U 10041U   19145.73978152  .00000005  00000-0  78364-4 0  9996
2 42979  64.9713 315.8073 5673581  52.7426 346.7035  4.25610751 26659
1 42979U 10041U   19147.61945002  .00000030  00000-0  13948-3 0  9997
2 42979  64.9692 315.1268 5673731  52.6574 346.7328  4.25610812 26736
1 42979U 10041U   19150.67391013  .00000011  00000-0 -10656-4 0  9998
2 42979  64.9666 314.0229 5674000  52.5196 346.7787  4.25610714 26865
1 42979U 10041U   19152.55357446  .00000070  00000-0  22504-3 0  9997
2 42979  64.9644 313.3428 5674198  52.4334 346.8027  4.25610972 26948
1 42979U 10041U   19153.72836321  .00000020  00000-0  93823-5 0  9990
2 42979  64.9625 312.9174 5674216  52.3814 346.8146  4.25610747 26990
1 42979U 10041U   19155.60802299 +.00000005 +00000-0 -46653-4 0  9998
2 42979 064.9602 312.2367 5674347 052.2978 346.8325 04.25610788027071
1 42979U 10041U   19155.60802299  .00000005  00000-0 -46653-4 0  9998
2 42979  64.9602 312.2367 5674347  52.2978 346.8325  4.25610788 27071
1 42979U 10041U   19158.66247268 -.00000159  00000-0 -73650-3 0  9993
2 42979  64.9554 311.1324 5674220  52.1675 346.8628  4.25610057 27201
1 42979U 10041U   19159.60230667 -.00000206 +00000-0 -93774-3 0  9995
2 42979 064.9546 310.7922 5674226 052.1256 346.8750 04.25609634027241
1 42979U 10041U   19160.54214145 -.00000208  00000-0 -94679-3 0  9990
2 42979  64.9534 310.4517 5674290  52.0827 346.8885  4.25609412 27286
1 42979U 10041U   19161.48197774 -.00000257 +00000-0 -11524-2 0  9993
2 42979 064.9521 310.1091 5674449 052.0350 346.9039 04.25608923027326
1 42979U 10041U   19162.89173268 -.00000278  00000-0 -12368-2 0  9991
2 42979  64.9497 309.5968 5674688  51.9733 346.9230  4.25608367 27382
1 42979U 10041U   19164.53644863 -.00000290  00000-0 -12677-2 0  9995
2 42979  64.9474 309.0026 5674768  51.8977 346.9428  4.25606993 27455
1 42979U 10041U   19165.47628837 -.00000321 +00000-0 -13803-2 0  9999
2 42979 064.9462 308.6614 5674811 051.8565 346.9523 04.25606280027491
1 42979U 10041U   19165.71124825 -.00000320  00000-0 -13738-2 0  9990
2 42979  64.9463 308.5767 5674863  51.8452 346.9551  4.25606201 27508
1 42979U 10041U   19166.88604927 -.00000348  00000-0 -14736-2 0  9994
2 42979  64.9447 308.1513 5674890  51.7922 346.9667  4.25605378 27553
1 42979U 10041U   19172.52513924 -.00000403  00000-0 -17123-2 0  9993
2 42979  64.9372 306.1059 5675159  51.5335 347.0390  4.25600987 27790
1 42979U 10041U   19177.45940297 -.00000421  00000-0 -18685-2 0  9991
2 42979  64.9304 304.3200 5675229  51.3124 347.1123  4.25596541 28005
1 42979U 10041U   19180.51396744 -.00000429  00000-0 -19122-2 0  9999
2 42979  64.9263 303.2140 5675213  51.1740 347.1489  4.25593715 28134
1 42979U 10041U   19181.45383699 -.00000432 +00000-0 -19255-2 0  9999
2 42979 064.9248 302.8735 5675089 051.1301 347.1589 04.25592783028175
1 42979U 10041U   19182.39370812 -.00000433  00000-0 -19205-2 0  9992
2 42979  64.9238 302.5323 5675327  51.0897 347.1698  4.25591946 28214
1 42979U 10041U   19189.44282059 -.00000441  00000-0 -19372-2 0  9994
2 42979  64.9154 299.9808 5675131  50.7760 347.2652  4.25585189 28512
1 42979U 10041U   19189.91276466 -.00000420 +00000-0 -18399-2 0  9996
2 42979 064.9144 299.8093 5675198 050.7544 347.2719 04.25584721028536
1 42979U 10041U   19190.38271059 -.00000461 +00000-0 -20075-2 0  9991
2 42979 064.9139 299.6394 5675225 050.7339 347.2779 04.25583980028559
1 42979U 10041U   19190.85265516 -.00000435 +00000-0 -18893-2 0  9990
2 42979 064.9139 299.4687 5675218 050.7119 347.2840 04.25583948028575
1 42979U 10041U   19190.85265516 -.00000435  00000-0 -18893-2 0  9990
2 42979  64.9139 299.4687 5675218  50.7119 347.2840  4.25583948 28575
1 42979U 10041U   19193.43736344 -.00000463  00000-0 -19536-2 0  9995
2 42979  64.9108 298.5327 5675194  50.5946 347.3139  4.25581226 28682
1 42979U 10041U   19193.90731162 -.00000458 +00000-0 -19254-2 0  9991
2 42979 064.9099 298.3611 5675208 050.5715 347.3200 04.25580826028702
1 42979U 10041U   19196.25706175 -.00000443  00000-0 -18459-2 0  9998
2 42979  64.9075 297.5104 5675154  50.4647 347.3506  4.25578781 28804
1 42979U 10041U   19197.43194330 -.00000435  00000-0 -18233-2 0  9994
2 42979  64.9064 297.0848 5675127  50.4113 347.3683  4.25577706 28857
1 42979U 10041U   19198.37185102 -.00000434 +00000-0 -18288-2 0  9994
2 42979 064.9055 296.7443 5675154 050.3682 347.3838 04.25576811028896
1 42979U 10041U   19200.25167301 -.00000419  00000-0 -17958-2 0  9992
2 42979  64.9037 296.0641 5675129  50.2825 347.4159  4.25575175 28977
1 42979U 10041U   19201.42656476 -.00000399  00000-0 -17295-2 0  9999
2 42979  64.9026 295.6385 5675107  50.2290 347.4360  4.25574301 29028
1 42979U 10041U   19202.36648151 -.00000413 +00000-0 -18005-2 0  9991
2 42979 064.9017 295.2982 5675101 050.1861 347.4518 04.25573233029066
1 42979U 10041U   19204.24631602 -.00000390  00000-0 -17166-2 0  9994
2 42979  64.8998 294.6173 5675240  50.1022 347.4814  4.25571821 29140
1 42979U 10041U   19205.42121586 -.00000388  00000-0 -17122-2 0  9999
2 42979  64.8987 294.1915 5675207  50.0484 347.4982  4.25570793 29199
1 42979U 10041U   19206.36113753 -.00000385 +00000-0 -17030-2 0  9995
2 42979 064.8978 293.8509 5675185 050.0055 347.5110 04.25569946029230
1 42979U 10041U   19208.47596659 -.00000384 +00000-0 -17064-2 0  9995
2 42979 064.8967 293.0860 5675129 049.9054 347.5397 04.25568086029325
1 42979U 10041U   19210.35582117 -.00000348 +00000-0 -15631-2 0  9997
2 42979 064.8955 292.4056 5675162 049.8198 347.5661 04.25566860029408
1 42979U 10041U   19212.47066900 -.00000342  00000-0 -15493-2 0  9999
2 42979  64.8931 291.6385 5675156  49.7233 347.5994  4.25565132 29499
1 42979U 10041U   19213.41060441 -.00000336 +00000-0 -15261-2 0  9994
2 42979 064.8926 291.2981 5675167 049.6811 347.6150 04.25564442029537
1 42979U 10041U   19214.35054132 -.00000330  00000-0 -14986-2 0  9995
2 42979  64.8916 290.9575 5675170  49.6373 347.6310  4.25563750 29571
1 42979U 10041U   19215.29047982 -.00000331 +00000-0 -14982-2 0  9991
2 42979 064.8910 290.6170 5675174 049.5951 347.6460 04.25562975029617
1 42979U 10041U   19216.46540352 -.00000326 +00000-0 -14560-2 0  9996
2 42979 064.8900 290.1914 5675165 049.5405 347.6639 04.25562175029666
1 42979U 10041U   19221.40010042 -.00000288  00000-0 -12055-2 0  9998
2 42979  64.8868 288.4033 5675173  49.3140 347.7285  4.25559126 29877
1 42979U 10041U   19222.34004852 -.00000285 +00000-0 -11935-2 0  9997
2 42979 064.8864 288.0620 5675139 049.2699 347.7423 04.25558460029910
1 42979U 10041U   19223.27999588 -.00000241 +00000-0 -10119-2 0  9994
2 42979 064.8859 287.7222 5675112 049.2262 347.7570 04.25558309029954
1 42979U 10041U   19223.27999588 -.00000241  00000-0 -10119-2 0  9994
2 42979  64.8859 287.7222 5675112  49.2262 347.7570  4.25558309 29954
1 42979U 10041U   19225.39488674 -.00000242  00000-0 -10474-2 0  9993
2 42979  64.8842 286.9556 5675209  49.1294 347.7935  4.25556870 30046
1 42979U 10041U   19226.33484103 -.00000229 +00000-0 -10101-2 0  9993
2 42979 064.8840 286.6151 5675161 049.0860 347.8101 04.25556471030084
1 42979U 10041U   19227.27479545 -.00000206  00000-0 -92502-3 0  9992
2 42979  64.8833 286.2735 5675301  49.0439 347.8271  4.25555892 30127
1 42979U 10041U   19229.15470517 -.00000181  00000-0 -84104-3 0  9992
2 42979  64.8834 285.5941 5675361  48.9599 347.8586  4.25555416 30200
1 42979U 10041U   19230.32965077 -.00000196 +00000-0 -90864-3 0  9999
2 42979 064.8846 285.1709 5675408 048.9087 347.8765 04.25554548030254
1 42979U 10041U   19231.26960651 -.00000165 +00000-0 -78030-3 0  9993
2 42979 064.8841 284.8292 5675497 048.8665 347.8905 04.25554547030290
1 42979U 10041U   19235.26442601 -.00000123  00000-0 -63057-3 0  9994
2 42979  64.8824 283.3800 5675720  48.6878 347.9442  4.25553129 30464
1 42979U 10041U   19236.20438544 -.00000108 +00000-0 -57916-3 0  9990
2 42979 064.8819 283.0393 5675792 048.6440 347.9578 04.25552874030507
1 42979U 10041U   19237.37933761 -.00000112  00000-0 -61421-3 0  9991
2 42979  64.8827 282.6156 5675894  48.5868 347.9766  4.25552342 30558
1 42979U 10041U   19238.31929848 -.00000085 +00000-0 -51422-3 0  9996
2 42979 064.8819 282.2738 5675984 048.5457 347.9910 04.25552300030594
1 42979U 10041U   19239.25926149 -.00000081  00000-0 -51148-3 0  9992
2 42979  64.8817 281.9330 5676081  48.5034 348.0063  4.25551978 30632
1 42979U 10041U   19241.37417427  .00000001  00000-0 -16814-3 0  9994
2 42979  64.8813 281.1662 5676317  48.4102 348.0399  4.25552353 30725
1 42979U 10041U   19242.31414232 -.00000143  00000-0 -76448-3 0  9997
2 42979  64.8798 280.8259 5676308  48.3607 348.0555  4.25550721 30769
1 42979U 10041U   19247.95391404  .00000017  00000-0  91024-5 0  9994
2 42979  64.8777 278.7806 5677042  48.0969 348.1267  4.25551277 31000
1 42979U 10041U   19248.89387758 +.00000039 +00000-0 +97411-4 0  9994
2 42979 064.8771 278.4407 5677198 048.0521 348.1401 04.25551160031049
1 42979U 10041U   19251.24378698  .00000056  00000-0  13166-3 0  9993
2 42979  64.8771 277.5894 5677532  47.9447 348.1763  4.25551263 31142
1 42979U 10041U   19252.18375126 +.00000090 +00000-0 +25224-3 0  9996
2 42979 064.8767 277.2481 5677675 047.9019 348.1918 04.25551409031187
1 42979U 10041U   19254.53365985  .00000070  00000-0  13705-3 0  9998
2 42979  64.8764 276.3959 5678031  47.7964 348.2294  4.25551558 31282
1 42979U 10041U   19255.23863229 +.00000075 +00000-0 +15427-3 0  9998
2 42979 064.8766 276.1407 5678135 047.7654 348.2398 04.25551559031311
1 42979U 10041U   19256.17859431  .00000109  00000-0  29005-3 0  9997
2 42979  64.8769 275.8008 5678271  47.7254 348.2525  4.25551778 31353
1 42979U 10041U   19257.11855576 +.00000117 +00000-0 +32142-3 0  9993
2 42979 064.8771 275.4600 5678403 047.6855 348.2643 04.25551910031396
1 42979U 10041U   19258.05851600  .00000105  00000-0  27303-3 0  9991
2 42979  64.8769 275.1189 5678584  47.6416 348.2769  4.25552053 31438
1 42979U 10041U   19258.29350684 +.00000077 +00000-0 +15740-3 0  9993
2 42979 064.8763 275.0326 5678649 047.6283 348.2807 04.25551870031448
1 42979U 10041U   19260.17342719  .00000099  00000-0  24219-3 0  9998
2 42979  64.8760 274.3510 5679012  47.5431 348.3033  4.25552062 31526
1 42979U 10041U   19263.22829634  .00000076  00000-0  96185-4 0  9990
2 42979  64.8754 273.2431 5679648  47.4050 348.3418  4.25552303 31659
1 42979U 10041U   19265.10821746  .00000124  00000-0  24920-3 0  9996
2 42979  64.8746 272.5609 5680051  47.3201 348.3688  4.25552615 31730
1 42979U 10041U   19269.10304493  .00000153  00000-0  35255-3 0  9990
2 42979  64.8717 271.1078 5680872  47.1504 348.4222  4.25553122 31906
1 42979U 10041U   19271.21794749  .00000127  00000-0  29913-3 0  9997
2 42979  64.8724 270.3420 5681576  47.0450 348.4486  4.25553485 31990
1 42979U 10041U   19272.15790170 +.00000167 +00000-0 +48179-3 0  9994
2 42979 064.8716 269.9998 5681758 047.0043 348.4567 04.25553884032034
1 42979U 10041U   19277.09266338  .00000152  00000-0  43565-3 0  9994
2 42979  64.8708 268.2121 5682776  46.8026 348.5071  4.25554871 32245
1 42979U 10041U   19278.97257415  .00000142  00000-0  35777-3 0  9993
2 42979  64.8687 267.5249 5683543  46.7031 348.5407  4.25555323 32327
1 42979U 10041U   19280.14751703  .00000153  00000-0  38490-3 0  9991
2 42979  64.8684 267.0981 5683836  46.6503 348.5581  4.25555564 32375
1 42979U 10041U   19280.38250581 +.00000151 +00000-0 +37464-3 0  9993
2 42979 064.8677 267.0123 5683878 046.6380 348.5619 04.25555549032380
1 42979U 10041U   19281.08747132 +.00000163 +00000-0 +41657-3 0  9996
2 42979 064.8678 266.7570 5684085 046.6060 348.5721 04.25555697032411
1 42979U 10041U   19283.20236220  .00000156  00000-0  39878-3 0  9997
2 42979  64.8677 265.9889 5684679  46.5150 348.5985  4.25556311 32508
1 42979U 10041U   19284.14231364 +.00000128 +00000-0 +30324-3 0  9991
2 42979 064.8675 265.6479 5684944 046.4725 348.6096 04.25556265032546
1 42979U 10041U   19285.08226415  .00000147  00000-0  38086-3 0  9990
2 42979  64.8667 265.3063 5685191  46.4299 348.6202  4.25556450 32583
1 42979U 10041U   19286.02221383 +.00000138 +00000-0 +35351-3 0  9996
2 42979 064.8655 264.9642 5685400 046.3874 348.6304 04.25556566032625
1 42979U 10041U   19288.13709838  .00000131  00000-0  31101-3 0  9998
2 42979  64.8651 264.1969 5685936  46.2952 348.6534  4.25557052 32711
1 42979U 10041U   19289.54702305  .00000168  00000-0  41894-3 0  9996
2 42979  64.8651 263.6867 5686463  46.2292 348.6725  4.25557390 32778
1 42979U 10041U   19292.36687111  .00000153  00000-0  29407-3 0  9997
2 42979  64.8632 262.6614 5687265  46.1041 348.7127  4.25557804 32898
1 42979U 10041U   19297.06660437  .00000271  00000-0  76146-3 0  9994
2 42979  64.8601 260.9528 5688571  45.9004 348.7717  4.25559379 33093
1 42979U 10041U   19301.06134942  .00000417  00000-0  13820-2 0  9998
2 42979  64.8573 259.4993 5689826  45.7238 348.8108  4.25562214 33267
1 42979U 10041U   19301.53131763 +.00000462 +00000-0 +15430-2 0  9997
2 42979 064.8572 259.3284 5689901 045.7032 348.8161 04.25562772033284
1 42979U 10041U   19302.00128679 +.00000462 +00000-0 +15386-2 0  9992
2 42979 064.8571 259.1571 5690095 045.6821 348.8223 04.25563061033305
1 42979U 10041U   19304.11614183  .00000497  00000-0  16179-2 0  9995
2 42979  64.8570 258.3859 5690992  45.5846 348.8552  4.25565113 33390
1 42979U 10041U   19305.05607422 +.00000534 +00000-0 +17253-2 0  9993
2 42979 064.8563 258.0438 5691247 045.5438 348.8696 04.25566108033432
1 42979U 10041U   19305.99600527  .00000570  00000-0  18336-2 0  9998
2 42979  64.8556 257.7016 5691505  45.5030 348.8841  4.25567063 33474
1 42979U 10041U   19306.46596986 +.00000575 +00000-0 +18470-2 0  9998
2 42979 064.8550 257.5306 5691591 045.4834 348.8909 04.25567503033490
1 42979U 10041U   19309.05076178  .00000589  00000-0  18934-2 0  9992
2 42979  64.8536 256.5900 5692334  45.3700 348.9275  4.25570292 33609
1 42979U 10041U   19310.46064006  .00000638  00000-0  20825-2 0  9993
2 42979  64.8524 256.0765 5692726  45.3080 348.9452  4.25571995 33660
1 42979U 10041U   19313.04540048  .00000636  00000-0  20939-2 0  9999
2 42979  64.8508 255.1348 5693479  45.1942 348.9763  4.25575074 33779
1 42979U 10041U   19313.98530937 +.00000669 +00000-0 +22012-2 0  9998
2 42979 064.8501 254.7923 5693751 045.1527 348.9882 04.25576281033816
1 42979U 10041U   19318.91979032  .00000801  00000-0  24894-2 0  9997
2 42979  64.8460 252.9922 5695139  44.9342 349.0638  4.25583278 34022
1 42979U 10041U   19321.03454407  .00000768  00000-0  23399-2 0  9999
2 42979  64.8448 252.2221 5695702  44.8409 349.0983  4.25586145 34111
1 42979U 10041U   19321.97442764 +.00000825 +00000-0 +25316-2 0  9990
2 42979 064.8439 251.8786 5695968 044.7995 349.1120 04.25587834034159
1 42979U 10041U   19324.08915793  .00000720  00000-0  22260-2 0  9991
2 42979  64.8428 251.1089 5696518  44.7005 349.1394  4.25590100 34243
1 42979U 10041U   19325.02902827 +.00000771 +00000-0 +24216-2 0  9999
2 42979 064.8421 250.7661 5696822 044.6630 349.1486 04.25591998034280
1 42979U 10041U   19325.02902827  .00000771  00000-0  24216-2 0  9999
2 42979  64.8421 250.7661 5696822  44.6630 349.1486  4.25591998 34280
1 42979U 10041U   19326.90876149  .00000887  00000-0  28364-2 0  9990
2 42979  64.8410 250.0796 5697396  44.5797 349.1697  4.25595660 34363
1 42979U 10041U   19328.08359286  .00000767  00000-0  24438-2 0  9994
2 42979  64.8397 249.6495 5697776  44.5264 349.1857  4.25596715 34414
1 42979U 10041U   19330.19827452  .00000811  00000-0  25417-2 0  9992
2 42979  64.8382 248.8774 5698389  44.4339 349.2189  4.25600399 34505
1 42979U 10041U   19333.72271331  .00000761  00000-0  22932-2 0  9996
2 42979  64.8352 247.5875 5699445  44.2754 349.2809  4.25605593 34659
1 42979U 10041U   19333.95767763 +.00000711 +00000-0 +21336-2 0  9992
2 42979 064.8355 247.5030 5699478 044.2670 349.2840 04.25605370034667
1 42979U 10041U   19339.12677011  .00000663  00000-0  20399-2 0  9997
2 42979  64.8316 245.6122 5700889  44.0396 349.3559  4.25612359 34884
1 42979U 10041U   19339.83164029 +.00000641 +00000-0 +19716-2 0  9992
2 42979 064.8311 245.3544 5701091 044.0082 349.3656 04.25613164034919
1 42979U 10041U   19341.00641989  .00000600  00000-0  18336-2 0  9991
2 42979  64.8321 244.9291 5701330  43.9628 349.3804  4.25614596 34964
1 42979U 10041U   19342.88606178 +.00000581 +00000-0 +17183-2 0  9996
2 42979 064.8318 244.2409 5701849 043.8825 349.4097 04.25616757035043
1 42979U 10041U   19342.88606178  .00000581  00000-0  17183-2 0  9996
2 42979  64.8318 244.2409 5701849  43.8825 349.4097  4.25616757 35043
1 42979U 10041U   19345.94046383  .00000480  00000-0  12804-2 0  9995
2 42979  64.8301 243.1229 5702655  43.7485 349.4640  4.25619733 35175
1 42979U 10041U   19346.88027622 +.00000438 +00000-0 +11275-2 0  9998
2 42979 064.8299 242.7788 5702914 043.7075 349.4805 04.25620345035218
1 42979U 10041U   19350.87445398 +.00000240 +00000-0 +56822-3 0  9995
2 42979 064.8283 241.3161 5704066 043.5324 349.5362 04.25622484035389
1 42979U 10041U   19350.87445398  .00000240  00000-0  56822-3 0  9995
2 42979  64.8283 241.3161 5704066  43.5324 349.5362  4.25622484 35389
1 42979U 10041U   19351.81425532 +.00000271 +00000-0 +69015-3 0  9990
2 42979 064.8277 240.9715 5704343 043.4909 349.5463 04.25623238035423
1 42979U 10041U   19354.86861165 +.00000140 +00000-0 +34483-3 0  9990
2 42979 064.8263 239.8524 5705315 043.3567 349.5833 04.25623853035550
1 42979U 10041U   19354.86861165  .00000140  00000-0  34483-3 0  9990
2 42979  64.8263 239.8524 5705315  43.3567 349.5833  4.25623853 35550
1 42979U 10041U   19355.80841262 +.00000232 +00000-0 +60337-3 0  9990
2 42979 064.8256 239.5078 5705641 043.3156 349.5978 04.25624695035598
1 42979U 10041U   19357.68801704  .00000202  00000-0  46108-3 0  9992
2 42979  64.8254 238.8189 5706229  43.2351 349.6292  4.25625146 35671
1 42979U 10041U   19358.86276917 +.00000197 +00000-0 +41289-3 0  9993
2 42979 064.8244 238.3870 5706578 043.1824 349.6498 04.25625369035724
1 42979U 10041U   19358.86276917  .00000197  00000-0  41289-3 0  9993
2 42979  64.8244 238.3870 5706578  43.1824 349.6498  4.25625369 35724
1 42979U 10041U   19359.09771892 +.00000219 +00000-0 +47249-3 0  9998
2 42979 064.8243 238.3018 5706651 043.1726 349.6536 04.25625580035739
1 42979U 10041U   19360.74236804  .00000236  00000-0  50201-3 0  9992
2 42979  64.8233 237.6976 5707145  43.1008 349.6794  4.25626099 35805
1 42979U 10041U   19361.91711507 +.00000176 +00000-0 +34097-3 0  9998
2 42979 064.8226 237.2662 5707487 043.0491 349.6956 04.25626173035857
1 42979U 10041U   19361.91711507  .00000176  00000-0  34097-3 0  9998
2 42979  64.8226 237.2662 5707487  43.0491 349.6956  4.25626173 35857
1 42979U 10041U   19363.79670453  .00000240  00000-0  56712-3 0  9990
2 42979  64.8218 236.5757 5708041  42.9680 349.7181  4.25627166 35933
1 42979U 10041U   19364.73649897 +.00000202 +00000-0 +48216-3 0  9991
2 42979 064.8210 236.2301 5708332 042.9265 349.7291 04.25627249035977
1 42979U 10041U   20001.85103169  .00000167  00000-0  40938-3 0  9994
2 42979  64.8200 235.4527 5708984  42.8369 349.7538  4.25628040 36069
1 42979U 10041U   20002.79082551 +.00000172 +00000-0 +41429-3 0  9991
2 42979 064.8212 235.1097 5709199 042.8005 349.7648 04.25628201036103
1 42979U 10041U   20003.73061865  .00000198  00000-0  46178-3 0  9995
2 42979  64.8209 234.7648 5709472  42.7602 349.7781  4.25628546 36146
1 42979U 10041U   20004.90535890 +.00000221 +00000-0 +48142-3 0  9999
2 42979 064.8196 234.3317 5709861 042.7053 349.7974 04.25629106036194
1 42979U 10041U   20004.90535890  .00000221  00000-0  48142-3 0  9999
2 42979  64.8196 234.3317 5709861  42.7053 349.7974  4.25629106 36194
1 42979U 10041U   20006.78494361  .00000242  00000-0  45201-3 0  9990
2 42979  64.8192 233.6409 5710403  42.6246 349.8280  4.25629588 36275
1 42979U 10041U   20011.01398939  .00000281  00000-0  48857-3 0  9999
2 42979  64.8181 232.0869 5711722  42.4426 349.8876  4.25631342 36451
1 42979U 10041U   20014.53817058  .00000191  00000-0  34611-3 0  9990
2 42979  64.8173 230.7913 5712915  42.2927 349.9170  4.25632426 36605
1 42979U 10041U   20017.59246338 +.00000170 +00000-0 +28571-3 0  9991
2 42979 064.8167 229.6685 5713934 042.1630 349.9501 04.25632978036737
1 42979U 10041U   20017.82740937  .00000140  00000-0  20189-3 0  9995
2 42979  64.8160 229.5798 5714025  42.1543 349.9530  4.25632792 36746
1 42979U 10041U   20019.00213786  .00000202  00000-0  32717-3 0  9993
2 42979  64.8154 229.1465 5714419  42.1055 349.9696  4.25633330 36798
1 42979U 10041U   20021.58653793 +.00000221 +00000-0 +31168-3 0  9995
2 42979 064.8138 228.1951 5715250 041.9944 350.0059 04.25633943036906
1 42979U 10041U   20021.58653793  .00000221  00000-0  31168-3 0  9995
2 42979  64.8138 228.1951 5715250  41.9944 350.0059  4.25633943 36906
1 42979U 10041U   20024.64081698  .00000232  00000-0  38194-3 0  9992
2 42979  64.8121 227.0692 5716168  41.8667 350.0359  4.25634641 37032
1 42979U 10041U   20025.58059235 +.00000212 +00000-0 +36108-3 0  9999
2 42979 064.8117 226.7247 5716474 041.8240 350.0443 04.25634957037074
1 42979U 10041U   20026.99025511  .00000173  00000-0  30797-3 0  9999
2 42979  64.8110 226.2057 5716911  41.7637 350.0558  4.25635217 37130
1 42979U 10041U   20027.69508642 +.00000191 +00000-0 +36820-3 0  9991
2 42979 064.8106 225.9459 5717125 041.7341 350.0619 04.25635477037166
1 42979U 10041U   20028.63486174  .00000184  00000-0  35958-3 0  9994
2 42979  64.8096 225.5989 5717386  41.6944 350.0708  4.25635669 37202
1 42979U 10041U   20030.04452283  .00000196  00000-0  37219-3 0  9991
2 42979  64.8097 225.0799 5717824  41.6377 350.0857  4.25636338 37269
1 42979U 10041U   20034.97833578 +.00000262 +00000-0 +34027-3 0  9995
2 42979 064.8101 223.2691 5719104 041.4417 350.1489 04.25637948037475
1 42979U 10041U   20034.97833578  .00000262  00000-0  34027-3 0  9995
2 42979  64.8101 223.2691 5719104  41.4417 350.1489  4.25637948 37475
1 42979U 10041U   20038.50246835  .00000244  00000-0  31184-3 0  9993
2 42979  64.8065 221.9633 5720406  41.2834 350.1865  4.25639058 37622
1 42979U 10041U   20038.73740982 +.00000236 +00000-0 +30027-3 0  9996
2 42979 064.8061 221.8765 5720499 041.2721 350.1885 04.25639107037638
1 42979U 10041U   20038.97235113 +.00000225 +00000-0 +28405-3 0  9992
2 42979 064.8059 221.7894 5720562 041.2630 350.1896 04.25639118037642
1 42979U 10041U   20041.79164473  .00000191  00000-0  29514-3 0  9990
2 42979  64.8042 220.7493 5721504  41.1451 350.2060  4.25639843 37767
1 42979U 10041U   20044.61094238  .00000190  00000-0  27679-3 0  9994
2 42979  64.8032 219.7094 5722420  41.0294 350.2342  4.25640376 37882
1 42979U 10041U   20046.49047535  .00000205  00000-0  25628-3 0  9999
2 42979  64.8003 219.0148 5722940  40.9490 350.2599  4.25640831 37965
1 42979U 10041U   20047.66518212  .00000223  00000-0  27206-3 0  9998
2 42979  64.7984 218.5805 5723254  40.8978 350.2754  4.25641107 38012
1 42979U 10041U   20049.54470997  .00000253  00000-0  34335-3 0  9998
2 42979  64.7969 217.8864 5723763  40.8205 350.2946  4.25641511 38090
1 42979U 10041U   20050.95435006  .00000244  00000-0  36495-3 0  9996
2 42979  64.7962 217.3661 5724184  40.7624 350.3055  4.25642109 38158
1 42979U 10041U   20051.89410973 +.00000215 +00000-0 +33688-3 0  9995
2 42979 064.7957 217.0192 5724440 040.7235 350.3118 04.25642249038190
1 42979U 10041U   20052.59892910  .00000205  00000-0  34418-3 0  9999
2 42979  64.7951 216.7588 5724624  40.6938 350.3166  4.25642397 38223
1 42979U 10041U   20053.53868764 +.00000192 +00000-0 +35291-3 0  9999
2 42979 064.7945 216.4118 5724884 040.6547 350.3235 04.25642698038261
1 42979U 10041U   20055.65314333  .00000097  00000-0  18312-3 0  9991
2 42979  64.7928 215.6308 5725421  40.5669 350.3427  4.25643202 38351
1 42979U 10041U   20057.53266310  .00000072  00000-0  98858-4 0  9998
2 42979  64.7913 214.9365 5725878  40.4886 350.3659  4.25643383 38432
1 42979U 10041U   20059.64712242  .00000048  00000-0 -41120-4 0  9996
2 42979  64.7899 214.1556 5726385  40.4015 350.3968  4.25643692 38523
1 42979U 10041U   20060.82182452  .00000032  00000-0 -12522-3 0  9998
2 42979  64.7890 213.7216 5726647  40.3521 350.4145  4.25643379 38579
1 42979U 10041U   20065.52061865 -.00000022 +00000-0 -21941-3 0  9999
2 42979 064.7868 211.9881 5727778 040.1596 350.4651 04.25642879038776
1 42979U 10041U   20065.52061865 -.00000022  00000-0 -21941-3 0  9999
2 42979  64.7868 211.9881 5727778  40.1596 350.4651  4.25642879 38776
1 42979U 10041U   20066.69531553 -.00000084  00000-0 -30231-3 0  9994
2 42979  64.7858 211.5539 5728129  40.1085 350.4737  4.25642578 38822
1 42979U 10041U   20069.51459538 -.00000145 +00000-0 -35210-3 0  9990
2 42979 064.7824 210.5094 5728945 039.9841 350.4995 04.25641776038940
1 42979U 10041U   20069.51459538 -.00000145  00000-0 -35210-3 0  9990
2 42979  64.7824 210.5094 5728945  39.9841 350.4995  4.25641776 38940
1 42979U 10041U   20070.45435902 -.00000137 +00000-0 -34021-3 0  9994
2 42979 064.7817 210.1617 5729208 039.9447 350.5115 04.25641565038989
1 42979U 10041U   20073.50860249 -.00000112 +00000-0 -36635-3 0  9995
2 42979 064.7795 209.0326 5729952 039.8172 350.5592 04.25640415039116
1 42979U 10041U   20074.44837077 -.00000091  00000-0 -34033-3 0  9998
2 42979  64.7788 208.6855 5730154  39.7785 350.5731  4.25640140 39159
1 42979U 10041U   20077.50261626 -.00000121  00000-0 -34484-3 0  9993
2 42979  64.7766 207.5556 5730854  39.6495 350.6080  4.25638956 39289
1 42979U 10041U   20078.44238354 -.00000111 +00000-0 -27799-3 0  9999
2 42979 064.7763 207.2091 5731037 039.6117 350.6156 04.25638810039320
1 42979U 10041U   20082.43640857 -.00000181  00000-0 -27675-3 0  9998
2 42979  64.7735 205.7319 5731811  39.4434 350.6587  4.25637496 39490
1 42979U 10041U   20084.31595740 -.00000193  00000-0 -32821-3 0  9999
2 42979  64.7738 205.0377 5732073  39.3743 350.6856  4.25637097 39578
1 42979U 10041U   20084.55090336 -.00000253 +00000-0 -46095-3 0  9991
2 42979 064.7719 204.9468 5732167 039.3585 350.6915 04.25636536039588
1 42979U 10041U   20085.49068289 -.00000229  00000-0 -44932-3 0  9998
2 42979  64.7706 204.5966 5732313  39.3140 350.7097  4.25636066 39628
1 42979U 10041U   20089.48474237 -.00000089  00000-0 -29721-3 0  9998
2 42979  64.7679 203.1205 5733018  39.1412 350.7801  4.25635407 39790
1 42979U 10041U   20090.42452241 -.00000149 +00000-0 -41389-3 0  9996
2 42979 064.7679 202.7719 5733185 039.1018 350.7927 04.25634641039835
1 42979U 10041U   20090.42452241 -.00000149  00000-0 -41389-3 0  9996
2 42979  64.7679 202.7719 5733185  39.1018 350.7927  4.25634641 39835
1 42979U 10041U   20094.41858399 -.00000230 +00000-0 -42438-3 0  9990
2 42979 064.7653 201.2943 5734151 038.9234 350.8357 04.25632997040002
1 42979U 10041U   20094.41858399 -.00000230  00000-0 -42438-3 0  9990
2 42979  64.7653 201.2943 5734151  38.9234 350.8357  4.25632997 40002
1 42979U 10041U   20096.29814937 -.00000275  00000-0 -47969-3 0  9991
2 42979  64.7659 200.5985 5734506  38.8523 350.8560  4.25632236 40080
1 42979U 10041U   20098.41267379 -.00000241  00000-0 -45681-3 0  9991
2 42979  64.7657 199.8164 5734972  38.7666 350.8909  4.25631185 40170
1 42979U 10041U   20102.40678921 -.00000152 +00000-0 -37196-3 0  9998
2 42979 064.7671 198.3436 5735960 038.5977 350.9605 04.25629472040342
1 42979U 10041U   20103.34657988 -.00000118 +00000-0 -28472-3 0  9991
2 42979 064.7653 197.9939 5735905 038.5571 350.9714 04.25629231040382
1 42979U 10041U   20107.34069355 -.00000172 +00000-0 -20310-3 0  9993
2 42979 064.7647 196.5145 5736762 038.3869 351.0132 04.25628052040554
1 42979U 10041U   20107.34069355 -.00000172  00000-0 -20310-3 0  9993
2 42979  64.7647 196.5145 5736762  38.3869 351.0132  4.25628052 40554
1 42979U 10041U   20110.39503145 -.00000206  00000-0 -24762-3 0  9995
2 42979  64.7616 195.3787 5737447  38.2517 351.0613  4.25627217 40689
1 42979U 10041U   20114.38918520 -.00000121  00000-0 -27422-3 0  9997
2 42979  64.7701 193.9154 5737721  38.1047 351.1302  4.25626043 40859
1 42979U 10041U   20115.32898514 -.00000022 +00000-0 -11719-3 0  9994
2 42979 064.7676 193.5611 5737957 038.0577 351.1486 04.25626298040891
1 42979U 10041U   20117.44353682 -.00000155 +00000-0 -38063-3 0  9999
2 42979 064.7696 192.7822 5738335 037.9622 351.1796 04.25625063040981
1 42979U 10041U   20117.44353682 -.00000155  00000-0 -38063-3 0  9999
2 42979  64.7696 192.7822 5738335  37.9622 351.1796  4.25625063 40981
1 42979U 10041U   20118.38333193 -.00000032 +00000-0 -11944-3 0  9991
2 42979 064.7683 192.4302 5738677 037.9212 351.1903 04.25625821041029
1 42979U 10041U   20119.32313106 -.00000109  00000-0 -22897-3 0  9992
2 42979  64.7686 192.0807 5738812  37.8857 351.1975  4.25625094 41068
1 42979U 10041U   20120.26292952 -.00000123  00000-0 -21399-3 0  9994
2 42979  64.7663 191.7255 5739305  37.8307 351.2103  4.25624966 41100
1 42979U 10041U   20122.37747939 -.00000198  00000-0 -29904-3 0  9990
2 42979  64.7669 190.9401 5739797  37.7407 351.2314  4.25624223 41194
1 42979U 10041U   20123.31728282 -.00000164 +00000-0 -23936-3 0  9997
2 42979 064.7671 190.5921 5739927 037.7022 351.2432 04.25624032041232
1 42979U 10041U   20124.25708748 -.00000095 +00000-0 -13411-3 0  9996
2 42979 064.7663 190.2396 5740353 037.6539 351.2608 04.25624172041277
1 42979U 10041U   20126.37165239 -.00000052  00000-0 -14895-3 0  9993
2 42979  64.7656 189.4524 5740903  37.5675 351.2980  4.25623712 41365
1 42979U 10041U   20127.31146109 -.00000023 +00000-0 -13503-3 0  9996
2 42979 064.7669 189.1051 5741110 037.5311 351.3132 04.25623337041407
1 42979U 10041U   20132.24542786  .00000059  00000-0  10225-3 0  9990
2 42979  64.7711 187.2775 5742169  37.3349 351.3597  4.25623510 41612
1 42979U 10041U   20135.29978328 +.00000018 +00000-0 +14425-3 0  9994
2 42979 064.7729 186.1419 5742854 037.2135 351.3852 04.25624007041747
1 42979U 10041U   20135.29978328  .00000018  00000-0  14425-3 0  9994
2 42979  64.7729 186.1419 5742854  37.2135 351.3852  4.25624007 41747
1 42979U 10041U   20140.23375802 +.00000189 +00000-0 +26829-3 0  9992
2 42979 064.7745 184.3059 5744013 037.0096 351.4618 04.25625042041952
1 42979U 10041U   20140.23375802  .00000189  00000-0  26829-3 0  9992
2 42979  64.7745 184.3059 5744013  37.0096 351.4618  4.25625042 41952
1 42979U 10041U   20142.34831369  .00000216  00000-0  22276-3 0  9994
2 42979  64.7762 183.5218 5744461  36.9130 351.4941  4.25625407 42048
1 42979U 10041U   20148.22204002  .00000134  00000-0  21399-3 0  9999
2 42979  64.7775 181.3377 5746780  36.6503 351.5415  4.25626842 42299
1 42979U 10041U   20149.16183359 +.00000157 +00000-0 +26593-3 0  9990
2 42979 064.7803 180.9936 5746626 036.6341 351.5413 04.25627195042331
1 42979U 10041U   20149.16183359  .00000157  00000-0  26593-3 0  9990
2 42979  64.7803 180.9936 5746626  36.6341 351.5413  4.25627195 42331
1 42979U 10041U   20157.15006964  .00000472  00000-0  59799-3 0  9998
2 42979  64.7885 178.0306 5748844  36.3256 351.6244  4.25631572 42670
1 42979U 10041U   20157.85490563 +.00000463 +00000-0 +61207-3 0  9994
2 42979 064.7887 177.7680 5749162 036.2905 351.6285 04.25632195042708
1 42979U 10041U   20157.85490563 +.00000463 +00000-0 +61207-3 0  9994
2 42979 064.7887 177.7680 5749162 036.2905 351.6285 04.25632195042708
1 42979U 10041U   20159.02962990  .00000396  00000-0  56411-3 0  9999
2 42979  64.7894 177.3310 5749526  36.2439 351.6309  4.25632948 42756
1 42979U 10041U   20161.84896456 +.00000335 +00000-0 +58254-3 0  9995
2 42979 064.7915 176.2821 5750307 036.1360 351.6430 04.25635014042871
1 42979U 10041U   20161.84896456  .00000335  00000-0  58254-3 0  9995
2 42979  64.7915 176.2821 5750307  36.1360 351.6430  4.25635014 42871
1 42979U 10041U   20162.31885322 +.00000329 +00000-0 +57785-3 0  9999
2 42979 064.7918 176.1073 5750454 036.1166 351.6474 04.25635422042892
1 42979U 10041U   20164.19840869  .00000341  00000-0  56676-3 0  9996
2 42979  64.7937 175.4088 5750978  36.0407 351.6692  4.25636749 42973
1 42979U 10041U   20164.90324040 +.00000415 +00000-0 +65328-3 0  9999
2 42979 064.7918 175.1444 5751209 036.0146 351.6784 04.25637598043003
1 42979U 10041U   20165.84301640 +.00000396 +00000-0 +57342-3 0  9999
2 42979 064.7922 174.7945 5751481 035.9768 351.6916 04.25638027043048
1 42979U 10041U   20165.84301640  .00000396  00000-0  57342-3 0  9999
2 42979  64.7922 174.7945 5751481  35.9768 351.6916  4.25638027 43048
1 42979U 10041U   20171.01174851  .00000347  00000-0  34372-3 0  9991
2 42979  64.7944 172.8701 5752977  35.7715 351.7430  4.25640582 43267
1 42979U 10041U   20173.12621229  .00000317  00000-0  37661-3 0  9992
2 42979  64.7952 172.0828 5753601  35.6880 351.7489  4.25641648 43353
1 42979U 10041U   20174.77079164  .00000247  00000-0  33977-3 0  9997
2 42979  64.7964 171.4710 5754097  35.6235 351.7533  4.25642389 43424
1 42979U 10041U   20177.12019400  .00000240  00000-0  34301-3 0  9991
2 42979  64.7957 170.5937 5754779  35.5316 351.7693  4.25643253 43522
1 42979U 10041U   20178.05995641 +.00000284 +00000-0 +37675-3 0  9999
2 42979 064.7962 170.2439 5755059 035.4949 351.7801 04.25643732043562
1 42979U 10041U   20182.05393583  .00000504  00000-0  53456-3 0  9991
2 42979  64.7979 168.7576 5756229  35.3387 351.8283  4.25646101 43736
1 42979U 10041U   20183.93343751  .00000455  00000-0  49446-3 0  9990
2 42979  64.7975 168.0556 5756770  35.2693 351.8362  4.25647221 43814
1 42979U 10041U   20186.04786694  .00000418  00000-0  55950-3 0  9998
2 42979  64.7962 167.2645 5757350  35.1873 351.8389  4.25648697 43901
1 42979U 10041U   20187.22254641  .00000394  00000-0  59122-3 0  9999
2 42979  64.7961 166.8264 5757688  35.1419 351.8423  4.25649852 43950
1 42979U 10041U   20193.09593373  .00000402  00000-0  53900-3 0  9997
2 42979  64.7987 164.6401 5759212  34.9104 351.9116  4.25654963 44208
1 42979U 10041U   20193.80073533 +.00000469 +00000-0 +59631-3 0  9997
2 42979 064.7986 164.3748 5759340 034.8973 351.9180 04.25655801044239
1 42979U 10041U   20193.80073533 +.00000469 +00000-0 +59631-3 0  9997
2 42979 064.7986 164.3748 5759340 034.8973 351.9180 04.25655801044239
1 42979U 10041U   20195.91513542  .00000465  00000-0  51476-3 0  9995
2 42979  64.7994 163.5876 5759898  34.8137 351.9437  4.25657344 44320
1 42979U 10041U   20199.90896061 +.00000423 +00000-0 +55207-3 0  9998
2 42979 064.7998 162.0966 5761140 034.6524 351.9699 04.25661047044492
1 42979U 10041U   20199.90896061  .00000423  00000-0  55207-3 0  9998
2 42979  64.7998 162.0966 5761140  34.6524 351.9699  4.25661047 44492
1 42979U 10041U   20202.96304327  .00000334  00000-0  53619-3 0  9994
2 42979  64.7992 160.9593 5761797  34.5357 351.9893  4.25663448 44628
1 42979U 10041U   20204.13768968  .00000358  00000-0  55279-3 0  9990
2 42979  64.7982 160.5222 5762138  34.4827 352.0058  4.25664581 44672
1 42979U 10041U   20206.95683949  .00000549  00000-0  67256-3 0  9997
2 42979  64.7977 159.4695 5762802  34.3724 352.0517  4.25667079 44798
1 42979U 10041U   20208.13147525  .00000668  00000-0  78069-3 0  9990
2 42979  64.7974 159.0311 5763090  34.3263 352.0694  4.25668927 44849
1 42979U 10041U   20210.95057598  .00000757  00000-0  92630-3 0  9992
2 42979  64.7973 157.9787 5763750  34.2144 352.0941  4.25672774 44965
1 42979U 10041U   20212.82995449 +.00000651 +00000-0 +89996-3 0  9990
2 42979 064.7943 157.2765 5764136 034.1362 352.1034 04.25675523045040
1 42979U 10041U   20212.82995449  .00000651  00000-0  89996-3 0  9990
2 42979  64.7943 157.2765 5764136  34.1362 352.1034  4.25675523 45040
1 42979U 10041U   20216.82360759  .00000814  00000-0  12290-2 0  9997
2 42979  64.7953 155.7855 5765045  33.9811 352.1464  4.25682740 45215
1 42979U 10041U   20221.99177395  .00000977  00000-0  12179-2 0  9999
2 42979  64.7942 153.8546 5766030  33.7730 352.2404  4.25693462 45434
1 42979U 10041U   20223.40124723  .00000974  00000-0  11880-2 0  9999
2 42979  64.7938 153.3279 5766411  33.7188 352.2589  4.25696189 45496
1 42979U 10041U   20226.92487794  .00000936  00000-0  12517-2 0  9995
2 42979  64.7930 152.0101 5766985  33.5780 352.2905  4.25703824 45644
1 42979U 10041U   20227.86450377 +.00001199 +00000-0 +16183-2 0  9991
2 42979 064.7925 151.6586 5767070 033.5440 352.2978 04.25706012045685
1 42979U 10041U   20227.86450377  .00001199  00000-0  16183-2 0  9991
2 42979  64.7925 151.6586 5767070  33.5440 352.2978  4.25706012 45685
1 42979U 10041U   20230.91825471 +.00001003 +00000-0 +13971-2 0  9998
2 42979 064.7919 150.5159 5767630 033.4241 352.3392 04.25713314045811
1 42979U 10041U   20230.91825471  .00001003  00000-0  13971-2 0  9998
2 42979  64.7919 150.5159 5767630  33.4241 352.3392  4.25713314 45811
1 42979U 10041U   20231.15315742 +.00001218 +00000-0 +16486-2 0  9992
2 42979 064.7916 150.4284 5767703 033.4141 352.3438 04.25714297045829
1 42979U 10041U   20231.85786431 +.00001375 +00000-0 +18081-2 0  9993
2 42979 064.7908 150.1654 5767753 033.3895 352.3564 04.25716029045856
1 42979U 10041U   20231.85786431  .00001375  00000-0  18081-2 0  9993
2 42979  64.7908 150.1654 5767753  33.3895 352.3564  4.25716029 45856
1 42979U 10041U   20235.14644820  .00001428  00000-0  16905-2 0  9996
2 42979  64.7897 148.9358 5768518  33.2437 352.4241  4.25725183 45999
1 42979U 10041U   20235.85113350 +.00001742 +00000-0 +20551-2 0  9994
2 42979 064.7896 148.6711 5768543 033.2236 352.4319 04.25727579046025
1 42979U 10041U   20235.85113350  .00001742  00000-0  20551-2 0  9994
2 42979  64.7896 148.6711 5768543  33.2236 352.4319  4.25727579 46025
1 42979U 10041U   20239.13959998  .00001559  00000-0  19419-2 0  9992
2 42979  64.7920 147.4474 5769112  33.0887 352.4603  4.25738134 46169
1 42979U 10041U   20239.84426128 +.00001693 +00000-0 +21483-2 0  9997
2 42979 064.7933 147.1887 5769010 033.0705 352.4621 04.25740380046193
1 42979U 10041U   20241.72334043  .00001203  00000-0  16445-2 0  9990
2 42979  64.7878 146.4712 5769578  32.9869 352.4844  4.25746356 46273
1 42979U 10041U   20245.01167805  .00001914  00000-0  24297-2 0  9999
2 42979  64.7877 145.2385 5770014  32.8613 352.5424  4.25758955 46417
1 42979U 10041U   20245.01167809 +.00001948 +00000-0 +24697-2 0  9994
2 42979 064.7877 145.2385 5770013 032.8613 352.5424 04.25759022046412
1 42979U 10041U   20252.76239905  .00001010  00000-0  12248-2 0  9990
2 42979  64.7878 142.3334 5771333  32.5562 352.6556  4.25780002 46746
1 42979U 10041U   20253.23212722 +.00000785 +00000-0 +98963-3 0  9998
2 42979 064.7878 142.1575 5771345 032.5348 352.6599 04.25780630046762
1 42979U 10041U   20253.70185336 +.00000690 +00000-0 +90425-3 0  9990
2 42979 064.7879 141.9817 5771306 032.5163 352.6634 04.25781987046789
1 42979U 10041U   20255.81562035  .00000899  00000-0  12095-2 0  9996
2 42979  64.7872 141.1894 5771627  32.4313 352.6849  4.25785114 46875
1 42979U 10041U   20256.75506818 +.00000862 +00000-0 +11694-2 0  9991
2 42979 064.7871 140.8366 5771780 032.3939 352.6978 04.25786968046913
1 42979U 10041U   20259.80825763 +.00000981 +00000-0 +11633-2 0  9998
2 42979 064.7873 139.6909 5772197 032.2719 352.7533 04.25792427047042
1 42979U 10041U   20259.80825763 +.00000981 +00000-0 +11633-2 0  9998
2 42979 064.7873 139.6909 5772197 032.2719 352.7533 04.25792427047042
1 42979U 10041U   20260.74769220 +.00001265 +00000-0 +14213-2 0  9991
2 42979 064.7872 139.3380 5772324 032.2349 352.7706 04.25794715047080
1 42979U 10041U   20260.74769220  .00001265  00000-0  14213-2 0  9991
2 42979  64.7872 139.3380 5772324  32.2349 352.7706  4.25794715 47080
1 42979U 10041U   20264.74022906  .00000998  00000-0  10900-2 0  9999
2 42979  64.7874 137.8389 5772932  32.0785 352.8118  4.25800909 47251
1 42979U 10041U   20269.90692616 +.00001569 +00000-0 +19008-2 0  9996
2 42979 064.7888 135.8976 5773584 031.8820 352.8483 04.25814368047470
1 42979U 10041U   20269.90692616  .00001569  00000-0  19008-2 0  9996
2 42979  64.7888 135.8976 5773584  31.8820 352.8483  4.25814368 47470
1 42979U 10041U   20271.78569198  .00001676  00000-0  19494-2 0  9991
2 42979  64.7864 135.1912 5773947  31.8185 352.8771  4.25820110 47555
1 42979U 10041U   20275.77795807  .00001462  00000-0  15214-2 0  9991
2 42979  64.7875 133.6917 5774444  31.6602 352.9347  4.25834443 47723
1 42979U 10041U   20281.64871580  .00001191  00000-0  13498-2 0  9998
2 42979  64.7845 131.4814 5775142  31.4292 352.9645  4.25848324 47972
1 42979U 10041U   20285.64075035 +.00001025 +00000-0 +11119-2 0  9997
2 42979 064.7819 129.9775 5775571 031.2749 353.0064 04.25855129048140
1 42979U 10041U   20286.58004514 +.00000594 +00000-0 +60130-3 0  9993
2 42979 064.7821 129.6251 5775622 031.2432 353.0186 04.25856084048185
1 42979U 10041U   20286.58004514  .00000594  00000-0  60130-3 0  9993
2 42979  64.7821 129.6251 5775622  31.2432 353.0186  4.25856084 48185
1 42979U 10041U   20288.69345030 +.00000958 +00000-0 +87044-3 0  9995
2 42979 064.7849 128.8285 5775729 031.1588 353.0436 04.25858761048274
1 42979U 10041U   20289.63273299 +.00001160 +00000-0 +10619-2 0  9996
2 42979 064.7838 128.4738 5775849 031.1257 353.0488 04.25860441048317
1 42979U 10041U   20289.63273299 +.00001160 +00000-0 +10619-2 0  9996
2 42979 064.7838 128.4738 5775849 031.1257 353.0488 04.25860441048317
1 42979U 10041U   20289.63273299 +.00001160 +00000-0 +10619-2 0  9996
2 42979 064.7838 128.4738 5775849 031.1257 353.0488 04.25860441048317
1 42979U 10041U   20289.63273299 +.00001160 +00000-0 +10619-2 0  9996
2 42979 064.7838 128.4738 5775849 031.1257 353.0488 04.25860441048317
1 42979U 10041U   20289.63273299 +.00001160 +00000-0 +10619-2 0  9996
2 42979 064.7838 128.4738 5775849 031.1257 353.0488 04.25860441048317
1 42979U 10041U   20289.63273299 +.00001160 +00000-0 +10619-2 0  9996
2 42979 064.7838 128.4738 5775849 031.1257 353.0488 04.25860441048317
1 42979U 10041U   20301.60826870 +.00001607 +00000-0 +15414-2 0  9991
2 42979 064.7800 123.9616 5777052 030.6800 353.1144 04.25884414048829
1 42979U 10041U   20302.78230121  .00001335  00000-0  12349-2 0  9991
2 42979  64.7811 123.5213 5777114  30.6380 353.1201  4.25886364 48877
1 42979U 10041U   20303.48671609 +.00001149 +00000-0 +10406-2 0  9994
2 42979 064.7803 123.2559 5777169 030.6112 353.1222 04.25887507048908
1 42979U 10041U   20305.59994179 +.00000960 +00000-0 +89186-3 0  9990
2 42979 064.7808 122.4608 5777316 030.5305 353.1237 04.25892013048999
1 42979U 10041U   20305.59994179 +.00000960 +00000-0 +89186-3 0  9990
2 42979 064.7808 122.4608 5777316 030.5305 353.1237 04.25892013048999
1 42979U 10041U   20310.53072426 +.00000917 +00000-0 +98724-3 0  9992
2 42979 064.7760 120.6000 5777521 030.3464 353.1373 04.25902470049209
1 42979U 10041U   20310.53072426  .00000917  00000-0  98724-3 0  9992
2 42979  64.7760 120.6000 5777521  30.3464 353.1373  4.25902470 49209
1 42979U 10041U   20311.46991195 +.00000777 +00000-0 +81904-3 0  9994
2 42979 064.7777 120.2472 5777665 030.3107 353.1468 04.25904469049248
1 42979U 10041U   20312.64389326 +.00000948 +00000-0 +93492-3 0  9997
2 42979 064.7784 119.8056 5777723 030.2659 353.1605 04.25906739049294
1 42979U 10041U   20314.52224696 +.00001160 +00000+0 +10396-2 0  9991
2 42979  64.7761 119.0964 5777817  30.1959 353.1812  4.25910775049379
1 42979U 10041U   20318.51367380 +.00001256 +00000-0 +11462-2 0  9994
2 42979 064.7764 117.5902 5777832 030.0644 353.1864 04.25918498049540
1 42979U 10041U   20318.51367380  .00001256  00000-0  11462-2 0  9994
2 42979  64.7764 117.5902 5777832  30.0644 353.1864  4.25918498 49540
1 42979U 10041U   20322.50502244  .00000814  00000-0  90411-3 0  9999
2 42979  64.7735 116.0828 5777730  29.9272 353.1847  4.25925551 49718
1 42979U 10041U   20325.55720913  .00001200  00000-0  12445-2 0  9992
2 42979  64.7830 114.9501 5777316  29.8538 353.2079  4.25931407 49842
1 42979U 10041U   20326.49633567  .00001293  00000-0  12954-2 0  9991
2 42979  64.7729 114.5823 5777395  29.8119 353.2215  4.25933091 49881
1 42979U 10041U   20329.78322416  .00001465  00000-0  13820-2 0  9998
2 42979  64.7717 113.3441 5777404  29.6690 353.2530  4.25942390 50024
1 42979U 10041U   20330.48754793  .00001394  00000-0  13061-2 0  9992
2 42979  64.7700 113.0740 5777856  29.6194 353.2623  4.25943944 50057
1 42979U 10041U   20333.77433682  .00001691  00000-0  17253-2 0  9995
2 42979  64.7651 111.8312 5777884  29.4852 353.2725  4.25954503 50194
1 42979U 10041U   20334.47864145 +.00001871 +00000-0 +19354-2 0  9999
2 42979 064.7662 111.5686 5777946 029.4536 353.2767 04.25956386050226
1 42979U 10041U   20338.46962983  .00001740  00000-0  18198-2 0  9991
2 42979  64.7632 110.0636 5778125  29.2815 353.3226  4.25969387 50394
1 42979U 10041U   20338.46962983  .00001740  00000-0  18198-2 0  9991
2 42979  64.7632 110.0636 5778125  29.2815 353.3226  4.25969387 50394
1 42979U 10041U   20339.64342939  .00001121  00000-0  11545-2 0  9997
2 42979  64.7638 109.6221 5777875  29.2493 353.3371  4.25972873 50448
1 42979U 10041U   20342.46051755  .00001755  00000-0  16624-2 0  9990
2 42979  64.7625 108.5598 5777790  29.1396 353.3751  4.25979987 50564
1 42979U 10041U   20342.46051755  .00001755  00000-0  16624-2 0  9990
2 42979  64.7625 108.5598 5777790  29.1396 353.3751  4.25979987 50564
1 42979U 10041U   20347.39027739  .00001136  00000-0  12412-2 0  9996
2 42979  64.7583 106.6990 5777602  28.9506 353.3938  4.25992041 50770
1 42979U 10041U   20347.62502383 +.00001017 +00000-0 +11349-2 0  9991
2 42979 064.7578 106.6098 5777568 028.9412 353.3951 04.25992980050788
1 42979U 10041U   20350.44198261  .00001150  00000-0  13273-2 0  9997
2 42979  64.7580 105.5482 5777474  28.8319 353.4271  4.25997866 50905
1 42979U 10041U   20351.38096435  .00000921  00000-0  10761-2 0  9995
2 42979  64.7573 105.1932 5777497  28.7953 353.4434  4.25999520 50945
1 42979U 10041U   20351.38096435  .00000921  00000-0  10761-2 0  9995
2 42979  64.7573 105.1932 5777497  28.7953 353.4434  4.25999520 50945
1 42979U 10041U   20355.37159447  .00001050  00000-0  10684-2 0  9999
2 42979  64.7565 103.6897 5777354  28.6422 353.5065  4.26006621 51114
1 42979U 10041U   20355.37159447  .00001050  00000-0  10684-2 0  9999
2 42979  64.7565 103.6897 5777354  28.6422 353.5065  4.26006621 51114
1 42979U 10041U   20358.42318931  .00001631  00000-0  16977-2 0  9999
2 42979  64.7596 102.5387 5776998  28.5104 353.5353  4.26014037 51243
1 42979U 10041U   20358.42318931  .00001631  00000-0  16977-2 0  9999
2 42979  64.7596 102.5387 5776998  28.5104 353.5353  4.26014037 51243
1 42979U 10041U   20360.30106447  .00000981  00000-0  11256-2 0  9998
2 42979  64.7624 101.8333 5777144  28.4359 353.5502  4.26018296 51329
1 42979U 10041U   20360.30106447  .00000981  00000-0  11256-2 0  9998
2 42979  64.7624 101.8333 5777144  28.4359 353.5502  4.26018296 51329
1 42979U 10041U   20363.35258642  .00001061  00000-0  12953-2 0  9996
2 42979  64.7617 100.6858 5777007  28.3111 353.5882  4.26024266 51452
1 42979U 10041U   20363.35258642  .00001061  00000-0  12953-2 0  9996
2 42979  64.7617 100.6858 5777007  28.3111 353.5882  4.26024266 51452
1 42979U 10041U   20364.29150823  .00000925  00000-0  11483-2 0  9997
2 42979  64.7606 100.3308 5776982  28.2727 353.6047  4.26026567 51494
1 42979U 10041U   21001.34298093  .00001067  00000-0  11525-2 0  9999
2 42979  64.7581  99.1793 5776845  28.1469 353.6657  4.26032831 51622
1 42979U 10041U   21001.34298093  .00001067  00000-0  11525-2 0  9999
2 42979  64.7581  99.1793 5776845  28.1469 353.6657  4.26032831 51622
1 42979U 10041U   21002.28188420  .00000794  00000-0  83198-3 0  9997
2 42979  64.7592  98.8261 5776827  28.1078 353.6829  4.26034604 51661
1 42979U 10041U   21004.39440185  .00000814  00000-0  82266-3 0  9998
2 42979  64.7552  98.0260 5776774  28.0287 353.7088  4.26037444 51753
1 42979U 10041U   21004.39440185  .00000814  00000-0  82266-3 0  9998
2 42979  64.7552  98.0260 5776774  28.0287 353.7088  4.26037444 51753
1 42979U 10041U   21005.33328867  .00001138  00000-0  11774-2 0  9990
2 42979  64.7497  97.6688 5776611  28.0008 353.7133  4.26039509 51790
1 42979U 10041U   21006.50688969  .00000969  00000-0  10642-2 0  9996
2 42979  64.7518  97.2268 5776650  27.9483 353.7215  4.26042290 51840
1 42979U 10041U   21006.50688969  .00000969  00000-0  10642-2 0  9996
2 42979  64.7518  97.2268 5776650  27.9483 353.7215  4.26042290 51840
1 42979U 10041U   21009.32350993  .00000658  00000-0  89048-3 0  9994
2 42979  64.7516  96.1643 5776556  27.8335 353.7450  4.26047418 51964
1 42979U 10041U   21009.32350993  .00000658  00000-0  89048-3 0  9994
2 42979  64.7516  96.1643 5776556  27.8335 353.7450  4.26047418 51964
1 42979U 10041U   21014.48724751  .00000960  00000-0  10705-2 0  9993
2 42979  64.7550  94.2194 5776552  27.6223 353.8405  4.26059448 52184
1 42979U 10041U   21014.48724751  .00000960  00000-0  10705-2 0  9993
2 42979  64.7550  94.2194 5776552  27.6223 353.8405  4.26059448 52184
1 42979U 10041U   21017.30376433  .00001113  00000-0  11756-2 0  9995
2 42979  64.7564  93.1580 5776524  27.5070 353.8779  4.26064924 52307
1 42979U 10041U   21017.30376433  .00001113  00000-0  11756-2 0  9995
2 42979  64.7564  93.1580 5776524  27.5070 353.8779  4.26064924 52307
1 42979U 10041U   21019.18141298  .00000497  00000-0  59748-3 0  9990
2 42979  64.7578  92.4505 5776536  27.4312 353.8934  4.26068528 52387
1 42979U 10041U   21019.18141298  .00000497  00000-0  59748-3 0  9990
2 42979  64.7578  92.4505 5776536  27.4312 353.8934  4.26068528 52387
1 42979U 10041U   21022.46725441  .00001015  00000-0  12426-2 0  9991
2 42979  64.7584  91.2112 5776506  27.3028 353.9229  4.26077798 52528
1 42979U 10041U   21022.46725441  .00001015  00000-0  12426-2 0  9991
2 42979  64.7584  91.2112 5776506  27.3028 353.9229  4.26077798 52528
1 42979U 10041U   21026.45713113  .00002297  00000-0  24649-2 0  9990
2 42979  64.7631  89.7095 5776576  27.1338 353.9906  4.26091423 52693
1 42979U 10041U   21030.44686342  .00001062  00000-0  10451-2 0  9992
2 42979  64.7695  88.2090 5776625  26.9864 354.0487  4.26103658 52867
1 42979U 10041U   21031.15091802  .00001115  00000-0  10956-2 0  9991
2 42979  64.7645  87.9403 5776774  26.9531 354.0557  4.26106188 52894
1 42979U 10041U   21031.15091802  .00001115  00000-0  10956-2 0  9991
2 42979  64.7645  87.9403 5776774  26.9531 354.0557  4.26106188 52894
1 42979U 10041U   21034.20178294  .00001619  00000-0  17159-2 0  9992
2 42979  64.7692  86.7914 5776847  26.8310 354.0672  4.26115221 53027
1 42979U 10041U   21034.20178294  .00001619  00000-0  17159-2 0  9992
2 42979  64.7692  86.7914 5776847  26.8310 354.0672  4.26115221 53027
1 42979U 10041U   21038.19128363  .00002115  00000-0  22564-2 0  9994
2 42979  64.7724  85.2885 5777033  26.6792 354.1052  4.26129066 53197
1 42979U 10041U   21038.19128363  .00002115  00000-0  22564-2 0  9994
2 42979  64.7724  85.2885 5777033  26.6792 354.1052  4.26129066 53197
1 42979U 10041U   21042.18067422  .00001589  00000-0  15707-2 0  9991
2 42979  64.7765  83.7855 5777128  26.5225 354.1608  4.26140729 53362
1 42979U 10041U   21042.18067422  .00001589  00000-0  15707-2 0  9991
2 42979  64.7765  83.7855 5777128  26.5225 354.1608  4.26140729 53362
1 42979U 10041U   21045.23129004  .00001851  00000-0  18411-2 0  9992
2 42979  64.7829  82.6387 5777029  26.4150 354.1731  4.26150250 53498
1 42979U 10041U   21045.23129004  .00001851  00000-0  18411-2 0  9992
2 42979  64.7829  82.6387 5777029  26.4150 354.1731  4.26150250 53498
1 42979U 10041U   21050.15905212  .00002172  00000-0  22978-2 0  9992
2 42979  64.7934  80.7929 5777062  26.2315 354.1957  4.26169237 53703
1 42979U 10041U   21050.15905212  .00002172  00000-0  22978-2 0  9992
2 42979  64.7934  80.7929 5777062  26.2315 354.1957  4.26169237 53703
1 42979U 10041U   21051.09765140  .00001482  00000-0  15933-2 0  9996
2 42979  64.7903  80.4332 5777671  26.1606 354.2152  4.26172501 53742
1 42979U 10041U   21051.09765140  .00001482  00000-0  15933-2 0  9996
2 42979  64.7903  80.4332 5777671  26.1606 354.2152  4.26172501 53742
1 42979U 10041U   21054.14802349  .00003371  00000-0  32859-2 0  9993
2 42979  64.7949  79.2841 5777968  26.0346 354.2569  4.26191860 53877
1 42979U 10041U   21054.14802349  .00003371  00000-0  32859-2 0  9993
2 42979  64.7949  79.2841 5777968  26.0346 354.2569  4.26191860 53877
1 42979U 10041U   21055.32120405  .00002696  00000-0  25536-2 0  9993
2 42979  64.7909  78.8336 5778281  25.9769 354.2736  4.26199211 53923
1 42979U 10041U   21055.32120405  .00002696  00000-0  25536-2 0  9993
2 42979  64.7909  78.8336 5778281  25.9769 354.2736  4.26199211 53923
1 42979U 10041U   21058.13675800  .00003422  00000-0  31879-2 0  9994
2 42979  64.7925  77.7719 5778460  25.8670 354.2885  4.26215103 54041
1 42979U 10041U   21058.13675800  .00003422  00000-0  31879-2 0  9994
2 42979  64.7925  77.7719 5778460  25.8670 354.2885  4.26215103 54041
1 42979U 10041U   21062.12528238  .00003773  00000-0  36563-2 0  9994
2 42979  64.7967  76.2680 5778770  25.7158 354.2848  4.26235481 54211
1 42979U 10041U   21062.12528238  .00003773  00000-0  36563-2 0  9994
2 42979  64.7967  76.2680 5778770  25.7158 354.2848  4.26235481 54211
1 42979U 10041U   21063.29833642  .00002755  00000-0  27069-2 0  9991
2 42979  64.7983  75.8252 5778805  25.6734 354.2895  4.26243400 54264
1 42979U 10041U   21063.29833642  .00002755  00000-0  27069-2 0  9991
2 42979  64.7983  75.8252 5778805  25.6734 354.2895  4.26243400 54264
1 42979U 10041U   21070.10171529  .00003131  00000-0  28562-2 0  9996
2 42979  64.8050  73.2613 5779304  25.4104 354.3460  4.26279908 54550
1 42979U 10041U   21070.10171529  .00003131  00000-0  28562-2 0  9996
2 42979  64.8050  73.2613 5779304  25.4104 354.3460  4.26279908 54550
1 42979U 10041U   21070.80547500  .00002914  00000-0  26610-2 0  9999
2 42979  64.8040  72.9952 5779269  25.3827 354.3463  4.26284839 54587
1 42979U 10041U   21073.38586899  .00004342  00000-0  40667-2 0  9994
2 42979  64.8060  72.0225 5779378  25.2860 354.3440  4.26302314 54696
1 42979U 10041U   21073.38586899  .00004342  00000-0  40667-2 0  9994
2 42979  64.8060  72.0225 5779378  25.2860 354.3440  4.26302314 54696
1 42979U 10041U   21074.08959324  .00005102  00000-0  47980-2 0  9999
2 42979  64.8066  71.7571 5779418  25.2584 354.3447  4.26308966 54720
1 42979U 10041U   21074.08959324  .00005102  00000-0  47980-2 0  9999
2 42979  64.8066  71.7571 5779418  25.2584 354.3447  4.26308966 54720
1 42979U 10041U   21078.07721271  .00004184  00000-0  39806-2 0  9997
2 42979  64.8128  70.2544 5779536  25.1167 354.3664  4.26335292 54891
1 42979U 10041U   21079.24999709  .00003488  00000-0  32871-2 0  9991
2 42979  64.8143  69.8112 5779716  25.0691 354.3805  4.26344569 54944
1 42979U 10041U   21079.24999709  .00003488  00000-0  32871-2 0  9991
2 42979  64.8143  69.8112 5779716  25.0691 354.3805  4.26344569 54944
1 42979U 10041U   21079.95365370  .00003870  00000-0  36118-2 0  9993
2 42979  64.8129  69.5468 5779657  25.0337 354.3905  4.26351284 54976
1 42979U 10041U   21079.95365370  .00003870  00000-0  36118-2 0  9993
2 42979  64.8129  69.5468 5779657  25.0337 354.3905  4.26351284 54976
1 42979U 10041U   21082.06455505  .00006353  00000-0  57682-2 0  9997
2 42979  64.8180  68.7535 5779891  24.9617 354.4106  4.26374707 55068
1 42979U 10041U   21082.06455505  .00006353  00000-0  57682-2 0  9997
2 42979  64.8180  68.7535 5779891  24.9617 354.4106  4.26374707 55068
1 42979U 10041U   21083.00269517  .00005144  00000-0  46027-2 0  9996
2 42979  64.8216  68.4021 5780164  24.9346 354.4156  4.26383920 55106
1 42979U 10041U   21083.00269517  .00005144  00000-0  46027-2 0  9996
2 42979  64.8216  68.4021 5780164  24.9346 354.4156  4.26383920 55106
1 42979U 10041U   21083.94081390  .00004420  00000-0  39505-2 0  9999
2 42979  64.8195  68.0468 5779834  24.9002 354.4183  4.26390944 55142
1 42979U 10041U   21083.94081390  .00004420  00000-0  39505-2 0  9999
2 42979  64.8195  68.0468 5779834  24.9002 354.4183  4.26390944 55142
1 42979U 10041U   21087.22406435  .00004807  00000-0  43844-2 0  9995
2 42979  64.8220  66.8062 5779888  24.8004 354.4103  4.26425280 55286
1 42979U 10041U   21087.22406435  .00004807  00000-0  43844-2 0  9995
2 42979  64.8220  66.8062 5779888  24.8004 354.4103  4.26425280 55286
1 42979U 10041U   21091.21057711  .00004731  00000-0  43970-2 0  9994
2 42979  64.8258  65.3017 5779708  24.6000 354.4401  4.26458904 55455
1 42979U 10041U   21091.21057711  .00004731  00000-0  43970-2 0  9994
2 42979  64.8258  65.3017 5779708  24.6000 354.4401  4.26458904 55455
1 42979U 10041U   21092.38301864  .00004109  00000-0  37882-2 0  9998
2 42979  64.8190  64.8548 5779799  24.5482 354.4564  4.26469934 55507
1 42979U 10041U   21092.38301864  .00004109  00000-0  37882-2 0  9998
2 42979  64.8190  64.8548 5779799  24.5482 354.4564  4.26469934 55507
1 42979U 10041U   21093.32095675  .00004999  00000-0  45619-2 0  9997
2 42979  64.8179  64.5011 5779747  24.5147 354.4676  4.26477421 55545
1 42979U 10041U   21093.32095675  .00004999  00000-0  45619-2 0  9997
2 42979  64.8179  64.5011 5779747  24.5147 354.4676  4.26477421 55545
1 42979U 10041U   21097.30698260  .00003543  00000-0  31769-2 0  9993
2 42979  64.8201  62.9962 5779735  24.3605 354.4961  4.26506448 55710
1 42979U 10041U   21097.30698260  .00003543  00000-0  31769-2 0  9993
2 42979  64.8201  62.9962 5779735  24.3605 354.4961  4.26506448 55710
1 42979U 10041U   21098.24484577  .00005629  00000-0  48644-2 0  9998
2 42979  64.8688  62.7715 5782237  24.1218 354.5500  4.26517386 55759
1 42979U 10041U   21098.24484577  .00005629  00000-0  48644-2 0  9998
2 42979  64.8688  62.7715 5782237  24.1218 354.5500  4.26517386 55759
1 42979U 10041U   21098.94819958  .00004120  00000-0  37822-2 0  9991
2 42979  64.8426  62.4014 5779165  24.3834 354.4776  4.26521911 55786
1 42979U 10041U   21098.94819958  .00004120  00000-0  37822-2 0  9991
2 42979  64.8426  62.4014 5779165  24.3834 354.4776  4.26521911 55786
1 42979U 10041U   21103.16826372  .00004331  00000-0  40751-2 0  9999
2 42979  64.8240  60.7840 5779579  24.1353 354.5230  4.26554254 55963
1 42979U 10041U   21103.16826372  .00004331  00000-0  40751-2 0  9999
2 42979  64.8240  60.7840 5779579  24.1353 354.5230  4.26554254 55963
1 42979U 10041U   21103.16826402  .00005018  00000-0  46804-2 0  9991
2 42979  64.8298  60.7850 5779749  24.1648 354.5165  4.26556141 55967
1 42979U 10041U   21109.49764421  .00007522  00000-0  67723-2 0  9990
2 42979  64.8219  58.3923 5779195  23.8734 354.6147  4.26628141 56233
1 42979U 10041U   21109.49764421  .00007522  00000-0  67723-2 0  9990
2 42979  64.8219  58.3923 5779195  23.8734 354.6147  4.26628141 56233
1 42979U 10041U   21110.90400372  .00006521  00000-0  58329-2 0  9990
2 42979  64.8241  57.8610 5779324  23.8250 354.6252  4.26647422 56298
1 42979U 10041U   21110.90400372  .00006521  00000-0  58329-2 0  9990
2 42979  64.8241  57.8610 5779324  23.8250 354.6252  4.26647422 56298
1 42979U 10041U   21114.88838155  .00006060  00000-0  55506-2 0  9997
2 42979  64.8240  56.3557 5779147  23.6617 354.6442  4.26691507 56462
1 42979U 10041U   21114.88838155  .00006060  00000-0  55506-2 0  9997
2 42979  64.8240  56.3557 5779147  23.6617 354.6442  4.26691507 56462
1 42979U 10041U   21115.82581806  .00005693  00000-0  52772-2 0  9993
2 42979  64.8227  56.0016 5778792  23.6262 354.6507  4.26704068 56509
1 42979U 10041U   21119.10666008  .00005646  00000-0  52020-2 0  9990
2 42979  64.8239  54.7610 5778537  23.4933 354.6998  4.26746184 56641
1 42979U 10041U   21119.10666008  .00005646  00000-0  52020-2 0  9990
2 42979  64.8239  54.7610 5778537  23.4933 354.6998  4.26746184 56641
1 42979U 10041U   21121.21563342  .00005854  00000-0  53356-2 0  9996
2 42979  64.8252  53.9646 5778251  23.4154 354.7331  4.26762626 56735
1 42979U 10041U   21123.09018715  .00004173  00000-0  37971-2 0  9991
2 42979  64.8233  53.2534 5778197  23.3324 354.7562  4.26781719 56819
1 42979U 10041U   21123.09018715  .00004173  00000-0  37971-2 0  9991
2 42979  64.8233  53.2534 5778197  23.3324 354.7562  4.26781719 56819
1 42979U 10041U   21127.07337347  .00002994  00000-0  28649-2 0  9999
2 42979  64.8323  51.7506 5778028  23.1820 354.7819  4.26811392 56987
1 42979U 10041U   21127.07337347  .00002994  00000-0  28649-2 0  9999
2 42979  64.8323  51.7506 5778028  23.1820 354.7819  4.26811392 56987
1 42979U 10041U   21129.88489116  .00004032  00000-0  38758-2 0  9999
2 42979  64.8343  50.6887 5777824  23.0681 354.8176  4.26829967 57105
1 42979U 10041U   21129.88489116  .00004032  00000-0  38758-2 0  9999
2 42979  64.8343  50.6887 5777824  23.0681 354.8176  4.26829967 57105
1 42979U 10041U   21130.82203386  .00003563  00000-0  34484-2 0  9998
2 42979  64.8342  50.3344 5777793  23.0403 354.8316  4.26838379 57143
1 42979U 10041U   21131.05631683  .00003461  00000-0  33532-2 0  9999
2 42979  64.8331  50.2450 5777796  23.0302 354.8361  4.26840339 57159
1 42979U 10041U   21131.05631683  .00003461  00000-0  33532-2 0  9999
2 42979  64.8331  50.2450 5777796  23.0302 354.8361  4.26840339 57159
1 42979U 10041U   21135.27320803  .00003815  00000-0  35307-2 0  9991
2 42979  64.8262  48.6466 5777437  22.8303 354.9221  4.26882416 57338
1 42979U 10041U   21135.27320811  .00003847  00000-0  35566-2 0  9992
2 42979  64.8279  48.6455 5777484  22.8303 354.9222  4.26882337 57339
1 42979U 10041U   21137.84998647  .00005261  00000-0  47918-2 0  9991
2 42979  64.8300  47.6702 5777392  22.7205 354.9558  4.26906284 57448
1 42979U 10041U   21137.84998647  .00005261  00000-0  47918-2 0  9991
2 42979  64.8300  47.6702 5777392  22.7205 354.9558  4.26906284 57448
1 42979U 10041U   21141.83196908  .00005097  00000-0  47816-2 0  9999
2 42979  64.8311  46.1636 5777050  22.5509 354.9880  4.26945524 57613
1 42979U 10041U   21141.83196908  .00005097  00000-0  47816-2 0  9999
2 42979  64.8311  46.1636 5777050  22.5509 354.9880  4.26945524 57613
1 42979U 10041U   21146.98467107  .00003127  00000-0  29349-2 0  9995
2 42979  64.8309  44.2163 5776669  22.3381 355.0743  4.26984834 57836
1 42979U 10041U   21146.98467107  .00003127  00000-0  29349-2 0  9995
2 42979  64.8309  44.2163 5776669  22.3381 355.0743  4.26984834 57836
1 42979U 10041U   21153.07355908  .00003651  00000-0  34536-2 0  9994
2 42979  64.8302  41.9095 5776472  22.0976 355.1330  4.27030403 58093
1 42979U 10041U   21153.07355908  .00003651  00000-0  34536-2 0  9994
2 42979  64.8302  41.9095 5776472  22.0976 355.1330  4.27030403 58093
1 42979U 10041U   21157.75695094  .00004046  00000-0  38629-2 0  9992
2 42979  64.8382  40.1451 5776448  21.8967 355.1969  4.27060749 58294
1 42979U 10041U   21157.75695094  .00004046  00000-0  38629-2 0  9992
2 42979  64.8382  40.1451 5776448  21.8967 355.1969  4.27060749 58294
1 42979U 10041U   21157.75695094  .00004046  00000-0  38629-2 0  9992
2 42979  64.8382  40.1451 5776448  21.8967 355.1969  4.27060749 58294
1 42979U 10041U   21165.71793872  .00003309  00000-0  30212-2 0  9991
2 42979  64.8320  37.1298 5776442  21.5487 355.3072  4.27112923 58636
1 42979U 10041U   21165.71793872  .00003309  00000-0  30212-2 0  9991
2 42979  64.8320  37.1298 5776442  21.5487 355.3072  4.27112923 58636
1 42979U 10041U   21166.65445536  .00002090  00000-0  19626-2 0  9998
2 42979  64.8311  36.7746 5776435  21.5087 355.3117  4.27118582 58678
1 42979U 10041U   21169.69806326  .00003131  00000-0  29771-2 0  9992
2 42979  64.8384  35.6337 5776061  21.4001 355.3286  4.27137087 58805
1 42979U 10041U   21170.63453206  .00001852  00000-0  18178-2 0  9990
2 42979  64.8368  35.2706 5776194  21.3535 355.3424  4.27142318 58842
1 42979U 10041U   21170.63453206  .00001852  00000-0  18178-2 0  9990
2 42979  64.8368  35.2706 5776194  21.3535 355.3424  4.27142318 58842
1 42979U 10041U   21173.67801485  .00002933  00000-0  26630-2 0  9996
2 42979  64.8360  34.1179 5776401  21.2281 355.3893  4.27154871 58975
1 42979U 10041U   21174.61444482  .00002346  00000-0  21143-2 0  9993
2 42979  64.8373  33.7655 5776268  21.1973 355.3991  4.27160210 59010
1 42979U 10041U   21174.61444482  .00002346  00000-0  21143-2 0  9993
2 42979  64.8373  33.7655 5776268  21.1973 355.3991  4.27160210 59010
1 42979U 10041U   21182.57366866  .00002137  00000-0  20702-2 0  9994
2 42979  64.8432  30.7580 5776295  20.8732 355.4393  4.27200244 59355
1 42979U 10041U   21182.57366866  .00002137  00000-0  20702-2 0  9994
2 42979  64.8432  30.7580 5776295  20.8732 355.4393  4.27200244 59355
1 42979U 10041U   21185.85078679  .00002320  00000-0  21743-2 0  9990
2 42979  64.8325  29.5078 5776062  20.7838 355.4709  4.27217902 59497
1 42979U 10041U   21185.85078679  .00002320  00000-0  21743-2 0  9990
2 42979  64.8325  29.5078 5776062  20.7838 355.4709  4.27217902 59497
1 42979U 10041U   21186.55301061  .00001545  00000-0  14635-2 0  9992
2 42979  64.8344  29.2465 5775883  20.7566 355.4796  4.27219871 59520
1 42979U 10041U   21188.42558569  .00002700  00000-0  24105-2 0  9994
2 42979  64.8268  28.5309 5776089  20.6279 355.5129  4.27228076 59600
1 42979U 10041U   21188.65965424  .00002757  00000-0  24526-2 0  9990
2 42979  64.8249  28.4414 5776114  20.6162 355.5155  4.27229307 59613
1 42979U 10041U   21190.53217707  .00001091  00000-0  94913-3 0  9992
2 42979  64.8287  27.7354 5776182  20.5446 355.5259  4.27236404 59698
1 42979U 10041U   21191.70249134  .00001708  00000-0  15037-2 0  9995
2 42979  64.8291  27.2926 5776266  20.4974 355.5286  4.27239745 59748
1 42979U 10041U   21191.70249134  .00001708  00000-0  15037-2 0  9995
2 42979  64.8291  27.2926 5776266  20.4974 355.5286  4.27239745 59748
1 42979U 10041U   21196.61772066  .00001925  00000-0  17994-2 0  9990
2 42979  64.8344  25.4348 5776395  20.3135 355.5372  4.27251853 59959
1 42979U 10041U   21196.61772066  .00001925  00000-0  17994-2 0  9990
2 42979  64.8344  25.4348 5776395  20.3135 355.5372  4.27251853 59959
1 42979U 10041U   21199.66042334  .00001210  00000-0  10819-2 0  9992
2 42979  64.8388  24.2861 5776466  20.2035 355.5669  4.27258960 60082
1 42979U 10041U   21199.66042334  .00001210  00000-0  10819-2 0  9992
2 42979  64.8388  24.2861 5776466  20.2035 355.5669  4.27258960 60082
1 42979U 10041U   21202.93711873  .00001588  00000-0  13403-2 0  9998
2 42979  64.8367  23.0431 5776690  20.0439 355.5961  4.27268254 60222
1 42979U 10041U   21202.93711873  .00001588  00000-0  13403-2 0  9998
2 42979  64.8367  23.0431 5776690  20.0439 355.5961  4.27268254 60222
1 42979U 10041U   21204.57542626  .00002086  00000-0  18623-2 0  9991
2 42979  64.8437  22.4553 5775180  20.0199 355.5834  4.27274339 60291
1 42979U 10041U   21205.74563083  .00001439  00000-0  13165-2 0  9998
2 42979  64.8321  21.9791 5775735  19.9663 355.5837  4.27277543 60349
1 42979U 10041U   21206.44775045  .00001177  00000-0  11100-2 0  9995
2 42979  64.8308  21.7155 5775884  19.9300 355.5854  4.27279627 60376
1 42979U 10041U   21206.44775045  .00001177  00000-0  11100-2 0  9995
2 42979  64.8308  21.7155 5775884  19.9300 355.5854  4.27279627 60376
1 42979U 10041U   21213.46883634  .00000520  00000-0  51135-3 0  9993
2 42979  64.8157  19.0431 5775190  19.6772 355.6350  4.27295026 60671
1 42979U 10041U   21213.46883634  .00000520  00000-0  51135-3 0  9993
2 42979  64.8157  19.0431 5775190  19.6772 355.6350  4.27295026 60671
1 42979U 10041U   21221.42584988  .00000408  00000-0  44828-3 0  9994
2 42979  64.8329  16.0488 5776209  19.2452 355.6925  4.27303434 61014
1 42979U 10041U   21221.42584988  .00000408  00000-0  44828-3 0  9994
2 42979  64.8329  16.0488 5776209  19.2452 355.6925  4.27303434 61014
1 42979U 10041U   21222.83001361  .00000346  00000-0  41420-3 0  9995
2 42979  64.8101  15.4994 5776207  19.2166 355.6932  4.27303909 61078
1 42979U 10041U   21222.83001361  .00000346  00000-0  41420-3 0  9995
2 42979  64.8101  15.4994 5776207  19.2166 355.6932  4.27303909 61078
1 42979U 10041U   21225.40432344  .00000403  00000-0  41588-3 0  9999
2 42979  64.8232  14.5464 5776195  19.1221 355.7182  4.27304641 61186
1 42979U 10041U   21225.40432344  .00000403  00000-0  41588-3 0  9999
2 42979  64.8232  14.5464 5776195  19.1221 355.7182  4.27304641 61186
1 42979U 10041U   21229.38277528  .00000508  00000-0  42736-3 0  9993
2 42979  64.8085  13.0275 5775145  19.0069 355.7448  4.27306861 61359
1 42979U 10041U   21229.38277528  .00000508  00000-0  42736-3 0  9993
2 42979  64.8085  13.0275 5775145  19.0069 355.7448  4.27306861 61359
1 42979U 10041U   21229.85082302  .00000342  00000-0  28767-3 0  9993
2 42979  64.8201  12.8551 5774781  18.9933 355.7445  4.27307047 61372
1 42979U 10041U   21229.85082302  .00000342  00000-0  28767-3 0  9993
2 42979  64.8201  12.8551 5774781  18.9933 355.7445  4.27307047 61372
1 42979U 10041U   21240.61589424  .00000773  00000-0  76578-3 0  9998
2 42979  64.8119   8.7770 5775033  18.5571 355.8348  4.27318009 61836
1 42979U 10041U   21240.61589424  .00000773  00000-0  76578-3 0  9998
2 42979  64.8119   8.7770 5775033  18.5571 355.8348  4.27318009 61836
1 42979U 10041U   21245.29605498  .00000777  00000-0  77560-3 0  9993
2 42979  64.8176   7.0061 5774141  18.4102 355.8636  4.27333439 62039
1 42979U 10041U   21245.29605498  .00000777  00000-0  77560-3 0  9993
2 42979  64.8176   7.0061 5774141  18.4102 355.8636  4.27333439 62039
1 42979U 10041U   21256.29421722  .00001434  00000-0  13791-2 0  9997
2 42979  64.7942   2.8291 5772221  18.0245 355.9749  4.27362127 62502
1 42979U 10041U   21259.57009692  .00001038  00000-0  11179-2 0  9997
2 42979  64.7862   1.5853 5772772  17.8685 355.9994  4.27372454 62640
1 42979U 10041U   21259.57009692  .00001038  00000-0  11179-2 0  9997
2 42979  64.7862   1.5853 5772772  17.8685 355.9994  4.27372454 62640
1 42979U 10041U   21260.27206469  .00000696  00000-0  83339-3 0  9994
2 42979  64.7853   1.3238 5772546  17.8449 356.0031  4.27373294 62672
1 42979U 10041U   21260.27206469  .00000696  00000-0  83339-3 0  9994
2 42979  64.7853   1.3238 5772546  17.8449 356.0031  4.27373294 62672
1 42979U 10041U   21264.24984458  .00000907  00000-0  10492-2 0  9990
2 42979  64.7881 359.8118 5772568  17.5787 356.0839  4.27383616 62841
1 42979U 10041U   21264.24984458  .00000907  00000-0  10492-2 0  9990
2 42979  64.7881 359.8118 5772568  17.5787 356.0839  4.27383616 62841
1 42979U 10041U   21271.50311846  .00001803  00000-0  17689-2 0  9993
2 42979  64.7804 357.0593 5772827  17.3005 356.1858  4.27412644 63153
1 42979U 10041U   21271.50311846  .00001803  00000-0  17689-2 0  9993
2 42979  64.7804 357.0593 5772827  17.3005 356.1858  4.27412644 63153
1 42979U 10041U   21271.50311932  .00002050  00000-0  19953-2 0  9990
2 42979  64.7803 357.0592 5772826  17.3001 356.1859  4.27412680 63157
1 42979U 10041U   21271.50311932  .00002050  00000-0  19953-2 0  9990
2 42979  64.7803 357.0592 5772826  17.3001 356.1859  4.27412680 63157
1 42979U 10041U   21278.28791680  .00002444  00000-0  23835-2 0  9995
2 42979  64.7881 354.4884 5773017  16.9455 356.2875  4.27447099 63442
1 42979U 10041U   21278.28791680  .00002444  00000-0  23835-2 0  9995
2 42979  64.7881 354.4884 5773017  16.9455 356.2875  4.27447099 63442
1 42979U 10041U   21283.20069877  .00002543  00000-0  23717-2 0  9998
2 42979  64.7840 352.6165 5772762  16.7265 356.3653  4.27473777 63652
1 42979U 10041U   21283.20069877  .00002543  00000-0  23717-2 0  9998
2 42979  64.7840 352.6165 5772762  16.7265 356.3653  4.27473777 63652
1 42979U 10041U   21287.17744147  .00002018  00000-0  20083-2 0  9998
2 42979  64.7747 351.1037 5773103  16.5619 356.3917  4.27502053 63823
1 42979U 10041U   21287.17744147  .00002018  00000-0  20083-2 0  9998
2 42979  64.7747 351.1037 5773103  16.5619 356.3917  4.27502053 63823
1 42979U 10041U   21288.58094128  .00002937  00000-0  28563-2 0  9992
2 42979  64.7625 350.5643 5773145  16.5243 356.4030  4.27510422 63885
1 42979U 10041U   21288.58094128  .00002937  00000-0  28563-2 0  9992
2 42979  64.7625 350.5643 5773145  16.5243 356.4030  4.27510422 63885
1 42979U 10041U   21291.15396233  .00002806  00000-0  27030-2 0  9994
2 42979  64.7773 349.5977 5773028  16.4424 356.4391  4.27526231 63994
1 42979U 10041U   21291.15396233  .00002806  00000-0  27030-2 0  9994
2 42979  64.7773 349.5977 5773028  16.4424 356.4391  4.27526231 63994
1 42979U 10041U   21295.13024746  .00001370  00000-0  12947-2 0  9999
2 42979  64.7738 348.0814 5773199  16.2872 356.4986  4.27550201 64167
1 42979U 10041U   21295.13024746  .00001370  00000-0  12947-2 0  9999
2 42979  64.7738 348.0814 5773199  16.2872 356.4986  4.27550201 64167
1 42979U 10041U   21295.59803510  .00001303  00000-0  12115-2 0  9996
2 42979  64.7681 347.9072 5774078  16.2226 356.5151  4.27549936 64188
1 42979U 10041U   21295.59803510  .00001303  00000-0  12115-2 0  9996
2 42979  64.7681 347.9072 5774078  16.2226 356.5151  4.27549936 64188
1 42979U 10041U   21302.14669851  .00003657  00000-0  33704-2 0  9995
2 42979  64.7836 345.4232 5773973  16.0007 356.5541  4.27595643 64469
1 42979U 10041U   21305.42077153  .00005585  00000-0  49228-2 0  9997
2 42979  64.7611 344.1629 5774558  15.8453 356.6032  4.27622749 64608
1 42979U 10041U   21305.42077153  .00005585  00000-0  49228-2 0  9997
2 42979  64.7611 344.1629 5774558  15.8453 356.6032  4.27622749 64608
1 42979U 10041U   21306.12231630  .00005973  00000-0  52103-2 0  9994
2 42979  64.7604 343.8958 5774697  15.8145 356.6142  4.27635420 64638
1 42979U 10041U   21306.12231630  .00005973  00000-0  52103-2 0  9994
2 42979  64.7604 343.8958 5774697  15.8145 356.6142  4.27635420 64638
1 42979U 10041U   21309.16222072  .00008264  00000-0  70561-2 0  9995
2 42979  64.7574 342.7377 5774980  15.6962 356.6464  4.27669684 64767
1 42979U 10041U   21309.16222072  .00008264  00000-0  70561-2 0  9995
2 42979  64.7574 342.7377 5774980  15.6962 356.6464  4.27669684 64767
1 42979U 10041U   21310.09750391  .00004911  00000-0  41715-2 0  9993
2 42979  64.7606 342.3804 5775192  15.6519 356.6523  4.27684090 64807
1 42979U 10041U   21310.09750391  .00004911  00000-0  41715-2 0  9993
2 42979  64.7606 342.3804 5775192  15.6519 356.6523  4.27684090 64807
1 42979U 10041U   21316.17648420  .00004302  00000-0  37025-2 0  9990
2 42979  64.7565 340.0642 5776119  15.4194 356.6763  4.27726220 65060
1 42979U 10041U   21316.17648420  .00004302  00000-0  37025-2 0  9990
2 42979  64.7565 340.0642 5776119  15.4194 356.6763  4.27726220 65060
1 42979U 10041U   21320.15091272  .00004502  00000-0  37324-2 0  9994
2 42979  64.7552 338.5508 5776520  15.2722 356.7205  4.27751480 65237
1 42979U 10041U   21320.15091272  .00004502  00000-0  37324-2 0  9994
2 42979  64.7552 338.5508 5776520  15.2722 356.7205  4.27751480 65237
1 42979U 10041U   21322.02113631  .00002544  00000-0  20741-2 0  9995
2 42979  64.7517 337.8353 5776819  15.1978 356.7348  4.27764590 65314
1 42979U 10041U   21322.02113631  .00002544  00000-0  20741-2 0  9995
2 42979  64.7517 337.8353 5776819  15.1978 356.7348  4.27764590 65314
1 42979U 10041U   21325.29389839  .00002961  00000-0  24183-2 0  9999
2 42979  64.7431 336.5852 5777476  15.0573 356.7472  4.27786129 65454
1 42979U 10041U   21325.29389839  .00002961  00000-0  24183-2 0  9999
2 42979  64.7431 336.5852 5777476  15.0573 356.7472  4.27786129 65454
1 42979U 10041U   21325.99518200  .00002984  00000-0  24190-2 0  9995
2 42979  64.7581 336.3283 5778219  15.0054 356.7547  4.27791115 65483
1 42979U 10041U   21325.99518200  .00002984  00000-0  24190-2 0  9995
2 42979  64.7581 336.3283 5778219  15.0054 356.7547  4.27791115 65483
1 42979U 10041U   21329.03398974  .00002745  00000-0  22437-2 0  9995
2 42979  64.7576 335.1720 5778720  14.8809 356.7684  4.27812435 65618
1 42979U 10041U   21329.03398974  .00002745  00000-0  22437-2 0  9995
2 42979  64.7576 335.1720 5778720  14.8809 356.7684  4.27812435 65618
1 42979U 10041U   21336.27961839  .00006374  00000-0  47934-2 0  9996
2 42979  64.7536 332.4121 5779943  14.6009 356.8259  4.27888978 65925
1 42979U 10041U   21336.27961839  .00006374  00000-0  47934-2 0  9996
2 42979  64.7536 332.4121 5779943  14.6009 356.8259  4.27888978 65925
1 42979U 10041U   21337.44814708  .00003883  00000-0  29067-2 0  9997
2 42979  64.7295 331.9587 5780124  14.4834 356.8416  4.27893676 65975
1 42979U 10041U   21337.44814708  .00003883  00000-0  29067-2 0  9997
2 42979  64.7295 331.9587 5780124  14.4834 356.8416  4.27893676 65975
1 42979U 10041U   21340.95345277  .00003751  00000-0  28478-2 0  9996
2 42979  64.7354 330.6143 5781048  14.3382 356.8429  4.27938397 66120
1 42979U 10041U   21340.95345277  .00003751  00000-0  28478-2 0  9996
2 42979  64.7354 330.6143 5781048  14.3382 356.8429  4.27938397 66120
1 42979U 10041U   21344.22486848  .00003136  00000-0  23480-2 0  9995
2 42979  64.7314 329.3645 5781444  14.2143 356.8675  4.27966135 66261
1 42979U 10041U   21344.22486848  .00003136  00000-0  23480-2 0  9995
2 42979  64.7314 329.3645 5781444  14.2143 356.8675  4.27966135 66261
1 42979U 10041U   21344.92585278  .00002661  00000-0  19752-2 0  9998
2 42979  64.7365 329.0964 5781634  14.1861 356.8752  4.27971815 66295
1 42979U 10041U   21344.92585278  .00002661  00000-0  19752-2 0  9998
2 42979  64.7365 329.0964 5781634  14.1861 356.8752  4.27971815 66295
1 42979U 10041U   22302.99862597  .00143669  00000-0  20132-1 0  9999
2 42979  64.5190 200.6500 5684214   2.7153 359.4528  4.53807502 80344
1 42979U 10041U   22302.99862597  .00143669  00000-0  20132-1 0  9999
2 42979  64.5190 200.6500 5684214   2.7153 359.4528  4.53807502 80119
1 42979U 10041U   22302.99862597  .00143669  00000-0  20132-1 0  9999
2 42979  64.5190 200.6500 5684214   2.7153 359.4528  4.53807502 80119
