0 SL-12 DEB
1 27976U 88085W   03277.24535568 +.00028560 +00000-0 +14750-0 0  9995
2 27976 065.5922 219.2211 5652868 079.4594 336.5357 04.26173833003303
0 SL-12 DEB
1 27976U 88085W   03278.18389541  .00027024  00000-0  13422+0 0  9995
2 27976 065.5846 218.9201 5656205 079.3451 336.5443 04.26220032  3347
0 SL-12 DEB
1 27976U 88085W   03278.88778298 +.00025484 +00000-0 +12537-0 0  9998
2 27976 065.5858 218.6781 5656867 079.2951 336.6101 04.26250636003376
0 SL-12 DEB
1 27976U 88085W   03279.35700681 +.00024389 +00000-0 +11787-0 0  9991
2 27976 065.5905 218.5276 5658375 079.2422 336.6456 04.26269767003396
0 SL-12 DEB
1 27976U 88085W   03280.06079111  .00023126  00000-0  10996+0 0  9996
2 27976 065.5886 218.2947 5659665 079.1650 336.6907 04.26298860  3422
0 SL-12 DEB
1 27976U 88085W   03280.29539024  .00023387  00000-0  11021+0 0  9994
2 27976 065.6121 218.1699 5660531 079.2671 336.7091 04.26310121  3437
0 SL-12 DEB
1 27976U 88085W   03280.29539239 +.00023188 +00000-0 +11002-0 0  9991
2 27976 065.5872 218.2097 5659784 079.1682 336.7312 04.26310028003433
0 SL-12 DEB
1 27976U 88085W   03280.99908531  .00023388  00000-0  10976+0 0  9993
2 27976 065.5902 217.9616 5660538 079.1536 336.7440 04.26343746  3465
0 SL-12 DEB
1 27976U 88085W   03281.70272251 +.00023270 +00000-0 +10764-0 0  9992
2 27976 065.5931 217.7042 5661621 079.1261 336.7524 04.26375908003498
0 SL-12 DEB
1 27976U 88085W   03282.17179252  .00023643  00000-0  10829+0 0  9996
2 27976 065.6011 217.5043 5662345 079.1929 336.7586 04.26399009  3511
0 SL-12 DEB
1 27976U 88085W   03282.87532740 +.00023156 +00000-0 +10487-0 0  9998
2 27976 065.6011 217.2748 5663132 079.1160 336.7502 04.26429418003541
0 SL-12 DEB
1 27976U 88085W   03283.34435201 +.00022566 +00000-0 +10066-0 0  9992
2 27976 065.6002 217.1161 5664346 079.0575 336.7959 04.26449451003563
0 SL-12 DEB
1 27976U 88085W   03284.04783253  .00021616  00000-0  94965-1 0  9999
2 27976 065.5988 216.8762 5665493 078.9553 336.8336 04.26476931  3592
0 SL-12 DEB
1 27976U 88085W   03284.51681256 +.00021171 +00000-0 +92589-1 0  9997
2 27976 065.5969 216.7102 5665752 078.9486 336.8753 04.26495255003617
0 SL-12 DEB
1 27976U 88085W   03284.98574947  .00020890  00000-0  90741-1 0  9991
2 27976 065.5971 216.5395 5666215 078.9355 336.8837 04.26513645  3631
0 SL-12 DEB
1 27976U 88085W   03285.22021323 +.00020799 +00000-0 +89561-1 0  9990
2 27976 065.5982 216.4527 5666922 078.9436 336.8889 04.26522848003647
0 SL-12 DEB
1 27976U 88085W   03286.15800238  .00020954  00000-0  87880-1 0  9998
2 27976 065.6043 216.1140 5668975 078.9049 336.9155 04.26562180  3688
0 SL-12 DEB
1 27976U 88085W   03286.86129370 +.00021283 +00000-0 +88333-1 0  9997
2 27976 065.6037 215.8782 5669670 078.8434 336.9570 04.26593346003712
0 SL-12 DEB
1 27976U 88085W   03287.33012367 +.00022607 +00000-0 +92234-1 0  9993
2 27976 065.6084 215.7265 5671015 078.7992 336.9942 04.26618643003736
0 SL-12 DEB
1 27976U 88085W   03288.03331149  .00024418  00000-0  98268-1 0  9998
2 27976 065.6014 215.4959 5671957 078.6674 337.0542 04.26657803  3769
0 SL-12 DEB
1 27976U 88085W   03288.50207017 +.00025543 +00000-0 +10209-0 0  9994
2 27976 065.5963 215.3313 5672370 078.6914 337.0796 04.26685720003783
0 SL-12 DEB
1 27976U 88085W   03288.97077640  .00028117  00000-0  11128+0 0  9992
2 27976 065.5924 215.1673 5672987 078.6090 337.1377 04.26723388  3808
0 SL-12 DEB
1 27976U 88085W   03289.20509350 +.00028818 +00000-0 +11244-0 0  9995
2 27976 065.5884 215.0766 5674116 078.6721 337.0957 04.26739548003811
0 SL-12 DEB
1 27976U 88085W   03290.14237491  .00030848  00000-0  11816+0 0  9994
2 27976 065.6017 214.7205 5675287 078.6360 337.1330 04.26803020  3850
0 SL-12 DEB
1 27976U 88085W   03290.14238247  .00029029  00000-0  10962+0 0  9994
2 27976 065.6171 214.7363 5676712 078.6171 337.1455 04.26800094  3856
0 SL-12 DEB
1 27976U 88085W   03290.84522979 +.00030729 +00000-0 +11626-0 0  9997
2 27976 065.6012 214.4817 5676060 078.5723 337.1202 04.26845366003883
0 SL-12 DEB
1 27976U 88085W   03291.31378598  .00030165  00000-0  11207+0 0  9994
2 27976 065.6003 214.3213 5677435 078.5202 337.1471 04.26871598  3908
0 SL-12 DEB
1 27976U 88085W   03292.48504504 +.00029966 +00000-0 +10810-0 0  9998
2 27976 065.5994 213.9167 5679463 078.4593 337.2143 04.26941297003950
0 SL-12 DEB
1 27976U 88085W   03293.18769332  .00031170  00000-0  11048+0 0  9991
2 27976 065.5989 213.6577 5680622 078.4370 337.2573 04.26989643  3985
0 SL-12 DEB
1 27976U 88085W   03293.89024501 +.00033167 +00000-0 +11668-0 0  9998
2 27976 065.5995 213.4102 5680884 078.4072 337.2865 04.27043203004016
0 SL-12 DEB
1 27976U 88085W   03294.12438870 +.00034897 +00000-0 +12143-0 0  9993
2 27976 065.6060 213.3286 5681655 078.3672 337.2839 04.27066007004023
0 SL-12 DEB
1 27976U 88085W   03295.29506455  .00042488  00000-0  14080+0 0  9993
2 27976 065.5925 212.9180 5684924 078.2750 337.4463 04.27184404  4070
0 SL-12 DEB
1 27976U 88085W   03295.76316222 +.00043170 +00000-0 +14367-0 0  9994
2 27976 065.5895 212.7545 5684266 078.2289 337.3706 04.27227623004097
0 SL-12 DEB
1 27976U 88085W   03296.23127155 +.00046798 +00000-0 +15395-0 0  9993
2 27976 065.5933 212.5983 5684844 078.1567 337.4233 04.27283280004114
0 SL-12 DEB
1 27976U 88085W   03296.46527355  .00057989  00000-0  18549+0 0  9991
2 27976 065.6218 212.5081 5686924 078.2091 337.4098 04.27332233  4127
0 SL-12 DEB
1 27976U 88085W   03297.16731511  .00048529  00000-0  15604+0 0  9999
2 27976 065.5966 212.2611 5686052 078.1839 337.4219 04.27378420  4159
0 SL-12 DEB
1 27976U 88085W   03297.86920257 +.00048043 +00000-0 +15202-0 0  9999
2 27976 065.5902 212.0131 5686907 078.1602 337.3859 04.27442997004184
0 SL-12 DEB
1 27976U 88085W   03298.10316470 +.00047564 +00000-0 +14809-0 0  9992
2 27976 065.5992 211.9364 5688079 078.0955 337.4268 04.27464174004198
0 SL-12 DEB
1 27976U 88085W   03298.80494603  .00049414  00000-0  15503+0 0  9991
2 27976 065.5978 211.6791 5686910 078.1205 337.4943 04.27541100  4223
0 SL-12 DEB
1 27976U 88085W   03299.27267554  .00055471  00000-0  16664+0 0  9995
2 27976 065.5791 211.5260 5689908 078.0330 337.5824 04.27619016  4247
0 SL-12 DEB
1 27976U 88085W   03299.97412022 +.00060572 +00000-0 +17712-0 0  9998
2 27976 065.5864 211.2659 5691391 077.9341 337.5851 04.27718349004278
0 SL-12 DEB
1 27976U 88085W   03300.20788997 +.00064796 +00000-0 +18808-0 0  9993
2 27976 065.5890 211.1818 5691693 077.8939 337.5876 04.27760644004283
0 SL-12 DEB
1 27976U 88085W   03301.14285732  .00071955  00000-0  20344+0 0  9998
2 27976 065.6188 210.8242 5692693 077.8730 337.7394 04.27919730  4325
0 SL-12 DEB
1 27976U 88085W   03301.84374808 +.00082599 +00000-0 +23501-0 0  9993
2 27976 065.6262 210.5795 5691131 077.9679 337.7633 04.28073355004351
0 SL-12 DEB
1 27976U 88085W   03302.31076952 +.00096658 +00000-0 +25782-0 0  9999
2 27976 065.6237 210.4501 5695363 077.8217 337.6578 04.28198865004378
0 SL-12 DEB
1 27976U 88085W   03310.21832620  .00155535  00000-0  31659+0 0  9998
2 27976 065.6297 207.5714 5694637 077.2930 337.8832 04.31243972  4702
0 SL-12 DEB
1 27976U 88085W   03317.90296762 +.00170629 +00000-0 +26890-0 0  9995
2 27976 065.5988 204.7723 5697461 076.7294 055.5414 04.33450322005041
0 SL-12 DEB
1 27976U 88085W   03319.00642122 +.00173141 +00000-0 +27105-0 0  9995
2 27976 065.6272 204.3658 5695258 076.6588 338.1709 04.33837613005092
0 SL-12 DEB
1 27976U 88085W   03322.68645421 +.00249856 +00000-0 +34082-0 0  9997
2 27976 065.6128 203.0024 5691737 076.4607 338.2086 04.35700113005256
0 SL-12 DEB
1 27976U 88085W   03323.83322308 +.00261304 +00000-0 +34497-0 0  9993
2 27976 065.6135 202.5451 5689565 076.4800 338.3028 04.36331531005301
0 SL-12 DEB
1 27976U 88085W   03324.29138951 +.00267628 +00000-0 +35572-0 0  9993
2 27976 065.6253 202.3663 5687365 076.4022 338.2373 04.36588391005329
0 SL-12 DEB
1 27976U 88085W   03324.29140448  .00276303  00000-0  35565+0 0  9998
2 27976 065.6342 202.3743 5689378 076.3194 338.2832 04.36601285  5320
0 SL-12 DEB
1 27976U 88085W   03324.74912251  .00325457  00000-0  46790+0 0  9994
2 27976 065.6498 202.1761 5679507 076.6207 338.0792 04.36976409  5349
0 SL-12 DEB
1 27976U 88085W   03334.85392046 +.01006637 +00000-0 +82024-0 0  9999
2 27976 065.6098 198.2529 5601530 075.6599 341.4286 04.53833855005786
0 SL-12 DEB
1 27976U 88085W   03335.95074148 +.01062999 +00000-0 +80163-0 0  9996
2 27976 065.6181 197.8054 5587719 075.5415 339.6887 04.56593065005836
0 SL-12 DEB
1 27976U 88085W   03337.04183925 +.00960395 +00000-0 +73149-0 0  9994
2 27976 065.6024 197.3463 5573313 075.5089 337.2068 04.58670841005883
0 SL-12 DEB
1 27976U 88085W   03338.12973015 +.00842404 +00000-0 +57853-0 0  9995
2 27976 065.6074 196.8999 5567667 075.4145 336.8274 04.60433293005934
0 SL-12 DEB
1 27976U 88085W   03339.64631219 +.00808238 +00000-0 +58247-0 0  9995
2 27976 065.6117 196.2821 5548981 075.3216 337.0112 04.62830227006009
0 SL-12 DEB
1 27976U 88085W   03342.01349040 +.00657975 +00000-0 +40358-0 0  9992
2 27976 065.5841 195.2800 5528448 075.1480 344.7549 04.67353551006111
0 SL-12 DEB
1 27976U 88085W   03343.07744059 +.00442108 +00000-0 +25253-0 0  9995
2 27976 065.6361 194.7431 5526850 075.1625 336.2599 04.68205894006162
0 SL-12 DEB
1 27976U 88085W   03343.93182071  .00620240  00000-0  32965+0 0  9992
2 27976 065.6502 194.3606 5522461 074.6707 338.8770 04.69484136  6201
0 SL-12 DEB
1 27976U 88085W   03344.56958029 +.00660351 +00000-0 +32458-0 0  9991
2 27976 065.5924 194.0900 5521230 074.6994 337.5357 04.70321042006231
0 SL-12 DEB
1 27976U 88085W   03344.99464926  .00596861  00000-0  29329+0 0  9992
2 27976 065.5950 193.8652 5518515 074.7870 337.4716 04.70738827  6250
0 SL-12 DEB
1 27976U 88085W   03345.63151171 +.00652767 +00000-0 +32468-0 0  9996
2 27976 065.5784 193.6292 5512286 074.7728 337.7312 04.71592253006284
0 SL-12 DEB
1 27976U 88085W   03346.05526442  .00647199  00000-0  33171+0 0  9994
2 27976 065.5959 193.4262 5507143 074.8556 337.5106 04.72129762  6303
0 SL-12 DEB
1 27976U 88085W   03346.69011650 +.00610111 +00000-0 +28951-0 0  9999
2 27976 065.5843 193.1955 5506533 074.6747 337.3578 04.72861617006339
0 SL-12 DEB
1 27976U 88085W   03347.11296862  .00643336  00000-0  29890+0 0  9994
2 27976 065.6088 193.0255 5503877 074.7654 337.6275 04.73442178  6356
0 SL-12 DEB
1 27976U 88085W   03347.74600733 +.00670321 +00000-0 +31496-0 0  9999
2 27976 065.5867 192.7063 5497503 074.7304 337.6634 04.74328533006384
0 SL-12 DEB
1 27976U 88085W   03348.16729538  .00676132  00000-0  31131+0 0  9992
2 27976 065.5629 192.5021 5494822 074.7883 337.4815 04.74906986  6401
0 SL-12 DEB
1 27976U 88085W   03348.58814778 +.00649746 +00000-0 +28775-0 0  9991
2 27976 065.5553 192.3282 5493623 074.6030 337.3395 04.75408633006426
0 SL-12 DEB
1 27976U 88085W   03349.00869274  .00653105  00000-0  26391+0 0  9995
2 27976 065.5801 192.0847 5494778 074.5555 337.5424 04.75966815  6447
0 SL-12 DEB
1 27976U 88085W   03349.63843452 +.00709760 +00000-0 +31928-0 0  9996
2 27976 065.6338 191.7977 5482900 074.6526 337.7622 04.76930621006478
0 SL-12 DEB
1 27976U 88085W   03350.05730998 +.00761513 +00000-0 +32352-0 0  9990
2 27976 065.5426 191.6267 5481290 074.7380 337.5934 04.77644340006493
0 SL-12 DEB
1 27976U 88085W   03350.89370315  .00735082  00000-0  29594+0 0  9990
2 27976 065.5643 191.2830 5476430 074.5180 337.4696 04.78824813  6537
0 SL-12 DEB
1 27976U 88085W   03351.10221008 +.00676071 +00000-0 +28046-0 0  9993
2 27976 065.5469 191.1520 5473499 074.7386 336.8884 04.79037950006542
0 SL-12 DEB
1 27976U 88085W   03352.56020200  .00733189  00000-0  27571+0 0  9990
2 27976 065.5337 190.4766 5464188 074.4639 337.4027 04.81260727  6621
0 SL-12 DEB
1 27976U 88085W   03352.76775966  .00954867  00000-0  34890+0 0  9998
2 27976 065.5455 190.3645 5461788 074.4768 337.3847 04.81859027  6630
0 SL-12 DEB
1 27976U 88085W   03352.97621623 +.00833333 +00000-0 +30565-0 0  9991
2 27976 065.5222 190.2410 5459725 074.5643 339.1527 04.82150220006637
0 SL-12 DEB
1 27976U 88085W   03354.01027665  .00671823  00000-0  23536+0 0  9997
2 27976 065.4914 189.7885 5452957 074.4240 336.6805 04.83559568  6680
0 SL-12 DEB
1 27976U 88085W   03354.63047905 +.00892723 +00000-0 +29966-0 0  9992
2 27976 065.5205 189.4901 5446536 074.3082 338.0790 04.84890979006717
0 SL-12 DEB
1 27976U 88085W   03354.83631975 +.01193169 +00000-0 +39372-0 0  9991
2 27976 065.5141 189.3939 5443036 074.3223 337.7046 04.85568481006727
0 SL-12 DEB
1 27976U 88085W   03358.91385384 +.01759095 +00000-0 +66251-0 0  9996
2 27976 065.4918 187.4723 5339461 074.0348 020.1669 05.00677875006921
0 SL-12 DEB
1 27976U 88085W   03360.88477607 +.00677568 +00000-0 +17717-0 0  9991
2 27976 065.4423 186.3927 5345394 073.9224 336.6884 05.02667354007028
0 SL-12 DEB
1 27976U 88085W   03361.67966152 +.00710621 +00000-0 +19069-0 0  9997
2 27976 065.4470 185.9494 5336722 073.9869 336.8463 05.03838255007064
0 SL-12 DEB
1 27976U 88085W   04001.60706381 +.01423089 +00000-0 +37990-0 0  9991
2 27976 065.4071 183.4297 5232774 073.5083 074.9288 05.20380204007319
0 SL-12 DEB
1 27976U 88085W   04002.89482439  .01142674  00000-0  29791+0 0  9995
2 27976 065.3917 182.7202 5213021 073.4152 335.8765 05.23726040  7375
0 SL-12 DEB
1 27976U 88085W   04003.65730126 +.01143167 +00000-0 +30244-0 0  9993
2 27976 065.3925 182.3381 5201369 073.3452 335.8611 05.25470426007424
0 SL-12 DEB
1 27976U 88085W   04004.03758092  .01214766  00000-0  33680+0 0  9998
2 27976 065.4410 182.0351 5192783 073.4441 335.9524 05.26458090  7435
0 SL-12 DEB
1 27976U 88085W   04004.60654424 +.01161196 +00000-0 +31420-0 0  9994
2 27976 065.4503 181.7212 5186251 073.5081 335.4083 05.27705648007467
0 SL-12 DEB
1 27976U 88085W   04007.99865639  .01259794  00000-0  36826+0 0  9997
2 27976 065.3733 180.0313 5141190 073.1748 335.5307 05.34276588  7659
0 SL-12 DEB
1 27976U 88085W   04011.72506008 +.00733609 +00000-0 +22292-0 0  9999
2 27976 065.3266 177.9951 5099846 072.6721 344.8543 05.40587991007844
0 SL-12 DEB
1 27976U 88085W   04012.45944681 +.00710802 +00000-0 +21886-0 0  9991
2 27976 065.3231 177.6078 5092835 072.7612 335.3015 05.41599863007889
0 SL-12 DEB
1 27976U 88085W   04013.56591579 +.00596830 +00000-0 +19632-0 0  9997
2 27976 065.3321 177.0208 5081496 072.5474 334.9532 05.42830499007943
0 SL-12 DEB
1 27976U 88085W   04014.66980062 +.00652051 +00000-0 +22400-0 0  9993
2 27976 065.2918 176.3694 5069607 072.6981 335.2644 05.44346118008007
0 SL-12 DEB
1 27976U 88085W   04015.22049111  .00642472  00000-0  22520+0 0  9995
2 27976 065.3006 176.0899 5064093 072.5559 335.1397 05.45046604  8039
0 SL-12 DEB
1 27976U 88085W   04015.58728757 +.00671356 +00000-0 +23491-0 0  9996
2 27976 065.2666 175.9141 5060842 072.6619 335.2494 05.45586536008058
0 SL-12 DEB
1 27976U 88085W   04015.95361894  .00739615  00000-0  25378+0 0  9990
2 27976 065.3021 175.7121 5058150 072.4103 335.3193 05.46201898  8070
0 SL-12 DEB
1 27976U 88085W   04016.50238767 +.00762416 +00000-0 +26895-0 0  9995
2 27976 065.2990 175.3938 5051151 072.4193 335.2901 05.47071261008109
0 SL-12 DEB
1 27976U 88085W   04016.86770225  .00767292  00000-0  27234+0 0  9998
2 27976 065.2809 175.1947 5047266 072.4586 335.1290 05.47639779  8120
0 SL-12 DEB
1 27976U 88085W   04017.59732894 +.00761714 +00000-0 +28839-0 0  9995
2 27976 065.2945 174.8252 5036598 072.4430 335.0257 05.48746018008162
0 SL-12 DEB
1 27976U 88085W   04017.96159989  .00628027  00000-0  23518+0 0  9991
2 27976 065.2847 174.5968 5035304 072.1265 334.8211 05.49058605  8189
0 SL-12 DEB
1 27976U 88085W   04018.50781109 +.00560250 +00000-0 +20668-0 0  9994
2 27976 065.2844 174.2982 5032795 072.2156 334.8602 05.49606003008219
0 SL-12 DEB
1 27976U 88085W   04018.87168763  .00533464  00000-0  20321+0 0  9991
2 27976 065.2843 174.1041 5028634 072.1619 335.0482 05.49969653  8237
0 SL-12 DEB
1 27976U 88085W   04019.59850040 +.00538048 +00000-0 +21458-0 0  9993
2 27976 065.2903 173.7122 5020985 072.1383 335.0915 05.50757175008279
0 SL-12 DEB
1 27976U 88085W   04019.96147742  .00531410  00000-0  21241+0 0  9997
2 27976 065.2770 173.5017 5018496 072.0766 335.0315 05.51136147  8297
0 SL-12 DEB
1 27976U 88085W   04020.50552474 +.00572357 +00000-0 +24647-0 0  9990
2 27976 065.2808 173.2037 5009627 072.0730 335.2871 05.51827897008327
0 SL-12 DEB
1 27976U 88085W   04021.59134269 +.00559254 +00000-0 +25207-0 0  9992
2 27976 065.2665 172.5978 4999198 072.1411 334.7273 05.53046556008384
0 SL-12 DEB
1 27976U 88085W   04022.85622344  .00550003  00000-0  23805+0 0  9992
2 27976 065.2772 171.8781 4994930 072.2156 334.8459 05.54139421  8453
0 SL-12 DEB
1 27976U 88085W   04025.73280300  .00396745  00000-0  20819+0 0  9997
2 27976 065.2375 170.2689 4964429 071.5375 332.3497 05.57052577  8619
0 SL-12 DEB
1 27976U 88085W   04026.45176974 +.00335852 +00000-0 +17814-0 0  9992
2 27976 065.2677 169.8585 4961130 071.5275 334.5846 05.57467129008657
0 SL-12 DEB
1 27976U 88085W   04028.42279065  .00179667  00000-0  97529-1 0  9998
2 27976 065.2434 168.8158 4955687 071.5024 332.0479 05.58089120  8764
0 SL-12 DEB
1 27976U 88085W   04028.78251404 +.00189029 +00000-0 +10943-0 0  9991
2 27976 065.2187 168.5972 4950333 071.2400 334.9588 05.58247844008781
0 SL-12 DEB
1 27976U 88085W   04029.31980725  .00137796  00000-0  80697-1 0  9994
2 27976 065.2222 168.3016 4948677 071.2184 334.8719 05.58384292  8813
0 SL-12 DEB
1 27976U 88085W   04029.49888248  .00195723  00000-0  10958+0 0  9995
2 27976 065.2423 168.1838 4950805 071.2083 334.9909 05.58537585  8839
0 SL-12 DEB
1 27976U 88085W   04029.49892217 +.00100489 +00000-0 +60458-1 0  9993
2 27976 065.2229 168.1994 4946814 071.2172 334.8832 05.58381685008821
0 SL-12 DEB
1 27976U 88085W   04029.49895161  .00098213  00000-0  59477-1 0  9994
2 27976 065.2405 168.1924 4946398 071.2422 334.9378 05.58380394  8838
0 SL-12 DEB
1 27976U 88085W   04029.85710206  .00094491  00000-0  57011-1 0  9996
2 27976 065.2209 168.0018 4946230 071.1384 334.9378 05.58442997  8843
0 SL-12 DEB
1 27976U 88085W   04029.85710763  .00136798  00000-0  82473-1 0  9991
2 27976 065.2341 168.0047 4945961 071.1199 334.9944 05.58500294  8851
0 SL-12 DEB
1 27976U 88085W   04030.57331200 +.00085364 +00000-0 +51747-1 0  9999
2 27976 065.2202 167.6095 4945211 071.1261 334.9065 05.58552905008886
0 SL-12 DEB
1 27976U 88085W   04030.75236789  .00096519  00000-0  59648-1 0  9997
2 27976 065.2003 167.5047 4943516 070.9670 335.0589 05.58610922  8896
0 SL-12 DEB
1 27976U 88085W   04031.64729879 +.00136024 +00000-0 +95322-1 0  9998
2 27976 065.2123 166.9930 4932627 071.0040 335.3733 05.58926733008947
0 SL-12 DEB
1 27976U 88085W   04032.18375127  .00129309  00000-0  91198-1 0  9996
2 27976 065.2101 166.6813 4931346 070.9657 334.9064 05.59057515  8978
0 SL-12 DEB
1 27976U 88085W   04032.54148038 +.00117907 +00000-0 +86206-1 0  9990
2 27976 065.2181 166.4796 4928311 070.9901 334.8773 05.59122757008993
0 SL-12 DEB
1 27976U 88085W   04032.89916741  .00101673  00000-0  76178-1 0  9992
2 27976 065.1985 166.2718 4926165 070.8270 334.9026 05.59177610  9013
0 SL-12 DEB
1 27976U 88085W   04033.79322863 +.00081751 +00000-0 +63244-1 0  9992
2 27976 065.1925 165.7692 4922977 070.7946 334.8581 05.59308180009066
0 SL-12 DEB
1 27976U 88085W   04034.32961327  .00069757  00000-0  56915-1 0  9995
2 27976 065.1945 165.5019 4918597 070.7484 334.9205 05.59369706  9097
0 SL-12 DEB
1 27976U 88085W   04034.50839046 +.00074917 +00000-0 +62509-1 0  9997
2 27976 065.1967 165.3934 4916675 070.7323 334.9601 05.59405753009107
0 SL-12 DEB
1 27976U 88085W   04034.86588356  .00095571  00000-0  80839-1 0  9996
2 27976 065.1808 165.1971 4915083 070.6474 334.9930 05.59494409  9121
0 SL-12 DEB
1 27976U 88085W   04035.58071793 +.00077355 +00000-0 +68762-1 0  9999
2 27976 065.2235 164.7994 4910716 070.6559 334.8483 05.59580788009160
0 SL-12 DEB
1 27976U 88085W   04036.29551325  .00044622  00000-0  40037-1 0  9998
2 27976 065.1931 164.3912 4909842 070.5437 334.7801 05.59604087  9207
0 SL-12 DEB
1 27976U 88085W   04036.47430381 +.00034684 +00000-0 +32005-1 0  9999
2 27976 065.1768 164.2929 4907731 070.6382 334.8690 05.59590594009212
0 SL-12 DEB
1 27976U 88085W   04037.18911027  .00024390  00000-0  23160-1 0  9994
2 27976 065.1593 163.9074 4905314 070.4924 334.9075 05.59613449  9257
0 SL-12 DEB
1 27976U 88085W   04037.54651936  .00027647  00000-0  26608-1 0  9992
2 27976 065.1889 163.7102 4904086 070.5440 334.9518 05.59638760  9282
0 SL-12 DEB
1 27976U 88085W   04037.54652589 +.00026152 +00000-0 +25821-1 0  9993
2 27976 065.1761 163.7135 4902083 070.5036 334.9635 05.59632526009276
0 SL-12 DEB
1 27976U 88085W   04037.72519945  .00026337  00000-0  26338-1 0  9990
2 27976 065.1678 163.5999 4901003 070.4217 334.9555 05.59640512  9286
0 SL-12 DEB
1 27976U 88085W   04038.61861179 +.00031653 +00000-0 +33148-1 0  9992
2 27976 065.1595 163.1064 4896887 070.3447 335.0170 05.59698054009335
0 SL-12 DEB
1 27976U 88085W   04039.33324396  .00027498  00000-0  29487-1 0  9990
2 27976 065.1594 162.7170 4894669 070.3116 334.9846 05.59735654  9376
0 SL-12 DEB
1 27976U 88085W   04039.69054998 +.00025402 +00000-0 +28244-1 0  9990
2 27976 065.1493 162.5154 4891596 070.3160 334.9520 05.59745676009395
0 SL-12 DEB
1 27976U 88085W   04040.22650292  .00020038  00000-0  22845-1 0  9991
2 27976 065.1429 162.2257 4889353 070.1000 334.9955 05.59759333  9425
0 SL-12 DEB
1 27976U 88085W   04040.40517502 +.00022800 +00000-0 +26742-1 0  9996
2 27976 065.1569 162.1423 4886915 070.1534 335.0293 05.59772244009431
0 SL-12 DEB
1 27976U 88085W   04041.29836244 +.00019489 +00000-0 +24471-1 0  9997
2 27976 065.1684 161.6737 4880831 069.9630 335.0622 05.59807967009487
0 SL-12 DEB
1 27976U 88085W   04042.37012940  .00026609  00000-0  35344-1 0  9999
2 27976 065.1413 161.0712 4875666 069.8262 335.1330 05.59866758  9541
0 SL-12 DEB
1 27976U 88085W   04042.72732861 +.00023900 +00000-0 +32685-1 0  9995
2 27976 065.1458 160.8838 4873023 069.8203 335.0642 05.59878258009561
0 SL-12 DEB
1 27976U 88085W   04043.26315331  .00035585  00000-0  49403-1 0  9992
2 27976 065.1568 160.6011 4871410 069.6555 335.1924 05.59936694  9596
0 SL-12 DEB
1 27976U 88085W   04043.79888580 +.00062726 +00000-0 +88733-1 0  9997
2 27976 065.1546 160.3063 4869215 069.6701 335.2176 05.60031692009629
0 SL-12 DEB
1 27976U 88085W   04043.79889953  .00033785  00000-0  46541-1 0  9996
2 27976 065.1438 160.2744 4871979 069.6280 335.1712 05.59970993  9625
0 SL-12 DEB
1 27976U 88085W   04044.33448826  .00067940  00000-0  97509-1 0  9997
2 27976 065.1420 160.0200 4867406 069.6942 335.1453 05.60115955  9652
0 SL-12 DEB
1 27976U 88085W   04044.69151260 +.00048437 +00000-0 +73026-1 0  9997
2 27976 065.1450 159.8237 4862966 069.6124 335.0370 05.60117787009673
0 SL-12 DEB
1 27976U 88085W   04045.22711977  .00038506  00000-0  57815-1 0  9998
2 27976 065.1403 159.5381 4863145 069.5490 335.0711 05.60147604  9707
0 SL-12 DEB
1 27976U 88085W   04045.58418612 +.00029779 +00000-0 +45228-1 0  9994
2 27976 065.1412 159.3467 4862015 069.5326 335.1070 05.60161375009725
0 SL-12 DEB
1 27976U 88085W   04046.65526560 +.00027873 +00000-0 +43234-1 0  9993
2 27976 065.1428 158.7742 4859792 069.4625 335.1305 05.60218000009785
0 SL-12 DEB
1 27976U 88085W   04047.19076389  .00025512  00000-0  39666-1 0  9994
2 27976 065.1432 158.4864 4859447 069.3828 335.1471 05.60241888  9811
0 SL-12 DEB
1 27976U 88085W   04047.54776014 +.00025525 +00000-0 +39666-1 0  9999
2 27976 065.1432 158.2954 4859391 069.3556 335.1751 05.60260107009833
0 SL-12 DEB
1 27976U 88085W   04048.26170246  .00016867  00000-0  26634-1 0  9994
2 27976 065.1437 157.9193 4857897 069.3028 335.1415 05.60271683  9874
0 SL-12 DEB
1 27976U 88085W   04048.44021315 +.00014818 +00000-0 +23538-1 0  9990
2 27976 065.1418 157.8170 4857357 069.2940 335.1886 05.60273159009883
0 SL-12 DEB
1 27976U 88085W   04049.33263001  .00012078  00000-0  19255-1 0  9996
2 27976 065.1401 157.3476 4856943 069.2251 335.2049 05.60291764  9934
0 SL-12 DEB
1 27976U 88085W   04049.68959879 +.00010288 +00000-0 +16556-1 0  9991
2 27976 065.1406 157.1470 4856062 069.1757 335.2352 05.60295847009958
0 SL-12 DEB
1 27976U 88085W   04050.58199499  .00010947  00000-0  17802-1 0  9993
2 27976 065.1536 156.6658 4854814 069.1309 335.2813 05.60315371 10005
0 SL-12 DEB
1 27976U 88085W   04050.76046215 +.00008392 +00000-0 +13702-1 0  9996
2 27976 065.1409 156.5729 4854594 069.0681 335.2824 05.60313261010018
0 SL-12 DEB
1 27976U 88085W   04051.65284095 +.00001112 +00000-0 +18333-2 0  9994
2 27976 065.1369 156.0895 4853681 069.0264 335.2990 05.60308645010064
0 SL-12 DEB
1 27976U 88085W   04052.72369809 +.00000621 +00000-0 +10267-2 0  9992
2 27976 065.1381 155.5238 4851848 068.9115 335.3586 05.60310377010123
0 SL-12 DEB
1 27976U 88085W   04053.25912109  .00000073  00000-0  10000-3 0  9995
2 27976 065.1394 155.2378 4851166 068.8643 335.3689 05.60308882 10152
0 SL-12 DEB
1 27976U 88085W   04053.61607423 +.00000075 +00000-0 +10000-3 0  9997
2 27976 065.1400 155.0467 4850099 068.8336 335.3794 05.60307153010179
0 SL-12 DEB
1 27976U 88085W   04055.57931856 +.00000077 +00000-0 +10000-3 0  9996
2 27976 065.1300 153.9804 4845028 068.6633 335.4481 05.60302611010284
0 SL-12 DEB
1 27976U 88085W   04056.29322135 +.00000077 +00000-0 +10694-3 0  9999
2 27976 065.1227 153.5928 4843004 068.6252 335.4463 05.60301074010321
0 SL-12 DEB
1 27976U 88085W   04057.36408587  .00000061  00000-0  10000-3 0  9998
2 27976 065.1402 153.0074 4835781 068.5168 335.4209 05.60289518 10383
0 SL-12 DEB
1 27976U 88085W   04057.54257393 +.00000059 +00000-0 +10000-3 0  9992
2 27976 065.1105 152.9037 4834060 068.5382 335.4159 05.60284959010396
0 SL-12 DEB
1 27976U 88085W   04057.54258022 -.00001471  00000-0  00000+0 0  9997
2 27976 065.1504 152.9304 4837955 068.6309 335.4183 05.60288440 10398
0 SL-12 DEB
1 27976U 88085W   04058.25650518 +.00000053 +00000-0 +10000-3 0  9991
2 27976 065.0968 152.4950 4834082 068.4149 335.4045 05.60271751010430
0 SL-12 DEB
1 27976U 88085W   04061.29082896 +.00000029 +00000-0 +10000-3 0  9990
2 27976 065.1323 150.9783 4810992 067.9678 334.1192 05.60100879010608
0 SL-12 DEB
1 27976U 88085W   04064.68382931 -.00008642  00000-0 -30095-1 0  9994
2 27976 065.1234 149.1749 4779865 067.4486 332.6924 05.59783626 10797
0 SL-12 DEB
1 27976U 88085W   04065.39983140 -.00010249  00000-0 -37081-1 0  9990
2 27976 065.1492 148.8131 4775638 067.3996 335.5526 05.59762171 10830
0 SL-12 DEB
1 27976U 88085W   04065.93578666 -.00043167 +00000-0 -15585-0 0  9992
2 27976 065.1381 148.5199 4776351 067.2176 335.5080 05.59679968010869
0 SL-12 DEB
1 27976U 88085W   04066.29321832 -.00035020  00000-0 -12920+0 0  9991
2 27976 065.1376 148.3340 4773904 067.2727 335.6810 05.59671538 10881
0 SL-12 DEB
1 27976U 88085W   04066.65054644 -.00023677 +00000-0 -89441-1 0  9994
2 27976 065.1239 148.1501 4771203 067.1905 335.6581 05.59666582010904
0 SL-12 DEB
1 27976U 88085W   04067.36527632 -.00017048  00000-0 -66113-1 0  9991
2 27976 065.1339 147.7835 4768300 067.1574 335.6700 05.59644674 10941
0 SL-12 DEB
1 27976U 88085W   04067.72263260 -.00018627 +00000-0 -72446-1 0  9995
2 27976 065.1329 147.5999 4768057 067.0495 335.6571 05.59629327010965
0 SL-12 DEB
1 27976U 88085W   04068.08003110 -.00015020  00000-0 -58857-1 0  9995
2 27976 065.1302 147.4223 4767226 067.0145 335.7085 05.59625122 10986
0 SL-12 DEB
1 27976U 88085W   04068.43741190 -.00015621 +00000-0 -63173-1 0  9995
2 27976 065.1435 147.2375 4763560 067.1048 335.6595 05.59611827011005
0 SL-12 DEB
1 27976U 88085W   04068.79479137 -.00020599  00000-0 -84352-1 0  9995
2 27976 065.1464 147.0531 4762167 066.9496 335.6583 05.59590877 11025
0 SL-12 DEB
1 27976U 88085W   04069.33092980 -.00013790  00000-0 -57388-1 0  9997
2 27976 065.1535 146.7661 4760307 066.9708 335.7250 05.59586562 11055
0 SL-12 DEB
1 27976U 88085W   04069.68831359 -.00015490 +00000-0 -64756-1 0  9992
2 27976 065.1473 146.5836 4759831 066.8838 335.6804 05.59571537011073
0 SL-12 DEB
1 27976U 88085W   04070.40318274 -.00020326  00000-0 -86775-1 0  9999
2 27976 065.1428 146.2243 4757469 066.8788 335.6885 05.59537024 11118
0 SL-12 DEB
1 27976U 88085W   04070.76062946 -.00019129 +00000-0 -82421-1 0  9993
2 27976 065.1493 146.0477 4756421 066.7252 335.7442 05.59525633011134
0 SL-12 DEB
1 27976U 88085W   04071.29681965 -.00008439  00000-0 -37122-1 0  9990
2 27976 065.1485 145.7730 4753904 066.7359 335.8161 05.59533768 11164
0 SL-12 DEB
1 27976U 88085W   04071.65422282 -.00009098 +00000-0 -40411-1 0  9992
2 27976 065.1437 145.5885 4752722 066.6486 335.7526 05.59525224011181
0 SL-12 DEB
1 27976U 88085W   04071.65425598 -.00012519  00000-0  00000+0 0  9994
2 27976 065.1609 145.5802 4754731 066.5706 335.8338 05.59518061 11180
0 SL-12 DEB
1 27976U 88085W   04072.19040777 -.00003858  00000-0 -17282-1 0  9995
2 27976 065.1437 145.3071 4751673 066.5881 335.8155 05.59530012 11212
0 SL-12 DEB
1 27976U 88085W   04072.54783873 -.00005181  00000-0 -23886-1 0  9993
2 27976 065.1512 145.1209 4748117 066.5765 335.7581 05.59518118 11234
0 SL-12 DEB
1 27976U 88085W   04072.72656681 -.00008562 +00000-0 -39502-1 0  9997
2 27976 065.1529 145.0288 4748032 066.5068 335.7771 05.59510869011247
0 SL-12 DEB
1 27976U 88085W   04073.26276896 -.00009255  00000-0 -43240-1 0  9997
2 27976 065.1537 144.7580 4746500 066.4910 335.7964 05.59499607 11273
0 SL-12 DEB
1 27976U 88085W   04073.62023378 -.00012892 +00000-0 -61129-1 0  9999
2 27976 065.1550 144.5831 4744740 066.4257 335.7993 05.59485056011290
0 SL-12 DEB
1 27976U 88085W   04073.97771639 -.00015320  00000-0 -73394-1 0  9993
2 27976 065.1593 144.4021 4743533 066.3884 335.8159 05.59471689 11316
0 SL-12 DEB
1 27976U 88085W   04074.33520433 -.00017261  00000-0 -84212-1 0  9995
2 27976 065.1625 144.2175 4741357 066.3885 335.8018 05.59453694 11335
0 SL-12 DEB
1 27976U 88085W   04074.69270345 -.00025310 +00000-0 -12360-0 0  9996
2 27976 065.1629 144.0322 4741435 066.2658 335.8203 05.59425722011354
0 SL-12 DEB
1 27976U 88085W   04075.05024290 -.00022335  00000-0 -10949+0 0  9997
2 27976 065.1597 143.8496 4741014 066.2375 335.8871 05.59415642 11379
0 SL-12 DEB
1 27976U 88085W   04075.40776026 -.00019809  00000-0 -10021+0 0  9990
2 27976 065.1609 143.6827 4737066 066.3295 335.8618 05.59406784 11391
0 SL-12 DEB
1 27976U 88085W   04075.58649196 -.00019990 +00000-0 -10128-0 0  9996
2 27976 065.1601 143.5910 4736929 066.2833 335.8110 05.59399138011402
0 SL-12 DEB
1 27976U 88085W   04076.12280451 -.00017955  00000-0 -92371-1 0  9992
2 27976 065.1762 143.3106 4735075 066.1858 335.8766 05.59383717 11438
0 SL-12 DEB
1 27976U 88085W   04076.65911583 -.00015139 +00000-0 -79850-1 0  9996
2 27976 065.1834 143.0676 4731967 066.0560 335.9049 05.59368940011461
0 SL-12 DEB
1 27976U 88085W   04077.37422944 -.00010556  00000-0 -57538-1 0  9991
2 27976 065.1989 142.7312 4727777 066.0536 335.9387 05.59360003 11504
0 SL-12 DEB
1 27976U 88085W   04077.73175472 -.00015545 +00000-0 -84864-1 0  9997
2 27976 065.1995 142.5473 4727724 065.9664 335.8894 05.59342726011525
0 SL-12 DEB
1 27976U 88085W   04077.91055067 -.00007047  00000-0 -38562-1 0  9996
2 27976 065.1976 142.4540 4727311 065.9392 335.9613 05.59358308 11532
0 SL-12 DEB
1 27976U 88085W   04078.62563427 -.00000492  00000-0 -27535-2 0  9995
2 27976 065.1938 142.0876 4725021 065.8414 335.9512 05.59364302 11571
0 SL-12 DEB
1 27976U 88085W   04078.62563588 -.00000821 +00000-0 -45819-2 0  9994
2 27976 065.1950 142.0848 4725152 065.8667 335.9469 05.59364185011579
0 SL-12 DEB
1 27976U 88085W   04079.34074802 -.00000568  00000-0 -32235-2 0  9996
2 27976 065.2020 141.7358 4723972 065.7551 335.9931 05.59363095 11617
0 SL-12 DEB
1 27976U 88085W   04079.69830416 -.00000262 +00000-0 -15233-2 0  9995
2 27976 065.2061 141.5564 4723566 065.6515 336.0326 05.59363326011636
0 SL-12 DEB
1 27976U 88085W   04083.63142990 +.00006651 +00000-0 +38535-1 0  9992
2 27976 065.2269 139.5784 4719281 065.2165 336.6862 05.59418887011851
0 SL-12 DEB
1 27976U 88085W   04084.34622670  .00006880  00000-0  40155-1 0  9994
2 27976 065.2314 139.2197 4718294 065.1535 336.2459 05.59430405 11892
0 SL-12 DEB
1 27976U 88085W   04084.88249131 +.00005617 +00000-0 +32792-1 0  9995
2 27976 065.2302 138.9433 4718273 065.0939 336.2656 05.59435134011929
0 SL-12 DEB
1 27976U 88085W   04085.59750625 +.00006145 +00000-0 +35918-1 0  9999
2 27976 065.2275 138.5745 4718107 065.0302 336.2992 05.59444424011969
0 SL-12 DEB
1 27976U 88085W   04086.67000767 +.00004839 +00000-0 +28310-1 0  9990
2 27976 065.2338 138.0293 4717997 064.9287 336.3405 05.59453786012027
0 SL-12 DEB
1 27976U 88085W   04087.02750650  .00007206  00000-0  42203-1 0  9991
2 27976 065.2353 137.8477 4717755 064.8882 336.3752 05.59463446 12048
0 SL-12 DEB
1 27976U 88085W   04087.56373354 +.00008464 +00000-0 +49754-1 0  9997
2 27976 065.2385 137.5813 4717187 064.8478 336.3876 05.59474460012072
0 SL-12 DEB
1 27976U 88085W   04088.63616233 +.00007535 +00000-0 +44353-1 0  9990
2 27976 065.2397 137.0344 4716842 064.7358 336.4237 05.59491578012130
0 SL-12 DEB
1 27976U 88085W   04089.17237097  .00011383  00000-0  67108-1 0  9996
2 27976 065.2404 136.7627 4716484 064.6889 336.4775 05.59511179 12169
0 SL-12 DEB
1 27976U 88085W   04089.52981478 +.00011391 +00000-0 +67108-1 0  9993
2 27976 065.2404 136.5793 4716500 064.6617 336.4610 05.59519317012181
0 SL-12 DEB
1 27976U 88085W   04089.88726837  .00008041  00000-0  47177-1 0  9990
2 27976 065.2431 136.4009 4716991 064.6016 336.4729 05.59519983 12200
0 SL-12 DEB
1 27976U 88085W   04090.60218999 +.00003495 +00000-0 +20486-1 0  9999
2 27976 065.2435 136.0338 4716826 064.5553 336.5156 05.59521554012243
0 SL-12 DEB
1 27976U 88085W   04091.49579401  .00005339  00000-0  31583-1 0  9994
2 27976 065.2454 135.5763 4715469 064.4763 336.5417 05.59539087 12299
0 SL-12 DEB
1 27976U 88085W   04091.85323934 +.00006476 +00000-0 +38306-1 0  9995
2 27976 065.2472 135.3964 4715456 064.4387 336.5701 05.59545833012313
0 SL-12 DEB
1 27976U 88085W   04092.56810664 +.00006139 +00000-0 +36423-1 0  9999
2 27976 065.2488 135.0310 4714878 064.3901 336.5858 05.59554906012358
0 SL-12 DEB
1 27976U 88085W   04093.81911560 +.00006219 +00000-0 +36909-1 0  9993
2 27976 065.2548 134.3978 4714618 064.2895 336.6424 05.59568605012429
0 SL-12 DEB
1 27976U 88085W   04094.35525069 +.00005303 +00000-0 +31591-1 0  9993
2 27976 065.2545 134.1262 4713925 064.2621 336.6503 05.59571673012457
0 SL-12 DEB
1 27976U 88085W   04095.60620683 +.00010096 +00000-0 +60366-1 0  9997
2 27976 065.2594 133.4902 4713609 064.1373 336.7108 05.59595947012526
0 SL-12 DEB
1 27976U 88085W   04096.85707896 +.00009522 +00000-0 +57209-1 0  9991
2 27976 065.2606 132.8487 4712757 064.0095 336.7626 05.59627250012599
0 SL-12 DEB
1 27976U 88085W   04097.57183981 +.00009148 +00000-0 +55027-1 0  9994
2 27976 065.2585 132.4818 4712533 063.9638 336.7745 05.59639732012637
0 SL-12 DEB
1 27976U 88085W   04098.10790250  .00012442  00000-0  75124-1 0  9998
2 27976 065.2576 132.2149 4712040 063.9228 336.8119 05.59658895 12660
0 SL-12 DEB
1 27976U 88085W   04098.64395273  .00010845  00000-0  65697-1 0  9992
2 27976 065.2677 131.9314 4711754 063.8693 336.8334 05.59666444 12699
0 SL-12 DEB
1 27976U 88085W   04098.82261317 +.00009111 +00000-0 +55257-1 0  9998
2 27976 065.2576 131.8442 4711358 063.8678 336.7924 05.59666939012706
0 SL-12 DEB
1 27976U 88085W   04099.53733413  .00008056  00000-0  49117-1 0  9993
2 27976 065.2559 131.4793 4710614 063.8207 336.8196 05.59676736 12746
0 SL-12 DEB
1 27976U 88085W   04099.89468625 +.00008143 +00000-0 +49692-1 0  9997
2 27976 065.2586 131.2964 4710484 063.7955 336.8302 05.59682931012763
0 SL-12 DEB
1 27976U 88085W   04100.60937851 +.00006672 +00000-0 +40854-1 0  9997
2 27976 065.2666 130.9398 4709992 063.6963 336.8561 05.59691075012800
0 SL-12 DEB
1 27976U 88085W   04101.32405954  .00009668  00000-0  59671-1 0  9996
2 27976 065.2695 130.5832 4708893 063.6569 336.8890 05.59709578 12849
0 SL-12 DEB
1 27976U 88085W   04101.50271948 +.00009241 +00000-0 +57019-1 0  9991
2 27976 065.2697 130.4909 4708913 063.6312 336.8847 05.59712173012852
0 SL-12 DEB
1 27976U 88085W   04102.03871492  .00008398  00000-0  51856-1 0  9995
2 27976 065.2707 130.2180 4708755 063.5840 336.9031 05.59719736 12883
0 SL-12 DEB
1 27976U 88085W   04102.93202507 +.00008356 +00000-0 +51864-1 0  9992
2 27976 065.2742 129.7689 4707932 063.4795 336.9509 05.59734504012939
0 SL-12 DEB
1 27976U 88085W   04103.28934177  .00007936  00000-0  49793-1 0  9997
2 27976 065.2745 129.5894 4706403 063.5067 336.9448 05.59738922 12955
0 SL-12 DEB
1 27976U 88085W   04103.46799082 +.00006613 +00000-0 +41525-1 0  9997
2 27976 065.2748 129.4968 4706249 063.4745 336.9370 05.59739017012960
0 SL-12 DEB
1 27976U 88085W   04104.36126280  .00009628  00000-0  60861-1 0  9994
2 27976 065.2776 129.0508 4705215 063.3906 336.9803 05.59759245 13010
0 SL-12 DEB
1 27976U 88085W   04104.53991164 +.00007794 +00000-0 +49228-1 0  9990
2 27976 065.2781 128.9594 4705247 063.3640 336.9836 05.59759386013022
0 SL-12 DEB
1 27976U 88085W   04105.07586506  .00008818  00000-0  55873-1 0  9991
2 27976 065.2770 128.6875 4704738 063.3323 337.0159 05.59771145 13051
0 SL-12 DEB
1 27976U 88085W   04105.79044290 +.00007282 +00000-0 +46279-1 0  9993
2 27976 065.2815 128.3272 4704131 063.2397 337.0358 05.59779477013097
0 SL-12 DEB
1 27976U 88085W   04106.14773478  .00007942  00000-0  50794-1 0  9990
2 27976 065.2821 128.1462 4703234 063.2400 337.0472 05.59785709 13116
0 SL-12 DEB
1 27976U 88085W   04106.50501401 +.00004586 +00000-0 +29427-1 0  9995
2 27976 065.2840 127.9682 4702416 063.2026 337.0470 05.59785274013130
0 SL-12 DEB
1 27976U 88085W   04107.04094245  .00007227  00000-0  46624-1 0  9991
2 27976 065.2890 127.6981 4701856 063.1518 337.0906 05.59798017 13162
0 SL-12 DEB
1 27976U 88085W   04107.75547809 +.00010000 +00000-0 +64920-1 0  9990
2 27976 065.2968 127.3444 4701032 063.0550 337.1091 05.59813926013208
0 SL-12 DEB
1 27976U 88085W   04108.11274354  .00009537  00000-0  62449-1 0  9990
2 27976 065.2962 127.1721 4699795 063.0445 337.1094 05.59819171 13226
0 SL-12 DEB
1 27976U 88085W   04108.47000356 +.00009431 +00000-0 +62199-1 0  9993
2 27976 065.2956 127.0014 4698762 063.0223 337.1148 05.59825844013246
0 SL-12 DEB
1 27976U 88085W   04109.00588517  .00008155  00000-0  53829-1 0  9995
2 27976 065.2999 126.7329 4698569 062.9599 337.1242 05.59832157 13270
0 SL-12 DEB
1 27976U 88085W   04109.54176715 +.00005576 +00000-0 +36986-1 0  9996
2 27976 065.3010 126.4626 4697687 062.8948 337.1523 05.59836391013309
0 SL-12 DEB
1 27976U 88085W   04110.07764616  .00009648  00000-0  64783-1 0  9999
2 27976 065.3038 126.2002 4696190 062.8688 337.1975 05.59854130 13339
0 SL-12 DEB
1 27976U 88085W   04110.79210273 +.00008817 +00000-0 +59926-1 0  9993
2 27976 065.3203 125.8455 4694468 062.8001 337.1791 05.59864241013379
0 SL-12 DEB
1 27976U 88085W   04111.50656059 +.00008618 +00000-0 +59008-1 0  9999
2 27976 065.3214 125.4912 4693411 062.7209 337.1960 05.59875634013412
0 SL-12 DEB
1 27976U 88085W   04112.39962105  .00005132  00000-0  35635-1 0  9997
2 27976 065.3261 125.0706 4691363 062.6480 337.2098 05.59881400 13461
0 SL-12 DEB
1 27976U 88085W   04112.75684708 +.00004506 +00000-0 +31331-1 0  9990
2 27976 065.3354 124.9009 4691126 062.5626 337.2455 05.59884455013488
0 SL-12 DEB
1 27976U 88085W   04113.47128217  .00007356  00000-0  51474-1 0  9994
2 27976 065.3423 124.5472 4690310 062.4897 337.2833 05.59899287 13522
0 SL-12 DEB
1 27976U 88085W   04113.82849059 +.00007277 +00000-0 +50925-1 0  9999
2 27976 065.3447 124.3665 4690254 062.4582 337.2908 05.59904510013549
0 SL-12 DEB
1 27976U 88085W   04113.82849853  .00006965  00000-0  48810-1 0  9994
2 27976 065.3493 124.3516 4690183 062.4873 337.3008 05.59904220 13549
0 SL-12 DEB
1 27976U 88085W   04114.18569843  .00005870  00000-0  41146-1 0  9991
2 27976 065.3465 124.1890 4689972 062.4221 337.2986 05.59906057 13568
0 SL-12 DEB
1 27976U 88085W   04114.54290862 +.00002534 +00000-0 +17767-1 0  9999
2 27976 065.3571 124.0292 4689606 062.3740 337.3119 05.59904254013588
0 SL-12 DEB
1 27976U 88085W   04115.07872807  .00001259  00000-0  87854-2 0  9991
2 27976 065.3643 123.7810 4689561 062.3191 337.3355 05.59903717 13619
0 SL-12 DEB
1 27976U 88085W   04115.43594404 -.00000014 +00000-0 -18599-3 0  9996
2 27976 065.3730 123.6152 4689020 062.2617 337.3616 05.59901666013639
0 SL-12 DEB
1 27976U 88085W   04115.97176606  .00000145  00000-0  91905-3 0  9990
2 27976  65.3764 123.3528 4689017  62.1960 337.3987  5.59902612 13662
0 SL-12 DEB
1 27976U 88085W   04122.22296585  .00006690  00000-0  45046-1 0  9999
2 27976 065.4111 120.2389 4694352 061.6563 338.7153 05.59989203 14012
0 SL-12 DEB
1 27976U 88085W   04122.40103366 +.00006504 +00000-0 +43770-1 0  9999
2 27976 065.4101 120.1471 4694372 061.6403 337.6941 05.59991244014029
0 SL-12 DEB
1 27976U 88085W   04123.47247677 +.00008226 +00000-0 +55215-1 0  9991
2 27976 065.4143 119.6029 4694844 061.5382 337.7406 05.60011587014084
0 SL-12 DEB
1 27976U 88085W   04124.54388354 +.00008329 +00000-0 +55800-1 0  9992
2 27976 065.4209 119.0753 4695076 061.4466 337.7736 05.60029387014145
0 SL-12 DEB
1 27976U 88085W   04125.43670135 +.00007402 +00000-0 +49507-1 0  9990
2 27976 065.4206 118.6242 4695255 061.3764 337.8053 05.60041762014198
0 SL-12 DEB
1 27976U 88085W   04126.15093825  .00007244  00000-0  48131-1 0  9991
2 27976  65.4234 118.2683 4696172  61.2896 337.8416  5.60053221 14239
0 SL-12 DEB
1 27976U 88085W   04126.86515975 +.00007940 +00000-0 +52744-1 0  9992
2 27976 065.4209 117.9038 4696233 061.2431 337.8631 05.60065715014278
0 SL-12 DEB
1 27976U 88085W   04127.75793065  .00008214  00000-0  54131-1 0  9996
2 27976 065.4380 117.4540 4697517 061.1636 337.9271 05.60081466 14321
0 SL-12 DEB
1 27976U 88085W   04127.93647287  .00008117  00000-0  53028-1 0  9996
2 27976  65.4292 117.3761 4698499  61.1467 337.9168  5.60083439 14337
0 SL-12 DEB
1 27976U 88085W   04127.93647287 +.00008117 +00000-0 +53028-1 0  9996
2 27976 065.4292 117.3761 4698499 061.1467 337.9168 05.60083439014337
0 SL-12 DEB
1 27976U 88085W   04128.47211338  .00007946  00000-0  51511-1 0  9994
2 27976  65.4355 117.1062 4699521  61.1142 337.9357  5.60092859 14365
0 SL-12 DEB
1 27976U 88085W   04129.36482810  .00010683  00000-0  68355-1 0  9994
2 27976  65.4422 116.6573 4701235  61.0195 337.9857  5.60113566 14414
0 SL-12 DEB
1 27976U 88085W   04129.72190410 +.00008894 +00000-0 +56823-1 0  9994
2 27976 065.4416 116.4800 4701379 061.0095 337.9827 05.60116046014431
0 SL-12 DEB
1 27976U 88085W   04130.07898322  .00008343  00000-0  52727-1 0  9999
2 27976  65.4434 116.3030 4702775  60.9462 338.0191  5.60122522 14456
0 SL-12 DEB
1 27976U 88085W   04130.43605920  .00009826  00000-0  62015-1 0  9997
2 27976  65.4471 116.1243 4702927  60.9453 338.0394  5.60131487 14477
0 SL-12 DEB
1 27976U 88085W   04130.97165026  .00006306  00000-0  39586-1 0  9991
2 27976  65.4483 115.8568 4703477  60.8965 338.0310  5.60131882 14505
0 SL-12 DEB
1 27976U 88085W   04131.32872901  .00007345  00000-0  45519-1 0  9995
2 27976 065.4471 115.6854 4705180 060.8274 338.1036 05.60142294 14521
0 SL-12 DEB
1 27976U 88085W   04131.68578625  .00008464  00000-0  52385-1 0  9992
2 27976  65.4494 115.5095 4705328  60.8246 338.1097  5.60149718 14542
0 SL-12 DEB
1 27976U 88085W   04132.04283691  .00008344  00000-0  51263-1 0  9990
2 27976  65.4490 115.3265 4706256  60.7649 338.1333  5.60156379 14568
0 SL-12 DEB
1 27976U 88085W   04132.39988829  .00010692  00000-0  65443-1 0  9997
2 27976  65.4503 115.1449 4706757  60.7525 338.1517  5.60166392 14586
0 SL-12 DEB
1 27976U 88085W   04133.11396472  .00007379  00000-0  44377-1 0  9996
2 27976  65.4523 114.7874 4708889  60.6651 338.1663  5.60174101 14626
0 SL-12 DEB
1 27976U 88085W   04133.29250192  .00007085  00000-0  42556-1 0  9994
2 27976  65.4503 114.6943 4709020  60.6696 338.2042  5.60176450 14639
0 SL-12 DEB
1 27976U 88085W   04133.82805307  .00010903  00000-0  65418-1 0  9992
2 27976  65.4555 114.4251 4709218  60.6391 338.2361  5.60193825 14669
0 SL-12 DEB
1 27976U 88085W   04134.36358653 +.00011791 +00000-0 +69778-1 0  9998
2 27976 065.4608 114.1559 4711003 060.5804 338.2605 05.60207173014695
0 SL-12 DEB
1 27976U 88085W   04135.07760740  .00009668  00000-0  56631-1 0  9995
2 27976 065.4618 113.7970 4712247 060.5044 338.2700 05.60218479 14737
0 SL-12 DEB
1 27976U 88085W   04135.25612441  .00011119  00000-0  64983-1 0  9992
2 27976  65.4671 113.7103 4712561  60.5034 338.2998  5.60224832 14742
0 SL-12 DEB
1 27976U 88085W   04135.79162625 +.00011398 +00000-0 +66536-1 0  9990
2 27976 065.4686 113.4363 4712665 060.4679 338.3136 05.60237317014772
0 SL-12 DEB
1 27976U 88085W   04136.32712116  .00010758  00000-0  62243-1 0  9996
2 27976  65.4688 113.1625 4713801  60.4309 338.3363  5.60249046 14803
0 SL-12 DEB
1 27976U 88085W   04136.86259974  .00009831  00000-0  56688-1 0  9999
2 27976  65.4705 112.8971 4714211  60.4010 338.3378  5.60257671 14830
0 SL-12 DEB
1 27976U 88085W   04137.39807912 +.00009577 +00000-0 +54634-1 0  9995
2 27976 065.4692 112.6226 4715608 060.3433 338.3798 05.60269105014869
0 SL-12 DEB
1 27976U 88085W   04138.64746104  .00011609  00000-0  65378-1 0  9995
2 27976  65.4745 112.0060 4717213  60.2227 338.4370  5.60303271 14930
0 SL-12 DEB
1 27976U 88085W   04139.00441425  .00010745  00000-0  60113-1 0  9996
2 27976  65.4781 111.8291 4718066  60.1682 338.4494  5.60308768 14959
0 SL-12 DEB
1 27976U 88085W   04139.89678708 +.00009437 +00000-0 +52319-1 0  9994
2 27976 065.4779 111.3778 4719202 060.1064 338.4809 05.60324508015005
0 SL-12 DEB
1 27976U 88085W   04140.43220499 +.00009205 +00000-0 +50617-1 0  9998
2 27976 065.4801 111.1015 4720218 060.0602 338.5223 05.60335279015030
0 SL-12 DEB
1 27976U 88085W   04140.96760364  .00010419  00000-0  56978-1 0  9991
2 27976  65.4834 110.8345 4720858  60.0160 338.5470  5.60348701 15068
0 SL-12 DEB
1 27976U 88085W   04141.32452726  .00012468  00000-0  67625-1 0  9999
2 27976  65.4797 110.6488 4721840  59.9666 338.5702  5.60360474 15083
0 SL-12 DEB
1 27976U 88085W   04142.03835654  .00011073  00000-0  59689-1 0  9995
2 27976  65.4824 110.2859 4722540  59.9099 338.5881  5.60374642 15125
0 SL-12 DEB
1 27976U 88085W   04142.75217077  .00011912  00000-0  64055-1 0  9992
2 27976  65.4864 109.9247 4722703  59.8812 338.6155  5.60393041 15161
0 SL-12 DEB
1 27976U 88085W   04143.28751685  .00012114  00000-0  64297-1 0  9992
2 27976  65.4813 109.6574 4724271  59.8030 338.6561  5.60407807 15199
0 SL-12 DEB
1 27976U 88085W   04144.35817476  .00010882  00000-0  57241-1 0  9993
2 27976  65.4820 109.1116 4725226  59.7212 338.7059  5.60429004 15259
0 SL-12 DEB
1 27976U 88085W   04144.89348423  .00010121  00000-0  53030-1 0  9991
2 27976  65.4823 108.8445 4725627  59.6710 338.7202  5.60437949 15280
0 SL-12 DEB
1 27976U 88085W   04145.42879489 +.00008953 +00000-0 +46530-1 0  9999
2 27976 065.4880 108.5727 4726547 059.6196 338.7623 05.60447147015315
0 SL-12 DEB
1 27976U 88085W   04146.32093745  .00012002  00000-0  62086-1 0  9996
2 27976  65.4888 108.1181 4726998  59.5578 338.7980  5.60471544 15365
0 SL-12 DEB
1 27976U 88085W   04146.85620455 +.00010432 +00000-0 +53836-1 0  9996
2 27976 065.4905 107.8462 4727189 059.5159 338.8036 05.60479610015399
0 SL-12 DEB
1 27976U 88085W   04147.21305314  .00007544  00000-0  38656-1 0  9994
2 27976  65.4924 107.6617 4727997  59.5050 338.8103  5.60480258 15415
0 SL-12 DEB
1 27976U 88085W   04147.39148323 +.00007546 +00000-0 +38656-1 0  9990
2 27976 065.4924 107.5703 4728009 059.4897 338.8347 05.60482943015427
0 SL-12 DEB
1 27976U 88085W   04148.28357373  .00007122  00000-0  36143-1 0  9995
2 27976  65.4904 107.1232 4729049  59.4206 338.8684  5.60499243 15477
0 SL-12 DEB
1 27976U 88085W   04148.99724417  .00007077  00000-0  36121-1 0  9995
2 27976  65.5040 106.7481 4728606  59.3533 338.9242  5.60508605 15520
0 SL-12 DEB
1 27976U 88085W   04149.88928626  .00007077  00000-0  35599-1 0  9990
2 27976  65.4939 106.3086 4730091  59.2690 338.9355  5.60521461 15561
0 SL-12 DEB
1 27976U 88085W   04149.88928626 +.00007077 +00000-0 +35599-1 0  9990
2 27976 065.4939 106.3086 4730091 059.2690 338.9355 05.60521461015561
0 SL-12 DEB
1 27976U 88085W   04150.42451384  .00009526  00000-0  47627-1 0  9990
2 27976  65.4981 106.0363 4730907  59.2332 338.9713  5.60534299 15596
0 SL-12 DEB
1 27976U 88085W   04151.31651457  .00009618  00000-0  47840-1 0  9991
2 27976  65.5025 105.5818 4731505  59.1684 338.9916  5.60553095 15645
0 SL-12 DEB
1 27976U 88085W   04151.85170495 +.00008231 +00000-0 +40896-1 0  9992
2 27976 065.5036 105.3085 4731646 059.1327 338.9974 05.60559294015675
0 SL-12 DEB
1 27976U 88085W   04152.20850023  .00013116  00000-0  64732-1 0  9997
2 27976  65.5047 105.1201 4732455  59.0769 339.0441  5.60575243 15698
0 SL-12 DEB
1 27976U 88085W   04152.38688592 +.00013118 +00000-0 +64732-1 0  9998
2 27976 065.5047 105.0287 4732453 059.0615 339.0405 05.60579922015709
0 SL-12 DEB
1 27976U 88085W   04152.92204820  .00012959  00000-0  63803-1 0  9996
2 27976  65.5023 104.7582 4732690  59.0389 339.0461  5.60593101 15738
0 SL-12 DEB
1 27976U 88085W   04153.27881780  .00009462  00000-0  46337-1 0  9999
2 27976  65.5019 104.5694 4733376  59.0103 339.0522  5.60596076 15755
0 SL-12 DEB
1 27976U 88085W   04154.34912072  .00008959  00000-0  43644-1 0  9995
2 27976  65.5027 104.0226 4734004  58.9145 339.1089  5.60613944 15813
0 SL-12 DEB
1 27976U 88085W   04155.24100284 +.00008214 +00000-0 +39829-1 0  9993
2 27976 065.5023 103.5728 4734561 058.8312 339.1379 05.60628595015868
0 SL-12 DEB
1 27976U 88085W   04156.84634188  .00008153  00000-0  39352-1 0  9998
2 27976  65.5035 102.7584 4734961  58.6897 339.2014  5.60653652 15951
0 SL-12 DEB
1 27976U 88085W   04157.20307981  .00003224  00000-0  15399-1 0  9996
2 27976  65.5033 102.5756 4736499  58.6846 339.2154  5.60651916 15978
0 SL-12 DEB
1 27976U 88085W   04157.38145263  .00007322  00000-0  34979-1 0  9996
2 27976  65.5050 102.4870 4736210  58.6812 339.2364  5.60659863 15980
0 SL-12 DEB
1 27976U 88085W   04158.27325828 +.00009047 +00000-0 +43056-1 0  9994
2 27976 065.5062 102.0277 4736493 058.6027 339.2689 05.60677966016032
0 SL-12 DEB
1 27976U 88085W   04158.98668615  .00007822  00000-0  36997-1 0  9991
2 27976  65.5079 101.6563 4737182  58.5411 339.2906  5.60688042 16078
0 SL-12 DEB
1 27976U 88085W   04159.34340176  .00010055  00000-0  47503-1 0  9998
2 27976  65.5108 101.4758 4737245  58.5275 339.3151  5.60697783 16090
0 SL-12 DEB
1 27976U 88085W   04159.87845228  .00009154  00000-0  43082-1 0  9990
2 27976  65.5110 101.2078 4737651  58.4710 339.3260  5.60705760 16120
0 SL-12 DEB
1 27976U 88085W   04160.94855466 +.00008957 +00000-0 +41871-1 0  9999
2 27976 065.5128 100.6561 4738390 058.3928 339.4016 05.60724863016181
0 SL-12 DEB
1 27976U 88085W   04161.30522964  .00010133  00000-0  47301-1 0  9997
2 27976  65.5135 100.4727 4738515  58.3750 339.3909  5.60733370 16209
0 SL-12 DEB
1 27976U 88085W   04161.84024684  .00004528  00000-0  21228-1 0  9993
2 27976  65.5170 100.2594 4738115  58.3673 339.3502  5.60728072 16233
0 SL-12 DEB
1 27976U 88085W   04162.19695081 -.00001505  00000-0 -69478-2 0  9991
2 27976  65.4992 100.0770 4739227  58.3801 339.3826  5.60723052 16250
0 SL-12 DEB
1 27976U 88085W   04162.91033370  .00016202  00000-0  75584-1 0  9990
2 27976  65.5095  99.7082 4738371  58.3293 339.5411  5.60773588 16294
0 SL-12 DEB
1 27976U 88085W   04163.26691936  .00014843  00000-0  69685-1 0  9991
2 27976  65.4571  99.4966 4737555  58.2971 339.4176  5.60782475 16310
0 SL-12 DEB
1 27976U 88085W   04163.80188582  .00004207  00000-0  19859-1 0  9990
2 27976  65.4550  99.2150 4737448  58.2862 339.3572  5.60768623 16341
0 SL-12 DEB
1 27976U 88085W   04164.15857379  .00005971  00000-0  27393-1 0  9997
2 27976  65.5211  99.0194 4740831  58.1514 339.4729  5.60774856 16367
0 SL-12 DEB
1 27976U 88085W   04164.87188609 +.00006294 +00000-0 +28856-1 0  9993
2 27976 065.5187 098.6558 4740940 058.0986 339.5083 05.60784118016402
0 SL-12 DEB
1 27976U 88085W   04165.22853891  .00006687  00000-0  30572-1 0  9999
2 27976  65.5163  98.4655 4741270  58.0739 339.5316  5.60789889 16426
0 SL-12 DEB
1 27976U 88085W   04165.94182414 +.00006255 +00000-0 +28433-1 0  9998
2 27976 065.5172 098.1004 4742051 057.9989 339.5571 05.60798786016467
0 SL-12 DEB
1 27976U 88085W   04166.29846744  .00008381  00000-0  38026-1 0  9991
2 27976  65.5149  97.9154 4742073  58.0070 339.5705  5.60807331 16489
0 SL-12 DEB
1 27976U 88085W   04166.83341168  .00012122  00000-0  54824-1 0  9993
2 27976  65.5134  97.6478 4742195  57.9685 339.5973  5.60826160 16516
0 SL-12 DEB
1 27976U 88085W   04167.19002232  .00012716  00000-0  57097-1 0  9993
2 27976  65.5135  97.4691 4742994  57.9482 339.5941  5.60837737 16533
0 SL-12 DEB
1 27976U 88085W   04167.90324237  .00018341  00000-0  82369-1 0  9994
2 27976  65.5161  97.1037 4742631  57.9120 339.6460  5.60871774 16570
0 SL-12 DEB
1 27976U 88085W   04168.79467644  .00022142  00000-0  98761-1 0  9999
2 27976  65.5134  96.6486 4743133  57.8435 339.6416  5.60914308 16626
0 SL-12 DEB
1 27976U 88085W   04169.32952279  .00019598  00000-0  86670-1 0  9999
2 27976  65.5175  96.3765 4744080  57.8170 339.6629  5.60933359 16652
0 SL-12 DEB
1 27976U 88085W   04169.86434564  .00023759  00000-0  10490+0 0  9999
2 27976  65.5170  96.0929 4744007  57.7597 339.7142  5.60966168 16685
0 SL-12 DEB
1 27976U 88085W   04170.93388778 +.00021799 +00000-0 +95626-1 0  9992
2 27976 065.5221 095.5308 4744483 057.6997 339.7048 05.61011720016746
0 SL-12 DEB
1 27976U 88085W   04171.29039788  .00029710  00000-0  13015+0 0  9997
2 27976 065.5255 095.3500 4744397 057.7064 339.7410 05.61041608 16768
0 SL-12 DEB
1 27976U 88085W   04171.82510380  .00025937  00000-0  11318+0 0  9999
2 27976  65.5246  95.0874 4744748  57.6542 339.7133  5.61061684 16790
0 SL-12 DEB
1 27976U 88085W   04172.00335736  .00026100  00000-0  11217+0 0  9991
2 27976 065.5196 095.0035 4746523 057.6336 339.7628 05.61074333 16803
0 SL-12 DEB
1 27976U 88085W   04172.18159270  .00023047  00000-0  98693-1 0  9999
2 27976 065.5164 094.9108 4746933 057.6417 339.7676 05.61079922 16815
0 SL-12 DEB
1 27976U 88085W   04172.89449902 +.00027139 +00000-0 +11621-0 0  9992
2 27976 065.5209 094.5459 4746616 057.5948 339.8206 05.61124331016855
0 SL-12 DEB
1 27976U 88085W   04173.25091377  .00031705  00000-0  13524+0 0  9999
2 27976 065.5200 094.3610 4746882 057.5724 339.8152 05.61151987 16879
0 SL-12 DEB
1 27976U 88085W   04173.78551856 +.00030583 +00000-0 +13013-0 0  9997
2 27976 065.5175 094.0851 4746981 057.5508 339.8075 05.61181908016908
0 SL-12 DEB
1 27976U 88085W   04174.14191517  .00030125  00000-0  12665+0 0  9995
2 27976  65.5200  93.9014 4748294  57.5351 339.8336  5.61204498 16923
0 SL-12 DEB
1 27976U 88085W   04174.67647584  .00035209  00000-0  14817+0 0  9992
2 27976  65.5253  93.6297 4747865  57.5076 339.8717  5.61248733 16954
0 SL-12 DEB
1 27976U 88085W   04175.74545910 +.00036714 +00000-0 +15235-0 0  9999
2 27976 065.5216 093.0778 4749055 057.4278 339.8891 05.61326997017017
0 SL-12 DEB
1 27976U 88085W   04176.10175700  .00037177  00000-0  15266+0 0  9993
2 27976  65.5238  92.8927 4750124  57.4220 339.9063  5.61356562 17035
0 SL-12 DEB
1 27976U 88085W   04176.10176630  .00037225  00000-0  15705+0 0  9998
2 27976  65.5218  92.9788 4746743  57.3622 339.9309  5.61356764 17033
0 SL-12 DEB
1 27976U 88085W   04176.27989525  .00042217  00000-0  17359+0 0  9995
2 27976  65.5277  92.8078 4749817  57.4411 339.9024  5.61378228 17045
0 SL-12 DEB
1 27976U 88085W   04176.81427646 +.00042165 +00000-0 +17186-0 0  9997
2 27976 065.5247 092.5270 4750581 057.3824 339.9104 05.61422907017076
0 SL-12 DEB
1 27976U 88085W   04176.81429303  .00038950  00000-0  16042+0 0  9995
2 27976  65.5292  92.5040 4749266  57.3585 339.9488  5.61416134 17073
0 SL-12 DEB
1 27976U 88085W   04177.17051586  .00044330  00000-0  17840+0 0  9995
2 27976  65.5178  92.3338 4751885  57.3731 339.9352  5.61458204 17093
0 SL-12 DEB
1 27976U 88085W   04177.88291684 +.00044744 +00000-0 +17784-0 0  9995
2 27976 065.5201 091.9638 4752940 057.3226 339.9641 05.61524943017130
0 SL-12 DEB
1 27976U 88085W   04178.23908325  .00053229  00000-0  21053+0 0  9993
2 27976  65.5245  91.7853 4753214  57.3810 339.9564  5.61571503 17159
0 SL-12 DEB
1 27976U 88085W   04178.77326940  .00051612  00000-0  20194+0 0  9998
2 27976  65.5203  91.5132 4754175  57.3028 339.9440  5.61622443 17185
0 SL-12 DEB
1 27976U 88085W   04179.12938923  .00052911  00000-0  20298+0 0  9996
2 27976  65.5115  91.3263 4756231  57.2841 339.9958  5.61665711 17209
0 SL-12 DEB
1 27976U 88085W   04179.30742969  .00061384  00000-0  23654+0 0  9992
2 27976  65.5105  91.2305 4755477  57.3375 339.9915  5.61698678 17210
0 SL-12 DEB
1 27976U 88085W   04179.84148814 +.00056773 +00000-0 +21516-0 0  9992
2 27976 065.5153 090.9526 4757097 057.2453 339.9759 05.61752958017241
0 SL-12 DEB
1 27976U 88085W   04180.19752826  .00060513  00000-0  22680+0 0  9995
2 27976  65.5192  90.7701 4758100  57.3044 340.0025  5.61799771 17265
0 SL-12 DEB
1 27976U 88085W   04180.73150013 +.00060541 +00000-0 +22680-0 0  9997
2 27976 065.5192 090.4934 4757733 057.2576 340.0113 05.61864455017293
0 SL-12 DEB
1 27976U 88085W   04181.79924449  .00080355  00000-0  29249+0 0  9998
2 27976  65.5156  89.9451 4759813  57.2663 340.1440  5.62058714 17353
0 SL-12 DEB
1 27976U 88085W   04182.15500671  .00072135  00000-0  24914+0 0  9997
2 27976  65.5189  89.7378 4765723  57.3366 339.9149  5.62084933 17379
0 SL-12 DEB
1 27976U 88085W   04182.86664685  .00071841  00000-0  24241+0 0  9997
2 27976  65.5287  89.3676 4767700  57.3038 340.0547  5.62190716 17415
0 SL-12 DEB
1 27976U 88085W   04183.22238963  .00073745  00000-0  24843+0 0  9997
2 27976  65.5326  89.1912 4767533  57.3608 340.0422  5.62244583 17433
0 SL-12 DEB
1 27976U 88085W   04183.57810089  .00073867  00000-0  25159+0 0  9996
2 27976  65.5307  89.0013 4765812  57.3312 340.0650  5.62297799 17455
0 SL-12 DEB
1 27976U 88085W   04183.75599205  .00063630  00000-0  21206+0 0  9996
2 27976  65.5305  88.9080 4768331  57.2799 340.1026  5.62291732 17462
0 SL-12 DEB
1 27976U 88085W   04183.93376654  .00056389  00000-0  18475+0 0  9994
2 27976  65.5313  88.8365 4770349  57.2593 339.9460  5.62300088 17474
0 SL-12 DEB
1 27976U 88085W   04184.11168309  .00050886  00000-0  16697+0 0  9991
2 27976  65.5248  88.7372 4770114  57.2948 340.0808  5.62310990 17485
0 SL-12 DEB
1 27976U 88085W   04184.64518163  .00040059  00000-0  12984+0 0  9992
2 27976  65.5212  88.4625 4771338  57.2583 340.0485  5.62338841 17518
0 SL-12 DEB
1 27976U 88085W   04185.00086745  .00037699  00000-0  12036+0 0  9993
2 27976  65.5202  88.2597 4772884  57.2181 340.1192  5.62362253 17536
0 SL-12 DEB
1 27976U 88085W   04185.71214295  .00036439  00000-0  11506+0 0  9996
2 27976  65.5202  87.8972 4773800  57.1548 340.1534  5.62411648 17570
0 SL-12 DEB
1 27976U 88085W   04186.06776435  .00031422  00000-0  97114-1 0  9992
2 27976  65.5127  87.7025 4776089  57.1970 340.1574  5.62429804 17594
0 SL-12 DEB
1 27976U 88085W   04186.24557406  .00033554  00000-0  10395+0 0  9999
2 27976  65.5150  87.6175 4775722  57.2323 340.1668  5.62444570 17604
0 SL-12 DEB
1 27976U 88085W   04186.77894879  .00030624  00000-0  93066-1 0  9998
2 27976  65.5135  87.3283 4777677  57.1414 340.1749  5.62472757 17636
0 SL-12 DEB
1 27976U 88085W   04187.13453915  .00045038  00000-0  13497+0 0  9994
2 27976  65.5170  87.1398 4778880  57.1351 340.2481  5.62520633 17650
0 SL-12 DEB
1 27976U 88085W   04187.66782707 +.00039200 +00000-0 +11667-0 0  9998
2 27976 065.5183 086.8601 4779440 057.0985 340.2005 05.62552239017684
0 SL-12 DEB
1 27976U 88085W   04188.02336803  .00034190  00000-0  10016+0 0  9990
2 27976 065.5172 086.6722 4781080 057.1088 340.2246 05.62569938 17706
0 SL-12 DEB
1 27976U 88085W   04188.20113691  .00029278  00000-0  85745-1 0  9992
2 27976 065.5191 086.5824 4781110 057.1034 340.2425 05.62573535 17712
0 SL-12 DEB
1 27976U 88085W   04188.73439988 +.00029292 +00000-0 +85745-1 0  9996
2 27976 065.5191 086.3036 4780970 057.0562 340.2707 05.62604802017741
0 SL-12 DEB
1 27976U 88085W   04189.26763187  .00035350  00000-0  10106+0 0  9995
2 27976  65.5166  86.0361 4783254  57.0793 340.2904  5.62649305 17774
0 SL-12 DEB
1 27976U 88085W   04189.80080740  .00034759  00000-0  98334-1 0  9995
2 27976  65.5150  85.7562 4784171  57.0070 340.3002  5.62685927 17807
0 SL-12 DEB
1 27976U 88085W   04190.15624902  .00040103  00000-0  11262+0 0  9992
2 27976  65.5146  85.5681 4784745  57.0301 340.3135  5.62719812 17826
0 SL-12 DEB
1 27976U 88085W   04190.68935802  .00033873  00000-0  94284-1 0  9997
2 27976  65.5141  85.2942 4785577  56.9808 340.2812  5.62744901 17853
0 SL-12 DEB
1 27976U 88085W   04191.04478100  .00031344  00000-0  85419-1 0  9992
2 27976  65.5129  85.0961 4787738  56.9856 340.3322  5.62767106 17873
0 SL-12 DEB
1 27976U 88085W   04191.57785666  .00034189  00000-0  94259-1 0  9990
2 27976  65.5190  84.8017 4785996  56.9803 340.3567  5.62807249 17904
0 SL-12 DEB
1 27976U 88085W   04191.75553516 +.00030924 +00000-0 +83435-1 0  9994
2 27976 065.5170 084.7227 4788555 056.9365 340.3431 05.62810781017917
0 SL-12 DEB
1 27976U 88085W   04192.11090426  .00029286  00000-0  78237-1 0  9994
2 27976  65.5154  84.5280 4789514  56.9360 340.3618  5.62829325 17930
0 SL-12 DEB
1 27976U 88085W   04192.64392438  .00028735  00000-0  76542-1 0  9995
2 27976  65.5151  84.2528 4789646  56.9161 340.3783  5.62859702 17962
0 SL-12 DEB
1 27976U 88085W   04193.17691645  .00030702  00000-0  80526-1 0  9990
2 27976  65.5189  83.9654 4791062  56.8903 340.4068  5.62895090 17997
0 SL-12 DEB
1 27976U 88085W   04193.70986593  .00035091  00000-0  90337-1 0  9995
2 27976  65.5167  83.6974 4792736  56.8247 340.4377  5.62938478 18021
0 SL-12 DEB
1 27976U 88085W   04194.42040354  .00041699  00000-0  10604+0 0  9999
2 27976  65.5126  83.3228 4793570  56.8232 340.4736  5.63004940 18068
0 SL-12 DEB
1 27976U 88085W   04194.77562335 +.00042693 +00000-0 +10779-0 0  9994
2 27976 065.5161 083.1342 4794116 056.7764 340.4706 05.63037643018083
0 SL-12 DEB
1 27976U 88085W   04194.77564260  .00038318  00000-0  97304-1 0  9992
2 27976  65.5251  83.1290 4793336  56.7051 340.5202  5.63027781 18081
0 SL-12 DEB
1 27976U 88085W   04195.13083585  .00049898  00000-0  12511+0 0  9999
2 27976  65.5130  82.9422 4794533  56.7998 340.4774  5.63080362 18101
0 SL-12 DEB
1 27976U 88085W   04195.48601341  .00036802  00000-0  92313-1 0  9994
2 27976  65.5141  82.7601 4794524  56.7563 340.4186  5.63083122 18124
0 SL-12 DEB
1 27976U 88085W   04195.84123129  .00034707  00000-0  85196-1 0  9990
2 27976  65.5105  82.5671 4796634  56.7471 340.4930  5.63108380 18144
0 SL-12 DEB
1 27976U 88085W   04196.19640608  .00046369  00000-0  11288+0 0  9991
2 27976  65.5156  82.3860 4797127  56.8024 340.5273  5.63157603 18166
0 SL-12 DEB
1 27976U 88085W   04196.72908184  .00047949  00000-0  11628+0 0  9999
2 27976  65.5141  82.0978 4797164  56.7332 340.5225  5.63211645 18196
0 SL-12 DEB
1 27976U 88085W   04197.08418094  .00050798  00000-0  12140+0 0  9991
2 27976  65.5099  81.8995 4798410  56.7548 340.5238  5.63252100 18216
0 SL-12 DEB
1 27976U 88085W   04197.61678326 +.00047587 +00000-0 +11320-0 0  9998
2 27976 065.5065 081.6207 4798587 056.7231 340.5173 05.63298572018241
0 SL-12 DEB
1 27976U 88085W   04198.14936333  .00045244  00000-0  10658+0 0  9992
2 27976  65.5046  81.3391 4799292  56.6869 340.5566  5.63343681 18272
0 SL-12 DEB
1 27976U 88085W   04198.68188604  .00049021  00000-0  11424+0 0  9990
2 27976  65.5064  81.0630 4800022  56.6672 340.5782  5.63400179 18301
0 SL-12 DEB
1 27976U 88085W   04199.03686710  .00047595  00000-0  10877+0 0  9996
2 27976  65.5052  80.8625 4801813  56.6551 340.5816  5.63433607 18326
0 SL-12 DEB
1 27976U 88085W   04199.56930804  .00055470  00000-0  12678+0 0  9992
2 27976  65.5083  80.5821 4801323  56.6859 340.6260  5.63504177 18350
0 SL-12 DEB
1 27976U 88085W   04200.10164992  .00065781  00000-0  14792+0 0  9997
2 27976  65.5018  80.2947 4802457  56.6364 340.6256  5.63582617 18387
0 SL-12 DEB
1 27976U 88085W   04200.63392746  .00058793  00000-0  13122+0 0  9996
2 27976  65.5012  80.0151 4802896  56.6024 340.5796  5.63632840 18412
0 SL-12 DEB
1 27976U 88085W   04201.69837562  .00050387  00000-0  11063+0 0  9996
2 27976  65.4994  79.4457 4803920  56.6045 340.5714  5.63732327 18470
0 SL-12 DEB
1 27976U 88085W   04202.05318166  .00054044  00000-0  11710+0 0  9994
2 27976  65.4946  79.2510 4804976  56.6076 340.6536  5.63776330 18498
0 SL-12 DEB
1 27976U 88085W   04202.58528460  .00057656  00000-0  12445+0 0  9990
2 27976  65.4959  78.9721 4804923  56.5816 340.6717  5.63843061 18526
0 SL-12 DEB
1 27976U 88085W   04203.11731906  .00061537  00000-0  13167+0 0  9996
2 27976  65.4902  78.6830 4805372  56.5745 340.6653  5.63910488 18552
0 SL-12 DEB
1 27976U 88085W   04203.64929365  .00058824  00000-0  12459+0 0  9990
2 27976  65.4933  78.4041 4806030  56.5188 340.6590  5.63967759 18587
0 SL-12 DEB
1 27976U 88085W   04204.00393034  .00053816  00000-0  11289+0 0  9995
2 27976  65.4935  78.2077 4806804  56.4883 340.6860  5.63999586 18602
0 SL-12 DEB
1 27976U 88085W   04204.71312290 +.00050872 +00000-0 +10619-0 0  9994
2 27976 065.4906 077.8322 4806860 056.4768 340.6968 05.64069176018649
0 SL-12 DEB
1 27976U 88085W   04205.06768907  .00059127  00000-0  12253+0 0  9990
2 27976  65.4722  77.6258 4807243  56.5462 340.7120  5.64121547 18663
0 SL-12 DEB
1 27976U 88085W   04206.13117145  .00112383  00000-0  22837+0 0  9994
2 27976  65.4751  77.0503 4807433  56.4631 341.0510  5.64391373 18720
0 SL-12 DEB
1 27976U 88085W   04206.66250220  .00088436  00000-0  17897+0 0  9995
2 27976  65.4789  76.7703 4807512  56.3806 340.5986  5.64445499 18753
0 SL-12 DEB
1 27976U 88085W   04207.19403406  .00054455  00000-0  10926+0 0  9990
2 27976  65.4646  76.4782 4808220  56.4537 340.6362  5.64474044 18788
0 SL-12 DEB
1 27976U 88085W   04207.72552496  .00073643  00000-0  14667+0 0  9999
2 27976  65.4691  76.1918 4808187  56.3899 340.8796  5.64588686 18813
0 SL-12 DEB
1 27976U 88085W   04208.07968899  .00129908  00000-0  25341+0 0  9993
2 27976  65.4702  76.0077 4809247  56.4232 340.8319  5.64737348 18835
0 SL-12 DEB
1 27976U 88085W   04208.61080634  .00144132  00000-0  28127+0 0  9996
2 27976  65.4707  75.7250 4808062  56.3749 340.8400  5.64915168 18867
0 SL-12 DEB
1 27976U 88085W   04209.14175229  .00098254  00000-0  19311+0 0  9998
2 27976  65.4630  75.4279 4806994  56.3893 340.6057  5.64975285 18897
0 SL-12 DEB
1 27976U 88085W   04209.67277563  .00082497  00000-0  16118+0 0  9994
2 27976  65.4636  75.1424 4807191  56.2908 340.6872  5.65036709 18927
0 SL-12 DEB
1 27976U 88085W   04210.20373142  .00138010  00000-0  25721+0 0  9998
2 27976  65.4420  74.8567 4810490  56.3183 340.9511  5.65236603 18955
0 SL-12 DEB
1 27976U 88085W   04210.55746449  .00132726  00000-0  24669+0 0  9998
2 27976  65.4401  74.6681 4810211  56.2894 340.7810  5.65321039 18978
0 SL-12 DEB
1 27976U 88085W   04210.91123556  .00112841  00000-0  21042+0 0  9994
2 27976  65.4351  74.4688 4809688  56.3138 340.6468  5.65353512 18996
0 SL-12 DEB
1 27976U 88085W   04211.97238500  .00032010  00000-0  60757-1 0  9994
2 27976  65.4470  73.8877 4808147  56.2660 340.1512  5.65335781 19050
0 SL-12 DEB
1 27976U 88085W   04212.68023998  .00029073  00000-0  54465-1 0  9990
2 27976  65.4362  73.5030 4809258  56.2862 340.7099  5.65359770 19090
0 SL-12 DEB
1 27976U 88085W   04213.03404885  .00009520  00000-0  17620-1 0  9995
2 27976  65.4198  73.2971 4810556  56.3112 340.8056  5.65366113 19116
0 SL-12 DEB
1 27976U 88085W   04213.56468769  .00012700  00000-0  23511-1 0  9994
2 27976  65.4196  73.0144 4810346  56.2626 340.8433  5.65381924 19149
0 SL-12 DEB
1 27976U 88085W   04214.09530128  .00021039  00000-0  38578-1 0  9996
2 27976  65.4251  72.7285 4811021  56.2540 340.8545  5.65409372 19174
0 SL-12 DEB
1 27976U 88085W   04214.62588308  .00022669  00000-0  41652-1 0  9995
2 27976  65.4264  72.4404 4810643  56.2178 340.8695  5.65436478 19201
0 SL-12 DEB
1 27976U 88085W   04215.15643736  .00017120  00000-0  31563-1 0  9997
2 27976  65.4198  72.1378 4810277  56.2420 340.8357  5.65449072 19239
0 SL-12 DEB
1 27976U 88085W   04215.68699268  .00022880  00000-0  42051-1 0  9999
2 27976  65.4187  71.8524 4810330  56.1943 340.9011  5.65484222 19262
0 SL-12 DEB
1 27976U 88085W   04216.04065298  .00036975  00000-0  67465-1 0  9996
2 27976  65.4150  71.6614 4810735  56.1950 340.8873  5.65524786 19284
0 SL-12 DEB
1 27976U 88085W   04216.57111125 +.00036625 +00000-0 +66871-1 0  9997
2 27976 065.4159 071.3793 4810438 056.1362 340.8809 05.65563041019315
0 SL-12 DEB
1 27976U 88085W   04217.10154719  .00006989  00000-0  12727-1 0  9994
2 27976  65.4127  71.0880 4811292  56.1636 340.7852  5.65542641 19340
0 SL-12 DEB
1 27976U 88085W   04217.63206048  .00014130  00000-0  25688-1 0  9992
2 27976  65.4105  70.7991 4811032  56.1287 340.9385  5.65570822 19377
0 SL-12 DEB
1 27976U 88085W   04217.98566231  .00020975  00000-0  37916-1 0  9994
2 27976  65.4001  70.5952 4811355  56.1627 340.8899  5.65592707 19390
0 SL-12 DEB
1 27976U 88085W   04218.69286907 +.00020877 +00000-0 +37624-1 0  9999
2 27976 065.3992 070.2108 4811495 056.1231 340.8898 05.65622783019436
0 SL-12 DEB
1 27976U 88085W   04219.04646154  .00026963  00000-0  48457-1 0  9991
2 27976 065.3901 070.0109 4811550 056.1421 340.8951 05.65648014 19455
0 SL-12 DEB
1 27976U 88085W   04219.75359465 +.00025832 +00000-0 +46393-1 0  9996
2 27976 065.3905 069.6250 4811422 056.0894 340.8944 05.65683524019492
0 SL-12 DEB
1 27976U 88085W   04220.10715145  .00026909  00000-0  48332-1 0  9999
2 27976 065.3876 069.4336 4811277 056.0862 340.9046 05.65704032 19510
0 SL-12 DEB
1 27976U 88085W   04220.63745678 +.00028774 +00000-0 +51719-1 0  9996
2 27976 065.3868 069.1467 4810984 056.0522 340.9245 05.65737805019548
0 SL-12 DEB
1 27976U 88085W   04220.99097051  .00034734  00000-0  62135-1 0  9997
2 27976 065.3719 068.9408 4811205 056.0643 340.9236 05.65768551 19560
0 SL-12 DEB
1 27976U 88085W   04221.69794686 +.00035766 +00000-0 +64163-1 0  9992
2 27976 065.3737 068.5513 4810592 056.0346 340.9296 05.65820386019607
0 SL-12 DEB
1 27976U 88085W   04222.58158342 +.00034635 +00000-0 +62435-1 0  9998
2 27976 065.3704 068.0757 4809734 056.0046 340.9369 05.65880833019658
0 SL-12 DEB
1 27976U 88085W   04223.11171769  .00035444  00000-0  64022-1 0  9999
2 27976 065.3623 067.7823 4809276 056.0110 340.9312 05.65918819 19688
0 SL-12 DEB
1 27976U 88085W   04223.64181700 +.00038410 +00000-0 +69565-1 0  9996
2 27976 065.3642 067.4961 4808700 055.9814 340.9552 05.65964542019713
0 SL-12 DEB
1 27976U 88085W   04224.34854348  .00053510  00000-0  96223-1 0  9998
2 27976 065.3533 067.1057 4808743 055.9486 341.0229 05.66056383 19750
0 SL-12 DEB
1 27976U 88085W   04224.70182387 +.00052703 +00000-0 +95609-1 0  9995
2 27976 065.3458 066.8899 4807673 055.9604 340.9412 05.66089912019777
0 SL-12 DEB
1 27976U 88085W   04225.23175767  .00043715  00000-0  78986-1 0  9990
2 27976 065.3411 066.6000 4807829 055.9388 340.9219 05.66126347 19803
0 SL-12 DEB
1 27976U 88085W   04225.58503528  .00051633  00000-0  93682-1 0  9996
2 27976 065.3553 066.4107 4806968 055.8986 340.9907 05.66178919 19820
0 SL-12 DEB
1 27976U 88085W   04225.58504710  .00048632  00000-0  88351-1 0  9992
2 27976 065.3399 066.4120 4806999 055.9206 340.9928 05.66171120 19823
0 SL-12 DEB
1 27976U 88085W   04226.64471746  .00038335  00000-0  70246-1 0  9995
2 27976 065.3355 065.8359 4805690 055.8733 340.9353 05.66243330 19884
0 SL-12 DEB
1 27976U 88085W   04227.35112316  .00042962  00000-0  78807-1 0  9991
2 27976 065.3348 065.4568 4805151 055.8186 341.0133 05.66308674 19924
0 SL-12 DEB
1 27976U 88085W   04227.70427297 +.00042719 +00000-0 +79139-1 0  9996
2 27976 065.3292 065.2502 4804002 055.8539 340.9841 05.66338069019941
0 SL-12 DEB
1 27976U 88085W   04228.23397231  .00043974  00000-0  81405-1 0  9992
2 27976 065.3241 064.9571 4803760 055.8069 340.9935 05.66386122 19975
0 SL-12 DEB
1 27976U 88085W   04228.58708135  .00044877  00000-0  83355-1 0  9998
2 27976 065.3203 064.7648 4803217 055.7910 341.0008 05.66419678 19995
0 SL-12 DEB
1 27976U 88085W   04229.64630583  .00039296  00000-0  74245-1 0  9994
2 27976 065.3086 064.1696 4801070 055.7741 340.9906 05.66496542 20057
0 SL-12 DEB
1 27976U 88085W   04229.99934556  .00040951  00000-0  77484-1 0  9997
2 27976 065.3049 063.9741 4800735 055.7669 340.9882 05.66527016 20076
0 SL-12 DEB
1 27976U 88085W   04230.70537295  .00039552  00000-0  75700-1 0  9991
2 27976 065.3008 063.5904 4799280 055.7464 340.9816 05.66580589 20119
0 SL-12 DEB
1 27976U 88085W   04231.05836275  .00032334  00000-0  61815-1 0  9993
2 27976 065.2976 063.3981 4799308 055.7123 340.9762 05.66595892 20133
0 SL-12 DEB
1 27976U 88085W   04231.58783971  .00044090  00000-0  84657-1 0  9996
2 27976 065.2935 063.1104 4798441 055.7153 341.0674 05.66663582 20162
0 SL-12 DEB
1 27976U 88085W   04232.64654700 +.00044611 +00000-0 +86460-1 0  9994
2 27976 065.2864 062.5235 4796929 055.6373 340.9994 05.66759064020224
0 SL-12 DEB
1 27976U 88085W   04232.82300655  .00044540  00000-0  86607-1 0  9995
2 27976 065.2994 062.4259 4796416 055.6322 341.0246 05.66772479 20236
0 SL-12 DEB
1 27976U 88085W   04232.99942618  .00035885  00000-0  70189-1 0  9994
2 27976 065.2694 062.3192 4795958 055.6248 340.9771 05.66772664 20243
0 SL-12 DEB
1 27976U 88085W   04233.70516521  .00036142  00000-0  72147-1 0  9997
2 27976 065.2760 061.9359 4793604 055.6267 341.0113 05.66826251 20282
0 SL-12 DEB
1 27976U 88085W   04234.58721976  .00039607  00000-0  79846-1 0  9998
2 27976 065.2787 061.4598 4792147 055.5620 341.0296 05.66900002 20339
0 SL-12 DEB
1 27976U 88085W   04235.64552446  .00038009  00000-0  77585-1 0  9993
2 27976 065.2603 060.8524 4790396 055.5294 340.9971 05.66979071 20395
0 SL-12 DEB
1 27976U 88085W   04235.99826905  .00031451  00000-0  64232-1 0  9994
2 27976 065.2529 060.6582 4790264 055.4968 340.9944 05.66993275 20410
0 SL-12 DEB
1 27976U 88085W   04236.70373713  .00031901  00000-0  67123-1 0  9990
2 27976 065.2519 060.2737 4786958 055.5271 341.0212 05.67039765 20450
0 SL-12 DEB
1 27976U 88085W   04237.58546317  .00023598  00000-0  49763-1 0  9992
2 27976 065.2464 059.7933 4786525 055.4645 340.9532 05.67071360 20500
0 SL-12 DEB
1 27976U 88085W   04237.93817888  .00018874  00000-0  40086-1 0  9995
2 27976 065.2414 059.5979 4785759 055.4385 341.0052 05.67079029 20523
0 SL-12 DEB
1 27976U 88085W   04238.64354707 +.00019570 +00000-0 +41902-1 0  9992
2 27976 065.2328 059.1999 4784737 055.4039 341.0309 05.67106416020566
0 SL-12 DEB
1 27976U 88085W   04238.99621189  .00011543  00000-0  24771-1 0  9998
2 27976 065.2235 059.0015 4784512 055.3479 341.0329 05.67106777 20583
0 SL-12 DEB
1 27976U 88085W   04239.52521171  .00019552  00000-0  41781-1 0  9996
2 27976 065.2414 058.7103 4784625 055.3156 341.0839 05.67141047 20612
0 SL-12 DEB
1 27976U 88085W   04239.52522169  .00018360  00000-0  39900-1 0  9990
2 27976 065.2241 058.7149 4782991 055.3608 341.0954 05.67139608 20614
0 SL-12 DEB
1 27976U 88085W   04240.23047884  .00022803  00000-0  51138-1 0  9990
2 27976 065.2154 058.3178 4779574 055.3127 341.0484 05.67170247 20650
0 SL-12 DEB
1 27976U 88085W   04240.58309806  .00025910  00000-0  58523-1 0  9990
2 27976 065.2149 058.1253 4778697 055.3065 341.0407 05.67191759 20670
0 SL-12 DEB
1 27976U 88085W   04240.93570522  .00024476  00000-0  55350-1 0  9995
2 27976 065.2136 057.9325 4778474 055.2674 341.0372 05.67207235 20691
0 SL-12 DEB
1 27976U 88085W   04241.46460980  .00018751  00000-0  42650-1 0  9998
2 27976 065.2126 057.6447 4777825 055.2470 341.0128 05.67217049 20722
0 SL-12 DEB
1 27976U 88085W   04241.99352118  .00009979  00000-0  22994-1 0  9990
2 27976 065.1982 057.3395 4776536 055.2281 341.0153 05.67216257 20759
0 SL-12 DEB
1 27976U 88085W   04242.69873336  .00007403  00000-0  17742-1 0  9993
2 27976 065.1846 056.9541 4772497 055.2280 341.0389 05.67224755 20794
0 SL-12 DEB
1 27976U 88085W   04243.40391318  .00008746  00000-0  20996-1 0  9994
2 27976 065.1807 056.5673 4772263 055.1602 341.0503 05.67239488 20833
0 SL-12 DEB
1 27976U 88085W   04243.58020054  .00012833  00000-0  31295-1 0  9995
2 27976 065.1820 056.4621 4770500 055.2224 341.0287 05.67249506 20845
0 SL-12 DEB
1 27976U 88085W   04244.46162442  .00021469  00000-0  52644-1 0  9997
2 27976 065.1754 055.9739 4769601 055.1820 341.0647 05.67296275 20896
0 SL-12 DEB
1 27976U 88085W   04244.81414425  .00023916  00000-0  59427-1 0  9992
2 27976 065.1718 055.7722 4768083 055.1215 341.0256 05.67314181 20913
0 SL-12 DEB
1 27976U 88085W   04244.99041103  .00022007  00000-0  54658-1 0  9991
2 27976 065.1694 055.6720 4768120 055.0884 341.0264 05.67319121 20925
0 SL-12 DEB
1 27976U 88085W   04245.69547424  .00015038  00000-0  38630-1 0  9994
2 27976 065.1610 055.3013 4764487 055.0955 341.0356 05.67342616 20967
0 SL-12 DEB
1 27976U 88085W   04246.40050149  .00011235  00000-0  28967-1 0  9994
2 27976 065.1577 054.9166 4764135 055.0214 341.0194 05.67353692 21003
0 SL-12 DEB
1 27976U 88085W   04246.57677560  .00011557  00000-0  29789-1 0  9994
2 27976 065.1700 054.8060 4763727 055.0099 341.0563 05.67358046 21019
0 SL-12 DEB
1 27976U 88085W   04246.75302304 +.00010476 +00000-0 +27511-1 0  9995
2 27976 065.1515 054.7039 4762156 055.0386 341.0273 05.67360213021020
0 SL-12 DEB
1 27976U 88085W   04246.75302304  .00010476  00000-0  27511-1 0  9995
2 27976 065.1515 054.7039 4762156 055.0386 341.0273 05.67360213 21020
0 SL-12 DEB
1 27976U 88085W   04247.28178188  .00009540  00000-0  25177-1 0  9991
2 27976 065.1542 054.4130 4761605 054.9798 341.0320 05.67369969 21055
0 SL-12 DEB
1 27976U 88085W   04247.63428790  .00008945  00000-0  24201-1 0  9992
2 27976 065.1519 054.2208 4758924 054.9978 341.0172 05.67372972 21078
0 SL-12 DEB
1 27976U 88085W   04247.98678797  .00006249  00000-0  16932-1 0  9991
2 27976 065.1450 054.0240 4758943 054.9380 341.0212 05.67373875 21094
0 SL-12 DEB
1 27976U 88085W   04248.69179573  .00007528  00000-0  20818-1 0  9997
2 27976 065.1478 053.6583 4756490 054.9290 341.0387 05.67386844 21132
0 SL-12 DEB
1 27976U 88085W   04248.86803595  .00005333  00000-0  14782-1 0  9999
2 27976 065.1415 053.5562 4756433 054.8968 341.0294 05.67385712 21148
0 SL-12 DEB
1 27976U 88085W   04249.57303290  .00007176  00000-0  20173-1 0  9993
2 27976 065.1389 053.1523 4754555 054.8772 341.0605 05.67397539 21187
0 SL-12 DEB
1 27976U 88085W   04249.74926467 +.00007400 +00000-0 +20912-1 0  9990
2 27976 065.1340 053.0539 4753938 054.8526 341.0427 05.67400380021193
0 SL-12 DEB
1 27976U 88085W   04249.92550764  .00006271  00000-0  17719-1 0  9999
2 27976 065.1309 052.9534 4754001 054.8264 341.0469 05.67400897 21203
0 SL-12 DEB
1 27976U 88085W   04250.63048454 +.00009073 +00000-0 +26342-1 0  9992
2 27976 065.1288 052.5770 4750697 054.8690 341.0694 05.67417751021248
0 SL-12 DEB
1 27976U 88085W   04250.98293546  .00004105  00000-0  11939-1 0  9991
2 27976 065.1213 052.3764 4750742 054.7916 341.0313 05.67414329 21266
0 SL-12 DEB
1 27976U 88085W   04251.33542455  .00013453  00000-0  39398-1 0  9992
2 27976 065.1226 052.1911 4749471 054.7766 341.0984 05.67440133 21280
0 SL-12 DEB
1 27976U 88085W   04251.68786230  .00013762  00000-0  40968-1 0  9999
2 27976 065.1200 052.0045 4747565 054.7358 341.0638 05.67450058 21304
0 SL-12 DEB
1 27976U 88085W   04251.86408639  .00008799  00000-0  26233-1 0  9996
2 27976 065.1050 051.8930 4747474 054.7216 341.0525 05.67446316 21317
0 SL-12 DEB
1 27976U 88085W   04252.39277827  .00009755  00000-0  29249-1 0  9991
2 27976 065.1044 051.6077 4746700 054.6635 341.0957 05.67459554 21345
0 SL-12 DEB
1 27976U 88085W   04252.74522186  .00010537  00000-0  32170-1 0  9998
2 27976 065.1027 051.3984 4744609 054.6980 341.0762 05.67467033 21366
0 SL-12 DEB
1 27976U 88085W   04253.27387875  .00014286  00000-0  43705-1 0  9992
2 27976 065.0966 051.0990 4744208 054.6572 341.0946 05.67488425 21398
0 SL-12 DEB
1 27976U 88085W   04253.45008261  .00013914  00000-0  43065-1 0  9997
2 27976 065.0946 051.0167 4742879 054.6979 341.0493 05.67491181 21407
0 SL-12 DEB
1 27976U 88085W   04253.62629568  .00012995  00000-0  40803-1 0  9990
2 27976 065.0962 050.9228 4741251 054.7260 341.0283 05.67492467 21414
0 SL-12 DEB
1 27976U 88085W   04254.50735673  .00007508  00000-0  24049-1 0  9991
2 27976 065.1073 050.4555 4738991 054.6158 340.9956 05.67494204 21469
0 SL-12 DEB
1 27976U 88085W   04254.85979724  .00002062  00000-0  67850-2 0  9994
2 27976 065.0780 050.2422 4736038 054.5171 341.0638 05.67494425 21484
0 SL-12 DEB
1 27976U 88085W   04254.85981511 +.00008068 +00000-0 +26446-1 0  9998
2 27976 065.0923 050.2574 4736272 054.5812 341.0880 05.67505098021481
0 SL-12 DEB
1 27976U 88085W   04255.56466460  .00007888  00000-0  26388-1 0  9992
2 27976 065.0702 049.8510 4733916 054.5035 341.1144 05.67510250 21524
0 SL-12 DEB
1 27976U 88085W   04255.74085214  .00004447  00000-0  14898-1 0  9997
2 27976 065.0683 049.7530 4733818 054.4774 341.0735 05.67507888 21532
0 SL-12 DEB
1 27976U 88085W   04256.26948611  .00009856  00000-0  33057-1 0  9991
2 27976 065.0657 049.4651 4733508 054.4426 341.1177 05.67526163 21565
0 SL-12 DEB
1 27976U 88085W   04256.62188070  .00003944  00000-0  13876-1 0  9995
2 27976 065.0738 049.2827 4728120 054.5600 341.0198 05.67516124 21587
0 SL-12 DEB
1 27976U 88085W   04257.32670685  .00002633  00000-0  93116-2 0  9991
2 27976 065.0756 048.8996 4727655 054.4614 341.0338 05.67517671 21624
0 SL-12 DEB
1 27976U 88085W   04257.50291839  .00002007  00000-0  70809-2 0  9990
2 27976 065.0689 048.7907 4728072 054.4168 341.0549 05.67517254 21630
0 SL-12 DEB
1 27976U 88085W   04257.85533759  .00003540  00000-0  12570-1 0  9991
2 27976 065.0606 048.6089 4727143 054.3849 341.0765 05.67521917 21655
0 SL-12 DEB
1 27976U 88085W   04258.56015724  .00000778  00000-0  28466-2 0  9999
2 27976 065.0567 048.2261 4724841 054.3600 341.0672 05.67519955 21696
0 SL-12 DEB
1 27976U 88085W   04258.91256846 -.00000091  00000-0 -28866-3 0  9995
2 27976 065.0546 048.0180 4724070 054.2739 341.0987 05.67520518 21716
0 SL-12 DEB
1 27976U 88085W   04262.43644148 +.00000106 +00000-0 +48923-3 0  9994
2 27976 065.0218 046.1047 4710722 054.0898 341.1625 05.67565307021913
0 SL-12 DEB
1 27976U 88085W   04270.71749061  .00000061  00000-0  48923-3 0  9994
2 27976 064.9515 041.5770 4676846 053.4197 338.4599 05.67329821 22386
0 SL-12 DEB
1 27976U 88085W   04273.53907339 -.00019156 +00000-0 -10668-0 0  9990
2 27976 064.9566 040.0855 4672367 053.4400 340.5228 05.67213617022547
0 SL-12 DEB
1 27976U 88085W   04274.41753861 -.00027327  00000-0 -16212+0 0  9996
2 27976 064.9479 039.6116 4664362 053.1920 334.2682 05.67153779 22595
0 SL-12 DEB
1 27976U 88085W   04274.77356881 -.00032526 +00000-0 -19567-0 0  9990
2 27976 064.9432 039.4297 4662689 053.1818 341.1718 05.67126581022619
0 SL-12 DEB
1 27976U 88085W   04275.30257281 -.00013609  00000-0 -81477-1 0  9995
2 27976 064.9392 039.1468 4662985 053.1165 341.3080 05.67144590 22642
0 SL-12 DEB
1 27976U 88085W   04275.65517009 -.00011092  00000-0 -67844-1 0  9996
2 27976 064.9278 038.9505 4660051 053.1044 341.1911 05.67134644 22664
0 SL-12 DEB
1 27976U 88085W   04275.83149551 -.00019561  00000-0 -11997+0 0  9994
2 27976 064.9157 038.8408 4660037 052.9963 341.2088 05.67115405 22673
0 SL-12 DEB
1 27976U 88085W   04276.36051747 -.00023781  00000-0 -14784+0 0  9998
2 27976 064.9201 038.5684 4658456 053.0481 341.1982 05.67083333 22705
0 SL-12 DEB
1 27976U 88085W   04276.71321217 -.00028145  00000-0 -17818+0 0  9999
2 27976 064.9262 038.3834 4656171 053.0581 341.1865 05.67056189 22721
0 SL-12 DEB
1 27976U 88085W   04277.06592273 -.00033368  00000-0 -21254+0 0  9992
2 27976 064.9346 038.2044 4655582 052.9926 341.1842 05.67023194 22749
0 SL-12 DEB
1 27976U 88085W   04277.41866867 -.00028952  00000-0 -19148+0 0  9996
2 27976 064.9255 037.9989 4650464 052.9740 341.2203 05.67005078 22765
0 SL-12 DEB
1 27976U 88085W   04277.59502450 -.00000017  00000-0  10000-3 0  9993
2 27976 064.9150 037.9003 4647883 052.8667 341.2421 05.67012487 22779
0 SL-12 DEB
1 27976U 88085W   04279.71162664 -.00023614  00000-0  00000+0 0  9991
2 27976 064.9108 036.7589 4646104 052.6692 341.3242 05.66903998 22899
0 SL-12 DEB
1 27976U 88085W   04280.76959539 -.00000011  00000-0  10000-3 0  9994
2 27976 064.8995 036.2112 4636349 052.6131 340.4313 05.66874173 22955
0 SL-12 DEB
1 27976U 88085W   04280.76959540 -.00000011 +00000-0 +10000-3 0  9996
2 27976 064.8995 036.2112 4636349 052.6131 340.4313 05.66874173022955
0 SL-12 DEB
1 27976U 88085W   04284.47458018 -.00025573  00000-0 -21302+0 0  9996
2 27976 064.8637 034.2338 4619142 052.2862 340.5195 05.66704835 23165
0 SL-12 DEB
1 27976U 88085W   04284.82789395 -.00025390  00000-0 -20990+0 0  9999
2 27976 064.8513 034.0369 4620274 052.3047 341.3306 05.66703415 23182
0 SL-12 DEB
1 27976U 88085W   04285.35727810 -.00027274  00000-0 -23014+0 0  9995
2 27976 064.8707 033.7747 4617417 052.1567 341.3566 05.66675246 23215
0 SL-12 DEB
1 27976U 88085W   04285.71022142 -.00015401  00000-0 -12947+0 0  9993
2 27976 064.8671 033.5893 4617809 052.1467 341.3756 05.66676094 23234
0 SL-12 DEB
1 27976U 88085W   04286.23962914 -.00007158  00000-0 -59948-1 0  9995
2 27976 064.8672 033.3118 4617905 052.0991 341.4242 05.66682694 23268
0 SL-12 DEB
1 27976U 88085W   04286.59254256 -.00029558  00000-0 -25181+0 0  9995
2 27976 064.8563 033.1085 4616243 052.0581 341.3371 05.66637494 23289
0 SL-12 DEB
1 27976U 88085W   04287.29851932 -.00006911  00000-0 -59099-1 0  9992
2 27976 064.8585 032.7364 4614898 052.0655 341.5236 05.66659489 23329
0 SL-12 DEB
1 27976U 88085W   04287.65139715 -.00018956  00000-0 -16693+0 0  9993
2 27976 064.8713 032.5667 4611203 052.0026 341.3562 05.66626769 23342
0 SL-12 DEB
1 27976U 88085W   04287.82789476 -.00023047  00000-0 -20268+0 0  9997
2 27976 064.8691 032.4689 4611555 051.9553 341.3885 05.66612829 23354
0 SL-12 DEB
1 27976U 88085W   04288.35738213 -.00007785  00000-0 -69709-1 0  9995
2 27976 064.8743 032.1941 4608243 051.9737 341.4747 05.66626059 23385
0 SL-12 DEB
1 27976U 88085W   04288.71030696 -.00012773  00000-0 -11503+0 0  9995
2 27976 064.8628 032.0116 4607749 051.8597 341.4076 05.66611969 23405
0 SL-12 DEB
1 27976U 88085W   04288.71033584 -.00013544  00000-0  00000+0 0  9990
2 27976 064.8692 031.9923 4610125 051.8723 341.4524 05.66607336 23415
0 SL-12 DEB
1 27976U 88085W   04289.59278123 -.00013871 +00000-0 -12653-0 0  9999
2 27976 064.8581 031.5313 4606014 051.8277 341.4346 05.66585782023453
0 SL-12 DEB
1 27976U 88085W   04289.76927784 -.00020698  00000-0 -18864+0 0  9996
2 27976 064.8565 031.4363 4606401 051.7714 341.4387 05.66568951 23469
0 SL-12 DEB
1 27976U 88085W   04290.29880796 -.00020868  00000-0 -19396+0 0  9997
2 27976 064.8600 031.1698 4603534 051.8133 341.4612 05.66549046 23495
0 SL-12 DEB
1 27976U 88085W   04291.53441664 -.00027300  00000-0 -26832+0 0  9993
2 27976 064.8519 030.5237 4595553 051.7270 341.3201 05.66459039 23561
0 SL-12 DEB
1 27976U 88085W   04292.06409487 -.00044171  00000-0 -43790+0 0  9996
2 27976 064.8599 030.2485 4594749 051.5220 341.4307 05.66389718 23597
0 SL-12 DEB
1 27976U 88085W   04292.41726185 -.00041737  00000-0 -42815+0 0  9994
2 27976 064.8524 030.0575 4589570 051.6127 341.4842 05.66360205 23613
0 SL-12 DEB
1 27976U 88085W   04292.59381232 -.00041963  00000-0 -43146+0 0  9992
2 27976 064.8444 029.9599 4589306 051.5405 341.4682 05.66344687 23621
0 SL-12 DEB
1 27976U 88085W   04292.77039005 -.00043042  00000-0 -44174+0 0  9992
2 27976 064.8435 029.8617 4589713 051.4570 341.5011 05.66328251 23632
0 SL-12 DEB
1 27976U 88085W   04293.47674724 -.00019270  00000-0 -20300+0 0  9994
2 27976 064.8532 029.5104 4585355 051.4192 341.7068 05.66336725 23679
0 SL-12 DEB
1 27976U 88085W   04293.65322438 -.00016263  00000-0 -17115+0 0  9995
2 27976 064.8520 029.4189 4585460 051.3636 341.5283 05.66334969 23683
0 SL-12 DEB
1 27976U 88085W   04294.53612641 -.00011869  00000-0 -12853+0 0  9992
2 27976 064.8353 028.9415 4580873 051.3615 341.5367 05.66312513 23733
0 SL-12 DEB
1 27976U 88085W   04295.41904084 -.00011863  00000-0 -13095+0 0  9998
2 27976 064.8389 028.4856 4577901 051.2993 341.5104 05.66285871 23782
0 SL-12 DEB
1 27976U 88085W   04295.59562377  .00000002  00000-0  18771-4 0  9994
2 27976 064.8419 028.3824 4578930 051.2546 341.5600 05.66314853 23792
0 SL-12 DEB
1 27976U 88085W   04296.30201487 -.00010139  00000-0 -11297+0 0  9991
2 27976 064.8560 028.0512 4576311 051.1381 341.5789 05.66269557 23830
0 SL-12 DEB
1 27976U 88085W   04296.65520443  .00010864  00000-0  12486+0 0  9999
2 27976 064.8385 027.8450 4572825 051.0090 341.6077 05.66266380 23859
0 SL-12 DEB
1 27976U 88085W   04297.00839492 -.00005145  00000-0 -57956-1 0  9997
2 27976 064.8532 027.6772 4573627 050.9591 341.6236 05.66264882 23877
0 SL-12 DEB
1 27976U 88085W   04297.71478525 -.00006232  00000-0 -71016-1 0  9992
2 27976 064.8343 027.2857 4571997 050.8935 341.6370 05.66255618 23917
0 SL-12 DEB
1 27976U 88085W   04298.06799279 -.00010336  00000-0 -11855+0 0  9996
2 27976 064.8411 027.0984 4571607 050.8959 341.6313 05.66241719 23932
0 SL-12 DEB
1 27976U 88085W   04298.59782258 -.00022306  00000-0 -26107+0 0  9999
2 27976 064.8371 026.8191 4569035 050.8423 341.6355 05.66205380 23965
0 SL-12 DEB
1 27976U 88085W   04299.30431668 -.00004754  00000-0 -56257-1 0  9993
2 27976 064.8419 026.4665 4565321 050.8428 341.7501 05.66217273 24003
0 SL-12 DEB
1 27976U 88085W   04299.65748505 -.00011144  00000-0 -13344+0 0  9991
2 27976 064.8394 026.2793 4564792 050.7036 341.6606 05.66200508 24020
0 SL-12 DEB
1 27976U 88085W   04300.18735860 -.00021592  00000-0 -25951+0 0  9997
2 27976 064.8371 026.0025 4564910 050.6866 341.6469 05.66162236 24058
0 SL-12 DEB
1 27976U 88085W   04300.54064835 -.00021661  00000-0 -26827+0 0  9994
2 27976 064.8269 025.8096 4560031 050.7022 341.7092 05.66146760 24073
0 SL-12 DEB
1 27976U 88085W   04300.71726269 -.00028250  00000-0 -34935+0 0  9999
2 27976 064.8261 025.7144 4560526 050.6225 341.6863 05.66128887 24087
0 SL-12 DEB
1 27976U 88085W   04301.24720684 -.00014242  00000-0 -17634+0 0  9996
2 27976 064.8279 025.4502 4559875 050.5836 341.8024 05.66137340 24112
0 SL-12 DEB
1 27976U 88085W   04301.60044428 -.00014870  00000-0 -18838+0 0  9995
2 27976 064.8259 025.2671 4556209 050.6090 341.6937 05.66119537 24137
0 SL-12 DEB
1 27976U 88085W   04302.13038015 -.00017056  00000-0 -21599+0 0  9996
2 27976 064.8239 024.9960 4556525 050.5237 341.7115 05.66098248 24162
0 SL-12 DEB
1 27976U 88085W   04302.48369316 -.00011430  00000-0 -14706+0 0  9997
2 27976 064.8266 024.8153 4553563 050.5150 341.7554 05.66097427 24185
0 SL-12 DEB
1 27976U 88085W   04302.66030951  .00000002  00000-0  28602-4 0  9993
2 27976 064.8389 024.6995 4550896 050.5802 341.6997 05.66119944 24205
0 SL-12 DEB
1 27976U 88085W   04302.66032605 -.00018485  00000-0 -23862+0 0  9995
2 27976 064.8250 024.7196 4553478 050.4170 341.7435 05.66081914 24193
0 SL-12 DEB
1 27976U 88085W   04303.01364950 -.00012979  00000-0 -16749+0 0  9994
2 27976 064.8325 024.5460 4553303 050.3763 341.8021 05.66082473 24218
0 SL-12 DEB
1 27976U 88085W   04303.36695160 -.00013409  00000-0 -17411+0 0  9998
2 27976 064.8232 024.3486 4552388 050.3783 341.7774 05.66070568 24233
0 SL-12 DEB
1 27976U 88085W   04303.72027155 -.00012184  00000-0 -15826+0 0  9998
2 27976 064.8176 024.1603 4552318 050.2986 341.8104 05.66063496 24258
0 SL-12 DEB
1 27976U 88085W   04304.42692754 -.00009112  00000-0 -12049+0 0  9990
2 27976 064.8188 023.8023 4549129 050.3328 341.8311 05.66054870 24290
0 SL-12 DEB
1 27976U 88085W   04304.60356816 -.00011328  00000-0 -15013+0 0  9992
2 27976 064.8218 023.7155 4549010 050.2734 341.8010 05.66048114 24300
0 SL-12 DEB
1 27976U 88085W   04305.31024648 -.00007063  00000-0 -93936-1 0  9999
2 27976 064.8282 023.3518 4547993 050.2357 341.8543 05.66043350 24341
0 SL-12 DEB
1 27976U 88085W   04305.66356722 -.00006655  00000-0 -88521-1 0  9998
2 27976 064.8219 023.1640 4547944 050.1832 341.8447 05.66038971 24366
0 SL-12 DEB
1 27976U 88085W   04306.19357743 -.00007302  00000-0 -97487-1 0  9992
2 27976 064.8241 022.8887 4547509 050.1322 341.8656 05.66030344 24392
0 SL-12 DEB
1 27976U 88085W   04306.54692265 -.00007002 +00000-0 -94067-1 0  9990
2 27976 064.8168 022.6962 4546450 050.0960 341.8827 05.66024802024418
0 SL-12 DEB
1 27976U 88085W   04307.07694317 -.00004700  00000-0 -62947-1 0  9993
2 27976 064.8172 022.4250 4546378 050.0258 341.9191 05.66023620 24445
0 SL-12 DEB
1 27976U 88085W   04307.25361172 -.00004861  00000-0 -65408-1 0  9996
2 27976 064.8148 022.3406 4545651 050.0330 341.9081 05.66021968 24456
0 SL-12 DEB
1 27976U 88085W   04307.60695767 -.00004622 +00000-0 -62379-1 0  9994
2 27976 064.8158 022.1607 4545075 050.0152 341.9095 05.66018519024475
0 SL-12 DEB
1 27976U 88085W   04308.31366415 -.00004406  00000-0 -59745-1 0  9991
2 27976 064.8174 021.7940 4544184 050.0157 341.9160 05.66011630 24518
0 SL-12 DEB
1 27976U 88085W   04308.66701288 -.00004287  00000-0 -58199-1 0  9999
2 27976 064.8215 021.6172 4543940 049.9324 341.9337 05.66009001 24539
0 SL-12 DEB
1 27976U 88085W   04309.37372752 -.00005190 +00000-0 -70879-1 0  9991
2 27976 064.8140 021.2413 4543297 049.8739 341.9591 05.66001932024575
0 SL-12 DEB
1 27976U 88085W   04309.72708847 -.00005758  00000-0 -78687-1 0  9993
2 27976 064.8136 021.0591 4543357 049.8420 341.9701 05.65997242 24591
0 SL-12 DEB
1 27976U 88085W   04310.25713685 -.00002383  00000-0 -32246-1 0  9991
2 27976 064.8169 020.7914 4542684 049.7926 342.0149 05.66001051 24621
0 SL-12 DEB
1 27976U 88085W   04310.61048542  .00001081  00000-0  15743-1 0  9999
2 27976 064.8100 020.6070 4542348 049.7876 341.9993 05.66005206 24642
0 SL-12 DEB
1 27976U 88085W   04311.14051688 -.00003469  00000-0 -47445-1 0  9991
2 27976 064.8172 020.3427 4542067 049.7575 341.9743 05.65993910 24671
0 SL-12 DEB
1 27976U 88085W   04311.31721242 -.00003560 +00000-0 -48844-1 0  9996
2 27976 064.8219 020.2519 4541614 049.7615 342.0013 05.65992735024683
0 SL-12 DEB
1 27976U 88085W   04312.37730552 -.00004107  00000-0 -56769-1 0  9990
2 27976 064.8231 019.7100 4540698 049.6463 342.0385 05.65987734 24749
0 SL-12 DEB
1 27976U 88085W   04312.90736191 -.00001487  00000-0 -20081-1 0  9990
2 27976 064.8225 019.4370 4540532 049.6332 342.0590 05.65989933 24774
0 SL-12 DEB
1 27976U 88085W   04313.61408943 -.00000615  00000-0 -78783-2 0  9995
2 27976 064.8217 019.0732 4540029 049.5486 342.0767 05.65989683 24816
0 SL-12 DEB
1 27976U 88085W   04314.67418504 -.00001569  00000-0 -21388-1 0  9993
2 27976 064.8149 018.5148 4539480 049.4583 342.1108 05.65989471 24872
0 SL-12 DEB
1 27976U 88085W   04315.20424174  .00000208  00000-0  36905-2 0  9992
2 27976 064.8151 018.2474 4539018 049.4287 342.1451 05.65993142 24907
0 SL-12 DEB
1 27976U 88085W   04315.91096760  .00000016  00000-0  95013-3 0  9999
2 27976 064.8203 017.8880 4538660 049.3621 342.1596 05.65992830 24941
0 SL-12 DEB
1 27976U 88085W   04315.91096760 +.00000016 +00000-0 +95013-3 0  9999
2 27976 064.8203 017.8880 4538660 049.3621 342.1596 05.65992830024941
0 SL-12 DEB
1 27976U 88085W   04316.61770054 -.00000811  00000-0 -10828-1 0  9996
2 27976 064.8232 017.5259 4538257 049.3023 342.1889 05.65992267 24981
0 SL-12 DEB
1 27976U 88085W   04317.67780215 -.00003748  00000-0 -52786-1 0  9994
2 27976 064.8348 016.9928 4537719 049.2101 342.2175 05.65984130 25040
0 SL-12 DEB
1 27976U 88085W   04317.67780215 -.00003748 +00000-0 -52786-1 0  9994
2 27976 064.8348 016.9928 4537719 049.2101 342.2175 05.65984130025040
0 SL-12 DEB
1 27976U 88085W   04318.20786735 -.00001137  00000-0 -15599-1 0  9998
2 27976 064.8392 016.7298 4537391 049.1650 342.2661 05.65987716 25077
0 SL-12 DEB
1 27976U 88085W   04318.56122854 -.00002358 +00000-0 -33125-1 0  9994
2 27976 064.8445 016.5544 4536957 049.1191 342.2621 05.65984207025095
0 SL-12 DEB
1 27976U 88085W   04318.91460329 -.00001922  00000-0 -26904-1 0  9998
2 27976 064.8456 016.3747 4536931 049.1033 342.2772 05.65983639 25115
0 SL-12 DEB
1 27976U 88085W   04319.62134715 -.00002889 +00000-0 -40871-1 0  9996
2 27976 064.8418 016.0061 4536455 049.0740 342.2857 05.65978783025156
0 SL-12 DEB
1 27976U 88085W   04320.15141160 -.00003008  00000-0 -42604-1 0  9998
2 27976 064.8430 015.7368 4536354 049.0239 342.3076 05.65975554 25187
0 SL-12 DEB
1 27976U 88085W   04320.50478959 -.00005394  00000-0 -77147-1 0  9996
2 27976 064.8430 015.5533 4535810 048.9130 342.3420 05.65968539 25204
0 SL-12 DEB
1 27976U 88085W   04320.85817716 -.00004234 +00000-0 -60396-1 0  9992
2 27976 064.8433 015.3716 4535836 048.8771 342.3726 05.65967598025221
0 SL-12 DEB
1 27976U 88085W   04321.21155750 -.00003797  00000-0 -54198-1 0  9992
2 27976 064.8470 015.1932 4535471 048.8528 342.3815 05.65965967 25244
0 SL-12 DEB
1 27976U 88085W   04322.09501913 -.00005269 +00000-0 -75624-1 0  9998
2 27976 064.8521 014.7453 4535053 048.7902 342.3978 05.65955186025292
0 SL-12 DEB
1 27976U 88085W   04322.44841004 -.00004372  00000-0 -62731-1 0  9994
2 27976 064.8539 014.5609 4534708 048.7571 342.4149 05.65953082 25317
0 SL-12 DEB
1 27976U 88085W   04322.62510335 -.00003461 +00000-0 -49490-1 0  9999
2 27976 064.8603 014.4811 4534689 048.7255 342.4227 05.65953236025329
0 SL-12 DEB
1 27976U 88085W   04323.15519067 -.00002762  00000-0 -39346-1 0  9991
2 27976 064.8605 014.2128 4534510 048.6836 342.4450 05.65951859 25357
0 SL-12 DEB
1 27976U 88085W   04323.50857924 -.00004813  00000-0 -69328-1 0  9999
2 27976 064.8589 014.0308 4534058 048.6643 342.4404 05.65945609 25376
0 SL-12 DEB
1 27976U 88085W   04324.03867567 -.00002276  00000-0 -32335-1 0  9991
2 27976 064.8579 013.7544 4533863 048.6252 342.4734 05.65947189 25407
0 SL-12 DEB
1 27976U 88085W   04324.39206254  .00000059  00000-0  17767-2 0  9998
2 27976 064.8573 013.5770 4533231 048.6135 342.4722 05.65950807 25429
0 SL-12 DEB
1 27976U 88085W   04324.56875187 +.00000277 +00000-0 +49847-2 0  9990
2 27976 064.8552 013.4826 4533395 048.5802 342.4714 05.65951182025437
0 SL-12 DEB
1 27976U 88085W   04325.62892515  .00001025  00000-0  15978-1 0  9991
2 27976 064.8578 012.9400 4533313 048.4850 342.5116 05.65954089 25491
0 SL-12 DEB
1 27976U 88085W   04326.15901007 -.00000944  00000-0 -12814-1 0  9994
2 27976 064.8593 012.6675 4533561 048.4265 342.5201 05.65949205 25527
0 SL-12 DEB
1 27976U 88085W   04326.51241259 -.00008684  00000-0 -12634+0 0  9997
2 27976 064.8677 012.4893 4533185 048.3566 342.5422 05.65933197 25545
0 SL-12 DEB
1 27976U 88085W   04326.68912670 -.00009176 +00000-0 -13364-0 0  9996
2 27976 064.8662 012.4039 4533090 048.3444 342.5712 05.65929390025554
0 SL-12 DEB
1 27976U 88085W   04327.57260443 -.00000726  00000-0 -97248-2 0  9996
2 27976 064.8701 011.9544 4532237 048.2339 342.6091 05.65944404 25607
0 SL-12 DEB
1 27976U 88085W   04328.45609306 -.00000027  00000-0  52368-3 0  9997
2 27976 064.8710 011.5095 4532186 048.1455 342.6472 05.65946056 25658
0 SL-12 DEB
1 27976U 88085W   04331.81335684  .00005841  00000-0  87309-1 0  9995
2 27976 064.9092 009.8376 4531081 047.6648 342.8081 05.65958594 25844
0 SL-12 DEB
1 27976U 88085W   04331.81338500 +.00005841 +00000-0 +87309-1 0  9995
2 27976 064.9092 009.8376 4531081 047.6648 342.8655 05.65958595025842
0 SL-12 DEB
1 27976U 88085W   04332.52015578 +.00005609 +00000-0 +83643-1 0  9990
2 27976 064.9090 009.4733 4531448 047.6026 342.8935 05.65966663025880
0 SL-12 DEB
1 27976U 88085W   04333.58029141  .00000365  00000-0  60682-2 0  9991
2 27976 064.9103 008.9323 4531613 047.5071 342.9195 05.65968734 25944
0 SL-12 DEB
1 27976U 88085W   04334.81712226  .00005720  00000-0  84990-1 0  9998
2 27976 064.9168 008.3118 4531883 047.3881 342.9951 05.65984437 26014
0 SL-12 DEB
1 27976U 88085W   04334.81712226 +.00005720 +00000-0 +84990-1 0  9998
2 27976 064.9168 008.3118 4531883 047.3881 342.9951 05.65984437026014
0 SL-12 DEB
1 27976U 88085W   04335.52384978 +.00004866 +00000-0 +72383-1 0  9999
2 27976 064.9185 007.9484 4531894 047.3185 343.0131 05.65993386026052
0 SL-12 DEB
1 27976U 88085W   04336.05389638  .00005765  00000-0  85553-1 0  9998
2 27976 064.9214 007.6827 4532009 047.2777 343.0366 05.66001442 26085
0 SL-12 DEB
1 27976U 88085W   04336.58393142 +.00006758 +00000-0 +10013-0 0  9992
2 27976 064.9227 007.4073 4532010 047.2260 343.0537 05.66009390026113
0 SL-12 DEB
1 27976U 88085W   04337.11396016  .00007496  00000-0  11077+0 0  9995
2 27976 064.9244 007.1453 4532296 047.1729 343.0723 05.66018197 26141
0 SL-12 DEB
1 27976U 88085W   04337.46730930 +.00010072 +00000-0 +14812-0 0  9995
2 27976 064.9309 006.9724 4532812 047.1407 343.0908 05.66028237026161
0 SL-12 DEB
1 27976U 88085W   04337.82068656  .00000004  00000-0  55260-4 0  9994
2 27976 064.9290 006.7732 4532496 047.1519 343.1059 05.66005520 26189
0 SL-12 DEB
1 27976U 88085W   04338.17398681  .00020434  00000-0  29950+0 0  9998
2 27976 064.9347 006.6142 4532669 047.0618 343.1938 05.66073503 26202
0 SL-12 DEB
1 27976U 88085W   04338.52726134 +.00020438 +00000-0 +29950-0 0  9990
2 27976 064.9346 006.4335 4532595 047.0401 343.1283 05.66087978026227
0 SL-12 DEB
1 27976U 88085W   04339.05721044  .00014317  00000-0  20879+0 0  9993
2 27976 064.9438 006.1745 4533567 046.9599 343.1157 05.66092340 26259
0 SL-12 DEB
1 27976U 88085W   04339.41053539  .00001505  00000-0  22192-1 0  9997
2 27976 064.9511 006.0021 4536252 046.8480 343.1752 05.66078243 26278
0 SL-12 DEB
1 27976U 88085W   04339.58721598 +.00001124 +00000-0 +16710-1 0  9998
2 27976 064.9498 005.9084 4536389 046.8279 343.2322 05.66078082026282
0 SL-12 DEB
1 27976U 88085W   04340.47048337  .00007517  00000-0  10804+0 0  9999
2 27976 064.9528 005.4621 4536501 046.7610 343.2621 05.66094978 26332
0 SL-12 DEB
1 27976U 88085W   04341.17708139  .00019715  00000-0  28016+0 0  9997
2 27976 064.9591 005.1073 4537521 046.6561 343.3974 05.66143515 26375
0 SL-12 DEB
1 27976U 88085W   04341.53030668  .00022112  00000-0  31402+0 0  9990
2 27976 064.9626 004.9316 4537458 046.6279 343.3246 05.66161594 26397
0 SL-12 DEB
1 27976U 88085W   04342.06018609  .00014222  00000-0  20176+0 0  9999
2 27976 064.9668 004.6711 4537782 046.5885 343.2909 05.66163269 26421
0 SL-12 DEB
1 27976U 88085W   04342.23684022  .00012905  00000-0  18160+0 0  9992
2 27976 064.9674 004.5767 4539186 046.5666 343.3519 05.66167973 26430
0 SL-12 DEB
1 27976U 88085W   04342.76672252  .00008982  00000-0  12635+0 0  9993
2 27976 064.9693 004.3079 4539360 046.5085 343.3663 05.66172922 26467
0 SL-12 DEB
1 27976U 88085W   04343.11998346  .00006538  00000-0  91542-1 0  9999
2 27976 064.9700 004.1264 4540392 046.4606 343.3890 05.66172841 26489
0 SL-12 DEB
1 27976U 88085W   04343.47324655 -.00001637  00000-0 -22269-1 0  9991
2 27976 064.9790 003.9502 4541305 046.4039 343.4149 05.66163324 26502
0 SL-12 DEB
1 27976U 88085W   04344.00314950  .00009540  00000-0  13225+0 0  9997
2 27976 064.9795 003.6791 4541659 046.3587 343.5248 05.66192510 26536
0 SL-12 DEB
1 27976U 88085W   04344.35635780  .00014971  00000-0  20671+0 0  9999
2 27976 064.9853 003.5046 4542035 046.3043 343.4864 05.66207461 26556
0 SL-12 DEB
1 27976U 88085W   04344.53297290 +.00014632 +00000-0 +20184-0 0  9993
2 27976 064.9863 003.4162 4542163 046.2801 343.4936 05.66211988026568
0 SL-12 DEB
1 27976U 88085W   04344.88621773  .00010445  00000-0  14440+0 0  9993
2 27976 064.9901 003.2280 4541370 046.2859 343.5148 05.66212290 26587
0 SL-12 DEB
1 27976U 88085W   04345.06281151  .00012792  00000-0  17574+0 0  9994
2 27976 064.9914 003.1579 4542805 046.2415 343.5002 05.66223059 26598
0 SL-12 DEB
1 27976U 88085W   04345.59264713  .00027306  00000-0  37101+0 0  9992
2 27976 065.0051 002.9003 4544200 046.1734 343.5930 05.66269145 26625
0 SL-12 DEB
1 27976U 88085W   04346.29899428  .00020416  00000-0  27331+0 0  9996
2 27976 064.9962 002.5267 4546640 046.0697 343.5581 05.66289946 26666
0 SL-12 DEB
1 27976U 88085W   04346.47560716  .00016248  00000-0  21791+0 0  9993
2 27976 064.9982 002.4382 4546379 046.0489 343.6075 05.66290027 26675
0 SL-12 DEB
1 27976U 88085W   04347.18195642  .00005629  00000-0  75257-1 0  9993
2 27976 065.0045 002.0808 4547481 045.9804 343.5664 05.66283363 26713
0 SL-12 DEB
1 27976U 88085W   04347.53517967  .00008025  00000-0  10718+0 0  9992
2 27976 065.0035 001.8981 4547392 045.9757 343.6555 05.66291666 26736
0 SL-12 DEB
1 27976U 88085W   04348.24152613  .00027545  00000-0  36000+0 0  9994
2 27976 065.0117 001.5499 4550203 045.8642 343.8115 05.66360837 26770
0 SL-12 DEB
1 27976U 88085W   04348.59460227 +.00030261 +00000-0 +39629-0 0  9995
2 27976 065.0224 001.3811 4549689 045.8313 343.7166 05.66384442026791
0 SL-12 DEB
1 27976U 88085W   04349.12426619  .00017853  00000-0  23026+0 0  9997
2 27976 065.0219 001.1112 4552414 045.7492 343.6614 05.66383150 26820
0 SL-12 DEB
1 27976U 88085W   04349.47743037 +.00013986 +00000-0 +18024-0 0  9997
2 27976 065.0372 000.9466 4552613 045.7348 343.7504 05.66388720026849
0 SL-12 DEB
1 27976U 88085W   04350.00710607  .00014709  00000-0  18915+0 0  9997
2 27976 065.0368 000.6714 4552868 045.6752 343.7825 05.66404924 26871
0 SL-12 DEB
1 27976U 88085W   04350.18365994  .00012002  00000-0  15244+0 0  9997
2 27976 065.0364 000.5792 4555050 045.6227 343.7905 05.66405712 26881
0 SL-12 DEB
1 27976U 88085W   04350.53677686  .00014932  00000-0  18961+0 0  9993
2 27976 065.0446 000.4127 4554919 045.6052 343.8247 05.66419530 26908
0 SL-12 DEB
1 27976U 88085W   04351.06641562  .00013433  00000-0  16923+0 0  9997
2 27976 065.0446 000.1382 4556226 045.5258 343.8348 05.66431283 26932
0 SL-12 DEB
1 27976U 88085W   04351.59606197  .00015120  00000-0  18949+0 0  9995
2 27976 065.0468 359.8622 4556396 045.5048 343.8863 05.66450988 26960
0 SL-12 DEB
1 27976U 88085W   04351.77259502  .00011834  00000-0  14740+0 0  9992
2 27976 065.0479 359.7829 4558098 045.4671 343.8687 05.66448771 26974
0 SL-12 DEB
1 27976U 88085W   04352.12568198  .00011646  00000-0  14338+0 0  9990
2 27976 065.0499 359.5996 4559998 045.3927 343.9179 05.66458935 26994
0 SL-12 DEB
1 27976U 88085W   04352.83182402  .00016916  00000-0  20731+0 0  9997
2 27976 065.0542 359.2454 4560367 045.3583 343.9560 05.66488284 27039
0 SL-12 DEB
1 27976U 88085W   04352.83182402 +.00016916 +00000-0 +20731-0 0  9998
2 27976 065.0542 359.2454 4560367 045.3583 343.9560 05.66488284027039
0 SL-12 DEB
1 27976U 88085W   04353.53792296  .00019059  00000-0  22957+0 0  9996
2 27976 065.0592 358.8891 4562988 045.2703 343.9917 05.66517509 27071
0 SL-12 DEB
1 27976U 88085W   04354.06746893  .00017944  00000-0  21393+0 0  9991
2 27976 065.0598 358.6144 4564576 045.2024 343.9995 05.66534417 27104
0 SL-12 DEB
1 27976U 88085W   04354.42050389  .00029528  00000-0  34723+0 0  9991
2 27976 065.0655 358.4392 4566446 045.1666 344.0624 05.66570200 27123
0 SL-12 DEB
1 27976U 88085W   04354.77349476 +.00029119 +00000-0 +34217-0 0  9992
2 27976 065.0654 358.2583 4566425 045.1467 344.0503 05.66589967027146
0 SL-12 DEB
1 27976U 88085W   04355.12648343  .00025696  00000-0  29809+0 0  9993
2 27976 065.0670 358.0869 4568475 045.0804 344.0561 05.66602010 27161
0 SL-12 DEB
1 27976U 88085W   04355.47948070  .00013225  00000-0  15402+0 0  9990
2 27976 065.0783 357.9129 4568080 045.0760 344.0600 05.66596447 27188
0 SL-12 DEB
1 27976U 88085W   04356.00897405  .00011576  00000-0  13417+0 0  9996
2 27976 065.0818 357.6552 4568852 045.0137 344.1020 05.66606145 27217
0 SL-12 DEB
1 27976U 88085W   04356.18547416  .00011374  00000-0  12926+0 0  9999
2 27976 065.0767 357.5546 4572010 044.9781 344.1419 05.66613367 27223
0 SL-12 DEB
1 27976U 88085W   04356.53845488  .00025761  00000-0  29263+0 0  9995
2 27976 065.0856 357.3838 4571543 045.0065 344.1792 05.66650483 27247
0 SL-12 DEB
1 27976U 88085W   04357.24432363  .00040393  00000-0  44693+0 0  9990
2 27976 065.0931 357.0102 4575130 044.8334 344.3352 05.66736934 27288
0 SL-12 DEB
1 27976U 88085W   04357.42071778  .00032491  00000-0  35981+0 0  9999
2 27976 065.0986 356.9254 4575008 044.8472 344.2055 05.66737689 27299
0 SL-12 DEB
1 27976U 88085W   04357.95006025  .00015545  00000-0  17260+0 0  9991
2 27976 065.1000 356.6553 4574815 044.8240 344.1285 05.66725464 27320
0 SL-12 DEB
1 27976U 88085W   04358.30301416  .00019085  00000-0  20594+0 0  9990
2 27976 065.1169 356.5035 4579218 044.7246 344.2762 05.66746545 27343
0 SL-12 DEB
1 27976U 88085W   04358.83235426 +.00017659 +00000-0 +19047-0 0  9992
2 27976 065.1149 356.2333 4579181 044.7043 344.2865 05.66762941027378
0 SL-12 DEB
1 27976U 88085W   04359.71455720  .00018271  00000-0  19312+0 0  9996
2 27976 065.1180 355.7857 4582173 044.5949 344.3555 05.66797324 27422
0 SL-12 DEB
1 27976U 88085W   04360.06741522  .00019403  00000-0  20255+0 0  9990
2 27976 065.1186 355.6014 4584023 044.5215 344.3912 05.66815466 27441
0 SL-12 DEB
1 27976U 88085W   04360.42026229  .00023228  00000-0  24090+0 0  9991
2 27976 065.1314 355.4316 4584884 044.5256 344.3897 05.66835648 27465
0 SL-12 DEB
1 27976U 88085W   04360.77309735 +.00020488 +00000-0 +21186-0 0  9994
2 27976 065.1305 355.2503 4585308 044.5056 344.3827 05.66845025027486
0 SL-12 DEB
1 27976U 88085W   04361.12593488  .00020673  00000-0  21035+0 0  9992
2 27976 065.1418 355.0744 4587739 044.4352 344.4267 05.66862914 27502
0 SL-12 DEB
1 27976U 88085W   04361.47875835  .00024818  00000-0  25223+0 0  9997
2 27976 065.1477 354.9042 4587746 044.4399 344.4426 05.66885286 27521
0 SL-12 DEB
1 27976U 88085W   04362.00795542  .00020470  00000-0  20594+0 0  9999
2 27976 065.1453 354.6203 4589289 044.3555 344.4325 05.66899422 27556
0 SL-12 DEB
1 27976U 88085W   04362.36077065  .00021519  00000-0  21371+0 0  9990
2 27976 065.1426 354.4363 4591188 044.3141 344.4910 05.66917445 27571
0 SL-12 DEB
1 27976U 88085W   04362.71355738  .00025847  00000-0  25540+0 0  9995
2 27976 065.1503 354.2629 4591765 044.2899 344.5228 05.66943579 27592
0 SL-12 DEB
1 27976U 88085W   04363.24269594  .00019873  00000-0  19112+0 0  9998
2 27976 065.1514 353.9952 4595929 044.2100 344.5215 05.66960858 27629
0 SL-12 DEB
1 27976U 88085W   04363.41909237  .00021895  00000-0  21010+0 0  9999
2 27976 065.1540 353.9135 4596184 044.2115 344.5560 05.66971243 27635
0 SL-12 DEB
1 27976U 88085W   04364.12458422  .00017343  00000-0  16369+0 0  9997
2 27976 065.1629 353.5542 4598661 044.1490 344.5443 05.66990745 27670
0 SL-12 DEB
1 27976U 88085W   04364.30097655  .00022095  00000-0  22185+0 0  9997
2 27976 065.1063 353.4006 4588846 044.1086 344.6481 05.67008575 27687
0 SL-12 DEB
1 27976U 88085W   04365.00637777  .00016115  00000-0  15009+0 0  9993
2 27976 065.1667 353.0992 4600554 044.0579 344.4737 05.67016907 27729
0 SL-12 DEB
1 27976U 88085W   04365.35917816  .00006581  00000-0  61131-1 0  9991
2 27976 065.1718 352.9126 4601349 044.0292 344.6178 05.67010816 27744
0 SL-12 DEB
1 27976U 88085W   04365.88828481 +.00006282 +00000-0 +57829-1 0  9995
2 27976 065.1733 352.6496 4602710 043.9750 344.6635 05.67018759027773
0 SL-12 DEB
1 27976U 88085W   04366.24101307  .00010484  00000-0  94260-1 0  9996
2 27976 065.1799 352.4745 4605939 043.8742 344.7177 05.67033185 27790
0 SL-12 DEB
1 27976U 88085W   04366.41737404  .00027831  00000-0  24867+0 0  9996
2 27976 065.1715 352.3791 4606442 043.9171 344.7375 05.67066945 27807
0 SL-12 DEB
1 27976U 88085W   05001.12272871  .00019831  00000-0  17260+0 0  9993
2 27976 065.1728 352.0197 4610340 043.8084 344.6836 05.67084534 27841
0 SL-12 DEB
1 27976U 88085W   05001.47545162  .00025113  00000-0  21835+0 0  9990
2 27976 065.1793 351.8461 4610283 043.8224 344.7789 05.67109455 27866
0 SL-12 DEB
1 27976U 88085W   05001.82810823 +.00025119 +00000-0 +21835-0 0  9995
2 27976 065.1792 351.6633 4610188 043.7966 344.7715 05.67127189027885
0 SL-12 DEB
1 27976U 88085W   05002.53342868 +.00029240 +00000-0 +24778-0 0  9991
2 27976 065.1892 351.3009 4613713 043.7355 344.8318 05.67169077027926
0 SL-12 DEB
1 27976U 88085W   05003.06235467  .00020806  00000-0  17115+0 0  9991
2 27976 065.1934 351.0491 4618085 043.5913 344.8222 05.67181102 27950
0 SL-12 DEB
1 27976U 88085W   05003.41500874  .00029056  00000-0  23835+0 0  9999
2 27976 065.2046 350.8772 4618266 043.6428 344.8884 05.67210738 27971
0 SL-12 DEB
1 27976U 88085W   05003.94389673  .00025977  00000-0  21010+0 0  9990
2 27976 065.2126 350.6148 4620223 043.5306 344.8816 05.67231782 28007
0 SL-12 DEB
1 27976U 88085W   05004.29650586  .00027862  00000-0  22204+0 0  9994
2 27976 065.2127 350.4188 4622241 043.5488 344.9211 05.67254131 28028
0 SL-12 DEB
1 27976U 88085W   05004.47279663 +.00027951 +00000-0 +22276-0 0  9996
2 27976 065.2120 350.3263 4622163 043.5414 344.9284 05.67264138028035
0 SL-12 DEB
1 27976U 88085W   05005.00164429  .00026414  00000-0  20719+0 0  9991
2 27976 065.2115 350.0541 4624341 043.4793 344.9248 05.67287224 28068
0 SL-12 DEB
1 27976U 88085W   05005.35421693  .00029121  00000-0  22530+0 0  9999
2 27976 065.2158 349.8737 4626181 043.4751 344.9729 05.67312837 28081
0 SL-12 DEB
1 27976U 88085W   05005.70675436 +.00029126 +00000-0 +22530-0 0  9990
2 27976 065.2157 349.6904 4626067 043.4486 344.9821 05.67333383028107
0 SL-12 DEB
1 27976U 88085W   05006.23553681  .00024456  00000-0  18416+0 0  9994
2 27976 065.2248 349.4172 4629853 043.3572 344.9767 05.67352113 28138
0 SL-12 DEB
1 27976U 88085W   05006.76433227  .00026122  00000-0  19638+0 0  9994
2 27976 065.2254 349.1510 4629902 043.3427 345.0397 05.67380892 28161
0 SL-12 DEB
1 27976U 88085W   05006.76433867  .00025730  00000-0  19488+0 0  9991
2 27976 065.2211 349.1357 4628700 043.3228 345.0653 05.67380736 28170
0 SL-12 DEB
1 27976U 88085W   05007.11682784  .00025522  00000-0  18365+0 0  9997
2 27976 065.2329 348.9693 4636080 043.2033 345.0739 05.67400202 28180
0 SL-12 DEB
1 27976U 88085W   05007.46933449  .00030264  00000-0  21790+0 0  9997
2 27976 065.2400 348.7961 4635809 043.2361 345.1219 05.67427724 28203
0 SL-12 DEB
1 27976U 88085W   05007.64556089 +.00028019 +00000-0 +20174-0 0  9999
2 27976 065.2402 348.7080 4635781 043.2412 345.0917 05.67432586028210
0 SL-12 DEB
1 27976U 88085W   05008.17425617  .00027301  00000-0  18981+0 0  9995
2 27976 065.2406 348.4262 4640573 043.1291 345.1390 05.67462961 28241
0 SL-12 DEB
1 27976U 88085W   05008.70293096  .00033049  00000-0  22905+0 0  9995
2 27976 065.2405 348.1535 4640730 043.1315 345.1852 05.67505590 28274
0 SL-12 DEB
1 27976U 88085W   05009.05533620  .00034131  00000-0  23003+0 0  9997
2 27976 065.2326 347.9692 4644477 043.0566 345.1989 05.67535451 28298
0 SL-12 DEB
1 27976U 88085W   05009.23154054  .00035791  00000-0  24045+0 0  9997
2 27976 065.2414 347.8773 4644820 043.0704 345.2083 05.67551745 28303
0 SL-12 DEB
1 27976U 88085W   05009.93629552  .00021415  00000-0  14245+0 0  9993
2 27976 065.2421 347.5239 4646218 043.0311 345.1013 05.67559110 28342
0 SL-12 DEB
1 27976U 88085W   05010.28873877  .00011796  00000-0  76503-1 0  9992
2 27976 065.2491 347.3459 4649861 042.9775 345.2236 05.67560077 28364
0 SL-12 DEB
1 27976U 88085W   05010.46494790  .00013088  00000-0  85036-1 0  9992
2 27976 065.2505 347.2572 4649561 043.0102 345.2450 05.67566562 28372
0 SL-12 DEB
1 27976U 88085W   05010.99351727  .00015574  00000-0  10009+0 0  9990
2 27976 065.2496 346.9797 4650914 042.9191 345.2880 05.67588750 28400
0 SL-12 DEB
1 27976U 88085W   05011.34588057  .00035044  00000-0  22224+0 0  9994
2 27976 065.2506 346.7988 4652348 042.8988 345.3156 05.67633154 28426
0 SL-12 DEB
1 27976U 88085W   05011.69820442  .00023839  00000-0  15165+0 0  9994
2 27976 065.2488 346.6140 4651991 042.8919 345.2377 05.67630028 28444
0 SL-12 DEB
1 27976U 88085W   05012.22673742  .00019593  00000-0  12184+0 0  9993
2 27976 065.2676 346.3279 4655041 042.8363 345.3003 05.67648822 28477
0 SL-12 DEB
1 27976U 88085W   05012.40291417  .00018618  00000-0  11620+0 0  9999
2 27976 065.2701 346.2405 4654508 042.8733 345.3077 05.67654406 28481
0 SL-12 DEB
1 27976U 88085W   05012.93140083  .00025119  00000-0  15420+0 0  9995
2 27976 065.2670 345.9817 4656500 042.7402 345.3739 05.67690402 28510
0 SL-12 DEB
1 27976U 88085W   05013.28369921  .00038890  00000-0  23437+0 0  9995
2 27976 065.2669 345.8007 4658665 042.7181 345.4028 05.67735195 28539
0 SL-12 DEB
1 27976U 88085W   05013.81209124 +.00035929 +00000-0 +21466-0 0  9993
2 27976 065.2624 345.5239 4659624 042.7018 345.3735 05.67770069028565
0 SL-12 DEB
1 27976U 88085W   05014.16435140  .00030731  00000-0  18112+0 0  9990
2 27976 065.2628 345.3391 4661394 042.6775 345.3784 05.67784483 28583
0 SL-12 DEB
1 27976U 88085W   05014.34048908  .00037290  00000-0  21956+0 0  9999
2 27976 065.2613 345.2452 4661350 042.7102 345.4084 05.67807080 28595
0 SL-12 DEB
1 27976U 88085W   05014.86881947  .00031153  00000-0  18224+0 0  9990
2 27976 065.2651 344.9741 4662109 042.6512 345.3704 05.67828471 28620
0 SL-12 DEB
1 27976U 88085W   05016.27763155  .00016267  00000-0  90860-1 0  9994
2 27976 065.2754 344.2475 4668096 042.5409 345.3359 05.67874186 28705
0 SL-12 DEB
1 27976U 88085W   05016.62989938  .00016213  00000-0  90518-1 0  9993
2 27976 065.2789 344.0668 4668079 042.5304 345.4941 05.67885600 28723
0 SL-12 DEB
1 27976U 88085W   05017.51034080  .00020912  00000-0  11482+0 0  9993
2 27976 065.2786 343.6038 4669979 042.4504 345.5257 05.67925287 28779
0 SL-12 DEB
1 27976U 88085W   05017.86250448  .00019498  00000-0  10711+0 0  9990
2 27976 065.2796 343.4196 4669846 042.4232 345.5360 05.67936174 28798
0 SL-12 DEB
1 27976U 88085W   05018.03858598  .00021135  00000-0  11396+0 0  9991
2 27976 065.2758 343.3148 4672199 042.3803 345.5769 05.67950760 28802
0 SL-12 DEB
1 27976U 88085W   05018.39072669 +.00024632 +00000-0 +13307-0 0  9997
2 27976 065.2770 343.1338 4671782 042.4231 345.5650 05.67972240028826
0 SL-12 DEB
1 27976U 88085W   05018.91891093  .00034354  00000-0  17956+0 0  9990
2 27976 065.2837 342.8668 4675736 042.2758 345.6485 05.68025120 28854
0 SL-12 DEB
1 27976U 88085W   05019.62306257  .00037302  00000-0  18793+0 0  9998
2 27976 065.2772 342.5012 4680117 042.2405 345.6454 05.68086457 28890
0 SL-12 DEB
1 27976U 88085W   05020.32714239  .00049836  00000-0  24651+0 0  9995
2 27976 065.2868 342.1419 4681909 042.1546 345.7094 05.68170610 28939
0 SL-12 DEB
1 27976U 88085W   05020.85515910  .00042777  00000-0  21227+0 0  9991
2 27976 065.2890 341.8447 4681159 042.1251 345.7278 05.68203721 28979
0 SL-12 DEB
1 27976U 88085W   05021.03111565  .00040108  00000-0  18862+0 0  9997
2 27976 065.2874 341.7654 4688090 042.0583 345.6631 05.68216342 28973
0 SL-12 DEB
1 27976U 88085W   05021.20715177  .00031159  00000-0  14625+0 0  9994
2 27976 065.2897 341.6702 4688369 042.0820 345.7348 05.68215707 28985
0 SL-12 DEB
1 27976U 88085W   05021.73511950  .00020759  00000-0  97094-1 0  9992
2 27976 065.2963 341.3978 4688834 042.1061 345.6826 05.68221445 29017
0 SL-12 DEB
1 27976U 88085W   05022.08712406  .00021626  00000-0  99577-1 0  9992
2 27976 065.3019 341.2111 4690702 042.0461 345.7615 05.68237740 29032
0 SL-12 DEB
1 27976U 88085W   05022.61507336  .00025140  00000-0  11573+0 0  9998
2 27976 065.3014 340.9352 4690506 042.0343 345.7940 05.68269944 29066
0 SL-12 DEB
1 27976U 88085W   05022.96700787  .00028257  00000-0  12722+0 0  9990
2 27976 065.2975 340.7550 4693109 041.9167 345.8274 05.68296589 29081
0 SL-12 DEB
1 27976U 88085W   05023.31893544  .00039988  00000-0  17965+0 0  9991
2 27976 065.2904 340.5650 4693068 041.9712 345.8335 05.68338065 29109
0 SL-12 DEB
1 27976U 88085W   05023.67082097  .00036039  00000-0  16106+0 0  9993
2 27976 065.2862 340.3816 4693622 041.9435 345.7930 05.68355701 29120
0 SL-12 DEB
1 27976U 88085W   05024.02272207  .00035077  00000-0  15353+0 0  9991
2 27976 065.2969 340.2025 4696061 041.9057 345.8287 05.68381064 29148
0 SL-12 DEB
1 27976U 88085W   05024.37460189  .00038762  00000-0  16976+0 0  9993
2 27976 065.2996 340.0193 4695772 041.9223 345.8456 05.68412923 29164
0 SL-12 DEB
1 27976U 88085W   05025.07828491  .00033108  00000-0  14148+0 0  9993
2 27976 065.3057 339.6408 4698571 041.8112 345.8318 05.68453061 29202
0 SL-12 DEB
1 27976U 88085W   05025.43014065  .00035760  00000-0  15290+0 0  9992
2 27976 065.3070 339.4585 4698301 041.8183 345.8903 05.68481982 29225
0 SL-12 DEB
1 27976U 88085W   05025.60604360 +.00035593 +00000-0 +15189-0 0  9996
2 27976 065.3041 339.3645 4698459 041.8162 345.8807 05.68494151029236
0 SL-12 DEB
1 27976U 88085W   05026.30963607  .00041049  00000-0  16935+0 0  9998
2 27976 065.3084 339.0020 4702202 041.7491 345.9185 05.68555591 29273
0 SL-12 DEB
1 27976U 88085W   05026.66140264  .00039320  00000-0  16099+0 0  9993
2 27976 065.2973 338.8148 4702975 041.7602 345.9062 05.68579082 29295
0 SL-12 DEB
1 27976U 88085W   05027.18902944  .00040569  00000-0  16055+0 0  9991
2 27976 065.3019 338.5382 4706812 041.6558 345.9530 05.68623161 29329
0 SL-12 DEB
1 27976U 88085W   05027.36490508 +.00041537 +00000-0 +16493-0 0  9992
2 27976 065.3012 338.4463 4706304 041.6900 345.9694 05.68639214029336
0 SL-12 DEB
1 27976U 88085W   05027.89248701  .00037669  00000-0  14996+0 0  9992
2 27976 065.3038 338.1507 4705644 041.6238 346.0089 05.68671339 29378
0 SL-12 DEB
1 27976U 88085W   05028.06830937  .00028656  00000-0  10869+0 0  9991
2 27976 065.3089 338.0508 4711692 041.5593 345.9098 05.68661505 29379
0 SL-12 DEB
1 27976U 88085W   05028.59591919  .00028004  00000-0  10595+0 0  9996
2 27976 065.3113 337.7748 4711803 041.5572 346.0336 05.68690020 29405
0 SL-12 DEB
1 27976U 88085W   05028.94760575  .00022997  00000-0  84126-1 0  9999
2 27976 065.3086 337.6067 4715738 041.4709 346.0588 05.68703756 29421
0 SL-12 DEB
1 27976U 88085W   05029.65096444  .00025137  00000-0  91574-1 0  9999
2 27976 065.3048 337.2363 4715967 041.4405 346.1077 05.68741008 29461
0 SL-12 DEB
1 27976U 88085W   05030.00261514  .00021589  00000-0  77157-1 0  9990
2 27976 065.3197 337.0669 4718148 041.4137 346.1027 05.68754035 29480
0 SL-12 DEB
1 27976U 88085W   05030.88172336  .00023291  00000-0  82226-1 0  9994
2 27976 065.3175 336.5893 4719287 041.3269 346.1654 05.68796998 29535
0 SL-12 DEB
1 27976U 88085W   05031.23334081  .00025633  00000-0  89494-1 0  9997
2 27976 065.3238 336.4010 4720438 041.3304 346.1694 05.68818756 29558
0 SL-12 DEB
1 27976U 88085W   05031.93653893  .00020436  00000-0  70332-1 0  9996
2 27976 065.3237 336.0348 4721979 041.2726 346.1554 05.68841309 29594
0 SL-12 DEB
1 27976U 88085W   05032.11235563  .00025455  00000-0  87452-1 0  9994
2 27976 065.3223 335.9408 4722073 041.2936 346.1921 05.68855260 29604
0 SL-12 DEB
1 27976U 88085W   05032.63972374 +.00024545 +00000-0 +84178-1 0  9990
2 27976 065.3173 335.6576 4722120 041.2575 346.1966 05.68879756029631
0 SL-12 DEB
1 27976U 88085W   05033.69440463  .00026494  00000-0  89982-1 0  9999
2 27976 065.3215 335.1009 4722875 041.1792 346.2538 05.68937041 29695
0 SL-12 DEB
1 27976U 88085W   05034.04592681  .00028042  00000-0  92769-1 0  9997
2 27976 065.3237 334.9035 4725761 041.0889 346.2700 05.68960103 29717
0 SL-12 DEB
1 27976U 88085W   05038.79038227  .00086431  00000-0  24506+0 0  9992
2 27976 065.2870 332.3712 4739085 040.8736 348.6326 05.69580299 29989
0 SL-12 DEB
1 27976U 88085W   05039.31596327  .00099038  00000-0  26860+0 0  9993
2 27976 065.3186 332.1014 4743234 041.0346 346.3731 05.69690936 30015
0 SL-12 DEB
1 27976U 88085W   05039.49150497  .00093975  00000-0  25064+0 0  9995
2 27976 065.3102 331.9729 4744748 040.9574 346.4218 05.69724036 30037
0 SL-12 DEB
1 27976U 88085W   05039.66700806  .00094192  00000-0  25174+0 0  9993
2 27976 065.3242 331.8940 4744458 040.9719 346.3592 05.69748531 30035
0 SL-12 DEB
1 27976U 88085W   05040.01803924  .00084421  00000-0  21931+0 0  9990
2 27976 065.3175 331.6892 4747203 040.8474 346.4087 05.69799338 30055
0 SL-12 DEB
1 27976U 88085W   05040.54452533  .00080027  00000-0  20781+0 0  9994
2 27976 065.3120 331.4029 4746743 040.8349 346.4331 05.69877761 30086
0 SL-12 DEB
1 27976U 88085W   05041.07093114  .00072858  00000-0  18239+0 0  9997
2 27976 065.3018 331.1328 4750206 040.7757 346.4524 05.69949157 30119
0 SL-12 DEB
1 27976U 88085W   05041.77271274  .00076107  00000-0  18768+0 0  9997
2 27976 065.3094 330.7707 4751087 040.6508 346.5481 05.70060678 30151
0 SL-12 DEB
1 27976U 88085W   05042.29893933  .00071791  00000-0  17219+0 0  9991
2 27976 065.2903 330.4610 4753548 040.7407 346.5109 05.70133677 30182
0 SL-12 DEB
1 27976U 88085W   05043.00048139  .00059489  00000-0  13342+0 0  9994
2 27976 065.3183 330.0865 4760120 040.7089 346.4535 05.70202070 30222
0 SL-12 DEB
1 27976U 88085W   05043.17590966  .00132941  00000-0  30179+0 0  9994
2 27976 065.3084 329.9784 4757897 040.8146 346.6415 05.70346772 30239
0 SL-12 DEB
1 27976U 88085W   05043.87706929  .00100859  00000-0  21417+0 0  9997
2 27976 065.3083 329.6160 4763999 040.6479 346.4360 05.70465536 30271
0 SL-12 DEB
1 27976U 88085W   05044.22772420  .00103539  00000-0  22004+0 0  9997
2 27976 065.3077 329.4252 4763430 040.6606 346.6041 05.70541105 30293
0 SL-12 DEB
1 27976U 88085W   05044.75349386  .00080531  00000-0  17106+0 0  9999
2 27976 065.3088 329.1394 4763206 040.6259 346.4679 05.70585807 30320
0 SL-12 DEB
1 27976U 88085W   05045.27930636  .00057550  00000-0  11846+0 0  9991
2 27976 065.2972 328.8395 4766159 040.6848 346.5184 05.70624739 30355
0 SL-12 DEB
1 27976U 88085W   05045.80506571  .00071243  00000-0  14410+0 0  9992
2 27976 065.2985 328.5595 4767293 040.6161 346.6888 05.70721318 30382
0 SL-12 DEB
1 27976U 88085W   05046.85621496  .00136122  00000-0  25108+0 0  9996
2 27976 065.2790 327.9693 4774158 040.4316 347.2059 05.71072701 30446
0 SL-12 DEB
1 27976U 88085W   05047.73135492  .00131813  00000-0  23901+0 0  9991
2 27976 065.2922 327.5014 4774374 040.4244 346.7065 05.71300351 30497
0 SL-12 DEB
1 27976U 88085W   05048.25642737  .00143694  00000-0  24809+0 0  9992
2 27976 065.3114 327.2357 4778069 040.6320 346.7103 05.71464301 30523
0 SL-12 DEB
1 27976U 88085W   05048.78131211  .00140653  00000-0  23241+0 0  9991
2 27976 065.2819 326.9215 4781377 040.5384 346.6662 05.71603770 30555
0 SL-12 DEB
1 27976U 88085W   05048.78135248  .00135482  00000-0  23077+0 0  9996
2 27976 065.3049 326.9272 4778466 040.3803 346.7909 05.71593648 30550
0 SL-12 DEB
1 27976U 88085W   05049.83075613  .00134603  00000-0  21432+0 0  9999
2 27976 065.2901 326.3509 4783094 040.4025 346.7278 05.71884922 30617
0 SL-12 DEB
1 27976U 88085W   05050.35530142  .00166297  00000-0  26271+0 0  9991
2 27976 065.2847 326.0584 4782509 040.4472 346.8541 05.72092314 30646
0 SL-12 DEB
1 27976U 88085W   05050.70481626  .00152991  00000-0  24165+0 0  9998
2 27976 065.2898 325.8695 4782022 040.4140 346.6852 05.72171582 30664
0 SL-12 DEB
1 27976U 88085W   05051.22910639  .00133917  00000-0  20495+0 0  9996
2 27976 065.2897 325.5743 4784202 040.3813 346.7132 05.72293640 30697
0 SL-12 DEB
1 27976U 88085W   05051.75329099  .00119144  00000-0  17587+0 0  9992
2 27976 065.2887 325.2924 4786949 040.3080 346.6873 05.72388580 30723
0 SL-12 DEB
1 27976U 88085W   05052.27742729  .00105251  00000-0  15068+0 0  9995
2 27976 065.2821 324.9974 4789115 040.3394 346.7882 05.72490803 30754
0 SL-12 DEB
1 27976U 88085W   05052.80142722  .00118077  00000-0  16598+0 0  9990
2 27976 065.2865 324.7018 4789823 040.2540 346.9511 05.72640621 30786
0 SL-12 DEB
1 27976U 88085W   05053.32522189  .00143641  00000-0  20168+0 0  9990
2 27976 065.2822 324.4099 4788797 040.2574 346.9347 05.72817683 30816
0 SL-12 DEB
1 27976U 88085W   05053.49975396  .00115018  00000-0  16043+0 0  9994
2 27976 065.2781 324.3138 4789523 040.2734 346.7275 05.72798649 30828
0 SL-12 DEB
1 27976U 88085W   05054.37258042  .00131558  00000-0  17368+0 0  9992
2 27976 065.2761 323.8305 4792970 040.2518 346.9216 05.73035189 30872
0 SL-12 DEB
1 27976U 88085W   05054.72155488  .00118018  00000-0  15292+0 0  9991
2 27976 065.2845 323.6583 4794303 040.1678 346.8158 05.73088577 30894
0 SL-12 DEB
1 27976U 88085W   05055.76840785  .00108254  00000-0  14147+0 0  9996
2 27976 065.2632 323.0267 4792131 040.2439 346.9094 05.73298695 30966
0 SL-12 DEB
1 27976U 88085W   05056.29155401  .00107743  00000-0  13042+0 0  9994
2 27976 065.2547 322.7421 4798286 040.2136 346.6978 05.73405028 30980
0 SL-12 DEB
1 27976U 88085W   05056.81480884  .00101948  00000-0  11897+0 0  9995
2 27976 065.2564 322.4584 4800829 040.1232 346.9262 05.73505164 31015
0 SL-12 DEB
1 27976U 88085W   05057.16354493  .00130979  00000-0  15141+0 0  9992
2 27976 065.2496 322.2613 4800865 040.1586 347.0123 05.73627260 31034
0 SL-12 DEB
1 27976U 88085W   05057.86073273  .00120481  00000-0  13385+0 0  9998
2 27976 065.2646 321.8603 4803241 040.0878 346.9425 05.73790227 31070
0 SL-12 DEB
1 27976U 88085W   05058.90621490  .00119931  00000-0  12658+0 0  9994
2 27976 065.2559 321.2842 4805991 040.0379 346.9837 05.74041642 31137
0 SL-12 DEB
1 27976U 88085W   05058.90621490 +.00119931 +00000-0 +12658-0 0  9995
2 27976 065.2559 321.2842 4805991 040.0379 346.9837 05.74041642031137
0 SL-12 DEB
1 27976U 88085W   05059.25462186  .00119877  00000-0  12706+0 0  9991
2 27976 065.2514 321.0859 4805110 040.0902 347.0131 05.74125660 31153
0 SL-12 DEB
1 27976U 88085W   05059.77710134  .00110769  00000-0  11406+0 0  9994
2 27976 065.2553 320.8049 4806890 040.0095 346.9792 05.74227839 31188
0 SL-12 DEB
1 27976U 88085W   05060.47363456  .00114668  00000-0  11686+0 0  9996
2 27976 065.2464 320.4095 4806722 040.0312 347.0518 05.74391259 31223
0 SL-12 DEB
1 27976U 88085W   05060.82180125  .00109943  00000-0  10756+0 0  9992
2 27976 065.2441 320.1971 4809647 039.9765 347.0429 05.74464094 31247
0 SL-12 DEB
1 27976U 88085W   05061.34399260  .00108843  00000-0  10620+0 0  9990
2 27976 065.2409 319.8991 4809155 040.0203 347.0528 05.74577419 31271
0 SL-12 DEB
1 27976U 88085W   05061.86606798  .00102049  00000-0  95412-1 0  9990
2 27976 065.2389 319.6134 4812038 039.9479 347.0262 05.74674420 31300
0 SL-12 DEB
1 27976U 88085W   05062.21410292  .00105198  00000-0  99399-1 0  9998
2 27976 065.2407 319.4148 4810692 040.0207 347.0770 05.74752586 31326
0 SL-12 DEB
1 27976U 88085W   05062.56205918  .00105223  00000-0  10092+0 0  9993
2 27976 065.2390 319.2201 4808959 039.9956 347.0821 05.74825405 31346
0 SL-12 DEB
1 27976U 88085W   05062.73601183  .00102380  00000-0  92648-1 0  9996
2 27976 065.2470 319.1228 4813572 039.9163 347.0495 05.74851627 31353
0 SL-12 DEB
1 27976U 88085W   05063.43179113  .00101467  00000-0  90454-1 0  9995
2 27976 065.2490 318.7331 4813901 039.8973 347.1051 05.74992401 31398
0 SL-12 DEB
1 27976U 88085W   05063.77960735 +.00095833 +00000-0 +81613-1 0  9996
2 27976 065.2270 318.5337 4817173 039.8482 347.1077 05.75052098031419
0 SL-12 DEB
1 27976U 88085W   05064.30127619  .00101278  00000-0  86163-1 0  9998
2 27976 065.2163 318.2280 4816556 039.8890 347.1469 05.75163871 31441
0 SL-12 DEB
1 27976U 88085W   05064.82281370 +.00111437 +00000-0 +93696-1 0  9997
2 27976 065.2215 317.9327 4816625 039.8503 347.2145 05.75301900031477
0 SL-12 DEB
1 27976U 88085W   05065.34419553  .00129269  00000-0  11043+0 0  9997
2 27976 065.2249 317.6408 4814391 039.9804 347.1650 05.75458555 31507
0 SL-12 DEB
1 27976U 88085W   05065.69168160  .00167238  00000-0  13997+0 0  9998
2 27976 065.2242 317.4599 4814807 039.8787 347.3151 05.75650096 31524
0 SL-12 DEB
1 27976U 88085W   05069.67818421  .00305642  00000-0  22039+0 0  9992
2 27976 065.1897 315.1474 4810687 039.7311 347.1987 05.78156764 31756
0 SL-12 DEB
1 27976U 88085W   05069.85111683  .00308102  00000-0  21986+0 0  9992
2 27976 065.1880 315.0525 4810760 039.6555 347.2273 05.78272530 31765
0 SL-12 DEB
1 27976U 88085W   05069.85579136 +.00361914 +00000-0 +24318-0 0  9996
2 27976 065.1659 315.0434 4814781 039.7357 356.9881 05.78359456031761
0 SL-12 DEB
1 27976U 88085W   05069.85579136  .00361914  00000-0  24318+0 0  9995
2 27976 065.1659 315.0434 4814781 039.7357 356.9881 05.78359456 31761
0 SL-12 DEB
1 27976U 88085W   05071.92325208  .00324489  00000-0  20786+0 0  9996
2 27976 065.1573 313.8548 4809778 039.6898 347.0294 05.79740229 31882
0 SL-12 DEB
1 27976U 88085W   05072.78537142  .00314844  00000-0  19914+0 0  9998
2 27976 065.1513 313.3447 4807416 039.6445 347.1279 05.80273604 31934
0 SL-12 DEB
1 27976U 88085W   05072.78537142 +.00314844 +00000-0 +19914-0 0  9999
2 27976 065.1513 313.3447 4807416 039.6445 347.1279 05.80273604031934
0 SL-12 DEB
1 27976U 88085W   05075.71042596  .00219410  00000-0  12847+0 0  9999
2 27976 065.1037 311.6218 4800879 039.5881 349.5743 05.82244982 32102
0 SL-12 DEB
1 27976U 88085W   05076.05274370  .00359454  00000-0  20999+0 0  9994
2 27976 065.0956 311.4170 4798639 039.7249 347.3768 05.82634306 32124
0 SL-12 DEB
1 27976U 88085W   05076.22428549  .00334760  00000-0  19798+0 0  9990
2 27976 065.1130 311.3186 4797273 039.7712 347.1360 05.82704417 32142
0 SL-12 DEB
1 27976U 88085W   05079.13618564  .00688850  00000-0  34578+0 0  9996
2 27976 065.0759 309.5714 4779082 039.5462 003.4180 05.87570853 32302
0 SL-12 DEB
1 27976U 88085W   05079.63875803  .00591518  00000-0  29937+0 0  9999
2 27976 065.0885 309.3134 4775476 039.6825 346.6954 05.88066184 32335
0 SL-12 DEB
1 27976U 88085W   05083.71402225  .00266818  00000-0  12656+0 0  9999
2 27976 065.0000 306.7961 4768140 039.3686 347.1786 05.89995385 32586
0 SL-12 DEB
1 27976U 88085W   05083.88349743  .00271085  00000-0  12782+0 0  9994
2 27976 064.9726 306.6329 4767937 039.3289 347.1924 05.90096034 32598
0 SL-12 DEB
1 27976U 88085W   05085.05100700  .00327173  00000-0  16063+0 0  9999
2 27976 064.9899 305.9996 4759333 039.2486 310.3303 05.91051791 32652
0 SL-12 DEB
1 27976U 88085W   05086.58972026 +.00395324 +00000-0 +18682-0 0  9999
2 27976 064.9506 305.0708 4752657 039.4412 349.2478 05.92580326032748
0 SL-12 DEB
1 27976U 88085W   05087.60041305  .00312382  00000-0  14711+0 0  9991
2 27976 064.9453 304.4560 4748530 039.4164 346.7901 05.93296939 32802
0 SL-12 DEB
1 27976U 88085W   05087.93757677  .00304048  00000-0  14381+0 0  9996
2 27976 064.9412 304.2509 4747026 039.3883 347.0434 05.93493803 32820
0 SL-12 DEB
1 27976U 88085W   05088.77969129  .00290415  00000-0  13616+0 0  9998
2 27976 064.9393 303.7424 4744730 039.3490 346.9776 05.93970972 32870
0 SL-12 DEB
1 27976U 88085W   05089.62117764  .00288967  00000-0  13629+0 0  9996
2 27976 064.9235 303.2179 4741366 039.3613 347.0299 05.94454996 32928
0 SL-12 DEB
1 27976U 88085W   05090.62989873  .00312365  00000-0  14787+0 0  9992
2 27976 064.9326 302.5960 4736979 039.3117 347.0682 05.95126878 32980
0 SL-12 DEB
1 27976U 88085W   05090.63001905  .00336368  00000-0  15695+0 0  9992
2 27976 064.9225 302.6078 4737743 039.2840 347.3674 05.95172409 32986
0 SL-12 DEB
1 27976U 88085W   05091.13378501  .00345079  00000-0  16173+0 0  9998
2 27976 064.9080 302.2908 4735265 039.2589 347.0765 05.95529134 33014
0 SL-12 DEB
1 27976U 88085W   05091.63738049  .00310644  00000-0  14640+0 0  9997
2 27976 064.8972 301.9765 4733339 039.2624 346.8263 05.95782477 33044
0 SL-12 DEB
1 27976U 88085W   05092.14088916  .00323356  00000-0  15227+0 0  9991
2 27976 064.8911 301.6672 4731330 039.2470 347.0755 05.96121394 33077
0 SL-12 DEB
1 27976U 88085W   05092.64398891  .00246367  00000-0  11622+0 0  9993
2 27976 064.8881 301.3608 4730171 039.3119 346.7294 05.96291394 33108
0 SL-12 DEB
1 27976U 88085W   05093.14712684  .00239156  00000-0  11268+0 0  9993
2 27976 064.8867 301.0528 4728829 039.2402 347.0094 05.96525608 33134
0 SL-12 DEB
1 27976U 88085W   05093.81750957  .00241762  00000-0  11610+0 0  9999
2 27976 064.8821 300.6460 4725513 039.2103 347.0451 05.96852128 33170
0 SL-12 DEB
1 27976U 88085W   05094.15254915  .00250776  00000-0  12092+0 0  9990
2 27976 064.8793 300.4411 4724124 039.2262 347.0456 05.97032436 33195
0 SL-12 DEB
1 27976U 88085W   05094.65491758  .00273363  00000-0  13171+0 0  9999
2 27976 064.8762 300.1268 4722364 039.1763 347.1070 05.97330433 33222
0 SL-12 DEB
1 27976U 88085W   05094.98965422  .00273551  00000-0  13262+0 0  9999
2 27976 064.8763 299.9266 4720815 039.1984 347.0175 05.97513827 33247
0 SL-12 DEB
1 27976U 88085W   05095.65889139  .00386012  00000-0  18735+0 0  9991
2 27976 064.8550 299.4950 4716639 039.1244 347.7326 05.98186584 33280
0 SL-12 DEB
1 27976U 88085W   05095.82571676  .00395518  00000-0  18382+0 0  9993
2 27976 064.8611 299.4015 4718762 039.0748 347.0719 05.98337430 33295
0 SL-12 DEB
1 27976U 88085W   05096.99471411  .00479391  00000-0  23573+0 0  9998
2 27976 064.8294 298.6619 4706970 039.1431 348.1869 05.99624077 33364
0 SL-12 DEB
1 27976U 88085W   05098.65964712  .00293149  00000-0  14901+0 0  9994
2 27976 064.7994 297.6254 4699424 039.0692 344.3711 06.00475930 33467
0 SL-12 DEB
1 27976U 88085W   05098.99386611  .00287603  00000-0  14811+0 0  9995
2 27976 064.7992 297.4077 4697391 039.0383 346.9594 06.00655747 33489
0 SL-12 DEB
1 27976U 88085W   05099.99230716  .00231590  00000-0  11663+0 0  9996
2 27976 064.7740 296.7983 4696523 039.0071 346.5317 06.01062827 33546
0 SL-12 DEB
1 27976U 88085W   05100.82411109  .00209426  00000-0  11290+0 0  9997
2 27976 064.7758 296.2811 4689598 039.0319 346.8728 06.01391579 33592
0 SL-12 DEB
1 27976U 88085W   05101.32290127  .00100833  00000-0  53710-1 0  9995
2 27976 064.7820 295.9425 4689458 038.9613 346.9859 06.01559642 33626
0 SL-12 DEB
1 27976U 88085W   05101.48912282  .00216414  00000-0  11690+0 0  9997
2 27976 064.7772 295.8515 4687643 038.9970 346.9974 06.01688473 33635
0 SL-12 DEB
1 27976U 88085W   05102.31984868  .00235969  00000-0  13373+0 0  9995
2 27976 064.7528 295.3010 4681754 038.9759 346.9704 06.02075144 33683
0 SL-12 DEB
1 27976U 88085W   05102.81800974  .00272353  00000-0  15692+0 0  9999
2 27976 064.7660 295.0556 4678551 038.8984 347.0999 06.02398419 33717
0 SL-12 DEB
1 27976U 88085W   05102.98392766  .00302073  00000-0  16311+0 0  9994
2 27976 064.7595 294.9086 4682468 038.9172 346.9934 06.02543293 33722
0 SL-12 DEB
1 27976U 88085W   05103.48167414  .00352434  00000-0  19874+0 0  9993
2 27976 064.7545 294.5895 4676764 038.9008 347.1580 06.02953857 33755
0 SL-12 DEB
1 27976U 88085W   05103.97897674 +.00353192 +00000-0 +20101-0 0  9993
2 27976 064.7438 294.2975 4673943 038.8576 346.9304 06.03304387033780
0 SL-12 DEB
1 27976U 88085W   05104.97292541  .00302943  00000-0  17255+0 0  9999
2 27976 064.7010 293.6775 4670567 038.8485 346.4823 06.03849032 33844
0 SL-12 DEB
1 27976U 88085W   05107.78444378  .00160315  00000-0  10135+0 0  9993
2 27976 064.6837 291.9007 4657070 038.6976 343.1179 06.04765751 34010
0 SL-12 DEB
1 27976U 88085W   05107.95154048  .00137882  00000-0  89053-1 0  9994
2 27976 064.6838 291.7698 4655214 038.7548 346.9052 06.04798602 34022
0 SL-12 DEB
1 27976U 88085W   05108.61281967  .00136066  00000-0  90537-1 0  9991
2 27976 064.6811 291.3642 4651806 038.7490 346.8976 06.04976646 34061
0 SL-12 DEB
1 27976U 88085W   05109.27390391  .00123262  00000-0  84149-1 0  9992
2 27976 064.6797 290.9347 4648866 038.7192 346.8609 06.05127650 34104
0 SL-12 DEB
1 27976U 88085W   05109.76963245  .00111549  00000-0  78563-1 0  9998
2 27976 064.6725 290.6364 4645822 038.7462 346.8285 06.05221872 34134
0 SL-12 DEB
1 27976U 88085W   05109.93487368  .00106318  00000-0  74032-1 0  9999
2 27976 064.6661 290.5201 4646549 038.7095 346.8663 06.05250428 34141
0 SL-12 DEB
1 27976U 88085W   05110.59569200  .00095287  00000-0  65432-1 0  9995
2 27976 064.6569 290.1023 4646972 038.6331 346.8335 06.05360881 34183
0 SL-12 DEB
1 27976U 88085W   05110.92609405  .00108358  00000-0  75766-1 0  9999
2 27976 064.6593 289.8938 4644885 038.6016 347.0561 06.05468363 34202
0 SL-12 DEB
1 27976U 88085W   05111.75171935  .00154130  00000-0  11659+0 0  9991
2 27976 064.6508 289.3899 4636693 038.6985 347.1657 06.05776774 34252
0 SL-12 DEB
1 27976U 88085W   05111.91664272  .00117232  00000-0  82433-1 0  9992
2 27976 064.6550 289.3014 4642816 038.5481 346.7790 06.05734065 34263
0 SL-12 DEB
1 27976U 88085W   05112.90705916  .00080204  00000-0  60807-1 0  9992
2 27976 064.6264 288.6550 4635807 038.5470 346.8112 06.05889772 34324
0 SL-12 DEB
1 27976U 88085W   05113.40220736  .00077617  00000-0  60093-1 0  9991
2 27976 064.6131 288.3144 4633651 038.5098 346.9048 06.05962882 34350
0 SL-12 DEB
1 27976U 88085W   05113.73224532  .00077706  00000-0  63170-1 0  9993
2 27976 064.6127 288.1285 4629328 038.5516 346.8886 06.06013004 34375
0 SL-12 DEB
1 27976U 88085W   05114.22724436  .00067975  00000-0  55252-1 0  9995
2 27976 064.6066 287.8109 4629004 038.5059 346.8380 06.06067580 34402
0 SL-12 DEB
1 27976U 88085W   05114.72223252  .00064683  00000-0  53042-1 0  9998
2 27976 064.6058 287.5191 4627904 038.4976 346.8651 06.06127645 34438
0 SL-12 DEB
1 27976U 88085W   05115.38212181  .00058646  00000-0  48453-1 0  9992
2 27976 064.5954 287.0998 4626868 038.4184 346.8548 06.06194777 34470
0 SL-12 DEB
1 27976U 88085W   05115.54710343  .00060701  00000-0  50870-1 0  9994
2 27976 064.5940 287.0002 4625526 038.4172 346.9115 06.06219912 34489
0 SL-12 DEB
1 27976U 88085W   05116.20688209  .00056720  00000-0  48860-1 0  9995
2 27976 064.5845 286.5803 4622781 038.3932 346.8831 06.06290132 34521
0 SL-12 DEB
1 27976U 88085W   05116.70167760  .00056752  00000-0  50644-1 0  9992
2 27976 064.5827 286.2697 4619455 038.4396 346.8665 06.06344324 34559
0 SL-12 DEB
1 27976U 88085W   05117.19642189  .00050015  00000-0  44537-1 0  9999
2 27976 064.5750 285.9581 4619388 038.3646 346.8499 06.06383905 34580
0 SL-12 DEB
1 27976U 88085W   05117.69115655  .00040344  00000-0  37280-1 0  9998
2 27976 064.5719 285.6542 4616052 038.3893 346.8288 06.06409474 34618
0 SL-12 DEB
1 27976U 88085W   05118.35076708  .00035853  00000-0  33092-1 0  9993
2 27976 064.5661 285.2399 4615890 038.3081 346.8593 06.06450001 34653
0 SL-12 DEB
1 27976U 88085W   05118.68056467  .00035880  00000-0  34753-1 0  9994
2 27976 064.5616 285.0241 4611557 038.3509 346.8925 06.06474693 34672
0 SL-12 DEB
1 27976U 88085W   05118.68056660  .00036258  00000-0  34086-1 0  9998
2 27976 064.5721 285.0281 4614145 038.3130 346.9041 06.06475691 34689
0 SL-12 DEB
1 27976U 88085W   05118.84543430  .00033366  00000-0  32260-1 0  9991
2 27976 064.5579 284.9205 4611655 038.3231 346.8606 06.06482911 34688
0 SL-12 DEB
1 27976U 88085W   05119.83470141  .00022531  00000-0  22251-1 0  9990
2 27976 064.5555 284.3063 4609593 038.2607 346.7773 06.06510371 34745
0 SL-12 DEB
1 27976U 88085W   05120.65910927  .00035919  00000-0  37723-1 0  9997
2 27976 064.5498 283.7927 4603748 038.2654 346.9327 06.06580194 34793
0 SL-12 DEB
1 27976U 88085W   05120.82393192  .00050021  00000-0  52003-1 0  9994
2 27976 064.5405 283.6893 4604462 038.1881 346.9013 06.06613927 34802
0 SL-12 DEB
1 27976U 88085W   05121.81294913  .00069394  00000-0  73750-1 0  9990
2 27976 064.5427 283.0770 4601599 038.1434 347.0092 06.06761113 34862
0 SL-12 DEB
1 27976U 88085W   05122.30729931  .00059409  00000-0  63002-1 0  9993
2 27976 064.5222 282.7558 4601535 038.0667 346.8600 06.06802318 34890
0 SL-12 DEB
1 27976U 88085W   05122.80170112  .00049493  00000-0  55572-1 0  9994
2 27976 064.5127 282.4318 4596129 038.1144 346.8792 06.06842096 34921
0 SL-12 DEB
1 27976U 88085W   05122.80170126  .00036203  00000-0  40774-1 0  9992
2 27976 064.5229 282.4437 4595970 038.0868 346.8652 06.06820296 34924
0 SL-12 DEB
1 27976U 88085W   05123.79042181  .00017147  00000-0  20427-1 0  9999
2 27976 064.5155 281.8307 4590726 038.1069 346.7243 06.06832996 34980
0 SL-12 DEB
1 27976U 88085W   05124.28485022  .00018565  00000-0  22220-1 0  9997
2 27976 064.5073 281.5227 4590184 038.0278 346.8948 06.06853933 35018
0 SL-12 DEB
1 27976U 88085W   05124.44963064  .00020285  00000-0  24644-1 0  9996
2 27976 064.5003 281.4179 4588741 038.0206 346.8949 06.06864071 35020
0 SL-12 DEB
1 27976U 88085W   05125.27351563  .00010899  00000-0  13529-1 0  9993
2 27976 064.4829 280.8908 4586723 037.9654 346.8475 06.06871852 35075
0 SL-12 DEB
1 27976U 88085W   05125.76787360  .00014991  00000-0  19395-1 0  9999
2 27976 064.4811 280.5817 4582723 037.9449 346.9127 06.06890600 35101
0 SL-12 DEB
1 27976U 88085W   05125.76788906  .00008200  00000-0  10432-1 0  9995
2 27976 064.4831 280.5796 4584343 037.9524 346.9109 06.06873628 35115
0 SL-12 DEB
1 27976U 88085W   05126.42695111  .00006474  00000-0  86047-2 0  9991
2 27976 064.4701 280.1618 4580295 037.9332 346.8253 06.06884605 35148
0 SL-12 DEB
1 27976U 88085W   05126.75652726 +.00006898 +00000-0 +93969-2 0  9993
2 27976 064.4757 279.9637 4577926 037.9446 346.8690 06.06888748035168
0 SL-12 DEB
1 27976U 88085W   05127.41562275  .00000059  00000-0  10000-3 0  9995
2 27976 064.4689 279.5532 4576184 037.8927 346.7873 06.06869653 35201
0 SL-12 DEB
1 27976U 88085W   05127.58044269  .00000057  00000-0  10000-3 0  9999
2 27976 064.4646 279.4535 4574506 037.8442 346.8710 06.06862247 35218
0 SL-12 DEB
1 27976U 88085W   05128.40436462  .00000055  00000-0  10000-3 0  9999
2 27976 064.4520 278.9272 4573840 037.7564 346.8892 06.06857654 35267
0 SL-12 DEB
1 27976U 88085W   05128.73394420  .00000121  00000-0  20185-3 0  9991
2 27976 064.4485 278.7345 4568971 037.8459 346.8694 06.06852290 35282
0 SL-12 DEB
1 27976U 88085W   05132.35923061  .00022807  00000-0  39599-1 0  9995
2 27976 064.4240 276.4587 4553343 037.6165 347.9778 06.06929624 35509
0 SL-12 DEB
1 27976U 88085W   05132.52349411  .00000058  00000-0  10000-3 0  9997
2 27976 064.4269 276.3773 4551476 037.6192 346.8552 06.06905410 35517
0 SL-12 DEB
1 27976U 88085W   05133.34736223  .00000060  00000-0  10000-3 0  9992
2 27976 064.4239 275.8598 4550044 037.5701 346.8608 06.06897432 35569
0 SL-12 DEB
1 27976U 88085W   05133.51214953  .00000060  00000-0  10000-3 0  9992
2 27976 064.4288 275.7645 4548877 037.5395 346.8916 06.06895004 35571
0 SL-12 DEB
1 27976U 88085W   05133.84170129  .00000061  00000-0  10000-3 0  9995
2 27976 064.4089 275.5218 4550162 037.3840 346.9237 06.06883399 35590
0 SL-12 DEB
1 27976U 88085W   05137.79638030  .00000048  00000-0  10000-3 0  9998
2 27976 064.3820 273.1061 4527440 037.2666 346.5975 06.06863469 35838
0 SL-12 DEB
1 27976U 88085W   05138.45565911  .00000046  00000-0  10000-3 0  9997
2 27976 064.3640 272.6864 4524400 037.2337 346.8795 06.06843528 35872
0 SL-12 DEB
1 27976U 88085W   05139.60926601 -.00013405  00000-0  00000+0 0  9991
2 27976 064.3689 271.9927 4522985 037.2223 346.9399 06.06796005 35954
0 SL-12 DEB
1 27976U 88085W   05141.75144133 -.00026902  00000-0 -68127-1 0  9995
2 27976 064.3504 270.6790 4513996 037.0074 345.8360 06.06654529 36072
0 SL-12 DEB
1 27976U 88085W   05142.24648632 -.00029817  00000-0 -75931-1 0  9992
2 27976 064.3406 270.3633 4513574 036.9136 346.9833 06.06620201 36106
0 SL-12 DEB
1 27976U 88085W   05142.41134193 -.00025061  00000-0 -65796-1 0  9998
2 27976 064.3467 270.2733 4510040 036.9787 346.9992 06.06622669 36117
0 SL-12 DEB
1 27976U 88085W   05143.07073363 -.00034186  00000-0 -91888-1 0  9991
2 27976 064.3395 269.8668 4507657 036.9051 346.9456 06.06566959 36150
0 SL-12 DEB
1 27976U 88085W   05143.40048026 -.00028967  00000-0 -79515-1 0  9999
2 27976 064.3427 269.6720 4505252 036.9337 346.9971 06.06558426 36173
0 SL-12 DEB
1 27976U 88085W   05143.73019771 -.00026245 +00000-0 -72990-1 0  9997
2 27976 064.3391 269.4702 4503823 036.9249 346.9613 06.06542297036199
0 SL-12 DEB
1 27976U 88085W   05144.55457917 -.00027595  00000-0 -78905-1 0  9997
2 27976 064.3467 268.9759 4500836 036.8908 346.9748 06.06495382 36248
0 SL-12 DEB
1 27976U 88085W   05145.37901650 -.00018510  00000-0 -52943-1 0  9997
2 27976 064.3510 268.4928 4500939 036.7072 347.0858 06.06476626 36294
0 SL-12 DEB
1 27976U 88085W   05145.70876931 -.00019064  00000-0 -57023-1 0  9996
2 27976 064.3456 268.2717 4495705 036.7124 347.0146 06.06458794 36318
0 SL-12 DEB
1 27976U 88085W   05146.20345194 -.00025280  00000-0 -75949-1 0  9998
2 27976 064.3326 267.9589 4495364 036.6514 347.0141 06.06427477 36342
0 SL-12 DEB
1 27976U 88085W   05146.36836126 -.00024209  00000-0 -73662-1 0  9995
2 27976 064.3361 267.8568 4493862 036.6680 347.0326 06.06422459 36353
0 SL-12 DEB
1 27976U 88085W   05146.69815525 -.00013409  00000-0  00000+0 0  9994
2 27976 064.3340 267.6491 4495216 036.6511 347.0523 06.06436572 36384
0 SL-12 DEB
1 27976U 88085W   05146.69816417 -.00025394  00000-0 -78536-1 0  9993
2 27976 064.3338 267.6521 4491999 036.7023 347.0063 06.06404379 36376
0 SL-12 DEB
1 27976U 88085W   05147.35780946 -.00026177  00000-0 -81973-1 0  9993
2 27976 064.3379 267.2541 4490707 036.7213 346.9896 06.06368634 36416
0 SL-12 DEB
1 27976U 88085W   05148.18242481 -.00033176  00000-0 -10634+0 0  9993
2 27976 064.3213 266.7429 4488231 036.5994 346.9971 06.06307134 36462
0 SL-12 DEB
1 27976U 88085W   05148.51231171 -.00024132  00000-0 -81763-1 0  9999
2 27976 064.3071 266.5426 4481416 036.5759 347.0582 06.06300848 36483
0 SL-12 DEB
1 27976U 88085W   05148.84216443 -.00024793  00000-0 -83941-1 0  9993
2 27976 064.3096 266.3445 4481612 036.5113 347.0285 06.06283618 36509
0 SL-12 DEB
1 27976U 88085W   05149.33699815 -.00021477  00000-0 -73955-1 0  9996
2 27976 064.3162 266.0498 4479578 036.4419 347.0835 06.06269164 36538
0 SL-12 DEB
1 27976U 88085W   05150.16172996 -.00031759  00000-0 -11070+0 0  9997
2 27976 064.3123 265.5427 4478449 036.3356 347.0284 06.06204832 36580
0 SL-12 DEB
1 27976U 88085W   05150.49168706 -.00030021  00000-0 -11216+0 0  9990
2 27976 064.3160 265.3498 4469762 036.4338 347.0568 06.06184134 36606
0 SL-12 DEB
1 27976U 88085W   05150.65663762 -.00039735  00000-0 -14833+0 0  9999
2 27976 064.3147 265.2507 4470039 036.3351 347.0343 06.06157542 36619
0 SL-12 DEB
1 27976U 88085W   05151.48156611 -.00033108  00000-0 -12933+0 0  9998
2 27976 064.3083 264.7468 4464515 036.3461 347.0761 06.06103912 36663
0 SL-12 DEB
1 27976U 88085W   05151.64653555 -.00033114  00000-0 -12933+0 0  9992
2 27976 064.3082 264.6472 4464608 036.3389 347.0322 06.06092922 36670
0 SL-12 DEB
1 27976U 88085W   05152.30652879 -.00027061  00000-0 -10559+0 0  9990
2 27976 064.3084 264.2506 4464867 036.2408 347.1121 06.06067513 36715
0 SL-12 DEB
1 27976U 88085W   05152.63651312 -.00024465 +00000-0 -98242-1 0  9999
2 27976 064.3123 264.0611 4461230 036.2028 347.0700 06.06050175036733
0 SL-12 DEB
1 27976U 88085W   05153.13153536 -.00018810  00000-0 -75562-1 0  9997
2 27976 064.3181 263.7660 4461208 036.1621 347.1174 06.06041270 36765
0 SL-12 DEB
1 27976U 88085W   05153.46153726 -.00012666  00000-0 -51651-1 0  9990
2 27976 064.3218 263.5647 4459168 036.1404 347.1273 06.06043385 36781
0 SL-12 DEB
1 27976U 88085W   05154.28656206 -.00006318  00000-0 -25591-1 0  9993
2 27976 064.3155 263.0579 4459896 036.0454 347.1621 06.06040005 36831
0 SL-12 DEB
1 27976U 88085W   05154.61656034 -.00003797  00000-0 -15462-1 0  9993
2 27976 064.3155 262.8568 4458994 036.0229 347.1457 06.06040752 36852
0 SL-12 DEB
1 27976U 88085W   05155.11157526 -.00003746  00000-0 -15263-1 0  9994
2 27976 064.3251 262.5466 4458967 035.9524 347.1632 06.06037428 36883
0 SL-12 DEB
1 27976U 88085W   05155.44158934 -.00010053  00000-0 -43211-1 0  9997
2 27976 064.3253 262.3579 4452327 036.0373 347.1269 06.06019592 36907
0 SL-12 DEB
1 27976U 88085W   05155.77160452 -.00007679  00000-0 -32301-1 0  9999
2 27976 064.3246 262.1586 4455163 035.9564 347.1367 06.06019515 36922
0 SL-12 DEB
1 27976U 88085W   05156.43166359 -.00016820  00000-0 -73895-1 0  9996
2 27976 064.3240 261.7671 4449814 035.9736 347.0364 06.05971535 36961
0 SL-12 DEB
1 27976U 88085W   05157.25684851 -.00032318 +00000-0 -13831-0 0  9992
2 27976 064.2965 261.1958 4453907 035.9567 346.9753 06.05888895037019
0 SL-12 DEB
1 27976U 88085W   05158.74247728 -.00074837  00000-0 -35899+0 0  9994
2 27976 064.3009 260.4256 4440469 035.7093 346.3496 06.05584033 37108
0 SL-12 DEB
1 27976U 88085W   05159.40344419 -.00058720  00000-0 -29191+0 0  9994
2 27976 064.3549 259.9915 4435664 035.5496 347.6225 06.05565123 37145
0 SL-12 DEB
1 27976U 88085W   05159.73355240 -.00066030  00000-0 -33241+0 0  9998
2 27976 064.2906 259.8212 4434275 035.4581 347.2754 06.05509360 37167
0 SL-12 DEB
1 27976U 88085W   05160.22903244 -.00039966  00000-0 -20732+0 0  9996
2 27976 064.2900 259.5163 4429908 035.6224 347.3820 06.05535455 37198
0 SL-12 DEB
1 27976U 88085W   05160.72439514 -.00027813  00000-0 -15172+0 0  9995
2 27976 064.3179 259.1969 4422917 035.5743 347.2588 06.05515406 37223
0 SL-12 DEB
1 27976U 88085W   05160.72444096 -.00037619  00000-0  00000+0 0  9994
2 27976 064.3204 259.1965 4431013 035.5078 347.2647 06.05483180 37225
0 SL-12 DEB
1 27976U 88085W   05161.21982288 -.00027807  00000-0 -15239+0 0  9998
2 27976 064.3092 258.9087 4422446 035.5273 347.1971 06.05485674 37251
0 SL-12 DEB
1 27976U 88085W   05161.71531138 -.00029261  00000-0 -16642+0 0  9992
2 27976 064.3174 258.6179 4417317 035.5808 347.2062 06.05456067 37285
0 SL-12 DEB
1 27976U 88085W   05162.04562984 -.00033083  00000-0 -18826+0 0  9995
2 27976 064.3329 258.4051 4417433 035.4650 347.1919 06.05425806 37307
0 SL-12 DEB
1 27976U 88085W   05162.37599340 -.00033898  00000-0 -19719+0 0  9993
2 27976 064.3334 258.2303 4414411 035.4759 347.2054 06.05400932 37320
0 SL-12 DEB
1 27976U 88085W   05163.03673812 -.00041314  00000-0 -24252+0 0  9994
2 27976 064.3396 257.8401 4413530 035.3353 347.1986 06.05333100 37361
0 SL-12 DEB
1 27976U 88085W   05163.36716786 -.00038538  00000-0 -23171+0 0  9991
2 27976 064.3349 257.6519 4410160 035.4170 347.2427 06.05313647 37388
0 SL-12 DEB
1 27976U 88085W   05163.69756707 -.00037046  00000-0 -22196+0 0  9993
2 27976 064.3342 257.4586 4410804 035.3452 347.2439 06.05293378 37404
0 SL-12 DEB
1 27976U 88085W   05164.35843163 -.00023187  00000-0 -14052+0 0  9993
2 27976 064.3118 257.0461 4409106 035.3074 347.3995 06.05295306 37441
0 SL-12 DEB
1 27976U 88085W   05164.68878408 -.00019360  00000-0 -11991+0 0  9996
2 27976 064.3167 256.8482 4405928 035.3305 347.2587 06.05290038 37465
0 SL-12 DEB
1 27976U 88085W   05165.18440935 -.00013669  00000-0 -84003-1 0  9994
2 27976 064.3195 256.5589 4407075 035.1867 347.3183 06.05288966 37490
0 SL-12 DEB
1 27976U 88085W   05165.34960565 -.00012409  00000-0 -77045-1 0  9997
2 27976 064.3202 256.4602 4405554 035.1831 347.3063 06.05289706 37507
0 SL-12 DEB
1 27976U 88085W   05166.01044758 -.00014046  00000-0 -88263-1 0  9992
2 27976 064.3310 256.0739 4403942 035.1370 347.2745 06.05265977 37545
0 SL-12 DEB
1 27976U 88085W   05166.34089356 -.00018055  00000-0 -11473+0 0  9992
2 27976 064.3297 255.8702 4402453 035.1166 347.2574 06.05240895 37569
0 SL-12 DEB
1 27976U 88085W   05167.16705412 -.00022538  00000-0 -14521+0 0  9999
2 27976 064.3297 255.3813 4400682 035.0127 347.3106 06.05196998 37617
0 SL-12 DEB
1 27976U 88085W   05167.33229996 -.00021576  00000-0 -14113+0 0  9994
2 27976 064.3344 255.2869 4398446 035.0470 347.3346 06.05193765 37621
0 SL-12 DEB
1 27976U 88085W   05167.66272671  .00000003  00000-0  17213-4 0  9997
2 27976 064.3287 255.1133 4394691 035.0366 347.3203 06.05239346 37642
0 SL-12 DEB
1 27976U 88085W   05167.66276617 -.00019168 +00000-0 -12601-0 0  9997
2 27976 064.3360 255.0963 4397751 035.0032 347.3330 06.05185247037645
0 SL-12 DEB
1 27976U 88085W   05168.32373438 -.00013409  00000-0 -88918-1 0  9997
2 27976 064.3389 254.7163 4396463 034.9039 347.4450 06.05184614 37683
0 SL-12 DEB
1 27976U 88085W   05168.65417622 -.00008918  00000-0 -59937-1 0  9995
2 27976 064.3544 254.5409 4394445 034.8641 347.3868 06.05186302 37704
0 SL-12 DEB
1 27976U 88085W   05168.98464697 -.00010982  00000-0 -73966-1 0  9997
2 27976 064.3606 254.3518 4394231 034.8354 347.3535 06.05172517 37722
0 SL-12 DEB
1 27976U 88085W   05169.64564611 -.00014856 +00000-0 -10193-0 0  9994
2 27976 064.3523 253.9519 4391609 034.8274 347.3701 06.05144863037765
0 SL-12 DEB
1 27976U 88085W   05170.14140539 -.00013786  00000-0 -94466-1 0  9997
2 27976 064.3553 253.6610 4391896 034.7263 347.4232 06.05134599 37790
0 SL-12 DEB
1 27976U 88085W   05170.47191061 -.00013789 +00000-0 -94466-1 0  9992
2 27976 064.3552 253.4656 4392004 034.7113 347.4191 06.05125479037817
0 SL-12 DEB
1 27976U 88085W   05171.29820838 -.00019634  00000-0 -13721+0 0  9992
2 27976 064.3616 252.9857 4389269 034.6720 347.3662 06.05078357 37866
0 SL-12 DEB
1 27976U 88085W   05171.46350658 -.00016773  00000-0 -11367+0 0  9994
2 27976 064.3646 252.8806 4393997 034.7719 347.3563 06.05075034 37874
0 SL-12 DEB
1 27976U 88085W   05171.95934703 -.00028882  00000-0 -20313+0 0  9992
2 27976 064.3657 252.5932 4388660 034.6198 347.4163 06.05020704 37909
0 SL-12 DEB
1 27976U 88085W   05173.44703305 -.00036053  00000-0 -27583+0 0  9995
2 27976 064.3809 251.7237 4376466 034.6381 347.2663 06.04889690 37990
0 SL-12 DEB
1 27976U 88085W   05173.94307174 -.00035916  00000-0 -27494+0 0  9992
2 27976 064.3844 251.4352 4376602 034.5491 347.4412 06.04855024 38020
0 SL-12 DEB
1 27976U 88085W   05174.27372431 -.00035553  00000-0 -27963+0 0  9995
2 27976 064.3703 251.2391 4372487 034.5875 347.4068 06.04832142 38043
0 SL-12 DEB
1 27976U 88085W   05175.10044715 -.00032686  00000-0 -26097+0 0  9990
2 27976 064.3646 250.7436 4370431 034.3984 347.5107 06.04783005 38092
0 SL-12 DEB
1 27976U 88085W   05175.43113631 -.00025109  00000-0 -20610+0 0  9997
2 27976 064.3818 250.5671 4366035 034.3349 347.5459 06.04781676 38117
0 SL-12 DEB
1 27976U 88085W   05176.09252668 -.00023855  00000-0 -19391+0 0  9994
2 27976 064.3944 250.1962 4367754 034.1224 347.5777 06.04753925 38158
0 SL-12 DEB
1 27976U 88085W   05176.42324462 -.00018786  00000-0 -15784+0 0  9992
2 27976 064.4040 250.0007 4362447 034.2027 347.5976 06.04754637 38175
0 SL-12 DEB
1 27976U 88085W   05176.58856841 -.00104268  00000-0 -89102+0 0  9996
2 27976 064.4134 249.9144 4360159 034.1661 347.4959 06.04681877 38185
0 SL-12 DEB
1 27976U 88085W   05176.75396568 -.00019164  00000-0 -16021+0 0  9990
2 27976 064.4068 249.8104 4363333 034.1036 347.6367 06.04741047 38191
0 SL-12 DEB
1 27976U 88085W   05177.41539122 -.00022226  00000-0 -18983+0 0  9991
2 27976 064.4073 249.4289 4360095 034.1047 347.5390 06.04704489 38230
0 SL-12 DEB
1 27976U 88085W   05177.58076901 -.00022227  00000-0 -18980+0 0  9998
2 27976 064.4073 249.3322 4360165 034.0968 347.5543 06.04697132 38243
0 SL-12 DEB
1 27976U 88085W   05178.07689781 -.00019839  00000-0 -16938+0 0  9995
2 27976 064.4074 249.0437 4360264 034.0428 347.6009 06.04683943 38275
0 SL-12 DEB
1 27976U 88085W   05178.24226374 -.00020666  00000-0 -17641+0 0  9991
2 27976 064.4030 248.9413 4360343 034.0161 347.5812 06.04674951 38282
0 SL-12 DEB
1 27976U 88085W   05178.90379804 -.00014511  00000-0 -12581+0 0  9991
2 27976 064.4102 248.5545 4357834 034.0109 347.6556 06.04670217 38329
0 SL-12 DEB
1 27976U 88085W   05179.23452615 -.00013184  00000-0 -11531+0 0  9999
2 27976 064.4065 248.3600 4356418 034.0061 347.6026 06.04666387 38348
0 SL-12 DEB
1 27976U 88085W   05179.56527882 -.00011577  00000-0 -10323+0 0  9996
2 27976 064.4174 248.1614 4353274 033.9212 347.6096 06.04660930 38362
0 SL-12 DEB
1 27976U 88085W   05179.89604104 -.00012073  00000-0 -10724+0 0  9992
2 27976 064.4228 247.9751 4353971 033.8183 347.6293 06.04651804 38382
0 SL-12 DEB
1 27976U 88085W   05180.22681904 -.00014523  00000-0 -13054+0 0  9995
2 27976 064.4240 247.7942 4352166 033.8678 347.5947 06.04634134 38405
0 SL-12 DEB
1 27976U 88085W   05180.55761117 -.00017555  00000-0 -15987+0 0  9991
2 27976 064.4316 247.6097 4350139 033.7785 347.6355 06.04616609 38428
0 SL-12 DEB
1 27976U 88085W   05181.55001515 -.00016898  00000-0 -15485+0 0  9993
2 27976 064.4425 247.0436 4349357 033.7022 347.6759 06.04583700 38483
0 SL-12 DEB
1 27976U 88085W   05181.55002306  .00000001  00000-0  13780-4 0  9990
2 27976 064.4543 247.0415 4344597 033.6629 347.6903 06.04574995 38481
0 SL-12 DEB
1 27976U 88085W   05182.21164241 -.00019170  00000-0 -17727+0 0  9990
2 27976 064.4441 246.6565 4348090 033.7125 347.6374 06.04551813 38524
0 SL-12 DEB
1 27976U 88085W   05182.54248364 -.00021279  00000-0 -19900+0 0  9993
2 27976 064.4419 246.4583 4346364 033.6524 347.6788 06.04533815 38544
0 SL-12 DEB
1 27976U 88085W   05183.20417264 -.00016409  00000-0 -15651+0 0  9992
2 27976 064.4495 246.0736 4343174 033.6311 347.7520 06.04525533 38581
0 SL-12 DEB
1 27976U 88085W   05184.03126028 -.00011888  00000-0 -11474+0 0  9994
2 27976 064.4621 245.6067 4341345 033.4483 347.7880 06.04513861 38636
0 SL-12 DEB
1 27976U 88085W   05184.52752187 -.00013865  00000-0 -13612+0 0  9992
2 27976 064.4733 245.3312 4338608 033.4379 347.7431 06.04494925 38666
0 SL-12 DEB
1 27976U 88085W   05185.18924743 -.00016140  00000-0 -15943+0 0  9992
2 27976 064.4794 244.9513 4337773 033.3746 347.7407 06.04467314 38700
0 SL-12 DEB
1 27976U 88085W   05185.35469647 -.00015940 +00000-0 -15976-0 0  9992
2 27976 064.4841 244.8574 4335365 033.3882 347.7599 06.04461584038711
0 SL-12 DEB
1 27976U 88085W   05186.01645709 -.00015948  00000-0 -15976+0 0  9998
2 27976 064.4839 244.4738 4335610 033.3549 347.7683 06.04440462 38759
0 SL-12 DEB
1 27976U 88085W   05186.34734782 -.00015462  00000-0 -15806+0 0  9997
2 27976 064.5061 244.2993 4332251 033.2493 347.8065 06.04430466 38773
0 SL-12 DEB
1 27976U 88085W   05187.17459481 -.00018029  00000-0 -18553+0 0  9993
2 27976 064.5160 243.8316 4331333 033.1508 347.8028 06.04394321 38827
0 SL-12 DEB
1 27976U 88085W   05187.67098686 -.00021462 +00000-0 -22251-0 0  9990
2 27976 064.5246 243.5523 4330215 033.1013 347.8396 06.04366495038850
0 SL-12 DEB
1 27976U 88085W   05188.16739368 -.00016797  00000-0 -17533+0 0  9995
2 27976 064.5261 243.2669 4329117 033.1075 347.9046 06.04363244 38887
0 SL-12 DEB
1 27976U 88085W   05188.33283263 -.00009407  00000-0 -99423-1 0  9992
2 27976 064.5292 243.1685 4326958 033.0872 347.9272 06.04383275 38890
0 SL-12 DEB
1 27976U 88085W   05189.16010328 -.00010063  00000-0 -10634+0 0  9999
2 27976 064.5241 242.6897 4327091 033.0435 347.8450 06.04363139 38947
0 SL-12 DEB
1 27976U 88085W   05189.32557763 -.00010065 +00000-0 -10634-0 0  9999
2 27976 064.5241 242.5942 4327140 033.0349 347.8681 06.04359803038956
0 SL-12 DEB
1 27976U 88085W   05189.65651099 -.00015455  00000-0 -16434+0 0  9993
2 27976 064.5420 242.4176 4326095 032.9066 347.8830 06.04337290 38979
0 SL-12 DEB
1 27976U 88085W   05190.31842467 -.00013402  00000-0 -14519+0 0  9991
2 27976 064.5410 242.0311 4322987 032.8683 347.9583 06.04324429 39017
0 SL-12 DEB
1 27976U 88085W   05190.48388242 -.00013405 +00000-0 -14519-0 0  9999
2 27976 064.5410 241.9357 4323043 032.8596 347.9219 06.04319988039023
0 SL-12 DEB
1 27976U 88085W   05191.47675514 -.00012111  00000-0 -13252+0 0  9995
2 27976 064.5559 241.3757 4321427 032.7367 347.9684 06.04298896 39080
0 SL-12 DEB
1 27976U 88085W   05192.13869139 -.00009060  00000-0 -99310-1 0  9997
2 27976 064.5550 240.9941 4321220 032.7133 348.0137 06.04295365 39121
0 SL-12 DEB
1 27976U 88085W   05192.46964020 -.00006838 +00000-0 -75497-1 0  9998
2 27976 064.5612 240.8092 4320076 032.6780 347.9881 06.04294273039144
0 SL-12 DEB
1 27976U 88085W   05193.13157648 -.00005690  00000-0 -62848-1 0  9994
2 27976 064.5648 240.4306 4320123 032.6217 348.0189 06.04290130 39180
0 SL-12 DEB
1 27976U 88085W   05193.29705386 -.00005866  00000-0 -65620-1 0  9995
2 27976 064.5847 240.3529 4317942 032.6096 347.9991 06.04286673 39194
0 SL-12 DEB
1 27976U 88085W   05193.62802653 -.00008029  00000-0 -89709-1 0  9995
2 27976 064.5945 240.1712 4318120 032.5026 348.0267 06.04276503 39218
0 SL-12 DEB
1 27976U 88085W   05194.12450260 -.00005811  00000-0 -65555-1 0  9993
2 27976 064.5943 239.8831 4316607 032.5157 348.0679 06.04277609 39244
0 SL-12 DEB
1 27976U 88085W   05194.45546331 -.00004923  00000-0 -56088-1 0  9998
2 27976 064.6048 239.6996 4315046 032.4777 348.0482 06.04275457 39267
0 SL-12 DEB
1 27976U 88085W   05195.28291023 -.00004173 +00000-0 -48129-1 0  9999
2 27976 064.6162 239.2363 4313182 032.4292 348.0622 06.04268569039317
0 SL-12 DEB
1 27976U 88085W   05195.94487278 -.00004581  00000-0 -52737-1 0  9994
2 27976 064.6238 238.8622 4313576 032.3330 348.0862 06.04261764 39353
0 SL-12 DEB
1 27976U 88085W   05196.93784361 -.00004730 +00000-0 -54948-1 0  9999
2 27976 064.6282 238.2982 4312220 032.2626 348.1171 06.04250740039410
0 SL-12 DEB
1 27976U 88085W   05197.26883635 -.00002459  00000-0 -29058-1 0  9990
2 27976 064.6387 238.1160 4310291 032.2054 348.1604 06.04254884 39430
0 SL-12 DEB
1 27976U 88085W   05198.09630088 -.00004357  00000-0 -51346-1 0  9998
2 27976 064.6441 237.6440 4310024 032.1481 348.1309 06.04242621 39486
0 SL-12 DEB
1 27976U 88085W   05198.59281302 -.00007926  00000-0 -93361-1 0  9992
2 27976 064.6472 237.3628 4309591 032.0843 348.1683 06.04227480 39518
0 SL-12 DEB
1 27976U 88085W   05199.25483407 -.00001049  00000-0 -12885-1 0  9998
2 27976 064.6653 236.9991 4307391 032.0327 348.2851 06.04243333 39557
0 SL-12 DEB
1 27976U 88085W   05200.24778350 -.00001010  00000-0 -12442-1 0  9991
2 27976 064.6933 236.4466 4307169 031.8802 348.2456 06.04239899 39618
0 SL-12 DEB
1 27976U 88085W   05200.90978396 -.00001011 +00000-0 -12442-1 0  9997
2 27976 064.6932 236.0685 4307288 031.8410 348.2709 06.04238512039659
0 SL-12 DEB
1 27976U 88085W   05201.40628175 -.00003295  00000-0 -39664-1 0  9991
2 27976 064.7270 235.7989 4306845 031.6802 348.2977 06.04227651 39681
0 SL-12 DEB
1 27976U 88085W   05202.39931546 -.00004584  00000-0 -55290-1 0  9994
2 27976 064.7362 235.2389 4305837 031.5591 348.3753 06.04217983 39743
0 SL-12 DEB
1 27976U 88085W   05202.89583077 -.00004588 +00000-0 -55290-1 0  9995
2 27976 064.7361 234.9559 4305951 031.5288 348.3848 06.04213399039772
0 SL-12 DEB
1 27976U 88085W   05203.22684337 -.00002080  00000-0 -25405-1 0  9994
2 27976 064.7415 234.7632 4304668 031.5370 348.4097 06.04219136 39792
0 SL-12 DEB
1 27976U 88085W   05203.39233219 -.00001828 +00000-0 -22383-1 0  9992
2 27976 064.7420 234.6714 4304511 031.5308 348.3789 06.04219115039802
0 SL-12 DEB
1 27976U 88085W   05204.05435000  .00000483  00000-0  55942-2 0  9990
2 27976 064.7452 234.3130 4303265 031.5210 348.4087 06.04225989 39845
0 SL-12 DEB
1 27976U 88085W   05204.55084105 +.00001484 +00000-0 +17799-1 0  9990
2 27976 064.7512 234.0323 4303106 031.4729 348.3924 06.04228621039879
0 SL-12 DEB
1 27976U 88085W   05205.04734462 +.00001482 +00000-0 +17799-1 0  9991
2 27976 064.7511 233.7496 4303180 031.4423 348.4007 06.04230074039900
0 SL-12 DEB
1 27976U 88085W   05205.54384800  .00000884  00000-0  10547-1 0  9992
2 27976 064.7589 233.4713 4303080 031.3881 348.4205 06.04230122 39937
0 SL-12 DEB
1 27976U 88085W   05206.04035145  .00000138  00000-0  14881-2 0  9991
2 27976 064.7687 233.2056 4302624 031.3408 348.4224 06.04227448 39963
0 SL-12 DEB
1 27976U 88085W   05206.86786812 +.00000138 +00000-0 +14881-2 0  9995
2 27976 064.7686 232.7348 4302763 031.2891 348.4541 06.04227649040012
0 SL-12 DEB
1 27976U 88085W   05207.03337024 -.00000837  00000-0 -10380-1 0  9999
2 27976 064.7925 232.6339 4303094 031.2429 348.4608 06.04223672 40029
0 SL-12 DEB
1 27976U 88085W   05207.52988622 -.00000836 +00000-0 -10380-1 0  9998
2 27976 064.7924 232.3517 4303184 031.2114 348.4852 06.04222824040056
0 SL-12 DEB
1 27976U 88085W   05208.85390723 -.00000340 +00000-0 -44441-2 0  9990
2 27976 064.8093 231.6078 4301723 031.1192 348.5164 06.04223343040133
0 SL-12 DEB
1 27976U 88085W   05209.18491440  .00000566  00000-0  66731-2 0  9999
2 27976 064.8162 231.4248 4301030 031.1010 348.5325 06.04226023 40156
0 SL-12 DEB
1 27976U 88085W   05209.51591489 +.00000540 +00000-0 +63263-2 0  9999
2 27976 064.8180 231.2409 4301197 031.0683 348.5333 06.04226291040170
0 SL-12 DEB
1 27976U 88085W   05210.50891371  .00002365  00000-0  28598-1 0  9991
2 27976 064.8294 230.6888 4301779 030.9480 348.5700 06.04235145 40232
0 SL-12 DEB
1 27976U 88085W   05211.17092067 -.00000180  00000-0 -26084-2 0  9994
2 27976 064.8439 230.3299 4301687 030.8877 348.5795 06.04228800 40271
0 SL-12 DEB
1 27976U 88085W   05212.16394765 -.00001958  00000-0 -24392-1 0  9997
2 27976 064.8574 229.7774 4301999 030.7991 348.6183 06.04221043 40334
0 SL-12 DEB
1 27976U 88085W   05212.49496905 -.00001959 +00000-0 -24392-1 0  9993
2 27976 064.8574 229.5897 4302065 030.7772 348.6545 06.04219723040356
0 SL-12 DEB
1 27976U 88085W   05212.99148362 -.00003138  00000-0 -38752-1 0  9995
2 27976 064.8821 229.3316 4302451 030.7085 348.6707 06.04214254 40388
0 SL-12 DEB
1 27976U 88085W   05213.15699526 -.00003090  00000-0 -38375-1 0  9995
2 27976 064.8957 229.2414 4301460 030.7149 348.6888 06.04214570 40398
0 SL-12 DEB
1 27976U 88085W   05213.98452325  .00000582  00000-0  67165-2 0  9991
2 27976 064.8973 228.7785 4302036 030.6460 348.7345 06.04222935 40445
0 SL-12 DEB
1 27976U 88085W   05214.48102260  .00000802  00000-0  94105-2 0  9996
2 27976 064.9073 228.4968 4302351 030.5761 348.7296 06.04222355 40474
0 SL-12 DEB
1 27976U 88085W   05215.14303833 -.00000389  00000-0 -51083-2 0  9999
2 27976 064.9086 228.1204 4302722 030.5266 348.7393 06.04219329 40510
0 SL-12 DEB
1 27976U 88085W   05215.47405296 -.00000390 +00000-0 -51083-2 0  9993
2 27976 064.9085 227.9330 4302781 030.5039 348.7593 06.04219051040535
0 SL-12 DEB
1 27976U 88085W   05216.13607179  .00001396  00000-0  16648-1 0  9993
2 27976 064.9143 227.5638 4303207 030.4391 348.7996 06.04224979 40577
0 SL-12 DEB
1 27976U 88085W   05216.46707026 +.00002615 +00000-0 +31466-1 0  9991
2 27976 064.9172 227.3785 4303200 030.4198 348.7949 06.04228971040594
0 SL-12 DEB
1 27976U 88085W   05217.46009426 -.00001947  00000-0 -23913-1 0  9998
2 27976 064.9325 226.8253 4303575 030.3479 348.8035 06.04217354 40651
0 SL-12 DEB
1 27976U 88085W   05217.79111051 -.00002547 +00000-0 -31226-1 0  9995
2 27976 064.9380 226.6421 4303378 030.3193 348.8214 06.04214037040677
0 SL-12 DEB
1 27976U 88085W   05218.45313814 -.00002838  00000-0 -34829-1 0  9995
2 27976 064.9538 226.2757 4303001 030.2708 348.8421 06.04210112 40719
0 SL-12 DEB
1 27976U 88085W   05219.28066860  .00000997  00000-0  11845-1 0  9998
2 27976 064.9591 225.8109 4303024 030.1963 348.8834 06.04217805 40760
0 SL-12 DEB
1 27976U 88085W   05219.44616601 +.00000997 +00000-0 +11845-1 0  9990
2 27976 064.9591 225.7174 4303051 030.1846 348.8711 06.04218126040773
0 SL-12 DEB
1 27976U 88085W   05220.77019752  .00002010  00000-0  24116-1 0  9995
2 27976 064.9694 224.9795 4303149 030.0828 348.9101 06.04225121 40850
0 SL-12 DEB
1 27976U 88085W   05221.76321259 +.00002142 +00000-0 +25601-1 0  9999
2 27976 064.9759 224.4247 4303637 030.0151 348.9348 06.04229818040917
0 SL-12 DEB
1 27976U 88085W   05222.75622497  .00000314  00000-0  33536-2 0  9993
2 27976 064.9919 223.8804 4305135 029.9496 348.9499 06.04228209 40977
0 SL-12 DEB
1 27976U 88085W   05223.41824692 +.00000372 +00000-0 +39679-2 0  9996
2 27976 065.0090 223.5162 4307290 029.8832 349.0000 06.04229425041017
0 SL-12 DEB
1 27976U 88085W   05224.08025486  .00002168  00000-0  25180-1 0  9990
2 27976 065.0120 223.1435 4307855 029.8302 349.0448 06.04237670 41050
0 SL-12 DEB
1 27976U 88085W   05225.40424048  .00000818  00000-0  89940-2 0  9999
2 27976 065.0309 222.4031 4311128 029.7153 349.0513 06.04239240 41131
0 SL-12 DEB
1 27976U 88085W   05226.39724805 +.00001076 +00000-0 +11909-1 0  9998
2 27976 065.0446 221.8544 4312296 029.6389 349.1041 06.04241595041191
0 SL-12 DEB
1 27976U 88085W   05227.05924551  .00002044  00000-0  23023-1 0  9998
2 27976 065.0541 221.4911 4312843 029.5878 349.1399 06.04246989 41234
0 SL-12 DEB
1 27976U 88085W   05227.39023576 +.00002770 +00000-0 +31261-1 0  9991
2 27976 065.0557 221.3034 4313510 029.5607 349.1430 06.04250200041257
0 SL-12 DEB
1 27976U 88085W   05228.38320919  .00003127  00000-0  35242-1 0  9992
2 27976 065.0654 220.7505 4314304 029.4760 349.1734 06.04256796 41312
0 SL-12 DEB
1 27976U 88085W   05229.37618289  .00000744  00000-0  80850-2 0  9990
2 27976 065.0663 220.1873 4315317 029.3828 349.2046 06.04254291 41374
0 SL-12 DEB
1 27976U 88085W   05230.36915454  .00002210  00000-0  24691-1 0  9995
2 27976 065.0766 219.6351 4315964 029.2962 349.2522 06.04261041 41435
0 SL-12 DEB
1 27976U 88085W   05231.36211030 +.00001794 +00000-0 +19984-1 0  9990
2 27976 065.0838 219.0789 4316613 029.2110 349.2708 06.04263393041495
0 SL-12 DEB
1 27976U 88085W   05232.35506296  .00001716  00000-0  18991-1 0  9992
2 27976 065.1006 218.5280 4317983 029.1256 349.2942 06.04266771 41554
0 SL-12 DEB
1 27976U 88085W   05233.01703338  .00001298  00000-0  14324-1 0  9993
2 27976 065.1162 218.1705 4318222 029.0904 349.3065 06.04267272 41599
0 SL-12 DEB
1 27976U 88085W   05233.67900602 +.00000256 +00000-0 +27039-2 0  9999
2 27976 065.1229 217.8028 4318544 029.0424 349.3289 06.04265635041635
0 SL-12 DEB
1 27976U 88085W   05234.67195523 +.00001108 +00000-0 +12081-1 0  9995
2 27976 065.1338 217.2496 4319567 028.9613 349.3667 06.04270600041697
0 SL-12 DEB
1 27976U 88085W   05235.33391761  .00001844  00000-0  20098-1 0  9995
2 27976 065.1375 216.8761 4320477 028.8957 349.3960 06.04274605 41730
0 SL-12 DEB
1 27976U 88085W   05235.66489749 +.00001396 +00000-0 +15146-1 0  9995
2 27976 065.1400 216.6921 4320494 028.8755 349.4004 06.04274248041755
0 SL-12 DEB
1 27976U 88085W   05236.32685896 +.00001053 +00000-0 +11293-1 0  9999
2 27976 065.1448 216.3218 4321307 028.8138 349.4274 06.04275397041791
0 SL-12 DEB
1 27976U 88085W   05236.98881962  .00001796  00000-0  19345-1 0  9993
2 27976 065.1524 215.9563 4321854 028.7524 349.4635 06.04279653 41834
0 SL-12 DEB
1 27976U 88085W   05237.65077048 +.00001974 +00000-0 +21238-1 0  9992
2 27976 065.1558 215.5849 4322076 028.7001 349.4793 06.04282492041875
0 SL-12 DEB
1 27976U 88085W   05237.65077880  .00002248  00000-0  24582-1 0  9996
2 27976 065.1659 215.5889 4321404 028.7219 349.4921 06.04283511 41872
0 SL-12 DEB
1 27976U 88085W   05239.30564013  .00001640  00000-0  17286-1 0  9997
2 27976 065.1754 214.6664 4325242 028.5496 349.5343 06.04288656 41973
0 SL-12 DEB
1 27976U 88085W   05240.96050351 +.00001770 +00000-0 +18577-1 0  9994
2 27976 065.1841 213.7456 4326800 028.4073 349.6067 06.04294442042076
0 SL-12 DEB
1 27976U 88085W   05241.29147132 +.00002006 +00000-0 +21134-1 0  9991
2 27976 065.1853 213.5605 4326500 028.3936 349.6107 06.04296149042090
0 SL-12 DEB
1 27976U 88085W   05241.95340471  .00001590  00000-0  16717-1 0  9993
2 27976 065.1866 213.1886 4326905 028.3381 349.6232 06.04297175 42138
0 SL-12 DEB
1 27976U 88085W   05242.44985831 +.00001363 +00000-0 +14323-1 0  9992
2 27976 065.1953 212.9163 4327134 028.3048 349.6401 06.04298179042161
0 SL-12 DEB
1 27976U 88085W   05243.27727378 +.00001594 +00000-0 +16747-1 0  9992
2 27976 065.1955 212.4492 4327790 028.2375 349.6664 06.04301254042219
0 SL-12 DEB
1 27976U 88085W   05244.27016596  .00001859  00000-0  19486-1 0  9993
2 27976 065.1962 211.8911 4328487 028.1669 349.6926 06.04305377 42272
0 SL-12 DEB
1 27976U 88085W   05244.93209050 +.00001989 +00000-0 +20802-1 0  9993
2 27976 065.1992 211.5210 4328993 028.1112 349.7138 06.04308383042310
0 SL-12 DEB
1 27976U 88085W   05245.92497131 +.00002001 +00000-0 +20809-1 0  9995
2 27976 065.1939 210.9570 4329870 028.0369 349.7415 06.04312366042371
0 SL-12 DEB
1 27976U 88085W   05246.91784857  .00001620  00000-0  16753-1 0  9998
2 27976 065.1963 210.3997 4330599 027.9593 349.7715 06.04314871 42435
0 SL-12 DEB
1 27976U 88085W   05246.91784857 +.00001620 +00000-0 +16753-1 0  9998
2 27976 065.1963 210.3997 4330599 027.9593 349.7715 06.04314871042435
0 SL-12 DEB
1 27976U 88085W   05247.91072312 +.00001472 +00000-0 +15153-1 0  9993
2 27976 065.2033 209.8458 4330974 027.8840 349.8054 06.04317557042497
0 SL-12 DEB
1 27976U 88085W   05248.90358792 +.00001510 +00000-0 +15407-1 0  9997
2 27976 065.2087 209.2916 4331988 027.8004 349.8350 06.04321082042551
0 SL-12 DEB
1 27976U 88085W   05249.23454587  .00001024  00000-0  10387-1 0  9995
2 27976 065.2072 209.1044 4332205 027.7785 349.8500 06.04320940 42575
0 SL-12 DEB
1 27976U 88085W   05249.89645622 +.00001275 +00000-0 +12903-1 0  9993
2 27976 065.2102 208.7343 4332690 027.7206 349.8790 06.04323381042610
0 SL-12 DEB
1 27976U 88085W   05250.22740904  .00001542  00000-0  15593-1 0  9996
2 27976 065.2046 208.5442 4332974 027.7032 349.8867 06.04324869 42636
0 SL-12 DEB
1 27976U 88085W   05250.88931354 +.00001524 +00000-0 +15366-1 0  9997
2 27976 065.2059 208.1725 4333256 027.6556 349.9059 06.04326819042679
0 SL-12 DEB
1 27976U 88085W   05251.88216746 +.00001589 +00000-0 +15938-1 0  9995
2 27976 065.2100 207.6155 4333992 027.5814 349.9403 06.04330214042734
0 SL-12 DEB
1 27976U 88085W   05252.21311715  .00001143  00000-0  11366-1 0  9992
2 27976 065.2123 207.4311 4334662 027.5623 349.9418 06.04329502 42750
0 SL-12 DEB
1 27976U 88085W   05252.87502082 +.00001143 +00000-0 +11366-1 0  9993
2 27976 065.2123 207.0582 4334767 027.5081 349.9725 06.04330990042798
0 SL-12 DEB
1 27976U 88085W   05253.86786597  .00001376  00000-0  13652-1 0  9996
2 27976 065.2190 206.5047 4335828 027.4340 350.0037 06.04334531 42859
0 SL-12 DEB
1 27976U 88085W   05254.86070590 +.00001406 +00000-0 +13961-1 0  9993
2 27976 065.2221 205.9469 4336378 027.3554 350.0349 06.04337445042912
0 SL-12 DEB
1 27976U 88085W   05255.19165101  .00001915  00000-0  18927-1 0  9995
2 27976 065.2245 205.7612 4337678 027.3375 350.0441 06.04340137 42938
0 SL-12 DEB
1 27976U 88085W   05255.85353761 +.00002127 +00000-0 +21059-1 0  9995
2 27976 065.2267 205.3917 4337778 027.2930 350.0625 06.04343529042979
0 SL-12 DEB
1 27976U 88085W   05256.18447811  .00002357  00000-0  23298-1 0  9994
2 27976 065.2261 205.2038 4338269 027.2755 350.0668 06.04345528 42997
0 SL-12 DEB
1 27976U 88085W   05256.51541873  .00002453  00000-0  24298-1 0  9992
2 27976 065.2267 205.0187 4338042 027.2719 350.0689 06.04347392 43013
0 SL-12 DEB
1 27976U 88085W   05257.01182648  .00000655  00000-0  64845-2 0  9994
2 27976 065.2275 204.7414 4339234 027.2270 350.0646 06.04343877 43047
0 SL-12 DEB
1 27976U 88085W   05257.83918892 +.00000851 +00000-0 +84578-2 0  9995
2 27976 065.2287 204.2754 4339396 027.1644 350.1077 06.04345743043093
0 SL-12 DEB
1 27976U 88085W   05258.17012957  .00001974  00000-0  19482-1 0  9998
2 27976 065.2208 204.0889 4339572 027.1758 350.1142 06.04350244 43113
0 SL-12 DEB
1 27976U 88085W   05258.83199981 +.00001973 +00000-0 +19482-1 0  9993
2 27976 065.2208 203.7157 4339668 027.1214 350.1228 06.04352872043158
0 SL-12 DEB
1 27976U 88085W   05259.16293657  .00001311  00000-0  12846-1 0  9998
2 27976 065.2287 203.5299 4341702 027.1137 350.1156 06.04351877 43172
0 SL-12 DEB
1 27976U 88085W   05259.82481853 +.00001312 +00000-0 +12846-1 0  9999
2 27976 065.2287 203.1566 4341803 027.0590 350.1525 06.04353631043214
0 SL-12 DEB
1 27976U 88085W   05260.15575535  .00001061  00000-0  10351-1 0  9998
2 27976 065.2294 202.9719 4342947 027.0624 350.1449 06.04353181 43234
0 SL-12 DEB
1 27976U 88085W   05260.81763402 +.00001063 +00000-0 +10351-1 0  9995
2 27976 065.2294 202.5985 4343050 027.0077 350.1773 06.04354605043279
0 SL-12 DEB
1 27976U 88085W   05261.81044271  .00000907  00000-0  86794-2 0  9993
2 27976 065.2376 202.0473 4345752 026.8984 350.2173 06.04356436 43338
0 SL-12 DEB
1 27976U 88085W   05262.80325497  .00001518  00000-0  14934-1 0  9990
2 27976 065.2613 201.5174 4339837 026.6678 350.3502 06.04362889 43391
0 SL-12 DEB
1 27976U 88085W   05265.78160284  .00001688  00000-0  14934-1 0  9999
2 27976 065.2613 199.8404 4356784 024.5289 352.1717 06.04451189 43571
0 SL-12 DEB
1 27976U 88085W   05272.89499310  .00019708  00000-0  14126+0 0  9997
2 27976 065.2449 195.7473 4385341 026.7692 001.4622 06.05104607 44001
0 SL-12 DEB
1 27976U 88085W   05273.88146725  .00021365  00000-0  15562+0 0  9993
2 27976 065.2416 195.1801 4382509 026.8050 350.4286 06.05150312 44069
0 SL-12 DEB
1 27976U 88085W   05274.37719424  .00029429  00000-0  21416+0 0  9994
2 27976 065.2419 194.8994 4382246 026.7726 350.5083 06.05202604 44099
0 SL-12 DEB
1 27976U 88085W   05274.87284478 +.00029447 +00000-0 +21416-0 0  9996
2 27976 065.2419 194.6167 4382131 026.7310 350.4227 06.05231807044121
0 SL-12 DEB
1 27976U 88085W   05275.03807225  .00031271  00000-0  22409+0 0  9996
2 27976 065.2510 194.5351 4384302 026.7496 350.4055 06.05245940 44137
0 SL-12 DEB
1 27976U 88085W   05275.36852425  .00053877  00000-0  38330+0 0  9990
2 27976 065.2625 194.3771 4384802 026.7636 350.4998 06.05333378 44150
0 SL-12 DEB
1 27976U 88085W   05275.86406886  .00045685  00000-0  31702+0 0  9995
2 27976 065.2502 194.0777 4388481 026.7319 350.3324 06.05354157 44185
0 SL-12 DEB
1 27976U 88085W   05276.19450331  .00038468  00000-0  25232+0 0  9998
2 27976 065.2429 193.8716 4396889 026.7510 350.3893 06.05373279 44207
0 SL-12 DEB
1 27976U 88085W   05276.85527041  .00027467  00000-0  17893+0 0  9995
2 27976 065.2419 193.4969 4397797 026.7112 350.4012 06.05391909 44247
0 SL-12 DEB
1 27976U 88085W   05277.35085341 +.00024663 +00000-0 +16175-0 0  9991
2 27976 065.2426 193.2094 4396656 026.7145 350.4718 06.05410124044278
0 SL-12 DEB
1 27976U 88085W   05277.84638934  .00016958  00000-0  10957+0 0  9996
2 27976 065.2422 192.9295 4398883 026.6684 350.4483 06.05412561 44304
0 SL-12 DEB
1 27976U 88085W   05278.83746641  .00023009  00000-0  14606+0 0  9991
2 27976 065.2384 192.3561 4401094 026.5901 350.6428 06.05474468 44362
0 SL-12 DEB
1 27976U 88085W   05279.82836091  .00049834  00000-0  30584+0 0  9997
2 27976 065.2376 191.7907 4405097 026.5284 350.8763 06.05626475 44429
0 SL-12 DEB
1 27976U 88085W   05279.82836091 +.00049834 +00000-0 +30584-0 0  9998
2 27976 065.2376 191.7907 4405097 026.5284 350.8763 06.05626475044429
0 SL-12 DEB
1 27976U 88085W   05280.65377635  .00055981  00000-0  33892+0 0  9999
2 27976 065.2500 191.3253 4406436 026.5082 350.6322 06.05728482 44477
0 SL-12 DEB
1 27976U 88085W   05280.81885277  .00053553  00000-0  32009+0 0  9995
2 27976 065.2452 191.2280 4408258 026.4726 350.5837 06.05737644 44481
0 SL-12 DEB
1 27976U 88085W   05281.31411861  .00045800  00000-0  27377+0 0  9993
2 27976 065.2387 190.9392 4408060 026.5284 350.5504 06.05767342 44512
0 SL-12 DEB
1 27976U 88085W   05281.80936875  .00037001  00000-0  22127+0 0  9996
2 27976 065.2290 190.6448 4407964 026.5827 350.4451 06.05774380 44542
0 SL-12 DEB
1 27976U 88085W   05282.79985069  .00036629  00000-0  21474+0 0  9993
2 27976 065.2285 190.0725 4410394 026.5609 350.6002 06.05849932 44604
0 SL-12 DEB
1 27976U 88085W   05282.96490494  .00041370  00000-0  24081+0 0  9991
2 27976 065.2368 189.9851 4411270 026.5480 350.6118 06.05874133 44614
0 SL-12 DEB
1 27976U 88085W   05283.62508101  .00043055  00000-0  24937+0 0  9992
2 27976 065.2419 189.6073 4411613 026.5121 350.6180 06.05933881 44656
0 SL-12 DEB
1 27976U 88085W   05284.28519407  .00040490  00000-0  22884+0 0  9995
2 27976 065.2493 189.2335 4414855 026.4703 350.5968 06.05982523 44695
0 SL-12 DEB
1 27976U 88085W   05284.78026604  .00026839  00000-0  15105+0 0  9991
2 27976 065.2457 188.9359 4415611 026.4340 350.4812 06.05966964 44727
0 SL-12 DEB
1 27976U 88085W   05285.60545275  .00021247  00000-0  11793+0 0  9990
2 27976 065.2505 188.4662 4417448 026.4575 350.6224 06.05997485 44779
0 SL-12 DEB
1 27976U 88085W   05285.93549973  .00025037  00000-0  13723+0 0  9991
2 27976 065.2422 188.2686 4419054 026.4560 350.6810 06.06024248 44792
0 SL-12 DEB
1 27976U 88085W   05285.93550603  .00025005  00000-0  13874+0 0  9995
2 27976 065.2342 188.4086 4417084 026.3567 350.7075 06.06024146 44797
0 SL-12 DEB
1 27976U 88085W   05286.59548606  .00028977  00000-0  16211+0 0  9997
2 27976 065.2347 187.8887 4415541 026.5174 350.6456 06.06078263 44832
0 SL-12 DEB
1 27976U 88085W   05289.23528657  .00063709  00000-0  31892+0 0  9999
2 27976 065.2288 186.3585 4430399 026.4822 351.0578 06.06229011 44998
0 SL-12 DEB
1 27976U 88085W   05289.72996244  .00022917  00000-0  11530+0 0  9997
2 27976 065.2414 186.0848 4429624 026.2008 350.7718 06.06245906 45029
0 SL-12 DEB
1 27976U 88085W   05290.05987311  .00024903  00000-0  12401+0 0  9995
2 27976 065.2284 185.8823 4430911 026.2485 350.7874 06.06265937 45045
0 SL-12 DEB
1 27976U 88085W   05290.55470086  .00024735  00000-0  12364+0 0  9997
2 27976 065.2278 185.5943 4430222 026.3058 350.7622 06.06289769 45073
0 SL-12 DEB
1 27976U 88085W   05290.88457654  .00025190  00000-0  12305+0 0  9990
2 27976 065.2282 185.4023 4433278 026.2926 350.7841 06.06310140 45096
0 SL-12 DEB
1 27976U 88085W   05291.37936671  .00027233  00000-0  13293+0 0  9993
2 27976 065.2290 185.1164 4433174 026.3069 350.7865 06.06341399 45122
0 SL-12 DEB
1 27976U 88085W   05291.70920765  .00029017  00000-0  14159+0 0  9991
2 27976 065.2289 184.9242 4433053 026.2754 350.8077 06.06366659 45144
0 SL-12 DEB
1 27976U 88085W   05292.20394300  .00032128  00000-0  15456+0 0  9995
2 27976 065.2292 184.6361 4434770 026.3048 350.7970 06.06404772 45174
0 SL-12 DEB
1 27976U 88085W   05292.69864847  .00024480  00000-0  11626+0 0  9993
2 27976 065.2169 184.3418 4436583 026.3755 350.6188 06.06401136 45201
0 SL-12 DEB
1 27976U 88085W   05293.35833413  .00015551  00000-0  73168-1 0  9992
2 27976 065.2113 183.9554 4437901 026.3261 350.7204 06.06404341 45248
0 SL-12 DEB
1 27976U 88085W   05293.68816046  .00021502  00000-0  10083+0 0  9999
2 27976 065.2070 183.7581 4437971 026.2954 350.8169 06.06438069 45271
0 SL-12 DEB
1 27976U 88085W   05293.85308235  .00011483  00000-0  52508-1 0  9991
2 27976 065.2088 183.6618 4441842 026.2540 350.7676 06.06406169 45271
0 SL-12 DEB
1 27976U 88085W   05294.67763433  .00010684  00000-0  48488-1 0  9991
2 27976 065.2021 183.1805 4442825 026.2366 350.8295 06.06424641 45328
0 SL-12 DEB
1 27976U 88085W   05296.65640239  .00006507  00000-0  28687-1 0  9997
2 27976 065.1970 182.0260 4446917 026.1395 350.7829 06.06448352 45440
0 SL-12 DEB
1 27976U 88085W   05297.64581345  .00004425  00000-0  19086-1 0  9999
2 27976 065.1925 181.4262 4450092 026.1526 350.8463 06.06453631 45508
0 SL-12 DEB
1 27976U 88085W   05298.80008509  .00006981  00000-0  29452-1 0  9991
2 27976 065.1833 180.7487 4452519 026.1032 350.9609 06.06478715 45575
0 SL-12 DEB
1 27976U 88085W   05299.78937860  .00004710  00000-0  19357-1 0  9991
2 27976 065.1736 180.1733 4456027 026.0473 350.8878 06.06485652 45633
0 SL-12 DEB
1 27976U 88085W   05300.94359733  .00003346  00000-0  13509-1 0  9996
2 27976 065.1656 179.4868 4458180 026.0842 350.9187 06.06498021 45702
0 SL-12 DEB
1 27976U 88085W   05301.76801271 +.00005842 +00000-0 +22533-1 0  9996
2 27976 065.1496 179.0071 4463692 026.0181 350.9301 06.06512803045754
0 SL-12 DEB
1 27976U 88085W   05301.76803766  .00006441  00000-0  25495-1 0  9993
2 27976 065.1445 179.0083 4460123 026.0798 350.9629 06.06512731 45754
0 SL-12 DEB
1 27976U 88085W   05302.75730017  .00003105  00000-0  11890-1 0  9999
2 27976 065.1450 178.4299 4464364 025.9878 350.9766 06.06518795 45815
0 SL-12 DEB
1 27976U 88085W   05303.74656905 -.00001609  00000-0 -62967-2 0  9993
2 27976 065.1413 177.8528 4462375 026.0908 350.9185 06.06509075 45870
0 SL-12 DEB
1 27976U 88085W   05304.07634558 -.00003678  00000-0 -14424-1 0  9992
2 27976 065.1193 177.6388 4461823 026.1807 350.9196 06.06502970 45894
0 SL-12 DEB
1 27976U 88085W   05304.73587644  .00000218  00000-0  79371-3 0  9997
2 27976 065.1148 177.2508 4463458 026.0932 351.0076 06.06514906 45934
0 SL-12 DEB
1 27976U 88085W   05304.73587644 +.00000218 +00000-0 +79371-3 0  9997
2 27976 065.1148 177.2508 4463458 026.0932 351.0076 06.06514906045934
0 SL-12 DEB
1 27976U 88085W   05307.70324162  .00017136  00000-0  60542-1 0  9996
2 27976 065.0931 175.4921 4473731 025.9398 351.0662 06.06665742 46118
0 SL-12 DEB
1 27976U 88085W   05307.70366719 +.00000241 +00000-0 +79371-3 0  9991
2 27976 065.0937 175.4973 4472375 026.0392 351.9583 06.07201189046113
0 SL-12 DEB
1 27976U 88085W   05307.70366719  .00000241  00000-0  79371-3 0  9991
2 27976 065.0937 175.4973 4472375 026.0392 351.9583 06.07201189 46113
0 SL-12 DEB
1 27976U 88085W   05311.98521606  .00002683  00000-0  92155-2 0  9990
2 27976 065.0504 172.9369 4476764 025.8800 343.7792 06.06751834 46376
0 SL-12 DEB
1 27976U 88085W   05312.64780244  .00002366  00000-0  80430-2 0  9990
2 27976 065.0461 172.5461 4477986 025.8155 351.0753 06.06754171 46418
0 SL-12 DEB
1 27976U 88085W   05313.14224558  .00002141  00000-0  72626-2 0  9996
2 27976 065.0355 172.2472 4478162 025.8712 351.0644 06.06755894 46440
0 SL-12 DEB
1 27976U 88085W   05313.80146911  .00005814  00000-0  20374-1 0  9997
2 27976 065.0454 171.8483 4474064 025.8880 351.0692 06.06776282 46481
0 SL-12 DEB
1 27976U 88085W   05313.80149605  .00013485  00000-0  45503-1 0  9994
2 27976 065.0417 171.8651 4478674 025.8072 351.1849 06.06795991 46484
0 SL-12 DEB
1 27976U 88085W   05313.96625350  .00010526  00000-0  34868-1 0  9992
2 27976 065.0004 171.7390 4480992 025.8669 351.0367 06.06789292 46495
0 SL-12 DEB
1 27976U 88085W   05313.96628005  .00012162  00000-0  40117-1 0  9994
2 27976 065.0252 171.7615 4481504 025.8151 351.1163 06.06793875 46493
0 SL-12 DEB
1 27976U 88085W   05314.62547911 +.00011899 +00000-0 +39001-1 0  9990
2 27976 065.0045 171.3578 4482147 025.7940 351.1162 06.06808834046532
0 SL-12 DEB
1 27976U 88085W   05315.11986538  .00013545  00000-0  43966-1 0  9992
2 27976 065.0062 171.0651 4483232 025.7583 351.1261 06.06825329 46560
0 SL-12 DEB
1 27976U 88085W   05315.61424095  .00013089  00000-0  42378-1 0  9991
2 27976 065.0002 170.7685 4483434 025.7634 351.1148 06.06836686 46593
0 SL-12 DEB
1 27976U 88085W   05316.60297059  .00016505  00000-0  52793-1 0  9997
2 27976 064.9814 170.1704 4484665 025.7498 351.1805 06.06877287 46652
0 SL-12 DEB
1 27976U 88085W   05317.09728230  .00021004  00000-0  66540-1 0  9996
2 27976 064.9484 169.8537 4485688 025.7838 351.1461 06.06906206 46683
0 SL-12 DEB
1 27976U 88085W   05317.59158005  .00015119  00000-0  47459-1 0  9996
2 27976 064.9470 169.5642 4486782 025.7475 351.0564 06.06902430 46717
0 SL-12 DEB
1 27976U 88085W   05317.92116192  .00009657  00000-0  29973-1 0  9995
2 27976 064.9440 169.3688 4488069 025.7249 351.1314 06.06899438 46730
0 SL-12 DEB
1 27976U 88085W   05318.58025401  .00011596  00000-0  35955-1 0  9992
2 27976 064.9287 168.9677 4488127 025.7196 351.1647 06.06919824 46773
0 SL-12 DEB
1 27976U 88085W   05319.07454883  .00013332  00000-0  41104-1 0  9990
2 27976 064.9232 168.6675 4488756 025.6936 351.1693 06.06935878 46809
0 SL-12 DEB
1 27976U 88085W   05319.56883209  .00014099  00000-0  43323-1 0  9998
2 27976 064.9239 168.3743 4489090 025.6588 351.1829 06.06952083 46835
0 SL-12 DEB
1 27976U 88085W   05320.22785294  .00015106  00000-0  46496-1 0  9992
2 27976 064.9135 167.9744 4488791 025.6684 351.1734 06.06974053 46870
0 SL-12 DEB
1 27976U 88085W   05320.55735445  .00011046  00000-0  33575-1 0  9994
2 27976 064.9097 167.7745 4490314 025.6449 351.1414 06.06971323 46893
0 SL-12 DEB
1 27976U 88085W   05321.21638004  .00011223  00000-0  34118-1 0  9992
2 27976 064.8957 167.3689 4490247 025.6457 351.1793 06.06986418 46930
0 SL-12 DEB
1 27976U 88085W   05321.54587598 +.00011224 +00000-0 +34118-1 0  9990
2 27976 064.8957 167.1726 4490236 025.6228 351.1817 06.06993811046958
0 SL-12 DEB
1 27976U 88085W   05322.53436154  .00008624  00000-0  25805-1 0  9994
2 27976 064.8943 166.5743 4492136 025.5665 351.1776 06.07003356 47019
0 SL-12 DEB
1 27976U 88085W   05323.02860939 +.00006871 +00000-0 +20475-1 0  9991
2 27976 064.8771 166.2660 4492637 025.5615 351.2039 06.07006750047041
0 SL-12 DEB
1 27976U 88085W   05324.01706467  .00011120  00000-0  33088-1 0  9993
2 27976 064.8630 165.6736 4492626 025.5020 351.2744 06.07037008 47100
0 SL-12 DEB
1 27976U 88085W   05324.84073672  .00012703  00000-0  37558-1 0  9993
2 27976 064.8457 165.1837 4493273 025.4938 351.2266 06.07053028 47154
0 SL-12 DEB
1 27976U 88085W   05324.84073672 +.00012703 +00000-0 +37558-1 0  9993
2 27976 064.8457 165.1837 4493273 025.4938 351.2266 06.07053028047154
0 SL-12 DEB
1 27976U 88085W   05325.00546595  .00014917  00000-0  44214-1 0  9997
2 27976 064.8399 165.0774 4492900 025.5067 351.2245 06.07063336 47169
0 SL-12 DEB
1 27976U 88085W   05325.82909168  .00008450  00000-0  24864-1 0  9990
2 27976 064.8257 164.5826 4493697 025.4559 351.1764 06.07066851 47219
0 SL-12 DEB
1 27976U 88085W   05325.99384643  .00007893  00000-0  23295-1 0  9990
2 27976 064.8229 164.4803 4493304 025.4664 351.2326 06.07069062 47227
0 SL-12 DEB
1 27976U 88085W   05326.65275081  .00009703  00000-0  28432-1 0  9999
2 27976 064.8179 164.0851 4494026 025.4016 351.2625 06.07084451 47268
0 SL-12 DEB
1 27976U 88085W   05327.64107398 +.00009328 +00000-0 +27268-1 0  9993
2 27976 064.8172 163.4961 4494094 025.3377 351.2732 06.07102078047322
0 SL-12 DEB
1 27976U 88085W   05327.64108381  .00009057  00000-0  26855-1 0  9996
2 27976 064.8102 163.4814 4492546 025.4004 351.2750 06.07101170 47322
0 SL-12 DEB
1 27976U 88085W   05328.62937791  .00011946  00000-0  34769-1 0  9993
2 27976 064.7861 162.8820 4494400 025.3380 351.3289 06.07131896 47382
0 SL-12 DEB
1 27976U 88085W   05329.61760180  .00010626  00000-0  30607-1 0  9990
2 27976 064.7667 162.2773 4495437 025.3095 351.2677 06.07148726 47448
0 SL-12 DEB
1 27976U 88085W   05329.94702506  .00006722  00000-0  19430-1 0  9997
2 27976 064.7586 162.0729 4494793 025.3217 351.2826 06.07146667 47467
0 SL-12 DEB
1 27976U 88085W   05330.60585059  .00008372  00000-0  24068-1 0  9990
2 27976 064.7554 161.6775 4495408 025.2686 351.3290 06.07162132 47507
0 SL-12 DEB
1 27976U 88085W   05330.93524590  .00009840  00000-0  28322-1 0  9997
2 27976 064.7465 161.4718 4495285 025.2613 351.3207 06.07171339 47525
0 SL-12 DEB
1 27976U 88085W   05331.59403540  .00010865  00000-0  31302-1 0  9992
2 27976 064.7493 161.0841 4495083 025.2442 351.3314 06.07188402 47567
0 SL-12 DEB
1 27976U 88085W   05332.25279951  .00011563  00000-0  33238-1 0  9999
2 27976 064.7333 160.6760 4495273 025.2071 351.3294 06.07204740 47600
0 SL-12 DEB
1 27976U 88085W   05332.91155516  .00010272  00000-0  29423-1 0  9999
2 27976 064.7163 160.2745 4495580 025.1646 351.3344 06.07215578 47649
0 SL-12 DEB
1 27976U 88085W   05333.57030362  .00010364  00000-0  29580-1 0  9999
2 27976 064.7216 159.8858 4495939 025.0801 351.3720 06.07229399 47685
0 SL-12 DEB
1 27976U 88085W   05333.57030362 +.00010364 +00000-0 +29580-1 0  9999
2 27976 064.7216 159.8858 4495939 025.0801 351.3720 06.07229399047685
0 SL-12 DEB
1 27976U 88085W   05333.89967067  .00009611  00000-0  27549-1 0  9991
2 27976 064.6868 159.6603 4495382 025.1195 351.3590 06.07233685 47703
0 SL-12 DEB
1 27976U 88085W   05334.55839344 +.00009676 +00000-0 +27730-1 0  9994
2 27976 064.6850 159.2640 4495353 025.0784 351.3691 06.07246558047741
0 SL-12 DEB
1 27976U 88085W   05335.87579364  .00010310  00000-0  29550-1 0  9992
2 27976 064.6564 158.4491 4495262 025.0518 351.3718 06.07274307 47824
0 SL-12 DEB
1 27976U 88085W   05335.87579364 +.00010310 +00000-0 +29550-1 0  9992
2 27976 064.6564 158.4491 4495262 025.0518 351.3718 06.07274307047824
0 SL-12 DEB
1 27976U 88085W   05336.53446798  .00012041  00000-0  34592-1 0  9995
2 27976 064.6514 158.0514 4494937 025.0166 351.3887 06.07294240 47867
0 SL-12 DEB
1 27976U 88085W   05337.52243794 +.00011973 +00000-0 +34470-1 0  9994
2 27976 064.6218 157.4418 4494571 024.9716 351.3795 06.07316829047920
0 SL-12 DEB
1 27976U 88085W   05338.83968207  .00012226  00000-0  35246-1 0  9996
2 27976 064.6069 156.6367 4494212 024.8996 351.4036 06.07349664 48001
0 SL-12 DEB
1 27976U 88085W   05338.83968207 +.00012226 +00000-0 +35246-1 0  9996
2 27976 064.6069 156.6367 4494212 024.8996 351.4036 06.07349664048001
0 SL-12 DEB
1 27976U 88085W   05339.49827798  .00008234  00000-0  23667-1 0  9996
2 27976 064.5896 156.2276 4494478 024.8707 351.3543 06.07348599 48049
0 SL-12 DEB
1 27976U 88085W   05339.82760613  .00003282  00000-0  94290-2 0  9994
2 27976 064.5846 156.0257 4494128 024.8577 351.4010 06.07341566 48067
0 SL-12 DEB
1 27976U 88085W   05340.65087663  .00008450  00000-0  24412-1 0  9994
2 27976 064.5637 155.5170 4493728 024.8100 351.4785 06.07363791 48119
0 SL-12 DEB
1 27976U 88085W   05341.47408317 +.00008669 +00000-0 +25044-1 0  9992
2 27976 064.5562 155.0137 4493586 024.7724 351.4478 06.07378548048167
0 SL-12 DEB
1 27976U 88085W   05342.46192868 +.00007828 +00000-0 +22613-1 0  9998
2 27976 064.5508 154.4145 4493406 024.7211 351.4494 06.07391943048220
0 SL-12 DEB
1 27976U 88085W   05342.95585198  .00006580  00000-0  18977-1 0  9996
2 27976 064.5497 154.1157 4493465 024.6948 351.4657 06.07395918 48258
0 SL-12 DEB
1 27976U 88085W   05343.44976947  .00005878  00000-0  16988-1 0  9996
2 27976 064.5618 153.8288 4493108 024.6723 351.4694 06.07399365 48283
0 SL-12 DEB
1 27976U 88085W   05343.94368591  .00004761  00000-0  13763-1 0  9999
2 27976 064.5157 153.4939 4492913 024.6348 351.4930 06.07401638 48310
0 SL-12 DEB
1 27976U 88085W   05344.60223115  .00006253  00000-0  18281-1 0  9993
2 27976 064.4914 153.0934 4491720 024.5929 351.5215 06.07412543 48358
0 SL-12 DEB
1 27976U 88085W   05345.59001736  .00013492  00000-0  39746-1 0  9997
2 27976 064.4847 152.4950 4490945 024.5414 351.5812 06.07448298 48417
0 SL-12 DEB
1 27976U 88085W   05346.57771499  .00013561  00000-0  40245-1 0  9999
2 27976 064.4753 151.8832 4489973 024.4920 351.5337 06.07473778 48474
0 SL-12 DEB
1 27976U 88085W   05347.23617143  .00010449  00000-0  31031-1 0  9993
2 27976 064.4744 151.4812 4489863 024.4329 351.5212 06.07480907 48518
0 SL-12 DEB
1 27976U 88085W   05347.56541026  .00008634  00000-0  25726-1 0  9992
2 27976 064.4607 151.2786 4489472 024.4241 351.5335 06.07482162 48536
0 SL-12 DEB
1 27976U 88085W   05347.89464309  .00006898  00000-0  20535-1 0  9999
2 27976 064.4460 151.0653 4489589 024.3901 351.5508 06.07484161 48550
0 SL-12 DEB
1 27976U 88085W   05348.55309693 +.00005894 +00000-0 +17653-1 0  9999
2 27976 064.4402 150.6643 4488925 024.3688 351.5485 06.07489614048591
0 SL-12 DEB
1 27976U 88085W   05348.88232487  .00005230  00000-0  15693-1 0  9997
2 27976 064.4317 150.4561 4488735 024.3420 351.5630 06.07492057 48616
0 SL-12 DEB
1 27976U 88085W   05349.54076996 +.00004989 +00000-0 +15038-1 0  9995
2 27976 064.4240 150.0512 4488235 024.2977 351.5759 06.07498346048657
0 SL-12 DEB
1 27976U 88085W   05349.54078020  .00005238  00000-0  15715-1 0  9995
2 27976 064.4226 150.0504 4488597 024.2916 351.5995 06.07498634 48669
0 SL-12 DEB
1 27976U 88085W   05350.52842296  .00004051  00000-0  12246-1 0  9997
2 27976 064.4152 149.4468 4487984 024.2523 351.5708 06.07504337 48717
0 SL-12 DEB
1 27976U 88085W   05350.85764684 +.00003018 +00000-0 +91826-2 0  9991
2 27976 064.4109 149.2477 4487284 024.2473 351.5837 06.07504422048734
0 SL-12 DEB
1 27976U 88085W   05351.51608121 +.00007043 +00000-0 +21481-1 0  9999
2 27976 064.3970 148.8375 4486632 024.1671 351.6861 06.07526932048778
0 SL-12 DEB
1 27976U 88085W   05352.00985253  .00011857  00000-0  36027-1 0  9998
2 27976 064.3804 148.5252 4486876 024.1169 351.6497 06.07547719 48802
0 SL-12 DEB
1 27976U 88085W   05352.83282319  .00010610  00000-0  32656-1 0  9992
2 27976 064.3673 148.0224 4485195 024.0756 351.6410 06.07561157 48856
0 SL-12 DEB
1 27976U 88085W   05352.83282319 +.00010610 +00000-0 +32656-1 0  9992
2 27976 064.3673 148.0224 4485195 024.0756 351.6410 06.07561157048856
0 SL-12 DEB
1 27976U 88085W   05353.49119048  .00006595  00000-0  20344-1 0  9991
2 27976 064.3695 147.6290 4484885 024.0633 351.5968 06.07559612 48891
0 SL-12 DEB
1 27976U 88085W   05353.98499175  .00003285  00000-0  10125-1 0  9996
2 27976 064.3571 147.3182 4484866 024.0068 351.6489 06.07556879 48927
0 SL-12 DEB
1 27976U 88085W   05354.47878243 +.00003650 +00000-0 +11291-1 0  9999
2 27976 064.3517 147.0167 4484319 023.9842 351.6780 06.07561515048958
0 SL-12 DEB
1 27976U 88085W   05354.97255945  .00003873  00000-0  12017-1 0  9996
2 27976 064.3365 146.7065 4483826 023.9414 351.6883 06.07565219 48981
0 SL-12 DEB
1 27976U 88085W   05355.46633559  .00004569  00000-0  14265-1 0  9992
2 27976 064.3324 146.4094 4483017 023.9227 351.7028 06.07571673 49017
0 SL-12 DEB
1 27976U 88085W   05355.79551214  .00004862  00000-0  15215-1 0  9997
2 27976 064.3167 146.1964 4482690 023.8895 351.7075 06.07575222 49039
0 SL-12 DEB
1 27976U 88085W   05356.45386753 +.00004201 +00000-0 +13183-1 0  9994
2 27976 064.3154 145.7959 4482196 023.8510 351.7118 06.07578980049075
0 SL-12 DEB
1 27976U 88085W   05357.44139859  .00002493  00000-0  78678-2 0  9999
2 27976 064.3137 145.1946 4481068 023.7830 351.7241 06.07580303 49133
0 SL-12 DEB
1 27976U 88085W   05358.42893391  .00001375  00000-0  43581-2 0  9999
2 27976 064.3014 144.5860 4479906 023.7361 351.7495 06.07581037 49194
0 SL-12 DEB
1 27976U 88085W   05358.59352478 +.00001375 +00000-0 +43581-2 0  9993
2 27976 064.3014 144.4857 4479911 023.7293 351.7576 06.07581484049207
0 SL-12 DEB
1 27976U 88085W   05359.41646391  .00000553  00000-0  17286-2 0  9995
2 27976 064.2944 143.9839 4479876 023.5457 351.8076 06.07580055 49256
0 SL-12 DEB
1 27976U 88085W   05359.91023393 -.00000160  00000-0 -55657-3 0  9992
2 27976 064.2643 143.6613 4479243 023.5449 351.8187 06.07578589 49283
0 SL-12 DEB
1 27976U 88085W   05363.36659932  .00008499  00000-0  27868-1 0  9992
2 27976 064.2212 141.5288 4476866 023.3402 352.5710 06.07655927 49490
0 SL-12 DEB
1 27976U 88085W   05364.35367224 -.00010150  00000-0 -33602-1 0  9994
2 27976 064.2052 140.9241 4475868 023.2788 351.6344 06.07594745 49551
0 SL-12 DEB
1 27976U 88085W   05365.34131105 -.00018831  00000-0 -62937-1 0  9998
2 27976 064.1581 140.2969 4475072 023.2361 351.8194 06.07541860 49613
0 SL-12 DEB
1 27976U 88085W   05365.50594761 -.00008986  00000-0 -30633-1 0  9995
2 27976 064.1617 140.2110 4472427 023.1447 351.9462 06.07557105 49625
0 SL-12 DEB
1 27976U 88085W   05365.83512959 -.00008790 +00000-0 -29953-1 0  9996
2 27976 064.1651 140.0118 4472515 023.1322 351.9331 06.07551966049645
0 SL-12 DEB
1 27976U 88085W   06004.45642511 -.00011444  00000-0 -40430-1 0  9996
2 27976 064.1126 137.7492 4468248 022.8287 352.6799 06.07528310 49861
0 SL-12 DEB
1 27976U 88085W   06004.78534079 -.00006902  00000-0 -24432-1 0  9998
2 27976 064.1100 137.5432 4467973 022.7775 352.0776 06.07531410 49886
0 SL-12 DEB
1 27976U 88085W   06005.44374495  .00001332  00000-0  47741-2 0  9995
2 27976 064.1110 137.1430 4466548 022.7311 352.1905 06.07556105 49922
0 SL-12 DEB
1 27976U 88085W   06006.10207113  .00006562  00000-0  23392-1 0  9996
2 27976 064.1067 136.7413 4466939 022.6747 352.1239 06.07573019 49962
0 SL-12 DEB
1 27976U 88085W   06006.43123839  .00005283  00000-0  18888-1 0  9997
2 27976 064.1072 136.5425 4466646 022.6659 352.0844 06.07572084 49980
0 SL-12 DEB
1 27976U 88085W   06006.76042551  .00001760  00000-0  63146-2 0  9998
2 27976 064.1002 136.3372 4466691 022.6447 352.0937 06.07566175 50009
0 SL-12 DEB
1 27976U 88085W   06007.41879849  .00001312  00000-0  47371-2 0  9994
2 27976 064.0966 135.9348 4466624 022.5599 352.1331 06.07566710 50046
0 SL-12 DEB
1 27976U 88085W   06008.40634853 -.00003989  00000-0 -14403-1 0  9991
2 27976 064.0869 135.3341 4464624 022.5561 352.0741 06.07547802 50104
0 SL-12 DEB
1 27976U 88085W   06008.73556886 -.00008607  00000-0 -31278-1 0  9997
2 27976 064.0572 135.1098 4464248 022.4652 352.1515 06.07533737 50128
0 SL-12 DEB
1 27976U 88085W   06009.39398203 -.00002012  00000-0 -72579-2 0  9991
2 27976 064.0580 134.7140 4463300 022.4618 352.2484 06.07549614 50161
0 SL-12 DEB
1 27976U 88085W   06009.72313390  .00004399  00000-0  16290-1 0  9997
2 27976 064.0565 134.5095 4463105 022.3329 352.2232 06.07563867 50181
0 SL-12 DEB
1 27976U 88085W   06010.71066270  .00005878  00000-0  22102-1 0  9992
2 27976 064.0401 133.8838 4460950 022.2422 352.2338 06.07578066 50246
0 SL-12 DEB
1 27976U 88085W   06011.69818318  .00002378  00000-0  91447-2 0  9999
2 27976 064.0381 133.2755 4459707 022.2125 352.2020 06.07577001 50306
0 SL-12 DEB
1 27976U 88085W   06011.86278755  .00002185  00000-0  84094-2 0  9999
2 27976 064.0367 133.1735 4459809 022.1867 352.2440 06.07577311 50313
0 SL-12 DEB
1 27976U 88085W   06012.68573098 +.00002659 +00000-0 +10270-1 0  9998
2 27976 064.0367 132.6752 4458804 022.1581 352.2621 06.07582649050369
0 SL-12 DEB
1 27976U 88085W   06012.68573486  .00005951  00000-0  22532-1 0  9991
2 27976 064.0385 132.6807 4458952 022.1698 352.2729 06.07590486 50371
0 SL-12 DEB
1 27976U 88085W   06013.34407628  .00001429  00000-0  56394-2 0  9999
2 27976 064.0400 132.2786 4457879 022.1315 352.2506 06.07581299 50403
0 SL-12 DEB
1 27976U 88085W   06013.50867025 +.00000241 +00000-0 +10998-2 0  9999
2 27976 064.0216 132.1670 4457274 022.1214 352.2665 06.07578947050419
0 SL-12 DEB
1 27976U 88085W   06014.33161383  .00001441  00000-0  55532-2 0  9991
2 27976 064.0904 131.7187 4460522 022.1308 352.2184 06.07579469 50466
0 SL-12 DEB
1 27976U 88085W   06015.31916982 -.00009334  00000-0 -35718-1 0  9997
2 27976 064.0117 131.0589 4457525 021.9512 352.1814 06.07532098 50527
0 SL-12 DEB
1 27976U 88085W   06015.64844588 -.00007950 +00000-0 -30711-1 0  9995
2 27976 064.0107 130.8595 4456264 021.9179 352.3577 06.07529625050540
0 SL-12 DEB
1 27976U 88085W   06016.30685628  .00000608  00000-0  24839-2 0  9993
2 27976 064.0277 130.4709 4455441 021.9106 352.4813 06.07556240 50588
0 SL-12 DEB
1 27976U 88085W   06017.29436700  .00000017  00000-0  16017-3 0  9991
2 27976 064.0645 129.8825 4456647 022.6757 352.1448 06.07564839 50648
0 SL-12 DEB
1 27976U 88085W   06018.28189687 -.00000187  00000-0 -64789-3 0  9999
2 27976 064.0145 129.2307 4454818 022.8188 352.0292 06.07562271 50701
0 SL-12 DEB
1 27976U 88085W   06019.26946013 -.00000740  00000-0 -28281-2 0  9993
2 27976 063.9773 128.6209 4454381 021.5471 352.3810 06.07551302 50764
0 SL-12 DEB
1 27976U 88085W   06020.25709091  .00004081  00000-0  16258-1 0  9997
2 27976 063.9534 128.0151 4453241 021.3540 352.6260 06.07569247 50824
0 SL-12 DEB
1 27976U 88085W   06021.40919227  .00010231  00000-0  40829-1 0  9994
2 27976 063.9505 127.3095 4452453 021.2208 352.6710 06.07599362 50893
0 SL-12 DEB
1 27976U 88085W   06022.39664642  .00005157  00000-0  20669-1 0  9992
2 27976 063.9644 126.7064 4452304 020.9923 352.6487 06.07603181 50954
0 SL-12 DEB
1 27976U 88085W   06022.72583014  .00005159  00000-0  20713-1 0  9994
2 27976 063.9530 126.4938 4452065 021.0199 352.6866 06.07606496 50971
0 SL-12 DEB
1 27976U 88085W   06023.38414869  .00007281  00000-0  29350-1 0  9992
2 27976 063.9537 126.0906 4451276 021.0143 352.7029 06.07619962 51011
0 SL-12 DEB
1 27976U 88085W   06023.71329303  .00007019  00000-0  28223-1 0  9994
2 27976 063.9522 125.8868 4451629 020.9664 352.6989 06.07624065 51033
0 SL-12 DEB
1 27976U 88085W   06024.70075042  .00004047  00000-0  16410-1 0  9995
2 27976 063.9523 125.2838 4451094 020.9236 352.7076 06.07627155 51093
0 SL-12 DEB
1 27976U 88085W   06025.35905199 +.00002345 +00000-0 +96506-2 0  9996
2 27976 063.9539 124.8822 4450127 020.9226 352.6932 06.07625384051130
0 SL-12 DEB
1 27976U 88085W   06026.01736281 -.00001279  00000-0 -50833-2 0  9994
2 27976 063.9540 124.4772 4448426 020.8427 352.7177 06.07616829 51173
0 SL-12 DEB
1 27976U 88085W   06026.34652913 -.00002365  00000-0 -95439-2 0  9997
2 27976 063.9529 124.2751 4448378 020.8273 352.7322 06.07611731 51191
0 SL-12 DEB
1 27976U 88085W   06026.67570696  .00000002  00000-0  94868-5 0  9992
2 27976 063.9662 124.0934 4450431 020.6555 352.8336 06.07616005 51223
0 SL-12 DEB
1 27976U 88085W   06027.33401695 -.00002486  00000-0 -10012-1 0  9993
2 27976 063.9545 123.6748 4448851 020.6982 352.8002 06.07607905 51250
0 SL-12 DEB
1 27976U 88085W   06027.49859570 +.00000162 +00000-0 +81739-3 0  9992
2 27976 063.9518 123.5710 4448668 020.6874 352.8043 06.07612586051261
0 SL-12 DEB
1 27976U 88085W   06028.32149149  .00001601  00000-0  67077-2 0  9996
2 27976 063.9546 123.0711 4448372 020.6416 352.8400 06.07618998 51318
0 SL-12 DEB
1 27976U 88085W   06029.30894748  .00002565  00000-0  10634-1 0  9993
2 27976 063.9529 122.4665 4448480 020.5350 352.8730 06.07625592 51376
0 SL-12 DEB
1 27976U 88085W   06030.29639671  .00005283  00000-0  21757-1 0  9993
2 27976 063.9577 121.8690 4448362 020.4270 352.9424 06.07641565 51435
0 SL-12 DEB
1 27976U 88085W   06030.79009508  .00007507  00000-0  30878-1 0  9993
2 27976 063.9546 121.5627 4448235 020.3844 352.9378 06.07652835 51466
0 SL-12 DEB
1 27976U 88085W   06031.28379351  .00005452  00000-0  22494-1 0  9996
2 27976 063.9567 121.2625 4447983 020.3709 352.9091 06.07651885 51492
0 SL-12 DEB
1 27976U 88085W   06032.27120965 -.00000647  00000-0 -25548-2 0  9998
2 27976 063.9668 120.6659 4448044 020.2976 352.8905 06.07638778 51554
0 SL-12 DEB
1 27976U 88085W   06033.25867835 -.00001041  00000-0 -41613-2 0  9991
2 27976 063.9604 120.0538 4447914 020.2261 352.9989 06.07637508 51616
0 SL-12 DEB
1 27976U 88085W   06033.42324763  .00002628  00000-0  10890-1 0  9990
2 27976 063.9492 119.9439 4448384 020.1592 353.0237 06.07645053 51629
0 SL-12 DEB
1 27976U 88085W   06034.24609354  .00004492  00000-0  18520-1 0  9992
2 27976 063.9574 119.4451 4448503 020.0821 353.0676 06.07657257 51677
0 SL-12 DEB
1 27976U 88085W   06034.73978212  .00006012  00000-0  24524-1 0  9999
2 27976 063.9585 119.1423 4449687 019.8535 353.1277 06.07665733 51707
0 SL-12 DEB
1 27976U 88085W   06035.23347379 -.00002635  00000-0 -10474-1 0  9997
2 27976 063.9563 118.8382 4450201 019.8775 353.0056 06.07636072 51734
0 SL-12 DEB
1 27976U 88085W   06035.39809859 -.00011292  00000-0 -45780-1 0  9997
2 27976 063.9600 118.7400 4449404 019.8920 353.0988 06.07617347 51740
0 SL-12 DEB
1 27976U 88085W   06036.38558867  .00013257  00000-0  54459-1 0  9991
2 27976 063.9633 118.1346 4448321 019.8327 353.3659 06.07679039 51808
0 SL-12 DEB
1 27976U 88085W   06037.20827162  .00014284  00000-0  58079-1 0  9993
2 27976 063.9537 117.6215 4449508 019.7424 353.1643 06.07703937 51856
0 SL-12 DEB
1 27976U 88085W   06038.19557542  .00011363  00000-0  46257-1 0  9994
2 27976 063.9560 117.0172 4449403 019.6599 353.1573 06.07720746 51910
0 SL-12 DEB
1 27976U 88085W   06039.18287434  .00004138  00000-0  16904-1 0  9992
2 27976 063.9598 116.4125 4450080 019.5346 353.1378 06.07712914 51971
0 SL-12 DEB
1 27976U 88085W   06039.67657732 -.00004614  00000-0 -18407-1 0  9999
2 27976 063.9484 116.1035 4450059 019.4985 353.2010 06.07690233 52004
0 SL-12 DEB
1 27976U 88085W   06040.17028030  .00001098  00000-0  46380-2 0  9992
2 27976 063.9702 115.8203 4449849 019.4363 353.3747 06.07711786 52033
0 SL-12 DEB
1 27976U 88085W   06040.66389523 +.00001101 +00000-0 +46380-2 0  9998
2 27976 063.9703 115.5178 4449826 019.4241 353.2870 06.07712920052062
0 SL-12 DEB
1 27976U 88085W   06041.15755257  .00007903  00000-0  31884-1 0  9992
2 27976 063.9732 115.2032 4450505 019.4005 353.3752 06.07740682 52093
0 SL-12 DEB
1 27976U 88085W   06041.65115024  .00004722  00000-0  19112-1 0  9995
2 27976 063.9645 114.8965 4450448 019.3694 353.2947 06.07738948 52126
0 SL-12 DEB
1 27976U 88085W   06041.65115024 +.00004722 +00000-0 +19112-1 0  9995
2 27976 063.9645 114.8965 4450448 019.3694 353.2947 06.07738948052126
0 SL-12 DEB
1 27976U 88085W   06042.30933772  .00008073  00000-0  32525-1 0  9992
2 27976 063.9638 114.4924 4450417 019.3234 353.3615 06.07755916 52166
0 SL-12 DEB
1 27976U 88085W   06042.47386594 +.00008175 +00000-0 +32930-1 0  9997
2 27976 063.9649 114.3924 4450395 019.3210 353.3374 06.07758977052179
0 SL-12 DEB
1 27976U 88085W   06043.29655661  .00011307  00000-0  45294-1 0  9990
2 27976 063.9638 113.8835 4450757 019.2737 353.3804 06.07781836 52221
0 SL-12 DEB
1 27976U 88085W   06043.62561237  .00010845  00000-0  43290-1 0  9992
2 27976 063.9688 113.6872 4451178 019.2367 353.3704 06.07787905 52246
0 SL-12 DEB
1 27976U 88085W   06044.61278691  .00012386  00000-0  48676-1 0  9996
2 27976 063.9829 113.0928 4452971 019.1338 353.4149 06.07813450 52304
0 SL-12 DEB
1 27976U 88085W   06045.27088084  .00004467  00000-0  17658-1 0  9991
2 27976 063.9897 112.6902 4452626 019.1265 353.3473 06.07802079 52340
0 SL-12 DEB
1 27976U 88085W   06045.59997141  .00000927  00000-0  37140-2 0  9995
2 27976 063.9933 112.4919 4453006 019.0594 353.4381 06.07796805 52364
0 SL-12 DEB
1 27976U 88085W   06046.25809425  .00002869  00000-0  11354-1 0  9991
2 27976 063.9938 112.0884 4452726 019.0391 353.4830 06.07805989 52407
0 SL-12 DEB
1 27976U 88085W   06046.58713607  .00004573  00000-0  17968-1 0  9994
2 27976 063.9949 111.8867 4453317 018.9968 353.4762 06.07811810 52428
0 SL-12 DEB
1 27976U 88085W   06047.24523335  .00000407  00000-0  16732-2 0  9996
2 27976 064.0008 111.4877 4453255 018.9394 353.4409 06.07800950 52462
0 SL-12 DEB
1 27976U 88085W   06047.57431435 +.00000407 +00000-0 +16732-2 0  9991
2 27976 064.0008 111.2861 4453240 018.9308 353.4971 06.07801231052481
0 SL-12 DEB
1 27976U 88085W   06048.23242687  .00001449  00000-0  57136-2 0  9994
2 27976 064.0033 110.8818 4454255 018.8639 353.5411 06.07807390 52526
0 SL-12 DEB
1 27976U 88085W   06049.21957476  .00006459  00000-0  25053-1 0  9990
2 27976 064.0143 110.2858 4454828 018.8003 353.5977 06.07829550 52582
0 SL-12 DEB
1 27976U 88085W   06049.54859007  .00006888  00000-0  26535-1 0  9999
2 27976 064.0212 110.0876 4455660 018.7452 353.5621 06.07834921 52606
0 SL-12 DEB
1 27976U 88085W   06049.71310992  .00006665  00000-0  25602-1 0  9990
2 27976 064.0256 109.9912 4456052 018.7070 353.5762 06.07836690 52616
0 SL-12 DEB
1 27976U 88085W   06050.20666392  .00011429  00000-0  43786-1 0  9991
2 27976 064.0288 109.6838 4456011 018.6655 353.6747 06.07865055 52642
0 SL-12 DEB
1 27976U 88085W   06050.53564584  .00020167  00000-0  76366-1 0  9996
2 27976 064.0351 109.4848 4457205 018.6164 353.6295 06.07895005 52661
0 SL-12 DEB
1 27976U 88085W   06051.19363413  .00016469  00000-0  62355-1 0  9990
2 27976 064.0399 109.0816 4457178 018.5732 353.5853 06.07907070 52703
0 SL-12 DEB
1 27976U 88085W   06051.52264853  .00014433  00000-0  54174-1 0  9994
2 27976 064.0442 108.8840 4458279 018.5239 353.6355 06.07914245 52723
0 SL-12 DEB
1 27976U 88085W   06052.18063311  .00007105  00000-0  26488-1 0  9998
2 27976 064.0479 108.4847 4459399 018.5086 353.5833 06.07909051 52763
0 SL-12 DEB
1 27976U 88085W   06052.67415886 +.00005076 +00000-0 +18980-1 0  9993
2 27976 064.0519 108.1839 4459155 018.4337 353.6689 06.07910739052792
0 SL-12 DEB
1 27976U 88085W   06052.67415886  .00005076  00000-0  18980-1 0  9993
2 27976 064.0519 108.1839 4459155 018.4337 353.6689 06.07910739 52792
0 SL-12 DEB
1 27976U 88085W   06052.67418634  .00000002  00000-0  85631-5 0  9992
2 27976 064.0635 108.1834 4460191 018.4120 353.7092 06.07895437 52806
0 SL-12 DEB
1 27976U 88085W   06053.16765709  .00007520  00000-0  28041-1 0  9995
2 27976 064.0574 107.8847 4459180 018.4113 353.7177 06.07925889 52827
0 SL-12 DEB
1 27976U 88085W   06053.66112385 +.00010222 +00000-0 +37935-1 0  9991
2 27976 064.0716 107.5928 4459577 018.3841 353.7072 06.07941017052857
0 SL-12 DEB
1 27976U 88085W   06054.15458741  .00011719  00000-0  43238-1 0  9990
2 27976 064.0698 107.2874 4460165 018.3605 353.7258 06.07957316 52884
0 SL-12 DEB
1 27976U 88085W   06054.48354994 +.00013533 +00000-0 +49706-1 0  9993
2 27976 064.0738 107.0852 4460629 018.3327 353.7245 06.07969587052901
0 SL-12 DEB
1 27976U 88085W   06055.14147047  .00009578  00000-0  35122-1 0  9997
2 27976 064.0785 106.6859 4460840 018.3024 353.6755 06.07970685 52944
0 SL-12 DEB
1 27976U 88085W   06055.30597936  .00004282  00000-0  15640-1 0  9991
2 27976 064.0882 106.5893 4461554 018.2962 353.7201 06.07961547 52957
0 SL-12 DEB
1 27976U 88085W   06055.63495725 +.00004182 +00000-0 +15256-1 0  9992
2 27976 064.0941 106.3932 4461655 018.2640 353.7488 06.07964091052976
0 SL-12 DEB
1 27976U 88085W   06056.12841027  .00008474  00000-0  30642-1 0  9991
2 27976 064.1094 106.1008 4462452 018.1771 353.8429 06.07986646 53009
0 SL-12 DEB
1 27976U 88085W   06056.62181586  .00013203  00000-0  47422-1 0  9993
2 27976 064.1134 105.7985 4463125 018.1157 353.8277 06.08008199 53032
0 SL-12 DEB
1 27976U 88085W   06057.11522021  .00009195  00000-0  32583-1 0  9998
2 27976 064.1164 105.4946 4464850 017.9896 353.8061 06.08005145 53064
0 SL-12 DEB
1 27976U 88085W   06057.60866092  .00006003  00000-0  21226-1 0  9998
2 27976 064.1188 105.1937 4465109 017.9725 353.8478 06.08005506 53092
0 SL-12 DEB
1 27976U 88085W   06058.10208686  .00010163  00000-0  35553-1 0  9993
2 27976 064.1294 104.8916 4466302 017.9260 353.9363 06.08028387 53123
0 SL-12 DEB
1 27976U 88085W   06058.59546074 +.00010161 +00000-0 +35553-1 0  9990
2 27976 064.1295 104.5895 4466209 017.9100 353.8915 06.08038418053157
0 SL-12 DEB
1 27976U 88085W   06060.07560115  .00009335  00000-0  32174-1 0  9995
2 27976 064.1429 103.6837 4467996 017.8239 353.9281 06.08068287 53242
0 SL-12 DEB
1 27976U 88085W   06060.56896235  .00014243  00000-0  48836-1 0  9990
2 27976 064.1458 103.3848 4468489 017.7745 353.9619 06.08092841 53273
0 SL-12 DEB
1 27976U 88085W   06061.06229347  .00014778  00000-0  50358-1 0  9995
2 27976 064.1541 103.0861 4469192 017.7214 353.9574 06.08108848 53300
0 SL-12 DEB
1 27976U 88085W   06062.21337464  .00012411  00000-0  41216-1 0  9998
2 27976 064.1780 102.3580 4472339 017.5898 353.9707 06.08134546 53377
0 SL-12 DEB
1 27976U 88085W   06062.54226263  .00012067  00000-0  39802-1 0  9993
2 27976 064.1879 102.1685 4473166 017.5062 354.0255 06.08141643 53390
0 SL-12 DEB
1 27976U 88085W   06063.20000099 -.00000654  00000-0 -20548-2 0  9993
2 27976 064.2003 101.7865 4474442 017.4852 353.9131 06.08113704 53432
0 SL-12 DEB
1 27976U 88085W   06063.52894555 -.00000756 +00000-0 -23784-2 0  9994
2 27976 064.2019 101.5866 4474602 017.4593 354.0447 06.08112963053458
0 SL-12 DEB
1 27976U 88085W   06068.29785648  .00012996  00000-0  39588-1 0  9990
2 27976 064.2393 098.6739 4481796 017.1284 356.1492 06.08293700 53748
0 SL-12 DEB
1 27976U 88085W   06069.11891852  .00017067  00000-0  50334-1 0  9993
2 27976 064.2965 098.2080 4485412 017.0108 354.2491 06.08330927 53797
0 SL-12 DEB
1 27976U 88085W   06069.44767543 +.00018610 +00000-0 +54590-1 0  9991
2 27976 064.3020 098.0101 4485952 016.9858 354.2362 06.08345507053811
0 SL-12 DEB
1 27976U 88085W   06070.10518794  .00016099  00000-0  47088-1 0  9991
2 27976 064.3010 097.6039 4486183 016.9515 354.2170 06.08360071 53856
0 SL-12 DEB
1 27976U 88085W   06070.43395449  .00014050  00000-0  40935-1 0  9996
2 27976 064.3122 097.4121 4486597 016.9313 354.2470 06.08365882 53875
0 SL-12 DEB
1 27976U 88085W   06071.58455999  .00014667  00000-0  41787-1 0  9990
2 27976 064.3148 096.7060 4489037 016.8425 354.2867 06.08400281 53943
0 SL-12 DEB
1 27976U 88085W   06072.57074683  .00014014  00000-0  38837-1 0  9995
2 27976 064.3317 096.1041 4492145 016.7486 354.3259 06.08426850 54008
0 SL-12 DEB
1 27976U 88085W   06072.57074683 +.00014014 +00000-0 +38837-1 0  9995
2 27976 064.3317 096.1041 4492145 016.7486 354.3259 06.08426850054008
0 SL-12 DEB
1 27976U 88085W   06073.22817468  .00011896  00000-0  32573-1 0  9990
2 27976 064.3435 095.7047 4493491 016.7158 354.3147 06.08438467 54048
0 SL-12 DEB
1 27976U 88085W   06073.55689577 +.00011893 +00000-0 +32573-1 0  9991
2 27976 064.3436 095.5034 4493418 016.7016 354.3423 06.08446286054062
0 SL-12 DEB
1 27976U 88085W   06074.04995290  .00009665  00000-0  26253-1 0  9990
2 27976 064.3586 095.2140 4494371 016.6609 354.3199 06.08448823 54091
0 SL-12 DEB
1 27976U 88085W   06074.54302520  .00007117  00000-0  19141-1 0  9991
2 27976 064.3668 094.9130 4495524 016.6064 354.3578 06.08451269 54126
0 SL-12 DEB
1 27976U 88085W   06075.20043819  .00005791  00000-0  15349-1 0  9990
2 27976 064.3748 094.5092 4497221 016.5589 354.3708 06.08456068 54166
0 SL-12 DEB
1 27976U 88085W   06075.52914863 +.00005789 +00000-0 +15349-1 0  9998
2 27976 064.3749 094.3079 4497174 016.5442 354.3936 06.08459875054189
0 SL-12 DEB
1 27976U 88085W   06076.18653051 +.00007432 +00000-0 +19411-1 0  9991
2 27976 064.3848 093.9033 4498849 016.4789 354.4128 06.08476095054229
0 SL-12 DEB
1 27976U 88085W   06077.00825312  .00011569  00000-0  30263-1 0  9998
2 27976 064.3939 093.4116 4498495 016.4499 354.4684 06.08505071 54271
0 SL-12 DEB
1 27976U 88085W   06078.32290399  .00012055  00000-0  30663-1 0  9990
2 27976 064.4152 092.6030 4501503 016.3688 354.4698 06.08541365 54359
0 SL-12 DEB
1 27976U 88085W   06078.48722200  .00010088  00000-0  25679-1 0  9993
2 27976 064.4218 092.5074 4501440 016.3711 354.4207 06.08537674 54361
0 SL-12 DEB
1 27976U 88085W   06079.14454490  .00005240  00000-0  12850-1 0  9991
2 27976 064.4342 092.0999 4505691 016.2945 354.4321 06.08535488 54403
0 SL-12 DEB
1 27976U 88085W   06079.96621164  .00022274  00000-0  54585-1 0  9992
2 27976 064.4382 091.6037 4505397 016.3047 354.5883 06.08597672 54454
0 SL-12 DEB
1 27976U 88085W   06080.45909093  .00017238  00000-0  42471-1 0  9993
2 27976 064.4477 091.3080 4504688 016.3265 354.4414 06.08608016 54485
0 SL-12 DEB
1 27976U 88085W   06081.11633245  .00019925  00000-0  47944-1 0  9995
2 27976 064.4564 090.9110 4507185 016.2446 354.4944 06.08637270 54523
0 SL-12 DEB
1 27976U 88085W   06081.44493615  .00023285  00000-0  54715-1 0  9994
2 27976 064.4629 090.7077 4509742 016.1918 354.5154 06.08657545 54542
0 SL-12 DEB
1 27976U 88085W   06081.93782148  .00015309  00000-0  35958-1 0  9996
2 27976 064.4644 090.4058 4509724 016.1740 354.4832 06.08659426 54573
0 SL-12 DEB
1 27976U 88085W   06082.10213765  .00013688  00000-0  31737-1 0  9999
2 27976 064.4704 090.3062 4511146 016.1437 354.5263 06.08660909 54586
0 SL-12 DEB
1 27976U 88085W   06082.43073458  .00005480  00000-0  12719-1 0  9998
2 27976 064.4866 090.1179 4510797 016.1553 354.5216 06.08656545 54604
0 SL-12 DEB
1 27976U 88085W   06083.08792817  .00011785  00000-0  26991-1 0  9999
2 27976 064.4929 089.7157 4512323 016.0918 354.5981 06.08682578 54643
0 SL-12 DEB
1 27976U 88085W   06083.41649026  .00017128  00000-0  38942-1 0  9995
2 27976 064.5022 089.5197 4513097 016.0778 354.5703 06.08699279 54663
0 SL-12 DEB
1 27976U 88085W   06084.07362102  .00012806  00000-0  28784-1 0  9996
2 27976 064.5069 089.1181 4514244 016.0345 354.5478 06.08709185 54700
0 SL-12 DEB
1 27976U 88085W   06084.40220157  .00007152  00000-0  15896-1 0  9994
2 27976 064.5071 088.9119 4515316 016.0276 354.5726 06.08708110 54720
0 SL-12 DEB
1 27976U 88085W   06085.22361822  .00019557  00000-0  42754-1 0  9995
2 27976 064.5544 088.4353 4517199 015.9577 354.6318 06.08742668 54772
0 SL-12 DEB
1 27976U 88085W   06086.20922298  .00012184  00000-0  26530-1 0  9997
2 27976 064.5561 087.8273 4517488 015.9619 354.5582 06.08761629 54830
0 SL-12 DEB
1 27976U 88085W   06087.19483908  .00020658  00000-0  44562-1 0  9996
2 27976 064.5635 087.2294 4518307 015.9145 354.6878 06.08813752 54894
0 SL-12 DEB
1 27976U 88085W   06088.34454580  .00032740  00000-0  70009-1 0  9998
2 27976 064.5775 086.5335 4518833 015.8554 354.6973 06.08892658 54960
0 SL-12 DEB
1 27976U 88085W   06089.16564657  .00027575  00000-0  57546-1 0  9997
2 27976 064.5711 086.0218 4521275 015.7877 354.6119 06.08933417 55014
0 SL-12 DEB
1 27976U 88085W   06089.16564657 +.00027575 +00000-0 +57546-1 0  9997
2 27976 064.5711 086.0218 4521275 015.7877 354.6119 06.08933417055014
0 SL-12 DEB
1 27976U 88085W   06089.98674727  .00029659  00000-0  60475-1 0  9997
2 27976 064.5780 085.5233 4523498 015.6524 354.7018 06.08985073 55067
0 SL-12 DEB
1 27976U 88085W   06090.31515721  .00024129  00000-0  49094-1 0  9995
2 27976 064.5882 085.3260 4523686 015.7372 354.6557 06.08995772 55085
0 SL-12 DEB
1 27976U 88085W   06090.97196898  .00020756  00000-0  41669-1 0  9999
2 27976 064.5991 084.9323 4525020 015.6708 354.6592 06.09017790 55127
0 SL-12 DEB
1 27976U 88085W   06091.30037907  .00028787  00000-0  56964-1 0  9998
2 27976 064.6450 084.7550 4526376 015.7419 354.6684 06.09044716 55145
0 SL-12 DEB
1 27976U 88085W   06091.79294541 +.00028786 +00000-0 +56821-1 0  9991
2 27976 064.6406 084.4489 4526461 015.6917 354.6817 06.09073112055174
0 SL-12 DEB
1 27976U 88085W   06092.28549046  .00025672  00000-0  49461-1 0  9992
2 27976 064.6349 084.1334 4528918 015.6167 354.6972 06.09096071 55207
0 SL-12 DEB
1 27976U 88085W   06092.44967503  .00027147  00000-0  52411-1 0  9990
2 27976 064.6404 084.0385 4528618 015.6185 354.7141 06.09107481 55219
0 SL-12 DEB
1 27976U 88085W   06093.27052461  .00024253  00000-0  45845-1 0  9998
2 27976 064.6478 083.5332 4530647 015.5531 354.6922 06.09140651 55262
0 SL-12 DEB
1 27976U 88085W   06093.43471096  .00027511  00000-0  52063-1 0  9995
2 27976 064.6495 083.4328 4530419 015.5609 354.7432 06.09155352 55270
0 SL-12 DEB
1 27976U 88085W   06094.41964337  .00024027  00000-0  45068-1 0  9995
2 27976 064.6675 082.8370 4530956 015.5353 354.7995 06.09215809 55337
0 SL-12 DEB
1 27976U 88085W   06094.58376427  .00028201  00000-0  52846-1 0  9990
2 27976 064.6705 082.7387 4530943 015.5232 354.7615 06.09232822 55344
0 SL-12 DEB
1 27976U 88085W   06095.40444019  .00050144  00000-0  90773-1 0  9997
2 27976 064.6838 082.2293 4534017 015.4805 354.7816 06.09319695 55395
0 SL-12 DEB
1 27976U 88085W   06095.73266392  .00044023  00000-0  79523-1 0  9998
2 27976 064.6837 082.0304 4534114 015.4607 354.7518 06.09338778 55418
0 SL-12 DEB
1 27976U 88085W   06096.38909992  .00056174  00000-0  10032+0 0  9998
2 27976 064.6994 081.6294 4534773 015.4136 354.8351 06.09423352 55456
0 SL-12 DEB
1 27976U 88085W   06096.55316974  .00063378  00000-0  11327+0 0  9991
2 27976 064.7022 081.5339 4534497 015.4181 354.8083 06.09454786 55469
0 SL-12 DEB
1 27976U 88085W   06097.37350554  .00040327  00000-0  70866-1 0  9998
2 27976 064.7013 081.0256 4536022 015.3744 354.6191 06.09490546 55510
0 SL-12 DEB
1 27976U 88085W   06097.70173073  .00043154  00000-0  75940-1 0  9993
2 27976 064.7071 080.8319 4535668 015.3811 354.8171 06.09524213 55532
0 SL-12 DEB
1 27976U 88085W   06098.35795042  .00036998  00000-0  63143-1 0  9991
2 27976 064.7320 080.4422 4538559 015.3465 354.7845 06.09568539 55577
0 SL-12 DEB
1 27976U 88085W   06098.68606406 +.00037563 +00000-0 +64232-1 0  9991
2 27976 064.7377 080.2473 4538205 015.3430 354.8204 06.09593859055598
0 SL-12 DEB
1 27976U 88085W   06099.34221781 +.00040766 +00000-0 +68451-1 0  9990
2 27976 064.7499 079.8455 4539731 015.3122 354.8386 06.09651426055631
0 SL-12 DEB
1 27976U 88085W   06100.32632696  .00061366  00000-0  10079+0 0  9992
2 27976 064.7608 079.2434 4541128 015.2481 355.0007 06.09793043 55695
0 SL-12 DEB
1 27976U 88085W   06101.31010983  .00061164  00000-0  99276-1 0  9995
2 27976 064.7714 078.6429 4541483 015.2348 354.9251 06.09930940 55751
0 SL-12 DEB
1 27976U 88085W   06103.27714077  .00047869  00000-0  74294-1 0  9996
2 27976 064.8034 077.4494 4544600 015.1712 354.9315 06.10162988 55879
0 SL-12 DEB
1 27976U 88085W   06103.44100261  .00055015  00000-0  85484-1 0  9994
2 27976 064.8057 077.3509 4544294 015.1692 354.8873 06.10192556 55889
0 SL-12 DEB
1 27976U 88085W   06103.93262530  .00047747  00000-0  73373-1 0  9993
2 27976 064.8046 077.0467 4545214 015.1422 354.8237 06.10225236 55911
0 SL-12 DEB
1 27976U 88085W   06104.91582788  .00078537  00000-0  11906+0 0  9995
2 27976 064.8100 076.4436 4545397 015.0946 355.1048 06.10410445 55971
0 SL-12 DEB
1 27976U 88085W   06105.40717821  .00121373  00000-0  18537+0 0  9992
2 27976 064.8548 076.1734 4543633 015.2178 354.9568 06.10571875 56009
0 SL-12 DEB
1 27976U 88085W   06105.57090610  .00118768  00000-0  17931+0 0  9991
2 27976 064.8452 076.0645 4544575 015.1179 354.8715 06.10605624 56013
0 SL-12 DEB
1 27976U 88085W   06106.06218550  .00092849  00000-0  13620+0 0  9993
2 27976 064.8528 075.7573 4547097 015.0867 354.7573 06.10661442 56042
0 SL-12 DEB
1 27976U 88085W   06106.71721942  .00079088  00000-0  11663+0 0  9994
2 27976 064.8548 075.3571 4546038 015.0580 354.8349 06.10747072 56084
0 SL-12 DEB
1 27976U 88085W   06107.20842879  .00046829  00000-0  67509-1 0  9991
2 27976 064.8650 075.0500 4548178 015.0314 354.8284 06.10764190 56111
0 SL-12 DEB
1 27976U 88085W   06107.86336347  .00050174  00000-0  72370-1 0  9991
2 27976 064.8840 074.6664 4547664 014.9880 354.9596 06.10835854 56150
0 SL-12 DEB
1 27976U 88085W   06108.51816661  .00048837  00000-0  69983-1 0  9995
2 27976 064.8861 074.2518 4547931 015.0502 354.8873 06.10894399 56197
0 SL-12 DEB
1 27976U 88085W   06109.33660933  .00049974  00000-0  70315-1 0  9999
2 27976 064.8864 073.7486 4549154 015.0013 354.9633 06.10984076 56247
0 SL-12 DEB
1 27976U 88085W   06109.82759566  .00064473  00000-0  90933-1 0  9993
2 27976 064.8915 073.4465 4548370 014.9721 355.0303 06.11072241 56273
0 SL-12 DEB
1 27976U 88085W   06110.48214154  .00061127  00000-0  84615-1 0  9999
2 27976 064.8948 073.0544 4549707 014.9211 354.9916 06.11144925 56314
0 SL-12 DEB
1 27976U 88085W   06110.80934887 +.00042837 +00000-0 +58561-1 0  9995
2 27976 064.9170 072.8603 4551032 014.9456 354.7625 06.11131658056336
0 SL-12 DEB
1 27976U 88085W   06110.80934887  .00042837  00000-0  58561-1 0  9995
2 27976 064.9170 072.8603 4551032 014.9456 354.7625 06.11131658 56336
0 SL-12 DEB
1 27976U 88085W   06114.40844759  .00091415  00000-0  11582+0 0  9999
2 27976 064.9667 070.6589 4554677 014.8778 356.6401 06.11730656 56550
0 SL-12 DEB
1 27976U 88085W   06115.22495541  .00090492  00000-0  11225+0 0  9999
2 27976 064.9732 070.1635 4555907 014.8230 354.8942 06.11858716 56604
0 SL-12 DEB
1 27976U 88085W   06115.38843655  .00092865  00000-0  11607+0 0  9999
2 27976 064.9783 070.0675 4554977 014.8583 354.9906 06.11892795 56617
0 SL-12 DEB
1 27976U 88085W   06116.36886153  .00095116  00000-0  11659+0 0  9997
2 27976 064.9945 069.4700 4555685 014.8121 354.9856 06.12077862 56674
0 SL-12 DEB
1 27976U 88085W   06116.85896901  .00082659  00000-0  10065+0 0  9991
2 27976 065.0186 069.1893 4555971 014.7694 354.9215 06.12134871 56702
0 SL-12 DEB
1 27976U 88085W   06117.51241706  .00089723  00000-0  10928+0 0  9999
2 27976 065.0088 068.7755 4555174 014.8022 355.0416 06.12259267 56742
0 SL-12 DEB
1 27976U 88085W   06117.51241722  .00084584  00000-0  10017+0 0  9996
2 27976 064.9982 068.7620 4557750 014.7171 355.0560 06.12249367 56751
0 SL-12 DEB
1 27976U 88085W   06118.49222565  .00119261  00000-0  14341+0 0  9993
2 27976 065.0135 068.1674 4554818 014.7682 355.1142 06.12509391 56804
0 SL-12 DEB
1 27976U 88085W   06118.81868896  .00117501  00000-0  14128+0 0  9990
2 27976 065.0145 067.9673 4554377 014.7421 355.0101 06.12582202 56820
0 SL-12 DEB
1 27976U 88085W   06119.30838524  .00109252  00000-0  13085+0 0  9995
2 27976 065.0222 067.6706 4554129 014.7209 355.0088 06.12681515 56853
0 SL-12 DEB
1 27976U 88085W   06120.28753927  .00147756  00000-0  17469+0 0  9998
2 27976 065.0273 067.0593 4553356 014.6729 355.3022 06.12999893 56913
0 SL-12 DEB
1 27976U 88085W   06120.93986022  .00138226  00000-0  16056+0 0  9997
2 27976 065.0311 066.6614 4553925 014.6225 355.0271 06.13173481 56953
0 SL-12 DEB
1 27976U 88085W   06121.26603298  .00145057  00000-0  16991+0 0  9993
2 27976 065.0311 066.4605 4552508 014.6271 355.0847 06.13276233 56978
0 SL-12 DEB
1 27976U 88085W   06121.42908088  .00162073  00000-0  19002+0 0  9999
2 27976 065.0322 066.3612 4551920 014.6106 355.1185 06.13356388 56988
0 SL-12 DEB
1 27976U 88085W   06121.91811659  .00110515  00000-0  12953+0 0  9992
2 27976 065.0350 066.0614 4551908 014.5968 354.7280 06.13364565 57011
0 SL-12 DEB
1 27976U 88085W   06122.57034970  .00086444  00000-0  10166+0 0  9995
2 27976 065.0406 065.6649 4551050 014.5967 354.9894 06.13453902 57054
0 SL-12 DEB
1 27976U 88085W   06123.38536645  .00119528  00000-0  13899+0 0  9997
2 27976 065.0578 065.1625 4551206 014.6283 354.8204 06.13596891 57103
0 SL-12 DEB
1 27976U 88085W   06123.87436166  .00114456  00000-0  13319+0 0  9990
2 27976 065.0537 064.8601 4550507 014.5929 355.0525 06.13699043 57132
0 SL-12 DEB
1 27976U 88085W   06124.03732067  .00092202  00000-0  10260+0 0  9994
2 27976 065.0766 064.7639 4554697 014.5765 355.0023 06.13691873 57145
0 SL-12 DEB
1 27976U 88085W   06124.36324911  .00157242  00000-0  17814+0 0  9993
2 27976 065.0785 064.5637 4551870 014.5812 355.2677 06.13879881 57161
0 SL-12 DEB
1 27976U 88085W   06125.01466261  .00187544  00000-0  20390+0 0  9992
2 27976 065.0767 064.1640 4553944 014.5115 355.2622 06.14157681 57204
0 SL-12 DEB
1 27976U 88085W   06125.82852862  .00258709  00000-0  28454+0 0  9998
2 27976 065.0884 063.6703 4549722 014.5256 355.5955 06.14670533 57256
0 SL-12 DEB
1 27976U 88085W   06126.31627883  .00272932  00000-0  29704+0 0  9999
2 27976 065.0979 063.3740 4548960 014.4644 355.1576 06.14950855 57288
0 SL-12 DEB
1 27976U 88085W   06126.80400920  .00233606  00000-0  25590+0 0  9998
2 27976 065.0886 063.0651 4547434 014.4988 354.8484 06.15102463 57312
0 SL-12 DEB
1 27976U 88085W   06126.96669564  .00224661  00000-0  24545+0 0  9996
2 27976 065.0949 062.9696 4547289 014.4884 355.1054 06.15165615 57328
0 SL-12 DEB
1 27976U 88085W   06128.26656062  .00142826  00000-0  15838+0 0  9997
2 27976 065.0899 062.1632 4544026 014.4164 354.3308 06.15476835 57402
0 SL-12 DEB
1 27976U 88085W   06128.91673634  .00027597  00000-0  29423-1 0  9997
2 27976 065.0938 061.7398 4548488 014.2807 354.6881 06.15370565 57444
0 SL-12 DEB
1 27976U 88085W   06129.24196943  .00070434  00000-0  75161-1 0  9995
2 27976 065.1019 061.5593 4547203 014.4958 355.2776 06.15542679 57462
0 SL-12 DEB
1 27976U 88085W   06129.72924951  .00027401  00000-0  30364-1 0  9998
2 27976 065.1231 061.2599 4543988 014.5466 354.9656 06.15530680 57497
0 SL-12 DEB
1 27976U 88085W   06129.89176918  .00032299  00000-0  34859-1 0  9992
2 27976 065.1117 061.1585 4546245 014.5031 355.1323 06.15552185 57501
0 SL-12 DEB
1 27976U 88085W   06130.86645746  .00087801  00000-0  93969-1 0  9997
2 27976 065.1157 060.5579 4545479 014.4504 355.5062 06.15777425 57569
0 SL-12 DEB
1 27976U 88085W   06132.16523559  .00076188  00000-0  83138-1 0  9992
2 27976 065.1090 059.7399 4542532 014.5568 354.9938 06.15968199 57647
0 SL-12 DEB
1 27976U 88085W   06132.81462205  .00104124  00000-0  11331+0 0  9990
2 27976 065.1275 059.3533 4541642 014.4759 355.3114 06.16149066 57680
0 SL-12 DEB
1 27976U 88085W   06133.13912095  .00112535  00000-0  12285+0 0  9997
2 27976 065.1273 059.1523 4540842 014.4767 355.1370 06.16230353 57700
0 SL-12 DEB
1 27976U 88085W   06133.95039154  .00115876  00000-0  12600+0 0  9995
2 27976 065.1470 058.6637 4540001 014.4177 355.1704 06.16423688 57752
0 SL-12 DEB
1 27976U 88085W   06134.27481838  .00118861  00000-0  12936+0 0  9990
2 27976 065.1331 058.4507 4539420 014.3983 355.1643 06.16504665 57778
0 SL-12 DEB
1 27976U 88085W   06134.92356182  .00075169  00000-0  82382-1 0  9992
2 27976 065.1492 058.0619 4538355 014.3744 355.0250 06.16575361 57816
0 SL-12 DEB
1 27976U 88085W   06135.24798966 +.00075209 +00000-0 +82342-1 0  9999
2 27976 065.1409 057.8531 4538144 014.3471 355.1775 06.16624259057833
0 SL-12 DEB
1 27976U 88085W   06136.22092824  .00061363  00000-0  67363-1 0  9990
2 27976 065.1341 057.2417 4537234 014.3061 355.0962 06.16731491 57899
0 SL-12 DEB
1 27976U 88085W   06136.86952053 -.00057233  00000-0 -60447-1 0  9998
2 27976 065.1224 056.8257 4541899 014.0733 354.9437 06.16533631 57937
0 SL-12 DEB
1 27976U 88085W   06137.19408259  .00021638  00000-0  24014-1 0  9997
2 27976 065.1444 056.6429 4536307 014.4076 355.4173 06.16731049 57950
0 SL-12 DEB
1 27976U 88085W   06137.84254295 -.00013775  00000-0 -15036-1 0  9997
2 27976 065.1490 056.2429 4537810 014.3740 355.0280 06.16683775 57995
0 SL-12 DEB
1 27976U 88085W   06138.81559067 -.00210274  00000-0 -22323+0 0  9998
2 27976 065.1534 055.6423 4541414 014.1989 355.4945 06.16541129 58055
0 SL-12 DEB
1 27976U 88085W   06139.78898603  .00054131  00000-0  59442-1 0  9997
2 27976 065.1585 055.0426 4536177 014.3428 357.0035 06.16904106 58111
0 SL-12 DEB
1 27976U 88085W   06141.73296157 +.00063933 +00000-0 +69737-1 0  9999
2 27976 065.1573 053.8385 4535214 014.2758 355.2113 06.17165676058236
0 SL-12 DEB
1 27976U 88085W   06142.21903277  .00072178  00000-0  78836-1 0  9992
2 27976 065.1550 053.5354 4534605 014.2573 355.2299 06.17243975 58269
0 SL-12 DEB
1 27976U 88085W   06143.19098829  .00063767  00000-0  69711-1 0  9994
2 27976 065.1459 052.9271 4533850 014.1994 355.1513 06.17357599 58328
0 SL-12 DEB
1 27976U 88085W   06143.83891114  .00065118  00000-0  71564-1 0  9994
2 27976 065.1492 052.5222 4532778 014.1590 355.2815 06.17452884 58360
0 SL-12 DEB
1 27976U 88085W   06144.16279829  .00066888  00000-0  73712-1 0  9996
2 27976 065.1495 052.3213 4532241 014.1428 355.2515 06.17498195 58380
0 SL-12 DEB
1 27976U 88085W   06144.32473997  .00073143  00000-0  80581-1 0  9990
2 27976 065.1492 052.2206 4532050 014.1324 355.2673 06.17531909 58398
0 SL-12 DEB
1 27976U 88085W   06145.13434209  .00042894  00000-0  47538-1 0  9997
2 27976 065.1527 051.7211 4531361 014.0917 355.0606 06.17566818 58445
0 SL-12 DEB
1 27976U 88085W   06145.45828503  .00051288  00000-0  57257-1 0  9992
2 27976 065.1470 051.5156 4530359 014.0885 355.3054 06.17613793 58465
0 SL-12 DEB
1 27976U 88085W   06145.78209249  .00027546  00000-0  30876-1 0  9996
2 27976 065.1575 051.3234 4530336 014.0894 355.1087 06.17577842 58481
0 SL-12 DEB
1 27976U 88085W   06146.26793178  .00053602  00000-0  60323-1 0  9991
2 27976 065.1523 051.0180 4529337 014.0942 355.3403 06.17655364 58518
0 SL-12 DEB
1 27976U 88085W   06146.75359582  .00003211  00000-0  36831-2 0  9991
2 27976 065.1552 050.7175 4530169 014.0284 354.9540 06.17560629 58543
0 SL-12 DEB
1 27976U 88085W   06147.72532592  .00000531  00000-0  68037-3 0  9999
2 27976 065.1608 050.1194 4528547 014.0695 355.2737 06.17559221 58608
0 SL-12 DEB
1 27976U 88085W   06148.69691344 +.00007625 +00000-0 +88268-2 0  9995
2 27976 065.1726 049.5252 4527712 014.0527 355.3460 06.17581070058660
0 SL-12 DEB
1 27976U 88085W   06148.85881570 +.00006376 +00000-0 +73822-2 0  9997
2 27976 065.1623 049.4176 4527813 014.0354 355.3042 06.17582004058675
0 SL-12 DEB
1 27976U 88085W   06150.15419196  .00038779  00000-0  45243-1 0  9991
2 27976 065.1577 048.6188 4525761 014.0664 355.5107 06.17686633 58757
0 SL-12 DEB
1 27976U 88085W   06150.80165478  .00041319  00000-0  49071-1 0  9991
2 27976 065.1591 048.2145 4523730 014.0637 355.3128 06.17743586 58792
0 SL-12 DEB
1 27976U 88085W   06151.12540221  .00054108  00000-0  65287-1 0  9997
2 27976 065.1633 048.0187 4521935 014.1030 355.2964 06.17786901 58814
0 SL-12 DEB
1 27976U 88085W   06151.77283794  .00044531  00000-0  53601-1 0  9993
2 27976 065.1600 047.6163 4521912 014.0263 355.2517 06.17832920 58850
0 SL-12 DEB
1 27976U 88085W   06152.74394468  .00025307  00000-0  31103-1 0  9995
2 27976 065.1609 047.0145 4519865 014.0460 355.1732 06.17863703 58914
0 SL-12 DEB
1 27976U 88085W   06153.71504786 +.00029980 +00000-0 +36918-1 0  9999
2 27976 065.1577 046.4136 4519275 013.9709 355.3274 06.17927500058975
0 SL-12 DEB
1 27976U 88085W   06154.20053243  .00013162  00000-0  16447-1 0  9991
2 27976 065.1601 046.1140 4518225 013.9425 355.2873 06.17924888 59009
0 SL-12 DEB
1 27976U 88085W   06154.84787748 +.00021789 +00000-0 +27407-1 0  9997
2 27976 065.1549 045.7078 4517126 013.9255 355.3946 06.17966771059048
0 SL-12 DEB
1 27976U 88085W   06155.17149117 +.00002420 +00000-0 +31770-2 0  9996
2 27976 065.1435 045.4976 4516110 013.9805 355.2791 06.17945976059062
0 SL-12 DEB
1 27976U 88085W   06156.14247348 -.00003730  00000-0 -46473-2 0  9992
2 27976 065.1466 044.8981 4515560 013.8973 355.3248 06.17939011 59126
0 SL-12 DEB
1 27976U 88085W   06156.46614145 -.00012767  00000-0 -16329-1 0  9996
2 27976 065.1527 044.7050 4514792 013.8650 355.3314 06.17917420 59144
0 SL-12 DEB
1 27976U 88085W   06157.11350329  .00024034  00000-0  31077-1 0  9995
2 27976 065.1537 044.3102 4514398 013.7368 355.5161 06.17974034 59186
0 SL-12 DEB
1 27976U 88085W   06157.76071811  .00013543  00000-0  18011-1 0  9998
2 27976 065.1631 043.9230 4511874 013.8253 355.3057 06.17977418 59224
0 SL-12 DEB
1 27976U 88085W   06158.08438248  .00010143  00000-0  13689-1 0  9994
2 27976 065.1529 043.7095 4510600 013.8550 355.3457 06.17978954 59245
0 SL-12 DEB
1 27976U 88085W   06158.73165931 +.00007052 +00000-0 +96059-2 0  9990
2 27976 065.1478 043.3045 4509889 013.8176 355.3549 06.17984431059283
0 SL-12 DEB
1 27976U 88085W   06159.05530084  .00011455  00000-0  15611-1 0  9997
2 27976 065.1444 043.1019 4509362 013.8039 355.3801 06.17996276 59303
0 SL-12 DEB
1 27976U 88085W   06160.83521204  .00083539  00000-0  11863+0 0  9994
2 27976 065.1395 042.0030 4504141 013.7791 355.2999 06.18099084 59414
0 SL-12 DEB
1 27976U 88085W   06161.15881211  .00024839  00000-0  35070-1 0  9993
2 27976 065.1301 041.7953 4505190 013.7765 355.2387 06.18040456 59439
0 SL-12 DEB
1 27976U 88085W   06162.61503015  .00032877  00000-0  47194-1 0  9999
2 27976 065.1293 040.8974 4502907 013.7238 355.4275 06.18130818 59520
0 SL-12 DEB
1 27976U 88085W   06162.77679950 -.00001637  00000-0 -23488-2 0  9991
2 27976 065.1330 040.8045 4501407 013.6779 355.3805 06.18066636 59539
0 SL-12 DEB
1 27976U 88085W   06163.10041203 -.00010020  00000-0 -14748-1 0  9997
2 27976 065.1254 040.6049 4500485 013.7000 355.4055 06.18056184 59556
0 SL-12 DEB
1 27976U 88085W   06164.07122944  .00005180  00000-0  77503-2 0  9994
2 27976 065.1178 039.9906 4499744 013.6467 355.3792 06.18046590 59619
0 SL-12 DEB
1 27976U 88085W   06164.07125227  .00005772  00000-0  86693-2 0  9998
2 27976 065.1161 039.9888 4499297 013.6729 355.4223 06.18047576 59619
0 SL-12 DEB
1 27976U 88085W   06165.04205434  .00010966  00000-0  17075-1 0  9993
2 27976 065.1140 039.3932 4495249 013.6604 355.4871 06.18076327 59676
0 SL-12 DEB
1 27976U 88085W   06165.68919303  .00013397  00000-0  21153-1 0  9993
2 27976 065.1181 039.0027 4493684 013.6284 355.4410 06.18096391 59715
0 SL-12 DEB
1 27976U 88085W   06166.65991522  .00012021  00000-0  19050-1 0  9990
2 27976 065.1040 038.3944 4492834 013.5683 355.4632 06.18117204 59776
0 SL-12 DEB
1 27976U 88085W   06166.82168892  .00011290  00000-0  18099-1 0  9994
2 27976 065.1153 038.3018 4492111 013.5648 355.4432 06.18119621 59786
0 SL-12 DEB
1 27976U 88085W   06167.14525165  .00021464  00000-0  34525-1 0  9996
2 27976 065.1147 038.1015 4491408 013.5715 355.4623 06.18146390 59805
0 SL-12 DEB
1 27976U 88085W   06167.95409666 -.00002300  00000-0 -36741-2 0  9995
2 27976 065.1024 037.5898 4489542 013.5593 355.3261 06.18125344 59859
0 SL-12 DEB
1 27976U 88085W   06168.27770881  .00005191  00000-0  86325-2 0  9993
2 27976 065.0976 037.3870 4488871 013.5610 355.4628 06.18140884 59872
0 SL-12 DEB
1 27976U 88085W   06168.60124905  .00006097  00000-0  10146-1 0  9993
2 27976 065.0982 037.1869 4488635 013.5362 355.4464 06.18146845 59890
0 SL-12 DEB
1 27976U 88085W   06169.73366503  .00014185  00000-0  24531-1 0  9990
2 27976 065.0709 036.5014 4483883 013.4615 355.4985 06.18176019 59964
0 SL-12 DEB
1 27976U 88085W   06170.70422917  .00504963  00000-0  89977+0 0  9992
2 27976 065.0909 035.9042 4477252 013.4982 355.3790 06.18664307 60024
0 SL-12 DEB
1 27976U 88085W   06171.02744996  .00010348  00000-0  18425-1 0  9993
2 27976 065.0772 035.6898 4480818 013.4473 354.7113 06.18191902 60045
0 SL-12 DEB
1 27976U 88085W   06171.67483680 -.00000941  00000-0 -15912-2 0  9993
2 27976 065.0784 035.2884 4480005 013.4101 355.4018 06.18173028 60080
0 SL-12 DEB
1 27976U 88085W   06172.16017737  .00009648  00000-0  15987-1 0  9996
2 27976 065.1017 034.9899 4488175 013.2472 355.6747 06.18218583 60118
0 SL-12 DEB
1 27976U 88085W   06172.64538675  .00009207  00000-0  16746-1 0  9993
2 27976 065.0763 034.6954 4478452 013.3772 355.3373 06.18200997 60140
0 SL-12 DEB
1 27976U 88085W   06172.96897590 -.00001361  00000-0 -24762-2 0  9995
2 27976 065.0603 034.4900 4474716 013.4155 355.4653 06.18188438 60166
0 SL-12 DEB
1 27976U 88085W   06173.29250799  .00009069  00000-0  17296-1 0  9990
2 27976 065.0591 034.2906 4473252 013.4171 355.5094 06.18210942 60186
0 SL-12 DEB
1 27976U 88085W   06173.61600596  .00008427  00000-0  16180-1 0  9998
2 27976 065.0607 034.0950 4472513 013.3985 355.4689 06.18214432 60202
0 SL-12 DEB
1 27976U 88085W   06174.10127992  .00012567  00000-0  24200-1 0  9999
2 27976 065.0540 033.7904 4471912 013.3715 355.4950 06.18230522 60238
0 SL-12 DEB
1 27976U 88085W   06174.58653216  .00008384  00000-0  16321-1 0  9991
2 27976 065.0566 033.4929 4470858 013.3377 355.4671 06.18230302 60261
0 SL-12 DEB
1 27976U 88085W   06175.07180353  .00007250  00000-0  12686-1 0  9994
2 27976 065.1014 033.2019 4482291 013.2275 355.5259 06.18239007 60295
0 SL-12 DEB
1 27976U 88085W   06176.04231410  .00000234  00000-0  52569-3 0  9994
2 27976 065.0280 032.5830 4468866 013.2545 355.5074 06.18234118 60354
0 SL-12 DEB
1 27976U 88085W   06176.68933168 -.00001883 +00000-0 -38520-2 0  9996
2 27976 065.0254 032.1859 4463022 013.2652 355.5230 06.18229827060399
0 SL-12 DEB
1 27976U 88085W   06177.65985185  .00026212  00000-0  54728-1 0  9998
2 27976 065.0230 031.5882 4462644 013.1410 355.6077 06.18270226 60458
0 SL-12 DEB
1 27976U 88085W   06178.63024504  .00008364  00000-0  18056-1 0  9998
2 27976 065.0367 031.0135 4459331 013.1826 355.4109 06.18269240 60510
0 SL-12 DEB
1 27976U 88085W   06178.95378180 -.00015494  00000-0 -33805-1 0  9998
2 27976 065.0156 030.7956 4457467 013.2088 355.4834 06.18235359 60533
0 SL-12 DEB
1 27976U 88085W   06179.60081495  .00001220  00000-0  28340-2 0  9990
2 27976 065.0286 030.4093 4454726 013.2153 355.6205 06.18263563 60570
0 SL-12 DEB
1 27976U 88085W   06179.76250693  .00014184  00000-0  32006-1 0  9991
2 27976 065.0186 030.3003 4454073 013.1916 355.5204 06.18280401 60589
0 SL-12 DEB
1 27976U 88085W   06180.08598090 +.00014317 +00000-0 +32261-1 0  9995
2 27976 065.0164 030.0994 4454176 013.1578 355.5196 06.18289856060605
0 SL-12 DEB
1 27976U 88085W   06180.57119033  .00019469  00000-0  44390-1 0  9994
2 27976 065.0179 029.7982 4452558 013.1546 355.5558 06.18318645 60634
0 SL-12 DEB
1 27976U 88085W   06180.57123922  .00001567  00000-0  34880-2 0  9990
2 27976 065.0137 029.7950 4455236 013.0923 355.5639 06.18267169 60631
0 SL-12 DEB
1 27976U 88085W   06181.86496664  .00041859  00000-0  96733-1 0  9991
2 27976 064.9876 028.9918 4450358 012.9740 355.5926 06.18400344 60711
0 SL-12 DEB
1 27976U 88085W   06182.02666542 -.00013067  00000-0 -30291-1 0  9993
2 27976 064.9793 028.8846 4450162 013.0744 355.3024 06.18288689 60721
0 SL-12 DEB
1 27976U 88085W   06182.67373481  .00037504  00000-0  93025-1 0  9995
2 27976 064.9715 028.4897 4442520 013.0616 355.6954 06.18347679 60768
0 SL-12 DEB
1 27976U 88085W   06183.64394343  .00039260  00000-0  96538-1 0  9996
2 27976 064.9728 027.8970 4443382 012.8653 355.4101 06.18368704 60823
0 SL-12 DEB
1 27976U 88085W   06183.96745758  .00021431  00000-0  53360-1 0  9998
2 27976 064.9684 027.6929 4442034 012.9194 355.5561 06.18365267 60844
0 SL-12 DEB
1 27976U 88085W   06184.61432862  .00000778  00000-0  20634-2 0  9990
2 27976 064.9693 027.2966 4439514 012.9495 355.4345 06.18332915 60881
0 SL-12 DEB
1 27976U 88085W   06184.93784197  .00019544  00000-0  50338-1 0  9990
2 27976 064.9580 027.0945 4438057 012.9234 355.6066 06.18363224 60905
0 SL-12 DEB
1 27976U 88085W   06185.58469127  .00001844  00000-0  49136-2 0  9994
2 27976 064.9606 026.7095 4435747 012.9231 355.4575 06.18336844 60941
0 SL-12 DEB
1 27976U 88085W   06185.90819460 -.00001258  00000-0 -32701-2 0  9990
2 27976 064.9477 026.5025 4434521 012.9007 355.5773 06.18332440 60969
0 SL-12 DEB
1 27976U 88085W   06186.55510560  .00008380  00000-0  22364-1 0  9995
2 27976 064.9503 026.1071 4434000 012.8571 355.6590 06.18358784 61006
0 SL-12 DEB
1 27976U 88085W   06187.04023468  .00028402  00000-0  76487-1 0  9998
2 27976 064.9516 025.8120 4432390 012.8544 355.6485 06.18405916 61037
0 SL-12 DEB
1 27976U 88085W   06188.01041576  .00018379  00000-0  50777-1 0  9992
2 27976 064.9205 025.1952 4429483 012.8043 355.2996 06.18384815 61094
0 SL-12 DEB
1 27976U 88085W   06188.65739629  .00005765  00000-0  17024-1 0  9998
2 27976 064.9168 024.8034 4421634 012.7995 355.6240 06.18381849 61139
0 SL-12 DEB
1 27976U 88085W   06188.98081275  .00000286  00000-0  88479-3 0  9998
2 27976 064.9125 024.6002 4422104 012.7538 355.5974 06.18368717 61155
0 SL-12 DEB
1 27976U 88085W   06189.30425633  .00004980  00000-0  14712-1 0  9997
2 27976 064.9145 024.3994 4421656 012.7297 355.6336 06.18375754 61171
0 SL-12 DEB
1 27976U 88085W   06189.95111166  .00003109  00000-0  92848-2 0  9990
2 27976 064.9074 024.0018 4420535 012.6914 355.6306 06.18378034 61212
0 SL-12 DEB
1 27976U 88085W   06190.59797166  .00001605  00000-0  48858-2 0  9993
2 27976 064.9055 023.6079 4418728 012.6611 355.6389 06.18378070 61253
0 SL-12 DEB
1 27976U 88085W   06191.56826074 -.00000302  00000-0 -87910-3 0  9990
2 27976 064.9014 023.0293 4415722 012.6155 355.6447 06.18375046 61316
0 SL-12 DEB
1 27976U 88085W   06191.89169349 -.00004218  00000-0 -13150-1 0  9994
2 27976 064.8916 022.8244 4414143 012.6087 355.6443 06.18367594 61336
0 SL-12 DEB
1 27976U 88085W   06192.53856776  .00001984  00000-0  64631-2 0  9999
2 27976 064.8976 022.4342 4410425 012.6663 355.6673 06.18379614 61371
0 SL-12 DEB
1 27976U 88085W   06193.99396902  .00006351  00000-0  20873-1 0  9992
2 27976 064.8635 021.5147 4408407 012.4503 355.6997 06.18393106 61465
0 SL-12 DEB
1 27976U 88085W   06194.64080015  .00012852  00000-0  43827-1 0  9997
2 27976 064.8441 021.1329 4403408 012.4403 355.6748 06.18404406 61508
0 SL-12 DEB
1 27976U 88085W   06194.96421362  .00010903  00000-0  37144-1 0  9996
2 27976 064.8364 020.9301 4403563 012.3960 355.6823 06.18408663 61523
0 SL-12 DEB
1 27976U 88085W   06195.61103688  .00001987  00000-0  62644-2 0  9993
2 27976 064.9142 020.5726 4414918 012.3050 355.6163 06.18394306 61560
0 SL-12 DEB
1 27976U 88085W   06196.58135191 -.00001779  00000-0 -63650-2 0  9993
2 27976 064.8321 019.9294 4394898 012.3540 355.7248 06.18386649 61621
0 SL-12 DEB
1 27976U 88085W   06197.55160985  .00001028  00000-0  39385-2 0  9993
2 27976 064.8229 019.3392 4391630 012.2997 355.7194 06.18391590 61684
0 SL-12 DEB
1 27976U 88085W   06197.87502488 -.00006251  00000-0 -23373-1 0  9990
2 27976 064.8186 019.1392 4390783 012.2857 355.6962 06.18380252 61705
0 SL-12 DEB
1 27976U 88085W   06198.52189211  .00000532  00000-0  21244-2 0  9998
2 27976 064.8243 018.7479 4388715 012.2496 355.7665 06.18391694 61748
0 SL-12 DEB
1 27976U 88085W   06199.00700438 +.00006132 +00000-0 +23544-1 0  9998
2 27976 064.8218 018.4499 4388243 012.1791 355.7563 06.18403000061777
0 SL-12 DEB
1 27976U 88085W   06199.49212131  .00006616  00000-0  25763-1 0  9991
2 27976 064.8197 018.1466 4386281 012.1793 355.7484 06.18410321 61806
0 SL-12 DEB
1 27976U 88085W   06200.46234792  .00001436  00000-0  57700-2 0  9990
2 27976 064.7927 017.5412 4383698 012.1260 355.7304 06.18408151 61863
0 SL-12 DEB
1 27976U 88085W   06201.59435973  .00001561  00000-0  60823-2 0  9998
2 27976 064.8079 016.8695 4385715 012.0423 355.8066 06.18403247 61934
0 SL-12 DEB
1 27976U 88085W   06204.66670383 -.00014339  00000-0 -64763-1 0  9990
2 27976 064.7391 014.9767 4366195 011.8091 354.8245 06.18280345 62120
0 SL-12 DEB
1 27976U 88085W   06205.47587287 -.00010531  00000-0 -48665-1 0  9993
2 27976 064.7403 014.4841 4362924 011.8838 355.8291 06.18267674 62174
0 SL-12 DEB
1 27976U 88085W   06205.79934674 -.00024250  00000-0 -11318+0 0  9990
2 27976 064.7526 014.3009 4362013 011.8047 355.8012 06.18238402 62196
0 SL-12 DEB
1 27976U 88085W   06206.44637752 -.00008460  00000-0 -39738-1 0  9993
2 27976 064.7449 013.8980 4360548 011.7951 355.9305 06.18252639 62235
0 SL-12 DEB
1 27976U 88085W   06207.41682667 -.00017600 +00000-0 -82964-1 0  9991
2 27976 064.7236 013.2986 4360694 011.6176 355.8195 06.18209652062298
0 SL-12 DEB
1 27976U 88085W   06207.90213689 -.00037961  00000-0 -18107+0 0  9997
2 27976 064.7070 013.0007 4359580 011.5740 355.8446 06.18153017 62320
0 SL-12 DEB
1 27976U 88085W   06208.54920851 -.00013257  00000-0  00000+0 0  9998
2 27976 064.7375 012.6014 4364427 011.4995 355.9429 06.18183963 62378
0 SL-12 DEB
1 27976U 88085W   06208.54927908  .00001566  00000-0  81370-2 0  9999
2 27976 064.7060 012.6129 4351127 011.5614 356.1180 06.18199208 62363
0 SL-12 DEB
1 27976U 88085W   06208.87269713 -.00027094  00000-0 -13689+0 0  9999
2 27976 064.7040 012.4121 4351390 011.5218 355.8506 06.18149601 62385
0 SL-12 DEB
1 27976U 88085W   06209.51983617  .00000491  00000-0  27173-2 0  9993
2 27976 064.7031 012.0230 4349812 011.4538 356.0004 06.18162426 62423
0 SL-12 DEB
1 27976U 88085W   06209.84334275 -.00020821  00000-0 -10685+0 0  9997
2 27976 064.6977 011.8227 4349239 011.4851 355.8757 06.18127438 62443
0 SL-12 DEB
1 27976U 88085W   06210.65228287 -.00028275  00000-0 -14712+0 0  9999
2 27976 064.6829 011.3262 4347677 011.4069 355.9113 06.18076625 62491
0 SL-12 DEB
1 27976U 88085W   06211.46129354 -.00020559  00000-0 -11364+0 0  9991
2 27976 064.6905 010.8518 4338944 011.6347 355.9634 06.18059051 62540
0 SL-12 DEB
1 27976U 88085W   06211.78484013 -.00016570  00000-0 -90128-1 0  9997
2 27976 064.6999 010.6606 4341306 011.2784 355.9741 06.18052107 62562
0 SL-12 DEB
1 27976U 88085W   06212.43205356 -.00019394  00000-0 -10717+0 0  9992
2 27976 064.6832 010.2522 4339246 011.3180 355.9485 06.18022431 62609
0 SL-12 DEB
1 27976U 88085W   06214.53570478 -.00017169  00000-0 -89574-1 0  9992
2 27976 064.7134 009.0041 4348010 011.1948 356.1458 06.17963481 62731
0 SL-12 DEB
1 27976U 88085W   06215.50661461 -.00017171 +00000-0 -89574-1 0  9996
2 27976 064.7134 008.4148 4348240 011.1352 356.0379 06.17930179062791
0 SL-12 DEB
1 27976U 88085W   06219.39100511 -.00022948  00000-0 -14724+0 0  9992
2 27976 064.6119 006.0173 4318926 010.6508 355.3089 06.17707164 63034
0 SL-12 DEB
1 27976U 88085W   06220.52467008 -.00018968  00000-0 -13081+0 0  9998
2 27976 064.5283 005.3168 4307946 010.6935 356.2205 06.17668612 63107
0 SL-12 DEB
1 27976U 88085W   06221.49606166 -.00024942  00000-0 -17147+0 0  9991
2 27976 064.5820 004.7565 4308806 010.2926 356.2486 06.17620885 63167
0 SL-12 DEB
1 27976U 88085W   06222.46759034 -.00012180  00000-0 -85516-1 0  9990
2 27976 064.5874 004.1810 4305303 010.3393 356.3559 06.17611336 63221
0 SL-12 DEB
1 27976U 88085W   06222.79137731 -.00018735  00000-0 -13143+0 0  9997
2 27976 064.5599 003.9652 4305745 010.2711 356.2687 06.17592093 63240
0 SL-12 DEB
1 27976U 88085W   06223.43907729 -.00025832  00000-0 -18516+0 0  9996
2 27976 064.5694 003.5930 4302738 010.3196 356.2232 06.17548138 63289
0 SL-12 DEB
1 27976U 88085W   06223.76296184 -.00052699  00000-0 -38186+0 0  9994
2 27976 064.5476 003.3783 4301550 010.2281 356.2581 06.17487896 63309
0 SL-12 DEB
1 27976U 88085W   06224.41080495 -.00027355  00000-0 -20010+0 0  9991
2 27976 064.5539 002.9966 4299905 010.1898 356.4809 06.17493623 63344
0 SL-12 DEB
1 27976U 88085W   06225.38244766 -.00013898  00000-0 -10457+0 0  9992
2 27976 064.5479 002.3988 4295276 010.1556 356.4277 06.17480513 63403
0 SL-12 DEB
1 27976U 88085W   06226.35411875 -.00011972  00000-0 -97410-1 0  9994
2 27976 064.5954 001.8621 4282687 010.7667 356.1235 06.17459643 63467
0 SL-12 DEB
1 27976U 88085W   06227.32585122 -.00022301  00000-0 -18308+0 0  9994
2 27976 064.5539 001.2528 4281807 010.6561 356.0590 06.17405826 63525
0 SL-12 DEB
1 27976U 88085W   06227.48784957 -.00023345  00000-0 -18407+0 0  9997
2 27976 064.5369 001.1570 4288459 009.7281 356.4494 06.17396090 63530
0 SL-12 DEB
1 27976U 88085W   06228.45972579 -.00013922  00000-0 -11187+0 0  9992
2 27976 064.5291 000.5587 4285304 009.7071 356.5286 06.17372354 63591
0 SL-12 DEB
1 27976U 88085W   06228.78365874 -.00013505 +00000-0 -10838-0 0  9992
2 27976 064.5187 000.3527 4285542 009.6857 356.4803 06.17363952063613
0 SL-12 DEB
1 27976U 88085W   06229.75555868 -.00026660  00000-0 -21973+0 0  9991
2 27976 064.5004 359.7605 4281762 009.6682 356.4586 06.17313248 63672
0 SL-12 DEB
1 27976U 88085W   06229.75555868 -.00026660 +00000-0 -21973-0 0  9992
2 27976 064.5004 359.7605 4281762 009.6682 356.4586 06.17313248063672
0 SL-12 DEB
1 27976U 88085W   06230.40356068 -.00017466  00000-0 -14662+0 0  9997
2 27976 064.5054 359.3835 4278600 009.6766 356.5372 06.17304573 63718
0 SL-12 DEB
1 27976U 88085W   06231.37553309 -.00012636  00000-0 -11073+0 0  9998
2 27976 064.4987 358.7961 4271340 009.8116 356.4612 06.17282614 63773
0 SL-12 DEB
1 27976U 88085W   06231.69951626 -.00009079  00000-0 -77370-1 0  9998
2 27976 064.5129 358.6094 4275668 009.4237 356.5515 06.17280278 63794
0 SL-12 DEB
1 27976U 88085W   06231.86152143 -.00017683  00000-0 -15095+0 0  9998
2 27976 064.4959 358.4986 4276046 009.4148 356.5400 06.17260672 63805
0 SL-12 DEB
1 27976U 88085W   06232.34755964 -.00011141  00000-0 -96060-1 0  9998
2 27976 064.5045 358.2106 4274014 009.4256 356.6033 06.17262583 63836
0 SL-12 DEB
1 27976U 88085W   06233.31959615 -.00008628  00000-0 -75560-1 0  9993
2 27976 064.4892 357.6181 4271203 009.4326 356.5742 06.17248232 63893
0 SL-12 DEB
1 27976U 88085W   06234.29166190 -.00020716  00000-0 -18690+0 0  9990
2 27976 064.4628 357.0255 4267286 009.5214 356.4389 06.17195729 63954
0 SL-12 DEB
1 27976U 88085W   06234.45371950 -.00000772  00000-0 -64610-2 0  9996
2 27976 064.4501 356.9369 4265635 009.3290 356.5904 06.17212918 63961
0 SL-12 DEB
1 27976U 88085W   06235.42583661 -.00028370  00000-0 -25521+0 0  9997
2 27976 064.4810 356.3624 4268219 008.7830 356.6610 06.17151731 64024
0 SL-12 DEB
1 27976U 88085W   06235.42583661  .00000049  00000-0  10000-2 0  9997
2 27976 064.4810 356.3624 4268219 008.7830 356.6610 06.17151731 64024
0 SL-12 DEB
1 27976U 88085W   06238.34254599 -.00000013  00000-0  71987-3 0  9990
2 27976 064.0492 354.2689 4112572 021.2709 351.8987 06.17087903 64202
0 SL-12 DEB
1 27976U 88085W   06240.77328941  .00000032  00000-0  71987-3 0  9993
2 27976 064.4392 353.1260 4264989 008.0784 356.6156 06.17101969 64350
0 SL-12 DEB
1 27976U 88085W   06242.39398303 -.00009943  00000-0 -96607-1 0  9998
2 27976 064.4406 352.1797 4255533 008.2577 356.4647 06.17023518 64454
0 SL-12 DEB
1 27976U 88085W   06243.36665421 -.00009164  00000-0 -89293-1 0  9992
2 27976 064.4907 351.6551 4255050 007.8357 357.1559 06.17007999 64519
0 SL-12 DEB
1 27976U 88085W   06244.33910716 -.00022142  00000-0 -23206+0 0  9991
2 27976 064.4574 351.0275 4243346 008.3810 356.8147 06.16939553 64575
0 SL-12 DEB
1 27976U 88085W   06244.66334876 -.00022098  00000-0 -22250+0 0  9992
2 27976 064.4658 350.8439 4250439 007.9828 357.0686 06.16925268 64593
0 SL-12 DEB
1 27976U 88085W   06245.31175449 -.00022235  00000-0 -22826+0 0  9996
2 27976 064.4653 350.4552 4247247 008.0002 357.0892 06.16896266 64638
0 SL-12 DEB
1 27976U 88085W   06245.79806726 -.00024964  00000-0 -25533+0 0  9996
2 27976 064.4448 350.1482 4248145 007.9294 357.0877 06.16864945 64663
0 SL-12 DEB
1 27976U 88085W   06246.28441817 -.00018827  00000-0 -19431+0 0  9998
2 27976 064.4486 349.8541 4246396 007.9465 357.2089 06.16871240 64698
0 SL-12 DEB
1 27976U 88085W   06247.25705443 -.00015672  00000-0 -16305+0 0  9996
2 27976 064.4483 349.2694 4244989 007.9291 357.1973 06.16854529 64750
0 SL-12 DEB
1 27976U 88085W   06247.41912563 -.00010937  00000-0 -11506+0 0  9994
2 27976 064.4368 349.1715 4242689 007.9076 357.1546 06.16866854 64762
0 SL-12 DEB
1 27976U 88085W   06248.22967040 -.00010985  00000-0 -12018+0 0  9996
2 27976 064.4381 348.6916 4235877 008.3341 356.9585 06.16849047 64816
0 SL-12 DEB
1 27976U 88085W   06248.39178000 -.00006203  00000-0 -65662-1 0  9997
2 27976 064.4249 348.5882 4240901 007.8777 357.2144 06.16870349 64826
0 SL-12 DEB
1 27976U 88085W   06249.36440665 -.00003449  00000-0 -36336-1 0  9999
2 27976 064.4305 348.0148 4240540 007.7413 357.2208 06.16872071 64885
0 SL-12 DEB
1 27976U 88085W   06249.68860396 -.00003381  00000-0 -34796-1 0  9994
2 27976 064.4282 347.8182 4244637 007.4072 357.2933 06.16870361 64901
0 SL-12 DEB
1 27976U 88085W   06250.33704940 -.00005183  00000-0 -54218-1 0  9993
2 27976 064.4262 347.4387 4242871 007.4398 357.2399 06.16855098 64941
0 SL-12 DEB
1 27976U 88085W   06251.30976478 -.00009504  00000-0 -10203+0 0  9993
2 27976 064.4298 346.8654 4239330 007.4010 357.2470 06.16824558 65002
0 SL-12 DEB
1 27976U 88085W   06252.28253935 -.00009954 +00000-0 -10804-0 0  9994
2 27976 064.4279 346.2734 4237587 007.3923 357.3181 06.16804802065064
0 SL-12 DEB
1 27976U 88085W   06253.25531655 -.00007318  00000-0 -80951-1 0  9993
2 27976 064.4253 345.6825 4233895 007.4349 357.3892 06.16801909 65122
0 SL-12 DEB
1 27976U 88085W   06254.39016016 -.00004400  00000-0 -49060-1 0  9993
2 27976 064.4295 345.0082 4231561 007.3147 357.3482 06.16800381 65195
0 SL-12 DEB
1 27976U 88085W   06255.36293492 -.00003578  00000-0 -39535-1 0  9997
2 27976 064.4413 344.4438 4232511 007.1286 357.4233 06.16795794 65256
0 SL-12 DEB
1 27976U 88085W   06256.33571303 -.00002370  00000-0 -25410-1 0  9991
2 27976 064.4053 343.8425 4236113 006.6825 357.6102 06.16795418 65317
0 SL-12 DEB
1 27976U 88085W   06256.65995901 -.00002370 +00000-0 -25361-1 0  9995
2 27976 064.4174 343.6588 4236345 006.6453 357.5918 06.16793968065337
0 SL-12 DEB
1 27976U 88085W   06257.30848123 -.00001895  00000-0 -20167-1 0  9991
2 27976 064.4230 343.2750 4235888 006.6086 357.6107 06.16792887 65374
0 SL-12 DEB
1 27976U 88085W   06258.28126352 -.00003643  00000-0 -39796-1 0  9993
2 27976 064.4346 342.7024 4234162 006.5725 357.5776 06.16779303 65439
0 SL-12 DEB
1 27976U 88085W   06259.25409036 -.00005384  00000-0 -60983-1 0  9990
2 27976 064.4365 342.1111 4228798 006.5991 357.6089 06.16765833 65491
0 SL-12 DEB
1 27976U 88085W   06260.22692144 -.00002591  00000-0 -29035-1 0  9993
2 27976 064.4471 341.5365 4228225 006.5660 357.6906 06.16772399 65551
0 SL-12 DEB
1 27976U 88085W   06261.19970765 -.00000510  00000-0 -51508-2 0  9998
2 27976 064.4464 340.9589 4227243 006.5102 357.6848 06.16778449 65618
0 SL-12 DEB
1 27976U 88085W   06262.33462917  .00001387  00000-0  16708-1 0  9993
2 27976 064.4543 340.2891 4227490 006.3637 357.7404 06.16787535 65682
0 SL-12 DEB
1 27976U 88085W   06263.30740084  .00000992  00000-0  11644-1 0  9990
2 27976 064.4635 339.7147 4234188 005.6972 357.9539 06.16789865 65743
0 SL-12 DEB
1 27976U 88085W   06263.63166384 +.00000990 +00000-0 +11619-1 0  9991
2 27976 064.4604 339.5191 4233990 005.6972 357.9564 06.16790512065767
0 SL-12 DEB
1 27976U 88085W   06264.28018832 -.00003555  00000-0 -39137-1 0  9994
2 27976 064.4664 339.1327 4233652 005.6890 357.8667 06.16766696 65808
0 SL-12 DEB
1 27976U 88085W   06265.25306254 -.00005202  00000-0 -58424-1 0  9991
2 27976 064.4749 338.5578 4231102 005.6653 357.9877 06.16756583 65862
0 SL-12 DEB
1 27976U 88085W   06266.22590617 -.00001176  00000-0 -12859-1 0  9995
2 27976 064.4694 337.9706 4230664 005.6392 358.0834 06.16768372 65920
0 SL-12 DEB
1 27976U 88085W   06267.19868773  .00005275  00000-0  61098-1 0  9994
2 27976 064.4705 337.3871 4228314 005.6140 358.0991 06.16795065 65989
0 SL-12 DEB
1 27976U 88085W   06268.17141482 +.00005036 +00000-0 +58499-1 0  9990
2 27976 064.4691 336.8060 4227783 005.5785 358.0103 06.16803873066040
0 SL-12 DEB
1 27976U 88085W   06269.30629932  .00005337  00000-0  60762-1 0  9997
2 27976 064.4950 336.1494 4231223 005.1940 358.1634 06.16817378 66118
0 SL-12 DEB
1 27976U 88085W   06270.27903326  .00004509  00000-0  50873-1 0  9999
2 27976 064.5022 335.5731 4233065 005.0154 358.2053 06.16823428 66173
0 SL-12 DEB
1 27976U 88085W   06271.25176967  .00004035  00000-0  45406-1 0  9991
2 27976 064.5126 334.9985 4233655 004.9340 358.2447 06.16829887 66231
0 SL-12 DEB
1 27976U 88085W   06271.57601507  .00004021  00000-0  44932-1 0  9997
2 27976 064.5135 334.8060 4234898 004.8507 358.2837 06.16832469 66253
0 SL-12 DEB
1 27976U 88085W   06272.54871105  .00005058  00000-0  55984-1 0  9998
2 27976 064.5180 334.2230 4236129 004.7505 358.3209 06.16847798 66314
0 SL-12 DEB
1 27976U 88085W   06273.19717198  .00006830  00000-0  75694-1 0  9990
2 27976 064.5166 333.8300 4235396 004.7312 358.3574 06.16862524 66355
0 SL-12 DEB
1 27976U 88085W   06273.52138201 +.00006832 +00000-0 +75698-1 0  9995
2 27976 064.5165 333.6373 4235392 004.7147 358.3344 06.16866983066374
0 SL-12 DEB
1 27976U 88085W   06274.16982122 +.00004997 +00000-0 +55483-1 0  9995
2 27976 064.5200 333.2502 4235357 004.6562 358.3075 06.16864654066414
0 SL-12 DEB
1 27976U 88085W   06275.30461426  .00001039  00000-0  11805-1 0  9995
2 27976 064.5407 332.5889 4235815 004.5594 358.3241 06.16857301 66489
0 SL-12 DEB
1 27976U 88085W   06275.46675911 +.00001032 +00000-0 +11730-1 0  9998
2 27976 064.5400 332.4920 4235835 004.5498 358.3972 06.16857610066497
0 SL-12 DEB
1 27976U 88085W   06276.27732636 +.00003698 +00000-0 +41002-1 0  9991
2 27976 064.5393 332.0055 4235745 004.5063 358.5011 06.16875935066543
0 SL-12 DEB
1 27976U 88085W   06277.24993560  .00008309  00000-0  89320-1 0  9993
2 27976 064.5736 331.4481 4240103 004.2305 358.6147 06.16908112 66602
0 SL-12 DEB
1 27976U 88085W   06278.22248437  .00009475  00000-0  10131+0 0  9995
2 27976 064.5741 330.8605 4240783 004.1587 358.5577 06.16928791 66661
0 SL-12 DEB
1 27976U 88085W   06279.19503777  .00004502  00000-0  47867-1 0  9997
2 27976 064.5739 330.2676 4242379 004.0975 358.4844 06.16922384 66728
0 SL-12 DEB
1 27976U 88085W   06280.16765294  .00001151  00000-0  12429-1 0  9993
2 27976 064.5762 329.6861 4242809 004.0302 358.5590 06.16916214 66784
0 SL-12 DEB
1 27976U 88085W   06281.14026040  .00003932  00000-0  41217-1 0  9997
2 27976 064.5754 329.1064 4245115 003.9389 358.7041 06.16935153 66844
0 SL-12 DEB
1 27976U 88085W   06282.11278292  .00006780  00000-0  69871-1 0  9993
2 27976 064.5927 328.5405 4247455 003.7273 358.7813 06.16959218 66909
0 SL-12 DEB
1 27976U 88085W   06282.43692524  .00009291  00000-0  94941-1 0  9992
2 27976 064.5962 328.3496 4248613 003.6138 358.7754 06.16973140 66928
0 SL-12 DEB
1 27976U 88085W   06283.24732138  .00011374  00000-0  11559+0 0  9995
2 27976 064.6248 327.8872 4249329 003.5661 358.7989 06.16998264 66972
0 SL-12 DEB
1 27976U 88085W   06284.21974959 +.00011383 +00000-0 +11480-0 0  9996
2 27976 064.6364 327.3070 4250545 003.5038 358.7973 06.17021573067038
0 SL-12 DEB
1 27976U 88085W   06285.19215104  .00013087  00000-0  13034+0 0  9993
2 27976 064.6426 326.7163 4252443 003.4464 358.8324 06.17052245 67091
0 SL-12 DEB
1 27976U 88085W   06285.35420250 +.00013064 +00000-0 +13003-0 0  9993
2 27976 064.6442 326.6215 4252521 003.4248 358.8168 06.17056411067100
0 SL-12 DEB
1 27976U 88085W   06286.16449501  .00015369  00000-0  15157+0 0  9994
2 27976 064.6493 326.1330 4253802 003.3684 358.8749 06.17089401 67150
0 SL-12 DEB
1 27976U 88085W   06286.65063000 +.00015388 +00000-0 +15162-0 0  9992
2 27976 064.6491 325.8436 4253842 003.3398 358.8468 06.17104476067188
0 SL-12 DEB
1 27976U 88085W   06287.13677047  .00016894  00000-0  16260+0 0  9990
2 27976 064.6428 325.5418 4257673 003.2041 358.9114 06.17126200 67217
0 SL-12 DEB
1 27976U 88085W   06287.46084768  .00016877  00000-0  16124+0 0  9998
2 27976 064.6514 325.3580 4258855 003.1291 358.9215 06.17137132 67230
0 SL-12 DEB
1 27976U 88085W   06288.59509966  .00016947  00000-0  16088+0 0  9992
2 27976 064.6549 324.6823 4259629 003.0546 358.9548 06.17175355 67308
0 SL-12 DEB
1 27976U 88085W   06289.08118410  .00016124  00000-0  15122+0 0  9992
2 27976 064.6585 324.3974 4261607 002.9726 358.9558 06.17186733 67335
0 SL-12 DEB
1 27976U 88085W   06290.53938839  .00013686  00000-0  12635+0 0  9995
2 27976 064.6877 323.5401 4264038 002.8589 358.9521 06.17219517 67429
0 SL-12 DEB
1 27976U 88085W   06291.51154515  .00011842  00000-0  10811+0 0  9991
2 27976 064.7112 322.9719 4265821 002.7269 359.0809 06.17234612 67482
0 SL-12 DEB
1 27976U 88085W   06292.15959694  .00008194  00000-0  73073-1 0  9990
2 27976 064.7241 322.5783 4269885 002.6515 359.0360 06.17231571 67527
0 SL-12 DEB
1 27976U 88085W   06292.64567465 +.00008171 +00000-0 +72755-1 0  9996
2 27976 064.7271 322.2916 4270086 002.6089 359.1266 06.17239437067554
0 SL-12 DEB
1 27976U 88085W   06292.64569297  .00007310  00000-0  64663-1 0  9994
2 27976 064.7260 322.2996 4270778 002.5998 359.1522 06.17234405 67562
0 SL-12 DEB
1 27976U 88085W   06293.13171241  .00007202  00000-0  63776-1 0  9991
2 27976 064.7351 321.9984 4271019 002.5759 359.1274 06.17243480 67589
0 SL-12 DEB
1 27976U 88085W   06293.61775245 +.00007203 +00000-0 +63781-1 0  9995
2 27976 064.7370 321.7110 4270956 002.5486 359.1495 06.17250501067616
0 SL-12 DEB
1 27976U 88085W   06294.10378117  .00013582  00000-0  11777+0 0  9990
2 27976 064.7330 321.4174 4274057 002.4776 359.2661 06.17287018 67648
0 SL-12 DEB
1 27976U 88085W   06295.07572458  .00022320  00000-0  19019+0 0  9998
2 27976 064.7326 320.8340 4276417 002.3802 359.3585 06.17355860 67706
0 SL-12 DEB
1 27976U 88085W   06295.56159699  .00022771  00000-0  19506+0 0  9991
2 27976 064.7382 320.5510 4275379 002.3685 359.2182 06.17379385 67732
0 SL-12 DEB
1 27976U 88085W   06296.53340553  .00026265  00000-0  22236+0 0  9996
2 27976 064.7498 319.9814 4276910 002.2822 359.2718 06.17441268 67794
0 SL-12 DEB
1 27976U 88085W   06297.18121412  .00023740  00000-0  19759+0 0  9990
2 27976 064.7651 319.5985 4279602 002.2352 359.1639 06.17459599 67831
0 SL-12 DEB
1 27976U 88085W   06297.50516167  .00023725  00000-0  19701+0 0  9991
2 27976 064.7735 319.4132 4279873 002.1866 359.2693 06.17475015 67850
0 SL-12 DEB
1 27976U 88085W   06298.15295172  .00018938  00000-0  15395+0 0  9998
2 27976 064.7950 319.0220 4283348 002.1560 359.1875 06.17482618 67898
0 SL-12 DEB
1 27976U 88085W   06298.47688881  .00018908  00000-0  15319+0 0  9999
2 27976 064.8023 318.8356 4283805 002.1045 359.2949 06.17494801 67916
0 SL-12 DEB
1 27976U 88085W   06299.12466193  .00017171  00000-0  13486+0 0  9996
2 27976 064.8158 318.4314 4288770 002.0333 359.2658 06.17509886 67951
0 SL-12 DEB
1 27976U 88085W   06299.44856858 +.00017157 +00000-0 +13458-0 0  9996
2 27976 064.8178 318.2402 4288886 002.0031 359.3299 06.17520950067971
0 SL-12 DEB
1 27976U 88085W   06299.77246875  .00013799  00000-0  10647+0 0  9998
2 27976 064.8163 318.0621 4291339 001.9426 359.3729 06.17521351 67995
0 SL-12 DEB
1 27976U 88085W   06300.09631527  .00015759  00000-0  12256+0 0  9994
2 27976 064.8194 317.8489 4290180 001.9547 359.3165 06.17536235 68010
0 SL-12 DEB
1 27976U 88085W   06301.06791800  .00015402  00000-0  11761+0 0  9998
2 27976 064.8226 317.2739 4292899 001.8526 359.3776 06.17566532 68070
0 SL-12 DEB
1 27976U 88085W   06302.03946263  .00016050  00000-0  12066+0 0  9990
2 27976 064.8267 316.7016 4295139 001.7489 359.4277 06.17600265 68130
0 SL-12 DEB
1 27976U 88085W   06302.52520934 +.00016701 +00000-0 +12484-0 0  9995
2 27976 064.8374 316.4158 4295918 001.7073 359.4368 06.17618711068166
0 SL-12 DEB
1 27976U 88085W   06303.17285335  .00015537  00000-0  11288+0 0  9996
2 27976 064.8433 316.0301 4300341 001.6291 359.4235 06.17634152 68201
0 SL-12 DEB
1 27976U 88085W   06303.49668888 +.00015540 +00000-0 +11288-0 0  9994
2 27976 064.8432 315.8367 4300298 001.6074 359.4717 06.17644221068224
0 SL-12 DEB
1 27976U 88085W   06304.14430812  .00013001  00000-0  92418-1 0  9996
2 27976 064.8749 315.4494 4303647 001.5779 359.4168 06.17651130 68265
0 SL-12 DEB
1 27976U 88085W   06304.30624303 +.00013002 +00000-0 +92418-1 0  9995
2 27976 064.8749 315.3528 4303631 001.5668 359.4872 06.17655342068274
0 SL-12 DEB
1 27976U 88085W   06305.11575197  .00008940  00000-0  61602-1 0  9997
2 27976 064.9001 314.8670 4308509 001.5190 359.4144 06.17656661 68320
0 SL-12 DEB
1 27976U 88085W   06305.43959962 +.00008934 +00000-0 +61502-1 0  9990
2 27976 064.9007 314.6742 4308615 001.4905 359.5148 06.17662431068344
0 SL-12 DEB
1 27976U 88085W   06306.08720419  .00005206  00000-0  35510-1 0  9994
2 27976 064.8992 314.2721 4310183 001.4861 359.4417 06.17655068 68383
0 SL-12 DEB
1 27976U 88085W   06307.05865633 +.00004696 +00000-0 +31160-1 0  9999
2 27976 064.8998 313.6800 4314519 001.3297 359.5585 06.17663637068444
0 SL-12 DEB
1 27976U 88085W   06308.03006671  .00005566  00000-0  35661-1 0  9994
2 27976 064.8860 313.0915 4319927 001.1641 359.6258 06.17677023 68501
0 SL-12 DEB
1 27976U 88085W   06310.45848989  .00006990  00000-0  43685-1 0  9996
2 27976 064.9357 311.6761 4323639 001.0801 359.6783 06.17714513 68653
0 SL-12 DEB
1 27976U 88085W   06311.10602306  .00008379  00000-0  50971-1 0  9999
2 27976 064.9401 311.2770 4327529 001.0007 359.6934 06.17731642 68693
0 SL-12 DEB
1 27976U 88085W   06311.42977777  .00008417  00000-0  51533-1 0  9999
2 27976 064.9545 311.0959 4326542 001.0215 359.6568 06.17737323 68712
0 SL-12 DEB
1 27976U 88085W   06312.40108829  .00007189  00000-0  42412-1 0  9993
2 27976 064.9818 310.5117 4332114 000.9496 359.6792 06.17745804 68774
0 SL-12 DEB
1 27976U 88085W   06313.37238807 +.00005599 +00000-0 +31927-1 0  9992
2 27976 064.9919 309.9150 4337209 000.8705 359.7058 06.17750377068831
0 SL-12 DEB
1 27976U 88085W   06314.01990298  .00006076  00000-0  33870-1 0  9993
2 27976 064.9935 309.5285 4340393 000.7759 359.7455 06.17761056 68871
0 SL-12 DEB
1 27976U 88085W   06314.34365284 +.00006108 +00000-0 +34142-1 0  9999
2 27976 064.9974 309.3380 4339917 000.7655 359.7432 06.17765164068894
0 SL-12 DEB
1 27976U 88085W   06315.47677129  .00011038  00000-0  60207-1 0  9997
2 27976 065.0060 308.6703 4342978 000.7053 359.8762 06.17807184 68960
0 SL-12 DEB
1 27976U 88085W   06315.96231172 +.00011043 +00000-0 +60207-1 0  9991
2 27976 065.0058 308.3794 4342948 000.6686 359.7783 06.17817922068998
0 SL-12 DEB
1 27976U 88085W   06317.41903285  .00011002  00000-0  58591-1 0  9992
2 27976 065.0249 307.5227 4346128 000.5808 359.7833 06.17849334 69080
0 SL-12 DEB
1 27976U 88085W   06318.06645309  .00008945  00000-0  45971-1 0  9994
2 27976 065.0403 307.1284 4351269 000.5297 359.7556 06.17851913 69128
0 SL-12 DEB
1 27976U 88085W   06318.39019085 +.00008946 +00000-0 +45971-1 0  9997
2 27976 065.0402 306.9342 4351258 000.5047 359.8377 06.17857714069149
0 SL-12 DEB
1 27976U 88085W   06319.36128686  .00010230  00000-0  51372-1 0  9994
2 27976 065.0542 306.3419 4354385 000.4207 359.8795 06.17881975 69201
0 SL-12 DEB
1 27976U 88085W   06320.00865485  .00002363  00000-0  11460-1 0  9994
2 27976 065.0704 305.9286 4360190 000.3549 359.6399 06.17847447 69245
0 SL-12 DEB
1 27976U 88085W   06320.33247467 +.00002403 +00000-0 +11665-1 0  9996
2 27976 065.0756 305.7385 4360110 000.3349 359.8945 06.17849213069264
0 SL-12 DEB
1 27976U 88085W   06321.30359351  .00003213  00000-0  14403-1 0  9993
2 27976 065.0733 305.1588 4371005 000.1776 359.9377 06.17859863 69324
0 SL-12 DEB
1 27976U 88085W   06321.95099915 +.00003213 +00000-0 +14403-1 0  9991
2 27976 065.0730 304.7694 4371035 000.1263 359.9632 06.17864048069367
0 SL-12 DEB
1 27976U 88085W   06323.24578828  .00011094  00000-0  48845-1 0  9993
2 27976 065.0899 304.0059 4372643 000.1496 000.1458 06.17916545 69445
0 SL-12 DEB
1 27976U 88085W   06323.40753528  .00011249  00000-0  49880-1 0  9995
2 27976 065.0999 303.9176 4371646 000.1801 359.9392 06.17920756 69458
0 SL-12 DEB
1 27976U 88085W   06323.89303496  .00010406  00000-0  45895-1 0  9999
2 27976 065.1016 303.6264 4372359 000.1252 359.9318 06.17927142 69483
0 SL-12 DEB
1 27976U 88085W   06324.37854106  .00010452  00000-0  46214-1 0  9999
2 27976 065.0997 303.3334 4371953 000.1077 359.9599 06.17937471 69510
0 SL-12 DEB
1 27976U 88085W   06325.02585578  .00008919  00000-0  38292-1 0  9998
2 27976 065.1151 302.9387 4375977 000.0614 359.9143 06.17942080 69553
0 SL-12 DEB
1 27976U 88085W   06325.67319370  .00008265  00000-0  35187-1 0  9998
2 27976 065.1172 302.5491 4377089 000.0101 359.9662 06.17949648 69592
0 SL-12 DEB
1 27976U 88085W   06325.99685732  .00006337  00000-0  25965-1 0  9992
2 27976 065.1239 302.3357 4382370 359.9554 359.9678 06.17945890 69617
0 SL-12 DEB
1 27976U 88085W   06326.48235806  .00006498  00000-0  26850-1 0  9992
2 27976 065.1301 302.0505 4381160 359.9701 000.0038 06.17952932 69641
0 SL-12 DEB
1 27976U 88085W   06326.96783445  .00006572  00000-0  26616-1 0  9995
2 27976 065.1324 301.7559 4383781 359.9084 000.0190 06.17960423 69672
0 SL-12 DEB
1 27976U 88085W   06327.45330770 +.00006747 +00000-0 +27464-1 0  9995
2 27976 065.1380 301.4702 4383022 359.9069 000.0246 06.17967686069706
0 SL-12 DEB
1 27976U 88085W   06328.26241445  .00006450  00000-0  25752-1 0  9994
2 27976 065.1320 300.9873 4385527 359.8471 000.0162 06.17975885 69753
0 SL-12 DEB
1 27976U 88085W   06328.90970591 +.00005294 +00000-0 +20842-1 0  9996
2 27976 065.1325 300.6067 4387400 359.7797 000.0447 06.17979216069794
0 SL-12 DEB
1 27976U 88085W   06329.39516127  .00006626  00000-0  26996-1 0  9997
2 27976 065.1357 300.3168 4382673 359.7858 000.0740 06.17991158 69822
0 SL-12 DEB
1 27976U 88085W   06329.88060627  .00004413  00000-0  17280-1 0  9998
2 27976 065.1352 300.0259 4388095 359.7283 000.0061 06.17983964 69856
0 SL-12 DEB
1 27976U 88085W   06331.01336547  .00002092  00000-0  77972-2 0  9999
2 27976 065.1492 299.3264 4394961 359.6303 000.0394 06.17980787 69925
0 SL-12 DEB
1 27976U 88085W   06332.95522498  .00011631  00000-0  39867-1 0  9994
2 27976 065.1836 298.1297 4404929 359.5427 000.4009 06.18047468 70045
0 SL-12 DEB
1 27976U 88085W   06334.89666532  .00017890  00000-0  56804-1 0  9990
2 27976 065.1643 296.9714 4414119 359.3729 000.3282 06.18128473 70167
0 SL-12 DEB
1 27976U 88085W   06336.99962975  .00023557  00000-0  71234-1 0  9994
2 27976 065.1618 295.6925 4419484 359.2002 000.4302 06.18239650 70290
0 SL-12 DEB
1 27976U 88085W   06337.32305077  .00023628  00000-0  75423-1 0  9999
2 27976 065.1731 295.5097 4412653 359.4815 000.1705 06.18255406 70314
0 SL-12 DEB
1 27976U 88085W   06338.29349445  .00023948  00000-0  71230-1 0  9990
2 27976 065.1870 294.9250 4421116 359.4177 000.1528 06.18303232 70377
0 SL-12 DEB
1 27976U 88085W   06338.94043009  .00023083  00000-0  65763-1 0  9993
2 27976 065.1923 294.5172 4426204 359.3357 000.1804 06.18330789 70416
0 SL-12 DEB
1 27976U 88085W   06339.42561659 +.00023095 +00000-0 +65859-1 0  9992
2 27976 065.1920 294.2227 4425944 359.2993 000.2188 06.18353303070442
0 SL-12 DEB
1 27976U 88085W   06339.91077433  .00025901  00000-0  72525-1 0  9994
2 27976 065.1904 293.9231 4427894 359.2459 000.2864 06.18390070 70474
0 SL-12 DEB
1 27976U 88085W   06340.39588050 +.00025911 +00000-0 +72543-1 0  9991
2 27976 065.1937 293.6319 4427740 359.2041 000.2530 06.18415306070505
0 SL-12 DEB
1 27976U 88085W   06341.85099233  .00046706  00000-0  12409+0 0  9991
2 27976 065.1848 292.7765 4432701 359.1539 000.2958 06.18588818 70597
0 SL-12 DEB
1 27976U 88085W   06344.92279096  .00028116  00000-0  66791-1 0  9999
2 27976 065.1966 290.8906 4444043 358.9449 002.9411 06.18899418 70788
0 SL-12 DEB
1 27976U 88085W   06344.92279096  .00054191  00000-0  13521+0 0  9992
2 27976 065.1964 290.8705 4437963 358.9805 003.0567 06.18949790 70785
0 SL-12 DEB
1 27976U 88085W   06346.21395805  .00046728  00000-0  11272+0 0  9991
2 27976 065.1958 290.0852 4441353 358.8346 000.0781 06.19038264 70860
0 SL-12 DEB
1 27976U 88085W   06346.86024167  .00045625  00000-0  10649+0 0  9994
2 27976 065.1900 289.7034 4444808 358.7523 000.4011 06.19094804 70905
0 SL-12 DEB
1 27976U 88085W   06347.34481962  .00045637  00000-0  10707+0 0  9996
2 27976 065.1902 289.4078 4443941 358.7366 000.4304 06.19139140 70935
0 SL-12 DEB
1 27976U 88085W   06347.82935206  .00047371  00000-0  10810+0 0  9996
2 27976 065.1904 289.1185 4446777 358.6461 000.4943 06.19193859 70967
0 SL-12 DEB
1 27976U 88085W   06348.79827941  .00048824  00000-0  11741+0 0  9997
2 27976 065.1966 288.5164 4440105 358.6422 000.5359 06.19296813 71025
0 SL-12 DEB
1 27976U 88085W   06350.89708142  .00073306  00000-0  14596+0 0  9996
2 27976 065.2428 287.2696 4459065 358.0473 001.5174 06.19664817 71153
0 SL-12 DEB
1 27976U 88085W   06354.76804294  .00070266  00000-0  15244+0 0  9994
2 27976 065.1974 284.8701 4446702 358.5209 358.9618 06.20109290 71393
0 SL-12 DEB
1 27976U 88085W   06355.89744360  .00014547  00000-0  28671-1 0  9996
2 27976 065.1923 284.1613 4457456 358.5249 000.1161 06.20115099 71465
0 SL-12 DEB
1 27976U 88085W   06355.89744360 +.00014547 +00000-0 +28671-1 0  9996
2 27976 065.1923 284.1613 4457456 358.5249 000.1161 06.20115099071465
0 SL-12 DEB
1 27976U 88085W   06356.22014528  .00023088  00000-0  45293-1 0  9999
2 27976 065.1941 283.9519 4457744 358.3905 000.5830 06.20139885 71482
0 SL-12 DEB
1 27976U 88085W   06357.18763971  .00046843  00000-0  87283-1 0  9997
2 27976 065.1821 283.3628 4462495 358.2248 000.8391 06.20265842 71547
0 SL-12 DEB
1 27976U 88085W   06357.83240603  .00043830  00000-0  81931-1 0  9998
2 27976 065.1819 282.9546 4461836 358.1432 000.6351 06.20316775 71580
0 SL-12 DEB
1 27976U 88085W   06357.83241437  .00044664  00000-0  81980-1 0  9994
2 27976 065.1813 282.9528 4463783 358.1202 000.6627 06.20319748 71581
0 SL-12 DEB
1 27976U 88085W   06358.31602559  .00044835  00000-0  83283-1 0  9992
2 27976 065.1821 282.6553 4462226 358.1359 000.6609 06.20363597 71614
0 SL-12 DEB
1 27976U 88085W   06358.79960167  .00045372  00000-0  82049-1 0  9992
2 27976 065.1871 282.3721 4464825 358.0540 000.6839 06.20409538 71645
0 SL-12 DEB
1 27976U 88085W   06359.76665104  .00045350  00000-0  81227-1 0  9996
2 27976 065.1935 281.7898 4465319 357.9970 000.6997 06.20497316 71701
0 SL-12 DEB
1 27976U 88085W   06360.73356516  .00047541  00000-0  77459-1 0  9995
2 27976 065.2102 281.2151 4474685 357.4048 000.9362 06.20596837 71765
0 SL-12 DEB
1 27976U 88085W   06360.89468748  .00042418  00000-0  72398-1 0  9998
2 27976 065.1905 281.0786 4469913 357.9534 000.6083 06.20585034 71775
0 SL-12 DEB
1 27976U 88085W   06362.82828084  .00026567  00000-0  41564-1 0  9994
2 27976 065.1728 279.8875 4478145 357.8935 000.7567 06.20693192 71901
0 SL-12 DEB
1 27976U 88085W   07003.14246696 -.00520449  00000-0 -70169+0 0  9996
2 27976 065.1713 276.5614 4490505 357.7861 359.8392 06.21122022 72221
0 SL-12 DEB
1 27976U 88085W   07003.78724450  .00106351  00000-0  14030+0 0  9990
2 27976 065.1679 276.1570 4490553 357.7023 002.2270 06.21465809 72263
0 SL-12 DEB
1 27976U 88085W   07004.75184646  .00117547  00000-0  16088+0 0  9999
2 27976 065.1634 275.5726 4485281 357.6343 000.8687 06.21719361 72324
0 SL-12 DEB
1 27976U 88085W   07009.25251550  .00065422  00000-0  72463-1 0  9993
2 27976 065.1596 272.7435 4501719 357.4873 359.2207 06.22375083 72608
0 SL-12 DEB
1 27976U 88085W   07016.79909543  .00064946  00000-0  63615-1 0  9991
2 27976 065.1480 267.9896 4506604 357.0118 001.7922 06.23409338 73070
0 SL-12 DEB
1 27976U 88085W   07018.72314425  .00074434  00000-0  70635-1 0  9998
2 27976 065.1342 266.7896 4507396 356.9394 001.1299 06.23738051 73198
0 SL-12 DEB
1 27976U 88085W   07018.72331889  .00075393  00000-0  75037-1 0  9997
2 27976 065.1443 266.7725 4503157 356.9184 001.5447 06.23731978 73199
0 SL-12 DEB
1 27976U 88085W   07019.20408346  .00079661  00000-0  77933-1 0  9993
2 27976 065.1491 266.4697 4504144 356.8850 001.1640 06.23825030 73221
0 SL-12 DEB
1 27976U 88085W   07019.68494956  .00076682  00000-0  74616-1 0  9992
2 27976 065.1478 266.1655 4504276 356.8432 001.0684 06.23882680 73253
0 SL-12 DEB
1 27976U 88085W   07020.16582133  .00073530  00000-0  69295-1 0  9998
2 27976 065.1453 265.8612 4506775 356.8103 001.1175 06.23944678 73281
0 SL-12 DEB
1 27976U 88085W   07020.96712621  .00068922  00000-0  64459-1 0  9999
2 27976 065.1409 265.3542 4506893 356.7497 001.0698 06.24038087 73339
0 SL-12 DEB
1 27976U 88085W   07023.21009772  .00048973  00000-0  46881-1 0  9999
2 27976 065.1440 263.9327 4503874 356.6112 000.2686 06.24199357 73479
0 SL-12 DEB
1 27976U 88085W   07024.17168992  .00039973  00000-0  37090-1 0  9997
2 27976 065.1431 263.3250 4506452 356.5161 000.9952 06.24239741 73538
0 SL-12 DEB
1 27976U 88085W   07024.65237655  .00037188  00000-0  34359-1 0  9994
2 27976 065.1411 263.0191 4506718 356.4730 001.1798 06.24260517 73562
0 SL-12 DEB
1 27976U 88085W   07025.13297204  .00032985  00000-0  31060-1 0  9990
2 27976 065.1422 262.7176 4504910 356.4596 001.2325 06.24281067 73598
0 SL-12 DEB
1 27976U 88085W   07025.77375618  .00025982  00000-0  24344-1 0  9992
2 27976 065.1319 262.3201 4505126 356.4045 001.3002 06.24296320 73644
0 SL-12 DEB
1 27976U 88085W   07025.93388285  .00029512  00000-0  27410-1 0  9994
2 27976 065.1399 262.2065 4505933 356.3881 001.2046 06.24315645 73641
0 SL-12 DEB
1 27976U 88085W   07026.09409479 +.00029493 +00000-0 +27348-1 0  9999
2 27976 065.1394 262.1046 4506018 356.3691 001.2904 06.24325002073650
0 SL-12 DEB
1 27976U 88085W   07027.05510260  .00025930  00000-0  24030-1 0  9994
2 27976 065.1381 261.4947 4505835 356.2924 001.2098 06.24360307 73710
0 SL-12 DEB
1 27976U 88085W   07027.69579854  .00024985  00000-0  23261-1 0  9992
2 27976 065.1364 261.0899 4505231 356.2388 001.3054 06.24387280 73753
0 SL-12 DEB
1 27976U 88085W   07028.65674134  .00023113  00000-0  21598-1 0  9999
2 27976 065.1335 260.4837 4504621 356.1585 001.3448 06.24424090 73811
0 SL-12 DEB
1 27976U 88085W   07029.13719273  .00022396  00000-0  20899-1 0  9992
2 27976 065.1288 260.1775 4504594 356.1197 001.3756 06.24443141 73847
0 SL-12 DEB
1 27976U 88085W   07029.61762246 +.00022415 +00000-0 +20899-1 0  9995
2 27976 065.1286 259.8732 4504513 356.0782 001.3976 06.24464657073875
0 SL-12 DEB
1 27976U 88085W   07030.09803269  .00021427  00000-0  20006-1 0  9992
2 27976 065.1244 259.5666 4504260 356.0457 001.3911 06.24481204 73900
0 SL-12 DEB
1 27976U 88085W   07030.73856783  .00023338  00000-0  21854-1 0  9997
2 27976 065.1239 259.1618 4503743 355.9865 001.4924 06.24520456 73945
0 SL-12 DEB
1 27976U 88085W   07031.69925357  .00024761  00000-0  23219-1 0  9995
2 27976 065.1155 258.5563 4503278 355.9074 001.5086 06.24574953 74008
0 SL-12 DEB
1 27976U 88085W   07032.01944951  .00025906  00000-0  24341-1 0  9992
2 27976 065.1091 258.3514 4502982 355.8842 001.4763 06.24595500 74028
0 SL-12 DEB
1 27976U 88085W   07032.65985110 +.00025496 +00000-0 +24067-1 0  9993
2 27976 065.1073 257.9483 4502390 355.8403 001.4683 06.24625923074062
0 SL-12 DEB
1 27976U 88085W   07032.65986640  .00021082  00000-0  20187-1 0  9998
2 27976 065.0848 257.9595 4501206 355.8528 001.4982 06.24618332 74066
0 SL-12 DEB
1 27976U 88085W   07033.14014101  .00025852  00000-0  24469-1 0  9993
2 27976 065.0984 257.6398 4502002 355.8009 001.4994 06.24652088 74096
0 SL-12 DEB
1 27976U 88085W   07033.62040226  .00022833  00000-0  21412-1 0  9994
2 27976 065.0975 257.3411 4502807 355.7543 001.4223 06.24657461 74123
0 SL-12 DEB
1 27976U 88085W   07034.10070098  .00020048  00000-0  18973-1 0  9992
2 27976 065.0809 257.0348 4501933 355.7262 001.4999 06.24669507 74159
0 SL-12 DEB
1 27976U 88085W   07034.74104128  .00015251  00000-0  14611-1 0  9999
2 27976 065.0802 256.6305 4500844 355.6885 001.4549 06.24673166 74191
0 SL-12 DEB
1 27976U 88085W   07035.70156443  .00012833  00000-0  12428-1 0  9990
2 27976 065.0735 256.0173 4499877 355.6088 001.4710 06.24686676 74258
0 SL-12 DEB
1 27976U 88085W   07036.66207357  .00010281  00000-0  98940-2 0  9996
2 27976 065.0615 255.4033 4500500 355.5203 001.5020 06.24695977 74313
0 SL-12 DEB
1 27976U 88085W   07036.98226448  .00008991  00000-0  86557-2 0  9999
2 27976 065.0590 255.1962 4500507 355.4964 001.5720 06.24697027 74330
0 SL-12 DEB
1 27976U 88085W   07037.62258155  .00008279  00000-0  80456-2 0  9992
2 27976 065.0554 254.7967 4499684 355.4442 001.5756 06.24703764 74373
0 SL-12 DEB
1 27976U 88085W   07038.10282239  .00007222  00000-0  71015-2 0  9994
2 27976 065.0344 254.4846 4498644 355.4133 001.6019 06.24706563 74402
0 SL-12 DEB
1 27976U 88085W   07038.58305404 +.00007571 +00000-0 +73744-2 0  9994
2 27976 065.0313 254.1816 4499424 355.3693 001.6300 06.24715821074432
0 SL-12 DEB
1 27976U 88085W   07039.06327201  .00009954  00000-0  98136-2 0  9996
2 27976 065.0575 253.8851 4498091 355.3561 001.6815 06.24738672 74463
0 SL-12 DEB
1 27976U 88085W   07039.70355718  .00008596  00000-0  84299-2 0  9997
2 27976 064.9982 253.4863 4498322 355.2902 001.6683 06.24738097 74506
0 SL-12 DEB
1 27976U 88085W   07045.62539177  .00026824  00000-0  26259-1 0  9993
2 27976 064.7723 249.7006 4497384 354.8779 001.6861 06.24891230 74875
0 SL-12 DEB
1 27976U 88085W   07046.58557549  .00013001  00000-0  12904-1 0  9997
2 27976 064.8209 249.1131 4495878 354.7987 001.7403 06.24904293 74938
0 SL-12 DEB
1 27976U 88085W   07046.58563128  .00012160  00000-0  11745-1 0  9994
2 27976 064.8038 249.0854 4498708 354.7831 001.8398 06.24898941 74938
0 SL-12 DEB
1 27976U 88085W   07047.06568246  .00013888  00000-0  13955-1 0  9997
2 27976 064.7898 248.7905 4494725 354.7872 001.8311 06.24920321 74960
0 SL-12 DEB
1 27976U 88085W   07047.54573700 +.00013889 +00000-0 +13955-1 0  9992
2 27976 064.7897 248.4826 4494692 354.7539 001.8270 06.24933613074996
0 SL-12 DEB
1 27976U 88085W   07048.66583057  .00014703  00000-0  14237-1 0  9992
2 27976 064.7478 247.7612 4497951 354.6739 001.8461 06.24969673 75064
0 SL-12 DEB
1 27976U 88085W   07048.98584594  .00013636  00000-0  13197-1 0  9992
2 27976 064.7322 247.5529 4498000 354.6682 001.8109 06.24972382 75082
0 SL-12 DEB
1 27976U 88085W   07049.62588819  .00012782  00000-0  12443-1 0  9992
2 27976 064.7146 247.1383 4497472 354.6493 001.8207 06.24983788 75128
0 SL-12 DEB
1 27976U 88085W   07049.94590869  .00011688  00000-0  11336-1 0  9999
2 27976 064.6890 246.9261 4497810 354.6370 001.8389 06.24987424 75149
0 SL-12 DEB
1 27976U 88085W   07050.58592340  .00010521  00000-0  10238-1 0  9992
2 27976 064.6678 246.5110 4497522 354.6166 001.8114 06.24994566 75180
0 SL-12 DEB
1 27976U 88085W   07051.54594207  .00008630  00000-0  82274-2 0  9991
2 27976 064.6554 245.9070 4499374 354.5422 001.8148 06.25003156 75243
0 SL-12 DEB
1 27976U 88085W   07052.50595803  .00006994  00000-0  66789-2 0  9995
2 27976 064.6029 245.3003 4499152 354.4939 001.8441 06.25009915 75308
0 SL-12 DEB
1 27976U 88085W   07053.78596363  .00006474  00000-0  62463-2 0  9996
2 27976 064.5891 244.4899 4498045 354.4196 001.9286 06.25024733 75394
0 SL-12 DEB
1 27976U 88085W   07057.62565136  .00007685  00000-0  81271-2 0  9990
2 27976 064.4318 242.0261 4488956 354.4515 001.5656 06.25059105 75623
0 SL-12 DEB
1 27976U 88085W   07058.26574057  .00007710  00000-0  80680-2 0  9995
2 27976 064.3498 241.5393 4489909 354.4376 001.9245 06.25069969 75666
0 SL-12 DEB
1 27976U 88085W   07058.58569705  .00007839  00000-0  83680-2 0  9999
2 27976 064.3739 241.3748 4488071 354.4068 001.9220 06.25075889 75686
0 SL-12 DEB
1 27976U 88085W   07059.22561568  .00008908  00000-0  96844-2 0  9994
2 27976 064.3269 240.9269 4486416 354.3736 001.9567 06.25091128 75722
0 SL-12 DEB
1 27976U 88085W   07059.54555558  .00009243  00000-0  10367-1 0  9999
2 27976 064.3494 240.7623 4483497 354.3472 001.9506 06.25099058 75742
0 SL-12 DEB
1 27976U 88085W   07059.86549826  .00010154  00000-0  11674-1 0  9990
2 27976 064.2994 240.5309 4481183 354.3520 001.9521 06.25108339 75761
0 SL-12 DEB
1 27976U 88085W   07060.50537561  .00012089  00000-0  14399-1 0  9992
2 27976 064.3254 240.1693 4477767 354.3041 002.0116 06.25133704 75805
0 SL-12 DEB
1 27976U 88085W   07061.46512948  .00014066  00000-0  17074-1 0  9990
2 27976 064.2404 239.4822 4475858 354.2840 002.0088 06.25167624 75863
0 SL-12 DEB
1 27976U 88085W   07062.58478048  .00016504  00000-0  21409-1 0  9992
2 27976 064.2429 238.7773 4469201 354.3850 001.9776 06.25211939 75933
0 SL-12 DEB
1 27976U 88085W   07066.42308403  .00005696  00000-0  10134-1 0  9999
2 27976 064.1251 236.2805 4436473 354.5750 001.4086 06.25259554 76171
0 SL-12 DEB
1 27976U 88085W   07066.58321807  .00005760  00000-0  10713-1 0  9994
2 27976 064.1943 236.2555 4431591 354.6675 001.8303 06.25262059 76185
0 SL-12 DEB
1 27976U 88085W   07067.54281349  .00001898  00000-0  37818-2 0  9991
2 27976 064.2296 235.6789 4423754 354.8271 001.6818 06.25250701 76242
0 SL-12 DEB
1 27976U 88085W   07067.54287779  .00003101  00000-0  72138-2 0  9997
2 27976 064.5884 236.0149 4406312 355.4263 001.6004 06.25255553 76250
0 SL-12 DEB
1 27976U 88085W   07073.46041876 -.00016620  00000-0 -27082-1 0  9990
2 27976 064.6099 232.3862 4446896 351.7244 000.5218 06.25062604 76617
0 SL-12 DEB
1 27976U 88085W   07073.46144907 -.00012331  00000-0 -19086-1 0  9999
2 27976 064.0506 231.8056 4452148 352.4033 002.6642 06.25079405 76615
0 SL-12 DEB
1 27976U 88085W   07090.42502980 -.00000017  00000-0  10000-3 0  9999
2 27976 063.4889 220.6329 4370222 352.1834 000.2479 06.24765820 77670
0 SL-12 DEB
1 27976U 88085W   07093.46727891 -.00009969  00000-0 -41252-1 0  9993
2 27976 063.6043 218.7974 4335730 353.4971 003.2218 06.24876501 77863
0 SL-12 DEB
1 27976U 88085W   07094.42707718  .00019288  00000-0  74254-1 0  9997
2 27976 063.6161 218.1910 4345685 352.9866 002.6548 06.24942044 77927
0 SL-12 DEB
1 27976U 88085W   07096.34723679  .00002454  00000-0  75410-2 0  9997
2 27976 063.4090 216.7792 4374736 351.7750 002.9178 06.24932916 78049
0 SL-12 DEB
1 27976U 88085W   07103.38537097 -.00003543  00000-0 -95850-2 0  9999
2 27976 063.2855 212.0717 4389324 350.5181 357.1656 06.24905491 78488
0 SL-12 DEB
1 27976U 88085W   07106.26859569  .00000846  00000-0  29786-2 0  9996
2 27976 063.3963 210.2859 4362145 351.3147 003.2741 06.24915636 78665
0 SL-12 DEB
1 27976U 88085W   07107.38866478  .00005516  00000-0  17905-1 0  9995
2 27976 063.3525 209.4997 4368395 351.1455 003.2453 06.24943198 78737
0 SL-12 DEB
1 27976U 88085W   07108.34870299 +.00008484 +00000-0 +26985-1 0  9993
2 27976 063.3546 208.8754 4370556 350.9765 003.2891 06.24970684078799
0 SL-12 DEB
1 27976U 88085W   07109.62870260  .00009338  00000-0  28866-1 0  9992
2 27976 063.3320 208.0156 4373965 350.8135 003.2740 06.24996594 78874
0 SL-12 DEB
1 27976U 88085W   07109.62870260 +.00009338 +00000-0 +28866-1 0  9992
2 27976 063.3320 208.0156 4373965 350.8135 003.2740 06.24996594078874
0 SL-12 DEB
1 27976U 88085W   07110.26870052  .00005264  00000-0  15961-1 0  9999
2 27976 063.3401 207.5963 4376773 350.6893 003.1475 06.24979906 78910
0 SL-12 DEB
1 27976U 88085W   07112.34880594  .00003208  00000-0  91479-2 0  9997
2 27976 063.3197 206.2043 4385276 350.3307 003.2638 06.24981014 79042
0 SL-12 DEB
1 27976U 88085W   07118.26887855  .00000527  00000-0  19284-2 0  9996
2 27976 063.4115 202.3938 4361865 350.4466 002.2303 06.24939944 79412
0 SL-12 DEB
1 27976U 88085W   07119.22950368 -.00000515  00000-0 -15860-2 0  9998
2 27976 063.4112 201.7699 4366505 350.3533 003.4516 06.24939221 79479
0 SL-12 DEB
1 27976U 88085W   07120.34962016  .00001621  00000-0  57596-2 0  9995
2 27976 063.4098 201.0263 4357881 350.5374 003.4721 06.24948739 79544
0 SL-12 DEB
1 27976U 88085W   07121.30967136 +.00001768 +00000-0 +62570-2 0  9990
2 27976 063.4058 200.3928 4357796 350.5380 003.4218 06.24952810079605
0 SL-12 DEB
1 27976U 88085W   07122.26974080  .00002168  00000-0  75949-2 0  9991
2 27976 063.4150 199.7769 4358632 350.4779 003.4496 06.24958470 79665
0 SL-12 DEB
1 27976U 88085W   07123.22979980  .00002312  00000-0  74549-2 0  9998
2 27976 063.4162 199.1320 4369100 349.9902 003.6056 06.24963366 79729
0 SL-12 DEB
1 27976U 88085W   07124.18985550  .00002481  00000-0  81797-2 0  9994
2 27976 063.4083 198.4886 4366164 350.0382 003.6099 06.24968572 79789
0 SL-12 DEB
1 27976U 88085W   07125.30990213  .00002282  00000-0  72381-2 0  9999
2 27976 063.4700 197.7960 4371175 349.7267 003.6943 06.24973433 79853
0 SL-12 DEB
1 27976U 88085W   07126.26994444  .00002544  00000-0  79865-2 0  9990
2 27976 063.4537 197.1518 4372517 349.6643 003.7346 06.24979381 79915
0 SL-12 DEB
1 27976U 88085W   07127.22996764  .00002809  00000-0  88848-2 0  9999
2 27976 063.4632 196.5292 4371541 349.6737 003.7314 06.24986090 79979
0 SL-12 DEB
1 27976U 88085W   07128.18997959  .00003436  00000-0  11048-1 0  9996
2 27976 063.4459 195.8798 4369339 349.7171 003.7305 06.24995313 80031
0 SL-12 DEB
1 27976U 88085W   07129.30996928  .00004604  00000-0  15817-1 0  9992
2 27976 063.4674 195.1470 4360557 349.9220 003.6773 06.25009113 80101
0 SL-12 DEB
1 27976U 88085W   07130.26993180  .00004668  00000-0  15683-1 0  9997
2 27976 063.4882 194.5302 4363350 349.7877 003.6792 06.25018329 80165
0 SL-12 DEB
1 27976U 88085W   07131.22989965  .00004864  00000-0  15886-1 0  9993
2 27976 063.5315 193.9285 4366776 349.6049 003.7437 06.25028611 80224
0 SL-12 DEB
1 27976U 88085W   07132.18985147  .00004678  00000-0  15111-1 0  9991
2 27976 063.5393 193.2974 4368009 349.5354 003.7664 06.25036874 80285
0 SL-12 DEB
1 27976U 88085W   07133.14979293  .00004636  00000-0  14178-1 0  9999
2 27976 063.6031 192.7146 4374721 349.2081 003.8726 06.25046154 80341
0 SL-12 DEB
1 27976U 88085W   07134.26971009  .00004583  00000-0  13811-1 0  9994
2 27976 063.5926 191.9646 4376340 349.1291 003.9157 06.25056204 80414
0 SL-12 DEB
1 27976U 88085W   07135.22961987  .00004704  00000-0  13953-1 0  9997
2 27976 063.5888 191.3280 4378185 349.0435 003.9527 06.25065916 80474
0 SL-12 DEB
1 27976U 88085W   07136.18951152 +.00005117 +00000-0 +15212-1 0  9995
2 27976 063.5718 190.6707 4377866 349.0447 003.9656 06.25077400080531
0 SL-12 DEB
1 27976U 88085W   07137.14937898  .00005340  00000-0  16396-1 0  9995
2 27976 063.5614 190.0169 4373842 349.1459 003.9321 06.25088315 80598
0 SL-12 DEB
1 27976U 88085W   07138.58915166  .00005370  00000-0  17227-1 0  9995
2 27976 063.5686 189.0700 4368435 349.2785 003.8853 06.25104121 80684
0 SL-12 DEB
1 27976U 88085W   07139.22903534  .00005227  00000-0  16276-1 0  9997
2 27976 063.5624 188.6404 4372274 349.1546 003.8967 06.25109784 80723
0 SL-12 DEB
1 27976U 88085W   07140.18886403  .00005921  00000-0  17866-1 0  9996
2 27976 063.6277 188.0593 4376222 348.9818 003.9726 06.25124733 80788
0 SL-12 DEB
1 27976U 88085W   07141.14865903  .00006789  00000-0  20304-1 0  9999
2 27976 063.6176 187.4041 4377232 348.9327 003.9987 06.25141403 80843
0 SL-12 DEB
1 27976U 88085W   07142.10842145  .00007058  00000-0  21181-1 0  9993
2 27976 063.6076 186.7523 4376696 348.9377 003.9753 06.25155421 80900
0 SL-12 DEB
1 27976U 88085W   07143.22812792  .00006186  00000-0  18980-1 0  9996
2 27976 063.6280 186.0240 4373825 349.0116 003.9333 06.25167203 80972
0 SL-12 DEB
1 27976U 88085W   07144.18786964  .00005902  00000-0  17634-1 0  9993
2 27976 063.6372 185.3981 4376965 348.8928 003.9686 06.25177173 81030
0 SL-12 DEB
1 27976U 88085W   07145.14759872  .00006329  00000-0  18619-1 0  9996
2 27976 063.6683 184.7886 4378624 348.8163 004.0234 06.25191731 81090
0 SL-12 DEB
1 27976U 88085W   07146.10729304  .00007306  00000-0  20842-1 0  9997
2 27976 063.6631 184.1409 4382177 348.6621 004.0939 06.25210178 81159
0 SL-12 DEB
1 27976U 88085W   07147.06694981  .00007669  00000-0  22143-1 0  9993
2 27976 063.6915 183.5237 4380477 348.6941 004.0606 06.25225832 81213
0 SL-12 DEB
1 27976U 88085W   07148.18653263  .00006391  00000-0  18776-1 0  9993
2 27976 063.6723 182.7630 4378141 348.7466 004.0044 06.25234031 81280
0 SL-12 DEB
1 27976U 88085W   07149.14618432  .00004581  00000-0  13451-1 0  9993
2 27976 063.6763 182.1318 4377983 348.7775 003.9835 06.25235467 81344
0 SL-12 DEB
1 27976U 88085W   07154.42402236  .00001838  00000-0  49212-2 0  9990
2 27976 063.7317 178.6851 4389023 348.2712 003.6837 06.25244527 81678
0 SL-12 DEB
1 27976U 88085W   07158.10277118  .00000674  00000-0  17502-2 0  9992
2 27976 063.8078 176.2753 4390020 348.0463 004.2683 06.25254188 81904
0 SL-12 DEB
1 27976U 88085W   07161.14152910  .00001004  00000-0  27349-2 0  9990
2 27976 063.8764 174.3159 4383825 348.1303 004.2079 06.25257394 82096
0 SL-12 DEB
1 27976U 88085W   07162.10114525  .00006005  00000-0  15119-1 0  9994
2 27976 063.8295 173.6375 4396208 347.7299 004.5485 06.25294222 82157
0 SL-12 DEB
1 27976U 88085W   07164.02012511  .00006699  00000-0  14996-1 0  9990
2 27976 063.7647 172.3066 4409976 347.2348 004.5277 06.25321785 82274
0 SL-12 DEB
1 27976U 88085W   07166.09899961  .00001891  00000-0  44436-2 0  9993
2 27976 063.8566 171.0113 4404651 347.3187 004.2660 06.25315690 82407
0 SL-12 DEB
1 27976U 88085W   07167.05860304  .00003196  00000-0  74194-2 0  9993
2 27976 063.8834 170.4016 4406312 347.2089 004.5368 06.25327959 82461
0 SL-12 DEB
1 27976U 88085W   07168.01807956  .00004408  00000-0  10034-1 0  9993
2 27976 063.9199 169.8007 4408584 347.0775 004.5545 06.25340935 82524
0 SL-12 DEB
1 27976U 88085W   07168.97754444  .00005272  00000-0  12516-1 0  9998
2 27976 063.9621 169.2086 4403563 347.2087 004.5086 06.25354136 82589
0 SL-12 DEB
1 27976U 88085W   07170.09689617  .00005076  00000-0  12760-1 0  9996
2 27976 063.9621 168.4769 4396642 347.4080 004.4327 06.25365019 82659
0 SL-12 DEB
1 27976U 88085W   07171.05633179 +.00003751 +00000-0 +83779-2 0  9992
2 27976 063.9605 167.8381 4410284 346.9194 004.5139 06.25365331082719
0 SL-12 DEB
1 27976U 88085W   07172.01580186 +.00002555 +00000-0 +51745-2 0  9997
2 27976 063.9794 167.2132 4421017 346.5211 004.6549 06.25364712082772
0 SL-12 DEB
1 27976U 88085W   07172.97526853 +.00000372 +00000-0 +75964-3 0  9998
2 27976 064.0449 166.6395 4415022 346.6864 004.6068 06.25356731082834
0 SL-12 DEB
1 27976U 88085W   07175.05411676  .00006249  00000-0  94245-2 0  9997
2 27976 063.8340 165.0507 4452282 345.5820 005.1312 06.25390903 82969
0 SL-12 DEB
1 27976U 88085W   07176.01345169 +.00005938 +00000-0 +90181-2 0  9996
2 27976 063.8442 164.4284 4451482 345.5706 004.9922 06.25400868083025
0 SL-12 DEB
1 27976U 88085W   07176.97283506  .00003366  00000-0  57447-2 0  9998
2 27976 063.7529 163.7403 4439099 345.9177 004.9002 06.25397766 83088
0 SL-12 DEB
1 27976U 88085W   07178.09211648 +.00003675 +00000-0 +72714-2 0  9998
2 27976 063.7190 162.9755 4423361 346.4778 004.7691 06.25408927083153
0 SL-12 DEB
1 27976U 88085W   07179.05146190  .00004175  00000-0  78879-2 0  9998
2 27976 063.7448 162.3673 4428578 346.2394 004.8447 06.25422720 83213
0 SL-12 DEB
1 27976U 88085W   07185.92625747  .00004169  00000-0  79360-2 0  9990
2 27976 063.7377 157.8940 4427119 346.0916 004.8506 06.25488681 83649
0 SL-12 DEB
1 27976U 88085W   07185.92648787  .00004155  00000-0  78879-2 0  9998
2 27976 063.7449 157.8480 4427419 346.1336 005.3657 06.25488524 83647
0 SL-12 DEB
1 27976U 88085W   07217.09551387 -.00010715  00000-0 -46692-1 0  9999
2 27976 064.6576 138.7383 4325019 347.6074 000.9587 06.25461448 85580
0 SL-12 DEB
1 27976U 88085W   07217.09551387 -.00010715 +00000-0 -46692-1 0  9999
2 27976 064.6576 138.7383 4325019 347.6074 000.9587 06.25461448085580
0 SL-12 DEB
1 27976U 88085W   08252.99235197 -.00002555  00000-0 -22295-1 0  9992
2 27976 064.1281 244.6787 4181873 333.9794 009.8968 06.31092469110667
0 SL-12 DEB
1 27976U 88085W   08268.36358368  .00005766  00000-0  53505-1 0  9999
2 27976 064.3468 234.9914 4170342 334.0249 015.8045 06.31239579111632
0 SL-12 DEB
1 27976U 88085W   08269.46991191  .00005810  00000-0  55447-1 0  9995
2 27976 064.3603 234.3152 4165621 334.1053 009.8802 06.31252683111702
0 SL-12 DEB
1 27976U 88085W   08270.42040728 +.00005345 +00000-0 +50874-1 0  9996
2 27976 064.3621 233.7197 4166309 334.0672 009.8862 06.31260897111762
0 SL-12 DEB
1 27976U 88085W   08270.89564895  .00005312  00000-0  50580-1 0  9991
2 27976 064.3610 233.4240 4166302 334.0475 009.8930 06.31265807111795
0 SL-12 DEB
1 27976U 88085W   08271.37088672  .00005496  00000-0  52884-1 0  9991
2 27976 064.3545 233.1396 4164400 334.0366 009.9132 06.31272081111828
0 SL-12 DEB
1 27976U 88085W   08275.01423476  .00005221  00000-0  49417-1 0  9995
2 27976 064.3550 230.8600 4166773 333.8790 009.8717 06.31307167112057
0 SL-12 DEB
1 27976U 88085W   08277.39027431  .00006532  00000-0  60013-1 0  9990
2 27976 064.3853 229.3750 4171321 334.0170 009.7862 06.31333208112204
0 SL-12 DEB
1 27976U 88085W   08277.54872243  .00007268  00000-0  66589-1 0  9997
2 27976 064.3876 229.2791 4171699 334.0131 009.9375 06.31340812112219
0 SL-12 DEB
1 27976U 88085W   08278.49906591  .00004881  00000-0  47288-1 0  9999
2 27976 064.3629 228.6977 4162144 333.8668 009.9489 06.31337463112271
0 SL-12 DEB
1 27976U 88085W   08279.13266467  .00007275  00000-0  63538-1 0  9998
2 27976 064.4135 228.2822 4179859 334.1082 009.7718 06.31356458112317
0 SL-12 DEB
1 27976U 88085W   08279.92464507  .00004425  00000-0  38751-1 0  9993
2 27976 064.4483 227.7691 4179911 334.2278 009.4355 06.31333212112360
0 SL-12 DEB
1 27976U 88085W   08282.45910468  .00005677  00000-0  48960-1 0  9990
2 27976 064.4781 226.1782 4182393 334.1819 009.8774 06.31367437112526
0 SL-12 DEB
1 27976U 88085W   08284.83484272 -.00002338  00000-0 -20535-1 0  9994
2 27976 064.4846 224.7012 4176055 334.2661 009.3172 06.31328491112672
0 SL-12 DEB
1 27976U 88085W   08286.89423817 -.00002334  00000-0 -20535-1 0  9996
2 27976 064.4845 223.4237 4176050 334.1615 009.8367 06.31319003112804
0 SL-12 DEB
1 27976U 88085W   08287.84464323 -.00001047  00000-0 -85926-2 0  9995
2 27976 064.5104 222.8095 4185648 334.2263 009.8166 06.31325665112865
0 SL-12 DEB
1 27976U 88085W   08288.79502401 -.00003490  00000-0 -28413-1 0  9991
2 27976 064.5309 222.2173 4190454 334.3101 009.6774 06.31312761112929
0 SL-12 DEB
1 27976U 88085W   08289.90387818 -.00002541  00000-0 -20530-1 0  9996
2 27976 064.5276 221.5272 4191616 334.1755 009.8449 06.31311508112994
0 SL-12 DEB
1 27976U 88085W   08289.90387818 -.00002541 +00000-0 -20530-1 0  9996
2 27976 064.5276 221.5272 4191616 334.1755 009.8449 06.31311508112994
0 SL-12 DEB
1 27976U 88085W   08294.81442165 -.00005806  00000-0 -49981-1 0  9997
2 27976 064.5434 218.4773 4181377 334.3862 009.8902 06.31278996113308
0 SL-12 DEB
1 27976U 88085W   08295.44800873 -.00007498  00000-0 -65084-1 0  9992
2 27976 064.5269 218.0704 4180159 334.4423 009.7196 06.31264012113347
0 SL-12 DEB
1 27976U 88085W   08295.76484715 -.00011445  00000-0 -99020-1 0  9994
2 27976 064.5399 217.8870 4181171 334.4588 009.6487 06.31239358113368
0 SL-12 DEB
1 27976U 88085W   08296.24014756 -.00011451  00000-0 -99902-1 0  9998
2 27976 064.5452 217.5965 4179773 334.4911 009.7192 06.31228377113391
0 SL-12 DEB
1 27976U 88085W   08296.87384685 -.00015910  00000-0 -14066+0 0  9998
2 27976 064.5404 217.2104 4177901 334.4691 009.6495 06.31190440113435
0 SL-12 DEB
1 27976U 88085W   08302.73675157  .00005183  00000-0  48972-1 0  9992
2 27976 064.5652 213.6177 4168525 334.7871 009.2810 06.31074331113803
0 SL-12 DEB
1 27976U 88085W   08303.68768061  .00008818  00000-0  83987-1 0  9997
2 27976 064.6361 213.0958 4166490 334.6720 009.7766 06.31102460113869
0 SL-12 DEB
1 27976U 88085W   08303.84610703  .00010288  00000-0  97391-1 0  9992
2 27976 064.6215 212.9804 4167422 334.7014 009.7215 06.31112566113876
0 SL-12 DEB
1 27976U 88085W   08304.79679670  .00013413  00000-0  12613+0 0  9990
2 27976 064.6069 212.3803 4168264 334.6587 009.7593 06.31146334113931
0 SL-12 DEB
1 27976U 88085W   08305.74742247  .00010523  00000-0  99074-1 0  9994
2 27976 064.6132 211.8019 4168074 334.6015 009.6558 06.31152926113990
0 SL-12 DEB
1 27976U 88085W   08307.17340647  .00005726  00000-0  55469-1 0  9990
2 27976 064.5299 210.8472 4163419 334.7573 009.5973 06.31156144114080
0 SL-12 DEB
1 27976U 88085W   08308.12408963 -.00007505  00000-0 -74510-1 0  9999
2 27976 064.5251 210.2587 4158304 334.8743 009.1867 06.31079950114140
0 SL-12 DEB
1 27976U 88085W   08308.75814679 -.00006930  00000-0 -68499-1 0  9993
2 27976 064.5239 209.8661 4159037 334.8369 009.7020 06.31074445114186
0 SL-12 DEB
1 27976U 88085W   08310.18431663 -.00005529  00000-0 -55406-1 0  9998
2 27976 064.5331 208.9968 4156466 334.7986 009.7381 06.31061871114275
0 SL-12 DEB
1 27976U 88085W   08311.29356377 -.00004199  00000-0 -41299-1 0  9996
2 27976 064.5372 208.3084 4159520 334.7490 009.8021 06.31063629114340
0 SL-12 DEB
1 27976U 88085W   08312.71971598 -.00012862  00000-0 -13075+0 0  9997
2 27976 064.5107 207.4384 4155152 334.8069 008.9316 06.30963394114433
0 SL-12 DEB
1 27976U 88085W   08313.82950686  .00000908  00000-0  95201-2 0  9995
2 27976 064.5064 206.7638 4152715 334.8185 009.9593 06.31004059114501
0 SL-12 DEB
1 27976U 88085W   08314.78027111 +.00000913 +00000-0 +95201-2 0  9995
2 27976 064.5064 206.1780 4152642 334.7694 009.7309 06.31005816114567
0 SL-12 DEB
1 27976U 88085W   08315.73114404 -.00000385  00000-0 -40058-2 0  9998
2 27976 064.5058 205.6054 4148933 334.7719 009.7068 06.30998891114626
0 SL-12 DEB
1 27976U 88085W   08316.84052715 -.00006073  00000-0 -63843-1 0  9993
2 27976 064.5325 204.9406 4149447 334.7152 009.6431 06.30963174114694
0 SL-12 DEB
1 27976U 88085W   08317.79153115 -.00004866  00000-0 -53093-1 0  9998
2 27976 064.4927 204.3515 4142778 334.7204 009.9303 06.30965983114752
0 SL-12 DEB
1 27976U 88085W   08320.64433090  .00012227  00000-0  15335+0 0  9992
2 27976 064.7423 202.8579 4115886 335.3740 010.7548 06.31098826114936
0 SL-12 DEB
1 27976U 88085W   08322.70366552  .00010690  00000-0  14895+0 0  9991
2 27976 064.7740 201.6469 4095555 335.7452 009.4913 06.31140691115061
0 SL-12 DEB
1 27976U 88085W   08325.71435490  .00000000  00000-0  10000-3 0  9995
2 27976 064.6583 199.6355 4030407 337.7176 008.9149 06.31083476115258
0 SL-12 DEB
1 27976U 88085W   08326.66453543 -.00002642  00000-0 -33990-1 0  9996
2 27976 064.4719 198.9728 4110321 335.5350 008.2634 06.31083020115311
0 SL-12 DEB
1 27976U 88085W   08327.61586221  .00000412  00000-0  49914-2 0  9997
2 27976 064.4736 198.3907 4123608 335.0748 009.7544 06.31094692115370
0 SL-12 DEB
1 27976U 88085W   08327.77429524  .00003444  00000-0  41260-1 0  9999
2 27976 064.4341 198.2650 4124529 335.0927 009.7199 06.31106586115381
0 SL-12 DEB
1 27976U 88085W   08328.72499923  .00004683  00000-0  56709-1 0  9995
2 27976 064.3908 197.6554 4122125 335.1798 009.6945 06.31119286115448
0 SL-12 DEB
1 27976U 88085W   08329.67568225  .00003923  00000-0  48557-1 0  9990
2 27976 064.4128 197.0927 4117675 335.2594 009.6228 06.31123215115508
0 SL-12 DEB
1 27976U 88085W   08330.62638471 +.00003363 +00000-0 +41403-1 0  9999
2 27976 064.4080 196.5150 4118356 335.2237 009.6533 06.31127893115569
0 SL-12 DEB
1 27976U 88085W   08331.57707361  .00003405  00000-0  41854-1 0  9996
2 27976 064.3980 195.9252 4118615 335.1879 009.6806 06.31134381115622
0 SL-12 DEB
1 27976U 88085W   08332.68619107  .00004087  00000-0  49901-1 0  9997
2 27976 064.3736 195.2440 4120021 335.1538 009.7024 06.31145618115694
0 SL-12 DEB
1 27976U 88085W   08333.63683998 +.00004338 +00000-0 +52967-1 0  9997
2 27976 064.3621 194.6575 4120092 335.1188 009.7056 06.31154515115756
0 SL-12 DEB
1 27976U 88085W   08334.11216023  .00004056  00000-0  49546-1 0  9998
2 27976 064.3460 194.3554 4120034 335.1060 009.7049 06.31157252115782
0 SL-12 DEB
1 27976U 88085W   08334.74591959  .00002963  00000-0  39223-1 0  9997
2 27976 064.3209 193.9631 4104709 335.5683 009.5341 06.31155224115825
0 SL-12 DEB
1 27976U 88085W   08335.69657156 -.00006242  00000-0 -80307-1 0  9999
2 27976 064.3625 193.4279 4111007 335.1947 009.5166 06.31114484115882
0 SL-12 DEB
1 27976U 88085W   08336.64736286 -.00008880  00000-0 -11452+0 0  9990
2 27976 064.3584 192.8483 4110693 335.1501 009.6346 06.31086718115948
0 SL-12 DEB
1 27976U 88085W   08336.96431141 -.00012056  00000-0 -15758+0 0  9990
2 27976 064.3127 192.6207 4108221 335.2908 009.6265 06.31068211115969
0 SL-12 DEB
1 27976U 88085W   08337.59818158 -.00011255  00000-0 -14590+0 0  9990
2 27976 064.3088 192.2371 4109900 335.2403 009.6899 06.31058126116001
0 SL-12 DEB
1 27976U 88085W   08338.70744968 -.00004421  00000-0 -57458-1 0  9990
2 27976 064.2843 191.5579 4109644 335.1968 009.8329 06.31069625116074
0 SL-12 DEB
1 27976U 88085W   08339.65813678 -.00001290  00000-0  00000+0 0  9999
2 27976 064.2424 191.0098 4106161 335.1769 009.7182 06.31081138116136
0 SL-12 DEB
1 27976U 88085W   08339.65816388 -.00000347  00000-0 -46853-2 0  9992
2 27976 064.2878 190.9980 4109593 335.1545 009.7672 06.31081368116130
0 SL-12 DEB
1 27976U 88085W   08340.60889106 -.00000341 +00000-0 -46853-2 0  9991
2 27976 064.2878 190.4124 4109508 335.1156 009.7153 06.31080682116197
0 SL-12 DEB
1 27976U 88085W   08342.66886971  .00003026  00000-0  40508-1 0  9997
2 27976 064.2319 189.1577 4101284 335.2478 009.7923 06.31099103116323
0 SL-12 DEB
1 27976U 88085W   08343.61954909  .00003320  00000-0  44362-1 0  9999
2 27976 064.2209 188.5694 4101601 335.2206 009.7011 06.31106132116381
0 SL-12 DEB
1 27976U 88085W   08343.61954909 +.00003320 +00000-0 +44362-1 0  9999
2 27976 064.2209 188.5694 4101601 335.2206 009.7011 06.31106132116381
0 SL-12 DEB
1 27976U 88085W   08344.57026268  .00002425  00000-0  32281-1 0  9995
2 27976 064.2136 187.9888 4101503 335.1871 009.6796 06.31106171116445
0 SL-12 DEB
1 27976U 88085W   08345.67945557  .00000746  00000-0  96307-2 0  9992
2 27976 064.1982 187.3065 4101520 335.1734 009.6992 06.31101740116514
0 SL-12 DEB
1 27976U 88085W   08345.67945557 +.00000746 +00000-0 +96307-2 0  9992
2 27976 064.1982 187.3065 4101520 335.1734 009.6992 06.31101740116514
0 SL-12 DEB
1 27976U 88085W   08346.63018546  .00001350  00000-0  18374-1 0  9997
2 27976 064.1795 186.7436 4099965 335.1226 009.7574 06.31107410116579
0 SL-12 DEB
1 27976U 88085W   08346.63018655 +.00001241 +00000-0 +16226-1 0  9991
2 27976 064.1954 186.7271 4103228 335.1446 009.7314 06.31106758116571
0 SL-12 DEB
1 27976U 88085W   08346.63018655  .00001241  00000-0  16226-1 0  9991
2 27976 064.1954 186.7271 4103228 335.1446 009.7314 06.31106758116571
0 SL-12 DEB
1 27976U 88085W   08347.58090627 +.00000989 +00000-0 +12975-1 0  9990
2 27976 064.1884 186.1490 4102657 335.1286 009.7268 06.31106164116633
0 SL-12 DEB
1 27976U 88085W   08348.53161963  .00000139  00000-0  16288-2 0  9997
2 27976 064.1964 185.5759 4103679 335.1194 009.6810 06.31102522116698
0 SL-12 DEB
1 27976U 88085W   08348.69008971 -.00000831  00000-0 -11305-1 0  9998
2 27976 064.1828 185.4723 4103907 335.1205 009.7111 06.31098981116704
0 SL-12 DEB
1 27976U 88085W   08349.64081996  .00000871  00000-0  11516-1 0  9998
2 27976 064.1690 184.8891 4103246 335.0819 009.7766 06.31107660116763
0 SL-12 DEB
1 27976U 88085W   08354.55282690  .00000030  00000-0  10000-3 0  9994
2 27976 064.0987 181.9275 4088369 334.9682 009.7285 06.31089426117079
0 SL-12 DEB
1 27976U 88085W   08355.50360357 -.00012611  00000-0 -17888+0 0  9994
2 27976 064.0966 181.3452 4092952 334.9303 009.5986 06.31027539117130
0 SL-12 DEB
1 27976U 88085W   08355.82064294 -.00012614 +00000-0 -17909-0 0  9998
2 27976 064.1093 181.1598 4092825 334.9185 009.8110 06.31019580117159
0 SL-12 DEB
1 27976U 88085W   08356.61303002 -.00005490  00000-0 -77687-1 0  9993
2 27976 064.0294 180.6256 4093991 334.9744 009.9430 06.31037562117204
0 SL-12 DEB
1 27976U 88085W   08356.92990237 -.00005480 +00000-0 -77485-1 0  9994
2 27976 064.0246 180.4253 4094176 334.9703 009.7877 06.31033886117227
0 SL-12 DEB
1 27976U 88085W   08357.56378987  .00003133  00000-0  43420-1 0  9990
2 27976 064.0209 180.0368 4094984 334.9069 009.9561 06.31067110117264
0 SL-12 DEB
1 27976U 88085W   08358.51449688  .00004284  00000-0  60133-1 0  9991
2 27976 064.0210 179.4585 4093014 334.9286 009.8431 06.31080462117320
0 SL-12 DEB
1 27976U 88085W   08359.46522911  .00005294  00000-0  74871-1 0  9993
2 27976 064.0377 178.8905 4091806 334.9145 009.8195 06.31093380117380
0 SL-12 DEB
1 27976U 88085W   08359.62368141  .00004239  00000-0  60024-1 0  9997
2 27976 063.9842 178.7690 4091448 334.9035 009.8121 06.31090160117398
0 SL-12 DEB
1 27976U 88085W   08360.57441669  .00004251  00000-0  59819-1 0  9994
2 27976 063.9800 178.1990 4092829 334.8748 009.8227 06.31099548117456
0 SL-12 DEB
1 27976U 88085W   08361.52513442  .00005606  00000-0  81068-1 0  9995
2 27976 064.0642 177.6977 4087653 334.9194 009.8457 06.31116765117519
0 SL-12 DEB
1 27976U 88085W   08362.47581123  .00005089  00000-0  78806-1 0  9992
2 27976 064.0236 177.0919 4073972 335.3114 009.6730 06.31122948117572
0 SL-12 DEB
1 27976U 88085W   08364.53561181  .00006128  00000-0  93973-1 0  9990
2 27976 063.9361 175.7719 4075820 335.1963 009.7821 06.31151823117707
0 SL-12 DEB
1 27976U 88085W   08365.48622190  .00006146  00000-0  99150-1 0  9996
2 27976 063.9429 175.2037 4065345 335.4462 009.6369 06.31162519117764
0 SL-12 DEB
1 27976U 88085W   08366.43684733  .00004561  00000-0  75561-1 0  9992
2 27976 063.9261 174.6093 4059589 335.6351 009.5181 06.31162505117828
0 SL-12 DEB
1 27976U 88085W   09006.45726994  .00001586  00000-0  24651-1 0  9990
2 27976 063.8613 170.9219 4070270 335.0880 008.7054 06.31152008118208
0 SL-12 DEB
1 27976U 88085W   09007.56682431 -.00000725  00000-0 -11822-1 0  9992
2 27976 063.7820 170.1851 4068574 335.1071 009.7490 06.31144191118274
0 SL-12 DEB
1 27976U 88085W   09008.51748985  .00000633  00000-0  10025-1 0  9995
2 27976 063.8041 169.6207 4066418 335.1158 009.8017 06.31150708118333
0 SL-12 DEB
1 27976U 88085W   09009.46811939  .00001330  00000-0  22254-1 0  9992
2 27976 063.7960 169.0302 4057745 335.3086 009.7366 06.31156068118394
0 SL-12 DEB
1 27976U 88085W   09010.41874225  .00002109  00000-0  38169-1 0  9993
2 27976 063.8286 168.4926 4042056 335.6769 009.6164 06.31162914118450
0 SL-12 DEB
1 27976U 88085W   09011.52779514  .00001516  00000-0  24416-1 0  9992
2 27976 063.8810 167.8644 4066695 334.9313 009.7927 06.31165775118529
0 SL-12 DEB
1 27976U 88085W   09012.47843342  .00003248  00000-0  58082-1 0  9998
2 27976 063.9042 167.3091 4044568 335.4936 009.7236 06.31179533118586
0 SL-12 DEB
1 27976U 88085W   09013.42900532  .00006294  00000-0  10674+0 0  9996
2 27976 063.8682 166.6906 4055254 335.2074 009.8315 06.31204558118649
0 SL-12 DEB
1 27976U 88085W   09014.37952665  .00009506  00000-0  15571+0 0  9995
2 27976 063.8987 166.1297 4062117 334.9481 009.9030 06.31235324118706
0 SL-12 DEB
1 27976U 88085W   09014.53791622  .00011295  00000-0  18193+0 0  9998
2 27976 063.8353 165.9805 4065506 334.9057 009.8546 06.31244788118715
0 SL-12 DEB
1 27976U 88085W   09015.48840225  .00011192  00000-0  17793+0 0  9998
2 27976 063.8325 165.4024 4067956 334.8184 009.8686 06.31266052118772
0 SL-12 DEB
1 27976U 88085W   09016.43886396  .00013463  00000-0  22334+0 0  9993
2 27976 063.8386 164.8254 4059000 335.0391 009.8823 06.31301642118836
0 SL-12 DEB
1 27976U 88085W   09017.38923510  .00015965  00000-0  23354+0 0  9990
2 27976 063.7812 164.1757 4084201 334.3190 010.0903 06.31341783118899
0 SL-12 DEB
1 27976U 88085W   09018.33954823  .00018161  00000-0  29427+0 0  9995
2 27976 063.8044 163.6189 4063348 334.8430 009.9280 06.31383086118955
0 SL-12 DEB
1 27976U 88085W   09018.49790984  .00018183  00000-0  30479+0 0  9991
2 27976 063.7999 163.5240 4056362 335.0363 009.8151 06.31387650118964
0 SL-12 DEB
1 27976U 88085W   09019.44817784  .00015535  00000-0  22329+0 0  9998
2 27976 063.7263 162.8610 4087347 334.2182 009.9865 06.31406872119027
0 SL-12 DEB
1 27976U 88085W   09021.34864614  .00013984  00000-0  19527+0 0  9996
2 27976 063.6711 161.6416 4092855 334.1679 010.0229 06.31456810119142
0 SL-12 DEB
1 27976U 88085W   09022.45718782  .00009802  00000-0  12748+0 0  9995
2 27976 063.6630 160.9507 4106754 333.7334 010.1031 06.31465737119210
0 SL-12 DEB
1 27976U 88085W   09023.40738852  .00008770  00000-0  12072+0 0  9994
2 27976 063.6724 160.3794 4095772 334.0069 010.0984 06.31478834119276
0 SL-12 DEB
1 27976U 88085W   09024.35753796  .00010111  00000-0  13712+0 0  9997
2 27976 063.6506 159.7630 4098417 333.9731 010.1825 06.31506005119332
0 SL-12 DEB
1 27976U 88085W   09025.30761013  .00015716  00000-0  20027+0 0  9997
2 27976 063.6384 159.1627 4109885 333.5304 010.4249 06.31559300119395
0 SL-12 DEB
1 27976U 88085W   09025.46588070  .00020400  00000-0  26188+0 0  9994
2 27976 063.5763 159.0139 4108276 333.7197 010.2515 06.31583572119401
0 SL-12 DEB
1 27976U 88085W   09026.41582394  .00021956  00000-0  26530+0 0  9991
2 27976 063.6481 158.4791 4119414 333.3707 010.2987 06.31628355119463
0 SL-12 DEB
1 27976U 88085W   09027.36572636  .00020044  00000-0  25189+0 0  9990
2 27976 063.6291 157.8697 4111752 333.5790 010.1960 06.31657813119529
0 SL-12 DEB
1 27976U 88085W   09028.31560668  .00017182  00000-0  21535+0 0  9998
2 27976 063.5748 157.2319 4112090 333.6353 010.1559 06.31678330119589
0 SL-12 DEB
1 27976U 88085W   09031.32326300  .00013803  00000-0  16705+0 0  9995
2 27976 063.5155 155.2887 4118174 333.4753 009.9998 06.31747042119771
0 SL-12 DEB
1 27976U 88085W   09031.48168148  .00016364  00000-0  19580+0 0  9995
2 27976 063.4652 155.1509 4120229 333.4137 010.3438 06.31762297119787
0 SL-12 DEB
1 27976U 88085W   09032.27308792  .00016273  00000-0  18721+0 0  9999
2 27976 063.4646 154.6427 4127415 333.2206 010.3594 06.31787632119831
0 SL-12 DEB
1 27976U 88085W   09032.43137199  .00022016  00000-0  26057+0 0  9991
2 27976 063.4216 154.5208 4121888 333.3914 010.4329 06.31822258119847
0 SL-12 DEB
1 27976U 88085W   09035.43817900  .00012440  00000-0  13540+0 0  9992
2 27976 063.4885 152.6748 4137170 332.9797 009.9842 06.31887538120030
0 SL-12 DEB
1 27976U 88085W   09036.38789410  .00011469  00000-0  12239+0 0  9995
2 27976 063.4502 152.0424 4140726 332.9004 010.4348 06.31906276120098
0 SL-12 DEB
1 27976U 88085W   09036.38791407  .00011979  00000-0  12388+0 0  9995
2 27976 063.4439 152.0642 4145990 332.7756 010.5045 06.31907503120100
0 SL-12 DEB
1 27976U 88085W   09036.70442500  .00011373  00000-0  15242+0 0  9998
2 27976 063.7346 152.1234 4097512 333.9292 010.1813 06.31913340120129
0 SL-12 DEB
1 27976U 88085W   09037.33739293  .00011855  00000-0  12466+0 0  9996
2 27976 063.4501 151.4387 4143259 332.8445 010.4752 06.31930784120157
0 SL-12 DEB
1 27976U 88085W   09037.49563365  .00011893  00000-0  11999+0 0  9990
2 27976 063.4281 151.3200 4150680 332.6648 010.5133 06.31934585120162
0 SL-12 DEB
1 27976U 88085W   09038.28684433  .00012845  00000-0  12761+0 0  9994
2 27976 063.4451 150.8302 4153246 332.6067 010.5473 06.31959157120219
0 SL-12 DEB
1 27976U 88085W   09039.23624871  .00013608  00000-0  13895+0 0  9997
2 27976 063.4529 150.2307 4148114 332.7326 010.5153 06.31987775120279
0 SL-12 DEB
1 27976U 88085W   09039.39447224  .00014214  00000-0  13962+0 0  9998
2 27976 063.4437 150.1253 4154954 332.5813 010.5390 06.31994361120287
0 SL-12 DEB
1 27976U 88085W   09040.34382954 +.00014154 +00000-0 +13868-0 0  9992
2 27976 063.4377 149.5121 4155181 332.5674 010.5464 06.32020939120345
0 SL-12 DEB
1 27976U 88085W   09041.29314788  .00014528  00000-0  14218+0 0  9991
2 27976 063.4436 148.9105 4155144 332.5631 010.5674 06.32050528120405
0 SL-12 DEB
1 27976U 88085W   09042.40062300  .00016023  00000-0  15466+0 0  9993
2 27976 063.4287 148.1887 4157268 332.5190 010.5983 06.32090440120474
0 SL-12 DEB
1 27976U 88085W   09044.29898524  .00016583  00000-0  16308+0 0  9994
2 27976 063.4090 146.9589 4153547 332.6616 010.5521 06.32155001120597
0 SL-12 DEB
1 27976U 88085W   09045.40626844  .00018208  00000-0  15685+0 0  9995
2 27976 063.4130 146.2449 4176337 332.1266 010.6839 06.32200219120661
0 SL-12 DEB
1 27976U 88085W   09046.35530709  .00018847  00000-0  16238+0 0  9998
2 27976 063.4102 145.6325 4176105 332.1435 010.6789 06.32237271120726
0 SL-12 DEB
1 27976U 88085W   09047.30428869 +.00018886 +00000-0 +16301-0 0  9992
2 27976 063.4088 145.0177 4175598 332.1508 010.6746 06.32273410120788
0 SL-12 DEB
1 27976U 88085W   09048.25321718  .00019658  00000-0  17134+0 0  9994
2 27976 063.4084 144.4061 4173670 332.1924 010.6828 06.32313755120845
0 SL-12 DEB
1 27976U 88085W   09049.36021489  .00020709  00000-0  17939+0 0  9991
2 27976 063.3979 143.6798 4174413 332.1889 010.6764 06.32362462120917
0 SL-12 DEB
1 27976U 88085W   09049.51834439 +.00020692 +00000-0 +17892-0 0  9995
2 27976 063.3985 143.5777 4174682 332.1785 010.6638 06.32368932120922
0 SL-12 DEB
1 27976U 88085W   09050.30900185  .00021105  00000-0  16807+0 0  9990
2 27976 063.4094 143.0710 4188356 331.9100 010.7160 06.32404067120973
0 SL-12 DEB
1 27976U 88085W   09051.25773897  .00021370  00000-0  16275+0 0  9996
2 27976 063.4084 142.4525 4195463 331.7754 010.7580 06.32445772121031
0 SL-12 DEB
1 27976U 88085W   09051.57397086 +.00021346 +00000-0 +16282-0 0  9995
2 27976 063.4119 142.2489 4195110 331.7936 010.7564 06.32459284121055
0 SL-12 DEB
1 27976U 88085W   09052.20641050 +.00021136 +00000-0 +16032-0 0  9999
2 27976 063.4142 141.8398 4195836 331.7892 010.7507 06.32485098121094
0 SL-12 DEB
1 27976U 88085W   09053.31312030  .00021292  00000-0  15998+0 0  9997
2 27976 063.4106 141.1167 4197027 331.7961 010.7630 06.32533593121161
0 SL-12 DEB
1 27976U 88085W   09053.47121144 +.00021298 +00000-0 +16002-0 0  9992
2 27976 063.4109 141.0141 4196977 331.7973 010.7573 06.32540375121174
0 SL-12 DEB
1 27976U 88085W   09054.26165512  .00021895  00000-0  16396+0 0  9995
2 27976 063.4099 140.4957 4197249 331.7993 010.7789 06.32578029121227
0 SL-12 DEB
1 27976U 88085W   09055.21011666 +.00022477 +00000-0 +16752-0 0  9995
2 27976 063.4149 139.8833 4197696 331.8055 010.7689 06.32622938121288
0 SL-12 DEB
1 27976U 88085W   09056.31657553  .00023990  00000-0  17540+0 0  9994
2 27976 063.4145 139.1519 4200427 331.8078 010.7705 06.32679704121350
0 SL-12 DEB
1 27976U 88085W   09057.26488349  .00023105  00000-0  15716+0 0  9995
2 27976 063.3952 138.5103 4211807 331.5591 010.8010 06.32721208121412
0 SL-12 DEB
1 27976U 88085W   09058.21314589  .00023693  00000-0  16108+0 0  9993
2 27976 063.3943 137.8911 4211569 331.5498 010.8502 06.32768878121478
0 SL-12 DEB
1 27976U 88085W   09059.31934023  .00024376  00000-0  17440+0 0  9995
2 27976 063.4216 137.1880 4202998 331.7919 010.7681 06.32824741121543
0 SL-12 DEB
1 27976U 88085W   09059.47735774  .00024296  00000-0  17054+0 0  9996
2 27976 063.4322 137.0924 4206040 331.6986 010.7845 06.32832091121554
0 SL-12 DEB
1 27976U 88085W   09060.26743441  .00024336  00000-0  16140+0 0  9995
2 27976 063.3943 136.5308 4214888 331.5905 010.7813 06.32869529121608
0 SL-12 DEB
1 27976U 88085W   09061.21547140  .00023259  00000-0  14550+0 0  9995
2 27976 063.3794 135.8923 4223853 331.4404 010.7838 06.32908540121662
0 SL-12 DEB
1 27976U 88085W   09061.37349272  .00021998  00000-0  13421+0 0  9992
2 27976 063.4256 135.8224 4227737 331.3556 010.8376 06.32911722121677
0 SL-12 DEB
1 27976U 88085W   09062.32146755  .00021687  00000-0  12877+0 0  9998
2 27976 063.4416 135.2085 4231684 331.3020 010.8518 06.32952921121737
0 SL-12 DEB
1 27976U 88085W   09063.26937813  .00024619  00000-0  14273+0 0  9995
2 27976 063.4399 134.5783 4234989 331.2658 010.9145 06.33008556121791
0 SL-12 DEB
1 27976U 88085W   09064.21717520  .00024904  00000-0  14264+0 0  9999
2 27976 063.4303 133.9414 4236531 331.2478 010.8731 06.33057039121852
0 SL-12 DEB
1 27976U 88085W   09065.16491865  .00025845  00000-0  14822+0 0  9990
2 27976 063.4275 133.3171 4235981 331.2773 010.8745 06.33109516121910
0 SL-12 DEB
1 27976U 88085W   09066.27051560  .00027144  00000-0  15268+0 0  9996
2 27976 063.4422 132.5862 4238492 331.2787 010.8627 06.33173166121985
0 SL-12 DEB
1 27976U 88085W   09067.21808097  .00028044  00000-0  14225+0 0  9998
2 27976 063.3987 131.9147 4253537 330.9701 010.9464 06.33230159122042
0 SL-12 DEB
1 27976U 88085W   09067.53390924  .00028661  00000-0  14632+0 0  9995
2 27976 063.4091 131.7132 4252455 330.9879 010.9287 06.33250335122068
0 SL-12 DEB
1 27976U 88085W   09068.32345721  .00028248  00000-0  14754+0 0  9994
2 27976 063.4739 131.2433 4248783 331.0687 010.8798 06.33292944122118
0 SL-12 DEB
1 27976U 88085W   09069.27085917  .00026584  00000-0  12593+0 0  9997
2 27976 063.4439 130.5674 4262786 330.8398 010.8988 06.33337002122171
0 SL-12 DEB
1 27976U 88085W   09070.21820947  .00026295  00000-0  12982+0 0  9994
2 27976 063.4868 129.9764 4256457 331.0522 010.8839 06.33387249122239
0 SL-12 DEB
1 27976U 88085W   09071.16546414  .00025632  00000-0  11765+0 0  9995
2 27976 063.4611 129.3250 4266722 330.8008 010.9356 06.33432879122292
0 SL-12 DEB
1 27976U 88085W   09071.63907464  .00025490  00000-0  12068+0 0  9992
2 27976 063.4816 129.0260 4262122 330.9307 010.9173 06.33456717122328
0 SL-12 DEB
1 27976U 88085W   09072.27051614  .00025064  00000-0  12073+0 0  9993
2 27976 063.5120 128.6202 4259437 331.0714 010.8701 06.33488284122361
0 SL-12 DEB
1 27976U 88085W   09073.21761880  .00022591  00000-0  10470+0 0  9992
2 27976 063.5385 128.0013 4264801 330.9090 010.8574 06.33521847122422
0 SL-12 DEB
1 27976U 88085W   09074.16470008  .00019997  00000-0  88751-1 0  9991
2 27976 063.5176 127.3508 4270825 330.8698 010.8442 06.33550259122486
0 SL-12 DEB
1 27976U 88085W   09074.48042171  .00018949  00000-0  84730-1 0  9991
2 27976 063.5465 127.1847 4269599 330.8948 010.9231 06.33559627122503
0 SL-12 DEB
1 27976U 88085W   09075.11174555  .00020457  00000-0  84611-1 0  9999
2 27976 063.5485 126.7386 4280453 330.5875 011.0135 06.33592992122547
0 SL-12 DEB
1 27976U 88085W   09075.42739213  .00021975  00000-0  94285-1 0  9995
2 27976 063.5623 126.5351 4275210 330.7758 010.9383 06.33611563122569
0 SL-12 DEB
1 27976U 88085W   09076.21649548  .00025816  00000-0  10994+0 0  9995
2 27976 063.5598 126.0029 4275903 330.7784 011.0023 06.33666257122614
0 SL-12 DEB
1 27976U 88085W   09077.16329808  .00025492  00000-0  10704+0 0  9993
2 27976 063.5658 125.3665 4277557 330.7793 010.8953 06.33711952122674
0 SL-12 DEB
1 27976U 88085W   09078.26786505  .00022861  00000-0  94626-1 0  9990
2 27976 063.5903 124.6371 4279257 330.7925 010.8470 06.33754364122745
0 SL-12 DEB
1 27976U 88085W   09080.16124623  .00020474  00000-0  80398-1 0  9998
2 27976 063.6209 123.3777 4285990 330.7137 010.8236 06.33825576122864
0 SL-12 DEB
1 27976U 88085W   09081.10789614  .00019064  00000-0  57431-1 0  9995
2 27976 063.5462 122.6667 4320710 329.9275 011.0605 06.33855329122926
0 SL-12 DEB
1 27976U 88085W   09085.05157763  .00002660  00000-0  76459-2 0  9993
2 27976 063.6411 120.0531 4325104 330.0617 010.3364 06.33901433123178
0 SL-12 DEB
1 27976U 88085W   09085.20964507  .00002743  00000-0  79263-2 0  9990
2 27976 063.6426 119.9441 4324455 330.0928 011.0425 06.33902511123189
0 SL-12 DEB
1 27976U 88085W   09086.47166302  .00003685  00000-0  11922-1 0  9990
2 27976 063.6963 119.1499 4310395 330.4550 010.9606 06.33914732123269
0 SL-12 DEB
1 27976U 88085W   09087.41815870 +.00002959 +00000-0 +95060-2 0  9995
2 27976 063.7115 118.5165 4311179 330.4607 010.9312 06.33917625123321
0 SL-12 DEB
1 27976U 88085W   09088.20690434  .00002400  00000-0  76304-2 0  9991
2 27976 063.7218 117.9885 4312383 330.4554 010.9206 06.33919941123376
0 SL-12 DEB
1 27976U 88085W   09088.52240582 +.00002398 +00000-0 +76253-2 0  9990
2 27976 063.7239 117.7813 4312366 330.4477 010.9319 06.33921441123398
0 SL-12 DEB
1 27976U 88085W   09089.31114565  .00003321  00000-0  10518-1 0  9997
2 27976 063.7317 117.2536 4313222 330.4405 010.9449 06.33930126123445
0 SL-12 DEB
1 27976U 88085W   09089.46888491 +.00003316 +00000-0 +10503-1 0  9997
2 27976 063.7324 117.1497 4313223 330.4363 010.9300 06.33931146123452
0 SL-12 DEB
1 27976U 88085W   09090.41535675  .00002549  00000-0  77763-2 0  9996
2 27976 063.7449 116.5102 4317777 330.4326 010.8857 06.33934022123512
0 SL-12 DEB
1 27976U 88085W   09090.41536927 +.00002844 +00000-0 +87163-2 0  9990
2 27976 063.7435 116.5116 4317305 330.4322 010.9187 06.33934962123515
0 SL-12 DEB
1 27976U 88085W   09091.20409134  .00002225  00000-0  66741-2 0  9999
2 27976 063.7466 115.9827 4319725 330.4196 010.8959 06.33936744123569
0 SL-12 DEB
1 27976U 88085W   09092.30830788  .00003278  00000-0  97542-2 0  9996
2 27976 063.7581 115.2448 4320957 330.4070 010.9342 06.33947759123632
0 SL-12 DEB
1 27976U 88085W   09094.04344657  .00004527  00000-0  13232-1 0  9995
2 27976 063.7642 114.0827 4323221 330.3966 010.9465 06.33967486123745
0 SL-12 DEB
1 27976U 88085W   09094.51664035  .00004871  00000-0  14304-1 0  9995
2 27976 063.7690 113.7688 4322616 330.4146 010.9076 06.33973411123773
0 SL-12 DEB
1 27976U 88085W   09095.46304037  .00005720  00000-0  16597-1 0  9993
2 27976 063.7904 113.1354 4324149 330.4239 010.8944 06.33987533123831
0 SL-12 DEB
1 27976U 88085W   09096.56715962  .00005745  00000-0  16281-1 0  9995
2 27976 063.7965 112.3992 4327058 330.4072 010.8908 06.34000330123904
0 SL-12 DEB
1 27976U 88085W   09097.19807174  .00005003  00000-0  13892-1 0  9994
2 27976 063.8023 111.9754 4329557 330.4006 010.8563 06.34003361123942
0 SL-12 DEB
1 27976U 88085W   09097.51353915 +.00005031 +00000-0 +13926-1 0  9998
2 27976 063.8051 111.7660 4329968 330.3976 010.8811 06.34006776123969
0 SL-12 DEB
1 27976U 88085W   09098.30217125  .00004542  00000-0  12442-1 0  9996
2 27976 063.8153 111.2370 4331263 330.3900 010.8622 06.34012074124018
0 SL-12 DEB
1 27976U 88085W   09098.45990398 +.00004560 +00000-0 +12507-1 0  9994
2 27976 063.8155 111.1327 4331126 330.3888 010.8788 06.34013602124026
0 SL-12 DEB
1 27976U 88085W   09099.40625747  .00004103  00000-0  11181-1 0  9993
2 27976 063.8196 110.5011 4331990 330.3756 010.8776 06.34019789124082
0 SL-12 DEB
1 27976U 88085W   09100.03715081  .00003788  00000-0  10248-1 0  9997
2 27976 063.8215 110.0754 4332937 330.3644 010.8633 06.34022966124129
0 SL-12 DEB
1 27976U 88085W   09100.35260215 +.00003473 +00000-0 +93947-2 0  9995
2 27976 063.8251 109.8644 4332966 330.3650 010.8716 06.34024196124143
0 SL-12 DEB
1 27976U 88085W   09101.29893637  .00003642  00000-0  97241-2 0  9998
2 27976 063.8300 109.2318 4334624 330.3508 010.8678 06.34031631124201
0 SL-12 DEB
1 27976U 88085W   09102.08754023  .00003920  00000-0  10323-1 0  9995
2 27976 063.8338 108.7004 4336279 330.3495 010.8715 06.34039834124251
0 SL-12 DEB
1 27976U 88085W   09103.03384677 +.00004395 +00000-0 +11498-1 0  9996
2 27976 063.8420 108.0695 4337046 330.3410 010.8693 06.34049842124314
0 SL-12 DEB
1 27976U 88085W   09104.13785335  .00004332  00000-0  11148-1 0  9997
2 27976 063.8551 107.3356 4338892 330.3292 010.8481 06.34059037124382
0 SL-12 DEB
1 27976U 88085W   09105.08414042  .00005100  00000-0  13012-1 0  9992
2 27976 063.8793 106.7074 4339794 330.3349 010.8614 06.34071027124443
0 SL-12 DEB
1 27976U 88085W   09105.39956052  .00005180  00000-0  13653-1 0  9997
2 27976 063.8745 106.4964 4335801 330.4433 010.8284 06.34074543124466
0 SL-12 DEB
1 27976U 88085W   09106.34581917 +.00005232 +00000-0 +13538-1 0  9997
2 27976 063.8787 105.8604 4337868 330.4412 010.8190 06.34084773124527
0 SL-12 DEB
1 27976U 88085W   09107.29206272  .00005015  00000-0  12580-1 0  9995
2 27976 063.8875 105.2254 4341470 330.4294 010.7944 06.34093306124586
0 SL-12 DEB
1 27976U 88085W   09109.02681596  .00007197  00000-0  17291-1 0  9991
2 27976 063.9102 104.0530 4346537 330.4331 010.8657 06.34125822124698
0 SL-12 DEB
1 27976U 88085W   09109.49987815  .00007296  00000-0  17631-1 0  9993
2 27976 063.9153 103.7398 4345797 330.4501 010.7950 06.34133170124722
0 SL-12 DEB
1 27976U 88085W   09111.07681101  .00008651  00000-0  20395-1 0  9996
2 27976 063.9301 102.6773 4348629 330.4388 010.8030 06.34163126124827
0 SL-12 DEB
1 27976U 88085W   09112.02292406  .00008250  00000-0  18810-1 0  9992
2 27976 063.9371 102.0408 4352484 330.4486 010.7651 06.34179086124882
0 SL-12 DEB
1 27976U 88085W   09112.96902216  .00007715  00000-0  17548-1 0  9994
2 27976 063.9340 101.4080 4352710 330.4466 010.7462 06.34191134124942
0 SL-12 DEB
1 27976U 88085W   09114.07278763  .00009775  00000-0  21405-1 0  9996
2 27976 063.9584 100.6590 4357085 330.4189 010.7969 06.34219206125013
0 SL-12 DEB
1 27976U 88085W   09115.01880561  .00009876  00000-0  21034-1 0  9996
2 27976 063.9616 100.0181 4360200 330.4040 010.7618 06.34239634125072
0 SL-12 DEB
1 27976U 88085W   09115.96480552  .00009989  00000-0  19976-1 0  9993
2 27976 063.9602 099.3739 4367284 330.1946 010.8139 06.34259417125134
0 SL-12 DEB
1 27976U 88085W   09116.91077762  .00009788  00000-0  19582-1 0  9994
2 27976 064.0027 098.7734 4367131 330.1820 010.7952 06.34276990125190
0 SL-12 DEB
1 27976U 88085W   09121.00970263  .00012824  00000-0  26466-1 0  9992
2 27976 064.0185 095.9826 4362893 330.6716 010.8883 06.34386813125454
0 SL-12 DEB
1 27976U 88085W   09121.48248988  .00012784  00000-0  27541-1 0  9996
2 27976 064.0610 095.7062 4357903 330.7562 010.6222 06.34399029125484
0 SL-12 DEB
1 27976U 88085W   09122.42825493  .00013259  00000-0  28510-1 0  9998
2 27976 064.0567 095.0804 4357972 330.7151 010.6691 06.34427244125540
0 SL-12 DEB
1 27976U 88085W   09122.90110728  .00012301  00000-0  25184-1 0  9990
2 27976 064.0517 094.7420 4363568 330.7446 010.5280 06.34431420125577
0 SL-12 DEB
1 27976U 88085W   09123.37400561  .00012884  00000-0  26360-1 0  9992
2 27976 064.0825 094.4386 4363585 330.7691 010.6000 06.34446212125608
0 SL-12 DEB
1 27976U 88085W   09123.84685682 +.00012975 +00000-0 +26607-1 0  9998
2 27976 064.0833 094.1259 4363274 330.7588 010.6059 06.34458945125636
0 SL-12 DEB
1 27976U 88085W   09124.00447102  .00013183  00000-0  26267-1 0  9994
2 27976 064.1091 094.0004 4366503 330.7784 010.5858 06.34464890125649
0 SL-12 DEB
1 27976U 88085W   09124.95013614 +.00013311 +00000-0 +26249-1 0  9998
2 27976 064.1188 093.3717 4367570 330.7336 010.5960 06.34490203125705
0 SL-12 DEB
1 27976U 88085W   09125.89576407  .00013245  00000-0  26387-1 0  9995
2 27976 064.1192 092.7445 4366329 330.7270 010.6015 06.34515132125766
0 SL-12 DEB
1 27976U 88085W   09127.94449620  .00012140  00000-0  23404-1 0  9999
2 27976 064.1330 091.3636 4369834 330.7182 010.5368 06.34562994125895
0 SL-12 DEB
1 27976U 88085W   09128.89004178  .00014217  00000-0  27338-1 0  9996
2 27976 064.1382 090.7340 4369888 330.7166 010.6340 06.34597865125951
0 SL-12 DEB
1 27976U 88085W   09129.83549074  .00015643  00000-0  30161-1 0  9992
2 27976 064.1436 090.1065 4369337 330.6984 010.6342 06.34633108126016
0 SL-12 DEB
1 27976U 88085W   09130.93845451  .00014037  00000-0  26443-1 0  9997
2 27976 064.1449 089.3636 4371750 330.6503 010.6034 06.34660080126087
0 SL-12 DEB
1 27976U 88085W   09130.93845451 +.00014037 +00000-0 +26443-1 0  9997
2 27976 064.1449 089.3636 4371750 330.6503 010.6034 06.34660080126087
0 SL-12 DEB
1 27976U 88085W   09134.87726152  .00014224  00000-0  20364-1 0  9994
2 27976 064.1003 086.6460 4400174 329.9971 011.0348 06.34787845126331
0 SL-12 DEB
1 27976U 88085W   09135.82233663  .00012189  00000-0  22626-1 0  9991
2 27976 064.1935 086.0902 4372337 330.6998 010.5898 06.34807349126399
0 SL-12 DEB
1 27976U 88085W   09135.97987387  .00013852  00000-0  20778-1 0  9990
2 27976 064.1254 085.9288 4395158 330.0786 010.7916 06.34817683126400
0 SL-12 DEB
1 27976U 88085W   09136.92500568  .00014657  00000-0  24717-1 0  9999
2 27976 064.1663 085.3339 4382578 330.3429 010.7326 06.34848292126465
0 SL-12 DEB
1 27976U 88085W   09137.87009060  .00014462  00000-0  21660-1 0  9993
2 27976 064.1463 084.6807 4394996 330.0216 010.7800 06.34874363126525
0 SL-12 DEB
1 27976U 88085W   09138.81515221  .00013782  00000-0  24353-1 0  9995
2 27976 064.1703 084.0772 4377257 330.4101 010.6925 06.34897497126581
0 SL-12 DEB
1 27976U 88085W   09138.97266403  .00013034  00000-0  22025-1 0  9991
2 27976 064.1611 083.9596 4382101 330.3047 010.7193 06.34898601126590
0 SL-12 DEB
1 27976U 88085W   09139.91768886  .00012196  00000-0  19930-1 0  9997
2 27976 064.1357 083.3014 4385603 330.2105 010.7415 06.34919322126658
0 SL-12 DEB
1 27976U 88085W   09140.86268485  .00012136  00000-0  19375-1 0  9990
2 27976 064.1122 082.6496 4387973 330.1302 010.7753 06.34941823126717
0 SL-12 DEB
1 27976U 88085W   09141.80764275  .00011783  00000-0  20560-1 0  9998
2 27976 064.1039 082.0139 4378302 330.3281 010.7318 06.34962595126778
0 SL-12 DEB
1 27976U 88085W   09141.80765351  .00011747  00000-0  23018-1 0  9995
2 27976 064.1519 082.0917 4365280 330.6251 010.6790 06.34962592126776
0 SL-12 DEB
1 27976U 88085W   09142.91006096  .00010349  00000-0  16410-1 0  9997
2 27976 064.1227 081.2901 4388476 330.0222 010.7911 06.34980895126840
0 SL-12 DEB
1 27976U 88085W   09143.85497541  .00009943  00000-0  19260-1 0  9994
2 27976 064.0451 080.5980 4366546 330.5463 010.7073 06.34997594126903
0 SL-12 DEB
1 27976U 88085W   09144.79984594  .00009477  00000-0  19603-1 0  9990
2 27976 064.0830 080.0062 4358988 330.6931 010.6497 06.35014016126967
0 SL-12 DEB
1 27976U 88085W   09144.95732897  .00009133  00000-0  19166-1 0  9998
2 27976 064.1206 079.9346 4357321 330.7121 010.6522 06.35015675126971
0 SL-12 DEB
1 27976U 88085W   09145.90218508  .00011060  00000-0  19387-1 0  9999
2 27976 064.0724 079.2611 4377221 330.2076 010.8143 06.35044979127036
0 SL-12 DEB
1 27976U 88085W   09146.84698181  .00005949  00000-0  11279-1 0  9993
2 27976 064.1364 078.6883 4368702 330.3108 010.6032 06.35029844127097
0 SL-12 DEB
1 27976U 88085W   09147.79189661  .00003863  00000-0  73115-2 0  9997
2 27976 064.2176 078.1354 4368953 330.2493 010.7482 06.35029773127159
0 SL-12 DEB
1 27976U 88085W   09148.73676213  .00002392  00000-0  46106-2 0  9992
2 27976 064.1944 077.4887 4367140 330.2856 010.7721 06.35028674127216
0 SL-12 DEB
1 27976U 88085W   09148.73678711  .00001608  00000-0  30068-2 0  9996
2 27976 064.1553 077.4831 4370120 330.2149 010.8384 06.35025589127227
0 SL-12 DEB
1 27976U 88085W   09148.89424969  .00001623  00000-0  30171-2 0  9999
2 27976 064.2083 077.3935 4371334 330.1562 010.8291 06.35026553127225
0 SL-12 DEB
1 27976U 88085W   09149.83910007  .00001699  00000-0  33390-2 0  9996
2 27976 064.2110 076.7716 4365463 330.2524 010.8282 06.35030187127285
0 SL-12 DEB
1 27976U 88085W   09150.78393721 +.00001913 +00000-0 +37385-2 0  9997
2 27976 064.2071 076.1425 4366297 330.1942 010.8458 06.35034729127349
0 SL-12 DEB
1 27976U 88085W   09151.72876792  .00002132  00000-0  41726-2 0  9994
2 27976 064.2135 075.5225 4366323 330.1440 010.8639 06.35039713127400
0 SL-12 DEB
1 27976U 88085W   09151.88623704  .00002326  00000-0  46246-2 0  9991
2 27976 064.2272 075.4317 4364453 330.1701 010.8565 06.35041222127412
0 SL-12 DEB
1 27976U 88085W   09152.83105952  .00001821  00000-0  35564-2 0  9997
2 27976 064.2431 074.8197 4367075 330.0484 010.8784 06.35043053127471
0 SL-12 DEB
1 27976U 88085W   09153.77588755  .00001443  00000-0  28798-2 0  9998
2 27976 064.2591 074.2099 4365383 330.0269 010.8964 06.35044304127531
0 SL-12 DEB
1 27976U 88085W   09154.72071319  .00000812  00000-0  17513-2 0  9999
2 27976 064.2088 073.5430 4358568 330.1785 010.8656 06.35042906127594
0 SL-12 DEB
1 27976U 88085W   09154.87818703  .00000380  00000-0  81679-3 0  9996
2 27976 064.2325 073.4596 4364202 330.0044 010.9127 06.35041573127604
0 SL-12 DEB
1 27976U 88085W   09155.82301765 -.00000097  00000-0 -12490-3 0  9999
2 27976 064.2699 072.8674 4364783 329.9078 010.9493 06.35040282127664
0 SL-12 DEB
1 27976U 88085W   09155.82302568 -.00000074  00000-0  00000+0 0  9995
2 27976 064.1590 072.8020 4361926 330.0193 010.9438 06.35039515127661
0 SL-12 DEB
1 27976U 88085W   09156.76785203 -.00000071  00000-0 -82070-4 0  9990
2 27976 064.2705 072.2445 4363137 329.8983 010.9746 06.35040361127724
0 SL-12 DEB
1 27976U 88085W   09157.71268068  .00000109  00000-0  26175-3 0  9994
2 27976 064.2098 071.5653 4366107 329.8047 011.0145 06.35041078127780
0 SL-12 DEB
1 27976U 88085W   09157.87014657  .00000396  00000-0  84310-3 0  9997
2 27976 064.2581 071.5076 4362546 329.8378 011.0034 06.35042611127798
0 SL-12 DEB
1 27976U 88085W   09158.81497140 -.00000067  00000-0 -90408-4 0  9997
2 27976 064.2973 070.9168 4364924 329.6996 011.0350 06.35041057127855
0 SL-12 DEB
1 27976U 88085W   09159.75980696  .00000236  00000-0  46309-3 0  9990
2 27976 064.3326 070.3235 4372704 329.4536 011.1077 06.35042614127914
0 SL-12 DEB
1 27976U 88085W   09160.86211056 -.00002303  00000-0 -49273-2 0  9992
2 27976 064.3052 069.5805 4354152 329.8431 010.9810 06.35027020127981
0 SL-12 DEB
1 27976U 88085W   09161.80698709 -.00003550  00000-0 -72366-2 0  9995
2 27976 064.3835 069.0257 4360070 329.5757 011.0841 06.35016436128043
0 SL-12 DEB
1 27976U 88085W   09162.75187343 -.00004757  00000-0  00000+0 0  9999
2 27976 064.1626 068.2469 4341865 330.0235 011.0274 06.35002222128109
0 SL-12 DEB
1 27976U 88085W   09162.75187364 -.00004232  00000-0 -85191-2 0  9998
2 27976 064.4301 068.4462 4361650 329.4472 011.1422 06.35005829128108
0 SL-12 DEB
1 27976U 88085W   09163.85425375 -.00005613  00000-0 -10213-1 0  9993
2 27976 064.5084 067.7883 4373124 329.0835 011.2239 06.34989772128175
0 SL-12 DEB
1 27976U 88085W   09165.74411590 -.00007665  00000-0 -15892-1 0  9994
2 27976 064.4844 066.5309 4358734 329.2472 011.2043 06.34954887128292
0 SL-12 DEB
1 27976U 88085W   09166.84660203 -.00005130  00000-0 -11040-1 0  9999
2 27976 064.4329 065.7719 4354348 329.3885 011.2505 06.34953996128363
0 SL-12 DEB
1 27976U 88085W   09168.73653151 -.00011337  00000-0 -32781-1 0  9994
2 27976 064.4172 064.5303 4319420 329.9192 010.8299 06.34881575128485
0 SL-12 DEB
1 27976U 88085W   09169.68174552 -.00012954  00000-0  00000+0 0  9994
2 27976 064.1662 063.7316 4310223 330.1677 011.0772 06.34850803128552
0 SL-12 DEB
1 27976U 88085W   09170.78437929 -.00014640  00000-0 -34393-1 0  9996
2 27976 064.3874 063.1643 4345256 329.1191 011.2578 06.34815389128612
0 SL-12 DEB
1 27976U 88085W   09170.78437929 -.00014640  00000-0 -34393-1 0  9996
2 27976 064.3874 063.1643 4345256 329.1191 011.2578 06.34815389128612
0 SL-12 DEB
1 27976U 88085W   09174.72296503 -.00022042  00000-0 -67907-1 0  9997
2 27976 064.5420 060.7793 4312981 329.2714 011.0321 06.34642646128866
0 SL-12 DEB
1 27976U 88085W   09176.61410913 -.00025095  00000-0  00000+0 0  9999
2 27976 064.1702 059.2848 4281241 329.9486 011.2626 06.34538021128991
0 SL-12 DEB
1 27976U 88085W   09179.76626256 -.00029051  00000-0 -97291-1 0  9994
2 27976 064.5447 057.5265 4304087 329.0709 010.5966 06.34331378129185
0 SL-12 DEB
1 27976U 88085W   09183.70856745 -.00063569  00000-0 -21606+0 0  9998
2 27976 064.5468 054.9917 4305162 328.8416 009.7572 06.33866285129430
0 SL-12 DEB
1 27976U 88085W   09188.59232949 -.00005042  00000-0 -34393-1 0  9995
2 27976 063.9872 051.7186 4210797 329.2223 349.3381 06.32747643129745
0 SL-12 DEB
1 27976U 88085W   09189.70847471 -.00070107  00000-0 -48559+0 0  9992
2 27976 064.0259 051.0271 4206556 329.3054 013.3963 06.33080645129810
0 SL-12 DEB
1 27976U 88085W   09190.65559734 -.00069758  00000-0 -50459+0 0  9992
2 27976 064.0563 050.4332 4200406 329.4170 011.7081 06.32947640129872
0 SL-12 DEB
1 27976U 88085W   09191.60364820 -.00068579  00000-0 -47791+0 0  9993
2 27976 064.0373 049.8177 4207261 329.1869 011.8242 06.32822605129938
0 SL-12 DEB
1 27976U 88085W   09192.55186313 -.00067482  00000-0 -42434+0 0  9998
2 27976 063.9604 049.1610 4224366 328.6681 011.9923 06.32700345129998
0 SL-12 DEB
1 27976U 88085W   09192.70989129 -.00068010  00000-0 -40022+0 0  9990
2 27976 063.8732 049.0053 4234799 328.3868 012.0077 06.32676037130000
0 SL-12 DEB
1 27976U 88085W   09196.66305050 -.00050391  00000-0 -46311+0 0  9994
2 27976 063.8157 046.5941 4164621 328.5798 013.2331 06.32260113130256
0 SL-12 DEB
1 27976U 88085W   09197.61163494 -.00049237  00000-0  00000+0 0  9995
2 27976 063.9465 046.1431 4129781 329.2151 012.0515 06.32167355130310
0 SL-12 DEB
1 27976U 88085W   09204.57392178 -.00025997  00000-0  10000-3 0  9994
2 27976 063.9273 041.9186 3904293 332.8593 011.2495 06.31774092130752
0 SL-12 DEB
1 27976U 88085W   09204.73217663 -.00024566  00000-0  10000-3 0  9998
2 27976 063.8922 041.8305 3904368 332.5755 011.3700 06.31773441130762
0 SL-12 DEB
1 27976U 88085W   09204.73217897 -.00024571  00000-0  10000-3 0  9993
2 27976 063.9274 041.8577 3904368 332.5606 011.3769 06.31773638130762
0 SL-12 DEB
1 27976U 88085W   09205.52597602 -.00025978  00000-0 -24214+0 0  9997
2 27976 064.5378 041.8296 4165534 326.2537 018.1574 06.31733115130811
0 SL-12 DEB
1 27976U 88085W   09215.50050339 -.00023963  00000-0 -70151+0 0  9990
2 27976 063.6826 035.2787 3932593 329.5922 012.3656 06.31197851131449
0 SL-12 DEB
1 27976U 88085W   09218.51106919 -.00025813  00000-0 -55381+0 0  9994
2 27976 063.3419 033.3176 4005772 326.3614 013.5692 06.31037906131637
0 SL-12 DEB
1 27976U 88085W   09219.46195261 -.00025648  00000-0 -55381+0 0  9993
2 27976 063.3345 032.7205 4004698 326.4274 013.6140 06.30988816131699
0 SL-12 DEB
1 27976U 88085W   09223.42462504 -.00021488  00000-0 -43797+0 0  9997
2 27976 063.3708 030.3513 4018611 325.6827 014.1063 06.30816533131947
0 SL-12 DEB
1 27976U 88085W   09224.53424492 -.00010030  00000-0 -43797+0 0  9995
2 27976 063.7790 030.1373 3832374 329.1738 013.4147 06.30827477132016
0 SL-12 DEB
1 27976U 88085W   09225.48523601 -.00010040  00000-0 -43797+0 0  9993
2 27976 063.8139 029.5963 3832729 329.1612 013.0917 06.30812942132074
0 SL-12 DEB
1 27976U 88085W   09231.50978778 -.00007802  00000-0 -43797+0 0  9994
2 27976 063.8608 026.0347 3761604 330.0477 013.2751 06.30710826132454
0 SL-12 DEB
1 27976U 88085W   09232.46094486 -.00007643  00000-0 -43797+0 0  9998
2 27976 063.8559 025.4757 3755576 330.1747 012.8728 06.30696997132517
0 SL-12 DEB
1 27976U 88085W   09235.47360414 -.00008947  00000-0 -43797+0 0  9997
2 27976 063.8091 023.5999 3801106 328.7997 013.9594 06.30689888132701
0 SL-12 DEB
1 27976U 88085W   09236.42468183 -.00009730  00000-0 -43797+0 0  9996
2 27976 063.7927 023.0100 3824623 328.2305 013.5157 06.30672102132762
0 SL-12 DEB
1 27976U 88085W   09238.48648757 -.00017548  00000-0 -43797+0 0  9997
2 27976 062.9809 021.0479 3973636 325.2289 015.7066 06.30686748132894
0 SL-12 DEB
1 27976U 88085W   09245.46369603 -.00010824  00000-0 -43797+0 0  9993
2 27976 063.4857 017.2688 3853045 327.2358 017.6337 06.30709963133339
0 SL-12 DEB
1 27976U 88085W   09250.37754425 -.00007498  00000-0 -43797+0 0  9992
2 27976 063.3918 014.2380 3749811 329.4044 014.9567 06.30714770133644
0 SL-12 DEB
1 27976U 88085W   09257.35358390  .00003949  00000-0  12956+0 0  9996
2 27976 063.3549 009.8929 3910196 325.6303 018.2793 06.30846280134084
0 SL-12 DEB
1 27976U 88085W   09258.61997971  .00007199  00000-0  10000-3 0  9993
2 27976 063.5058 009.2490 3941748 324.8149 014.6226 06.30875153134165
0 SL-12 DEB
1 27976U 88085W   09260.36362937  .00004783  00000-0  12956+0 0  9990
2 27976 063.0900 007.8111 3955922 324.6477 014.8573 06.30891220134273
0 SL-12 DEB
1 27976U 88085W   09261.31455338  .00004368  00000-0  12956+0 0  9993
2 27976 063.1720 007.2882 3934289 325.1339 014.4858 06.30897502134337
0 SL-12 DEB
1 27976U 88085W   09262.26557776  .00004476  00000-0  12956+0 0  9997
2 27976 063.1475 006.6757 3940065 325.0132 014.5802 06.30910487134391
0 SL-12 DEB
1 27976U 88085W   09265.43550224  .00003323  00000-0  12956+0 0  9990
2 27976 063.0728 004.6794 3866060 326.5184 014.6207 06.30961239134598
0 SL-12 DEB
1 27976U 88085W   09267.33713409  .00003859  00000-0  12956+0 0  9991
2 27976 063.1387 003.5502 3903776 325.7992 014.6543 06.31008509134719
0 SL-12 DEB
1 27976U 88085W   09268.28784396  .00003585  00000-0  12956+0 0  9995
2 27976 063.0519 002.8864 3885348 326.3600 014.2626 06.31021710134778
0 SL-12 DEB
1 27976U 88085W   09272.24952409  .00004712  00000-0  12956+0 0  9991
2 27976 063.0195 000.3647 3950738 325.0661 015.5260 06.31126007135021
0 SL-12 DEB
1 27976U 88085W   09278.26976288  .00005306  00000-0  12956+0 0  9990
2 27976 063.1808 356.7116 3975812 324.4066 017.4707 06.31366068135406
0 SL-12 DEB
1 27976U 88085W   09281.59410874  .00022638  00000-0  10000-3 0  9993
2 27976 063.1343 354.5916 4003437 323.9271 014.8112 06.31546962135619
0 SL-12 DEB
1 27976U 88085W   09287.29587580  .00006791  00000-0  12956+0 0  9995
2 27976 063.2151 350.9748 4026566 323.8928 021.4195 06.31904567135979
0 SL-12 DEB
1 27976U 88085W   09288.40067309  .00006376  00000-0  12956+0 0  9990
2 27976 063.1887 350.2678 4013033 324.2619 014.5578 06.31897339136041
0 SL-12 DEB
1 27976U 88085W   09288.55889634  .00032323  00000-0  59111+0 0  9994
2 27976 063.1383 350.1449 4034072 323.7212 014.7695 06.31969988136059
0 SL-12 DEB
1 27976U 88085W   09288.55894566  .00006892  00000-0  12956+0 0  9992
2 27976 063.1970 350.1666 4029710 323.8902 014.6933 06.31900673136052
0 SL-12 DEB
1 27976U 88085W   09292.19860931  .00007597  00000-0  12956+0 0  9999
2 27976 063.2387 347.8616 4049140 323.7712 016.1247 06.32074415136287
0 SL-12 DEB
1 27976U 88085W   09294.09643202  .00028588  00000-0  49289+0 0  9992
2 27976 063.2392 346.6552 4044968 323.7003 015.5649 06.32249458136409
0 SL-12 DEB
1 27976U 88085W   09295.36130507  .00028717  00000-0  48104+0 0  9991
2 27976 063.2549 345.8434 4050443 323.7654 014.6318 06.32324158136482
0 SL-12 DEB
1 27976U 88085W   09295.51946071  .00028351  00000-0  46278+0 0  9993
2 27976 063.2500 345.7367 4055720 323.6785 014.6605 06.32331615136496
0 SL-12 DEB
1 27976U 88085W   09296.15202598  .00027611  00000-0  44369+0 0  9990
2 27976 063.2435 345.3186 4058723 323.7024 014.6087 06.32362553136535
0 SL-12 DEB
1 27976U 88085W   09296.46831218  .00024823  00000-0  39171+0 0  9998
2 27976 063.2593 345.1205 4062406 323.6634 014.6220 06.32369152136552
0 SL-12 DEB
1 27976U 88085W   09297.25897577  .00027007  00000-0  41852+0 0  9992
2 27976 063.2708 344.6099 4065696 323.6845 014.6487 06.32419591136607
0 SL-12 DEB
1 27976U 88085W   09298.20766360  .00023570  00000-0  35806+0 0  9996
2 27976 063.2734 343.9992 4069468 323.6230 014.5780 06.32455342136664
0 SL-12 DEB
1 27976U 88085W   09299.15633880  .00018648  00000-0  28085+0 0  9992
2 27976 063.2742 343.3931 4071111 323.6373 014.5105 06.32474443136727
0 SL-12 DEB
1 27976U 88085W   09300.10501678  .00017117  00000-0  25689+0 0  9996
2 27976 063.2735 342.7878 4071614 323.6487 014.5644 06.32500122136784
0 SL-12 DEB
1 27976U 88085W   09300.57934221  .00014526  00000-0  21737+0 0  9992
2 27976 063.2835 342.4879 4072201 323.6249 014.5896 06.32504168136819
0 SL-12 DEB
1 27976U 88085W   09301.21175603  .00019264  00000-0  28472+0 0  9992
2 27976 063.2929 342.0775 4074251 323.6226 014.7504 06.32551368136852
0 SL-12 DEB
1 27976U 88085W   09302.16021113  .00027440  00000-0  37956+0 0  9995
2 27976 063.2940 341.4681 4086686 323.6265 014.7530 06.32638150136913
0 SL-12 DEB
1 27976U 88085W   09303.26655501  .00034584  00000-0  46394+0 0  9994
2 27976 063.3014 340.7400 4091982 323.5849 014.6597 06.32733555136983
0 SL-12 DEB
1 27976U 88085W   09303.42455646 +.00034503 +00000-0 +45779-0 0  9998
2 27976 063.3103 340.6460 4094047 323.5470 014.5672 06.32744165136995
0 SL-12 DEB
1 27976U 88085W   09304.21473374 +.00023389 +00000-0 +30566-0 0  9992
2 27976 063.3253 340.1317 4097029 323.6070 014.2979 06.32741968137049
0 SL-12 DEB
1 27976U 88085W   09305.16305762 +.00015781 +00000-0 +20716-0 0  9995
2 27976 063.3252 339.5227 4096174 323.6328 014.4107 06.32751850137109
0 SL-12 DEB
1 27976U 88085W   09306.42738476 +.00020759 +00000-0 +26876-0 0  9991
2 27976 063.3345 338.7075 4098335 323.6508 014.6380 06.32822254137185
0 SL-12 DEB
1 27976U 88085W   09307.05940050  .00020207  00000-0  26086+0 0  9994
2 27976 063.3345 338.3035 4098748 323.6578 014.4755 06.32845023137220
0 SL-12 DEB
1 27976U 88085W   09308.16548410  .00022427  00000-0  28257+0 0  9999
2 27976 063.3469 337.5816 4103013 323.6808 014.4933 06.32902376137293
0 SL-12 DEB
1 27976U 88085W   09309.11345051  .00021304  00000-0  26018+0 0  9997
2 27976 063.3194 336.9370 4108715 323.6553 014.4088 06.32938588137359
0 SL-12 DEB
1 27976U 88085W   09310.06139371  .00016092  00000-0  17868+0 0  9990
2 27976 063.3143 336.3074 4126482 323.5064 014.2437 06.32947077137411
0 SL-12 DEB
1 27976U 88085W   09311.16738134  .00003846  00000-0  46100-1 0  9990
2 27976 063.2980 335.5576 4113243 323.8609 014.1017 06.32920692137480
0 SL-12 DEB
1 27976U 88085W   09312.11546170  .00001834  00000-0  19337-1 0  9990
2 27976 063.2717 334.9074 4137931 323.4581 014.3729 06.32921232137549
0 SL-12 DEB
1 27976U 88085W   09313.22145244  .00002090  00000-0  23449-1 0  9994
2 27976 063.3406 334.2511 4126178 323.7332 014.3176 06.32926140137619
0 SL-12 DEB
1 27976U 88085W   09314.01143834  .00002546  00000-0  29324-1 0  9999
2 27976 063.3682 333.7713 4120948 323.8319 014.3228 06.32932547137669
0 SL-12 DEB
1 27976U 88085W   09315.43337822  .00003159  00000-0  33310-1 0  9999
2 27976 063.4066 332.8562 4136893 323.6616 014.2876 06.32943155137757
0 SL-12 DEB
1 27976U 88085W   09316.38134013  .00002187  00000-0  22525-1 0  9997
2 27976 063.4118 332.2247 4141911 323.7043 014.2094 06.32941899137813
0 SL-12 DEB
1 27976U 88085W   09317.32932155 -.00001806  00000-0 -17633-1 0  9998
2 27976 063.4350 331.6093 4146784 323.7386 014.1527 06.32926813137871
0 SL-12 DEB
1 27976U 88085W   09318.11934265 -.00001388  00000-0 -13322-1 0  9996
2 27976 063.4430 331.0962 4148493 323.7489 014.2426 06.32927958137928
0 SL-12 DEB
1 27976U 88085W   09319.06731208  .00001403  00000-0  13955-1 0  9991
2 27976 063.4455 330.4818 4150829 323.7629 014.2520 06.32939654137987
0 SL-12 DEB
1 27976U 88085W   09320.17323895  .00003056  00000-0  29681-1 0  9993
2 27976 063.4533 329.7651 4152692 323.7710 014.2136 06.32951306138051
0 SL-12 DEB
1 27976U 88085W   09321.12116356  .00004223  00000-0  40355-1 0  9999
2 27976 063.4623 329.1464 4154938 323.7970 014.1773 06.32963339138112
0 SL-12 DEB
1 27976U 88085W   09322.06907388  .00004981  00000-0  47183-1 0  9993
2 27976 063.4632 328.5279 4156123 323.8172 014.1566 06.32975384138171
0 SL-12 DEB
1 27976U 88085W   09324.12282974  .00002298  00000-0  22839-1 0  9999
2 27976 063.3906 327.1722 4149093 323.8009 014.1047 06.32973476138308
0 SL-12 DEB
1 27976U 88085W   09324.43883075  .00004902  00000-0  46029-1 0  9993
2 27976 063.4937 326.9905 4157325 323.9134 014.1794 06.32999312138328
0 SL-12 DEB
1 27976U 88085W   09325.38666025  .00004942  00000-0  45813-1 0  9996
2 27976 063.4989 326.3693 4159375 323.9255 014.0799 06.33008751138383
0 SL-12 DEB
1 27976U 88085W   09325.38666025 +.00004942 +00000-0 +45813-1 0  9996
2 27976 063.4989 326.3693 4159375 323.9255 014.0799 06.33008751138383
0 SL-12 DEB
1 27976U 88085W   09326.33451123  .00003891  00000-0  35712-1 0  9992
2 27976 063.5035 325.7551 4161257 323.9343 014.0413 06.33012281138445
0 SL-12 DEB
1 27976U 88085W   09326.49250044 +.00003881 +00000-0 +35603-1 0  9996
2 27976 063.5041 325.6539 4161299 323.9332 014.0736 06.33013470138451
0 SL-12 DEB
1 27976U 88085W   09327.28237125  .00001679  00000-0  15347-1 0  9995
2 27976 063.5113 325.1373 4163424 323.9506 014.0107 06.33009414138508
0 SL-12 DEB
1 27976U 88085W   09328.07227041  .00000976  00000-0  90150-2 0  9994
2 27976 063.5138 324.6260 4163526 323.9497 014.0469 06.33008556138558
0 SL-12 DEB
1 27976U 88085W   09329.33608234  .00003801  00000-0  35894-1 0  9994
2 27976 063.4780 323.8190 4155993 323.9236 014.1909 06.33029062138637
0 SL-12 DEB
1 27976U 88085W   09329.96792445 -.00000169  00000-0 -12695-2 0  9992
2 27976 063.5199 323.4048 4164518 323.9584 013.8727 06.33004901138672
0 SL-12 DEB
1 27976U 88085W   09330.28395749 -.00000947  00000-0 -82011-2 0  9998
2 27976 063.5177 323.1908 4165041 323.9933 014.0210 06.33001294138694
0 SL-12 DEB
1 27976U 88085W   09331.07385369  .00000134  00000-0  14414-2 0  9991
2 27976 063.5229 322.6767 4165799 324.0178 014.0353 06.33005383138749
0 SL-12 DEB
1 27976U 88085W   09331.86373071  .00000434  00000-0  41614-2 0  9990
2 27976 063.5178 322.1636 4163951 324.0557 014.0195 06.33007325138798
0 SL-12 DEB
1 27976U 88085W   09332.02170299  .00001087  00000-0  98306-2 0  9991
2 27976 063.5270 322.0621 4167170 324.0715 013.9930 06.33011418138802
0 SL-12 DEB
1 27976U 88085W   09332.96955085  .00001615  00000-0  14316-1 0  9993
2 27976 063.5275 321.4427 4169313 324.1392 013.9430 06.33016456138865
0 SL-12 DEB
1 27976U 88085W   09334.07536712  .00002350  00000-0  20168-1 0  9998
2 27976 063.5532 320.7180 4173922 324.1741 013.9103 06.33024798138931
0 SL-12 DEB
1 27976U 88085W   09334.86522402  .00003787  00000-0  32628-1 0  9995
2 27976 063.5502 320.2052 4172307 324.2169 013.9229 06.33035854138981
0 SL-12 DEB
1 27976U 88085W   09335.02318135  .00001625  00000-0  14498-1 0  9994
2 27976 063.5150 320.0901 4168510 324.1628 013.9384 06.33026059138991
0 SL-12 DEB
1 27976U 88085W   09337.07679708  .00009524  00000-0  78853-1 0  9998
2 27976 063.5901 318.7465 4177718 324.3934 014.0979 06.33093014139129
0 SL-12 DEB
1 27976U 88085W   09338.02438071  .00008038  00000-0  64939-1 0  9999
2 27976 063.6092 318.1221 4181879 324.5205 013.6376 06.33101163139188
0 SL-12 DEB
1 27976U 88085W   09339.91981117  .00003306  00000-0  26466-1 0  9998
2 27976 063.6149 316.8889 4184343 324.6323 013.4872 06.33101414139309
0 SL-12 DEB
1 27976U 88085W   09340.23579793  .00000670  00000-0  54129-2 0  9997
2 27976 063.6233 316.6629 4189206 324.6832 013.5796 06.33092253139329
0 SL-12 DEB
1 27976U 88085W   09341.02559754  .00002482  00000-0  19591-1 0  9996
2 27976 063.6285 316.1531 4187285 324.7577 013.6259 06.33101105139372
0 SL-12 DEB
1 27976U 88085W   09341.49944965  .00001810  00000-0  14320-1 0  9998
2 27976 063.6326 315.8446 4187855 324.7916 013.5622 06.33098909139403
0 SL-12 DEB
1 27976U 88085W   09342.44718376  .00006029  00000-0  50558-1 0  9999
2 27976 063.5549 315.2391 4175650 324.6472 014.0808 06.33142635139462
0 SL-12 DEB
1 27976U 88085W   09348.29056201 -.00002203  00000-0 -15293-1 0  9999
2 27976 063.6978 311.4024 4201543 325.3479 010.7980 06.33071155139839
0 SL-12 DEB
1 27976U 88085W   09349.55534995 -.00000744  00000-0 -49264-2 0  9994
2 27976 063.6914 310.5875 4200043 325.3484 013.3686 06.33076356139912
0 SL-12 DEB
1 27976U 88085W   09350.18716025 -.00001002  00000-0 -73638-2 0  9991
2 27976 063.6057 310.1479 4187076 325.3245 013.4565 06.33076794139958
0 SL-12 DEB
1 27976U 88085W   09350.97691785  .00000225  00000-0  19693-2 0  9998
2 27976 063.7059 309.6609 4204289 325.4125 013.1549 06.33078812140003
0 SL-12 DEB
1 27976U 88085W   09351.92471993 -.00001348  00000-0 -95272-2 0  9997
2 27976 063.6666 309.0374 4197156 325.3525 013.3282 06.33069570140069
0 SL-12 DEB
1 27976U 88085W   09355.24192566  .00006149  00000-0  42264-1 0  9996
2 27976 063.7403 306.8798 4208805 325.7992 013.2128 06.33103915140273
0 SL-12 DEB
1 27976U 88085W   09356.97932946  .00002846  00000-0  19283-1 0  9996
2 27976 063.7436 305.7486 4212465 325.8011 013.0002 06.33107836140388
0 SL-12 DEB
1 27976U 88085W   09360.92808797  .00003023  00000-0  20151-1 0  9996
2 27976 063.7489 303.1886 4214982 326.0134 013.0976 06.33140850140638
0 SL-12 DEB
1 27976U 88085W   09361.87569987  .00003125  00000-0  20237-1 0  9994
2 27976 063.7370 302.5632 4219389 326.0151 012.9623 06.33146801140699
0 SL-12 DEB
1 27976U 88085W   09362.82335453  .00003478  00000-0  22051-1 0  9996
2 27976 063.7461 301.9555 4222343 326.0101 012.9736 06.33155752140753
0 SL-12 DEB
1 27976U 88085W   09363.92892519  .00005033  00000-0  31650-1 0  9993
2 27976 063.7367 301.2282 4222770 326.0476 012.9740 06.33170099140821
0 SL-12 DEB
1 27976U 88085W   09364.87652844  .00001849  00000-0  11810-1 0  9990
2 27976 063.7315 300.6083 4222543 326.0658 012.8730 06.33161959140885
0 SL-12 DEB
1 27976U 88085W   09365.82419190 -.00001627  00000-0 -10772-1 0  9993
2 27976 063.7436 300.0117 4209347 326.4059 012.7536 06.33142843140948
0 SL-12 DEB
1 27976U 88085W   10004.77285796 -.00007886  00000-0 -53609-1 0  9991
2 27976 063.7583 297.4719 4209022 326.6918 011.4820 06.33024695141198
0 SL-12 DEB
1 27976U 88085W   10005.24734337 -.00005989  00000-0 -41029-1 0  9999
2 27976 063.7703 297.1717 4207435 326.6958 012.7899 06.33023279141228
0 SL-12 DEB
1 27976U 88085W   10006.82708615 -.00006757  00000-0 -46263-1 0  9993
2 27976 063.7624 296.1513 4207613 326.7162 012.7372 06.32999662141323
0 SL-12 DEB
1 27976U 88085W   10007.77489655  .00000389  00000-0  26577-2 0  9998
2 27976 063.7456 295.5509 4209209 326.7296 012.7710 06.33031649141380
0 SL-12 DEB
1 27976U 88085W   10007.77497849 -.00007336  00000-0 -50192-1 0  9992
2 27976 063.7581 295.5396 4207862 326.7180 012.7396 06.32983031141388
0 SL-12 DEB
1 27976U 88085W   10010.14479252 -.00002098  00000-0 -13888-1 0  9996
2 27976 063.7547 294.0102 4209850 326.7557 012.9189 06.32983572141535
0 SL-12 DEB
1 27976U 88085W   10011.88253378 -.00012217  00000-0 -85755-1 0  9993
2 27976 063.7619 292.8801 4205028 326.9485 011.9592 06.32887419141644
0 SL-12 DEB
1 27976U 88085W   10012.83091057 -.00008389  00000-0 -58884-1 0  9991
2 27976 063.7593 292.2744 4204880 327.0013 012.7051 06.32880675141702
0 SL-12 DEB
1 27976U 88085W   10015.83317599 -.00009288  00000-0 -70105-1 0  9995
2 27976 063.6716 290.2692 4193713 327.3047 012.5786 06.32823602141890
0 SL-12 DEB
1 27976U 88085W   10016.78133523 -.00009980  00000-0 -72092-1 0  9999
2 27976 063.7524 289.7296 4201105 327.0817 012.6301 06.32801934141953
0 SL-12 DEB
1 27976U 88085W   10017.72953559 -.00010821  00000-0 -77824-1 0  9997
2 27976 063.7780 289.1476 4201998 327.0835 012.6410 06.32778559142016
0 SL-12 DEB
1 27976U 88085W   10018.67776660 -.00010927  00000-0 -80127-1 0  9995
2 27976 063.7525 288.5172 4198962 327.1801 012.6486 06.32757811142076
0 SL-12 DEB
1 27976U 88085W   10018.83580364 -.00009324  00000-0 -67332-1 0  9999
2 27976 063.7415 288.4126 4201361 327.1830 012.6432 06.32760873142086
0 SL-12 DEB
1 27976U 88085W   10019.78404108 -.00008326  00000-0 -59784-1 0  9998
2 27976 063.7384 287.8019 4202282 327.1724 012.6606 06.32749404142147
0 SL-12 DEB
1 27976U 88085W   10021.68053459 -.00004645  00000-0  00000+0 0  9993
2 27976 063.7762 286.6653 4176244 327.7646 012.5022 06.32738557142266
0 SL-12 DEB
1 27976U 88085W   10021.68056721 -.00008938  00000-0 -65571-1 0  9994
2 27976 063.7545 286.5885 4199043 327.1549 012.7004 06.32717511142268
0 SL-12 DEB
1 27976U 88085W   10022.15469548 -.00005444  00000-0 -43596-1 0  9994
2 27976 063.7463 286.2969 4184067 327.5825 012.6150 06.32730980142297
0 SL-12 DEB
1 27976U 88085W   10022.78684349 -.00003675  00000-0 -29156-1 0  9991
2 27976 063.7423 285.8938 4185184 327.5645 012.5657 06.32733453142339
0 SL-12 DEB
1 27976U 88085W   10023.73510360 -.00003402  00000-0 -26511-1 0  9998
2 27976 063.7212 285.2926 4188232 327.5516 012.5482 06.32730040142391
0 SL-12 DEB
1 27976U 88085W   10024.68337381 -.00002217  00000-0 -17322-1 0  9996
2 27976 063.7365 284.6908 4187323 327.5371 012.5589 06.32730452142454
0 SL-12 DEB
1 27976U 88085W   10025.78969497 -.00002350  00000-0 -18437-1 0  9993
2 27976 063.7205 283.9792 4187171 327.5222 012.5583 06.32724915142525
0 SL-12 DEB
1 27976U 88085W   10026.73797668 -.00002662 +00000-0 -20848-1 0  9993
2 27976 063.7152 283.3727 4187980 327.5135 012.5391 06.32718774142588
0 SL-12 DEB
1 27976U 88085W   10027.05407974 -.00002733  00000-0 -23193-1 0  9992
2 27976 063.7069 283.1671 4174518 327.8474 012.4679 06.32716592142600
0 SL-12 DEB
1 27976U 88085W   10027.68627692 -.00002533 +00000-0 -21444-1 0  9997
2 27976 063.7065 282.7652 4175065 327.8391 012.4702 06.32714344142640
0 SL-12 DEB
1 27976U 88085W   10028.79263012 -.00002916  00000-0 -24801-1 0  9997
2 27976 063.6942 282.0598 4174536 327.8210 012.4753 06.32706598142713
0 SL-12 DEB
1 27976U 88085W   10029.74094752 -.00002597 +00000-0 -21933-1 0  9994
2 27976 063.6894 281.4570 4175630 327.8131 012.4876 06.32703154142777
0 SL-12 DEB
1 27976U 88085W   10031.79564457 -.00001565  00000-0 -13123-1 0  9992
2 27976 063.6812 280.1552 4175586 327.7772 012.5273 06.32698567142901
0 SL-12 DEB
1 27976U 88085W   10033.69228063 -.00002409  00000-0 -22693-1 0  9993
2 27976 063.7326 279.0099 4155549 328.2100 012.3526 06.32687224143024
0 SL-12 DEB
1 27976U 88085W   10035.74707122 -.00003754  00000-0  00000+0 0  9998
2 27976 063.6742 277.7045 4153928 328.2320 012.3923 06.32668130143154
0 SL-12 DEB
1 27976U 88085W   10036.06316007 -.00003712  00000-0 -35492-1 0  9992
2 27976 063.6292 277.4348 4153685 328.2777 012.3089 06.32665881143178
0 SL-12 DEB
1 27976U 88085W   10036.69542934 -.00003407  00000-0 -32636-1 0  9999
2 27976 063.6264 277.0372 4153404 328.2667 012.3714 06.32663198143216
0 SL-12 DEB
1 27976U 88085W   10037.64380361 -.00003402 +00000-0 -32636-1 0  9994
2 27976 063.6263 276.4300 4153431 328.2587 012.3641 06.32656783143277
0 SL-12 DEB
1 27976U 88085W   10037.80186778 -.00002415  00000-0 -23214-1 0  9993
2 27976 063.6206 276.3468 4152670 328.2471 012.3927 06.32660996143283
0 SL-12 DEB
1 27976U 88085W   10038.75024016 -.00001014  00000-0 -97471-2 0  9995
2 27976 063.6022 275.7417 4151800 328.2414 012.4046 06.32663062143344
0 SL-12 DEB
1 27976U 88085W   10039.69860561 -.00000246  00000-0 -23242-2 0  9993
2 27976 063.5924 275.1371 4151955 328.2353 012.3966 06.32664805143403
0 SL-12 DEB
1 27976U 88085W   10040.64697289 -.00000349 +00000-0 -33654-2 0  9997
2 27976 063.5929 274.5305 4152157 328.2312 012.3829 06.32663701143466
0 SL-12 DEB
1 27976U 88085W   10041.59534943 -.00000019  00000-0 -20284-3 0  9999
2 27976 063.6127 273.9556 4135888 328.6051 012.3069 06.32665107143529
0 SL-12 DEB
1 27976U 88085W   10041.75340513  .00000064  00000-0  69476-3 0  9999
2 27976 063.6036 273.8663 4130881 328.6748 012.2945 06.32665911143533
0 SL-12 DEB
1 27976U 88085W   10042.70177373  .00000344  00000-0  41749-2 0  9990
2 27976 063.5936 273.3048 4111542 329.0976 012.1929 06.32666855143599
0 SL-12 DEB
1 27976U 88085W   10044.75657018 +.00001998 +00000-0 +23936-1 0  9999
2 27976 063.5963 272.0170 4114071 328.9237 012.3132 06.32677018143725
0 SL-12 DEB
1 27976U 88085W   10047.60156652 +.00001844 +00000-0 +24261-1 0  9996
2 27976 063.6395 270.2756 4096493 329.2384 012.1510 06.32686987143902
0 SL-12 DEB
1 27976U 88085W   10048.70795769  .00001746  00000-0  21274-1 0  9998
2 27976 063.5424 269.5112 4111068 328.8611 012.2603 06.32690018143976
0 SL-12 DEB
1 27976U 88085W   10049.02406638  .00001713  00000-0  19996-1 0  9990
2 27976 063.4757 269.2523 4119065 328.7033 012.2962 06.32690599143993
0 SL-12 DEB
1 27976U 88085W   10049.65628407 +.00001344 +00000-0 +15778-1 0  9993
2 27976 063.4666 268.8564 4117828 328.7021 012.2887 06.32690694144032
0 SL-12 DEB
1 27976U 88085W   10049.65628407  .00001344  00000-0  15778-1 0  9993
2 27976 063.4666 268.8564 4117828 328.7021 012.2887 06.32690694144032
0 SL-12 DEB
1 27976U 88085W   10049.65630448  .00001509  00000-0  17865-1 0  9993
2 27976 063.5925 268.9914 4115904 328.6615 012.3366 06.32691742144030
0 SL-12 DEB
1 27976U 88085W   10050.60461561 +.00001259 +00000-0 +14782-1 0  9995
2 27976 063.4588 268.2591 4117300 328.7039 012.2894 06.32692567144098
0 SL-12 DEB
1 27976U 88085W   10051.55294393  .00001067  00000-0  12509-1 0  9999
2 27976 063.4416 267.6486 4116813 328.7012 012.2959 06.32693947144155
0 SL-12 DEB
1 27976U 88085W   10051.71099786  .00001154  00000-0  13683-1 0  9997
2 27976 063.4257 267.5543 4114605 328.6927 012.3196 06.32695054144168
0 SL-12 DEB
1 27976U 88085W   10052.65931525  .00001092  00000-0  13088-1 0  9997
2 27976 063.4245 266.9709 4111863 328.6795 012.3273 06.32696850144226
0 SL-12 DEB
1 27976U 88085W   10053.60763368 +.00001096 +00000-0 +13088-1 0  9995
2 27976 063.4244 266.3644 4111833 328.6812 012.3222 06.32698903144285
0 SL-12 DEB
1 27976U 88085W   10056.61065880  .00000320  00000-0  43153-2 0  9999
2 27976 063.5918 264.7165 4090812 328.8359 012.3493 06.32699965144475
0 SL-12 DEB
1 27976U 88085W   10058.66528875  .00001116  00000-0  16960-1 0  9993
2 27976 063.4237 263.1296 4067153 329.9603 011.8808 06.32707900144600
0 SL-12 DEB
1 27976U 88085W   10061.66825605  .00001057  00000-0  20335-1 0  9993
2 27976 063.5086 261.5358 4020669 330.1318 011.9676 06.32706255144798
0 SL-12 DEB
1 27976U 88085W   10062.61657594  .00000407  00000-0  71939-2 0  9994
2 27976 063.5897 261.0135 4041990 329.5268 012.1399 06.32705121144855
0 SL-12 DEB
1 27976U 88085W   10063.56493233 -.00000223  00000-0  00000+0 0  9992
2 27976 063.5909 260.4276 4072469 328.8617 012.3672 06.32702651144922
0 SL-12 DEB
1 27976U 88085W   10064.51321161 +.00000311 +00000-0 +63151-2 0  9994
2 27976 063.5847 259.8408 4009156 330.2569 012.0050 06.32705972144979
0 SL-12 DEB
1 27976U 88085W   10067.51617813  .00000311  00000-0  63151-2 0  9999
2 27976 063.3364 257.7817 4002283 330.3184 012.0432 06.32706441145168
0 SL-12 DEB
1 27976U 88085W   10068.62250710 +.00000312 +00000-0 +63151-2 0  9992
2 27976 063.2756 257.0584 4003220 330.2128 012.0344 06.32706245145237
0 SL-12 DEB
1 27976U 88085W   10069.57080639 +.00000341 +00000-0 +63151-2 0  9990
2 27976 063.2485 256.4401 4024747 329.6784 012.1673 06.32707289145295
0 SL-12 DEB
1 27976U 88085W   10075.57670995  .00000346  00000-0  63151-2 0  9992
2 27976 062.9438 252.5156 4036814 329.0068 012.4532 06.32708614145672
0 SL-12 DEB
1 27976U 88085W   10077.15717838  .00000679  00000-0  11357-1 0  9995
2 27976 063.0014 251.5392 4050017 328.6285 012.5032 06.32712663145778
0 SL-12 DEB
1 27976U 88085W   10077.47327343  .00001166  00000-0  19636-1 0  9998
2 27976 063.0585 251.3921 4047533 328.6255 012.5160 06.32716358145792
0 SL-12 DEB
1 27976U 88085W   10078.42155726  .00001133  00000-0  19170-1 0  9995
2 27976 063.0341 250.7780 4045892 328.6225 012.5111 06.32716991145857
0 SL-12 DEB
1 27976U 88085W   10079.52789334 -.00000475  00000-0 -82443-2 0  9999
2 27976 062.9765 250.0647 4040491 328.7026 012.4819 06.32711094145921
0 SL-12 DEB
1 27976U 88085W   10080.47619968 -.00000961  00000-0 -16983-1 0  9995
2 27976 062.9870 249.4814 4036929 328.7669 012.4717 06.32706919145983
0 SL-12 DEB
1 27976U 88085W   10081.42451184 -.00001771  00000-0 -31437-1 0  9996
2 27976 062.9628 248.8600 4035776 328.8085 012.4622 06.32700289146049
0 SL-12 DEB
1 27976U 88085W   10084.42754341  .00001682  00000-0  10000-3 0  9994
2 27976 063.0755 247.1321 4017387 328.8080 012.5654 06.32698749146242
0 SL-12 DEB
1 27976U 88085W   10085.53391722 -.00003338  00000-0 -61926-1 0  9990
2 27976 062.9119 246.3150 4025088 328.5776 012.5006 06.32666926146301
0 SL-12 DEB
1 27976U 88085W   10086.48232699 -.00003322  00000-0 -61926-1 0  9995
2 27976 062.8976 245.7118 4023681 328.5733 012.6099 06.32660229146367
0 SL-12 DEB
1 27976U 88085W   10087.43069962 -.00003326 +00000-0 -61926-1 0  9996
2 27976 062.8975 245.1048 4023692 328.5996 012.5892 06.32653977146424
0 SL-12 DEB
1 27976U 88085W   10088.37908432 -.00003051  00000-0 -61926-1 0  9999
2 27976 062.9678 244.5751 4004751 328.9464 012.5341 06.32650653146481
0 SL-12 DEB
1 27976U 88085W   10089.48552844 -.00003329  00000-0 -61926-1 0  9992
2 27976 062.8731 243.8067 4023930 328.4550 012.6591 06.32642970146552
0 SL-12 DEB
1 27976U 88085W   10090.43392506 -.00003319 +00000-0 -61926-1 0  9995
2 27976 062.8708 243.2054 4023529 328.4793 012.6449 06.32637357146611
0 SL-12 DEB
1 27976U 88085W   10093.43725876 -.00003386  00000-0 -61926-1 0  9992
2 27976 062.7595 241.2571 4028573 328.1618 012.8573 06.32620161146809
0 SL-12 DEB
1 27976U 88085W   10094.38565467 -.00003391 +00000-0 -61926-1 0  9991
2 27976 062.7596 240.6487 4028880 328.1901 012.7623 06.32614517146864
0 SL-12 DEB
1 27976U 88085W   10095.49217086 -.00001529  00000-0 -28567-1 0  9990
2 27976 062.7391 239.9612 4022004 328.2035 012.8554 06.32618504146931
0 SL-12 DEB
1 27976U 88085W   10096.44057107 -.00001522 +00000-0 -28567-1 0  9995
2 27976 062.7372 239.3600 4020415 328.2311 012.7750 06.32615682146999
0 SL-12 DEB
1 27976U 88085W   10097.38900789 -.00001527  00000-0 -28567-1 0  9997
2 27976 062.7371 238.7502 4020394 328.2650 012.7542 06.32612845147059
0 SL-12 DEB
1 27976U 88085W   10097.38900789 -.00001527 +00000-0 -28567-1 0  9997
2 27976 062.7371 238.7502 4020394 328.2650 012.7542 06.32612845147059
0 SL-12 DEB
1 27976U 88085W   10098.49552543 -.00001435  00000-0 -28567-1 0  9999
2 27976 062.7733 238.1112 4005919 328.3758 012.8239 06.32613013147128
0 SL-12 DEB
1 27976U 88085W   10099.44393922 -.00001430  00000-0 -28567-1 0  9994
2 27976 062.7715 237.5126 4004608 328.4088 012.7711 06.32613143147181
0 SL-12 DEB
1 27976U 88085W   10100.39236052 -.00001415  00000-0 -28567-1 0  9994
2 27976 062.7987 236.9363 4002077 328.4456 012.7442 06.32612994147246
0 SL-12 DEB
1 27976U 88085W   10100.39237110 -.00001440  00000-0 -28567-1 0  9998
2 27976 062.8057 236.9355 4006004 328.3380 012.7941 06.32612617147241
0 SL-12 DEB
1 27976U 88085W   10101.49887562 -.00001547  00000-0 -28567-1 0  9990
2 27976 062.7112 236.1591 4022101 327.9784 012.9078 06.32614008147312
0 SL-12 DEB
1 27976U 88085W   10102.44729853 -.00001528  00000-0 -28567-1 0  9993
2 27976 062.6932 235.5457 4019664 328.0009 012.9303 06.32616647147375
0 SL-12 DEB
1 27976U 88085W   10104.34415089 -.00001324  00000-0 -28567-1 0  9991
2 27976 062.7134 234.3599 3988950 328.6970 012.8516 06.32622873147495
0 SL-12 DEB
1 27976U 88085W   10105.29250609 -.00001559  00000-0 -28567-1 0  9991
2 27976 062.6620 233.6966 4025841 327.8308 012.9552 06.32622893147552
0 SL-12 DEB
1 27976U 88085W   10105.45056364 -.00001577  00000-0 -28567-1 0  9991
2 27976 062.6627 233.6146 4028465 327.6946 013.0227 06.32629549147567
0 SL-12 DEB
1 27976U 88085W   10106.39896205 -.00001343  00000-0 -28567-1 0  9992
2 27976 062.7037 233.0635 3993479 328.5095 012.8281 06.32633078147626
0 SL-12 DEB
1 27976U 88085W   10107.34734530 -.00001272  00000-0 -28567-1 0  9991
2 27976 062.6923 232.4495 3981516 328.7952 012.7809 06.32638302147685
0 SL-12 DEB
1 27976U 88085W   10108.29570803 -.00001639  00000-0 -28567-1 0  9994
2 27976 062.6124 231.7586 4037322 327.4268 013.1438 06.32644809147744
0 SL-12 DEB
1 27976U 88085W   10108.45374126 -.00001682  00000-0 -28567-1 0  9990
2 27976 062.6208 231.6646 4042717 327.2736 013.1298 06.32645755147751
0 SL-12 DEB
1 27976U 88085W   10109.40212975  .00004231  00000-0  82590-1 0  9996
2 27976 062.6363 231.0819 4016427 327.9156 013.0987 06.32677662147814
0 SL-12 DEB
1 27976U 88085W   10110.35039826  .00004118  00000-0  82590-1 0  9998
2 27976 062.6761 230.5077 4010728 328.0291 012.9257 06.32686362147877
0 SL-12 DEB
1 27976U 88085W   10111.29871764  .00004258  00000-0  82590-1 0  9992
2 27976 062.6419 229.8661 4018177 327.8884 012.9772 06.32696887147930
0 SL-12 DEB
1 27976U 88085W   10112.40506198  .00004401  00000-0  82590-1 0  9992
2 27976 062.6372 229.1571 4025391 327.6844 013.0780 06.32713729148006
0 SL-12 DEB
1 27976U 88085W   10112.56308045  .00001688  00000-0  31257-1 0  9998
2 27976 062.7577 229.2060 4026283 327.5448 013.0786 06.32719639148011
0 SL-12 DEB
1 27976U 88085W   10113.66940349  .00004659  00000-0  82590-1 0  9996
2 27976 062.5834 228.2964 4037472 327.4593 013.1085 06.32731445148088
0 SL-12 DEB
1 27976U 88085W   10114.30155142  .00008540  00000-0  15006+0 0  9996
2 27976 062.5880 227.8871 4038268 327.4268 013.2104 06.32763507148126
0 SL-12 DEB
1 27976U 88085W   10115.40772136  .00009526  00000-0  16922+0 0  9999
2 27976 062.5801 227.1721 4035673 327.4633 013.1009 06.32788635148198
0 SL-12 DEB
1 27976U 88085W   10116.35586753  .00011241  00000-0  20116+0 0  9999
2 27976 062.5824 226.5636 4033710 327.5037 013.1065 06.32817286148254
0 SL-12 DEB
1 27976U 88085W   10117.30396352  .00013063  00000-0  23726+0 0  9993
2 27976 062.5864 225.9536 4030177 327.5344 013.1072 06.32848797148311
0 SL-12 DEB
1 27976U 88085W   10118.41001865  .00012932  00000-0  23617+0 0  9991
2 27976 062.5748 225.2310 4028736 327.5718 013.0481 06.32876157148389
0 SL-12 DEB
1 27976U 88085W   10119.35805039  .00011831  00000-0  20354+0 0  9992
2 27976 062.5886 224.6263 4041154 327.2796 013.1126 06.32895625148449
0 SL-12 DEB
1 27976U 88085W   10120.30606332  .00011601  00000-0  19815+0 0  9999
2 27976 062.5855 224.0060 4042478 327.2944 013.1272 06.32917045148509
0 SL-12 DEB
1 27976U 88085W   10121.25403502  .00011967  00000-0  20081+0 0  9990
2 27976 062.5754 223.3784 4046007 327.2452 013.1615 06.32941797148566
0 SL-12 DEB
1 27976U 88085W   10122.35994392  .00012874  00000-0  22164+0 0  9996
2 27976 062.5792 222.6684 4040482 327.3481 013.1592 06.32973742148630
0 SL-12 DEB
1 27976U 88085W   10123.30780993  .00012546  00000-0  22289+0 0  9996
2 27976 062.5784 222.0519 4033820 327.4925 013.0902 06.32996164148697
0 SL-12 DEB
1 27976U 88085W   10124.41362816  .00012165  00000-0  19781+0 0  9999
2 27976 062.6149 221.3620 4052144 327.0765 013.1790 06.33022850148763
0 SL-12 DEB
1 27976U 88085W   10124.57160682  .00012181  00000-0  19329+0 0  9999
2 27976 062.5847 221.2310 4057131 326.9849 013.2197 06.33026617148772
0 SL-12 DEB
1 27976U 88085W   10125.36144417  .00011862  00000-0  19082+0 0  9996
2 27976 062.5786 220.7087 4054268 327.0572 013.1977 06.33044202148823
0 SL-12 DEB
1 27976U 88085W   10125.67737348 +.00011808 +00000-0 +18991-0 0  9990
2 27976 062.5783 220.5023 4054282 327.0539 013.1997 06.33051419148849
0 SL-12 DEB
1 27976U 88085W   10126.30922092 +.00011595 +00000-0 +18768-0 0  9998
2 27976 062.5788 220.0878 4052888 327.0893 013.1895 06.33065348148887
0 SL-12 DEB
1 27976U 88085W   10127.25696640  .00011593  00000-0  19036+0 0  9996
2 27976 062.5670 219.4569 4049758 327.1840 013.1663 06.33087221148945
0 SL-12 DEB
1 27976U 88085W   10128.36262614  .00011812  00000-0  19507+0 0  9996
2 27976 062.5705 218.7382 4048305 327.2316 013.1585 06.33114394149019
0 SL-12 DEB
1 27976U 88085W   10128.67851560  .00011749  00000-0  18383+0 0  9994
2 27976 062.5887 218.5444 4059274 326.9965 013.1953 06.33121805149036
0 SL-12 DEB
1 27976U 88085W   10129.31029909  .00011237  00000-0  17686+0 0  9997
2 27976 062.5906 218.1320 4057958 327.0252 013.1918 06.33133678149071
0 SL-12 DEB
1 27976U 88085W   10130.41588669  .00009501  00000-0  15149+0 0  9996
2 27976 062.5838 217.4015 4055154 327.0529 013.1780 06.33148775149140
0 SL-12 DEB
1 27976U 88085W   10131.36352406  .00005201  00000-0  82120-1 0  9997
2 27976 062.5890 216.7816 4057330 327.0940 013.0866 06.33144209149203
0 SL-12 DEB
1 27976U 88085W   10132.31120554  .00002114  00000-0  33841-1 0  9996
2 27976 062.5922 216.1618 4054930 327.1349 013.1435 06.33140151149261
0 SL-12 DEB
1 27976U 88085W   10132.46916363 +.00002023 +00000-0 +32451-1 0  9998
2 27976 062.5924 216.0593 4054496 327.1386 013.1811 06.33140305149272
0 SL-12 DEB
1 27976U 88085W   10133.25887188  .00003998  00000-0  63756-1 0  9992
2 27976 062.5955 215.5425 4054934 327.1670 013.2304 06.33156015149326
0 SL-12 DEB
1 27976U 88085W   10135.31201429  .00012203  00000-0  17650+0 0  9998
2 27976 062.5700 214.1615 4073830 326.8424 013.5191 06.33224807149455
0 SL-12 DEB
1 27976U 88085W   10136.25940233  .00012787  00000-0  19235+0 0  9993
2 27976 062.5506 213.5168 4065842 327.0376 013.2305 06.33251521149512
0 SL-12 DEB
1 27976U 88085W   10137.20685257  .00012998  00000-0  20398+0 0  9997
2 27976 062.4909 212.8341 4057174 327.2593 013.1612 06.33276405149579
0 SL-12 DEB
1 27976U 88085W   10140.20689734  .00010303  00000-0  12683+0 0  9991
2 27976 062.5950 210.9352 4104771 326.3199 013.0043 06.33323609149762
0 SL-12 DEB
1 27976U 88085W   10141.31229864  .00009864  00000-0  12023+0 0  9996
2 27976 062.5438 210.1545 4106546 326.3876 013.2316 06.33339330149834
0 SL-12 DEB
1 27976U 88085W   10142.25967098  .00009422  00000-0  13742+0 0  9997
2 27976 062.4971 209.4985 4071579 327.2059 013.0704 06.33351599149890
0 SL-12 DEB
1 27976U 88085W   10143.20700252  .00009025  00000-0  13118+0 0  9996
2 27976 062.4893 208.8636 4072081 327.2207 013.0372 06.33363657149959
0 SL-12 DEB
1 27976U 88085W   10144.31221063  .00004200  00000-0  63380-1 0  9995
2 27976 062.5749 208.1900 4064622 327.3421 012.8878 06.33348453150023
0 SL-12 DEB
1 27976U 88085W   10145.25962455  .00005919  00000-0  10067+0 0  9996
2 27976 062.5911 207.5854 4039808 327.9254 013.0004 06.33368764150080
0 SL-12 DEB
1 27976U 88085W   10148.25931682  .00007363  00000-0  79224-1 0  9994
2 27976 062.5920 205.5449 4128464 325.9904 014.0281 06.33467233150275
0 SL-12 DEB
1 27976U 88085W   10149.20619674  .00009590  00000-0  84789-1 0  9990
2 27976 062.6035 204.9123 4163292 325.2289 013.5734 06.33487563150334
0 SL-12 DEB
1 27976U 88085W   10150.31117301  .00004543  00000-0  42768-1 0  9998
2 27976 062.6880 204.2555 4152644 325.5053 013.3957 06.33481362150409
0 SL-12 DEB
1 27976U 88085W   10152.20548056  .00008600  00000-0  95640-1 0  9998
2 27976 062.6052 202.9188 4122356 326.2887 013.4597 06.33522763150522
0 SL-12 DEB
1 27976U 88085W   10153.15244187  .00009798  00000-0  16162+0 0  9990
2 27976 062.4176 202.1691 4044875 328.2110 012.7885 06.33544366150589
0 SL-12 DEB
1 27976U 88085W   10153.15247545  .00009555  00000-0  93417-1 0  9992
2 27976 062.5924 202.2666 4145472 325.8265 013.4133 06.33544585150580
0 SL-12 DEB
1 27976U 88085W   10155.20433869  .00006794  00000-0  58132-1 0  9993
2 27976 062.5149 200.8060 4168395 325.4768 013.3989 06.33569856150715
0 SL-12 DEB
1 27976U 88085W   10156.15136261  .00005826  00000-0  45383-1 0  9993
2 27976 062.5619 200.2087 4184010 325.1524 013.4943 06.33577775150775
0 SL-12 DEB
1 27976U 88085W   10158.20316732  .00007965  00000-0  60191-1 0  9994
2 27976 062.6210 198.8916 4188505 325.0672 013.6584 06.33619467150905
0 SL-12 DEB
1 27976U 88085W   10159.15004627  .00007868  00000-0  56528-1 0  9997
2 27976 062.6254 198.2520 4196605 324.9271 013.5683 06.33633125150963
0 SL-12 DEB
1 27976U 88085W   10160.09695700  .00005439  00000-0  43037-1 0  9993
2 27976 062.6747 197.6624 4180350 325.2762 013.4439 06.33633219151027
0 SL-12 DEB
1 27976U 88085W   10163.09546706 -.00001090  00000-0 -87316-2 0  9997
2 27976 062.6152 195.5845 4182611 325.4172 013.0501 06.33610624151210
0 SL-12 DEB
1 27976U 88085W   10165.14735743  .00001704  00000-0  13853-1 0  9990
2 27976 062.6104 194.2021 4175300 325.6868 013.4209 06.33621855151341
0 SL-12 DEB
1 27976U 88085W   10166.09424756  .00002025  00000-0  17608-1 0  9993
2 27976 062.6459 193.6087 4164228 325.9525 013.2691 06.33626836151403
0 SL-12 DEB
1 27976U 88085W   10168.14589640  .00001545  00000-0  13888-1 0  9997
2 27976 062.6971 192.2837 4158096 326.1936 013.1595 06.33633167151536
0 SL-12 DEB
1 27976U 88085W   10169.09281717  .00001793  00000-0  14590-1 0  9992
2 27976 062.6946 191.6467 4175042 325.8848 013.2299 06.33637091151596
0 SL-12 DEB
1 27976U 88085W   10170.19754630  .00001058  00000-0  84667-2 0  9991
2 27976 062.6435 190.8689 4176069 325.8844 013.2208 06.33634179151664
0 SL-12 DEB
1 27976U 88085W   10171.14446603  .00001181  00000-0  96290-2 0  9997
2 27976 062.6044 190.2007 4172726 326.0212 013.2236 06.33637654151725
0 SL-12 DEB
1 27976U 88085W   10172.09135993  .00001355  00000-0  11466-1 0  9993
2 27976 062.5620 189.5286 4166404 326.2346 013.1577 06.33641616151786
0 SL-12 DEB
1 27976U 88085W   10173.03824786  .00001460  00000-0  13525-1 0  9998
2 27976 062.5801 188.9317 4150982 326.6100 013.0449 06.33645259151842
0 SL-12 DEB
1 27976U 88085W   10174.14295126  .00001449  00000-0  13052-1 0  9993
2 27976 062.6280 188.2388 4156288 326.5361 013.0174 06.33648234151917
0 SL-12 DEB
1 27976U 88085W   10175.08985107  .00001354  00000-0  11948-1 0  9999
2 27976 062.6271 187.6005 4160389 326.4988 013.0235 06.33649632151974
0 SL-12 DEB
1 27976U 88085W   10176.03674450  .00001168  00000-0  10368-1 0  9999
2 27976 062.6524 186.9959 4159837 326.5517 012.9923 06.33650111152034
0 SL-12 DEB
1 27976U 88085W   10182.03364138  .00001238  00000-0  10368-1 0  9993
2 27976 062.6525 183.0072 4170232 326.7395 012.7765 06.33662341152419
0 SL-12 DEB
1 27976U 88085W   10183.13836596  .00001103  00000-0  10287-1 0  9998
2 27976 062.6850 182.3196 4150497 327.1185 012.8052 06.33663765152480
0 SL-12 DEB
1 27976U 88085W   10184.08522876  .00001157  00000-0  10480-1 0  9990
2 27976 062.7045 181.7047 4154918 327.0609 012.7994 06.33666560152544
0 SL-12 DEB
1 27976U 88085W   10185.03209399  .00001178  00000-0  10685-1 0  9998
2 27976 062.7023 181.0712 4154114 327.1399 012.7722 06.33668840152606
0 SL-12 DEB
1 27976U 88085W   10185.97895516  .00001144  00000-0  10579-1 0  9998
2 27976 062.7258 180.4703 4150165 327.2547 012.7329 06.33670568152666
0 SL-12 DEB
1 27976U 88085W   10186.92581695  .00001100  00000-0  10025-1 0  9992
2 27976 062.7635 179.8822 4152445 327.2221 012.7276 06.33672118152722
0 SL-12 DEB
1 27976U 88085W   10187.08363564  .00001008  00000-0  87877-2 0  9990
2 27976 062.7779 179.7817 4159766 327.0958 012.7521 06.33671432152734
0 SL-12 DEB
1 27976U 88085W   10194.97401797  .00000299  00000-0  26108-2 0  9998
2 27976 062.7183 174.4852 4160649 327.4105 012.1921 06.33667721153234
0 SL-12 DEB
1 27976U 88085W   10197.97268144 -.00000001  00000-0  00000+0 0  9990
2 27976 062.7619 172.6059 4134772 328.0562 012.4614 06.33657294153437
0 SL-12 DEB
1 27976U 88085W   10198.91945890 -.00001361  00000-0 -12032-1 0  9996
2 27976 062.7812 171.9474 4163787 327.5886 012.2677 06.33653236153480
0 SL-12 DEB
1 27976U 88085W   10203.96967903 -.00001258  00000-0 -90978-2 0  9998
2 27976 062.7813 168.6005 4193632 327.0498 012.6432 06.33641469153804
0 SL-12 DEB
1 27976U 88085W   10205.86348543  .00000001  00000-0  12553-4 0  9990
2 27976 062.7621 167.3992 4151180 328.0677 012.3858 06.33639995153938
0 SL-12 DEB
1 27976U 88085W   10209.96679469 -.00000922  00000-0 -84794-2 0  9997
2 27976 063.0877 164.9567 4154554 327.8773 012.4473 06.33631632154180
0 SL-12 DEB
1 27976U 88085W   10210.91371445 -.00000704 +00000-0 -63097-2 0  9998
2 27976 063.0852 164.3325 4159810 327.7793 012.4680 06.33631145154246
0 SL-12 DEB
1 27976U 88085W   10211.22935460 -.00000689  00000-0 -68391-2 0  9990
2 27976 063.1431 164.1827 4142010 328.1499 012.3834 06.33630946154267
0 SL-12 DEB
1 27976U 88085W   10211.86063453 -.00000718 +00000-0 -71290-2 0  9999
2 27976 063.1396 163.7667 4142500 328.1425 012.3824 06.33629865154309
0 SL-12 DEB
1 27976U 88085W   10211.86064500 -.00000857  00000-0  00000+0 0  9994
2 27976 063.0462 163.7090 4154381 327.9314 012.4446 06.33628633119377
0 SL-12 DEB
1 27976U 88085W   10212.96538028 -.00000848  00000-0 -85510-2 0  9990
2 27976 063.1701 163.0664 4139728 328.2300 012.3526 06.33627838154374
0 SL-12 DEB
1 27976U 88085W   10213.91231111 -.00000906 +00000-0 -91435-2 0  9997
2 27976 063.1700 162.4477 4139451 328.2426 012.3568 06.33625897154436
0 SL-12 DEB
1 27976U 88085W   10214.85924162 -.00001006  00000-0 -10123-1 0  9992
2 27976 063.1631 161.8228 4139635 328.2477 012.3549 06.33623578154495
0 SL-12 DEB
1 27976U 88085W   10214.85924162 -.00001006 +00000-0 -10123-1 0  9992
2 27976 063.1631 161.8228 4139635 328.2477 012.3549 06.33623578154495
0 SL-12 DEB
1 27976U 88085W   10215.80617516 -.00000963 +00000-0 -96925-2 0  9996
2 27976 063.1654 161.2073 4139042 328.2677 012.3510 06.33621989154555
0 SL-12 DEB
1 27976U 88085W   10216.91093225 -.00000418  00000-0 -39521-2 0  9998
2 27976 063.0902 160.4093 4147364 328.1661 012.3711 06.33622154154627
0 SL-12 DEB
1 27976U 88085W   10216.91093225 -.00000418 +00000-0 -39521-2 0  9998
2 27976 063.0902 160.4093 4147364 328.1661 012.3711 06.33622154154627
0 SL-12 DEB
1 27976U 88085W   10217.85786059 -.00000218  00000-0 -19559-2 0  9993
2 27976 063.0805 159.7799 4150598 328.1147 012.3728 06.33622662154683
0 SL-12 DEB
1 27976U 88085W   10218.80479054 +.00000034 +00000-0 +45166-3 0  9991
2 27976 063.1008 159.1789 4150143 328.1233 012.3660 06.33623680154747
0 SL-12 DEB
1 27976U 88085W   10219.90954237 -.00000118  00000-0 -98041-3 0  9999
2 27976 063.1066 158.4598 4150047 328.1420 012.3520 06.33623136154811
0 SL-12 DEB
1 27976U 88085W   10220.85647663 -.00000333  00000-0 -29431-2 0  9992
2 27976 063.1155 157.8479 4154997 328.0343 012.3715 06.33621622154872
0 SL-12 DEB
1 27976U 88085W   10221.80341770 -.00000919  00000-0 -89967-2 0  9998
2 27976 063.1038 157.2227 4142311 328.3445 012.2974 06.33617363154930
0 SL-12 DEB
1 27976U 88085W   10222.90818772 -.00002162  00000-0 -20033-1 0  9991
2 27976 063.1048 156.4970 4153677 328.1077 012.3294 06.33608870155001
0 SL-12 DEB
1 27976U 88085W   10223.85516135 -.00002605  00000-0 -24529-1 0  9990
2 27976 063.1216 155.8946 4151152 328.1566 012.3469 06.33602313155069
0 SL-12 DEB
1 27976U 88085W   10224.80213087 -.00002130  00000-0  00000+0 0  9994
2 27976 063.0464 155.2470 4130092 328.6869 012.2348 06.33599360120198
0 SL-12 DEB
1 27976U 88085W   10224.80213478 -.00003093 +00000-0 -31409-1 0  9997
2 27976 063.1398 155.2976 4137846 328.4494 012.2851 06.33594633155120
0 SL-12 DEB
1 27976U 88085W   10224.80213478 -.00003093  00000-0 -31409-1 0  9997
2 27976 063.1398 155.2976 4137846 328.4494 012.2851 06.33594633155120
0 SL-12 DEB
1 27976U 88085W   10225.90694760 -.00003575  00000-0 -36858-1 0  9994
2 27976 063.1542 154.5896 4135163 328.5132 012.2657 06.33585285155198
0 SL-12 DEB
1 27976U 88085W   10226.85394632 -.00003989  00000-0 -40931-1 0  9990
2 27976 063.1599 153.9765 4135949 328.4968 012.2721 06.33576484155256
0 SL-12 DEB
1 27976U 88085W   10227.80095795 -.00004212  00000-0 -42886-1 0  9995
2 27976 063.1591 153.3591 4137180 328.4782 012.2766 06.33567528155317
0 SL-12 DEB
1 27976U 88085W   10228.74798254 -.00004542 +00000-0 -46328-1 0  9990
2 27976 063.1564 152.7401 4136718 328.5013 012.2688 06.33557697155379
0 SL-12 DEB
1 27976U 88085W   10229.85286232 -.00004940  00000-0 -50849-1 0  9996
2 27976 063.1694 152.0328 4134962 328.5192 012.2684 06.33545661155443
0 SL-12 DEB
1 27976U 88085W   10229.85286232 -.00004940 +00000-0 -50849-1 0  9996
2 27976 063.1694 152.0328 4134962 328.5192 012.2684 06.33545661155443
0 SL-12 DEB
1 27976U 88085W   10230.79991939 -.00005124  00000-0 -53646-1 0  9991
2 27976 063.1754 151.4232 4131852 328.5830 012.2551 06.33535229155500
0 SL-12 DEB
1 27976U 88085W   10231.74699145 -.00005283  00000-0 -56243-1 0  9993
2 27976 063.1215 150.7590 4128866 328.6836 012.2334 06.33524273155561
0 SL-12 DEB
1 27976U 88085W   10231.74699882 -.00005021  00000-0  00000+0 0  9998
2 27976 063.0467 150.7180 4140675 328.4690 012.2916 06.33524930120638
0 SL-12 DEB
1 27976U 88085W   10232.85192552 -.00005815  00000-0 -59713-1 0  9992
2 27976 063.1929 150.1043 4135686 328.4531 012.2812 06.33510542155631
0 SL-12 DEB
1 27976U 88085W   10233.79904361 -.00006295  00000-0 -68377-1 0  9994
2 27976 063.2184 149.5162 4125743 328.6473 012.2506 06.33496807155692
0 SL-12 DEB
1 27976U 88085W   10234.74617824 -.00006857  00000-0 -76924-1 0  9996
2 27976 063.1368 148.8293 4120137 328.8119 012.2155 06.33480981155756
0 SL-12 DEB
1 27976U 88085W   10235.85119400 -.00008383  00000-0 -89996-1 0  9995
2 27976 063.0940 148.0756 4128623 328.6041 012.2492 06.33457638155822
0 SL-12 DEB
1 27976U 88085W   10238.85073016 -.00022066  00000-0 -25587+0 0  9998
2 27976 063.3500 146.3727 4115579 328.5788 011.9448 06.33330818156018
0 SL-12 DEB
1 27976U 88085W   10242.79882930 -.00072142  00000-0 -10615+1 0  9996
2 27976 063.1638 143.6998 4073128 329.2299 010.1347 06.32814801156260
0 SL-12 DEB
1 27976U 88085W   10243.74799062 -.00067159  00000-0 -99491+0 0  9995
2 27976 063.2118 143.1254 4072571 329.2126 012.2617 06.32694987156325
0 SL-12 DEB
1 27976U 88085W   10244.69639470 -.00067901  00000-0 -10233+1 0  9999
2 27976 063.1818 142.4975 4070013 329.2286 012.2573 06.32565114156385
0 SL-12 DEB
1 27976U 88085W   10244.85453358 -.00066924  00000-0 -11913+1 0  9996
2 27976 063.1652 142.4023 4035905 330.0395 012.1786 06.32546748156395
0 SL-12 DEB
1 27976U 88085W   10245.80309825 -.00058716  00000-0 -10897+1 0  9991
2 27976 063.1413 141.7915 4027643 330.3197 012.0823 06.32461186156455
0 SL-12 DEB
1 27976U 88085W   10249.75727958 -.00055843  00000-0 -10897+1 0  9998
2 27976 062.7160 138.9840 4018896 330.3262 014.0241 06.32175365156702
0 SL-12 DEB
1 27976U 88085W   10254.18722574 -.00059310  00000-0 -10897+1 0  9993
2 27976 062.7069 136.1147 4035531 330.0718 011.3505 06.31629522156989
0 SL-12 DEB
1 27976U 88085W   10282.47647579 +.00000009 +00000-0 +00000-0 0  9991
2 27976 062.8847 119.0398 3892974 331.5239 307.8956 06.32066061158762
0 SL-12 DEB
1 27976U 88085W   10282.47647580  .00000009  00000-0  00000+0 0  9992
2 27976 062.8847 119.0398 3892974 331.5239 307.8956 06.32066061158762
0 SL-12 DEB
1 27976U 88085W   10322.37361001 -.00000002  00000-0  10000-3 0  9996
2 27976 062.4456 094.2857 3866323 332.4879 021.7893 06.32278474161294
0 SL-12 DEB
1 27976U 88085W   10329.32797636  .00000006  00000-0  10000-3 0  9998
2 27976 062.5334 089.9609 3857977 333.1351 012.6441 06.32335840161732
0 SL-12 DEB
1 27976U 88085W   10338.18333220 -.00000020  00000-0  10000-3 0  9994
2 27976 062.4736 084.3537 3864463 333.2526 011.1782 06.32335844162297
0 SL-12 DEB
1 27976U 88085W   10362.22097735  .00034292  00000-0  60037+0 0  9992
2 27976 062.1709 068.6346 4029025 332.1183 103.6687 06.34081783163814
0 SL-12 DEB
1 27976U 88085W   10363.12665006  .00034929  00000-0  59570+0 0  9991
2 27976 062.1734 068.0352 4034068 332.0080 011.2079 06.34147368163867
0 SL-12 DEB
1 27976U 88085W   10363.28433436  .00035153  00000-0  61581+0 0  9993
2 27976 062.1807 067.9390 4028377 332.1939 011.1393 06.34159405163872
0 SL-12 DEB
1 27976U 88085W   11009.47318823  .00018453  00000-0  28437+0 0  9991
2 27976 062.2412 060.5120 4051216 333.1946 006.6339 06.34702303164581
0 SL-12 DEB
1 27976U 88085W   11019.08296324  .00025280  00000-0  28437+0 0  9996
2 27976 062.2212 054.0355 4108594 332.6294 014.1831 06.35223872165198
0 SL-12 DEB
1 27976U 88085W   11024.43268378  .00024316  00000-0  26988+0 0  9997
2 27976 062.3288 050.4819 4109469 333.0201 010.3005 06.35478957165537
0 SL-12 DEB
1 27976U 88085W   11025.53425639  .00005422  00000-0  68213-1 0  9990
2 27976 062.3698 049.7695 4087425 334.0328 007.6275 06.35300755165609
0 SL-12 DEB
1 27976U 88085W   11030.57209192  .00003403  00000-0  42421-1 0  9994
2 27976 062.3729 046.4100 4089235 334.2125 009.9668 06.35329217165927
0 SL-12 DEB
1 27976U 88085W   11034.50699178  .00003879  00000-0  48892-1 0  9993
2 27976 062.3645 043.7806 4087359 334.4920 009.9446 06.35363040166171
0 SL-12 DEB
1 27976U 88085W   11036.55303260  .00003457  00000-0  35054-1 0  9992
2 27976 062.4479 042.3834 4127662 334.5467 010.5375 06.35392011166306
0 SL-12 DEB
1 27976U 88085W   11043.47726313  .00004831  00000-0  55611-1 0  9997
2 27976 062.4693 037.7764 4103075 335.4541 009.0555 06.35471939166747
0 SL-12 DEB
1 27976U 88085W   11047.41140329  .00006648  00000-0  74710-1 0  9991
2 27976 062.4850 035.1475 4107195 335.2135 010.7730 06.35544516166990
0 SL-12 DEB
1 27976U 88085W   11048.35494965  .00006978  00000-0  78269-1 0  9992
2 27976 062.4930 034.5179 4107478 335.3786 009.3490 06.35559910167059
0 SL-12 DEB
1 27976U 88085W   11049.45639268  .00006902  00000-0  76108-1 0  9998
2 27976 062.5288 033.7560 4110602 335.5325 009.3012 06.35577725167127
0 SL-12 DEB
1 27976U 88085W   11050.40047091 +.00007572 +00000-0 +83335-1 0  9996
2 27976 062.5279 033.1284 4110824 335.5815 009.4419 06.35593511167194
0 SL-12 DEB
1 27976U 88085W   11051.34445446  .00007661  00000-0  83838-1 0  9993
2 27976 062.5266 032.4992 4111788 335.6400 009.3938 06.35608411167246
0 SL-12 DEB
1 27976U 88085W   11052.13110068 +.00006826 +00000-0 +71501-1 0  9996
2 27976 062.5269 031.9690 4119822 335.7871 009.1159 06.35615973167297
0 SL-12 DEB
1 27976U 88085W   11053.07514879  .00005766  00000-0  60099-1 0  9990
2 27976 062.5320 031.3338 4120793 335.8331 009.2947 06.35623450167351
0 SL-12 DEB
1 27976U 88085W   11053.38980890 +.00005929 +00000-0 +61839-1 0  9998
2 27976 062.5297 031.1268 4120616 335.8613 009.3060 06.35629050167383
0 SL-12 DEB
1 27976U 88085W   11055.27765787  .00007194  00000-0  78743-1 0  9992
2 27976 062.5561 029.8567 4111473 335.9100 009.5315 06.35664142167494
0 SL-12 DEB
1 27976U 88085W   11055.43487911  .00006748  00000-0  72067-1 0  9997
2 27976 062.5379 029.7684 4116070 335.9649 009.1544 06.35661621167507
0 SL-12 DEB
1 27976U 88085W   11056.37881757  .00007862  00000-0  82588-1 0  9994
2 27976 062.5268 029.1519 4118908 336.0498 009.1740 06.35678755167561
0 SL-12 DEB
1 27976U 88085W   11057.32270173  .00010605  00000-0  10942+0 0  9996
2 27976 062.5243 028.5199 4121834 336.1554 009.1584 06.35708169167623
0 SL-12 DEB
1 27976U 88085W   11058.26652262  .00007629  00000-0  77791-1 0  9992
2 27976 062.5366 027.8789 4124280 336.2735 008.9780 06.35714126167687
0 SL-12 DEB
1 27976U 88085W   11058.58119460  .00007114  00000-0  72579-1 0  9993
2 27976 062.5355 027.6700 4124273 336.3047 009.0689 06.35714380167700
0 SL-12 DEB
1 27976U 88085W   11059.21042180  .00003787  00000-0  38310-1 0  9995
2 27976 062.5576 027.2366 4126907 336.3975 008.9040 06.35704526167749
0 SL-12 DEB
1 27976U 88085W   11063.45761301  .00007420  00000-0  77566-1 0  9993
2 27976 062.5280 024.4203 4119479 336.3626 010.0794 06.35787896168011
0 SL-12 DEB
1 27976U 88085W   11064.24360301 +.00007718 +00000-0 +81074-1 0  9995
2 27976 062.5223 023.9042 4118403 336.4355 009.0211 06.35801974168071
0 SL-12 DEB
1 27976U 88085W   11070.84888618  .00004554  00000-0  46945-1 0  9997
2 27976 062.5680 019.4800 4121989 337.1874 006.8070 06.35836112168482
0 SL-12 DEB
1 27976U 88085W   11071.47884120  .00005032  00000-0  52313-1 0  9999
2 27976 062.5629 019.0637 4120301 337.2367 008.8482 06.35849376168524
0 SL-12 DEB
1 27976U 88085W   11071.79334910  .00005091  00000-0  51802-1 0  9998
2 27976 062.6169 018.8227 4124138 337.4906 008.2763 06.35854356168541
0 SL-12 DEB
1 27976U 88085W   11072.26532270  .00005507  00000-0  57107-1 0  9996
2 27976 062.6255 018.5019 4120556 337.4855 008.8006 06.35865077168577
0 SL-12 DEB
1 27976U 88085W   11072.73706380  .00005701  00000-0  58422-1 0  9990
2 27976 062.6888 018.1504 4122623 337.6940 008.3270 06.35874270168605
0 SL-12 DEB
1 27976U 88085W   11072.89444283  .00010025  00000-0  90379-1 0  9990
2 27976 062.7389 018.0103 4144579 338.6219 006.6672 06.35908997168612
0 SL-12 DEB
1 27976U 88085W   11073.52411150  .00005465  00000-0  49302-1 0  9990
2 27976 062.7424 017.5876 4145169 338.7028 007.9691 06.35900474168659
0 SL-12 DEB
1 27976U 88085W   11077.92719926  .00003983  00000-0  35912-1 0  9995
2 27976 062.7473 014.6479 4145634 338.8491 008.0417 06.35937689168939
0 SL-12 DEB
1 27976U 88085W   11108.58449722  .00002449  00000-0  35912-1 0  9992
2 27976 062.7570 354.4145 4062470 341.9925 303.3485 06.34903266170881
0 SL-12 DEB
1 27976U 88085W   11108.76988708 -.00020064  00000-0 -28989+0 0  9993
2 27976 062.7571 354.2933 4062456 341.9990 007.0671 06.34874474170907
0 SL-12 DEB
1 27976U 88085W   11108.76989496 -.00014540  00000-0 -20877+0 0  9998
2 27976 062.7611 354.2963 4063522 341.9446 007.1023 06.34880320170905
0 SL-12 DEB
1 27976U 88085W   11111.29018513 -.00014611  00000-0 -21146+0 0  9992
2 27976 062.7639 352.6517 4062311 342.0998 007.0373 06.34806742171062
0 SL-12 DEB
1 27976U 88085W   11114.59851009 -.00439259  00000-0 -72628+1 0  9994
2 27976 062.7912 350.5447 4046055 342.4205 006.0676 06.33312366171278
0 SL-12 DEB
1 27976U 88085W   11114.59851009 -.00023083  00000-0 -35728+0 0  9997
2 27976 062.8034 350.5121 4050291 342.2434 006.1268 06.34618038171276
0 SL-12 DEB
1 27976U 88085W   11114.75646695 -.00013498  00000-0 -21548+0 0  9992
2 27976 062.7146 350.3975 4043439 342.3094 007.0248 06.34654071171289
0 SL-12 DEB
1 27976U 88085W   11119.01109937 -.00004465  00000-0 -73196-1 0  9991
2 27976 062.7283 347.6490 4037195 342.5877 008.2805 06.34667136171553
0 SL-12 DEB
1 27976U 88085W   11121.68909954 -.00008948  00000-0 -16704+0 0  9994
2 27976 062.6694 345.9209 4011126 342.9406 006.2077 06.34597358171721
0 SL-12 DEB
1 27976U 88085W   11122.63484970 -.00000683  00000-0 -12279-1 0  9999
2 27976 062.6698 345.3130 4011308 342.9453 006.8884 06.34613087171782
0 SL-12 DEB
1 27976U 88085W   11123.58026493  .00000126  00000-0  29161-2 0  9995
2 27976 062.6701 344.7020 4006933 342.9896 006.8234 06.34615980171847
0 SL-12 DEB
1 27976U 88085W   11127.67718255  .00000126  00000-0  29161-2 0  9993
2 27976 062.6303 342.0491 4006787 342.9869 006.7312 06.34612974172101
0 SL-12 DEB
1 27976U 88085W   11128.62265349  .00000125  00000-0  29161-2 0  9999
2 27976 062.6754 341.4757 4002083 343.1218 006.6963 06.34612173172163
0 SL-12 DEB
1 27976U 88085W   11129.56812097  .00000125  00000-0  29161-2 0  9991
2 27976 062.6895 340.8741 4000083 343.1641 006.7074 06.34612396172221
0 SL-12 DEB
1 27976U 88085W   11132.56205985  .00000102  00000-0  29161-2 0  9992
2 27976 062.6633 338.9934 3953297 344.1842 006.2652 06.34596844172417
0 SL-12 DEB
1 27976U 88085W   11133.66517062  .00000111  00000-0  29161-2 0  9996
2 27976 062.6823 338.3344 3971204 343.3305 006.6678 06.34593053172488
0 SL-12 DEB
1 27976U 88085W   11135.55614871  .00000074  00000-0  29161-2 0  9990
2 27976 062.7042 337.1610 3906013 345.1959 006.0427 06.34582711172605
0 SL-12 DEB
1 27976U 88085W   11139.49571849  .00000051  00000-0  29161-2 0  9999
2 27976 062.6121 334.6144 3886833 345.4527 005.9219 06.34574857172853
0 SL-12 DEB
1 27976U 88085W   11141.54433532  .00000067  00000-0  29161-2 0  9991
2 27976 062.5869 333.2790 3923557 344.1160 006.2074 06.34557145172985
0 SL-12 DEB
1 27976U 88085W   11144.53863123  .00000076  00000-0  29161-2 0  9996
2 27976 062.4949 331.3417 3922705 343.1276 006.2247 06.34484315173171
0 SL-12 DEB
1 27976U 88085W   11170.38634769 +.00000012 +00000-0 +29161-2 0  9990
2 27976 062.3039 315.1589 3762871 345.3896 311.5859 06.33425892174815
0 SL-12 DEB
1 27976U 88085W   11187.30237158 -.00000037  00000-0  10000-3 0  9992
2 27976 061.9583 304.3508 3682274 347.3671 347.6242 06.32997969175888
0 SL-12 DEB
1 27976U 88085W   11190.31174949 -.00000051  00000-0  10000-3 0  9991
2 27976 061.9539 302.4368 3776715 343.4186 005.8788 06.32898311176075
0 SL-12 DEB
1 27976U 88085W   11200.26633220 -.00000042  00000-0  10000-3 0  9999
2 27976 062.0083 296.2348 3780235 343.0296 006.1444 06.32863314176707
0 SL-12 DEB
1 27976U 88085W   11203.26898400 -.00000046  00000-0  10000-3 0  9999
2 27976 062.0562 294.3870 3737617 344.2323 006.6898 06.32853478176896
0 SL-12 DEB
1 27976U 88085W   11208.32541872 -.00000029  00000-0  10000-3 0  9990
2 27976 061.9792 291.1248 3788515 342.6916 007.1934 06.32848097177211
0 SL-12 DEB
1 27976U 88085W   11209.27356372 -.00000025  00000-0  10000-3 0  9990
2 27976 061.9345 290.4911 3755878 343.7902 006.9818 06.32848603177274
0 SL-12 DEB
1 27976U 88085W   11210.22162345 -.00000021  00000-0  10000-3 0  9998
2 27976 061.8834 289.8421 3766228 343.5491 007.0206 06.32849007177335
0 SL-12 DEB
1 27976U 88085W   11212.27579992 -.00000018  00000-0  10000-3 0  9991
2 27976 061.9680 288.6261 3767792 343.6933 006.9408 06.32849087177467
0 SL-12 DEB
1 27976U 88085W   11213.22389061 -.00000019  00000-0  10000-3 0  9994
2 27976 061.9918 288.0352 3778221 343.2080 007.1899 06.32852046177527
0 SL-12 DEB
1 27976U 88085W   11221.28252558 -.00000021  00000-0  10000-3 0  9992
2 27976 062.0609 282.9892 3761930 343.8678 007.7223 06.32892698178037
0 SL-12 DEB
1 27976U 88085W   11224.60022557 -.00000013  00000-0  10000-3 0  9996
2 27976 062.0304 280.8751 3753072 344.4182 006.9310 06.32908547178247
0 SL-12 DEB
1 27976U 88085W   11226.49610372 -.00000016  00000-0  10000-3 0  9996
2 27976 062.0689 279.7021 3755681 344.4204 007.1628 06.32945409178369
0 SL-12 DEB
1 27976U 88085W   11227.60177634  .00004673  00000-0  10000-3 0  9991
2 27976 062.1277 278.9784 3761217 344.4737 006.6944 06.32975996178430
0 SL-12 DEB
1 27976U 88085W   11231.23557743 -.00000018  00000-0  10000-3 0  9998
2 27976 062.1643 276.7644 3759889 344.7576 007.4466 06.33010681178669
0 SL-12 DEB
1 27976U 88085W   11232.18301002 -.00000014  00000-0  10000-3 0  9994
2 27976 062.1634 276.1640 3764176 344.7814 006.5455 06.33016820178725
0 SL-12 DEB
1 27976U 88085W   11235.18445745  .00000003  00000-0  10000-3 0  9997
2 27976 062.2891 274.3244 3924758 340.0225 008.1521 06.33032768178912
0 SL-12 DEB
1 27976U 88085W   11235.18450747  .00000001  00000-0  10000-3 0  9993
2 27976 062.1012 274.1935 3760053 345.0995 006.6771 06.33030905178917
0 SL-12 DEB
1 27976U 88085W   11240.23936305  .00000007  00000-0  10000-3 0  9990
2 27976 062.1855 271.0296 3775095 344.9959 006.1286 06.33016174179232
0 SL-12 DEB
1 27976U 88085W   11249.08591063  .00000007  00000-0  10000-3 0  9990
2 27976 062.3876 265.5366 3799062 345.1543 005.5185 06.33014986179796
0 SL-12 DEB
1 27976U 88085W   11251.45582647  .00000005  00000-0  10000-3 0  9990
2 27976 062.4144 264.0304 3814978 345.1938 006.3435 06.33031783179941
0 SL-12 DEB
1 27976U 88085W   11252.24561131  .00000002  00000-0  10000-3 0  9990
2 27976 062.4239 263.5390 3818167 345.2104 006.2118 06.33035028179993
0 SL-12 DEB
1 27976U 88085W   11253.50934605 -.00000004  00000-0  10000-3 0  9993
2 27976 062.4356 262.7450 3819519 345.2880 006.1717 06.33037329180075
0 SL-12 DEB
1 27976U 88085W   11255.08900983 -.00000010  00000-0  10000-3 0  9997
2 27976 062.4407 261.7472 3820095 345.3623 006.1917 06.33043741180170
0 SL-12 DEB
1 27976U 88085W   11256.03676977 -.00000012  00000-0  10000-3 0  9998
2 27976 062.4426 261.1526 3820160 345.4304 006.1492 06.33048357180238
0 SL-12 DEB
1 27976U 88085W   11258.09027723 -.00000009  00000-0  10000-3 0  9991
2 27976 062.4518 259.8536 3825254 345.5756 006.1609 06.33066336180367
0 SL-12 DEB
1 27976U 88085W   11259.03796925 -.00000006  00000-0  10000-3 0  9990
2 27976 062.4566 259.2606 3825509 345.5958 006.0435 06.33070327180427
0 SL-12 DEB
1 27976U 88085W   11260.14366156 -.00000000  00000-0  10000-3 0  9997
2 27976 062.4569 258.5602 3828528 345.7064 006.0032 06.33079109180499
0 SL-12 DEB
1 27976U 88085W   11261.09137684  .00000004  00000-0  10000-3 0  9997
2 27976 062.4750 257.9766 3835478 345.5354 006.0812 06.33091760180557
0 SL-12 DEB
1 27976U 88085W   11262.98678893  .00000010  00000-0  10000-3 0  9995
2 27976 062.3916 256.7055 3842656 345.5696 006.0523 06.33097331180675
0 SL-12 DEB
1 27976U 88085W   11264.09242310  .00000011  00000-0  10000-3 0  9991
2 27976 062.4384 256.0489 3841695 345.5521 006.0518 06.33105030180746
0 SL-12 DEB
1 27976U 88085W   11265.04009790  .00000010  00000-0  10000-3 0  9999
2 27976 062.4462 255.4605 3832428 345.9041 005.8951 06.33108046180806
0 SL-12 DEB
1 27976U 88085W   11267.09342443  .00000003  00000-0  10000-3 0  9993
2 27976 062.4484 254.1576 3862396 345.1333 006.1305 06.33112762180937
0 SL-12 DEB
1 27976U 88085W   11268.04110988 -.00000002  00000-0  10000-3 0  9996
2 27976 062.4010 253.5184 3856436 345.4257 006.0304 06.33113717180991
0 SL-12 DEB
1 27976U 88085W   11268.98878605 -.00000007  00000-0  10000-3 0  9991
2 27976 062.3658 252.8862 3857779 345.4621 005.9946 06.33114116181051
0 SL-12 DEB
1 27976U 88085W   11271.04210115 -.00000012  00000-0  10000-3 0  9994
2 27976 062.3960 251.6077 3865994 345.3217 006.0356 06.33117420181182
0 SL-12 DEB
1 27976U 88085W   11274.04309013 -.00000007  00000-0  10000-3 0  9997
2 27976 062.3626 249.6635 3873745 345.4058 006.0074 06.33121806181376
0 SL-12 DEB
1 27976U 88085W   11274.99075043 -.00000005  00000-0  10000-3 0  9992
2 27976 062.2794 248.9797 3882818 345.2686 006.0280 06.33123196181438
0 SL-12 DEB
1 27976U 88085W   11275.93841791 -.00000005  00000-0  10000-3 0  9998
2 27976 062.2661 248.3651 3881445 345.3930 005.9763 06.33123891181494
0 SL-12 DEB
1 27976U 88085W   11276.88608588 -.00000007  00000-0  10000-3 0  9990
2 27976 062.2213 247.7253 3870021 345.7167 005.8353 06.33118643181552
0 SL-12 DEB
1 27976U 88085W   11278.93939867 -.00000018  00000-0  10000-3 0  9997
2 27976 062.1427 246.3493 3854479 346.5186 005.6406 06.33120502181686
0 SL-12 DEB
1 27976U 88085W   11279.88703043 -.00000025  00000-0  10000-3 0  9995
2 27976 062.2174 245.8064 3877580 345.7259 005.8357 06.33123348181749
0 SL-12 DEB
1 27976U 88085W   11281.94031656 -.00000035  00000-0  10000-3 0  9990
2 27976 062.1440 244.4277 3863961 346.4853 005.6045 06.33124799181878
0 SL-12 DEB
1 27976U 88085W   11282.88795342 -.00000036  00000-0  10000-3 0  9994
2 27976 062.2303 243.8974 3882987 345.8859 005.7552 06.33127946181930
0 SL-12 DEB
1 27976U 88085W   11283.99355947 -.00000035  00000-0  10000-3 0  9999
2 27976 062.2412 243.1971 3888543 345.7467 005.7986 06.33128423182000
0 SL-12 DEB
1 27976U 88085W   11284.94122278 -.00000031  00000-0  10000-3 0  9990
2 27976 062.1689 242.5202 3878423 346.3036 005.6290 06.33129573182060
0 SL-12 DEB
1 27976U 88085W   11285.88886516 -.00000027  00000-0  10000-3 0  9991
2 27976 062.1264 241.8851 3865289 346.8709 005.4082 06.33130317182121
0 SL-12 DEB
1 27976U 88085W   11287.94211710 -.00000018  00000-0  10000-3 0  9998
2 27976 062.0847 240.5278 3865937 347.0858 005.3163 06.33131081182256
0 SL-12 DEB
1 27976U 88085W   11288.88976505 -.00000014  00000-0  10000-3 0  9998
2 27976 062.1224 239.9629 3859422 347.5266 005.1411 06.33133483182317
0 SL-12 DEB
1 27976U 88085W   11292.83831620 -.00000018  00000-0  10000-3 0  9990
2 27976 062.3020 237.6023 3893518 346.6479 005.4148 06.33137919182561
0 SL-12 DEB
1 27976U 88085W   11293.94391894 -.00000023  00000-0  10000-3 0  9993
2 27976 062.3524 236.9455 3897382 346.5299 005.4995 06.33139263182635
0 SL-12 DEB
1 27976U 88085W   11302.78864827 -.00000020 +00000-0 +10000-3 0  9994
2 27976 062.7357 231.7389 3789860 351.4593 004.2078 06.33155750183195
0 SL-12 DEB
1 27976U 88085W   11310.84321864 -.00000043  00000-0  10000-3 0  9994
2 27976 062.6825 226.6065 3884993 348.8038 004.0484 06.33140478183702
0 SL-12 DEB
1 27976U 88085W   11311.79110625 -.00000037  00000-0  10000-3 0  9993
2 27976 062.6722 226.0006 3888746 348.7315 004.6075 06.33140390183765
0 SL-12 DEB
1 27976U 88085W   11312.73876155 -.00000031  00000-0  10000-3 0  9999
2 27976 062.7633 225.4867 3884365 348.8889 004.5514 06.33141064183828
0 SL-12 DEB
1 27976U 88085W   11313.84435983 -.00000023  00000-0  10000-3 0  9993
2 27976 062.7352 224.7693 3877892 349.2115 004.4628 06.33142053183890
0 SL-12 DEB
1 27976U 88085W   11314.79195899  .00000224  00000-0  10000-3 0  9999
2 27976 062.3256 223.7272 3859923 350.1046 004.1475 06.33141640183955
0 SL-12 DEB
1 27976U 88085W   11314.79200153 -.00000018  00000-0  10000-3 0  9991
2 27976 062.7647 224.2073 3861013 349.8448 004.2475 06.33144339183951
0 SL-12 DEB
1 27976U 88085W   11315.73963144 -.00000015  00000-0  10000-3 0  9999
2 27976 062.7710 223.6136 3878769 349.2589 004.4214 06.33145856184017
0 SL-12 DEB
1 27976U 88085W   11316.84522228 -.00000013  00000-0  10000-3 0  9994
2 27976 062.6997 222.8460 3903262 348.4709 004.7667 06.33151629184083
0 SL-12 DEB
1 27976U 88085W   11317.79284134 -.00000013  00000-0  10000-3 0  9990
2 27976 062.7852 222.3359 3864883 349.9272 004.2562 06.33157050184142
0 SL-12 DEB
1 27976U 88085W   11318.74043645 -.00000014  00000-0  10000-3 0  9997
2 27976 062.8232 221.7647 3906706 348.5191 004.6858 06.33160936184200
0 SL-12 DEB
1 27976U 88085W   11319.84600536 -.00000016  00000-0  10000-3 0  9999
2 27976 062.7601 221.0117 3922243 347.9450 004.9762 06.33168336184275
0 SL-12 DEB
1 27976U 88085W   11321.74106263  .00003992  00000-0  10000-3 0  9994
2 27976 062.3251 219.3683 3863037 350.4517 004.0156 06.33195953184394
0 SL-12 DEB
1 27976U 88085W   11322.84674498 -.00000021  00000-0  10000-3 0  9997
2 27976 062.7069 219.0722 3932891 347.7568 005.2738 06.33190254184462
0 SL-12 DEB
1 27976U 88085W   11325.68934831 -.00000012  00000-0  10000-3 0  9992
2 27976 062.6486 217.2537 3952995 347.0814 005.6104 06.33224716184644
0 SL-12 DEB
1 27976U 88085W   11329.63720832 -.00000001  00000-0  10000-3 0  9993
2 27976 062.6515 214.7630 3959579 347.1029 005.7167 06.33265548184892
0 SL-12 DEB
1 27976U 88085W   11333.74266842 -.00000020  00000-0  10000-3 0  9997
2 27976 062.5416 212.1455 3738168 355.6106 002.9208 06.33312732185150
0 SL-12 DEB
1 27976U 88085W   11342.11086893  .00000016  00000-0  10000-3 0  9998
2 27976 062.7734 207.1156 3872810 350.4355 005.6465 06.33398693185682
0 SL-12 DEB
1 27976U 88085W   11342.74160622  .00004858  00000-0  10000-3 0  9998
2 27976 062.7374 206.6649 3871850 350.4001 004.0441 06.33427851185725
0 SL-12 DEB
1 27976U 88085W   11343.68891948  .00000018  00000-0  10000-3 0  9998
2 27976 062.7576 206.1262 3870126 350.4594 004.1992 06.33421421185782
0 SL-12 DEB
1 27976U 88085W   11344.63605685  .00000018  00000-0  10000-3 0  9995
2 27976 062.7548 205.5388 3869914 350.4689 004.0449 06.33426876185843
0 SL-12 DEB
1 27976U 88085W   11345.58325122 +.00000016 +00000-0 +10000-3 0  9993
2 27976 062.7474 204.9368 3869546 350.4959 003.9986 06.33428834185900
0 SL-12 DEB
1 27976U 88085W   11346.68832655  .00000014  00000-0  10000-3 0  9997
2 27976 062.7160 204.2463 3863122 350.5352 004.1037 06.33442990185979
0 SL-12 DEB
1 27976U 88085W   11353.63438170  .00000027  00000-0  10000-3 0  9998
2 27976 063.0873 200.3553 3762106 353.9581 003.2978 06.33470848186419
0 SL-12 DEB
1 27976U 88085W   11354.58123960  .00000030  00000-0  10000-3 0  9995
2 27976 063.0579 199.7486 3773486 353.5462 002.7737 06.33471926186476
0 SL-12 DEB
1 27976U 88085W   11356.63341577  .00000027  00000-0  10000-3 0  9995
2 27976 063.1363 198.5951 3738866 354.8026 002.3675 06.33478328186600
0 SL-12 DEB
1 27976U 88085W   11357.58051907  .00000022  00000-0  10000-3 0  9990
2 27976 063.1692 198.0604 3721594 355.5731 001.9839 06.33480209186660
0 SL-12 DEB
1 27976U 88085W   11361.52693938  .00000001  00000-0  10000-3 0  9992
2 27976 063.1083 195.6463 3731807 355.4467 002.1967 06.33496528186917
0 SL-12 DEB
1 27976U 88085W   11362.63181461  .00000003  00000-0  10000-3 0  9990
2 27976 063.1161 195.0204 3694139 357.1692 001.4178 06.33510939186982
0 SL-12 DEB
1 27976U 88085W   11363.57888931  .00002807  00000-0  10000-3 0  9994
2 27976 062.6680 193.8879 3833128 351.5643 003.5533 06.33520801187048
0 SL-12 DEB
1 27976U 88085W   12008.52339476  .00000017  00000-0  10000-3 0  9992
2 27976 062.4489 187.8760 3762834 354.4484 003.6153 06.33558841187678
0 SL-12 DEB
1 27976U 88085W   12015.46767464  .00000023  00000-0  10000-3 0  9992
2 27976 061.9826 183.2823 3734582 355.0619 003.1316 06.33615062188118
0 SL-12 DEB
1 27976U 88085W   12019.57058093  .00002398  00000-0  10000-3 0  9996
2 27976 062.6697 181.3056 3762813 353.6439 002.7082 06.33643747188375
0 SL-12 DEB
1 27976U 88085W   12021.46447194 -.00000010 +00000-0 +10000-3 0  9991
2 27976 061.7947 179.3741 3669301 357.9562 001.4216 06.33635317188495
0 SL-12 DEB
1 27976U 88085W   12035.35214602 -.00000016  00000-0  10000-3 0  9996
2 27976 061.5693 170.4507 3726604 355.9563 002.4578 06.33656349189370
0 SL-12 DEB
1 27976U 88085W   12036.45649433 -.00000018  00000-0  10000-3 0  9994
2 27976 061.6260 169.8250 3701517 357.1090 001.2317 06.33653369189448
0 SL-12 DEB
1 27976U 88085W   12037.40336229 -.00000018  00000-0  10000-3 0  9996
2 27976 061.6082 169.1941 3724009 356.1469 001.6155 06.33654430189501
0 SL-12 DEB
1 27976U 88085W   12041.34867269 -.00000008  00000-0  10000-3 0  9996
2 27976 061.2980 166.3895 3767506 354.5558 002.6925 06.33685766189750
0 SL-12 DEB
1 27976U 88085W   12042.45312053 -.00000007  00000-0  10000-3 0  9994
2 27976 061.3487 165.7128 3784905 353.7961 002.5678 06.33684882189826
0 SL-12 DEB
1 27976U 88085W   12043.39995677 -.00000008  00000-0  10000-3 0  9998
2 27976 061.3114 165.0760 3794551 353.5566 002.7870 06.33696720189881
0 SL-12 DEB
1 27976U 88085W   12044.34672036 -.00000013  00000-0  10000-3 0  9991
2 27976 061.2624 164.4257 3794737 353.7930 002.6717 06.33703039189941
0 SL-12 DEB
1 27976U 88085W   12048.29167108 -.00000040  00000-0  10000-3 0  9998
2 27976 061.4357 162.0519 3778124 354.1853 003.1711 06.33748226190198
0 SL-12 DEB
1 27976U 88085W   12050.34259807 -.00000042  00000-0  10000-3 0  9997
2 27976 061.3928 160.7106 3752151 355.7470 002.0872 06.33774589190324
0 SL-12 DEB
1 27976U 88085W   12051.28916053 -.00000039  00000-0  10000-3 0  9990
2 27976 061.3227 160.0305 3762376 355.3902 001.9933 06.33778666190388
0 SL-12 DEB
1 27976U 88085W   12053.34029160 -.00000027  00000-0  10000-3 0  9990
2 27976 061.3061 158.6867 3776989 354.9026 002.3687 06.33802722190514
0 SL-12 DEB
1 27976U 88085W   12057.28457225 -.00000021  00000-0  10000-3 0  9998
2 27976 061.1925 156.0228 3791499 354.6134 003.2146 06.33875152190768
0 SL-12 DEB
1 27976U 88085W   12064.22545470 -.00000026 +00000-0 +10000-3 0  9995
2 27976 061.1927 151.5016 3791101 355.3765 003.9787 06.33957137191205
0 SL-12 DEB
1 27976U 88085W   12067.22156549 -.00000012  00000-0  10000-3 0  9998
2 27976 061.2302 149.5586 3803103 355.0187 002.8129 06.34022347191398
0 SL-12 DEB
1 27976U 88085W   12073.21462884 -.00000023  00000-0  10000-3 0  9998
2 27976 061.3128 145.6796 3823016 354.8034 003.7277 06.34154796191778
0 SL-12 DEB
1 27976U 88085W   12075.26389470 -.00000030  00000-0  10000-3 0  9992
2 27976 061.3160 144.3418 3824458 354.9531 002.1648 06.34158758191907
0 SL-12 DEB
1 27976U 88085W   12076.21000083 -.00000030  00000-0  10000-3 0  9998
2 27976 061.2437 143.6606 3822392 355.1930 002.1578 06.34168212191969
0 SL-12 DEB
1 27976U 88085W   12078.57520979 -.00000018  00000-0  10000-3 0  9996
2 27976 061.2691 142.1117 3827536 355.2712 002.4989 06.34220437192111
0 SL-12 DEB
1 27976U 88085W   12079.52097869 -.00000011  00000-0  10000-3 0  9992
2 27976 061.2717 141.4902 3829456 355.3026 002.0021 06.34229577192179
0 SL-12 DEB
1 27976U 88085W   12080.30932324 -.00000007  00000-0  10000-3 0  9999
2 27976 061.2720 140.9658 3830254 355.3331 002.1203 06.34243480192220
0 SL-12 DEB
1 27976U 88085W   12081.25525974 -.00000003  00000-0  10000-3 0  9999
2 27976 061.2824 140.3462 3825909 355.4672 002.1231 06.34265817192287
0 SL-12 DEB
1 27976U 88085W   12082.20113963 -.00000001  00000-0  10000-3 0  9994
2 27976 061.2843 139.7256 3826759 355.5661 001.9920 06.34273970192342
0 SL-12 DEB
1 27976U 88085W   12083.46236255 -.00000002  00000-0  10000-3 0  9994
2 27976 061.2893 138.8916 3831032 355.7415 001.9981 06.34292163192420
0 SL-12 DEB
1 27976U 88085W   12084.25055451 -.00000004  00000-0  10000-3 0  9991
2 27976 061.3013 138.3776 3828740 355.8090 001.9463 06.34307258192478
0 SL-12 DEB
1 27976U 88085W   12090.24116374 -.00000002  00000-0  10000-3 0  9997
2 27976 061.3794 134.4504 3851099 355.7981 004.2695 06.34441639192858
0 SL-12 DEB
1 27976U 88085W   12091.18577287  .00000002  00000-0  10000-3 0  9994
2 27976 061.4010 133.8372 3853462 355.8584 001.8982 06.34460405192913
0 SL-12 DEB
1 27976U 88085W   12092.13138176  .00000008  00000-0  10000-3 0  9996
2 27976 061.3987 133.2159 3851199 355.9828 001.8527 06.34473852192970
0 SL-12 DEB
1 27976U 88085W   12094.18022786  .00000018  00000-0  10000-3 0  9993
2 27976 061.4120 131.8548 3848942 356.3088 001.8572 06.34501180193103
0 SL-12 DEB
1 27976U 88085W   12097.17453443  .00000019  00000-0  10000-3 0  9994
2 27976 061.4742 129.9008 3878145 355.5775 002.1662 06.34531546193297
0 SL-12 DEB
1 27976U 88085W   12101.11424413 -.00000001  00000-0  10000-3 0  9991
2 27976 061.1484 126.9822 3854242 357.2243 001.2933 06.34531430193540
0 SL-12 DEB
1 27976U 88085W   12107.10274914  .00000018  00000-0  10000-3 0  9992
2 27976 061.2122 123.0320 3886534 356.7297 001.9593 06.34569317193929
0 SL-12 DEB
1 27976U 88085W   12108.04799710  .00000020  00000-0  10000-3 0  9995
2 27976 061.2263 122.4115 3912571 355.7994 001.7226 06.34572303193980
0 SL-12 DEB
1 27976U 88085W   12110.09658674  .00000015  00000-0  10000-3 0  9990
2 27976 061.1748 120.9979 3891828 357.0033 001.4032 06.34583074194113
0 SL-12 DEB
1 27976U 88085W   12117.03006311  .00000010  00000-0  10000-3 0  9991
2 27976 061.2075 116.3923 3900329 357.6555 001.2378 06.34600092194556
0 SL-12 DEB
1 27976U 88085W   12117.97539707  .00001724  00000-0  10000-3 0  9997
2 27976 061.4147 115.8869 3891660 357.9132 000.9133 06.34612432194615
0 SL-12 DEB
1 27976U 88085W   12125.06634382  .00000013  00000-0  10000-3 0  9991
2 27976 061.3030 111.1161 4009794 354.3101 002.4453 06.34621532195069
0 SL-12 DEB
1 27976U 88085W   12133.89055259  .00004926  00000-0  10000-3 0  9998
2 27976 061.9889 105.7978 3907354 359.4578 000.2664 06.34625392195398
0 SL-12 DEB
1 27976U 88085W   12148.86038589 -.00000003  00000-0  10000-3 0  9991
2 27976 061.9461 095.9838 3932529 000.2446 001.0831 06.34632616196579
0 SL-12 DEB
1 27976U 88085W   12150.90827064 -.00000011  00000-0  10000-3 0  9992
2 27976 061.9633 094.6494 3945206 359.9024 359.9720 06.34629365196700
0 SL-12 DEB
1 27976U 88085W   12152.95669381  .00000000  00000-0  10000-3 0  9992
2 27976 062.0817 093.3773 3911898 001.5368 359.4261 06.34631449196603
0 SL-12 DEB
1 27976U 88085W   12153.90213129 -.00000027  00000-0  10000-3 0  9993
2 27976 061.9880 092.7338 3914545 001.6342 359.3483 06.34628594196899
0 SL-12 DEB
1 27976U 88085W   12154.84754738 -.00000029  00000-0  10000-3 0  9995
2 27976 062.0520 092.1751 3914494 001.6216 359.3124 06.34628563196953
0 SL-12 DEB
1 27976U 88085W   12157.84140412 -.00000024  00000-0  10000-3 0  9991
2 27976 061.9710 090.1447 3902767 002.6580 358.6630 06.34604891197141
0 SL-12 DEB
1 27976U 88085W   12170.76279104 -.00000030  00000-0  10000-3 0  9995
2 27976 062.2862 082.0952 3892217 003.8403 354.1816 06.34426947197960
0 SL-12 DEB
1 27976U 88085W   12173.60185419 -.00000020  00000-0  10000-3 0  9995
2 27976 062.3065 080.2944 3885244 004.5886 357.1655 06.34324585198142
0 SL-12 DEB
1 27976U 88085W   12184.79519204 -.00000025  00000-0  10000-3 0  9995
2 27976 062.3667 073.2438 3856098 005.1152 348.1245 06.33927487198850
0 SL-12 DEB
1 27976U 88085W   12194.73746087 -.00000037  00000-0  10000-3 0  9994
2 27976 062.2818 066.8659 3834667 006.9747 347.8169 06.33536633199487
0 SL-12 DEB
1 27976U 88085W   12195.21509833 -.00000034  00000-0  10000-3 0  9991
2 27976 062.3042 066.5980 3829006 006.9193 357.3356 06.33560785199510
0 SL-12 DEB
1 27976U 88085W   12204.21173111 -.00000014  00000-0  10000-3 0  9996
2 27976 062.3038 060.9012 3830134 007.5322 356.3263 06.33544267200082
0 SL-12 DEB
1 27976U 88085W   12205.15905310 -.00000017  00000-0  10000-3 0  9997
2 27976 062.2004 060.2718 3807410 008.0027 356.0017 06.33535657200143
0 SL-12 DEB
1 27976U 88085W   12205.63290593 -.00000018  00000-0  10000-3 0  9991
2 27976 062.2204 059.9824 3800266 008.3688 355.9900 06.33529581200177
0 SL-12 DEB
1 27976U 88085W   12207.68513895 -.00000019  00000-0  10000-3 0  9992
2 27976 062.2018 058.6934 3792181 008.4945 356.5039 06.33529150200308
0 SL-12 DEB
1 27976U 88085W   12211.64504831 -.00000011  00000-0  00000+0 0  9990
2 27976 062.0832 056.1649 3751122 008.9366 027.2465 06.33503006200552
0 SL-12 DEB
1 27976U 88085W   12213.68353470 -.00000013  00000-0  00000+0 0  9999
2 27976 062.1538 054.8766 3793633 008.5097 356.2799 06.33483101200683
0 SL-12 DEB
1 27976U 88085W   12214.31506004 -.00000015  00000-0  00000+0 0  9995
2 27976 062.1652 054.5485 3769901 008.9913 356.3754 06.33472163200720
0 SL-12 DEB
1 27976U 88085W   12214.63073780 -.00000016 +00000-0 +00000-0 0  9992
2 27976 062.1653 054.3502 3769885 009.0107 356.2779 06.33472163200745
0 SL-12 DEB
1 27976U 88085W   12217.63004316 -.00000029  00000-0  00000+0 0  9997
2 27976 062.1501 052.4306 3764733 009.2698 355.9609 06.33453687200931
0 SL-12 DEB
1 27976U 88085W   12222.52387793 -.00000020  00000-0  00000+0 0  9995
2 27976 062.1005 049.3404 3747407 009.6813 355.7136 06.33431472201242
0 SL-12 DEB
1 27976U 88085W   12236.57525863 -.00004084  00000-0  10000-3 0  9996
2 27976 061.9275 040.4341 3674033 010.7743 355.4195 06.33343260198692
0 SL-12 DEB
1 27976U 88085W   12241.46819228 -.00000023  00000-0  00000+0 0  9995
2 27976 061.8370 037.4762 3643754 011.0043 350.9963 06.33258126202441
0 SL-12 DEB
1 27976U 88085W   12242.41758753 -.00009251  00000-0  10000-3 0  9993
2 27976 061.8690 036.7672 3659471 011.0759 355.2582 06.33239352195856
0 SL-12 DEB
1 27976U 88085W   12244.47035479 -.00000038  00000-0  00000+0 0  9993
2 27976 061.8152 035.6111 3637168 011.1597 354.5606 06.33197345202634
0 SL-12 DEB
1 27976U 88085W   12250.16853481 -.00000028  00000-0  00000+0 0  9996
2 27976 061.6619 032.0493 3583418 010.6871 022.6445 06.32740370202995
0 SL-12 DEB
1 27976U 88085W   12256.47812883 -.00000030  00000-0  00000+0 0  9990
2 27976 061.6826 028.1575 3589920 011.2592 354.8232 06.32713140203397
0 SL-12 DEB
1 27976U 88085W   12262.32595918 -.00000032  00000-0  00000+0 0  9990
2 27976 061.6399 024.5371 3573332 011.7192 352.4390 06.32550856203760
0 SL-12 DEB
1 27976U 88085W   12266.43727531 -.00000037  00000-0  00000+0 0  9999
2 27976 061.6444 022.0689 3565121 010.5348 354.1919 06.32476888204021
0 SL-12 DEB
1 27976U 88085W   12276.39845836 -.00000046  00000-0  00000+0 0  9994
2 27976 061.5742 015.8901 3543038 011.6340 350.3773 06.32312655204651
0 SL-12 DEB
1 27976U 88085W   12279.24705822 -.00000044  00000-0  00000+0 0  9999
2 27976 061.5580 014.1280 3542700 012.0555 354.4856 06.32301730204830
0 SL-12 DEB
1 27976U 88085W   12279.40527361 -.00000044  00000-0  00000+0 0  9997
2 27976 061.5560 014.0299 3543324 011.9581 354.6585 06.32299982204844
0 SL-12 DEB
1 27976U 88085W   12282.25198612 -.00000046  00000-0  00000+0 0  9999
2 27976 061.5546 012.2845 3540219 011.9302 354.5233 06.32282755205026
0 SL-12 DEB
1 27976U 88085W   12283.35914012 -.00000047  00000-0  00000+0 0  9992
2 27976 061.5761 011.6183 3543344 011.4375 354.8654 06.32278927205093
0 SL-12 DEB
1 27976U 88085W   12288.26198486 -.00000041  00000-0  00000+0 0  9990
2 27976 061.5671 008.6124 3533607 012.0885 354.3345 06.32262674205407
0 SL-12 DEB
1 27976U 88085W   12289.36922835 -.00000039  00000-0  00000+0 0  9992
2 27976 061.5395 007.9130 3536090 011.7095 354.8048 06.32265127205475
0 SL-12 DEB
1 27976U 88085W   12291.26713509 -.00000038  00000-0  00000+0 0  9999
2 27976 061.4998 006.7206 3533329 012.1820 354.4864 06.32251946205596
0 SL-12 DEB
1 27976U 88085W   12292.21615336 -.00000040  00000-0  00000+0 0  9997
2 27976 061.5297 006.1480 3535981 012.0424 354.6254 06.32249003205655
0 SL-12 DEB
1 27976U 88085W   12293.32330766 -.00000043  00000-0  00000+0 0  9994
2 27976 061.5593 005.4955 3537559 011.8305 354.7093 06.32245009205723
0 SL-12 DEB
1 27976U 88085W   12294.27231105 -.00000047  00000-0  00000+0 0  9990
2 27976 061.6480 004.9869 3524926 011.8394 354.5924 06.32225439205781
0 SL-12 DEB
1 27976U 88085W   12295.22138550 -.00000051  00000-0  00000+0 0  9991
2 27976 061.5648 004.3401 3527081 011.9862 354.5002 06.32208608205841
0 SL-12 DEB
1 27976U 88085W   12297.27770726 -.00000056  00000-0  00000+0 0  9990
2 27976 061.5694 003.0728 3533086 011.9000 354.5175 06.32189979205970
0 SL-12 DEB
1 27976U 88085W   12297.59414864 -.00000057  00000-0  00000+0 0  9994
2 27976 061.5678 002.8774 3534543 011.8523 354.7326 06.32189995205998
0 SL-12 DEB
1 27976U 88085W   12298.22686161 -.00000056  00000-0  00000+0 0  9995
2 27976 061.5740 002.4903 3532913 011.7620 354.9205 06.32200315206038
0 SL-12 DEB
1 27976U 88085W   12299.17584985 -.00000054  00000-0  00000+0 0  9999
2 27976 061.5743 001.9068 3536005 011.7350 354.8647 06.32207417206098
0 SL-12 DEB
1 27976U 88085W   12299.65025439  .00010731  00000-0  10000-3 0  9993
2 27976 061.5677 001.5157 3536716 011.9156 354.7693 06.32269974191790
0 SL-12 DEB
1 27976U 88085W   12300.28303436 -.00000051  00000-0  00000+0 0  9991
2 27976 061.5729 001.2208 3532336 012.0244 354.9407 06.32244609206167
0 SL-12 DEB
1 27976U 88085W   12302.18085728  .00002895  00000-0  10000-3 0  9995
2 27976 061.5731 359.9638 3538927 012.0962 354.7014 06.32263172191957
0 SL-12 DEB
1 27976U 88085W   12302.49717968 -.00000043  00000-0  00000+0 0  9996
2 27976 061.5749 359.8655 3534843 012.1627 354.6305 06.32253009206302
0 SL-12 DEB
1 27976U 88085W   12303.28798307 -.00000041  00000-0  00000+0 0  9998
2 27976 061.5784 359.3782 3530115 012.2304 354.7171 06.32265584206356
0 SL-12 DEB
1 27976U 88085W   12303.60424026 -.00000040  00000-0  00000+0 0  9997
2 27976 061.5738 359.1813 3531277 012.3405 354.5322 06.32266170206371
0 SL-12 DEB
1 27976U 88085W   12311.19585374 -.00000037  00000-0  00000+0 0  9990
2 27976 061.6330 354.5358 3533264 012.4730 358.6213 06.32466781206850
0 SL-12 DEB
1 27976U 88085W   12320.20622297 -.00000029  00000-0  00000+0 0  9999
2 27976 061.7189 349.0211 3576829 013.1451 359.5890 06.32705195207422
0 SL-12 DEB
1 27976U 88085W   12326.20918516  .00009393  00000-0  81937+0 0  9997
2 27976 061.7923 345.3571 3610794 012.6453 354.4981 06.32790942207791
0 SL-12 DEB
1 27976U 88085W   12328.26348556  .00008947  00000-0  81937+0 0  9990
2 27976 061.7558 344.0743 3594056 012.7792 354.4012 06.32820316207920
0 SL-12 DEB
1 27976U 88085W   12329.52763350  .00008998  00000-0  81937+0 0  9999
2 27976 061.7616 343.3051 3595729 012.8468 354.3841 06.32843352208002
0 SL-12 DEB
1 27976U 88085W   12330.00167679  .00009117  00000-0  81937+0 0  9990
2 27976 061.7634 343.0173 3600005 012.8130 354.4212 06.32855494208030
0 SL-12 DEB
1 27976U 88085W   12331.10773599  .00009377  00000-0  81937+0 0  9994
2 27976 061.7801 342.3137 3609157 012.8184 354.5102 06.32888195208105
0 SL-12 DEB
1 27976U 88085W   12334.42576740 -.00000027  00000-0  10000-3 0  9992
2 27976 061.8896 340.3197 3629617 013.0509 356.1056 06.33087057208319
0 SL-12 DEB
1 27976U 88085W   12334.58291646  .00026660  00000-0  10000-3 0  9998
2 27976 061.8379 340.0949 3630659 012.9631 354.4326 06.33143193194004
0 SL-12 DEB
1 27976U 88085W   12335.05680749 -.00000028  00000-0  10000-3 0  9998
2 27976 061.8889 339.9132 3632851 012.9356 354.5506 06.33124087208357
0 SL-12 DEB
1 27976U 88085W   12335.37262700 -.00000028  00000-0  10000-3 0  9996
2 27976 061.8917 339.7284 3640323 012.9474 354.3930 06.33140902208374
0 SL-12 DEB
1 27976U 88085W   12336.00439032 -.00000027  00000-0  10000-3 0  9990
2 27976 061.8930 339.3486 3649036 012.8619 354.5433 06.33167325208412
0 SL-12 DEB
1 27976U 88085W   12337.42575206 -.00000025  00000-0  10000-3 0  9999
2 27976 061.9303 338.4610 3657321 013.0306 354.7245 06.33236454208501
0 SL-12 DEB
1 27976U 88085W   12338.05726756 -.00000023  00000-0  10000-3 0  9995
2 27976 061.9261 338.0712 3663758 012.9731 354.4616 06.33258519208543
0 SL-12 DEB
1 27976U 88085W   12341.05756220 -.00000015  00000-0  10000-3 0  9999
2 27976 061.9704 336.2316 3677207 013.1502 354.6826 06.33322193208734
0 SL-12 DEB
1 27976U 88085W   12341.37320993 -.00000014  00000-0  10000-3 0  9997
2 27976 061.9644 336.0274 3673724 013.2609 354.3113 06.33316463208758
0 SL-12 DEB
1 27976U 88085W   12342.32058812 -.00000012  00000-0  10000-3 0  9999
2 27976 061.9673 335.4420 3678352 013.2473 354.4055 06.33340764208811
0 SL-12 DEB
1 27976U 88085W   12343.11000352 -.00000012  00000-0  10000-3 0  9993
2 27976 061.9636 334.9398 3684385 013.2886 354.3491 06.33357631208868
0 SL-12 DEB
1 27976U 88085W   12343.58364525 -.00000012  00000-0  10000-3 0  9999
2 27976 061.9786 334.6573 3684368 013.3863 354.2637 06.33358208208898
0 SL-12 DEB
1 27976U 88085W   12344.05730518 -.00000012  00000-0  10000-3 0  9991
2 27976 061.9873 334.3541 3694730 013.3398 354.3565 06.33383904208920
0 SL-12 DEB
1 27976U 88085W   12345.32032085 -.00000016  00000-0  10000-3 0  9990
2 27976 061.9917 333.5709 3697194 013.4559 354.3536 06.33410087209004
0 SL-12 DEB
1 27976U 88085W   12346.10964259 -.00000018  00000-0  10000-3 0  9996
2 27976 062.0040 333.0893 3701098 013.4934 354.2318 06.33413012209051
0 SL-12 DEB
1 27976U 88085W   12347.05688054 -.00000023  00000-0  10000-3 0  9993
2 27976 062.0068 332.4935 3703405 013.5517 354.2243 06.33418912209111
0 SL-12 DEB
1 27976U 88085W   12348.00410112 -.00000027  00000-0  10000-3 0  9991
2 27976 062.0028 331.8978 3704717 013.5292 354.2623 06.33431058209178
0 SL-12 DEB
1 27976U 88085W   12348.47768533 -.00000028  00000-0  10000-3 0  9996
2 27976 062.0166 331.6170 3702022 013.7872 354.1179 06.33435905209200
0 SL-12 DEB
1 27976U 88085W   12348.95127741 -.00000030  00000-0  10000-3 0  9992
2 27976 062.0135 331.3313 3706582 013.6765 354.1820 06.33444415209239
0 SL-12 DEB
1 27976U 88085W   12350.05631800 -.00000032  00000-0  10000-3 0  9994
2 27976 062.0250 330.6174 3716893 013.7552 354.2416 06.33480845209302
0 SL-12 DEB
1 27976U 88085W   12351.00340432 -.00000032  00000-0  10000-3 0  9998
2 27976 062.0363 330.0511 3726555 013.5436 354.3015 06.33514369209362
0 SL-12 DEB
1 27976U 88085W   12351.95046082 -.00000031  00000-0  10000-3 0  9995
2 27976 062.0408 329.4783 3730372 013.5814 354.3208 06.33535221209428
0 SL-12 DEB
1 27976U 88085W   12353.05531617 -.00000029  00000-0  10000-3 0  9998
2 27976 062.0394 328.7474 3736980 014.3385 354.1410 06.33598317209499
0 SL-12 DEB
1 27976U 88085W   12354.00217606 -.00000027  00000-0  10000-3 0  9991
2 27976 062.0415 328.1633 3752625 013.9565 354.1907 06.33646378209552
0 SL-12 DEB
1 27976U 88085W   12354.94902588 -.00000026  00000-0  10000-3 0  9993
2 27976 062.0416 327.5839 3760417 013.7118 354.2960 06.33667702209615
0 SL-12 DEB
1 27976U 88085W   12355.89576135  .00020908  00000-0  10000-3 0  9993
2 27976 062.0129 326.8445 3761730 013.7542 354.2558 06.33744452195357
0 SL-12 DEB
1 27976U 88085W   12356.05355101  .00020111  00000-0  10000-3 0  9996
2 27976 062.0129 326.7360 3766330 013.9333 354.1869 06.33753808195363
0 SL-12 DEB
1 27976U 88085W   12356.52688910 -.00000028  00000-0  00000+0 0  9996
2 27976 062.1408 326.6430 3827247 014.6602 353.9261 06.33673320209700
0 SL-12 DEB
1 27976U 88085W   12357.00024647 -.00000029  00000-0  00000+0 0  9992
2 27976 062.1483 326.3451 3829684 014.5739 353.9659 06.33747277209737
0 SL-12 DEB
1 27976U 88085W   12357.94691958 -.00000031  00000-0  00000+0 0  9993
2 27976 062.1583 325.7531 3840878 014.6749 353.9408 06.33764744209796
0 SL-12 DEB
1 27976U 88085W   12357.94692080 -.00000031  00000-0  00000+0 0  9990
2 27976 062.1578 325.7535 3841094 014.6663 353.9448 06.33764313209796
0 SL-12 DEB
1 27976U 88085W   12359.99789655 -.00000037  00000-0  00000+0 0  9998
2 27976 062.1625 324.4592 3850660 014.7510 353.9197 06.33812467209929
0 SL-12 DEB
1 27976U 88085W   12359.99789766 -.00000037  00000-0  00000+0 0  9991
2 27976 062.1625 324.4591 3850509 014.7456 353.9217 06.33807757209928
0 SL-12 DEB
1 27976U 88085W   12360.94442952 -.00000038  00000-0  00000+0 0  9992
2 27976 062.1700 323.8637 3860271 014.8831 353.8778 06.33883567209981
0 SL-12 DEB
1 27976U 88085W   12361.89092735 -.00000039  00000-0  00000+0 0  9998
2 27976 062.1709 323.2615 3863997 014.9282 353.8626 06.33900844210048
0 SL-12 DEB
1 27976U 88085W   12362.99512489  .00028164  00000-0  99616+0 0  9992
2 27976 062.1725 322.5605 3866539 015.0556 353.8117 06.33929659210116
0 SL-12 DEB
1 27976U 88085W   12363.94154860  .00016930  00000-0  60148+0 0  9999
2 27976 062.1665 321.9526 3865219 015.0875 353.7952 06.33981298210171
0 SL-12 DEB
1 27976U 88085W   12364.88791089  .00017178  00000-0  60790+0 0  9991
2 27976 062.1651 321.3487 3866147 015.1702 353.7626 06.33987725210233
0 SL-12 DEB
1 27976U 88085W   12365.99195868  .00018472  00000-0  64831+0 0  9995
2 27976 062.1632 320.6459 3867905 015.2740 353.7241 06.34027051210308
0 SL-12 DEB
1 27976U 88085W   12366.93825043  .00017783  00000-0  62404+0 0  9993
2 27976 062.1608 320.0416 3867741 015.3534 353.6930 06.34050800210366
0 SL-12 DEB
1 27976U 88085W   13001.88452066  .00016217  00000-0  55948+0 0  9991
2 27976 062.1620 319.4396 3871873 015.4635 353.6572 06.34083759210421
0 SL-12 DEB
1 27976U 88085W   13002.83074282  .00015819  00000-0  55697+0 0  9995
2 27976 062.1557 318.8324 3866634 015.5008 353.6349 06.34087358210485
0 SL-12 DEB
1 27976U 88085W   13002.98844652  .00016974  00000-0  59529+0 0  9998
2 27976 062.1559 318.7325 3867492 015.5242 353.6271 06.34102946210496
0 SL-12 DEB
1 27976U 88085W   13003.93465551  .00015694  00000-0  54982+0 0  9997
2 27976 062.1543 318.1274 3867754 015.6016 353.5970 06.34109105210553
0 SL-12 DEB
1 27976U 88085W   13004.88084787  .00019859  00000-0  70796+0 0  9998
2 27976 062.1445 317.5110 3863012 015.5901 353.5939 06.34137392210612
0 SL-12 DEB
1 27976U 88085W   13005.82700833  .00011199  00000-0  39884+0 0  9992
2 27976 062.1660 316.9275 3863584 015.5824 353.5972 06.34138456210679
0 SL-12 DEB
1 27976U 88085W   13005.98467542  .00011227  00000-0  40403+0 0  9997
2 27976 062.1756 316.8357 3860869 015.4983 353.6272 06.34142111210681
0 SL-12 DEB
1 27976U 88085W   13006.93081766  .00010401  00000-0  37335+0 0  9996
2 27976 062.1757 316.2324 3861577 015.5885 353.5885 06.34155582210741
0 SL-12 DEB
1 27976U 88085W   13007.87693821  .00010692  00000-0  38294+0 0  9998
2 27976 062.1743 315.6279 3862151 015.6659 353.5544 06.34166165210805
0 SL-12 DEB
1 27976U 88085W   13008.82303160  .00010322  00000-0  37350+0 0  9990
2 27976 062.1790 315.0277 3859428 015.7175 353.5253 06.34191229210868
0 SL-12 DEB
1 27976U 88085W   13009.13839056  .00010071  00000-0  36296+0 0  9992
2 27976 062.1784 314.8259 3860501 015.7430 353.5159 06.34192568210880
0 SL-12 DEB
1 27976U 88085W   13009.92677094  .00008120  00000-0  30168+0 0  9995
2 27976 062.1750 314.3185 3852769 015.7975 353.4779 06.34210415210932
0 SL-12 DEB
1 27976U 88085W   13010.87278411  .00009112  00000-0  10000-3 0  9990
2 27976 062.1846 313.6149 3843599 015.8096 353.5086 06.34227676196680
0 SL-12 DEB
1 27976U 88085W   13011.18812791  .00009440  00000-0  34817+0 0  9992
2 27976 062.1748 313.5148 3854199 015.8804 353.4461 06.34253957211016
0 SL-12 DEB
1 27976U 88085W   13011.81877834  .00009659  00000-0  35516+0 0  9990
2 27976 062.1749 313.1126 3854809 015.9274 353.4287 06.34271946211057
0 SL-12 DEB
1 27976U 88085W   13012.92235739  .00010724  00000-0  39084+0 0  9994
2 27976 062.1754 312.4083 3856608 016.0173 353.3977 06.34320740211126
0 SL-12 DEB
1 27976U 88085W   13013.86821638  .00011532  00000-0  41765+0 0  9994
2 27976 062.1741 311.8022 3857844 016.0928 353.3721 06.34363502211185
0 SL-12 DEB
1 27976U 88085W   13014.81400261  .00013350  00000-0  47705+0 0  9995
2 27976 062.1731 311.1971 3860757 016.1878 353.3415 06.34421498211248
0 SL-12 DEB
1 27976U 88085W   13015.91731731  .00017401  00000-0  60830+0 0  9991
2 27976 062.1684 310.4903 3865691 016.3488 353.2870 06.34498715211311
0 SL-12 DEB
1 27976U 88085W   13016.23253504  .00020259  00000-0  70073+0 0  9999
2 27976 062.1643 310.2847 3868070 016.4004 353.2708 06.34535813211333
0 SL-12 DEB
1 27976U 88085W   13016.86291527  .00021460  00000-0  73574+0 0  9999
2 27976 062.1604 309.8791 3870055 016.4674 353.2479 06.34572245211370
0 SL-12 DEB
1 27976U 88085W   13017.17809099  .00023249  00000-0  79036+0 0  9999
2 27976 062.1568 309.6737 3871905 016.5255 353.2276 06.34610233211395
0 SL-12 DEB
1 27976U 88085W   13017.80835387  .00034998  00000-0  10000-3 0  9991
2 27976 062.1773 309.1724 3855242 016.4464 353.2827 06.34624297197122
0 SL-12 DEB
1 27976U 88085W   13017.80839661  .00024033  00000-0  81288+0 0  9991
2 27976 062.1528 309.2688 3872905 016.5885 353.2039 06.34651636211436
0 SL-12 DEB
1 27976U 88085W   13018.75377138  .00029321  00000-0  96787+0 0  9997
2 27976 062.1501 308.6608 3878261 016.7215 353.1589 06.34757627211494
0 SL-12 DEB
1 27976U 88085W   13019.85653716  .00029391  00000-0  95434+0 0  9993
2 27976 062.1464 307.9511 3881735 016.8627 353.1064 06.34855053211563
0 SL-12 DEB
1 27976U 88085W   13020.17158011 -.00000047  00000-0  00000+0 0  9991
2 27976 062.1404 307.7469 3886271 016.9560 353.0762 06.34935627211586
0 SL-12 DEB
1 27976U 88085W   13020.80162167 -.00000048  00000-0  00000+0 0  9999
2 27976 062.1394 307.3408 3887936 017.0325 353.0473 06.34941659211629
0 SL-12 DEB
1 27976U 88085W   13021.27409815 -.00000048  00000-0  00000+0 0  9995
2 27976 062.1172 307.0160 3890031 017.1867 352.9872 06.35048553211653
0 SL-12 DEB
1 27976U 88085W   13021.74655950  .00031100  00000-0  96526+0 0  9990
2 27976 062.1148 306.7112 3891452 017.2572 352.9606 06.35073958211686
0 SL-12 DEB
1 27976U 88085W   13021.90403374  .00031156  00000-0  96386+0 0  9994
2 27976 062.1146 306.6094 3892092 017.2835 352.9509 06.35097136211692
0 SL-12 DEB
1 27976U 88085W   13022.84878552 -.00000046  00000-0  00000+0 0  9995
2 27976 062.1072 305.9968 3896899 017.4628 352.8865 06.35220025211759
0 SL-12 DEB
1 27976U 88085W   13023.16366798 -.00000045  00000-0  00000+0 0  9994
2 27976 062.1019 305.7912 3899540 017.5577 352.8527 06.35293192211779
0 SL-12 DEB
1 27976U 88085W   13023.79337241 -.00000044  00000-0  00000+0 0  9993
2 27976 062.0991 305.3831 3901331 017.6479 352.8199 06.35325936211819
0 SL-12 DEB
1 27976U 88085W   13024.73762417  .00060109  00000-0  10000-3 0  9997
2 27976 062.0552 304.6143 3879043 017.3544 352.9548 06.35376088197562
0 SL-12 DEB
1 27976U 88085W   13024.89518127 -.00000039  00000-0  00000+0 0  9993
2 27976 062.0883 304.6654 3907274 017.8737 352.7411 06.35500016211882
0 SL-12 DEB
1 27976U 88085W   13025.83941963 -.00000036  00000-0  00000+0 0  9993
2 27976 062.0763 304.0482 3913249 018.0888 352.6675 06.35656546211949
0 SL-12 DEB
1 27976U 88085W   13026.78344596  .00035814  00000-0  97896+0 0  9997
2 27976 062.0582 303.4240 3917232 018.2819 352.5999 06.35787395212008
0 SL-12 DEB
1 27976U 88085W   13027.88434458  .00067262  00000-0  10000-3 0  9994
2 27976 062.0540 302.5641 3891482 017.9825 352.7314 06.35789398197761
0 SL-12 DEB
1 27976U 88085W   13027.88455081  .00033203  00000-0  88777+0 0  9999
2 27976 062.0448 302.7020 3921668 018.4432 352.5476 06.35905540212080
0 SL-12 DEB
1 27976U 88085W   13028.82817349  .00032986  00000-0  85791+0 0  9993
2 27976 062.0263 302.0797 3927587 018.6222 352.4904 06.35994600212141
0 SL-12 DEB
1 27976U 88085W   13029.14264467 -.00000025  00000-0  00000+0 0  9996
2 27976 062.0062 301.8586 3928646 018.7358 352.4470 06.36046755212169
0 SL-12 DEB
1 27976U 88085W   13029.77159813  .00034372  00000-0  88733+0 0  9993
2 27976 062.0016 301.4467 3928902 018.8354 352.4088 06.36055898212202
0 SL-12 DEB
1 27976U 88085W   13030.08605061  .00032847  00000-0  84009+0 0  9997
2 27976 061.9932 301.2366 3930561 018.9140 352.3809 06.36133131212220
0 SL-12 DEB
1 27976U 88085W   13030.87208967  .00030436  00000-0  77786+0 0  9994
2 27976 061.9884 300.7228 3930728 018.9865 352.3532 06.36135857212271
0 SL-12 DEB
1 27976U 88085W   13031.02927517  .00037471  00000-0  95339+0 0  9991
2 27976 061.9816 300.6174 3931286 019.0679 352.3210 06.36201201212281
0 SL-12 DEB
1 27976U 88085W   13031.81513748  .00052599  00000-0  10000-3 0  9999
2 27976 062.0518 299.9890 3891018 019.0159 352.3116 06.36209775198011
0 SL-12 DEB
1 27976U 88085W   13031.81520073  .00038683  00000-0  98467+0 0  9995
2 27976 061.9788 300.1028 3931124 019.1417 352.2909 06.36209601212336
0 SL-12 DEB
1 27976U 88085W   13032.75823865 -.00000027  00000-0  00000+0 0  9992
2 27976 061.9755 299.4853 3930439 019.2599 352.2404 06.36260548212399
0 SL-12 DEB
1 27976U 88085W   13033.70120186  .00036859  00000-0  94331+0 0  9995
2 27976 061.9768 298.8695 3929089 019.3614 352.1943 06.36323768212456
0 SL-12 DEB
1 27976U 88085W   13034.80127708  .00029852  00000-0  75309+0 0  9993
2 27976 061.9598 298.1416 3932525 019.5963 352.1030 06.36322936212520
0 SL-12 DEB
1 27976U 88085W   13035.74421345  .00028477  00000-0  72296+0 0  9995
2 27976 061.9561 297.5209 3931378 019.7369 352.0414 06.36278595212582
0 SL-12 DEB
1 27976U 88085W   13036.37278081  .00021194  00000-0  53606+0 0  9995
2 27976 061.9438 297.1005 3931690 019.9479 351.9546 06.36371398212620
0 SL-12 DEB
1 27976U 88085W   13037.15862016  .00009795  00000-0  24648+0 0  9996
2 27976 061.9129 296.5723 3933763 020.2039 351.8538 06.36305751212672
0 SL-12 DEB
1 27976U 88085W   13037.78725556  .00008820  00000-0  22140+0 0  9995
2 27976 061.9070 296.1573 3934474 020.3027 351.8157 06.36294580212713
0 SL-12 DEB
1 27976U 88085W   13038.73021500  .00006052  00000-0  15294+0 0  9996
2 27976 061.9083 295.5383 3933326 020.4122 351.7705 06.36272104212773
0 SL-12 DEB
1 27976U 88085W   13039.20168588  .00009424  00000-0  23458+0 0  9994
2 27976 061.8909 295.2213 3936162 020.5163 351.7356 06.36313329212806
0 SL-12 DEB
1 27976U 88085W   13039.83035003  .00015822  00000-0  39419+0 0  9991
2 27976 061.8797 294.8036 3935967 020.6079 351.6996 06.36269938212847
0 SL-12 DEB
1 27976U 88085W   13040.14466813  .00018939  00000-0  47201+0 0  9994
2 27976 061.8765 294.5946 3935665 020.6672 351.6755 06.36291033212869
0 SL-12 DEB
1 27976U 88085W   13040.93052321 -.00000807  00000-0 -19574-1 0  9997
2 27976 061.8703 294.0718 3934458 021.0558 351.5142 06.36279213212911
0 SL-12 DEB
1 27976U 88085W   13041.71629726  .00005042  00000-0  12526+0 0  9995
2 27976 061.8681 293.5578 3937316 020.8447 351.6114 06.36272880212962
0 SL-12 DEB
1 27976U 88085W   13042.18777137  .00006389  00000-0  15911+0 0  9993
2 27976 061.8566 293.2380 3936359 020.9936 351.5485 06.36296522212994
0 SL-12 DEB
1 27976U 88085W   13042.81642600  .00001648  00000-0  41673-1 0  9998
2 27976 061.8584 292.8233 3935506 021.1529 351.4814 06.36284969213033
0 SL-12 DEB
1 27976U 88085W   13043.13073921  .00002339  00000-0  58815-1 0  9992
2 27976 061.8545 292.6127 3935814 021.1878 351.4681 06.36294944213057
0 SL-12 DEB
1 27976U 88085W   13043.75937805  .00003230  00000-0  80819-1 0  9990
2 27976 061.8486 292.1963 3936372 021.2543 351.4422 06.36286787213097
0 SL-12 DEB
1 27976U 88085W   13044.23086984  .00000900  00000-0  22983-1 0  9996
2 27976 061.8416 291.8840 3936738 021.3955 351.3844 06.36292083213121
0 SL-12 DEB
1 27976U 88085W   13044.70232524  .00005784  00000-0  14385+0 0  9991
2 27976 061.8386 291.5709 3937032 021.3460 351.4056 06.36284763213152
0 SL-12 DEB
1 27976U 88085W   13045.80242536  .00004634  00000-0  11516+0 0  9993
2 27976 061.8258 290.8401 3937527 021.5261 351.3309 06.36299860213223
0 SL-12 DEB
1 27976U 88085W   13046.90251326  .00004909  00000-0  12169+0 0  9992
2 27976 061.8138 290.1093 3938085 021.6827 351.2658 06.36298106213294
0 SL-12 DEB
1 27976U 88085W   13047.68829187  .00003170  00000-0  78727-1 0  9997
2 27976 061.8032 289.5847 3938338 021.8157 351.2103 06.36309344213343
0 SL-12 DEB
1 27976U 88085W   13048.63121613  .00002526  00000-0  62770-1 0  9997
2 27976 061.7905 288.9554 3938635 021.9656 351.1482 06.36314125213403
0 SL-12 DEB
1 27976U 88085W   13048.78837578  .00001422  00000-0  35637-1 0  9993
2 27976 061.7890 288.8501 3938657 022.0111 351.1293 06.36314525213414
0 SL-12 DEB
1 27976U 88085W   13049.88844978 -.00000671  00000-0 -15823-1 0  9999
2 27976 061.7775 288.1189 3938872 022.2632 351.0253 06.36324773213488
0 SL-12 DEB
1 27976U 88085W   13051.93136970 -.00002221  00000-0 -54010-1 0  9998
2 27976 061.7585 286.7574 3939096 022.4145 350.9666 06.36325294213619
0 SL-12 DEB
1 27976U 88085W   13052.08851258  .00004311  00000-0  10608+0 0  9991
2 27976 061.7491 286.6502 3938840 022.3994 350.9726 06.36331569213622
0 SL-12 DEB
1 27976U 88085W   13052.87425577 -.00002261  00000-0 -55126-1 0  9999
2 27976 061.7500 286.1280 3938945 022.5314 350.9200 06.36337517213676
0 SL-12 DEB
1 27976U 88085W   13053.66000421  .00000267  00000-0  67752-2 0  9995
2 27976 061.7369 285.6027 3938417 022.7411 350.8333 06.36346709213721
0 SL-12 DEB
1 27976U 88085W   13054.60287462  .00000219  00000-0  55314-2 0  9990
2 27976 061.7210 284.9704 3938004 022.9080 350.7650 06.36355655213783
0 SL-12 DEB
1 27976U 88085W   13054.76001762 -.00000079  00000-0 -18165-2 0  9993
2 27976 061.7159 284.8642 3937723 022.9802 350.7345 06.36356765213799
0 SL-12 DEB
1 27976U 88085W   13055.86001307 -.00001526  00000-0 -37496-1 0  9995
2 27976 061.7139 284.1316 3937838 022.9646 350.7435 06.36342028213866
0 SL-12 DEB
1 27976U 88085W   13056.64571423 -.00003303  00000-0 -81253-1 0  9998
2 27976 061.7018 283.6016 3937728 023.0265 350.7179 06.36365239213910
0 SL-12 DEB
1 27976U 88085W   13057.74569948 -.00003587  00000-0 -88571-1 0  9993
2 27976 061.6867 282.8645 3936917 023.1699 350.6553 06.36352508213988
0 SL-12 DEB
1 27976U 88085W   13058.68853353 -.00003611  00000-0 -89415-1 0  9999
2 27976 061.6736 282.2314 3936128 023.3023 350.5960 06.36363701214043
0 SL-12 DEB
1 27976U 88085W   13060.73133024 -.00003660  00000-0 -90482-1 0  9994
2 27976 061.6746 280.8829 3936342 023.4975 350.5084 06.36366285214175
0 SL-12 DEB
1 27976U 88085W   13061.67414950  .00002428  00000-0  60386-1 0  9997
2 27976 061.6668 280.2517 3935785 023.6231 350.4512 06.36383210214232
0 SL-12 DEB
1 27976U 88085W   13062.61696190  .00001877  00000-0  46749-1 0  9994
2 27976 061.6649 279.6246 3935522 023.7270 350.4046 06.36387047214295
0 SL-12 DEB
1 27976U 88085W   13063.55976969  .00001284  00000-0  32380-1 0  9991
2 27976 061.6308 278.9809 3932737 023.8971 350.3244 06.36387335214354
0 SL-12 DEB
1 27976U 88085W   13063.71691062 -.00000422  00000-0 -10560-1 0  9998
2 27976 061.6136 278.8678 3931196 023.9962 350.2785 06.36386359214360
0 SL-12 DEB
1 27976U 88085W   13064.65970633 -.00001182  00000-0 -29852-1 0  9994
2 27976 061.6153 278.2411 3931023 024.0443 350.2579 06.36387964214424
0 SL-12 DEB
1 27976U 88085W   13065.60249871 -.00001634  00000-0 -41731-1 0  9995
2 27976 061.5971 277.6041 3928860 024.1641 350.2024 06.36392102214480
0 SL-12 DEB
1 27976U 88085W   13066.70240970 -.00002105  00000-0 -54402-1 0  9991
2 27976 061.5752 276.8595 3926101 024.3089 350.1349 06.36403796214555
0 SL-12 DEB
1 27976U 88085W   13067.80230758 -.00003397  00000-0 -88308-1 0  9992
2 27976 061.5698 276.1242 3924676 024.4183 350.0854 06.36401912214623
0 SL-12 DEB
1 27976U 88085W   13068.58794743 -.00003235  00000-0 -84028-1 0  9993
2 27976 061.5723 275.6023 3924773 024.4902 350.0550 06.36407213214678
0 SL-12 DEB
1 27976U 88085W   13069.53070809 -.00002863  00000-0 -75057-1 0  9997
2 27976 061.5560 274.9660 3922313 024.6183 349.9925 06.36410667214734
0 SL-12 DEB
1 27976U 88085W   13069.68783149 -.00003078  00000-0 -81150-1 0  9991
2 27976 061.5448 274.8541 3920998 024.6499 349.9751 06.36409217214740
0 SL-12 DEB
1 27976U 88085W   13070.63058691 -.00002727  00000-0 -72313-1 0  9996
2 27976 061.5349 274.2209 3919243 024.7642 349.9191 06.36416208214800
0 SL-12 DEB
1 27976U 88085W   13071.57333533 -.00002371  00000-0 -63169-1 0  9995
2 27976 061.5271 273.5892 3917708 024.8730 349.8654 06.36419014214864
0 SL-12 DEB
1 27976U 88085W   13071.88758416 -.00002248  00000-0 -59943-1 0  9998
2 27976 061.5265 273.3804 3917344 024.9048 349.8497 06.36418314214886
0 SL-12 DEB
1 27976U 88085W   13072.67319954 -.00001738  00000-0 -46441-1 0  9998
2 27976 061.5202 272.8533 3916181 024.9959 349.8049 06.36429055214932
0 SL-12 DEB
1 27976U 88085W   13073.61593944 -.00002146  00000-0 -57823-1 0  9996
2 27976 061.5112 272.2189 3914447 025.0938 349.7552 06.36423746214990
0 SL-12 DEB
1 27976U 88085W   13074.55868046 -.00001875  00000-0 -51038-1 0  9998
2 27976 061.4982 271.5849 3911926 025.2068 349.6973 06.36420900215057
0 SL-12 DEB
1 27976U 88085W   13075.50141511 -.00001676  00000-0 -46041-1 0  9992
2 27976 061.4893 270.9521 3909933 025.3116 349.6452 06.36426230215119
0 SL-12 DEB
1 27976U 88085W   13075.65854115 -.00001125  00000-0 -30782-1 0  9993
2 27976 061.4906 270.8490 3910116 025.3288 349.6382 06.36434997215125
0 SL-12 DEB
1 27976U 88085W   13075.97278188 -.00001336  00000-0 -36816-1 0  9996
2 27976 061.4849 270.6363 3908993 025.3635 349.6198 06.36435514215147
0 SL-12 DEB
1 27976U 88085W   13076.60126719 -.00001285  00000-0 -35728-1 0  9993
2 27976 061.4766 270.2136 3907233 025.4351 349.5838 06.36431748215180
0 SL-12 DEB
1 27976U 88085W   13076.60126721 -.00001177  00000-0 -32720-1 0  9995
2 27976 061.4766 270.2137 3907249 025.4361 349.5834 06.36431957215187
0 SL-12 DEB
1 27976U 88085W   13077.54399483 -.00000476  00000-0 -13336-1 0  9999
2 27976 061.4685 269.5826 3905282 025.5437 349.5318 06.36436938215241
0 SL-12 DEB
1 27976U 88085W   13077.54399501 -.00000471  00000-0 -13210-1 0  9996
2 27976 061.4685 269.5825 3905234 025.5437 349.5316 06.36437190215246
0 SL-12 DEB
1 27976U 88085W   13078.64383495 -.00000197  00000-0 -56812-2 0  9994
2 27976 061.4576 268.8449 3902311 025.6617 349.4733 06.36441711215317
0 SL-12 DEB
1 27976U 88085W   13078.95807305 -.00000312  00000-0 -90239-2 0  9999
2 27976 061.4521 268.6324 3901328 025.6948 349.4565 06.36444223215337
0 SL-12 DEB
1 27976U 88085W   13079.74367440 -.00000222  00000-0 -65722-2 0  9997
2 27976 061.4403 268.1041 3898864 025.7805 349.4132 06.36433539215383
0 SL-12 DEB
1 27976U 88085W   13080.52926926  .00000795  00000-0  23041-1 0  9995
2 27976 061.4295 267.5743 3896164 025.8628 349.3706 06.36445913215430
0 SL-12 DEB
1 27976U 88085W   13081.62909786  .00000839  00000-0  24758-1 0  9997
2 27976 061.4060 266.8272 3891420 025.9801 349.3063 06.36446120215508
0 SL-12 DEB
1 27976U 88085W   13081.62910067  .00001668  00000-0  49087-1 0  9994
2 27976 061.4152 266.8340 3893330 025.9755 349.3139 06.36445523215506
0 SL-12 DEB
1 27976U 88085W   13081.62910108  .00001648  00000-0  48484-1 0  9998
2 27976 061.4150 266.8340 3893307 025.9753 349.3139 06.36445661215509
0 SL-12 DEB
1 27976U 88085W   13082.57180329  .00000919  00000-0  27766-1 0  9997
2 27976 061.3859 266.1874 3885915 026.0756 349.2480 06.36445726215566
0 SL-12 DEB
1 27976U 88085W   13082.57180602  .00001357  00000-0  40854-1 0  9991
2 27976 061.3933 266.1930 3887327 026.0750 349.2525 06.36446132215567
0 SL-12 DEB
1 27976U 88085W   13083.51450878  .00000672  00000-0  20705-1 0  9993
2 27976 061.3711 265.5494 3880556 026.1592 349.1942 06.36448257215620
0 SL-12 DEB
1 27976U 88085W   13083.51450982  .00001058  00000-0  32600-1 0  9995
2 27976 061.3704 265.5494 3881343 026.1660 349.1936 06.36448014215627
0 SL-12 DEB
1 27976U 88085W   13083.51451752  .00001568  00000-0  47761-1 0  9991
2 27976 061.3842 265.5602 3884739 026.1709 349.2018 06.36449067215628
0 SL-12 DEB
1 27976U 88085W   13083.51451968  .00001797  00000-0  54488-1 0  9998
2 27976 061.3892 265.5628 3886148 026.1706 349.2061 06.36448567215626
0 SL-12 DEB
1 27976U 88085W   13084.61433411  .00000393  00000-0  12335-1 0  9999
2 27976 061.3549 264.8064 3874809 026.2600 349.1302 06.36453197215695
0 SL-12 DEB
1 27976U 88085W   13084.61433526  .00000485  00000-0  15207-1 0  9999
2 27976 061.3575 264.8085 3875864 026.2641 349.1316 06.36452968215694
0 SL-12 DEB
1 27976U 88085W   13084.61433617  .00001340  00000-0  42227-1 0  9993
2 27976 061.3598 264.8116 3876445 026.2799 349.1266 06.36452980215692
0 SL-12 DEB
1 27976U 88085W   13085.55705450  .00001307  00000-0  41830-1 0  9996
2 27976 061.3508 264.1783 3872878 026.3730 349.0720 06.36456767215756
0 SL-12 DEB
1 27976U 88085W   13086.49977823  .00000084  00000-0  26803-2 0  9990
2 27976 061.3310 263.5376 3866798 026.4584 349.0126 06.36460248215816
0 SL-12 DEB
1 27976U 88085W   13086.81402410 -.00000235  00000-0 -78506-2 0  9998
2 27976 061.3276 263.3262 3865353 026.4868 348.9946 06.36468997215839
0 SL-12 DEB
1 27976U 88085W   13086.81402952 -.00001118  00000-0 -37159-1 0  9998
2 27976 061.3250 263.3240 3864419 026.4681 348.9998 06.36470009215836
0 SL-12 DEB
1 27976U 88085W   13086.81403091 -.00001131  00000-0 -37611-1 0  9991
2 27976 061.3249 263.3238 3864364 026.4676 348.9999 06.36469968215837
0 SL-12 DEB
1 27976U 88085W   13088.54240564 -.00003845  00000-0 -13075+0 0  9997
2 27976 061.3097 262.1645 3858074 026.6146 348.9108 06.36488541215944
0 SL-12 DEB
1 27976U 88085W   13088.69953888 -.00004383  00000-0 -14980+0 0  9997
2 27976 061.3090 262.0591 3856757 026.6232 348.9026 06.36498729215957
0 SL-12 DEB
1 27976U 88085W   13089.48514382 -.00005385  00000-0 -18305+0 0  9995
2 27976 061.3131 261.5419 3858111 026.7041 348.8701 06.36500521216001
0 SL-12 DEB
1 27976U 88085W   13089.48514384 -.00005386  00000-0 -18308+0 0  9991
2 27976 061.3131 261.5419 3858107 026.7041 348.8701 06.36500511216005
0 SL-12 DEB
1 27976U 88085W   13089.48514390 -.00005353  00000-0 -18188+0 0  9998
2 27976 061.3131 261.5420 3858215 026.7053 348.8699 06.36500230216004
0 SL-12 DEB
1 27976U 88085W   13090.58503553 -.00007944  00000-0 -27821+0 0  9992
2 27976 061.2952 260.7981 3850313 026.7831 348.8109 06.36524586216075
0 SL-12 DEB
1 27976U 88085W   13091.52774665 -.00009884  00000-0 -34958+0 0  9995
2 27976 061.2843 260.1681 3847764 026.8807 348.7607 06.36525096216131
0 SL-12 DEB
1 27976U 88085W   13092.47048027 -.00011538  00000-0 -41165+0 0  9993
2 27976 061.2856 259.5417 3845404 026.9537 348.7222 06.36537587216191
0 SL-12 DEB
1 27976U 88085W   13092.47048217 -.00011556  00000-0 -41232+0 0  9999
2 27976 061.2856 259.5417 3845379 026.9538 348.7220 06.36537903216193
0 SL-12 DEB
1 27976U 88085W   13092.47048231 -.00011561  00000-0 -41253+0 0  9994
2 27976 061.2857 259.5417 3845362 026.9536 348.7221 06.36537956216193
0 SL-12 DEB
1 27976U 88085W   13093.57036042 -.00014097  00000-0 -51342+0 0  9990
2 27976 061.2734 258.8038 3839918 027.0384 348.6685 06.36549155216266
0 SL-12 DEB
1 27976U 88085W   13094.51304645 -.00015550  00000-0 -57217+0 0  9994
2 27976 061.2668 258.1752 3837256 027.1216 348.6233 06.36541905216327
0 SL-12 DEB
1 27976U 88085W   13094.51304660 -.00015553  00000-0 -57231+0 0  9990
2 27976 061.2668 258.1752 3837232 027.1213 348.6233 06.36541964216323
0 SL-12 DEB
1 27976U 88085W   13094.51304667 -.00015554  00000-0 -57237+0 0  9994
2 27976 061.2668 258.1752 3837221 027.1211 348.6233 06.36541987216324
0 SL-12 DEB
1 27976U 88085W   13095.45568753 -.00016073  00000-0 -59239+0 0  9997
2 27976 061.2656 257.5507 3836902 027.2160 348.5793 06.36522194216386
0 SL-12 DEB
1 27976U 88085W   13096.55546464 -.00016707  00000-0 -61605+0 0  9998
2 27976 061.2592 256.8225 3836877 027.3517 348.5169 06.36495620216450
0 SL-12 DEB
1 27976U 88085W   13096.86969104 -.00016926  00000-0 -62589+0 0  9997
2 27976 061.2564 256.6131 3836189 027.3853 348.4990 06.36484704216476
0 SL-12 DEB
1 27976U 88085W   13097.49816209 -.00017412  00000-0 -65006+0 0  9992
2 27976 061.2512 256.1935 3833738 027.4360 348.4669 06.36470364216512
0 SL-12 DEB
1 27976U 88085W   13098.44088739 -.00018268  00000-0 -69119+0 0  9996
2 27976 061.2421 255.5645 3830359 027.5247 348.4140 06.36445611216570
0 SL-12 DEB
1 27976U 88085W   13098.44088744 -.00018270  00000-0 -69129+0 0  9996
2 27976 061.2421 255.5645 3830361 027.5248 348.4140 06.36445680216570
0 SL-12 DEB
1 27976U 88085W   13099.54077977 -.00019020  00000-0 -73064+0 0  9991
2 27976 061.2333 254.8318 3826587 027.6285 348.3532 06.36410393216643
0 SL-12 DEB
1 27976U 88085W   13099.54077997 -.00019021  00000-0 -73075+0 0  9996
2 27976 061.2333 254.8317 3826565 027.6283 348.3532 06.36410498216642
0 SL-12 DEB
1 27976U 88085W   13100.48358658 -.00019602  00000-0 -76335+0 0  9995
2 27976 061.2262 254.2039 3823202 027.7136 348.3030 06.36378493216709
0 SL-12 DEB
1 27976U 88085W   13100.79786499 -.00019678  00000-0 -77047+0 0  9991
2 27976 061.2237 253.9945 3821837 027.7349 348.2889 06.36369245216729
0 SL-12 DEB
1 27976U 88085W   13100.79786564 -.00019629  00000-0 -76862+0 0  9994
2 27976 061.2238 253.9944 3821801 027.7319 348.2901 06.36369515216722
0 SL-12 DEB
1 27976U 88085W   13101.42643949 -.00020062  00000-0 -79491+0 0  9998
2 27976 061.2175 253.5755 3818901 027.7867 348.2562 06.36338363216767
0 SL-12 DEB
1 27976U 88085W   13101.42643950 -.00020070  00000-0 -79521+0 0  9993
2 27976 061.2175 253.5755 3818903 027.7871 348.2560 06.36338316216760
0 SL-12 DEB
1 27976U 88085W   13102.52649569 -.00020034  00000-0 -80635+0 0  9995
2 27976 061.2108 252.8443 3815005 027.8664 348.2087 06.36301221216830
0 SL-12 DEB
1 27976U 88085W   13102.84080757 -.00019715  00000-0 -79978+0 0  9990
2 27976 061.2106 252.6349 3812980 027.8525 348.2086 06.36292136216851
0 SL-12 DEB
1 27976U 88085W   13102.84080763 -.00022383  00000-0 -79954+0 0  9996
2 27976 061.2629 252.6654 3846878 028.0686 347.9980 06.36251223216855
0 SL-12 DEB
1 27976U 88085W   13103.46944711 -.00019838  00000-0 -81035+0 0  9991
2 27976 061.2069 252.2181 3811299 027.9138 348.1770 06.36271252216891
0 SL-12 DEB
1 27976U 88085W   13103.46944717 -.00019842  00000-0 -81055+0 0  9994
2 27976 061.2069 252.2181 3811277 027.9131 348.1772 06.36271429216898
0 SL-12 DEB
1 27976U 88085W   13103.46944722 -.00019837  00000-0 -81061+0 0  9991
2 27976 061.2070 252.2180 3811192 027.9105 348.1781 06.36271656216898
0 SL-12 DEB
1 27976U 88085W   13104.41244609 -.00020038  00000-0 -83213+0 0  9990
2 27976 061.2009 251.5910 3807148 027.9718 348.1396 06.36235946216950
0 SL-12 DEB
1 27976U 88085W   13104.41244614 -.00020041  00000-0 -83231+0 0  9990
2 27976 061.2009 251.5910 3807124 027.9712 348.1398 06.36236071216950
0 SL-12 DEB
1 27976U 88085W   13105.35550276 -.00020287  00000-0 -85141+0 0  9992
2 27976 061.1947 250.9661 3804596 028.0750 348.0877 06.36197854217014
0 SL-12 DEB
1 27976U 88085W   13108.81378225 -.00020057  00000-0 -88664+0 0  9996
2 27976 061.1784 248.6753 3791342 028.3079 347.9456 06.36067817217230
0 SL-12 DEB
1 27976U 88085W   13109.59985717 -.00020285  00000-0 -90474+0 0  9997
2 27976 061.1728 248.1557 3789183 028.3979 347.8982 06.36025334217280
0 SL-12 DEB
1 27976U 88085W   13109.59985765 -.00020318  00000-0 -90615+0 0  9994
2 27976 061.1727 248.1557 3789197 028.4000 347.8973 06.36025469217289
0 SL-12 DEB
1 27976U 88085W   13110.38596005 -.00019978  00000-0 -89779+0 0  9997
2 27976 061.1712 247.6371 3787109 028.4537 347.8657 06.36020771217333
0 SL-12 DEB
1 27976U 88085W   13110.38596088 -.00020007  00000-0 -89894+0 0  9991
2 27976 061.1711 247.6371 3787150 028.4566 347.8646 06.36020930217335
0 SL-12 DEB
1 27976U 88085W   13111.48656787 -.00020385  00000-0 -93179+0 0  9996
2 27976 061.1653 246.9101 3782795 028.5555 347.8043 06.35962317217404
0 SL-12 DEB
1 27976U 88085W   13111.48656830 -.00020443  00000-0 -93440+0 0  9991
2 27976 061.1652 246.9101 3782797 028.5591 347.8027 06.35962389217406
0 SL-12 DEB
1 27976U 88085W   13114.31708450 -.00020281  00000-0 -96603+0 0  9996
2 27976 061.1545 245.0430 3772166 028.7609 347.6728 06.35834672217581
0 SL-12 DEB
1 27976U 88085W   13115.41799022 -.00020197  00000-0 -97967+0 0  9993
2 27976 061.1512 244.3180 3767420 028.8168 347.6320 06.35784615217654
0 SL-12 DEB
1 27976U 88085W   13115.41799048 -.00020206  00000-0 -98009+0 0  9990
2 27976 061.1512 244.3180 3767425 028.8170 347.6320 06.35784708217655
0 SL-12 DEB
1 27976U 88085W   13115.41799072 -.00020220  00000-0 -98077+0 0  9998
2 27976 061.1511 244.3180 3767432 028.8183 347.6314 06.35784761217658
0 SL-12 DEB
1 27976U 88085W   13116.36170099 -.00000010  00000-0  00000+0 0  9998
2 27976 061.1481 243.6974 3763819 028.9005 347.5837 06.35744093217716
0 SL-12 DEB
1 27976U 88085W   13117.46276443 -.00019937  00000-0 -99584+0 0  9994
2 27976 061.1447 242.9730 3759801 028.9440 347.5534 06.35694304217789
0 SL-12 DEB
1 27976U 88085W   13117.46276455 -.00019952  00000-0 -99657+0 0  9995
2 27976 061.1446 242.9730 3759802 028.9452 347.5529 06.35694358217785
0 SL-12 DEB
1 27976U 88085W   13118.40659879 -.00019653  00000-0 -99398+0 0  9995
2 27976 061.1434 242.3534 3756500 028.9995 347.5201 06.35658476217847
0 SL-12 DEB
1 27976U 88085W   13118.40659895 -.00019654  00000-0 -99400+0 0  9998
2 27976 061.1434 242.3535 3756517 028.9998 347.5200 06.35658471217843
0 SL-12 DEB
1 27976U 88085W   13118.40659912 -.00019680  00000-0 -99533+0 0  9994
2 27976 061.1433 242.3535 3756511 029.0020 347.5191 06.35658470217842
0 SL-12 DEB
1 27976U 88085W   13119.35049216 -.00000008  00000-0  00000+0 0  9993
2 27976 061.1416 241.7342 3753117 029.0713 347.4790 06.35617471217907
0 SL-12 DEB
1 27976U 88085W   13119.35049315 -.00000008  00000-0  00000+0 0  9993
2 27976 061.1415 241.7342 3753113 029.0781 347.4759 06.35617698217903
0 SL-12 DEB
1 27976U 88085W   13120.45176011 -.00019137  00000-0 -99652+0 0  9995
2 27976 061.1411 241.0128 3748662 029.1111 347.4481 06.35580011217972
0 SL-12 DEB
1 27976U 88085W   13120.45176222 -.00000010  00000-0  00000+0 0  9997
2 27976 061.1409 241.0129 3748726 029.1200 347.4443 06.35580580217979
0 SL-12 DEB
1 27976U 88085W   13121.39578604 -.00000014  00000-0  00000+0 0  9995
2 27976 061.1401 240.3955 3745195 029.2045 347.3949 06.35526224218038
0 SL-12 DEB
1 27976U 88085W   13121.86782306 -.00000016  00000-0  00000+0 0  9995
2 27976 061.1392 240.0861 3742921 029.2444 347.3690 06.35505161218060
0 SL-12 DEB
1 27976U 88085W   13124.70029831 -.00000030  00000-0  00000+0 0  9994
2 27976 061.1424 238.2386 3732546 029.3847 347.2668 06.35395676218249
0 SL-12 DEB
1 27976U 88085W   13131.62496865 -.00000014  00000-0  00000+0 0  9990
2 27976 061.1330 233.7360 3734134 029.8793 343.6277 06.35152314218681
0 SL-12 DEB
1 27976U 88085W   13134.30316332 -.00000012  00000-0  00000+0 0  9996
2 27976 061.1714 232.0151 3698039 029.9249 346.9253 06.35011861218857
0 SL-12 DEB
1 27976U 88085W   13134.30316370 -.00000012  00000-0  00000+0 0  9998
2 27976 061.1714 232.0151 3698033 029.9272 346.9242 06.35011863218857
0 SL-12 DEB
1 27976U 88085W   13134.30316438 -.00000012  00000-0  00000+0 0  9993
2 27976 061.1714 232.0151 3698025 029.9282 346.9237 06.35012464218851
0 SL-12 DEB
1 27976U 88085W   13137.29516620 -.00000015  00000-0  00000+0 0  9992
2 27976 061.1418 230.0715 3715261 030.2921 346.2054 06.34928722219047
0 SL-12 DEB
1 27976U 88085W   13139.65802559 -.00000014  00000-0  00000+0 0  9992
2 27976 061.2018 228.5725 3680802 030.2106 346.7348 06.34790860219191
0 SL-12 DEB
1 27976U 88085W   13140.28812106 -.00000013  00000-0  00000+0 0  9991
2 27976 061.2060 228.1689 3679073 030.2429 346.7140 06.34773630219230
0 SL-12 DEB
1 27976U 88085W   13140.28812215 -.00000013  00000-0  00000+0 0  9992
2 27976 061.2059 228.1688 3679067 030.2421 346.7144 06.34774602219236
0 SL-12 DEB
1 27976U 88085W   13140.28812242 -.00000013  00000-0  00000+0 0  9992
2 27976 061.2059 228.1688 3679077 030.2422 346.7144 06.34774700219237
0 SL-12 DEB
1 27976U 88085W   13140.28812244 -.00000013  00000-0  00000+0 0  9994
2 27976 061.2059 228.1688 3679078 030.2420 346.7145 06.34774666219238
0 SL-12 DEB
1 27976U 88085W   13142.33610061 -.00014332  00000-0 -97995+0 0  9994
2 27976 061.2194 226.8579 3673505 030.3350 346.6556 06.34699240219367
0 SL-12 DEB
1 27976U 88085W   13147.22059074 -.00010492  00000-0 -75061+0 0  9991
2 27976 061.2581 223.7448 3660584 030.5063 346.5446 06.34540175219677
0 SL-12 DEB
1 27976U 88085W   13148.16612701 -.00010713  00000-0 -77319+0 0  9991
2 27976 061.2664 223.1451 3657929 030.5920 346.4952 06.34506205219732
0 SL-12 DEB
1 27976U 88085W   13149.26929131 -.00009837  00000-0 -71738+0 0  9995
2 27976 061.2776 222.4455 3654729 030.6181 346.4702 06.34468219219800
0 SL-12 DEB
1 27976U 88085W   13149.26929205 -.00009872  00000-0 -72000+0 0  9999
2 27976 061.2776 222.4455 3654727 030.6197 346.4694 06.34468517219806
0 SL-12 DEB
1 27976U 88085W   13149.26939318 -.00010713  00000-0  10000-3 0  9996
2 27976 061.2073 222.3257 3677575 030.7741 346.5335 06.34511645219801
0 SL-12 DEB
1 27976U 88085W   13150.21491965 -.00008978  00000-0 -65697+0 0  9993
2 27976 061.2828 221.8445 3653652 030.6785 346.4365 06.34446544219862
0 SL-12 DEB
1 27976U 88085W   13150.53013309 -.00009008  00000-0 -66142+0 0  9991
2 27976 061.2868 221.6457 3652610 030.7014 346.4215 06.34435690219882
0 SL-12 DEB
1 27976U 88085W   13150.53013338 -.00009046  00000-0 -66424+0 0  9998
2 27976 061.2868 221.6457 3652607 030.7033 346.4206 06.34435660219886
0 SL-12 DEB
1 27976U 88085W   13151.31822687 -.00000017  00000-0  10000-3 0  9991
2 27976 061.2341 221.1160 3658409 031.4106 346.1034 06.34478949219932
0 SL-12 DEB
1 27976U 88085W   13154.15531732 -.00004169  00000-0 -31442+0 0  9996
2 27976 061.3211 219.3515 3644279 030.6841 346.3997 06.34340935220114
0 SL-12 DEB
1 27976U 88085W   13154.31294723 -.00003987  00000-0 -30095+0 0  9990
2 27976 061.3228 219.2523 3644099 030.7006 346.3917 06.34338034220124
0 SL-12 DEB
1 27976U 88085W   13154.31295747 -.00003809  00000-0 -28655+0 0  9999
2 27976 061.3207 219.2527 3645083 030.7526 346.3709 06.34339178220125
0 SL-12 DEB
1 27976U 88085W   13156.20455489 -.00002386  00000-0 -18244+0 0  9992
2 27976 061.3403 218.0594 3640760 030.8025 346.3375 06.34305977220248
0 SL-12 DEB
1 27976U 88085W   13156.20455532 -.00002387  00000-0 -18253+0 0  9992
2 27976 061.3403 218.0594 3640767 030.8028 346.3374 06.34306041220240
0 SL-12 DEB
1 27976U 88085W   13156.20455533 -.00002387  00000-0 -18251+0 0  9991
2 27976 061.3403 218.0594 3640768 030.8028 346.3374 06.34306040220240
0 SL-12 DEB
1 27976U 88085W   13157.15038868 -.00001744  00000-0 -13146+0 0  9998
2 27976 061.3255 217.4513 3645718 031.0305 346.2520 06.34350593220301
0 SL-12 DEB
1 27976U 88085W   13157.15039222 -.00001821  00000-0 -13717+0 0  9993
2 27976 061.3252 217.4516 3645946 031.0487 346.2443 06.34350513220301
0 SL-12 DEB
1 27976U 88085W   13157.15039337 -.00001843  00000-0 -13876+0 0  9990
2 27976 061.3250 217.4516 3646003 031.0535 346.2423 06.34350664220303
0 SL-12 DEB
1 27976U 88085W   13158.56909236 -.00000943  00000-0 -71238-1 0  9998
2 27976 061.3275 216.5521 3646562 031.1828 346.1878 06.34349171220395
0 SL-12 DEB
1 27976U 88085W   13159.19961007 -.00000619  00000-0 -47073-1 0  9992
2 27976 061.3315 216.1525 3645734 031.1955 346.1800 06.34363492220433
0 SL-12 DEB
1 27976U 88085W   13159.51486762 -.00000521  00000-0 -39728-1 0  9998
2 27976 061.3340 215.9535 3645604 031.2289 346.1644 06.34368339220459
0 SL-12 DEB
1 27976U 88085W   13160.14540316 -.00000776  00000-0 -58601-1 0  9998
2 27976 061.3297 215.5523 3647230 031.3606 346.1093 06.34375812220490
0 SL-12 DEB
1 27976U 88085W   13160.61828064 -.00000437  00000-0 -33216-1 0  9998
2 27976 061.3341 215.2541 3646555 031.3685 346.1033 06.34378172220523
0 SL-12 DEB
1 27976U 88085W   13160.61828162 -.00000483  00000-0 -36671-1 0  9996
2 27976 061.3346 215.2541 3646589 031.3765 346.0996 06.34377800220528
0 SL-12 DEB
1 27976U 88085W   13161.24879256 -.00000447  00000-0 -33940-1 0  9992
2 27976 061.3382 214.8542 3646573 031.4228 346.0778 06.34385868220567
0 SL-12 DEB
1 27976U 88085W   13161.56406243 -.00003914  00000-0 -29339+0 0  9996
2 27976 061.3364 214.6522 3647310 031.5324 346.0288 06.34397251220588
0 SL-12 DEB
1 27976U 88085W   13162.19456661 -.00003763  00000-0 -28197+0 0  9998
2 27976 061.3383 214.2523 3647409 031.5858 346.0035 06.34395600220628
0 SL-12 DEB
1 27976U 88085W   13162.19456669 -.00003700  00000-0 -27720+0 0  9998
2 27976 061.3383 214.2524 3647409 031.5852 346.0038 06.34395634220623
0 SL-12 DEB
1 27976U 88085W   13162.19456906 -.00003924  00000-0 -29400+0 0  9997
2 27976 061.3383 214.2524 3647395 031.5867 346.0030 06.34397069220629
0 SL-12 DEB
1 27976U 88085W   13163.14032491 -.00004420  00000-0 -32817+0 0  9990
2 27976 061.3280 213.6432 3650080 031.7199 345.9490 06.34413315220688
0 SL-12 DEB
1 27976U 88085W   13163.14032551 -.00004129  00000-0 -30651+0 0  9997
2 27976 061.3276 213.6433 3650111 031.7185 345.9498 06.34413909220681
0 SL-12 DEB
1 27976U 88085W   13163.61319848 -.00003577  00000-0 -26536+0 0  9999
2 27976 061.3291 213.3450 3650390 031.7476 345.9363 06.34410260220718
0 SL-12 DEB
1 27976U 88085W   13164.08606088 -.00003898  00000-0 -28954+0 0  9998
2 27976 061.3315 213.0442 3649959 031.7921 345.9128 06.34412080220741
0 SL-12 DEB
1 27976U 88085W   13164.24368098 -.00004772  00000-0 -35466+0 0  9990
2 27976 061.3356 212.9464 3649769 031.7997 345.9082 06.34407182220757
0 SL-12 DEB
1 27976U 88085W   13165.18941804 -.00005084  00000-0 -37781+0 0  9995
2 27976 061.3409 212.3481 3649735 031.8725 345.8721 06.34422136220814
0 SL-12 DEB
1 27976U 88085W   13165.18943249  .00000006  00000-0  10000-3 0  9996
2 27976 061.3083 212.3329 3656184 031.8824 345.9034 06.34414475220814
0 SL-12 DEB
1 27976U 88085W   13166.13515805 -.00005353  00000-0 -39731+0 0  9995
2 27976 061.3410 211.7478 3650321 031.9600 345.8317 06.34412881220874
0 SL-12 DEB
1 27976U 88085W   13167.08090023 -.00004450  00000-0 -33038+0 0  9991
2 27976 061.3428 211.1498 3650567 032.0380 345.7953 06.34407108220936
0 SL-12 DEB
1 27976U 88085W   13167.23852246 -.00004516  00000-0 -33475+0 0  9999
2 27976 061.3430 211.0490 3651032 032.0606 345.7865 06.34415663220947
0 SL-12 DEB
1 27976U 88085W   13167.23852326 -.00004422  00000-0 -32777+0 0  9998
2 27976 061.3428 211.0490 3651040 032.0607 345.7865 06.34416154220940
0 SL-12 DEB
1 27976U 88085W   13168.18425714 -.00005109  00000-0 -37767+0 0  9997
2 27976 061.3421 210.4469 3652057 032.1609 345.7436 06.34417318221009
0 SL-12 DEB
1 27976U 88085W   13168.18425876 -.00004374  00000-0 -32353+0 0  9995
2 27976 061.3418 210.4476 3652009 032.1607 345.7435 06.34418059221000
0 SL-12 DEB
1 27976U 88085W   13169.12997704 -.00002737  00000-0 -20279+0 0  9999
2 27976 061.3429 209.8497 3652521 032.2397 345.7095 06.34424548221061
0 SL-12 DEB
1 27976U 88085W   13170.07572097  .00000710  00000-0  10000-3 0  9991
2 27976 061.2975 209.1277 3656974 032.4231 345.6949 06.34420225221122
0 SL-12 DEB
1 27976U 88085W   13171.17905288  .00001421  00000-0  10000-3 0  9995
2 27976 061.2974 208.4161 3656180 032.4836 345.6653 06.34427225221191
0 SL-12 DEB
1 27976U 88085W   13171.49430478  .00000781  00000-0  10000-3 0  9992
2 27976 061.3419 208.2659 3657636 032.3082 345.7542 06.34425724221218
0 SL-12 DEB
1 27976U 88085W   13172.12477013 -.00000111  00000-0 -10036-1 0  9995
2 27976 061.3621 207.9607 3651871 032.4340 345.6200 06.34418880221254
0 SL-12 DEB
1 27976U 88085W   13173.07050711  .00001100  00000-0  78747-1 0  9992
2 27976 061.3394 207.3431 3654371 032.6061 345.5482 06.34419000221313
0 SL-12 DEB
1 27976U 88085W   13173.22812224 -.00000179  00000-0 -14806-1 0  9997
2 27976 061.3500 207.2533 3654440 032.5771 345.5619 06.34422266221329
0 SL-12 DEB
1 27976U 88085W   13173.54336207  .00000289  00000-0  19496-1 0  9994
2 27976 061.3522 207.0536 3654237 032.6062 345.5469 06.34423489221345
0 SL-12 DEB
1 27976U 88085W   13174.17385295 -.00001492  00000-0 -11041+0 0  9990
2 27976 061.3518 206.6498 3655022 032.6972 345.5055 06.34413735221383
0 SL-12 DEB
1 27976U 88085W   13174.48909636 -.00001748  00000-0 -12904+0 0  9998
2 27976 061.3533 206.4523 3655018 032.7341 345.4872 06.34411724221408
0 SL-12 DEB
1 27976U 88085W   13174.48909874 -.00001730  00000-0 -12773+0 0  9997
2 27976 061.3534 206.4530 3654991 032.7330 345.4876 06.34413440221405
0 SL-12 DEB
1 27976U 88085W   13175.11957696 -.00003108  00000-0 -22829+0 0  9997
2 27976 061.3737 206.0739 3654826 032.7536 345.4749 06.34414973221447
0 SL-12 DEB
1 27976U 88085W   13175.11957834 -.00005155  00000-0 -37852+0 0  9997
2 27976 061.3915 206.0855 3654317 032.7268 345.4856 06.34413330221446
0 SL-12 DEB
1 27976U 88085W   13176.06529561 -.00005248  00000-0 -38417+0 0  9995
2 27976 061.3905 205.4823 3654935 032.8073 345.4459 06.34413843221509
0 SL-12 DEB
1 27976U 88085W   13176.06529703 -.00004342  00000-0 -31809+0 0  9995
2 27976 061.3909 205.4853 3654799 032.8097 345.4443 06.34415627221505
0 SL-12 DEB
1 27976U 88085W   13176.53816450 -.00004300  00000-0 -31499+0 0  9994
2 27976 061.3973 205.1898 3654728 032.8405 345.4273 06.34410124221538
0 SL-12 DEB
1 27976U 88085W   13177.48386102 -.00003417  00000-0 -24988+0 0  9998
2 27976 061.3984 204.5887 3655059 032.9128 345.3905 06.34424597221598
0 SL-12 DEB
1 27976U 88085W   13177.48386254 -.00003309  00000-0 -24204+0 0  9997
2 27976 061.3986 204.5904 3654959 032.9149 345.3891 06.34426664221592
0 SL-12 DEB
1 27976U 88085W   13178.11433471 -.00003251  00000-0 -23753+0 0  9996
2 27976 061.3994 204.1912 3655237 032.9719 345.3611 06.34428967221632
0 SL-12 DEB
1 27976U 88085W   13178.11433479 -.00002867  00000-0 -20956+0 0  9998
2 27976 061.3999 204.1932 3655135 032.9736 345.3599 06.34429295221635
0 SL-12 DEB
1 27976U 88085W   13179.06004723 -.00001063  00000-0 -77144-1 0  9999
2 27976 061.3953 203.5779 3658177 032.9625 345.3746 06.34432241221698
0 SL-12 DEB
1 27976U 88085W   13179.53290410 -.00001339  00000-0 -97122-1 0  9995
2 27976 061.4006 203.2821 3658255 033.0012 345.3560 06.34427972221725
0 SL-12 DEB
1 27976U 88085W   13180.16336093 -.00000274  00000-0 -20274-1 0  9995
2 27976 061.3958 202.8797 3658595 033.0647 345.3269 06.34443265221761
0 SL-12 DEB
1 27976U 88085W   13180.16336312 -.00000716  00000-0 -52088-1 0  9998
2 27976 061.3857 202.8702 3659062 033.0992 345.3124 06.34440442221762
0 SL-12 DEB
1 27976U 88085W   13180.16336427 -.00000273  00000-0 -20201-1 0  9995
2 27976 061.3875 202.8722 3658890 033.0952 345.3137 06.34440235221762
0 SL-12 DEB
1 27976U 88085W   13181.10906303 -.00000435  00000-0 -32127-1 0  9996
2 27976 061.3863 202.2714 3659225 033.1929 345.2690 06.34438851221823
0 SL-12 DEB
1 27976U 88085W   13183.47331892  .00000389  00000-0  26436-1 0  9995
2 27976 061.3625 200.7516 3660267 033.4543 345.1519 06.34437349221971
0 SL-12 DEB
1 27976U 88085W   13187.09849684  .00000397  00000-0  26436-1 0  9999
2 27976 061.4010 198.4779 3667574 033.5714 345.0813 06.34440960222209
0 SL-12 DEB
1 27976U 88085W   13196.24027715  .00000284  00000-0  16913-1 0  9993
2 27976 061.5220 192.7703 3686548 034.2791 344.8450 06.34450860222789
0 SL-12 DEB
1 27976U 88085W   13197.18596429  .00000349  00000-0  21028-1 0  9995
2 27976 061.5197 192.1690 3687002 034.3724 344.8036 06.34446372222844
0 SL-12 DEB
1 27976U 88085W   13197.97403180  .00000593  00000-0  37147-1 0  9993
2 27976 061.5107 191.6627 3686221 034.4378 344.7698 06.34452157222893
0 SL-12 DEB
1 27976U 88085W   13200.02300055  .00000578  00000-0  37147-1 0  9994
2 27976 061.4568 190.3251 3680551 034.6107 344.6891 06.34451932223024
0 SL-12 DEB
1 27976U 88085W   13200.02302533  .00000442  00000-0  27271-1 0  9994
2 27976 061.5212 190.3706 3688557 034.6487 344.6767 06.34450523223028
0 SL-12 DEB
1 27976U 88085W   13200.49587087  .00000294  00000-0  17728-1 0  9995
2 27976 061.5177 190.0677 3688410 034.6974 344.6514 06.34445313223055
0 SL-12 DEB
1 27976U 88085W   13200.96871330  .00000468  00000-0  29252-1 0  9992
2 27976 061.5222 189.7708 3689146 034.7413 344.6318 06.34452194223082
0 SL-12 DEB
1 27976U 88085W   13202.07201702  .00000395  00000-0  24821-1 0  9992
2 27976 061.5275 189.0748 3690511 034.8583 344.5767 06.34448252223159
0 SL-12 DEB
1 27976U 88085W   13202.86009096  .00000535  00000-0  34194-1 0  9991
2 27976 061.5305 188.5768 3691349 034.9355 344.5395 06.34447651223202
0 SL-12 DEB
1 27976U 88085W   13203.01770788  .00000412  00000-0  26286-1 0  9999
2 27976 061.5281 188.4749 3691091 034.9522 344.5298 06.34446613223213
0 SL-12 DEB
1 27976U 88085W   13203.49054578  .00000469  00000-0  30267-1 0  9999
2 27976 061.5156 188.1654 3689302 034.9838 344.5051 06.34445597223248
0 SL-12 DEB
1 27976U 88085W   13203.96339053  .00000292  00000-0  18856-1 0  9999
2 27976 061.5112 187.8630 3688936 035.0300 344.4797 06.34444918223273
0 SL-12 DEB
1 27976U 88085W   13204.27862146  .00000141  00000-0  90451-2 0  9993
2 27976 061.5119 187.6642 3689305 035.0698 344.4611 06.34445791223299
0 SL-12 DEB
1 27976U 88085W   13204.27862176  .00000124  00000-0  79253-2 0  9994
2 27976 061.5117 187.6640 3689323 035.0698 344.4612 06.34445716223293
0 SL-12 DEB
1 27976U 88085W   13205.06670094  .00000084  00000-0  53671-2 0  9999
2 27976 061.5135 187.1655 3690029 035.1517 344.4230 06.34444406223347
0 SL-12 DEB
1 27976U 88085W   13206.01239643  .00000150  00000-0  96240-2 0  9999
2 27976 061.5151 186.5664 3690533 035.2416 344.3810 06.34442707223409
0 SL-12 DEB
1 27976U 88085W   13206.95809582 -.00000046  00000-0 -32304-2 0  9994
2 27976 061.5159 185.9684 3691773 035.3569 344.3315 06.34441986223463
0 SL-12 DEB
1 27976U 88085W   13207.27332402  .00000147  00000-0  92290-2 0  9992
2 27976 061.5123 185.7641 3690465 035.3557 344.3268 06.34442712223486
0 SL-12 DEB
1 27976U 88085W   13208.06140640  .00000190  00000-0  11842-1 0  9992
2 27976 061.5127 185.2644 3690925 035.4313 344.2939 06.34441345223531
0 SL-12 DEB
1 27976U 88085W   13209.00710518  .00000051  00000-0  26434-2 0  9994
2 27976 061.5130 184.6654 3691593 035.5331 344.2499 06.34442368223595
0 SL-12 DEB
1 27976U 88085W   13209.95280425 -.00000023  00000-0 -22802-2 0  9993
2 27976 061.5130 184.0660 3692284 035.6334 344.2067 06.34441033223654
0 SL-12 DEB
1 27976U 88085W   13210.89850438 -.00000071  00000-0 -53833-2 0  9996
2 27976 061.5141 183.4672 3692995 035.7300 344.1646 06.34440164223718
0 SL-12 DEB
1 27976U 88085W   13211.84419899 -.00000461  00000-0 -30523-1 0  9997
2 27976 061.5139 182.8663 3692770 035.7991 344.1308 06.34443414223777
0 SL-12 DEB
1 27976U 88085W   13212.00181484 -.00000448  00000-0 -29638-1 0  9992
2 27976 061.5141 182.7664 3692890 035.8153 344.1235 06.34441874223782
0 SL-12 DEB
1 27976U 88085W   13212.94751244 -.00000271  00000-0 -17930-1 0  9998
2 27976 061.5155 182.1679 3693756 035.9195 344.0765 06.34442021223845
0 SL-12 DEB
1 27976U 88085W   13214.99651914 -.00000240  00000-0 -15283-1 0  9993
2 27976 061.5180 180.8700 3694937 036.1253 343.9791 06.34441563223974
0 SL-12 DEB
1 27976U 88085W   13215.31175200 -.00000230  00000-0 -14564-1 0  9999
2 27976 061.5183 180.6702 3695170 036.1575 343.9639 06.34440756223990
0 SL-12 DEB
1 27976U 88085W   13216.25744356 -.00000542  00000-0 -34424-1 0  9990
2 27976 061.5184 180.0694 3695233 036.2336 343.9254 06.34441964224054
0 SL-12 DEB
1 27976U 88085W   13216.88790573 -.00000544  00000-0 -34429-1 0  9998
2 27976 061.5202 179.6710 3695643 036.3019 343.8932 06.34443669224092
0 SL-12 DEB
1 27976U 88085W   13217.99122057 -.00000349  00000-0 -21774-1 0  9999
2 27976 061.5256 178.9759 3698011 036.4420 343.8349 06.34445846224164
0 SL-12 DEB
1 27976U 88085W   13218.30645389 -.00000673  00000-0 -42391-1 0  9991
2 27976 061.5269 178.7761 3698162 036.4550 343.8290 06.34438843224186
0 SL-12 DEB
1 27976U 88085W   13218.93691546 -.00000672  00000-0 -42232-1 0  9999
2 27976 061.5272 178.3748 3699043 036.5134 343.8047 06.34444515224227
0 SL-12 DEB
1 27976U 88085W   13219.25214683 -.00000298  00000-0 -18604-1 0  9998
2 27976 061.5290 178.1773 3699482 036.5581 343.7854 06.34443087224246
0 SL-12 DEB
1 27976U 88085W   13219.25214727  .00000246  00000-0  10000-3 0  9992
2 27976 061.5292 178.0804 3695778 036.4603 343.8702 06.34444558224258
0 SL-12 DEB
1 27976U 88085W   13219.88261144 -.00000365  00000-0 -22909-1 0  9999
2 27976 061.5307 177.7790 3700235 036.6157 343.7616 06.34441129224283
0 SL-12 DEB
1 27976U 88085W   13220.82830348  .00000019  00000-0  10000-3 0  9998
2 27976 061.5174 177.0712 3695012 036.5693 343.8168 06.34442547224358
0 SL-12 DEB
1 27976U 88085W   13220.82830445  .00000215  00000-0  13488-1 0  9995
2 27976 061.5298 177.1793 3701418 036.7297 343.7141 06.34436702224340
0 SL-12 DEB
1 27976U 88085W   13220.98592247  .00000522  00000-0  32596-1 0  9999
2 27976 061.5359 177.0840 3702751 036.7560 343.7077 06.34446492224350
0 SL-12 DEB
1 27976U 88085W   13221.93161009  .00000821  00000-0  50817-1 0  9991
2 27976 061.5371 176.4868 3704773 036.8847 343.6577 06.34431492224417
0 SL-12 DEB
1 27976U 88085W   13222.87730662  .00001050  00000-0  64593-1 0  9993
2 27976 061.5393 175.8873 3706099 036.9695 343.6261 06.34425171224478
0 SL-12 DEB
1 27976U 88085W   13223.82300289  .00001771  00000-0  10887+0 0  9992
2 27976 061.5411 175.2885 3706979 037.0611 343.5891 06.34423537224532
0 SL-12 DEB
1 27976U 88085W   13223.98061325  .00002076  00000-0  12718+0 0  9998
2 27976 061.5427 175.1907 3708279 037.1009 343.5762 06.34419847224547
0 SL-12 DEB
1 27976U 88085W   13224.92629935  .00002903  00000-0  17656+0 0  9995
2 27976 061.5460 174.5943 3710893 037.2411 343.5228 06.34409759224605
0 SL-12 DEB
1 27976U 88085W   13225.87199521  .00003586  00000-0  21706+0 0  9992
2 27976 061.5481 173.9960 3712747 037.3587 343.4756 06.34404633224662
0 SL-12 DEB
1 27976U 88085W   13226.97532634  .00004367  00000-0  26353+0 0  9991
2 27976 061.5492 173.2950 3714070 037.4783 343.4235 06.34401365224735
0 SL-12 DEB
1 27976U 88085W   13227.92101226  .00005579  00000-0  33276+0 0  9994
2 27976 061.5555 172.7002 3717965 037.6335 343.3646 06.34394499224798
0 SL-12 DEB
1 27976U 88085W   13227.92107845 -.00000479  00000-0  10000-3 0  9996
2 27976 061.5170 172.5659 3699162 037.1931 343.5463 06.34434328224797
0 SL-12 DEB
1 27976U 88085W   13228.86673801  .00006042  00000-0  35926+0 0  9991
2 27976 061.5593 172.1016 3719169 037.6967 343.3372 06.34392835224853
0 SL-12 DEB
1 27976U 88085W   13229.81246376  .00006342  00000-0  37564+0 0  9993
2 27976 061.5603 171.5010 3720547 037.7870 343.2978 06.34396517224917
0 SL-12 DEB
1 27976U 88085W   13230.91582013  .00006194  00000-0  36561+0 0  9998
2 27976 061.5616 170.7997 3721682 037.8908 343.2518 06.34408238224981
0 SL-12 DEB
1 27976U 88085W   13231.86154722  .00007380  00000-0  43313+0 0  9996
2 27976 061.5629 170.2003 3723221 038.0098 343.2021 06.34416203225040
0 SL-12 DEB
1 27976U 88085W   13232.80726732  .00007979  00000-0  46534+0 0  9999
2 27976 061.5629 169.5988 3724934 038.1164 343.1608 06.34421277225104
0 SL-12 DEB
1 27976U 88085W   13233.91060226  .00007752  00000-0  45004+0 0  9991
2 27976 061.5624 168.8956 3726183 038.2226 343.1195 06.34425178225176
0 SL-12 DEB
1 27976U 88085W   13234.85632032  .00008171  00000-0  47208+0 0  9999
2 27976 061.5620 168.2937 3727434 038.3349 343.0756 06.34429117225238
0 SL-12 DEB
1 27976U 88085W   13236.90535725  .00007316  00000-0  41987+0 0  9996
2 27976 061.5616 166.9871 3729296 038.4923 343.0170 06.34436221225360
0 SL-12 DEB
1 27976U 88085W   13239.90006932  .00005663  00000-0  32591+0 0  9996
2 27976 061.5743 165.0903 3728996 038.5624 342.9867 06.34448474225557
0 SL-12 DEB
1 27976U 88085W   13240.84574809  .00004990  00000-0  28734+0 0  9990
2 27976 061.5746 164.4871 3729198 038.6413 342.9497 06.34454318225619
0 SL-12 DEB
1 27976U 88085W   13241.79141000  .00004858  00000-0  10000-3 0  9992
2 27976 061.5862 163.7910 3724316 038.6531 342.9761 06.34469132225672
0 SL-12 DEB
1 27976U 88085W   13241.79141245  .00004734  00000-0  27224+0 0  9998
2 27976 061.5738 163.8833 3729807 038.7406 342.9046 06.34468182225671
0 SL-12 DEB
1 27976U 88085W   13242.73705916  .00004283  00000-0  24619+0 0  9998
2 27976 061.5733 163.2799 3730167 038.8382 342.8594 06.34480398225733
0 SL-12 DEB
1 27976U 88085W   13243.20987365  .00004303  00000-0  24799+0 0  9993
2 27976 061.5722 162.9762 3729347 038.8802 342.8357 06.34489339225766
0 SL-12 DEB
1 27976U 88085W   13243.84028775  .00004313  00000-0  24802+0 0  9990
2 27976 061.5718 162.5740 3729881 038.9447 342.8077 06.34503919225807
0 SL-12 DEB
1 27976U 88085W   13243.84028851  .00004364  00000-0  25107+0 0  9990
2 27976 061.5731 162.5750 3729717 038.9448 342.8068 06.34502414225801
0 SL-12 DEB
1 27976U 88085W   13245.88901999  .00004121  00000-0  23576+0 0  9998
2 27976 061.5730 161.2685 3730733 039.1769 342.7047 06.34552318225930
0 SL-12 DEB
1 27976U 88085W   13246.83451781  .00004522  00000-0  25768+0 0  9993
2 27976 061.5737 160.6658 3731154 039.2700 342.6657 06.34593152225997
0 SL-12 DEB
1 27976U 88085W   13248.88289129  .00005611  00000-0  31564+0 0  9996
2 27976 061.5714 159.3555 3733569 039.4797 342.5865 06.34682443226121
0 SL-12 DEB
1 27976U 88085W   13249.82817875  .00012321  00000-0  68732+0 0  9999
2 27976 061.5706 158.7492 3735105 039.5801 342.5503 06.34748027226186
0 SL-12 DEB
1 27976U 88085W   13250.61585969  .00017559  00000-0  97301+0 0  9996
2 27976 061.5638 158.2306 3736478 039.8168 342.4465 06.34815203226235
0 SL-12 DEB
1 27976U 88085W   13252.82094765 -.00000010  00000-0  00000+0 0  9995
2 27976 061.5571 156.8150 3741224 040.1159 342.3300 06.34998653226375
0 SL-12 DEB
1 27976U 88085W   13253.60828777 -.00000013  00000-0  00000+0 0  9993
2 27976 061.5515 156.3027 3743744 040.3209 342.2432 06.35161359226425
0 SL-12 DEB
1 27976U 88085W   13255.81226448 -.00138421  00000-0  10000-3 0  9995
2 27976 061.6234 154.9076 3738268 040.5853 342.1411 06.35078012226568
0 SL-12 DEB
1 27976U 88085W   13255.81238478 -.00000023  00000-0  00000+0 0  9992
2 27976 061.5457 154.8827 3749858 040.7054 342.0838 06.35372317226566
0 SL-12 DEB
1 27976U 88085W   13257.22883374 -.00000027  00000-0  00000+0 0  9994
2 27976 061.5191 153.9420 3760971 041.1680 341.9131 06.35652474226658
0 SL-12 DEB
1 27976U 88085W   13257.70080741 -.00000027  00000-0  00000+0 0  9994
2 27976 061.5149 153.6326 3762087 041.2261 341.8908 06.35637286226687
0 SL-12 DEB
1 27976U 88085W   13258.80212583 -.00000026  00000-0  00000+0 0  9996
2 27976 061.5029 152.9070 3771298 041.5631 341.7753 06.35781155226750
0 SL-12 DEB
1 27976U 88085W   13259.90315507 -.00000022  00000-0  00000+0 0  9994
2 27976 061.4880 152.1825 3779679 041.8571 341.6785 06.35902669226828
0 SL-12 DEB
1 27976U 88085W   13260.68948519 -.00000019  00000-0  00000+0 0  9992
2 27976 061.4835 151.6726 3781349 041.9670 341.6373 06.35917469226872
0 SL-12 DEB
1 27976U 88085W   13261.79024285 -.00000014  00000-0  00000+0 0  9995
2 27976 061.4511 150.9290 3795198 042.3469 341.5277 06.35989901226949
0 SL-12 DEB
1 27976U 88085W   13263.20537569  .00010573  00000-0  43907+0 0  9990
2 27976 061.4210 149.9830 3809370 042.8877 341.3429 06.35984745227038
0 SL-12 DEB
1 27976U 88085W   13264.14878189 -.00004578  00000-0 -18673+0 0  9992
2 27976 061.4046 149.3510 3813241 043.2630 341.1833 06.35980183227093
0 SL-12 DEB
1 27976U 88085W   13265.24932574  .00009282  00000-0  38924+0 0  9999
2 27976 061.4257 148.6529 3806699 043.2153 341.1743 06.36009906227162
0 SL-12 DEB
1 27976U 88085W   13266.66437216  .00000963  00000-0  39307-1 0  9994
2 27976 061.3738 147.6835 3818925 043.8943 340.9068 06.36029177227251
0 SL-12 DEB
1 27976U 88085W   13269.17990885 -.00000027  00000-0  00000+0 0  9997
2 27976 061.3406 146.0195 3821481 044.1304 340.8028 06.36049097227417
0 SL-12 DEB
1 27976U 88085W   13269.65156812  .00020271  00000-0  82305+0 0  9994
2 27976 061.3613 145.7247 3815115 044.1750 340.7481 06.36037942227444
0 SL-12 DEB
1 27976U 88085W   13270.59485763  .00007055  00000-0  28821+0 0  9997
2 27976 061.3637 145.1048 3813851 044.3903 340.6369 06.36064948227507
0 SL-12 DEB
1 27976U 88085W   13271.22374796  .00015141  00000-0  60323+0 0  9999
2 27976 061.3298 144.6578 3819913 044.6265 340.5540 06.36083072227544
0 SL-12 DEB
1 27976U 88085W   13272.16705488  .00016550  00000-0  64624+0 0  9992
2 27976 061.2956 144.0039 3825160 044.8724 340.4634 06.36083837227602
0 SL-12 DEB
1 27976U 88085W   13272.63868297  .00021045  00000-0  81918+0 0  9992
2 27976 061.2871 143.6835 3825798 044.9643 340.4232 06.36097611227637
0 SL-12 DEB
1 27976U 88085W   13273.73916990  .00016943  00000-0  66312+0 0  9990
2 27976 061.2829 142.9596 3824277 045.1692 340.3186 06.36098500227707
0 SL-12 DEB
1 27976U 88085W   13273.89638833  .00017096  00000-0  66726+0 0  9993
2 27976 061.2805 142.8513 3825048 045.2425 340.2874 06.36091348227718
0 SL-12 DEB
1 27976U 88085W   13274.21083544 -.00000005  00000-0  00000+0 0  9999
2 27976 061.2589 142.6205 3826964 045.4023 340.2205 06.36132613227738
0 SL-12 DEB
1 27976U 88085W   13276.09730677  .00000004  00000-0  00000+0 0  9991
2 27976 061.2270 141.3564 3829338 045.7510 340.0690 06.36146186227850
0 SL-12 DEB
1 27976U 88085W   13276.72605221  .00000007  00000-0  00000+0 0  9990
2 27976 061.2396 140.9564 3827423 045.8082 340.0324 06.36113947227899
0 SL-12 DEB
1 27976U 88085W   13277.82642410  .00025975  00000-0  98999+0 0  9998
2 27976 061.2129 140.2025 3830561 046.0801 339.9173 06.36173326227961
0 SL-12 DEB
1 27976U 88085W   13278.14079076  .00017305  00000-0  65869+0 0  9994
2 27976 061.2017 139.9866 3830965 046.2174 339.8521 06.36159253227989
0 SL-12 DEB
1 27976U 88085W   13278.76952727  .00015384  00000-0  58777+0 0  9990
2 27976 061.1994 139.5525 3829892 046.3215 339.7947 06.36169616228025
0 SL-12 DEB
1 27976U 88085W   13279.08391904  .00022465  00000-0  86015+0 0  9994
2 27976 061.1969 139.3398 3829223 046.3806 339.7616 06.36190664228049
0 SL-12 DEB
1 27976U 88085W   13279.71264394  .00020897  00000-0  79847+0 0  9998
2 27976 061.1896 138.9166 3829795 046.4894 339.7098 06.36188330228083
0 SL-12 DEB
1 27976U 88085W   13280.02701882  .00019655  00000-0  75488+0 0  9999
2 27976 061.1999 138.7212 3828388 046.5342 339.6791 06.36196080228106
0 SL-12 DEB
1 27976U 88085W   13280.18420730  .00020323  00000-0  78037+0 0  9993
2 27976 061.1960 138.6117 3828377 046.5457 339.6729 06.36206603228117
0 SL-12 DEB
1 27976U 88085W   13281.12728442  .00010599  00000-0  40677+0 0  9992
2 27976 061.1947 137.9896 3828602 046.7166 339.5864 06.36197844228179
0 SL-12 DEB
1 27976U 88085W   13281.75600522  .00006272  00000-0  24030+0 0  9997
2 27976 061.1893 137.5699 3829076 046.8489 339.5211 06.36198301228211
0 SL-12 DEB
1 27976U 88085W   13282.69907973  .00002389  00000-0  91702-1 0  9998
2 27976 061.1853 136.9412 3828806 047.0299 339.4264 06.36204415228272
0 SL-12 DEB
1 27976U 88085W   13282.85626814  .00007328  00000-0  28039+0 0  9997
2 27976 061.1777 136.8275 3829393 047.0318 339.4282 06.36221413228285
0 SL-12 DEB
1 27976U 88085W   13283.79931358  .00004019  00000-0  10000-3 0  9990
2 27976 061.2838 136.2371 3820369 046.9011 339.4938 06.36213831228347
0 SL-12 DEB
1 27976U 88085W   13284.11367515  .00003307  00000-0  12611+0 0  9990
2 27976 061.1528 135.9619 3830465 047.3058 339.2953 06.36222445228365
0 SL-12 DEB
1 27976U 88085W   13286.15694546  .00010463  00000-0  39930+0 0  9997
2 27976 061.1344 134.5885 3829810 047.5983 339.1468 06.36237356228493
0 SL-12 DEB
1 27976U 88085W   13287.09998572  .00012131  00000-0  46281+0 0  9998
2 27976 061.1194 133.9506 3829808 047.7597 339.0682 06.36237850228552
0 SL-12 DEB
1 27976U 88085W   13287.72866371  .00003132  00000-0  11946+0 0  9990
2 27976 061.1231 133.5363 3829417 047.8736 339.0105 06.36227562228596
0 SL-12 DEB
1 27976U 88085W   13289.14319192  .00009658  00000-0  36871+0 0  9995
2 27976 061.0994 132.5706 3829185 048.0940 338.9010 06.36269716228683
0 SL-12 DEB
1 27976U 88085W   13289.77185295  .00008028  00000-0  30717+0 0  9992
2 27976 061.0877 132.1351 3828703 048.2160 338.8373 06.36245338228726
0 SL-12 DEB
1 27976U 88085W   13290.55768787  .00008929  00000-0  34212+0 0  9997
2 27976 061.0898 131.6178 3828263 048.3196 338.7821 06.36262999228775
0 SL-12 DEB
1 27976U 88085W   13290.55770425  .00003009  00000-0  10000-3 0  9996
2 27976 061.1999 131.6641 3828559 048.1737 338.9088 06.36252691228775
0 SL-12 DEB
1 27976U 88085W   13291.65784528  .00008033  00000-0  30849+0 0  9998
2 27976 061.0809 130.8773 3827739 048.4910 338.6905 06.36263664228841
0 SL-12 DEB
1 27976U 88085W   13292.12933821  .00011395  00000-0  43944+0 0  9998
2 27976 061.0490 130.5259 3826659 048.6136 338.6211 06.36278352228878
0 SL-12 DEB
1 27976U 88085W   13292.75799254  .00000890  00000-0  34212-1 0  9995
2 27976 061.0607 130.1215 3826903 048.7740 338.5394 06.36260818228914
0 SL-12 DEB
1 27976U 88085W   13293.70097069  .00009593  00000-0  37137+0 0  9992
2 27976 061.0475 129.4828 3825854 048.8411 338.4956 06.36269285228974
0 SL-12 DEB
1 27976U 88085W   13294.64394533  .00009322  00000-0  36083+0 0  9991
2 27976 061.0583 128.8640 3825859 048.9596 338.4320 06.36287893229037
0 SL-12 DEB
1 27976U 88085W   13295.11541684  .00007808  00000-0  30383+0 0  9999
2 27976 061.0337 128.5187 3824492 049.0803 338.3614 06.36289287229069
0 SL-12 DEB
1 27976U 88085W   13295.74404954  .00007166  00000-0  27973+0 0  9994
2 27976 061.0242 128.0884 3823640 049.1855 338.3013 06.36293629229108
0 SL-12 DEB
1 27976U 88085W   13296.52983409  .00003752  00000-0  14708+0 0  9997
2 27976 061.0116 127.5484 3822681 049.3240 338.2237 06.36290262229154
0 SL-12 DEB
1 27976U 88085W   13297.62998062  .00002895  00000-0  10000-3 0  9992
2 27976 061.1332 126.8940 3829882 049.2281 338.3630 06.36290612229223
0 SL-12 DEB
1 27976U 88085W   13298.10140720  .00009379  00000-0  37086+0 0  9999
2 27976 060.9878 126.4818 3819851 049.5595 338.0859 06.36313440229259
0 SL-12 DEB
1 27976U 88085W   13299.04432380  .00008144  00000-0  32371+0 0  9990
2 27976 060.9769 125.8404 3818320 049.7062 338.0025 06.36311350229313
0 SL-12 DEB
1 27976U 88085W   13299.51577606  .00005856  00000-0  23382+0 0  9992
2 27976 060.9661 125.5039 3816969 049.7969 337.9488 06.36303164229346
0 SL-12 DEB
1 27976U 88085W   13299.98723673  .00005752  00000-0  22983+0 0  9991
2 27976 060.9647 125.1888 3816591 049.8608 337.9145 06.36307454229379
0 SL-12 DEB
1 27976U 88085W   13300.61584759  .00006580  00000-0  26427+0 0  9991
2 27976 060.9534 124.7554 3815062 049.9620 337.8547 06.36319497229416
0 SL-12 DEB
1 27976U 88085W   13301.08729836  .00006489  00000-0  26204+0 0  9991
2 27976 060.9428 124.4265 3813500 050.0344 337.8092 06.36316057229442
0 SL-12 DEB
1 27976U 88085W   13301.71590407  .00005016  00000-0  20242+0 0  9992
2 27976 060.9437 124.0091 3813303 050.1202 337.7649 06.36317838229489
0 SL-12 DEB
1 27976U 88085W   13302.03020817  .00005323  00000-0  21423+0 0  9994
2 27976 060.9520 123.8109 3814087 050.1482 337.7555 06.36311488229503
0 SL-12 DEB
1 27976U 88085W   13302.50165708  .00005349  00000-0  21568+0 0  9993
2 27976 060.9486 123.4902 3813438 050.2166 337.7170 06.36320236229537
0 SL-12 DEB
1 27976U 88085W   13302.81596344  .00004526  00000-0  18236+0 0  9995
2 27976 060.9487 123.2821 3813380 050.2560 337.6966 06.36319719229558
0 SL-12 DEB
1 27976U 88085W   13303.75884562  .00004825  00000-0  19769+0 0  9995
2 27976 060.9191 122.6176 3808846 050.4205 337.5851 06.36331464229615
0 SL-12 DEB
1 27976U 88085W   13304.07313399  .00001975  00000-0  80685-1 0  9996
2 27976 060.9095 122.3967 3807617 050.4841 337.5447 06.36321224229630
0 SL-12 DEB
1 27976U 88085W   13304.70172768  .00003081  00000-0  12680+0 0  9997
2 27976 060.9078 121.9741 3806833 050.5624 337.4985 06.36329396229673
0 SL-12 DEB
1 27976U 88085W   13304.70180912  .00001880  00000-0  10000-3 0  9990
2 27976 061.0397 122.0679 3824290 050.3760 337.7475 06.36321165229670
0 SL-12 DEB
1 27976U 88085W   13305.48745429  .00001573  00000-0  64764-1 0  9999
2 27976 060.8972 121.4350 3804802 050.6815 337.4227 06.36327344229729
0 SL-12 DEB
1 27976U 88085W   13305.95889314  .00002390  00000-0  99253-1 0  9992
2 27976 060.8934 121.1154 3804009 050.7407 337.3855 06.36327838229750
0 SL-12 DEB
1 27976U 88085W   13306.74461124  .00001326  00000-0  55331-1 0  9992
2 27976 060.8804 120.5744 3801111 050.8509 337.3076 06.36331354229808
0 SL-12 DEB
1 27976U 88085W   13308.63033127  .00002379  00000-0  10121+0 0  9995
2 27976 060.8714 119.3054 3798329 051.0880 337.1579 06.36347267229928
0 SL-12 DEB
1 27976U 88085W   13309.88747132  .00001960  00000-0  85102-1 0  9999
2 27976 060.8477 118.4373 3792995 051.2612 337.0304 06.36335030230007
0 SL-12 DEB
1 27976U 88085W   13310.98745102  .00001796  00000-0  79156-1 0  9996
2 27976 060.8315 117.6815 3788734 051.4027 336.9281 06.36349028230079
0 SL-12 DEB
1 27976U 88085W   13311.45887496  .00002284  00000-0  10110+0 0  9998
2 27976 060.8285 117.3635 3787742 051.4646 336.8892 06.36350792230108
0 SL-12 DEB
1 27976U 88085W   13311.93029920  .00002093  00000-0  92662-1 0  9993
2 27976 060.8293 117.0495 3787505 051.5234 336.8569 06.36351749230136
0 SL-12 DEB
1 27976U 88085W   13312.87313278  .00001988  00000-0  88960-1 0  9997
2 27976 060.8196 116.4038 3784105 051.6375 336.7770 06.36355001230198
0 SL-12 DEB
1 27976U 88085W   13313.03027640  .00002158  00000-0  96558-1 0  9993
2 27976 060.8210 116.2991 3784210 051.6613 336.7653 06.36355712230204
0 SL-12 DEB
1 27976U 88085W   13314.91590987  .00002007  00000-0  93247-1 0  9995
2 27976 060.7829 114.9942 3773040 051.8890 336.5795 06.36352995230326
0 SL-12 DEB
1 27976U 88085W   13316.01587968  .00002200  00000-0  10289+0 0  9991
2 27976 060.7799 114.2576 3771353 052.0255 336.4971 06.36372580230395
0 SL-12 DEB
1 27976U 88085W   13317.43007814  .00000452  00000-0  21722-1 0  9998
2 27976 060.7467 113.2618 3758302 052.1038 336.3720 06.36372366230485
0 SL-12 DEB
1 27976U 88085W   13318.84433744  .00000532  00000-0  25649-1 0  9990
2 27976 060.7533 112.3458 3762756 052.3086 336.2860 06.36385604230577
0 SL-12 DEB
1 27976U 88085W   13318.84441142  .00001599  00000-0  10000-3 0  9992
2 27976 060.9090 112.4385 3791216 052.5653 336.3763 06.36372781230577
0 SL-12 DEB
1 27976U 88085W   13319.94430089 -.00001931  00000-0 -96234-1 0  9995
2 27976 060.7389 111.5855 3755064 052.3772 336.1969 06.36402448230647
0 SL-12 DEB
1 27976U 88085W   13320.88712275 -.00002082  00000-0 -10528+0 0  9998
2 27976 060.7255 110.9428 3750223 052.5293 336.0824 06.36418479230707
0 SL-12 DEB
1 27976U 88085W   13321.98707679 -.00004902  00000-0 -25215+0 0  9994
2 27976 060.7146 110.1941 3745472 052.5875 336.0180 06.36432906230777
0 SL-12 DEB
1 27976U 88085W   13322.61562157 -.00005389  00000-0 -28338+0 0  9994
2 27976 060.7059 109.7577 3738929 052.6836 335.9248 06.36462006230818
0 SL-12 DEB
1 27976U 88085W   13322.92989534 -.00006365  00000-0 -33393+0 0  9992
2 27976 060.7069 109.5487 3739809 052.6805 335.9313 06.36443132230835
0 SL-12 DEB
1 27976U 88085W   13324.50122561 -.00007453  00000-0 -39379+0 0  9996
2 27976 060.7020 108.4993 3737920 052.9218 335.7906 06.36454074230939
0 SL-12 DEB
1 27976U 88085W   13325.60114484 -.00008950  00000-0 -47826+0 0  9992
2 27976 060.6967 107.7579 3734821 053.0489 335.7046 06.36453063231000
0 SL-12 DEB
1 27976U 88085W   13325.91543396 -.00009596  00000-0 -51834+0 0  9995
2 27976 060.6917 107.5402 3731692 053.0616 335.6787 06.36454141231024
0 SL-12 DEB
1 27976U 88085W   13326.38682579 -.00010922  00000-0 -59547+0 0  9998
2 27976 060.6857 107.2196 3729065 053.1043 335.6402 06.36450488231057
0 SL-12 DEB
1 27976U 88085W   13327.48671933 -.00011952  00000-0 -65699+0 0  9991
2 27976 060.6791 106.4843 3726810 053.2304 335.5608 06.36444597231129
0 SL-12 DEB
1 27976U 88085W   13327.64385023 -.00010882  00000-0 -59524+0 0  9992
2 27976 060.6833 106.3868 3728253 053.2825 335.5425 06.36448611231132
0 SL-12 DEB
1 27976U 88085W   13327.95810004 -.00011999  00000-0 -65691+0 0  9990
2 27976 060.6816 106.1769 3728109 053.3047 335.5303 06.36435091231153
0 SL-12 DEB
1 27976U 88085W   13328.42947550 -.00012399  00000-0 -68211+0 0  9996
2 27976 060.6783 105.8616 3726773 053.3502 335.4983 06.36424764231185
0 SL-12 DEB
1 27976U 88085W   13328.74373310 -.00012675  00000-0 -69823+0 0  9995
2 27976 060.6785 105.6540 3726445 053.3809 335.4803 06.36418975231208
0 SL-12 DEB
1 27976U 88085W   13329.37225078 -.00016121  00000-0 -89463+0 0  9994
2 27976 060.6733 105.2301 3724421 053.4402 335.4364 06.36393898231246
0 SL-12 DEB
1 27976U 88085W   13330.62935360 -.00013465  00000-0 -75901+0 0  9996
2 27976 060.6660 104.3887 3719975 053.5626 335.3425 06.36375353231323
0 SL-12 DEB
1 27976U 88085W   13330.62941201 -.00008522  00000-0  10000-3 0  9997
2 27976 060.7354 104.4292 3745408 053.6534 335.5020 06.36334142231328
0 SL-12 DEB
1 27976U 88085W   13331.41506048 -.00016560  00000-0 -94086+0 0  9995
2 27976 060.6623 103.8621 3717855 053.6178 335.2983 06.36338440231379
0 SL-12 DEB
1 27976U 88085W   13331.88651109 -.00013548  00000-0 -77612+0 0  9994
2 27976 060.6571 103.5436 3715460 053.6918 335.2423 06.36331018231401
0 SL-12 DEB
1 27976U 88085W   13333.45805016  .00000000  00000-0  00000+0 0  9991
2 27976 060.6466 102.4894 3709536 053.8267 335.1269 06.36268186231509
0 SL-12 DEB
1 27976U 88085W   13334.55819958 -.00015499  00000-0 -91815+0 0  9997
2 27976 060.6412 101.7541 3705963 053.8510 335.0869 06.36233911231572
0 SL-12 DEB
1 27976U 88085W   13335.50125460 -.00000007  00000-0  00000+0 0  9995
2 27976 060.6353 101.1245 3702923 054.0153 334.9759 06.36194570231630
0 SL-12 DEB
1 27976U 88085W   13335.81560776 -.00015412  00000-0 -92723+0 0  9992
2 27976 060.6355 100.9138 3701622 053.9641 334.9944 06.36184016231657
0 SL-12 DEB
1 27976U 88085W   13336.44434650 -.00000010  00000-0  00000+0 0  9997
2 27976 060.6309 100.4936 3699284 054.0757 334.9180 06.36157836231693
0 SL-12 DEB
1 27976U 88085W   13336.91591089 -.00015214  00000-0 -92619+0 0  9999
2 27976 060.6306 100.1799 3698309 054.0702 334.9143 06.36143306231721
0 SL-12 DEB
1 27976U 88085W   13337.54469310 -.00000010  00000-0  00000+0 0  9990
2 27976 060.6267 099.7597 3696105 054.2227 334.8177 06.36121567231767
0 SL-12 DEB
1 27976U 88085W   13338.80228430 -.00000010  00000-0  00000+0 0  9996
2 27976 060.6204 098.9217 3691831 054.2348 334.7857 06.36075582231841
0 SL-12 DEB
1 27976U 88085W   13339.43110115 -.00000009  00000-0  00000+0 0  9994
2 27976 060.6186 098.5030 3689424 054.2489 334.7643 06.36069345231887
0 SL-12 DEB
1 27976U 88085W   13339.58830902 -.00000008  00000-0  00000+0 0  9992
2 27976 060.6182 098.3994 3689540 054.2633 334.7578 06.36067577231893
0 SL-12 DEB
1 27976U 88085W   13339.90272993 -.00000008  00000-0  00000+0 0  9998
2 27976 060.6169 098.1903 3688690 054.2953 334.7359 06.36056929231915
0 SL-12 DEB
1 27976U 88085W   13340.84600035 -.00000007  00000-0  00000+0 0  9994
2 27976 060.6134 097.5632 3685153 054.3309 334.6967 06.36027353231975
0 SL-12 DEB
1 27976U 88085W   13341.31764172 -.00000007  00000-0  00000+0 0  9990
2 27976 060.6147 097.2462 3680573 054.2366 334.7196 06.36017315232007
0 SL-12 DEB
1 27976U 88085W   13341.47488051 -.00014734  00000-0 -94307+0 0  9992
2 27976 060.6100 097.1474 3683886 054.4457 334.6277 06.36039233232014
0 SL-12 DEB
1 27976U 88085W   13342.41822676 -.00000008  00000-0  00000+0 0  9997
2 27976 060.6060 096.5189 3681292 054.6249 334.5147 06.35978594232077
0 SL-12 DEB
1 27976U 88085W   13342.88991296 -.00014002  00000-0 -90923+0 0  9996
2 27976 060.6050 096.2100 3679867 054.5943 334.5224 06.35976257232105
0 SL-12 DEB
1 27976U 88085W   13343.51884229 -.00013010  00000-0 -84761+0 0  9995
2 27976 060.6037 095.7890 3678829 054.6847 334.4662 06.35968154232147
0 SL-12 DEB
1 27976U 88085W   13344.30502358 -.00011607  00000-0 -76221+0 0  9995
2 27976 060.6010 095.2692 3676343 054.8062 334.3826 06.35954250232191
0 SL-12 DEB
1 27976U 88085W   13345.40571882 -.00010790  00000-0 -71651+0 0  9999
2 27976 060.5969 094.5405 3672946 054.9050 334.3041 06.35915444232269
0 SL-12 DEB
1 27976U 88085W   13346.50648030 -.00009754  00000-0 -65493+0 0  9996
2 27976 060.5947 093.8127 3669396 055.0119 334.2198 06.35888224232336
0 SL-12 DEB
1 27976U 88085W   13347.29276320 -.00010725  00000-0 -72622+0 0  9994
2 27976 060.5929 093.2932 3666950 055.0506 334.1812 06.35863547232385
0 SL-12 DEB
1 27976U 88085W   13347.76454894 -.00010625  00000-0 -72289+0 0  9998
2 27976 060.5924 092.9827 3665471 055.0840 334.1527 06.35853980232414
0 SL-12 DEB
1 27976U 88085W   13348.55086312 -.00011135  00000-0 -76312+0 0  9990
2 27976 060.5913 092.4652 3663254 055.1169 334.1199 06.35844447232463
0 SL-12 DEB
1 27976U 88085W   13348.86539118 -.00011733  00000-0 -80658+0 0  9993
2 27976 060.5908 092.2578 3662492 055.1014 334.1237 06.35824651232484
0 SL-12 DEB
1 27976U 88085W   13349.80900680 -.00013942  00000-0 -96909+0 0  9994
2 27976 060.5896 091.6350 3659514 055.1355 334.0868 06.35781889232541
0 SL-12 DEB
1 27976U 88085W   13352.01097708 -.00000031  00000-0  00000+0 0  9990
2 27976 060.5862 090.1929 3653493 055.3304 333.9474 06.35731492232687
0 SL-12 DEB
1 27976U 88085W   13352.16826595 -.00000030  00000-0  00000+0 0  9999
2 27976 060.5856 090.0887 3652776 055.3385 333.9389 06.35735355232692
0 SL-12 DEB
1 27976U 88085W   13352.79743705 -.00000028  00000-0  00000+0 0  9996
2 27976 060.5853 089.6761 3650929 055.3782 333.9077 06.35698767232737
0 SL-12 DEB
1 27976U 88085W   13353.58391494 -.00013823  00000-0 -99627+0 0  9999
2 27976 060.5851 089.1598 3648992 055.4386 333.8652 06.35700892232782
0 SL-12 DEB
1 27976U 88085W   13354.37039555 -.00012212  00000-0 -88636+0 0  9993
2 27976 060.5876 088.6460 3646945 055.3738 333.8912 06.35673072232831
0 SL-12 DEB
1 27976U 88085W   13355.78615839 -.00011604  00000-0 -85182+0 0  9991
2 27976 060.5891 087.7198 3643627 055.4372 333.8395 06.35639181232923
0 SL-12 DEB
1 27976U 88085W   13356.25810158 -.00011531  00000-0 -85003+0 0  9996
2 27976 060.5883 087.4109 3642407 055.4889 333.8040 06.35622728232950
0 SL-12 DEB
1 27976U 88085W   13356.73004436 -.00011321  00000-0 -83793+0 0  9994
2 27976 060.5889 087.1025 3641143 055.5020 333.7895 06.35617919232980
0 SL-12 DEB
1 27976U 88085W   13357.51663195 -.00011121  00000-0 -83097+0 0  9999
2 27976 060.5922 086.5862 3638138 055.4601 333.7939 06.35610557233031
0 SL-12 DEB
1 27976U 88085W   13358.46055615 -.00010759  00000-0 -80929+0 0  9993
2 27976 060.5917 085.9706 3636160 055.5443 333.7345 06.35578308233097
0 SL-12 DEB
1 27976U 88085W   13359.24720593 -.00010971  00000-0 -82677+0 0  9992
2 27976 060.5876 085.4589 3635627 055.7739 333.6029 06.35565082233141
0 SL-12 DEB
1 27976U 88085W   13359.71918852 -.00010445  00000-0 -78941+0 0  9996
2 27976 060.5890 085.1514 3634662 055.7664 333.6002 06.35561086233171
0 SL-12 DEB
1 27976U 88085W   13360.50585611 -.00010410  00000-0 -79064+0 0  9997
2 27976 060.5898 084.6407 3633241 055.8489 333.5441 06.35531091233227
0 SL-12 DEB
1 27976U 88085W   13361.76454388 -.00009364  00000-0 -71772+0 0  9996
2 27976 060.5947 083.8203 3630222 055.8135 333.5429 06.35514537233302
0 SL-12 DEB
1 27976U 88085W   13362.23657944 -.00009301  00000-0 -71384+0 0  9992
2 27976 060.5936 083.5157 3629845 055.9123 333.4853 06.35506125233339
0 SL-12 DEB
1 27976U 88085W   13363.33799566 -.00008709  00000-0 -67300+0 0  9995
2 27976 060.5975 082.8004 3627635 055.9173 333.4691 06.35488580233407
0 SL-12 DEB
1 27976U 88085W   13364.43946691 -.00008520  00000-0 -66111+0 0  9990
2 27976 060.5968 082.0864 3626505 056.1021 333.3615 06.35464902233479
0 SL-12 DEB
1 27976U 88085W   13364.75416677 -.00007080  00000-0 -55052+0 0  9993
2 27976 060.5990 081.8819 3625631 056.0541 333.3837 06.35459916233493
0 SL-12 DEB
1 27976U 88085W   13365.54097231 -.00006903  00000-0 -54054+0 0  9996
2 27976 060.6015 081.3710 3623741 056.0740 333.3635 06.35412898233548
0 SL-12 DEB
1 27976U 88085W   14001.48519592 -.00007689  00000-0 -60631+0 0  9996
2 27976 060.6023 080.7622 3622011 056.1787 333.2979 06.35371622233609
0 SL-12 DEB
1 27976U 88085W   14002.42943791 -.00006436  00000-0 -51048+0 0  9994
2 27976 060.6076 080.1500 3620010 056.1356 333.3130 06.35368512233665
0 SL-12 DEB
1 27976U 88085W   14002.74419547 -.00006934  00000-0 -55097+0 0  9997
2 27976 060.6077 079.9474 3619612 056.1792 333.2872 06.35354636233688
0 SL-12 DEB
1 27976U 88085W   14003.68851316 -.00008799  00000-0 -70384+0 0  9992
2 27976 060.6076 079.3394 3617742 056.3954 333.1562 06.35346843233749
0 SL-12 DEB
1 27976U 88085W   14004.63282774 -.00009438  00000-0 -75690+0 0  9990
2 27976 060.6098 078.7294 3617049 056.4926 333.0984 06.35321176233801
0 SL-12 DEB
1 27976U 88085W   14005.73451707 -.00005568  00000-0 -44656+0 0  9994
2 27976 060.6160 078.0179 3616179 056.3755 333.1586 06.35314179233879
0 SL-12 DEB
1 27976U 88085W   14006.20670508 -.00008276  00000-0 -66608+0 0  9999
2 27976 060.6145 077.7146 3615378 056.5866 333.0339 06.35335136233902
0 SL-12 DEB
1 27976U 88085W   14008.25282597 -.00010336  00000-0 -83884+0 0  9998
2 27976 060.6228 076.4005 3612921 056.7316 332.9328 06.35291020234031
0 SL-12 DEB
1 27976U 88085W   14008.72501819 -.00009075  00000-0 -73766+0 0  9997
2 27976 060.6250 076.0980 3612286 056.7396 332.9237 06.35273303234062
0 SL-12 DEB
1 27976U 88085W   14009.19718438 -.00004180  00000-0 -33882+0 0  9993
2 27976 060.6318 075.7928 3611224 056.4816 333.0619 06.35257091234095
0 SL-12 DEB
1 27976U 88085W   14011.40092854  .00000039  00000-0  70678-2 0  9991
2 27976 060.6341 074.3783 3610150 056.8662 332.8412 06.35239401234234
0 SL-12 DEB
1 27976U 88085W   14012.18799372  .00004761  00000-0  39645+0 0  9998
2 27976 060.6366 073.8749 3609090 056.9720 332.7769 06.35273579234287
0 SL-12 DEB
1 27976U 88085W   14012.34536055 -.00002931  00000-0 -23825+0 0  9995
2 27976 060.6384 073.7732 3609428 056.8011 332.8765 06.35222261234295
0 SL-12 DEB
1 27976U 88085W   14013.44728341  .00000683  00000-0  59662-1 0  9998
2 27976 060.6424 073.0677 3608994 056.9811 332.7766 06.35236340234368
0 SL-12 DEB
1 27976U 88085W   14014.39175555 -.00002859  00000-0 -23351+0 0  9999
2 27976 060.6465 072.4644 3608813 057.0024 332.7676 06.35221784234421
0 SL-12 DEB
1 27976U 88085W   14014.70658390  .00000848  00000-0  72862-1 0  9994
2 27976 060.6488 072.2620 3608537 057.0432 332.7441 06.35245000234443
0 SL-12 DEB
1 27976U 88085W   14014.70660294  .00000848  00000-0  10000-3 0  9998
2 27976 060.6488 072.2620 3608537 057.0432 332.7876 06.35245000234445
0 SL-12 DEB
1 27976U 88085W   14016.28071143 -.00004160  00000-0 -34133+0 0  9994
2 27976 060.6517 071.2497 3608951 057.2150 332.6558 06.35244502234541
0 SL-12 DEB
1 27976U 88085W   14017.22514862  .00001210  00000-0  10164+0 0  9998
2 27976 060.6518 070.6345 3610012 057.2964 332.6195 06.35293307234602
0 SL-12 DEB
1 27976U 88085W   14017.38257505 -.00006317  00000-0 -51731+0 0  9993
2 27976 060.6516 070.5343 3610268 057.3921 332.5672 06.35268999234613
0 SL-12 DEB
1 27976U 88085W   14017.69734903 -.00000385  00000-0 -29669-1 0  9995
2 27976 060.6583 070.3362 3609735 057.2017 332.6722 06.35259965234630
0 SL-12 DEB
1 27976U 88085W   14018.32699011 -.00001716  00000-0 -13891+0 0  9993
2 27976 060.6579 069.9296 3610359 057.3977 332.5659 06.35291783234671
0 SL-12 DEB
1 27976U 88085W   14019.11397352  .00000046  00000-0  58572-2 0  9995
2 27976 060.6619 069.4275 3610198 057.3522 332.5909 06.35278775234725
0 SL-12 DEB
1 27976U 88085W   14020.21576100 -.00003560  00000-0 -28959+0 0  9997
2 27976 060.6660 068.7164 3611025 057.5635 332.4756 06.35315928234795
0 SL-12 DEB
1 27976U 88085W   14021.31750467 -.00008313  00000-0 -67413+0 0  9998
2 27976 060.6586 067.9875 3613261 057.8352 332.3347 06.35329718234860
0 SL-12 DEB
1 27976U 88085W   14021.63227603 -.00008199  00000-0 -66503+0 0  9995
2 27976 060.6659 067.7951 3613085 057.7930 332.3569 06.35340522234883
0 SL-12 DEB
1 27976U 88085W   14022.57660513 -.00000028  00000-0  00000+0 0  9992
2 27976 060.6725 067.1942 3613766 057.8637 332.3197 06.35347103234948
0 SL-12 DEB
1 27976U 88085W   14023.20614240 -.00011874  00000-0 -96064+0 0  9996
2 27976 060.6753 066.7901 3614161 057.9069 332.2970 06.35351899234988
0 SL-12 DEB
1 27976U 88085W   14024.62259508 -.00000027  00000-0  00000+0 0  9997
2 27976 060.6804 065.8858 3615885 058.0975 332.1998 06.35352504235072
0 SL-12 DEB
1 27976U 88085W   14026.19640199 -.00000024  00000-0  00000+0 0  9998
2 27976 060.6859 064.8746 3617364 058.2562 332.1220 06.35408761235171
0 SL-12 DEB
1 27976U 88085W   14026.35376882 -.00000024  00000-0  00000+0 0  9991
2 27976 060.6901 064.7813 3617700 058.2179 332.1466 06.35366391235186
0 SL-12 DEB
1 27976U 88085W   14027.29804157 -.00000021  00000-0  00000+0 0  9993
2 27976 060.6925 064.1724 3618387 058.3219 332.0947 06.35405742235249
0 SL-12 DEB
1 27976U 88085W   14029.81602788 -.00000017  00000-0  00000+0 0  9994
2 27976 060.7016 062.5720 3621119 058.4791 332.0297 06.35397401235400
0 SL-12 DEB
1 27976U 88085W   14030.60288284  .00004318  00000-0  10000-3 0  9996
2 27976 060.6928 062.0086 3617429 058.6785 331.9334 06.35430130235457
0 SL-12 DEB
1 27976U 88085W   14030.60289480 -.00000018  00000-0  00000+0 0  9994
2 27976 060.7075 062.0722 3622107 058.5547 331.9934 06.35417033235455
0 SL-12 DEB
1 27976U 88085W   14031.54709225 -.00010834  00000-0 -85279+0 0  9991
2 27976 060.7098 061.4607 3622753 058.6319 331.9523 06.35420861235514
0 SL-12 DEB
1 27976U 88085W   14032.49130497 -.00000024  00000-0  00000+0 0  9993
2 27976 060.7193 060.8678 3624570 058.6703 331.9404 06.35432243235578
0 SL-12 DEB
1 27976U 88085W   14033.27812634 -.00000027  00000-0  00000+0 0  9993
2 27976 060.7329 060.3836 3627474 058.6506 331.9692 06.35408060235622
0 SL-12 DEB
1 27976U 88085W   14033.59286540 -.00000029  00000-0  00000+0 0  9991
2 27976 060.7383 060.1876 3628315 058.6641 331.9662 06.35428331235641
0 SL-12 DEB
1 27976U 88085W   14034.53700171 -.00000033  00000-0  00000+0 0  9992
2 27976 060.7426 059.5815 3629848 058.7031 331.9511 06.35408725235705
0 SL-12 DEB
1 27976U 88085W   14035.16643560 -.00000035  00000-0  00000+0 0  9992
2 27976 060.7435 059.1740 3630296 058.8175 331.8867 06.35426761235744
0 SL-12 DEB
1 27976U 88085W   14035.32381498 -.00000035  00000-0  00000+0 0  9999
2 27976 060.7541 059.0963 3631438 058.8194 331.8933 06.35425722235759
0 SL-12 DEB
1 27976U 88085W   14036.26797639 -.00000036  00000-0  00000+0 0  9992
2 27976 060.7540 058.4816 3632787 058.8941 331.8581 06.35417741235814
0 SL-12 DEB
1 27976U 88085W   14036.58268466 -.00000036  00000-0  00000+0 0  9998
2 27976 060.7603 058.2892 3632258 058.9859 331.8013 06.35462680235832
0 SL-12 DEB
1 27976U 88085W   14038.15625101 -.00011662  00000-0 -88258+0 0  9995
2 27976 060.7586 057.2630 3634962 059.1394 331.7325 06.35445319235938
0 SL-12 DEB
1 27976U 88085W   14038.47097774 -.00002836  00000-0 -21195+0 0  9999
2 27976 060.7659 057.0830 3636297 059.1298 331.7478 06.35435653235956
0 SL-12 DEB
1 27976U 88085W   14039.25773617 -.00002667  00000-0 -19926+0 0  9994
2 27976 060.7655 056.5643 3636100 059.2350 331.6872 06.35492064236004
0 SL-12 DEB
1 27976U 88085W   14042.56207926 -.00000132  00000-0 -84854-2 0  9997
2 27976 060.7953 054.5039 3642428 059.5933 331.5313 06.35548271236216
0 SL-12 DEB
1 27976U 88085W   14043.19144221  .00000998  00000-0  74781-1 0  9990
2 27976 060.7993 054.1085 3643333 059.6413 331.5101 06.35535627236257
0 SL-12 DEB
1 27976U 88085W   14044.13550786  .00002982  00000-0  21878+0 0  9994
2 27976 060.8071 053.5102 3646570 059.6090 331.5510 06.35550801236317
0 SL-12 DEB
1 27976U 88085W   14044.29283035  .00003553  00000-0  26444+0 0  9990
2 27976 060.8032 053.4031 3641874 059.7183 331.4542 06.35541823236329
0 SL-12 DEB
1 27976U 88085W   14045.55154374  .00000924  00000-0  69225-1 0  9998
2 27976 060.8066 052.5979 3643468 059.9300 331.3406 06.35565970236407
0 SL-12 DEB
1 27976U 88085W   14046.18089922  .00000558  00000-0  42057-1 0  9991
2 27976 060.8097 052.2089 3645190 060.0048 331.3078 06.35553539236443
0 SL-12 DEB
1 27976U 88085W   14046.49556387 -.00001683  00000-0 -12265+0 0  9997
2 27976 060.8088 052.0069 3644101 060.0889 331.2503 06.35571967236462
0 SL-12 DEB
1 27976U 88085W   14047.12492329  .00001027  00000-0  75842-1 0  9995
2 27976 060.8166 051.6174 3647652 060.0961 331.2693 06.35562981236507
0 SL-12 DEB
1 27976U 88085W   14047.43957993 -.00000400  00000-0 -28151-1 0  9999
2 27976 060.8136 051.4048 3645190 060.1553 331.2160 06.35561125236525
0 SL-12 DEB
1 27976U 88085W   14048.22624448  .00002686  00000-0  19734+0 0  9994
2 27976 060.8176 050.8980 3646120 060.1912 331.1987 06.35599515236575
0 SL-12 DEB
1 27976U 88085W   14048.54091949 -.00000310  00000-0 -21330-1 0  9994
2 27976 060.8187 050.7013 3647690 060.2876 331.1531 06.35591503236592
0 SL-12 DEB
1 27976U 88085W   14049.17024478  .00002760  00000-0  20064+0 0  9997
2 27976 060.8228 050.3046 3649662 060.2923 331.1622 06.35583596236633
0 SL-12 DEB
1 27976U 88085W   14050.11422181  .00002371  00000-0  17230+0 0  9995
2 27976 060.8231 049.6926 3649953 060.4089 331.0939 06.35592292236692
0 SL-12 DEB
1 27976U 88085W   14051.21552874  .00004254  00000-0  30638+0 0  9999
2 27976 060.8275 048.9930 3651701 060.5712 331.0104 06.35599847236760
0 SL-12 DEB
1 27976U 88085W   14051.53014840  .00002014  00000-0  14954+0 0  9995
2 27976 060.8294 048.8022 3643154 060.6764 330.8867 06.35602258236789
0 SL-12 DEB
1 27976U 88085W   14052.15946159  .00003292  00000-0  24145+0 0  9993
2 27976 060.8298 048.3952 3646004 060.7456 330.8670 06.35609094236828
0 SL-12 DEB
1 27976U 88085W   14052.47410304  .00002746  00000-0  20269+0 0  9992
2 27976 060.8321 048.2032 3644109 060.7971 330.8232 06.35608583236847
0 SL-12 DEB
1 27976U 88085W   14053.10340343  .00002800  00000-0  20610+0 0  9999
2 27976 060.8328 047.7964 3644802 060.8690 330.7867 06.35613795236889
0 SL-12 DEB
1 27976U 88085W   14054.20466007  .00003347  00000-0  24559+0 0  9990
2 27976 060.8343 047.0867 3645331 061.0020 330.7139 06.35621168236952
0 SL-12 DEB
1 27976U 88085W   14055.14858292  .00003452  00000-0  25263+0 0  9995
2 27976 060.8350 046.4772 3645999 061.1149 330.6535 06.35626827237015
0 SL-12 DEB
1 27976U 88085W   14055.46322132  .00003307  00000-0  24208+0 0  9996
2 27976 060.8352 046.2751 3645923 061.1546 330.6298 06.35627626237036
0 SL-12 DEB
1 27976U 88085W   14056.09249557  .00003745  00000-0  27346+0 0  9997
2 27976 060.8359 045.8704 3646594 061.2295 330.5907 06.35633280237076
0 SL-12 DEB
1 27976U 88085W   14056.40713108  .00003974  00000-0  28995+0 0  9995
2 27976 060.8361 045.6637 3646801 061.2637 330.5718 06.35631621237092
0 SL-12 DEB
1 27976U 88085W   14057.19371457  .00004376  00000-0  31969+0 0  9991
2 27976 060.8366 045.1569 3646363 061.3602 330.5106 06.35643200237145
0 SL-12 DEB
1 27976U 88085W   14057.50834759  .00004260  00000-0  31090+0 0  9992
2 27976 060.8372 044.9548 3646783 061.3986 330.4902 06.35644684237169
0 SL-12 DEB
1 27976U 88085W   14058.13760514  .00004929  00000-0  35912+0 0  9998
2 27976 060.8384 044.5520 3647276 061.4766 330.4459 06.35651471237207
0 SL-12 DEB
1 27976U 88085W   14058.45223537  .00004968  00000-0  36150+0 0  9990
2 27976 060.8396 044.3508 3647720 061.5134 330.4262 06.35654014237228
0 SL-12 DEB
1 27976U 88085W   14059.08148671  .00005314  00000-0  38646+0 0  9993
2 27976 060.8395 043.9451 3647883 061.5920 330.3783 06.35666666237269
0 SL-12 DEB
1 27976U 88085W   14059.23879466  .00005083  00000-0  37033+0 0  9995
2 27976 060.8398 043.8451 3647419 061.6113 330.3628 06.35665713237272
0 SL-12 DEB
1 27976U 88085W   14060.18265280  .00004846  00000-0  35231+0 0  9998
2 27976 060.8408 043.2392 3648418 061.7259 330.2980 06.35672023237333
0 SL-12 DEB
1 27976U 88085W   14060.49726871  .00004845  00000-0  35209+0 0  9994
2 27976 060.8406 043.0352 3648642 061.7632 330.2761 06.35672327237355
0 SL-12 DEB
1 27976U 88085W   14061.12649933  .00005546  00000-0  40179+0 0  9999
2 27976 060.8419 042.6319 3649461 061.8392 330.2344 06.35685956237394
0 SL-12 DEB
1 27976U 88085W   14061.44110959  .00005472  00000-0  39546+0 0  9999
2 27976 060.8422 042.4300 3650363 061.8739 330.2194 06.35684080237417
0 SL-12 DEB
1 27976U 88085W   14062.07033044  .00005770  00000-0  41509+0 0  9991
2 27976 060.8435 042.0290 3651741 061.9476 330.1839 06.35692020237457
0 SL-12 DEB
1 27976U 88085W   14062.38493732  .00006082  00000-0  43597+0 0  9995
2 27976 060.8434 041.8261 3652846 061.9858 330.1686 06.35693441237472
0 SL-12 DEB
1 27976U 88085W   14063.17145375  .00007038  00000-0  49830+0 0  9998
2 27976 060.8457 041.3267 3656507 062.0742 330.1421 06.35705649237527
0 SL-12 DEB
1 27976U 88085W   14064.11524167  .00007974  00000-0  56015+0 0  9995
2 27976 060.8472 040.7195 3658677 062.1826 330.0935 06.35718949237583
0 SL-12 DEB
1 27976U 88085W   14065.05901003  .00009492  00000-0  66116+0 0  9997
2 27976 060.8478 040.1065 3660972 062.2862 330.0498 06.35736412237647
0 SL-12 DEB
1 27976U 88085W   14066.16004551  .00010573  00000-0  72499+0 0  9995
2 27976 060.8506 039.4022 3665580 062.4112 330.0117 06.35753701237719
0 SL-12 DEB
1 27976U 88085W   14066.47462285  .00011875  00000-0  80541+0 0  9994
2 27976 060.8520 039.2054 3668851 062.4407 330.0192 06.35760321237730
0 SL-12 DEB
1 27976U 88085W   14067.10376654  .00013197  00000-0  88403+0 0  9993
2 27976 060.8543 038.8051 3672512 062.5097 330.0068 06.35770477237771
0 SL-12 DEB
1 27976U 88085W   14067.41832087  .00014869  00000-0  99359+0 0  9993
2 27976 060.8525 038.6025 3673144 062.5431 329.9922 06.35778918237790
0 SL-12 DEB
1 27976U 88085W   14068.36198412 -.00000020  00000-0  00000+0 0  9995
2 27976 060.8561 038.0029 3679372 062.6497 329.9768 06.35800264237855
0 SL-12 DEB
1 27976U 88085W   14068.51924531 -.00000019  00000-0  00000+0 0  9999
2 27976 060.8479 037.8880 3675771 062.7147 329.9116 06.35812625237869
0 SL-12 DEB
1 27976U 88085W   14069.14835041 -.00000019  00000-0  00000+0 0  9996
2 27976 060.8565 037.4968 3689479 062.7334 330.0035 06.35819301237902
0 SL-12 DEB
1 27976U 88085W   14070.40646855 -.00000018  00000-0  00000+0 0  9999
2 27976 060.8767 036.7090 3710716 062.7934 330.1264 06.35831776237982
0 SL-12 DEB
1 27976U 88085W   14071.19273525 -.00000019  00000-0  00000+0 0  9997
2 27976 060.8723 036.1997 3711597 062.8710 330.0860 06.35855917238036
0 SL-12 DEB
1 27976U 88085W   14071.34996451 -.00000019  00000-0  00000+0 0  9994
2 27976 060.8682 036.0939 3706927 062.9020 330.0324 06.35895172238044
0 SL-12 DEB
1 27976U 88085W   14072.13618777 -.00000020  00000-0  00000+0 0  9996
2 27976 060.8650 035.6014 3721902 063.0913 330.0321 06.35928641238091
0 SL-12 DEB
1 27976U 88085W   14073.07957019 -.00000021  00000-0  00000+0 0  9996
2 27976 060.8689 034.9986 3729863 063.1948 330.0284 06.35977782238151
0 SL-12 DEB
1 27976U 88085W   14073.23679132 -.00000021  00000-0  00000+0 0  9991
2 27976 060.8680 034.8958 3730140 063.1905 330.0325 06.35981095238162
0 SL-12 DEB
1 27976U 88085W   14074.18009264 -.00000022  00000-0  00000+0 0  9990
2 27976 060.8712 034.3020 3742947 063.2840 330.0711 06.36035049238226
0 SL-12 DEB
1 27976U 88085W   14075.12329658 -.00000023  00000-0  00000+0 0  9998
2 27976 060.8705 033.6803 3753933 063.4031 330.0813 06.36088489238285
0 SL-12 DEB
1 27976U 88085W   14075.43767585 -.00000023  00000-0  00000+0 0  9997
2 27976 060.8678 033.4773 3757382 063.4416 330.0839 06.36124162238307
0 SL-12 DEB
1 27976U 88085W   14076.06640839 -.00000023  00000-0  00000+0 0  9999
2 27976 060.8715 033.0759 3769742 063.5179 330.1312 06.36163577238343
0 SL-12 DEB
1 27976U 88085W   14076.22355754 -.00000023  00000-0  00000+0 0  9996
2 27976 060.8702 032.9652 3765355 063.4786 330.1206 06.36184780238350
0 SL-12 DEB
1 27976U 88085W   14077.00940313 -.00000022  00000-0  00000+0 0  9993
2 27976 060.8709 032.4746 3781281 063.5767 330.1824 06.36252147238407
0 SL-12 DEB
1 27976U 88085W   14077.48085432 -.00000022  00000-0  00000+0 0  9997
2 27976 060.8722 032.1475 3788232 063.6854 330.1714 06.36285954238432
0 SL-12 DEB
1 27976U 88085W   14078.10943827 -.00000021  00000-0  00000+0 0  9997
2 27976 060.8727 031.7493 3801496 063.7576 330.2296 06.36327074238472
0 SL-12 DEB
1 27976U 88085W   14079.99456869  .00046720  00000-0  10000-3 0  9990
2 27976 060.8425 030.3329 3733002 063.9832 329.6246 06.36587351235766
0 SL-12 DEB
1 27976U 88085W   14079.99478773 -.00000019  00000-0  00000+0 0  9995
2 27976 060.8784 030.5396 3829660 064.0815 330.2571 06.36535608238590
0 SL-12 DEB
1 27976U 88085W   14080.93727941 -.00000018  00000-0  00000+0 0  9994
2 27976 060.8827 029.9321 3844991 064.2538 330.2754 06.36651381238653
0 SL-12 DEB
1 27976U 88085W   14082.19348347 -.00000017  00000-0  00000+0 0  9992
2 27976 060.8790 029.0768 3824372 064.3128 330.0866 06.36801767238731
0 SL-12 DEB
1 27976U 88085W   14083.13572481 -.00000018  00000-0  00000+0 0  9996
2 27976 060.8841 028.4800 3875183 064.5243 330.3503 06.36935509238793
0 SL-12 DEB
1 27976U 88085W   14084.86219395 -.00000023  00000-0  00000+0 0  9995
2 27976 060.8855 027.3436 3860927 064.7566 330.1050 06.37182325238900
0 SL-12 DEB
1 27976U 88085W   14085.33312324 -.00000025  00000-0  00000+0 0  9996
2 27976 060.8807 027.0271 3895762 064.9508 330.2571 06.37231494238938
0 SL-12 DEB
1 27976U 88085W   14087.05877751 -.00000033  00000-0  00000+0 0  9996
2 27976 060.8869 025.8767 3891170 065.1428 330.1053 06.37547124239042
0 SL-12 DEB
1 27976U 88085W   14087.37250202 -.00000035  00000-0  00000+0 0  9999
2 27976 060.8818 025.6606 3909297 065.1526 330.2371 06.37545664239068
0 SL-12 DEB
1 27976U 88085W   14087.84297056 -.00000037  00000-0  00000+0 0  9991
2 27976 060.8815 025.3454 3907379 065.2266 330.1785 06.37621447239099
0 SL-12 DEB
1 27976U 88085W   14088.31337402 -.00000038  00000-0  00000+0 0  9995
2 27976 060.8852 025.0356 3903575 065.3190 330.0951 06.37717220239122
0 SL-12 DEB
1 27976U 88085W   14089.09727452 -.00000040  00000-0  00000+0 0  9992
2 27976 060.8842 024.5038 3904727 065.4780 330.0111 06.37852504239176
0 SL-12 DEB
1 27976U 88085W   14089.25402218 -.00000041  00000-0  00000+0 0  9991
2 27976 060.8839 024.3964 3903725 065.4919 329.9953 06.37865419239180
0 SL-12 DEB
1 27976U 88085W   14090.03773762 -.00000042  00000-0  00000+0 0  9995
2 27976 060.8837 023.8632 3903162 065.6491 329.9002 06.38005000239230
0 SL-12 DEB
1 27976U 88085W   14090.82131828 -.00000042  00000-0  00000+0 0  9993
2 27976 060.8838 023.3354 3907111 065.7982 329.8453 06.38166386239280
0 SL-12 DEB
1 27976U 88085W   14091.13471050 -.00000042  00000-0  00000+0 0  9992
2 27976 060.8821 023.1288 3907630 065.8974 329.7925 06.38187982239305
0 SL-12 DEB
1 27976U 88085W   14091.29139353 -.00000041  00000-0  00000+0 0  9995
2 27976 060.8820 023.0210 3906509 065.9210 329.7705 06.38215161239314
0 SL-12 DEB
1 27976U 88085W   14092.07473551 -.00000040  00000-0  00000+0 0  9992
2 27976 060.8868 022.4952 3898859 066.0592 329.6331 06.38304222239361
0 SL-12 DEB
1 27976U 88085W   14093.17125730 -.00000038  00000-0  00000+0 0  9994
2 27976 060.8869 021.7481 3892699 066.2210 329.4943 06.38391203239436
0 SL-12 DEB
1 27976U 88085W   14093.64108694  .00033805  00000-0  10000-3 0  9998
2 27976 060.8916 021.3697 3868571 066.2605 329.3296 06.38419090239462
0 SL-12 DEB
1 27976U 88085W   14093.79769123  .00044019  00000-0  10000-3 0  9993
2 27976 060.8932 021.2668 3862161 066.3510 329.2269 06.38443076236649
0 SL-12 DEB
1 27976U 88085W   14093.79780497 -.00000037  00000-0  00000+0 0  9998
2 27976 060.8869 021.3213 3888560 066.3118 329.4110 06.38441485239473
0 SL-12 DEB
1 27976U 88085W   14094.11106083  .00032767  00000-0  94307+0 0  9995
2 27976 060.8873 021.1075 3886207 066.3826 329.3521 06.38431795239494
0 SL-12 DEB
1 27976U 88085W   14095.05081812  .00020973  00000-0  61133+0 0  9998
2 27976 060.8875 020.4678 3883040 066.5103 329.2548 06.38461283239559
0 SL-12 DEB
1 27976U 88085W   14095.36407862  .00025842  00000-0  74097+0 0  9992
2 27976 060.8875 020.2602 3886979 066.5537 329.2608 06.38461936239573
0 SL-12 DEB
1 27976U 88085W   14096.14717762  .00016510  00000-0  47634+0 0  9991
2 27976 060.8873 019.7264 3885521 066.6726 329.1807 06.38479977239621
0 SL-12 DEB
1 27976U 88085W   14096.93027427  .00019055  00000-0  53880+0 0  9997
2 27976 060.8875 019.1934 3890211 066.8014 329.1424 06.38501996239672
0 SL-12 DEB
1 27976U 88085W   14097.86992851  .00013521  00000-0  38819+0 0  9999
2 27976 060.8875 018.5540 3886394 066.9427 329.0293 06.38543626239730
0 SL-12 DEB
1 27976U 88085W   14102.88083090  .00012856  00000-0  34003+0 0  9995
2 27976 060.8882 015.1554 3905263 067.7403 328.7052 06.38686906240051
0 SL-12 DEB
1 27976U 88085W   14103.97679689  .00014767  00000-0  38363+0 0  9997
2 27976 060.8882 014.4027 3909020 067.8866 328.6500 06.38743068240125
0 SL-12 DEB
1 27976U 88085W   14104.60295705  .00017458  00000-0  46268+0 0  9994
2 27976 060.8894 013.9734 3903930 067.9280 328.5864 06.38777962240168
0 SL-12 DEB
1 27976U 88085W   14104.91610632  .00017596  00000-0  44482+0 0  9997
2 27976 060.8890 013.7508 3914852 068.0049 328.6287 06.38815241240186
0 SL-12 DEB
1 27976U 88085W   14105.22911843  .00018493  00000-0  48506+0 0  9998
2 27976 060.8898 013.5446 3905967 068.0226 328.5483 06.38834052240208
0 SL-12 DEB
1 27976U 88085W   14105.22911843  .00018493  00000-0  48506+0 0  9998
2 27976 060.8898 013.5446 3905967 068.0226 328.5483 06.38834052240208
0 SL-12 DEB
1 27976U 88085W   14106.63787364  .00021933  00000-0  50468+0 0  9996
2 27976 060.8842 012.5544 3934799 068.4699 328.5187 06.39073796240299
0 SL-12 DEB
1 27976U 88085W   14107.88952395  .00069954  00000-0  10000-3 0  9999
2 27976 060.8896 011.6665 3917524 068.1892 328.5960 06.39182576237541
0 SL-12 DEB
1 27976U 88085W   14107.88956732  .00021423  00000-0  47748+0 0  9992
2 27976 060.8864 011.6907 3940802 068.6942 328.4384 06.39256465240374
0 SL-12 DEB
1 27976U 88085W   14109.29735079  .00028013  00000-0  56415+0 0  9991
2 27976 060.8840 010.6922 3961769 068.9907 328.4351 06.39500190240464
0 SL-12 DEB
1 27976U 88085W   14110.23535544 -.00000033  00000-0  00000+0 0  9994
2 27976 060.8830 010.0460 3948746 069.0968 328.2682 06.39619162240525
0 SL-12 DEB
1 27976U 88085W   14110.86066338 -.00000034  00000-0  00000+0 0  9994
2 27976 060.8843 009.6186 3946486 069.1801 328.2004 06.39675856240568
0 SL-12 DEB
1 27976U 88085W   14111.01697949 -.00000034  00000-0  00000+0 0  9990
2 27976 060.8853 009.5126 3947045 069.2164 328.1833 06.39735021240578
0 SL-12 DEB
1 27976U 88085W   14111.95481410 -.00000037  00000-0  00000+0 0  9990
2 27976 060.8837 008.8593 3948916 069.3780 328.1012 06.39804754240639
0 SL-12 DEB
1 27976U 88085W   14112.89253068  .00044405  00000-0  92235+0 0  9997
2 27976 060.8825 008.2091 3952069 069.6216 327.9798 06.39904440240691
0 SL-12 DEB
1 27976U 88085W   14113.83010629  .00042183  00000-0  85116+0 0  9997
2 27976 060.8873 007.5574 3956945 069.7851 327.9391 06.40003587240755
0 SL-12 DEB
1 27976U 88085W   14114.14259438  .00046512  00000-0  92027+0 0  9994
2 27976 060.8858 007.3226 3960630 069.8796 327.9126 06.40086106240771
0 SL-12 DEB
1 27976U 88085W   14114.92395690  .00029933  00000-0  52141+0 0  9992
2 27976 060.8746 006.7381 3987372 070.2504 327.9095 06.40253115240824
0 SL-12 DEB
1 27976U 88085W   14115.23613345  .00042003  00000-0  80975+0 0  9996
2 27976 060.8846 006.5589 3965635 070.1145 327.8127 06.40199830240841
0 SL-12 DEB
1 27976U 88085W   14115.70471800  .00039891  00000-0  76493+0 0  9997
2 27976 060.8837 006.2325 3966573 070.2061 327.7654 06.40239761240871
0 SL-12 DEB
1 27976U 88085W   14116.17356655  .00031820  00000-0  52219+0 0  9993
2 27976 060.8716 005.8460 3998707 070.6272 327.7769 06.40427464240904
0 SL-12 DEB
1 27976U 88085W   14117.11028115  .00038016  00000-0  70308+0 0  9998
2 27976 060.8868 005.2439 3973585 070.5237 327.6322 06.40368865240968
0 SL-12 DEB
1 27976U 88085W   14117.73488715  .00031804  00000-0  58348+0 0  9990
2 27976 060.8874 004.8055 3975040 070.6442 327.5716 06.40427929241000
0 SL-12 DEB
1 27976U 88085W   14118.04719018  .00030815  00000-0  55873+0 0  9999
2 27976 060.8862 004.5837 3977490 070.7275 327.5417 06.40442942241020
0 SL-12 DEB
1 27976U 88085W   14118.51560558  .00029240  00000-0  53053+0 0  9992
2 27976 060.8825 004.2368 3977323 070.8099 327.4906 06.40451045241054
0 SL-12 DEB
1 27976U 88085W   14118.98400319  .00027034  00000-0  48952+0 0  9992
2 27976 060.8830 003.9094 3977627 070.8850 327.4477 06.40476075241080
0 SL-12 DEB
1 27976U 88085W   14119.76464664  .00024654  00000-0  43898+0 0  9991
2 27976 060.8830 003.3576 3980897 071.0417 327.3802 06.40533371241134
0 SL-12 DEB
1 27976U 88085W   14120.07688359  .00026656  00000-0  47324+0 0  9998
2 27976 060.8840 003.1428 3981382 071.0989 327.3496 06.40547634241151
0 SL-12 DEB
1 27976U 88085W   14120.23300936  .00021081  00000-0  37227+0 0  9996
2 27976 060.8847 003.0330 3982578 071.1404 327.3344 06.40557907241167
0 SL-12 DEB
1 27976U 88085W   14120.85745940  .00017857  00000-0  31264+0 0  9993
2 27976 060.8836 002.5949 3984352 071.2649 327.2738 06.40578204241203
0 SL-12 DEB
1 27976U 88085W   14121.16967337  .00017559  00000-0  30525+0 0  9992
2 27976 060.8836 002.3739 3985760 071.3333 327.2441 06.40594369241226
0 SL-12 DEB
1 27976U 88085W   14121.79408661  .00024095  00000-0  42763+0 0  9991
2 27976 060.8916 001.9609 3981273 071.1388 327.3563 06.40605110238431
0 SL-12 DEB
1 27976U 88085W   14122.10628368  .00007206  00000-0  12324+0 0  9990
2 27976 060.8828 001.7191 3989365 071.5339 327.1525 06.40634880241286
0 SL-12 DEB
1 27976U 88085W   14122.73066895  .00006170  00000-0  10373+0 0  9991
2 27976 060.8772 001.2770 3992982 071.6458 327.1147 06.40648616241321
0 SL-12 DEB
1 27976U 88085W   14123.51109146  .00000052  00000-0  11311-2 0  9994
2 27976 060.8807 000.7298 3992340 071.7883 327.0227 06.40669189241371
0 SL-12 DEB
1 27976U 88085W   14123.82326048  .00001213  00000-0  20524-1 0  9995
2 27976 060.8781 000.5029 3993565 071.8631 326.9875 06.40678391241398
0 SL-12 DEB
1 27976U 88085W   14124.44759027 -.00000530  00000-0 -85340-2 0  9992
2 27976 060.8782 000.0685 3995653 072.0178 326.9107 06.40675835241434
0 SL-12 DEB
1 27976U 88085W   14125.85233779  .00001114  00000-0  18339-1 0  9999
2 27976 060.8731 359.0654 3999671 072.2994 326.7726 06.40671341241526
0 SL-12 DEB
1 27976U 88085W   14126.16449865  .00002190  00000-0  35697-1 0  9990
2 27976 060.8730 358.8434 4000217 072.3552 326.7431 06.40686456241547
0 SL-12 DEB
1 27976U 88085W   14126.78882465 -.00000266  00000-0 -40270-2 0  9993
2 27976 060.8717 358.4006 4001856 072.4895 326.6747 06.40674474241584
0 SL-12 DEB
1 27976U 88085W   14127.10099238  .00002166  00000-0  34546-1 0  9995
2 27976 060.8673 358.1691 4004817 072.5778 326.6457 06.40671334241606
0 SL-12 DEB
1 27976U 88085W   14127.88138546  .00002198  00000-0  34976-1 0  9998
2 27976 060.8677 357.6211 4005125 072.7390 326.5495 06.40689375241657
0 SL-12 DEB
1 27976U 88085W   14128.50570233  .00001642  00000-0  26019-1 0  9993
2 27976 060.8661 357.1775 4006517 072.8596 326.4872 06.40695054241698
0 SL-12 DEB
1 27976U 88085W   14129.75432375  .00003039  00000-0  47242-1 0  9998
2 27976 060.8629 356.2873 4009528 073.1183 326.3536 06.40692089241772
0 SL-12 DEB
1 27976U 88085W   14130.84686780 -.00000386  00000-0 -56632-2 0  9999
2 27976 060.8602 355.5045 4012332 073.3570 326.2303 06.40706420241849
0 SL-12 DEB
1 27976U 88085W   14131.93938965  .00001469  00000-0  22390-1 0  9999
2 27976 060.8562 354.7249 4014538 073.5989 326.0997 06.40704615241916
0 SL-12 DEB
1 27976U 88085W   14133.03189498  .00000778  00000-0  11874-1 0  9998
2 27976 060.8529 353.9483 4016140 073.8081 325.9837 06.40719824241983
0 SL-12 DEB
1 27976U 88085W   14134.74865311  .00000707  00000-0  10658-1 0  9993
2 27976 060.8488 352.7206 4018768 074.1570 325.7895 06.40731653242091
0 SL-12 DEB
1 27976U 88085W   14135.68504329  .00004587  00000-0  67434-1 0  9990
2 27976 060.8451 352.0475 4020139 074.3516 325.6801 06.40751072242159
0 SL-12 DEB
1 27976U 88085W   14135.68504980  .00005034  00000-0  77130-1 0  9995
2 27976 060.8634 352.1167 4011111 074.0412 325.8279 06.40736864239017
0 SL-12 DEB
1 27976U 88085W   14136.15323183  .00001116  00000-0  16515-1 0  9999
2 27976 060.8432 351.7096 4020863 074.4702 325.6123 06.40749499242185
0 SL-12 DEB
1 27976U 88085W   14137.08959592  .00001219  00000-0  17998-1 0  9991
2 27976 060.8428 351.0480 4021130 074.6190 325.5215 06.40751428242244
0 SL-12 DEB
1 27976U 88085W   14137.71382998  .00003277  00000-0  47782-1 0  9991
2 27976 060.8403 350.5985 4021953 074.7477 325.4481 06.40775030242286
0 SL-12 DEB
1 27976U 88085W   14139.11833430  .00002337  00000-0  34031-1 0  9998
2 27976 060.8391 349.6032 4022598 074.9869 325.3035 06.40773142242373
0 SL-12 DEB
1 27976U 88085W   14139.58649342  .00002959  00000-0  42937-1 0  9990
2 27976 060.8370 349.2671 4022953 075.0826 325.2464 06.40788466242409
0 SL-12 DEB
1 27976U 88085W   14139.89859743  .00001980  00000-0  28748-1 0  9999
2 27976 060.8363 349.0425 4023303 075.1570 325.2027 06.40791387242426
0 SL-12 DEB
1 27976U 88085W   14139.89859752  .00001712  00000-0  24902-1 0  9990
2 27976 060.8366 349.0429 4023273 075.1497 325.2070 06.40787516242424
0 SL-12 DEB
1 27976U 88085W   14140.99095170 -.00000248  00000-0 -33360-2 0  9993
2 27976 060.8335 348.2587 4024211 075.3892 325.0642 06.40807851242495
0 SL-12 DEB
1 27976U 88085W   14142.08328891  .00003044  00000-0  43676-1 0  9999
2 27976 060.8210 347.4362 4025083 075.6396 324.9135 06.40805080242564
0 SL-12 DEB
1 27976U 88085W   14143.01958030  .00001936  00000-0  27825-1 0  9993
2 27976 060.8304 346.8105 4025289 075.7472 324.8471 06.40813505242620
0 SL-12 DEB
1 27976U 88085W   14143.79980683 -.00005091  00000-0 -72195-1 0  9995
2 27976 060.8298 346.2528 4025772 075.8924 324.7592 06.40828245242670
0 SL-12 DEB
1 27976U 88085W   14144.11186674 -.00002159  00000-0 -30813-1 0  9993
2 27976 060.8136 345.9604 4023783 076.0702 324.6284 06.40810615242690
0 SL-12 DEB
1 27976U 88085W   14144.73604155 -.00002228  00000-0 -31775-1 0  9995
2 27976 060.8126 345.5091 4023576 076.2055 324.5403 06.40859923242730
0 SL-12 DEB
1 27976U 88085W   14145.82834637 -.00002013  00000-0 -28826-1 0  9991
2 27976 060.8098 344.7360 4022939 076.3925 324.4152 06.40810220242802
0 SL-12 DEB
1 27976U 88085W   14146.76459990 -.00001996  00000-0 -28682-1 0  9999
2 27976 060.8083 344.0640 4022146 076.5812 324.2872 06.40832119242861
0 SL-12 DEB
1 27976U 88085W   14146.92063432 -.00003431  00000-0 -49497-1 0  9992
2 27976 060.8086 343.9537 4022046 076.5635 324.2977 06.40818673242875
0 SL-12 DEB
1 27976U 88085W   14147.38876536 -.00002078  00000-0 -29946-1 0  9993
2 27976 060.8072 343.6174 4021657 076.7027 324.2049 06.40826930242907
0 SL-12 DEB
1 27976U 88085W   14148.79314094 -.00002686  00000-0 -39071-1 0  9990
2 27976 060.8047 342.6127 4020197 076.9480 324.0340 06.40816193242990
0 SL-12 DEB
1 27976U 88085W   14149.72939030 -.00002832  00000-0 -41420-1 0  9991
2 27976 060.8033 341.9411 4019048 077.1295 323.9065 06.40826650243052
0 SL-12 DEB
1 27976U 88085W   14149.72948362  .00000865  00000-0  12285-1 0  9998
2 27976 060.8269 342.0668 4025892 076.6899 324.2823 06.40826226239439
0 SL-12 DEB
1 27976U 88085W   14149.88542905 -.00002520  00000-0 -36943-1 0  9997
2 27976 060.8010 341.8213 4018380 077.2124 323.8469 06.40829689243069
0 SL-12 DEB
1 27976U 88085W   14150.50958700 -.00002412  00000-0 -35478-1 0  9994
2 27976 060.8007 341.3790 4017739 077.3211 323.7707 06.40822412243101
0 SL-12 DEB
1 27976U 88085W   14151.75787375 -.00002631  00000-0 -39139-1 0  9991
2 27976 060.7982 340.4809 4015566 077.5685 323.5905 06.40818101243182
0 SL-12 DEB
1 27976U 88085W   14152.85015346 -.00002641  00000-0 -39632-1 0  9994
2 27976 060.7963 339.6978 4013718 077.7839 323.4336 06.40832842243251
0 SL-12 DEB
1 27976U 88085W   14154.72260300  .00000145  00000-0  24168-2 0  9998
2 27976 060.7959 338.3899 4014037 078.2128 323.1560 06.40824899243378
0 SL-12 DEB
1 27976U 88085W   14154.87864371  .00000161  00000-0  26448-2 0  9993
2 27976 060.7972 338.2811 4014366 078.2057 323.1637 06.40844086243388
0 SL-12 DEB
1 27976U 88085W   14155.81484891  .00000333  00000-0  52735-2 0  9992
2 27976 060.7960 337.6090 4012844 078.3698 323.0421 06.40856571243447
0 SL-12 DEB
1 27976U 88085W   14156.43900296  .00001333  00000-0  20148-1 0  9996
2 27976 060.8015 337.1906 4015504 078.4026 323.0449 06.40857838243483
0 SL-12 DEB
1 27976U 88085W   14157.84330913  .00002404  00000-0  36312-1 0  9995
2 27976 060.8008 336.1940 4014529 078.6318 322.8852 06.40867577243570
0 SL-12 DEB
1 27976U 88085W   14158.46744019  .00006032  00000-0  91115-1 0  9993
2 27976 060.7993 335.7482 4013561 078.7406 322.8045 06.40883490243613
0 SL-12 DEB
1 27976U 88085W   14158.77949983  .00001318  00000-0  20181-1 0  9991
2 27976 060.7987 335.5239 4012850 078.8229 322.7436 06.40860778243637
0 SL-12 DEB
1 27976U 88085W   14159.40359736  .00001353  00000-0  21450-1 0  9992
2 27976 060.7908 335.0401 4005626 079.0220 322.5452 06.40865814243679
0 SL-12 DEB
1 27976U 88085W   14159.71569185  .00001730  00000-0  26616-1 0  9995
2 27976 060.7970 334.8536 4011226 079.0000 322.6114 06.40867766243699
0 SL-12 DEB
1 27976U 88085W   14160.49584023  .00002291  00000-0  35473-1 0  9994
2 27976 060.7956 334.2942 4009458 079.1588 322.4898 06.40879374243745
0 SL-12 DEB
1 27976U 88085W   14160.80790076  .00003297  00000-0  51035-1 0  9995
2 27976 060.7951 334.0721 4009134 079.2063 322.4552 06.40872347243765
0 SL-12 DEB
1 27976U 88085W   14161.74406867  .00002154  00000-0  33943-1 0  9990
2 27976 060.7931 333.3953 4005970 079.3986 322.2979 06.40872928243824
0 SL-12 DEB
1 27976U 88085W   14162.83628693  .00002808  00000-0  44450-1 0  9995
2 27976 060.7930 332.6214 4004607 079.5900 322.1575 06.40883074243891
0 SL-12 DEB
1 27976U 88085W   14163.46040217  .00001680  00000-0  26972-1 0  9991
2 27976 060.7921 332.1746 4002510 079.7260 322.0470 06.40880549243930
0 SL-12 DEB
1 27976U 88085W   14164.70860422  .00003383  00000-0  57077-1 0  9999
2 27976 060.7846 331.2507 3991137 079.9864 321.7659 06.40876178244012
0 SL-12 DEB
1 27976U 88085W   14165.80083171  .00004719  00000-0  77526-1 0  9994
2 27976 060.7889 330.5088 3996424 080.1505 321.7048 06.40879635244085
0 SL-12 DEB
1 27976U 88085W   14166.42494338  .00008991  00000-0  14833+0 0  9990
2 27976 060.7891 330.0656 3995183 080.2568 321.6215 06.40877031244123
0 SL-12 DEB
1 27976U 88085W   14167.67316110  .00007594  00000-0  12738+0 0  9999
2 27976 060.7873 329.1775 3991743 080.4887 321.4323 06.40883339244203
0 SL-12 DEB
1 27976U 88085W   14168.60932327  .00002536  00000-0  43190-1 0  9996
2 27976 060.7866 328.5140 3989537 080.6624 321.2936 06.40873439244267
0 SL-12 DEB
1 27976U 88085W   14168.76543725  .00001130  00000-0  18132-1 0  9990
2 27976 060.7937 328.4573 4000575 080.4607 321.5588 06.40880863240655
0 SL-12 DEB
1 27976U 88085W   14169.70151974  .00001241  00000-0  21663-1 0  9992
2 27976 060.7859 327.7352 3985601 080.8769 321.1104 06.40878258244333
0 SL-12 DEB
1 27976U 88085W   14171.72990717 -.00012834  00000-0 -24005+0 0  9996
2 27976 060.7761 326.2615 3967723 081.3241 320.6343 06.40948724244466
0 SL-12 DEB
1 27976U 88085W   14172.35399613 -.00004540  00000-0 -81630-1 0  9998
2 27976 060.7815 325.8493 3976147 081.3760 320.6789 06.40876175244500
0 SL-12 DEB
1 27976U 88085W   14172.66605273 -.00008973  00000-0 -16440+0 0  9993
2 27976 060.7793 325.6199 3972306 081.4632 320.5823 06.40906019244529
0 SL-12 DEB
1 27976U 88085W   14172.82208034 -.00010276  00000-0 -18655+0 0  9994
2 27976 060.7808 325.5172 3974455 081.4677 320.5997 06.40891428244532
0 SL-12 DEB
1 27976U 88085W   14173.44621210 -.00019708  00000-0 -38982+0 0  9992
2 27976 060.7708 325.0386 3955794 081.6070 320.3252 06.40935579244579
0 SL-12 DEB
1 27976U 88085W   14173.75825403 -.00018176  00000-0 -33402+0 0  9996
2 27976 060.7797 324.8598 3972244 081.6126 320.4787 06.40870706244596
0 SL-12 DEB
1 27976U 88085W   14175.63065177 -.00025428  00000-0 -48171+0 0  9996
2 27976 060.7768 323.5358 3966069 081.9465 320.1886 06.40835630244719
0 SL-12 DEB
1 27976U 88085W   14176.41083705 -.00022344  00000-0 -46535+0 0  9996
2 27976 060.7668 322.9523 3945036 082.1239 319.8627 06.40845303244769
0 SL-12 DEB
1 27976U 88085W   14176.72295094 -.00022727  00000-0 -44019+0 0  9996
2 27976 060.7765 322.7657 3961401 082.1501 320.0022 06.40802209244782
0 SL-12 DEB
1 27976U 88085W   14176.87897273 -.00023318  00000-0 -49318+0 0  9993
2 27976 060.7665 322.6207 3941755 082.2093 319.7714 06.40822627244798
0 SL-12 DEB
1 27976U 88085W   14177.19111022 -.00030437  00000-0 -59428+0 0  9993
2 27976 060.7759 322.4345 3960086 082.2251 319.9373 06.40762326244812
0 SL-12 DEB
1 27976U 88085W   14177.50321719 -.00003858  00000-0  00000+0 0  9992
2 27976 060.7939 322.2630 3977215 082.2352 320.1225 06.40824613241210
0 SL-12 DEB
1 27976U 88085W   14177.65924147 -.00023955  00000-0 -51667+0 0  9998
2 27976 060.7650 322.0704 3937719 082.3454 319.6372 06.40770674244844
0 SL-12 DEB
1 27976U 88085W   14177.65931514 -.00019784  00000-0  10000-3 0  9998
2 27976 060.7724 322.1122 3962105 082.1816 320.0314 06.40746845244843
0 SL-12 DEB
1 27976U 88085W   14177.97141015 -.00030755  00000-0 -60920+0 0  9996
2 27976 060.7745 321.8900 3957250 082.3426 319.8280 06.40715465244864
0 SL-12 DEB
1 27976U 88085W   14178.28349746 -.00024482  00000-0 -53406+0 0  9993
2 27976 060.7644 321.6326 3935393 082.4558 319.5373 06.40738601244882
0 SL-12 DEB
1 27976U 88085W   14178.59567841 -.00031688  00000-0 -63677+0 0  9992
2 27976 060.7736 321.4499 3954362 082.4650 319.7145 06.40676776244909
0 SL-12 DEB
1 27976U 88085W   14178.90777657 -.00023086  00000-0 -50983+0 0  9994
2 27976 060.7635 321.1933 3932785 082.5541 319.4429 06.40707841244924
0 SL-12 DEB
1 27976U 88085W   14179.21997725 -.00027913  00000-0 -56795+0 0  9999
2 27976 060.7731 321.0111 3951663 082.5768 319.6101 06.40654694244943
0 SL-12 DEB
1 27976U 88085W   14179.68816733 -.00024455  00000-0 -55067+0 0  9998
2 27976 060.7623 320.6450 3928610 082.6968 319.3020 06.40675081244976
0 SL-12 DEB
1 27976U 88085W   14180.46866334 -.00023878  00000-0 -49765+0 0  9994
2 27976 060.7730 320.1391 3946588 082.8040 319.4012 06.40601811245020
0 SL-12 DEB
1 27976U 88085W   14180.62476072 -.00031307  00000-0 -65416+0 0  9995
2 27976 060.7713 320.0264 3946255 082.8214 319.3857 06.40591615245030
0 SL-12 DEB
1 27976U 88085W   14181.71740480 -.00028794  00000-0 -67311+0 0  9995
2 27976 060.7604 319.2289 3920862 083.0908 318.9479 06.40565673245103
0 SL-12 DEB
1 27976U 88085W   14182.65415806 -.00027378  00000-0 -59620+0 0  9991
2 27976 060.7682 318.6129 3937619 083.1938 319.0387 06.40483406245166
0 SL-12 DEB
1 27976U 88085W   14182.81023910 -.00029214  00000-0 -67405+0 0  9991
2 27976 060.7609 318.4753 3924406 083.2973 318.8360 06.40491470245175
0 SL-12 DEB
1 27976U 88085W   14183.43475375 -.00029549  00000-0 -68936+0 0  9997
2 27976 060.7606 318.0398 3922152 083.3883 318.7491 06.40450350245211
0 SL-12 DEB
1 27976U 88085W   14183.74705476 -.00032290  00000-0 -72999+0 0  9990
2 27976 060.7644 317.8410 3929616 083.3913 318.8202 06.40424804245239
0 SL-12 DEB
1 27976U 88085W   14184.68385698 -.00029581  00000-0 -73639+0 0  9995
2 27976 060.7592 317.1623 3907441 083.5689 318.4758 06.40391163245293
0 SL-12 DEB
1 27976U 88085W   14185.46470579 -.00032101  00000-0 -73520+0 0  9996
2 27976 060.7632 316.6453 3927329 083.6505 318.6131 06.40324748245346
0 SL-12 DEB
1 27976U 88085W   14185.93311613 -.00030508  00000-0 -77835+0 0  9993
2 27976 060.7587 316.2941 3902182 083.7839 318.2700 06.40317009245377
0 SL-12 DEB
1 27976U 88085W   14186.71406703 -.00031498  00000-0 -74037+0 0  9995
2 27976 060.7621 315.7746 3921934 083.8605 318.4098 06.40238096245427
0 SL-12 DEB
1 27976U 88085W   14187.80726607 -.00032506  00000-0 -87761+0 0  9993
2 27976 060.7552 314.9843 3889630 084.1938 317.8506 06.40186852245494
0 SL-12 DEB
1 27976U 88085W   14188.58839306 -.00028430  00000-0 -69389+0 0  9997
2 27976 060.7599 314.4638 3913894 084.1785 318.1020 06.40126553245545
0 SL-12 DEB
1 27976U 88085W   14189.36946561 -.00030928  00000-0 -76872+0 0  9996
2 27976 060.7593 313.9207 3910056 084.3126 317.9673 06.40073136245597
0 SL-12 DEB
1 27976U 88085W   14189.68185303 -.00032436  00000-0 -86180+0 0  9999
2 27976 060.7576 313.6953 3894324 084.4213 317.7325 06.40066607245610
0 SL-12 DEB
1 27976U 88085W   14191.71298111 -.00033625  00000-0 -93563+0 0  9992
2 27976 060.7522 312.3027 3883504 084.7542 317.3809 06.39922163245748
0 SL-12 DEB
1 27976U 88085W   14193.43199932 -.00033215  00000-0 -94920+0 0  9997
2 27976 060.7525 311.1181 3877839 085.0107 317.1335 06.39803280245856
0 SL-12 DEB
1 27976U 88085W   14193.90088353 -.00032944  00000-0 -94733+0 0  9993
2 27976 060.7531 310.7966 3876558 085.0683 317.0777 06.39768456245882
0 SL-12 DEB
1 27976U 88085W   14194.68244942 -.00032404  00000-0 -91016+0 0  9999
2 27976 060.7528 310.2589 3882782 085.1606 317.0714 06.39697759245930
0 SL-12 DEB
1 27976U 88085W   14195.62029759 -.00000027  00000-0  00000+0 0  9999
2 27976 060.7522 309.6124 3865437 085.3734 316.7400 06.39633840245998
0 SL-12 DEB
1 27976U 88085W   14196.87097052 -.00000029  00000-0  00000+0 0  9990
2 27976 060.7557 308.7625 3852841 085.5371 316.4921 06.39538180246072
0 SL-12 DEB
1 27976U 88085W   14197.49651734 -.00034168  00000-0 -99986+0 0  9995
2 27976 060.7529 308.3246 3874129 085.5893 316.6684 06.39497035246114
0 SL-12 DEB
1 27976U 88085W   14197.49662019 -.00035135  00000-0  10000-3 0  9991
2 27976 060.7533 308.3555 3895978 085.5986 316.9188 06.39509590242040
0 SL-12 DEB
1 27976U 88085W   14197.65293419 -.00035888  00000-0  10000-3 0  9998
2 27976 060.7562 308.2285 3880071 085.5655 316.7830 06.39496393246123
0 SL-12 DEB
1 27976U 88085W   14197.65299899 -.00035340  00000-0  10000-3 0  9999
2 27976 060.7512 308.2344 3894933 085.5188 316.9670 06.39496661242057
0 SL-12 DEB
1 27976U 88085W   14197.80936836 -.00035434  00000-0  10000-3 0  9999
2 27976 060.7472 308.1223 3894726 085.5335 316.9542 06.39484775242063
0 SL-12 DEB
1 27976U 88085W   14198.74742104 -.00000033  00000-0  00000+0 0  9998
2 27976 060.7535 307.4730 3851963 085.8446 316.2561 06.39399656246195
0 SL-12 DEB
1 27976U 88085W   14200.46780692 -.00000034  00000-0  00000+0 0  9996
2 27976 060.7543 306.2993 3843389 086.1086 315.9730 06.39275009246301
0 SL-12 DEB
1 27976U 88085W   14200.62422265 -.00000034  00000-0  00000+0 0  9993
2 27976 060.7544 306.1929 3842510 086.1331 315.9457 06.39261502246318
0 SL-12 DEB
1 27976U 88085W   14201.71929690 -.00000034  00000-0  00000+0 0  9998
2 27976 060.7532 305.4430 3854590 086.2406 315.9880 06.39184119246384
0 SL-12 DEB
1 27976U 88085W   14205.63094826 -.00000027  00000-0  00000+0 0  9999
2 27976 060.7641 302.8158 3809844 086.8496 315.0704 06.38868755246638
0 SL-12 DEB
1 27976U 88085W   14206.41352211 -.00000026  00000-0  00000+0 0  9990
2 27976 060.7651 302.2891 3806513 086.9624 314.9505 06.38824127246688
0 SL-12 DEB
1 27976U 88085W   14207.35268926 -.00000024  00000-0  00000+0 0  9991
2 27976 060.7664 301.6568 3801640 087.0960 314.7989 06.38756171246741
0 SL-12 DEB
1 27976U 88085W   14207.82231809 -.00000024  00000-0  00000+0 0  9993
2 27976 060.7667 301.3415 3799974 087.1581 314.7346 06.38720607246773
0 SL-12 DEB
1 27976U 88085W   14208.44850866 -.00000023  00000-0  00000+0 0  9991
2 27976 060.7674 300.9213 3796442 087.2483 314.6298 06.38679626246815
0 SL-12 DEB
1 27976U 88085W   14209.38789987 -.00000022  00000-0  00000+0 0  9999
2 27976 060.7684 300.2932 3792437 087.3730 314.4940 06.38609318246872
0 SL-12 DEB
1 27976U 88085W   14210.32737366 -.00000022  00000-0  00000+0 0  9999
2 27976 060.7693 299.6627 3788794 087.5051 314.3562 06.38550188246939
0 SL-12 DEB
1 27976U 88085W   14211.42354281 -.00000020  00000-0  00000+0 0  9990
2 27976 060.7709 298.9313 3783192 087.6566 314.1833 06.38461820247002
0 SL-12 DEB
1 27976U 88085W   14211.73675940 -.00000020  00000-0  00000+0 0  9992
2 27976 060.7712 298.7223 3781691 087.6991 314.1354 06.38437612247020
0 SL-12 DEB
1 27976U 88085W   14212.36321186 -.00000019  00000-0  00000+0 0  9990
2 27976 060.7721 298.3043 3778648 087.7886 314.0357 06.38410861247061
0 SL-12 DEB
1 27976U 88085W   14213.45960903 -.00022470  00000-0 -99745+0 0  9997
2 27976 060.7736 297.5753 3773624 087.9366 313.8706 06.38331483247135
0 SL-12 DEB
1 27976U 88085W   14213.77289109 -.00000017  00000-0  00000+0 0  9992
2 27976 060.7738 297.3666 3772222 087.9795 313.8232 06.38307610247158
0 SL-12 DEB
1 27976U 88085W   14214.39947750 -.00021969  00000-0 -99181+0 0  9992
2 27976 060.7746 296.9501 3769445 088.0626 313.7304 06.38265287247194
0 SL-12 DEB
1 27976U 88085W   14215.33942182 -.00020309  00000-0 -93178+0 0  9998
2 27976 060.7751 296.3261 3765343 088.1874 313.5914 06.38211032247257
0 SL-12 DEB
1 27976U 88085W   14215.65274833 -.00018948  00000-0 -87621+0 0  9996
2 27976 060.7756 296.1168 3763335 088.2185 313.5464 06.38184278247274
0 SL-12 DEB
1 27976U 88085W   14216.27944474 -.00017898  00000-0 -83374+0 0  9994
2 27976 060.7761 295.7016 3761422 088.2975 313.4650 06.38165789247316
0 SL-12 DEB
1 27976U 88085W   14217.53292874 -.00015613  00000-0 -74382+0 0  9996
2 27976 060.7772 294.8706 3755768 088.4541 313.2835 06.38075475247394
0 SL-12 DEB
1 27976U 88085W   14218.47308856 -.00012757  00000-0 -62444+0 0  9990
2 27976 060.7782 294.2466 3748535 088.5576 313.1265 06.38014176247459
0 SL-12 DEB
1 27976U 88085W   14218.78648355 -.00012191  00000-0 -60361+0 0  9993
2 27976 060.7785 294.0395 3745398 088.5899 313.0682 06.37994503247477
0 SL-12 DEB
1 27976U 88085W   14219.57012840 -.00012596  00000-0 -62144+0 0  9995
2 27976 060.7794 293.5272 3746725 088.7297 312.9723 06.37954950247526
0 SL-12 DEB
1 27976U 88085W   14219.72681766 -.00010901  00000-0 -54204+0 0  9997
2 27976 060.7802 293.4219 3744564 088.7201 312.9570 06.37941480247535
0 SL-12 DEB
1 27976U 88085W   14220.51043042 -.00008513  00000-0 -43091+0 0  9993
2 27976 060.7801 292.9033 3739676 088.8035 312.8401 06.37903735247584
0 SL-12 DEB
1 27976U 88085W   14221.45084587 -.00006655  00000-0 -34267+0 0  9996
2 27976 060.7808 292.2850 3735012 088.9107 312.7068 06.37856322247646
0 SL-12 DEB
1 27976U 88085W   14222.39133498 -.00004888  00000-0 -25525+0 0  9999
2 27976 060.7814 291.6668 3730972 089.0217 312.5772 06.37822769247702
0 SL-12 DEB
1 27976U 88085W   14223.33190835 -.00003417  00000-0 -18024+0 0  9995
2 27976 060.7813 291.0508 3727903 089.1287 312.4611 06.37778510247767
0 SL-12 DEB
1 27976U 88085W   14223.48870070 -.00003944  00000-0 -20691+0 0  9995
2 27976 060.7811 290.9519 3729754 089.1731 312.4457 06.37757683247772
0 SL-12 DEB
1 27976U 88085W   14224.42931484 -.00001958  00000-0 -10474+0 0  9998
2 27976 060.7823 290.3327 3722879 089.2522 312.3113 06.37743689247832
0 SL-12 DEB
1 27976U 88085W   14226.46758311 -.00001307  00000-0 -70642-1 0  9993
2 27976 060.7821 289.0089 3718296 089.5258 312.0472 06.37700484247962
0 SL-12 DEB
1 27976U 88085W   14227.72198497 -.00000862  00000-0 -47182-1 0  9994
2 27976 060.7818 288.1951 3712241 089.6584 311.8778 06.37678008248045
0 SL-12 DEB
1 27976U 88085W   14228.34921098 -.00000510  00000-0 -27712-1 0  9991
2 27976 060.7817 287.7835 3710677 089.7253 311.8079 06.37675627248087
0 SL-12 DEB
1 27976U 88085W   14231.17181555 -.00000360  00000-0 -20237-1 0  9990
2 27976 060.7814 285.9503 3700293 090.0261 311.4568 06.37659942248264
0 SL-12 DEB
1 27976U 88085W   14231.64226148 -.00001368  00000-0 -79968-1 0  9994
2 27976 060.7804 285.6490 3697076 090.0776 311.3812 06.37650420248296
0 SL-12 DEB
1 27976U 88085W   14232.42633067 -.00004421  00000-0 -26528+0 0  9998
2 27976 060.7825 285.1558 3691057 090.1499 311.2593 06.37644903248345
0 SL-12 DEB
1 27976U 88085W   14234.30817233 -.00005262  00000-0 -31983+0 0  9991
2 27976 060.7822 283.9301 3687484 090.3597 311.0536 06.37627296248468
0 SL-12 DEB
1 27976U 88085W   14235.40591635 -.00002300  00000-0 -14168+0 0  9994
2 27976 060.7814 283.2366 3682868 090.4414 310.9394 06.37632250248537
0 SL-12 DEB
1 27976U 88085W   14236.34683539 -.00000513  00000-0 -31665-1 0  9990
2 27976 060.7807 282.6338 3678796 090.4966 310.8524 06.37632562248594
0 SL-12 DEB
1 27976U 88085W   14237.44459268 -.00002922  00000-0 -18537+0 0  9999
2 27976 060.7788 281.9266 3674164 090.6198 310.7043 06.37624455248663
0 SL-12 DEB
1 27976U 88085W   14239.16985072 -.00002094  00000-0  10000-3 0  9997
2 27976 060.7955 280.6445 3700379 090.4588 311.1520 06.37623342244680
0 SL-12 DEB
1 27976U 88085W   14240.58100166 -.00005477  00000-0 -35341+0 0  9998
2 27976 060.7832 279.8895 3669442 090.9649 310.3762 06.37621810248862
0 SL-12 DEB
1 27976U 88085W   14241.20829379 -.00005734  00000-0 -37308+0 0  9993
2 27976 060.7819 279.4902 3666912 091.0157 310.3079 06.37627673248906
0 SL-12 DEB
1 27976U 88085W   14241.20838495  .00001805  00000-0  10000-3 0  9999
2 27976 060.7821 279.3439 3692655 091.2419 310.4352 06.37645916244810
0 SL-12 DEB
1 27976U 88085W   14241.67875782 -.00004572  00000-0 -29712+0 0  9992
2 27976 060.7810 279.1803 3667297 091.0679 310.2696 06.37629571248936
0 SL-12 DEB
1 27976U 88085W   14242.30604040 -.00003932  00000-0 -25708+0 0  9990
2 27976 060.7801 278.7789 3665560 091.1195 310.2088 06.37621654248972
0 SL-12 DEB
1 27976U 88085W   14243.56061090 -.00003597  00000-0 -23877+0 0  9993
2 27976 060.7792 277.9827 3661119 091.2127 310.0846 06.37624360249054
0 SL-12 DEB
1 27976U 88085W   14244.34471513 -.00002708  00000-0 -17972+0 0  9997
2 27976 060.7794 277.4690 3661268 091.2942 310.0193 06.37646236249106
0 SL-12 DEB
1 27976U 88085W   14245.44245981 -.00001033  00000-0 -69284-1 0  9992
2 27976 060.7788 276.7665 3659339 091.3718 309.9346 06.37648189249174
0 SL-12 DEB
1 27976U 88085W   14245.59928266 -.00003054  00000-0 -20403+0 0  9995
2 27976 060.7775 276.6615 3659423 091.4205 309.8955 06.37636356249189
0 SL-12 DEB
1 27976U 88085W   14246.22656187 -.00002602  00000-0 -17527+0 0  9997
2 27976 060.7765 276.2673 3657291 091.4563 309.8430 06.37614330249227
0 SL-12 DEB
1 27976U 88085W   14247.32431127  .00002431  00000-0  16287+0 0  9994
2 27976 060.7757 275.5512 3657053 091.5645 309.7515 06.37656425249291
0 SL-12 DEB
1 27976U 88085W   14248.26521898 -.00001304  00000-0 -88563-1 0  9991
2 27976 060.7756 274.9487 3655081 091.6599 309.6518 06.37633144249354
0 SL-12 DEB
1 27976U 88085W   14249.20614713 -.00000262  00000-0 -17969-1 0  9999
2 27976 060.7768 274.3540 3653767 091.6675 309.6316 06.37641331249415
0 SL-12 DEB
1 27976U 88085W   14249.51978769  .00001976  00000-0  13367+0 0  9994
2 27976 060.7744 274.1363 3654485 091.7648 309.5593 06.37655528249430
0 SL-12 DEB
1 27976U 88085W   14250.14707271  .00000320  00000-0  21740-1 0  9991
2 27976 060.7773 273.7201 3654170 091.7261 309.5879 06.37638956249477
0 SL-12 DEB
1 27976U 88085W   14250.30389816  .00004045  00000-0  27412+0 0  9998
2 27976 060.7720 273.6310 3654350 091.8850 309.4588 06.37657156249484
0 SL-12 DEB
1 27976U 88085W   14251.24480564 -.00002133  00000-0 -14425+0 0  9992
2 27976 060.7749 273.0145 3654412 091.9783 309.3825 06.37636615249547
0 SL-12 DEB
1 27976U 88085W   14251.55845117  .00003888  00000-0  26403+0 0  9990
2 27976 060.7722 272.8209 3654039 092.0081 309.3539 06.37653794249565
0 SL-12 DEB
1 27976U 88085W   14252.49935025  .00001133  00000-0  77164-1 0  9995
2 27976 060.7768 272.1979 3654913 092.0822 309.3020 06.37657400249626
0 SL-12 DEB
1 27976U 88085W   14253.28343191 -.00000920  00000-0 -61402-1 0  9993
2 27976 060.7762 271.6781 3655537 092.2042 309.2074 06.37665289249671
0 SL-12 DEB
1 27976U 88085W   14254.22434113 -.00000020  00000-0 -67330-3 0  9992
2 27976 060.7747 271.0808 3654672 092.2073 309.1949 06.37655263249739
0 SL-12 DEB
1 27976U 88085W   14254.53797164 -.00002072  00000-0 -13936+0 0  9992
2 27976 060.7742 270.8761 3654981 092.3260 309.0995 06.37659020249758
0 SL-12 DEB
1 27976U 88085W   14255.47884387 -.00004388  00000-0 -29237+0 0  9993
2 27976 060.7849 270.2223 3657822 092.5391 308.9528 06.37794359249819
0 SL-12 DEB
1 27976U 88085W   14258.14465487 -.00009757  00000-0 -64799+0 0  9993
2 27976 060.7808 268.4493 3660352 092.8969 308.6809 06.37662355249985
0 SL-12 DEB
1 27976U 88085W   14258.45826638 -.00007546  00000-0 -50120+0 0  9993
2 27976 060.7811 268.2506 3660227 092.9213 308.6592 06.37670075250008
0 SL-12 DEB
1 27976U 88085W   14258.61509751 -.00007192  00000-0 -47779+0 0  9998
2 27976 060.7834 268.1714 3660316 092.9416 308.6432 06.37651758250018
0 SL-12 DEB
1 27976U 88085W   14259.08556241 -.00012800  00000-0 -85295+0 0  9993
2 27976 060.7965 267.9155 3658910 092.7812 308.7619 06.37724842250040
0 SL-12 DEB
1 27976U 88085W   14266.76995716 -.00013084  00000-0 -85295+0 0  9995
2 27976 060.7653 262.8873 3665952 093.3062 309.8962 06.37679074250536
0 SL-12 DEB
1 27976U 88085W   14266.76995716 -.00013084  00000-0 -85295+0 0  9995
2 27976 060.7653 262.8873 3665952 093.3062 309.8962 06.37679074250536
0 SL-12 DEB
1 27976U 88085W   14269.12136940  .00002078  00000-0  10000-3 0  9999
2 27976 060.7740 261.3619 3665175 093.5432 308.2271 06.37715475246598
0 SL-12 DEB
1 27976U 88085W   14269.12148418 -.00014001  00000-0 -84313+0 0  9997
2 27976 060.7653 261.6055 3690464 093.0520 308.8834 06.37660506250680
0 SL-12 DEB
1 27976U 88085W   14270.06228675 -.00013325  00000-0 -80324+0 0  9992
2 27976 060.7646 260.9659 3690316 093.1680 308.7844 06.37645142250744
0 SL-12 DEB
1 27976U 88085W   14270.37593508 -.00012882  00000-0 -76393+0 0  9994
2 27976 060.7615 260.8109 3695455 093.0863 308.9087 06.37620231250765
0 SL-12 DEB
1 27976U 88085W   14270.53274538 -.00011026  00000-0 -64611+0 0  9990
2 27976 060.7614 260.7275 3699009 092.9798 309.0364 06.37624336250772
0 SL-12 DEB
1 27976U 88085W   14271.15993231 -.00012167  00000-0 -71836+0 0  9991
2 27976 060.7618 260.2907 3696610 093.0875 308.9200 06.37646736250816
0 SL-12 DEB
1 27976U 88085W   14271.31672851  .00000002  00000-0  00000+0 0  9999
2 27976 060.7708 260.1457 3690520 093.2926 308.6816 06.37730266250821
0 SL-12 DEB
1 27976U 88085W   14273.35516182 -.00014116  00000-0 -82107+0 0  9990
2 27976 060.7659 258.8634 3701236 093.3094 308.7846 06.37632863250953
0 SL-12 DEB
1 27976U 88085W   14274.13915587 -.00013245  00000-0 -76815+0 0  9990
2 27976 060.7674 258.3467 3701946 093.4029 308.7140 06.37656224251007
0 SL-12 DEB
1 27976U 88085W   14276.02070300 -.00009966  00000-0 -56717+0 0  9999
2 27976 060.7682 257.1326 3706879 093.5877 308.6131 06.37732565251124
0 SL-12 DEB
1 27976U 88085W   14277.27496780 -.00007242  00000-0 -41010+0 0  9996
2 27976 060.7575 256.2652 3707870 093.7458 308.4908 06.37769796251201
0 SL-12 DEB
1 27976U 88085W   14277.43176789  .00002178  00000-0  12228+0 0  9998
2 27976 060.7534 256.1538 3711725 093.7816 308.5032 06.37762013251215
0 SL-12 DEB
1 27976U 88085W   14281.03759362  .00010987  00000-0  57276+0 0  9992
2 27976 060.7487 253.8316 3731978 093.8960 308.6269 06.37885584251440
0 SL-12 DEB
1 27976U 88085W   14282.44839846  .00011016  00000-0  56248+0 0  9996
2 27976 060.7416 252.9207 3738269 093.9749 308.6285 06.37842599251534
0 SL-12 DEB
1 27976U 88085W   14284.48602714 -.00000012  00000-0  00000+0 0  9994
2 27976 060.7385 251.5980 3752453 093.7716 308.9541 06.37901028251660
0 SL-12 DEB
1 27976U 88085W   14285.11296137 -.00000011  00000-0  00000+0 0  9992
2 27976 060.7364 251.1576 3753340 094.0220 308.7541 06.38002161251708
0 SL-12 DEB
1 27976U 88085W   14285.42643547 -.00000011  00000-0  00000+0 0  9997
2 27976 060.7365 250.9171 3758133 094.0427 308.7896 06.38019612251725
0 SL-12 DEB
1 27976U 88085W   14286.05332930 -.00000011  00000-0  00000+0 0  9998
2 27976 060.7377 250.4979 3760351 094.0765 308.7859 06.38035643251764
0 SL-12 DEB
1 27976U 88085W   14287.15034349 -.00000012  00000-0  00000+0 0  9994
2 27976 060.7408 249.7742 3767510 093.8741 309.0347 06.38053813251836
0 SL-12 DEB
1 27976U 88085W   14288.09060869 -.00000013  00000-0  00000+0 0  9995
2 27976 060.7328 249.1951 3773024 094.1835 308.8367 06.38118307251893
0 SL-12 DEB
1 27976U 88085W   14289.34419586 -.00000016  00000-0  00000+0 0  9991
2 27976 060.7339 248.3284 3778151 094.1080 308.9571 06.38146490251974
0 SL-12 DEB
1 27976U 88085W   14291.06777845 -.00000019  00000-0  00000+0 0  9991
2 27976 060.7308 247.1958 3795076 094.2434 309.0309 06.38107038252083
0 SL-12 DEB
1 27976U 88085W   14291.22448158 -.00000019  00000-0  00000+0 0  9991
2 27976 060.7306 247.0684 3792135 094.1987 309.0359 06.38246776252090
0 SL-12 DEB
1 27976U 88085W   14292.16450945 -.00001262  00000-0 -51895-1 0  9994
2 27976 060.7297 246.4406 3791335 094.2859 308.9538 06.38253803252157
0 SL-12 DEB
1 27976U 88085W   14294.98443847 -.00000014  00000-0  00000+0 0  9992
2 27976 060.7314 244.5953 3823652 094.3420 309.2630 06.38345543252336
0 SL-12 DEB
1 27976U 88085W   14295.29768422 -.00000013  00000-0  00000+0 0  9995
2 27976 060.7236 244.3750 3813862 094.3367 309.1592 06.38381451252350
0 SL-12 DEB
1 27976U 88085W   14296.08094052 -.00000010  00000-0  00000+0 0  9991
2 27976 060.7284 243.8457 3827282 094.3133 309.3267 06.38417798252404
0 SL-12 DEB
1 27976U 88085W   14296.39416581 -.00000009  00000-0  00000+0 0  9998
2 27976 060.7252 243.6393 3818890 094.3329 309.2175 06.38336036252422
0 SL-12 DEB
1 27976U 88085W   14297.02077776  .00018997  00000-0  67256+0 0  9998
2 27976 060.7249 243.2129 3833966 094.3217 309.3932 06.38419169252463
0 SL-12 DEB
1 27976U 88085W   14299.99659618  .00019010  00000-0  61670+0 0  9998
2 27976 060.7217 241.2163 3855556 094.3820 309.5815 06.38520518252657
0 SL-12 DEB
1 27976U 88085W   14301.40598679 -.00000002  00000-0  00000+0 0  9999
2 27976 060.7129 240.2686 3857157 094.6131 309.4068 06.38607012252749
0 SL-12 DEB
1 27976U 88085W   14302.03240941  .00022281  00000-0  68200+0 0  9993
2 27976 060.7214 239.8444 3869735 094.4660 309.6686 06.38581603252789
0 SL-12 DEB
1 27976U 88085W   14302.97197382 -.00000007  00000-0  00000+0 0  9993
2 27976 060.7078 239.2173 3877129 094.7110 309.5461 06.38610064252840
0 SL-12 DEB
1 27976U 88085W   14303.91131221  .00016527  00000-0  55256+0 0  9994
2 27976 060.7228 238.5484 3846923 094.5210 309.3707 06.38675344252901
0 SL-12 DEB
1 27976U 88085W   14306.10346793  .00020398  00000-0  54934+0 0  9993
2 27976 060.7195 237.0880 3900034 094.5601 309.9231 06.38741960253048
0 SL-12 DEB
1 27976U 88085W   14307.19933653  .00032751  00000-0  85214+0 0  9991
2 27976 060.7205 236.3383 3907525 094.6085 309.9646 06.38837204253114
0 SL-12 DEB
1 27976U 88085W   14307.35595550  .00039917  00000-0  97989+0 0  9992
2 27976 060.7202 236.2345 3921528 094.5915 310.1330 06.38791843253121
0 SL-12 DEB
1 27976U 88085W   14307.98215846  .00040886  00000-0  96099+0 0  9996
2 27976 060.7196 235.8062 3931461 094.6197 310.2187 06.38813861253164
0 SL-12 DEB
1 27976U 88085W   14309.07787864 -.00000013  00000-0  00000+0 0  9998
2 27976 060.7208 235.0510 3935154 094.6786 310.2101 06.38955399253232
0 SL-12 DEB
1 27976U 88085W   14309.86053503  .00035564  00000-0  77773+0 0  9990
2 27976 060.7220 234.5115 3947329 094.7750 310.2645 06.38899445253287
0 SL-12 DEB
1 27976U 88085W   14310.17355009  .00040988  00000-0  89857+0 0  9994
2 27976 060.7230 234.2968 3946646 094.7885 310.2458 06.38914438253306
0 SL-12 DEB
1 27976U 88085W   14311.11263270  .00026928  00000-0  58359+0 0  9998
2 27976 060.7203 233.6621 3948524 094.7810 310.2730 06.39020032253368
0 SL-12 DEB
1 27976U 88085W   14312.05158753 -.00000008  00000-0  00000+0 0  9993
2 27976 060.7263 232.9888 3961658 094.6915 310.4925 06.39035180253424
0 SL-12 DEB
1 27976U 88085W   14312.36445799 -.00000007  00000-0  00000+0 0  9995
2 27976 060.7222 232.7588 3951937 094.8069 310.2900 06.38995170253441
0 SL-12 DEB
1 27976U 88085W   14313.14678433  .00034636  00000-0  83968+0 0  9993
2 27976 060.7107 232.2950 3922382 094.7139 310.0416 06.39081226253494
0 SL-12 DEB
1 27976U 88085W   14321.12354432 -.00000006  00000-0  00000+0 0  9991
2 27976 060.7264 226.6992 4025853 095.3722 310.6439 06.39729049253992
0 SL-12 DEB
1 27976U 88085W   14322.21750405  .00040887  00000-0  70565+0 0  9995
2 27976 060.7137 226.0005 3992793 095.3619 310.2867 06.39807941254068
0 SL-12 DEB
1 27976U 88085W   14323.15536192  .00063906  00000-0  93552+0 0  9992
2 27976 060.7242 225.2926 4026240 095.5435 310.5070 06.39889671254128
0 SL-12 DEB
1 27976U 88085W   14324.09306643  .00037473  00000-0  50662+0 0  9997
2 27976 060.7289 224.6292 4040777 095.4452 310.7483 06.40012672254184
0 SL-12 DEB
1 27976U 88085W   14325.81166689  .00034404  00000-0  41992+0 0  9999
2 27976 060.7365 223.3475 4059498 095.8254 310.6410 06.40195948254291
0 SL-12 DEB
1 27976U 88085W   14327.21730898 -.00007754  00000-0 -98285-1 0  9993
2 27976 060.7363 222.3451 4051344 096.2027 310.2363 06.40352868254386
0 SL-12 DEB
1 27976U 88085W   14330.02778733  .00042674  00000-0  62178+0 0  9994
2 27976 060.7136 220.5562 4022306 096.0425 310.0473 06.40520539254565
0 SL-12 DEB
1 27976U 88085W   14335.02179280  .00036918  00000-0  47169+0 0  9998
2 27976 060.7084 217.0064 4045786 096.8010 309.2992 06.40916695254894
0 SL-12 DEB
1 27976U 88085W   14340.16902289  .00019752  00000-0  23590+0 0  9991
2 27976 060.7138 213.3137 4057241 097.4780 308.4111 06.41198069255224
0 SL-12 DEB
1 27976U 88085W   14344.69128555  .00037455  00000-0  43200+0 0  9999
2 27976 060.7134 210.0880 4062637 098.1198 308.4016 06.41330184255517
0 SL-12 DEB
1 27976U 88085W   14350.14679810  .00033643  00000-0  38685+0 0  9997
2 27976 060.7141 206.1668 4062283 098.8509 305.4663 06.41480478255860
0 SL-12 DEB
1 27976U 88085W   14352.79778898  .00014094  00000-0  16247+0 0  9995
2 27976 060.7298 204.2880 4061637 099.2255 307.8022 06.41551609247347
0 SL-12 DEB
1 27976U 88085W   14357.93878701  .00013957  00000-0  16142+0 0  9991
2 27976 060.7248 200.5640 4060200 099.9482 302.6613 06.41692545256354
0 SL-12 DEB
1 27976U 88085W   14361.05712977  .00000046  00000-0  72992-3 0  9995
2 27976 060.7502 198.2917 4056678 100.3615 306.7167 06.41753133256558
0 SL-12 DEB
1 27976U 88085W   14361.36877230  .00008974  00000-0  10518+0 0  9993
2 27976 060.7538 198.0794 4057312 100.3918 306.6971 06.41776354256574
0 SL-12 DEB
1 27976U 88085W   14361.83619147  .00008646  00000-0  10195+0 0  9993
2 27976 060.7505 197.7200 4056228 100.4444 306.6378 06.41768956256600
0 SL-12 DEB
1 27976U 88085W   14364.01746732  .00015670  00000-0  18571+0 0  9998
2 27976 060.7690 196.1582 4054684 100.7574 306.3411 06.41814950256748
0 SL-12 DEB
1 27976U 88085W   14364.48486386  .00011693  00000-0  13907+0 0  9994
2 27976 060.7639 195.8110 4054066 100.8037 306.2926 06.41825122256779
0 SL-12 DEB
1 27976U 88085W   15001.35442201 -.00000016  00000-0  00000+0 0  9995
2 27976 060.7640 194.4217 4051064 100.9989 306.0829 06.41831958256893
0 SL-12 DEB
1 27976U 88085W   15004.62584281  .00007594  00000-0  99789-1 0  9994
2 27976 060.8204 191.7294 4034561 101.6244 305.3266 06.41887701257109
0 SL-12 DEB
1 27976U 88085W   15004.78172285  .00009838  00000-0  12202+0 0  9994
2 27976 060.7834 191.8473 4045680 101.5255 305.5460 06.41885865257110
0 SL-12 DEB
1 27976U 88085W   15004.78175582  .00006189  00000-0  75466-1 0  9996
2 27976 060.7759 191.9787 4048742 101.5500 305.5896 06.41880967240775
0 SL-12 DEB
1 27976U 88085W   15005.40489449  .00005907  00000-0  72521-1 0  9992
2 27976 060.7731 191.5120 4047395 101.5758 305.5505 06.41887077240811
0 SL-12 DEB
1 27976U 88085W   15005.56064997  .00006982  00000-0  86586-1 0  9996
2 27976 060.7779 191.3270 4045874 101.6026 305.4785 06.41888200257160
0 SL-12 DEB
1 27976U 88085W   15007.27425324  .00005811  00000-0  72050-1 0  9992
2 27976 060.7766 190.1642 4045348 101.7761 305.3447 06.41908151240938
0 SL-12 DEB
1 27976U 88085W   15007.42996537  .00007186  00000-0  91755-1 0  9998
2 27976 060.7985 189.9099 4040023 101.8836 305.1551 06.41911865257288
0 SL-12 DEB
1 27976U 88085W   15008.52032211  .00021313  00000-0  28061+0 0  9996
2 27976 060.7998 189.0023 4033512 102.1548 304.8315 06.41914441257354
0 SL-12 DEB
1 27976U 88085W   15008.67612905 -.00011646  00000-0 -15351+0 0  9994
2 27976 060.8178 188.9373 4033418 102.0774 304.9011 06.41912272257361
0 SL-12 DEB
1 27976U 88085W   15008.67612905 -.00011646  00000-0 -15351+0 0  9994
2 27976 060.8178 188.9373 4033418 102.0774 304.9011 06.41912272257372
0 SL-12 DEB
1 27976U 88085W   15008.67612905 -.00011646  00000-0 -15351+0 0  9994
2 27976 060.8178 188.9373 4033418 102.0774 304.9011 06.41912272257361
0 SL-12 DEB
1 27976U 88085W   15012.41501151  .00007954  00000-0  10528+0 0  9997
2 27976 060.7936 186.3071 4032688 102.2903 305.4100 06.41949142257612
0 SL-12 DEB
1 27976U 88085W   15020.82523760 -.00008797  00000-0 -12165+0 0  9998
2 27976 060.8270 180.2238 4023425 103.3001 302.2036 06.41969530258158
0 SL-12 DEB
1 27976U 88085W   15021.29688243  .00016953  00000-0  23696+0 0  9990
2 27976 060.8218 179.8849 4021248 103.3591 312.2602 06.41991983258187
0 SL-12 DEB
1 27976U 88085W   15024.87518434  .00009218  00000-0  13191+0 0  9996
2 27976 060.8466 177.3033 4016765 103.8460 302.3219 06.41997459258412
0 SL-12 DEB
1 27976U 88085W   15034.68782020  .00002300  00000-0  34480-1 0  9991
2 27976 060.8546 170.2953 4008228 105.1468 301.7295 06.42032269259038
0 SL-12 DEB
1 27976U 88085W   15034.68782020  .00002300  00000-0  34480-1 0  9991
2 27976 060.8546 170.2953 4008228 105.1468 301.7295 06.42032269259038
0 SL-12 DEB
1 27976U 88085W   15038.73717545 -.00018003  00000-0 -27270+0 0  9997
2 27976 060.8489 167.4248 4004984 105.6854 301.1249 06.42025054259293
0 SL-12 DEB
1 27976U 88085W   15050.57564888 -.00013433  00000-0  00000+0 0  9996
2 27976 060.8525 159.0642 3990921 107.4961 299.2513 06.41784753260078
0 SL-12 DEB
1 27976U 88085W   15055.56596287 -.00005553  00000-0 -10557+0 0  9991
2 27976 060.8411 155.6528 3959048 107.9041 307.3390 06.41627705260387
0 SL-12 DEB
1 27976U 88085W   15064.75766615 -.00004666  00000-0 -10557+0 0  9990
2 27976 060.8151 149.3308 3921285 108.9253 295.1035 06.41438443260976
0 SL-12 DEB
1 27976U 88085W   15071.77362188 -.00003439  00000-0  10000-3 0  9990
2 27976 060.8410 144.4951 3910553 110.6267 295.0727 06.41384017261431
0 SL-12 DEB
1 27976U 88085W   15071.77388385 -.00004077  00000-0 -10557+0 0  9990
2 27976 060.8283 144.4858 3889945 109.6518 296.0619 06.41390434261422
0 SL-12 DEB
1 27976U 88085W   15075.51534869 -.00000354  00000-0  10000-3 0  9996
2 27976 060.8381 141.9518 3888764 110.3905 295.0508 06.41392550261666
0 SL-12 DEB
1 27976U 88085W   15080.66068735 -.00003529  00000-0 -10557+0 0  9993
2 27976 060.8135 138.4624 3854567 110.4989 295.9273 06.41397618261993
0 SL-12 DEB
1 27976U 88085W   15088.29948983 -.00003253  00000-0 -10557+0 0  9996
2 27976 060.8014 133.3109 3833925 111.2039 294.5583 06.41406028262481
0 SL-12 DEB
1 27976U 88085W   15098.12038897  .00000563  00000-0  10000-3 0  9999
2 27976 060.7899 126.6893 3813037 112.1909 292.2122 06.41426337263114
0 SL-12 DEB
1 27976U 88085W   15107.16155084  .00003560  00000-0  10000-3 0  9992
2 27976 060.7657 120.6331 3798064 112.8876 291.2692 06.41537219263695
0 SL-12 DEB
1 27976U 88085W   15112.15426661 -.00002808  00000-0 -10557+0 0  9998
2 27976 060.7302 117.2051 3794553 113.1886 302.2087 06.41530958264018
0 SL-12 DEB
1 27976U 88085W   15120.09884980 -.00002772  00000-0 -10557+0 0  9992
2 27976 060.7072 111.8815 3790980 113.8533 290.8546 06.41541391264527
0 SL-12 DEB
1 27976U 88085W   15120.09884980 -.00002775  00000-0 -10557+0 0  9995
2 27976 060.7091 111.8953 3791227 113.8413 290.8725 06.41549915264522
0 SL-12 DEB
1 27976U 88085W   15121.34540493  .00000427  00000-0  16691-1 0  9999
2 27976 060.6964 111.0901 3793648 114.0669 289.8811 06.41554248264596
0 SL-12 DEB
1 27976U 88085W   15122.12470928 -.00007252  00000-0 -27484+0 0  9996
2 27976 060.7002 110.5518 3793251 114.1932 289.7360 06.41541911264649
0 SL-12 DEB
1 27976U 88085W   15122.43641818  .00005132  00000-0  19482+0 0  9990
2 27976 060.6956 110.3379 3793651 114.2529 289.6748 06.41562160264666
0 SL-12 DEB
1 27976U 88085W   15123.37161537 -.00010712  00000-0 -40357+0 0  9996
2 27976 060.6967 109.7187 3795081 114.3321 289.6047 06.41539545264727
0 SL-12 DEB
1 27976U 88085W   15123.52746796 -.00006450  00000-0 -24504+0 0  9999
2 27976 060.6893 109.5683 3792460 114.3055 289.6014 06.41548551264738
0 SL-12 DEB
1 27976U 88085W   15124.15096769  .00001542  00000-0  59138-1 0  9995
2 27976 060.6930 109.1790 3792745 114.2016 289.7204 06.41559582264779
0 SL-12 DEB
1 27976U 88085W   15125.24200019  .00000775  00000-0  29918-1 0  9991
2 27976 060.6899 108.4461 3793512 114.3239 289.5942 06.41560258264848
0 SL-12 DEB
1 27976U 88085W   15127.11232804 -.00003582  00000-0 -13467+0 0  9997
2 27976 060.6851 107.1856 3794644 114.5442 289.3630 06.41557289264960
0 SL-12 DEB
1 27976U 88085W   15127.26817960  .00002195  00000-0  83360-1 0  9993
2 27976 060.6821 107.0794 3794509 114.5754 289.3265 06.41566047264970
0 SL-12 DEB
1 27976U 88085W   15128.04749433  .00010786  00000-0  40634+0 0  9999
2 27976 060.6735 106.5539 3795068 114.6151 289.2892 06.41577452265022
0 SL-12 DEB
1 27976U 88085W   15128.35924964  .00001169  00000-0  44575-1 0  9992
2 27976 060.6839 106.3465 3794911 114.5226 289.3904 06.41567928265045
0 SL-12 DEB
1 27976U 88085W   15129.13851676  .00008483  00000-0  31804+0 0  9993
2 27976 060.6695 105.8296 3796486 114.7201 289.1897 06.41578812265093
0 SL-12 DEB
1 27976U 88085W   15129.45027449  .00003036  00000-0  11447+0 0  9991
2 27976 060.6823 105.6186 3795948 114.6216 289.2929 06.41571843265116
0 SL-12 DEB
1 27976U 88085W   15130.38542896  .00001644  00000-0  61960-1 0  9993
2 27976 060.6762 104.9751 3797108 114.7230 289.1942 06.41573248265176
0 SL-12 DEB
1 27976U 88085W   15131.00886505 -.00001477  00000-0 -54511-1 0  9991
2 27976 060.6760 104.5520 3797932 114.7938 289.1254 06.41570239265212
0 SL-12 DEB
1 27976U 88085W   15131.32057174  .00010125  00000-0  37643+0 0  9991
2 27976 060.6767 104.3430 3798525 114.8349 289.0868 06.41589417265233
0 SL-12 DEB
1 27976U 88085W   15132.09986942 -.00002065  00000-0 -76108-1 0  9997
2 27976 060.6730 103.8144 3798983 114.9157 289.0020 06.41571688265281
0 SL-12 DEB
1 27976U 88085W   15133.34671579  .00003574  00000-0  13198+0 0  9995
2 27976 060.6682 102.9678 3801184 115.1036 288.8187 06.41583337265360
0 SL-12 DEB
1 27976U 88085W   15133.81432431  .00001927  00000-0  71263-1 0  9998
2 27976 060.6683 102.6680 3801757 115.0381 288.8995 06.41582412265392
0 SL-12 DEB
1 27976U 88085W   15133.97018462  .00008879  00000-0  32717+0 0  9991
2 27976 060.6618 102.5779 3800936 115.0265 288.9022 06.41592058265408
0 SL-12 DEB
1 27976U 88085W   15134.43777003 -.00000487  00000-0 -17378-1 0  9993
2 27976 060.6579 102.2652 3801421 115.0422 288.8906 06.41579509265435
0 SL-12 DEB
1 27976U 88085W   15135.21705004  .00006543  00000-0  23986+0 0  9999
2 27976 060.6564 101.7300 3802518 115.1184 288.8188 06.41591466265480
0 SL-12 DEB
1 27976U 88085W   15136.15220376  .00001213  00000-0  44624-1 0  9990
2 27976 060.6647 101.0800 3804108 115.1640 288.7875 06.41587439265548
0 SL-12 DEB
1 27976U 88085W   15137.39904988  .00006520  00000-0  23579+0 0  9995
2 27976 060.6607 100.2390 3806046 115.2855 288.6751 06.41596759265627
0 SL-12 DEB
1 27976U 88085W   15138.02248112  .00003823  00000-0  13747+0 0  9995
2 27976 060.6589 099.8221 3807995 115.3366 288.6420 06.41594232265665
0 SL-12 DEB
1 27976U 88085W   15138.80175702  .00010167  00000-0  36257+0 0  9995
2 27976 060.6542 099.2977 3809389 115.4086 288.5783 06.41603283265719
0 SL-12 DEB
1 27976U 88085W   15139.11348040  .00007159  00000-0  25529+0 0  9994
2 27976 060.6502 099.0979 3809656 115.4010 288.5902 06.41599026265733
0 SL-12 DEB
1 27976U 88085W   15139.42518913  .00003843  00000-0  13727+0 0  9999
2 27976 060.6499 098.8866 3809774 115.4350 288.5532 06.41594438265751
0 SL-12 DEB
1 27976U 88085W   15140.04861826  .00004893  00000-0  17374+0 0  9991
2 27976 060.6488 098.4726 3811075 115.4685 288.5318 06.41597371265805
0 SL-12 DEB
1 27976U 88085W   15141.13961141  .00002283  00000-0  80487-1 0  9991
2 27976 060.6471 097.7336 3813870 115.5880 288.4318 06.41591668265878
0 SL-12 DEB
1 27976U 88085W   15147.21769132  .00002366  00000-0  80487-1 0  9994
2 27976 060.6292 093.5826 3823220 116.0630 286.9546 06.41572231266261
0 SL-12 DEB
1 27976U 88085W   15155.78996260  .00002589  00000-0  80487-1 0  9996
2 27976 060.5972 087.6885 3846323 116.7794 285.0534 06.41519593266811
0 SL-12 DEB
1 27976U 88085W   15162.96076297  .00002859  00000-0  80487-1 0  9993
2 27976 060.5872 082.7911 3870772 117.5355 285.6558 06.41519869267272
0 SL-12 DEB
1 27976U 88085W   15168.10484734  .00003043  00000-0  80487-1 0  9990
2 27976 060.5740 079.2786 3885638 118.2243 285.8526 06.41540371267604
0 SL-12 DEB
1 27976U 88085W   15176.05367471  .00004769  00000-0  11370+0 0  9990
2 27976 060.5612 073.7506 3909065 119.2318 285.4085 06.41639078268112
0 SL-12 DEB
1 27976U 88085W   15176.20951717  .00010282  00000-0  24405+0 0  9999
2 27976 060.5574 073.6462 3909524 119.2500 285.3927 06.41647961268127
0 SL-12 DEB
1 27976U 88085W   15177.14454505  .00012095  00000-0  28384+0 0  9990
2 27976 060.5548 072.9948 3911954 119.3830 285.2651 06.41667079268187
0 SL-12 DEB
1 27976U 88085W   15177.76789313  .00004256  00000-0  99660-1 0  9993
2 27976 060.5548 072.5598 3913139 119.4552 285.1941 06.41665874268220
0 SL-12 DEB
1 27976U 88085W   15178.07955880  .00006084  00000-0  14194+0 0  9990
2 27976 060.5554 072.3419 3913677 119.4948 285.1535 06.41673534268246
0 SL-12 DEB
1 27976U 88085W   15180.10532412  .00006395  00000-0  14596+0 0  9990
2 27976 060.5577 070.9236 3918437 119.7754 284.8783 06.41710004268378
0 SL-12 DEB
1 27976U 88085W   15180.72861101  .00008850  00000-0  20059+0 0  9997
2 27976 060.5583 070.4869 3919751 119.8670 284.7851 06.41723114268416
0 SL-12 DEB
1 27976U 88085W   15182.75420552  .00005033  00000-0  11205+0 0  9996
2 27976 060.5568 069.0662 3924008 120.1619 284.4843 06.41754889268548
0 SL-12 DEB
1 27976U 88085W   15183.06582731  .00008578  00000-0  19028+0 0  9997
2 27976 060.5554 068.8542 3924402 120.1953 284.4491 06.41766559268564
0 SL-12 DEB
1 27976U 88085W   15184.77969063  .00006706  00000-0  14652+0 0  9992
2 27976 060.5565 067.6491 3927791 120.4432 284.1926 06.41796936268679
0 SL-12 DEB
1 27976U 88085W   15187.11663852  .00005973  00000-0  12848+0 0  9990
2 27976 060.5582 066.0094 3931089 120.7636 283.8457 06.41839024268822
0 SL-12 DEB
1 27976U 88085W   15188.05137398  .00006386  00000-0  13633+0 0  9997
2 27976 060.5594 065.3519 3932661 120.8928 283.7084 06.41856316268885
0 SL-12 DEB
1 27976U 88085W   15188.98607689  .00006768  00000-0  14344+0 0  9998
2 27976 060.5611 064.6918 3934146 121.0432 283.5437 06.41873677268949
0 SL-12 DEB
1 27976U 88085W   15190.07653596  .00005736  00000-0  12100+0 0  9991
2 27976 060.5625 063.9254 3935169 121.1994 283.3657 06.41891726269015
0 SL-12 DEB
1 27976U 88085W   15191.01118182  .00008372  00000-0  17541+0 0  9996
2 27976 060.5648 063.2631 3936337 121.3596 283.1842 06.41910474269072
0 SL-12 DEB
1 27976U 88085W   15191.63427874  .00007412  00000-0  15547+0 0  9993
2 27976 060.5626 062.8348 3936079 121.4240 283.1017 06.41919283269114
0 SL-12 DEB
1 27976U 88085W   15193.65925291  .00005454  00000-0  11350+0 0  9995
2 27976 060.5661 061.4064 3937873 121.7311 282.7464 06.41947485269248
0 SL-12 DEB
1 27976U 88085W   15194.74958198  .00005570  00000-0  11551+0 0  9990
2 27976 060.5669 060.6400 3938493 121.8918 282.5557 06.41965236269317
0 SL-12 DEB
1 27976U 88085W   15196.61866449  .00005680  00000-0  11753+0 0  9991
2 27976 060.5673 059.3299 3938814 122.1456 282.2452 06.41989064269430
0 SL-12 DEB
1 27976U 88085W   15198.79916633  .00004942  00000-0  10181+0 0  9997
2 27976 060.5691 057.7921 3939743 122.4719 281.8509 06.42014679269576
0 SL-12 DEB
1 27976U 88085W   15200.82384890  .00003991  00000-0  81935-1 0  9999
2 27976 060.5716 056.3649 3940545 122.7805 281.4752 06.42032990269704
0 SL-12 DEB
1 27976U 88085W   15203.15995527  .00004233  00000-0  86541-1 0  9991
2 27976 060.5765 054.7187 3941324 123.1285 281.0477 06.42052904269853
0 SL-12 DEB
1 27976U 88085W   15203.78290733  .00002771  00000-0  56723-1 0  9991
2 27976 060.5798 054.2774 3941435 123.2209 280.9326 06.42054422269898
0 SL-12 DEB
1 27976U 88085W   15204.56158747  .00004619  00000-0  94298-1 0  9998
2 27976 060.5811 053.7317 3941467 123.3366 280.7869 06.42063787269941
0 SL-12 DEB
1 27976U 88085W   15206.11892039  .00003431  00000-0  69905-1 0  9998
2 27976 060.5851 052.6309 3942086 123.5939 280.4690 06.42073939270042
0 SL-12 DEB
1 27976U 88085W   15207.98769903  .00001514  00000-0  30953-1 0  9998
2 27976 060.5893 051.3190 3942494 123.8657 280.1286 06.42081897270168
0 SL-12 DEB
1 27976U 88085W   15208.76633207  .00003983  00000-0  80963-1 0  9990
2 27976 060.5929 050.7627 3942367 123.9873 279.9720 06.42094843270216
0 SL-12 DEB
1 27976U 88085W   15212.81513886  .00003524  00000-0  71091-1 0  9994
2 27976 060.5999 047.8985 3943916 124.6281 279.1702 06.42125033270464
0 SL-12 DEB
1 27976U 88085W   15212.97083629  .00004106  00000-0  82861-1 0  9992
2 27976 060.5947 047.7784 3943714 124.7025 279.0717 06.42127099270476
0 SL-12 DEB
1 27976U 88085W   15214.06087153  .00004792  00000-0  96323-1 0  9999
2 27976 060.6138 047.0024 3944412 124.8554 278.8834 06.42135984270540
0 SL-12 DEB
1 27976U 88085W   15214.52802355  .00004255  00000-0  85762-1 0  9998
2 27976 060.6055 046.6859 3943854 124.9173 278.7961 06.42139921270574
0 SL-12 DEB
1 27976U 88085W   15221.84634018  .00004255  00000-0  85762-1 0  9990
2 27976 060.6055 041.5411 3943440 125.9845 277.4028 06.42203941271058
0 SL-12 DEB
1 27976U 88085W   15222.00200423  .00003144  00000-0  63402-1 0  9991
2 27976 060.6634 041.3644 3943656 126.1775 277.1484 06.42196889271056
0 SL-12 DEB
1 27976U 88085W   15229.00838368  .00003112  00000-0  63402-1 0  9998
2 27976 060.7039 036.3652 3941074 127.3659 275.7869 06.42241216271501
0 SL-12 DEB
1 27976U 88085W   15233.99018258  .00001866  00000-0  38707-1 0  9993
2 27976 060.7280 032.8436 3937580 128.3052 274.2244 06.42274642271820
0 SL-12 DEB
1 27976U 88085W   15234.45723578  .00039542  00000-0  81141+0 0  9993
2 27976 060.7456 032.5144 3937480 128.3718 274.1327 06.42292823271851
0 SL-12 DEB
1 27976U 88085W   15234.92429925  .00035784  00000-0  73683+0 0  9990
2 27976 060.7431 032.1884 3936798 128.4068 274.0764 06.42290961271889
0 SL-12 DEB
1 27976U 88085W   15234.92429925 +.00035784 +00000-0 +73683+0 0  9990
2 27976 060.7431 032.1884 3936798 128.4068 274.0764 06.42290961049680
0 SL-12 DEB
1 27976U 88085W   15235.54702628  .00000959  00000-0  20142-1 0  9993
2 27976 060.7458 031.7446 3936356 128.5057 273.9362 06.42277730271922
0 SL-12 DEB
1 27976U 88085W   15235.85837909  .00036778  00000-0  75905+0 0  9991
2 27976 060.7436 031.5284 3936298 128.5806 273.8333 06.42285350271949
0 SL-12 DEB
1 27976U 88085W   15235.85837909 +.00036778 +00000-0 +75905+0 0  9991
2 27976 060.7436 031.5284 3936298 128.5806 273.8333 06.42285350049740
0 SL-12 DEB
1 27976U 88085W   15236.79247021 +.00005532 +00000-0 +11559+0 0  9994
2 27976 060.7566 030.8759 3934583 128.6930 273.6581 06.42290128272006
0 SL-12 DEB
1 27976U 88085W   15236.94816621  .00021208  00000-0  44163+0 0  9994
2 27976 060.7535 030.7659 3934635 128.6887 273.6647 06.42286798272011
0 SL-12 DEB
1 27976U 88085W   15237.88224064  .00012036  00000-0  25107+0 0  9998
2 27976 060.7617 030.0996 3934414 128.8347 273.4623 06.42302213272076
0 SL-12 DEB
1 27976U 88085W   15238.81630657  .00007031  00000-0  14724+0 0  9993
2 27976 060.7677 029.4402 3933847 128.9946 273.2360 06.42300628272132
0 SL-12 DEB
1 27976U 88085W   15240.84008367 +.00004358 +00000-0 +92025-1 0  9997
2 27976 060.7764 028.0081 3932260 129.3702 272.6994 06.42306550050062
0 SL-12 DEB
1 27976U 88085W   15240.84008367  .00004358  00000-0  92025-1 0  9997
2 27976 060.7764 028.0081 3932260 129.3702 272.6994 06.42306550272260
0 SL-12 DEB
1 27976U 88085W   15241.77415181 -.00004133 +00000-0 -87330-1 0  9992
2 27976 060.7817 027.3536 3930826 129.4771 272.5338 06.42295723050128
0 SL-12 DEB
1 27976U 88085W   15241.77415181 -.00004133  00000-0 -87330-1 0  9992
2 27976 060.7817 027.3536 3930826 129.4771 272.5338 06.42295723272326
0 SL-12 DEB
1 27976U 88085W   15242.39686588  .00003283  00000-0  70014-1 0  9996
2 27976 060.7814 026.9245 3930312 129.5393 272.4413 06.42307799272360
0 SL-12 DEB
1 27976U 88085W   15242.86388689 +.00004038 +00000-0 +86152-1 0  9998
2 27976 060.7865 026.5905 3929960 129.6159 272.3309 06.42310745050196
0 SL-12 DEB
1 27976U 88085W   15243.79792806 +.00002755 +00000-0 +59170-1 0  9995
2 27976 060.7955 025.9245 3928888 129.7627 272.1140 06.42311766050257
0 SL-12 DEB
1 27976U 88085W   15243.95360109  .00003094  00000-0  66459-1 0  9995
2 27976  60.7966  25.8147 3928720 129.7871 272.0781  6.42312672272461
0 SL-12 DEB
1 27976U 88085W   15244.57629507  .00003212  00000-0  69148-1 0  9994
2 27976  60.7985  25.3801 3928125 129.8829 271.9377  6.42313776272507
0 SL-12 DEB
1 27976U 88085W   15244.88763914 +.00005538 +00000-0 +11911+0 0  9995
2 27976 060.7989 025.1627 3927835 129.9315 271.8664 06.42318234050329
0 SL-12 DEB
1 27976U 88085W   15245.82167732 +.00002728 +00000-0 +59012-1 0  9990
2 27976 060.8013 024.5092 3927190 130.0655 271.6719 06.42318649050386
0 SL-12 DEB
1 27976U 88085W   15245.82167732  .00002728  00000-0  59012-1 0  9990
2 27976  60.8013  24.5092 3927190 130.0655 271.6719  6.42318649272584
0 SL-12 DEB
1 27976U 88085W   15246.60003377 +.00003090 +00000-0 +67136-1 0  9990
2 27976 060.8038 023.9665 3926085 130.1881 271.4871 06.42320588050434
0 SL-12 DEB
1 27976U 88085W   15246.60003377  .00003090  00000-0  67136-1 0  9990
2 27976  60.8038  23.9665 3926085 130.1881 271.4871  6.42320588272632
0 SL-12 DEB
1 27976U 88085W   15247.37838897 +.00004256 +00000-0 +92574-1 0  9997
2 27976 060.8053 023.4222 3925473 130.3086 271.3112 06.42324770050483
0 SL-12 DEB
1 27976U 88085W   15248.62375195  .00001516  00000-0  33324-1 0  9997
2 27976  60.8081  22.5496 3924561 130.5040 271.0263  6.42324667272762
0 SL-12 DEB
1 27976U 88085W   15248.93509164 +.00002934 +00000-0 +64236-1 0  9997
2 27976 060.8089 022.3315 3924340 130.5523 270.9559 06.42326963050580
0 SL-12 DEB
1 27976U 88085W   15249.71344894 +.00001232 +00000-0 +27225-1 0  9998
2 27976 060.8121 021.7864 3923820 130.6554 270.8048 06.42326258050631
0 SL-12 DEB
1 27976U 88085W   15250.64744619  .00006691  00000-0  14683+0 0  9997
2 27976  60.8084  21.1309 3923039 130.8407 270.5344  6.42335914272897
0 SL-12 DEB
1 27976U 88085W   15251.58146879  .00010001  00000-0  21960+0 0  9991
2 27976  60.8102  20.4777 3922650 130.9627 270.3578  6.42339495272954
0 SL-12 DEB
1 27976U 88085W   15251.89282861 +.00000552 +00000-0 +12450-1 0  9993
2 27976 060.8202 020.2572 3922332 130.9626 270.3539 06.42329812050775
0 SL-12 DEB
1 27976U 88085W   15251.89282861  .00000552  00000-0  12450-1 0  9993
2 27976  60.8202  20.2572 3922332 130.9626 270.3539  6.42329812272973
0 SL-12 DEB
1 27976U 88085W   15252.35981385  .00004918  00000-0  10838+0 0  9998
2 27976  60.8133  19.9385 3922304 131.0849 270.1810  6.42335193273005
0 SL-12 DEB
1 27976U 88085W   15252.67116963  .00000385  00000-0  88049-2 0  9991
2 27976  60.8219  19.7138 3921769 131.0843 270.1752  6.42331518273026
0 SL-12 DEB
1 27976U 88085W   15253.44949054  .00004597  00000-0  10160+0 0  9997
2 27976  60.8161  19.1784 3921646 131.2503 269.9390  6.42339152273073
0 SL-12 DEB
1 27976U 88085W   15253.60518058 -.00000840  00000-0 -18236-1 0  9994
2 27976  60.8232  19.0643 3921256 131.2240 269.9712  6.42331692273080
0 SL-12 DEB
1 27976U 88085W   15253.91649968 +.00001555 +00000-0 +34633-1 0  9994
2 27976 060.8168 018.8529 3921376 131.3146 269.8445 06.42334837050907
0 SL-12 DEB
1 27976U 88085W   15253.91649968  .00001555  00000-0  34633-1 0  9994
2 27976  60.8168  18.8529 3921376 131.3146 269.8445  6.42334837273106
0 SL-12 DEB
1 27976U 88085W   15254.38352668 -.00000035  00000-0 -46082-3 0  9991
2 27976  60.8255  18.5170 3920852 131.3314 269.8142  6.42332314273132
0 SL-12 DEB
1 27976U 88085W   15254.85053016 -.00001051 +00000-0 -22979-1 0  9994
2 27976 060.8254 018.1927 3920495 131.4035 269.7075 06.42331706050963
0 SL-12 DEB
1 27976U 88085W   15256.40721948 -.00001594  00000-0 -35145-1 0  9994
2 27976  60.8276  17.1078 3919653 131.6267 269.3799  6.42330075273263
0 SL-12 DEB
1 27976U 88085W   15256.71856043 -.00001508 +00000-0 -33267-1 0  9991
2 27976 060.8294 016.8885 3919285 131.6636 269.3227 06.42329512051080
0 SL-12 DEB
1 27976U 88085W   15257.34124287 -.00000426 +00000-0 -91889-2 0  9992
2 27976 060.8304 016.4538 3918994 131.7413 269.2084 06.42329936051128
0 SL-12 DEB
1 27976U 88085W   15258.43093730 -.00000954  00000-0 -20994-1 0  9995
2 27976  60.8309  15.6991 3918561 131.8861 268.9966  6.42327710273393
0 SL-12 DEB
1 27976U 88085W   15258.74227429 -.00001960 +00000-0 -43579-1 0  9995
2 27976 060.8318 015.4804 3918130 131.9361 268.9198 06.42325478051213
0 SL-12 DEB
1 27976U 88085W   15259.36496338 -.00001184 +00000-0 -26190-1 0  9999
2 27976 060.8310 015.0477 3918130 132.0138 268.8087 06.42324002051253
0 SL-12 DEB
1 27976U 88085W   15259.36496338 -.00001184  00000-0 -26190-1 0  9999
2 27976  60.8310  15.0477 3918130 132.0138 268.8087  6.42324002273451
0 SL-12 DEB
1 27976U 88085W   15260.45466414 -.00002387 +00000-0 -53298-1 0  9998
2 27976 060.8313 014.2885 3917525 132.1696 268.5781 06.42317761051327
0 SL-12 DEB
1 27976U 88085W   15260.45466414 -.00002387  00000-0 -53298-1 0  9998
2 27976  60.8313  14.2885 3917525 132.1696 268.5781  6.42317761273525
0 SL-12 DEB
1 27976U 88085W   15261.85571619 -.00003476 +00000-0 -78156-1 0  9997
2 27976 060.8313 013.3135 3916422 132.3696 268.2773 06.42309818051414
0 SL-12 DEB
1 27976U 88085W   15262.78977524 -.00002632 +00000-0 -59096-1 0  9990
2 27976 060.8314 012.6640 3916478 132.4905 268.1041 06.42303776051473
0 SL-12 DEB
1 27976U 88085W   15262.78977524 -.00002632  00000-0 -59096-1 0  9990
2 27976  60.8314  12.6640 3916478 132.4905 268.1041  6.42303776273671
0 SL-12 DEB
1 27976U 88085W   15263.41247803 -.00004230  00000-0 -95522-1 0  9991
2 27976  60.8317  12.2293 3915687 132.5883 267.9534  6.42295860273714
0 SL-12 DEB
1 27976U 88085W   15264.50223709 -.00004899 +00000-0 -11099+0 0  9997
2 27976 060.8322 011.4705 3915165 132.7423 267.7247 06.42282441051581
0 SL-12 DEB
1 27976U 88085W   15264.50223709 -.00004899  00000-0 -11099+0 0  9997
2 27976  60.8322  11.4705 3915165 132.7423 267.7247  6.42282441273789
0 SL-12 DEB
1 27976U 88085W   15265.74770751 -.00005680  00000-0 -12904+0 0  9993
2 27976  60.8321  10.6055 3914743 132.9146 267.4703  6.42264829273865
0 SL-12 DEB
1 27976U 88085W   15266.52614328 -.00006298 +00000-0 -14355+0 0  9995
2 27976 060.8330 010.0633 3914151 133.0285 267.2979 06.42251566051715
0 SL-12 DEB
1 27976U 88085W   15266.52614328 -.00006298  00000-0 -14355+0 0  9995
2 27976  60.8330  10.0633 3914151 133.0285 267.2979  6.42251566273913
0 SL-12 DEB
1 27976U 88085W   15269.79580134 -.00008839  00000-0 -20556+0 0  9997
2 27976  60.8339   7.7969 3910236 133.5102 266.5487  6.42175862274124
0 SL-12 DEB
1 27976U 88085W   15271.50864868 -.00014189  00000-0 -33490+0 0  9994
2 27976  60.8360   6.6064 3907482 133.7778 266.1234  6.42113597274237
0 SL-12 DEB
1 27976U 88085W   15271.82008086 -.00013053  00000-0 -30931+0 0  9997
2 27976  60.8295   6.3981 3906576 133.8434 266.0161  6.42106080274251
0 SL-12 DEB
1 27976U 88085W   15273.68885548 -.00011049  00000-0 -26507+0 0  9996
2 27976  60.8305   5.1015 3904043 134.1147 265.5864  6.42044260274378
0 SL-12 DEB
1 27976U 88085W   15274.62329613 -.00014469  00000-0 -35225+0 0  9993
2 27976  60.8272   4.4571 3901011 134.2750 265.3131  6.42006539274432
0 SL-12 DEB
1 27976U 88085W   15276.49237091 -.00018224  00000-0 -45152+0 0  9991
2 27976  60.8245   3.1632 3897573 134.5669 264.8398  6.41925705274551
0 SL-12 DEB
1 27976U 88085W   15277.73855293 -.00020961  00000-0 -52776+0 0  9990
2 27976  60.8262   2.3019 3894281 134.7657 264.5049  6.41863991274639
0 SL-12 DEB
1 27976U 88085W   15279.29643299 -.00020018  00000-0 -51453+0 0  9998
2 27976  60.8247   1.2269 3889868 135.0228 264.0689  6.41790686274736
0 SL-12 DEB
1 27976U 88085W   15279.76383301 -.00017600 +00000-0 -45482+0 0  9993
2 27976 060.8249 000.9050 3888664 135.1002 263.9389 06.41769811052562
0 SL-12 DEB
1 27976U 88085W   15279.76383301 -.00017600  00000-0 -45482+0 0  9993
2 27976  60.8249   0.9050 3888664 135.1002 263.9389  6.41769811274760
0 SL-12 DEB
1 27976U 88085W   15281.63362652 -.00022868  00000-0 -60450+0 0  9992
2 27976  60.8233 359.6235 3884093 135.3876 263.4543  6.41668321274889
0 SL-12 DEB
1 27976U 88085W   15282.56860246 -.00026665  00000-0 -71978+0 0  9993
2 27976  60.8136 359.0017 3879499 135.5519 263.1525  6.41619741274949
0 SL-12 DEB
1 27976U 88085W   15284.75053662 -.00024904  00000-0 -69454+0 0  9992
2 27976  60.8171 357.4940 3872362 135.8944 262.5518  6.41503728275080
0 SL-12 DEB
1 27976U 88085W   15286.62108646 -.00022785  00000-0 -65580+0 0  9994
2 27976  60.8067 356.2344 3865321 136.2137 261.9855  6.41400665275202
0 SL-12 DEB
1 27976U 88085W   15289.73932096 -.00031576  00000-0 -96120+0 0  9995
2 27976  60.7937 354.1036 3853014 136.6992 261.1023  6.41208853275407
0 SL-12 DEB
1 27976U 88085W   15290.51899854 -.00027114  00000-0 -84713+0 0  9995
2 27976  60.7821 353.5921 3846579 136.8360 260.8171  6.41181491275457
0 SL-12 DEB
1 27976U 88085W   15291.61066502 -.00022388  00000-0 -70976+0 0  9997
2 27976  60.7784 352.8552 3843176 137.0015 260.5247  6.41125107275528
0 SL-12 DEB
1 27976U 88085W   15297.53836378 -.00026006  00000-0 -94960+0 0  9990
2 27976  60.7363 348.8946 3808983 137.8791 258.7749  6.40828327275900
0 SL-12 DEB
1 27976U 88085W   15300.50314390 -.00015410  00000-0 -60723+0 0  9994
2 27976  60.7096 346.9129 3789401 138.3021 257.8928  6.40691461276097
0 SL-12 DEB
1 27976U 88085W   15303.46841612 -.00009604  00000-0 -40983+0 0  9998
2 27976  60.6817 344.9531 3768165 138.8080 256.8619  6.40592886276284
0 SL-12 DEB
1 27976U 88085W   15305.49763121 -.00009581  00000-0 -42945+0 0  9995
2 27976  60.6559 343.6189 3755055 139.0392 256.3507  6.40524586276413
0 SL-12 DEB
1 27976U 88085W   15310.49343385 -.00009368 +00000-0 -47811+0 0  9997
2 27976 060.5527 340.3481 3719347 139.6217 255.0314 06.40362305054530
0 SL-12 DEB
1 27976U 88085W   15310.49343385 -.00009368  00000-0 -47811+0 0  9997
2 27976  60.5527 340.3481 3719347 139.6217 255.0314  6.40362305276738
0 SL-12 DEB
1 27976U 88085W   15313.61642174 -.00005489  00000-0 -30185+0 0  9998
2 27976  60.4600 338.3411 3697501 139.8144 254.4800  6.40307402276939
0 SL-12 DEB
1 27976U 88085W   15321.42537265 -.00005349  00000-0 -35345+0 0  9998
2 27976  60.3246 333.2578 3642845 140.4241 252.9064  6.40150625277444
0 SL-12 DEB
1 27976U 88085W   15321.58171527  .00007494  00000-0  49635+0 0  9998
2 27976  60.2779 333.1915 3643191 140.1654 253.3135  6.40137804277457
0 SL-12 DEB
1 27976U 88085W   15329.39282836 -.00000013  00000-0  00000+0 0  9995
2 27976  60.1549 328.1183 3591706 140.6963 251.9057  6.39977876277955
0 SL-12 DEB
1 27976U 88085W   15329.54925176 -.00004653  00000-0 -36218+0 0  9998
2 27976  60.0934 328.0657 3591796 140.3541 252.4391  6.39959822277964
0 SL-12 DEB
1 27976U 88085W   15331.58047958 -.00003318  00000-0 -26569+0 0  9993
2 27976  60.0670 326.7512 3579397 140.4967 252.0839  6.39927121278097
0 SL-12 DEB
1 27976U 88085W   15332.36178097 -.00002963  00000-0 -23922+0 0  9994
2 27976  60.0552 326.2424 3576362 140.5006 252.0444  6.39916812278140
0 SL-12 DEB
1 27976U 88085W   15334.39317190 -.00008481  00000-0 -71540+0 0  9998
2 27976  60.0286 324.9201 3565319 140.6045 251.7598  6.39867326278271
0 SL-12 DEB
1 27976U 88085W   15337.04977144 -.00000033 +00000-0 +00000-0 0  9992
2 27976 059.9605 323.2104 3547362 140.7186 251.3817 06.39769448056238
0 SL-12 DEB
1 27976U 88085W   15337.04977144 -.00000033  00000-0  00000+0 0  9991
2 27976  59.9605 323.2104 3547362 140.7186 251.3817  6.39769448278447
0 SL-12 DEB
1 27976U 88085W   15340.33179454 -.00007827 +00000-0 -71258+0 0  9997
2 27976 059.9067 321.0890 3539600 140.5412 251.5719 06.39808044056446
0 SL-12 DEB
1 27976U 88085W   15340.33179454 -.00007827  00000-0 -71258+0 0  9997
2 27976  59.9067 321.0890 3539600 140.5412 251.5719  6.39808044278655
0 SL-12 DEB
1 27976U 88085W   15341.42586339 -.00000041  00000-0  00000+0 0  9999
2 27976  59.8901 320.3926 3534976 140.4136 251.7190  6.39777036278725
0 SL-12 DEB
1 27976U 88085W   15342.36366465 -.00005450  00000-0 -50461+0 0  9995
2 27976  59.8421 319.8080 3533026 140.2953 251.8810  6.39792538278786
0 SL-12 DEB
1 27976U 88085W   15346.27086827  .00003510  00000-0  34180+0 0  9993
2 27976  59.7978 317.2532 3521531 140.4117 251.5768  6.39819794279030
0 SL-12 DEB
1 27976U 88085W   15348.30259169 -.00001447  00000-0 -13789+0 0  9991
2 27976  59.7800 315.9270 3517756 140.4740 251.4383  6.39823124279162
0 SL-12 DEB
1 27976U 88085W   15350.02178122 -.00000031  00000-0  00000+0 0  9991
2 27976  59.7377 314.8310 3512496 140.4060 251.4832  6.39546324279270
0 SL-12 DEB
1 27976U 88085W   15358.30375379  .00010037  00000-0  97939+0 0  9996
2 27976  59.6413 309.4252 3515384 140.2083 251.8075  6.40087558279798
0 SL-12 DEB
1 27976U 88085W   15364.23915705  .00010726  00000-0  97939+0 0  9993
2 27976  59.6512 305.4349 3536710 139.0811 251.7614  6.40297944280187
0 SL-12 DEB
1 27976U 88085W   16002.20688952  .00010747  00000-0  97939+0 0  9994
2 27976  59.6512 303.4473 3536276 139.6232 253.8791  6.40441400280371
0 SL-12 DEB
1 27976U 88085W   16026.05584186  .00000003  00000-0  10000-2 0  9998
2 27976  59.4078 287.3051 3663098 141.0367 251.8139  6.42551779281892
0 SL-12 DEB
1 27976U 88085W   16027.14521020 -.00000014 +00000-0 +00000-0 0  9997
2 27976 059.4361 286.5174 3671126 141.1267 252.1227 06.42644029281966
0 SL-12 DEB
1 27976U 88085W   16028.07867955  .00016100  00000-0  89138+0 0  9990
2 27976  59.4375 285.8919 3677676 141.2141 252.0584  6.42790023282027
0 SL-12 DEB
1 27976U 88085W   16028.23416820 -.00000014  00000-0  00000+0 0  9998
2 27976  59.4200 285.7919 3677769 141.3760 251.8036  6.42782376282036
0 SL-12 DEB
1 27976U 88085W   16029.01193895 -.00000014  00000-0  00000+0 0  9999
2 27976  59.4249 285.2424 3681085 141.4591 251.7092  6.42851715282084
0 SL-12 DEB
1 27976U 88085W   16030.10072857 -.00000015  00000-0  00000+0 0  9996
2 27976  59.4440 284.4736 3688859 141.5197 251.7004  6.42954138282157
0 SL-12 DEB
1 27976U 88085W   16031.18928449 -.00000015  00000-0  00000+0 0  9992
2 27976  59.4415 283.7257 3692423 141.6994 251.4549  6.43019499282229
0 SL-12 DEB
1 27976U 88085W   16032.12226346 -.00000015  00000-0  00000+0 0  9994
2 27976  59.4576 283.0694 3696769 141.7746 251.3840  6.43090025282281
0 SL-12 DEB
1 27976U 88085W   16033.05511618  .00008787  00000-0  44112+0 0  9991
2 27976  59.4556 282.4054 3703999 141.9082 251.2520  6.43173879282341
0 SL-12 DEB
1 27976U 88085W   16033.21053162 -.00005298 +00000-0 -26546+0 0  9991
2 27976 059.4620 282.2790 3703345 142.0112 251.0801 06.43208375282350
0 SL-12 DEB
1 27976U 88085W   16035.07596887  .00015303  00000-0  73405+0 0  9995
2 27976  59.4890 280.9540 3715808 142.1333 251.0242  6.43301527282475
0 SL-12 DEB
1 27976U 88085W   16036.16380474  .00018911  00000-0  90000+0 0  9997
2 27976  59.4684 280.2006 3717244 142.4696 250.5005  6.43394470282545
0 SL-12 DEB
1 27976U 88085W   16037.09625149  .00020963  00000-0  97630+0 0  9997
2 27976  59.4832 279.5410 3722925 142.5829 250.3813  6.43451261282605
0 SL-12 DEB
1 27976U 88085W   16038.02859880  .00017849  00000-0  81638+0 0  9992
2 27976  59.4870 278.8826 3727728 142.7027 250.2416  6.43509097282663
0 SL-12 DEB
1 27976U 88085W   16038.96081139  .00007296  00000-0  33194+0 0  9998
2 27976  59.4781 278.2302 3729517 142.9038 249.9365  6.43547195282725
0 SL-12 DEB
1 27976U 88085W   16041.13578490  .00000697  00000-0  31363-1 0  9998
2 27976  59.4890 276.6676 3737344 143.2434 249.4723  6.43669897282865
0 SL-12 DEB
1 27976U 88085W   16041.91247929 +.00000392 +00000-0 +17662-1 0  9992
2 27976 059.4885 276.1217 3740666 143.3640 249.3129 06.43710262060716
0 SL-12 DEB
1 27976U 88085W   16041.91247929  .00000392  00000-0  17662-1 0  9992
2 27976  59.4885 276.1217 3740666 143.3640 249.3129  6.43710262282914
0 SL-12 DEB
1 27976U 88085W   16042.99978077  .00006032  00000-0  25470+0 0  9997
2 27976  59.5105 275.3377 3748987 143.5875 249.0402  6.43746940282984
0 SL-12 DEB
1 27976U 88085W   16043.93171056 -.00021620  00000-0 -91129+0 0  9990
2 27976  59.5162 274.6642 3749177 143.7208 248.8243  6.43756638283041
0 SL-12 DEB
1 27976U 88085W   16045.01890004 -.00002047  00000-0 -82798-1 0  9998
2 27976  59.5045 273.9327 3758172 144.0449 248.3915  6.43768919283113
0 SL-12 DEB
1 27976U 88085W   16045.95078412 -.00002067  00000-0 -82690-1 0  9995
2 27976  59.5093 273.2687 3761204 144.2430 248.0988  6.43771659283178
0 SL-12 DEB
1 27976U 88085W   16046.88267730 -.00005099 +00000-0 -20236+0 0  9995
2 27976 059.5147 272.6023 3764518 144.4112 247.8575 06.43775070061034
0 SL-12 DEB
1 27976U 88085W   16046.88267730 -.00005099  00000-0 -20236+0 0  9995
2 27976  59.5147 272.6023 3764518 144.4112 247.8575  6.43775070283232
0 SL-12 DEB
1 27976U 88085W   16048.12517747 -.00006383  00000-0 -24851+0 0  9994
2 27976  59.5274 271.7032 3769776 144.6717 247.4839  6.43790168283310
0 SL-12 DEB
1 27976U 88085W   16048.90173975 -.00010685 +00000-0 -41242+0 0  9994
2 27976 059.5318 271.1457 3772503 144.8125 247.2800 06.43784470061163
0 SL-12 DEB
1 27976U 88085W   16048.90173975 -.00010685  00000-0 -41242+0 0  9994
2 27976  59.5318 271.1457 3772503 144.8125 247.2800  6.43784470283361
0 SL-12 DEB
1 27976U 88085W   16050.14422107 -.00010475  00000-0 -39690+0 0  9998
2 27976  59.5362 270.2692 3777334 145.0656 246.9115  6.43799926283446
0 SL-12 DEB
1 27976U 88085W   16050.92076672 -.00003386 +00000-0 -12657+0 0  9993
2 27976 059.5430 269.7108 3779965 145.2084 246.7020 06.43803204061291
0 SL-12 DEB
1 27976U 88085W   16050.92076672 -.00003386  00000-0 -12657+0 0  9993
2 27976  59.5430 269.7108 3779965 145.2084 246.7020  6.43803204283499
0 SL-12 DEB
1 27976U 88085W   16051.85261046 -.00002751  00000-0 -10163+0 0  9992
2 27976  59.5435 269.0433 3782842 145.3838 246.4400  6.43806996283551
0 SL-12 DEB
1 27976U 88085W   16052.00793940 -.00019443  00000-0 -71746+0 0  9993
2 27976  59.5574 268.9422 3784847 145.3964 246.4404  6.43785680283569
0 SL-12 DEB
1 27976U 88085W   16052.93976731  .00000548  00000-0  20565-1 0  9995
2 27976  59.5579 268.2802 3787047 145.5843 246.1495  6.43815814283629
0 SL-12 DEB
1 27976U 88085W   16053.09506349  .00003702  00000-0  13541+0 0  9996
2 27976  59.5400 268.1779 3787715 145.6319 246.0769  6.43815239283630
0 SL-12 DEB
1 27976U 88085W   16053.87157352 -.00001504 +00000-0 -53693-1 0  9992
2 27976 059.5353 267.6255 3790493 145.8072 245.8122 06.43817050061485
0 SL-12 DEB
1 27976U 88085W   16053.87157352 -.00001504  00000-0 -53693-1 0  9992
2 27976  59.5353 267.6255 3790493 145.8072 245.8122  6.43817050283683
0 SL-12 DEB
1 27976U 88085W   16055.11399414  .00001257  00000-0  45065-1 0  9995
2 27976  59.5441 266.7279 3795072 146.0646 245.4277  6.43822114283768
0 SL-12 DEB
1 27976U 88085W   16055.89048091 -.00001015 +00000-0 -34997-1 0  9998
2 27976 059.5500 266.1612 3798360 146.2593 245.1339 06.43829016061617
0 SL-12 DEB
1 27976U 88085W   16055.89048091 -.00001015  00000-0 -34997-1 0  9998
2 27976  59.5500 266.1612 3798360 146.2593 245.1339  6.43829016283815
0 SL-12 DEB
1 27976U 88085W   16057.90936523 +.00000702 +00000-0 +24459-1 0  9990
2 27976 059.5731 264.7001 3804745 146.6793 244.4896 06.43838700061744
0 SL-12 DEB
1 27976U 88085W   16057.90936523  .00000702  00000-0  24459-1 0  9990
2 27976  59.5731 264.7001 3804745 146.6793 244.4896  6.43838700283942
0 SL-12 DEB
1 27976U 88085W   16058.84114764  .00001999  00000-0  67871-1 0  9993
2 27976  59.5802 264.0282 3807931 146.8655 244.2064  6.43848121284005
0 SL-12 DEB
1 27976U 88085W   16060.08349958  .00006631  00000-0  21940+0 0  9990
2 27976  59.5838 263.1632 3813085 147.1600 243.7579  6.43854495284088
0 SL-12 DEB
1 27976U 88085W   16060.85996537 +.00002651 +00000-0 +87258-1 0  9990
2 27976 059.5841 262.6114 3815353 147.3265 243.4967 06.43856696061930
0 SL-12 DEB
1 27976U 88085W   16061.17053539  .00001045  00000-0  34536-1 0  9999
2 27976  59.5761 262.3875 3816574 147.4227 243.3444  6.43857119284158
0 SL-12 DEB
1 27976U 88085W   16061.79170283 +.00005041 +00000-0 +16330+0 0  9993
2 27976 059.5723 261.9548 3818614 147.5533 243.1415 06.43871023061997
0 SL-12 DEB
1 27976U 88085W   16062.56815869  .00009204  00000-0  29459+0 0  9996
2 27976  59.5811 261.3979 3821250 147.7243 242.8747  6.43869481284241
0 SL-12 DEB
1 27976U 88085W   16062.87873432 -.00000015 +00000-0 +00000-0 0  9994
2 27976 059.5863 261.1697 3822353 147.7971 242.7609 06.43864593062065
0 SL-12 DEB
1 27976U 88085W   16063.03402129 -.00000015  00000-0  00000+0 0  9993
2 27976  59.5856 261.0541 3823034 147.8366 242.6997  6.43878468284274
0 SL-12 DEB
1 27976U 88085W   16063.49984558 -.00000015  00000-0  00000+0 0  9994
2 27976  59.5787 260.7292 3821387 147.9179 242.5425  6.43896433284309
0 SL-12 DEB
1 27976U 88085W   16063.49988468 -.00001994  00000-0  10000-3 0  9990
2 27976  59.5993 260.7491 3824992 147.9709 242.5038  6.43871907284302
0 SL-12 DEB
1 27976U 88085W   16063.81045928 -.00000015 +00000-0 +00000-0 0  9990
2 27976 059.5772 260.5095 3824515 147.9990 242.4349 06.43866625062127
0 SL-12 DEB
1 27976U 88085W   16064.12103050 -.00000015  00000-0  00000+0 0  9995
2 27976  59.5769 260.2877 3824182 148.0613 242.3238  6.43872446284346
0 SL-12 DEB
1 27976U 88085W   16064.58688187 -.00000015  00000-0  00000+0 0  9994
2 27976  59.5868 259.9400 3827477 148.1965 242.1239  6.43880554284375
0 SL-12 DEB
1 27976U 88085W   16065.20801891 -.00000015  00000-0  00000+0 0  9993
2 27976  59.6120 259.4814 3829360 148.3221 241.9255  6.43883295284416
0 SL-12 DEB
1 27976U 88085W   16065.51859072 -.00000015 +00000-0 +00000-0 0  9992
2 27976 059.6037 259.2713 3828592 148.3864 241.8062 06.43862570284438
0 SL-12 DEB
1 27976U 88085W   16066.60556284 -.00000015  00000-0  00000+0 0  9991
2 27976  59.6031 258.4877 3832910 148.6465 241.3983  6.43902085284504
0 SL-12 DEB
1 27976U 88085W   16067.69252105 -.00000015  00000-0  00000+0 0  9996
2 27976  59.6512 257.6958 3837573 148.9149 240.9779  6.43899061284575
0 SL-12 DEB
1 27976U 88085W   16069.86638411 -.00000015  00000-0  00000+0 0  9995
2 27976  59.6427 256.1257 3844220 149.4241 240.1530  6.43921308284715
0 SL-12 DEB
1 27976U 88085W   16070.48750403 -.00005784  00000-0  10000-3 0  9994
2 27976  59.6608 255.7264 3848153 149.6242 239.8571  6.43919616284631
0 SL-12 DEB
1 27976U 88085W   16070.64273729 -.00000015  00000-0  00000+0 0  9990
2 27976  59.6644 255.5458 3846847 149.6109 239.8508  6.43949635284762
0 SL-12 DEB
1 27976U 88085W   16071.57437404 -.00000015  00000-0  00000+0 0  9995
2 27976  59.6744 254.8695 3848716 149.8248 239.4924  6.43923373284827
0 SL-12 DEB
1 27976U 88085W   16072.04016657 -.00000015  00000-0  00000+0 0  9991
2 27976  59.6976 254.5208 3852274 149.9801 239.2534  6.43953679284851
0 SL-12 DEB
1 27976U 88085W   16072.81651313 -.00000015  00000-0  00000+0 0  9990
2 27976  59.6458 254.0504 3855875 150.1853 238.9258  6.43942587284902
0 SL-12 DEB
1 27976U 88085W   16073.59285176 -.00000015 +00000-0 +00000-0 0  9997
2 27976 059.6514 253.4842 3856472 150.3570 238.6269 06.43936624062756
0 SL-12 DEB
1 27976U 88085W   16074.83493685 -.00000015 +00000-0 +00000-0 0  9991
2 27976 059.6920 252.5328 3861690 150.7325 238.0098 06.43964002062830
0 SL-12 DEB
1 27976U 88085W   16074.83493685 -.00000015  00000-0  00000+0 0  9990
2 27976  59.6920 252.5328 3861690 150.7325 238.0098  6.43964002285039
0 SL-12 DEB
1 27976U 88085W   16074.83497711 -.00000015  00000-0  00000+0 0  9994
2 27976  59.6554 252.6217 3859572 150.6384 238.1568  6.43994244285034
0 SL-12 DEB
1 27976U 88085W   16076.69808495 -.00000015  00000-0  00000+0 0  9995
2 27976  59.7062 251.1979 3864743 151.1542 237.2855  6.44064498285158
0 SL-12 DEB
1 27976U 88085W   16077.78483768 -.00000015  00000-0  00000+0 0  9998
2 27976  59.7423 250.3905 3870212 151.5152 236.6899  6.43984022285220
0 SL-12 DEB
1 27976U 88085W   16077.94012108 -.00000015  00000-0  00000+0 0  9992
2 27976  59.7206 250.3024 3869844 151.4790 236.7515  6.44080084285230
0 SL-12 DEB
1 27976U 88085W   16078.71641566 -.00000015  00000-0  00000+0 0  9994
2 27976  59.7315 249.7372 3870582 151.6824 236.3923  6.44014496285288
0 SL-12 DEB
1 27976U 88085W   16079.64793914 -.00000015  00000-0  00000+0 0  9992
2 27976  59.7494 249.0558 3874882 151.9363 235.9750  6.44000803285340
0 SL-12 DEB
1 27976U 88085W   16079.80314152 -.00000015  00000-0  00000+0 0  9993
2 27976  59.7310 248.9423 3876963 152.0433 235.8010  6.44015112285356
0 SL-12 DEB
1 27976U 88085W   16080.57944266 -.00000015  00000-0  00000+0 0  9994
2 27976  59.7252 248.3872 3876592 152.1581 235.5895  6.43996643285406
0 SL-12 DEB
1 27976U 88085W   16081.82134252 -.00000015  00000-0  00000+0 0  9999
2 27976  59.7729 247.4664 3883100 152.6352 234.7838  6.44083198285487
0 SL-12 DEB
1 27976U 88085W   16083.68442152 -.00000015  00000-0  00000+0 0  9996
2 27976  59.7585 246.1366 3881888 152.9328 234.2292  6.44055782285600
0 SL-12 DEB
1 27976U 88085W   16084.46065263 -.00000015  00000-0  00000+0 0  9997
2 27976  59.7607 245.5770 3883110 153.1347 233.8713  6.44011651285656
0 SL-12 DEB
1 27976U 88085W   16084.46068345  .00003254  00000-0  10000-3 0  9993
2 27976  59.7086 245.6679 3883849 153.1411 233.8847  6.44024710163144
0 SL-12 DEB
1 27976U 88085W   16084.61585525 -.00000015  00000-0  00000+0 0  9992
2 27976  59.7857 245.4485 3885749 153.2252 233.7300  6.44091087285664
0 SL-12 DEB
1 27976U 88085W   16084.77100531 -.00000015  00000-0  00000+0 0  9999
2 27976  59.7968 245.3285 3890576 153.4580 233.3470  6.44059201285671
0 SL-12 DEB
1 27976U 88085W   16085.54723418 -.00000015  00000-0  00000+0 0  9990
2 27976  59.7908 244.7766 3891723 153.6484 233.0070  6.43992982285722
0 SL-12 DEB
1 27976U 88085W   16086.94437319 -.00000015  00000-0  00000+0 0  9997
2 27976  59.7701 243.7766 3895433 154.0804 232.2431  6.44015951285810
0 SL-12 DEB
1 27976U 88085W   16087.41014541 -.00000015 +00000-0 +00000-0 0  9999
2 27976 059.7953 243.4200 3893176 154.1077 232.1722 06.44029892285848
0 SL-12 DEB
1 27976U 88085W   16088.65203056 -.00000015  00000-0  00000+0 0  9996
2 27976  59.8174 242.5157 3895919 154.4950 231.4787  6.44051399285924
0 SL-12 DEB
1 27976U 88085W   16089.73848172 -.00000015  00000-0  00000+0 0  9990
2 27976  59.8201 241.7259 3904500 155.1026 230.4223  6.44084116285992
0 SL-12 DEB
1 27976U 88085W   16089.73876233 -.00000015  00000-0  00000+0 0  9999
2 27976  59.8154 241.7296 3895873 154.6775 231.1390  6.44096239285999
0 SL-12 DEB
1 27976U 88085W   16090.66989776 -.00000015 +00000-0 +00000-0 0  9991
2 27976 059.8274 241.0544 3906065 155.3993 229.8803 06.44057999063859
0 SL-12 DEB
1 27976U 88085W   16090.66989776 -.00000015  00000-0  00000+0 0  9990
2 27976  59.8274 241.0544 3906065 155.3993 229.8803  6.44057999286058
0 SL-12 DEB
1 27976U 88085W   16091.29078801 -.00000015  00000-0  00000+0 0  9998
2 27976  59.8434 240.5995 3908154 155.6651 229.3993  6.44049310286092
0 SL-12 DEB
1 27976U 88085W   16091.75652234 -.00000015 +00000-0 +00000-0 0  9998
2 27976 059.8329 240.2715 3908420 155.7438 229.2536 06.44046101063924
0 SL-12 DEB
1 27976U 88085W   16092.37742219 -.00000015  00000-0  00000+0 0  9999
2 27976  59.8425 239.8200 3909907 155.9691 228.8419  6.44066224286164
0 SL-12 DEB
1 27976U 88085W   16092.53266670 -.00000015  00000-0  00000+0 0  9999
2 27976  59.8395 239.7082 3909837 156.0171 228.7508  6.44011640286175
0 SL-12 DEB
1 27976U 88085W   16093.15349530 -.00000015  00000-0  00000+0 0  9995
2 27976  59.8483 239.2609 3911397 156.2750 228.2771  6.44162818286218
0 SL-12 DEB
1 27976U 88085W   16093.61923858 -.00000015  00000-0  00000+0 0  9997
2 27976  59.8418 238.9261 3911427 156.3902 228.0593  6.43980813286245
0 SL-12 DEB
1 27976U 88085W   16094.70582312 -.00000015  00000-0  00000+0 0  9994
2 27976  59.8558 238.1377 3913698 156.7840 227.3315  6.44047822286314
0 SL-12 DEB
1 27976U 88085W   16095.63709833 -.00000015  00000-0  00000+0 0  9996
2 27976  59.8622 237.4640 3916471 157.1990 226.5644  6.44029460286374
0 SL-12 DEB
1 27976U 88085W   16096.41321502 -.00000015  00000-0  00000+0 0  9996
2 27976  59.8808 236.8958 3917918 157.5197 225.9637  6.44042183286423
0 SL-12 DEB
1 27976U 88085W   16098.58623954 -.00000015  00000-0  00000+0 0  9992
2 27976  59.9036 235.3088 3923484 158.4412 224.2381  6.44034787286564
0 SL-12 DEB
1 27976U 88085W   16098.58640571  .00000502  00000-0  10000-3 0  9991
2 27976  59.8293 235.4304 3926606 158.2556 224.6371  6.44065169164056
0 SL-12 DEB
1 27976U 88085W   16100.60410048 -.00000015  00000-0  00000+0 0  9997
2 27976  59.9229 233.8484 3925391 159.1960 222.7925  6.43957332286696
0 SL-12 DEB
1 27976U 88085W   16101.69060910 -.00000015  00000-0  00000+0 0  9996
2 27976  59.9325 233.0549 3925601 159.7382 221.7395  6.43878246286769
0 SL-12 DEB
1 27976U 88085W   16101.84586179 -.00000015 +00000-0 +00000-0 0  9994
2 27976 059.8959 232.9706 3924276 159.7008 221.8025 06.43975460064576
0 SL-12 DEB
1 27976U 88085W   16101.84586179 -.00000015  00000-0  00000+0 0  9993
2 27976  59.8959 232.9706 3924276 159.7008 221.8025  6.43975460286774
0 SL-12 DEB
1 27976U 88085W   16127.61917680 -.00000014  00000-0  00000+0 0  9990
2 27976  59.9591 214.3854 3889452 167.2548 277.5650  6.45300763288431
0 SL-12 DEB
1 27976U 88085W   16134.55680353 -.00000014  00000-0  00000+0 0  9995
2 27976  59.8757 209.4317 3879148 171.8448 197.0968  6.45206463288883
0 SL-12 DEB
1 27976U 88085W   16162.28179702 -.00000014 +00000-0 +00000-0 0  9998
2 27976 059.7673 189.5502 3846970 179.0576 182.0826 06.45489504068479
0 SL-12 DEB
1 27976U 88085W   16162.28179702 -.00000014  00000-0  00000+0 0  9997
2 27976  59.7673 189.5502 3846970 179.0576 182.0826  6.45489504290678
0 SL-12 DEB
1 27976U 88085W   16174.36326025 -.00000014  00000-0  00000+0 0  9991
2 27976  59.7637 180.8813 3845884 181.3998 177.2182  6.45512373291453
0 SL-12 DEB
1 27976U 88085W   16176.37680963 -.00000014  00000-0  00000+0 0  9998
2 27976  59.7745 179.4377 3846275 181.7761 176.4369  6.45516892291581
0 SL-12 DEB
1 27976U 88085W   16179.31972088 -.00000014  00000-0  00000+0 0  9997
2 27976  59.7927 177.3230 3844933 182.2735 175.4056  6.45520279291771
0 SL-12 DEB
1 27976U 88085W   16180.40380230 -.00000014  00000-0  00000+0 0  9991
2 27976  59.7863 176.5377 3847911 182.6309 174.6614  6.45527658291840
0 SL-12 DEB
1 27976U 88085W   16181.33307663 -.00000014 +00000-0 +00000-0 0  9994
2 27976 059.7822 175.8437 3849684 182.8784 174.1460 06.45521678069700
0 SL-12 DEB
1 27976U 88085W   16181.33307663 -.00000014  00000-0  00000+0 0  9993
2 27976  59.7822 175.8437 3849684 182.8784 174.1460  6.45521678291909
0 SL-12 DEB
1 27976U 88085W   16183.34691345 -.00000014  00000-0  00000+0 0  9999
2 27976  59.7598 174.4339 3844334 182.7816 174.3526  6.45532418292031
0 SL-12 DEB
1 27976U 88085W   16185.36016383 -.00000014  00000-0  00000+0 0  9996
2 27976  59.8039 172.9601 3849419 183.4748 172.9091  6.45538348292161
0 SL-12 DEB
1 27976U 88085W   16186.28949579 -.00000014  00000-0  00000+0 0  9990
2 27976  59.7892 172.3042 3848753 183.6068 172.6365  6.45539161292229
0 SL-12 DEB
1 27976U 88085W   16187.37364758 -.00000014  00000-0  00000+0 0  9991
2 27976  59.7615 171.5006 3850620 183.8188 172.1943  6.45541477292291
0 SL-12 DEB
1 27976U 88085W   16189.23260515 -.00000014  00000-0  00000+0 0  9994
2 27976  59.6485 170.2038 3847764 183.6407 172.5674  6.45548061292418
0 SL-12 DEB
1 27976U 88085W   16191.24605771 -.00000014  00000-0  00000+0 0  9995
2 27976  59.7660 168.7195 3846337 184.0018 171.8216  6.45553196292541
0 SL-12 DEB
1 27976U 88085W   16192.33015237 -.00000014  00000-0  00000+0 0  9998
2 27976  59.6196 167.9332 3847863 184.2509 171.3031  6.45555047292615
0 SL-12 DEB
1 27976U 88085W   16194.18889331 -.00000014  00000-0  00000+0 0  9997
2 27976  59.5151 166.6471 3851800 184.3141 171.1655  6.45561260292731
0 SL-12 DEB
1 27976U 88085W   16195.27286574 -.00000014 +00000-0 +00000-0 0  9999
2 27976 059.5767 165.8276 3855621 184.6965 170.3667 06.45614969292807
0 SL-12 DEB
1 27976U 88085W   16196.20230190 -.00000014  00000-0  00000+0 0  9995
2 27976  59.5973 165.1513 3854917 184.5738 170.6222  6.45583220292868
0 SL-12 DEB
1 27976U 88085W   16198.21588998 -.00000014  00000-0  00000+0 0  9990
2 27976  59.6246 163.6103 3846975 184.4439 170.9052  6.45699931292997
0 SL-12 DEB
1 27976U 88085W   16199.29992972 -.00000014 +00000-0 +00000-0 0  9991
2 27976 059.5780 162.8322 3846461 184.5174 170.7537 06.45645842293067
0 SL-12 DEB
1 27976U 88085W   16200.22883954 -.00000014  00000-0  00000+0 0  9995
2 27976  59.4656 162.2910 3859057 184.9358 169.8644  6.45735096293124
0 SL-12 DEB
1 27976U 88085W   16201.31263809 -.00000014 +00000-0 +00000-0 0  9998
2 27976 059.4624 161.5056 3860793 185.2116 169.2894 06.45783109293193
0 SL-12 DEB
1 27976U 88085W   16202.24160529 -.00000014  00000-0  00000+0 0  9995
2 27976  59.6449 160.7345 3865853 185.3725 168.9456  6.45767478293259
0 SL-12 DEB
1 27976U 88085W   16204.25468931 -.00000014  00000-0  00000+0 0  9996
2 27976  59.4888 159.3009 3862192 185.1183 169.4799  6.46054806293389
0 SL-12 DEB
1 27976U 88085W   16207.19596790 -.00000014  00000-0  00000+0 0  9997
2 27976  59.4743 157.1428 3862897 185.3337 169.0321  6.46189102293571
0 SL-12 DEB
1 27976U 88085W   16209.20807371 -.00000014  00000-0  00000+0 0  9991
2 27976  59.5158 155.6397 3865462 185.4086 168.8715  6.46285788293709
0 SL-12 DEB
1 27976U 88085W   16211.21999986 -.00000014  00000-0  00000+0 0  9999
2 27976  59.4332 154.1890 3866994 185.2555 169.1858  6.46455810293835
0 SL-12 DEB
1 27976U 88085W   16214.15919490 -.00000014  00000-0  00000+0 0  9997
2 27976  59.4934 152.0231 3877083 185.8211 167.9905  6.46536121294021
0 SL-12 DEB
1 27976U 88085W   16216.16988276 -.00000014  00000-0  00000+0 0  9998
2 27976  59.5178 150.5449 3883809 186.0421 167.5161  6.46853733294150
0 SL-12 DEB
1 27976U 88085W   16223.12681199 -.00000014 +00000-0 +00000-0 0  9997
2 27976 059.3904 145.4316 3892806 185.6002 168.4148 06.46946030072408
0 SL-12 DEB
1 27976U 88085W   16223.12681199 -.00000014  00000-0  00000+0 0  9996
2 27976  59.3904 145.4316 3892806 185.6002 168.4148  6.46946030294606
0 SL-12 DEB
1 27976U 88085W   16241.02807540 -.00000015 +00000-0 +00000-0 0  9997
2 27976 059.6140 132.1665 3981847 187.7372 163.7051 06.48791443073567
0 SL-12 DEB
1 27976U 88085W   16241.02807540 -.00000015 +00000-0 +00000-0 0  9997
2 27976 059.6140 132.1665 3981847 187.7372 163.7051 06.48791443295754
0 SL-12 DEB
1 27976U 88085W   16241.02807540 -.00000015 +00000-0 +00000-0 0  9997
2 27976 059.6140 132.1665 3981847 187.7372 163.7051 06.48791443295754
0 SL-12 DEB
1 27976U 88085W   16241.02807540 -.00000015 +00000-0 +00000-0 0  9997
2 27976 059.6140 132.1665 3981847 187.7372 163.7051 06.48791443295754
0 SL-12 DEB
1 27976U 88085W   16241.02807540 -.00000015 +00000-0 +00000-0 0  9997
2 27976 059.6140 132.1665 3981847 187.7372 163.7051 06.48791443295754
0 SL-12 DEB
1 27976U 88085W   16241.02807540 -.00000015 +00000-0 +00000-0 0  9997
2 27976 059.6140 132.1665 3981847 187.7372 163.7051 06.48791443295754
0 SL-12 DEB
1 27976U 88085W   16241.02807540 -.00000015 +00000-0 +00000-0 0  9997
2 27976 059.6140 132.1665 3981847 187.7372 163.7051 06.48791443295754
0 SL-12 DEB
1 27976U 88085W   16241.02807540 -.00000015 +00000-0 +00000-0 0  9997
2 27976 059.6140 132.1665 3981847 187.7372 163.7051 06.48791443295754
0 SL-12 DEB
1 27976U 88085W   16241.02807540 -.00000015 +00000-0 +00000-0 0  9997
2 27976 059.6140 132.1665 3981847 187.7372 163.7051 06.48791443295754
0 SL-12 DEB
1 27976U 88085W   16241.02807540 -.00000015 +00000-0 +00000-0 0  9997
2 27976 059.6140 132.1665 3981847 187.7372 163.7051 06.48791443295754
0 SL-12 DEB
1 27976U 88085W   16241.02807540 -.00000015 +00000-0 +00000-0 0  9997
2 27976 059.6140 132.1665 3981847 187.7372 163.7051 06.48791443295754
0 SL-12 DEB
1 27976U 88085W   16241.02807540 -.00000015 +00000-0 +00000-0 0  9997
2 27976 059.6140 132.1665 3981847 187.7372 163.7051 06.48791443295754
0 SL-12 DEB
1 27976U 88085W   16241.02807540 -.00000015 +00000-0 +00000-0 0  9997
2 27976 059.6140 132.1665 3981847 187.7372 163.7051 06.48791443295754
0 SL-12 DEB
1 27976U 88085W   16241.02807540 -.00000015  00000-0  00000-0 0  9997
2 27976  59.6140 132.1665 3981847 187.7372 163.7051  6.48791443 73567
0 SL-12 DEB
1 27976U 88085W   16241.03206714 -.00000014 +00000-0 +00000-0 0  9993
2 27976 059.4482 132.2169 3951413 189.1876 160.7733 06.48018296295765
0 SL-12 DEB
1 27976U 88085W   16241.03206714 -.00000014  00000-0  00000+0 0  9992
2 27976  59.4482 132.2169 3951413 189.1876 160.7733  6.48018296295765
0 SL-12 DEB
1 27976U 88085W   16241.03206714 -.00000014 +00000-0 +00000-0 0  9993
2 27976 059.4482 132.2169 3951413 189.1876 160.7733 06.48018296295765
0 SL-12 DEB
1 27976U 88085W   16241.03206714 -.00000014  00000-0  00000-0 0  9993
2 27976  59.4482 132.2169 3951413 189.1876 160.7733  6.48018296295765
0 SL-12 DEB
1 27976U 88085W   16241.03206714 -.00000014  00000-0  00000-0 0  9993
2 27976  59.4482 132.2169 3951413 189.1876 160.7733  6.48018296295765
0 SL-12 DEB
1 27976U 88085W   16241.03206714 -.00000014  00000-0  00000-0 0  9993
2 27976  59.4482 132.2169 3951413 189.1876 160.7733  6.48018296295765
0 SL-12 DEB
1 27976U 88085W   16241.03206714 -.00000014  00000-0  00000+0 0  9992
2 27976  59.4482 132.2169 3951413 189.1876 160.7733  6.48018296295765
0 SL-12 DEB
1 27976U 88085W   16241.05505511 -.00000014  00000-0  00000+0 0  9991
2 27976  59.4482 132.1998 3951412 189.1925 214.4012  6.48018295295764
