0 TBA - TO BE ASSIGNED
1 41561U 08067J   16183.35801906  .00093100  00000-0  66579-1 0  9996
2 41561  65.1590  20.4583 5710583  63.1590 343.5964  4.38691170  4052
0 TBA - TO BE ASSIGNED
1 41561U 08067K   16183.58592533  .00095143  00000-0  66579-1 0  9993
2 41561  65.1224  20.3262 5711447  63.3204 343.5170  4.38739961  4064
0 SL-12 DEB
1 41561U 08067K   16188.59485180  .00106796  00000-0  70784-1 0  9998
2 41561  65.1005  18.2698 5707027  62.9302 345.0292  4.39832382  4281
0 SL-12 DEB
1 41561U 08067K   16190.86629451  .00097044  00000-0  63270-1 0  9999
2 41561  65.0246  17.2084 5705331  63.4511 342.8794  4.40222749  4373
0 SL-12 DEB
1 41561U 08067K   16200.84127655  .00050955  00000-0  39386-1 0  9999
2 41561  64.9614  13.0831 5685268  63.4724 343.2723  4.41795895  4821
0 SL-12 DEB
1 41561U 08067K   16201.06761623  .00043005  00000-0  33428-1 0  9992
2 41561  64.9596  12.9993 5684786  63.4582 343.2737  4.41819057  4836
0 SL-12 DEB
1 41561U 08067K   16202.65157406  .00079842  00000-0  67277-1 0  9993
2 41561  64.9513  12.3485 5678589  63.4800 343.2210  4.42047726  4903
0 SL-12 DEB
1 41561U 08067K   16202.87777246 +.00062830 +00000-0 +53873-1 0  9993
2 41561 064.9490 012.2606 5677325 063.5096 343.2015 04.42083885004916
0 SL-12 DEB
1 41561U 08067K   16202.87777246  .00062830  00000-0  53873-1 0  9993
2 41561  64.9490  12.2606 5677325  63.5096 343.2015  4.42083885  4916
0 SL-12 DEB
1 41561U 08067K   16203.55629967  .00057235  00000-0  49868-1 0  9997
2 41561  64.9464  11.9953 5675848  63.5229 343.1836  4.42164524  4947
0 SL-12 DEB
1 41561U 08067K   16203.78244144  .00058329  00000-0  51322-1 0  9995
2 41561  64.9457  11.9033 5675047  63.5130 343.1807  4.42198154  4955
0 SL-12 DEB
1 41561U 08067K   16205.81718487  .00053409  00000-0  52083-1 0  9996
2 41561  64.9341  11.0715 5667455  63.5064 343.1252  4.42415775  5041
0 SL-12 DEB
1 41561U 08067K   16206.26922080  .00054521  00000-0  54332-1 0  9997
2 41561  64.9433  10.9132 5665692  63.6252 343.0923  4.42468254757896
0 SL-12 DEB
1 41561U 08067K   16206.26922210  .00040868  00000-0  40387-1 0  9996
2 41561  64.9364  10.9017 5666422  63.5202 343.1122  4.42452701  5064
0 SL-12 DEB
1 41561U 08067K   16208.75463265  .00033298  00000-0  37935-1 0  9996
2 41561  64.9207   9.8859 5656011  63.5016 343.0530  4.42682157  5171
0 SL-12 DEB
1 41561U 08067K   16209.43227260  .00045156  00000-0  53598-1 0  9994
2 41561  64.9172   9.6151 5653002  63.5163 343.0303  4.42731344  5200
0 SL-12 DEB
1 41561U 08067K   16210.56156832  .00032205  00000-0  40660-1 0  9993
2 41561  64.9098   9.1525 5648648  63.5019 343.0103  4.42778896  5253
0 SL-12 DEB
1 41561U 08067K   16211.46487164  .00029820  00000-0  39252-1 0  9992
2 41561  64.9064   8.7889 5645405  63.4932 342.9938  4.42846359  5293
0 SL-12 DEB
1 41561U 08067K   16212.59379740  .00024487  00000-0  34338-1 0  9991
2 41561  64.8988   8.3287 5640624  63.4735 342.9699  4.42920985  5342
0 SL-12 DEB
1 41561U 08067K   16213.49684697  .00019559  00000-0  28850-1 0  9997
2 41561  64.8953   7.9668 5636950  63.4648 342.9473  4.42953209  5381
0 SL-12 DEB
1 41561U 08067K   16214.62557600  .00013922  00000-0  21730-1 0  9994
2 41561  64.8985   7.5407 5632858  63.4828 342.9098  4.42983985  5439
0 SL-12 DEB
1 41561U 08067K   16215.52852653  .00016191  00000-0  26953-1 0  9993
2 41561  64.8924   7.1708 5628284  63.4742 342.8792  4.42995701  5478
0 SL-12 DEB
1 41561U 08067K   16216.65710743  .00028526  00000-0  51500-1 0  9992
2 41561  64.8845   6.7074 5622061  63.4531 342.8416  4.43054058  5525
0 SL-12 DEB
1 41561U 08067K   16217.78551586  .00022937  00000-0  44679-1 0  9994
2 41561  64.8840   6.2711 5616120  63.4625 342.7960  4.43115917  5576
0 SL-12 DEB
1 41561U 08067K   16218.68814484  .00009701  00000-0  19907-1 0  9993
2 41561  64.8800   5.9081 5612262  63.4407 342.7768  4.43152669  5615
0 SL-12 DEB
1 41561U 08067K   16219.59075009  .00003798  00000-0  83618-2 0  9997
2 41561  64.8746   5.5422 5607694  63.4223 342.7535  4.43152478  5652
0 SL-12 DEB
1 41561U 08067K   16220.49336523 -.00000170  00000-0 -25446-3 0  9998
2 41561  64.8666   5.1751 5602563  63.4013 342.7291  4.43140369  5690
0 SL-12 DEB
1 41561U 08067K   16220.71902319 -.00001822 +00000-0 -41579-2 0  9994
2 41561 064.8671 005.0825 5601185 063.3950 342.7230 04.43136880005703
0 SL-12 DEB
1 41561U 08067K   16221.39601182 -.00009171  00000-0 -22809-1 0  9992
2 41561  64.8627   4.8311 5596657  63.4081 342.6910  4.43117629  5731
0 SL-12 DEB
1 41561U 08067K   16222.52440301 -.00010864  00000-0 -29633-1 0  9995
2 41561  64.8531   4.3699 5589642  63.3782 342.6605  4.43077723  5788
0 SL-12 DEB
1 41561U 08067K   16224.55581388 -.00018267 +00000-0 -60053-1 0  9997
2 41561 064.8394 003.5475 5574950 063.3489 342.5845 04.42966473005871
0 SL-12 DEB
1 41561U 08067K   16225.45883786 -.00025605  00000-0 -92167-1 0  9999
2 41561  64.8355   3.2303 5567455  63.3848 342.5260  4.42910161  5915
0 SL-12 DEB
1 41561U 08067K   16225.68461092 -.00027326 +00000-0 -10148+0 0  9995
2 41561 064.8396 003.1403 5564797 063.3726 342.5141 04.42893511005929
0 SL-12 DEB
1 41561U 08067K   16225.68461092 -.00027326  00000-0 -10148+0 0  9995
2 41561  64.8396   3.1403 5564797  63.3726 342.5141  4.42893511  5929
0 SL-12 DEB
1 41561U 08067K   16226.36199312 -.00027663 +00000-0 -10938+0 0  9995
2 41561 064.8322 002.8664 5559524 063.3547 342.4878 04.42840319005953
0 SL-12 DEB
1 41561U 08067K   16226.36199312 -.00027663  00000-0 -10938+0 0  9995
2 41561  64.8322   2.8664 5559524  63.3547 342.4878  4.42840319  5953
0 SL-12 DEB
1 41561U 08067K   16227.49115087 -.00030359 +00000-0 -13553+0 0  9999
2 41561 064.8223 002.4078 5549036 063.3211 342.4332 04.42735335006006
0 SL-12 DEB
1 41561U 08067K   16228.39466090 -.00032369  00000-0 -15867+0 0  9995
2 41561  64.8111   2.0440 5540659  63.2987 342.3864  4.42657782  6044
0 SL-12 DEB
1 41561U 08067K   16229.52429241 -.00034090  00000-0 -18996+0 0  9997
2 41561  64.8050   1.5895 5528890  63.2563 342.3238  4.42537594  6095
0 SL-12 DEB
1 41561U 08067K   16230.42819421 -.00035868  00000-0 -21941+0 0  9999
2 41561  64.7973   1.2306 5519945  63.2275 342.2741  4.42462177  6130
0 SL-12 DEB
1 41561U 08067K   16232.46262094 -.00034269  00000-0 -25517+0 0  9990
2 41561  64.7758   0.4235 5500517  63.1592 342.1693  4.42267521  6220
0 SL-12 DEB
1 41561U 08067K   16232.68872647 -.00033266  00000-0 -25304+0 0  9995
2 41561  64.7912   0.3703 5498324  63.1315 342.1652  4.42248271  6233
0 SL-12 DEB
1 41561U 08067K   16233.36708801 -.00037667  00000-0 -30792+0 0  9997
2 41561  64.7834   0.1083 5490816  63.1279 342.1184  4.42185269  6262
0 SL-12 DEB
1 41561U 08067K   16234.49790177 -.00031504  00000-0 -28505+0 0  9992
2 41561  64.7732 359.6667 5479974  63.0853 342.0663  4.42092623  6316
0 SL-12 DEB
1 41561U 08067K   16235.40272539 -.00032036  00000-0 -31282+0 0  9998
2 41561  64.7660 359.3139 5471643  63.0478 342.0296  4.42020560  6352
0 SL-12 DEB
1 41561U 08067K   16235.85519024 -.00030108  00000-0 -30537+0 0  9990
2 41561  64.7608 359.1372 5467412  63.0333 342.0096  4.41985925  6374
0 SL-12 DEB
1 41561U 08067K   16236.76022411 -.00027739  00000-0 -30191+0 0  9992
2 41561  64.7524 358.7903 5459387  62.9930 341.9768  4.41926349  6413
0 SL-12 DEB
1 41561U 08067K   16237.43908827 -.00023802  00000-0 -27021+0 0  9996
2 41561  64.7486 358.5319 5454576  62.9504 341.9640  4.41881911  6448
0 SL-12 DEB
1 41561U 08067K   16237.89169036 -.00028167 +00000-0 -33317+0 0  9991
2 41561 064.7438 358.3558 5449752 062.9410 341.9382 04.41850590006468
0 SL-12 DEB
1 41561U 08067K   16237.89169036 -.00028167  00000-0 -33317+0 0  9991
2 41561  64.7438 358.3558 5449752  62.9410 341.9382  4.41850590  6468
0 SL-12 DEB
1 41561U 08067K   16238.57065935 -.00026746  00000-0 -32850+0 0  9992
2 41561  64.7334 358.0872 5445306  62.8852 341.9318  4.41816459  6497
0 SL-12 DEB
1 41561U 08067K   16239.47604059 -.00024643  00000-0 -31854+0 0  9995
2 41561  64.7287 357.7448 5439206  62.8383 341.9105  4.41766793  6534
0 SL-12 DEB
1 41561U 08067K   16239.92876413 -.00025675 +00000-0 -34121+0 0  9996
2 41561 064.7240 357.5666 5435847 062.8204 341.8953 04.41741970006554
0 SL-12 DEB
1 41561U 08067K   16239.92876413 -.00025675  00000-0 -34121+0 0  9996
2 41561  64.7240 357.5666 5435847  62.8204 341.8953  4.41741970  6554
0 SL-12 DEB
1 41561U 08067K   16240.38151242 -.00023414  00000-0 -31783+0 0  9994
2 41561  64.7217 357.3941 5433235  62.7904 341.8890  4.41724053  6572
0 SL-12 DEB
1 41561U 08067K   16242.41912486 -.00009493  00000-0 -13764+0 0  9995
2 41561  64.7113 356.6282 5424817  62.7093 341.8582  4.41664271  6665
0 SL-12 DEB
1 41561U 08067K   16244.45704688 -.00007733  00000-0 -11804+0 0  9992
2 41561  64.6985 355.8644 5418114  62.6499 341.8312  4.41610771  6753
0 SL-12 DEB
1 41561U 08067K   16247.40110269 -.00001330  00000-0 -20657-1 0  9991
2 41561  64.6934 354.7772 5412742  62.5122 341.8501  4.41577578  6881
0 SL-12 DEB
1 41561U 08067K   16248.30703218 -.00004073  00000-0 -64791-1 0  9997
2 41561  64.6834 354.4205 5412637  62.4284 341.8837  4.41537322  6929
0 SL-12 DEB
1 41561U 08067K   16249.43947270 -.00006590  00000-0 -10640+0 0  9998
2 41561  64.6675 353.9776 5411318  62.3784 341.8984  4.41519075  6971
0 SL-12 DEB
1 41561U 08067K   16250.57195084 -.00008607  00000-0 -14144+0 0  9997
2 41561  64.6656 353.5595 5409289  62.3311 341.9079  4.41500924  7021
0 SL-12 DEB
1 41561U 08067K   16251.47797218 -.00009923  00000-0 -16550+0 0  9999
2 41561  64.6663 353.2294 5407509  62.2946 341.9136  4.41481931  7062
0 SL-12 DEB
1 41561U 08067K   16252.38403638 -.00011152  00000-0 -18955+0 0  9998
2 41561  64.6645 352.8966 5405155  62.2570 341.9153  4.41458503  7104
0 SL-12 DEB
1 41561U 08067K   16256.23544906 -.00011937  00000-0 -21795+0 0  9997
2 41561  64.6612 351.4897 5396122  62.0789 341.9245  4.41341067  7275
0 SL-12 DEB
1 41561U 08067K   16257.36844388 -.00012917  00000-0 -25439+0 0  9997
2 41561  64.6643 351.1048 5385778  62.0183 341.8811  4.41288530  7326
0 SL-12 DEB
1 41561U 08067K   16259.40805652 -.00025619 +00000-0 -56088+0 0  9992
2 41561 064.6692 350.3625 5371180 061.8174 341.8648 04.41194056007418
0 SL-12 DEB
1 41561U 08067K   16259.40805652 -.00025619  00000-0 -56088+0 0  9992
2 41561  64.6692 350.3625 5371180  61.8174 341.8648  4.41194056  7418
0 SL-12 DEB
1 41561U 08067K   16262.35463201 -.00008805  00000-0 -21374+0 0  9998
2 41561  64.6857 349.3397 5355787  61.5548 341.8773  4.41148168  7548
0 SL-12 DEB
1 41561U 08067K   16263.26135231 -.00003670  00000-0 -90797-1 0  9990
2 41561  64.7012 349.0471 5352307  61.4374 341.9046  4.41147177  7580
0 SL-12 DEB
1 41561U 08067K   16264.84815559 -.00004627  00000-0 -12087+0 0  9990
2 41561  64.7096 348.5010 5344394  61.3123 341.9099  4.41116548  7657
0 SL-12 DEB
1 41561U 08067K   16265.30155067  .00004817  00000-0  12676+0 0  9996
2 41561  64.7170 348.3388 5344753  61.2384 341.9413  4.41128131  7676
0 SL-12 DEB
1 41561U 08067K   16266.43502608 -.00000786  00000-0 -20329-1 0  9997
2 41561  64.7187 347.9399 5341221  61.1639 341.9492  4.41113313  7729
0 SL-12 DEB
1 41561U 08067K   16267.34182089 +.00004472 +00000-0 +12220+0 0  9998
2 41561 064.7229 347.6231 5339262 061.1104 341.9569 04.41116304007769
0 SL-12 DEB
1 41561U 08067K   16267.34182089  .00004472  00000-0  12220+0 0  9998
2 41561  64.7229 347.6231 5339262  61.1104 341.9569  4.41116304  7769
0 SL-12 DEB
1 41561U 08067K   16269.38214128  .00002521  00000-0  71359-1 0  9997
2 41561  64.7255 346.9042 5335430  60.9727 341.9818  4.41107428  7855
0 SL-12 DEB
1 41561U 08067K   16269.83555469 -.00005561  00000-0 -15404+0 0  9999
2 41561  64.7225 346.7479 5334834  60.9452 341.9878  4.41098014  7874
0 SL-12 DEB
1 41561U 08067K   16270.28897214  .00000776  00000-0  22931-1 0  9993
2 41561  64.7231 346.5780 5335753  60.8572 342.0262  4.41104398  7891
0 SL-12 DEB
1 41561U 08067K   16271.19579490 -.00002207  00000-0 -60366-1 0  9994
2 41561  64.7216 346.2495 5334284  60.8335 342.0258  4.41098155  7932
0 SL-12 DEB
1 41561U 08067K   16272.32934469  .00003649  00000-0  10455+0 0  9992
2 41561  64.7262 345.8615 5333199  60.7497 342.0524  4.41100875  7988
0 SL-12 DEB
1 41561U 08067K   16274.59646725 -.00000536  00000-0 -13780-1 0  9998
2 41561  64.7267 345.0639 5331815  60.6399 342.0944  4.41089252  8087
0 SL-12 DEB
1 41561U 08067K   16276.18347214  .00000323  00000-0  10564-1 0  9995
2 41561  64.7263 344.4933 5331050  60.5761 342.1227  4.41086545  8151
0 SL-12 DEB
1 41561U 08067K   16277.31706602 -.00003272  00000-0 -93049-1 0  9998
2 41561  64.7266 344.0909 5330206  60.5224 342.1442  4.41075249  8203
0 SL-12 DEB
1 41561U 08067K   16279.35757598 -.00002166  00000-0 -62354-1 0  9990
2 41561  64.7246 343.3663 5327814  60.4111 342.1806  4.41063466  8296
0 SL-12 DEB
1 41561U 08067K   16280.26450007 -.00004887  00000-0 -14275+0 0  9996
2 41561  64.7289 343.0537 5327020  60.3519 342.2005  4.41050437  8331
0 SL-12 DEB
1 41561U 08067K   16281.17143566 -.00003099  00000-0 -90757-1 0  9991
2 41561  64.7307 342.7380 5326072  60.3186 342.2086  4.41044151  8379
0 SL-12 DEB
1 41561U 08067K   16282.30513855 -.00004216  00000-0 -12512+0 0  9992
2 41561  64.7308 342.3294 5324470  60.2391 342.2293  4.41029218  8420
0 SL-12 DEB
1 41561U 08067K   16283.21212290 -.00003270  00000-0 -97473-1 0  9992
2 41561  64.7320 342.0127 5323443  60.1996 342.2377  4.41020061  8469
0 SL-12 DEB
1 41561U 08067K   16285.25292134 -.00004334  00000-0 -13113+0 0  9992
2 41561  64.7369 341.2992 5321557  60.0884 342.2678  4.40994878  8551
0 SL-12 DEB
1 41561U 08067K   16286.15997687 -.00005434  00000-0 -16613+0 0  9997
2 41561  64.7387 340.9814 5320218  60.0378 342.2798  4.40983564  8598
0 SL-12 DEB
1 41561U 08067K   16288.20090489 -.00001919  00000-0 -58638-1 0  9998
2 41561  64.7420 340.2655 5318504  59.9286 342.3170  4.40974609  8687
0 SL-12 DEB
1 41561U 08067K   16289.33478074 -.00001791  00000-0 -55050-1 0  9996
2 41561  64.7406 339.8590 5317545  59.8670 342.3399  4.40966192  8730
0 SL-12 DEB
1 41561U 08067K   16290.46866668 -.00000392  00000-0 -11381-1 0  9997
2 41561  64.7410 339.4603 5316358  59.8274 342.3533  4.40963396  8785
0 SL-12 DEB
1 41561U 08067K   16291.37578276 -.00001854 +00000-0 -57619-1 0  9991
2 41561 064.7394 339.1305 5316060 059.8015 342.3650 04.40959596008827
0 SL-12 DEB
1 41561U 08067K   16291.37578276 -.00001854  00000-0 -57619-1 0  9991
2 41561  64.7394 339.1305 5316060  59.8015 342.3650  4.40959596  8827
0 SL-12 DEB
1 41561U 08067K   16292.28290496 +.00000926 +00000-0 +30344-1 0  9990
2 41561 064.7402 338.8161 5315695 059.7482 342.3853 04.40960129008866
0 SL-12 DEB
1 41561U 08067K   16293.19002469  .00000126  00000-0  50821-2 0  9997
2 41561  64.7413 338.4944 5315486  59.7075 342.4003  4.40959599  8901
0 SL-12 DEB
1 41561U 08067K   16295.23104705  .00000004  00000-0  15064-2 0  9995
2 41561  64.7443 337.7774 5314655  59.6045 342.4318  4.40957298  8992
0 SL-12 DEB
1 41561U 08067K   16295.45783041 -.00001609  00000-0 -49778-1 0  9997
2 41561  64.7465 337.7008 5315057  59.6065 342.4330  4.40953082  9009
0 SL-12 DEB
1 41561U 08067K   16296.36495556 -.00006121  00000-0 -19388+0 0  9995
2 41561  64.7522 337.3927 5314433  59.5438 342.4512  4.40948567  9047
0 SL-12 DEB
1 41561U 08067K   16297.27208544 -.00005569  00000-0 -17632+0 0  9990
2 41561  64.7561 337.0751 5314263  59.4910 342.4691  4.40947425  9081
0 SL-12 DEB
1 41561U 08067K   16297.72565255 -.00005491 +00000-0 -17418+0 0  9991
2 41561 064.7563 336.9207 5313909 059.4603 342.4784 04.40946272009107
0 SL-12 DEB
1 41561U 08067K   16298.17921870 -.00004594  00000-0 -14558+0 0  9995
2 41561  64.7570 336.7639 5313715  59.4349 342.4870  4.40947011  9124
0 SL-12 DEB
1 41561U 08067K   16299.08636684 -.00006748  00000-0 -21534+0 0  9997
2 41561  64.7623 336.4532 5313235  59.3752 342.5079  4.40938323  9168
0 SL-12 DEB
1 41561U 08067K   16299.53993714 -.00001896  00000-0 -59374-1 0  9991
2 41561  64.7693 336.2964 5312693  59.3304 342.5227  4.40943802  9187
0 SL-12 DEB
1 41561U 08067K   16300.22030414 -.00006518  00000-0 -20897+0 0  9991
2 41561  64.7728 336.0619 5312478  59.2902 342.5388  4.40936171  9218
0 SL-12 DEB
1 41561U 08067K   16301.12747076 -.00003722  00000-0 -11926+0 0  9997
2 41561  64.7746 335.7507 5311657  59.2224 342.5633  4.40932649  9258
0 SL-12 DEB
1 41561U 08067K   16301.35426945 -.00008475  00000-0 -27444+0 0  9993
2 41561  64.7812 335.6807 5311318  59.1886 342.5750  4.40924520  9261
0 SL-12 DEB
1 41561U 08067K   16302.48826168 -.00010619  00000-0 -34780+0 0  9993
2 41561  64.7921 335.3048 5309839  59.0677 342.6173  4.40910290  9313
0 SL-12 DEB
1 41561U 08067K   16303.16866468 -.00004267  00000-0 -13975+0 0  9991
2 41561  64.7986 335.0898 5308885  59.0223 342.6320  4.40911916  9344
0 SL-12 DEB
1 41561U 08067K   16304.07588920 -.00001450  00000-0 -47126-1 0  9994
2 41561  64.8269 334.8361 5307399  58.9614 342.6501  4.40898885  9386
0 SL-12 DEB
1 41561U 08067K   16304.30270183 +.00008220 +00000-0 +27662+0 0  9990
2 41561 064.8320 334.7625 5306911 058.9191 342.6640 04.40898428009393
0 SL-12 DEB
1 41561U 08067K   16305.20996096 +.00001369 +00000-0 +47379-1 0  9994
2 41561 064.8440 334.4631 5305738 058.8076 342.7020 04.40882386009431
0 SL-12 DEB
1 41561U 08067K   16307.25139977  .00007862  00000-0  26957+0 0  9999
2 41561  64.8723 333.7857 5303913  58.5709 342.7832  4.40866061  9523
0 SL-12 DEB
1 41561U 08067K   16308.15878609 -.00000028  00000-0  00000+0 0  9990
2 41561  64.9434 333.5955 5300144  58.1301 342.9258  4.40755276  9560
0 SL-12 DEB
1 41561U 08067K   16309.06614988 -.00000028  00000-0  00000+0 0  9999
2 41561  64.8795 333.1867 5299581  58.4885 342.7877  4.40621301  9600
0 SL-12 DEB
1 41561U 08067K   16311.33474939  .00002798  00000-0  99683-1 0  9994
2 41561  64.9286 332.4807 5299143  58.2086 342.8862  4.40770350  9702
0 SL-12 DEB
1 41561U 08067K   16312.46918817  .00016028  00000-0  56435+0 0  9994
2 41561  64.9433 332.1136 5299811  58.0148 342.9614  4.40770022  9754
0 SL-12 DEB
1 41561U 08067K   16313.14973613  .00015542  00000-0  56238+0 0  9996
2 41561  64.8926 331.7824 5295195  58.2050 342.8641  4.40768898  9784
0 SL-12 DEB
1 41561U 08067K   16313.37664628 -.00010962  00000-0 -39078+0 0  9990
2 41561  64.9006 331.7158 5297336  58.0984 342.9164  4.40741654  9790
0 SL-12 DEB
1 41561U 08067K   16319.04918823 -.00002242  00000-0 -84068-1 0  9992
2 41561  64.9146 329.7996 5288263  57.9705 342.9227  4.40694659 10042
0 SL-12 DEB
1 41561U 08067K   16320.41070416 -.00002639  00000-0 -10022+0 0  9999
2 41561  64.9249 329.3191 5286098  57.7111 343.0045  4.40689096 10108
0 SL-12 DEB
1 41561U 08067K   16320.86454262 -.00002839 +00000-0 -10765+0 0  9999
2 41561 064.9254 329.1550 5286362 057.6854 343.0141 04.40686633010121
0 SL-12 DEB
1 41561U 08067K   16321.54643809 -.00000020  00000-0  10000-3 0  9997
2 41561  64.9225 328.9383 5287812  57.6064 344.8340  4.40688128 10158
0 SL-12 DEB
1 41561U 08067K   16324.04146368 -.00001724  00000-0 -64266-1 0  9997
2 41561  64.9220 328.0469 5287326  57.5172 343.0698  4.40676774 10261
0 SL-12 DEB
1 41561U 08067K   16327.44533590  .00000658  00000-0  26038-1 0  9999
2 41561  64.9462 326.9052 5288286  57.3206 343.1470  4.40681745 10416
0 SL-12 DEB
1 41561U 08067K   16328.80687685  .00002802  00000-0  10622+0 0  9998
2 41561  64.9506 326.4398 5289215  57.2551 343.1793  4.40686512 10479
0 SL-12 DEB
1 41561U 08067K   16329.48764315  .00002743  00000-0  10366+0 0  9998
2 41561  64.9512 326.2068 5289608  57.2167 343.1971  4.40688601 10500
0 SL-12 DEB
1 41561U 08067K   16330.84916308  .00001880  00000-0  70785-1 0  9995
2 41561  64.9536 325.7368 5290379  57.1450 343.2301  4.40691816 10560
0 SL-12 DEB
1 41561U 08067K   16331.75683288 +.00001715 +00000-0 +64288-1 0  9992
2 41561 064.9550 325.4238 5291011 057.0950 343.2527 04.40695942010606
0 SL-12 DEB
1 41561U 08067K   16332.21066494  .00001291  00000-0  48402-1 0  9997
2 41561  64.9555 325.2671 5291301  57.0717 343.2628  4.40697175 10627
0 SL-12 DEB
1 41561U 08067K   16332.89140754 +.00002020 +00000-0 +75156-1 0  9990
2 41561 064.9563 325.0322 5291764 057.0364 343.2779 04.40701229010654
0 SL-12 DEB
1 41561U 08067K   16333.11832092  .00002116  00000-0  78618-1 0  9991
2 41561  64.9565 324.9538 5291915  57.0248 343.2827  4.40702221 10660
0 SL-12 DEB
1 41561U 08067K   16333.79905660 +.00002419 +00000-0 +89476-1 0  9997
2 41561 064.9574 324.7189 5292415 056.9895 343.2973 04.40705977010698
0 SL-12 DEB
1 41561U 08067K   16334.25287614  .00002272  00000-0  83877-1 0  9997
2 41561  64.9579 324.5623 5292745  56.9662 343.3066  4.40708885 10710
0 SL-12 DEB
1 41561U 08067K   16335.38741666  .00002365  00000-0  86798-1 0  9992
2 41561  64.9589 324.1705 5293582  56.9073 343.3296  4.40714284 10764
0 SL-12 DEB
1 41561U 08067K   16335.84122818 +.00001822 +00000-0 +66752-1 0  9990
2 41561 064.9608 324.0153 5293937 056.8867 343.3375 04.40716339010789
0 SL-12 DEB
1 41561U 08067K   16336.29503535 +.00002652 +00000-0 +96904-1 0  9993
2 41561 064.9598 323.8570 5294124 056.8640 343.3453 04.40720187010801
0 SL-12 DEB
1 41561U 08067K   16337.20264220  .00001760  00000-0  64075-1 0  9993
2 41561  64.9607 323.5430 5294813  56.8183 343.3627  4.40725256 10840
0 SL-12 DEB
1 41561U 08067K   16337.42954169 +.00001937 +00000-0 +70440-1 0  9994
2 41561 064.9608 323.4649 5294949 056.8073 343.3668 04.40727084010857
0 SL-12 DEB
1 41561U 08067K   16338.11023952  .00002405  00000-0  86917-1 0  9995
2 41561  64.9621 323.2299 5295753  56.7695 343.3830  4.40731161 10889
0 SL-12 DEB
1 41561U 08067K   16339.47160836  .00003341  00000-0  11984+0 0  9998
2 41561  64.9645 322.7650 5296699  56.7043 343.4090  4.40742412 10944
0 SL-12 DEB
1 41561U 08067K   16340.83294759  .00003924  00000-0  13961+0 0  9996
2 41561  64.9660 322.2946 5297847  56.6356 343.4394  4.40753143 11004
0 SL-12 DEB
1 41561U 08067K   16341.74048642 +.00004091 +00000-0 +14473+0 0  9990
2 41561 064.9668 321.9809 5298652 056.5905 343.4606 04.40761758011041
0 SL-12 DEB
1 41561U 08067K   16342.19424933  .00003495  00000-0  12334+0 0  9992
2 41561  64.9674 321.8231 5298986  56.5684 343.4708  4.40765410 11064
0 SL-12 DEB
1 41561U 08067K   16342.42112672 +.00005004 +00000-0 +17644+0 0  9999
2 41561 064.9676 321.7440 5299132 056.5576 343.4757 04.40770305011075
0 SL-12 DEB
1 41561U 08067K   16343.10176228  .00004003  00000-0  14026+0 0  9991
2 41561  64.9681 321.5103 5300033  56.5211 343.4946  4.40774609 11109
0 SL-12 DEB
1 41561U 08067K   16343.78238077 +.00006176 +00000-0 +21535+0 0  9992
2 41561 064.9690 321.2753 5300871 056.4854 343.5126 04.40785430011137
0 SL-12 DEB
1 41561U 08067K   16343.78238077  .00006176  00000-0  21535+0 0  9992
2 41561  64.9690 321.2753 5300871  56.4854 343.5126  4.40785430 11137
0 SL-12 DEB
1 41561U 08067K   16343.78241258  .00001760  00000-0  10000-3 0  9990
2 41561  64.9641 321.1716 5300944  56.5614 343.5067  4.40768222753796
0 SL-12 DEB
1 41561U 08067K   16345.37042541  .00004824  00000-0  16689+0 0  9990
2 41561  64.9695 320.7223 5301959  56.4118 343.5443  4.40806211 11200
0 SL-12 DEB
1 41561U 08067K   16345.82415543  .00004125  00000-0  14076+0 0  9998
2 41561  64.9671 320.5699 5304220  56.3356 343.5835  4.40808547 11227
0 SL-12 DEB
1 41561U 08067K   16346.27785236  .00013551  00000-0  46055+0 0  9992
2 41561  64.9696 320.4128 5304944  56.3220 343.5911  4.40830538 11245
0 SL-12 DEB
1 41561U 08067K   16346.73155894  .00004093  00000-0  13852+0 0  9994
2 41561  64.9706 320.2549 5305576  56.3032 343.5997  4.40825053 11267
0 SL-12 DEB
1 41561U 08067K   16348.09259885  .00010643  00000-0  35450+0 0  9996
2 41561  64.9724 319.7878 5308152  56.2280 343.6345  4.40860563 11322
0 SL-12 DEB
1 41561U 08067K   16348.54624264  .00012074  00000-0  40360+0 0  9999
2 41561  64.9701 319.6147 5307477  56.2697 343.6131  4.40874936 11340
0 SL-12 DEB
1 41561U 08067K   16348.99990191  .00012538  00000-0  41245+0 0  9991
2 41561  64.9671 319.4613 5310106  56.2353 343.6376  4.40881340 11364
0 SL-12 DEB
1 41561U 08067K   16349.90716368 +.00013367 +00000-0 +43285+0 0  9992
2 41561 064.9709 319.1496 5312558 056.1824 343.6654 04.40906819011400
0 SL-12 DEB
1 41561U 08067K   16349.90717653  .00001758  00000-0  57563-1 0  9997
2 41561  64.9744 319.1509 5310703  56.1502 343.6864  4.40892551754063
0 SL-12 DEB
1 41561U 08067K   16350.36076444  .00013262  00000-0  43034+0 0  9994
2 41561  64.9730 318.9835 5312127  56.1595 343.6691  4.40921490 11420
0 SL-12 DEB
1 41561U 08067K   16351.04117523  .00016362  00000-0  51943+0 0  9996
2 41561  64.9704 318.7488 5315578  56.1238 343.6983  4.40939552 11455
0 SL-12 DEB
1 41561U 08067K   16352.40186846  .00010710  00000-0  33366+0 0  9991
2 41561  64.9783 318.2727 5318487  56.0997 343.7196  4.40972674 11512
0 SL-12 DEB
1 41561U 08067K   16353.08217144  .00022724  00000-0  69022+0 0  9998
2 41561  64.9798 318.0436 5322170  56.0606 343.7533  4.41014876 11544
0 SL-12 DEB
1 41561U 08067K   16353.30892118  .00025850  00000-0  78557+0 0  9999
2 41561  64.9771 317.9582 5321996  56.0209 343.7666  4.41025013 11552
0 SL-12 DEB
1 41561U 08067K   16354.89610603  .00014684  00000-0  43016+0 0  9996
2 41561  64.9861 317.4046 5327609  55.9050 343.8398  4.41066778 11625
0 SL-12 DEB
1 41561U 08067K   16355.80295543  .00026634  00000-0  75768+0 0  9997
2 41561  64.9774 317.0908 5331773  55.9228 343.8572  4.41126215 11666
0 SL-12 DEB
1 41561U 08067K   16356.02966480  .00018063  00000-0  51137+0 0  9998
2 41561  64.9775 317.0123 5332591  55.9099 343.8665  4.41121208 11672
0 SL-12 DEB
1 41561U 08067K   16356.70973312  .00018538  00000-0  51675+0 0  9999
2 41561  64.9788 316.7777 5334780  55.8730 343.8923  4.41153521 11704
0 SL-12 DEB
1 41561U 08067K   16357.38972661  .00031033  00000-0  85784+0 0  9993
2 41561  64.9816 316.5350 5335664  55.8238 343.9149  4.41207937 11731
0 SL-12 DEB
1 41561U 08067K   16357.61640919 +.00024690 +00000-0 +67562+0 0  9992
2 41561 064.9746 316.4478 5337294 055.8316 343.9210 04.41203257011742
0 SL-12 DEB
1 41561U 08067K   16357.61640919  .00024690  00000-0  67562+0 0  9992
2 41561  64.9746 316.4478 5337294  55.8316 343.9210  4.41203257 11742
0 SL-12 DEB
1 41561U 08067K   16358.52302032  .00024968  00000-0  66060+0 0  9994
2 41561  64.9584 316.1338 5342226  55.7798 343.9660  4.41246045 11783
0 SL-12 DEB
1 41561U 08067K   16359.20290679  .00024582  00000-0  64054+0 0  9996
2 41561  64.9603 315.8973 5344352  55.7440 343.9895  4.41276690 11815
0 SL-12 DEB
1 41561U 08067K   16359.42949648  .00000001  00000-0  00000+0 0  9998
2 41561  64.9706 315.8170 5345878  55.7286 344.0029  4.41320524 11828
0 SL-12 DEB
1 41561U 08067K   16359.88274842  .00000159  00000-0  40186-2 0  9991
2 41561  64.9724 315.6601 5347837  55.7139 344.0179  4.41283013 11848
0 SL-12 DEB
1 41561U 08067K   16361.01569099  .00017122  00000-0  42488+0 0  9992
2 41561  64.9772 315.2653 5351259  55.6770 344.0467  4.41356080 11897
0 SL-12 DEB
1 41561U 08067K   16363.28111009  .00024958  00000-0  58549+0 0  9997
2 41561  64.9625 314.4587 5358788  55.5835 344.1133  4.41486244 11994
0 SL-12 DEB
1 41561U 08067K   16363.96066844 +.00016006 +00000-0 +36827+0 0  9998
2 41561 064.9647 314.2211 5361705 055.5502 344.1388 04.41483799012023
0 SL-12 DEB
1 41561U 08067K   16364.18715795  .00028794  00000-0  66104+0 0  9997
2 41561  64.9618 314.1413 5361803  55.5380 344.1430  4.41516018 12037
0 SL-12 DEB
1 41561U 08067K   16364.41362322  .00035156  00000-0  78952+0 0  9991
2 41561  64.9708 314.0611 5364388  55.5291 344.1595  4.41609245 12046
0 SL-12 DEB
1 41561U 08067K   16365.99896183  .00015154  00000-0  33437+0 0  9997
2 41561  64.9821 313.5032 5367130  55.4922 344.1844  4.41583846 12114
0 SL-12 DEB
1 41561U 08067K   17002.03686837  .00019875  00000-0  42200+0 0  9996
2 41561  64.9829 312.7813 5372069  55.3967 344.2445  4.41677637 12205
0 SL-12 DEB
1 41561U 08067K   17002.48966669  .00023327  00000-0  49587+0 0  9991
2 41561  64.9689 312.6121 5371704  55.3980 344.2426  4.41705062 12225
0 SL-12 DEB
1 41561U 08067K   17002.94249761 +.00005514 +00000-0 +11607+0 0  9999
2 41561 064.9699 312.4509 5372951 055.3815 344.2556 04.41688549012242
0 SL-12 DEB
1 41561U 08067K   17003.16889406  .00013131  00000-0  27559+0 0  9997
2 41561  64.9700 312.3713 5373483  55.3749 344.2611  4.41704783 12250
0 SL-12 DEB
1 41561U 08067K   17003.39527503  .00025904  00000-0  54030+0 0  9994
2 41561  64.9707 312.2926 5374260  55.3740 344.2659  4.41733004 12268
0 SL-12 DEB
1 41561U 08067K   17003.84806721  .00014382  00000-0  30000+0 0  9995
2 41561  64.9745 312.1317 5374203  55.3803 344.2640  4.41728986 12285
0 SL-12 DEB
1 41561U 08067K   17004.52721075  .00016612  00000-0  34279+0 0  9999
2 41561  64.9760 311.8898 5375611  55.3501 344.2828  4.41752478 12316
0 SL-12 DEB
1 41561U 08067K   17004.97996673  .00011696  00000-0  24035+0 0  9992
2 41561  64.9758 311.7279 5376135  55.3320 344.2922  4.41755260 12335
0 SL-12 DEB
1 41561U 08067K   17005.43270476  .00014580  00000-0  29838+0 0  9991
2 41561  64.9743 311.5663 5376669  55.3128 344.3019  4.41769446 12353
0 SL-12 DEB
1 41561U 08067K   17007.24356915  .00009402  00000-0  18935+0 0  9998
2 41561  64.9729 310.9173 5378718  55.2331 344.3379  4.41799696 12436
0 SL-12 DEB
1 41561U 08067K   17007.92261038 +.00009256 +00000-0 +18545+0 0  9998
2 41561 064.9721 310.6739 5379425 055.2033 344.3500 04.41811059012465
0 SL-12 DEB
1 41561U 08067K   17007.92261038  .00009256  00000-0  18545+0 0  9998
2 41561  64.9721 310.6739 5379425  55.2033 344.3500  4.41811059 12465
0 SL-12 DEB
1 41561U 08067K   17009.05431100  .00007340  00000-0  14601+0 0  9994
2 41561  64.9721 310.2694 5380410  55.1558 344.3672  4.41825545 12519
0 SL-12 DEB
1 41561U 08067K   17010.41230334  .00007573  00000-0  14909+0 0  9991
2 41561  64.9706 309.7818 5381885  55.0975 344.3898  4.41843353 12575
0 SL-12 DEB
1 41561U 08067K   17011.09127969 +.00006725 +00000-0 +13164+0 0  9995
2 41561 064.9698 309.5377 5382692 055.0675 344.4022 04.41851333012608
0 SL-12 DEB
1 41561U 08067K   17012.22288037  .00007333  00000-0  14186+0 0  9996
2 41561  64.9712 309.1355 5384322  55.0210 344.4247  4.41866270 12654
0 SL-12 DEB
1 41561U 08067K   17013.80705402  .00007208  00000-0  13660+0 0  9998
2 41561  64.9681 308.5505 5387099  54.9403 344.4675  4.41889662 12728
0 SL-12 DEB
1 41561U 08067K   17014.03335827 +.00007517 +00000-0 +14186+0 0  9991
2 41561 064.9666 308.4720 5387670 054.9338 344.4731 04.41893138012738
0 SL-12 DEB
1 41561U 08067K   17015.16484627  .00010617  00000-0  19641+0 0  9995
2 41561  64.9695 308.0733 5390240  54.8960 344.5020  4.41916821 12789
0 SL-12 DEB
1 41561U 08067K   17016.07000572  .00011866  00000-0  21555+0 0  9993
2 41561  64.9654 307.7456 5392658  54.8505 344.5328  4.41932686 12825
0 SL-12 DEB
1 41561U 08067K   17017.20139530  .00014377  00000-0  25175+0 0  9998
2 41561  64.9683 307.3501 5397524  54.8009 344.5784  4.41963487 12874
0 SL-12 DEB
1 41561U 08067K   17018.78521748  .00019119  00000-0  31574+0 0  9997
2 41561  64.9630 306.7586 5405172  54.7377 344.6432  4.42015401 12942
0 SL-12 DEB
1 41561U 08067K   17019.01146982  .00005366  00000-0  88123-1 0  9990
2 41561  64.9612 306.6729 5406067  54.7272 344.6517  4.42000670 12955
0 SL-12 DEB
1 41561U 08067K   17019.23770907  .00008445  00000-0  13753+0 0  9990
2 41561  64.9600 306.5902 5407112  54.7199 344.6598  4.42012337 12967
0 SL-12 DEB
1 41561U 08067K   17020.14264464  .00014795  00000-0  23188+0 0  9996
2 41561  64.9599 306.2823 5412005  54.6328 344.7158  4.42049380 13000
0 SL-12 DEB
1 41561U 08067K   17021.04750506  .00012751  00000-0  19261+0 0  9990
2 41561  64.9543 305.9437 5416702  54.6011 344.7509  4.42081028 13042
0 SL-12 DEB
1 41561U 08067K   17023.08312646  .00024647  00000-0  33077+0 0  9993
2 41561  64.9464 305.1787 5431302  54.5486 344.8434  4.42197429 13133
0 SL-12 DEB
1 41561U 08067K   17023.76155746  .00028895  00000-0  36103+0 0  9996
2 41561  64.9391 304.9077 5439937  54.5360 344.8922  4.42260378 13163
0 SL-12 DEB
1 41561U 08067K   17024.21386573 -.00014255  00000-0 -17408+0 0  9995
2 41561  64.9398 304.7287 5443259  54.5157 344.9162  4.42198795 13189
0 SL-12 DEB
1 41561U 08067K   17026.92659617  .00019736  00000-0  19218+0 0  9995
2 41561  64.9160 303.7026 5468560  54.4330 345.0770  4.42491037 13306
0 SL-12 DEB
1 41561U 08067K   17026.92783928  .00034888  00000-0  35576+0 0  9998
2 41561  64.9125 303.7687 5463273  54.0192 347.1588  4.42470421 13302
0 SL-12 DEB
1 41561U 08067K   17028.73431085 +.00022175 +00000-0 +18075+0 0  9994
2 41561 064.9052 303.0063 5487634 054.4282 345.1821 04.42668059013385
0 SL-12 DEB
1 41561U 08067K   17029.18613559  .00003278  00000-0  25677-1 0  9993
2 41561  64.8908 302.8337 5491495  54.3178 345.2405  4.42693936 13402
0 SL-12 DEB
1 41561U 08067K   17029.86377802  .00010894  00000-0  78505-1 0  9996
2 41561  64.8952 302.5725 5500398  54.3099 345.2913  4.42762118 13430
0 SL-12 DEB
1 41561U 08067K   17030.99290784  .00025939  00000-0  16855+0 0  9999
2 41561  64.8844 302.1309 5510514  54.3141 345.3456  4.42897775 13489
0 SL-12 DEB
1 41561U 08067K   17031.89599328  .00038196  00000-0  22548+0 0  9990
2 41561  64.8762 301.7741 5519737  54.3249 345.3917  4.42999120 13522
0 SL-12 DEB
1 41561U 08067K   17032.79884988 +.00006894 +00000-0 +37699-1 0  9994
2 41561 064.8525 301.4199 5526735 054.3055 345.4353 04.43076444013569
0 SL-12 DEB
1 41561U 08067K   17034.82957020  .00038599  00000-0  17182+0 0  9998
2 41561  64.8615 300.6394 5545130  54.2926 345.5326  4.43324470 13659
0 SL-12 DEB
1 41561U 08067K   17035.28069273  .00008527  00000-0  37311-1 0  9999
2 41561  64.8622 300.4669 5546454  54.2769 345.5436  4.43355553 13675
0 SL-12 DEB
1 41561U 08067K   17035.73178684  .00040531  00000-0  16785+0 0  9997
2 41561  64.8579 300.2857 5551274  54.2788 345.5667  4.43409608 13699
0 SL-12 DEB
1 41561U 08067K   17036.18276876  .00028290  00000-0  11524+0 0  9993
2 41561  64.8604 300.1245 5552095  54.2476 345.5801  4.43508888 13717
0 SL-12 DEB
1 41561U 08067K   17036.85933695  .00039824  00000-0  14958+0 0  9995
2 41561  64.8623 299.8664 5559432  54.2928 345.6014  4.43515402 13741
0 SL-12 DEB
1 41561U 08067K   17037.08482661  .00028019  00000-0  10202+0 0  9995
2 41561  64.8628 299.7761 5562184  54.3087 345.6098  4.43519577 13758
0 SL-12 DEB
1 41561U 08067K   17037.98664785  .00010977  00000-0  37911-1 0  9995
2 41561  64.8588 299.4173 5566507  54.2946 345.6354  4.43573150 13799
0 SL-12 DEB
1 41561U 08067K   17040.91702494 +.00000138 +00000-0 +42970-3 0  9993
2 41561 064.8471 298.2565 5579524 054.2272 345.7277 04.43669764013924
0 SL-12 DEB
1 41561U 08067K   17041.14242072  .00002415  00000-0  70342-2 0  9993
2 41561  64.8463 298.1678 5580571  54.2121 345.7386  4.43679345 13934
0 SL-12 DEB
1 41561U 08067K   17041.81858341  .00005132  00000-0  14469-1 0  9995
2 41561  64.8385 297.8984 5583015  54.2050 345.7557  4.43697343 13961
0 SL-12 DEB
1 41561U 08067K   17042.26934840  .00013881  00000-0  38176-1 0  9995
2 41561  64.8425 297.7414 5584880  54.1943 345.7703  4.43712803 13988
0 SL-12 DEB
1 41561U 08067K   17042.72009375  .00004195  00000-0  11515-1 0  9998
2 41561  64.8441 297.5811 5585047  54.2278 345.7620  4.43717691 14005
0 SL-12 DEB
1 41561U 08067K   17042.94546783 -.00002838 +00000-0 -77490-2 0  9990
2 41561 064.8477 297.4982 5585324 054.2088 345.7703 04.43715595014013
0 SL-12 DEB
1 41561U 08067K   17042.94546783 -.00002838  00000-0 -77490-2 0  9990
2 41561  64.8477 297.4982 5585324  54.2088 345.7703  4.43715595 14013
0 SL-12 DEB
1 41561U 08067K   17043.84693127  .00005840  00000-0  15600-1 0  9993
2 41561  64.8490 297.1495 5587076  54.1966 345.7863  4.43738381 14053
0 SL-12 DEB
1 41561U 08067K   17044.29765253 +.00005954 +00000-0 +15886-1 0  9995
2 41561 064.8477 296.9733 5587155 054.1748 345.7951 04.43740446014071
0 SL-12 DEB
1 41561U 08067K   17045.19907158  .00006068  00000-0  16041-1 0  9998
2 41561  64.8489 296.6215 5587789  54.1386 345.8122  4.43754948 14115
0 SL-12 DEB
1 41561U 08067K   17045.87512130 +.00004631 +00000-0 +12132-1 0  9996
2 41561 064.8477 296.3554 5588478 054.1133 345.8251 04.43761895014146
0 SL-12 DEB
1 41561U 08067K   17046.77650220  .00004537  00000-0  11784-1 0  9996
2 41561  64.8458 296.0076 5589135  54.0846 345.8387  4.43771662 14189
0 SL-12 DEB
1 41561U 08067K   17047.22718437  .00005257  00000-0  13611-1 0  9993
2 41561  64.8479 295.8389 5589351  54.0835 345.8404  4.43777524 14200
0 SL-12 DEB
1 41561U 08067K   17048.80453215  .00011006  00000-0  27776-1 0  9994
2 41561  64.8412 295.2157 5591233  54.0164 345.8719  4.43803753 14271
0 SL-12 DEB
1 41561U 08067K   17049.93114574 +.00007499 +00000-0 +18591-1 0  9997
2 41561 064.8368 294.7702 5592573 053.9792 345.8907 04.43821670014327
0 SL-12 DEB
1 41561U 08067K   17050.15645875  .00008712  00000-0  21468-1 0  9992
2 41561  64.8329 294.6758 5592993  53.9644 345.8977  4.43829345 14331
0 SL-12 DEB
1 41561U 08067K   17050.83238351  .00012548  00000-0  30420-1 0  9994
2 41561  64.8283 294.4074 5594120  53.9426 345.9107  4.43850456 14367
0 SL-12 DEB
1 41561U 08067K   17051.28297947  .00014084  00000-0  33718-1 0  9990
2 41561  64.8258 294.2266 5594998  53.9386 345.9167  4.43866802 14388
0 SL-12 DEB
1 41561U 08067K   17051.73356506 +.00013939 +00000-0 +32771-1 0  9993
2 41561 064.8210 294.0440 5596327 053.9151 345.9314 04.43880442014409
0 SL-12 DEB
1 41561U 08067K   17052.18412983  .00014377  00000-0  33253-1 0  9998
2 41561  64.8161 293.8604 5597480  53.9043 345.9413  4.43897722 14425
0 SL-12 DEB
1 41561U 08067K   17052.63468230 +.00014771 +00000-0 +33155-1 0  9993
2 41561 064.8114 293.6712 5599690 053.8936 345.9567 04.43915120014441
0 SL-12 DEB
1 41561U 08067K   17053.08521915  .00007367  00000-0  16171-1 0  9995
2 41561  64.8048 293.4857 5601290  53.8901 345.9669  4.43930773 14463
0 SL-12 DEB
1 41561U 08067K   17053.76095301  .00040790  00000-0  88143-1 0  9990
2 41561  64.7988 293.2151 5602033  53.8639 345.9807  4.43997959 14490
0 SL-12 DEB
1 41561U 08067K   17054.88705737  .00028765  00000-0  57852-1 0  9996
2 41561  64.7778 292.7461 5607087  53.8747 346.0062  4.44052883 14549
0 SL-12 DEB
1 41561U 08067K   17055.11225045  .00023630  00000-0  46994-1 0  9993
2 41561  64.7774 292.6546 5607750  53.8723 346.0111  4.44076999 14559
0 SL-12 DEB
1 41561U 08067K   17055.78774405  .00055745  00000-0  10599+0 0  9997
2 41561  64.7612 292.3783 5610443  53.8455 346.0357  4.44175882 14581
0 SL-12 DEB
1 41561U 08067K   17056.01288363  .00047694  00000-0  89374-1 0  9990
2 41561  64.7615 292.2837 5611381  53.8328 346.0453  4.44194675 14593
0 SL-12 DEB
1 41561U 08067K   17056.23801164  .00028385  00000-0  52596-1 0  9996
2 41561  64.7628 292.1899 5612077  53.7932 346.0624  4.44209541 14608
0 SL-12 DEB
1 41561U 08067K   17057.13837739  .00037026  00000-0  66557-1 0  9997
2 41561  64.7557 291.8209 5613640  53.7664 346.0819  4.44305769 14648
0 SL-12 DEB
1 41561U 08067K   17057.81355999  .00054618  00000-0  93274-1 0  9997
2 41561  64.7417 291.5481 5616791  53.8174 346.0834  4.44389869 14672
0 SL-12 DEB
1 41561U 08067K   17058.03860987  .00033104  00000-0  55752-1 0  9996
2 41561  64.7330 291.4509 5617872  53.8121 346.0911  4.44372825 14680
0 SL-12 DEB
1 41561U 08067K   17059.83835084  .00070245  00000-0  10778+0 0  9999
2 41561  64.7145 290.7003 5622635  53.7727 346.1298  4.44645372 14767
0 SL-12 DEB
1 41561U 08067K   17060.06324358  .00059859  00000-0  90067-1 0  9992
2 41561  64.7129 290.6016 5623748  53.7773 346.1338  4.44680468 14770
0 SL-12 DEB
1 41561U 08067K   17062.08596540  .00122008  00000-0  16752+0 0  9994
2 41561  64.6857 289.7484 5626328  53.7607 346.1490  4.45227987 14861
0 SL-12 DEB
1 41561U 08067K   17066.34854859  .00090224  00000-0  11483+0 0  9997
2 41561  64.6688 288.0409 5625273  53.4957 346.2234  4.46134265 15051
0 SL-12 DEB
1 41561U 08067K   17067.02092326  .00075623  00000-0  93540-1 0  9998
2 41561  64.6867 287.7884 5626321  53.5235 346.2209  4.46257742 15089
0 SL-12 DEB
1 41561U 08067K   17067.46904359  .00066631  00000-0  81223-1 0  9998
2 41561  64.6782 287.5984 5626741  53.5299 346.2219  4.46336988 15104
0 SL-12 DEB
1 41561U 08067K   17067.69309469  .00062298  00000-0  75811-1 0  9995
2 41561  64.6818 287.5104 5626753  53.4926 346.2343  4.46351587 15118
0 SL-12 DEB
1 41561U 08067K   17068.36512998  .00075487  00000-0  91387-1 0  9993
2 41561  64.6942 287.2622 5626428  53.4991 346.2323  4.46449565 15144
0 SL-12 DEB
1 41561U 08067K   17068.81309819  .00051334  00000-0  62031-1 0  9998
2 41561  64.6876 287.0735 5626308  53.4688 346.2425  4.46484106 15168
0 SL-12 DEB
1 41561U 08067K   17069.70888343  .00054759  00000-0  66034-1 0  9992
2 41561  64.6841 286.7083 5625743  53.4333 346.2531  4.46586803 15201
0 SL-12 DEB
1 41561U 08067K   17069.93281040 +.00042467 +00000-0 +51110-1 0  9990
2 41561 064.6842 286.6183 5625823 053.4301 346.2550 04.46592882015212
0 SL-12 DEB
1 41561U 08067K   17070.15672264  .00040376  00000-0  48544-1 0  9992
2 41561  64.6835 286.5275 5625761  53.4208 346.2580  4.46611264 15222
0 SL-12 DEB
1 41561U 08067K   17070.82841373  .00029972  00000-0  35986-1 0  9990
2 41561  64.6764 286.2480 5625554  53.3944 346.2665  4.46652823 15257
0 SL-12 DEB
1 41561U 08067K   17071.94777182 +.00028302 +00000-0 +33976-1 0  9993
2 41561 064.6692 285.7854 5625123 053.3532 346.2783 04.46717213015303
0 SL-12 DEB
1 41561U 08067K   17072.17162916  .00025457  00000-0  30520-1 0  9992
2 41561  64.6686 285.6939 5625152  53.3492 346.2797  4.46724905 15318
0 SL-12 DEB
1 41561U 08067K   17072.84317149  .00020612  00000-0  24658-1 0  9999
2 41561  64.6644 285.4176 5625119  53.3275 346.2863  4.46749288 15343
0 SL-12 DEB
1 41561U 08067K   17073.73851298 +.00016504 +00000-0 +19634-1 0  9999
2 41561 064.6533 285.0410 5625316 053.3040 346.2940 04.46773392015389
0 SL-12 DEB
1 41561U 08067K   17074.85762250 +.00018539 +00000-0 +21941-1 0  9996
2 41561 064.6367 284.5603 5625458 053.2612 346.3069 04.46806631015435
0 SL-12 DEB
1 41561U 08067K   17075.75285027 +.00022040 +00000-0 +26035-1 0  9999
2 41561 064.6236 284.1908 5625395 053.2413 346.3117 04.46837628015471
0 SL-12 DEB
1 41561U 08067K   17076.87178650 +.00016389 +00000-0 +19166-1 0  9992
2 41561 064.5987 283.6961 5625796 053.2614 346.3062 04.46876612015525
0 SL-12 DEB
1 41561U 08067K   17077.76685109 +.00026958 +00000-0 +31596-1 0  9997
2 41561 064.5691 283.2965 5625386 053.2747 346.2994 04.46916868015564
0 SL-12 DEB
1 41561U 08067K   17079.78043073 +.00008726 +00000-0 +10203-1 0  9994
2 41561 064.5052 282.3710 5624834 053.3822 346.2635 04.47008638015655
0 SL-12 DEB
1 41561U 08067K   17080.67520114 -.00003508 +00000-0 -38552-2 0  9993
2 41561 064.5136 282.0282 5628822 053.2022 346.3416 04.47078602015691
0 SL-12 DEB
1 41561U 08067K   17083.13418108 +.00067060 +00000-0 +68985-1 0  9999
2 41561 064.4655 280.9239 5629358 053.3727 346.2950 04.47555098015807
0 SL-12 DEB
1 41561U 08067K   17084.25117137 +.00058219 +00000-0 +59352-1 0  9995
2 41561 064.4501 280.4873 5628929 053.2330 346.3385 04.47699188015855
0 SL-12 DEB
1 41561U 08067K   17086.03774440 +.00060105 +00000-0 +57886-1 0  9996
2 41561 064.4426 279.7491 5631142 053.1662 346.3701 04.47893857015936
0 SL-12 DEB
1 41561U 08067K   17087.60017917 +.00105289 +00000-0 +97125-1 0  9992
2 41561 064.4411 279.0980 5631824 053.0951 346.3922 04.48190853016004
0 SL-12 DEB
1 41561U 08067K   17089.83065375 +.00051317 +00000-0 +47503-1 0  9997
2 41561 064.3712 278.0962 5629874 053.2563 346.3233 04.48446737016100
0 SL-12 DEB
1 41561U 08067K   17089.83065375 +.00051317 +00000-0 +47503-1 0  9997
2 41561 064.3712 278.0962 5629874 053.2563 346.3233 04.48446737016100
0 SL-12 DEB
1 41561U 08067K   17091.61431604 +.00038581 +00000-0 +36495-1 0  9994
2 41561 064.3565 277.3418 5627612 053.2259 346.3167 04.48586043016183
0 SL-12 DEB
1 41561U 08067K   17093.84304127 +.00038905 +00000-0 +38386-1 0  9991
2 41561 064.3565 276.4212 5623722 053.2635 346.2842 04.48776271016285
0 SL-12 DEB
1 41561U 08067K   17095.84756780 +.00076153 +00000-0 +80951-1 0  9991
2 41561 064.3154 275.5375 5616544 053.2672 346.2485 04.49150199016373
0 SL-12 DEB
1 41561U 08067K   17096.73797362 +.00042205 +00000-0 +47654-1 0  9995
2 41561 064.3097 275.1651 5611854 053.2963 346.2160 04.49266183016410
0 SL-12 DEB
1 41561U 08067K   17097.62815371 +.00047927 +00000-0 +56234-1 0  9995
2 41561 064.2967 274.7663 5608545 053.2834 346.2031 04.49388009016456
0 SL-12 DEB
1 41561U 08067K   17098.74057007 +.00045891 +00000-0 +58090-1 0  9993
2 41561 064.2842 274.3020 5602650 053.3111 346.1633 04.49518375016505
0 SL-12 DEB
1 41561U 08067K   17099.85262825 +.00058918 +00000-0 +79217-1 0  9990
2 41561 064.2650 273.7904 5597479 053.2521 346.1537 04.49684638016556
0 SL-12 DEB
1 41561U 08067K   17100.74201445 +.00034250 +00000-0 +48924-1 0  9996
2 41561 064.2724 273.4704 5592712 053.3253 346.1041 04.49772568016595
0 SL-12 DEB
1 41561U 08067K   17101.63125801 +.00037664 +00000-0 +59468-1 0  9993
2 41561 064.2553 273.0717 5585240 053.2957 346.0739 04.49839054016635
0 SL-12 DEB
1 41561U 08067K   17103.63167425 +.00024812 +00000-0 +45801-1 0  9990
2 41561 064.2271 272.2072 5573171 053.2584 346.0212 04.49937988016724
0 SL-12 DEB
1 41561U 08067K   17104.74285494 +.00022902 +00000-0 +45708-1 0  9994
2 41561 064.2144 271.7203 5566867 053.2262 345.9988 04.49996909016771
0 SL-12 DEB
1 41561U 08067K   17105.63174603 +.00015581 +00000-0 +32595-1 0  9997
2 41561 064.1991 271.3489 5563173 053.1836 345.9938 04.50000588016816
0 SL-12 DEB
1 41561U 08067K   17106.74280524 +.00013810 +00000-0 +30233-1 0  9990
2 41561 064.1897 270.8910 5559422 053.1441 345.9884 04.50022142016863
0 SL-12 DEB
1 41561U 08067K   17107.63163530 +.00012885 +00000-0 +29126-1 0  9996
2 41561 064.1788 270.5253 5556761 053.1190 345.9841 04.50034000016907
0 SL-12 DEB
1 41561U 08067K   17108.74266272 +.00008342 +00000-0 +19175-1 0  9992
2 41561 064.1707 270.0556 5555239 053.1165 345.9787 04.50029578016958
0 SL-12 DEB
1 41561U 08067K   17109.63147718 +.00012502 +00000-0 +29138-1 0  9997
2 41561 064.1593 269.6835 5554145 053.0696 345.9893 04.50046326016990
0 SL-12 DEB
1 41561U 08067K   17110.52026116 +.00010754 +00000-0 +25282-1 0  9998
2 41561 064.1570 269.3215 5553254 053.0512 345.9913 04.50062519017032
0 SL-12 DEB
1 41561U 08067K   17111.63119102 +.00007238 +00000-0 +17353-1 0  9992
2 41561 064.1375 268.8207 5551354 053.0022 345.9973 04.50078483017083
0 SL-12 DEB
1 41561U 08067K   17113.40853302 +.00019327 +00000-0 +47826-1 0  9996
2 41561 064.1239 268.0852 5548794 052.9772 345.9891 04.50142298017168
0 SL-12 DEB
1 41561U 08067K   17114.51926567 +.00014412 +00000-0 +35853-1 0  9990
2 41561 064.1184 267.6275 5548149 052.9784 345.9818 04.50166746017217
0 SL-12 DEB
1 41561U 08067K   17115.40781155 +.00010904 +00000-0 +27328-1 0  9991
2 41561 064.1159 267.2631 5547391 052.9571 345.9815 04.50181786017255
0 SL-12 DEB
1 41561U 08067K   17116.51847385 +.00004738 +00000-0 +12002-1 0  9993
2 41561 064.1110 266.8043 5546141 052.9378 345.9775 04.50184676017303
0 SL-12 DEB
1 41561U 08067K   17117.85127045 -.00000924 +00000-0 -25060-2 0  9999
2 41561 064.1026 266.2493 5544548 052.9386 345.9659 04.50176777017360
0 SL-12 DEB
1 41561U 08067K   17118.51768127 -.00002381 +00000-0 -63912-2 0  9992
2 41561 064.0959 265.9699 5543471 052.9216 345.9650 04.50169552017391
0 SL-12 DEB
1 41561U 08067K   17119.62839438 -.00004179 +00000-0 -11451-1 0  9996
2 41561 064.0913 265.5142 5541328 052.9057 345.9591 04.50153854017440
0 SL-12 DEB
1 41561U 08067K   17119.62839438 -.00004179 +00000-0 -11451-1 0  9996
2 41561 064.0913 265.5142 5541328 052.9057 345.9591 04.50153854017440
0 SL-12 DEB
1 41561U 08067K   17122.51658212 -.00016353 +00000-0 -50235-1 0  9997
2 41561 064.0728 264.3208 5531761 052.8700 345.9250 04.50052629017572
0 SL-12 DEB
1 41561U 08067K   17124.51660949 -.00031011 +00000-0 -11040+0 0  9996
2 41561 064.0523 263.4850 5519620 052.8479 345.8708 04.49913857017665
0 SL-12 DEB
1 41561U 08067K   17127.40656166 -.00027169 +00000-0 -12768+0 0  9990
2 41561 064.0290 262.2884 5494953 052.8098 345.7541 04.49722181017794
0 SL-12 DEB
1 41561U 08067K   17127.85127725 -.00034078 +00000-0 -16967+0 0  9995
2 41561 064.0266 262.1090 5489550 052.7617 345.7419 04.49683931017814
0 SL-12 DEB
1 41561U 08067K   17128.51838587 -.00030572 +00000-0 -16123+0 0  9993
2 41561 064.0209 261.8363 5484027 052.7731 345.7093 04.49654208017847
0 SL-12 DEB
1 41561U 08067K   17129.63034276 -.00032384 +00000-0 -18420+0 0  9995
2 41561 064.0109 261.3680 5476778 052.7072 345.6934 04.49593600017891
0 SL-12 DEB
1 41561U 08067K   17132.52186416 -.00011461 +00000-0 -72587-1 0  9990
2 41561 064.0098 260.2506 5465986 052.6497 345.6605 04.49558770018022
0 SL-12 DEB
1 41561U 08067K   17133.41163061 -.00010784 +00000-0 -70328-1 0  9998
2 41561 064.0000 259.8743 5463027 052.6010 345.6638 04.49545494018066
0 SL-12 DEB
1 41561U 08067K   17136.52614728 -.00005094 +00000-0 -34201-1 0  9992
2 41561 064.0056 258.6575 5460814 052.5098 345.6908 04.49489125018207
0 SL-12 DEB
1 41561U 08067K   17137.41610685 -.00016217 +00000-0 -11072+0 0  9997
2 41561 064.0002 258.2934 5458836 052.4951 345.6873 04.49441234018245
0 SL-12 DEB
1 41561U 08067K   17138.52864602 -.00014708 +00000-0 -10620+0 0  9991
2 41561 064.0011 257.8637 5453119 052.4079 345.6882 04.49391634018293
0 SL-12 DEB
1 41561U 08067K   17138.52864602 -.00014708 +00000-0 -10620+0 0  9991
2 41561 064.0011 257.8637 5453119 052.4079 345.6882 04.49391634018293
0 SL-12 DEB
1 41561U 08067K   17139.41876346 -.00020506 +00000-0 -15346+0 0  9991
2 41561 063.9989 257.5097 5449356 052.3579 345.6855 04.49353505018334
0 SL-12 DEB
1 41561U 08067K   17140.30892645 -.00013371 +00000-0 -10583+0 0  9991
2 41561 063.9939 257.1477 5443416 052.3942 345.6427 04.49320776018375
0 SL-12 DEB
1 41561U 08067K   17141.42173331 -.00015052 +00000-0 -12461+0 0  9994
2 41561 063.9953 256.7123 5438497 052.3346 345.6357 04.49289740018428
0 SL-12 DEB
1 41561U 08067K   17141.64429928 -.00014287 +00000-0 -12138+0 0  9994
2 41561 063.9972 256.6298 5435625 052.2956 345.6338 04.49278283018437
0 SL-12 DEB
1 41561U 08067K   17142.53461164 -.00013323 +00000-0 -11658+0 0  9997
2 41561 064.0020 256.2858 5432363 052.2567 345.6288 04.49259032018474
0 SL-12 DEB
1 41561U 08067K   17144.53797141 -.00010349 +00000-0 -94601-1 0  9992
2 41561 064.0018 255.5007 5427585 052.1897 345.6257 04.49221979018569
0 SL-12 DEB
1 41561U 08067K   17145.87364191 -.00003842 +00000-0 -35824-1 0  9997
2 41561 064.0032 254.9836 5425934 052.1635 345.6278 04.49205331018628
0 SL-12 DEB
1 41561U 08067K   17146.54151194 -.00010247 +00000-0 -95600-1 0  9994
2 41561 064.0017 254.7253 5425479 052.1308 345.6379 04.49184505018657
0 SL-12 DEB
1 41561U 08067K   17147.43204921 -.00011795 +00000-0 -11204+0 0  9995
2 41561 064.0007 254.3761 5423530 052.1073 345.6384 04.49154500018693
0 SL-12 DEB
1 41561U 08067K   17148.32266808 -.00020074 +00000-0 -19523+0 0  9998
2 41561 063.9969 254.0205 5420961 052.0689 345.6407 04.49104576018734
0 SL-12 DEB
1 41561U 08067K   17148.32266808 -.00020074 +00000-0 -19523+0 0  9998
2 41561 063.9969 254.0205 5420961 052.0689 345.6407 04.49104576018734
0 SL-12 DEB
1 41561U 08067K   17150.77243300 -.00015326 +00000-0 -16827+0 0  9990
2 41561 064.0007 253.0736 5407452 051.9869 345.6041 04.48934952018849
0 SL-12 DEB
1 41561U 08067K   17151.44071860 -.00027288 +00000-0 -32154+0 0  9996
2 41561 064.0049 252.8189 5399104 051.9431 345.5771 04.48858315018873
0 SL-12 DEB
1 41561U 08067K   17153.44603852 -.00020292 +00000-0 -27208+0 0  9992
2 41561 064.0136 252.0643 5383437 051.8513 345.5281 04.48727624018963
0 SL-12 DEB
1 41561U 08067K   17154.33747449 -.00028632 +00000-0 -40916+0 0  9999
2 41561 064.0193 251.7211 5375500 051.7960 345.5064 04.48660466019005
0 SL-12 DEB
1 41561U 08067K   17156.56644770 -.00029565 +00000-0 -47652+0 0  9999
2 41561 064.0420 250.9022 5359853 051.6743 345.4704 04.48572981019105
0 SL-12 DEB
1 41561U 08067K   17156.78935969 -.00013848 +00000-0 -22521+0 0  9991
2 41561 064.0455 250.8182 5358579 051.6673 345.4668 04.48582344019119
0 SL-12 DEB
1 41561U 08067K   17157.68107578 -.00020529 +00000-0 -34088+0 0  9993
2 41561 064.0341 250.4603 5355922 051.6348 345.4666 04.48553196019150
0 SL-12 DEB
1 41561U 08067K   17158.79578723 -.00002202 +00000-0 -37298-1 0  9996
2 41561 064.0523 250.0639 5354210 051.5485 345.4908 04.48538309019201
0 SL-12 DEB
1 41561U 08067K   17159.68759242 +.00003530 +00000-0 +59277-1 0  9996
2 41561 064.0515 249.7275 5353642 051.5165 345.5023 04.48530675019247
0 SL-12 DEB
1 41561U 08067K   17160.35646297 -.00006764 +00000-0 -11558+0 0  9999
2 41561 064.0531 249.4753 5352665 051.4986 345.5063 04.48513130019271
0 SL-12 DEB
1 41561U 08067K   17161.47129539 -.00004834 +00000-0 -83648-1 0  9995
2 41561 064.0543 249.0526 5351380 051.4687 345.5147 04.48493663019326
0 SL-12 DEB
1 41561U 08067K   17162.36321270 -.00011994 +00000-0 -21032+0 0  9992
2 41561 064.0552 248.7122 5349299 051.4506 345.5139 04.48459096019367
0 SL-12 DEB
1 41561U 08067K   17163.25520413 -.00016452 +00000-0 -29847+0 0  9997
2 41561 064.0574 248.3833 5344729 051.3979 345.5120 04.48415006019400
0 SL-12 DEB
1 41561U 08067K   17163.25523962 -.00010316  00000-0  00000+0 0  9991
2 41561  64.0646 248.3580 5362696  51.3622 345.6327  4.48446657734384
0 SL-12 DEB
1 41561U 08067K   17164.37034562 -.00024113 +00000-0 -45922+0 0  9991
2 41561 064.0720 247.9715 5338399 051.3256 345.5077 04.48318562019456
0 SL-12 DEB
1 41561U 08067K   17168.16326029 -.00031389 +00000-0 -72287+0 0  9991
2 41561 064.1225 246.6374 5312072 051.0913 345.4564 04.48064970019621
0 SL-12 DEB
1 41561U 08067K   17171.28819893 -.00012030 +00000-0 -32639+0 0  9993
2 41561 064.1645 245.5073 5287698 050.8679 345.4121 04.47946162019767
0 SL-12 DEB
1 41561U 08067K   17171.28819893 -.00012030 +00000-0 -32639+0 0  9993
2 41561 064.1645 245.5073 5287698 050.8679 345.4121 04.47946162019767
0 SL-12 DEB
1 41561U 08067K   17172.62771718 -.00007020 +00000-0 -19563+0 0  9999
2 41561 064.1673 245.0149 5284159 050.8224 345.4134 04.47900211019828
0 SL-12 DEB
1 41561U 08067K   17178.43335581 -.00011131 +00000-0 -34217+0 0  9999
2 41561 064.2025 242.9061 5268929 050.5689 345.4349 04.47741222020081
0 SL-12 DEB
1 41561U 08067K   17179.32675731 -.00020447 +00000-0 -64862+0 0  9991
2 41561 064.2173 242.5936 5263891 050.5269 345.4232 04.47691497020123
0 SL-12 DEB
1 41561U 08067K   17180.44361410 -.00017573 +00000-0 -58150+0 0  9991
2 41561 064.2416 242.2176 5257132 050.4401 345.4181 04.47646303020178
0 SL-12 DEB
1 41561U 08067K   17180.44361410 -.00017573 +00000-0 -58150+0 0  9991
2 41561 064.2416 242.2176 5257132 050.4401 345.4181 04.47646303020178
0 SL-12 DEB
1 41561U 08067K   17181.33718342 -.00018821 +00000-0 -64854+0 0  9995
2 41561 064.2597 241.9138 5250576 050.3926 345.4012 04.47601864020219
0 SL-12 DEB
1 41561U 08067K   17182.00741359 -.00026284 +00000-0 -93559+0 0  9990
2 41561 064.2773 241.6942 5245267 050.3396 345.3932 04.47565216020240
0 SL-12 DEB
1 41561U 08067K   17184.24177866 -.00010706 +00000-0 -41815+0 0  9994
2 41561 064.3286 240.9634 5229911 050.1515 345.3858 04.47490840020347
0 SL-12 DEB
1 41561U 08067K   17184.24177866 -.00010706 +00000-0 -41815+0 0  9994
2 41561 064.3286 240.9634 5229911 050.1515 345.3858 04.47490840020347
0 SL-12 DEB
1 41561U 08067K   17197.20431132 +.00000944 +00000-0 +42298-1 0  9992
2 41561 064.4645 236.4877 5195340 049.4708 345.4627 04.47409696020927
0 SL-12 DEB
1 41561U 08067K   17207.26159061 +.00000820 +00000-0 +41437-1 0  9995
2 41561 064.5761 233.0729 5174842 048.8473 345.5737 04.47417901021373
0 SL-12 DEB
1 41561U 08067K   17209.49661292 +.00004567 +00000-0 +24197+0 0  9990
2 41561 064.6044 232.3078 5172403 048.8393 345.5598 04.47423884021472
0 SL-12 DEB
1 41561U 08067K   17210.16712394 +.00006017 +00000-0 +31996+0 0  9993
2 41561 064.6050 232.0832 5171965 048.7750 345.5799 04.47424100021501
0 SL-12 DEB
1 41561U 08067K   17212.17863797 +.00003710 +00000-0 +19627+0 0  9994
2 41561 064.6324 231.4055 5171577 048.6717 345.6164 04.47431349021595
0 SL-12 DEB
1 41561U 08067K   17215.53112417 +.00001148 +00000-0 +57998-1 0  9991
2 41561 064.6877 230.2982 5171889 048.4818 345.6899 04.47439264021746
0 SL-12 DEB
1 41561U 08067K   17215.53112417 +.00001148 +00000-0 +57998-1 0  9991
2 41561 064.6877 230.2982 5171889 048.4818 345.6899 04.47439264021746
0 SL-12 DEB
1 41561U 08067K   17216.20164458 -.00001938 +00000-0 -10675+0 0  9996
2 41561 064.7099 230.0669 5172565 048.4684 345.6980 04.47426224021772
0 SL-12 DEB
1 41561U 08067K   17217.54263680 +.00008802 +00000-0 +46419+0 0  9991
2 41561 064.6785 229.6341 5173057 048.3837 345.7288 04.47451171021838
0 SL-12 DEB
1 41561U 08067K   17245.03229524 -.00003992 +00000-0 -13675+0 0  9990
2 41561 065.0741 220.3973 5254664 046.7762 346.6118 04.47478256023069
0 SL-12 DEB
1 41561U 08067K   17251.96005128 -.00007415  00000-0 -21612+0 0  9995
2 41561  65.1684 218.0478 5280652  46.4993 346.8055  4.47443762 23379
0 SL-12 DEB
1 41561U 08067K   17253.97131678 -.00007132  00000-0 -20014+0 0  9999
2 41561  65.1804 217.3475 5286693  46.3719 346.8789  4.47474406 23461
0 SL-12 DEB
1 41561U 08067K   17254.64179694 -.00006772  00000-0 -17940+0 0  9997
2 41561  65.2190 217.1510 5295967  46.3661 346.9237  4.47472768 23499
0 SL-12 DEB
1 41561U 08067K   17257.10008433 -.00012838  00000-0 -31490+0 0  9999
2 41561  65.2608 216.3392 5307187  46.1831 347.0330  4.47483206 23605
0 SL-12 DEB
1 41561U 08067K   17264.92344094 +.00000679 +00000-0 +15858-1 0  9993
2 41561 065.2594 213.5482 5310730 045.7540 350.5964 04.47503412023949
0 SL-12 DEB
1 41561U 08067K   17264.92344094  .00000679  00000-0  15858-1 0  9993
2 41561  65.2594 213.5482 5310730  45.7540 350.5964  4.47503412 23950
0 SL-12 DEB
1 41561U 08067K   17272.96583056  .00007571  00000-0  15287+0 0  9991
2 41561  65.2485 210.6264 5335027  45.1289 347.4973  4.47557364 24316
0 SL-12 DEB
1 41561U 08067K   17277.88115373 +.00009647 +00000-0 +18018+0 0  9991
2 41561 065.2542 208.8623 5345854 044.9130 347.6123 04.47630212024536
0 SL-12 DEB
1 41561U 08067K   17277.88115373  .00009647  00000-0  18018+0 0  9991
2 41561  65.2542 208.8623 5345854  44.9130 347.6123  4.47630212 24536
0 SL-12 DEB
1 41561U 08067K   17280.78527205  .00009594  00000-0  17008+0 0  9994
2 41561  65.2566 207.8174 5352768  44.7762 347.6990  4.47677840 24667
0 SL-12 DEB
1 41561U 08067K   17282.79561845  .00009377  00000-0  16079+0 0  9991
2 41561  65.2572 207.0917 5357193  44.6978 347.7501  4.47711789 24756
0 SL-12 DEB
1 41561U 08067K   17283.91240700 +.00008982 +00000-0 +15271+0 0  9994
2 41561 065.2631 206.6910 5358335 044.5610 347.7987 04.47730541024802
0 SL-12 DEB
1 41561U 08067K   17283.91240700  .00008982  00000-0  15271+0 0  9994
2 41561  65.2631 206.6910 5358335  44.5610 347.7987  4.47730541 24802
0 SL-12 DEB
1 41561U 08067K   17285.92249040 +.00007264 +00000-0 +12046+0 0  9992
2 41561 065.2761 205.9750 5361837 044.4656 347.8392 04.47764403024894
0 SL-12 DEB
1 41561U 08067K   17285.92249040  .00007264  00000-0  12046+0 0  9992
2 41561  65.2761 205.9750 5361837  44.4656 347.8392  4.47764403 24894
0 SL-12 DEB
1 41561U 08067K   17289.94211021 +.00008686 +00000-0 +13871+0 0  9992
2 41561 065.2737 204.5134 5366733 044.3163 347.9047 04.47845908025079
0 SL-12 DEB
1 41561U 08067K   17289.94211021  .00008686  00000-0  13871+0 0  9992
2 41561  65.2737 204.5134 5366733  44.3163 347.9047  4.47845908 25079
0 SL-12 DEB
1 41561U 08067K   17292.39822199  .00008992  00000-0  13956+0 0  9993
2 41561  65.2720 203.6148 5370047  44.2191 347.9622  4.47892701 25183
0 SL-12 DEB
1 41561U 08067K   17294.85387205  .00009013  00000-0  13497+0 0  9995
2 41561  65.2620 202.7101 5374128  44.0543 348.0451  4.47968448 25290
0 SL-12 DEB
1 41561U 08067K   17300.87974184 +.00012383 +00000-0 +17127+0 0  9991
2 41561 065.2573 200.4991 5383437 043.7917 348.1715 04.48165655025567
0 SL-12 DEB
1 41561U 08067K   17300.87974184  .00012383  00000-0  17127+0 0  9991
2 41561  65.2573 200.4991 5383437  43.7917 348.1715  4.48165655 25567
0 SL-12 DEB
1 41561U 08067K   17301.77223187  .00012699  00000-0  17439+0 0  9997
2 41561  65.2483 200.1696 5384126  43.7722 348.1801  4.48199669 25609
0 SL-12 DEB
1 41561U 08067K   17303.78015533  .00012363  00000-0  16419+0 0  9999
2 41561  65.2395 199.4216 5388004  43.6690 348.2308  4.48258952 25694
0 SL-12 DEB
1 41561U 08067K   17304.89557090  .00009492  00000-0  12405+0 0  9991
2 41561  65.2402 199.0155 5389826  43.6525 348.2477  4.48281616 25747
0 SL-12 DEB
1 41561U 08067K   17305.78785560 +.00007627 +00000-0 +98557-1 0  9997
2 41561 065.2372 198.6786 5391003 043.6367 348.2622 04.48300535025780
0 SL-12 DEB
1 41561U 08067K   17307.79543883  .00004404  00000-0  55195-1 0  9991
2 41561  65.2318 197.9351 5394287  43.5504 348.3140  4.48316293 25873
0 SL-12 DEB
1 41561U 08067K   17309.80296414  .00004734  00000-0  57669-1 0  9994
2 41561  65.2165 197.1725 5397861  43.4800 348.3569  4.48329650 25965
0 SL-12 DEB
1 41561U 08067K   17311.81044120  .00004342  00000-0  51522-1 0  9990
2 41561  65.2040 196.4160 5401441  43.4254 348.3853  4.48337023 26055
0 SL-12 DEB
1 41561U 08067K   17313.81786407  .00002963  00000-0  34321-1 0  9998
2 41561  65.1502 195.5709 5404888  43.3902 348.4024  4.48345564 26143
0 SL-12 DEB
1 41561U 08067K   17315.82526243  .00005854  00000-0  65454-1 0  9994
2 41561  65.1258 194.7833 5409351  43.3168 348.4399  4.48359613 26239
0 SL-12 DEB
1 41561U 08067K   17318.72481507  .00002140  00000-0  22860-1 0  9998
2 41561  65.1329 193.7744 5414159  43.3722 348.4523  4.48356240 26362
0 SL-12 DEB
1 41561U 08067K   17319.61697432 +.00002398 +00000-0 +25210-1 0  9990
2 41561 065.1171 193.4102 5415776 043.3557 348.4686 04.48359659026406
0 SL-12 DEB
1 41561U 08067K   17319.61697432  .00002398  00000-0  25210-1 0  9990
2 41561  65.1171 193.4102 5415776  43.3557 348.4686  4.48359659 26406
0 SL-12 DEB
1 41561U 08067K   17320.06303358  .00011242  00000-0  11824+0 0  9994
2 41561  65.0862 193.1990 5416343  43.4406 348.4472  4.48378493 26421
0 SL-12 DEB
1 41561U 08067K   17322.73946089  .00002516  00000-0  24568-1 0  9999
2 41561  65.0555 192.1833 5423996  43.3997 348.4986  4.48374225 26543
0 SL-12 DEB
1 41561U 08067K   17324.74666012  .00005471  00000-0  51703-1 0  9991
2 41561  65.0336 191.4091 5428656  43.3530 348.5298  4.48404536 26635
0 SL-12 DEB
1 41561U 08067K   17326.08473358  .00011419  00000-0  10387+0 0  9999
2 41561  65.0044 190.8778 5433304  43.3578 348.5432  4.48433501 26694
0 SL-12 DEB
1 41561U 08067K   17326.75374336  .00002769  00000-0  24820-1 0  9996
2 41561  64.9922 190.6131 5434363  43.3653 348.5428  4.48430186 26723
0 SL-12 DEB
1 41561U 08067K   17327.19974637  .00010280  00000-0  90915-1 0  9990
2 41561  64.9796 190.4253 5436529  43.3904 348.5424  4.48440805 26747
0 SL-12 DEB
1 41561U 08067K   17328.76066172  .00008041  00000-0  70497-1 0  9995
2 41561  64.9613 189.8163 5437230  43.4307 348.5286  4.48470476 26816
0 SL-12 DEB
1 41561U 08067K   17329.20662894  .00005336  00000-0  46252-1 0  9994
2 41561  64.9533 189.6453 5438322  43.4345 348.5311  4.48473972 26837
0 SL-12 DEB
1 41561U 08067K   17330.76750664  .00003502  00000-0  29428-1 0  9999
2 41561  64.9348 189.0409 5441300  43.4071 348.5513  4.48474232 26904
0 SL-12 DEB
1 41561U 08067K   17331.21347099  .00003241  00000-0  26902-1 0  9998
2 41561  64.9225 188.8450 5442509  43.3705 348.5680  4.48474991 26925
0 SL-12 DEB
1 41561U 08067K   17332.77439223  .00006510  00000-0  52060-1 0  9997
2 41561  64.8851 188.2076 5447253  43.3386 348.6013  4.48466975 26994
0 SL-12 DEB
1 41561U 08067K   17333.66631272 +.00006530 +00000-0 +50691-1 0  9994
2 41561 064.8651 187.8429 5450309 043.3300 348.6194 04.48490285027038
0 SL-12 DEB
1 41561U 08067K   17334.78116185  .00006883  00000-0  51088-1 0  9991
2 41561  64.8219 187.3610 5455105  43.3510 348.6356  4.48512742 27085
0 SL-12 DEB
1 41561U 08067K   17335.00412970 -.00001778  00000-0 -13698-1 0  9993
2 41561  64.8236 187.2814 5455857  43.3484 348.6398  4.48506758 27090
0 SL-12 DEB
1 41561U 08067K   17335.67302651 -.00006301 +00000-0 -47181-1 0  9991
2 41561 064.8187 187.0382 5456329 043.3286 348.6483 04.48498907027123
0 SL-12 DEB
1 41561U 08067K   17336.11895597 -.00002781  00000-0 -20911-1 0  9997
2 41561  64.8154 186.8677 5457218  43.3017 348.6598  4.48505422 27141
0 SL-12 DEB
1 41561U 08067K   17337.67968497 -.00003894  00000-0 -28499-1 0  9994
2 41561  64.7962 186.2371 5459280  43.2790 348.6697  4.48509761 27218
0 SL-12 DEB
1 41561U 08067K   17339.68622250  .00004593  00000-0  31488-1 0  9998
2 41561  64.7743 185.4668 5463525  43.3380 348.6551  4.48554469 27302
0 SL-12 DEB
1 41561U 08067K   17341.02387394 -.00002618  00000-0 -18009-1 0  9998
2 41561  64.7538 184.9388 5465391  43.2964 348.6654  4.48546451 27369
0 SL-12 DEB
1 41561U 08067K   17341.69265580 +.00002853 +00000-0 +19035-1 0  9992
2 41561 064.7483 184.6694 5466143 043.2826 348.6689 04.48586104027398
0 SL-12 DEB
1 41561U 08067K   17341.69265580  .00002853  00000-0  19035-1 0  9992
2 41561  64.7483 184.6694 5466143  43.2826 348.6689  4.48586104 27398
0 SL-12 DEB
1 41561U 08067K   17342.58439009 -.00000288 +00000-0 -20817-2 0  9993
2 41561 064.7274 184.3073 5468004 043.2535 348.6819 04.48568520027431
0 SL-12 DEB
1 41561U 08067K   17342.58439009 -.00000288  00000-0 -20817-2 0  9993
2 41561  64.7274 184.3073 5468004  43.2535 348.6819  4.48568520 27431
0 SL-12 DEB
1 41561U 08067K   17342.80733926  .00000146  00000-0  78841-3 0  9995
2 41561  64.7139 184.2090 5468960  43.2381 348.6898  4.48556174 27449
0 SL-12 DEB
1 41561U 08067K   17344.81368944 -.00002014 +00000-0 -13335-1 0  9995
2 41561 064.7031 183.4190 5469957 043.1438 348.7228 04.48586885027531
0 SL-12 DEB
1 41561U 08067K   17346.15120041 +.00001242 +00000-0 +76953-2 0  9994
2 41561 064.6785 182.8867 5470608 043.0965 348.7426 04.48600514027591
0 SL-12 DEB
1 41561U 08067K   17348.15740168  .00006113  00000-0  38504-1 0  9995
2 41561  64.6326 182.0606 5471963  43.0625 348.7606  4.48624814 27682
0 SL-12 DEB
1 41561U 08067K   17348.60320525 +.00005709 +00000-0 +35656-1 0  9991
2 41561 064.6216 181.8883 5472676 043.0366 348.7709 04.48637762027701
0 SL-12 DEB
1 41561U 08067K   17348.60320525  .00005709  00000-0  35656-1 0  9991
2 41561  64.6216 181.8883 5472676  43.0366 348.7709  4.48637762 27701
0 SL-12 DEB
1 41561U 08067K   17349.71768904  .00004844  00000-0  30199-1 0  9997
2 41561  64.6042 181.4266 5472661  43.0342 348.7690  4.48644396 27752
0 SL-12 DEB
1 41561U 08067K   17350.60924582 +.00005322 +00000-0 +33001-1 0  9990
2 41561 064.5872 181.0551 5473287 043.0134 348.7740 04.48661455027794
0 SL-12 DEB
1 41561U 08067K   17350.60924582  .00005322  00000-0  33001-1 0  9990
2 41561  64.5872 181.0551 5473287  43.0134 348.7740  4.48661455 27794
0 SL-12 DEB
1 41561U 08067K   17351.50077322  .00007504  00000-0  46471-1 0  9990
2 41561  64.5719 180.6941 5473713  42.9889 348.7783  4.48676666 27833
0 SL-12 DEB
1 41561U 08067K   17355.73537170  .00001018  00000-0  60281-2 0  9991
2 41561  64.4902 178.9648 5474666  42.8940 348.7855  4.48693235 28028
0 SL-12 DEB
1 41561U 08067K   17356.62686701  .00002602  00000-0  15786-1 0  9994
2 41561  64.4872 178.6102 5474708  42.8661 348.7914  4.48687752 28060
0 SL-12 DEB
1 41561U 08067K   17357.74120581  .00000949  00000-0  55318-2 0  9995
2 41561  64.4780 178.1770 5474737  42.8270 348.8019  4.48703002 28112
0 SL-12 DEB
1 41561U 08067K   17358.63266595 +.00003203 +00000-0 +19415-1 0  9993
2 41561 064.4634 177.8101 5474560 042.8059 348.8079 04.48704941028156
0 SL-12 DEB
1 41561U 08067K   17358.63266595  .00003203  00000-0  19415-1 0  9993
2 41561  64.4634 177.8101 5474560  42.8059 348.8079  4.48704941 28156
0 SL-12 DEB
1 41561U 08067K   17360.63840703  .00003199  00000-0  19479-1 0  9999
2 41561  64.4284 176.9896 5473575  42.7836 348.8142  4.48716609 28240
0 SL-12 DEB
1 41561U 08067K   17361.08411945  .00002703  00000-0  16386-1 0  9995
2 41561  64.4146 176.8026 5473471  42.7406 348.8271  4.48723229 28260
0 SL-12 DEB
1 41561U 08067K   17361.97551839  .00002414  00000-0  14582-1 0  9995
2 41561  64.4057 176.4516 5473299  42.7097 348.8360  4.48738820 28302
0 SL-12 DEB
1 41561U 08067K   17362.64405789 +.00005493 +00000-0 +33972-1 0  9996
2 41561 064.3899 176.1665 5472680 042.6992 348.8357 04.48739543028335
0 SL-12 DEB
1 41561U 08067K   17362.64405789  .00005493  00000-0  33972-1 0  9996
2 41561  64.3899 176.1665 5472680  42.6992 348.8357  4.48739543 28335
0 SL-12 DEB
1 41561U 08067K   17363.53542698 +.00004334 +00000-0 +26671-1 0  9997
2 41561 064.3834 175.8077 5472797 042.6658 348.8430 04.48755219028379
0 SL-12 DEB
1 41561U 08067K   17363.53542698  .00004334  00000-0  26671-1 0  9997
2 41561  64.3834 175.8077 5472797  42.6658 348.8430  4.48755219 28379
0 SL-12 DEB
1 41561U 08067K   17364.64961257  .00005875  00000-0  36714-1 0  9996
2 41561  64.3581 175.3503 5471736  42.6373 348.8404  4.48760725 28428
0 SL-12 DEB
1 41561U 08067K   17365.54095174  .00004684  00000-0  29364-1 0  9992
2 41561  64.3458 174.9882 5471287  42.6098 348.8393  4.48764830 28463
0 SL-12 DEB
1 41561U 08067K   17365.76378236  .00006084  00000-0  38277-1 0  9998
2 41561  64.3482 174.9081 5471197  42.6184 348.8344  4.48770191 28471
0 SL-12 DEB
1 41561U 08067K   18001.43226528 +.00005485 +00000-0 +34582-1 0  9995
2 41561 064.3420 174.6411 5470956 042.6024 348.8320 04.48778838028506
0 SL-12 DEB
1 41561U 08067K   18004.55184123  .00002927  00000-0  18851-1 0  9994
2 41561  64.2951 173.3757 5468637  42.5101 348.8303  4.48782464 28647
0 SL-12 DEB
1 41561U 08067K   18004.99748652  .00005661  00000-0  36649-1 0  9998
2 41561  64.2912 173.2023 5468441  42.5185 348.8263  4.48789796 28666
0 SL-12 DEB
1 41561U 08067K   18005.66596200 -.00000330  00000-0 -23377-2 0  9998
2 41561  64.2774 172.9304 5467968  42.4938 348.8317  4.48783832 28696
0 SL-12 DEB
1 41561U 08067K   18006.55725040  .00004099  00000-0  26764-1 0  9999
2 41561  64.2573 172.5604 5467128  42.4474 348.8435  4.48791934 28733
0 SL-12 DEB
1 41561U 08067K   18006.78006835  .00000732  00000-0  46427-2 0  9997
2 41561  64.2521 172.4673 5466019  42.4659 348.8341  4.48787227 28741
0 SL-12 DEB
1 41561U 08067K   18007.44851383  .00005703  00000-0  37543-1 0  9998
2 41561  64.2488 172.1919 5466243  42.4303 348.8473  4.48812847 28774
0 SL-12 DEB
1 41561U 08067K   18007.89414790  .00001866  00000-0  12113-1 0  9996
2 41561  64.2377 172.0021 5466120  42.4195 348.8512  4.48803693 28792
0 SL-12 DEB
1 41561U 08067K   18008.56258761 +.00003470 +00000-0 +22929-1 0  9994
2 41561 064.2253 171.7276 5465216 042.3951 348.8564 04.48808363028827
0 SL-12 DEB
1 41561U 08067K   18009.45383460  .00000380  00000-0  22607-2 0  9999
2 41561  64.2003 171.3523 5463287  42.3599 348.8603  4.48807070 28867
0 SL-12 DEB
1 41561U 08067K   18010.56788375  .00003951  00000-0  27142-1 0  9992
2 41561  64.1813 170.8955 5461140  42.3184 348.8636  4.48810783 28911
0 SL-12 DEB
1 41561U 08067K   18011.90470622 +.00004849 +00000-0 +33812-1 0  9992
2 41561 064.1661 170.3572 5459766 042.2751 348.8673 04.48833265028979
0 SL-12 DEB
1 41561U 08067K   18012.57311454 +.00007476 +00000-0 +52611-1 0  9990
2 41561 064.1579 170.0883 5459174 042.2524 348.8687 04.48830856029003
0 SL-12 DEB
1 41561U 08067K   18012.57311454  .00007476  00000-0  52611-1 0  9990
2 41561  64.1579 170.0883 5459174  42.2524 348.8687  4.48830856 29003
0 SL-12 DEB
1 41561U 08067K   18013.68711071 +.00000924 +00000-0 +64558-2 0  9997
2 41561 064.1437 169.6412 5457608 042.2087 348.8695 04.48832721029059
0 SL-12 DEB
1 41561U 08067K   18016.58353017 -.00003173  00000-0 -23983-1 0  9998
2 41561  64.1023 168.4677 5452264  42.1051 348.8648  4.48806691 29182
0 SL-12 DEB
1 41561U 08067K   18017.92046275 -.00005381 +00000-0 -41731-1 0  9996
2 41561 064.0819 167.9244 5449590 042.0470 348.8689 04.48769708029249
0 SL-12 DEB
1 41561U 08067K   18017.92046275 -.00005381  00000-0 -41731-1 0  9996
2 41561  64.0819 167.9244 5449590  42.0470 348.8689  4.48769708 29249
0 SL-12 DEB
1 41561U 08067K   18022.59974934 -.00008615  00000-0 -74285-1 0  9990
2 41561  63.9984 166.0087 5437974  41.8304 348.9022  4.48745738 29453
0 SL-12 DEB
1 41561U 08067K   18023.49113759  .00000665  00000-0  54713-2 0  9990
2 41561  63.9910 165.6591 5436446  41.7813 348.9139  4.48737490 29493
0 SL-12 DEB
1 41561U 08067K   18024.38254027 -.00002400  00000-0 -21510-1 0  9992
2 41561  63.9806 165.2990 5434862  41.7423 348.9208  4.48728673 29538
0 SL-12 DEB
1 41561U 08067K   18024.60539555 -.00001724 +00000-0 -15596-1 0  9994
2 41561 063.9767 165.2068 5434437 041.7396 348.9200 04.48718766029542
0 SL-12 DEB
1 41561U 08067K   18024.60539555 -.00001724 +00000-0 -15596-1 0  9994
2 41561 063.9767 165.2068 5434437 041.7396 348.9200 04.48718766029542
0 SL-12 DEB
1 41561U 08067K   18027.50245782 -.00005067  00000-0 -47653-1 0  9995
2 41561  63.9364 164.0383 5427848  41.6051 348.9236  4.48709414 29670
0 SL-12 DEB
1 41561U 08067K   18029.50829179 +.00000542 +00000-0 +52973-2 0  9998
2 41561 063.9176 163.2425 5425973 041.5362 348.9254 04.48700375029767
0 SL-12 DEB
1 41561U 08067K   18031.51419960 -.00004945  00000-0 -48161-1 0  9991
2 41561  63.8987 162.4440 5423272  41.4642 348.9342  4.48668569 29850
0 SL-12 DEB
1 41561U 08067K   18035.52644584 -.00013106 +00000-0 -14089+0 0  9997
2 41561 063.8462 160.8326 5412519 041.4634 348.9146 04.48571544030036
0 SL-12 DEB
1 41561U 08067K   18039.31665711 -.00013504  00000-0 -15961+0 0  9995
2 41561  63.7971 159.2955 5401291  41.2794 348.9325  4.48470362 30204
0 SL-12 DEB
1 41561U 08067K   18046.45279343 -.00001875  00000-0 -23339-1 0  9998
2 41561  63.7623 156.4932 5393312  41.0944 348.9642  4.48394924 30527
0 SL-12 DEB
1 41561U 08067K   18046.45357872 -.00004192  00000-0 -55715-1 0  9990
2 41561  63.8232 156.7618 5386112  41.5649 350.0861  4.48384781 30522
0 SL-12 DEB
1 41561U 08067K   18049.35214534 -.00002296  00000-0 -29485-1 0  9997
2 41561  63.7580 155.3615 5390970  41.0166 349.0022  4.48370094 30658
0 SL-12 DEB
1 41561U 08067K   18050.46731153 -.00001363  00000-0 -17501-1 0  9992
2 41561  63.7541 154.9254 5390807  40.9936 349.0159  4.48363943 30703
0 SL-12 DEB
1 41561U 08067K   18051.35945082 -.00004331 +00000-0 -56371-1 0  9995
2 41561 063.7518 154.5765 5389693 040.9984 349.0140 04.48355440030741
0 SL-12 DEB
1 41561U 08067K   18051.35945082 -.00004331  00000-0 -56371-1 0  9995
2 41561  63.7518 154.5765 5389693  40.9984 349.0140  4.48355440 30741
0 SL-12 DEB
1 41561U 08067K   18059.38924050 -.00001788  00000-0 -23855-1 0  9992
2 41561  63.7525 151.4721 5383612  40.8358 349.0420  4.48304133 31101
0 SL-12 DEB
1 41561U 08067K   18062.28913647 -.00002890  00000-0 -39856-1 0  9998
2 41561  63.7490 150.3408 5381712  40.7584 349.0823  4.48283521 31239
0 SL-12 DEB
1 41561U 08067K   18063.40450178 -.00002020  00000-0 -27930-1 0  9993
2 41561  63.7481 149.9055 5380949  40.7220 349.0967  4.48281933 31288
0 SL-12 DEB
1 41561U 08067K   18064.29679439 -.00002196  00000-0 -30585-1 0  9998
2 41561  63.7501 149.5651 5379928  40.7076 349.1001  4.48280471 31324
0 SL-12 DEB
1 41561U 08067K   18068.31207146  .00002185  00000-0  31960-1 0  9991
2 41561  63.7547 148.0128 5378568  40.5949 349.1264  4.48298310 31505
0 SL-12 DEB
1 41561U 08067K   18070.31962214  .00002048  00000-0  30281-1 0  9991
2 41561  63.7577 147.2370 5377383  40.5989 349.1215  4.48311767 31593
0 SL-12 DEB
1 41561U 08067K   18077.01122425  .00039858  00000-0  57187+0 0  9998
2 41561  63.7528 144.4597 5375747  40.2361 350.0286  4.48554998 31888
0 SL-12 DEB
1 41561U 08067K   18128.98340009  .00001199  00000-0  16256-1 0  9992
2 41561  64.6475 125.6945 5380738  37.4994 350.0261  4.48295649 34211
0 SL-12 DEB
1 41561U 08067K   18130.09874856  .00001471  00000-0  19713-1 0  9993
2 41561  64.6688 125.2948 5382490  37.4498 350.0479  4.48298993 34263
0 SL-12 DEB
1 41561U 08067K   18130.99099903  .00000166  00000-0  16403-2 0  9998
2 41561  64.6840 124.9711 5383668  37.4220 350.0591  4.48314530 34304
0 SL-12 DEB
1 41561U 08067K   18134.55994673 +.00000306 +00000-0 +36539-2 0  9990
2 41561 064.7369 123.6832 5388881 037.2954 350.0903 04.48324543034475
0 SL-12 DEB
1 41561U 08067K   18134.55994673 +.00000306 +00000-0 +36539-2 0  9990
2 41561 064.7369 123.6832 5388881 037.2954 350.0903 04.48324543034464
0 SL-12 DEB
1 41561U 08067K   18137.45963202 +.00000105 +00000-0 +11976-2 0  9991
2 41561 064.7812 122.6327 5393237 037.2045 350.1081 04.48335847034600
0 SL-12 DEB
1 41561U 08067K   18137.45963202  .00000105  00000-0  11976-2 0  9991
2 41561  64.7812 122.6327 5393237  37.2045 350.1081  4.48335847 34598
0 SL-12 DEB
1 41561U 08067K   18139.02097402 +.00001194 +00000-0 +14698-1 0  9998
2 41561 064.8037 122.0554 5395932 037.1486 350.1304 04.48342934034667
0 SL-12 DEB
1 41561U 08067K   18140.13621295 +.00000693 +00000-0 +82720-2 0  9990
2 41561 064.8246 121.6592 5397803 037.1205 350.1470 04.48344715034713
0 SL-12 DEB
1 41561U 08067K   18141.02841147 +.00000251 +00000-0 +27557-2 0  9996
2 41561 064.8395 121.3386 5399245 037.0951 350.1620 04.48338657034754
0 SL-12 DEB
1 41561U 08067K   18143.03584681  .00000801  00000-0  90969-2 0  9994
2 41561  64.8718 120.6140 5402565  37.0393 350.1929  4.48343242 34841
0 SL-12 DEB
1 41561U 08067K   18143.92799854 +.00000031 +00000-0 +44232-4 0  9991
2 41561 064.8854 120.2919 5404020 037.0126 350.2040 04.48365942034895
0 SL-12 DEB
1 41561U 08067K   18143.92799854 +.00000031 +00000-0 +44232-4 0  9991
2 41561 064.8854 120.2919 5404020 037.0126 350.2040 04.48365942034884
0 SL-12 DEB
1 41561U 08067K   18145.93529328 -.00001527 +00000-0 -17402-1 0  9990
2 41561 064.9141 119.5631 5407318 036.9644 350.2180 04.48374133034980
0 SL-12 DEB
1 41561U 08067K   18145.93529328 -.00001527 +00000-0 -17402-1 0  9990
2 41561 064.9141 119.5631 5407318 036.9644 350.2180 04.48374133034979
0 SL-12 DEB
1 41561U 08067K   18147.05045959  .00000466  00000-0  52922-2 0  9994
2 41561  64.9268 119.1577 5409208  36.9329 350.2249  4.48369238 35027
0 SL-12 DEB
1 41561U 08067K   18149.05768605  .00001813  00000-0  19942-1 0  9997
2 41561  64.9594 118.4331 5412791  36.8815 350.2386  4.48392582 35119
0 SL-12 DEB
1 41561U 08067K   18151.51089417 +.00000853 +00000-0 +91324-2 0  9996
2 41561 064.9991 117.5469 5417890 036.8132 350.2713 04.48398855035235
0 SL-12 DEB
1 41561U 08067K   18151.51089417  .00000853  00000-0  91324-2 0  9996
2 41561  64.9991 117.5469 5417890  36.8132 350.2713  4.48398855 35224
0 SL-12 DEB
1 41561U 08067K   18153.29503153  .00001215  00000-0  12423-1 0  9996
2 41561  65.0228 116.8989 5420923  36.7783 350.2971  4.48408322 35306
0 SL-12 DEB
1 41561U 08067K   18154.85608435  .00001607  00000-0  15894-1 0  9998
2 41561  65.0451 116.3396 5423478  36.7492 350.3218  4.48430950 35370
0 SL-12 DEB
1 41561U 08067K   18155.07908637 +.00000313 +00000-0 +30572-2 0  9994
2 41561 065.0453 116.2572 5423590 036.7340 350.3277 04.48433851035394
0 SL-12 DEB
1 41561U 08067K   18155.97110564  .00000193  00000-0  18045-2 0  9994
2 41561  65.0561 115.9301 5424997  36.7158 350.3418  4.48428265 35423
0 SL-12 DEB
1 41561U 08067K   18156.86311320  .00000732  00000-0  69601-2 0  9999
2 41561  65.0665 115.6042 5426507  36.6990 350.3547  4.48438988 35469
0 SL-12 DEB
1 41561U 08067K   18157.97811328  .00005039  00000-0  47715-1 0  9991
2 41561  65.0770 115.1976 5428493  36.6646 350.3726  4.48445252 35518
0 SL-12 DEB
1 41561U 08067K   18158.87011893 -.00000822 +00000-0 -77701-2 0  9996
2 41561 065.0866 114.8711 5430002 036.6506 350.3806 04.48434216035552
0 SL-12 DEB
1 41561U 08067K   18159.98511027 +.00001103 +00000-0 +10175-1 0  9995
2 41561 065.0964 114.4624 5431822 036.6237 350.3903 04.48443771035602
0 SL-12 DEB
1 41561U 08067K   18161.10008901  .00001299  00000-0  11832-1 0  9991
2 41561  65.1122 114.0566 5434097  36.6200 350.3927  4.48451493 35658
0 SL-12 DEB
1 41561U 08067K   18161.99208086 -.00003009  00000-0 -26770-1 0  9994
2 41561  65.1184 113.7269 5435470  36.6017 350.3970  4.48435838 35691
0 SL-12 DEB
1 41561U 08067K   18163.99902930  .00000195  00000-0  19510-2 0  9991
2 41561  65.1392 112.9916 5438872  36.5682 350.4096  4.48451394 35783
0 SL-12 DEB
1 41561U 08067K   18166.89789872  .00002883  00000-0  24071-1 0  9994
2 41561  65.1674 111.9275 5444124  36.5309 350.4468  4.48476944 35912
0 SL-12 DEB
1 41561U 08067K   18168.01281667  .00000605  00000-0  51262-2 0  9992
2 41561  65.1792 111.5353 5445026  36.5664 350.4474  4.48472698 35966
0 SL-12 DEB
1 41561U 08067K   18168.90475805 -.00000947  00000-0 -74747-2 0  9993
2 41561  65.1835 111.1872 5447653  36.5042 350.4796  4.48470587 36002
0 SL-12 DEB
1 41561U 08067K   18170.01967554 -.00001236  00000-0 -96389-2 0  9993
2 41561  65.1941 110.7789 5449364  36.4980 350.4917  4.48472298 36054
0 SL-12 DEB
1 41561U 08067K   18170.24265745 -.00000352  00000-0 -26297-2 0  9990
2 41561  65.1972 110.6970 5449925  36.4825 350.4985  4.48477560 36063
0 SL-12 DEB
1 41561U 08067K   18170.91160251 +.00006174 +00000-0 +48226-1 0  9991
2 41561 065.2039 110.4487 5451049 036.4897 350.5008 04.48480407036104
0 SL-12 DEB
1 41561U 08067K   18170.91160251  .00006174  00000-0  48226-1 0  9991
2 41561  65.2039 110.4487 5451049  36.4897 350.5008  4.48480407 36092
0 SL-12 DEB
1 41561U 08067K   18172.91842297 +.00003211 +00000-0 +24576-1 0  9991
2 41561 065.2203 109.7105 5454480 036.4595 350.5161 04.48481382036194
0 SL-12 DEB
1 41561U 08067K   18172.91842297 +.00003211 +00000-0 +24576-1 0  9991
2 41561 065.2203 109.7105 5454480 036.4595 350.5161 04.48481382036183
0 SL-12 DEB
1 41561U 08067K   18174.25631127  .00002247  00000-0  17068-1 0  9994
2 41561  65.2304 109.2147 5456845  36.4510 350.5210  4.48479127 36246
0 SL-12 DEB
1 41561U 08067K   18174.47929642 -.00003805 +00000-0 -27507-1 0  9992
2 41561 065.2294 109.1309 5457375 036.4273 350.5287 04.48471738036264
0 SL-12 DEB
1 41561U 08067K   18174.47929642 -.00003805  00000-0 -27507-1 0  9992
2 41561  65.2294 109.1309 5457375  36.4273 350.5287  4.48471738 36253
0 SL-12 DEB
1 41561U 08067K   18175.81727347 -.00006997  00000-0 -50240-1 0  9994
2 41561  65.2369 108.6335 5459071  36.4144 350.5352  4.48435851 36317
0 SL-12 DEB
1 41561U 08067K   18176.26324910  .00003948  00000-0  29016-1 0  9991
2 41561  65.2424 108.4678 5459722  36.4288 350.5333  4.48464587 36338
0 SL-12 DEB
1 41561U 08067K   18180.94605419 +.00006235 +00000-0 +41965-1 0  9996
2 41561 065.2699 106.7288 5467910 036.4057 350.5951 04.48475250036551
0 SL-12 DEB
1 41561U 08067K   18180.94605419  .00006235  00000-0  41965-1 0  9996
2 41561  65.2699 106.7288 5467910  36.4057 350.5951  4.48475250 36540
0 SL-12 DEB
1 41561U 08067K   18182.95273226  .00008437  00000-0  54900-1 0  9995
2 41561  65.2776 105.9819 5470771  36.3653 350.6330  4.48523251 36634
0 SL-12 DEB
1 41561U 08067K   18183.84453620 +.00010863 +00000-0 +69504-1 0  9994
2 41561 065.2855 105.6537 5472230 036.3594 350.6453 04.48551550036675
0 SL-12 DEB
1 41561U 08067K   18186.29689276  .00007807  00000-0  48411-1 0  9992
2 41561  65.2843 104.7270 5475549  36.3097 350.6763  4.48581996 36783
0 SL-12 DEB
1 41561U 08067K   18191.86916939  .00010642  00000-0  61063-1 0  9999
2 41561  65.2888 102.6250 5482654  36.2730 350.7080  4.48726399 37035
0 SL-12 DEB
1 41561U 08067K   18197.88510576  .00005703  00000-0  31583-1 0  9990
2 41561  65.2888 100.3453 5486021  36.0404 350.8271  4.48805463 37306
0 SL-12 DEB
1 41561U 08067K   18198.77620684  .00010165  00000-0  56081-1 0  9999
2 41561  65.3052 100.0626 5485408  36.0281 350.8283  4.48897841 37348
0 SL-12 DEB
1 41561U 08067K   18199.89003044  .00010577  00000-0  57920-1 0  9998
2 41561  65.2983  99.6269 5486098  35.9801 350.8417  4.48921809 37394
0 SL-12 DEB
1 41561U 08067K   18200.78102516  .00009373  00000-0  51351-1 0  9997
2 41561  65.2985  99.2939 5486070  35.9598 350.8449  4.48948576 37439
0 SL-12 DEB
1 41561U 08067K   18202.78553955  .00012145  00000-0  67319-1 0  9998
2 41561  65.2938  98.5205 5484318  35.9100 350.8515  4.49015690 37524
0 SL-12 DEB
1 41561U 08067K   18203.67633523 +.00014865 +00000-0 +83181-1 0  9993
2 41561 065.2852 098.1497 5482945 035.9925 350.8262 04.49051416037577
0 SL-12 DEB
1 41561U 08067K   18203.67633523 +.00014865 +00000-0 +83181-1 0  9993
2 41561 065.2852 098.1497 5482945 035.9925 350.8262 04.49051416037566
0 SL-12 DEB
1 41561U 08067K   18203.67633523 +.00014865 +00000-0 +83181-1 0  9993
2 41561 065.2852 098.1497 5482945 035.9925 350.8262 04.49051416037566
0 SL-12 DEB
1 41561U 08067K   18203.67633523 +.00014865 +00000-0 +83181-1 0  9993
2 41561 065.2852 098.1497 5482945 035.9925 350.8262 04.49051416037566
0 SL-12 DEB
1 41561U 08067K   18203.67633523 +.00014865 +00000-0 +83181-1 0  9993
2 41561 065.2852 098.1497 5482945 035.9925 350.8262 04.49051416037566
0 SL-12 DEB
1 41561U 08067K   18203.67633523 +.00014865 +00000-0 +83181-1 0  9993
2 41561 065.2852 098.1497 5482945 035.9925 350.8262 04.49051416037566
0 SL-12 DEB
1 41561U 08067K   18203.67633523 +.00014865 +00000-0 +83181-1 0  9993
2 41561 065.2852 098.1497 5482945 035.9925 350.8262 04.49051416037566
0 SL-12 DEB
1 41561U 08067K   18203.67633523 +.00014865 +00000-0 +83181-1 0  9993
2 41561 065.2852 098.1497 5482945 035.9925 350.8262 04.49051416037566
0 SL-12 DEB
1 41561U 08067K   18203.67633523 +.00014865 +00000-0 +83181-1 0  9993
2 41561 065.2852 098.1497 5482945 035.9925 350.8262 04.49051416037566
0 SL-12 DEB
1 41561U 08067K   18203.67633523 +.00014865 +00000-0 +83181-1 0  9993
2 41561 065.2852 098.1497 5482945 035.9925 350.8262 04.49051416037566
0 SL-12 DEB
1 41561U 08067K   18203.67633523 +.00014865 +00000-0 +83181-1 0  9993
2 41561 065.2852 098.1497 5482945 035.9925 350.8262 04.49051416037566
0 SL-12 DEB
1 41561U 08067K   18203.67633523 +.00014865 +00000-0 +83181-1 0  9993
2 41561 065.2852 098.1497 5482945 035.9925 350.8262 04.49051416037566
0 SL-12 DEB
1 41561U 08067K   18203.67633523 +.00014865 +00000-0 +83181-1 0  9993
2 41561 065.2852 098.1497 5482945 035.9925 350.8262 04.49051416037566
0 SL-12 DEB
1 41561U 08067K   18203.67633523  .00014865  00000-0  83181-1 0  9993
2 41561  65.2852  98.1497 5482945  35.9925 350.8262  4.49051416 37566
0 SL-12 DEB
1 41561U 08067K   21258.60970978  .00004430  00000-0  11912-1 0  9998
2 41561  65.0983  83.7771 5576647   6.6372 358.4737  4.45064751    11
0 SL-12 DEB
1 41561U 08067K   21258.60970978  .00004430  00000-0  11912-1 0  9998
2 41561  65.0983  83.7771 5576647   6.6372 358.4737  4.45064751 89243
0 SL-12 DEB
1 41561U 08067K   21263.77729785  .00002054  00000-0  62636-2 0  9990
2 41561  65.0010  81.7483 5566902   6.4015 358.4951  4.45096125   248
0 SL-12 DEB
1 41561U 08067K   21263.77729785  .00002054  00000-0  62636-2 0  9990
2 41561  65.0010  81.7483 5566902   6.4015 358.4951  4.45096125 89470
0 SL-12 DEB
1 41561U 08067K   21264.90063417  .00003615  00000-0  11257-1 0  9995
2 41561  64.9892  81.3139 5565278   6.3460 358.4981  4.45107614   290
0 SL-12 DEB
1 41561U 08067K   21264.90063417  .00003615  00000-0  11257-1 0  9995
2 41561  64.9892  81.3139 5565278   6.3460 358.4981  4.45107614 89523
0 SL-12 DEB
1 41561U 08067K   21267.14723404  .00004342  00000-0  14213-1 0  9996
2 41561  64.9446  80.4403 5560938   6.2292 358.5115  4.45127628   397
0 SL-12 DEB
1 41561U 08067K   21267.59654677  .00003224  00000-0  10576-1 0  9996
2 41561  64.9451  80.2663 5560902   6.2095 358.5154  4.45127619   417
0 SL-12 DEB
1 41561U 08067K   21267.59654677  .00003224  00000-0  10576-1 0  9996
2 41561  64.9451  80.2663 5560902   6.2095 358.5154  4.45127619 89649
0 SL-12 DEB
1 41561U 08067K   21268.04585869  .00004297  00000-0  14179-1 0  9997
2 41561  64.9385  80.0928 5560117   6.1868 358.5199  4.45130658   438
0 SL-12 DEB
1 41561U 08067K   21268.49516465  .00004189  00000-0  14018-1 0  9994
2 41561  64.9277  79.9183 5558783   6.1634 358.5244  4.45134744   458
0 SL-12 DEB
1 41561U 08067K   21268.49516465  .00004189  00000-0  14018-1 0  9994
2 41561  64.9277  79.9183 5558783   6.1634 358.5244  4.45134744 89680
0 SL-12 DEB
1 41561U 08067K   21269.16912735 -.00000161  00000-0 -49466-3 0  9994
2 41561  64.9250  79.6595 5558328   6.1312 358.5324  4.45131841   488
0 SL-12 DEB
1 41561U 08067K   21269.16912735 -.00000161  00000-0 -49466-3 0  9994
2 41561  64.9250  79.6595 5558328   6.1312 358.5324  4.45131841 89711
0 SL-12 DEB
1 41561U 08067K   21270.74167020  .00003750  00000-0  12856-1 0  9995
2 41561  64.9048  79.0500 5555919   6.0509 358.5534  4.45148732   551
0 SL-12 DEB
1 41561U 08067K   21270.74167020  .00003750  00000-0  12856-1 0  9995
2 41561  64.9048  79.0500 5555919   6.0509 358.5534  4.45148732 89783
0 SL-12 DEB
1 41561U 08067K   21271.41561074  .00001843  00000-0  63726-2 0  9991
2 41561  64.8913  78.7882 5554570   6.0137 358.5629  4.45147129   586
0 SL-12 DEB
1 41561U 08067K   21271.41561074  .00001843  00000-0  63726-2 0  9991
2 41561  64.8913  78.7882 5554570   6.0137 358.5629  4.45147129 89819
0 SL-12 DEB
1 41561U 08067K   21272.76347473  .00004078  00000-0  14415-1 0  9998
2 41561  64.8760  78.2661 5552742   5.9456 358.5804  4.45157550 89870
0 SL-12 DEB
1 41561U 08067K   21273.43739751  .00002401  00000-0  85282-2 0  9996
2 41561  64.8682  78.0048 5551799   5.9118 358.5880  4.45159467   670
0 SL-12 DEB
1 41561U 08067K   21273.43739751  .00002401  00000-0  85282-2 0  9996
2 41561  64.8682  78.0048 5551799   5.9118 358.5880  4.45159467 89903
0 SL-12 DEB
1 41561U 08067K   21273.43739860 -.00000045  00000-0 -27009-3 0  9995
2 41561  64.8649  78.0043 5551520   5.9091 358.5883  4.45155872 89902
0 SL-12 DEB
1 41561U 08067K   21274.11131262  .00007132  00000-0  25866-1 0  9992
2 41561  64.8578  77.7436 5550628   5.8740 358.5953  4.45167674 89937
0 SL-12 DEB
1 41561U 08067K   21274.56058667  .00005029  00000-0  18357-1 0  9998
2 41561  64.8498  77.5681 5549920   5.8526 358.5990  4.45168580   721
0 SL-12 DEB
1 41561U 08067K   21274.56058667  .00005029  00000-0  18357-1 0  9998
2 41561  64.8498  77.5681 5549920   5.8526 358.5990  4.45168580 89953
0 SL-12 DEB
1 41561U 08067K   21275.45911171  .00006905  00000-0  25528-1 0  9997
2 41561  64.8425  77.2208 5548892   5.8093 358.6047  4.45180895   760
0 SL-12 DEB
1 41561U 08067K   21275.45911171  .00006905  00000-0  25528-1 0  9997
2 41561  64.8425  77.2208 5548892   5.8093 358.6047  4.45180895 89992
0 SL-12 DEB
1 41561U 08067K   21277.70539811 -.00000544  00000-0 -21346-2 0  9994
2 41561  64.8033  76.3483 5544538   5.6835 358.6162  4.45176805   860
0 SL-12 DEB
1 41561U 08067K   21277.70539811 -.00000544  00000-0 -21346-2 0  9994
2 41561  64.8033  76.3483 5544538   5.6835 358.6162  4.45176805 90094
0 SL-12 DEB
1 41561U 08067K   21279.72703674  .00004378  00000-0  17781-1 0  9992
2 41561  64.7766  75.5621 5540772   5.5705 358.6258  4.45190427   950
0 SL-12 DEB
1 41561U 08067K   21279.72703674  .00004378  00000-0  17781-1 0  9992
2 41561  64.7766  75.5621 5540772   5.5705 358.6258  4.45190427 90184
0 SL-12 DEB
1 41561U 08067K   21281.52405225 -.00000648  00000-0 -26631-2 0  9997
2 41561  64.7523  74.8646 5538032   5.4719 358.6419  4.45180404  1033
0 SL-12 DEB
1 41561U 08067K   21281.52405225 -.00000648  00000-0 -26631-2 0  9997
2 41561  64.7523  74.8646 5538032   5.4719 358.6419  4.45180404 90266
0 SL-12 DEB
1 41561U 08067K   21282.42255453  .00001733  00000-0  73952-2 0  9995
2 41561  64.7321  74.5146 5536413   5.4237 358.6532  4.45188101  1079
0 SL-12 DEB
1 41561U 08067K   21282.42255453  .00001733  00000-0  73952-2 0  9995
2 41561  64.7321  74.5146 5536413   5.4237 358.6532  4.45188101 90303
0 SL-12 DEB
1 41561U 08067K   21284.66884316  .00000289  00000-0  12734-2 0  9995
2 41561  64.7161  73.6531 5532527   5.3255 358.6816  4.45179432  1173
0 SL-12 DEB
1 41561U 08067K   21284.66884316  .00000289  00000-0  12734-2 0  9995
2 41561  64.7161  73.6531 5532527   5.3255 358.6816  4.45179432 90407
0 SL-12 DEB
1 41561U 08067K   21286.01660200 -.00001988  00000-0 -89878-2 0  9992
2 41561  64.7149  73.1356 5530642   5.2806 358.6938  4.45182198 90464
0 SL-12 DEB
1 41561U 08067K   21286.46585749  .00001818  00000-0  82879-2 0  9999
2 41561  64.7102  72.9607 5529839   5.2557 358.6993  4.45186201  1257
0 SL-12 DEB
1 41561U 08067K   21286.46585749  .00001818  00000-0  82879-2 0  9999
2 41561  64.7102  72.9607 5529839   5.2557 358.6993  4.45186201 90480
0 SL-12 DEB
1 41561U 08067K   21286.69048750 -.00002125  00000-0 -97677-2 0  9996
2 41561  64.7041  72.8694 5528921   5.2382 358.7028  4.45180560  1264
0 SL-12 DEB
1 41561U 08067K   21286.69048750 -.00002125  00000-0 -97677-2 0  9996
2 41561  64.7041  72.8694 5528921   5.2382 358.7028  4.45180560 90497
0 SL-12 DEB
1 41561U 08067K   21287.36437255  .00003102  00000-0  14484-1 0  9991
2 41561  64.6957  72.6091 5527743   5.2015 358.7094  4.45183480  1292
0 SL-12 DEB
1 41561U 08067K   21287.36437255  .00003102  00000-0  14484-1 0  9991
2 41561  64.6957  72.6091 5527743   5.2015 358.7094  4.45183480 90526
0 SL-12 DEB
1 41561U 08067K   21288.48751874  .00011853  00000-0  55896-1 0  9995
2 41561  64.6878  72.1766 5526653   5.1481 358.7165  4.45191622  1345
0 SL-12 DEB
1 41561U 08067K   21288.48751874  .00011853  00000-0  55896-1 0  9995
2 41561  64.6878  72.1766 5526653   5.1481 358.7165  4.45191622 90578
0 SL-12 DEB
1 41561U 08067K   21289.38602542  .00011343  00000-0  54442-1 0  9992
2 41561  64.6772  71.8251 5525022   5.1013 358.7217  4.45195624  1381
0 SL-12 DEB
1 41561U 08067K   21289.38602542  .00011343  00000-0  54442-1 0  9992
2 41561  64.6772  71.8251 5525022   5.1013 358.7217  4.45195624 90615
0 SL-12 DEB
1 41561U 08067K   21290.50917592  .00003876  00000-0  19005-1 0  9990
2 41561  64.6644  71.3915 5523878   5.0442 358.7277  4.45179889  1430
0 SL-12 DEB
1 41561U 08067K   21290.50917592  .00003876  00000-0  19005-1 0  9990
2 41561  64.6644  71.3915 5523878   5.0442 358.7277  4.45179889 90663
0 SL-12 DEB
1 41561U 08067K   21291.40770786  .00020271  00000-0  99650-1 0  9994
2 41561  64.6537  71.0425 5522687   4.9942 358.7345  4.45195526  1470
0 SL-12 DEB
1 41561U 08067K   21291.40770786  .00020271  00000-0  99650-1 0  9994
2 41561  64.6537  71.0425 5522687   4.9942 358.7345  4.45195526 90704
0 SL-12 DEB
1 41561U 08067K   21292.75549204  .00004829  00000-0  24136-1 0  9990
2 41561  64.6438  70.5264 5522060   4.9220 358.7474  4.45183639  1531
0 SL-12 DEB
1 41561U 08067K   21292.75549204  .00004829  00000-0  24136-1 0  9990
2 41561  64.6438  70.5264 5522060   4.9220 358.7474  4.45183639 90764
0 SL-12 DEB
1 41561U 08067K   21293.65402513  .00003205  00000-0  16430-1 0  9996
2 41561  64.6312  70.1718 5520199   4.8673 358.7596  4.45174307  1575
0 SL-12 DEB
1 41561U 08067K   21293.65402513  .00003205  00000-0  16430-1 0  9996
2 41561  64.6312  70.1718 5520199   4.8673 358.7596  4.45174307 90809
0 SL-12 DEB
1 41561U 08067K   21295.45111987  .00003242  00000-0  16850-1 0  9995
2 41561  64.6163  69.4857 5518577   4.7688 358.7879  4.45169214  1650
0 SL-12 DEB
1 41561U 08067K   21295.45111987  .00003242  00000-0  16850-1 0  9995
2 41561  64.6163  69.4857 5518577   4.7688 358.7879  4.45169214 90883
0 SL-12 DEB
1 41561U 08067K   21295.67575294  .00006114  00000-0  31518-1 0  9993
2 41561  64.6159  69.3959 5518649   4.7593 358.7913  4.45177035  1662
0 SL-12 DEB
1 41561U 08067K   21295.67575294  .00006114  00000-0  31518-1 0  9993
2 41561  64.6159  69.3959 5518649   4.7593 358.7913  4.45177035 90895
0 SL-12 DEB
1 41561U 08067K   21297.47283085  .00001227  00000-0  65395-2 0  9998
2 41561  64.5976  68.7044 5517283   4.6484 358.8278  4.45172844  1744
0 SL-12 DEB
1 41561U 08067K   21297.47283085  .00001227  00000-0  65395-2 0  9998
2 41561  64.5976  68.7044 5517283   4.6484 358.8278  4.45172844 90977
0 SL-12 DEB
1 41561U 08067K   21298.37137740 -.00002818  00000-0 -14606-1 0  9991
2 41561  64.5844  68.3564 5516495   4.5889 358.8472  4.45163939  1788
0 SL-12 DEB
1 41561U 08067K   21298.37137740 -.00002818  00000-0 -14606-1 0  9991
2 41561  64.5844  68.3564 5516495   4.5889 358.8472  4.45163939 91013
0 SL-12 DEB
1 41561U 08067K   21300.61773918  .00003153  00000-0  16855-1 0  9994
2 41561  64.5628  67.4873 5515131   4.4523 358.8883  4.45175042  1886
0 SL-12 DEB
1 41561U 08067K   21300.61773918  .00003153  00000-0  16855-1 0  9994
2 41561  64.5628  67.4873 5515131   4.4523 358.8883  4.45175042 91111
0 SL-12 DEB
1 41561U 08067K   21302.41479453  .00007604  00000-0  40854-1 0  9992
2 41561  64.5570  66.7945 5514182   4.3739 358.9066  4.45184769  1966
0 SL-12 DEB
1 41561U 08067K   21302.63942872  .00006957  00000-0  37645-1 0  9990
2 41561  64.5507  66.7005 5513560   4.3748 358.9057  4.45179862  1971
0 SL-12 DEB
1 41561U 08067K   21302.63942872  .00006957  00000-0  37645-1 0  9990
2 41561  64.5507  66.7005 5513560   4.3748 358.9057  4.45179862 91206
0 SL-12 DEB
1 41561U 08067K   21304.43647002  .00005306  00000-0  29144-1 0  9999
2 41561  64.5437  66.0114 5512365   4.3071 358.9155  4.45185352  2058
0 SL-12 DEB
1 41561U 08067K   21304.43647002  .00005306  00000-0  29144-1 0  9999
2 41561  64.5437  66.0114 5512365   4.3071 358.9155  4.45185352 91281
0 SL-12 DEB
1 41561U 08067K   21309.37805958  .00005393  00000-0  29924-1 0  9995
2 41561  64.5256  64.1035 5511165   4.0496 358.9810  4.45227786  2273
0 SL-12 DEB
1 41561U 08067K   21309.37805958  .00005393  00000-0  29924-1 0  9995
2 41561  64.5256  64.1035 5511165   4.0496 358.9810  4.45227786 91507
0 SL-12 DEB
1 41561U 08067K   21310.27647437  .00002705  00000-0  15134-1 0  9994
2 41561  64.5227  63.7569 5511082   4.0008 358.9995  4.45234755  2318
0 SL-12 DEB
1 41561U 08067K   21310.27647437  .00002705  00000-0  15134-1 0  9994
2 41561  64.5227  63.7569 5511082   4.0008 358.9995  4.45234755 91541
0 SL-12 DEB
1 41561U 08067K   21311.39948053  .00003147  00000-0  17581-1 0  9995
2 41561  64.5177  63.3229 5510867   3.9418 359.0222  4.45240835  2360
0 SL-12 DEB
1 41561U 08067K   21311.39948053  .00003147  00000-0  17581-1 0  9995
2 41561  64.5177  63.3229 5510867   3.9418 359.0222  4.45240835 91593
0 SL-12 DEB
1 41561U 08067K   21312.07326583  .00003998  00000-0  22272-1 0  9996
2 41561  64.5118  63.0616 5510783   3.9031 359.0359  4.45250342  2398
0 SL-12 DEB
1 41561U 08067K   21312.07326583  .00003998  00000-0  22272-1 0  9996
2 41561  64.5118  63.0616 5510783   3.9031 359.0359  4.45250342 91622
0 SL-12 DEB
1 41561U 08067K   21316.34034156  .00002002  00000-0  11416-1 0  9995
2 41561  64.5010  61.4098 5510888   3.6936 359.0885  4.45287468  2586
0 SL-12 DEB
1 41561U 08067K   21316.34034156  .00002002  00000-0  11416-1 0  9995
2 41561  64.5010  61.4098 5510888   3.6936 359.0885  4.45287468 91810
0 SL-12 DEB
1 41561U 08067K   21316.56491485  .00001692  00000-0  96474-2 0  9993
2 41561  64.4971  61.3181 5511704   3.6618 359.0959  4.45290080  2595
0 SL-12 DEB
1 41561U 08067K   21316.56491485  .00001692  00000-0  96474-2 0  9993
2 41561  64.4971  61.3181 5511704   3.6618 359.0959  4.45290080 91829
0 SL-12 DEB
1 41561U 08067K   21318.36144361 -.00000868  00000-0 -41873-2 0  9990
2 41561  64.4950  60.6255 5512083   3.5708 359.1152  4.45305457  2676
0 SL-12 DEB
1 41561U 08067K   21318.36144361 -.00000868  00000-0 -41873-2 0  9990
2 41561  64.4950  60.6255 5512083   3.5708 359.1152  4.45305457 91900
0 SL-12 DEB
1 41561U 08067K   21319.25968076  .00001065  00000-0  62775-2 0  9998
2 41561  64.4939  60.2765 5512247   3.5266 359.1270  4.45319162  2710
0 SL-12 DEB
1 41561U 08067K   21319.25968076  .00001065  00000-0  62775-2 0  9998
2 41561  64.4939  60.2765 5512247   3.5266 359.1270  4.45319162 91943
0 SL-12 DEB
1 41561U 08067K   21325.32205922  .00003933  00000-0  20987-1 0  9991
2 41561  64.4887  57.9309 5514246   3.2330 359.2432  4.45422932  2989
0 SL-12 DEB
1 41561U 08067K   21325.32205922  .00003933  00000-0  20987-1 0  9991
2 41561  64.4887  57.9309 5514246   3.2330 359.2432  4.45422932 92214
0 SL-12 DEB
1 41561U 08067K   21326.66905114 -.00001154  00000-0 -55512-2 0  9997
2 41561  64.4799  57.4062 5517863   3.0966 359.2860  4.45442173  3045
0 SL-12 DEB
1 41561U 08067K   21326.66905114 -.00001154  00000-0 -55512-2 0  9997
2 41561  64.4799  57.4062 5517863   3.0966 359.2860  4.45442173 92278
0 SL-12 DEB
1 41561U 08067K   21328.24044084  .00009225  00000-0  44520-1 0  9994
2 41561  64.4940  56.8016 5522806   2.8910 359.3422  4.45484017  3110
0 SL-12 DEB
1 41561U 08067K   21328.24044084  .00009225  00000-0  44520-1 0  9994
2 41561  64.4940  56.8016 5522806   2.8910 359.3422  4.45484017 92343
0 SL-12 DEB
1 41561U 08067K   21328.24044275  .00007210  00000-0  34756-1 0  9998
2 41561  64.4899  56.8086 5523090   2.8786 359.3453  4.45483912  3114
0 SL-12 DEB
1 41561U 08067K   21328.24044275  .00007210  00000-0  34756-1 0  9998
2 41561  64.4899  56.8086 5523090   2.8786 359.3453  4.45483912 92347
0 SL-12 DEB
1 41561U 08067K   21330.26060327  .00007440  00000-0  34508-1 0  9999
2 41561  64.4954  56.0254 5526449   2.6921 359.3907  4.45544015  3201
0 SL-12 DEB
1 41561U 08067K   21330.26060327  .00007440  00000-0  34508-1 0  9999
2 41561  64.4954  56.0254 5526449   2.6921 359.3907  4.45544015 92434
0 SL-12 DEB
1 41561U 08067K   21332.50499297  .00003419  00000-0  15668-1 0  9998
2 41561  64.4811  55.1380 5528770   2.5520 359.4220  4.45541164  3308
0 SL-12 DEB
1 41561U 08067K   21332.50499297  .00003419  00000-0  15668-1 0  9998
2 41561  64.4811  55.1380 5528770   2.5520 359.4220  4.45541164 92531
0 SL-12 DEB
1 41561U 08067K   21334.52480883  .00001298  00000-0  60023-2 0  9992
2 41561  64.4739  54.3447 5530640   2.5045 359.4381  4.45569550  3399
0 SL-12 DEB
1 41561U 08067K   21334.52480883  .00001298  00000-0  60023-2 0  9992
2 41561  64.4739  54.3447 5530640   2.5045 359.4381  4.45569550 92623
0 SL-12 DEB
1 41561U 08067K   21336.32009711 -.00012804  00000-0 -54635-1 0  9997
2 41561  64.4964  53.6543 5532599   2.3912 359.4779  4.45610794  3471
0 SL-12 DEB
1 41561U 08067K   21336.32009711 -.00012804  00000-0 -54635-1 0  9997
2 41561  64.4964  53.6543 5532599   2.3912 359.4779  4.45610794 92705
0 SL-12 DEB
1 41561U 08067K   21337.21767961  .00008009  00000-0  34105-1 0  9994
2 41561  64.5028  53.3010 5533541   2.3445 359.4969  4.45653402 92740
0 SL-12 DEB
1 41561U 08067K   21339.46149953 -.00002173  00000-0 -87570-2 0  9991
2 41561  64.5088  52.4278 5535872   2.2124 359.5435  4.45666469  3618
0 SL-12 DEB
1 41561U 08067K   21339.46149953 -.00002173  00000-0 -87570-2 0  9991
2 41561  64.5088  52.4278 5535872   2.2124 359.5435  4.45666469 92841
0 SL-12 DEB
1 41561U 08067K   21341.48075996  .00005240  00000-0  21067-1 0  9995
2 41561  64.5159  51.6402 5538845   2.0769 359.5772  4.45726043  3702
0 SL-12 DEB
1 41561U 08067K   21341.48075996  .00005240  00000-0  21067-1 0  9995
2 41561  64.5159  51.6402 5538845   2.0769 359.5772  4.45726043 92935
0 SL-12 DEB
1 41561U 08067K   21341.70510156  .00009705  00000-0  38642-1 0  9999
2 41561  64.5157  51.5528 5539151   2.0659 359.5794  4.45739919  3718
0 SL-12 DEB
1 41561U 08067K   21341.70510156  .00009705  00000-0  38642-1 0  9999
2 41561  64.5157  51.5528 5539151   2.0659 359.5794  4.45739919 92941
0 SL-12 DEB
1 41561U 08067K   21343.27543783  .00010473  00000-0  40486-1 0  9998
2 41561  64.5225  50.9390 5541652   1.9656 359.5981  4.45784806 93013
0 SL-12 DEB
1 41561U 08067K   21343.94840964  .00005124  00000-0  19799-1 0  9993
2 41561  64.5248  50.6764 5542525   1.9279 359.6049  4.45788854  3813
0 SL-12 DEB
1 41561U 08067K   21347.31304152  .00011541  00000-0  41487-1 0  9991
2 41561  64.5407  49.3615 5547732   1.7264 359.6559  4.45852456  3969
0 SL-12 DEB
1 41561U 08067K   21347.31304152  .00011541  00000-0  41487-1 0  9991
2 41561  64.5407  49.3615 5547732   1.7264 359.6559  4.45852456 93193
0 SL-12 DEB
1 41561U 08067K   21348.43451755 -.00002096  00000-0 -70305-2 0  9996
2 41561  64.5454  48.9233 5549673   1.6610 359.6781  4.45843805  4014
0 SL-12 DEB
1 41561U 08067K   21348.65880919  .00001133  00000-0  42147-2 0  9990
2 41561  64.5464  48.8351 5549981   1.6487 359.6826  4.45848893  4022
0 SL-12 DEB
1 41561U 08067K   21348.65880919  .00001133  00000-0  42147-2 0  9990
2 41561  64.5464  48.8351 5549981   1.6487 359.6826  4.45848893 93255
0 SL-12 DEB
1 41561U 08067K   21349.55597626 -.00003954  00000-0 -13302-1 0  9995
2 41561  64.5509  48.4838 5551407   1.5942 359.7020  4.45846805  4061
0 SL-12 DEB
1 41561U 08067K   21349.55597626 -.00003954  00000-0 -13302-1 0  9995
2 41561  64.5509  48.4838 5551407   1.5942 359.7020  4.45846805 93294
0 SL-12 DEB
1 41561U 08067K   21350.45315670 -.00002221  00000-0 -72971-2 0  9997
2 41561  64.5554  48.1330 5552776   1.5361 359.7223  4.45842534  4105
0 SL-12 DEB
1 41561U 08067K   21350.45315670 -.00002221  00000-0 -72971-2 0  9997
2 41561  64.5554  48.1330 5552776   1.5361 359.7223  4.45842534 93338
0 SL-12 DEB
1 41561U 08067K   21351.57464796  .00001447  00000-0  48881-2 0  9995
2 41561  64.5637  47.6944 5555189   1.4603 359.7475  4.45840669  4152
0 SL-12 DEB
1 41561U 08067K   21351.57464796  .00001447  00000-0  48881-2 0  9995
2 41561  64.5637  47.6944 5555189   1.4603 359.7475  4.45840669 93385
0 SL-12 DEB
1 41561U 08067K   21352.24752048  .00009511  00000-0  30773-1 0  9990
2 41561  64.5686  47.4305 5556560   1.4177 359.7609  4.45859290  4187
0 SL-12 DEB
1 41561U 08067K   21352.24752048  .00009511  00000-0  30773-1 0  9990
2 41561  64.5686  47.4305 5556560   1.4177 359.7609  4.45859290 93411
0 SL-12 DEB
1 41561U 08067K   21354.26603260  .00033238  00000-0  10390+0 0  9999
2 41561  64.5798  46.6423 5558812   1.3073 359.7909  4.45925547  4271
0 SL-12 DEB
1 41561U 08067K   21354.26603260  .00033238  00000-0  10390+0 0  9999
2 41561  64.5798  46.6423 5558812   1.3073 359.7909  4.45925547 93505
0 SL-12 DEB
1 41561U 08067K   21355.16303121  .00022345  00000-0  68095-1 0  9996
2 41561  64.5866  46.2871 5560840   1.2533 359.8025  4.45954573 93543
0 SL-12 DEB
1 41561U 08067K   21356.50830606  .00026969  00000-0  79295-1 0  9998
2 41561  64.5979  45.7595 5563256   1.1758 359.8161  4.46044217  4377
0 SL-12 DEB
1 41561U 08067K   21356.50830606  .00026969  00000-0  79295-1 0  9998
2 41561  64.5979  45.7595 5563256   1.1758 359.8161  4.46044217 93601
0 SL-12 DEB
1 41561U 08067K   21358.52591975  .00020051  00000-0  56184-1 0  9993
2 41561  64.6144  44.9692 5566915   1.0601 359.8340  4.46111533  4467
0 SL-12 DEB
1 41561U 08067K   21358.52591975  .00020051  00000-0  56184-1 0  9993
2 41561  64.6144  44.9692 5566915   1.0601 359.8340  4.46111533 93690
0 SL-12 DEB
1 41561U 08067K   21359.42252875  .00020124  00000-0  54999-1 0  9999
2 41561  64.6228  44.6157 5568741   1.0093 359.8428  4.46146665  4503
0 SL-12 DEB
1 41561U 08067K   21359.42252875  .00020124  00000-0  54999-1 0  9999
2 41561  64.6228  44.6157 5568741   1.0093 359.8428  4.46146665 93736
0 SL-12 DEB
1 41561U 08067K   21360.09494134  .00020775  00000-0  55730-1 0  9996
2 41561  64.6283  44.3506 5570081   0.9682 359.8512  4.46172520  4537
0 SL-12 DEB
1 41561U 08067K   21360.09494134  .00020775  00000-0  55730-1 0  9996
2 41561  64.6283  44.3506 5570081   0.9682 359.8512  4.46172520 93760
0 SL-12 DEB
1 41561U 08067K   21360.76731007  .00020612  00000-0  54207-1 0  9991
2 41561  64.6345  44.0864 5571493   0.9291 359.8601  4.46200462  4563
0 SL-12 DEB
1 41561U 08067K   21360.76731007  .00020612  00000-0  54207-1 0  9991
2 41561  64.6345  44.0864 5571493   0.9291 359.8601  4.46200462 93796
0 SL-12 DEB
1 41561U 08067K   21361.21553596  .00018482  00000-0  47991-1 0  9991
2 41561  64.6388  43.9100 5572429   0.9036 359.8665  4.46215840  4586
0 SL-12 DEB
1 41561U 08067K   21361.21553596  .00018482  00000-0  47991-1 0  9991
2 41561  64.6388  43.9100 5572429   0.9036 359.8665  4.46215840 93810
0 SL-12 DEB
1 41561U 08067K   21362.33601121  .00019520  00000-0  49030-1 0  9993
2 41561  64.6497  43.4688 5574705   0.8406 359.8844  4.46265239  4634
0 SL-12 DEB
1 41561U 08067K   21362.33601121  .00019520  00000-0  49030-1 0  9993
2 41561  64.6497  43.4688 5574705   0.8406 359.8844  4.46265239 93867
0 SL-12 DEB
1 41561U 08067K   21363.23229504  .00021333  00000-0  52310-1 0  9994
2 41561  64.6576  43.1156 5576265   0.7927 359.8994  4.46309819 93906
0 SL-12 DEB
1 41561U 08067K   21363.45635209  .00024315  00000-0  59280-1 0  9997
2 41561  64.6594  43.0283 5576607   0.7801 359.9034  4.46323761  4682
0 SL-12 DEB
1 41561U 08067K   21363.45635209  .00024315  00000-0  59280-1 0  9997
2 41561  64.6594  43.0283 5576607   0.7801 359.9034  4.46323761 93916
0 SL-12 DEB
1 41561U 08067K   21365.02461051  .00021664  00000-0  50370-1 0  9999
2 41561  64.6757  42.4102 5579830   0.6928 359.9297  4.46393246  4750
0 SL-12 DEB
1 41561U 08067K   21365.02461051  .00021664  00000-0  50370-1 0  9999
2 41561  64.6757  42.4102 5579830   0.6928 359.9297  4.46393246 93983
0 SL-12 DEB
1 41561U 08067K   22003.83222107  .00020683  00000-0  43113-1 0  9992
2 41561  64.7148  40.9067 5587265   0.4892 359.9635  4.46561750  4929
0 SL-12 DEB
1 41561U 08067K   22004.50400645  .00019884  00000-0  40749-1 0  9995
2 41561  64.7210  40.6415 5588444   0.4556 359.9656  4.46587069  4957
0 SL-12 DEB
1 41561U 08067K   22004.50400645  .00019884  00000-0  40749-1 0  9995
2 41561  64.7210  40.6415 5588444   0.4556 359.9656  4.46587069 94181
0 SL-12 DEB
1 41561U 08067K   22005.39964007  .00021727  00000-0  43305-1 0  9990
2 41561  64.7313  40.2873 5590301   0.4094 359.9686  4.46631481  4992
0 SL-12 DEB
1 41561U 08067K   22005.39964007  .00021727  00000-0  43305-1 0  9990
2 41561  64.7313  40.2873 5590301   0.4094 359.9686  4.46631481 94227
0 SL-12 DEB
1 41561U 08067K   22006.29520116  .00017204  00000-0  33371-1 0  9996
2 41561  64.7412  39.9331 5592241   0.3627 359.9729  4.46664417  5031
0 SL-12 DEB
1 41561U 08067K   22006.29520116  .00017204  00000-0  33371-1 0  9996
2 41561  64.7412  39.9331 5592241   0.3627 359.9729  4.46664417 94264
0 SL-12 DEB
1 41561U 08067K   22007.41456711  .00019804  00000-0  36933-1 0  9995
2 41561  64.7547  39.4911 5594883   0.3038 359.9810  4.46706802  5080
0 SL-12 DEB
1 41561U 08067K   22007.86227784  .00021115  00000-0  38850-1 0  9998
2 41561  64.7586  39.3141 5595720   0.2815 359.9850  4.46728013  5105
0 SL-12 DEB
1 41561U 08067K   22007.86227784  .00021115  00000-0  38850-1 0  9998
2 41561  64.7586  39.3141 5595720   0.2815 359.9850  4.46728013 94338
0 SL-12 DEB
1 41561U 08067K   22008.08612493  .00021553  00000-0  39372-1 0  9994
2 41561  64.7613  39.2254 5596169   0.2702 359.9872  4.46739217  5116
0 SL-12 DEB
1 41561U 08067K   22008.53380287  .00025960  00000-0  46548-1 0  9996
2 41561  64.7682  39.0481 5597296   0.2458 359.9924  4.46766302  5137
0 SL-12 DEB
1 41561U 08067K   22008.53380287  .00025960  00000-0  46548-1 0  9996
2 41561  64.7682  39.0481 5597296   0.2458 359.9924  4.46766302 94360
0 SL-12 DEB
1 41561U 08067K   22009.42909040  .00035737  00000-0  62493-1 0  9999
2 41561  64.7762  38.6939 5598655   0.2028   0.0030  4.46822447  5171
0 SL-12 DEB
1 41561U 08067K   22009.42909040  .00035737  00000-0  62493-1 0  9999
2 41561  64.7762  38.6939 5598655   0.2028   0.0030  4.46822447 94405
0 SL-12 DEB
1 41561U 08067K   22010.54803201  .00032762  00000-0  55100-1 0  9998
2 41561  64.7896  38.2504 5600966   0.1456   0.0187  4.46893711  5227
0 SL-12 DEB
1 41561U 08067K   22010.54803201  .00032762  00000-0  55100-1 0  9998
2 41561  64.7896  38.2504 5600966   0.1456   0.0187  4.46893711 94450
0 SL-12 DEB
1 41561U 08067K   22012.11420491  .00039067  00000-0  61908-1 0  9997
2 41561  64.8083  37.6292 5604289   0.0683   0.0408  4.47017006 94529
0 SL-12 DEB
1 41561U 08067K   22012.33790726  .00035731  00000-0  56757-1 0  9992
2 41561  64.8079  37.5403 5604014   0.0584   0.0436  4.47031671  5306
0 SL-12 DEB
1 41561U 08067K   22013.45628029  .00042299  00000-0  64661-1 0  9992
2 41561  64.8218  37.0967 5606009   0.0015   0.0580  4.47129560  5356
0 SL-12 DEB
1 41561U 08067K   22013.45628029  .00042299  00000-0  64661-1 0  9992
2 41561  64.8218  37.0967 5606009   0.0015   0.0580  4.47129560 94589
0 SL-12 DEB
1 41561U 08067K   22014.12718887  .00044028  00000-0  65647-1 0  9996
2 41561  64.8299  36.8302 5607328 359.9695   0.0650  4.47189514 94610
0 SL-12 DEB
1 41561U 08067K   22014.35080179  .00045381  00000-0  67284-1 0  9999
2 41561  64.8333  36.7409 5607549 359.9687   0.0649  4.47214036  5395
0 SL-12 DEB
1 41561U 08067K   22014.35080179  .00045381  00000-0  67284-1 0  9999
2 41561  64.8333  36.7409 5607549 359.9687   0.0649  4.47214036 94629
0 SL-12 DEB
1 41561U 08067K   22015.02156829  .00060852  00000-0  88242-1 0  9997
2 41561  64.8408  36.4752 5608521 359.9248   0.0733  4.47297258 94658
0 SL-12 DEB
1 41561U 08067K   22015.46865343  .00077713  00000-0  11063+0 0  9992
2 41561  64.8468  36.2967 5609247 359.9017   0.0770  4.47378297  5443
0 SL-12 DEB
1 41561U 08067K   22015.46865343  .00077713  00000-0  11063+0 0  9992
2 41561  64.8468  36.2967 5609247 359.9017   0.0770  4.47378297 94676
0 SL-12 DEB
1 41561U 08067K   22016.13911011  .00107704  00000-0  14955+0 0  9998
2 41561  64.8551  36.0295 5609892 359.8680   0.0814  4.47535615  5470
0 SL-12 DEB
1 41561U 08067K   22016.13911011  .00107704  00000-0  14955+0 0  9998
2 41561  64.8551  36.0295 5609892 359.8680   0.0814  4.47535615 94704
0 SL-12 DEB
1 41561U 08067K   22017.03277778  .00085274  00000-0  11480+0 0  9990
2 41561  64.8646  35.6744 5611052 359.8247   0.0855  4.47675351 94744
0 SL-12 DEB
1 41561U 08067K   22017.47951447  .00066325  00000-0  87862-1 0  9995
2 41561  64.8707  35.4973 5611837 359.8071   0.0862  4.47721241  5537
0 SL-12 DEB
1 41561U 08067K   22017.47951447  .00066325  00000-0  87862-1 0  9995
2 41561  64.8707  35.4973 5611837 359.8071   0.0862  4.47721241 94760
0 SL-12 DEB
1 41561U 08067K   22018.14950168  .00074929  00000-0  97131-1 0  9998
2 41561  64.8780  35.2307 5612611 359.7748   0.0881  4.47823728  5565
0 SL-12 DEB
1 41561U 08067K   22018.14950168  .00074929  00000-0  97131-1 0  9998
2 41561  64.8780  35.2307 5612611 359.7748   0.0881  4.47823728 94798
0 SL-12 DEB
1 41561U 08067K   22019.04255856  .00083403  00000-0  10481+0 0  9998
2 41561  64.8890  34.8739 5613668 359.7349   0.0897  4.47975841 94830
0 SL-12 DEB
1 41561U 08067K   22019.26576493  .00102322  00000-0  12776+0 0  9996
2 41561  64.8915  34.7856 5613662 359.7245   0.0902  4.48039584 94840
0 SL-12 DEB
1 41561U 08067K   22019.48895488  .00100204  00000-0  12470+0 0  9996
2 41561  64.8931  34.6954 5613619 359.7164   0.0900  4.48078994  5622
0 SL-12 DEB
1 41561U 08067K   22019.93526653  .00098353  00000-0  12080+0 0  9999
2 41561  64.8970  34.5176 5613923 359.6965   0.0912  4.48163479 94877
0 SL-12 DEB
1 41561U 08067K   22020.15839678  .00089660  00000-0  10899+0 0  9996
2 41561  64.8996  34.4282 5614401 359.6841   0.0923  4.48194588  5652
0 SL-12 DEB
1 41561U 08067K   22020.15839678  .00089660  00000-0  10899+0 0  9996
2 41561  64.8996  34.4282 5614401 359.6841   0.0923  4.48194588 94885
0 SL-12 DEB
1 41561U 08067K   22021.05072301  .00078747  00000-0  92600-1 0  9994
2 41561  64.9100  34.0716 5615624 359.6430   0.0958  4.48337864 94922
0 SL-12 DEB
1 41561U 08067K   22021.49676111  .00092038  00000-0  10579+0 0  9993
2 41561  64.9163  33.8929 5616445 359.6095   0.1010  4.48434963  5710
0 SL-12 DEB
1 41561U 08067K   22021.49676111  .00092038  00000-0  10579+0 0  9993
2 41561  64.9163  33.8929 5616445 359.6095   0.1010  4.48434963 94943
0 SL-12 DEB
1 41561U 08067K   22022.38864420  .00104676  00000-0  11653+0 0  9990
2 41561  64.9288  33.5354 5617415 359.5798   0.1046  4.48596079  5754
0 SL-12 DEB
1 41561U 08067K   22022.38864420  .00104676  00000-0  11653+0 0  9990
2 41561  64.9288  33.5354 5617415 359.5798   0.1046  4.48596079 94987
0 SL-12 DEB
1 41561U 08067K   22023.28015314  .00114997  00000-0  12422+0 0  9992
2 41561  64.9387  33.1785 5618029 359.5402   0.1126  4.48789423  5792
0 SL-12 DEB
1 41561U 08067K   22023.28015314  .00114997  00000-0  12422+0 0  9992
2 41561  64.9387  33.1785 5618029 359.5402   0.1126  4.48789423 95027
0 SL-12 DEB
1 41561U 08067K   22025.28470287  .00111539  00000-0  11195+0 0  9993
2 41561  64.9605  32.3734 5619835 359.4507   0.1356  4.49205389  5881
0 SL-12 DEB
1 41561U 08067K   22025.28470287  .00111539  00000-0  11195+0 0  9993
2 41561  64.9605  32.3734 5619835 359.4507   0.1356  4.49205389 95116
0 SL-12 DEB
1 41561U 08067K   22025.50729073  .00134079  00000-0  13338+0 0  9993
2 41561  64.9656  32.2851 5619824 359.4425   0.1379  4.49289131  5896
0 SL-12 DEB
1 41561U 08067K   22025.50729073  .00134079  00000-0  13338+0 0  9993
2 41561  64.9656  32.2851 5619824 359.4425   0.1379  4.49289131 95121
0 SL-12 DEB
1 41561U 08067K   22027.06457297  .00141496  00000-0  13255+0 0  9991
2 41561  64.9846  31.6582 5620541 359.3762   0.1539  4.49732923  5960
0 SL-12 DEB
1 41561U 08067K   22027.06457297  .00141496  00000-0  13255+0 0  9991
2 41561  64.9846  31.6582 5620541 359.3762   0.1539  4.49732923 95194
0 SL-12 DEB
1 41561U 08067K   22029.06429256  .00148686  00000-0  12899+0 0  9998
2 41561  65.0089  30.8514 5620910 359.2902   0.1648  4.50373588 95287
0 SL-12 DEB
1 41561U 08067K   22029.28627249  .00197744  00000-0  17145+0 0  9992
2 41561  65.0101  30.7617 5619984 359.2698   0.1678  4.50517979  6061
0 SL-12 DEB
1 41561U 08067K   22029.28627249  .00197744  00000-0  17145+0 0  9992
2 41561  65.0101  30.7617 5619984 359.2698   0.1678  4.50517979 95294
0 SL-12 DEB
1 41561U 08067K   22030.61730602  .00225280  00000-0  18613+0 0  9997
2 41561  65.0268  30.2248 5619102 359.2228   0.1658  4.51082336 95354
0 SL-12 DEB
1 41561U 08067K   22030.83898975  .00214612  00000-0  17500+0 0  9990
2 41561  65.0294  30.1350 5619360 359.2150   0.1652  4.51160744  6138
0 SL-12 DEB
1 41561U 08067K   22031.06061872  .00215633  00000-0  17423+0 0  9992
2 41561  65.0314  30.0448 5619266 359.2033   0.1657  4.51256175 95376
0 SL-12 DEB
1 41561U 08067K   22031.28217736  .00256115  00000-0  20674+0 0  9990
2 41561  65.0335  29.9550 5618322 359.1946   0.1654  4.51406110  6155
0 SL-12 DEB
1 41561U 08067K   22031.28217736  .00256115  00000-0  20674+0 0  9990
2 41561  65.0335  29.9550 5618322 359.1946   0.1654  4.51406110 95388
0 SL-12 DEB
1 41561U 08067K   22032.83155714  .00266993  00000-0  20243+0 0  9996
2 41561  65.0525  29.3263 5616560 359.1332   0.1651  4.52222076  6225
0 SL-12 DEB
1 41561U 08067K   22033.05266021  .00265769  00000-0  19740+0 0  9995
2 41561  65.0594  29.2349 5616970 359.1238   0.1656  4.52339719 95467
0 SL-12 DEB
1 41561U 08067K   22033.27368963  .00290408  00000-0  21525+0 0  9999
2 41561  65.0598  29.1434 5616084 359.1067   0.1681  4.52490658 95470
0 SL-12 DEB
1 41561U 08067K   22033.49469076  .00279621  00000-0  20576+0 0  9999
2 41561  65.0637  29.0555 5615849 359.1061   0.1669  4.52588954  6250
0 SL-12 DEB
1 41561U 08067K   22033.49469076  .00279621  00000-0  20576+0 0  9999
2 41561  65.0637  29.0555 5615849 359.1061   0.1669  4.52588954 95483
0 SL-12 DEB
1 41561U 08067K   22035.26001361  .00424661  00000-0  29286+0 0  9998
2 41561  65.0897  28.3358 5610808 359.0418   0.1771  4.53903212 95561
0 SL-12 DEB
1 41561U 08067K   22036.14050588  .00460922  00000-0  30752+0 0  9991
2 41561  65.0941  27.9759 5607310 359.0087   0.1858  4.54710943 95606
0 SL-12 DEB
1 41561U 08067K   22036.36035667  .00482569  00000-0  31642+0 0  9996
2 41561  65.1066  27.8842 5606731 358.9782   0.1933  4.54945136  6388
0 SL-12 DEB
1 41561U 08067K   22036.36035667  .00482569  00000-0  31642+0 0  9996
2 41561  65.1066  27.8842 5606731 358.9782   0.1933  4.54945136 95612
0 SL-12 DEB
1 41561U 08067K   22037.23877707  .00517625  00000-0  33324+0 0  9993
2 41561  65.1095  27.5235 5601836 358.9527   0.2021  4.55837030 95652
0 SL-12 DEB
1 41561U 08067K   22038.55335558  .00438250  00000-0  26798+0 0  9995
2 41561  65.1179  26.9825 5596988 358.9044   0.2176  4.57000573  6488
0 SL-12 DEB
1 41561U 08067K   22038.55335558  .00438250  00000-0  26798+0 0  9995
2 41561  65.1179  26.9825 5596988 358.9044   0.2176  4.57000573 95712
0 SL-12 DEB
1 41561U 08067K   22040.73692472  .00479138  00000-0  25437+0 0  9998
2 41561  65.1499  26.0759 5591460 358.8212   0.2401  4.58999076 95818
0 SL-12 DEB
1 41561U 08067K   22041.38996039  .00560669  00000-0  29564+0 0  9991
2 41561  65.1481  25.8043 5586621 358.8053   0.2433  4.59787861  6611
0 SL-12 DEB
1 41561U 08067K   22041.38996039  .00560669  00000-0  29564+0 0  9991
2 41561  65.1481  25.8043 5586621 358.8053   0.2433  4.59787861 95844
0 SL-12 DEB
1 41561U 08067K   22042.04187038  .00642293  00000-0  34046+0 0  9991
2 41561  65.1541  25.5331 5580811 358.7635   0.2521  4.60626892  6644
0 SL-12 DEB
1 41561U 08067K   22042.04187038  .00642293  00000-0  34046+0 0  9991
2 41561  65.1541  25.5331 5580811 358.7635   0.2521  4.60626892 95877
0 SL-12 DEB
1 41561U 08067K   22045.92574581  .00711207  00000-0  32234+0 0  9993
2 41561  65.1915  23.8958 5552048 358.6193   0.2688  4.66268696  6828
0 SL-12 DEB
1 41561U 08067K   22045.92574581  .00711207  00000-0  32234+0 0  9993
2 41561  65.1915  23.8958 5552048 358.6193   0.2688  4.66268696 96041
0 SL-12 DEB
1 41561U 08067K   22045.92576102  .00431013  00000-0  15140+0 0  9995
2 41561  65.1717  23.9080 5571416 358.0166   0.4080  4.65258784  6823
0 SL-12 DEB
1 41561U 08067K   22045.92576102  .00431024  00000-0  15140+0 0  9997
2 41561  65.1717  23.9080 5571416 358.0166   0.4080  4.65258784  6823
0 SL-12 DEB
1 41561U 08067K   22045.92576102  .00431013  00000-0  15140+0 0  9995
2 41561  65.1717  23.9080 5571416 358.0166   0.4080  4.65258784 96046
0 SL-12 DEB
1 41561U 08067K   22045.92576102  .00431013  00000-0  15140+0 0  9995
2 41561  65.1717  23.9080 5571416 358.0166   0.4080  4.65258784 96046
