0 TBA - TO BE ASSIGNED
1 32977U 79058S   08153.92756542  .00000050  00000-0  10000-3 0  9993
2 32977 071.8798 039.8228 6515728 242.9826 037.8430 01.98176972 63205
0 TBA - TO BE ASSIGNED
1 32977U 79058S   08157.96458726 -.00000444  00000-0  10000-3 0  9992
2 32977 071.8639 039.5614 6538829 243.2414 038.0007 01.98180107 63285
0 COSMOS 1109 DEB
1 32977U 79058S   08158.97291409 -.00000571  00000-0  10000-3 0  9998
2 32977 071.8674 039.4960 6538946 243.1782 037.3879 01.98180214 63305
0 COSMOS 1109 DEB
1 32977U 79058S   08163.00990901 -.00001028  00000-0  10000-3 0  9999
2 32977 071.8323 039.2402 6543616 243.0619 037.5352 01.98177194 63382
0 COSMOS 1109 DEB
1 32977U 79058S   08168.56078054 -.00001033  00000-0  10000-3 0  9997
2 32977 071.8145 038.8753 6541125 242.6700 037.6633 01.98168678 63499
0 COSMOS 1109 DEB
1 32977U 79058S   08170.07496656 -.00000899  00000-0  10000-3 0  9997
2 32977 071.8326 038.7654 6527920 242.3243 037.8806 01.98165708 63524
0 COSMOS 1109 DEB
1 32977U 79058S   08171.58956592 -.00000743  00000-0  10000-3 0  9992
2 32977 071.8224 038.6757 6527410 242.2077 038.3825 01.98162584 63551
0 COSMOS 1109 DEB
1 32977U 79058S   08172.59898266 -.00000629  00000-0  10000-3 0  9990
2 32977 071.8230 038.6098 6527621 242.1471 038.4819 01.98160679 63576
0 COSMOS 1109 DEB
1 32977U 79058S   08177.14112899 -.00000065  00000-0  10000-3 0  9991
2 32977 071.8589 038.3014 6531672 241.9894 038.6495 01.98152888 63660
0 COSMOS 1109 DEB
1 32977U 79058S   08178.15043685 +.00000065 +00000-0 +10000-3 0  9998
2 32977 071.8627 038.2330 6532289 241.9444 038.6365 01.98152097063689
0 COSMOS 1109 DEB
1 32977U 79058S   08179.15980546  .00000196  00000-0  10000-3 0  9990
2 32977 071.8710 038.1660 6533215 241.9093 038.6629 01.98151566 63703
0 COSMOS 1109 DEB
1 32977U 79058S   08179.66446961  .00000262  00000-0  10000-3 0  9998
2 32977 071.8591 038.1324 6532502 241.8520 038.6655 01.98151439 63718
0 COSMOS 1109 DEB
1 32977U 79058S   08180.67390409  .00000391  00000-0  10000-3 0  9999
2 32977 071.8548 038.0662 6532535 241.7879 038.7405 01.98151395 63733
0 COSMOS 1109 DEB
1 32977U 79058S   08182.69269529  .00000629  00000-0  10000-3 0  9995
2 32977 071.8438 037.9344 6531544 241.6421 038.8364 01.98152178 63776
0 COSMOS 1109 DEB
1 32977U 79058S   08186.73030571 +.00000827 +00000-0 +10000-3 0  9997
2 32977 071.8410 037.6675 6533127 241.4316 039.0648 01.98156646063851
0 COSMOS 1109 DEB
1 32977U 79058S   08187.73971449  .00000793  00000-0  10000-3 0  9998
2 32977 071.8403 037.5990 6534059 241.3913 039.1448 01.98158571 63879
0 COSMOS 1109 DEB
1 32977U 79058S   08194.80489418  .00000108  00000-0  10000-3 0  9994
2 32977 071.8504 037.1312 6537936 241.0351 039.4575 01.98173970 64016
0 COSMOS 1109 DEB
1 32977U 79058S   08195.81409079 -.00000001  00000-0  10000-3 0  9994
2 32977 071.8435 037.0676 6539344 240.9992 039.4474 01.98175418 64034
0 COSMOS 1109 DEB
1 32977U 79058S   08339.13513784  .00000000  00000-0  10000-3 0  9996
2 32977 071.7000 027.4134 6613478 234.0129 045.4697 01.98166047 66876
0 COSMOS 1109 DEB
1 32977U 79058S   08339.13724684 -.00000529  00000-0  10000-3 0  9996
2 32977 071.5527 027.5257 6580363 233.2796 046.9735 01.98166397 66879
0 COSMOS 1109 DEB
1 32977U 79058S   08344.18374037  .00000166  00000-0  10000-3 0  9996
2 32977 071.8644 026.9473 6682149 235.1924 047.0502 01.98161037 66975
0 COSMOS 1109 DEB
1 32977U 79058S   08345.19355223  .00000308  00000-0  10000-3 0  9992
2 32977 071.6366 027.0495 6599232 233.3452 047.4427 01.98160937 66996
0 COSMOS 1109 DEB
1 32977U 79058S   08346.19945466  .00000000  00000-0  10000-3 0  9996
2 32977 071.6915 026.9281 6635602 234.1229 044.9954 01.98159621 67008
0 COSMOS 1109 DEB
1 32977U 79058S   08348.22023726  .00000729  00000-0  10000-3 0  9996
2 32977 072.0641 026.5026 6759499 236.5874 046.5789 01.98161498 67059
0 COSMOS 1109 DEB
1 32977U 79058S   08348.22023726  .00000674  00000-0  10000-3 0  9995
2 32977 071.6248 026.8446 6600416 233.1934 046.6157 01.98162140 67055
0 COSMOS 1109 DEB
1 32977U 79058S   08357.80873309  .00000365  00000-0  10000-3 0  9996
2 32977 071.7177 026.1129 6615624 232.9681 047.1185 01.98178892 67240
0 COSMOS 1109 DEB
1 32977U 79058S   08364.87284774 -.00000464  00000-0  10000-3 0  9994
2 32977 071.5998 025.6517 6617874 232.6118 047.1207 01.98188805 67380
0 COSMOS 1109 DEB
1 32977U 79058S   09005.93737060 -.00000971  00000-0  10000-3 0  9998
2 32977 071.6963 025.1144 6620147 232.2857 047.4459 01.98182949 67528
0 COSMOS 1109 DEB
1 32977U 79058S   09009.97445537 -.00000824  00000-0  10000-3 0  9998
2 32977 071.6836 024.8383 6623545 232.0542 047.6617 01.98175477 67607
0 COSMOS 1109 DEB
1 32977U 79058S   09010.98379018 -.00000765 +00000-0 +10000-3 0  9995
2 32977 071.6846 024.7670 6623813 232.0057 047.7426 01.98173448067622
0 COSMOS 1109 DEB
1 32977U 79058S   09011.99310710 -.00000700  00000-0  10000-3 0  9990
2 32977 071.6750 024.6969 6624348 231.9538 047.8077 01.98171546 67644
0 COSMOS 1109 DEB
1 32977U 79058S   09013.00242365 -.00000627  00000-0  10000-3 0  9992
2 32977 071.6634 024.6332 6624815 231.9015 047.8633 01.98169322 67667
0 COSMOS 1109 DEB
1 32977U 79058S   09014.01175210 -.00000540 +00000-0 +10000-3 0  9992
2 32977 071.6662 024.5627 6625002 231.8536 047.9174 01.98167383067688
0 COSMOS 1109 DEB
1 32977U 79058S   09015.02108806 -.00000435  00000-0  10000-3 0  9994
2 32977 071.6621 024.4958 6625019 231.8058 047.9675 01.98165516 67701
0 COSMOS 1109 DEB
1 32977U 79058S   09016.03043794 -.00000310 +00000-0 +10000-3 0  9992
2 32977 071.6600 024.4274 6625248 231.7563 048.0237 01.98163930067729
0 COSMOS 1109 DEB
1 32977U 79058S   09017.03979004 -.00000166  00000-0  10000-3 0  9994
2 32977 071.6553 024.3599 6625549 231.7060 048.0776 01.98162638 67745
0 COSMOS 1109 DEB
1 32977U 79058S   09018.04914772 -.00000005 +00000-0 +10000-3 0  9999
2 32977 071.6512 024.2911 6626134 231.6523 048.1361 01.98161708067761
0 COSMOS 1109 DEB
1 32977U 79058S   09019.05850578  .00000164  00000-0  10000-3 0  9999
2 32977 071.6485 024.2218 6626642 231.6004 048.1911 01.98161050 67781
0 COSMOS 1109 DEB
1 32977U 79058S   09020.57255563  .00000414  00000-0  10000-3 0  9999
2 32977 071.6206 024.1345 6628161 231.5431 048.2757 01.98160581 67814
0 COSMOS 1109 DEB
1 32977U 79058S   09021.07719198  .00000491  00000-0  10000-3 0  9999
2 32977 071.6131 024.1051 6626486 231.4753 048.2717 01.98160598 67824
0 COSMOS 1109 DEB
1 32977U 79058S   09022.08667816  .00000630  00000-0  10000-3 0  9995
2 32977 071.5888 024.0523 6621068 231.2909 048.4183 01.98160885 67847
0 COSMOS 1109 DEB
1 32977U 79058S   09023.09640253  .00000746  00000-0  10000-3 0  9991
2 32977 071.5796 023.9883 6619512 231.1947 048.7337 01.98161443 67861
0 COSMOS 1109 DEB
1 32977U 79058S   09025.11525966  .00000898  00000-0  10000-3 0  9997
2 32977 071.6165 023.8200 6630515 231.3401 048.9394 01.98163529 67904
0 COSMOS 1109 DEB
1 32977U 79058S   09030.16128924  .00000815  00000-0  10000-3 0  9990
2 32977 071.6101 023.4714 6632065 231.0763 048.7817 01.98172621 68003
0 COSMOS 1109 DEB
1 32977U 79058S   09030.16131198  .00000815  00000-0  10000-3 0  9997
2 32977 071.6088 023.4736 6631649 231.0639 048.8133 01.98173055 68004
0 COSMOS 1109 DEB
1 32977U 79058S   09032.17984716 +.00000656 +00000-0 +10000-3 0  9995
2 32977 071.6106 023.3324 6633197 230.9710 048.8927 01.98177292068047
0 COSMOS 1109 DEB
1 32977U 79058S   09032.17989017  .00000656  00000-0  10000-3 0  9994
2 32977 071.6111 023.3306 6633401 230.9746 048.9229 01.98177274 68046
0 COSMOS 1109 DEB
1 32977U 79058S   09039.24464422 -.00000236  00000-0  10000-3 0  9992
2 32977 071.6037 022.8377 6638805 230.6430 049.3206 01.98187407 68189
0 COSMOS 1109 DEB
1 32977U 79058S   09040.25376259 -.00000394 +00000-0 +10000-3 0  9990
2 32977 071.6024 022.7674 6639185 230.5923 049.2983 01.98187795068206
0 COSMOS 1109 DEB
1 32977U 79058S   09040.25376280 -.00000394 +00000-0 +10000-3 0  9994
2 32977 071.6034 022.7680 6639207 230.5942 049.2931 01.98187660068204
0 COSMOS 1109 DEB
1 32977U 79058S   09041.26299333 -.00000541  00000-0  10000-3 0  9993
2 32977 071.6021 022.6976 6639586 230.5435 049.3512 01.98187741 68222
0 COSMOS 1109 DEB
1 32977U 79058S   09043.78605213 -.00000816  00000-0  10000-3 0  9995
2 32977 071.5933 022.5278 6639423 230.4188 049.4502 01.98186015 68279
0 COSMOS 1109 DEB
1 32977U 79058S   09045.80458799 -.00000907  00000-0  10000-3 0  9996
2 32977 071.5917 022.3757 6635349 230.2857 049.5722 01.98184412 68314
0 COSMOS 1109 DEB
1 32977U 79058S   09050.85114682 -.00000797  00000-0  10000-3 0  9994
2 32977 071.5265 022.1195 6639882 230.0191 050.0360 01.98175925 68414
0 COSMOS 1109 DEB
1 32977U 79058S   09051.86039867 -.00000740  00000-0  10000-3 0  9995
2 32977 071.5799 021.9625 6639349 229.9944 050.0555 01.98174163 68433
0 COSMOS 1109 DEB
1 32977U 79058S   09052.86969559 -.00000676  00000-0  10000-3 0  9994
2 32977 071.5824 021.8852 6644835 230.0109 050.1168 01.98171997 68450
0 COSMOS 1109 DEB
1 32977U 79058S   09053.87877216 -.00000594  00000-0  10000-3 0  9993
2 32977 071.5640 021.8342 6635734 229.7905 049.9892 01.98169212 68476
0 COSMOS 1109 DEB
1 32977U 79058S   09054.88863759 -.00000500  00000-0  10000-3 0  9999
2 32977 071.5641 021.7613 6637309 229.7607 050.4313 01.98167505 68496
0 COSMOS 1109 DEB
1 32977U 79058S   09055.89790708 -.00000392  00000-0  10000-3 0  9993
2 32977 071.5763 021.6777 6645300 229.8706 050.4418 01.98165907 68515
0 COSMOS 1109 DEB
1 32977U 79058S   09056.90678844 -.00000268 +00000-0 +10000-3 0  9994
2 32977 071.5777 021.6056 6645547 229.8202 050.1667 01.98164351068531
0 COSMOS 1109 DEB
1 32977U 79058S   09057.91613734 -.00000130  00000-0  10000-3 0  9991
2 32977 071.5790 021.5334 6645861 229.7695 050.2207 01.98163002 68553
0 COSMOS 1109 DEB
1 32977U 79058S   09058.92548930 +.00000019 +00000-0 +10000-3 0  9993
2 32977 071.5793 021.4615 6646257 229.7173 050.2718 01.98161793068572
0 COSMOS 1109 DEB
1 32977U 79058S   09059.93484923  .00000175  00000-0  10000-3 0  9999
2 32977 071.5772 021.3916 6646553 229.6660 050.3229 01.98160817 68597
0 COSMOS 1109 DEB
1 32977U 79058S   09060.94421966  .00000331  00000-0  10000-3 0  9994
2 32977 071.5636 021.3295 6643932 229.5503 050.3775 01.98160086 68616
0 COSMOS 1109 DEB
1 32977U 79058S   09061.95377994 +.00000481 +00000-0 +10000-3 0  9993
2 32977 071.5612 021.2593 6644168 229.4990 050.5673 01.98159784068635
0 COSMOS 1109 DEB
1 32977U 79058S   09062.96316353  .00000616  00000-0  10000-3 0  9997
2 32977 071.5567 021.1925 6643573 229.4448 050.6223 01.98159663 68659
0 COSMOS 1109 DEB
1 32977U 79058S   09063.97258577 +.00000728 +00000-0 +10000-3 0  9996
2 32977 071.5558 021.1206 6644390 229.3993 050.7167 01.98160028068670
0 COSMOS 1109 DEB
1 32977U 79058S   09065.99131614  .00000861  00000-0  10000-3 0  9990
2 32977 071.5544 020.9791 6644533 229.2973 050.8105 01.98161212 68711
0 COSMOS 1109 DEB
1 32977U 79058S   09071.03806404  .00000748  00000-0  10000-3 0  9992
2 32977 071.4874 020.6791 6654171 229.0645 051.1582 01.98169659 68813
0 COSMOS 1109 DEB
1 32977U 79058S   09074.06591331  .00000080  00000-0  10000-3 0  9997
2 32977 071.5542 020.3890 6647383 228.9062 051.2388 01.98176272 68871
0 COSMOS 1109 DEB
1 32977U 79058S   09076.08425936  .00000325  00000-0  10000-3 0  9990
2 32977 071.5490 020.2589 6656837 228.8593 051.2607 01.98180180 68911
0 COSMOS 1109 DEB
1 32977U 79058S   09083.14892043 -.00000647  00000-0  10000-3 0  9990
2 32977 071.5147 019.7972 6647847 228.4126 051.5064 01.98184775 69058
0 COSMOS 1109 DEB
1 32977U 79058S   09084.15873300 -.00000752 +00000-0 +10000-3 0  9994
2 32977 071.5149 019.7250 6648158 228.3624 051.9678 01.98184394069071
0 COSMOS 1109 DEB
1 32977U 79058S   09089.70964678 -.00000956  00000-0  10000-3 0  9995
2 32977 071.4966 019.3451 6650644 228.1029 052.2106 01.98175395 69189
0 COSMOS 1109 DEB
1 32977U 79058S   09090.71898897 -.00000938 +00000-0 +10000-3 0  9997
2 32977 071.4936 019.2740 6651069 228.0557 052.2965 01.98173521069208
0 COSMOS 1109 DEB
1 32977U 79058S   09091.22364393 -.00000927  00000-0  10000-3 0  9991
2 32977 071.4993 019.2311 6652329 228.0585 052.3227 01.98172484 69216
0 COSMOS 1109 DEB
1 32977U 79058S   09092.73756218 -.00000882 +00000-0 +10000-3 0  9999
2 32977 071.4970 019.1243 6652859 227.9837 052.3703 01.98169648069240
0 COSMOS 1109 DEB
1 32977U 79058S   09093.74689657 -.00000843  00000-0  10000-3 0  9990
2 32977 071.5066 019.0403 6653855 227.9526 052.4280 01.98167574 69265
0 COSMOS 1109 DEB
1 32977U 79058S   09094.75619450 -.00000793  00000-0  10000-3 0  9990
2 32977 071.5130 018.9598 6654821 227.9187 052.4516 01.98165496 69282
0 COSMOS 1109 DEB
1 32977U 79058S   09095.76550476 -.00000726  00000-0  10000-3 0  9990
2 32977 071.4920 018.8939 6653356 227.8102 052.4759 01.98162426 69306
0 COSMOS 1109 DEB
1 32977U 79058S   09096.77502397 -.00000638  00000-0  10000-3 0  9993
2 32977 071.5010 018.8153 6654630 227.7882 052.6399 01.98160502 69322
0 COSMOS 1109 DEB
1 32977U 79058S   09097.78432139 -.00000525  00000-0  10000-3 0  9996
2 32977 071.4968 018.7452 6654684 227.7290 052.6420 01.98158758 69343
0 COSMOS 1109 DEB
1 32977U 79058S   09098.79372190 -.00000389  00000-0  10000-3 0  9996
2 32977 071.4923 018.6749 6654728 227.6701 052.7118 01.98157222 69369
0 COSMOS 1109 DEB
1 32977U 79058S   09099.80313144 -.00000235  00000-0  10000-3 0  9993
2 32977 071.4885 018.6049 6654802 227.6125 052.7829 01.98155927 69383
0 COSMOS 1109 DEB
1 32977U 79058S   09100.81254782 -.00000069  00000-0  10000-3 0  9994
2 32977 071.4851 018.5348 6654871 227.5551 052.8546 01.98154885 69407
0 COSMOS 1109 DEB
1 32977U 79058S   09101.82197325 +.00000098 +00000-0 +10000-3 0  9996
2 32977 071.4832 018.4634 6655189 227.5102 052.9273 01.98154095069421
0 COSMOS 1109 DEB
1 32977U 79058S   09102.83137977  .00000260  00000-0  10000-3 0  9996
2 32977 071.5170 018.3686 6659945 227.6089 052.9668 01.98153400 69441
0 COSMOS 1109 DEB
1 32977U 79058S   09103.84044036  .00000401  00000-0  10000-3 0  9998
2 32977 071.4747 018.3246 6655780 227.4076 052.7988 01.98153579 69461
0 COSMOS 1109 DEB
1 32977U 79058S   09109.89724019  .00000760  00000-0  10000-3 0  9993
2 32977 071.5369 017.8443 6669681 227.4235 053.4022 01.98158448 69587
0 COSMOS 1109 DEB
1 32977U 79058S   09118.98048045  .00000003  00000-0  10000-3 0  9991
2 32977 071.4701 017.2474 6650069 226.4395 053.3903 01.98175492 69765
0 COSMOS 1109 DEB
1 32977U 79058S   09121.00062345 -.00000319  00000-0  10000-3 0  9998
2 32977 071.4559 017.1266 6665087 226.6049 054.5519 01.98175708 69809
0 COSMOS 1109 DEB
1 32977U 79058S   09122.00917201 -.00000485  00000-0  10000-3 0  9993
2 32977 071.4651 017.0296 6659547 226.4774 054.0708 01.98175593 69820
0 COSMOS 1109 DEB
1 32977U 79058S   09123.01877087 -.00000641 +00000-0 +10000-3 0  9996
2 32977 071.4629 016.9600 6660250 226.4313 054.3485 01.98175917069841
0 COSMOS 1109 DEB
1 32977U 79058S   09125.03733695 -.00000891  00000-0  10000-3 0  9993
2 32977 071.4607 016.8208 6661463 226.3345 054.4508 01.98175406 69885
0 COSMOS 1109 DEB
1 32977U 79058S   09126.04661482 -.00000976 +00000-0 +10000-3 0  9993
2 32977 071.4611 016.7473 6661454 226.2811 054.4962 01.98174857069906
0 COSMOS 1109 DEB
1 32977U 79058S   09133.11195828 -.00001012  00000-0  10000-3 0  9997
2 32977 071.4322 016.2611 6668872 226.0603 054.9812 01.98164967 70049
0 COSMOS 1109 DEB
1 32977U 79058S   09134.62564857 -.00000942  00000-0  10000-3 0  9997
2 32977 071.4183 016.1574 6669050 225.9776 054.8234 01.98162037 70075
0 COSMOS 1109 DEB
1 32977U 79058S   09135.63505812 -.00000876  00000-0  10000-3 0  9991
2 32977 071.4182 016.0888 6668036 225.8775 054.9128 01.98159963 70091
0 COSMOS 1109 DEB
1 32977U 79058S   09136.64458120 -.00000791  00000-0  10000-3 0  9998
2 32977 071.4180 016.0184 6668424 225.8191 055.0724 01.98157950 70112
0 COSMOS 1109 DEB
1 32977U 79058S   09137.65399862 -.00000687  00000-0  10000-3 0  9991
2 32977 071.4335 015.9344 6670343 225.7986 055.1487 01.98155810 70136
0 COSMOS 1109 DEB
1 32977U 79058S   09138.66331261 -.00000564  00000-0  10000-3 0  9996
2 32977 071.4066 015.8785 6670767 225.7820 055.1280 01.98153170 70152
0 COSMOS 1109 DEB
1 32977U 79058S   09139.67268480 -.00000424 +00000-0 +10000-3 0  9995
2 32977 071.4069 015.8059 6671176 225.7324 055.1590 01.98151688070171
0 COSMOS 1109 DEB
1 32977U 79058S   09144.71987232  .00000364  00000-0  10000-3 0  9991
2 32977 071.3679 015.4718 6670418 225.4155 055.4703 01.98147320 70270
0 COSMOS 1109 DEB
1 32977U 79058S   09145.72954682  .00000490  00000-0  10000-3 0  9996
2 32977 071.3919 015.3841 6672510 225.4236 055.6816 01.98147119 70293
0 COSMOS 1109 DEB
1 32977U 79058S   09150.27193422  .00000710  00000-0  10000-3 0  9994
2 32977 071.4306 015.0353 6671014 225.1454 055.8963 01.98151166 70388
0 COSMOS 1109 DEB
1 32977U 79058S   09158.85195846  .00000194  00000-0  10000-3 0  9994
2 32977 071.4067 014.4393 6667340 224.3443 056.7151 01.98167761 70551
0 COSMOS 1109 DEB
1 32977U 79058S   09159.86214049  .00000059  00000-0  10000-3 0  9993
2 32977 071.4329 014.3582 6670864 224.4828 057.3571 01.98169937 70576
0 COSMOS 1109 DEB
1 32977U 79058S   09166.92701920 -.00000818  00000-0  10000-3 0  9991
2 32977 071.4314 013.8545 6673272 224.1442 057.5782 01.98173430 70713
0 COSMOS 1109 DEB
1 32977U 79058S   09173.99240477 -.00000905  00000-0  10000-3 0  9998
2 32977 071.4049 013.3682 6676889 223.8383 058.0302 01.98162689 70855
0 COSMOS 1109 DEB
1 32977U 79058S   09177.52523622 -.00000747  00000-0  10000-3 0  9991
2 32977 071.3988 013.1164 6678120 223.6559 058.2422 01.98155942 70929
0 COSMOS 1109 DEB
1 32977U 79058S   09185.60080223  .00000420  00000-0  10000-3 0  9991
2 32977 071.3772 012.5377 6680834 223.2257 058.8369 01.98146643 71087
0 COSMOS 1109 DEB
1 32977U 79058S   09199.22815846  .00000442  00000-0  10000-3 0  9995
2 32977 071.3743 011.5478 6687050 222.5781 059.9455 01.98166783 71352
0 COSMOS 1109 DEB
1 32977U 79058S   09225.97664743  .00000382  00000-0  10000-3 0  9998
2 32977 071.2810 009.6307 6694111 221.2924 061.9528 01.98147800 71887
0 COSMOS 1109 DEB
1 32977U 79058S   09234.55684157  .00000811  00000-0  10000-3 0  9990
2 32977 071.3097 009.0028 6701428 220.8263 062.4853 01.98155559 72057
0 COSMOS 1109 DEB
1 32977U 79058S   09236.57567191  .00000737  00000-0  10000-3 0  9999
2 32977 071.3037 008.8569 6700995 220.7367 062.6478 01.98159660 72096
0 COSMOS 1109 DEB
1 32977U 79058S   09244.14596300 -.00000181  00000-0  10000-3 0  9999
2 32977 071.2938 008.3075 6704750 220.3460 063.3027 01.98173708 72249
0 COSMOS 1109 DEB
1 32977U 79058S   09256.25797616 -.00000921  00000-0  10000-3 0  9999
2 32977 071.2515 007.4274 6702492 219.7887 064.2413 01.98165032 72483
0 COSMOS 1109 DEB
1 32977U 79058S   09264.83793661 -.00000118  00000-0  10000-3 0  9996
2 32977 071.2731 006.8056 6712513 219.3409 064.7729 01.98150908 72655
0 COSMOS 1109 DEB
1 32977U 79058S   09265.84738914  .00000045  00000-0  10000-3 0  9996
2 32977 071.2549 006.7355 6714148 219.2675 064.8510 01.98149015 72671
0 COSMOS 1109 DEB
1 32977U 79058S   09266.85688552  .00000196  00000-0  10000-3 0  9997
2 32977 071.2550 006.6620 6713526 219.2360 064.9584 01.98149076 72698
0 COSMOS 1109 DEB
1 32977U 79058S   09274.93251500  .00000733  00000-0  10000-3 0  9991
2 32977 071.2282 006.0750 6714230 218.8450 065.6954 01.98157604 72859
0 COSMOS 1109 DEB
1 32977U 79058S   09283.00742093  .00000083  00000-0  10000-3 0  9999
2 32977 071.2099 005.4885 6708495 218.4636 066.4238 01.98174351 73016
0 COSMOS 1109 DEB
1 32977U 79058S   09290.07255796 -.00000879  00000-0  10000-3 0  9997
2 32977 071.2126 004.9625 6718983 218.1485 066.9240 01.98182286 73154
0 COSMOS 1109 DEB
1 32977U 79058S   09293.60483684 -.00001028  00000-0  10000-3 0  9995
2 32977 071.2717 004.6586 6717849 218.0244 067.0286 01.98179391 73228
0 COSMOS 1109 DEB
1 32977U 79058S   09303.19364758 -.00000599 +00000-0 +10000-3 0  9993
2 32977 071.1971 003.9907 6725618 217.4409 067.7284 01.98161213073417
0 COSMOS 1109 DEB
1 32977U 79058S   09304.20330668 -.00000447 +00000-0 +10000-3 0  9991
2 32977 071.1832 003.9314 6725780 217.3905 067.9877 01.98158517073430
0 COSMOS 1109 DEB
1 32977U 79058S   09305.21273467 -.00000285  00000-0  10000-3 0  9996
2 32977 071.1755 003.8590 6726204 217.3342 068.0779 01.98156862 73452
0 COSMOS 1109 DEB
1 32977U 79058S   09307.23161704  .00000044  00000-0  10000-3 0  9992
2 32977 071.1732 003.7082 6726797 217.2277 068.2601 01.98154631 73497
0 COSMOS 1109 DEB
1 32977U 79058S   09308.24108527 +.00000196 +00000-0 +10000-3 0  9996
2 32977 071.1666 003.6357 6727115 217.1759 068.3653 01.98153997073511
0 COSMOS 1109 DEB
1 32977U 79058S   09309.25054689  .00000331  00000-0  10000-3 0  9998
2 32977 071.1637 003.5617 6727443 217.1246 068.4650 01.98153740 73538
0 COSMOS 1109 DEB
1 32977U 79058S   09310.26000841 +.00000444 +00000-0 +10000-3 0  9997
2 32977 071.1599 003.4881 6727764 217.0736 068.5644 01.98153816073556
0 COSMOS 1109 DEB
1 32977U 79058S   09318.84010256  .00000653  00000-0  10000-3 0  9992
2 32977 071.1670 002.8409 6731368 216.6804 069.3009 01.98165443 73723
0 COSMOS 1109 DEB
1 32977U 79058S   09326.41023504 -.00000254  00000-0  10000-3 0  9992
2 32977 071.1473 002.2707 6732088 216.2568 070.0593 01.98177551 73878
0 COSMOS 1109 DEB
1 32977U 79058S   09339.53175525 -.00000923  00000-0  10000-3 0  9993
2 32977 071.0757 001.3228 6737540 215.6453 071.4359 01.98170197 74138
0 COSMOS 1109 DEB
1 32977U 79058S   09342.05491004 -.00000787  00000-0  10000-3 0  9995
2 32977 071.0808 001.1251 6742115 215.7132 071.4141 01.98163092 74188
0 COSMOS 1109 DEB
1 32977U 79058S   09343.06374336 -.00000682  00000-0  10000-3 0  9999
2 32977 071.0629 001.0565 6741616 215.6212 071.1007 01.98161438 74202
0 COSMOS 1109 DEB
1 32977U 79058S   09344.07328263 -.00000551  00000-0  10000-3 0  9994
2 32977 071.0448 000.9884 6740921 215.5185 071.2878 01.98159961 74226
0 COSMOS 1109 DEB
1 32977U 79058S   09345.08286334 -.00000399  00000-0  10000-3 0  9998
2 32977 071.0165 000.9264 6739372 215.3711 071.5064 01.98158748 74249
0 COSMOS 1109 DEB
1 32977U 79058S   09346.09259116 -.00000236  00000-0  10000-3 0  9998
2 32977 070.9978 000.8614 6738274 215.2474 071.8225 01.98157645 74261
0 COSMOS 1109 DEB
1 32977U 79058S   09347.10225943 -.00000070  00000-0  10000-3 0  9998
2 32977 070.9701 000.8034 6736669 215.1022 072.0951 01.98156777 74281
0 COSMOS 1109 DEB
1 32977U 79058S   09348.11200730  .00000089  00000-0  10000-3 0  9996
2 32977 070.9831 000.7207 6737853 215.0944 072.4012 01.98155790 74303
0 COSMOS 1109 DEB
1 32977U 79058S   09349.12133898  .00000236  00000-0  10000-3 0  9992
2 32977 070.9950 000.6381 6739123 215.0915 072.4054 01.98155022 74323
0 COSMOS 1109 DEB
1 32977U 79058S   09350.13066269  .00000368  00000-0  10000-3 0  9998
2 32977 071.0035 000.5563 6740226 215.0794 072.4026 01.98154550 74347
0 COSMOS 1109 DEB
1 32977U 79058S   09351.14001589  .00000484  00000-0  10000-3 0  9993
2 32977 071.0049 000.4791 6740904 215.0462 072.4228 01.98154427 74368
0 COSMOS 1109 DEB
1 32977U 79058S   09352.14943256  .00000584  00000-0  10000-3 0  9991
2 32977 071.0048 000.4028 6741406 215.0040 072.4900 01.98154659 74386
0 COSMOS 1109 DEB
1 32977U 79058S   09360.22483855  .00000824  00000-0  10000-3 0  9990
2 32977 071.0576 359.7512 6749267 214.7675 073.2050 01.98166078 74544
0 COSMOS 1109 DEB
1 32977U 79058S   09361.23369117  .00000760  00000-0  10000-3 0  9995
2 32977 071.0410 359.6873 6745197 214.6001 072.9655 01.98169401 74562
0 COSMOS 1109 DEB
1 32977U 79058S   10003.80423014 -.00000273  00000-0  10000-3 0  9990
2 32977 071.0280 359.1225 6747493 214.2249 073.9964 01.98180442 74713
0 COSMOS 1109 DEB
1 32977U 79058S   10005.82288099 -.00000509  00000-0  10000-3 0  9998
2 32977 071.0246 358.9702 6748701 214.1354 074.1931 01.98181012 74756
0 COSMOS 1109 DEB
1 32977U 79058S   10013.89758228 -.00000902  00000-0  10000-3 0  9997
2 32977 071.0083 358.3656 6750002 213.7512 074.9609 01.98174795 74913
0 COSMOS 1109 DEB
1 32977U 79058S   10014.90697131 -.00000899  00000-0  10000-3 0  9990
2 32977 071.0058 358.2892 6750407 213.6989 075.0737 01.98171434 74935
0 COSMOS 1109 DEB
1 32977U 79058S   10017.93515070 -.00000738  00000-0  10000-3 0  9999
2 32977 070.9987 358.0609 6751301 213.5464 075.3774 01.98165553 74994
0 COSMOS 1109 DEB
1 32977U 79058S   10018.94457145 -.00000632  00000-0  10000-3 0  9992
2 32977 070.9966 357.9853 6751785 213.5048 075.4832 01.98163637 75015
0 COSMOS 1109 DEB
1 32977U 79058S   10019.95395643 -.00000504 +00000-0 +10000-3 0  9996
2 32977 070.9940 357.9092 6752151 213.4558 075.5573 01.98161808075038
0 COSMOS 1109 DEB
1 32977U 79058S   10020.96337425 -.00000360  00000-0  10000-3 0  9993
2 32977 070.9911 357.8335 6752550 213.4064 075.6483 01.98160081 75055
0 COSMOS 1109 DEB
1 32977U 79058S   10021.97280288 -.00000205 +00000-0 +10000-3 0  9997
2 32977 070.9873 357.7580 6752951 213.3567 075.7407 01.98158494075079
0 COSMOS 1109 DEB
1 32977U 79058S   10022.98224460 -.00000045  00000-0  10000-3 0  9991
2 32977 070.9823 357.6828 6753446 213.3062 075.8366 01.98157071 75095
0 COSMOS 1109 DEB
1 32977U 79058S   10023.99169849 +.00000113 +00000-0 +10000-3 0  9997
2 32977 070.9774 357.6083 6753870 213.2555 075.9359 01.98155879075110
0 COSMOS 1109 DEB
1 32977U 79058S   10025.00116584  .00000263  00000-0  10000-3 0  9995
2 32977 070.9719 357.5346 6754179 213.2120 076.0391 01.98154953 75133
0 COSMOS 1109 DEB
1 32977U 79058S   10026.01062531  .00000394  00000-0  10000-3 0  9994
2 32977 070.9007 357.5053 6742912 212.7592 076.1624 01.98153712 75151
0 COSMOS 1109 DEB
1 32977U 79058S   10027.02156207  .00000509  00000-0  10000-3 0  9998
2 32977 070.9022 357.4271 6741236 212.6519 077.3141 01.98153448 75170
0 COSMOS 1109 DEB
1 32977U 79058S   10034.08793390  .00000868  00000-0  10000-3 0  9990
2 32977 070.9464 356.8499 6756857 212.7396 078.1104 01.98160438 75315
0 COSMOS 1109 DEB
1 32977U 79058S   10034.59106661  .00000865  00000-0  10000-3 0  9992
2 32977 070.9482 356.8089 6758979 212.7651 077.0232 01.98161167 75322
0 COSMOS 1109 DEB
1 32977U 79058S   10035.09558823  .00000855  00000-0  10000-3 0  9998
2 32977 070.9529 356.7662 6758835 212.7436 076.9362 01.98162221 75337
0 COSMOS 1109 DEB
1 32977U 79058S   10040.14259675  .00000378  00000-0  10000-3 0  9993
2 32977 070.9638 356.3575 6757004 212.4528 077.4716 01.98173023 75435
0 COSMOS 1109 DEB
1 32977U 79058S   10047.20820324 -.00000572 +00000-0 +10000-3 0  9999
2 32977 071.0189 355.7208 6756093 212.0696 078.3220 01.98179780075574
0 COSMOS 1109 DEB
1 32977U 79058S   10052.75974755 -.00000902  00000-0  10000-3 0  9990
2 32977 070.9229 355.4205 6762558 211.8656 078.9985 01.98175657 75682
0 COSMOS 1109 DEB
1 32977U 79058S   10054.77815744 -.00000962  00000-0  10000-3 0  9992
2 32977 070.9154 355.2874 6764009 211.7878 078.9496 01.98171533 75728
0 COSMOS 1109 DEB
1 32977U 79058S   10061.84392705 -.00000539  00000-0  10000-3 0  9995
2 32977 070.8962 354.7508 6763981 211.4159 079.5428 01.98156857 75868
0 COSMOS 1109 DEB
1 32977U 79058S   10062.85357759 -.00000392 +00000-0 +10000-3 0  9994
2 32977 070.8941 354.6744 6764295 211.3664 079.7839 01.98155297075882
0 COSMOS 1109 DEB
1 32977U 79058S   10063.86304009 -.00000243  00000-0  10000-3 0  9991
2 32977 070.8920 354.5980 6764608 211.3169 079.8855 01.98153919 75909
0 COSMOS 1109 DEB
1 32977U 79058S   10064.87251512 -.00000097 +00000-0 +10000-3 0  9990
2 32977 070.8872 354.5216 6766006 211.2870 079.9914 01.98152701075926
0 COSMOS 1109 DEB
1 32977U 79058S   10065.88191194 +.00000038 +00000-0 +10000-3 0  9995
2 32977 070.8851 354.4451 6766320 211.2376 080.0375 01.98151798075944
0 COSMOS 1109 DEB
1 32977U 79058S   10067.90089566 +.00000275 +00000-0 +10000-3 0  9992
2 32977 070.8836 354.2884 6766950 211.1390 080.2523 01.98150337075988
0 COSMOS 1109 DEB
1 32977U 79058S   10068.91039616 +.00000376 +00000-0 +10000-3 0  9997
2 32977 070.8811 354.2120 6767170 211.0855 080.3651 01.98150272076009
0 COSMOS 1109 DEB
1 32977U 79058S   10070.92938428  .00000552  00000-0  10000-3 0  9996
2 32977 070.8765 354.0585 6767804 210.9878 080.5843 01.98151237 76048
0 COSMOS 1109 DEB
1 32977U 79058S   10076.98609908  .00000715  00000-0  10000-3 0  9997
2 32977 070.8592 353.6021 6770825 210.7126 081.1677 01.98160676 76169
0 COSMOS 1109 DEB
1 32977U 79058S   10077.99542624  .00000658  00000-0  10000-3 0  9996
2 32977 070.8504 353.5325 6769739 210.6308 081.2020 01.98162870 76184
0 COSMOS 1109 DEB
1 32977U 79058S   10086.07069538 -.00000429  00000-0  10000-3 0  9990
2 32977 070.8325 352.9290 6772414 210.2370 082.1360 01.98174374 76345
0 COSMOS 1109 DEB
1 32977U 79058S   10087.08006970 -.00000550  00000-0  10000-3 0  9998
2 32977 070.8322 352.8505 6773029 210.1995 082.2438 01.98174768 76361
0 COSMOS 1109 DEB
1 32977U 79058S   10090.61277660 -.00000849  00000-0  10000-3 0  9998
2 32977 070.8313 352.5740 6773633 210.0183 082.5641 01.98174176 76438
0 COSMOS 1109 DEB
1 32977U 79058S   10091.62218823 -.00000915  00000-0  10000-3 0  9990
2 32977 070.8397 352.4694 6771372 209.9561 082.6749 01.98172727 76454
0 COSMOS 1109 DEB
1 32977U 79058S   10099.19291417 -.00001028  00000-0  10000-3 0  9996
2 32977 070.8117 351.9256 6773635 209.5668 083.6330 01.98161390 76608
0 COSMOS 1109 DEB
1 32977U 79058S   10102.72601639 -.00000622  00000-0  10000-3 0  9990
2 32977 070.8142 351.6455 6774453 209.3416 084.0214 01.98154277 76671
0 COSMOS 1109 DEB
1 32977U 79058S   10103.73567155 -.00000469  00000-0  10000-3 0  9995
2 32977 070.7886 351.5816 6773640 209.2757 084.2504 01.98152033 76693
0 COSMOS 1109 DEB
1 32977U 79058S   10105.75475097 -.00000156  00000-0  10000-3 0  9995
2 32977 070.7729 351.4317 6772394 209.0911 084.5435 01.98149207 76739
0 COSMOS 1109 DEB
1 32977U 79058S   10106.76458605 -.00000005  00000-0  10000-3 0  9996
2 32977 070.8098 351.3248 6769651 208.9321 084.9018 01.98147953 76755
0 COSMOS 1109 DEB
1 32977U 79058S   10107.77453619  .00000136  00000-0  10000-3 0  9992
2 32977 070.7633 351.2819 6775264 209.0927 085.3007 01.98147370 76771
0 COSMOS 1109 DEB
1 32977U 79058S   10108.78326418  .00000261  00000-0  10000-3 0  9999
2 32977 070.8166 351.1631 6769988 208.8341 084.8744 01.98146719 76797
0 COSMOS 1109 DEB
1 32977U 79058S   10110.80312747  .00000470  00000-0  10000-3 0  9997
2 32977 070.7492 351.0556 6776361 208.9582 085.6618 01.98146904 76834
0 COSMOS 1109 DEB
1 32977U 79058S   10111.81179072  .00000561  00000-0  10000-3 0  9992
2 32977 070.8510 350.8973 6792932 209.4426 085.1289 01.98147472 76853
0 COSMOS 1109 DEB
1 32977U 79058S   10120.89496161  .00000475  00000-0  10000-3 0  9995
2 32977 070.8637 350.1735 6798801 209.1402 084.5623 01.98162321 77030
0 COSMOS 1109 DEB
1 32977U 79058S   10149.66373637  .00000280  00000-0  10000-3 0  9997
2 32977 070.7264 348.0539 6783287 206.7437 087.8406 01.98146972 77608
0 COSMOS 1109 DEB
1 32977U 79058S   11195.53785933  .00000097  00000-0  10000-3 0  9997
2 32977 069.7644 314.6871 6926155 187.6127 156.2388 01.98148071 85748
0 COSMOS 1109 DEB
1 32977U 79058S   11239.44445117  .00000573  00000-0  10000-3 0  9992
2 32977 069.6545 310.9001 6939570 185.6321 158.3835 01.98150333 86611
0 COSMOS 1109 DEB
1 32977U 79058S   11273.26217494 -.00000445 +00000-0 +10000-3 0  9994
2 32977 069.6886 307.9600 6952492 184.2311 163.7977 01.98156062087288
0 COSMOS 1109 DEB
1 32977U 79058S   11282.34763831  .00000881  00000-0  10000-3 0  9997
2 32977 069.5235 307.1808 6955837 183.7408 164.8267 01.98151573 87460
0 COSMOS 1109 DEB
1 32977U 79058S   11283.35763160  .00000937  00000-0  10000-3 0  9996
2 32977 069.5546 307.0900 6956734 183.8007 165.2777 01.98152616 87482
0 COSMOS 1109 DEB
1 32977U 79058S   11309.60418776 -.00000813  00000-0  10000-3 0  9997
2 32977 069.4350 304.8354 6963779 182.4406 169.6966 01.98165377 88002
0 COSMOS 1109 DEB
1 32977U 79058S   11314.14808415 -.00000436  00000-0  10000-3 0  9996
2 32977 069.3947 304.4023 6965225 182.2368 171.2352 01.98157881 88093
0 COSMOS 1109 DEB
1 32977U 79058S   11315.15761421 -.00000297  00000-0  10000-3 0  9998
2 32977 069.4329 304.2832 6965137 182.1707 171.3953 01.98156122 88110
0 COSMOS 1109 DEB
1 32977U 79058S   11316.16731618 -.00000141 +00000-0 +10000-3 0  9993
2 32977 069.4291 304.1950 6965589 182.1288 171.6677 01.98154500088139
0 COSMOS 1109 DEB
1 32977U 79058S   11317.17689038  .00000028  00000-0  10000-3 0  9996
2 32977 069.4253 304.1067 6965992 182.0858 171.8430 01.98153089 88158
0 COSMOS 1109 DEB
1 32977U 79058S   11318.18647285  .00000202  00000-0  10000-3 0  9990
2 32977 069.4045 304.0308 6966536 182.0593 172.0169 01.98151983 88170
0 COSMOS 1109 DEB
1 32977U 79058S   11319.19596548  .00000377  00000-0  10000-3 0  9990
2 32977 069.4256 303.9239 6968676 182.1509 172.1107 01.98151207 88194
0 COSMOS 1109 DEB
1 32977U 79058S   11320.20480882  .00000541  00000-0  10000-3 0  9990
2 32977 069.4249 303.8329 6969019 182.1153 171.7532 01.98150832 88215
0 COSMOS 1109 DEB
1 32977U 79058S   11321.21434719  .00000686  00000-0  10000-3 0  9990
2 32977 069.4178 303.7463 6968638 182.0397 171.8941 01.98150803 88234
0 COSMOS 1109 DEB
1 32977U 79058S   11322.22410467  .00000807  00000-0  10000-3 0  9991
2 32977 069.4183 303.6532 6969266 182.0214 172.1860 01.98151142 88255
0 COSMOS 1109 DEB
1 32977U 79058S   11323.23354515 +.00000895 +00000-0 +10000-3 0  9991
2 32977 069.4161 303.5633 6969637 181.9798 172.2593 01.98151972088276
0 COSMOS 1109 DEB
1 32977U 79058S   11325.25268976  .00000962  00000-0  10000-3 0  9995
2 32977 069.3996 303.3926 6970773 181.9227 172.6038 01.98154630 88311
0 COSMOS 1109 DEB
1 32977U 79058S   11356.04238291 -.00000499  00000-0  10000-3 0  9999
2 32977 069.2876 300.6597 6977913 180.3899 177.8683 01.98154464 88927
0 COSMOS 1109 DEB
1 32977U 79058S   11357.05313962 -.00000352  00000-0  10000-3 0  9998
2 32977 069.3049 300.5670 6978400 180.4215 178.8802 01.98153084 88949
0 COSMOS 1109 DEB
1 32977U 79058S   11358.06230924 -.00000186 +00000-0 +10000-3 0  9991
2 32977 069.3033 300.4764 6978516 180.3738 178.7615 01.98151160088968
0 COSMOS 1109 DEB
1 32977U 79058S   11359.07192005 -.00000008  00000-0  10000-3 0  9993
2 32977 069.3001 300.3863 6978819 180.3318 178.9494 01.98149713 88982
0 COSMOS 1109 DEB
1 32977U 79058S   11360.08150152  .00000172  00000-0  10000-3 0  9994
2 32977 069.2958 300.2962 6979096 180.2970 179.1098 01.98148620 89005
0 COSMOS 1109 DEB
1 32977U 79058S   11361.09104598 +.00000341 +00000-0 +10000-3 0  9997
2 32977 069.2912 300.2061 6979271 180.2535 179.2406 01.98147885089025
0 COSMOS 1109 DEB
1 32977U 79058S   11362.10064155  .00000489  00000-0  10000-3 0  9997
2 32977 069.2871 300.1159 6979464 180.2142 179.4061 01.98147626 89048
0 COSMOS 1109 DEB
1 32977U 79058S   12011.23436355  .00000112  00000-0  10000-3 0  9991
2 32977 069.2610 298.8404 6983727 179.6141 181.8834 01.98170736 89327
0 COSMOS 1109 DEB
1 32977U 79058S   12012.24368988 -.00000010  00000-0  10000-3 0  9997
2 32977 069.2586 298.7498 6983837 179.5549 181.9503 01.98172044 89344
0 COSMOS 1109 DEB
1 32977U 79058S   12020.31954700 -.00001008  00000-0  10000-3 0  9995
2 32977 069.2068 298.0434 6985827 179.2171 183.4226 01.98173003 89504
0 COSMOS 1109 DEB
1 32977U 79058S   12022.84315420 -.00001086  00000-0  10000-3 0  9991
2 32977 069.1704 297.8468 6987855 179.0615 183.8026 01.98169993 89558
0 COSMOS 1109 DEB
1 32977U 79058S   12029.90971322 -.00000812 +00000-0 +10000-3 0  9990
2 32977 069.2098 297.1779 6990361 178.8143 184.9503 01.98156302089699
0 COSMOS 1109 DEB
1 32977U 79058S   12029.90999583 -.00000812  00000-0  10000-3 0  9999
2 32977 069.2119 297.1765 6990219 178.8124 185.1514 01.98156292 89692
0 COSMOS 1109 DEB
1 32977U 79058S   12030.91927220 -.00000691 +00000-0 +10000-3 0  9996
2 32977 069.2050 297.0883 6990517 178.7630 185.1253 01.98154372089718
0 COSMOS 1109 DEB
1 32977U 79058S   12031.92889054 -.00000544  00000-0  10000-3 0  9997
2 32977 069.1978 296.9981 6990566 178.7071 185.3384 01.98152624 89733
0 COSMOS 1109 DEB
1 32977U 79058S   12032.93853766 -.00000376  00000-0  10000-3 0  9993
2 32977 069.1876 296.9122 6990705 178.6409 185.5665 01.98151044 89757
0 COSMOS 1109 DEB
1 32977U 79058S   12033.94824622 -.00000194  00000-0  10000-3 0  9992
2 32977 069.1828 296.8223 6990760 178.5841 185.8310 01.98149694 89775
0 COSMOS 1109 DEB
1 32977U 79058S   12034.95790703 -.00000005  00000-0  10000-3 0  9997
2 32977 069.1781 296.7318 6990896 178.5293 186.0563 01.98148619 89799
0 COSMOS 1109 DEB
1 32977U 79058S   12035.96755768 +.00000183 +00000-0 +10000-3 0  9997
2 32977 069.1779 296.6381 6991248 178.4848 186.2698 01.98147860089813
0 COSMOS 1109 DEB
1 32977U 79058S   12036.97715127  .00000361  00000-0  10000-3 0  9992
2 32977 069.1757 296.5467 6991507 178.4365 186.4402 01.98147443 89839
0 COSMOS 1109 DEB
1 32977U 79058S   12037.98676460 +.00000519 +00000-0 +10000-3 0  9995
2 32977 069.1739 296.4551 6991860 178.3932 186.6228 01.98147386089859
0 COSMOS 1109 DEB
1 32977U 79058S   12038.99635031  .00000652  00000-0  10000-3 0  9994
2 32977 069.1722 296.3633 6992218 178.3514 186.7858 01.98147703 89870
0 COSMOS 1109 DEB
1 32977U 79058S   12041.01551541  .00000817  00000-0  10000-3 0  9997
2 32977 069.1689 296.1804 6992920 178.2697 187.1137 01.98149416 89914
0 COSMOS 1109 DEB
1 32977U 79058S   12052.12042810  .00000212  00000-0  10000-3 0  9994
2 32977 069.2057 295.1279 6996722 177.9034 188.9827 01.98169772 90132
0 COSMOS 1109 DEB
1 32977U 79058S   12059.18616746 -.00000700  00000-0  10000-3 0  9995
2 32977 069.1944 294.4819 6999185 177.5906 189.8091 01.98173911 90276
0 COSMOS 1109 DEB
1 32977U 79058S   12071.80505155 -.00000549  00000-0  10000-3 0  9990
2 32977 069.0950 293.3883 7005317 177.0335 192.0578 01.98155303 90527
0 COSMOS 1109 DEB
1 32977U 79058S   12073.82423368 -.00000256  00000-0  10000-3 0  9994
2 32977 069.0908 293.2044 7006016 176.9726 192.4304 01.98151735 90567
0 COSMOS 1109 DEB
1 32977U 79058S   12074.83368455 -.00000076  00000-0  10000-3 0  9991
2 32977 069.0909 293.1121 7006370 176.9412 192.5077 01.98150279 90580
0 COSMOS 1109 DEB
1 32977U 79058S   12075.84321002  .00000115  00000-0  10000-3 0  9993
2 32977 069.0988 293.0163 7006862 176.8844 192.6362 01.98149097 90603
0 COSMOS 1109 DEB
1 32977U 79058S   12076.85287696  .00000305  00000-0  10000-3 0  9996
2 32977 069.0975 292.9247 7007307 176.8331 192.8600 01.98148222 90624
0 COSMOS 1109 DEB
1 32977U 79058S   12077.86251570 +.00000482 +00000-0 +10000-3 0  9996
2 32977 069.1047 292.8287 7007891 176.7901 193.0606 01.98147709090648
0 COSMOS 1109 DEB
1 32977U 79058S   12078.87211127  .00000636  00000-0  10000-3 0  9993
2 32977 069.0967 292.7389 7008243 176.7426 193.2305 01.98147587 90668
0 COSMOS 1109 DEB
1 32977U 79058S   12080.89132692  .00000849  00000-0  10000-3 0  9993
2 32977 069.0906 292.5539 7009308 176.6905 193.5828 01.98148453 90701
0 COSMOS 1109 DEB
1 32977U 79058S   12088.46297144  .00000784  00000-0  10000-3 0  9996
2 32977 069.1101 291.8482 7012402 176.2973 194.7828 01.98160772 90855
0 COSMOS 1109 DEB
1 32977U 79058S   12090.98721053  .00000601  00000-0  10000-3 0  9995
2 32977 069.1173 291.6055 7011957 176.0846 195.8739 01.98177468 90908
0 COSMOS 1109 DEB
1 32977U 79058S   12100.57683960 -.00000645  00000-0  10000-3 0  9995
2 32977 069.1221 290.7279 7014053 175.7610 196.9814 01.98176621 91092
0 COSMOS 1109 DEB
1 32977U 79058S   12101.08198853 -.00000694  00000-0  10000-3 0  9998
2 32977 069.0928 290.6746 7015411 175.7567 197.3300 01.98174232 91106
0 COSMOS 1109 DEB
1 32977U 79058S   12103.60563670 -.00000846  00000-0  10000-3 0  9990
2 32977 069.1127 290.4485 7015024 175.6339 197.8062 01.98174483 91155
0 COSMOS 1109 DEB
1 32977U 79058S   12112.69118963 -.00000605  00000-0  10000-3 0  9993
2 32977 069.0971 289.6136 7018230 175.2455 199.2838 01.98155996 91336
0 COSMOS 1109 DEB
1 32977U 79058S   12116.72967817  .00000089  00000-0  10000-3 0  9996
2 32977 069.0854 289.2402 7020601 175.0815 200.1222 01.98149984 91419
0 COSMOS 1109 DEB
1 32977U 79058S   12117.73907360 -.00000024  00000-0  10000-3 0  9995
2 32977 069.0858 289.1722 7022842 175.0497 200.1510 01.98147947 91431
0 COSMOS 1109 DEB
1 32977U 79058S   12117.73921153 +.00000278 +00000-0 +10000-3 0  9991
2 32977 069.0835 289.1473 7020910 175.0381 200.2547 01.98149079091434
0 COSMOS 1109 DEB
1 32977U 79058S   12120.76798832  .00000741  00000-0  10000-3 0  9999
2 32977 069.0780 288.8685 7021837 174.9082 200.7678 01.98148571 91491
0 COSMOS 1109 DEB
1 32977U 79058S   12123.79676344  .00000930  00000-0  10000-3 0  9998
2 32977 069.0736 288.5852 7022804 174.7819 201.2903 01.98151443 91552
0 COSMOS 1109 DEB
1 32977U 79058S   12132.88252379  .00000406  00000-0  10000-3 0  9994
2 32977 069.0518 287.7471 7025465 174.3991 202.8071 01.98169488 91732
0 COSMOS 1109 DEB
1 32977U 79058S   12132.88263273  .00000406  00000-0  10000-3 0  9999
2 32977 069.0529 287.7468 7025813 174.4095 202.8913 01.98169611 91736
0 COSMOS 1109 DEB
1 32977U 79058S   12133.38727523 -.00000078  00000-0  10000-3 0  9994
2 32977 069.0717 287.7259 7027422 174.4036 202.7762 01.98165118 91746
0 COSMOS 1109 DEB
1 32977U 79058S   12133.38732839  .00000344  00000-0  10000-3 0  9995
2 32977 069.0505 287.7012 7025865 174.3769 202.9456 01.98170481 91740
0 COSMOS 1109 DEB
1 32977U 79058S   12140.45360189 -.00000677  00000-0  10000-3 0  9996
2 32977 069.0338 287.0461 7027703 174.0773 204.1816 01.98176388 91881
0 COSMOS 1109 DEB
1 32977U 79058S   12141.46304782 -.00000777  00000-0  10000-3 0  9996
2 32977 069.0327 286.9513 7027712 174.0306 204.3366 01.98176031 91907
0 COSMOS 1109 DEB
1 32977U 79058S   12152.56735904 -.00000226  00000-0  10000-3 0  9992
2 32977 069.0370 285.9557 7033517 173.5812 206.1026 01.98154850 92121
0 COSMOS 1109 DEB
1 32977U 79058S   12154.58656894 -.00000622  00000-0  10000-3 0  9996
2 32977 069.0396 285.7431 7034065 173.5180 206.5343 01.98156094 92167
0 COSMOS 1109 DEB
1 32977U 79058S   12155.09122493 -.00000545 +00000-0 +10000-3 0  9990
2 32977 069.0340 285.6975 7033407 173.4964 206.5302 01.98154748092176
0 COSMOS 1109 DEB
1 32977U 79058S   12155.59600625 -.00000462 +00000-0 +10000-3 0  9991
2 32977 069.0336 285.6506 7033937 173.4761 206.6161 01.98153848092189
0 COSMOS 1109 DEB
1 32977U 79058S   12156.60557594 -.00000281  00000-0  10000-3 0  9999
2 32977 069.0310 285.5582 7034714 173.4273 206.7856 01.98151802 92209
0 COSMOS 1109 DEB
1 32977U 79058S   12157.61519235 -.00000090 +00000-0 +10000-3 0  9999
2 32977 069.0293 285.4644 7035011 173.3841 206.9831 01.98150505092224
0 COSMOS 1109 DEB
1 32977U 79058S   12158.62477204  .00000098  00000-0  10000-3 0  9997
2 32977 069.0279 285.3692 7035271 173.3179 207.1405 01.98148355 92244
0 COSMOS 1109 DEB
1 32977U 79058S   12159.63450041 +.00000271 +00000-0 +10000-3 0  9992
2 32977 069.0262 285.2753 7035567 173.2747 207.4066 01.98147739092264
0 COSMOS 1109 DEB
1 32977U 79058S   12160.64409014  .00000419  00000-0  10000-3 0  9993
2 32977 069.0246 285.1814 7035862 173.2315 207.5721 01.98147503 92282
0 COSMOS 1109 DEB
1 32977U 79058S   12161.65368227 +.00000537 +00000-0 +10000-3 0  9996
2 32977 069.0229 285.0875 7036157 173.1884 207.7392 01.98147656092305
0 COSMOS 1109 DEB
1 32977U 79058S   12163.67287031  .00000678  00000-0  10000-3 0  9999
2 32977 069.0156 284.8994 7036922 173.1071 208.0722 01.98148695 92340
0 COSMOS 1109 DEB
1 32977U 79058S   12167.20640874  .00000709  00000-0  10000-3 0  9995
2 32977 069.0066 284.5729 7038377 172.9798 208.6742 01.98154070 92412
0 COSMOS 1109 DEB
1 32977U 79058S   12171.74923149  .00000516  00000-0  10000-3 0  9994
2 32977 068.9918 284.1539 7046211 172.7657 209.5104 01.98161888 92506
0 COSMOS 1109 DEB
1 32977U 79058S   12173.26347300  .00000382  00000-0  10000-3 0  9993
2 32977 068.9900 284.0068 7042189 172.9218 209.6251 01.98167589 92539
0 COSMOS 1109 DEB
1 32977U 79058S   12175.78605970  .00000086  00000-0  10000-3 0  9993
2 32977 068.9887 283.7666 7041252 172.6836 209.3123 01.98172733 92583
0 COSMOS 1109 DEB
1 32977U 79058S   12181.33869473 -.00000711  00000-0  10000-3 0  9997
2 32977 068.9733 283.2501 7041784 172.3597 210.7966 01.98178044 92691
0 COSMOS 1109 DEB
1 32977U 79058S   12189.41461712 -.00001155  00000-0  10000-3 0  9991
2 32977 068.9633 282.5003 7043290 172.0089 212.4100 01.98170467 92854
0 COSMOS 1109 DEB
1 32977U 79058S   12189.91931707 -.00001157  00000-0  10000-3 0  9994
2 32977 068.9700 282.4620 7043390 172.0345 212.4378 01.98169985 92860
0 COSMOS 1109 DEB
1 32977U 79058S   12193.45235617 -.00000985  00000-0  10000-3 0  9993
2 32977 068.9583 282.1263 7045912 171.8206 212.9359 01.98162047 92938
0 COSMOS 1109 DEB
1 32977U 79058S   12194.46195913  .00000121  00000-0  10000-3 0  9990
2 32977 068.9658 282.0586 7046201 171.7996 213.1524 01.98160425 92963
0 COSMOS 1109 DEB
1 32977U 79058S   12194.46217629 -.00000860  00000-0  10000-3 0  9990
2 32977 068.9597 282.0365 7045295 171.7684 213.3194 01.98160017 92957
0 COSMOS 1109 DEB
1 32977U 79058S   12195.47175035 -.00000702  00000-0  10000-3 0  9991
2 32977 068.9661 281.9472 7043502 171.7701 213.5149 01.98158855 92976
0 COSMOS 1109 DEB
1 32977U 79058S   12196.48102680 -.00000521  00000-0  10000-3 0  9998
2 32977 068.9573 281.8466 7046464 171.7451 213.5069 01.98158708 92992
0 COSMOS 1109 DEB
1 32977U 79058S   12197.49048426 -.00000323 +00000-0 +10000-3 0  9997
2 32977 068.9558 281.7514 7046727 171.7044 213.6165 01.98157138093016
0 COSMOS 1109 DEB
1 32977U 79058S   12198.50001612 -.00000118  00000-0  10000-3 0  9998
2 32977 068.9543 281.6567 7047007 171.6616 213.7727 01.98155762 93031
0 COSMOS 1109 DEB
1 32977U 79058S   12199.50942673  .00000082  00000-0  10000-3 0  9999
2 32977 068.9378 281.5721 7046697 171.5460 213.8484 01.98154744 93050
0 COSMOS 1109 DEB
1 32977U 79058S   12199.50956412  .00000083  00000-0  10000-3 0  9996
2 32977 068.9548 281.5605 7047740 171.6450 213.9353 01.98154760 93054
0 COSMOS 1109 DEB
1 32977U 79058S   12200.51948915  .00000270  00000-0  10000-3 0  9997
2 32977 068.9443 281.4712 7047434 171.5583 214.3691 01.98153992 93070
0 COSMOS 1109 DEB
1 32977U 79058S   12201.52875463  .00000438  00000-0  10000-3 0  9992
2 32977 068.9433 281.3756 7047744 171.5265 214.3234 01.98153585 93090
0 COSMOS 1109 DEB
1 32977U 79058S   12201.52882890  .00000075  00000-0  10000-3 0  9991
2 32977 068.9531 281.3976 7047959 171.4854 214.3691 01.98152202 93096
0 COSMOS 1109 DEB
1 32977U 79058S   12203.54780537  .00000691  00000-0  10000-3 0  9994
2 32977 068.9536 281.1747 7048580 171.5191 214.5929 01.98153872 93136
0 COSMOS 1109 DEB
1 32977U 79058S   12206.57606427  .00000835  00000-0  10000-3 0  9995
2 32977 068.9325 280.9008 7048867 171.3416 214.8099 01.98157177 93194
0 COSMOS 1109 DEB
1 32977U 79058S   12215.15705846  .00000386  00000-0  10000-3 0  9995
2 32977 068.9257 280.0922 7051585 170.9194 216.3526 01.98173045 93366
0 COSMOS 1109 DEB
1 32977U 79058S   12216.16690715  .00000249  00000-0  10000-3 0  9993
2 32977 068.9247 279.9947 7051592 170.8711 216.8014 01.98174785 93382
0 COSMOS 1109 DEB
1 32977U 79058S   12221.21412937 -.00000485  00000-0  10000-3 0  9996
2 32977 068.9080 279.5273 7050147 170.4035 217.7956 01.98181144 93488
0 COSMOS 1109 DEB
1 32977U 79058S   12230.30010716 -.00000975  00000-0  10000-3 0  9999
2 32977 068.9165 278.6686 7053422 170.2412 220.0064 01.98174988 93661
0 COSMOS 1109 DEB
1 32977U 99025CWK 12234.47443516 -.00000785  00000-0  00000+0 0  9999
2 32977 068.8971 278.2636 7056451 170.0769 317.9355 01.98163483 93740
0 COSMOS 1109 DEB
1 32977U 99025CWK 12235.34650545 -.00000687  00000-0  00000+0 0  9999
2 32977 068.9049 278.1810 7056998 170.0203 220.0524 01.98162088 93763
0 COSMOS 1109 DEB
1 32977U 79058S   12236.35604818  .00000317  00000-0  10000-3 0  9991
2 32977 068.9045 278.1175 7057482 169.9776 220.2244 01.98158633 93788
0 COSMOS 1109 DEB
1 32977U 99025CWK 12236.35614404 -.00000544  00000-0  00000+0 0  9997
2 32977 068.9047 278.0896 7056367 169.9494 220.3056 01.98160009 93789
0 COSMOS 1109 DEB
1 32977U 79058S   12237.36581272 -.00000372  00000-0  00000+0 0  9998
2 32977 068.9066 277.9923 7056944 169.9649 220.5634 01.98158435 93809
0 COSMOS 1109 DEB
1 32977U 79058S   12238.37505272 -.00000181  00000-0  00000+0 0  9994
2 32977 068.9057 277.8960 7057335 169.9136 220.5150 01.98156600 93822
0 COSMOS 1109 DEB
1 32977U 79058S   12239.38464521  .00000019  00000-0  00000+0 0  9996
2 32977 068.9055 277.7934 7057296 169.8207 220.7142 01.98154797 93844
0 COSMOS 1109 DEB
1 32977U 79058S   12240.39445597  .00000215  00000-0  00000+0 0  9999
2 32977 068.9040 277.6972 7057573 169.7664 221.0609 01.98153547 93869
0 COSMOS 1109 DEB
1 32977U 79058S   12241.40407117  .00000394  00000-0  00000+0 0  9996
2 32977 068.9089 277.6018 7058028 169.6488 221.2665 01.98152273 93883
0 COSMOS 1109 DEB
1 32977U 79058S   12242.41403103  .00000548  00000-0  00000+0 0  9990
2 32977 068.9084 277.5061 7058305 169.5862 221.7118 01.98151716 93900
0 COSMOS 1109 DEB
1 32977U 79058S   12243.42283700 -.00000188  00000-0  10000-3 0  9997
2 32977 068.8957 277.4456 7060211 169.7002 221.2908 01.98148161 93926
0 COSMOS 1109 DEB
1 32977U 79058S   12244.43326618  .00000766  00000-0  00000+0 0  9991
2 32977 068.9042 277.3173 7059052 169.5292 222.1070 01.98152024 93942
0 COSMOS 1109 DEB
1 32977U 79058S   12245.44269375  .00000833  00000-0  00000+0 0  9994
2 32977 068.8929 277.2269 7059118 169.4352 222.1795 01.98152775 93968
0 COSMOS 1109 DEB
1 32977U 79058S   12276.23181893 -.00000749  00000-0  00000+0 0  9990
2 32977 068.8207 274.2995 7067575 168.3855 227.3958 01.98162597 94571
0 COSMOS 1109 DEB
1 32977U 79058S   12276.23181893 -.00000749  00000-0  00000+0 0  9990
2 32977 068.8223 274.2988 7067776 168.4369 227.3897 01.98162582 94571
0 COSMOS 1109 DEB
1 32977U 79058S   12277.23977416 -.00000596  00000-0  00000+0 0  9995
2 32977 068.8507 274.1904 7067661 168.3025 226.4536 01.98161757 94599
0 COSMOS 1109 DEB
1 32977U 79058S   12278.24975436 -.00000415  00000-0  00000+0 0  9997
2 32977 068.8503 274.0936 7067796 168.2377 226.9482 01.98160008 94613
0 COSMOS 1109 DEB
1 32977U 79058S   12279.25939319 -.00000218  00000-0  00000+0 0  9990
2 32977 068.8494 273.9972 7068016 168.2030 227.1894 01.98158343 94633
0 COSMOS 1109 DEB
1 32977U 79058S   12280.26888691 -.00000016  00000-0  00000+0 0  9995
2 32977 068.8582 273.8968 7068119 168.1444 227.3247 01.98156913 94654
0 COSMOS 1109 DEB
1 32977U 79058S   12281.27850408 +.00000181 +00000-0 +00000-0 0  9995
2 32977 068.8566 273.8007 7068335 168.1029 227.5400 01.98155692094677
0 COSMOS 1109 DEB
1 32977U 79058S   12284.30712989  .00000668  00000-0  00000+0 0  9992
2 32977 068.8525 273.5117 7068968 167.9758 228.0089 01.98154275 94731
0 COSMOS 1109 DEB
1 32977U 79058S   12318.12398575 -.00000754  00000-0  00000+0 0  9998
2 32977 068.7834 270.2831 7075330 166.6612 233.0304 01.98161379 95400
0 COSMOS 1109 DEB
1 32977U 79058S   12321.15246563 -.00000207  00000-0  00000+0 0  9997
2 32977 068.7715 269.9953 7076029 166.4982 233.4226 01.98154244 95468
0 COSMOS 1109 DEB
1 32977U 79058S   12325.19085784  .00000419  00000-0  00000+0 0  9995
2 32977 068.7722 269.6049 7076755 166.3691 234.1701 01.98151233 95541
0 COSMOS 1109 DEB
1 32977U 79058S   12335.79067508  .00000598  00000-0  00000+0 0  9994
2 32977 068.7431 268.5899 7078516 165.9700 235.6813 01.98168149 95759
0 COSMOS 1109 DEB
1 32977U 79058S   12336.79988393  .00000509  00000-0  00000+0 0  9991
2 32977 068.7400 268.4930 7078630 165.8986 235.6604 01.98170335 95772
0 COSMOS 1109 DEB
1 32977U 79058S   12344.37069452 -.00000530  00000-0  00000+0 0  9995
2 32977 068.7332 267.7617 7079484 165.5429 236.9175 01.98180613 95921
0 COSMOS 1109 DEB
1 32977U 79058S   12344.55053493 -.00000553  00000-0  00000+0 0  9998
2 32977 068.7221 267.7636 7079551 165.5135 005.2284 01.98180258 95921
0 COSMOS 1109 DEB
1 32977U 79058S   12362.03627685 -.00000254  00000-0  00000+0 0  9999
2 32977 068.7131 266.0536 7082407 164.8682 239.7718 01.98155851 96271
0 COSMOS 1109 DEB
1 32977U 79058S   12364.22430700  .00000170  00000-0  00000+0 0  9998
2 32977 068.7173 265.8573 7083225 164.6642 000.6341 01.98153115 96311
0 COSMOS 1109 DEB
1 32977U 79058S   12365.23417523  .00000339  00000-0  00000+0 0  9995
2 32977 068.7215 265.7579 7083444 164.6442 001.0161 01.98152476 96330
0 COSMOS 1109 DEB
1 32977U 79058S   13016.22605774 -.00000018  00000-0  00000+0 0  9990
2 32977 068.6890 264.1204 7087326 164.0496 242.6892 01.98178733 96677
0 COSMOS 1109 DEB
1 32977U 79058S   13029.85245237 -.00001028  00000-0  00000+0 0  9999
2 32977 068.6828 262.7877 7089115 163.3830 244.3624 01.98173097 96940
0 COSMOS 1109 DEB
1 32977U 79058S   13029.85293602  .00000052  00000-0  10000-3 0  9998
2 32977 068.6916 262.8238 7089940 163.3440 244.7023 01.98171810 91609
0 COSMOS 1109 DEB
1 32977U 79058S   13032.88119715 -.00000797  00000-0  00000+0 0  9999
2 32977 068.6884 262.5048 7089287 163.2653 245.0701 01.98166095 97004
0 COSMOS 1109 DEB
1 32977U 79058S   13035.05792832 -.00000447  00000-0  00000+0 0  9990
2 32977 068.6830 262.2873 7089960 163.1442 357.9060 01.98160802 97046
0 COSMOS 1109 DEB
1 32977U 79058S   13037.07644675 -.00000053  00000-0  00000+0 0  9998
2 32977 068.6765 262.0941 7090297 163.0700 357.8339 01.98157553 97089
0 COSMOS 1109 DEB
1 32977U 79058S   13039.09512542  .00000311  00000-0  00000+0 0  9995
2 32977 068.6767 261.8963 7090524 162.9876 357.8570 01.98155450 97123
0 COSMOS 1109 DEB
1 32977U 79058S   13041.12034580  .00000585  00000-0  00000+0 0  9996
2 32977 068.6851 261.6926 7090663 162.8994 002.5413 01.98154726 97167
0 COSMOS 1109 DEB
1 32977U 79058S   13043.13272067  .00000772  00000-0  00000+0 0  9991
2 32977 068.6850 261.4972 7090865 162.8162 358.0664 01.98155358 97200
0 COSMOS 1109 DEB
1 32977U 79058S   13045.15164365  .00000907  00000-0  00000+0 0  9996
2 32977 068.6859 261.3000 7091053 162.7352 358.2776 01.98157326 97247
0 COSMOS 1109 DEB
1 32977U 79058S   13054.08060234  .00000657  00000-0  10000-3 0  9995
2 32977 068.6875 260.4278 7093581 162.4843 248.0595 01.98174745 97421
0 COSMOS 1109 DEB
1 32977U 79058S   13054.19831059  .00000643  00000-0  00000+0 0  9998
2 32977 068.6926 260.4152 7092168 162.3901 332.0843 01.98174523 97427
0 COSMOS 1109 DEB
1 32977U 79058S   13056.01023745  .00000391  00000-0  00000+0 0  9996
2 32977 068.6964 260.2384 7092499 162.3121 184.7670 01.98177972 97459
0 COSMOS 1109 DEB
1 32977U 79058S   13060.74809894 -.00000278  00000-0  00000+0 0  9993
2 32977 068.6948 259.7757 7093286 162.1317 324.9624 01.98182653 97558
0 COSMOS 1109 DEB
1 32977U 79058S   13075.93631339 -.00000529  00000-0  00000+0 0  9996
2 32977 068.6880 258.2852 7095032 161.5208 000.6413 01.98162227 97858
0 COSMOS 1109 DEB
1 32977U 79058S   13077.95296421 -.00000136  00000-0  00000+0 0  9993
2 32977 068.6940 258.0881 7095215 161.4408 359.2702 01.98157878 97893
0 COSMOS 1109 DEB
1 32977U 79058S   13079.96948369  .00000235  00000-0  00000+0 0  9990
2 32977 068.6944 257.8902 7095345 161.3613 357.7714 01.98154807 97939
0 COSMOS 1109 DEB
1 32977U 79058S   13081.99357933  .00000541  00000-0  00000+0 0  9997
2 32977 068.6955 257.6913 7095479 161.2827 001.6571 01.98153534 97971
0 COSMOS 1109 DEB
1 32977U 79058S   13084.00706222  .00000764  00000-0  00000+0 0  9998
2 32977 068.6959 257.4939 7095585 161.2047 357.9682 01.98153879 98011
0 COSMOS 1109 DEB
1 32977U 79058S   13091.45773197  .00000916  00000-0  00000+0 0  9999
2 32977 068.6978 256.7668 7096024 160.9173 273.0027 01.98167247 98169
0 COSMOS 1109 DEB
1 32977U 79058S   13093.48266502  .00000731  00000-0  00000+0 0  9996
2 32977 068.6973 256.5700 7096108 160.8369 277.5842 01.98172300 98203
0 COSMOS 1109 DEB
1 32977U 79058S   13094.54450787  .00000586  00000-0  00000+0 0  9992
2 32977 068.6985 256.4665 7096221 160.7956 315.1127 01.98174664 98224
0 COSMOS 1109 DEB
1 32977U 79058S   13099.02001878 -.00000134  00000-0  00000+0 0  9993
2 32977 068.6989 256.0323 7096477 160.6163 268.0968 01.98182434 98310
0 COSMOS 1109 DEB
1 32977U 79058S   13102.13928691 -.00000516  00000-0  00000+0 0  9995
2 32977 068.6961 255.7290 7096662 160.4895 333.5619 01.98183926 98379
0 COSMOS 1109 DEB
1 32977U 79058S   13103.50935749 -.00000655  00000-0  00000+0 0  9993
2 32977 068.6958 255.5956 7096828 160.4352 231.0580 01.98184008 98397
0 COSMOS 1109 DEB
1 32977U 79058S   13115.80099626 -.00000886  00000-0  00000+0 0  9990
2 32977 068.6926 254.3955 7097204 159.9466 000.2664 01.98164710 98641
0 COSMOS 1109 DEB
1 32977U 79058S   13117.81624883 -.00000535  00000-0  00000+0 0  9993
2 32977 068.6862 254.2006 7097116 159.8575 357.8965 01.98160614 98686
0 COSMOS 1109 DEB
1 32977U 79058S   13119.83892302 -.00000164  00000-0  00000+0 0  9998
2 32977 068.6843 254.0037 7097061 159.7715 000.7933 01.98157411 98726
0 COSMOS 1109 DEB
1 32977U 79058S   13121.85778605  .00000146  00000-0  00000+0 0  9991
2 32977 068.6837 253.8068 7097059 159.6862 000.9535 01.98155580 98768
0 COSMOS 1109 DEB
1 32977U 79058S   13124.88174642  .00000472  00000-0  00000+0 0  9990
2 32977 068.6818 253.5133 7096933 159.5530 358.0959 01.98155472 98822
0 COSMOS 1109 DEB
1 32977U 79058S   13129.40096454  .00000780  00000-0  00000+0 0  9999
2 32977 068.6860 253.0728 7097012 159.3766 341.9407 01.98161036 98914
0 COSMOS 1109 DEB
1 32977U 79058S   13134.58100851  .00000592  00000-0  00000+0 0  9992
2 32977 068.6845 252.5722 7096956 159.1667 077.3495 01.98171302 99015
0 COSMOS 1109 DEB
1 32977U 79058S   13135.34384318  .00000506  00000-0  00000+0 0  9994
2 32977 068.6837 252.4983 7096884 159.1321 261.5808 01.98174438 99031
0 COSMOS 1109 DEB
1 32977U 79058S   13137.37110973  .00000238  00000-0  00000+0 0  9995
2 32977 068.6822 252.3024 7096882 159.0512 267.8826 01.98178186 99076
0 COSMOS 1109 DEB
1 32977U 79058S   13139.36372839 -.00000048  00000-0  00000+0 0  9997
2 32977 068.6813 252.1096 7096863 158.9767 249.4791 01.98180796 99103
0 COSMOS 1109 DEB
1 32977U 79058S   13140.38019243 -.00000190  00000-0  00000+0 0  9996
2 32977 068.6794 252.0113 7096879 158.9269 254.6905 01.98182140 99137
0 COSMOS 1109 DEB
1 32977U 79058S   13141.39308752 -.00000325  00000-0  00000+0 0  9994
2 32977 068.6794 251.9131 7096896 158.8925 257.3319 01.98183010 99150
0 COSMOS 1109 DEB
1 32977U 79058S   13144.54170054 -.00000691  00000-0  00000+0 0  9992
2 32977 068.6756 251.6087 7096980 158.7649 343.7197 01.98184524 99213
0 COSMOS 1109 DEB
1 32977U 79058S   13150.96947514 -.00001338  00000-0  00000+0 0  9997
2 32977 068.6678 250.9855 7097168 158.4943 249.6140 01.98180850 99337
0 COSMOS 1109 DEB
1 32977U 79058S   13153.49923161 -.00001354  00000-0  00000+0 0  9998
2 32977 068.6660 250.7395 7097158 158.3853 254.4264 01.98175724 99394
0 COSMOS 1109 DEB
1 32977U 79058S   13157.54588523  .00000000  00000-0  10000-3 0  9998
2 32977 068.6859 250.3675 7099495 158.2180 261.3276 01.98161911 99482
0 COSMOS 1109 DEB
1 32977U 79058S   13157.68203733 -.00000799  00000-0  00000+0 0  9991
2 32977 068.6650 250.3315 7097045 158.2048 358.4878 01.98165515 99473
0 COSMOS 1109 DEB
1 32977U 79058S   13159.70222817 -.00000406  00000-0  00000+0 0  9995
2 32977 068.6654 250.1342 7096885 158.1199 359.6653 01.98160865 99514
0 COSMOS 1109 DEB
1 32977U 79058S   13161.71908816 -.00000030  00000-0  00000+0 0  9992
2 32977 068.6641 249.9379 7096785 158.0388 358.4318 01.98157608 99554
0 COSMOS 1109 DEB
1 32977U 79058S   13163.73781670  .00000299  00000-0  00000+0 0  9999
2 32977 068.6627 249.7414 7096662 157.9583 358.5071 01.98155812 99591
0 COSMOS 1109 DEB
1 32977U 79058S   13165.75663874  .00000565  00000-0  00000+0 0  9994
2 32977 068.6622 249.5448 7096546 157.8784 358.6431 01.98155764 99636
0 COSMOS 1109 DEB
1 32977U 79058S   13168.25249409  .00000803  00000-0  00000+0 0  9991
2 32977 068.6657 249.3008 7096470 157.7729 339.0841 01.98157809 99683
0 COSMOS 1109 DEB
1 32977U 79058S   13171.17375596  .00000004  00000-0  10000-3 0  9991
2 32977 068.7657 249.0061 7098493 157.6495 263.0095 01.98161216 99747
0 COSMOS 1109 DEB
1 32977U 79058S   13171.28093523  .00000941  00000-0  00000+0 0  9995
2 32977 068.6670 249.0061 7096367 157.6504 339.4770 01.98163326 99742
0 COSMOS 1109 DEB
1 32977U 79058S   13174.29000378  .00000846  00000-0  00000+0 0  9999
2 32977 068.6661 248.7146 7096203 157.5307 326.1069 01.98170802 99809
0 COSMOS 1109 DEB
1 32977U 79058S   13177.82418022  .00000403  00000-0  00000+0 0  9999
2 32977 068.6672 248.3701 7096274 157.3864 327.4495 01.98179237 99873
0 COSMOS 1109 DEB
1 32977U 79058S   13180.21180708  .00000048  00000-0  00000+0 0  9998
2 32977 068.6675 248.1386 7096266 157.2875 230.8830 01.98183012 99916
0 COSMOS 1109 DEB
1 32977U 79058S   13182.30601124 -.00000208  00000-0  00000+0 0  9999
2 32977 068.6660 247.9355 7096163 157.2005 285.0163 01.98185712 99969
0 COSMOS 1109 DEB
1 32977U 79058S   13188.34366799 -.00000833  00000-0  00000+0 0  9999
2 32977 068.6650 247.3468 7096100 156.9547 272.6948 01.98185132100080
0 COSMOS 1109 DEB
1 32977U 79058S   13194.30104781 -.00001122  00000-0  00000+0 0  9995
2 32977 068.6627 246.7636 7095825 156.7150 202.9468 01.98175886100195
0 COSMOS 1109 DEB
1 32977U 79058S   13196.53900841 -.00000934  00000-0  00000+0 0  9993
2 32977 068.6629 246.5436 7095678 156.6255 359.5435 01.98170700100243
0 COSMOS 1109 DEB
1 32977U 79058S   13198.55652314 -.00000626  00000-0  00000+0 0  9994
2 32977 068.6625 246.3457 7095546 156.5447 358.8294 01.98166007100280
0 COSMOS 1109 DEB
1 32977U 79058S   13199.43619719  .00000000  00000-0  10000-3 0  9994
2 32977 068.6616 246.2949 7097225 156.4890 266.3764 01.98161689100301
0 COSMOS 1109 DEB
1 32977U 79058S   13201.58422677 -.00000070  00000-0  00000+0 0  9992
2 32977 068.6617 246.0491 7095299 156.4218 358.7168 01.98160511100346
0 COSMOS 1109 DEB
1 32977U 79058S   13203.60284538  .00000253  00000-0  00000+0 0  9991
2 32977 068.6631 245.8506 7095160 156.3388 358.7204 01.98158117100384
0 COSMOS 1109 DEB
1 32977U 79058S   13205.62155197  .00000515  00000-0  00000+0 0  9994
2 32977 068.6642 245.6527 7095005 156.2566 358.7756 01.98157271100429
0 COSMOS 1109 DEB
1 32977U 79058S   13209.10932762  .00000892  00000-0  00000+0 0  9990
2 32977 068.6662 245.3114 7094681 156.1155 326.8164 01.98159163100490
0 COSMOS 1109 DEB
1 32977U 79058S   13211.12909891  .00001048  00000-0  00000+0 0  9996
2 32977 068.6665 245.1143 7094432 156.0360 327.6690 01.98161977100538
0 COSMOS 1109 DEB
1 32977U 79058S   13213.14799203  .00001098  00000-0  00000+0 0  9999
2 32977 068.6690 244.9164 7094263 155.9565 327.9200 01.98165611100576
0 COSMOS 1109 DEB
1 32977U 79058S   13217.18307189  .00000819  00000-0  00000+0 0  9995
2 32977 068.6757 244.5192 7093909 155.8049 326.5630 01.98174193100655
0 COSMOS 1109 DEB
1 32977U 79058S   13219.21596764  .00000559  00000-0  00000+0 0  9991
2 32977 068.6804 244.3198 7093894 155.7288 336.8833 01.98178295100699
0 COSMOS 1109 DEB
1 32977U 79058S   13225.28153248 -.00000223  00000-0  00000+0 0  9990
2 32977 068.6782 243.7282 7093455 155.4958 344.3674 01.98185547100814
0 COSMOS 1109 DEB
1 32977U 79058S   13235.36552980 -.00001150  00000-0  00000+0 0  9996
2 32977 068.6740 242.7415 7092481 155.0879 338.7872 01.98177613101016
0 COSMOS 1109 DEB
1 32977U 79058S   13236.40335109 -.00001082  00000-0  00000+0 0  9998
2 32977 068.6757 242.6446 7091496 155.0242 359.1977 01.98175258101034
0 COSMOS 1109 DEB
1 32977U 79058S   13238.42140652 -.00000831  00000-0  00000+0 0  9990
2 32977 068.6762 242.4464 7091403 154.9448 358.9144 01.98170071101077
0 COSMOS 1109 DEB
1 32977U 79058S   13239.43446333 -.00000667  00000-0  00000+0 0  9994
2 32977 068.6749 242.3432 7091876 154.9181 001.6338 01.98167330101097
0 COSMOS 1109 DEB
1 32977U 79058S   13240.44378669 -.00000490  00000-0  00000+0 0  9997
2 32977 068.6740 242.2430 7091706 154.8776 001.6820 01.98164791101113
0 COSMOS 1109 DEB
1 32977U 79058S   13242.45810980 -.00000134  00000-0  00000+0 0  9992
2 32977 068.6756 242.0461 7091375 154.7968 358.6657 01.98160339101157
0 COSMOS 1109 DEB
1 32977U 79058S   13244.48105144  .00000201  00000-0  00000+0 0  9990
2 32977 068.6758 241.8481 7090981 154.7163 001.7640 01.98157253101190
0 COSMOS 1109 DEB
1 32977U 79058S   13254.59666992  .00001061  00000-0  00000+0 0  9991
2 32977 068.6740 240.8643 7088871 154.3197 017.8673 01.98165713101394
0 COSMOS 1109 DEB
1 32977U 79058S   13260.61869456  .00000363  00000-0  00000+0 0  9995
2 32977 068.6725 240.2803 7087927 154.0790 354.0405 01.98180062101513
0 COSMOS 1109 DEB
1 32977U 79058S   13268.73290598 -.00000662  00000-0  00000+0 0  9994
2 32977 068.6663 239.4966 7086652 153.7508 023.2284 01.98186316101676
0 COSMOS 1109 DEB
1 32977U 79058S   13269.58896752  .00000000  00000-0  10000-3 0  9992
2 32977 068.6960 239.4420 7088743 153.6762 273.9766 01.98185176101699
0 COSMOS 1109 DEB
1 32977U 79058S   13276.29859389 -.00001265  00000-0  00000+0 0  9993
2 32977 068.6563 238.7667 7085303 153.4362 020.9812 01.98177433101820
0 COSMOS 1109 DEB
1 32977U 79058S   13281.31772410 -.00000691  00000-0  00000+0 0  9993
2 32977 068.6511 238.2753 7084404 153.2262 001.6785 01.98165971101922
0 COSMOS 1109 DEB
1 32977U 79058S   13283.33631387 -.00000351  00000-0  00000+0 0  9997
2 32977 068.6497 238.0777 7084111 153.1382 001.7053 01.98162277101965
0 COSMOS 1109 DEB
1 32977U 79058S   13285.35504622 -.00000044  00000-0  00000+0 0  9991
2 32977 068.6494 237.8827 7083646 153.0542 001.8064 01.98159605102004
0 COSMOS 1109 DEB
1 32977U 79058S   13294.96298881  .00000890  00000-0  00000+0 0  9993
2 32977 068.6476 236.9538 7081890 152.6489 015.8520 01.98166883102195
0 COSMOS 1109 DEB
1 32977U 79058S   13298.97495003  .00000618  00000-0  00000+0 0  9991
2 32977 068.6410 236.5785 7081337 152.4518 358.0241 01.98176460102273
0 COSMOS 1109 DEB
1 32977U 79058S   13306.59165622 -.00000323  00000-0  00000+0 0  9994
2 32977 068.6454 235.8427 7079211 152.1704 032.2061 01.98187925102424
0 COSMOS 1109 DEB
1 32977U 79058S   13315.17691421 -.00001372  00000-0  00000+0 0  9994
2 32977 068.6395 235.0250 7078129 151.7923 037.5692 01.98187249102594
0 COSMOS 1109 DEB
1 32977U 79058S   13317.67952542 -.00001372  00000-0  00000+0 0  9995
2 32977 068.6395 234.7821 7077846 151.6923 023.0700 01.98183616102648
0 COSMOS 1109 DEB
1 32977U 79058S   13318.54265535  .00000000  00000-0  10000-3 0  9992
2 32977 068.6587 234.7199 7078707 151.6777 278.8640 01.98176775102666
0 COSMOS 1109 DEB
1 32977U 79058S   13320.16995112 -.00001113  00000-0  00000+0 0  9996
2 32977 068.6402 234.5397 7077420 151.5872 359.8510 01.98177284102691
0 COSMOS 1109 DEB
1 32977U 79058S   13321.18146541 -.00000962  00000-0  00000+0 0  9994
2 32977 068.6414 234.4409 7077566 151.5321 001.4999 01.98175706102718
0 COSMOS 1109 DEB
1 32977U 79058S   13323.20082988 -.00000629  00000-0  00000+0 0  9993
2 32977 068.6428 234.2460 7077168 151.4444 002.1564 01.98170909102751
0 COSMOS 1109 DEB
1 32977U 79058S   13323.21994104 -.00000626  00000-0  00000+0 0  9993
2 32977 068.6430 234.2446 7077147 151.4502 015.7905 01.98171053102750
0 COSMOS 1109 DEB
1 32977U 79058S   13325.24798853 -.00000284  00000-0  00000+0 0  9991
2 32977 068.6434 234.0493 7076603 151.3652 022.6052 01.98167174102798
0 COSMOS 1109 DEB
1 32977U 79058S   13328.29664990  .00000219  00000-0  00000+0 0  9990
2 32977 068.6422 233.7562 7075468 151.2485 037.4855 01.98163503102853
0 COSMOS 1109 DEB
1 32977U 79058S   13330.79108366  .00000592  00000-0  00000+0 0  9992
2 32977 068.6449 233.5153 7074758 151.1467 016.9754 01.98163671102908
0 COSMOS 1109 DEB
1 32977U 79058S   13335.86990450  .00001005  00000-0  00000+0 0  9998
2 32977 068.6490 233.0272 7073338 150.9415 040.1693 01.98171314103000
0 COSMOS 1109 DEB
1 32977U 79058S   13343.88421109  .00000257  00000-0  00000+0 0  9997
2 32977 068.6634 232.2522 7072390 150.5967 357.9106 01.98190925103168
0 COSMOS 1109 DEB
1 32977U 79058S   13343.90701703  .00000254  00000-0  00000+0 0  9998
2 32977 068.6637 232.2472 7072461 150.5990 014.1810 01.98192057103162
0 COSMOS 1109 DEB
1 32977U 79058S   13345.93796466  .00000033  00000-0  00000+0 0  9998
2 32977 068.6560 232.0592 7071958 150.5199 023.2439 01.98194171103201
0 COSMOS 1109 DEB
1 32977U 79058S   13351.48189169 -.00000643  00000-0  00000+0 0  9999
2 32977 068.6598 231.5289 7070169 150.3050 018.8614 01.98196498103317
0 COSMOS 1109 DEB
1 32977U 79058S   13352.49209917 -.00000784  00000-0  00000+0 0  9991
2 32977 068.6599 231.4292 7070473 150.2580 019.6450 01.98196400103338
0 COSMOS 1109 DEB
1 32977U 79058S   13358.03593736 -.00001161  00000-0  00000+0 0  9992
2 32977 068.6620 230.8946 7068940 150.0360 015.1113 01.98189453103441
0 COSMOS 1109 DEB
1 32977U 79058S   13362.04610649 -.00000794  00000-0  00000+0 0  9992
2 32977 068.6639 230.5033 7068148 149.8705 356.1972 01.98180310103527
0 COSMOS 1109 DEB
1 32977U 79058S   13364.06500591 -.00000478  00000-0  00000+0 0  9999
2 32977 068.6668 230.3084 7067273 149.7908 356.5457 01.98176005103567
0 COSMOS 1109 DEB
1 32977U 79058S   14001.62432611 -.00000067  00000-0  00000+0 0  9991
2 32977 068.6688 230.0601 7066858 149.6851 022.4030 01.98171000103617
0 COSMOS 1109 DEB
1 32977U 79058S   14006.13544637  .00000614  00000-0  00000+0 0  9991
2 32977 068.6760 229.6236 7065676 149.5022 000.6252 01.98167718103707
0 COSMOS 1109 DEB
1 32977U 79058S   14014.73931521  .00001059  00000-0  00000+0 0  9992
2 32977 068.6887 228.7943 7062939 149.1636 018.7566 01.98179685103870
0 COSMOS 1109 DEB
1 32977U 79058S   14015.61684078  .00000000  00000-0  10000-3 0  9992
2 32977 068.6744 228.7348 7065421 149.0942 284.8127 01.98180541103893
0 COSMOS 1109 DEB
1 32977U 79058S   14015.61685352  .00000002  00000-0  10000-3 0  9990
2 32977 068.5969 228.7849 7064882 149.0873 284.8174 01.98180565103898
0 COSMOS 1109 DEB
1 32977U 79058S   14019.24722409  .00000587  00000-0  00000+0 0  9991
2 32977 068.6928 228.3614 7061308 148.9910 354.9621 01.98189441103966
0 COSMOS 1109 DEB
1 32977U 79058S   14024.79839560 -.00000066  00000-0  00000+0 0  9997
2 32977 068.6965 227.8304 7059326 148.7793 355.6803 01.98196551104074
0 COSMOS 1109 DEB
1 32977U 79058S   14033.35021782 -.00001128  00000-0  00000+0 0  9998
2 32977 068.6993 227.0098 7056676 148.4403 337.3746 01.98192913104247
0 COSMOS 1109 DEB
1 32977U 79058S   14038.92629072 -.00000704  00000-0  00000+0 0  9991
2 32977 068.7030 226.4742 7054665 148.2113 355.7165 01.98179928104353
0 COSMOS 1109 DEB
1 32977U 79058S   14040.94493316 -.00000422  00000-0  00000+0 0  9993
2 32977 068.7015 226.2778 7053888 148.1330 355.8892 01.98174937104396
0 COSMOS 1109 DEB
1 32977U 79058S   14045.42588473  .00000289  00000-0  00000+0 0  9990
2 32977 068.6970 225.8450 7051872 147.9546 312.6493 01.98167522104484
0 COSMOS 1109 DEB
1 32977U 79058S   14051.44647417 -.00000002  00000-0  10000-3 0  9992
2 32977 068.6373 225.3390 7051719 147.6843 287.7164 01.98168869104602
0 COSMOS 1109 DEB
1 32977U 79058S   14051.52445168  .00001084  00000-0  00000+0 0  9995
2 32977 068.7087 225.2626 7048964 147.7195 343.3623 01.98169853104608
0 COSMOS 1109 DEB
1 32977U 79058S   14053.53415799  .00001132  00000-0  00000+0 0  9999
2 32977 068.7105 225.0700 7048049 147.6408 337.1094 01.98173702104645
0 COSMOS 1109 DEB
1 32977U 79058S   14056.51846594  .00000943  00000-0  00000+0 0  9990
2 32977 068.7130 224.7862 7046805 147.5243 306.1989 01.98180780104702
0 COSMOS 1109 DEB
1 32977U 79058S   14060.11950358  .00000507  00000-0  00000+0 0  9991
2 32977 068.7157 224.4446 7045408 147.3833 355.3767 01.98189199104777
0 COSMOS 1109 DEB
1 32977U 79058S   14067.16976833 -.00000386  00000-0  00000+0 0  9995
2 32977 068.7189 223.7774 7042397 147.1030 345.7262 01.98197633104910
0 COSMOS 1109 DEB
1 32977U 79058S   14076.17305978 -.00001239  00000-0  00000+0 0  9990
2 32977 068.7083 222.9425 7038327 146.7294 289.5377 01.98189079105099
0 COSMOS 1109 DEB
1 32977U 79058S   14076.65514138 -.00001216  00000-0  00000+0 0  9998
2 32977 068.7150 222.8801 7038032 146.7207 273.5092 01.98188219105102
0 COSMOS 1109 DEB
1 32977U 79058S   14079.70547417  .00000006  00000-0  10000-3 0  9993
2 32977 068.7517 222.6029 7038692 146.5885 289.7923 01.98179207105177
0 COSMOS 1109 DEB
1 32977U 79058S   14079.79790277 -.00000921  00000-0  00000+0 0  9998
2 32977 068.7176 222.5813 7036333 146.5972 355.7328 01.98180704105161
0 COSMOS 1109 DEB
1 32977U 79058S   14081.82338399 -.00000651  00000-0  00000+0 0  9998
2 32977 068.7157 222.3909 7035375 146.5116 000.7856 01.98175956105200
0 COSMOS 1109 DEB
1 32977U 79058S   14083.30860010 -.00000441  00000-0  00000+0 0  9990
2 32977 068.7156 222.2503 7034628 146.4498 340.3700 01.98172622105231
0 COSMOS 1109 DEB
1 32977U 79058S   14091.40302840  .00000781  00000-0  00000+0 0  9998
2 32977 068.7210 221.4897 7030892 146.1153 354.9587 01.98169198105398
0 COSMOS 1109 DEB
1 32977U 79058S   14092.35545168  .00000866  00000-0  00000+0 0  9999
2 32977 068.7225 221.4001 7030303 146.0800 314.4174 01.98170003105419
0 COSMOS 1109 DEB
1 32977U 79058S   14094.41412610  .00000931  00000-0  00000+0 0  9996
2 32977 068.7238 221.2099 7029004 145.9981 343.1068 01.98173096105452
0 COSMOS 1109 DEB
1 32977U 79058S   14097.38914763  .00000787  00000-0  00000+0 0  9990
2 32977 068.7240 220.9347 7027336 145.8788 305.5756 01.98179733105514
0 COSMOS 1109 DEB
1 32977U 79058S   14100.37738521  .00000517  00000-0  00000+0 0  9991
2 32977 068.7254 220.6569 7025829 145.7601 277.5515 01.98186039105574
0 COSMOS 1109 DEB
1 32977U 79058S   14102.40534748  .00000318  00000-0  00000+0 0  9991
2 32977 068.7259 220.4681 7024813 145.6804 284.4609 01.98189604105615
0 COSMOS 1109 DEB
1 32977U 79058S   14104.43328044  .00000103  00000-0  00000+0 0  9998
2 32977 068.7254 220.2798 7023803 145.5984 291.3777 01.98192358105650
0 COSMOS 1109 DEB
1 32977U 79058S   14106.45994789 -.00000146  00000-0  00000+0 0  9995
2 32977 068.7249 220.0917 7022915 145.5165 297.4041 01.98194178105696
0 COSMOS 1109 DEB
1 32977U 79058S   14114.52575973 -.00001271  00000-0  00000+0 0  9992
2 32977 068.7291 219.3370 7020614 145.1815 292.4084 01.98195381105856
0 COSMOS 1109 DEB
1 32977U 79058S   14114.93456926 -.00001292  00000-0  00000+0 0  9996
2 32977 068.7222 219.3061 7019360 145.1693 224.0411 01.98190764105852
0 COSMOS 1109 DEB
1 32977U 79058S   14119.61097510 -.00001131  00000-0  00000+0 0  9998
2 32977 068.7208 218.8722 7017026 144.9734 320.5114 01.98181120105953
0 COSMOS 1109 DEB
1 32977U 79058S   14121.59048145 -.00000008  00000-0  10000-3 0  9995
2 32977 068.8328 218.6479 7019307 144.8977 292.8460 01.98177761105980
0 COSMOS 1109 DEB
1 32977U 79058S   14121.67953968 -.00000913  00000-0  00000+0 0  9992
2 32977 068.7209 218.6804 7016138 144.8879 356.3113 01.98175506105996
0 COSMOS 1109 DEB
1 32977U 79058S   14123.70491286 -.00000648  00000-0  00000+0 0  9993
2 32977 068.7201 218.4933 7014909 144.8024 001.2591 01.98171184106035
0 COSMOS 1109 DEB
1 32977U 79058S   14125.71835000 -.00000327  00000-0  00000+0 0  9996
2 32977 068.7211 218.3069 7013746 144.7206 357.6569 01.98167154106073
0 COSMOS 1109 DEB
1 32977U 79058S   14138.33526647  .00000937  00000-0  00000+0 0  9998
2 32977 068.7287 217.1440 7006927 144.2160 358.4989 01.98174649106323
0 COSMOS 1109 DEB
1 32977U 79058S   14145.28105222  .00000291  00000-0  00000+0 0  9995
2 32977 068.7293 216.5090 7003645 143.9397 273.9665 01.98189374106464
0 COSMOS 1109 DEB
1 32977U 79058S   14147.33650023  .00000040  00000-0  00000+0 0  9999
2 32977 068.7313 216.3192 7002906 143.8538 300.5115 01.98192432106504
0 COSMOS 1109 DEB
1 32977U 79058S   14155.46864306 -.00001070  00000-0  00000+0 0  9998
2 32977 068.7259 215.5752 6998630 143.5282 342.7432 01.98191599106666
0 COSMOS 1109 DEB
1 32977U 79058S   14159.50754065 -.00001044  00000-0  00000+0 0  9998
2 32977 068.7252 215.2031 6996335 143.3651 344.3830 01.98184423106741
0 COSMOS 1109 DEB
1 32977U 79058S   14161.54340995 -.00000873  00000-0  00000+0 0  9997
2 32977 068.7259 215.0158 6995087 143.2822 356.8727 01.98179615106782
0 COSMOS 1109 DEB
1 32977U 79058S   14163.47618541  .00000000  00000-0  10000-3 0  9992
2 32977 068.7443 214.8520 6996525 143.1981 295.7641 01.98172568106821
0 COSMOS 1109 DEB
1 32977U 79058S   14163.56241105 -.00000638  00000-0  00000+0 0  9993
2 32977 068.7262 214.8298 6994022 143.2005 357.2966 01.98174779106820
0 COSMOS 1109 DEB
1 32977U 79058S   14166.59008631 -.00000208  00000-0  00000+0 0  9997
2 32977 068.7277 214.5510 6992524 143.0791 357.2756 01.98168472106881
0 COSMOS 1109 DEB
1 32977U 79058S   14173.13356472  .00000911  00000-0  00000+0 0  9994
2 32977 068.7341 213.9494 6989235 142.8142 345.3277 01.98164734107018
0 COSMOS 1109 DEB
1 32977U 79058S   14178.18256134  .00001109  00000-0  00000+0 0  9998
2 32977 068.7364 213.4895 6986372 142.6165 347.2856 01.98171866107114
0 COSMOS 1109 DEB
1 32977U 79058S   14181.22683775  .00000931  00000-0  00000+0 0  9994
2 32977 068.7371 213.2140 6984392 142.4953 359.1536 01.98178656107173
0 COSMOS 1109 DEB
1 32977U 79058S   14188.27393832  .00000257  00000-0  00000+0 0  9999
2 32977 068.7395 212.5684 6980219 142.2237 347.0268 01.98191465107318
0 COSMOS 1109 DEB
1 32977U 79058S   14197.35358737 -.00000995  00000-0  00000+0 0  9993
2 32977 068.7383 211.7399 6975575 141.8653 345.2737 01.98191868107492
0 COSMOS 1109 DEB
1 32977U 79058S   14201.38801105 -.00000949  00000-0  00000+0 0  9993
2 32977 068.7375 211.3715 6973450 141.7012 343.7180 01.98184333107572
0 COSMOS 1109 DEB
1 32977U 79058S   14203.42445032 -.00000807  00000-0  00000+0 0  9996
2 32977 068.7374 211.1852 6972116 141.6176 356.6202 01.98179543107619
0 COSMOS 1109 DEB
1 32977U 79058S   14208.48131433 -.00000134  00000-0  00000+0 0  9997
2 32977 068.7366 210.7235 6969023 141.4117 004.3068 01.98168183107712
0 COSMOS 1109 DEB
1 32977U 79058S   14217.04856369  .00001128  00000-0  00000+0 0  9994
2 32977 068.7446 209.9424 6963322 141.0726 356.1365 01.98166994107883
0 COSMOS 1109 DEB
1 32977U 79058S   14224.11093817  .00000783  00000-0  00000+0 0  9997
2 32977 068.7472 209.3055 6959131 140.7950 354.5885 01.98182696108027
0 COSMOS 1109 DEB
1 32977U 79058S   14235.20045579 -.00000785  00000-0  00000+0 0  9994
2 32977 068.7421 208.3112 6952572 140.3491 346.8255 01.98195052108241
0 COSMOS 1109 DEB
1 32977U 79058S   14242.76932803 -.00001048  00000-0  00000+0 0  9991
2 32977 068.7378 207.6317 6947929 140.0391 347.1023 01.98184199108390
0 COSMOS 1109 DEB
1 32977U 79058S   14245.31286912 -.00000851  00000-0  00000+0 0  9999
2 32977 068.7369 207.4031 6946338 139.9341 001.7940 01.98178238108440
0 COSMOS 1109 DEB
1 32977U 79058S   14247.33139889 -.00000621  00000-0  00000+0 0  9998
2 32977 068.7377 207.2242 6945192 139.8515 001.8756 01.98173684108480
0 COSMOS 1109 DEB
1 32977U 79058S   14249.34378044 -.00000327  00000-0  00000+0 0  9992
2 32977 068.7373 207.0422 6943992 139.7683 357.5373 01.98169845108520
0 COSMOS 1109 DEB
1 32977U 79058S   14258.92906169  .00000931  00000-0  00000+0 0  9991
2 32977 068.7366 206.1919 6938298 139.3640 355.6764 01.98170570108716
0 COSMOS 1109 DEB
1 32977U 79058S   14259.95747772  .00000925  00000-0  00000+0 0  9991
2 32977 068.7361 206.0978 6937629 139.3260 009.3646 01.98172709108730
0 COSMOS 1109 DEB
1 32977U 79058S   14266.92738828  .00000558  00000-0  00000+0 0  9990
2 32977 068.7272 205.4457 6933254 139.0557 302.0377 01.98187861108876
0 COSMOS 1109 DEB
1 32977U 79058S   14266.92738828  .00000558  00000-0  00000+0 0  9990
2 32977 068.7272 205.4457 6933254 139.0557 302.0377 01.98187861108876
0 COSMOS 1109 DEB
1 32977U 79058S   14275.09921334 -.00000593  00000-0  00000+0 0  9994
2 32977 068.7342 204.7652 6928771 138.7051 012.6492 01.98199038109036
0 COSMOS 1109 DEB
1 32977U 79058S   14276.11455017 -.00000753  00000-0  00000+0 0  9996
2 32977 068.7347 204.6763 6928513 138.6584 017.1031 01.98199912109059
0 COSMOS 1109 DEB
1 32977U 79058S   14282.56955794  .00000000  00000-0  10000-3 0  9998
2 32977 068.7489 204.1116 6925630 138.4434 302.7830 01.98190928109184
0 COSMOS 1109 DEB
1 32977U 79058S   14282.67703965 -.00001167  00000-0  00000+0 0  9992
2 32977 068.7346 204.1001 6924770 138.3874 019.4735 01.98194130109185
0 COSMOS 1109 DEB
1 32977U 79058S   14283.69042977 -.00001147  00000-0  00000+0 0  9992
2 32977 068.7325 204.0058 6925169 138.3371 022.5090 01.98193067109208
0 COSMOS 1109 DEB
1 32977U 79058S   14286.18985436 -.00001019  00000-0  00000+0 0  9993
2 32977 068.7320 203.7870 6923234 138.2357 005.8017 01.98187329109257
0 COSMOS 1109 DEB
1 32977U 79058S   14288.19578605 -.00000812  00000-0  00000+0 0  9992
2 32977 068.7339 203.6130 6922411 138.1447 356.9578 01.98183368109295
0 COSMOS 1109 DEB
1 32977U 79058S   14290.32541461 -.00000475  00000-0  00000+0 0  9995
2 32977 068.7343 203.4233 6921264 138.0560 076.3389 01.98179151109335
0 COSMOS 1109 DEB
1 32977U 79058S   14297.81437822  .00000853  00000-0  00000+0 0  9990
2 32977 068.7418 202.7625 6917363 137.7358 019.1870 01.98175614109487
0 COSMOS 1109 DEB
1 32977U 79058S   14299.30159459  .00000971  00000-0  00000+0 0  9994
2 32977 068.7419 202.6332 6915584 137.6853 000.2220 01.98176616109511
0 COSMOS 1109 DEB
1 32977U 79058S   14299.84282909  .00000997  00000-0  00000+0 0  9998
2 32977 068.7425 202.5858 6915266 137.6635 026.3589 01.98177956109521
0 COSMOS 1109 DEB
1 32977U 79058S   14302.83205438  .00000996  00000-0  00000+0 0  9993
2 32977 068.7459 202.3238 6913577 137.5423 359.0063 01.98183650109582
0 COSMOS 1109 DEB
1 32977U 79058S   14310.45264916  .00000450  00000-0  00000+0 0  9991
2 32977 068.7505 201.6605 6909175 137.2350 036.2363 01.98202506109735
0 COSMOS 1109 DEB
1 32977U 79058S   14311.46424056  .00000307  00000-0  00000+0 0  9997
2 32977 068.7524 201.5694 6909003 137.1954 038.0303 01.98204517109752
0 COSMOS 1109 DEB
1 32977U 79058S   14317.00859156 -.00000588  00000-0  00000+0 0  9998
2 32977 068.7537 201.0869 6905899 136.9667 034.1890 01.98209634109867
0 COSMOS 1109 DEB
1 32977U 79058S   14322.54995262 -.00000998  00000-0  00000+0 0  9997
2 32977 068.7552 200.6026 6902462 136.7418 028.2186 01.98205246109978
0 COSMOS 1109 DEB
1 32977U 79058S   14324.66166255 -.00000988  00000-0  00000+0 0  9993
2 32977 068.7546 200.4185 6900973 136.6572 094.9926 01.98201627110018
0 COSMOS 1109 DEB
1 32977U 79058S   14327.04743041 -.00000872  00000-0  00000+0 0  9994
2 32977 068.7567 200.2078 6899580 136.5599 357.2725 01.98195743110067
0 COSMOS 1109 DEB
1 32977U 79058S   14329.07771170 -.00000682  00000-0  00000+0 0  9992
2 32977 068.7618 200.0245 6898848 136.4741 005.8710 01.98191301110103
0 COSMOS 1109 DEB
1 32977U 79058S   14331.09599787 -.00000404  00000-0  00000+0 0  9991
2 32977 068.7652 199.8459 6897748 136.3910 005.8760 01.98186968110140
0 COSMOS 1109 DEB
1 32977U 79058S   14333.11439707 -.00000044  00000-0  00000+0 0  9991
2 32977 068.7629 199.6742 6896348 136.3134 005.9313 01.98183349110189
0 COSMOS 1109 DEB
1 32977U 79058S   14338.58082147  .00000007  00000-0  10000-3 0  9992
2 32977 068.7513 199.2297 6895085 136.0771 305.9553 01.98180172110295
0 COSMOS 1109 DEB
1 32977U 79058S   14338.70052966  .00000899  00000-0  00000+0 0  9996
2 32977 068.7691 199.1866 6892679 136.0863 031.3654 01.98180642110295
0 COSMOS 1109 DEB
1 32977U 79058S   14342.19375869  .00001090  00000-0  00000+0 0  9998
2 32977 068.7733 198.8827 6890316 135.9452 003.6291 01.98184113110367
0 COSMOS 1109 DEB
1 32977U 79058S   14344.21357741  .00001099  00000-0  00000+0 0  9991
2 32977 068.7754 198.7077 6888916 135.8649 004.7122 01.98188072110404
0 COSMOS 1109 DEB
1 32977U 79058S   14346.72946168  .00001051  00000-0  00000+0 0  9994
2 32977 068.7851 198.4809 6887683 135.7629 359.7656 01.98193208110456
0 COSMOS 1109 DEB
1 32977U 79058S   14351.27862990  .00000725  00000-0  00000+0 0  9997
2 32977 068.7892 198.0859 6884453 135.5825 005.6705 01.98202474110548
0 COSMOS 1109 DEB
1 32977U 79058S   14356.87842132 -.00000122  00000-0  00000+0 0  9996
2 32977 068.7873 197.6042 6880634 135.3713 041.3859 01.98209419110652
0 COSMOS 1109 DEB
1 32977U 79058S   14361.40765825 -.00000716  00000-0  00000+0 0  9993
2 32977 068.7876 197.2130 6877652 135.1950 033.2335 01.98209401110746
0 COSMOS 1109 DEB
1 32977U 79058S   15001.95227557 -.00000937  00000-0  00000+0 0  9995
2 32977 068.7881 196.7344 6874032 134.9675 029.5262 01.98201274110852
0 COSMOS 1109 DEB
1 32977U 79058S   15003.93218773 -.00000870  00000-0  00000+0 0  9991
2 32977 068.7906 196.5629 6872967 134.8823 002.2237 01.98196631110897
0 COSMOS 1109 DEB
1 32977U 79058S   15005.87376840  .00000000  00000-0  10000-3 0  9995
2 32977 068.7734 196.3931 6873973 134.7950 307.5294 01.98190369110939
0 COSMOS 1109 DEB
1 32977U 79058S   15005.95135885 -.00000677  00000-0  00000+0 0  9992
2 32977 068.7917 196.3872 6871523 134.7993 002.9049 01.98191641110930
0 COSMOS 1109 DEB
1 32977U 79058S   15006.88298877 -.00000003  00000-0  10000-3 0  9994
2 32977 068.7134 196.3968 6873227 134.7304 307.6114 01.98189380110953
0 COSMOS 1109 DEB
1 32977U 79058S   15007.96965704 -.00000360  00000-0  00000+0 0  9995
2 32977 068.7933 196.2109 6870017 134.7172 002.9320 01.98186860110979
0 COSMOS 1109 DEB
1 32977U 79058S   15012.00945402  .00000427  00000-0  00000+0 0  9992
2 32977 068.7949 195.8594 6866832 134.5546 005.1847 01.98180111111054
0 COSMOS 1109 DEB
1 32977U 79058S   15017.08728223  .00001070  00000-0  00000+0 0  9990
2 32977 068.7991 195.4244 6862850 134.3527 027.9662 01.98180481111150
0 COSMOS 1109 DEB
1 32977U 79058S   15021.56031775  .00001125  00000-0  00000+0 0  9998
2 32977 068.8051 195.0416 6859468 134.1783 339.3046 01.98188184111242
0 COSMOS 1109 DEB
1 32977U 79058S   15022.52597598  .00000000  00000-0  10000-3 0  9991
2 32977 068.8018 194.9810 6862347 134.1227 308.3011 01.98192009111265
0 COSMOS 1109 DEB
1 32977U 79058S   15023.57853481  .00001054  00000-0  00000+0 0  9998
2 32977 068.8060 194.8693 6857988 134.0992 339.2689 01.98192922111283
0 COSMOS 1109 DEB
1 32977U 79058S   15026.60342568  .00000818  00000-0  00000+0 0  9991
2 32977 068.8027 194.6126 6855988 133.9803 337.5463 01.98199848111344
0 COSMOS 1109 DEB
1 32977U 79058S   15028.63220902  .00000544  00000-0  00000+0 0  9999
2 32977 068.8025 194.4384 6854575 133.8965 345.1420 01.98203889111388
0 COSMOS 1109 DEB
1 32977U 79058S   15030.64000366  .00000208  00000-0  00000+0 0  9990
2 32977 068.8022 194.2688 6853172 133.8148 337.7897 01.98206932111427
0 COSMOS 1109 DEB
1 32977U 79058S   15043.26649887 -.00001012  00000-0  00000+0 0  9994
2 32977 068.7988 193.1945 6844019 133.2999 347.4378 01.98200408111670
0 COSMOS 1109 DEB
1 32977U 79058S   15047.82975655 -.00000704  00000-0  00000+0 0  9992
2 32977 068.7983 192.8067 6840514 133.1121 003.3408 01.98189728111761
0 COSMOS 1109 DEB
1 32977U 79058S   15049.84831645 -.00000395  00000-0  00000+0 0  9992
2 32977 068.7983 192.6354 6838977 133.0291 003.5352 01.98185393111804
0 COSMOS 1109 DEB
1 32977U 79058S   15050.78174736  .00000000  00000-0  10000-3 0  9995
2 32977 068.8003 192.5841 6841165 132.9820 309.5047 01.98183909111820
0 COSMOS 1109 DEB
1 32977U 79058S   15058.89235712  .00000853  00000-0  00000+0 0  9998
2 32977 068.7990 191.8778 6832755 132.6582 336.0418 01.98180629111982
0 COSMOS 1109 DEB
1 32977U 79058S   15067.49749969  .00000801  00000-0  00000+0 0  9991
2 32977 068.8033 191.1553 6825904 132.3056 355.6431 01.98197186112154
0 COSMOS 1109 DEB
1 32977U 79058S   15069.51943914  .00000584  00000-0  00000+0 0  9990
2 32977 068.8042 190.9866 6824235 132.2245 358.3378 01.98201196112194
0 COSMOS 1109 DEB
1 32977U 79058S   15071.47032211  .00000000  00000-0  10000-3 0  9995
2 32977 068.8132 190.8399 6825380 132.1295 310.3654 01.98206163112239
0 COSMOS 1109 DEB
1 32977U 79058S   15071.53895021  .00000298  00000-0  00000+0 0  9992
2 32977 068.8047 190.8183 6822691 132.1429 359.3293 01.98204496112235
0 COSMOS 1109 DEB
1 32977U 79058S   15074.98867884 -.00000250  00000-0  00000+0 0  9999
2 32977 068.8054 190.5314 6820084 132.0030 300.8740 01.98207862112303
0 COSMOS 1109 DEB
1 32977U 79058S   15078.50832361 -.00000712  00000-0  00000+0 0  9996
2 32977 068.8057 190.2388 6817612 131.8588 292.3291 01.98207841112372
0 COSMOS 1109 DEB
1 32977U 79058S   15084.63415095 -.00001128  00000-0  00000+0 0  9990
2 32977 068.8048 189.7317 6813021 131.6110 343.3410 01.98198338112499
0 COSMOS 1109 DEB
1 32977U 79058S   15087.69046726 -.00001004  00000-0  00000+0 0  9993
2 32977 068.8040 189.4791 6810782 131.4861 004.0373 01.98190615112552
0 COSMOS 1109 DEB
1 32977U 79058S   15090.71725221 -.00000572  00000-0  00000+0 0  9993
2 32977 068.8037 189.2290 6808437 131.3620 003.5744 01.98182798112612
0 COSMOS 1109 DEB
1 32977U 79058S   15092.66218711  .00000000  00000-0  10000-3 0  9990
2 32977 068.8135 189.0803 6809228 131.2603 311.2146 01.98180645112645
0 COSMOS 1109 DEB
1 32977U 79058S   15092.72851936 -.00000188  00000-0  00000+0 0  9992
2 32977 068.8036 189.0626 6806950 131.2790 358.5213 01.98178402112652
0 COSMOS 1109 DEB
1 32977U 79058S   15100.29459003  .00000923  00000-0  00000+0 0  9999
2 32977 068.8037 188.4388 6801290 130.9670 356.4018 01.98173663112807
0 COSMOS 1109 DEB
1 32977U 79058S   15105.31657978  .00001073  00000-0  00000+0 0  9995
2 32977 068.8033 188.0258 6797787 130.7589 339.3068 01.98181270112906
0 COSMOS 1109 DEB
1 32977U 79058S   15109.88370525  .00000770  00000-0  00000+0 0  9994
2 32977 068.8038 187.6512 6794084 130.5732 357.8399 01.98191010112998
0 COSMOS 1109 DEB
1 32977U 79058S   15112.36046942  .00000419  00000-0  00000+0 0  9994
2 32977 068.8048 187.4498 6792019 130.4746 325.0150 01.98195818113049
0 COSMOS 1109 DEB
1 32977U 79058S   15115.39138212 -.00000042  00000-0  00000+0 0  9995
2 32977 068.8052 187.2044 6789591 130.3542 327.6284 01.98200274113109
0 COSMOS 1109 DEB
1 32977U 79058S   15122.45578116 -.00000812  00000-0  00000+0 0  9996
2 32977 068.8047 186.6329 6784231 130.0720 328.2853 01.98200053113242
0 COSMOS 1109 DEB
1 32977U 79058S   15124.49355998 -.00000925  00000-0  00000+0 0  9998
2 32977 068.8048 186.4678 6782829 129.9895 342.2827 01.98197029113288
0 COSMOS 1109 DEB
1 32977U 79058S   15132.59676263 -.00000348  00000-0  00000+0 0  9998
2 32977 068.8032 185.8116 6776832 129.6608 003.7802 01.98178883113444
0 COSMOS 1109 DEB
1 32977U 79058S   15134.54376942 -.00000002  00000-0  10000-3 0  9998
2 32977 068.8092 185.6641 6778016 129.5745 312.8495 01.98176786113484
0 COSMOS 1109 DEB
1 32977U 79058S   15135.58054627  .00000180  00000-0  00000+0 0  9997
2 32977 068.8024 185.5695 6774630 129.5396 332.5301 01.98173888113505
0 COSMOS 1109 DEB
1 32977U 79058S   15139.12582748  .00000686  00000-0  00000+0 0  9992
2 32977 068.8029 185.2820 6772061 129.3953 341.8274 01.98171744113578
0 COSMOS 1109 DEB
1 32977U 79058S   15141.14527826  .00000892  00000-0  00000+0 0  9992
2 32977 068.8014 185.1186 6770572 129.3134 342.5536 01.98172710113610
0 COSMOS 1109 DEB
1 32977U 79058S   15144.67427493  .00001134  00000-0  00000+0 0  9992
2 32977 068.8017 184.8325 6767969 129.1706 340.2603 01.98177396113685
0 COSMOS 1109 DEB
1 32977U 79058S   15148.21530462  .00001150  00000-0  00000+0 0  9995
2 32977 068.8011 184.5463 6765038 129.0241 346.6297 01.98184665113751
0 COSMOS 1109 DEB
1 32977U 79058S   15151.24342581  .00000929  00000-0  00000+0 0  9998
2 32977 068.8013 184.3035 6762813 128.9018 347.1398 01.98191244113810
0 COSMOS 1109 DEB
1 32977U 79058S   15154.26711799  .00000541  00000-0  00000+0 0  9994
2 32977 068.8018 184.0606 6760541 128.7790 344.5577 01.98196871113874
0 COSMOS 1109 DEB
1 32977U 79058S   15158.30804002 -.00000057  00000-0  00000+0 0  9996
2 32977 068.8023 183.7369 6757614 128.6189 347.8527 01.98201401113956
0 COSMOS 1109 DEB
1 32977U 79058S   15160.31787569 -.00000323  00000-0  00000+0 0  9994
2 32977 068.8025 183.5750 6756220 128.5363 341.9379 01.98202094113998
0 COSMOS 1109 DEB
1 32977U 79058S   15161.28315049 -.00000442 +00000-0 +00000-0 0  9994
2 32977 068.8025 183.4979 6755573 128.4990 310.6942 01.98201973104124
0 COSMOS 1109 DEB
1 32977U 79058S   15164.35868372 -.00000775  00000-0  00000+0 0  9995
2 32977 068.8014 183.2521 6753382 128.3767 345.1801 01.98199643114072
0 COSMOS 1109 DEB
1 32977U 79058S   15165.36419947 -.00000860 +00000-0 +00000-0 0  9993
2 32977 068.8009 183.1719 6752678 128.3367 342.6397 01.98198320104215
0 COSMOS 1109 DEB
1 32977U 79058S   15170.43891043 -.00000849  00000-0  00000+0 0  9994
2 32977 068.7967 182.7675 6749202 128.1334 003.4664 01.98188424114195
0 COSMOS 1109 DEB
1 32977U 79058S   15172.45843975 -.00000602  00000-0  00000+0 0  9996
2 32977 068.7964 182.6056 6747694 128.0497 004.3522 01.98183878114232
0 COSMOS 1109 DEB
1 32977U 79058S   15179.02335215  .00000507  00000-0  00000+0 0  9992
2 32977 068.7943 182.0784 6743136 127.7800 008.0582 01.98173259114365
0 COSMOS 1109 DEB
1 32977U 79058S   15183.55536973  .00001037  00000-0  00000+0 0  9998
2 32977 068.7914 181.7163 6740035 127.5935 001.3396 01.98173878114458
0 COSMOS 1109 DEB
1 32977U 79058S   15186.58781557  .00001197  00000-0  00000+0 0  9991
2 32977 068.7930 181.4721 6737887 127.4693 004.8086 01.98177981114514
0 COSMOS 1109 DEB
1 32977U 79058S   15188.60050623  .00001200  00000-0  00000+0 0  9994
2 32977 068.7940 181.3106 6736399 127.3891 000.7738 01.98181882114555
0 COSMOS 1109 DEB
1 32977U 79058S   15196.16760216  .00000388  00000-0  00000+0 0  9996
2 32977 068.7961 180.7065 6731033 127.0868 359.8362 01.98197718114709
0 COSMOS 1109 DEB
1 32977U 79058S   15197.17284032  .00000244  00000-0  00000+0 0  9996
2 32977 068.7967 180.6262 6730332 127.0461 357.0971 01.98199351114726
0 COSMOS 1109 DEB
1 32977U 79058S   15211.30880499 -.00000898  00000-0  00000+0 0  9993
2 32977 068.7943 179.5035 6721065 126.4706 003.4846 01.98190467115007
0 COSMOS 1109 DEB
1 32977U 79058S   15212.31937015 -.00000821  00000-0  00000+0 0  9998
2 32977 068.7863 179.4325 6720430 126.4170 004.5149 01.98188041115024
0 COSMOS 1109 DEB
1 32977U 79058S   15214.33792211 -.00000585  00000-0  00000+0 0  9996
2 32977 068.7866 179.2702 6719084 126.3362 004.7055 01.98183298115060
0 COSMOS 1109 DEB
1 32977U 79058S   15223.91456348  .00000759  00000-0  00000+0 0  9990
2 32977 068.7866 178.5085 6712756 125.9379 357.0871 01.98173530115257
0 COSMOS 1109 DEB
1 32977U 79058S   15224.92339867 +.00000864 +00000-0 +00000-0 0  9996
2 32977 068.7860 178.4267 6712083 125.9024 356.8243 01.98174404105397
0 COSMOS 1109 DEB
1 32977U 79058S   15231.98945622  .00001036  00000-0  00000+0 0  9993
2 32977 068.7922 177.8646 6707536 125.6017 358.1448 01.98186812115418
0 COSMOS 1109 DEB
1 32977U 79058S   15233.52432307  .00000915  00000-0  00000+0 0  9991
2 32977 068.7887 177.7471 6706566 125.5439 013.2534 01.98190252115443
0 COSMOS 1109 DEB
1 32977U 79058S   15241.07103773 -.00000068  00000-0  00000+0 0  9992
2 32977 068.7902 177.1543 6701755 125.2338 357.9839 01.98202743115596
0 COSMOS 1109 DEB
1 32977U 79058S   15253.18820473 -.00000969  00000-0  00000+0 0  9990
2 32977  68.7873 176.2075 6694562 124.7350   3.9896  1.98192621115839
0 COSMOS 1109 DEB
1 32977U 79058S   15255.20802700 -.00000747  00000-0  00000+0 0  9992
2 32977  68.7867 176.0494 6693329 124.6515   5.1264  1.98188414115879
0 COSMOS 1109 DEB
1 32977U 79058S   15259.24438223 -.00000117  00000-0  00000+0 0  9996
2 32977  68.7856 175.7338 6691144 124.4821   4.9588  1.98180767115959
0 COSMOS 1109 DEB
1 32977U 79058S   15270.37702091  .00001156  00000-0  00000+0 0  9993
2 32977  68.7889 174.8671 6685241 123.9998  27.6228  1.98184967116179
0 COSMOS 1109 DEB
1 32977U 79058S   15271.39127803  .00001154  00000-0  00000+0 0  9996
2 32977  68.7876 174.7811 6684744 123.9727  31.2726  1.98187198116192
0 COSMOS 1109 DEB
1 32977U 79058S   15281.88419455  .00000084  00000-0  00000+0 0  9999
2 32977  68.7887 173.9630 6678197 123.5446 318.2392  1.98208458116407
0 COSMOS 1109 DEB
1 32977U 79058S   15283.95936362 -.00000184  00000-0  00000+0 0  9992
2 32977  68.7953 173.8058 6677523 123.4594 359.0458  1.98211925116442
0 COSMOS 1109 DEB
1 32977U 79058S   15291.05138303 -.00000898  00000-0  00000+0 0  9993
2 32977  68.7973 173.2558 6674026 123.1680  19.7083  1.98208501116586
0 COSMOS 1109 DEB
1 32977U 79058S   15291.58823831 -.00000913 +00000-0 +00000-0 0  9997
2 32977 068.7974 173.2141 6673771 123.1460 042.7945 01.98208020106710
0 COSMOS 1109 DEB
1 32977U 79058S   15292.06194291 -.00000920 +00000-0 +00000-0 0  9990
2 32977 068.7977 173.1771 6673601 123.1264 020.8015 01.98206800106725
0 COSMOS 1109 DEB
1 32977U 79058S   15293.70275897 -.00000891  00000-0  00000+0 0  9990
2 32977  68.7979 173.0494 6672734 123.0592 111.6153  1.98204036116639
0 COSMOS 1109 DEB
1 32977U 79058S   15296.07682904 -.00000715  00000-0  00000+0 0  9999
2 32977  68.7982 172.8647 6671493 122.9616   5.5833  1.98198246116682
0 COSMOS 1109 DEB
1 32977U 79058S   15296.19005356 -.00000703 +00000-0 +00000-0 0  9990
2 32977 068.7982 172.8557 6671470 122.9571 086.3753 01.98198150106802
0 COSMOS 1109 DEB
1 32977U 79058S   15298.09447897 -.00000470  00000-0  00000+0 0  9991
2 32977  68.7989 172.7082 6670359 122.8793   5.2139  1.98193904116723
0 COSMOS 1109 DEB
1 32977U 79058S   15305.79692492  .00000654  00000-0  00000+0 0  9993
2 32977  68.8009 172.1082 6666205 122.5640 100.8057  1.98184741116870
0 COSMOS 1109 DEB
1 32977U 79058S   15306.72588823 +.00000783 +00000-0 +00000-0 0  9993
2 32977 068.8011 172.0361 6665700 122.5254 043.5961 01.98184839107013
0 COSMOS 1109 DEB
1 32977U 79058S   15308.67981019  .00001020  00000-0  00000+0 0  9997
2 32977  68.8023 171.8839 6664636 122.4441 357.6692  1.98185919116938
0 COSMOS 1109 DEB
1 32977U 79058S   15309.85103932 +.00001128 +00000-0 +00000-0 0  9998
2 32977 068.8028 171.7928 6663986 122.3958 113.3222 01.98187357107079
0 COSMOS 1109 DEB
1 32977U 79058S   15310.69853402  .00001185  00000-0  00000+0 0  9998
2 32977  68.8033 171.7269 6663518 122.3605 357.9971  1.98188524116976
0 COSMOS 1109 DEB
1 32977U 79058S   15311.39757194 +.00001218 +00000-0 +00000-0 0  9995
2 32977 068.8036 171.6726 6663126 122.3317 136.7595 01.98189865107100
0 COSMOS 1109 DEB
1 32977U 79058S   15312.72088273  .00001245  00000-0  00000+0 0  9997
2 32977  68.8044 171.5700 6662421 122.2768   0.9301  1.98191923117012
0 COSMOS 1109 DEB
1 32977U 79058S   15313.28156093  .00001242  00000-0  00000+0 0  9992
2 32977  68.8048 171.5270 6662134 122.2537  40.9810  1.98193246117023
0 COSMOS 1109 DEB
1 32977U 79058S   15313.90017711  .00001230  00000-0  00000+0 0  9991
2 32977  68.8052 171.4788 6661799 122.2280 122.3732  1.98194697117032
0 COSMOS 1109 DEB
1 32977U 79058S   15316.46265899  .00001090  00000-0  00000+0 0  9991
2 32977  68.8075 171.2795 6660439 122.1223 150.7562  1.98200199117085
0 COSMOS 1109 DEB
1 32977U 79058S   15320.84902079 +.00000622 +00000-0 +00000-0 0  9997
2 32977 068.8114 170.9397 6658030 121.9426 040.6167 01.98208405107297
0 COSMOS 1109 DEB
1 32977U 79058S   15320.84902079  .00000622  00000-0  00000+0 0  9996
2 32977  68.8114 170.9397 6658030 121.9426  40.6167  1.98208405117175
0 COSMOS 1109 DEB
1 32977U 79058S   15326.38812032 -.00000150  00000-0  00000+0 0  9997
2 32977  68.8158 170.5115 6654876 121.7182  33.1762  1.98214255117288
0 COSMOS 1109 DEB
1 32977U 79058S   15327.39920225 -.00000301 +00000-0 +00000-0 0  9992
2 32977 068.8165 170.4337 6654289 121.6780 034.6677 01.98214475107422
0 COSMOS 1109 DEB
1 32977U 79058S   15331.45472978 -.00000798 +00000-0 +00000-0 0  9991
2 32977 068.8184 170.1209 6651993 121.5147 048.6108 01.98211969117388
0 COSMOS 1109 DEB
1 32977U 79058S   15332.93853709 -.00000882 +00000-0 +00000-0 0  9994
2 32977 068.8199 170.0064 6651200 121.4578 027.4015 01.98209573107536
0 COSMOS 1109 DEB
1 32977U 79058S   15333.48074946 -.00000895  00000-0  00000+0 0  9996
2 32977  68.8202 169.9643 6650954 121.4368  54.3064  1.98208778117421
0 COSMOS 1109 DEB
1 32977U 79058S   15334.96851822 -.00000883 +00000-0 +00000-0 0  9994
2 32977 068.8202 169.8486 6650448 121.3757 035.9121 01.98205957107574
0 COSMOS 1109 DEB
1 32977U 79058S   15335.98007101 -.00000836  00000-0  00000+0 0  9997
2 32977  68.8205 169.7707 6649901 121.3341  37.7042  1.98203820117472
0 COSMOS 1109 DEB
1 32977U 79058S   15336.99420124 -.00000763 +00000-0 +00000-0 0  9993
2 32977 068.8207 169.6926 6649308 121.2929 041.3270 01.98201563107619
0 COSMOS 1109 DEB
1 32977U 79058S   15338.96299411 -.00000559 +00000-0 +00000-0 0  9998
2 32977 068.8209 169.5406 6648347 121.2109 006.1144 01.98196996107651
0 COSMOS 1109 DEB
1 32977U 79058S   15339.02091822 -.00000552  00000-0  00000+0 0  9994
2 32977  68.8208 169.5361 6648325 121.2085  47.4445  1.98196869117538
0 COSMOS 1109 DEB
1 32977U 79058S   15340.03482501 -.00000422 +00000-0 +00000-0 0  9992
2 32977 068.8209 169.4578 6647771 121.1667 050.8824 01.98194584107672
0 COSMOS 1109 DEB
1 32977U 79058S   15342.53275593 -.00000053  00000-0  00000+0 0  9999
2 32977  68.8211 169.2657 6646389 121.0637  33.1563  1.98189424117606
0 COSMOS 1109 DEB
1 32977U 79058S   15343.54602723 +.00000109 +00000-0 +00000-0 0  9992
2 32977 068.8214 169.1874 6645827 121.0219 036.1152 01.98187779107743
0 COSMOS 1109 DEB
1 32977U 79058S   15345.57321751  .00000437  00000-0  00000+0 0  9999
2 32977  68.8222 169.0303 6644691 120.9383  42.4791  1.98185373117665
0 COSMOS 1109 DEB
1 32977U 79058S   15346.58647095 +.00000596 +00000-0 +00000-0 0  9990
2 32977 068.8226 168.9516 6644109 120.8965 045.4119 01.98184686107800
0 COSMOS 1109 DEB
1 32977U 79058S   15347.59936416  .00000746  00000-0  00000+0 0  9996
2 32977  68.8231 168.8730 6643518 120.8546  48.0860  1.98184361117703
0 COSMOS 1109 DEB
1 32977U 79058S   15348.60536904 +.00000884 +00000-0 +00000-0 0  9991
2 32977 068.8238 168.7945 6642903 120.8135 045.8451 01.98184403107840
0 COSMOS 1109 DEB
1 32977U 79058S   15349.05772160 +.00000941 +00000-0 +00000-0 0  9991
2 32977 068.8231 168.7583 6642519 120.7992 008.5842 01.98184389107858
0 COSMOS 1109 DEB
1 32977U 79058S   15351.11254685  .00001151  00000-0  00000+0 0  9991
2 32977  68.8240 168.5993 6641302 120.7146  34.6571  1.98185922117776
0 COSMOS 1109 DEB
1 32977U 79058S   15352.12574060 +.00001218 +00000-0 +00000-0 0  9990
2 32977 068.8244 168.5211 6640694 120.6728 037.5540 01.98187168107918
0 COSMOS 1109 DEB
1 32977U 79058S   15353.13884258  .00001257  00000-0  00000+0 0  9997
2 32977  68.8249 168.4427 6640067 120.6314  40.3902  1.98188678117817
0 COSMOS 1109 DEB
1 32977U 79058S   15354.15211545 +.00001266 +00000-0 +00000-0 0  9994
2 32977 068.8252 168.3643 6639337 120.5918 043.3539 01.98190423107951
0 COSMOS 1109 DEB
1 32977U 79058S   15360.14449172  .00000859  00000-0  00000+0 0  9995
2 32977  68.8309 167.9064 6636266 120.3385 359.0272  1.98203171117957
0 COSMOS 1109 DEB
1 32977U 79058S   15360.70294698 +.00000799 +00000-0 +00000-0 0  9992
2 32977 068.8313 167.8632 6635864 120.3168 037.5137 01.98204582108083
0 COSMOS 1109 DEB
1 32977U 79058S   15360.70294698  .00000799  00000-0  00000+0 0  9991
2 32977  68.8313 167.8632 6635864 120.3168  37.5137  1.98204582117960
0 COSMOS 1109 DEB
1 32977U 79058S   16007.73702897 -.00000739  00000-0  00000+0 0  9993
2 32977  68.8354 166.9429 6628880 119.8264 344.7059  1.98212082118207
0 COSMOS 1109 DEB
1 32977U 79058S   16016.32814516 -.00000540  00000-0  00000+0 0  9990
2 32977  68.8388 166.2879 6623973 119.4725 354.8649  1.98194342118375
0 COSMOS 1109 DEB
1 32977U 79058S   16018.33149971 -.00000299  00000-0  00000+0 0  9990
2 32977  68.8375 166.1407 6623041 119.3893 344.2757  1.98190341118411
0 COSMOS 1109 DEB
1 32977U 79058S   16027.42069880  .00000998  00000-0  00000+0 0  9995
2 32977  68.8322 165.4432 6618079 119.0114 349.2368  1.98185099118597
0 COSMOS 1109 DEB
1 32977U 79058S   16028.44300498 +.00001083 +00000-0 +00000-0 0  9998
2 32977 068.8354 165.3695 6617754 118.9693 358.6321 01.98186183108734
0 COSMOS 1109 DEB
1 32977U 79058S   16029.43339751  .00001139  00000-0  00000+0 0  9993
2 32977  68.8355 165.2941 6617207 118.9264 345.2615  1.98187485118639
0 COSMOS 1109 DEB
1 32977U 79058S   16030.43976663 +.00001170 +00000-0 +00000-0 0  9990
2 32977 068.8356 165.2178 6616669 118.8838 343.2966 01.98189112108779
0 COSMOS 1109 DEB
1 32977U 79058S   16031.44893953  .00001176  00000-0  00000+0 0  9997
2 32977  68.8359 165.1414 6616135 118.8411 343.3371  1.98190888118672
0 COSMOS 1109 DEB
1 32977U 79058S   16032.44062846 +.00001160 +00000-0 +00000-0 0  9991
2 32977 068.8362 165.0662 6615609 118.7990 330.9099 01.98192802108818
0 COSMOS 1109 DEB
1 32977U 79058S   16035.48397186  .00000993  00000-0  00000+0 0  9998
2 32977  68.8378 164.8358 6613948 118.6715 342.3902  1.98199229118756
0 COSMOS 1109 DEB
1 32977U 79058S   16037.49055912  .00000807  00000-0  00000+0 0  9993
2 32977  68.8391 164.6839 6612820 118.5876 334.1654  1.98203401118793
0 COSMOS 1109 DEB
1 32977U 79058S   16038.51368791 +.00000694 +00000-0 +00000-0 0  9994
2 32977 068.8398 164.6069 6612167 118.5458 344.2171 01.98205428108937
0 COSMOS 1109 DEB
1 32977U 79058S   16042.51896164 -.00000003  00000-0  10000-3 0  9998
2 32977  68.8460 164.3125 6612639 118.3752 322.2365  1.98215172118890
0 COSMOS 1109 DEB
1 32977U 79058S   16042.54645172  .00000146  00000-0  00000+0 0  9994
2 32977  68.8409 164.3034 6610110 118.3784 341.8537  1.98211450118892
0 COSMOS 1109 DEB
1 32977U 79058S   16050.61802338 -.00000908  00000-0  00000+0 0  9997
2 32977  68.8411 163.6978 6606014 118.0448 341.5442  1.98210009119056
0 COSMOS 1109 DEB
1 32977U 79058S   16051.63429716 -.00000946 +00000-0 +00000-0 0  9998
2 32977 068.8411 163.6213 6605449 118.0042 346.7141 01.98208128109195
0 COSMOS 1109 DEB
1 32977U 79058S   16051.63429716 -.00000946  00000-0  00000+0 0  9997
2 32977  68.8411 163.6213 6605449 118.0042 346.7141  1.98208128119073
0 COSMOS 1109 DEB
1 32977U 79058S   16059.19823170 -.00000467  00000-0  00000+0 0  9996
2 32977  68.8390 163.0533 6601680 117.6842 343.8268  1.98190937119227
0 COSMOS 1109 DEB
1 32977U 79058S   16059.71903228 -.00000394 +00000-0 +00000-0 0  9997
2 32977 068.8394 163.0145 6601439 117.6635 355.4153 01.98189679109358
0 COSMOS 1109 DEB
1 32977U 79058S   16060.75263891 -.00000239 +00000-0 +00000-0 0  9996
2 32977 068.8394 162.9368 6600913 117.6204 012.8846 01.98187452109373
0 COSMOS 1109 DEB
1 32977U 79058S   16061.21449463 -.00000166  00000-0  00000+0 0  9997
2 32977  68.8394 162.9020 6600662 117.6008 342.4134  1.98186579119261
0 COSMOS 1109 DEB
1 32977U 79058S   16062.22382671 -.00000001 +00000-0 +00000-0 0  9995
2 32977 068.8394 162.8262 6600129 117.5583 342.5533 01.98184780109404
0 COSMOS 1109 DEB
1 32977U 79058S   16064.24430645  .00000340  00000-0  00000+0 0  9998
2 32977  68.8397 162.6745 6599043 117.4733 344.1100  1.98182000119322
0 COSMOS 1109 DEB
1 32977U 79058S   16065.25214499 +.00000506 +00000-0 +00000-0 0  9992
2 32977 068.8399 162.5989 6598494 117.4309 343.1697 01.98181154109464
0 COSMOS 1109 DEB
1 32977U 79058S   16069.28859005 +.00001030 +00000-0 +00000-0 0  9990
2 32977 068.8410 162.2971 6596301 117.2609 343.0272 01.98181269109546
0 COSMOS 1109 DEB
1 32977U 79058S   16069.28859005  .00001030  00000-0  00000+0 0  9999
2 32977  68.8410 162.2971 6596301 117.2609 343.0272  1.98181269119424
0 COSMOS 1109 DEB
1 32977U 79058S   16070.29893067 +.00001104 +00000-0 +00000-0 0  9991
2 32977 068.8413 162.2217 6595767 117.2185 343.8720 01.98182148109561
0 COSMOS 1109 DEB
1 32977U 79058S   16074.33194352  .00001135  00000-0  00000+0 0  9994
2 32977  68.8429 161.9219 6593559 117.0506 341.3412  1.98188331119526
0 COSMOS 1109 DEB
1 32977U 79058S   16075.34091428 +.00001090 +00000-0 +00000-0 0  9997
2 32977 068.8433 161.8469 6593053 117.0086 341.2362 01.98190316109662
0 COSMOS 1109 DEB
1 32977U 79058S   16076.35019887  .00001030  00000-0  00000+0 0  9991
2 32977  68.8437 161.7720 6592492 116.9668 341.3626  1.98192406119561
0 COSMOS 1109 DEB
1 32977U 79058S   16077.36194553 +.00000958 +00000-0 +00000-0 0  9996
2 32977 068.8443 161.6970 6591970 116.9250 343.2542 01.98194564109701
0 COSMOS 1109 DEB
1 32977U 79058S   16078.37513054  .00000874  00000-0  00000+0 0  9995
2 32977  68.8447 161.6217 6591478 116.8832 346.1788  1.98196652119601
0 COSMOS 1109 DEB
1 32977U 79058S   16078.89854439 +.00000827 +00000-0 +00000-0 0  9996
2 32977 068.8442 161.5814 6591216 116.8607 359.6455 01.98197726109734
0 COSMOS 1109 DEB
1 32977U 79058S   16079.38094373 +.00000780 +00000-0 +00000-0 0  9992
2 32977 068.8444 161.5456 6590966 116.8408 343.8508 01.98198713109740
0 COSMOS 1109 DEB
1 32977U 79058S   16080.38629549  .00000674  00000-0  00000+0 0  9994
2 32977  68.8449 161.4711 6590451 116.7993 341.2014  1.98200637119648
0 COSMOS 1109 DEB
1 32977U 79058S   16082.41550352  .00000425  00000-0  00000+0 0  9999
2 32977  68.8450 161.3194 6589344 116.7117 349.1271  1.98204046119685
0 COSMOS 1109 DEB
1 32977U 79058S   16084.43603661  .00000137  00000-0  00000+0 0  9995
2 32977  68.8458 161.1700 6588258 116.6266 350.8822  1.98206496119728
0 COSMOS 1109 DEB
1 32977U 79058S   16092.00906860 -.00000772  00000-0  00000+0 0  9990
2 32977  68.8470 160.6099 6584693 116.3196 354.6868  1.98205150119879
0 COSMOS 1109 DEB
1 32977U 79058S   16093.48313824 -.00000833 +00000-0 +00000-0 0  9994
2 32977 068.8469 160.5012 6583912 116.2597 326.5067 01.98202919110025
0 COSMOS 1109 DEB
1 32977U 79058S   16094.51594113 -.00000845  00000-0  00000+0 0  9993
2 32977  68.8474 160.4245 6583491 116.2175 343.4558  1.98201070119920
0 COSMOS 1109 DEB
1 32977U 79058S   16101.59464126 -.00000348  00000-0  00000+0 0  9998
2 32977  68.8457 159.9017 6579925 115.9249 354.1756  1.98185579120067
0 COSMOS 1109 DEB
1 32977U 79058S   16102.60809613 -.00000207 +00000-0 +00000-0 0  9990
2 32977 068.8455 159.8276 6579404 115.8817 357.2548 01.98183675110206
0 COSMOS 1109 DEB
1 32977U 79058S   16105.07258696  .00000191  00000-0  00000+0 0  9993
2 32977  68.8449 159.6459 6578156 115.7786 315.5896  1.98180063120120
0 COSMOS 1109 DEB
1 32977U 79058S   16105.11898932 +.00000198 +00000-0 +00000-0 0  9999
2 32977 068.8448 159.6427 6578126 115.7767 348.6956 01.98180002110250
0 COSMOS 1109 DEB
1 32977U 79058S   16109.15186089  .00000841  00000-0  00000+0 0  9994
2 32977  68.8443 159.3453 6576058 115.6082 345.9704  1.98178207120214
0 COSMOS 1109 DEB
1 32977U 79058S   16111.17090124  .00001064  00000-0  00000+0 0  9991
2 32977  68.8442 159.1967 6575079 115.5233 346.4672  1.98179369120254
0 COSMOS 1109 DEB
1 32977U 79058S   16112.14894007 -.00000003  00000-0  10000-3 0  9999
2 32977  68.8472 159.1318 6577051 115.4748 324.2596  1.98184199120277
0 COSMOS 1109 DEB
1 32977U 79058S   16112.17994453 +.00001141 +00000-0 +00000-0 0  9997
2 32977 068.8442 159.1226 6574586 115.4808 346.3797 01.98180426110398
0 COSMOS 1109 DEB
1 32977U 79058S   16115.20577204  .00001233  00000-0  00000+0 0  9996
2 32977  68.8439 158.8998 6573096 115.3529 345.2200  1.98185198120333
0 COSMOS 1109 DEB
1 32977U 79058S   16116.68698845 +.00001209 +00000-0 +00000-0 0  9998
2 32977 068.8443 158.7908 6572405 115.2908 322.0456 01.98188109110476
0 COSMOS 1109 DEB
1 32977U 79058S   16118.23738896  .00001141  00000-0  00000+0 0  9996
2 32977  68.8449 158.6768 6571662 115.2264 348.2536  1.98191518120393
0 COSMOS 1109 DEB
1 32977U 79058S   16120.25044287  .00000992  00000-0  00000+0 0  9998
2 32977  68.8457 158.5288 6570724 115.1425 344.5894  1.98195853120431
0 COSMOS 1109 DEB
1 32977U 79058S   16120.77599694 +.00000942 +00000-0 +00000-0 0  9998
2 32977 068.8457 158.4902 6570439 115.1204 359.5835 01.98196984110561
0 COSMOS 1109 DEB
1 32977U 79058S   16121.78941887 +.00000836 +00000-0 +00000-0 0  9997
2 32977 068.8461 158.4160 6569939 115.0783 002.6876 01.98199074110582
0 COSMOS 1109 DEB
1 32977U 79058S   16125.31039248  .00000358  00000-0  00000+0 0  9997
2 32977  68.8472 158.1580 6568273 114.9324 355.0490  1.98204973120534
0 COSMOS 1109 DEB
1 32977U 79058S   16126.31082557 +.00000198 +00000-0 +00000-0 0  9992
2 32977 068.8474 158.0850 6567802 114.8905 348.9119 01.98206144110671
0 COSMOS 1109 DEB
1 32977U 79058S   16127.33381350  .00000031  00000-0  00000+0 0  9993
2 32977  68.8477 158.0105 6567304 114.8483 358.8717  1.98207038120572
0 COSMOS 1109 DEB
1 32977U 79058S   16127.85591039 -.00000054 +00000-0 +00000-0 0  9994
2 32977 068.8477 157.9726 6567055 114.8266 011.4177 01.98207339110701
0 COSMOS 1109 DEB
1 32977U 79058S   16129.84062591 -.00000358 +00000-0 +00000-0 0  9998
2 32977 068.8478 157.8279 6566138 114.7449 347.6369 01.98208029110745
0 COSMOS 1109 DEB
1 32977U 79058S   16129.84062591 -.00000358  00000-0  00000+0 0  9997
2 32977  68.8478 157.8279 6566138 114.7449 347.6369  1.98208029120623
0 COSMOS 1109 DEB
1 32977U 79058S   16133.40069539 -.00000736  00000-0  00000+0 0  9993
2 32977  68.8475 157.5693 6564515 114.5982   7.9577  1.98205865120693
0 COSMOS 1109 DEB
1 32977U 79058S   16133.89102794 -.00000766 +00000-0 +00000-0 0  9991
2 32977 068.8475 157.5337 6564299 114.5779 357.8382 01.98205348110822
0 COSMOS 1109 DEB
1 32977U 79058S   16141.45682766 -.00000547  00000-0  00000+0 0  9990
2 32977  68.8446 156.9833 6561344 114.2632 356.2457  1.98190060120851
0 COSMOS 1109 DEB
1 32977U 79058S   16142.47391258 -.00000423 +00000-0 +00000-0 0  9990
2 32977 068.8440 156.9088 6560976 114.2205 001.9300 01.98187787110990
0 COSMOS 1109 DEB
1 32977U 79058S   16143.47891678 -.00000283  00000-0  00000+0 0  9995
2 32977  68.8435 156.8360 6560582 114.1781 358.9866  1.98185662120899
0 COSMOS 1109 DEB
1 32977U 79058S   16144.49006137 -.00000127 +00000-0 +00000-0 0  9994
2 32977 068.8430 156.7623 6560218 114.1357 000.4167 01.98183701111031
0 COSMOS 1109 DEB
1 32977U 79058S   16145.50095970  .00000039  00000-0  00000+0 0  9990
2 32977  68.8425 156.6885 6559851 114.0933   1.6642  1.98181965120934
0 COSMOS 1109 DEB
1 32977U 79058S   16146.51043978 +.00000211 +00000-0 +00000-0 0  9996
2 32977 068.8420 156.6150 6559484 114.0512 001.8945 01.98180524111072
0 COSMOS 1109 DEB
1 32977U 79058S   16150.55112907  .00000850  00000-0  00000+0 0  9992
2 32977  68.8411 156.3188 6557952 113.8793   4.7567  1.98178067121034
0 COSMOS 1109 DEB
1 32977U 79058S   16151.55810981 +.00000972 +00000-0 +00000-0 0  9996
2 32977 068.8415 156.2443 6557667 113.8374 003.1933 01.98178353111171
0 COSMOS 1109 DEB
1 32977U 79058S   16152.56719876  .00001071  00000-0  00000+0 0  9999
2 32977  68.8415 156.1701 6557280 113.7937   3.1357  1.98178991121070
0 COSMOS 1109 DEB
1 32977U 79058S   16154.53274079 -.00000003  00000-0  10000-3 0  9999
2 32977  68.8437 156.0332 6558658 113.7054 325.4719  1.98185020121111
0 COSMOS 1109 DEB
1 32977U 79058S   16154.58848553  .00001193  00000-0  00000+0 0  9993
2 32977  68.8417 156.0211 6556541 113.7090   5.2474  1.98181241121116
0 COSMOS 1109 DEB
1 32977U 79058S   16155.60135765 +.00001218 +00000-0 +00000-0 0  9990
2 32977 068.8417 155.9471 6556162 113.6663 007.9009 01.98182807111252
0 COSMOS 1109 DEB
1 32977U 79058S   16156.61047841  .00001221  00000-0  00000+0 0  9992
2 32977  68.8417 155.8735 6555778 113.6236   7.8844  1.98184623121156
0 COSMOS 1109 DEB
1 32977U 79058S   16157.61280530 +.00001206 +00000-0 +00000-0 0  9991
2 32977 068.8417 155.8004 6555399 113.5810 003.0281 01.98186643111292
0 COSMOS 1109 DEB
1 32977U 79058S   16161.64719105  .00000988  00000-0  00000+0 0  9999
2 32977  68.8429 155.5061 6553898 113.4107   1.5685  1.98195457121256
0 COSMOS 1109 DEB
1 32977U 79058S   16167.19310669 +.00000300 +00000-0 +00000-0 0  9996
2 32977 068.8435 155.1023 6551997 113.1796 358.7880 01.98205579111481
0 COSMOS 1109 DEB
1 32977U 79058S   16167.19310669  .00000300  00000-0  00000+0 0  9995
2 32977  68.8435 155.1023 6551997 113.1796 358.7880  1.98205579121369
0 COSMOS 1109 DEB
1 32977U 79058S   16168.20372301 +.00000146 +00000-0 +00000-0 0  9998
2 32977 068.8437 155.0291 6551667 113.1375 359.9192 01.98206686111508
0 COSMOS 1109 DEB
1 32977U 79058S   16176.78268384 -.00000786  00000-0  00000+0 0  9995
2 32977  68.8437 154.4045 6549289 112.7789   1.5213  1.98203692121553
0 COSMOS 1109 DEB
1 32977U 79058S   16177.79242220 -.00000812 +00000-0 +00000-0 0  9999
2 32977 068.8432 154.3316 6549010 112.7344 002.0161 01.98201965111690
0 COSMOS 1109 DEB
1 32977U 79058S   16180.31514144 -.00000787  00000-0  00000+0 0  9998
2 32977  68.8419 154.1485 6548351 112.6304   2.0603  1.98196842121624
0 COSMOS 1109 DEB
1 32977U 79058S   16181.32338697 -.00000740 +00000-0 +00000-0 0  9997
2 32977 068.8429 154.0739 6548058 112.5892 001.4637 01.98194576111767
0 COSMOS 1109 DEB
1 32977U 79058S   16183.34191791 -.00000583  00000-0  00000+0 0  9997
2 32977  68.8422 153.9268 6547538 112.5035   1.7001  1.98190008121682
0 COSMOS 1109 DEB
1 32977U 79058S   16185.36474696 -.00000340  00000-0  00000+0 0  9990
2 32977  68.8413 153.7796 6546997 112.4207   4.9698  1.98185751121725
0 COSMOS 1109 DEB
1 32977U 79058S   16186.37073241 -.00000191 +00000-0 +00000-0 0  9998
2 32977 068.8410 153.7061 6546747 112.3784 002.7202 01.98183872111862
0 COSMOS 1109 DEB
1 32977U 79058S   16187.37911977 -.00000029  00000-0  00000+0 0  9995
2 32977  68.8405 153.6326 6546468 112.3361   2.1779  1.98182255121767
0 COSMOS 1109 DEB
1 32977U 79058S   16189.39745947  .00000311  00000-0  00000+0 0  9994
2 32977  68.8397 153.4856 6545955 112.2507   2.1935  1.98179772121803
0 COSMOS 1109 DEB
1 32977U 79058S   16191.42511775  .00000633  00000-0  00000+0 0  9998
2 32977  68.8390 153.3377 6545457 112.1642   8.8441  1.98178574121847
0 COSMOS 1109 DEB
1 32977U 79058S   16191.91485609 +.00000702 +00000-0 +00000-0 0  9996
2 32977 068.8389 153.3018 6545312 112.1435 358.2527 01.98178552111973
0 COSMOS 1109 DEB
1 32977U 79058S   16192.43238581 +.00000772 +00000-0 +00000-0 0  9996
2 32977 068.8388 153.2640 6545184 112.1209 007.4870 01.98178512111989
0 COSMOS 1109 DEB
1 32977U 79058S   16193.43647008  .00000893  00000-0  00000+0 0  9998
2 32977  68.8387 153.1905 6544951 112.0780   3.8595  1.98178826121887
0 COSMOS 1109 DEB
1 32977U 79058S   16194.45158339 +.00000995 +00000-0 +00000-0 0  9999
2 32977 068.8386 153.1163 6544728 112.0346 008.1014 01.98179437112021
0 COSMOS 1109 DEB
1 32977U 79058S   16195.45770551  .00001076  00000-0  00000+0 0  9996
2 32977  68.8386 153.0426 6544506 111.9921   5.9321  1.98180399121927
0 COSMOS 1109 DEB
1 32977U 79058S   16196.47055631 +.00001137 +00000-0 +00000-0 0  9993
2 32977 068.8387 152.9684 6544282 111.9489 008.5667 01.98181632112060
0 COSMOS 1109 DEB
1 32977U 79058S   16198.49110804  .00001196  00000-0  00000+0 0  9995
2 32977  68.8393 152.8202 6543823 111.8633  10.1793  1.98184916121980
0 COSMOS 1109 DEB
1 32977U 79058S   16200.50681229 +.00001173 +00000-0 +00000-0 0  9991
2 32977 068.8402 152.6726 6543343 111.7782 008.3600 01.98188945122029
0 COSMOS 1109 DEB
1 32977U 79058S   16201.50525303 +.00001132 +00000-0 +00000-0 0  9997
2 32977 068.8408 152.5992 6543064 111.7364 000.7473 01.98191116112167
0 COSMOS 1109 DEB
1 32977U 79058S   16202.52960715  .00001069  00000-0  00000+0 0  9998
2 32977  68.8412 152.5242 6542817 111.6932  11.6313  1.98193366122068
0 COSMOS 1109 DEB
1 32977U 79058S   16204.53134417  .00000892  00000-0  00000+0 0  9996
2 32977  68.8420 152.3780 6542320 111.6095 359.9100  1.98197761122101
0 COSMOS 1109 DEB
1 32977U 79058S   16208.58078138 +.00000336 +00000-0 +00000-0 0  9996
2 32977 068.8434 152.0827 6541339 111.4409 009.3509 01.98205147112309
0 COSMOS 1109 DEB
1 32977U 79058S   16208.58078138  .00000336  00000-0  00000+0 0  9995
2 32977  68.8434 152.0827 6541339 111.4409   9.3509  1.98205147122186
0 COSMOS 1109 DEB
1 32977U 79058S   16216.63878788 -.00000760  00000-0  00000+0 0  9991
2 32977  68.8444 151.4953 6539566 111.1066 359.2437  1.98207035122348
0 COSMOS 1109 DEB
1 32977U 79058S   16222.19631238 -.00000858  00000-0  00000+0 0  9994
2 32977  68.8435 151.0895 6538554 110.8748   4.7894  1.98197593122456
0 COSMOS 1109 DEB
1 32977U 79058S   16226.23332564 -.00000476 +00000-0 +00000-0 0  9990
2 32977 068.8432 150.7934 6537834 110.7054 005.2404 01.98188643122530
0 COSMOS 1109 DEB
1 32977U 79058S   16229.26180051  .00000002  00000-0  00000+0 0  9991
2 32977  68.8427 150.5717 6537179 110.5780   6.0068  1.98183064122590
0 COSMOS 1109 DEB
1 32977U 79058S   16236.32298957  .00001000  00000-0  00000+0 0  9990
2 32977  68.8437 150.0543 6535730 110.2790   3.9200  1.98180837122737
0 COSMOS 1109 DEB
1 32977U 79058S   16237.33244950 +.00001070 +00000-0 +00000-0 0  9994
2 32977 068.8440 149.9807 6535557 110.2343 004.1392 01.98181973112873
0 COSMOS 1109 DEB
1 32977U 79058S   16239.35187546  .00001150  00000-0  00000+0 0  9993
2 32977  68.8445 149.8327 6534884 110.1724   4.9480  1.98185072122790
0 COSMOS 1109 DEB
1 32977U 79058S   16247.92249682 +.00000660 +00000-0 +00000-0 0  9991
2 32977 068.8471 149.2083 6533651 109.7932 000.2217 01.98204025113087
0 COSMOS 1109 DEB
1 32977U 79058S   16247.92249682  .00000660  00000-0  00000+0 0  9990
2 32977  68.8471 149.2083 6533651 109.7932   0.2217  1.98204025122964
0 COSMOS 1109 DEB
1 32977U 79058S   16248.93019529 +.00000524 +00000-0 +00000-0 0  9997
2 32977 068.8483 149.1342 6533446 109.7503 359.2688 01.98205989113105
0 COSMOS 1109 DEB
1 32977U 79058S   16256.51498432 -.00000514  00000-0  00000+0 0  9993
2 32977  68.8493 148.5823 6532268 109.4358  11.5720  1.98212221123135
0 COSMOS 1109 DEB
1 32977U 79058S   16264.60178567 -.00000794  00000-0  00000+0 0  9996
2 32977  68.8538 147.9880 6531057 109.1040  22.0213  1.98200688123296
0 COSMOS 1109 DEB
1 32977U 79058S   16265.08185772 -.00000767 +00000-0 +00000-0 0  9996
2 32977 068.8546 147.9522 6531070 109.0844 004.5669 01.98199495113421
0 COSMOS 1109 DEB
1 32977U 79058S   16267.55427046  .00000000  00000-0  10000-3 0  9996
2 32977  68.8633 147.7769 6531732 108.9898 328.6774  1.98197307123351
0 COSMOS 1109 DEB
1 32977U 79058S   16267.59336182 -.00000536 +00000-0 +00000-0 0  9991
2 32977 068.8551 147.7684 6530685 108.9806 356.5865 01.98194012113474
0 COSMOS 1109 DEB
1 32977U 79058S   16267.59336182 -.00000536  00000-0  00000+0 0  9990
2 32977  68.8551 147.7684 6530685 108.9806 356.5865  1.98194012123352
0 COSMOS 1109 DEB
1 32977U 79058S   16268.11345477 -.00000470 +00000-0 +00000-0 0  9994
2 32977 068.8552 147.7302 6530617 108.9592 007.6818 01.98193037113488
0 COSMOS 1109 DEB
1 32977U 79058S   16269.06797308 -.00000335  00000-0  00000+0 0  9992
2 32977  68.8467 147.6555 6530002 108.9169 328.7232  1.98190145123373
0 COSMOS 1109 DEB
1 32977U 79058S   16269.12334892 -.00000328 +00000-0 +00000-0 0  9997
2 32977 068.8554 147.6560 6530493 108.9175 008.2447 01.98190882113507
0 COSMOS 1109 DEB
1 32977U 79058S   16276.67524912  .00000852  00000-0  00000+0 0  9999
2 32977  68.8569 147.1013 6529787 108.6013 356.4064  1.98183762123539
0 COSMOS 1109 DEB
1 32977U 79058S   16277.19210098 +.00000912 +00000-0 +00000-0 0  9992
2 32977 068.8566 147.0640 6529687 108.5802 005.1678 01.98183947113662
0 COSMOS 1109 DEB
1 32977U 79058S   16278.69440079  .00001063  00000-0  00000+0 0  9999
2 32977  68.8573 146.9535 6529545 108.5169 357.0281  1.98185055123572
0 COSMOS 1109 DEB
1 32977U 79058S   16279.70372225 +.00001141 +00000-0 +00000-0 0  9997
2 32977 068.8578 146.8792 6529435 108.4746 357.1625 01.98186197113715
0 COSMOS 1109 DEB
1 32977U 79058S   16280.71301671  .00001198  00000-0  00000+0 0  9998
2 32977  68.8585 146.8048 6529337 108.4329 357.2825  1.98187638123619
0 COSMOS 1109 DEB
1 32977U 79058S   16281.23481412 +.00001220 +00000-0 +00000-0 0  9995
2 32977 068.8588 146.7663 6529289 108.4111 009.5807 01.98188464113747
0 COSMOS 1109 DEB
1 32977U 79058S   16282.73208230  .00001250  00000-0  00000+0 0  9998
2 32977  68.8597 146.6561 6529101 108.3480 357.8804  1.98191229123654
0 COSMOS 1109 DEB
1 32977U 79058S   16283.74142753 +.00001243 +00000-0 +00000-0 0  9990
2 32977 068.8605 146.5819 6528973 108.3057 358.0561 01.98193299113791
0 COSMOS 1109 DEB
1 32977U 79058S   16284.75078497  .00001214  00000-0  00000+0 0  9992
2 32977  68.8612 146.5077 6528844 108.2635 358.2481  1.98195487123697
0 COSMOS 1109 DEB
1 32977U 79058S   16285.76010258 +.00001162 +00000-0 +00000-0 0  9998
2 32977 068.8620 146.4331 6528739 108.2215 358.4200 01.98197759113835
0 COSMOS 1109 DEB
1 32977U 79058S   16287.77874227  .00000995  00000-0  00000+0 0  9997
2 32977  68.8636 146.2848 6528473 108.1373 358.7907  1.98202259123753
0 COSMOS 1109 DEB
1 32977U 79058S   16294.22712498  .00000066  00000-0  00000+0 0  9995
2 32977  68.8685 145.8117 6527600 107.8700 280.1385  1.98213145123879
0 COSMOS 1109 DEB
1 32977U 79058S   16295.42735191 -.00000117  00000-0  00000+0 0  9991
2 32977  68.8698 145.7240 6527486 107.8231  56.5904  1.98213603123905
0 COSMOS 1109 DEB
1 32977U 79058S   16297.92758409 -.00000448 +00000-0 +00000-0 0  9993
2 32977 068.8713 145.5410 6527199 107.7200 040.7216 01.98213926114073
0 COSMOS 1109 DEB
1 32977U 79058S   16297.92758409 -.00000448  00000-0  00000+0 0  9992
2 32977  68.8713 145.5410 6527199 107.7200  40.7216  1.98213926123950
0 COSMOS 1109 DEB
1 32977U 79058S   16302.11575487 -.00000798  00000-0  00000+0 0  9991
2 32977  68.8728 145.2346 6526838 107.5473 149.3189  1.98209989124039
0 COSMOS 1109 DEB
1 32977U 79058S   16307.51723360 -.00000686  00000-0  00000+0 0  9991
2 32977  68.8742 144.8373 6526535 107.3248  43.5520  1.98198712124149
0 COSMOS 1109 DEB
1 32977U 79058S   16308.53284394 -.00000582 +00000-0 +00000-0 0  9999
2 32977 068.8744 144.7625 6526470 107.2828 048.2176 01.98196391114285
0 COSMOS 1109 DEB
1 32977U 79058S   16310.23157044 -.00000362  00000-0  00000+0 0  9995
2 32977  68.8748 144.6376 6526297 107.2128 180.2895  1.98192800124198
0 COSMOS 1109 DEB
1 32977U 79058S   16313.45931528  .00000158  00000-0  00000+0 0  9991
2 32977  68.8757 144.3984 6526086 107.0785 323.2750  1.98186861124259
0 COSMOS 1109 DEB
1 32977U 79058S   16313.91023703 +.00000234 +00000-0 +00000-0 0  9995
2 32977 068.8758 144.3648 6526082 107.0604 285.0022 01.98186301114382
0 COSMOS 1109 DEB
1 32977U 79058S   16314.46328957 +.00000327 +00000-0 +00000-0 0  9998
2 32977 068.8760 144.3238 6526014 107.0368 319.5972 01.98185643114398
0 COSMOS 1109 DEB
1 32977U 79058S   16315.46831762  .00000490  00000-0  00000+0 0  9992
2 32977  68.8763 144.2494 6525827 106.9950 316.6630  1.98184570124297
0 COSMOS 1109 DEB
1 32977U 79058S   16315.48702383  .00000000  00000-0  10000-3 0  9992
2 32977  68.8780 144.2508 6528168 106.9945 330.0059  1.98188843124301
0 COSMOS 1109 DEB
1 32977U 79058S   16315.83917410 +.00000547 +00000-0 +00000-0 0  9992
2 32977 068.8763 144.2223 6525833 106.9811 221.2614 01.98184360114424
0 COSMOS 1109 DEB
1 32977U 79058S   16316.51902420 +.00000649 +00000-0 +00000-0 0  9996
2 32977 068.8769 144.1719 6525810 106.9542 346.3164 01.98183931114449
0 COSMOS 1109 DEB
1 32977U 79058S   16317.47954435  .00000781  00000-0  00000+0 0  9991
2 32977  68.8773 144.1010 6525722 106.9143 311.6261  1.98183730124336
0 COSMOS 1109 DEB
1 32977U 79058S   16317.54643513 +.00000790 +00000-0 +00000-0 0  9992
2 32977 068.8773 144.0961 6525719 106.9116 359.3506 01.98183706114463
0 COSMOS 1109 DEB
1 32977U 79058S   16318.80429822 +.00000939 +00000-0 +00000-0 0  9992
2 32977 068.8777 144.0032 6525576 106.8589 176.8070 01.98183921114489
0 COSMOS 1109 DEB
1 32977U 79058S   16319.49296166  .00001009  00000-0  00000+0 0  9999
2 32977  68.8780 143.9522 6525501 106.8302 308.1539  1.98184299124374
0 COSMOS 1109 DEB
1 32977U 79058S   16319.56513843 +.00001016 +00000-0 +00000-0 0  9990
2 32977 068.8780 143.9470 6525495 106.8272 359.6500 01.98184329114501
0 COSMOS 1109 DEB
1 32977U 79058S   16320.83896679 +.00001120 +00000-0 +00000-0 0  9999
2 32977 068.8787 143.8529 6525346 106.7738 188.5025 01.98185434114524
0 COSMOS 1109 DEB
1 32977U 79058S   16323.73051440  .00001246  00000-0  00000+0 0  9998
2 32977  68.8805 143.6398 6525007 106.6521  91.5930  1.98189668124465
0 COSMOS 1109 DEB
1 32977U 79058S   16328.64596314  .00001069  00000-0  00000+0 0  9990
2 32977  68.8851 143.2767 6524459 106.4457 358.8432  1.98199988124561
0 COSMOS 1109 DEB
1 32977U 79058S   16337.73266501 -.00000136  00000-0  00000+0 0  9997
2 32977  68.8910 142.6125 6523593 106.0695   2.7987  1.98213728124745
0 COSMOS 1109 DEB
1 32977U 79058S   16344.94264515 -.00000802 +00000-0 +00000-0 0  9992
2 32977 068.8939 142.0848 6523043 105.7706 107.7099 01.98208767115007
0 COSMOS 1109 DEB
1 32977U 79058S   16344.94264515 -.00000802  00000-0  00000+0 0  9991
2 32977  68.8939 142.0848 6523043 105.7706 107.7099  1.98208767124883
0 COSMOS 1109 DEB
1 32977U 79058S   16345.29054707 -.00000812  00000-0  00000+0 0  9991
2 32977  68.8943 142.0561 6523061 105.7623 355.9428  1.98207546124896
0 COSMOS 1109 DEB
1 32977U 79058S   16352.35768765 -.00000380  00000-0  00000+0 0  9992
2 32977  68.8943 141.5391 6522553 105.4658 358.5983  1.98192097125037
0 COSMOS 1109 DEB
1 32977U 79058S   16355.38439041  .00000093  00000-0  00000+0 0  9990
2 32977  68.8951 141.3189 6522380 105.3383 358.1396  1.98186642125090
0 COSMOS 1109 DEB
1 32977U 79058S   16357.40318934  .00000419  00000-0  00000+0 0  9994
2 32977  68.8951 141.1719 6522315 105.2528 358.5177  1.98184335125138
0 COSMOS 1109 DEB
1 32977U 79058S   16359.40206487 +.00000716 +00000-0 +00000-0 0  9996
2 32977 068.8950 141.0211 6522226 105.1699 344.6707 01.98183442115291
0 COSMOS 1109 DEB
1 32977U 79058S   16361.44282685  .00000968  00000-0  00000+0 0  9995
2 32977  68.8956 140.8708 6522156 105.0836   0.7049  1.98183899125217
0 COSMOS 1109 DEB
1 32977U 79058S   16362.42262652 +.00001066 +00000-0 +00000-0 0  9997
2 32977 068.8959 140.7988 6522100 105.0424 339.7737 01.98184755115356
0 COSMOS 1109 DEB
1 32977U 79058S   16363.44307395  .00001149  00000-0  00000+0 0  9995
2 32977  68.8963 140.7236 6522034 104.9995 347.8417  1.98185736125259
0 COSMOS 1109 DEB
1 32977U 79058S   17005.48045216  .00000983  00000-0  00000+0 0  9999
2 32977  68.9023 140.1349 6521334 104.6635 322.6085  1.98201815125402
0 COSMOS 1109 DEB
1 32977U 79058S   17006.54567935 +.00000854 +00000-0 +00000-0 0  9992
2 32977 068.9028 140.0570 6521433 104.6200 002.6977 01.98204138115551
0 COSMOS 1109 DEB
1 32977U 79058S   17007.53223260  .00000719  00000-0  00000+0 0  9991
2 32977  68.9030 139.9848 6521368 104.5788 346.6564  1.98206134125457
0 COSMOS 1109 DEB
1 32977U 79058S   17008.54178876 +.00000569 +00000-0 +00000-0 0  9999
2 32977 068.9036 139.9112 6521303 104.5367 347.0361 01.98208014115592
0 COSMOS 1109 DEB
1 32977U 79058S   17009.55039682  .00000412  00000-0  00000+0 0  9998
2 32977  68.9043 139.8377 6521229 104.4946 346.7456  1.98209678125499
0 COSMOS 1109 DEB
1 32977U 79058S   17010.53443282 +.00000255 +00000-0 +00000-0 0  9999
2 32977 068.9047 139.7659 6521169 104.4536 328.9260 01.98211038115625
0 COSMOS 1109 DEB
1 32977U 79058S   17015.60842296 -.00000478  00000-0  00000+0 0  9997
2 32977  68.9065 139.3964 6521000 104.2427 349.6318  1.98213539125613
0 COSMOS 1109 DEB
1 32977U 79058S   17024.70115160 -.00000794 +00000-0 +00000-0 0  9993
2 32977 068.9070 138.7333 6521213 103.8634 357.8809 01.98199267115912
0 COSMOS 1109 DEB
1 32977U 79058S   17025.20201691 -.00000752 +00000-0 +00000-0 0  9998
2 32977 068.9068 138.6966 6521203 103.8424 355.2623 01.98198004115921
0 COSMOS 1109 DEB
1 32977U 79058S   17030.21252858 -.00000078  00000-0  00000+0 0  9996
2 32977  68.9070 138.3300 6521246 103.6331 330.2992  1.98186929125897
0 COSMOS 1109 DEB
1 32977U 79058S   17031.26092777 +.00000093 +00000-0 +00000-0 0  9991
2 32977 068.9068 138.2532 6521266 103.5881 358.3187 01.98185290116045
0 COSMOS 1109 DEB
1 32977U 79058S   17032.25927793  .00000256  00000-0  00000+0 0  9996
2 32977  68.9068 138.1801 6521280 103.5456 350.6217  1.98183937125941
0 COSMOS 1109 DEB
1 32977U 79058S   17033.23940722 +.00000410 +00000-0 +00000-0 0  9995
2 32977 068.9072 138.1084 6521335 103.5048 329.9208 01.98182933116075
0 COSMOS 1109 DEB
1 32977U 79058S   17034.27801247  .00000563  00000-0  00000+0 0  9996
2 32977  68.9074 138.0324 6521355 103.4607 350.9371  1.98182191125986
0 COSMOS 1109 DEB
1 32977U 79058S   17036.29600609  .00000824  00000-0  00000+0 0  9999
2 32977  68.9079 137.8847 6521379 103.3751 350.7156  1.98181831126028
0 COSMOS 1109 DEB
1 32977U 79058S   17037.30559500 +.00000933 +00000-0 +00000-0 0  9997
2 32977 068.9082 137.8108 6521413 103.3325 351.0282 01.98182219116167
0 COSMOS 1109 DEB
1 32977U 79058S   17040.33321872  .00001153  00000-0  00000+0 0  9997
2 32977  68.9095 137.5893 6521449 103.2042 351.1660  1.98185322126107
0 COSMOS 1109 DEB
1 32977U 79058S   17041.34211404 +.00001187 +00000-0 +00000-0 0  9996
2 32977 068.9100 137.5155 6521463 103.1615 350.9979 01.98186920116245
0 COSMOS 1109 DEB
1 32977U 79058S   17048.40584240  .00000789  00000-0  00000+0 0  9997
2 32977  68.9140 136.9992 6521605 102.8652 351.0728  1.98201820126260
0 COSMOS 1109 DEB
1 32977U 79058S   17049.41539470 +.00000661 +00000-0 +00000-0 0  9994
2 32977 068.9143 136.9254 6521533 102.8219 351.4336 01.98203785116409
0 COSMOS 1109 DEB
1 32977U 79058S   17051.43620594  .00000382  00000-0  00000+0 0  9996
2 32977  68.9155 136.7781 6521548 102.7377 353.3940  1.98207217126323
0 COSMOS 1109 DEB
1 32977U 79058S   17052.44187281 +.00000237 +00000-0 +00000-0 0  9999
2 32977 068.9160 136.7048 6521559 102.6963 351.0009 01.98208554116467
0 COSMOS 1109 DEB
1 32977U 79058S   17053.45364544  .00000091  00000-0  00000+0 0  9997
2 32977  68.9163 136.6309 6521562 102.6536 352.9694  1.98209632126367
0 COSMOS 1109 DEB
1 32977U 79058S   17055.46831017 -.00000192  00000-0  00000+0 0  9997
2 32977  68.9173 136.4844 6521605 102.5711 350.5781  1.98210865126408
0 COSMOS 1109 DEB
1 32977U 79058S   17056.47863191 -.00000326 +00000-0 +00000-0 0  9997
2 32977 068.9176 136.4108 6521618 102.5295 351.5174 01.98210976116549
0 COSMOS 1109 DEB
1 32977U 79058S   17062.03446042 -.00000850  00000-0  00000+0 0  9999
2 32977  68.9182 136.0060 6521670 102.2965 355.9814  1.98205894126530
0 COSMOS 1109 DEB
1 32977U 79058S   17066.58107206 -.00000810  00000-0  00000+0 0  9995
2 32977  68.9194 135.6743 6521816 102.1065   0.1731  1.98196307126623
0 COSMOS 1109 DEB
1 32977U 79058S   17067.08209035 -.00000772 +00000-0 +00000-0 0  9992
2 32977 068.9193 135.6377 6521819 102.0856 357.6613 01.98195193116759
0 COSMOS 1109 DEB
1 32977U 79058S   17070.10979521 -.00000421  00000-0  00000+0 0  9993
2 32977  68.9191 135.4173 6521933 101.9577 357.9434  1.98188205126698
0 COSMOS 1109 DEB
1 32977U 79058S   17073.13877215  .00000053  00000-0  00000+0 0  9996
2 32977  68.9188 135.1969 6522112 101.8325 359.0641  1.98182674126758
0 COSMOS 1109 DEB
1 32977U 79058S   17075.14267821 +.00000380 +00000-0 +00000-0 0  9999
2 32977 068.9189 135.0504 6522165 101.7474 348.7885 01.98180424126795
0 COSMOS 1109 DEB
1 32977U 79058S   17076.15480559 +.00000539 +00000-0 +00000-0 0  9992
2 32977 068.9190 134.9768 6522256 101.7038 350.9052 01.98179814116931
0 COSMOS 1109 DEB
1 32977U 79058S   17077.16171425 +.00000689 +00000-0 +00000-0 0  9999
2 32977 068.9192 134.9030 6522302 101.6613 349.2959 01.98179524126830
0 COSMOS 1109 DEB
1 32977U 79058S   17079.17892815 +.00000953 +00000-0 +00000-0 0  9999
2 32977 068.9197 134.7554 6522386 101.5776 348.5022 01.98180105126879
0 COSMOS 1109 DEB
1 32977U 79058S   17080.70585337 +.00001108 +00000-0 +00000-0 0  9991
2 32977 068.9202 134.6436 6522425 101.5129 357.9107 01.98181440117028
0 COSMOS 1109 DEB
1 32977U 79058S   17084.74970053 +.00001267 +00000-0 +00000-0 0  9998
2 32977 068.9217 134.3477 6522405 101.3383 003.1135 01.98188201117106
0 COSMOS 1109 DEB
1 32977U 79058S   17085.76158302 +.00001243 +00000-0 +00000-0 0  9990
2 32977 068.9221 134.2736 6522388 101.2940 005.0893 01.98190418117123
0 COSMOS 1109 DEB
1 32977U 79058S   17086.77137668 +.00001192 +00000-0 +00000-0 0  9997
2 32977 068.9227 134.2000 6522394 101.2516 005.5818 01.98192692117149
0 COSMOS 1109 DEB
1 32977U 79058S   17087.78357190 +.00001117 +00000-0 +00000-0 0  9990
2 32977 068.9232 134.1263 6522391 101.2086 007.7961 01.98195001127044
0 COSMOS 1109 DEB
1 32977U 79058S   17088.79367552 +.00001019 +00000-0 +00000-0 0  9996
2 32977 068.9237 134.0529 6522383 101.1658 008.5261 01.98197280117185
0 COSMOS 1109 DEB
1 32977U 79058S   17090.81789465 +.00000767 +00000-0 +00000-0 0  9992
2 32977 068.9249 133.9058 6522388 101.0806 012.8741 01.98201646117220
0 COSMOS 1109 DEB
1 32977U 79058S   17092.84084339 +.00000470 +00000-0 +00000-0 0  9996
2 32977 068.9261 133.7593 6522406 100.9955 016.3463 01.98205411127146
0 COSMOS 1109 DEB
1 32977U 79058S   17094.33872786 +.00000239 +00000-0 +00000-0 0  9996
2 32977 068.9269 133.6509 6522443 100.9324 005.1761 01.98207633117291
0 COSMOS 1109 DEB
1 32977U 79058S   17096.36110316 -.00000065 +00000-0 +00000-0 0  9993
2 32977 068.9279 133.5048 6522525 100.8472 008.2737 01.98209506127214
0 COSMOS 1109 DEB
1 32977U 79058S   17101.90527168 -.00000739 +00000-0 +00000-0 0  9995
2 32977 068.9294 133.1037 6522942 100.6161 004.4270 01.98208201117446
0 COSMOS 1109 DEB
1 32977U 79058S   17101.90527168 -.00000739 +00000-0 +00000-0 0  9995
2 32977 068.9294 133.1037 6522942 100.6161 004.4270 01.98208201127324
0 COSMOS 1109 DEB
1 32977U 79058S   17106.44114222 -.00000869 +00000-0 +00000-0 0  9996
2 32977 068.9301 132.7751 6523396 100.4269 001.0093 01.98200587127417
0 COSMOS 1109 DEB
1 32977U 79058S   17107.45142799 -.00000825 +00000-0 +00000-0 0  9990
2 32977 068.9301 132.7018 6523488 100.3846 001.8822 01.98198388117552
0 COSMOS 1109 DEB
1 32977U 79058S   17108.46514914 -.00000754 +00000-0 +00000-0 0  9995
2 32977 068.9300 132.6281 6523573 100.3417 005.1981 01.98196075127455
0 COSMOS 1109 DEB
1 32977U 79058S   17109.47241885 -.00000659 +00000-0 +00000-0 0  9995
2 32977 068.9299 132.5552 6523686 100.2992 003.9024 01.98193761117591
0 COSMOS 1109 DEB
1 32977U 79058S   17110.48976622 -.00000542 +00000-0 +00000-0 0  9993
2 32977 068.9300 132.4813 6523809 100.2572 009.7864 01.98191391127497
0 COSMOS 1109 DEB
1 32977U 79058S   17111.49345663 -.00000409 +00000-0 +00000-0 0  9992
2 32977 068.9298 132.4088 6523921 100.2137 005.9211 01.98189201117635
0 COSMOS 1109 DEB
1 32977U 79058S   17113.51668434 -.00000104 +00000-0 +00000-0 0  9993
2 32977 068.9295 132.2618 6524127 100.1280 009.4699 01.98185133127557
0 COSMOS 1109 DEB
1 32977U 79058S   17118.05074382 +.00000606 +00000-0 +00000-0 0  9996
2 32977 068.9291 131.9336 6524681 099.9303 004.3855 01.98179751127649
0 COSMOS 1109 DEB
1 32977U 79058S   17121.57090385 +.00001035 +00000-0 +00000-0 0  9995
2 32977 068.9295 131.6788 6525137 099.7783 355.8857 01.98180319127714
0 COSMOS 1109 DEB
1 32977U 79058S   17122.61140125 +.00001126 +00000-0 +00000-0 0  9990
2 32977 068.9299 131.6033 6525284 099.7344 018.2456 01.98181337117857
0 COSMOS 1109 DEB
1 32977U 79058S   17125.62935949 +.00001259 +00000-0 +00000-0 0  9997
2 32977 068.9311 131.3842 6525743 099.6058 011.4861 01.98186043117919
0 COSMOS 1109 DEB
1 32977U 79058S   17125.62935949 +.00001259 +00000-0 +00000-0 0  9997
2 32977 068.9311 131.3842 6525743 099.6058 011.4861 01.98186043127796
0 COSMOS 1109 DEB
1 32977U 79058S   17126.10687266 +.00001259 +00000-0 +00000-0 0  9997
2 32977 068.9314 131.3494 6525818 099.5855 352.1856 01.98186993117926
0 COSMOS 1109 DEB
1 32977U 79058S   17126.62894031 +.00001254 +00000-0 +00000-0 0  9999
2 32977 068.9316 131.3115 6525904 099.5634 004.6763 01.98188086117931
0 COSMOS 1109 DEB
1 32977U 79058S   17131.16152934 +.00000942 +00000-0 +00000-0 0  9996
2 32977 068.9340 130.9827 6526652 099.3723 358.7269 01.98198412118020
0 COSMOS 1109 DEB
1 32977U 79058S   17131.16152934 +.00000942 +00000-0 +00000-0 0  9996
2 32977 068.9340 130.9827 6526652 099.3723 358.7269 01.98198412127907
0 COSMOS 1109 DEB
1 32977U 79058S   17132.17372839 +.00000824 +00000-0 +00000-0 0  9995
2 32977 068.9338 130.9080 6526874 099.3296 000.9645 01.98200619118048
0 COSMOS 1109 DEB
1 32977U 79058S   17134.19463021 +.00000559 +00000-0 +00000-0 0  9998
2 32977 068.9348 130.7614 6527219 099.2450 002.9681 01.98204640127966
0 COSMOS 1109 DEB
1 32977U 79058S   17140.75050770 -.00000363 +00000-0 +00000-0 0  9994
2 32977 068.9373 130.2876 6528495 098.9712 001.0157 01.98210383128097
0 COSMOS 1109 DEB
1 32977U 79058S   17141.76166808 -.00000487 +00000-0 +00000-0 0  9993
2 32977 068.9374 130.2146 6528721 098.9291 002.5506 01.98210029118238
0 COSMOS 1109 DEB
1 32977U 79058S   17146.30687837 -.00000860 +00000-0 +00000-0 0  9993
2 32977 068.9373 129.8862 6529892 098.7370 005.8428 01.98204500128206
0 COSMOS 1109 DEB
1 32977U 79058S   17147.31324010 -.00000882 +00000-0 +00000-0 0  9990
2 32977 068.9373 129.8131 6530173 098.6942 003.9300 01.98202562118341
0 COSMOS 1109 DEB
1 32977U 79058S   17148.32496745 -.00000875 +00000-0 +00000-0 0  9999
2 32977 068.9382 129.7378 6530217 098.6520 005.8388 01.98200458128243
0 COSMOS 1109 DEB
1 32977U 79058S   17155.38665149 -.00000159 +00000-0 +00000-0 0  9994
2 32977 068.9367 129.2241 6532300 098.3539 004.4028 01.98184730128387
0 COSMOS 1109 DEB
1 32977U 79058S   17156.39458650 -.00000000 +00000-0 +00000-0 0  9998
2 32977 068.9365 129.1505 6532618 098.3118 003.5411 01.98183018118521
0 COSMOS 1109 DEB
1 32977U 79058S   17156.88975858 +.00000080 +00000-0 +00000-0 0  9993
2 32977 068.9367 129.1143 6532749 098.2921 356.8321 01.98182269118539
0 COSMOS 1109 DEB
1 32977U 79058S   17157.40637285 +.00000164 +00000-0 +00000-0 0  9994
2 32977 068.9368 129.0761 6532953 098.2699 005.4204 01.98181555128427
0 COSMOS 1109 DEB
1 32977U 79058S   17160.44200567 +.00000650 +00000-0 +00000-0 0  9991
2 32977 068.9367 128.8539 6533876 098.1415 011.2331 01.98179241128487
0 COSMOS 1109 DEB
1 32977U 79058S   17161.45192411 +.00000797 +00000-0 +00000-0 0  9993
2 32977 068.9367 128.7799 6534174 098.0987 011.7690 01.98179187118626
0 COSMOS 1109 DEB
1 32977U 79058S   17161.96495858 +.00000868 +00000-0 +00000-0 0  9999
2 32977 068.9368 128.7421 6534325 098.0772 017.7981 01.98179290118634
0 COSMOS 1109 DEB
1 32977U 79058S   17162.46118351 +.00000932 +00000-0 +00000-0 0  9997
2 32977 068.9368 128.7057 6534467 098.0561 011.8369 01.98179582128520
0 COSMOS 1109 DEB
1 32977U 79058S   17163.46214590 +.00001049 +00000-0 +00000-0 0  9990
2 32977 068.9369 128.6322 6534748 098.0137 005.9852 01.98180246118660
0 COSMOS 1109 DEB
1 32977U 79058S   17165.43753715  .00000000  00000-0  10000-3 0  9996
2 32977  68.9491 128.4769 6537202  97.9483 335.3542  1.98186406128570
0 COSMOS 1109 DEB
1 32977U 79058S   17165.47545323 +.00001220 +00000-0 +00000-0 0  9995
2 32977 068.9374 128.4844 6535305 097.9283 002.4140 01.98182618128582
0 COSMOS 1109 DEB
1 32977U 79058S   17171.54629109 +.00001102 +00000-0 +00000-0 0  9994
2 32977 068.9399 128.0394 6537104 097.6724 013.9129 01.98195115118827
0 COSMOS 1109 DEB
1 32977U 79058S   17171.54629109 +.00001102 +00000-0 +00000-0 0  9994
2 32977 068.9399 128.0394 6537104 097.6724 013.9129 01.98195115128705
0 COSMOS 1109 DEB
1 32977U 79058S   17176.07774792 +.00000510 +00000-0 +00000-0 0  9998
2 32977 068.9418 127.7063 6538318 097.4812 007.2661 01.98204724128793
0 COSMOS 1109 DEB
1 32977U 79058S   17177.61184720 +.00000276 +00000-0 +00000-0 0  9994
2 32977 068.9425 127.5941 6538778 097.4185 021.9293 01.98207042118943
0 COSMOS 1109 DEB
1 32977U 79058S   17185.64804288 -.00000801 +00000-0 +00000-0 0  9999
2 32977 068.9441 127.0049 6541836 097.0851 356.3025 01.98208056128989
0 COSMOS 1109 DEB
1 32977U 79058S   17194.73202101 -.00000522 +00000-0 +00000-0 0  9995
2 32977 068.9441 126.3316 6544609 096.7084 358.0426 01.98190416129168
0 COSMOS 1109 DEB
1 32977U 79058S   17195.25808610 -.00000451 +00000-0 +00000-0 0  9991
2 32977 068.9427 126.2927 6544586 096.6878 013.3840 01.98189061119291
0 COSMOS 1109 DEB
1 32977U 79058S   17195.25808610 -.00000451 +00000-0 +00000-0 0  9991
2 32977 068.9427 126.2927 6544586 096.6878 013.3840 01.98189061129179
0 COSMOS 1109 DEB
1 32977U 79058S   17196.77401722 -.00000231 +00000-0 +00000-0 0  9998
2 32977 068.9422 126.1804 6545065 096.6251 014.9878 01.98186160119326
0 COSMOS 1109 DEB
1 32977U 79058S   17196.77401722 -.00000231 +00000-0 +00000-0 0  9998
2 32977 068.9422 126.1804 6545065 096.6251 014.9878 01.98186160129204
0 COSMOS 1109 DEB
1 32977U 79058S   17204.82769664 +.00000937 +00000-0 +00000-0 0  9998
2 32977 068.9389 125.5821 6547528 096.2892 001.0309 01.98180856129360
0 COSMOS 1109 DEB
1 32977U 79058S   17205.83807479 +.00001039 +00000-0 +00000-0 0  9991
2 32977 068.9391 125.5068 6547864 096.2466 001.9024 01.98181807119501
0 COSMOS 1109 DEB
1 32977U 79058S   17211.89410141 +.00001124 +00000-0 +00000-0 0  9995
2 32977 068.9433 125.0547 6549941 095.9914 002.8026 01.98193513119629
0 COSMOS 1109 DEB
1 32977U 79058S   17211.89410141 +.00001124 +00000-0 +00000-0 0  9995
2 32977 068.9433 125.0547 6549941 095.9914 002.8026 01.98193513129507
0 COSMOS 1109 DEB
1 32977U 79058S   17219.96929488 +.00000181 +00000-0 +00000-0 0  9992
2 32977 068.9477 124.4513 6552375 095.6581 004.8051 01.98210704129662
0 COSMOS 1109 DEB
1 32977U 79058S   17220.97688262 +.00000032 +00000-0 +00000-0 0  9992
2 32977 068.9482 124.3761 6552666 095.6168 003.7929 01.98211873119801
0 COSMOS 1109 DEB
1 32977U 79058S   17228.53465344 -.00000897  00000-0  00000+0 0  9995
2 32977  68.9542 123.8114 6554938  95.3073 356.8520  1.98209901129832
0 COSMOS 1109 DEB
1 32977U 79058S   17229.54387708 -.00000952 +00000-0 +00000-0 0  9997
2 32977 068.9495 123.7528 6555123 095.2492 357.0012 01.98208254119971
0 COSMOS 1109 DEB
1 32977U 79058S   17229.54387708 -.00000952 +00000-0 +00000-0 0  9997
2 32977 068.9495 123.7528 6555123 095.2492 357.0012 01.98208254129859
0 COSMOS 1109 DEB
1 32977U 79058S   17230.55356624 -.00000980  00000-0  00000+0 0  9993
2 32977  68.9536 123.6659 6555523  95.2164 357.4749  1.98206425129870
0 COSMOS 1109 DEB
1 32977U 79058S   17231.56262069 -.00000979 +00000-0 +00000-0 0  9993
2 32977 068.9522 123.5938 6555831 095.1724 357.4898 01.98204402120012
0 COSMOS 1109 DEB
1 32977U 79058S   17234.59187237 -.00000814 +00000-0 +00000-0 0  9990
2 32977 068.9538 123.3707 6556658 095.0428 358.9758 01.98197547120077
0 COSMOS 1109 DEB
1 32977U 79058S   17234.59187237 -.00000814  00000-0  00000+0 0  9999
2 32977  68.9538 123.3707 6556658  95.0428 358.9758  1.98197547129953
0 COSMOS 1109 DEB
1 32977U 79058S   17235.11513439 -.00000764  00000-0  00000+0 0  9999
2 32977  68.9539 123.3215 6556942  95.0320  12.3347  1.98196335129965
0 COSMOS 1109 DEB
1 32977U 79058S   17243.17678632  .00000435  00000-0  00000+0 0  9995
2 32977  68.9534 122.7142 6559616  94.6961   4.2593  1.98182824130120
0 COSMOS 1109 DEB
1 32977U 79058S   17244.20202573 +.00000603 +00000-0 +00000-0 0  9995
2 32977 068.9542 122.6368 6560044 094.6541 015.7383 01.98182477120261
0 COSMOS 1109 DEB
1 32977U 79058S   17244.69912703 +.00000681 +00000-0 +00000-0 0  9997
2 32977 068.9544 122.5992 6560215 094.6334 010.4042 01.98182375120277
0 COSMOS 1109 DEB
1 32977U 79058S   17254.23986331 +.00001139 +00000-0 +00000-0 0  9995
2 32977 068.9555 121.8715 6563400 094.2177 337.6089 01.98196136020436
0 COSMOS 1109 DEB
1 32977U 79058S   17254.23986331  .00001139  00000-0  00000+0 0  9994
2 32977  68.9555 121.8715 6563400  94.2177 337.6089  1.98196136130337
0 COSMOS 1109 DEB
1 32977U 79058S   17255.78903454  .00000993  00000-0  00000+0 0  9997
2 32977  68.9589 121.7616 6563553  94.1698   2.9798  1.98199798130379
0 COSMOS 1109 DEB
1 32977U 79058S   17263.79418266 -.00000138 +00000-0 +00000-0 0  9992
2 32977 068.9638 121.1588 6566214 093.8387 315.1455 01.98213327130525
0 COSMOS 1109 DEB
1 32977U 79058S   17264.80517007 -.00000292 +00000-0 +00000-0 0  9999
2 32977 068.9641 121.0825 6566576 093.7974 316.5679 01.98213803120660
0 COSMOS 1109 DEB
1 32977U 79058S   17265.82262594 -.00000439  00000-0  00000+0 0  9992
2 32977  68.9652 121.0054 6567000  93.7559 322.6075  1.98213955130564
0 COSMOS 1109 DEB
1 32977U 79058S   17266.83633084 -.00000576 +00000-0 +00000-0 0  9993
2 32977 068.9657 120.9286 6567377 093.7146 325.9709 01.98213775120708
0 COSMOS 1109 DEB
1 32977U 79058S   17267.84884464 -.00000696  00000-0  00000+0 0  9997
2 32977  68.9662 120.8521 6567762  93.6735 328.4823  1.98213230130607
0 COSMOS 1109 DEB
1 32977U 79058S   17268.86011686 -.00000796 +00000-0 +00000-0 0  9990
2 32977 068.9665 120.7756 6568125 093.6323 330.1054 01.98212362120741
0 COSMOS 1109 DEB
1 32977U 79058S   17269.87378763 -.00000874 +00000-0 +00000-0 0  9991
2 32977 068.9668 120.6988 6568490 093.5910 333.4367 01.98211188120766
0 COSMOS 1109 DEB
1 32977U 79058S   17269.87378763 -.00000874  00000-0  00000+0 0  9990
2 32977  68.9668 120.6988 6568490  93.5910 333.4367  1.98211188130644
0 COSMOS 1109 DEB
1 32977U 79058S   17270.89209727 -.00000926 +00000-0 +00000-0 0  9996
2 32977 068.9671 120.6216 6568858 093.5494 340.0731 01.98209706120794
0 COSMOS 1109 DEB
1 32977U 79058S   17273.38537494 -.00000938  00000-0  00000+0 0  9990
2 32977  68.9675 120.4329 6569770  93.4479 319.1813  1.98205239130715
0 COSMOS 1109 DEB
1 32977U 79058S   17274.39984174 -.00000897 +00000-0 +00000-0 0  9998
2 32977 068.9675 120.3560 6570142 093.4064 323.0496 01.98202937120853
0 COSMOS 1109 DEB
1 32977U 79058S   17275.41424295 -.00000833  00000-0  00000+0 0  9994
2 32977  68.9676 120.2789 6570534  93.3648 326.8634  1.98200541130752
0 COSMOS 1109 DEB
1 32977U 79058S   17276.42814338 -.00000746 +00000-0 +00000-0 0  9991
2 32977 068.9674 120.2014 6571063 093.3266 330.3111 01.98198144120894
0 COSMOS 1109 DEB
1 32977U 79058S   17277.44320303 -.00000639  00000-0  00000+0 0  9998
2 32977  68.9669 120.1238 6571392  93.2840 334.5777  1.98195705130791
0 COSMOS 1109 DEB
1 32977U 79058S   17278.45471763 -.00000516 +00000-0 +00000-0 0  9992
2 32977 068.9674 120.0474 6571686 093.2429 336.3056 01.98193320120933
0 COSMOS 1109 DEB
1 32977U 79058S   17280.48406950 -.00000233  00000-0  00000+0 0  9999
2 32977  68.9675 119.8930 6572385  93.1584 344.2486  1.98188874130850
0 COSMOS 1109 DEB
1 32977U 79058S   17281.48454073 -.00000080 +00000-0 +00000-0 0  9990
2 32977 068.9672 119.8166 6572482 093.1157 338.0744 01.98187088120990
0 COSMOS 1109 DEB
1 32977U 79058S   17282.48921183  .00000079  00000-0  00000+0 0  9998
2 32977  68.9671 119.7400 6572806  93.0736 334.8895  1.98185415130894
0 COSMOS 1109 DEB
1 32977U 79058S   17282.95409152 +.00000154 +00000-0 +00000-0 0  9992
2 32977 068.9671 119.7045 6573080 093.0562 306.5716 01.98184759121024
0 COSMOS 1109 DEB
1 32977U 79058S   17283.50831775 +.00000243 +00000-0 +00000-0 0  9993
2 32977 068.9671 119.6623 6573246 093.0327 341.9990 01.98184064121046
0 COSMOS 1109 DEB
1 32977U 79058S   17284.50132483  .00000404  00000-0  00000+0 0  9992
2 32977  68.9672 119.5866 6573627  92.9912 330.4843  1.98183082130933
0 COSMOS 1109 DEB
1 32977U 79058S   17285.50817918 +.00000566 +00000-0 +00000-0 0  9996
2 32977 068.9672 119.5098 6574018 092.9491 328.8461 01.98182429121073
0 COSMOS 1109 DEB
1 32977U 79058S   17286.99122757  .00000791  00000-0  00000+0 0  9999
2 32977  68.9675 119.3967 6574622  92.8873 306.9568  1.98182180130982
0 COSMOS 1109 DEB
1 32977U 79058S   17291.56681182 +.00001234 +00000-0 +00000-0 0  9994
2 32977 068.9696 119.0461 6576451 092.6975 331.5197 01.98186399121195
0 COSMOS 1109 DEB
1 32977U 79058S   17291.56681182  .00001234  00000-0  00000+0 0  9993
2 32977  68.9696 119.0461 6576451  92.6975 331.5197  1.98186399131073
0 COSMOS 1109 DEB
1 32977U 79058S   17292.56842029 +.00001259 +00000-0 +00000-0 0  9991
2 32977 068.9694 118.9701 6576929 092.6562 326.1559 01.98188264121218
0 COSMOS 1109 DEB
1 32977U 79058S   17300.62613455 +.00000680 +00000-0 +00000-0 0  9994
2 32977 068.9757 118.3525 6579830 092.3243 315.5317 01.98206965121373
0 COSMOS 1109 DEB
1 32977U 79058S   17300.62613455  .00000680  00000-0  00000+0 0  9993
2 32977  68.9757 118.3525 6579830  92.3243 315.5317  1.98206965131251
0 COSMOS 1109 DEB
1 32977U 79058S   17301.20992345 +.00000603 +00000-0 +00000-0 0  9992
2 32977 068.9765 118.3072 6579636 092.2987 012.0911 01.98207980121396
0 COSMOS 1109 DEB
1 32977U 79058S   17301.70740257  .00000535  00000-0  00000+0 0  9993
2 32977  68.9752 118.2713 6580012  92.2788   7.0728  1.98208859131287
0 COSMOS 1109 DEB
1 32977U 79058S   17302.71390725 +.00000392 +00000-0 +00000-0 0  9998
2 32977 068.9756 118.1942 6580370 092.2377 005.2819 01.98210591121427
0 COSMOS 1109 DEB
1 32977U 79058S   17303.72311907  .00000243  00000-0  00000+0 0  9999
2 32977  68.9764 118.1170 6580726  92.1966   5.4282  1.98212005131325
0 COSMOS 1109 DEB
1 32977U 79058S   17310.26996775 -.00000686  00000-0  00000+0 0  9990
2 32977  68.9811 117.6136 6583017  91.9339 357.1365  1.98212910131459
0 COSMOS 1109 DEB
1 32977U 79058S   17311.27909072 -.00000784 +00000-0 +00000-0 0  9996
2 32977 068.9831 117.5351 6583291 091.8924 357.2244 01.98211742121595
0 COSMOS 1109 DEB
1 32977U 79058S   17312.28816809 -.00000857  00000-0  00000+0 0  9993
2 32977  68.9839 117.4590 6583700  91.8514 357.2814  1.98209862131490
0 COSMOS 1109 DEB
1 32977U 79058S   17313.29734366 -.00000903 +00000-0 +00000-0 0  9995
2 32977 068.9821 117.3833 6584226 091.8105 357.3938 01.98208124121633
0 COSMOS 1109 DEB
1 32977U 79058S   17313.78359209 -.00000916 +00000-0 +00000-0 0  9992
2 32977 068.9784 117.3482 6584319 091.7900 344.3569 01.98207690121640
0 COSMOS 1109 DEB
1 32977U 79058S   17314.30664007 -.00000922  00000-0  00000+0 0  9992
2 32977  68.9790 117.3083 6584534  91.7684 357.5848  1.98206765131539
0 COSMOS 1109 DEB
1 32977U 79058S   17315.31588958 -.00000914 +00000-0 +00000-0 0  9996
2 32977 068.9794 117.2307 6584944 091.7272 357.7367 01.98204580121674
0 COSMOS 1109 DEB
1 32977U 79058S   17316.32587396 -.00000880  00000-0  00000+0 0  9994
2 32977  68.9794 117.1531 6585355  91.6861 358.4068  1.98202336131575
0 COSMOS 1109 DEB
1 32977U 79058S   17317.33592130 -.00000824 +00000-0 +00000-0 0  9997
2 32977 068.9794 117.0756 6585771 091.6449 359.1134 01.98199991121716
0 COSMOS 1109 DEB
1 32977U 79058S   17318.34409644 -.00000747  00000-0  00000+0 0  9999
2 32977  68.9793 116.9982 6586195  91.6039 358.4754  1.98197610131616
0 COSMOS 1109 DEB
1 32977U 79058S   17320.36323104 -.00000538  00000-0  00000+0 0  9998
2 32977  68.9791 116.8428 6587000  91.5213 359.1578  1.98192833131655
0 COSMOS 1109 DEB
1 32977U 79058S   17320.65339733 -.00000502 +00000-0 +00000-0 0  9997
2 32977 068.9805 116.8212 6587152 091.5096 206.1932 01.98192195121777
0 COSMOS 1109 DEB
1 32977U 79058S   17323.39327233 -.00000102  00000-0  00000+0 0  9998
2 32977  68.9803 116.6115 6588225  91.3970   1.0783  1.98186799131710
0 COSMOS 1109 DEB
1 32977U 79058S   17328.43914582  .00000771  00000-0  00000+0 0  9998
2 32977  68.9804 116.2224 6590104  91.1890   1.1781  1.98182354131819
0 COSMOS 1109 DEB
1 32977U 79058S   17336.51122473  .00001275  00000-0  00000+0 0  9996
2 32977  68.9816 115.6108 6593013  90.8495   0.4554  1.98192806131975
0 COSMOS 1109 DEB
1 32977U 79058S   17339.53924499 +.00001027 +00000-0 +00000-0 0  9995
2 32977 068.9840 115.3697 6594067 090.7259 001.0061 01.98199957122153
0 COSMOS 1109 DEB
1 32977U 79058S   17339.53924499  .00001027  00000-0  00000+0 0  9994
2 32977  68.9840 115.3697 6594067  90.7259   1.0061  1.98199957132031
0 COSMOS 1109 DEB
1 32977U 79058S   17341.55808061 +.00000785 +00000-0 +00000-0 0  9996
2 32977 068.9851 115.2148 6594847 090.6424 001.5272 01.98204598122195
0 COSMOS 1109 DEB
1 32977U 79058S   17341.55808061  .00000785  00000-0  00000+0 0  9995
2 32977  68.9851 115.2148 6594847  90.6424   1.5272  1.98204598132073
0 COSMOS 1109 DEB
1 32977U 79058S   17342.55125149 +.00000649 +00000-0 +00000-0 0  9995
2 32977 068.9856 115.1393 6595217 090.6035 350.2064 01.98206676122216
0 COSMOS 1109 DEB
1 32977U 79058S   17343.55740648 +.00000502 +00000-0 +00000-0 0  9991
2 32977 068.9863 115.0621 6595586 090.5624 348.1579 01.98208584122238
0 COSMOS 1109 DEB
1 32977U 79058S   17344.53257347 +.00000351 +00000-0 +00000-0 0  9991
2 32977 068.9866 114.9871 6595965 090.5242 324.0047 01.98210258132126
0 COSMOS 1109 DEB
1 32977U 79058S   17347.56229223 -.00000148 +00000-0 +00000-0 0  9994
2 32977 068.9879 114.7545 6597042 090.4011 325.9358 01.98213500122304
0 COSMOS 1109 DEB
1 32977U 79058S   17347.56229223 -.00000148  00000-0  00000+0 0  9993
2 32977  68.9879 114.7545 6597042  90.4011 325.9358  1.98213500132181
0 COSMOS 1109 DEB
1 32977U 79058S   17348.81947079 -.00000349 +00000-0 +00000-0 0  9992
2 32977 068.9881 114.6580 6597550 090.3512 143.0375 01.98214129122333
0 COSMOS 1109 DEB
1 32977U 79058S   17350.62665726 -.00000606 +00000-0 +00000-0 0  9996
2 32977 068.9884 114.5194 6598264 090.2778 352.6097 01.98213765122370
0 COSMOS 1109 DEB
1 32977U 79058S   17350.62665726 -.00000606  00000-0  00000+0 0  9995
2 32977  68.9884 114.5194 6598264  90.2778 352.6097  1.98213765132247
0 COSMOS 1109 DEB
1 32977U 79058S   17358.72636353 -.00000871  00000-0  00000+0 0  9992
2 32977  68.9871 113.8967 6601316  89.9456  12.2619  1.98200869132413
0 COSMOS 1109 DEB
1 32977U 79058S   18003.26758578  .00000372  00000-0  00000+0 0  9998
2 32977  68.9727 113.1609 6606952  89.5722 339.8655  1.98182372132597
0 COSMOS 1109 DEB
1 32977U 79058S   18004.30653194  .00000547  00000-0  00000+0 0  9996
2 32977  68.9898 113.1035 6606072  89.4907   1.0889  1.98179305132629
0 COSMOS 1109 DEB
1 32977U 79058S   18005.31708611  .00000707  00000-0  00000+0 0  9991
2 32977  68.9858 113.0005 6606623  89.5019   2.0930  1.98178837132647
0 COSMOS 1109 DEB
1 32977U 79058S   18013.38803382 +.00001143 +00000-0 +00000-0 0  9994
2 32977 068.9889 112.3722 6608855 089.1655 000.4417 01.98188620132801
0 COSMOS 1109 DEB
1 32977U 79058S   18014.40177280  .00001090  00000-0  00000+0 0  9999
2 32977  68.9933 112.2948 6609729  89.0964   3.7506  1.98191338132820
0 COSMOS 1109 DEB
1 32977U 79058S   18022.47249323 +.00000124 +00000-0 +00000-0 0  9991
2 32977 068.9914 111.6760 6613260 088.7607 002.4680 01.98207364132982
0 COSMOS 1109 DEB
1 32977U 79058S   18023.48211211 -.00000041 +00000-0 +00000-0 0  9997
2 32977 068.9913 111.5996 6613698 088.7188 002.8907 01.98208293123124
0 COSMOS 1109 DEB
1 32977U 79058S   18029.02399380 -.00000840 +00000-0 +00000-0 0  9994
2 32977 068.9923 111.1694 6616167 088.4937 357.3689 01.98207301133102
0 COSMOS 1109 DEB
1 32977U 79058S   18031.04250446 -.00000989 +00000-0 +00000-0 0  9992
2 32977 068.9921 111.0132 6617077 088.4112 357.6838 01.98204516133140
0 COSMOS 1109 DEB
1 32977U 79058S   18033.06100051 -.00001038  00000-0  00000+0 0  9997
2 32977  68.9914 110.8569 6618005  88.3285 357.9651  1.98200750133181
0 COSMOS 1109 DEB
1 32977U 79058S   18037.09884006 -.00000876  00000-0  00000+0 0  9992
2 32977  68.9925 110.5373 6620006  88.1719 359.0378  1.98191499133264
0 COSMOS 1109 DEB
1 32977U 79058S   18038.10791999 -.00000784 +00000-0 +00000-0 0  9992
2 32977 068.9908 110.4600 6620425 088.1288 359.0124 01.98189053123411
0 COSMOS 1109 DEB
1 32977U 79058S   18045.14661361  .00000353  00000-0  00000+0 0  9993
2 32977  68.9918 109.9141 6623705  87.8398 340.8851  1.98177008133421
0 COSMOS 1109 DEB
1 32977U 79058S   18045.17869738  .00000359  00000-0  00000+0 0  9990
2 32977  68.9894 109.9125 6623467  87.8295   3.7689  1.98176652133436
0 COSMOS 1109 DEB
1 32977U 79058S   18050.20101720  .00001088  00000-0  00000+0 0  9990
2 32977  68.9901 109.5200 6625630  87.6184 346.9215  1.98177534133521
0 COSMOS 1109 DEB
1 32977U 79058S   18059.30039490 +.00000806 +00000-0 +00000-0 0  9992
2 32977 068.9932 108.8102 6629588 087.2373 359.1578 01.98196593133704
0 COSMOS 1109 DEB
1 32977U 79058S   18059.82314584 +.00000741 +00000-0 +00000-0 0  9997
2 32977 068.9935 108.7695 6629823 087.2154 012.1507 01.98197762123843
0 COSMOS 1109 DEB
1 32977U 79058S   18060.31795623 +.00000676 +00000-0 +00000-0 0  9997
2 32977 068.9937 108.7309 6630041 087.1948 005.2107 01.98198891123855
0 COSMOS 1109 DEB
1 32977U 79058S   18061.32453131  .00000534  00000-0  00000+0 0  9996
2 32977  68.9944 108.6523 6630504  87.1527   3.4336  1.98201035133756
0 COSMOS 1109 DEB
1 32977U 79058S   18064.36078201 +.00000034 +00000-0 +00000-0 0  9990
2 32977 068.9958 108.4155 6631874 087.0279 009.9325 01.98205997133811
0 COSMOS 1109 DEB
1 32977U 79058S   18065.36858633 -.00000140 +00000-0 +00000-0 0  9995
2 32977 068.9964 108.3369 6632352 086.9864 009.0559 01.98207089123952
0 COSMOS 1109 DEB
1 32977U 79058S   18067.39268822 -.00000466 +00000-0 +00000-0 0  9996
2 32977 068.9970 108.1796 6633155 086.9031 013.3721 01.98208190133874
0 COSMOS 1109 DEB
1 32977U 79058S   18068.40201701 -.00000607 +00000-0 +00000-0 0  9999
2 32977 068.9975 108.1010 6633663 086.8617 013.5883 01.98208230124013
0 COSMOS 1109 DEB
1 32977U 79058S   18070.90253878 -.00000866 +00000-0 +00000-0 0  9996
2 32977 068.9980 107.9062 6634780 086.7588 357.8556 01.98206765124067
0 COSMOS 1109 DEB
1 32977U 79058S   18070.90253878 -.00000866  00000-0  00000+0 0  9995
2 32977  68.9980 107.9062 6634780  86.7588 357.8556  1.98206765133933
0 COSMOS 1109 DEB
1 32977U 79058S   18071.91166560 -.00000931 +00000-0 +00000-0 0  9992
2 32977 068.9984 107.8273 6635231 086.7177 357.9200 01.98205577124089
0 COSMOS 1109 DEB
1 32977U 79058S   18072.92073433 -.00000974 +00000-0 +00000-0 0  9997
2 32977 068.9982 107.7485 6635725 086.6753 357.9389 01.98204103124103
0 COSMOS 1109 DEB
1 32977U 79058S   18072.92073433 -.00000974  00000-0  00000+0 0  9996
2 32977  68.9982 107.7485 6635725  86.6753 357.9389  1.98204103133978
0 COSMOS 1109 DEB
1 32977U 79058S   18075.94875656 -.00000972  00000-0  00000+0 0  9996
2 32977  68.9983 107.5117 6637105  86.5509 358.5376  1.98198149134034
0 COSMOS 1109 DEB
1 32977U 79058S   18076.95798670 -.00000930 +00000-0 +00000-0 0  9993
2 32977 068.9982 107.4330 6637557 086.5092 358.6417 01.98195758124182
0 COSMOS 1109 DEB
1 32977U 79058S   18082.52302491 -.00000354 +00000-0 +00000-0 0  9995
2 32977 068.9976 107.0003 6640159 086.2759 009.2450 01.98182491124295
0 COSMOS 1109 DEB
1 32977U 79058S   18082.52302491 -.00000354  00000-0  00000+0 0  9994
2 32977  68.9976 107.0003 6640159  86.2759   9.2450  1.98182491134173
0 COSMOS 1109 DEB
1 32977U 79058S   18084.54776458 -.00000015 +00000-0 +00000-0 0  9991
2 32977 068.9967 106.8430 6641151 086.1908 013.8172 01.98178739134219
0 COSMOS 1109 DEB
1 32977U 79058S   18090.08917236  .00000911  00000-0  00000+0 0  9991
2 32977  68.9968 106.4092 6643978  85.9588   7.3084  1.98175596134320
0 COSMOS 1109 DEB
1 32977U 79058S   18090.60946392 +.00000971 +00000-0 +00000-0 0  9991
2 32977 068.9966 106.3689 6644235 085.9372 018.5066 01.98175893124454
0 COSMOS 1109 DEB
1 32977U 79058S   18091.10130062 +.00001022 +00000-0 +00000-0 0  9994
2 32977 068.9967 106.3303 6644479 085.9164 009.4055 01.98176320124461
0 COSMOS 1109 DEB
1 32977U 79058S   18092.11268199  .00001106  00000-0  00000+0 0  9991
2 32977  68.9969 106.2511 6644983  85.8739  10.9731  1.98177437134368
0 COSMOS 1109 DEB
1 32977U 79058S   18095.11536098  .00001211  00000-0  00000+0 0  9997
2 32977  68.9978 106.0155 6646509  85.7487 353.2581  1.98182703134419
0 COSMOS 1109 DEB
1 32977U 79058S   18095.63537993 +.00001210 +00000-0 +00000-0 0  9999
2 32977 068.9977 105.9743 6646846 085.7271 004.2790 01.98184067124558
0 COSMOS 1109 DEB
1 32977U 79058S   18096.12612260 +.00001204 +00000-0 +00000-0 0  9998
2 32977 068.9981 105.9356 6647107 085.7061 354.4067 01.98185010124568
0 COSMOS 1109 DEB
1 32977U 79058S   18096.64767667 +.00001192 +00000-0 +00000-0 0  9993
2 32977 068.9986 105.8950 6647384 085.6834 006.5254 01.98186311124575
0 COSMOS 1109 DEB
1 32977U 79058S   18097.65790053  .00001153  00000-0  00000+0 0  9996
2 32977  69.0000 105.8172 6647864  85.6350   7.3076  1.98188821134475
0 COSMOS 1109 DEB
1 32977U 79058S   18098.66939139 +.00001095 +00000-0 +00000-0 0  9994
2 32977 068.9998 105.7376 6648472 085.5943 008.9986 01.98191407124613
0 COSMOS 1109 DEB
1 32977U 79058S   18100.68135604  .00000920  00000-0  00000+0 0  9990
2 32977  69.0010 105.5801 6649475  85.5107   4.5495  1.98196430134537
0 COSMOS 1109 DEB
1 32977U 79058S   18102.19122017 +.00000740 +00000-0 +00000-0 0  9993
2 32977 069.0021 105.4619 6650231 085.4472 001.8719 01.98199938124681
0 COSMOS 1109 DEB
1 32977U 79058S   18103.20421054  .00000599  00000-0  00000+0 0  9990
2 32977  69.0026 105.3826 6650735  85.4053   4.6741  1.98202054134589
0 COSMOS 1109 DEB
1 32977U 79058S   18105.22482196  .00000281  00000-0  00000+0 0  9996
2 32977  69.0037 105.2254 6651763  85.3214   6.4665  1.98205435134621
0 COSMOS 1109 DEB
1 32977U 79058S   18109.75628910 -.00000460  00000-0  00000+0 0  9994
2 32977  69.0060 104.8745 6654233  85.1333 359.9227  1.98208212134707
0 COSMOS 1109 DEB
1 32977U 79058S   18110.76876872 -.00000597 +00000-0 +00000-0 0  9991
2 32977 069.0062 104.7962 6654827 085.0913 002.3868 01.98207898124855
0 COSMOS 1109 DEB
1 32977U 79058S   18114.81265326 -.00000926 +00000-0 +00000-0 0  9993
2 32977 069.0066 104.4778 6657013 084.9264 007.9098 01.98203445124937
0 COSMOS 1109 DEB
1 32977U 79058S   18114.81265326 -.00000926  00000-0  00000+0 0  9992
2 32977  69.0066 104.4778 6657013  84.9264   7.9098  1.98203445134815
0 COSMOS 1109 DEB
1 32977U 79058S   18116.32608189 -.00000964 +00000-0 +00000-0 0  9991
2 32977 069.0067 104.3611 6657962 084.8642 007.7961 01.98200575124966
0 COSMOS 1109 DEB
1 32977U 79058S   18116.81776470 -.00000968  00000-0  00000+0 0  9997
2 32977  69.0065 104.3260 6658374  84.8391 358.6238  1.98199427134849
0 COSMOS 1109 DEB
1 32977U 79058S   18118.34165778 -.00000949 +00000-0 +00000-0 0  9990
2 32977 069.0063 104.2053 6659320 084.7768 005.9605 01.98196296125004
0 COSMOS 1109 DEB
1 32977U 79058S   18119.35450816 -.00000910  00000-0  00000+0 0  9999
2 32977  69.0065 104.1249 6659867  84.7399   8.6397  1.98193898134900
0 COSMOS 1109 DEB
1 32977U 79058S   18120.35916699 -.00000848 +00000-0 +00000-0 0  9998
2 32977 069.0064 104.0460 6660499 084.7006 005.4648 01.98191447125048
0 COSMOS 1109 DEB
1 32977U 79058S   18121.36752816 -.00000759  00000-0  00000+0 0  9999
2 32977  69.0058 103.9670 6661155  84.6578   4.9263  1.98189120134946
0 COSMOS 1109 DEB
1 32977U 79058S   18123.39419316 -.00000500  00000-0  00000+0 0  9993
2 32977  69.0051 103.8078 6662347  84.5759  10.9122  1.98184470134982
0 COSMOS 1109 DEB
1 32977U 79058S   18123.88173663 -.00000423 +00000-0 +00000-0 0  9994
2 32977 069.0048 103.7701 6662703 084.5528 358.7597 01.98183399125113
0 COSMOS 1109 DEB
1 32977U 79058S   18126.42217228  .00000040  00000-0  00000+0 0  9996
2 32977  69.0046 103.5695 6664217  84.4514  11.2616  1.98178941135040
0 COSMOS 1109 DEB
1 32977U 79058S   18132.47129800  .00001061  00000-0  00000+0 0  9990
2 32977  69.0030 103.0923 6667866  84.1965   6.9734  1.98176238135164
0 COSMOS 1109 DEB
1 32977U 79058S   18133.51506865 +.00001162 +00000-0 +00000-0 0  9999
2 32977 069.0032 103.0099 6668471 084.1542 031.6464 01.98177187125308
0 COSMOS 1109 DEB
1 32977U 79058S   18135.00852372  .00001254  00000-0  00000+0 0  9993
2 32977  69.0032 102.8920 6669356  84.0918  17.1529  1.98179183135217
0 COSMOS 1109 DEB
1 32977U 79058S   18135.52087514 +.00001271 +00000-0 +00000-0 0  9998
2 32977 069.0032 102.8514 6669649 084.0702 022.6939 01.98180053125349
0 COSMOS 1109 DEB
1 32977U 79058S   18139.55321819  .00001189  00000-0  00000+0 0  9991
2 32977  69.0046 102.5330 6672253  83.9011  19.6574  1.98188793135300
0 COSMOS 1109 DEB
1 32977U 79058S   18140.58492691 +.00001113 +00000-0 +00000-0 0  9991
2 32977 069.0049 102.4514 6672885 083.8587 035.7740 01.98191335125448
0 COSMOS 1109 DEB
1 32977U 79058S   18146.62902919 +.00000251 +00000-0 +00000-0 0  9993
2 32977 069.0068 101.9730 6676729 083.6117 028.3862 01.98204732125563
0 COSMOS 1109 DEB
1 32977U 79058S   18146.62902919  .00000251  00000-0  00000+0 0  9992
2 32977  69.0068 101.9730 6676729  83.6117  28.3862  1.98204732135441
0 COSMOS 1109 DEB
1 32977U 79058S   18154.65899723 -.00000864  00000-0  00000+0 0  9993
2 32977  69.0090 101.3365 6682026  83.2854 358.2111  1.98206686135593
0 COSMOS 1109 DEB
1 32977U 79058S   18155.66835337 -.00000924 +00000-0 +00000-0 0  9994
2 32977 069.0083 101.2562 6682644 083.2447 358.4371 01.98205381125744
0 COSMOS 1109 DEB
1 32977U 79058S   18159.21421201 -.00000987  00000-0  00000+0 0  9998
2 32977  69.0070 100.9737 6684919  83.1015   8.5329  1.98198557135694
0 COSMOS 1109 DEB
1 32977U 79058S   18165.26434750 -.00000498 +00000-0 +00000-0 0  9991
2 32977 069.0027 100.4908 6689436 082.8565 005.2805 01.98183796135801
0 COSMOS 1109 DEB
1 32977U 79058S   18166.76992719 -.00000254 +00000-0 +00000-0 0  9991
2 32977 069.0027 100.3695 6690292 082.7949 359.4613 01.98180748125961
0 COSMOS 1109 DEB
1 32977U 79058S   18168.29464229  .00000023  00000-0  00000+0 0  9993
2 32977  69.0022 100.2466 6691280  82.7327   7.2767  1.98178225135875
0 COSMOS 1109 DEB
1 32977U 79058S   18172.34342740 +.00000708 +00000-0 +00000-0 0  9998
2 32977 069.0015 099.9204 6693627 082.5672 015.8618 01.98175663135951
0 COSMOS 1109 DEB
1 32977U 79058S   18172.81139602 +.00000770 +00000-0 +00000-0 0  9990
2 32977 069.0015 099.8824 6693909 082.5481 349.7322 01.98175887126082
0 COSMOS 1109 DEB
1 32977U 79058S   18173.83552748 +.00000888 +00000-0 +00000-0 0  9993
2 32977 069.0019 099.7992 6694589 082.5056 000.3900 01.98176431126105
0 COSMOS 1109 DEB
1 32977U 79058S   18174.84476993  .00000982  00000-0  00000+0 0  9996
2 32977  69.0019  99.7175 6695194  82.4643   0.4287  1.98177419135995
0 COSMOS 1109 DEB
1 32977U 79058S   18175.85386591 +.00001055 +00000-0 +00000-0 0  9995
2 32977 069.0019 099.6359 6695796 082.4221 000.3710 01.98178976126144
0 COSMOS 1109 DEB
1 32977U 79058S   18175.85386591 +.00001055 +00000-0 +00000-0 0  9995
2 32977 069.0019 099.6359 6695796 082.4221 000.3710 01.98178976136011
0 COSMOS 1109 DEB
1 32977U 79058S   18181.41389696 +.00001088 +00000-0 +00000-0 0  9999
2 32977 069.0016 099.1865 6699053 082.1938 007.3017 01.98192006136126
0 COSMOS 1109 DEB
1 32977U 79058S   18182.44122727 +.00001017 +00000-0 +00000-0 0  9995
2 32977 069.0017 099.1035 6699646 082.1518 020.3016 01.98194737126270
0 COSMOS 1109 DEB
1 32977U 79058S   18187.47793194  .00000349  00000-0  00000+0 0  9991
2 32977  69.0024  98.6954 6702605  81.9480  14.1517  1.98207363136253
0 COSMOS 1109 DEB
1 32977U 79058S   18195.52805061 -.00000876  00000-0  00000+0 0  9999
2 32977  69.0015  98.0420 6707200  81.6243 358.4619  1.98212257136407
0 COSMOS 1109 DEB
1 32977U 79058S   18196.53739840 -.00000962 +00000-0 +00000-0 0  9999
2 32977 069.0013 097.9597 6707803 081.5839 358.7000 01.98211242126552
0 COSMOS 1109 DEB
1 32977U 79058S   18202.59357426 -.00001115 +00000-0 +00000-0 0  9990
2 32977 068.9995 097.4659 6711233 081.3371 000.0773 01.98199991126677
0 COSMOS 1109 DEB
1 32977U 79058S   18202.59357426 -.00001115  00000-0  00000+0 0  9999
2 32977  68.9995  97.4659 6711233  81.3371   0.0773  1.98199991136544
0 COSMOS 1109 DEB
1 32977U 79058S   18203.60726385 -.00001055 +00000-0 +00000-0 0  9990
2 32977 068.9991 097.3828 6711811 081.2966 003.3701 01.98197698126692
0 COSMOS 1109 DEB
1 32977U 79058S   18205.62085891 -.00000841 +00000-0 +00000-0 0  9996
2 32977 068.9990 097.2186 6712947 081.2153 000.0888 01.98192934136606
0 COSMOS 1109 DEB
1 32977U 79058S   18206.12356696 -.00000769 +00000-0 +00000-0 0  9995
2 32977 068.9987 097.1774 6713228 081.1955 358.7700 01.98191770126743
0 COSMOS 1109 DEB
1 32977U 79058S   18211.66220844  .00000257  00000-0  00000+0 0  9995
2 32977  68.9951  96.7230 6716268  80.9683 350.4736  1.98182473136725
0 COSMOS 1109 DEB
1 32977U 79058S   18212.67139394 +.00000441 +00000-0 +00000-0 0  9992
2 32977 068.9947 096.6397 6716817 080.9266 350.4886 01.98181688126878
0 COSMOS 1109 DEB
1 32977U 79058S   18215.23956646  .00000830  00000-0  00000+0 0  9995
2 32977  68.9931  96.4283 6718187  80.8185  22.7760  1.98181361136806
0 COSMOS 1109 DEB
1 32977U 79058S   18218.26819722  .00001097  00000-0  00000+0 0  9990
2 32977  68.9912  96.1784 6719707  80.6926  23.6030  1.98184460136867
0 COSMOS 1109 DEB
1 32977U 79058S   18226.35373001  .00000729  00000-0  00000+0 0  9995
2 32977  68.9955  95.5121 6723880  80.3579  32.6669  1.98203493137025
0 COSMOS 1109 DEB
1 32977U 79058S   18226.82096904 +.00000657 +00000-0 +00000-0 0  9992
2 32977 068.9965 095.4729 6724357 080.3374 006.0599 01.98204650127158
0 COSMOS 1109 DEB
1 32977U 79058S   18227.82580703 +.00000490 +00000-0 +00000-0 0  9993
2 32977 068.9943 095.3897 6724924 080.2957 003.0605 01.98206981127171
0 COSMOS 1109 DEB
1 32977U 79058S   18229.84428872 +.00000127 +00000-0 +00000-0 0  9992
2 32977 068.9943 095.2232 6725983 080.2132 003.3679 01.98210944127217
0 COSMOS 1109 DEB
1 32977U 79058S   18229.84428872  .00000127  00000-0  00000+0 0  9991
2 32977  68.9943  95.2232 6725983  80.2132   3.3679  1.98210944137083
0 COSMOS 1109 DEB
1 32977U 79058S   18235.35981259 -.00000701  00000-0  00000+0 0  9996
2 32977  68.9942  94.7690 6728873  79.9882 339.1187  1.98215158137190
0 COSMOS 1109 DEB
1 32977U 79058S   18236.37264378 -.00000805 +00000-0 +00000-0 0  9991
2 32977 068.9942 094.6853 6729427 079.9474 341.8548 01.98214712127334
0 COSMOS 1109 DEB
1 32977U 79058S   18238.41467556 -.00000971  00000-0  00000+0 0  9994
2 32977  68.9944  94.5169 6730559  79.8641 358.9995  1.98212737137250
0 COSMOS 1109 DEB
1 32977U 79058S   18239.42368804 -.00001030 +00000-0 +00000-0 0  9990
2 32977 068.9946 094.4335 6731075 079.8230 359.0001 01.98211269127409
0 COSMOS 1109 DEB
1 32977U 79058S   18240.43290736 -.00001073 +00000-0 +00000-0 0  9998
2 32977 068.9947 094.3503 6731589 079.7816 359.1422 01.98209492137296
0 COSMOS 1109 DEB
1 32977U 79058S   18241.91274786 -.00001102 +00000-0 +00000-0 0  9992
2 32977 068.9939 094.2280 6732389 079.7217 335.0903 01.98206469127446
0 COSMOS 1109 DEB
1 32977U 79058S   18243.46048563 -.00001083  00000-0  00000+0 0  9993
2 32977  68.9938  94.1001 6733230  79.6585 359.4678  1.98202831137357
0 COSMOS 1109 DEB
1 32977U 79058S   18244.47011670 -.00001040 +00000-0 +00000-0 0  9998
2 32977 068.9927 094.0167 6733806 079.6170 359.8725 01.98200339127500
0 COSMOS 1109 DEB
1 32977U 79058S   18249.96979900 -.00000347 +00000-0 +00000-0 0  9995
2 32977 068.9896 093.5596 6736984 079.3910 323.9170 01.98187077127604
0 COSMOS 1109 DEB
1 32977U 79058S   18249.96979900 -.00000347  00000-0  00000+0 0  9994
2 32977  68.9896  93.5596 6736984  79.3910 323.9170  1.98187077137481
0 COSMOS 1109 DEB
1 32977U 79058S   18250.49025799 -.00000252 +00000-0 +00000-0 0  9998
2 32977 068.9897 093.5157 6737313 079.3700 335.2535 01.98186038127610
0 COSMOS 1109 DEB
1 32977U 79058S   18253.53480529  .00000305  00000-0  00000+0 0  9999
2 32977  68.9892  93.2637 6739030  79.2450 347.4414  1.98181710137551
0 COSMOS 1109 DEB
1 32977U 79058S   18256.58071683 +.00000757 +00000-0 +00000-0 0  9996
2 32977 068.9872 093.0101 6740708 079.1172 000.5733 01.98180838127748
0 COSMOS 1109 DEB
1 32977U 79058S   18256.58071683  .00000757  00000-0  00000+0 0  9995
2 32977  68.9872  93.0101 6740708  79.1172   0.5733  1.98180838137615
0 COSMOS 1109 DEB
1 32977U 79058S   18261.09327330  .00001166  00000-0  00000+0 0  9995
2 32977  68.9856  92.6325 6743336  78.9325 340.1315  1.98186645137708
0 COSMOS 1109 DEB
1 32977U 79058S   18262.11076253 +.00001203 +00000-0 +00000-0 0  9997
2 32977 068.9856 092.5467 6743932 078.8916 346.0896 01.98188766127851
0 COSMOS 1109 DEB
1 32977U 79058S   18262.63729155 +.00001211 +00000-0 +00000-0 0  9999
2 32977 068.9844 092.5021 6744225 078.8721 001.7593 01.98189942127861
0 COSMOS 1109 DEB
1 32977U 79058S   18263.64664171 +.00001206 +00000-0 +00000-0 0  9991
2 32977 068.9854 092.4184 6744719 078.8300 001.9250 01.98192447137757
0 COSMOS 1109 DEB
1 32977U 79058S   18269.67181067  .00000598  00000-0  00000+0 0  9990
2 32977  68.9899  91.9138 6747796  78.5802 341.0424  1.98207387137875
0 COSMOS 1109 DEB
1 32977U 79058S   18270.68501541 +.00000429 +00000-0 +00000-0 0  9990
2 32977 068.9883 091.8295 6748402 078.5391 344.0185 01.98209334128016
0 COSMOS 1109 DEB
1 32977U 79058S   18271.70148611  .00000252  00000-0  00000+0 0  9992
2 32977  68.9904  91.7438 6748912  78.4987 349.3338  1.98211027137913
0 COSMOS 1109 DEB
1 32977U 79058S   18272.73077486 +.00000073 +00000-0 +00000-0 0  9999
2 32977 068.9919 091.6578 6749434 078.4556 003.8022 01.98212449128062
0 COSMOS 1109 DEB
1 32977U 79058S   18280.28709819 -.00000896  00000-0  00000+0 0  9993
2 32977  68.9873  91.0246 6753778  78.1578 355.8106  1.98211851138086
0 COSMOS 1109 DEB
1 32977U 79058S   18281.30101137 -.00000976 +00000-0 +00000-0 0  9996
2 32977 068.9860 090.9388 6754276 078.1162 359.3049 01.98210344128237
0 COSMOS 1109 DEB
1 32977U 79058S   18285.33774397 -.00001081  00000-0  00000+0 0  9994
2 32977  68.9817  90.5973 6756485  77.9583 359.7115  1.98202264138188
0 COSMOS 1109 DEB
1 32977U 79058S   18293.41178258  .00000054  00000-0  00000+0 0  9994
2 32977  68.9786  89.9173 6760984  77.6300   0.5281  1.98184305138348
0 COSMOS 1109 DEB
1 32977U 79058S   18294.40834741 +.00000243 +00000-0 +00000-0 0  9991
2 32977 068.9778 089.8331 6761523 077.5901 351.5426 01.98182817128491
0 COSMOS 1109 DEB
1 32977U 79058S   18295.41738943  .00000429  00000-0  00000+0 0  9995
2 32977  68.9771  89.7476 6762060  77.5489 351.4558  1.98181723138380
0 COSMOS 1109 DEB
1 32977U 79058S   18297.43572382 +.00000763 +00000-0 +00000-0 0  9994
2 32977 068.9825 089.6048 6763103 077.4756 351.4635 01.98181144128550
0 COSMOS 1109 DEB
1 32977U 79058S   18297.43572382  .00000763  00000-0  00000+0 0  9993
2 32977  68.9825  89.6048 6763103  77.4756 351.4635  1.98181144138427
0 COSMOS 1109 DEB
1 32977U 79058S   18306.51210845  .00001238  00000-0  00000+0 0  9994
2 32977  68.9719  88.8162 6767971  77.0907 347.2029  1.98194323138601
0 COSMOS 1109 DEB
1 32977U 79058S   18307.52352998 +.00001145 +00000-0 +00000-0 0  9990
2 32977 068.9728 088.7273 6768402 077.0503 348.8518 01.98196455128758
0 COSMOS 1109 DEB
1 32977U 79058S   18307.52352998  .00001145  00000-0  00000+0 0  9999
2 32977  68.9728  88.7273 6768402  77.0503 348.8518  1.98196455138625
0 COSMOS 1109 DEB
1 32977U 79058S   18309.53557793  .00000871  00000-0  00000+0 0  9997
2 32977  68.9733  88.5561 6769477  76.9719 344.4950  1.98202267138664
0 COSMOS 1109 DEB
1 32977U 79058S   18310.53242988 +.00000704 +00000-0 +00000-0 0  9992
2 32977 068.9743 088.4709 6769962 076.9324 335.7878 01.98205168128809
0 COSMOS 1109 DEB
1 32977U 79058S   18311.54395993  .00000525  00000-0  00000+0 0  9999
2 32977  68.9733  88.3876 6770523  76.8895 337.5723  1.98207149138709
0 COSMOS 1109 DEB
1 32977U 79058S   18312.55494230 +.00000344 +00000-0 +00000-0 0  9995
2 32977 068.9734 088.3017 6771026 076.8493 338.9639 01.98209288128841
0 COSMOS 1109 DEB
1 32977U 79058S   18313.56695598  .00000168  00000-0  00000+0 0  9990
2 32977  68.9733  88.2160 6771511  76.8092 341.0976  1.98211110138748
0 COSMOS 1109 DEB
1 32977U 79058S   18316.59816865 -.00000297  00000-0  00000+0 0  9992
2 32977  68.9730  87.9598 6773073  76.6899 344.0834  1.98214491138802
0 COSMOS 1109 DEB
1 32977U 79058S   18320.64215946 -.00000774  00000-0  00000+0 0  9996
2 32977  68.9695  87.6181 6775086  76.5273 349.7754  1.98213494138881
0 COSMOS 1109 DEB
1 32977U 79058S   18328.22429302 -.00000991  00000-0  00000+0 0  9992
2 32977  68.9650  86.9746 6778863  76.2237 359.9989  1.98198232139037
0 COSMOS 1109 DEB
1 32977U 79058S   18336.29776840  .00000170  00000-0  00000+0 0  9998
2 32977  68.9572  86.2848 6783051  75.8946   0.2680  1.98179459139194
0 COSMOS 1109 DEB
1 32977U 79058S   18337.30731339 +.00000329 +00000-0 +00000-0 0  9992
2 32977 068.9569 086.1981 6783542 075.8610 000.5215 01.98178075129346
0 COSMOS 1109 DEB
1 32977U 79058S   18337.30731339  .00000329  00000-0  00000+0 0  9991
2 32977  68.9569  86.1981 6783542  75.8610   0.5215  1.98178075139213
0 COSMOS 1109 DEB
1 32977U 79058S   18341.34080385  .00000893  00000-0  00000+0 0  9994
2 32977  68.9509  85.8444 6785538  75.7217 358.1814  1.98177362139299
0 COSMOS 1109 DEB
1 32977U 79058S   18349.42021819  .00001023  00000-0  00000+0 0  9994
2 32977  68.9511  85.1625 6789347  75.3618   2.5582  1.98192063139454
0 COSMOS 1109 DEB
1 32977U 79058S   18350.42989036  .00000899  00000-0  00000+0 0  9990
2 32977  68.9387  85.0484 6789687  75.3784   2.9517  1.98194186139470
0 COSMOS 1109 DEB
1 32977U 79058S   18363.03891161 -.00001003  00000-0  00000+0 0  9991
2 32977  68.9389  83.9627 6795926  74.8438 359.9317  1.98203365139722
0 COSMOS 1109 DEB
1 32977U 79058S   18364.05041970 -.00001108  00000-0  00000+0 0  9995
2 32977  68.9421  83.9024 6796408  74.7755   1.6784  1.98201823139745
0 COSMOS 1109 DEB
1 32977U 79058S   19002.07603427 -.00001285  00000-0  00000+0 0  9994
2 32977  68.9336  83.6181 6798152  74.7083   0.5147  1.98196063139800
0 COSMOS 1109 DEB
1 32977U 79058S   19003.08545979 -.00001278  00000-0  00000+0 0  9995
2 32977  68.9361  83.5457 6798582  74.6471   0.7461  1.98193658139820
0 COSMOS 1109 DEB
1 32977U 79058S   19004.09467333 -.00001235  00000-0  00000+0 0  9997
2 32977  68.9386  83.4717 6799027  74.5896   0.8166  1.98191113139849
0 COSMOS 1109 DEB
1 32977U 79058S   19005.10385604 -.00001157 +00000-0 +00000-0 0  9994
2 32977 068.9372 083.3873 6799491 074.5424 000.8557 01.98188511129995
0 COSMOS 1109 DEB
1 32977U 79058S   19006.11875330 -.00001048  00000-0  00000+0 0  9994
2 32977  68.9361  83.3028 6799965  74.4969   4.9619  1.98185824139881
0 COSMOS 1109 DEB
1 32977U 79058S   19013.16545215  .00000126  00000-0  00000+0 0  9998
2 32977  68.9306  82.6933 6803537  74.1990 352.3749  1.98170418140024
0 COSMOS 1109 DEB
1 32977U 79058S   19014.17467126 +.00000303 +00000-0 +00000-0 0  9992
2 32977 068.9304 082.6071 6804048 074.1561 352.3697 01.98169373130172
0 COSMOS 1109 DEB
1 32977U 79058S   19018.22025235  .00000903  00000-0  00000+0 0  9998
2 32977  68.9320  82.2628 6806208  73.9934 358.5359  1.98169200140123
0 COSMOS 1109 DEB
1 32977U 79058S   19020.24058058 +.00001093 +00000-0 +00000-0 0  9994
2 32977 068.9315 082.0894 6807260 073.9078 359.8776 01.98171819140168
0 COSMOS 1109 DEB
1 32977U 79058S   19023.23954767  .00001148  00000-0  00000+0 0  9998
2 32977  68.9310  81.8295 6808761  73.7842 339.4422  1.98178064140227
0 COSMOS 1109 DEB
1 32977U 79058S   19027.81782417  .00000635  00000-0  00000+0 0  9997
2 32977  68.9332  81.4332 6811076  73.5985   5.8992  1.98190408140310
0 COSMOS 1109 DEB
1 32977U 79058S   19035.38252321 -.00000520  00000-0  00000+0 0  9998
2 32977  68.9269  80.7783 6815089  73.2869   3.4323  1.98202505140467
0 COSMOS 1109 DEB
1 32977U 79058S   19036.88875152 -.00000712 +00000-0 +00000-0 0  9991
2 32977 068.9264 080.6480 6815848 073.2262 358.1747 01.98202523130622
0 COSMOS 1109 DEB
1 32977U 79058S   19041.93699296 -.00001175  00000-0  00000+0 0  9999
2 32977  68.9240  80.2113 6818499  73.0209   0.2194  1.98196804140591
0 COSMOS 1109 DEB
1 32977U 79058S   19042.94639664 -.00001207 +00000-0 +00000-0 0  9991
2 32977 068.9229 080.1239 6819073 072.9815 000.4377 01.98194788130746
0 COSMOS 1109 DEB
1 32977U 79058S   19043.95583758 -.00001212  00000-0  00000+0 0  9990
2 32977  68.9220  80.0363 6819634  72.9405   0.6751  1.98192534140636
0 COSMOS 1109 DEB
1 32977U 79058S   19044.96500983 -.00001186 +00000-0 +00000-0 0  9992
2 32977 068.9221 079.9503 6820178 072.8980 000.7126 01.98190218130781
0 COSMOS 1109 DEB
1 32977U 79058S   19045.97410226 -.00001129  00000-0  00000+0 0  9990
2 32977  68.9213  79.8627 6820746  72.8570   0.6835  1.98187722140675
0 COSMOS 1109 DEB
1 32977U 79058S   19046.98358816 -.00001043 +00000-0 +00000-0 0  9994
2 32977 068.9205 079.7754 6821315 072.8157 000.9269 01.98185176130821
0 COSMOS 1109 DEB
1 32977U 79058S   19047.99280234 -.00000929 +00000-0 +00000-0 0  9996
2 32977 068.9199 079.6848 6821912 072.7806 000.9662 01.98182617140712
0 COSMOS 1109 DEB
1 32977U 79058S   19049.52849587 -.00000716  00000-0  00000+0 0  9992
2 32977  68.9181  79.5527 6822769  72.7116  16.6131  1.98178779140743
0 COSMOS 1109 DEB
1 32977U 79058S   19051.54338654 -.00000399  00000-0  00000+0 0  9992
2 32977  68.9164  79.3775 6823920  72.6290  14.1164  1.98174284140789
0 COSMOS 1109 DEB
1 32977U 79058S   19055.04590295  .00000177  00000-0  00000+0 0  9995
2 32977  68.9138  79.0710 6825907  72.4855 352.8834  1.98168902140852
0 COSMOS 1109 DEB
1 32977U 79058S   19055.57506737 +.00000266 +00000-0 +00000-0 0  9991
2 32977 068.9137 079.0248 6826210 072.4646 010.3957 01.98168487130997
0 COSMOS 1109 DEB
1 32977U 79058S   19058.07411697  .00000683  00000-0  00000+0 0  9991
2 32977  68.9114  78.8072 6827650  72.3626 353.2404  1.98168057140912
0 COSMOS 1109 DEB
1 32977U 79058S   19059.61876205 +.00000919 +00000-0 +00000-0 0  9995
2 32977 068.9109 078.6722 6828541 072.2989 015.2065 01.98169138131073
0 COSMOS 1109 DEB
1 32977U 79058S   19060.10013616  .00000983  00000-0  00000+0 0  9990
2 32977  68.9111  78.6296 6828833  72.2789 358.6251  1.98169673140956
0 COSMOS 1109 DEB
1 32977U 79058S   19061.11912580 +.00001101 +00000-0 +00000-0 0  9994
2 32977 068.9107 078.5400 6829424 072.2374 005.5890 01.98171154131105
0 COSMOS 1109 DEB
1 32977U 79058S   19063.12703693  .00001236  00000-0  00000+0 0  9998
2 32977  68.9103  78.3638 6830553  72.1541 358.0833  1.98174978141013
0 COSMOS 1109 DEB
1 32977U 79058S   19064.14001896 +.00001247 +00000-0 +00000-0 0  9990
2 32977 068.9102 078.2753 6831104 072.1121 000.7816 01.98177314131160
0 COSMOS 1109 DEB
1 32977U 79058S   19065.14941142  .00001220  00000-0  00000+0 0  9998
2 32977  68.9102  78.1872 6831658  72.0700   0.9293  1.98179889141056
0 COSMOS 1109 DEB
1 32977U 79058S   19068.17715178  .00000945  00000-0  00000+0 0  9995
2 32977  68.9100  77.9232 6833330  71.9444   1.1148  1.98187959141119
0 COSMOS 1109 DEB
1 32977U 79058S   19069.18619257 +.00000806 +00000-0 +00000-0 0  9995
2 32977 068.9101 077.8359 6833950 071.9002 001.0487 01.98190540131267
0 COSMOS 1109 DEB
1 32977U 79058S   19074.22502896  .00000013  00000-0  00000+0 0  9995
2 32977  68.9101  77.3968 6836774  71.6944 356.3047  1.98200511141233
0 COSMOS 1109 DEB
1 32977U 79058S   19074.75567598 -.00000068 +00000-0 +00000-0 0  9995
2 32977 068.9103 077.3512 6837110 071.6723 014.9380 01.98201227131376
0 COSMOS 1109 DEB
1 32977U 79058S   19080.29932363 -.00000851  00000-0  00000+0 0  9996
2 32977  68.9095  76.8699 6840403  71.4499  10.4992  1.98201445141354
0 COSMOS 1109 DEB
1 32977U 79058S   19086.85000003 -.00001114 +00000-0 +00000-0 0  9995
2 32977 068.9071 076.3010 6844560 071.1862 004.4737 01.98190191131612
0 COSMOS 1109 DEB
1 32977U 79058S   19086.85000003 -.00001114  00000-0  00000+0 0  9994
2 32977  68.9071  76.3010 6844560  71.1862   4.4737  1.98190191141488
0 COSMOS 1109 DEB
1 32977U 79058S   19089.88825001 -.00000795 +00000-0 +00000-0 0  9998
2 32977 068.9052 076.0343 6846426 071.0662 012.1831 01.98182845131671
0 COSMOS 1109 DEB
1 32977U 79058S   19089.88825001 -.00000795  00000-0  00000+0 0  9997
2 32977  68.9052  76.0343 6846426  71.0662  12.1831  1.98182845141548
0 COSMOS 1109 DEB
1 32977U 79058S   19090.89543306 -.00000652 +00000-0 +00000-0 0  9998
2 32977 068.9032 075.9461 6847213 071.0215 010.7622 01.98180374131696
0 COSMOS 1109 DEB
1 32977U 79058S   19090.89543306 -.00000652 +00000-0 +00000-0 0  9998
2 32977 068.9032 075.9461 6847213 071.0215 010.7622 01.98180374141563
0 COSMOS 1109 DEB
1 32977U 79058S   19096.44307606  .00000300  00000-0  00000+0 0  9994
2 32977  68.8998  75.4601 6850724  70.7994   8.6152  1.98169806141678
0 COSMOS 1109 DEB
1 32977U 79058S   19098.46841823  .00000662  00000-0  00000+0 0  9993
2 32977  68.8983  75.2827 6852061  70.7148  13.5170  1.98168443141713
0 COSMOS 1109 DEB
1 32977U 79058S   19099.47897378 +.00000831 +00000-0 +00000-0 0  9990
2 32977 068.8974 075.1942 6852750 070.6718 014.4563 01.98168410131862
0 COSMOS 1109 DEB
1 32977U 79058S   19101.98024521  .00001174  00000-0  00000+0 0  9992
2 32977  68.8969  74.9742 6854506  70.5650 358.8903  1.98170139141782
0 COSMOS 1109 DEB
1 32977U 79058S   19102.98953260 +.00001268 +00000-0 +00000-0 0  9999
2 32977 068.8966 074.8855 6855161 070.5237 358.9359 01.98171688131934
0 COSMOS 1109 DEB
1 32977U 79058S   19104.00705722  .00001326  00000-0  00000+0 0  9996
2 32977  68.8960  74.7964 6855788  70.4827   4.8629  1.98173580141826
0 COSMOS 1109 DEB
1 32977U 79058S   19105.54917792 +.00001334 +00000-0 +00000-0 0  9998
2 32977 068.8954 074.6609 6856761 070.4213 025.0650 01.98177116131989
0 COSMOS 1109 DEB
1 32977U 79058S   19106.03227449 +.00001316 +00000-0 +00000-0 0  9996
2 32977 068.8952 074.6185 6857060 070.4025 009.7244 01.98178250141866
0 COSMOS 1109 DEB
1 32977U 79058S   19107.04424191 +.00001248 +00000-0 +00000-0 0  9995
2 32977 068.8950 074.5295 6857696 070.3615 011.7120 01.98180950132017
0 COSMOS 1109 DEB
1 32977U 79058S   19109.04784348  .00001016  00000-0  00000+0 0  9992
2 32977  68.8945  74.3532 6858943  70.2807   1.2047  1.98186389141925
0 COSMOS 1109 DEB
1 32977U 79058S   19112.07549475  .00000552  00000-0  00000+0 0  9993
2 32977  68.8940  74.0867 6860839  70.1594   1.4002  1.98194595141984
0 COSMOS 1109 DEB
1 32977U 79058S   19112.60363830 +.00000470 +00000-0 +00000-0 0  9991
2 32977 068.8940 074.0401 6861178 070.1385 018.2365 01.98196000132120
0 COSMOS 1109 DEB
1 32977U 79058S   19113.59598358 +.00000317 +00000-0 +00000-0 0  9995
2 32977 068.8939 073.9529 6861817 070.0986 006.2817 01.98198008132144
0 COSMOS 1109 DEB
1 32977U 79058S   19121.65946704 -.00000837  00000-0  00000+0 0  9990
2 32977  68.8910  73.2430 6866940  69.7776 359.8215  1.98202852142177
0 COSMOS 1109 DEB
1 32977U 79058S   19122.17440302 -.00000895 +00000-0 +00000-0 0  9996
2 32977 068.8906 073.1976 6867265 069.7572 007.2393 01.98202181132312
0 COSMOS 1109 DEB
1 32977U 79058S   19122.17440302 -.00000895  00000-0  00000+0 0  9995
2 32977  68.8906  73.1976 6867265  69.7572   7.2393  1.98202181142188
0 COSMOS 1109 DEB
1 32977U 79058S   19125.69713508 -.00001135  00000-0  00000+0 0  9994
2 32977  68.8877  72.8874 6869635  69.6166   0.7791  1.98196574142255
0 COSMOS 1109 DEB
1 32977U 79058S   19126.70623944 -.00001143 +00000-0 +00000-0 0  9991
2 32977 068.8866 072.7980 6870310 069.5758 000.7786 01.98194357132405
0 COSMOS 1109 DEB
1 32977U 79058S   19129.22759442 -.00001034  00000-0  00000+0 0  9992
2 32977  68.8842  72.5748 6871954  69.4763 359.7404  1.98188277142329
0 COSMOS 1109 DEB
1 32977U 79058S   19130.78308937 -.00000887 +00000-0 +00000-0 0  9990
2 32977 068.8827 072.4366 6872962 069.4148 029.5438 01.98184356132483
0 COSMOS 1109 DEB
1 32977U 79058S   19133.28399560 -.00000576  00000-0  00000+0 0  9994
2 32977  68.8798  72.2143 6874586  69.3159  13.8251  1.98178194142401
0 COSMOS 1109 DEB
1 32977U 79058S   19135.30489953 -.00000287  00000-0  00000+0 0  9994
2 32977  68.8771  72.0332 6876121  69.2356  15.6089  1.98173922142442
0 COSMOS 1109 DEB
1 32977U 79058S   19137.79690990  .00000118  00000-0  00000+0 0  9996
2 32977  68.8744  71.8107 6877841  69.1357 353.4636  1.98170371142490
0 COSMOS 1109 DEB
1 32977U 79058S   19140.36292854  .00000582  00000-0  00000+0 0  9995
2 32977  68.8723  71.5811 6879452  69.0311  24.0922  1.98169109142558
0 COSMOS 1109 DEB
1 32977U 79058S   19141.37041931 +.00000758 +00000-0 +00000-0 0  9991
2 32977 068.8716 071.4909 6880074 068.9901 022.8479 01.98169445132692
0 COSMOS 1109 DEB
1 32977U 79058S   19142.35912345 +.00000913 +00000-0 +00000-0 0  9999
2 32977 068.8705 071.4021 6880749 068.9506 008.2040 01.98170349132715
0 COSMOS 1109 DEB
1 32977U 79058S   19143.41466990  .00001052  00000-0  00000+0 0  9991
2 32977  68.8687  71.3077 6881303  68.9084  41.2441  1.98171413142617
0 COSMOS 1109 DEB
1 32977U 79058S   19143.86016889 +.00001099 +00000-0 +00000-0 0  9990
2 32977 068.8685 071.2676 6881616 068.8901 359.0730 01.98172160132747
0 COSMOS 1109 DEB
1 32977U 79058S   19144.86916771 +.00001179 +00000-0 +00000-0 0  9999
2 32977 068.8682 071.1770 6882257 068.8490 358.9185 01.98174077132766
0 COSMOS 1109 DEB
1 32977U 79058S   19145.41572552  .00001206  00000-0  00000+0 0  9996
2 32977  68.8679  71.1279 6882573  68.8269  28.8485  1.98175209142654
0 COSMOS 1109 DEB
1 32977U 79058S   19145.87847150 +.00001219 +00000-0 +00000-0 0  9990
2 32977 068.8667 071.0857 6882656 068.8099 358.9883 01.98176147132789
0 COSMOS 1109 DEB
1 32977U 79058S   19146.42822413 +.00001223 +00000-0 +00000-0 0  9992
2 32977 068.8662 071.0362 6882971 068.7876 031.2052 01.98177564132791
0 COSMOS 1109 DEB
1 32977U 79058S   19147.42176538  .00001202  00000-0  00000+0 0  9999
2 32977  68.8656  70.9469 6883545  68.7475  20.0408  1.98180057142684
0 COSMOS 1109 DEB
1 32977U 79058S   19150.92687348 +.00000883 +00000-0 +00000-0 0  9999
2 32977 068.8636 070.6324 6885572 068.6053 000.8226 01.98190225132885
0 COSMOS 1109 DEB
1 32977U 79058S   19150.92687348  .00000883  00000-0  00000+0 0  9998
2 32977  68.8636  70.6324 6885572  68.6053   0.8226  1.98190225142752
0 COSMOS 1109 DEB
1 32977U 79058S   19152.94578781 +.00000592 +00000-0 +00000-0 0  9990
2 32977 068.8625 070.4512 6886730 068.5249 001.3114 01.98196057132929
0 COSMOS 1109 DEB
1 32977U 79058S   19152.94578781  .00000592  00000-0  00000+0 0  9999
2 32977  68.8625  70.4512 6886730  68.5249   1.3114  1.98196057142795
0 COSMOS 1109 DEB
1 32977U 79058S   19152.97439067 +.00000587 +00000-0 +00000-0 0  9990
2 32977 068.8623 070.4485 6886723 068.5231 021.7189 01.98196081132924
0 COSMOS 1109 DEB
1 32977U 79058S   19167.09478650 -.00001342  00000-0  00000+0 0  9990
2 32977  68.8492  69.1745 6894475  67.9630  17.2033  1.98204365143072
0 COSMOS 1109 DEB
1 32977U 79058S   19170.12885671 -.00001250  00000-0  00000+0 0  9991
2 32977  68.8453  68.8993 6896161  67.8416  22.0853  1.98198426143136
0 COSMOS 1109 DEB
1 32977U 79058S   19171.10746712 -.00001172 +00000-0 +00000-0 0  9996
2 32977 068.8434 068.8103 6896770 067.8025 000.3336 01.98196290133287
0 COSMOS 1109 DEB
1 32977U 79058S   19175.69351205 -.00000607  00000-0  00000+0 0  9994
2 32977  68.8384  68.3945 6898978  67.6175  32.4041  1.98185356143254
0 COSMOS 1109 DEB
1 32977U 79058S   19176.22263984 -.00000522 +00000-0 +00000-0 0  9997
2 32977 068.8377 068.3463 6899263 067.5958 049.9148 01.98184098133383
0 COSMOS 1109 DEB
1 32977U 79058S   19178.66739253 -.00000087  00000-0  00000+0 0  9999
2 32977  68.8340  68.1237 6900624  67.4958 354.1465  1.98180198143306
0 COSMOS 1109 DEB
1 32977U 79058S   19182.70425851  .00000670  00000-0  00000+0 0  9992
2 32977  68.8300  67.7540 6902825  67.3301 354.2203  1.98177754143383
0 COSMOS 1109 DEB
1 32977U 79058S   19183.71494663 +.00000831 +00000-0 +00000-0 0  9991
2 32977 068.8285 067.6613 6903371 067.2885 355.2898 01.98178249133535
0 COSMOS 1109 DEB
1 32977U 79058S   19185.73896933  .00001064  00000-0  00000+0 0  9999
2 32977  68.8263  67.4751 6904479  67.2056 359.3243  1.98180538143446
0 COSMOS 1109 DEB
1 32977U 79058S   19187.75751637  .00001137  00000-0  00000+0 0  9995
2 32977  68.8243  67.2895 6905511  67.1230 359.4748  1.98184427143488
0 COSMOS 1109 DEB
1 32977U 79058S   19188.76920465 +.00001108 +00000-0 +00000-0 0  9993
2 32977 068.8239 067.1967 6906004 067.0811 001.2847 01.98186866133631
0 COSMOS 1109 DEB
1 32977U 79058S   19191.79698955 +.00000824 +00000-0 +00000-0 0  9990
2 32977 068.8208 066.9186 6907511 066.9584 001.5767 01.98195294133691
0 COSMOS 1109 DEB
1 32977U 79058S   19191.79698955  .00000824  00000-0  00000+0 0  9999
2 32977  68.8208  66.9186 6907511  66.9584   1.5767  1.98195294143568
0 COSMOS 1109 DEB
1 32977U 79058S   19193.81491722  .00000555  00000-0  00000+0 0  9998
2 32977  68.8228  66.7336 6908554  66.8779   1.3977  1.98201000143607
0 COSMOS 1109 DEB
1 32977U 79058S   19200.42812244 -.00000423  00000-0  00000+0 0  9995
2 32977  68.8224  66.1321 6911892  66.6078  40.2354  1.98212606143740
0 COSMOS 1109 DEB
1 32977U 79058S   19212.48329619 -.00001145 +00000-0 +00000-0 0  9996
2 32977 068.8077 065.0217 6917742 066.1142 002.2429 01.98197635134100
0 COSMOS 1109 DEB
1 32977U 79058S   19213.49251340 -.00001059  00000-0  00000+0 0  9996
2 32977  68.8012  64.9276 6918148  66.0757   2.3272  1.98195035143990
0 COSMOS 1109 DEB
1 32977U 79058S   19214.50167318 -.00000960 +00000-0 +00000-0 0  9991
2 32977 068.8012 064.8366 6918633 066.0340 002.3608 01.98192479134145
0 COSMOS 1109 DEB
1 32977U 79058S   19215.51072993 -.00000849  00000-0  00000+0 0  9992
2 32977  68.7989  64.7438 6919119  65.9936   2.3114  1.98189940144035
0 COSMOS 1109 DEB
1 32977U 79058S   19219.53686919 -.00000257  00000-0  00000+0 0  9990
2 32977  68.7926  64.3691 6921195  65.8290 354.8351  1.98181431144116
0 COSMOS 1109 DEB
1 32977U 79058S   19220.54579865 -.00000064 +00000-0 +00000-0 0  9991
2 32977 068.7928 064.2775 6921696 065.7875 354.6562 01.98179955134269
0 COSMOS 1109 DEB
1 32977U 79058S   19226.60801794  .00001047  00000-0  00000+0 0  9993
2 32977  68.7863  63.7134 6924822  65.5381 359.7099  1.98180040144252
0 COSMOS 1109 DEB
1 32977U 79058S   19231.65686998  .00001116  00000-0  00000+0 0  9998
2 32977  68.7834  63.2465 6927289  65.3300   1.8915  1.98190800144359
0 COSMOS 1109 DEB
1 32977U 79058S   19232.66642022 +.00001036 +00000-0 +00000-0 0  9992
2 32977 068.7830 063.1533 6927779 065.2886 002.1962 01.98193529134505
0 COSMOS 1109 DEB
1 32977U 79058S   19233.67480876  .00000935  00000-0  00000+0 0  9997
2 32977  68.7836  63.0612 6928291  65.2467   1.6826  1.98196318144393
0 COSMOS 1109 DEB
1 32977U 79058S   19241.23893351 -.00000153  00000-0  00000+0 0  9997
2 32977  68.7849  62.3739 6932126  64.9436 358.9765  1.98211736144542
0 COSMOS 1109 DEB
1 32977U 79058S   19242.24766951 -.00000325  00000-0  00000+0 0  9995
2 32977  68.7816  62.2724 6932554  64.9202 358.7715  1.98212444144567
0 COSMOS 1109 DEB
1 32977U 79058S   19250.82440618 -.00001183  00000-0  00000+0 0  9990
2 32977  68.7709  61.4760 6936926  64.5683 358.7726  1.98205174144738
0 COSMOS 1109 DEB
1 32977U 79058S   19260.89886456 -.00000135 +00000-0 +00000-0 0  9999
2 32977 068.7565 060.5366 6942103 064.1639 346.8314 01.98181471135050
0 COSMOS 1109 DEB
1 32977U 79058S   19260.89886456 -.00000135  00000-0  00000+0 0  9998
2 32977  68.7565  60.5366 6942103  64.1639 346.8314  1.98181471144937
0 COSMOS 1109 DEB
1 32977U 79058S   19262.93951574 +.00000287 +00000-0 +00000-0 0  9997
2 32977 068.7533 060.3456 6943036 064.0772 002.7295 01.98178458135109
0 COSMOS 1109 DEB
1 32977U 79058S   19262.93951574  .00000287  00000-0  00000+0 0  9996
2 32977  68.7533  60.3456 6943036  64.0772   2.7295  1.98178458144974
0 COSMOS 1109 DEB
1 32977U 79058S   19263.43397167 +.00000391 +00000-0 +00000-0 0  9991
2 32977 068.7528 060.2994 6943291 064.0585 355.4942 01.98177950135118
0 COSMOS 1109 DEB
1 32977U 79058S   19265.44917034  .00000797  00000-0  00000+0 0  9994
2 32977  68.7499  60.1108 6944285  63.9768 353.2142  1.98177018145020
0 COSMOS 1109 DEB
1 32977U 79058S   19266.45428802 +.00000971 +00000-0 +00000-0 0  9991
2 32977 068.7489 060.0171 6944760 063.9372 350.3019 01.98177216135173
0 COSMOS 1109 DEB
1 32977U 79058S   19268.47317103  .00001221  00000-0  00000+0 0  9994
2 32977  68.7465  59.8276 6945738  63.8564 350.6550  1.98179052145081
0 COSMOS 1109 DEB
1 32977U 79058S   19269.48238806 +.00001284 +00000-0 +00000-0 0  9998
2 32977 068.7451 059.7330 6946207 063.8154 350.6780 01.98180623135230
0 COSMOS 1109 DEB
1 32977U 79058S   19270.49340508  .00001303  00000-0  00000+0 0  9995
2 32977  68.7439  59.6381 6946681  63.7749 351.9923  1.98182622145129
0 COSMOS 1109 DEB
1 32977U 79058S   19271.50230101 +.00001282 +00000-0 +00000-0 0  9992
2 32977 068.7427 059.5435 6947133 063.7341 351.7993 01.98184903135270
0 COSMOS 1109 DEB
1 32977U 79058S   19272.52296441  .00001226  00000-0  00000+0 0  9991
2 32977  68.7408  59.4474 6947557  63.6925   0.0142  1.98187615145160
0 COSMOS 1109 DEB
1 32977U 79058S   19273.53510387 +.00001147 +00000-0 +00000-0 0  9994
2 32977 068.7397 059.3522 6947984 063.6518 002.1510 01.98190228135314
0 COSMOS 1109 DEB
1 32977U 79058S   19274.52090632 +.00001052 +00000-0 +00000-0 0  9995
2 32977 068.7389 059.2596 6948426 063.6124 345.5130 01.98193153135323
0 COSMOS 1109 DEB
1 32977U 79058S   19275.55294418  .00000942  00000-0  00000+0 0  9993
2 32977  68.7380  59.1627 6948887  63.5712   1.8694  1.98196039145224
0 COSMOS 1109 DEB
1 32977U 79058S   19276.56187705 +.00000825 +00000-0 +00000-0 0  9996
2 32977 068.7372 059.0680 6949352 063.5310 001.7543 01.98198956135372
0 COSMOS 1109 DEB
1 32977U 79058S   19278.58128906  .00000561  00000-0  00000+0 0  9994
2 32977  68.7354  58.8783 6950281  63.4513   2.6520  1.98204161145282
0 COSMOS 1109 DEB
1 32977U 79058S   19279.59076520 +.00000412 +00000-0 +00000-0 0  9996
2 32977 068.7344 058.7835 6950741 063.4117 002.9512 01.98206445135436
0 COSMOS 1109 DEB
1 32977U 79058S   19282.61038522 -.00000096  00000-0  00000+0 0  9991
2 32977  68.7302  58.4996 6951923  63.2922 357.5998  1.98211027145362
0 COSMOS 1109 DEB
1 32977U 79058S   19286.64264416 -.00000744  00000-0  00000+0 0  9991
2 32977  68.7245  58.1215 6953528  63.1343 354.8642  1.98211881145441
0 COSMOS 1109 DEB
1 32977U 79058S   19297.24825766 -.00000918  00000-0  00000+0 0  9993
2 32977  68.7076  57.1252 6957913  62.7191   2.2890  1.98190983145652
0 COSMOS 1109 DEB
1 32977U 79058S   19298.25783087 -.00000835  00000-0  00000+0 0  9992
2 32977  68.7085  57.0357 6958392  62.6689   2.5982  1.98188065145675
0 COSMOS 1109 DEB
1 32977U 79058S   19299.25411137 -.00000733 +00000-0 +00000-0 0  9995
2 32977 068.7065 056.9412 6958794 062.6290 353.4156 01.98185425135821
0 COSMOS 1109 DEB
1 32977U 79058S   19300.26492368 -.00000604  00000-0  00000+0 0  9990
2 32977  68.7034  56.8451 6959143  62.5900 354.5900  1.98182786145710
0 COSMOS 1109 DEB
1 32977U 79058S   19302.28369097 -.00000267  00000-0  00000+0 0  9991
2 32977  68.7003  56.6540 6959977  62.5079 354.8760  1.98178228145752
0 COSMOS 1109 DEB
1 32977U 79058S   19303.29329917 -.00000063 +00000-0 +00000-0 0  9995
2 32977 068.6979 056.5576 6960361 062.4683 355.1678 01.98176359135901
0 COSMOS 1109 DEB
1 32977U 79058S   19304.30231177  .00000154  00000-0  00000+0 0  9997
2 32977  68.7015  56.4626 6960871  62.4408 355.0271  1.98174853145792
0 COSMOS 1109 DEB
1 32977U 79058S   19305.31248083 +.00000373 +00000-0 +00000-0 0  9997
2 32977 068.6988 056.3661 6961183 062.3946 355.7079 01.98173590135947
0 COSMOS 1109 DEB
1 32977U 79058S   19305.31248083  .00000373  00000-0  00000+0 0  9996
2 32977  68.6988  56.3661 6961183  62.3946 355.7079  1.98173590145814
0 COSMOS 1109 DEB
1 32977U 79058S   19307.33124076  .00000766  00000-0  00000+0 0  9991
2 32977  68.6946  56.1750 6961925  62.3080 355.9366  1.98172616145851
0 COSMOS 1109 DEB
1 32977U 79058S   19311.37356647  .00001167  00000-0  00000+0 0  9997
2 32977  68.6867  55.7906 6963465  62.1452 359.8313  1.98176143145936
0 COSMOS 1109 DEB
1 32977U 79058S   19313.39488150  .00001158  00000-0  00000+0 0  9996
2 32977  68.6844  55.5991 6964195  62.0636   1.9178  1.98180133145979
0 COSMOS 1109 DEB
1 32977U 79058S   19314.40418160 +.00001111 +00000-0 +00000-0 0  9993
2 32977 068.6834 055.5035 6964552 062.0233 002.0023 01.98182426136122
0 COSMOS 1109 DEB
1 32977U 79058S   19314.40418160  .00001111  00000-0  00000+0 0  9992
2 32977  68.6834  55.5035 6964552  62.0233   2.0023  1.98182426145997
0 COSMOS 1109 DEB
1 32977U 79058S   19322.97779782 -.00000009  00000-0  00000+0 0  9999
2 32977  68.6727  54.6911 6967316  61.6785 359.2047  1.98200702146160
0 COSMOS 1109 DEB
1 32977U 79058S   19330.04239837 -.00001142  00000-0  00000+0 0  9997
2 32977  68.6637  54.0254 6969807  61.3967 359.9777  1.98200048146306
0 COSMOS 1109 DEB
1 32977U 79058S   19330.54701856 -.00001180 +00000-0 +00000-0 0  9990
2 32977 068.6634 053.9783 6969993 061.3765 000.0322 01.98199328136442
0 COSMOS 1109 DEB
1 32977U 79058S   19331.55652541 -.00001236 +00000-0 +00000-0 0  9990
2 32977 068.6628 053.8843 6970373 061.3348 000.3307 01.98197836136462
0 COSMOS 1109 DEB
1 32977U 79058S   19331.55652541 -.00001236  00000-0  00000+0 0  9999
2 32977  68.6628  53.8843 6970373  61.3348   0.3307  1.98197836146339
0 COSMOS 1109 DEB
1 32977U 79058S   19337.10984670 -.00001215 +00000-0 +00000-0 0  9995
2 32977 068.6477 053.3494 6972455 061.1074 002.5630 01.98185139136576
0 COSMOS 1109 DEB
1 32977U 79058S   19338.11916031 -.00001158 +00000-0 +00000-0 0  9999
2 32977 068.6447 053.2547 6972779 061.0666 002.6657 01.98182285136597
0 COSMOS 1109 DEB
1 32977U 79058S   19339.12851505 -.00001077  00000-0  00000+0 0  9994
2 32977  68.6398  53.1554 6973108  61.0225   2.7904  1.98179508146486
0 COSMOS 1109 DEB
1 32977U 79058S   19341.65017458 -.00000756  00000-0  00000+0 0  9999
2 32977  68.6373  52.9181 6974272  60.9249   1.8538  1.98172842146532
0 COSMOS 1109 DEB
1 32977U 79058S   19344.16457015 -.00000278  00000-0  00000+0 0  9994
2 32977  68.6332  52.6761 6974953  60.8158 355.6166  1.98166998146589
0 COSMOS 1109 DEB
1 32977U 79058S   19345.17390712 -.00000061 +00000-0 +00000-0 0  9997
2 32977 068.6313 052.5786 6975294 060.7749 355.6758 01.98165269136731
0 COSMOS 1109 DEB
1 32977U 79058S   19346.18290802  .00000159  00000-0  00000+0 0  9994
2 32977  68.6300  52.4823 6975651  60.7331 355.4888  1.98163853146620
0 COSMOS 1109 DEB
1 32977U 79058S   19347.70666969 +.00000476 +00000-0 +00000-0 0  9997
2 32977 068.6314 052.3382 6976321 060.6776 002.5205 01.98162567136781
0 COSMOS 1109 DEB
1 32977U 79058S   19349.21189117  .00000741  00000-0  00000+0 0  9994
2 32977  68.6296  52.1946 6976874  60.6148 356.3239  1.98162372146681
0 COSMOS 1109 DEB
1 32977U 79058S   19351.23770948  .00000974  00000-0  00000+0 0  9995
2 32977  68.6277  52.0014 6977631  60.5314   1.5154  1.98163751146723
0 COSMOS 1109 DEB
1 32977U 79058S   19352.24509432  .00001030  00000-0  00000+0 0  9999
2 32977  68.6240  51.9029 6977914  60.4858   0.1752  1.98165085146746
0 COSMOS 1109 DEB
1 32977U 79058S   19353.25429503 +.00001046 +00000-0 +00000-0 0  9999
2 32977 068.6227 051.8061 6978267 060.4435 000.1389 01.98166991136897
0 COSMOS 1109 DEB
1 32977U 79058S   19354.26370019  .00001030  00000-0  00000+0 0  9990
2 32977  68.6184  51.7079 6978657  60.3984   0.2574  1.98169327146780
0 COSMOS 1109 DEB
1 32977U 79058S   19355.27545729 +.00000987 +00000-0 +00000-0 0  9995
2 32977 068.6219 051.6142 6979035 060.3603 002.0555 01.98171687136935
0 COSMOS 1109 DEB
1 32977U 79058S   19356.28469168  .00000925  00000-0  00000+0 0  9990
2 32977  68.6208  51.5176 6979403  60.3180   2.0660  1.98174367146822
0 COSMOS 1109 DEB
1 32977U 79058S   19357.29480647 +.00000846 +00000-0 +00000-0 0  9990
2 32977 068.6199 051.4211 6979779 060.2758 002.7143 01.98177173136972
0 COSMOS 1109 DEB
1 32977U 79058S   19358.30290407  .00000754  00000-0  00000+0 0  9993
2 32977  68.6190  51.3249 6980170  60.2340   1.9335  1.98180018146862
0 COSMOS 1109 DEB
1 32977U 79058S   19359.31327529 +.00000645 +00000-0 +00000-0 0  9991
2 32977 068.6176 051.2281 6980560 060.1917 002.7851 01.98182834137010
0 COSMOS 1109 DEB
1 32977U 79058S   20001.87652528 -.00000592 +00000-0 +00000-0 0  9990
2 32977 068.6074 050.5028 6983475 059.8807 359.0545 01.98195813137164
0 COSMOS 1109 DEB
1 32977U 79058S   20001.87652528 -.00000592  00000-0  00000+0 0  9999
2 32977  68.6074  50.5028 6983475  59.8807 359.0545  1.98195813147031
0 COSMOS 1109 DEB
1 32977U 79058S   20003.89533615 -.00000887  00000-0  00000+0 0  9995
2 32977  68.6099  50.3214 6984492  59.8027 359.4854  1.98196005147072
0 COSMOS 1109 DEB
1 32977U 79058S   20010.96204545 -.00001246  00000-0  00000+0 0  9998
2 32977  68.6011  49.6412 6987165  59.5010   1.5103  1.98185940147210
0 COSMOS 1109 DEB
1 32977U 79058S   20011.97160426 -.00001228  00000-0  00000+0 0  9999
2 32977  68.5953  49.5362 6987584  59.4719   1.7937  1.98183622147231
0 COSMOS 1109 DEB
1 32977U 79058S   20013.48484066 -.00001176 +00000-0 +00000-0 0  9999
2 32977 068.5942 049.3931 6988257 059.4138 001.4156 01.98179858137394
0 COSMOS 1109 DEB
1 32977U 79058S   20017.52261670 -.00000813  00000-0  00000+0 0  9998
2 32977  68.5869  49.0034 6989868  59.2503   2.0861  1.98169891147348
0 COSMOS 1109 DEB
1 32977U 79058S   20018.01267137 -.00000737 +00000-0 +00000-0 0  9993
2 32977 068.5868 048.9553 6990328 059.2269 351.6865 01.98168591147357
0 COSMOS 1109 DEB
1 32977U 79058S   20019.02727975 -.00000556 +00000-0 +00000-0 0  9995
2 32977 068.5876 048.8633 6990825 059.1902 355.5095 01.98166389137506
0 COSMOS 1109 DEB
1 32977U 79058S   20021.04697255 -.00000124  00000-0  00000+0 0  9997
2 32977  68.5845  48.6684 6991890  59.1207 356.3437  1.98161975147413
0 COSMOS 1109 DEB
1 32977U 79058S   20022.05630684 +.00000107 +00000-0 +00000-0 0  9993
2 32977 068.5861 048.5683 6992248 059.0837 356.3801 01.98161555137569
0 COSMOS 1109 DEB
1 32977U 79058S   20023.06577008  .00000332  00000-0  00000+0 0  9994
2 32977  68.5838  48.4711 6992710  59.0395 356.5100  1.98160645147459
0 COSMOS 1109 DEB
1 32977U 79058S   20024.06884407 +.00000536 +00000-0 +00000-0 0  9996
2 32977 068.5829 048.3737 6993181 059.0005 352.0814 01.98160304137608
0 COSMOS 1109 DEB
1 32977U 79058S   20025.08395633  .00000717  00000-0  00000+0 0  9997
2 32977  68.5818  48.2764 6993584  58.9649 356.2365  1.98160264147494
0 COSMOS 1109 DEB
1 32977U 79058S   20026.09478701 +.00000864 +00000-0 +00000-0 0  9991
2 32977 068.5799 048.1768 6993980 058.9228 357.3404 01.98160791137645
0 COSMOS 1109 DEB
1 32977U 79058S   20027.10968274  .00000978  00000-0  00000+0 0  9998
2 32977  68.5784  48.0769 6994538  58.8791   1.3459  1.98161759147533
0 COSMOS 1109 DEB
1 32977U 79058S   20029.12459455  .00001106  00000-0  00000+0 0  9992
2 32977  68.5745  47.8851 6995427  58.7939 358.7581  1.98164977147574
0 COSMOS 1109 DEB
1 32977U 79058S   20030.13630279 +.00001125 +00000-0 +00000-0 0  9992
2 32977 068.5719 047.7862 6995895 058.7506 000.5080 01.98167232137724
0 COSMOS 1109 DEB
1 32977U 79058S   20032.15743681  .00001086  00000-0  00000+0 0  9993
2 32977  68.5694  47.5900 6996799  58.6677   2.4023  1.98172378147635
0 COSMOS 1109 DEB
1 32977U 79058S   20035.18638435 +.00000853 +00000-0 +00000-0 0  9991
2 32977 068.5656 047.2951 6998077 058.5441 003.3574 01.98181028137828
0 COSMOS 1109 DEB
1 32977U 79058S   20035.18638435  .00000853  00000-0  00000+0 0  9990
2 32977  68.5656  47.2951 6998077  58.5441   3.3574  1.98181028147694
0 COSMOS 1109 DEB
1 32977U 79058S   20045.77701656 -.00000829  00000-0  00000+0 0  9996
2 32977  68.5607  46.2789 7002749  58.1235 359.6322  1.98195370147905
0 COSMOS 1109 DEB
1 32977U 79058S   20046.78646096 -.00000929 +00000-0 +00000-0 0  9996
2 32977 068.5601 046.1823 7003253 058.0835 359.8720 01.98194786138053
0 COSMOS 1109 DEB
1 32977U 79058S   20049.33226347 -.00001074 +00000-0 +00000-0 0  9995
2 32977 068.5517 045.9304 7004570 057.9873 016.2872 01.98191917147979
0 COSMOS 1109 DEB
1 32977U 79058S   20051.83468899 -.00001124 +00000-0 +00000-0 0  9999
2 32977 068.5489 045.6880 7005729 057.8874 001.7200 01.98187611138150
0 COSMOS 1109 DEB
1 32977U 79058S   20051.83468899 -.00001124  00000-0  00000+0 0  9998
2 32977  68.5489  45.6880 7005729  57.8874   1.7200  1.98187611148027
0 COSMOS 1109 DEB
1 32977U 79058S   20053.90208515 -.00001110 +00000-0 +00000-0 0  9991
2 32977 068.5453 045.4877 7006771 057.8074 036.7338 01.98183120138190
0 COSMOS 1109 DEB
1 32977U 79058S   20053.90208515 -.00001110  00000-0  00000+0 0  9990
2 32977  68.5453  45.4877 7006771  57.8074  36.7338  1.98183120148078
0 COSMOS 1109 DEB
1 32977U 79058S   20058.88557389 -.00000652 +00000-0 +00000-0 0  9999
2 32977 068.5377 045.0046 7009384 057.6112 352.1236 01.98170975138290
0 COSMOS 1109 DEB
1 32977U 79058S   20058.88557389 -.00000652  00000-0  00000+0 0  9998
2 32977  68.5377  45.0046 7009384  57.6112 352.1236  1.98170975148167
0 COSMOS 1109 DEB
1 32977U 79058S   20059.40436411 -.00000562 +00000-0 +00000-0 0  9990
2 32977 068.5373 044.9544 7009679 057.5907 002.2347 01.98169811138300
0 COSMOS 1109 DEB
1 32977U 79058S   20060.41407591 -.00000367 +00000-0 +00000-0 0  9993
2 32977 068.5345 044.8561 7010161 057.5512 002.5667 01.98167601138322
0 COSMOS 1109 DEB
1 32977U 79058S   20060.90911984 -.00000263 +00000-0 +00000-0 0  9998
2 32977 068.5334 044.8078 7010398 057.5319 355.7312 01.98166626138337
0 COSMOS 1109 DEB
1 32977U 79058S   20060.90911984 -.00000263  00000-0  00000+0 0  9997
2 32977  68.5334  44.8078 7010398  57.5319 355.7312  1.98166626148204
0 COSMOS 1109 DEB
1 32977U 79058S   20061.91915938 -.00000042 +00000-0 +00000-0 0  9998
2 32977 068.5320 044.7099 7010908 057.4919 356.2871 01.98164782138355
0 COSMOS 1109 DEB
1 32977U 79058S   20063.51863747 +.00000317 +00000-0 +00000-0 0  9990
2 32977 068.5295 044.5544 7011710 057.4286 057.3334 01.98162547138381
0 COSMOS 1109 DEB
1 32977U 79058S   20063.93808604 +.00000409 +00000-0 +00000-0 0  9999
2 32977 068.5288 044.5136 7011907 057.4119 356.5611 01.98162116138398
0 COSMOS 1109 DEB
1 32977U 79058S   20064.94685462  .00000620  00000-0  00000+0 0  9990
2 32977  68.5272  44.4155 7012402  57.3719 356.1966  1.98161375148281
0 COSMOS 1109 DEB
1 32977U 79058S   20065.95699640 +.00000809 +00000-0 +00000-0 0  9995
2 32977 068.5258 044.3173 7012901 057.3318 356.8099 01.98161085138431
0 COSMOS 1109 DEB
1 32977U 79058S   20067.98079503  .00001090  00000-0  00000+0 0  9992
2 32977  68.5227  44.1203 7013889  57.2515   0.5464  1.98162004148345
0 COSMOS 1109 DEB
1 32977U 79058S   20069.99913133  .00001221  00000-0  00000+0 0  9997
2 32977  68.5200  43.9235 7014854  57.1714   0.3998  1.98164828148381
0 COSMOS 1109 DEB
1 32977U 79058S   20073.03028948 +.00001189 +00000-0 +00000-0 0  9992
2 32977 068.5168 043.6281 7016423 057.0513 002.8446 01.98172203138573
0 COSMOS 1109 DEB
1 32977U 79058S   20073.03028948  .00001189  00000-0  00000+0 0  9991
2 32977  68.5168  43.6281 7016423  57.0513   2.8446  1.98172203148440
0 COSMOS 1109 DEB
1 32977U 79058S   20076.05679407  .00000966  00000-0  00000+0 0  9990
2 32977  68.5137  43.3332 7018012  56.9326   2.0487  1.98180921148506
0 COSMOS 1109 DEB
1 32977U 79058S   20077.06563897 +.00000847 +00000-0 +00000-0 0  9996
2 32977 068.5114 043.2339 7018391 056.8926 001.8090 01.98183684138653
0 COSMOS 1109 DEB
1 32977U 79058S   20079.08636972  .00000540  00000-0  00000+0 0  9994
2 32977  68.5098  43.0375 7019535  56.8148   3.5414  1.98189242148565
0 COSMOS 1109 DEB
1 32977U 79058S   20081.64518633 +.00000060 +00000-0 +00000-0 0  9990
2 32977 068.5065 042.7879 7020731 056.7157 029.2267 01.98194340138748
0 COSMOS 1109 DEB
1 32977U 79058S   20081.64518633  .00000060  00000-0  00000+0 0  9999
2 32977  68.5065  42.7879 7020731  56.7157  29.2267  1.98194340148615
0 TBA - TO BE ASSIGNED
1 32977U 79058S   20087.65849819 -.00000843  00000-0  00000+0 0  9999
2 32977  68.5000  42.2026 7023742  56.4828 359.7474  1.98196628148735
0 COSMOS 1109 DEB
1 32977U 79058S   20094.25689233 -.00001108  00000-0  00000+0 0  9990
2 32977  68.4872  41.5569 7026809  56.2272  27.6345  1.98186284148862
0 COSMOS 1109 DEB
1 32977U 79058S   20095.73636812 -.00001092 +00000-0 +00000-0 0  9992
2 32977 068.4832 041.4117 7027580 056.1717 003.1793 01.98182680139026
0 COSMOS 1109 DEB
1 32977U 79058S   20096.30588331 -.00001075 +00000-0 +00000-0 0  9999
2 32977 068.4824 041.3565 7027832 056.1498 049.5023 01.98181313148919
0 COSMOS 1109 DEB
1 32977U 79058S   20101.82983483 -.00000420 +00000-0 +00000-0 0  9993
2 32977 068.4700 040.8130 7030982 055.9356 030.4318 01.98168146139144
0 COSMOS 1109 DEB
1 32977U 79058S   20102.79078704 -.00000217 +00000-0 +00000-0 0  9995
2 32977 068.4677 040.7175 7031558 055.8984 355.9755 01.98166371139161
0 COSMOS 1109 DEB
1 32977U 79058S   20102.84921800 -.00000205 +00000-0 +00000-0 0  9992
2 32977 068.4676 040.7118 7031593 055.8961 037.6598 01.98166262139169
0 COSMOS 1109 DEB
1 32977U 79058S   20103.80063233  .00000004  00000-0  00000+0 0  9991
2 32977  68.4656  40.6176 7032132  55.8589 356.3929  1.98164792149050
0 COSMOS 1109 DEB
1 32977U 79058S   20104.80972524 +.00000221 +00000-0 +00000-0 0  9996
2 32977 068.4634 040.5178 7032673 055.8196 356.2689 01.98163594139208
0 COSMOS 1109 DEB
1 32977U 79058S   20105.81395903 +.00000423 +00000-0 +00000-0 0  9992
2 32977 068.4613 040.4183 7033173 055.7802 352.6750 01.98162821139222
0 COSMOS 1109 DEB
1 32977U 79058S   20105.81395903  .00000423  00000-0  00000+0 0  9991
2 32977  68.4613  40.4183 7033173  55.7802 352.6750  1.98162821149098
0 COSMOS 1109 DEB
1 32977U 79058S   20107.37953479 +.00000693 +00000-0 +00000-0 0  9992
2 32977 068.4583 040.2631 7033894 055.7187 029.5339 01.98162647139252
0 COSMOS 1109 DEB
1 32977U 79058S   20108.39443201  .00000831  00000-0  00000+0 0  9995
2 32977  68.4566  40.1626 7034343  55.6786  33.5450  1.98163062149140
0 COSMOS 1109 DEB
1 32977U 79058S   20109.86211899 +.00000980 +00000-0 +00000-0 0  9990
2 32977 068.4542 040.0176 7035001 055.6205 000.5739 01.98164579139306
0 COSMOS 1109 DEB
1 32977U 79058S   20110.41022950  .00001020  00000-0  00000+0 0  9996
2 32977  68.4534  39.9634 7035247  55.5989  31.5936  1.98165535149186
0 COSMOS 1109 DEB
1 32977U 79058S   20110.87117462 +.00001048 +00000-0 +00000-0 0  9990
2 32977 068.4527 039.9178 7035457 055.5807 000.4278 01.98166286139326
0 COSMOS 1109 DEB
1 32977U 79058S   20112.88979878 +.00001105 +00000-0 +00000-0 0  9994
2 32977 068.4486 039.7177 7036230 055.5024 000.5248 01.98170742139362
0 COSMOS 1109 DEB
1 32977U 79058S   20112.88979878  .00001105  00000-0  00000+0 0  9993
2 32977  68.4486  39.7177 7036230  55.5024   0.5248  1.98170742149239
0 COSMOS 1109 DEB
1 32977U 79058S   20113.42364837 +.00001103 +00000-0 +00000-0 0  9996
2 32977 068.4478 039.6648 7036454 055.4815 021.3837 01.98172287139372
0 COSMOS 1109 DEB
1 32977U 79058S   20113.90170895 +.00001095 +00000-0 +00000-0 0  9998
2 32977 068.4470 039.6174 7036657 055.4628 002.4403 01.98173569139389
0 COSMOS 1109 DEB
1 32977U 79058S   20114.44744642  .00001079  00000-0  00000+0 0  9996
2 32977  68.4462  39.5633 7036871  55.4413  31.7834  1.98175181149262
0 COSMOS 1109 DEB
1 32977U 79058S   20116.93010122  .00000908  00000-0  00000+0 0  9991
2 32977  68.4427  39.3173 7037871  55.3436   3.0149  1.98182940149313
0 COSMOS 1109 DEB
1 32977U 79058S   20118.94790784  .00000657  00000-0  00000+0 0  9994
2 32977  68.4398  39.1176 7038719  55.2646   2.6556  1.98189196149356
0 COSMOS 1109 DEB
1 32977U 79058S   20119.95741466 +.00000500 +00000-0 +00000-0 0  9997
2 32977 068.4382 039.0176 7039132 055.2252 002.9197 01.98191941139502
0 COSMOS 1109 DEB
1 32977U 79058S   20121.97619745  .00000135  00000-0  00000+0 0  9999
2 32977  68.4349  38.8173 7039935  55.1468   3.3190  1.98196971149415
0 COSMOS 1109 DEB
1 32977U 79058S   20122.52095542 +.00000029 +00000-0 +00000-0 0  9997
2 32977 068.4339 038.7631 7040153 055.1261 032.0106 01.98198187139558
0 COSMOS 1109 DEB
1 32977U 79058S   20124.54034279 -.00000365  00000-0  00000+0 0  9994
2 32977  68.4305  38.5623 7041023  55.0484  32.8815  1.98201640149468
0 COSMOS 1109 DEB
1 32977U 79058S   20127.52133100 -.00000842  00000-0  00000+0 0  9998
2 32977  68.4257  38.2660 7042273  54.9331 359.9019  1.98203952149523
0 COSMOS 1109 DEB
1 32977U 79058S   20132.56762687 -.00001228  00000-0  00000+0 0  9995
2 32977  68.4134  37.7628 7044509  54.7406   0.5806  1.98201507149628
0 COSMOS 1109 DEB
1 32977U 79058S   20135.13716214 -.00001321 +00000-0 +00000-0 0  9991
2 32977 068.4056 037.5053 7045577 054.6382 033.9749 01.98197272139807
0 COSMOS 1109 DEB
1 32977U 79058S   20135.13716214 -.00001321  00000-0  00000+0 0  9990
2 32977  68.4056  37.5053 7045577  54.6382  33.9749  1.98197272149673
0 COSMOS 1109 DEB
1 32977U 79058S   20139.17545497 -.00001193 +00000-0 +00000-0 0  9999
2 32977 068.3957 037.1005 7047288 054.4792 035.2567 01.98188562149753
0 COSMOS 1109 DEB
1 32977U 79058S   20140.13825328 -.00001083 +00000-0 +00000-0 0  9999
2 32977 068.3936 037.0037 7047715 054.4427 002.1870 01.98186478139904
0 COSMOS 1109 DEB
1 32977U 79058S   20140.63244234 -.00001014 +00000-0 +00000-0 0  9999
2 32977 068.3922 036.9538 7047917 054.4228 354.7710 01.98185223139913
0 COSMOS 1109 DEB
1 32977U 79058S   20142.20035453 -.00000747  00000-0  00000+0 0  9996
2 32977  68.3904  36.7970 7048487  54.3611  33.4017  1.98181541149819
0 COSMOS 1109 DEB
1 32977U 79058S   20147.70024361  .00000411  00000-0  00000+0 0  9999
2 32977  68.3770  36.2426 7050665  54.1435 357.2151  1.98173609149928
0 COSMOS 1109 DEB
1 32977U 79058S   20150.72864427  .00000845  00000-0  00000+0 0  9991
2 32977  68.3701  35.9362 7051840  54.0231 357.7499  1.98174310149982
0 COSMOS 1109 DEB
1 32977U 79058S   20151.29972514 +.00000895 +00000-0 +00000-0 0  9997
2 32977 068.3690 035.8786 7052039 053.9994 045.1675 01.98174626140124
0 COSMOS 1109 DEB
1 32977U 79058S   20151.74226008 +.00000927 +00000-0 +00000-0 0  9993
2 32977 068.3681 035.8339 7052200 053.9820 000.8947 01.98175560140135
0 COSMOS 1109 DEB
1 32977U 79058S   20154.76983399  .00001005  00000-0  00000+0 0  9998
2 32977  68.3626  35.5270 7053354  53.8607   0.8920  1.98181819150066
0 COSMOS 1109 DEB
1 32977U 79058S   20155.78211277 +.00000984 +00000-0 +00000-0 0  9996
2 32977 068.3608 035.4248 7053732 053.8205 003.1103 01.98184547140210
0 COSMOS 1109 DEB
1 32977U 79058S   20157.80118601  .00000864  00000-0  00000+0 0  9994
2 32977  68.3573  35.2205 7054519  53.7406   3.6621  1.98190409150123
0 COSMOS 1109 DEB
1 32977U 79058S   20158.80793074 +.00000762 +00000-0 +00000-0 0  9996
2 32977 068.3554 035.1186 7054891 053.7011 001.9604 01.98193294150143
0 COSMOS 1109 DEB
1 32977U 79058S   20158.80793074 +.00000762 +00000-0 +00000-0 0  9996
2 32977 068.3554 035.1186 7054891 053.7011 001.9604 01.98193294150143
0 COSMOS 1109 DEB
1 32977U 79058S   20162.84706264 +.00000096 +00000-0 +00000-0 0  9990
2 32977 068.3469 034.7102 7056299 053.5419 003.9403 01.98203957140354
0 COSMOS 1109 DEB
1 32977U 79058S   20162.84706264 +.00000096 +00000-0 +00000-0 0  9990
2 32977 068.3469 034.7102 7056299 053.5419 003.9403 01.98203957150221
0 COSMOS 1109 DEB
1 32977U 79058S   20165.40992980 -.00000384  00000-0  00000+0 0  9997
2 32977  68.3431  34.4517 7057200  53.4412  32.6450  1.98207952150277
0 COSMOS 1109 DEB
1 32977U 79058S   20165.44813495 -.00000391 +00000-0 +00000-0 0  9993
2 32977 068.3431 034.4478 7057208 053.4396 059.9063 01.98207997140407
0 COSMOS 1109 DEB
1 32977U 79058S   20166.40919799 -.00000547 +00000-0 +00000-0 0  9997
2 32977 068.3413 034.3508 7057559 053.4022 025.6708 01.98208911140420
0 COSMOS 1109 DEB
1 32977U 79058S   20173.50214292 -.00001181 +00000-0 +00000-0 0  9997
2 32977 068.3317 033.6368 7060025 053.1226 046.8284 01.98205504140568
0 COSMOS 1109 DEB
1 32977U 79058S   20174.44655951 -.00001220 +00000-0 +00000-0 0  9996
2 32977 068.3276 033.5377 7060612 053.0879 000.7002 01.98203824140588
0 COSMOS 1109 DEB
1 32977U 79058S   20176.46703911 -.00001274 +00000-0 +00000-0 0  9999
2 32977 068.3196 033.3321 7061370 053.0103 002.3607 01.98199801140621
0 COSMOS 1109 DEB
1 32977U 79058S   20176.46703911 -.00001274  00000-0  00000+0 0  9998
2 32977  68.3196  33.3321 7061370  53.0103   2.3607  1.98199801150497
0 COSMOS 1109 DEB
1 32977U 79058S   20178.98958515 -.00001253  00000-0  00000+0 0  9996
2 32977  68.3116  33.0749 7062328  52.9133   2.2109  1.98193857150542
0 COSMOS 1109 DEB
1 32977U 79058S   20181.00849749 -.00001108  00000-0  00000+0 0  9990
2 32977  68.3068  32.8702 7063126  52.8339   2.6745  1.98188685150585
0 COSMOS 1109 DEB
1 32977U 79058S   20182.50999376 -.00000905 +00000-0 +00000-0 0  9993
2 32977 068.3032 032.7171 7063734 052.7753 353.9463 01.98184913140745
0 COSMOS 1109 DEB
1 32977U 79058S   20184.52858463 -.00000525  00000-0  00000+0 0  9995
2 32977  68.2995  32.5125 7064472  52.6953 354.1202  1.98180329150652
0 COSMOS 1109 DEB
1 32977U 79058S   20185.53783992 -.00000310 +00000-0 +00000-0 0  9994
2 32977 068.2970 032.4092 7064896 052.6559 354.1670 01.98178350140805
0 COSMOS 1109 DEB
1 32977U 79058S   20186.55152137 -.00000092 +00000-0 +00000-0 0  9995
2 32977 068.2951 032.3060 7065400 052.6130 357.3645 01.98176615140826
0 COSMOS 1109 DEB
1 32977U 79058S   20186.55152137 -.00000092  00000-0  00000+0 0  9994
2 32977  68.2951  32.3060 7065400  52.6130 357.3645  1.98176615150692
0 COSMOS 1109 DEB
1 32977U 79058S   20187.56054369 +.00000118 +00000-0 +00000-0 0  9993
2 32977 068.2934 032.2043 7065859 052.5692 357.2355 01.98175373140846
0 COSMOS 1109 DEB
1 32977U 79058S   20188.56976499  .00000313  00000-0  00000+0 0  9997
2 32977  68.2916  32.1026 7066283  52.5276 357.2410  1.98174396150731
0 COSMOS 1109 DEB
1 32977U 79058S   20192.61216825  .00000894  00000-0  00000+0 0  9992
2 32977  68.2844  31.6909 7067885  52.3661   1.1958  1.98175451150814
0 COSMOS 1109 DEB
1 32977U 79058S   20193.62140236 +.00000987 +00000-0 +00000-0 0  9990
2 32977 068.2828 031.5882 7068281 052.3258 001.2157 01.98176930140968
0 COSMOS 1109 DEB
1 32977U 79058S   20194.63050369  .00001055  00000-0  00000+0 0  9995
2 32977  68.2821  31.4826 7068670  52.2938   1.1456  1.98178838150853
0 COSMOS 1109 DEB
1 32977U 79058S   20195.63979178 +.00001098 +00000-0 +00000-0 0  9992
2 32977 068.2828 031.3802 7069092 052.2574 001.2162 01.98181100141006
0 COSMOS 1109 DEB
1 32977U 79058S   20201.69722236  .00000710  00000-0  00000+0 0  9996
2 32977  68.2754  30.7650 7071319  52.0199   3.0566  1.98197671150990
0 COSMOS 1109 DEB
1 32977U 79058S   20202.70751306 +.00000549 +00000-0 +00000-0 0  9990
2 32977 068.2714 030.6638 7071712 051.9698 003.9131 01.98200186141140
0 COSMOS 1109 DEB
1 32977U 79058S   20202.70751306  .00000549  00000-0  00000+0 0  9999
2 32977  68.2714  30.6638 7071712  51.9698   3.9131  1.98200186151017
0 COSMOS 1109 DEB
1 32977U 79058S   20203.25965962 +.00000453 +00000-0 +00000-0 0  9990
2 32977 068.2693 030.6023 7071910 051.9548 037.8803 01.98201469141156
0 COSMOS 1109 DEB
1 32977U 79058S   20204.27596994 +.00000267 +00000-0 +00000-0 0  9991
2 32977 068.2676 030.4988 7072279 051.9154 043.0441 01.98203585141177
0 COSMOS 1109 DEB
1 32977U 79058S   20205.27434740 +.00000079 +00000-0 +00000-0 0  9993
2 32977 068.2658 030.3971 7072631 051.8771 035.4191 01.98205334151064
0 COSMOS 1109 DEB
1 32977U 79058S   20210.76794015 -.00000738  00000-0  00000+0 0  9999
2 32977  68.2548  29.8382 7074742  51.6681 355.3484  1.98208781151174
0 COSMOS 1109 DEB
1 32977U 79058S   20211.28003659 -.00000785 +00000-0 +00000-0 0  9997
2 32977 068.2543 029.7860 7074951 051.6487 000.7538 01.98208577141314
0 COSMOS 1109 DEB
1 32977U 79058S   20215.31825749 -.00001079 +00000-0 +00000-0 0  9994
2 32977 068.2452 029.3748 7076623 051.4964 002.1897 01.98204366151261
0 COSMOS 1109 DEB
1 32977U 79058S   20216.32563580 -.00001139 +00000-0 +00000-0 0  9995
2 32977 068.2430 029.2719 7077032 051.4582 000.9827 01.98202664141419
0 COSMOS 1109 DEB
1 32977U 79058S   20220.86857821 -.00001145 +00000-0 +00000-0 0  9990
2 32977 068.2326 028.8083 7078926 051.2847 002.4075 01.98192759141502
0 COSMOS 1109 DEB
1 32977U 79058S   20220.86857821 -.00001145  00000-0  00000+0 0  9999
2 32977  68.2326  28.8083 7078926  51.2847   2.4075  1.98192759151378
0 COSMOS 1109 DEB
1 32977U 79058S   20222.88737451 -.00000928 +00000-0 +00000-0 0  9998
2 32977 068.2277 028.6017 7079756 051.2073 002.7767 01.98187704141544
0 COSMOS 1109 DEB
1 32977U 79058S   20222.88737451 -.00000928  00000-0  00000+0 0  9997
2 32977  68.2277  28.6017 7079756  51.2073   2.7767  1.98187704151411
0 COSMOS 1109 DEB
1 32977U 79058S   20223.37914993 -.00000854 +00000-0 +00000-0 0  9999
2 32977 068.2267 028.5508 7079956 051.1885 353.6411 01.98186437141556
0 COSMOS 1109 DEB
1 32977U 79058S   20224.38925674 -.00000682 +00000-0 +00000-0 0  9998
2 32977 068.2243 028.4474 7080387 051.1497 354.3138 01.98183920141570
0 COSMOS 1109 DEB
1 32977U 79058S   20224.38925674 -.00000682  00000-0  00000+0 0  9997
2 32977  68.2243  28.4474 7080387  51.1497 354.3138  1.98183920151447
0 COSMOS 1109 DEB
1 32977U 79058S   20226.41084472 -.00000277  00000-0  00000+0 0  9995
2 32977  68.2200  28.2402 7081242  51.0714 356.6154  1.98179324151481
0 COSMOS 1109 DEB
1 32977U 79058S   20227.42079576 -.00000060 +00000-0 +00000-0 0  9997
2 32977 068.2163 028.1350 7081605 051.0347 357.1520 01.98177275141637
0 COSMOS 1109 DEB
1 32977U 79058S   20228.43059299  .00000158  00000-0  00000+0 0  9995
2 32977  68.2137  28.0314 7082008  50.9961 357.5739  1.98175585151522
0 COSMOS 1109 DEB
1 32977U 79058S   20229.43953656 +.00000366 +00000-0 +00000-0 0  9998
2 32977 068.2114 027.9278 7082407 050.9572 357.3817 01.98174259141672
0 COSMOS 1109 DEB
1 32977U 79058S   20230.44879663  .00000560  00000-0  00000+0 0  9991
2 32977  68.2090  27.8241 7082805  50.9184 357.4114  1.98173379151567
0 COSMOS 1109 DEB
1 32977U 79058S   20231.45862187 +.00000733 +00000-0 +00000-0 0  9999
2 32977 068.2066 027.7201 7083206 050.8796 357.8417 01.98172971141712
0 COSMOS 1109 DEB
1 32977U 79058S   20234.49107863 +.00001103 +00000-0 +00000-0 0  9991
2 32977 068.2005 027.4081 7084414 050.7644 001.2642 01.98174796141774
0 COSMOS 1109 DEB
1 32977U 79058S   20234.49107863  .00001103  00000-0  00000+0 0  9990
2 32977  68.2005  27.4081 7084414  50.7644   1.2642  1.98174796151641
0 COSMOS 1109 DEB
1 32977U 79058S   20235.50022081 +.00001176 +00000-0 +00000-0 0  9992
2 32977 068.1984 027.3051 7084753 050.7259 001.2174 01.98176393141790
0 COSMOS 1109 DEB
1 32977U 79058S   20236.50946265 +.00001224 +00000-0 +00000-0 0  9996
2 32977 068.1958 027.2013 7085163 050.6848 001.2477 01.98178423141812
0 COSMOS 1109 DEB
1 32977U 79058S   20236.50946265  .00001224  00000-0  00000+0 0  9995
2 32977  68.1958  27.2013 7085163  50.6848   1.2477  1.98178423151688
0 COSMOS 1109 DEB
1 32977U 79058S   20237.51867361 +.00001245 +00000-0 +00000-0 0  9990
2 32977 068.1941 027.0975 7085549 050.6468 001.2625 01.98180832141839
0 COSMOS 1109 DEB
1 32977U 79058S   20238.53058751 +.00001235 +00000-0 +00000-0 0  9997
2 32977 068.1921 026.9923 7085990 050.6084 003.2111 01.98183419141850
0 COSMOS 1109 DEB
1 32977U 79058S   20238.53058751  .00001235  00000-0  00000+0 0  9996
2 32977  68.1921  26.9923 7085990  50.6084   3.2111  1.98183419151727
0 COSMOS 1109 DEB
1 32977U 79058S   20239.54033507 +.00001191 +00000-0 +00000-0 0  9992
2 32977 068.1901 026.8885 7086375 050.5701 003.6270 01.98186265141871
0 COSMOS 1109 DEB
1 32977U 79058S   20241.55721417 +.00000992 +00000-0 +00000-0 0  9998
2 32977 068.1859 026.6809 7087115 050.4932 002.6248 01.98192227141919
0 COSMOS 1109 DEB
1 32977U 79058S   20241.55721417  .00000992  00000-0  00000+0 0  9997
2 32977  68.1859  26.6809 7087115  50.4932   2.6248  1.98192227151785
0 COSMOS 1109 DEB
1 32977U 79058S   20243.57611019 +.00000664 +00000-0 +00000-0 0  9994
2 32977 068.1815 026.4733 7087810 050.4156 003.1019 01.98197800141953
0 COSMOS 1109 DEB
1 32977U 79058S   20243.57611019  .00000664  00000-0  00000+0 0  9993
2 32977  68.1815  26.4733 7087810  50.4156   3.1019  1.98197800151820
0 COSMOS 1109 DEB
1 32977U 79058S   20244.58597282 +.00000471 +00000-0 +00000-0 0  9997
2 32977 068.1808 026.3706 7088146 050.3773 003.6495 01.98200215141971
0 COSMOS 1109 DEB
1 32977U 79058S   20245.58550966  .00000276  00000-0  00000+0 0  9998
2 32977  68.1769  26.2665 7088358  50.3492 356.8386  1.98202390151860
0 COSMOS 1109 DEB
1 32977U 79058S   20251.63772582 -.00000620  00000-0  00000+0 0  9995
2 32977  68.1636  25.6451 7090405  50.1163 355.3254  1.98207916151988
0 COSMOS 1109 DEB
1 32977U 79058S   20257.19538296 -.00001043  00000-0  00000+0 0  9994
2 32977  68.1470  25.0717 7092211  49.9047   0.9083  1.98201659152091
0 COSMOS 1109 DEB
1 32977U 79058S   20265.25887608 -.00000782  00000-0  00000+0 0  9993
2 32977  68.1250  24.2379 7095077  49.6016 354.1122  1.98182043152259
0 COSMOS 1109 DEB
1 32977U 79058S   20268.80418038 -.00000134  00000-0  00000+0 0  9995
2 32977  68.1171  23.8703 7096242  49.4659   3.4569  1.98173739152322
0 COSMOS 1109 DEB
1 32977U 79058S   20270.30957796 +.00000146 +00000-0 +00000-0 0  9995
2 32977 068.1107 023.7152 7096581 049.4090 357.4348 01.98171291142487
0 COSMOS 1109 DEB
1 32977U 79058S   20271.31908133  .00000322  00000-0  00000+0 0  9993
2 32977  68.1077  23.6073 7096872  49.3729 357.6249  1.98170064152373
0 COSMOS 1109 DEB
1 32977U 79058S   20272.32810395 +.00000488 +00000-0 +00000-0 0  9991
2 32977 068.1049 023.5017 7097180 049.3345 357.4701 01.98169343142521
0 COSMOS 1109 DEB
1 32977U 79058S   20275.36306083  .00000910  00000-0  00000+0 0  9991
2 32977  68.0947  23.1855 7098040  49.2110   2.6292  1.98170128152458
0 COSMOS 1109 DEB
1 32977U 79058S   20276.37020234 +.00001013 +00000-0 +00000-0 0  9990
2 32977 068.0934 023.0809 7098323 049.1747 001.1346 01.98171359142608
0 COSMOS 1109 DEB
1 32977U 79058S   20277.37959721  .00001092  00000-0  00000+0 0  9999
2 32977  68.0926  22.9763 7098605  49.1390   1.2537  1.98173066152491
0 COSMOS 1109 DEB
1 32977U 79058S   20278.38874250 +.00001138 +00000-0 +00000-0 0  9996
2 32977 068.0895 022.8708 7098802 049.0983 001.1989 01.98175004142640
0 COSMOS 1109 DEB
1 32977U 79058S   20279.39810112  .00001149  00000-0  00000+0 0  9996
2 32977  68.0884  22.7659 7099052  49.0615   1.3095  1.98177495152537
0 COSMOS 1109 DEB
1 32977U 79058S   20282.42866889  .00000957  00000-0  00000+0 0  9992
2 32977  68.0814  22.4510 7099827  48.9428   3.4562  1.98185083152593
0 COSMOS 1109 DEB
1 32977U 79058S   20283.43641951 +.00000824 +00000-0 +00000-0 0  9999
2 32977 068.0815 022.3474 7100025 048.9075 002.4534 01.98187756142746
0 COSMOS 1109 DEB
1 32977U 79058S   20284.44688469  .00000665  00000-0  00000+0 0  9998
2 32977  68.0787  22.2420 7100261  48.8676   3.3974  1.98190299152635
0 COSMOS 1109 DEB
1 32977U 79058S   20285.45586411 +.00000486 +00000-0 +00000-0 0  9996
2 32977 068.0764 022.1375 7100475 048.8281 003.2877 01.98192533142786
0 COSMOS 1109 DEB
1 32977U 79058S   20286.46590892  .00000294  00000-0  00000+0 0  9992
2 32977  68.0743  22.0320 7100710  48.7901   3.9508  1.98194717152675
0 COSMOS 1109 DEB
1 32977U 79058S   20288.48489750 -.00000090  00000-0  00000+0 0  9991
2 32977  68.0693  21.8221 7101179  48.7110   4.5061  1.98197861152717
0 COSMOS 1109 DEB
1 32977U 79058S   20288.48489750 -.00000090 +00000-0 +00000-0 0  9992
2 32977 068.0693 021.8221 7101179 048.7110 004.5061 01.98197861152717
0 COSMOS 1109 DEB
1 32977U 79058S   20293.02015988 -.00000737  00000-0  00000+0 0  9993
2 32977  68.0582  21.3509 7102227  48.5408   0.4862  1.98199941152806
0 COSMOS 1109 DEB
1 32977U 79058S   20293.02015988 -.00000737 +00000-0 +00000-0 0  9994
2 32977 068.0582 021.3509 7102227 048.5408 000.4862 01.98199941152806
0 COSMOS 1109 DEB
1 32977U 79058S   20293.02015988 -.00000737 +00000-0 +00000-0 0  9994
2 32977 068.0582 021.3509 7102227 048.5408 000.4862 01.98199941152806
0 COSMOS 1109 DEB
1 32977U 79058S   20293.02015988 -.00000737 +00000-0 +00000-0 0  9994
2 32977 068.0582 021.3509 7102227 048.5408 000.4862 01.98199941152806
0 COSMOS 1109 DEB
1 32977U 79058S   20293.02015988 -.00000737 +00000-0 +00000-0 0  9994
2 32977 068.0582 021.3509 7102227 048.5408 000.4862 01.98199941152806
0 COSMOS 1109 DEB
1 32977U 79058S   20295.03883458 -.00000939  00000-0  00000+0 0  9995
2 32977  68.0525  21.1409 7102769  48.4590   0.8409  1.98198675152840
0 COSMOS 1109 DEB
1 32977U 79058S   20295.03883458 -.00000939 +00000-0 +00000-0 0  9996
2 32977 068.0525 021.1409 7102769 048.4590 000.8409 01.98198675152840
0 COSMOS 1109 DEB
1 32977U 79058S   20295.03883458 -.00000939 +00000-0 +00000-0 0  9996
2 32977 068.0525 021.1409 7102769 048.4590 000.8409 01.98198675152840
0 COSMOS 1109 DEB
1 32977U 79058S   20300.08497741 -.00001354  00000-0  00000+0 0  9995
2 32977  68.0374  20.6171 7104169  48.2376   1.2680  1.98190984152940
0 COSMOS 1109 DEB
1 32977U 79058S   20301.59993236 -.00001383 +00000-0 +00000-0 0  9995
2 32977 068.0330 020.4564 7104528 048.1928 002.1495 01.98187467152976
0 COSMOS 1109 DEB
1 32977U 79058S   20303.61881056 -.00001298  00000-0  00000+0 0  9990
2 32977  68.0270  20.2450 7105055  48.1144   2.5420  1.98182493153019
0 COSMOS 1109 DEB
1 32977U 79058S   20306.13015080 -.00000998  00000-0  00000+0 0  9992
2 32977  68.0200  19.9817 7105646  48.0180 354.2365  1.98175908153062
0 COSMOS 1109 DEB
1 32977U 79058S   20307.14044503 -.00000831 +00000-0 +00000-0 0  9993
2 32977 068.0172 019.8762 7105892 047.9782 355.0039 01.98173157143214
0 COSMOS 1109 DEB
1 32977U 79058S   20309.15922206 -.00000449  00000-0  00000+0 0  9995
2 32977  68.0116  19.6636 7106447  47.8993 355.2220  1.98168179153123
0 COSMOS 1109 DEB
1 32977U 79058S   20310.16852082 -.00000246 +00000-0 +00000-0 0  9998
2 32977 068.0094 019.5579 7106694 047.8664 355.2539 01.98165996143274
0 COSMOS 1109 DEB
1 32977U 79058S   20311.18247150 -.00000042  00000-0  00000+0 0  9998
2 32977  68.0063  19.4508 7106962  47.8264 358.5983  1.98164126153167
0 COSMOS 1109 DEB
1 32977U 79058S   20312.19080549 +.00000155 +00000-0 +00000-0 0  9992
2 32977 068.0024 019.3427 7107199 047.7879 357.9302 01.98162651143312
0 COSMOS 1109 DEB
1 32977U 79058S   20315.21917302 +.00000661 +00000+0 +00000+0 0  9994
2 32977  67.9940  19.0218 7108003  47.6687 358.3101  1.98161122143373
0 COSMOS 1109 DEB
1 32977U 79058S   20316.23448358 +.00000792 +00000+0 +00000+0 0  9992
2 32977  67.9935  18.9154 7108316  47.6320   2.6126  1.98161653143392
0 COSMOS 1109 DEB
1 32977U 79058S   20317.24377993 +.00000900 +00000+0 +00000+0 0  9991
2 32977  67.9907  18.8088 7108597  47.5896   2.6277  1.98162686143411
0 COSMOS 1109 DEB
1 32977U 79058S   20318.25141747 +.00000983 +00000-0 +00000-0 0  9992
2 32977 067.9882 018.7024 7108889 047.5484 001.4637 01.98164202143434
0 COSMOS 1109 DEB
1 32977U 79058S   20320.27017299 +.00001057 +00000-0 +00000-0 0  9994
2 32977 067.9827 018.4890 7109452 047.4640 001.6389 01.98168515143472
0 COSMOS 1109 DEB
1 32977U 79058S   20320.27017299  .00001057  00000-0  00000+0 0  9993
2 32977  67.9827  18.4890 7109452  47.4640   1.6389  1.98168515153349
0 COSMOS 1109 DEB
1 32977U 79058S   20322.29195406  .00000974  00000-0  00000+0 0  9991
2 32977  67.9791  18.2761 7110021  47.3849   4.0051  1.98173913153383
0 COSMOS 1109 DEB
1 32977U 79058S   20323.30058508 +.00000870 +00000-0 +00000-0 0  9991
2 32977 067.9784 018.1712 7110286 047.3442 003.5906 01.98176769143533
0 COSMOS 1109 DEB
1 32977U 79058S   20324.30870152  .00000729  00000-0  00000+0 0  9991
2 32977  67.9743  18.0632 7110559  47.3044   2.8212  1.98179700153428
0 COSMOS 1109 DEB
1 32977U 79058S   20325.31821319 +.00000560 +00000-0 +00000-0 0  9998
2 32977 067.9725 017.9579 7110771 047.2700 003.0556 01.98182470143577
0 COSMOS 1109 DEB
1 32977U 79058S   20328.34841153 -.00000001  00000-0  00000+0 0  9992
2 32977  67.9667  17.6357 7111864  47.1493   5.0009  1.98189796153502
0 COSMOS 1109 DEB
1 32977U 79058S   20330.36629309 -.00000326 +00000-0 +00000-0 0  9995
2 32977 067.9701 017.4376 7112394 047.0807 004.7310 01.98192961143673
0 COSMOS 1109 DEB
1 32977U 79058S   20330.36629309 -.00000326  00000-0  00000+0 0  9994
2 32977  67.9701  17.4376 7112394  47.0807   4.7310  1.98192961153540
0 COSMOS 1109 DEB
1 32977U 79058S   20335.39977547 -.00000873  00000-0  00000+0 0  9999
2 32977  67.9587  16.9072 7113654  46.8855 356.1054  1.98194266153649
0 COSMOS 1109 DEB
1 32977U 79058S   20335.91152642 -.00000916 +00000-0 +00000-0 0  9997
2 32977 067.9565 016.8538 7113766 046.8602 001.2381 01.98193913143788
0 COSMOS 1109 DEB
1 32977U 79058S   20336.92077561 -.00000999  00000-0  00000+0 0  9995
2 32977  67.9557  16.7448 7113731  46.8164   1.3331  1.98192579153675
0 COSMOS 1109 DEB
1 32977U 79058S   20337.41811044 -.00001038  00000-0  00000-0 0  9998
2 32977  67.9522  16.6868 7113865  46.7972 356.1782  1.98192205143818
0 COSMOS 1109 DEB
1 32977U 79058S   20337.41811044 -.00001038 +00000-0 +00000-0 0  9998
2 32977 067.9522 016.6868 7113865 046.7972 356.1782 01.98192205153684
0 COSMOS 1109 DEB
1 32977U 79058S   20343.48222520 -.00001282  00000-0  00000-0 0  9998
2 32977  67.9406  16.0518 7115931  46.5583   2.7584  1.98182017143934
0 COSMOS 1109 DEB
1 32977U 79058S   20343.48222520 -.00001282  00000-0  00000+0 0  9997
2 32977  67.9406  16.0518 7115931  46.5583   2.7584  1.98182017153801
0 COSMOS 1109 DEB
1 32977U 79058S   20345.50118237 -.00001158 +00000-0 +00000-0 0  9994
2 32977 067.9352 015.8386 7116992 046.4797 003.1694 01.98176608143978
0 COSMOS 1109 DEB
1 32977U 79058S   20345.50118237 -.00001158  00000-0  00000+0 0  9993
2 32977  67.9352  15.8386 7116992  46.4797   3.1694  1.98176608153845
0 COSMOS 1109 DEB
1 32977U 79058S   20352.05446465 -.00000096  00000-0  00000-0 0  9999
2 32977  67.9139  15.1388 7120314  46.2299 358.2920  1.98160528144100
0 COSMOS 1109 DEB
1 32977U 79058S   20352.05446465 -.00000096  00000-0  00000+0 0  9998
2 32977  67.9139  15.1388 7120314  46.2299 358.2920  1.98160528153975
0 COSMOS 1109 DEB
1 32977U 79058S   20353.06036442  .00000088  00000-0  00000+0 0  9990
2 32977  67.9119  15.0317 7120770  46.1899 355.8829  1.98161197153991
0 COSMOS 1109 DEB
1 32977U 79058S   20354.07288177  .00000272  00000-0  00000-0 0  9992
2 32977  67.9050  14.9224 7120686  46.1724 358.1797  1.98158869144142
0 COSMOS 1109 DEB
1 32977U 79058S   20354.07288177  .00000272  00000-0  00000+0 0  9991
2 32977  67.9050  14.9224 7120686  46.1724 358.1797  1.98158869154019
0 COSMOS 1109 DEB
1 32977U 79058S   20355.08228227  .00000450  00000-0  00000-0 0  9992
2 32977  67.9079  14.8169 7120768  46.1275 358.2628  1.98159205144163
0 COSMOS 1109 DEB
1 32977U 79058S   20355.08228227  .00000450  00000-0  00000+0 0  9991
2 32977  67.9079  14.8169 7120768  46.1275 358.2628  1.98159205154030
0 COSMOS 1109 DEB
1 32977U 79058S   20357.10715278  .00000783  00000-0  00000-0 0  9993
2 32977  67.9038  14.6032 7121534  46.0506   2.7497  1.98159958144208
0 COSMOS 1109 DEB
1 32977U 79058S   20357.10715278  .00000783  00000-0  00000+0 0  9992
2 32977  67.9038  14.6032 7121534  46.0506   2.7497  1.98159958154074
0 COSMOS 1109 DEB
1 32977U 79058S   20358.11512097  .00000924  00000-0  00000-0 0  9996
2 32977  67.8958  14.4930 7121850  46.0049   1.8087  1.98161008144222
0 COSMOS 1109 DEB
1 32977U 79058S   20358.11512097  .00000924  00000-0  00000+0 0  9995
2 32977  67.8958  14.4930 7121850  46.0049   1.8087  1.98161008154098
0 COSMOS 1109 DEB
1 32977U 79058S   20359.12446103  .00001040  00000-0  00000-0 0  9992
2 32977  67.8940  14.3859 7122221  45.9665   1.8519  1.98162626144246
0 COSMOS 1109 DEB
1 32977U 79058S   20360.13380795  .00001122  00000-0  00000-0 0  9990
2 32977  67.8919  14.2784 7122569  45.9282   1.9058  1.98164633144269
0 COSMOS 1109 DEB
1 32977U 79058S   20360.13380795  .00001122  00000-0  00000+0 0  9999
2 32977  67.8919  14.2784 7122569  45.9282   1.9058  1.98164633154136
0 COSMOS 1109 DEB
1 32977U 79058S   20361.14333934  .00001165  00000-0  00000-0 0  9992
2 32977  67.8903  14.1705 7122869  45.8926   2.0984  1.98166977144286
0 COSMOS 1109 DEB
1 32977U 79058S   20363.16447822  .00001126  00000-0  00000-0 0  9995
2 32977  67.8868  13.9560 7123613  45.8156   3.9931  1.98172412144323
0 COSMOS 1109 DEB
1 32977U 79058S   20363.16447822  .00001126  00000-0  00000+0 0  9994
2 32977  67.8868  13.9560 7123613  45.8156   3.9931  1.98172412154199
0 COSMOS 1109 DEB
1 32977U 79058S   20364.17378059  .00001046  00000-0  00000-0 0  9993
2 32977  67.8842  13.8482 7123939  45.7780   4.0516  1.98175313144346
0 COSMOS 1109 DEB
1 32977U 79058S   20366.19221569  .00000788  00000-0  00000-0 0  9992
2 32977  67.8792  13.6323 7124641  45.7029   4.0693  1.98180685144387
0 COSMOS 1109 DEB
1 32977U 79058S   20366.19221569  .00000788  00000-0  00000+0 0  9991
2 32977  67.8792  13.6323 7124641  45.7029   4.0693  1.98180685154254
0 COSMOS 1109 DEB
1 32977U 79058S   21001.20104720  .00000625  00000-0  00000-0 0  9990
2 32977  67.8829  13.5262 7125166  45.6702   3.8332  1.98183763144409
0 COSMOS 1109 DEB
1 32977U 79058S   21001.20104720  .00000625  00000-0  00000+0 0  9999
2 32977  67.8829  13.5262 7125166  45.6702   3.8332  1.98183763154275
0 COSMOS 1109 DEB
1 32977U 79058S   21002.21047979  .00000450  00000-0  00000-0 0  9990
2 32977  67.8848  13.4185 7125495  45.6416   4.0413  1.98187053144421
0 COSMOS 1109 DEB
1 32977U 79058S   21002.21047979  .00000450  00000-0  00000+0 0  9999
2 32977  67.8848  13.4185 7125495  45.6416   4.0413  1.98187053154297
0 COSMOS 1109 DEB
1 32977U 79058S   21008.76570937 -.00000515  00000-0  00000-0 0  9994
2 32977  67.8740  12.7288 7127880  45.3946   1.0924  1.98194311144556
0 COSMOS 1109 DEB
1 32977U 79058S   21008.76570937 -.00000515  00000-0  00000+0 0  9993
2 32977  67.8740  12.7288 7127880  45.3946   1.0924  1.98194311154423
0 COSMOS 1109 DEB
1 32977U 79058S   21009.77499969 -.00000619  00000-0  00000-0 0  9996
2 32977  67.8671  12.6220 7128462  45.3588   1.2173  1.98194205144575
0 COSMOS 1109 DEB
1 32977U 79058S   21010.78430764 -.00000722  00000-0  00000-0 0  9992
2 32977  67.8680  12.5181 7128815  45.3231   1.3535  1.98193844144590
0 COSMOS 1109 DEB
1 32977U 79058S   21011.79360435 -.00000825  00000-0  00000-0 0  9995
2 32977  67.8648  12.4100 7129221  45.2867   1.4810  1.98193214144611
0 COSMOS 1109 DEB
1 32977U 79058S   21011.79360435 -.00000825  00000-0  00000+0 0  9994
2 32977  67.8648  12.4100 7129221  45.2867   1.4810  1.98193214154487
0 COSMOS 1109 DEB
1 32977U 79058S   21012.31894101 -.00000879  00000-0  00000-0 0  9995
2 32977  67.8587  12.3483 7129508  45.2569  16.3059  1.98192755144623
0 COSMOS 1109 DEB
1 32977U 79058S   21012.31894101 -.00000879  00000-0  00000+0 0  9994
2 32977  67.8587  12.3483 7129508  45.2569  16.3059  1.98192755154499
0 COSMOS 1109 DEB
1 32977U 79058S   21012.80345737 -.00000927  00000-0  00000-0 0  9999
2 32977  67.8573  12.2966 7129709  45.2395   2.0031  1.98192273144631
0 COSMOS 1109 DEB
1 32977U 79058S   21014.82100699 -.00001107  00000-0  00000-0 0  9990
2 32977  67.8527  12.0814 7130537  45.1673   1.4934  1.98189706144675
0 COSMOS 1109 DEB
1 32977U 79058S   21014.82100699 -.00001107  00000-0  00000+0 0  9999
2 32977  67.8527  12.0814 7130537  45.1673   1.4934  1.98189706154542
0 COSMOS 1109 DEB
1 32977U 79058S   21015.83043573 -.00001170  00000-0  00000-0 0  9999
2 32977  67.8495  11.9742 7130957  45.1306   1.6972  1.98188059144692
0 COSMOS 1109 DEB
1 32977U 79058S   21021.87816671 -.00000877  00000-0  00000-0 0  9990
2 32977  67.8326  11.3277 7133569  44.9118 356.4491  1.98174954144812
0 COSMOS 1109 DEB
1 32977U 79058S   21021.87816671 -.00000877  00000-0  00000+0 0  9999
2 32977  67.8326  11.3277 7133569  44.9118 356.4491  1.98174954154688
0 COSMOS 1109 DEB
1 32977U 79058S   21023.42629017 -.00000638  00000-0  00000-0 0  9994
2 32977  67.8268  11.1625 7134147  44.8550  20.9097  1.98171191144842
0 COSMOS 1109 DEB
1 32977U 79058S   21023.89592946 -.00000557  00000-0  00000-0 0  9995
2 32977  67.8253  11.1123 7134324  44.8378 355.9554  1.98170062144850
0 COSMOS 1109 DEB
1 32977U 79058S   21023.89592946 -.00000557  00000-0  00000+0 0  9994
2 32977  67.8253  11.1123 7134324  44.8378 355.9554  1.98170062154727
0 COSMOS 1109 DEB
1 32977U 79058S   21024.90530302 -.00000373  00000-0  00000-0 0  9992
2 32977  67.8223  11.0041 7134754  44.8009 356.0466  1.98167727144873
0 COSMOS 1109 DEB
1 32977U 79058S   21025.91710375 -.00000179  00000-0  00000-0 0  9998
2 32977  67.8193  10.8957 7135182  44.7640 357.8618  1.98165583144896
0 COSMOS 1109 DEB
1 32977U 79058S   21025.91710375 -.00000179  00000-0  00000+0 0  9997
2 32977  67.8193  10.8957 7135182  44.7640 357.8618  1.98165583154763
0 COSMOS 1109 DEB
1 32977U 79058S   21027.93625689  .00000221  00000-0  00000-0 0  9992
2 32977  67.8133  10.6790 7136019  44.6903 358.2984  1.98162147144933
0 COSMOS 1109 DEB
1 32977U 79058S   21027.93625689  .00000221  00000-0  00000+0 0  9991
2 32977  67.8133  10.6790 7136019  44.6903 358.2984  1.98162147154800
0 COSMOS 1109 DEB
1 32977U 79058S   21028.94546736  .00000416  00000-0  00000-0 0  9995
2 32977  67.8103  10.5706 7136424  44.6534 358.2489  1.98161025144952
0 COSMOS 1109 DEB
1 32977U 79058S   21029.95478536  .00000603  00000-0  00000-0 0  9997
2 32977  67.8074  10.4620 7136838  44.6166 358.2728  1.98160361144973
0 COSMOS 1109 DEB
1 32977U 79058S   21029.95478536  .00000603  00000-0  00000+0 0  9996
2 32977  67.8074  10.4620 7136838  44.6166 358.2728  1.98160361154840
0 COSMOS 1109 DEB
1 32977U 79058S   21030.96071965  .00000776  00000-0  00000-0 0  9996
2 32977  67.8046  10.3538 7137254  44.5799 355.8817  1.98160200144999
0 COSMOS 1109 DEB
1 32977U 79058S   21031.98014376  .00000933  00000-0  00000-0 0  9997
2 32977  67.8018  10.2442 7137678  44.5427   3.1134  1.98160532145016
0 COSMOS 1109 DEB
1 32977U 79058S   21031.98014376  .00000933  00000-0  00000+0 0  9996
2 32977  67.8018  10.2442 7137678  44.5427   3.1134  1.98160532154881
0 COSMOS 1109 DEB
1 32977U 79058S   21032.98930253  .00001069  00000-0  00000-0 0  9990
2 32977  67.7992  10.1356 7138107  44.5061   3.0251  1.98161434145034
0 COSMOS 1109 DEB
1 32977U 79058S   21033.99716448  .00001178  00000-0  00000-0 0  9991
2 32977  67.7971  10.0270 7138522  44.4698   2.0146  1.98162800145053
0 COSMOS 1109 DEB
1 32977U 79058S   21033.99716448  .00001178  00000-0  00000+0 0  9990
2 32977  67.7971  10.0270 7138522  44.4698   2.0146  1.98162800154929
0 COSMOS 1109 DEB
1 32977U 79058S   21035.00889389  .00001255  00000-0  00000-0 0  9996
2 32977  67.7943   9.9181 7138935  44.4332   3.7687  1.98164634145070
0 COSMOS 1109 DEB
1 32977U 79058S   21036.01590171  .00001294  00000-0  00000-0 0  9999
2 32977  67.7917   9.8095 7139324  44.3970   2.1620  1.98166888145099
0 COSMOS 1109 DEB
1 32977U 79058S   21036.01590171  .00001294  00000-0  00000+0 0  9998
2 32977  67.7917   9.8095 7139324  44.3970   2.1620  1.98166888154965
0 COSMOS 1109 DEB
1 32977U 79058S   21037.59972256  .00001265  00000-0  00000-0 0  9999
2 32977  67.7878   9.6391 7139935  44.3400  52.0654  1.98170951145129
0 COSMOS 1109 DEB
1 32977U 79058S   21038.03760986  .00001237  00000-0  00000+0 0  9992
2 32977  67.7858   9.5923 7140149  44.3234   4.4645  1.98172374155001
0 COSMOS 1109 DEB
1 32977U 79058S   21038.60384469  .00001188  00000-0  00000-0 0  9999
2 32977  67.7841   9.5314 7140343  44.3027  48.4277  1.98174020145146
0 COSMOS 1109 DEB
1 32977U 79058S   21039.60190828  .00001071  00000-0  00000-0 0  9995
2 32977  67.7812   9.4239 7140714  44.2665  40.4735  1.98176957145162
0 COSMOS 1109 DEB
1 32977U 79058S   21041.06385972  .00000841  00000-0  00000-0 0  9998
2 32977  67.7773   9.2667 7141256  44.2137   3.4898  1.98181269145191
0 COSMOS 1109 DEB
1 32977U 79058S   21041.06385972  .00000841  00000-0  00000+0 0  9997
2 32977  67.7773   9.2667 7141256  44.2137   3.4898  1.98181269155068
0 COSMOS 1109 DEB
1 32977U 79058S   21042.07339740  .00000660  00000-0  00000-0 0  9991
2 32977  67.7751   9.1582 7141621  44.1774   3.7474  1.98184065145217
0 COSMOS 1109 DEB
1 32977U 79058S   21043.64610153  .00000371  00000-0  00000-0 0  9994
2 32977  67.7712   8.9894 7142200  44.1211  45.8185  1.98188032145244
0 COSMOS 1109 DEB
1 32977U 79058S   21043.64610153  .00000371  00000-0  00000+0 0  9993
2 32977  67.7712   8.9894 7142200  44.1211  45.8185  1.98188032155111
0 COSMOS 1109 DEB
1 32977U 79058S   21044.09287451  .00000292  00000-0  00000-0 0  9997
2 32977  67.7700   8.9414 7142365  44.1050   4.5816  1.98189125145250
0 COSMOS 1109 DEB
1 32977U 79058S   21050.13587264 -.00000510  00000-0  00000-0 0  9998
2 32977  67.7545   8.2927 7144520  43.8897 356.2175  1.98195798145370
0 COSMOS 1109 DEB
1 32977U 79058S   21050.13587264 -.00000510  00000-0  00000+0 0  9997
2 32977  67.7545   8.2927 7144520  43.8897 356.2175  1.98195798155247
0 COSMOS 1109 DEB
1 32977U 79058S   21051.14479744 -.00000613  00000-0  00000-0 0  9997
2 32977  67.7514   8.1844 7144897  43.8540 356.0858  1.98195597145390
0 COSMOS 1109 DEB
1 32977U 79058S   21051.65655514 -.00000664  00000-0  00000-0 0  9990
2 32977  67.7492   8.1294 7145082  43.8359   1.2251  1.98195380145407
0 COSMOS 1109 DEB
1 32977U 79058S   21052.15403706 -.00000713  00000-0  00000-0 0  9995
2 32977  67.7474   8.0761 7145274  43.8184 356.1788  1.98195128145412
0 COSMOS 1109 DEB
1 32977U 79058S   21052.15403706 -.00000713  00000-0  00000+0 0  9994
2 32977  67.7474   8.0761 7145274  43.8184 356.1788  1.98195128155288
0 COSMOS 1109 DEB
1 32977U 79058S   21057.22536868 -.00001115  00000-0  00000-0 0  9991
2 32977  67.7298   7.5290 7147172  43.6402  14.5182  1.98188644145516
0 COSMOS 1109 DEB
1 32977U 79058S   21057.22536868 -.00001115  00000-0  00000+0 0  9990
2 32977  67.7298   7.5290 7147172  43.6402  14.5182  1.98188644155382
0 COSMOS 1109 DEB
1 32977U 79058S   21061.24601948 -.00001077  00000-0  00000+0 0  9996
2 32977  67.7166   7.0936 7148584  43.4964   3.0958  1.98180187155464
0 COSMOS 1109 DEB
1 32977U 79058S   21062.31117953 -.00000985  00000-0  00000-0 0  9991
2 32977  67.7127   6.9780 7149033  43.4590  43.0249  1.98177682145610
0 COSMOS 1109 DEB
1 32977U 79058S   21066.78921434 -.00000356  00000-0  00000-0 0  9995
2 32977  67.6950   6.4902 7150829  43.3007 357.7391  1.98167662145701
0 COSMOS 1109 DEB
1 32977U 79058S   21066.78921434 -.00000356  00000-0  00000+0 0  9994
2 32977  67.6950   6.4902 7150829  43.3007 357.7391  1.98167662155577
0 COSMOS 1109 DEB
1 32977U 79058S   21067.79872986 -.00000187  00000-0  00000-0 0  9996
2 32977  67.6911   6.3800 7151236  43.2647 357.9278  1.98165928145727
0 COSMOS 1109 DEB
1 32977U 79058S   21068.80830334 -.00000011  00000-0  00000-0 0  9996
2 32977  67.6873   6.2698 7151650  43.2285 358.1509  1.98164470145749
0 COSMOS 1109 DEB
1 32977U 79058S   21068.80830334 -.00000011  00000-0  00000+0 0  9995
2 32977  67.6873   6.2698 7151650  43.2285 358.1509  1.98164470155616
0 COSMOS 1109 DEB
1 32977U 79058S   21069.38539764  .00000091  00000-0  00000-0 0  9990
2 32977  67.6851   6.2067 7151881  43.2081  49.8443  1.98163822145757
0 COSMOS 1109 DEB
1 32977U 79058S   21070.82705966  .00000353  00000-0  00000-0 0  9991
2 32977  67.6797   6.0492 7152470  43.1563 358.3079  1.98162864145786
0 COSMOS 1109 DEB
1 32977U 79058S   21070.82705966  .00000353  00000-0  00000+0 0  9990
2 32977  67.6797   6.0492 7152470  43.1563 358.3079  1.98162864155653
0 COSMOS 1109 DEB
1 32977U 79058S   21071.41575227  .00000460  00000-0  00000-0 0  9991
2 32977  67.6775   5.9848 7152686  43.1355  58.2721  1.98162743145790
0 COSMOS 1109 DEB
1 32977U 79058S   21074.86927256  .00000999  00000-0  00000-0 0  9993
2 32977  67.6652   5.6069 7153954  43.0112   1.9734  1.98165702145860
0 COSMOS 1109 DEB
1 32977U 79058S   21074.86927256  .00000999  00000-0  00000+0 0  9992
2 32977  67.6652   5.6069 7153954  43.0112   1.9734  1.98165702155737
0 COSMOS 1109 DEB
1 32977U 79058S   21075.87861920  .00001096  00000-0  00000-0 0  9999
2 32977  67.6634   5.4976 7154298  42.9716   2.0453  1.98167959145883
0 COSMOS 1109 DEB
1 32977U 79058S   21075.87861920  .00001096  00000-0  00000+0 0  9998
2 32977  67.6634   5.4976 7154298  42.9716   2.0453  1.98167959155750
0 COSMOS 1109 DEB
1 32977U 79058S   21077.89730190  .00001161  00000-0  00000-0 0  9990
2 32977  67.6572   5.2775 7155003  42.8978   2.1962  1.98173094145921
0 COSMOS 1109 DEB
1 32977U 79058S   21077.89730190  .00001161  00000-0  00000+0 0  9999
2 32977  67.6572   5.2775 7155003  42.8978   2.1962  1.98173094155797
0 COSMOS 1109 DEB
1 32977U 79058S   21081.93582958  .00000797  00000-0  00000-0 0  9991
2 32977  67.6436   4.8356 7156323  42.7516   3.4555  1.98185642146007
0 COSMOS 1109 DEB
1 32977U 79058S   21081.93582958  .00000797  00000-0  00000+0 0  9990
2 32977  67.6436   4.8356 7156323  42.7516   3.4555  1.98185642155872
0 COSMOS 1109 DEB
1 32977U 79058S   21083.95439093  .00000460  00000-0  00000-0 0  9993
2 32977  67.6373   4.6146 7157030  42.6789   3.6577  1.98191855146042
0 COSMOS 1109 DEB
1 32977U 79058S   21083.95439093  .00000460  00000-0  00000+0 0  9992
2 32977  67.6373   4.6146 7157030  42.6789   3.6577  1.98191855155918
0 COSMOS 1109 DEB
1 32977U 79058S   21086.98310646 -.00000057  00000-0  00000-0 0  9994
2 32977  67.6284   4.2833 7158056  42.5705   4.6523  1.98198919146105
0 COSMOS 1109 DEB
1 32977U 79058S   21086.98310646 -.00000057  00000-0  00000+0 0  9993
2 32977  67.6284   4.2833 7158056  42.5705   4.6523  1.98198919155970
0 COSMOS 1109 DEB
1 32977U 79058S   21089.99861017 -.00000472  00000-0  00000-0 0  9992
2 32977  67.6188   3.9528 7159101  42.4647 356.2811  1.98202876146161
0 COSMOS 1109 DEB
1 32977U 79058S   21089.99861017 -.00000472  00000-0  00000+0 0  9991
2 32977  67.6188   3.9528 7159101  42.4647 356.2811  1.98202876156038
0 COSMOS 1109 DEB
1 32977U 79058S   21091.00807590 -.00000592  00000-0  00000-0 0  9996
2 32977  67.6153   3.8419 7159444  42.4294 356.5688  1.98203675146184
0 COSMOS 1109 DEB
1 32977U 79058S   21093.02625498 -.00000830  00000-0  00000-0 0  9990
2 32977  67.6077   3.6201 7160089  42.3581 356.6003  1.98203776146220
0 COSMOS 1109 DEB
1 32977U 79058S   21093.02625498 -.00000830  00000-0  00000+0 0  9999
2 32977  67.6077   3.6201 7160089  42.3581 356.6003  1.98203776156096
0 COSMOS 1109 DEB
1 32977U 79058S   21095.04423608 -.00001067  00000-0  00000-0 0  9996
2 32977  67.6003   3.3981 7160749  42.2873 356.4905  1.98202828146267
0 COSMOS 1109 DEB
1 32977U 79058S   21095.04423608 -.00001067  00000-0  00000+0 0  9995
2 32977  67.6003   3.3981 7160749  42.2873 356.4905  1.98202828156134
0 COSMOS 1109 DEB
1 32977U 79058S   21101.10809122 -.00001339  00000-0  00000-0 0  9992
2 32977  67.5778   2.7293 7162834  42.0753   3.1281  1.98193978146387
0 COSMOS 1109 DEB
1 32977U 79058S   21101.10809122 -.00001339  00000-0  00000+0 0  9991
2 32977  67.5778   2.7293 7162834  42.0753   3.1281  1.98193978156254
0 COSMOS 1109 DEB
1 32977U 79058S   21102.11738753 -.00001280  00000-0  00000-0 0  9990
2 32977  67.5728   2.6175 7163146  42.0385   3.2509  1.98191818146406
0 COSMOS 1109 DEB
1 32977U 79058S   21104.13625096 -.00001084  00000-0  00000-0 0  9991
2 32977  67.5643   2.3940 7163797  41.9657   3.6667  1.98187161146440
0 COSMOS 1109 DEB
1 32977U 79058S   21104.13625096 -.00001084  00000-0  00000+0 0  9990
2 32977  67.5643   2.3940 7163797  41.9657   3.6667  1.98187161156317
0 COSMOS 1109 DEB
1 32977U 79058S   21107.16509358 -.00000638  00000-0  00000+0 0  9992
2 32977  67.5524   2.0582 7164874  41.8568   4.6160  1.98179906156374
0 COSMOS 1109 DEB
1 32977U 79058S   21109.24041557 -.00000256  00000-0  00000-0 0  9992
2 32977  67.5439   1.8272 7165619  41.7809  45.2278  1.98175516146549
0 COSMOS 1109 DEB
1 32977U 79058S   21109.24041557 -.00000256  00000-0  00000+0 0  9991
2 32977  67.5439   1.8272 7165619  41.7809  45.2278  1.98175516156416
0 COSMOS 1109 DEB
1 32977U 79058S   21110.24973446 -.00000058  00000-0  00000-0 0  9995
2 32977  67.5398   1.7146 7165966  41.7446  45.3043  1.98173769146565
0 COSMOS 1109 DEB
1 32977U 79058S   21110.68911435  .00000029  00000-0  00000-0 0  9990
2 32977  67.5379   1.6653 7166105  41.7288 358.7692  1.98173087146571
0 COSMOS 1109 DEB
1 32977U 79058S   21111.69837760  .00000228  00000-0  00000-0 0  9991
2 32977  67.5341   1.5527 7166449  41.6924 358.7996  1.98172048146591
0 COSMOS 1109 DEB
1 32977U 79058S   21111.69837760  .00000228  00000-0  00000+0 0  9990
2 32977  67.5341   1.5527 7166449  41.6924 358.7996  1.98172048156468
0 COSMOS 1109 DEB
1 32977U 79058S   21112.31937685  .00000348  00000-0  00000-0 0  9991
2 32977  67.5319   1.4835 7166671  41.6700  81.8317  1.98171629146603
0 COSMOS 1109 DEB
1 32977U 79058S   21113.26917451  .00000524  00000-0  00000-0 0  9991
2 32977  67.5284   1.3774 7167005  41.6358  39.4356  1.98171409146626
0 COSMOS 1109 DEB
1 32977U 79058S   21114.29681385  .00000699  00000-0  00000-0 0  9992
2 32977  67.5247   1.2627 7167367  41.5989  52.5698  1.98171563146649
0 COSMOS 1109 DEB
1 32977U 79058S   21114.29681385  .00000699  00000-0  00000+0 0  9991
2 32977  67.5247   1.2627 7167367  41.5989  52.5698  1.98171563156527
0 COSMOS 1109 DEB
1 32977U 79058S   21114.73292003  .00000767  00000-0  00000-0 0  9992
2 32977  67.5231   1.2140 7167526  41.5832   3.6952  1.98171791146650
0 COSMOS 1109 DEB
1 32977U 79058S   21115.74028184  .00000905  00000-0  00000-0 0  9995
2 32977  67.5194   1.1015 7167877  41.5472   2.3677  1.98172792146671
0 COSMOS 1109 DEB
1 32977U 79058S   21119.32779007  .00001085  00000-0  00000-0 0  9990
2 32977  67.5064   0.7001 7169038  41.4193  41.8139  1.98180017146745
0 COSMOS 1109 DEB
1 32977U 79058S   21119.32779007  .00001085  00000-0  00000+0 0  9999
2 32977  67.5064   0.7001 7169038  41.4193  41.8139  1.98180017156612
0 COSMOS 1109 DEB
1 32977U 79058S   21121.35760921  .00000927  00000-0  00000-0 0  9995
2 32977  67.4995   0.4732 7169645  41.3469  50.0007  1.98185723146783
0 COSMOS 1109 DEB
1 32977U 79058S   21121.35760921  .00000927  00000-0  00000+0 0  9994
2 32977  67.4995   0.4732 7169645  41.3469  50.0007  1.98185723156650
0 COSMOS 1109 DEB
1 32977U 79058S   21122.35831696  .00000793  00000-0  00000-0 0  9995
2 32977  67.4962   0.3614 7169955  41.3113  43.9796  1.98188778146807
0 COSMOS 1109 DEB
1 32977U 79058S   21122.80626624  .00000725  00000-0  00000-0 0  9993
2 32977  67.4947   0.3113 7170107  41.2952   3.5848  1.98190227146818
0 COSMOS 1109 DEB
1 32977U 79058S   21123.36064323  .00000636  00000-0  00000-0 0  9998
2 32977  67.4930   0.2495 7170258  41.2754  39.1228  1.98191746146824
0 COSMOS 1109 DEB
1 32977U 79058S   21123.36064323  .00000636  00000-0  00000+0 0  9997
2 32977  67.4930   0.2495 7170258  41.2754  39.1228  1.98191746156690
0 COSMOS 1109 DEB
1 32977U 79058S   21124.40138793  .00000461  00000-0  00000-0 0  9993
2 32977  67.4894   0.1335 7170560  41.2385  61.6851  1.98194588146842
0 COSMOS 1109 DEB
1 32977U 79058S   21125.38829369  .00000295  00000-0  00000-0 0  9992
2 32977  67.4862   0.0234 7170881  41.2036  45.8474  1.98197276146867
0 COSMOS 1109 DEB
1 32977U 79058S   21125.38829369  .00000295  00000-0  00000+0 0  9991
2 32977  67.4862   0.0234 7170881  41.2036  45.8474  1.98197276156734
0 COSMOS 1109 DEB
1 32977U 79058S   21128.43190647 -.00000157  00000-0  00000-0 0  9999
2 32977  67.4763 359.6841 7171790  41.0968  57.5242  1.98203513146928
0 COSMOS 1109 DEB
1 32977U 79058S   21128.43190647 -.00000157  00000-0  00000+0 0  9998
2 32977  67.4763 359.6841 7171790  41.0968  57.5242  1.98203513156806
0 COSMOS 1109 DEB
1 32977U 79058S   21129.42409035 -.00000281  00000-0  00000-0 0  9991
2 32977  67.4733 359.5734 7172065  41.0624  45.4825  1.98204983146947
0 COSMOS 1109 DEB
1 32977U 79058S   21130.43463323 -.00000398  00000-0  00000-0 0  9993
2 32977  67.4702 359.4608 7172342  41.0271  46.5419  1.98205942146967
0 COSMOS 1109 DEB
1 32977U 79058S   21130.43463323 -.00000398  00000-0  00000+0 0  9992
2 32977  67.4702 359.4608 7172342  41.0271  46.5419  1.98205942156834
0 COSMOS 1109 DEB
1 32977U 79058S   21133.39896432 -.00000720  00000-0  00000-0 0  9991
2 32977  67.4613 359.1304 7173344  40.9223   1.7147  1.98206683147028
0 COSMOS 1109 DEB
1 32977U 79058S   21133.39896432 -.00000720  00000-0  00000+0 0  9990
2 32977  67.4613 359.1304 7173344  40.9223   1.7147  1.98206683156893
0 COSMOS 1109 DEB
1 32977U 79058S   21139.45399892 -.00001214  00000-0  00000-0 0  9991
2 32977  67.4361 358.4518 7175298  40.7168   2.1807  1.98200419147145
0 COSMOS 1109 DEB
1 32977U 79058S   21139.45399892 -.00001214  00000-0  00000+0 0  9990
2 32977  67.4361 358.4518 7175298  40.7168   2.1807  1.98200419157012
0 COSMOS 1109 DEB
1 32977U 79058S   21142.98780390 -.00001200  00000-0  00000-0 0  9995
2 32977  67.4204 358.0536 7176561  40.5981   3.5717  1.98193240147218
0 COSMOS 1109 DEB
1 32977U 79058S   21142.98780390 -.00001200  00000-0  00000+0 0  9994
2 32977  67.4204 358.0536 7176561  40.5981   3.5717  1.98193240157084
0 COSMOS 1109 DEB
1 32977U 79058S   21145.00657589 -.00001046  00000-0  00000-0 0  9992
2 32977  67.4129 357.8309 7177366  40.5307   3.9457  1.98188237147254
0 COSMOS 1109 DEB
1 32977U 79058S   21145.00657589 -.00001046  00000-0  00000+0 0  9991
2 32977  67.4129 357.8309 7177366  40.5307   3.9457  1.98188237157121
0 COSMOS 1109 DEB
1 32977U 79058S   21147.60875274 -.00000731  00000-0  00000-0 0  9993
2 32977  67.4013 357.5332 7178183  40.4407  60.4785  1.98181464147300
0 COSMOS 1109 DEB
1 32977U 79058S   21148.03481868 -.00000671  00000-0  00000+0 0  9995
2 32977  67.4005 357.4859 7178395  40.4225   4.4768  1.98181367157185
0 COSMOS 1109 DEB
1 32977U 79058S   21148.52905125 -.00000597  00000-0  00000-0 0  9994
2 32977  67.3986 357.4303 7178577  40.4050 357.0792  1.98179910147324
0 COSMOS 1109 DEB
1 32977U 79058S   21149.04421509 -.00000517  00000-0  00000-0 0  9993
2 32977  67.3964 357.3719 7178752  40.3872   4.6198  1.98178777147332
0 COSMOS 1109 DEB
1 32977U 79058S   21149.04421509 -.00000517  00000-0  00000+0 0  9992
2 32977  67.3964 357.3719 7178752  40.3872   4.6198  1.98178777157209
0 COSMOS 1109 DEB
1 32977U 79058S   21149.54261358 -.00000435  00000-0  00000-0 0  9991
2 32977  67.3958 357.3167 7178990  40.3685   0.1948  1.98177608147345
0 COSMOS 1109 DEB
1 32977U 79058S   21150.54774288 -.00000260  00000-0  00000-0 0  9990
2 32977  67.3920 357.2029 7179354  40.3331 357.2902  1.98175746147362
0 COSMOS 1109 DEB
1 32977U 79058S   21151.55943512 -.00000068  00000-0  00000-0 0  9996
2 32977  67.3884 357.0885 7179737  40.2975 359.0618  1.98174202147389
0 COSMOS 1109 DEB
1 32977U 79058S   21151.55943512 -.00000068  00000-0  00000+0 0  9995
2 32977  67.3884 357.0885 7179737  40.2975 359.0618  1.98174202157256
0 COSMOS 1109 DEB
1 32977U 79058S   21153.08189914  .00000243  00000-0  00000-0 0  9998
2 32977  67.3830 356.9163 7180299  40.2441   5.2220  1.98172560147418
0 COSMOS 1109 DEB
1 32977U 79058S   21156.61210782  .00000921  00000-0  00000-0 0  9991
2 32977  67.3721 356.5188 7181593  40.1202   3.7385  1.98173095147488
0 COSMOS 1109 DEB
1 32977U 79058S   21156.61210782  .00000921  00000-0  00000+0 0  9990
2 32977  67.3721 356.5188 7181593  40.1202   3.7385  1.98173095157355
0 COSMOS 1109 DEB
1 32977U 79058S   21157.61986928  .00001056  00000-0  00000-0 0  9994
2 32977  67.3688 356.4051 7181908  40.0850   2.6998  1.98174418147507
0 COSMOS 1109 DEB
1 32977U 79058S   21158.62917677  .00001148  00000-0  00000-0 0  9993
2 32977  67.3657 356.2914 7182228  40.0497   2.7683  1.98176146147526
0 COSMOS 1109 DEB
1 32977U 79058S   21158.62917677  .00001148  00000-0  00000+0 0  9992
2 32977  67.3657 356.2914 7182228  40.0497   2.7683  1.98176146157392
0 COSMOS 1109 DEB
1 32977U 79058S   21159.63841403  .00001195  00000-0  00000-0 0  9990
2 32977  67.3626 356.1777 7182546  40.0146   2.7939  1.98178292147542
0 COSMOS 1109 DEB
1 32977U 79058S   21160.64763303  .00001194  00000-0  00000-0 0  9994
2 32977  67.3593 356.0638 7182858  39.9799   2.8142  1.98180748147565
0 COSMOS 1109 DEB
1 32977U 79058S   21160.64763303  .00001194  00000-0  00000-0 0  9994
2 32977  67.3593 356.0638 7182858  39.9799   2.8142  1.98180748157432
0 COSMOS 1109 DEB
1 32977U 79058S   21164.68591569  .00000816  00000-0  00000-0 0  9995
2 32977  67.3467 355.6090 7184136  39.8411   3.9972  1.98192069147644
0 COSMOS 1109 DEB
1 32977U 79058S   21164.68591569  .00000816  00000-0  00000+0 0  9994
2 32977  67.3467 355.6090 7184136  39.8411   3.9972  1.98192069157511
0 COSMOS 1109 DEB
1 32977U 79058S   21165.69561644  .00000665  00000-0  00000-0 0  9990
2 32977  67.3438 355.4955 7184469  39.8063   4.4120  1.98194811147662
0 COSMOS 1109 DEB
1 32977U 79058S   21166.70481744  .00000507  00000-0  00000-0 0  9990
2 32977  67.3404 355.3818 7184776  39.7724   4.4792  1.98197319147689
0 COSMOS 1109 DEB
1 32977U 79058S   21166.70481744  .00000507  00000-0  00000+0 0  9999
2 32977  67.3404 355.3818 7184776  39.7724   4.4792  1.98197319157556
0 COSMOS 1109 DEB
1 32977U 79058S   21167.71488712  .00000349  00000-0  00000-0 0  9998
2 32977  67.3374 355.2683 7185118  39.7382   5.1762  1.98199608147706
0 COSMOS 1109 DEB
1 32977U 79058S   21168.72421462  .00000197  00000-0  00000-0 0  9990
2 32977  67.3342 355.1546 7185463  39.7042   5.3502  1.98201530147728
0 COSMOS 1109 DEB
1 32977U 79058S   21168.72421462  .00000197  00000-0  00000+0 0  9999
2 32977  67.3342 355.1546 7185463  39.7042   5.3502  1.98201530157594
0 COSMOS 1109 DEB
1 32977U 79058S   21174.26895248 -.00000516  00000-0  00000-0 0  9999
2 32977  67.3117 354.5262 7187136  39.5293   1.7126  1.98206159157704
0 COSMOS 1109 DEB
1 32977U 79058S   21175.27834108 -.00000641  00000-0  00000-0 0  9998
2 32977  67.3098 354.4166 7187498  39.4955   1.9505  1.98205895147853
0 COSMOS 1109 DEB
1 32977U 79058S   21176.28755736 -.00000765  00000-0  00000-0 0  9996
2 32977  67.3062 354.3032 7187828  39.4629   2.0652  1.98205407147876
0 COSMOS 1109 DEB
1 32977U 79058S   21176.28755736 -.00000765  00000-0  00000+0 0  9995
2 32977  67.3062 354.3032 7187828  39.4629   2.0652  1.98205407157743
0 COSMOS 1109 DEB
1 32977U 79058S   21177.29685963 -.00000881  00000-0  00000-0 0  9991
2 32977  67.3024 354.1897 7188171  39.4296   2.2382  1.98204634147898
0 COSMOS 1109 DEB
1 32977U 79058S   21181.33354883 -.00001152  00000-0  00000+0 0  9996
2 32977  67.2842 353.7305 7189651  39.2956   2.5170  1.98199386157840
0 COSMOS 1109 DEB
1 32977U 79058S   21183.85778074 -.00001110  00000-0  00000-0 0  9992
2 32977  67.2729 353.4423 7190533  39.2171   3.5674  1.98194486148028
0 COSMOS 1109 DEB
1 32977U 79058S   21183.85778074 -.00001110  00000-0  00000+0 0  9991
2 32977  67.2729 353.4423 7190533  39.2171   3.5674  1.98194486157893
0 COSMOS 1109 DEB
1 32977U 79058S   21189.40057774 -.00000543  00000-0  00000-0 0  9995
2 32977  67.2526 352.8144 7192520  39.0398 358.1997  1.98181146148131
0 COSMOS 1109 DEB
1 32977U 79058S   21189.40057774 -.00000543  00000-0  00000+0 0  9994
2 32977  67.2526 352.8144 7192520  39.0398 358.1997  1.98181146158008
0 COSMOS 1109 DEB
1 32977U 79058S   21192.42949711  .00000016  00000-0  00000-0 0  9996
2 32977  67.2395 352.4695 7193569  38.9400 359.1439  1.98174811148197
0 COSMOS 1109 DEB
1 32977U 79058S   21192.42949711  .00000016  00000-0  00000+0 0  9995
2 32977  67.2395 352.4695 7193569  38.9400 359.1439  1.98174811158064
0 COSMOS 1109 DEB
1 32977U 79058S   21193.43859841  .00000226  00000-0  00000-0 0  9995
2 32977  67.2354 352.3548 7193927  38.9059 359.0620  1.98173320148214
0 COSMOS 1109 DEB
1 32977U 79058S   21194.44799817  .00000438  00000-0  00000-0 0  9998
2 32977  67.2316 352.2403 7194295  38.8722 359.1884  1.98172241148232
0 COSMOS 1109 DEB
1 32977U 79058S   21194.44799817  .00000438  00000-0  00000+0 0  9997
2 32977  67.2316 352.2403 7194295  38.8722 359.1884  1.98172241158109
0 COSMOS 1109 DEB
1 32977U 79058S   21195.45747167  .00000645  00000-0  00000-0 0  9991
2 32977  67.2272 352.1255 7194658  38.8358 359.3650  1.98171649148251
0 COSMOS 1109 DEB
1 32977U 79058S   21196.46684653  .00000837  00000-0  00000+0 0  9995
2 32977  67.2230 352.0109 7195023  38.8000 359.4690  1.98171527158142
0 COSMOS 1109 DEB
1 32977U 79058S   21198.48994733  .00001145  00000-0  00000-0 0  9996
2 32977  67.2160 351.7804 7195773  38.7410   2.7848  1.98172959148319
0 COSMOS 1109 DEB
1 32977U 79058S   21198.48994733  .00001145  00000-0  00000+0 0  9995
2 32977  67.2160 351.7804 7195773  38.7410   2.7848  1.98172959158185
0 COSMOS 1109 DEB
1 32977U 79058S   21199.49916203  .00001241  00000-0  00000-0 0  9991
2 32977  67.2108 351.6648 7196096  38.7044   2.7812  1.98174370148330
0 COSMOS 1109 DEB
1 32977U 79058S   21200.50838442  .00001289  00000-0  00000-0 0  9996
2 32977  67.2063 351.5496 7196416  38.6696   2.7895  1.98176271148353
0 COSMOS 1109 DEB
1 32977U 79058S   21200.50838442  .00001289  00000-0  00000+0 0  9995
2 32977  67.2063 351.5496 7196416  38.6696   2.7895  1.98176271158220
0 COSMOS 1109 DEB
1 32977U 79058S   21201.51765109  .00001286  00000-0  00000-0 0  9994
2 32977  67.2019 351.4343 7196728  38.6352   2.8368  1.98178546148374
0 COSMOS 1109 DEB
1 32977U 79058S   21204.54830993  .00001013  00000-0  00000-0 0  9992
2 32977  67.1892 351.0882 7197676  38.5351   5.0749  1.98186829148435
0 COSMOS 1109 DEB
1 32977U 79058S   21208.58417302  .00000401  00000-0  00000-0 0  9995
2 32977  67.1727 350.6283 7198781  38.4094   4.6195  1.98197502148512
0 COSMOS 1109 DEB
1 32977U 79058S   21208.58417302  .00000401  00000-0  00000+0 0  9994
2 32977  67.1727 350.6283 7198781  38.4094   4.6195  1.98197502158388
0 COSMOS 1109 DEB
1 32977U 79058S   21209.59485507  .00000257  00000-0  00000-0 0  9998
2 32977  67.1686 350.5132 7199065  38.3758   5.7537  1.98199625148532
0 COSMOS 1109 DEB
1 32977U 79058S   21216.14856576 -.00000570  00000-0  00000-0 0  9994
2 32977  67.1446 349.7668 7201198  38.1528   2.0223  1.98204597148665
0 COSMOS 1109 DEB
1 32977U 79058S   21216.14856576 -.00000570  00000-0  00000+0 0  9993
2 32977  67.1446 349.7668 7201198  38.1528   2.0223  1.98204597158532
0 COSMOS 1109 DEB
1 32977U 79058S   21217.15751984 -.00000683  00000-0  00000-0 0  9998
2 32977  67.1419 349.6558 7201534  38.1201   1.9455  1.98204153148689
0 COSMOS 1109 DEB
1 32977U 79058S   21217.66472260 -.00000737  00000-0  00000-0 0  9991
2 32977  67.1403 349.5991 7201694  38.1029   3.8506  1.98203792148694
0 COSMOS 1109 DEB
1 32977U 79058S   21218.16672953 -.00000787  00000-0  00000-0 0  9993
2 32977  67.1383 349.5428 7201879  38.0838   2.0485  1.98203404148707
0 COSMOS 1109 DEB
1 32977U 79058S   21218.16672953 -.00000787  00000-0  00000+0 0  9992
2 32977  67.1383 349.5428 7201879  38.0838   2.0485  1.98203404158573
0 COSMOS 1109 DEB
1 32977U 79058S   21218.66456205 -.00000835  00000-0  00000-0 0  9992
2 32977  67.1342 349.4823 7202000  38.0722 357.2659  1.98202917148716
0 COSMOS 1109 DEB
1 32977U 79058S   21219.17599351 -.00000881  00000-0  00000-0 0  9990
2 32977  67.1310 349.4230 7202175  38.0556   2.1869  1.98202410148729
0 COSMOS 1109 DEB
1 32977U 79058S   21227.25311813 -.00000980  00000-0  00000-0 0  9993
2 32977  67.0925 348.4970 7204905  37.7965   5.2284  1.98187146148883
0 COSMOS 1109 DEB
1 32977U 79058S   21227.25311813 -.00000980  00000-0  00000+0 0  9992
2 32977  67.0925 348.4970 7204905  37.7965   5.2284  1.98187146158750
0 COSMOS 1109 DEB
1 32977U 79058S   21228.26264897 -.00000903  00000-0  00000-0 0  9999
2 32977  67.0874 348.3807 7205224  37.7638   5.4945  1.98184587148901
0 COSMOS 1109 DEB
1 32977U 79058S   21229.26084161 -.00000808  00000-0  00000-0 0  9998
2 32977  67.0834 348.2669 7205536  37.7324 357.6622  1.98182027148923
0 COSMOS 1109 DEB
1 32977U 79058S   21229.26084161 -.00000808  00000-0  00000+0 0  9997
2 32977  67.0834 348.2669 7205536  37.7324 357.6622  1.98182027158799
0 COSMOS 1109 DEB
1 32977U 79058S   21232.28804454 -.00000399  00000-0  00000-0 0  9994
2 32977  67.0695 347.9185 7206510  37.6335 357.3942  1.98174939148982
0 COSMOS 1109 DEB
1 32977U 79058S   21232.28804454 -.00000399  00000-0  00000+0 0  9993
2 32977  67.0695 347.9185 7206510  37.6335 357.3942  1.98174939158859
0 COSMOS 1109 DEB
1 32977U 79058S   21233.29734778 -.00000217  00000-0  00000-0 0  9996
2 32977  67.0649 347.8023 7206822  37.6005 357.4563  1.98172947149002
0 COSMOS 1109 DEB
1 32977U 79058S   21234.30930730 -.00000013  00000-0  00000-0 0  9999
2 32977  67.0604 347.6856 7207134  37.5673 359.4076  1.98171311149029
0 COSMOS 1109 DEB
1 32977U 79058S   21235.31575872  .00000202  00000-0  00000-0 0  9992
2 32977  67.0560 347.5695 7207445  37.5341 357.4243  1.98170088149043
0 COSMOS 1109 DEB
1 32977U 79058S   21236.32760076  .00000422  00000-0  00000-0 0  9990
2 32977  67.0516 347.4527 7207742  37.5007 359.2829  1.98169314149068
0 COSMOS 1109 DEB
1 32977U 79058S   21236.32760076  .00000422  00000-0  00000+0 0  9999
2 32977  67.0516 347.4527 7207742  37.5007 359.2829  1.98169314158934
0 COSMOS 1109 DEB
1 32977U 79058S   21240.36957931  .00001084  00000-0  00000-0 0  9992
2 32977  67.0356 346.9867 7208900  37.3687   2.8710  1.98171311149149
0 COSMOS 1109 DEB
1 32977U 79058S   21240.36957931  .00001084  00000-0  00000+0 0  9991
2 32977  67.0356 346.9867 7208900  37.3687   2.8710  1.98171311159016
0 COSMOS 1109 DEB
1 32977U 79058S   21241.37868778  .00001149  00000-0  00000-0 0  9996
2 32977  67.0322 346.8704 7209163  37.3352   2.7868  1.98172990149161
0 COSMOS 1109 DEB
1 32977U 79058S   21242.38797389  .00001167  00000-0  00000-0 0  9997
2 32977  67.0283 346.7538 7209446  37.3026   2.8368  1.98175112149180
0 COSMOS 1109 DEB
1 32977U 79058S   21242.38797389  .00001167  00000-0  00000+0 0  9996
2 32977  67.0283 346.7538 7209446  37.3026   2.8368  1.98175112159057
0 COSMOS 1109 DEB
1 32977U 79058S   21243.39717144  .00001140  00000-0  00000-0 0  9991
2 32977  67.0243 346.6373 7209705  37.2686   2.8316  1.98177544149208
0 COSMOS 1109 DEB
1 32977U 79058S   21245.41877662  .00000976  00000-0  00000-0 0  9994
2 32977  67.0165 346.4039 7210214  37.2017   5.1394  1.98183015149249
0 COSMOS 1109 DEB
1 32977U 79058S   21245.41877662  .00000976  00000-0  00000+0 0  9993
2 32977  67.0165 346.4039 7210214  37.2017   5.1394  1.98183015159116
0 COSMOS 1109 DEB
1 32977U 79058S   21248.44574567  .00000564  00000-0  00000-0 0  9991
2 32977  67.0048 346.0540 7211015  37.1019   4.7987  1.98191334149306
0 COSMOS 1109 DEB
1 32977U 79058S   21248.44574567  .00000564  00000-0  00000+0 0  9990
2 32977  67.0048 346.0540 7211015  37.1019   4.7987  1.98191334159172
0 COSMOS 1109 DEB
1 32977U 79058S   21251.47458073  .00000110  00000-0  00000-0 0  9998
2 32977  66.9946 345.7049 7211877  37.0006   5.8702  1.98197679149363
0 COSMOS 1109 DEB
1 32977U 79058S   21251.47458073  .00000110  00000-0  00000+0 0  9997
2 32977  66.9946 345.7049 7211877  37.0006   5.8702  1.98197679159230
0 COSMOS 1109 DEB
1 32977U 79058S   21257.01869566 -.00000654  00000-0  00000-0 0  9991
2 32977  66.9747 345.0709 7213010  36.8338   1.7083  1.98201417149479
0 COSMOS 1109 DEB
1 32977U 79058S   21257.01869566 -.00000654  00000-0  00000+0 0  9990
2 32977  66.9747 345.0709 7213010  36.8338   1.7083  1.98201417159346
0 COSMOS 1109 DEB
1 32977U 79058S   21258.02832734 -.00000789  00000-0  00000-0 0  9999
2 32977  66.9697 344.9513 7213192  36.8096   2.1032  1.98201013149499
0 COSMOS 1109 DEB
1 32977U 79058S   21258.02832734 -.00000789  00000-0  00000+0 0  9998
2 32977  66.9697 344.9513 7213192  36.8096   2.1032  1.98201013159366
0 COSMOS 1109 DEB
1 32977U 79058S   21259.53544417 -.00000971  00000-0  00000-0 0  9997
2 32977  66.9622 344.7768 7213741  36.7434 357.4658  1.98200046149521
0 COSMOS 1109 DEB
1 32977U 79058S   21259.53544417 -.00000971  00000-0  00000+0 0  9996
2 32977  66.9622 344.7768 7213741  36.7434 357.4658  1.98200046159397
0 COSMOS 1109 DEB
1 32977U 79058S   21267.61745552 -.00001179  00000-0  00000-0 0  9999
2 32977  66.9260 343.8362 7215944  36.4777   3.9674  1.98186685149683
0 COSMOS 1109 DEB
1 32977U 79058S   21267.61745552 -.00001179  00000-0  00000+0 0  9998
2 32977  66.9260 343.8362 7215944  36.4777   3.9674  1.98186685159550
0 COSMOS 1109 DEB
1 32977U 79058S   21273.16290887 -.00000538  00000-0  00000-0 0  9990
2 32977  66.8996 343.1851 7217588  36.2916   0.3508  1.98172972149796
0 COSMOS 1109 DEB
1 32977U 79058S   21273.16290887 -.00000538  00000-0  00000+0 0  9999
2 32977  66.8996 343.1851 7217588  36.2916   0.3508  1.98172972159663
0 COSMOS 1109 DEB
1 32977U 79058S   21275.17802735 -.00000129  00000-0  00000-0 0  9990
2 32977  66.8908 342.9485 7218200  36.2240 357.9680  1.98168960149830
0 COSMOS 1109 DEB
1 32977U 79058S   21275.17802735 -.00000129  00000-0  00000+0 0  9999
2 32977  66.8908 342.9485 7218200  36.2240 357.9680  1.98168960159707
0 COSMOS 1109 DEB
1 32977U 79058S   21276.18930208  .00000093  00000-0  00000-0 0  9998
2 32977  66.8875 342.8312 7218518  36.1914 359.4173  1.98167441149859
0 COSMOS 1109 DEB
1 32977U 79058S   21277.19857303  .00000316  00000-0  00000-0 0  9992
2 32977  66.8823 342.7115 7218834  36.1569 359.4342  1.98166422149877
0 COSMOS 1109 DEB
1 32977U 79058S   21277.19857303  .00000316  00000-0  00000+0 0  9991
2 32977  66.8823 342.7115 7218834  36.1569 359.4342  1.98166422159744
0 COSMOS 1109 DEB
1 32977U 79058S   21278.20818297  .00000528  00000-0  00000-0 0  9999
2 32977  66.8768 342.5909 7219142  36.1213 359.6896  1.98165865149891
0 COSMOS 1109 DEB
1 32977U 79058S   21279.21742811  .00000721  00000-0  00000-0 0  9994
2 32977  66.8756 342.4744 7219433  36.0916 359.6827  1.98165824149918
0 COSMOS 1109 DEB
1 32977U 79058S   21279.21742811  .00000721  00000-0  00000+0 0  9993
2 32977  66.8756 342.4744 7219433  36.0916 359.6827  1.98165824159784
0 COSMOS 1109 DEB
1 32977U 79058S   21280.23279084  .00000883  00000-0  00000-0 0  9994
2 32977  66.8713 342.3548 7219739  36.0583   4.0410  1.98166319149932
0 COSMOS 1109 DEB
1 32977U 79058S   21281.24063394  .00001003  00000-0  00000-0 0  9996
2 32977  66.8688 342.2383 7220007  36.0144   3.0387  1.98167345149956
0 COSMOS 1109 DEB
1 32977U 79058S   21281.24063394  .00001003  00000-0  00000+0 0  9995
2 32977  66.8688 342.2383 7220007  36.0144   3.0387  1.98167345159823
0 COSMOS 1109 DEB
1 32977U 79058S   21282.24990661  .00001077  00000-0  00000-0 0  9994
2 32977  66.8643 342.1189 7220309  35.9847   3.0606  1.98168938149978
0 COSMOS 1109 DEB
1 32977U 79058S   21283.25913815  .00001100  00000-0  00000-0 0  9999
2 32977  66.8594 341.9992 7220611  35.9534   3.0593  1.98170962149998
0 COSMOS 1109 DEB
1 32977U 79058S   21283.25913815  .00001100  00000-0  00000+0 0  9998
2 32977  66.8594 341.9992 7220611  35.9534   3.0593  1.98170962159865
0 COSMOS 1109 DEB
1 32977U 79058S   21284.26836687  .00001075  00000-0  00000-0 0  9993
2 32977  66.8560 341.8810 7220894  35.9185   3.0632  1.98173312150015
0 COSMOS 1109 DEB
1 32977U 79058S   21286.29022920  .00000906  00000-0  00000-0 0  9997
2 32977  66.8494 341.6440 7221483  35.8515   5.5295  1.98178866150054
0 COSMOS 1109 DEB
1 32977U 79058S   21286.29022920  .00000906  00000-0  00000+0 0  9996
2 32977  66.8494 341.6440 7221483  35.8515   5.5295  1.98178866159929
0 COSMOS 1109 DEB
1 32977U 79058S   21287.29912478  .00000783  00000-0  00000-0 0  9997
2 32977  66.8469 341.5266 7221783  35.8188   5.3246  1.98181787150072
0 COSMOS 1109 DEB
1 32977U 79058S   21288.30692541  .00000648  00000-0  00000-0 0  9996
2 32977  66.8441 341.4089 7222088  35.7861   4.3490  1.98184694150092
0 COSMOS 1109 DEB
1 32977U 79058S   21288.30692541  .00000648  00000-0  00000+0 0  9995
2 32977  66.8441 341.4089 7222088  35.7861   4.3490  1.98184694159967
0 COSMOS 1109 DEB
1 32977U 79058S   21289.31643736  .00000509  00000-0  00000-0 0  9996
2 32977  66.8413 341.2913 7222378  35.7534   4.6047  1.98187507150114
0 COSMOS 1109 DEB
1 32977U 79058S   21290.32620065  .00000369  00000-0  00000-0 0  9993
2 32977  66.8379 341.1727 7222671  35.7208   5.0503  1.98190157150130
0 COSMOS 1109 DEB
1 32977U 79058S   21290.32620065  .00000369  00000-0  00000+0 0  9992
2 32977  66.8379 341.1727 7222671  35.7208   5.0503  1.98190157160007
0 COSMOS 1109 DEB
1 32977U 79058S   21291.33534883  .00000232  00000-0  00000-0 0  9996
2 32977  66.8347 341.0545 7222959  35.6876   5.0652  1.98192498150158
0 COSMOS 1109 DEB
1 32977U 79058S   21297.89031455 -.00000613  00000-0  00000-0 0  9994
2 32977  66.8147 340.2895 7224938  35.4776   2.0957  1.98199444150288
0 COSMOS 1109 DEB
1 32977U 79058S   21297.89031455 -.00000613  00000-0  00000+0 0  9993
2 32977  66.8147 340.2895 7224938  35.4776   2.0957  1.98199444160155
0 COSMOS 1109 DEB
1 32977U 79058S   21298.89969736 -.00000725  00000-0  00000-0 0  9991
2 32977  66.8109 340.1700 7225253  35.4451   2.3073  1.98199234150303
0 COSMOS 1109 DEB
1 32977U 79058S   21299.90906023 -.00000826  00000-0  00000+0 0  9995
2 32977  66.8069 340.0496 7225572  35.4124   2.5048  1.98198805160195
0 COSMOS 1109 DEB
1 32977U 79058S   21300.40709304 -.00000872  00000-0  00000-0 0  9998
2 32977  66.8049 339.9905 7225742  35.3965 357.8593  1.98198525150331
0 COSMOS 1109 DEB
1 32977U 79058S   21301.41659903 -.00000955  00000-0  00000-0 0  9991
2 32977  66.8015 339.8718 7226103  35.3635 358.1549  1.98197714150357
0 COSMOS 1109 DEB
1 32977U 79058S   21301.92766928 -.00000991  00000-0  00000-0 0  9993
2 32977  66.7999 339.8118 7226295  35.3466   2.8097  1.98197253150365
0 COSMOS 1109 DEB
1 32977U 79058S   21301.92766928 -.00000991  00000-0  00000+0 0  9992
2 32977  66.7999 339.8118 7226295  35.3466   2.8097  1.98197253160232
0 COSMOS 1109 DEB
1 32977U 79058S   21308.48906462 -.00001096  00000-0  00000-0 0  9997
2 32977  66.7762 339.0396 7229012  35.1364   4.3050  1.98186103150490
0 COSMOS 1109 DEB
1 32977U 79058S   21308.48906462 -.00001096  00000-0  00000+0 0  9996
2 32977  66.7762 339.0396 7229012  35.1364   4.3050  1.98186103160367
0 COSMOS 1109 DEB
1 32977U 79058S   21309.49846247 -.00001048  00000-0  00000-0 0  9990
2 32977  66.7699 338.9218 7229324  35.1059   4.4874  1.98184734150513
0 COSMOS 1109 DEB
1 32977U 79058S   21309.49846247 -.00001048  00000-0  00000+0 0  9999
2 32977  66.7699 338.9218 7229324  35.1059   4.4874  1.98184734160389
0 COSMOS 1109 DEB
1 32977U 79058S   21310.50791733 -.00000982  00000-0  00000-0 0  9999
2 32977  66.7651 338.8013 7229793  35.0744   4.6924  1.98182320150532
0 COSMOS 1109 DEB
1 32977U 79058S   21313.53621741 -.00000638  00000-0  00000-0 0  9994
2 32977  66.7549 338.4426 7231448  34.9733   5.2025  1.98173373150591
0 COSMOS 1109 DEB
1 32977U 79058S   21314.03106701 -.00000557  00000-0  00000-0 0  9994
2 32977  66.7527 338.3840 7231683  34.9587 358.2400  1.98172208150600
0 COSMOS 1109 DEB
1 32977U 79058S   21314.54563841 -.00000465  00000-0  00000+0 0  9999
2 32977  66.7461 338.3217 7231488  34.9578   5.3416  1.98170727160486
0 COSMOS 1109 DEB
1 32977U 79058S   21315.04032907 -.00000370  00000-0  00000-0 0  9995
2 32977  66.7495 338.2648 7231574  34.9370 358.2513  1.98170921150625
0 COSMOS 1109 DEB
1 32977U 79058S   21315.04032907 -.00000370  00000-0  00000+0 0  9994
2 32977  66.7495 338.2648 7231574  34.9370 358.2513  1.98170921160491
0 COSMOS 1109 DEB
1 32977U 79058S   21316.04973519 -.00000158  00000-0  00000-0 0  9993
2 32977  66.7452 338.1446 7231988  34.9059 358.3738  1.98169098150641
0 COSMOS 1109 DEB
1 32977U 79058S   21319.07976847  .00000539  00000-0  00000-0 0  9998
2 32977  66.7336 337.7844 7233234  34.8114   0.0090  1.98166124150702
0 COSMOS 1109 DEB
1 32977U 79058S   21319.07976847  .00000539  00000-0  00000+0 0  9997
2 32977  66.7336 337.7844 7233234  34.8114   0.0090  1.98166124160578
0 COSMOS 1109 DEB
1 32977U 79058S   21320.08943529  .00000748  00000-0  00000-0 0  9994
2 32977  66.7298 337.6641 7233621  34.7802   0.3044  1.98166117150722
0 COSMOS 1109 DEB
1 32977U 79058S   21327.15418087  .00001094  00000-0  00000-0 0  9990
2 32977  66.7030 336.8258 7236505  34.5501   0.4044  1.98179262150860
0 COSMOS 1109 DEB
1 32977U 79058S   21327.15418087  .00001094  00000-0  00000+0 0  9999
2 32977  66.7030 336.8258 7236505  34.5501   0.4044  1.98179262160737
0 COSMOS 1109 DEB
1 32977U 79058S   21331.18982994  .00000623  00000-0  00000-0 0  9998
2 32977  66.6908 336.3468 7238163  34.4302 359.7000  1.98190857150945
0 COSMOS 1109 DEB
1 32977U 79058S   21331.18982994  .00000623  00000-0  00000+0 0  9997
2 32977  66.6908 336.3468 7238163  34.4302 359.7000  1.98190857160812
0 COSMOS 1109 DEB
1 32977U 79058S   21339.26034850 -.00000478  00000-0  00000-0 0  9993
2 32977  66.6640 335.3904 7241678  34.2009 358.1043  1.98201069151106
0 COSMOS 1109 DEB
1 32977U 79058S   21339.26034850 -.00000478  00000-0  00000+0 0  9992
2 32977  66.6640 335.3904 7241678  34.2009 358.1043  1.98201069160971
0 COSMOS 1109 DEB
1 32977U 79058S   21340.26916350 -.00000603  00000-0  00000-0 0  9999
2 32977  66.6626 335.2723 7242118  34.1669 357.9181  1.98200916151121
0 COSMOS 1109 DEB
1 32977U 79058S   21340.78033799 -.00000662  00000-0  00000-0 0  9998
2 32977  66.6608 335.2117 7242339  34.1505   2.6523  1.98200709151137
0 COSMOS 1109 DEB
1 32977U 79058S   21342.28760366 -.00000811  00000-0  00000-0 0  9998
2 32977  66.6561 335.0334 7243040  34.1054 358.1189  1.98199890151161
0 COSMOS 1109 DEB
1 32977U 79058S   21342.28760366 -.00000811  00000-0  00000+0 0  9997
2 32977  66.6561 335.0334 7243040  34.1054 358.1189  1.98199890161038
0 COSMOS 1109 DEB
1 32977U 79058S   21349.86222337 -.00000992  00000-0  00000-0 0  9990
2 32977  66.6254 334.1315 7246563  33.8848   2.6132  1.98188472151319
0 COSMOS 1109 DEB
1 32977U 79058S   21349.86222337 -.00000992  00000-0  00000+0 0  9999
2 32977  66.6254 334.1315 7246563  33.8848   2.6132  1.98188472161185
0 COSMOS 1109 DEB
1 32977U 79058S   21350.87239331 -.00000946  00000-0  00000-0 0  9994
2 32977  66.6211 334.0110 7247042  33.8552   3.3417  1.98186197151337
0 COSMOS 1109 DEB
1 32977U 79058S   21355.91454553 -.00000282  00000-0  00000-0 0  9992
2 32977  66.5985 333.4073 7249406  33.7081   0.6517  1.98174343151439
0 COSMOS 1109 DEB
1 32977U 79058S   21355.91454553 -.00000282  00000-0  00000+0 0  9991
2 32977  66.5985 333.4073 7249406  33.7081   0.6517  1.98174343161306
0 COSMOS 1109 DEB
1 32977U 79058S   21356.92051234 -.00000068  00000-0  00000-0 0  9995
2 32977  66.5940 333.2866 7249882  33.6786 358.3330  1.98172388151452
0 COSMOS 1109 DEB
1 32977U 79058S   21357.92976510  .00000162  00000-0  00000-0 0  9993
2 32977  66.5896 333.1655 7250375  33.6490 358.3519  1.98170720151477
0 COSMOS 1109 DEB
1 32977U 79058S   21357.92976510  .00000162  00000-0  00000+0 0  9992
2 32977  66.5896 333.1655 7250375  33.6490 358.3519  1.98170720161344
0 COSMOS 1109 DEB
1 32977U 79058S   21358.44493126  .00000281  00000-0  00000-0 0  9990
2 32977  66.5881 333.1039 7250621  33.6326   5.8782  1.98170000151487
0 COSMOS 1109 DEB
1 32977U 79058S   21358.94093875  .00000396  00000-0  00000-0 0  9999
2 32977  66.5857 333.0443 7250854  33.6183 359.7353  1.98169399151492
0 COSMOS 1109 DEB
1 32977U 79058S   21359.45446830  .00000513  00000-0  00000-0 0  9990
2 32977  66.5834 332.9826 7251109  33.6034   6.0921  1.98168917151509
0 COSMOS 1109 DEB
1 32977U 79058S   21360.95976387  .00000831  00000-0  00000-0 0  9995
2 32977  66.5766 332.8016 7251830  33.5596 359.9818  1.98168288151535
0 COSMOS 1109 DEB
1 32977U 79058S   21360.95976387  .00000831  00000-0  00000+0 0  9994
2 32977  66.5766 332.8016 7251830  33.5596 359.9818  1.98168288161402
0 COSMOS 1109 DEB
1 32977U 79058S   21365.00118808  .00001289  00000-0  00000-0 0  9990
2 32977  66.5605 332.3164 7253590  33.4455   3.1777  1.98172305151610
0 COSMOS 1109 DEB
1 32977U 79058S   21365.00118808  .00001289  00000-0  00000+0 0  9999
2 32977  66.5605 332.3164 7253590  33.4455   3.1777  1.98172305161486
0 COSMOS 1109 DEB
1 32977U 79058S   22001.01040479  .00001286  00000-0  00000-0 0  9994
2 32977  66.5562 332.1948 7254054  33.4162   3.1790  1.98174589151634
0 COSMOS 1109 DEB
1 32977U 79058S   22004.04119720  .00001057  00000-0  00000+0 0  9991
2 32977  66.5447 331.8313 7255423  33.3286   5.4770  1.98183010161560
0 COSMOS 1109 DEB
1 32977U 79058S   22006.05791809  .00000808  00000-0  00000-0 0  9992
2 32977  66.5369 331.5894 7256264  33.2712   4.3448  1.98189013151738
0 COSMOS 1109 DEB
1 32977U 79058S   22006.05791809  .00000808  00000-0  00000+0 0  9991
2 32977  66.5369 331.5894 7256264  33.2712   4.3448  1.98189013161605
0 COSMOS 1109 DEB
1 32977U 79058S   22007.06739354  .00000672  00000-0  00000-0 0  9990
2 32977  66.5306 331.4665 7256553  33.2412   4.5900  1.98191749151758
0 COSMOS 1109 DEB
1 32977U 79058S   22008.07804131  .00000533  00000-0  00000-0 0  9994
2 32977  66.5264 331.3452 7256967  33.2125   5.6808  1.98194334151778
0 COSMOS 1109 DEB
1 32977U 79058S   22008.07804131  .00000533  00000-0  00000+0 0  9993
2 32977  66.5264 331.3452 7256967  33.2125   5.6808  1.98194334161645
0 COSMOS 1109 DEB
1 32977U 79058S   22009.08745206  .00000390  00000-0  00000-0 0  9994
2 32977  66.5228 331.2241 7257402  33.1843   5.8994  1.98196695151796
0 COSMOS 1109 DEB
1 32977U 79058S   22009.67073872  .00000306  00000-0  00000-0 0  9999
2 32977  66.5160 331.1480 7257624  33.1651  62.0807  1.98197882151807
0 COSMOS 1109 DEB
1 32977U 79058S   22010.09608736  .00000245  00000-0  00000-0 0  9992
2 32977  66.5141 331.0968 7257803  33.1531   5.5733  1.98198720151815
0 COSMOS 1109 DEB
1 32977U 79058S   22010.09608736  .00000245  00000-0  00000+0 0  9991
2 32977  66.5141 331.0968 7257803  33.1531   5.5733  1.98198720161681
0 COSMOS 1109 DEB
1 32977U 79058S   22011.10584322  .00000098  00000-0  00000-0 0  9995
2 32977  66.5095 330.9752 7258186  33.1242   6.0512  1.98200316151834
0 COSMOS 1109 DEB
1 32977U 79058S   22016.14035257 -.00000567  00000-0  00000-0 0  9994
2 32977  66.4880 330.3662 7260053  32.9827 358.3144  1.98203228151931
0 COSMOS 1109 DEB
1 32977U 79058S   22016.14035257 -.00000567  00000-0  00000+0 0  9993
2 32977  66.4880 330.3662 7260053  32.9827 358.3144  1.98203228161808
0 COSMOS 1109 DEB
1 32977U 79058S   22016.65032594 -.00000620  00000-0  00000-0 0  9991
2 32977  66.4856 330.3051 7260244  32.9678   2.1969  1.98203145151940
0 COSMOS 1109 DEB
1 32977U 79058S   22017.14894906 -.00000668  00000-0  00000-0 0  9991
2 32977  66.4860 330.2511 7260450  32.9539 357.9811  1.98203058151951
0 COSMOS 1109 DEB
1 32977U 79058S   22017.65998880 -.00000714  00000-0  00000-0 0  9995
2 32977  66.4846 330.1910 7260638  32.9395   2.6229  1.98202812151960
0 COSMOS 1109 DEB
1 32977U 79058S   22017.65998880 -.00000714  00000-0  00000+0 0  9994
2 32977  66.4846 330.1910 7260638  32.9395   2.6229  1.98202812161837
0 COSMOS 1109 DEB
1 32977U 79058S   22018.15792127 -.00000756  00000-0  00000-0 0  9993
2 32977  66.4817 330.1297 7260833  32.9248 357.9132  1.98202565151975
0 COSMOS 1109 DEB
1 32977U 79058S   22023.71513326 -.00001029  00000-0  00000-0 0  9997
2 32977  66.4550 329.4586 7263022  32.7687   3.0851  1.98195940152087
0 COSMOS 1109 DEB
1 32977U 79058S   22023.71513326 -.00001029  00000-0  00000+0 0  9996
2 32977  66.4550 329.4586 7263022  32.7687   3.0851  1.98195940161953
0 COSMOS 1109 DEB
1 32977U 79058S   22028.25854378 -.00000934  00000-0  00000-0 0  9990
2 32977  66.4300 328.9068 7264819  32.6420   4.7554  1.98186366152178
0 COSMOS 1109 DEB
1 32977U 79058S   22028.25854378 -.00000934  00000-0  00000+0 0  9999
2 32977  66.4300 328.9068 7264819  32.6420   4.7554  1.98186366162045
0 COSMOS 1109 DEB
1 32977U 79058S   22029.26782677 -.00000848  00000-0  00000-0 0  9998
2 32977  66.4247 328.7834 7265266  32.6123   4.8475  1.98184049152195
0 COSMOS 1109 DEB
1 32977U 79058S   22029.76315966 -.00000793  00000-0  00000-0 0  9995
2 32977  66.4219 328.7230 7265475  32.5984 358.2483  1.98182882152200
0 COSMOS 1109 DEB
1 32977U 79058S   22030.77198735 -.00000656  00000-0  00000-0 0  9999
2 32977  66.4159 328.5997 7265889  32.5704 358.0015  1.98180544152224
0 COSMOS 1109 DEB
1 32977U 79058S   22030.77198735 -.00000656  00000-0  00000+0 0  9998
2 32977  66.4159 328.5997 7265889  32.5704 358.0015  1.98180544162090
0 COSMOS 1109 DEB
1 32977U 79058S   22031.28670323 -.00000572  00000-0  00000-0 0  9991
2 32977  66.4131 328.5369 7266104  32.5558   5.2247  1.98179380152230
0 COSMOS 1109 DEB
1 32977U 79058S   22031.78166432 -.00000483  00000-0  00000-0 0  9998
2 32977  66.4103 328.4763 7266318  32.5418 358.3528  1.98178343152241
0 COSMOS 1109 DEB
1 32977U 79058S   22032.79201344 -.00000280  00000-0  00000-0 0  9997
2 32977  66.4046 328.3527 7266740  32.5137 359.1765  1.98176360152262
0 COSMOS 1109 DEB
1 32977U 79058S   22032.79201344 -.00000280  00000-0  00000+0 0  9996
2 32977  66.4046 328.3527 7266740  32.5137 359.1765  1.98176360162139
0 COSMOS 1109 DEB
1 32977U 79058S   22034.81121115  .00000178  00000-0  00000-0 0  9994
2 32977  66.3935 328.1054 7267586  32.4568 359.7349  1.98173357152309
0 COSMOS 1109 DEB
1 32977U 79058S   22034.81121115  .00000178  00000-0  00000+0 0  9993
2 32977  66.3935 328.1054 7267586  32.4568 359.7349  1.98173357162175
0 COSMOS 1109 DEB
1 32977U 79058S   22035.32453920  .00000297  00000-0  00000-0 0  9995
2 32977  66.3907 328.0424 7267795  32.4422   5.9557  1.98172833152319
0 COSMOS 1109 DEB
1 32977U 79058S   22035.82076031  .00000408  00000-0  00000-0 0  9998
2 32977  66.3880 327.9815 7267993  32.4281 359.9716  1.98172461152321
0 COSMOS 1109 DEB
1 32977U 79058S   22037.83945781  .00000803  00000-0  00000-0 0  9997
2 32977  66.3773 327.7338 7268784  32.3706   0.1562  1.98172283152360
0 COSMOS 1109 DEB
1 32977U 79058S   22037.83945781  .00000803  00000-0  00000+0 0  9996
2 32977  66.3773 327.7338 7268784  32.3706   0.1562  1.98172283162237
0 COSMOS 1109 DEB
1 32977U 79058S   22039.86209333  .00001053  00000-0  00000-0 0  9996
2 32977  66.3671 327.4854 7269543  32.3120   3.1545  1.98174205152406
0 COSMOS 1109 DEB
1 32977U 79058S   22039.86209333  .00001053  00000-0  00000+0 0  9995
2 32977  66.3671 327.4854 7269543  32.3120   3.1545  1.98174205162272
0 COSMOS 1109 DEB
1 32977U 79058S   22040.87125179  .00001115  00000-0  00000-0 0  9993
2 32977  66.3622 327.3616 7269917  32.2827   3.1206  1.98175971152422
0 COSMOS 1109 DEB
1 32977U 79058S   22041.88045591  .00001135  00000-0  00000-0 0  9996
2 32977  66.3573 327.2378 7270280  32.2533   3.1261  1.98178182152440
0 COSMOS 1109 DEB
1 32977U 79058S   22041.88045591  .00001135  00000-0  00000+0 0  9995
2 32977  66.3573 327.2378 7270280  32.2533   3.1261  1.98178182162317
0 COSMOS 1109 DEB
1 32977U 79058S   22042.88970774  .00001118  00000-0  00000-0 0  9998
2 32977  66.3526 327.1139 7270636  32.2239   3.1745  1.98180780152466
0 COSMOS 1109 DEB
1 32977U 79058S   22044.91157252  .00000992  00000-0  00000-0 0  9991
2 32977  66.3432 326.8659 7271333  32.1647   5.6991  1.98186694152507
0 COSMOS 1109 DEB
1 32977U 79058S   22044.91157252  .00000992  00000-0  00000+0 0  9990
2 32977  66.3432 326.8659 7271333  32.1647   5.6991  1.98186694162373
0 COSMOS 1109 DEB
1 32977U 79058S   22045.92045795  .00000892  00000-0  00000-0 0  9990
2 32977  66.3391 326.7421 7271671  32.1355   5.5173  1.98189791152522
0 COSMOS 1109 DEB
1 32977U 79058S   22046.92777025  .00000775  00000-0  00000-0 0  9999
2 32977  66.3345 326.6185 7272002  32.1061   4.2241  1.98192826152547
0 COSMOS 1109 DEB
1 32977U 79058S   22046.92777025  .00000775  00000-0  00000+0 0  9998
2 32977  66.3345 326.6185 7272002  32.1061   4.2241  1.98192826162414
0 COSMOS 1109 DEB
1 32977U 79058S   22047.93709318  .00000645  00000-0  00000-0 0  9997
2 32977  66.3302 326.4946 7272335  32.0770   4.3763  1.98195730152567
0 COSMOS 1109 DEB
1 32977U 79058S   22048.94654289  .00000507  00000-0  00000-0 0  9992
2 32977  66.3256 326.3705 7272673  32.0478   4.6290  1.98198399152581
0 COSMOS 1109 DEB
1 32977U 79058S   22048.94654289  .00000507  00000-0  00000+0 0  9991
2 32977  66.3256 326.3705 7272673  32.0478   4.6290  1.98198399162458
0 COSMOS 1109 DEB
1 32977U 79058S   22049.95635044  .00000363  00000-0  00000-0 0  9992
2 32977  66.3209 326.2465 7273008  32.0187   5.1471  1.98200813152606
0 COSMOS 1109 DEB
1 32977U 79058S   22050.96549208  .00000216  00000-0  00000-0 0  9998
2 32977  66.3163 326.1224 7273344  31.9899   5.1974  1.98202853152624
0 COSMOS 1109 DEB
1 32977U 79058S   22050.96549208  .00000216  00000-0  00000+0 0  9997
2 32977  66.3163 326.1224 7273344  31.9899   5.1974  1.98202853162490
0 COSMOS 1109 DEB
1 32977U 79058S   22051.97555715  .00000067  00000-0  00000-0 0  9994
2 32977  66.3117 325.9984 7273671  31.9613   5.9140  1.98204551152642
0 COSMOS 1109 DEB
1 32977U 79058S   22052.98491323 -.00000082  00000-0  00000-0 0  9998
2 32977  66.3091 325.8756 7274020  31.9348   6.1302  1.98205882152666
0 COSMOS 1109 DEB
1 32977U 79058S   22052.98491323 -.00000082  00000-0  00000+0 0  9997
2 32977  66.3091 325.8756 7274020  31.9348   6.1302  1.98205882162533
0 COSMOS 1109 DEB
1 32977U 79058S   22057.52025060 -.00000701  00000-0  00000-0 0  9992
2 32977  66.2911 325.3243 7275428  31.8204   2.3141  1.98207754152754
0 COSMOS 1109 DEB
1 32977U 79058S   22057.52025060 -.00000701  00000-0  00000+0 0  9991
2 32977  66.2911 325.3243 7275428  31.8204   2.3141  1.98207754162621
0 COSMOS 1109 DEB
1 32977U 79058S   22058.01872529 -.00000756  00000-0  00000+0 0  9996
2 32977  66.2836 325.2558 7275769  31.7905 358.0009  1.98207532162639
0 COSMOS 1109 DEB
1 32977U 79058S   22058.52974872 -.00000807  00000-0  00000-0 0  9994
2 32977  66.2814 325.1937 7275961  31.7773   2.6432  1.98207395152775
0 COSMOS 1109 DEB
1 32977U 79058S   22059.53892692 -.00000897  00000-0  00000-0 0  9994
2 32977  66.2744 325.0661 7276350  31.7497   2.7391  1.98206759152796
0 COSMOS 1109 DEB
1 32977U 79058S   22060.03654380 -.00000935  00000-0  00000-0 0  9994
2 32977  66.2718 325.0045 7276537  31.7362 357.8116  1.98206396152809
0 COSMOS 1109 DEB
1 32977U 79058S   22060.03654380 -.00000935  00000-0  00000+0 0  9993
2 32977  66.2718 325.0045 7276537  31.7362 357.8116  1.98206396162675
0 COSMOS 1109 DEB
1 32977U 79058S   22063.57562146 -.00001123  00000-0  00000-0 0  9994
2 32977  66.2529 324.5664 7277886  31.6401   3.0785  1.98202437152872
0 COSMOS 1109 DEB
1 32977U 79058S   22063.57562146 -.00001123  00000-0  00000+0 0  9993
2 32977  66.2529 324.5664 7277886  31.6401   3.0785  1.98202437162749
0 COSMOS 1109 DEB
1 32977U 79058S   22064.58478137 -.00001157  00000-0  00000-0 0  9999
2 32977  66.2474 324.4413 7278277  31.6126   3.1401  1.98200837152891
0 COSMOS 1109 DEB
1 32977U 79058S   22066.10001483 -.00001188  00000-0  00000-0 0  9999
2 32977  66.2391 324.2530 7278873  31.5711   4.2870  1.98198054152921
0 COSMOS 1109 DEB
1 32977U 79058S   22066.10001483 -.00001188  00000-0  00000+0 0  9998
2 32977  66.2391 324.2530 7278873  31.5711   4.2870  1.98198054162797
0 COSMOS 1109 DEB
1 32977U 79058S   22069.15494116 -.00001102  00000-0  00000-0 0  9992
2 32977  66.2226 323.8726 7280042  31.4864  23.9830  1.98191312152989
0 COSMOS 1109 DEB
1 32977U 79058S   22069.15494116 -.00001102  00000-0  00000+0 0  9991
2 32977  66.2226 323.8726 7280042  31.4864  23.9830  1.98191312162856
0 COSMOS 1109 DEB
1 32977U 79058S   22077.23628098  .00000421  00000-0  00000-0 0  9990
2 32977  66.1807 322.8619 7283214  31.2609  29.6809  1.98175296153143
0 COSMOS 1109 DEB
1 32977U 79058S   22077.23628098  .00000421  00000-0  00000+0 0  9999
2 32977  66.1807 322.8619 7283214  31.2609  29.6809  1.98175296163010
0 COSMOS 1109 DEB
1 32977U 79058S   22078.22550538  .00000630  00000-0  00000-0 0  9995
2 32977  66.1755 322.7377 7283594  31.2334  15.4239  1.98174655153161
0 COSMOS 1109 DEB
1 32977U 79058S   22078.70889354  .00000721  00000-0  00000-0 0  9990
2 32977  66.1729 322.6766 7283805  31.2210   0.2895  1.98174675153174
0 COSMOS 1109 DEB
1 32977U 79058S   22080.73172278  .00001010  00000-0  00000-0 0  9998
2 32977  66.1619 322.4228 7284600  31.1646   3.4454  1.98175857153213
0 COSMOS 1109 DEB
1 32977U 79058S   22080.73172278  .00001010  00000-0  00000+0 0  9997
2 32977  66.1619 322.4228 7284600  31.1646   3.4454  1.98175857163089
0 COSMOS 1109 DEB
1 32977U 79058S   22083.75933748  .00001113  00000-0  00000+0 0  9993
2 32977  66.1478 322.0426 7285763  31.0806   3.4811  1.98181368163144
0 COSMOS 1109 DEB
1 32977U 79058S   22084.76848907  .00001070  00000-0  00000-0 0  9990
2 32977  66.1426 321.9163 7286133  31.0531   3.4707  1.98184001153296
0 COSMOS 1109 DEB
1 32977U 79058S   22088.80648788  .00000680  00000-0  00000-0 0  9990
2 32977  66.1251 321.4084 7287632  30.9445   4.5231  1.98195726153375
0 COSMOS 1109 DEB
1 32977U 79058S   22089.81627573  .00000548  00000-0  00000-0 0  9994
2 32977  66.1208 321.2817 7287994  30.9174   5.0189  1.98198492153392
0 COSMOS 1109 DEB
1 32977U 79058S   22090.82535880  .00000407  00000-0  00000+0 0  9999
2 32977  66.1155 321.1543 7288349  30.8925   5.0208  1.98200991163285
0 COSMOS 1109 DEB
1 32977U 79058S   22091.83480108  .00000258  00000-0  00000-0 0  9998
2 32977  66.1110 321.0274 7288711  30.8661   5.2868  1.98203147153432
0 COSMOS 1109 DEB
1 32977U 79058S   22092.84487589  .00000106  00000-0  00000-0 0  9992
2 32977  66.1065 320.9006 7289079  30.8395   6.0123  1.98205007153456
0 COSMOS 1109 DEB
1 32977U 79058S   22092.84487589  .00000106  00000-0  00000+0 0  9991
2 32977  66.1065 320.9006 7289079  30.8395   6.0123  1.98205007163323
0 COSMOS 1109 DEB
1 32977U 79058S   22093.85400694 -.00000045  00000-0  00000-0 0  9999
2 32977  66.1020 320.7739 7289447  30.8132   6.0710  1.98206543153476
0 COSMOS 1109 DEB
1 32977U 79058S   22099.89737652 -.00000726  00000-0  00000-0 0  9992
2 32977  66.0729 320.0134 7291740  30.6555 358.3306  1.98208682153592
0 COSMOS 1109 DEB
1 32977U 79058S   22099.89737652 -.00000726  00000-0  00000+0 0  9991
2 32977  66.0729 320.0134 7291740  30.6555 358.3306  1.98208682163469
0 COSMOS 1109 DEB
1 32977U 79058S   22107.97883196 -.00001061  00000-0  00000+0 0  9998
2 32977  66.0279 318.9906 7294990  30.4578   4.7424  1.98197866163627
0 COSMOS 1109 DEB
1 32977U 79058S   22108.48214387 -.00001058  00000-0  00000-0 0  9992
2 32977  66.0277 318.9276 7295260  30.4442   3.8609  1.98196762153769
0 COSMOS 1109 DEB
1 32977U 79058S   22108.98805882 -.00001050  00000-0  00000-0 0  9995
2 32977  66.0232 318.8631 7295424  30.4325   4.8333  1.98195557153773
0 COSMOS 1109 DEB
1 32977U 79058S   22113.02564912 -.00000690  00000-0  00000-0 0  9991
2 32977  65.9998 318.3521 7297129  30.3288   5.6061  1.98185682153858
0 COSMOS 1109 DEB
1 32977U 79058S   22113.02564912 -.00000690  00000-0  00000+0 0  9990
2 32977  65.9998 318.3521 7297129  30.3288   5.6061  1.98185682163725
0 COSMOS 1109 DEB
1 32977U 79058S   22114.53030899 -.00000406  00000-0  00000-0 0  9995
2 32977  65.9931 318.1602 7297843  30.2900 359.1275  1.98182174153886
0 COSMOS 1109 DEB
1 32977U 79058S   22117.55946823  .00000295  00000-0  00000-0 0  9998
2 32977  65.9791 317.7744 7299187  30.2128   0.2751  1.98176874153947
0 COSMOS 1109 DEB
1 32977U 79058S   22117.55946823  .00000295  00000-0  00000+0 0  9997
2 32977  65.9791 317.7744 7299187  30.2128   0.2751  1.98176874163814
0 COSMOS 1109 DEB
1 32977U 79058S   22121.60283344  .00001032  00000-0  00000-0 0  9991
2 32977  65.9605 317.2610 7300867  30.1111   4.9602  1.98176441154023
0 COSMOS 1109 DEB
1 32977U 79058S   22121.60283344  .00001032  00000-0  00000+0 0  9990
2 32977  65.9605 317.2610 7300867  30.1111   4.9602  1.98176441163898
0 COSMOS 1109 DEB
1 32977U 79058S   22122.61043185  .00001130  00000-0  00000-0 0  9999
2 32977  65.9552 317.1323 7301229  30.0863   3.8210  1.98177712154047
0 COSMOS 1109 DEB
1 32977U 79058S   22129.67596595  .00000900  00000-0  00000-0 0  9994
2 32977  65.9181 316.2275 7303873  29.9088   4.8704  1.98195889154183
0 COSMOS 1109 DEB
1 32977U 79058S   22129.67596595  .00000900  00000-0  00000+0 0  9993
2 32977  65.9181 316.2275 7303873  29.9088   4.8704  1.98195889164050
0 COSMOS 1109 DEB
1 32977U 79058S   22130.68569956  .00000773  00000-0  00000-0 0  9996
2 32977  65.9143 316.0987 7304254  29.8879   5.3255  1.98198640154208
0 COSMOS 1109 DEB
1 32977U 79058S   22135.73255953  .00000040  00000-0  00000-0 0  9993
2 32977  65.8899 315.4552 7306191  29.7687   6.4349  1.98207774154300
0 COSMOS 1109 DEB
1 32977U 79058S   22135.73255953  .00000040  00000-0  00000+0 0  9992
2 32977  65.8899 315.4552 7306191  29.7687   6.4349  1.98207774164176
0 COSMOS 1109 DEB
1 32977U 79058S   22137.73952773 -.00000238  00000-0  00000-0 0  9999
2 32977  65.8801 315.2014 7306934  29.7209 358.5124  1.98209068154343
0 COSMOS 1109 DEB
1 32977U 79058S   22137.73952773 -.00000238  00000-0  00000+0 0  9998
2 32977  65.8801 315.2014 7306934  29.7209 358.5124  1.98209068164210
0 COSMOS 1109 DEB
1 32977U 79058S   22138.74863552 -.00000361  00000-0  00000-0 0  9994
2 32977  65.8755 315.0737 7307355  29.6969 358.5668  1.98209284154366
0 COSMOS 1109 DEB
1 32977U 79058S   22140.76646596 -.00000563  00000-0  00000-0 0  9990
2 32977  65.8647 314.8151 7308110  29.6518 358.3996  1.98208926154402
0 COSMOS 1109 DEB
1 32977U 79058S   22140.76646596 -.00000563  00000-0  00000+0 0  9999
2 32977  65.8647 314.8151 7308110  29.6518 358.3996  1.98208926164278
0 COSMOS 1109 DEB
1 32977U 79058S   22147.28650212 -.00000980  00000-0  00000-0 0  9997
2 32977  65.8290 313.9825 7310637  29.5046 330.7293  1.98202199154529
0 COSMOS 1109 DEB
1 32977U 79058S   22147.28650212 -.00000980  00000-0  00000+0 0  9996
2 32977  65.8290 313.9825 7310637  29.5046 330.7293  1.98202199164407
0 COSMOS 1109 DEB
1 32977U 79058S   22153.89441156 -.00000685  00000-0  00000-0 0  9998
2 32977  65.7890 313.1341 7313198  29.3508   5.4918  1.98187367154669
0 COSMOS 1109 DEB
1 32977U 79058S   22153.89441156 -.00000685  00000-0  00000+0 0  9997
2 32977  65.7890 313.1341 7313198  29.3508   5.4918  1.98187367164536
0 COSMOS 1109 DEB
1 32977U 79058S   22154.38972307 -.00000599  00000-0  00000-0 0  9994
2 32977  65.7861 313.0703 7313393  29.3391 358.8843  1.98186162154670
0 COSMOS 1109 DEB
1 32977U 79058S   22155.39935296 -.00000403  00000-0  00000-0 0  9996
2 32977  65.7797 312.9398 7313790  29.3156 359.2215  1.98183665154691
0 COSMOS 1109 DEB
1 32977U 79058S   22156.40905375 -.00000182  00000-0  00000-0 0  9998
2 32977  65.7743 312.8099 7314216  29.2919 359.6008  1.98181322154714
0 COSMOS 1109 DEB
1 32977U 79058S   22156.40905375 -.00000182  00000-0  00000+0 0  9997
2 32977  65.7743 312.8099 7314216  29.2919 359.6008  1.98181322164580
0 COSMOS 1109 DEB
1 32977U 79058S   22157.41871995  .00000053  00000-0  00000-0 0  9996
2 32977  65.7685 312.6799 7314631  29.2682 359.9489  1.98179253154730
0 COSMOS 1109 DEB
1 32977U 79058S   22158.42836382  .00000292  00000-0  00000-0 0  9994
2 32977  65.7627 312.5499 7315040  29.2445   0.2743  1.98177495154751
0 COSMOS 1109 DEB
1 32977U 79058S   22158.42836382  .00000292  00000-0  00000+0 0  9993
2 32977  65.7627 312.5499 7315040  29.2445   0.2743  1.98177495164628
0 COSMOS 1109 DEB
1 32977U 79058S   22159.43755366  .00000523  00000-0  00000-0 0  9995
2 32977  65.7569 312.4193 7315422  29.2213   0.2703  1.98176137154773
0 COSMOS 1109 DEB
1 32977U 79058S   22160.44697816  .00000736  00000-0  00000-0 0  9999
2 32977  65.7513 312.2890 7315794  29.1979   0.4302  1.98175263154792
0 COSMOS 1109 DEB
1 32977U 79058S   22160.44697816  .00000736  00000-0  00000+0 0  9998
2 32977  65.7513 312.2890 7315794  29.1979   0.4302  1.98175263164669
0 COSMOS 1109 DEB
1 32977U 79058S   22161.45624781  .00000920  00000-0  00000-0 0  9997
2 32977  65.7459 312.1592 7316171  29.1739   0.4772  1.98174908154812
0 COSMOS 1109 DEB
1 32977U 79058S   22163.47929970  .00001177  00000-0  00000-0 0  9994
2 32977  65.7356 311.8985 7316925  29.1269   3.7916  1.98175875154859
0 COSMOS 1109 DEB
1 32977U 79058S   22163.47929970  .00001177  00000-0  00000+0 0  9993
2 32977  65.7356 311.8985 7316925  29.1269   3.7916  1.98175875164726
0 COSMOS 1109 DEB
1 32977U 79058S   22164.48834049  .00001243  00000-0  00000-0 0  9992
2 32977  65.7306 311.7686 7317286  29.1033   3.6802  1.98177159154873
0 COSMOS 1109 DEB
1 32977U 79058S   22165.49750694  .00001269  00000-0  00000+0 0  9994
2 32977  65.7257 311.6388 7317667  29.0799   3.6646  1.98178967164760
0 COSMOS 1109 DEB
1 32977U 79058S   22171.55399170  .00000807  00000-0  00000-0 0  9994
2 32977  65.6958 310.8602 7319711  28.9392   4.8052  1.98194467155011
0 COSMOS 1109 DEB
1 32977U 79058S   22171.55399170  .00000807  00000-0  00000+0 0  9993
2 32977  65.6958 310.8602 7319711  28.9392   4.8052  1.98194467164886
0 COSMOS 1109 DEB
1 32977U 79058S   22173.57271583  .00000496  00000-0  00000-0 0  9999
2 32977  65.6859 310.6007 7320406  28.8929   5.1898  1.98199234155059
0 COSMOS 1109 DEB
1 32977U 79058S   22173.57271583  .00000496  00000-0  00000+0 0  9998
2 32977  65.6859 310.6007 7320406  28.8929   5.1898  1.98199234164925
0 COSMOS 1109 DEB
1 32977U 79058S   22174.58209618  .00000330  00000-0  00000-0 0  9998
2 32977  65.6809 310.4710 7320765  28.8699   5.4072  1.98201183155071
0 COSMOS 1109 DEB
1 32977U 79058S   22175.59281608  .00000164  00000-0  00000-0 0  9994
2 32977  65.6749 310.3396 7321061  28.8501   6.5820  1.98202571155092
0 COSMOS 1109 DEB
1 32977U 79058S   22175.59281608  .00000164  00000-0  00000+0 0  9993
2 32977  65.6749 310.3396 7321061  28.8501   6.5820  1.98202571164968
0 COSMOS 1109 DEB
1 32977U 79058S   22176.60113725  .00000007  00000-0  00000-0 0  9997
2 32977  65.6697 310.2101 7321346  28.8276   6.0529  1.98203735155119
0 COSMOS 1109 DEB
1 32977U 79058S   22177.61061212 -.00000138  00000-0  00000-0 0  9998
2 32977  65.6645 310.0802 7321710  28.8028   6.3543  1.98204727155131
0 COSMOS 1109 DEB
1 32977U 79058S   22177.61061212 -.00000138  00000-0  00000+0 0  9997
2 32977  65.6645 310.0802 7321710  28.8028   6.3543  1.98204727165008
0 COSMOS 1109 DEB
1 32977U 79058S   22179.61775109 -.00000376  00000-0  00000-0 0  9991
2 32977  65.6540 309.8217 7322397  28.7563 358.5328  1.98205572155172
0 COSMOS 1109 DEB
1 32977U 79058S   22179.61775109 -.00000376  00000-0  00000+0 0  9990
2 32977  65.6540 309.8217 7322397  28.7563 358.5328  1.98205572165049
0 COSMOS 1109 DEB
1 32977U 79058S   22181.63549382 -.00000555  00000-0  00000-0 0  9997
2 32977  65.6435 309.5593 7323238  28.7105 358.2766  1.98205219155212
0 COSMOS 1109 DEB
1 32977U 79058S   22181.63549382 -.00000555  00000-0  00000+0 0  9996
2 32977  65.6435 309.5593 7323238  28.7105 358.2766  1.98205219165088
0 COSMOS 1109 DEB
1 32977U 79058S   22183.65371630 -.00000699  00000-0  00000-0 0  9999
2 32977  65.6331 309.2989 7323956  28.6664 358.3578  1.98203935155258
0 COSMOS 1109 DEB
1 32977U 79058S   22183.65371630 -.00000699  00000-0  00000+0 0  9998
2 32977  65.6331 309.2989 7323956  28.6664 358.3578  1.98203935165125
0 COSMOS 1109 DEB
1 32977U 79058S   22188.20152462 -.00000981  00000-0  00000-0 0  9999
2 32977  65.6065 308.7094 7325642  28.5660   3.3375  1.98197770155343
0 COSMOS 1109 DEB
1 32977U 79058S   22188.20152462 -.00000981  00000-0  00000+0 0  9998
2 32977  65.6065 308.7094 7325642  28.5660   3.3375  1.98197770165210
0 COSMOS 1109 DEB
1 32977U 79058S   22189.21108538 -.00001026  00000-0  00000-0 0  9997
2 32977  65.5994 308.5780 7326019  28.5424   3.6704  1.98195856155364
0 COSMOS 1109 DEB
1 32977U 79058S   22189.68859760 -.00001043  00000-0  00000-0 0  9997
2 32977  65.5953 308.5154 7326199  28.5304 344.3779  1.98194849155368
0 COSMOS 1109 DEB
1 32977U 79058S   22193.75574171 -.00000932  00000-0  00000-0 0  9996
2 32977  65.5714 307.9862 7327853  28.4390   6.2375  1.98185211155453
0 COSMOS 1109 DEB
1 32977U 79058S   22193.75574171 -.00000932  00000-0  00000+0 0  9995
2 32977  65.5714 307.9862 7327853  28.4390   6.2375  1.98185211165320
0 COSMOS 1109 DEB
1 32977U 79058S   22198.28731292 -.00000131  00000-0  00000-0 0  9999
2 32977  65.5468 307.3947 7329544  28.3347 359.2777  1.98173767155547
0 COSMOS 1109 DEB
1 32977U 79058S   22198.28731292 -.00000131  00000-0  00000+0 0  9998
2 32977  65.5468 307.3947 7329544  28.3347 359.2777  1.98173767165414
0 COSMOS 1109 DEB
1 32977U 79058S   22198.80166852 -.00000016  00000-0  00000-0 0  9993
2 32977  65.5443 307.3274 7329784  28.3229   6.2342  1.98172797155558
0 COSMOS 1109 DEB
1 32977U 79058S   22199.29771823  .00000096  00000-0  00000-0 0  9994
2 32977  65.5415 307.2625 7329972  28.3116   0.1299  1.98171972155569
0 COSMOS 1109 DEB
1 32977U 79058S   22201.31655049  .00000520  00000-0  00000-0 0  9994
2 32977  65.5307 306.9985 7330711  28.2648   0.4050  1.98169600155604
0 COSMOS 1109 DEB
1 32977U 79058S   22201.31655049  .00000520  00000-0  00000+0 0  9993
2 32977  65.5307 306.9985 7330711  28.2648   0.4050  1.98169600165470
0 COSMOS 1109 DEB
1 32977U 79058S   22205.35805157  .00001064  00000-0  00000-0 0  9993
2 32977  65.5104 306.4685 7332127  28.1717   3.6791  1.98171478155681
0 COSMOS 1109 DEB
1 32977U 79058S   22206.36724714  .00001119  00000-0  00000-0 0  9995
2 32977  65.5055 306.3363 7332467  28.1480   3.6644  1.98173306155704
0 COSMOS 1109 DEB
1 32977U 79058S   22207.36689495  .00001210  00000-0  32118-2 0  9991
2 32977  65.5010 306.2057 7332817  28.1242 356.8337  1.98175581155720
0 COSMOS 1109 DEB
1 32977U 79058S   22207.37656094  .00001139  00000-0  00000-0 0  9994
2 32977  65.5009 306.2045 7332819  28.1240   3.7415  1.98175583155722
0 COSMOS 1109 DEB
1 32977U 79058S   22207.37656094  .00001139  00000-0  00000+0 0  9993
2 32977  65.5009 306.2045 7332819  28.1240   3.7415  1.98175583165598
0 COSMOS 1109 DEB
1 32977U 79058S   22208.37610164  .00001187  00000-0  27500-2 0  9992
2 32977  65.4950 306.0734 7333161  28.0988 356.8436  1.98178509155746
0 COSMOS 1109 DEB
1 32977U 79058S   22208.37610164  .00001187  00000-0  27500-2 0  9992
2 32977  65.4950 306.0734 7333161  28.0988 356.8436  1.98178509165613
0 COSMOS 1109 DEB
1 32977U 79058S   22211.40365400  .00000906  00000-0  22440-3 0  9997
2 32977  65.4800 305.6761 7334108  28.0247 356.8905  1.98187147155801
0 COSMOS 1109 DEB
1 32977U 79058S   22211.40365400  .00000906  00000-0  22440-3 0  9997
2 32977  65.4800 305.6761 7334108  28.0247 356.8905  1.98187147165677
0 COSMOS 1109 DEB
1 32977U 79058S   22212.41281225  .00000766  00000-0 -51777-3 0  9991
2 32977  65.4750 305.5431 7334462  28.0015 356.9080  1.98189878155824
0 COSMOS 1109 DEB
1 32977U 79058S   22214.43108062  .00000448  00000-0 -16346-2 0  9991
2 32977  65.4654 305.2776 7335341  27.9601 356.9364  1.98194481155867
0 COSMOS 1109 DEB
1 32977U 79058S   22214.43108062  .00000448  00000-0 -16346-2 0  9991
2 32977  65.4654 305.2776 7335341  27.9601 356.9364  1.98194481165734
0 COSMOS 1109 DEB
1 32977U 79058S   22215.44019028  .00000279  00000-0 -21132-2 0  9997
2 32977  65.4615 305.1455 7335686  27.9382 356.9445  1.98196452155887
0 COSMOS 1109 DEB
1 32977U 79058S   22216.44928390  .00000119  00000-0 -21966-2 0  9997
2 32977  65.4565 305.0129 7336037  27.9149 356.9482  1.98198140155900
0 COSMOS 1109 DEB
1 32977U 79058S   22216.44928390  .00000119  00000-0 -21966-2 0  9997
2 32977  65.4565 305.0129 7336037  27.9149 356.9482  1.98198140165776
0 COSMOS 1109 DEB
1 32977U 79058S   22217.45836502 -.00000034  00000-0 -21086-2 0  9992
2 32977  65.4519 304.8803 7336399  27.8923 356.9478  1.98199472155921
0 COSMOS 1109 DEB
1 32977U 79058S   22218.46743955 -.00000183  00000-0 -21769-2 0  9996
2 32977  65.4473 304.7478 7336763  27.8697 356.9453  1.98200347165816
0 COSMOS 1109 DEB
1 32977U 79058S   22221.49465687 -.00000490  00000-0  17847-3 0  9999
2 32977  65.4331 304.3492 7337897  27.8036 356.9491  1.98201674156004
0 COSMOS 1109 DEB
1 32977U 79058S   22221.49465687 -.00000490  00000-0  17847-3 0  9999
2 32977  65.4331 304.3492 7337897  27.8036 356.9491  1.98201674165879
0 COSMOS 1109 DEB
1 32977U 79058S   22226.03558515 -.00000756  00000-0  42953-2 0  9997
2 32977  65.4139 303.7556 7339798  27.7053 357.0153  1.98199084156091
0 COSMOS 1109 DEB
1 32977U 79058S   22226.03558515 -.00000756  00000-0  42953-2 0  9997
2 32977  65.4139 303.7556 7339798  27.7053 357.0153  1.98199084165967
0 COSMOS 1109 DEB
1 32977U 79058S   22228.05378648 -.00000862  00000-0  63122-2 0  9997
2 32977  65.4039 303.4902 7340632  27.6618 357.0362  1.98197249156135
0 COSMOS 1109 DEB
1 32977U 79058S   22228.05378648 -.00000862  00000-0  63122-2 0  9997
2 32977  65.4039 303.4902 7340632  27.6618 357.0362  1.98197249166002
0 COSMOS 1109 DEB
1 32977U 79058S   22230.07198708 -.00001028  00000-0  49158-2 0  9997
2 32977  65.3930 303.2221 7341459  27.6206 357.0433  1.98194657156170
0 COSMOS 1109 DEB
1 32977U 79058S   22230.07198708 -.00001028  00000-0  49158-2 0  9997
2 32977  65.3930 303.2221 7341459  27.6206 357.0433  1.98194657166047
0 COSMOS 1109 DEB
1 32977U 79058S   22231.08108643 -.00001199  00000-0 -37174-3 0  9994
2 32977  65.3867 303.0860 7341826  27.5974 357.0450  1.98192258156191
0 COSMOS 1109 DEB
1 32977U 79058S   22231.08108643 -.00001199  00000-0 -37174-3 0  9994
2 32977  65.3867 303.0860 7341826  27.5974 357.0450  1.98192258166068
0 COSMOS 1109 DEB
1 32977U 79058S   22232.59477233 -.00001233  00000-0 -17910-2 0  9999
2 32977  65.3802 302.8878 7342481  27.5671 357.0489  1.98189945156223
0 COSMOS 1109 DEB
1 32977U 79058S   22232.59477233 -.00001233  00000-0 -17910-2 0  9999
2 32977  65.3802 302.8878 7342481  27.5671 357.0489  1.98189945166099
0 COSMOS 1109 DEB
1 32977U 79058S   22234.61306338 -.00001239  00000-0 -74083-2 0  9991
2 32977  65.3692 302.6195 7343283  27.5233 357.0635  1.98185032156265
0 COSMOS 1109 DEB
1 32977U 79058S   22234.61306338 -.00001239  00000-0 -74083-2 0  9991
2 32977  65.3692 302.6195 7343283  27.5233 357.0635  1.98185032166132
0 COSMOS 1109 DEB
1 32977U 79058S   22236.63143071 -.00001008  00000-0 -10007-1 0  9997
2 32977  65.3588 302.3519 7344089  27.4771 357.0914  1.98179463156303
0 COSMOS 1109 DEB
1 32977U 79058S   22236.63143071 -.00001008  00000-0 -10007-1 0  9997
2 32977  65.3588 302.3519 7344089  27.4771 357.0914  1.98179463166179
0 COSMOS 1109 DEB
1 32977U 79058S   22237.13603390 -.00000906  00000-0 -97950-2 0  9997
2 32977  65.3559 302.2832 7344283  27.4675 357.0997  1.98178101156317
0 COSMOS 1109 DEB
1 32977U 79058S   22237.64064191 -.00000791  00000-0 -93231-2 0  9993
2 32977  65.3535 302.2158 7344484  27.4563 357.1086  1.98176756156326
0 COSMOS 1109 DEB
1 32977U 79058S   22238.14525403 -.00000668  00000-0 -87575-2 0  9994
2 32977  65.3509 302.1486 7344696  27.4447 357.1178  1.98175428156334
0 COSMOS 1109 DEB
1 32977U 79058S   22238.64987006 -.00000538  00000-0 -81248-2 0  9997
2 32977  65.3485 302.0812 7344921  27.4327 357.1272  1.98174129156340
0 COSMOS 1109 DEB
1 32977U 79058S   22238.64987006 -.00000538  00000-0 -81248-2 0  9997
2 32977  65.3485 302.0812 7344921  27.4327 357.1272  1.98174129166217
0 COSMOS 1109 DEB
1 32977U 79058S   22239.15449513 -.00000331  00000-0 -46691-2 0  9994
2 32977  65.3479 302.0124 7345290  27.4200 357.1367  1.98173374156356
0 COSMOS 1109 DEB
1 32977U 79058S   22240.16373484 -.00000074  00000-0 -39725-2 0  9994
2 32977  65.3425 301.8771 7345677  27.3996 357.1532  1.98171510156378
0 COSMOS 1109 DEB
1 32977U 79058S   22241.17298362  .00000193  00000-0 -28148-2 0  9995
2 32977  65.3363 301.7438 7346026  27.3762 357.1670  1.98169171156393
0 COSMOS 1109 DEB
1 32977U 79058S   22241.17298362  .00000193  00000-0 -28148-2 0  9995
2 32977  65.3363 301.7438 7346026  27.3762 357.1670  1.98169171166260
0 COSMOS 1109 DEB
1 32977U 79058S   22242.18223488  .00000469  00000-0 -85838-3 0  9990
2 32977  65.3317 301.6089 7346508  27.3529 357.1768  1.98168058156413
0 COSMOS 1109 DEB
1 32977U 79058S   22243.19148314  .00000709  00000-0  55714-3 0  9992
2 32977  65.3268 301.4736 7346989  27.3291 357.1820  1.98167527166302
0 COSMOS 1109 DEB
1 32977U 79058S   22247.22841892  .00001223  00000-0  21469-2 0  9992
2 32977  65.3109 300.9334 7348860  27.2402 357.1769  1.98171222156518
0 COSMOS 1109 DEB
1 32977U 79058S   22247.22841892  .00001223  00000-0  21469-2 0  9992
2 32977  65.3109 300.9334 7348860  27.2402 357.1769  1.98171222166384
0 COSMOS 1109 DEB
1 32977U 79058S   22248.23763957  .00001252  00000-0  22806-2 0  9997
2 32977  65.3070 300.7982 7349316  27.2180 357.1798  1.98173424156532
0 COSMOS 1109 DEB
1 32977U 79058S   22251.26525873  .00001139  00000-0  28304-2 0  9990
2 32977  65.2958 300.3928 7350663  27.1529 357.2135  1.98181741156598
0 COSMOS 1109 DEB
1 32977U 79058S   22251.26525873  .00001139  00000-0  28304-2 0  9990
2 32977  65.2958 300.3928 7350663  27.1529 357.2135  1.98181741166465
0 COSMOS 1109 DEB
1 32977U 79058S   22253.28360292  .00000931  00000-0  36513-2 0  9996
2 32977  65.2892 300.1229 7351527  27.1113 357.2400  1.98187770156634
0 COSMOS 1109 DEB
1 32977U 79058S   22253.28360292  .00000931  00000-0  36513-2 0  9996
2 32977  65.2892 300.1229 7351527  27.1113 357.2400  1.98187770166501
0 COSMOS 1109 DEB
1 32977U 79058S   22254.29274597  .00000793  00000-0  39782-2 0  9997
2 32977  65.2866 299.9885 7351949  27.0906 357.2484  1.98190610156656
0 COSMOS 1109 DEB
1 32977U 79058S   22255.30186947  .00000633  00000-0  40355-2 0  9992
2 32977  65.2839 299.8540 7352369  27.0702 357.2526  1.98193194156673
0 COSMOS 1109 DEB
1 32977U 79058S   22255.30186947  .00000633  00000-0  40355-2 0  9992
2 32977  65.2839 299.8540 7352369  27.0702 357.2526  1.98193194166540
0 COSMOS 1109 DEB
1 32977U 79058S   22256.31097508  .00000466  00000-0  40382-2 0  9992
2 32977  65.2810 299.7195 7352792  27.0495 357.2533  1.98195521156692
0 COSMOS 1109 DEB
1 32977U 79058S   22257.32006593  .00000299  00000-0  39145-2 0  9997
2 32977  65.2775 299.5847 7353219  27.0289 357.2519  1.98197546156716
0 COSMOS 1109 DEB
1 32977U 79058S   22257.32006593  .00000299  00000-0  39145-2 0  9997
2 32977  65.2775 299.5847 7353219  27.0289 357.2519  1.98197546166582
0 COSMOS 1109 DEB
1 32977U 79058S   22258.32914637  .00000138  00000-0  36264-2 0  9996
2 32977  65.2737 299.4499 7353647  27.0079 357.2499  1.98199224156732
0 COSMOS 1109 DEB
1 32977U 79058S   22259.33822085 -.00000020  00000-0  29530-2 0  9992
2 32977  65.2696 299.3151 7354073  26.9868 357.2490  1.98200490156759
0 COSMOS 1109 DEB
1 32977U 79058S   22259.33822085 -.00000020  00000-0  29530-2 0  9992
2 32977  65.2696 299.3151 7354073  26.9868 357.2490  1.98200490166626
0 COSMOS 1109 DEB
1 32977U 79058S   22260.34729280 -.00000161  00000-0  22232-2 0  9996
2 32977  65.2666 299.1807 7354406  26.9719 357.2495  1.98201375156777
0 COSMOS 1109 DEB
1 32977U 79058S   22264.38360237 -.00000502  00000-0  17755-2 0  9990
2 32977  65.2496 298.6384 7356212  26.8846 357.2852  1.98202071166726
0 COSMOS 1109 DEB
1 32977U 79058S   22264.88814535 -.00000538  00000-0  16981-2 0  9999
2 32977  65.2478 298.5721 7356418  26.8750 357.2918  1.98201821156861
0 COSMOS 1109 DEB
1 32977U 79058S   22265.39268887 -.00000564  00000-0  19050-2 0  9998
2 32977  65.2465 298.5057 7356637  26.8657 357.2984  1.98201579156872
0 COSMOS 1109 DEB
1 32977U 79058S   22266.40177678 -.00000612  00000-0  24746-2 0  9990
2 32977  65.2425 298.3703 7357125  26.8452 357.3115  1.98201006156894
0 COSMOS 1109 DEB
1 32977U 79058S   22266.40177678 -.00000612  00000-0  24746-2 0  9990
2 32977  65.2425 298.3703 7357125  26.8452 357.3115  1.98201006166761
0 COSMOS 1109 DEB
1 32977U 79058S   22272.96085819 -.00001128  00000-0 -26818-2 0  9999
2 32977  65.2161 297.4890 7360741  26.7181 357.3157  1.98192050157024
0 COSMOS 1109 DEB
1 32977U 79058S   22272.96085819 -.00001128  00000-0 -26818-2 0  9999
2 32977  65.2161 297.4890 7360741  26.7181 357.3157  1.98192050166899
0 COSMOS 1109 DEB
1 32977U 79058S   22273.96996838 -.00001165  00000-0 -42403-2 0  9991
2 32977  65.2117 297.3528 7361318  26.6993 357.3087  1.98189752157042
0 COSMOS 1109 DEB
1 32977U 79058S   22274.97909578 -.00001159  00000-0 -55878-2 0  9991
2 32977  65.2073 297.2165 7361901  26.6804 357.3049  1.98187211157066
0 COSMOS 1109 DEB
1 32977U 79058S   22274.97909578 -.00001159  00000-0 -55878-2 0  9991
2 32977  65.2073 297.2165 7361901  26.6804 357.3049  1.98187211166932
0 COSMOS 1109 DEB
1 32977U 79058S   22276.49282563 -.00001040  00000-0 -65986-2 0  9998
2 32977  65.2017 297.0121 7362804  26.6512 357.3075  1.98183096157092
0 COSMOS 1109 DEB
1 32977U 79058S   22276.99741266 -.00000969  00000-0 -65871-2 0  9995
2 32977  65.1995 296.9438 7363099  26.6418 357.3104  1.98181696157106
0 COSMOS 1109 DEB
1 32977U 79058S   22276.99741266 -.00000969  00000-0 -65871-2 0  9995
2 32977  65.1995 296.9438 7363099  26.6418 357.3104  1.98181696166971
0 COSMOS 1109 DEB
1 32977U 79058S   22278.00660112 -.00000765  00000-0 -55725-2 0  9990
2 32977  65.1946 296.8069 7363664  26.6236 357.3181  1.98178991157128
0 COSMOS 1109 DEB
1 32977U 79058S   22279.01580587 -.00000519  00000-0 -41847-2 0  9996
2 32977  65.1903 296.6702 7364248  26.6044 357.3266  1.98176361157144
0 COSMOS 1109 DEB
1 32977U 79058S   22279.01580587 -.00000519  00000-0 -41847-2 0  9996
2 32977  65.1903 296.6702 7364248  26.6044 357.3266  1.98176361167011
0 COSMOS 1109 DEB
1 32977U 79058S   22280.02502228 -.00000233  00000-0 -22199-2 0  9997
2 32977  65.1858 296.5331 7364816  26.5855 357.3334  1.98173979157160
0 COSMOS 1109 DEB
1 32977U 79058S   22281.03424484  .00000082  00000-0  28380-3 0  9995
2 32977  65.1811 296.3960 7365347  26.5674 357.3365  1.98172039167053
0 COSMOS 1109 DEB
1 32977U 79058S   22281.53885776  .00000236  00000-0  14397-2 0  9998
2 32977  65.1789 296.3273 7365619  26.5576 357.3366  1.98171217157199
0 COSMOS 1109 DEB
1 32977U 79058S   22282.04347076  .00000394  00000-0  27346-2 0  9994
2 32977  65.1767 296.2588 7365888  26.5481 357.3357  1.98170568157206
0 COSMOS 1109 DEB
1 32977U 79058S   22283.05269679  .00000682  00000-0  47518-2 0  9991
2 32977  65.1724 296.1215 7366431  26.5286 357.3310  1.98169643157226
0 COSMOS 1109 DEB
1 32977U 79058S   22283.05269679  .00000682  00000-0  47518-2 0  9991
2 32977  65.1724 296.1215 7366431  26.5286 357.3310  1.98169643167092
0 COSMOS 1109 DEB
1 32977U 79058S   22284.06192162  .00000932  00000-0  61326-2 0  9996
2 32977  65.1684 295.9844 7366978  26.5087 357.3238  1.98169312157245
0 COSMOS 1109 DEB
1 32977U 79058S   22287.08957895  .00001384  00000-0  61600-2 0  9990
2 32977  65.1568 295.5730 7368563  26.4495 357.3036  1.98171951157305
0 COSMOS 1109 DEB
1 32977U 79058S   22287.08957895  .00001384  00000-0  61600-2 0  9990
2 32977  65.1568 295.5730 7368563  26.4495 357.3036  1.98171951167171
0 COSMOS 1109 DEB
1 32977U 79058S   22288.09878928  .00001443  00000-0  53674-2 0  9999
2 32977  65.1523 295.4358 7369039  26.4293 357.3017  1.98173923157328
0 COSMOS 1109 DEB
1 32977U 79058S   22289.10799304  .00001460  00000-0  44429-2 0  9999
2 32977  65.1485 295.2987 7369527  26.4094 357.3031  1.98176295157345
0 COSMOS 1109 DEB
1 32977U 79058S   22289.10799304  .00001460  00000-0  44429-2 0  9999
2 32977  65.1485 295.2987 7369527  26.4094 357.3031  1.98176295167212
0 COSMOS 1109 DEB
1 32977U 79058S   22295.16295591  .00000904  00000-0  76057-3 0  9996
2 32977  65.1299 294.4782 7372652  26.2908 357.3392  1.98193627157468
0 COSMOS 1109 DEB
1 32977U 79058S   22295.16295591  .00000904  00000-0  76057-3 0  9996
2 32977  65.1299 294.4782 7372652  26.2908 357.3392  1.98193627167335
0 COSMOS 1109 DEB
1 32977U 79058S   22296.17205582  .00000729  00000-0  17917-3 0  9994
2 32977  65.1268 294.3417 7373222  26.2722 357.3385  1.98196171157487
0 COSMOS 1109 DEB
1 32977U 79058S   22297.18113815  .00000539  00000-0 -61669-3 0  9996
2 32977  65.1234 294.2050 7373798  26.2539 357.3335  1.98198330157503
0 COSMOS 1109 DEB
1 32977U 79058S   22297.18113815  .00000539  00000-0 -61669-3 0  9996
2 32977  65.1234 294.2050 7373798  26.2539 357.3335  1.98198330167379
0 COSMOS 1109 DEB
1 32977U 79058S   22298.19020537  .00000349  00000-0 -13983-2 0  9990
2 32977  65.1211 294.0685 7374430  26.2362 357.3246  1.98200112157523
0 COSMOS 1109 DEB
1 32977U 79058S   22300.20830990  .00000046  00000-0 -15626-2 0  9998
2 32977  65.1135 293.7951 7375570  26.2010 357.3009  1.98202697157567
0 COSMOS 1109 DEB
1 32977U 79058S   22300.20830990  .00000046  00000-0 -15626-2 0  9998
2 32977  65.1135 293.7951 7375570  26.2010 357.3009  1.98202697167434
0 COSMOS 1109 DEB
1 32977U 79058S   22301.21735846 -.00000078  00000-0 -14403-2 0  9992
2 32977  65.1137 293.6614 7376195  26.1857 357.2902  1.98203398157588
0 COSMOS 1109 DEB
1 32977U 79058S   22306.26264766 -.00000361  00000-0  27252-2 0  9990
2 32977  65.0953 292.9794 7379202  26.1008 357.2905  1.98203883157687
0 COSMOS 1109 DEB
1 32977U 79058S   22306.26264766 -.00000361  00000-0  27252-2 0  9990
2 32977  65.0953 292.9794 7379202  26.1008 357.2905  1.98203883167554
0 COSMOS 1109 DEB
1 32977U 79058S   22307.27171146 -.00000413  00000-0  34378-2 0  9996
2 32977  65.0905 292.8399 7379877  26.0814 357.2932  1.98203455157704
0 COSMOS 1109 DEB
1 32977U 79058S   22307.77624226 -.00000439  00000-0  38349-2 0  9993
2 32977  65.0889 292.7713 7380192  26.0749 357.2929  1.98203212157711
0 COSMOS 1109 DEB
1 32977U 79058S   22312.82153337 -.00000831  00000-0  40199-2 0  9997
2 32977  65.0662 292.0838 7383146  25.9919 357.2514  1.98198819157817
0 COSMOS 1109 DEB
1 32977U 79058S   22312.82153337 -.00000831  00000-0  40199-2 0  9997
2 32977  65.0662 292.0838 7383146  25.9919 357.2514  1.98198819167683
0 COSMOS 1109 DEB
1 32977U 79058S   22313.83060604 -.00000928  00000-0  24637-2 0  9999
2 32977  65.0613 291.9459 7383740  25.9752 357.2437  1.98197203157837
0 COSMOS 1109 DEB
1 32977U 79058S   22314.83969143 -.00001003  00000-0  63667-3 0  9998
2 32977  65.0562 291.8079 7384327  25.9584 357.2393  1.98195286157854
0 COSMOS 1109 DEB
1 32977U 79058S   22314.83969143 -.00001003  00000-0  63667-3 0  9998
2 32977  65.0562 291.8079 7384327  25.9584 357.2393  1.98195286167721
0 COSMOS 1109 DEB
1 32977U 79058S   22315.34423997 -.00001030  00000-0 -35637-3 0  9994
2 32977  65.0536 291.7388 7384617  25.9499 357.2384  1.98194188157865
0 COSMOS 1109 DEB
1 32977U 79058S   22317.36247601 -.00000981  00000-0 -31328-2 0  9990
2 32977  65.0435 291.4621 7385785  25.9150 357.2434  1.98189330157905
0 COSMOS 1109 DEB
1 32977U 79058S   22317.36247601 -.00000981  00000-0 -31328-2 0  9990
2 32977  65.0435 291.4621 7385785  25.9150 357.2434  1.98189330167771
0 COSMOS 1109 DEB
1 32977U 79058S   22318.37162075 -.00000865  00000-0 -38190-2 0  9998
2 32977  65.0383 291.3234 7386360  25.8972 357.2496  1.98186612157927
0 COSMOS 1109 DEB
1 32977U 79058S   22321.90374214 -.00000036  00000-0 -18836-2 0  9996
2 32977  65.0224 290.8378 7388582  25.8314 357.2707  1.98177747157993
0 COSMOS 1109 DEB
1 32977U 79058S   22321.90374214 -.00000036  00000-0 -18836-2 0  9996
2 32977  65.0224 290.8378 7388582  25.8314 357.2707  1.98177747167860
0 COSMOS 1109 DEB
1 32977U 79058S   22322.91293967  .00000255  00000-0 -80805-3 0  9991
2 32977  65.0185 290.6994 7389254  25.8130 357.2713  1.98175915158010
0 COSMOS 1109 DEB
1 32977U 79058S   22323.92213957  .00000525  00000-0 -16497-4 0  9991
2 32977  65.0139 290.5605 7389919  25.7948 357.2679  1.98174543158030
0 COSMOS 1109 DEB
1 32977U 79058S   22323.92213957  .00000525  00000-0 -16497-4 0  9991
2 32977  65.0139 290.5605 7389919  25.7948 357.2679  1.98174543167906
0 COSMOS 1109 DEB
1 32977U 79058S   22328.96811828  .00001385  00000-0  14879-2 0  9995
2 32977  64.9926 289.8651 7393188  25.7043 357.2260  1.98176633158132
0 COSMOS 1109 DEB
1 32977U 79058S   22328.96811828  .00001385  00000-0  14879-2 0  9995
2 32977  64.9926 289.8651 7393188  25.7043 357.2260  1.98176633168009
0 COSMOS 1109 DEB
1 32977U 79058S   22329.97730608  .00001452  00000-0  17997-2 0  9992
2 32977  64.9898 289.7269 7393819  25.6884 357.2242  1.98178787158151
0 COSMOS 1109 DEB
1 32977U 79058S   22331.99566175  .00001451  00000-0  20871-2 0  9997
2 32977  64.9817 289.4481 7395048  25.6525 357.2330  1.98184093158192
0 COSMOS 1109 DEB
1 32977U 79058S   22331.99566175  .00001451  00000-0  20871-2 0  9997
2 32977  64.9817 289.4481 7395048  25.6525 357.2330  1.98184093168069
0 COSMOS 1109 DEB
1 32977U 79058S   22333.00482153  .00001397  00000-0  23111-2 0  9993
2 32977  64.9779 289.3092 7395654  25.6353 357.2398  1.98187136158216
0 COSMOS 1109 DEB
1 32977U 79058S   22337.04126086  .00000909  00000-0  35766-2 0  9998
2 32977  64.9620 288.7524 7397799  25.5687 357.2409  1.98199772158295
0 COSMOS 1109 DEB
1 32977U 79058S   22337.04126086  .00000909  00000-0  35766-2 0  9998
2 32977  64.9620 288.7524 7397799  25.5687 357.2409  1.98199772168162
0 COSMOS 1109 DEB
1 32977U 79058S   22338.05032038  .00000753  00000-0  38958-2 0  9996
2 32977  64.9588 288.6144 7398325  25.5522 357.2336  1.98202621158319
0 COSMOS 1109 DEB
1 32977U 79058S   22339.05936621  .00000597  00000-0  41275-2 0  9990
2 32977  64.9557 288.4766 7398847  25.5361 357.2261  1.98205156158338
0 COSMOS 1109 DEB
1 32977U 79058S   22339.05936621  .00000597  00000-0  41275-2 0  9990
2 32977  64.9557 288.4766 7398847  25.5361 357.2261  1.98205156168205
0 COSMOS 1109 DEB
1 32977U 79058S   22340.06840212  .00000450  00000-0  42773-2 0  9995
2 32977  64.9524 288.3384 7399401  25.5179 357.2204  1.98207372158352
0 COSMOS 1109 DEB
1 32977U 79058S   22341.07743080  .00000320  00000-0  44253-2 0  9993
2 32977  64.9477 288.1991 7399932  25.4999 357.2176  1.98209306158378
0 COSMOS 1109 DEB
1 32977U 79058S   22341.07743080  .00000320  00000-0  44253-2 0  9993
2 32977  64.9477 288.1991 7399932  25.4999 357.2176  1.98209306168245
0 COSMOS 1109 DEB
1 32977U 79058S   22342.08645444  .00000227  00000-0  48108-2 0  9999
2 32977  64.9431 288.0597 7400456  25.4828 357.2185  1.98211068158394
0 COSMOS 1109 DEB
1 32977U 79058S   22347.13155988 -.00000197  00000-0  46505-2 0  9995
2 32977  64.9195 287.3628 7403024  25.3981 357.2650  1.98214485158495
0 COSMOS 1109 DEB
1 32977U 79058S   22347.13155988 -.00000197  00000-0  46505-2 0  9995
2 32977  64.9195 287.3628 7403024  25.3981 357.2650  1.98214485168362
0 COSMOS 1109 DEB
1 32977U 79058S   22347.63606803 -.00000211  00000-0  49899-2 0  9993
2 32977  64.9167 287.2921 7403327  25.3888 357.2706  1.98214638158505
0 COSMOS 1109 DEB
1 32977U 79058S   22348.64508161 -.00000257  00000-0  54707-2 0  9997
2 32977  64.9122 287.1526 7403897  25.3716 357.2798  1.98214782158521
0 COSMOS 1109 DEB
1 32977U 79058S   22350.66309528 -.00000398  00000-0  58253-2 0  9994
2 32977  64.9028 286.8731 7405100  25.3377 357.2888  1.98214547158565
0 COSMOS 1109 DEB
1 32977U 79058S   22350.66309528 -.00000398  00000-0  58253-2 0  9994
2 32977  64.9028 286.8731 7405100  25.3377 357.2888  1.98214547168432
0 COSMOS 1109 DEB
1 32977U 79058S   22351.67209558 -.00000487  00000-0  57056-2 0  9997
2 32977  64.8980 286.7332 7405716  25.3211 357.2881  1.98214173158587
0 COSMOS 1109 DEB
1 32977U 79058S   22352.68109432 -.00000585  00000-0  53549-2 0  9991
2 32977  64.8931 286.5933 7406333  25.3054 357.2846  1.98213557158608
0 COSMOS 1109 DEB
1 32977U 79058S   22352.68109432 -.00000585  00000-0  53549-2 0  9991
2 32977  64.8931 286.5933 7406333  25.3054 357.2846  1.98213557168474
0 COSMOS 1109 DEB
1 32977U 79058S   22353.69009374 -.00000670  00000-0  49747-2 0  9997
2 32977  64.8882 286.4528 7406955  25.2889 357.2801  1.98212783158620
0 COSMOS 1109 DEB
1 32977U 79058S   22355.70811455 -.00000838  00000-0  32686-2 0  9992
2 32977  64.8767 286.1701 7408225  25.2557 357.2755  1.98210147158660
0 COSMOS 1109 DEB
1 32977U 79058S   22355.70811455 -.00000838  00000-0  32686-2 0  9992
2 32977  64.8767 286.1701 7408225  25.2557 357.2755  1.98210147168537
0 COSMOS 1109 DEB
1 32977U 79058S   22356.71714397 -.00000880  00000-0  23307-2 0  9998
2 32977  64.8708 286.0284 7408859  25.2394 357.2786  1.98208363158685
0 COSMOS 1109 DEB
1 32977U 79058S   22357.22166437 -.00000874  00000-0  20253-2 0  9991
2 32977  64.8688 285.9588 7409140  25.2330 357.2816  1.98207427158696
0 COSMOS 1109 DEB
1 32977U 79058S   22357.72618956 -.00000876  00000-0  14943-2 0  9995
2 32977  64.8661 285.8883 7409445  25.2255 357.2858  1.98206303158708
0 COSMOS 1109 DEB
1 32977U 79058S   22357.72618956 -.00000876  00000-0  14943-2 0  9995
2 32977  64.8661 285.8883 7409445  25.2255 357.2858  1.98206303168574
0 COSMOS 1109 DEB
1 32977U 79058S   22358.73525022 -.00000774  00000-0  14245-2 0  9990
2 32977  64.8602 285.7465 7410062  25.2092 357.2967  1.98204330158725
0 COSMOS 1109 DEB
1 32977U 79058S   22361.76250948 -.00000168  00000-0  25954-2 0  9995
2 32977  64.8434 285.3208 7411865  25.1610 357.3297  1.98197987168655
0 COSMOS 1109 DEB
1 32977U 79058S   22364.78981292  .00000789  00000-0  63058-2 0  9998
2 32977  64.8263 284.8933 7413577  25.1109 357.3342  1.98194833158847
0 COSMOS 1109 DEB
1 32977U 79058S   22364.78981292  .00000789  00000-0  63058-2 0  9998
2 32977  64.8263 284.8933 7413577  25.1109 357.3342  1.98194833168714
0 COSMOS 1109 DEB
1 32977U 79058S   22365.79891487  .00001028  00000-0  65983-2 0  9992
2 32977  64.8197 284.7492 7414125  25.0923 357.3322  1.98194604158861
0 COSMOS 1109 DEB
1 32977U 79058S   23001.80801605  .00001247  00000-0  67816-2 0  9995
2 32977  64.8149 284.6070 7414664  25.0750 357.3311  1.98195079158882
0 COSMOS 1109 DEB
1 32977U 79058S   23001.80801605  .00001247  00000-0  67816-2 0  9995
2 32977  64.8149 284.6070 7414664  25.0750 357.3311  1.98195079168759
0 COSMOS 1109 DEB
1 32977U 79058S   23004.83530222  .00001702  00000-0  65789-2 0  9998
2 32977  64.7999 284.1786 7416196  25.0188 357.3480  1.98200412158942
0 COSMOS 1109 DEB
1 32977U 79058S   23004.83530222  .00001702  00000-0  65789-2 0  9998
2 32977  64.7999 284.1786 7416196  25.0188 357.3480  1.98200412168819
0 COSMOS 1109 DEB
1 32977U 79058S   23005.84438324  .00001775  00000-0  63655-2 0  9990
2 32977  64.7944 284.0352 7416673  24.9982 357.3611  1.98203319158967
0 COSMOS 1109 DEB
1 32977U 79058S   23007.86250696  .00001762  00000-0  55719-2 0  9996
2 32977  64.7911 283.7535 7417752  24.9455 357.3950  1.98210045159000
0 COSMOS 1109 DEB
1 32977U 79058S   23007.86250696  .00001762  00000-0  55719-2 0  9996
2 32977  64.7911 283.7535 7417752  24.9455 357.3950  1.98210045168875
0 COSMOS 1109 DEB
1 32977U 79058S   23012.90744877  .00001214  00000-0  49852-2 0  9999
2 32977  64.7787 283.0529 7419934  24.8781 357.4521  1.98229372159101
0 COSMOS 1109 DEB
1 32977U 79058S   23012.90744877  .00001214  00000-0  49852-2 0  9999
2 32977  64.7787 283.0529 7419934  24.8781 357.4521  1.98229372168976
0 COSMOS 1109 DEB
1 32977U 79058S   23015.93414196  .00000946  00000-0  68351-2 0  9999
2 32977  64.7636 282.6152 7421689  24.8090 357.4568  1.98239854159167
0 COSMOS 1109 DEB
1 32977U 79058S   23015.93414196  .00000946  00000-0  68351-2 0  9999
2 32977  64.7636 282.6152 7421689  24.8090 357.4568  1.98239854169034
0 COSMOS 1109 DEB
1 32977U 79058S   23016.43857562  .00000820  00000-0  62796-2 0  9991
2 32977  64.7617 282.5439 7421964  24.8011 357.4568  1.98241154159179
0 COSMOS 1109 DEB
1 32977U 79058S   23016.94300758  .00000737  00000-0  61044-2 0  9999
2 32977  64.7619 282.4772 7422225  24.7950 357.4571  1.98242415159188
0 COSMOS 1109 DEB
1 32977U 79058S   23017.95186408  .00000464  00000-0  46520-2 0  9994
2 32977  64.7601 282.3394 7422532  24.7936 357.4586  1.98244346169073
0 COSMOS 1109 DEB
1 32977U 79058S   23018.45629025  .00000516  00000-0  56918-2 0  9997
2 32977  64.7580 282.2680 7422832  24.7844 357.4619  1.98245738159215
0 COSMOS 1109 DEB
1 32977U 79058S   23018.96071479  .00000453  00000-0  56003-2 0  9992
2 32977  64.7555 282.1956 7422844  24.7903 357.4642  1.98246600159227
0 COSMOS 1109 DEB
1 32977U 79058S   23018.96071479  .00000453  00000-0  56003-2 0  9992
2 32977  64.7555 282.1956 7422844  24.7903 357.4642  1.98246600169093
0 COSMOS 1109 DEB
1 32977U 79058S   23019.96956605  .00000322  00000-0  51668-2 0  9993
2 32977  64.7508 282.0524 7423948  24.7472 357.4793  1.98248085169117
0 COSMOS 1109 DEB
1 32977U 79058S   23022.99608264  .00000299  00000-0  71860-2 0  9994
2 32977  64.7348 281.6152 7425451  24.7148 357.5193  1.98251897169178
0 COSMOS 1109 DEB
1 32977U 79058S   23025.51811524  .00000044  00000-0  69087-2 0  9996
2 32977  64.7217 281.2552 7426803  24.6759 357.5351  1.98253989159351
0 COSMOS 1109 DEB
1 32977U 79058S   23025.51811524  .00000044  00000-0  69087-2 0  9996
2 32977  64.7217 281.2552 7426803  24.6759 357.5351  1.98253989169228
0 COSMOS 1109 DEB
1 32977U 79058S   23027.53570443 -.00000186  00000-0  66041-2 0  9997
2 32977  64.7124 280.9678 7427816  24.6462 357.5328  1.98255009159392
0 COSMOS 1109 DEB
1 32977U 79058S   23027.53570443 -.00000186  00000-0  66041-2 0  9997
2 32977  64.7124 280.9678 7427816  24.6462 357.5328  1.98255009169269
0 COSMOS 1109 DEB
1 32977U 79058S   23028.54449564 -.00000325  00000-0  61418-2 0  9996
2 32977  64.7075 280.8235 7428334  24.6308 357.5316  1.98255198159419
0 COSMOS 1109 DEB
1 32977U 79058S   23029.55328921 -.00000437  00000-0  57743-2 0  9991
2 32977  64.7047 280.6831 7428774  24.6192 357.5323  1.98255203159434
0 COSMOS 1109 DEB
1 32977U 79058S   23029.55328921 -.00000437  00000-0  57743-2 0  9991
2 32977  64.7047 280.6831 7428774  24.6192 357.5323  1.98255203169301
0 COSMOS 1109 DEB
1 32977U 79058S   23030.56208814 -.00000582  00000-0  49028-2 0  9990
2 32977  64.6974 280.5353 7429320  24.6024 357.5371  1.98254844159457
0 COSMOS 1109 DEB
1 32977U 79058S   23031.57089459 -.00000682  00000-0  41623-2 0  9998
2 32977  64.6916 280.3885 7429913  24.5840 357.5460  1.98254225159478
0 COSMOS 1109 DEB
1 32977U 79058S   23031.57089459 -.00000682  00000-0  41623-2 0  9998
2 32977  64.6916 280.3885 7429913  24.5840 357.5460  1.98254225169345
0 COSMOS 1109 DEB
1 32977U 79058S   23032.07530110 -.00000743  00000-0  36079-2 0  9996
2 32977  64.6895 280.3168 7430175  24.5775 357.5514  1.98253556159484
0 COSMOS 1109 DEB
1 32977U 79058S   23033.08412090 -.00000838  00000-0  25266-2 0  9995
2 32977  64.6844 280.1713 7430666  24.5658 357.5642  1.98252237159507
0 COSMOS 1109 DEB
1 32977U 79058S   23033.58853497 -.00000845  00000-0  22099-2 0  9999
2 32977  64.6823 280.0999 7430981  24.5547 357.5721  1.98251510169384
0 COSMOS 1109 DEB
1 32977U 79058S   23034.09295162 -.00000885  00000-0  15631-2 0  9993
2 32977  64.6814 280.0293 7431266  24.5468 357.5799  1.98250558159521
0 COSMOS 1109 DEB
1 32977U 79058S   23034.59737036 -.00000839  00000-0  15455-2 0  9992
2 32977  64.6790 279.9561 7431530  24.5404 357.5876  1.98249744159535
0 COSMOS 1109 DEB
1 32977U 79058S   23035.10179264 -.00000806  00000-0  13540-2 0  9990
2 32977  64.6780 279.8863 7431818  24.5310 357.5957  1.98248739159547
0 COSMOS 1109 DEB
1 32977U 79058S   23035.60621672 -.00000764  00000-0  11684-2 0  9990
2 32977  64.6764 279.8138 7432138  24.5220 357.6036  1.98247700159557
0 COSMOS 1109 DEB
1 32977U 79058S   23035.60621672 -.00000764  00000-0  11684-2 0  9990
2 32977  64.6764 279.8138 7432138  24.5220 357.6036  1.98247700169424
0 COSMOS 1109 DEB
1 32977U 79058S   23037.62393510 -.00000306  00000-0  21114-2 0  9992
2 32977  64.6660 279.5199 7433275  24.4899 357.6296  1.98243667159590
0 COSMOS 1109 DEB
1 32977U 79058S   23037.62393510 -.00000306  00000-0  21114-2 0  9992
2 32977  64.6660 279.5199 7433275  24.4899 357.6296  1.98243667169467
0 COSMOS 1109 DEB
1 32977U 79058S   23038.63280259  .00000036  00000-0  31388-2 0  9992
2 32977  64.6607 279.3739 7433826  24.4725 357.6381  1.98242100159618
0 COSMOS 1109 DEB
1 32977U 79058S   23039.64167182  .00000471  00000-0  47031-2 0  9998
2 32977  64.6562 279.2281 7434413  24.4547 357.6430  1.98241074159630
0 COSMOS 1109 DEB
1 32977U 79058S   23039.64167182  .00000471  00000-0  47031-2 0  9998
2 32977  64.6562 279.2281 7434413  24.4547 357.6430  1.98241074169507
0 COSMOS 1109 DEB
1 32977U 79058S   23043.67711508  .00001947  00000-0  84722-2 0  9990
2 32977  64.6433 278.6447 7436738  24.3904 357.6382  1.98243953159715
0 COSMOS 1109 DEB
1 32977U 79058S   23043.67711508  .00001947  00000-0  84722-2 0  9990
2 32977  64.6433 278.6447 7436738  24.3904 357.6382  1.98243953169581
0 COSMOS 1109 DEB
1 32977U 79058S   23048.72123400  .00002318  00000-0  62414-2 0  9996
2 32977  64.6219 277.9125 7439531  24.3110 357.6703  1.98259895159815
0 COSMOS 1109 DEB
1 32977U 79058S   23048.72123400  .00002318  00000-0  62414-2 0  9996
2 32977  64.6219 277.9125 7439531  24.3110 357.6703  1.98259895169681
0 COSMOS 1109 DEB
1 32977U 79058S   23049.73000675  .00002182  00000-0  52815-2 0  9999
2 32977  64.6205 277.7666 7440037  24.3034 357.6791  1.98263771159833
0 COSMOS 1109 DEB
1 32977U 79058S   23050.73875495  .00002184  00000-0  55280-2 0  9992
2 32977  64.6173 277.6200 7440651  24.2831 357.6860  1.98268008159853
0 COSMOS 1109 DEB
1 32977U 79058S   23050.73875495  .00002184  00000-0  55280-2 0  9992
2 32977  64.6173 277.6200 7440651  24.2831 357.6860  1.98268008169720
0 COSMOS 1109 DEB
1 32977U 79058S   23051.74747381  .00002183  00000-0  60180-2 0  9990
2 32977  64.6165 277.4766 7441215  24.2729 357.6872  1.98272666159872
0 COSMOS 1109 DEB
1 32977U 79058S   23052.75616182  .00002086  00000-0  61102-2 0  9993
2 32977  64.6120 277.3294 7441766  24.2596 357.6843  1.98277518159892
0 COSMOS 1109 DEB
1 32977U 79058S   23052.75616182  .00002086  00000-0  61102-2 0  9993
2 32977  64.6120 277.3294 7441766  24.2596 357.6843  1.98277518169769
0 COSMOS 1109 DEB
1 32977U 79058S   23053.76482083  .00001821  00000-0  53192-2 0  9992
2 32977  64.6079 277.1825 7442293  24.2455 357.6783  1.98282153159910
0 COSMOS 1109 DEB
1 32977U 79058S   23054.77345430  .00001568  00000-0  47000-2 0  9997
2 32977  64.6024 277.0340 7442775  24.2369 357.6705  1.98286606169800
0 COSMOS 1109 DEB
1 32977U 79058S   23055.78206805  .00001317  00000-0  41082-2 0  9997
2 32977  64.5990 276.8876 7443325  24.2170 357.6651  1.98290631159952
0 COSMOS 1109 DEB
1 32977U 79058S   23056.79066592  .00001198  00000-0  42682-2 0  9990
2 32977  64.5953 276.7410 7443852  24.1986 357.6623  1.98294521159976
0 COSMOS 1109 DEB
1 32977U 79058S   23056.79066592  .00001198  00000-0  42682-2 0  9990
2 32977  64.5953 276.7410 7443852  24.1986 357.6623  1.98294521169843
0 COSMOS 1109 DEB
1 32977U 79058S   23057.79925088  .00001101  00000-0  44742-2 0  9998
2 32977  64.5924 276.5951 7444362  24.1844 357.6626  1.98298014159998
0 COSMOS 1109 DEB
1 32977U 79058S   23058.80782270  .00001270  00000-0  61039-2 0  9990
2 32977  64.5893 276.4492 7444894  24.1704 357.6668  1.98301932160012
0 COSMOS 1109 DEB
1 32977U 79058S   23058.80782270  .00001270  00000-0  61039-2 0  9990
2 32977  64.5893 276.4492 7444894  24.1704 357.6668  1.98301932169886
0 COSMOS 1109 DEB
1 32977U 79058S   23061.83346045  .00000673  00000-0  41477-2 0  9993
2 32977  64.5797 276.0133 7446418  24.1312 357.6933  1.98309757160076
0 COSMOS 1109 DEB
1 32977U 79058S   23061.83346045  .00000673  00000-0  41477-2 0  9993
2 32977  64.5797 276.0133 7446418  24.1312 357.6933  1.98309757169941
0 COSMOS 1109 DEB
1 32977U 79058S   23063.85049202  .00000959  00000-0  64248-2 0  9990
2 32977  64.5709 275.7171 7447559  24.0991 357.7109  1.98314579160115
0 COSMOS 1109 DEB
1 32977U 79058S   23063.85049202  .00000959  00000-0  64248-2 0  9990
2 32977  64.5709 275.7171 7447559  24.0991 357.7109  1.98314579169989
0 COSMOS 1109 DEB
1 32977U 79058S   23064.85898514  .00000836  00000-0  61117-2 0  9995
2 32977  64.5685 275.5716 7448099  24.0855 357.7154  1.98316609160138
0 COSMOS 1109 DEB
1 32977U 79058S   23065.86746141  .00000834  00000-0  64558-2 0  9995
2 32977  64.5653 275.4253 7448625  24.0725 357.7165  1.98318856160159
0 COSMOS 1109 DEB
1 32977U 79058S   23065.86746141  .00000834  00000-0  64558-2 0  9995
2 32977  64.5653 275.4253 7448625  24.0725 357.7165  1.98318856170026
0 COSMOS 1109 DEB
1 32977U 79058S   23071.41388010  .00000326  00000-0  57721-2 0  9990
2 32977  64.5478 274.6201 7451926  24.0010 357.6826  1.98326814160261
0 COSMOS 1109 DEB
1 32977U 79058S   23071.41388010  .00000326  00000-0  57721-2 0  9990
2 32977  64.5478 274.6201 7451926  24.0010 357.6826  1.98326814170138
0 COSMOS 1109 DEB
1 32977U 79058S   23072.42230379  .00000138  00000-0  50816-2 0  9995
2 32977  64.5440 274.4732 7452558  23.9898 357.6796  1.98327576160285
0 COSMOS 1109 DEB
1 32977U 79058S   23073.43072862  .00000074  00000-0  48962-2 0  9996
2 32977  64.5376 274.3255 7453165  23.9777 357.6802  1.98328218160308
0 COSMOS 1109 DEB
1 32977U 79058S   23073.43072862  .00000074  00000-0  48962-2 0  9996
2 32977  64.5376 274.3255 7453165  23.9777 357.6802  1.98328218170174
0 COSMOS 1109 DEB
1 32977U 79058S   23074.43915328  .00000139  00000-0  52392-2 0  9994
2 32977  64.5278 274.1751 7453476  23.9816 357.6819  1.98328810160325
0 COSMOS 1109 DEB
1 32977U 79058S   23074.43915328  .00000139  00000-0  52392-2 0  9994
2 32977  64.5278 274.1751 7453476  23.9816 357.6819  1.98328810170191
0 COSMOS 1109 DEB
1 32977U 79058S   23075.44758015 -.00000126  00000-0  38969-2 0  9995
2 32977  64.5249 274.0271 7454298  23.9624 357.6883  1.98328503160341
0 COSMOS 1109 DEB
1 32977U 79058S   23075.44758015 -.00000126  00000-0  38969-2 0  9995
2 32977  64.5249 274.0271 7454298  23.9624 357.6883  1.98328503170218
0 COSMOS 1109 DEB
1 32977U 79058S   23076.45600731 -.00000440  00000-0  22913-2 0  9999
2 32977  64.5198 273.8788 7454869  23.9539 357.6925  1.98327868160365
0 COSMOS 1109 DEB
1 32977U 79058S   23077.46443954 -.00000557  00000-0  14749-2 0  9990
2 32977  64.5274 273.7524 7455531  23.9428 357.6941  1.98326269160385
0 COSMOS 1109 DEB
1 32977U 79058S   23077.46443954 -.00000557  00000-0  14749-2 0  9990
2 32977  64.5274 273.7524 7455531  23.9428 357.6941  1.98326269170252
0 COSMOS 1109 DEB
1 32977U 79058S   23078.47287281 -.00000353  00000-0  19524-2 0  9991
2 32977  64.5249 273.6107 7456149  23.9343 357.6911  1.98324745160402
0 COSMOS 1109 DEB
1 32977U 79058S   23078.47287281 -.00000353  00000-0  19524-2 0  9991
2 32977  64.5249 273.6107 7456149  23.9343 357.6911  1.98324745170278
0 COSMOS 1109 DEB
1 32977U 79058S   23079.48130672 -.00000175  00000-0  21733-2 0  9991
2 32977  64.5147 273.4493 7456907  23.9241 357.6837  1.98323179160423
0 COSMOS 1109 DEB
1 32977U 79058S   23079.48130672 -.00000175  00000-0  21733-2 0  9991
2 32977  64.5147 273.4493 7456907  23.9241 357.6837  1.98323179170299
0 COSMOS 1109 DEB
1 32977U 79058S   23081.49818391  .00000372  00000-0  30566-2 0  9998
2 32977  64.5029 273.1583 7458000  23.9057 357.6594  1.98320897170335
0 COSMOS 1109 DEB
1 32977U 79058S   23082.50662766  .00000675  00000-0  34032-2 0  9992
2 32977  64.4888 272.9837 7458775  23.8902 357.6480  1.98320362170356
0 COSMOS 1109 DEB
1 32977U 79058S   23083.51507446  .00001337  00000-0  50833-2 0  9990
2 32977  64.4835 272.8354 7459406  23.8734 357.6393  1.98321386160502
0 COSMOS 1109 DEB
1 32977U 79058S   23083.51507446  .00001337  00000-0  50833-2 0  9990
2 32977  64.4835 272.8354 7459406  23.8734 357.6393  1.98321386170378
0 COSMOS 1109 DEB
1 32977U 79058S   23086.03619643  .00001768  00000-0  42355-2 0  9991
2 32977  64.4710 272.4615 7460888  23.8364 357.6343  1.98323782170424
0 COSMOS 1109 DEB
1 32977U 79058S   23086.54042060  .00001823  00000-0  39670-2 0  9998
2 32977  64.4689 272.3871 7461217  23.8281 357.6362  1.98324471160568
0 COSMOS 1109 DEB
1 32977U 79058S   23087.04464382  .00002032  00000-0  42898-2 0  9998
2 32977  64.4667 272.3128 7461521  23.8205 357.6386  1.98325474160574
0 COSMOS 1109 DEB
1 32977U 79058S   23088.55729738  .00002552  00000-0  49918-2 0  9991
2 32977  64.4596 272.0888 7462453  23.7963 357.6480  1.98329684160606
0 COSMOS 1109 DEB
1 32977U 79058S   23088.55729738  .00002552  00000-0  49918-2 0  9991
2 32977  64.4596 272.0888 7462453  23.7963 357.6480  1.98329684170472
0 COSMOS 1109 DEB
1 32977U 79058S   23089.56571197  .00002788  00000-0  52130-2 0  9998
2 32977  64.4560 271.9401 7463026  23.7813 357.6541  1.98333401160629
0 COSMOS 1109 DEB
1 32977U 79058S   23090.57410407  .00002955  00000-0  53527-2 0  9994
2 32977  64.4530 271.7918 7463521  23.7682 357.6581  1.98337675160644
0 COSMOS 1109 DEB
1 32977U 79058S   23090.57410407  .00002955  00000-0  53527-2 0  9994
2 32977  64.4530 271.7918 7463521  23.7682 357.6581  1.98337675170511
0 COSMOS 1109 DEB
1 32977U 79058S   23091.58247136  .00002678  00000-0  41164-2 0  9999
2 32977  64.4498 271.6431 7464057  23.7548 357.6597  1.98341699160662
0 COSMOS 1109 DEB
1 32977U 79058S   23091.58247136  .00002678  00000-0  41164-2 0  9999
2 32977  64.4498 271.6431 7464057  23.7548 357.6597  1.98341699170539
0 COSMOS 1109 DEB
1 32977U 79058S   23092.59081147  .00002638  00000-0  38913-2 0  9993
2 32977  64.4470 271.4944 7464500  23.7418 357.6580  1.98346269160680
0 COSMOS 1109 DEB
1 32977U 79058S   23097.63209647  .00001817  00000-0  24486-2 0  9998
2 32977  64.4346 270.7519 7467231  23.6801 357.6152  1.98370364160780
0 COSMOS 1109 DEB
1 32977U 79058S   23097.63209647  .00001817  00000-0  24486-2 0  9998
2 32977  64.4346 270.7519 7467231  23.6801 357.6152  1.98370364170657
0 COSMOS 1109 DEB
1 32977U 79058S   23098.64028518  .00001631  00000-0  22751-2 0  9993
2 32977  64.4313 270.6054 7467784  23.6645 357.6086  1.98374521160804
0 COSMOS 1109 DEB
1 32977U 79058S   23099.64845710  .00001518  00000-0  23294-2 0  9992
2 32977  64.4290 270.4586 7468268  23.6622 357.6040  1.98378604160827
0 COSMOS 1109 DEB
1 32977U 79058S   23099.64845710  .00001518  00000-0  23294-2 0  9992
2 32977  64.4290 270.4586 7468268  23.6622 357.6040  1.98378604170693
0 COSMOS 1109 DEB
1 32977U 79058S   23100.65661313  .00001657  00000-0  31185-2 0  9993
2 32977  64.4242 270.3095 7468767  23.6510 357.6042  1.98383006160844
0 COSMOS 1109 DEB
1 32977U 79058S   23101.66475310  .00001506  00000-0  30084-2 0  9995
2 32977  64.4217 270.1624 7469274  23.6421 357.6070  1.98386751160860
0 COSMOS 1109 DEB
1 32977U 79058S   23101.66475310  .00001506  00000-0  30084-2 0  9995
2 32977  64.4217 270.1624 7469274  23.6421 357.6070  1.98386751170737
0 COSMOS 1109 DEB
1 32977U 79058S   23102.67287530  .00001248  00000-0  25734-2 0  9991
2 32977  64.4177 270.0133 7469812  23.6312 357.6113  1.98390092160889
0 COSMOS 1109 DEB
1 32977U 79058S   23103.68097886  .00001150  00000-0  25856-2 0  9993
2 32977  64.4142 269.8639 7470404  23.6195 357.6146  1.98393340160904
0 COSMOS 1109 DEB
1 32977U 79058S   23103.68097886  .00001150  00000-0  25856-2 0  9993
2 32977  64.4142 269.8639 7470404  23.6195 357.6146  1.98393340170770
0 COSMOS 1109 DEB
1 32977U 79058S   23105.19309475  .00001337  00000-0  35131-2 0  9995
2 32977  64.4105 269.6434 7471214  23.6092 357.6122  1.98398367160931
0 COSMOS 1109 DEB
1 32977U 79058S   23105.19309475  .00001337  00000-0  35131-2 0  9995
2 32977  64.4105 269.6434 7471214  23.6092 357.6122  1.98398367170808
0 COSMOS 1109 DEB
1 32977U 79058S   23105.69712341  .00001270  00000-0  34486-2 0  9998
2 32977  64.4055 269.5648 7471576  23.5963 357.6102  1.98399660160944
0 COSMOS 1109 DEB
1 32977U 79058S   23105.69712341  .00001270  00000-0  34486-2 0  9998
2 32977  64.4055 269.5648 7471576  23.5963 357.6102  1.98399660170811
0 COSMOS 1109 DEB
1 32977U 79058S   23106.20114517  .00001314  00000-0  36909-2 0  9998
2 32977  64.4038 269.4913 7471845  23.5929 357.6060  1.98401358160952
0 COSMOS 1109 DEB
1 32977U 79058S   23107.71318244  .00001274  00000-0  39271-2 0  9998
2 32977  64.3956 269.2672 7472757  23.5745 357.5894  1.98405820160984
0 COSMOS 1109 DEB
1 32977U 79058S   23109.72917700  .00000900  00000-0  33963-2 0  9990
2 32977  64.3828 268.9654 7473707  23.5543 357.5647  1.98411026161027
0 COSMOS 1109 DEB
1 32977U 79058S   23109.72917700  .00000900  00000-0  33963-2 0  9990
2 32977  64.3828 268.9654 7473707  23.5543 357.5647  1.98411026170892
0 COSMOS 1109 DEB
1 32977U 79058S   23115.27303617  .00000930  00000-0  41522-2 0  9996
2 32977  64.3572 268.1446 7476697  23.4904 357.5702  1.98422770161137
0 COSMOS 1109 DEB
1 32977U 79058S   23116.28098354  .00000348  00000-0  29112-2 0  9991
2 32977  64.3495 267.9948 7477127  23.4848 357.5773  1.98424259161155
0 COSMOS 1109 DEB
1 32977U 79058S   23117.28892272  .00000522  00000-0  33792-2 0  9996
2 32977  64.3438 267.8452 7477576  23.4763 357.5835  1.98425726161176
0 COSMOS 1109 DEB
1 32977U 79058S   23117.28892272  .00000522  00000-0  33792-2 0  9996
2 32977  64.3438 267.8452 7477576  23.4763 357.5835  1.98425726171043
0 COSMOS 1109 DEB
1 32977U 79058S   23118.29685128  .00000441  00000-0  32377-2 0  9996
2 32977  64.3420 267.6979 7478099  23.4654 357.5877  1.98427067161197
0 COSMOS 1109 DEB
1 32977U 79058S   23119.30476852  .00000247  00000-0  28238-2 0  9996
2 32977  64.3368 267.5476 7478588  23.4549 357.5889  1.98428127161219
0 COSMOS 1109 DEB
1 32977U 79058S   23119.30476852  .00000247  00000-0  28238-2 0  9996
2 32977  64.3368 267.5476 7478588  23.4549 357.5889  1.98428127171085
0 COSMOS 1109 DEB
1 32977U 79058S   23120.31267788  .00000057  00000-0  23351-2 0  9995
2 32977  64.3171 267.3683 7479639  23.4166 357.5905  1.98428702161232
0 COSMOS 1109 DEB
1 32977U 79058S   23120.31267788  .00000057  00000-0  23351-2 0  9995
2 32977  64.3171 267.3683 7479639  23.4166 357.5905  1.98428702171109
0 COSMOS 1109 DEB
1 32977U 79058S   23121.32058306 -.00000081  00000-0  19698-2 0  9998
2 32977  64.3219 267.2354 7479992  23.4138 357.5850  1.98428588161253
0 COSMOS 1109 DEB
1 32977U 79058S   23121.32058306 -.00000081  00000-0  19698-2 0  9998
2 32977  64.3219 267.2354 7479992  23.4138 357.5850  1.98428588171120
0 COSMOS 1109 DEB
1 32977U 79058S   23121.82453654 -.00000266  00000-0  15171-2 0  9995
2 32977  64.3202 267.1612 7480330  23.4045 357.5825  1.98427937161266
0 COSMOS 1109 DEB
1 32977U 79058S   23122.32849039 -.00000178  00000-0  16253-2 0  9991
2 32977  64.3259 267.1058 7480403  23.4062 357.5782  1.98427587161276
0 COSMOS 1109 DEB
1 32977U 79058S   23122.32849039 -.00000178  00000-0  16253-2 0  9991
2 32977  64.3259 267.1058 7480403  23.4062 357.5782  1.98427587171143
0 COSMOS 1109 DEB
1 32977U 79058S   23123.33640161 -.00000394  00000-0  97102-3 0  9991
2 32977  64.3168 266.9464 7480870  23.4033 357.5704  1.98425805161296
0 COSMOS 1109 DEB
1 32977U 79058S   23123.33640161 -.00000394  00000-0  97102-3 0  9991
2 32977  64.3168 266.9464 7480870  23.4033 357.5704  1.98425805171163
0 COSMOS 1109 DEB
1 32977U 79058S   23124.34432277 -.00000203  00000-0  10615-2 0  9992
2 32977  64.3092 266.7881 7481631  23.3867 357.5652  1.98424448161310
0 COSMOS 1109 DEB
1 32977U 79058S   23124.34432277 -.00000203  00000-0  10615-2 0  9992
2 32977  64.3092 266.7881 7481631  23.3867 357.5652  1.98424448171186
0 COSMOS 1109 DEB
1 32977U 79058S   23125.85622228  .00000544  00000-0  19497-2 0  9990
2 32977  64.3040 266.5650 7482565  23.3702 357.5611  1.98423467161348
0 COSMOS 1109 DEB
1 32977U 79058S   23126.36019379  .00000855  00000-0  23168-2 0  9999
2 32977  64.3042 266.4937 7482932  23.3627 357.5618  1.98423357161357
0 COSMOS 1109 DEB
1 32977U 79058S   23126.36019379  .00000855  00000-0  23168-2 0  9999
2 32977  64.3042 266.4937 7482932  23.3627 357.5618  1.98423357171224
0 COSMOS 1109 DEB
1 32977U 79058S   23126.86416539  .00001328  00000-0  29876-2 0  9991
2 32977  64.2982 266.4131 7483066  23.3617 357.5626  1.98423726161363
0 COSMOS 1109 DEB
1 32977U 79058S   23130.89589294  .00003371  00000-0  46891-2 0  9994
2 32977  64.2800 265.8089 7485222  23.3102 357.5934  1.98433040161443
0 COSMOS 1109 DEB
1 32977U 79058S   23130.89589294  .00003371  00000-0  46891-2 0  9994
2 32977  64.2800 265.8089 7485222  23.3102 357.5934  1.98433040171310
0 COSMOS 1109 DEB
1 32977U 79058S   23136.43889014  .00003523  00000-0  34279-2 0  9999
2 32977  64.2547 264.9725 7487914  23.2414 357.5725  1.98461709161556
0 COSMOS 1109 DEB
1 32977U 79058S   23136.43889014  .00003523  00000-0  34279-2 0  9999
2 32977  64.2547 264.9725 7487914  23.2414 357.5725  1.98461709171423
0 COSMOS 1109 DEB
1 32977U 79058S   23137.44661211  .00003158  00000-0  28010-2 0  9998
2 32977  64.2510 264.8201 7488272  23.2323 357.5680  1.98467611161571
0 COSMOS 1109 DEB
1 32977U 79058S   23138.45431027  .00002988  00000-0  25223-2 0  9993
2 32977  64.2500 264.6722 7488680  23.2193 357.5685  1.98473579161591
0 COSMOS 1109 DEB
1 32977U 79058S   23138.45431027  .00002988  00000-0  25223-2 0  9993
2 32977  64.2500 264.6722 7488680  23.2193 357.5685  1.98473579171468
0 COSMOS 1109 DEB
1 32977U 79058S   23139.46198534  .00002978  00000-0  25249-2 0  9995
2 32977  64.2455 264.5190 7489124  23.2057 357.5739  1.98479581161613
0 COSMOS 1109 DEB
1 32977U 79058S   23140.46963152  .00004173  00000-0  43233-2 0  9995
2 32977  64.2408 264.3645 7489514  23.1984 357.5828  1.98487882161639
0 COSMOS 1109 DEB
1 32977U 79058S   23140.46963152  .00004173  00000-0  43233-2 0  9995
2 32977  64.2408 264.3645 7489514  23.1984 357.5828  1.98487882171506
0 COSMOS 1109 DEB
1 32977U 79058S   23141.47723525  .00003913  00000-0  39790-2 0  9999
2 32977  64.2388 264.2145 7490030  23.1842 357.5953  1.98496789161655
0 COSMOS 1109 DEB
1 32977U 79058S   23142.48479543  .00004171  00000-0  44111-2 0  9999
2 32977  64.2358 264.0636 7490471  23.1712 357.6089  1.98505962161677
0 COSMOS 1109 DEB
1 32977U 79058S   23142.48479543  .00004171  00000-0  44111-2 0  9999
2 32977  64.2358 264.0636 7490471  23.1712 357.6089  1.98505962171544
0 COSMOS 1109 DEB
1 32977U 79058S   23143.49230873  .00004068  00000-0  43472-2 0  9996
2 32977  64.2328 263.9124 7490934  23.1572 357.6222  1.98514963161694
0 COSMOS 1109 DEB
1 32977U 79058S   23146.51456834  .00003438  00000-0  38551-2 0  9991
2 32977  64.2240 263.4587 7492078  23.1187 357.6481  1.98539567171626
0 COSMOS 1109 DEB
1 32977U 79058S   23147.52189654  .00003167  00000-0  36793-2 0  9991
2 32977  64.2248 263.3169 7492036  23.1294 357.6480  1.98547207161776
0 COSMOS 1109 DEB
1 32977U 79058S   23147.52189654  .00003167  00000-0  36793-2 0  9991
2 32977  64.2248 263.3169 7492036  23.1294 357.6480  1.98547207171643
0 COSMOS 1109 DEB
1 32977U 79058S   23148.52918621  .00003710  00000-0  45331-2 0  9998
2 32977  64.2230 263.1709 7492147  23.1285 357.6468  1.98554908161792
0 COSMOS 1109 DEB
1 32977U 79058S   23148.52918621  .00003710  00000-0  45331-2 0  9998
2 32977  64.2230 263.1709 7492147  23.1285 357.6468  1.98554908171669
0 COSMOS 1109 DEB
1 32977U 79058S   23149.53643501  .00003133  00000-0  38676-2 0  9995
2 32977  64.2209 263.0198 7492578  23.1159 357.6458  1.98562205161818
0 COSMOS 1109 DEB
1 32977U 79058S   23149.53643501  .00003133  00000-0  38676-2 0  9995
2 32977  64.2209 263.0198 7492578  23.1159 357.6458  1.98562205171684
0 COSMOS 1109 DEB
1 32977U 79058S   23151.55083104  .00003481  00000-0  44055-2 0  9991
2 32977  64.2154 262.7196 7493430  23.0957 357.6445  1.98576070161859
0 COSMOS 1109 DEB
1 32977U 79058S   23151.55083104  .00003481  00000-0  44055-2 0  9991
2 32977  64.2154 262.7196 7493430  23.0957 357.6445  1.98576070171726
0 COSMOS 1109 DEB
1 32977U 79058S   23152.55798462  .00003719  00000-0  45944-2 0  9994
2 32977  64.2105 262.5597 7494505  23.0598 357.6507  1.98583290161876
0 COSMOS 1109 DEB
1 32977U 79058S   23152.55798462  .00003719  00000-0  45944-2 0  9994
2 32977  64.2105 262.5597 7494505  23.0598 357.6507  1.98583290171743
0 COSMOS 1109 DEB
1 32977U 79058S   23157.08970422  .00004499  00000-0  53537-2 0  9998
2 32977  64.1924 261.8691 7496525  23.0138 357.7014  1.98620278161967
0 COSMOS 1109 DEB
1 32977U 79058S   23157.08970422  .00004499  00000-0  53537-2 0  9998
2 32977  64.1924 261.8691 7496525  23.0138 357.7014  1.98620278171834
0 COSMOS 1109 DEB
1 32977U 79058S   23158.09662754  .00005208  00000-0  60517-2 0  9991
2 32977  64.1877 261.7166 7497026  22.9999 357.7136  1.98631622161982
0 COSMOS 1109 DEB
1 32977U 79058S   23158.09662754  .00005208  00000-0  60517-2 0  9991
2 32977  64.1877 261.7166 7497026  22.9999 357.7136  1.98631622171859
0 COSMOS 1109 DEB
1 32977U 79058S   23159.10349409  .00005530  00000-0  63487-2 0  9990
2 32977  64.1843 261.5657 7497455  22.9904 357.7210  1.98641980162005
0 COSMOS 1109 DEB
1 32977U 79058S   23160.11029638  .00005919  00000-0  66758-2 0  9997
2 32977  64.1796 261.4126 7497990  22.9738 357.7245  1.98653808162023
0 COSMOS 1109 DEB
1 32977U 79058S   23160.11029638  .00005919  00000-0  66758-2 0  9997
2 32977  64.1796 261.4126 7497990  22.9738 357.7245  1.98653808171898
0 COSMOS 1109 DEB
1 32977U 79058S   23161.11703561  .00005506  00000-0  62650-2 0  9991
2 32977  64.1686 261.2493 7498309  22.9783 357.7212  1.98664388162042
0 COSMOS 1109 DEB
1 32977U 79058S   23161.11703561  .00005506  00000-0  62650-2 0  9991
2 32977  64.1686 261.2493 7498309  22.9783 357.7212  1.98664388171918
0 COSMOS 1109 DEB
1 32977U 79058S   23162.12371920  .00005504  00000-0  62021-2 0  9993
2 32977  64.1589 261.0905 7498868  22.9586 357.7182  1.98675107171936
0 COSMOS 1109 DEB
1 32977U 79058S   23163.13034422  .00005772  00000-0  63978-2 0  9997
2 32977  64.1695 260.9644 7499361  22.9320 357.7157  1.98687430162087
0 COSMOS 1109 DEB
1 32977U 79058S   23163.13034422  .00005772  00000-0  63978-2 0  9997
2 32977  64.1695 260.9644 7499361  22.9320 357.7157  1.98687430171953
0 COSMOS 1109 DEB
1 32977U 79058S   23165.14341430  .00005704  00000-0  61588-2 0  9990
2 32977  64.1580 260.6503 7500372  22.9010 357.7182  1.98712308162128
0 COSMOS 1109 DEB
1 32977U 79058S   23165.14341430  .00005704  00000-0  61588-2 0  9990
2 32977  64.1580 260.6503 7500372  22.9010 357.7182  1.98712308171993
0 COSMOS 1109 DEB
1 32977U 79058S   23165.64664553  .00005478  00000-0  59524-2 0  9994
2 32977  64.1579 260.5750 7500433  22.9065 357.7202  1.98718329162130
0 COSMOS 1109 DEB
1 32977U 79058S   23165.64664553  .00005478  00000-0  59524-2 0  9994
2 32977  64.1579 260.5750 7500433  22.9065 357.7202  1.98718329172007
0 COSMOS 1109 DEB
1 32977U 79058S   23166.14986465  .00005329  00000-0  58368-2 0  9999
2 32977  64.1658 260.5178 7500384  22.9139 357.7228  1.98724048162143
0 COSMOS 1109 DEB
1 32977U 79058S   23166.14986465  .00005329  00000-0  58368-2 0  9999
2 32977  64.1658 260.5178 7500384  22.9139 357.7228  1.98724048172010
0 COSMOS 1109 DEB
1 32977U 79058S   23166.65307101  .00005725  00000-0  61253-2 0  9996
2 32977  64.1458 260.4049 7501039  22.8889 357.7312  1.98729963172029
0 COSMOS 1109 DEB
1 32977U 79058S   23167.15626103  .00007997  00000-0  79441-2 0  9999
2 32977  64.1414 260.3178 7501411  22.8793 357.7384  1.98738499162168
0 COSMOS 1109 DEB
1 32977U 79058S   23167.15626103  .00007997  00000-0  79441-2 0  9999
2 32977  64.1414 260.3178 7501411  22.8793 357.7384  1.98738499172035
0 COSMOS 1109 DEB
1 32977U 79058S   23168.16256919  .00007992  00000-0  77358-2 0  9995
2 32977  64.1378 260.1638 7501881  22.8683 357.7537  1.98757496162185
0 COSMOS 1109 DEB
1 32977U 79058S   23168.16256919  .00007992  00000-0  77358-2 0  9995
2 32977  64.1378 260.1638 7501881  22.8683 357.7537  1.98757496172052
0 COSMOS 1109 DEB
1 32977U 79058S   23170.17492805  .00008989  00000-0  77908-2 0  9993
2 32977  64.1168 259.8187 7503551  22.8145 357.7915  1.98791761162223
0 COSMOS 1109 DEB
1 32977U 79058S   23170.17492805  .00008989  00000-0  77908-2 0  9993
2 32977  64.1168 259.8187 7503551  22.8145 357.7915  1.98791761172099
0 COSMOS 1109 DEB
1 32977U 79058S   23171.68395732  .00009619  00000-0  82207-2 0  9990
2 32977  64.1236 259.6218 7503184  22.8378 357.8069  1.98818811162252
0 COSMOS 1109 DEB
1 32977U 79058S   23171.68395732  .00009619  00000-0  82207-2 0  9990
2 32977  64.1236 259.6218 7503184  22.8378 357.8069  1.98818811172129
0 COSMOS 1109 DEB
1 32977U 79058S   23173.19275014  .00010353  00000-0  86405-2 0  9999
2 32977  64.1141 259.3942 7503010  22.8495 357.8172  1.98849524172156
0 COSMOS 1109 DEB
1 32977U 79058S   23173.69562969  .00011403  00000-0  91504-2 0  9995
2 32977  64.1189 259.3276 7503532  22.8223 357.8230  1.98860456172169
0 COSMOS 1109 DEB
1 32977U 79058S   23174.70129574  .00011882  00000-0  92599-2 0  9995
2 32977  64.1189 259.1770 7503770  22.8159 357.8264  1.98883650172188
0 COSMOS 1109 DEB
1 32977U 79058S   23176.71224671  .00012827  00000-0  93321-2 0  9996
2 32977  64.1165 258.8718 7504469  22.7907 357.8292  1.98934844172224
0 COSMOS 1109 DEB
1 32977U 79058S   23178.22010864  .00012828  00000-0  88559-2 0  9999
2 32977  64.1101 258.6376 7505018  22.7707 357.8313  1.98974772172252
0 COSMOS 1109 DEB
1 32977U 79058S   23179.22519075  .00012861  00000-0  85349-2 0  9999
2 32977  64.1055 258.4824 7505420  22.7539 357.8356  1.99000388172279
0 COSMOS 1109 DEB
1 32977U 79058S   23180.73257546  .00014420  00000-0  89866-2 0  9990
2 32977  64.0945 258.2435 7505931  22.7319 357.8479  1.99040227172301
0 COSMOS 1109 DEB
1 32977U 79058S   23181.73731275  .00015473  00000-0  92264-2 0  9992
2 32977  64.0967 258.0920 7506244  22.7229 357.8598  1.99074412172327
0 COSMOS 1109 DEB
1 32977U 79058S   23183.74631964  .00018525  00000-0  10174-1 0  9999
2 32977  64.0967 257.7836 7506861  22.7032 357.8889  1.99138668172367
0 COSMOS 1109 DEB
1 32977U 79058S   23187.26020837  .00022269  00000-0  10787-1 0  9991
2 32977  64.0912 257.2401 7507774  22.6645 357.9149  1.99282482172435
0 COSMOS 1109 DEB
1 32977U 79058S   23188.26365667  .00026984  00000-0  12570-1 0  9995
2 32977  64.0864 257.0926 7508259  22.6381 357.9136  1.99337424172452
0 COSMOS 1109 DEB
1 32977U 79058S   23189.26683358  .00027981  00000-0  12863-1 0  9999
2 32977  64.1121 256.9960 7508079  22.6259 357.9073  1.99392922172475
0 COSMOS 1109 DEB
1 32977U 79058S   23190.26973046  .00025701  00000-0  11491-1 0  9991
2 32977  64.0971 256.7982 7508123  22.6271 357.9005  1.99443969172498
0 COSMOS 1109 DEB
1 32977U 79058S   23191.27238781  .00025713  00000-0  11139-1 0  9995
2 32977  64.0943 256.6377 7508342  22.6099 357.8985  1.99492738172512
0 COSMOS 1109 DEB
1 32977U 79058S   23192.27478945  .00026819  00000-0  11290-1 0  9990
2 32977  64.0688 256.4363 7508486  22.6204 357.8979  1.99546415172535
0 COSMOS 1109 DEB
1 32977U 79058S   23194.27866543  .00033337  00000-0  14258-1 0  9997
2 32977  64.0810 256.1523 7507160  22.7080 357.9011  1.99681565162700
0 COSMOS 1109 DEB
1 32977U 79058S   23194.27866543  .00033337  00000-0  14258-1 0  9997
2 32977  64.0810 256.1523 7507160  22.7080 357.9011  1.99681565172576
0 COSMOS 1109 DEB
1 32977U 79058S   23194.27866959  .00032036  00000-0  12723-1 0  9998
2 32977  64.0676 256.1269 7508577  22.6019 357.9141  1.99681483162704
0 COSMOS 1109 DEB
1 32977U 79058S   23194.27866959  .00032036  00000-0  12723-1 0  9998
2 32977  64.0676 256.1269 7508577  22.6019 357.9141  1.99681483172570
0 COSMOS 1109 DEB
1 32977U 79058S   23194.27866959  .00032036  00000-0  12723-1 0  9998
2 32977  64.0676 256.1269 7508577  22.6019 357.9141  1.99681483172570
