0 OGO 1
1 00879U 64054  A 64299.82153058  .00000000 +00000-0 +00000-0 0  9995
2 00879 032.3350 163.8519 9056099 318.0249 000.9639 00.37500762000197
0 OGO 1
1 00879U 64054  A 64358.48633024  .00000000 +00000-0 +00000-0 0  9999
2 00879 032.3350 161.7823 9056099 321.1732 000.8720 00.37500763000410
0 OGO 1
1 00879U 64054  A 65027.10362802  .00000000 +00000-0 +00000-0 0  9995
2 00879 037.3869 153.9529 8934800 327.6276 032.3879 00.37477854000547
0 OGO 1
1 00879U 64054  A 65107.09600000  .00000000 +00000-0 +00000-0 0  9997
2 00879 039.7330 148.8140 8689100 331.6670 357.3940 00.37481000000841
0 OGO 1
1 00879U 64054  A 65263.49271666  .00000000 +00000-0 +00000-0 0  9996
2 00879 040.7180 146.7699 8608300 334.4935 000.9954 00.37481863001428
0 OGO 1
1 00879U 64054  A 65322.18742882  .00000000 +00000-0 +00000-0 0  9991
2 00879 040.7178 145.8747 8608300 335.5992 000.9494 00.37481863001647
0 OGO 1
1 00879U 64054  A 66117.18402777  .00000000 +00000-0 +00000-0 0  9990
2 00879 049.0340 139.0550 7728299 340.3740 000.0000 00.37480778002246
0 OGO 1
1 00879U 64054  A 66178.56264003  .00000000 +00000-0 +00000-0 0  9997
2 00879 049.0338 138.7202 7728299 340.6673 001.5961 00.37479558002472
0 OGO 1
1 00879U 64054  A 67121.00000000  .00000000 +00000-0 +00000-0 0  9990
2 00879 053.8079 134.1269 6459400 343.8810 323.0909 00.37491509003624
0 OGO 1
1 00879U 64054  A 67300.54166666  .00000000 +00000-0 +00000-0 0  9999
2 00879 053.8078 133.7053 6459399 344.1463 075.7277 00.37491508004296
0 OGO 1
1 00879U 64054  A 68249.17013889  .00000000 +00000-0 +00000-0 0  9999
2 00879 057.4740 130.5620 4942500 348.4960 282.5390 00.37472473005627
0 OGO 1
1 00879U 64054  A 70109.00000000  .00000000 +00000-0 +00000-0 0  9990
2 00879 058.8129 127.5798 3566769 357.2019 098.9341 00.37498334016201
0 OGO 1
1 00879U 64054A   00160.19131830 -.00000004  00000-0  00000+0 0  9990
2 00879 045.1380 137.1930 5573154 023.7110 034.4010 00.37803077   271
0 OGO 1
1 00879U 64054A   00175.83333333 +.00000000 +00000-0 +00000-0 0  9995
2 00879 045.3130 137.1073 5588126 024.0433 002.0004 00.37807484000349
0 OGO 1
1 00879U 64054A   00178.41666667 +.00000000 +00000-0 +00000-0 0  9991
2 00879 045.2479 137.0321 5582956 024.1830 353.3164 00.37790992002454
0 OGO 1
1 00879U 64054A   00181.12500000 +.00000000 +00000-0 +00000-0 0  9991
2 00879 045.2545 136.9876 5583014 024.1493 001.9710 00.37785478002458
0 OGO 1
1 00879U 64054A   00183.75000000 +.00000000 +00000-0 +00000-0 0  9997
2 00879 045.3482 137.0062 5592261 024.1176 359.1714 00.37796580002458
0 OGO 1
1 00879U 64054A   00186.37500000 +.00000000 +00000-0 +00000-0 0  9993
2 00879 045.4308 137.0341 5601370 024.2122 356.0733 00.37805076002458
0 OGO 1
1 00879U 64054A   00191.66666667 +.00000000 +00000-0 +00000-0 0  9993
2 00879 045.4321 136.9725 5601758 024.4802 355.5710 00.37793125002454
0 OGO 1
1 00879U 64054A   00194.33333333 +.00000000 +00000-0 +00000-0 0  9991
2 00879 045.4228 136.9469 5600791 024.4946 358.4115 00.37788194002451
0 OGO 1
1 00879U 64054A   00196.95833333 +.00000000 +00000-0 +00000-0 0  9996
2 00879 045.4835 136.9448 5605803 024.4693 355.6277 00.37791968002462
0 OGO 1
1 00879U 64054A   00199.62500000 +.00000000 +00000-0 +00000-0 0  9995
2 00879 045.5944 136.9846 5616920 024.5209 358.2940 00.37805659002461
0 OGO 1
1 00879U 64054A   00200.15428120 +.00000000 +00000-0 +00000-0 0  9998
2 00879 045.6050 136.9850 5616955 024.5650 070.2940 00.37792324002468
0 OGO 1
1 00879U 64054A   00202.29166667 +.00000000 +00000-0 +00000-0 0  9990
2 00879 045.6697 137.0022 5624787 024.7342 000.6113 00.37811831002464
0 OGO 1
1 00879U 64054A   00204.91666667 +.00000000 +00000-0 +00000-0 0  9996
2 00879 045.6104 136.9413 5621825 024.9587 357.3849 00.37798969002466
0 OGO 1
1 00879U 64054A   00207.54166667 +.00000000 +00000-0 +00000-0 0  9993
2 00879 045.5792 136.8822 5619525 025.0086 354.5484 00.37788018002469
0 OGO 1
1 00879U 64054A   00210.20833333 +.00000000 +00000-0 +00000-0 0  9991
2 00879 045.6403 136.8851 5626203 025.0054 357.4132 00.37794078002462
0 OGO 1
1 00879U 64054A   00212.83333333 +.00000000 +00000-0 +00000-0 0  9997
2 00879 045.7271 136.9182 5636584 025.0890 354.3337 00.37806004002461
0 OGO 1
1 00879U 64054A   00215.54166667 +.00000000 +00000-0 +00000-0 0  9992
2 00879 045.7543 136.9235 5641627 025.2761 002.4145 00.37807030002463
0 OGO 1
1 00879U 64054A   00215.91666667  .00000000  00000-0  00000+0 0  9997
2 00879 045.7536 136.9240 5642026 025.2854 053.4425 00.37801245  2467
0 OGO 1
1 00879U 64054A   00218.16666667 +.00000000 +00000-0 +00000-0 0  9998
2 00879 045.7202 136.8896 5640038 025.4499 359.2563 00.37798933002460
0 OGO 1
1 00879U 64054A   00220.79166667 +.00000000 +00000-0 +00000-0 0  9995
2 00879 045.6895 136.8446 5637406 025.5312 356.3067 00.37791292002466
0 OGO 1
1 00879U 64054A   00223.45833333 +.00000000 +00000-0 +00000-0 0  9992
2 00879 045.7232 136.8449 5634271 025.5578 359.1490 00.37793970002462
0 OGO 1
1 00879U 64054A   00226.12500000 +.00000000 +00000-0 +00000-0 0  9991
2 00879 045.8040 136.8560 5644892 025.6093 001.8773 00.37802938002467
0 OGO 1
1 00879U 64054A   00228.75000000 +.00000000 +00000-0 +00000-0 0  9997
2 00879 045.8682 136.8816 5654836 025.8146 358.5572 00.37814192002467
0 OGO 1
1 00879U 64054A   00231.37500000 +.00000000 +00000-0 +00000-0 0  9994
2 00879 045.7924 136.8328 5657441 026.0874 355.1360 00.37805545002469
0 OGO 1
1 00879U 64054A   00234.04166667 +.00000000 +00000-0 +00000-0 0  9998
2 00879 045.7145 136.7506 5652447 026.2209 357.8302 00.37791591002466
0 OGO 1
1 00879U 64054A   00236.66666667 +.00000000 +00000-0 +00000-0 0  9993
2 00879 045.7240 136.7222 5654615 026.2363 355.0155 00.37792950002463
0 OGO 1
1 00879U 64054A   00239.91666667 +.00000000 +00000-0 +00000-0 0  9994
2 00879 045.7891 136.7323 5665622 026.3304 077.0019 00.37776166002464
0 OGO 1
1 00879U 64054A   00242.58333333 +.00000000 +00000-0 +00000-0 0  9992
2 00879 045.8060 136.7460 5671027 026.5052 079.4551 00.37789826002467
0 OGO 1
1 00879U 64054A   00244.66666667 +.00000000 +00000-0 +00000-0 0  9992
2 00879 045.7783 136.6996 5669411 026.6968 002.5222 00.37803579002466
0 OGO 1
1 00879U 64054A   00247.29166667 +.00000000 +00000-0 +00000-0 0  9999
2 00879 045.7107 136.6338 5664540 026.8341 359.4873 00.37793802002464
0 OGO 1
1 00879U 64054A   00249.95833333 +.00000000 +00000-0 +00000-0 0  9995
2 00879 045.6829 136.5837 5662574 026.8788 002.2992 00.37790627002464
0 OGO 1
1 00879U 64054A   00250.15428120 +.00000000 +00000-0 +00000-0 0  9993
2 00879 045.6680 136.5720 5662520 026.9000 028.9570 00.37789820002469
0 OGO 1
1 00879U 64054A   00252.58333333 +.00000000 +00000-0 +00000-0 0  9993
2 00879 045.7263 136.6258 5667641 026.8751 359.4066 00.37798363002469
0 OGO 1
1 00879U 64054A   00255.20833333 +.00000000 +00000-0 +00000-0 0  9990
2 00879 045.7838 136.6440 5677212 027.0285 356.2132 00.37811221002468
0 OGO 1
1 00879U 64054A   00257.87500000 +.00000000 +00000-0 +00000-0 0  9997
2 00879 045.7351 136.5905 5678658 027.3385 358.4569 00.37810677002464
0 OGO 1
1 00879U 64054A   00260.50000000 +.00000000 +00000-0 +00000-0 0  9996
2 00879 045.6162 136.4827 5671506 027.5365 355.3807 00.37793559002460
0 OGO 1
1 00879U 64054A   00263.16666667 +.00000000 +00000-0 +00000-0 0  9998
2 00879 045.5756 136.4140 5669057 027.5712 358.2626 00.37789384002462
0 OGO 1
1 00879U 64054A   00265.83333333 +.00000000 +00000-0 +00000-0 0  9995
2 00879 045.6080 136.4116 5674291 027.5941 001.0431 00.37797114002463
0 OGO 1
1 00879U 64054A   00271.08333333 +.00000000 +00000-0 +00000-0 0  9999
2 00879 045.5859 136.3670 5679807 027.9294 354.6961 00.37805001002463
0 OGO 1
1 00879U 64054A   00273.75000000 +.00000000 +00000-0 +00000-0 0  9997
2 00879 045.4805 136.2613 5673607 028.1220 357.3079 00.37794994002461
0 OGO 1
1 00879U 64054A   00276.37500000 +.00000000 +00000-0 +00000-0 0  9993
2 00879 045.4165 136.1827 5667917 028.1781 354.4715 00.37788256002464
0 OGO 1
1 00879U 64054A   00279.04166667 +.00000000 +00000-0 +00000-0 0  9997
2 00879 045.4196 136.1451 5668669 028.1778 357.3654 00.37792147002460
0 OGO 1
1 00879U 64054A   00281.70833333 +.00000000 +00000-0 +00000-0 0  9994
2 00879 045.4848 136.1368 5676068 028.2621 000.0465 00.37805060002462
0 OGO 1
1 00879U 64054A   00284.33333333 +.00000000 +00000-0 +00000-0 0  9991
2 00879 045.4698 136.1072 5680534 028.5043 356.7212 00.37811470002464
0 OGO 1
1 00879U 64054A   00286.58333333 +.00000000 +00000-0 +00000-0 0  9990
2 00879 045.3973 136.1167 5674211 028.5771 302.6852 00.37770949002462
0 OGO 1
1 00879U 64054A   00289.62500000 +.00000000 +00000-0 +00000-0 0  9995
2 00879 045.2462 135.9184 5667380 028.7633 356.4887 00.37785921002469
0 OGO 1
1 00879U 64054A   00292.25000000 +.00000000 +00000-0 +00000-0 0  9993
2 00879 045.2605 135.8871 5669625 028.7415 353.7477 00.37792403002460
0 OGO 1
1 00879U 64054A   00294.91666667 +.00000000 +00000-0 +00000-0 0  9995
2 00879 045.2832 135.8703 5675085 028.8234 356.4361 00.37801501002465
0 OGO 1
1 00879U 64054A   00297.41690972 +.00000000 +00000-0 +00000-0 0  9999
2 00879 045.2739 135.8542 5674236 028.9114 336.3591 00.37776436002467
0 OGO 1
1 00879U 64054A   00300.25000000 +.00000000 +00000-0 +00000-0 0  9993
2 00879 045.1925 135.7577 5671252 029.1207 001.6150 00.37795944002469
0 OGO 1
1 00879U 64054A   00300.25000001 +.00000000 +00000-0 +00000-0 0  9994
2 00879 045.1925 135.7577 5671252 029.1207 001.6150 00.37795944002469
0 OGO 1
1 00879U 64054A   00302.87500000 +.00000000 +00000-0 +00000-0 0  9998
2 00879 045.1235 135.6696 5664221 029.1723 358.7970 00.37786775002463
0 OGO 1
1 00879U 64054A   00302.87500001 +.00000000 +00000-0 +00000-0 0  9999
2 00879 045.1235 135.6696 5664221 029.1723 358.7970 00.37786775002463
0 OGO 1
1 00879U 64054A   00308.16666667 +.00000000 +00000-0 +00000-0 0  9998
2 00879 045.1643 135.6056 5668141 029.1405 358.9626 00.37797279002469
0 OGO 1
1 00879U 64054A   00310.79166667 +.00000000 +00000-0 +00000-0 0  9995
2 00879 045.2009 135.6044 5675663 029.2821 355.8094 00.37808164002464
0 OGO 1
1 00879U 64054A   00316.08333333 +.00000000 +00000-0 +00000-0 0  9999
2 00879 045.0321 135.3973 5664824 029.5689 355.5298 00.37784417002466
0 OGO 1
1 00879U 64054A   00318.75000000 +.00000000 +00000-0 +00000-0 0  9997
2 00879 045.0452 135.3548 5665313 029.5015 358.5802 00.37787020002463
0 OGO 1
1 00879U 64054A   00321.41666667 +.00000000 +00000-0 +00000-0 0  9991
2 00879 045.1049 135.3589 5672394 029.4900 001.4182 00.37796130002467
0 OGO 1
1 00879U 64054A   00324.04166667 +.00000000 +00000-0 +00000-0 0  9998
2 00879 045.1287 135.3514 5676766 029.5824 358.3763 00.37801448002460
0 OGO 1
1 00879U 64054A   00329.33333333 +.00000000 +00000-0 +00000-0 0  9991
2 00879 045.0536 135.2212 5669526 029.7497 358.1894 00.37787330002460
0 OGO 1
1 00879U 64054A   00331.95833333 +.00000000 +00000-0 +00000-0 0  9997
2 00879 045.0499 135.1685 5667144 029.7035 355.5267 00.37783950002462
0 OGO 1
1 00879U 64054A   00334.62500000 +.00000000 +00000-0 +00000-0 0  9996
2 00879 045.1174 135.1696 5672802 029.6342 358.4933 00.37792433002460
0 OGO 1
1 00879U 64054A   00337.25000000 +.00000000 +00000-0 +00000-0 0  9993
2 00879 045.2043 135.1990 5683500 029.6907 355.4787 00.37805140002461
0 OGO 1
1 00879U 64054A   00339.91666667 +.00000000 +00000-0 +00000-0 0  9995
2 00879 045.1931 135.1632 5686885 029.8918 357.9165 00.37804621002462
0 OGO 1
1 00879U 64054A   00342.58333333 +.00000000 +00000-0 +00000-0 0  9993
2 00879 045.1212 135.0630 5681573 030.0134 000.6570 00.37788711002467
0 OGO 1
1 00879U 64054A   00345.20833333 +.00000000 +00000-0 +00000-0 0  9990
2 00879 045.1271 135.0116 5681107 029.9571 358.0341 00.37783645002463
0 OGO 1
1 00879U 64054A   00347.87500000 +.00000000 +00000-0 +00000-0 0  9997
2 00879 045.2123 135.0329 5689874 029.8980 000.9525 00.37792825002465
0 OGO 1
1 00879U 64054A   00350.50000000 +.00000000 +00000-0 +00000-0 0  9996
2 00879 045.2832 135.0598 5698857 029.9583 357.9216 00.37802051002466
0 OGO 1
1 00879U 64054A   00353.16666667 +.00000000 +00000-0 +00000-0 0  9998
2 00879 045.2923 135.0437 5701528 030.0817 000.4952 00.37799969002462
0 OGO 1
1 00879U 64054A   00355.79166667 +.00000000 +00000-0 +00000-0 0  9994
2 00879 045.2735 134.9903 5698560 030.1541 357.5547 00.37791442002469
0 OGO 1
1 00879U 64054A   00358.41666667 +.00000000 +00000-0 +00000-0 0  9991
2 00879 045.2750 134.9498 5697396 030.1400 354.8000 00.37785397002461
0 OGO 1
1 00879U 64054A   00361.08333333 +.00000000 +00000-0 +00000-0 0  9999
2 00879 045.3428 134.9556 5702999 030.0774 357.7517 00.37790191002461
0 OGO 1
1 00879U 64054A   00363.70833333 +.00000000 +00000-0 +00000-0 0  9995
2 00879 045.4552 135.0053 5715592 030.0965 354.7890 00.37804674002473
0 OGO 1
1 00879U 64054A   01003.04166667 +.00000000 +00000-0 +00000-0 0  9993
2 00879 045.4446 134.9446 5724021 030.4766 359.7128 00.37797151002479
0 OGO 1
1 00879U 64054A   01005.66666667 +.00000000 +00000-0 +00000-0 0  9998
2 00879 045.4267 134.8851 5722998 030.4971 356.9389 00.37786290002478
0 OGO 1
1 00879U 64054A   01008.29166667 +.00000000 +00000-0 +00000-0 0  9995
2 00879 045.4997 134.9003 5730694 030.4463 354.1910 00.37792298002471
0 OGO 1
1 00879U 64054A   01013.62500000 +.00000000 +00000-0 +00000-0 0  9991
2 00879 045.4995 134.8974 5730679 030.4570 359.7269 00.37788541002471
0 OGO 1
1 00879U 64054A   01016.25000000 +.00000000 +00000-0 +00000-0 0  9998
2 00879 045.6051 134.9197 5750023 030.7975 356.1862 00.37797237002473
0 OGO 1
1 00879U 64054A   01018.87500000 +.00000000 +00000-0 +00000-0 0  9993
2 00879 045.5902 134.8765 5749019 030.8531 353.2891 00.37789759002479
0 OGO 1
1 00879U 64054A   01024.20833333 +.00000000 +00000-0 +00000-0 0  9995
2 00879 045.7442 134.9114 5765292 030.8625 358.8789 00.37801862002471
0 OGO 1
1 00879U 64054A   01029.50000000 +.00000000 +00000-0 +00000-0 0  9990
2 00879 045.7404 134.8910 5780029 031.3001 357.9288 00.37804916002478
0 OGO 1
1 00879U 64054A   01032.12500000 +.00000000 +00000-0 +00000-0 0  9997
2 00879 045.6836 134.8117 5777933 031.4200 354.9739 00.37791918002472
0 OGO 1
1 00879U 64054A   01034.79166667 +.00000000 +00000-0 +00000-0 0  9999
2 00879 045.7102 134.7932 5782139 031.4199 357.8396 00.37791398002477
0 OGO 1
1 00879U 64054A   01037.41666667 +.00000000 +00000-0 +00000-0 0  9996
2 00879 045.7860 134.8283 5793315 031.4608 354.8513 00.37802142002479
0 OGO 1
1 00879U 64054A   01040.08333333 +.00000000 +00000-0 +00000-0 0  9994
2 00879 045.8215 134.8500 5802596 031.6291 357.2721 00.37810043002475
0 OGO 1
1 00879U 64054A   01042.70833333 +.00000000 +00000-0 +00000-0 0  9990
2 00879 045.7874 134.8102 5804270 031.8415 354.0241 00.37803925002477
0 OGO 1
1 00879U 64054A   01045.41666667 +.00000000 +00000-0 +00000-0 0  9995
2 00879 045.7347 134.7421 5801663 031.9754 002.3366 00.37794099002477
0 OGO 1
1 00879U 64054A   01048.04166667 +.00000000 +00000-0 +00000-0 0  9992
2 00879 045.7271 134.7028 5802414 032.0122 359.4810 00.37790466002476
0 OGO 1
1 00879U 64054A   01050.66666667 +.00000000 +00000-0 +00000-0 0  9998
2 00879 045.7844 134.7176 5810745 032.0396 356.5654 00.37799498002473
0 OGO 1
1 00879U 64054A   01056.00000000 +.00000000 +00000-0 +00000-0 0  9995
2 00879 045.7935 134.6940 5828085 032.4911 001.2583 00.37810390002475
0 OGO 1
1 00879U 64054A   01058.62500000 +.00000000 +00000-0 +00000-0 0  9990
2 00879 045.6925 134.5842 5824267 032.6906 358.1747 00.37795786002474
0 OGO 1
1 00879U 64054A   01061.29166667 +.00000000 +00000-0 +00000-0 0  9994
2 00879 045.6636 134.5188 5823825 032.7375 001.0159 00.37790260002479
0 OGO 1
1 00879U 64054A   01063.91666667 +.00000000 +00000-0 +00000-0 0  9990
2 00879 045.6982 134.5202 5830795 032.7696 358.1075 00.37797599002475
0 OGO 1
1 00879U 64054A   01066.58333333 +.00000000 +00000-0 +00000-0 0  9997
2 00879 045.7284 134.5276 5839241 032.8829 000.6255 00.37808912002477
0 OGO 1
1 00879U 64054A   01069.20833333 +.00000000 +00000-0 +00000-0 0  9994
2 00879 045.6894 134.4843 5842064 033.1070 357.3535 00.37807367002477
0 OGO 1
1 00879U 64054A   01071.87500000 +.00000000 +00000-0 +00000-0 0  9992
2 00879 045.6050 134.3916 5837755 033.2922 359.9231 00.37796514002471
0 OGO 1
1 00879U 64054A   01074.50000000 +.00000000 +00000-0 +00000-0 0  9990
2 00879 045.5494 134.3112 5833858 033.3618 357.0628 00.37789441002473
0 OGO 1
1 00879U 64054A   01077.12500000 +.00000000 +00000-0 +00000-0 0  9996
2 00879 045.5641 134.2855 5837155 033.3761 354.2414 00.37794350002470
0 OGO 1
1 00879U 64054A   01079.79166667 +.00000000 +00000-0 +00000-0 0  9998
2 00879 045.6143 134.3017 5847417 033.4782 356.8366 00.37807739002475
0 OGO 1
1 00879U 64054A   01082.45833333 +.00000000 +00000-0 +00000-0 0  9996
2 00879 045.5798 134.2572 5853825 033.7373 359.1471 00.37812106002471
0 OGO 1
1 00879U 64054A   01085.12500000 +.00000000 +00000-0 +00000-0 0  9995
2 00879 045.4576 134.1233 5849031 033.9808 001.6679 00.37798570002473
0 OGO 1
1 00879U 64054A   01088.16666667 +.00000000 +00000-0 +00000-0 0  9994
2 00879 045.3852 134.0199 5844295 034.0433 055.5514 00.37788697002477
0 OGO 1
1 00879U 64054A   01090.37500000 +.00000000 +00000-0 +00000-0 0  9998
2 00879 045.3918 133.9892 5846934 034.0449 356.0817 00.37793080002474
0 OGO 1
1 00879U 64054A   01093.04166667 +.00000000 +00000-0 +00000-0 0  9992
2 00879 045.4161 133.9865 5853722 034.1158 358.7546 00.37803001002479
0 OGO 1
1 00879U 64054A   01095.70833333 +.00000000 +00000-0 +00000-0 0  9998
2 00879 045.3926 133.9485 5857060 034.2928 001.2526 00.37806720002479
0 OGO 1
1 00879U 64054A   01098.33333333 +.00000000 +00000-0 +00000-0 0  9995
2 00879 045.3108 133.8548 5853060 034.4775 358.1517 00.37797873002470
0 OGO 1
1 00879U 64054A   01101.00000000 +.00000000 +00000-0 +00000-0 0  9996
2 00879 045.2328 133.7472 5845986 034.5619 000.9725 00.37788282002471
0 OGO 1
1 00879U 64054A   01103.62500000 +.00000000 +00000-0 +00000-0 0  9991
2 00879 045.2231 133.6914 5844715 034.5463 358.2620 00.37787920002471
0 OGO 1
1 00879U 64054A   01106.29166667 +.00000000 +00000-0 +00000-0 0  9994
2 00879 045.2724 133.6956 5852190 034.5610 001.0577 00.37800511002470
0 OGO 1
1 00879U 64054A   01108.91666667 +.00000000 +00000-0 +00000-0 0  9990
2 00879 045.2779 133.6883 5860584 034.7357 357.8444 00.37810187002470
0 OGO 1
1 00879U 64054A   01111.54166667 +.00000000 +00000-0 +00000-0 0  9998
2 00879 045.1753 133.5687 5857967 034.9789 354.6606 00.37800337002475
0 OGO 1
1 00879U 64054A   01114.20833333 +.00000000 +00000-0 +00000-0 0  9995
2 00879 045.0850 133.4396 5850854 035.0638 357.5361 00.37786463002474
0 OGO 1
1 00879U 64054A   01116.87500000 +.00000000 +00000-0 +00000-0 0  9992
2 00879 045.0842 133.3867 5850596 035.0286 000.5381 00.37787258002479
0 OGO 1
1 00879U 64054A   01119.50000000 +.00000000 +00000-0 +00000-0 0  9990
2 00879 045.1244 133.3881 5856575 035.0262 357.6929 00.37797128002470
0 OGO 1
1   879U 64054A   01122.12500000 +.00000000 +00000-0 +00000-0 0  9997
2   879 045.1336 133.3725 5861493 035.1285 354.6389 00.37802801002472
0 OGO 1
1   879U 64054A   01124.79166667 +.00000000 +00000-0 +00000-0 0  9999
2   879 045.0859 133.3050 5859871 035.2717 357.2402 00.37798279002478
0 OGO 1
1   879U 64054A   01127.45833333 +.00000000 +00000-0 +00000-0 0  9996
2   879 045.0192 133.2043 5853196 035.3542 000.0445 00.37788282002473
0 OGO 1
1   879U 64054A   01130.08333333 +.00000000 +00000-0 +00000-0 0  9994
2   879 045.0046 133.1391 5849668 035.3210 357.3825 00.37783474002475
0 OGO 1
1   879U 64054A   01132.70833333 +.00000000 +00000-0 +00000-0 0  9990
2   879 045.0640 133.1406 5855399 035.2643 354.6644 00.37792706002476
0 OGO 1
1   879U 64054A   01135.37500000 +.00000000 +00000-0 +00000-0 0  9998
2   879 045.1234 133.1612 5866073 035.3416 357.2761 00.37806582002472
0 OGO 1
1   879U 64054A   01138.04166667 +.00000000 +00000-0 +00000-0 0  9992
2   879 045.0789 133.0864 5868630 035.5509 359.7394 00.37803375002476
0 OGO 1
1   879U 64054A   01140.66666667 +.00000000 +00000-0 +00000-0 0  9998
2   879 044.9937 132.9626 5862697 035.6633 356.8642 00.37788258002475
0 OGO 1
1   879U 64054A   01143.33333333 +.00000000 +00000-0 +00000-0 0  9996
2   879 044.9914 132.9087 5861287 035.6053 359.9128 00.37783295002470
0 OGO 1
1   879U 64054A   01145.95833333 +.00000000 +00000-0 +00000-0 0  9991
2   879 045.0551 132.9248 5867986 035.5442 357.1741 00.37792298002475
0 OGO 1
1   879U 64054A   01148.62500000 +.00000000 +00000-0 +00000-0 0  9990
2   879 045.1062 132.9429 5876003 035.5877 359.8566 00.37801231002478
0 OGO 1
1   879U 64054A   01151.25000000 +.00000000 +00000-0 +00000-0 0  9998
2   879 045.1062 132.9370 5876003 035.5940 357.0783 00.37801231002497
0 OGO 1
1   879U 64054A   01153.91666667 +.00000000 +00000-0 +00000-0 0  9990
2   879 045.0598 132.8356 5874872 035.7962 359.5294 00.37790663002479
0 OGO 1
1   879U 64054A   01159.20833333 +.00000000 +00000-0 +00000-0 0  9994
2   879 045.1089 132.7797 5876701 035.6939 359.8245 00.37787083002470
0 OGO 1
1   879U 64054A   01161.83333333 +.00000000 +00000-0 +00000-0 0  9991
2   879 045.2048 132.8344 5889699 035.6989 356.8726 00.37802873002476
0 OGO 1
1   879U 64054A   01164.50000000 +.00000000 +00000-0 +00000-0 0  9990
2   879 045.2203 132.8232 5898563 035.8720 359.3062 00.37806727002473
0 OGO 1
1   879U 64054A   01167.12500000 +.00000000 +00000-0 +00000-0 0  9996
2   879 045.1540 132.7242 5896756 036.0316 356.2727 00.37793748002474
0 OGO 1
1   879U 64054A   01172.45833333 +.00000000 +00000-0 +00000-0 0  9996
2   879 045.2076 132.6733 5902339 035.9464 002.2054 00.37788597002477
0 OGO 1
1   879U 64054A   01175.08333333 +.00000000 +00000-0 +00000-0 0  9993
2   879 045.2910 132.7226 5913883 035.9565 359.2431 00.37799040002479
0 OGO 1
1   879U 64054A   01177.75000000 +.00000000 +00000-0 +00000-0 0  9991
2   879 045.3188 132.7277 5920811 036.0735 001.7824 00.37803245002471
0 OGO 1
1   879U 64054A   01180.37500000 +.00000000 +00000-0 +00000-0 0  9998
2   879 045.2959 132.6793 5921295 036.1857 358.7402 00.37795492002472
0 OGO 1
1   879U 64054A   01183.00000000 +.00000000 +00000-0 +00000-0 0  9996
2   879 045.2811 132.6259 5919667 036.2136 355.9119 00.37785986002478
0 OGO 1
1   879U 64054A   01185.66666667 +.00000000 +00000-0 +00000-0 0  9997
2   879 045.3292 132.6252 5923683 036.1556 358.8652 00.37787288002474
0 OGO 1
1   879U 64054A   01188.29166667 +.00000000 +00000-0 +00000-0 0  9994
2   879 045.4357 132.6859 5937136 036.1341 355.9665 00.37799560002478
0 OGO 1
1   879U 64054A   01190.95833333 +.00000000 +00000-0 +00000-0 0  9991
2   879 045.4928 132.7182 5950889 036.2857 358.3768 00.37810512002477
0 OGO 1
1   879U 64054A   01193.62500000 +.00000000 +00000-0 +00000-0 0  9990
2   879 045.4468 132.6468 5954135 036.5020 000.8322 00.37801114002478
0 OGO 1
1   879U 64054A   01196.25000000 +.00000000 +00000-0 +00000-0 0  9997
2   879 045.4063 132.5681 5953004 036.5763 357.9651 00.37788586002471
0 OGO 1
1   879U 64054A   01198.91666667 +.00000000 +00000-0 +00000-0 0  9999
2   879 045.4477 132.5704 5958073 036.5338 000.8915 00.37789728002471
0 OGO 1
1   879U 64054A   01201.54166667 +.00000000 +00000-0 +00000-0 0  9998
2   879 045.5354 132.6235 5970672 036.5327 357.9528 00.37799258002478
0 OGO 1
1   879U 64054A   01204.16666667 +.00000000 +00000-0 +00000-0 0  9994
2   879 045.5820 132.6523 5981696 036.6575 354.7627 00.37806630002478
0 OGO 1
1   879U 64054A   01206.83333333 +.00000000 +00000-0 +00000-0 0  9991
2   879 045.5695 132.6113 5985628 036.8373 357.2366 00.37800690002478
0 OGO 1
1   879U 64054A   01209.45833333 +.00000000 +00000-0 +00000-0 0  9997
2   879 045.5340 132.5476 5984493 036.9386 354.2643 00.37790869002471
0 OGO 1
1   879U 64054A   01212.08333333 +.00000000 +00000-0 +00000-0 0  9995
2   879 045.5488 132.5217 5986838 036.9380 351.4629 00.37787753002477
0 OGO 1
1   879U 64054A   01214.79166667 +.00000000 +00000-0 +00000-0 0  9999
2   879 045.6294 132.5644 5998152 036.9260 359.9157 00.37797217002471
0 OGO 1
1   879U 64054A   01217.41666667 +.00000000 +00000-0 +00000-0 0  9996
2   879 045.6995 132.6128 6014070 037.0565 356.6809 00.37810704002471
0 OGO 1
1   879U 64054A   01220.04166667 +.00000000 +00000-0 +00000-0 0  9994
2   879 045.6560 132.5562 6021065 037.3168 353.3256 00.37807633002471
0 OGO 1
1   879U 64054A   01222.70833333 +.00000000 +00000-0 +00000-0 0  9990
2   879 045.5819 132.4512 6020142 037.4873 355.9568 00.37794099002475
0 OGO 1
1   879U 64054A   01225.33333333 +.00000000 +00000-0 +00000-0 0  9997
2   879 045.5769 132.4079 6022284 037.5126 353.1408 00.37789592002473
0 OGO 1
1   879U 64054A   01228.04166667 +.00000000 +00000-0 +00000-0 0  9992
2   879 045.6282 132.4382 6032073 037.5222 001.5750 00.37797242002470
0 OGO 1
1   879U 64054A   01230.66666667 +.00000000 +00000-0 +00000-0 0  9998
2   879 045.6738 132.4689 6044162 037.6355 358.4121 00.37808268002473
0 OGO 1
1   879U 64054A   01233.33333333 +.00000000 +00000-0 +00000-0 0  9996
2   879 045.6468 132.4341 6049935 037.8479 000.8046 00.37807078002483
0 OGO 1
1   879U 64054A   01235.95833333 +.00000000 +00000-0 +00000-0 0  9991
2   879 045.5795 132.3447 6048347 038.0236 357.7061 00.37795842002487
0 OGO 1
1   879U 64054A   01238.58333333 +.00000000 +00000-0 +00000-0 0  9998
2   879 045.5465 132.2777 6047367 038.0838 354.8410 00.37788935002486
0 OGO 1
1   879U 64054A   01241.20833333 +.00000000 +00000-0 +00000-0 0  9996
2   879 045.5849 132.2792 6054330 038.0898 351.9884 00.37794961002482
0 OGO 1
1   879U 64054A   01243.87500000 +.00000000 +00000-0 +00000-0 0  9993
2   879 045.6447 132.3170 6068997 038.1908 354.5178 00.37808291002482
0 OGO 1
1   879U 64054A   01246.54166667 +.00000000 +00000-0 +00000-0 0  9997
2   879 045.6076 132.2679 6078373 038.4579 356.7974 00.37811819002487
0 OGO 1
1   879U 64054A   01249.16666667 +.00000000 +00000-0 +00000-0 0  9993
2   879 045.6076 132.2615 6078373 038.4645 354.1191 00.37811819002507
0 OGO 1
1   879U 64054A   01251.83333333 +.00000000 +00000-0 +00000-0 0  9991
2   879 045.4362 132.0491 6075252 038.7736 356.4643 00.37790128002483
0 OGO 1
1   879U 64054A   01254.50000000 +.00000000 +00000-0 +00000-0 0  9990
2   879 045.4590 132.0229 6080259 038.7967 359.2878 00.37793972002485
0 OGO 1
1   879U 64054A   01257.12500000 +.00000000 +00000-0 +00000-0 0  9996
2   879 045.4898 132.0349 6090187 038.8775 356.2349 00.37803452002483
0 OGO 1
1   879U 64054A   01259.79166667 +.00000000 +00000-0 +00000-0 0  9998
2   879 045.4487 131.9929 6094707 039.1284 358.6606 00.37779995002486
0 OGO 1
1   879U 64054A   01262.45833333 +.00000000 +00000-0 +00000-0 0  9996
2   879 045.3844 131.8868 6094805 039.2942 001.1651 00.37800750002488
0 OGO 1
1   879U 64054A   01265.08333333 +.00000000 +00000-0 +00000-0 0  9993
2   879 045.3091 131.7720 6089873 039.4037 358.2687 00.37789077002487
0 OGO 1
1   879U 64054A   01267.70833333 +.00000000 +00000-0 +00000-0 0  9999
2   879 045.3056 131.7249 6091405 039.4129 355.4931 00.37789114002483
0 OGO 1
1 00879U 64054A   01270.32925182 -.00000082 -26534-6  10000-3 0  9997
2 00879 045.2077 131.5569 6072367 039.1088 352.8300 00.37789501  2497
0 OGO 1
1   879U 64054A   01270.37500000 +.00000000 +00000-0 +00000-0 0  9998
2   879 045.3578 131.7337 6102023 039.4637 358.1824 00.37804635002480
0 OGO 1
1   879U 64054A   01273.00000000 +.00000000 +00000-0 +00000-0 0  9996
2   879 045.3402 131.6986 6112665 039.6821 354.8773 00.37811474002480
0 OGO 1
1   879U 64054A   01275.66666667 +.00000000 +00000-0 +00000-0 0  9997
2   879 045.2133 131.5738 6111638 039.9417 357.3481 00.37801433002485
0 OGO 1
1   879U 64054A   01278.79166667 +.00000000 +00000-0 +00000-0 0  9999
2   879 045.1270 131.4291 6105778 040.0603 062.5293 00.37794925002480
0 OGO 1
1   879U 64054A   01281.41666667 +.00000000 +00000-0 +00000-0 0  9997
2   879 045.1169 131.3734 6107279 040.0708 059.7590 00.37783413002480
0 OGO 1
1   879U 64054A   01284.08333333 +.00000000 +00000-0 +00000-0 0  9994
2   879 045.1354 131.3725 6114564 040.1048 062.5193 00.37782370002481
0 OGO 1
1   879U 64054A   01286.25000000 +.00000000 +00000-0 +00000-0 0  9997
2   879 045.1257 131.3456 6119391 040.2283 357.0693 00.37806071002481
0 OGO 1
1   879U 64054A   01288.87500000 +.00000000 +00000-0 +00000-0 0  9992
2   879 045.0563 131.2471 6118625 040.4266 353.9283 00.37801662002489
0 OGO 1
1   879U 64054A   01291.58333333 +.00000000 +00000-0 +00000-0 0  9997
2   879 045.0563 131.2404 6118625 040.4337 002.4945 00.37801662002508
0 OGO 1
1   879U 64054A   01294.20833333 +.00000000 +00000-0 +00000-0 0  9994
2   879 044.9348 131.0250 6108009 040.5577 359.6575 00.37784338002489
0 OGO 1
1   879U 64054A   01296.87500000 +.00000000 +00000-0 +00000-0 0  9991
2   879 044.9801 131.0262 6114832 040.5343 002.5416 00.37795356002488
0 OGO 1
1   879U 64054A   01299.50000000 +.00000000 +00000-0 +00000-0 0  9999
2   879 044.9970 131.0176 6125971 040.6924 359.4013 00.37786864002482
0 OGO 1
1   879U 64054A   01302.16666667 +.00000000 +00000-0 +00000-0 0  9993
2   879 044.9145 130.8949 6127478 040.9045 001.8690 00.37803729002481
0 OGO 1
1   879U 64054A   01304.79166667 +.00000000 +00000-0 +00000-0 0  9999
2   879 044.8158 130.7375 6120943 041.0373 359.0085 00.37789328002486
0 OGO 1
1   879U 64054A   01307.41666667 +.00000000 +00000-0 +00000-0 0  9996
2   879 044.7973 130.6633 6118519 041.0184 356.3514 00.37784762002486
0 OGO 1
1   879U 64054A   01310.04166667 +.00000000 +00000-0 +00000-0 0  9994
2   879 044.8339 130.6622 6123367 040.9821 353.5886 00.37791963002486
0 OGO 1
1   879U 64054A   01313.20833333 +.00000000 +00000-0 +00000-0 0  9996
2   879 044.8513 130.6459 6131280 041.0548 064.3029 00.37788773002480
0 OGO 1
1   879U 64054A   01315.87500000 +.00000000 +00000-0 +00000-0 0  9993
2   879 044.8205 130.5871 6132041 041.1879 066.9224 00.37801255002485
0 OGO 1
1   879U 64054A   01318.50000000 +.00000000 +00000-0 +00000-0 0  9991
2   879 044.7595 130.4687 6125705 041.3011 063.9948 00.37804300002483
0 OGO 1
1   879U 64054A   01320.66666667 -.00000065 +00000-0 +00000-0 0  9990
2   879 044.7292 130.3762 6121152 041.3174 358.9318 00.37781604002481
0 OGO 1
1   879U 64054A   01323.29166667 +.00000000 +00000-0 +00000-0 0  9995
2   879 044.7799 130.3747 6125388 041.2345 356.2883 00.37786868002485
0 OGO 1
1   879U 64054A   01325.95833333 +.00000000 +00000-0 +00000-0 0  9991
2   879 044.8580 130.4206 6138212 041.2520 358.9884 00.37803640002488
0 OGO 1
1   879U 64054A   01328.58333333 +.00000000 +00000-0 +00000-0 0  9998
2   879 044.8325 130.3614 6145441 041.4400 355.7845 00.37804772002487
0 OGO 1
1   879U 64054A   01331.20833333 +.00000000 +00000-0 +00000-0 0  9996
2   879 044.7502 130.2237 6141892 041.5885 352.8427 00.37790671002483
0 OGO 1
1   879U 64054A   01333.87500000 +.00000000 +00000-0 +00000-0 0  9993
2   879 044.7342 130.1411 6139010 041.5765 355.8587 00.37782525002483
0 OGO 1
1   879U 64054A   01336.54166667 +.00000000 +00000-0 +00000-0 0  9997
2   879 044.7905 130.1553 6144230 041.4926 358.8477 00.37787480002489
0 OGO 1
1   879U 64054A   01339.16666667 +.00000000 +00000-0 +00000-0 0  9993
2   879 044.8534 130.1948 6153924 041.4833 355.9451 00.37797664002488
0 OGO 1
1   879U 64054A   01341.83333333 +.00000000 +00000-0 +00000-0 0  9991
2   879 044.8701 130.1860 6160310 041.5761 358.5531 00.37801282002485
0 OGO 1
1   879U 64054A   01344.50000000 +.00000000 +00000-0 +00000-0 0  9990
2   879 044.8393 130.1152 6159716 041.6869 001.2260 00.37794355002487
0 OGO 1
1   879U 64054A   01347.12500000 +.00000000 +00000-0 +00000-0 0  9996
2   879 044.8155 130.0412 6156318 041.7068 358.4558 00.37783280002480
0 OGO 1
1   879U 64054A   01349.75000000 +.00000000 +00000-0 +00000-0 0  9992
2   879 044.8643 130.0364 6159605 041.6200 355.8211 00.37782947002483
0 OGO 1
1   879U 64054A   01352.41666667 +.00000000 +00000-0 +00000-0 0  9996
2   879 044.9707 130.1105 6173957 041.5673 358.6315 00.37799288002480
0 OGO 1
1   879U 64054A   01355.04166667 +.00000000 +00000-0 +00000-0 0  9993
2   879 045.0084 130.1246 6188092 041.7031 355.4110 00.37808234002482
0 OGO 1
1   879U 64054A   01357.70833333 +.00000000 +00000-0 +00000-0 0  9999
2   879 044.9556 130.0208 6190174 041.8888 357.9771 00.37797446002488
0 OGO 1
1   879U 64054A   01360.33333333 +.00000000 +00000-0 +00000-0 0  9997
2   879 044.9281 129.9385 6189067 041.9251 355.2043 00.37785622002486
0 OGO 1
1   879U 64054A   01363.00000000 +.00000000 +00000-0 +00000-0 0  9996
2   879 044.9835 129.9496 6194432 041.8632 358.1781 00.37786889002485
0 OGO 1
1   879U 64054A   01365.62500000 +.00000000 +00000-0 +00000-0 0  9991
2   879 045.0717 130.0159 6206920 041.8255 355.2913 00.37797698002487
0 OGO 1
1   879U 64054A   02003.29166667 +.00000000 +00000-0 +00000-0 0  9991
2   879 045.1202 130.0486 6218406 041.9063 357.8480 00.37805481002487
0 OGO 1
1   879U 64054A   02005.95833333 +.00000000 +00000-0 +00000-0 0  9997
2   879 045.1080 130.0092 6222922 042.0449 000.3992 00.37799660002481
0 OGO 1
1   879U 64054A   02008.58333333 +.00000000 +00000-0 +00000-0 0  9994
2   879 045.0821 129.9420 6222424 042.1212 357.4793 00.37788772002488
0 OGO 1
1   879U 64054A   02011.20833333 +.00000000 +00000-0 +00000-0 0  9992
2   879 045.1092 129.9229 6225021 042.0757 354.7484 00.37785523002483
0 OGO 1
1   879U 64054A   02013.83333333 +.00000000 +00000-0 +00000-0 0  9998
2   879 045.2076 129.9915 6238612 042.0197 351.9151 00.37796759002489
0 OGO 1
1   879U 64054A   02016.54166667 +.00000000 +00000-0 +00000-0 0  9993
2   879 045.2802 130.0485 6257356 042.1206 000.0381 00.37810441002481
0 OGO 1
1   879U 64054A   02019.16666667 +.00000000 +00000-0 +00000-0 0  9999
2   879 045.2365 129.9896 6266922 042.3297 356.7591 00.37791130002509
0 OGO 1
1   879U 64054A   02021.83333333 +.00000000 +00000-0 +00000-0 0  9997
2   879 045.1807 129.8738 6266419 042.4833 359.4623 00.37791950002507
0 OGO 1
1   879U 64054A   02024.50000000 +.00000000 +00000-0 +00000-0 0  9996
2   879 045.1874 129.8475 6269445 042.4667 002.3492 00.37787119002506
0 OGO 1
1   879U 64054A   02027.12500000 +.00000000 +00000-0 +00000-0 0  9992
2   879 045.2590 129.8999 6281316 042.4418 359.4660 00.37793985002509
0 OGO 1
1   879U 64054A   02029.75000000 +.00000000 +00000-0 +00000-0 0  9998
2   879 045.3137 129.9482 6295481 042.5244 356.3270 00.37805767002506
0 OGO 1
1   879U 64054A   02032.41666667 +.00000000 +00000-0 +00000-0 0  9992
2   879 045.3056 129.9179 6303995 042.7101 358.7580 00.37806309002506
0 OGO 1
1   879U 64054A   02035.08333333 +.00000000 +00000-0 +00000-0 0  9999
2   879 045.2536 129.8306 6304686 042.8679 001.3515 00.37795149002506
0 OGO 1
1   879U 64054A   02037.70833333 +.00000000 +00000-0 +00000-0 0  9995
2   879 045.2321 129.7691 6305436 042.9085 358.5076 00.37787818002503
0 OGO 1
1   879U 64054A   02040.33333333 +.00000000 +00000-0 +00000-0 0  9993
2   879 045.2894 129.7949 6315344 042.8878 355.6702 00.37794297002505
0 OGO 1
1   879U 64054A   02042.95833333 +.00000000 +00000-0 +00000-0 0  9998
2   879 045.3598 129.8537 6333718 042.9707 352.5100 00.37811317002509
0 OGO 1
1   879U 64054A   02045.66666667 +.00000000 +00000-0 +00000-0 0  9993
2   879 045.3238 129.7954 6346221 043.2395 000.4635 00.37811156002505
0 OGO 1
1   879U 64054A   02048.29166667 +.00000000 +00000-0 +00000-0 0  9990
2   879 045.2283 129.6550 6347259 043.4623 357.3453 00.37798075002509
0 OGO 1
1   879U 64054A   02050.91666667 +.00000000 +00000-0 +00000-0 0  9997
2   879 045.1915 129.5717 6348200 043.5373 354.4876 00.37790164002502
0 OGO 1
1   879U 64054A   02053.58333333 +.00000000 +00000-0 +00000-0 0  9994
2   879 045.2176 129.5733 6355626 043.5455 357.2933 00.37795238002503
0 OGO 1
1   879U 64054A   02056.20833333 +.00000000 +00000-0 +00000-0 0  9991
2   879 045.2562 129.6017 6368133 043.6151 354.2224 00.37806337002502
0 OGO 1
1   879U 64054A   02058.91666667 +.00000000 +00000-0 +00000-0 0  9995
2   879 045.2391 129.5677 6377183 043.7958 002.2995 00.37810742002504
0 OGO 1
1   879U 64054A   02061.54166667 +.00000000 +00000-0 +00000-0 0  9993
2   879 045.1590 129.4499 6377879 044.0209 359.1152 00.37800707002509
0 OGO 1
1   879U 64054A   02064.16666667 +.00000000 +00000-0 +00000-0 0  9999
2   879 045.0927 129.3302 6375039 044.1400 356.2036 00.37789163002505
0 OGO 1
1   879U 64054A   02066.83333333 +.00000000 +00000-0 +00000-0 0  9996
2   879 045.0960 129.2937 6379084 044.1508 359.0731 00.37789650002502
0 OGO 1
1   879U 64054A   02069.45833333 +.00000000 +00000-0 +00000-0 0  9992
2   879 045.1471 129.3259 6393411 044.2029 356.0464 00.37805776002505
0 OGO 1
1   879U 64054A   02072.12500000 +.00000000 +00000-0 +00000-0 0  9992
2   879 045.1176 129.2744 6406782 044.4382 358.3699 00.37813297002507
0 OGO 1
1   879U 64054A   02074.75000000 +.00000000 +00000-0 +00000-0 0  9998
2   879 045.0036 129.1030 6407627 044.7137 355.1728 00.37801775002504
0 OGO 1
1   879U 64054A   02077.37500000 +.00000000 +00000-0 +00000-0 0  9994
2   879 044.9216 128.9589 6404483 044.8450 352.2985 00.37791021002509
0 OGO 1
1   879U 64054A   02080.08333333 +.00000000 +00000-0 +00000-0 0  9999
2   879 044.9122 128.9095 6406549 044.8670 000.8371 00.37791105002504
0 OGO 1
1   879U 64054A   02082.70833333 +.00000000 +00000-0 +00000-0 0  9995
2   879 044.9325 128.9084 6414735 044.9072 357.8964 00.37799002002507
0 OGO 1
1   879U 64054A   02085.37500000 +.00000000 +00000-0 +00000-0 0  9993
2   879 044.9213 128.8779 6423219 045.0538 000.4172 00.37807541002509
0 OGO 1
1   879U 64054A   02088.00000000 +.00000000 +00000-0 +00000-0 0  9991
2   879 044.8452 128.7562 6424182 045.2824 357.2278 00.37804797002502
0 OGO 1
1   879U 64054A   02090.62500000 +.00000000 +00000-0 +00000-0 0  9997
2   879 044.7489 128.5950 6418252 045.4469 354.2807 00.37789588002503
0 OGO 1
1   879U 64054A   02093.25000000 +.00000000 +00000-0 +00000-0 0  9994
2   879 044.7195 128.5058 6415884 045.4701 351.5583 00.37786143002508
0 OGO 1
1   879U 64054A   02095.91666667 +.00000000 +00000-0 +00000-0 0  9996
2   879 044.7627 128.5129 6425170 045.4664 354.3834 00.37799187002506
0 OGO 1
1   879U 64054A   02098.58333333 +.00000000 +00000-0 +00000-0 0  9993
2   879 044.7636 128.4874 6438554 045.6251 356.8471 00.37810687002509
0 OGO 1
1   879U 64054A   02101.25000000 +.00000000 +00000-0 +00000-0 0  9994
2   879 044.6565 128.3202 6440435 045.8960 359.3041 00.37803708002500
0 OGO 1
1   879U 64054A   02103.87500000 +.00000000 +00000-0 +00000-0 0  9999
2   879 044.5549 128.1402 6434682 046.0520 356.4333 00.37790617002509
0 OGO 1
1   879U 64054A   02106.50000000 +.00000000 +00000-0 +00000-0 0  9997
2   879 044.5298 128.0561 6432664 046.0658 353.7251 00.37786566002513
0 OGO 1
1   879U 64054A   02109.16666667 +.00000000 +00000-0 +00000-0 0  9999
2   879 044.5515 128.0457 6437218 046.0551 356.5910 00.37793726002510
0 OGO 1
1   879U 64054A   02111.83333333 +.00000000 +00000-0 +00000-0 0  9997
2   879 044.5616 128.0309 6444457 046.1204 359.2620 00.37801897002514
0 OGO 1
1   879U 64054A   02114.50000000 +.00000000 +00000-0 +00000-0 0  9996
2   879 044.5306 127.9834 6444887 046.2207 001.8206 00.37778205002518
0 OGO 1
1   879U 64054A   02117.12500000 +.00000000 +00000-0 +00000-0 0  9992
2   879 044.4350 127.8044 6441472 046.4481 358.8459 00.37792810002514
0 OGO 1
1   879U 64054A   02119.75000000 +.00000000 +00000-0 +00000-0 0  9998
2   879 044.3903 127.6822 6435248 046.4796 356.1539 00.37781317002512
0 OGO 1
1   879U 64054A   02122.41666667 +.00000000 +00000-0 +00000-0 0  9992
2   879 044.4335 127.6788 6440057 046.4113 359.1534 00.37789182002516
0 OGO 1
1   879U 64054A   02125.04166667 +.00000000 +00000-0 +00000-0 0  9999
2   879 044.4829 127.7041 6454165 046.4594 356.1239 00.37805028002512
0 OGO 1
1   879U 64054A   02127.70833333 +.00000000 +00000-0 +00000-0 0  9995
2   879 044.4215 127.5885 6460183 046.6830 358.5890 00.37804558002513
0 OGO 1
1   879U 64054A   02130.37500000 +.00000000 +00000-0 +00000-0 0  9994
2   879 044.3250 127.4194 6455514 046.8412 001.3495 00.37790282002515
0 OGO 1
1   879U 64054A   02133.00000000 +.00000000 +00000-0 +00000-0 0  9992
2   879 044.3001 127.3257 6451808 046.8432 358.6875 00.37783625002515
0 OGO 1
1   879U 64054A   02135.66666667 +.00000000 +00000-0 +00000-0 0  9993
2   879 044.3384 127.3279 6455459 046.7790 001.6578 00.37787210002514
0 OGO 1
1   879U 64054A   02138.29166667 +.00000000 +00000-0 +00000-0 0  9990
2   879 044.3822 127.3525 6463539 046.7732 358.7680 00.37795993002516
0 OGO 1
1   879U 64054A   02140.95833333 +.00000000 +00000-0 +00000-0 0  9997
2   879 044.3826 127.3228 6469060 046.8703 001.3937 00.37802186002513
0 OGO 1
1   879U 64054A   02143.58333333 +.00000000 +00000-0 +00000-0 0  9994
2   879 044.3362 127.2231 6467503 047.0000 358.3884 00.37794840002517
0 OGO 1
1   879U 64054A   02146.20833333 +.00000000 +00000-0 +00000-0 0  9991
2   879 044.2945 127.1077 6461698 047.0459 355.6351 00.37781666002518
0 OGO 1
1   879U 64054A   02148.83333333 +.00000000 +00000-0 +00000-0 0  9997
2   879 044.3345 127.0944 6463674 046.9559 353.0412 00.37781047002513
0 OGO 1
1   879U 64054A   02151.54166667 +.00000000 +00000-0 +00000-0 0  9993
2   879 044.4294 127.1568 6478943 046.9056 001.5134 00.37797788002512
0 OGO 1
1   879U 64054A   02154.16666667 +.00000000 +00000-0 +00000-0 0  9999
2   879 044.4299 127.1259 6491663 047.0606 358.3034 00.37805836002517
0 OGO 1
1   879U 64054A   02156.83333333 +.00000000 +00000-0 +00000-0 0  9996
2   879 044.4299 127.1181 6491663 047.0691 001.2394 00.37805836002529
0 OGO 1
1   879U 64054A   02159.45833333 +.00000000 +00000-0 +00000-0 0  9992
2   879 044.3318 126.8852 6489157 047.2568 358.2472 00.37783667002519
0 OGO 1
1   879U 64054A   02162.08333333 +.00000000 +00000-0 +00000-0 0  9990
2   879 044.3793 126.8968 6493240 047.1736 355.5805 00.37784053002518
0 OGO 1
1   879U 64054A   02164.75000000 +.00000000 +00000-0 +00000-0 0  9998
2   879 044.4508 126.9583 6503613 047.1192 358.4052 00.37792853002512
0 OGO 1
1   879U 64054A   02167.37500000 +.00000000 +00000-0 +00000-0 0  9994
2   879 044.4888 126.9783 6513856 047.1693 355.3598 00.37801443002518
0 OGO 1
1   879U 64054A   02170.04166667 +.00000000 +00000-0 +00000-0 0  9999
2   879 044.4710 126.9218 6517341 047.2909 357.9644 00.37798239002517
0 OGO 1
1   879U 64054A   02172.70833333 +.00000000 +00000-0 +00000-0 0  9995
2   879 044.4397 126.8311 6515231 047.3566 000.7585 00.37785737002513
0 OGO 1
1   879U 64054A   02175.33333333 +.00000000 +00000-0 +00000-0 0  9992
2   879 044.4649 126.8019 6516199 047.2999 358.1010 00.37779928002519
0 OGO 1
1   879U 64054A   02178.00000000 +.00000000 +00000-0 +00000-0 0  9991
2   879 044.5669 126.8913 6530403 047.2024 000.9982 00.37793575002512
0 OGO 1
1   879U 64054A   02180.62500000 +.00000000 +00000-0 +00000-0 0  9997
2   879 044.6272 126.9520 6549593 047.2807 357.8028 00.37809734002517
0 OGO 1
1   879U 64054A   02183.25000000 +.00000000 +00000-0 +00000-0 0  9994
2   879 044.5689 126.8409 6556315 047.4918 354.6198 00.37800625002511
0 OGO 1
1   879U 64054A   02185.91666667 +.00000000 +00000-0 +00000-0 0  9996
2   879 044.5240 126.7213 6555884 047.5926 357.4318 00.37787897002516
0 OGO 1
1   879U 64054A   02188.04166667 +.00000000 +00000-0 +00000-0 0  9998
2   879 044.5549 126.7279 6559170 047.5457 286.6743 00.37798129002516
0 OGO 1
1   879U 64054A   02191.16666667 +.00000000 +00000-0 +00000-0 0  9990
2   879 044.6321 126.7917 6570460 047.4894 351.8695 00.37807836002510
0 OGO 1
1   879U 64054A   02193.83333333 +.00000000 +00000-0 +00000-0 0  9997
2   879 044.6883 126.8397 6585065 047.5225 354.4765 00.37804023002514
0 OGO 1
1   879U 64054A   02196.50000000 +.00000000 +00000-0 +00000-0 0  9996
2   879 044.6839 126.8120 6593352 047.6588 356.9843 00.37803269002515
0 OGO 1
1   879U 64054A   02199.12500000 +.00000000 +00000-0 +00000-0 0  9992
2   879 044.6447 126.7236 6594367 047.7860 353.9664 00.37792409002519
0 OGO 1
1   879U 64054A   02201.83333333 +.00000000 +00000-0 +00000-0 0  9997
2   879 044.6434 126.6756 6595226 047.8004 002.5157 00.37782359002514
0 OGO 1
1   879U 64054A   02204.45833333 +.00000000 +00000-0 +00000-0 0  9993
2   879 044.7194 126.7324 6606770 047.7254 359.7526 00.37786103002511
0 OGO 1
1   879U 64054A   02207.12500000 +.00000000 +00000-0 +00000-0 0  9992
2   879 044.8002 126.8133 6627992 047.7754 002.2847 00.37809693002519
0 OGO 1
1   879U 64054A   02209.75000000 +.00000000 +00000-0 +00000-0 0  9998
2   879 044.7565 126.7334 6641171 048.0143 358.9485 00.37807797002517
0 OGO 1
1   879U 64054A   02212.41666667 +.00000000 +00000-0 +00000-0 0  9992
2   879 044.6818 126.5900 6642866 048.1962 001.5936 00.37794070002517
0 OGO 1
1   879U 64054A   02215.04166667 +.00000000 +00000-0 +00000-0 0  9999
2   879 044.6738 126.5367 6645634 048.2227 358.7895 00.37787853002518
0 OGO 1
1   879U 64054A   02217.66666667 +.00000000 +00000-0 +00000-0 0  9994
2   879 044.7249 126.5754 6655420 048.1910 355.9446 00.37792021002512
0 OGO 1
1   879U 64054A   02220.33333333 +.00000000 +00000-0 +00000-0 0  9993
2   879 044.7715 126.6317 6670570 048.2279 358.5514 00.37803081002512
0 OGO 1
1   879U 64054A   02222.95833333 +.00000000 +00000-0 +00000-0 0  9998
2   879 044.7671 126.6113 6681798 048.3849 355.3212 00.37807828002518
0 OGO 1
1   879U 64054A   02225.62500000 +.00000000 +00000-0 +00000-0 0  9997
2   879 044.7080 126.5021 6684654 048.5789 357.8415 00.37798948002512
0 OGO 1
1   879U 64054A   02228.29166667 +.00000000 +00000-0 +00000-0 0  9990
2   879 044.6627 126.3952 6684050 048.6785 000.6087 00.37786893002510
0 OGO 1
1   879U 64054A   02230.91666667 +.00000000 +00000-0 +00000-0 0  9997
2   879 044.6915 126.3899 6690958 048.6599 357.8252 00.37785843002512
0 OGO 1
1   879U 64054A   02233.54166667 +.00000000 +00000-0 +00000-0 0  9994
2   879 044.7615 126.4606 6709907 048.6789 354.7852 00.37803183002513
0 OGO 1
1   879U 64054A   02236.25000000 +.00000000 +00000-0 +00000-0 0  9993
2   879 044.7277 126.4075 6726709 048.9050 002.7502 00.37813173002512
0 OGO 1
1   879U 64054A   02238.87500000 +.00000000 +00000-0 +00000-0 0  9998
2   879 044.6179 126.2220 6729741 049.1720 359.5773 00.37800067002519
0 OGO 1
1   879U 64054A   02241.50000000 +.00000000 +00000-0 +00000-0 0  9997
2   879 044.5614 126.0941 6729695 049.2870 356.7014 00.37789784002514
0 OGO 1
1   879U 64054A   02244.16666667 +.00000000 +00000-0 +00000-0 0  9999
2   879 044.5742 126.0712 6735260 049.3075 359.5323 00.37790439002518
0 OGO 1
1   879U 64054A   02246.79166667 +.00000000 +00000-0 +00000-0 0  9995
2   879 044.6050 126.0956 6746812 049.3436 356.5412 00.37797579002515
0 OGO 1
1   879U 64054A   02249.45833333 +.00000000 +00000-0 +00000-0 0  9992
2   879 044.5979 126.0717 6758096 049.4922 359.0138 00.37808210002515
0 OGO 1
1   879U 64054A   02252.08333333 +.00000000 +00000-0 +00000-0 0  9990
2   879 044.5310 125.9413 6761878 049.7340 355.7929 00.37804262002518
0 OGO 1
1   879U 64054A   02254.75000000 +.00000000 +00000-0 +00000-0 0  9998
2   879 044.4430 125.7737 6758614 049.9101 358.4790 00.37790673002514
0 OGO 1
1   879U 64054A   02257.37500000 +.00000000 +00000-0 +00000-0 0  9994
2   879 044.4228 125.6930 6759433 049.9456 355.7081 00.37785450002516
0 OGO 1
1   879U 64054A   02260.04166667 +.00000000 +00000-0 +00000-0 0  9999
2   879 044.4693 125.7215 6772605 049.9488 358.4701 00.37800249002513
0 OGO 1
1   879U 64054A   02265.33333333 +.00000000 +00000-0 +00000-0 0  9992
2   879 044.3351 125.4686 6793679 050.4459 357.6035 00.37804037002511
0 OGO 1
1   879U 64054A   02267.95833333 +.00000000 +00000-0 +00000-0 0  9997
2   879 044.2372 125.2732 6790164 050.6259 354.6991 00.37791778002514
0 OGO 1
1   879U 64054A   02270.62500000 +.00000000 +00000-0 +00000-0 0  9997
2   879 044.2134 125.1876 6790513 050.6707 357.5867 00.37788194002516
0 OGO 1
1   879U 64054A   02273.25000000 +.00000000 +00000-0 +00000-0 0  9994
2   879 044.2264 125.1756 6797061 050.6919 354.7072 00.37794687002518
0 OGO 1
1   879U 64054A   02275.91666667 +.00000000 +00000-0 +00000-0 0  9996
2   879 044.2236 125.1502 6806239 050.7940 357.3068 00.37803318002515
0 OGO 1
1   879U 64054A   02278.54166667 +.00000000 +00000-0 +00000-0 0  9993
2   879 044.1686 125.0383 6810542 051.0004 354.1246 00.37806299002510
0 OGO 1
1   879U 64054A   02281.20833333 +.00000000 +00000-0 +00000-0 0  9991
2   879 044.0696 124.8355 6805611 051.2195 356.7664 00.37794366002513
0 OGO 1
1   879U 64054A   02283.87500000 +.00000000 +00000-0 +00000-0 0  9998
2   879 044.0148 124.6888 6800440 051.2932 359.6973 00.37782317002516
0 OGO 1
1   879U 64054A   02286.50000000 +.00000000 +00000-0 +00000-0 0  9996
2   879 044.0474 124.6808 6807358 051.2615 356.9613 00.37789688002512
0 OGO 1
1   879U 64054A   02289.16666667 +.00000000 +00000-0 +00000-0 0  9998
2   879 044.0662 124.6748 6823188 051.3604 359.5144 00.37807328002512
0 OGO 1
1   879U 64054A   02291.79166667 +.00000000 +00000-0 +00000-0 0  9995
2   879 043.9664 124.4872 6828884 051.6482 356.2786 00.37806171002514
0 OGO 1
1   879U 64054A   02294.45833333 +.00000000 +00000-0 +00000-0 0  9992
2   879 043.8563 124.2568 6823709 051.8558 359.0376 00.37791372002510
0 OGO 1
1   879U 64054A   02297.08333333 +.00000000 +00000-0 +00000-0 0  9999
2   879 043.8199 124.1373 6819979 051.9003 356.3314 00.37785767002511
0 OGO 1
1   879U 64054A   02299.75000000 +.00000000 +00000-0 +00000-0 0  9997
2   879 043.8362 124.1141 6822968 051.8817 359.2478 00.37788812002517
0 OGO 1
1   879U 64054A   02302.41666667 +.00000000 +00000-0 +00000-0 0  9992
2   879 043.8537 124.1082 6829949 051.9117 001.9960 00.37798635002516
0 OGO 1
1   879U 64054A   02305.04166667 +.00000000 +00000-0 +00000-0 0  9999
2   879 043.8289 124.0363 6835016 052.0470 358.9259 00.37803460002516
0 OGO 1
1   879U 64054A   02307.66666667 +.00000000 +00000-0 +00000-0 0  9994
2   879 043.7479 123.8423 6831877 052.2667 355.8946 00.37797011002514
0 OGO 1
1   879U 64054A   02307.91666667 +.00000000 +00000-0 +00000-0 0  9992
2   879 041.7590 114.5681 7688624 062.2452 357.1481 00.37809124002511
0 OGO 1
1   879U 64054A   02310.33333333 +.00000000 +00000-0 +00000-0 0  9993
2   879 043.6849 123.6717 6824160 052.3601 358.8088 00.37780414002513
0 OGO 1
1   879U 64054A   02312.95833333 +.00000000 +00000-0 +00000-0 0  9998
2   879 043.7137 123.6402 6825369 052.2917 356.2157 00.37782263002519
0 OGO 1
1   879U 64054A   02315.62500000 +.00000000 +00000-0 +00000-0 0  9997
2   879 043.7789 123.6927 6840793 052.2688 358.9744 00.37801635002513
0 OGO 1
1   879U 64054A   02318.25000000 +.00000000 +00000-0 +00000-0 0  9994
2   879 043.7360 123.6052 6852430 052.4387 355.7732 00.37788260002516
0 OGO 1
1   879U 64054A   02320.91666667 +.00000000 +00000-0 +00000-0 0  9997
2   879 043.6389 123.3682 6848591 052.6783 358.4820 00.37792979002517
0 OGO 1
1   879U 64054A   02323.58333333 +.00000000 +00000-0 +00000-0 0  9994
2   879 043.6070 123.2433 6844211 052.7148 001.4710 00.37782830002516
0 OGO 1
1   879U 64054A   02326.20833333 +.00000000 +00000-0 +00000-0 0  9991
2   879 043.6364 123.2337 6846294 052.6522 358.8091 00.37784623002516
0 OGO 1
1   879U 64054A   02328.83333333 +.00000000 +00000-0 +00000-0 0  9997
2   879 043.6855 123.2729 6854198 052.6069 355.9873 00.37792302002513
0 OGO 1
1   879U 64054A   02331.50000000 +.00000000 +00000-0 +00000-0 0  9997
2   879 043.7038 123.2683 6861983 052.6580 358.6631 00.37800611002519
0 OGO 1
1   879U 64054A   02334.16666667 +.00000000 +00000-0 +00000-0 0  9999
2   879 043.6754 123.1746 6863835 052.7901 001.3037 00.37798084002510
0 OGO 1
1   879U 64054A   02336.79166667 +.00000000 +00000-0 +00000-0 0  9995
2   879 043.6298 123.0325 6858963 052.8868 358.4635 00.37784555002512
0 OGO 1
1   879U 64054A   02339.45833333 +.00000000 +00000-0 +00000-0 0  9992
2   879 043.6461 122.9863 6857825 052.8252 001.5419 00.37776605002515
0 OGO 1
1   879U 64054A   02342.04166667 +.00000000 +00000-0 +00000-0 0  9990
2   879 043.7420 123.0824 6872494 052.7040 353.1428 00.37794208002518
0 OGO 1
1   879U 64054A   02344.66666667 +.00000000 +00000-0 +00000-0 0  9995
2   879 043.7688 123.0862 6891017 052.8052 349.9541 00.37809361002518
0 OGO 1
1   879U 64054A   02347.33333333 +.00000000 +00000-0 +00000-0 0  9993
2   879 043.6941 122.9169 6894910 053.0140 352.5500 00.37796159002518
0 OGO 1
1   879U 64054A   02350.04166667 +.00000000 +00000-0 +00000-0 0  9999
2   879 043.6613 122.7915 6892519 053.0762 001.1380 00.37784661002512
0 OGO 1
1   879U 64054A   02352.66666667 +.00000044 +00000-0 +00000-0 0  9992
2   879 043.6991 122.8026 6895815 052.9984 358.4753 00.37784087002515
0 OGO 1
1   879U 64054A   02355.29166667 +.00000000 +00000-0 +00000-0 0  9991
2   879 043.7712 122.8802 6906100 052.9115 355.6813 00.37792233002513
0 OGO 1
1   879U 64054A   02357.95833333 +.00000000 +00000-0 +00000-0 0  9997
2   879 043.8208 122.9324 6918644 052.9184 358.3586 00.37797681002515
0 OGO 1
1   879U 64054A   02360.62500000 +.00000000 +00000-0 +00000-0 0  9997
2   879 043.8200 122.8983 6926196 053.0225 000.9461 00.37800502002515
0 OGO 1
1   879U 64054A   02363.25000000 +.00000000 +00000-0 +00000-0 0  9994
2   879 043.7869 122.7949 6926725 053.1348 357.9811 00.37790884002516
0 OGO 1
1   879U 64054A   02365.91666667 +.00000000 +00000-0 +00000-0 0  9996
2   879 043.7860 122.7302 6926410 053.1365 000.9301 00.37778134002513
0 OGO 1
1   879U 64054A   03003.54166667 +.00000000 +00000-0 +00000-0 0  9990
2   879 043.8732 122.8158 6938624 053.0099 358.2504 00.37785991002518
0 OGO 1
1   879U 64054A   03006.16666667 +.00000000 +00000-0 +00000-0 0  9996
2   879 043.9531 122.9132 6962819 053.0221 355.1249 00.37810329002515
0 OGO 1
1   879U 64054A   03008.83333333 +.00000000 +00000-0 +00000-0 0  9993
2   879 043.8971 122.7885 6975479 053.2542 357.5323 00.37804524002518
0 OGO 1
1   879U 64054A   03011.45833333 +.00000000 +00000-0 +00000-0 0  9990
2   879 043.8396 122.6379 6976933 053.4005 354.6180 00.37790303002516
0 OGO 1
1   879U 64054A   03014.12500000 +.00000000 +00000-0 +00000-0 0  9999
2   879 043.8555 122.6126 6980910 053.3841 357.5413 00.37786004002514
0 OGO 1
1   879U 64054A   03016.75000000 +.00000000 +00000-0 +00000-0 0  9995
2   879 043.9138 122.6734 6991631 053.3113 354.7243 00.37789860002514
0 OGO 1
1   879U 64054A   03019.41666667 +.00000000 +00000-0 +00000-0 0  9998
2   879 043.9701 122.7481 7006670 053.3121 357.3705 00.37802233002512
0 OGO 1
1   879U 64054A   03022.04166667 +.00000000 +00000-0 +00000-0 0  9996
2   879 043.9731 122.7371 7019643 053.4278 354.2016 00.37796156002518
0 OGO 1
1   879U 64054A   03027.37500000 +.00000000 +00000-0 +00000-0 0  9990
2   879 043.8967 122.5169 7023817 053.6873 359.5536 00.37785038002514
0 OGO 1
1   879U 64054A   03030.00000000 +.00000000 +00000-0 +00000-0 0  9999
2   879 043.9381 122.5351 7031878 053.6348 356.8161 00.37787219002518
0 OGO 1
1   879U 64054A   03035.33333333 +.00000000 +00000-0 +00000-0 0  9998
2   879 043.9903 122.5546 7074612 053.8544 001.7495 00.37812334002510
0 OGO 1
1   879U 64054A   03037.95833333 +.00000000 +00000-0 +00000-0 0  9993
2   879 043.8910 122.3450 7078607 054.1102 358.6389 00.37797611002517
0 OGO 1
1   879U 64054A   03040.62500000 +.00000000 +00000-0 +00000-0 0  9993
2   879 043.8571 122.2394 7080673 054.1878 001.4658 00.37788634002519
0 OGO 1
1   879U 64054A   03043.25000000 +.00000000 +00000-0 +00000-0 0  9990
2   879 043.8837 122.2490 7089019 054.1767 358.6256 00.37789803002511
0 OGO 1
1   879U 64054A   03045.87500000 +.00000000 +00000-0 +00000-0 0  9995
2   879 043.9212 122.2954 7102995 054.1966 355.6190 00.37796188002512
0 OGO 1
1   879U 64054A   03048.54166667 +.00000000 +00000-0 +00000-0 0  9999
2   879 043.9178 122.2747 7116096 054.3312 358.0939 00.37806960002515
0 OGO 1
1   879U 64054A   03051.20833333 +.00000000 +00000-0 +00000-0 0  9997
2   879 043.8551 122.1372 7121828 054.5582 000.5545 00.37803981002514
0 OGO 1
1   879U 64054A   03053.83333333 +.00000000 +00000-0 +00000-0 0  9993
2   879 043.7808 121.9608 7120858 054.7408 357.5605 00.37790532002517
0 OGO 1
1   879U 64054A   03059.12500000 +.00000000 +00000-0 +00000-0 0  9998
2   879 043.8239 121.9427 7139809 054.7584 357.5390 00.37802721002511
0 OGO 1
1   879U 64054A   03061.75000000 +.00000000 +00000-0 +00000-0 0  9995
2   879 043.8041 121.8855 7161230 054.9578 354.1998 00.37814793002513
0 OGO 1
1   879U 64054A   03064.45833333 +.00000000 +00000-0 +00000-0 0  9998
2   879 043.6764 121.6209 7166389 055.2968 002.3009 00.37804016002513
0 OGO 1
1   879U 64054A   03072.37500000 +.00000000 +00000-0 +00000-0 0  9990
2   879 043.5913 121.3367 7176792 055.5611 359.3344 00.37796232002514
0 OGO 1
1   879U 64054A   03075.00000000 +.00000000 +00000-0 +00000-0 0  9998
2   879 043.5832 121.3025 7187844 055.6773 356.2265 00.37804298002515
0 OGO 1
1   879U 64054A   03077.66666667 +.00000000 +00000-0 +00000-0 0  9999
2   879 043.5191 121.1532 7193377 055.9144 358.6897 00.37807520002515
0 OGO 1
1   879U 64054A   03080.33333333 +.00000000 +00000-0 +00000-0 0  9998
2   879 043.4256 120.9191 7189977 056.1505 001.3051 00.37794831002513
0 OGO 1
1   879U 64054A   03082.95833333 +.00000000 +00000-0 +00000-0 0  9993
2   879 043.3720 120.7525 7186311 056.2550 358.5327 00.37782676002514
0 OGO 1
1   879U 64054A   03085.58333333 +.00000000 +00000-0 +00000-0 0  9990
2   879 043.4003 120.7474 7195414 056.2370 355.7660 00.37788563002516
0 OGO 1
1   879U 64054A   03088.25000000 +.00000000 +00000-0 +00000-0 0  9999
2   879 043.4038 120.7223 7214252 056.3602 358.2654 00.37808802002517
0 OGO 1
1   879U 64054A   03090.91666667 +.00000000 +00000-0 +00000-0 0  9992
2   879 043.2858 120.4541 7220867 056.7048 000.6660 00.37807399002517
0 OGO 1
1   879U 64054A   03096.20833333 +.00000000 +00000-0 +00000-0 0  9996
2   879 043.1447 120.0454 7213946 057.0192 000.6739 00.37786798002519
0 OGO 1
1   879U 64054A   03098.83333333 +.00000000 +00000-0 +00000-0 0  9992
2   879 043.1522 120.0134 7217977 057.0292 357.8694 00.37789833002517
0 OGO 1
1   879U 64054A   03101.50000000 +.00000000 +00000-0 +00000-0 0  9993
2   879 043.1551 119.9873 7225608 057.0896 000.5709 00.37798670002514
0 OGO 1
1   879U 64054A   03104.12500000 +.00000000 +00000-0 +00000-0 0  9999
2   879 043.1164 119.8751 7230920 057.2641 357.4627 00.37805403002517
0 OGO 1
1   879U 64054A   03106.79166667 +.00000000 +00000-0 +00000-0 0  9991
2   879 043.0290 119.6513 7227924 057.5072 000.0679 00.37798671002517
0 OGO 1
1   879U 64054A   03109.41666667 +.00000000 +00000-0 +00000-0 0  9998
2   879 042.9588 119.4341 7219977 057.6498 357.2873 00.37782211002510
0 OGO 1
1   879U 64054A   03112.04166667 +.00000000 +00000-0 +00000-0 0  9996
2   879 042.9761 119.3898 7222068 057.6115 354.6662 00.37779992002519
0 OGO 1
1   879U 64054A   03114.70833333 +.00000000 +00000-0 +00000-0 0  9992
2   879 043.0184 119.4229 7238742 057.6167 357.3752 00.37803544002513
0 OGO 1
1   879U 64054A   03117.33333333 +.00000000 +00000-0 +00000-0 0  9999
2   879 042.9425 119.2269 7249118 057.8863 354.1367 00.37807228002515
0 OGO 1
1   879U 64054A   03120.00000000 +.00000000 +00000-0 +00000-0 0  9999
2   879 042.8355 118.9375 7244770 058.1455 356.8679 00.37792561002518
0 OGO 1
1   879U 64054A   03122.66666667 +.00000000 +00000-0 +00000-0 0  9990
2   879 042.7979 118.7875 7239807 058.2182 359.8448 00.37783831002512
0 OGO 1
1   879U 64054A   03125.29166667 +.00000000 +00000-0 +00000-0 0  9997
2   879 042.8171 118.7648 7241298 058.1829 357.1473 00.37785633002510
0 OGO 1
1   879U 64054A   03127.95833333 +.00000000 +00000-0 +00000-0 0  9993
2   879 042.8456 118.7787 7247937 058.1676 359.9721 00.37792924002513
0 OGO 1
1   879U 64054A   03133.25000000 +.00000000 +00000-0 +00000-0 0  9990
2   879 042.7974 118.5914 7255014 058.4179 359.6029 00.37798891002510
0 OGO 1
1   879U 64054A   03135.87500000 +.00000000 +00000-0 +00000-0 0  9995
2   879 042.7376 118.3885 7248118 058.5645 356.7613 00.37783509002514
0 OGO 1
1   879U 64054A   03138.54166667 +.00000000 +00000-0 +00000-0 0  9999
2   879 042.7458 118.3142 7245616 058.5208 359.8576 00.37773570002515
0 OGO 1
1   879U 64054A   03141.16666667 +.00000000 +00000-0 +00000-0 0  9996
2   879 042.8245 118.4091 7260686 058.4078 357.1155 00.37792496002514
0 OGO 1
1   879U 64054A   03149.12500000 +.00000000 +00000-0 +00000-0 0  9998
2   879 042.6875 117.9283 7274014 058.8862 359.5313 00.37783859002518
0 OGO 1
1   879U 64054A   03151.79166667 +.00000000 +00000-0 +00000-0 0  9991
2   879 042.7184 117.9262 7275883 058.8189 002.5470 00.37781233002519
0 OGO 1
1   879U 64054A   03154.41666667 +.00000000 +00000-0 +00000-0 0  9998
2   879 042.7715 117.9907 7283948 058.7394 359.7672 00.37787871002518
0 OGO 1
1   879U 64054A   03157.08333333 +.00000000 +00000-0 +00000-0 0  9995
2   879 042.8045 118.0259 7293755 058.7403 002.4810 00.37796579002516
0 OGO 1
1   879U 64054A   03159.70833333 +.00000000 +00000-0 +00000-0 0  9991
2   879 042.7929 117.9587 7299250 058.8489 359.4427 00.37798949002511
0 OGO 1
1   879U 64054A   03162.37500000 +.00000000 +00000-0 +00000-0 0  9990
2   879 042.7529 117.8080 7297296 058.9831 002.1777 00.37789844002518
0 OGO 1
1   879U 64054A   03165.00000000 +.00000000 +00000-0 +00000-0 0  9998
2   879 042.7465 117.7126 7294262 058.9878 359.5118 00.37774405002513
0 OGO 1
1   879U 64054A   03167.62500000 +.00000000 +00000-0 +00000-0 0  9993
2   879 042.8230 117.8249 7305852 058.8350 356.8907 00.37785465002517
0 OGO 1
1   879U 64054A   03170.29166667 +.00000000 +00000-0 +00000-0 0  9997
2   879 042.8766 117.8915 7330332 058.8533 359.4383 00.37807646002518
0 OGO 1
1   879U 64054A   03175.58333333 +.00000000 +00000-0 +00000-0 0  9990
2   879 042.7618 117.5044 7338440 059.2309 359.1167 00.37785804002515
0 OGO 1
1   879U 64054A   03178.25000000 +.00000000 +00000-0 +00000-0 0  9999
2   879 042.7888 117.4965 7341544 059.1797 002.0988 00.37782240002510
0 OGO 1
1   879U 64054A   03180.87500000 +.00000000 +00000-0 +00000-0 0  9995
2   879 042.8503 117.5830 7351479 059.0832 359.3193 00.37786369002516
0 OGO 1
1   879U 64054A   03183.54166667 +.00000000 +00000-0 +00000-0 0  9999
2   879 042.8994 117.6591 7364731 059.0548 002.0259 00.37794277002516
0 OGO 1
1   879U 64054A   03186.16666667 +.00000000 +00000-0 +00000-0 0  9995
2   879 042.9057 117.6402 7375134 059.1405 358.9373 00.37800755002519
0 OGO 1
1   879U 64054A   03188.79166667 +.00000000 +00000-0 +00000-0 0  9991
2   879 042.8728 117.5234 7378471 059.2854 355.8938 00.37795123002516
0 OGO 1
1   879U 64054A   03191.41666667 +.00000000 +00000-0 +00000-0 0  9999
2   879 042.8490 117.4049 7377526 059.3585 353.0727 00.37780948002512
0 OGO 1
1   879U 64054A   03194.08333333 +.00000000 +00000-0 +00000-0 0  9996
2   879 042.8982 117.4538 7385057 059.2517 356.0928 00.37782896002513
0 OGO 1
1   879U 64054A   03196.70833333 +.00000000 +00000-0 +00000-0 0  9992
2   879 042.9862 117.5939 7410555 059.1767 353.1092 00.37810153002513
0 OGO 1
1   879U 64054A   03199.41666667 +.00000000 +00000-0 +00000-0 0  9997
2   879 042.9319 117.4443 7429567 059.4322 001.1095 00.37807051002518
0 OGO 1
1   879U 64054A   03202.04166667 +.00000000 +00000-0 +00000-0 0  9996
2   879 042.8523 117.2136 7431857 059.6579 358.1205 00.37792170002515
0 OGO 1
1   879U 64054A   03204.66666667 +.00000000 +00000-0 +00000-0 0  9991
2   879 042.8519 117.1453 7434780 059.6908 355.3532 00.37786088002518
0 OGO 1
1   879U 64054A   03207.29166667 +.00000000 +00000-0 +00000-0 0  9998
2   879 042.8969 117.2013 7444245 059.6306 352.5456 00.37790733002515
0 OGO 1
1   879U 64054A   03209.91666667 +.00000000 +00000-0 +00000-0 0  9994
2   879 042.9426 117.2765 7458529 059.6094 349.5656 00.37800830002510
0 OGO 1
1   879U 64054A   03212.62500000 +.00000000 +00000-0 +00000-0 0  9994
2   879 042.9482 117.2686 7472013 059.7054 357.7683 00.37804830002510
0 OGO 1
1   879U 64054A   03215.25000000 +.00000000 +00000-0 +00000-0 0  9991
2   879 042.9053 117.1432 7478713 059.8923 354.6192 00.37800341002515
0 OGO 1
1   879U 64054A   03217.87500000 +.00000000 +00000-0 +00000-0 0  9996
2   879 042.8545 116.9748 7478939 060.0529 351.6552 00.37788575002514
0 OGO 1
1   879U 64054A   03220.58333333 +.00000000 +00000-0 +00000-0 0  9991
2   879 042.8568 116.9285 7483475 060.0454 000.2457 00.37777317002516
0 OGO 1
1   879U 64054A   03223.20833333 +.00000000 +00000-0 +00000-0 0  9998
2   879 042.9261 117.0376 7503426 059.9683 357.3814 00.37796317002514
0 OGO 1
1   879U 64054A   03225.83333333 +.00000000 +00000-0 +00000-0 0  9994
2   879 042.9038 116.9578 7528017 060.1723 354.0121 00.37816646002513
0 OGO 1
1   879U 64054A   03228.50000000 +.00000000 +00000-0 +00000-0 0  9993
2   879 042.7855 116.6439 7533931 060.5213 356.5012 00.37799745002516
0 OGO 1
1   879U 64054A   03231.12500000 +.00000000 +00000-0 +00000-0 0  9990
2   879 042.7332 116.4628 7534627 060.6709 353.6477 00.37789017002512
0 OGO 1
1   879U 64054A   03233.79166667 +.00000000 +00000-0 +00000-0 0  9992
2   879 042.7446 116.4382 7540988 060.6902 356.4951 00.37790053002517
0 OGO 1
1   879U 64054A   03236.41666667 +.00000000 +00000-0 +00000-0 0  9999
2   879 042.7704 116.4691 7552994 060.6982 353.5377 00.37797248002518
0 OGO 1
1   879U 64054A   03239.08333333 +.00000000 +00000-0 +00000-0 0  9996
2   879 042.7675 116.4424 7565969 060.8078 356.0737 00.37806385002514
0 OGO 1
1   879U 64054A   03241.75000000 +.00000000 +00000-0 +00000-0 0  9995
2   879 042.7120 116.2851 7573619 061.0432 358.5369 00.37804705002511
0 OGO 1
1   879U 64054A   03244.37500000 +.00000000 +00000-0 +00000-0 0  9991
2   879 042.6320 116.0453 7573034 061.2917 355.4720 00.37794256002515
0 OGO 1
1   879U 64054A   03247.00000000 +.00000000 +00000-0 +00000-0 0  9999
2   879 042.5902 115.8820 7572005 061.4054 352.6630 00.37782412002516
0 OGO 1
1   879U 64054A   03249.66666667 +.00000000 +00000-0 +00000-0 0  9990
2   879 042.6237 115.9006 7583998 061.3767 355.5453 00.37788799002517
0 OGO 1
1   879U 64054A   03252.33333333 +.00000000 +00000-0 +00000-0 0  9999
2   879 042.6250 115.8659 7607599 061.5099 357.9875 00.37815614002510
0 OGO 1
1   879U 64054A   03255.00000000 +.00000000 +00000-0 +00000-0 0  9998
2   879 042.4909 115.5032 7616690 061.9248 000.3477 00.37806281002510
0 OGO 1
1   879U 64054A   03257.62500000 +.00000000 +00000-0 +00000-0 0  9993
2   879 042.3925 115.1950 7614052 062.1967 357.4263 00.37791728002511
0 OGO 1
1   879U 64054A   03260.29166667 +.00000000 +00000-0 +00000-0 0  9997
2   879 042.3690 115.0730 7615030 062.2794 000.3011 00.37787605002515
0 OGO 1
1   879U 64054A   03262.91666667 +.00000000 +00000-0 +00000-0 0  9993
2   879 042.3755 115.0467 7622080 062.3116 357.4198 00.37793294002519
0 OGO 1
1   879U 64054A   03265.54166667 +.00000000 +00000-0 +00000-0 0  9990
2   879 042.3655 115.0010 7632044 062.4067 354.3750 00.37803645002511
0 OGO 1
1   879U 64054A   03268.16666667 +.00000000 +00000-0 +00000-0 0  9996
2   879 042.3148 114.8401 7638854 062.6301 351.2057 00.37806179002518
0 OGO 1
1   879U 64054A   03270.83333333 +.00000000 +00000-0 +00000-0 0  9994
2   879 042.2234 114.5575 7637275 062.9255 353.7750 00.37795964002515
0 OGO 1
1   879U 64054A   03273.50000000 +.00000000 +00000-0 +00000-0 0  9993
2   879 042.1534 114.3004 7631047 063.1211 356.6108 00.37782815002518
0 OGO 1
1   879U 64054A   03276.16666667 +.00000000 +00000-0 +00000-0 0  9995
2   879 042.1589 114.2298 7634509 063.1331 359.5924 00.37785228002510
0 OGO 1
1   879U 64054A   03278.79166667 +.00000000 +00000-0 +00000-0 0  9991
2   879 042.1796 114.2259 7653594 063.1809 356.5790 00.37807839002513
0 OGO 1
1   879U 64054A   03281.45833333 +.00000000 +00000-0 +00000-0 0  9999
2   879 042.0757 113.9077 7665073 063.5548 358.9453 00.37809750002518
0 OGO 1
1   879U 64054A   03284.08333333 +.00000000 +00000-0 +00000-0 0  9996
2   879 041.9600 113.5246 7660515 063.8967 355.9859 00.37792076002510
0 OGO 1
1   879U 64054A   03286.75000000 +.00000000 +00000-0 +00000-0 0  9994
2   879 041.9200 113.3316 7656261 064.0191 358.9232 00.37786203002510
0 OGO 1
1   879U 64054A   03289.37500000 +.00000000 +00000-0 +00000-0 0  9990
2   879 041.9249 113.2730 7658615 064.0416 356.1585 00.37787771002519
0 OGO 1
1   879U 64054A   03292.04166667 +.00000000 +00000-0 +00000-0 0  9995
2   879 041.9299 113.2387 7665142 064.0880 358.9171 00.37796535002519
0 OGO 1
1   879U 64054A   03294.66666667 +.00000000 +00000-0 +00000-0 0  9990
2   879 041.9039 113.1239 7670962 064.2393 355.8640 00.37803043002513
0 OGO 1
1   879U 64054A   03297.33333333 +.00000000 +00000-0 +00000-0 0  9998
2   879 041.8378 112.8766 7669985 064.5000 358.4607 00.37800585002510
0 OGO 1
1   879U 64054A   03299.95833333 +.00000000 +00000-0 +00000-0 0  9993
2   879 041.7672 112.5896 7661639 064.7224 355.6012 00.37785194002512
0 OGO 1
1   879U 64054A   03302.58333333 +.00000000 +00000-0 +00000-0 0  9992
2   879 041.7621 112.4713 7658535 064.7398 353.0042 00.37774513002514
0 OGO 1
1   879U 64054A   03305.25000000 +.00000000 +00000-0 +00000-0 0  9991
2   879 041.8088 112.5217 7673241 064.6779 355.8876 00.37794986002516
0 OGO 1
1   879U 64054A   03310.58333333 +.00000000 +00000-0 +00000-0 0  9991
2   879 041.6502 111.9365 7685873 065.2768 001.0075 00.37794456002514
0 OGO 1
1   879U 64054A   03313.20833333 +.00000000 +00000-0 +00000-0 0  9998
2   879 041.6110 111.7225 7679698 065.4022 358.3149 00.37783403002515
0 OGO 1
1   879U 64054A   03315.83333333 +.00000000 +00000-0 +00000-0 0  9994
2   879 041.6283 111.6863 7679917 065.3734 355.6497 00.37783560002516
0 OGO 1
1   879U 64054A   03318.50000000 +.00000000 +00000-0 +00000-0 0  9993
2   879 041.6512 111.7031 7685762 065.3426 358.5209 00.37790542002513
0 OGO 1
1   879U 64054A   03321.12500000 +.00000000 +00000-0 +00000-0 0  9990
2   879 041.6594 111.6748 7692839 065.3897 355.5737 00.37797141002517
0 OGO 1
1   879U 64054A   03323.79166667 +.00000000 +00000-0 +00000-0 0  9992
2   879 041.6320 111.5317 7695443 065.5492 358.2231 00.37799280002517
0 OGO 1
1   879U 64054A   03326.50000000 +.00000000 +00000-0 +00000-0 0  9992
2   879 041.5819 111.3038 7690320 065.7372 006.6509 00.37789341002514
0 OGO 1
1   879U 64054A   03329.12500000 +.00000000 +00000-0 +00000-0 0  9998
2   879 041.5709 111.1602 7684633 065.7739 004.0265 00.37771521002516
0 OGO 1
1   879U 64054A   03334.37500000 +.00000000 +00000-0 +00000-0 0  9991
2   879 041.6495 111.2294 7717491 065.6933 358.3268 00.37810808002511
0 OGO 1
1 00879U 64054A   03334.41666667  .00000000  00000-0  00000+0 0  9997
2 00879 041.6523 111.2270 7717524 065.6998 003.9974 00.37808324  2512
0 OGO 1
1   879U 64054A   03337.00000000 +.00000000 +00000-0 +00000-0 0  9999
2   879 041.5613 110.9015 7722028 066.0145 355.2344 00.37796929002519
0 OGO 1
1   879U 64054A   03339.62500000 +.00000000 +00000-0 +00000-0 0  9994
2   879 041.5227 110.6830 7717912 066.1570 352.5076 00.37783160002516
0 OGO 1
1   879U 64054A   03342.25000000 +.00000000 +00000-0 +00000-0 0  9992
2   879 041.5503 110.6704 7719027 066.0997 349.8723 00.37782771002519
0 OGO 1
1   879U 64054A   03347.58333333 +.00000000 +00000-0 +00000-0 0  9991
2   879 041.6389 110.7803 7737902 065.9996 355.5542 00.37793686002512
0 OGO 1
1   879U 64054A   03350.20833333 +.00000000 +00000-0 +00000-0 0  9999
2   879 041.6400 110.7339 7745904 066.0795 352.5387 00.37798645002514
0 OGO 1
1   879U 64054A   03352.87500000 +.00000000 +00000-0 +00000-0 0  9996
2   879 041.6114 110.5805 7747308 066.2294 355.2293 00.37792698002516
0 OGO 1
1   879U 64054A   03355.54166667 +.00000000 +00000-0 +00000-0 0  9990
2   879 041.5924 110.4385 7744224 066.3008 358.1391 00.37777681002510
0 OGO 1
1   879U 64054A   03358.16666667 +.00000000 +00000-0 +00000-0 0  9996
2   879 041.6454 110.4967 7751027 066.1665 355.5801 00.37776737002519
0 OGO 1
1   879U 64054A   03360.83333333 +.00000000 +00000-0 +00000-0 0  9994
2   879 041.7058 110.6241 7778163 066.0938 358.3030 00.37806268002517
0 OGO 1
1   879U 64054A   03363.50000000 +.00000000 +00000-0 +00000-0 0  9993
2   879 041.6376 110.3649 7793978 066.3989 000.7104 00.37804742002513
0 OGO 1
1   879U 64054A   04001.12500000 +.00000000 +00000-0 +00000-0 0  9996
2   879 041.5790 110.1057 7794281 066.6114 357.8394 00.37788059002513
0 OGO 1
1   879U 64054A   04003.79166667 +.00000000 +00000-0 +00000-0 0  9998
2   879 041.6019 110.0977 7796577 066.5498 000.8132 00.37782401002512
0 OGO 1
1   879U 64054A   04006.41666667 +.00000000 +00000-0 +00000-0 0  9995
2   879 041.6508 110.1879 7806608 066.4495 358.0467 00.37786528002513
0 OGO 1
1   879U 64054A   04009.08333333 +.00000000 +00000-0 +00000-0 0  9992
2   879 041.6952 110.2682 7820277 066.3981 000.7816 00.37795883002519
0 OGO 1
1   879U 64054A   04011.70833333 +.00000000 +00000-0 +00000-0 0  9999
2   879 041.7034 110.2602 7833007 066.4642 357.7086 00.37800810002514
0 OGO 1
1   879U 64054A   04017.00000000 +.00000000 +00000-0 +00000-0 0  9995
2   879 041.6392 109.9507 7840227 066.7833 357.3677 00.37786640002512
0 OGO 1
1   879U 64054A   04019.62500000 +.00000000 +00000-0 +00000-0 0  9990
2   879 041.6523 109.9083 7844167 066.7674 354.6788 00.37775516002510
0 OGO 1
1   879U 64054A   04022.25000000 +.00000000 +00000-0 +00000-0 0  9998
2   879 041.7228 110.0597 7866772 066.6351 351.8710 00.37799013002515
0 OGO 1
1   879U 64054A   04024.87500000 +.00000000 +00000-0 +00000-0 0  9993
2   879 041.6825 109.8997 7893372 066.8812 348.4969 00.37814351002518
0 OGO 1
1   879U 64054A   04027.54166667 +.00000000 +00000-0 +00000-0 0  9997
2   879 041.5817 109.5218 7898025 067.2488 351.0782 00.37795912002519
0 OGO 1
1   879U 64054A   04030.25000000 +.00000000 +00000-0 +00000-0 0  9997
2   879 041.5574 109.3606 7900232 067.3661 359.6188 00.37785805002510
0 OGO 1
1   879U 64054A   04032.87500000 +.00000000 +00000-0 +00000-0 0  9992
2   879 041.5813 109.3802 7909050 067.3394 356.8089 00.37786375002516
0 OGO 1
1   879U 64054A   04035.54166667 +.00000000 +00000-0 +00000-0 0  9996
2   879 041.6076 109.4318 7922681 067.3273 359.5196 00.37796375002512
0 OGO 1
1   879U 64054A   04038.16666667 +.00000000 +00000-0 +00000-0 0  9992
2   879 041.6056 109.4009 7936592 067.4272 356.4018 00.37803390002518
0 OGO 1
1   879U 64054A   04040.83333333 +.00000000 +00000-0 +00000-0 0  9990
2   879 041.5638 109.2310 7945057 067.6502 358.8982 00.37803406002514
0 OGO 1
1   879U 64054A   04043.50000000 +.00000000 +00000-0 +00000-0 0  9999
2   879 041.5000 108.9783 7945951 067.9134 001.5134 00.37794256002517
0 OGO 1
1   879U 64054A   04046.12500000 +.00000000 +00000-0 +00000-0 0  9995
2   879 041.4713 108.8051 7946441 068.0377 358.6978 00.37780180002513
0 OGO 1
1   879U 64054A   04048.75000000 +.00000000 +00000-0 +00000-0 0  9991
2   879 041.5033 108.8420 7960245 067.9881 355.9425 00.37784650002518
0 OGO 1
1   879U 64054A   04051.41666667 +.00000000 +00000-0 +00000-0 0  9995
2   879 041.4989 108.7771 7987903 068.1338 358.3710 00.37815224002511
0 OGO 1
1   879U 64054A   04054.04166667 +.00000000 +00000-0 +00000-0 0  9992
2   879 041.3696 108.2888 7996903 068.6348 355.0712 00.37805124002519
0 OGO 1
1   879U 64054A   04056.66666667 +.00000000 +00000-0 +00000-0 0  9997
2   879 041.2958 107.9558 7995555 068.9184 352.1896 00.37790494002516
0 OGO 1
1   879U 64054A   04059.33333333 +.00000000 +00000-0 +00000-0 0  9995
2   879 041.2932 107.8577 7999098 068.9837 355.0514 00.37788945002516
0 OGO 1
1   879U 64054A   04061.95833333 +.00000000 +00000-0 +00000-0 0  9991
2   879 041.3003 107.8371 8008646 069.0227 352.1319 00.37796751002519
0 OGO 1
1   879U 64054A   04064.66666667 +.00000000 +00000-0 +00000-0 0  9996
2   879 041.2883 107.7655 8020031 069.1502 000.3916 00.37802461002518
0 OGO 1
1   879U 64054A   04067.29166667 +.00000000 +00000-0 +00000-0 0  9993
2   879 041.2393 107.5562 8027499 069.4078 357.2130 00.37804869002511
0 OGO 1
1   879U 64054A   04069.91666667 +.00000000 +00000-0 +00000-0 0  9999
2   879 041.1660 107.2259 8026958 069.7385 354.1053 00.37799255002512
0 OGO 1
1   879U 64054A   04072.62500000 +.00000000 +00000-0 +00000-0 0  9999
2   879 041.1098 106.9346 8022460 069.9642 002.5729 00.37784455002512
0 OGO 1
1   879U 64054A   04075.25000000 +.00000000 +00000-0 +00000-0 0  9996
2   879 041.1111 106.8473 8027012 069.9998 359.8618 00.37781741002510
0 OGO 1
1   879U 64054A   04077.87500000 +.00000000 +00000-0 +00000-0 0  9991
2   879 041.1183 106.8164 8048487 070.0720 356.8425 00.37805264002511
0 OGO 1
1   879U 64054A   04083.20833333 +.00000000 +00000-0 +00000-0 0  9993
2   879 040.9064 105.8524 8056369 070.9937 001.8709 00.37792791002514
0 OGO 1
1   879U 64054A   04085.83333333 +.00000000 +00000-0 +00000-0 0  9999
2   879 040.8774 105.6422 8053866 071.1416 359.1139 00.37787077002517
0 OGO 1
1   879U 64054A   04088.45833333 +.00000000 +00000-0 +00000-0 0  9995
2   879 040.8792 105.5732 8058027 071.1923 356.2924 00.37791180002517
0 OGO 1
1   879U 64054A   04091.12500000 +.00000000 +00000-0 +00000-0 0  9995
2   879 040.8730 105.4952 8065551 071.2896 358.9906 00.37798239002513
0 OGO 1
1   879U 64054A   04093.75000000 +.00000000 +00000-0 +00000-0 0  9991
2   879 040.8432 105.3210 8071198 071.5016 355.8931 00.37804046002517
0 OGO 1
1   879U 64054A   04096.41666667 +.00000000 +00000-0 +00000-0 0  9994
2   879 040.7802 104.9934 8069958 071.8269 358.4672 00.37798839002512
0 OGO 1
1   879U 64054A   04099.04166667 +.00000000 +00000-0 +00000-0 0  9991
2   879 040.7216 104.6413 8061883 072.1143 355.5759 00.37786344002516
0 OGO 1
1   879U 64054A   04102.45833333 +.00000000 +00000-0 +00000-0 0  9992
2   879 040.7288 104.4822 8059475 072.1658 100.5864 00.37773398002512
0 OGO 1
1   879U 64054A   04105.12500000 +.00000000 +00000-0 +00000-0 0  9991
2   879 040.7234 104.4645 8075649 072.1973 103.3716 00.37744360002511
0 OGO 1
1   879U 64054A   04107.00000000 +.00000000 +00000-0 +00000-0 0  9995
2   879 040.6742 104.1502 8089250 072.5206 358.2050 00.37811519002512
0 OGO 1
1   879U 64054A   04109.62500000 +.00000000 +00000-0 +00000-0 0  9990
2   879 040.5761 103.6113 8084767 072.9945 355.1938 00.37795496002512
0 OGO 1
1   879U 64054A   04112.29166667 +.00000000 +00000-0 +00000-0 0  9994
2   879 040.5465 103.3431 8078192 073.1749 358.1628 00.37783837002518
0 OGO 1
1   879U 64054A   04114.91666667 +.00000000 +00000-0 +00000-0 0  9990
2   879 040.5556 103.2800 8078616 073.1874 355.4589 00.37785869002511
0 OGO 1
1   879U 64054A   04117.58333333 +.00000000 +00000-0 +00000-0 0  9997
2   879 040.5679 103.2544 8084041 073.2063 358.2860 00.37793116002519
0 OGO 1
1   879U 64054A   04120.20833333 +.00000000 +00000-0 +00000-0 0  9995
2   879 040.5602 103.1517 8089636 073.3233 355.3066 00.37799231002519
0 OGO 1
1   879U 64054A   04122.87500000 +.00000000 +00000-0 +00000-0 0  9992
2   879 040.5278 102.9228 8090262 073.5547 357.9408 00.37799638002510
0 OGO 1
1   879U 64054A   04125.50000000 +.00000000 +00000-0 +00000-0 0  9990
2   879 040.4851 102.6061 8083289 073.8166 355.0290 00.37787523002517
0 OGO 1
1   879U 64054A   04128.16666667 +.00000000 +00000-0 +00000-0 0  9992
2   879 040.4745 102.4133 8076287 073.9025 358.0646 00.37772671002518
0 OGO 1
1   879U 64054A   04130.79166667 +.00000000 +00000-0 +00000-0 0  9999
2   879 040.5146 102.4691 8085698 073.7920 355.4621 00.37787595002516
0 OGO 1
1 00879U 64054A   04133.45833333  .00000000  00000-0  00000+0 0  9995
2 00879  40.5030 102.3274 8106236  73.9530 358.0208  0.37810041  2518
0 OGO 1
1 00879U 64054A   04136.12500000  .00000000  00000-0  00000+0 0  9994
2 00879  40.4215 101.8332 8107092  74.3999   0.6150  0.37798320  2517
0 OGO 1
1 00879U 64054A   04138.75000000  .00000000  00000-0  00000+0 0  9990
2 00879  40.3935 101.5478 8100495  74.5924 357.9137  0.37782445  2517
0 OGO 1
1 00879U 64054A   04141.41666667  .00000000  00000-0  00000+0 0  9994
2 00879  40.4126 101.5143 8100188  74.5615   0.9489  0.37782637  2513
0 OGO 1
1 00879U 64054A   04144.04166667  .00000000  00000-0  00000+0 0  9991
2 00879  40.4433 101.5647 8106509  74.4925 358.1946  0.37788151  2512
0 OGO 1
1 00879U 64054A   04146.66666667  .00000000  00000-0  00000+0 0  9996
2 00879  40.4581 101.5645 8114509  74.5044 355.2903  0.37796108  2518
0 OGO 1
1 00879U 64054A   04149.33333333  .00000000  00000-0  00000+0 0  9994
2 00879  40.4498 101.4563 8119500  74.6308 357.9610  0.37798127  2510
0 OGO 1
1 00879U 64054A   04151.95833333  .00000000  00000-0  00000+0 0  9990
2 00879  40.4233 101.2272 8117634  74.8330 355.0083  0.37790386  2517
0 OGO 1
1 00879U 64054A   04154.62500000  .00000000  00000-0  00000+0 0  9999
2 00879  40.4113 101.0293 8111503  74.9478 357.9527  0.37775365  2512
0 OGO 1
1 00879U 64054A   04157.25000000  .00000000  00000-0  00000+0 0  9996
2 00879  40.4512 101.0673 8117070  74.8267 355.4257  0.37769876  2510
0 OGO 1
1 00879U 64054A   04159.91666667  .00000000  00000-0  00000+0 0  9998
2 00879  40.4822 101.1280 8141932  74.7844 358.1609  0.37802284  2515
0 OGO 1
1 00879U 64054A   04162.58333333  .00000000  00000-0  00000+0 0  9996
2 00879  40.4151 100.7060 8152684  75.1917   0.6311  0.37801827  2514
0 OGO 1
1 00879U 64054A   04165.20833333  .00000000  00000-0  00000+0 0  9993
2 00879  40.3784 100.3820 8149168  75.4375 357.8387  0.37784470  2513
0 OGO 1
1 00879U 64054A   04167.87500000  .00000000  00000-0  00000+0 0  9990
2 00879  40.3965 100.3444 8150096  75.4128   0.8625  0.37780704  2510
0 OGO 1
1 00879U 64054A   04170.50000000  .00000000  00000-0  00000+0 0  9999
2 00879  40.4340 100.4381 8158458  75.3056 358.1237  0.37786014  2516
0 OGO 1
1   879U 64054A   04173.16666667 +.00000000 +00000-0 +00000-0 0  9992
2   879 040.4581 100.5040 8170109 075.2635 000.8990 00.37790602002510
0 OGO 1
1 00879U 64054A   04175.79166667  .00000000  00000-0  00000+0 0  9997
2 00879  40.4604 100.4585 8179662  75.3394 357.8874  0.37796823  2512
0 OGO 1
1 00879U 64054A   04178.45833333  .00000000  00000-0  00000+0 0  9994
2 00879  40.4415 100.2868 8183464  75.5163   0.5375  0.37795793  2518
0 OGO 1
1 00879U 64054A   04181.08333333  .00000000  00000-0  00000+0 0  9992
2 00879  40.4236 100.0829 8181448  75.6725 357.6750  0.37783671  2514
0 OGO 1
1 00879U 64054A   04183.75000000  .00000000  00000-0  00000+0 0  9990
2 00879  40.4453 100.0590 8183704  75.6241   0.7292  0.37771128  2511
0 OGO 1
1 00879U 64054A   04189.04166667  .00000000  00000-0  00000+0 0  9990
2 00879  40.4468  99.9036 8229735  75.8080   0.3457  0.37809983  2516
0 OGO 1
1 00879U 64054A   04191.66666667  .00000000  00000-0  00000+0 0  9996
2 00879  40.3810  99.4553 8230682  76.1994 357.3771  0.37790467  2516
0 OGO 1
1 00879U 64054A   04194.29166667  .00000000  00000-0  00000+0 0  9993
2 00879  40.3816  99.3361 8232109  76.2630 354.6664  0.37783413  2516
0 OGO 1
1 00879U 64054A   04196.95833333  .00000000  00000-0  00000+0 0  9999
2 00879  40.4086  99.3976 8240984  76.1914 357.5762  0.37786663  2513
0 OGO 1
1 00879U 64054A   04199.58333333  .00000000  00000-0  00000+0 0  9996
2 00879  40.4370  99.4757 8254624  76.1410 354.6559  0.37796772  2518
0 OGO 1
1 00879U 64054A   04204.91666667  .00000000  00000-0  00000+0 0  9999
2 00879  40.4176  99.2816 8274996  76.4121 359.8396  0.37799378  2513
0 OGO 1
1 00879U 64054A   04207.54166667  .00000000  00000-0  00000+0 0  9996
2 00879  40.3881  99.0310 8275956  76.6443 356.8450  0.37791719  2517
0 OGO 1
1 00879U 64054A   04210.16666667  .00000000  00000-0  00000+0 0  9993
2 00879  40.3806  98.8741 8276348  76.7446 354.0798  0.37776341  2518
0 OGO 1
1 00879U 64054A   04212.87500000  .00000000  00000-0  00000+0 0  9991
2 00879  40.4056  98.9463 8291608  76.6571   2.7274  0.37779124  2510
0 OGO 1
1 00879U 64054A   04215.50000000  .00000000  00000-0  00000+0 0  9999
2 00879  40.3895  98.7956 8321022  76.8513 359.4970  0.37817324  2517
0 OGO 1
1 00879U 64054A   04218.16666667  .00000000  00000-0  00000+0 0  9991
2 00879  40.2989  98.1857 8327642  77.4218   1.9542  0.37799321  2517
0 OGO 1
1   879U 64054A   04220.79166667 +.00000000 +00000-0 +00000-0 0  9999
2   879 040.2721 097.8871 8327321 077.6598 359.1427 00.37785701002517
0 OGO 1
1 00879U 64054A   04220.79166667  .00000000  00000-0  00000+0 0  9998
2 00879 040.2721 097.8871 8327321 077.6598 359.1427 00.37785701  2517
0 OGO 1
1   879U 64054A   04223.41666667 +.00000000 +00000-0 +00000-0 0  9996
2   879 040.2808 097.8461 8333825 077.6821 356.3559 00.37784478002518
0 OGO 1
1   879U 64054A   04226.04166667 +.00000000 +00000-0 +00000-0 0  9993
2   879 040.2896 097.8596 8345683 077.6927 353.4338 00.37794321002517
0 OGO 1
1 00879U 64054A   04228.66666667  .00000000  00000-0  00000+0 0  9997
2 00879 040.2826 097.7796 8358140 077.8175 350.3534 00.37801620  2515
0 OGO 1
1 00879U 64054A   04231.33333333  .00000000  00000-0  00000+0 0  9996
2 00879 040.2537 097.5501 8366238 078.0795 352.8659 00.37803407  2514
0 OGO 1
1 00879U 64054A   04234.00000000  .00000000  00000-0  00000+0 0  9995
2 00879 040.2118 097.2077 8367526 078.4133 355.4478 00.37796092  2514
0 OGO 1
1 00879U 64054A   04236.66666667  .00000000  00000-0  00000+0 0  9996
2 00879 040.1858 096.9142 8365221 078.6554 358.2323 00.37784043  2515
0 OGO 1
1 00879U 64054A   04239.29166667  .00000000  00000-0  00000+0 0  9993
2 00879 040.1916 096.8364 8371570 078.6894 355.5202 00.37778602  2516
0 OGO 1
1 00879U 64054A   04241.95833333  .00000000  00000-0  00000+0 0  9990
2 00879 040.1948 096.7562 8396502 078.7958 358.1744 00.37807589  2511
0 OGO 1
1 00879U 64054A   04244.62500000  .00000000  00000-0  00000+0 0  9999
2 00879 040.1088 096.0816 8409665 079.4448 000.4575 00.37809692  2514
0 OGO 1
1 00879U 64054A   04247.25000000  .00000000  00000-0  00000+0 0  9996
2 00879 040.0531 095.5382 8405886 079.9100 357.5322 00.37789639  2513
0 OGO 1
1 00879U 64054A   04249.87500000  .00000000  00000-0  00000+0 0  9991
2 00879 040.0485 095.3519 8406798 080.0512 354.7571 00.37788273  2512
0 OGO 1
1 00879U 64054A   04252.54166667  .00000000  00000-0  00000+0 0  9996
2 00879 040.0510 095.2813 8414304 080.1214 357.5456 00.37793432  2515
0 OGO 1
1 00879U 64054A   04255.16666667  .00000000  00000-0  00000+0 0  9992
2 00879 040.0430 095.1555 8423961 080.2754 354.5111 00.37800585  2510
0 OGO 1
1 00879U 64054A   04257.79166667  .00000000  00000-0  00000+0 0  9998
2 00879 040.0181 094.8889 8430426 080.5657 351.3715 00.37804934  2515
0 OGO 1
1 00879U 64054A   04260.50000000  .00000000  00000-0  00000+0 0  9999
2 00879 039.9807 094.4871 8430092 080.9561 359.5944 00.37800045  2514
0 OGO 1
1 00879U 64054A   04263.12500000 +.00000000 +00000-0 +00000-0 0  9996
2 00879 039.9496 094.0893 8424150 081.2967 356.6624 00.37787460002518
0 OGO 1
1 00879U 64054A   04265.75000000  .00000000  00000-0  00000+0 0  9991
2 00879 039.9462 093.8826 8422585 081.4345 353.9525 00.37779947  2517
0 OGO 1
1 00879U 64054A   04268.45833333  .00000000  00000-0  00000+0 0  9994
2 00879 039.9533 093.8114 8438036 081.4928 002.4690 00.37798029  2512
0 OGO 1
1 00879U 64054A   04271.08333333  .00000000  00000-0  00000+0 0  9992
2 00879 039.9022 093.2631 8455059 082.0242 359.1496 00.37815311  2513
0 OGO 1
1 00879U 64054A   04273.75000000  .00000000  00000-0  00000+0 0  9990
2 00879 039.8467 092.5366 8449473 082.6572 001.7872 00.37794427  2519
0 OGO 1
1 00879U 64054A   04276.37500000  .00000000  00000-0  00000+0 0  9996
2 00879 039.8365 092.2167 8444049 082.8978 359.0597 00.37786080  2517
0 OGO 1
1 00879U 64054A   04276.37638889  .00000000  00000-0  00000+0 0  9993
2 00879 039.8365 092.2166 8444049 082.8978 359.2486 00.37786080  2515
0 OGO 1
1 00879U 64054A   04279.00000000  .00000000  00000-0  00000+0 0  9994
2 00879 039.8435 092.1077 8446313 082.9743 356.2853 00.37788986  2512
0 OGO 1
1 00879U 64054A   04281.66666667  .00000000  00000-0  00000+0 0  9996
2 00879 039.8438 091.9928 8452419 083.0913 359.0319 00.37793939  2514
0 OGO 1
1 00879U 64054A   04284.29166667  .00000000  00000-0  00000+0 0  9993
2 00879 039.8333 091.7626 8457075 083.3311 355.9845 00.37801067  2510
0 OGO 1
1 00879U 64054A   04286.95833333  .00000000  00000-0  00000+0 0  9999
2 00879 039.8135 091.3927 8455862 083.6867 358.5760 00.37801401  2518
0 OGO 1
1 00879U 64054A   04289.62500000  .00000000  00000-0  00000+0 0  9998
2 00879 039.7961 090.9720 8447743 084.0470 001.2999 00.37789996  2514
0 OGO 1
1 00879U 64054A   04292.25000000  .00000000  00000-0  00000+0 0  9996
2 00879 039.7978 090.7113 8440398 084.2174 358.6113 00.37776268  2513
0 OGO 1
1 00879U 64054A   04294.91666667  .00000000  00000-0  00000+0 0  9998
2 00879 039.8129 090.6662 8448270 084.2122 001.6255 00.37782392  2517
0 OGO 1
1 00879U 64054A   04297.54166667  .00000000  00000-0  00000+0 0  9995
2 00879 039.7956 090.3234 8466233 084.5362 358.5039 00.37810387  2514
0 OGO 1
1 00879U 64054A   04301.50000000  .00000000  00000-0  00000+0 0  9995
2 00879 039.7525 089.6277 8463750 085.1460 176.7334 00.37778533  2515
0 OGO 1
1 00879U 64054A   04302.83333333  .00000000  00000-0  00000+0 0  9990
2 00879 039.7611 089.1966 8454416 085.4704 358.3566 00.37782450  2512
0 OGO 1
1 00879U 64054A   04305.45833333  .00000000  00000-0  00000+0 0  9996
2 00879 039.7769 089.1062 8453132 085.5016 355.6935 00.37783650  2517
0 OGO 1
1 00879U 64054A   04308.12500000  .00000000  00000-0  00000+0 0  9995
2 00879 039.7890 089.0686 8457789 085.5215 358.5633 00.37788672  2512
0 OGO 1
1 00879U 64054A   04310.75000000  .00000000  00000-0  00000+0 0  9992
2 00879 039.7933 088.9461 8462856 085.6429 355.6267 00.37795355  2515
0 OGO 1
1 00879U 64054A   04313.41666667  .00000000  00000-0  00000+0 0  9995
2 00879 039.7911 088.6949 8463783 085.8830 358.2891 00.37798541  2519
0 OGO 1
1 00879U 64054A   04316.04166667  .00000000  00000-0  00000+0 0  9992
2 00879 039.7870 088.3566 8457934 086.1727 355.3479 00.37790205  2514
0 OGO 1
1 00879U 64054A   04318.70833333  .00000000  00000-0  00000+0 0  9998
2 00879 039.7951 088.0984 8448892 086.3407 358.3101 00.37775984  2517
0 OGO 1
1 00879U 64054A   04321.37500000  .00000000  00000-0  00000+0 0  9997
2 00879 039.8156 088.0911 8451739 086.2719 001.4475 00.37775229  2516
0 OGO 1
1 00879U 64054A   04326.62500000  .00000000  00000-0  00000+0 0  9990
2 00879 039.8042 087.3613 8477356 086.9090 355.3975 00.37798941  2515
0 OGO 1
1 00879U 64054A   04329.25000000  .00000000  00000-0  00000+0 0  9997
2 00879 039.8080 086.9418 8469424 087.2253 352.6603 00.37781581  2517
0 OGO 1
1 00879U 64054A   04331.91666667  .00000000  00000-0  00000+0 0  9990
2 00879 039.8276 086.8756 8467810 087.2214 355.7305 00.37780187  2516
0 OGO 1
1 00879U 64054A   04334.58333333  .00000000  00000-0  00000+0 0  9997
2 00879 039.8440 086.9245 8473883 087.1492 358.6926 00.37787163  2519
0 OGO 1
1 00879U 64054A   04337.20833333  .00000000  00000-0  00000+0 0  9994
2 00879 039.8535 086.9181 8482297 087.1569 355.8319 00.37795441  2510
0 OGO 1
1 00879U 64054A   04339.87500000  .00000000  00000-0  00000+0 0  9991
2 00879 039.8563 086.7838 8488032 087.2908 358.5397 00.37795859  2518
0 OGO 1
1 00879U 64054A   04342.54166667  .00000000  00000-0  00000+0 0  9996
2 00879 039.8588 086.5445 8487979 087.5049 001.2539 00.37794040  2516
0 OGO 1
1 00879U 64054A   04345.12500000  .00000000  00000-0  00000+0 0  9996
2 00879 039.8648 086.3062 8482653 087.6747 352.7926 00.37780529  2517
0 OGO 1
1 00879U 64054A   04347.75000000  .00000000  00000-0  00000+0 0  9992
2 00879 039.8822 086.2727 8482868 087.6266 350.2502 00.37770100  2519
0 OGO 1
1 00879U 64054A   04350.41666667  .00000000  00000-0  00000+0 0  9996
2 00879 039.8977 086.3444 8503821 087.5288 353.2171 00.37797379  2515
0 OGO 1
1 00879U 64054A   04353.12500000  .00000000  00000-0  00000+0 0  9995
2 00879 039.8914 085.8309 8521314 087.9942 001.3384 00.37807436  2511
0 OGO 1
1 00879U 64054A   04355.75000000  .00000000  00000-0  00000+0 0  9991
2 00879 039.8910 085.3256 8518327 088.4053 358.4652 00.37786021  2512
0 OGO 1
1 00879U 64054A   04358.41666667  .00000000  00000-0  00000+0 0  9994
2 00879 039.9037 085.2213 8518263 088.4449 001.4948 00.37779239  2519
0 OGO 1
1 00879U 64054A   04363.70833333  .00000000  00000-0  00000+0 0  9998
2 00879 039.9241 085.3267 8538787 088.3325 001.5935 00.37792459  2517
0 OGO 1
1 00879U 64054A   04366.29166667  .00000000  00000-0  00000+0 0  9994
2 00879 039.9237 085.2400 8549409 088.4388 352.9271 00.37800379  2510
0 OGO 1
1 00879U 64054A   05002.91666667 +.00000000 +00000-0 +00000-0 0  9997
2 00879 039.9226 085.0302 8555172 088.6477 349.8985 00.37796470002515
0 OGO 1
1 00879U 64054A   05005.62500000  .00000000  00000-0  00000+0 0  9995
2 00879 039.9267 084.7740 8554771 088.8688 358.3053 00.37788919  2512
0 OGO 1
1 00879U 64054A   05008.25000000  .00000000  00000-0  00000+0 0  9992
2 00879 039.9357 084.6324 8554566 088.9458 355.5984 00.37773997  2519
0 OGO 1
1 00879U 64054A   05008.25000000  .00000000  00000-0  00000+0 0  9992
2 00879 039.9357 084.6324 8554566 088.9458 355.5984 00.37773996  2518
0 OGO 1
1 00879U 64054A   05010.87500000  .00000000  00000-0  00000+0 0  9998
2 00879 039.9466 084.7013 8570136 088.8405 352.9785 00.37780774  2519
0 OGO 1
1 00879U 64054A   05013.58333333  .00000000  00000-0  00000+0 0  9992
2 00879 039.9424 084.3590 8598036 089.1674 001.1248 00.37816477  2517
0 OGO 1
1 00879U 64054A   05016.20833333  .00000000  00000-0  00000+0 0  9999
2 00879 039.9356 083.6428 8601231 089.7939 358.0137 00.37794058  2516
0 OGO 1
1 00879U 64054A   05018.87500000  .00000000  00000-0  00000+0 0  9996
2 00879 039.9481 083.3709 8600885 089.9964 000.9444 00.37783683  2514
0 OGO 1
1 00879U 64054A   05021.50000000  .00000000  00000-0  00000+0 0  9995
2 00879 039.9556 083.3458 8608610 090.0016 358.1993 00.37788567  2516
0 OGO 1
1 00879U 64054A   05026.79166667  .00000000  00000-0  00000+0 0  9993
2 00879 039.9575 083.2077 8634202 090.1807 357.9295 00.37798654  2574
0 OGO 1
1 00879U 64054A   05027.12500000  .00000000  00000-0  00000+0 0  9994
2 00879 039.9584 083.2875 8621609 090.0874 043.4751 00.37793675  2572
0 OGO 1
1 00879U 64054A   05032.04166667  .00000000  00000-0  00000+0 0  9998
2 00879 039.9530 082.5927 8643298 090.7837 351.7745 00.37796076  2573
0 OGO 1
1 00879U 64054A   05034.70833333  .00000000  00000-0  00000+0 0  9994
2 00879 039.9612 082.3013 8641939 091.0222 354.5844 00.37784092  2576
0 OGO 1
1 00879U 64054A   05037.37500000  .00000000  00000-0  00000+0 0  9992
2 00879 039.9692 082.2101 8649011 091.0637 357.5744 00.37777533  2574
0 OGO 1
1 00879U 64054A   05040.04166667  .00000000  00000-0  00000+0 0  9997
2 00879 039.9714 082.0179 8674961 091.2462 000.2746 00.37813812  2577
0 OGO 1
1 00879U 64054A   05042.66666667  .00000000  00000-0  00000+0 0  9992
2 00879 039.9796 081.1156 8685940 092.0593 356.9174 00.37806456  2577
0 OGO 1
1 00879U 64054A   05045.29166667  .00000000  00000-0  00000+0 0  9999
2 00879 039.9995 080.5568 8681838 092.5258 354.0545 00.37787603  2576
0 OGO 1
1 00879U 64054A   05047.91666667  .00000000  00000-0  00000+0 0  9995
2 00879 040.0138 080.3860 8685120 092.6569 351.2893 00.37787777  2572
0 OGO 1
1 00879U 64054A   05050.62500000  .00000000  00000-0  00000+0 0  9995
2 00879 040.0201 080.2829 8694252 092.7524 359.7211 00.37792337  2570
0 OGO 1
1 00879U 64054A   05053.25000000  .00000000  00000-0  00000+0 0  9992
2 00879 040.0246 080.0847 8704651 092.9675 356.6708 00.37799102  2575
0 OGO 1
1 00879U 64054A   05055.87500000  .00000000  00000-0  00000+0 0  9997
2 00879 040.0330 079.7405 8711192 093.3196 353.5278 00.37802624  2577
0 OGO 1
1 00879U 64054A   05058.50000000  .00000000  00000-0  00000+0 0  9995
2 00879 040.0498 079.2955 8711124 093.7412 350.4124 00.37798519  2570
0 OGO 1
1 00879U 64054A   05061.12500000  .00000000  00000-0  00000+0 0  9992
2 00879 040.0694 078.8804 8706410 094.1019 347.4596 00.37787950  2572
0 OGO 1
1 00879U 64054A   05063.83333333  .00000000  00000-0  00000+0 0  9995
2 00879 040.0907 078.6484 8705575 094.2792 356.0436 00.37780082  2579
0 OGO 1
1 00879U 64054A   05066.45833333  .00000000  00000-0  00000+0 0  9991
2 00879 040.1011 078.4831 8721028 094.4131 353.2303 00.37800036  2574
0 OGO 1
1 00879U 64054A   05069.12500000  .00000000  00000-0  00000+0 0  9990
2 00879 040.1343 077.6878 8737802 095.1330 355.5461 00.37815539  2574
0 OGO 1
1 00879U 64054A   05071.79166667  .00000000  00000-0  00000+0 0  9993
2 00879 040.1885 076.8430 8730238 095.8559 358.1848 00.37789961  2573
0 OGO 1
1 00879U 64054A   05074.41666667  .00000000  00000-0  00000+0 0  9990
2 00879 040.2211 076.5252 8726067 096.1012 355.4409 00.37785583  2578
0 OGO 1
1 00879U 64054A   05077.08333333  .00000000  00000-0  00000+0 0  9997
2 00879 040.2361 076.3728 8730117 096.2282 358.2790 00.37792365  2571
0 OGO 1
1 00879U 64054A   05077.08333333 +.00000000 +00000-0 +00000-0 0  9998
2 00879 040.2361 076.3728 8730117 096.2282 358.2790 00.37792365002571
0 OGO 1
1 00879U 64054A   05079.70833333  .00000000  00000-0  00000+0 0  9993
2 00879 040.2511 076.1703 8736588 096.4198 355.2928 00.37799086  2572
0 OGO 1
1 00879U 64054A   05082.37500000  .00000000  00000-0  00000+0 0  9992
2 00879 040.2732 075.8351 8740667 096.7497 357.8673 00.37800968  2577
0 OGO 1
1 00879U 64054A   05085.04166667  .00000000  00000-0  00000+0 0  9996
2 00879 040.3064 075.3897 8738598 097.1678 000.4272 00.37799896  2575
0 OGO 1
1 00879U 64054A   05087.66666667  .00000000  00000-0  00000+0 0  9991
2 00879 040.3450 074.9452 8730587 097.5541 357.4516 00.37789049  2574
0 OGO 1
1 00879U 64054A   05090.33333333  .00000000  00000-0  00000+0 0  9990
2 00879 040.3773 074.6553 8723451 097.7678 000.3699 00.37778947  2577
0 OGO 1
1 00879U 64054A   05092.95833333  .00000000  00000-0  00000+0 0  9995
2 00879 040.3941 074.5141 8729724 097.8533 357.6856 00.37783643  2578
0 OGO 1
1 00879U 64054A   05095.58333333  .00000000  00000-0  00000+0 0  9992
2 00879 040.4405 073.9952 8746325 098.3024 354.5658 00.37814851  2576
0 OGO 1
1 00879U 64054A   05098.29166667  .00000000  00000-0  00000+0 0  9997
2 00879 040.5280 073.0534 8740757 099.1105 002.7529 00.37797188  2579
0 OGO 1
1 00879U 64054A   05100.91666667  .00000000  00000-0  00000+0 0  9995
2 00879 040.5824 072.6355 8730308 099.4267 000.0406 00.37782195  2579
0 OGO 1
1 00879U 64054A   05103.58333333  .00000000  00000-0  00000+0 0  9992
2 00879 040.6054 072.5089 8729626 099.5042 003.0086 00.37786955  2576
0 OGO 1
1 00879U 64054A   05106.16666667  .00000000  00000-0  00000+0 0  9998
2 00879 040.6215 072.3819 8733920 099.6122 354.4904 00.37794529  2574
0 OGO 1
1 00879U 64054A   05108.83333333  .00000000  00000-0  00000+0 0  9995
2 00879 040.6477 072.1468 8737291 099.8360 357.1777 00.37799445  2573
0 OGO 1
1 00879U 64054A   05111.50000000  .00000000  00000-0  00000+0 0  9995
2 00879 040.6863 071.7974 8735752 100.1637 359.8146 00.37798742  2570
0 OGO 1
1 00879U 64054A   05114.12500000  .00000000  00000-0  00000+0 0  9991
2 00879 040.7328 071.4186 8727717 100.4896 356.8641 00.37789689  2578
0 OGO 1
1 00879U 64054A   05116.75000000  .00000000  00000-0  00000+0 0  9997
2 00879 040.7722 071.1539 8717664 100.6752 354.1307 00.37779475  2570
0 OGO 1
1 00879U 64054A   05119.41666667  .00000000  00000-0  00000+0 0  9990
2 00879 040.7921 071.1110 8718306 100.6550 357.2202 00.37778935  2574
0 OGO 1
1 00879U 64054A   05122.04166667  .00000000  00000-0  00000+0 0  9998
2 00879 040.8218 070.8415 8734400 100.8660 354.3489 00.37804613  2573
0 OGO 1
1 00879U 64054A   05124.70833333  .00000000  00000-0  00000+0 0  9994
2 00879 040.9236 070.0365 8735973 101.5547 356.8407 00.37802050  2578
0 OGO 1
1 00879U 64054A   05127.33333333  .00000000  00000-0  00000+0 0  9991
2 00879 040.9970 069.5586 8724124 101.9165 354.0955 00.37780031  2579
0 OGO 1
1 00879U 64054A   05130.00000000  .00000000  00000-0  00000+0 0  9991
2 00879 041.0095 069.4472 8720960 101.9542 357.1559 00.37780850  2578
0 OGO 1
1 00879U 64054A   05139.04166667  .00000000  00000-0  00000+0 0  9996
2 00879 041.0637 069.0244 8733091 102.3317 147.2548 00.37787848  2577
0 OGO 1
1 00879U 64054A   05139.04166667 +.00000000 +00000-0 +00000-0 0  9997
2 00879 041.0637 069.0244 8733091 102.3317 147.2548 00.37787848002577
0 OGO 1
1 00879U 64054A   05140.62500000  .00000000  00000-0  00000+0 0  9995
2 00879 041.1117 068.8034 8729201 102.5083 002.5985 00.37793441  2579
0 OGO 1
1 00879U 64054A   05143.25000000  .00000000  00000-0  00000+0 0  9992
2 00879 041.1490 068.5682 8720882 102.6752 359.8111 00.37780834  2570
0 OGO 1
1 00879U 64054A   05145.91666667  .00000000  00000-0  00000+0 0  9994
2 00879 041.1615 068.5110 8718918 102.6546 002.9170 00.37768384  2570
0 OGO 1
1 00879U 64054A   05148.54166667  .00000000  00000-0  00000+0 0  9991
2 00879 041.1687 068.4283 8735180 102.6751 000.2307 00.37792951  2577
0 OGO 1
1 00879U 64054A   05151.16666667  .00000000  00000-0  00000+0 0  9998
2 00879 041.2592 067.7680 8746803 103.2376 357.0588 00.37806779  2578
0 OGO 1
1 00879U 64054A   05153.83333333  .00000000  00000-0  00000+0 0  9995
2 00879 041.3502 067.2218 8738596 103.6653 359.8670 00.37783521  2575
0 OGO 1
1 00879U 64054A   05156.45833333  .00000000  00000-0  00000+0 0  9991
2 00879 041.3763 067.1090 8735444 103.7023 357.2692 00.37777664  2579
0 OGO 1
1 00879U 64054A   05159.08333333  .00000000  00000-0  00000+0 0  9998
2 00879 041.3744 067.1265 8741593 103.6514 354.5911 00.37786360  2575
0 OGO 1
1 00879U 64054A   05161.75000000  .00000000  00000-0  00000+0 0  9997
2 00879 041.3792 067.0741 8751005 103.6964 357.4139 00.37793181  2577
0 OGO 1
1 00879U 64054A   05164.37500000  .00000000  00000-0  00000+0 0  9993
2 00879 041.3989 066.9107 8757905 103.8496 354.4533 00.37796898  2579
0 OGO 1
1 00879U 64054A   05167.04166667  .00000000  00000-0  00000+0 0  9997
2 00879 041.4340 066.6627 8759356 104.0729 357.1473 00.37794319  2578
0 OGO 1
1 00879U 64054A   05169.70833333  .00000000  00000-0  00000+0 0  9993
2 00879 041.4705 066.4231 8755691 104.2642 359.9464 00.37785882  2571
0 OGO 1
1 00879U 64054A   05172.33333333  .00000000  00000-0  00000+0 0  9991
2 00879 041.4876 066.3130 8753069 104.3050 357.3018 00.37773997  2579
0 OGO 1
1 00879U 64054A   05174.95833333  .00000000  00000-0  00000+0 0  9996
2 00879 041.4842 066.3030 8766493 104.2543 354.7329 00.37781530  2570
0 OGO 1
1 00879U 64054A   05177.62500000  .00000000  00000-0  00000+0 0  9995
2 00879 041.5581 065.7830 8788148 104.6924 357.3032 00.37812915  2572
0 OGO 1
1 00879U 64054A   05180.29166667  .00000000  00000-0  00000+0 0  9999
2 00879 041.6793 065.0654 8785695 105.2848 359.9456 00.37790769  2571
0 OGO 1
1 00879U 64054A   05182.87500000  .00000000  00000-0  00000+0 0  9998
2 00879 041.7219 064.8438 8782727 105.4217 351.6244 00.37780786  2579
0 OGO 1
1 00879U 64054A   05182.87500000  .00000000  00000-0  00000+0 0  9998
2 00879 041.7219 064.8438 8782727 105.4217 351.6244 00.37780786  2579
0 OGO 1
1 00879U 64054A   05185.50000000  .00000000  00000-0  00000+0 0  9996
2 00879 041.7228 064.8235 8789539 105.4056 348.9486 00.37786885  2576
0 OGO 1
1 00879U 64054A   05188.16666667  .00000000  00000-0  00000+0 0  9998
2 00879 041.7244 064.7655 8801196 105.4542 351.7745 00.37795510  2578
0 OGO 1
1 00879U 64054A   05190.87500000  .00000000  00000-0  00000+0 0  9997
2 00879 041.7449 064.5898 8812028 105.6195 000.1339 00.37799872  2573
0 OGO 1
1 00879U 64054A   05193.50000000  .00000000  00000-0  00000+0 0  9995
2 00879 041.7842 064.3140 8817491 105.8797 357.0982 00.37797671  2570
0 OGO 1
1 00879U 64054A   05196.16666667  .00000000  00000-0  00000+0 0  9997
2 00879 041.8336 064.0101 8817099 106.1471 359.7903 00.37792716  2577
0 OGO 1
1 00879U 64054A   05198.79166667  .00000000  00000-0  00000+0 0  9993
2 00879 041.8689 063.7912 8814785 106.3079 356.9921 00.37780468  2579
0 OGO 1
1 00879U 64054A   05201.45833333  .00000000  00000-0  00000+0 0  9992
2 00879 041.8741 063.7132 8822040 106.3246 000.0411 00.37775004  2572
0 OGO 1
1 00879U 64054A   05204.08333333  .00000000  00000-0  00000+0 0  9999
2 00879 041.9268 063.3589 8846550 106.6133 357.1160 00.37812173  2575
0 OGO 1
1 00879U 64054A   05206.75000000  .00000000  00000-0  00000+0 0  9997
2 00879 042.0986 062.4273 8852037 107.4035 359.5109 00.37799710  2571
0 OGO 1
1 00879U 64054A   05209.37500000  .00000000  00000-0  00000+0 0  9993
2 00879 042.1909 061.9859 8846807 107.7458 356.7133 00.37782259  2577
0 OGO 1
1 00879U 64054A   05212.04166667  .00000000  00000-0  00000+0 0  9998
2 00879 042.2111 061.8547 8851339 107.8326 359.6580 00.37786227  2574
0 OGO 1
1 00879U 64054A   05214.66666667  .00000000  00000-0  00000+0 0  9993
2 00879 042.2248 061.7324 8862102 107.9376 356.7855 00.37795064  2575
0 OGO 1
1 00879U 64054A   05217.33333333  .00000000  00000-0  00000+0 0  9991
2 00879 042.2557 061.4973 8872985 108.1655 359.4250 00.37800893  2574
0 OGO 1
1 00879U 64054A   05219.95833333  .00000000  00000-0  00000+0 0  9996
2 00879 042.3150 061.1552 8879251 108.4908 356.3157 00.37800356  2577
0 OGO 1
1 00879U 64054A   05222.62500000  .00000000  00000-0  00000+0 0  9996
2 00879 042.3888 060.7670 8879454 108.8458 358.9044 00.37795284  2576
0 OGO 1
1 00879U 64054A   05225.25000000  .00000000  00000-0  00000+0 0  9993
2 00879 042.4584 060.4332 8875861 109.1290 355.9676 00.37787786  2574
0 OGO 1
1 00879U 64054A   05226.25000000  .00000000  00000-0  00000+0 0  9994
2 00879 042.4584 060.4106 8875861 109.1553 132.0037 00.37787786  2570
0 OGO 1
1 00879U 64054A   05227.91666667  .00000000  00000-0  00000+0 0  9995
2 00879 042.4933 060.2353 8876574 109.2659 358.9028 00.37778828  2587
0 OGO 1
1 00879U 64054A   05230.54166667  .00000000  00000-0  00000+0 0  9993
2 00879 042.5331 059.9749 8893448 109.4658 356.1172 00.37797172  2587
0 OGO 1
1 00879U 64054A   05233.20833333  .00000000  00000-0  00000+0 0  9990
2 00879 042.7445 059.0269 8907359 110.2760 358.4295 00.37815977  2589
0 OGO 1
1 00879U 64054A   05235.87500000  .00000000  00000-0  00000+0 0  9997
2 00879 042.9231 058.2942 8898253 110.8722 001.1210 00.37788630  2583
0 OGO 1
1 00879U 64054A   05238.50000000  .00000000  00000-0  00000+0 0  9995
2 00879 042.9822 058.0458 8896792 111.0517 358.3896 00.37786522  2585
0 OGO 1
1 00879U 64054A   05241.12500000  .00000000  00000-0  00000+0 0  9992
2 00879 043.0164 057.8662 8903550 111.1987 355.5443 00.37795059  2585
0 OGO 1
1 00879U 64054A   05243.79166667  .00000000  00000-0  00000+0 0  9994
2 00879 043.0711 057.5964 8912084 111.4550 358.2072 00.37799270  2583
0 OGO 1
1 00879U 64054A   05243.79166667 +.00000000 +00000-0 +00000-0 0  9995
2 00879 043.0711 057.5964 8912084 111.4550 358.2072 00.37799270002583
0 OGO 1
1 00879U 64054A   05246.41666667  .00000000  00000-0  00000+0 0  9991
2 00879 043.1546 057.2219 8916521 111.8063 355.0969 00.37802990  2587
0 OGO 1
1 00879U 64054A   05249.08333333  .00000000  00000-0  00000+0 0  9998
2 00879 043.2564 056.7937 8914853 112.1972 357.6555 00.37800002  2589
0 OGO 1
1 00879U 64054A   05251.70833333  .00000000  00000-0  00000+0 0  9995
2 00879 043.3508 056.4094 8908255 112.5279 354.6670 00.37791264  2586
0 OGO 1
1 00879U 64054A   05254.37500000  .00000000  00000-0  00000+0 0  9993
2 00879 043.4126 056.1462 8902718 112.7262 357.5441 00.37782205  2584
0 OGO 1
1 00879U 64054A   05254.37500000  .00000000  00000-0  00000+0 0  9993
2 00879 043.4126 056.1462 8902718 112.7262 357.5441 00.37782205  2584
0 OGO 1
1 00879U 64054A   05257.00000000  .00000000  00000-0  00000+0 0  9991
2 00879 043.4577 055.9263 8909316 112.8767 354.8333 00.37787972  2588
0 OGO 1
1 00879U 64054A   05259.62500000  .00000000  00000-0  00000+0 0  9996
2 00879 043.6381 055.2334 8925131 113.4522 351.6902 00.37820360  2580
0 OGO 1
1 00879U 64054A   05262.29166667  .00000000  00000-0  00000+0 0  9990
2 00879 043.9090 054.2936 8915924 114.2267 354.1640 00.37792271  2587
0 OGO 1
1 00879U 64054A   05264.95833333  .00000000  00000-0  00000+0 0  9996
2 00879 044.0250 053.9369 8905789 114.4791 357.0973 00.37781445  2587
0 OGO 1
1 00879U 64054A   05267.58333333  .00000000  00000-0  00000+0 0  9993
2 00879 044.0683 053.7650 8906909 114.5990 354.3284 00.37790568  2586
0 OGO 1
1 00879U 64054A   05270.29166667  .00000000  00000-0  00000+0 0  9999
2 00879 044.1248 053.5339 8911707 114.7978 002.7288 00.37797761  2586
0 OGO 1
1 00879U 64054A   05272.87500000  .00000000  00000-0  00000+0 0  9998
2 00879 044.2108 053.2104 8914081 115.0916 353.9917 00.37798312  2586
0 OGO 1
1 00879U 64054A   05275.54166667  .00000000  00000-0  00000+0 0  9992
2 00879 044.3191 052.8259 8910600 115.4413 356.5602 00.37799910  2589
0 OGO 1
1 00879U 64054A   05278.16666667  .00000000  00000-0  00000+0 0  9998
2 00879 044.4224 052.4753 8901423 115.7399 353.5484 00.37793016  2587
0 OGO 1
1 00879U 64054A   05280.83333333  .00000000  00000-0  00000+0 0  9996
2 00879 044.4913 052.2341 8891438 115.9155 356.3971 00.37778901  2587
0 OGO 1
1 00879U 64054A   05283.45833333  .00000000  00000-0  00000+0 0  9992
2 00879 044.5267 052.0778 8890351 115.9970 353.7262 00.37779629  2582
0 OGO 1
1 00879U 64054A   05286.12500000  .00000000  00000-0  00000+0 0  9991
2 00879 044.6471 051.6655 8902558 116.3122 356.4900 00.37808532  2581
0 OGO 1
1 00879U 64054A   05288.79166667  .00000000  00000-0  00000+0 0  9993
2 00879 044.9334 050.7820 8899364 117.0353 358.8720 00.37805578  2583
0 OGO 1
1 00879U 64054A   05291.45833333  .00000000  00000-0  00000+0 0  9991
2 00879 045.0852 050.3504 8883336 117.3443 001.7449 00.37776654  2584
0 OGO 1
1 00879U 64054A   05294.08333333  .00000000  00000-0  00000+0 0  9998
2 00879 045.1205 050.2283 8879141 117.3977 359.0845 00.37781713  2582
0 OGO 1
1 00879U 64054A   05296.70833333  .00000000  00000-0  00000+0 0  9994
2 00879 045.1535 050.0951 8882209 117.4866 356.2707 00.37789263  2589
0 OGO 1
1 00879U 64054A   05299.37500000  .00000000  00000-0  00000+0 0  9992
2 00879 045.2174 049.8747 8884552 117.6723 358.9747 00.37796043  2582
0 OGO 1
1 00879U 64054A   05302.00000000  .00000000  00000-0  00000+0 0  9992
2 00879 045.3108 049.5942 8882078 117.9146 355.9467 00.37797236  2588
0 OGO 1
1 00879U 64054A   05304.66666667  .00000000  00000-0  00000+0 0  9993
2 00879 045.3994 049.3213 8873698 118.1388 358.6396 00.37791052  2580
0 OGO 1
1 00879U 64054A   05307.29166667  .00000000  00000-0  00000+0 0  9990
2 00879 045.4559 049.1351 8862519 118.2629 355.8352 00.37778910  2587
0 OGO 1
1 00879U 64054A   05307.33333333  .00000000  00000-0  00000+0 0  9991
2 00879 045.4563 049.1319 8862390 118.2668 001.5009 00.37779709  2587
0 OGO 1
1 00879U 64054A   05309.95833333  .00000000  00000-0  00000+0 0  9996
2 00879 045.4712 049.0498 8857654 118.2702 358.8989 00.37773726  2584
0 OGO 1
1 00879U 64054A   05312.58333333  .00000000  00000-0  00000+0 0  9994
2 00879 045.5280 048.8392 8867690 118.3882 356.2104 00.37794854  2582
0 OGO 1
1 00879U 64054A   05315.25000000  .00000000  00000-0  00000+0 0  9993
2 00879 045.7682 048.1520 8873299 118.9329 358.7224 00.37807219  2580
0 OGO 1
1 00879U 64054A   05317.87500000  .00000000  00000-0  00000+0 0  9998
2 00879 045.9545 047.6579 8858145 119.2931 355.8444 00.37775779  2581
0 OGO 1
1 00879U 64054A   05320.54166667  .00000000  00000-0  00000+0 0  9993
2 00879 045.9857 047.5612 8850992 119.3015 358.9471 00.37777288  2581
0 OGO 1
1 00879U 64054A   05323.16666667  .00000000  00000-0  00000+0 0  9999
2 00879 045.9925 047.5078 8854292 119.2927 356.2802 00.37786604  2582
0 OGO 1
1 00879U 64054A   05325.83333333  .00000000  00000-0  00000+0 0  9996
2 00879 046.0259 047.3727 8859983 119.3858 359.1025 00.37793815  2580
0 OGO 1
1 00879U 64054A   05328.50000000  .00000000  00000-0  00000+0 0  9995
2 00879 046.0887 047.1651 8861947 119.5543 001.8238 00.37795163  2582
0 OGO 1
1 00879U 64054A   05331.12500000  .00000000  00000-0  00000+0 0  9992
2 00879 046.1596 046.9441 8858254 119.7305 358.8787 00.37793404  2589
0 OGO 1
1 00879U 64054A   05333.79166667  .00000000  00000-0  00000+0 0  9994
2 00879 046.2108 046.7763 8850345 119.8384 001.7202 00.37783353  2583
0 OGO 1
1 00879U 64054A   05336.41666667  .00000000  00000-0  00000+0 0  9991
2 00879 046.2274 046.7084 8845077 119.8242 359.1005 00.37772816  2585
0 OGO 1
1 00879U 64054A   05339.04166667  .00000000  00000-0  00000+0 0  9998
2 00879 046.2396 046.6070 8854721 119.8304 356.5373 00.37780209  2583
0 OGO 1
1 00879U 64054A   05341.70833333  .00000000  00000-0  00000+0 0  9995
2 00879 046.4365 046.0633 8869088 120.2380 359.1750 00.37809462  2583
0 OGO 1
1 00879U 64054A   05344.33333333  .00000000  00000-0  00000+0 0  9992
2 00879 046.6548 045.4807 8860233 120.6806 356.1456 00.37786617  2580
0 OGO 1
1 00879U 64054A   05347.00000000  .00000000  00000-0  00000+0 0  9991
2 00879 046.7087 045.3255 8853265 120.7366 359.1995 00.37773368  2584
0 OGO 1
1 00879U 64054A   05347.58333333  .00000000  00000-0  00000+0 0  9992
2 00879 046.7066 045.3203 8854069 120.7206 078.6087 00.37813249  2588
0 OGO 1
1 00879U 64054A   05349.66666667  .00000000  00000-0  00000+0 0  9992
2 00879 046.7058 045.2804 8858452 120.7130 002.2374 00.37781823  2585
0 OGO 1
1 00879U 64054A   05354.91666667  .00000000  00000-0  00000+0 0  9996
2 00879 046.7895 044.9632 8875932 120.9382 356.4689 00.37795093  2589
0 OGO 1
1 00879U 64054A   05357.58333333  .00000000  00000-0  00000+0 0  9993
2 00879 046.8697 044.7219 8878052 121.1383 359.1434 00.37793239  2587
0 OGO 1
1 00879U 64054A   05360.20833333  .00000000  00000-0  00000+0 0  9991
2 00879 046.9384 044.5104 8875044 121.2953 356.2219 00.37788452  2584
0 OGO 1
1 00879U 64054A   05362.87500000  .00000000  00000-0  00000+0 0  9998
2 00879 046.9702 044.3818 8871659 121.3541 359.1498 00.37775650  2587
0 OGO 1
1 00879U 64054A   05365.54166667  .00000000  00000-0  00000+0 0  9992
2 00879 046.9785 044.2840 8878318 121.3516 002.2355 00.37775202  2584
0 OGO 1
1 00879U 64054A   06003.20833333 +.00000000 +00000-0 +00000-0 0  9997
2 00879 047.1374 043.8402 8898725 121.6634 005.0175 00.37808292002585
0 OGO 1
1 00879U 64054A   06005.83333333  .00000000  00000-0  00000+0 0  9992
2 00879 047.4536 043.0981 8898205 122.2378 001.7935 00.37796885  2588
0 OGO 1
1 00879U 64054A   06008.45833333  .00000000  00000-0  00000+0 0  9998
2 00879 047.5739 042.8005 8890693 122.4228 359.0486 00.37777613  2585
0 OGO 1
1 00879U 64054A   06011.12500000  .00000000  00000-0  00000+0 0  9998
2 00879 047.5995 042.6893 8895326 122.4565 002.0569 00.37780378  2583
0 OGO 1
1 00879U 64054A   06013.75000000  .00000000  00000-0  00000+0 0  9994
2 00879 047.6429 042.5292 8906618 122.5587 359.2365 00.37789412  2589
0 OGO 1
1 00879U 64054A   06016.37500000  .00000000  00000-0  00000+0 0  9990
2 00879 047.7244 042.2761 8917017 122.7776 356.2484 00.37798920  2583
0 OGO 1
1 00879U 64054A   06019.00000000  .00000000  00000-0  00000+0 0  9998
2 00879 047.8371 041.9727 8922077 123.0326 353.1883 00.37798645  2583
0 OGO 1
1 00879U 64054A   06021.66666667  .00000000  00000-0  00000+0 0  9990
2 00879 047.9497 041.6860 8921009 123.2499 355.8329 00.37794482  2584
0 OGO 1
1 00879U 64054A   06024.29166667  .00000000  00000-0  00000+0 0  9997
2 00879 048.0282 041.4635 8917668 123.4086 352.9535 00.37785183  2581
0 OGO 1
1 00879U 64054A   06026.95833333  .00000000  00000-0  00000+0 0  9993
2 00879 048.0707 041.3061 8919540 123.4850 355.9273 00.37779117  2587
0 OGO 1
1 00879U 64054A   06029.62500000  .00000000  00000-0  00000+0 0  9992
2 00879 048.1915 040.9666 8936496 123.7101 358.8312 00.37803529  2587
0 OGO 1
1 00879U 64054A   06032.25000000 +.00000000 +00000-0 +00000-0 0  9991
2 00879 048.5856 040.1045 8945629 124.3771 355.4900 00.37809330002588
0 OGO 1
1 00879U 64054A   06034.91666667  .00000000  00000-0  00000+0 0  9992
2 00879 048.8233 039.5996 8934286 124.7493 358.2076 00.37778522  2582
0 OGO 1
1 00879U 64054A   06037.54166667  .00000000  00000-0  00000+0 0  9999
2 00879 048.8955 039.4104 8933708 124.8507 355.4886 00.37783635  2587
0 OGO 1
1 00879U 64054A   06040.16666667  .00000000  00000-0  00000+0 0  9996
2 00879 048.9689 039.2075 8941988 124.9855 352.6391 00.37792831  2581
0 OGO 1
1 00879U 64054A   06042.83333333  .00000000  00000-0  00000+0 0  9993
2 00879 049.0874 038.9240 8950533 125.2085 355.2781 00.37800766  2583
0 OGO 1
1 00879U 64054A   06045.45833333  .00000000  00000-0  00000+0 0  9999
2 00879 049.2351 038.5805 8954641 125.4980 352.1422 00.37797909  2580
0 OGO 1
1 00879U 64054A   06048.08333333  .00000000  00000-0  00000+0 0  9996
2 00879 049.3850 038.2460 8952577 125.7794 349.0135 00.37793586  2584
0 OGO 1
1 00879U 64054A   06050.79166667  .00000000  00000-0  00000+0 0  9991
2 00879 049.5033 037.9768 8945758 125.9748 357.3315 00.37788991  2586
0 OGO 1
1 00879U 64054A   06053.45833333  .00000000  00000-0  00000+0 0  9998
2 00879 049.5768 037.7826 8941566 126.0962 000.1623 00.37778706  2585
0 OGO 1
1 00879U 64054A   06056.08333333  .00000000  00000-0  00000+0 0  9995
2 00879 049.6686 037.5363 8949091 126.2623 357.4036 00.37786014  2583
0 OGO 1
1 00879U 64054A   06058.70833333  .00000000  00000-0  00000+0 0  9991
2 00879 050.0250 036.8366 8962290 126.7867 354.2001 00.37818647  2587
0 OGO 1
1 00879U 64054A   06061.41666667  .00000000  00000-0  00000+0 0  9997
2 00879 050.4009 036.1305 8948021 127.3147 002.2821 00.37784520  2585
0 OGO 1
1 00879U 64054A   06064.04166667  .00000000  00000-0  00000+0 0  9994
2 00879 050.5122 035.9035 8938385 127.4435 359.5112 00.37777587  2588
0 OGO 1
1 00879U 64054A   06066.70833333  .00000000  00000-0  00000+0 0  9990
2 00879 050.5861 035.7216 8940976 127.5494 002.3504 00.37786276  2585
0 OGO 1
1 00879U 64054A   06069.33333333  .00000000  00000-0  00000+0 0  9997
2 00879 050.7028 035.4758 8946119 127.7308 359.3387 00.37794575  2586
0 OGO 1
1 00879U 64054A   06071.95833333  .00000000  00000-0  00000+0 0  9993
2 00879 050.8528 035.1719 8947457 127.9813 356.2046 00.37797765  2587
0 OGO 1
1 00879U 64054A   06074.62500000  .00000000  00000-0  00000+0 0  9992
2 00879 051.0026 034.8708 8942809 128.2339 358.7230 00.37794493  2587
0 OGO 1
1 00879U 64054A   06077.25000000  .00000000  00000-0  00000+0 0  9999
2 00879 051.1183 034.6294 8933136 128.4189 355.6716 00.37786447  2583
0 OGO 1
1 00879U 64054A   06079.91666667  .00000000  00000-0  00000+0 0  9991
2 00879 051.1846 034.4696 8923489 128.5188 358.4649 00.37780134  2586
0 OGO 1
1 00879U 64054A   06082.54166667  .00000000  00000-0  00000+0 0  9999
2 00879 051.2418 034.3160 8922262 128.5853 355.7363 00.37779456  2582
0 OGO 1
1 00879U 64054A   06085.20833333  .00000000  00000-0  00000+0 0  9996
2 00879 051.4699 033.8944 8932339 128.8825 358.4666 00.37809147  2584
0 OGO 1
1 00879U 64054A   06087.83333333  .00000000  00000-0  00000+0 0  9992
2 00879 051.9029 033.1672 8923750 129.4269 355.0877 00.37797720  2583
0 OGO 1
1 00879U 64054A   06090.50000000  .00000000  00000-0  00000+0 0  9992
2 00879 052.0516 032.9093 8904637 129.5753 357.9453 00.37776979  2586
0 OGO 1
1 00879U 64054A   06090.50000000  .00000000  00000-0  00000+0 0  9992
2 00879 052.0516 032.9093 8904637 129.5753 357.9453 00.37776979  2597
0 OGO 1
1 00879U 64054A   06093.16666667  .00000000  00000-0  00000+0 0  9994
2 00879 052.0785 032.8023 8901242 129.5946 000.9201 00.37783085  2592
0 OGO 1
1 00879U 64054A   06095.79166667  .00000000  00000-0  00000+0 0  9990
2 00879 052.1532 032.6359 8903928 129.6933 358.0436 00.37792517  2590
0 OGO 1
1 00879U 64054A   06098.41666667  .00000000  00000-0  00000+0 0  9997
2 00879 052.2639 032.4156 8904375 129.8597 355.0190 00.37796770  2596
0 OGO 1
1 00879U 64054A   06101.04166667 +.00000000 +00000-0 +00000-0 0  9997
2 00879 052.3800 032.1903 8899361 130.0407 351.9479 00.37792468002591
0 OGO 1
1 00879U 64054A   06103.75000000  .00000000  00000-0  00000+0 0  9994
2 00879 052.4711 032.0124 8888828 130.1772 000.2736 00.37790480  2591
0 OGO 1
1 00879U 64054A   06106.37500000  .00000000  00000-0  00000+0 0  9990
2 00879 052.5076 031.9126 8876777 130.2245 357.4250 00.37782166  2592
0 OGO 1
1 00879U 64054A   06109.00000000  .00000000  00000-0  00000+0 0  9998
2 00879 052.5163 031.8458 8871206 130.2146 354.7558 00.37775600  2594
0 OGO 1
1 00879U 64054A   06111.66666667  .00000000  00000-0  00000+0 0  9990
2 00879 052.6286 031.6129 8877871 130.3280 357.6837 00.37794991  2594
0 OGO 1
1 00879U 64054A   06114.29166667  .00000000  00000-0  00000+0 0  9997
2 00879 052.9887 031.0289 8878369 130.7428 354.4512 00.37803226  2593
0 OGO 1
1 00879U 64054A   06116.91666667  .00000000  00000-0  00000+0 0  9993
2 00879 053.1904 030.7076 8856961 130.9441 351.4999 00.37770804  2598
0 OGO 1
1 00879U 64054A   06119.62500000  .00000000  00000-0  00000+0 0  9992
2 00879 053.1976 030.6576 8848226 130.9038 000.2345 00.37774057  2596
0 OGO 1
1 00879U 64054A   06122.25000000  .00000000  00000-0  00000+0 0  9990
2 00879 053.2231 030.5698 8850969 130.9109 357.4944 00.37784577  2591
0 OGO 1
1 00879U 64054A   06124.91666667  .00000000  00000-0  00000+0 0  9992
2 00879 053.2952 030.4233 8854129 130.9859 000.2364 00.37791455  2591
0 OGO 1
1 00879U 64054A   06127.54166667  .00000000  00000-0  00000+0 0  9999
2 00879 053.3833 030.2505 8852136 131.1091 357.2260 00.37792734  2598
0 OGO 1
1 00879U 64054A   06130.20833333  .00000000  00000-0  00000+0 0  9997
2 00879 053.4508 030.1078 8844554 131.2077 359.9075 00.37787397  2594
0 OGO 1
1 00879U 64054A   06132.87500000  .00000000  00000-0  00000+0 0  9994
2 00879 053.4738 030.0269 8834178 131.2380 002.7218 00.37781060  2591
0 OGO 1
1 00879U 64054A   06135.50000000  .00000000  00000-0  00000+0 0  9992
2 00879 053.4556 029.9998 8827882 131.1912 000.0644 00.37771530  2594
0 OGO 1
1 00879U 64054A   06138.16666667  .00000000  00000-0  00000+0 0  9994
2 00879 053.4972 029.8716 8833865 131.2026 003.1112 00.37783455  2591
0 OGO 1
1 00879U 64054A   06140.75000000  .00000000  00000-0  00000+0 0  9995
2 00879 053.7776 029.4150 8842362 131.4975 354.4001 00.37807146  2594
0 OGO 1
1 00879U 64054A   06143.41666667 +.00000000 +00000-0 +00000-0 0  9999
2 00879 054.0406 029.0144 8827031 131.7596 356.9774 00.37779239002590
0 OGO 1
1 00879U 64054A   06146.08333333  .00000000  00000-0  00000+0 0  9995
2 00879 054.0614 028.9454 8815985 131.7294 000.0436 00.37768225  2598
0 OGO 1
1 00879U 64054A   06148.70833333  .00000000  00000-0  00000+0 0  9991
2 00879 054.0632 028.8903 8819534 131.6888 357.4185 00.37781505  2594
0 OGO 1
1 00879U 64054A   06151.37500000  .00000000  00000-0  00000+0 0  9990
2 00879 054.1212 028.7548 8826849 131.7447 000.2562 00.37789893  2592
0 OGO 1
1 00879U 64054A   06154.00000000  .00000000  00000-0  00000+0 0  9998
2 00879 054.2086 028.5821 8830163 131.8539 357.2988 00.37793417  2595
0 OGO 1
1 00879U 64054A   06156.62500000  .00000000  00000-0  00000+0 0  9993
2 00879 054.2916 028.4247 8827885 131.9554 354.3304 00.37789228  2598
0 OGO 1
1 00879U 64054A   06159.29166667  .00000000  00000-0  00000+0 0  9996
2 00879 054.3322 028.3208 8821352 132.0032 357.1253 00.37782565  2593
0 OGO 1
1 00879U 64054A   06161.95833333  .00000000  00000-0  00000+0 0  9993
2 00879 054.3221 028.2736 8816409 131.9686 000.1062 00.37775094  2598
0 OGO 1
1 00879U 64054A   06164.58333333  .00000000  00000-0  00000+0 0  9990
2 00879 054.3393 028.1831 8821877 131.9470 357.5404 00.37778426  2590
0 OGO 1
1 00879U 64054A   06167.25000000  .00000000  00000-0  00000+0 0  9999
2 00879 054.5671 027.7996 8836661 132.1522 000.3395 00.37807416  2590
0 OGO 1
1 00879U 64054A   06169.87500000  .00000000  00000-0  00000+0 0  9994
2 00879 054.9077 027.2942 8830331 132.4948 357.1452 00.37792482  2596
0 OGO 1
1 00879U 64054A   06172.54166667  .00000000  00000-0  00000+0 0  9999
2 00879 054.9897 027.1458 8818401 132.5325 000.1028 00.37771630  2597
0 OGO 1
1 00879U 64054A   06175.16666667  .00000000  00000-0  00000+0 0  9995
2 00879 055.0067 027.0748 8821610 132.5130 357.5020 00.37781495  2590
0 OGO 1
1 00879U 64054A   06177.79166667 +.00000000 +00000-0 +00000-0 0  9992
2 00879 055.0769 026.9241 8831823 132.5690 354.7110 00.37791401002590
0 OGO 1
1 00879U 64054A   06180.45833333  .00000000  00000-0  00000+0 0  9999
2 00879 055.1911 026.7151 8839615 132.6992 357.4125 00.37794790  2591
0 OGO 1
1 00879U 64054A   06183.08333333  .00000000  00000-0  00000+0 0  9996
2 00879 055.3094 026.5089 8841477 132.8422 354.3832 00.37793175  2599
0 OGO 1
1 00879U 64054A   06185.75000000  .00000000  00000-0  00000+0 0  9994
2 00879 055.3945 026.3460 8838316 132.9457 357.0807 00.37787467  2591
0 OGO 1
1 00879U 64054A   06188.41666667  .00000000  00000-0  00000+0 0  9997
2 00879 055.4338 026.2328 8834382 132.9894 359.9228 00.37779949  2598
0 OGO 1
1 00879U 64054A   06191.08333333  .00000000  00000-0  00000+0 0  9995
2 00879 055.4620 026.1312 8837256 132.9880 002.9318 00.37772233  2596
0 OGO 1
1 00879U 64054A   06193.75000000  .00000000  00000-0  00000+0 0  9993
2 00879 055.4620 026.0879 8837256 133.0112 005.5452 00.37772233  2591
0 OGO 1
1 00879U 64054A   06196.37500000  .00000000  00000-0  00000+0 0  9999
2 00879 056.1031 025.2003 8855385 133.5667 002.5097 00.37803484  2593
0 OGO 1
1 00879U 64054A   06199.00000000  .00000000  00000-0  00000+0 0  9997
2 00879 056.2863 024.9324 8841472 133.7141 359.5818 00.37773298  2595
0 OGO 1
1 00879U 64054A   06201.52988412  .00000000  00000-0  10000-3 0  9995
2 00879 056.6242 024.7000 8837452 133.9775 342.9540 00.37787257  2719
0 OGO 1
1 00879U 64054A   06201.66666667  .00000000  00000-0  00000+0 0  9990
2 00879 056.3349 024.8204 8841305 133.7191 002.5734 00.37777283  2591
0 OGO 1
1 00879U 64054A   06204.29166667  .00000000  00000-0  00000+0 0  9997
2 00879 056.4191 024.6472 8850691 133.7961 359.7518 00.37790765  2592
0 OGO 1
1 00879U 64054A   06206.95833333  .00000000  00000-0  00000+0 0  9993
2 00879 056.5686 024.4060 8859575 133.9495 002.4079 00.37794341  2595
0 OGO 1
1 00879U 64054A   06209.58333333  .00000000  00000-0  00000+0 0  9990
2 00879 056.7458 024.1525 8862847 134.1273 359.2953 00.37796241  2595
0 OGO 1
1 00879U 64054A   06212.20833333  .00000000  00000-0  00000+0 0  9998
2 00879 056.8785 023.9416 8860265 134.2789 356.2128 00.37790861  2593
0 OGO 1
1 00879U 64054A   06214.87500000  .00000000  00000-0  00000+0 0  9995
2 00879 056.9619 023.7921 8854857 134.3666 358.9246 00.37785086  2597
0 OGO 1
1 00879U 64054A   06217.54166667  .00000000  00000-0  00000+0 0  9999
2 00879 057.0043 023.6644 8852934 134.4005 001.8045 00.37777373  2594
0 OGO 1
1 00879U 64054A   06220.16666667  .00000000  00000-0  00000+0 0  9996
2 00879 057.1474 023.4237 8862563 134.5023 359.0653 00.37790751  2597
0 OGO 1
1 00879U 64054A   06222.83333333  .00000000  00000-0  00000+0 0  9993
2 00879 057.6000 022.8270 8872080 134.8943 001.5014 00.37816603  2591
0 OGO 1
1 00879U 64054A   06225.45833333  .00000000  00000-0  00000+0 0  9999
2 00879 057.9240 022.4182 8855367 135.1684 358.3110 00.37780051  2590
0 OGO 1
1 00879U 64054A   06228.12500000  .00000000  00000-0  00000+0 0  9998
2 00879 057.9985 022.2886 8847925 135.1983 001.2491 00.37777855  2592
0 OGO 1
1 00879U 64054A   06230.75000000  .00000000  00000-0  00000+0 0  9995
2 00879 058.0911 022.1251 8853106 135.2585 358.4430 00.37791225  2592
0 OGO 1
1 00879U 64054A   06233.41666667  .00000000  00000-0  00000+0 0  9998
2 00879 058.2505 021.8911 8859763 135.4024 001.1048 00.37796592  2596
0 OGO 1
1 00879U 64054A   06236.04166667  .00000000  00000-0  00000+0 0  9995
2 00879 058.4299 021.6410 8861488 135.5839 357.9714 00.37798755  2597
0 OGO 1
1 00879U 64054A   06238.70833333  .00000000  00000-0  00000+0 0  9991
2 00879 058.5820 021.4278 8856943 135.7441 000.5051 00.37796974  2595
0 OGO 1
1 00879U 64054A   06241.33333333  .00000000  00000-0  00000+0 0  9999
2 00879 058.6784 021.2775 8848562 135.8478 357.4675 00.37788725  2595
0 OGO 1
1 00879U 64054A   06243.66666667  .00000000  00000-0  00000+0 0  9996
2 00879 058.7289 021.1756 8841185 135.8845 314.9199 00.37785982  2597
0 OGO 1
1 00879U 64054A   06246.62500000  .00000000  00000-0  00000+0 0  9993
2 00879 058.8146 021.0194 8842735 135.9326 357.5115 00.37782436  2594
0 OGO 1
1 00879U 64054A   06249.25000000  .00000000  00000-0  00000+0 0  9990
2 00879 059.1508 020.5924 8852230 136.1867 354.4883 00.37813175  2592
0 OGO 1
1 00879U 64054A   06251.91666667  .00000000  00000-0  00000+0 0  9993
2 00879 059.5889 020.0732 8837343 136.5419 356.7170 00.37791731  2592
0 OGO 1
1 00879U 64054A   06254.54166667  .00000000  00000-0  00000+0 0  9990
2 00879 059.6748 019.9489 8819433 136.5792 353.8967 00.37773172  2598
0 OGO 1
1 00879U 64054A   06254.54166667 -.00001436  00000-0  00000+0 0  9995
2 00879 059.6748 019.9489 8819433 136.5792 353.8967 00.37772743  2591
0 OGO 1
1 00879U 64054A   06257.25000000 +.00000000 +00000-0 +00000-0 0  9990
2 00879 059.7409 019.8373 8818155 136.5910 002.4585 00.37783489002603
0 OGO 1
1 00879U 64054A   06259.87500000 +.00000000 +00000-0 +00000-0 0  9995
2 00879 059.8674 019.6583 8821550 136.6855 359.4845 00.37792026002602
0 OGO 1
1 00879U 64054A   06262.54166667 +.00000000 +00000-0 +00000-0 0  9990
2 00879 060.0245 019.4560 8821226 136.8280 002.0296 00.37796202002608
0 OGO 1
1 00879U 64054A   06262.54166667 -.00001331 +00000-0 +00000-0 0  9999
2 00879 059.5265 019.9988 8782146 136.3960 002.5462 00.37773966002601
0 OGO 1
1 00879U 64054A   06265.16666667 -.00001073 +00000-0 +00000-0 0  9998
2 00879 059.5774 019.9019 8780908 136.4313 359.6694 00.37775666002611
0 OGO 1
1 00879U 64054A   06267.79166667 -.00000938 +00000-0 +00000-0 0  9993
2 00879 059.6529 019.7726 8780173 136.4942 356.7478 00.37783783002634
0 OGO 1
1 00879U 64054A   06270.41666667 -.00000936 +00000-0 +00000-0 0  9999
2 00879 059.7446 019.6303 8776499 136.5606 353.7893 00.37787637002648
0 OGO 1
1 00879U 64054A   06273.08333333 -.00001003 +00000-0 +00000-0 0  9992
2 00879 059.8141 019.5039 8771025 136.5993 356.5806 00.37780891002656
0 OGO 1
1 00879U 64054A   06275.75000000 -.00000919 +00000-0 +00000-0 0  9995
2 00879 059.9291 019.3096 8772294 136.6611 359.4425 00.37782572002669
0 OGO 1
1 00879U 64054A   06278.41666667 -.00000704 +00000-0 +00000-0 0  9990
2 00879 060.2677 018.9052 8770311 136.8972 001.9541 00.37786927002676
0 OGO 1
1 00879U 64054A   06281.04166667 -.00000726 +00000-0 +00000-0 0  9992
2 00879 060.4239 018.7087 8756553 136.9740 359.0559 00.37770148002689
0 OGO 1
1 00879U 64054A   06283.66666667 -.00000979 +00000-0 +00000-0 0  9997
2 00879 060.5412 018.5546 8756464 137.0131 356.2497 00.37791026002697
0 OGO 1
1 00879U 64054A   06286.33333333 -.00001029 +00000-0 +00000-0 0  9992
2 00879 060.6597 018.3829 8757016 137.0936 358.9310 00.37790813002709
0 OGO 1
1 00879U 64054A   06288.95833333 -.00000763 +00000-0 +00000-0 0  9991
2 00879 060.7251 018.2736 8754287 137.1455 355.9811 00.37780602002716
0 OGO 1
1 00879U 64054A   06291.62500000 -.00000460 +00000-0 +00000-0 0  9995
2 00879 060.7716 018.1869 8752376 137.1752 358.7716 00.37778993002721
0 OGO 1
1 00879U 64054A   06294.25000000 -.00000286 +00000-0 +00000-0 0  9998
2 00879 060.8467 018.0759 8751408 137.2216 355.8749 00.37786282002738
0 OGO 1
1 00879U 64054A   06296.87500000 -.00000244 +00000-0 +00000-0 0  9997
2 00879 060.9395 017.9412 8748583 137.2815 352.9376 00.37792889002743
0 OGO 1
1 00879U 64054A   06299.42091796  .00000000  00000-0  10000-3 0  9991
2 00879 061.2105 017.8409 8741781 137.2951 339.2634 00.37787406  2750
0 OGO 1
1 00879U 64054A   06299.58333333 -.00000309 +00000-0 +00000-0 0  9993
2 00879 061.0197 017.8104 8743190 137.3300 001.3772 00.37789340002755
0 OGO 1
1 00879U 64054A   06302.20833333 -.00000299 +00000-0 +00000-0 0  9990
2 00879 061.1052 017.6664 8741787 137.3668 358.5846 00.37784456002765
0 OGO 1
1 00879U 64054A   06304.87500000 -.00000110 +00000-0 +00000-0 0  9999
2 00879 061.3699 017.3499 8743786 137.5345 001.2672 00.37796508002773
0 OGO 1
1 00879U 64054A   06307.54166667 -.00000049 +00000-0 +00000-0 0  9994
2 00879 061.6035 017.0818 8730275 137.6757 003.8682 00.37777516002787
0 OGO 1
1 00879U 64054A   06310.16666667 -.00000299 +00000-0 +00000-0 0  9998
2 00879 061.7038 016.9444 8725323 137.6936 001.1029 00.37787289002796
0 OGO 1
1 00879U 64054A   06312.83333333 -.00000488 +00000-0 +00000-0 0  9995
2 00879 061.8315 016.7707 8726776 137.7605 003.8408 00.37796456002800
0 OGO 1
1 00879U 64054A   06315.41666667 -.00000343 +00000-0 +00000-0 0  9991
2 00879 061.9015 016.6496 8724876 137.8285 355.1870 00.37788034002816
0 OGO 1
1 00879U 64054A   06318.08333333 -.00000067 +00000-0 +00000-0 0  9991
2 00879 061.9495 016.5647 8722491 137.8597 357.9603 00.37782909002822
0 OGO 1
1 00879U 64054A   06320.58257765  .00000000  00000-0  10000-3 0  9993
2 00879 062.1215 016.4879 8723593 137.9639 337.9021 00.37786414  2820
0 OGO 1
1 00879U 64054A   06320.70833333 +.00000094 +00000-0 +00000-0 0  9997
2 00879 062.0137 016.4660 8721575 137.8952 355.0762 00.37786708002835
0 OGO 1
1 00879U 64054A   06323.37500000 +.00000122 +00000-0 +00000-0 0  9997
2 00879 062.1223 016.3354 8718694 137.9382 357.8006 00.37794167002847
0 OGO 1
1 00879U 64054A   06326.00000000 +.00000030 +00000-0 +00000-0 0  9993
2 00879 062.2081 016.2102 8713704 137.9850 354.8746 00.37792570002852
0 OGO 1
1 00879U 64054A   06328.66666667 -.00000062 +00000-0 +00000-0 0  9990
2 00879 062.2838 016.0834 8710495 138.0135 357.7106 00.37787147002861
0 OGO 1
1 00879U 64054A   06331.29166667 +.00000021 +00000-0 +00000-0 0  9992
2 00879 062.4832 015.8347 8712861 138.1258 354.7974 00.37795774002875
0 OGO 1
1 00879U 64054A   06334.00000000 +.00000106 +00000-0 +00000-0 0  9996
2 00879 062.7516 015.5354 8703601 138.3030 002.9922 00.37783264002881
0 OGO 1
1 00879U 64054A   06336.62500000 -.00000123 +00000-0 +00000-0 0  9991
2 00879 062.8633 015.3969 8694190 138.3319 000.1573 00.37782387002892
0 OGO 1
1 00879U 64054A   06339.09600715  .00000000  00000-0  10000-3 0  9996
2 00879 062.9763 015.2628 8699110 138.4137 336.3202 00.37783702  2899
0 OGO 1
1 00879U 64054A   06339.25000000 -.00000449 +00000-0 +00000-0 0  9999
2 00879 062.9849 015.2371 8694748 138.3777 357.2639 00.37797217002904
0 OGO 1
1 00879U 64054A   06341.91666667 -.00000474 +00000-0 +00000-0 0  9990
2 00879 063.0867 015.0962 8694031 138.4452 359.9306 00.37791752002915
0 OGO 1
1 00879U 64054A   06344.54166667 -.00000273 +00000-0 +00000-0 0  9994
2 00879 063.1400 015.0077 8691637 138.4823 356.9877 00.37782802002924
0 OGO 1
1 00879U 64054A   06347.16666667 -.00000136 +00000-0 +00000-0 0  9998
2 00879 063.1976 014.9181 8690380 138.5127 354.0893 00.37784856002937
0 OGO 1
1 00879U 64054A   06349.83333333 -.00000136 +00000-0 +00000-0 0  9995
2 00879 063.2877 014.7957 8688903 138.5676 356.8265 00.37792178002944
0 OGO 1
1 00879U 64054A   06352.50000000 -.00000253 +00000-0 +00000-0 0  9995
2 00879 063.3809 014.6699 8684421 138.6194 359.5431 00.37793271002950
0 OGO 1
1 00879U 64054A   06355.12500000 -.00000415 +00000-0 +00000-0 0  9991
2 00879 063.4475 014.5595 8679709 138.6442 356.6760 00.37787811002960
0 OGO 1
1 00879U 64054A   06357.75000000 -.00000444 +00000-0 +00000-0 0  9999
2 00879 063.5992 014.3602 8680264 138.7050 353.8155 00.37793668002971
0 OGO 1
1 00879U 64054A   06360.37500000 -.00000365 +00000-0 +00000-0 0  9998
2 00879 063.8840 014.0506 8674588 138.8772 350.6817 00.37787331002981
0 OGO 1
1 00879U 64054A   06363.04166667 -.00000520 +00000-0 +00000-0 0  9995
2 00879 064.0138 013.9004 8662400 138.9249 353.4550 00.37778281002995
0 OGO 1
1 00879U 64054A   07003.33333333 -.00001092 +00000-0 +00000-0 0  9990
2 00879 064.2353 013.6115 8660928 139.0126 353.2949 00.37794040003010
0 OGO 1
1 00879U 64054A   07006.00000000 -.00000960 +00000-0 +00000-0 0  9992
2 00879 064.2992 013.5125 8658385 139.0566 356.0004 00.37783535003022
0 OGO 1
1 00879U 64054A   07008.66666667 -.00000809 +00000-0 +00000-0 0  9995
2 00879 064.3532 013.4282 8656517 139.0906 358.7718 00.37781948003037
0 OGO 1
1 00879U 64054A   07011.29166667 -.00000795 +00000-0 +00000-0 0  9997
2 00879 064.4336 013.3201 8655221 139.1310 355.8651 00.37788613003042
0 OGO 1
1 00879U 64054A   07013.95833333 -.00000890 +00000-0 +00000-0 0  9999
2 00879 064.5284 013.1975 8651447 139.1824 358.5824 00.37792125003053
0 OGO 1
1 00879U 64054A   07016.58333333 -.00001051 +00000-0 +00000-0 0  9996
2 00879 064.5940 013.0954 8645411 139.2098 355.6827 00.37787053003062
0 OGO 1
1 00879U 64054A   07019.25000000 -.00001132 +00000-0 +00000-0 0  9995
2 00879 064.6961 012.9471 8644204 139.2446 358.5435 00.37788568003074
0 OGO 1
1 00879U 64054A   07021.87500000 -.00001049 +00000-0 +00000-0 0  9998
2 00879 064.9818 012.6387 8642417 139.4011 355.4653 00.37790879003082
0 OGO 1
1 00879U 64054A   07024.54166667 -.00001081 +00000-0 +00000-0 0  9998
2 00879 065.1483 012.4572 8627271 139.4789 358.1387 00.37773281003093
0 OGO 1
1 00879U 64054A   07027.20833333 -.00001417 +00000-0 +00000-0 0  9998
2 00879 065.2458 012.3324 8623594 139.4873 001.0000 00.37786549003107
0 OGO 1
1 00879U 64054A   07029.83333333 -.00001677 +00000-0 +00000-0 0  9992
2 00879 065.3639 012.1830 8623625 139.5431 358.0270 00.37790635003111
0 OGO 1
1 00879U 64054A   07032.50000000 -.00001587 +00000-0 +00000-0 0  9992
2 00879 065.4343 012.0833 8620591 139.5914 000.6980 00.37781079003122
0 OGO 1
1 00879U 64054A   07035.12500000 -.00001379 +00000-0 +00000-0 0  9997
2 00879 065.4821 012.0061 8617844 139.6152 357.7778 00.37777251003137
0 OGO 1
1 00879U 64054A   07038.08333333 -.00001285 +00000-0 +00000-0 0  9994
2 00879 065.5625 011.8978 8615905 139.6506 040.2019 00.37781830003144
0 OGO 1
1 00879U 64054A   07040.41666667 -.00001309 +00000-0 +00000-0 0  9990
2 00879 065.6412 011.7982 8613270 139.6875 357.5782 00.37787028003152
0 OGO 1
1 00879U 64054A   07043.08333333 -.00001405 +00000-0 +00000-0 0  9994
2 00879 065.7102 011.6973 8606849 139.7162 000.2993 00.37785309003169
0 OGO 1
1 00879U 64054A   07043.08333333 -.00001405 +00000-0 +00000-0 0  9994
2 00879 065.7102 011.6973 8606849 139.7162 000.2993 00.37785309003169
0 OGO 1
1 00879U 64054A   07045.70833333 -.00001468 +00000-0 +00000-0 0  9999
2 00879 065.7699 011.5963 8602518 139.7255 357.4732 00.37778785003179
0 OGO 1
1 00879U 64054A   07048.37500000 -.00001361 +00000-0 +00000-0 0  9999
2 00879 065.9982 011.3441 8603721 139.8299 000.2022 00.37789866003189
0 OGO 1
1 00879U 64054A   07051.04166667 -.00001253 +00000-0 +00000-0 0  9994
2 00879 066.2455 011.0930 8588957 139.9580 002.7007 00.37770389003196
0 OGO 1
1 00879U 64054A   07053.66666667 -.00001443 +00000-0 +00000-0 0  9990
2 00879 066.3228 010.9947 8580467 139.9488 359.9163 00.37776755003201
0 OGO 1
1 00879U 64054A   07058.91666667 -.00001676 +00000-0 +00000-0 0  9991
2 00879 066.5147 010.7373 8578579 140.0271 353.9669 00.37782372003227
0 OGO 1
1 00879U 64054A   07061.58333333 -.00001405 +00000-0 +00000-0 0  9999
2 00879 066.5583 010.6677 8575105 140.0471 356.6988 00.37774839003235
0 OGO 1
1 00879U 64054A   07064.20833333 -.00001212 +00000-0 +00000-0 0  9992
2 00879 066.6107 010.5930 8573349 140.0627 353.8037 00.37777484003244
0 OGO 1
1 00879U 64054A   07066.87500000 -.00001149 +00000-0 +00000-0 0  9998
2 00879 066.6927 010.4930 8571008 140.0963 356.5369 00.37783997003251
0 OGO 1
1 00879U 64054A   07069.50000000 -.00001165 +00000-0 +00000-0 0  9994
2 00879 066.7690 010.3951 8565504 140.1124 353.5879 00.37786267003262
0 OGO 1
1 00879U 64054A   07072.16666667 -.00001193 +00000-0 +00000-0 0  9998
2 00879 066.8146 010.3146 8559328 140.1148 356.4010 00.37780497003277
0 OGO 1
1 00879U 64054A   07074.83333333 -.00001081 +00000-0 +00000-0 0  9991
2 00879 066.9457 010.1534 8559618 140.1538 359.2525 00.37785162003284
0 OGO 1
1 00879U 64054A   07077.45833333 -.00000882 +00000-0 +00000-0 0  9995
2 00879 067.2421 009.8662 8552391 140.3025 356.0853 00.37784270003299
0 OGO 1
1 00879U 64054A   07080.08333333 -.00000914 +00000-0 +00000-0 0  9999
2 00879 067.3325 009.7615 8537225 140.3109 353.2333 00.37768419003303
0 OGO 1
1 00879U 64054A   07082.70833333 -.00001167 +00000-0 +00000-0 0  9996
2 00879 067.4348 009.6365 8536573 140.3168 350.4037 00.37790741003314
0 OGO 1
1 00879U 64054A   07085.41666667 -.00001213 +00000-0 +00000-0 0  9993
2 00879 067.5396 009.5113 8535559 140.3739 358.7454 00.37789052003323
0 OGO 1
1 00879U 64054A   07088.04166667 -.00000951 +00000-0 +00000-0 0  9998
2 00879 067.5832 009.4445 8531976 140.3968 355.8004 00.37779710003338
0 OGO 1
1 00879U 64054A   07090.70833333 -.00000688 +00000-0 +00000-0 0  9992
2 00879 067.6266 009.3828 8529923 140.4019 358.5894 00.37778089003347
0 OGO 1
1 00879U 64054A   07093.33333333 -.00000577 +00000-0 +00000-0 0  9996
2 00879 067.6955 009.2976 8528197 140.4232 355.6865 00.37785283003355
0 OGO 1
1 00879U 64054A   07095.95833333 -.00000557 +00000-0 +00000-0 0  9999
2 00879 067.7716 009.2040 8523831 140.4513 352.7510 00.37789045003361
0 OGO 1
1 00879U 64054A   07098.62500000 -.00000576 +00000-0 +00000-0 0  9999
2 00879 067.8207 009.1264 8517422 140.4581 355.5346 00.37784848003373
0 OGO 1
1 00879U 64054A   07101.25000000 -.00000512 +00000-0 +00000-0 0  9998
2 00879 067.8931 009.0216 8515373 140.4634 352.7380 00.37784894003384
0 OGO 1
1 00879U 64054A   07101.33333333 -.00000507 +00000-0 +00000-0 0  9999
2 00879 067.8886 009.0358 8515483 140.4598 004.0712 00.37783429003380
0 OGO 1
1 00879U 64054A   07101.33333333 -.00000507 +00000-0 +00000-0 0  9999
2 00879 067.8886 009.0358 8515483 140.4598 004.0712 00.37783429003380
0 OGO 1
1 00879U 64054A   07103.95833333 -.00000303 +00000-0 +00000-0 0  9998
2 00879 068.1351 008.7929 8514640 140.5699 001.0621 00.37793961003397
0 OGO 1
1 00879U 64054A   07106.62500000 -.00000241 +00000-0 +00000-0 0  9998
2 00879 068.2992 008.6305 8497572 140.6363 003.6671 00.37771754003400
0 OGO 1
1 00879U 64054A   07109.25000000 -.00000471 +00000-0 +00000-0 0  9990
2 00879 068.3778 008.5315 8492262 140.6190 000.8975 00.37784685003416
0 OGO 1
1 00879U 64054A   07111.91666667 -.00000633 +00000-0 +00000-0 0  9993
2 00879 068.4961 008.3936 8492747 140.6592 003.5984 00.37792956003423
0 OGO 1
1 00879U 64054A   07114.58333333 -.00000458 +00000-0 +00000-0 0  9995
2 00879 068.5602 008.3012 8489798 140.6911 006.2756 00.37784221003432
0 OGO 1
1 00879U 64054A   07117.20833333 -.00000197 +00000-0 +00000-0 0  9992
2 00879 068.6450 008.1986 8485900 140.7210 003.2973 00.37784219003442
0 OGO 1
1 00879U 64054A   07119.87500000 -.00000078 +00000-0 +00000-0 0  9997
2 00879 068.6558 008.1717 8485505 140.7161 006.1435 00.37785796003456
0 OGO 1
1 00879U 64054A   07122.54166667 -.00000074 +00000-0 +00000-0 0  9998
2 00879 068.7377 008.0747 8482540 140.7390 008.8770 00.37791623003466
0 OGO 1
1 00879U 64054A   07125.12500000 -.00000120 +00000-0 +00000-0 0  9990
2 00879 068.7946 007.9957 8476553 140.7520 000.2939 00.37789625003474
0 OGO 1
1 00879U 64054A   07127.75000000 -.00000130 +00000-0 +00000-0 0  9997
2 00879 068.8467 007.9110 8472858 140.7504 357.4700 00.37785375003482
0 OGO 1
1 00879U 64054A   07130.41666667 +.00000006 +00000-0 +00000-0 0  9992
2 00879 069.0261 007.7242 8473346 140.8162 000.2341 00.37793650003495
0 OGO 1
1 00879U 64054A   07133.04166667 +.00000110 +00000-0 +00000-0 0  9995
2 00879 069.2443 007.5214 8461006 140.9193 357.1008 00.37783119003506
0 OGO 1
1 00879U 64054A   07135.70833333 -.00000086 +00000-0 +00000-0 0  9994
2 00879 069.3203 007.4335 8449980 140.9038 359.9557 00.37781223003513
0 OGO 1
1 00879U 64054A   07141.00000000 -.00000355 +00000-0 +00000-0 0  9990
2 00879 069.5169 007.2005 8448345 140.9658 359.7316 00.37790634003539
0 OGO 1
1 00879U 64054A   07146.29166667 -.00000024 +00000-0 +00000-0 0  9991
2 00879 069.5955 007.0703 8443370 141.0262 359.5848 00.37787053003552
0 OGO 1
1 00879U 64054A   07148.91666667 -.00000049 +00000-0 +00000-0 0  9994
2 00879 069.6754 006.9817 8440625 141.0516 356.6698 00.37792898003561
0 OGO 1
1 00879U 64054A   07151.58333333 -.00000135 +00000-0 +00000-0 0  9998
2 00879 069.7435 006.8978 8434989 141.0719 359.4149 00.37792458003571
0 OGO 1
1 00879U 64054A   07154.25000000 -.00000216 +00000-0 +00000-0 0  9997
2 00879 069.7964 006.8268 8430152 141.0579 002.2424 00.37788658003589
0 OGO 1
1 00879U 64054A   07156.87500000 -.00000175 +00000-0 +00000-0 0  9996
2 00879 069.9240 006.6804 8430062 141.0938 359.3958 00.37793807003592
0 OGO 1
1 00879U 64054A   07159.54166667 -.00000069 +00000-0 +00000-0 0  9992
2 00879 070.1530 006.4698 8422251 141.1996 001.9657 00.37790560003604
0 OGO 1
1 00879U 64054A   07162.16666667 -.00000203 +00000-0 +00000-0 0  9999
2 00879 070.2415 006.3759 8408102 141.2103 359.0644 00.37778437003617
0 OGO 1
1 00879U 64054A   07164.83333333 -.00000554 +00000-0 +00000-0 0  9995
2 00879 070.3369 006.2641 8405494 141.2112 001.8997 00.37794776003624
0 OGO 1
1 00879U 64054A   07167.45833333 -.00000698 +00000-0 +00000-0 0  9990
2 00879 070.4355 006.1508 8404988 141.2345 358.9057 00.37793775003638
0 OGO 1
1 00879U 64054A   07170.08333333 -.00000555 +00000-0 +00000-0 0  9990
2 00879 070.4793 006.0878 8401974 141.2604 355.9331 00.37783837003644
0 OGO 1
1 00879U 64054A   07172.70833333 -.00000432 +00000-0 +00000-0 0  9990
2 00879 070.5213 006.0307 8399605 141.2709 353.0351 00.37783724003659
0 OGO 1
1 00879U 64054A   07176.75000000 -.00000512 +00000-0 +00000-0 0  9995
2 00879 070.6293 005.9140 8394703 141.3219 182.8212 00.37788262003669
0 OGO 1
1 00879U 64054A   07179.41666667 -.00000629 +00000-0 +00000-0 0  9997
2 00879 070.6935 005.8391 8389170 141.3387 185.5803 00.37794609003676
0 OGO 1
1 00879U 64054A   07182.04166667 -.00000713 +00000-0 +00000-0 0  9999
2 00879 070.7540 005.7388 8385584 141.3322 182.7207 00.37800683003686
0 OGO 1
1 00879U 64054A   07184.70833333 -.00000664 +00000-0 +00000-0 0  9990
2 00879 070.8891 005.5614 8381473 141.4026 185.4471 00.37775458003696
0 OGO 1
1 00879U 64054A   07188.62500000 -.00000653 +00000-0 +00000-0 0  9995
2 00879 071.1392 005.3653 8364395 141.4660 358.0926 00.37774409003716
0 OGO 1
1 00879U 64054A   07191.29166667 -.00000979 +00000-0 +00000-0 0  9990
2 00879 071.2159 005.2739 8358955 141.4533 000.9479 00.37788209003726
0 OGO 1
1 00879U 64054A   07193.87500000 -.00001233 +00000-0 +00000-0 0  9993
2 00879 071.3196 005.1573 8358456 141.4909 352.3064 00.37793961003732
0 OGO 1
1 00879U 64054A   07199.16666667 -.00001008 +00000-0 +00000-0 0  9993
2 00879 071.4106 005.0313 8352365 141.5335 352.0550 00.37781466003758
0 OGO 1
1 00879U 64054A   07201.83333333 -.00000996 +00000-0 +00000-0 0  9997
2 00879 071.4731 004.9597 8349936 141.5488 354.8173 00.37784878003765
0 OGO 1
1 00879U 64054A   07207.12500000 -.00001177 +00000-0 +00000-0 0  9994
2 00879 071.5861 004.8149 8338732 141.5780 354.6406 00.37786216003786
0 OGO 1
1 00879U 64054A   07212.45833333 -.00001124 +00000-0 +00000-0 0  9996
2 00879 071.8436 004.5350 8333043 141.6462 000.2008 00.37791535003801
0 OGO 1
1 00879U 64054A   07215.08333333 -.00001053 +00000-0 +00000-0 0  9994
2 00879 071.9976 004.3933 8317071 141.7099 357.1208 00.37772703003819
0 OGO 1
1 00879U 64054A   07217.70833333 -.00001261 +00000-0 +00000-0 0  9991
2 00879 072.0532 004.3245 8308155 141.6842 354.3373 00.37780460003825
0 OGO 1
1 00879U 64054A   07220.33333333 -.00001556 +00000-0 +00000-0 0  9996
2 00879 072.1547 004.2103 8307300 141.7023 351.4136 00.37792056003837
0 OGO 1
1 00879U 64054A   07223.00000000 -.00001556 +00000-0 +00000-0 0  9995
2 00879 072.2229 004.1263 8304340 141.7430 354.0732 00.37784804003848
0 OGO 1
1 00879U 64054A   07225.62500000 -.00001352 +00000-0 +00000-0 0  9994
2 00879 072.2543 004.0788 8300809 141.7546 351.1437 00.37777979003858
0 OGO 1
1 00879U 64054A   07228.29166667 -.00001250 +00000-0 +00000-0 0  9994
2 00879 072.3049 004.0186 8298287 141.7630 353.9140 00.37780810003862
0 OGO 1
1 00879U 64054A   07230.91666667 -.00001277 +00000-0 +00000-0 0  9990
2 00879 072.3733 003.9447 8294525 141.7809 350.9848 00.37785919003877
0 OGO 1
1 00879U 64054A   07233.58333333 -.00001328 +00000-0 +00000-0 0  9994
2 00879 072.4236 003.8807 8287831 141.7907 353.7295 00.37785517003888
0 OGO 1
1 00879U 64054A   07236.20833333 -.00001342 +00000-0 +00000-0 0  9997
2 00879 072.4553 003.8228 8282033 141.7792 350.8972 00.37781632003893
0 OGO 1
1 00879U 64054A   07238.66291109 -.00001249 +00000-0 +10000-3 0  9998
2 00879 072.5888 003.6861 8281573 141.8096 324.8537 00.37787252003906
0 OGO 1
1 00879U 64054A   07238.91666667 -.00001233 +00000-0 +00000-0 0  9990
2 00879 072.5958 003.6781 8281157 141.8115 359.3728 00.37786626003904
0 OGO 1
1 00879U 64054A   07241.54166667 -.00001066 +00000-0 +00000-0 0  9992
2 00879 072.8049 003.4918 8269054 141.9041 356.2261 00.37777655003910
0 OGO 1
1 00879U 64054A   07244.16666667 -.00001119 +00000-0 +10000-3 0  9991
2 00879 072.8526 003.4342 8254716 141.8836 353.4003 00.37769716003924
0 OGO 1
1 00879U 64054A   07246.79166667 -.00001378 +00000-0 +10000-3 0  9994
2 00879 072.9448 003.3299 8253269 141.8789 350.5406 00.37790281003934
0 OGO 1
1 00879U 64054A   07249.41666667 -.00001446 +00000-0 +10000-3 0  9997
2 00879 073.0269 003.2358 8251132 141.9146 347.5224 00.37787176003941
0 OGO 1
1 00879U 64054A   07252.12500000 -.00001219 +00000-0 +10000-3 0  9995
2 00879 073.0613 003.1871 8247034 141.9342 355.8919 00.37777873003954
0 OGO 1
1 00879U 64054A   07254.75000000 -.00001023 +00000-0 +10000-3 0  9994
2 00879 073.0970 003.1409 8244518 141.9373 352.9919 00.37777229003969
0 OGO 1
1 00879U 64054A   07257.41666667 -.00000982 +00000-0 +10000-3 0  9990
2 00879 073.1608 003.0726 8241402 141.9510 355.7347 00.37784379003972
0 OGO 1
1 00879U 64054A   07260.08333333 -.00000989 +00000-0 +10000-3 0  9995
2 00879 073.2398 002.9800 8234648 141.9753 358.4711 00.37789914003989
0 OGO 1
1 00879U 64054A   07262.75000000 -.00000972 +00000-0 +10000-3 0  9995
2 00879 073.2445 002.9554 8228408 141.9565 001.2590 00.37782389003994
0 OGO 1
1 00879U 64054A   07265.37500000 -.00000862 +00000-0 +10000-3 0  9999
2 00879 073.3177 002.8649 8226212 141.9571 358.4483 00.37784668004002
0 OGO 1
1 00879U 64054A   07268.00000000 -.00000650 +00000-0 +10000-3 0  9992
2 00879 073.5343 002.6762 8221180 142.0419 355.3923 00.37789526004019
0 OGO 1
1 00879U 64054A   07270.66666667 -.00000571 +00000-0 +10000-3 0  9996
2 00879 073.6164 002.5936 8202442 142.0600 358.0694 00.37765527004026
0 OGO 1
1 00879U 64054A   07273.29166667 -.00000764 +00000-0 +10000-3 0  9997
2 00879 073.6828 002.5134 8197681 142.0314 355.2914 00.37786332004035
0 OGO 1
1 00879U 64054A   07275.91666667 -.00000902 +00000-0 +10000-3 0  9997
2 00879 073.7830 002.4036 8196962 142.0621 352.3009 00.37792427004047
0 OGO 1
1 00879U 64054A   07278.54166667 -.00000733 +00000-0 +10000-3 0  9996
2 00879 073.8223 002.3500 8193058 142.0884 349.3061 00.37782217004054
0 OGO 1
1 00879U 64054A   07281.25000000 -.00000477 +00000-0 +10000-3 0  9991
2 00879 073.8478 002.3114 8189672 142.0942 357.7290 00.37780216004064
0 OGO 1
1 00879U 64054A   07283.87500000 -.00000389 +00000-0 +10000-3 0  9998
2 00879 073.9037 002.2515 8187154 142.1042 354.8258 00.37786222004071
0 OGO 1
1 00879U 64054A   07289.16666667 -.00000379 +00000-0 +10000-3 0  9997
2 00879 074.0001 002.1299 8175024 142.1198 354.6627 00.37786689004094
0 OGO 1
1 00879U 64054A   07291.79166667 -.00000305 +00000-0 +10000-3 0  9993
2 00879 074.0400 002.0660 8171020 142.1073 351.8517 00.37785267004102
0 OGO 1
1 00879U 64054A   07294.50000000 -.00000113 +00000-0 +10000-3 0  9990
2 00879 074.2032 001.9141 8169139 142.1556 000.2636 00.37793769004115
0 OGO 1
1 00879U 64054A   07297.12500000 +.00000030 +00000-0 +10000-3 0  9993
2 00879 074.3565 001.7825 8153229 142.2225 357.1430 00.37777869004121
0 OGO 1
1 00879U 64054A   07299.79166667 -.00000105 +00000-0 +10000-3 0  9999
2 00879 074.3987 001.7241 8141873 142.1886 000.0298 00.37779572004135
0 OGO 1
1 00879U 64054A   07302.45833333 -.00000327 +00000-0 +10000-3 0  9994
2 00879 074.5049 001.6106 8140810 142.1891 002.7866 00.37796008004145
0 OGO 1
1 00879U 64054A   07305.08333333 -.00000275 +00000-0 +10000-3 0  9993
2 00879 074.5681 001.5356 8137887 142.2264 359.7576 00.37789290004157
0 OGO 1
1 00879U 64054A   07307.75000000 -.00000046 +00000-0 +10000-3 0  9997
2 00879 074.5887 001.4983 8134071 142.2407 002.4864 00.37781957004166
0 OGO 1
1 00879U 64054A   07310.37500000 +.00000055 +00000-0 +10000-3 0  9993
2 00879 074.6357 001.4464 8131503 142.2471 359.5928 00.37786965004173
0 OGO 1
1 00879U 64054A   07313.04166667 +.00000024 +00000-0 +10000-3 0  9993
2 00879 074.7042 001.3761 8127271 142.2643 002.3318 00.37791082004185
0 OGO 1
1 00879U 64054A   07315.66666667 -.00000015 +00000-0 +10000-3 0  9999
2 00879 074.7424 001.3196 8120585 142.2802 359.4096 00.37790238004191
0 OGO 1
1 00879U 64054A   07318.33333333 -.00000008 +00000-0 +10000-3 0  9999
2 00879 074.7733 001.2638 8115241 142.2691 002.2345 00.37787063004207
0 OGO 1
1 00879U 64054A   07320.95833333 +.00000101 +00000-0 +10000-3 0  9998
2 00879 074.8826 001.1504 8113890 142.2897 359.3743 00.37792556004210
0 OGO 1
1 00879U 64054A   07323.58333333 +.00000241 +00000-0 +10000-3 0  9990
2 00879 075.0631 001.0013 8103803 142.3567 356.2807 00.37787057004227
0 OGO 1
1 00879U 64054A   07326.20833333 +.00000160 +00000-0 +10000-3 0  9997
2 00879 075.1162 000.9425 8087846 142.3500 353.3790 00.37776713004234
0 OGO 1
1 00879U 64054A   07328.87500000 -.00000131 +00000-0 +10000-3 0  9993
2 00879 075.1985 000.8471 8084552 142.3388 356.2111 00.37793996004244
0 OGO 1
1 00879U 64054A   07334.16666667 -.00000102 +00000-0 +10000-3 0  9992
2 00879 075.3160 000.7058 8079253 142.4008 355.8658 00.37785268004269
0 OGO 1
1 00879U 64054A   07336.83333333 -.00000001 +00000-0 +10000-3 0  9997
2 00879 075.3538 000.6607 8076202 142.4085 358.6295 00.37785917004273
0 OGO 1
1 00879U 64054A   07339.45833333 -.00000065 +00000-0 +10000-3 0  9993
2 00879 075.4195 000.5950 8072699 142.4236 355.7095 00.37791238004287
0 OGO 1
1 00879U 64054A   07342.08333333 -.00000166 +00000-0 +10000-3 0  9993
2 00879 075.4761 000.5359 8066601 142.4506 352.7760 00.37791516004291
0 OGO 1
1 00879U 64054A   07344.70833333 -.00000227 +00000-0 +10000-3 0  9997
2 00879 075.5049 000.4857 8060410 142.4446 349.9077 00.37789381004306
0 OGO 1
1 00879U 64054A   07347.33333333 -.00000207 +00000-0 +10000-3 0  9992
2 00879 075.5812 000.3949 8058163 142.4505 347.0678 00.37792322004319
0 OGO 1
1 00879U 64054A   07350.04166667 -.00000099 +00000-0 +10000-3 0  9997
2 00879 075.7527 000.2452 8052044 142.5174 355.3756 00.37791302004324
0 OGO 1
1 00879U 64054A   07352.66666667 -.00000125 +00000-0 +10000-3 0  9992
2 00879 075.8339 000.1703 8035963 142.5412 352.3862 00.37777080004333
0 OGO 1
1 00879U 64054A   07357.66666667 -.00000652 +00000-0 +10000-3 0  9992
2 00879 075.9753 000.0049 8028086 142.5434 312.5829 00.37798900004344
0 OGO 1
1 00879U 64054A   07360.29166667 -.00000641 +00000-0 +10000-3 0  9998
2 00879 076.0219 359.9450 8024826 142.5762 309.5730 00.37789482004350
0 OGO 1
1 00879U 64054A   07362.95833333 -.00000520 +00000-0 +10000-3 0  9990
2 00879 076.0540 359.9028 8021093 142.5905 312.3119 00.37787958004360
0 OGO 1
1 00879U 64054A   07365.95833333 -.00000568 +00000-0 +10000-3 0  9995
2 00879 076.1176 359.8358 8016894 142.6054 000.4086 00.37788683004386
0 OGO 1
1 00879U 64054A   08003.58333333 -.00000695 +00000-0 +10000-3 0  9990
2 00879 076.1770 359.7735 8011264 142.6225 357.4696 00.37791360004399
0 OGO 1
1 00879U 64054A   08006.25000000 -.00000786 +00000-0 +10000-3 0  9990
2 00879 076.2085 359.7242 8004254 142.6237 000.2421 00.37788624004406
0 OGO 1
1 00879U 64054A   08008.83333333 -.00000802 +00000-0 +10000-3 0  9993
2 00879 076.2586 359.6555 8000512 142.6198 351.7415 00.37789743004418
0 OGO 1
1 00879U 64054A   08011.45833333 -.00000715 +00000-0 +10000-3 0  9993
2 00879 076.4014 359.5206 7996224 142.6915 348.7620 00.37792067004426
0 OGO 1
1 00879U 64054A   08014.16666667 -.00000663 +00000-0 +10000-3 0  9990
2 00879 076.5107 359.4265 7980538 142.7366 357.0443 00.37777048004435
0 OGO 1
1 00879U 64054A   08016.79166667 -.00000867 +00000-0 +10000-3 0  9992
2 00879 076.5546 359.3709 7970441 142.7131 354.2178 00.37781706004447
0 OGO 1
1 00879U 64054A   08019.45833333 -.00001166 +00000-0 +10000-3 0  9992
2 00879 076.6464 359.2720 7968337 142.7067 356.9634 00.37792665004451
0 OGO 1
1 00879U 64054A   08022.08333333 -.00001201 +00000-0 +10000-3 0  9990
2 00879 076.7038 359.2028 7965230 142.7440 353.9328 00.37787612004468
0 OGO 1
1 00879U 64054A   08022.08333333 -.00001201 +00000-0 +10000-3 0  9990
2 00879 076.7038 359.2028 7965230 142.7440 353.9328 00.37787612004468
0 OGO 1
1 00879U 64054A   08024.75000000 -.00001057 +00000-0 +10000-3 0  9997
2 00879 076.7347 359.1606 7961239 142.7645 356.6344 00.37781496004477
0 OGO 1
1 00879U 64054A   08028.04166667 -.00001053 +00000-0 +10000-3 0  9991
2 00879 076.8007 359.0978 7956129 142.7811 084.3890 00.37786687004488
0 OGO 1
1 00879U 64054A   08030.70833333 -.00001156 +00000-0 +10000-3 0  9992
2 00879 076.8612 359.0372 7950691 142.7964 087.1262 00.37792192004498
0 OGO 1
1 00879U 64054A   08032.66666667 -.00001204 +00000-0 +10000-3 0  9997
2 00879 076.8794 359.0036 7944787 142.8002 353.5127 00.37786689004505
0 OGO 1
1 00879U 64054A   08035.29166667 -.00001204 +00000-0 +10000-3 0  9994
2 00879 076.9092 358.9524 7939242 142.7909 350.6704 00.37784418004510
0 OGO 1
1 00879U 64054A   08040.66666667 -.00000958 +00000-0 +10000-3 0  9991
2 00879 077.1735 358.7162 7922719 142.8833 001.6704 00.37778109004536
0 OGO 1
1 00879U 64054A   08043.29166667 -.00001023 +00000-0 +10000-3 0  9992
2 00879 077.2037 358.6759 7908703 142.8619 358.8235 00.37775180004545
0 OGO 1
1 00879U 64054A   08045.91666667 -.00001277 +00000-0 +10000-3 0  9999
2 00879 077.2799 358.5904 7905582 142.8553 355.9494 00.37789028004552
0 OGO 1
1 00879U 64054A   08048.58333333 -.00001363 +00000-0 +10000-3 0  9992
2 00879 077.3463 358.5145 7902438 142.8889 358.5971 00.37788351004565
0 OGO 1
1 00879U 64054A   08051.20833333 -.00001195 +00000-0 +10000-3 0  9993
2 00879 077.3721 358.4766 7898259 142.9111 355.6182 00.37781886004573
0 OGO 1
1 00879U 64054A   08053.83333333 -.00001067 +00000-0 +10000-3 0  9997
2 00879 077.4090 358.4355 7894845 142.9221 352.6971 00.37781439004584
0 OGO 1
1 00879U 64054A   08056.50000000 -.00001095 +00000-0 +10000-3 0  9997
2 00879 077.4655 358.3783 7890088 142.9326 355.4321 00.37786172004596
0 OGO 1
1 00879U 64054A   08059.12500000 -.00001135 +00000-0 +10000-3 0  9998
2 00879 077.5037 358.3323 7882803 142.9414 352.5045 00.37786497004608
0 OGO 1
1 00879U 64054A   08064.45833333 -.00000976 +00000-0 +10000-3 0  9990
2 00879 077.5912 358.2143 7873049 142.9292 358.1553 00.37787487004623
0 OGO 1
1 00879U 64054A   08067.12500000 -.00000776 +00000-0 +10000-3 0  9997
2 00879 077.7571 358.0811 7864584 142.9971 000.7673 00.37787246004631
0 OGO 1
1 00879U 64054A   08069.75000000 -.00000704 +00000-0 +10000-3 0  9994
2 00879 077.7962 358.0365 7846665 142.9993 357.8240 00.37770161004648
0 OGO 1
1 00879U 64054A   08072.37500000 -.00000875 +00000-0 +10000-3 0  9990
2 00879 077.8501 357.9697 7841296 142.9692 355.0276 00.37785910004653
0 OGO 1
1 00879U 64054A   08083.00000000 -.00000634 +00000-0 +10000-3 0  9990
2 00879 078.0324 357.7619 7827579 143.0417 000.2037 00.37786401004690
0 OGO 1
1 00879U 64054A   08085.62500000 -.00000665 +00000-0 +10000-3 0  9999
2 00879 078.0770 357.7129 7821033 143.0534 357.2701 00.37787814004704
0 OGO 1
1 00879U 64054A   08088.29166667 -.00000634 +00000-0 +10000-3 0  9998
2 00879 078.0948 357.6781 7813584 143.0463 000.0570 00.37784926004716
0 OGO 1
1 00879U 64054A   08090.91666667 -.00000520 +00000-0 +10000-3 0  9999
2 00879 078.1309 357.6236 7809640 143.0322 357.2468 00.37786226004724
0 OGO 1
1 00879U 64054A   08096.25000000 -.00000167 +00000-0 +10000-3 0  9992
2 00879 078.3600 357.4276 7788722 143.1158 002.5645 00.37776251004743
0 OGO 1
1 00879U 64054A   08098.87500000 -.00000264 +00000-0 +10000-3 0  9995
2 00879 078.3851 357.3841 7778232 143.0759 359.7886 00.37779901004759
0 OGO 1
1 00879U 64054A   08101.50000000 -.00000452 +00000-0 +10000-3 0  9994
2 00879 078.4719 357.2907 7776856 143.0846 356.8671 00.37793556004765
0 OGO 1
1 00879U 64054A   08104.16666667 -.00000406 +00000-0 +10000-3 0  9995
2 00879 078.5176 357.2342 7773165 143.1211 359.5066 00.37787857004779
0 OGO 1
1 00879U 64054A   08108.79166667 -.00000131 +00000-0 +10000-3 0  9998
2 00879 078.5712 357.1651 7765114 143.1438 268.5791 00.37782912004785
0 OGO 1
1 00879U 64054A   08109.41666667 -.00000130 +00000-0 +10000-3 0  9992
2 00879 078.5784 357.1626 7766659 143.1398 353.6669 00.37782321004791
0 OGO 1
1 00879U 64054A   08112.04166667 -.00000181 +00000-0 +10000-3 0  9996
2 00879 078.6317 357.1085 7760929 143.1532 350.7346 00.37789398004800
0 OGO 1
1 00879U 64054A   08114.70833333 -.00000198 +00000-0 +10000-3 0  9990
2 00879 078.6577 357.0687 7753308 143.1533 353.4996 00.37788128004811
0 OGO 1
1 00879U 64054A   08117.41666667 -.00000132 +00000-0 +10000-3 0  9993
2 00879 078.6792 357.0208 7748081 143.1400 002.0120 00.37786741004820
0 OGO 1
1 00879U 64054A   08117.41666667 -.00000132 +00000-0 +10000-3 0  9993
2 00879 078.6827 357.0217 7747942 143.1439 002.0115 00.37791645004829
0 OGO 1
1 00879U 64054A   08120.04166667 +.00000019 +00000-0 +10000-3 0  9994
2 00879 078.7764 356.9284 7745857 143.1554 359.1513 00.37792207004837
0 OGO 1
1 00879U 64054A   08122.70833333 +.00000182 +00000-0 +10000-3 0  9991
2 00879 078.9099 356.8233 7733898 143.2159 001.7478 00.37787800004841
0 OGO 1
1 00879U 64054A   08128.00000000 -.00000088 +00000-0 +10000-3 0  9993
2 00879 079.0050 356.7035 7715115 143.1786 001.7231 00.37793637004860
0 OGO 1
1 00879U 64054A   08130.62500000 -.00000175 +00000-0 +10000-3 0  9996
2 00879 079.0741 356.6267 7712920 143.2155 358.7009 00.37794372004871
0 OGO 1
1 00879U 64054A   08133.25000000 -.00000035 +00000-0 +10000-3 0  9998
2 00879 079.0935 356.6011 7708989 143.2431 355.7227 00.37786181004889
0 OGO 1
1 00879U 64054A   08135.91666667 +.00000052 +00000-0 +10000-3 0  9998
2 00879 079.1268 356.5651 7705619 143.2508 358.4925 00.37787302004892
0 OGO 1
1 00879U 64054A   08138.58333333 -.00000025 +00000-0 +10000-3 0  9996
2 00879 079.1852 356.5085 7701052 143.2593 001.2409 00.37791364004908
0 OGO 1
1 00879U 64054A   08138.58333333 -.00000025 +00000-0 +10000-3 0  9996
2 00879 079.1852 356.5085 7701052 143.2593 001.2409 00.37791364004908
0 OGO 1
1 00879U 64054A   08141.20833333 -.00000108 +00000-0 +10000-3 0  9996
2 00879 079.2213 356.4649 7693942 143.2666 358.3233 00.37790759004913
0 OGO 1
1 00879U 64054A   08143.87500000 -.00000109 +00000-0 +10000-3 0  9994
2 00879 079.2370 356.4273 7687658 143.2544 001.1454 00.37788760004920
0 OGO 1
1 00879U 64054A   08146.50000000 -.00000026 +00000-0 +10000-3 0  9990
2 00879 079.3024 356.3549 7685200 143.2553 358.3127 00.37792447004935
0 OGO 1
1 00879U 64054A   08149.12500000 +.00000108 +00000-0 +10000-3 0  9996
2 00879 079.4350 356.2478 7677972 143.3076 355.3063 00.37791654004942
0 OGO 1
1 00879U 64054A   08151.79166667 +.00000118 +00000-0 +10000-3 0  9990
2 00879 079.4851 356.1998 7661258 143.3206 358.0057 00.37778753004958
0 OGO 1
1 00879U 64054A   08154.41666667 -.00000108 +00000-0 +10000-3 0  9997
2 00879 079.5297 356.1431 7654187 143.2852 355.2061 00.37788482004969
0 OGO 1
1 00879U 64054A   08157.08333333 -.00000320 +00000-0 +10000-3 0  9990
2 00879 079.6085 356.0563 7652576 143.3089 357.9009 00.37796860004974
0 OGO 1
1 00879U 64054A   08159.70833333 -.00000279 +00000-0 +10000-3 0  9999
2 00879 079.6401 356.0088 7648929 143.3478 354.8751 00.37789164004987
0 OGO 1
1 00879U 64054A   08162.33333333 -.00000186 +00000-0 +10000-3 0  9994
2 00879 079.6625 355.9800 7645028 143.3618 351.9486 00.37786022004992
0 OGO 1
1 00879U 64054A   08164.95833333 -.00000257 +00000-0 +10000-3 0  9998
2 00879 079.7124 355.9330 7640906 143.3731 349.0359 00.37789906005005
0 OGO 1
1 00879U 64054A   08167.66666667 -.00000395 +00000-0 +10000-3 0  9996
2 00879 079.7634 355.8824 7634439 143.3885 357.4390 00.37790887005011
0 OGO 1
1 00879U 64054A   08170.29166667 -.00000453 +00000-0 +10000-3 0  9999
2 00879 079.7790 355.8481 7627474 143.3833 354.5620 00.37788781005022
0 OGO 1
1 00879U 64054A   08172.95833333 -.00000422 +00000-0 +10000-3 0  9991
2 00879 079.8208 355.7907 7623759 143.3771 357.3993 00.37789738005030
0 OGO 1
1 00879U 64054A   08175.62500000 -.00000316 +00000-0 +10000-3 0  9992
2 00879 079.9390 355.6884 7618767 143.4162 000.1104 00.37791620005045
0 OGO 1
1 00879U 64054A   08178.25000000 -.00000260 +00000-0 +10000-3 0  9997
2 00879 080.0124 355.6269 7603672 143.4498 357.0925 00.37779867005056
0 OGO 1
1 00879U 64054A   08180.91666667 -.00000434 +00000-0 +10000-3 0  9993
2 00879 080.0409 355.5844 7592834 143.4210 359.9388 00.37783164005069
0 OGO 1
1 00879U 64054A   08183.54166667 -.00000701 +00000-0 +10000-3 0  9997
2 00879 080.1104 355.5048 7590233 143.4261 357.0280 00.37794489005078
0 OGO 1
1 00879U 64054A   08186.16666667 -.00000756 +00000-0 +10000-3 0  9993
2 00879 080.1571 355.4469 7587163 143.4667 353.9953 00.37791048005081
0 OGO 1
1 00879U 64054A   08188.83333333 -.00000657 +00000-0 +10000-3 0  9990
2 00879 080.1775 355.4157 7582880 143.4930 356.6953 00.37784536005090
0 OGO 1
1 00879U 64054A   08191.45833333 -.00000684 +00000-0 +10000-3 0  9997
2 00879 080.2173 355.3764 7578584 143.5045 353.7822 00.37787330005100
0 OGO 1
1 00879U 64054A   08199.08333333 -.00000907 +00000-0 +10000-3 0  9997
2 00879 080.3017 355.2584 7560454 143.5087 311.1129 00.37792395005138
0 OGO 1
1 00879U 64054A   08204.75000000 -.00000692 +00000-0 +10000-3 0  9991
2 00879 080.4992 355.0839 7542512 143.5827 001.8519 00.37783609005155
0 OGO 1
1 00879U 64054A   08207.37500000 -.00000762 +00000-0 +10000-3 0  9995
2 00879 080.5293 355.0499 7532251 143.5716 359.0488 00.37787358005167
0 OGO 1
1 00879U 64054A   08210.04166667 -.00001012 +00000-0 +10000-3 0  9999
2 00879 080.5803 354.9824 7524963 143.5518 001.8088 00.37790636005177
0 OGO 1
1 00879U 64054A   08212.66666667 -.00001131 +00000-0 +10000-3 0  9996
2 00879 080.6342 354.9179 7522002 143.5856 358.7997 00.37791088005182
0 OGO 1
1 00879U 64054A   08215.33333333 -.00001027 +00000-0 +10000-3 0  9998
2 00879 080.6585 354.8845 7517721 143.6174 001.4722 00.37783826005196
0 OGO 1
1 00879U 64054A   08217.95833333 -.00000974 +00000-0 +10000-3 0  9993
2 00879 080.6894 354.8515 7513362 143.6315 358.5457 00.37784377005202
0 OGO 1
1 00879U 64054A   08220.58333333 -.00001073 +00000-0 +10000-3 0  9992
2 00879 080.7343 354.8086 7507641 143.6445 355.6204 00.37787180005216
0 OGO 1
1 00879U 64054A   08223.25000000 -.00001159 +00000-0 +10000-3 0  9996
2 00879 080.7596 354.7736 7499839 143.6501 358.3742 00.37786716005221
0 OGO 1
1 00879U 64054A   08225.87500000 -.00001137 +00000-0 +10000-3 0  9997
2 00879 080.7710 354.7397 7493521 143.6399 355.5284 00.37784735005239
0 OGO 1
1 00879U 64054A   08228.50000000 -.00001025 +00000-0 +10000-3 0  9991
2 00879 080.8413 354.6672 7490145 143.6467 352.6741 00.37789253005247
0 OGO 1
1 00879U 64054A   08231.16666667 -.00000860 +00000-0 +10000-3 0  9990
2 00879 080.9556 354.5771 7479695 143.7006 355.3032 00.37784883005250
0 OGO 1
1 00879U 64054A   08233.79166667 -.00000806 +00000-0 +10000-3 0  9996
2 00879 080.9743 354.5507 7463705 143.6937 352.3948 00.37773892005264
0 OGO 1
1 00879U 64054A   08236.50000000 -.00000975 +00000-0 +10000-3 0  9993
2 00879 081.0219 354.4917 7457531 143.6681 000.9119 00.37785693005273
0 OGO 1
1 00879U 64054A   08239.12500000 -.00001126 +00000-0 +10000-3 0  9998
2 00879 081.0833 354.4220 7454680 143.6931 357.9299 00.37790483005280
0 OGO 1
1 00879U 64054A   08241.75000000 -.00001040 +00000-0 +10000-3 0  9990
2 00879 081.1056 354.3872 7450544 143.7266 354.9204 00.37784207005298
0 OGO 1
1 00879U 64054A   08244.45833333 -.00000900 +00000-0 +10000-3 0  9997
2 00879 081.1279 354.3582 7446291 143.7449 003.3139 00.37782552005305
0 OGO 1
1 00879U 64054A   08247.08333333 -.00000924 +00000-0 +10000-3 0  9990
2 00879 081.1702 354.3184 7441166 143.7591 000.3869 00.37786267005313
0 OGO 1
1 00879U 64054A   08249.70833333 -.00000995 +00000-0 +10000-3 0  9994
2 00879 081.2004 354.2825 7433661 143.7683 357.4597 00.37786884005323
0 OGO 1
1 00879U 64054A   08252.37500000 -.00000965 +00000-0 +10000-3 0  9990
2 00879 081.2107 354.2540 7426174 143.7594 000.2602 00.37784526005335
0 OGO 1
1 00879U 64054A   08255.00000000 -.00000836 +00000-0 +10000-3 0  9995
2 00879 081.2501 354.2020 7422356 143.7503 357.4390 00.37787384005341
0 OGO 1
1 00879U 64054A   08260.87500000 -.00000485 +00000-0 +10000-3 0  9991
2 00879 081.4146 354.0605 7396362 143.8153 076.4875 00.37795467005363
0 OGO 1
1 00879U 64054A   08262.95833333 -.00000556 +00000-0 +10000-3 0  9999
2 00879 081.4246 354.0321 7389543 143.7804 000.0105 00.37781500005377
0 OGO 1
1 00879U 64054A   08265.62500000 -.00000716 +00000-0 +10000-3 0  9996
2 00879 081.4974 353.9548 7386726 143.7936 002.7496 00.37792661005383
0 OGO 1
1 00879U 64054A   08268.25000000 -.00000680 +00000-0 +10000-3 0  9993
2 00879 081.5288 353.9116 7382734 143.8322 359.7243 00.37787614005396
0 OGO 1
1 00879U 64054A   08270.91666667 -.00000502 +00000-0 +10000-3 0  9999
2 00879 081.5418 353.8893 7378683 143.8524 002.4409 00.37783853005403
0 OGO 1
1 00879U 64054A   08273.54166667 -.00000454 +00000-0 +10000-3 0  9992
2 00879 081.5770 353.8529 7374356 143.8647 359.5200 00.37786759005413
0 OGO 1
1 00879U 64054A   08276.16666667 -.00000517 +00000-0 +10000-3 0  9998
2 00879 081.6151 353.8132 7367475 143.8793 356.5850 00.37788145005423
0 OGO 1
1 00879U 64054A   08278.83333333 -.00000512 +00000-0 +10000-3 0  9990
2 00879 081.6293 353.7844 7359499 143.8809 359.3607 00.37786544005437
0 OGO 1
1 00879U 64054A   08281.50000000 -.00000395 +00000-0 +10000-3 0  9999
2 00879 081.6475 353.7462 7354496 143.8654 002.2094 00.37786531005446
0 OGO 1
1 00879U 64054A   08284.12500000 -.00000206 +00000-0 +10000-3 0  9996
2 00879 081.7371 353.6679 7350902 143.8868 359.3184 00.37791682005456
0 OGO 1
1 00879U 64054A   08286.79166667 -.00000019 +00000-0 +10000-3 0  9990
2 00879 081.8199 353.6015 7336602 143.9378 001.9237 00.37784855005461
0 OGO 1
1 00879U 64054A   08289.41666667 -.00000004 +00000-0 +10000-3 0  9991
2 00879 081.8225 353.5780 7322563 143.9079 359.0951 00.37777925005479
0 OGO 1
1 00879U 64054A   08292.08333333 -.00000165 +00000-0 +10000-3 0  9997
2 00879 081.8854 353.5050 7319158 143.8943 001.9139 00.37793007005483
0 OGO 1
1 00879U 64054A   08294.70833333 -.00000220 +00000-0 +10000-3 0  9995
2 00879 081.9291 353.4456 7315544 143.9364 358.8829 00.37793317005496
0 OGO 1
1 00879U 64054A   08297.33333333 -.00000078 +00000-0 +10000-3 0  9993
2 00879 081.9388 353.4240 7311170 143.9655 355.8991 00.37786321005504
0 OGO 1
1 00879U 64054A   08300.00000000 +.00000013 +00000-0 +10000-3 0  9992
2 00879 081.9680 353.3931 7307282 143.9789 358.6498 00.37786974005510
0 OGO 1
1 00879U 64054A   08302.66666667 -.00000058 +00000-0 +10000-3 0  9993
2 00879 082.0212 353.3515 7301120 143.9976 001.3810 00.37790009005529
0 OGO 1
1 00879U 64054A   08305.29166667 -.00000113 +00000-0 +10000-3 0  9992
2 00879 082.0416 353.3194 7293071 144.0035 358.4641 00.37788527005532
0 OGO 1
1 00879U 64054A   08307.95833333 -.00000055 +00000-0 +10000-3 0  9993
2 00879 082.0498 353.2868 7286683 143.9890 001.2901 00.37787805005548
0 OGO 1
1 00879U 64054A   08310.58333333 +.00000085 +00000-0 +10000-3 0  9993
2 00879 082.1096 353.2242 7283643 143.9914 358.4433 00.37791015005555
0 OGO 1
1 00879U 64054A   08313.25000000 +.00000255 +00000-0 +10000-3 0  9991
2 00879 082.2132 353.1445 7274425 144.0420 001.0955 00.37790728005564
0 OGO 1
1 00879U 64054A   08315.87500000 +.00000310 +00000-0 +10000-3 0  9998
2 00879 082.2337 353.1168 7257717 144.0469 358.1545 00.37779178005579
0 OGO 1
1 00879U 64054A   08329.12500000 +.00000052 +00000-0 +10000-3 0  9994
2 00879 082.4231 352.8878 7234805 144.1227 000.4901 00.37790972005628
0 OGO 1
1 00879U 64054A   08331.75000000 -.00000076 +00000-0 +10000-3 0  9998
2 00879 082.4549 352.8505 7227280 144.1358 357.5580 00.37791034005631
0 OGO 1
1 00879U 64054A   08334.41666667 -.00000101 +00000-0 +10000-3 0  9990
2 00879 082.4625 352.8213 7220148 144.1295 000.3570 00.37789147005643
0 OGO 1
1 00879U 64054A   08336.20833333 -.00000058 +00000-0 +10000-3 0  9996
2 00879 082.4886 352.7854 7217994 144.1287 244.1269 00.37801602005642
0 OGO 1
1 00879U 64054A   08339.62500000 +.00000094 +00000-0 +10000-3 0  9996
2 00879 082.5923 352.6948 7210539 144.1622 348.8996 00.37792404005669
0 OGO 1
1 00879U 64054A   08342.33333333 +.00000167 +00000-0 +10000-3 0  9992
2 00879 082.6436 352.6510 7195088 144.1933 357.2350 00.37782571005673
0 OGO 1
1 00879U 64054A   08344.95833333 +.00000042 +00000-0 +10000-3 0  9999
2 00879 082.6608 352.6163 7184320 144.1644 354.4179 00.37782599005683
0 OGO 1
1 00879U 64054A   08347.58333333 -.00000189 +00000-0 +10000-3 0  9999
2 00879 082.7230 352.5427 7181524 144.1693 351.5053 00.37796079005692
0 OGO 1
1 00879U 64054A   08350.29166667 -.00000257 +00000-0 +10000-3 0  9991
2 00879 082.7638 352.4906 7177779 144.2215 359.7928 00.37793168005702
0 OGO 1
1 00879U 64054A   08353.50000000 -.00000186 +00000-0 +10000-3 0  9997
2 00879 082.7842 352.4611 7171780 144.2551 076.1645 00.37789031005712
0 OGO 1
1 00879U 64054A   08358.20833333 -.00000416 +00000-0 +10000-3 0  9998
2 00879 082.8529 352.3938 7160984 144.2853 356.6262 00.37791683005734
0 OGO 1
1 00879U 64054A   08360.83333333 -.00000510 +00000-0 +10000-3 0  9990
2 00879 082.8649 352.3648 7153397 144.2892 353.7262 00.37789456005742
0 OGO 1
1 00879U 64054A   08363.50000000 -.00000485 +00000-0 +10000-3 0  9990
2 00879 082.8877 352.3254 7148492 144.2834 356.5527 00.37790158005751
0 OGO 1
1 00879U 64054A   08366.12500000 -.00000391 +00000-0 +10000-3 0  9992
2 00879 082.9687 352.2525 7143974 144.3105 353.6348 00.37792683005768
0 OGO 1
1 00879U 64054A   09005.45833333 -.00000361 +00000-0 +10000-3 0  9994
2 00879 083.0491 352.1721 7117767 144.3394 359.0846 00.37781597005788
0 OGO 1
1 00879U 64054A   09008.08333333 -.00000588 +00000-0 +10000-3 0  9992
2 00879 083.0956 352.1123 7112819 144.3298 356.2187 00.37791099005792
0 OGO 1
1 00879U 64054A   09010.75000000 -.00000731 +00000-0 +10000-3 0  9991
2 00879 083.1429 352.0521 7109659 144.3701 358.8678 00.37793853005801
0 OGO 1
1 00879U 64054A   09013.37500000 -.00000681 +00000-0 +10000-3 0  9991
2 00879 083.1627 352.0213 7105040 144.4159 355.8440 00.37787411005815
0 OGO 1
1 00879U 64054A   09016.04166667 -.00000677 +00000-0 +10000-3 0  9990
2 00879 083.1908 351.9921 7099702 144.4393 358.5680 00.37786516005820
0 OGO 1
1 00879U 64054A   09021.00000000 -.00000935 +00000-0 +10000-3 0  9997
2 00879 083.2459 351.9299 7085850 144.4672 313.0388 00.37787130005845
0 OGO 1
1 00879U 64054A   09023.62500000 -.00000939 +00000-0 +10000-3 0  9996
2 00879 083.2583 351.8987 7079486 144.4623 310.1789 00.37790429005859
0 OGO 1
1 00879U 64054A   09029.29166667 -.00000695 +00000-0 +10000-3 0  9991
2 00879 083.4036 351.7676 7063709 144.5269 000.9652 00.37787381005874
0 OGO 1
1 00879U 64054A   09034.58333333 -.00000813 +00000-0 +10000-3 0  9997
2 00879 083.4492 351.7011 7041976 144.5038 000.8874 00.37787107005892
0 OGO 1
1 00879U 64054A   09037.20833333 -.00000974 +00000-0 +10000-3 0  9992
2 00879 083.4980 351.6413 7038451 144.5310 357.9133 00.37792229005903
0 OGO 1
1 00879U 64054A   09039.87500000 -.00000937 +00000-0 +10000-3 0  9998
2 00879 083.5201 351.6091 7034153 144.5767 000.5558 00.37787658005916
0 OGO 1
1 00879U 64054A   09042.50000000 -.00000854 +00000-0 +10000-3 0  9995
2 00879 083.5415 351.5837 7029176 144.6072 357.5901 00.37785232005923
0 OGO 1
1 00879U 64054A   09045.16666667 -.00000925 +00000-0 +10000-3 0  9996
2 00879 083.5777 351.5499 7022562 144.6280 000.3203 00.37787419005939
0 OGO 1
1 00879U 64054A   09047.79166667 -.00001034 +00000-0 +10000-3 0  9994
2 00879 083.5958 351.5210 7014303 144.6399 357.3932 00.37787489005948
0 OGO 1
1 00879U 64054A   09050.41666667 -.00001021 +00000-0 +10000-3 0  9998
2 00879 083.6002 351.4960 7007094 144.6350 354.5273 00.37786146005953
0 OGO 1
1 00879U 64054A   09053.08333333 -.00000895 +00000-0 +10000-3 0  9993
2 00879 083.6380 351.4495 7002899 144.6346 357.3515 00.37788722005961
0 OGO 1
1 00879U 64054A   09055.70833333 -.00000721 +00000-0 +10000-3 0  9997
2 00879 083.7233 351.3825 6995093 144.6794 354.3685 00.37788151005970
0 OGO 1
1 00879U 64054A   09058.37500000 -.00000591 +00000-0 +10000-3 0  9990
2 00879 083.7466 351.3566 6979403 144.6999 357.0654 00.37777806005986
0 OGO 1
1 00879U 64054A   09063.70833333 -.00000785 +00000-0 +10000-3 0  9996
2 00879 083.8107 351.2633 6966429 144.6795 002.6648 00.37791204006009
0 OGO 1
1 00879U 64054A   09069.00000000 -.00000643 +00000-0 +10000-3 0  9995
2 00879 083.8486 351.2040 6958122 144.7548 002.3411 00.37785353006024
0 OGO 1
1 00879U 64054A   09071.62500000 -.00000629 +00000-0 +10000-3 0  9995
2 00879 083.8812 351.1735 6952571 144.7778 359.3987 00.37786684006036
0 OGO 1
1 00879U 64054A   09074.25000000 -.00000720 +00000-0 +10000-3 0  9994
2 00879 083.9118 351.1289 6944800 144.7900 356.4602 00.37787201006042
0 OGO 1
1 00879U 64054A   09076.87500000 -.00000727 +00000-0 +10000-3 0  9996
2 00879 083.9145 351.1069 6936777 144.7878 353.5779 00.37786092006057
0 OGO 1
1 00879U 64054A   09079.54166667 -.00000601 +00000-0 +10000-3 0  9991
2 00879 083.9335 351.0708 6931995 144.7768 356.4193 00.37787655006061
0 OGO 1
1 00879U 64054A   09082.20833333 -.00000410 +00000-0 +10000-3 0  9997
2 00879 084.0098 351.0067 6927030 144.8043 359.1693 00.37789907006077
0 OGO 1
1 00879U 64054A   09084.83333333 -.00000233 +00000-0 +10000-3 0  9996
2 00879 084.0584 350.9668 6912984 144.8474 356.1468 00.37780855006083
0 OGO 1
1 00879U 64054A   09090.16666667 -.00000317 +00000-0 +10000-3 0  9991
2 00879 084.1056 350.8871 6896411 144.8087 001.7968 00.37790582006108
0 OGO 1
1 00879U 64054A   09092.79166667 -.00000368 +00000-0 +10000-3 0  9993
2 00879 084.1419 350.8396 6892753 144.8492 358.7844 00.37791219006115
0 OGO 1
1 00879U 64054A   09095.45833333 -.00000247 +00000-0 +10000-3 0  9996
2 00879 084.1547 350.8059 6888784 144.8550 001.4779 00.37786328006122
0 OGO 1
1 00879U 64054A   09098.08333333 -.00000177 +00000-0 +10000-3 0  9995
2 00879 084.1819 350.7792 6884363 144.8771 358.5439 00.37788020006132
0 OGO 1
1 00879U 64054A   09100.70833333 -.00000258 +00000-0 +10000-3 0  9993
2 00879 084.2163 350.7455 6877186 144.8981 355.6012 00.37789705006146
0 OGO 1
1 00879U 64054A   09103.37500000 -.00000315 +00000-0 +10000-3 0  9995
2 00879 084.2281 350.7073 6869062 144.9214 358.3677 00.37788175006155
0 OGO 1
1 00879U 64054A   09106.00000000 -.00000236 +00000-0 +10000-3 0  9995
2 00879 084.2339 350.6797 6863440 144.9072 355.5407 00.37787878006167
0 OGO 1
1 00879U 64054A   09108.62500000 -.00000073 +00000-0 +10000-3 0  9999
2 00879 084.2907 350.6247 6859946 144.9152 352.6818 00.37791923006174
0 OGO 1
1 00879U 64054A   09111.33333333 +.00000108 +00000-0 +10000-3 0  9992
2 00879 084.3585 350.6042 6849377 144.9691 001.0077 00.37789166006184
0 OGO 1
1 00879U 64054A   09113.95833333 +.00000188 +00000-0 +10000-3 0  9995
2 00879 084.3609 350.5863 6834390 144.9647 358.1096 00.37780376006193
0 OGO 1
1 00879U 64054A   09119.25000000 -.00000034 +00000-0 +10000-3 0  9992
2 00879 084.4445 350.4783 6825535 144.9577 358.0016 00.37794717006213
0 OGO 1
1 00879U 64054A   09121.87500000 +.00000011 +00000-0 +10000-3 0  9992
2 00879 084.4578 350.4519 6821290 145.0033 354.9886 00.37789537006225
0 OGO 1
1 00879U 64054A   09124.58333333 +.00000096 +00000-0 +10000-3 0  9999
2 00879 084.4753 350.4301 6817135 145.0316 003.3872 00.37788301006235
0 OGO 1
1 00879U 64054A   09127.20833333 +.00000022 +00000-0 +10000-3 0  9995
2 00879 084.5141 350.3960 6811252 145.0522 000.4539 00.37791026006247
0 OGO 1
1 00879U 64054A   09132.50000000 -.00000095 +00000-0 +10000-3 0  9992
2 00879 084.5328 350.3437 6796145 145.0480 000.3458 00.37788557006265
0 OGO 1
1 00879U 64054A   09135.12500000 +.00000016 +00000-0 +10000-3 0  9990
2 00879 084.5692 350.2988 6792733 145.0437 357.5136 00.37791303006274
0 OGO 1
1 00879U 64054A   09137.79166667 +.00000164 +00000-0 +10000-3 0  9996
2 00879 084.6498 350.2412 6785578 145.0915 000.2219 00.37791677006280
0 OGO 1
1 00879U 64054A   09140.41666667 +.00000257 +00000-0 +10000-3 0  9997
2 00879 084.6757 350.2153 6770832 145.1161 357.2518 00.37782886006291
0 OGO 1
1 00879U 64054A   09143.08333333 +.00000184 +00000-0 +10000-3 0  9993
2 00879 084.6897 350.1818 6761788 145.0677 000.1165 00.37784753006303
0 OGO 1
1 00879U 64054A   09145.70833333 +.00000009 +00000-0 +10000-3 0  9995
2 00879 084.7434 350.1185 6758916 145.0753 357.2064 00.37795548006311
0 OGO 1
1 00879U 64054A   09148.33333333 -.00000043 +00000-0 +10000-3 0  9991
2 00879 084.7722 350.0783 6755205 145.1287 354.1678 00.37793082006324
0 OGO 1
1 00879U 64054A   09153.66666667 -.00000033 +00000-0 +10000-3 0  9991
2 00879 084.8117 350.0359 6745475 145.1861 359.6067 00.37790111006342
0 OGO 1
1 00879U 64054A   09156.29166667 -.00000197 +00000-0 +10000-3 0  9999
2 00879 084.8406 350.0046 6737842 145.2048 356.6695 00.37791361006356
0 OGO 1
1 00879U 64054A   09158.95833333 -.00000277 +00000-0 +10000-3 0  9994
2 00879 084.8419 349.9814 6730264 145.2076 359.4523 00.37789076006364
0 OGO 1
1 00879U 64054A   09161.58333333 -.00000222 +00000-0 +10000-3 0  9992
2 00879 084.8607 349.9461 6726049 145.1994 356.6209 00.37790535006378
0 OGO 1
1 00879U 64054A   09166.91666667 -.00000010 +00000-0 +10000-3 0  9998
2 00879 084.9768 349.8511 6708343 145.2667 002.0466 00.37785542006398
0 OGO 1
1 00879U 64054A   09169.54166667 -.00000043 +00000-0 +10000-3 0  9991
2 00879 084.9798 349.8309 6696127 145.2479 359.1982 00.37782423006409
0 OGO 1
1 00879U 64054A   09174.83333333 -.00000356 +00000-0 +10000-3 0  9992
2 00879 085.0597 349.7224 6688704 145.2821 358.9975 00.37795157006425
0 OGO 1
1 00879U 64054A   09177.45833333 -.00000328 +00000-0 +10000-3 0  9997
2 00879 085.0707 349.7000 6684012 145.3324 355.9809 00.37788841006433
0 OGO 1
1 00879U 64054A   09180.12500000 -.00000342 +00000-0 +10000-3 0  9993
2 00879 085.0972 349.6710 6678745 145.3592 358.7124 00.37788124006443
0 OGO 1
1 00879U 64054A   09182.75000000 -.00000504 +00000-0 +10000-3 0  9999
2 00879 085.1292 349.6403 6671772 145.3787 355.7800 00.37790391006455
0 OGO 1
1 00879U 64054A   09188.08333333 -.00000630 +00000-0 +10000-3 0  9999
2 00879 085.1490 349.5870 6658294 145.3839 001.3611 00.37788340006471
0 OGO 1
1 00879U 64054A   09190.70833333 -.00000531 +00000-0 +10000-3 0  9996
2 00879 085.2031 349.5353 6654157 145.3999 358.4801 00.37791845006482
0 OGO 1
1 00879U 64054A   09193.37500000 -.00000419 +00000-0 +10000-3 0  9999
2 00879 085.2620 349.4912 6643580 145.4450 001.1535 00.37786716006495
0 OGO 1
1 00879U 64054A   09196.00000000 -.00000393 +00000-0 +10000-3 0  9998
2 00879 085.2672 349.4744 6630214 145.4434 358.2585 00.37780605006501
0 OGO 1
1 00879U 64054A   09198.66666667 -.00000529 +00000-0 +10000-3 0  9990
2 00879 085.2905 349.4343 6623234 145.4208 001.0992 00.37787690006515
0 OGO 1
1 00879U 64054A   09201.29166667 -.00000692 +00000-0 +10000-3 0  9990
2 00879 085.3388 349.3817 6620105 145.4503 358.1320 00.37793281006523
0 OGO 1
1 00879U 64054A   09203.91666667 -.00000698 +00000-0 +10000-3 0  9992
2 00879 085.3567 349.3512 6615984 145.5060 355.0975 00.37789656006536
0 OGO 1
1 00879U 64054A   09206.58333333 -.00000660 +00000-0 +10000-3 0  9998
2 00879 085.3622 349.3352 6610476 145.5403 357.7981 00.37785698006541
0 OGO 1
1 00879U 64054A   09209.20833333 -.00000769 +00000-0 +10000-3 0  9995
2 00879 085.3908 349.3083 6603644 145.5604 354.8667 00.37787951006555
0 OGO 1
1 00879U 64054A   09211.83333333 -.00000921 +00000-0 +10000-3 0  9992
2 00879 085.4054 349.2839 6595433 145.5744 351.9425 00.37788024006560
0 OGO 1
1 00879U 64054A   09214.54166667 -.00000938 +00000-0 +10000-3 0  9995
2 00879 085.4071 349.2604 6588646 145.5722 000.4147 00.37787033006570
0 OGO 1
1 00879U 64054A   09217.16666667 -.00000834 +00000-0 +10000-3 0  9996
2 00879 085.4443 349.2178 6584716 145.5770 357.5597 00.37788990006585
0 OGO 1
1 00879U 64054A   09219.83333333 -.00000693 +00000-0 +10000-3 0  9996
2 00879 085.5090 349.1683 6576309 145.6207 000.2488 00.37787011006594
0 OGO 1
1 00879U 64054A   09222.45833333 -.00000599 +00000-0 +10000-3 0  9998
2 00879 085.5245 349.1482 6562466 145.6395 357.3068 00.37779968006604
0 OGO 1
1 00879U 64054A   09227.75000000 -.00000794 +00000-0 +10000-3 0  9990
2 00879 085.5732 349.0682 6549687 145.6248 357.2390 00.37790994006624
0 OGO 1
1 00879U 64054A   09230.37500000 -.00000827 +00000-0 +10000-3 0  9994
2 00879 085.5943 349.0335 6545986 145.6736 354.2212 00.37789812006631
0 OGO 1
1 00879U 64054A   09233.04166667 -.00000744 +00000-0 +10000-3 0  9996
2 00879 085.6059 349.0134 6541225 145.7164 356.8996 00.37785889006643
0 OGO 1
1 00879U 64054A   09235.70833333 -.00000770 +00000-0 +10000-3 0  9991
2 00879 085.6354 348.9869 6534653 145.7453 359.6216 00.37786751006658
0 OGO 1
1 00879U 64054A   09238.33333333 -.00000900 +00000-0 +10000-3 0  9993
2 00879 085.6538 348.9621 6526365 145.7620 356.6902 00.37787525006665
0 OGO 1
1 00879U 64054A   09241.00000000 -.00000936 +00000-0 +10000-3 0  9992
2 00879 085.6538 348.9415 6518753 145.7620 359.4795 00.37786528006672
0 OGO 1
1 00879U 64054A   09243.62500000 -.00000827 +00000-0 +10000-3 0  9996
2 00879 085.6753 348.9056 6514295 145.7591 356.6472 00.37788139006688
0 OGO 1
1 00879U 64054A   09246.29166667 -.00000655 +00000-0 +10000-3 0  9998
2 00879 085.7382 348.8549 6508263 145.7937 359.3766 00.37789104006695
0 OGO 1
1 00879U 64054A   09248.95833333 -.00000501 +00000-0 +10000-3 0  9994
2 00879 085.7641 348.8307 6494767 145.8296 002.0577 00.37781690006703
0 OGO 1
1 00879U 64054A   09251.58333333 -.00000461 +00000-0 +10000-3 0  9997
2 00879 085.7622 348.8123 6484182 145.8036 359.2355 00.37781380006718
0 OGO 1
1 00879U 64054A   09254.20833333 -.00000556 +00000-0 +10000-3 0  9999
2 00879 085.7976 348.7647 6479748 145.7963 356.3668 00.37789404006721
0 OGO 1
1 00879U 64054A   09256.87500000 -.00000612 +00000-0 +10000-3 0  9999
2 00879 085.8261 348.7254 6475824 145.8395 359.0296 00.37790351006735
0 OGO 1
1 00879U 64054A   09259.54166667 -.00000518 +00000-0 +10000-3 0  9998
2 00879 085.8338 348.7057 6471781 145.8848 001.7038 00.37786637006740
0 OGO 1
1 00879U 64054A   09262.16666667 -.00000465 +00000-0 +10000-3 0  9996
2 00879 085.8555 348.6837 6466410 145.9165 358.7483 00.37787217006757
0 OGO 1
1 00879U 64054A   09264.79166667 -.00000556 +00000-0 +10000-3 0  9993
2 00879 085.8778 348.6577 6458101 145.9459 355.8049 00.37788207006766
0 OGO 1
1 00879U 64054A   09267.41666667 -.00000621 +00000-0 +10000-3 0  9993
2 00879 085.8791 348.6373 6449769 145.9513 352.9076 00.37787101006777
0 OGO 1
1 00879U 64054A   09270.12500000 -.00000529 +00000-0 +10000-3 0  9990
2 00879 085.8870 348.6094 6444481 145.9428 001.4079 00.37787070006781
0 OGO 1
1 00879U 64054A   09272.75000000 -.00000351 +00000-0 +10000-3 0  9999
2 00879 085.9396 348.5626 6440226 145.9619 358.5182 00.37790673006795
0 OGO 1
1 00879U 64054A   09275.41666667 -.00000168 +00000-0 +10000-3 0  9998
2 00879 085.9858 348.5272 6428871 146.0119 001.1799 00.37786299006800
0 OGO 1
1 00879U 64054A   09278.08333333 -.00000067 +00000-0 +10000-3 0  9993
2 00879 085.9763 348.5135 6415723 146.0052 003.9688 00.37780610006810
0 OGO 1
1 00879U 64054A   09280.70833333 -.00000113 +00000-0 +10000-3 0  9992
2 00879 086.0027 348.4715 6410235 145.9806 001.1489 00.37787938006826
0 OGO 1
1 00879U 64054A   09283.33333333 -.00000195 +00000-0 +10000-3 0  9999
2 00879 086.0405 348.4238 6406737 146.0130 358.1741 00.37792244006833
0 OGO 1
1 00879U 64054A   09286.00000000 -.00000140 +00000-0 +10000-3 0  9998
2 00879 086.0481 348.4016 6402604 146.0627 000.8335 00.37788411006843
0 OGO 1
1 00879U 64054A   09288.62500000 -.00000049 +00000-0 +10000-3 0  9991
2 00879 086.0630 348.3828 6398240 146.0957 357.8771 00.37788057006851
0 OGO 1
1 00879U 64054A   09293.91666667 -.00000210 +00000-0 +10000-3 0  9991
2 00879 086.1051 348.3313 6381911 146.1420 357.6612 00.37788490006876
0 OGO 1
1 00879U 64054A   09296.58333333 -.00000180 +00000-0 +10000-3 0  9994
2 00879 086.1048 348.3089 6375334 146.1385 000.4778 00.37788430006885
0 OGO 1
1 00879U 64054A   09299.20833333 -.00000032 +00000-0 +10000-3 0  9997
2 00879 086.1414 348.2673 6371808 146.1423 357.6238 00.37791206006899
0 OGO 1
1 00879U 64054A   09301.87500000 +.00000141 +00000-0 +10000-3 0  9996
2 00879 086.2015 348.2229 6363576 146.1900 000.3112 00.37789910006901
0 OGO 1
1 00879U 64054A   09304.54166667 +.00000261 +00000-0 +10000-3 0  9993
2 00879 086.2077 348.2066 6349420 146.2100 003.0362 00.37782711006913
0 OGO 1
1 00879U 64054A   09307.16666667 +.00000245 +00000-0 +10000-3 0  9991
2 00879 086.2171 348.1757 6341440 146.1769 000.2361 00.37785501006927
0 OGO 1
1 00879U 64054A   09309.83333333 +.00000131 +00000-0 +10000-3 0  9992
2 00879 086.2625 348.1215 6338103 146.1914 002.9821 00.37794000006939
0 OGO 1
1 00879U 64054A   09312.45833333 +.00000108 +00000-0 +10000-3 0  9993
2 00879 086.2808 348.0900 6334047 146.2476 359.9526 00.37791994006946
0 OGO 1
1 00879U 64054A   09315.08333333 +.00000183 +00000-0 +10000-3 0  9993
2 00879 086.2872 348.0748 6329723 146.2865 356.9815 00.37788771006952
0 OGO 1
1 00879U 64054A   09317.75000000 +.00000149 +00000-0 +10000-3 0  9993
2 00879 086.3168 348.0485 6323922 146.3148 359.7047 00.37790483006961
0 OGO 1
1 00879U 64054A   09320.41666667 -.00000000 +00000-0 +10000-3 0  9994
2 00879 086.3309 348.0249 6314572 146.3401 002.4267 00.37790436006974
0 OGO 1
1 00879U 64054A   09323.04166667 -.00000060 +00000-0 +10000-3 0  9997
2 00879 086.3272 348.0049 6307007 146.3409 359.5465 00.37788812006986
0 OGO 1
1 00879U 64054A   09325.70833333 +.00000025 +00000-0 +10000-3 0  9993
2 00879 086.3474 347.9698 6303019 146.3379 002.3773 00.37790582006996
0 OGO 1
1 00879U 64054A   09328.37500000 +.00000161 +00000-0 +10000-3 0  9992
2 00879 086.4084 347.9219 6297246 146.3745 005.1091 00.37792661007001
0 OGO 1
1 00879U 64054A   09331.00000000 +.00000267 +00000-0 +10000-3 0  9998
2 00879 086.4358 347.8974 6284528 146.4140 002.1223 00.37786671007010
0 OGO 1
1 00879U 64054A   09333.62500000 +.00000266 +00000-0 +10000-3 0  9992
2 00879 086.4343 347.8784 6273511 146.3923 359.2866 00.37783870007029
0 OGO 1
1 00879U 64054A   09336.25000000 +.00000137 +00000-0 +10000-3 0  9996
2 00879 086.4709 347.8284 6269435 146.3839 356.4264 00.37792556007039
0 OGO 1
1 00879U 64054A   09338.91666667 +.00000028 +00000-0 +10000-3 0  9997
2 00879 086.5050 347.7840 6266022 146.4387 359.0726 00.37794952007049
0 OGO 1
1 00879U 64054A   09341.58333333 +.00000051 +00000-0 +10000-3 0  9991
2 00879 086.5083 347.7684 6261235 146.4964 001.7316 00.37789534007050
0 OGO 1
1 00879U 64054A   09344.20833333 +.00000034 +00000-0 +10000-3 0  9999
2 00879 086.5285 347.7483 6256009 146.5262 358.7887 00.37789489007064
0 OGO 1
1 00879U 64054A   09346.87500000 -.00000132 +00000-0 +10000-3 0  9996
2 00879 086.5547 347.7208 6248247 146.5544 001.5035 00.37791374007073
0 OGO 1
1 00879U 64054A   09349.50000000 -.00000274 +00000-0 +10000-3 0  9991
2 00879 086.5564 347.6993 6239940 146.5676 358.5852 00.37791124007084
0 OGO 1
1 00879U 64054A   09352.16666667 -.00000262 +00000-0 +10000-3 0  9991
2 00879 086.5639 347.6720 6235135 146.5665 001.4050 00.37789756007098
0 OGO 1
1 00879U 64054A   09354.79166667 -.00000163 +00000-0 +10000-3 0  9997
2 00879 086.6157 347.6260 6230980 146.5918 358.5036 00.37792034007102
0 OGO 1
1 00879U 64054A   09357.45833333 -.00000066 +00000-0 +10000-3 0  9996
2 00879 086.6602 347.5922 6220318 146.6422 001.1748 00.37788097007112
0 OGO 1
1 00879U 64054A   09360.08333333 -.00000044 +00000-0 +10000-3 0  9990
2 00879 086.6623 347.5774 6207799 146.6423 358.2822 00.37783578007128
0 OGO 1
1 00879U 64054A   09362.70833333 -.00000154 +00000-0 +10000-3 0  9998
2 00879 086.6831 347.5394 6201540 146.6242 355.4473 00.37789109007132
0 OGO 1
1 00879U 64054A   09365.37500000 -.00000307 +00000-0 +10000-3 0  9996
2 00879 086.7217 347.4901 6198350 146.6619 358.1421 00.37795122007142
0 OGO 1
1 00879U 64054A   10003.04166667 -.00000337 +00000-0 +10000-3 0  9991
2 00879 086.7342 347.4624 6193961 146.7310 000.7649 00.37791210007152
0 OGO 1
1 00879U 64054A   10005.66666667 -.00000327 +00000-0 +10000-3 0  9995
2 00879 086.7457 347.4462 6188399 146.7742 357.7912 00.37788051007165
0 OGO 1
1 00879U 64054A   10008.33333333 -.00000459 +00000-0 +10000-3 0  9999
2 00879 086.7729 347.4209 6181257 146.8031 000.5131 00.37790149007172
0 OGO 1
1 00879U 64054A   10010.95833333 -.00000638 +00000-0 +10000-3 0  9994
2 00879 086.7833 347.3982 6172888 146.8275 357.5738 00.37789692007185
0 OGO 1
1 00879U 64054A   10013.58333333 -.00000680 +00000-0 +10000-3 0  9998
2 00879 086.7827 347.3759 6166674 146.8314 354.7020 00.37788865007195
0 OGO 1
1 00879U 64054A   10016.25000000 -.00000593 +00000-0 +10000-3 0  9990
2 00879 086.8198 347.3355 6162798 146.8470 357.4950 00.37790459007201
0 OGO 1
1 00879U 64054A   10018.87500000 -.00000482 +00000-0 +10000-3 0  9992
2 00879 086.8720 347.2958 6154044 146.8958 354.5096 00.37789119007217
0 OGO 1
1 00879U 64054A   10021.54166667 -.00000415 +00000-0 +10000-3 0  9993
2 00879 086.8793 347.2805 6141153 146.9170 357.2413 00.37783386007226
0 OGO 1
1 00879U 64054A   10024.20833333 -.00000464 +00000-0 +10000-3 0  9994
2 00879 086.8843 347.2550 6132745 146.8964 000.0748 00.37785997007231
0 OGO 1
1 00879U 64054A   10026.83333333 -.00000600 +00000-0 +10000-3 0  9992
2 00879 086.9162 347.2105 6128689 146.9134 357.1538 00.37791991007249
0 OGO 1
1 00879U 64054A   10029.50000000 -.00000657 +00000-0 +10000-3 0  9993
2 00879 086.9363 347.1768 6124911 146.9750 359.7945 00.37791965007256
0 OGO 1
1 00879U 64054A   10032.12500000 -.00000613 +00000-0 +10000-3 0  9992
2 00879 086.9445 347.1599 6119736 147.0304 356.7866 00.37787555007265
0 OGO 1
1 00879U 64054A   10034.75000000 -.00000664 +00000-0 +10000-3 0  9994
2 00879 086.9650 347.1400 6112661 147.0649 353.8317 00.37787571007274
0 OGO 1
1 00879U 64054A   10037.41666667 -.00000826 +00000-0 +10000-3 0  9997
2 00879 086.9803 347.1171 6104002 147.0911 356.5552 00.37788533007282
0 OGO 1
1 00879U 64054A   10040.08333333 -.00000896 +00000-0 +10000-3 0  9992
2 00879 086.9771 347.1003 6096587 147.1003 359.3343 00.37787668007299
0 OGO 1
1 00879U 64054A   10042.70833333 -.00000808 +00000-0 +10000-3 0  9991
2 00879 086.9975 347.0686 6092405 147.1062 356.4772 00.37788800007306
0 OGO 1
1 00879U 64054A   10045.37500000 -.00000662 +00000-0 +10000-3 0  9997
2 00879 087.0498 347.0293 6085776 147.1513 359.1865 00.37789575007310
0 OGO 1
1 00879U 64054A   10048.00000000 -.00000541 +00000-0 +10000-3 0  9991
2 00879 087.0649 347.0123 6073319 147.1890 356.2136 00.37783254007326
0 OGO 1
1 00879U 64054A   10050.66666667 -.00000509 +00000-0 +10000-3 0  9997
2 00879 087.0639 346.9939 6063446 147.1731 359.0402 00.37783300007332
0 OGO 1
1 00879U 64054A   10053.33333333 -.00000591 +00000-0 +10000-3 0  9996
2 00879 087.0903 346.9528 6058443 147.1737 001.8280 00.37789351007346
0 OGO 1
1 00879U 64054A   10055.95833333 -.00000651 +00000-0 +10000-3 0  9998
2 00879 087.1101 346.9187 6054735 147.2197 358.8367 00.37790780007359
0 OGO 1
1 00879U 64054A   10058.62500000 -.00000589 +00000-0 +10000-3 0  9997
2 00879 087.1185 346.9010 6050676 147.2764 001.4968 00.37788181007367
0 OGO 1
1 00879U 64054A   10061.25000000 -.00000557 +00000-0 +10000-3 0  9990
2 00879 087.1358 346.8829 6044454 147.3202 358.5220 00.37787393007373
0 OGO 1
1 00879U 64054A   10063.91666667 -.00000669 +00000-0 +10000-3 0  9996
2 00879 087.1522 346.8615 6035651 147.3503 001.2384 00.37788431007380
0 OGO 1
1 00879U 64054A   10066.54166667 -.00000756 +00000-0 +10000-3 0  9990
2 00879 087.1500 346.8428 6027506 147.3616 358.3351 00.37787440007393
0 OGO 1
1 00879U 64054A   10069.16666667 -.00000683 +00000-0 +10000-3 0  9995
2 00879 087.1576 346.8170 6022737 147.3606 355.4865 00.37787935007409
0 OGO 1
1 00879U 64054A   10071.83333333 -.00000514 +00000-0 +10000-3 0  9996
2 00879 087.2038 346.7777 6017941 147.3913 358.2407 00.37789967007418
0 OGO 1
1 00879U 64054A   10074.45833333 -.00000354 +00000-0 +10000-3 0  9994
2 00879 087.2316 346.7555 6007153 147.4346 355.2475 00.37784629007429
0 OGO 1
1 00879U 64054A   10077.08333333 -.00000259 +00000-0 +10000-3 0  9995
2 00879 087.2241 346.7441 5995907 147.4289 352.3829 00.37781775007439
0 OGO 1
1 00879U 64054A   10079.79166667 -.00000282 +00000-0 +10000-3 0  9995
2 00879 087.2423 346.7028 5990355 147.4147 000.8782 00.37788264007441
0 OGO 1
1 00879U 64054A   10082.41666667 -.00000345 +00000-0 +10000-3 0  9993
2 00879 087.2673 346.6650 5986659 147.4476 357.9180 00.37791157007459
0 OGO 1
1 00879U 64054A   10085.08333333 -.00000302 +00000-0 +10000-3 0  9993
2 00879 087.2727 346.6446 5983013 147.5004 000.5896 00.37788976007462
0 OGO 1
1 00879U 64054A   10087.70833333 -.00000221 +00000-0 +10000-3 0  9999
2 00879 087.2863 346.6252 5978488 147.5475 357.6180 00.37788568007470
0 OGO 1
1 00879U 64054A   10090.37500000 -.00000280 +00000-0 +10000-3 0  9993
2 00879 087.3079 346.6030 5970523 147.5856 000.3208 00.37789003007488
0 OGO 1
1 00879U 64054A   10093.00000000 -.00000392 +00000-0 +10000-3 0  9995
2 00879 087.3091 346.5845 5961535 147.6037 357.3993 00.37787865007491
0 OGO 1
1 00879U 64054A   10095.66666667 -.00000368 +00000-0 +10000-3 0  9999
2 00879 087.3098 346.5533 5955840 147.5887 000.2219 00.37788005007500
0 OGO 1
1 00879U 64054A   10098.33333333 -.00000213 +00000-0 +10000-3 0  9996
2 00879 087.3466 346.5166 5952204 147.6038 003.0185 00.37790084007515
0 OGO 1
1 00879U 64054A   10100.95833333 -.00000045 +00000-0 +10000-3 0  9996
2 00879 087.3924 346.4873 5943614 147.6540 000.0352 00.37789303007527
0 OGO 1
1 00879U 64054A   10103.58333333 +.00000073 +00000-0 +10000-3 0  9993
2 00879 087.3888 346.4762 5931471 147.6680 357.1221 00.37782986007538
0 OGO 1
1 00879U 64054A   10106.25000000 +.00000086 +00000-0 +10000-3 0  9996
2 00879 087.3982 346.4476 5924452 147.6416 359.9802 00.37786810007549
0 OGO 1
1 00879U 64054A   10108.87500000 +.00000014 +00000-0 +10000-3 0  9992
2 00879 087.4306 346.4048 5920942 147.6584 357.0621 00.37792543007550
0 OGO 1
1 00879U 64054A   10111.54166667 +.00000005 +00000-0 +10000-3 0  9997
2 00879 087.4414 346.3791 5917227 147.7123 359.7288 00.37791080007560
0 OGO 1
1 00879U 64054A   10114.16666667 +.00000081 +00000-0 +10000-3 0  9997
2 00879 087.4484 346.3641 5913504 147.7558 356.7623 00.37789472007570
0 OGO 1
1 00879U 64054A   10116.83333333 +.00000061 +00000-0 +10000-3 0  9992
2 00879 087.4742 346.3416 5907264 147.7950 359.4699 00.37790296007589
0 OGO 1
1 00879U 64054A   10119.50000000 -.00000078 +00000-0 +10000-3 0  9990
2 00879 087.4851 346.3208 5898013 147.8247 002.1876 00.37789636007596
0 OGO 1
1 00879U 64054A   10122.12500000 -.00000133 +00000-0 +10000-3 0  9999
2 00879 087.4793 346.3102 5891404 147.8185 359.3215 00.37789275007607
0 OGO 1
1 00879U 64054A   10124.75000000 -.00000035 +00000-0 +10000-3 0  9996
2 00879 087.5006 346.2757 5888134 147.8187 356.4787 00.37790946007618
0 OGO 1
1 00879U 64054A   10127.41666667 +.00000115 +00000-0 +10000-3 0  9997
2 00879 087.5518 346.2384 5881837 147.8647 359.1942 00.37791285007627
0 OGO 1
1 00879U 64054A   10130.04166667 +.00000229 +00000-0 +10000-3 0  9991
2 00879 087.5627 346.2228 5869915 147.9010 356.2328 00.37784950007631
0 OGO 1
1 00879U 64054A   10132.70833333 +.00000257 +00000-0 +10000-3 0  9998
2 00879 087.5611 346.2032 5860769 147.8788 359.0793 00.37785332007649
0 OGO 1
1 00879U 64054A   10135.37500000 +.00000177 +00000-0 +10000-3 0  9997
2 00879 087.5913 346.1598 5857120 147.8868 001.8769 00.37792230007657
0 OGO 1
1 00879U 64054A   10138.00000000 +.00000105 +00000-0 +10000-3 0  9996
2 00879 087.6141 346.1259 5853831 147.9394 358.8765 00.37793100007664
0 OGO 1
1 00879U 64054A   10140.66666667 +.00000139 +00000-0 +10000-3 0  9995
2 00879 087.6170 346.1106 5849900 147.9933 001.5537 00.37789346007675
0 OGO 1
1 00879U 64054A   10143.29166667 +.00000140 +00000-0 +10000-3 0  9994
2 00879 087.6382 346.0909 5845042 148.0165 358.6078 00.37790182007689
0 OGO 1
1 00879U 64054A   10145.91666667 -.00000005 +00000-0 +10000-3 0  9991
2 00879 087.6594 346.0686 5836943 148.0523 355.6457 00.37790568007691
0 OGO 1
1 00879U 64054A   10148.58333333 -.00000141 +00000-0 +10000-3 0  9999
2 00879 087.6542 346.0513 5828616 148.0665 358.4060 00.37789238007703
0 OGO 1
1 00879U 64054A   10151.20833333 -.00000119 +00000-0 +10000-3 0  9992
2 00879 087.6619 346.0244 5824478 148.0626 355.5686 00.37790925007716
0 OGO 1
1 00879U 64054A   10156.54166667 +.00000100 +00000-0 +10000-3 0  9992
2 00879 087.7391 345.9583 5809763 148.1438 000.9966 00.37787916007730
0 OGO 1
1 00879U 64054A   10159.16666667 +.00000134 +00000-0 +10000-3 0  9995
2 00879 087.7331 345.9454 5799002 148.1388 358.1319 00.37784582007746
0 OGO 1
1 00879U 64054A   10161.83333333 +.00000062 +00000-0 +10000-3 0  9993
2 00879 087.7530 345.9101 5793794 148.1218 000.9696 00.37790066007755
0 OGO 1
1 00879U 64054A   10164.50000000 -.00000053 +00000-0 +10000-3 0  9993
2 00879 087.7854 345.8695 5791026 148.1668 003.6662 00.37793990007769
0 OGO 1
1 00879U 64054A   10167.12500000 -.00000074 +00000-0 +10000-3 0  9992
2 00879 087.7921 345.8494 5787148 148.2336 000.6422 00.37790733007778
0 OGO 1
1 00879U 64054A   10169.79166667 -.00000061 +00000-0 +10000-3 0  9990
2 00879 087.8051 345.8354 5782790 148.2750 003.3550 00.37788756007781
0 OGO 1
1 00879U 64054A   10172.37500000 -.00000180 +00000-0 +10000-3 0  9993
2 00879 087.8283 345.8148 5775870 148.3090 354.7332 00.37790471007797
0 OGO 1
1 00879U 64054A   10175.04166667 -.00000365 +00000-0 +10000-3 0  9992
2 00879 087.8298 345.7971 5766705 148.3369 357.4552 00.37789847007803
0 OGO 1
1 00879U 64054A   10177.70833333 -.00000415 +00000-0 +10000-3 0  9994
2 00879 087.8268 345.7755 5761331 148.3392 000.2631 00.37789063007818
0 OGO 1
1 00879U 64054A   10180.33333333 -.00000331 +00000-0 +10000-3 0  9999
2 00879 087.8633 345.7391 5757986 148.3589 357.3828 00.37791541007828
0 OGO 1
1 00879U 64054A   10183.00000000 -.00000230 +00000-0 +10000-3 0  9996
2 00879 087.9040 345.7094 5749307 148.4164 000.0615 00.37788743007836
0 OGO 1
1 00879U 64054A   10185.62500000 -.00000179 +00000-0 +10000-3 0  9993
2 00879 087.9023 345.6991 5737721 148.4338 357.1472 00.37783515007842
0 OGO 1
1 00879U 64054A   10188.25000000 -.00000218 +00000-0 +10000-3 0  9994
2 00879 087.9089 345.6740 5730639 148.4134 354.3230 00.37786966007856
0 OGO 1
1 00879U 64054A   10190.91666667 -.00000335 +00000-0 +10000-3 0  9997
2 00879 087.9375 345.6337 5727218 148.4338 357.0727 00.37792745007865
0 OGO 1
1 00879U 64054A   10193.54166667 -.00000397 +00000-0 +10000-3 0  9992
2 00879 087.9548 345.6047 5724062 148.5034 354.0453 00.37792125007879
0 OGO 1
1 00879U 64054A   10196.20833333 -.00000375 +00000-0 +10000-3 0  9995
2 00879 087.9582 345.5913 5719146 148.5609 356.7193 00.37787820007880
0 OGO 1
1 00879U 64054A   10201.50000000 -.00000622 +00000-0 +10000-3 0  9997
2 00879 087.9896 345.5540 5703971 148.6355 356.5052 00.37790488007901
0 OGO 1
1 00879U 64054A   10204.12500000 -.00000723 +00000-0 +10000-3 0  9995
2 00879 087.9827 345.5367 5697178 148.6463 353.6296 00.37789669007911
0 OGO 1
1 00879U 64054A   10206.79166667 -.00000663 +00000-0 +10000-3 0  9990
2 00879 088.0010 345.5065 5693730 148.6509 356.4014 00.37789614007923
0 OGO 1
1 00879U 64054A   10209.41666667 -.00000547 +00000-0 +10000-3 0  9998
2 00879 088.0461 345.4731 5687210 148.7028 353.4340 00.37789340007931
0 OGO 1
1 00879U 64054A   10214.75000000 -.00000450 +00000-0 +10000-3 0  9997
2 00879 088.0505 345.4434 5666824 148.7250 358.9778 00.37784450007959
0 OGO 1
1 00879U 64054A   10217.37500000 -.00000528 +00000-0 +10000-3 0  9999
2 00879 088.0720 345.4082 5662521 148.7264 356.1016 00.37789704007965
0 OGO 1
1 00879U 64054A   10220.00069444 -.00000600 +00000-0 +10000-3 0  9996
2 00879 088.0897 345.3773 5659310 148.7788 353.2069 00.37791461007979
0 OGO 1
1 00879U 64054A   10222.66666667 -.00000571 +00000-0 +10000-3 0  9997
2 00879 088.0940 345.3607 5655080 148.8438 355.7696 00.37788738007984
0 OGO 1
1 00879U 64054A   10225.33333333 -.00000565 +00000-0 +10000-3 0  9998
2 00879 088.1051 345.3470 5648777 148.8887 358.4713 00.37786969007994
0 OGO 1
1 00879U 64054A   10228.04166667 -.00000704 +00000-0 +10000-3 0  9998
2 00879 088.1226 345.3288 5640211 148.9273 006.8464 00.37789069008004
0 OGO 1
1 00879U 64054A   10230.75000000 -.00000827 +00000-0 +10000-3 0  9993
2 00879 088.1151 345.3106 5632232 148.9411 015.2718 00.37788198008017
0 OGO 1
1 00879U 64054A   10233.25000000 -.00000786 +00000-0 +10000-3 0  9995
2 00879 088.1220 345.2879 5628459 148.9445 355.4125 00.37788022008021
0 OGO 1
1 00879U 64054A   10235.91666667 -.00000647 +00000-0 +10000-3 0  9993
2 00879 088.1638 345.2542 5623646 148.9846 358.1489 00.37789588008031
0 OGO 1
1 00879U 64054A   10238.54166667 -.00000521 +00000-0 +10000-3 0  9991
2 00879 088.1811 345.2374 5613124 149.0372 355.1627 00.37784862008045
0 OGO 1
1 00879U 64054A   10241.20833333 -.00000452 +00000-0 +10000-3 0  9992
2 00879 088.1739 345.2256 5603277 149.0353 357.9704 00.37782949008051
0 OGO 1
1 00879U 64054A   10243.83333333 -.00000473 +00000-0 +10000-3 0  9991
2 00879 088.1891 345.1954 5598119 149.0242 355.1239 00.37787866008066
0 OGO 1
1 00879U 64054A   10246.45833333 -.00000530 +00000-0 +10000-3 0  9991
2 00879 088.2082 345.1634 5594709 149.0600 352.1698 00.37790640008074
0 OGO 1
1 00879U 64054A   10249.12500000 -.00000504 +00000-0 +10000-3 0  9991
2 00879 088.2144 345.1419 5591282 149.1285 354.8358 00.37789472008081
0 OGO 1
1 00879U 64054A   10251.79166667 -.00000439 +00000-0 +10000-3 0  9991
2 00879 088.2233 345.1277 5586302 149.1826 357.5206 00.37787162008097
0 OGO 1
1 00879U 64054A   10254.45833333 -.00000503 +00000-0 +10000-3 0  9990
2 00879 088.2391 345.1113 5578048 149.2245 000.2216 00.37787998008107
0 OGO 1
1 00879U 64054A   10257.08333333 -.00000630 +00000-0 +10000-3 0  9998
2 00879 088.2378 345.0938 5569611 149.2468 357.2964 00.37787796008111
0 OGO 1
1 00879U 64054A   10259.75000000 -.00000624 +00000-0 +10000-3 0  9999
2 00879 088.2374 345.0718 5564514 149.2511 000.1007 00.37787464008124
0 OGO 1
1 00879U 64054A   10262.41666667 -.00000478 +00000-0 +10000-3 0  9990
2 00879 088.2708 345.0395 5560791 149.2786 002.8734 00.37789970008134
0 OGO 1
1 00879U 64054A   10265.04166667 -.00000321 +00000-0 +10000-3 0  9994
2 00879 088.3001 345.0172 5552075 149.3395 359.8783 00.37787467008146
0 OGO 1
1 00879U 64054A   10267.70833333 -.00000211 +00000-0 +10000-3 0  9998
2 00879 088.2911 345.0077 5541253 149.3536 002.6440 00.37783185008159
0 OGO 1
1 00879U 64054A   10270.33333333 -.00000181 +00000-0 +10000-3 0  9992
2 00879 088.2986 344.9822 5535201 149.3347 359.8193 00.37786683008162
0 OGO 1
1 00879U 64054A   10273.00000000 -.00000219 +00000-0 +10000-3 0  9993
2 00879 088.3218 344.9475 5531468 149.3568 002.5649 00.37791602008177
0 OGO 1
1 00879U 64054A   10275.62500000 -.00000209 +00000-0 +10000-3 0  9997
2 00879 088.3275 344.9262 5528310 149.4142 359.5726 00.37789979008181
0 OGO 1
1 00879U 64054A   10278.25000000 -.00000125 +00000-0 +10000-3 0  9991
2 00879 088.3329 344.9125 5524717 149.4673 356.5947 00.37788694008191
0 OGO 1
1 00879U 64054A   10280.91666667 -.00000126 +00000-0 +10000-3 0  9995
2 00879 088.3506 344.8947 5517854 149.5165 359.2854 00.37789045008200
0 OGO 1
1 00879U 64054A   10283.58333333 -.00000250 +00000-0 +10000-3 0  9990
2 00879 088.3539 344.8769 5508562 149.5509 002.0021 00.37788771008211
0 OGO 1
1 00879U 64054A   10286.20833333 -.00000298 +00000-0 +10000-3 0  9999
2 00879 088.3476 344.8570 5502209 149.5567 359.1269 00.37788278008220
0 OGO 1
1 00879U 64054A   10288.87500000 -.00000184 +00000-0 +10000-3 0  9990
2 00879 088.3722 344.8264 5498976 149.5720 001.9244 00.37790082008232
0 OGO 1
1 00879U 64054A   10291.50000000 -.00000023 +00000-0 +10000-3 0  9991
2 00879 088.4141 344.7999 5492040 149.6396 358.9414 00.37790271008243
0 OGO 1
1 00879U 64054A   10294.16666667 +.00000102 +00000-0 +10000-3 0  9990
2 00879 088.4130 344.7889 5480929 149.6763 001.6590 00.37784897008255
0 OGO 1
1 00879U 64054A   10299.41666667 +.00000127 +00000-0 +10000-3 0  9990
2 00879 088.4317 344.7311 5469088 149.6651 355.9498 00.37791702008278
0 OGO 1
1 00879U 64054A   10301.50000000 +.00000093 +00000-0 +00000-0 0  9995
2 00879 088.3441 344.8043 5439025 150.0567 278.4504 00.37791629008284
0 OGO 1
1 00879U 64054A   10302.04166667 +.00000098 +00000-0 +10000-3 0  9996
2 00879 088.4452 344.7041 5465819 149.7183 352.9607 00.37791779008281
0 OGO 1
1 00879U 64054A   10315.33333333 -.00000009 +00000-0 +00000-0 0  9997
2 00879 088.4824 344.6101 5437539 149.8857 000.9614 00.37790453008339
0 OGO 1
1 00879U 64054A   10317.95833333 +.00000124 +00000-0 +00000-0 0  9999
2 00879 088.5258 344.5774 5432747 149.9350 358.0137 00.37792157008342
0 OGO 1
1 00879U 64054A   10320.62500000 +.00000237 +00000-0 +00000-0 0  9994
2 00879 088.5396 344.5619 5422301 149.9915 000.6948 00.37787527008351
0 OGO 1
1 00879U 64054A   10323.25000000 +.00000286 +00000-0 +10000-3 0  9999
2 00879 088.5317 344.5480 5413131 149.9856 357.8409 00.37785437008363
0 OGO 1
1 00879U 64054A   10325.87500000 +.00000256 +00000-0 +10000-3 0  9991
2 00879 088.5516 344.5145 5408803 149.9756 354.9960 00.37790682008370
0 OGO 1
1 00879U 64054A   10328.54166667 +.00000185 +00000-0 +10000-3 0  9996
2 00879 088.5755 344.4806 5405751 150.0227 357.6916 00.37793705008384
0 OGO 1
1 00879U 64054A   10333.83333333 +.00000214 +00000-0 +10000-3 0  9993
2 00879 088.5868 344.4503 5398124 150.1351 357.3926 00.37789488008401
0 OGO 1
1 00879U 64054A   10336.45833333 +.00000116 +00000-0 +10000-3 0  9990
2 00879 088.6078 344.4309 5390897 150.1825 354.4149 00.37791015008419
0 OGO 1
1 00879U 64054A   10341.75000000 -.00000116 +00000-0 +10000-3 0  9997
2 00879 088.6026 344.3915 5377290 150.2226 354.2692 00.37790163008438
0 OGO 1
1 00879U 64054A   10341.75000000 -.00000116 +00000-0 +10000-3 0  9997
2 00879 088.5967 344.3910 5376014 150.2294 354.2476 00.37790538008430
0 OGO 1
1 00879U 64054A   10344.37500000 -.00000033 +00000-0 +10000-3 0  9991
2 00879 088.6356 344.3570 5373190 150.2654 351.3365 00.37790309008449
0 OGO 1
1 00879U 64054A   10347.04166667 +.00000064 +00000-0 +10000-3 0  9998
2 00879 088.6652 344.3333 5364083 150.3340 353.9981 00.37789229008451
0 OGO 1
1 00879U 64054A   10349.66666667 +.00000106 +00000-0 +10000-3 0  9990
2 00879 088.6586 344.3230 5353744 150.3523 351.0932 00.37785097008463
0 OGO 1
1 00879U 64054A   10349.70833333 +.00000106 +00000-0 +10000-3 0  9991
2 00879 088.6593 344.3237 5353100 150.3540 356.7618 00.37785154008460
0 OGO 1
1 00879U 64054A   10352.33333333 +.00000077 +00000-0 +10000-3 0  9996
2 00879 088.6682 344.2973 5347306 150.3396 353.9290 00.37788675008472
0 OGO 1
1 00879U 64054A   10355.00000000 -.00000015 +00000-0 +10000-3 0  9998
2 00879 088.6952 344.2607 5344340 150.3713 356.6629 00.37793795008480
0 OGO 1
1 00879U 64054A   10357.62500000 -.00000068 +00000-0 +10000-3 0  9991
2 00879 088.7044 344.2373 5341137 150.4457 353.6404 00.37792398008497
0 OGO 1
1 00879U 64054A   10360.25000000 -.00000052 +00000-0 +10000-3 0  9992
2 00879 088.7062 344.2256 5337000 150.5055 350.6541 00.37788940008505
0 OGO 1
1 00879U 64054A   10362.08333333 -.00000078 +00000-0 +10000-3 0  9991
2 00879 088.7152 344.2148 5333128 150.5401 240.0097 00.37792275008501
0 OGO 1
1 00879U 64054A   10365.54166667 -.00000302 +00000-0 +10000-3 0  9999
2 00879 088.7311 344.1935 5322372 150.6017 350.3838 00.37789777008527
0 OGO 1
1 00879U 64054A   11003.20833333 -.00000431 +00000-0 +10000-3 0  9996
2 00879 088.7216 344.1755 5315823 150.6210 353.1521 00.37789092008530
0 OGO 1
1 00879U 64054A   11005.83333333 -.00000394 +00000-0 +10000-3 0  9990
2 00879 088.7451 344.1439 5312950 150.6415 350.2735 00.37792214008541
0 OGO 1
1 00879U 64054A   11005.87500000 -.00000392 +00000-0 +10000-3 0  9999
2 00879 088.7412 344.1462 5312753 150.6373 355.9436 00.37791506008541
0 OGO 1
1 00879U 64054A   11008.50000000 -.00000299 +00000-0 +10000-3 0  9993
2 00879 088.7822 344.1170 5306083 150.7089 352.9441 00.37790621008557
0 OGO 1
1 00879U 64054A   11011.16666667 -.00000243 +00000-0 +10000-3 0  9995
2 00879 088.7830 344.1067 5295191 150.7544 355.6539 00.37785234008567
0 OGO 1
1 00879U 64054A   11013.79166667 -.00000249 +00000-0 +10000-3 0  9997
2 00879 088.7820 344.0883 5287674 150.7464 352.8092 00.37786326008576
0 OGO 1
1 00879U 64054A   11016.45833333 -.00000322 +00000-0 +10000-3 0  9996
2 00879 088.8015 344.0525 5283758 150.7599 355.5844 00.37791606008587
0 OGO 1
1 00879U 64054A   11019.08333333 -.00000393 +00000-0 +10000-3 0  9991
2 00879 088.8171 344.0244 5280858 150.8252 352.5820 00.37792740008595
0 OGO 1
1 00879U 64054A   11021.75000000 -.00000382 +00000-0 +10000-3 0  9998
2 00879 088.8186 344.0098 5276884 150.9000 355.2345 00.37788821008603
0 OGO 1
1 00879U 64054A   11024.41666667 -.00000390 +00000-0 +10000-3 0  9990
2 00879 088.8266 343.9971 5270683 150.9510 357.9430 00.37788412008618
0 OGO 1
1 00879U 64054A   11027.04166667 -.00000536 +00000-0 +10000-3 0  9999
2 00879 088.8446 343.9805 5263052 151.0039 354.9572 00.37789616008626
0 OGO 1
1 00879U 64054A   11029.66666667 -.00000690 +00000-0 +10000-3 0  9995
2 00879 088.8373 343.9640 5255572 151.0352 352.0233 00.37788461008639
0 OGO 1
1 00879U 64054A   11032.33333333 -.00000686 +00000-0 +10000-3 0  9999
2 00879 088.8447 343.9396 5251916 151.0506 354.8191 00.37789129008644
0 OGO 1
1 00879U 64054A   11034.95833333 -.00000576 +00000-0 +10000-3 0  9992
2 00879 088.8854 343.9086 5247249 151.1089 351.8565 00.37790889008651
0 OGO 1
1 00879U 64054A   11037.62500000 -.00000482 +00000-0 +10000-3 0  9997
2 00879 088.8952 343.8993 5236858 151.1703 354.5287 00.37785517008667
0 OGO 1
1 00879U 64054A   11040.29166667 -.00000443 +00000-0 +10000-3 0  9998
2 00879 088.8872 343.8872 5227828 151.1747 357.3271 00.37784430008677
0 OGO 1
1 00879U 64054A   11042.91666667 -.00000468 +00000-0 +10000-3 0  9991
2 00879 088.8983 343.8588 5222987 151.1732 354.4656 00.37788684008680
0 OGO 1
1 00879U 64054A   11042.91666667 -.00000468 +00000-0 +10000-3 0  9991
2 00879 088.8983 343.8588 5222987 151.1732 354.4656 00.37788684008680
0 OGO 1
1 00879U 64054A   11045.54166667 -.00000520 +00000-0 +10000-3 0  9997
2 00879 088.9139 343.8305 5219860 151.2198 351.5033 00.37791234008697
0 OGO 1
1 00879U 64054A   11048.25000000 -.00000506 +00000-0 +10000-3 0  9990
2 00879 088.9172 343.8111 5216523 151.2939 359.8300 00.37789407008704
0 OGO 1
1 00879U 64054A   11050.87500000 -.00000456 +00000-0 +10000-3 0  9990
2 00879 088.9225 343.7998 5211494 151.3560 356.8412 00.37787619008713
0 OGO 1
1 00879U 64054A   11053.54166667 -.00000527 +00000-0 +10000-3 0  9993
2 00879 088.9334 343.7850 5203539 151.4051 359.5374 00.37788590008725
0 OGO 1
1 00879U 64054A   11056.16666667 -.00000674 +00000-0 +10000-3 0  9992
2 00879 088.9299 343.7688 5195377 151.4404 356.5929 00.37788255008738
0 OGO 1
1 00879U 64054A   11058.79166667 -.00000699 +00000-0 +10000-3 0  9995
2 00879 088.9274 343.7485 5190727 151.4545 353.7139 00.37788336008749
0 OGO 1
1 00879U 64054A   11072.04166667 -.00000358 +00000-0 +10000-3 0  9991
2 00879 088.9863 343.6411 5160334 151.5889 356.1291 00.37790449008793
0 OGO 1
1 00879U 64054A   11074.66666667 -.00000346 +00000-0 +10000-3 0  9993
2 00879 088.9890 343.6223 5157533 151.6486 353.1450 00.37789751008805
0 OGO 1
1 00879U 64054A   11077.33333333 -.00000267 +00000-0 +10000-3 0  9993
2 00879 088.9923 343.6157 5154167 151.7196 355.8260 00.37788448008818
0 OGO 1
1 00879U 64054A   11080.00000000 -.00000264 +00000-0 +10000-3 0  9990
2 00879 089.0049 343.6010 5147280 151.7765 358.5115 00.37788731008822
0 OGO 1
1 00879U 64054A   11082.62500000 -.00000387 +00000-0 +10000-3 0  9991
2 00879 089.0045 343.5856 5138447 151.8174 355.5547 00.37788517008834
0 OGO 1
1 00879U 64054A   11085.29166667 -.00000454 +00000-0 +10000-3 0  9999
2 00879 088.9976 343.5661 5132604 151.8322 358.3370 00.37788302008841
0 OGO 1
1 00879U 64054A   11087.91666667 -.00000356 +00000-0 +10000-3 0  9996
2 00879 089.0203 343.5385 5129868 151.8578 355.4494 00.37790523008854
0 OGO 1
1 00879U 64054A   11090.58333333 -.00000202 +00000-0 +10000-3 0  9994
2 00879 089.0521 343.5181 5123646 151.9153 358.1289 00.37789457008866
0 OGO 1
1 00879U 64054A   11093.20833333 -.00000095 +00000-0 +10000-3 0  9991
2 00879 089.0457 343.5097 5113763 151.9555 355.1868 00.37785017008874
0 OGO 1
1 00879U 64054A   11095.87500000 -.00000043 +00000-0 +10000-3 0  9991
2 00879 089.0444 343.4906 5107175 151.9441 358.0216 00.37786573008880
0 OGO 1
1 00879U 64054A   11098.54166667 -.00000048 +00000-0 +10000-3 0  9990
2 00879 089.0620 343.4586 5103446 151.9605 000.8015 00.37795641008895
0 OGO 1
1 00879U 64054A   11101.16666667 -.00000052 +00000-0 +10000-3 0  9993
2 00879 089.0685 343.4362 5101012 152.0054 357.8332 00.37790593008905
0 OGO 1
1 00879U 64054A   11103.83333333 +.00000014 +00000-0 +10000-3 0  9997
2 00879 089.0686 343.4233 5098349 152.0614 000.5339 00.37788990008911
0 OGO 1
1 00879U 64054A   11106.45833333 +.00000059 +00000-0 +10000-3 0  9992
2 00879 089.0855 343.4068 5093468 152.1193 357.5606 00.37789890008928
0 OGO 1
1 00879U 64054A   11109.12500000 -.00000040 +00000-0 +10000-3 0  9992
2 00879 089.0927 343.3909 5084648 152.1735 000.2453 00.37789736008935
0 OGO 1
1 00879U 64054A   11111.75000000 -.00000157 +00000-0 +10000-3 0  9998
2 00879 089.0822 343.3738 5077323 152.1935 357.3421 00.37788745008944
0 OGO 1
1 00879U 64054A   11114.41666667 -.00000120 +00000-0 +10000-3 0  9991
2 00879 089.0988 343.3448 5074778 152.2021 000.1470 00.37790559008957
0 OGO 1
1 00879U 64054A   11117.04166667 +.00000016 +00000-0 +10000-3 0  9991
2 00879 089.1361 343.3181 5070120 152.2658 357.1774 00.37791703008965
0 OGO 1
1 00879U 64054A   11119.70833333 +.00000127 +00000-0 +10000-3 0  9990
2 00879 089.1403 343.3072 5060572 152.3261 359.8665 00.37787012008979
0 OGO 1
1 00879U 64054A   11122.33333333 +.00000178 +00000-0 +10000-3 0  9994
2 00879 089.1331 343.2929 5052896 152.3215 357.0200 00.37786203008985
0 OGO 1
1 00879U 64054A   11125.00000000 +.00000174 +00000-0 +10000-3 0  9999
2 00879 089.1504 343.2635 5049100 152.3198 359.8327 00.37790524008997
0 OGO 1
1 00879U 64054A   11127.62500000 +.00000143 +00000-0 +10000-3 0  9990
2 00879 089.1657 343.2405 5046202 152.3663 356.8730 00.37792658009006
0 OGO 1
1 00879U 64054A   11130.25000000 +.00000166 +00000-0 +10000-3 0  9993
2 00879 089.1646 343.2266 5043697 152.4254 353.8962 00.37789960009018
0 OGO 1
1 00879U 64054A   11132.91666667 +.00000218 +00000-0 +10000-3 0  9993
2 00879 089.1745 343.2138 5040192 152.4753 356.6098 00.37789772009020
0 OGO 1
1 00879U 64054A   11135.54166667 +.00000149 +00000-0 +10000-3 0  9993
2 00879 089.1912 343.1976 5032930 152.5334 353.6211 00.37791143009032
0 OGO 1
1 00879U 64054A   11138.20833333 -.00000014 +00000-0 +10000-3 0  9992
2 00879 089.1833 343.1825 5024277 152.5722 356.3407 00.37789481009043
0 OGO 1
1 00879U 64054A   11140.83333333 -.00000064 +00000-0 +10000-3 0  9994
2 00879 089.1829 343.1596 5020366 152.5788 353.4852 00.37790609009057
0 OGO 1
1 00879U 64054A   11146.12500000 +.00000129 +00000-0 +10000-3 0  9990
2 00879 089.2450 343.1091 5009816 152.6967 353.2097 00.37788730009078
0 OGO 1
1 00879U 64054A   11148.79166667 +.00000173 +00000-0 +10000-3 0  9991
2 00879 089.2515 343.1074 5001090 152.7109 355.9863 00.37785676009083
0 OGO 1
1 00879U 64054A   11151.41666667 +.00000162 +00000-0 +10000-3 0  9997
2 00879 089.2615 343.0824 4996517 152.6997 353.1489 00.37789112009090
0 OGO 1
1 00879U 64054A   11154.08333333 +.00000109 +00000-0 +10000-3 0  9995
2 00879 089.2828 343.0525 4993997 152.7356 355.8803 00.37792588009105
0 OGO 1
1 00879U 64054A   11155.91666667 +.00000084 +00000-0 +10000-3 0  9999
2 00879 089.2740 343.0307 4992473 152.7982 245.1941 00.37793798009107
0 OGO 1
1 00879U 64054A   11159.41666667 +.00000119 +00000-0 +10000-3 0  9997
2 00879 089.2715 343.0162 4987996 152.8613 001.2690 00.37788713009129
0 OGO 1
1 00879U 64054A   11162.04166667 +.00000079 +00000-0 +10000-3 0  9990
2 00879 089.2919 343.0023 4982708 152.9139 358.2922 00.37790532009137
0 OGO 1
1 00879U 64054A   11164.66666667 -.00000092 +00000-0 +10000-3 0  9991
2 00879 089.2940 342.9874 4974196 152.9684 355.3060 00.37790318009144
0 OGO 1
1 00879U 64054A   11167.33333333 -.00000220 +00000-0 +10000-3 0  9992
2 00879 089.2818 342.9701 4968483 152.9860 358.0854 00.37789047009154
0 OGO 1
1 00879U 64054A   11169.95833333 -.00000185 +00000-0 +10000-3 0  9997
2 00879 089.3091 342.9397 4966454 153.0150 355.1958 00.37792477009164
0 OGO 1
1 00879U 64054A   11172.62500000 -.00000093 +00000-0 +10000-3 0  9995
2 00879 089.3421 342.9174 4959718 153.1021 357.8434 00.37790459009174
0 OGO 1
1 00879U 64054A   11177.91666667 -.00000062 +00000-0 +10000-3 0  9990
2 00879 089.3330 342.8860 4944105 153.1334 357.7376 00.37787320009194
0 OGO 1
1 00879U 64054A   11180.54166667 -.00000116 +00000-0 +10000-3 0  9998
2 00879 089.3528 342.8566 4941400 153.1528 354.8388 00.37791560009200
0 OGO 1
1 00879U 64054A   11180.54166667 -.00000116 +00000-0 +10000-3 0  9998
2 00879 089.3539 342.8585 4941326 153.1529 354.8410 00.37791534009208
0 OGO 1
1 00879U 64054A   11193.79166667 -.00000470 +00000-0 +10000-3 0  9992
2 00879 089.3695 342.7829 4916302 153.4315 356.9844 00.37788441009255
0 OGO 1
1 00879U 64054A   11196.41666667 -.00000490 +00000-0 +10000-3 0  9991
2 00879 089.3779 342.7584 4913742 153.4474 354.1178 00.37790395009269
0 OGO 1
1 00879U 64054A   11199.08333333 -.00000401 +00000-0 +10000-3 0  9990
2 00879 089.4176 342.7304 4909347 153.5239 356.7962 00.37791434009272
0 OGO 1
1 00879U 64054A   11201.70833333 -.00000338 +00000-0 +10000-3 0  9997
2 00879 089.4194 342.7216 4899612 153.5945 353.8021 00.37786197009286
0 OGO 1
1 00879U 64054A   11212.29166667 -.00000409 +00000-0 +10000-3 0  9991
2 00879 089.4406 342.6424 4883473 153.7340 353.4452 00.37787502009321
0 OGO 1
1 00879U 64054A   11225.58333333 -.00000594 +00000-0 +10000-3 0  9998
2 00879 089.4742 342.5584 4857916 153.9612 001.4016 00.37790514009375
0 OGO 1
1 00879U 64054A   11228.20833333 -.00000497 +00000-0 +10000-3 0  9997
2 00879 089.4894 342.5445 4849548 154.0498 358.3738 00.37787236009388
0 OGO 1
1 00879U 64054A   11230.87500000 -.00000454 +00000-0 +10000-3 0  9998
2 00879 089.4762 342.5361 4840766 154.0708 001.1479 00.37784469009397
0 OGO 1
1 00879U 64054A   11233.50000000 -.00000452 +00000-0 +10000-3 0  9994
2 00879 089.4818 342.5143 4836239 154.0655 358.3031 00.37787374009409
0 OGO 1
1 00879U 64054A   11236.16666667 -.00000476 +00000-0 +10000-3 0  9992
2 00879 089.4961 342.4889 4833615 154.1023 001.0404 00.37790184009419
0 OGO 1
1 00879U 64054A   11238.79166667 -.00000468 +00000-0 +10000-3 0  9999
2 00879 089.4976 342.4726 4831321 154.1702 358.0517 00.37789048009429
0 OGO 1
1 00879U 64054A   11241.45833333 -.00000402 +00000-0 +10000-3 0  9995
2 00879 089.4966 342.4630 4827948 154.2349 000.7406 00.37786733009437
0 OGO 1
1 00879U 64054A   11245.08333333 -.00000443 +00000-0 +10000-3 0  9998
2 00879 089.5038 342.4472 4818532 154.3095 133.7828 00.37787320009449
0 OGO 1
1 00879U 64054A   11249.37500000 -.00000627 +00000-0 +10000-3 0  9995
2 00879 089.4977 342.4194 4808459 154.3798 357.5538 00.37787672009464
0 OGO 1
1 00879U 64054A   11252.00000000 -.00000555 +00000-0 +10000-3 0  9994
2 00879 089.5193 342.3942 4806515 154.4149 354.6514 00.37789757009476
0 OGO 1
1 00879U 64054A   11254.66666667 -.00000423 +00000-0 +10000-3 0  9999
2 00879 089.5453 342.3755 4800321 154.5056 357.2961 00.37789057009483
0 OGO 1
1 00879U 64054A   11257.29166667 -.00000341 +00000-0 +10000-3 0  9995
2 00879 089.5340 342.3685 4791254 154.5520 354.3527 00.37784683009497
0 OGO 1
1 00879U 64054A   11259.95833333 -.00000306 +00000-0 +10000-3 0  9992
2 00879 089.5323 342.3504 4785605 154.5464 357.1795 00.37786509009507
0 OGO 1
1 00879U 64054A   11262.58333333 -.00000300 +00000-0 +10000-3 0  9994
2 00879 089.5466 342.3251 4782790 154.5676 354.2794 00.37789769009510
0 OGO 1
1 00879U 64054A   11265.25000000 -.00000286 +00000-0 +10000-3 0  9996
2 00879 089.5507 342.3061 4780516 154.6266 356.9757 00.37789720009521
0 OGO 1
1 00879U 64054A   11270.54166667 -.00000152 +00000-0 +10000-3 0  9998
2 00879 089.5552 342.2832 4773187 154.7575 356.6972 00.37788635009548
0 OGO 1
1 00879U 64054A   11273.20833333 -.00000231 +00000-0 +10000-3 0  9993
2 00879 089.5580 342.2691 4765032 154.8153 359.3845 00.37789376009558
0 OGO 1
1 00879U 64054A   11275.83333333 -.00000346 +00000-0 +10000-3 0  9996
2 00879 089.5484 342.2517 4758626 154.8454 356.4668 00.37788333009567
0 OGO 1
1 00879U 64054A   11278.50000000 -.00000315 +00000-0 +10000-3 0  9991
2 00879 089.5608 342.2271 4756337 154.8720 359.2477 00.37790065009570
0 OGO 1
1 00879U 64054A   11281.12500000 -.00000177 +00000-0 +10000-3 0  9994
2 00879 089.5921 342.2051 4752178 154.9535 356.2499 00.37790952009585
0 OGO 1
1 00879U 64054A   11283.79166667 -.00000068 +00000-0 +10000-3 0  9995
2 00879 089.5888 342.1965 4743408 155.0247 358.9296 00.37786525009594
0 OGO 1
1 00879U 64054A   11286.41666667 -.00000017 +00000-0 +10000-3 0  9996
2 00879 089.5807 342.1821 4736774 155.0262 356.0770 00.37786311009602
0 OGO 1
1 00879U 64054A   11289.08333333 +.00000001 +00000-0 +10000-3 0  9995
2 00879 089.5939 342.1569 4733162 155.0452 358.8591 00.37790086009612
0 OGO 1
1 00879U 64054A   11291.70833333 +.00000010 +00000-0 +10000-3 0  9992
2 00879 089.6033 342.1352 4730937 155.0963 355.9010 00.37790955009622
0 OGO 1
1 00879U 64054A   11294.37500000 +.00000066 +00000-0 +10000-3 0  9991
2 00879 089.6000 342.1226 4728905 155.1576 358.6004 00.37788844009637
0 OGO 1
1 00879U 64054A   11297.00000000 +.00000146 +00000-0 +10000-3 0  9998
2 00879 089.6069 342.1115 4725736 155.2140 355.6397 00.37789097009640
0 OGO 1
1 00879U 64054A   11299.66666667 +.00000113 +00000-0 +10000-3 0  9993
2 00879 089.6168 342.0974 4718518 155.2821 358.3098 00.37790354009655
0 OGO 1
1 00879U 64054A   11302.29166667 -.00000022 +00000-0 +10000-3 0  9992
2 00879 089.6069 342.0819 4710573 155.3256 355.3604 00.37788942009660
0 OGO 1
1 00879U 64054A   11304.95833333 -.00000062 +00000-0 +10000-3 0  9992
2 00879 089.6097 342.0578 4707380 155.3443 358.1523 00.37790111009676
0 OGO 1
1 00879U 64054A   11307.58333333 +.00000042 +00000-0 +10000-3 0  9996
2 00879 089.6439 342.0319 4704713 155.4139 355.1828 00.37792190009684
0 OGO 1
1 00879U 64054A   11315.58333333 +.00000207 +00000-0 +10000-3 0  9998
2 00879 089.6509 341.9848 4685695 155.5141 003.4374 00.37789417009719
0 OGO 1
1 00879U 64054A   11318.20833333 +.00000195 +00000-0 +10000-3 0  9991
2 00879 089.6667 341.9599 4683567 155.5570 000.4960 00.37791959009722
0 OGO 1
1 00879U 64054A   11320.87500000 +.00000211 +00000-0 +10000-3 0  9998
2 00879 089.6661 341.9447 4681523 155.6236 003.1821 00.37790090009730
0 OGO 1
1 00879U 64054A   11323.50000000 +.00000274 +00000-0 +10000-3 0  9995
2 00879 089.6674 341.9347 4679230 155.6768 000.2294 00.37788714009748
0 OGO 1
1 00879U 64054A   11326.16666667 +.00000266 +00000-0 +10000-3 0  9998
2 00879 089.6830 341.9209 4673852 155.7406 002.9137 00.37791291009753
0 OGO 1
1 00879U 64054A   11328.79166667 +.00000121 +00000-0 +10000-3 0  9994
2 00879 089.6784 341.9065 4664585 155.8179 359.9054 00.37790406009763
0 OGO 1
1 00879U 64054A   11331.41666667 +.00000002 +00000-0 +10000-3 0  9990
2 00879 089.6680 341.8867 4659723 155.8388 357.0167 00.37789561009772
0 OGO 1
1 00879U 64054A   11334.08333333 +.00000040 +00000-0 +10000-3 0  9999
2 00879 089.6991 341.8572 4658256 155.8890 359.7599 00.37792795009780
0 OGO 1
1 00879U 64054A   11336.70833333 +.00000132 +00000-0 +10000-3 0  9997
2 00879 089.7209 341.8389 4652040 155.9930 356.7135 00.37788923009792
0 OGO 1
1 00879U 64054A   11339.37500000 +.00000167 +00000-0 +10000-3 0  9993
2 00879 089.7108 341.8319 4643256 156.0391 359.4475 00.37786788009801
0 OGO 1
1 00879U 64054A   11342.00000000 +.00000154 +00000-0 +10000-3 0  9998
2 00879 089.7137 341.8114 4638579 156.0358 356.6028 00.37788581009818
0 OGO 1
1 00879U 64054A   11344.66666667 +.00000119 +00000-0 +10000-3 0  9990
2 00879 089.7309 341.7850 4635721 156.0723 359.3408 00.37792230009826
0 OGO 1
1 00879U 64054A   11352.62500000 +.00000132 +00000-0 +10000-3 0  9998
2 00879 089.7417 341.7456 4627807 156.2692 001.7498 00.37789698009855
0 OGO 1
1 00879U 64054A   11355.25000000 +.00000004 +00000-0 +10000-3 0  9993
2 00879 089.7506 341.7309 4620484 156.3432 358.7384 00.37791476009865
0 OGO 1
1 00879U 64054A   11357.91666667 -.00000173 +00000-0 +10000-3 0  9993
2 00879 089.7349 341.7150 4613795 156.3887 001.4599 00.37789266009870
0 OGO 1
1 00879U 64054A   11360.54166667 -.00000209 +00000-0 +10000-3 0  9991
2 00879 089.7488 341.6888 4612382 156.4164 358.5788 00.37791398009887
0 OGO 1
1 00879U 64054A   11363.20833333 -.00000136 +00000-0 +10000-3 0  9997
2 00879 089.7872 341.6642 4608178 156.5241 001.2060 00.37792431009892
0 OGO 1
1 00879U 64054A   11365.83333333 -.00000097 +00000-0 +10000-3 0  9999
2 00879 089.7814 341.6565 4599253 156.6051 358.2046 00.37787170009900
0 OGO 1
1 00879U 64054A   12003.50000000 -.00000116 +00000-0 +10000-3 0  9997
2 00879 089.7754 341.6410 4593140 156.6124 001.0119 00.37787062009917
0 OGO 1
1 00879U 64054A   12006.12500000 -.00000157 +00000-0 +10000-3 0  9998
2 00879 089.7908 341.6156 4590597 156.6319 358.1228 00.37790670009921
0 OGO 1
1 00879U 64054A   12014.04166667 -.00000160 +00000-0 +10000-3 0  9999
2 00879 089.8034 341.5736 4583287 156.8374 354.8465 00.37789103009954
0 OGO 1
1 00879U 64054A   12016.70833333 -.00000236 +00000-0 +10000-3 0  9999
2 00879 089.8159 341.5594 4577259 156.9055 357.5216 00.37790416009967
0 OGO 1
1 00879U 64054A   12019.33333333 -.00000416 +00000-0 +10000-3 0  9996
2 00879 089.8072 341.5453 4569918 156.9715 354.5292 00.37789185009974
0 OGO 1
1 00879U 64054A   12022.00000000 -.00000508 +00000-0 +10000-3 0  9998
2 00879 089.8013 341.5252 4566789 156.9979 357.3084 00.37788818009984
0 OGO 1
1 00879U 64054A   12024.62500000 -.00000451 +00000-0 +10000-3 0  9990
2 00879 089.8391 341.4973 4564976 157.0760 354.3313 00.37792430009996
0 OGO 1
1 00879U 64054A   12027.29166667 -.00000382 +00000-0 +10000-3 0  9996
2 00879 089.8459 341.4876 4556669 157.1932 356.9404 00.37787986010008
0 OGO 1
1 00879U 64054A   12029.87500000 -.00000376 +00000-0 +10000-3 0  9998
2 00879 089.8319 341.4785 4549100 157.2205 348.3763 00.37785542010018
0 OGO 1
1 00879U 64054A   12032.54166667 -.00000399 +00000-0 +10000-3 0  9998
2 00879 089.8395 341.4564 4545400 157.2304 351.1767 00.37788992010025
0 OGO 1
1 00879U 64054A   12035.16666667 -.00000425 +00000-0 +10000-3 0  9994
2 00879 089.8523 341.4335 4543571 157.2833 348.2239 00.37791189010032
0 OGO 1
1 00879U 64054A   12037.83333333 -.00000418 +00000-0 +10000-3 0  9993
2 00879 089.8516 341.4190 4541711 157.3631 350.8936 00.37789426010049
0 OGO 1
1 00879U 64054A   12040.45833333 -.00000361 +00000-0 +10000-3 0  9997
2 00879 089.8439 341.4116 4538784 157.4155 347.9313 00.37787143010050
0 OGO 1
1 00879U 64054A   12043.16666667 -.00000362 +00000-0 +10000-3 0  9993
2 00879 089.8520 341.4010 4533341 157.4800 356.2912 00.37788662010061
0 OGO 1
1 00879U 64054A   12045.83333333 -.00000500 +00000-0 +10000-3 0  9994
2 00879 089.8508 341.3870 4525888 157.5496 358.9625 00.37789322010074
0 OGO 1
1 00879U 64054A   12048.45833333 -.00000616 +00000-0 +10000-3 0  9998
2 00879 089.8375 341.3705 4521224 157.5864 356.0426 00.37787601010089
0 OGO 1
1 00879U 64054A   12051.12500000 -.00000574 +00000-0 +10000-3 0  9991
2 00879 089.8600 341.3458 4520186 157.6343 358.7949 00.37790126010090
0 OGO 1
1 00879U 64054A   12053.41666667 -.00000481 +00000-0 +10000-3 0  9994
2 00879 089.8834 341.3310 4514948 157.7472 310.3874 00.37789610010108
0 OGO 1
1 00879U 64054A   12056.41666667 -.00000421 +00000-0 +10000-3 0  9991
2 00879 089.8684 341.3223 4505909 157.8145 358.4401 00.37785294010113
0 OGO 1
1 00879U 64054A   12059.04166667 -.00000414 +00000-0 +10000-3 0  9990
2 00879 089.8662 341.3050 4501231 157.8164 355.5882 00.37787216010120
0 OGO 1
1 00879U 64054A   12061.66666667 -.00000412 +00000-0 +10000-3 0  9994
2 00879 089.8780 341.2825 4499110 157.8510 352.6719 00.37789867010139
0 OGO 1
1 00879U 64054A   12064.37500000 -.00000390 +00000-0 +10000-3 0  9998
2 00879 089.8795 341.2659 4497424 157.9210 001.0299 00.37789186010147
0 OGO 1
1 00879U 64054A   12067.00000000 -.00000316 +00000-0 +10000-3 0  9994
2 00879 089.8749 341.2567 4495468 157.9878 358.0594 00.37787344010158
0 OGO 1
1 00879U 64054A   12069.66666667 -.00000254 +00000-0 +10000-3 0  9996
2 00879 089.8793 341.2473 4491208 158.0521 000.7567 00.37788045010169
0 OGO 1
1 00879U 64054A   12074.91666667 -.00000451 +00000-0 +10000-3 0  9999
2 00879 089.8687 341.2186 4478205 158.1639 354.8277 00.37787977010181
0 OGO 1
1 00879U 64054A   12077.58333333 -.00000442 +00000-0 +10000-3 0  9996
2 00879 089.8781 341.1960 4476655 158.1953 357.6031 00.37789591010195
0 OGO 1
1 00879U 64054A   12080.20833333 -.00000322 +00000-0 +10000-3 0  9991
2 00879 089.9083 341.1761 4473470 158.2970 354.5777 00.37791056010206
0 OGO 1
1 00879U 64054A   12082.87500000 -.00000234 +00000-0 +10000-3 0  9990
2 00879 089.9001 341.1687 4465386 158.3858 357.2382 00.37786697010214
0 OGO 1
1 00879U 64054A   12088.16666667 -.00000189 +00000-0 +10000-3 0  9999
2 00879 089.9017 341.1317 4457149 158.4051 357.1647 00.37789458010238
0 OGO 1
1 00879U 64054A   12089.79166667 -.00000177 +00000-0 +10000-3 0  9991
2 00879 089.8977 341.1343 4458163 158.4650 218.0987 00.37790505010230
0 OGO 1
1 00879U 64054A   12090.83333333 -.00000163 +00000-0 +10000-3 0  9999
2 00879 089.9070 341.1132 4455578 158.4630 359.8754 00.37790039010245
0 OGO 1
1 00879U 64054A   12093.50000000 -.00000091 +00000-0 +10000-3 0  9998
2 00879 089.9020 341.1021 4454359 158.5215 002.5844 00.37787821010251
0 OGO 1
1 00879U 64054A   12096.12500000 -.00000001 +00000-0 +10000-3 0  9995
2 00879 089.9060 341.0929 4451641 158.5801 359.6290 00.37788518010269
0 OGO 1
1 00879U 64054A   12104.08333333 -.00000187 +00000-0 +10000-3 0  9998
2 00879 089.9029 341.0426 4435932 158.7338 002.1268 00.37789465010298
0 OGO 1
1 00879U 64054A   12106.70833333 -.00000089 +00000-0 +10000-3 0  9995
2 00879 089.9351 341.0199 4434559 158.8043 359.1473 00.37792044010303
0 OGO 1
1 00879U 64054A   12109.33333333 +.00000014 +00000-0 +10000-3 0  9999
2 00879 089.9382 341.0106 4427652 158.9101 356.1088 00.37788788010317
0 OGO 1
1 00879U 64054A   12112.00000000 +.00000048 +00000-0 +10000-3 0  9996
2 00879 089.9254 340.9988 4421028 158.9353 358.8899 00.37786715010329
0 OGO 1
1 00879U 64054A   12114.66666667 +.00000056 +00000-0 +10000-3 0  9996
2 00879 089.9340 340.9768 4417852 158.9460 001.6950 00.37789505010332
0 OGO 1
1 00879U 64054A   12117.29166667 +.00000069 +00000-0 +10000-3 0  9997
2 00879 089.9448 340.9560 4416407 158.9930 358.7564 00.37791188010346
0 OGO 1
1 00879U 64054A   12119.95833333 +.00000113 +00000-0 +10000-3 0  9993
2 00879 089.9419 340.9431 4415225 159.0560 001.4619 00.37789204010359
0 OGO 1
1 00879U 64054A   12122.58333333 +.00000198 +00000-0 +10000-3 0  9994
2 00879 089.9428 340.9338 4413762 159.1078 358.5237 00.37788400010364
0 OGO 1
1 00879U 64054A   12125.24589264 +.00000220 +00000-0 +00000-0 0  9998
2 00879 089.9564 340.9175 4409759 159.1561 000.6571 00.37792251010941
0 OGO 1
1 00879U 64054A   12127.89341033 +.00000101 +00000-0 +00000-0 0  9999
2 00879 089.9528 340.9043 4400622 159.2258 000.7251 00.37809854010381
0 OGO 1
1 00879U 64054A   12127.89341033 +.00000101 +00000-0 +00000-0 0  9999
2 00879 089.9528 340.9043 4400622 159.2258 000.7251 00.37809854010954
0 OGO 1
1 00879U 64054A   12130.53728453 -.00000011 +00000-0 +00000-0 0  9990
2 00879 089.9455 340.8883 4397787 159.2522 000.4021 00.37798408010397
0 OGO 1
1 00879U 64054A   12133.18348885 +.00000028 +00000-0 +00000-0 0  9998
2 00879 089.9754 340.8637 4398998 159.3154 000.3434 00.37781651010976
0 OGO 1
1 00879U 64054A   12133.18348892 +.00000028 +00000-0 +00000-0 0  9996
2 00879 089.9754 340.8637 4398999 159.3154 000.3434 00.37781651010405
0 OGO 1
1 00879U 64054A   12135.82919272 +.00000124 +00000-0 +00000-0 0  9992
2 00879 089.9904 340.8471 4393509 159.4370 000.0955 00.37777535010413
0 OGO 1
1 00879U 64054A   12135.83051127 +.00000124 +00000-0 +00000-0 0  9999
2 00879 089.9904 340.8471 4393501 159.4365 000.2749 00.37777593010988
0 OGO 1
1 00879U 64054A   12138.47682504 +.00000155 +00000-0 +00000-0 0  9995
2 00879 089.9763 340.8354 4385225 159.4843 000.2447 00.37786398010423
0 OGO 1
1 00879U 64054A   12141.12377268 +.00000141 +00000-0 +00000-0 0  9994
2 00879 089.9814 340.8174 4380633 159.4869 000.3803 00.37799767011002
0 OGO 1
1 00879U 64054A   12141.12444222 +.00000141 +00000-0 +00000-0 0  9999
2 00879 089.9814 340.8174 4380624 159.4869 000.4715 00.37799789010435
0 OGO 1
1 00879U 64054A   12143.76960952 +.00000128 +00000-0 +00000-0 0  9999
2 00879 089.9976 340.7985 4379194 159.5241 000.2948 00.37803257010441
0 OGO 1
1 00879U 64054A   12146.41427792 +.00000139 +00000-0 +00000-0 0  9996
2 00879 089.9988 340.7810 4378972 159.5899 359.9979 00.37791240011024
0 OGO 1
1 00879U 64054A   12146.41431634 +.00000139 +00000-0 +00000-0 0  9996
2 00879 089.9988 340.7810 4378984 159.5899 000.0031 00.37791161010458
0 OGO 1
1 00879U 64054A   12149.05994613 +.00000195 +00000-0 +00000-0 0  9992
2 00879 089.9953 340.7720 4377781 159.6444 359.8640 00.37787892010469
0 OGO 1
1 00879U 64054A   12151.70681809 +.00000233 +00000-0 +00000-0 0  9990
2 00879 090.0071 340.7616 4374780 159.7011 359.8853 00.37790545010470
0 OGO 1
1 00879U 64054A   12151.70738402 +.00000233 +00000-0 +00000-0 0  9992
2 00879 090.0071 340.7617 4374793 159.7011 359.9623 00.37790446011045
0 OGO 1
1 00879U 64054A   12154.35385351 +.00000136 +00000-0 +00000-0 0  9999
2 00879 090.0125 340.7484 4368112 159.7852 359.8640 00.37794054010482
0 OGO 1
1 00879U 64054A   12159.64451909 -.00000062 +00000-0 +00000-0 0  9998
2 00879 090.0134 340.7064 4361860 159.8654 359.5675 00.37793060011077
0 OGO 1
1 00879U 64054A   12159.64451909 -.00000062 +00000-0 +00000-0 0  9998
2 00879 090.0134 340.7064 4361860 159.8654 359.5675 00.37793060010504
0 OGO 1
1 00879U 64054A   12162.28964075 +.00000011 +00000-0 +00000-0 0  9998
2 00879 090.0460 340.6871 4358475 159.9938 359.2349 00.37791977010516
0 OGO 1
1 00879U 64054A   12162.29150033 +.00000011 +00000-0 +00000-0 0  9990
2 00879 090.0460 340.6872 4358464 159.9939 359.4882 00.37792010011093
0 OGO 1
1 00879U 64054A   12164.93680088 +.00000043 +00000-0 +00000-0 0  9996
2 00879 090.0336 340.6807 4350747 160.0772 359.2565 00.37787701011094
0 OGO 1
1 00879U 64054A   12164.93752237 +.00000043 +00000-0 +00000-0 0  9992
2 00879 090.0336 340.6806 4350751 160.0773 359.3546 00.37787702010527
0 OGO 1
1 00879U 64054A   12167.58456752 +.00000013 +00000-0 +00000-0 0  9996
2 00879 090.0295 340.6647 4346038 160.0846 359.4969 00.37789601010539
0 OGO 1
1 00879U 64054A   12170.22954045 -.00000022 +00000-0 +00000-0 0  9990
2 00879 090.0443 340.6419 4344479 160.1116 359.3173 00.37793074011120
0 OGO 1
1 00879U 64054A   12170.23101053 -.00000022 +00000-0 +00000-0 0  9994
2 00879 090.0443 340.6418 4344489 160.1116 359.5172 00.37792943011114
0 OGO 1
1 00879U 64054A   12170.23138631 -.00000022 +00000-0 +00000-0 0  9996
2 00879 090.0443 340.6418 4344494 160.1116 359.5684 00.37793004011117
0 OGO 1
1 00879U 64054A   12172.87562592 -.00000037 +00000-0 +00000-0 0  9991
2 00879 090.0516 340.6242 4343665 160.1810 359.2100 00.37792309010557
0 OGO 1
1 00879U 64054A   12175.52101438 -.00000010 +00000-0 +00000-0 0  9995
2 00879 090.0458 340.6145 4342490 160.2486 359.0147 00.37788408010564
0 OGO 1
1 00879U 64054A   12175.52101438 -.00000010 +00000-0 +00000-0 0  9995
2 00879 090.0458 340.6145 4342490 160.2486 359.0147 00.37788408011138
0 OGO 1
1 00879U 64054A   12175.52206511 -.00000010 +00000-0 +00000-0 0  9993
2 00879 090.0458 340.6145 4342501 160.2485 359.1579 00.37788248011132
0 OGO 1
1 00879U 64054A   12178.16807753 +.00000036 +00000-0 +00000-0 0  9998
2 00879 090.0495 340.6064 4340303 160.3000 359.0753 00.37788021011148
0 OGO 1
1 00879U 64054A   12178.16886344 +.00000036 +00000-0 +00000-0 0  9991
2 00879 090.0496 340.6065 4340314 160.3003 359.1824 00.37788024011148
0 OGO 1
1 00879U 64054A   12178.16949994 +.00000036 +00000-0 +00000-0 0  9992
2 00879 090.0497 340.6064 4340317 160.3003 359.2687 00.37788006011150
0 OGO 1
1 00879U 64054A   12180.81604105 -.00000021 +00000-0 +00000-0 0  9994
2 00879 090.0615 340.5946 4334986 160.3762 359.2001 00.37793703010583
0 OGO 1
1 00879U 64054A   12183.46196167 -.00000193 +00000-0 +00000-0 0  9992
2 00879 090.0486 340.5809 4328330 160.4511 359.0514 00.37792496011166
0 OGO 1
1 00879U 64054A   12183.46283373 -.00000193 +00000-0 +00000-0 0  9998
2 00879 090.0485 340.5808 4328306 160.4509 359.1698 00.37792670011162
0 OGO 1
1 00879U 64054A   12183.46283373 -.00000193 +00000-0 +00000-0 0  9998
2 00879 090.0485 340.5808 4328306 160.4509 359.1698 00.37792670010598
0 OGO 1
1 00879U 64054A   12186.10829542 -.00000296 +00000-0 +00000-0 0  9990
2 00879 090.0440 340.5599 4326343 160.4749 359.0777 00.37791155010607
0 OGO 1
1 00879U 64054A   12188.75257111 -.00000254 +00000-0 +00000-0 0  9994
2 00879 090.0842 340.5348 4325473 160.5775 358.6854 00.37792974010610
0 OGO 1
1 00879U 64054A   12194.04840681 -.00000229 +00000-0 +00000-0 0  9995
2 00879 090.0686 340.5158 4311940 160.7299 358.9660 00.37787543010638
0 OGO 1
1 00879U 64054A   12194.04880564 -.00000229 +00000-0 +00000-0 0  9999
2 00879 090.0687 340.5156 4311953 160.7307 359.0194 00.37787592011203
0 OGO 1
1 00879U 64054A   12196.69528703 -.00000272 +00000-0 +00000-0 0  9994
2 00879 090.0786 340.4943 4309709 160.7468 359.0685 00.37791281011216
0 OGO 1
1 00879U 64054A   12196.69628617 -.00000272 +00000-0 +00000-0 0  9999
2 00879 090.0786 340.4944 4309690 160.7469 359.2043 00.37791357010647
0 OGO 1
1 00879U 64054A   12199.34127873 -.00000295 +00000-0 +00000-0 0  9997
2 00879 090.0895 340.4747 4308889 160.8088 358.9643 00.37792081010654
0 OGO 1
1 00879U 64054A   12201.98670813 -.00000280 +00000-0 +00000-0 0  9992
2 00879 090.0854 340.4631 4307845 160.8860 358.7570 00.37788477010662
0 OGO 1
1 00879U 64054A   12201.98683781 -.00000280 +00000-0 +00000-0 0  9990
2 00879 090.0854 340.4631 4307844 160.8861 358.7744 00.37788516011233
0 OGO 1
1 00879U 64054A   12201.98711370 -.00000280 +00000-0 +00000-0 0  9996
2 00879 090.0854 340.4631 4307846 160.8861 358.8117 00.37788447011233
0 OGO 1
1 00879U 64054A   12204.63379344 -.00000226 +00000-0 +00000-0 0  9992
2 00879 090.0813 340.4562 4305953 160.9435 358.8144 00.37786049010679
0 OGO 1
1 00879U 64054A   12204.63598490 -.00000226 +00000-0 +00000-0 0  9997
2 00879 090.0813 340.4563 4305957 160.9436 359.1119 00.37785959011255
0 OGO 1
1 00879U 64054A   12209.92986832 -.00000367 +00000-0 +00000-0 0  9991
2 00879 090.0878 340.4336 4295230 161.0911 359.0985 00.37792592011268
0 OGO 1
1 00879U 64054A   12209.92993346 -.00000367 +00000-0 +00000-0 0  9999
2 00879 090.0878 340.4336 4295237 161.0910 359.1077 00.37792553010690
0 OGO 1
1 00879U 64054A   12212.57578210 -.00000506 +00000-0 +00000-0 0  9998
2 00879 090.0707 340.4174 4291276 161.1309 359.0261 00.37789590011280
0 OGO 1
1 00879U 64054A   12212.57680098 -.00000506 +00000-0 +00000-0 0  9996
2 00879 090.0707 340.4172 4291277 161.1310 359.1646 00.37789588010702
0 OGO 1
1 00879U 64054A   12215.22271365 -.00000495 +00000-0 +00000-0 0  9991
2 00879 090.0981 340.3926 4291514 161.1881 359.0841 00.37791418011295
0 OGO 1
1 00879U 64054A   12217.87178179 -.00000422 +00000-0 +00000-0 0  9993
2 00879 090.1166 340.3788 4286312 161.3397 359.2429 00.37788757011297
0 OGO 1
1 00879U 64054A   12220.51691771 -.00000413 +00000-0 +00000-0 0  9996
2 00879 090.0962 340.3719 4278856 161.3994 359.0382 00.37785593011304
0 OGO 1
1 00879U 64054A   12220.51795900 -.00000413 +00000-0 +00000-0 0  9995
2 00879 090.0961 340.3718 4278836 161.3992 359.1812 00.37785839010736
0 OGO 1
1 00879U 64054A   12220.52000301 -.00000413 +00000-0 +00000-0 0  9990
2 00879 090.0962 340.3719 4278821 161.3995 359.4588 00.37785900011312
0 OGO 1
1 00879U 64054A   12223.16578019 -.00000445 +00000-0 +00000-0 0  9994
2 00879 090.0975 340.3536 4275445 161.4079 359.4298 00.37789022010749
0 OGO 1
1 00879U 64054A   12223.16602748 -.00000445 +00000-0 +00000-0 0  9991
2 00879 090.0974 340.3534 4275487 161.4078 359.4628 00.37788614011318
0 OGO 1
1 00879U 64054A   12223.16618002 -.00000445 +00000-0 +00000-0 0  9991
2 00879 090.0975 340.3535 4275433 161.4081 359.4828 00.37788935011324
0 OGO 1
1 00879U 64054A   12225.81241808 -.00000459 +00000-0 +00000-0 0  9996
2 00879 090.1093 340.3331 4274438 161.4547 359.4403 00.37790564011321
0 OGO 1
1 00879U 64054A   12228.45815581 -.00000439 +00000-0 +00000-0 0  9992
2 00879 090.1088 340.3194 4273531 161.5305 359.2807 00.37788872011334
0 OGO 1
1 00879U 64054A   12228.45898492 -.00000439 +00000-0 +00000-0 0  9994
2 00879 090.1088 340.3194 4273529 161.5304 359.3932 00.37788842011337
0 OGO 1
1 00879U 64054A   12228.45940686 -.00000439 +00000-0 +00000-0 0  9997
2 00879 090.1088 340.3194 4273530 161.5304 359.4508 00.37788849011347
0 OGO 1
1 00879U 64054A   12231.10761845 -.00000371 +00000-0 +00000-0 0  9996
2 00879 090.1015 340.3121 4272086 161.5955 359.6479 00.37785189010773
0 OGO 1
1 00879U 64054A   12233.75246147 -.00000317 +00000-0 +00000-0 0  9992
2 00879 090.1045 340.3044 4268786 161.6536 359.3935 00.37787094010780
0 OGO 1
1 00879U 64054A   12233.75522086 -.00000317 +00000-0 +00000-0 0  9991
2 00879 090.1046 340.3046 4268854 161.6543 359.7687 00.37786527011359
0 OGO 1
1 00879U 64054A   12236.40138437 -.00000390 +00000-0 +00000-0 0  9990
2 00879 090.1074 340.2922 4262832 161.7317 359.6500 00.37791380011369
0 OGO 1
1 00879U 64054A   12236.40195903 -.00000390 +00000-0 +00000-0 0  9991
2 00879 090.1074 340.2921 4262809 161.7314 359.7271 00.37791345011366
0 OGO 1
1 00879U 64054A   12236.40319932 -.00000390 +00000-0 +00000-0 0  9991
2 00879 090.1074 340.2921 4262828 161.7315 359.8958 00.37791190011369
0 OGO 1
1 00879U 64054A   12239.04929788 -.00000531 +00000-0 +00000-0 0  9997
2 00879 090.0915 340.2767 4257597 161.7891 359.8073 00.37789818011380
0 OGO 1
1 00879U 64054A   12239.04932633 -.00000531 +00000-0 +00000-0 0  9990
2 00879 090.0915 340.2767 4257597 161.7889 359.8119 00.37789925011376
0 OGO 1
1 00879U 64054A   12239.04939873 -.00000531 +00000-0 +00000-0 0  9993
2 00879 090.0916 340.2768 4257605 161.7893 359.8210 00.37789765010804
0 OGO 1
1 00879U 64054A   12241.69526303 -.00000551 +00000-0 +00000-0 0  9999
2 00879 090.0994 340.2557 4257214 161.8232 359.7679 00.37789012011387
0 OGO 1
1 00879U 64054A   12241.69583155 -.00000551 +00000-0 +00000-0 0  9997
2 00879 090.0994 340.2558 4257374 161.8238 359.8451 00.37787797011388
0 OGO 1
1 00879U 64054A   12244.34093631 -.00000459 +00000-0 +00000-0 0  9994
2 00879 090.1314 340.2376 4255108 161.9547 359.5109 00.37789320011392
0 OGO 1
1 00879U 64054A   12244.34098773 -.00000459 +00000-0 +00000-0 0  9996
2 00879 090.1314 340.2376 4255119 161.9545 359.5195 00.37789404011390
0 OGO 1
1 00879U 64054A   12246.98941204 -.00000404 +00000-0 +00000-0 0  9994
2 00879 090.1153 340.2307 4247558 162.0596 359.6781 00.37785479011403
0 OGO 1
1 00879U 64054A   12246.99087151 -.00000404 +00000-0 +00000-0 0  9997
2 00879 090.1153 340.2307 4247537 162.0598 359.8769 00.37785628010832
0 OGO 1
1 00879U 64054A   12249.64024615 -.00000411 +00000-0 +00000-0 0  9996
2 00879 090.1064 340.2161 4242849 162.0729 000.3331 00.37787452010849
0 OGO 1
1 00879U 64054A   12249.64046701 -.00000411 +00000-0 +00000-0 0  9996
2 00879 090.1064 340.2161 4242852 162.0725 000.3622 00.37787333011425
0 OGO 1
1 00879U 64054A   12252.28662542 -.00000411 +00000-0 +00000-0 0  9997
2 00879 090.1169 340.1954 4241396 162.1023 000.3414 00.37790249011434
0 OGO 1
1 00879U 64054A   12252.28663049 -.00000411 +00000-0 +00000-0 0  9990
2 00879 090.1169 340.1954 4241400 162.1024 000.3422 00.37790251010858
0 OGO 1
1 00879U 64054A   12254.93306908 -.00000378 +00000-0 +00000-0 0  9994
2 00879 090.1200 340.1797 4240683 162.1699 000.2901 00.37789446010865
0 OGO 1
1 00879U 64054A   12257.57908877 -.00000301 +00000-0 +00000-0 0  9996
2 00879 090.1130 340.1708 4239812 162.2369 000.1890 00.37785999010872
0 OGO 1
1 00879U 64054A   12257.58114036 -.00000300 +00000-0 +00000-0 0  9992
2 00879 090.1130 340.1708 4239809 162.2368 000.4678 00.37785990011450
0 OGO 1
1 00879U 64054A   12260.22642947 -.00000204 +00000-0 +00000-0 0  9997
2 00879 090.1123 340.1635 4237557 162.2952 000.2795 00.37786212010880
0 OGO 1
1 00879U 64054A   12262.87461004 -.00000205 +00000-0 +00000-0 0  9994
2 00879 090.1164 340.1525 4232321 162.3699 000.4435 00.37790556011460
0 OGO 1
1 00879U 64054A   12262.87581512 -.00000205 +00000-0 +00000-0 0  9991
2 00879 090.1164 340.1525 4232340 162.3696 000.6097 00.37790634010897
0 OGO 1
1 00879U 64054A   12262.87678321 -.00000205 +00000-0 +00000-0 0  9996
2 00879 090.1164 340.1525 4232239 162.3690 000.7392 00.37791234011468
0 OGO 1
1 00879U 64054A   12265.52353918 -.00000322 +00000-0 +00000-0 0  9993
2 00879 090.1059 340.1370 4226361 162.4370 000.7221 00.37791231011484
0 OGO 1
1 00879U 64054A   12265.52431283 -.00000322 +00000-0 +00000-0 0  9995
2 00879 090.1059 340.1372 4226394 162.4373 000.8266 00.37790924010909
0 OGO 1
1 00879U 64054A   12268.16985729 -.00000378 +00000-0 +00000-0 0  9998
2 00879 090.1028 340.1172 4224785 162.4705 000.7252 00.37789271010912
0 OGO 1
1 00879U 64054A   12270.81507793 -.00000290 +00000-0 +00000-0 0  9997
2 00879 090.1339 340.0971 4224555 162.5671 000.4733 00.37790518010929
0 OGO 1
1 00879U 64054A   12270.81621436 -.00000290 +00000-0 +00000-0 0  9998
2 00879 090.1339 340.0971 4224512 162.5674 000.6270 00.37790740011493
0 OGO 1
1 00879U 64054A   12273.46286361 -.00000197 +00000-0 +00000-0 0  9992
2 00879 090.1317 340.0884 4218491 162.7014 000.4918 00.37787417010933
0 OGO 1
1 00879U 64054A   12273.46346173 -.00000197 +00000-0 +00000-0 0  9990
2 00879 090.1317 340.0885 4218456 162.7016 000.5730 00.37787598011504
0 OGO 1
1 00879U 64054A   12276.11351236 -.00000180 +00000-0 +00000-0 0  9993
2 00879 090.1154 340.0766 4212676 162.7356 001.0858 00.37787122011528
0 OGO 1
1 00879U 64054A   12278.75914673 -.00000176 +00000-0 +00000-0 0  9990
2 00879 090.1227 340.0561 4210564 162.7536 001.0181 00.37790486010958
0 OGO 1
1 00879U 64054A   12281.40527752 -.00000142 +00000-0 +00000-0 0  9997
2 00879 090.1297 340.0383 4209911 162.8121 000.9412 00.37790748011533
0 OGO 1
1 00879U 64054A   12281.40542367 -.00000142 +00000-0 +00000-0 0  9996
2 00879 090.1298 340.0382 4209872 162.8117 000.9606 00.37790983010966
0 OGO 1
1 00879U 64054A   12284.05118280 -.00000068 +00000-0 +00000-0 0  9990
2 00879 090.1243 340.0273 4209289 162.8789 000.8214 00.37787904010976
0 OGO 1
1 00879U 64054A   12284.05172498 -.00000068 +00000-0 +00000-0 0  9991
2 00879 090.1243 340.0273 4209304 162.8791 000.8952 00.37787783011545
0 OGO 1
1 00879U 64054A   12284.05225066 -.00000068 +00000-0 +00000-0 0  9991
2 00879 090.1243 340.0273 4209288 162.8789 000.9666 00.37787926011556
0 OGO 1
1 00879U 64054A   12286.69779503 +.00000041 +00000-0 +00000-0 0  9993
2 00879 090.1220 340.0195 4208056 162.9347 000.8198 00.37786613010984
0 OGO 1
1 00879U 64054A   12286.69927708 +.00000042 +00000-0 +00000-0 0  9996
2 00879 090.1220 340.0195 4208092 162.9350 001.0216 00.37786329011550
0 OGO 1
1 00879U 64054A   12289.34645143 +.00000094 +00000-0 +00000-0 0  9998
2 00879 090.1284 340.0092 4203989 163.0078 001.0581 00.37790825011567
0 OGO 1
1 00879U 64054A   12289.34782060 +.00000094 +00000-0 +00000-0 0  9998
2 00879 090.1283 340.0092 4203979 163.0084 001.2440 00.37790772011570
0 OGO 1
1 00879U 64054A   12291.99358940 +.00000008 +00000-0 +00000-0 0  9993
2 00879 090.1219 339.9948 4197541 163.0870 001.0720 00.37792561011001
0 OGO 1
1 00879U 64054A   12291.99360132 +.00000008 +00000-0 +00000-0 0  9999
2 00879 090.1217 339.9942 4197366 163.0854 001.0741 00.37794142011000
0 OGO 1
1 00879U 64054A   12291.99389944 +.00000008 +00000-0 +00000-0 0  9991
2 00879 090.1219 339.9946 4197502 163.0867 001.1139 00.37792902011589
0 OGO 1
1 00879U 64054A   12297.28511390 -.00000044 +00000-0 +00000-0 0  9992
2 00879 090.1394 339.9525 4194851 163.1977 000.8499 00.37792104011593
0 OGO 1
1 00879U 64054A   12297.28516004 -.00000044 +00000-0 +00000-0 0  9999
2 00879 090.1394 339.9526 4194870 163.1979 000.8562 00.37791966011593
0 OGO 1
1 00879U 64054A   12297.28544766 -.00000044 +00000-0 +00000-0 0  9995
2 00879 090.1394 339.9526 4194889 163.1978 000.8953 00.37791805011600
0 OGO 1
1 00879U 64054A   12299.93174370 +.00000059 +00000-0 +00000-0 0  9994
2 00879 090.1507 339.9413 4190683 163.3417 000.6969 00.37789850011601
0 OGO 1
1 00879U 64054A   12301.51411296  .00000000  00000-0  10000-3 0  9993
2 00879 090.1680 339.9339 4189362 163.3020 216.0487 00.37781901 11036
0 OGO 1
1 00879U 64054A   12302.57955777 +.00000090 +00000-0 +00000-0 0  9992
2 00879 090.1324 339.9318 4184278 163.4038 000.8542 00.37788028011048
0 OGO 1
1 00879U 64054A   12304.15970752  .00000000  00000-0  10000-3 0  9993
2 00879 090.1697 339.9180 4187391 163.3656 215.9041 00.37782141 11045
0 OGO 1
1 00879U 64054A   12305.22734397  .00000078  00000-0  00000+0 0  9995
2 00879 090.1350 339.9124 4181328 163.4169 001.0888 00.37790879 11054
0 OGO 1
1 00879U 64054A   12307.87314532  .00000091  00000-0  00000+0 0  9998
2 00879 090.1459 339.8923 4180585 163.4646 000.9867 00.37792741 11060
0 OGO 1
1 00879U 64054A   12310.51788564  .00000140  00000-0  00000+0 0  9998
2 00879 090.1440 339.8791 4180193 163.5333 000.7034 00.37790174 11075
0 OGO 1
1 00879U 64054A   12313.16362651  .00000231  00000-0  00000+0 0  9998
2 00879 090.1392 339.8707 4179529 163.5875 000.5860 00.37787496 11089
0 OGO 1
1 00879U 64054A   12315.81079067  .00000303  00000-0  00000+0 0  9998
2 00879 090.1474 339.8612 4176984 163.6498 000.6436 00.37790461 11096
0 OGO 1
1 00879U 64054A   12318.45872395  .00000245  00000-0  00000+0 0  9991
2 00879 090.1484 339.8480 4171013 163.7402 000.7452 00.37794221 11103
0 OGO 1
1 00879U 64054A   12320.03398765  .00000000  00000-0  10000-3 0  9996
2 00879 090.1793 339.8361 4170463 163.7672 215.0400 00.37782220 11101
0 OGO 1
1 00879U 64054A   12321.10302002  .00000108  00000-0  00000+0 0  9998
2 00879 090.1329 339.8299 4166100 163.7913 000.4287 00.37792433 11114
0 OGO 1
1 00879U 64054A   12323.74929863  .00000080  00000-0  00000+0 0  9999
2 00879 090.1516 339.8054 4166592 163.8397 000.4093 00.37793153 11129
0 OGO 1
1 00879U 64054A   12326.39447284  .00000158  00000-0  00000+0 0  9991
2 00879 090.1764 339.7899 4164321 163.9878 000.0534 00.37792315 11139
0 OGO 1
1 00879U 64054A   12329.04355080  .00000191  00000-0  00000+0 0  9995
2 00879 090.1597 339.7824 4157893 164.0811 000.3255 00.37788744 11141
0 OGO 1
1 00879U 64054A   12331.69026968  .00000155  00000-0  00000+0 0  9999
2 00879 090.1564 339.7652 4154142 164.0967 000.4130 00.37790665 11159
0 OGO 1
1 00879U 64054A   12334.33390211 +.00000129 +00000-0 +00000-0 0  9990
2 00879 090.1693 339.7439 4153330 164.1340 000.0348 00.37793343011736
0 OGO 1
1 00879U 64054A   12334.33539353  .00000129  00000-0  00000+0 0  9991
2 00879 090.1693 339.7439 4153327 164.1341 000.2378 00.37793373 11168
0 OGO 1
1 00879U 64054A   12334.33570703 +.00000129 +00000-0 +00000-0 0  9996
2 00879 090.1693 339.7439 4153319 164.1340 000.2803 00.37793458011738
0 OGO 1
1 00879U 64054A   12336.98010573  .00000141  00000-0  00000+0 0  9996
2 00879 090.1728 339.7283 4153237 164.2058 359.9446 00.37792118 11177
0 OGO 1
1 00879U 64054A   12339.62558166  .00000196  00000-0  00000+0 0  9995
2 00879 090.1661 339.7190 4152890 164.2683 359.7751 00.37788370 11181
0 OGO 1
1 00879U 64054A   12342.27166843  .00000262  00000-0  00000+0 0  9991
2 00879 090.1707 339.7107 4151511 164.3197 359.7085 00.37788736 11197
0 OGO 1
1 00879U 64054A   12344.91923007  .00000231  00000-0  00000+0 0  9993
2 00879 090.1806 339.6989 4147057 164.4060 359.7684 00.37794119 11203
0 OGO 1
1 00879U 64054A   12347.56630018  .00000077  00000-0  00000+0 0  9992
2 00879 090.1661 339.6836 4141187 164.4874 359.7702 00.37793476 11211
0 OGO 1
1 00879U 64054A   12350.21142225 -.00000029  00000-0  00000+0 0  9994
2 00879 090.1658 339.6610 4140352 164.5172 359.6227 00.37792293 11220
0 OGO 1
1 00879U 64054A   12352.85482500  .00000003  00000-0  00000+0 0  9990
2 00879 090.2045 339.6383 4140593 164.6479 359.0634 00.37794230 11236
0 OGO 1
1 00879U 64054A   12355.50254784  .00000039  00000-0  00000+0 0  9995
2 00879 090.1947 339.6316 4134578 164.7885 359.0691 00.37788830 11243
0 OGO 1
1 00879U 64054A   12358.15067487 -.00000008  00000-0  00000+0 0  9998
2 00879 090.1829 339.6182 4129788 164.8173 359.3286 00.37789244 11255
0 OGO 1
1 00879U 64054A   12360.79746900 -.00000068  00000-0  00000+0 0  9991
2 00879 090.1943 339.5971 4128615 164.8456 359.3987 00.37792409 11265
0 OGO 1
1 00879U 64054A   12363.44271403 -.00000085  00000-0  00000+0 0  9996
2 00879 090.2025 339.5796 4128716 164.9166 359.1787 00.37792528 11272
0 OGO 1
1 00879U 64054A   12366.08763743 -.00000059  00000-0  00000+0 0  9993
2 00879 090.1970 339.5691 4128623 164.9929 358.9102 00.37788770 11281
0 OGO 1
1 00879U 64054A   13002.73417130 -.00000001  00000-0  00000+0 0  9996
2 00879 090.1945 339.5617 4127697 165.0466 358.9015 00.37786857 11297
0 OGO 1
1 00879U 64054A   13005.38125665  .00000004  00000-0  00000+0 0  9991
2 00879 090.2058 339.5518 4124670 165.1175 358.9283 00.37791070 11301
0 OGO 1
1 00879U 64054A   13008.02931359 -.00000128  00000-0  00000+0 0  9998
2 00879 090.2013 339.5387 4119085 165.2170 359.0305 00.37793693 11317
0 OGO 1
1 00879U 64054A   13009.59488975  .00000000  00000-0  10000-3 0  9995
2 00879 090.1944 339.5288 4120741 165.2515 212.0358 00.37781746 11326
0 OGO 1
1 00879U 64054A   13010.67612954 -.00000279  00000-0  00000+0 0  9996
2 00879 090.1829 339.5207 4116008 165.2620 359.0748 00.37790281 11326
0 OGO 1
1 00879U 64054A   13013.32035987 -.00000293  00000-0  00000+0 0  9992
2 00879 090.2157 339.4957 4117666 165.3376 358.7357 00.37793291 11339
0 OGO 1
1 00879U 64054A   13015.96696838 -.00000244  00000-0  00000+0 0  9998
2 00879 090.2269 339.4841 4113547 165.5216 358.5114 00.37789663 11342
0 OGO 1
1 00879U 64054A   13018.61627534 -.00000270  00000-0  00000+0 0  9999
2 00879 090.2047 339.4757 4107424 165.5860 358.8750 00.37787175 11350
0 OGO 1
1 00879U 64054A   13021.26391863 -.00000336  00000-0  00000+0 0  9990
2 00879 090.2096 339.4565 4105322 165.6056 359.0795 00.37790282 11360
0 OGO 1
1 00879U 64054A   13023.91025012 -.00000364  00000-0  00000+0 0  9995
2 00879 090.2204 339.4377 4105314 165.6672 359.0258 00.37791609 11376
0 OGO 1
1 00879U 64054A   13026.55541127 -.00000342  00000-0  00000+0 0  9994
2 00879 090.2175 339.4258 4105384 165.7493 358.7788 00.37788725 11380
0 OGO 1
1 00879U 64054A   13029.20242558 -.00000278  00000-0  00000+0 0  9993
2 00879 090.2096 339.4187 4104708 165.8119 358.8211 00.37785465 11399
0 OGO 1
1 00879U 64054A   13034.49847881 -.00000297  00000-0  00000+0 0  9991
2 00879 090.2181 339.3992 4097693 165.9638 359.1157 00.37792155 11418
0 OGO 1
1 00879U 64054A   13037.14611737 -.00000448  00000-0  00000+0 0  9993
2 00879 090.1983 339.3840 4093215 166.0356 359.2123 00.37789925 11420
0 OGO 1
1 00879U 64054A   13039.79246287 -.00000495  00000-0  00000+0 0  9992
2 00879 090.2058 339.3627 4093920 166.0707 359.2286 00.37789491 11439
0 OGO 1
1 00879U 64054A   13042.43797362 -.00000430  00000-0  00000+0 0  9991
2 00879 090.2396 339.3448 4093211 166.2367 358.8923 00.37791524 11446
0 OGO 1
1 00879U 64054A   13045.08711317 -.00000408  00000-0  00000+0 0  9996
2 00879 090.2161 339.3389 4086655 166.3603 359.1296 00.37786177 11454
0 OGO 1
1 00879U 64054A   13047.73701247 -.00000453  00000-0  00000+0 0  9991
2 00879 090.2090 339.3230 4083151 166.3790 359.6489 00.37788013 11466
0 OGO 1
1 00879U 64054A   13050.38327764 -.00000475  00000-0  00000+0 0  9998
2 00879 090.2194 339.3038 4082757 166.4228 359.6192 00.37790448 11472
0 OGO 1
1 00879U 64054A   13053.02957732 -.00000443  00000-0  00000+0 0  9991
2 00879 090.2199 339.2901 4082995 166.4990 359.5388 00.37788957 11484
0 OGO 1
1 00879U 64054A   13055.67652791 -.00000363  00000-0  00000+0 0  9992
2 00879 090.2098 339.2831 4082819 166.5619 359.5703 00.37785226 11496
0 OGO 1
1 00879U 64054A   13058.32448966 -.00000269  00000-0  00000+0 0  9999
2 00879 090.2091 339.2757 4081308 166.6201 359.7488 00.37785336 11502
0 OGO 1
1 00879U 64054A   13060.97309329 -.00000264  00000-0  00000+0 0  9997
2 00879 090.2156 339.2653 4077275 166.6974 359.9724 00.37790969 11518
0 OGO 1
1 00879U 64054A   13063.62071181 -.00000379  00000-0  00000+0 0  9991
2 00879 090.2016 339.2508 4072442 166.7821 000.0451 00.37790732 11525
0 OGO 1
1 00879U 64054A   13066.26766880 -.00000452  00000-0  00000+0 0  9993
2 00879 090.1925 339.2320 4071525 166.8148 000.1354 00.37788125 11536
0 OGO 1
1 00879U 64054A   13068.91323823 -.00000386  00000-0  00000+0 0  9999
2 00879 090.2265 339.2123 4073030 166.9201 359.9221 00.37791422 11542
0 OGO 1
1 00879U 64054A   13071.56079651 -.00000316  00000-0  00000+0 0  9994
2 00879 090.2194 339.2043 4068167 167.0867 359.8602 00.37787786 11550
0 OGO 1
1 00879U 64054A   13074.21045098 -.00000328  00000-0  00000+0 0  9990
2 00879 090.2004 339.1921 4063333 167.1263 000.3165 00.37787172 11567
0 OGO 1
1 00879U 64054A   13076.85878359 -.00000347  00000-0  00000+0 0  9997
2 00879 090.2077 339.1725 4062328 167.1525 000.6026 00.37790154 11577
0 OGO 1
1 00879U 64054A   13079.50465366 -.00000311  00000-0  00000+0 0  9993
2 00879 090.2122 339.1568 4062682 167.2174 000.4837 00.37789933 11589
0 OGO 1
1 00879U 64054A   13082.15105115 -.00000225  00000-0  00000+0 0  9995
2 00879 090.2048 339.1472 4062968 167.2851 000.4364 00.37786480 11599
0 OGO 1
1 00879U 64054A   13084.79790933 -.00000108  00000-0  00000+0 0  9995
2 00879 090.2006 339.1404 4062383 167.3364 000.4784 00.37785246 11606
0 OGO 1
1 00879U 64054A   13087.44558956 -.00000044  00000-0  00000+0 0  9996
2 00879 090.2056 339.1311 4059427 167.4051 000.5959 00.37789738 11613
0 OGO 1
1 00879U 64054A   13090.09394817 -.00000114  00000-0  00000+0 0  9993
2 00879 090.1998 339.1170 4054460 167.4894 000.7731 00.37792089 11621
0 OGO 1
1 00879U 64054A   13095.38632796 -.00000176  00000-0  00000+0 0  9999
2 00879 090.2108 339.0779 4054103 167.5983 000.6747 00.37791141 11649
0 OGO 1
1 00879U 64054A   13098.03298143 -.00000084  00000-0  00000+0 0  9996
2 00879 090.2229 339.0671 4051875 167.7665 000.4880 00.37790151 11653
0 OGO 1
1 00879U 64054A   13100.68143346 -.00000070  00000-0  00000+0 0  9990
2 00879 090.2001 339.0574 4046481 167.8426 000.7167 00.37787747 11665
0 OGO 1
1 00879U 64054A   13103.32977372 -.00000098  00000-0  00000+0 0  9998
2 00879 090.2021 339.0384 4044563 167.8600 001.0244 00.37790514 11676
0 OGO 1
1 00879U 64054A   13105.97589037 -.00000081  00000-0  00000+0 0  9990
2 00879 090.2109 339.0205 4044923 167.9111 000.9628 00.37791670 11682
0 OGO 1
1 00879U 64054A   13108.62112453 -.00000008  00000-0  00000+0 0  9998
2 00879 090.2073 339.0090 4045523 167.9769 000.7570 00.37788847 11697
0 OGO 1
1 00879U 64054A   13111.26705042  .00000102  00000-0  00000+0 0  9998
2 00879 090.2022 339.0014 4045620 168.0256 000.6781 00.37786503 11700
0 OGO 1
1 00879U 64054A   13113.91494054  .00000193  00000-0  00000+0 0  9990
2 00879 090.2085 338.9928 4043925 168.0846 000.8471 00.37789612 11715
0 OGO 1
1 00879U 64054A   13119.20910187  .00000045  00000-0  00000+0 0  9994
2 00879 090.1942 338.9617 4035716 168.2293 000.9020 00.37791594 11733
0 OGO 1
1 00879U 64054A   13121.85406997  .00000018  00000-0  00000+0 0  9997
2 00879 090.2096 338.9399 4037297 168.2740 000.7096 00.37791637 11744
0 OGO 1
1 00879U 64054A   13124.49895028  .00000097  00000-0  00000+0 0  9994
2 00879 090.2346 338.9260 4037192 168.4301 000.3074 00.37792504 11755
0 OGO 1
1 00879U 64054A   13129.79589038  .00000079  00000-0  00000+0 0  9993
2 00879 090.2114 338.9011 4029327 168.5605 000.7977 00.37790622 11778
0 OGO 1
1 00879U 64054A   13132.44107927  .00000058  00000-0  00000+0 0  9999
2 00879 090.2228 338.8817 4029551 168.6012 000.6289 00.37792757 11786
0 OGO 1
1 00879U 64054A   13135.08595956  .00000098  00000-0  00000+0 0  9999
2 00879 090.2239 338.8683 4030459 168.6693 000.3699 00.37790963 11793
0 OGO 1
1 00879U 64054A   13137.73111973  .00000182  00000-0  00000+0 0  9990
2 00879 090.2178 338.8601 4031024 168.7234 000.1775 00.37787412 11806
0 OGO 1
1 00879U 64054A   13140.37753523  .00000273  00000-0  00000+0 0  9998
2 00879 090.2225 338.8525 4030357 168.7711 000.1666 00.37788661 11819
0 OGO 1
1 00879U 64054A   13141.87385824  .00000000  00000-0  10000-3 0  9992
2 00879 090.2126 338.8427 4026930 168.8438 203.6374 00.37781815 11819
0 OGO 1
1 00879U 64054A   13143.02475639  .00000273  00000-0  00000+0 0  9992
2 00879 090.2301 338.8416 4026983 168.8570 000.1905 00.37793800 11825
0 OGO 1
1 00879U 64054A   13145.67232222  .00000148  00000-0  00000+0 0  9995
2 00879 090.2161 338.8257 4022436 168.9370 000.2691 00.37793091 11836
0 OGO 1
1 00879U 64054A   13148.31756424  .00000053  00000-0  00000+0 0  9999
2 00879 090.2174 338.8037 4022692 168.9674 000.1383 00.37791892 11842
0 OGO 1
1 00879U 64054A   13150.96158171  .00000089  00000-0  00000+0 0  9997
2 00879 090.2530 338.7850 4024671 169.1042 359.6560 00.37794091 11855
0 OGO 1
1 00879U 64054A   13153.60813959  .00000124  00000-0  00000+0 0  9993
2 00879 090.2396 338.7786 4020445 169.2550 359.4928 00.37789684 11862
0 OGO 1
1 00879U 64054A   13156.25682103  .00000068  00000-0  00000+0 0  9999
2 00879 090.2279 338.7648 4016782 169.2882 359.8249 00.37789981 11877
0 OGO 1
1 00879U 64054A   13158.90359615  .00000005  00000-0  00000+0 0  9993
2 00879 090.2389 338.7452 4016613 169.3212 359.8874 00.37792851 11888
0 OGO 1
1 00879U 64054A   13161.54773166  .00000006  00000-0  00000+0 0  9999
2 00879 090.2443 338.7300 4017814 169.3906 359.5252 00.37792071 11897
0 OGO 1
1 00879U 64054A   13164.19313780  .00000060  00000-0  00000+0 0  9995
2 00879 090.2377 338.7208 4018676 169.4564 359.3450 00.37788553 11908
0 OGO 1
1 00879U 64054A   13166.83971297  .00000138  00000-0  00000+0 0  9997
2 00879 090.2367 338.7141 4018684 169.5021 359.3612 00.37787133 11915
0 OGO 1
1 00879U 64054A   13168.33190860  .00000000  00000-0  10000-3 0  9996
2 00879 090.2422 338.7021 4014754 169.5853 202.2471 00.37781055 11928
0 OGO 1
1 00879U 64054A   13172.13371536  .00000057  00000-0  00000+0 0  9997
2 00879 090.2409 338.6919 4012206 169.6736 359.3502 00.37794492 11938
0 OGO 1
1 00879U 64054A   13172.13375003  .00000057  00000-0  00000+0 0  9990
2 00879 090.2409 338.6919 4012223 169.6737 359.3548 00.37794167 11937
0 OGO 1
1 00879U 64054A   13177.42464783 -.00000105  00000-0  00000+0 0  9996
2 00879 090.2590 338.6501 4013539 169.8017 359.0367 00.37794504 11952
0 OGO 1
1 00879U 64054A   13180.06995537 -.00000065  00000-0  00000+0 0  9991
2 00879 090.2618 338.6412 4011233 169.9989 358.6189 00.37790788 11960
0 OGO 1
1 00879U 64054A   13182.72056586 -.00000109  00000-0  00000+0 0  9997
2 00879 090.2392 338.6318 4006642 170.0613 359.1696 00.37788469 11972
0 OGO 1
1 00879U 64054A   13185.36652656 -.00000197  00000-0  00000+0 0  9997
2 00879 090.2461 338.6131 4005760 170.0861 359.1391 00.37791531 11984
0 OGO 1
1 00879U 64054A   13188.01193030 -.00000228  00000-0  00000+0 0  9993
2 00879 090.2549 338.5966 4006988 170.1517 358.9563 00.37791942 11993
0 OGO 1
1 00879U 64054A   13190.65738956 -.00000195  00000-0  00000+0 0  9991
2 00879 090.2497 338.5863 4008115 170.2287 358.7652 00.37788767 12001
0 OGO 1
1 00879U 64054A   13195.95099149 -.00000071  00000-0  00000+0 0  9996
2 00879 090.2490 338.5726 4007150 170.3375 358.8262 00.37788600 12025
0 OGO 1
1 00879U 64054A   13198.60032751 -.00000132  00000-0  00000+0 0  9995
2 00879 090.2517 338.5614 4003526 170.4355 359.1159 00.37794139 12037
0 OGO 1
1 00879U 64054A   13201.24659990 -.00000283  00000-0  00000+0 0  9997
2 00879 090.2299 338.5454 4000281 170.5097 359.0328 00.37790627 12041
0 OGO 1
1 00879U 64054A   13203.89230785 -.00000349  00000-0  00000+0 0  9990
2 00879 090.2416 338.5238 4002362 170.5464 358.9662 00.37791149 12052
0 OGO 1
1 00879U 64054A   13206.53746063 -.00000308  00000-0  00000+0 0  9990
2 00879 090.2712 338.5085 4003356 170.7431 358.5318 00.37792679 12065
0 OGO 1
1 00879U 64054A   13209.18572683 -.00000316  00000-0  00000+0 0  9998
2 00879 090.2407 338.5025 3998165 170.8648 358.6614 00.37787267 12079
0 OGO 1
1 00879U 64054A   13211.83531933 -.00000400  00000-0  00000+0 0  9990
2 00879 090.2378 338.4860 3996107 170.8856 359.1398 00.37789397 12089
0 OGO 1
1 00879U 64054A   13214.48191060 -.00000449  00000-0  00000+0 0  9990
2 00879 090.2486 338.4682 3997001 170.9400 359.1408 00.37791252 12097
0 OGO 1
1 00879U 64054A   13217.12831454 -.00000422  00000-0  00000+0 0  9993
2 00879 090.2464 338.4565 3998307 171.0203 359.0717 00.37788865 12106
0 OGO 1
1 00879U 64054A   13218.60043760  .00000000  00000-0  10000-3 0  9998
2 00879 090.2415 338.4542 3997083 171.0522 199.3054 00.37781788 12118
0 OGO 1
1 00879U 64054A   13219.77387388 -.00000347  00000-0  00000+0 0  9994
2 00879 090.2361 338.4497 3998824 171.0824 358.9225 00.37785389 12110
0 OGO 1
1 00879U 64054A   13222.42156580 -.00000262  00000-0  00000+0 0  9994
2 00879 090.2354 338.4436 3998113 171.1306 359.0877 00.37786139 12122
0 OGO 1
1 00879U 64054A   13225.06969755 -.00000261  00000-0  00000+0 0  9992
2 00879 090.2415 338.4342 3995428 171.2120 359.2463 00.37791112 12138
0 OGO 1
1 00879U 64054A   13226.53661421  .00000000  00000-0  10000-3 0  9999
2 00879 090.2349 338.4169 3994274 171.2857 198.7193 00.37781096 12143
0 OGO 1
1 00879U 64054A   13227.71795349 -.00000380  00000-0  00000+0 0  9994
2 00879 090.2267 338.4199 3991699 171.3049 359.3968 00.37791329 12142
0 OGO 1
1 00879U 64054A   13230.36493672 -.00000473  00000-0  00000+0 0  9996
2 00879 090.2153 338.4008 3991714 171.3361 359.5011 00.37788025 12151
0 OGO 1
1 00879U 64054A   13233.01000521 -.00000437  00000-0  00000+0 0  9998
2 00879 090.2537 338.3824 3995080 171.4618 359.1908 00.37792805 12161
0 OGO 1
1 00879U 64054A   13235.65736729 -.00000397  00000-0  00000+0 0  9991
2 00879 090.2354 338.3753 3991411 171.6527 359.0694 00.37787810 12176
0 OGO 1
1 00879U 64054A   13238.30933121 -.00000449  00000-0  00000+0 0  9999
2 00879 090.2168 338.3622 3987807 171.6886 359.8521 00.37787660 12187
0 OGO 1
1 00879U 64054A   13240.95598024 -.00000502  00000-0  00000+0 0  9992
2 00879 090.2265 338.3437 3988118 171.7254 359.8939 00.37790437 12195
0 OGO 1
1 00879U 64054A   13243.60206555 -.00000476  00000-0  00000+0 0  9992
2 00879 090.2288 338.3301 3989539 171.7999 359.7928 00.37789530 12205
0 OGO 1
1 00879U 64054A   13246.24834453 -.00000389  00000-0  00000+0 0  9992
2 00879 090.2188 338.3224 3990598 171.8682 359.7305 00.37785144 12212
0 OGO 1
1 00879U 64054A   13248.89582595 -.00000276  00000-0  00000+0 0  9997
2 00879 090.2127 338.3163 3990450 171.9150 359.8675 00.37784560 12228
0 OGO 1
1 00879U 64054A   13251.54561916 -.00000213  00000-0  00000+0 0  9998
2 00879 090.2172 338.3080 3988506 171.9809 000.2822 00.37789109 12232
0 OGO 1
1 00879U 64054A   13254.19314585 -.00000274  00000-0  00000+0 0  9997
2 00879 090.2113 338.2945 3984937 172.0739 000.3359 00.37792076 12248
0 OGO 1
1 00879U 64054A   13256.84003264 -.00000374  00000-0  00000+0 0  9991
2 00879 090.1929 338.2764 3983470 172.1236 000.3831 00.37788419 12257
0 OGO 1
1 00879U 64054A   13259.48577945 -.00000356  00000-0  00000+0 0  9996
2 00879 090.2164 338.2578 3986833 172.1858 000.2767 00.37790651 12267
0 OGO 1
1 00879U 64054A   13262.13205742 -.00000279  00000-0  00000+0 0  9999
2 00879 090.2257 338.2474 3986495 172.3903 359.9797 00.37790762 12273
0 OGO 1
1 00879U 64054A   13264.78192893 -.00000286  00000-0  00000+0 0  9992
2 00879 090.1954 338.2372 3982038 172.4738 000.3954 00.37787446 12287
0 OGO 1
1 00879U 64054A   13267.43106579 -.00000337  00000-0  00000+0 0  9990
2 00879 090.1988 338.2186 3981353 172.4974 000.8054 00.37790232 12292
0 OGO 1
1 00879U 64054A   13270.07707415 -.00000321  00000-0  00000+0 0  9993
2 00879 090.2057 338.2027 3982823 172.5614 000.7104 00.37790677 12309
0 OGO 1
1 00879U 64054A   13272.72407935 -.00000231  00000-0  00000+0 0  9991
2 00879 090.1987 338.1930 3984249 172.6322 000.7395 00.37787149 12316
0 OGO 1
1 00879U 64054A   13275.36994488 -.00000104  00000-0  00000+0 0  9997
2 00879 090.1906 338.1865 3984775 172.6819 000.6544 00.37785357 12324
0 OGO 1
1 00879U 64054A   13278.01759686  .00000002  00000-0  00000+0 0  9997
2 00879 090.1929 338.1787 3983737 172.7394 000.7976 00.37788371 12338
0 OGO 1
1 00879U 64054A   13280.66566049 -.00000002  00000-0  00000+0 0  9991
2 00879 090.1923 338.1661 3980502 172.8282 000.9344 00.37792734 12347
0 OGO 1
1 00879U 64054A   13282.09222169  .00000000  00000-0  10000-3 0  9994
2 00879 090.1894 338.1493 3980456 172.8911 194.9358 00.37781170 12345
0 OGO 1
1 00879U 64054A   13283.31384643 -.00000096  00000-0  00000+0 0  9997
2 00879 090.1763 338.1480 3978030 172.8944 001.1263 00.37790626 12358
0 OGO 1
1 00879U 64054A   13285.95892518 -.00000116  00000-0  00000+0 0  9997
2 00879 090.1849 338.1284 3980419 172.9358 000.9560 00.37789720 12360
0 OGO 1
1 00879U 64054A   13288.60711112 -.00000034  00000-0  00000+0 0  9991
2 00879 090.2105 338.1161 3982724 173.1042 000.9876 00.37791996 12373
0 OGO 1
1 00879U 64054A   13291.25429488 -.00000005  00000-0  00000+0 0  9996
2 00879 090.1834 338.1070 3978777 173.2403 000.9401 00.37789109 12383
0 OGO 1
1 00879U 64054A   13293.90200084 -.00000057  00000-0  00000+0 0  9996
2 00879 090.1767 338.0894 3976811 173.2673 001.1532 00.37790506 12399
0 OGO 1
1 00879U 64054A   13296.54736393 -.00000071  00000-0  00000+0 0  9992
2 00879 090.1864 338.0713 3978106 173.3175 000.9948 00.37791917 12401
0 OGO 1
1 00879U 64054A   13299.19327344 -.00000001  00000-0  00000+0 0  9991
2 00879 090.1839 338.0594 3979805 173.3903 000.8718 00.37789720 12410
0 OGO 1
1 00879U 64054A   13301.83999629  .00000115  00000-0  00000+0 0  9992
2 00879 090.1754 338.0517 3980883 173.4435 000.8960 00.37786650 12429
0 OGO 1
1 00879U 64054A   13304.48640237  .00000233  00000-0  00000+0 0  9995
2 00879 090.1766 338.0443 3980642 173.4928 000.8843 00.37788386 12439
0 OGO 1
1 00879U 64054A   13307.13351070  .00000266  00000-0  00000+0 0  9990
2 00879 090.1804 338.0332 3978176 173.5769 000.9016 00.37793269 12442
0 OGO 1
1 00879U 64054A   13309.78132659  .00000179  00000-0  00000+0 0  9996
2 00879 090.1675 338.0158 3974965 173.6569 001.0186 00.37792917 12455
0 OGO 1
1 00879U 64054A   13312.42668954  .00000106  00000-0  00000+0 0  9993
2 00879 090.1664 337.9945 3976074 173.6928 000.8914 00.37790799 12460
0 OGO 1
1 00879U 64054A   13315.07118346  .00000152  00000-0  00000+0 0  9993
2 00879 090.1971 337.9790 3979753 173.8250 000.4838 00.37793827 12473
0 OGO 1
1 00879U 64054A   13317.71826786  .00000196  00000-0  00000+0 0  9998
2 00879 090.1809 337.9713 3977486 173.9946 000.3613 00.37790757 12482
0 OGO 1
1 00879U 64054A   13320.36661025  .00000138  00000-0  00000+0 0  9992
2 00879 090.1656 337.9562 3974594 174.0392 000.6309 00.37790723 12497
0 OGO 1
1 00879U 64054A   13323.01312109  .00000077  00000-0  00000+0 0  9995
2 00879 090.1752 337.9368 3975353 174.0777 000.6488 00.37793066 12502
0 OGO 1
1 00879U 64054A   13325.65801103  .00000100  00000-0  00000+0 0  9991
2 00879 090.1779 337.9227 3977490 174.1485 000.3878 00.37791787 12515
0 OGO 1
1 00879U 64054A   13328.30310324  .00000185  00000-0  00000+0 0  9999
2 00879 090.1701 337.9139 3979082 174.2091 000.1751 00.37788308 12529
0 OGO 1
1 00879U 64054A   13329.71469565  .00000000  00000-0  10000-3 0  9998
2 00879 090.1762 337.9081 3977269 174.2511 192.1615 00.37781777 12528
0 OGO 1
1 00879U 64054A   13330.94907361  .00000287  00000-0  00000+0 0  9998
2 00879 090.1690 337.9067 3979616 174.2525 000.1136 00.37787826 12533
0 OGO 1
1 00879U 64054A   13333.59612750  .00000337  00000-0  00000+0 0  9993
2 00879 090.1767 337.8976 3978274 174.3249 000.1447 00.37792539 12542
0 OGO 1
1 00879U 64054A   13336.24324104  .00000261  00000-0  00000+0 0  9997
2 00879 090.1692 337.8824 3975151 174.4217 000.1360 00.37794743 12552
0 OGO 1
1 00879U 64054A   13338.88961428  .00000138  00000-0  00000+0 0  9998
2 00879 090.1562 337.8614 3974599 174.4632 000.1314 00.37791247 12567
0 OGO 1
1 00879U 64054A   13341.53312590  .00000121  00000-0  00000+0 0  9996
2 00879 090.1879 337.8414 3979152 174.5546 359.6647 00.37794477 12571
0 OGO 1
1 00879U 64054A   13344.17932756  .00000159  00000-0  00000+0 0  9992
2 00879 090.1857 337.8332 3979109 174.7541 359.3644 00.37791931 12582
0 OGO 1
1 00879U 64054A   13345.58909373  .00000000  00000-0  10000-3 0  9997
2 00879 090.1737 337.8272 3977991 174.7132 191.2508 00.37780801 12592
0 OGO 1
1 00879U 64054A   13345.58911223  .00000000  00000-0  10000-3 0  9994
2 00879 090.1729 337.8269 3978263 174.7105 191.2572 00.37780739 12593
0 OGO 1
1 00879U 64054A   13346.82832861  .00000104  00000-0  00000+0 0  9992
2 00879 090.1625 337.8215 3975815 174.8248 359.6806 00.37789990 12596
0 OGO 1
1 00879U 64054A   13349.47518946 -.00000000  00000-0  00000+0 0  9997
2 00879 090.1695 337.8025 3975970 174.8570 359.7590 00.37792603 12600
0 OGO 1
1 00879U 64054A   13352.12030948 -.00000032  00000-0  00000+0 0  9999
2 00879 090.1767 337.7865 3978374 174.9259 359.5303 00.37792494 12616
0 OGO 1
1 00879U 64054A   13353.52708002  .00000000  00000-0  10000-3 0  9996
2 00879 090.1724 337.7855 3978693 174.9534 190.8818 00.37781614 12628
0 OGO 1
1 00879U 64054A   13353.52709097  .00000000  00000-0  10000-3 0  9991
2 00879 090.1727 337.7855 3978854 174.9490 190.8916 00.37781428 12623
0 OGO 1
1 00879U 64054A   13354.76523191  .00000017  00000-0  00000+0 0  9990
2 00879 090.1703 337.7764 3980519 174.9971 359.2738 00.37789108 12627
0 OGO 1
1 00879U 64054A   13357.41070311  .00000098  00000-0  00000+0 0  9995
2 00879 090.1649 337.7694 3981606 175.0444 359.1366 00.37786826 12634
0 OGO 1
1 00879U 64054A   13360.05762941  .00000156  00000-0  00000+0 0  9991
2 00879 090.1724 337.7618 3981278 175.1017 359.1782 00.37789966 12647
0 OGO 1
1 00879U 64054A   13362.70577678  .00000107  00000-0  00000+0 0  9992
2 00879 090.1738 337.7498 3979041 175.2030 359.3034 00.37794405 12656
0 OGO 1
1 00879U 64054A   13365.35216800 -.00000035  00000-0  00000+0 0  9994
2 00879 090.1527 337.7312 3977065 175.2740 359.2423 00.37791485 12666
0 OGO 1
1 00879U 64054A   14002.99737963 -.00000111  00000-0  00000+0 0  9996
2 00879 090.1681 337.7095 3980728 175.3160 359.0959 00.37791836 12675
0 OGO 1
1 00879U 64054A   14005.64194833 -.00000087  00000-0  00000+0 0  9996
2 00879 090.1916 337.6968 3983854 175.5262 358.5547 00.37793868 12687
0 OGO 1
1 00879U 64054A   14008.29079357 -.00000117  00000-0  00000+0 0  9997
2 00879 090.1586 337.6887 3980497 175.6486 358.7629 00.37788638 12692
0 OGO 1
1 00879U 64054A   14010.93977726 -.00000233  00000-0  00000+0 0  9997
2 00879 090.1586 337.6714 3979693 175.6772 359.1418 00.37790786 12705
0 OGO 1
1 00879U 64054A   14013.58559836 -.00000305  00000-0  00000+0 0  9999
2 00879 090.1686 337.6544 3981904 175.7398 359.0195 00.37791930 12714
0 OGO 1
1 00879U 64054A   14016.23055074 -.00000280  00000-0  00000+0 0  9991
2 00879 090.1645 337.6432 3984404 175.8196 358.7535 00.37789257 12724
0 OGO 1
1 00879U 64054A   14018.87665976 -.00000205  00000-0  00000+0 0  9998
2 00879 090.1549 337.6362 3985899 175.8765 358.6851 00.37785566 12730
0 OGO 1
1 00879U 64054A   14021.52473109 -.00000129  00000-0  00000+0 0  9994
2 00879 090.1566 337.6298 3986080 175.9247 358.8998 00.37786694 12744
0 OGO 1
1 00879U 64054A   14024.17272614 -.00000130  00000-0  00000+0 0  9998
2 00879 090.1632 337.6203 3984645 176.0118 359.0324 00.37792001 12754
0 OGO 1
1 00879U 64054A   14026.82014724 -.00000246  00000-0  00000+0 0  9996
2 00879 090.1467 337.6048 3982273 176.1094 359.0616 00.37792226 12760
0 OGO 1
1 00879U 64054A   14029.46672855 -.00000352  00000-0  00000+0 0  9992
2 00879 090.1352 337.5846 3983497 176.1389 359.1144 00.37788102 12770
0 OGO 1
1 00879U 64054A   14032.11195867 -.00000339  00000-0  00000+0 0  9996
2 00879 090.1757 337.5674 3989007 176.2802 358.7964 00.37794493 12788
0 OGO 1
1 00879U 64054A   14034.75950750 -.00000325  00000-0  00000+0 0  9993
2 00879 090.1482 337.5601 3987255 176.4834 358.6806 00.37788532 12795
0 OGO 1
1 00879U 64054A   14037.41010789 -.00000412  00000-0  00000+0 0  9995
2 00879 090.1316 337.5458 3984992 176.5203 359.2763 00.37788567 12806
0 OGO 1
1 00879U 64054A   14040.05709494 -.00000498  00000-0  00000+0 0  9991
2 00879 090.1426 337.5280 3986635 176.5681 359.3403 00.37790907 12811
0 OGO 1
1 00879U 64054A   14042.70288902 -.00000485  00000-0  00000+0 0  9997
2 00879 090.1420 337.5156 3989289 176.6475 359.1868 00.37789021 12826
0 OGO 1
1 00879U 64054A   14045.34889088 -.00000399  00000-0  00000+0 0  9996
2 00879 090.1304 337.5081 3991125 176.7112 359.0904 00.37785023 12834
0 OGO 1
1 00879U 64054A   14047.99684460 -.00000295  00000-0  00000+0 0  9991
2 00879 090.1253 337.5022 3991726 176.7552 359.2974 00.37784516 12843
0 OGO 1
1 00879U 64054A   14050.64537886 -.00000238  00000-0  00000+0 0  9993
2 00879 090.1308 337.4943 3990873 176.8220 359.5406 00.37789128 12858
0 OGO 1
1 00879U 64054A   14053.29372523 -.00000296  00000-0  00000+0 0  9996
2 00879 090.1236 337.4809 3988740 176.9213 359.6943 00.37792106 12860
0 OGO 1
1 00879U 64054A   14055.94064902 -.00000399  00000-0  00000+0 0  9993
2 00879 090.1004 337.4622 3988148 176.9708 359.7434 00.37787726 12876
0 OGO 1
1 00879U 64054A   14057.31340785  .00000000  00000-0  10000-3 0  9995
2 00879 090.1180 337.4533 3992180 177.0591 186.3955 00.37780710 12884
0 OGO 1
1 00879U 64054A   14058.58657093 -.00000400  00000-0  00000+0 0  9998
2 00879 090.1246 337.4443 3993042 177.0261 359.6749 00.37790390 12880
0 OGO 1
1 00879U 64054A   14061.23230143 -.00000343  00000-0  00000+0 0  9993
2 00879 090.1304 337.4342 3995197 177.2563 359.2527 00.37791566 12890
0 OGO 1
1 00879U 64054A   14063.88376437 -.00000377  00000-0  00000+0 0  9990
2 00879 090.0945 337.4229 3991998 177.3413 359.8893 00.37787393 12901
0 OGO 1
1 00879U 64054A   14066.53203787 -.00000460  00000-0  00000+0 0  9995
2 00879 090.1001 337.4047 3992580 177.3691 000.1717 00.37790280 12910
0 OGO 1
1 00879U 64054A   14069.17850260 -.00000459  00000-0  00000+0 0  9990
2 00879 090.1050 337.3903 3995335 177.4382 000.1260 00.37789911 12926
0 OGO 1
1 00879U 64054A   14071.82457805 -.00000365  00000-0  00000+0 0  9999
2 00879 090.0949 337.3817 3997653 177.5039 000.0343 00.37785979 12933
0 OGO 1
1 00879U 64054A   14074.47112160 -.00000238  00000-0  00000+0 0  9994
2 00879 090.0860 337.3755 3998800 177.5465 000.0514 00.37784468 12947
0 OGO 1
1 00879U 64054A   14077.11993551 -.00000134  00000-0  00000+0 0  9994
2 00879 090.0884 337.3682 3998600 177.5984 000.3626 00.37787822 12951
0 OGO 1
1 00879U 64054A   14078.47682898  .00000000  00000-0  10000-3 0  9999
2 00879 090.0857 337.3523 3997572 177.6780 184.8435 00.37781264 12957
0 OGO 1
1 00879U 64054A   14078.47684134  .00000000  00000-0  10000-3 0  9994
2 00879 090.0856 337.3524 3997710 177.6749 184.8502 00.37781303 12955
0 OGO 1
1 00879U 64054A   14079.76854268 -.00000129  00000-0  00000+0 0  9992
2 00879 090.0879 337.3561 3996877 177.6852 000.5765 00.37792030 12964
0 OGO 1
1 00879U 64054A   14082.41532963 -.00000214  00000-0  00000+0 0  9998
2 00879 090.0682 337.3379 3995536 177.7536 000.5724 00.37789889 12978
0 OGO 1
1 00879U 64054A   14085.06164136 -.00000239  00000-0  00000+0 0  9992
2 00879 090.0712 337.3192 3998724 177.7781 000.5976 00.37787995 12985
0 OGO 1
1 00879U 64054A   14087.70663982 -.00000168  00000-0  00000+0 0  9999
2 00879 090.1010 337.3074 4003707 177.9457 000.1930 00.37793564 12993
0 OGO 1
1 00879U 64054A   14090.35525325 -.00000152  00000-0  00000+0 0  9995
2 00879 090.0654 337.2976 4001561 178.1000 000.3118 00.37788807 13006
0 OGO 1
1 00879U 64054A   14093.00607901 -.00000226  00000-0  00000+0 0  9993
2 00879 090.0583 337.2799 4000693 178.1250 000.9564 00.37790305 13010
0 OGO 1
1 00879U 64054A   14095.65222398 -.00000253  00000-0  00000+0 0  9999
2 00879 090.0680 337.2631 4003299 178.1777 000.8986 00.37791344 13024
0 OGO 1
1 00879U 64054A   14098.29711620 -.00000174  00000-0  00000+0 0  9995
2 00879 090.0629 337.2526 4006111 178.2451 000.6439 00.37788430 13030
0 OGO 1
1 00879U 64054A   14100.94405219 -.00000043  00000-0  00000+0 0  9990
2 00879 090.0534 337.2456 4007904 178.2889 000.7120 00.37785362 13043
0 OGO 1
1 00879U 64054A   14103.59060309  .00000081  00000-0  00000+0 0  9992
2 00879 090.0542 337.2387 4008372 178.3296 000.7338 00.37787306 13050
0 OGO 1
1 00879U 64054A   14106.23923043  .00000129  00000-0  00000+0 0  9992
2 00879 090.0578 337.2278 4007152 178.4051 000.9747 00.37792364 13060
0 OGO 1
1 00879U 64054A   14108.88606651  .00000065  00000-0  00000+0 0  9997
2 00879 090.0449 337.2105 4005435 178.4825 000.9626 00.37792273 13073
0 OGO 1
1 00879U 64054A   14111.53216029  .00000003  00000-0  00000+0 0  9991
2 00879 090.0382 337.1904 4007279 178.5091 000.9471 00.37788903 13083
0 OGO 1
1 00879U 64054A   14114.17683652  .00000051  00000-0  00000+0 0  9997
2 00879 090.0698 337.1767 4013040 178.6161 000.6077 00.37792944 13092
0 OGO 1
1 00879U 64054A   14116.82414738  .00000094  00000-0  00000+0 0  9995
2 00879 090.0529 337.1683 4013270 178.8036 000.4792 00.37791632 13107
0 OGO 1
1 00879U 64054A   14119.47333545  .00000027  00000-0  00000+0 0  9991
2 00879 090.0329 337.1525 4011386 178.8523 000.8631 00.37790549 13110
0 OGO 1
1 00879U 64054A   14122.12002690 -.00000042  00000-0  00000+0 0  9999
2 00879 090.0429 337.1341 4013369 178.8897 000.9090 00.37792775 13128
0 OGO 1
1 00879U 64054A   14124.76505717 -.00000005  00000-0  00000+0 0  9998
2 00879 090.0445 337.1213 4016721 178.9548 000.6744 00.37790799 13131
0 OGO 1
1 00879U 64054A   14126.09837144  .00000000  00000-0  10000-3 0  9997
2 00879 090.0448 337.1192 4016490 178.9563 182.0714 00.37782253 13138
0 OGO 1
1 00879U 64054A   14127.41048740  .00000104  00000-0  00000+0 0  9990
2 00879 090.0360 337.1134 4019124 179.0054 000.5243 00.37787276 13143
0 OGO 1
1 00879U 64054A   14135.35093066  .00000245  00000-0  00000+0 0  9999
2 00879 090.0351 337.0824 4018189 179.1917 000.5753 00.37794160 13176
0 OGO 1
1 00879U 64054A   14137.99655287  .00000148  00000-0  00000+0 0  9992
2 00879 090.0220 337.0615 4018751 179.2290 000.4721 00.37790424 13183
0 OGO 1
1 00879U 64054A   14140.64120312  .00000142  00000-0  00000+0 0  9998
2 00879 090.0489 337.0447 4024529 179.2982 000.1959 00.37792801 13193
0 OGO 1
1 00879U 64054A   14143.28643494  .00000186  00000-0  00000+0 0  9990
2 00879 090.0497 337.0369 4027318 179.4930 359.7676 00.37793275 13206
0 OGO 1
1 00879U 64054A   14145.93588204  .00000131  00000-0  00000+0 0  9991
2 00879 090.0223 337.0245 4025307 179.5751 000.1268 00.37790655 13218
0 OGO 1
1 00879U 64054A   14147.26403613  .00000000  00000-0  10000-3 0  9999
2 00879 090.0335 337.0167 4027022 179.5295 180.9036 00.37781691 13214
0 OGO 1
1 00879U 64054A   14148.58358025  .00000021  00000-0  00000+0 0  9999
2 00879 090.0286 337.0059 4026451 179.6055 000.3239 00.37792914 13220
0 OGO 1
1 00879U 64054A   14151.22789133 -.00000002  00000-0  00000+0 0  9992
2 00879 090.0349 336.9913 4030086 179.6686 359.9946 00.37792326 13232
0 OGO 1
1 00879U 64054A   14153.87297254  .00000071  00000-0  00000+0 0  9998
2 00879 090.0279 336.9822 4033214 179.7283 359.7797 00.37788520 13247
0 OGO 1
1 00879U 64054A   14155.20188595  .00000000  00000-0  10000-3 0  9991
2 00879 090.0325 336.9781 4031947 179.7522 180.5467 00.37782536 13256
0 OGO 1
1 00879U 64054A   14156.51842105  .00000173  00000-0  00000+0 0  9996
2 00879 090.0235 336.9760 4034926 179.7660 359.6550 00.37786980 13255
0 OGO 1
1 00879U 64054A   14159.16608762  .00000246  00000-0  00000+0 0  9990
2 00879 090.0307 336.9688 4035346 179.8184 359.8081 00.37790526 13266
0 OGO 1
1 00879U 64054A   14161.81318299  .00000221  00000-0  00000+0 0  9991
2 00879 090.0304 336.9565 4034268 179.9084 359.8115 00.37794632 13270
0 OGO 1
1 00879U 64054A   14164.45928568  .00000106  00000-0  00000+0 0  9992
2 00879 090.0118 336.9369 4033743 179.9678 359.7322 00.37791375 13282
0 OGO 1
1 00879U 64054A   14167.10431583  .00000042  00000-0  00000+0 0  9992
2 00879 090.0265 336.9172 4038596 180.0034 359.5674 00.37791361 13291
0 OGO 1
1 00879U 64054A   14169.74794116  .00000069  00000-0  00000+0 0  9997
2 00879 090.0463 336.9071 4044104 180.1938 358.9273 00.37794544 13301
0 OGO 1
1 00879U 64054A   14172.39640435  .00000036  00000-0  00000+0 0  9990
2 00879 090.0119 336.8982 4042629 180.3184 359.0782 00.37790110 13317
0 OGO 1
1 00879U 64054A   14175.04529896 -.00000094  00000-0  00000+0 0  9997
2 00879 090.0111 336.8810 4042823 180.3482 359.4434 00.37791868 13326
0 OGO 1
1 00879U 64054A   14180.33540237 -.00000139  00000-0  00000+0 0  9997
2 00879 090.0146 336.8550 4050004 180.4763 358.9874 00.37789386 13344
0 OGO 1
1 00879U 64054A   14182.98169975 -.00000052  00000-0  00000+0 0  9990
2 00879 090.0060 336.8485 4052258 180.5216 358.9632 00.37786292 13359
0 OGO 1
1 00879U 64054A   14185.62842817  .00000026  00000-0  00000+0 0  9997
2 00879 090.0091 336.8425 4053211 180.5645 359.0056 00.37788026 13363
0 OGO 1
1 00879U 64054A   14188.27575260  .00000031  00000-0  00000+0 0  9992
2 00879 090.0142 336.8330 4052907 180.6463 359.0582 00.37792849 13378
0 OGO 1
1 00879U 64054A   14189.59689133  .00000000  00000-0  10000-3 0  9994
2 00879 090.0048 336.8246 4053009 180.7035 178.7036 00.37781492 13382
0 OGO 1
1 00879U 64054A   14190.92304178 -.00000071  00000-0  00000+0 0  9990
2 00879 089.9970 336.8162 4051906 180.7308 359.0949 00.37792862 13387
0 OGO 1
1 00879U 64054A   14193.56900654 -.00000174  00000-0  00000+0 0  9998
2 00879 089.9896 336.7955 4054579 180.7539 359.0745 00.37788700 13399
0 OGO 1
1 00879U 64054A   14196.21564912 -.00000172  00000-0  00000+0 0  9994
2 00879 090.0262 336.7817 4062091 180.8949 358.9444 00.37795124 13404
0 OGO 1
1 00879U 64054A   14198.86037516 -.00000173  00000-0  00000+0 0  9993
2 00879 089.9928 336.7744 4062466 181.0842 358.4662 00.37789966 13415
0 OGO 1
1 00879U 64054A   14201.51067924 -.00000287  00000-0  00000+0 0  9992
2 00879 089.9781 336.7595 4061479 181.1206 359.0219 00.37789934 13425
0 OGO 1
1 00879U 64054A   14204.15758364 -.00000402  00000-0  00000+0 0  9999
2 00879 089.9894 336.7428 4064472 181.1714 359.0683 00.37792010 13430
0 OGO 1
1 00879U 64054A   14205.47093861  .00000000  00000-0  10000-3 0  9997
2 00879 089.9850 336.7436 4065304 181.1789 177.7420 00.37781850 13443
0 OGO 1
1 00879U 64054A   14206.80290404 -.00000401  00000-0  00000+0 0  9998
2 00879 089.9864 336.7313 4068405 181.2456 358.8572 00.37789433 13444
0 OGO 1
1 00879U 64054A   14209.44859371 -.00000318  00000-0  00000+0 0  9992
2 00879 089.9746 336.7244 4071081 181.3001 358.7372 00.37785817 13457
0 OGO 1
1 00879U 64054A   14212.09627978 -.00000225  00000-0  00000+0 0  9990
2 00879 089.9715 336.7188 4072395 181.3382 358.9172 00.37785408 13468
0 OGO 1
1 00879U 64054A   14214.74377379 -.00000181  00000-0  00000+0 0  9992
2 00879 089.9775 336.7112 4072547 181.4036 359.0234 00.37790010 13474
0 OGO 1
1 00879U 64054A   14217.39210843 -.00000240  00000-0  00000+0 0  9994
2 00879 089.9682 336.6975 4071742 181.4978 359.1883 00.37792867 13482
0 OGO 1
1 00879U 64054A   14220.03896871 -.00000348  00000-0  00000+0 0  9999
2 00879 089.9451 336.6774 4072389 181.5393 359.2458 00.37787890 13493
0 OGO 1
1 00879U 64054A   14222.68432030 -.00000369  00000-0  00000+0 0  9998
2 00879 089.9729 336.6608 4079082 181.5969 359.0943 00.37791327 13502
0 OGO 1
1 00879U 64054A   14225.33002483 -.00000336  00000-0  00000+0 0  9992
2 00879 089.9669 336.6520 4083403 181.8305 358.6570 00.37792063 13517
0 OGO 1
1 00879U 64054A   14227.98305933 -.00000401  00000-0  00000+0 0  9994
2 00879 089.9304 336.6395 4081546 181.9029 359.5297 00.37787883 13524
0 OGO 1
1 00879U 64054A   14229.28054972  .00000000  00000-0  10000-3 0  9992
2 00879 089.9432 336.6359 4083162 181.8699 176.1082 00.37781935 13532
0 OGO 1
1 00879U 64054A   14229.28056282  .00000000  00000-0  10000-3 0  9998
2 00879 089.9442 336.6357 4083123 181.8650 176.1187 00.37781778 13536
0 OGO 1
1 00879U 64054A   14230.62943810 -.00000522  00000-0  00000+0 0  9995
2 00879 089.9396 336.6222 4083480 181.9357 359.5423 00.37790807 13539
0 OGO 1
1 00879U 64054A   14231.92638655  .00000000  00000-0  10000-3 0  9992
2 00879 089.9372 336.6229 4084916 181.9468 175.9670 00.37782297 13547
0 OGO 1
1 00879U 64054A   14233.27525934 -.00000547  00000-0  00000+0 0  9999
2 00879 089.9423 336.6092 4087549 182.0084 359.4023 00.37789751 13546
0 OGO 1
1 00879U 64054A   14235.92134320 -.00000462  00000-0  00000+0 0  9994
2 00879 089.9297 336.6013 4090692 182.0700 359.3187 00.37785764 13557
0 OGO 1
1 00879U 64054A   14237.21744142  .00000000  00000-0  10000-3 0  9999
2 00879 089.9287 336.5993 4089710 182.0931 175.6209 00.37782579 13563
0 OGO 1
1 00879U 64054A   14238.56874429 -.00000346  00000-0  00000+0 0  9999
2 00879 089.9210 336.5956 4092421 182.1071 359.4623 00.37783978 13563
0 OGO 1
1 00879U 64054A   14239.86262453  .00000000  00000-0  10000-3 0  9992
2 00879 089.9230 336.5873 4091552 182.1693 175.3991 00.37782163 13576
0 OGO 1
1 00879U 64054A   14239.86263221  .00000000  00000-0  10000-3 0  9996
2 00879 089.9233 336.5873 4091695 182.1645 175.4095 00.37782427 13573
0 OGO 1
1 00879U 64054A   14241.21976122 -.00000258  00000-0  00000+0 0  9990
2 00879 089.9242 336.5888 4092949 182.1559 000.0764 00.37787526 13577
0 OGO 1
1 00879U 64054A   14243.86626649 -.00000259  00000-0  00000+0 0  9990
2 00879 089.9224 336.5772 4092507 182.2413 000.0069 00.37791910 13580
0 OGO 1
1 00879U 64054A   14246.51314491 -.00000342  00000-0  00000+0 0  9997
2 00879 089.8993 336.5585 4092337 182.3064 000.0215 00.37789472 13592
0 OGO 1
1 00879U 64054A   14249.15919281 -.00000378  00000-0  00000+0 0  9997
2 00879 089.9015 336.5401 4096616 182.3226 000.0264 00.37786885 13600
0 OGO 1
1 00879U 64054A   14250.44473475  .00000000  00000-0  10000-3 0  9997
2 00879 089.8997 336.5382 4099889 182.4561 174.7221 00.37781479 13611
0 OGO 1
1 00879U 64054A   14251.80463597 -.00000323  00000-0  00000+0 0  9996
2 00879 089.9301 336.5298 4104264 182.5031 359.6547 00.37794355 13616
0 OGO 1
1 00879U 64054A   14254.45338431 -.00000326  00000-0  00000+0 0  9991
2 00879 089.8823 336.5187 4103519 182.6535 359.7999 00.37788454 13629
0 OGO 1
1 00879U 64054A   14257.10374865 -.00000428  00000-0  00000+0 0  9990
2 00879 089.8788 336.5010 4103972 182.6751 000.3870 00.37790094 13638
0 OGO 1
1 00879U 64054A   14259.75029373 -.00000475  00000-0  00000+0 0  9996
2 00879 089.8882 336.4859 4107974 182.7363 000.3651 00.37790809 13641
0 OGO 1
1 00879U 64054A   14262.39593049 -.00000397  00000-0  00000+0 0  9999
2 00879 089.8789 336.4765 4111745 182.8036 000.2102 00.37787210 13655
0 OGO 1
1 00879U 64054A   14265.04287262 -.00000262  00000-0  00000+0 0  9992
2 00879 089.8668 336.4700 4113999 182.8433 000.2843 00.37784553 13664
0 OGO 1
1 00879U 64054A   14266.31732285  .00000000  00000-0  10000-3 0  9997
2 00879 089.8694 336.4637 4112672 182.8850 173.6156 00.37782750 13661
0 OGO 1
1 00879U 64054A   14267.69105549 -.00000139  00000-0  00000+0 0  9995
2 00879 089.8663 336.4634 4115038 182.8816 000.5322 00.37786459 13679
0 OGO 1
1 00879U 64054A   14267.69331347 -.00000139  00000-0  00000+0 0  9992
2 00879 089.8663 336.4636 4115094 182.8821 000.8388 00.37786003 13679
0 OGO 1
1 00879U 64054A   14270.33928585 -.00000085  00000-0  00000+0 0  9993
2 00879 089.8685 336.4528 4114953 182.9532 000.7245 00.37791393 13686
0 OGO 1
1 00879U 64054A   14270.33928585 -.00000085  00000-0  00000+0 0  9993
2 00879 089.8685 336.4528 4114953 182.9532 000.7245 00.37791393 13686
0 OGO 1
1 00879U 64054A   14272.98683138 -.00000130  00000-0  00000+0 0  9999
2 00879 089.8530 336.4355 4114602 183.0304 000.8070 00.37791391 13699
0 OGO 1
1 00879U 64054A   14275.63324260 -.00000178  00000-0  00000+0 0  9994
2 00879 089.8399 336.4153 4117105 183.0516 000.8435 00.37786931 13705
0 OGO 1
1 00879U 64054A   14278.27835690 -.00000128  00000-0  00000+0 0  9996
2 00879 089.8720 336.4034 4124804 183.1437 000.5906 00.37792396 13711
0 OGO 1
1 00879U 64054A   14280.92515379 -.00000082  00000-0  00000+0 0  9999
2 00879 089.8456 336.3935 4127554 183.3492 000.3510 00.37791576 13723
0 OGO 1
1 00879U 64054A   14283.57577786 -.00000153  00000-0  00000+0 0  9992
2 00879 089.8206 336.3763 4126620 183.3952 000.9405 00.37790149 13734
0 OGO 1
1 00879U 64054A   14286.22297834 -.00000229  00000-0  00000+0 0  9994
2 00879 089.8324 336.3587 4129977 183.4373 001.0448 00.37792275 13747
0 OGO 1
1 00879U 64054A   14288.86832083 -.00000180  00000-0  00000+0 0  9993
2 00879 089.8299 336.3471 4134384 183.5071 000.8418 00.37789600 13757
0 OGO 1
1 00879U 64054A   14291.51415056 -.00000046  00000-0  00000+0 0  9997
2 00879 089.8175 336.3396 4137317 183.5543 000.7510 00.37786207 13762
0 OGO 1
1 00879U 64054A   14294.16113461  .00000090  00000-0  00000+0 0  9994
2 00879 089.8141 336.3329 4138827 183.5884 000.8418 00.37786915 13771
0 OGO 1
1 00879U 64054A   14296.80880294  .00000176  00000-0  00000+0 0  9997
2 00879 089.8179 336.3232 4139195 183.6491 000.9781 00.37791357 13780
0 OGO 1
1 00879U 64054A   14299.45644534  .00000162  00000-0  00000+0 0  9991
2 00879 089.8097 336.3071 4138789 183.7282 001.0702 00.37793408 13792
0 OGO 1
1 00879U 64054A   14302.10294084  .00000098  00000-0  00000+0 0  9997
2 00879 089.7933 336.2859 4140233 183.7651 001.0844 00.37789605 13803
0 OGO 1
1 00879U 64054A   14304.74825889  .00000112  00000-0  00000+0 0  9999
2 00879 089.8136 336.2707 4146845 183.8124 000.9328 00.37790662 13813
0 OGO 1
1 00879U 64054A   14307.39281529  .00000173  00000-0  00000+0 0  9997
2 00879 089.8159 336.2624 4152589 184.0029 000.4111 00.37794342 13820
0 OGO 1
1 00879U 64054A   14310.04218278  .00000129  00000-0  00000+0 0  9995
2 00879 089.7785 336.2474 4151715 184.0985 000.7345 00.37791155 13830
0 OGO 1
1 00879U 64054A   14312.69063854  .00000020  00000-0  00000+0 0  9996
2 00879 089.7841 336.2283 4153848 184.1280 001.0393 00.37793196 13844
0 OGO 1
1 00879U 64054A   14315.33492892  .00000010  00000-0  00000+0 0  9997
2 00879 089.7890 336.2141 4158652 184.1921 000.7019 00.37792174 13858
0 OGO 1
1 00879U 64054A   14316.58404819  .00000000  00000-0  10000-3 0  9991
2 00879 089.7847 336.2141 4158304 184.1891 170.6497 00.37782971 13851
0 OGO 1
1 00879U 64054A   14317.98040138  .00000112  00000-0  00000+0 0  9995
2 00879 089.7790 336.2052 4162462 184.2472 000.5431 00.37788191 13865
0 OGO 1
1 00879U 64054A   14320.62604590  .00000237  00000-0  00000+0 0  9996
2 00879 089.7732 336.1985 4164581 184.2807 000.4504 00.37787204 13876
0 OGO 1
1 00879U 64054A   14323.27300209  .00000327  00000-0  00000+0 0  9990
2 00879 089.7781 336.1902 4165525 184.3305 000.5090 00.37790982 13881
0 OGO 1
1 00879U 64054A   14324.52079861  .00000341  00000-0  10000-3 0  9997
2 00879 089.7734 336.1743 4166437 184.3964 170.1644 00.37782059 13881
0 OGO 1
1 00879U 64054A   14324.52079861  .00000000  00000-0  10000-3 0  9999
2 00879 089.7734 336.1743 4166437 184.3964 170.1644 00.37782059 13881
0 OGO 1
1 00879U 64054A   14325.92020181  .00000329  00000-0  00000+0 0  9994
2 00879 089.7758 336.1762 4165477 184.4099 000.5425 00.37794578 13894
0 OGO 1
1 00879U 64054A   14328.56531699  .00000248  00000-0  00000+0 0  9998
2 00879 089.7589 336.1544 4166120 184.4598 000.3393 00.37792464 13898
0 OGO 1
1 00879U 64054A   14328.56670042  .00000248  00000-0  00000+0 0  9994
2 00879 089.7587 336.1551 4166183 184.4616 000.5264 00.37791547 13894
0 OGO 1
1 00879U 64054A   14331.21152694  .00000206  00000-0  00000+0 0  9992
2 00879 089.7686 336.1364 4171766 184.4889 000.3377 00.37790319 13902
0 OGO 1
1 00879U 64054A   14333.85608599  .00000245  00000-0  00000+0 0  9997
2 00879 089.7870 336.1274 4179442 184.6481 359.8718 00.37795012 13913
0 OGO 1
1 00879U 64054A   14336.50326814  .00000220  00000-0  00000+0 0  9992
2 00879 089.7500 336.1161 4180015 184.7823 359.8204 00.37791916 13927
0 OGO 1
1 00879U 64054A   14339.15198611  .00000085  00000-0  00000+0 0  9997
2 00879 089.7455 336.0973 4181036 184.8149 000.1562 00.37792791 13938
0 OGO 1
1 00879U 64054A   14341.79734210  .00000002  00000-0  00000+0 0  9990
2 00879 089.7546 336.0811 4185850 184.8699 359.9782 00.37793143 13940
0 OGO 1
1 00879U 64054A   14344.44202514  .00000051  00000-0  00000+0 0  9996
2 00879 089.7480 336.0708 4190599 184.9323 359.6962 00.37789544 13951
0 OGO 1
1 00879U 64054A   14347.08725738  .00000152  00000-0  00000+0 0  9999
2 00879 089.7397 336.0636 4193505 184.9709 359.5360 00.37786995 13965
0 OGO 1
1 00879U 64054A   14349.73462498  .00000233  00000-0  00000+0 0  9994
2 00879 089.7434 336.0568 4195113 185.0118 359.6650 00.37789222 13974
0 OGO 1
1 00879U 64054A   14350.97873803  .00000000  00000-0  10000-3 0  9995
2 00879 089.7413 336.0424 4195878 185.0840 168.8137 00.37781983 13989
0 OGO 1
1 00879U 64054A   14352.38115813  .00000245  00000-0  00000+0 0  9998
2 00879 089.7466 336.0457 4195775 185.0868 359.6160 00.37793867 13989
0 OGO 1
1 00879U 64054A   14355.02823190  .00000161  00000-0  00000+0 0  9993
2 00879 089.7302 336.0267 4196225 185.1578 359.6426 00.37792800 13999
0 OGO 1
1 00879U 64054A   14357.67363911  .00000070  00000-0  00000+0 0  9995
2 00879 089.7255 336.0053 4200173 185.1764 359.5466 00.37789348 14003
0 OGO 1
1 00879U 64054A   14360.31719681  .00000071  00000-0  00000+0 0  9990
2 00879 089.7562 335.9935 4209387 185.2975 359.0146 00.37794585 14012
0 OGO 1
1 00879U 64054A   14362.96390819  .00000064  00000-0  00000+0 0  9993
2 00879 089.7229 335.9847 4212309 185.4720 358.8182 00.37791474 14024
0 OGO 1
1 00879U 64054A   14365.61402280 -.00000066  00000-0  00000+0 0  9997
2 00879 089.7067 335.9683 4212487 185.5155 359.3299 00.37791373 14036
0 OGO 1
1 00879U 64054A   15003.26016930 -.00000205  00000-0  00000+0 0  9996
2 00879 089.7173 335.9511 4216785 185.5639 359.2714 00.37792835 14042
0 OGO 1
1 00879U 64054A   15004.49951002  .00000000  00000-0  10000-3 0  9997
2 00879 089.7182 335.9515 4218150 185.5724 167.8698 00.37782402 14053
0 OGO 1
1 00879U 64054A   15004.49951076  .00000000  00000-0  10000-3 0  9998
2 00879 089.7163 335.9528 4218001 185.5700 167.8757 00.37782313 14052
0 OGO 1
1 00879U 64054A   15004.49951655  .00000000  00000-0  10000-3 0  9991
2 00879 089.7166 335.9520 4217947 185.5722 167.8708 00.37782410 14053
0 OGO 1
1 00879U 64054A   15004.49951848  .00000000  00000-0  10000-3 0  9995
2 00879 089.7164 335.9524 4217871 185.5723 167.8709 00.37782438 14053
0 OGO 1
1 00879U 64054A   15005.90505150 -.00000213  00000-0  00000+0 0  9995
2 00879 089.7137 335.9393 4222170 185.6321 359.0034 00.37789907 14054
0 OGO 1
1 00879U 64054A   15008.55062174 -.00000130  00000-0  00000+0 0  9991
2 00879 089.7027 335.9318 4225838 185.6800 358.8709 00.37786331 14060
0 OGO 1
1 00879U 64054A   15011.19766143 -.00000048  00000-0  00000+0 0  9990
2 00879 089.7018 335.9257 4227889 185.7168 358.9613 00.37786873 14075
0 OGO 1
1 00879U 64054A   15013.84509522 -.00000016  00000-0  00000+0 0  9995
2 00879 089.7076 335.9173 4229128 185.7815 359.0550 00.37791228 14086
0 OGO 1
1 00879U 64054A   15016.49239747 -.00000074  00000-0  00000+0 0  9992
2 00879 089.6966 335.9019 4229753 185.8664 359.0870 00.37793174 14097
0 OGO 1
1 00879U 64054A   15019.13870292 -.00000180  00000-0  00000+0 0  9990
2 00879 089.6757 335.8799 4231878 185.8994 359.0812 00.37788134 14104
0 OGO 1
1 00879U 64054A   15021.78422396 -.00000211  00000-0  00000+0 0  9997
2 00879 089.7034 335.8646 4240314 185.9556 358.9450 00.37791559 14116
0 OGO 1
1 00879U 64054A   15024.42870469 -.00000193  00000-0  00000+0 0  9998
2 00879 089.6905 335.8560 4247105 186.1682 358.3603 00.37792443 14123
0 OGO 1
1 00879U 64054A   15027.08005608 -.00000280  00000-0  00000+0 0  9995
2 00879 089.6542 335.8423 4246754 186.2393 358.9993 00.37789112 14135
0 OGO 1
1 00879U 64054A   15029.72765674 -.00000435  00000-0  00000+0 0  9996
2 00879 089.6637 335.8249 4249962 186.2765 359.1629 00.37791709 14148
0 OGO 1
1 00879U 64054A   15032.37275134 -.00000484  00000-0  00000+0 0  9992
2 00879 089.6642 335.8119 4255493 186.3465 358.9175 00.37789902 14150
0 OGO 1
1 00879U 64054A   15035.01915360 -.00000407  00000-0  00000+0 0  9993
2 00879 089.6507 335.8038 4259705 186.4021 358.8816 00.37785696 14167
0 OGO 1
1 00879U 64054A   15037.66642727 -.00000305  00000-0  00000+0 0  9997
2 00879 089.6437 335.7979 4262089 186.4372 359.0056 00.37784766 14177
0 OGO 1
1 00879U 64054A   15040.31395263 -.00000238  00000-0  00000+0 0  9998
2 00879 089.6478 335.7909 4263571 186.4875 359.1362 00.37788194 14181
0 OGO 1
1 00879U 64054A   15041.53661306 -.00000230  00000-0  00000+0 0  9999
2 00879 089.6332 335.7755 4265071 186.5769 165.4307 00.37786424 14180
0 OGO 1
1 00879U 64054A   15042.96209318 -.00000247  00000-0  00000+0 0  9996
2 00879 089.6438 335.7786 4264504 186.5699 359.2894 00.37791925 14190
0 OGO 1
1 00879U 64054A   15046.82845597 -.00000361  00000-0  00000+0 0  9997
2 00879 089.6199 335.7478 4274875 186.7386 165.0811 00.37788503 14201
0 OGO 1
1 00879U 64054A   15049.47404257 -.00000357  00000-0  00000+0 0  9990
2 00879 089.6090 335.7379 4277920 186.8112 164.8717 00.37789954 14217
0 OGO 1
1 00879U 64054A   15049.47416002  .00000000  00000-0  10000-3 0  9990
2 00879 089.6193 335.7390 4276105 186.7628 164.9858 00.37781779 14213
0 OGO 1
1 00879U 64054A   15052.11941284 -.00000324  00000-0  00000+0 0  9995
2 00879 089.6013 335.7251 4280590 186.8579 164.6805 00.37790896 14229
0 OGO 1
1 00879U 64054A   15052.11943388 -.00000324  00000-0  00000+0 0  9992
2 00879 089.6012 335.7251 4280622 186.8594 164.6771 00.37791033 14227
0 OGO 1
1 00879U 64054A   15057.41001058 -.00000535  00000-0  00000+0 0  9993
2 00879 089.6005 335.6938 4287787 187.0003 164.3212 00.37788807 14241
0 OGO 1
1 00879U 64054A   15057.41014087 -.00000535  00000-0  00000+0 0  9999
2 00879 089.5997 335.6927 4287396 186.9977 164.3279 00.37791308 14245
0 OGO 1
1 00879U 64054A   15060.05559438 -.00000542  00000-0  00000+0 0  9995
2 00879 089.5879 335.6838 4292517 187.0644 164.1740 00.37785709 14259
0 OGO 1
1 00879U 64054A   15060.05564938 -.00000542  00000-0  00000+0 0  9996
2 00879 089.5880 335.6831 4292362 187.0637 164.1760 00.37786807 14256
0 OGO 1
1 00879U 64054A   15062.70104092 -.00000432  00000-0  00000+0 0  9999
2 00879 089.5748 335.6775 4295122 187.0936 164.0648 00.37784263 14264
0 OGO 1
1 00879U 64054A   15062.70119721 -.00000432  00000-0  00000+0 0  9994
2 00879 089.5741 335.6752 4294785 187.0967 164.0588 00.37789121 14261
0 OGO 1
1 00879U 64054A   15062.70132942  .00000000  00000-0  10000-3 0  9999
2 00879 089.8834 335.6515 4293604 187.0890 164.0812 00.37783437 14262
0 OGO 1
1 00879U 64054A   15065.34645628 -.00000307  00000-0  00000+0 0  9998
2 00879 089.5751 335.6714 4296616 187.1295 163.9158 00.37788053 14275
0 OGO 1
1 00879U 64054A   15067.99189497 -.00000224  00000-0  00000+0 0  9996
2 00879 089.5761 335.6601 4297952 187.1961 163.7156 00.37790756 14285
0 OGO 1
1 00879U 64054A   15073.28336043 -.00000276  00000-0  00000+0 0  9993
2 00879 089.5479 335.6288 4302001 187.3079 163.4744 00.37797152 14306
0 OGO 1
1 00879U 64054A   15073.28337484 -.00000276  00000-0  00000+0 0  9993
2 00879 089.5404 335.6242 4301939 187.2775 163.5428 00.37786915 14300
0 OGO 1
1 00879U 64054A   15080.02195594 -.00000209  00000-0  00000+0 0  9993
2 00879 089.5339 335.5929 4318844 187.5834 359.8294 00.37791615 14337
0 OGO 1
1 00879U 64054A   15085.32036326 -.00000393  00000-0  00000+0 0  9992
2 00879 089.5202 335.5585 4323763 187.6606 000.6106 00.37791631 14351
0 OGO 1
1 00879U 64054A   15087.96614183 -.00000352  00000-0  00000+0 0  9992
2 00879 089.5142 335.5476 4329296 187.7239 000.4699 00.37788351 14364
0 OGO 1
1 00879U 64054A   15090.61188256 -.00000214  00000-0  00000+0 0  9992
2 00879 089.4999 335.5405 4332800 187.7596 000.3798 00.37784878 14376
0 OGO 1
1 00879U 64054A   15093.25940360 -.00000081  00000-0  00000+0 0  9999
2 00879 089.4972 335.5338 4334837 187.7858 000.5529 00.37785991 14387
0 OGO 1
1 00879U 64054A   15097.09194038  .00000000  00000-0  10000-3 0  9993
2 00879 089.4900 335.5073 4338408 187.8965 161.8063 00.37783024 14392
0 OGO 1
1 00879U 64054A   15098.55490056 -.00000002  00000-0  00000+0 0  9992
2 00879 089.4905 335.5078 4337036 187.9074 000.8281 00.37792596 14400
0 OGO 1
1 00879U 64054A   15101.20183514 -.00000048  00000-0  00000+0 0  9997
2 00879 089.4696 335.4861 4339285 187.9330 000.9157 00.37788048 14410
0 OGO 1
1 00879U 64054A   15103.84668945 -.00000025  00000-0  00000+0 0  9990
2 00879 089.4873 335.4722 4346750 187.9522 000.7465 00.37788089 14427
0 OGO 1
1 00879U 64054A   15106.49206752  .00000041  00000-0  00000+0 0  9995
2 00879 089.4911 335.4642 4355554 188.1275 000.3463 00.37794834 14431
0 OGO 1
1 00879U 64054A   15109.14235380 -.00000004  00000-0  00000+0 0  9999
2 00879 089.4447 335.4468 4356104 188.2190 000.8000 00.37790953 14441
0 OGO 1
1 00879U 64054A   15111.78994152 -.00000123  00000-0  00000+0 0  9993
2 00879 089.4523 335.4283 4359451 188.2413 000.9965 00.37792667 14453
0 OGO 1
1 00879U 64054A   15112.96579086  .00000000  00000-0  10000-3 0  9997
2 00879 089.4564 335.4305 4360188 188.2360 160.9755 00.37783566 14455
0 OGO 1
1 00879U 64054A   15114.43428092 -.00000136  00000-0  00000+0 0  9997
2 00879 089.4557 335.4180 4365973 188.3003 000.6678 00.37789913 14467
0 OGO 1
1 00879U 64054A   15114.43487544 -.00000136  00000-0  00000+0 0  9994
2 00879 089.4567 335.4153 4365577 188.2998 000.7486 00.37791160 14465
0 OGO 1
1 00879U 64054A   15119.72724620  .00000115  00000-0  00000+0 0  9996
2 00879 089.4392 335.3938 4375449 188.3654 000.6993 00.37760144 14482
0 OGO 1
1 00879U 64054A   15122.37382182  .00000208  00000-0  00000+0 0  9997
2 00879 089.4459 335.3813 4375300 188.4082 000.7150 00.37782638 14499
0 OGO 1
1 00879U 64054A   15125.02148717  .00000226  00000-0  00000+0 0  9996
2 00879 089.4430 335.3699 4374318 188.4740 000.8300 00.37808313 14508
0 OGO 1
1 00879U 64054A   15127.66774231  .00000174  00000-0  00000+0 0  9996
2 00879 089.4232 335.3586 4375954 188.5132 000.7976 00.37807621 14516
0 OGO 1
1 00879U 64054A   15130.31286371  .00000154  00000-0  00000+0 0  9993
2 00879 089.4265 335.3441 4384165 188.5197 000.6822 00.37780050 14523
0 OGO 1
1 00879U 64054A   15132.95761341  .00000209  00000-0  00000+0 0  9991
2 00879 089.4496 335.3265 4395508 188.6415 000.3002 00.37771363 14535
0 OGO 1
1 00879U 64054A   15132.95786780  .00000209  00000-0  00000+0 0  9995
2 00879 089.4495 335.3262 4395623 188.6410 000.3351 00.37770249 14533
0 OGO 1
1 00879U 64054A   15134.13125291  .00000000  00000-0  10000-3 0  9995
2 00879 089.4205 335.3259 4386390 188.6792 159.9229 00.37782763 14531
0 OGO 1
1 00879U 64054A   15135.60447207  .00000196  00000-0  00000+0 0  9993
2 00879 089.4096 335.3081 4396536 188.7818 000.1833 00.37790734 14541
0 OGO 1
1 00879U 64054A   15138.25350347  .00000062  00000-0  00000+0 0  9997
2 00879 089.4016 335.2966 4396015 188.8101 000.5742 00.37815449 14557
0 OGO 1
1 00879U 64054A   15139.42283076  .00000000  00000-0  10000-3 0  9998
2 00879 089.4131 335.2995 4399644 188.7885 159.6905 00.37783390 14552
0 OGO 1
1 00879U 64054A   15140.89935982 -.00000021  00000-0  00000+0 0  9990
2 00879 089.4101 335.2889 4402852 188.8561 000.4752 00.37806823 14560
0 OGO 1
1 00879U 64054A   15143.54321297  .00000043  00000-0  00000+0 0  9996
2 00879 089.4017 335.2791 4410954 188.9059 000.0936 00.37777498 14579
0 OGO 1
1 00879U 64054A   15146.18902787  .00000163  00000-0  00000+0 0  9991
2 00879 089.3945 335.2667 4415443 188.9338 000.0284 00.37763761 14583
0 OGO 1
1 00879U 64054A   15148.83574607  .00000251  00000-0  00000+0 0  9999
2 00879 089.3998 335.2545 4416282 188.9686 000.0778 00.37779560 14597
0 OGO 1
1 00879U 64054A   15151.48305100  .00000276  00000-0  00000+0 0  9991
2 00879 089.4023 335.2431 4415608 189.0310 000.1516 00.37807182 14603
0 OGO 1
1 00879U 64054A   15154.12945816  .00000221  00000-0  00000+0 0  9999
2 00879 089.3858 335.2324 4416416 189.0840 000.1143 00.37815224 14618
0 OGO 1
1 00879U 64054A   15156.77509398  .00000159  00000-0  00000+0 0  9993
2 00879 089.3782 335.2190 4422832 189.0908 000.0635 00.37792922 14624
0 OGO 1
1 00879U 64054A   15159.41874592  .00000177  00000-0  00000+0 0  9998
2 00879 089.4046 335.2024 4435220 189.1725 359.6076 00.37773942 14631
0 OGO 1
1 00879U 64054A   15162.06538311  .00000184  00000-0  00000+0 0  9997
2 00879 089.3763 335.1843 4440184 189.3323 359.4104 00.37782812 14642
0 OGO 1
1   879U 64054A   15162.06848701 +.00000184 +00000-0 +00000-0 0  9995
2   879 089.3761 335.1843 4440195 189.3323 359.8325 00.37782681002147
0 OGO 1
1   879U 64054A   15162.06852917 +.00000184 +00000-0 +00000-0 0  9999
2   879 089.3764 335.1843 4440171 189.3324 359.8382 00.37782911002144
0 OGO 1
1   879U 64054A   15164.71425684 +.00000057 +00000-0 +00000-0 0  9999
2   879 089.3549 335.1713 4438575 189.3796 359.7472 00.37811306002150
0 OGO 1
1 00879U 64054A   15164.71445540  .00000057  00000-0  00000+0 0  9991
2 00879 089.3549 335.1712 4438574 189.3796 359.7743 00.37811307 14658
0 OGO 1
1   879U 64054A   15167.35864260 -.00000088 +00000-0 +00000-0 0  9994
2   879 089.3632 335.1636 4443675 189.4177 359.4656 00.37814251002162
0 OGO 1
1   879U 64054A   15167.35914367 -.00000088 +00000-0 +00000-0 0  9998
2   879 089.3634 335.1636 4443683 189.4189 359.5334 00.37814194002166
0 OGO 1
1 00879U 64054A   15170.00480977 -.00000090  00000-0  00000+0 0  9991
2 00879 089.3582 335.1547 4452585 189.4729 359.3864 00.37786045 14678
0 OGO 1
1 00879U 64054A   15172.64975199  .00000006  00000-0  00000+0 0  9994
2 00879 089.3477 335.1430 4458678 189.5094 359.1839 00.37764204 14681
0 OGO 1
1 00879U 64054A   15175.29643680  .00000090  00000-0  00000+0 0  9998
2 00879 089.3492 335.1307 4460819 189.5396 359.2354 00.37769785 14699
0 OGO 1
1 00879U 64054A   15177.94446629  .00000120  00000-0  00000+0 0  9990
2 00879 089.3545 335.1196 4460845 189.5957 359.4208 00.37794985 14708
0 OGO 1
1 00879U 64054A   15180.59092398  .00000076  00000-0  00000+0 0  9995
2 00879 089.3421 335.1090 4461135 189.6607 359.3688 00.37811889 14715
0 OGO 1
1 00879U 64054A   15183.23692120 -.00000010  00000-0  00000+0 0  9997
2 00879 089.3230 335.0964 4465444 189.6780 359.3457 00.37797250 14721
0 OGO 1
1 00879U 64054A   15185.88192958 -.00000032  00000-0  00000+0 0  9998
2 00879 089.3452 335.0799 4477324 189.7198 359.1537 00.37772833 14735
0 OGO 1
1 00879U 64054A   15188.52654553 -.00000011  00000-0  00000+0 0  9993
2 00879 089.3325 335.0617 4486818 189.8912 358.6492 00.37770064 14745
0 OGO 1
1 00879U 64054A   15188.52673175 -.00000011  00000-0  00000+0 0  9994
2 00879 089.3324 335.0615 4486913 189.8905 358.6746 00.37768861 14744
0 OGO 1
1 00879U 64054A   15191.17616734 -.00000103  00000-0  00000+0 0  9999
2 00879 089.2965 335.0466 4485364 189.9638 359.0446 00.37795804 14751
0 OGO 1
1 00879U 64054A   15193.82302438 -.00000278  00000-0  00000+0 0  9999
2 00879 089.3030 335.0385 4488238 189.9983 359.1140 00.37811287 14768
0 OGO 1
1 00879U 64054A   15196.46844967 -.00000343  00000-0  00000+0 0  9993
2 00879 089.3009 335.0306 4496962 190.0550 358.9277 00.37788628 14774
0 OGO 1
1 00879U 64054A   15199.11434449 -.00000271  00000-0  00000+0 0  9998
2 00879 089.2871 335.0192 4504470 190.0992 358.8366 00.37759428 14782
0 OGO 1
1 00879U 64054A   15201.76064823 -.00000179  00000-0  00000+0 0  9995
2 00879 089.2830 335.0066 4507815 190.1287 358.8373 00.37755374 14796
0 OGO 1
1 00879U 64054A   15204.40811118 -.00000132  00000-0  00000+0 0  9995
2 00879 089.2884 334.9955 4508352 190.1759 358.9634 00.37777183 14806
0 OGO 1
1 00879U 64054A   15207.05626736 -.00000150  00000-0  00000+0 0  9999
2 00879 089.2820 334.9849 4508529 190.2453 359.1368 00.37799789 14810
0 OGO 1
1 00879U 64054A   15209.70298962 -.00000228  00000-0  00000+0 0  9995
2 00879 089.2566 334.9729 4511026 190.2834 359.1702 00.37795498 14829
0 OGO 1
1 00879U 64054A   15212.34842296 -.00000275  00000-0  00000+0 0  9996
2 00879 089.2609 334.9578 4520263 190.2904 359.1028 00.37768075 14833
0 OGO 1
1 00879U 64054A   15214.99331138 -.00000246  00000-0  00000+0 0  9995
2 00879 089.2747 334.9382 4533579 190.4400 358.6767 00.37759145 14849
0 OGO 1
1 00879U 64054A   15217.64189993 -.00000281  00000-0  00000+0 0  9999
2 00879 089.2224 334.9203 4534386 190.5557 358.8459 00.37775030 14854
0 OGO 1
1 00879U 64054A   15220.29134719 -.00000440  00000-0  00000+0 0  9997
2 00879 089.2216 334.9103 4534706 190.5823 359.2941 00.37801765 14863
0 OGO 1
1 00879U 64054A   15222.93765303 -.00000550  00000-0  00000+0 0  9991
2 00879 089.2256 334.9028 4542372 190.6380 359.2308 00.37789591 14870
0 OGO 1
1 00879U 64054A   15225.58402006 -.00000502  00000-0  00000+0 0  9990
2 00879 089.2101 334.8922 4550704 190.6882 359.1880 00.37757499 14883
0 OGO 1
1 00879U 64054A   15228.22957839 -.00000390  00000-0  00000+0 0  9998
2 00879 089.1995 334.8797 4555039 190.7180 359.0868 00.37745228 14894
0 OGO 1
1 00879U 64054A   15230.87930410 -.00000312  00000-0  00000+0 0  9992
2 00879 089.2028 334.8679 4556209 190.7546 359.5406 00.37760637 14903
0 OGO 1
1   879U 64054A   15230.88043499 -.00000312 +00000-0 +00000-0 0  9996
2   879 089.2027 334.8679 4556146 190.7555 359.6943 00.37761049002409
0 OGO 1
1 00879U 64054A   15233.52583501 -.00000290  00000-0  00000+0 0  9997
2 00879 089.2017 334.8570 4556348 190.8174 359.5066 00.37786520 14915
0 OGO 1
1   879U 64054A   15233.52745266 -.00000291 +00000-0 +00000-0 0  9997
2   879 089.2017 334.8570 4556340 190.8172 359.7268 00.37786500002400
0 OGO 1
1 00879U 64054A   15236.17362146 -.00000334  00000-0  00000+0 0  9990
2 00879 089.1785 334.8450 4557750 190.8720 359.6525 00.37793427 14924
0 OGO 1
1   879U 64054A   15236.17394629 -.00000334 +00000-0 +00000-0 0  9992
2   879 089.1784 334.8450 4557693 190.8713 359.6974 00.37793771002412
0 OGO 1
1   879U 64054A   15236.17401904 -.00000334 +00000-0 +00000-0 0  9997
2   879 089.1785 334.8450 4557759 190.8719 359.7072 00.37793210002421
0 OGO 1
1 00879U 64054A   15238.81995341 -.00000381  00000-0  00000+0 0  9994
2 00879 089.1619 334.8305 4563785 190.8729 359.7122 00.37769637 14934
0 OGO 1
1   879U 64054A   15241.46819182 -.00000349 +00000-0 +00000-0 0  9992
2   879 089.1909 334.8130 4577430 190.9469 359.8981 00.37752902002440
0 OGO 1
1 00879U 64054A   15244.11210140 -.00000322  00000-0  00000+0 0  9996
2 00879 089.1444 334.7913 4583730 191.1181 359.2993 00.37759962 14955
0 OGO 1
1 00879U 64054A   15246.76289302 -.00000430  00000-0  00000+0 0  9995
2 00879  89.1224 334.7784 4582041 191.1495 359.9354  0.37790812 14967
0 OGO 1
1   879U 64054A   15246.76289302 -.00000430 +00000-0 +00000-0 0  9996
2   879 089.1224 334.7784 4582041 191.1495 359.9354 00.37790812002458
0 OGO 1
1   879U 64054A   15246.76322376 -.00000430 +00000-0 +00000-0 0  9995
2   879 089.1224 334.7781 4582048 191.1496 359.9804 00.37790869002455
0 OGO 1
1   879U 64054A   15246.76442967 -.00000430 +00000-0 +00000-0 0  9994
2   879 089.1224 334.7781 4582050 191.1496 000.1445 00.37790839002462
0 OGO 1
1 00879U 64054A   15249.41004796 -.00000559  00000-0  00000+0 0  9994
2 00879  89.1333 334.7706 4587786 191.1924   0.0154  0.37794570 14978
0 OGO 1
1   879U 64054A   15249.41012270 -.00000559 +00000-0 +00000-0 0  9991
2   879 089.1333 334.7705 4587802 191.1926 000.0256 00.37794436002474
0 OGO 1
1   879U 64054A   15249.41028808 -.00000559 +00000-0 +00000-0 0  9995
2   879 089.1334 334.7706 4587810 191.1926 000.0481 00.37794387002469
0 OGO 1
1   879U 64054A   15249.41044247 -.00000559 +00000-0 +00000-0 0  9990
2   879 089.1334 334.7705 4587809 191.1926 000.0691 00.37794378002469
0 OGO 1
1 00879U 64054A   15252.05578517 -.00000539  00000-0  00000+0 0  9993
2 00879  89.1213 334.7606 4596609 191.2496 359.8695  0.37765016 14982
0 OGO 1
1 00879U 64054A   15254.70200384 -.00000410  00000-0  00000+0 0  9999
2 00879  89.1055 334.7483 4602314 191.2799 359.8508  0.37742879 14992
0 OGO 1
1 00879U 64054A   15257.34985023 -.00000294  00000-0  00000+0 0  9992
2 00879  89.1048 334.7359 4604158 191.3050   0.0657  0.37752330 15001
0 OGO 1
1   879U 64054A   15257.35290461 -.00000294 +00000-0 +00000-0 0  9999
2   879 089.1050 334.7355 4604232 191.3061 000.4804 00.37751361002507
0 OGO 1
1 00879U 64054A   15259.99961828 -.00000231  00000-0  00000+0 0  9993
2 00879  89.1079 334.7238 4604463 191.3567   0.4920  0.37777942 15017
0 OGO 1
1   879U 64054A   15259.99983799 -.00000231 +00000-0 +00000-0 0  9995
2   879 089.1081 334.7238 4604447 191.3569 000.5217 00.37778093002502
0 OGO 1
1 00879U 64054A   15262.64605578 -.00000231  00000-0  00000+0 0  9996
2 00879  89.0924 334.7118 4605213 191.4172   0.4420  0.37795028 15020
0 OGO 1
1   879U 64054A   15262.64700711 -.00000231 +00000-0 +00000-0 0  9992
2   879 089.0924 334.7120 4605209 191.4172 000.5713 00.37794954002522
0 OGO 1
1   879U 64054A   15265.29268769 -.00000264 +00000-0 +00000-0 0  9994
2   879 089.0659 334.6976 4609208 191.4331 000.5047 00.37780075002535
0 OGO 1
1 00879U 64054A   15265.29301875 -.00000264  00000-0  00000+0 0  9999
2 00879  89.0660 334.6974 4609170 191.4332   0.5494  0.37780465 15032
0 OGO 1
1   879U 64054A   15265.29311325 -.00000264 +00000-0 +00000-0 0  9991
2   879 089.0660 334.6976 4609219 191.4333 000.5621 00.37780001002527
0 OGO 1
1 00879U 64054A   15267.93989873 -.00000235  00000-0  00000+0 0  9990
2 00879  89.0820 334.6817 4620004 191.4446   0.6705  0.37755669 15046
0 OGO 1
1 00879U 64054A   15270.58410220 -.00000165  00000-0  00000+0 0  9992
2 00879  89.0759 334.6614 4631859 191.6094   0.1085  0.37759560 15054
0 OGO 1
1 00879U 64054A   15273.23381065 -.00000206  00000-0  00000+0 0  9997
2 00879  89.0248 334.6425 4630800 191.6866   0.5132  0.37785406 15065
0 OGO 1
1   879U 64054A   15273.23510126 -.00000206 +00000-0 +00000-0 0  9990
2   879 089.0250 334.6425 4630792 191.6863 000.6888 00.37785454002557
0 OGO 1
1   879U 64054A   15273.23682576 -.00000206 +00000-0 +00000-0 0  9999
2   879 089.0251 334.6419 4630811 191.6864 000.9233 00.37785380002560
0 OGO 1
1   879U 64054A   15275.88240729 -.00000337 +00000-0 +00000-0 0  9997
2   879 089.0345 334.6332 4633872 191.7108 000.8400 00.37803675002563
0 OGO 1
1 00879U 64054A   15275.88270300 -.00000337  00000-0  00000+0 0  9994
2 00879  89.0345 334.6331 4633877 191.7104   0.8805  0.37803671 15078
0 OGO 1
1 00879U 64054A   15278.52788800 -.00000357  00000-0  00000+0 0  9999
2 00879  89.0323 334.6243 4642940 191.7685   0.6557  0.37781031 15089
0 OGO 1
1   879U 64054A   15278.52811337 -.00000357 +00000-0 +00000-0 0  9992
2   879 089.0323 334.6243 4642941 191.7685 000.6862 00.37781020002577
0 OGO 1
1   879U 64054A   15278.52833036 -.00000357 +00000-0 +00000-0 0  9992
2   879 089.0323 334.6243 4642939 191.7686 000.7157 00.37781032002576
0 OGO 1
1   879U 64054A   15278.52843770 -.00000357 +00000-0 +00000-0 0  9998
2   879 089.0323 334.6242 4642910 191.7687 000.7302 00.37781311002588
0 OGO 1
1 00879U 64054A   15281.17379976 -.00000233  00000-0  00000+0 0  9997
2 00879  89.0144 334.6121 4650002 191.8057   0.5759  0.37753663 15091
0 OGO 1
1   879U 64054A   15281.17558112 -.00000233 +00000-0 +00000-0 0  9999
2   879 089.0145 334.6121 4649988 191.8060 000.8179 00.37753688002594
0 OGO 1
1 00879U 64054A   15283.82299582 -.00000090  00000-0  00000+0 0  9996
2 00879  89.0093 334.5987 4652962 191.8277   0.9822  0.37752747 15103
0 OGO 1
1 00879U 64054A   15286.46876958  .00000001  00000-0  00000+0 0  9998
2 00879  89.0141 334.5862 4653438 191.8687   0.8869  0.37777431 15111
0 OGO 1
1   879U 64054A   15286.47059321 +.00000001 +00000-0 +00000-0 0  9997
2   879 089.0137 334.5868 4653415 191.8685 001.1350 00.37777792002615
0 OGO 1
1 00879U 64054A   15289.11626802  .00000032  00000-0  00000+0 0  9998
2 00879  89.0065 334.5738 4653799 191.9281   0.9841  0.37801309 15123
0 OGO 1
1   879U 64054A   15289.11659026 +.00000032 +00000-0 +00000-0 0  9993
2   879 089.0065 334.5742 4653821 191.9279 001.0279 00.37800966002616
0 OGO 1
1   879U 64054A   15289.11703290 +.00000032 +00000-0 +00000-0 0  9996
2   879 089.0064 334.5738 4653804 191.9285 001.0879 00.37801311002620
0 OGO 1
1 00879U 64054A   15291.76260131  .00000013  00000-0  00000+0 0  9990
2 00879  88.9810 334.5599 4656545 191.9614   0.9706  0.37797585 15137
0 OGO 1
1   879U 64054A   15294.40833033 +.00000023 +00000-0 +00000-0 0  9993
2   879 088.9789 334.5443 4664778 191.9561 000.9585 00.37771509002643
0 OGO 1
1 00879U 64054A   15294.40859246  .00000023  00000-0  00000+0 0  9996
2 00879  88.9788 334.5444 4664793 191.9564   0.9940  0.37771250 15140
0 OGO 1
1 00879U 64054A   15297.05359567  .00000101  00000-0  00000+0 0  9998
2 00879  89.0009 334.5275 4678002 192.0555   0.6763  0.37765691 15153
0 OGO 1
1 00879U 64054A   15299.70155899  .00000111  00000-0  00000+0 0  9995
2 00879  88.9474 334.5060 4681033 192.1907   0.7052  0.37786140 15164
0 OGO 1
1   879U 64054A   15299.70155899 +.00000111 +00000-0 +00000-0 0  9996
2   879 088.9474 334.5060 4681033 192.1907 000.7052 00.37786140002654
0 OGO 1
1   879U 64054A   15299.70478899 +.00000111 +00000-0 +00000-0 0  9994
2   879 088.9480 334.5061 4681015 192.1905 001.1445 00.37786341002665
0 OGO 1
1   879U 64054A   15302.34966456 -.00000012 +00000-0 +00000-0 0  9991
2   879 088.9387 334.4931 4681288 192.2128 000.9851 00.37813086002672
0 OGO 1
1 00879U 64054A   15302.35034450 -.00000012  00000-0  00000+0 0  9991
2 00879  88.9385 334.4931 4681277 192.2137   1.0774  0.37813211 15173
0 OGO 1
1   879U 64054A   15304.99534594 -.00000091 +00000-0 +00000-0 0  9995
2   879 088.9471 334.4845 4689519 192.2592 000.8509 00.37803004002678
0 OGO 1
1 00879U 64054A   15304.99614604 -.00000091  00000-0  00000+0 0  9995
2 00879  88.9471 334.4845 4689519 192.2595   0.9596  0.37802985 15185
0 OGO 1
1 00879U 64054A   15307.64075022 -.00000009  00000-0  00000+0 0  9994
2 00879  88.9331 334.4733 4698259 192.3070   0.6760  0.37771907 15196
0 OGO 1
1   879U 64054A   15307.64143882 -.00000009 +00000-0 +00000-0 0  9995
2   879 088.9330 334.4732 4698312 192.3069 000.7688 00.37771375002692
0 OGO 1
1 00879U 64054A   15310.28665218  .00000134  00000-0  00000+0 0  9998
2 00879  88.9230 334.4602 4702592 192.3304   0.6259  0.37761568 15202
0 OGO 1
1   879U 64054A   15310.28843579 +.00000134 +00000-0 +00000-0 0  9997
2   879 088.9231 334.4602 4702566 192.3315 000.8680 00.37761928002707
0 OGO 1
1   879U 64054A   15312.93411451 +.00000232 +00000-0 +00000-0 0  9990
2   879 088.9270 334.4475 4703724 192.3634 000.7751 00.37780054002708
0 OGO 1
1 00879U 64054A   15312.93461979  .00000232  00000-0  00000+0 0  9999
2 00879  88.9270 334.4475 4703723 192.3633   0.8438  0.37780043 15217
0 OGO 1
1   879U 64054A   15312.93515989 +.00000232 +00000-0 +00000-0 0  9991
2   879 088.9270 334.4475 4703728 192.3633 000.9173 00.37780039002704
0 OGO 1
1 00879U 64054A   15315.58140770  .00000270  00000-0  00000+0 0  9998
2 00879  88.9261 334.4350 4704067 192.4188   0.8521  0.37806097 15229
0 OGO 1
1   879U 64054A   15315.58154354 +.00000270 +00000-0 +00000-0 0  9992
2   879 088.9264 334.4350 4704070 192.4182 000.8707 00.37806074002722
0 OGO 1
1   879U 64054A   15318.22666353 +.00000250 +00000-0 +00000-0 0  9991
2   879 088.9061 334.4211 4705955 192.4614 000.6705 00.37812485002736
0 OGO 1
1 00879U 64054A   15318.22785547  .00000250  00000-0  00000+0 0  9997
2 00879  88.9061 334.4211 4705963 192.4617   0.8327  0.37812462 15234
0 OGO 1
1   879U 64054A   15320.87217206 +.00000226 +00000-0 +00000-0 0  9997
2   879 088.8939 334.4059 4712556 192.4611 000.6112 00.37790863002738
0 OGO 1
1 00879U 64054A   15320.87341274  .00000226  00000-0  00000+0 0  9999
2 00879  88.8940 334.4056 4712578 192.4612   0.7799  0.37790603 15246
0 OGO 1
1 00879U 64054A   15323.51711872  .00000273  00000-0  00000+0 0  9990
2 00879  88.9172 334.3902 4725179 192.5112   0.3812  0.37773741 15257
0 OGO 1
1   879U 64054A   15323.51875006 +.00000273 +00000-0 +00000-0 0  9991
2   879 088.9171 334.3900 4725272 192.5105 000.6033 00.37772962002753
0 OGO 1
1 00879U 64054A   15326.16308395  .00000307  00000-0  00000+0 0  9994
2 00879  88.8879 334.3707 4732824 192.6560   0.0976  0.37786209 15268
0 OGO 1
1   879U 64054A   15326.16679714 +.00000307 +00000-0 +00000-0 0  9991
2   879 088.8878 334.3707 4732837 192.6561 000.6025 00.37786106002760
0 OGO 1
1 00879U 64054A   15328.81299685  .00000196  00000-0  00000+0 0  9995
2 00879  88.8571 334.3545 4732092 192.7051   0.5745  0.37815953 15279
0 OGO 1
1   879U 64054A   15331.45692106 +.00000053 +00000-0 +00000-0 0  9997
2   879 088.8671 334.3456 4738333 192.7345 000.2384 00.37818867002786
0 OGO 1
1 00879U 64054A   15331.45850296  .00000053  00000-0  00000+0 0  9992
2 00879  88.8671 334.3456 4738331 192.7346   0.4537  0.37818873 15283
0 OGO 1
1   879U 64054A   15334.10217328 +.00000059 +00000-0 +00000-0 0  9997
2   879 088.8610 334.3354 4748472 192.7859 000.0301 00.37788250002791
0 OGO 1
1   879U 64054A   15334.10290300 +.00000059 +00000-0 +00000-0 0  9998
2   879 088.8608 334.3354 4748441 192.7859 000.1294 00.37788555002783
0 OGO 1
1 00879U 64054A   15334.10313998  .00000059  00000-0  00000+0 0  9996
2 00879  88.8609 334.3350 4748451 192.7859   0.1615  0.37788428 15297
0 OGO 1
1 00879U 64054A   15336.74839914  .00000173  00000-0  00000+0 0  9996
2 00879  88.8482 334.3227 4754820 192.8165   0.0047  0.37767606 15302
0 OGO 1
1   879U 64054A   15336.74906166 +.00000173 +00000-0 +00000-0 0  9991
2   879 088.8482 334.3227 4754804 192.8167 000.0947 00.37767747002802
0 OGO 1
1 00879U 64054A   15339.39428060  .00000262  00000-0  00000+0 0  9995
2 00879  88.8498 334.3102 4757036 192.8436 359.9474  0.37777457 15310
0 OGO 1
1   879U 64054A   15339.39428060 +.00000262 +00000-0 +00000-0 0  9996
2   879 088.8499 334.3102 4757014 192.8438 359.9473 00.37777658002801
0 OGO 1
1   879U 64054A   15339.39503191 +.00000262 +00000-0 +00000-0 0  9995
2   879 088.8498 334.3102 4757041 192.8436 000.0495 00.37777417002809
0 OGO 1
1   879U 64054A   15339.39576464 +.00000262 +00000-0 +00000-0 0  9998
2   879 088.8500 334.3103 4756989 192.8440 000.1490 00.37777863002811
0 OGO 1
1   879U 64054A   15339.39577650 +.00000262 +00000-0 +00000-0 0  9996
2   879 088.8497 334.3102 4757044 192.8436 000.1508 00.37777394002812
0 OGO 1
1 00879U 64054A   15342.04180448  .00000291  00000-0  00000+0 0  9998
2 00879  88.8535 334.2988 4757840 192.8929   0.0669  0.37802772 15323
0 OGO 1
1   879U 64054A   15342.04195821 +.00000291 +00000-0 +00000-0 0  9990
2   879 088.8537 334.2988 4757854 192.8928 000.0880 00.37802784002817
0 OGO 1
1 00879U 64054A   15344.68827834  .00000262  00000-0  00000+0 0  9995
2 00879  88.8391 334.2853 4759418 192.9436   0.0345  0.37817031 15337
0 OGO 1
1   879U 64054A   15344.68827834 +.00000262 +00000-0 +00000-0 0  9996
2   879 088.8391 334.2853 4759418 192.9436 000.0345 00.37817031002827
0 OGO 1
1   879U 64054A   15347.33191390 +.00000205 +00000-0 +00000-0 0  9999
2   879 088.8203 334.2702 4764707 192.9525 359.6980 00.37801989002843
0 OGO 1
1 00879U 64054A   15347.33373300  .00000205  00000-0  00000+0 0  9991
2 00879  88.8202 334.2702 4764681 192.9521 359.9456  0.37802257 15348
0 OGO 1
1 00879U 64054A   15349.97835374  .00000203  00000-0  00000+0 0  9995
2 00879  88.8374 334.2546 4776833 192.9752 359.7219  0.37777298 15354
0 OGO 1
1 00879U 64054A   15352.62292965  .00000236  00000-0  00000+0 0  9990
2 00879  88.8275 334.2370 4788023 193.1071 359.2655  0.37778066 15364
0 OGO 1
1 00879U 64054A   15352.62300462  .00000236  00000-0  00000+0 0  9992
2 00879  88.8276 334.2371 4787935 193.1076 359.2754  0.37778731 15361
0 OGO 1
1   879U 64054A   15352.62664295 +.00000236 +00000-0 +00000-0 0  9990
2   879 088.8276 334.2374 4787909 193.1077 359.7702 00.37779244002865
0 OGO 1
1 00879U 64054A   15355.27114957  .00000151  00000-0  00000+0 0  9994
2 00879  88.7862 334.2198 4788357 193.1831 359.4503  0.37806298 15371
0 OGO 1
1 00879U 64054A   15357.91934689 -.00000035  00000-0  00000+0 0  9991
2 00879  88.7894 334.2098 4792134 193.2111 359.7092  0.37821916 15386
0 OGO 1
1 00879U 64054A   15360.56385187 -.00000113  00000-0  00000+0 0  9996
2 00879  88.7888 334.2005 4802500 193.2596 359.4013  0.37796630 15398
0 OGO 1
1   879U 64054A   15360.56385187 -.00000113 +00000-0 +00000-0 0  9997
2   879 088.7888 334.2005 4802500 193.2596 359.4013 00.37796630002888
0 OGO 1
1 00879U 64054A   15363.20791160 -.00000043  00000-0  00000+0 0  9994
2 00879  88.7747 334.1878 4810866 193.2986 359.0586  0.37767797 15401
0 OGO 1
1   879U 64054A   15363.20913828 -.00000043 +00000-0 +00000-0 0  9992
2   879 088.7746 334.1880 4810944 193.2986 359.2255 00.37766992002902
0 OGO 1
1 00879U 64054A   15365.85513847  .00000042  00000-0  00000+0 0  9999
2 00879  88.7715 334.1755 4814567 193.3262 359.1808  0.37767184 15419
0 OGO 1
1   879U 64054A   15365.85632413 +.00000042 +00000-0 +00000-0 0  9991
2   879 088.7715 334.1754 4814665 193.3261 359.3422 00.37766225002905
0 OGO 1
1   879U 64054A   16003.50163080 +.00000068 +00000-0 +00000-0 0  9990
2   879 088.7766 334.1639 4815999 193.3702 359.1709 00.37789144002916
0 OGO 1
1 00879U 64054A   16003.50167114  .00000068  00000-0  00000+0 0  9991
2 00879  88.7768 334.1643 4815995 193.3704 359.1764  0.37789422 15421
0 OGO 1
1   879U 64054A   16003.50241355 +.00000068 +00000-0 +00000-0 0  9992
2   879 088.7767 334.1642 4816005 193.3705 359.2773 00.37789345002918
0 OGO 1
1   879U 64054A   16003.50318012 +.00000068 +00000-0 +00000-0 0  9997
2   879 088.7767 334.1639 4815974 193.3701 359.3817 00.37789361002923
0 OGO 1
1 00879U 64054A   16006.14890253  .00000041  00000-0  00000+0 0  9992
2 00879  88.7672 334.1516 4817560 193.4271 359.2349  0.37808896 15432
0 OGO 1
1 00879U 64054A   16008.79537210 -.00000028  00000-0  00000+0 0  9992
2 00879  88.7424 334.1362 4821533 193.4516 359.2510  0.37801707 15448
0 OGO 1
1   879U 64054A   16008.79537210 -.00000028 +00000-0 +00000-0 0  9993
2   879 088.7424 334.1362 4821533 193.4516 359.2510 00.37801707002938
0 OGO 1
1   879U 64054A   16011.44038401 -.00000068 +00000-0 +00000-0 0  9991
2   879 088.7469 334.1203 4831662 193.4556 359.1215 00.37776697002951
0 OGO 1
1 00879U 64054A   16011.44087871 -.00000068  00000-0  00000+0 0  9995
2 00879  88.7470 334.1203 4831699 193.4554 359.1888  0.37776375 15459
0 OGO 1
1 00879U 64054A   16014.08561321 -.00000041  00000-0  00000+0 0  9996
2 00879  88.7549 334.1032 4846015 193.5681 358.7892  0.37766871 15467
0 OGO 1
1 00879U 64054A   16016.73326929 -.00000080  00000-0  00000+0 0  9996
2 00879  88.7042 334.0847 4848980 193.6701 358.8361  0.37785221 15478
0 OGO 1
1   879U 64054A   16016.73341001 -.00000080 +00000-0 +00000-0 0  9995
2   879 088.7041 334.0848 4848987 193.6702 358.8552 00.37785148002966
0 OGO 1
1 00879U 64054A   16019.38163744 -.00000259  00000-0  00000+0 0  9992
2 00879  88.6989 334.0733 4850487 193.6988 359.1246  0.37811525 15487
0 OGO 1
1   879U 64054A   16019.38165677 -.00000259 +00000-0 +00000-0 0  9990
2   879 088.6989 334.0732 4850500 193.6994 359.1271 00.37811406002986
0 OGO 1
1   879U 64054A   16022.02680648 -.00000399 +00000-0 +00000-0 0  9990
2   879 088.7012 334.0641 4859531 193.7462 358.9108 00.37798061002995
0 OGO 1
1 00879U 64054A   16022.02812896 -.00000399  00000-0  00000+0 0  9991
2 00879  88.7014 334.0641 4859582 193.7466 359.0906  0.37797632 15497
0 OGO 1
1 00879U 64054A   16024.67324268 -.00000369  00000-0  00000+0 0  9992
2 00879  88.6858 334.0523 4869222 193.7927 358.8748  0.37764104 15506
0 OGO 1
1 00879U 64054A   16027.31868575 -.00000274  00000-0  00000+0 0  9995
2 00879  88.6768 334.0397 4874399 193.8215 358.7493  0.37752394 15512
0 OGO 1
1   879U 64054A   16027.32152543 -.00000274 +00000-0 +00000-0 0  9998
2   879 088.6767 334.0396 4874449 193.8205 359.1355 00.37751868003014
0 OGO 1
1 00879U 64054A   16029.96722767 -.00000225  00000-0  00000+0 0  9996
2 00879  88.6803 334.0281 4876382 193.8591 359.0304  0.37769556 15529
0 OGO 1
1   879U 64054A   16029.96902122 -.00000225 +00000-0 +00000-0 0  9992
2   879 088.6803 334.0281 4876351 193.8593 359.2741 00.37769776003020
0 OGO 1
1   879U 64054A   16035.26191143 -.00000279 +00000-0 +00000-0 0  9994
2   879 088.6498 334.0015 4880657 193.9568 359.2068 00.37796434003047
0 OGO 1
1 00879U 64054A   16035.26197260 -.00000279  00000-0  00000+0 0  9999
2 00879  88.6499 334.0016 4880696 193.9572 359.2150  0.37796215 15544
0 OGO 1
1 00879U 64054A   16037.90823599 -.00000324  00000-0  00000+0 0  9994
2 00879  88.6351 333.9851 4887898 193.9539 359.2686  0.37773028 15552
0 OGO 1
1 00879U 64054A   16040.55306029 -.00000297  00000-0  00000+0 0  9992
2 00879  88.6582 333.9687 4902867 194.0151 358.9922  0.37754981 15568
0 OGO 1
1 00879U 64054A   16043.19984457 -.00000277  00000-0  00000+0 0  9990
2 00879  88.6076 333.9475 4910559 194.1533 358.8284  0.37764191 15578
0 OGO 1
1   879U 64054A   16043.20512641 -.00000278 +00000-0 +00000-0 0  9996
2   879 088.6077 333.9480 4910434 194.1539 359.5461 00.37765628003076
0 OGO 1
1   879U 64054A   16045.85006023 -.00000401 +00000-0 +00000-0 0  9999
2   879 088.5845 333.9337 4910278 194.1857 359.3753 00.37796335003079
0 OGO 1
1 00879U 64054A   16045.85097089 -.00000401  00000-0  00000+0 0  9990
2 00879  88.5843 333.9340 4910285 194.1856 359.4991  0.37795892 15589
0 OGO 1
1 00879U 64054A   16048.49709561 -.00000562  00000-0  00000+0 0  9996
2 00879  88.5923 333.9251 4917243 194.2259 359.4345  0.37798524 15597
0 OGO 1
1 00879U 64054A   16051.14290547 -.00000568  00000-0  00000+0 0  9997
2 00879  88.5775 333.9140 4927430 194.2761 359.3001  0.37764332 15606
0 OGO 1
1 00879U 64054A   16053.78949427 -.00000454  00000-0  00000+0 0  9991
2 00879  88.5618 333.9011 4933611 194.3042 359.3278  0.37744737 15614
0 OGO 1
1 00879U 64054A   16056.43649837 -.00000364  00000-0  00000+0 0  9998
2 00879  88.5620 333.8893 4936137 194.3320 359.4168  0.37755558 15622
0 OGO 1
1 00879U 64054A   16059.08495279 -.00000330  00000-0  00000+0 0  9994
2 00879  88.5617 333.8774 4937588 194.3808 359.6583  0.37780339 15637
0 OGO 1
1   879U 64054A   16059.08495279 -.00000330 +00000-0 +00000-0 0  9995
2   879 088.5617 333.8774 4937588 194.3808 359.6583 00.37780339003128
0 OGO 1
1 00879U 64054A   16061.73287806 -.00000340  00000-0  00000+0 0  9995
2 00879  88.5406 333.8629 4939779 194.4306 359.8217  0.37792860 15649
0 OGO 1
1 00879U 64054A   16064.37972343 -.00000367  00000-0  00000+0 0  9994
2 00879  88.5122 333.8460 4944777 194.4360 359.9304  0.37775925 15653
0 OGO 1
1 00879U 64054A   16067.02598878 -.00000337  00000-0  00000+0 0  9993
2 00879  88.5275 333.8305 4956631 194.4412 359.9711  0.37752347 15666
0 OGO 1
1 00879U 64054A   16069.67106128 -.00000268  00000-0  00000+0 0  9992
2 00879  88.5106 333.8103 4969903 194.5775 359.5571  0.37757048 15678
0 OGO 1
1 00879U 64054A   16072.32091992 -.00000313  00000-0  00000+0 0  9991
2 00879  88.4571 333.7908 4970095 194.6359   0.0035  0.37784030 15683
0 OGO 1
1   879U 64054A   16072.32125541 -.00000313 +00000-0 +00000-0 0  9990
2   879 088.4573 333.7908 4970103 194.6366 000.0491 00.37784321003173
0 OGO 1
1   879U 64054A   16072.32355143 -.00000313 +00000-0 +00000-0 0  9993
2   879 088.4572 333.7907 4970151 194.6377 000.3609 00.37784310003189
0 OGO 1
1 00879U 64054A   16074.96952231 -.00000463  00000-0  00000+0 0  9991
2 00879  88.4664 333.7811 4974341 194.6606   0.3255  0.37802825 15693
0 OGO 1
1 00879U 64054A   16077.61533427 -.00000508  00000-0  00000+0 0  9998
2 00879  88.4602 333.7708 4984524 194.7099   0.1870  0.37776954 15707
0 OGO 1
1   879U 64054A   16077.61547905 -.00000508 +00000-0 +00000-0 0  9995
2   879 088.4601 333.7709 4984548 194.7107 000.2064 00.37776939003204
0 OGO 1
1 00879U 64054A   16080.26070541 -.00000393  00000-0  00000+0 0  9998
2 00879  88.4398 333.7582 4992137 194.7410   0.0391  0.37748175 15717
0 OGO 1
1 00879U 64054A   16082.90816232 -.00000263  00000-0  00000+0 0  9992
2 00879  88.4354 333.7459 4995407 194.7584   0.2083  0.37750509 15722
0 OGO 1
1   879U 64054A   16082.90816232 -.00000263 +00000-0 +00000-0 0  9993
2   879 088.4354 333.7459 4995407 194.7584 000.2083 00.37750509015722
0 OGO 1
1 00879U 64054A   16085.55601394 -.00000193  00000-0  00000+0 0  9999
2 00879  88.4388 333.7338 4996783 194.7974   0.3905  0.37775886 15736
0 OGO 1
1 00879U 64054A   16088.20399683 -.00000171  00000-0  00000+0 0  9995
2 00879  88.4257 333.7198 4998528 194.8474   0.5623  0.37795726 15745
0 OGO 1
1   879U 64054A   16088.20464208 -.00000171 +00000-0 +00000-0 0  9992
2   879 088.4257 333.7198 4998530 194.8473 000.6503 00.37795695003231
0 OGO 1
1   879U 64054A   16088.20493890 -.00000171 +00000-0 +00000-0 0  9991
2   879 088.4258 333.7198 4998516 194.8470 000.6907 00.37795839003242
0 OGO 1
1 00879U 64054A   16090.85138391 -.00000177  00000-0  00000+0 0  9992
2 00879  88.3959 333.7026 5002166 194.8646   0.7158  0.37789297 15751
0 OGO 1
1 00879U 64054A   16093.49709948 -.00000152  00000-0  00000+0 0  9990
2 00879  88.3927 333.6864 5010833 194.8474   0.7235  0.37763613 15765
0 OGO 1
1 00879U 64054A   16096.14185808 -.00000064  00000-0  00000+0 0  9990
2 00879  88.4106 333.6708 5025650 194.9242   0.3975  0.37759026 15770
0 OGO 1
1 00879U 64054A   16098.78926407 -.00000042  00000-0  00000+0 0  9996
2 00879  88.3475 333.6474 5030200 195.0338   0.3825  0.37780690 15789
0 OGO 1
1   879U 64054A   16098.79043921 -.00000042 +00000-0 +00000-0 0  9999
2   879 088.3475 333.6474 5030200 195.0338 000.5424 00.37780694003271
0 OGO 1
1 00879U 64054A   16101.43966074 -.00000167  00000-0  00000+0 0  9995
2 00879  88.3403 333.6343 5031388 195.0465   0.9880  0.37809984 15790
0 OGO 1
1 00879U 64054A   16104.08483674 -.00000260  00000-0  00000+0 0  9993
2 00879  88.3478 333.6253 5040798 195.0872   0.7846  0.37797999 15803
0 OGO 1
1   879U 64054A   16105.11626990  .00000000  00000-0  10000-3 0  9994
2   879  88.3422 333.6260 5039079 195.0773 141.1239  0.37785596 15806
0 OGO 1
1 00879U 64054A   16106.72958803 -.00000180  00000-0  00000+0 0  9998
2 00879  88.3297 333.6132 5050183 195.1253   0.5291  0.37763739 15819
0 OGO 1
1   879U 64054A   16106.73085166 -.00000180 +00000-0 +00000-0 0  9993
2   879 088.3297 333.6132 5050221 195.1248 000.7011 00.37763405003310
0 OGO 1
1 00879U 64054A   16109.37604809 -.00000035  00000-0  00000+0 0  9995
2 00879  88.3203 333.6007 5054597 195.1412   0.5649  0.37755910 15827
0 OGO 1
1 00879U 64054A   16112.02355791  .00000054  00000-0  00000+0 0  9994
2 00879  88.3255 333.5888 5056264 195.1672   0.7234  0.37777127 15838
0 OGO 1
1   879U 64054A   16112.02525306 +.00000054 +00000-0 +00000-0 0  9996
2   879 088.3256 333.5895 5056212 195.1674 000.9539 00.37777734003338
0 OGO 1
1 00879U 64054A   16112.02525306  .00000054  00000-0  00000+0 0  9995
2 00879  88.3256 333.5895 5056212 195.1674   0.9539  0.37777734 15836
0 OGO 1
1 00879U 64054A   16114.67162405  .00000088  00000-0  00000+0 0  9992
2 00879  88.3215 333.5762 5057760 195.2130   0.9135  0.37801614 15849
0 OGO 1
1   879U 64054A   16117.31726404 +.00000087 +00000-0 +00000-0 0  9991
2   879 088.2969 333.5594 5060712 195.2417 000.8046 00.37805048003343
0 OGO 1
1 00879U 64054A   16117.31785299  .00000087  00000-0  00000+0 0  9997
2 00879  88.2969 333.5593 5060715 195.2419   0.8847  0.37805031 15857
0 OGO 1
1   879U 64054A   16118.34414889  .00000000  00000-0  10000-3 0  9995
2   879  88.2929 333.5536 5067341 195.2469 140.5242  0.37788483 15859
0 OGO 1
1   879U 64054A   16118.34449109  .00000000  00000-0  10000-3 0  9998
2   879  88.2919 333.5483 5063516 195.2434 140.5620  0.37790157 15852
0 OGO 1
1 00879U 64054A   16119.96343984  .00000092  00000-0  00000+0 0  9997
2 00879  88.2816 333.5423 5067566 195.2288   0.8612  0.37782408 15868
0 OGO 1
1 00879U 64054A   16122.60781470  .00000163  00000-0  00000+0 0  9997
2 00879  88.3047 333.5286 5080812 195.2534   0.5958  0.37766694 15875
0 OGO 1
1   879U 64054A   16122.60919673 +.00000163 +00000-0 +00000-0 0  9996
2   879 088.3049 333.5288 5080742 195.2530 000.7838 00.37767702003379
0 OGO 1
1 00879U 64054A   16125.25385108  .00000220  00000-0  00000+0 0  9993
2 00879  88.2704 333.5087 5090587 195.3745   0.3451  0.37782486 15882
0 OGO 1
1   879U 64054A   16125.25458812 +.00000220 +00000-0 +00000-0 0  9997
2   879 088.2702 333.5094 5090556 195.3744 000.4453 00.37782833003373
0 OGO 1
1   879U 64054A   16126.28023065  .00000000  00000-0  10000-3 0  9999
2   879  88.0056 333.4752 5087558 195.3662 140.0229  0.37785381 15882
0 OGO 1
1 00879U 64054A   16127.90304316  .00000126  00000-0  00000+0 0  9994
2 00879  88.2347 333.4905 5090749 195.4098   0.7474  0.37813954 15890
0 OGO 1
1   879U 64054A   16127.90324630 +.00000126 +00000-0 +00000-0 0  9996
2   879 088.2348 333.4905 5090738 195.4096 000.7753 00.37813991003390
0 OGO 1
1 00879U 64054A   16130.55009403 -.00000019  00000-0  00000+0 0  9990
2 00879  88.2481 333.4815 5098047 195.4332   0.8457  0.37817577 15908
0 OGO 1
1   879U 64054A   16130.55009403 -.00000019 +00000-0 +00000-0 0  9991
2   879 088.2481 333.4815 5098047 195.4332 000.8457 00.37817577003398
0 OGO 1
1   879U 64054A   16133.19382597 -.00000010 +00000-0 +00000-0 0  9993
2   879 088.2396 333.4706 5109114 195.4759 000.4339 00.37783815003418
0 OGO 1
1 00879U 64054A   16133.19396908 -.00000010  00000-0  00000+0 0  9993
2 00879  88.2396 333.4706 5109103 195.4760   0.4533  0.37783915 15913
0 OGO 1
1 00879U 64054A   16135.83912816  .00000117  00000-0  00000+0 0  9995
2 00879  88.2254 333.4584 5115582 195.4979   0.2940  0.37763558 15922
0 OGO 1
1   879U 64054A   16135.83962361 +.00000117 +00000-0 +00000-0 0  9996
2   879 088.2254 333.4585 5115556 195.4982 000.3613 00.37763783003417
0 OGO 1
1   879U 64054A   16135.84036602 +.00000117 +00000-0 +00000-0 0  9997
2   879 088.2253 333.4586 5115528 195.4977 000.4623 00.37764304003423
0 OGO 1
1 00879U 64054A   16138.48558135  .00000209  00000-0  00000+0 0  9991
2 00879  88.2288 333.4476 5117858 195.5191   0.3206  0.37778261 15938
0 OGO 1
1   879U 64054A   16138.48680379 +.00000209 +00000-0 +00000-0 0  9998
2   879 088.2287 333.4470 5117927 195.5189 000.4870 00.37777563003428
0 OGO 1
1   879U 64054A   16138.48714590 +.00000209 +00000-0 +00000-0 0  9991
2   879 088.2287 333.4470 5117922 195.5190 000.5335 00.37777610003436
0 OGO 1
1 00879U 64054A   16141.13287942  .00000236  00000-0  00000+0 0  9992
2 00879  88.2312 333.4356 5119498 195.5597   0.4165  0.37803632 15942
0 OGO 1
1   879U 64054A   16141.13330935 +.00000236 +00000-0 +00000-0 0  9994
2   879 088.2312 333.4355 5119494 195.5597 000.4750 00.37803641003449
0 OGO 1
1   879U 64054A   16143.77867919 +.00000225 +00000-0 +00000-0 0  9991
2   879 088.2132 333.4201 5122114 195.5963 000.3115 00.37815029003457
0 OGO 1
1 00879U 64054A   16143.77965014  .00000225  00000-0  00000+0 0  9995
2 00879  88.2132 333.4201 5122185 195.5956   0.4439  0.37814087 15958
0 OGO 1
1 00879U 64054A   16146.42511514  .00000203  00000-0  00000+0 0  9998
2 00879  88.1922 333.4028 5127951 195.5939   0.3767  0.37797964 15966
0 OGO 1
1   879U 64054A   16146.42514581 +.00000203 +00000-0 +00000-0 0  9996
2   879 088.1919 333.4027 5127928 195.5939 000.3806 00.37798052003459
0 OGO 1
1   879U 64054A   16146.42520215 +.00000203 +00000-0 +00000-0 0  9997
2   879 088.1920 333.4027 5127928 195.5939 000.3883 00.37798073003459
0 OGO 1
1 00879U 64054A   16149.06965561  .00000233  00000-0  00000+0 0  9999
2 00879  88.2065 333.3886 5139748 195.5949   0.1799  0.37775288 15973
0 OGO 1
1 00879U 64054A   16151.71417391  .00000295  00000-0  00000+0 0  9995
2 00879  88.1989 333.3737 5152445 195.6935 359.7641  0.37780182 15986
0 OGO 1
1   879U 64054A   16151.71510826 +.00000295 +00000-0 +00000-0 0  9993
2   879 088.1988 333.3736 5152456 195.6935 359.8912 00.37780081003477
0 OGO 1
1   879U 64054A   16151.71764365 +.00000295 +00000-0 +00000-0 0  9992
2   879 088.1988 333.3736 5152488 195.6933 000.2360 00.37779855003482
0 OGO 1
1 00879U 64054A   16154.36217337  .00000234  00000-0  00000+0 0  9990
2 00879  88.1489 333.3540 5154444 195.7613 359.9237  0.37808556 15998
0 OGO 1
1   879U 64054A   16154.36369084 +.00000234 +00000-0 +00000-0 0  9998
2   879 088.1491 333.3540 5154441 195.7606 000.1304 00.37808620003494
0 OGO 1
1 00879U 64054A   16157.01051176  .00000055  00000-0  00000+0 0  9993
2 00879  88.1527 333.3426 5158939 195.7783   0.2236  0.37825243 16005
0 OGO 1
1   879U 64054A   16158.02958094  .00000000  00000-0  10000-3 0  9995
2   879  88.1620 333.3431 5162857 195.7759 138.8545  0.37785198 16018
0 OGO 1
1 00879U 64054A   16159.65420859 -.00000024  00000-0  00000+0 0  9990
2 00879  88.1533 333.3333 5170393 195.8177 359.8121  0.37799419 16017
0 OGO 1
1   879U 64054A   16159.65443287 -.00000024 +00000-0 +00000-0 0  9991
2   879 088.1532 333.3333 5170379 195.8176 359.8427 00.37799509003508
0 OGO 1
1 00879U 64054A   16162.29883978  .00000058  00000-0  00000+0 0  9995
2 00879  88.1370 333.3209 5179236 195.8496 359.5531  0.37769353 16024
0 OGO 1
1   879U 64054A   16162.29963564 +.00000058 +00000-0 +00000-0 0  9996
2   879 088.1370 333.3210 5179226 195.8497 359.6613 00.37769445003521
0 OGO 1
1   879U 64054A   16162.30000676 +.00000058 +00000-0 +00000-0 0  9994
2   879 088.1371 333.3209 5179289 195.8492 359.7119 00.37768879003515
0 OGO 1
1 00879U 64054A   16164.94492907  .00000148  00000-0  00000+0 0  9997
2 00879  88.1344 333.3096 5182976 195.8705 359.5290  0.37771635 16036
0 OGO 1
1   879U 64054A   16164.94671319 +.00000148 +00000-0 +00000-0 0  9994
2   879 088.1345 333.3095 5182981 195.8706 359.7715 00.37771702003533
0 OGO 1
1 00879U 64054A   16167.59209344  .00000168  00000-0  00000+0 0  9994
2 00879  88.1394 333.2989 5184809 195.9064 359.6176  0.37796842 16049
0 OGO 1
1   879U 64054A   16167.59290632 +.00000168 +00000-0 +00000-0 0  9995
2   879 088.1394 333.2989 5184816 195.9064 359.7282 00.37796802003532
0 OGO 1
1 00879U 64054A   16170.23905995  .00000143  00000-0  00000+0 0  9997
2 00879  88.1268 333.2848 5187349 195.9486 359.6602  0.37814153 16054
0 OGO 1
1   879U 64054A   16172.88381745 +.00000100 +00000-0 +00000-0 0  9995
2   879 088.1012 333.2675 5192256 195.9584 359.4684 00.37804436003564
0 OGO 1
1 00879U 64054A   16172.88539663  .00000100  00000-0  00000+0 0  9998
2 00879  88.1013 333.2675 5192275 195.9588 359.6832  0.37804269 16060
0 OGO 1
1   879U 64054A   16175.52882852 +.00000089 +00000-0 +00000-0 0  9990
2   879 088.1038 333.2518 5202658 195.9507 359.3563 00.37779061003572
0 OGO 1
1 00879U 64054A   16175.52979325  .00000089  00000-0  00000+0 0  9991
2 00879  88.1037 333.2518 5202631 195.9509 359.4874  0.37779378 16070
0 OGO 1
1 00879U 64054A   16178.17419828  .00000136  00000-0  00000+0 0  9995
2 00879  88.1101 333.2378 5217130 196.0235 359.1082  0.37772266 16082
0 OGO 1
1   879U 64054A   16178.17419828 +.00000136 +00000-0 +00000-0 0  9996
2   879 088.1101 333.2378 5217130 196.0235 359.1082 00.37772266003572
0 OGO 1
1 00879U 64054A   16180.82135989  .00000115  00000-0  00000+0 0  9990
2 00879  88.0582 333.2189 5222059 196.1101 359.0994  0.37793605 16095
0 OGO 1
1   879U 64054A   16180.82454536 +.00000115 +00000-0 +00000-0 0  9993
2   879 088.0582 333.2189 5222076 196.1103 359.5328 00.37793534003594
0 OGO 1
1   879U 64054A   16183.46916355 -.00000061 +00000-0 +00000-0 0  9999
2   879 088.0473 333.2056 5224383 196.1328 359.3229 00.37819692003602
0 OGO 1
1 00879U 64054A   16183.46976937 -.00000061  00000-0  00000+0 0  9990
2 00879  88.0473 333.2056 5224298 196.1319 359.4056  0.37820892 16109
0 OGO 1
1   879U 64054A   16186.11535001 -.00000215 +00000-0 +00000-0 0  9990
2   879 088.0516 333.1953 5234537 196.1680 359.2653 00.37805698003609
0 OGO 1
1 00879U 64054A   16186.11560718 -.00000215  00000-0  00000+0 0  9992
2 00879  88.0516 333.1959 5234529 196.1684 359.3003  0.37805944 16114
0 OGO 1
1 00879U 64054A   16188.75985665 -.00000192  00000-0  00000+0 0  9990
2 00879  88.0355 333.1835 5245192 196.2065 358.9708  0.37770492 16127
0 OGO 1
1   879U 64054A   16188.76090129 -.00000192 +00000-0 +00000-0 0  9994
2   879 088.0353 333.1839 5245268 196.2064 359.1130 00.37769583003624
0 OGO 1
1 00879U 64054A   16191.40589681 -.00000102  00000-0  00000+0 0  9995
2 00879  88.0256 333.1721 5250514 196.2313 358.9295  0.37761665 16135
0 OGO 1
1   879U 64054A   16191.40791395 -.00000102 +00000-0 +00000-0 0  9993
2   879 088.0256 333.1721 5250584 196.2315 359.2037 00.37760750003637
0 OGO 1
1 00879U 64054A   16194.05326694 -.00000074  00000-0  00000+0 0  9990
2 00879  88.0290 333.1616 5252916 196.2638 359.0552  0.37781211 16142
0 OGO 1
1   879U 64054A   16194.05477773 -.00000074 +00000-0 +00000-0 0  9996
2   879 088.0291 333.1616 5252919 196.2640 359.2605 00.37781283003639
0 OGO 1
1   879U 64054A   16194.05490264 -.00000074 +00000-0 +00000-0 0  9996
2   879 088.0293 333.1614 5252908 196.2642 359.2775 00.37781321003641
0 OGO 1
1 00879U 64054A   16196.70064654 -.00000100  00000-0  00000+0 0  9999
2 00879  88.0216 333.1485 5255404 196.3092 359.1498  0.37802511 16152
0 OGO 1
1   879U 64054A   16196.70137887 -.00000100 +00000-0 +00000-0 0  9999
2   879 088.0215 333.1486 5255420 196.3090 359.2494 00.37802206003657
0 OGO 1
1   879U 64054A   16199.34671685 -.00000147 +00000-0 +00000-0 0  9992
2   879 087.9937 333.1313 5259430 196.3336 359.1067 00.37801381003662
0 OGO 1
1   879U 64054A   16199.34716193 -.00000147 +00000-0 +00000-0 0  9996
2   879 087.9938 333.1309 5259456 196.3335 359.1672 00.37800973003663
0 OGO 1
1 00879U 64054A   16199.34741018 -.00000147  00000-0  00000+0 0  9999
2 00879  87.9938 333.1310 5259460 196.3336 359.2010  0.37800930 16160
0 OGO 1
1   879U 64054A   16201.99290872 -.00000180 +00000-0 +00000-0 0  9999
2   879 087.9813 333.1140 5267667 196.3232 359.1618 00.37778191003674
0 OGO 1
1 00879U 64054A   16201.99332676 -.00000180  00000-0  00000+0 0  9997
2 00879  87.9816 333.1135 5267659 196.3232 359.2186  0.37778348 16176
0 OGO 1
1   879U 64054A   16201.99336352 -.00000180 +00000-0 +00000-0 0  9993
2   879 087.9816 333.1134 5267687 196.3232 359.2236 00.37778085003660
0 OGO 1
1 00879U 64054A   16204.63762130 -.00000148  00000-0  00000+0 0  9997
2 00879  87.9965 333.0994 5282722 196.3669 358.8919  0.37761103 16186
0 OGO 1
1 00879U 64054A   16207.28410912 -.00000126  00000-0  00000+0 0  9995
2 00879  87.9464 333.0801 5291426 196.4678 358.7439  0.37772779 16197
0 OGO 1
1 00879U 64054A   16207.28432509 -.00000126  00000-0  00000+0 0  9991
2 00879  87.9464 333.0800 5291512 196.4678 358.7726  0.37772191 16199
0 OGO 1
1   879U 64054A   16207.28835404 -.00000126 +00000-0 +00000-0 0  9993
2   879 087.9464 333.0801 5291475 196.4681 359.3203 00.37772592003695
0 OGO 1
1   879U 64054A   16208.29526707  .00000000  00000-0  10000-3 0  9992
2   879  87.9518 333.0812 5288343 196.4651 136.3369  0.37785248 16203
0 OGO 1
1 00879U 64054A   16209.93382240 -.00000257  00000-0  00000+0 0  9996
2 00879  87.9197 333.0648 5292361 196.4971 359.2191  0.37805048 16203
0 OGO 1
1   879U 64054A   16209.93429676 -.00000257 +00000-0 +00000-0 0  9992
2   879 087.9197 333.0648 5292363 196.4973 359.2835 00.37805043003708
0 OGO 1
1   879U 64054A   16209.93440534 -.00000257 +00000-0 +00000-0 0  9998
2   879 087.9198 333.0646 5292326 196.4975 359.2983 00.37805580003696
0 OGO 1
1   879U 64054A   16212.57934947 -.00000446 +00000-0 +00000-0 0  9998
2   879 087.9261 333.0545 5300234 196.5291 359.0863 00.37806242003719
0 OGO 1
1 00879U 64054A   16212.58004447 -.00000446  00000-0  00000+0 0  9991
2 00879  87.9260 333.0544 5300195 196.5283 359.1810  0.37806664 16214
0 OGO 1
1 00879U 64054A   16215.22530906 -.00000482  00000-0  00000+0 0  9999
2 00879  87.9107 333.0425 5311541 196.5705 358.9785  0.37770327 16223
0 OGO 1
1   879U 64054A   16215.22642899 -.00000482 +00000-0 +00000-0 0  9995
2   879 087.9106 333.0429 5311611 196.5706 359.1308 00.37769535003729
0 OGO 1
1 00879U 64054A   16217.87103800 -.00000389  00000-0  00000+0 0  9997
2 00879  87.8942 333.0301 5318596 196.5961 358.8856  0.37748232 16232
0 OGO 1
1 00879U 64054A   16220.51846613 -.00000330  00000-0  00000+0 0  9994
2 00879  87.8942 333.0191 5321415 196.6253 359.0274  0.37762610 16242
0 OGO 1
1   879U 64054A   16220.51846616 -.00000330 +00000-0 +00000-0 0  9998
2   879 087.8942 333.0191 5321410 196.6252 359.0274 00.37762609003734
0 OGO 1
1 00879U 64054A   16223.16677945 -.00000337  00000-0  00000+0 0  9995
2 00879  87.8908 333.0066 5323676 196.6693 359.2528  0.37787487 16258
0 OGO 1
1   879U 64054A   16223.16726607 -.00000337 +00000-0 +00000-0 0  9996
2   879 087.8909 333.0066 5323644 196.6692 359.3191 00.37787697003743
0 OGO 1
1   879U 64054A   16223.16815179 -.00000337 +00000-0 +00000-0 0  9999
2   879 087.8908 333.0066 5323659 196.6692 359.4396 00.37787572003748
0 OGO 1
1   879U 64054A   16223.16847716 -.00000337 +00000-0 +00000-0 0  9991
2   879 087.8908 333.0066 5323652 196.6692 359.4840 00.37787600003758
0 OGO 1
1 00879U 64054A   16225.81421568 -.00000368  00000-0  00000+0 0  9991
2 00879  87.8649 332.9895 5327055 196.7048 359.3716  0.37794606 16260
0 OGO 1
1 00879U 64054A   16225.81479008 -.00000368  00000-0  00000+0 0  9993
2 00879  87.8648 332.9895 5326974 196.7042 359.4499  0.37795385 16266
0 OGO 1
1   879U 64054A   16225.81486232 -.00000368 +00000-0 +00000-0 0  9991
2   879 087.8649 332.9895 5327058 196.7049 359.4596 00.37794572003764
0 OGO 1
1   879U 64054A   16228.46046782 -.00000396 +00000-0 +00000-0 0  9998
2   879 087.8386 332.9705 5333097 196.6999 359.4206 00.37776327003772
0 OGO 1
1   879U 64054A   16228.46046894 -.00000396 +00000-0 +00000-0 0  9992
2   879 087.8386 332.9705 5333122 196.7002 359.4206 00.37776354003777
0 OGO 1
1   879U 64054A   16228.46052474 -.00000396 +00000-0 +00000-0 0  9993
2   879 087.8386 332.9705 5333135 196.7001 359.4282 00.37776244016271
0 OGO 1
1   879U 64054A   16229.45868178  .00000000  00000-0  10000-3 0  9994
2   879  87.8375 332.9660 5341783 196.7474 135.1328  0.37785522 16281
0 OGO 1
1 00879U 64054A   16231.10731282 -.00000369  00000-0  00000+0 0  9998
2 00879  87.8523 332.9555 5346043 196.7070 359.5282  0.37756127 16285
0 OGO 1
1 00879U 64054A   16233.75182542 -.00000307  00000-0  00000+0 0  9992
2 00879  87.8211 332.9362 5359742 196.8102 359.0884  0.37756015 16292
0 OGO 1
1 00879U 64054A   16236.40106180 -.00000360  00000-0  00000+0 0  9990
2 00879  87.7697 332.9172 5360855 196.8536 359.4730  0.37786514 16309
0 OGO 1
1   879U 64054A   16236.40398596 -.00000360 +00000-0 +00000-0 0  9995
2   879 087.7697 332.9174 5360819 196.8534 359.8695 00.37786709003800
0 OGO 1
1   879U 64054A   16236.40399870 -.00000360 +00000-0 +00000-0 0  9991
2   879 087.7696 332.9174 5360834 196.8535 359.8713 00.37786575003809
0 OGO 1
1   879U 64054A   16237.39369383  .00000000  00000-0  10000-3 0  9990
2   879  88.0583 332.8954 5361544 196.8488 134.5148  0.37785651 16313
0 OGO 1
1 00879U 64054A   16239.04965236 -.00000538  00000-0  00000+0 0  9995
2 00879  87.7776 332.9064 5365922 196.8747 359.7886  0.37805435 16311
0 OGO 1
1   879U 64054A   16239.04984119 -.00000538 +00000-0 +00000-0 0  9997
2   879 087.7776 332.9065 5365902 196.8747 359.8146 00.37805772003815
0 OGO 1
1 00879U 64054A   16241.69503186 -.00000619  00000-0  00000+0 0  9991
2 00879  87.7680 332.8946 5377112 196.9185 359.5950  0.37776261 16329
0 OGO 1
1   879U 64054A   16241.69600469 -.00000619 +00000-0 +00000-0 0  9994
2   879 087.7680 332.8944 5377052 196.9187 359.7271 00.37776905003826
0 OGO 1
1 00879U 64054A   16244.34061360 -.00000530  00000-0  00000+0 0  9991
2 00879  87.7454 332.8817 5385400 196.9465 359.4735  0.37745917 16330
0 OGO 1
1   879U 64054A   16244.34340172 -.00000530 +00000-0 +00000-0 0  9993
2   879 087.7453 332.8817 5385507 196.9468 359.8525 00.37744411003830
0 OGO 1
1 00879U 64054A   16246.98804683 -.00000425  00000-0  00000+0 0  9999
2 00879  87.7407 332.8705 5388991 196.9687 359.6289  0.37751532 16345
0 OGO 1
1   879U 64054A   16246.99138283 -.00000425 +00000-0 +00000-0 0  9997
2   879 087.7408 332.8701 5389113 196.9687 000.0822 00.37749973003846
0 OGO 1
1 00879U 64054A   16249.63733735 -.00000395  00000-0  00000+0 0  9999
2 00879  87.7410 332.8577 5391334 197.0055 359.9988  0.37775705 16350
0 OGO 1
1   879U 64054A   16249.63900586 -.00000395 +00000-0 +00000-0 0  9990
2   879 087.7411 332.8577 5391310 197.0058 000.2256 00.37775985003853
0 OGO 1
1 00879U 64054A   16252.28443678 -.00000398  00000-0  00000+0 0  9991
2 00879  87.7209 332.8412 5394207 197.0464   0.0612  0.37791995 16368
0 OGO 1
1   879U 64054A   16252.28448403 -.00000398 +00000-0 +00000-0 0  9993
2   879 087.7208 332.8414 5394199 197.0463 000.0665 00.37791809003850
0 OGO 1
1   879U 64054A   16252.28520078 -.00000398 +00000-0 +00000-0 0  9992
2   879 087.7209 332.8412 5394188 197.0462 000.1640 00.37791920003854
0 OGO 1
1   879U 64054A   16252.28563964 -.00000398 +00000-0 +00000-0 0  9993
2   879 087.7209 332.8414 5394171 197.0462 000.2237 00.37792046003862
0 OGO 1
1 00879U 64054A   16254.93155509 -.00000404  00000-0  00000+0 0  9996
2 00879  87.6872 332.8211 5398870 197.0534   0.1986  0.37781204 16376
0 OGO 1
1   879U 64054A   16254.93160532 -.00000404 +00000-0 +00000-0 0  9999
2   879 087.6871 332.8212 5398855 197.0533 000.2055 00.37781285003876
0 OGO 1
1 00879U 64054A   16257.57747745 -.00000372  00000-0  00000+0 0  9992
2 00879  87.6857 332.8046 5408736 197.0355   0.2377  0.37755960 16385
0 OGO 1
1 00879U 64054A   16260.22274579 -.00000280  00000-0  00000+0 0  9996
2 00879  87.6887 332.7887 5424575 197.1052 359.9761  0.37753535 16392
0 OGO 1
1 00879U 64054A   16262.87074274 -.00000252  00000-0  00000+0 0  9998
2 00879  87.6165 332.7640 5429463 197.1812   0.0997  0.37774611 16408
0 OGO 1
1   879U 64054A   16262.87074274 -.00000252 +00000-0 +00000-0 0  9999
2   879 087.6165 332.7640 5429463 197.1812 000.0997 00.37774611003897
0 OGO 1
1   879U 64054A   16262.87478094 -.00000252 +00000-0 +00000-0 0  9997
2   879 087.6166 332.7641 5429439 197.1813 000.6487 00.37774902003908
0 OGO 1
1 00879U 64054A   16265.52045486 -.00000381  00000-0  00000+0 0  9999
2 00879  87.6128 332.7505 5431716 197.1903   0.6132  0.37805916 16413
0 OGO 1
1   879U 64054A   16265.52058473 -.00000381 +00000-0 +00000-0 0  9990
2   879 087.6127 332.7506 5431709 197.1907 000.6304 00.37805802003915
0 OGO 1
1   879U 64054A   16265.52066434 -.00000381 +00000-0 +00000-0 0  9996
2   879 087.6127 332.7506 5431704 197.1903 000.6413 00.37805837003904
0 OGO 1
1   879U 64054A   16266.49136459  .00000000  00000-0  10000-3 0  9999
2   879  87.8211 332.7475 5433469 197.2018 132.6566  0.37785891 16415
0 OGO 1
1   879U 64054A   16266.49137166  .00000000  00000-0  10000-3 0  9995
2   879  87.8183 332.7778 5433403 197.2036 132.6525  0.37786057 16417
0 OGO 1
1 00879U 64054A   16268.16640683 -.00000495  00000-0  00000+0 0  9998
2 00879  87.6161 332.7395 5442035 197.2302   0.5060  0.37792171 16425
0 OGO 1
1   879U 64054A   16268.16646485 -.00000495 +00000-0 +00000-0 0  9995
2   879 087.6161 332.7395 5442018 197.2303 000.5126 00.37792218003923
0 OGO 1
1   879U 64054A   16268.16647894 -.00000495 +00000-0 +00000-0 0  9990
2   879 087.6162 332.7395 5442065 197.2304 000.5144 00.37791742003917
0 OGO 1
1   879U 64054A   16269.13690444  .00000000  00000-0  10000-3 0  9992
2   879  87.6073 332.7382 5440416 197.2273 132.5392  0.37785889 16423
0 OGO 1
1   879U 64054A   16269.13693543  .00000000  00000-0  10000-3 0  9995
2   879  87.8408 332.8035 5440180 197.2304 132.5344  0.37785947 16428
0 OGO 1
1 00879U 64054A   16270.81160865 -.00000429  00000-0  00000+0 0  9999
2 00879  87.5915 332.7260 5451837 197.2642   0.3099  0.37756026 16439
0 OGO 1
1   879U 64054A   16270.81160865 -.00000429 +00000-0 +00000-0 0  9990
2   879 087.5915 332.7260 5451837 197.2642 000.3099 00.37756026003929
0 OGO 1
1   879U 64054A   16271.78190009  .00000000  00000-0  10000-3 0  9998
2   879  87.8173 332.7551 5446954 197.2576 132.3362  0.37786176 16439
0 OGO 1
1 00879U 64054A   16273.45837693 -.00000288  00000-0  00000+0 0  9995
2 00879  87.5797 332.7139 5456596 197.2808   0.3827  0.37748777 16447
0 OGO 1
1 00879U 64054A   16276.10625487 -.00000215  00000-0  00000+0 0  9996
2 00879  87.5822 332.7022 5458841 197.3097   0.5771  0.37773415 16451
0 OGO 1
1   879U 64054A   16276.10878516 -.00000215 +00000-0 +00000-0 0  9990
2   879 087.5824 332.7016 5458892 197.3099 000.9212 00.37772825003953
0 OGO 1
1 00879U 64054A   16278.75426142 -.00000195  00000-0  00000+0 0  9993
2 00879  87.5704 332.6860 5461480 197.3516   0.7583  0.37795313 16463
0 OGO 1
1   879U 64054A   16278.75531408 -.00000195 +00000-0 +00000-0 0  9996
2   879 087.5704 332.6859 5461479 197.3516 000.9015 00.37795338003969
0 OGO 1
1   879U 64054A   16279.71767234  .00000000  00000-0  10000-3 0  9999
2   879  87.5892 332.6841 5467013 197.3494 131.8435  0.37786564 16463
0 OGO 1
1   879U 64054A   16281.40113386 -.00000182 +00000-0 +00000-0 0  9999
2   879 087.5379 332.6649 5465382 197.3715 000.8314 00.37794014003974
0 OGO 1
1   879U 64054A   16281.40137478 -.00000182 +00000-0 +00000-0 0  9997
2   879 087.5379 332.6648 5465385 197.3715 000.8641 00.37794097003970
0 OGO 1
1 00879U 64054A   16281.40145620 -.00000182  00000-0  00000+0 0  9994
2 00879  87.5379 332.6648 5465375 197.3713   0.8751  0.37794244 16472
0 OGO 1
1   879U 64054A   16281.40148033 -.00000182 +00000-0 +00000-0 0  9996
2   879 087.5378 332.6648 5465394 197.3716 000.8783 00.37794090003969
0 OGO 1
1   879U 64054A   16284.04701622 -.00000147 +00000-0 +00000-0 0  9999
2   879 087.5203 332.6455 5472710 197.3521 000.8632 00.37771642003989
0 OGO 1
1 00879U 64054A   16284.04743677 -.00000147  00000-0  00000+0 0  9994
2 00879  87.5203 332.6456 5472760 197.3520   0.9203  0.37770987 16489
0 OGO 1
1 00879U 64054A   16286.69245436 -.00000049  00000-0  00000+0 0  9998
2 00879  87.5383 332.6325 5487150 197.3704   0.7455  0.37757781 16491
0 OGO 1
1 00879U 64054A   16289.33858509  .00000037  00000-0  00000+0 0  9999
2 00879  87.4833 332.6094 5497869 197.4691   0.5351  0.37774180 16504
0 OGO 1
1   879U 64054A   16289.33901803 +.00000037 +00000-0 +00000-0 0  9996
2   879 087.4838 332.6088 5497883 197.4695 000.5931 00.37773863003992
0 OGO 1
1   879U 64054A   16289.34320231 +.00000037 +00000-0 +00000-0 0  9997
2   879 087.4836 332.6095 5497825 197.4697 001.1620 00.37774716004009
0 OGO 1
1 00879U 64054A   16291.98828258 -.00000032  00000-0  00000+0 0  9997
2 00879  87.4474 332.5885 5498641 197.4897   1.0345  0.37808179 16515
0 OGO 1
1   879U 64054A   16291.98891797 -.00000032 +00000-0 +00000-0 0  9996
2   879 087.4474 332.5885 5498646 197.4898 001.1209 00.37808189004014
0 OGO 1
1   879U 64054A   16294.63391423 -.00000171 +00000-0 +00000-0 0  9996
2   879 087.4622 332.5779 5506953 197.5144 000.9271 00.37813213004028
0 OGO 1
1 00879U 64054A   16294.63437455 -.00000172  00000-0  00000+0 0  9992
2 00879  87.4622 332.5779 5507003 197.5150   0.9896  0.37812397 16525
0 OGO 1
1 00879U 64054A   16294.63491502 -.00000172  00000-0  00000+0 0  9995
2 00879  87.4622 332.5779 5506955 197.5143   1.0633  0.37813208 16525
0 OGO 1
1 00879U 64054A   16297.27947091 -.00000160  00000-0  00000+0 0  9994
2 00879  87.4453 332.5647 5518429 197.5563   0.7543  0.37777170 16530
0 OGO 1
1 00879U 64054A   16297.27995700 -.00000160  00000-0  00000+0 0  9994
2 00879  87.4452 332.5648 5518481 197.5565   0.8194  0.37776463 16537
0 OGO 1
1 00879U 64054A   16299.92521140 -.00000018  00000-0  00000+0 0  9993
2 00879  87.4255 332.5516 5524815 197.5762   0.6727  0.37757062 16544
0 OGO 1
1 00879U 64054A   16302.57265899  .00000082  00000-0  00000+0 0  9995
2 00879  87.4273 332.5396 5527346 197.5977   0.8271  0.37775483 16554
0 OGO 1
1   879U 64054A   16302.57433912 +.00000082 +00000-0 +00000-0 0  9999
2   879 087.4269 332.5402 5527320 197.5975 001.0554 00.37775907004057
0 OGO 1
1 00879U 64054A   16305.22002443  .00000108  00000-0  00000+0 0  9993
2 00879  87.4239 332.5248 5529696 197.6365   0.9249  0.37802428 16561
0 OGO 1
1   879U 64054A   16307.86704232 +.00000117 +00000-0 +00000-0 0  9991
2   879 087.3974 332.5050 5533229 197.6649 000.9955 00.37809127016577
0 OGO 1
1   879U 64054A   16310.51133502 +.00000138 +00000-0 +00000-0 0  9996
2   879 087.3714 332.4840 5539294 197.6555 000.7831 00.37791344004084
0 OGO 1
1   879U 64054A   16310.51249775 +.00000138 +00000-0 +00000-0 0  9996
2   879 087.3713 332.4838 5539279 197.6553 000.9413 00.37791433004077
0 OGO 1
1 00879U 64054A   16310.51255701  .00000138  00000-0  00000+0 0  9991
2 00879  87.3712 332.4839 5539275 197.6553   0.9503  0.37791600 16588
0 OGO 1
1   879U 64054A   16310.51288337 +.00000138 +00000-0 +00000-0 0  9993
2   879 087.3712 332.4838 5539284 197.6554 000.9936 00.37791342004072
0 OGO 1
1   879U 64054A   16313.15716332 +.00000211 +00000-0 +00000-0 0  9999
2   879 087.3825 332.4696 5551171 197.6457 000.7816 00.37770443004096
0 OGO 1
1 00879U 64054A   16313.15737216  .00000211  00000-0  00000+0 0  9992
2 00879  87.3825 332.4697 5551146 197.6459   0.8097  0.37770704 16591
0 OGO 1
1   879U 64054A   16314.10917194  .00000000  00000-0  10000-3 0  9994
2   879  87.1377 332.4423 5555786 197.7150 130.1549  0.37786146 16597
0 OGO 1
1 00879U 64054A   16315.80303216  .00000312  00000-0  00000+0 0  9997
2 00879  87.3665 332.4535 5565207 197.7225   0.5746  0.37777933 16600
0 OGO 1
1   879U 64054A   16315.80577134 +.00000312 +00000-0 +00000-0 0  9990
2   879 087.3666 332.4535 5565192 197.7230 000.9470 00.37778250004103
0 OGO 1
1 00879U 64054A   16318.45019249  .00000290  00000-0  00000+0 0  9996
2 00879  87.3049 332.4285 5567975 197.7755   0.6428  0.37808480 16611
0 OGO 1
1   879U 64054A   16318.45184009 +.00000290 +00000-0 +00000-0 0  9994
2   879 087.3051 332.4279 5567940 197.7756 000.8672 00.37809273004116
0 OGO 1
1   879U 64054A   16321.09570631 +.00000132 +00000-0 +00000-0 0  9993
2   879 087.3120 332.4150 5573212 197.7860 000.5686 00.37827775004126
0 OGO 1
1 00879U 64054A   16321.09872057  .00000132  00000-0  00000+0 0  9999
2 00879  87.3119 332.4150 5573211 197.7865   0.9789  0.37827860 16629
0 OGO 1
1   879U 64054A   16323.74162257 +.00000059 +00000-0 +00000-0 0  9996
2   879 087.3105 332.4029 5585505 197.8256 000.4473 00.37800961004134
0 OGO 1
1 00879U 64054A   16323.74267970  .00000059  00000-0  00000+0 0  9993
2 00879  87.3105 332.4029 5585513 197.8256   0.5911  0.37800928 16632
0 OGO 1
1 00879U 64054A   16326.38747371  .00000156  00000-0  00000+0 0  9992
2 00879  87.2873 332.3894 5594428 197.8545   0.3505  0.37769642 16643
0 OGO 1
1 00879U 64054A   16329.03301578  .00000259  00000-0  00000+0 0  9996
2 00879  87.2832 332.3780 5597887 197.8729   0.2503  0.37777261 16652
0 OGO 1
1 00879U 64054A   16331.68048330  .00000275  00000-0  00000+0 0  9992
2 00879  87.2860 332.3650 5600326 197.9051   0.3754  0.37803740 16663
0 OGO 1
1 00879U 64054A   16334.32706800  .00000257  00000-0  00000+0 0  9999
2 00879  87.2674 332.3466 5603766 197.9393   0.3726  0.37817679 16677
0 OGO 1
1 00879U 64054A   16336.97281414  .00000246  00000-0  00000+0 0  9999
2 00879  87.2382 332.3249 5609267 197.9408   0.3294  0.37805775 16686
0 OGO 1
1   879U 64054A   16337.92104622  .00000274  00000-0  10000-3 0  9996
2   879  87.2470 332.3182 5615333 197.9059 129.4464  0.37780761 16693
0 OGO 1
1 00879U 64054A   16339.61769133  .00000274  00000-0  00000+0 0  9993
2 00879  87.2376 332.3080 5619591 197.9238   0.2112  0.37781691 16693
0 OGO 1
1 00879U 64054A   16342.26244469  .00000352  00000-0  00000+0 0  9995
2 00879  87.2415 332.2954 5634296 197.9699 359.9220  0.37777243 16700
0 OGO 1
1   879U 64054A   16342.26383080 +.00000352 +00000-0 +00000-0 0  9999
2   879 087.2415 332.2953 5634325 197.9698 000.1106 00.37776981004209
0 OGO 1
1 00879U 64054A   16344.90889274  .00000360  00000-0  00000+0 0  9996
2 00879  87.1831 332.2731 5640942 198.0416 359.8256  0.37801167 16710
0 OGO 1
1   879U 64054A   16344.91091250 +.00000360 +00000-0 +00000-0 0  9997
2   879 087.1834 332.2732 5640896 198.0409 000.1005 00.37801713004211
0 OGO 1
1 00879U 64054A   16347.55719298  .00000200  00000-0  00000+0 0  9991
2 00879  87.1676 332.2557 5643904 198.0556   0.1296  0.37829773 16723
0 OGO 1
1   879U 64054A   16350.19971124 +.00000041 +00000-0 +00000-0 0  9997
2   879 087.1749 332.2439 5655157 198.0846 359.5752 00.37815769004239
0 OGO 1
1   879U 64054A   16350.20187661 +.00000041 +00000-0 +00000-0 0  9994
2   879 087.1750 332.2440 5655178 198.0852 359.8698 00.37815625004225
0 OGO 1
1 00879U 64054A   16350.20192215  .00000041  00000-0  00000+0 0  9994
2 00879  87.1749 332.2439 5655162 198.0846 359.8764  0.37815782 16734
0 OGO 1
1 00879U 64054A   16352.84590538  .00000060  00000-0  00000+0 0  9997
2 00879  87.1555 332.2304 5666775 198.1215 359.4977  0.37777681 16741
0 OGO 1
1   879U 64054A   16352.84660434 +.00000060 +00000-0 +00000-0 0  9991
2   879 087.1556 332.2304 5666830 198.1215 359.5930 00.37777281004231
0 OGO 1
1 00879U 64054A   16355.49107279  .00000150  00000-0  00000+0 0  9997
2 00879  87.1431 332.2184 5672255 198.1441 359.3314  0.37770587 16754
0 OGO 1
1 00879U 64054A   16355.49216134  .00000150  00000-0  00000+0 0  9998
2 00879  87.1432 332.2184 5672336 198.1437 359.4801  0.37769956 16750
0 OGO 1
1   879U 64054A   16355.49314952 +.00000150 +00000-0 +00000-0 0  9996
2   879 087.1434 332.2187 5672259 198.1441 359.6140 00.37771129004259
0 OGO 1
1 00879U 64054A   16358.13839307  .00000160  00000-0  00000+0 0  9996
2 00879  87.1465 332.2073 5675097 198.1728 359.4455  0.37793606 16768
0 OGO 1
1   879U 64054A   16358.13954089 +.00000160 +00000-0 +00000-0 0  9992
2   879 087.1466 332.2069 5675108 198.1729 359.6016 00.37793575004259
0 OGO 1
1   879U 64054A   16358.13956372 +.00000160 +00000-0 +00000-0 0  9999
2   879 087.1466 332.2069 5675093 198.1728 359.6048 00.37793737004267
0 OGO 1
1 00879U 64054A   16360.78609575  .00000114  00000-0  00000+0 0  9991
2 00879  87.1353 332.1907 5678625 198.2094 359.5861  0.37812643 16772
0 OGO 1
1 00879U 64054A   16363.43151911  .00000071  00000-0  00000+0 0  9994
2 00879  87.1045 332.1692 5683673 198.2228 359.4679  0.37808615 16780
0 OGO 1
1   879U 64054A   16363.43199632 +.00000071 +00000-0 +00000-0 0  9997
2   879 087.1045 332.1692 5683684 198.2230 359.5327 00.37808511004272
0 OGO 1
1   879U 64054A   16366.07679839 +.00000058 +00000-0 +00000-0 0  9997
2   879 087.0921 332.1494 5692760 198.2076 359.4019 00.37783983004280
0 OGO 1
1 00879U 64054A   16366.07687028  .00000058  00000-0  00000+0 0  9995
2 00879  87.0920 332.1499 5692752 198.2076 359.4119  0.37784152 16794
0 OGO 1
1 00879U 64054A   17002.72188116  .00000104  00000-0  00000+0 0  9991
2 00879  87.1011 332.1363 5707635 198.2321 359.2080  0.37768671 16801
0 OGO 1
1 00879U 64054A   17005.36689613  .00000137  00000-0  00000+0 0  9998
2 00879  87.0525 332.1174 5717608 198.3065 358.8937  0.37783140 16812
0 OGO 1
1   879U 64054A   17005.36896744 +.00000137 +00000-0 +00000-0 0  9994
2   879 087.0524 332.1173 5717639 198.3065 359.1751 00.37782817004303
0 OGO 1
1   879U 64054A   17005.37072644 +.00000137 +00000-0 +00000-0 0  9990
2   879 087.0524 332.1170 5717632 198.3064 359.4146 00.37782721004318
0 OGO 1
1 00879U 64054A   17008.01659464  .00000011  00000-0  00000+0 0  9995
2 00879  87.0185 332.0981 5719990 198.3339 359.3581  0.37815805 16825
0 OGO 1
1   879U 64054A   17010.66123600 -.00000198 +00000-0 +00000-0 0  9995
2   879 087.0236 332.0846 5728739 198.3573 359.1154 00.37817116004337
0 OGO 1
1 00879U 64054A   17010.66230321 -.00000198  00000-0  00000+0 0  9993
2 00879  87.0236 332.0847 5728745 198.3574 359.2608  0.37817121 16835
0 OGO 1
1 00879U 64054A   17013.30654959 -.00000260  00000-0  00000+0 0  9994
2 00879  87.0087 332.0710 5741471 198.3943 358.9142  0.37778906 16846
0 OGO 1
1   879U 64054A   17013.30702236 -.00000260 +00000-0 +00000-0 0  9997
2   879 087.0087 332.0710 5741471 198.3944 358.9784 00.37778978004340
0 OGO 1
1   879U 64054A   17013.30752828 -.00000260 +00000-0 +00000-0 0  9999
2   879 087.0086 332.0709 5741449 198.3944 359.0471 00.37779213004339
0 OGO 1
1 00879U 64054A   17015.95295576 -.00000185  00000-0  00000+0 0  9999
2 00879  86.9896 332.0582 5749206 198.4231 358.8961  0.37758271 16856
0 OGO 1
1 00879U 64054A   17018.59916356 -.00000154  00000-0  00000+0 0  9994
2 00879  86.9884 332.0471 5752596 198.4518 358.8599  0.37775196 16867
0 OGO 1
1 00879U 64054A   17021.24703270 -.00000202  00000-0  00000+0 0  9993
2 00879  86.9814 332.0322 5755993 198.4897 359.0222  0.37798558 16873
0 OGO 1
1   879U 64054A   17021.24829543 -.00000202 +00000-0 +00000-0 0  9996
2   879 086.9814 332.0321 5756017 198.4898 359.1933 00.37798360004374
0 OGO 1
1 00879U 64054A   17023.89425838 -.00000255  00000-0  00000+0 0  9995
2 00879  86.9509 332.0109 5760649 198.5153 359.1221  0.37800984 16885
0 OGO 1
1   879U 64054A   17026.53986350 -.00000280 +00000-0 +00000-0 0  9999
2   879 086.9247 331.9891 5767870 198.5057 359.0887 00.37780959016893
0 OGO 1
1   879U 64054A   17029.18502696 -.00000250 +00000-0 +00000-0 0  9997
2   879 086.9334 331.9741 5781536 198.5091 358.9621 00.37760275004392
0 OGO 1
1 00879U 64054A   17029.18536600 -.00000250  00000-0  00000+0 0  9998
2 00879  86.9333 331.9743 5781596 198.5094 359.0078  0.37759245 16905
0 OGO 1
1   879U 64054A   17029.18593225 -.00000250 +00000-0 +00000-0 0  9995
2   879 086.9333 331.9743 5781566 198.5097 359.0848 00.37759590004393
0 OGO 1
1   879U 64054A   17029.18634977 -.00000250 +00000-0 +00000-0 0  9995
2   879 086.9333 331.9742 5781544 198.5090 359.1418 00.37760212004400
0 OGO 1
1 00879U 64054A   17031.83120172 -.00000188  00000-0  00000+0 0  9996
2 00879  86.8961 331.9561 5795117 198.5809 358.7956  0.37762266 16916
0 OGO 1
1 00879U 64054A   17034.47966291 -.00000242  00000-0  00000+0 0  9990
2 00879  86.8435 331.9351 5797930 198.6184 359.0689  0.37793280 16929
0 OGO 1
1 00879U 64054A   17034.48011388 -.00000242  00000-0  00000+0 0  9999
2 00879  86.8437 331.9352 5797899 198.6182 359.1303  0.37793644 16922
0 OGO 1
1 00879U 64054A   17037.12854819 -.00000440  00000-0  00000+0 0  9997
2 00879  86.8453 331.9211 5803871 198.6375 359.4220  0.37811566 16932
0 OGO 1
1 00879U 64054A   17039.77317057 -.00000558  00000-0  00000+0 0  9998
2 00879  86.8333 331.9072 5815957 198.6737 359.1288  0.37780643 16947
0 OGO 1
1 00879U 64054A   17039.77317687 -.00000558  00000-0  00000+0 0  9997
2 00879  86.8334 331.9068 5815887 198.6738 359.1305  0.37781624 16946
0 OGO 1
1 00879U 64054A   17042.41912656 -.00000496  00000-0  00000+0 0  9990
2 00879  86.8088 331.8937 5824774 198.7042 359.0446  0.37752516 16954
0 OGO 1
1 00879U 64054A   17045.06569444 -.00000420  00000-0  00000+0 0  9994
2 00879  86.8026 331.8822 5829631 198.7277 359.0606  0.37755668 16966
0 OGO 1
1 00879U 64054A   17047.71402559 -.00000433  00000-0  00000+0 0  9995
2 00879  86.8004 331.8676 5832556 198.7650 359.2899  0.37783940 16975
0 OGO 1
1 00879U 64054A   17050.36195867 -.00000471  00000-0  00000+0 0  9993
2 00879  86.7708 331.8475 5836742 198.7971 359.4683  0.37793672 16986
0 OGO 1
1   879U 64054A   17050.36212354 -.00000471 +00000-0 +00000-0 0  9995
2   879 086.7708 331.8475 5836771 198.7974 359.4903 00.37793423004471
0 OGO 1
1 00879U 64054A   17053.00908794 -.00000482  00000-0  00000+0 0  9990
2 00879  86.7342 331.8236 5842501 198.7962 359.6206  0.37778452 16998
0 OGO 1
1 00879U 64054A   17055.65429339 -.00000444  00000-0  00000+0 0  9994
2 00879  86.7322 331.8066 5853307 198.7792 359.5536  0.37754931 17008
0 OGO 1
1 00879U 64054A   17058.29982032 -.00000352  00000-0  00000+0 0  9999
2 00879  86.7201 331.7904 5869361 198.8290 359.3438  0.37748994 17017
0 OGO 1
1 00879U 64054A   17060.94821378 -.00000320  00000-0  00000+0 0  9994
2 00879  86.6464 331.7653 5874762 198.8824 359.5562  0.37772843 17023
0 OGO 1
1   879U 64054A   17060.94821500 -.00000320 +00000-0 +00000-0 0  9992
2   879 086.6464 331.7653 5874746 198.8820 359.5563 00.37772814004510
0 OGO 1
1 00879U 64054A   17063.59732309 -.00000456  00000-0  00000+0 0  9993
2 00879  86.6394 331.7499 5877921 198.8927 359.9762  0.37806036 17036
0 OGO 1
1 00879U 64054A   17066.24355589 -.00000600  00000-0  00000+0 0  9990
2 00879  86.6373 331.7360 5888707 198.9248 359.9117  0.37791036 17049
0 OGO 1
1   879U 64054A   17066.24381068 -.00000600 +00000-0 +00000-0 0  9992
2   879 086.6373 331.7360 5888760 198.9254 359.9454 00.37790812004530
0 OGO 1
1 00879U 64054A   17066.24446418 -.00000600  00000-0  00000+0 0  9992
2 00879  86.6374 331.7360 5888779 198.9254   0.0343  0.37790628 17047
0 OGO 1
1 00879U 64054A   17068.88936592 -.00000560  00000-0  00000+0 0  9996
2 00879  86.6091 331.7213 5899146 198.9544 359.7978  0.37751376 17058
0 OGO 1
1 00879U 64054A   17071.53634423 -.00000438  00000-0  00000+0 0  9994
2 00879  86.5965 331.7096 5904412 198.9726 359.8840  0.37746482 17063
0 OGO 1
1   879U 64054A   17071.53895353 -.00000438 +00000-0 +00000-0 0  9996
2   879 086.5964 331.7096 5904474 198.9720 000.2387 00.37745921004565
0 OGO 1
1 00879U 64054A   17074.18465813 -.00000398  00000-0  00000+0 0  9998
2 00879  86.5955 331.6971 5907428 199.0024   0.1240  0.37773632 17074
0 OGO 1
1   879U 64054A   17076.83253801 -.00000412 +00000-0 +00000-0 0  9992
2   879 086.5748 331.6770 5911023 199.0371 000.2887 00.37792741017083
0 OGO 1
1   879U 64054A   17076.83341055 -.00000412 +00000-0 +00000-0 0  9991
2   879 086.5748 331.6771 5911019 199.0371 000.4075 00.37792839004589
0 OGO 1
1   879U 64054A   17079.47916650 -.00000405 +00000-0 +00000-0 0  9995
2   879 086.5349 331.6519 5915716 199.0452 000.3493 00.37786587004591
0 OGO 1
1   879U 64054A   17079.47922194 -.00000405 +00000-0 +00000-0 0  9995
2   879 086.5350 331.6519 5915700 199.0451 000.3569 00.37786764004585
0 OGO 1
1   879U 64054A   17079.47934617 -.00000405 +00000-0 +00000-0 0  9998
2   879 086.5350 331.6519 5915683 199.0450 000.3738 00.37786982004584
0 OGO 1
1   879U 64054A   17082.12515025 -.00000355 +00000-0 +00000-0 0  9996
2   879 086.5176 331.6314 5923830 199.0198 000.4077 00.37763049017103
0 OGO 1
1   879U 64054A   17084.77070671 -.00000245 +00000-0 +00000-0 0  9990
2   879 086.5268 331.6186 5938859 199.0322 000.3059 00.37752130017117
0 OGO 1
1   879U 64054A   17087.41720743 -.00000145 +00000-0 +00000-0 0  9995
2   879 086.4589 331.5923 5949570 199.0991 000.1981 00.37766240017124
0 OGO 1
1   879U 64054A   17090.06731698 -.00000202 +00000-0 +00000-0 0  9995
2   879 086.4239 331.5716 5951160 199.1084 000.7690 00.37803329017132
0 OGO 1
1   879U 64054A   17090.06760292 -.00000202 +00000-0 +00000-0 0  9997
2   879 086.4239 331.5716 5951155 199.1083 000.8078 00.37803299004633
0 OGO 1
1   879U 64054A   17092.71263529 -.00000352 +00000-0 +00000-0 0  9998
2   879 086.4357 331.5589 5959956 199.1285 000.6191 00.37808561004645
0 OGO 1
1   879U 64054A   17092.71356928 -.00000352 +00000-0 +00000-0 0  9994
2   879 086.4357 331.5588 5959948 199.1279 000.7463 00.37808666017146
0 OGO 1
1   879U 64054A   17095.35865279 -.00000360 +00000-0 +00000-0 0  9990
2   879 086.4129 331.5438 5971543 199.1609 000.5170 00.37770621017152
0 OGO 1
1   879U 64054A   17095.35911397 -.00000360 +00000-0 +00000-0 0  9993
2   879 086.4129 331.5438 5971546 199.1609 000.5795 00.37770647004657
0 OGO 1
1   879U 64054A   17098.00475627 -.00000224 +00000-0 +00000-0 0  9998
2   879 086.3917 331.5312 5978182 199.1743 000.4889 00.37750487017167
0 OGO 1
1   879U 64054A   17100.65183245 -.00000138 +00000-0 +00000-0 0  9999
2   879 086.3933 331.5198 5981247 199.1960 000.5827 00.37772816017178
0 OGO 1
1   879U 64054A   17103.30009360 -.00000136 +00000-0 +00000-0 0  9997
2   879 086.3835 331.5019 5984509 199.2295 000.7993 00.37798917004674
0 OGO 1
1   879U 64054A   17105.94680625 -.00000131 +00000-0 +00000-0 0  9993
2   879 086.3480 331.4770 5988715 199.2464 000.8470 00.37801640017194
0 OGO 1
1   879U 64054A   17108.59163175 -.00000085 +00000-0 +00000-0 0  9991
2   879 086.3196 331.4535 5995206 199.2260 000.7330 00.37781049004701
0 OGO 1
1   879U 64054A   17108.59263472 -.00000085 +00000-0 +00000-0 0  9992
2   879 086.3197 331.4536 5995289 199.2262 000.8698 00.37780304017206
0 OGO 1
1   879U 64054A   17111.23779994 +.00000017 +00000-0 +00000-0 0  9992
2   879 086.3300 331.4405 6007662 199.2095 000.7901 00.37762431004710
0 OGO 1
1   879U 64054A   17111.23790306 +.00000017 +00000-0 +00000-0 0  9992
2   879 086.3300 331.4404 6007738 199.2089 000.8044 00.37761613017215
0 OGO 1
1   879U 64054A   17113.88381682 +.00000143 +00000-0 +00000-0 0  9998
2   879 086.2993 331.4221 6022154 199.2636 000.6344 00.37770227017229
0 OGO 1
1   879U 64054A   17116.53180910 +.00000151 +00000-0 +00000-0 0  9993
2   879 086.2335 331.3944 6025269 199.2941 000.8576 00.37803092004726
0 OGO 1
1   879U 64054A   17116.53180910 +.00000151 +00000-0 +00000-0 0  9993
2   879 086.2335 331.3944 6025269 199.2941 000.8576 00.37803092017236
0 OGO 1
1   879U 64054A   17119.17883963 +.00000005 +00000-0 +00000-0 0  9992
2   879 086.2441 331.3805 6031150 199.2990 000.9965 00.37825329017241
0 OGO 1
1   879U 64054A   17119.17918343 +.00000005 +00000-0 +00000-0 0  9993
2   879 086.2439 331.3804 6031149 199.2993 001.0431 00.37825354004736
0 OGO 1
1   879U 64054A   17121.82332531 -.00000074 +00000-0 +00000-0 0  9994
2   879 086.2385 331.3668 6043710 199.3307 000.6824 00.37796159017253
0 OGO 1
1   879U 64054A   17124.46792971 +.00000026 +00000-0 +00000-0 0  9991
2   879 086.2115 331.3531 6052467 199.3523 000.4241 00.37764048017266
0 OGO 1
1   879U 64054A   17124.46935520 +.00000026 +00000-0 +00000-0 0  9990
2   879 086.2115 331.3532 6052418 199.3512 000.6186 00.37764675004768
0 OGO 1
1   879U 64054A   17127.11471883 +.00000133 +00000-0 +00000-0 0  9991
2   879 086.2089 331.3425 6056180 199.3657 000.4928 00.37774236017275
0 OGO 1
1   879U 64054A   17129.76222807 +.00000137 +00000-0 +00000-0 0  9998
2   879 086.2093 331.3280 6059236 199.3952 000.6177 00.37803796017285
0 OGO 1
1   879U 64054A   17129.76283543 +.00000137 +00000-0 +00000-0 0  9992
2   879 086.2094 331.3280 6059233 199.3948 000.7002 00.37803840004787
0 OGO 1
1   879U 64054A   17132.40817645 +.00000116 +00000-0 +00000-0 0  9990
2   879 086.1831 331.3054 6063343 199.4198 000.5389 00.37814779004799
0 OGO 1
1   879U 64054A   17132.40944289 +.00000116 +00000-0 +00000-0 0  9995
2   879 086.1830 331.3054 6063340 199.4193 000.7114 00.37814798017298
0 OGO 1
1   879U 64054A   17135.05544840 +.00000134 +00000-0 +00000-0 0  9998
2   879 086.1492 331.2806 6069159 199.4092 000.7282 00.37799249017309
0 OGO 1
1   879U 64054A   17137.69944598 +.00000202 +00000-0 +00000-0 0  9990
2   879 086.1496 331.2644 6079677 199.3829 000.5125 00.37775422017318
0 OGO 1
1   879U 64054A   17140.34401237 +.00000317 +00000-0 +00000-0 0  9991
2   879 086.1477 331.2524 6094874 199.4100 000.2256 00.37772385017321
0 OGO 1
1   879U 64054A   17142.99057229 +.00000363 +00000-0 +00000-0 0  9993
2   879 086.0787 331.2269 6101939 199.4603 000.1800 00.37799370017337
0 OGO 1
1   879U 64054A   17145.63867068 +.00000233 +00000-0 +00000-0 0  9993
2   879 086.0651 331.2074 6105330 199.4642 000.4808 00.37831437017346
0 OGO 1
1   879U 64054A   17148.28168283 +.00000079 +00000-0 +00000-0 0  9998
2   879 086.0747 331.1950 6117199 199.4859 359.9986 00.37816897004854
0 OGO 1
1   879U 64054A   17148.28393217 +.00000079 +00000-0 +00000-0 0  9995
2   879 086.0746 331.1951 6117145 199.4861 000.3050 00.37817960017358
0 OGO 1
1   879U 64054A   17150.92766716 +.00000102 +00000-0 +00000-0 0  9994
2   879 086.0497 331.1808 6128732 199.5165 359.8950 00.37778053004855
0 OGO 1
1   879U 64054A   17150.92766716 +.00000102 +00000-0 +00000-0 0  9994
2   879 086.0497 331.1808 6128732 199.5165 359.8950 00.37778053017365
0 OGO 1
1   879U 64054A   17150.92849093 +.00000102 +00000-0 +00000-0 0  9994
2   879 086.0497 331.1809 6128811 199.5164 000.0069 00.37777030004864
0 OGO 1
1   879U 64054A   17153.57340222 +.00000203 +00000-0 +00000-0 0  9990
2   879 086.0363 331.1701 6134045 199.5328 359.8118 00.37772831017379
0 OGO 1
1   879U 64054A   17153.57502046 +.00000203 +00000-0 +00000-0 0  9994
2   879 086.0363 331.1698 6134089 199.5327 000.0320 00.37772046004870
0 OGO 1
1   879U 64054A   17156.22113244 +.00000209 +00000-0 +00000-0 0  9993
2   879 086.0400 331.1582 6137132 199.5565 359.9808 00.37799953017383
0 OGO 1
1   879U 64054A   17158.86748782 +.00000153 +00000-0 +00000-0 0  9994
2   879 086.0229 331.1386 6141274 199.5856 359.9455 00.37817401017397
0 OGO 1
1   879U 64054A   17161.51217509 +.00000128 +00000-0 +00000-0 0  9990
2   879 085.9864 331.1133 6146751 199.5875 359.7498 00.37809165004902
0 OGO 1
1   879U 64054A   17164.15805431 +.00000155 +00000-0 +00000-0 0  9990
2   879 085.9734 331.0932 6155979 199.5627 359.7875 00.37783443004900
0 OGO 1
1   879U 64054A   17164.15867682 +.00000155 +00000-0 +00000-0 0  9996
2   879 085.9732 331.0932 6155932 199.5626 359.8721 00.37783856017415
0 OGO 1
1   879U 64054A   17165.03643259  .00000000  00000-0  10000-3 0  9999
2   879  85.9565 331.0840 6157333 199.6165 119.0958  0.37781436 17424
0 OGO 1
1   879U 64054A   17166.80359096 +.00000237 +00000-0 +00000-0 0  9996
2   879 085.9793 331.0819 6170621 199.5697 359.6855 00.37770953004917
0 OGO 1
1   879U 64054A   17166.80359096 +.00000237 +00000-0 +00000-0 0  9996
2   879 085.9793 331.0819 6170621 199.5697 359.6855 00.37770953017427
0 OGO 1
1   879U 64054A   17169.44844136 +.00000303 +00000-0 +00000-0 0  9997
2   879 085.9246 331.0615 6181320 199.6213 359.3850 00.37786806004924
0 OGO 1
1   879U 64054A   17169.45055490 +.00000303 +00000-0 +00000-0 0  9995
2   879 085.9247 331.0616 6181243 199.6214 359.6725 00.37787662004926
0 OGO 1
1   879U 64054A   17169.45134787 +.00000303 +00000-0 +00000-0 0  9992
2   879 085.9247 331.0616 6181204 199.6214 359.7803 00.37788121004933
0 OGO 1
1   879U 64054A   17172.09652773 +.00000206 +00000-0 +00000-0 0  9998
2   879 085.8849 331.0388 6184225 199.6372 359.6529 00.37822249017441
0 OGO 1
1   879U 64054A   17174.74239881 +.00000003 +00000-0 +00000-0 0  9998
2   879 085.8931 331.0247 6193462 199.6491 359.5980 00.37825540004940
0 OGO 1
1   879U 64054A   17174.74239881 +.00000003 +00000-0 +00000-0 0  9998
2   879 085.8931 331.0247 6193462 199.6491 359.5980 00.37825540017450
0 OGO 1
1   879U 64054A   17177.38661262 -.00000066 +00000-0 +00000-0 0  9993
2   879 085.8762 331.0102 6206777 199.6823 359.2451 00.37786167004968
0 OGO 1
1   879U 64054A   17177.38701404 -.00000066 +00000-0 +00000-0 0  9996
2   879 085.8763 331.0101 6206805 199.6823 359.2998 00.37785850004953
0 OGO 1
1   879U 64054A   17177.38748674 -.00000066 +00000-0 +00000-0 0  9996
2   879 085.8762 331.0101 6206819 199.6823 359.3641 00.37785713004951
0 OGO 1
1   879U 64054A   17180.03230436 +.00000010 +00000-0 +00000-0 0  9992
2   879 085.8523 330.9974 6214559 199.7062 359.1293 00.37764218004967
0 OGO 1
1   879U 64054A   17180.03230436 +.00000010 +00000-0 +00000-0 0  9992
2   879 085.8523 330.9974 6214559 199.7062 359.1293 00.37764218017477
0 OGO 1
1   879U 64054A   17180.03353740 +.00000010 +00000-0 +00000-0 0  9996
2   879 085.8523 330.9975 6214526 199.7066 359.2970 00.37764741004971
0 OGO 1
1   879U 64054A   17180.03385942 +.00000010 +00000-0 +00000-0 0  9995
2   879 085.8523 330.9974 6214562 199.7063 359.3408 00.37764302004966
0 OGO 1
1   879U 64054A   17182.67981310 +.00000030 +00000-0 +00000-0 0  9990
2   879 085.8509 330.9867 6217958 199.7292 359.2734 00.37785439017483
0 OGO 1
1   879U 64054A   17182.68069349 +.00000030 +00000-0 +00000-0 0  9990
2   879 085.8507 330.9867 6218015 199.7292 359.3933 00.37784805004985
0 OGO 1
1   879U 64054A   17185.32621218 -.00000044 +00000-0 +00000-0 0  9999
2   879 085.8402 330.9695 6221920 199.7592 359.2409 00.37808462017493
0 OGO 1
1   879U 64054A   17185.32671067 -.00000044 +00000-0 +00000-0 0  9996
2   879 085.8401 330.9695 6221918 199.7593 359.3087 00.37808393004997
0 OGO 1
1   879U 64054A   17185.32675157 -.00000044 +00000-0 +00000-0 0  9990
2   879 085.8401 330.9694 6221882 199.7594 359.3144 00.37809074004998
0 OGO 1
1   879U 64054A   17187.97295449 -.00000106 +00000-0 +00000-0 0  9994
2   879 085.8033 330.9442 6227082 199.7725 359.2941 00.37807904017509
0 OGO 1
1   879U 64054A   17190.61742609 -.00000113 +00000-0 +00000-0 0  9992
2   879 085.7765 330.9204 6234963 199.7549 359.1243 00.37784071005012
0 OGO 1
1   879U 64054A   17190.61798997 -.00000113 +00000-0 +00000-0 0  9993
2   879 085.7765 330.9207 6235016 199.7550 359.2015 00.37783639017512
0 OGO 1
1   879U 64054A   17190.61877102 -.00000113 +00000-0 +00000-0 0  9999
2   879 085.7763 330.9207 6234926 199.7550 359.3078 00.37784663005008
0 OGO 1
1   879U 64054A   17193.26290806 -.00000060 +00000-0 +00000-0 0  9994
2   879 085.7805 330.9065 6248586 199.7482 359.0537 00.37763948017528
0 OGO 1
1   879U 64054A   17193.26355602 -.00000060 +00000-0 +00000-0 0  9990
2   879 085.7806 330.9065 6248617 199.7481 359.1420 00.37763732005028
0 OGO 1
1   879U 64054A   17195.90851020 +.00000016 +00000-0 +00000-0 0  9998
2   879 085.7390 330.8889 6261787 199.7942 358.8572 00.37769186017536
0 OGO 1
1   879U 64054A   17198.55654587 -.00000024 +00000-0 +00000-0 0  9991
2   879 085.6817 330.8654 6265650 199.8206 359.0858 00.37801671017543
0 OGO 1
1   879U 64054A   17198.55786541 -.00000024 +00000-0 +00000-0 0  9997
2   879 085.6818 330.8655 6265639 199.8205 359.2652 00.37801809005039
0 OGO 1
1   879U 64054A   17198.55841518 -.00000024 +00000-0 +00000-0 0  9993
2   879 085.6818 330.8655 6265658 199.8206 359.3402 00.37801745005045
0 OGO 1
1   879U 64054A   17198.55848836 -.00000024 +00000-0 +00000-0 0  9993
2   879 085.6817 330.8654 6265675 199.8208 359.3502 00.37801506005039
0 OGO 1
1   879U 64054A   17201.20291536 -.00000226 +00000-0 +00000-0 0  9993
2   879 085.6806 330.8488 6272041 199.8314 359.1156 00.37820808005056
0 OGO 1
1   879U 64054A   17201.20434377 -.00000226 +00000-0 +00000-0 0  9995
2   879 085.6806 330.8487 6272037 199.8307 359.3099 00.37820930017554
0 OGO 1
1   879U 64054A   17203.84914897 -.00000371 +00000-0 +00000-0 0  9998
2   879 085.6694 330.8332 6284826 199.8595 359.0494 00.37789977017568
0 OGO 1
1   879U 64054A   17203.84927188 -.00000371 +00000-0 +00000-0 0  9995
2   879 085.6694 330.8332 6284852 199.8596 359.0656 00.37789567005065
0 OGO 1
1   879U 64054A   17203.84976754 -.00000371 +00000-0 +00000-0 0  9998
2   879 085.6693 330.8331 6284815 199.8596 359.1331 00.37790057005058
0 OGO 1
1   879U 64054A   17203.84984935 -.00000371 +00000-0 +00000-0 0  9998
2   879 085.6692 330.8335 6284808 199.8596 359.1442 00.37790089005051
0 OGO 1
1   879U 64054A   17206.49357831 -.00000331 +00000-0 +00000-0 0  9997
2   879 085.6404 330.8188 6294673 199.8885 358.7444 00.37756518017576
0 OGO 1
1   879U 64054A   17206.49618971 -.00000331 +00000-0 +00000-0 0  9992
2   879 085.6405 330.8187 6294800 199.8876 359.0993 00.37755129005070
0 OGO 1
1   879U 64054A   17209.14088209 -.00000280 +00000-0 +00000-0 0  9995
2   879 085.6306 330.8074 6299189 199.9116 358.8568 00.37764464005075
0 OGO 1
1   879U 64054A   17209.14088209 -.00000280 +00000-0 +00000-0 0  9995
2   879 085.6306 330.8074 6299189 199.9116 358.8568 00.37764464017584
0 OGO 1
1   879U 64054A   17209.14374275 -.00000280 +00000-0 +00000-0 0  9996
2   879 085.6308 330.8075 6299156 199.9123 359.2464 00.37765263005089
0 OGO 1
1   879U 64054A   17209.14377065 -.00000280 +00000-0 +00000-0 0  9996
2   879 085.6307 330.8074 6299216 199.9118 359.2502 00.37764536005083
0 OGO 1
1   879U 64054A   17211.79057844 -.00000339 +00000-0 +00000-0 0  9995
2   879 085.6232 330.7917 6302735 199.9428 359.2737 00.37792590005081
0 OGO 1
1   879U 64054A   17211.79065176 -.00000339 +00000-0 +00000-0 0  9992
2   879 085.6233 330.7917 6302694 199.9426 359.2835 00.37793055005080
0 OGO 1
1   879U 64054A   17214.43645263 -.00000417 +00000-0 +00000-0 0  9994
2   879 085.5890 330.7669 6307473 199.9651 359.1863 00.37800005017607
0 OGO 1
1   879U 64054A   17214.43676083 -.00000417 +00000-0 +00000-0 0  9998
2   879 085.5890 330.7668 6307499 199.9651 359.2276 00.37799475005103
0 OGO 1
1   879U 64054A   17214.43697454 -.00000417 +00000-0 +00000-0 0  9993
2   879 085.5890 330.7669 6307469 199.9650 359.2568 00.37800045005098
0 OGO 1
1   879U 64054A   17214.43701774 -.00000417 +00000-0 +00000-0 0  9994
2   879 085.5890 330.7669 6307494 199.9653 359.2625 00.37799735005108
0 OGO 1
1   879U 64054A   17217.08209238 -.00000438 +00000-0 +00000-0 0  9999
2   879 085.5503 330.7404 6314034 199.9557 359.1559 00.37780228005110
0 OGO 1
1   879U 64054A   17217.08293783 -.00000438 +00000-0 +00000-0 0  9997
2   879 085.5502 330.7404 6313940 199.9558 359.2710 00.37781437017616
0 OGO 1
1   879U 64054A   17217.08303472 -.00000438 +00000-0 +00000-0 0  9994
2   879 085.5503 330.7404 6314032 199.9557 359.2840 00.37780279005107
0 OGO 1
1   879U 64054A   17219.72821184 -.00000396 +00000-0 +00000-0 0  9995
2   879 085.5468 330.7232 6325720 199.9374 359.2095 00.37755507017627
0 OGO 1
1   879U 64054A   17222.37318254 -.00000305 +00000-0 +00000-0 0  9999
2   879 085.5210 330.7064 6340727 199.9714 358.9518 00.37752818005127
0 OGO 1
1   879U 64054A   17222.37318254 -.00000305 +00000-0 +00000-0 0  9999
2   879 085.5210 330.7064 6340727 199.9714 358.9518 00.37752818017636
0 OGO 1
1   879U 64054A   17225.02214176 -.00000275 +00000-0 +00000-0 0  9998
2   879 085.4476 330.6805 6346533 200.0054 359.2759 00.37777094017648
0 OGO 1
1   879U 64054A   17225.02456042 -.00000275 +00000-0 +00000-0 0  9998
2   879 085.4475 330.6805 6346549 200.0055 359.6053 00.37777059005149
0 OGO 1
1   879U 64054A   17225.02488320 -.00000275 +00000-0 +00000-0 0  9992
2   879 085.4475 330.6805 6346548 200.0055 359.6487 00.37777074005146
0 OGO 1
1 00879U 64054A   17227.67008676 -.00000421  00000-0  00000+0 0  9999
2 00879  85.4358 330.6627 6350543 200.0128 359.5400  0.37809819 17655
0 OGO 1
1   879U 64054A   17227.67053699 -.00000421 +00000-0 +00000-0 0  9995
2   879 085.4359 330.6627 6350496 200.0127 359.6013 00.37810741005151
0 OGO 1
1   879U 64054A   17230.31592342 -.00000601 +00000-0 +00000-0 0  9993
2   879 085.4302 330.6465 6361589 200.0370 359.4329 00.37794504005161
0 OGO 1
1 00879U 64054A   17230.31646609 -.00000601  00000-0  00000+0 0  9998
2 00879  85.4303 330.6465 6361590 200.0369 359.5065  0.37794511 17666
0 OGO 1
1   879U 64054A   17230.31674729 -.00000601 +00000-0 +00000-0 0  9993
2   879 085.4304 330.6462 6361607 200.0369 359.5447 00.37794252005150
0 OGO 1
1   879U 64054A   17232.96106600 -.00000602 +00000-0 +00000-0 0  9995
2   879 085.3989 330.6303 6372646 200.0641 359.2240 00.37752828005162
0 OGO 1
1 00879U 64054A   17232.96106600 -.00000602  00000-0  00000+0 0  9994
2 00879  85.3989 330.6303 6372646 200.0641 359.2240  0.37752828 17671
0 OGO 1
1 00879U 64054A   17235.60836000 -.00000511  00000-0  00000+0 0  9991
2 00879  85.3818 330.6180 6378343 200.0862 359.3359  0.37747889 17684
0 OGO 1
1   879U 64054A   17235.60836002 -.00000511 +00000-0 +00000-0 0  9994
2   879 085.3818 330.6181 6378314 200.0859 359.3359 00.37748508005179
0 OGO 1
1 00879U 64054A   17238.25572151 -.00000518  00000-0  00000+0 0  9996
2 00879  85.3759 330.6035 6381768 200.1151 359.4393  0.37776713 17692
0 OGO 1
1   879U 64054A   17238.25844488 -.00000518 +00000-0 +00000-0 0  9992
2   879 085.3758 330.6035 6381795 200.1150 359.8097 00.37776478005184
0 OGO 1
1   879U 64054A   17238.25892898 -.00000518 +00000-0 +00000-0 0  9990
2   879 085.3758 330.6035 6381809 200.1149 359.8755 00.37776307005191
0 OGO 1
1 00879U 64054A   17240.90426488 -.00000586  00000-0  00000+0 0  9997
2 00879  85.3467 330.5793 6386022 200.1427 359.7012  0.37793518 17707
0 OGO 1
1   879U 64054A   17240.90474375 -.00000586 +00000-0 +00000-0 0  9996
2   879 085.3466 330.5794 6386003 200.1425 359.7664 00.37793700005190
0 OGO 1
1   879U 64054A   17240.90555927 -.00000586 +00000-0 +00000-0 0  9999
2   879 085.3466 330.5794 6386024 200.1426 359.8770 00.37793412005205
0 OGO 1
1 00879U 64054A   17243.55141988 -.00000604  00000-0  00000+0 0  9991
2 00879  85.3007 330.5506 6391493 200.1424 359.8524  0.37781280 17717
0 OGO 1
1   879U 64054A   17243.55153056 -.00000604 +00000-0 +00000-0 0  9991
2   879 085.3007 330.5505 6391483 200.1424 359.8665 00.37781300005216
0 OGO 1
1 00879U 64054A   17243.55180431 -.00000604  00000-0  00000+0 0  9997
2 00879  85.3007 330.5506 6391415 200.1424 359.9036  0.37782139 17714
0 OGO 1
1 00879U 64054A   17246.19725508 -.00000553  00000-0  00000+0 0  9993
2 00879  85.2839 330.5295 6400666 200.1170 359.8928  0.37756315 17725
0 OGO 1
1   879U 64054A   17246.19746259 -.00000553 +00000-0 +00000-0 0  9990
2   879 085.2840 330.5295 6400759 200.1160 359.9215 00.37755083005222
0 OGO 1
1 00879U 64054A   17248.84265053 -.00000443  00000-0  00000+0 0  9999
2 00879  85.2778 330.5146 6416156 200.1273 359.7553  0.37743981 17736
0 OGO 1
1   879U 64054A   17251.48966691 -.00000343 +00000-0 +00000-0 0  9999
2   879 085.1973 330.4864 6425527 200.1695 359.7715 00.37761271017741
0 OGO 1
1   879U 64054A   17251.49425884 -.00000343 +00000-0 +00000-0 0  9994
2   879 085.1974 330.4860 6425575 200.1700 000.3959 00.37760537005243
0 OGO 1
1 00879U 64054A   17254.13905301 -.00000398  00000-0  00000+0 0  9994
2 00879  85.1646 330.4645 6428051 200.1731   0.2491  0.37798963 17759
0 OGO 1
1   879U 64054A   17254.13976086 -.00000398 +00000-0 +00000-0 0  9993
2   879 085.1647 330.4643 6428018 200.1729 000.3449 00.37799231005242
0 OGO 1
1   879U 64054A   17254.13999223 -.00000398 +00000-0 +00000-0 0  9991
2   879 085.1647 330.4643 6428011 200.1728 000.3765 00.37799275005254
0 OGO 1
1   879U 64054A   17254.14031129 -.00000398 +00000-0 +00000-0 0  9994
2   879 085.1646 330.4645 6428031 200.1727 000.4197 00.37798775005249
0 OGO 1
1   879U 64054A   17254.14039127 -.00000398 +00000-0 +00000-0 0  9990
2   879 085.1647 330.4643 6428019 200.1729 000.4307 00.37799186005257
0 OGO 1
1   879U 64054A   17256.78599941 -.00000567 +00000-0 +00000-0 0  9995
2   879 085.1698 330.4488 6437104 200.1899 000.3170 00.37803999005269
0 OGO 1
1 00879U 64054A   17256.78623134 -.00000567  00000-0  00000+0 0  9996
2 00879  85.1699 330.4488 6437111 200.1900   0.3485  0.37803920 17762
0 OGO 1
1   879U 64054A   17259.43102234 -.00000607 +00000-0 +00000-0 0  9990
2   879 085.1400 330.4310 6448805 200.2179 000.0819 00.37763276005266
0 OGO 1
1 00879U 64054A   17259.43102240 -.00000607  00000-0  00000+0 0  9996
2 00879  85.1400 330.4310 6448754 200.2183   0.0818  0.37763920 17778
0 OGO 1
1   879U 64054A   17259.43260491 -.00000607 +00000-0 +00000-0 0  9990
2   879 085.1400 330.4310 6448749 200.2184 000.2972 00.37763995005270
0 OGO 1
1 00879U 64054A   17262.07721717 -.00000492  00000-0  00000+0 0  9998
2 00879  85.1143 330.4174 6455830 200.2355   0.0503  0.37742293 17786
0 OGO 1
1   879U 64054A   17262.08035804 -.00000491 +00000-0 +00000-0 0  9994
2   879 085.1142 330.4173 6455819 200.2359 000.4772 00.37742578005285
0 OGO 1
1   879U 64054A   17264.72504643 -.00000430 +00000-0 +00000-0 0  9992
2   879 085.1099 330.4043 6459403 200.2598 000.2250 00.37768716005281
0 OGO 1
1 00879U 64054A   17264.72504643 -.00000430  00000-0  00000+0 0  9991
2 00879  85.1099 330.4043 6459403 200.2598   0.2250  0.37768716 17790
0 OGO 1
1   879U 64054A   17264.72763370 -.00000430 +00000-0 +00000-0 0  9996
2   879 085.1100 330.4042 6459394 200.2598 000.5766 00.37768730005283
0 OGO 1
1   879U 64054A   17264.72819083 -.00000430 +00000-0 +00000-0 0  9999
2   879 085.1099 330.4042 6459417 200.2596 000.6524 00.37768474005293
0 OGO 1
1   879U 64054A   17267.37344725 -.00000468 +00000-0 +00000-0 0  9990
2   879 085.0888 330.3814 6463337 200.2902 000.4554 00.37793861005290
0 OGO 1
1 00879U 64054A   17267.37398513 -.00000468  00000-0  00000+0 0  9993
2 00879  85.0887 330.3814 6463352 200.2904   0.5284  0.37793665 17801
0 OGO 1
1   879U 64054A   17267.37438970 -.00000468 +00000-0 +00000-0 0  9996
2   879 085.0889 330.3812 6463336 200.2902 000.5832 00.37793841005296
0 OGO 1
1   879U 64054A   17267.37515677 -.00000468 +00000-0 +00000-0 0  9996
2   879 085.0889 330.3812 6463330 200.2903 000.6876 00.37793885005300
0 OGO 1
1   879U 64054A   17270.02094990 -.00000481 +00000-0 +00000-0 0  9997
2   879 085.0415 330.3508 6468154 200.3001 000.6232 00.37791034005317
0 OGO 1
1 00879U 64054A   17270.02109217 -.00000481  00000-0  00000+0 0  9995
2 00879  85.0415 330.3508 6468136 200.2998   0.6424  0.37791229 17818
0 OGO 1
1   879U 64054A   17270.02118300 -.00000481 +00000-0 +00000-0 0  9999
2   879 085.0415 330.3508 6468140 200.3000 000.6547 00.37791272005314
0 OGO 1
1 00879U 64054A   17272.66714848 -.00000419  00000-0  00000+0 0  9990
2 00879  85.0100 330.3251 6475442 200.2757   0.7085  0.37766693 17827
0 OGO 1
1   879U 64054A   17272.66739318 -.00000419 +00000-0 +00000-0 0  9990
2   879 085.0100 330.3250 6475385 200.2758 000.7416 00.37767630005325
0 OGO 1
1   879U 64054A   17275.31214096 -.00000294 +00000-0 +00000-0 0  9997
2   879 085.0130 330.3108 6488990 200.2609 000.5902 00.37749491017833
0 OGO 1
1   879U 64054A   17275.31377182 -.00000294 +00000-0 +00000-0 0  9993
2   879 085.0129 330.3108 6488912 200.2620 000.8119 00.37750580005334
0 OGO 1
1 00879U 64054A   17277.95846595 -.00000145  00000-0  00000+0 0  9998
2 00879  84.9544 330.2855 6502603 200.3020   0.4958  0.37758650 17842
0 OGO 1
1   879U 64054A   17277.96221133 -.00000144 +00000-0 +00000-0 0  9994
2   879 084.9543 330.2855 6502621 200.3020 001.0049 00.37758575005347
0 OGO 1
1   879U 64054A   17280.60719599 -.00000108 +00000-0 +00000-0 0  9997
2   879 084.8872 330.2552 6505611 200.3146 000.8598 00.37793525005346
0 OGO 1
1   879U 64054A   17280.60792952 -.00000108 +00000-0 +00000-0 0  9991
2   879 084.8874 330.2552 6505586 200.3141 000.9595 00.37793753005345
0 OGO 1
1 00879U 64054A   17280.60792952 -.00000108  00000-0  00000+0 0  9990
2 00879  84.8874 330.2552 6505586 200.3141   0.9595  0.37793753 17854
0 OGO 1
1   879U 64054A   17283.25387738 -.00000238 +00000-0 +00000-0 0  9991
2   879 084.8972 330.2397 6512134 200.3185 000.9415 00.37818330005368
0 OGO 1
1 00879U 64054A   17283.25485060 -.00000238  00000-0  00000+0 0  9997
2 00879  84.8972 330.2396 6512137 200.3188   1.0741  0.37818362 17860
0 OGO 1
1 00879U 64054A   17285.90000122 -.00000322  00000-0  00000+0 0  9997
2 00879  84.8805 330.2218 6524371 200.3483   0.8475  0.37788211 17870
0 OGO 1
1   879U 64054A   17285.90017002 -.00000322 +00000-0 +00000-0 0  9993
2   879 084.8804 330.2218 6524355 200.3484 000.8706 00.37788419005371
0 OGO 1
1   879U 64054A   17285.90031862 -.00000322 +00000-0 +00000-0 0  9993
2   879 084.8805 330.2218 6524390 200.3484 000.8909 00.37787983005360
0 OGO 1
1 00879U 64054A   17288.54497760 -.00000220  00000-0  00000+0 0  9995
2 00879  84.8450 330.2054 6532996 200.3673   0.6371  0.37753451 17889
0 OGO 1
1 00879U 64054A   17291.19199478 -.00000107  00000-0  00000+0 0  9999
2 00879  84.8381 330.1932 6536986 200.3847   0.7186  0.37768338 17898
0 OGO 1
1   879U 64054A   17291.19458797 -.00000107 +00000-0 +00000-0 0  9992
2   879 084.8380 330.1936 6536920 200.3849 001.0709 00.37769548005392
0 OGO 1
1 00879U 64054A   17293.83981384 -.00000114  00000-0  00000+0 0  9995
2 00879  84.8286 330.1735 6540617 200.4149   0.8696  0.37800651 17909
0 OGO 1
1   879U 64054A   17293.84117086 -.00000114 +00000-0 +00000-0 0  9997
2   879 084.8284 330.1734 6540630 200.4154 001.0543 00.37800540005400
0 OGO 1
1   879U 64054A   17296.48697585 -.00000139 +00000-0 +00000-0 0  9994
2   879 084.7869 330.1431 6545139 200.4344 000.9618 00.37807984005413
0 OGO 1
1 00879U 64054A   17296.48758584 -.00000139  00000-0  00000+0 0  9990
2 00879  84.7868 330.1431 6545142 200.4346   1.0447  0.37807952 17913
0 OGO 1
1   879U 64054A   17299.13307399 -.00000091 +00000-0 +00000-0 0  9997
2   879 084.7448 330.1132 6551247 200.4192 001.0093 00.37787994005419
0 OGO 1
1 00879U 64054A   17299.13347517 -.00000091  00000-0  00000+0 0  9992
2 00879  84.7448 330.1133 6551215 200.4188   1.0642  0.37788437 17922
0 OGO 1
1   879U 64054A   17299.13349212 -.00000091 +00000-0 +00000-0 0  9997
2   879 084.7449 330.1133 6551234 200.4189 001.0662 00.37788158005418
0 OGO 1
1 00879U 64054A   17301.77806015  .00000026  00000-0  00000+0 0  9996
2 00879  84.7421 330.0960 6562326 200.3910   0.9330  0.37765099 17939
0 OGO 1
1 00879U 64054A   17304.42297485  .00000186  00000-0  00000+0 0  9993
2 00879  84.7198 330.0791 6577549 200.4119   0.6965  0.37767006 17949
0 OGO 1
1   879U 64054A   17304.42587439 +.00000186 +00000-0 +00000-0 0  9995
2   879 084.7198 330.0790 6577575 200.4118 001.0907 00.37766766005441
0 OGO 1
1   879U 64054A   17307.07110391 +.00000280 +00000-0 +00000-0 0  9993
2   879 084.6338 330.0449 6584015 200.4422 000.9085 00.37793952005444
0 OGO 1
1 00879U 64054A   17307.07152273  .00000280  00000-0  00000+0 0  9997
2 00879  84.6338 330.0449 6584024 200.4422   0.9654  0.37793832 17952
0 OGO 1
1   879U 64054A   17307.07246022 +.00000280 +00000-0 +00000-0 0  9994
2   879 084.6337 330.0449 6584017 200.4422 001.0930 00.37793979005456
0 OGO 1
1   879U 64054A   17307.07260207 +.00000280 +00000-0 +00000-0 0  9995
2   879 084.6338 330.0446 6584019 200.4424 001.1123 00.37794089005456
0 OGO 1
1 00879U 64054A   17309.71868065  .00000192  00000-0  00000+0 0  9995
2 00879  84.6246 330.0240 6588011 200.4388   1.1526  0.37827838 17966
0 OGO 1
1   879U 64054A   17312.36203185 +.00000057 +00000-0 +00000-0 0  9997
2   879 084.6293 330.0084 6599856 200.4610 000.7052 00.37816308005473
0 OGO 1
1 00879U 64054A   17312.36346901  .00000057  00000-0  00000+0 0  9990
2 00879  84.6292 330.0085 6599811 200.4612   0.9009  0.37817345 17970
0 OGO 1
1 00879U 64054A   17315.00794819  .00000092  00000-0  00000+0 0  9998
2 00879  84.5925 329.9901 6610748 200.4882   0.5892  0.37775490 17989
0 OGO 1
1   879U 64054A   17315.00831428 +.00000092 +00000-0 +00000-0 0  9997
2   879 084.5924 329.9899 6610822 200.4883 000.6394 00.37774299005484
0 OGO 1
1   879U 64054A   17315.00874473 +.00000092 +00000-0 +00000-0 0  9994
2   879 084.5924 329.9899 6610806 200.4883 000.6977 00.37774541005483
0 OGO 1
1 00879U 64054A   17317.65439267  .00000215  00000-0  00000+0 0  9991
2 00879  84.5746 329.9773 6615733 200.5031   0.5960  0.37773125 17993
0 OGO 1
1   879U 64054A   17317.65439267 +.00000215 +00000-0 +00000-0 0  9992
2   879 084.5746 329.9773 6615733 200.5031 000.5960 00.37773125005484
0 OGO 1
1 00879U 64054A   17320.30085203  .00000225  00000-0  00000+0 0  9995
2 00879  84.5738 329.9619 6619204 200.5276   0.5756  0.37804449 18001
0 OGO 1
1   879U 64054A   17322.94736427 +.00000164 +00000-0 +00000-0 0  9991
2   879 084.5441 329.9345 6623722 200.5531 000.5558 00.37820768005516
0 OGO 1
1 00879U 64054A   17322.94890719  .00000164  00000-0  00000+0 0  9995
2 00879  84.5442 329.9344 6623665 200.5532   0.7658  0.37822100 18017
0 OGO 1
1   879U 64054A   17325.59235233 +.00000163 +00000-0 +00000-0 0  9993
2   879 084.4973 329.9027 6629341 200.5488 000.4155 00.37808018005523
0 OGO 1
1 00879U 64054A   17325.59402250  .00000163  00000-0  00000+0 0  9997
2 00879  84.4973 329.9027 6629339 200.5485   0.6428  0.37808120 18025
0 OGO 1
1   879U 64054A   17325.59410261 +.00000164 +00000-0 +00000-0 0  9990
2   879 084.4973 329.9026 6629391 200.5490 000.6535 00.37806995005515
0 OGO 1
1   879U 64054A   17328.23715654 +.00000240 +00000-0 +00000-0 0  9993
2   879 084.4821 329.8808 6638723 200.5191 000.3190 00.37781754005532
0 OGO 1
1   879U 64054A   17328.23856529 +.00000240 +00000-0 +00000-0 0  9990
2   879 084.4821 329.8808 6638716 200.5191 000.5105 00.37781900005524
0 OGO 1
1 00879U 64054A   17328.23881616  .00000240  00000-0  00000+0 0  9994
2 00879  84.4822 329.8807 6638744 200.5190   0.5446  0.37781574 18039
0 OGO 1
1 00879U 64054A   17330.88304457  .00000370  00000-0  00000+0 0  9995
2 00879  84.4799 329.8677 6653436 200.5182   0.2727  0.37772601 18044
0 OGO 1
1 00879U 64054A   17330.88304465  .00000370  00000-0  00000+0 0  9994
2 00879  84.4800 329.8675 6653531 200.5180   0.2728  0.37771110 18044
0 OGO 1
1 00879U 64054A   17333.52954054  .00000478  00000-0  00000+0 0  9992
2 00879  84.4088 329.8399 6663983 200.5537   0.2219  0.37790977 18051
0 OGO 1
1 00879U 64054A   17336.17680546  .00000424  00000-0  00000+0 0  9999
2 00879  84.3653 329.8119 6667202 200.5584   0.4034  0.37827750 18066
0 OGO 1
1 00879U 64054A   17338.82364330  .00000242  00000-0  00000+0 0  9991
2 00879  84.3774 329.7962 6676999 200.5662   0.4815  0.37833644 18072
0 OGO 1
1 00879U 64054A   17341.46567920  .00000176  00000-0  00000+0 0  9991
2 00879  84.3525 329.7780 6690246 200.5968 359.8191  0.37793922 18087
0 OGO 1
1   879U 64054A   17341.46697561 +.00000176 +00000-0 +00000-0 0  9997
2   879 084.3525 329.7779 6690269 200.5968 359.9952 00.37793534005575
0 OGO 1
1 00879U 64054A   17344.11132694  .00000260  00000-0  00000+0 0  9996
2 00879  84.3212 329.7626 6697608 200.6173 359.6909  0.37772163 18097
0 OGO 1
1   879U 64054A   17344.11267576 +.00000260 +00000-0 +00000-0 0  9995
2   879 084.3212 329.7627 6697552 200.6177 359.8743 00.37772960005594
0 OGO 1
1   879U 64054A   17344.11291522 +.00000260 +00000-0 +00000-0 0  9993
2   879 084.3212 329.7627 6697542 200.6177 359.9069 00.37773112005584
0 OGO 1
1   879U 64054A   17346.75899784 +.00000277 +00000-0 +00000-0 0  9997
2   879 084.3189 329.7500 6701208 200.6371 359.8488 00.37797126018105
0 OGO 1
1   879U 64054A   17346.75943551 +.00000277 +00000-0 +00000-0 0  9999
2   879 084.3189 329.7501 6701218 200.6372 359.9083 00.37797004005606
0 OGO 1
1 00879U 64054A   17349.40548790  .00000181  00000-0  00000+0 0  9993
2 00879  84.3017 329.7274 6705699 200.6636 359.8180  0.37821952 18110
0 OGO 1
1 00879U 64054A   17352.05150244  .00000112  00000-0  00000+0 0  9995
2 00879  84.2546 329.6954 6711419 200.6715 359.7790  0.37815356 18123
0 OGO 1
1   879U 64054A   17354.69553740 +.00000131 +00000-0 +00000-0 0  9997
2   879 084.2247 329.6689 6719666 200.6473 359.5627 00.37789843005639
0 OGO 1
1 00879U 64054A   17354.69646362  .00000131  00000-0  00000+0 0  9999
2 00879  84.2246 329.6687 6719727 200.6475 359.6885  0.37788903 18138
0 OGO 1
1 00879U 64054A   17357.34002361  .00000214  00000-0  00000+0 0  9991
2 00879  84.2247 329.6541 6733564 200.6339 359.3629  0.37769350 18141
0 OGO 1
1   879U 64054A   17357.34002361 +.00000214 +00000-0 +00000-0 0  9992
2   879 084.2247 329.6541 6733564 200.6339 359.3629 00.37769350005631
0 OGO 1
1   879U 64054A   17357.34134676 +.00000214 +00000-0 +00000-0 0  9997
2   879 084.2246 329.6542 6733490 200.6345 359.5429 00.37770486005649
0 OGO 1
1 00879U 64054A   17359.98589597  .00000313  00000-0  00000+0 0  9994
2 00879  84.1740 329.6330 6746607 200.6630 359.2308  0.37778131 18151
0 OGO 1
1   879U 64054A   17362.63415932 +.00000294 +00000-0 +00000-0 0  9990
2   879 084.1093 329.6036 6751299 200.6806 359.5042 00.37811954005653
0 OGO 1
1 00879U 64054A   17362.63415932  .00000294  00000-0  00000+0 0  9999
2 00879  84.1093 329.6036 6751299 200.6806 359.5042  0.37811954 18163
0 OGO 1
1 00879U 64054A   17365.28052892  .00000101  00000-0  00000+0 0  9992
2 00879  84.1067 329.5837 6758201 200.6834 359.5468  0.37833835 18178
0 OGO 1
1   879U 64054A   18002.92384118 -.00000061 +00000-0 +00000-0 0  9998
2   879 084.0944 329.5658 6771756 200.7084 359.0772 00.37801951005689
0 OGO 1
1 00879U 64054A   18002.92516138 -.00000061  00000-0  00000+0 0  9996
2 00879  84.0944 329.5656 6771725 200.7080 359.2571  0.37802276 18188
0 OGO 1
1 00879U 64054A   18005.57066933 -.00000039  00000-0  00000+0 0  9998
2 00879  84.0570 329.5477 6782017 200.7365 359.0805  0.37765917 18195
0 OGO 1
1 00879U 64054A   18008.21575390 -.00000006  00000-0  00000+0 0  9998
2 00879  84.0432 329.5343 6786579 200.7587 358.8806  0.37777113 18208
0 OGO 1
1 00879U 64054A   18008.21700258 -.00000006  00000-0  00000+0 0  9991
2 00879  84.0433 329.5345 6786526 200.7589 359.0504  0.37778291 18201
0 OGO 1
1 00879U 64054A   18008.21812111 -.00000006  00000-0  00000+0 0  9993
2 00879  84.0433 329.5343 6786573 200.7588 359.2027  0.37777358 18205
0 OGO 1
1   879U 64054A   18008.21834494 -.00000006 +00000-0 +00000-0 0  9992
2   879 084.0431 329.5345 6786503 200.7589 359.2331 00.37778418005706
0 OGO 1
1 00879U 64054A   18010.86370415 -.00000106  00000-0  00000+0 0  9994
2 00879  84.0317 329.5152 6790804 200.7860 359.0495  0.37806625 18217
0 OGO 1
1   879U 64054A   18013.51046517 -.00000225 +00000-0 +00000-0 0  9995
2   879 083.9877 329.4841 6796309 200.8021 359.0820 00.37810550005722
0 OGO 1
1 00879U 64054A   18013.51072911 -.00000225  00000-0  00000+0 0  9991
2 00879  83.9878 329.4842 6796303 200.8028 359.1181  0.37811120 18229
0 OGO 1
1   879U 64054A   18016.15542752 -.00000252 +00000-0 +00000-0 0  9990
2   879 083.9436 329.4533 6803629 200.7890 358.9662 00.37786208005733
0 OGO 1
1 00879U 64054A   18016.15666405 -.00000252  00000-0  00000+0 0  9991
2 00879  83.9436 329.4533 6803663 200.7890 359.1346  0.37785747 18239
0 OGO 1
1 00879U 64054A   18018.80172447 -.00000200  00000-0  00000+0 0  9996
2 00879  83.9361 329.4349 6815837 200.7698 359.0391  0.37762213 18246
0 OGO 1
1 00879U 64054A   18021.44623858 -.00000105  00000-0  00000+0 0  9991
2 00879  83.8992 329.4153 6830564 200.7892 358.7373  0.37757084 18255
0 OGO 1
1 00879U 64054A   18024.09415305 -.00000073  00000-0  00000+0 0  9995
2 00879  83.8222 329.3861 6836942 200.8128 358.9323  0.37785748 18261
0 OGO 1
1   879U 64054A   18024.09532401 -.00000073 +00000-0 +00000-0 0  9993
2   879 083.8223 329.3859 6836956 200.8129 359.0916 00.37785593005753
0 OGO 1
1   879U 64054A   18024.09672923 -.00000073 +00000-0 +00000-0 0  9997
2   879 083.8223 329.3859 6836955 200.8129 359.2827 00.37785652005762
0 OGO 1
1 00879U 64054A   18026.74243350 -.00000220  00000-0  00000+0 0  9992
2 00879  83.8025 329.3635 6841888 200.8175 359.2379  0.37817522 18270
0 OGO 1
1 00879U 64054A   18029.38787200 -.00000427  00000-0  00000+0 0  9991
2 00879  83.7928 329.3441 6853319 200.8359 359.0817  0.37802188 18280
0 OGO 1
1   879U 64054A   18029.38940760 -.00000427 +00000-0 +00000-0 0  9994
2   879 083.7929 329.3439 6853328 200.8357 359.2908 00.37802120005775
0 OGO 1
1 00879U 64054A   18032.03323285 -.00000463  00000-0  00000+0 0  9996
2 00879  83.7561 329.3247 6865108 200.8642 358.8828  0.37758287 18291
0 OGO 1
1   879U 64054A   18032.03451105 -.00000463 +00000-0 +00000-0 0  9990
2   879 083.7555 329.3249 6864601 200.8647 359.0576 00.37764713005793
0 OGO 1
1 00879U 64054A   18034.67920451 -.00000401  00000-0  00000+0 0  9998
2 00879  83.7321 329.3095 6871233 200.8886 358.7899  0.37754584 18307
0 OGO 1
1 00879U 64054A   18037.32737467 -.00000454  00000-0  00000+0 0  9994
2 00879  83.7199 329.2917 6875161 200.9162 358.9858  0.37785487 18318
0 OGO 1
1   879U 64054A   18037.32782052 -.00000454 +00000-0 +00000-0 0  9995
2   879 083.7199 329.2917 6875168 200.9161 359.0466 00.37785276005807
0 OGO 1
1 00879U 64054A   18037.32871679 -.00000454  00000-0  00000+0 0  9998
2 00879  83.7215 329.2913 6874977 200.9159 359.1689  0.37788091 18312
0 OGO 1
1 00879U 64054A   18039.97499410 -.00000579  00000-0  00000+0 0  9998
2 00879  83.6803 329.2619 6880034 200.9385 359.1158  0.37801794 18327
0 OGO 1
1 00879U 64054A   18042.62240570 -.00000626  00000-0  00000+0 0  9998
2 00879  83.6256 329.2278 6886350 200.9350 359.3048  0.37781533 18338
0 OGO 1
1   879U 64054A   18045.26802807 -.00000574 +00000-0 +00000-0 0  9991
2   879 083.6055 329.2050 6896367 200.9104 359.3077 00.37754507018343
0 OGO 1
1   879U 64054A   18047.91299436 -.00000463 +00000-0 +00000-0 0  9990
2   879 083.5843 329.1866 6910941 200.9169 359.1095 00.37748780018352
0 OGO 1
1 00879U 64054A   18050.56021711 -.00000365  00000-0  00000+0 0  9994
2 00879  83.4985 329.1546 6919974 200.9421 359.1840  0.37764901 18361
0 OGO 1
1 00879U 64054A   18053.21070593 -.00000419  00000-0  00000+0 0  9991
2 00879  83.4585 329.1296 6923821 200.9443 359.8019  0.37800295 18372
0 OGO 1
1 00879U 64054A   18055.85661684 -.00000606  00000-0  00000+0 0  9998
2 00879  83.4530 329.1099 6932915 200.9564 359.7326  0.37804558 18388
0 OGO 1
1 00879U 64054A   18058.50187318 -.00000683  00000-0  00000+0 0  9995
2 00879  83.4168 329.0886 6944625 200.9801 359.5309  0.37761260 18395
0 OGO 1
1 00879U 64054A   18061.14835471 -.00000595  00000-0  00000+0 0  9991
2 00879  83.3860 329.0724 6952075 200.9992 359.5157  0.37740474 18400
0 OGO 1
1 00879U 64054A   18063.79646313 -.00000567  00000-0  00000+0 0  9998
2 00879  83.3739 329.0560 6956164 201.0250 359.7071  0.37769905 18413
0 OGO 1
1 00879U 64054A   18066.44426376 -.00000657  00000-0  00000+0 0  9998
2 00879  83.3396 329.0274 6960555 201.0513 359.8509  0.37794665 18424
0 OGO 1
1 00879U 64054A   18069.09187671 -.00000707  00000-0  00000+0 0  9990
2 00879  83.2799 328.9909 6965812 201.0542   0.0459  0.37786316 18430
0 OGO 1
1 00879U 64054A   18071.73796811 -.00000645  00000-0  00000+0 0  9997
2 00879  83.2450 328.9628 6973797 201.0272   0.1238  0.37758366 18444
0 OGO 1
1 00879U 64054A   18074.38361331 -.00000508  00000-0  00000+0 0  9994
2 00879  83.2359 328.9459 6987741 201.0124   0.0826  0.37740538 18459
0 OGO 1
1 00879U 64054A   18077.03001333 -.00000352  00000-0  00000+0 0  9999
2 00879  83.1574 328.9141 6999800 201.0373   0.0329  0.37750698 18467
0 OGO 1
1 00879U 64054A   18079.67857790 -.00000304  00000-0  00000+0 0  9994
2 00879  83.0905 328.8819 7003137 201.0394   0.3916  0.37788378 18470
0 OGO 1
1   879U 64054A   18079.67859812 -.00000304 +00000-0 +00000-0 0  9992
2   879 083.0908 328.8816 7003112 201.0389 000.3943 00.37788470005960
0 OGO 1
1   879U 64054A   18082.32635193 -.00000431 +00000-0 +00000-0 0  9993
2   879 083.0915 328.8628 7009975 201.0409 000.6186 00.37812430005972
0 OGO 1
1 00879U 64054A   18082.32635193 -.00000431  00000-0  00000+0 0  9992
2 00879  83.0915 328.8628 7009975 201.0409   0.6186  0.37812430 18482
0 OGO 1
1 00879U 64054A   18084.97161488 -.00000536  00000-0  00000+0 0  9992
2 00879  83.0645 328.8409 7021494 201.0615   0.4208  0.37780856 18498
0 OGO 1
1 00879U 64054A   18084.97162241 -.00000536  00000-0  00000+0 0  9990
2 00879  83.0644 328.8410 7021433 201.0615   0.4224  0.37781921 18494
0 OGO 1
1   879U 64054A   18087.61709684 -.00000453 +00000-0 +00000-0 0  9991
2   879 083.0247 328.8225 7029891 201.0767 000.2787 00.37747323018503
0 OGO 1
1 00879U 64054A   18090.26511665 -.00000353  00000-0  00000+0 0  9994
2 00879  83.0140 328.8075 7034481 201.0951   0.4760  0.37763952 18514
0 OGO 1
1 00879U 64054A   18092.91219295 -.00000394  00000-0  00000+0 0  9997
2 00879  82.9914 328.7820 7038606 201.1227   0.5139  0.37797596 18521
0 OGO 1
1 00879U 64054A   18095.55939867 -.00000452  00000-0  00000+0 0  9999
2 00879  82.9336 328.7439 7043353 201.1345   0.6234  0.37800125 18532
0 OGO 1
1   879U 64054A   18095.55991319 -.00000452 +00000-0 +00000-0 0  9990
2   879 082.9338 328.7441 7043343 201.1341 000.6935 00.37800120006037
0 OGO 1
1 00879U 64054A   18098.20636637 -.00000399  00000-0  00000+0 0  9993
2 00879  82.8861 328.7108 7049755 201.1110   0.8092  0.37776254 18549
0 OGO 1
1 00879U 64054A   18100.85135742 -.00000255  00000-0  00000+0 0  9990
2 00879  82.8799 328.6928 7061520 201.0818   0.7306  0.37754432 18558
0 OGO 1
1 00879U 64054A   18103.49658028 -.00000073  00000-0  00000+0 0  9998
2 00879  82.8329 328.6682 7076016 201.0926   0.5451  0.37755192 18564
0 OGO 1
1 00879U 64054A   18103.49968934 -.00000073  00000-0  00000+0 0  9998
2 00879  82.8329 328.6682 7075975 201.0929   0.9677  0.37755793 18561
0 OGO 1
1   879U 64054A   18103.49969018 -.00000073 +00000-0 +00000-0 0  9993
2   879 082.8330 328.6683 7076005 201.0927 000.9677 00.37755420006066
0 OGO 1
1 00879U 64054A   18103.49969018 -.00000073  00000-0  00000+0 0  9992
2 00879  82.8330 328.6683 7076005 201.0927   0.9677  0.37755420 18564
0 OGO 1
1 00879U 64054A   18211.98633996 -.00000324  00000-0  00000+0 0  9998
2 00879  81.4050 327.6265 7402306 201.3096 359.3250  0.37740483 18976
0 OGO 1
1 00879U 64054A   18220.62536176 -.00000539  00000-0  10000-3 0  9994
2 00879  81.2470 327.5365 7425373 201.3068  94.6769  0.37784494 19007
0 OGO 1
1 00879U 64054A   18230.51220613 -.00000721  00000-0  00000+0 0  9997
2 00879  81.1036 327.4348 7450477 201.4062 359.4169  0.37799918 19049
0 OGO 1
1 00879U 64054A   18230.51300578 -.00000721  00000-0  00000+0 0  9996
2 00879  81.1036 327.4348 7450325 201.4033 359.5278  0.37801569 19047
0 OGO 1
1   879U 64054A   18230.51323126 -.00000721 +00000-0 +00000-0 0  9991
2   879 081.1036 327.4348 7450326 201.4033 359.5586 00.37801588006542
0 OGO 1
1   879U 64054A   18230.51327465 -.00000721 +00000-0 +00000-0 0  9991
2   879 081.1035 327.4348 7450354 201.4032 359.5658 00.37801115006547
0 OGO 1
1   879U 64054A   18233.15887165 -.00000826 +00000-0 +00000-0 0  9998
2   879 081.0307 327.3914 7456014 201.4034 359.4963 00.37784447006554
0 OGO 1
1 00879U 64054A   18233.15929547 -.00000826  00000-0  00000+0 0  9998
2 00879  81.0307 327.3915 7455973 201.4035 359.5535  0.37784774 19057
0 OGO 1
1   879U 64054A   18233.15948019 -.00000826 +00000-0 +00000-0 0  9994
2   879 081.0307 327.3914 7455988 201.4037 359.5788 00.37784673006553
0 OGO 1
1 00879U 64054A   18235.80556265 -.00000780  00000-0  00000+0 0  9994
2 00879  80.9908 327.3606 7464414 201.3759 359.6571  0.37753715 19064
0 OGO 1
1 00879U 64054A   18238.45014734 -.00000647  00000-0  00000+0 0  9990
2 00879  80.9654 327.3384 7478235 201.3616 359.4561  0.37735864 19076
0 OGO 1
1 00879U 64054A   18241.09693256 -.00000504  00000-0  00000+0 0  9998
2 00879  80.8669 327.2987 7488589 201.3753 359.4857  0.37746380 19088
0 OGO 1
1 00879U 64054A   18243.74611040 -.00000466  00000-0  00000+0 0  9990
2 00879  80.7981 327.2634 7492206 201.3720 359.9394  0.37784355 19094
0 OGO 1
1   879U 64054A   18243.74760877 -.00000466 +00000-0 +00000-0 0  9994
2   879 080.7983 327.2633 7492176 201.3718 000.1431 00.37784674006590
0 OGO 1
1   879U 64054A   18243.74771634 -.00000466 +00000-0 +00000-0 0  9997
2   879 080.7983 327.2633 7492176 201.3718 000.1577 00.37784689006597
0 OGO 1
1   879U 64054A   18246.39313626 -.00000604 +00000-0 +00000-0 0  9998
2   879 080.7888 327.2408 7499142 201.3705 000.0635 00.37808382006600
0 OGO 1
1 00879U 64054A   18246.39344187 -.00000604  00000-0  00000+0 0  9993
2 00879  80.7888 327.2408 7499164 201.3710   0.1053  0.37808023 19106
0 OGO 1
1   879U 64054A   18246.39370411 -.00000604 +00000-0 +00000-0 0  9993
2   879 080.7888 327.2408 7499151 201.3707 000.1408 00.37808270006607
0 OGO 1
1 00879U 64054A   18249.03904985 -.00000742  00000-0  00000+0 0  9998
2 00879  80.7508 327.2138 7510013 201.3867 359.9598  0.37775894 19114
0 OGO 1
1   879U 64054A   18249.03983919 -.00000742 +00000-0 +00000-0 0  9993
2   879 080.7508 327.2137 7510070 201.3866 000.0669 00.37774590006611
0 OGO 1
1 00879U 64054A   18249.03988351 -.00000742  00000-0  00000+0 0  9997
2 00879  80.7507 327.2137 7510084 201.3867   0.0731  0.37774440 19119
0 OGO 1
1 00879U 64054A   18251.68555431 -.00000693  00000-0  00000+0 0  9995
2 00879  80.7014 327.1894 7518273 201.4037 359.9376  0.37741193 19120
0 OGO 1
1 00879U 64054A   18254.33178571 -.00000622  00000-0  00000+0 0  9998
2 00879  80.6782 327.1687 7522868 201.4227 359.8701  0.37759970 19131
0 OGO 1
1   879U 64054A   18254.33553158 -.00000622 +00000-0 +00000-0 0  9997
2   879 080.6782 327.1687 7522854 201.4230 000.3793 00.37760437006630
0 OGO 1
1 00879U 64054A   18256.98042063 -.00000715  00000-0  00000+0 0  9990
2 00879  80.6397 327.1357 7527004 201.4467   0.1148  0.37794295 19141
0 OGO 1
1   879U 64054A   18256.98247886 -.00000715 +00000-0 +00000-0 0  9991
2   879 080.6398 327.1356 7526993 201.4466 000.3951 00.37794810006644
0 OGO 1
1   879U 64054A   18259.62871246 -.00000829 +00000-0 +00000-0 0  9994
2   879 080.5646 327.0899 7531843 201.4536 000.3801 00.37792133006659
0 OGO 1
1 00879U 64054A   18259.62876446 -.00000829  00000-0  00000+0 0  9990
2 00879  80.5646 327.0899 7531841 201.4536   0.3873  0.37792179 19155
0 OGO 1
1   879U 64054A   18259.62876714 -.00000829 +00000-0 +00000-0 0  9999
2   879 080.5646 327.0900 7531858 201.4537 000.3876 00.37791860006646
0 OGO 1
1   879U 64054A   18259.62877289 -.00000829 +00000-0 +00000-0 0  9997
2   879 080.5646 327.0900 7531857 201.4537 000.3884 00.37791882006659
0 OGO 1
1 00879U 64054A   18262.27479392 -.00000791  00000-0  00000+0 0  9992
2 00879  80.5081 327.0522 7538761 201.4293   0.4532  0.37761123 19168
0 OGO 1
1   879U 64054A   18262.27479392 -.00000791 +00000-0 +00000-0 0  9993
2   879 080.5081 327.0522 7538761 201.4293 000.4532 00.37761123019168
0 OGO 1
1 00879U 64054A   18264.91986002 -.00000634  00000-0  00000+0 0  9992
2 00879  80.4888 327.0296 7550995 201.4034   0.3695  0.37740194 19171
0 OGO 1
1   879U 64054A   18264.91986002 -.00000634 +00000-0 +00000-0 0  9993
2   879 080.4888 327.0296 7550995 201.4034 000.3695 00.37740194006661
0 OGO 1
1   879U 64054A   18267.56704298 -.00000443 +00000-0 +00000-0 0  9990
2   879 080.4069 326.9919 7563885 201.4108 000.4570 00.37740116019184
0 OGO 1
1   879U 64054A   18270.21465519 -.00000313 +00000-0 +00000-0 0  9992
2   879 080.3077 326.9468 7568294 201.4117 000.6812 00.37774647019198
0 OGO 1
1   879U 64054A   18270.21633541 -.00000313 +00000-0 +00000-0 0  9994
2   879 080.3076 326.9469 7568325 201.4115 000.9096 00.37774088006698
0 OGO 1
1   879U 64054A   18270.21661438 -.00000313 +00000-0 +00000-0 0  9990
2   879 080.3077 326.9468 7568290 201.4117 000.9475 00.37774805006699
0 OGO 1
1   879U 64054A   18272.86227073 -.00000359 +00000-0 +00000-0 0  9996
2   879 080.2938 326.9223 7573422 201.4024 000.9265 00.37812001006703
0 OGO 1
1   879U 64054A   18272.86252124 -.00000359 +00000-0 +00000-0 0  9991
2   879 080.2939 326.9222 7573423 201.4023 000.9606 00.37811999006695
0 OGO 1
1   879U 64054A   18272.86254604 -.00000359  00000-0  00000+0 0  9995
2   879  80.2938 326.9223 7573423 201.4024   0.9640  0.37812003 19202
0 OGO 1
1   879U 64054A   18272.86254604 -.00000359 +00000-0 +00000-0 0  9996
2   879 080.2938 326.9223 7573423 201.4024 000.9640 00.37812003006691
0 OGO 1
1   879U 64054A   18275.50787633 -.00000490 +00000-0 +00000-0 0  9999
2   879 080.2705 326.8965 7583733 201.4150 000.7959 00.37798044006712
0 OGO 1
1   879U 64054A   18275.50803666 -.00000490  00000-0  00000+0 0  9993
2   879  80.2705 326.8965 7583733 201.4150   0.8180  0.37798062 19218
0 OGO 1
1   879U 64054A   18275.50827646 -.00000490 +00000-0 +00000-0 0  9998
2   879 080.2705 326.8965 7583703 201.4149 000.8504 00.37798773006713
0 OGO 1
1   879U 64054A   18278.15327364 -.00000468  00000-0  00000+0 0  9998
2   879  80.2138 326.8680 7592854 201.4306   0.6266  0.37753734 19220
0 OGO 1
1   879U 64054A   18278.15476771 -.00000468 +00000-0 +00000-0 0  9996
2   879 080.2138 326.8681 7592846 201.4307 000.8296 00.37753973006724
0 OGO 1
1   879U 64054A   18280.80039145 -.00000339  00000-0  00000+0 0  9997
2   879  80.1865 326.8476 7598064 201.4442   0.6994  0.37756905 19231
0 OGO 1
1   879U 64054A   18283.44821444 -.00000352  00000-0  00000+0 0  9996
2   879  80.1606 326.8187 7602165 201.4682   0.8288  0.37797543 19249
0 OGO 1
1   879U 64054A   18283.44915090 -.00000352 +00000-0 +00000-0 0  9998
2   879 080.1606 326.8187 7602170 201.4683 000.9563 00.37797509006746
0 OGO 1
1   879U 64054A   18283.44985900 -.00000352 +00000-0 +00000-0 0  9995
2   879 080.1606 326.8188 7602169 201.4681 001.0527 00.37797461006742
0 OGO 1
1   879U 64054A   18286.09576276 -.00000464 +00000-0 +00000-0 0  9995
2   879 080.0897 326.7719 7606621 201.4851 000.9561 00.37809785006758
0 OGO 1
1   879U 64054A   18286.09578049 -.00000464 +00000-0 +00000-0 0  9995
2   879 080.0897 326.7719 7606620 201.4850 000.9586 00.37809793006752
0 OGO 1
1   879U 64054A   18286.09579262 -.00000464 +00000-0 +00000-0 0  9993
2   879 080.0897 326.7719 7606618 201.4846 000.9603 00.37809852006750
0 OGO 1
1   879U 64054A   18286.09582523 -.00000464  00000-0  00000+0 0  9996
2   879  80.0899 326.7720 7606617 201.4844   0.9646  0.37809823 19255
0 OGO 1
1   879U 64054A   18288.74104565 -.00000456 +00000-0 +00000-0 0  9998
2   879 080.0181 326.7271 7612347 201.4689 000.8972 00.37784173006767
0 OGO 1
1   879U 64054A   18288.74177754 -.00000456 +00000-0 +00000-0 0  9998
2   879 080.0181 326.7270 7612359 201.4689 000.9968 00.37783995006766
0 OGO 1
1   879U 64054A   18288.74235311 -.00000456  00000-0  00000+0 0  9991
2   879  80.0182 326.7270 7612323 201.4687   1.0751  0.37784682 19261
0 OGO 1
1   879U 64054A   18288.74236803 -.00000456 +00000-0 +00000-0 0  9999
2   879 080.0181 326.7270 7612334 201.4687 001.0771 00.37784492006753
0 OGO 1
1   879U 64054A   18291.38695614 -.00000299 +00000-0 +00000-0 0  9997
2   879 079.9950 326.7008 7622808 201.4357 000.9628 00.37755855006765
0 OGO 1
1   879U 64054A   18291.38695627 -.00000299  00000-0  00000+0 0  9990
2   879  79.9949 326.7008 7622816 201.4356   0.9629  0.37755704 19275
0 OGO 1
1   879U 64054A   18291.38707544 -.00000299 +00000-0 +00000-0 0  9993
2   879 079.9949 326.7009 7622743 201.4358 000.9790 00.37757465006773
0 OGO 1
1   879U 64054A   18294.03220271 -.00000086  00000-0  00000+0 0  9998
2   879  79.9435 326.6707 7636812 201.4315   0.8168  0.37752459 19288
0 OGO 1
1   879U 64054A   18296.67908625  .00000097  00000-0  00000+0 0  9997
2   879  79.8274 326.6196 7643881 201.4405   0.8981  0.37775362 19296
0 OGO 1
1   879U 64054A   18296.67908625 +.00000097 +00000-0 +00000-0 0  9998
2   879 079.8274 326.6196 7643881 201.4405 000.8981 00.37775362006786
0 OGO 1
1   879U 64054A   18296.68129544 +.00000097 +00000-0 +00000-0 0  9994
2   879 079.8275 326.6195 7643887 201.4405 001.1987 00.37775455006796
0 OGO 1
1   879U 64054A   18296.68155917 +.00000097 +00000-0 +00000-0 0  9997
2   879 079.8273 326.6197 7643871 201.4405 001.2346 00.37775896006798
0 OGO 1
1   879U 64054A   18299.32755182  .00000129  00000-0  00000+0 0  9996
2   879  79.7907 326.5874 7647438 201.4283   1.2835  0.37818295 19304
0 OGO 1
1   879U 64054A   18301.97138664 +.00000012 +00000-0 +00000-0 0  9993
2   879 079.7880 326.5654 7656837 201.4323 000.9425 00.37824798006816
0 OGO 1
1   879U 64054A   18301.97217116 +.00000012 +00000-0 +00000-0 0  9993
2   879 079.7880 326.5654 7656787 201.4323 001.0490 00.37826370006812
0 OGO 1
1   879U 64054A   18301.97319428 +.00000012 +00000-0 +00000-0 0  9992
2   879 079.7881 326.5655 7656790 201.4322 001.1876 00.37826334006805
0 OGO 1
1   879U 64054A   18301.97319428  .00000012  00000-0  00000+0 0  9991
2   879  79.7881 326.5655 7656790 201.4322   1.1876  0.37826334 19315
0 OGO 1
1   879U 64054A   18304.61765521 -.00000025  00000-0  00000+0 0  9999
2   879  79.7339 326.5345 7667309 201.4509   0.8692  0.37782107 19326
0 OGO 1
1   879U 64054A   18304.61793075 -.00000025 +00000-0 +00000-0 0  9995
2   879 079.7339 326.5345 7667312 201.4509 000.9067 00.37782142006827
0 OGO 1
1   879U 64054A   18304.61814284 -.00000025 +00000-0 +00000-0 0  9991
2   879 079.7339 326.5345 7667276 201.4510 000.9356 00.37782795006823
0 OGO 1
1   879U 64054A   18304.61827469 -.00000025 +00000-0 +00000-0 0  9990
2   879 079.7339 326.5344 7667323 201.4511 000.9535 00.37781851006816
0 OGO 1
1   879U 64054A   18307.26286346  .00000098  00000-0  00000+0 0  9995
2   879  79.6918 326.5111 7673279 201.4627   0.6862  0.37764507 19335
0 OGO 1
1   879U 64054A   18307.26461912 +.00000098 +00000-0 +00000-0 0  9990
2   879 079.6919 326.5110 7673324 201.4629 000.9249 00.37763413006836
0 OGO 1
1   879U 64054A   18307.26483186 +.00000098 +00000-0 +00000-0 0  9997
2   879 079.6918 326.5111 7673304 201.4625 000.9538 00.37764174006836
0 OGO 1
1   879U 64054A   18309.90994228  .00000142  00000-0  00000+0 0  9993
2   879  79.6791 326.4890 7677301 201.4813   0.7265  0.37801165 19345
0 OGO 1
1   879U 64054A   18309.91123402 +.00000142 +00000-0 +00000-0 0  9993
2   879 079.6792 326.4890 7677302 201.4812 000.9023 00.37801225006837
0 OGO 1
1   879U 64054A   18309.91160801 +.00000142 +00000-0 +00000-0 0  9997
2   879 079.6791 326.4890 7677309 201.4814 000.9532 00.37801094006845
0 OGO 1
1   879U 64054A   18309.91179733 +.00000142 +00000-0 +00000-0 0  9991
2   879 079.6792 326.4890 7677303 201.4813 000.9791 00.37801216006842
0 OGO 1
1   879U 64054A   18312.55710539  .00000025  00000-0  00000+0 0  9999
2   879  79.6249 326.4470 7681756 201.5046   0.7637  0.37827081 19354
0 OGO 1
1   879U 64054A   18312.55757911 +.00000025 +00000-0 +00000-0 0  9995
2   879 079.6249 326.4469 7681699 201.5047 000.8282 00.37828815006853
0 OGO 1
1   879U 64054A   18315.20229114 -.00000037 +00000-0 +00000-0 0  9993
2   879 079.5427 326.3968 7686795 201.5006 000.6446 00.37809826006862
0 OGO 1
1   879U 64054A   18315.20436938 -.00000037  00000-0  00000+0 0  9996
2   879  79.5426 326.3968 7686805 201.5009   0.9274  0.37809739 19360
0 OGO 1
1   879U 64054A   18317.84841409 +.00000068 +00000-0 +00000-0 0  9995
2   879 079.5059 326.3641 7695450 201.4677 000.7456 00.37778543006876
0 OGO 1
1   879U 64054A   18317.84882342 +.00000068 +00000-0 +00000-0 0  9996
2   879 079.5059 326.3641 7695455 201.4677 000.8012 00.37778429006873
0 OGO 1
1   879U 64054A   18317.84916665  .00000068  00000-0  00000+0 0  9991
2   879  79.5058 326.3640 7695445 201.4677   0.8478  0.37778605 19371
0 OGO 1
1   879U 64054A   18320.49264945  .00000259  00000-0  00000+0 0  9995
2   879  79.4796 326.3401 7709376 201.4499   0.5054  0.37764422 19385
0 OGO 1
1   879U 64054A   18323.13870444  .00000444  00000-0  00000+0 0  9992
2   879  79.3742 326.2938 7719626 201.4609   0.4424  0.37778724 19392
0 OGO 1
1   879U 64054A   18323.13882002  .00000444  00000-0  00000+0 0  9995
2   879  79.3743 326.2940 7719594 201.4608   0.4593  0.37779634 19397
0 OGO 1
1   879U 64054A   18323.14095279  .00000444  00000-0  00000+0 0  9998
2   879  79.3742 326.2940 7719585 201.4609   0.7481  0.37779786 19394
0 OGO 1
1   879U 64054A   18323.14116518 +.00000444 +00000-0 +00000-0 0  9999
2   879 079.3742 326.2940 7719581 201.4609 000.7770 00.37779871006897
0 OGO 1
1   879U 64054A   18325.78656524  .00000513  00000-0  00000+0 0  9993
2   879  79.3009 326.2514 7723127 201.4543   0.7314  0.37817685 19409
0 OGO 1
1   879U 64054A   18328.43262717  .00000402  00000-0  00000+0 0  9992
2   879  79.3033 326.2295 7730679 201.4461   0.7420  0.37841541 19418
0 OGO 1
1   879U 64054A   18331.07540015 +.00000281 +00000-0 +00000-0 0  9992
2   879 079.2673 326.2009 7742385 201.4640 000.1916 00.37811497006929
0 OGO 1
1   879U 64054A   18331.07639550 +.00000281 +00000-0 +00000-0 0  9995
2   879 079.2673 326.2008 7742411 201.4645 000.3270 00.37811049006921
0 OGO 1
1   879U 64054A   18331.07701448  .00000281  00000-0  00000+0 0  9990
2   879  79.2671 326.2007 7742409 201.4646   0.4111  0.37810972 19424
0 OGO 1
1   879U 64054A   18333.72113347  .00000332  00000-0  00000+0 0  9996
2   879  79.2073 326.1713 7750328 201.4811   0.0589  0.37773633 19434
0 OGO 1
1   879U 64054A   18333.72239093 +.00000332 +00000-0 +00000-0 0  9994
2   879 079.2073 326.1714 7750297 201.4810 000.2299 00.37774551006930
0 OGO 1
1   879U 64054A   18333.72243919 +.00000332 +00000-0 +00000-0 0  9996
2   879 079.2073 326.1713 7750286 201.4814 000.2364 00.37774528006938
0 OGO 1
1   879U 64054A   18336.36745486  .00000392  00000-0  00000+0 0  9990
2   879  79.1900 326.1519 7754422 201.4943   0.0188  0.37795179 19446
0 OGO 1
1   879U 64054A   18336.36878517 +.00000392 +00000-0 +00000-0 0  9993
2   879 079.1900 326.1520 7754432 201.4943 000.1998 00.37795077006947
0 OGO 1
1   879U 64054A   18339.01471931  .00000266  00000-0  00000+0 0  9996
2   879  79.1577 326.1190 7758914 201.5170   0.0653  0.37831864 19454
0 OGO 1
1   879U 64054A   18339.01478036 +.00000266 +00000-0 +00000-0 0  9990
2   879 079.1576 326.1190 7758869 201.5178 000.0736 00.37833207006956
0 OGO 1
1   879U 64054A   18341.66110071  .00000111  00000-0  00000+0 0  9994
2   879  79.0743 326.0677 7763984 201.5262   0.0591  0.37827140 19466
0 OGO 1
1   879U 64054A   18344.30600469  .00000120  00000-0  00000+0 0  9993
2   879  79.0147 326.0263 7771281 201.4999 359.9785  0.37793165 19471
0 OGO 1
1   879U 64054A   18346.95029617  .00000254  00000-0  00000+0 0  9994
2   879  78.9955 326.0023 7784193 201.4735 359.7840  0.37769789 19480
0 OGO 1
1   879U 64054A   18349.59489474  .00000407  00000-0  00000+0 0  9998
2   879  78.9132 325.9641 7796962 201.4788 359.5224  0.37772956 19491
0 OGO 1
1   879U 64054A   18349.59489474 +.00000407 +00000-0 +00000-0 0  9999
2   879 078.9132 325.9641 7796962 201.4788 359.5224 00.37772956006981
0 OGO 1
1   879U 64054A   18352.24197131  .00000484  00000-0  00000+0 0  9995
2   879  78.8123 325.9164 7802172 201.4811 359.6669  0.37804562 19503
0 OGO 1
1   879U 64054A   18354.89157648  .00000384  00000-0  00000+0 0  9996
2   879  78.7928 325.8879 7807860 201.4701   0.1873  0.37836791 19519
0 OGO 1
1   879U 64054A   18357.53551352  .00000191  00000-0  00000+0 0  9996
2   879  78.7736 325.8615 7819275 201.4800 359.8253  0.37823030 19526
0 OGO 1
1   879U 64054A   18360.17736971  .00000139  00000-0  00000+0 0  9994
2   879  78.7076 325.8273 7829609 201.5034 359.1358  0.37776811 19539
0 OGO 1
1   879U 64054A   18360.17845186  .00000139  00000-0  00000+0 0  9993
2   879  78.7076 325.8273 7829560 201.5033 359.2820  0.37777964 19539
0 OGO 1
1   879U 64054A   18360.17917755 +.00000139 +00000-0 +00000-0 0  9996
2   879 078.7077 325.8273 7829607 201.5031 359.3807 00.37777195007034
0 OGO 1
1   879U 64054A   18362.82348423  .00000186  00000-0  00000+0 0  9991
2   879  78.6681 325.8030 7834658 201.5186 359.0570  0.37776128 19546
0 OGO 1
1   879U 64054A   18362.82582433 +.00000186 +00000-0 +00000-0 0  9993
2   879 078.6681 325.8029 7834683 201.5188 359.3751 00.37775566007045
0 OGO 1
1   879U 64054A   18365.47119111  .00000077  00000-0  00000+0 0  9994
2   879  78.6458 325.7763 7838803 201.5375 359.1699  0.37816900 19553
0 OGO 1
1   879U 64054A   19003.11755667 -.00000147 +00000-0 +00000-0 0  9997
2   879 078.5718 325.7280 7844066 201.5555 359.1197 00.37826124007068
0 OGO 1
1   879U 64054A   19003.11844759 -.00000147  00000-0  00000+0 0  9997
2   879  78.5718 325.7280 7844064 201.5553 359.2412  0.37826226 19566
0 OGO 1
1   879U 64054A   19005.76310061 -.00000241 +00000-0 +00000-0 0  9990
2   879 078.4895 325.6783 7850441 201.5431 359.0797 00.37793467007076
0 OGO 1
1   879U 64054A   19005.76403590 -.00000241  00000-0  00000+0 0  9999
2   879  78.4895 325.6782 7850464 201.5433 359.2071  0.37793264 19572
0 OGO 1
1   879U 64054A   19008.40801402 -.00000168  00000-0  00000+0 0  9995
2   879  78.4597 325.6486 7861563 201.5139 358.9879  0.37761245 19584
0 OGO 1
1   879U 64054A   19011.05341881 -.00000041  00000-0  00000+0 0  9990
2   879  78.3969 325.6148 7875434 201.5120 358.8456  0.37754371 19596
0 OGO 1
1   879U 64054A   19011.05558660 -.00000041 +00000-0 +00000-0 0  9996
2   879 078.3968 325.6148 7875370 201.5119 359.1402 00.37756280007090
0 OGO 1
1   879U 64054A   19011.05558660 -.00000041  00000-0  00000+0 0  9995
2   879  78.3968 325.6148 7875370 201.5119 359.1402  0.37756280 19598
0 OGO 1
1   879U 64054A   19011.05558660 -.00000041 +00000-0 +00000-0 0  9996
2   879 078.3968 325.6148 7875370 201.5119 359.1402 00.37756280019598
0 OGO 1
1   879U 64054A   19011.05558660 -.00000041  00000-0  00000+0 0  9995
2   879  78.3968 325.6148 7875370 201.5119 359.1402  0.37756280 19598
0 OGO 1
1   879U 64054A   19199.47734569 -.00000487  00000-0  00000+0 0  9996
2   879  73.6325 322.4899 8371356 201.6057  71.8282  0.37766867 20306
0 OGO 1
1   879U 64054A   19204.23321174 -.00000251  00000-0  00000+0 0  9990
2   879  73.4096 322.3761 8390307 201.6113 358.8543  0.37757315 20324
0 OGO 1
1   879U 64054A   19204.23601908 -.00000251 +00000-0 +00000-0 0  9997
2   879 073.4093 322.3760 8390326 201.6111 359.2369 00.37756904007823
0 OGO 1
1   879U 64054A   19206.88215484 -.00000244 +00000-0 +00000-0 0  9992
2   879 073.3254 322.3222 8393954 201.6025 359.2994 00.37796960007839
0 OGO 1
1   879U 64054A   19206.88233548 -.00000244  00000-0  00000+0 0  9992
2   879  73.3256 322.3223 8393989 201.6031 359.3218  0.37796658 20331
0 OGO 1
1   879U 64054A   19209.52720099 -.00000396 +00000-0 +00000-0 0  9997
2   879 073.2923 322.2837 8400990 201.5958 359.1565 00.37814150007841
0 OGO 1
1   879U 64054A   19209.52784704 -.00000396  00000-0  00000+0 0  9999
2   879  73.2924 322.2837 8401002 201.5958 359.2449  0.37814153 20342
0 OGO 1
1   879U 64054A   19209.52821139 -.00000396  00000-0  00000+0 0  9993
2   879  73.2925 322.2837 8400976 201.5961 359.2941  0.37815285 20340
0 OGO 1
1   879U 64054A   19212.17311911 -.00000566  00000-0  00000+0 0  9999
2   879  73.2181 322.2335 8410214 201.6099 359.0456  0.37777714 20350
0 OGO 1
1   879U 64054A   19212.17322028 -.00000566 +00000-0 +00000-0 0  9991
2   879 073.2180 322.2335 8410216 201.6100 359.0594 00.37777749007855
0 OGO 1
1   879U 64054A   19214.81821541 -.00000565 +00000-0 +00000-0 0  9997
2   879 073.1306 322.1823 8416360 201.6289 358.8052 00.37746733020365
0 OGO 1
1   879U 64054A   19217.46616289 -.00000550 +00000-0 +00000-0 0  9996
2   879 073.0804 322.1420 8420004 201.6414 358.9502 00.37765218007860
0 OGO 1
1   879U 64054A   19217.46616289 -.00000550  00000-0  00000+0 0  9995
2   879  73.0804 322.1420 8420004 201.6414 358.9502  0.37765218 20371
0 OGO 1
1   879U 64054A   19217.46817838 -.00000550 +00000-0 +00000-0 0  9999
2   879 073.0802 322.1418 8419717 201.6414 359.2242 00.37774266020373
0 OGO 1
1   879U 64054A   19217.46909556 -.00000550 +00000-0 +00000-0 0  9998
2   879 073.0803 322.1417 8419721 201.6416 359.3491 00.37774046007873
0 OGO 1
1   879U 64054A   19220.11438356 -.00000759  00000-0  00000+0 0  9999
2   879  73.0046 322.0860 8423544 201.6614 359.1180  0.37809249 20389
0 OGO 1
1   879U 64054A   19220.11595865 -.00000759 +00000-0 +00000-0 0  9999
2   879 073.0043 322.0855 8423366 201.6588 359.3323 00.37811182007882
0 OGO 1
1   879U 64054A   19222.75755741 -.00001009  00000-0  00000+0 0  9990
2   879  72.8759 322.0098 8427587 201.6703 358.6795  0.37794238 20398
0 OGO 1
1   879U 64054A   19222.76165022 -.00001009 +00000-0 +00000-0 0  9999
2   879 072.8758 322.0090 8427302 201.6674 359.2363 00.37799797007894
0 OGO 1
1   879U 64054A   19222.76231450 -.00001009  00000-0  00000+0 0  9997
2   879  72.8758 322.0090 8427297 201.6675 359.3268  0.37800176 20397
0 OGO 1
1   879U 64054A   19225.40762691 -.00001029  00000-0  00000+0 0  9999
2   879  72.7895 321.9511 8434363 201.6476 359.3003  0.37747527 20404
0 OGO 1
1   879U 64054A   19228.05500727 -.00000875 +00000-0 +00000-0 0  9992
2   879 072.7219 321.9026 8446335 201.6279 359.4984 00.37724613007908
0 OGO 1
1   879U 64054A   19228.05500727 -.00000875  00000-0  00000+0 0  9991
2   879  72.7219 321.9026 8446335 201.6279 359.4984  0.37724613 20419
0 OGO 1
1   879U 64054A   19230.69952575 -.00000716  00000-0  00000+0 0  9990
2   879  72.5612 321.8241 8455139 201.6372 359.2413  0.37733150 20420
0 OGO 1
1   879U 64054A   19233.34826608 -.00000637 +00000-0 +00000-0 0  9995
2   879 072.4402 321.7562 8458437 201.6336 359.6496 00.37769670020437
0 OGO 1
1   879U 64054A   19233.34978860 -.00000637 +00000-0 +00000-0 0  9993
2   879 072.4401 321.7562 8458438 201.6336 359.8565 00.37769591007938
0 OGO 1
1   879U 64054A   19235.99525183 -.00000709  00000-0  00000+0 0  9991
2   879  72.3988 321.7130 8463845 201.6237 359.8021  0.37802106 20444
0 OGO 1
1   879U 64054A   19235.99582193 -.00000709 +00000-0 +00000-0 0  9996
2   879 072.3988 321.7129 8463843 201.6236 359.8798 00.37802140007948
0 OGO 1
1   879U 64054A   19235.99588709 -.00000709  00000-0  00000+0 0  9994
2   879  72.3989 321.7130 8463840 201.6234 359.8907  0.37802102 20446
0 OGO 1
1   879U 64054A   19235.99602508 -.00000709 +00000-0 +00000-0 0  9999
2   879 072.3990 321.7129 8463822 201.6235 359.9075 00.37803000007942
0 OGO 1
1   879U 64054A   19238.64151962 -.00000865 +00000-0 +00000-0 0  9990
2   879 072.3335 321.6628 8472110 201.6308 359.7704 00.37781427007955
0 OGO 1
1   879U 64054A   19238.64206469 -.00000865 +00000-0 +00000-0 0  9993
2   879 072.3335 321.6628 8472118 201.6308 359.8445 00.37781238007956
0 OGO 1
1   879U 64054A   19238.64208687 -.00000865  00000-0  00000+0 0  9996
2   879  72.3334 321.6628 8472134 201.6308 359.8476  0.37780771 20458
0 OGO 1
1   879U 64054A   19241.28659412 -.00000886  00000-0  00000+0 0  9999
2   879  72.2414 321.6069 8479020 201.6458 359.5502  0.37732854 20469
0 OGO 1
1   879U 64054A   19243.93385203 -.00000799  00000-0  00000+0 0  9990
2   879  72.1792 321.5597 8483032 201.6589 359.6176  0.37741829 20476
0 OGO 1
1   879U 64054A   19243.93746840 -.00000799 +00000-0 +00000-0 0  9999
2   879 072.1790 321.5595 8483081 201.6590 000.1089 00.37740241007976
0 OGO 1
1   879U 64054A   19246.58360694 -.00000891  00000-0  00000+0 0  9994
2   879  72.1084 321.5033 8486214 201.6780 359.9990  0.37793305 20487
0 OGO 1
1   879U 64054A   19246.58378099 -.00000891 +00000-0 +00000-0 0  9993
2   879 072.1082 321.5034 8486224 201.6781 000.0227 00.37792962007983
0 OGO 1
1   879U 64054A   19246.58485239 -.00000892 +00000-0 +00000-0 0  9999
2   879 072.1082 321.5034 8486226 201.6781 000.1685 00.37792962007984
0 OGO 1
1   879U 64054A   19249.23102489 -.00001130  00000-0  00000+0 0  9992
2   879  71.9815 321.4246 8489695 201.6934   0.1176  0.37801018 20491
0 OGO 1
1   879U 64054A   19249.23104226 -.00001130 +00000-0 +00000-0 0  9994
2   879 071.9815 321.4246 8489696 201.6935 000.1200 00.37800985007993
0 OGO 1
1   879U 64054A   19251.87763130 -.00001193  00000-0  00000+0 0  9990
2   879  71.8719 321.3540 8494979 201.6790   0.2584  0.37758255 20500
0 OGO 1
1   879U 64054A   19254.52211586 -.00001025  00000-0  00000+0 0  9992
2   879  71.8080 321.3029 8505545 201.6533   0.1158  0.37720784 20513
0 OGO 1
1   879U 64054A   19257.17024936 -.00000803  00000-0  00000+0 0  9990
2   879  71.6604 321.2246 8515802 201.6572   0.3608  0.37726653 20527
0 OGO 1
1   879U 64054A   19259.81540436 -.00000642  00000-0  00000+0 0  9992
2   879  71.5041 321.1397 8519662 201.6609   0.2696  0.37756059 20536
0 OGO 1
1   879U 64054A   19262.46461312 -.00000611 +00000-0 +00000-0 0  9999
2   879 071.4491 321.0887 8523822 201.6486 000.7597 00.37798085008045
0 OGO 1
1   879U 64054A   19262.46486497 -.00000611 +00000-0 +00000-0 0  9990
2   879 071.4490 321.0887 8523823 201.6487 000.7940 00.37798062008043
0 OGO 1
1   879U 64054A   19262.46491105 -.00000611  00000-0  00000+0 0  9991
2   879  71.4491 321.0886 8523824 201.6487   0.8004  0.37798378 20545
0 OGO 1
1   879U 64054A   19262.46515519 -.00000611  00000-0  00000+0 0  9997
2   879  71.4489 321.0887 8523829 201.6488   0.8333  0.37798064 20546
0 OGO 1
1   879U 64054A   19265.11074232 -.00000707 +00000-0 +00000-0 0  9991
2   879 071.3955 321.0390 8531340 201.6506 000.7348 00.37797734008050
0 OGO 1
1   879U 64054A   19265.11099659 -.00000707  00000-0  00000+0 0  9990
2   879  71.3954 321.0390 8531350 201.6505   0.7697  0.37797330 20557
0 OGO 1
1   879U 64054A   19267.75591716 -.00000738  00000-0  00000+0 0  9997
2   879  71.2996 320.9780 8538428 201.6641   0.5385  0.37749335 20562
0 OGO 1
1   879U 64054A   19270.40233210 -.00000606  00000-0  00000+0 0  9999
2   879  71.2305 320.9265 8543042 201.6753   0.5097  0.37737328 20576
0 OGO 1
1   879U 64054A   19273.04991616 -.00000571  00000-0  00000+0 0  9994
2   879  71.1697 320.8706 8546519 201.6945   0.5857  0.37786006 20585
0 OGO 1
1   879U 64054A   19273.05142077 -.00000571 +00000-0 +00000-0 0  9995
2   879 071.1695 320.8706 8546520 201.6946 000.7899 00.37785928008087
0 OGO 1
1   879U 64054A   19273.05219953 -.00000571 +00000-0 +00000-0 0  9993
2   879 071.1695 320.8705 8546522 201.6946 000.8959 00.37785959008080
0 OGO 1
1   879U 64054A   19273.05310475 -.00000572 +00000-0 +00000-0 0  9995
2   879 071.1692 320.8707 8546514 201.6946 001.0190 00.37786270008087
0 OGO 1
1   879U 64054A   19275.69890183 -.00000756  00000-0  00000+0 0  9999
2   879  71.0474 320.7891 8549567 201.7177   0.8687  0.37815176 20591
0 OGO 1
1   879U 64054A   19278.34451544 -.00000862 +00000-0 +00000-0 0  9997
2   879 070.9187 320.7067 8553729 201.7156 000.8348 00.37783959008107
0 OGO 1
1   879U 64054A   19278.34491286 -.00000862  00000-0  00000+0 0  9993
2   879  70.9190 320.7069 8553731 201.7153   0.8887  0.37783907 20603
0 OGO 1
1   879U 64054A   19278.34554414 -.00000862 +00000-0 +00000-0 0  9997
2   879 070.9188 320.7068 8553738 201.7156 000.9747 00.37783828008108
0 OGO 1
1   879U 64054A   19280.99101585 -.00000709  00000-0  00000+0 0  9997
2   879  70.8491 320.6493 8562843 201.6898   0.9800  0.37740473 20613
0 OGO 1
1   879U 64054A   19283.63578864 -.00000445  00000-0  00000+0 0  9996
2   879  70.7266 320.5758 8574285 201.6876   0.7774  0.37732952 20626
0 OGO 1
1   879U 64054A   19286.28346798 -.00000224  00000-0  00000+0 0  9994
2   879  70.5464 320.4785 8579425 201.7001   0.9879  0.37757897 20639
0 OGO 1
1   879U 64054A   19286.28547302 -.00000224 +00000-0 +00000-0 0  9999
2   879 070.5463 320.4785 8579431 201.7001 001.2606 00.37757833008138
0 OGO 1
1   879U 64054A   19288.93095453 -.00000114 +00000-0 +00000-0 0  9996
2   879 070.4683 320.4151 8582509 201.6911 001.2468 00.37802043008148
0 OGO 1
1   879U 64054A   19288.93113777 -.00000114  00000-0  00000+0 0  9995
2   879  70.4685 320.4150 8582514 201.6906   1.2718  0.37801910 20648
0 OGO 1
1   879U 64054A   19288.93121149 -.00000114 +00000-0 +00000-0 0  9998
2   879 070.4685 320.4149 8582516 201.6907 001.2818 00.37801865008140
0 OGO 1
1   879U 64054A   19288.93136697 -.00000114 +00000-0 +00000-0 0  9992
2   879 070.4683 320.4151 8582511 201.6910 001.3030 00.37802059008143
0 OGO 1
1   879U 64054A   19291.57631342 -.00000151 +00000-0 +00000-0 0  9994
2   879 070.4318 320.3675 8589314 201.6883 001.1356 00.37822886008155
0 OGO 1
1   879U 64054A   19291.57797918 -.00000151  00000-0  00000+0 0  9995
2   879  70.4316 320.3676 8589348 201.6883   1.3625  0.37821273 20650
0 OGO 1
1   879U 64054A   19294.22253384 -.00000200  00000-0  00000+0 0  9999
2   879  70.3403 320.3037 8596881 201.7040   1.0696  0.37785205 20663
0 OGO 1
1   879U 64054A   19294.22270199 -.00000200 +00000-0 +00000-0 0  9993
2   879 070.3403 320.3036 8596909 201.7043 001.0932 00.37784421008169
0 OGO 1
1   879U 64054A   19296.86782852 -.00000085  00000-0  00000+0 0  9999
2   879  70.2562 320.2456 8601933 201.7163   0.8962  0.37749292 20673
0 OGO 1
1   879U 64054A   19299.51497648  .00000028  00000-0  00000+0 0  9996
2   879  70.2119 320.1961 8605588 201.7316   0.9318  0.37787516 20689
0 OGO 1
1   879U 64054A   19299.51577531 +.00000028 +00000-0 +00000-0 0  9997
2   879 070.2116 320.1962 8605579 201.7316 001.0401 00.37787759008182
0 OGO 1
1   879U 64054A   19299.51666663 +.00000028 +00000-0 +00000-0 0  9992
2   879 070.2119 320.1959 8605586 201.7316 001.1614 00.37787606008187
0 OGO 1
1   879U 64054A   19302.16296980 -.00000100  00000-0  00000+0 0  9990
2   879  70.1102 320.1188 8608684 201.7608   1.0423  0.37835978 20691
0 OGO 1
1   879U 64054A   19304.81008932 -.00000272  00000-0  00000+0 0  9992
2   879  69.9639 320.0257 8611813 201.7732   1.1672  0.37819787 20703
0 OGO 1
1   879U 64054A   19304.81008932 -.00000272  00000-0  00000+0 0  9992
2   879  69.9639 320.0257 8611813 201.7732   1.1672  0.37819787 20703
0 OGO 1
1   879U 64054A   19307.45288600 -.00000198 +00000-0 +00000-0 0  9995
2   879 069.8792 319.9589 8619252 201.7522 000.8237 00.37773409008214
0 OGO 1
1   879U 64054A   19307.45417769 -.00000198  00000-0  00000+0 0  9994
2   879  69.8792 319.9587 8619239 201.7522   0.9993  0.37773790 20719
0 OGO 1
1   879U 64054A   19310.09854461  .00000051  00000-0  00000+0 0  9999
2   879  69.7844 319.8927 8631262 201.7421   0.7813  0.37754763 20720
0 OGO 1
1   879U 64054A   19310.09917297 +.00000051 +00000-0 +00000-0 0  9997
2   879 069.7844 319.8925 8631308 201.7421 000.8668 00.37752850008224
0 OGO 1
1   879U 64054A   19312.73726001  .00000281  00000-0  00000+0 0  9995
2   879  69.5993 319.7924 8638523 201.7596 359.7583  0.37768299 20730
0 OGO 1
1   879U 64054A   19315.39139824 +.00000412 +00000-0 +00000-0 0  9998
2   879 069.4850 319.7132 8641147 201.7577 000.9304 00.37809209008242
0 OGO 1
1   879U 64054A   19315.39752422  .00000412  00000-0  00000+0 0  9992
2   879  69.4848 319.7131 8641165 201.7577   1.7642  0.37809199 20749
0 OGO 1
1   879U 64054A   19318.03566382 +.00000398 +00000-0 +00000-0 0  9998
2   879 069.4548 319.6654 8646898 201.7490 000.7214 00.37841460008250
0 OGO 1
1   879U 64054A   19318.03840298  .00000398  00000-0  00000+0 0  9998
2   879  69.4548 319.6655 8646901 201.7493   1.0945  0.37841606 20755
0 OGO 1
1   879U 64054A   19320.68298302  .00000306  00000-0  00000+0 0  9994
2   879  69.3796 319.6039 8655158 201.7643   0.8242  0.37821663 20765
0 OGO 1
1   879U 64054A   19323.32642974  .00000337  00000-0  00000+0 0  9990
2   879  69.2736 319.5353 8661129 201.7838   0.3975  0.37772393 20771
0 OGO 1
1   879U 64054A   19325.97235397  .00000454  00000-0  00000+0 0  9990
2   879  69.2237 319.4865 8664778 201.7951   0.3069  0.37785051 20783
0 OGO 1
1   879U 64054A   19325.97359780 +.00000454 +00000-0 +00000-0 0  9994
2   879 069.2236 319.4865 8664787 201.7951 000.4761 00.37784942008281
0 OGO 1
1   879U 64054A   19325.97383250 +.00000454 +00000-0 +00000-0 0  9993
2   879 069.2238 319.4862 8664788 201.7953 000.5079 00.37784797008284
0 OGO 1
1   879U 64054A   19328.61974203  .00000364  00000-0  00000+0 0  9990
2   879  69.1554 319.4223 8668286 201.8211   0.3432  0.37841527 20796
0 OGO 1
1   879U 64054A   19331.26697394  .00000113  00000-0  00000+0 0  9990
2   879  69.0020 319.3234 8671149 201.8481   0.4212  0.37848018 20806
0 OGO 1
1   879U 64054A   19333.91019433 +.00000045 +00000-0 +00000-0 0  9991
2   879 068.8825 319.2404 8676635 201.8399 000.1183 00.37798096008313
0 OGO 1
1   879U 64054A   19333.91154033  .00000045  00000-0  00000+0 0  9996
2   879  68.8824 319.2404 8676638 201.8399   0.3014  0.37798084 20816
0 OGO 1
1   879U 64054A   19333.91166611  .00000045  00000-0  00000+0 0  9991
2   879  68.8824 319.2403 8676612 201.8400   0.3185  0.37799087 20813
0 OGO 1
1   879U 64054A   19336.56314718 +.00000214 +00000-0 +00000-0 0  9997
2   879 068.8044 319.1767 8688371 201.8224 001.1060 00.37766380008310
0 OGO 1
1   879U 64054A   19336.56314718  .00000214  00000-0  00000+0 0  9996
2   879  68.8044 319.1767 8688371 201.8224   1.1060  0.37766380 20820
0 OGO 1
1   879U 64054A   19339.19990306  .00000412  00000-0  00000+0 0  9991
2   879  68.6264 319.0790 8698164 201.8403 359.7940  0.37768993 20839
0 OGO 1
1   879U 64054A   19339.20168352 +.00000412 +00000-0 +00000-0 0  9992
2   879 068.6262 319.0790 8698194 201.8400 000.0361 00.37768142008337
0 OGO 1
1   879U 64054A   19341.84772870 +.00000521 +00000-0 +00000-0 0  9992
2   879 068.4670 318.9832 8701500 201.8508 000.0719 00.37800499008348
0 OGO 1
1   879U 64054A   19341.84780703  .00000521  00000-0  00000+0 0  9995
2   879  68.4671 318.9831 8701489 201.8510   0.0826  0.37801140 20849
0 OGO 1
1   879U 64054A   19344.49369471  .00000499  00000-0  00000+0 0  9998
2   879  68.4158 318.9259 8706050 201.8430   0.1101  0.37837439 20851
0 OGO 1
1   879U 64054A   19347.13642765 +.00000359 +00000-0 +00000-0 0  9998
2   879 068.3569 318.8665 8714333 201.8520 359.6001 00.37835282008366
0 OGO 1
1   879U 64054A   19347.13894308  .00000359  00000-0  00000+0 0  9999
2   879  68.3570 318.8664 8714337 201.8517 359.9427  0.37835353 20860
0 OGO 1
1   879U 64054A   19349.78279245  .00000279  00000-0  00000+0 0  9990
2   879  68.2380 318.7884 8721701 201.8796 359.5325  0.37785809 20877
0 OGO 1
1   879U 64054A   19349.78313634 +.00000279 +00000-0 +00000-0 0  9992
2   879 068.2381 318.7884 8721717 201.8796 359.5794 00.37785443008370
0 OGO 1
1   879U 64054A   19352.42769918  .00000341  00000-0  00000+0 0  9996
2   879  68.1550 318.7264 8725832 201.8967 359.2872  0.37767067 20887
0 OGO 1
1   879U 64054A   19355.07492653  .00000285  00000-0  00000+0 0  9996
2   879  68.1033 318.6702 8729236 201.9169 359.3136  0.37821267 20894
0 OGO 1
1   879U 64054A   19355.07633364 +.00000285 +00000-0 +00000-0 0  9993
2   879 068.1032 318.6702 8729241 201.9170 359.5051 00.37821175008398
0 OGO 1
1   879U 64054A   19357.71426438 -.00000010  00000-0  00000+0 0  9994
2   879  67.9669 318.5757 8732566 201.9520 358.2556  0.37850173 20900
0 OGO 1
1   879U 64054A   19360.36817114 -.00000231  00000-0  00000+0 0  9999
2   879  67.8066 318.4725 8736409 201.9614 359.3370  0.37811115 20918
0 OGO 1
1   879U 64054A   19363.01156835 -.00000174  00000-0  00000+0 0  9996
2   879  67.7235 318.4023 8745991 201.9445 359.0524  0.37767217 20926
0 OGO 1
1   879U 64054A   19363.01289254 -.00000174  00000-0  00000+0 0  9998
2   879  67.7232 318.4028 8746178 201.9445 359.2318  0.37760966 20923
0 OGO 1
1   879U 64054A   19365.65931402 -.00000013  00000-0  00000+0 0  9991
2   879  67.5668 318.3084 8757769 201.9569 359.2339  0.37757445 20932
0 OGO 1
1   879U 64054A   20003.30389353 +.00000080 +00000-0 +00000-0 0  9990
2   879 067.3660 318.1966 8762758 201.9802 359.0273 00.37774982020944
0 OGO 1
1   879U 64054A   20003.30389353  .00000080  00000-0  00000+0 0  9999
2   879  67.3660 318.1966 8762758 201.9802 359.0273  0.37774982 20944
0 OGO 1
1   879U 64054A   20005.95152567  .00000060  00000-0  00000+0 0  9995
2   879  67.2746 318.1218 8766246 201.9790 359.3008  0.37814541 20956
0 OGO 1
1   879U 64054A   20005.95152568  .00000060  00000-0  00000+0 0  9996
2   879  67.2750 318.1210 8766237 201.9774 359.3007  0.37817244 20957
0 OGO 1
1   879U 64054A   20005.95152568 +.00000060 +00000-0 +00000-0 0  9997
2   879 067.2750 318.1210 8766237 201.9774 359.3007 00.37817244008447
0 OGO 1
1   879U 64054A   20058.88442253 -.00000836  00000-0  00000+0 0  9991
2   879  64.7128 316.2435 8874899 202.3492   0.0981  0.37756277 21154
0 OGO 1
1   879U 64054A   20058.88442253 -.00000836  00000-0  00000+0 0  9991
2   879  64.7128 316.2435 8874899 202.3492   0.0981  0.37756277 21154
0 OGO 1
1   879U 64054A   20061.52721249 -.00000837  00000-0  00000+0 0  9992
2   879  64.6336 316.1606 8879083 202.3537 359.6836  0.37793537 21166
0 OGO 1
1   879U 64054A   20066.82263031 -.00000951  00000-0  00000+0 0  9997
2   879  64.4114 315.9725 8890769 202.4042 359.9821  0.37734413 21180
0 OGO 1
1   879U 64054A   20066.82263031 -.00000951  00000-0  00000+0 0  9997
2   879  64.4114 315.9725 8890769 202.4042 359.9821  0.37734413 21180
0 OGO 1
1   879U 64054A   20072.11878891 -.00000804  00000-0  00000+0 0  9999
2   879  64.2177 315.7881 8896925 202.4663   0.2954  0.37784261 21209
0 OGO 1
1   879U 64054A   20077.41384032 -.00001176  00000-0  00000+0 0  9999
2   879  63.8866 315.5370 8902063 202.5386   0.6173  0.37774545 21227
0 OGO 1
1   879U 64054A   20077.41384032 -.00001176 +00000-0 +00000-0 0  9990
2   879 063.8866 315.5370 8902063 202.5386 000.6173 00.37774545008716
0 OGO 1
1   879U 64054A   20077.41384285 -.00001176  00000-0  00000+0 0  9999
2   879  63.8856 315.5393 8902141 202.5317   0.6172  0.37774516 21229
0 OGO 1
1   879U 64054A   20080.07663566 -.00001015  00000-0  00000+0 0  9999
2   879  63.7746 315.4397 8910697 202.5293   2.9760  0.37729197 21231
0 OGO 1
1   879U 64054A   20132.98320545 -.00000104 +00000-0 +00000-0 0  9993
2   879 061.0712 313.1017 9000139 203.2255 000.6460 00.37789531021439
0 OGO 1
1   879U 64054A   20154.14596993  .00000384  00000-0  00000+0 0  9995
2   879  60.0029 312.1241 9040803 203.5847 359.7515  0.37837118 21512
0 OGO 1
1   879U 64054A   20156.79303506  .00000086  00000-0  00000+0 0  9993
2   879  59.8044 311.9621 9042469 203.6643 359.7847  0.37863513 21526
0 OGO 1
1   879U 64054A   20159.43925915 -.00000120  00000-0  00000+0 0  9991
2   879  59.6136 311.8065 9045220 203.7147 359.8848  0.37813969 21538
0 OGO 1
1   879U 64054A   20159.43925915 -.00000120 +00000-0 +00000-0 0  9992
2   879 059.6136 311.8065 9045220 203.7147 359.8848 00.37813969021538
0 OGO 1
1   879U 64054A   20159.43925915 -.00000120 +00000-0 +00000-0 0  9992
2   879 059.6136 311.8065 9045220 203.7147 359.8848 00.37813969021538
0 OGO 1
1   879U 64054A   20162.08088838 -.00000021 +00000-0 +00000-0 0  9991
2   879 059.4765 311.6758 9054755 203.7411 359.3883 00.37772915009049
0 OGO 1
1   879U 64054A   20162.08346964 -.00000021 +00000-0 +00000-0 0  9998
2   879 059.4761 311.6758 9054774 203.7410 359.7393 00.37772815021543
0 OGO 1
1   879U 64054A   20164.72633329  .00000167  00000-0  00000+0 0  9994
2   879  59.2129 311.4914 9063353 203.8169 359.2953  0.37764076 21554
0 OGO 1
1   879U 64054A   20167.37322504  .00000245  00000-0  00000+0 0  9995
2   879  58.9876 311.3156 9065553 203.8853 359.4769  0.37794350 21566
0 OGO 1
1   879U 64054A   20167.37357012 +.00000245 +00000-0 +00000-0 0  9998
2   879 058.9877 311.3158 9065563 203.8854 359.5238 00.37794330009062
0 OGO 1
1   879U 64054A   20167.37393472 +.00000245 +00000-0 +00000-0 0  9998
2   879 058.9872 311.3159 9065566 203.8854 359.5734 00.37794001009067
0 OGO 1
1   879U 64054A   20170.01999448  .00000214  00000-0  00000+0 0  9993
2   879  58.8901 311.1990 9068922 203.9183 359.6612  0.37833531 21573
0 OGO 1
1   879U 64054A   20170.02046657  .00000214  00000-0  00000+0 0  9999
2   879  58.8896 311.2005 9068978 203.9182 359.7257  0.37830514 21578
0 OGO 1
1   879U 64054A   20172.66336555 +.00000097 +00000-0 +00000-0 0  9990
2   879 058.7888 311.0814 9075167 203.9662 359.2888 00.37838952009086
0 OGO 1
1   879U 64054A   20172.66415408  .00000097  00000-0  00000+0 0  9994
2   879  58.7887 311.0826 9075229 203.9661 359.3968  0.37836026 21585
0 OGO 1
1   879U 64054A   20172.66483385 +.00000097 +00000-0 +00000-0 0  9994
2   879 058.7884 311.0814 9075192 203.9664 359.4887 00.37837882009084
0 OGO 1
1   879U 64054A   20172.66501055  .00000097  00000-0  00000+0 0  9998
2   879  58.7888 311.0812 9075173 203.9661 359.5128  0.37838895 21585
0 OGO 1
1   879U 64054A   20175.30879488 -.00000000 +00000-0 +00000-0 0  9996
2   879 058.6280 310.9352 9080554 204.0386 359.1279 00.37799764009098
0 OGO 1
1   879U 64054A   20175.30916337 -.00000000  00000-0  00000+0 0  9990
2   879  58.6273 310.9362 9080645 204.0391 359.1780  0.37794449 21599
0 OGO 1
1   879U 64054A   20175.30968111 -.00000000 +00000-0 +00000-0 0  9998
2   879 058.6278 310.9352 9080560 204.0384 359.2485 00.37799558009091
0 OGO 1
1   879U 64054A   20175.31000299 -.00000000  00000-0  00000+0 0  9992
2   879  58.6279 310.9352 9080561 204.0385 359.2923  0.37799713 21593
0 OGO 1
1   879U 64054A   20177.95402948  .00000046  00000-0  00000+0 0  9990
2   879  58.4982 310.8091 9083807 204.1001 358.9468  0.37755911 21607
0 OGO 1
1   879U 64054A   20177.95563484  .00000046  00000-0  00000+0 0  9993
2   879  58.4972 310.8063 9083639 204.1008 359.1663  0.37766042 21602
0 OGO 1
1   879U 64054A   20177.95579086 +.00000046 +00000-0 +00000-0 0  9999
2   879 058.4977 310.8062 9083617 204.1010 359.1877 00.37766691009103
0 OGO 1
1   879U 64054A   20177.95595247 +.00000046 +00000-0 +00000-0 0  9996
2   879 058.4976 310.8062 9083630 204.1010 359.2095 00.37766235009104
0 OGO 1
1   879U 64054A   20180.60107060  .00000055  00000-0  00000+0 0  9993
2   879  58.4145 310.6984 9086394 204.1551 358.9862  0.37800972 21618
0 OGO 1
1   879U 64054A   20180.60227143  .00000055  00000-0  00000+0 0  9998
2   879  58.4135 310.6955 9086320 204.1558 359.1495  0.37803994 21613
0 OGO 1
1   879U 64054A   20180.60298143 +.00000055 +00000-0 +00000-0 0  9997
2   879 058.4136 310.6954 9086318 204.1559 359.2461 00.37804151009112
0 OGO 1
1   879U 64054A   20183.24908984 -.00000219  00000-0  00000+0 0  9993
2   879  58.2425 310.5382 9088514 204.2413 359.1050  0.37850962 21629
0 TBA - TO BE ASSIGNED
1   879U 64054A   20183.24908984 -.00000219 +00000-0 +00000-0 0  9994
2   879 058.2425 310.5382 9088514 204.2413 359.1050 00.37850962009119
0 OGO 1
1   879U 64054A   20183.24909231 -.00000219 +00000-0 +00000-0 0  9990
2   879 058.2422 310.5353 9088436 204.2407 359.1047 00.37852444009124
0 OGO 1
1   879U 64054A   20183.24909231 -.00000219  00000-0  00000+0 0  9999
2   879  58.2422 310.5353 9088436 204.2407 359.1047  0.37852444 21623
0 OGO 1
1   879U 64054A   20185.89646652 -.00000543  00000-0  00000+0 0  9997
2   879  58.0162 310.3485 9089639 204.3227 359.2556  0.37825470 21639
0 OGO 1
1   879U 64054A   20188.54015229 -.00000571  00000-0  00000+0 0  9993
2   879  57.8699 310.2054 9096348 204.3616 359.0323  0.37759918 21643
0 OGO 1
1   879U 64054A   20191.18473409 -.00000408  00000-0  00000+0 0  9994
2   879  57.6321 310.0152 9106251 204.4386 358.8092  0.37740948 21654
0 OGO 1
1   879U 64054A   20191.18633605 -.00000408 +00000-0 +00000-0 0  9991
2   879 057.6312 310.0122 9106110 204.4400 359.0276 00.37750048009152
0 OGO 1
1   879U 64054A   20193.83137978 -.00000316  00000-0  00000+0 0  9994
2   879  57.3482 309.7986 9109452 204.5386 358.8888  0.37761188 21669
0 OGO 1
1   879U 64054A   20193.83221669 -.00000316 +00000-0 +00000-0 0  9996
2   879 057.3480 309.7953 9109365 204.5400 359.0034 00.37766826009151
0 OGO 1
1   879U 64054A   20193.83250851 -.00000316  00000-0  00000+0 0  9990
2   879  57.3477 309.7953 9109370 204.5400 359.0431  0.37766784 21667
0 OGO 1
1   879U 64054A   20193.83267790 -.00000316 +00000-0 +00000-0 0  9991
2   879 057.3483 309.7954 9109372 204.5399 359.0662 00.37766803009163
0 OGO 1
1   879U 64054A   20196.47904756 -.00000341 +00000-0 +00000-0 0  9992
2   879 057.2077 309.6454 9111599 204.5949 359.1788 00.37804451009173
0 OGO 1
1   879U 64054A   20196.47953249 -.00000341 +00000-0 +00000-0 0  9993
2   879 057.2074 309.6484 9111661 204.5944 359.2450 00.37801641009162
0 OGO 1
1   879U 64054A   20196.47959639 -.00000341  00000-0  00000+0 0  9991
2   879  57.2074 309.6484 9111662 204.5944 359.2536  0.37801640 21677
0 OGO 1
1   879U 64054A   20196.47976155 -.00000341  00000-0  00000+0 0  9993
2   879  57.2073 309.6454 9111604 204.5949 359.2760  0.37803984 21676
0 OGO 1
1   879U 64054A   20199.12408840 -.00000451 +00000-0 +00000-0 0  9992
2   879 057.1097 309.5150 9116749 204.6472 359.0468 00.37825170009186
0 OGO 1
1   879U 64054A   20199.12506803 -.00000451 +00000-0 +00000-0 0  9990
2   879 057.1091 309.5151 9116764 204.6474 359.1802 00.37824176009188
0 OGO 1
1   879U 64054A   20199.12536827 -.00000451  00000-0  00000+0 0  9998
2   879  57.1083 309.5180 9116874 204.6476 359.2207  0.37819113 21689
0 OGO 1
1   879U 64054A   20199.12574720 -.00000451 +00000-0 +00000-0 0  9993
2   879 057.1092 309.5150 9116759 204.6473 359.2727 00.37824501009180
0 OGO 1
1   879U 64054A   20199.12580548 -.00000451  00000-0  00000+0 0  9997
2   879  57.1087 309.5150 9116765 204.6475 359.2806  0.37823856 21682
0 OGO 1
1   879U 64054A   20199.12582798 -.00000451 +00000-0 +00000-0 0  9997
2   879 057.1083 309.5179 9116871 204.6476 359.2835 00.37819210009179
0 OGO 1
1   879U 64054A   20201.77077031 -.00000581 +00000-0 +00000-0 0  9995
2   879 056.9558 309.3572 9122200 204.7286 359.0528 00.37796256009194
0 OGO 1
1   879U 64054A   20201.77129814 -.00000581  00000-0  00000+0 0  9991
2   879  56.9560 309.3572 9122194 204.7286 359.1247  0.37796589 21696
0 OGO 1
1   879U 64054A   20204.41562548 -.00000583  00000-0  00000+0 0  9992
2   879  56.8002 309.2010 9125565 204.8116 358.8020  0.37738835 21707
0 OGO 1
1   879U 64054A   20204.41730307 -.00000583  00000-0  00000+0 0  9992
2   879  56.8006 309.1978 9125352 204.8130 359.0307  0.37752240 21700
0 OGO 1
1   879U 64054A   20204.41764815 -.00000583 +00000-0 +00000-0 0  9994
2   879 056.7998 309.1979 9125359 204.8126 359.0774 00.37752378009203
0 OGO 1
1   879U 64054A   20204.41782118 -.00000583 +00000-0 +00000-0 0  9990
2   879 056.8005 309.1978 9125348 204.8130 359.1011 00.37752314009200
0 OGO 1
1   879U 64054A   20204.69152722 -.00000573 +00000-0 +00000-0 0  9991
2   879 056.8370 309.2211 9123985 204.8014 036.3533 00.37780669009210
0 OGO 1
1   879U 64054A   20204.69169790 -.00000573 +00000-0 +00000-0 0  9994
2   879 056.8443 309.2296 9123938 204.7993 036.3598 00.37782632009210
0 OGO 1
1   879U 64054A   20204.69172766 -.00000573  00000-0  00000+0 0  9990
2   879  56.8367 309.2228 9123913 204.8028  36.3525  0.37783971 21708
0 OGO 1
1   879U 64054A   20207.06338768 -.00000521  00000-0  00000+0 0  9993
2   879  56.6960 309.0644 9127528 204.8823 358.9565  0.37763594 21711
0 OGO 1
1   879U 64054A   20207.06383143 -.00000521  00000-0  00000+0 0  9990
2   879  56.6964 309.0633 9127471 204.8825 359.0172  0.37766784 21712
0 OGO 1
1   879U 64054A   20207.06519262 -.00000521 +00000-0 +00000-0 0  9994
2   879 056.6971 309.0630 9127473 204.8827 359.2022 00.37766632009210
0 OGO 1
1   879U 64054A   20207.06568656 -.00000521 +00000-0 +00000-0 0  9995
2   879 056.6964 309.0632 9127471 204.8826 359.2694 00.37766935009212
0 OGO 1
1   879U 64054A   20207.33484960 -.00000524  00000-0  00000+0 0  9992
2   879  56.6779 309.0578 9127697 204.8850  35.8815  0.37783534 21717
0 OGO 1
1   879U 64054A   20207.33506045 -.00000523  00000-0  00000+0 0  9990
2   879  56.6911 309.0609 9126755 204.8915  35.9034  0.37778397 21711
0 OGO 1
1   879U 64054A   20207.33628246 -.00000523 +00000-0 +00000-0 0  9999
2   879 056.6912 309.0608 9126485 204.8944 035.9074 00.37797387009229
0 OGO 1
1   879U 64054A   20207.33633623 -.00000523  00000-0  00000+0 0  9993
2   879  56.6917 309.0605 9126479 204.8946  35.9073  0.37798265 21719
0 OGO 1
1   879U 64054A   20209.97981730 -.00000730  00000-0  00000+0 0  9990
2   879  56.5318 308.8946 9130373 204.9761  35.6196  0.37796115 21728
0 OGO 1
1   879U 64054A   20209.97982126 -.00000730 +00000-0 +00000-0 0  9991
2   879 056.5318 308.8942 9130380 204.9767 035.6179 00.37793818021726
0 OGO 1
1   879U 64054A   20209.98018751 -.00000730  00000-0  00000+0 0  9995
2   879  56.4789 308.8683 9127964 204.9999  35.6590  0.37784934 21726
0 OGO 1
1   879U 64054A   20209.98033350 -.00000730 +00000-0 +00000-0 0  9998
2   879 056.4736 308.8632 9127751 204.9995 035.6682 00.37786088009238
0 OGO 1
1   879U 64054A   20209.98116857 -.00000730  00000-0  00000+0 0  9991
2   879  56.4689 308.8542 9127380 204.9954  35.6925  0.37796544 21724
0 OGO 1
1   879U 64054A   20212.62393793 -.00001079 +00000-0 +00000-0 0  9990
2   879 056.3008 308.6815 9130193 205.0529 035.4519 00.37786238009244
0 OGO 1
1   879U 64054A   20212.62393793 -.00001079 +00000-0 +00000-0 0  9990
2   879 056.3008 308.6815 9130193 205.0529 035.4519 00.37786238021732
0 OGO 1
1   879U 64054A   20212.62419209 -.00001079  00000-0  00000+0 0  9990
2   879  56.3009 308.6803 9130202 205.0581  35.4396  0.37791696 21736
0 OGO 1
1   879U 64054A   20212.62440449 -.00001079  00000-0  00000+0 0  9990
2   879  56.3009 308.6789 9131138 205.0765  35.3613  0.37799767 21730
0 OGO 1
1   879U 64054A   20212.62462408 -.00001079  00000-0  00000+0 0  9999
2   879  56.2994 308.6779 9130339 205.0669  35.4142  0.37801427 21731
0 OGO 1
1   879U 64054A   20212.62462727 -.00001079 +00000-0 +00000-0 0  9994
2   879 056.2994 308.6779 9130346 205.0672 035.4131 00.37801641009241
0 OGO 1
1   879U 64054A   20215.26407095 -.00001173 +00000-0 +00000-0 0  9999
2   879 056.1068 308.4990 9139101 205.1230 034.7548 00.37782011009258
0 OGO 1
1   879U 64054A   20215.26407095 -.00001173  00000-0  00000+0 0  9998
2   879  56.1068 308.4990 9139101 205.1230  34.7548  0.37782011 21746
0 OGO 1
1   879U 64054A   20215.26483922 -.00001173  00000-0  00000+0 0  9991
2   879  56.1067 308.4983 9139018 205.1217  34.7612  0.37793497 21741
0 OGO 1
1   879U 64054A   20215.26592068 -.00001172  00000-0  00000+0 0  9992
2   879  56.1115 308.5013 9137300 205.1097  34.8567  0.37799103 21748
0 OGO 1
1   879U 64054A   20215.26652219 -.00001170 +00000-0 +00000-0 0  9996
2   879 056.1306 308.5066 9133970 205.1383 034.9233 00.37778140021744
0 OGO 1
1   879U 64054A   20217.90477386 -.00001008  00000-0  00000+0 0  9998
2   879  55.7879 308.2452 9144014 205.2545  34.0474  0.37781732 21752
0 OGO 1
1   879U 64054A   20217.90505312 -.00001007 +00000-0 +00000-0 0  9999
2   879 055.7892 308.2450 9143958 205.2562 034.0455 00.37786321021758
0 OGO 1
1   879U 64054A   20217.90576139 -.00001007  00000-0  00000+0 0  9993
2   879  55.8075 308.2709 9143840 205.2368  34.0945  0.37791880 21753
0 OGO 1
1   879U 64054A   20217.90661180 -.00001006  00000-0  00000+0 0  9993
2   879  55.9134 308.3246 9142679 205.2140  34.1926  0.37786633 21754
0 OGO 1
1   879U 64054A   20220.54814308 -.00000867  00000-0  00000+0 0  9993
2   879  55.5944 308.0440 9145732 205.3461  33.7093  0.37794258 21765
0 OGO 1
1   879U 64054A   20220.54814562 -.00000867  00000-0  00000+0 0  9995
2   879  55.5941 308.0489 9145775 205.3473  33.7051  0.37794874 21763
0 OGO 1
1   879U 64054A   20220.54833179 -.00000867  00000-0  00000+0 0  9990
2   879  55.6152 308.0631 9147331 205.3507  33.6376  0.37804166 21760
0 OGO 1
1   879U 64054A   20220.54833179 -.00000867  00000-0  00000+0 0  9990
2   879  55.6152 308.0631 9147331 205.3507  33.6376  0.37804166 21760
0 OGO 1
1   879U 64054A   20220.54833179 -.00000867  00000-0  00000+0 0  9990
2   879  55.6152 308.0631 9147331 205.3507  33.6376  0.37804166 21760
0 OGO 1
1   879U 64054A   20220.54833639 -.00000867  00000-0  00000+0 0  9991
2   879  55.6191 308.0632 9147500 205.3519  33.6284  0.37794525 21760
0 OGO 1
1   879U 64054A   20223.19176469 -.00000849  00000-0  00000+0 0  9996
2   879  55.4902 307.8917 9150068 205.4104  33.4754  0.37795051 21771
0 OGO 1
1   879U 64054A   20223.19193374 -.00000849 +00000-0 +00000-0 0  9991
2   879 055.4234 307.8595 9149345 205.4436 033.4295 00.37795421009288
0 OGO 1
1   879U 64054A   20223.19193374 -.00000849  00000-0  00000+0 0  9990
2   879  55.4234 307.8595 9149345 205.4436  33.4295  0.37795421 21776
0 OGO 1
1   879U 64054A   20223.19198113 -.00000849  00000-0  00000+0 0  9996
2   879  55.4714 307.8753 9150120 205.4245  33.4421  0.37802397 21778
0 OGO 1
1   879U 64054A   20223.19201649 -.00000849  00000-0  00000+0 0  9995
2   879  55.4899 307.8927 9150048 205.4130  33.4705  0.37799638 21775
0 OGO 1
1   879U 64054A   20225.83538727 -.00000913  00000-0  00000+0 0  9990
2   879  55.3532 307.7264 9154979 205.4941  33.1801  0.37792250 21786
0 OGO 1
1   879U 64054A   20225.83545981 -.00000913 +00000-0 +00000-0 0  9991
2   879 055.3458 307.7174 9155030 205.4992 033.1667 00.37795060021780
0 OGO 1
1   879U 64054A   20225.83551230 -.00000913 +00000-0 +00000-0 0  9995
2   879 055.3180 307.7057 9153676 205.5095 033.1965 00.37794031009291
0 OGO 1
1   879U 64054A   20225.83552546 -.00000913  00000-0  00000+0 0  9995
2   879  55.3188 307.7054 9153699 205.5089  33.1969  0.37792467 21787
0 OGO 1
1   879U 64054A   20225.83553998 -.00000913 +00000-0 +00000-0 0  9998
2   879 055.3205 307.7051 9153728 205.5080 033.1978 00.37791186009297
0 OGO 1
1   879U 64054A   20225.83555154 -.00000913  00000-0  00000+0 0  9993
2   879  55.3215 307.7052 9153769 205.5067  33.1990  0.37790629 21782
0 OGO 1
1   879U 64054A   20228.47826970 -.00001008 +00000-0 +00000-0 0  9990
2   879 055.1826 307.5378 9158399 205.5987 032.7562 00.37789621021793
0 OGO 1
1   879U 64054A   20228.47826976 -.00001009 +00000-0 +00000-0 0  9997
2   879 055.1799 307.5384 9158558 205.5955 032.7573 00.37791247009303
0 OGO 1
1   879U 64054A   20228.47826976 -.00001009  00000-0  00000+0 0  9996
2   879  55.1799 307.5384 9158558 205.5955  32.7573  0.37791247 21790
0 OGO 1
1   879U 64054A   20228.47831640 -.00001008  00000-0  00000+0 0  9999
2   879  55.1863 307.5411 9157945 205.5964  32.7784  0.37790298 21791
0 OGO 1
1   879U 64054A   20228.47837568 -.00001008 +00000-0 +00000-0 0  9995
2   879 055.1869 307.5415 9157896 205.5980 032.7768 00.37791162009300
0 OGO 1
1   879U 64054A   20231.12013673 -.00001000  00000-0  00000+0 0  9995
2   879  55.0184 307.3561 9161183 205.7049  32.2155  0.37818985 21808
0 OGO 1
1   879U 64054A   20231.12017707 -.00001000  00000-0  00000+0 0  9997
2   879  55.0179 307.3562 9161297 205.7037  32.2135  0.37809725 21806
0 OGO 1
1   879U 64054A   20231.12043114 -.00000998  00000-0  00000+0 0  9993
2   879  55.0516 307.3684 9159616 205.7064  32.2727  0.37824320 21803
0 OGO 1
1   879U 64054A   20231.18844146 -.00000958 +00000-0 +00000-0 0  9990
2   879 055.0874 307.3898 9150119 206.0674 031.9028 00.38964095009314
0 OGO 1
1   879U 64054A   20231.18844146 -.00000958  00000-0  00000+0 0  9999
2   879  55.0874 307.3898 9150119 206.0674  31.9028  0.38964095 21802
0 OGO 1
1   879U 64054A   20231.24798771 -.00000913  00000-0  00000+0 0  9999
2   879  55.1050 307.3844 9114263 206.3563  32.6615  0.39887461 21802
0 OGO 1
1   879U 64054A   20233.75378097 -.00000811  00000-0  00000+0 0  9999
2   879  54.9668 307.2269 9131889 205.8880  32.8586  0.40281857 21812
0 OGO 1
1   879U 64054A   20233.75378097 -.00000811  00000-0  00000+0 0  9999
2   879  54.9668 307.2269 9131889 205.8880  32.8586  0.40281857 21812
0 OGO 1
1   879U 64054A   20233.75378097 -.00000811 +00000-0 +00000-0 0  9990
2   879 054.9668 307.2269 9131889 205.8880 032.8586 00.40281857021812
