1 06877U 73076  A 73292.48617451  .00000038 +00000-0 +00000-0 0  9991
2 06877 062.8633 134.1642 7401651 287.9327 009.3298 01.99180710000019
1 06877U 73076  A 73295.55224707  .00000000 +00000-0 +00000-0 0  9999
2 06877 062.8396 133.5347 7409219 288.5703 009.1590 01.95686805000074
1 06877U 73076  A 73298.59387032  .00000469 +00000-0 +00000-0 0  9996
2 06877 062.8396 133.0664 7409202 288.5963 009.1547 02.00572777000128
1 06877U 73076  A 73346.44930829  .00000158 +00000-0 +00000-0 0  9997
2 06877 062.9052 126.0867 7371268 288.4990 009.3791 02.00608253001082
1 06877U 73076  A 73350.43714431  .00000205 +00000-0 +00000-0 0  9993
2 06877 062.9173 125.4992 7370418 288.5003 009.3834 02.00610518001164
1 06877U 73076  A 73353.42802319  .00000179 +00000-0 +00000-0 0  9998
2 06877 062.9300 125.0619 7368963 288.5121 009.3889 02.00611043001222
1 06877U 73076  A 74027.30746769  .00000235 +00000-0 +00000-0 0  9993
2 06877 063.0119 119.2965 7364629 288.4590 009.4231 02.00629187002002
1 06877U 73076  A 74030.79645872  .00000252 +00000-0 +00000-0 0  9992
2 06877 063.0065 118.7758 7364584 288.4576 009.4236 02.00631285002074
1 06877U 73076  A 74092.09985876  .00000132 +76561-9 +30353-2 0  9991
2 06877 063.0215 109.5424 7371176 288.4131 009.3971 02.00649122003302
1 06877U 73076  A 74114.02847862  .00000038 +76561-9 +30353-2 0  9996
2 06877 063.0298 106.2149 7375419 288.4047 009.3759 02.00651479003741
1 06877U 73076  A 74118.51379106  .00000122 +76561-9 +30353-2 0  9999
2 06877 063.0431 105.5160 7375030 288.4151 009.3759 02.00654037003833
1 06877U 73076  A 74163.36714406  .00000041 +00000-0 +00000-0 0  9998
2 06877 063.1555 098.7454 7372388 288.2905 009.4156 02.00652315004737
1 06877U 73076  A 74181.80701683  .00000036 +00000-0 +00000-0 0  9994
2 06877 063.2149 096.0082 7371457 288.2624 009.4264 02.00650915005105
1 06877U 73076  A 74191.27633905  .00000086 +00000-0 +00000-0 0  9992
2 06877 063.2211 094.6115 7371834 288.2732 009.4222 02.00647717005295
1 06877U 73076  A 74199.25069616  .00000194 +00000-0 +00000-0 0  9990
2 06877 063.1757 093.3997 7371827 288.3092 009.4149 02.00642218005452
1 06877U 73076  A 74229.65385718  .00000058 +00000-0 +00000-0 3  9994
2 06877 063.2251 088.8551 7376805 288.2257 009.4050 02.00630028006065
1 06877U 73076  A 74242.61287448  .00000052 +00000-0 +00000-0 3  9990
2 06877 063.2308 086.8162 7387036 288.1013 009.3750 02.00629545006328
1 06877U 73076  A 74254.57543705  .00000040 +00000-0 +00000-0 3  9996
2 06877 063.1932 084.9174 7387176 288.0942 009.3755 02.00625658006569
1 06877U 73076  A 74301.43039557  .00000033 +00000-0 +00000-0 3  9991
2 06877 063.3176 077.6533 7388443 288.1531 009.3569 02.00616727007507
1 06877U 73076  A 74349.28248595  .00000105 +64208-9 +10472-3 3  9996
2 06877 063.3804 070.3921 7391727 287.8772 009.3950 02.00617556008469
1 06877U 73076  A 74359.25163887  .00000117 +64206-9 +10472-3 3  9995
2 06877 063.4431 068.9249 7391570 287.8527 009.4010 02.00618700008668
1 06877U 73076  A 75021.66646718  .00000156 +64202-9 +10471-3 3  9994
2 06877 063.4689 064.6629 7399877 287.8185 009.3628 02.00619973009215
1 06877U 73076  A 75022.66330575  .00000156 +64201-9 +10471-3 3  9995
2 06877 063.5032 064.5630 7405775 287.6592 009.3633 02.00622568009236
1 06877U 73076  A 75033.13066768  .00000169 +64199-9 +10471-3 3  9999
2 06877 063.4817 062.8983 7407432 287.7216 009.3415 02.00624265009441
1 06877U 73076  A 75040.10887193  .00000177 +64198-9 +10471-3 3  9995
2 06877 063.4905 061.8184 7410090 287.6915 009.3332 02.00625423009580
1 06877U 73076  A 75061.04324578  .00000200 +64196-9 +10470-3 3  9998
2 06877 063.5321 058.4747 7414401 287.6848 009.3113 02.00629958010008
1 06877U 73076  A 75071.01180601  .00000204 +64193-9 +10470-3 3  9994
2 06877 063.5624 056.9195 7414557 287.6816 009.3109 02.00632536010204
1 06877U 73076  A 75085.46608304  .00000207 +00000-0 +00000-0 3  9999
2 06877 063.6133 054.6508 7412562 287.6566 009.3268 02.00635698010498
1 06877U 73076  A 75089.45341539  .00000205 +00000-0 +00000-0 3  9994
2 06877 063.6224 054.0395 7410204 287.6363 009.3438 02.00636722010570
1 06877U 73076  A 75099.92004823  .00000200 +00000-0 +00000-0 3  9994
2 06877 063.6680 052.4292 7408768 287.6106 009.3568 02.00639572010784
1 06877U 73076  A 75103.40889164  .00000197 +00000-0 +00000-0 3  9997
2 06877 063.6819 051.8963 7406821 287.5812 009.3734 02.00640391010851
1 06877U 73076  A 75112.38009831  .00000190 +00000-0 +00000-0 3  9992
2 06877 063.7260 050.5163 7407453 287.5329 009.3798 02.00642701011033
1 06877U 73076  A 75117.86245676  .00000182 +00000-0 +00000-0 3  9990
2 06877 063.7363 049.6963 7404793 287.4778 009.4055 02.00644002011140
1 06877U 73076  A 75121.84959265  .00000177 +00000-0 +00000-0 3  9993
2 06877 063.7465 049.0934 7406389 287.4417 009.4041 02.00644960011225
1 06877U 73076  A 75127.83032318  .00000170 +00000-0 +00000-0 3  9992
2 06877 063.7638 048.1770 7405758 287.4177 009.4122 02.00646157011340
1 06877U 73076  A 75134.80778929  .00000158 +00000-0 +00000-0 3  9998
2 06877 063.7792 047.1428 7405899 287.3266 009.4305 02.00646890011486
1 06877U 73076  A 75141.78521919  .00000148 +00000-0 +00000-0 3  9997
2 06877 063.7992 046.0671 7405224 287.2843 009.4428 02.00647955011623
1 06877U 73076  A 75147.89050433  .00001448 +00000-0 +00000-0 3  9997
2 06877 063.8455 045.2262 7446403 287.1734 009.2399 01.96556868011741
1 06877U 73076  A 75168.74977492  .00001031 +00000-0 +00000-0 3  9995
2 06877 063.7791 042.0365 7447324 287.2449 009.2204 01.96543965012154
1 06877U 73076  A 75176.38117307  .00000680 +00000-0 +00000-0 3  9994
2 06877 063.7946 040.9064 7451753 287.1723 009.2110 01.96562640012308
1 06877U 73076  A 75179.43361564  .00000348 +00000-0 +00000-0 3  9990
2 06877 063.7966 040.4392 7453609 287.1734 009.2005 01.96563598012365
1 06877U 73076  A 75187.06509063  .00001260 +00000-0 +00000-0 3  9990
2 06877 063.7999 039.3103 7452177 287.1784 009.2072 01.96544095012514
1 06877U 73076  A 75195.71462483  .00001458 +00000-0 +00000-0 3  9994
2 06877 063.8134 037.9622 7455820 287.1559 009.1921 01.96548231012680
1 06877U 73076  A 75208.43338296  .00001516 +00000-0 +00000-0 3  9997
2 06877 063.8510 036.0100 7459505 287.1543 009.1724 01.96553147012937
1 06877U 73076  A 75211.99484681 -.00001148 +00000-0 +00000-0 3  9994
2 06877 063.8402 035.4479 7458483 287.1482 009.1791 01.96542777013005
1 06877U 73076  A 75214.53883027  .00000191 +00000-0 +00000-0 3  9990
2 06877 063.8526 035.0738 7459085 287.1216 009.1813 01.96539186013050
1 06877U 73076  A 75218.60922046  .00001251 +00000-0 +00000-0 3  9995
2 06877 063.8402 034.4193 7462124 287.1181 009.1652 01.96543874013139
1 06877U 73076  A 75237.43349453  .00000836 +00000-0 +00000-0 3  9990
2 06877 064.0127 031.5224 7458639 287.0856 009.1909 01.96540142013504
1 06877U 73076  A 75246.08294677  .00001449 +00000-0 +00000-0 3  9999
2 06877 063.9987 030.2241 7458917 287.0204 009.2022 01.96552956013678
1 06877U 73076  A 75257.27538298  .00001494 +00000-0 +00000-0 3  9992
2 06877 064.0265 028.5304 7454828 286.9795 009.2325 01.96554397013890
1 06877U 73076  A 75261.85444212  .00000867 +00000-0 +00000-0 3  9996
2 06877 064.0198 027.8121 7453206 286.9752 009.2424 01.96541844013989
1 06877U 73076  A 75264.90725326  .00000377 +00000-0 +00000-0 3  9999
2 06877 064.0263 027.3594 7450563 286.9473 009.2624 01.96540294014042
1 06877U 73076  A 75267.45121571  .00001205 +00000-0 +00000-0 3  9995
2 06877 064.0613 027.0073 7449591 286.9036 009.2765 01.96544677014094
1 06877U 73076  A 75269.48632765  .00001466 +00000-0 +00000-0 3  9991
2 06877 064.0573 026.7128 7449859 286.8808 009.2798 01.96550162014136
1 06877U 73076  A 75276.10007044  .00000127 +00000-0 +00000-0 3  9997
2 06877 064.1096 025.7104 7449015 286.8662 009.2874 01.96564263014268
1 06877U 73076  A 75281.18746279  .00001401 +00000-0 +00000-0 3  9997
2 06877 064.1065 024.9730 7446449 286.8030 009.3140 01.96557006014362
1 06877U 73076  A 75285.76640988  .00001071 +00000-0 +00000-0 3  9998
2 06877 064.0769 024.2635 7447867 286.7772 009.3116 01.96543842014452
1 06877U 73076  A 75291.36319394  .00001046 +00000-0 +00000-0 3  9997
2 06877 064.0947 023.4362 7444930 286.7175 009.3399 01.96543873014562
1 06877U 73076  A 75294.41585537  .00001467 +00000-0 +00000-0 3  9997
2 06877 064.1004 022.9993 7444102 286.6812 009.3519 01.96551956014621
1 06877U 73076  A 75298.99460932  .00000661 +00000-0 +00000-0 3  9990
2 06877 064.1085 022.3212 7445647 286.6440 009.3506 01.96562475014714
1 06877U 73076  A 75302.55578708  .00000541 +00000-0 +00000-0 3  9996
2 06877 064.1221 021.7910 7445311 286.6335 009.3546 01.96563060014787
1 06877U 73076  A 75313.74865531  .00000283 +00000-0 +00000-0 3  9995
2 06877 064.1454 020.1425 7446661 286.4985 009.3745 01.96541203015009
1 06877U 73076  A 75316.29262305  .00001151 +00000-0 +00000-0 3  9993
2 06877 064.1306 019.7417 7446796 286.4827 009.3772 01.96545148015051
1 06877U 73076  A 75330.02881426  .00001363 +00000-0 +00000-0 3  9996
2 06877 064.1603 017.7265 7449150 286.3676 009.3874 01.96558302015327
1 06877U 73076  A 75336.13404654 -.00000613 +00000-0 +00000-0 3  9996
2 06877 064.1974 016.8395 7450709 286.3125 009.3902 01.96542633015448
1 06877U 73076  A 75341.22201777  .00001246 +00000-0 +00000-0 3  9995
2 06877 064.1947 016.0497 7451918 286.2752 009.3910 01.96546222015549
1 06877U 73076  A 75343.25716114  .00001475 +00000-0 +00000-0 3  9990
2 06877 064.1931 015.7291 7451966 286.2668 009.3924 01.96551578015588
1 06877U 73076  A 75348.34471845  .00000574 +00000-0 +00000-0 3  9993
2 06877 064.2203 014.9966 7451376 286.2301 009.4035 01.96562926015684
1 06877U 73076  A 75351.39715048 -.00000468 +00000-0 +00000-0 3  9991
2 06877 064.2339 014.5475 7456104 286.2138 009.3804 01.96563172015741
1 06877U 73076  A 75364.11679885  .00000797 +00000-0 +00000-0 3  9997
2 06877 064.2218 012.5834 7457800 286.1307 009.3878 01.96539957015997
1 06877U 73076  A 76005.73100948  .00001147 +00000-0 +00000-0 3  9997
2 06877 064.2386 011.5475 7457674 286.1213 009.3905 01.96556826016129
1 06877U 73076  A 76012.85351514 -.00001093 +00000-0 +00000-0 3  9996
2 06877 064.2588 010.4808 7456743 286.0777 009.4046 01.96557482016262
1 06877U 73076  A 76019.97652149 -.00000671 +00000-0 +00000-0 3  9995
2 06877 064.2657 009.3578 7456688 286.0762 009.4053 01.96538812016402
1 06877U 73076  A 76021.50295161 -.00000037 +00000-0 +00000-0 3  9990
2 06877 064.2715 009.1268 7455305 286.0613 009.4160 01.96537738016439
1 06877U 73076  A 76029.13479661  .00001347 +00000-0 +00000-0 3  9990
2 06877 064.2977 007.9704 7456376 286.0148 009.4193 01.96554376016581
1 06877U 73076  A 76046.94183206  .00000355 +00000-0 +00000-0 3  9993
2 06877 064.3487 005.2673 7449291 285.9275 009.4770 01.96539024016934
1 06877U 73076  A 76049.48584890  .00001195 +00000-0 +00000-0 3  9992
2 06877 064.3494 004.9029 7446489 285.8922 009.4999 01.96543167016988
1 06877U 73076  A 76052.53851842  .00001454 +00000-0 +00000-0 3  9994
2 06877 064.3551 004.4568 7445891 285.8522 009.5114 01.96551765017048
1 06877U 73076  A 76055.59107637  .00000930 +00000-0 +00000-0 3  9997
2 06877 064.3687 003.9880 7446128 285.8443 009.5118 01.96559492017101
1 06877U 73076  A 76059.66108512 -.00000394 +00000-0 +00000-0 3  9997
2 06877 064.3819 003.3662 7443037 285.8405 009.5299 01.96561949017182
1 06877U 73076  A 76061.69608831 -.00001043 +00000-0 +00000-0 3  9994
2 06877 064.3900 003.0667 7440971 285.8235 009.5449 01.96558961017222
1 06877U 73076  A 76070.85412073  .00000102 +00000-0 +00000-0 3  9997
2 06877 064.4120 001.7527 7439781 285.6984 009.5776 01.96539397017408
1 06877U 73076  A 76075.94209337  .00001455 +00000-0 +00000-0 3  9991
2 06877 064.4191 001.0139 7435395 285.6536 009.6114 01.96549368017505
1 06877U 73076  A 76080.52083110  .00000815 +00000-0 +00000-0 3  9999
2 06877 064.4309 000.3573 7433896 285.5681 009.6379 01.96561686017593
1 06877U 73076  A 76088.66093540 -.00001497 +00000-0 +00000-0 3  9998
2 06877 064.4534 359.1198 7430621 285.5002 009.6705 01.96552733017755
1 06877U 73076  A 76093.23995399 -.00000769 +00000-0 +00000-0 3  9991
2 06877 064.4379 358.5238 7430859 285.4155 009.6870 01.96540748017847
1 06877U 73076  A 76095.78397274  .00000264 +00000-0 +00000-0 3  9990
2 06877 064.4458 358.1636 7430951 285.3645 009.6973 01.96539193017890
1 06877U 73076  A 76113.59083699 -.00001521 +00000-0 +00000-0 3  9991
2 06877 064.4571 355.5703 7430647 285.1968 009.7340 01.96550332018247
1 06877U 73076  A 76116.64363380 -.00001133 +00000-0 +00000-0 3  9997
2 06877 064.4687 355.1363 7428513 285.1505 009.7558 01.96541008018307
1 06877U 73076  A 76128.34587524  .00001121 +00000-0 +00000-0 3  9991
2 06877 064.4988 353.4426 7431723 285.0063 009.7683 01.96555670018531
1 06877U 73076  A 76136.48578024 -.00001331 +00000-0 +00000-0 3  9994
2 06877 064.5095 352.2490 7435672 284.9128 009.7655 01.96554495018696
1 06877U 73076  A 76141.57381246 -.00001007 +00000-0 +00000-0 3  9998
2 06877 064.5071 351.4875 7433027 284.8774 009.7882 01.96539035018792
1 06877U 73076  A 76144.62666987  .00000191 +00000-0 +00000-0 3  9997
2 06877 064.5142 351.0516 7432296 284.8330 009.8018 01.96536406018852
1 06877U 73076  A 76147.67948910  .00001217 +00000-0 +00000-0 3  9994
2 06877 064.5159 350.6113 7433915 284.7819 009.8031 01.96540870018910
1 06877U 73076  A 76152.25854492  .00001245 +00000-0 +00000-0 3  9996
2 06877 064.5175 349.9146 7436339 284.7630 009.7933 01.96553575019006
1 06877U 73076  A 76162.43373008 -.00001517 +00000-0 +00000-0 3  9999
2 06877 064.5064 348.3959 7436050 284.6857 009.8113 01.96548858019209
1 06877U 73076  A 76163.45130727 -.00001519 +00000-0 +00000-0 3  9993
2 06877 064.5022 348.2434 7436992 284.6912 009.8048 01.96545569019222
1 06877U 73076  A 76172.60989709  .00001306 +00000-0 +00000-0 3  9995
2 06877 064.5135 346.8771 7433745 284.5903 009.8451 01.96541828019409
1 06877U 73076  A 76180.24150514  .00000281 +00000-0 +00000-0 3  9999
2 06877 064.5266 345.7343 7435066 284.5738 009.8409 01.96559098019558
1 06877U 73076  A 76189.39937924 -.00001317 +00000-0 +00000-0 3  9994
2 06877 064.5747 344.3951 7431791 284.4727 009.8814 01.96541488019734
1 06877U 73076  A 76194.48756455  .00000545 +00000-0 +00000-0 3  9999
2 06877 064.5878 343.6201 7429825 284.4520 009.8973 01.96536773019833
1 06877U 73076  A 76210.25962418 -.00001374 +00000-0 +00000-0 3  9993
2 06877 064.5779 341.3236 7420228 284.3753 009.9692 01.96552442020147
1 06877U 73076  A 76217.38275233 -.00000110 +00000-0 +00000-0 3  9993
2 06877 064.6571 340.3089 7418535 284.2225 010.0120 01.96536414020289
1 06877U 73076  A 76222.47088422  .00001413 +00000-0 +00000-0 3  9997
2 06877 064.6721 339.5673 7415705 284.1323 010.0481 01.96544675020388
1 06877U 73076  A 76222.97968770  .00000000 +00000-0 +00000-0 3  9996
2 06877 064.6231 339.4701 7419244 284.0728 010.0405 01.96545890020392
1 06877U 73076  A 76222.97969417  .00000000 +00000-0 +00000-0 3  9995
2 06877 064.6514 339.4880 7416800 284.1061 010.0475 01.96545766020399
1 06877U 73076  A 76229.08485583  .00000328 +00000-0 +00000-0 3  9994
2 06877 064.6644 338.6522 7411332 284.0470 010.0920 01.96559407020511
1 06877U 73076  A 76230.10235302 -.00000015 +00000-0 +00000-0 3  9995
2 06877 064.6648 338.5072 7411152 284.0392 010.0949 01.96559736020535
1 06877U 73076  A 76235.18997874 -.00001427 +00000-0 +00000-0 3  9995
2 06877 064.6669 337.7666 7409428 284.0083 010.1116 01.96551541020632
1 06877U 73076  A 76239.26030874 -.00001083 +00000-0 +00000-0 3  9994
2 06877 064.6605 337.2026 7404709 283.9595 010.1499 01.96540209020712
1 06877U 73076  A 76243.33072397  .00000467 +00000-0 +00000-0 3  9997
2 06877 064.6690 336.6417 7404291 283.8826 010.1696 01.96537524020798
1 06877U 73076  A 76254.01506825  .00000190 +00000-0 +00000-0 3  9995
2 06877 064.7039 335.1457 7398897 283.7190 010.2372 01.96560122021008
1 06877U 73076  A 76260.12011165 -.00001462 +00000-0 +00000-0 3  9996
2 06877 064.7087 334.2973 7400489 283.6217 010.2495 01.96550847021126
1 06877U 73076  A 76264.19045136 -.00000957 +00000-0 +00000-0 3  9990
2 06877 064.7180 333.7198 7397396 283.5990 010.2729 01.96539954021207
1 06877U 73076  A 76271.31361042  .00001378 +00000-0 +00000-0 3  9996
2 06877 064.7088 332.7650 7397031 283.4469 010.3087 01.96545084021346
1 06877U 73076  A 76273.34872968  .00001417 +00000-0 +00000-0 3  9999
2 06877 064.7059 332.4601 7397713 283.4193 010.3108 01.96551071021389
1 06877U 73076  A 76277.92758499  .00000394 +00000-0 +00000-0 3  9992
2 06877 064.7061 331.8060 7395154 283.3665 010.3379 01.96560299021476
1 06877U 73076  A 76279.45381760 -.00000116 +00000-0 +00000-0 3  9998
2 06877 064.7105 331.6028 7394538 283.3363 010.3482 01.96560741021508
1 06877U 73076  A 76287.08520531 -.00001364 +00000-0 +00000-0 3  9993
2 06877 064.7081 330.5221 7397323 283.2401 010.3529 01.96544318021651
1 06877U 73076  A 76298.27867830  .00001382 +00000-0 +00000-0 3  9991
2 06877 064.7171 328.9530 7396414 283.0717 010.3965 01.96552460021878
1 06877U 73076  A 76301.84000276  .00000590 +00000-0 +00000-0 3  9992
2 06877 064.7190 328.4214 7396957 283.0462 010.3988 01.96559980021949
1 06877U 73076  A 76305.40126935 -.00000594 +00000-0 +00000-0 3  9994
2 06877 064.7338 327.9217 7394722 283.0139 010.4192 01.96559965022019
1 06877U 73076  A 76316.59451539  .00000336 +00000-0 +00000-0 3  9990
2 06877 064.7421 326.3042 7396536 282.9054 010.4330 01.96538053022233
1 06877U 73076  A 76317.61214597  .00000718 +00000-0 +00000-0 3  9999
2 06877 064.7448 326.1585 7395874 282.8974 010.4386 01.96539094022255
1 06877U 73076  A 76322.19122878  .00000000 +00000-0 +00000-0 3  9992
2 06877 064.7581 325.5318 7393830 282.8327 010.4655 01.96552867022344
1 06877U 73076  A 76326.77009692  .00000460 +00000-0 +00000-0 3  9998
2 06877 064.7599 324.8495 7396138 282.7999 010.4591 01.96560022022430
1 06877U 73076  A 76333.89277641 -.00001470 +00000-0 +00000-0 3  9993
2 06877 064.7709 323.8321 7392002 282.7455 010.4964 01.96550660022579
1 06877U 73076  A 76341.01596443  .00000299 +00000-0 +00000-0 3  9997
2 06877 064.7745 322.7969 7393389 282.6692 010.5051 01.96537782022710
1 06877U 73076  A 76344.06884983  .00001253 +00000-0 +00000-0 3  9995
2 06877 064.7782 322.3507 7391610 282.6511 010.5202 01.96542828022771
1 06877U 73076  A 76346.61283442  .00001433 +00000-0 +00000-0 3  9991
2 06877 064.7830 321.9924 7389139 282.6255 010.5408 01.96549831022826
1 06877U 73076  A 76351.19168900  .00000486 +00000-0 +00000-0 3  9998
2 06877 064.7957 321.3418 7387507 282.5744 010.5626 01.96559535022911
1 06877U 73076  A 76365.94668961  .00000825 +00000-0 +00000-0 0  9992
2 06877 064.8187 319.3575 7374005 282.3764 010.8478 01.96538951023207
1 06877U 73076  A 77004.52563715  .00000559 +00000-0 +00000-0 0  9992
2 06877 064.8449 318.6568 7375624 282.2608 010.5916 01.96543596023290
1 06877U 73076  A 77008.59588448 -.00000442 +00000-0 +00000-0 0  9995
2 06877 064.8314 318.1246 7371011 282.2654 010.7717 01.96559366023378
1 06877U 73076  A 77021.82386862  .00000500 +00000-0 +00000-0 0  9996
2 06877 064.8458 316.2953 7366770 282.0783 010.7887 01.96539531023637
1 06877U 73076  A 77034.54365745 -.00000667 +00000-0 +00000-0 0  9991
2 06877 064.8556 314.5435 7362760 281.9066 010.9404 01.96560620023886
1 06877U 73076  A 77057.43878872 -.00000294 +00000-0 +00000-0 0  9990
2 06877 064.8551 311.4078 7354136 281.6208 011.0347 01.96557476024337
1 06877U 73076  A 77067.61404796 -.00000234 +00000-0 +00000-0 0  9995
2 06877 064.8630 310.0179 7350413 281.4868 011.1322 01.96545115024539
1 06877U 73076  A 77077.79009221  .00000663 +00000-0 +00000-0 0  9994
2 06877 064.8679 308.6349 7346153 281.3561 011.1717 01.96546379024732
1 06877U 73076  A 77088.47410033 -.00000934 +00000-0 +00000-0 0  9990
2 06877 064.8832 307.1976 7340850 281.2085 011.1857 01.96554502024946
1 06877U 73076  A 77099.15878125  .00000970 +00000-0 +00000-0 0  9996
2 06877 064.9178 305.7547 7337078 281.0777 011.2617 01.96539601025154
1 06877U 73076  A 77109.33416090 -.00001002 +00000-0 +00000-0 0  9995
2 06877 064.9220 304.3874 7332600 280.9410 011.2081 01.96559539025357
1 06877U 73076  A 77119.50981888  .00000367 +00000-0 +00000-0 0  9999
2 06877 064.9260 303.0242 7328054 280.8038 011.3036 01.96538905025556
1 06877U 73076  A 77131.21211104 -.00000517 +00000-0 +00000-0 0  9996
2 06877 064.9303 301.4620 7322749 280.6455 011.3865 01.96557698025787
1 06877U 73076  A 77141.89620420 -.00000169 +00000-0 +00000-0 0  9999
2 06877 064.9341 300.0408 7317824 280.5002 011.3328 01.96542828025999
1 06877U 73076  A 77154.10757268 -.00000026 +00000-0 +00000-0 0  9990
2 06877 064.9035 298.3996 7313651 280.2843 011.5724 01.96554547026235
1 06877U 73076  A 77165.80904027 -.00000320 +00000-0 +00000-0 0  9993
2 06877 064.9071 296.8515 7308091 280.1279 011.4806 01.96544554026461
1 06877U 73076  A 77179.03804751 -.00000069 +00000-0 +00000-0 0  9996
2 06877 064.9474 295.0855 7303403 279.9212 011.7985 01.96555456026724
1 06877U 73076  A 77189.21315012 -.00000566 +00000-0 +00000-0 0  9996
2 06877 064.9501 293.7512 7298412 279.7799 011.7938 01.96548491026922
1 06877U 73076  A 77201.42447790  .00000538 +00000-0 +00000-0 0  9991
2 06877 064.9646 292.1382 7294982 279.5872 012.0001 01.96550220027163
1 06877U 73076  A 77212.10833181 -.00000792 +00000-0 +00000-0 0  9994
2 06877 064.9664 290.7465 7290111 279.4363 012.0382 01.96553852027372
1 06877U 73076  A 77222.79301297  .00001048 +00000-0 +00000-0 0  9992
2 06877 064.9703 289.3643 7285397 279.2819 012.1088 01.96542459027580
1 06877U 73076  A 77236.02082051 -.00000818 +00000-0 +00000-0 0  9992
2 06877 064.9730 287.6532 7278580 279.0933 012.2291 01.96556172027842
1 06877U 73076  A 77257.89813308 -.00000946 +00000-0 +00000-0 0  9999
2 06877 064.9968 284.8385 7269347 278.7532 012.3210 01.96561050028273
1 06877U 73076  A 77268.07359756  .00000648 +00000-0 +00000-0 0  9991
2 06877 064.9915 283.5325 7264029 278.6085 012.3256 01.96540292028476
1 06877U 73076  A 77278.75811740 -.00000388 +00000-0 +00000-0 0  9995
2 06877 064.9972 282.1660 7258627 278.4455 012.3871 01.96559403028682
1 06877U 73076  A 77288.42446597 -.00000305 +00000-0 +00000-0 0  9993
2 06877 065.0029 280.9465 7253362 278.3091 012.3770 01.96547126028870
1 06877U 73076  A 77289.95090251  .00000071 +00000-0 +00000-0 0  9993
2 06877 065.0042 280.7553 7252485 278.2871 012.4202 01.96543523028903
1 06877U 73076  A 77300.12682310  .00000326 +00000-0 +00000-0 0  9992
2 06877 064.9980 279.4626 7247397 278.1234 012.5348 01.96552193029104
1 06877U 73076  A 77310.81070155 -.00000781 +00000-0 +00000-0 0  9993
2 06877 064.9979 278.0910 7242755 277.9695 012.5811 01.96553462029312
1 06877U 73076  A 77321.49543563  .00000852 +00000-0 +00000-0 0  9995
2 06877 064.9946 276.7442 7237472 277.7956 012.6606 01.96543852029527
1 06877U 73076  A 77333.19709151 -.00000964 +00000-0 +00000-0 0  9997
2 06877 064.9955 275.2816 7230915 277.6209 012.7324 01.96557751029757
1 06877U 73076  A 77344.39054413  .00000994 +00000-0 +00000-0 0  9997
2 06877 064.9954 273.8740 7227269 277.4472 012.9552 01.96541189029971
1 06877U 73076  A 77362.70617454 -.00000068 +00000-0 +00000-0 0  9995
2 06877 065.0065 271.5976 7217634 277.1520 013.0349 01.96545606030334
1 06877U 73076  A 78007.88223011  .00000724 +00000-0 +00000-0 0  9991
2 06877 064.9928 270.3139 7213472 276.9884 013.1787 01.96548382030537
1 06877U 73076  A 78019.58366357 -.00000601 +00000-0 +00000-0 0  9997
2 06877 065.0038 268.8751 7206687 276.8105 013.2859 01.96551768030766
1 06877U 73076  A 78029.75961099  .00001064 +00000-0 +00000-0 0  9994
2 06877 065.0179 267.6417 7200504 276.6545 013.3808 01.96541738030969
1 06877U 73076  A 78044.00496335 -.00000655 +00000-0 +00000-0 0  9991
2 06877 065.0231 265.9100 7193677 276.4137 013.4044 01.96552331031241
1 06877U 73076  A 78054.18087694  .00001038 +00000-0 +00000-0 0  9990
2 06877 065.0271 264.6748 7187801 276.2616 013.5083 01.96541739031447
1 06877U 73076  A 78063.33868400 -.00000683 +00000-0 +00000-0 0  9995
2 06877 065.0397 263.5728 7182501 276.1154 013.5243 01.96559966031629
1 06877U 73076  A 78063.33870377 -.00000683 +00000-0 +00000-0 0  9991
2 06877 065.0398 263.5728 7182502 276.1154 013.5383 01.96559966031626
1 06877U 73076  A 78073.51401841  .00000383 +00000-0 +00000-0 0  9994
2 06877 065.0295 262.3291 7177431 275.9574 013.5253 01.96541035031828
1 06877U 73076  A 78104.04112499  .00000918 +00000-0 +00000-0 0  9999
2 06877 065.0465 258.6584 7161873 275.4529 013.8898 01.96543264032429
1 06877U 73076  A 78116.25140937 -.00000860 +00000-0 +00000-0 0  9990
2 06877 065.0401 257.2257 7154960 275.2452 013.9598 01.96556270032668
1 06877U 73076  A 78126.93600289  .00000948 +00000-0 +00000-0 0  9993
2 06877 065.0399 255.9295 7151258 275.0679 014.0747 01.96540582032877
1 06877U 73076  A 78139.14654035 -.00000870 +00000-0 +00000-0 0  9993
2 06877 065.0232 254.5024 7144785 274.8553 014.2489 01.96559286033117
1 06877U 73076  A 78149.32213826  .00000746 +00000-0 +00000-0 0  9994
2 06877 065.0373 253.3032 7141120 274.6798 014.3914 01.96540701033316
1 06877U 73076  A 78164.07654984 -.00000827 +00000-0 +00000-0 0  9998
2 06877 065.0522 251.5878 7133350 274.4334 014.5194 01.96559155033607
1 06877U 73076  A 78174.25219972  .00000865 +00000-0 +00000-0 0  9994
2 06877 065.0356 250.3781 7129709 274.2707 014.7222 01.96541476033800
1 06877U 73076  A 78186.97140461 -.00000677 +00000-0 +00000-0 0  9994
2 06877 065.0513 248.9132 7122466 274.0564 014.7559 01.96561348034051
1 06877U 73076  A 78197.14674606  .00000623 +00000-0 +00000-0 0  9998
2 06877 065.0410 247.7334 7119559 273.8721 014.8533 01.96543229034252
1 06877U 73076  A 78209.35733372 -.00000295 +00000-0 +00000-0 0  9997
2 06877 065.0504 246.3446 7112580 273.6555 014.8601 01.96560189034491
1 06877U 73076  A 78220.55004783  .00000326 +00000-0 +00000-0 0  9993
2 06877 065.0497 245.0664 7106250 273.4617 014.9679 01.96544818034716
1 06877U 73076  A 78243.95341486 -.00000000 +00000-0 +00000-0 0  9996
2 06877 065.0349 242.3807 7095210 273.0526 015.1805 01.96548295035177
1 06877U 73076  A 78254.12908604  .00000692 +00000-0 +00000-0 0  9994
2 06877 065.0443 241.2118 7092454 272.8769 015.1313 01.96550117035370
1 06877U 73076  A 78264.81297782 -.00000715 +00000-0 +00000-0 0  9996
2 06877 065.0331 240.0179 7086963 272.6832 015.2796 01.96555911035583
1 06877U 73076  A 78275.49748193  .00001014 +00000-0 +00000-0 0  9991
2 06877 065.0317 238.7960 7083326 272.4915 015.4333 01.96544101035790
1 06877U 73076  A 78285.67266423 -.00000749 +00000-0 +00000-0 0  9998
2 06877 065.0175 237.6564 7077793 272.3059 015.4232 01.96560621035994
1 06877U 73076  A 78296.86580349  .00000736 +00000-0 +00000-0 0  9992
2 06877 065.0196 236.4089 7073226 272.1141 015.7105 01.96542146036213
1 06877U 73076  A 78308.56760331 -.00000419 +00000-0 +00000-0 0  9993
2 06877 065.0323 235.0737 7069476 271.9045 015.8081 01.96560740036441
1 06877U 73076  A 78319.25155933  .00000327 +00000-0 +00000-0 0  9994
2 06877 065.0211 233.8921 7064773 271.7112 015.8793 01.96544123036656
1 06877U 73076  A 78335.53246849 -.00000670 +00000-0 +00000-0 0  9992
2 06877 065.0512 232.0960 7057817 271.4063 016.1097 01.96560046036975
1 06877U 73076  A 78354.35729305  .00000406 +00000-0 +00000-0 0  9992
2 06877 065.0416 229.9979 7050302 271.0722 016.2957 01.96553878037346
1 06877U 73076  A 79005.12884686  .00000711 +00000-0 +00000-0 0  9994
2 06877 065.0160 228.2570 7045233 270.7882 016.3557 01.96541711037655
1 06877U 73076  A 79020.39199174 -.00000665 +00000-0 +00000-0 0  9990
2 06877 065.0200 226.5996 7038325 270.4983 016.4836 01.96559451037950
1 06877U 73076  A 79035.65537656  .00000944 +00000-0 +00000-0 0  9995
2 06877 065.0082 224.9234 7034330 270.2096 016.6407 01.96546971038253
1 06877U 73076  A 79044.30413878 -.00000661 +00000-0 +00000-0 0  9993
2 06877 065.0145 223.9879 7030562 270.0495 016.6071 01.96560165038428
1 06877U 73076  A 79059.56746032  .00000986 +00000-0 +00000-0 0  9997
2 06877 065.0332 222.3171 7027042 269.7716 016.7354 01.96545082038723
1 06877U 73076  A 79059.56749733  .00000986 +00000-0 +00000-0 0  9998
2 06877 065.0293 222.3149 7027043 269.7739 016.7636 01.96545131038728
1 06877U 73076  A 79075.33904379 -.00000109 +00000-0 +00000-0 0  9998
2 06877 065.0383 220.6079 7022587 269.4710 016.9006 01.96548216039030
1 06877U 73076  A 79093.14630383 -.00000654 +00000-0 +00000-0 0  9993
2 06877 065.0310 218.7064 7017461 269.1202 017.1411 01.96560305039384
1 06877U 73076  A 79108.40961072  .00001040 +00000-0 +00000-0 0  9990
2 06877 065.0228 217.0503 7014740 268.8323 017.3187 01.96544359039685
1 06877U 73076  A 79138.93576078  .00000031 +00000-0 +00000-0 0  9998
2 06877 065.0228 213.7704 7007682 268.2590 017.6438 01.96558297040284
1 06877U 73076  A 79154.70734848  .00000967 +00000-0 +00000-0 0  9990
2 06877 065.0236 212.0787 7006164 267.9499 017.7822 01.96542986040594
1 06877U 73076  A 79169.97009182 -.00000649 +00000-0 +00000-0 0  9999
2 06877 065.0178 210.4761 7001919 267.6674 017.8347 01.96558604040898
1 06877U 73076  A 79185.74226070  .00000658 +00000-0 +00000-0 0  9998
2 06877 065.0304 208.7917 7000218 267.3509 018.0671 01.96552998041206
1 06877U 73076  A 79190.82963537  .00000248 +00000-0 +00000-0 0  9994
2 06877 065.0432 208.2346 7000279 267.2549 018.0247 01.96561707041295
1 06877U 73076  A 79193.88205240  .00000244 +00000-0 +00000-0 0  9999
2 06877 065.0317 207.9173 6999348 267.1988 018.0318 01.96560249041356
1 06877U 73076  A 79193.88205271  .00000244 +00000-0 +00000-0 0  9993
2 06877 065.0349 207.9148 6999053 267.2009 018.0257 01.96559952041352
1 06877U 73076  A 79197.95209422  .00000239 +00000-0 +00000-0 0  9991
2 06877 065.0327 207.4915 6998449 267.1184 018.0726 01.96551560041433
1 06877U 73076  A 79204.05747001  .00000232 +00000-0 +00000-0 0  9994
2 06877 065.0422 206.8457 6998304 267.0088 018.1325 01.96543035041552
1 06877U 73076  A 79208.12770233  .00000227 +00000-0 +00000-0 0  9993
2 06877 065.0308 206.4065 6997642 266.9331 018.1271 01.96547940041637
1 06877U 73076  A 79208.12770418  .00000226 +00000-0 +00000-0 0  9997
2 06877 064.9870 206.3751 6998952 266.9375 018.1147 01.96546921041644
1 06877U 73076  A 79209.14525193  .00000223 +00000-0 +00000-0 0  9995
2 06877 065.0437 206.2941 6998328 266.8898 018.1252 01.96550107041661
1 06877U 73076  A 79209.14525958  .00000299 +00000-0 +00000-0 0  9997
2 06877 065.0308 206.3002 6997423 266.9125 018.1437 01.96550291041665
1 06877U 73076  A 79209.14527195  .00000223 +00000-0 +00000-0 0  9999
2 06877 065.0439 206.2942 6998324 266.8898 018.1394 01.96550108041668
1 06877U 73076  A 79212.70654567  .00000221 +00000-0 +00000-0 0  9997
2 06877 065.0038 205.9229 6996549 266.8675 018.1567 01.96558501041732
1 06877U 73076  A 79212.70658111  .00000221 +00000-0 +00000-0 0  9996
2 06877 065.0038 205.9230 6996549 266.8675 018.1818 01.96558501041733
1 06877U 73076  A 79212.70662417  .00000221 +00000-0 +00000-0 0  9990
2 06877 064.9814 205.9059 6997908 266.8350 018.1823 01.96557799041736
1 06877U 73076  A 79212.70662504  .00000221 +00000-0 +00000-0 0  9997
2 06877 064.9684 205.9036 6997843 266.8376 018.1718 01.96557346041722
1 06877U 73076  A 79212.70662894  .00000222 +00000-0 +00000-0 0  9990
2 06877 064.9968 205.9703 6996132 266.8593 018.2475 01.96559041041735
1 06877U 73076  A 79212.70664384  .00000222 +00000-0 +00000-0 0  9996
2 06877 065.0038 205.9229 6996549 266.8675 018.2261 01.96558502041735
1 06877U 73076  A 79215.25036599  .00000218 +00000-0 +00000-0 0  9995
2 06877 064.9882 205.6423 6997058 266.7848 018.1988 01.96560660041777
1 06877U 73076  A 79218.81148331  .00000214 +00000-0 +00000-0 0  9994
2 06877 065.0060 205.2734 6996495 266.7168 018.2073 01.96559653041852
1 06877U 73076  A 79219.32026008  .00000213 +00000-0 +00000-0 0  9996
2 06877 064.9950 205.2198 6996214 266.7083 018.2294 01.96558693041866
1 06877U 73076  A 79220.84651552  .00000211 +00000-0 +00000-0 0  9991
2 06877 065.0002 205.0529 6996180 266.6747 018.2462 01.96555669041890
1 06877U 73076  A 79222.88156017  .00000209 +00000-0 +00000-0 0  9990
2 06877 064.9952 204.8323 6995922 266.6330 018.2614 01.96550843041935
1 06877U 73076  A 79224.91665590  .00000206 +00000-0 +00000-0 0  9994
2 06877 064.9911 204.6153 6995588 266.5912 018.2759 01.96546357041971
1 06877U 73076  A 79225.93422549  .00000205 +00000-0 +00000-0 0  9991
2 06877 065.0003 204.5158 6995636 266.5656 018.2955 01.96544765041999
1 06877U 73076  A 79226.95179170  .00000204 +00000-0 +00000-0 0  9992
2 06877 064.9917 204.4202 6995431 266.5393 018.3024 01.96543658042013
1 06877U 73076  A 79228.98694573  .00000202 +00000-0 +00000-0 0  9994
2 06877 064.9887 204.2140 6995175 266.5020 018.3213 01.96543008042053
1 06877U 73076  A 79230.00449741  .00000200 +00000-0 +00000-0 0  9993
2 06877 065.0242 204.0906 6996832 266.4965 018.3102 01.96542798042070
1 06877U 73076  A 79231.02205728  .00000199 +00000-0 +00000-0 0  9998
2 06877 065.0496 203.9840 6995528 266.4972 018.3196 01.96544764042095
1 06877U 73076  A 79231.02206017  .00000199 +00000-0 +00000-0 0  9990
2 06877 065.0496 203.9841 6995529 266.4971 018.3217 01.96544764042090
1 06877U 73076  A 79233.05716655  .00000196 +00000-0 +00000-0 0  9996
2 06877 065.0471 203.7715 6995148 266.4569 018.3322 01.96548635042123
1 06877U 73076  A 79233.05720692  .00000197 +00000-0 +00000-0 0  9993
2 06877 065.0472 203.7810 6995046 266.4559 018.3623 01.96548713042138
1 06877U 73076  A 79237.63604053  .00000280 +00000-0 +00000-0 0  9996
2 06877 065.0353 203.3054 6994786 266.3525 018.3839 01.96558991042211
1 06877U 73076  A 79239.16228496  .00000188 +00000-0 +00000-0 0  9996
2 06877 065.0061 203.1098 6996820 266.3418 018.3317 01.96558925042246
1 06877U 73076  A 79239.16234930  .00000189 +00000-0 +00000-0 0  9997
2 06877 065.0326 203.1455 6994556 266.3209 018.4496 01.96561190042257
1 06877U 73076  A 79241.70600300  .00000185 +00000-0 +00000-0 0  9994
2 06877 065.0174 202.8672 6994726 266.2654 018.4129 01.96561398042294
1 06877U 73076  A 79241.70602769  .00000185 +00000-0 +00000-0 0  9995
2 06877 065.0077 202.8432 6995045 266.2686 018.4320 01.96561459042291
1 06877U 73076  A 79241.70602770  .00000186 +00000-0 +00000-0 0  9998
2 06877 065.0174 202.8672 6994726 266.2653 018.4304 01.96561399042299
1 06877U 73076  A 79241.70603582  .00000186 +00000-0 +00000-0 0  9990
2 06877 065.0174 202.8672 6994726 266.2654 018.4361 01.96561398042292
1 06877U 73076  A 79245.77602946  .00000181 +00000-0 +00000-0 0  9999
2 06877 065.0117 202.4513 6994024 266.1867 018.4724 01.96554832042372
1 06877U 73076  A 79248.31983914  .00000177 +00000-0 +00000-0 0  9994
2 06877 065.0091 202.1513 6994998 266.1324 018.5099 01.96549251042430
1 06877U 73076  A 79248.82855529  .00000177 +00000-0 +00000-0 0  9990
2 06877 065.0069 202.0948 6994980 266.1241 018.4728 01.96548145042445
1 06877U 73076  A 79250.35489527  .00000175 +00000-0 +00000-0 0  9990
2 06877 064.9992 201.9296 6994850 266.0994 018.4843 01.96545206042478
1 06877U 73076  A 79250.86367675  .00000174 +00000-0 +00000-0 0  9994
2 06877 065.0389 201.8598 6995257 266.1156 018.4852 01.96544313042486
1 06877U 73076  A 79251.88124140  .00000173 +00000-0 +00000-0 0  9994
2 06877 064.9938 201.7686 6994688 266.0686 018.4904 01.96543459042506
1 06877U 73076  A 79253.91642196  .00000171 +00000-0 +00000-0 0  9994
2 06877 064.9436 201.5785 6994682 266.0220 018.5207 01.96543006042544
1 06877U 73076  A 79253.91643044  .00000171 +00000-0 +00000-0 0  9997
2 06877 064.9437 201.5786 6994683 266.0219 018.5267 01.96543007042542
1 06877U 73076  A 79253.91643045  .00000171 +00000-0 +00000-0 0  9998
2 06877 064.9436 201.5783 6994682 266.0221 018.5267 01.96543006042549
1 06877U 73076  A 79255.95157989  .00000168 +00000-0 +00000-0 0  9997
2 06877 064.9593 201.3638 6994598 265.9899 018.5436 01.96544957042583
1 06877U 73076  A 79256.96914554  .00000167 +00000-0 +00000-0 0  9997
2 06877 064.9672 201.2521 6994520 265.9711 018.5526 01.96546710042601
1 06877U 73076  A 79259.00423629  .00000164 +00000-0 +00000-0 0  9990
2 06877 064.9678 201.0381 6994263 265.9314 018.5689 01.96551361042644
1 06877U 73076  A 79261.03928163  .00000161 +00000-0 +00000-0 0  9996
2 06877 064.9488 200.8293 6994033 265.8927 018.5867 01.96556280042683
1 06877U 73076  A 79261.03928396  .00000161 +00000-0 +00000-0 0  9994
2 06877 064.9490 200.8293 6994035 265.8926 018.5883 01.96556281042686
1 06877U 73076  A 79261.03938158  .00000162 +00000-0 +00000-0 0  9992
2 06877 064.9497 200.8265 6994053 265.8939 018.6571 01.96556269042687
1 06877U 73076  A 79261.03938271  .00000162 +00000-0 +00000-0 0  9998
2 06877 064.9489 200.8294 6994034 265.8927 018.6582 01.96556280042681
1 06877U 73076  A 79268.67047595  .00000152 +00000-0 +00000-0 0  9994
2 06877 064.9283 200.0092 6992849 265.7506 018.6789 01.96558940042836
1 06877U 73076  A 79269.17923476  .00000151 +00000-0 +00000-0 0  9990
2 06877 064.9444 199.9764 6992766 265.7430 018.6628 01.96557450042849
1 06877U 73076  A 79269.17923600  .00000151 +00000-0 +00000-0 0  9999
2 06877 064.9324 199.9562 6992860 265.7395 018.6909 01.96557987042844
1 06877U 73076  A 79269.17927328  .00000151 +00000-0 +00000-0 0  9990
2 06877 064.9314 199.9566 6992836 265.7393 018.7174 01.96557987042843
1 06877U 73076  A 79270.70550103  .00000149 +00000-0 +00000-0 0  9991
2 06877 064.9525 199.7968 6993077 265.7076 018.7038 01.96554613042872
1 06877U 73076  A 79273.75810279  .00000145 +00000-0 +00000-0 0  9998
2 06877 064.9560 199.4559 6993455 265.6620 018.7101 01.96547186042933
1 06877U 73076  A 79274.77566182  .00000144 +00000-0 +00000-0 0  9991
2 06877 064.9682 199.3437 6993505 265.6344 018.7199 01.96545291042955
1 06877U 73076  A 79274.77566273  .00000144 +00000-0 +00000-0 0  9992
2 06877 064.9607 199.3422 6993453 265.6387 018.7180 01.96545243042952
1 06877U 73076  A 79276.81080598  .00000141 +00000-0 +00000-0 0  9997
2 06877 064.9828 199.1259 6993707 265.5909 018.7326 01.96542764042995
1 06877U 73076  A 79277.31959832  .00000141 +00000-0 +00000-0 0  9999
2 06877 064.9447 199.1064 6993640 265.5696 018.7436 01.96542072043002
1 06877U 73076  A 79279.86352438  .00000138 +00000-0 +00000-0 0  9996
2 06877 064.9854 198.8191 6993417 265.5322 018.7563 01.96543801043056
1 06877U 73076  A 79279.86354367  .00000138 +00000-0 +00000-0 0  9999
2 06877 064.9966 198.8179 6993610 265.5296 018.7642 01.96543694043059
1 06877U 73076  A 79279.86354368  .00000138 +00000-0 +00000-0 0  9990
2 06877 064.9688 198.8251 6994209 265.5475 018.7645 01.96543348043054
1 06877U 73076  A 79279.86355510  .00000138 +00000-0 +00000-0 0  9990
2 06877 064.9965 198.8179 6993612 265.5296 018.7723 01.96543694043050
1 06877U 73076  A 79281.89868772  .00000135 +00000-0 +00000-0 0  9992
2 06877 064.9964 198.6012 6993405 265.4924 018.7929 01.96547115043094
1 06877U 73076  A 79282.91623416  .00000133 +00000-0 +00000-0 0  9998
2 06877 064.9722 198.4744 6993509 265.4783 018.7937 01.96549189043119
1 06877U 73076  A 79284.95130237  .00000131 +00000-0 +00000-0 0  9996
2 06877 064.9767 198.2759 6993466 265.4322 018.8045 01.96554053043154
1 06877U 73076  A 79284.95130243  .00000131 +00000-0 +00000-0 0  9993
2 06877 064.9630 198.2585 6993286 265.4381 018.8105 01.96554101043156
1 06877U 73076  A 79284.95131259  .00000131 +00000-0 +00000-0 0  9991
2 06877 064.9628 198.2591 6993304 265.4385 018.8177 01.96554101043154
1 06877U 73076  A 79284.95135153  .00000131 +00000-0 +00000-0 0  9998
2 06877 064.9629 198.2590 6993305 265.4385 018.8453 01.96554101043152
1 06877U 73076  A 79289.53004579  .00000125 +00000-0 +00000-0 0  9997
2 06877 064.9760 197.7779 6992873 265.3464 018.8519 01.96561408043248
1 06877U 73076  A 79292.58251730  .00000121 +00000-0 +00000-0 0  9995
2 06877 064.9912 197.4703 6992924 265.2884 018.8821 01.96559596043301
1 06877U 73076  A 79296.14382917  .00000117 +00000-0 +00000-0 0  9998
2 06877 064.9742 197.0867 6993032 265.2414 018.9358 01.96552134043373
1 06877U 73076  A 79298.68766064  .00000113 +00000-0 +00000-0 0  9994
2 06877 065.0142 196.7872 6993456 265.1965 018.9445 01.96546471043421
1 06877U 73076  A 79299.70521262  .00000112 +00000-0 +00000-0 0  9996
2 06877 065.0243 196.6651 6993726 265.1760 018.9423 01.96544564043449
1 06877U 73076  A 79303.77551741  .00000107 +00000-0 +00000-0 0  9998
2 06877 065.0185 196.2449 6993821 265.0783 018.9590 01.96542430043529
1 06877U 73076  A 79305.81068664  .00000105 +00000-0 +00000-0 0  9990
2 06877 065.0164 196.0529 6993655 265.0323 018.9956 01.96545170043562
1 06877U 73076  A 79306.82824396  .00000103 +00000-0 +00000-0 0  9992
2 06877 065.0161 195.9467 6993571 265.0118 019.0019 01.96547189043583
1 06877U 73076  A 79307.84581320  .00000102 +00000-0 +00000-0 0  9991
2 06877 064.9868 195.8591 6993644 264.9935 019.0054 01.96548726043608
1 06877U 73076  A 79309.88085807  .00000099 +00000-0 +00000-0 0  9991
2 06877 065.0006 195.6064 6993747 264.9392 019.0121 01.96554236043640
1 06877U 73076  A 79309.88087626  .00000099 +00000-0 +00000-0 0  9992
2 06877 064.9925 195.6204 6993607 264.9431 019.0315 01.96554316043647
1 06877U 73076  A 79309.88088619  .00000099 +00000-0 +00000-0 0  9995
2 06877 064.9924 195.6204 6993606 264.9431 019.0386 01.96554316043643
1 06877U 73076  A 79309.88088623  .00000099 +00000-0 +00000-0 0  9990
2 06877 064.9516 195.6413 6993429 264.9571 019.0283 01.96553776043645
1 06877U 73076  A 79309.88089454  .00000099 +00000-0 +00000-0 0  9993
2 06877 064.9925 195.6204 6993607 264.9431 019.0445 01.96554316043641
1 06877U 73076  A 79313.44212673  .00000094 +00000-0 +00000-0 0  9996
2 06877 065.0073 195.2453 6993429 264.8702 019.0521 01.96560399043712
1 06877U 73076  A 79313.44213727  .00000094 +00000-0 +00000-0 0  9997
2 06877 065.0073 195.2453 6993429 264.8702 019.0596 01.96560399043714
1 06877U 73076  A 79313.44213731  .00000094 +00000-0 +00000-0 0  9992
2 06877 065.0073 195.2453 6993430 264.8702 019.0596 01.96560399043716
1 06877U 73076  A 79313.44214442  .00000094 +00000-0 +00000-0 0  9992
2 06877 065.0069 195.2452 6993436 264.8703 019.0645 01.96560395043718
1 06877U 73076  A 79319.54710254  .00000087 +00000-0 +00000-0 0  9993
2 06877 064.9798 194.6195 6992937 264.7613 019.1010 01.96554538043838
1 06877U 73076  A 79323.10852612  .00000083 +00000-0 +00000-0 0  9991
2 06877 064.9582 194.2350 6993003 264.7111 019.1649 01.96546307043907
1 06877U 73076  A 79323.61723808  .00000082 +00000-0 +00000-0 0  9990
2 06877 065.0122 194.1689 6994556 264.6982 019.1384 01.96545651043910
1 06877U 73076  A 79323.61728212  .00000082 +00000-0 +00000-0 0  9994
2 06877 065.0118 194.1686 6994553 264.6983 019.1696 01.96545651043916
1 06877U 73076  A 79329.72270004  .00000074 +00000-0 +00000-0 0  9994
2 06877 064.9732 193.5324 6994431 264.5647 019.1753 01.96543330044039
1 06877U 73076  A 79329.72270017  .00000074 +00000-0 +00000-0 0  9998
2 06877 064.9960 193.5504 6994936 264.5770 019.1700 01.96542824044038
1 06877U 73076  A 79329.72270624  .00000074 +00000-0 +00000-0 0  9992
2 06877 064.9732 193.5324 6994431 264.5647 019.1797 01.96543330044037
1 06877U 73076  A 79331.75782459  .00000071 +00000-0 +00000-0 0  9999
2 06877 065.0077 193.3126 6994269 264.5224 019.1935 01.96547425044076
1 06877U 73076  A 79331.75783579  .00000071 +00000-0 +00000-0 0  9993
2 06877 065.0077 193.3126 6994269 264.5224 019.2015 01.96547425044076
1 06877U 73076  A 79332.77537391  .00000070 +00000-0 +00000-0 0  9994
2 06877 064.9709 193.2139 6994266 264.5037 019.1955 01.96549519044098
1 06877U 73076  A 79332.77537903  .00000070 +00000-0 +00000-0 0  9993
2 06877 064.9713 193.2140 6994267 264.5036 019.1990 01.96549519044094
1 06877U 73076  A 79332.77538102  .00000070 +00000-0 +00000-0 0  9995
2 06877 064.9713 193.2140 6994268 264.5036 019.2005 01.96549520044095
1 06877U 73076  A 79332.77538247  .00000070 +00000-0 +00000-0 0  9995
2 06877 064.9849 193.2246 6994843 264.5171 019.1920 01.96549023044094
1 06877U 73076  A 79338.37169445  .00000063 +00000-0 +00000-0 0  9999
2 06877 064.9946 192.6394 6994152 264.3928 019.2397 01.96560108044209
1 06877U 73076  A 79347.02050435  .00000052 +00000-0 +00000-0 0  9997
2 06877 064.9836 191.7251 6994084 264.2267 019.3111 01.96547821044378
1 06877U 73076  A 79347.52926106  .00000052 +00000-0 +00000-0 0  9999
2 06877 065.0038 191.6521 6994662 264.2167 019.3114 01.96546837044384
1 06877U 73076  A 79348.54680278  .00000051 +00000-0 +00000-0 0  9998
2 06877 065.0541 191.5553 6995652 264.2057 019.3094 01.96544928044404
1 06877U 73076  A 79349.56437848  .00000049 +00000-0 +00000-0 0  9991
2 06877 065.0450 191.4430 6995608 264.1830 019.3196 01.96543281044421
1 06877U 73076  A 79352.61712648  .00000046 +00000-0 +00000-0 0  9992
2 06877 065.0527 191.1289 6995823 264.1159 019.3480 01.96541805044480
1 06877U 73076  A 79353.63470382  .00000044 +00000-0 +00000-0 0  9999
2 06877 065.0427 191.0293 6995897 264.0921 019.3540 01.96542588044509
1 06877U 73076  A 79354.65227660  .00000043 +00000-0 +00000-0 0  9990
2 06877 065.0383 190.9226 6995895 264.0701 019.3598 01.96543892044522
1 06877U 73076  A 79355.66983154  .00000042 +00000-0 +00000-0 0  9998
2 06877 064.9789 190.8060 6996710 264.0701 019.3574 01.96545334044541
1 06877U 73076  A 79355.66983396  .00000042 +00000-0 +00000-0 0  9996
2 06877 065.0275 190.8134 6995801 264.0500 019.3650 01.96545864044545
1 06877U 73076  A 79355.66984052  .00000042 +00000-0 +00000-0 0  9996
2 06877 065.0277 190.8134 6995801 264.0500 019.3696 01.96545864044547
1 06877U 73076  A 79362.79246900  .00000032 +00000-0 +00000-0 0  9990
2 06877 065.0137 190.0687 6995775 263.9033 019.4224 01.96560612044687
1 06877U 73076  A 79364.82742177  .00000029 +00000-0 +00000-0 0  9999
2 06877 065.0175 189.8569 6995855 263.8608 019.4262 01.96561051044725
1 06877U 73076  A 80003.38862688  .00000025 +00000-0 +00000-0 0  9998
2 06877 064.9908 189.4838 6996264 263.8011 019.4214 01.96555716044790
1 06877U 73076  A 80008.98511172  .00000019 +00000-0 +00000-0 0  9991
2 06877 065.0100 188.8607 6997917 263.7061 019.4664 01.96543543044900
1 06877U 73076  A 80010.51148041  .00000017 +00000-0 +00000-0 0  9992
2 06877 065.0210 188.7053 6998129 263.6756 019.4835 01.96541971044938
1 06877U 73076  A 80014.58180941  .00000012 +00000-0 +00000-0 0  9993
2 06877 065.0172 188.2818 6998531 263.5904 019.5246 01.96544424045013
1 06877U 73076  A 80015.59936384  .00000010 +00000-0 +00000-0 0  9993
2 06877 064.9931 188.1758 6998570 263.5673 019.5214 01.96546201045034
1 06877U 73076  A 80018.65198869  .00000006 +00000-0 +00000-0 0  9996
2 06877 064.9810 187.8579 6998720 263.5050 019.5444 01.96553411045095
1 06877U 73076  A 80022.21322891  .00000001 +00000-0 +00000-0 0  9992
2 06877 064.9849 187.4861 6998939 263.4321 019.5569 01.96560035045165
1 06877U 73076  A 80028.82694017 -.00000006 +00000-0 +00000-0 0  9993
2 06877 064.9562 186.7837 6999637 263.3192 019.5940 01.96553773045291
1 06877U 73076  A 80028.82694020 -.00000006 +00000-0 +00000-0 0  9997
2 06877 064.9682 186.7945 6999410 263.3026 019.6080 01.96554064045299
1 06877U 73076  A 80030.35323596 -.00000008 +00000-0 +00000-0 0  9997
2 06877 065.0331 186.5843 7002489 263.3122 019.6202 01.96550306045321
1 06877U 73076  A 80030.35323802 -.00000008 +00000-0 +00000-0 0  9997
2 06877 064.9478 186.6188 6999901 263.2961 019.6054 01.96550066045325
1 06877U 73076  A 80031.87949552 -.00000010 +00000-0 +00000-0 0  9994
2 06877 065.0435 186.4143 7002287 263.2817 019.5886 01.96546838045359
1 06877U 73076  A 80036.45859363 -.00000015 +00000-0 +00000-0 0  9998
2 06877 065.0380 185.9387 7002746 263.1812 019.6362 01.96541776045442
1 06877U 73076  A 80037.47618171 -.00000016 +00000-0 +00000-0 0  9992
2 06877 064.9888 185.8388 7002825 263.1551 019.6489 01.96542352045464
1 06877U 73076  A 80037.47618277 -.00000016 +00000-0 +00000-0 0  9999
2 06877 064.9888 185.8388 7002825 263.1551 019.6497 01.96542352045463
1 06877U 73076  A 80039.51134054 -.00000019 +00000-0 +00000-0 0  9995
2 06877 064.9954 185.6257 7003009 263.1131 019.6720 01.96544938045505
1 06877U 73076  A 80039.51136342 -.00000019 +00000-0 +00000-0 0  9997
2 06877 064.9844 185.6390 7002847 263.1029 019.6788 01.96544369045508
1 06877U 73076  A 80042.56399096 -.00000023 +00000-0 +00000-0 0  9998
2 06877 064.9792 185.3228 7003127 263.0443 019.6798 01.96551136045565
1 06877U 73076  A 80042.56399586 -.00000023 +00000-0 +00000-0 0  9992
2 06877 064.9636 185.3048 7003325 263.0519 019.6996 01.96551783045564
1 06877U 73076  A 80042.56402624 -.00000023 +00000-0 +00000-0 0  9990
2 06877 064.9634 185.3049 7003339 263.0521 019.7213 01.96551786045567
1 06877U 73076  A 80051.21267670 -.00000034 +00000-0 +00000-0 0  9994
2 06877 064.9811 184.4150 7004092 262.8709 019.7086 01.96558342045731
1 06877U 73076  A 80052.23024229 -.00000035 +00000-0 +00000-0 0  9999
2 06877 064.9543 184.2739 7004740 262.8728 019.7803 01.96556736045759
1 06877U 73076  A 80053.24770792 -.00000036 +00000-0 +00000-0 0  9995
2 06877 064.9579 184.1556 7005256 262.8595 019.7580 01.96554542045776
1 06877U 73076  A 80054.26521765 -.00000037 +00000-0 +00000-0 0  9993
2 06877 064.9878 184.0639 7006274 262.8538 019.7560 01.96552199045793
1 06877U 73076  A 80055.28272073 -.00000038 +00000-0 +00000-0 0  9992
2 06877 064.9962 183.9607 7006794 262.8334 019.7405 01.96549782045816
1 06877U 73076  A 80056.80904949 -.00000040 +00000-0 +00000-0 0  9998
2 06877 064.9943 183.7925 7007713 262.7846 019.7514 01.96546111045842
1 06877U 73076  A 80059.35298685 -.00000042 +00000-0 +00000-0 0  9996
2 06877 064.9940 183.5144 7008131 262.7319 019.7778 01.96542129045892
1 06877U 73076  A 80062.40574129 -.00000046 +00000-0 +00000-0 0  9990
2 06877 064.9846 183.1910 7008345 262.6721 019.8088 01.96542152045955
1 06877U 73076  A 80064.44089709 -.00000048 +00000-0 +00000-0 0  9993
2 06877 064.9861 182.9750 7008641 262.6322 019.8296 01.96545012045990
1 06877U 73076  A 80064.44089884 -.00000048 +00000-0 +00000-0 0  9997
2 06877 064.9858 182.9747 7008643 262.6323 019.8308 01.96545008045994
1 06877U 73076  A 80064.44090813 -.00000048 +00000-0 +00000-0 0  9991
2 06877 064.9876 182.9897 7008089 262.6184 019.8334 01.96544804045991
1 06877U 73076  A 80064.44090858 -.00000048 +00000-0 +00000-0 0  9990
2 06877 064.9812 182.9885 7008174 262.6236 019.8359 01.96544946045995
1 06877U 73076  A 80071.56357114 -.00000058 +00000-0 +00000-0 0  9993
2 06877 064.9905 182.2217 7009583 262.4895 019.8917 01.96560083046131
1 06877U 73076  A 80074.10732529 -.00000060 +00000-0 +00000-0 0  9996
2 06877 064.9947 181.9566 7009872 262.4365 019.9404 01.96560657046187
1 06877U 73076  A 80077.15975822 -.00000063 +00000-0 +00000-0 0  9992
2 06877 064.9962 181.6429 7010082 262.3706 019.9209 01.96556229046242
1 06877U 73076  A 80078.17728914 -.00000064 +00000-0 +00000-0 0  9994
2 06877 064.9925 181.5421 7010017 262.3476 019.9488 01.96554116046268
1 06877U 73076  A 80080.21234269 -.00000066 +00000-0 +00000-0 0  9999
2 06877 064.9990 181.3294 7010551 262.3103 019.9619 01.96549330046309
1 06877U 73076  A 80081.22986065 -.00000067 +00000-0 +00000-0 0  9990
2 06877 065.0122 181.1956 7010825 262.2889 019.9616 01.96547502046323
1 06877U 73076  A 80081.22987464 -.00000067 +00000-0 +00000-0 0  9994
2 06877 065.0122 181.1956 7010825 262.2888 019.9715 01.96547502046322
1 06877U 73076  A 80082.24741081 -.00000068 +00000-0 +00000-0 0  9991
2 06877 064.9840 181.1123 7012093 262.2574 019.9627 01.96545242046347
1 06877U 73076  A 80084.28255446 -.00000070 +00000-0 +00000-0 0  9995
2 06877 064.9620 180.9015 7013348 262.2395 019.9726 01.96542227046389
1 06877U 73076  A 80085.30011418 -.00000071 +00000-0 +00000-0 0  9999
2 06877 064.9623 180.7781 7013554 262.2210 019.9621 01.96541497046400
1 06877U 73076  A 80087.33526637 -.00000074 +00000-0 +00000-0 0  9991
2 06877 064.9772 180.5485 7014086 262.1863 019.9725 01.96542707046442
1 06877U 73076  A 80087.33528565 -.00000074 +00000-0 +00000-0 0  9993
2 06877 064.9689 180.5612 7013800 262.1812 019.9821 01.96542359046448
1 06877U 73076  A 80094.45807536 -.00000083 +00000-0 +00000-0 0  9992
2 06877 064.9722 179.7916 7015278 262.0488 020.0437 01.96557824046586
1 06877U 73076  A 80094.45807539 -.00000083 +00000-0 +00000-0 0  9995
2 06877 064.9723 179.7916 7015276 262.0487 020.0437 01.96557823046583
1 06877U 73076  A 80094.45812971 -.00000083 +00000-0 +00000-0 0  9991
2 06877 064.9724 179.7909 7015287 262.0492 020.0821 01.96557827046585
1 06877U 73076  A 80099.01769145 -.00000147 +00000-0 +00000-0 0  9993
2 06877 064.9888 179.2946 7015886 261.9620 006.6063 01.96562223046672
1 06877U 73076  A 80099.03672787 -.00000088 +00000-0 +00000-0 0  9994
2 06877 064.9787 179.3064 7016059 261.9555 020.0544 01.96560967046679
1 06877U 73076  A 80101.07170307 -.00000090 +00000-0 +00000-0 0  9996
2 06877 064.9683 179.0866 7016493 261.9199 020.0874 01.96558656046710
1 06877U 73076  A 80101.07173534 -.00000090 +00000-0 +00000-0 0  9991
2 06877 064.9683 179.0866 7016493 261.9199 020.1103 01.96558654046714
1 06877U 73076  A 80103.10671036 -.00000092 +00000-0 +00000-0 0  9999
2 06877 064.9618 178.8627 7017144 261.8934 020.1138 01.96554520046754
1 06877U 73076  A 80106.66803497 -.00000095 +00000-0 +00000-0 0  9994
2 06877 064.9754 178.4915 7017563 261.8379 020.0993 01.96546560046820
1 06877U 73076  A 80106.66804797 -.00000095 +00000-0 +00000-0 0  9998
2 06877 064.9754 178.4915 7017564 261.8378 020.1085 01.96546561046824
1 06877U 73076  A 80109.21196380 -.00000097 +00000-0 +00000-0 0  9996
2 06877 064.9800 178.2310 7018057 261.7852 020.1204 01.96543063046879
1 06877U 73076  A 80130.07113359 -.00000119 +00000-0 +00000-0 0  9994
2 06877 064.9584 175.9889 7024145 261.3641 020.2702 01.96549482047281
1 06877U 73076  A 80131.59743658 -.00000120 +00000-0 +00000-0 0  9995
2 06877 064.9544 175.8156 7024522 261.3465 020.2677 01.96546479047314
1 06877U 73076  A 80132.10621107 -.00000121 +00000-0 +00000-0 0  9998
2 06877 064.9531 175.7647 7024677 261.3335 020.2664 01.96545607047320
1 06877U 73076  A 80132.10621398 -.00000121 +00000-0 +00000-0 0  9990
2 06877 064.9532 175.7647 7024678 261.3335 020.2685 01.96545607047325
1 06877U 73076  A 80135.15892929 -.00000124 +00000-0 +00000-0 0  9991
2 06877 064.9480 175.4512 7025460 261.2627 020.2839 01.96543012047383
1 06877U 73076  A 80138.21166514 -.00000127 +00000-0 +00000-0 0  9998
2 06877 064.9699 175.1166 7026353 261.1963 020.3050 01.96545384047448
1 06877U 73076  A 80142.79058978 -.00000132 +00000-0 +00000-0 0  9996
2 06877 064.9711 174.6271 7027353 261.1081 020.3497 01.96556181047538
1 06877U 73076  A 80149.40422970 -.00000139 +00000-0 +00000-0 0  9995
2 06877 064.9890 173.9049 7029292 260.9721 020.3909 01.96560577047669
1 06877U 73076  A 80149.40422976 -.00000139 +00000-0 +00000-0 0  9991
2 06877 064.9891 173.9049 7029291 260.9721 020.3910 01.96560578047662
1 06877U 73076  A 80149.40424337 -.00000139 +00000-0 +00000-0 0  9994
2 06877 064.9717 173.9112 7029297 260.9746 020.3835 01.96560263047660
1 06877U 73076  A 80154.49171989 -.00000143 +00000-0 +00000-0 0  9996
2 06877 064.9719 173.3264 7031250 260.9202 020.4017 01.96550434047766
1 06877U 73076  A 80156.01802600 -.00000144 +00000-0 +00000-0 0  9998
2 06877 064.9656 173.1701 7031866 260.8844 020.4019 01.96547192047796
1 06877U 73076  A 80157.54436662 -.00000145 +00000-0 +00000-0 0  9999
2 06877 064.9644 173.0095 7032315 260.8538 020.4102 01.96544714047822
1 06877U 73076  A 80159.07073010 -.00000146 +00000-0 +00000-0 0  9994
2 06877 064.9654 172.8476 7032668 260.8172 020.4196 01.96543328047854
1 06877U 73076  A 80160.08831465 -.00000147 +00000-0 +00000-0 0  9994
2 06877 064.9627 172.7417 7032958 260.7918 020.4294 01.96543177047870
1 06877U 73076  A 80166.19363397 -.00000153 +00000-0 +00000-0 0  9993
2 06877 064.9698 172.0888 7034652 260.6711 020.4657 01.96553701047996
1 06877U 73076  A 80172.29857489 -.00000160 +00000-0 +00000-0 0  9999
2 06877 064.9904 171.4442 7036623 260.5495 020.4755 01.96561916048114
1 06877U 73076  A 80174.33358582 -.00000161 +00000-0 +00000-0 0  9997
2 06877 064.9816 171.2178 7037276 260.5054 020.5215 01.96560078048150
1 06877U 73076  A 80177.89485781 -.00000163 +00000-0 +00000-0 0  9995
2 06877 064.9768 170.8235 7039339 260.4539 020.5551 01.96552709048227
1 06877U 73076  A 80178.91232298 -.00000164 +00000-0 +00000-0 0  9993
2 06877 064.9656 170.6807 7039644 260.4641 020.5286 01.96550951048243
1 06877U 73076  A 80184.00010664 -.00000168 +00000-0 +00000-0 0  9995
2 06877 064.9644 170.1443 7041584 260.3588 020.5471 01.96543181048340
1 06877U 73076  A 80186.03526418 -.00000169 +00000-0 +00000-0 0  9990
2 06877 064.9706 169.9283 7042310 260.3125 020.5612 01.96543884048383
1 06877U 73076  A 80187.05283437 -.00000170 +00000-0 +00000-0 0  9996
2 06877 064.9745 169.8182 7042622 260.2916 020.5698 01.96545255048407
1 06877U 73076  A 80199.77169157 -.00000182 +00000-0 +00000-0 0  9993
2 06877 064.9558 168.4388 7047189 260.0366 020.6448 01.96558678048656
1 06877U 73076  A 80201.29794961 -.00000182 +00000-0 +00000-0 0  9991
2 06877 064.9516 168.2681 7047885 260.0041 020.6565 01.96555459048684
1 06877U 73076  A 80201.80670723 -.00000183 +00000-0 +00000-0 0  9998
2 06877 064.9787 168.2149 7048837 260.0162 020.6651 01.96554327048695
1 06877U 73076  A 80202.82420046 -.00000183 +00000-0 +00000-0 0  9992
2 06877 064.9733 168.0988 7049395 259.9979 020.6554 01.96551943048714
1 06877U 73076  A 80203.84172588 -.00000184 +00000-0 +00000-0 0  9991
2 06877 064.9695 167.9965 7049820 259.9832 020.6581 01.96549642048730
1 06877U 73076  A 80204.35049883 -.00000184 +00000-0 +00000-0 0  9999
2 06877 064.9765 167.9284 7049785 259.9897 020.6694 01.96549082048747
1 06877U 73076  A 80204.85924505 -.00000184 +00000-0 +00000-0 0  9997
2 06877 064.9762 167.8762 7050003 259.9787 020.6531 01.96547997048751
1 06877U 73076  A 80208.92951966 -.00000187 +00000-0 +00000-0 0  9993
2 06877 064.9710 167.4365 7051382 259.8934 020.6801 01.96543121048837
1 06877U 73076  A 80210.96467492 -.00000188 +00000-0 +00000-0 0  9997
2 06877 064.9717 167.2151 7052069 259.8515 020.6959 01.96544230048873
1 06877U 73076  A 80217.06989050 -.00000194 +00000-0 +00000-0 0  9991
2 06877 064.9638 166.5582 7054250 259.7325 020.7230 01.96557498048993
1 06877U 73076  A 80218.59612806 -.00000195 +00000-0 +00000-0 0  9993
2 06877 064.9705 166.3929 7054844 259.7022 020.7295 01.96560454049026
1 06877U 73076  A 80225.71850214 -.00000200 +00000-0 +00000-0 0  9999
2 06877 064.9396 165.5985 7058228 259.5815 020.7316 01.96556115049161
1 06877U 73076  A 80227.75358719 -.00000200 +00000-0 +00000-0 0  9998
2 06877 064.9678 165.3843 7059315 259.5419 020.7755 01.96551239049207
1 06877U 73076  A 80229.78867763 -.00000201 +00000-0 +00000-0 0  9998
2 06877 064.9679 165.1621 7059913 259.5100 020.7961 01.96547544049248
1 06877U 73076  A 80230.80623378 -.00000201 +00000-0 +00000-0 0  9995
2 06877 064.9682 165.0484 7060301 259.4881 020.7938 01.96545231049263
1 06877U 73076  A 80231.82380340 -.00000202 +00000-0 +00000-0 0  9998
2 06877 064.9686 164.9386 7060706 259.4666 020.7984 01.96543753049286
1 06877U 73076  A 80233.85896171 -.00000203 +00000-0 +00000-0 0  9998
2 06877 064.9493 164.7249 7061529 259.4185 020.8074 01.96542454049321
1 06877U 73076  A 80237.92925387 -.00000206 +00000-0 +00000-0 0  9995
2 06877 064.9468 164.2787 7062953 259.3424 020.8426 01.96547639049402
1 06877U 73076  A 80242.50810131 -.00000210 +00000-0 +00000-0 0  9990
2 06877 064.9972 163.7847 7065015 259.2540 020.8532 01.96558341049492
1 06877U 73076  A 80244.54308075 -.00000211 +00000-0 +00000-0 0  9996
2 06877 064.9707 163.5650 7066504 259.2471 020.8681 01.96561217049531
1 06877U 73076  A 80250.13920979 -.00000214 +00000-0 +00000-0 0  9994
2 06877 064.9600 162.9313 7068665 259.1361 020.8485 01.96556099049645
1 06877U 73076  A 80251.66552328 -.00000214 +00000-0 +00000-0 0  9992
2 06877 064.9599 162.7685 7069278 259.1117 020.8930 01.96552635049672
1 06877U 73076  A 80252.68303590 -.00000214 +00000-0 +00000-0 0  9990
2 06877 064.9490 162.6568 7069665 259.0978 020.8864 01.96550144049696
1 06877U 73076  A 80253.70058228 -.00000215 +00000-0 +00000-0 0  9990
2 06877 064.9681 162.5007 7069786 259.0844 020.9036 01.96548271049714
1 06877U 73076  A 80255.73569150 -.00000215 +00000-0 +00000-0 0  9996
2 06877 064.9562 162.2956 7070662 259.0337 020.9021 01.96544258049753
1 06877U 73076  A 80259.80602723 -.00000217 +00000-0 +00000-0 0  9994
2 06877 064.9717 161.8428 7072124 258.9478 020.9329 01.96542645049831
1 06877U 73076  A 80260.82361930 -.00000218 +00000-0 +00000-0 0  9991
2 06877 064.9552 161.7257 7072743 258.9300 020.9480 01.96543621049853
1 06877U 73076  A 80275.57752397 -.00000225 +00000-0 +00000-0 0  9998
2 06877 064.9640 160.1206 7079502 258.6662 021.0011 01.96553891050142
1 06877U 73076  A 80277.61257426 -.00000225 +00000-0 +00000-0 0  9998
2 06877 064.9524 159.8983 7080428 258.6346 021.0126 01.96549075050188
1 06877U 73076  A 80278.12132678 -.00000225 +00000-0 +00000-0 0  9996
2 06877 064.9530 159.8402 7080665 258.6285 021.0007 01.96547879050195
1 06877U 73076  A 80280.66523665 -.00000226 +00000-0 +00000-0 0  9999
2 06877 064.9689 159.5348 7081371 258.5838 021.0147 01.96543283050240
1 06877U 73076  A 80283.71799112 -.00000227 +00000-0 +00000-0 0  9991
2 06877 064.9723 159.1940 7082496 258.5199 021.0355 01.96541776050305
1 06877U 73076  A 80285.75316574 -.00000228 +00000-0 +00000-0 0  9995
2 06877 064.9720 158.9694 7083327 258.4768 021.0529 01.96543751050342
1 06877U 73076  A 80286.77073318 -.00000228 +00000-0 +00000-0 0  9994
2 06877 064.9723 158.8575 7083749 258.4571 021.0588 01.96545658050367
1 06877U 73076  A 80293.89336878 -.00000232 +00000-0 +00000-0 0  9993
2 06877 064.9229 158.0877 7086992 258.3292 021.0730 01.96560173050501
1 06877U 73076  A 80295.41961333 -.00000233 +00000-0 +00000-0 0  9994
2 06877 064.9405 157.9169 7087719 258.3028 021.0877 01.96560609050533
1 06877U 73076  A 80298.98082496 -.00000233 +00000-0 +00000-0 0  9993
2 06877 064.9583 157.5093 7089505 258.2339 021.0976 01.96556265050602
1 06877U 73076  A 80302.54216160 -.00000233 +00000-0 +00000-0 0  9998
2 06877 064.9447 157.1272 7090831 258.1666 021.1035 01.96547706050676
1 06877U 73076  A 80303.55972528 -.00000233 +00000-0 +00000-0 0  9997
2 06877 064.9592 156.9892 7091422 258.1484 021.1196 01.96545560050693
1 06877U 73076  A 80304.57728183 -.00000233 +00000-0 +00000-0 0  9996
2 06877 064.9695 156.8674 7091964 258.1323 021.1154 01.96543455050715
1 06877U 73076  A 80305.59485322 -.00000233 +00000-0 +00000-0 0  9994
2 06877 064.9533 156.7568 7092362 258.1084 021.1200 01.96542106050730
1 06877U 73076  A 80305.59485641 -.00000233 +00000-0 +00000-0 0  9998
2 06877 064.9511 156.7566 7092349 258.1082 021.1224 01.96542111050739
1 06877U 73076  A 80308.64761781 -.00000234 +00000-0 +00000-0 0  9990
2 06877 064.9526 156.4188 7093706 258.0500 021.1411 01.96541198050792
1 06877U 73076  A 80309.66520039 -.00000234 +00000-0 +00000-0 0  9992
2 06877 064.9617 156.2966 7094217 258.0331 021.1437 01.96542055050819
1 06877U 73076  A 80311.70034578 -.00000235 +00000-0 +00000-0 0  9999
2 06877 064.9664 156.0684 7095166 257.9947 021.1535 01.96545600050853
1 06877U 73076  A 80312.71790755 -.00000235 +00000-0 +00000-0 0  9997
2 06877 064.9283 155.9564 7095427 257.9723 021.1621 01.96547938050871
1 06877U 73076  A 80314.75298494 -.00000237 +00000-0 +00000-0 0  9998
2 06877 064.9501 155.7261 7097920 257.9836 021.1712 01.96552926050910
1 06877U 73076  A 80319.84042463 -.00000238 +00000-0 +00000-0 0  9997
2 06877 064.9527 155.1612 7100359 257.8887 021.1559 01.96560497051011
1 06877U 73076  A 80322.89288290 -.00000238 +00000-0 +00000-0 0  9996
2 06877 064.9330 154.8116 7101459 257.8231 021.1720 01.96557701051073
1 06877U 73076  A 80326.96295414 -.00000238 +00000-0 +00000-0 0  9994
2 06877 064.9717 154.3513 7104613 257.7560 021.1683 01.96548145051156
1 06877U 73076  A 80327.98049413 -.00000238 +00000-0 +00000-0 0  9993
2 06877 064.9855 154.2181 7105451 257.7288 021.1625 01.96545754051178
1 06877U 73076  A 80329.50684609 -.00000238 +00000-0 +00000-0 0  9995
2 06877 064.9568 154.0543 7105534 257.7067 021.1667 01.96542829051206
1 06877U 73076  A 80331.54201467 -.00000238 +00000-0 +00000-0 0  9999
2 06877 064.9196 153.8131 7106158 257.6757 021.1826 01.96540991051240
1 06877U 73076  A 80333.57718079 -.00000238 +00000-0 +00000-0 0  9996
2 06877 064.8988 153.5908 7107197 257.6342 021.1889 01.96541532051286
1 06877U 73076  A 80337.64745861 -.00000239 +00000-0 +00000-0 0  9998
2 06877 064.9120 153.1349 7109310 257.5554 021.2102 01.96548939051369
1 06877U 73076  A 80341.20877733 -.00000240 +00000-0 +00000-0 0  9991
2 06877 064.9117 152.7307 7111128 257.4873 021.2273 01.96557835051439
1 06877U 73076  A 80347.31369797 -.00000240 +00000-0 +00000-0 0  9995
2 06877 064.9359 152.0515 7114244 257.3661 021.2358 01.96558412051556
1 06877U 73076  A 80348.83999340 -.00000240 +00000-0 +00000-0 0  9996
2 06877 064.9297 151.8755 7115091 257.3390 021.2623 01.96555112051582
1 06877U 73076  A 80350.87502820 -.00000239 +00000-0 +00000-0 0  9994
2 06877 064.9457 151.6629 7116758 257.3199 021.2557 01.96550124051625
1 06877U 73076  A 80351.89256251 -.00000239 +00000-0 +00000-0 0  9991
2 06877 064.9553 151.5503 7117644 257.3046 021.2514 01.96547648051640
1 06877U 73076  A 80352.91011056 -.00000239 +00000-0 +00000-0 0  9997
2 06877 064.9529 151.4519 7118451 257.2874 021.2446 01.96545250051667
1 06877U 73076  A 80353.41888939 -.00000239 +00000-0 +00000-0 0  9995
2 06877 064.9436 151.3958 7118590 257.2771 021.2409 01.96544135051671
1 06877U 73076  A 80355.45405051 -.00000238 +00000-0 +00000-0 0  9990
2 06877 064.9157 151.1628 7119527 257.2395 021.2453 01.96540918051715
1 06877U 73076  A 80356.47164469 -.00000238 +00000-0 +00000-0 0  9998
2 06877 064.9706 151.0157 7119946 257.2244 021.2461 01.96539698051733
1 06877U 73076  A 80359.01562731 -.00000238 +00000-0 +00000-0 0  9995
2 06877 064.9596 150.7298 7121357 257.1801 021.2601 01.96541048051782
1 06877U 73076  A 80360.54199947 -.00000238 +00000-0 +00000-0 0  9990
2 06877 064.9676 150.5567 7122177 257.1516 021.2677 01.96543634051812
1 06877U 73076  A 80361.55956510 -.00000239 +00000-0 +00000-0 0  9990
2 06877 064.9677 150.4418 7122719 257.1324 021.2709 01.96545921051835
1 06877U 73076  A 81020.48921230 -.00000235 +00000-0 +00000-0 0  9992
2 06877 064.9170 147.5966 7136923 256.6820 021.3440 01.96546611052320
1 06877U 73076  A 81022.01553705 -.00000235 +00000-0 +00000-0 0  9991
2 06877 064.9246 147.4233 7137722 256.6553 021.3556 01.96550662052353
1 06877U 73076  A 81027.10307652 -.00000234 +00000-0 +00000-0 0  9993
2 06877 064.9301 146.8376 7140553 256.5801 021.3608 01.96559519052456
1 06877U 73076  A 81029.13806402 -.00000234 +00000-0 +00000-0 0  9995
2 06877 064.9511 146.5643 7142045 256.5590 021.4366 01.96560450052498
1 06877U 73076  A 81030.15544647 -.00000233 +00000-0 +00000-0 0  9998
2 06877 064.9577 146.4558 7142828 256.5369 021.3650 01.96559026052512
1 06877U 73076  A 81031.68169869 -.00000233 +00000-0 +00000-0 0  9996
2 06877 064.9436 146.2715 7143620 256.5115 021.3710 01.96556174052540
1 06877U 73076  A 81032.69921455 -.00000232 +00000-0 +00000-0 0  9994
2 06877 064.9391 146.1405 7144755 256.4985 021.3820 01.96553951052563
1 06877U 73076  A 81035.24303862 -.00000231 +00000-0 +00000-0 0  9993
2 06877 064.9251 145.8576 7145846 256.4538 021.3796 01.96547771052610
1 06877U 73076  A 81035.75181920 -.00000231 +00000-0 +00000-0 0  9998
2 06877 064.9294 145.8217 7146093 256.4478 021.3830 01.96546647052628
1 06877U 73076  A 81037.27816728 -.00000230 +00000-0 +00000-0 0  9997
2 06877 064.9159 145.6363 7146824 256.4221 021.3870 01.96543614052654
1 06877U 73076  A 81038.80453390 -.00000229 +00000-0 +00000-0 0  9997
2 06877 064.9021 145.4623 7147552 256.3942 021.3854 01.96541480052681
1 06877U 73076  A 81040.33091765 -.00000228 +00000-0 +00000-0 0  9991
2 06877 064.8793 145.2855 7148228 256.3632 021.3905 01.96540809052713
1 06877U 73076  A 81041.34851042 -.00000228 +00000-0 +00000-0 0  9995
2 06877 064.8615 145.1393 7148636 256.3394 021.3835 01.96540695052737
1 06877U 73076  A 81045.41880989 -.00000227 +00000-0 +00000-0 0  9998
2 06877 064.8567 144.6695 7150847 256.2682 021.4069 01.96548162052814
1 06877U 73076  A 81047.45388348 -.00000227 +00000-0 +00000-0 0  9996
2 06877 064.8561 144.4329 7151977 256.2331 021.4166 01.96553543052857
1 06877U 73076  A 81047.96263944 -.00000227 +00000-0 +00000-0 0  9996
2 06877 064.8892 144.3816 7152521 256.2171 021.4051 01.96554594052863
1 06877U 73076  A 81051.01516085 -.00000226 +00000-0 +00000-0 0  9993
2 06877 064.9032 144.0300 7154202 256.1815 021.4107 01.96559449052920
1 06877U 73076  A 81053.05015176 -.00000225 +00000-0 +00000-0 0  9993
2 06877 064.8999 143.7953 7155270 256.1468 021.4272 01.96559919052960
1 06877U 73076  A 81058.13769114 -.00000222 +00000-0 +00000-0 0  9992
2 06877 064.9144 143.2256 7158675 256.0587 021.4930 01.96551748053062
1 06877U 73076  A 81059.15515679 -.00000222 +00000-0 +00000-0 0  9990
2 06877 064.9079 143.1109 7159288 256.0426 021.4580 01.96549476053086
1 06877U 73076  A 81060.17268851 -.00000221 +00000-0 +00000-0 0  9990
2 06877 064.9248 142.9538 7159338 256.0348 021.4869 01.96547996053104
1 06877U 73076  A 81061.69897636 -.00000220 +00000-0 +00000-0 0  9996
2 06877 064.9163 142.7736 7160340 256.0150 021.4547 01.96544791053130
1 06877U 73076  A 81062.71654455 -.00000219 +00000-0 +00000-0 0  9998
2 06877 064.9119 142.6666 7161062 255.9943 021.4564 01.96543248053159
1 06877U 73076  A 81064.24291472 -.00000218 +00000-0 +00000-0 0  9993
2 06877 064.9178 142.4912 7161848 255.9624 021.4596 01.96541912053188
1 06877U 73076  A 81066.27808408 -.00000217 +00000-0 +00000-0 0  9990
2 06877 064.9209 142.2520 7162933 255.9217 021.4636 01.96542175053222
1 06877U 73076  A 81068.31323395 -.00000216 +00000-0 +00000-0 0  9993
2 06877 064.9099 142.0189 7164040 255.8832 021.4689 01.96545128053264
1 06877U 73076  A 81068.82201972 -.00000216 +00000-0 +00000-0 0  9995
2 06877 064.9163 141.9605 7164292 255.8731 021.4732 01.96546203053279
1 06877U 73076  A 81070.34834229 -.00000216 +00000-0 +00000-0 0  9992
2 06877 064.9249 141.7835 7165188 255.8494 021.4715 01.96549711053300
1 06877U 73076  A 81074.92714590 -.00000214 +00000-0 +00000-0 0  9996
2 06877 064.9216 141.2509 7167712 255.7660 021.4893 01.96560339053391
1 06877U 73076  A 81085.61093483 -.00000204 +00000-0 +00000-0 0  9994
2 06877 064.9161 139.9577 7174878 255.6181 021.5124 01.96546382053601
1 06877U 73076  A 81086.11968764 -.00000204 +00000-0 +00000-0 0  9993
2 06877 064.9157 139.9007 7175492 255.6177 021.4952 01.96545673053613
1 06877U 73076  A 81087.13725662 -.00000203 +00000-0 +00000-0 0  9993
2 06877 064.9177 139.7760 7175913 255.5954 021.4935 01.96543588053635
1 06877U 73076  A 81089.17242198 -.00000203 +00000-0 +00000-0 0  9997
2 06877 064.9226 139.5261 7176897 255.5541 021.5005 01.96541813053670
1 06877U 73076  A 81089.17243269 -.00000203 +00000-0 +00000-0 0  9997
2 06877 064.9245 139.5272 7176641 255.5535 021.5145 01.96542048053679
1 06877U 73076  A 81092.22517471 -.00000201 +00000-0 +00000-0 0  9994
2 06877 064.9316 139.1661 7178332 255.4946 021.5248 01.96544372053733
1 06877U 73076  A 81100.87404499 -.00000197 +00000-0 +00000-0 0  9994
2 06877 064.9366 138.1481 7183463 255.3409 021.5263 01.96562504053904
1 06877U 73076  A 81101.38278747 -.00000196 +00000-0 +00000-0 0  9995
2 06877 064.9203 138.0893 7183866 255.3337 021.5180 01.96562416053918
1 06877U 73076  A 81101.38280275 -.00000196 +00000-0 +00000-0 0  9994
2 06877 064.9203 138.0892 7183867 255.3337 021.5289 01.96562415053917
1 06877U 73076  A 81105.96149016 -.00000192 +00000-0 +00000-0 0  9995
2 06877 064.9063 137.5579 7186281 255.2445 021.5202 01.96556261054007
1 06877U 73076  A 81106.47028940 -.00000192 +00000-0 +00000-0 0  9994
2 06877 064.9036 137.4760 7187257 255.2455 021.5479 01.96554896054012
1 06877U 73076  A 81107.48780102 -.00000191 +00000-0 +00000-0 0  9990
2 06877 064.9067 137.3613 7188386 255.2405 021.5454 01.96552363054033
1 06877U 73076  A 81107.99654772 -.00000190 +00000-0 +00000-0 0  9998
2 06877 064.9068 137.3012 7188681 255.2314 021.5328 01.96551031054046
1 06877U 73076  A 81109.52286695 -.00000189 +00000-0 +00000-0 0  9992
2 06877 064.9068 137.1061 7189366 255.2080 021.5396 01.96547230054073
1 06877U 73076  A 81110.03164501 -.00000188 +00000-0 +00000-0 0  9990
2 06877 064.9148 137.0374 7189479 255.2174 021.5453 01.96546139054089
1 06877U 73076  A 81111.04918929 -.00000187 +00000-0 +00000-0 0  9992
2 06877 064.9151 136.9132 7190022 255.2021 021.5341 01.96544148054107
1 06877U 73076  A 81111.04919314 -.00000187 +00000-0 +00000-0 0  9991
2 06877 064.9157 136.9090 7189876 255.2013 021.5360 01.96544120054103
1 06877U 73076  A 81111.04919610 -.00000187 +00000-0 +00000-0 0  9990
2 06877 064.9095 136.9293 7190096 255.1993 021.5416 01.96544740054101
1 06877U 73076  A 81113.08434593 -.00000185 +00000-0 +00000-0 0  9996
2 06877 064.9130 136.6746 7191380 255.1649 021.5409 01.96541827054145
1 06877U 73076  A 81114.10193540 -.00000184 +00000-0 +00000-0 0  9993
2 06877 064.9033 136.5551 7192052 255.1483 021.5452 01.96541460054166
1 06877U 73076  A 81115.11952323 -.00000183 +00000-0 +00000-0 0  9996
2 06877 064.9006 136.4357 7192723 255.1307 021.5473 01.96541789054188
1 06877U 73076  A 81119.18980353 -.00000181 +00000-0 +00000-0 0  9999
2 06877 064.9168 135.9507 7195352 255.0647 021.5580 01.96549491054261
1 06877U 73076  A 81119.18980479 -.00000181 +00000-0 +00000-0 0  9998
2 06877 064.9169 135.9508 7195353 255.0647 021.5589 01.96549488054269
1 06877U 73076  A 81125.29482173 -.00000176 +00000-0 +00000-0 0  9999
2 06877 064.9144 135.2176 7199353 254.9623 021.5589 01.96562537054385
1 06877U 73076  A 81127.32975954 -.00000175 +00000-0 +00000-0 0  9998
2 06877 064.9074 134.9824 7200355 254.9227 021.5588 01.96562748054426
1 06877U 73076  A 81129.87346749 -.00000172 +00000-0 +00000-0 0  9991
2 06877 064.8999 134.6970 7201589 254.8782 021.5671 01.96559420054476
1 06877U 73076  A 81131.90848207 -.00000170 +00000-0 +00000-0 0  9992
2 06877 064.9010 134.4372 7203310 254.8552 021.5593 01.96554269054518
1 06877U 73076  A 81132.92601963 -.00000169 +00000-0 +00000-0 0  9999
2 06877 064.8997 134.3231 7203863 254.8387 021.5669 01.96551593054536
1 06877U 73076  A 81133.94356168 -.00000168 +00000-0 +00000-0 0  9995
2 06877 064.9093 134.1724 7204233 254.8342 021.5668 01.96549653054557
1 06877U 73076  A 81133.94356314 -.00000168 +00000-0 +00000-0 0  9998
2 06877 064.9093 134.1723 7204232 254.8342 021.5678 01.96549654054557
1 06877U 73076  A 81134.96111433 -.00000167 +00000-0 +00000-0 0  9991
2 06877 064.9026 134.0630 7205134 254.8125 021.5639 01.96546044054579
1 06877U 73076  A 81136.99627034 -.00000165 +00000-0 +00000-0 0  9993
2 06877 064.8998 133.8189 7206583 254.7799 021.5704 01.96542264054615
1 06877U 73076  A 81140.04903427 -.00000162 +00000-0 +00000-0 0  9994
2 06877 064.8943 133.4507 7208860 254.7391 021.5721 01.96541604054675
1 06877U 73076  A 81142.08419344 -.00000160 +00000-0 +00000-0 0  9998
2 06877 064.8968 133.2035 7210065 254.7023 021.5753 01.96544851054715
1 06877U 73076  A 81142.08419371 -.00000160 +00000-0 +00000-0 0  9998
2 06877 064.8968 133.2035 7210065 254.7023 021.5755 01.96544850054716
1 06877U 73076  A 81149.71560574 -.00000154 +00000-0 +00000-0 0  9990
2 06877 064.8628 132.2845 7213788 254.5424 021.5917 01.96562037054868
1 06877U 73076  A 81157.34680547 -.00000145 +00000-0 +00000-0 0  9991
2 06877 064.8924 131.3279 7219315 254.4713 021.6131 01.96552289055015
1 06877U 73076  A 81158.87307541 -.00000143 +00000-0 +00000-0 0  9998
2 06877 064.9053 131.1390 7220252 254.4494 021.5849 01.96548316055043
1 06877U 73076  A 81161.41699995 -.00000140 +00000-0 +00000-0 0  9996
2 06877 064.8942 130.8366 7222033 254.4029 021.5913 01.96543260055091
1 06877U 73076  A 81161.92579647 -.00000140 +00000-0 +00000-0 0  9993
2 06877 064.8869 130.7758 7222380 254.3915 021.5945 01.96542628055105
1 06877U 73076  A 81165.99614697 -.00000136 +00000-0 +00000-0 0  9994
2 06877 064.8571 130.2773 7225146 254.3260 021.6049 01.96544026055181
1 06877U 73076  A 81167.01371609 -.00000135 +00000-0 +00000-0 0  9991
2 06877 064.8637 130.1519 7225866 254.3110 021.6037 01.96546047055209
1 06877U 73076  A 81179.73251348 -.00000121 +00000-0 +00000-0 0  9995
2 06877 064.8509 128.6447 7233660 254.1027 021.6450 01.96558512055451
1 06877U 73076  A 81180.74998917 -.00000120 +00000-0 +00000-0 0  9997
2 06877 064.8518 128.5189 7234009 254.0751 021.6168 01.96555885055472
1 06877U 73076  A 81182.27632093 -.00000117 +00000-0 +00000-0 0  9993
2 06877 064.8853 128.2467 7234580 254.1073 021.6194 01.96550459055507
1 06877U 73076  A 81182.78507637 -.00000116 +00000-0 +00000-0 0  9993
2 06877 064.8951 128.1809 7234880 254.1028 021.6084 01.96549089055514
1 06877U 73076  A 81184.82020123 -.00000113 +00000-0 +00000-0 0  9997
2 06877 064.8895 127.9037 7235743 254.0742 021.6189 01.96544706055553
1 06877U 73076  A 81185.83777289 -.00000112 +00000-0 +00000-0 0  9990
2 06877 064.9005 127.7764 7236371 254.0592 021.6158 01.96542896055579
1 06877U 73076  A 81188.89053182 -.00000109 +00000-0 +00000-0 0  9994
2 06877 064.8651 127.4408 7239794 253.9803 021.6221 01.96542169055633
1 06877U 73076  A 81192.96081651 -.00000104 +00000-0 +00000-0 0  9994
2 06877 064.8767 126.9318 7242587 253.9175 021.6319 01.96549858055710
1 06877U 73076  A 81192.96081761 -.00000104 +00000-0 +00000-0 0  9996
2 06877 064.8766 126.9318 7242587 253.9174 021.6327 01.96549857055716
1 06877U 73076  A 81196.01338938 -.00000101 +00000-0 +00000-0 0  9994
2 06877 064.8769 126.5410 7244863 253.8749 021.6306 01.96557965055776
1 06877U 73076  A 81200.59208392 -.00000095 +00000-0 +00000-0 0  9995
2 06877 064.8387 126.0358 7246358 253.7924 021.6286 01.96562992055866
1 06877U 73076  A 81205.67961381 -.00000089 +00000-0 +00000-0 0  9996
2 06877 064.8291 125.3903 7251157 253.8080 021.6531 01.96553261055968
1 06877U 73076  A 81206.18831372 -.00000088 +00000-0 +00000-0 0  9998
2 06877 064.8313 125.3310 7250985 253.7787 021.6079 01.96551908055970
1 06877U 73076  A 81208.73220832 -.00000084 +00000-0 +00000-0 0  9990
2 06877 064.8198 125.0062 7252298 253.7330 021.6133 01.96545034056026
1 06877U 73076  A 81209.74979756 -.00000083 +00000-0 +00000-0 0  9997
2 06877 064.8126 124.8739 7252550 253.7056 021.6226 01.96542866056046
1 06877U 73076  A 81212.80259267 -.00000079 +00000-0 +00000-0 0  9991
2 06877 064.8582 124.5133 7254729 253.6570 021.6437 01.96540168056101
1 06877U 73076  A 81217.89049073 -.00000072 +00000-0 +00000-0 0  9990
2 06877 064.8372 123.8624 7257329 253.5606 021.6717 01.96549959056202
1 06877U 73076  A 81217.89049303 -.00000072 +00000-0 +00000-0 0  9996
2 06877 064.8372 123.8624 7257329 253.5606 021.6733 01.96549958056209
1 06877U 73076  A 81225.01301623 -.00000062 +00000-0 +00000-0 0  9994
2 06877 064.8444 122.9881 7261265 253.4347 021.6721 01.96562558056342
1 06877U 73076  A 81229.59179290 -.00000056 +00000-0 +00000-0 0  9997
2 06877 064.8595 122.3977 7265131 253.4174 021.7144 01.96555352056437
1 06877U 73076  A 81230.60927197 -.00000054 +00000-0 +00000-0 0  9996
2 06877 064.8439 122.2760 7264925 253.3680 021.6809 01.96552337056453
1 06877U 73076  A 81233.15318802 -.00000050 +00000-0 +00000-0 0  9992
2 06877 064.8304 121.9359 7266364 253.3418 021.7075 01.96545425056504
1 06877U 73076  A 81234.67954715 -.00000048 +00000-0 +00000-0 0  9996
2 06877 064.8183 121.7336 7266914 253.3171 021.6962 01.96541987056535
1 06877U 73076  A 81236.71472142 -.00000045 +00000-0 +00000-0 0  9999
2 06877 064.7904 121.4704 7267745 253.2762 021.6828 01.96539642056579
1 06877U 73076  A 81237.73236481 -.00000044 +00000-0 +00000-0 0  9995
2 06877 064.7736 121.3520 7268319 253.2558 021.7121 01.96539586056594
1 06877U 73076  A 81237.73237454 -.00000044 +00000-0 +00000-0 0  9996
2 06877 064.7738 121.3521 7268321 253.2558 021.7190 01.96539584056594
1 06877U 73076  A 81238.74997459 -.00000042 +00000-0 +00000-0 0  9994
2 06877 064.7670 121.2306 7268940 253.2385 021.7208 01.96540347056616
1 06877U 73076  A 81240.78515464 -.00000039 +00000-0 +00000-0 0  9999
2 06877 064.8137 121.0004 7270491 253.2056 021.7144 01.96543460056659
1 06877U 73076  A 81244.34660382 -.00000034 +00000-0 +00000-0 0  9990
2 06877 064.7861 120.5290 7272688 253.1587 021.7356 01.96553385056721
1 06877U 73076  A 81249.43411618 -.00000027 +00000-0 +00000-0 0  9993
2 06877 064.8336 119.8829 7275993 253.0792 021.7830 01.96562096056824
1 06877U 73076  A 81254.01280002 -.00000019 +00000-0 +00000-0 0  9995
2 06877 064.8094 119.2962 7278981 253.0203 021.7580 01.96555453056915
1 06877U 73076  A 81255.53908749 -.00000017 +00000-0 +00000-0 0  9996
2 06877 064.8209 119.1049 7279933 252.9962 021.7547 01.96551237056948
1 06877U 73076  A 81255.53909261 -.00000017 +00000-0 +00000-0 0  9996
2 06877 064.8209 119.1049 7279933 252.9962 021.7583 01.96551237056948
1 06877U 73076  A 81256.04786545 -.00000016 +00000-0 +00000-0 0  9990
2 06877 064.7851 119.0232 7280180 252.9973 021.7642 01.96550079056951
1 06877U 73076  A 81256.55662987 -.00000015 +00000-0 +00000-0 0  9998
2 06877 064.8389 118.9788 7280522 252.9767 021.7490 01.96548250056963
1 06877U 73076  A 81257.57421571 -.00000014 +00000-0 +00000-0 0  9992
2 06877 064.8407 118.8488 7281142 252.9611 021.7671 01.96545592056986
1 06877U 73076  A 81259.60937610 -.00000011 +00000-0 +00000-0 0  9991
2 06877 064.8694 118.6010 7282353 252.9203 021.7592 01.96541125057021
1 06877U 73076  A 81259.60940045 -.00000011 +00000-0 +00000-0 0  9997
2 06877 064.8469 118.5965 7282045 252.9074 021.7700 01.96540900057024
1 06877U 73076  A 81260.11821967 -.00000010 +00000-0 +00000-0 0  9995
2 06877 064.8456 118.5315 7282334 252.8982 021.7851 01.96540183057038
1 06877U 73076  A 81262.66221053 -.00000006 +00000-0 +00000-0 0  9992
2 06877 064.8659 118.2115 7283821 252.8502 021.7744 01.96539328057083
1 06877U 73076  A 81262.66222965 -.00000006 +00000-0 +00000-0 0  9995
2 06877 064.8211 118.1962 7283491 252.8452 021.7800 01.96539136057083
1 06877U 73076  A 81262.66224959 -.00000006 +00000-0 +00000-0 0  9990
2 06877 064.8210 118.1963 7283490 252.8451 021.7941 01.96539137057088
1 06877U 73076  A 81264.69743172 -.00000003 +00000-0 +00000-0 0  9995
2 06877 064.7915 117.9419 7284584 252.8205 021.7897 01.96541878057124
1 06877U 73076  A 81265.71500898 -.00000001 +00000-0 +00000-0 0  9993
2 06877 064.8085 117.8058 7285195 252.8163 021.7868 01.96544030057146
1 06877U 73076  A 81266.73256448  .00000001 +00000-0 +00000-0 0  9994
2 06877 064.7748 117.6677 7286164 252.8044 021.7785 01.96546655057166
1 06877U 73076  A 81266.73256459  .00000002 +00000-0 +99999-4 0  9996
2 06877 064.8108 117.6747 7285809 252.8015 021.7780 01.96546729057165
1 06877U 73076  A 81266.73257323  .00000002 +00000-0 +99999-4 0  9997
2 06877 064.7761 117.6675 7286169 252.8042 021.7847 01.96546668057165
1 06877U 73076  A 81272.83770554  .00000011 +00000-0 +99999-4 0  9991
2 06877 064.7639 116.8967 7289413 252.7181 021.8018 01.96560574057288
1 06877U 73076  A 81272.83771008  .00000011 +00000-0 +99999-4 0  9996
2 06877 064.7639 116.8967 7289414 252.7181 021.8051 01.96560574057286
1 06877U 73076  A 81280.46901325  .00000024 +00000-0 +99999-4 0  9995
2 06877 064.8323 115.8934 7290833 252.5993 021.8071 01.96549614057437
1 06877U 73076  A 81281.48663174  .00000025 +00000-0 +99999-4 0  9996
2 06877 064.8309 115.7662 7293579 252.6124 021.8580 01.96546772057454
1 06877U 73076  A 81282.50407928  .00000027 +00000-0 +99999-4 0  9995
2 06877 064.8210 115.6449 7296357 252.5926 021.8160 01.96544559057470
1 06877U 73076  A 81286.57442405  .00000034 +00000-0 +99999-4 0  9993
2 06877 064.8199 115.1197 7298874 252.5278 021.7985 01.96539259057551
1 06877U 73076  A 81296.24117088  .00000051 +00000-0 +99999-4 0  9993
2 06877 064.8088 113.8713 7305160 252.3903 021.7634 01.96559300057748
1 06877U 73076  A 81296.24120763  .00000051 +00000-0 +99999-4 0  9997
2 06877 064.8088 113.8713 7305160 252.3904 021.7895 01.96559301057749
1 06877U 73076  A 81298.78494232  .00000055 +00000-0 +99999-4 0  9997
2 06877 064.8319 113.5518 7307794 252.3370 021.7898 01.96560740057795
1 06877U 73076  A 81298.78494714  .00000055 +00000-0 +99999-4 0  9992
2 06877 064.8319 113.5518 7307794 252.3370 021.7932 01.96560746057790
1 06877U 73076  A 81302.34619470  .00000061 +00000-0 +09999-5 0  9997
2 06877 064.8192 113.0717 7309524 252.3060 021.8273 01.96557248057864
1 06877U 73076  A 81306.41628113  .00000068 +00000-0 +09999-5 0  9990
2 06877 064.8182 112.5338 7312163 252.2515 021.7844 01.96546304057946
1 06877U 73076  A 81309.46904074  .00000074 +00000-0 +09999-5 0  9998
2 06877 064.8109 112.1365 7313925 252.2019 021.7894 01.96540320058002
1 06877U 73076  A 81311.50425495  .00000077 +00000-0 +09999-5 0  9994
2 06877 064.8278 111.8825 7315022 252.1630 021.7917 01.96538734058040
1 06877U 73076  A 81313.53947949  .00000081 +00000-0 +09999-5 0  9997
2 06877 064.8272 111.6188 7316361 252.1315 021.8068 01.96540976058084
1 06877U 73076  A 81316.59218378  .00000086 +00000-0 +09999-5 0  9998
2 06877 064.8270 111.2203 7318301 252.0892 021.7934 01.96548724058148
1 06877U 73076  A 81323.20599309  .00000099 +00000-0 +09999-5 0  9994
2 06877 064.8123 110.3521 7322601 251.9969 021.7787 01.96560884058270
1 06877U 73076  A 81327.78476262  .00000106 +00000-0 +09999-5 0  9992
2 06877 064.8175 109.7520 7328873 251.9285 021.8347 01.96554255058364
1 06877U 73076  A 81328.29340329  .00000108 +00000-0 +09999-5 0  9995
2 06877 064.7983 109.6618 7327411 251.9542 021.7534 01.96553731058376
1 06877U 73076  A 81328.80216252  .00000109 +00000-0 +09999-5 0  9990
2 06877 064.8039 109.5975 7327972 251.9384 021.7476 01.96552002058386
1 06877U 73076  A 81330.83726218  .00000112 +00000-0 +09999-5 0  9998
2 06877 064.7967 109.3291 7329109 251.9172 021.7481 01.96546626058429
1 06877U 73076  A 81335.41640975  .00000120 +00000-0 +09999-5 0  9991
2 06877 064.7901 108.7259 7331899 251.8562 021.7411 01.96539211058510
1 06877U 73076  A 81336.43401641  .00000122 +00000-0 +09999-5 0  9991
2 06877 064.8005 108.5913 7332580 251.8442 021.7447 01.96539569058533
1 06877U 73076  A 81337.45161626  .00000124 +00000-0 +09999-5 0  9992
2 06877 064.7889 108.4592 7333316 251.8254 021.7458 01.96540761058553
1 06877U 73076  A 81338.46920797  .00000126 +00000-0 +09999-5 0  9998
2 06877 064.7983 108.3254 7333897 251.8159 021.7480 01.96542609058570
1 06877U 73076  A 81338.46920809  .00000126 +00000-0 +09999-5 0  9992
2 06877 064.7923 108.3264 7333948 251.8118 021.7463 01.96542573058578
1 06877U 73076  A 81340.50435972  .00000130 +00000-0 +09999-5 0  9997
2 06877 064.7987 108.0529 7335219 251.7881 021.7534 01.96547842058616
1 06877U 73076  A 81344.06569281  .00000137 +00000-0 +09999-5 0  9990
2 06877 064.7912 107.5868 7337272 251.7337 021.7318 01.96557784058684
1 06877U 73076  A 81346.10070047  .00000141 +00000-0 +09999-5 0  9999
2 06877 064.7950 107.3339 7338006 251.7015 021.7360 01.96561170058722
1 06877U 73076  A 81353.22324031  .00000153 +00000-0 +09999-5 0  9998
2 06877 064.7875 106.3927 7342108 251.6161 021.7496 01.96551943058861
1 06877U 73076  A 81353.73199469  .00000154 +00000-0 +09999-5 0  9990
2 06877 064.7754 106.3136 7343161 251.6395 021.7793 01.96551931058876
1 06877U 73076  A 81358.31094979  .00000163 +00000-0 +09999-5 0  9999
2 06877 064.7739 105.6972 7345983 251.5816 021.7079 01.96541226058963
1 06877U 73076  A 81361.36373512  .00000169 +00000-0 +99999-4 0  9995
2 06877 064.7833 105.2944 7348771 251.5197 021.7011 01.96540777059027
1 06877U 73076  A 81362.38134414  .00000171 +00000-0 +99999-4 0  9997
2 06877 064.7770 105.1500 7349399 251.5058 021.7096 01.96542040059047
1 06877U 73076  A 81364.41650909  .00000175 +00000-0 +99999-4 0  9999
2 06877 064.7677 104.8640 7350415 251.4853 021.7121 01.96546526059083
1 06877U 73076  A 81364.41651426  .00000175 +00000-0 +99999-4 0  9994
2 06877 064.7677 104.8640 7350416 251.4853 021.7158 01.96546526059084
1 06877U 73076  A 82005.01290359  .00000186 +00000-0 +99999-4 0  9999
2 06877 064.7868 104.1121 7353835 251.4092 021.7177 01.96561034059190
1 06877U 73076  A 82005.01290363  .00000186 +00000-0 +99999-4 0  9994
2 06877 064.7691 104.1112 7353785 251.4127 021.7192 01.96561061059194
1 06877U 73076  A 82005.01290756  .00000186 +00000-0 +99999-4 0  9990
2 06877 064.7790 104.1103 7353757 251.4131 021.7205 01.96561021059199
1 06877U 73076  A 82009.08281387  .00000194 +00000-0 +99999-4 0  9990
2 06877 064.7720 103.5949 7356758 251.3706 021.6736 01.96560792059275
1 06877U 73076  A 82010.10033366  .00000196 +00000-0 +99999-4 0  9999
2 06877 064.7664 103.4525 7356823 251.3615 021.6924 01.96559199059293
1 06877U 73076  A 82013.15285817  .00000201 +00000-0 +99999-4 0  9994
2 06877 064.7646 103.0427 7357521 251.3063 021.7158 01.96552606059356
1 06877U 73076  A 82013.15289245  .00000200 +00000-0 +99999-4 0  9992
2 06877 064.7646 103.0427 7357521 251.3063 021.7401 01.96552600059351
1 06877U 73076  A 82015.18795032  .00000204 +00000-0 +99999-4 0  9997
2 06877 064.7630 102.7691 7358570 251.2794 021.7309 01.96547523059397
1 06877U 73076  A 82017.22310140  .00000207 +00000-0 +99999-4 0  9990
2 06877 064.7632 102.4967 7356068 251.2674 021.6827 01.96541191059433
1 06877U 73076  A 82018.24081938  .00000209 +00000-0 +99999-4 0  9995
2 06877 064.7630 102.3602 7361195 251.2338 021.8438 01.96542186059457
1 06877U 73076  A 82019.25824658  .00000211 +00000-0 +99999-4 0  9994
2 06877 064.7622 102.2216 7362307 251.2185 021.7366 01.96541699059473
1 06877U 73076  A 82020.27581857  .00000213 +00000-0 +99999-4 0  9991
2 06877 064.7622 102.0913 7360227 251.2024 021.6707 01.96539700059496
1 06877U 73076  A 82020.27593684  .00000213 +00000-0 +99999-4 0  9992
2 06877 064.7622 102.0913 7360228 251.2024 021.7544 01.96539700059497
1 06877U 73076  A 82023.32871084  .00000219 +00000-0 +99999-4 0  9990
2 06877 064.7625 101.6793 7363347 251.1620 021.7854 01.96545635059552
1 06877U 73076  A 82024.34621980  .00000221 +00000-0 +99999-4 0  9994
2 06877 064.7662 101.5434 7365225 251.1200 021.7888 01.96548948059574
1 06877U 73076  A 82025.36377401  .00000223 +00000-0 +99999-4 0  9995
2 06877 064.7747 101.4240 7368187 251.1253 021.8192 01.96553200059598
1 06877U 73076  A 82026.38118007  .00000226 +00000-0 +99999-4 0  9996
2 06877 064.7728 101.2915 7367469 251.1068 021.7269 01.96555962059614
1 06877U 73076  A 82026.38119585  .00000225 +00000-0 +99999-4 0  9997
2 06877 064.7728 101.2915 7367469 251.1068 021.7381 01.96555961059618
1 06877U 73076  A 82035.02979882  .00000242 +00000-0 +99999-4 0  9991
2 06877 064.7430 100.1208 7370909 250.9937 021.8550 01.96564720059786
1 06877U 73076  A 82039.60843217  .00000252 +00000-0 +99999-4 0  9992
2 06877 064.7420 099.4279 7375142 250.9553 021.5990 01.96549384059875
1 06877U 73076  A 82043.17015026  .00000257 +00000-0 +99999-4 0  9993
2 06877 064.7232 098.9441 7377182 250.9070 021.7597 01.96543308059944
1 06877U 73076  A 82045.20532043  .00000261 +00000-0 +99999-4 0  9997
2 06877 064.7229 098.6656 7378379 250.8790 021.7580 01.96543162059986
1 06877U 73076  A 82051.31062434  .00000273 +00000-0 +99999-4 0  9991
2 06877 064.7181 097.8277 7381940 250.7956 021.7673 01.96558119060101
1 06877U 73076  A 82052.32813031  .00000275 +00000-0 +99999-4 0  9992
2 06877 064.7171 097.6875 7382558 250.7804 021.8153 01.96561880060125
1 06877U 73076  A 82055.88926402  .00000282 +00000-0 +99999-4 0  9991
2 06877 064.7292 097.2405 7383471 250.7324 021.7798 01.96568419060192
1 06877U 73076  A 82057.41549025  .00000285 +00000-0 +99999-4 0  9997
2 06877 064.7299 097.0204 7384161 250.7122 021.8087 01.96567409060221
1 06877U 73076  A 82057.41549982  .00000285 +00000-0 +99999-4 0  9999
2 06877 064.7299 097.0205 7384161 250.7122 021.8155 01.96567404060223
1 06877U 73076  A 82064.02917029  .00000296 +00000-0 +99999-4 0  9997
2 06877 064.7297 096.1046 7387938 250.6264 021.7883 01.96551938060351
1 06877U 73076  A 82065.04674559  .00000297 +00000-0 +99999-4 0  9999
2 06877 064.7294 095.9651 7388532 250.6124 021.8004 01.96549013060372
1 06877U 73076  A 82066.06430509  .00000299 +00000-0 +99999-4 0  9999
2 06877 064.7284 095.8230 7389190 250.6031 021.8011 01.96546816060399
1 06877U 73076  A 82077.76610412  .00000322 +00000-0 +99999-4 0  9998
2 06877 064.7054 094.1963 7397290 250.4710 021.8587 01.96564891060628
1 06877U 73076  A 82081.83586916  .00000330 +00000-0 +99999-4 0  9991
2 06877 064.7020 093.6308 7399628 250.4203 021.8096 01.96568124060709
1 06877U 73076  A 82082.85333524  .00000332 +00000-0 +99999-4 0  9991
2 06877 064.7038 093.4835 7400233 250.4088 021.8356 01.96568317060722
1 06877U 73076  A 82083.87076832  .00000334 +00000-0 +99999-4 0  9992
2 06877 064.7029 093.3418 7400815 250.3961 021.8175 01.96566639060749
1 06877U 73076  A 82083.87076864  .00000334 +00000-0 +99999-4 0  9997
2 06877 064.7029 093.3418 7400815 250.3962 021.8177 01.96566652060747
1 06877U 73076  A 82087.94070831  .00000340 +00000-0 +99999-4 0  9994
2 06877 064.6994 092.7749 7403140 250.3457 021.8054 01.96555950060822
1 06877U 73076  A 82093.02843347  .00000348 +00000-0 +99999-4 0  9998
2 06877 064.6983 092.0753 7403962 250.2748 021.7377 01.96545897060929
1 06877U 73076  A 82093.02854620  .00000348 +00000-0 +99999-4 0  9994
2 06877 064.6983 092.0753 7403962 250.2748 021.8175 01.96545904060925
1 06877U 73076  A 82096.08125853  .00000354 +00000-0 +99999-4 0  9999
2 06877 064.6962 091.6423 7409054 250.2462 021.8541 01.96548630060984
1 06877U 73076  A 82105.74730928  .00000375 +00000-0 +99999-4 0  9991
2 06877 064.7181 090.2579 7417910 250.2307 021.8229 01.96571183061177
1 06877U 73076  A 82108.79945675  .00000380 +00000-0 +99999-4 0  9992
2 06877 064.6947 089.8349 7417812 250.1210 021.7466 01.96568873061239
1 06877U 73076  A 82108.79946153  .00000380 +00000-0 +99999-4 0  9994
2 06877 064.6947 089.8349 7417812 250.1210 021.7500 01.96568867061231
1 06877U 73076  A 82109.81692052  .00000381 +00000-0 +99999-4 0  9995
2 06877 064.6940 089.7025 7418403 250.1171 021.7282 01.96566051061259
1 06877U 73076  A 82114.90444538  .00000387 +00000-0 +99999-4 0  9991
2 06877 064.6636 089.0372 7417764 250.0072 021.6959 01.96551539061353
1 06877U 73076  A 82115.92212368  .00000388 +00000-0 +99999-4 0  9999
2 06877 064.6614 088.9028 7418851 249.9976 021.7917 01.96549953061377
1 06877U 73076  A 82116.93963606  .00000390 +00000-0 +99999-4 0  9992
2 06877 064.6672 088.7236 7418365 249.9911 021.7372 01.96547804061399
1 06877U 73076  A 82116.93969943  .00000390 +00000-0 +99999-4 0  9992
2 06877 064.6674 088.7248 7418325 249.9901 021.7818 01.96547796061394
1 06877U 73076  A 82117.95725655  .00000392 +00000-0 +99999-4 0  9997
2 06877 064.6663 088.5777 7422788 250.0050 021.8025 01.96547487061414
1 06877U 73076  A 82118.97469656  .00000394 +00000-0 +99999-4 0  9998
2 06877 064.6541 088.4412 7421738 249.9800 021.6956 01.96547320061437
1 06877U 73076  A 82121.00987268  .00000398 +00000-0 +99999-4 0  9994
2 06877 064.6495 088.1573 7423086 249.9607 021.7371 01.96550510061474
1 06877U 73076  A 82123.04494406  .00000402 +00000-0 +99999-4 0  9993
2 06877 064.6470 087.8668 7424261 249.9388 021.7399 01.96556155061516
1 06877U 73076  A 82131.18464766  .00000418 +00000-0 +99999-4 0  9990
2 06877 064.6334 086.7004 7430427 249.8829 021.6640 01.96569290061676
1 06877U 73076  A 82131.18466254  .00000418 +00000-0 +99999-4 0  9994
2 06877 064.6334 086.7004 7430430 249.8829 021.6746 01.96569291061678
1 06877U 73076  A 82131.18466256  .00000418 +00000-0 +99999-4 0  9996
2 06877 064.6335 086.7004 7430432 249.8830 021.6745 01.96569289061679
1 06877U 73076  A 82138.81579731  .00000427 +00000-0 +99999-4 0  9996
2 06877 064.6473 085.6138 7432654 249.7718 021.8287 01.96554489061826
1 06877U 73076  A 82140.34194094  .00000429 +00000-0 +99999-4 0  9994
2 06877 064.6479 085.3865 7433478 249.7568 021.7075 01.96549650061855
1 06877U 73076  A 82141.86827300  .00000432 +00000-0 +99999-4 0  9999
2 06877 064.6487 085.1591 7434338 249.7436 021.7051 01.96548210061886
1 06877U 73076  A 82143.90337844  .00000435 +00000-0 +99999-4 0  9998
2 06877 064.6474 084.8834 7435984 249.7313 021.7170 01.96550256061920
1 06877U 73076  A 82144.92085791  .00000437 +00000-0 +99999-4 0  9994
2 06877 064.6519 084.7229 7435859 249.7028 021.6333 01.96550033061946
1 06877U 73076  A 82144.92093251  .00000437 +00000-0 +99999-4 0  9994
2 06877 064.6474 084.7243 7435853 249.7025 021.6861 01.96550031061947
1 06877U 73076  A 82145.93847300  .00000439 +00000-0 +99999-4 0  9990
2 06877 064.6094 084.6144 7436573 249.6725 021.6817 01.96552272061962
1 06877U 73076  A 82150.00852790  .00000446 +00000-0 +99999-4 0  9991
2 06877 064.6099 084.0261 7438768 249.6300 021.6964 01.96564481062046
1 06877U 73076  A 82158.65678508  .00000460 +00000-0 +99999-4 0  9999
2 06877 064.6174 082.7690 7444205 249.5600 021.6524 01.96566598062218
1 06877U 73076  A 82160.69169413  .00000463 +00000-0 +99999-4 0  9999
2 06877 064.6191 082.4775 7444876 249.5221 021.6696 01.96562030062252
1 06877U 73076  A 82160.69175077  .00000462 +00000-0 +99999-4 0  9991
2 06877 064.6191 082.4775 7444876 249.5221 021.7097 01.96562023062250
1 06877U 73076  A 82162.21795637  .00000464 +00000-0 +99999-4 0  9993
2 06877 064.6187 082.2428 7445458 249.5170 021.6709 01.96557602062287
1 06877U 73076  A 82163.74425995  .00000466 +00000-0 +99999-4 0  9991
2 06877 064.6127 082.0269 7445740 249.4995 021.6800 01.96553522062313
1 06877U 73076  A 82164.76181180  .00000467 +00000-0 +99999-4 0  9990
2 06877 064.6009 081.8975 7446494 249.4812 021.6865 01.96551066062332
1 06877U 73076  A 82165.77937692  .00000468 +00000-0 +99999-4 0  9990
2 06877 064.6050 081.7442 7447023 249.4726 021.6959 01.96549326062351
1 06877U 73076  A 82166.79693833  .00000469 +00000-0 +99999-4 0  9990
2 06877 064.6166 081.5834 7447515 249.4644 021.6941 01.96548142062375
1 06877U 73076  A 82170.86712160  .00000476 +00000-0 +99999-4 0  9996
2 06877 064.6113 080.9954 7449592 249.4202 021.6718 01.96553393062455
1 06877U 73076  A 82174.93711240  .00000483 +00000-0 +09999-5 0  9996
2 06877 064.5945 080.4003 7451340 249.3720 021.6750 01.96566236062530
1 06877U 73076  A 82181.04178824  .00000492 +00000-0 +99999-4 0  9999
2 06877 064.5832 079.5247 7454960 249.3169 021.7098 01.96572240062653
1 06877U 73076  A 82182.05915293  .00000494 +00000-0 +99999-4 0  9992
2 06877 064.5829 079.3832 7455685 249.3113 021.6701 01.96570822062677
1 06877U 73076  A 82182.05916283  .00000494 +00000-0 +99999-4 0  9992
2 06877 064.5830 079.3847 7455523 249.3065 021.6746 01.96570770062673
1 06877U 73076  A 82184.60279446  .00000496 +00000-0 +99999-4 0  9990
2 06877 064.5831 079.0340 7456678 249.2648 021.6729 01.96564891062721
1 06877U 73076  A 82185.11154283  .00000497 +00000-0 +99999-4 0  9999
2 06877 064.5851 078.9507 7457329 249.2723 021.6758 01.96563224062736
1 06877U 73076  A 82187.14653917  .00000498 +00000-0 +99999-4 0  9993
2 06877 064.5759 078.6574 7457785 249.2410 021.6759 01.96557285062778
1 06877U 73076  A 82190.70796845  .00000501 +00000-0 +99999-4 0  9992
2 06877 064.5805 078.1294 7459096 249.2019 021.7107 01.96549969062842
1 06877U 73076  A 82191.21676201  .00000502 +00000-0 +99999-4 0  9993
2 06877 064.5843 078.0509 7459072 249.1901 021.7237 01.96549762062851
1 06877U 73076  A 82191.72555222  .00000503 +00000-0 +99999-4 0  9999
2 06877 064.5770 077.9847 7459658 249.1912 021.7296 01.96549378062864
1 06877U 73076  A 82192.74310941  .00000504 +00000-0 +99999-4 0  9990
2 06877 064.5800 077.8323 7459744 249.1691 021.7309 01.96549809062882
1 06877U 73076  A 82192.74312600  .00000504 +00000-0 +99999-4 0  9994
2 06877 064.5802 077.8353 7460133 249.1802 021.7417 01.96549724062881
1 06877U 73076  A 82193.76066751  .00000505 +00000-0 +99999-4 0  9991
2 06877 064.5651 077.6965 7460737 249.1687 021.7332 01.96550900062908
1 06877U 73076  A 82199.86567726  .00000515 +00000-0 +99999-4 0  9997
2 06877 064.5649 076.8071 7463690 249.1064 021.7124 01.96567897063020
1 06877U 73076  A 82209.53141381  .00000528 +00000-0 +99999-4 0  9992
2 06877 064.6059 075.3907 7470178 248.9430 021.7755 01.96563757063213
1 06877U 73076  A 82211.05763310  .00000528 +00000-0 +99999-4 0  9994
2 06877 064.5745 075.1236 7469117 248.9904 021.8446 01.96562052063242
1 06877U 73076  A 82213.09251431  .00000529 +00000-0 +99999-4 0  9997
2 06877 064.5651 074.8231 7469892 248.9645 021.7556 01.96556756063280
1 06877U 73076  A 82215.63637373  .00000532 +00000-0 +99999-4 0  9996
2 06877 064.5435 074.4521 7471088 248.9259 021.7799 01.96553143063331
1 06877U 73076  A 82219.70654344  .00000536 +00000-0 +99999-4 0  9999
2 06877 064.5420 073.8538 7472948 248.8797 021.8100 01.96557513063419
1 06877U 73076  A 82222.75903251  .00000541 +00000-0 +99999-4 0  9998
2 06877 064.5542 073.3888 7474325 248.8483 021.8600 01.96567812063474
1 06877U 73076  A 82223.26770770  .00000542 +00000-0 +99999-4 0  9994
2 06877 064.5650 073.3138 7474557 248.8408 021.8196 01.96569355063481
1 06877U 73076  A 82223.26771402  .00000542 +00000-0 +99999-4 0  9997
2 06877 064.5650 073.3139 7474556 248.8408 021.8240 01.96569355063481
1 06877U 73076  A 82223.26771424  .00000542 +00000-0 +99999-4 0  9991
2 06877 064.5658 073.3143 7474559 248.8409 021.8240 01.96569349063481
1 06877U 73076  A 82233.44194104  .00000552 +00000-0 +99999-4 0  9997
2 06877 064.5431 071.8474 7478929 248.7125 021.9155 01.96572553063688
1 06877U 73076  A 82234.45931301  .00000553 +00000-0 +99999-4 0  9998
2 06877 064.5435 071.6707 7479726 248.7098 021.9701 01.96572076063704
1 06877U 73076  A 82235.47659568  .00000555 +00000-0 +99999-4 0  9995
2 06877 064.5433 071.5186 7480577 248.7098 021.8557 01.96569058063724
1 06877U 73076  A 82235.98530841  .00000555 +00000-0 +99999-4 0  9993
2 06877 064.5447 071.4389 7480861 248.7048 021.8452 01.96567594063732
1 06877U 73076  A 82237.00276740  .00000556 +00000-0 +99999-4 0  9994
2 06877 064.5490 071.2814 7481356 248.6912 021.8406 01.96564887063753
1 06877U 73076  A 82237.51150712  .00000557 +00000-0 +99999-4 0  9991
2 06877 064.5688 071.1948 7482313 248.6970 021.8527 01.96563923063762
1 06877U 73076  A 82238.52895496  .00000557 +00000-0 +99999-4 0  9998
2 06877 064.5975 071.0213 7482278 248.7008 021.8340 01.96563507063781
1 06877U 73076  A 82241.07267672  .00000560 +00000-0 +99999-4 0  9995
2 06877 064.5824 070.6459 7483689 248.6777 021.8475 01.96562235063832
1 06877U 73076  A 82241.58139365  .00000560 +00000-0 +99999-4 0  9998
2 06877 064.5822 070.5707 7483950 248.6718 021.8278 01.96562436063846
1 06877U 73076  A 82242.59889242  .00000561 +00000-0 +99999-4 0  9997
2 06877 064.5412 070.4428 7484094 248.6439 021.8283 01.96563312063862
1 06877U 73076  A 82243.61641189  .00000562 +00000-0 +99999-4 0  9998
2 06877 064.5344 070.2941 7484573 248.6330 021.8577 01.96565224063888
1 06877U 73076  A 82257.35082299  .00000580 +00000-0 +99999-4 0  9995
2 06877 064.5372 068.2533 7491928 248.4816 021.8938 01.96588014064156
1 06877U 73076  A 82258.36815167  .00000580 +00000-0 +99999-4 0  9995
2 06877 064.5967 068.1119 7492047 248.4646 021.8684 01.96585149064175
1 06877U 73076  A 82259.38554929  .00000581 +00000-0 +99999-4 0  9995
2 06877 064.5535 067.9478 7492312 248.4695 021.9265 01.96585645064199
1 06877U 73076  A 82259.89416463  .00000582 +00000-0 +99999-4 0  9992
2 06877 064.5472 067.8674 7493244 248.4853 021.8775 01.96583978064201
1 06877U 73076  A 82260.40282594  .00000583 +00000-0 +99999-4 0  9998
2 06877 064.5480 067.7826 7493437 248.4853 021.8590 01.96582690064218
1 06877U 73076  A 82260.91151248  .00000583 +00000-0 +99999-4 0  9995
2 06877 064.5594 067.7029 7493590 248.4788 021.8544 01.96581335064221
1 06877U 73076  A 82261.42020960  .00000583 +00000-0 +99999-4 0  9998
2 06877 064.5787 067.6176 7493881 248.4805 021.8576 01.96580187064230
1 06877U 73076  A 82270.06814083  .00000594 +00000-0 +99999-4 0  9997
2 06877 064.4875 066.3441 7498557 248.3751 021.8654 01.96584855064404
1 06877U 73076  A 82270.57678895  .00000594 +00000-0 +99999-4 0  9992
2 06877 064.5343 066.2493 7498688 248.3678 021.8590 01.96587130064413
1 06877U 73076  A 82272.10280563  .00000597 +00000-0 +99999-4 0  9997
2 06877 064.5226 066.0261 7499521 248.3528 021.8501 01.96592104064447
1 06877U 73076  A 82273.12013989  .00000598 +00000-0 +99999-4 0  9997
2 06877 064.5289 065.8644 7499950 248.3435 021.8618 01.96595579064461
1 06877U 73076  A 82276.17192330  .00000602 +00000-0 +99999-4 0  9999
2 06877 064.4712 065.3328 7501008 248.2951 021.8913 01.96605402064527
1 06877U 73076  A 82278.20639178  .00000603 +00000-0 +99999-4 0  9992
2 06877 064.4863 065.0442 7501473 248.2525 021.8607 01.96607029064562
1 06877U 73076  A 82278.20640422  .00000604 +00000-0 +99999-4 0  9997
2 06877 064.4862 065.0438 7501473 248.2524 021.8693 01.96607014064564
1 06877U 73076  A 82281.25816582  .00000605 +00000-0 +99999-4 0  9999
2 06877 064.4752 064.6667 7502409 248.2302 021.8679 01.96604302064623
1 06877U 73076  A 82283.29270117  .00000610 +00000-0 +99999-4 0  9999
2 06877 064.5011 064.4412 7504441 248.2144 021.9542 01.96603150064664
1 06877U 73076  A 82283.80116538  .00000610 +00000-0 +99999-4 0  9992
2 06877 064.5173 064.3283 7504738 248.2246 021.8336 01.96601896064676
1 06877U 73076  A 82285.83575586  .00000614 +00000-0 +99999-4 0  9993
2 06877 064.5275 063.9358 7506319 248.2688 021.8643 01.96597416064712
1 06877U 73076  A 82286.34429699  .00000614 +00000-0 +99999-4 0  9993
2 06877 064.5279 063.8599 7506554 248.2634 021.7830 01.96596076064723
1 06877U 73076  A 82305.16204028  .00001670 +00000-0 +11191-2 0  9991
2 06877 064.4828 061.0405 7515303 248.0467 021.7787 01.96652979065099
1 06877U 73076  A 82306.17899115  .00001727 +00000-0 +11656-2 0  9999
2 06877 064.4604 060.8709 7515522 248.0488 021.7303 01.96653540065113
1 06877U 73076  A 82306.17899867  .00001704 +00000-0 +11437-2 0  9995
2 06877 064.4636 060.8686 7515510 248.0455 021.7338 01.96653286065118
1 06877U 73076  A 82307.70449943  .00001782 +00000-0 +11870-2 0  9998
2 06877 064.4483 060.6386 7516194 248.0440 021.7226 01.96653809065146
1 06877U 73076  A 82308.21298526  .00001783 +00000-0 +11787-2 0  9992
2 06877 064.4475 060.5615 7516394 248.0397 021.7065 01.96653568065158
1 06877U 73076  A 82311.26405116  .00001758 +00000-0 +11039-2 0  9998
2 06877 064.4285 060.0857 7517532 248.0226 021.6957 01.96651377065218
1 06877U 73076  A 82312.28108990  .00001756 +00000-0 +10819-2 0  9994
2 06877 064.4249 059.9308 7517975 248.0155 021.7017 01.96651269065238
1 06877U 73076  A 82312.78960322  .00001760 +00000-0 +10766-2 0  9990
2 06877 064.4234 059.8518 7518169 248.0124 021.7016 01.96651489065240
1 06877U 73076  A 82313.29811869  .00001767 +00000-0 +10783-2 0  9994
2 06877 064.4464 059.7860 7518273 248.0028 021.7130 01.96652154065251
1 06877U 73076  A 82314.31513258  .00001739 +00000-0 +10322-2 0  9997
2 06877 064.4304 059.6210 7518751 247.9981 021.6922 01.96652660065271
1 06877U 73076  A 82315.33216098  .00001795 +00000-0 +10674-2 0  9994
2 06877 064.4431 059.4705 7519008 247.9850 021.7257 01.96655866065295
1 06877U 73076  A 82316.34911198  .00001794 +00000-0 +10467-2 0  9998
2 06877 064.4227 059.2985 7519433 247.9928 021.6860 01.96658645065314
1 06877U 73076  A 82317.36608280  .00001995 +00000-0 +11891-2 0  9991
2 06877 064.4283 059.1732 7519872 247.9754 021.7103 01.96665370065335
1 06877U 73076  A 82319.39988627  .00001983 +00000-0 +11365-2 0  9995
2 06877 064.4253 058.8575 7520615 247.9583 021.6649 01.96675594065377
1 06877U 73076  A 82320.41674273  .00002078 +00000-0 +11943-2 0  9997
2 06877 064.4323 058.6880 7520888 247.9515 021.6574 01.96682942065393
1 06877U 73076  A 82320.41674506  .00002114 +00000-0 +12368-2 0  9999
2 06877 064.4363 058.6902 7520605 247.9543 021.6626 01.96683434065395
1 06877U 73076  A 82320.41674523  .00002127 +00000-0 +12470-2 0  9996
2 06877 064.4378 058.6933 7520607 247.9556 021.6638 01.96683605065394
1 06877U 73076  A 82320.41676727  .00002078 +00000-0 +11942-2 0  9992
2 06877 064.4319 058.6885 7520891 247.9513 021.6748 01.96682947065393
1 06877U 73076  A 82323.46718452  .00002432 +00000-0 +13576-2 0  9991
2 06877 064.4010 058.2440 7522425 247.9172 021.7664 01.96709094065458
1 06877U 73076  A 82323.97541540  .00002257 +00000-0 +11935-2 0  9991
2 06877 064.4251 058.1696 7523114 247.9091 021.6648 01.96709910065462
1 06877U 73076  A 82326.51715054  .00002401 +00000-0 +02598-3 0  9994
2 06877 064.4094 057.7870 7523558 247.8826 021.6893 01.96726096065515
1 06877U 73076  A 82327.53377942  .00002396 +00000-0 +01708-3 0  9992
2 06877 064.4436 057.6037 7525066 247.8717 021.6792 01.96729612065531
1 06877U 73076  A 82329.05868679  .00002284 +00000-0 +00630-3 0  9992
2 06877 064.4501 057.3801 7525751 247.8605 021.6713 01.96734262065560
1 06877U 73076  A 82331.60008141  .00002800 +00000-0 +03437-3 0  9998
2 06877 064.4323 056.9755 7526224 247.8374 021.6722 01.96744537065616
1 06877U 73076  A 82331.60010150  .00002801 +00000-0 +03440-3 0  9996
2 06877 064.4322 056.9755 7526223 247.8375 021.6864 01.96744549065615
1 06877U 73076  A 82335.15790819  .00002809 +00000-0 +02838-3 0  9995
2 06877 064.4254 056.4360 7527185 247.8034 021.6507 01.96750307065686
1 06877U 73076  A 82337.19092737  .00002810 +00000-0 +02493-3 0  9994
2 06877 064.4177 056.1253 7527686 247.7902 021.6498 01.96753490065727
1 06877U 73076  A 82338.20741575  .00002852 +00000-0 +02429-3 0  9993
2 06877 064.4188 055.9658 7528098 247.7803 021.6549 01.96756387065740
1 06877U 73076  A 82339.22390487  .00002891 +00000-0 +02517-3 0  9999
2 06877 064.4156 055.8021 7528254 247.7738 021.6659 01.96759784065767
1 06877U 73076  A 82341.76502966  .00003364 +00000-0 +04247-3 0  9996
2 06877 064.3785 055.4446 7529129 247.7466 021.7256 01.96776342065810
1 06877U 73076  A 82342.27314137  .00003347 +00000-0 +04012-3 0  9995
2 06877 064.3873 055.3654 7529297 247.7413 021.6693 01.96779323065823
1 06877U 73076  A 82346.33805288  .00004006 +00000-0 +05816-3 0  9994
2 06877 064.4179 054.6974 7530585 247.7156 021.6687 01.96822429065904
1 06877U 73076  A 82349.89422334  .00004172 +00000-0 +05291-3 0  9996
2 06877 064.3805 054.1593 7531676 247.6865 021.6841 01.96859980065970
1 06877U 73076  A 82351.41807084  .00004238 +00000-0 +04944-3 0  9993
2 06877 064.3848 053.9106 7532251 247.6767 021.6849 01.96875215066007
1 06877U 73076  A 82351.92598213  .00003384 +00000-0 +08730-4 0  9999
2 06877 064.4192 053.8236 7534659 247.7235 021.4321 01.96863198066019
1 06877U 73076  A 82353.45012935  .00004733 +00000-0 +06011-3 0  9999
2 06877 064.3938 053.5849 7533019 247.6647 022.1960 01.96903026066043
1 06877U 73076  A 82354.46512825  .00005012 +00000-0 +06890-3 0  9990
2 06877 064.3784 053.4044 7533160 247.6569 021.7035 01.96913981066069
1 06877U 73076  A 82357.51200715  .00005495 +00000-0 +06818-3 0  9996
2 06877 064.3938 052.9587 7534750 247.6071 021.7920 01.96942997066129
1 06877U 73076  A 82358.52741270  .00005107 +00000-0 +05805-3 0  9999
2 06877 064.3768 052.7797 7534376 247.6198 021.6451 01.96943283066144
1 06877U 73076  A 82358.52750346  .00005107 +00000-0 +05805-3 0  9993
2 06877 064.3768 052.7797 7534376 247.6198 021.7094 01.96943283066148
1 06877U 73076  A 82361.57392461  .00005074 +00000-0 +05013-3 0  9996
2 06877 064.3770 052.3302 7534947 247.5980 021.6952 01.96960044066204
1 06877U 73076  A 82363.09705076  .00005112 +00000-0 +04420-3 0  9999
2 06877 064.3825 052.0909 7535664 247.5856 021.7005 01.96968675066235
1 06877U 73076  A 82364.11242529  .00005167 +00000-0 +04085-3 0  9999
2 06877 064.3886 051.9346 7536181 247.5790 021.7034 01.96975183066253
1 06877U 73076  A 83001.14309306  .00005205 +00000-0 +03641-3 0  9998
2 06877 064.3874 051.6163 7536696 247.5595 021.7221 01.96989369066291
1 06877U 73076  A 83003.17359672  .00005538 +00000-0 +03768-3 0  9993
2 06877 064.4032 051.3715 7537488 247.5375 021.8056 01.97011614066336
1 06877U 73076  A 83004.18864378  .00005601 +00000-0 +03333-3 0  9998
2 06877 064.3675 051.2254 7538094 247.5079 021.7352 01.97022212066356
1 06877U 73076  A 83004.69621014  .00006146 +00000-0 +05045-3 0  9999
2 06877 064.3727 051.0580 7537817 247.5142 021.7859 01.97032976066368
1 06877U 73076  A 83006.21866163  .00006233 +00000-0 +04735-3 0  9997
2 06877 064.3661 050.8094 7538210 247.4986 021.7498 01.97052896066390
1 06877U 73076  A 83010.27791765  .00006289 +00000-0 +03385-3 0  9994
2 06877 064.3663 050.1669 7539314 247.4670 021.7507 01.97108734066472
1 06877U 73076  A 83011.79985292  .00006497 +00000-0 +03283-3 0  9990
2 06877 064.3604 049.9404 7539773 247.4516 021.8127 01.97133183066507
1 06877U 73076  A 83012.30704315  .00006514 +00000-0 +03142-3 0  9997
2 06877 064.3584 049.8608 7539912 247.4478 021.7656 01.97140419066518
1 06877U 73076  A 83013.82874028  .00006570 +00000-0 +02598-3 0  9990
2 06877 064.3482 049.6204 7540487 247.4396 021.7887 01.97161317066542
1 06877U 73076  A 83014.33592118  .00006640 +00000-0 +02440-3 0  9998
2 06877 064.3483 049.5387 7540785 247.4410 021.8005 01.97168922066555
1 06877U 73076  A 83014.84306877  .00007436 +00000-0 +03813-3 0  9998
2 06877 064.3641 049.4783 7540978 247.4375 022.1203 01.97192609066568
1 06877U 73076  A 83016.87019756  .00007077 +00000-0 +03649-3 0  9998
2 06877 064.3748 049.3055 7539984 247.3250 021.8404 01.97228289066601
1 06877U 73076  A 83016.87025350  .00007028 +00000-0 +03649-3 0  9991
2 06877 064.3351 049.3272 7539861 247.3107 021.8617 01.97228348066609
1 06877U 73076  A 83016.87029852  .00007105 +00000-0 +03649-3 0  9998
2 06877 064.3668 049.3088 7540053 247.3251 021.9144 01.97228062066609
1 06877U 73076  A 83019.40517833  .00007416 +00000-0 +03649-3 0  9996
2 06877 064.3159 048.7892 7540458 247.3493 021.9820 01.97264850066658
1 06877U 73076  A 83020.41886639  .00015272 +00000-0 +08244-3 0  9997
2 06877 064.3163 048.5343 7540791 247.4034 022.6915 01.97364438066672
1 06877U 73076  A 83021.43192841  .00009507 +00000-0 +06152-3 0  9995
2 06877 064.3178 048.3767 7541454 247.3959 022.2085 01.97344589066699
1 06877U 73076  A 83022.44452632  .00010757 +00000-0 +08146-3 0  9998
2 06877 064.3198 048.2183 7541508 247.3913 021.8585 01.97377157066712
1 06877U 73076  A 83022.44454293  .00009772 +00000-0 +06152-3 0  9993
2 06877 064.3208 048.2187 7541680 247.3918 021.8389 01.97370076066719
1 06877U 73076  A 83022.95111809  .00010392 +00000-0 +07187-3 0  9991
2 06877 064.3188 048.1384 7541690 247.3891 021.7970 01.97381616066723
1 06877U 73076  A 83022.95115897  .00010358 +00000-0 +07150-3 0  9994
2 06877 064.3189 048.1384 7541672 247.3890 021.8241 01.97381330066728
1 06877U 73076  A 83023.45778513  .00009324 +00000-0 +05025-3 0  9990
2 06877 064.3184 048.0575 7541874 247.3885 021.7404 01.97378564066738
1 06877U 73076  A 83023.96453231  .00009335 +00000-0 +04867-3 0  9998
2 06877 064.3177 047.9775 7541984 247.3843 021.8218 01.97385204066740
1 06877U 73076  A 83027.00403880  .00009097 +00000-0 +03258-3 0  9990
2 06877 064.3169 047.5017 7542856 247.3547 021.8325 01.97421026066805
1 06877U 73076  A 83029.53653591  .00009473 +00000-0 +02609-3 0  9993
2 06877 064.3098 047.1054 7543849 247.3138 021.9124 01.97459567066856
1 06877U 73076  A 83030.04291352  .00009479 +00000-0 +02448-3 0  9991
2 06877 064.3077 047.0236 7543969 247.3088 021.8790 01.97466910066860
1 06877U 73076  A 83031.05559803  .00009863 +00000-0 +01538-3 0  9997
2 06877 064.3527 047.0136 7545411 247.2880 021.8585 01.97488117066889
1 06877U 73076  A 83031.56197809  .00011433 +00000-0 +04880-3 0  9996
2 06877 064.3475 046.7819 7544114 247.3191 021.9146 01.97507370066898
1 06877U 73076  A 83032.06822446  .00011495 +00000-0 +04470-3 0  9997
2 06877 064.3387 046.7179 7544483 247.3047 021.8794 01.97517765066907
1 06877U 73076  A 83034.09315719  .00011451 +00000-0 +03622-3 0  9992
2 06877 064.3392 046.4034 7544876 247.2867 021.8775 01.97558665066942
1 06877U 73076  A 83036.11770390  .00011248 +00000-0 +02736-3 0  9996
2 06877 064.3439 046.0818 7545141 247.2631 021.8786 01.97599220066983
1 06877U 73076  A 83037.63580237  .00010622 +00000-0 +10973-2 0  9999
2 06877 064.3104 045.8253 7545967 247.2600 021.8529 01.97627780067017
1 06877U 73076  A 83038.14178133  .00010654 +00000-0 +10796-2 0  9992
2 06877 064.3092 045.7434 7546124 247.2575 021.8470 01.97638726067028
1 06877U 73076  A 83039.15365405  .00011407 +00000-0 +11464-2 0  9994
2 06877 064.3353 045.5942 7546108 247.2450 021.9003 01.97668523067047
1 06877U 73076  A 83039.65940073  .00011807 +00000-0 +11299-2 0  9999
2 06877 064.3297 045.5094 7546627 247.2539 021.9354 01.97687971067054
1 06877U 73076  A 83046.23272345  .00019403 -46724-4 +10268-2 0  9994
2 06877 064.3201 044.4794 7547548 247.1935 022.1546 01.97861628067189
1 06877U 73076  A 83049.26455649  .00017102 -46781-4 +68067-3 0  9998
2 06877 064.3179 044.0919 7549361 247.1260 021.8927 01.97904872067249
1 06877U 73076  A 83050.27517906  .00016035 -46708-4 +64777-3 0  9993
2 06877 064.3117 043.8183 7548334 247.1540 021.9269 01.97916281067260
1 06877U 73076  A 83052.29600630  .00016795 -46720-4 +68167-3 0  9998
2 06877 064.2621 043.6502 7548531 247.0796 021.8958 01.97951237067302
1 06877U 73076  A 83052.80128549  .00014967 -46716-4 +50519-3 0  9995
2 06877 064.2670 043.3966 7549303 247.1818 021.8521 01.97942579067317
1 06877U 73076  A 83053.30655800  .00016349 -46670-4 +65335-3 0  9993
2 06877 064.2870 043.3206 7548339 247.1562 021.9581 01.97957863067320
1 06877U 73076  A 83053.81168059  .00016361 -46718-4 +64387-3 0  9997
2 06877 064.2865 043.2400 7548460 247.1530 021.9386 01.97965069067330
1 06877U 73076  A 83054.82193634  .00015625 -46642-4 +56881-3 0  9994
2 06877 064.2544 043.0323 7548744 247.1699 021.9025 01.97972759067353
1 06877U 73076  A 83054.82197736  .00015630 -46703-4 +56881-3 0  9995
2 06877 064.2544 043.0323 7548744 247.1699 021.9317 01.97972772067352
1 06877U 73076  A 83056.84236394  .00016851 -46650-4 +72263-3 0  9992
2 06877 064.2953 042.7275 7547328 247.1247 022.2565 01.98017784067391
1 06877U 73076  A 83057.34698683  .00016887 -46656-4 +70226-3 0  9993
2 06877 064.3160 042.6725 7547653 247.1251 021.9905 01.98025257067407
1 06877U 73076  A 83058.86186170  .00017093 -46675-4 +70606-3 0  9997
2 06877 064.2762 042.3744 7547657 247.1133 021.9981 01.98048835067439
1 06877U 73076  A 83059.87166329  .00017189 -46623-4 +69601-3 0  9995
2 06877 064.2601 042.1923 7547823 247.1114 021.9975 01.98064753067454
1 06877U 73076  A 83060.37651787  .00017740 -46709-4 +62115-3 0  9990
2 06877 064.3266 042.1746 7549697 247.1341 022.0543 01.98079999067460
1 06877U 73076  A 83060.88119802  .00017918 -46665-4 +68457-3 0  9996
2 06877 064.2518 042.0355 7548710 247.1532 021.9544 01.98090222067473
1 06877U 73076  A 83061.89077190  .00017854 -46619-4 +64737-3 0  9996
2 06877 064.2583 041.9198 7549148 247.0905 021.9293 01.98105580067494
1 06877U 73076  A 83061.89081901  .00017854 -46633-4 +64757-3 0  9999
2 06877 064.2583 041.9195 7549145 247.0911 021.9628 01.98105582067499
1 06877U 73076  A 83062.90032759  .00018035 -46671-4 +63184-3 0  9996
2 06877 064.2379 041.7159 7549466 247.0040 021.9999 01.98124770067513
1 06877U 73076  A 83062.90033278  .00018009 -46651-4 +63193-3 0  9992
2 06877 064.2465 041.7119 7549440 247.0133 021.9965 01.98124334067519
1 06877U 73076  A 83064.91907905  .00017709 -46581-4 +44348-3 0  9991
2 06877 064.2758 041.4386 7552648 247.0391 021.9962 01.98156582067558
1 06877U 73076  A 83065.42363457  .00018051 -46646-4 +44343-3 0  9994
2 06877 064.2494 041.3240 7552694 247.1037 022.1649 01.98194067067568
1 06877U 73076  A 83071.98052621  .00013404 -46535-4 +17444-3 0  9996
2 06877 064.2385 040.3364 7554284 247.0298 022.5984 01.98341175067692
1 06877U 73076  A 83072.98786662  .00021292 -46555-4 +45148-3 0  9994
2 06877 064.2368 040.1491 7553634 247.0325 021.9580 01.98395641067716
1 06877U 73076  A 83076.01147443  .00020752 -46557-4 +38465-3 0  9996
2 06877 064.2543 039.6412 7554074 247.0182 021.8575 01.98473396067770
1 06877U 73076  A 83077.01920948  .00020795 -46544-4 +37411-3 0  9999
2 06877 064.2438 039.4735 7554120 247.0148 021.9303 01.98501951067794
1 06877U 73076  A 83079.03400258  .00020069 -46537-4 +31532-3 0  9994
2 06877 064.2894 039.1818 7554735 247.0000 021.7654 01.98546684067832
1 06877U 73076  A 83081.04857695  .00020096 -46539-4 +36135-3 0  9995
2 06877 064.2850 038.9489 7553071 246.9264 021.9256 01.98602263067877
1 06877U 73076  A 83082.05562127  .00020121 -46506-4 +32209-3 0  9991
2 06877 064.2847 038.7827 7553895 246.9374 021.9836 01.98629854067894
1 06877U 73076  A 83083.06213213  .00023473 -46484-4 +33881-3 0  9997
2 06877 064.2095 038.5284 7555150 246.9714 021.9343 01.98685040067913
1 06877U 73076  A 83084.57187333  .00021619 -46532-4 +26442-3 0  9996
2 06877 064.2567 038.3932 7555301 246.9811 021.9269 01.98723910067940
1 06877U 73076  A 83085.57821866  .00025858 -46580-4 +28542-3 0  9998
2 06877 064.2142 038.1126 7555588 246.9797 022.1331 01.98789828067967
1 06877U 73076  A 83086.58390317  .00025952 -46417-4 +26287-3 0  9990
2 06877 064.2169 037.9443 7555649 246.9721 021.9153 01.98828462067989
1 06877U 73076  A 83086.58390318  .00025956 -46450-4 +26288-3 0  9993
2 06877 064.2169 037.9443 7555648 246.9722 021.9153 01.98828464067981
1 06877U 73076  A 83092.61615006  .00025699 -46384-4 +17882-3 0  9998
2 06877 064.2130 036.9724 7555557 246.9265 022.0114 01.99044225068101
1 06877U 73076  A 83093.62069624  .00025802 -46405-4 +20798-3 0  9999
2 06877 064.1945 036.8022 7554574 246.9061 021.9048 01.99080846068121
1 06877U 73076  A 83093.62070271  .00025801 -46402-4 +20801-3 0  9990
2 06877 064.1946 036.8021 7554574 246.9060 021.9095 01.99080847068123
1 06877U 73076  A 83099.14288394  .00027700 -46371-4 +10791-3 0  9992
2 06877 064.1601 035.9028 7556578 246.9041 021.9639 01.99304239068233
1 06877U 73076  A 83100.14620661  .00029731 -46384-4 +13448-3 0  9994
2 06877 064.1972 035.7583 7555501 246.9022 021.9315 01.99355083068258
1 06877U 73076  A 83101.65080861  .00027835 -46308-4 +11494-3 0  9991
2 06877 064.1944 035.4820 7555392 246.8973 021.9030 01.99410756068286
1 06877U 73076  A 83101.65082188  .00028917 -46306-4 +13236-3 0  9991
2 06877 064.2018 035.4661 7554933 246.9362 021.8905 01.99409281068286
1 06877U 73076  A 83102.15228387  .00028946 -46361-4 +12204-3 0  9997
2 06877 064.1799 035.4298 7555216 246.9066 021.8963 01.99429088068295
1 06877U 73076  A 83104.15758867  .00028987 -46349-4 +11148-3 0  9997
2 06877 064.1920 035.0963 7555082 246.9045 021.8840 01.99507430068331
1 06877U 73076  A 83104.15761250  .00029056 -46303-4 +11737-3 0  9999
2 06877 064.1816 035.0852 7554810 246.9052 021.9003 01.99508242068332
1 06877U 73076  A 83105.66106532  .00029201 -46247-4 +11467-3 0  9991
2 06877 064.1702 034.8468 7554484 246.8613 021.8931 01.99568319068368
1 06877U 73076  A 83105.66107525  .00029205 -46285-4 +11473-3 0  9997
2 06877 064.1701 034.8468 7554482 246.8613 021.9002 01.99568320068367
1 06877U 73076  A 83105.66107531  .00029208 -46302-4 +11477-3 0  9991
2 06877 064.1701 034.8467 7554480 246.8613 021.9003 01.99568320068365
1 06877U 73076  A 83111.66655091  .00061716 -46214-4 +16830-3 0  9997
2 06877 064.1559 033.8516 7553880 246.8641 021.9090 02.00048100068485
1 06877U 73076  A 83113.66541241  .00046598 -46201-4 +15165-3 0  9997
2 06877 064.1750 033.4455 7551363 246.8309 021.8676 02.00180520068528
1 06877U 73076  A 83114.66444045  .00046515 -46129-4 +19791-3 0  9999
2 06877 064.1564 033.3051 7549197 246.7573 021.9416 02.00252851068548
1 06877U 73076  A 83114.66452753  .00046473 -46187-4 +20239-3 0  9990
2 06877 064.1613 033.3012 7549066 246.7566 022.0032 02.00252580068542
1 06877U 73076  A 83115.66308709  .00046270 -46101-4 +21474-3 0  9995
2 06877 064.1600 033.1532 7548120 246.7072 022.0015 02.00324007068562
1 06877U 73076  A 83117.65917509  .00056894 -46083-4 +12966-3 0  9998
2 06877 064.1474 032.8137 7551024 246.8325 022.3206 02.00529084068609
1 06877U 73076  A 83118.15722626  .00057589 -46078-4 +13034-3 0  9991
2 06877 064.1485 032.7510 7550685 246.8291 021.9112 02.00577717068617
1 06877U 73076  A 83118.65572729  .00058240 -46023-4 +12956-3 0  9990
2 06877 064.1247 032.6707 7550405 246.8110 021.9165 02.00627674068627
1 06877U 73076  A 83121.64338247  .00086629 -45966-4 +17615-3 0  9992
2 06877 064.1536 032.1506 7547903 246.8268 021.9475 02.01053491068684
1 06877U 73076  A 83122.63779452  .00088217 -45976-4 +16037-3 0  9992
2 06877 064.1364 032.0274 7547405 246.8397 021.9906 02.01212998068705
1 06877U 73076  A 83123.13464230  .00088562 -45914-4 +16677-3 0  9998
2 06877 064.1264 031.9598 7546507 246.8136 021.9663 02.01292348068712
1 06877U 73076  A 83124.62421414  .00088690 -45902-4 +17140-3 0  9995
2 06877 064.1304 031.7090 7544401 246.8048 022.0193 02.01527223068741
1 06877U 73076  A 83126.60758080  .00089786 -45803-4 +17767-3 0  9999
2 06877 064.1263 031.3301 7541601 246.7928 022.1449 02.01850253068782
1 06877U 73076  A 83136.95244162  .00315014 -45293-4 +60857-3 0  9996
2 06877 064.0893 029.5771 7513238 246.7786 025.5735 02.05412923068997
1 06877U 73076  A 83143.70344696  .00274556 -44552-4 +36271-3 0  9995
2 06877 064.0834 028.4784 7482798 246.6539 022.8058 02.09524893069134
1 06877U 73076  A 83143.70344787  .00276836 -44627-4 +36346-3 0  9995
2 06877 064.0834 028.4784 7482849 246.6544 022.8049 02.09525010069139
1 06877U 73076  A 83143.70344816  .00348483 -44608-4 +38462-3 0  9996
2 06877 064.0954 028.4361 7484282 246.6827 022.7549 02.09530495069137
