0 COSMOS 1261 DEB
1 29202U 81031L   04045.04659117 +.00000626 +00000-0 +10000-3 0  9992
2 29202 066.4106 271.2050 6764830 156.5359 260.5420 02.00371144007654
0 COSMOS 1261 DEB
1 29202U 81031L   04045.04659117 +.00000626 +00000-0 +10000-3 0  9992
2 29202 066.4106 271.2050 6764830 156.5359 260.5420 02.00371144007654
0 COSMOS 1261 DEB
1 29202U 81031L   04045.04659117  .00000626  00000-0  10000-3 0  9992
2 29202  66.4106 271.2050 6764830 156.5359 260.5420  2.00371144  7654
0 COSMOS 1261 DEB
1 29202U 81031L   04045.04659117  .00000626  00000-0  10000-3 0  9992
2 29202  66.4106 271.2050 6764830 156.5359 260.5420  2.00371144  7654
0 COSMOS 1261 DEB
1 29202U 81031L   04045.04675875 +.00000626 +00000-0 +10000-3 0  9991
2 29202 066.4106 271.2050 6764830 156.5359 260.6630 02.00371146007661
0 COSMOS 1261 DEB
1 29202U 81031L   04045.04675875  .00000626  00000-0  10000-3 0  9991
2 29202 066.4106 271.2050 6764830 156.5359 260.6630 02.00371146  7661
0 COSMOS 1261 DEB
1 29202U 81031L   04045.04675875  .00000626  00000-0  10000-3 0  9991
2 29202 066.4106 271.2050 6764830 156.5359 260.6630 02.00371146  7661
0 COSMOS 1261 DEB
1 29202U 81031L   04045.04675875 +.00000626 +00000-0 +10000-3 0  9991
2 29202 066.4106 271.2050 6764830 156.5359 260.6630 02.00371146007661
0 COSMOS 1261 DEB
1 29202U 81031L   04045.04675875 +.00000626 +00000-0 +10000-3 0  9991
2 29202 066.4106 271.2050 6764830 156.5359 260.6630 02.00371146007661
0 COSMOS 1261 DEB
1 29202U 81031L   04045.04675875 +.00000626 +00000-0 +10000-3 0  9991
2 29202 066.4106 271.2050 6764830 156.5359 260.6630 02.00371146007661
0 TBA - TO BE ASSIGNED
1 29202U 81031L   04045.04675875 +.00000626 +00000-0 +10000-3 0  9991
2 29202 066.4106 271.2050 6764830 156.5359 260.6630 02.00371146007661
0 TBA - TO BE ASSIGNED
1 29202U 81031L   04045.04675875 +.00000626 +00000-0 +10000-3 0  9991
2 29202 066.4106 271.2050 6764830 156.5359 260.6630 02.00371146007661
0 COSMOS 1261 DEB
1 29202U 81031L   04045.04675875 +.00000626 +00000-0 +10000-3 0  9991
2 29202 066.4106 271.2050 6764830 156.5359 260.6630 02.00371146007661
0 COSMOS 1261 DEB
1 29202U 81031L   04045.04675875 +.00000626 +00000-0 +10000-3 0  9991
2 29202 066.4106 271.2050 6764830 156.5359 260.6630 02.00371146007661
0 COSMOS 1261 DEB
1 29202U 81031L   04045.04675875 +.00000626 +00000-0 +10000-3 0  9991
2 29202 066.4106 271.2050 6764830 156.5359 260.6630 02.00371146007661
0 COSMOS 1261 DEB
1 29202U 81031L   04045.04675875 +.00000626 +00000-0 +10000-3 0  9991
2 29202 066.4106 271.2050 6764830 156.5359 260.6630 02.00371146007661
0 COSMOS 1261 DEB
1 29202U 81031L   04045.04675875 +.00000626 +00000-0 +10000-3 0  9991
2 29202 066.4106 271.2050 6764830 156.5359 260.6630 02.00371146007661
0 COSMOS 1261 DEB
1 29202U 81031L   04045.04675875 +.00000626 +00000-0 +10000-3 0  9991
2 29202 066.4106 271.2050 6764830 156.5359 260.6630 02.00371146007661
0 COSMOS 1261 DEB
1 29202U 81031L   04045.04675875 +.00000626 +00000-0 +10000-3 0  9991
2 29202 066.4106 271.2050 6764830 156.5359 260.6630 02.00371146007661
0 COSMOS 1261 DEB
1 29202U 81031L   04045.04675875 +.00000626 +00000-0 +10000-3 0  9991
2 29202 066.4106 271.2050 6764830 156.5359 260.6630 02.00371146007661
0 COSMOS 1261 DEB
1 29202U 81031L   04045.04675875 +.00000626 +00000-0 +10000-3 0  9991
2 29202 066.4106 271.2050 6764830 156.5359 260.6630 02.00371146007661
0 COSMOS 1261 DEB
1 29202U 81031L   04045.04688067 +.00000626 +00000-0 +10000-3 0  9998
2 29202 066.4106 271.2050 6764830 156.5359 260.7508 02.00371145007665
0 COSMOS 1261 DEB
1 29202U 81031L   22279.30928724 -.00000227  00000-0  18900-2 0  9997
2 29202  63.4962  23.4345 7390398  38.6497 355.6305  2.00339594144083
0 COSMOS 1261 DEB
1 29202U 81031L   22280.30758335 -.00000231  00000-0  18715-2 0  9997
2 29202  63.4998  23.2896 7390555  38.6394 355.6181  2.00339365144103
0 COSMOS 1261 DEB
1 29202U 81031L   22280.30758335 -.00000231  00000-0  18715-2 0  9997
2 29202  63.4998  23.2896 7390555  38.6394 355.6181  2.00339365144103
0 COSMOS 1261 DEB
1 29202U 81031L   22281.30589234 -.00000243  00000-0  15502-2 0  9992
2 29202  63.4914  23.1357 7390700  38.6675 355.6078  2.00338896144121
0 COSMOS 1261 DEB
1 29202U 81031L   22282.30421773 -.00000218  00000-0  15022-2 0  9995
2 29202  63.4912  22.9877 7390890  38.6749 355.6121  2.00338708144148
0 COSMOS 1261 DEB
1 29202U 81031L   22283.30255240 -.00000171  00000-0  15395-2 0  9991
2 29202  63.4894  22.8387 7391048  38.6757 355.6243  2.00338673144165
0 COSMOS 1261 DEB
1 29202U 81031L   22284.30089371 -.00000107  00000-0  16450-2 0  9994
2 29202  63.4885  22.6901 7391234  38.6777 355.6425  2.00338804144184
0 COSMOS 1261 DEB
1 29202U 81031L   22284.30089371 -.00000107  00000-0  16450-2 0  9994
2 29202  63.4885  22.6901 7391234  38.6777 355.6425  2.00338804144184
0 COSMOS 1261 DEB
1 29202U 81031L   22286.29757999  .00000020  00000-0  17940-2 0  9990
2 29202  63.4877  22.3950 7391422  38.6676 355.6843  2.00339241144228
0 COSMOS 1261 DEB
1 29202U 81031L   22287.29591517  .00000087  00000-0  20149-2 0  9991
2 29202  63.4808  22.2412 7391663  38.6963 355.7020  2.00339826144249
0 COSMOS 1261 DEB
1 29202U 81031L   22288.29423568  .00000130  00000-0  20787-2 0  9999
2 29202  63.4777  22.0909 7391815  38.7025 355.7102  2.00340278144268
0 COSMOS 1261 DEB
1 29202U 81031L   22290.29086108  .00000178  00000-0  21414-2 0  9997
2 29202  63.4747  21.7919 7392104  38.7055 355.7201  2.00341306144305
0 COSMOS 1261 DEB
1 29202U 81031L   22290.29086108  .00000178  00000-0  21414-2 0  9997
2 29202  63.4747  21.7919 7392104  38.7055 355.7201  2.00341306144305
0 COSMOS 1261 DEB
1 29202U 81031L   22294.28402646  .00000239  00000-0  21546-2 0  9993
2 29202  63.4684  21.1946 7392840  38.7144 355.7032  2.00344029144380
0 COSMOS 1261 DEB
1 29202U 81031L   22295.78145407  .00000284  00000-0  21477-2 0  9991
2 29202  63.4685  20.9723 7393102  38.7165 355.7010  2.00345298144415
0 COSMOS 1261 DEB
1 29202U 81031L   22299.27549242  .00000441  00000-0  20972-2 0  9998
2 29202  63.4664  20.4522 7393802  38.7136 355.7543  2.00348744144486
0 COSMOS 1261 DEB
1 29202U 81031L   22299.27549242  .00000441  00000-0  20972-2 0  9998
2 29202  63.4664  20.4522 7393802  38.7136 355.7543  2.00348744144486
0 COSMOS 1261 DEB
1 29202U 81031L   22305.26505563  .00000553  00000-0  19113-2 0  9992
2 29202  63.4387  19.5362 7394211  38.5860 355.8044  2.00355936144608
0 COSMOS 1261 DEB
1 29202U 81031L   22306.26329027  .00000537  00000-0  18033-2 0  9994
2 29202  63.4426  19.3901 7394529  38.6475 355.7923  2.00357090144624
0 COSMOS 1261 DEB
1 29202U 81031L   22307.26151481  .00000532  00000-0  17776-2 0  9990
2 29202  63.4456  19.2445 7394745  38.6423 355.7957  2.00358573144648
0 COSMOS 1261 DEB
1 29202U 81031L   22308.25972610  .00000541  00000-0  17727-2 0  9991
2 29202  63.4414  19.0925 7394933  38.6368 355.7977  2.00360182144663
0 COSMOS 1261 DEB
1 29202U 81031L   22308.25972610  .00000541  00000-0  17727-2 0  9991
2 29202  63.4414  19.0925 7394933  38.6368 355.7977  2.00360182144663
0 COSMOS 1261 DEB
1 29202U 81031L   22309.25793663  .00000566  00000-0  17813-2 0  9994
2 29202  63.4433  18.9456 7395115  38.6344 355.8039  2.00361872144687
0 COSMOS 1261 DEB
1 29202U 81031L   22310.25615065  .00000610  00000-0  18267-2 0  9999
2 29202  63.4449  18.7955 7395197  38.6530 355.8187  2.00363721144705
0 COSMOS 1261 DEB
1 29202U 81031L   22310.25615065  .00000610  00000-0  18267-2 0  9999
2 29202  63.4449  18.7955 7395197  38.6530 355.8187  2.00363721144705
0 COSMOS 1261 DEB
1 29202U 81031L   22311.25435954  .00000663  00000-0  18556-2 0  9996
2 29202  63.4440  18.6422 7395196  38.6729 355.8369  2.00365603144728
0 COSMOS 1261 DEB
1 29202U 81031L   22312.25256230  .00000729  00000-0  19875-2 0  9993
2 29202  63.4385  18.4775 7394900  38.7007 355.8638  2.00367847144740
0 COSMOS 1261 DEB
1 29202U 81031L   22313.25074236  .00000805  00000-0  22958-2 0  9999
2 29202  63.4186  18.2770 7393522  38.8309 355.8810  2.00370619144762
0 COSMOS 1261 DEB
1 29202U 81031L   22314.24888500  .00000870  00000-0  25516-2 0  9991
2 29202  63.4050  18.0872 7392829  38.9279 355.8810  2.00373354144780
0 COSMOS 1261 DEB
1 29202U 81031L   22315.24701596  .00000940  00000-0  30534-2 0  9995
2 29202  63.3801  17.8535 7391064  39.1698 355.8757  2.00376747144806
0 COSMOS 1261 DEB
1 29202U 81031L   22316.24510247  .00000966  00000-0  31041-2 0  9999
2 29202  63.3731  17.6876 7391051  39.2010 355.8522  2.00379130144820
0 COSMOS 1261 DEB
1 29202U 81031L   22317.24321025  .00000985  00000-0  31893-2 0  9990
2 29202  63.3702  17.5379 7391414  39.1914 355.8586  2.00381698144844
0 COSMOS 1261 DEB
1 29202U 81031L   22318.24129900  .00001000  00000-0  32736-2 0  9995
2 29202  63.3735  17.3992 7391952  39.1622 355.8601  2.00384276144867
0 COSMOS 1261 DEB
1 29202U 81031L   22319.23937511  .00001015  00000-0  33757-2 0  9990
2 29202  63.3766  17.2623 7392499  39.1374 355.8624  2.00386999144883
0 COSMOS 1261 DEB
1 29202U 81031L   22320.23743427  .00001028  00000-0  33813-2 0  9990
2 29202  63.3759  17.1188 7393541  39.0479 355.8652  2.00389550144904
0 COSMOS 1261 DEB
1 29202U 81031L   22323.23157409  .00001117  00000-0  36088-2 0  9998
2 29202  63.4024  16.7694 7395817  38.8404 355.8987  2.00397923144960
0 COSMOS 1261 DEB
1 29202U 81031L   22325.22763130  .00001198  00000-0  36788-2 0  9999
2 29202  63.3881  16.4400 7395773  38.9053 355.9228  2.00403403145000
0 COSMOS 1261 DEB
1 29202U 81031L   22326.22564273  .00001216  00000-0  33657-2 0  9990
2 29202  63.3986  16.3203 7396551  38.8518 355.9336  2.00405638145020
0 COSMOS 1261 DEB
1 29202U 81031L   22327.22366965  .00001253  00000-0  32879-2 0  9995
2 29202  63.4077  16.1972 7397349  38.7902 355.9745  2.00408361145047
0 COSMOS 1261 DEB
1 29202U 81031L   22328.22166604  .00001255  00000-0  29391-2 0  9991
2 29202  63.3937  16.0229 7397345  38.7729 355.9908  2.00410387145062
0 COSMOS 1261 DEB
1 29202U 81031L   22329.21965064  .00001265  00000-0  27972-2 0  9992
2 29202  63.3912  15.8725 7397340  38.7871 356.0081  2.00412825145081
0 COSMOS 1261 DEB
1 29202U 81031L   22330.21760288  .00001145  00000-0  13706-2 0  9992
2 29202  63.4137  15.7638 7398044  38.7204 356.0102  2.00413988145103
0 COSMOS 1261 DEB
1 29202U 81031L   22331.21555531  .00001260  00000-0  26833-2 0  9999
2 29202  63.3873  15.5692 7397388  38.8286 356.0274  2.00418159145125
0 COSMOS 1261 DEB
1 29202U 81031L   22332.21342655  .00001245  00000-0  26613-2 0  9990
2 29202  63.3853  15.4158 7397719  38.8244 355.9983  2.00421019145147
0 COSMOS 1261 DEB
1 29202U 81031L   22333.21130686  .00001229  00000-0  26729-2 0  9990
2 29202  63.3836  15.2641 7397908  38.8315 355.9857  2.00423968145169
0 COSMOS 1261 DEB
1 29202U 81031L   22334.20918147  .00001289  00000-0  33910-2 0  9992
2 29202  63.3895  15.1110 7399085  38.6665 355.9950  2.00427394145181
0 COSMOS 1261 DEB
1 29202U 81031L   22335.20704037  .00001211  00000-0  26416-2 0  9992
2 29202  63.3835  14.9690 7398451  38.8319 355.9711  2.00429830145204
0 COSMOS 1261 DEB
1 29202U 81031L   22335.20704041  .00001288  00000-0  33967-2 0  9990
2 29202  63.3882  14.9592 7399270  38.6682 355.9887  2.00430490145194
0 COSMOS 1261 DEB
1 29202U 81031L   22337.20274432  .00001336  00000-0  34587-2 0  9991
2 29202  63.3864  14.6563 7399679  38.6713 355.9993  2.00436670 32196
0 COSMOS 1261 DEB
1 29202U 81031L   22338.20058652  .00001375  00000-0  34437-2 0  9993
2 29202  63.3858  14.5051 7399909  38.6726 356.0146  2.00439784 32214
0 COSMOS 1261 DEB
1 29202U 81031L   22338.20058652  .00001375  00000-0  34437-2 0  9993
2 29202  63.3858  14.5051 7399909  38.6726 356.0146  2.00439784145253
0 COSMOS 1261 DEB
1 29202U 81031L   22339.19841572  .00001447  00000-0  37135-2 0  9991
2 29202  63.3854  14.3542 7400150  38.6737 356.0330  2.00443187 32235
0 COSMOS 1261 DEB
1 29202U 81031L   22340.19622970  .00001473  00000-0  35262-2 0  9990
2 29202  63.3848  14.2032 7400378  38.6748 356.0514  2.00446366 32253
0 COSMOS 1261 DEB
1 29202U 81031L   22341.19402183  .00001519  00000-0  36244-2 0  9995
2 29202  63.3840  14.0520 7400596  38.6771 356.0667  2.00449796 32274
0 COSMOS 1261 DEB
1 29202U 81031L   22341.19402183  .00001519  00000-0  36244-2 0  9995
2 29202  63.3840  14.0520 7400596  38.6771 356.0667  2.00449796145325
0 COSMOS 1261 DEB
1 29202U 81031L   22342.19179132  .00001538  00000-0  35585-2 0  9999
2 29202  63.3833  13.9008 7400803  38.6784 356.0773  2.00453125 32291
0 COSMOS 1261 DEB
1 29202U 81031L   22344.18725812  .00001529  00000-0  32961-2 0  9997
2 29202  63.3822  13.5988 7401237  38.6805 356.0813  2.00459634 32339
0 COSMOS 1261 DEB
1 29202U 81031L   22344.18725812  .00001529  00000-0  32961-2 0  9997
2 29202  63.3822  13.5988 7401237  38.6805 356.0813  2.00459634145378
0 COSMOS 1261 DEB
1 29202U 81031L   22345.18495624  .00001528  00000-0  33079-2 0  9993
2 29202  63.3814  13.4476 7401462  38.6820 356.0755  2.00462966 32357
0 COSMOS 1261 DEB
1 29202U 81031L   22347.18029060  .00001498  00000-0  30670-2 0  9992
2 29202  63.3793  13.1448 7401958  38.6856 356.0561  2.00469625 32396
0 COSMOS 1261 DEB
1 29202U 81031L   22347.18029060  .00001498  00000-0  30670-2 0  9992
2 29202  63.3793  13.1448 7401958  38.6856 356.0561  2.00469625145436
0 COSMOS 1261 DEB
1 29202U 81031L   22350.17318028  .00001469  00000-0  24158-2 0  9992
2 29202  63.3777  12.6907 7402674  38.7032 356.0360  2.00479654145491
0 COSMOS 1261 DEB
1 29202U 81031L   22350.17318028  .00001469  00000-0  24158-2 0  9992
2 29202  63.3777  12.6907 7402674  38.7032 356.0360  2.00479654145491
0 COSMOS 1261 DEB
1 29202U 81031L   22351.17079168  .00001466  00000-0  21299-2 0  9992
2 29202  63.3765  12.5393 7402931  38.7033 356.0395  2.00482874 32472
0 COSMOS 1261 DEB
1 29202U 81031L   22352.16839479  .00001520  00000-0  23414-2 0  9993
2 29202  63.3738  12.3857 7403145  38.7085 356.0476  2.00486283 32490
0 COSMOS 1261 DEB
1 29202U 81031L   22353.16598661  .00001604  00000-0  28088-2 0  9994
2 29202  63.3722  12.2334 7403395  38.7107 356.0601  2.00489835 32513
0 COSMOS 1261 DEB
1 29202U 81031L   22353.16598661  .00001604  00000-0  28088-2 0  9994
2 29202  63.3722  12.2334 7403395  38.7107 356.0601  2.00489835145552
0 COSMOS 1261 DEB
1 29202U 81031L   22354.16356353  .00001671  00000-0  31286-2 0  9993
2 29202  63.3705  12.0811 7403672  38.7136 356.0739  2.00493298 32534
0 COSMOS 1261 DEB
1 29202U 81031L   22355.16112077  .00001704  00000-0  31689-2 0  9991
2 29202  63.3690  11.9290 7403977  38.7151 356.0858  2.00496620 32557
0 COSMOS 1261 DEB
1 29202U 81031L   22356.15865252  .00001742  00000-0  33559-2 0  9991
2 29202  63.3676  11.7767 7404294  38.7190 356.0919  2.00500093 32574
0 COSMOS 1261 DEB
1 29202U 81031L   22356.15865252  .00001742  00000-0  33559-2 0  9991
2 29202  63.3676  11.7767 7404294  38.7190 356.0919  2.00500093145614
0 COSMOS 1261 DEB
1 29202U 81031L   22357.15615588  .00001749  00000-0  33641-2 0  9996
2 29202  63.3658  11.6242 7404631  38.7224 356.0901  2.00503533 32599
0 COSMOS 1261 DEB
1 29202U 81031L   22358.15362961  .00001747  00000-0  34174-2 0  9991
2 29202  63.3643  11.4719 7404958  38.7270 356.0795  2.00507086 32614
0 COSMOS 1261 DEB
1 29202U 81031L   22359.15107587  .00001719  00000-0  33216-2 0  9998
2 29202  63.3626  11.3196 7405274  38.7294 356.0621  2.00510635 32635
0 COSMOS 1261 DEB
1 29202U 81031L   22359.15107587  .00001719  00000-0  33216-2 0  9998
2 29202  63.3626  11.3196 7405274  38.7294 356.0621  2.00510635145674
0 COSMOS 1261 DEB
1 29202U 81031L   22360.14849920  .00001701  00000-0  33706-2 0  9998
2 29202  63.3613  11.1677 7405575  38.7323 356.0410  2.00514330 32654
0 COSMOS 1261 DEB
1 29202U 81031L   22361.14590423  .00001701  00000-0  35517-2 0  9992
2 29202  63.3600  11.0158 7405856  38.7351 356.0205  2.00518179 32675
0 COSMOS 1261 DEB
1 29202U 81031L   22362.14329795  .00001667  00000-0  33481-2 0  9994
2 29202  63.3587  10.8636 7406114  38.7391 356.0046  2.00521763 32697
0 COSMOS 1261 DEB
1 29202U 81031L   22362.14329795  .00001667  00000-0  33481-2 0  9994
2 29202  63.3587  10.8636 7406114  38.7391 356.0046  2.00521763145737
0 COSMOS 1261 DEB
1 29202U 81031L   22364.13806134  .00001746  00000-0  38487-2 0  9991
2 29202  63.3568  10.5601 7406666  38.7444 355.9956  2.00529406 32731
0 COSMOS 1261 DEB
1 29202U 81031L   22365.13542799  .00001819  00000-0  42151-2 0  9990
2 29202  63.3567  10.4090 7406992  38.7477 356.0014  2.00533383 32757
0 COSMOS 1261 DEB
1 29202U 81031L   22365.13542799  .00001819  00000-0  42151-2 0  9990
2 29202  63.3567  10.4090 7406992  38.7477 356.0014  2.00533383145796
0 COSMOS 1261 DEB
1 29202U 81031L   23001.13277988  .00001862  00000-0  42505-2 0  9994
2 29202  63.3559  10.2576 7407298  38.7496 356.0111  2.00537254 32777
0 COSMOS 1261 DEB
1 29202U 81031L   23002.13011294  .00001905  00000-0  42967-2 0  9991
2 29202  63.3551  10.1063 7407573  38.7528 356.0209  2.00541200 32797
0 COSMOS 1261 DEB
1 29202U 81031L   23003.12742347  .00001934  00000-0  42962-2 0  9998
2 29202  63.3608   9.9711 7407762  38.7526 356.0285  2.00545184 32816
0 COSMOS 1261 DEB
1 29202U 81031L   23003.12742347  .00001934  00000-0  42962-2 0  9998
2 29202  63.3608   9.9711 7407762  38.7526 356.0285  2.00545184145855
0 COSMOS 1261 DEB
1 29202U 81031L   23004.12470583  .00001939  00000-0  41558-2 0  9994
2 29202  63.3538   9.8038 7408125  38.7604 356.0308  2.00549124 32836
0 COSMOS 1261 DEB
1 29202U 81031L   23004.12470583  .00001939  00000-0  41558-2 0  9994
2 29202  63.3538   9.8038 7408125  38.7604 356.0308  2.00549124145875
0 COSMOS 1261 DEB
1 29202U 81031L   23005.12196102  .00001928  00000-0  39984-2 0  9995
2 29202  63.3527   9.6523 7408368  38.7639 356.0278  2.00553054 32853
0 COSMOS 1261 DEB
1 29202U 81031L   23006.11918842  .00001943  00000-0  41501-2 0  9993
2 29202  63.3516   9.5009 7408591  38.7674 356.0192  2.00557164 32879
0 COSMOS 1261 DEB
1 29202U 81031L   23007.11638839  .00001960  00000-0  44823-2 0  9998
2 29202  63.3681   9.4225 7407727  38.8138 355.9984  2.00561297 32898
0 COSMOS 1261 DEB
1 29202U 81031L   23007.11638839  .00001960  00000-0  44823-2 0  9998
2 29202  63.3681   9.4225 7407727  38.8138 355.9984  2.00561297145938
0 COSMOS 1261 DEB
1 29202U 81031L   23010.10785780  .00001961  00000-0  46437-2 0  9993
2 29202  63.3653   8.9658 7408660  38.8172 355.9483  2.00573594 32950
0 COSMOS 1261 DEB
1 29202U 81031L   23010.10785780  .00001961  00000-0  46437-2 0  9993
2 29202  63.3653   8.9658 7408660  38.8172 355.9483  2.00573594145999
0 COSMOS 1261 DEB
1 29202U 81031L   23011.10497567  .00001975  00000-0  47026-2 0  9997
2 29202  63.3633   8.8117 7408946  38.8181 355.9345  2.00577847 32978
0 COSMOS 1261 DEB
1 29202U 81031L   23012.10208106  .00001955  00000-0  42918-2 0  9990
2 29202  63.3453   8.5864 7410417  38.7629 355.9342  2.00582000 32992
0 COSMOS 1261 DEB
1 29202U 81031L   23012.10208106  .00001955  00000-0  42918-2 0  9990
2 29202  63.3453   8.5864 7410417  38.7629 355.9342  2.00582000146033
0 COSMOS 1261 DEB
1 29202U 81031L   23013.09917125  .00001949  00000-0  40635-2 0  9994
2 29202  63.3435   8.4335 7410781  38.7643 355.9303  2.00586125 33017
0 COSMOS 1261 DEB
1 29202U 81031L   23014.09624725  .00002022  00000-0  44228-2 0  9991
2 29202  63.3416   8.2813 7411103  38.7683 355.9314  2.00590493 33035
0 COSMOS 1261 DEB
1 29202U 81031L   23016.09034962  .00002426  00000-0  70644-2 0  9990
2 29202  63.3379   7.9793 7411879  38.7712 355.9447  2.00600101 33078
0 COSMOS 1261 DEB
1 29202U 81031L   23016.09034962  .00002426  00000-0  70644-2 0  9990
2 29202  63.3379   7.9793 7411879  38.7712 355.9447  2.00600101146118
0 COSMOS 1261 DEB
1 29202U 81031L   23017.08736591  .00002416  00000-0  67652-2 0  9991
2 29202  63.3359   7.8262 7412279  38.7757 355.9508  2.00604337 33095
0 COSMOS 1261 DEB
1 29202U 81031L   23018.08435153  .00002507  00000-0  73288-2 0  9995
2 29202  63.3330   7.6729 7412576  38.7844 355.9514  2.00609202 33113
0 COSMOS 1261 DEB
1 29202U 81031L   23018.08435153  .00002507  00000-0  73288-2 0  9995
2 29202  63.3330   7.6729 7412576  38.7844 355.9514  2.00609202146152
0 COSMOS 1261 DEB
1 29202U 81031L   23019.08130147  .00002733  00000-0  89821-2 0  9992
2 29202  63.3306   7.5188 7412863  38.7904 355.9452  2.00614680 33139
0 COSMOS 1261 DEB
1 29202U 81031L   23019.08130147  .00002733  00000-0  89821-2 0  9992
2 29202  63.3306   7.5188 7412863  38.7904 355.9452  2.00614680146178
0 COSMOS 1261 DEB
1 29202U 81031L   23022.07193438  .00002261  00000-0  58334-2 0  9998
2 29202  63.3213   7.0507 7413739  38.8070 355.8836  2.00629655146233
0 COSMOS 1261 DEB
1 29202U 81031L   23023.06875708  .00002138  00000-0  51572-2 0  9995
2 29202  63.3289   6.9324 7413640  38.8282 355.8554  2.00634249146251
0 COSMOS 1261 DEB
1 29202U 81031L   23025.06236082  .00002332  00000-0  67031-2 0  9996
2 29202  63.3242   6.6247 7414390  38.8390 355.8201  2.00643423 33252
0 COSMOS 1261 DEB
1 29202U 81031L   23026.05914398  .00002433  00000-0  73431-2 0  9992
2 29202  63.3231   6.4772 7414658  38.8451 355.8137  2.00648199 33271
0 COSMOS 1261 DEB
1 29202U 81031L   23026.05914398  .00002433  00000-0  73431-2 0  9992
2 29202  63.3231   6.4772 7414658  38.8451 355.8137  2.00648199146311
0 COSMOS 1261 DEB
1 29202U 81031L   23027.05591166  .00002473  00000-0  74989-2 0  9990
2 29202  63.3254   6.3430 7414637  38.8657 355.8120  2.00653040 33296
0 COSMOS 1261 DEB
1 29202U 81031L   23027.05591166  .00002473  00000-0  74989-2 0  9990
2 29202  63.3254   6.3430 7414637  38.8657 355.8120  2.00653040146336
0 COSMOS 1261 DEB
1 29202U 81031L   23028.05266110  .00002425  00000-0  69270-2 0  9993
2 29202  63.3252   6.1925 7414869  38.8655 355.8178  2.00657864 33310
0 COSMOS 1261 DEB
1 29202U 81031L   23029.04938741  .00002287  00000-0  57116-2 0  9991
2 29202  63.3232   6.0339 7415159  38.8708 355.8244  2.00662425 33333
0 COSMOS 1261 DEB
1 29202U 81031L   23029.04938741  .00002287  00000-0  57116-2 0  9991
2 29202  63.3232   6.0339 7415159  38.8708 355.8244  2.00662425146372
0 COSMOS 1261 DEB
1 29202U 81031L   23030.04608789  .00002182  00000-0  48237-2 0  9997
2 29202  63.3264   5.8985 7415122  38.8947 355.8263  2.00666867 33354
0 COSMOS 1261 DEB
1 29202U 81031L   23030.04608789  .00002182  00000-0  48237-2 0  9997
2 29202  63.3264   5.8985 7415122  38.8947 355.8263  2.00666867146393
0 COSMOS 1261 DEB
1 29202U 81031L   23031.04276272  .00002099  00000-0  41455-2 0  9998
2 29202  63.3248   5.7482 7415304  38.9021 355.8266  2.00671052 33370
0 COSMOS 1261 DEB
1 29202U 81031L   23033.03602826  .00002145  00000-0  45088-2 0  9995
2 29202  63.3227   5.4443 7415813  38.9188 355.8116  2.00679644 33414
0 COSMOS 1261 DEB
1 29202U 81031L   23033.03602826  .00002145  00000-0  45088-2 0  9995
2 29202  63.3227   5.4443 7415813  38.9188 355.8116  2.00679644146453
0 COSMOS 1261 DEB
1 29202U 81031L   23036.02572506  .00002174  00000-0  50562-2 0  9993
2 29202  63.3195   4.9938 7416507  38.9331 355.7621  2.00693068 33474
0 COSMOS 1261 DEB
1 29202U 81031L   23036.02572506  .00002174  00000-0  50562-2 0  9993
2 29202  63.3195   4.9938 7416507  38.9331 355.7621  2.00693068146514
0 COSMOS 1261 DEB
1 29202U 81031L   23037.02224539  .00002172  00000-0  49927-2 0  9995
2 29202  63.3015   4.7743 7417655  38.8978 355.7513  2.00697664 33496
0 COSMOS 1261 DEB
1 29202U 81031L   23037.02224539  .00002172  00000-0  49927-2 0  9995
2 29202  63.3015   4.7743 7417655  38.8978 355.7513  2.00697664146536
0 COSMOS 1261 DEB
1 29202U 81031L   23038.01874470  .00002312  00000-0  59218-2 0  9990
2 29202  63.2963   4.6192 7417906  38.8908 355.7384  2.00702720 33515
0 COSMOS 1261 DEB
1 29202U 81031L   23038.01874470  .00002312  00000-0  59218-2 0  9990
2 29202  63.2963   4.6192 7417906  38.8908 355.7384  2.00702720146554
0 COSMOS 1261 DEB
1 29202U 81031L   23040.01168544  .00002626  00000-0  77889-2 0  9993
2 29202  63.2921   4.3151 7418512  38.8942 355.7250  2.00713582 33557
0 COSMOS 1261 DEB
1 29202U 81031L   23040.01168544  .00002626  00000-0  77889-2 0  9993
2 29202  63.2921   4.3151 7418512  38.8942 355.7250  2.00713582146596
0 COSMOS 1261 DEB
1 29202U 81031L   23041.00812587  .00002802  00000-0  87589-2 0  9990
2 29202  63.2899   4.1624 7418821  38.8977 355.7264  2.00719358 33579
0 COSMOS 1261 DEB
1 29202U 81031L   23041.00812587  .00002802  00000-0  87589-2 0  9990
2 29202  63.2899   4.1624 7418821  38.8977 355.7264  2.00719358146619
0 COSMOS 1261 DEB
1 29202U 81031L   23043.99729197  .00003119  00000-0  10205-1 0  9996
2 29202  63.2837   3.7017 7419879  38.9177 355.7482  2.00737856 33631
0 COSMOS 1261 DEB
1 29202U 81031L   23043.99729197  .00003119  00000-0  10205-1 0  9996
2 29202  63.2837   3.7017 7419879  38.9177 355.7482  2.00737856146670
0 COSMOS 1261 DEB
1 29202U 81031L   23045.98989086  .00003387  00000-0  11744-1 0  9998
2 29202  63.2772   3.3932 7420357  38.9251 355.7508  2.00751347 33671
0 COSMOS 1261 DEB
1 29202U 81031L   23046.98612476  .00003799  00000-0  14436-1 0  9993
2 29202  63.2849   3.2788 7420228  38.9315 355.7402  2.00758903 33692
0 COSMOS 1261 DEB
1 29202U 81031L   23046.98612476  .00003799  00000-0  14436-1 0  9993
2 29202  63.2849   3.2788 7420228  38.9315 355.7402  2.00758903146732
0 COSMOS 1261 DEB
1 29202U 81031L   23047.98231056  .00003450  00000-0  12396-1 0  9992
2 29202  63.2794   3.1185 7420467  38.9375 355.7234  2.00766008 33713
0 COSMOS 1261 DEB
1 29202U 81031L   23048.97845774  .00002824  00000-0  87558-2 0  9997
2 29202  63.2771   2.9635 7420655  38.9431 355.7020  2.00771988 33735
0 COSMOS 1261 DEB
1 29202U 81031L   23048.97845774  .00002824  00000-0  87558-2 0  9997
2 29202  63.2771   2.9635 7420655  38.9431 355.7020  2.00771988146774
0 COSMOS 1261 DEB
1 29202U 81031L   23049.97457664  .00002483  00000-0  68358-2 0  9993
2 29202  63.2741   2.8063 7421202  38.9358 355.6823  2.00777591 33751
0 COSMOS 1261 DEB
1 29202U 81031L   23049.97457664  .00002483  00000-0  68358-2 0  9993
2 29202  63.2741   2.8063 7421202  38.9358 355.6823  2.00777591146790
0 COSMOS 1261 DEB
1 29202U 81031L   23050.97067217  .00002348  00000-0  61694-2 0  9992
2 29202  63.2705   2.6445 7421592  38.9414 355.6641  2.00782940 33772
0 COSMOS 1261 DEB
1 29202U 81031L   23051.96674930  .00002523  00000-0  72942-2 0  9991
2 29202  63.2668   2.4841 7421846  38.9627 355.6505  2.00788527 33794
0 COSMOS 1261 DEB
1 29202U 81031L   23051.96674930  .00002523  00000-0  72942-2 0  9991
2 29202  63.2668   2.4841 7421846  38.9627 355.6505  2.00788527146834
0 COSMOS 1261 DEB
1 29202U 81031L   23052.96280922  .00003011  00000-0  10144-1 0  9994
2 29202  63.2636   2.3282 7422151  38.9713 355.6467  2.00794993 33817
0 COSMOS 1261 DEB
1 29202U 81031L   23053.95884735  .00003197  00000-0  11093-1 0  9995
2 29202  63.2539   2.1580 7422530  38.9676 355.6521  2.00801518 33832
0 COSMOS 1261 DEB
1 29202U 81031L   23053.95884735  .00003197  00000-0  11093-1 0  9995
2 29202  63.2539   2.1580 7422530  38.9676 355.6521  2.00801518146871
0 COSMOS 1261 DEB
1 29202U 81031L   23054.45685741  .00003291  00000-0  11566-1 0  9997
2 29202  63.2516   2.0801 7422660  38.9643 355.6569  2.00804805 33845
0 COSMOS 1261 DEB
1 29202U 81031L   23054.95486033  .00003340  00000-0  11779-1 0  9996
2 29202  63.2504   2.0030 7422765  38.9668 355.6620  2.00808184 33852
0 COSMOS 1261 DEB
1 29202U 81031L   23056.44881940  .00003119  00000-0  10305-1 0  9996
2 29202  63.2474   1.7719 7423108  38.9729 355.6791  2.00817964 33886
0 COSMOS 1261 DEB
1 29202U 81031L   23056.44881940  .00003119  00000-0  10305-1 0  9996
2 29202  63.2474   1.7719 7423108  38.9729 355.6791  2.00817964146926
0 COSMOS 1261 DEB
1 29202U 81031L   23056.94678780  .00003390  00000-0  11794-1 0  9991
2 29202  63.2463   1.6948 7423199  38.9749 355.6840  2.00821665 33898
0 COSMOS 1261 DEB
1 29202U 81031L   23057.94269647  .00003318  00000-0  11325-1 0  9990
2 29202  63.2446   1.5409 7423423  38.9786 355.6910  2.00828311 33917
0 COSMOS 1261 DEB
1 29202U 81031L   23059.43647141  .00003850  00000-0  14318-1 0  9991
2 29202  63.2425   1.3102 7423758  38.9841 355.6924  2.00841034 33940
0 COSMOS 1261 DEB
1 29202U 81031L   23059.43647141  .00003850  00000-0  14318-1 0  9991
2 29202  63.2425   1.3102 7423758  38.9841 355.6924  2.00841034146989
0 COSMOS 1261 DEB
1 29202U 81031L   23059.93437385  .00003328  00000-0  11458-1 0  9995
2 29202  63.2412   1.2332 7423873  38.9863 355.6903  2.00844334 33956
0 COSMOS 1261 DEB
1 29202U 81031L   23060.93014630  .00003376  00000-0  11843-1 0  9992
2 29202  63.2398   1.0789 7424079  38.9902 355.6830  2.00851812 33976
0 COSMOS 1261 DEB
1 29202U 81031L   23062.42372817  .00004023  00000-0  15598-1 0  9993
2 29202  63.2364   0.8473 7424345  38.9963 355.6672  2.00864036147049
0 COSMOS 1261 DEB
1 29202U 81031L   23063.41939722  .00004303  00000-0  17231-1 0  9994
2 29202  63.2330   0.6903 7424495  39.0010 355.6560  2.00872772 34024
0 COSMOS 1261 DEB
1 29202U 81031L   23064.91282251  .00004531  00000-0  18531-1 0  9995
2 29202  63.2249   0.4489 7424760  39.0081 355.6434  2.00886507 34057
0 COSMOS 1261 DEB
1 29202U 81031L   23064.91282251  .00004531  00000-0  18531-1 0  9995
2 29202  63.2249   0.4489 7424760  39.0081 355.6434  2.00886507147096
0 COSMOS 1261 DEB
1 29202U 81031L   23065.41061146  .00004408  00000-0  17865-1 0  9991
2 29202  63.2264   0.3774 7424853  39.0081 355.6415  2.00890946 34065
0 COSMOS 1261 DEB
1 29202U 81031L   23065.41061146  .00004408  00000-0  17865-1 0  9991
2 29202  63.2264   0.3774 7424853  39.0081 355.6415  2.00890946147105
0 COSMOS 1261 DEB
1 29202U 81031L   23068.89484678  .00005315  00000-0  22281-1 0  9991
2 29202  63.2142 359.8293 7425687  39.0226 355.6627  2.00925986 34131
0 COSMOS 1261 DEB
1 29202U 81031L   23068.89484678  .00005315  00000-0  22281-1 0  9991
2 29202  63.2142 359.8293 7425687  39.0226 355.6627  2.00925986147170
0 COSMOS 1261 DEB
1 29202U 81031L   23069.89024004  .00005162  00000-0  21322-1 0  9990
2 29202  63.2116 359.6748 7425980  39.0273 355.6781  2.00936449 34152
0 COSMOS 1261 DEB
1 29202U 81031L   23070.88558230  .00004784  00000-0  19311-1 0  9998
2 29202  63.2099 359.5269 7426153  39.0306 355.6936  2.00946367 34173
0 COSMOS 1261 DEB
1 29202U 81031L   23071.38323255  .00005283  00000-0  21875-1 0  9994
2 29202  63.2079 359.4480 7426186  39.0348 355.7000  2.00951896 34184
0 COSMOS 1261 DEB
1 29202U 81031L   23071.38323255  .00005283  00000-0  21875-1 0  9994
2 29202  63.2079 359.4480 7426186  39.0348 355.7000  2.00951896147224
0 COSMOS 1261 DEB
1 29202U 81031L   23071.88087051  .00004819  00000-0  19486-1 0  9999
2 29202  63.2055 359.3695 7426309  39.0362 355.7060  2.00956354 34199
0 COSMOS 1261 DEB
1 29202U 81031L   23072.37849309  .00004498  00000-0  17882-1 0  9997
2 29202  63.2034 359.2908 7426367  39.0383 355.7104  2.00961072 34203
0 COSMOS 1261 DEB
1 29202U 81031L   23074.86639116  .00004389  00000-0  17732-1 0  9999
2 29202  63.1941 358.8977 7426663  39.0513 355.7055  2.00985365 34255
0 COSMOS 1261 DEB
1 29202U 81031L   23074.86639116  .00004389  00000-0  17732-1 0  9999
2 29202  63.1941 358.8977 7426663  39.0513 355.7055  2.00985365147294
0 COSMOS 1261 DEB
1 29202U 81031L   23075.36392708  .00004598  00000-0  18884-1 0  9999
2 29202  63.1925 358.8195 7426748  39.0521 355.7000  2.00990770 34269
0 COSMOS 1261 DEB
1 29202U 81031L   23075.86145276  .00003870  00000-0  15345-1 0  9991
2 29202  63.1889 358.7348 7426907  39.0536 355.6937  2.00994321 34275
0 COSMOS 1261 DEB
1 29202U 81031L   23075.86145276  .00003870  00000-0  15345-1 0  9991
2 29202  63.1889 358.7348 7426907  39.0536 355.6937  2.00994321147315
0 COSMOS 1261 DEB
1 29202U 81031L   23077.85145374  .00003400  00000-0  13512-1 0  9994
2 29202  63.1837 358.4226 7427337  39.0640 355.6683  2.01010358 34317
0 COSMOS 1261 DEB
1 29202U 81031L   23078.84640546  .00003559  00000-0  14477-1 0  9991
2 29202  63.1830 358.2675 7427575  39.0695 355.6626  2.01018345 34333
0 COSMOS 1261 DEB
1 29202U 81031L   23078.84640546  .00003559  00000-0  14477-1 0  9991
2 29202  63.1830 358.2675 7427575  39.0695 355.6626  2.01018345147372
0 COSMOS 1261 DEB
1 29202U 81031L   23079.84132549  .00004081  00000-0  17178-1 0  9993
2 29202  63.1902 358.1316 7427674  39.0730 355.6646  2.01027481 34359
0 COSMOS 1261 DEB
1 29202U 81031L   23079.84132549  .00004081  00000-0  17178-1 0  9993
2 29202  63.1902 358.1316 7427674  39.0730 355.6646  2.01027481147398
0 COSMOS 1261 DEB
1 29202U 81031L   23081.83106134  .00004191  00000-0  17772-1 0  9998
2 29202  63.1848 357.8182 7428079  39.0772 355.6905  2.01045454 34393
0 COSMOS 1261 DEB
1 29202U 81031L   23081.83106134  .00004191  00000-0  17772-1 0  9998
2 29202  63.1848 357.8182 7428079  39.0772 355.6905  2.01045454147433
0 COSMOS 1261 DEB
1 29202U 81031L   23082.82586782  .00005476  00000-0  23724-1 0  9990
2 29202  63.1820 357.6615 7428501  39.0431 355.7142  2.01056201 34413
0 COSMOS 1261 DEB
1 29202U 81031L   23082.82586782  .00005476  00000-0  23724-1 0  9990
2 29202  63.1820 357.6615 7428501  39.0431 355.7142  2.01056201147452
0 COSMOS 1261 DEB
1 29202U 81031L   23083.82061136  .00004919  00000-0  21184-1 0  9991
2 29202  63.1791 357.4995 7428519  39.0646 355.7295  2.01067805 34439
0 COSMOS 1261 DEB
1 29202U 81031L   23083.82061136  .00004919  00000-0  21184-1 0  9991
2 29202  63.1791 357.4995 7428519  39.0646 355.7295  2.01067805147478
0 COSMOS 1261 DEB
1 29202U 81031L   23084.81529385  .00004908  00000-0  21283-1 0  9994
2 29202  63.1757 357.3392 7428507  39.0854 355.7417  2.01078934 34452
0 COSMOS 1261 DEB
1 29202U 81031L   23084.81529385  .00004908  00000-0  21283-1 0  9994
2 29202  63.1757 357.3392 7428507  39.0854 355.7417  2.01078934147491
0 COSMOS 1261 DEB
1 29202U 81031L   23087.79902832  .00004525  00000-0  20132-1 0  9993
2 29202  63.1663 356.8608 7428803  39.1196 355.7535  2.01106527 34519
0 COSMOS 1261 DEB
1 29202U 81031L   23087.79902832  .00004525  00000-0  20132-1 0  9993
2 29202  63.1663 356.8608 7428803  39.1196 355.7535  2.01106527147558
0 COSMOS 1261 DEB
1 29202U 81031L   23088.79350132  .00004646  00000-0  20972-1 0  9990
2 29202  63.1555 356.6885 7428886  39.1157 355.7515  2.01116413 34537
0 COSMOS 1261 DEB
1 29202U 81031L   23088.79350132  .00004646  00000-0  20972-1 0  9990
2 29202  63.1555 356.6885 7428886  39.1157 355.7515  2.01116413147576
0 COSMOS 1261 DEB
1 29202U 81031L   23089.78793030  .00004737  00000-0  21323-1 0  9990
2 29202  63.1533 356.5475 7429611  39.0710 355.7545  2.01126233 34554
0 COSMOS 1261 DEB
1 29202U 81031L   23089.78793030  .00004737  00000-0  21323-1 0  9990
2 29202  63.1533 356.5475 7429611  39.0710 355.7545  2.01126233147593
0 COSMOS 1261 DEB
1 29202U 81031L   23091.77663798  .00003851  00000-0  17810-1 0  9991
2 29202  63.1478 356.2347 7429838  39.0690 355.7505  2.01144663 34592
0 COSMOS 1261 DEB
1 29202U 81031L   23091.77663798  .00003851  00000-0  17810-1 0  9991
2 29202  63.1478 356.2347 7429838  39.0690 355.7505  2.01144663147632
0 COSMOS 1261 DEB
1 29202U 81031L   23092.77092968  .00003635  00000-0  17165-1 0  9990
2 29202  63.1432 356.0796 7429657  39.0990 355.7490  2.01153248 34615
0 COSMOS 1261 DEB
1 29202U 81031L   23092.77092968  .00003635  00000-0  17165-1 0  9990
2 29202  63.1432 356.0796 7429657  39.0990 355.7490  2.01153248147654
0 COSMOS 1261 DEB
1 29202U 81031L   23093.76518892  .00003254  00000-0  15607-1 0  9995
2 29202  63.1378 355.9185 7429797  39.1213 355.7540  2.01161080 34639
0 COSMOS 1261 DEB
1 29202U 81031L   23093.76518892  .00003254  00000-0  15607-1 0  9995
2 29202  63.1378 355.9185 7429797  39.1213 355.7540  2.01161080147678
0 COSMOS 1261 DEB
1 29202U 81031L   23095.25651011  .00003785  00000-0  18193-1 0  9994
2 29202  63.1341 355.6907 7429841  39.1486 355.7712  2.01174757 34669
0 COSMOS 1261 DEB
1 29202U 81031L   23095.25651011  .00003785  00000-0  18193-1 0  9994
2 29202  63.1341 355.6907 7429841  39.1486 355.7712  2.01174757147709
0 COSMOS 1261 DEB
1 29202U 81031L   23096.25068016  .00003553  00000-0  17293-1 0  9995
2 29202  63.1273 355.5366 7429898  39.1591 355.7886  2.01182644 34688
0 COSMOS 1261 DEB
1 29202U 81031L   23096.25068016  .00003553  00000-0  17293-1 0  9995
2 29202  63.1273 355.5366 7429898  39.1591 355.7886  2.01182644147728
0 COSMOS 1261 DEB
1 29202U 81031L   23098.73592171  .00003884  00000-0  18663-1 0  9993
2 29202  63.1138 355.1209 7430917  39.1502 355.8415  2.01204875 34732
0 COSMOS 1261 DEB
1 29202U 81031L   23098.73592171  .00003884  00000-0  18663-1 0  9993
2 29202  63.1138 355.1209 7430917  39.1502 355.8415  2.01204875147771
0 COSMOS 1261 DEB
1 29202U 81031L   23100.72389335  .00004014  00000-0  19581-1 0  9998
2 29202  63.1077 354.8028 7431124  39.1610 355.8609  2.01222072 34778
0 COSMOS 1261 DEB
1 29202U 81031L   23101.71780072  .00003468  00000-0  17502-1 0  9994
2 29202  63.1057 354.6442 7431268  39.1678 355.8599  2.01230281 34798
0 COSMOS 1261 DEB
1 29202U 81031L   23101.71780072  .00003468  00000-0  17502-1 0  9994
2 29202  63.1057 354.6442 7431268  39.1678 355.8599  2.01230281147838
0 COSMOS 1261 DEB
1 29202U 81031L   23102.71166007  .00002855  00000-0  15179-1 0  9998
2 29202  63.1012 354.4843 7431451  39.1713 355.8535  2.01237995 34818
0 COSMOS 1261 DEB
1 29202U 81031L   23103.70547698  .00003049  00000-0  16225-1 0  9996
2 29202  63.0889 354.3193 7431689  39.1539 355.8469  2.01246146 34831
0 COSMOS 1261 DEB
1 29202U 81031L   23103.70547698  .00003049  00000-0  16225-1 0  9996
2 29202  63.0889 354.3193 7431689  39.1539 355.8469  2.01246146147870
0 COSMOS 1261 DEB
1 29202U 81031L   23104.69925543  .00003465  00000-0  18201-1 0  9992
2 29202  63.0830 354.1591 7431824  39.1697 355.8368  2.01254424147890
0 COSMOS 1261 DEB
1 29202U 81031L   23105.19612982  .00003768  00000-0  19519-1 0  9997
2 29202  63.0856 354.0814 7431962  39.1821 355.8330  2.01259221 34868
0 COSMOS 1261 DEB
1 29202U 81031L   23105.19612982  .00003768  00000-0  19519-1 0  9997
2 29202  63.0856 354.0814 7431962  39.1821 355.8330  2.01259221147908
0 COSMOS 1261 DEB
1 29202U 81031L   23105.69299562  .00004002  00000-0  20560-1 0  9997
2 29202  63.0842 354.0029 7432040  39.1847 355.8316  2.01263859 34874
0 COSMOS 1261 DEB
1 29202U 81031L   23106.68669861  .00004214  00000-0  21511-1 0  9992
2 29202  63.0795 353.8434 7432237  39.1904 355.8344  2.01273717 34897
0 COSMOS 1261 DEB
1 29202U 81031L   23107.68036392  .00004468  00000-0  22571-1 0  9998
2 29202  63.0749 353.6840 7432404  39.1962 355.8446  2.01283528 34912
0 COSMOS 1261 DEB
1 29202U 81031L   23107.68036392  .00004468  00000-0  22571-1 0  9998
2 29202  63.0749 353.6840 7432404  39.1962 355.8446  2.01283528147951
0 COSMOS 1261 DEB
1 29202U 81031L   23108.67398989  .00004312  00000-0  21918-1 0  9993
2 29202  63.0707 353.5246 7432578  39.2021 355.8608  2.01292994 34933
0 COSMOS 1261 DEB
1 29202U 81031L   23108.67398989  .00004312  00000-0  21918-1 0  9993
2 29202  63.0707 353.5246 7432578  39.2021 355.8608  2.01292994147972
0 COSMOS 1261 DEB
1 29202U 81031L   23111.15786676  .00003500  00000-0  18559-1 0  9999
2 29202  63.0610 353.1263 7433041  39.2152 355.9087  2.01315002 34985
0 COSMOS 1261 DEB
1 29202U 81031L   23111.15786676  .00003500  00000-0  18559-1 0  9999
2 29202  63.0610 353.1263 7433041  39.2152 355.9087  2.01315002148026
0 COSMOS 1261 DEB
1 29202U 81031L   23111.65460768  .00003289  00000-0  17719-1 0  9996
2 29202  63.0590 353.0470 7433138  39.2179 355.9165  2.01318757 34995
0 COSMOS 1261 DEB
1 29202U 81031L   23112.64805949  .00003149  00000-0  17192-1 0  9990
2 29202  63.0555 352.8882 7433305  39.2232 355.9284  2.01325876 35012
0 COSMOS 1261 DEB
1 29202U 81031L   23113.64146967  .00002921  00000-0  16338-1 0  9997
2 29202  63.0521 352.7291 7433518  39.2296 355.9350  2.01332619 35033
0 COSMOS 1261 DEB
1 29202U 81031L   23113.64146967  .00002921  00000-0  16338-1 0  9997
2 29202  63.0521 352.7291 7433518  39.2296 355.9350  2.01332619148072
0 COSMOS 1261 DEB
1 29202U 81031L   23114.63483087  .00008906  00000-0  39475-1 0  9990
2 29202  63.0478 352.5697 7433597  39.2357 355.9363  2.01346673 35058
0 COSMOS 1261 DEB
1 29202U 81031L   23114.63483087  .00008906  00000-0  39475-1 0  9990
2 29202  63.0478 352.5697 7433597  39.2357 355.9363  2.01346673148097
0 COSMOS 1261 DEB
1 29202U 81031L   23116.12479682  .00002150  00000-0  13611-1 0  9991
2 29202  63.0417 352.3305 7433865  39.2467 355.9322  2.01350272 35083
0 COSMOS 1261 DEB
1 29202U 81031L   23116.62144000  .00001479  00000-0  11107-1 0  9990
2 29202  63.0389 352.2503 7433923  39.2497 355.9301  2.01351947 35096
0 COSMOS 1261 DEB
1 29202U 81031L   23117.61471418  .00001653  00000-0  11845-1 0  9999
2 29202  63.0346 352.0908 7434061  39.2561 355.9260  2.01355950 35117
0 COSMOS 1261 DEB
1 29202U 81031L   23117.61471418  .00001653  00000-0  11845-1 0  9999
2 29202  63.0346 352.0908 7434061  39.2561 355.9260  2.01355950148156
0 COSMOS 1261 DEB
1 29202U 81031L   23119.10458252  .00001602  00000-0  11654-1 0  9998
2 29202  63.0290 351.8523 7434331  39.2659 355.9240  2.01363012 35142
0 COSMOS 1261 DEB
1 29202U 81031L   23119.10458252  .00001602  00000-0  11654-1 0  9998
2 29202  63.0290 351.8523 7434331  39.2659 355.9240  2.01363012148181
0 COSMOS 1261 DEB
1 29202U 81031L   23120.59441662  .00001643  00000-0  11676-1 0  9999
2 29202  63.0226 351.6143 7434678  39.2730 355.9310  2.01369923 35179
0 COSMOS 1261 DEB
1 29202U 81031L   23120.59441662  .00001643  00000-0  11676-1 0  9999
2 29202  63.0226 351.6143 7434678  39.2730 355.9310  2.01369923148219
0 COSMOS 1261 DEB
1 29202U 81031L   23122.58082053  .00001875  00000-0  12167-1 0  9998
2 29202  63.0118 351.2943 7435331  39.2821 355.9564  2.01377113148256
0 COSMOS 1261 DEB
1 29202U 81031L   23125.56029624  .00002288  00000-0  13040-1 0  9994
2 29202  62.9916 350.8117 7436168  39.2968 356.0091  2.01390026 35271
0 COSMOS 1261 DEB
1 29202U 81031L   23125.56029624  .00002288  00000-0  13040-1 0  9994
2 29202  62.9916 350.8117 7436168  39.2968 356.0091  2.01390026148311
0 COSMOS 1261 DEB
1 29202U 81031L   23126.05685134  .00002847  00000-0  14970-1 0  9997
2 29202  62.9889 350.7296 7436179  39.3083 356.0145  2.01393074 35285
0 COSMOS 1261 DEB
1 29202U 81031L   23126.05685134  .00002847  00000-0  14970-1 0  9997
2 29202  62.9889 350.7296 7436179  39.3083 356.0145  2.01393074148325
0 COSMOS 1261 DEB
1 29202U 81031L   23127.54646183  .00002976  00000-0  15282-1 0  9993
2 29202  62.9795 350.4851 7436268  39.3287 356.0237  2.01402047 35317
0 COSMOS 1261 DEB
1 29202U 81031L   23127.54646183  .00002976  00000-0  15282-1 0  9993
2 29202  62.9795 350.4851 7436268  39.3287 356.0237  2.01402047148356
0 COSMOS 1261 DEB
1 29202U 81031L   23128.53948824  .00002558  00000-0  13726-1 0  9997
2 29202  62.9744 350.3230 7436382  39.3426 356.0211  2.01407235 35331
0 COSMOS 1261 DEB
1 29202U 81031L   23129.53247924  .00002542  00000-0  13576-1 0  9997
2 29202  62.9694 350.1623 7436605  39.3516 356.0129  2.01412797 35356
0 COSMOS 1261 DEB
1 29202U 81031L   23130.52543920  .00002912  00000-0  14744-1 0  9992
2 29202  62.9649 350.0021 7436904  39.3609 356.0009  2.01418491 35378
0 COSMOS 1261 DEB
1 29202U 81031L   23131.51837260  .00002323  00000-0  12607-1 0  9997
2 29202  62.9589 349.8416 7437175  39.3720 355.9880  2.01423218 35390
0 COSMOS 1261 DEB
1 29202U 81031L   23132.51128594  .00003031  00000-0  14858-1 0  9998
2 29202  62.9548 349.6817 7437508  39.3817 355.9786  2.01428843 35412
0 COSMOS 1261 DEB
1 29202U 81031L   23132.51128594  .00003031  00000-0  14858-1 0  9998
2 29202  62.9548 349.6817 7437508  39.3817 355.9786  2.01428843148451
0 COSMOS 1261 DEB
1 29202U 81031L   23133.50417983  .00002562  00000-0  13085-1 0  9990
2 29202  62.9511 349.5226 7437796  39.3919 355.9749  2.01434142 35437
0 COSMOS 1261 DEB
1 29202U 81031L   23133.50417983  .00002562  00000-0  13085-1 0  9990
2 29202  62.9511 349.5226 7437796  39.3919 355.9749  2.01434142148476
0 COSMOS 1261 DEB
1 29202U 81031L   23134.49705308  .00002377  00000-0  12271-1 0  9990
2 29202  62.9455 349.3615 7437998  39.4021 355.9781  2.01439840 35451
0 COSMOS 1261 DEB
1 29202U 81031L   23137.97194129  .00002208  00000-0  10844-1 0  9996
2 29202  62.9332 348.8043 7438767  39.4363 356.0210  2.01458088 35520
0 COSMOS 1261 DEB
1 29202U 81031L   23137.97194129  .00002208  00000-0  10844-1 0  9996
2 29202  62.9332 348.8043 7438767  39.4363 356.0210  2.01458088148569
0 COSMOS 1261 DEB
1 29202U 81031L   23138.96470549  .00002271  00000-0  10873-1 0  9991
2 29202  62.9316 348.6531 7438837  39.4571 356.0289  2.01463420148584
0 COSMOS 1261 DEB
1 29202U 81031L   23139.95743965  .00002577  00000-0  11595-1 0  9997
2 29202  62.9245 348.4833 7439268  39.4528 356.0358  2.01468637 35564
0 COSMOS 1261 DEB
1 29202U 81031L   23139.95743965  .00002577  00000-0  11595-1 0  9997
2 29202  62.9245 348.4833 7439268  39.4528 356.0358  2.01468637148604
0 COSMOS 1261 DEB
1 29202U 81031L   23141.44646685  .00002873  00000-0  12329-1 0  9990
2 29202  62.9178 348.2445 7439490  39.4763 356.0315  2.01479068 35590
0 COSMOS 1261 DEB
1 29202U 81031L   23141.44646685  .00002873  00000-0  12329-1 0  9990
2 29202  62.9178 348.2445 7439490  39.4763 356.0315  2.01479068148630
0 COSMOS 1261 DEB
1 29202U 81031L   23146.40936248  .00001948  00000-0  88044-2 0  9998
2 29202  62.8996 347.4476 7440353  39.5185 355.9907  2.01506298 35693
0 COSMOS 1261 DEB
1 29202U 81031L   23147.40188348  .00001626  00000-0  76556-2 0  9997
2 29202  62.8936 347.2874 7440454  39.5288 355.9886  2.01509561 35718
0 COSMOS 1261 DEB
1 29202U 81031L   23148.39438909  .00002069  00000-0  87745-2 0  9991
2 29202  62.8895 347.1280 7440720  39.5373 355.9914  2.01513903 35732
0 COSMOS 1261 DEB
1 29202U 81031L   23148.39438909  .00002069  00000-0  87745-2 0  9991
2 29202  62.8895 347.1280 7440720  39.5373 355.9914  2.01513903148771
0 COSMOS 1261 DEB
1 29202U 81031L   23149.38687903  .00002079  00000-0  85510-2 0  9990
2 29202  62.8851 346.9683 7441002  39.5463 355.9982  2.01518180 35751
0 COSMOS 1261 DEB
1 29202U 81031L   23150.37935114  .00001964  00000-0  79397-2 0  9999
2 29202  62.8789 346.8078 7441339  39.5557 356.0080  2.01522439 35770
0 COSMOS 1261 DEB
1 29202U 81031L   23151.37180388  .00002331  00000-0  87701-2 0  9992
2 29202  62.8743 346.6473 7441621  39.5661 356.0189  2.01527110 35790
0 COSMOS 1261 DEB
1 29202U 81031L   23151.37180388  .00002331  00000-0  87701-2 0  9992
2 29202  62.8743 346.6473 7441621  39.5661 356.0189  2.01527110148830
0 COSMOS 1261 DEB
1 29202U 81031L   23152.36423088  .00002843  00000-0  10020-1 0  9996
2 29202  62.8680 346.4859 7441874  39.5773 356.0286  2.01532538 35811
0 COSMOS 1261 DEB
1 29202U 81031L   23152.36423088  .00002843  00000-0  10020-1 0  9996
2 29202  62.8680 346.4859 7441874  39.5773 356.0286  2.01532538148850
0 COSMOS 1261 DEB
1 29202U 81031L   23154.84516211  .00002347  00000-0  81364-2 0  9991
2 29202  62.8542 346.0810 7442259  39.6026 356.0331  2.01544092 35865
0 COSMOS 1261 DEB
1 29202U 81031L   23154.84516211  .00002347  00000-0  81364-2 0  9991
2 29202  62.8542 346.0810 7442259  39.6026 356.0331  2.01544092148905
0 COSMOS 1261 DEB
1 29202U 81031L   23155.34132604  .00002212  00000-0  76791-2 0  9996
2 29202  62.8532 346.0044 7442342  39.6080 356.0291  2.01546053 35871
0 COSMOS 1261 DEB
1 29202U 81031L   23155.83748214  .00002073  00000-0  72444-2 0  9996
2 29202  62.8524 345.9234 7442314  39.6194 356.0225  2.01547831 35889
0 COSMOS 1261 DEB
1 29202U 81031L   23155.83748214  .00002073  00000-0  72444-2 0  9996
2 29202  62.8524 345.9234 7442314  39.6194 356.0225  2.01547831148929
0 COSMOS 1261 DEB
1 29202U 81031L   23156.82977448  .00001992  00000-0  68841-2 0  9994
2 29202  62.8471 345.7614 7442576  39.6275 356.0075  2.01551895 35901
0 COSMOS 1261 DEB
1 29202U 81031L   23157.82204540  .00001771  00000-0  61358-2 0  9992
2 29202  62.8430 345.6012 7442865  39.6377 355.9891  2.01555275 35923
0 COSMOS 1261 DEB
1 29202U 81031L   23158.81430166  .00001716  00000-0  58442-2 0  9996
2 29202  62.8383 345.4407 7443219  39.6481 355.9709  2.01558376 35941
0 COSMOS 1261 DEB
1 29202U 81031L   23158.81430166  .00001716  00000-0  58442-2 0  9996
2 29202  62.8383 345.4407 7443219  39.6481 355.9709  2.01558376148980
0 COSMOS 1261 DEB
1 29202U 81031L   23159.80654679  .00001960  00000-0  63547-2 0  9996
2 29202  62.8329 345.2794 7443575  39.6586 355.9563  2.01561861 35962
0 COSMOS 1261 DEB
1 29202U 81031L   23161.79100442  .00002226  00000-0  66707-2 0  9998
2 29202  62.8230 344.9604 7444057  39.6832 355.9446  2.01569864 36006
0 COSMOS 1261 DEB
1 29202U 81031L   23161.79100442  .00002226  00000-0  66707-2 0  9998
2 29202  62.8230 344.9604 7444057  39.6832 355.9446  2.01569864149045
0 COSMOS 1261 DEB
1 29202U 81031L   23162.78321306  .00002615  00000-0  74706-2 0  9992
2 29202  62.8172 344.7976 7444223  39.6927 355.9480  2.01574674 36026
0 COSMOS 1261 DEB
1 29202U 81031L   23163.77540223  .00002457  00000-0  67734-2 0  9990
2 29202  62.8163 344.6392 7444416  39.7066 355.9542  2.01579245 36046
0 COSMOS 1261 DEB
1 29202U 81031L   23164.76756785  .00002465  00000-0  65193-2 0  9998
2 29202  62.8133 344.4797 7444599  39.7174 355.9609  2.01584023 36068
0 COSMOS 1261 DEB
1 29202U 81031L   23164.76756785  .00002465  00000-0  65193-2 0  9998
2 29202  62.8133 344.4797 7444599  39.7174 355.9609  2.01584023149108
0 COSMOS 1261 DEB
1 29202U 81031L   23165.75970810  .00002174  00000-0  54893-2 0  9997
2 29202  62.8103 344.3199 7444812  39.7288 355.9649  2.01588120 36082
0 COSMOS 1261 DEB
1 29202U 81031L   23166.75182313  .00002212  00000-0  53488-2 0  9993
2 29202  62.8071 344.1602 7445032  39.7402 355.9643  2.01592105149140
0 COSMOS 1261 DEB
1 29202U 81031L   23167.74390811  .00002823  00000-0  67259-2 0  9996
2 29202  62.8024 343.9990 7445189  39.7517 355.9585  2.01597409 36125
0 COSMOS 1261 DEB
1 29202U 81031L   23168.73596164  .00002325  00000-0  52426-2 0  9992
2 29202  62.7988 343.8382 7445351  39.7648 355.9477  2.01601864 36146
0 COSMOS 1261 DEB
1 29202U 81031L   23168.73596164  .00002325  00000-0  52426-2 0  9992
2 29202  62.7988 343.8382 7445351  39.7648 355.9477  2.01601864149185
0 COSMOS 1261 DEB
1 29202U 81031L   23169.72798836  .00002273  00000-0  49340-2 0  9995
2 29202  62.7947 343.6777 7445481  39.7772 355.9335  2.01606255 36163
0 COSMOS 1261 DEB
1 29202U 81031L   23170.71999081  .00002562  00000-0  54943-2 0  9997
2 29202  62.7899 343.5177 7445594  39.7879 355.9179  2.01611094 36180
0 COSMOS 1261 DEB
1 29202U 81031L   23171.71197193  .00002433  00000-0  49666-2 0  9995
2 29202  62.7860 343.3584 7445752  39.7988 355.9027  2.01615453 36203
0 COSMOS 1261 DEB
1 29202U 81031L   23171.71197193  .00002433  00000-0  49666-2 0  9995
2 29202  62.7860 343.3584 7445752  39.7988 355.9027  2.01615453149242
0 COSMOS 1261 DEB
1 29202U 81031L   23172.70393151  .00002533  00000-0  50044-2 0  9990
2 29202  62.7820 343.1982 7445872  39.8094 355.8894  2.01620390 36220
0 COSMOS 1261 DEB
1 29202U 81031L   23174.68779638  .00002726  00000-0  49765-2 0  9999
2 29202  62.7741 342.8775 7446175  39.8303 355.8737  2.01630087149302
0 COSMOS 1261 DEB
1 29202U 81031L   23177.66343277  .00002998  00000-0  47739-2 0  9996
2 29202  62.7655 342.4106 7446766  39.8704 355.8785  2.01647265149366
0 COSMOS 1261 DEB
1 29202U 81031L   23179.64705744  .00003152  00000-0  46371-2 0  9991
2 29202  62.7553 342.0896 7447076  39.8981 355.8878  2.01658677149404
0 COSMOS 1261 DEB
1 29202U 81031L   23181.63055450  .00003171  00000-0  42707-2 0  9995
2 29202  62.7465 341.7609 7447570  39.9122 355.8853  2.01669999149447
0 COSMOS 1261 DEB
1 29202U 81031L   23182.62224658  .00002928  00000-0  35912-2 0  9992
2 29202  62.7422 341.6026 7447480  39.9335 355.8726  2.01675444149461
0 COSMOS 1261 DEB
1 29202U 81031L   23183.61390695  .00002824  00000-0  32430-2 0  9994
2 29202  62.7378 341.4405 7447723  39.9376 355.8569  2.01680673149482
0 COSMOS 1261 DEB
1 29202U 81031L   23185.59714056  .00002498  00000-0  23751-2 0  9997
2 29202  62.7299 341.1152 7448229  39.9609 355.8151  2.01690542149529
0 COSMOS 1261 DEB
1 29202U 81031L   23187.58029514  .00002752  00000-0  28913-2 0  9994
2 29202  62.7223 340.7937 7448777  39.9908 355.7819  2.01700230149562
0 COSMOS 1261 DEB
1 29202U 81031L   23188.57184582  .00003310  00000-0  41183-2 0  9996
2 29202  62.7177 340.6295 7448951  40.0102 355.7737  2.01706514149581
0 COSMOS 1261 DEB
1 29202U 81031L   23190.55487737  .00003022  00000-0  34385-2 0  9991
2 29202  62.7109 340.3069 7449158  40.0449 355.7740  2.01718352149628
0 COSMOS 1261 DEB
1 29202U 81031L   23195.51189896  .00003094  00000-0  40191-2 0  9998
2 29202  62.6951 339.4993 7449930  40.0999 355.7648  2.01750357149724
0 COSMOS 1261 DEB
1 29202U 81031L   23196.50319375  .00002825  00000-0  36268-2 0  9996
2 29202  62.6893 339.3296 7450242  40.0968 355.7531  2.01756412149749
0 COSMOS 1261 DEB
1 29202U 81031L   23198.98128681  .00002836  00000-0  42348-2 0  9996
2 29202  62.6811 338.9275 7450544  40.1044 355.7175  2.01772322149799
0 COSMOS 1261 DEB
1 29202U 81031L   23200.96363183  .00002407  00000-0  38060-2 0  9996
2 29202  62.6689 338.5927 7450732  40.1259 355.6970  2.01784516149834
0 COSMOS 1261 DEB
1 29202U 81031L   23203.44144822  .00002109  00000-0  37110-2 0  9993
2 29202  62.6590 338.1853 7451118  40.1505 355.6951  2.01797394 36845
0 COSMOS 1261 DEB
1 29202U 81031L   23209.88303880  .00001310  00000-0  35172-2 0  9997
2 29202  62.6283 337.1200 7452088  40.2229 355.7041  2.01829141150013
0 COSMOS 1261 DEB
1 29202U 81031L   23211.36939025  .00001100  00000-0  34522-2 0  9994
2 29202  62.6237 336.8836 7452357  40.2358 355.6821  2.01835233150042
0 COSMOS 1261 DEB
1 29202U 81031L   23213.84655106  .00000901  00000-0  35482-2 0  9998
2 29202  62.6088 336.4741 7452937  40.2609 355.6418  2.01843501150094
0 COSMOS 1261 DEB
1 29202U 81031L   23214.34197704  .00000763  00000-0  33563-2 0  9993
2 29202  62.6014 336.3893 7453068  40.2613 355.6372  2.01844548150104
0 COSMOS 1261 DEB
1 29202U 81031L   23214.34197722  .00001193  00000-0  41573-2 0  9991
2 29202  62.6290 336.4067 7453175  40.2967 355.6334  2.01845102150100
0 COSMOS 1261 DEB
1 29202U 81031L   23217.31449283  .00002189  00000-0  61769-2 0  9998
2 29202  62.5780 335.8946 7453947  40.2874 355.6387  2.01855498150169
0 COSMOS 1261 DEB
1 29202U 81031L   23219.29607912  .00001460  00000-0  48645-2 0  9991
2 29202  62.5672 335.5693 7454249  40.2854 355.6565  2.01864100150202
0 COSMOS 1261 DEB
1 29202U 81031L   23222.26831364  .00001346  00000-0  46454-2 0  9991
2 29202  62.5492 335.0770 7454842  40.3194 355.6568  2.01873411150264
0 COSMOS 1261 DEB
1 29202U 81031L   23223.25901945  .00000890  00000-0  38366-2 0  9990
2 29202  62.5426 334.9134 7455091  40.3275 355.6494  2.01875417150288
0 COSMOS 1261 DEB
1 29202U 81031L   23225.24037685  .00000918  00000-0  41340-2 0  9999
2 29202  62.5512 334.5777 7453438  40.5249 355.6037  2.01879589150321
0 COSMOS 1261 DEB
1 29202U 81031L   23227.71705613  .00001066  00000-0  42073-2 0  9995
2 29202  62.5176 334.1545 7454244  40.4899 355.5964  2.01884310150373
0 COSMOS 1261 DEB
1 29202U 81031L   23228.21238577  .00001256  00000-0  45275-2 0  9999
2 29202  62.5055 334.0602 7454149  40.4989 355.5952  2.01885497150381
0 COSMOS 1261 DEB
1 29202U 81031L   23229.20303952  .00001819  00000-0  54573-2 0  9995
2 29202  62.4928 333.8883 7454126  40.5195 355.5961  2.01889086150403
0 COSMOS 1261 DEB
1 29202U 81031L   23230.19367285  .00002075  00000-0  62466-2 0  9999
2 29202  62.5231 333.8724 7451952  40.6726 355.5793  2.01893513150425
0 COSMOS 1261 DEB
1 29202U 81031L   23231.18429313  .00002629  00000-0  71654-2 0  9994
2 29202  62.5182 333.7160 7452055  40.6894 355.5880  2.01898947150449
0 COSMOS 1261 DEB
1 29202U 81031L   23232.17489191  .00003102  00000-0  78961-2 0  9999
2 29202  62.5142 333.5601 7452247  40.7043 355.5991  2.01904347150460
0 COSMOS 1261 DEB
1 29202U 81031L   23232.67018690  .00003178  00000-0  75546-2 0  9995
2 29202  62.4906 333.3967 7453885  40.6109 355.6212  2.01907143150476
0 COSMOS 1261 DEB
1 29202U 81031L   23233.16546867  .00003317  00000-0  75865-2 0  9991
2 29202  62.4766 333.2783 7454505  40.5813 355.6326  2.01910504150488
0 COSMOS 1261 DEB
1 29202U 81031L   23234.15600647  .00003398  00000-0  75942-2 0  9993
2 29202  62.4844 333.1360 7454605  40.6075 355.6406  2.01916683150503
0 COSMOS 1261 DEB
1 29202U 81031L   23235.14650832  .00003308  00000-0  71887-2 0  9999
2 29202  62.4672 332.9403 7455212  40.5829 355.6526  2.01923042150520
0 COSMOS 1261 DEB
1 29202U 81031L   23236.13697244  .00003127  00000-0  67715-2 0  9991
2 29202  62.4627 332.7810 7455330  40.5935 355.6541  2.01928904 37500
0 COSMOS 1261 DEB
1 29202U 81031L   23237.12740131  .00003527  00000-0  72845-2 0  9999
2 29202  62.4498 332.5964 7455733  40.5856 355.6534  2.01935146 37523
0 COSMOS 1261 DEB
1 29202U 81031L   23237.12740131  .00003527  00000-0  72845-2 0  9999
2 29202  62.4498 332.5964 7455733  40.5856 355.6534  2.01935146150563
0 COSMOS 1261 DEB
1 29202U 81031L   23238.11779030  .00003431  00000-0  70293-2 0  9998
2 29202  62.4469 332.4388 7455875  40.5964 355.6452  2.01941984 37545
0 COSMOS 1261 DEB
1 29202U 81031L   23239.10813556  .00003597  00000-0  73674-2 0  9999
2 29202  62.4434 332.2572 7455421  40.6973 355.6221  2.01948872 37567
0 COSMOS 1261 DEB
1 29202U 81031L   23239.10813556  .00003597  00000-0  73674-2 0  9999
2 29202  62.4434 332.2572 7455421  40.6973 355.6221  2.01948872150608
0 COSMOS 1261 DEB
1 29202U 81031L   23239.60330867  .00003810  00000-0  74456-2 0  9990
2 29202  62.4500 332.2194 7456382  40.5774 355.6338  2.01952971 37571
0 COSMOS 1261 DEB
1 29202U 81031L   23239.60330867  .00003810  00000-0  74456-2 0  9990
2 29202  62.4500 332.2194 7456382  40.5774 355.6338  2.01952971150612
0 COSMOS 1261 DEB
1 29202U 81031L   23240.09846395  .00003331  00000-0  66098-2 0  9994
2 29202  62.4502 332.1394 7456488  40.5846 355.6286  2.01955791 37587
0 COSMOS 1261 DEB
1 29202U 81031L   23240.09846395  .00003331  00000-0  66098-2 0  9994
2 29202  62.4502 332.1394 7456488  40.5846 355.6286  2.01955791150628
0 COSMOS 1261 DEB
1 29202U 81031L   23241.58388165  .00003315  00000-0  63961-2 0  9993
2 29202  62.4489 331.9060 7456838  40.6005 355.6195  2.01966671 37617
0 COSMOS 1261 DEB
1 29202U 81031L   23241.58388165  .00003315  00000-0  63961-2 0  9993
2 29202  62.4489 331.9060 7456838  40.6005 355.6195  2.01966671150657
0 COSMOS 1261 DEB
1 29202U 81031L   23246.53467026  .00007791  00000-0  12564-1 0  9991
2 29202  62.4212 331.0418 7457348  40.6929 355.6576  2.02021706 37717
0 COSMOS 1261 DEB
1 29202U 81031L   23246.53467026  .00007791  00000-0  12564-1 0  9991
2 29202  62.4212 331.0418 7457348  40.6929 355.6576  2.02021706150757
0 COSMOS 1261 DEB
1 29202U 81031L   23247.02966106  .00006499  00000-0  10686-1 0  9996
2 29202  62.4270 330.9819 7456765  40.7200 355.6581  2.02028857150760
0 COSMOS 1261 DEB
1 29202U 81031L   23248.51455533  .00004753  00000-0  75916-2 0  9997
2 29202  62.4076 330.7163 7457171  40.7112 355.6702  2.02042764150799
0 COSMOS 1261 DEB
1 29202U 81031L   23249.00949254  .00006326  00000-0  99494-2 0  9995
2 29202  62.4058 330.6355 7457172  40.7201 355.6702  2.02049047150804
0 COSMOS 1261 DEB
1 29202U 81031L   23249.50441746  .00005079  00000-0  79278-2 0  9995
2 29202  62.4023 330.5514 7457254  40.7246 355.6699  2.02052878 37773
0 COSMOS 1261 DEB
1 29202U 81031L   23249.99932670  .00006413  00000-0  99126-2 0  9996
2 29202  62.4018 330.4719 7457222  40.7345 355.6679  2.02059338 37785
0 COSMOS 1261 DEB
1 29202U 81031L   23249.99932670  .00006413  00000-0  99126-2 0  9996
2 29202  62.4018 330.4719 7457222  40.7345 355.6679  2.02059338150826
0 COSMOS 1261 DEB
1 29202U 81031L   23250.98910779  .00006713  00000-0  10180-1 0  9998
2 29202  62.3969 330.3076 7457328  40.7436 355.6639  2.02069636150843
0 COSMOS 1261 DEB
1 29202U 81031L   23251.48397447  .00005345  00000-0  81753-2 0  9990
2 29202  62.4012 330.2283 7456758  40.7899 355.6549  2.02073598 37814
0 COSMOS 1261 DEB
1 29202U 81031L   23251.48397447  .00005345  00000-0  81753-2 0  9990
2 29202  62.4012 330.2283 7456758  40.7899 355.6549  2.02073598150854
0 COSMOS 1261 DEB
1 29202U 81031L   23252.47367911  .00006160  00000-0  91751-2 0  9998
2 29202  62.3943 330.0634 7457051  40.7816 355.6531  2.02085039 37836
0 COSMOS 1261 DEB
1 29202U 81031L   23252.47367911  .00006160  00000-0  91751-2 0  9998
2 29202  62.3943 330.0634 7457051  40.7816 355.6531  2.02085039150876
0 COSMOS 1261 DEB
1 29202U 81031L   23253.46332607  .00006724  00000-0  97888-2 0  9995
2 29202  62.3890 329.8992 7457214  40.7838 355.6515  2.02097818 37857
0 COSMOS 1261 DEB
1 29202U 81031L   23253.46332607  .00006724  00000-0  97888-2 0  9995
2 29202  62.3890 329.8992 7457214  40.7838 355.6515  2.02097818150897
0 COSMOS 1261 DEB
1 29202U 81031L   23254.45291441  .00006828  00000-0  98089-2 0  9994
2 29202  62.3859 329.7335 7457004  40.8133 355.6486  2.02109874 37873
0 COSMOS 1261 DEB
1 29202U 81031L   23254.45291441  .00006828  00000-0  98089-2 0  9994
2 29202  62.3859 329.7335 7457004  40.8133 355.6486  2.02109874150914
0 COSMOS 1261 DEB
1 29202U 81031L   23255.44244365  .00007708  00000-0  10934-1 0  9997
2 29202  62.3807 329.5666 7456953  40.8305 355.6514  2.02124172 37896
0 COSMOS 1261 DEB
1 29202U 81031L   23256.43189108  .00012439  00000-0  17787-1 0  9990
2 29202  62.3766 329.4023 7456996  40.8406 355.6593  2.02147023 37915
0 COSMOS 1261 DEB
1 29202U 81031L   23256.43189108  .00012439  00000-0  17787-1 0  9990
2 29202  62.3766 329.4023 7456996  40.8406 355.6593  2.02147023150955
0 COSMOS 1261 DEB
1 29202U 81031L   23257.42123101  .00010916  00000-0  15386-1 0  9992
2 29202  62.3710 329.2663 7456608  40.8547 355.6689  2.02168061 37931
0 COSMOS 1261 DEB
1 29202U 81031L   23257.42123101  .00010916  00000-0  15386-1 0  9992
2 29202  62.3710 329.2663 7456608  40.8547 355.6689  2.02168061150971
0 COSMOS 1261 DEB
1 29202U 81031L   23259.39963306  .00011013  00000-0  14323-1 0  9998
2 29202  62.3636 328.8902 7457837  40.8417 355.7055  2.02207188 37976
0 COSMOS 1261 DEB
1 29202U 81031L   23259.39963306  .00011013  00000-0  14323-1 0  9998
2 29202  62.3636 328.8902 7457837  40.8417 355.7055  2.02207188151018
0 COSMOS 1261 DEB
1 29202U 81031L   23260.38868232  .00014442  00000-0  19345-1 0  9999
2 29202  62.3617 328.7364 7457296  40.8749 355.7160  2.02229313 37996
0 COSMOS 1261 DEB
1 29202U 81031L   23262.36639812  .00013830  00000-0  18295-1 0  9992
2 29202  62.3539 328.4181 7456713  40.9168 355.7333  2.02285220151079
0 COSMOS 1261 DEB
1 29202U 81031L   23263.35501703  .00014321  00000-0  18960-1 0  9994
2 29202  62.3495 328.2500 7456436  40.9418 355.7350  2.02318361 38057
0 COSMOS 1261 DEB
1 29202U 81031L   23263.35501703  .00014321  00000-0  18960-1 0  9994
2 29202  62.3495 328.2500 7456436  40.9418 355.7350  2.02318361151097
0 COSMOS 1261 DEB
1 29202U 81031L   23264.34350213  .00012967  00000-0  17089-1 0  9997
2 29202  62.3460 328.0853 7456059  40.9834 355.7293  2.02340483 38079
0 COSMOS 1261 DEB
1 29202U 81031L   23264.34350213  .00012967  00000-0  17089-1 0  9997
2 29202  62.3460 328.0853 7456059  40.9834 355.7293  2.02340483151110
0 COSMOS 1261 DEB
1 29202U 81031L   23265.33187561  .00011130  00000-0  14406-1 0  9992
2 29202  62.3418 327.9178 7455916  41.0114 355.7217  2.02361958 38092
0 COSMOS 1261 DEB
1 29202U 81031L   23265.33187561  .00011130  00000-0  14406-1 0  9992
2 29202  62.3418 327.9178 7455916  41.0114 355.7217  2.02361958151133
0 COSMOS 1261 DEB
1 29202U 81031L   23266.32014058  .00011712  00000-0  15157-1 0  9992
2 29202  62.3378 327.7487 7456085  41.0146 355.7158  2.02384570 38113
0 COSMOS 1261 DEB
1 29202U 81031L   23266.32014058  .00011712  00000-0  15157-1 0  9992
2 29202  62.3378 327.7487 7456085  41.0146 355.7158  2.02384570151153
0 COSMOS 1261 DEB
1 29202U 81031L   23267.30829610  .00010749  00000-0  13803-1 0  9994
2 29202  62.3357 327.5868 7456072  41.0316 355.7079  2.02406221 38138
0 COSMOS 1261 DEB
1 29202U 81031L   23267.30829610  .00010749  00000-0  13803-1 0  9994
2 29202  62.3357 327.5868 7456072  41.0316 355.7079  2.02406221151178
0 COSMOS 1261 DEB
1 29202U 81031L   23268.29634654  .00018833  00000-0  25318-1 0  9991
2 29202  62.3308 327.4155 7456193  41.0421 355.7040  2.02432599 38150
0 COSMOS 1261 DEB
1 29202U 81031L   23268.29634654  .00018833  00000-0  25318-1 0  9991
2 29202  62.3308 327.4155 7456193  41.0421 355.7040  2.02432599151190
0 COSMOS 1261 DEB
1 29202U 81031L   23269.28428032  .00011472  00000-0  14669-1 0  9991
2 29202  62.3227 327.2360 7456649  41.0164 355.7103  2.02455279 38178
0 COSMOS 1261 DEB
1 29202U 81031L   23269.28428032  .00011472  00000-0  14669-1 0  9991
2 29202  62.3227 327.2360 7456649  41.0164 355.7103  2.02455279151219
0 COSMOS 1261 DEB
1 29202U 81031L   23270.27209762  .00012760  00000-0  16431-1 0  9999
2 29202  62.3206 327.0730 7456826  41.0127 355.7186  2.02481652 38197
0 COSMOS 1261 DEB
1 29202U 81031L   23270.27209762  .00012760  00000-0  16431-1 0  9999
2 29202  62.3206 327.0730 7456826  41.0127 355.7186  2.02481652151238
0 COSMOS 1261 DEB
1 29202U 81031L   23271.25980776  .00009982  00000-0  12786-1 0  9990
2 29202  62.3192 326.9114 7456774  41.0343 355.7276  2.02501958 38212
0 COSMOS 1261 DEB
1 29202U 81031L   23271.25980776  .00009982  00000-0  12786-1 0  9990
2 29202  62.3192 326.9114 7456774  41.0343 355.7276  2.02501958151252
0 COSMOS 1261 DEB
1 29202U 81031L   23272.24741099  .00010835  00000-0  14061-1 0  9990
2 29202  62.3169 326.7459 7456835  41.0432 355.7411  2.02525239 38234
0 COSMOS 1261 DEB
1 29202U 81031L   23272.74116798  .00011733  00000-0  15271-1 0  9999
2 29202  62.3110 326.6531 7456964  41.0363 355.7497  2.02537995151283
0 COSMOS 1261 DEB
1 29202U 81031L   23273.23488639  .00011754  00000-0  15402-1 0  9999
2 29202  62.3126 326.5732 7456886  41.0455 355.7554  2.02553432 38256
0 COSMOS 1261 DEB
1 29202U 81031L   23273.23488639  .00011754  00000-0  15402-1 0  9999
2 29202  62.3126 326.5732 7456886  41.0455 355.7554  2.02553432151296
0 COSMOS 1261 DEB
1 29202U 81031L   23274.22222229  .00014643  00000-0  19396-1 0  9996
2 29202  62.3108 326.4093 7456845  41.0588 355.7655  2.02583127 38275
0 COSMOS 1261 DEB
1 29202U 81031L   23274.22222229  .00014643  00000-0  19396-1 0  9996
2 29202  62.3108 326.4093 7456845  41.0588 355.7655  2.02583127151316
0 COSMOS 1261 DEB
1 29202U 81031L   23276.68989943  .00012000  00000-0  16359-1 0  9992
2 29202  62.3053 325.9978 7456656  41.0940 355.7720  2.02653819 38327
0 COSMOS 1261 DEB
1 29202U 81031L   23276.68989943  .00012000  00000-0  16359-1 0  9992
2 29202  62.3053 325.9978 7456656  41.0940 355.7720  2.02653819151367
0 COSMOS 1261 DEB
1 29202U 81031L   23278.66337336  .00014170  00000-0  19619-1 0  9997
2 29202  62.2948 325.6511 7456269  41.1342 355.7610  2.02716316 38360
0 COSMOS 1261 DEB
1 29202U 81031L   23278.66337336  .00014170  00000-0  19619-1 0  9997
2 29202  62.2948 325.6511 7456269  41.1342 355.7610  2.02716316151401
0 COSMOS 1261 DEB
1 29202U 81031L   23279.64988304  .00013830  00000-0  19204-1 0  9995
2 29202  62.2898 325.4830 7456271  41.1425 355.7571  2.02747305 38381
0 COSMOS 1261 DEB
1 29202U 81031L   23279.64988304  .00013830  00000-0  19204-1 0  9995
2 29202  62.2898 325.4830 7456271  41.1425 355.7571  2.02747305151422
0 COSMOS 1261 DEB
1 29202U 81031L   23281.62251352  .00014641  00000-0  20253-1 0  9999
2 29202  62.2796 325.1322 7456185  41.1737 355.7537  2.02801433 38421
0 COSMOS 1261 DEB
1 29202U 81031L   23281.62251352  .00014641  00000-0  20253-1 0  9999
2 29202  62.2796 325.1322 7456185  41.1737 355.7537  2.02801433151461
0 COSMOS 1261 DEB
1 29202U 81031L   23282.60861971  .00014812  00000-0  20330-1 0  9998
2 29202  62.2776 324.9787 7456187  41.1827 355.7577  2.02833458 38441
0 COSMOS 1261 DEB
1 29202U 81031L   23282.60861971  .00014812  00000-0  20330-1 0  9998
2 29202  62.2776 324.9787 7456187  41.1827 355.7577  2.02833458151481
0 COSMOS 1261 DEB
1 29202U 81031L   23284.08751385  .00014712  00000-0  19886-1 0  9992
2 29202  62.2712 324.7320 7456254  41.2011 355.7698  2.02877785 38471
0 COSMOS 1261 DEB
1 29202U 81031L   23285.07325238  .00016280  00000-0  21531-1 0  9998
2 29202  62.2616 324.5595 7456283  41.2080 355.7818  2.02911713151531
0 COSMOS 1261 DEB
1 29202U 81031L   23285.56605925  .00016652  00000-0  21852-1 0  9995
2 29202  62.2566 324.4722 7456257  41.2139 355.7880  2.02929599 38503
0 COSMOS 1261 DEB
1 29202U 81031L   23285.56605925  .00016652  00000-0  21852-1 0  9995
2 29202  62.2566 324.4722 7456257  41.2139 355.7880  2.02929599151543
0 COSMOS 1261 DEB
1 29202U 81031L   23286.55152365  .00022918  00000-0  29278-1 0  9992
2 29202  62.2508 324.3009 7455949  41.2415 355.7981  2.02978414 38524
0 COSMOS 1261 DEB
1 29202U 81031L   23286.55152365  .00022918  00000-0  29278-1 0  9992
2 29202  62.2508 324.3009 7455949  41.2415 355.7981  2.02978414151564
0 COSMOS 1261 DEB
1 29202U 81031L   23287.53681456  .00018760  00000-0  23836-1 0  9993
2 29202  62.2451 324.1342 7456057  41.2463 355.8113  2.03006281 38548
0 COSMOS 1261 DEB
1 29202U 81031L   23287.53681456  .00018760  00000-0  23836-1 0  9993
2 29202  62.2451 324.1342 7456057  41.2463 355.8113  2.03006281151588
0 COSMOS 1261 DEB
1 29202U 81031L   23291.96900224  .00015435  00000-0  18692-1 0  9992
2 29202  62.2217 323.3727 7456118  41.3320 355.8179  2.03115216151678
0 COSMOS 1261 DEB
1 29202U 81031L   23292.46133106  .00012901  00000-0  15538-1 0  9996
2 29202  62.2171 323.2848 7456385  41.3242 355.8163  2.03120578 38640
0 COSMOS 1261 DEB
1 29202U 81031L   23292.46133106  .00012901  00000-0  15538-1 0  9996
2 29202  62.2171 323.2848 7456385  41.3242 355.8163  2.03120578151680
0 COSMOS 1261 DEB
1 29202U 81031L   23294.92252615  .00009192  00000-0  10707-1 0  9997
2 29202  62.2064 322.8723 7456664  41.3623 355.7933  2.03180020 38698
0 COSMOS 1261 DEB
1 29202U 81031L   23294.92252615  .00009192  00000-0  10707-1 0  9997
2 29202  62.2064 322.8723 7456664  41.3623 355.7933  2.03180020151739
0 COSMOS 1261 DEB
1 29202U 81031L   23295.41467912  .00008659  00000-0  10002-1 0  9995
2 29202  62.2038 322.7878 7456702  41.3734 355.7897  2.03190724 38708
0 COSMOS 1261 DEB
1 29202U 81031L   23295.41467912  .00008659  00000-0  10002-1 0  9995
2 29202  62.2038 322.7878 7456702  41.3734 355.7897  2.03190724151748
0 COSMOS 1261 DEB
1 29202U 81031L   23295.90680884  .00012120  00000-0  13669-1 0  9994
2 29202  62.2039 322.7076 7456725  41.3824 355.7875  2.03202608 38716
0 COSMOS 1261 DEB
1 29202U 81031L   23295.90680884  .00012120  00000-0  13669-1 0  9994
2 29202  62.2039 322.7076 7456725  41.3824 355.7875  2.03202608151756
0 COSMOS 1261 DEB
1 29202U 81031L   23296.89099057  .00012408  00000-0  13680-1 0  9991
2 29202  62.1983 322.5369 7456802  41.4017 355.7864  2.03224905 38731
0 COSMOS 1261 DEB
1 29202U 81031L   23297.38304525  .00010652  00000-0  11607-1 0  9991
2 29202  62.1960 322.4546 7456900  41.4079 355.7883  2.03234640 38748
0 COSMOS 1261 DEB
1 29202U 81031L   23297.38304525  .00010652  00000-0  11607-1 0  9991
2 29202  62.1960 322.4546 7456900  41.4079 355.7883  2.03234640151788
0 COSMOS 1261 DEB
1 29202U 81031L   23297.87507635  .00012563  00000-0  13517-1 0  9997
2 29202  62.1947 322.3716 7456901  41.4195 355.7902  2.03245885 38757
0 COSMOS 1261 DEB
1 29202U 81031L   23297.87507635  .00012563  00000-0  13517-1 0  9997
2 29202  62.1947 322.3716 7456901  41.4195 355.7902  2.03245885151797
0 COSMOS 1261 DEB
1 29202U 81031L   23299.35100747  .00014758  00000-0  15263-1 0  9993
2 29202  62.1869 322.1180 7457080  41.4434 355.8015  2.03282276 38782
0 COSMOS 1261 DEB
1 29202U 81031L   23299.84292287  .00015756  00000-0  16103-1 0  9991
2 29202  62.1845 322.0335 7457120  41.4513 355.8055  2.03296492 38790
0 COSMOS 1261 DEB
1 29202U 81031L   23300.33479795  .00017530  00000-0  17754-1 0  9994
2 29202  62.1825 321.9496 7457107  41.4608 355.8088  2.03313662 38801
0 COSMOS 1261 DEB
1 29202U 81031L   23300.33479795  .00017530  00000-0  17754-1 0  9994
2 29202  62.1825 321.9496 7457107  41.4608 355.8088  2.03313662151841
0 COSMOS 1261 DEB
1 29202U 81031L   23300.82663068  .00016244  00000-0  16237-1 0  9992
2 29202  62.1799 321.8641 7457083  41.4706 355.8113  2.03329803 38818
0 COSMOS 1261 DEB
1 29202U 81031L   23301.31842419  .00014929  00000-0  14694-1 0  9999
2 29202  62.1777 321.7800 7457090  41.4795 355.8132  2.03344994 38826
0 COSMOS 1261 DEB
1 29202U 81031L   23301.31842419  .00014929  00000-0  14694-1 0  9999
2 29202  62.1777 321.7800 7457090  41.4795 355.8132  2.03344994151866
0 COSMOS 1261 DEB
1 29202U 81031L   23302.30188044  .00020141  00000-0  19647-1 0  9992
2 29202  62.1738 321.6128 7457037  41.4982 355.8135  2.03383850 38843
0 COSMOS 1261 DEB
1 29202U 81031L   23302.30188044  .00020141  00000-0  19647-1 0  9992
2 29202  62.1738 321.6128 7457037  41.4982 355.8135  2.03383850151883
0 COSMOS 1261 DEB
1 29202U 81031L   23303.28514704  .00019115  00000-0  18272-1 0  9998
2 29202  62.1698 321.4455 7456952  41.5164 355.8095  2.03420794 38863
0 COSMOS 1261 DEB
1 29202U 81031L   23303.28514704  .00019115  00000-0  18272-1 0  9998
2 29202  62.1698 321.4455 7456952  41.5164 355.8095  2.03420794151904
0 COSMOS 1261 DEB
1 29202U 81031L   23304.26823994  .00016778  00000-0  15635-1 0  9993
2 29202  62.1688 321.2833 7456922  41.5360 355.8018  2.03453638 38885
0 COSMOS 1261 DEB
1 29202U 81031L   23304.26823994  .00016778  00000-0  15635-1 0  9993
2 29202  62.1688 321.2833 7456922  41.5360 355.8018  2.03453638151926
0 COSMOS 1261 DEB
1 29202U 81031L   23305.25117023  .00016455  00000-0  14853-1 0  9995
2 29202  62.1655 321.1052 7457286  41.5327 355.7958  2.03486710 38900
0 COSMOS 1261 DEB
1 29202U 81031L   23305.25117023  .00016455  00000-0  14853-1 0  9995
2 29202  62.1655 321.1052 7457286  41.5327 355.7958  2.03486710151940
0 COSMOS 1261 DEB
1 29202U 81031L   23306.23393267  .00016929  00000-0  15298-1 0  9990
2 29202  62.1626 320.9424 7456982  41.5612 355.7835  2.03521388 38924
0 COSMOS 1261 DEB
1 29202U 81031L   23306.23393267  .00016929  00000-0  15298-1 0  9990
2 29202  62.1626 320.9424 7456982  41.5612 355.7835  2.03521388151964
0 COSMOS 1261 DEB
1 29202U 81031L   23307.21652920  .00016554  00000-0  14925-1 0  9993
2 29202  62.1593 320.7790 7456758  41.5829 355.7735  2.03555924 38946
0 COSMOS 1261 DEB
1 29202U 81031L   23307.21652920  .00016554  00000-0  14925-1 0  9993
2 29202  62.1593 320.7790 7456758  41.5829 355.7735  2.03555924151986
0 COSMOS 1261 DEB
1 29202U 81031L   23308.19895935  .00017477  00000-0  15719-1 0  9993
2 29202  62.1546 320.6049 7456758  41.5938 355.7676  2.03591714 38964
0 COSMOS 1261 DEB
1 29202U 81031L   23308.19895935  .00017477  00000-0  15719-1 0  9993
2 29202  62.1546 320.6049 7456758  41.5938 355.7676  2.03591714152006
0 COSMOS 1261 DEB
1 29202U 81031L   23309.18121677  .00022538  00000-0  20474-1 0  9996
2 29202  62.1512 320.4361 7456714  41.6062 355.7646  2.03631883152026
0 COSMOS 1261 DEB
1 29202U 81031L   23310.16324377  .00029085  00000-0  26913-1 0  9996
2 29202  62.1485 320.2733 7456192  41.6402 355.7608  2.03689144 39007
0 COSMOS 1261 DEB
1 29202U 81031L   23310.16324377  .00029085  00000-0  26913-1 0  9996
2 29202  62.1485 320.2733 7456192  41.6402 355.7608  2.03689144152047
0 COSMOS 1261 DEB
1 29202U 81031L   23311.14501795  .00021299  00000-0  19543-1 0  9996
2 29202  62.1440 320.0996 7456066  41.6630 355.7624  2.03734625 39025
0 COSMOS 1261 DEB
1 29202U 81031L   23311.14501795  .00021299  00000-0  19543-1 0  9996
2 29202  62.1440 320.0996 7456066  41.6630 355.7624  2.03734625152065
0 COSMOS 1261 DEB
1 29202U 81031L   23312.12657865  .00020000  00000-0  18199-1 0  9990
2 29202  62.1399 319.9273 7456203  41.6617 355.7699  2.03778126 39049
0 COSMOS 1261 DEB
1 29202U 81031L   23312.12657865  .00020000  00000-0  18199-1 0  9990
2 29202  62.1399 319.9273 7456203  41.6617 355.7699  2.03778126152089
0 COSMOS 1261 DEB
1 29202U 81031L   23313.10794042  .00018842  00000-0  17193-1 0  9992
2 29202  62.1360 319.7583 7456136  41.6779 355.7758  2.03819007 39065
0 COSMOS 1261 DEB
1 29202U 81031L   23313.10794042  .00018842  00000-0  17193-1 0  9992
2 29202  62.1360 319.7583 7456136  41.6779 355.7758  2.03819007152106
0 COSMOS 1261 DEB
1 29202U 81031L   23317.03155984  .00014509  00000-0  13418-1 0  9996
2 29202  62.1183 319.0782 7456096  41.7199 355.7876  2.03958341152189
0 COSMOS 1261 DEB
1 29202U 81031L   23317.52182214  .00015196  00000-0  14079-1 0  9993
2 29202  62.1143 318.9902 7455915  41.7556 355.7809  2.03977345 39155
0 COSMOS 1261 DEB
1 29202U 81031L   23317.52182214  .00015196  00000-0  14079-1 0  9993
2 29202  62.1143 318.9902 7455915  41.7556 355.7809  2.03977345152195
0 COSMOS 1261 DEB
1 29202U 81031L   23318.50224585  .00011576  00000-0  10825-1 0  9993
2 29202  62.1120 318.8298 7456088  41.7652 355.7732  2.04003870 39177
0 COSMOS 1261 DEB
1 29202U 81031L   23318.50224585  .00011576  00000-0  10825-1 0  9993
2 29202  62.1120 318.8298 7456088  41.7652 355.7732  2.04003870152218
0 COSMOS 1261 DEB
1 29202U 81031L   23319.48254088  .00010515  00000-0  96825-2 0  9999
2 29202  62.1080 318.6579 7456524  41.7671 355.7636  2.04028649 39194
0 COSMOS 1261 DEB
1 29202U 81031L   23319.48254088  .00010515  00000-0  96825-2 0  9999
2 29202  62.1080 318.6579 7456524  41.7671 355.7636  2.04028649152235
0 COSMOS 1261 DEB
1 29202U 81031L   23319.97264205  .00012635  00000-0  11353-1 0  9992
2 29202  62.1055 318.5729 7456666  41.7738 355.7570  2.04041852 39203
0 COSMOS 1261 DEB
1 29202U 81031L   23319.97264205  .00012635  00000-0  11353-1 0  9992
2 29202  62.1055 318.5729 7456666  41.7738 355.7570  2.04041852152243
0 COSMOS 1261 DEB
1 29202U 81031L   23320.95276365  .00011711  00000-0  10418-1 0  9997
2 29202  62.1004 318.4034 7456980  41.7866 355.7434  2.04063574152262
0 COSMOS 1261 DEB
1 29202U 81031L   23321.44278900  .00009586  00000-0  86434-2 0  9998
2 29202  62.0974 318.3183 7457093  41.7955 355.7365  2.04071977 39236
0 COSMOS 1261 DEB
1 29202U 81031L   23321.44278900  .00009586  00000-0  86434-2 0  9998
2 29202  62.0974 318.3183 7457093  41.7955 355.7365  2.04071977152276
0 COSMOS 1261 DEB
1 29202U 81031L   23321.93279335  .00009833  00000-0  87482-2 0  9994
2 29202  62.0951 318.2336 7457268  41.8045 355.7302  2.04080706 39247
0 COSMOS 1261 DEB
1 29202U 81031L   23322.91274158  .00010387  00000-0  89809-2 0  9992
2 29202  62.0905 318.0640 7457573  41.8216 355.7200  2.04099029 39268
0 COSMOS 1261 DEB
1 29202U 81031L   23323.89260218  .00010055  00000-0  85326-2 0  9994
2 29202  62.0853 317.8942 7457744  41.8427 355.7132  2.04118237 39285
0 COSMOS 1261 DEB
1 29202U 81031L   23323.89260218  .00010055  00000-0  85326-2 0  9994
2 29202  62.0853 317.8942 7457744  41.8427 355.7132  2.04118237152326
0 COSMOS 1261 DEB
1 29202U 81031L   23324.38249657  .00011565  00000-0  94942-2 0  9994
2 29202  62.0814 317.7997 7458014  41.8425 355.7132  2.04130046 39293
0 COSMOS 1261 DEB
1 29202U 81031L   23324.38249657  .00011565  00000-0  94942-2 0  9994
2 29202  62.0814 317.7997 7458014  41.8425 355.7132  2.04130046152334
0 COSMOS 1261 DEB
1 29202U 81031L   23325.36219593  .00012911  00000-0  10403-1 0  9994
2 29202  62.0793 317.6467 7457773  41.8793 355.7093  2.04156317 39317
0 COSMOS 1261 DEB
1 29202U 81031L   23325.36219593  .00012911  00000-0  10403-1 0  9994
2 29202  62.0793 317.6467 7457773  41.8793 355.7093  2.04156317152357
0 COSMOS 1261 DEB
1 29202U 81031L   23325.85199754  .00017722  00000-0  13868-1 0  9997
2 29202  62.0766 317.5602 7457806  41.8887 355.7098  2.04172737 39328
0 COSMOS 1261 DEB
1 29202U 81031L   23325.85199754  .00017722  00000-0  13868-1 0  9997
2 29202  62.0766 317.5602 7457806  41.8887 355.7098  2.04172737152368
0 COSMOS 1261 DEB
1 29202U 81031L   23329.27936363  .00020568  00000-0  14798-1 0  9997
2 29202  62.0532 316.9529 7457653  41.9765 355.7022  2.04302185 39392
0 COSMOS 1261 DEB
1 29202U 81031L   23330.25819564  .00016959  00000-0  11846-1 0  9990
2 29202  62.0465 316.7801 7457645  41.9940 355.6936  2.04341694 39418
0 COSMOS 1261 DEB
1 29202U 81031L   23330.25819564  .00016959  00000-0  11846-1 0  9990
2 29202  62.0465 316.7801 7457645  41.9940 355.6936  2.04341694152458
0 COSMOS 1261 DEB
1 29202U 81031L   23332.21527515  .00018043  00000-0  12139-1 0  9992
2 29202  62.0372 316.4570 7457237  42.0397 355.6653  2.04416754 39450
0 COSMOS 1261 DEB
1 29202U 81031L   23332.21527515  .00018043  00000-0  12139-1 0  9992
2 29202  62.0372 316.4570 7457237  42.0397 355.6653  2.04416754152490
0 COSMOS 1261 DEB
1 29202U 81031L   23333.19354447  .00018468  00000-0  12242-1 0  9998
2 29202  62.0325 316.2980 7456978  42.0611 355.6497  2.04456232 39474
0 COSMOS 1261 DEB
1 29202U 81031L   23333.19354447  .00018468  00000-0  12242-1 0  9998
2 29202  62.0325 316.2980 7456978  42.0611 355.6497  2.04456232152515
0 COSMOS 1261 DEB
1 29202U 81031L   23334.17164497  .00019385  00000-0  11885-1 0  9992
2 29202  62.0349 316.1112 7458287  42.0231 355.6464  2.04493904152533
0 COSMOS 1261 DEB
1 29202U 81031L   23335.14956053  .00018667  00000-0  11392-1 0  9992
2 29202  62.0316 315.9518 7457889  42.0554 355.6326  2.04530091 39517
0 COSMOS 1261 DEB
1 29202U 81031L   23335.14956053  .00018667  00000-0  11392-1 0  9992
2 29202  62.0316 315.9518 7457889  42.0554 355.6326  2.04530091152557
0 COSMOS 1261 DEB
1 29202U 81031L   23336.12728816  .00033864  00000-0  21350-1 0  9996
2 29202  62.0292 315.7872 7457466  42.0903 355.6215  2.04579178 39538
0 COSMOS 1261 DEB
1 29202U 81031L   23336.12728816  .00033864  00000-0  21350-1 0  9996
2 29202  62.0292 315.7872 7457466  42.0903 355.6215  2.04579178152578
0 COSMOS 1261 DEB
1 29202U 81031L   23337.10477089  .00015762  00000-0  94018-2 0  9997
2 29202  62.0246 315.6141 7457417  42.1056 355.6169  2.04621818 39550
0 COSMOS 1261 DEB
1 29202U 81031L   23337.10477089  .00015762  00000-0  94018-2 0  9997
2 29202  62.0246 315.6141 7457417  42.1056 355.6169  2.04621818152590
0 COSMOS 1261 DEB
1 29202U 81031L   23337.59343786  .00019348  00000-0  11722-1 0  9990
2 29202  62.0214 315.5245 7457303  42.1230 355.6143  2.04646711152600
0 COSMOS 1261 DEB
1 29202U 81031L   23338.08208409  .00017688  00000-0  10685-1 0  9999
2 29202  62.0203 315.4417 7457278  42.1383 355.6129  2.04657941 39579
0 COSMOS 1261 DEB
1 29202U 81031L   23338.08208409  .00017688  00000-0  10685-1 0  9999
2 29202  62.0203 315.4417 7457278  42.1383 355.6129  2.04657941152610
0 COSMOS 1261 DEB
1 29202U 81031L   23339.05923545  .00017838  00000-0  10793-1 0  9999
2 29202  62.0166 315.2716 7457298  42.1557 355.6133  2.04694307 39596
0 COSMOS 1261 DEB
1 29202U 81031L   23340.03621783  .00016920  00000-0  10258-1 0  9995
2 29202  62.0132 315.1011 7457344  42.1728 355.6151  2.04729391 39613
0 COSMOS 1261 DEB
1 29202U 81031L   23341.01302658  .00016114  00000-0  98424-2 0  9998
2 29202  62.0087 314.9301 7457333  42.1904 355.6167  2.04765096 39636
0 COSMOS 1261 DEB
1 29202U 81031L   23341.01302658  .00016114  00000-0  98424-2 0  9998
2 29202  62.0087 314.9301 7457333  42.1904 355.6167  2.04765096152676
0 COSMOS 1261 DEB
1 29202U 81031L   23343.94254415  .00012111  00000-0  75689-2 0  9990
2 29202  61.9954 314.4171 7457530  42.2209 355.6130  2.04852845 39690
0 COSMOS 1261 DEB
1 29202U 81031L   23343.94254415  .00012111  00000-0  75689-2 0  9990
2 29202  61.9954 314.4171 7457530  42.2209 355.6130  2.04852845152731
0 COSMOS 1261 DEB
1 29202U 81031L   23345.40681596  .00011346  00000-0  71241-2 0  9996
2 29202  61.9854 314.1558 7457515  42.2561 355.5971  2.04894424 39724
0 COSMOS 1261 DEB
1 29202U 81031L   23345.40681596  .00011346  00000-0  71241-2 0  9996
2 29202  61.9854 314.1558 7457515  42.2561 355.5971  2.04894424152764
0 COSMOS 1261 DEB
1 29202U 81031L   23350.28604027  .00015952  00000-0  89180-2 0  9990
2 29202  61.9573 313.3043 7458263  42.3788 355.5237  2.05017673 39825
0 COSMOS 1261 DEB
1 29202U 81031L   23350.28604027  .00015952  00000-0  89180-2 0  9990
2 29202  61.9573 313.3043 7458263  42.3788 355.5237  2.05017673152865
0 COSMOS 1261 DEB
1 29202U 81031L   23350.77379120  .00017103  00000-0  91639-2 0  9999
2 29202  61.9509 313.2197 7458859  42.3889 355.5211  2.05036069 39839
0 COSMOS 1261 DEB
1 29202U 81031L   23351.74917777  .00017830  00000-0  92454-2 0  9996
2 29202  61.9506 313.0484 7459075  42.4046 355.5168  2.05062248 39851
0 COSMOS 1261 DEB
1 29202U 81031L   23351.74917777  .00017830  00000-0  92454-2 0  9996
2 29202  61.9506 313.0484 7459075  42.4046 355.5168  2.05062248152891
0 COSMOS 1261 DEB
1 29202U 81031L   23352.72439164  .00022906  00000-0  11525-1 0  9993
2 29202  61.9452 312.8778 7458981  42.4261 355.5141  2.05106985 39878
0 COSMOS 1261 DEB
1 29202U 81031L   23352.72439164  .00022906  00000-0  11525-1 0  9993
2 29202  61.9452 312.8778 7458981  42.4261 355.5141  2.05106985152919
0 COSMOS 1261 DEB
1 29202U 81031L   23353.21193620  .00021312  00000-0  10611-1 0  9997
2 29202  61.9425 312.7929 7458965  42.4364 355.5136  2.05119101 39880
0 COSMOS 1261 DEB
1 29202U 81031L   23353.21193620  .00021312  00000-0  10611-1 0  9997
2 29202  61.9425 312.7929 7458965  42.4364 355.5136  2.05119101152921
0 COSMOS 1261 DEB
1 29202U 81031L   23353.69942994  .00018707  00000-0  91905-2 0  9995
2 29202  61.9403 312.7081 7458897  42.4467 355.5131  2.05138946 39897
0 COSMOS 1261 DEB
1 29202U 81031L   23354.67427769  .00032651  00000-0  15598-1 0  9999
2 29202  61.9348 312.5370 7458784  42.4695 355.5112  2.05200979 39910
0 COSMOS 1261 DEB
1 29202U 81031L   23354.67427769  .00032651  00000-0  15598-1 0  9999
2 29202  61.9348 312.5370 7458784  42.4695 355.5112  2.05200979152950
0 COSMOS 1261 DEB
1 29202U 81031L   23355.16163414  .00021606  00000-0  10091-1 0  9999
2 29202  61.9295 312.4520 7458929  42.4773 355.5105  2.05198813 39921
0 COSMOS 1261 DEB
1 29202U 81031L   23355.16163414  .00021606  00000-0  10091-1 0  9999
2 29202  61.9295 312.4520 7458929  42.4773 355.5105  2.05198813152961
0 COSMOS 1261 DEB
1 29202U 81031L   23355.64893676  .00019767  00000-0  90460-2 0  9996
2 29202  61.9278 312.3677 7458922  42.4876 355.5084  2.05218610 39936
0 COSMOS 1261 DEB
1 29202U 81031L   23356.13619199  .00019964  00000-0  89877-2 0  9996
2 29202  61.9255 312.2821 7458916  42.4988 355.5052  2.05238114 39945
0 COSMOS 1261 DEB
1 29202U 81031L   23357.11055441  .00020837  00000-0  91333-2 0  9990
2 29202  61.9202 312.1119 7458861  42.5195 355.4964  2.05279051 39964
0 COSMOS 1261 DEB
1 29202U 81031L   23357.11055441  .00020837  00000-0  91333-2 0  9990
2 29202  61.9202 312.1119 7458861  42.5195 355.4964  2.05279051153006
0 COSMOS 1261 DEB
1 29202U 81031L   23358.08472754  .00020829  00000-0  89413-2 0  9994
2 29202  61.9156 311.9411 7458780  42.5404 355.4844  2.05317225 39982
0 COSMOS 1261 DEB
1 29202U 81031L   23358.57173781  .00021691  00000-0  92752-2 0  9994
2 29202  61.9136 311.8556 7458690  42.5519 355.4773  2.05341165 39998
0 COSMOS 1261 DEB
1 29202U 81031L   23359.54563204  .00019860  00000-0  83144-2 0  9995
2 29202  61.9110 311.6849 7458747  42.5728 355.4633  2.05377984 40016
0 COSMOS 1261 DEB
1 29202U 81031L   23359.54563204  .00019860  00000-0  83144-2 0  9995
2 29202  61.9110 311.6849 7458747  42.5728 355.4633  2.05377984153055
0 COSMOS 1261 DEB
1 29202U 81031L   23360.03250703  .00019849  00000-0  82806-2 0  9999
2 29202  61.9105 311.5999 7458775  42.5816 355.4565  2.05396512 40027
0 COSMOS 1261 DEB
1 29202U 81031L   23361.00612100  .00018696  00000-0  78408-2 0  9992
2 29202  61.9060 311.4286 7458641  42.6003 355.4433  2.05433880153081
0 COSMOS 1261 DEB
1 29202U 81031L   23361.49285678  .00019250  00000-0  81505-2 0  9990
2 29202  61.9030 311.3423 7458531  42.6109 355.4372  2.05456337 40051
0 COSMOS 1261 DEB
1 29202U 81031L   23362.46620674  .00017572  00000-0  75312-2 0  9991
2 29202  61.8998 311.1709 7458484  42.6291 355.4281  2.05491993 40075
0 COSMOS 1261 DEB
1 29202U 81031L   23362.46620674  .00017572  00000-0  75312-2 0  9991
2 29202  61.8998 311.1709 7458484  42.6291 355.4281  2.05491993153115
0 COSMOS 1261 DEB
1 29202U 81031L   23362.95282126  .00017007  00000-0  73422-2 0  9994
2 29202  61.8983 311.0863 7458501  42.6376 355.4250  2.05507858 40088
0 COSMOS 1261 DEB
1 29202U 81031L   23362.95282126  .00017007  00000-0  73422-2 0  9994
2 29202  61.8983 311.0863 7458501  42.6376 355.4250  2.05507858153128
0 COSMOS 1261 DEB
1 29202U 81031L   23365.87163593  .00016479  00000-0  72499-2 0  9999
2 29202  61.8825 310.5707 7458622  42.6894 355.4214  2.05611181 40145
0 COSMOS 1261 DEB
1 29202U 81031L   23365.87163593  .00016479  00000-0  72499-2 0  9999
2 29202  61.8825 310.5707 7458622  42.6894 355.4214  2.05611181153184
0 COSMOS 1261 DEB
1 29202U 81031L   24001.84426450  .00017910  00000-0  77751-2 0  9995
2 29202  61.8760 310.3972 7458612  42.7045 355.4243  2.05645569 40164
0 COSMOS 1261 DEB
1 29202U 81031L   24001.84426450  .00017910  00000-0  77751-2 0  9995
2 29202  61.8760 310.3972 7458612  42.7045 355.4243  2.05645569153204
0 COSMOS 1261 DEB
1 29202U 81031L   24003.30289528  .00017862  00000-0  75667-2 0  9991
2 29202  61.8672 310.1380 7458554  42.7393 355.4275  2.05698700 40191
0 COSMOS 1261 DEB
1 29202U 81031L   24007.67665498  .00017627  00000-0  66519-2 0  9994
2 29202  61.8451 309.3624 7458558  42.8480 355.4100  2.05842202 40284
0 COSMOS 1261 DEB
1 29202U 81031L   24007.67665498  .00017627  00000-0  66519-2 0  9994
2 29202  61.8451 309.3624 7458558  42.8480 355.4100  2.05842202153324
0 COSMOS 1261 DEB
1 29202U 81031L   24008.16240570  .00018099  00000-0  66331-2 0  9995
2 29202  61.8362 309.2772 7458791  42.8441 355.4071  2.05865379 40292
0 COSMOS 1261 DEB
1 29202U 81031L   24008.16240570  .00018099  00000-0  66331-2 0  9995
2 29202  61.8362 309.2772 7458791  42.8441 355.4071  2.05865379153332
0 COSMOS 1261 DEB
1 29202U 81031L   24009.61944577  .00020722  00000-0  72578-2 0  9990
2 29202  61.8318 309.0200 7458814  42.8729 355.3894  2.05920875 40321
0 COSMOS 1261 DEB
1 29202U 81031L   24009.61944577  .00020722  00000-0  72578-2 0  9990
2 29202  61.8318 309.0200 7458814  42.8729 355.3894  2.05920875153360
0 COSMOS 1261 DEB
1 29202U 81031L   24010.10504058  .00018633  00000-0  63238-2 0  9993
2 29202  61.8268 308.9342 7459071  42.8723 355.3853  2.05938003 40338
0 COSMOS 1261 DEB
1 29202U 81031L   24010.10504058  .00018633  00000-0  63238-2 0  9993
2 29202  61.8268 308.9342 7459071  42.8723 355.3853  2.05938003153377
0 COSMOS 1261 DEB
1 29202U 81031L   24011.07609001  .00021226  00000-0  70147-2 0  9993
2 29202  61.8219 308.7621 7459053  42.8942 355.3740  2.05978101 40355
0 COSMOS 1261 DEB
1 29202U 81031L   24011.07609001  .00021226  00000-0  70147-2 0  9993
2 29202  61.8219 308.7621 7459053  42.8942 355.3740  2.05978101153394
0 COSMOS 1261 DEB
1 29202U 81031L   24012.04694089  .00023834  00000-0  77169-2 0  9999
2 29202  61.8143 308.5852 7458953  42.9179 355.3648  2.06023648 40373
0 COSMOS 1261 DEB
1 29202U 81031L   24012.04694089  .00023834  00000-0  77169-2 0  9999
2 29202  61.8143 308.5852 7458953  42.9179 355.3648  2.06023648153413
0 COSMOS 1261 DEB
1 29202U 81031L   24013.01758128  .00025512  00000-0  81362-2 0  9997
2 29202  61.8099 308.4133 7458809  42.9459 355.3586  2.06070150 40398
0 COSMOS 1261 DEB
1 29202U 81031L   24013.01758128  .00025512  00000-0  81362-2 0  9997
2 29202  61.8099 308.4133 7458809  42.9459 355.3586  2.06070150153438
0 COSMOS 1261 DEB
1 29202U 81031L   24013.98800037  .00027556  00000-0  85967-2 0  9995
2 29202  61.8077 308.2476 7458887  42.9571 355.3587  2.06120896 40410
0 COSMOS 1261 DEB
1 29202U 81031L   24013.98800037  .00027556  00000-0  85967-2 0  9995
2 29202  61.8077 308.2476 7458887  42.9571 355.3587  2.06120896153459
0 COSMOS 1261 DEB
1 29202U 81031L   24014.95816989  .00030653  00000-0  95352-2 0  9997
2 29202  61.8034 308.0722 7458681  42.9796 355.3593  2.06177843 40439
0 COSMOS 1261 DEB
1 29202U 81031L   24015.44313218  .00032252  00000-0  10122-1 0  9997
2 29202  61.8003 307.9826 7458319  43.0003 355.3583  2.06216915 40443
0 COSMOS 1261 DEB
1 29202U 81031L   24015.44313218  .00032252  00000-0  10122-1 0  9997
2 29202  61.8003 307.9826 7458319  43.0003 355.3583  2.06216915153482
0 COSMOS 1261 DEB
1 29202U 81031L   24015.92806348  .00027756  00000-0  87045-2 0  9993
2 29202  61.7999 307.8982 7458236  43.0175 355.3585  2.06234433 40454
0 COSMOS 1261 DEB
1 29202U 81031L   24015.92806348  .00027756  00000-0  87045-2 0  9993
2 29202  61.7999 307.8982 7458236  43.0175 355.3585  2.06234433153493
0 COSMOS 1261 DEB
1 29202U 81031L   24016.89768189  .00028214  00000-0  88759-2 0  9993
2 29202  61.7966 307.7247 7457987  43.0378 355.3597  2.06294833 40473
0 COSMOS 1261 DEB
1 29202U 81031L   24016.89768189  .00028214  00000-0  88759-2 0  9993
2 29202  61.7966 307.7247 7457987  43.0378 355.3597  2.06294833153513
0 COSMOS 1261 DEB
1 29202U 81031L   24019.32053705  .00030541  00000-0  95452-2 0  9999
2 29202  61.7867 307.2905 7457520  43.0924 355.3512  2.06439968 40522
0 COSMOS 1261 DEB
1 29202U 81031L   24019.32053705  .00030541  00000-0  95452-2 0  9999
2 29202  61.7867 307.2905 7457520  43.0924 355.3512  2.06439968153561
0 COSMOS 1261 DEB
1 29202U 81031L   24019.80490754  .00026877  00000-0  84040-2 0  9999
2 29202  61.7824 307.2032 7457457  43.0976 355.3481  2.06463472 40535
0 COSMOS 1261 DEB
1 29202U 81031L   24019.80490754  .00026877  00000-0  84040-2 0  9999
2 29202  61.7824 307.2032 7457457  43.0976 355.3481  2.06463472153574
0 COSMOS 1261 DEB
1 29202U 81031L   24021.25764299  .00025180  00000-0  78238-2 0  9997
2 29202  61.7729 306.9393 7457057  43.1314 355.3335  2.06541711 40562
0 COSMOS 1261 DEB
1 29202U 81031L   24022.22583646  .00022008  00000-0  67724-2 0  9994
2 29202  61.7616 306.7668 7456977  43.1411 355.3254  2.06579874 40581
0 COSMOS 1261 DEB
1 29202U 81031L   24022.22583646  .00022008  00000-0  67724-2 0  9994
2 29202  61.7616 306.7668 7456977  43.1411 355.3254  2.06579874153621
0 COSMOS 1261 DEB
1 29202U 81031L   24023.19379896  .00033870  00000-0  10107-1 0  9992
2 29202  61.7566 306.5948 7456603  43.1610 355.3168  2.06649519 40602
0 COSMOS 1261 DEB
1 29202U 81031L   24023.19379896  .00033870  00000-0  10107-1 0  9992
2 29202  61.7566 306.5948 7456603  43.1610 355.3168  2.06649519153641
0 COSMOS 1261 DEB
1 29202U 81031L   24025.61263886  .00031336  00000-0  88496-2 0  9994
2 29202  61.7490 306.1621 7456219  43.2084 355.3088  2.06778528 40650
0 COSMOS 1261 DEB
1 29202U 81031L   24025.61263886  .00031336  00000-0  88496-2 0  9994
2 29202  61.7490 306.1621 7456219  43.2084 355.3088  2.06778528153699
0 COSMOS 1261 DEB
1 29202U 81031L   24026.09622036  .00029842  00000-0  84590-2 0  9993
2 29202  61.7532 306.0901 7455858  43.2498 355.3047  2.06802633 40665
0 COSMOS 1261 DEB
1 29202U 81031L   24026.09622036  .00029842  00000-0  84590-2 0  9993
2 29202  61.7532 306.0901 7455858  43.2498 355.3047  2.06802633153705
0 COSMOS 1261 DEB
1 29202U 81031L   24027.06318887  .00035881  00000-0  99789-2 0  9993
2 29202  61.7477 305.9142 7455498  43.2774 355.3064  2.06863193 40684
0 COSMOS 1261 DEB
1 29202U 81031L   24027.06318887  .00035881  00000-0  99789-2 0  9993
2 29202  61.7477 305.9142 7455498  43.2774 355.3064  2.06863193153724
0 COSMOS 1261 DEB
1 29202U 81031L   24028.02988163  .00034289  00000-0  92528-2 0  9995
2 29202  61.7285 305.7044 7455340  43.2878 355.3128  2.06921879 40701
0 COSMOS 1261 DEB
1 29202U 81031L   24028.02988163  .00034289  00000-0  92528-2 0  9995
2 29202  61.7285 305.7044 7455340  43.2878 355.3128  2.06921879153740
0 COSMOS 1261 DEB
1 29202U 81031L   24028.99628769  .00034781  00000-0  90921-2 0  9996
2 29202  61.7264 305.5537 7455213  43.2951 355.3206  2.06985678 40720
0 COSMOS 1261 DEB
1 29202U 81031L   24028.99628769  .00034781  00000-0  90921-2 0  9996
2 29202  61.7264 305.5537 7455213  43.2951 355.3206  2.06985678153769
0 COSMOS 1261 DEB
1 29202U 81031L   24030.92814279  .00034702  00000-0  86622-2 0  9991
2 29202  61.7200 305.2027 7454816  43.3213 355.3341  2.07125635 40765
0 COSMOS 1261 DEB
1 29202U 81031L   24030.92814279  .00034702  00000-0  86622-2 0  9991
2 29202  61.7200 305.2027 7454816  43.3213 355.3341  2.07125635153805
0 COSMOS 1261 DEB
1 29202U 81031L   24032.37611290  .00035674  00000-0  89380-2 0  9993
2 29202  61.7137 304.9399 7454080  43.3560 355.3370  2.07240239 40793
0 COSMOS 1261 DEB
1 29202U 81031L   24032.37611290  .00035674  00000-0  89380-2 0  9993
2 29202  61.7137 304.9399 7454080  43.3560 355.3370  2.07240239153833
0 COSMOS 1261 DEB
1 29202U 81031L   24039.60490599  .00042421  00000-0  99663-2 0  9996
2 29202  61.6758 303.6260 7451126  43.5278 355.2977  2.07783453 40949
0 COSMOS 1261 DEB
1 29202U 81031L   24039.60490599  .00042421  00000-0  99663-2 0  9996
2 29202  61.6758 303.6260 7451126  43.5278 355.2977  2.07783453153988
0 COSMOS 1261 DEB
1 29202U 81031L   24040.08613803  .00058196  00000-0  13101-1 0  9993
2 29202  61.6810 303.5406 7451300  43.5493 355.2970  2.07837958 40956
0 COSMOS 1261 DEB
1 29202U 81031L   24040.08613803  .00058196  00000-0  13101-1 0  9993
2 29202  61.6810 303.5406 7451300  43.5493 355.2970  2.07837958153995
0 COSMOS 1261 DEB
1 29202U 81031L   24041.52914997  .00048086  00000-0  10459-1 0  9991
2 29202  61.6662 303.2772 7450637  43.5841 355.2997  2.07964130 40988
0 COSMOS 1261 DEB
1 29202U 81031L   24041.52914997  .00048086  00000-0  10459-1 0  9991
2 29202  61.6662 303.2772 7450637  43.5841 355.2997  2.07964130154029
0 COSMOS 1261 DEB
1 29202U 81031L   24042.00994054  .00057769  00000-0  12384-1 0  9994
2 29202  61.6615 303.1885 7450396  43.5960 355.3015  2.08017595154033
0 COSMOS 1261 DEB
1 29202U 81031L   24042.49061082  .00058983  00000-0  12502-1 0  9994
2 29202  61.6581 303.0991 7450084  43.6091 355.3032  2.08071772 41000
0 COSMOS 1261 DEB
1 29202U 81031L   24042.97115461  .00056534  00000-0  11895-1 0  9992
2 29202  61.6562 303.0129 7449718  43.6201 355.3050  2.08123643 41013
0 COSMOS 1261 DEB
1 29202U 81031L   24042.97115461  .00056534  00000-0  11895-1 0  9992
2 29202  61.6562 303.0129 7449718  43.6201 355.3050  2.08123643154052
0 COSMOS 1261 DEB
1 29202U 81031L   24043.93184138  .00059525  00000-0  12268-1 0  9994
2 29202  61.6510 302.8388 7449047  43.6363 355.3087  2.08241559 41033
0 COSMOS 1261 DEB
1 29202U 81031L   24043.93184138  .00059525  00000-0  12268-1 0  9994
2 29202  61.6510 302.8388 7449047  43.6363 355.3087  2.08241559154072
0 COSMOS 1261 DEB
1 29202U 81031L   24044.89198497  .00064830  00000-0  13383-1 0  9997
2 29202  61.6471 302.6616 7448076  43.6696 355.3073  2.08361313 41059
0 COSMOS 1261 DEB
1 29202U 81031L   24044.89198497  .00064830  00000-0  13383-1 0  9997
2 29202  61.6471 302.6616 7448076  43.6696 355.3073  2.08361313154098
0 COSMOS 1261 DEB
1 29202U 81031L   24046.81057572  .00057672  00000-0  11748-1 0  9998
2 29202  61.6406 302.3086 7446557  43.7090 355.3005  2.08601294 41090
0 COSMOS 1261 DEB
1 29202U 81031L   24046.81057572  .00057672  00000-0  11748-1 0  9998
2 29202  61.6406 302.3086 7446557  43.7090 355.3005  2.08601294154130
0 COSMOS 1261 DEB
1 29202U 81031L   24047.28983917  .00079517  00000-0  15992-1 0  9998
2 29202  61.6358 302.2131 7446099  43.7087 355.2985  2.08690132 41100
0 COSMOS 1261 DEB
1 29202U 81031L   24047.28983917  .00079517  00000-0  15992-1 0  9998
2 29202  61.6358 302.2131 7446099  43.7087 355.2985  2.08690132154149
0 COSMOS 1261 DEB
1 29202U 81031L   24049.68424981  .00060691  00000-0  12178-1 0  9991
2 29202  61.6253 301.7734 7444132  43.7679 355.2789  2.08961049 41155
0 COSMOS 1261 DEB
1 29202U 81031L   24049.68424981  .00060691  00000-0  12178-1 0  9991
2 29202  61.6253 301.7734 7444132  43.7679 355.2789  2.08961049154194
0 COSMOS 1261 DEB
1 29202U 81031L   24050.16268926  .00059555  00000-0  12055-1 0  9992
2 29202  61.6241 301.6960 7443355  43.8107 355.2706  2.09036783 41164
0 COSMOS 1261 DEB
1 29202U 81031L   24050.16268926  .00059555  00000-0  12055-1 0  9992
2 29202  61.6241 301.6960 7443355  43.8107 355.2706  2.09036783154204
0 COSMOS 1261 DEB
1 29202U 81031L   24052.07494733  .00066796  00000-0  12958-1 0  9998
2 29202  61.6111 301.3398 7441658  43.8474 355.2650  2.09304868 41208
0 COSMOS 1261 DEB
1 29202U 81031L   24052.07494733  .00066796  00000-0  12958-1 0  9998
2 29202  61.6111 301.3398 7441658  43.8474 355.2650  2.09304868154247
0 COSMOS 1261 DEB
1 29202U 81031L   24053.50710603  .00083784  00000-0  15431-1 0  9999
2 29202  61.6013 301.0722 7439938  43.8658 355.2676  2.09598084 41235
0 COSMOS 1261 DEB
1 29202U 81031L   24053.50710603  .00083784  00000-0  15431-1 0  9999
2 29202  61.6013 301.0722 7439938  43.8658 355.2676  2.09598084154274
0 COSMOS 1261 DEB
1 29202U 81031L   24053.98389650  .00095151  00000-0  17407-1 0  9991
2 29202  61.5989 300.9839 7438518  43.8790 355.2663  2.09779474 41244
0 COSMOS 1261 DEB
1 29202U 81031L   24053.98389650  .00095151  00000-0  17407-1 0  9991
2 29202  61.5989 300.9839 7438518  43.8790 355.2663  2.09779474154283
0 COSMOS 1261 DEB
1 29202U 81031L   24054.93609571  .00138389  00000-0  24881-1 0  9999
2 29202  61.5974 300.8147 7435372  43.8984 355.2647  2.10192372 41261
0 COSMOS 1261 DEB
1 29202U 81031L   24054.93609571  .00138389  00000-0  24881-1 0  9999
2 29202  61.5974 300.8147 7435372  43.8984 355.2647  2.10192372154301
0 COSMOS 1261 DEB
1 29202U 81031L   24056.83491561  .00249329  00000-0  43800-1 0  9997
2 29202  61.5912 300.4567 7428312  43.9529 355.2590  2.11099105 41300
0 COSMOS 1261 DEB
1 29202U 81031L   24056.83491561  .00249329  00000-0  43800-1 0  9997
2 29202  61.5912 300.4567 7428312  43.9529 355.2590  2.11099105154349
0 COSMOS 1261 DEB
1 29202U 81031L   24057.78259322  .00190434  00000-0  32846-1 0  9999
2 29202  61.5928 300.2856 7427807  43.9725 355.2647  2.11200659 41325
0 COSMOS 1261 DEB
1 29202U 81031L   24057.78259322  .00190434  00000-0  32846-1 0  9999
2 29202  61.5928 300.2856 7427807  43.9725 355.2647  2.11200659154364
0 COSMOS 1261 DEB
1 29202U 81031L   24064.84073267  .00188070  00000-0  28757-1 0  9995
2 29202  61.5549 298.9501 7407367  44.1582 355.1958  2.13919221 41471
0 COSMOS 1261 DEB
1 29202U 81031L   24064.84073267  .00188070  00000-0  28757-1 0  9995
2 29202  61.5549 298.9501 7407367  44.1582 355.1958  2.13919221154511
0 COSMOS 1261 DEB
1 29202U 81031L   24065.77474425  .00211257  00000-0  31798-1 0  9992
2 29202  61.5519 298.7728 7404332  44.1818 355.1836  2.14319838 41494
0 COSMOS 1261 DEB
1 29202U 81031L   24065.77474425  .00211257  00000-0  31798-1 0  9992
2 29202  61.5519 298.7728 7404332  44.1818 355.1836  2.14319838154534
0 COSMOS 1261 DEB
1 29202U 81031L   24066.70707070  .00243984  00000-0  36283-1 0  9997
2 29202  61.5484 298.5943 7401182  44.2139 355.1721  2.14727541 41519
0 COSMOS 1261 DEB
1 29202U 81031L   24066.70707070  .00243984  00000-0  36283-1 0  9997
2 29202  61.5484 298.5943 7401182  44.2139 355.1721  2.14727541154558
0 COSMOS 1261 DEB
1 29202U 81031L   24069.49291748  .00261100  00000-0  35815-1 0  9996
2 29202  61.5355 298.0567 7391607  44.2772 355.1530  2.16051732 41574
0 COSMOS 1261 DEB
1 29202U 81031L   24069.49291748  .00261100  00000-0  35815-1 0  9996
2 29202  61.5355 298.0567 7391607  44.2772 355.1530  2.16051732154614
0 COSMOS 1261 DEB
1 29202U 81031L   24070.87903849  .00271748  00000-0  36154-1 0  9998
2 29202  61.5226 297.7715 7385983  44.3213 355.1404  2.16798163 41603
0 COSMOS 1261 DEB
1 29202U 81031L   24070.87903849  .00271748  00000-0  36154-1 0  9998
2 29202  61.5226 297.7715 7385983  44.3213 355.1404  2.16798163154642
0 COSMOS 1261 DEB
1 29202U 81031L   24073.63719088  .00265179  00000-0  33679-1 0  9995
2 29202  61.5137 297.2470 7374859  44.3916 355.1039  2.18251101 41665
0 COSMOS 1261 DEB
1 29202U 81031L   24073.63719088  .00265179  00000-0  33679-1 0  9995
2 29202  61.5137 297.2470 7374859  44.3916 355.1039  2.18251101154705
0 COSMOS 1261 DEB
1 29202U 81031L   24075.46614940  .00223044  00000-0  27312-1 0  9991
2 29202  61.5046 296.8860 7368213  44.4398 355.0720  2.19137697 41709
0 COSMOS 1261 DEB
1 29202U 81031L   24075.46614940  .00223044  00000-0  27312-1 0  9991
2 29202  61.5046 296.8860 7368213  44.4398 355.0720  2.19137697154748
0 COSMOS 1261 DEB
1 29202U 81031L   24077.74448667  .00203214  00000-0  24294-1 0  9998
2 29202  61.4952 296.4464 7362284  44.5190 355.0381  2.19914131 41757
0 COSMOS 1261 DEB
1 29202U 81031L   24077.74448667  .00203214  00000-0  24294-1 0  9998
2 29202  61.4952 296.4464 7362284  44.5190 355.0381  2.19914131154796
0 COSMOS 1261 DEB
1 29202U 81031L   24081.37554356  .00137349  00000-0  15381-1 0  9997
2 29202  61.4807 295.7301 7356080  44.6024 355.0226  2.20802404 41830
0 COSMOS 1261 DEB
1 29202U 81031L   24081.37554356  .00137349  00000-0  15381-1 0  9997
2 29202  61.4807 295.7301 7356080  44.6024 355.0226  2.20802404154879
0 COSMOS 1261 DEB
1 29202U 81031L   24084.53898350  .00160708  00000-0  17121-1 0  9992
2 29202  61.4668 295.0971 7348802  44.6892 355.0128  2.21792397 41906
0 COSMOS 1261 DEB
1 29202U 81031L   24084.53898350  .00160708  00000-0  17121-1 0  9992
2 29202  61.4668 295.0971 7348802  44.6892 355.0128  2.21792397154945
0 COSMOS 1261 DEB
1 29202U 81031L   24085.43859005  .00226972  00000-0  23698-1 0  9998
2 29202  61.4638 294.9188 7343218  44.7198 354.9968  2.22520426154961
0 COSMOS 1261 DEB
1 29202U 81031L   24085.88764063  .00256087  00000-0  26571-1 0  9999
2 29202  61.4585 294.8254 7341037  44.7371 354.9897  2.22802115 41936
0 COSMOS 1261 DEB
1 29202U 81031L   24085.88764063  .00256087  00000-0  26571-1 0  9999
2 29202  61.4585 294.8254 7341037  44.7371 354.9897  2.22802115154975
0 COSMOS 1261 DEB
1 29202U 81031L   24086.78418590  .00276125  00000-0  28128-1 0  9995
2 29202  61.4542 294.6451 7337068  44.7617 354.9767  2.23327899 41958
0 COSMOS 1261 DEB
1 29202U 81031L   24086.78418590  .00276125  00000-0  28128-1 0  9995
2 29202  61.4542 294.6451 7337068  44.7617 354.9767  2.23327899154997
0 COSMOS 1261 DEB
1 29202U 81031L   24087.67852880  .00252253  00000-0  25196-1 0  9996
2 29202  61.4517 294.4656 7333086  44.7857 354.9619  2.23858025 41975
0 COSMOS 1261 DEB
1 29202U 81031L   24087.67852880  .00252253  00000-0  25196-1 0  9996
2 29202  61.4517 294.4656 7333086  44.7857 354.9619  2.23858025155016
0 COSMOS 1261 DEB
1 29202U 81031L   24088.57065607  .00280659  00000-0  27469-1 0  9995
2 29202  61.4499 294.2844 7328751  44.8104 354.9441  2.24433873 41996
0 COSMOS 1261 DEB
1 29202U 81031L   24088.57065607  .00280659  00000-0  27469-1 0  9995
2 29202  61.4499 294.2844 7328751  44.8104 354.9441  2.24433873155037
0 COSMOS 1261 DEB
1 29202U 81031L   24090.34840855  .00274930  00000-0  25967-1 0  9995
2 29202  61.4414 293.9260 7320603  44.8735 354.9045  2.25512889 42031
0 COSMOS 1261 DEB
1 29202U 81031L   24090.34840855  .00274930  00000-0  25967-1 0  9995
2 29202  61.4414 293.9260 7320603  44.8735 354.9045  2.25512889155070
0 COSMOS 1261 DEB
1 29202U 81031L   24091.67648859  .00270956  00000-0  24610-1 0  9990
2 29202  61.4370 293.6576 7315171  44.8951 354.8796  2.26261090 42064
0 COSMOS 1261 DEB
1 29202U 81031L   24091.67648859  .00270956  00000-0  24610-1 0  9990
2 29202  61.4370 293.6576 7315171  44.8951 354.8796  2.26261090155104
0 COSMOS 1261 DEB
1 29202U 81031L   24093.00015147  .00282643  00000-0  24902-1 0  9997
2 29202  61.4317 293.3854 7309583  44.9314 354.8541  2.27013683 42090
0 COSMOS 1261 DEB
1 29202U 81031L   24093.00015147  .00282643  00000-0  24902-1 0  9997
2 29202  61.4317 293.3854 7309583  44.9314 354.8541  2.27013683155130
0 COSMOS 1261 DEB
1 29202U 81031L   24093.88007266  .00289846  00000-0  25223-1 0  9995
2 29202  61.4280 293.2052 7305514  44.9733 354.8354  2.27544456 42115
0 COSMOS 1261 DEB
1 29202U 81031L   24093.88007266  .00289846  00000-0  25223-1 0  9995
2 29202  61.4280 293.2052 7305514  44.9733 354.8354  2.27544456155154
0 COSMOS 1261 DEB
1 29202U 81031L   24095.63406851  .00311302  26010-6  26080-1 0  9993
2 29202  61.4223 292.8451 7297899  45.0270 354.8079  2.28566426 42154
0 COSMOS 1261 DEB
1 29202U 81031L   24095.63406851  .00311302  26010-6  26080-1 0  9993
2 29202  61.4223 292.8451 7297899  45.0270 354.8079  2.28566426155193
0 COSMOS 1261 DEB
1 29202U 81031L   24097.37968352  .00371688  10257-6  29934-1 0  9995
2 29202  61.4133 292.4828 7288982  45.0865 354.7773  2.29753993 42193
0 COSMOS 1261 DEB
1 29202U 81031L   24097.37968352  .00371688  10257-6  29934-1 0  9995
2 29202  61.4133 292.4828 7288982  45.0865 354.7773  2.29753993155233
0 COSMOS 1261 DEB
1 29202U 81031L   24097.81472829  .00329241  25925-7  26170-1 0  9999
2 29202  61.4090 292.3869 7287218  45.0972 354.7711  2.29998446 42207
0 COSMOS 1261 DEB
1 29202U 81031L   24097.81472829  .00329241  25925-7  26170-1 0  9999
2 29202  61.4090 292.3869 7287218  45.0972 354.7711  2.29998446155246
0 COSMOS 1261 DEB
1 29202U 81031L   24099.11681695  .00310296 -22779-6  23890-1 0  9997
2 29202  61.4045 292.1133 7281284  45.1363 354.7473  2.30799515155276
0 COSMOS 1261 DEB
1 29202U 81031L   24099.54997317  .00289406 -30640-6  22048-1 0  9993
2 29202  61.4007 292.0182 7279979  45.1509 354.7402  2.30981844155288
0 COSMOS 1261 DEB
1 29202U 81031L   24101.70990755  .00239772 -50984-6  17535-1 0  9993
2 29202  61.3897 291.5628 7272269  45.2204 354.6954  2.32023419 42295
0 COSMOS 1261 DEB
1 29202U 81031L   24101.70990755  .00239772 -50984-6  17535-1 0  9993
2 29202  61.3897 291.5628 7272269  45.2204 354.6954  2.32023419155335
0 COSMOS 1261 DEB
1 29202U 81031L   24104.29372012  .00160424 -28296-6  11322-1 0  9996
2 29202  61.3807 291.0231 7268444  45.2967 354.6569  2.32569256 42350
0 COSMOS 1261 DEB
1 29202U 81031L   24104.72362691  .00130717 -21553-6  92905-2 0  9994
2 29202  61.3783 290.9305 7267641  45.3211 354.6492  2.32658529 42362
0 COSMOS 1261 DEB
1 29202U 81031L   24104.72362691  .00130717 -21553-6  92905-2 0  9994
2 29202  61.3783 290.9305 7267641  45.3211 354.6492  2.32658529155402
0 COSMOS 1261 DEB
1 29202U 81031L   24106.44097205  .00141358  57065-7  98138-2 0  9995
2 29202  61.3721 290.5668 7264027  45.3743 354.6277  2.33158669 42404
0 COSMOS 1261 DEB
1 29202U 81031L   24106.44097205  .00141358  57065-7  98138-2 0  9995
2 29202  61.3721 290.5668 7264027  45.3743 354.6277  2.33158669155443
0 COSMOS 1261 DEB
1 29202U 81031L   24107.29757173  .00187441  16848-6  12156-1 0  9997
2 29202  61.3722 290.3879 7261081  45.3470 354.6233  2.33649587 42429
0 COSMOS 1261 DEB
1 29202U 81031L   24107.29757173  .00187441  16848-6  12156-1 0  9997
2 29202  61.3722 290.3879 7261081  45.3470 354.6233  2.33649587155468
0 COSMOS 1261 DEB
1 29202U 81031L   24108.57890141  .00269973  27180-6  18106-1 0  9995
2 29202  61.3625 290.1123 7253874  45.4425 354.5907  2.34502737 42459
0 COSMOS 1261 DEB
1 29202U 81031L   24108.57890141  .00269973  27180-6  18106-1 0  9995
2 29202  61.3625 290.1123 7253874  45.4425 354.5907  2.34502737155498
0 COSMOS 1261 DEB
1 29202U 81031L   24109.43056805  .00316169  29232-6  20825-1 0  9993
2 29202  61.3567 289.9258 7249381  45.4593 354.5771  2.35102737 42471
0 COSMOS 1261 DEB
1 29202U 81031L   24109.43056805  .00316169  29232-6  20825-1 0  9993
2 29202  61.3567 289.9258 7249381  45.4593 354.5771  2.35102737155511
0 COSMOS 1261 DEB
1 29202U 81031L   24110.28016503  .00335155  27188-6  21643-1 0  9992
2 29202  61.3529 289.7446 7245033  45.4848 354.5627  2.35687877 42494
0 COSMOS 1261 DEB
1 29202U 81031L   24110.28016503  .00335155  27188-6  21643-1 0  9992
2 29202  61.3529 289.7446 7245033  45.4848 354.5627  2.35687877155534
0 COSMOS 1261 DEB
1 29202U 81031L   24110.70414776  .00343235  24680-6  22007-1 0  9990
2 29202  61.3520 289.6550 7242685  45.5001 354.5545  2.35997857 42505
0 COSMOS 1261 DEB
1 29202U 81031L   24110.70414776  .00343235  24680-6  22007-1 0  9990
2 29202  61.3520 289.6550 7242685  45.5001 354.5545  2.35997857155544
0 COSMOS 1261 DEB
1 29202U 81031L   24112.81467625  .00379313  00000-0  23123-1 0  9995
2 29202  61.3456 289.2030 7229883  45.5643 354.5081  2.37710320 42559
0 COSMOS 1261 DEB
1 29202U 81031L   24112.81467625  .00379313  00000-0  23123-1 0  9995
2 29202  61.3456 289.2030 7229883  45.5643 354.5081  2.37710320155598
0 COSMOS 1261 DEB
1 29202U 81031L   24113.65479435  .00368661 -13145-6  22077-1 0  9992
2 29202  61.3425 289.0203 7224952  45.5926 354.4876  2.38368100 42570
0 COSMOS 1261 DEB
1 29202U 81031L   24113.65479435  .00368661 -13145-6  22077-1 0  9992
2 29202  61.3425 289.0203 7224952  45.5926 354.4876  2.38368100155610
0 COSMOS 1261 DEB
1 29202U 81031L   24116.57909544  .00325060 -46854-6  18716-1 0  9999
2 29202  61.3333 288.3858 7210120  45.7040 354.4128  2.40325833 42644
0 COSMOS 1261 DEB
1 29202U 81031L   24116.57909544  .00325060 -46854-6  18716-1 0  9999
2 29202  61.3333 288.3858 7210120  45.7040 354.4128  2.40325833155683
0 COSMOS 1261 DEB
1 29202U 81031L   24118.65401904  .00291565 -38743-6  15948-1 0  9991
2 29202  61.3257 287.9280 7200603  45.7721 354.3608  2.41631332 42696
0 COSMOS 1261 DEB
1 29202U 81031L   24118.65401904  .00291565 -38743-6  15948-1 0  9991
2 29202  61.3257 287.9280 7200603  45.7721 354.3608  2.41631332155736
0 COSMOS 1261 DEB
1 29202U 81031L   24119.48088767  .00231021 -28752-6  12050-1 0  9992
2 29202  61.3189 287.7295 7197764  45.7703 354.3481  2.42076360 42714
0 COSMOS 1261 DEB
1 29202U 81031L   24119.48088767  .00231021 -28752-6  12050-1 0  9992
2 29202  61.3189 287.7295 7197764  45.7703 354.3481  2.42076360155753
0 COSMOS 1261 DEB
1 29202U 81031L   24120.71877170  .00244169 -12705-6  12887-1 0  9990
2 29202  61.3132 287.4638 7193137  45.8378 354.3197  2.42649894 42744
0 COSMOS 1261 DEB
1 29202U 81031L   24120.71877170  .00244169 -12705-6  12887-1 0  9990
2 29202  61.3132 287.4638 7193137  45.8378 354.3197  2.42649894155783
0 COSMOS 1261 DEB
1 29202U 81031L   24121.54240663  .00231760 -47752-7  12040-1 0  9998
2 29202  61.3126 287.2801 7190539  45.8685 354.3057  2.43010429155805
0 COSMOS 1261 DEB
1 29202U 81031L   24123.59634591  .00239847 -63492-7  11955-1 0  9999
2 29202  61.3056 286.8206 7184225  45.9415 354.2746  2.43891158 42814
0 COSMOS 1261 DEB
1 29202U 81031L   24123.59634591  .00239847 -63492-7  11955-1 0  9999
2 29202  61.3056 286.8206 7184225  45.9415 354.2746  2.43891158155853
0 COSMOS 1261 DEB
1 29202U 81031L   24124.41640084  .00187602 -15717-6  91953-2 0  9999
2 29202  61.3009 286.6406 7183368  45.9521 354.2701  2.44028667 42838
0 COSMOS 1261 DEB
1 29202U 81031L   24124.41640084  .00187602 -15717-6  91953-2 0  9999
2 29202  61.3009 286.6406 7183368  45.9521 354.2701  2.44028667155877
0 COSMOS 1261 DEB
1 29202U 81031L   24125.23566699  .00162572 -27828-6  79976-2 0  9995
2 29202  61.2962 286.4540 7181626  46.0102 354.2547  2.44244875155894
0 COSMOS 1261 DEB
1 29202U 81031L   24125.64505505  .00136850 -34369-6  65653-2 0  9994
2 29202  61.2946 286.3635 7181370  45.9888 354.2560  2.44319036155904
0 COSMOS 1261 DEB
1 29202U 81031L   24126.46333853  .00126514 -46412-6  60202-2 0  9993
2 29202  61.2913 286.1780 7179978  46.0272 354.2426  2.44510166 42887
0 COSMOS 1261 DEB
1 29202U 81031L   24126.46333853  .00126514 -46412-6  60202-2 0  9993
2 29202  61.2913 286.1780 7179978  46.0272 354.2426  2.44510166155927
0 COSMOS 1261 DEB
1 29202U 81031L   24127.68951109  .00114065 -58773-6  53176-2 0  9991
2 29202  61.2860 285.9036 7177969  46.0776 354.2214  2.44801320 42910
0 COSMOS 1261 DEB
1 29202U 81031L   24127.68951109  .00114065 -58773-6  53176-2 0  9991
2 29202  61.2860 285.9036 7177969  46.0776 354.2214  2.44801320155959
0 COSMOS 1261 DEB
1 29202U 81031L   24129.72962452  .00113562 -56479-6  52275-2 0  9992
2 29202  61.2748 285.4402 7174136  46.1494 354.1830  2.45316949 42965
0 COSMOS 1261 DEB
1 29202U 81031L   24129.72962452  .00113562 -56479-6  52275-2 0  9992
2 29202  61.2748 285.4402 7174136  46.1494 354.1830  2.45316949156006
0 COSMOS 1261 DEB
1 29202U 81031L   24130.54416224  .00133196 -48356-6  60977-2 0  9993
2 29202  61.2714 285.2565 7171655  46.1771 354.1652  2.45647871 42982
0 COSMOS 1261 DEB
1 29202U 81031L   24130.54416224  .00133196 -48356-6  60977-2 0  9993
2 29202  61.2714 285.2565 7171655  46.1771 354.1652  2.45647871156023
0 COSMOS 1261 DEB
1 29202U 81031L   24133.38358118  .00204219 -10461-6  85589-2 0  9992
2 29202  61.2640 284.6218 7160579  46.2438 354.1094  2.47228588 43053
0 COSMOS 1261 DEB
1 29202U 81031L   24133.38358118  .00204219 -10461-6  85589-2 0  9992
2 29202  61.2640 284.6218 7160579  46.2438 354.1094  2.47228588156092
0 COSMOS 1261 DEB
1 29202U 81031L   24135.39899696  .00276594  59567-7  12029-1 0  9999
2 29202  61.2570 284.1568 7148928  46.3639 354.0554  2.48673750 43108
0 COSMOS 1261 DEB
1 29202U 81031L   24135.39899696  .00276594  59567-7  12029-1 0  9999
2 29202  61.2570 284.1568 7148928  46.3639 354.0554  2.48673750156147
0 COSMOS 1261 DEB
1 29202U 81031L   24138.20379899  .00350556  73060-8  14603-1 0  9996
2 29202  61.2370 283.5019 7135038  46.4674 353.9998  2.50545398 43174
0 COSMOS 1261 DEB
1 29202U 81031L   24138.20379899  .00350556  73055-8  14603-1 0  9990
2 29202  61.2370 283.5019 7135038  46.4674 353.9998  2.50545398156214
0 COSMOS 1261 DEB
1 29202U 81031L   24140.59054398  .00366719 -22619-6  14636-1 0  9992
2 29202  61.2373 282.9587 7122617  46.5152 353.9511  2.52229923 43234
0 COSMOS 1261 DEB
1 29202U 81031L   24140.59054398  .00366719 -22619-6  14636-1 0  9992
2 29202  61.2373 282.9587 7122617  46.5152 353.9511  2.52229923156273
0 COSMOS 1261 DEB
1 29202U 81031L   24142.56786311  .00308405 -40576-6  12216-1 0  9990
2 29202  61.2343 282.5004 7113168  46.6317 353.8964  2.53471531 43287
0 COSMOS 1261 DEB
1 29202U 81031L   24142.56786311  .00308405 -40576-6  12216-1 0  9990
2 29202  61.2343 282.5004 7113168  46.6317 353.8964  2.53471531156327
0 COSMOS 1261 DEB
1 29202U 81031L   24144.53587054  .00279419 -43508-6  10652-1 0  9994
2 29202  61.2249 282.0337 7104936  46.6843 353.8528  2.54609168 43335
0 COSMOS 1261 DEB
1 29202U 81031L   24144.53587054  .00279419 -43508-6  10652-1 0  9994
2 29202  61.2249 282.0337 7104936  46.6843 353.8528  2.54609168156374
0 COSMOS 1261 DEB
1 29202U 81031L   24145.71283338  .00246321 -36455-6  90859-2 0  9990
2 29202  61.2210 281.7557 7100884  46.7043 353.8318  2.55193570 43360
0 COSMOS 1261 DEB
1 29202U 81031L   24145.71283338  .00246321 -36455-6  90859-2 0  9990
2 29202  61.2210 281.7557 7100884  46.7043 353.8318  2.55193570156400
0 COSMOS 1261 DEB
1 29202U 81031L   24146.49593605  .00252802 -29598-6  96687-2 0  9993
2 29202  61.2197 281.5788 7097413  46.7821 353.8062  2.55586400 43381
0 COSMOS 1261 DEB
1 29202U 81031L   24146.49593605  .00252802 -29598-6  96687-2 0  9993
2 29202  61.2197 281.5788 7097413  46.7821 353.8062  2.55586400156421
0 COSMOS 1261 DEB
1 29202U 81031L   24147.66858243  .00225105 -19141-6  82890-2 0  9995
2 29202  61.2185 281.2995 7094093  46.8016 353.7904  2.56084667 43410
0 COSMOS 1261 DEB
1 29202U 81031L   24147.66858243  .00225105 -19141-6  82890-2 0  9995
2 29202  61.2185 281.2995 7094093  46.8016 353.7904  2.56084667156459
0 COSMOS 1261 DEB
1 29202U 81031L   24152.34509074  .00139580 -37226-6  47954-2 0  9998
2 29202  61.1996 280.1832 7086363  46.9805 353.7376  2.57209027 43531
0 COSMOS 1261 DEB
1 29202U 81031L   24152.34509074  .00139580 -37226-6  47954-2 0  9998
2 29202  61.1996 280.1832 7086363  46.9805 353.7376  2.57209027156570
0 COSMOS 1261 DEB
1 29202U 81031L   24152.73375261  .00164310 -41796-6  55548-2 0  9994
2 29202  61.1963 280.0912 7085484  46.9814 353.7338  2.57351364 43547
0 COSMOS 1261 DEB
1 29202U 81031L   24152.73375261  .00164310 -41796-6  55548-2 0  9994
2 29202  61.1963 280.0912 7085484  46.9814 353.7338  2.57351364156586
0 COSMOS 1261 DEB
1 29202U 81031L   24153.51035327  .00140871 -49878-6  47002-2 0  9998
2 29202  61.1946 279.9043 7083372  47.0120 353.7198  2.57648540 43567
0 COSMOS 1261 DEB
1 29202U 81031L   24153.51035327  .00140871 -49878-6  47002-2 0  9998
2 29202  61.1946 279.9043 7083372  47.0120 353.7198  2.57648540156607
0 COSMOS 1261 DEB
1 29202U 81031L   24155.44662000  .00247481 -57251-6  82448-2 0  9998
2 29202  61.1871 279.4370 7075523  47.0981 353.6709  2.58683333 43619
0 COSMOS 1261 DEB
1 29202U 81031L   24155.44662000  .00247481 -57251-6  82448-2 0  9998
2 29202  61.1871 279.4370 7075523  47.0981 353.6709  2.58683333156658
0 COSMOS 1261 DEB
1 29202U 81031L   24156.60475052  .00263181 -51463-6  87807-2 0  9994
2 29202  61.1811 279.1564 7070492  47.1489 353.6400  2.59342315 43643
0 COSMOS 1261 DEB
1 29202U 81031L   24156.60475052  .00263181 -51463-6  87807-2 0  9994
2 29202  61.1811 279.1564 7070492  47.1489 353.6400  2.59342315156682
0 COSMOS 1261 DEB
1 29202U 81031L   24158.14391586  .00292635 -35610-6  96728-2 0  9998
2 29202  61.1728 278.7804 7063072  47.2115 353.5993  2.60334596 43689
0 COSMOS 1261 DEB
1 29202U 81031L   24158.14391586  .00292635 -35610-6  96728-2 0  9998
2 29202  61.1728 278.7804 7063072  47.2115 353.5993  2.60334596156729
0 COSMOS 1261 DEB
1 29202U 81031L   24160.44143207  .00375863 -10110-6  12183-1 0  9994
2 29202  61.1699 278.2288 7050640  47.2865 353.5447  2.62006105 43741
0 COSMOS 1261 DEB
1 29202U 81031L   24160.82290000  .00327804 -70213-7  10824-1 0  9993
2 29202  61.1712 278.1349 7048465  47.3144 353.5337  2.62261752 43757
0 COSMOS 1261 DEB
1 29202U 81031L   24160.82290000  .00327804 -70213-7  10824-1 0  9993
2 29202  61.1712 278.1349 7048465  47.3144 353.5337  2.62261752156796
0 COSMOS 1261 DEB
1 29202U 81031L   24162.34481493  .00362532  80330-8  11873-1 0  9993
2 29202  61.1651 277.7602 7039740  47.3810 353.4981  2.63427358 43797
0 COSMOS 1261 DEB
1 29202U 81031L   24162.34481493  .00362532  80329-8  11873-1 0  9991
2 29202  61.1651 277.7602 7039740  47.3810 353.4981  2.63427358156837
0 COSMOS 1261 DEB
1 29202U 81031L   24163.10340676  .00404912  18032-7  12853-1 0  9992
2 29202  61.1605 277.5761 7036337  47.3885 353.4882  2.63929847156853
0 COSMOS 1261 DEB
1 29202U 81031L   24163.48206425  .00391084  15503-7  12444-1 0  9997
2 29202  61.1598 277.4825 7034031  47.4096 353.4784  2.64230615 43820
0 COSMOS 1261 DEB
1 29202U 81031L   24163.48206425  .00391084  15503-7  12444-1 0  9997
2 29202  61.1598 277.4825 7034031  47.4096 353.4784  2.64230615156869
0 COSMOS 1261 DEB
1 29202U 81031L   24166.49809599  .00314790 -12543-6  97326-2 0  9995
2 29202  61.1517 276.7364 7020037  47.5155 353.4219  2.66131193 43904
0 COSMOS 1261 DEB
1 29202U 81031L   24166.49809599  .00314786 -12543-6  97326-2 0  9990
2 29202  61.1517 276.7364 7020037  47.5155 353.4219  2.66131193 43904
0 COSMOS 1261 DEB
1 29202U 81031L   24170.24443082  .00180290 -30890-6  52120-2 0  9998
2 29202  61.1446 275.8068 7009783  47.6408 353.3659  2.67603292157046
0 COSMOS 1261 DEB
1 29202U 81031L   24173.60427786  .00583057  00000-0  56629-1 0  9992
2 29202  61.1234 274.9371 6974944  47.7775   3.2725  2.69787528    11
0 COSMOS 1261 DEB
1 29202U 81031L   24173.60427786  .00583057  00000-0  56629-1 0  9992
2 29202  61.1234 274.9371 6974944  47.7775   3.2725  2.69787528157137
0 COSMOS 1261 DEB
1 29202U 81031L   24173.60427786  .00583057  00000-0  56629-1 0  9992
2 29202  61.1234 274.9371 6974944  47.7775   3.2725  2.69787528157137
