0 COSMOS 1261 DEB
1 27901U 81031J   03176.64198974 -.00000596 +00000-0 +00000-0 0  9998
2 27901 068.1679 001.5160 6288631 174.7694 197.9875 02.01118152012070
0 COSMOS 1261 DEB
1 27901U 81031J   03298.47196785 -.00000051 +00000-0 +00000-0 0  9998
2 27901 068.2849 352.9103 6297012 173.3546 207.7558 02.01180201014528
0 COSMOS 1261 DEB
1 27901U 81031J   03318.35690401 -.00000618 +00000-0 +00000-0 0  9991
2 27901 068.1534 351.5188 6285347 171.2106 209.5881 02.01173473014929
0 COSMOS 1261 DEB
1 27901U 81031J   03319.35122336 -.00000623 +00000-0 +00000-0 0  9995
2 27901 068.1536 351.4486 6285366 171.1934 209.6869 02.01172498014945
0 COSMOS 1261 DEB
1 27901U 81031J   03320.34549344 -.00000623 +00000-0 +00000-0 0  9998
2 27901 068.1527 351.3787 6285451 171.1508 209.7506 02.01171469014968
0 COSMOS 1261 DEB
1 27901U 81031J   03321.33987308 -.00000620 +00000-0 +00000-0 0  9991
2 27901 068.1516 351.3087 6285491 171.1227 209.8878 02.01170408014988
0 COSMOS 1261 DEB
1 27901U 81031J   03322.33419065 -.00000618 +00000-0 +00000-0 0  9999
2 27901 068.1509 351.2386 6285529 171.0958 209.9755 02.01169298015007
0 COSMOS 1261 DEB
1 27901U 81031J   03323.32850541 -.00000620 +00000-0 +00000-0 0  9990
2 27901 068.1502 351.1686 6285565 171.0695 210.0565 02.01168135015023
0 COSMOS 1261 DEB
1 27901U 81031J   03324.32282354 -.00000627 +00000-0 +00000-0 0  9999
2 27901 068.1499 351.0984 6285578 171.0548 210.1330 02.01166926015048
0 COSMOS 1261 DEB
1 27901U 81031J   03325.31710128 -.00000644 +00000-0 +00000-0 0  9993
2 27901 068.1496 351.0281 6285563 171.0504 210.1730 02.01165665015066
0 COSMOS 1261 DEB
1 27901U 81031J   03326.31134673 -.00000669 +00000-0 +00000-0 0  9996
2 27901 068.1494 350.9576 6285498 171.0659 210.1796 02.01164337015086
0 COSMOS 1261 DEB
1 27901U 81031J   03327.30552339 -.00000701 +00000-0 +00000-0 0  9996
2 27901 068.1491 350.8872 6285433 171.0661 210.1350 02.01162994015109
0 COSMOS 1261 DEB
1 27901U 81031J   03328.29977735 -.00000737 +00000-0 +00000-0 0  9995
2 27901 068.1489 350.8171 6285439 171.0417 210.1507 02.01161704015127
0 COSMOS 1261 DEB
1 27901U 81031J   03329.29414169 -.00000769 +00000-0 +00000-0 0  9998
2 27901 068.1539 350.7435 6285285 171.1431 210.2073 02.01160180015149
0 COSMOS 1261 DEB
1 27901U 81031J   03330.28799272 -.00000794 +00000-0 +00000-0 0  9998
2 27901 068.1537 350.6734 6285293 171.1187 209.9210 02.01158839015163
0 COSMOS 1261 DEB
1 27901U 81031J   03331.28237176 -.00000807 +00000-0 +00000-0 0  9994
2 27901 068.1533 350.6048 6284738 171.2183 209.9765 02.01157253015183
0 COSMOS 1261 DEB
1 27901U 81031J   03332.27611654 -.00000808 +00000-0 +00000-0 0  9992
2 27901 068.1580 350.5309 6284922 171.2224 209.5982 02.01155913015206
0 COSMOS 1261 DEB
1 27901U 81031J   03332.27623745 -.00000808 +00000-0 +00000-0 0  9996
2 27901 068.1580 350.5309 6284922 171.2224 209.6858 02.01155913015209
0 COSMOS 1261 DEB
1 27901U 81031J   03333.27049995 -.00000798 +00000-0 +00000-0 0  9994
2 27901 068.1623 350.4588 6284818 171.2233 209.6676 02.01154297015223
0 COSMOS 1261 DEB
1 27901U 81031J   03334.26479105 -.00000782 +00000-0 +00000-0 0  9997
2 27901 068.1640 350.3881 6284851 171.2160 209.6722 02.01152824015241
0 COSMOS 1261 DEB
1 27901U 81031J   03335.25911214 -.00000764 +00000-0 +00000-0 0  9999
2 27901 068.1653 350.3176 6284878 171.1948 209.6969 02.01151355015267
0 COSMOS 1261 DEB
1 27901U 81031J   03336.25349610 -.00000750 +00000-0 +00000-0 0  9990
2 27901 068.1651 350.2476 6284681 171.0965 209.7737 02.01149790015283
0 COSMOS 1261 DEB
1 27901U 81031J   03337.24821826 -.00000743 +00000-0 +00000-0 0  9996
2 27901 068.1659 350.1772 6284691 171.0696 210.0791 02.01148296015309
0 COSMOS 1261 DEB
1 27901U 81031J   03338.24264379 -.00000744 +00000-0 +00000-0 0  9992
2 27901 068.1660 350.1074 6284768 171.0339 210.1665 02.01146806015323
0 COSMOS 1261 DEB
1 27901U 81031J   03339.23711789 -.00000753 +00000-0 +00000-0 0  9994
2 27901 068.1475 350.0496 6284349 170.8173 210.3117 02.01145146015344
0 COSMOS 1261 DEB
1 27901U 81031J   03340.23237685 -.00000765 +00000-0 +00000-0 0  9997
2 27901 068.1487 349.9782 6284549 170.7972 210.9916 02.01143697015364
0 COSMOS 1261 DEB
1 27901U 81031J   03341.22680497 -.00000779 +00000-0 +00000-0 0  9995
2 27901 068.1591 349.8999 6284840 170.7707 211.0668 02.01142251015382
0 COSMOS 1261 DEB
1 27901U 81031J   03342.22127181 -.00000789 +00000-0 +00000-0 0  9993
2 27901 068.1588 349.8299 6284859 170.7429 211.1632 02.01140778015409
0 COSMOS 1261 DEB
1 27901U 81031J   03343.21575322 -.00000794 +00000-0 +00000-0 0  9993
2 27901 068.1559 349.7607 6284865 170.6567 211.2748 02.01139276015420
0 COSMOS 1261 DEB
1 27901U 81031J   03344.21049301 -.00000791 +00000-0 +00000-0 0  9994
2 27901 068.1510 349.6923 6285118 170.5785 211.5691 02.01137809015442
0 COSMOS 1261 DEB
1 27901U 81031J   03345.20520354 -.00000781 +00000-0 +00000-0 0  9995
2 27901 068.1502 349.6223 6285224 170.5529 211.8276 02.01136371015467
0 COSMOS 1261 DEB
1 27901U 81031J   03346.19969386 -.00000763 +00000-0 +00000-0 0  9996
2 27901 068.1458 349.5532 6286005 170.5382 211.9199 02.01134918015486
0 COSMOS 1261 DEB
1 27901U 81031J   03353.16116686 -.00000645 +00000-0 +00000-0 0  9997
2 27901 068.0965 349.0865 6285898 170.1650 212.5463 02.01126674015622
0 COSMOS 1261 DEB
1 27901U 81031J   03354.15645757 -.00000656 +00000-0 +00000-0 0  9995
2 27901 068.1490 348.9908 6286757 170.4624 213.0923 02.01124225015640
0 COSMOS 1261 DEB
1 27901U 81031J   03355.14969129 -.00000671 +00000-0 +00000-0 0  9994
2 27901 068.1473 348.9209 6286890 170.4291 212.2363 02.01122972015661
0 COSMOS 1261 DEB
1 27901U 81031J   03356.14428018 -.00000686 +00000-0 +00000-0 0  9998
2 27901 068.1447 348.8512 6286993 170.3888 212.3569 02.01121717015680
0 COSMOS 1261 DEB
1 27901U 81031J   03357.13890902 -.00000695  00000-0  00000+0 0  9992
2 27901 068.1414 348.7817 6287145 170.3481 212.5027 02.01120494 15705
0 COSMOS 1261 DEB
1 27901U 81031J   03358.13354480 -.00000695 +00000-0 +00000-0 0  9990
2 27901 068.1363 348.7127 6287106 170.2742 212.6534 02.01119264015727
0 COSMOS 1261 DEB
1 27901U 81031J   03359.12832475 -.00000682 +00000-0 +00000-0 0  9991
2 27901 068.1332 348.6430 6287185 170.2317 212.8983 02.01118056015744
0 COSMOS 1261 DEB
1 27901U 81031J   04011.03676928 -.00000361 +00000-0 +00000-0 0  9990
2 27901 068.1025 347.4543 6294866 170.5823 214.2355 02.01101456016087
0 COSMOS 1261 DEB
1 27901U 81031J   04028.93750409 -.00000079 +00000-0 +00000-0 0  9990
2 27901 068.0229 346.2471 6288005 169.3287 213.4206 02.01068493016446
0 COSMOS 1261 DEB
1 27901U 81031J   04043.86285502 +.00000202 +00000-0 +00000-0 0  9993
2 27901 068.0881 345.1748 6286675 168.9866 218.5261 02.01101166016749
0 COSMOS 1261 DEB
1 27901U 81031J   04048.83394951 +.00000218 +00000-0 +00000-0 0  9991
2 27901 068.0973 344.8138 6286956 168.8873 217.4128 02.01104817016846
0 COSMOS 1261 DEB
1 27901U 81031J   04049.82847915 +.00000248 +00000-0 +00000-0 0  9997
2 27901 068.0974 344.7431 6287049 168.8697 217.4229 02.01105656016866
0 COSMOS 1261 DEB
1 27901U 81031J   04052.81221666 +.00000349 +00000-0 +00000-0 0  9991
2 27901 068.1037 344.5260 6286932 168.8072 217.5868 02.01108518016929
0 COSMOS 1261 DEB
1 27901U 81031J   04052.81225549 +.00000349 +00000-0 +00000-0 0  9995
2 27901 068.1011 344.5281 6287185 168.8060 217.6099 02.01108384016920
0 COSMOS 1261 DEB
1 27901U 81031J   04053.80678957 +.00000371 +00000-0 +00000-0 0  9995
2 27901 068.1053 344.4538 6286855 168.7903 217.6462 02.01109601016947
0 COSMOS 1261 DEB
1 27901U 81031J   04054.80133483 +.00000382 +00000-0 +00000-0 0  9998
2 27901 068.1059 344.3826 6286887 168.7682 217.6861 02.01110617016965
0 COSMOS 1261 DEB
1 27901U 81031J   04055.79590706 +.00000385 +00000-0 +00000-0 0  9995
2 27901 068.1068 344.3114 6286750 168.7429 217.7541 02.01111757016987
0 COSMOS 1261 DEB
1 27901U 81031J   04058.77964163 +.00000379 +00000-0 +00000-0 0  9991
2 27901 068.1062 344.0998 6286824 168.6732 217.9811 02.01115082017041
0 COSMOS 1261 DEB
1 27901U 81031J   04059.77420125 +.00000385 +00000-0 +00000-0 0  9994
2 27901 068.1091 344.0302 6287296 168.6533 218.0647 02.01116534017069
0 COSMOS 1261 DEB
1 27901U 81031J   04060.76873694 +.00000398 +00000-0 +00000-0 0  9992
2 27901 068.1085 343.9600 6287350 168.6318 218.1228 02.01117732017082
0 COSMOS 1261 DEB
1 27901U 81031J   04062.75783978 +.00000445 +00000-0 +00000-0 0  9991
2 27901 068.1074 343.8195 6287415 168.5856 218.2755 02.01120209017120
0 COSMOS 1261 DEB
1 27901U 81031J   04063.75237156 +.00000475 +00000-0 +00000-0 0  9997
2 27901 068.1068 343.7493 6287457 168.5631 218.3443 02.01121487017146
0 COSMOS 1261 DEB
1 27901U 81031J   04073.69735597 +.00000525 +00000-0 +00000-0 0  9999
2 27901 068.1004 343.0483 6288186 168.3193 219.0889 02.01135667017348
0 COSMOS 1261 DEB
1 27901U 81031J   04098.05954343 +.00000413 +00000-0 +00000-0 0  9994
2 27901 068.0845 341.3061 6287780 167.7306 220.7584 02.01168865017832
0 COSMOS 1261 DEB
1 27901U 81031J   04112.97367912 -.00000030 +00000-0 +00000-0 0  9998
2 27901 068.0521 340.2666 6291051 167.4953 221.9199 02.01180510018133
0 COSMOS 1261 DEB
1 27901U 81031J   04116.95022383 -.00000136 +00000-0 +00000-0 0  9997
2 27901 068.1098 339.9631 6287366 167.2300 221.9722 02.01182009018214
0 COSMOS 1261 DEB
1 27901U 81031J   04117.94507351 -.00000146  00000-0  00000+0 0  9990
2 27901  68.1159 339.8914 6287116 167.1979 222.4970  2.01182155 18234
0 COSMOS 1261 DEB
1 27901U 81031J   04120.92780477 -.00000176  00000-0  00000+0 0  9997
2 27901  68.0947 339.6784 6285086 167.1293 222.7472  2.01182246 18291
0 COSMOS 1261 DEB
1 27901U 81031J   04121.92197248 -.00000195 +00000-0 +00000-0 0  9998
2 27901 068.0934 339.6077 6285676 167.0950 222.7786 02.01182148018318
0 COSMOS 1261 DEB
1 27901U 81031J   04122.91624332 -.00000222 +00000-0 +00000-0 0  9998
2 27901 068.1296 339.5318 6285171 167.1006 222.8735 02.01181966018334
0 COSMOS 1261 DEB
1 27901U 81031J   04123.91034632 -.00000258 +00000-0 +00000-0 0  9996
2 27901 068.1187 339.4624 6285160 167.0055 222.8654 02.01181894018355
0 COSMOS 1261 DEB
1 27901U 81031J   04124.90486863 -.00000301 +00000-0 +00000-0 0  9992
2 27901 068.1182 339.3923 6285190 166.9813 223.1448 02.01181551018371
0 COSMOS 1261 DEB
1 27901U 81031J   04125.89911424 -.00000350 +00000-0 +00000-0 0  9991
2 27901 068.1160 339.3213 6285316 166.9129 223.2309 02.01181151018394
0 COSMOS 1261 DEB
1 27901U 81031J   04126.89354853 -.00000400 +00000-0 +00000-0 0  9995
2 27901 068.1124 339.2514 6285385 166.8826 223.4441 02.01180670018413
0 COSMOS 1261 DEB
1 27901U 81031J   04127.88783536 -.00000445  00000-0  00000+0 0  9997
2 27901  68.1105 339.1816 6285735 166.8793 223.5451  2.01180188 18436
0 COSMOS 1261 DEB
1 27901U 81031J   04128.88201831 -.00000483  00000-0  00000+0 0  9993
2 27901  68.1041 339.1149 6286567 166.8988 223.5679  2.01179807 18454
0 COSMOS 1261 DEB
1 27901U 81031J   04129.87611099 -.00000509  00000-0  00000+0 0  9993
2 27901  68.1036 339.0436 6286427 166.8589 223.5289  2.01179105 18478
0 COSMOS 1261 DEB
1 27901U 81031J   04130.87044048 -.00000524 +00000-0 +00000-0 0  9997
2 27901 068.1036 338.9714 6286123 166.8125 223.6581 02.01178295018491
0 COSMOS 1261 DEB
1 27901U 81031J   04131.86479534 -.00000532  00000-0  00000+0 0  9997
2 27901  68.1017 338.9005 6286059 166.7983 223.7975  2.01177457 18512
0 COSMOS 1261 DEB
1 27901U 81031J   04132.85902031 -.00000535  00000-0  00000+0 0  9993
2 27901  68.0829 338.8405 6288375 166.8716 223.8219  2.01176338 18534
0 COSMOS 1261 DEB
1 27901U 81031J   04133.85292417 -.00000542  00000-0  00000+0 0  9992
2 27901  68.0808 338.7712 6288551 166.8642 223.6257  2.01175369 18550
0 COSMOS 1261 DEB
1 27901U 81031J   04134.84713027 -.00000555  00000-0  00000+0 0  9991
2 27901  68.0785 338.7016 6288723 166.8252 223.6521  2.01174358 18572
0 COSMOS 1261 DEB
1 27901U 81031J   04135.84146855 -.00000577 +00000-0 +00000-0 0  9996
2 27901 068.0770 338.6322 6289127 166.8053 223.7670 02.01173289018593
0 COSMOS 1261 DEB
1 27901U 81031J   04136.83574043 -.00000608  00000-0  00000+0 0  9994
2 27901  68.0832 338.5575 6289218 166.7918 223.8305  2.01172259 18616
0 COSMOS 1261 DEB
1 27901U 81031J   04137.82998895 -.00000644  00000-0  00000+0 0  9999
2 27901  68.0808 338.4876 6289294 166.7527 223.8775  2.01171154 18638
0 COSMOS 1261 DEB
1 27901U 81031J   04138.82435218 -.00000682 +00000-0 +00000-0 0  9998
2 27901 068.0485 338.4404 6289244 166.7520 223.9986 02.01170231018656
0 COSMOS 1261 DEB
1 27901U 81031J   04139.81856297 -.00000717 +00000-0 +00000-0 0  9991
2 27901 068.0516 338.3675 6289357 166.7360 224.0077 02.01169099018672
0 COSMOS 1261 DEB
1 27901U 81031J   04140.81284942 -.00000746  00000-0  00000+0 0  9996
2 27901  68.0416 338.3040 6289139 166.6756 224.0749  2.01167933 18696
0 COSMOS 1261 DEB
1 27901U 81031J   04141.80732012 -.00000764 +00000-0 +00000-0 0  9993
2 27901 068.0415 338.2333 6289191 166.6488 224.2657 02.01166723018718
0 COSMOS 1261 DEB
1 27901U 81031J   04142.80166415 -.00000773  00000-0  00000+0 0  9991
2 27901  68.0416 338.1626 6289240 166.6191 224.3607  2.01165475 18730
0 COSMOS 1261 DEB
1 27901U 81031J   04143.79602493 -.00000773 +00000-0 +00000-0 0  9992
2 27901 068.0413 338.0919 6289291 166.5941 224.4624 02.01164193018757
0 COSMOS 1261 DEB
1 27901U 81031J   04144.79037036 -.00000766  00000-0  00000+0 0  9999
2 27901  68.0606 338.0068 6289769 166.6115 224.5425  2.01162889 18772
0 COSMOS 1261 DEB
1 27901U 81031J   04145.78455085 -.00000756  00000-0  00000+0 0  9996
2 27901  68.0718 337.9279 6290001 166.5962 224.5038  2.01161557 18791
0 COSMOS 1261 DEB
1 27901U 81031J   04146.77886306 -.00000745 +00000-0 +00000-0 0  9999
2 27901 068.0721 337.8570 6290064 166.5668 224.5575 02.01160196018817
0 COSMOS 1261 DEB
1 27901U 81031J   04147.77323358 -.00000736  00000-0  00000+0 0  9992
2 27901  68.0757 337.7838 6289996 166.5194 224.6517  2.01158803 18839
0 COSMOS 1261 DEB
1 27901U 81031J   04148.76781978  .00000027  00000-0  10000-3 0  9995
2 27901  68.0444 337.7526 6290767 166.4491 224.8963  2.01155527 18852
0 COSMOS 1261 DEB
1 27901U 81031J   04149.76203708 -.00000735  00000-0  00000+0 0  9998
2 27901  68.0758 337.6393 6290102 166.4355 224.8725  2.01156173 18879
0 COSMOS 1261 DEB
1 27901U 81031J   04150.75654163 -.00000745  00000-0  00000+0 0  9995
2 27901  68.0776 337.5703 6290133 166.4292 225.0357  2.01154498 18891
0 COSMOS 1261 DEB
1 27901U 81031J   04151.75085435 -.00000762  00000-0  00000+0 0  9995
2 27901  68.0745 337.4990 6290413 166.3881 225.0695  2.01153155 18915
0 COSMOS 1261 DEB
1 27901U 81031J   04152.74531051 -.00000786  00000-0  00000+0 0  9991
2 27901  68.0764 337.4274 6290434 166.3535 225.1937  2.01151538 18935
0 COSMOS 1261 DEB
1 27901U 81031J   04154.73418958 -.00000835  00000-0  00000+0 0  9997
2 27901  68.0718 337.2873 6290624 166.2872 225.4042  2.01148378 18973
0 COSMOS 1261 DEB
1 27901U 81031J   04155.72868228 -.00000851  00000-0  00000+0 0  9994
2 27901  68.0724 337.2163 6290569 166.2540 225.5399  2.01146793 18999
0 COSMOS 1261 DEB
1 27901U 81031J   04156.72315314 -.00000856 +00000-0 +00000-0 0  9994
2 27901 068.0715 337.1460 6290489 166.2343 225.6521 02.01145220019016
0 COSMOS 1261 DEB
1 27901U 81031J   04157.71757369 -.00000850  00000-0  00000+0 0  9997
2 27901  68.0701 337.0759 6290439 166.2373 225.7180  2.01143650 19038
0 COSMOS 1261 DEB
1 27901U 81031J   04158.71190558 -.00000835  00000-0  00000+0 0  9992
2 27901  68.0701 337.0053 6290674 166.2287 225.7160  2.01142055 19058
0 COSMOS 1261 DEB
1 27901U 81031J   04159.70629062 -.00000815  00000-0  00000+0 0  9997
2 27901  68.0636 336.9394 6290854 166.2141 225.7471  2.01140452 19076
0 COSMOS 1261 DEB
1 27901U 81031J   04160.70070272 -.00000795  00000-0  00000+0 0  9999
2 27901  68.0623 336.8693 6290898 166.1726 225.7983  2.01138906 19090
0 COSMOS 1261 DEB
1 27901U 81031J   04161.69522440 -.00000781  00000-0  00000+0 0  9992
2 27901  68.0621 336.7984 6291158 166.1743 225.9168  2.01137411 19119
0 COSMOS 1261 DEB
1 27901U 81031J   04162.68958039 -.00000776  00000-0  00000+0 0  9993
2 27901  68.0602 336.7283 6291137 166.1258 225.9190  2.01135921 19139
0 COSMOS 1261 DEB
1 27901U 81031J   04163.68414389 -.00000780  00000-0  00000+0 0  9994
2 27901  68.0638 336.6562 6291118 166.0810 226.0755  2.01134773 19154
0 COSMOS 1261 DEB
1 27901U 81031J   04164.67868807 -.00000792 +00000-0 +00000-0 0  9996
2 27901 068.0632 336.5857 6291154 166.0570 226.2000 02.01133280019176
0 COSMOS 1261 DEB
1 27901U 81031J   04165.67317445 -.00000806  00000-0  00000+0 0  9999
2 27901  68.0624 336.5150 6291267 166.0411 226.2759  2.01131808 19199
0 COSMOS 1261 DEB
1 27901U 81031J   04165.67317445 -.00000806 +00000-0 +00000-0 0  9990
2 27901 068.0624 336.5150 6291267 166.0411 226.2759 02.01131808019199
0 COSMOS 1261 DEB
1 27901U 81031J   04166.66764122 -.00000819  00000-0  00000+0 0  9991
2 27901  68.0605 336.4453 6291420 166.0351 226.3325  2.01130370 19213
0 COSMOS 1261 DEB
1 27901U 81031J   04167.66207654 -.00000827 +00000-0 +00000-0 0  9994
2 27901 068.0568 336.3762 6291537 166.0060 226.3645 02.01128930019235
0 COSMOS 1261 DEB
1 27901U 81031J   04168.65661466 -.00000825  00000-0  00000+0 0  9996
2 27901  68.0557 336.3058 6291533 165.9785 226.4657  2.01127510 19258
0 COSMOS 1261 DEB
1 27901U 81031J   04169.65062691  .00000182  00000-0  10000-3 0  9992
2 27901  68.0326 336.2736 6293078 166.0639 226.1900  2.01126921 19275
0 COSMOS 1261 DEB
1 27901U 81031J   04172.63475884 -.00000732 +00000-0 +00000-0 0  9994
2 27901 068.0262 336.0399 6291908 165.9208 226.8379 02.01123037019336
0 COSMOS 1261 DEB
1 27901U 81031J   04173.62909438 -.00000700  00000-0  00000+0 0  9995
2 27901  68.0497 335.9535 6291779 165.8487 226.7401  2.01120673 19350
0 COSMOS 1261 DEB
1 27901U 81031J   04176.61226838  .00000068  00000-0  10000-3 0  9994
2 27901 068.0285 335.7791 6293368 165.9155 226.6735 02.01117459 19410
0 COSMOS 1261 DEB
1 27901U 81031J   04176.61297906 -.00000620  00000-0  00000+0 0  9998
2 27901  67.9459 335.7969 6292885 165.8749 227.1969  2.01119026 19416
0 COSMOS 1261 DEB
1 27901U 81031J   04178.60157993 -.00000603  00000-0  00000+0 0  9991
2 27901  67.9345 335.6595 6292700 165.7673 226.9865  2.01116616 19453
0 COSMOS 1261 DEB
1 27901U 81031J   04189.54232543 -.00000454  00000-0  00000+0 0  9995
2 27901  68.0077 334.8377 6292682 165.4917 228.0037  2.01105803 19677
0 COSMOS 1261 DEB
1 27901U 81031J   04200.98069220 -.00000263  00000-0  00000+0 0  9995
2 27901  68.0112 334.0199 6293688 165.2628 228.7365  2.01097072 19900
0 COSMOS 1261 DEB
1 27901U 81031J   04202.97007705 -.00000193 +00000-0 +00000-0 0  9999
2 27901 068.0100 333.8786 6293772 165.2155 228.9333 02.01096463019949
0 COSMOS 1261 DEB
1 27901U 81031J   04203.46740125 -.00000180  00000-0  00000+0 0  9999
2 27901  68.0097 333.8433 6293793 165.2037 228.9660  2.01096337 19959
0 COSMOS 1261 DEB
1 27901U 81031J   04204.46205062 -.00000159 +00000-0 +00000-0 0  9993
2 27901 068.0091 333.7727 6293836 165.1800 229.0313 02.01096115019976
0 COSMOS 1261 DEB
1 27901U 81031J   04205.45670191 -.00000146 +00000-0 +00000-0 0  9998
2 27901 068.0040 333.7032 6293735 165.1546 229.1019 02.01095995019995
0 COSMOS 1261 DEB
1 27901U 81031J   04206.45135597 -.00000140  00000-0  00000+0 0  9998
2 27901  68.0038 333.6330 6293688 165.1319 229.1651  2.01095817 20017
0 COSMOS 1261 DEB
1 27901U 81031J   04207.44601770 -.00000140  00000-0  00000+0 0  9999
2 27901  68.0085 333.5661 6293583 165.1109 229.2275  2.01095617 20039
0 COSMOS 1261 DEB
1 27901U 81031J   04208.93802057 -.00000142 +00000-0 +00000-0 0  9998
2 27901 068.0027 333.4581 6293373 165.0754 229.3396 02.01095476020068
0 COSMOS 1261 DEB
1 27901U 81031J   04210.43003087 -.00000132  00000-0  00000+0 0  9990
2 27901  68.0017 333.3524 6293368 165.0404 229.4588  2.01095508 20092
0 COSMOS 1261 DEB
1 27901U 81031J   04212.41937034 -.00000086 +00000-0 +00000-0 0  9997
2 27901 068.0001 333.2113 6293404 164.9931 229.6142 02.01095681020137
0 COSMOS 1261 DEB
1 27901U 81031J   04214.40868750 -.00000014  00000-0  00000+0 0  9996
2 27901  67.9985 333.0700 6293457 164.9458 229.7552  2.01096005 20179
0 COSMOS 1261 DEB
1 27901U 81031J   04215.40333725  .00000020  00000-0  00000+0 0  9992
2 27901  68.0075 333.0032 6293712 164.9266 229.7996  2.01095943 20194
0 COSMOS 1261 DEB
1 27901U 81031J   04219.38193889 +.00000065 +00000-0 +00000-0 0  9998
2 27901 068.0015 332.7189 6293541 164.8343 230.0742 02.01097512020279
0 COSMOS 1261 DEB
1 27901U 81031J   04220.37656525 +.00000061 +00000-0 +00000-0 0  9996
2 27901 068.0001 332.6489 6293516 164.8131 230.1301 02.01098050020295
0 COSMOS 1261 DEB
1 27901U 81031J   04220.87387645 +.00000060 +00000-0 +00000-0 0  9994
2 27901 067.9994 332.6134 6293606 164.8029 230.1576 02.01098327020300
0 COSMOS 1261 DEB
1 27901U 81031J   04221.37119485 +.00000060 +00000-0 +00000-0 0  9995
2 27901 067.9990 332.5781 6293628 164.7917 230.1906 02.01098599020311
0 COSMOS 1261 DEB
1 27901U 81031J   04222.36584191 +.00000066 +00000-0 +00000-0 0  9991
2 27901 067.9981 332.5076 6293626 164.7691 230.2658 02.01099184020333
0 COSMOS 1261 DEB
1 27901U 81031J   04224.35513024 +.00000107 +00000-0 +00000-0 0  9995
2 27901 067.9963 332.3663 6293635 164.7221 230.4174 02.01100391020374
0 COSMOS 1261 DEB
1 27901U 81031J   04225.34975156 +.00000141 +00000-0 +00000-0 0  9991
2 27901 067.9954 332.2959 6293388 164.6994 230.4857 02.01101219020392
0 COSMOS 1261 DEB
1 27901U 81031J   04225.34976565  .00000141  00000-0  00000+0 0  9995
2 27901 067.9956 332.2958 6293413 164.6987 230.4955 02.01101191 20392
0 COSMOS 1261 DEB
1 27901U 81031J   04227.33900719 +.00000222 +00000-0 +00000-0 0  9995
2 27901 067.9936 332.1548 6293440 164.6528 230.6298 02.01102660020434
0 COSMOS 1261 DEB
1 27901U 81031J   04227.33901105 +.00000222 +00000-0 +00000-0 0  9995
2 27901 067.9939 332.1546 6293498 164.6523 230.6308 02.01102616020436
0 COSMOS 1261 DEB
1 27901U 81031J   04228.83092937  .00000281  00000-0  00000+0 0  9999
2 27901 067.9927 332.0489 6293298 164.6173 230.7350 02.01103924 20461
0 COSMOS 1261 DEB
1 27901U 81031J   04229.32822106 +.00000299 +00000-0 +00000-0 0  9993
2 27901 067.9924 332.0136 6293329 164.6053 230.7586 02.01104322020474
0 COSMOS 1261 DEB
1 27901U 81031J   04231.31742386  .00000352  00000-0  00000+0 0  9995
2 27901 067.9918 331.8734 6293384 164.5570 230.9092 02.01106421 20513
0 COSMOS 1261 DEB
1 27901U 81031J   04232.31197964 +.00000367 +00000-0 +00000-0 0  9999
2 27901 067.9902 331.8030 6293379 164.5341 230.9497 02.01107385020536
0 COSMOS 1261 DEB
1 27901U 81031J   04232.31198451 +.00000367 +00000-0 +00000-0 0  9991
2 27901 067.9910 331.8029 6293412 164.5335 230.9513 02.01107344020538
0 COSMOS 1261 DEB
1 27901U 81031J   04234.30115307  .00000374  00000-0  00000+0 0  9998
2 27901 067.9888 331.6621 6293600 164.4856 231.0935 02.01109500 20574
0 COSMOS 1261 DEB
1 27901U 81031J   04235.29572513  .00000371  00000-0  00000+0 0  9990
2 27901 067.9877 331.5915 6293598 164.4605 231.1626 02.01110622 20592
0 COSMOS 1261 DEB
1 27901U 81031J   04236.29030395  .00000369  00000-0  00000+0 0  9995
2 27901 067.9870 331.5211 6294088 164.4363 231.2407 02.01111777 20613
0 COSMOS 1261 DEB
1 27901U 81031J   04238.27946360  .00000385  00000-0  00000+0 0  9991
2 27901 067.9872 331.3810 6295271 164.3810 231.4318 02.01114406 20658
0 COSMOS 1261 DEB
1 27901U 81031J   04239.27402558 +.00000406 +00000-0 +00000-0 0  9993
2 27901 067.9871 331.3106 6295330 164.3571 231.5044 02.01115558020673
0 COSMOS 1261 DEB
1 27901U 81031J   04239.77130341 +.00000419 +00000-0 +00000-0 0  9990
2 27901 067.9853 331.2751 6295316 164.3453 231.5385 02.01116131020688
0 COSMOS 1261 DEB
1 27901U 81031J   04241.26312855  .00000467  00000-0  00000+0 0  9991
2 27901 067.9844 331.1688 6295404 164.3093 231.6430 02.01117909 20714
0 COSMOS 1261 DEB
1 27901U 81031J   04242.25766375 +.00000496 +00000-0 +00000-0 0  9994
2 27901 067.9842 331.0980 6295471 164.2854 231.7065 02.01119117020734
0 COSMOS 1261 DEB
1 27901U 81031J   04243.25219103 +.00000519 +00000-0 +00000-0 0  9993
2 27901 067.9835 331.0272 6295522 164.2616 231.7683 02.01120352020754
0 COSMOS 1261 DEB
1 27901U 81031J   04245.24122594  .00000531  00000-0  00000+0 0  9994
2 27901 067.9813 330.8872 6294350 164.2182 231.8835 02.01123369 20794
0 COSMOS 1261 DEB
1 27901U 81031J   04247.23021710  .00000512  00000-0  00000+0 0  9992
2 27901 067.9781 330.7436 6294403 164.1748 231.9824 02.01125797 20830
0 COSMOS 1261 DEB
1 27901U 81031J   04248.22472480 +.00000500 +00000-0 +00000-0 0  9994
2 27901 067.9776 330.6728 6294475 164.1511 232.0544 02.01127155020857
0 COSMOS 1261 DEB
1 27901U 81031J   04249.21922746 +.00000495 +00000-0 +00000-0 0  9992
2 27901 067.9769 330.6020 6294532 164.1274 232.1279 02.01128538020878
0 COSMOS 1261 DEB
1 27901U 81031J   04250.21372510  .00000497  00000-0  00000+0 0  9993
2 27901 067.9762 330.5312 6294736 164.1036 232.2055 02.01129953 20893
0 COSMOS 1261 DEB
1 27901U 81031J   04250.71097020 +.00000502 +00000-0 +00000-0 0  9996
2 27901 067.9762 330.4963 6294470 164.0906 232.2404 02.01130679020901
0 COSMOS 1261 DEB
1 27901U 81031J   04252.20270215 +.00000531 +00000-0 +00000-0 0  9993
2 27901 067.9766 330.3908 6294748 164.0546 232.3577 02.01132822020938
0 COSMOS 1261 DEB
1 27901U 81031J   04253.19717809  .00000558  00000-0  00000+0 0  9995
2 27901 067.9761 330.3201 6294914 164.0301 232.4359 02.01134295 20950
0 COSMOS 1261 DEB
1 27901U 81031J   04254.19164157 +.00000587 +00000-0 +00000-0 0  9991
2 27901 067.9754 330.2493 6294950 164.0065 232.5057 02.01135750020976
0 COSMOS 1261 DEB
1 27901U 81031J   04255.18609514 +.00000616 +00000-0 +00000-0 0  9995
2 27901 067.9748 330.1784 6295148 163.9826 232.5758 02.01137221020999
0 COSMOS 1261 DEB
1 27901U 81031J   04256.18053782  .00000641  00000-0  00000+0 0  9993
2 27901 067.9747 330.1078 6295289 163.9585 232.6433 02.01138705 21015
0 COSMOS 1261 DEB
1 27901U 81031J   04257.17497013 +.00000660 +00000-0 +00000-0 0  9994
2 27901 067.9742 330.0370 6295392 163.9346 232.7092 02.01140217021039
0 COSMOS 1261 DEB
1 27901U 81031J   04258.16939003 +.00000671 +00000-0 +00000-0 0  9996
2 27901 067.9744 329.9664 6295326 163.9114 232.7626 02.01141664021056
0 COSMOS 1261 DEB
1 27901U 81031J   04259.16380973  .00000672  00000-0  00000+0 0  9993
2 27901 067.9744 329.8958 6295429 163.8875 232.8280 02.01143167 21077
0 COSMOS 1261 DEB
1 27901U 81031J   04260.15821936 +.00000666 +00000-0 +00000-0 0  9997
2 27901 067.9742 329.8251 6295603 163.8640 232.8921 02.01144672021091
0 COSMOS 1261 DEB
1 27901U 81031J   04261.15262399 +.00000651 +00000-0 +00000-0 0  9994
2 27901 067.9752 329.7548 6295674 163.8395 232.9564 02.01146170021117
0 COSMOS 1261 DEB
1 27901U 81031J   04262.14703099 +.00000632 +00000-0 +00000-0 0  9990
2 27901 067.9756 329.6839 6295977 163.8158 233.0310 02.01147680021136
0 COSMOS 1261 DEB
1 27901U 81031J   04263.14143098 +.00000612 +00000-0 +00000-0 0  9996
2 27901 067.9755 329.6131 6295951 163.7926 233.1009 02.01149175021153
0 COSMOS 1261 DEB
1 27901U 81031J   04264.13582765 +.00000595 +00000-0 +00000-0 0  9994
2 27901 067.9750 329.5419 6296624 163.7674 233.1835 02.01150630021171
0 COSMOS 1261 DEB
1 27901U 81031J   04264.63302987  .00000593  00000-0  00000+0 0  9992
2 27901 067.9668 329.4992 6309874 163.7476 233.4334 02.01151559 21185
0 COSMOS 1261 DEB
1 27901U 81031J   04266.12455734  .00000588  00000-0  00000+0 0  9991
2 27901 067.9355 329.3750 6314280 163.7189 233.5124 02.01152750 21213
0 COSMOS 1261 DEB
1 27901U 81031J   04267.11897129  .00000594  00000-0  00000+0 0  9996
2 27901 067.9369 329.3017 6315182 163.7124 233.6126 02.01154485 21237
0 COSMOS 1261 DEB
1 27901U 81031J   04268.11327583 +.00000603 +00000-0 +00000-0 0  9991
2 27901 067.9366 329.2301 6315198 163.6893 233.6396 02.01155981021251
0 COSMOS 1261 DEB
1 27901U 81031J   04269.10762291  .00000606  00000-0  00000+0 0  9992
2 27901 067.9720 329.1854 6293331 163.6543 233.4144 02.01157570 21270
0 COSMOS 1261 DEB
1 27901U 81031J   04270.10206595  .00000608  00000-0  00000+0 0  9996
2 27901 067.9680 329.1111 6293692 163.6310 233.5483 02.01158778 21293
0 COSMOS 1261 DEB
1 27901U 81031J   04271.09640553  .00000600  00000-0  00000+0 0  9993
2 27901 067.9684 329.0402 6294079 163.6013 233.6150 02.01159825 21318
0 COSMOS 1261 DEB
1 27901U 81031J   04272.09076287  .00000580  00000-0  00000+0 0  9998
2 27901 067.9631 328.9668 6294265 163.5682 233.6884 02.01160573 21338
0 COSMOS 1261 DEB
1 27901U 81031J   04273.08514376 +.00000550 +00000-0 +00000-0 0  9992
2 27901 067.9634 328.8961 6294318 163.5394 233.7892 02.01161668021353
0 COSMOS 1261 DEB
1 27901U 81031J   04274.07949298  .00000513  00000-0  00000+0 0  9995
2 27901 067.9618 328.8249 6294299 163.5171 233.8743 02.01163040 21379
0 COSMOS 1261 DEB
1 27901U 81031J   04275.07380784 +.00000475 +00000-0 +00000-0 0  9993
2 27901 067.9620 328.7528 6294278 163.4916 233.9364 02.01164193021396
0 COSMOS 1261 DEB
1 27901U 81031J   04276.06813858 +.00000441 +00000-0 +00000-0 0  9999
2 27901 067.9623 328.6821 6294509 163.4726 234.0167 02.01165513021413
0 COSMOS 1261 DEB
1 27901U 81031J   04277.06243900  .00000414  00000-0  00000+0 0  9994
2 27901 067.9609 328.6116 6294594 163.4497 234.0805 02.01166810 21435
0 COSMOS 1261 DEB
1 27901U 81031J   04277.55959249  .00000404  00000-0  00000+0 0  9997
2 27901 067.9659 328.5785 6295182 163.4471 234.1160 02.01167463 21448
0 COSMOS 1261 DEB
1 27901U 81031J   04279.05102322 +.00000389 +00000-0 +00000-0 0  9999
2 27901 067.9637 328.4729 6295227 163.4110 234.2095 02.01169323021479
0 COSMOS 1261 DEB
1 27901U 81031J   04279.54822470  .00000000  00000-0  10000-3 0  9990
2 27901 067.9613 328.4465 6293889 163.3666 234.2821 02.01167844 21470
0 COSMOS 1261 DEB
1 27901U 81031J   04280.04532214  .00000387  00000-0  00000+0 0  9994
2 27901 067.9634 328.4017 6295241 163.3893 234.2862 02.01170532 21497
0 COSMOS 1261 DEB
1 27901U 81031J   04281.03960163 +.00000390 +00000-0 +00000-0 0  9997
2 27901 067.9636 328.3310 6295251 163.3670 234.3534 02.01171709021515
0 COSMOS 1261 DEB
1 27901U 81031J   04281.53673512 +.00000391 +00000-0 +00000-0 0  9992
2 27901 067.9626 328.2942 6295119 163.3582 234.3853 02.01172377021526
0 COSMOS 1261 DEB
1 27901U 81031J   04283.02812600  .00000391  00000-0  00000+0 0  9990
2 27901 067.9623 328.1882 6295538 163.3270 234.4774 02.01174014 21550
0 COSMOS 1261 DEB
1 27901U 81031J   04284.02237251 +.00000385 +00000-0 +00000-0 0  9998
2 27901 067.9625 328.1177 6295587 163.3045 234.5329 02.01175055021578
0 COSMOS 1261 DEB
1 27901U 81031J   04284.51949411 +.00000379 +00000-0 +00000-0 0  9993
2 27901 067.9629 328.0825 6295602 163.2936 234.5615 02.01175579021587
0 COSMOS 1261 DEB
1 27901U 81031J   04286.01086278  .00000348  00000-0  00000+0 0  9998
2 27901 067.9629 327.9762 6295686 163.2593 234.6528 02.01176991 21613
0 COSMOS 1261 DEB
1 27901U 81031J   04287.00510171 +.00000317 +00000-0 +00000-0 0  9999
2 27901 067.9629 327.9054 6295762 163.2372 234.7135 02.01177891021634
0 COSMOS 1261 DEB
1 27901U 81031J   04287.99933740  .00000278  00000-0  00000+0 0  9993
2 27901 067.9614 327.8331 6295539 163.2131 234.7751 02.01178762 21654
0 COSMOS 1261 DEB
1 27901U 81031J   04288.49656116  .00000000  00000-0  10000-3 0  9996
2 27901 067.9615 327.8093 6294245 163.1533 234.8857 02.01177396 21658
0 COSMOS 1261 DEB
1 27901U 81031J   04288.99357656  .00000234  00000-0  00000+0 0  9992
2 27901 067.9674 327.7673 6296296 163.1955 234.8429 02.01179673 21679
0 COSMOS 1261 DEB
1 27901U 81031J   04289.98780478 +.00000188 +00000-0 +00000-0 0  9993
2 27901 067.9663 327.6958 6296178 163.1694 234.9027 02.01180338021698
0 COSMOS 1261 DEB
1 27901U 81031J   04290.98205937 +.00000145 +00000-0 +00000-0 0  9990
2 27901 067.9665 327.6253 6296229 163.1441 234.9842 02.01180957021710
0 COSMOS 1261 DEB
1 27901U 81031J   04291.97631272  .00000107  00000-0  00000+0 0  9992
2 27901 067.9641 327.5522 6295832 163.1138 235.0673 02.01181512 21738
0 COSMOS 1261 DEB
1 27901U 81031J   04292.97057687 +.00000077 +00000-0 +00000-0 0  9992
2 27901 067.9643 327.4817 6295938 163.0899 235.1594 02.01182014021759
0 COSMOS 1261 DEB
1 27901U 81031J   04293.46770020 +.00000066 +00000-0 +00000-0 0  9998
2 27901 067.9640 327.4465 6295939 163.0755 235.1998 02.01182233021769
0 COSMOS 1261 DEB
1 27901U 81031J   04294.46194611  .00000048  00000-0  00000+0 0  9994
2 27901 067.9637 327.3754 6296001 163.0517 235.2802 02.01182623 21782
0 COSMOS 1261 DEB
1 27901U 81031J   04295.45626473  .00000000  00000-0  10000-3 0  9993
2 27901 067.9643 327.3162 6294954 162.9882 235.4117 02.01180963 21797
0 COSMOS 1261 DEB
1 27901U 81031J   04295.95328956 +.00000028 +00000-0 +00000-0 0  9999
2 27901 067.9625 327.2680 6295908 163.0145 235.3848 02.01183094021816
0 COSMOS 1261 DEB
1 27901U 81031J   04296.45040843  .00000020  00000-0  00000+0 0  9992
2 27901 067.9620 327.2324 6295884 163.0008 235.4221 02.01183189 21829
0 COSMOS 1261 DEB
1 27901U 81031J   04297.44463516 -.00000001 +00000-0 +00000-0 0  9999
2 27901 067.9622 327.1611 6295954 162.9746 235.4906 02.01183337021841
0 COSMOS 1261 DEB
1 27901U 81031J   04298.43886481 -.00000032  00000-0  00000+0 0  9992
2 27901 067.9633 327.0911 6296261 162.9465 235.5610 02.01183331 21864
0 COSMOS 1261 DEB
1 27901U 81031J   04299.43310831 -.00000074 +00000-0 +00000-0 0  9991
2 27901 067.9623 327.0199 6296215 162.9235 235.6447 02.01183480021881
0 COSMOS 1261 DEB
1 27901U 81031J   04300.42732346 -.00000125 +00000-0 +00000-0 0  9999
2 27901 067.9617 326.9489 6296224 162.9002 235.7081 02.01183537021907
0 COSMOS 1261 DEB
1 27901U 81031J   04301.42154443 -.00000181  00000-0  00000+0 0  9997
2 27901 067.9612 326.8779 6296345 162.8801 235.7770 02.01183577 21924
0 COSMOS 1261 DEB
1 27901U 81031J   04302.41575738 -.00000236 +00000-0 +00000-0 0  9993
2 27901 067.9600 326.8069 6296344 162.8593 235.8408 02.01183579021943
0 COSMOS 1261 DEB
1 27901U 81031J   04302.41578987  .00000000  00000-0  10000-3 0  9994
2 27901 067.9610 326.8219 6296007 162.8315 235.8606 02.01181634 21938
0 COSMOS 1261 DEB
1 27901U 81031J   04303.40997433 -.00000284  00000-0  00000+0 0  9995
2 27901 067.9625 326.7386 6297101 162.8443 235.9069 02.01183477 21960
0 COSMOS 1261 DEB
1 27901U 81031J   04304.40418416 -.00000324  00000-0  00000+0 0  9990
2 27901 067.9655 326.6680 6297666 162.8268 235.9680 02.01183313 21980
0 COSMOS 1261 DEB
1 27901U 81031J   04305.39840236 -.00000352 +00000-0 +00000-0 0  9990
2 27901 067.9668 326.5977 6298002 162.8061 236.0340 02.01183073022000
0 COSMOS 1261 DEB
1 27901U 81031J   04306.39263134 -.00000370  00000-0  00000+0 0  9996
2 27901 067.9671 326.5269 6298157 162.7831 236.1073 02.01182774 22026
0 COSMOS 1261 DEB
1 27901U 81031J   04306.39263134 -.00000370 +00000-0 +00000-0 0  9997
2 27901 067.9671 326.5269 6298157 162.7831 236.1073 02.01182774022026
0 COSMOS 1261 DEB
1 27901U 81031J   04307.38686668 -.00000379 +00000-0 +00000-0 0  9997
2 27901 067.9661 326.4554 6298099 162.7592 236.1844 02.01182422022048
0 COSMOS 1261 DEB
1 27901U 81031J   04308.38110039 -.00000385 +00000-0 +00000-0 0  9999
2 27901 067.9667 326.3844 6298316 162.7379 236.2586 02.01182003022061
0 COSMOS 1261 DEB
1 27901U 81031J   04309.37532767 -.00000389  00000-0  00000+0 0  9998
2 27901 067.9659 326.3134 6298372 162.7144 236.3282 02.01181548 22085
0 COSMOS 1261 DEB
1 27901U 81031J   04310.36955786 -.00000396 +00000-0 +00000-0 0  9998
2 27901 067.9657 326.2418 6298392 162.6904 236.3979 02.01181029022102
0 COSMOS 1261 DEB
1 27901U 81031J   04311.36378898 -.00000408 +00000-0 +00000-0 0  9996
2 27901 067.9644 326.1702 6298290 162.6659 236.4664 02.01180454022122
0 COSMOS 1261 DEB
1 27901U 81031J   04312.35802118 -.00000426  00000-0  00000+0 0  9992
2 27901 067.9640 326.0990 6298284 162.6428 236.5331 02.01179825 22147
0 COSMOS 1261 DEB
1 27901U 81031J   04313.35225232 -.00000451 +00000-0 +00000-0 0  9998
2 27901 067.9635 326.0267 6298056 162.6179 236.5968 02.01179161022169
0 COSMOS 1261 DEB
1 27901U 81031J   04314.34649140 -.00000483 +00000-0 +00000-0 0  9991
2 27901 067.9629 325.9553 6298052 162.5938 236.6619 02.01178384022188
0 COSMOS 1261 DEB
1 27901U 81031J   04315.34074032 -.00000520  00000-0  00000+0 0  9995
2 27901 067.9619 325.8838 6298029 162.5718 236.7300 02.01177536 22201
0 COSMOS 1261 DEB
1 27901U 81031J   04316.33499048 -.00000560 +00000-0 +00000-0 0  9998
2 27901 067.9607 325.8127 6297968 162.5467 236.7961 02.01176634022224
0 COSMOS 1261 DEB
1 27901U 81031J   04317.32926184 -.00000600 +00000-0 +00000-0 0  9999
2 27901 067.9603 325.7409 6297959 162.5213 236.8733 02.01175655022243
0 COSMOS 1261 DEB
1 27901U 81031J   04318.32354587 -.00000636  00000-0  00000+0 0  9990
2 27901 067.9554 325.6707 6297895 162.4996 236.9547 02.01174624 22265
0 COSMOS 1261 DEB
1 27901U 81031J   04319.31782352 -.00000664 +00000-0 +00000-0 0  9997
2 27901 067.9523 325.6000 6297920 162.4786 237.0278 02.01173554022289
0 COSMOS 1261 DEB
1 27901U 81031J   04320.31210493 -.00000682 +00000-0 +00000-0 0  9991
2 27901 067.9525 325.5288 6297966 162.4559 237.0993 02.01172426022300
0 COSMOS 1261 DEB
1 27901U 81031J   04321.30639724 -.00000692  00000-0  00000+0 0  9993
2 27901 067.9561 325.4572 6298202 162.4269 237.1770 02.01171260 22328
0 COSMOS 1261 DEB
1 27901U 81031J   04322.30071628 -.00000694  00000-0  00000+0 0  9999
2 27901 067.9518 325.3829 6297827 162.3981 237.2546 02.01169317 22340
0 COSMOS 1261 DEB
1 27901U 81031J   04323.29504971 -.00000695  00000-0  00000+0 0  9991
2 27901 067.9513 325.3139 6297897 162.3684 237.3388 02.01167644 22364
0 COSMOS 1261 DEB
1 27901U 81031J   04324.28939308 -.00000699 +00000-0 +00000-0 0  9992
2 27901 067.9515 325.2419 6297846 162.3404 237.4301 02.01166118022383
0 COSMOS 1261 DEB
1 27901U 81031J   04325.28372474 -.00000712 +00000-0 +00000-0 0  9994
2 27901 067.9524 325.1692 6297812 162.3070 237.5098 02.01164602022400
0 COSMOS 1261 DEB
1 27901U 81031J   04326.27808240 -.00000735 +00000-0 +00000-0 0  9994
2 27901 067.9530 325.0969 6297866 162.2645 237.6047 02.01163048022429
0 COSMOS 1261 DEB
1 27901U 81031J   04327.27248582 -.00000766 +00000-0 +00000-0 0  9996
2 27901 067.9495 325.0268 6297929 162.2391 237.7263 02.01161561022440
0 COSMOS 1261 DEB
1 27901U 81031J   04329.26117735 -.00000840  00000-0  00000+0 0  9994
2 27901 067.9491 324.8846 6298247 162.1806 237.8777 02.01158718 22484
0 COSMOS 1261 DEB
1 27901U 81031J   04330.25558339 -.00000869  00000-0  00000+0 0  9995
2 27901 067.9366 324.8200 6298283 162.3489 237.9850 02.01158528 22503
0 COSMOS 1261 DEB
1 27901U 81031J   04333.23792189 -.00000899  00000-0  00000+0 0  9992
2 27901 067.9385 324.6021 6298015 162.2349 237.6501 02.01153696 22567
0 COSMOS 1261 DEB
1 27901U 81031J   04334.23249630 -.00000887  00000-0  00000+0 0  9998
2 27901 067.9278 324.5362 6298108 162.1684 237.8651 02.01152003 22580
0 COSMOS 1261 DEB
1 27901U 81031J   04335.22706180 -.00000869  00000-0  00000+0 0  9996
2 27901 067.9273 324.4657 6298235 162.1325 238.0666 02.01150400 22605
0 COSMOS 1261 DEB
1 27901U 81031J   04336.22151080 -.00000848  00000-0  00000+0 0  9997
2 27901 067.9326 324.3911 6298270 162.0889 238.1802 02.01148795 22628
0 COSMOS 1261 DEB
1 27901U 81031J   04337.21599069 -.00000829  00000-0  00000+0 0  9999
2 27901 067.9395 324.3177 6298370 162.0485 238.3121 02.01147240 22643
0 COSMOS 1261 DEB
1 27901U 81031J   04338.21046051 -.00000814 +00000-0 +00000-0 0  9993
2 27901 067.9416 324.2467 6298381 162.0248 238.4290 02.01145701022667
0 COSMOS 1261 DEB
1 27901U 81031J   04339.20486957 -.00000805  00000-0  00000+0 0  9995
2 27901 067.9408 324.1754 6298477 161.9875 238.4983 02.01144136 22688
0 COSMOS 1261 DEB
1 27901U 81031J   04340.19933809 -.00000802  00000-0  00000+0 0  9995
2 27901 067.9405 324.1038 6298519 161.9478 238.6060 02.01142576 22703
0 COSMOS 1261 DEB
1 27901U 81031J   04341.19382160 -.00000806  00000-0  00000+0 0  9998
2 27901 067.9392 324.0328 6298581 161.9116 238.7182 02.01141025 22723
0 COSMOS 1261 DEB
1 27901U 81031J   04342.18830232 -.00000814  00000-0  00000+0 0  9995
2 27901 067.9364 323.9616 6298622 161.9014 238.8195 02.01139508 22743
0 COSMOS 1261 DEB
1 27901U 81031J   04343.18269363 -.00000827 +00000-0 +00000-0 0  9992
2 27901 067.9343 323.8903 6298688 161.8796 238.8530 02.01138002022769
0 COSMOS 1261 DEB
1 27901U 81031J   04344.17714060 -.00000840  00000-0  00000+0 0  9995
2 27901 067.9330 323.8194 6298761 161.8600 238.9217 02.01136509 22788
0 COSMOS 1261 DEB
1 27901U 81031J   04345.17159070 -.00000851  00000-0  00000+0 0  9992
2 27901 067.9340 323.7475 6298796 161.8469 238.9860 02.01135020 22805
0 COSMOS 1261 DEB
1 27901U 81031J   04346.16602611 -.00000855  00000-0  00000+0 0  9990
2 27901 067.9267 323.6792 6298858 161.7647 239.0469 02.01133550 22825
0 COSMOS 1261 DEB
1 27901U 81031J   04347.16072919 -.00000851  00000-0  00000+0 0  9999
2 27901 067.9263 323.6074 6298929 161.7487 239.2843 02.01132086 22848
0 COSMOS 1261 DEB
1 27901U 81031J   04348.15518956 -.00000837  00000-0  00000+0 0  9999
2 27901 067.9252 323.5364 6299029 161.7438 239.3401 02.01130656 22869
0 COSMOS 1261 DEB
1 27901U 81031J   04349.14961043 -.00000815  00000-0  00000+0 0  9994
2 27901 067.9287 323.4634 6299100 161.7380 239.3622 02.01129250 22887
0 COSMOS 1261 DEB
1 27901U 81031J   04350.14403556 -.00000791  00000-0  00000+0 0  9999
2 27901 067.9266 323.3928 6299537 161.7431 239.3807 02.01127863 22906
0 COSMOS 1261 DEB
1 27901U 81031J   04351.13842723 -.00000769  00000-0  00000+0 0  9997
2 27901 067.9388 323.3178 6299602 161.7635 239.3686 02.01126538 22922
0 COSMOS 1261 DEB
1 27901U 81031J   04352.13275665 -.00000755  00000-0  00000+0 0  9998
2 27901 067.9349 323.2475 6299876 161.7218 239.3137 02.01125145 22944
0 COSMOS 1261 DEB
1 27901U 81031J   04353.12733361 -.00000750  00000-0  00000+0 0  9995
2 27901 067.9439 323.1730 6299795 161.6919 239.4329 02.01123816 22963
0 COSMOS 1261 DEB
1 27901U 81031J   04354.12186532 -.00000755  00000-0  00000+0 0  9993
2 27901 067.9251 323.1106 6299585 161.6057 239.5230 02.01122493 22986
0 COSMOS 1261 DEB
1 27901U 81031J   04355.11661712 -.00000768  00000-0  00000+0 0  9995
2 27901 067.9201 323.0403 6299659 161.5642 239.7594 02.01121166 23006
0 COSMOS 1261 DEB
1 27901U 81031J   04356.11121750 -.00000783  00000-0  00000+0 0  9996
2 27901 067.9183 322.9672 6299873 161.5282 239.8795 02.01119834 23024
0 COSMOS 1261 DEB
1 27901U 81031J   04357.10581186 -.00000794 +00000-0 +00000-0 0  9992
2 27901 067.9153 322.8975 6299842 161.4972 239.9908 02.01118561023042
0 COSMOS 1261 DEB
1 27901U 81031J   04359.09495338 -.00000790  00000-0  00000+0 0  9990
2 27901 067.9121 322.7566 6299623 161.4225 240.1663 02.01116064 23082
0 COSMOS 1261 DEB
1 27901U 81031J   04360.08962016 -.00000770  00000-0  00000+0 0  9991
2 27901 067.9143 322.6839 6299506 161.3911 240.3157 02.01114850 23103
0 COSMOS 1261 DEB
1 27901U 81031J   04361.08422074 -.00000739  00000-0  00000+0 0  9992
2 27901 067.9079 322.6161 6299416 161.3416 240.4146 02.01113651 23128
0 COSMOS 1261 DEB
1 27901U 81031J   04362.07889488 -.00000702  00000-0  00000+0 0  9998
2 27901 067.9078 322.5450 6299432 161.3319 240.5557 02.01112481 23146
0 COSMOS 1261 DEB
1 27901U 81031J   04363.07342468 -.00000662  00000-0  00000+0 0  9996
2 27901 067.9021 322.4769 6299373 161.2811 240.5949 02.01111338 23163
0 COSMOS 1261 DEB
1 27901U 81031J   05026.91235316 -.00000025  00000-0  00000+0 0  9992
2 27901 067.8579 320.4007 6299277 160.5326 242.5365 02.01101518 23768
0 COSMOS 1261 DEB
1 27901U 81031J   05026.91244087 -.00000027  00000-0  00000+0 0  9999
2 27901 067.9032 320.3592 6300107 160.6339 242.5891 02.01094539 23769
0 COSMOS 1261 DEB
1 27901U 81031J   05037.85349461  .00000182  00000-0  00000+0 0  9997
2 27901 067.8883 319.5808 6300845 160.3721 243.2633 02.01098712 23986
0 COSMOS 1261 DEB
1 27901U 81031J   05048.79422705  .00000321  00000-0  00000+0 0  9990
2 27901 067.8803 318.7991 6301433 160.1133 243.9674 02.01107464 24204
0 COSMOS 1261 DEB
1 27901U 81031J   05097.02211782  .00000472  00000-0  00000+0 0  9998
2 27901 067.8023 315.3654 6303899 158.8446 245.7006 02.01173679 25173
0 COSMOS 1261 DEB
1 27901U 81031J   05101.00147021  .00000274  00000-0  00000+0 0  9996
2 27901 067.7993 315.0793 6304118 158.7548 247.6360 02.01177144 25250
0 COSMOS 1261 DEB
1 27901U 81031J   05103.98422907  .00000212  00000-0  00000+0 0  9996
2 27901 067.7971 314.8649 6304283 158.6876 247.8576 02.01180027 25311
0 COSMOS 1261 DEB
1 27901U 81031J   05108.95534123  .00000159  00000-0  00000+0 0  9992
2 27901 067.8282 314.4728 6308266 158.8164 248.1456 02.01183678 25415
0 COSMOS 1261 DEB
1 27901U 81031J   05109.94873768  .00000129  00000-0  00000+0 0  9990
2 27901 067.8223 314.4012 6308015 158.8113 247.6162 02.01184252 25431
0 COSMOS 1261 DEB
1 27901U 81031J   05110.94287128 +.00000091 +00000-0 +00000-0 0  9990
2 27901 067.8200 314.3301 6308028 158.7876 247.6246 02.01184672025456
0 COSMOS 1261 DEB
1 27901U 81031J   05111.93707705  .00000048  00000-0  00000+0 0  9999
2 27901 067.8179 314.2578 6307932 158.7861 247.6829 02.01185064 25478
0 COSMOS 1261 DEB
1 27901U 81031J   05112.93120270  .00000003  00000-0  00000+0 0  9997
2 27901 067.8989 314.1351 6308420 158.7747 247.6883 02.01185310 25497
0 COSMOS 1261 DEB
1 27901U 81031J   05113.92537588 -.00000044  00000-0  00000+0 0  9997
2 27901 067.8886 314.0698 6308342 158.7385 247.7292 02.01185493 25517
0 COSMOS 1261 DEB
1 27901U 81031J   05114.91963309 -.00000089  00000-0  00000+0 0  9990
2 27901 067.8382 314.0231 6307830 158.7721 247.8178 02.01185625 25539
0 COSMOS 1261 DEB
1 27901U 81031J   05115.91363806 -.00000130 +00000-0 +00000-0 0  9995
2 27901 067.8387 313.9510 6307922 158.7529 247.7354 02.01185682025550
0 COSMOS 1261 DEB
1 27901U 81031J   05116.90784214 -.00000163 +00000-0 +00000-0 0  9991
2 27901 067.8396 313.8787 6308015 158.7306 247.7975 02.01185656025574
0 COSMOS 1261 DEB
1 27901U 81031J   05117.90205807 -.00000189  00000-0  00000+0 0  9995
2 27901 067.8386 313.8072 6308032 158.7036 247.8686 02.01185567 25592
0 COSMOS 1261 DEB
1 27901U 81031J   05118.89628814 -.00000209  00000-0  00000+0 0  9994
2 27901 067.8386 313.7351 6308141 158.6898 247.9462 02.01185394 25611
0 COSMOS 1261 DEB
1 27901U 81031J   05119.89047134 -.00000227  00000-0  00000+0 0  9995
2 27901 067.8785 313.6388 6308286 158.6088 248.0022 02.01185155 25635
0 COSMOS 1261 DEB
1 27901U 81031J   05120.88488938 -.00000247  00000-0  00000+0 0  9999
2 27901 067.8543 313.5840 6308414 158.5782 248.2140 02.01184786 25656
0 COSMOS 1261 DEB
1 27901U 81031J   05121.87913085 -.00000274  00000-0  00000+0 0  9995
2 27901 067.8298 313.5253 6307867 158.5373 248.2974 02.01184372 25676
0 COSMOS 1261 DEB
1 27901U 81031J   05122.87339671 -.00000312 +00000-0 +00000-0 0  9993
2 27901 067.8311 313.4499 6307711 158.5125 248.3963 02.01183908025691
0 COSMOS 1261 DEB
1 27901U 81031J   05123.86761319 -.00000360 +00000-0 +00000-0 0  9994
2 27901 067.8284 313.3794 6307832 158.4995 248.4564 02.01183402025715
0 COSMOS 1261 DEB
1 27901U 81031J   05124.86179632 -.00000417  00000-0  00000+0 0  9998
2 27901 067.8260 313.3088 6307942 158.4855 248.4909 02.01182840 25732
0 COSMOS 1261 DEB
1 27901U 81031J   05125.85598871 -.00000478 +00000-0 +00000-0 0  9996
2 27901 067.8266 313.2348 6307846 158.4688 248.5310 02.01182229025753
0 COSMOS 1261 DEB
1 27901U 81031J   05126.85019366 -.00000535 +00000-0 +00000-0 0  9998
2 27901 067.8253 313.1637 6307944 158.4488 248.5796 02.01181571025775
0 COSMOS 1261 DEB
1 27901U 81031J   05127.84441995 -.00000584  00000-0  00000+0 0  9998
2 27901 067.8239 313.0928 6308033 158.4284 248.6411 02.01180849 25799
0 COSMOS 1261 DEB
1 27901U 81031J   05128.83865367 -.00000622  00000-0  00000+0 0  9994
2 27901 067.8269 313.0197 6308379 158.3931 248.7047 02.01179949 25819
0 COSMOS 1261 DEB
1 27901U 81031J   05129.83295575 -.00000645  00000-0  00000+0 0  9998
2 27901 067.8282 312.9468 6308451 158.3848 248.8137 02.01179124 25839
0 COSMOS 1261 DEB
1 27901U 81031J   05130.82715597 -.00000657 +00000-0 +00000-0 0  9994
2 27901 067.8281 312.8745 6308570 158.3602 248.8486 02.01178233025854
0 COSMOS 1261 DEB
1 27901U 81031J   05131.82141746 -.00000660 +00000-0 +00000-0 0  9998
2 27901 067.8267 312.8035 6308617 158.3374 248.9249 02.01177311025874
0 COSMOS 1261 DEB
1 27901U 81031J   05132.81567247 -.00000660  00000-0  00000+0 0  9995
2 27901 067.8274 312.7310 6308768 158.3178 248.9922 02.01176315 25899
0 COSMOS 1261 DEB
1 27901U 81031J   05133.80992100 -.00000660 +00000-0 +00000-0 0  9996
2 27901 067.8342 312.6545 6308933 158.3023 249.0514 02.01175282025911
0 COSMOS 1261 DEB
1 27901U 81031J   05134.80415658 -.00000664  00000-0  00000+0 0  9998
2 27901 067.8315 312.5843 6308965 158.2837 249.0986 02.01174229 25933
0 COSMOS 1261 DEB
1 27901U 81031J   05135.79840193 -.00000675 +00000-0 +00000-0 0  9996
2 27901 067.8359 312.5089 6309011 158.2628 249.1483 02.01173095025959
0 COSMOS 1261 DEB
1 27901U 81031J   05136.79266126 -.00000693 +00000-0 +00000-0 0  9995
2 27901 067.8418 312.4326 6309053 158.2412 249.2046 02.01171924025972
0 COSMOS 1261 DEB
1 27901U 81031J   05137.78692780 -.00000716  00000-0  00000+0 0  9999
2 27901 067.8414 312.3607 6309112 158.2127 249.2631 02.01170712 25994
0 COSMOS 1261 DEB
1 27901U 81031J   05138.78122498 -.00000744 +00000-0 +00000-0 0  9996
2 27901 067.8406 312.2889 6309126 158.1904 249.3382 02.01169460026019
0 COSMOS 1261 DEB
1 27901U 81031J   05139.77550809 -.00000774 +00000-0 +00000-0 0  9990
2 27901 067.8457 312.2127 6309152 158.1668 249.3983 02.01168160026031
0 COSMOS 1261 DEB
1 27901U 81031J   05140.76980578 -.00000804  00000-0  00000+0 0  9994
2 27901 067.8445 312.1411 6309234 158.1431 249.4639 02.01166819 26052
0 COSMOS 1261 DEB
1 27901U 81031J   05141.76411568 -.00000831  00000-0  00000+0 0  9993
2 27901 067.8362 312.0740 6309314 158.1433 249.5277 02.01165425 26078
0 COSMOS 1261 DEB
1 27901U 81031J   05142.75835407 -.00000853  00000-0  00000+0 0  9999
2 27901 067.8195 312.0128 6309336 158.1499 249.5340 02.01164016 26096
0 COSMOS 1261 DEB
1 27901U 81031J   05143.75257761 -.00000868  00000-0  00000+0 0  9997
2 27901 067.8183 311.9416 6309328 158.1405 249.5274 02.01162562 26112
0 COSMOS 1261 DEB
1 27901U 81031J   05144.74686529 -.00000875 +00000-0 +00000-0 0  9994
2 27901 067.8176 311.8699 6309438 158.1221 249.5638 02.01161086026130
0 COSMOS 1261 DEB
1 27901U 81031J   05145.74119220 -.00000874  00000-0  00000+0 0  9992
2 27901 067.8159 311.7980 6309557 158.0875 249.6263 02.01159584 26156
0 COSMOS 1261 DEB
1 27901U 81031J   05146.73557980 -.00000868  00000-0  00000+0 0  9994
2 27901 067.8138 311.7266 6309616 158.0820 249.7198 02.01158035 26176
0 COSMOS 1261 DEB
1 27901U 81031J   05147.72987112 -.00000865  00000-0  00000+0 0  9995
2 27901 067.8347 311.6372 6308675 157.7713 249.7744 02.01155576 26192
0 COSMOS 1261 DEB
1 27901U 81031J   05152.70271832 -.00000947  00000-0  00000+0 0  9995
2 27901 067.8026 311.2979 6309194 158.1165 250.7333 02.01148340 26296
0 COSMOS 1261 DEB
1 27901U 81031J   05153.69550474 -.00000978  00000-0  00000+0 0  9990
2 27901 067.7986 311.2290 6309352 158.1167 249.6259 02.01146675 26310
0 COSMOS 1261 DEB
1 27901U 81031J   05154.68983704 -.00001003  00000-0  00000+0 0  9996
2 27901 067.8006 311.1558 6309118 158.0587 249.6421 02.01144994 26330
0 COSMOS 1261 DEB
1 27901U 81031J   05155.68437735 -.00001017  00000-0  00000+0 0  9990
2 27901 067.8064 311.0807 6308847 157.9722 249.8071 02.01143278 26356
0 COSMOS 1261 DEB
1 27901U 81031J   05156.67902816 -.00001017  00000-0  00000+0 0  9997
2 27901 067.8057 311.0090 6309318 157.9335 250.0383 02.01141562 26372
0 COSMOS 1261 DEB
1 27901U 81031J   05157.67353314 -.00001003  00000-0  00000+0 0  9996
2 27901 067.8090 310.9343 6309234 157.8553 250.1667 02.01139892 26397
0 COSMOS 1261 DEB
1 27901U 81031J   05158.66816947 -.00000979  00000-0  00000+0 0  9993
2 27901 067.8113 310.8603 6309231 157.7919 250.3826 02.01138241 26412
0 COSMOS 1261 DEB
1 27901U 81031J   05159.66276041 -.00000950  00000-0  00000+0 0  9998
2 27901 067.8183 310.7833 6309219 157.7143 250.5622 02.01136576 26435
0 COSMOS 1261 DEB
1 27901U 81031J   05160.65740516 -.00000920  00000-0  00000+0 0  9999
2 27901 067.8170 310.7106 6310087 157.7438 250.7576 02.01134955 26457
0 COSMOS 1261 DEB
1 27901U 81031J   05160.65777862  .00000000  00000-0  10000-3 0  9996
2 27901 067.7536 310.7867 6308971 157.5653 251.0511 02.01132872 26451
0 COSMOS 1261 DEB
1 27901U 81031J   05167.61910681  .00000000  00000-0  10000-3 0  9997
2 27901 067.7484 310.2843 6309358 157.3788 251.5474 02.01123804 26592
0 COSMOS 1261 DEB
1 27901U 81031J   05174.58034050 -.00000739  00000-0  00000+0 0  9993
2 27901 067.8207 309.6794 6320048 158.7543 251.3654 02.01115007 26736
0 COSMOS 1261 DEB
1 27901U 81031J   05174.58082322  .00000000  00000-0  10000-3 0  9993
2 27901 067.7432 309.7844 6309740 157.2063 252.0479 02.01114354 26736
0 COSMOS 1261 DEB
1 27901U 81031J   05182.53709843 -.00000711  00000-0  00000+0 0  9996
2 27901 067.8010 309.1379 6310542 157.1962 252.3354 02.01107349 26893
0 COSMOS 1261 DEB
1 27901U 81031J   05192.98021625 -.00000378  00000-0  00000+0 0  9990
2 27901 067.7534 308.4018 6311769 157.0037 252.7404 02.01098763 27103
0 COSMOS 1261 DEB
1 27901U 81031J   05194.96935350 -.00000357  00000-0  00000+0 0  9996
2 27901 067.7252 308.2675 6312471 156.9573 252.7649 02.01097649 27148
0 COSMOS 1261 DEB
1 27901U 81031J   05196.46133190 -.00000337 +00000-0 +00000-0 0  9994
2 27901 067.7267 308.1580 6312486 156.9220 252.8716 02.01096950027176
0 COSMOS 1261 DEB
1 27901U 81031J   05196.95866023 -.00000328  00000-0  00000+0 0  9995
2 27901 067.7157 308.1222 6313239 156.9166 252.8930 02.01096572 27182
0 COSMOS 1261 DEB
1 27901U 81031J   05197.45599680 -.00000319  00000-0  00000+0 0  9993
2 27901 067.7060 308.0774 6315209 156.9182 252.9235 02.01096269 27196
0 COSMOS 1261 DEB
1 27901U 81031J   05198.94797599 -.00000277  00000-0  00000+0 0  9990
2 27901 067.7206 307.9736 6313697 156.8844 253.0016 02.01095462 27224
0 COSMOS 1261 DEB
1 27901U 81031J   05200.43995591 -.00000222  00000-0  00000+0 0  9990
2 27901 067.7283 307.8672 6313038 156.8520 253.0826 02.01094843 27251
0 COSMOS 1261 DEB
1 27901U 81031J   05202.42925729 -.00000145  00000-0  00000+0 0  9991
2 27901 067.7398 307.7269 6311846 156.8077 253.1794 02.01094138 27297
0 COSMOS 1261 DEB
1 27901U 81031J   05202.42926641 -.00000145  00000-0  00000+0 0  9995
2 27901 067.7369 307.7257 6311862 156.8116 253.1777 02.01094059 27297
0 COSMOS 1261 DEB
1 27901U 81031J   05206.90515719 -.00000097  00000-0  00000+0 0  9998
2 27901 067.7174 307.4016 6313623 156.7192 253.4180 02.01093905 27381
0 COSMOS 1261 DEB
1 27901U 81031J   05208.39712304 -.00000105  00000-0  00000+0 0  9992
2 27901 067.7309 307.2940 6312861 156.6799 253.4953 02.01093797 27411
0 COSMOS 1261 DEB
1 27901U 81031J   05208.89445939 -.00000105  00000-0  00000+0 0  9994
2 27901 067.7203 307.2576 6313944 156.6743 253.5332 02.01093891 27429
0 COSMOS 1261 DEB
1 27901U 81031J   05210.38644006 -.00000088  00000-0  00000+0 0  9997
2 27901 067.7352 307.1515 6313278 156.6329 253.6239 02.01094071 27457
0 COSMOS 1261 DEB
1 27901U 81031J   05210.88378443 -.00000075 +00000-0 +00000-0 0  9998
2 27901 067.7343 307.1157 6313315 156.6209 253.6676 02.01094171027465
0 COSMOS 1261 DEB
1 27901U 81031J   05211.38111494 -.00000059 +00000-0 +00000-0 0  9997
2 27901 067.7338 307.0802 6313357 156.6090 253.7014 02.01094282027470
0 COSMOS 1261 DEB
1 27901U 81031J   05212.87309819  .00000003  00000-0  00000+0 0  9999
2 27901 067.7202 306.9716 6314309 156.5816 253.7636 02.01093730 27506
0 COSMOS 1261 DEB
1 27901U 81031J   05214.36511956 +.00000077 +00000-0 +00000-0 0  9994
2 27901 067.7184 306.8639 6314307 156.5478 253.8868 02.01094257027536
0 COSMOS 1261 DEB
1 27901U 81031J   05214.36511996 +.00000077 +00000-0 +00000-0 0  9998
2 27901 067.7189 306.8638 6314351 156.5479 253.8858 02.01094227027536
0 COSMOS 1261 DEB
1 27901U 81031J   05215.85708625  .00000146  00000-0  00000+0 0  9996
2 27901 067.7175 306.7561 6314477 156.5151 253.9728 02.01094865 27569
0 COSMOS 1261 DEB
1 27901U 81031J   05216.85172360 +.00000183 +00000-0 +00000-0 0  9990
2 27901 067.7167 306.6843 6314572 156.4933 254.0277 02.01095339027585
0 COSMOS 1261 DEB
1 27901U 81031J   05219.33830153 +.00000241 +00000-0 +00000-0 0  9992
2 27901 067.7152 306.5045 6314868 156.4388 254.1594 02.01096651027631
0 COSMOS 1261 DEB
1 27901U 81031J   05222.32217572  .00000275  00000-0  00000+0 0  9995
2 27901 067.7130 306.2904 6314745 156.3789 254.3354 02.01099347 27693
0 COSMOS 1261 DEB
1 27901U 81031J   05225.80328861  .00000341  00000-0  00000+0 0  9999
2 27901 067.7094 306.0392 6314357 156.3049 254.5067 02.01102374 27765
0 COSMOS 1261 DEB
1 27901U 81031J   05227.79247952  .00000410  00000-0  00000+0 0  9997
2 27901 067.7103 305.8979 6314162 156.2514 254.6487 02.01104707 27808
0 COSMOS 1261 DEB
1 27901U 81031J   05228.28975248  .00000430  00000-0  00000+0 0  9990
2 27901 067.7058 305.8583 6317353 156.2350 254.7086 02.01104720 27813
0 COSMOS 1261 DEB
1 27901U 81031J   05230.27894277 +.00000494 +00000-0 +00000-0 0  9995
2 27901 067.7039 305.7145 6317849 156.1879 254.8431 02.01106744027857
0 COSMOS 1261 DEB
1 27901U 81031J   05232.76536517  .00000516  00000-0  00000+0 0  9995
2 27901 067.7078 305.5353 6315333 156.1414 254.9252 02.01109482 27900
0 COSMOS 1261 DEB
1 27901U 81031J   05233.75989946 +.00000507 +00000-0 +00000-0 0  9994
2 27901 067.7075 305.4635 6315382 156.1201 254.9568 02.01110580027920
0 COSMOS 1261 DEB
1 27901U 81031J   05235.25173253  .00000488  00000-0  00000+0 0  9994
2 27901 067.7059 305.3553 6315440 156.0869 255.0392 02.01112322 27950
0 COSMOS 1261 DEB
1 27901U 81031J   05237.24080958  .00000000  00000-0  10000-3 0  9999
2 27901 067.7125 305.2341 6318556 156.0284 255.1810 02.01113817 27990
0 COSMOS 1261 DEB
1 27901U 81031J   05237.24083339 +.00000485 +00000-0 +00000-0 0  9998
2 27901 067.7047 305.2112 6315524 156.0426 255.1512 02.01114687027994
0 COSMOS 1261 DEB
1 27901U 81031J   05238.23538198  .00000501  00000-0  00000+0 0  9994
2 27901 067.7037 305.1390 6316273 156.0197 255.2314 02.01116016 28010
0 COSMOS 1261 DEB
1 27901U 81031J   05239.22991428 +.00000530 +00000-0 +00000-0 0  9996
2 27901 067.7025 305.0670 6316256 155.9985 255.2854 02.01117314028034
0 COSMOS 1261 DEB
1 27901U 81031J   05240.22444497 +.00000567 +00000-0 +00000-0 0  9997
2 27901 067.7028 304.9951 6316174 155.9795 255.3435 02.01118740028057
0 COSMOS 1261 DEB
1 27901U 81031J   05241.21895640  .00000608  00000-0  00000+0 0  9992
2 27901 067.7033 304.9239 6315875 155.9578 255.3949 02.01120204 28078
0 COSMOS 1261 DEB
1 27901U 81031J   05242.21346065 +.00000647 +00000-0 +00000-0 0  9999
2 27901 067.7028 304.8522 6316262 155.9338 255.4517 02.01121586028099
0 COSMOS 1261 DEB
1 27901U 81031J   05243.20796958 +.00000681 +00000-0 +00000-0 0  9997
2 27901 067.7043 304.7813 6315945 155.9149 255.5086 02.01123207028112
0 COSMOS 1261 DEB
1 27901U 81031J   05244.20244729  .00000706  00000-0  00000+0 0  9999
2 27901 067.7037 304.7091 6315932 155.8950 255.5510 02.01124697 28136
0 COSMOS 1261 DEB
1 27901U 81031J   05247.18587126  .00000729  00000-0  00000+0 0  9995
2 27901 067.7034 304.4933 6315907 155.8344 255.7078 02.01129471 28196
0 COSMOS 1261 DEB
1 27901U 81031J   05248.18029692 +.00000727 +00000-0 +00000-0 0  9994
2 27901 067.7030 304.4212 6315781 155.8135 255.7327 02.01130989028216
0 COSMOS 1261 DEB
1 27901U 81031J   05249.17474744 +.00000723 +00000-0 +00000-0 0  9992
2 27901 067.7025 304.3492 6315710 155.7920 255.7805 02.01132486028239
0 COSMOS 1261 DEB
1 27901U 81031J   05250.16919711  .00000721  00000-0  00000+0 0  9998
2 27901 067.7030 304.2783 6315321 155.7677 255.8313 02.01133997 28259
0 COSMOS 1261 DEB
1 27901U 81031J   05251.16364853 +.00000722 +00000-0 +00000-0 0  9992
2 27901 067.7024 304.2062 6315332 155.7460 255.8913 02.01135510028275
0 COSMOS 1261 DEB
1 27901U 81031J   05252.65530986  .00000734  00000-0  00000+0 0  9991
2 27901 067.7019 304.0983 6315411 155.7122 255.9803 02.01137778 28303
0 COSMOS 1261 DEB
1 27901U 81031J   05254.14696099 +.00000757 +00000-0 +00000-0 0  9991
2 27901 067.7034 303.9917 6315388 155.6764 256.0734 02.01140063028338
0 COSMOS 1261 DEB
1 27901U 81031J   05256.13580079  .00000795  00000-0  00000+0 0  9993
2 27901 067.7022 303.8470 6315756 155.6328 256.1990 02.01143145 28376
0 COSMOS 1261 DEB
1 27901U 81031J   05258.12458795  .00000811  00000-0  00000+0 0  9992
2 27901 067.7000 303.7006 6317933 155.5906 256.3175 02.01146093 28413
0 COSMOS 1261 DEB
1 27901U 81031J   05260.11335566  .00000779  00000-0  00000+0 0  9997
2 27901 067.7064 303.5583 6321566 155.5597 256.4473 02.01148768 28451
0 COSMOS 1261 DEB
1 27901U 81031J   05261.10772581  .00000747  00000-0  00000+0 0  9994
2 27901 067.6972 303.4817 6320944 155.5299 256.5163 02.01150879 28470
0 COSMOS 1261 DEB
1 27901U 81031J   05262.10207776 +.00000711 +00000-0 +00000-0 0  9996
2 27901 067.6971 303.4103 6321034 155.5077 256.5640 02.01152415028492
0 COSMOS 1261 DEB
1 27901U 81031J   05263.09643517 +.00000678 +00000-0 +00000-0 0  9994
2 27901 067.6966 303.3378 6321322 155.4857 256.6230 02.01153941028518
0 COSMOS 1261 DEB
1 27901U 81031J   05266.07947365  .00000640  00000-0  00000+0 0  9991
2 27901 067.7063 303.1253 6319221 155.4293 256.7068 02.01157014 28577
0 COSMOS 1261 DEB
1 27901U 81031J   05267.07387186  .00000650  00000-0  00000+0 0  9992
2 27901 067.6990 303.0485 6320575 155.4134 256.8190 02.01158234 28593
0 COSMOS 1261 DEB
1 27901U 81031J   05268.06819694  .00000663  00000-0  00000+0 0  9990
2 27901 067.7062 302.9807 6318572 155.3870 256.8517 02.01159839 28618
0 COSMOS 1261 DEB
1 27901U 81031J   05269.06252469  .00000678  00000-0  00000+0 0  9998
2 27901 067.6985 302.9049 6324619 155.3577 257.0489 02.01162684 28637
0 COSMOS 1261 DEB
1 27901U 81031J   05272.54251405  .00000664  00000-0  00000+0 0  9999
2 27901 067.6823 302.6400 6314217 155.2560 257.0549 02.01166598 28703
0 COSMOS 1261 DEB
1 27901U 81031J   05272.54256674  .00000000  00000-0  10000-3 0  9991
2 27901 067.6873 302.6616 6318945 155.2787 257.0821 02.01164157 28690
0 COSMOS 1261 DEB
1 27901U 81031J   05274.03402394  .00000626  00000-0  00000+0 0  9998
2 27901 067.6812 302.5304 6315178 155.2327 257.1968 02.01168502 28737
0 COSMOS 1261 DEB
1 27901U 81031J   05275.02828537  .00000595  00000-0  00000+0 0  9994
2 27901 067.6865 302.4636 6316177 155.2164 257.2392 02.01169682 28755
0 COSMOS 1261 DEB
1 27901U 81031J   05276.02255677 +.00000562 +00000-0 +00000-0 0  9999
2 27901 067.6878 302.3928 6316572 155.1980 257.2939 02.01170913028774
0 COSMOS 1261 DEB
1 27901U 81031J   05277.01681848  .00000529  00000-0  00000+0 0  9994
2 27901 067.6893 302.3226 6316886 155.1786 257.3466 02.01172119 28792
0 COSMOS 1261 DEB
1 27901U 81031J   05278.01107841 +.00000499 +00000-0 +00000-0 0  9998
2 27901 067.6886 302.2505 6316934 155.1568 257.4042 02.01173313028816
0 COSMOS 1261 DEB
1 27901U 81031J   05279.00533554  .00000474  00000-0  00000+0 0  9994
2 27901 067.6966 302.1850 6317905 155.1345 257.4563 02.01174171 28832
0 COSMOS 1261 DEB
1 27901U 81031J   05279.99962184 +.00000454 +00000-0 +00000-0 0  9996
2 27901 067.6991 302.1147 6318239 155.1165 257.5374 02.01175214028852
0 COSMOS 1261 DEB
1 27901U 81031J   05280.99386904 +.00000439 +00000-0 +00000-0 0  9991
2 27901 067.6993 302.0426 6318335 155.0954 257.5945 02.01176219028877
0 COSMOS 1261 DEB
1 27901U 81031J   05281.98811568  .00000428  00000-0  00000+0 0  9997
2 27901 067.6987 301.9705 6318383 155.0736 257.6568 02.01177240 28898
0 COSMOS 1261 DEB
1 27901U 81031J   05282.98235367 +.00000417 +00000-0 +00000-0 0  9994
2 27901 067.6980 301.8983 6318430 155.0518 257.7164 02.01178213028916
0 COSMOS 1261 DEB
1 27901U 81031J   05283.97658339 +.00000402 +00000-0 +00000-0 0  9996
2 27901 067.6973 301.8262 6318477 155.0299 257.7734 02.01179135028934
0 COSMOS 1261 DEB
1 27901U 81031J   05284.97080485  .00000378  00000-0  00000+0 0  9999
2 27901 067.6888 301.7447 6316888 154.9766 257.8120 02.01179424 28957
0 COSMOS 1261 DEB
1 27901U 81031J   05285.46801343  .00000362  00000-0  00000+0 0  9991
2 27901 067.6864 301.7071 6316634 154.9584 257.9067 02.01179696 28964
0 COSMOS 1261 DEB
1 27901U 81031J   05286.46220106  .00000000  00000-0  10000-3 0  9998
2 27901 067.6966 301.6559 6317256 154.9400 257.9241 02.01178342 28988
0 COSMOS 1261 DEB
1 27901U 81031J   05286.95935823  .00000295  00000-0  00000+0 0  9992
2 27901 067.6866 301.5930 6316350 154.9281 257.9941 02.01180670 28995
0 COSMOS 1261 DEB
1 27901U 81031J   05287.45645788 +.00000266 +00000-0 +00000-0 0  9995
2 27901 067.6848 301.5625 6316792 154.9124 258.0142 02.01180989029003
0 COSMOS 1261 DEB
1 27901U 81031J   05288.94779880 +.00000172 +00000-0 +00000-0 0  9997
2 27901 067.6823 301.4495 6316367 154.8881 258.1075 02.01181899029037
0 COSMOS 1261 DEB
1 27901U 81031J   05289.44487142  .00000140  00000-0  00000+0 0  9994
2 27901 067.6840 301.4135 6316534 154.8818 258.1102 02.01182190 29040
0 COSMOS 1261 DEB
1 27901U 81031J   05290.43907096  .00000080  00000-0  00000+0 0  9993
2 27901 067.6864 301.3430 6316845 154.8687 258.1574 02.01182758 29067
0 COSMOS 1261 DEB
1 27901U 81031J   05291.43325977 +.00000030 +00000-0 +00000-0 0  9992
2 27901 067.6869 301.2731 6317104 154.8511 258.2000 02.01183278029085
0 COSMOS 1261 DEB
1 27901U 81031J   05292.42746207 -.00000007  00000-0  00000+0 0  9999
2 27901 067.6876 301.2024 6317287 154.8321 258.2546 02.01183743 29104
0 COSMOS 1261 DEB
1 27901U 81031J   05293.42164727  .00000000  00000-0  10000-3 0  9998
2 27901 067.6985 301.1546 6318398 154.8035 258.2926 02.01182193 29121
0 COSMOS 1261 DEB
1 27901U 81031J   05293.42166564 -.00000032 +00000-0 +00000-0 0  9991
2 27901 067.6883 301.1312 6317515 154.8153 258.3115 02.01184144029129
0 COSMOS 1261 DEB
1 27901U 81031J   05294.41586112 -.00000046  00000-0  00000+0 0  9990
2 27901 067.6881 301.0608 6317748 154.7981 258.3647 02.01184500 29148
0 COSMOS 1261 DEB
1 27901U 81031J   05295.41005343 -.00000056  00000-0  00000+0 0  9994
2 27901 067.6889 300.9901 6318003 154.7817 258.4171 02.01184800 29161
0 COSMOS 1261 DEB
1 27901U 81031J   05296.40423969 -.00000065 +00000-0 +00000-0 0  9993
2 27901 067.6887 300.9182 6318132 154.7655 258.4657 02.01185024029183
0 COSMOS 1261 DEB
1 27901U 81031J   05297.39841960 -.00000080  00000-0  00000+0 0  9993
2 27901 067.6885 300.8463 6318265 154.7498 258.5132 02.01185240 29206
0 COSMOS 1261 DEB
1 27901U 81031J   05298.39259070 -.00000103 +00000-0 +00000-0 0  9996
2 27901 067.6884 300.7746 6318385 154.7324 258.5535 02.01185349029228
0 COSMOS 1261 DEB
1 27901U 81031J   05299.38676736 -.00000135  00000-0  00000+0 0  9992
2 27901 067.6890 300.7036 6318622 154.7175 258.5991 02.01185418 29240
0 COSMOS 1261 DEB
1 27901U 81031J   05300.38093509 -.00000176  00000-0  00000+0 0  9991
2 27901 067.6915 300.6349 6319365 154.7093 258.6368 02.01185408 29268
0 COSMOS 1261 DEB
1 27901U 81031J   05301.37509149 -.00000221 +00000-0 +00000-0 0  9995
2 27901 067.6902 300.5624 6319319 154.6901 258.6675 02.01185322029283
0 COSMOS 1261 DEB
1 27901U 81031J   05301.37512891  .00000000  00000-0  10000-3 0  9991
2 27901 067.6925 300.5823 6319331 154.6503 258.7061 02.01184139 29286
0 COSMOS 1261 DEB
1 27901U 81031J   05302.36927013 -.00000269 +00000-0 +00000-0 0  9991
2 27901 067.6895 300.4902 6319364 154.6683 258.7110 02.01185096029305
0 COSMOS 1261 DEB
1 27901U 81031J   05303.36346658 -.00000317  00000-0  00000+0 0  9995
2 27901 067.6898 300.4183 6319561 154.6557 258.7715 02.01184945 29323
0 COSMOS 1261 DEB
1 27901U 81031J   05304.35763042 -.00000361 +00000-0 +00000-0 0  9995
2 27901 067.6891 300.3461 6319606 154.6339 258.8026 02.01184586029341
0 COSMOS 1261 DEB
1 27901U 81031J   05305.35183480 -.00000400  00000-0  00000+0 0  9991
2 27901 067.6847 300.2695 6318131 154.6403 258.8720 02.01184853 29364
0 COSMOS 1261 DEB
1 27901U 81031J   05306.34589706 -.00000433  00000-0  00000+0 0  9998
2 27901 067.6817 300.1989 6318176 154.6111 258.8293 02.01184354 29384
0 COSMOS 1261 DEB
1 27901U 81031J   05307.34013256 -.00000460  00000-0  00000+0 0  9991
2 27901 067.6771 300.1303 6318176 154.5412 258.9168 02.01183775 29407
0 COSMOS 1261 DEB
1 27901U 81031J   05308.33450355 -.00000479 +00000-0 +00000-0 0  9997
2 27901 067.6906 300.0467 6318346 154.5742 259.0822 02.01183115029421
0 COSMOS 1261 DEB
1 27901U 81031J   05309.32854745 -.00000494 +00000-0 +00000-0 0  9995
2 27901 067.6907 299.9728 6318267 154.5436 259.0178 02.01182381029440
0 COSMOS 1261 DEB
1 27901U 81031J   05310.32279527 -.00000508  00000-0  00000+0 0  9991
2 27901 067.6870 299.9019 6318256 154.4962 259.0997 02.01181543 29463
0 COSMOS 1261 DEB
1 27901U 81031J   05311.31710175 -.00000525  00000-0  00000+0 0  9999
2 27901 067.6789 299.8303 6317991 154.4662 259.2211 02.01180728 29486
0 COSMOS 1261 DEB
1 27901U 81031J   05312.31134253 -.00000549  00000-0  00000+0 0  9993
2 27901 067.6791 299.7571 6318107 154.4348 259.2898 02.01179796 29503
0 COSMOS 1261 DEB
1 27901U 81031J   05313.30560085 -.00000585  00000-0  00000+0 0  9999
2 27901 067.6855 299.6849 6318624 154.4174 259.3617 02.01178743 29525
0 COSMOS 1261 DEB
1 27901U 81031J   05315.29406065 -.00000685  00000-0  00000+0 0  9997
2 27901 067.6921 299.5346 6318831 154.3330 259.4500 02.01175784 29561
0 COSMOS 1261 DEB
1 27901U 81031J   05316.28847420 -.00000742  00000-0  00000+0 0  9995
2 27901 067.6832 299.4670 6318568 154.3404 259.6364 02.01175453 29585
0 COSMOS 1261 DEB
1 27901U 81031J   05317.28260210 -.00000797  00000-0  00000+0 0  9992
2 27901 067.6826 299.3959 6318649 154.2745 259.6128 02.01174300 29605
0 COSMOS 1261 DEB
1 27901U 81031J   05317.28274728 -.00000796  00000-0  00000+0 0  9990
2 27901 067.6815 299.3964 6318727 154.2938 259.7109 02.01174245 29608
0 COSMOS 1261 DEB
1 27901U 81031J   05318.27694783 -.00000840  00000-0  00000+0 0  9997
2 27901 067.6778 299.3250 6318835 154.2957 259.7189 02.01172977 29625
0 COSMOS 1261 DEB
1 27901U 81031J   05320.26542080 -.00000884  00000-0  00000+0 0  9999
2 27901 067.6767 299.1805 6319136 154.3150 259.7720 02.01170333 29667
0 COSMOS 1261 DEB
1 27901U 81031J   05321.25951928 -.00000887  00000-0  00000+0 0  9997
2 27901 067.6838 299.1004 6319369 154.2825 259.6959 02.01168805 29689
0 COSMOS 1261 DEB
1 27901U 81031J   05322.25385684 -.00000881 +00000-0 +00000-0 0  9993
2 27901 067.6841 299.0262 6319403 154.2636 259.7873 02.01167338029706
0 COSMOS 1261 DEB
1 27901U 81031J   05323.24814837 -.00000872  00000-0  00000+0 0  9999
2 27901 067.6829 298.9542 6319389 154.2376 259.8438 02.01165888 29723
0 COSMOS 1261 DEB
1 27901U 81031J   05324.24246302 -.00000866 +00000-0 +00000-0 0  9990
2 27901 067.6804 298.8835 6319345 154.2172 259.9116 02.01164431029745
0 COSMOS 1261 DEB
1 27901U 81031J   05325.23676276 -.00000866 +00000-0 +00000-0 0  9997
2 27901 067.6771 298.8133 6319296 154.1918 259.9651 02.01162956029767
0 COSMOS 1261 DEB
1 27901U 81031J   05326.23108237 -.00000875  00000-0  00000+0 0  9994
2 27901 067.6798 298.7389 6319168 154.1003 260.0380 02.01161388 29783
0 COSMOS 1261 DEB
1 27901U 81031J   05327.22562047 -.00000890  00000-0  00000+0 0  9994
2 27901 067.6748 298.6708 6318970 154.0594 260.2579 02.01159915 29804
0 COSMOS 1261 DEB
1 27901U 81031J   05328.21999667 -.00000911  00000-0  00000+0 0  9990
2 27901 067.6668 298.6042 6318969 154.0255 260.3509 02.01158321 29824
0 COSMOS 1261 DEB
1 27901U 81031J   05329.21436687 -.00000935  00000-0  00000+0 0  9995
2 27901 067.6752 298.5242 6319117 154.0057 260.4327 02.01156709 29844
0 COSMOS 1261 DEB
1 27901U 81031J   05330.20870290 -.00000957 +00000-0 +10000-3 0  9997
2 27901 067.6736 298.4524 6319137 153.9886 260.4838 02.01155107029868
0 COSMOS 1261 DEB
1 27901U 81031J   05331.20303661 -.00000976 +00000-0 +10000-3 0  9992
2 27901 067.6743 298.3788 6319295 153.9667 260.5283 02.01153477029884
0 COSMOS 1261 DEB
1 27901U 81031J   05332.19739925 -.00000989  00000-0  10000-3 0  9991
2 27901 067.6724 298.3073 6319410 153.9403 260.5889 02.01151837 29900
0 COSMOS 1261 DEB
1 27901U 81031J   05333.19178577 -.00000995  00000-0  10000-3 0  9999
2 27901 067.6720 298.2352 6319571 153.9264 260.6597 02.01150209 29929
0 COSMOS 1261 DEB
1 27901U 81031J   05334.18614184 -.00000994 +00000-0 +10000-3 0  9997
2 27901 067.6708 298.1630 6319823 153.9107 260.7024 02.01148550029943
0 COSMOS 1261 DEB
1 27901U 81031J   05335.18051554 -.00000985 +00000-0 +10000-3 0  9994
2 27901 067.6692 298.0909 6319893 153.8837 260.7537 02.01146883029967
0 COSMOS 1261 DEB
1 27901U 81031J   05336.17492946 -.00000970  00000-0  10000-3 0  9992
2 27901 067.6687 298.0180 6319942 153.8543 260.8294 02.01145227 29985
0 COSMOS 1261 DEB
1 27901U 81031J   05337.16935594 -.00000953 +00000-0 +10000-3 0  9994
2 27901 067.6683 297.9452 6320008 153.8334 260.9064 02.01143565030008
0 COSMOS 1261 DEB
1 27901U 81031J   05338.16376106 -.00000937 +00000-0 +10000-3 0  9995
2 27901 067.6675 297.8725 6320019 153.8130 260.9619 02.01141907030023
0 COSMOS 1261 DEB
1 27901U 81031J   05339.15816809 -.00000927  00000-0  10000-3 0  9993
2 27901 067.6676 297.7992 6319984 153.8048 261.0109 02.01140259 30043
0 COSMOS 1261 DEB
1 27901U 81031J   05340.15253950 -.00000926  00000-0  10000-3 0  9996
2 27901 067.6670 297.7282 6319694 153.8116 261.0265 02.01138655 30065
0 COSMOS 1261 DEB
1 27901U 81031J   05341.14686245 -.00000937  00000-0  10000-3 0  9995
2 27901 067.6646 297.6556 6319349 153.7360 261.0138 02.01136996 30085
0 COSMOS 1261 DEB
1 27901U 81031J   05342.14145670 -.00000957  00000-0  10000-3 0  9990
2 27901 067.6629 297.5842 6319033 153.6997 261.1855 02.01135352 30103
0 COSMOS 1261 DEB
1 27901U 81031J   05343.13593503 -.00000982 +00000-0 +10000-3 0  9990
2 27901 067.6623 297.5119 6318951 153.6782 261.2652 02.01133722030121
0 COSMOS 1261 DEB
1 27901U 81031J   05344.13038134 -.00001006 +00000-0 +10000-3 0  9993
2 27901 067.6616 297.4396 6318962 153.6575 261.3157 02.01132098030149
0 COSMOS 1261 DEB
1 27901U 81031J   05345.12483878 -.00001022  00000-0  10000-3 0  9990
2 27901 067.6580 297.3691 6319020 153.6302 261.3696 02.01130482 30165
0 COSMOS 1261 DEB
1 27901U 81031J   05346.11932918 -.00001026 +00000-0 +10000-3 0  9998
2 27901 067.6559 297.2976 6319007 153.6048 261.4414 02.01128881030189
0 COSMOS 1261 DEB
1 27901U 81031J   05347.11382189 -.00001015 +00000-0 +10000-3 0  9996
2 27901 067.6510 297.2277 6319163 153.5839 261.5085 02.01127294030205
0 COSMOS 1261 DEB
1 27901U 81031J   05348.10831244 -.00000991  00000-0  10000-3 0  9999
2 27901 067.7214 297.1041 6319521 153.5928 261.5664 02.01125704 30221
0 COSMOS 1261 DEB
1 27901U 81031J   05349.10271692 -.00000957 +00000-0 +10000-3 0  9997
2 27901 067.7205 297.0317 6319679 153.5736 261.5568 02.01124133030247
0 COSMOS 1261 DEB
1 27901U 81031J   05350.09721676 -.00000916  00000-0  10000-3 0  9994
2 27901 067.6781 296.9842 6320933 153.8488 261.5756 02.01123313 30268
0 COSMOS 1261 DEB
1 27901U 81031J   05351.09078249 -.00000878  00000-0  10000-3 0  9993
2 27901 067.7147 296.8870 6322244 154.2982 260.8760 02.01122036 30286
0 COSMOS 1261 DEB
1 27901U 81031J   05352.08380032 -.00000847  00000-0  10000-3 0  9995
2 27901 067.7678 296.7860 6321859 154.4795 259.8236 02.01120814 30309
0 COSMOS 1261 DEB
1 27901U 81031J   05353.07763971 -.00000824  00000-0  10000-3 0  9997
2 27901 067.7949 296.6980 6322266 154.6795 259.3566 02.01119572 30329
0 COSMOS 1261 DEB
1 27901U 81031J   05354.07143828 -.00000811  00000-0  10000-3 0  9997
2 27901 067.8736 296.5701 6322676 154.5668 258.9111 02.01118306 30344
0 COSMOS 1261 DEB
1 27901U 81031J   05355.06625744 -.00000803  00000-0  10000-3 0  9990
2 27901 067.8437 296.5170 6322050 154.2774 259.2263 02.01117059 30361
0 COSMOS 1261 DEB
1 27901U 81031J   05356.06163524 -.00000802  00000-0  10000-3 0  9993
2 27901 067.9212 296.3746 6327961 154.9839 259.7142 02.01114103 30385
0 COSMOS 1261 DEB
1 27901U 81031J   05363.52327012  .00000000  00000-0  10000-3 0  9995
2 27901 067.6581 296.0446 6322058 153.3058 262.2050 02.01104722 30533
0 COSMOS 1261 DEB
1 27901U 81031J   05365.50979784 -.00000569  00000-0  10000-3 0  9995
2 27901 067.6490 295.8559 6323493 153.3948 260.3694 02.01104191 30573
0 COSMOS 1261 DEB
1 27901U 81031J   06006.97704044 -.00000527  00000-0  10000-3 0  9998
2 27901 067.5988 295.4124 6323146 153.0524 262.4077 02.01098215 30702
0 COSMOS 1261 DEB
1 27901U 81031J   06007.97230281 -.00000519  00000-0  10000-3 0  9997
2 27901 067.6071 295.3419 6322857 153.1142 262.8888 02.01096636 30728
0 COSMOS 1261 DEB
1 27901U 81031J   06009.96133594 -.00000463  00000-0  10000-3 0  9995
2 27901 067.6126 295.1972 6322304 153.0645 262.8181 02.01095006 30765
0 COSMOS 1261 DEB
1 27901U 81031J   06016.92387094 -.00000185  00000-0  10000-3 0  9996
2 27901 067.6038 294.6682 6324892 152.9650 263.2409 02.01092987 30906
0 COSMOS 1261 DEB
1 27901U 81031J   06018.41565258 -.00000165  00000-0  10000-3 0  9990
2 27901 067.6149 294.5769 6321792 152.8786 263.1505 02.01092091 30934
0 COSMOS 1261 DEB
1 27901U 81031J   06026.37303554  .00000067  00000-0  10000-3 0  9993
2 27901 067.6004 293.9988 6323457 152.7095 263.6627 02.01091306 31098
0 COSMOS 1261 DEB
1 27901U 81031J   06035.32486928  .00000185  00000-0  10000-3 0  9996
2 27901 067.6324 293.3316 6322706 152.5127 264.1042 02.01093881 31279
0 COSMOS 1261 DEB
1 27901U 81031J   06036.31954409  .00000209  00000-0  10000-3 0  9997
2 27901 067.5948 293.2791 6324361 152.5020 264.1837 02.01094646 31291
0 COSMOS 1261 DEB
1 27901U 81031J   06042.78460960  .00000472  00000-0  10000-3 0  9991
2 27901 067.6699 292.7677 6324599 152.3985 264.5448 02.01099748 31428
0 COSMOS 1261 DEB
1 27901U 81031J   06043.77905645  .00000489  00000-0  10000-3 0  9993
2 27901 067.6577 292.7132 6324798 152.3856 264.4796 02.01100673 31444
0 COSMOS 1261 DEB
1 27901U 81031J   06052.73028837  .00000649  00000-0  10000-3 0  9996
2 27901 067.5730 292.1441 6322723 152.1154 264.9993 02.01112041 31622
0 COSMOS 1261 DEB
1 27901U 81031J   06052.73028837 +.00000649 +00000-0 +10000-3 0  9996
2 27901 067.5730 292.1441 6322723 152.1154 264.9993 02.01112041031622
0 COSMOS 1261 DEB
1 27901U 81031J   06052.73034979  .00000000  00000-0  10000-3 0  9991
2 27901 067.5815 292.1524 6324134 152.1142 265.0351 02.01110212 31621
0 COSMOS 1261 DEB
1 27901U 81031J   06053.72492551  .00000685  00000-0  10000-3 0  9994
2 27901 067.5854 292.0504 6322596 152.1026 265.1140 02.01113231 31645
0 COSMOS 1261 DEB
1 27901U 81031J   06054.71943763 +.00000718 +00000-0 +10000-3 0  9997
2 27901 067.5873 291.9756 6322627 152.0829 265.1434 02.01114469031660
0 COSMOS 1261 DEB
1 27901U 81031J   06055.21670037  .00000731  00000-0  10000-3 0  9999
2 27901 067.6092 291.9278 6322779 152.0892 265.1617 02.01115095 31671
0 COSMOS 1261 DEB
1 27901U 81031J   06056.21117944  .00000751  00000-0  10000-3 0  9995
2 27901 067.6113 291.8422 6322826 152.0613 265.1726 02.01116318 31691
0 COSMOS 1261 DEB
1 27901U 81031J   06056.70846427 +.00000757 +00000-0 +10000-3 0  9990
2 27901 067.6128 291.8070 6322813 152.0515 265.2135 02.01116981031706
0 COSMOS 1261 DEB
1 27901U 81031J   06057.70297501 +.00000758 +00000-0 +10000-3 0  9995
2 27901 067.6114 291.7353 6322852 152.0301 265.2556 02.01118306031722
0 COSMOS 1261 DEB
1 27901U 81031J   06058.69748302  .00000747  00000-0  10000-3 0  9992
2 27901 067.6105 291.6631 6322888 152.0088 265.3004 02.01119657 31742
0 COSMOS 1261 DEB
1 27901U 81031J   06059.69198441 +.00000729 +00000-0 +10000-3 0  9996
2 27901 067.6095 291.5909 6322924 151.9877 265.3453 02.01121032031762
0 COSMOS 1261 DEB
1 27901U 81031J   06060.68648088 +.00000710 +00000-0 +10000-3 0  9994
2 27901 067.6071 291.5175 6322988 151.9657 265.3911 02.01122420031780
0 COSMOS 1261 DEB
1 27901U 81031J   06062.67546646  .00000693  00000-0  10000-3 0  9992
2 27901 067.6052 291.3731 6323056 151.9243 265.4933 02.01125287 31827
0 COSMOS 1261 DEB
1 27901U 81031J   06063.66994846 +.00000703 +00000-0 +10000-3 0  9993
2 27901 067.6053 291.3001 6323084 151.9030 265.5445 02.01126751031841
0 COSMOS 1261 DEB
1 27901U 81031J   06064.66442686 +.00000726 +00000-0 +10000-3 0  9999
2 27901 067.6033 291.2233 6323170 151.8821 265.5945 02.01128179031861
0 COSMOS 1261 DEB
1 27901U 81031J   06065.65890336  .00000757  00000-0  10000-3 0  9992
2 27901 067.6189 291.1566 6323079 151.8553 265.6608 02.01129815 31888
0 COSMOS 1261 DEB
1 27901U 81031J   06066.65336937 +.00000790 +00000-0 +10000-3 0  9992
2 27901 067.6225 291.0840 6323069 151.8339 265.7177 02.01131352031908
0 COSMOS 1261 DEB
1 27901U 81031J   06067.15059496  .00000806  00000-0  10000-3 0  9998
2 27901 067.6257 291.0430 6322818 151.8190 265.7366 02.01132029 31917
0 COSMOS 1261 DEB
1 27901U 81031J   06068.64227923 +.00000841 +00000-0 +10000-3 0  9994
2 27901 067.6245 290.9346 6322868 151.7882 265.8235 02.01134342031949
0 COSMOS 1261 DEB
1 27901U 81031J   06069.63670960  .00000851  00000-0  10000-3 0  9998
2 27901 067.6218 290.8635 6322908 151.7695 265.8691 02.01135896 31969
0 COSMOS 1261 DEB
1 27901U 81031J   06070.63112675 +.00000850 +00000-0 +10000-3 0  9993
2 27901 067.6211 290.7912 6322937 151.7491 265.9111 02.01137463031987
0 COSMOS 1261 DEB
1 27901U 81031J   06071.12833339 +.00000846 +00000-0 +10000-3 0  9990
2 27901 067.6227 290.7530 6322961 151.7400 265.9329 02.01138252031996
0 COSMOS 1261 DEB
1 27901U 81031J   06071.62553548 +.00000840 +00000-0 +10000-3 0  9990
2 27901 067.6216 290.7173 6322977 151.7307 265.9525 02.01139039032005
0 COSMOS 1261 DEB
1 27901U 81031J   06073.61433996  .00000809  00000-0  10000-3 0  9990
2 27901 067.6359 290.5709 6322490 151.6832 266.0444 02.01142202 32040
0 COSMOS 1261 DEB
1 27901U 81031J   06074.60873907  .00000795  00000-0  10000-3 0  9994
2 27901 067.6436 290.5093 6323778 151.7021 266.0706 02.01143516 32065
0 COSMOS 1261 DEB
1 27901U 81031J   06077.59182299  .00000784  00000-0  10000-3 0  9990
2 27901 067.6399 290.2929 6323897 151.6432 266.1731 02.01148288 32122
0 COSMOS 1261 DEB
1 27901U 81031J   06078.58618379 +.00000791 +00000-0 +10000-3 0  9991
2 27901 067.6372 290.2212 6323868 151.6226 266.2186 02.01149871032143
0 COSMOS 1261 DEB
1 27901U 81031J   06080.57490155  .00000813  00000-0  10000-3 0  9998
2 27901 067.6276 290.0743 6323776 151.5777 266.3247 02.01153023 32188
0 COSMOS 1261 DEB
1 27901U 81031J   06084.55222925  .00000792  00000-0  10000-3 0  9994
2 27901 067.5807 289.7734 6325635 151.5332 266.5203 02.01159308 32260
0 COSMOS 1261 DEB
1 27901U 81031J   06085.04929790 +.00000777 +00000-0 +10000-3 0  9996
2 27901 067.5802 289.7368 6325653 151.5245 266.4808 02.01160066032275
0 COSMOS 1261 DEB
1 27901U 81031J   06085.54644437  .00000758  00000-0  10000-3 0  9992
2 27901 067.5832 289.7021 6326296 151.5223 266.5008 02.01160919 32285
0 COSMOS 1261 DEB
1 27901U 81031J   06089.52358745  .00000582  00000-0  10000-3 0  9993
2 27901 067.5762 289.4031 6323721 151.4107 266.6061 02.01164361 32369
0 COSMOS 1261 DEB
1 27901U 81031J   06089.52358745 +.00000582 +00000-0 +10000-3 0  9993
2 27901 067.5762 289.4031 6323721 151.4107 266.6061 02.01164361032369
0 COSMOS 1261 DEB
1 27901U 81031J   06089.52377528  .00000000  00000-0  10000-3 0  9998
2 27901 067.5823 289.4227 6323698 151.3691 266.7486 02.01162752 32357
0 COSMOS 1261 DEB
1 27901U 81031J   06090.51801253 +.00000558 +00000-0 +10000-3 0  9994
2 27901 067.5758 289.3304 6323727 151.3904 266.7547 02.01165732032381
0 COSMOS 1261 DEB
1 27901U 81031J   06091.01515547 +.00000550 +00000-0 +10000-3 0  9990
2 27901 067.5752 289.2937 6323760 151.3805 266.7808 02.01166419032397
0 COSMOS 1261 DEB
1 27901U 81031J   06093.99798028  .00000546  00000-0  10000-3 0  9991
2 27901 067.5734 289.0755 6323633 151.3145 266.9402 02.01170368 32456
0 COSMOS 1261 DEB
1 27901U 81031J   06094.99224703 +.00000543 +00000-0 +10000-3 0  9993
2 27901 067.5731 289.0024 6323469 151.2903 266.9985 02.01171645032477
0 COSMOS 1261 DEB
1 27901U 81031J   06095.98650277  .00000531  00000-0  10000-3 0  9999
2 27901 067.5871 288.9383 6324267 151.2777 267.0521 02.01172911 32491
0 COSMOS 1261 DEB
1 27901U 81031J   06096.98073562 +.00000508 +00000-0 +10000-3 0  9990
2 27901 067.5865 288.8657 6324277 151.2569 267.0936 02.01174092032512
0 COSMOS 1261 DEB
1 27901U 81031J   06097.97497067 +.00000473 +00000-0 +10000-3 0  9991
2 27901 067.5861 288.7930 6324265 151.2354 267.1412 02.01175232032539
0 COSMOS 1261 DEB
1 27901U 81031J   06098.96920113 +.00000430 +00000-0 +10000-3 0  9997
2 27901 067.5855 288.7203 6324232 151.2147 267.1899 02.01176340032551
0 COSMOS 1261 DEB
1 27901U 81031J   06099.96342255 +.00000382 +00000-0 +10000-3 0  9999
2 27901 067.5851 288.6475 6324191 151.1927 267.2354 02.01177382032572
0 COSMOS 1261 DEB
1 27901U 81031J   06100.95764433 +.00000334 +00000-0 +10000-3 0  9994
2 27901 067.5846 288.5747 6324139 151.1707 267.2847 02.01178371032593
0 COSMOS 1261 DEB
1 27901U 81031J   06101.95186299  .00000290  00000-0  10000-3 0  9994
2 27901 067.5840 288.5019 6324075 151.1484 267.3356 02.01179316 32619
0 COSMOS 1261 DEB
1 27901U 81031J   06102.94607870 +.00000251 +00000-0 +10000-3 0  9994
2 27901 067.5833 288.4290 6324018 151.1265 267.3871 02.01180196032637
0 COSMOS 1261 DEB
1 27901U 81031J   06103.94029223 +.00000219 +00000-0 +10000-3 0  9999
2 27901 067.5825 288.3558 6323945 151.1044 267.4403 02.01181024032652
0 COSMOS 1261 DEB
1 27901U 81031J   06105.92871163  .00000174  00000-0  10000-3 0  9997
2 27901 067.5812 288.2101 6323819 151.0605 267.5486 02.01182491 32698
0 COSMOS 1261 DEB
1 27901U 81031J   06106.92291901 +.00000157 +00000-0 +10000-3 0  9995
2 27901 067.5801 288.1366 6323614 151.0364 267.6072 02.01183171032714
0 COSMOS 1261 DEB
1 27901U 81031J   06107.91712198 +.00000141 +00000-0 +10000-3 0  9994
2 27901 067.5803 288.0637 6323823 151.0212 267.6619 02.01183760032733
0 COSMOS 1261 DEB
1 27901U 81031J   06108.91130492  .00000122  00000-0  10000-3 0  9995
2 27901 067.5704 287.9867 6322727 150.9847 267.7061 02.01184254 32753
0 COSMOS 1261 DEB
1 27901U 81031J   06109.90552005  .00000097  00000-0  10000-3 0  9994
2 27901 067.5790 287.9183 6323561 150.9755 267.7700 02.01184690 32770
0 COSMOS 1261 DEB
1 27901U 81031J   06110.89969167  .00000062  00000-0  10000-3 0  9997
2 27901 067.5876 287.8523 6324913 150.9838 267.8022 02.01185147 32794
0 COSMOS 1261 DEB
1 27901U 81031J   06111.89381649  .00000015  00000-0  10000-3 0  9999
2 27901 067.5791 287.7715 6323414 150.9390 267.8070 02.01185379 32813
0 COSMOS 1261 DEB
1 27901U 81031J   06112.88804000 -.00000044 +00000-0 +10000-3 0  9993
2 27901 067.5790 287.6993 6323511 150.9187 267.8818 02.01185595032833
0 COSMOS 1261 DEB
1 27901U 81031J   06113.88222201 -.00000110 +00000-0 +10000-3 0  9995
2 27901 067.5791 287.6271 6323586 150.8980 267.9274 02.01185745032851
0 COSMOS 1261 DEB
1 27901U 81031J   06114.87640543 -.00000179  00000-0  10000-3 0  9993
2 27901 067.5789 287.5549 6323634 150.8777 267.9747 02.01185834 32879
0 COSMOS 1261 DEB
1 27901U 81031J   06115.87058908 -.00000244 +00000-0 +10000-3 0  9995
2 27901 067.5787 287.4821 6323637 150.8562 268.0224 02.01185852032898
0 COSMOS 1261 DEB
1 27901U 81031J   06116.86477852 -.00000297 +00000-0 +10000-3 0  9996
2 27901 067.5786 287.4090 6323608 150.8356 268.0745 02.01185811032910
0 COSMOS 1261 DEB
1 27901U 81031J   06117.85896709 -.00000337  00000-0  10000-3 0  9997
2 27901 067.5802 287.3359 6323724 150.8164 268.1252 02.01185680 32932
0 COSMOS 1261 DEB
1 27901U 81031J   06118.85315752 -.00000363 +00000-0 +10000-3 0  9991
2 27901 067.5803 287.2625 6323712 150.7975 268.1770 02.01185499032959
0 COSMOS 1261 DEB
1 27901U 81031J   06119.84734505 -.00000378 +00000-0 +10000-3 0  9998
2 27901 067.5825 287.1878 6323672 150.7793 268.2266 02.01185270032975
0 COSMOS 1261 DEB
1 27901U 81031J   06120.84152940 -.00000389  00000-0  10000-3 0  9999
2 27901 067.5845 287.1133 6323646 150.7617 268.2729 02.01184968 32996
0 COSMOS 1261 DEB
1 27901U 81031J   06121.83571228 -.00000401 +00000-0 +10000-3 0  9998
2 27901 067.5831 287.0410 6323573 150.7400 268.3181 02.01184615033013
0 COSMOS 1261 DEB
1 27901U 81031J   06122.82990516 -.00000419 +00000-0 +10000-3 0  9992
2 27901 067.5808 286.9678 6323384 150.7174 268.3698 02.01184200033034
0 COSMOS 1261 DEB
1 27901U 81031J   06123.82409810 -.00000447  00000-0  10000-3 0  9996
2 27901 067.5799 286.8957 6323421 150.6968 268.4202 02.01183728 33052
0 COSMOS 1261 DEB
1 27901U 81031J   06124.81828986 -.00000485 +00000-0 +10000-3 0  9997
2 27901 067.5791 286.8231 6323402 150.6742 268.4683 02.01183186033071
0 COSMOS 1261 DEB
1 27901U 81031J   06125.81248813 -.00000531 +00000-0 +10000-3 0  9995
2 27901 067.5701 286.7543 6323171 150.6514 268.5192 02.01182581033093
0 COSMOS 1261 DEB
1 27901U 81031J   06126.80668530 -.00000581  00000-0  10000-3 0  9992
2 27901 067.5702 286.6813 6323129 150.6320 268.5669 02.01181922 33111
0 COSMOS 1261 DEB
1 27901U 81031J   06128.29798252 -.00000654 +00000-0 +10000-3 0  9993
2 27901 067.5691 286.5730 6323172 150.6014 268.6337 02.01180796033147
0 COSMOS 1261 DEB
1 27901U 81031J   06128.79508385 -.00000676 +00000-0 +10000-3 0  9998
2 27901 067.5691 286.5369 6323235 150.5903 268.6572 02.01180405033150
0 COSMOS 1261 DEB
1 27901U 81031J   06129.78929801 -.00000714  00000-0  10000-3 0  9991
2 27901 067.5674 286.4652 6323277 150.5697 268.7082 02.01179543 33171
0 COSMOS 1261 DEB
1 27901U 81031J   06130.78351606 -.00000744 +00000-0 +10000-3 0  9998
2 27901 067.5667 286.3929 6323235 150.5487 268.7590 02.01178626033197
0 COSMOS 1261 DEB
1 27901U 81031J   06131.77773977 -.00000765 +00000-0 +10000-3 0  9990
2 27901 067.5616 286.3246 6323142 150.5302 268.8117 02.01177731033211
0 COSMOS 1261 DEB
1 27901U 81031J   06132.27484239 -.00000772  00000-0  10000-3 0  9994
2 27901 067.5610 286.2885 6323110 150.5174 268.8299 02.01177226 33226
0 COSMOS 1261 DEB
1 27901U 81031J   06132.77196459 -.00000778 +00000-0 +10000-3 0  9999
2 27901 067.5595 286.2532 6323103 150.5075 268.8611 02.01176713033238
0 COSMOS 1261 DEB
1 27901U 81031J   06134.76045164 -.00000789  00000-0  10000-3 0  9998
2 27901 067.5547 286.1103 6322884 150.4698 268.9725 02.01174500 33276
0 COSMOS 1261 DEB
1 27901U 81031J   06135.75467150 -.00000793 +00000-0 +10000-3 0  9996
2 27901 067.5559 286.0355 6322863 150.4446 269.0037 02.01173244033299
0 COSMOS 1261 DEB
1 27901U 81031J   06136.74893776 -.00000801  00000-0  10000-3 0  9993
2 27901 067.5607 285.9579 6323065 150.4231 269.0615 02.01171887 33312
0 COSMOS 1261 DEB
1 27901U 81031J   06137.74320446 -.00000816  00000-0  10000-3 0  9999
2 27901 067.5517 285.8882 6322812 150.3914 269.1206 02.01170608 33333
0 COSMOS 1261 DEB
1 27901U 81031J   06138.73748840 -.00000841  00000-0  10000-3 0  9999
2 27901 067.5380 285.8192 6322289 150.3629 269.1863 02.01169283 33354
0 COSMOS 1261 DEB
1 27901U 81031J   06139.73176308 -.00000876 +00000-0 +10000-3 0  9992
2 27901 067.5442 285.7433 6321965 150.3419 269.2352 02.01167849033379
0 COSMOS 1261 DEB
1 27901U 81031J   06140.72603198 -.00000920 +00000-0 +10000-3 0  9995
2 27901 067.5511 285.6672 6321666 150.3218 269.2705 02.01166314033395
0 COSMOS 1261 DEB
1 27901U 81031J   06141.72031316 -.00000966 +00000-0 +10000-3 0  9993
2 27901 067.5490 285.5948 6321349 150.2991 269.3137 02.01164797033417
0 COSMOS 1261 DEB
1 27901U 81031J   06142.71460533 -.00001010 +00000-0 +10000-3 0  9991
2 27901 067.5410 285.5281 6321385 150.2782 269.3586 02.01163228033435
0 COSMOS 1261 DEB
1 27901U 81031J   06142.71460533 -.00001010  00000-0  10000-3 0  9991
2 27901 067.5410 285.5281 6321385 150.2782 269.3586 02.01163228 33435
0 COSMOS 1261 DEB
1 27901U 81031J   06143.70891092 -.00001043 +00000-0 +10000-3 0  9995
2 27901 067.5385 285.4569 6321320 150.2562 269.4074 02.01161619033456
0 COSMOS 1261 DEB
1 27901U 81031J   06144.70322903 -.00001063  00000-0  10000-3 0  9998
2 27901 067.5376 285.3845 6321243 150.2321 269.4608 02.01159990 33473
0 COSMOS 1261 DEB
1 27901U 81031J   06145.69756159 -.00001066  00000-0  10000-3 0  9994
2 27901 067.5216 285.3235 6321248 150.2343 269.5136 02.01158335 33499
0 COSMOS 1261 DEB
1 27901U 81031J   06146.69182916 -.00001058  00000-0  10000-3 0  9990
2 27901 067.5268 285.2467 6321342 150.2109 269.5187 02.01156636 33518
0 COSMOS 1261 DEB
1 27901U 81031J   06147.18901204 -.00001050 +00000-0 +10000-3 0  9996
2 27901 067.5316 285.2070 6321450 150.1809 269.5583 02.01155768033524
0 COSMOS 1261 DEB
1 27901U 81031J   06147.68624219 -.00001041 +00000-0 +10000-3 0  9999
2 27901 067.5349 285.1677 6321382 150.1712 269.6266 02.01154918033535
0 COSMOS 1261 DEB
1 27901U 81031J   06149.67493884 -.00001008  00000-0  10000-3 0  9995
2 27901 067.5459 285.0132 6321739 150.1328 269.7242 02.01151455 33573
0 COSMOS 1261 DEB
1 27901U 81031J   06150.66929604 -.00001002 +00000-0 +10000-3 0  9994
2 27901 067.5505 284.9365 6321925 150.1142 269.7716 02.01149730033593
0 COSMOS 1261 DEB
1 27901U 81031J   06152.65803838 -.00001018  00000-0  10000-3 0  9992
2 27901 067.5375 284.8015 6322030 150.0718 269.8716 02.01146331 33635
0 COSMOS 1261 DEB
1 27901U 81031J   06153.15522053 -.00001027 +00000-0 +10000-3 0  9995
2 27901 067.5334 284.7679 6322225 150.0586 269.8891 02.01145436033644
0 COSMOS 1261 DEB
1 27901U 81031J   06153.15525705  .00000000  00000-0  10000-3 0  9991
2 27901 067.5801 284.7591 6324453 150.0494 269.9037 02.01143027 33646
0 COSMOS 1261 DEB
1 27901U 81031J   06153.65242510 -.00001036 +00000-0 +10000-3 0  9997
2 27901 067.5332 284.7315 6322268 150.0487 269.9232 02.01144594033651
0 COSMOS 1261 DEB
1 27901U 81031J   06155.64120298 -.00001069  00000-0  10000-3 0  9992
2 27901 067.5517 284.5714 6322801 150.0225 270.0114 02.01141153 33694
0 COSMOS 1261 DEB
1 27901U 81031J   06155.64120456 -.00001069 +00000-0 +10000-3 0  9998
2 27901 067.5344 284.5844 6322599 150.0101 270.0137 02.01141151033696
0 COSMOS 1261 DEB
1 27901U 81031J   06157.62999212 -.00001075 +00000-0 +10000-3 0  9999
2 27901 067.5566 284.4213 6323158 149.9772 270.0870 02.01137712033731
0 COSMOS 1261 DEB
1 27901U 81031J   06158.62443245 -.00001064  00000-0  10000-3 0  9998
2 27901 067.5595 284.3463 6323203 149.9572 270.1489 02.01136011 33758
0 COSMOS 1261 DEB
1 27901U 81031J   06159.61886410 -.00001045 +00000-0 +10000-3 0  9992
2 27901 067.5593 284.2739 6323965 149.9374 270.1968 02.01134288033774
0 COSMOS 1261 DEB
1 27901U 81031J   06160.11609893 -.00001032 +00000-0 +10000-3 0  9993
2 27901 067.5614 284.2331 6323800 149.9259 270.2345 02.01133461033789
0 COSMOS 1261 DEB
1 27901U 81031J   06160.61331921 -.00001019  00000-0  10000-3 0  9997
2 27901 067.5585 284.2008 6324167 149.9154 270.2590 02.01132628 33795
0 COSMOS 1261 DEB
1 27901U 81031J   06161.60777910 -.00000989 +00000-0 +10000-3 0  9994
2 27901 067.5590 284.1255 6324301 149.8941 270.3206 02.01131008033816
0 COSMOS 1261 DEB
1 27901U 81031J   06163.59670361 -.00000930  00000-0  10000-3 0  9992
2 27901 067.5709 283.9663 6324587 149.8529 270.4331 02.01127871 33853
0 COSMOS 1261 DEB
1 27901U 81031J   06166.58008640  .00000000  00000-0  10000-3 0  9996
2 27901 067.5742 283.7817 6323416 149.7507 270.5783 02.01121757 33910
0 COSMOS 1261 DEB
1 27901U 81031J   06166.58011984 -.00000895  00000-0  10000-3 0  9994
2 27901 067.5219 283.7930 6320622 148.8499 270.7698 02.01123742 33914
0 COSMOS 1261 DEB
1 27901U 81031J   06167.57712464 -.00000902  00000-0  10000-3 0  9994
2 27901 067.5729 283.6737 6323642 149.7618 272.4541 02.01121851 33939
0 COSMOS 1261 DEB
1 27901U 81031J   06168.56906453 -.00000916  00000-0  10000-3 0  9992
2 27901 067.5537 283.6129 6324571 149.7406 270.6513 02.01120359 33951
0 COSMOS 1261 DEB
1 27901U 81031J   06169.56358331 -.00000930 +00000-0 +10000-3 0  9995
2 27901 067.5551 283.5392 6324308 149.7191 270.7128 02.01118922033975
0 COSMOS 1261 DEB
1 27901U 81031J   06170.55808360 -.00000936  00000-0  10000-3 0  9994
2 27901 067.5554 283.4664 6324119 149.6978 270.7539 02.01117481 33998
0 COSMOS 1261 DEB
1 27901U 81031J   06170.55808360 -.00000936 +00000-0 +10000-3 0  9994
2 27901 067.5554 283.4664 6324119 149.6978 270.7539 02.01117481033998
0 COSMOS 1261 DEB
1 27901U 81031J   06171.55259711 -.00000930 +00000-0 +10000-3 0  9999
2 27901 067.5523 283.3960 6323913 149.6748 270.8009 02.01116097034017
0 COSMOS 1261 DEB
1 27901U 81031J   06172.54709397 -.00000909 +00000-0 +10000-3 0  9995
2 27901 067.5509 283.3262 6322514 149.6514 270.8310 02.01114752034036
0 COSMOS 1261 DEB
1 27901U 81031J   06172.54712256 -.00000909  00000-0  10000-3 0  9993
2 27901 067.5502 283.3268 6322502 149.6510 270.8509 02.01114742 34037
0 COSMOS 1261 DEB
1 27901U 81031J   06173.54165263  .00000000  00000-0  10000-3 0  9995
2 27901 067.5431 283.2835 6323351 149.6009 270.9071 02.01111412 34051
0 COSMOS 1261 DEB
1 27901U 81031J   06174.53617456 -.00000832  00000-0  10000-3 0  9995
2 27901 067.5442 283.1846 6322464 149.6072 270.9369 02.01112088 34070
0 COSMOS 1261 DEB
1 27901U 81031J   06174.53617456 -.00000832 +00000-0 +10000-3 0  9995
2 27901 067.5442 283.1846 6322464 149.6072 270.9369 02.01112088034070
0 COSMOS 1261 DEB
1 27901U 81031J   06175.53071730 -.00000785 +00000-0 +10000-3 0  9992
2 27901 067.5393 283.1150 6322386 149.5866 270.9839 02.01110800034090
0 COSMOS 1261 DEB
1 27901U 81031J   06175.53072276 -.00000785 +00000-0 +10000-3 0  9998
2 27901 067.5391 283.1153 6322364 149.5864 270.9866 02.01110783034095
0 COSMOS 1261 DEB
1 27901U 81031J   06177.51981621 -.00000706 +00000-0 +10000-3 0  9994
2 27901 067.5370 282.9730 6321907 149.5459 271.0724 02.01108303034137
0 COSMOS 1261 DEB
1 27901U 81031J   06178.51437385 -.00000682 +00000-0 +10000-3 0  9991
2 27901 067.5363 282.9008 6321863 149.5228 271.1160 02.01107100034153
0 COSMOS 1261 DEB
1 27901U 81031J   06178.51437385 -.00000682  00000-0  10000-3 0  9991
2 27901 067.5363 282.9008 6321863 149.5228 271.1160 02.01107100 34153
0 COSMOS 1261 DEB
1 27901U 81031J   06182.49268143 -.00000651  00000-0  10000-3 0  9993
2 27901 067.5319 282.6110 6321840 149.4362 271.3093 02.01102747 34236
0 COSMOS 1261 DEB
1 27901U 81031J   06184.48185637 -.00000619  00000-0  10000-3 0  9994
2 27901 067.5321 282.4677 6321371 149.3889 271.3983 02.01100781 34275
0 COSMOS 1261 DEB
1 27901U 81031J   06186.47106608 -.00000554 +00000-0 +10000-3 0  9994
2 27901 067.5316 282.3254 6320964 149.3423 271.4951 02.01098922034314
0 COSMOS 1261 DEB
1 27901U 81031J   06187.46566574  .00000000  00000-0  10000-3 0  9991
2 27901 067.5274 282.2666 6324039 149.3133 271.5613 02.01096651 34333
0 COSMOS 1261 DEB
1 27901U 81031J   06187.46568318 -.00000510  00000-0  10000-3 0  9996
2 27901 067.5334 282.2547 6320542 149.3182 271.5452 02.01098025 34335
0 COSMOS 1261 DEB
1 27901U 81031J   06190.44955185 -.00000368  00000-0  10000-3 0  9991
2 27901 067.5347 282.0399 6319989 149.2480 271.6915 02.01095639 34394
0 COSMOS 1261 DEB
1 27901U 81031J   06196.41733933 -.00000274  00000-0  10000-3 0  9995
2 27901 067.5209 281.5866 6322618 149.1993 271.9309 02.01091556 34513
0 COSMOS 1261 DEB
1 27901U 81031J   06197.41184290 -.00000274  00000-0  10000-3 0  9992
2 27901 067.5153 281.5025 6320661 149.1852 271.8469 02.01090827 34536
0 COSMOS 1261 DEB
1 27901U 81031J   06197.90914046 -.00000267  00000-0  10000-3 0  9998
2 27901 067.5239 281.4840 6321907 149.0847 271.9770 02.01092307 34544
0 COSMOS 1261 DEB
1 27901U 81031J   06201.39052543 -.00000152  00000-0  10000-3 0  9995
2 27901 067.5192 281.2321 6320766 149.0331 272.1308 02.01090275 34614
0 COSMOS 1261 DEB
1 27901U 81031J   06204.37453793 -.00000004  00000-0  10000-3 0  9994
2 27901 067.5219 281.0178 6320032 148.9741 272.2765 02.01089472 34672
0 COSMOS 1261 DEB
1 27901U 81031J   06205.36921137 +.00000028 +00000-0 +10000-3 0  9991
2 27901 067.5180 280.9432 6320208 148.9531 272.3321 02.01089330034696
0 COSMOS 1261 DEB
1 27901U 81031J   06207.85584709  .00000064  00000-0  10000-3 0  9997
2 27901 067.5206 280.7615 6318570 148.9009 272.4238 02.01089081 34742
0 COSMOS 1261 DEB
1 27901U 81031J   06207.85584709 +.00000064 +00000-0 +10000-3 0  9997
2 27901 067.5206 280.7615 6318570 148.9009 272.4238 02.01089081034742
0 COSMOS 1261 DEB
1 27901U 81031J   06215.31572172  .00000252  00000-0  10000-3 0  9997
2 27901 067.5073 280.2172 6322662 148.7481 272.7723 02.01090890 34894
0 COSMOS 1261 DEB
1 27901U 81031J   06219.29435385  .00000417  00000-0  10000-3 0  9995
2 27901 067.5036 279.9268 6323398 148.6680 273.0129 02.01093177 34975
0 COSMOS 1261 DEB
1 27901U 81031J   06220.28897688 +.00000438 +00000-0 +10000-3 0  9997
2 27901 067.5038 279.8538 6323177 148.6474 273.0485 02.01093815034998
0 COSMOS 1261 DEB
1 27901U 81031J   06226.25666618  .00000446  00000-0  10000-3 0  9996
2 27901 067.5049 279.4175 6322415 148.5237 273.2913 02.01098576 35115
0 COSMOS 1261 DEB
1 27901U 81031J   06227.25126279 +.00000473 +00000-0 +10000-3 0  9991
2 27901 067.5049 279.3451 6322167 148.5035 273.3289 02.01099528035138
0 COSMOS 1261 DEB
1 27901U 81031J   06230.23504983 +.00000599 +00000-0 +10000-3 0  9994
2 27901 067.5119 279.1380 6321222 148.4361 273.4620 02.01102622035193
0 COSMOS 1261 DEB
1 27901U 81031J   06230.23505136  .00000599  00000-0  10000-3 0  9995
2 27901 067.5123 279.1381 6321259 148.4393 273.4570 02.01102554 35192
0 COSMOS 1261 DEB
1 27901U 81031J   06233.21878251  .00000679  00000-0  10000-3 0  9996
2 27901 067.5006 278.9108 6324712 148.4018 273.6214 02.01106132 35257
0 COSMOS 1261 DEB
1 27901U 81031J   06233.21878478  .00000678  00000-0  10000-3 0  9996
2 27901 067.5120 278.9211 6321296 148.3767 273.5919 02.01105943 35253
0 COSMOS 1261 DEB
1 27901U 81031J   06235.20785953  .00000679  00000-0  10000-3 0  9993
2 27901 067.5087 278.7719 6322291 148.3461 273.6625 02.01108619 35295
0 COSMOS 1261 DEB
1 27901U 81031J   06235.20786563  .00000679  00000-0  10000-3 0  9991
2 27901 067.5063 278.7703 6323036 148.3502 273.6787 02.01108731 35290
0 COSMOS 1261 DEB
1 27901U 81031J   06236.20240350  .00000674  00000-0  10000-3 0  9996
2 27901 067.4958 278.6902 6327510 148.3806 273.7448 02.01110593 35317
0 COSMOS 1261 DEB
1 27901U 81031J   06237.19684461  .00000670  00000-0  10000-3 0  9996
2 27901 067.5017 278.6215 6325809 148.3478 273.7084 02.01111925 35333
0 COSMOS 1261 DEB
1 27901U 81031J   06238.19138828  .00000673  00000-0  10000-3 0  9991
2 27901 067.5031 278.5501 6324837 148.3133 273.7546 02.01113229 35358
0 COSMOS 1261 DEB
1 27901U 81031J   06239.18594310 +.00000685 +00000-0 +10000-3 0  9996
2 27901 067.5043 278.4792 6324840 148.2963 273.8137 02.01114554035377
0 COSMOS 1261 DEB
1 27901U 81031J   06240.18046169  .00000705  00000-0  10000-3 0  9995
2 27901 067.5033 278.4053 6325156 148.2787 273.8603 02.01116023 35394
0 COSMOS 1261 DEB
1 27901U 81031J   06241.17497089 +.00000732 +00000-0 +10000-3 0  9996
2 27901 067.5035 278.3324 6325051 148.2589 273.8971 02.01117402035413
0 COSMOS 1261 DEB
1 27901U 81031J   06242.16948286 +.00000764 +00000-0 +10000-3 0  9991
2 27901 067.5063 278.2612 6324373 148.2404 273.9368 02.01118823035436
0 COSMOS 1261 DEB
1 27901U 81031J   06243.16397684  .00000798  00000-0  10000-3 0  9999
2 27901 067.5078 278.1883 6323868 148.2221 273.9699 02.01120261 35454
0 COSMOS 1261 DEB
1 27901U 81031J   06244.15846489  .00000831  00000-0  10000-3 0  9999
2 27901 067.5077 278.1159 6323857 148.1965 274.0181 02.01121856 35472
0 COSMOS 1261 DEB
1 27901U 81031J   06245.15295697  .00000858  00000-0  10000-3 0  9998
2 27901 067.5142 278.0481 6321502 148.1561 274.0573 02.01123375 35494
0 COSMOS 1261 DEB
1 27901U 81031J   06246.14745647 +.00000877 +00000-0 +10000-3 0  9994
2 27901 067.5138 277.9754 6321453 148.1356 274.1146 02.01124873035511
0 COSMOS 1261 DEB
1 27901U 81031J   06247.14192738 +.00000885 +00000-0 +10000-3 0  9991
2 27901 067.5145 277.9021 6321470 148.1216 274.1539 02.01126376035538
0 COSMOS 1261 DEB
1 27901U 81031J   06248.13637452  .00000881  00000-0  10000-3 0  9994
2 27901 067.5151 277.8299 6321321 148.1020 274.1828 02.01127908 35554
0 COSMOS 1261 DEB
1 27901U 81031J   06249.13082369 +.00000866 +00000-0 +10000-3 0  9999
2 27901 067.5148 277.7572 6321271 148.0816 274.2200 02.01129459035579
0 COSMOS 1261 DEB
1 27901U 81031J   06250.12526774  .00000843  00000-0  10000-3 0  9998
2 27901 067.5088 277.6808 6322176 148.0631 274.2892 02.01131560 35598
0 COSMOS 1261 DEB
1 27901U 81031J   06251.11967561 +.00000818 +00000-0 +10000-3 0  9993
2 27901 067.5086 277.6082 6321902 148.0406 274.3086 02.01133149035610
0 COSMOS 1261 DEB
1 27901U 81031J   06252.11410630 +.00000797 +00000-0 +10000-3 0  9990
2 27901 067.5086 277.5355 6321833 148.0199 274.3505 02.01134732035631
0 COSMOS 1261 DEB
1 27901U 81031J   06253.10853064  .00000786  00000-0  10000-3 0  9990
2 27901 067.5082 277.4624 6321857 148.0001 274.3934 02.01136319 35654
0 COSMOS 1261 DEB
1 27901U 81031J   06254.10294846 +.00000787 +00000-0 +10000-3 0  9999
2 27901 067.5079 277.3893 6321923 147.9808 274.4371 02.01137912035672
0 COSMOS 1261 DEB
1 27901U 81031J   06255.09736006 +.00000800 +00000-0 +10000-3 0  9993
2 27901 067.5074 277.3161 6322079 147.9625 274.4816 02.01139504035690
0 COSMOS 1261 DEB
1 27901U 81031J   06256.09176390  .00000821  00000-0  10000-3 0  9991
2 27901 067.5070 277.2429 6322245 147.9445 274.5260 02.01141101 35710
0 COSMOS 1261 DEB
1 27901U 81031J   06257.08615877 +.00000844 +00000-0 +10000-3 0  9994
2 27901 067.5067 277.1702 6322191 147.9241 274.5713 02.01142729035735
0 COSMOS 1261 DEB
1 27901U 81031J   06258.08054486 +.00000861 +00000-0 +10000-3 0  9997
2 27901 067.5077 277.0981 6322375 147.9017 274.6190 02.01144395035752
0 COSMOS 1261 DEB
1 27901U 81031J   06259.07492807  .00000868  00000-0  10000-3 0  9997
2 27901 067.5073 277.0248 6322526 147.8850 274.6645 02.01145989 35773
0 COSMOS 1261 DEB
1 27901U 81031J   06260.06929277 +.00000863 +00000-0 +10000-3 0  9999
2 27901 067.5070 276.9514 6322673 147.8684 274.7022 02.01147582035795
0 COSMOS 1261 DEB
1 27901U 81031J   06261.06364790 +.00000844 +00000-0 +10000-3 0  9992
2 27901 067.5076 276.8786 6322725 147.8513 274.7380 02.01149171035816
0 COSMOS 1261 DEB
1 27901U 81031J   06262.05799515  .00000817  00000-0  10000-3 0  9999
2 27901 067.5075 276.8054 6322754 147.8342 274.7730 02.01150747 35837
0 COSMOS 1261 DEB
1 27901U 81031J   06263.05233481 +.00000784 +00000-0 +10000-3 0  9998
2 27901 067.5075 276.7321 6322772 147.8171 274.8083 02.01152320035856
0 COSMOS 1261 DEB
1 27901U 81031J   06264.04666683  .00000753  00000-0  10000-3 0  9998
2 27901 067.5091 276.6606 6322071 147.7922 274.8392 02.01153847 35874
0 COSMOS 1261 DEB
1 27901U 81031J   06265.04100561  .00000726  00000-0  10000-3 0  9997
2 27901 067.5042 276.5833 6320020 147.7653 274.8638 02.01155281 35893
0 COSMOS 1261 DEB
1 27901U 81031J   06266.03533762  .00000707  00000-0  10000-3 0  9999
2 27901 067.5040 276.5105 6318694 147.7350 274.9017 02.01156757 35915
0 COSMOS 1261 DEB
1 27901U 81031J   06267.02967190  .00000700  00000-0  10000-3 0  9998
2 27901 067.4809 276.4164 6329340 147.8307 275.0021 02.01158311 35931
0 COSMOS 1261 DEB
1 27901U 81031J   06268.02381513  .00000694  00000-0  10000-3 0  9990
2 27901 067.5150 276.3754 6317177 147.6606 274.8787 02.01159610 35951
0 COSMOS 1261 DEB
1 27901U 81031J   06269.01836101  .00000697  00000-0  10000-3 0  9991
2 27901 067.5160 276.3029 6316589 147.6384 275.0914 02.01161076 35972
0 COSMOS 1261 DEB
1 27901U 81031J   06270.01266330  .00000703  00000-0  10000-3 0  9992
2 27901 067.5133 276.2273 6317469 147.6331 275.1391 02.01162549 35990
0 COSMOS 1261 DEB
1 27901U 81031J   06271.00693238  .00000709  00000-0  10000-3 0  9999
2 27901 067.5035 276.1452 6322646 147.6664 275.1919 02.01164017 36013
0 COSMOS 1261 DEB
1 27901U 81031J   06272.00114182  .00000709  00000-0  10000-3 0  9996
2 27901 067.5014 276.0699 6323771 147.6627 275.1847 02.01165453 36038
0 COSMOS 1261 DEB
1 27901U 81031J   06272.49825659  .00000705  00000-0  10000-3 0  9993
2 27901 067.5019 276.0361 6316232 147.5749 275.1525 02.01165975 36040
0 COSMOS 1261 DEB
1 27901U 81031J   06272.99550770  .00000700  00000-0  10000-3 0  9992
2 27901 067.5031 275.9999 6316733 147.5727 275.2557 02.01166659 36058
0 COSMOS 1261 DEB
1 27901U 81031J   06273.98976429 +.00000683 +00000-0 +10000-3 0  9995
2 27901 067.5051 275.9282 6317401 147.5641 275.2892 02.01168027036078
0 COSMOS 1261 DEB
1 27901U 81031J   06274.48687922  .00000671  00000-0  10000-3 0  9995
2 27901 067.5237 275.9061 6322282 147.6000 275.3222 02.01168845 36089
0 COSMOS 1261 DEB
1 27901U 81031J   06274.98394800 +.00000655 +00000-0 +10000-3 0  9992
2 27901 067.5294 275.8741 6323053 147.5980 275.2982 02.01169479036096
0 COSMOS 1261 DEB
1 27901U 81031J   06277.96666886  .00000506  00000-0  10000-3 0  9994
2 27901 067.5043 275.6346 6318386 147.4837 275.3698 02.01172170 36154
0 COSMOS 1261 DEB
1 27901U 81031J   06278.96102295  .00000453  00000-0  10000-3 0  9995
2 27901 067.5134 275.5682 6319022 147.4768 275.4855 02.01173058 36172
0 COSMOS 1261 DEB
1 27901U 81031J   06279.95524654 +.00000407 +00000-0 +10000-3 0  9991
2 27901 067.5161 275.4973 6319200 147.4617 275.5152 02.01174083036197
0 COSMOS 1261 DEB
1 27901U 81031J   06281.44658290  .00000359  00000-0  10000-3 0  9998
2 27901 067.4682 275.3553 6315957 147.3799 275.6086 02.01176572 36228
0 COSMOS 1261 DEB
1 27901U 81031J   06281.94373257  .00000350  00000-0  10000-3 0  9991
2 27901 067.4638 275.3156 6315623 147.3629 275.6598 02.01177061 36233
0 COSMOS 1261 DEB
1 27901U 81031J   06282.93796329  .00000338  00000-0  10000-3 0  9996
2 27901 067.4527 275.2333 6315480 147.3400 275.7121 02.01177961 36258
0 COSMOS 1261 DEB
1 27901U 81031J   06283.43507990  .00000333  00000-0  10000-3 0  9991
2 27901 067.4450 275.1906 6310115 147.3119 275.6907 02.01178372 36264
0 COSMOS 1261 DEB
1 27901U 81031J   06284.42929512  .00000326  00000-0  10000-3 0  9991
2 27901 067.4709 275.1364 6314172 147.3681 275.7221 02.01179376 36287
0 COSMOS 1261 DEB
1 27901U 81031J   06285.42339121  .00000312  00000-0  10000-3 0  9998
2 27901 067.4789 275.0701 6314782 147.3558 275.6830 02.01180205 36300
0 COSMOS 1261 DEB
1 27901U 81031J   06285.42351047 -.00000036  00000-0  10000-3 0  9993
2 27901 067.5112 275.1038 6318340 147.3208 275.7622 02.01176693 36307
0 COSMOS 1261 DEB
1 27901U 81031J   06285.92048934 +.00000301 +00000-0 +10000-3 0  9990
2 27901 067.4786 275.0338 6314744 147.3424 275.7030 02.01180599036313
0 COSMOS 1261 DEB
1 27901U 81031J   06286.91469633  .00000271  00000-0  10000-3 0  9999
2 27901 067.4903 274.9702 6316282 147.3403 275.7463 02.01181293 36337
0 COSMOS 1261 DEB
1 27901U 81031J   06287.41178428  .00000251  00000-0  10000-3 0  9992
2 27901 067.5041 274.9441 6318178 147.3607 275.7541 02.01181647 36344
0 COSMOS 1261 DEB
1 27901U 81031J   06287.90884271 +.00000227 +00000-0 +10000-3 0  9999
2 27901 067.5040 274.9078 6318146 147.3469 275.7478 02.01181983036353
0 COSMOS 1261 DEB
1 27901U 81031J   06288.40594808  .00000201  00000-0  10000-3 0  9991
2 27901 067.5118 274.8774 6319183 147.3530 275.7723 02.01182304 36364
0 COSMOS 1261 DEB
1 27901U 81031J   06289.40011689 +.00000144 +00000-0 +10000-3 0  9999
2 27901 067.5120 274.8052 6319072 147.3301 275.7994 02.01182925036380
0 COSMOS 1261 DEB
1 27901U 81031J   06290.39430829 +.00000083 +00000-0 +10000-3 0  9992
2 27901 067.5128 274.7335 6319075 147.3098 275.8445 02.01183491036401
0 COSMOS 1261 DEB
1 27901U 81031J   06290.89140236  .00000054  00000-0  10000-3 0  9995
2 27901 067.5127 274.6972 6319035 147.2989 275.8669 02.01183763 36411
0 COSMOS 1261 DEB
1 27901U 81031J   06291.38849563  .00000025  00000-0  10000-3 0  9997
2 27901 067.5102 274.6590 6318453 147.2794 275.8906 02.01184003 36420
0 COSMOS 1261 DEB
1 27901U 81031J   06292.38268992 -.00000026 +00000-0 +10000-3 0  9991
2 27901 067.5097 274.5862 6318219 147.2579 275.9422 02.01184478036447
0 COSMOS 1261 DEB
1 27901U 81031J   06293.37686982 -.00000069  00000-0  10000-3 0  9991
2 27901 067.5049 274.5104 6317272 147.2264 275.9874 02.01184917 36463
0 COSMOS 1261 DEB
1 27901U 81031J   06293.87396905 -.00000086  00000-0  10000-3 0  9998
2 27901 067.5077 274.4762 6317720 147.2221 276.0147 02.01185089 36471
0 COSMOS 1261 DEB
1 27901U 81031J   06294.37105429 -.00000101 +00000-0 +10000-3 0  9991
2 27901 067.5098 274.4416 6317984 147.2112 276.0333 02.01185197036489
0 COSMOS 1261 DEB
1 27901U 81031J   06295.36524284 -.00000124 +00000-0 +10000-3 0  9990
2 27901 067.5086 274.3677 6317637 147.1976 276.0860 02.01185605036508
0 COSMOS 1261 DEB
1 27901U 81031J   06295.86230464 -.00000133 +00000-0 +10000-3 0  9999
2 27901 067.5058 274.3294 6317097 147.1803 276.0899 02.01185727036519
0 COSMOS 1261 DEB
1 27901U 81031J   06296.85649097 -.00000149  00000-0  10000-3 0  9992
2 27901 067.5072 274.2559 6317034 147.1720 276.1409 02.01185969 36535
0 COSMOS 1261 DEB
1 27901U 81031J   06297.35354595 -.00000156 +00000-0 +10000-3 0  9992
2 27901 067.5084 274.2204 6317184 147.1666 276.1393 02.01186066036542
0 COSMOS 1261 DEB
1 27901U 81031J   06298.34771304 -.00000171 +00000-0 +10000-3 0  9990
2 27901 067.5080 274.1478 6317084 147.1440 276.1782 02.01186147036563
0 COSMOS 1261 DEB
1 27901U 81031J   06299.83897993 -.00000201  00000-0  10000-3 0  9992
2 27901 067.5068 274.0390 6316883 147.1039 276.2486 02.01186111 36597
0 COSMOS 1261 DEB
1 27901U 81031J   06299.83897993 -.00000201 +00000-0 +10000-3 0  9992
2 27901 067.5068 274.0390 6316883 147.1039 276.2486 02.01186111036597
0 COSMOS 1261 DEB
1 27901U 81031J   06300.33609429 -.00000214  00000-0  10000-3 0  9999
2 27901 067.5050 274.0014 6316622 147.0824 276.2905 02.01186027 36607
0 COSMOS 1261 DEB
1 27901U 81031J   06300.83320870 -.00000230 +00000-0 +10000-3 0  9992
2 27901 067.5044 273.9646 6316446 147.0724 276.3321 02.01185982036615
0 COSMOS 1261 DEB
1 27901U 81031J   06302.32447841 -.00000293  00000-0  10000-3 0  9995
2 27901 067.5035 273.8557 6316231 147.0278 276.4012 02.01185629 36640
0 COSMOS 1261 DEB
1 27901U 81031J   06303.31867500 -.00000348 +00000-0 +10000-3 0  9994
2 27901 067.5027 273.7831 6316051 147.0011 276.4583 02.01185324036667
0 COSMOS 1261 DEB
1 27901U 81031J   06304.80994901 -.00000442  00000-0  10000-3 0  9990
2 27901 067.5005 273.6728 6315562 146.9602 276.5274 02.01184757 36697
0 COSMOS 1261 DEB
1 27901U 81031J   06304.80994901 -.00000442 +00000-0 +10000-3 0  9990
2 27901 067.5005 273.6728 6315562 146.9602 276.5274 02.01184757036697
0 COSMOS 1261 DEB
1 27901U 81031J   06305.30706084 -.00000474 +00000-0 +10000-3 0  9994
2 27901 067.5002 273.6368 6315499 146.9476 276.5637 02.01184521036706
0 COSMOS 1261 DEB
1 27901U 81031J   06305.80415680 -.00000505 +00000-0 +10000-3 0  9993
2 27901 067.5000 273.6005 6315443 146.9366 276.5891 02.01184294036719
0 COSMOS 1261 DEB
1 27901U 81031J   06307.29543716 -.00000584  00000-0  10000-3 0  9997
2 27901 067.5004 273.4924 6315462 146.9057 276.6530 02.01183441 36746
0 COSMOS 1261 DEB
1 27901U 81031J   06308.28962679 -.00000621 +00000-0 +10000-3 0  9992
2 27901 067.5006 273.4202 6315460 146.8854 276.6952 02.01182798036763
0 COSMOS 1261 DEB
1 27901U 81031J   06309.28382684 -.00000644 +00000-0 +10000-3 0  9990
2 27901 067.5009 273.3478 6315424 146.8646 276.7424 02.01182086036786
0 COSMOS 1261 DEB
1 27901U 81031J   06310.27802623 -.00000656  00000-0  10000-3 0  9994
2 27901 067.5007 273.2756 6315405 146.8459 276.7860 02.01181310 36809
0 COSMOS 1261 DEB
1 27901U 81031J   06310.77512678 -.00000660 +00000-0 +10000-3 0  9992
2 27901 067.5006 273.2393 6315348 146.8351 276.8088 02.01180919036810
0 COSMOS 1261 DEB
1 27901U 81031J   06312.26643615 -.00000672 +00000-0 +10000-3 0  9997
2 27901 067.4991 273.1305 6315145 146.8049 276.8736 02.01179582036840
0 COSMOS 1261 DEB
1 27901U 81031J   06313.26064460 -.00000689  00000-0  10000-3 0  9991
2 27901 067.4981 273.0570 6314852 146.7822 276.9159 02.01178633 36862
0 COSMOS 1261 DEB
1 27901U 81031J   06314.25485940 -.00000716 +00000-0 +10000-3 0  9992
2 27901 067.4975 272.9846 6314755 146.7621 276.9590 02.01177626036880
0 COSMOS 1261 DEB
1 27901U 81031J   06315.24907529 -.00000754 +00000-0 +10000-3 0  9996
2 27901 067.4967 272.9114 6314484 146.7390 277.0010 02.01176580036901
0 COSMOS 1261 DEB
1 27901U 81031J   06316.24329810 -.00000801  00000-0  10000-3 0  9991
2 27901 067.4961 272.8388 6314384 146.7196 277.0408 02.01175439 36925
0 COSMOS 1261 DEB
1 27901U 81031J   06317.23752724 -.00000850  00000-0  10000-3 0  9999
2 27901 067.5002 272.7621 6315057 146.7044 277.0758 02.01173988 36948
0 COSMOS 1261 DEB
1 27901U 81031J   06318.23176971 -.00000897 +00000-0 +10000-3 0  9995
2 27901 067.4987 272.6906 6314931 146.6837 277.1236 02.01172790036967
0 COSMOS 1261 DEB
1 27901U 81031J   06319.72313517 -.00000953  00000-0  10000-3 0  9992
2 27901 067.4985 272.5841 6314576 146.6512 277.1881 02.01170881 36995
0 COSMOS 1261 DEB
1 27901U 81031J   06319.72313517 -.00000953 +00000-0 +10000-3 0  9992
2 27901 067.4985 272.5841 6314576 146.6512 277.1881 02.01170881036995
0 COSMOS 1261 DEB
1 27901U 81031J   06320.22025559 -.00000967 +00000-0 +10000-3 0  9990
2 27901 067.4978 272.5480 6314540 146.6405 277.2067 02.01170234037000
0 COSMOS 1261 DEB
1 27901U 81031J   06321.21451051 -.00000984 +00000-0 +10000-3 0  9999
2 27901 067.4972 272.4757 6314408 146.6203 277.2501 02.01168898037027
0 COSMOS 1261 DEB
1 27901U 81031J   06322.20877074 -.00000990  00000-0  10000-3 0  9993
2 27901 067.4965 272.4031 6314323 146.6007 277.2926 02.01167523 37049
0 COSMOS 1261 DEB
1 27901U 81031J   06323.20303775 -.00000987 +00000-0 +10000-3 0  9992
2 27901 067.4960 272.3308 6314206 146.5803 277.3351 02.01166105037063
0 COSMOS 1261 DEB
1 27901U 81031J   06324.19731410 -.00000979 +00000-0 +10000-3 0  9993
2 27901 067.4949 272.2590 6314080 146.5603 277.3789 02.01164644037083
0 COSMOS 1261 DEB
1 27901U 81031J   06325.19159696 -.00000969  00000-0  10000-3 0  9993
2 27901 067.4940 272.1868 6313957 146.5395 277.4220 02.01163140 37105
0 COSMOS 1261 DEB
1 27901U 81031J   06326.18588933 -.00000961 +00000-0 +10000-3 0  9995
2 27901 067.4923 272.1150 6313784 146.5178 277.4660 02.01161593037127
0 COSMOS 1261 DEB
1 27901U 81031J   06327.18019037 -.00000956 +00000-0 +10000-3 0  9994
2 27901 067.4900 272.0423 6313590 146.4963 277.5113 02.01160025037145
0 COSMOS 1261 DEB
1 27901U 81031J   06328.17449556 -.00000959  00000-0  10000-3 0  9990
2 27901 067.4899 271.9691 6313401 146.4742 277.5542 02.01158428 37165
0 COSMOS 1261 DEB
1 27901U 81031J   06329.16880807 -.00000971 +00000-0 +10000-3 0  9992
2 27901 067.4890 271.8959 6313158 146.4513 277.5957 02.01156790037189
0 COSMOS 1261 DEB
1 27901U 81031J   06330.16312927 -.00000992  00000-0  10000-3 0  9990
2 27901 067.4898 271.8235 6312966 146.4284 277.6349 02.01155090 37206
0 COSMOS 1261 DEB
1 27901U 81031J   06331.15746207 -.00001021 +00000-0 +10000-3 0  9996
2 27901 067.4893 271.7512 6312768 146.4060 277.6788 02.01153402037224
0 COSMOS 1261 DEB
1 27901U 81031J   06332.15179830 -.00001053 +00000-0 +10000-3 0  9994
2 27901 067.4890 271.6784 6312554 146.3841 277.7193 02.01151698037248
0 COSMOS 1261 DEB
1 27901U 81031J   06333.14614122 -.00001082  00000-0  10000-3 0  9994
2 27901 067.4894 271.6053 6312368 146.3613 277.7579 02.01149962 37262
0 COSMOS 1261 DEB
1 27901U 81031J   06335.13486280 -.00001111 +00000-0 +10000-3 0  9990
2 27901 067.4896 271.4593 6312101 146.3173 277.8422 02.01146448037306
0 COSMOS 1261 DEB
1 27901U 81031J   06336.12924196 -.00001105  00000-0  10000-3 0  9996
2 27901 067.4917 271.3850 6312009 146.2957 277.8883 02.01144676 37325
0 COSMOS 1261 DEB
1 27901U 81031J   06337.12362893 -.00001086 +00000-0 +10000-3 0  9995
2 27901 067.4918 271.3121 6311946 146.2745 277.9334 02.01142894037345
0 COSMOS 1261 DEB
1 27901U 81031J   06338.11802499 -.00001060 +00000-0 +10000-3 0  9998
2 27901 067.4938 271.2378 6311888 146.2519 277.9795 02.01141111037368
0 COSMOS 1261 DEB
1 27901U 81031J   06339.11243239 -.00001032  00000-0  10000-3 0  9999
2 27901 067.4957 271.1636 6311836 146.2316 278.0273 02.01139331 37389
0 COSMOS 1261 DEB
1 27901U 81031J   06340.10684112 -.00001010 +00000-0 +10000-3 0  9995
2 27901 067.4958 271.0905 6311804 146.2114 278.0703 02.01137562037404
0 COSMOS 1261 DEB
1 27901U 81031J   06341.10125660 -.00000998 +00000-0 +10000-3 0  9998
2 27901 067.4983 271.0160 6311767 146.1906 278.1123 02.01135800037423
0 COSMOS 1261 DEB
1 27901U 81031J   06342.09568038 -.00000998  00000-0  10000-3 0  9997
2 27901 067.4988 270.9426 6311701 146.1699 278.1552 02.01134061 37444
0 COSMOS 1261 DEB
1 27901U 81031J   06343.09010880 -.00001007 +00000-0 +10000-3 0  9997
2 27901 067.4995 270.8693 6311622 146.1498 278.1953 02.01132332037462
0 COSMOS 1261 DEB
1 27901U 81031J   06344.08454334 -.00001021 +00000-0 +10000-3 0  9999
2 27901 067.4991 270.7968 6311580 146.1322 278.2341 02.01130627037480
0 COSMOS 1261 DEB
1 27901U 81031J   06345.07897940 -.00001035  00000-0  10000-3 0  9998
2 27901 067.4969 270.7255 6311532 146.1168 278.2669 02.01128928 37506
0 COSMOS 1261 DEB
1 27901U 81031J   06346.07341908 -.00001043 +00000-0 +10000-3 0  9996
2 27901 067.5005 270.6514 6311693 146.1010 278.2959 02.01127229037526
0 COSMOS 1261 DEB
1 27901U 81031J   06347.06787478 -.00001041  00000-0  10000-3 0  9990
2 27901 067.5014 270.5779 6311731 146.0896 278.3310 02.01125563 37545
0 COSMOS 1261 DEB
1 27901U 81031J   06356.01840849 -.00000747  00000-0  10000-3 0  9999
2 27901 067.5182 269.9079 6310852 146.0959 278.7765 02.01113791 37727
0 COSMOS 1261 DEB
1 27901U 81031J   06357.01227633 -.00000734  00000-0  10000-3 0  9996
2 27901 067.5202 269.8333 6310932 146.0044 278.3503 02.01112349 37742
0 COSMOS 1261 DEB
1 27901U 81031J   06358.00699677 -.00000730  00000-0  10000-3 0  9993
2 27901 067.5192 269.7617 6310814 145.9938 278.5220 02.01110947 37765
0 COSMOS 1261 DEB
1 27901U 81031J   06359.00150931 -.00000732  00000-0  10000-3 0  9991
2 27901 067.5197 269.6891 6310673 145.9936 278.5366 02.01109584 37782
0 COSMOS 1261 DEB
1 27901U 81031J   06359.99600086 -.00000734  00000-0  10000-3 0  9992
2 27901 067.4844 269.6365 6311027 145.8257 278.5590 02.01108246 37801
0 COSMOS 1261 DEB
1 27901U 81031J   06360.99094587 -.00000730  00000-0  10000-3 0  9993
2 27901 067.4566 269.5799 6311231 145.6815 278.9012 02.01106947 37828
0 COSMOS 1261 DEB
1 27901U 81031J   06361.98583204 -.00000717  00000-0  10000-3 0  9997
2 27901 067.4532 269.5095 6311139 145.6458 279.1778 02.01105684 37841
0 COSMOS 1261 DEB
1 27901U 81031J   06362.98043968 -.00000690 +00000-0 +10000-3 0  9996
2 27901 067.4523 269.4380 6310981 145.6231 279.2458 02.01104456037864
0 COSMOS 1261 DEB
1 27901U 81031J   07005.44024918 -.00000433  00000-0  10000-3 0  9991
2 27901 067.4921 268.8630 6310885 145.7189 279.7618 02.01096544 38012
0 COSMOS 1261 DEB
1 27901U 81031J   07013.39626850 -.00000226  00000-0  10000-3 0  9997
2 27901 067.4834 268.2959 6309188 145.4839 279.3602 02.01090781 38179
0 COSMOS 1261 DEB
1 27901U 81031J   07014.39110095 -.00000171 +00000-0 +10000-3 0  9996
2 27901 067.4755 268.2275 6309099 145.4183 279.5434 02.01090248038190
0 COSMOS 1261 DEB
1 27901U 81031J   07022.34838423  .00000028  00000-0  10000-3 0  9992
2 27901 067.4827 267.6481 6309339 145.3013 279.8901 02.01087827 38359
0 COSMOS 1261 DEB
1 27901U 81031J   07023.34299039 +.00000036 +00000-0 +10000-3 0  9996
2 27901 067.4825 267.5757 6309216 145.2812 279.8948 02.01087794038378
0 COSMOS 1261 DEB
1 27901U 81031J   07031.30019176  .00000322  00000-0  10000-3 0  9991
2 27901 067.4431 267.0007 6311106 144.9126 280.1760 02.01088216 38534
0 COSMOS 1261 DEB
1 27901U 81031J   07032.29550962 +.00000329 +00000-0 +10000-3 0  9990
2 27901 067.4430 266.9281 6310973 144.8926 280.6982 02.01088613038557
0 COSMOS 1261 DEB
1 27901U 81031J   07042.24183769  .00000568  00000-0  10000-3 0  9998
2 27901 067.4886 266.2001 6307645 144.9026 281.0268 02.01094802 38750
0 COSMOS 1261 DEB
1 27901U 81031J   07043.23589448  .00000608  00000-0  10000-3 0  9997
2 27901 067.4900 266.1267 6305985 144.9494 280.6574 02.01095737 38779
0 COSMOS 1261 DEB
1 27901U 81031J   07045.22489780  .00000664  00000-0  10000-3 0  9998
2 27901 067.4887 265.9809 6305863 144.8752 280.6020 02.01097929 38819
0 COSMOS 1261 DEB
1 27901U 81031J   07046.21956039  .00000676  00000-0  10000-3 0  9997
2 27901 067.4895 265.9099 6305833 144.8452 280.6917 02.01098987 38835
0 COSMOS 1261 DEB
1 27901U 81031J   07047.21417217 +.00000678 +00000-0 +10000-3 0  9990
2 27901 067.4834 265.8409 6305820 144.8271 280.7440 02.01100043038858
0 COSMOS 1261 DEB
1 27901U 81031J   07053.18159559  .00000701  00000-0  10000-3 0  9992
2 27901 067.4847 265.4069 6305421 144.6714 280.9681 02.01107119 38970
0 COSMOS 1261 DEB
1 27901U 81031J   07054.17623508  .00000735  00000-0  10000-3 0  9999
2 27901 067.4742 265.3318 6305569 144.6028 281.0915 02.01108723 38997
0 COSMOS 1261 DEB
1 27901U 81031J   07055.66815877 +.00000788 +00000-0 +10000-3 0  9994
2 27901 067.4744 265.2232 6305344 144.5735 281.2261 02.01110675039028
0 COSMOS 1261 DEB
1 27901U 81031J   07056.66269325  .00000815  00000-0  10000-3 0  9997
2 27901 067.4706 265.1524 6304939 144.5865 281.2565 02.01111991 39043
0 COSMOS 1261 DEB
1 27901U 81031J   07057.15987145  .00000824  00000-0  10000-3 0  9999
2 27901 067.4610 265.1197 6305009 144.5941 281.2108 02.01112694 39052
0 COSMOS 1261 DEB
1 27901U 81031J   07057.65709195 +.00000829 +00000-0 +10000-3 0  9996
2 27901 067.4603 265.0836 6304898 144.5880 281.1976 02.01113376039061
0 COSMOS 1261 DEB
1 27901U 81031J   07059.64611336  .00000820  00000-0  10000-3 0  9997
2 27901 067.4597 264.9391 6304561 144.5531 281.2604 02.01116182 39109
0 COSMOS 1261 DEB
1 27901U 81031J   07060.64060549 +.00000802 +00000-0 +10000-3 0  9993
2 27901 067.4599 264.8667 6304388 144.5356 281.2860 02.01117622039124
0 COSMOS 1261 DEB
1 27901U 81031J   07064.61854659  .00000764  00000-0  10000-3 0  9994
2 27901 067.4581 264.5841 6303706 144.4629 281.4289 02.01123745 39200
0 COSMOS 1261 DEB
1 27901U 81031J   07065.61298968  .00000778  00000-0  10000-3 0  9995
2 27901 067.4564 264.5137 6303473 144.4498 281.4482 02.01125332 39225
0 COSMOS 1261 DEB
1 27901U 81031J   07069.59077493  .00000883  00000-0  10000-3 0  9991
2 27901 067.4545 264.2246 6302792 144.3737 281.5845 02.01131665 39309
0 COSMOS 1261 DEB
1 27901U 81031J   07077.54596440  .00000792  00000-0  10000-3 0  9992
2 27901 067.4746 263.6510 6302113 144.2019 281.9289 02.01145600 39465
0 COSMOS 1261 DEB
1 27901U 81031J   07079.53463097 +.00000762 +00000-0 +10000-3 0  9991
2 27901 067.4753 263.5062 6301641 144.1625 281.9694 02.01148896039506
0 COSMOS 1261 DEB
1 27901U 81031J   07080.52897204  .00000763  00000-0  10000-3 0  9994
2 27901 067.4767 263.4344 6301495 144.1422 282.0032 02.01150529 39521
0 COSMOS 1261 DEB
1 27901U 81031J   07081.52331165 +.00000771 +00000-0 +10000-3 0  9993
2 27901 067.4780 263.3629 6301391 144.1222 282.0412 02.01152150039540
0 COSMOS 1261 DEB
1 27901U 81031J   07081.52331488 +.00000771 +00000-0 +10000-3 0  9991
2 27901 067.4780 263.3628 6301376 144.1214 282.0440 02.01152152039546
0 COSMOS 1261 DEB
1 27901U 81031J   07081.52334035 -.00000148  00000-0  10000-3 0  9991
2 27901 067.4883 263.3792 6301565 144.0979 282.0456 02.01147862 39548
0 COSMOS 1261 DEB
1 27901U 81031J   07083.51197253  .00000784  00000-0  10000-3 0  9996
2 27901 067.4788 263.2197 6301300 144.0839 282.1193 02.01155350 39586
0 COSMOS 1261 DEB
1 27901U 81031J   07084.50628667 +.00000777 +00000-0 +10000-3 0  9996
2 27901 067.4800 263.1480 6301281 144.0661 282.1549 02.01156937039606
0 COSMOS 1261 DEB
1 27901U 81031J   07085.00344074 +.00000768 +00000-0 +10000-3 0  9999
2 27901 067.4798 263.1117 6301159 144.0551 282.1742 02.01157725039613
0 COSMOS 1261 DEB
1 27901U 81031J   07086.49488940  .00000721  00000-0  10000-3 0  9993
2 27901 067.4808 263.0041 6301068 144.0287 282.2239 02.01160025 39647
0 COSMOS 1261 DEB
1 27901U 81031J   07086.49488940 +.00000721 +00000-0 +10000-3 0  9993
2 27901 067.4808 263.0041 6301068 144.0287 282.2239 02.01160025039647
0 COSMOS 1261 DEB
1 27901U 81031J   07087.48917791  .00000676  00000-0  10000-3 0  9993
2 27901 067.4801 262.9308 6300747 144.0092 282.2523 02.01161340 39660
0 COSMOS 1261 DEB
1 27901U 81031J   07088.48346444  .00000627  00000-0  10000-3 0  9991
2 27901 067.4776 262.8567 6300686 144.0218 282.2582 02.01162497 39680
0 COSMOS 1261 DEB
1 27901U 81031J   07089.47770051 +.00000581 +00000-0 +10000-3 0  9995
2 27901 067.4791 262.7841 6300342 143.9987 282.2645 02.01163929039705
0 COSMOS 1261 DEB
1 27901U 81031J   07090.47197424 +.00000541 +00000-0 +10000-3 0  9990
2 27901 067.4792 262.7121 6300115 143.9773 282.3029 02.01165361039729
0 COSMOS 1261 DEB
1 27901U 81031J   07090.96910999  .00000525  00000-0  10000-3 0  9996
2 27901 067.4793 262.6764 6299873 143.9696 282.3181 02.01165992 39734
0 COSMOS 1261 DEB
1 27901U 81031J   07092.46049794  .00000495  00000-0  10000-3 0  9995
2 27901 067.4711 262.5601 6298470 143.9161 282.3671 02.01167455 39765
0 COSMOS 1261 DEB
1 27901U 81031J   07092.46049794 +.00000495 +00000-0 +10000-3 0  9995
2 27901 067.4711 262.5601 6298470 143.9161 282.3671 02.01167455039765
0 COSMOS 1261 DEB
1 27901U 81031J   07093.45479560  .00000487  00000-0  10000-3 0  9994
2 27901 067.4790 262.4957 6299410 143.9183 282.4429 02.01169429 39781
0 COSMOS 1261 DEB
1 27901U 81031J   07094.44899739 +.00000485 +00000-0 +10000-3 0  9996
2 27901 067.4798 262.4241 6299123 143.8946 282.4492 02.01170728039809
0 COSMOS 1261 DEB
1 27901U 81031J   07095.44324494 +.00000485 +00000-0 +10000-3 0  9998
2 27901 067.4787 262.3504 6297796 143.8500 282.4849 02.01171480039822
0 COSMOS 1261 DEB
1 27901U 81031J   07095.94044220 -.00000004  00000-0  10000-3 0  9997
2 27901 067.4865 262.3339 6298620 143.8149 282.5578 02.01170188 39836
0 COSMOS 1261 DEB
1 27901U 81031J   07096.93464876 +.00000479 +00000-0 +10000-3 0  9995
2 27901 067.4767 262.2406 6297327 143.8175 282.5794 02.01173295039857
0 COSMOS 1261 DEB
1 27901U 81031J   07097.92887954 +.00000468 +00000-0 +10000-3 0  9999
2 27901 067.4761 262.1678 6297013 143.7947 282.6203 02.01174450039871
0 COSMOS 1261 DEB
1 27901U 81031J   07099.42021436  .00000433  00000-0  10000-3 0  9993
2 27901 067.4761 262.0596 6296674 143.7623 282.6818 02.01176129 39903
0 COSMOS 1261 DEB
1 27901U 81031J   07100.41442689 +.00000397 +00000-0 +10000-3 0  9991
2 27901 067.4746 261.9866 6296342 143.7397 282.7183 02.01177147039923
0 COSMOS 1261 DEB
1 27901U 81031J   07100.91153513  .00000376  00000-0  10000-3 0  9998
2 27901 067.4737 261.9499 6296034 143.7264 282.7380 02.01177599 39937
0 COSMOS 1261 DEB
1 27901U 81031J   07102.40284184  .00000299  00000-0  10000-3 0  9997
2 27901 067.4690 261.8380 6295461 143.6901 282.7950 02.01179014 39963
0 COSMOS 1261 DEB
1 27901U 81031J   07103.39704366  .00000241  00000-0  10000-3 0  9992
2 27901 067.4638 261.7614 6294618 143.6581 282.8319 02.01179776 39988
0 COSMOS 1261 DEB
1 27901U 81031J   07104.39125396  .00000185  00000-0  10000-3 0  9990
2 27901 067.4692 261.6947 6294499 143.6386 282.8783 02.01180593 40005
0 COSMOS 1261 DEB
1 27901U 81031J   07104.88835115  .00000159  00000-0  10000-3 0  9992
2 27901 067.4666 261.6569 6294141 143.6240 282.8959 02.01180924 40013
0 COSMOS 1261 DEB
1 27901U 81031J   07105.38545289 +.00000135 +00000-0 +10000-3 0  9992
2 27901 067.4667 261.6207 6294033 143.6136 282.9197 02.01181315040028
0 COSMOS 1261 DEB
1 27901U 81031J   07106.87672720  .00000080  00000-0  10000-3 0  9997
2 27901 067.4574 261.5042 6292973 143.5692 282.9725 02.01182311 40055
0 COSMOS 1261 DEB
1 27901U 81031J   07107.37383851 +.00000067 +00000-0 +10000-3 0  9992
2 27901 067.4573 261.4680 6292852 143.5583 283.0057 02.01182639040060
0 COSMOS 1261 DEB
1 27901U 81031J   07108.36801942 +.00000049 +00000-0 +10000-3 0  9998
2 27901 067.4703 261.4040 6293754 143.5647 283.0253 02.01182726040085
0 COSMOS 1261 DEB
1 27901U 81031J   07108.86508918  .00000041  00000-0  10000-3 0  9992
2 27901 067.4717 261.3746 6294411 143.5563 283.0326 02.01183332 40096
0 COSMOS 1261 DEB
1 27901U 81031J   07109.85927382  .00000026  00000-0  10000-3 0  9995
2 27901 067.4642 261.2968 6294188 143.5385 283.0736 02.01183816 40116
0 COSMOS 1261 DEB
1 27901U 81031J   07110.85344417 +.00000006 +00000-0 +10000-3 0  9997
2 27901 067.4682 261.2271 6294248 143.5225 283.1044 02.01184226040138
0 COSMOS 1261 DEB
1 27901U 81031J   07111.35052990 -.00000008 +00000-0 +10000-3 0  9998
2 27901 067.4683 261.1910 6294148 143.5127 283.1224 02.01184436040142
0 COSMOS 1261 DEB
1 27901U 81031J   07112.34469964 -.00000046  00000-0  10000-3 0  9993
2 27901 067.4764 261.1202 6293698 143.4865 283.1534 02.01184582 40161
0 COSMOS 1261 DEB
1 27901U 81031J   07112.84180140 -.00000070 +00000-0 +10000-3 0  9991
2 27901 067.4770 261.0842 6293618 143.4788 283.1832 02.01184734040174
0 COSMOS 1261 DEB
1 27901U 81031J   07114.33303706 -.00000159  00000-0  10000-3 0  9990
2 27901 067.4780 260.9766 6293472 143.4561 283.2239 02.01185117 40207
0 COSMOS 1261 DEB
1 27901U 81031J   07115.32719694 -.00000226  00000-0  10000-3 0  9992
2 27901 067.4794 260.9063 6293547 143.4432 283.2543 02.01185304 40220
0 COSMOS 1261 DEB
1 27901U 81031J   07115.82426659 -.00000259 +00000-0 +10000-3 0  9999
2 27901 067.4796 260.8711 6293521 143.4355 283.2629 02.01185379040235
0 COSMOS 1261 DEB
1 27901U 81031J   07117.31550019 -.00000350 +00000-0 +10000-3 0  9995
2 27901 067.4795 260.7633 6293194 143.4075 283.3064 02.01185464040263
0 COSMOS 1261 DEB
1 27901U 81031J   07118.30966497 -.00000398  00000-0  10000-3 0  9998
2 27901 067.4789 260.6919 6292937 143.3866 283.3431 02.01185446 40283
0 COSMOS 1261 DEB
1 27901U 81031J   07119.80091169 -.00000445 +00000-0 +10000-3 0  9992
2 27901 067.4801 260.5867 6292784 143.3591 283.3962 02.01185282040315
0 COSMOS 1261 DEB
1 27901U 81031J   07120.29799195 -.00000454 +00000-0 +10000-3 0  9991
2 27901 067.4799 260.5508 6292682 143.3495 283.4118 02.01185182040327
0 COSMOS 1261 DEB
1 27901U 81031J   07121.29216020 -.00000468  00000-0  10000-3 0  9998
2 27901 067.4817 260.4809 6292614 143.3324 283.4480 02.01184936 40347
0 COSMOS 1261 DEB
1 27901U 81031J   07121.78924082 -.00000472 +00000-0 +10000-3 0  9991
2 27901 067.4851 260.4475 6292702 143.3259 283.4629 02.01184792040355
0 COSMOS 1261 DEB
1 27901U 81031J   07122.78340907 -.00000480  00000-0  10000-3 0  9999
2 27901 067.4780 260.3698 6291981 143.3015 283.5109 02.01184676 40377
0 COSMOS 1261 DEB
1 27901U 81031J   07123.77756392 -.00000489  00000-0  10000-3 0  9997
2 27901 067.4789 260.2952 6291688 143.2708 283.5480 02.01184729 40393
0 COSMOS 1261 DEB
1 27901U 81031J   07124.27465855 -.00000495  00000-0  10000-3 0  9991
2 27901 067.4782 260.2620 6291689 143.2716 283.5626 02.01184068 40408
0 COSMOS 1261 DEB
1 27901U 81031J   07125.26882273 -.00000511  00000-0  10000-3 0  9997
2 27901 067.4781 260.1870 6291226 143.2375 283.6054 02.01184052 40422
0 COSMOS 1261 DEB
1 27901U 81031J   07126.26301015 -.00000536 +00000-0 +10000-3 0  9995
2 27901 067.4775 260.1149 6290972 143.2154 283.6511 02.01183470040449
0 COSMOS 1261 DEB
1 27901U 81031J   07126.76010239 -.00000551 +00000-0 +10000-3 0  9992
2 27901 067.4756 260.0801 6290884 143.2158 283.6613 02.01182725040454
0 COSMOS 1261 DEB
1 27901U 81031J   07127.75427018 -.00000587  00000-0  10000-3 0  9998
2 27901 067.4750 260.0080 6290584 143.1935 283.6894 02.01182059 40479
0 COSMOS 1261 DEB
1 27901U 81031J   07128.74845408 -.00000632 +00000-0 +10000-3 0  9996
2 27901 067.4742 259.9356 6290263 143.1696 283.7261 02.01181304040494
0 COSMOS 1261 DEB
1 27901U 81031J   07129.24555172 -.00000656 +00000-0 +10000-3 0  9994
2 27901 067.4739 259.8996 6290273 143.1599 283.7469 02.01180879040500
0 COSMOS 1261 DEB
1 27901U 81031J   07130.23974019 -.00000707  00000-0  10000-3 0  9997
2 27901 067.4736 259.8279 6289921 143.1375 283.7827 02.01180063 40526
0 COSMOS 1261 DEB
1 27901U 81031J   07131.73103319 -.00000780 +00000-0 +10000-3 0  9991
2 27901 067.4736 259.7202 6289680 143.1048 283.8356 02.01178635040553
0 COSMOS 1261 DEB
1 27901U 81031J   07132.22813534 -.00000801 +00000-0 +10000-3 0  9997
2 27901 067.4734 259.6841 6289526 143.0940 283.8555 02.01178150040562
0 COSMOS 1261 DEB
1 27901U 81031J   07133.22233659 -.00000835  00000-0  10000-3 0  9999
2 27901 067.4731 259.6122 6289276 143.0719 283.8891 02.01177110 40587
0 COSMOS 1261 DEB
1 27901U 81031J   07134.71366093 -.00000863 +00000-0 +10000-3 0  9994
2 27901 067.4728 259.5044 6288964 143.0399 283.9462 02.01175408040619
0 COSMOS 1261 DEB
1 27901U 81031J   07135.21077087 -.00000866 +00000-0 +10000-3 0  9995
2 27901 067.4726 259.4684 6288827 143.0296 283.9657 02.01174837040622
0 COSMOS 1261 DEB
1 27901U 81031J   07136.20499136 -.00000867  00000-0  10000-3 0  9999
2 27901 067.4702 259.3949 6288237 143.0015 284.0024 02.01173638 40643
0 COSMOS 1261 DEB
1 27901U 81031J   07136.70211484 -.00000867 +00000-0 +10000-3 0  9992
2 27901 067.4690 259.3579 6287964 142.9874 284.0270 02.01172989040657
0 COSMOS 1261 DEB
1 27901U 81031J   07137.69635423 -.00000868  00000-0  10000-3 0  9995
2 27901 067.4669 259.2848 6287625 142.9642 284.0694 02.01171704 40674
0 COSMOS 1261 DEB
1 27901U 81031J   07137.69642476 -.00000061  00000-0  10000-3 0  9996
2 27901 067.4864 259.3087 6289704 142.9467 284.0922 02.01168416 40672
0 COSMOS 1261 DEB
1 27901U 81031J   07138.69059596 -.00000877 +00000-0 +10000-3 0  9997
2 27901 067.4654 259.2123 6287309 142.9418 284.1074 02.01170354040699
0 COSMOS 1261 DEB
1 27901U 81031J   07139.18772216 -.00000886 +00000-0 +10000-3 0  9993
2 27901 067.4658 259.1768 6287225 142.9321 284.1288 02.01169669040703
0 COSMOS 1261 DEB
1 27901U 81031J   07139.68484429 -.00000898  00000-0  10000-3 0  9997
2 27901 067.4708 259.1442 6287493 142.9264 284.1384 02.01168875 40717
0 COSMOS 1261 DEB
1 27901U 81031J   07140.67910155 -.00000930  00000-0  10000-3 0  9995
2 27901 067.4689 259.0715 6286898 142.8992 284.1749 02.01167383 40732
0 COSMOS 1261 DEB
1 27901U 81031J   07141.67337252 -.00000971 +00000-0 +10000-3 0  9992
2 27901 067.4690 259.0004 6286872 142.8814 284.2149 02.01165853040757
0 COSMOS 1261 DEB
1 27901U 81031J   07142.66764032 -.00001014  00000-0  10000-3 0  9991
2 27901 067.4688 258.9291 6286731 142.8620 284.2502 02.01164321 40773
0 COSMOS 1261 DEB
1 27901U 81031J   07143.66191306 -.00001055  00000-0  10000-3 0  9995
2 27901 067.4674 258.8519 6287980 142.8478 284.2730 02.01162409 40798
0 COSMOS 1261 DEB
1 27901U 81031J   07144.65622766 -.00001086 +00000-0 +10000-3 0  9998
2 27901 067.4676 258.7816 6287592 142.8282 284.3319 02.01160865040812
0 COSMOS 1261 DEB
1 27901U 81031J   07144.65625251  .00000020  00000-0  10000-3 0  9996
2 27901 067.4836 258.8040 6288255 142.8003 284.3437 02.01159003 40811
0 COSMOS 1261 DEB
1 27901U 81031J   07145.65051058 -.00001104 +00000-0 +10000-3 0  9990
2 27901 067.4676 258.7111 6287242 142.8074 284.3620 02.01159264040839
0 COSMOS 1261 DEB
1 27901U 81031J   07146.64480685 -.00001108  00000-0  10000-3 0  9996
2 27901 067.4675 258.6404 6286921 142.7874 284.3964 02.01157641 40852
0 COSMOS 1261 DEB
1 27901U 81031J   07147.14195557 -.00001105  00000-0  10000-3 0  9990
2 27901 067.4720 258.6030 6287081 142.7690 284.4096 02.01156694 40867
0 COSMOS 1261 DEB
1 27901U 81031J   07147.63914065 -.00001099  00000-0  10000-3 0  9999
2 27901 067.4678 258.5693 6286749 142.7668 284.4514 02.01155962 40871
0 COSMOS 1261 DEB
1 27901U 81031J   07149.62774916 -.00001057 +00000-0 +10000-3 0  9993
2 27901 067.4680 258.4277 6286163 142.7266 284.5042 02.01152633040919
0 COSMOS 1261 DEB
1 27901U 81031J   07150.62207806 -.00001032  00000-0  10000-3 0  9997
2 27901 067.4836 258.3414 6286195 142.6982 284.5470 02.01151232 40934
0 COSMOS 1261 DEB
1 27901U 81031J   07151.11926154 -.00001021  00000-0  10000-3 0  9994
2 27901 067.4681 258.3201 6285651 142.6921 284.5687 02.01150068 40942
0 COSMOS 1261 DEB
1 27901U 81031J   07151.11929204  .00000076  00000-0  10000-3 0  9991
2 27901 067.4841 258.3350 6287537 142.6617 284.6005 02.01149355 40944
0 COSMOS 1261 DEB
1 27901U 81031J   07151.61642327 -.00001010 +00000-0 +10000-3 0  9994
2 27901 067.4627 258.2900 6285260 142.6724 284.5816 02.01149195040958
0 COSMOS 1261 DEB
1 27901U 81031J   07152.61078897 -.00000994  00000-0  10000-3 0  9990
2 27901 067.4621 258.2185 6285085 142.6519 284.6306 02.01147450 40973
0 COSMOS 1261 DEB
1 27901U 81031J   07154.59950772 -.00000985 +00000-0 +10000-3 0  9990
2 27901 067.4654 258.0722 6284699 142.6132 284.7012 02.01143949041015
0 COSMOS 1261 DEB
1 27901U 81031J   07155.59387810 -.00000992  00000-0  10000-3 0  9996
2 27901 067.4643 258.0009 6284725 142.5956 284.7360 02.01142214 41036
0 COSMOS 1261 DEB
1 27901U 81031J   07156.58825350 -.00001004 +00000-0 +10000-3 0  9997
2 27901 067.4667 257.9261 6284708 142.5794 284.7683 02.01140487041051
0 COSMOS 1261 DEB
1 27901U 81031J   07157.58263188 -.00001019  00000-0  10000-3 0  9999
2 27901 067.4665 257.8540 6284562 142.5588 284.7981 02.01138759 41079
0 COSMOS 1261 DEB
1 27901U 81031J   07158.57702465 -.00001032 +00000-0 +10000-3 0  9990
2 27901 067.4663 257.7822 6284404 142.5375 284.8308 02.01137011041094
0 COSMOS 1261 DEB
1 27901U 81031J   07159.07422619 -.00001037 +00000-0 +10000-3 0  9991
2 27901 067.4667 257.7458 6284249 142.5252 284.8488 02.01136145041102
0 COSMOS 1261 DEB
1 27901U 81031J   07159.57143209 -.00001039 +00000-0 +10000-3 0  9993
2 27901 067.4664 257.7099 6284235 142.5165 284.8690 02.01135288041111
0 COSMOS 1261 DEB
1 27901U 81031J   07160.56584076 -.00001035  00000-0  10000-3 0  9991
2 27901 067.4664 257.6380 6284111 142.4946 284.9006 02.01133547 41132
0 COSMOS 1261 DEB
1 27901U 81031J   07161.56026694 -.00001019 +00000-0 +10000-3 0  9991
2 27901 067.4662 257.5659 6284007 142.4728 284.9400 02.01131837041150
0 COSMOS 1261 DEB
1 27901U 81031J   07162.05748377 -.00001007 +00000-0 +10000-3 0  9992
2 27901 067.4672 257.5290 6283855 142.4597 284.9600 02.01130980041167
0 COSMOS 1261 DEB
1 27901U 81031J   07162.55470587 -.00000992 +00000-0 +10000-3 0  9994
2 27901 067.4667 257.4932 6283806 142.4500 284.9824 02.01130129041177
0 COSMOS 1261 DEB
1 27901U 81031J   07163.54914537 -.00000958  00000-0  10000-3 0  9994
2 27901 067.4647 257.4227 6283713 142.4281 285.0182 02.01128424 41191
0 COSMOS 1261 DEB
1 27901U 81031J   07164.54359963 -.00000923  00000-0  10000-3 0  9993
2 27901 067.4772 257.3468 6282951 142.4032 285.0635 02.01126826 41213
0 COSMOS 1261 DEB
1 27901U 81031J   07166.53251382 -.00000877 +00000-0 +10000-3 0  9998
2 27901 067.4700 257.2078 6282701 142.3582 285.1300 02.01123475041253
0 COSMOS 1261 DEB
1 27901U 81031J   07167.52699737 -.00000871  00000-0  10000-3 0  9992
2 27901 067.4713 257.1354 6282548 142.3386 285.1753 02.01121862 41276
0 COSMOS 1261 DEB
1 27901U 81031J   07168.52147216 -.00000877 +00000-0 +10000-3 0  9999
2 27901 067.4681 257.0646 6282549 142.3202 285.2056 02.01120225041292
0 COSMOS 1261 DEB
1 27901U 81031J   07169.51595209 -.00000888  00000-0  10000-3 0  9990
2 27901 067.4659 256.9925 6282356 142.3026 285.2345 02.01118621 41316
0 COSMOS 1261 DEB
1 27901U 81031J   07171.50492992 -.00000902 +00000-0 +10000-3 0  9994
2 27901 067.4690 256.8485 6281433 142.2636 285.2911 02.01115532041353
0 COSMOS 1261 DEB
1 27901U 81031J   07172.49943716 -.00000894 +00000-0 +10000-3 0  9998
2 27901 067.4679 256.7767 6281319 142.2429 285.3248 02.01114034041377
0 COSMOS 1261 DEB
1 27901U 81031J   07172.49943768 -.00000894 +00000-0 +10000-3 0  9995
2 27901 067.4685 256.7772 6281318 142.2435 285.3239 02.01114019041379
0 COSMOS 1261 DEB
1 27901U 81031J   07173.49395585 -.00000873  00000-0  10000-3 0  9991
2 27901 067.4696 256.7054 6281070 142.2283 285.3595 02.01112542 41396
0 COSMOS 1261 DEB
1 27901U 81031J   07174.48846647 -.00000838  00000-0  10000-3 0  9992
2 27901 067.4626 256.6315 6281698 142.2085 285.4112 02.01111905 41415
0 COSMOS 1261 DEB
1 27901U 81031J   07175.48293784 -.00000793  00000-0  10000-3 0  9991
2 27901 067.4616 256.5600 6281889 142.1935 285.4130 02.01110848 41432
0 COSMOS 1261 DEB
1 27901U 81031J   07175.48297487 -.00000793  00000-0  10000-3 0  9995
2 27901 067.4644 256.5599 6281794 142.2058 285.4295 02.01110559 41433
0 COSMOS 1261 DEB
1 27901U 81031J   07176.47749386 -.00000742  00000-0  10000-3 0  9999
2 27901 067.4626 256.4870 6281736 142.1817 285.4607 02.01109439 41456
0 COSMOS 1261 DEB
1 27901U 81031J   07178.46660436 -.00000639 +00000-0 +10000-3 0  9993
2 27901 067.4601 256.3489 6280953 142.1106 285.5670 02.01107292041495
0 COSMOS 1261 DEB
1 27901U 81031J   07181.45029088 -.00000532  00000-0  10000-3 0  9990
2 27901 067.4603 256.1350 6280230 142.0490 285.6772 02.01103479 41559
0 COSMOS 1261 DEB
1 27901U 81031J   07182.44486262 -.00000513  00000-0  10000-3 0  9990
2 27901 067.4577 256.0587 6280506 142.0418 285.7209 02.01102684 41571
0 COSMOS 1261 DEB
1 27901U 81031J   07183.43940131 -.00000502  00000-0  10000-3 0  9998
2 27901 067.4574 255.9829 6280682 142.0429 285.7212 02.01101480 41591
0 COSMOS 1261 DEB
1 27901U 81031J   07184.43394459 -.00000494  00000-0  10000-3 0  9995
2 27901 067.4741 255.9272 6276756 141.9795 285.6775 02.01098989 41615
0 COSMOS 1261 DEB
1 27901U 81031J   07185.42863115 -.00000487 +00000-0 +10000-3 0  9997
2 27901 067.4736 255.8558 6276627 141.9596 285.7838 02.01097995041630
0 COSMOS 1261 DEB
1 27901U 81031J   07187.41781908 -.00000458  00000-0  10000-3 0  9995
2 27901 067.4723 255.7153 6276150 141.9066 285.8562 02.01096160 41671
0 COSMOS 1261 DEB
1 27901U 81031J   07188.41243652 -.00000428  00000-0  10000-3 0  9992
2 27901 067.4712 255.6435 6276224 141.8881 285.9053 02.01095344 41698
0 COSMOS 1261 DEB
1 27901U 81031J   07189.40703768 -.00000388 +00000-0 +10000-3 0  9996
2 27901 067.4705 255.5722 6276136 141.8675 285.9369 02.01094525041714
0 COSMOS 1261 DEB
1 27901U 81031J   07190.40164968 -.00000341 +00000-0 +10000-3 0  9990
2 27901 067.4695 255.5015 6276049 141.8432 285.9747 02.01093764041737
0 COSMOS 1261 DEB
1 27901U 81031J   07193.38551988 -.00000212  00000-0  10000-3 0  9999
2 27901 067.4668 255.2838 6276335 141.7965 286.0891 02.01091728 41791
0 COSMOS 1261 DEB
1 27901U 81031J   07194.38012248 -.00000190  00000-0  10000-3 0  9996
2 27901 067.4654 255.2087 6276739 141.7924 286.1039 02.01091124 41813
0 COSMOS 1261 DEB
1 27901U 81031J   07195.87204145 -.00000181  00000-0  10000-3 0  9990
2 27901 067.4565 255.1068 6278442 141.7556 286.1287 02.01089370 41844
0 COSMOS 1261 DEB
1 27901U 81031J   07198.35870680 -.00000184  00000-0  10000-3 0  9992
2 27901 067.4570 254.9271 6277740 141.7093 286.2495 02.01087911 41895
0 COSMOS 1261 DEB
1 27901U 81031J   07199.35335168 -.00000174  00000-0  10000-3 0  9999
2 27901 067.4657 254.8316 6277436 141.7865 286.2788 02.01088550 41917
0 COSMOS 1261 DEB
1 27901U 81031J   07207.31028003  .00000188  00000-0  10000-3 0  9996
2 27901 067.4779 254.3063 6271596 141.4791 286.3399 02.01086356 42071
0 COSMOS 1261 DEB
1 27901U 81031J   07207.31061195  .00000188  00000-0  10000-3 0  9995
2 27901 067.4583 254.2890 6277862 141.5606 286.5913 02.01086232 42076
0 COSMOS 1261 DEB
1 27901U 81031J   07209.29983605  .00000241  00000-0  10000-3 0  9993
2 27901 067.4654 254.1474 6274221 141.4900 286.5818 02.01086261 42115
0 COSMOS 1261 DEB
1 27901U 81031J   07210.29451833  .00000255  00000-0  10000-3 0  9993
2 27901 067.4614 254.0781 6273799 141.4639 286.6333 02.01086305 42133
0 COSMOS 1261 DEB
1 27901U 81031J   07213.27847458  .00000276  00000-0  10000-3 0  9999
2 27901 067.4636 253.8617 6273493 141.4110 286.7375 02.01087072 42192
0 COSMOS 1261 DEB
1 27901U 81031J   07214.27310981 +.00000289 +00000-0 +10000-3 0  9990
2 27901 067.4618 253.7874 6273326 141.3922 286.7586 02.01087340042216
0 COSMOS 1261 DEB
1 27901U 81031J   07219.24630796  .00000469  00000-0  10000-3 0  9991
2 27901 067.4600 253.4312 6272068 141.2934 286.9149 02.01089715 42311
0 COSMOS 1261 DEB
1 27901U 81031J   07221.23557383  .00000521  00000-0  10000-3 0  9992
2 27901 067.4582 253.2867 6272835 141.2643 286.9757 02.01090843 42355
0 COSMOS 1261 DEB
1 27901U 81031J   07222.23021146 +.00000526 +00000-0 +10000-3 0  9991
2 27901 067.4593 253.2165 6272369 141.2428 287.0150 02.01091554042372
0 COSMOS 1261 DEB
1 27901U 81031J   07224.21945012  .00000510  00000-0  10000-3 0  9991
2 27901 067.4581 253.0731 6272164 141.2055 287.0764 02.01093074 42410
0 COSMOS 1261 DEB
1 27901U 81031J   07225.21406271 +.00000500 +00000-0 +10000-3 0  9990
2 27901 067.4592 253.0024 6271525 141.1863 287.1008 02.01093855042434
0 COSMOS 1261 DEB
1 27901U 81031J   07225.21406271  .00000500  00000-0  10000-3 0  9990
2 27901 067.4592 253.0024 6271525 141.1863 287.1008 02.01093855 42434
0 COSMOS 1261 DEB
1 27901U 81031J   07230.18706628  .00000603  00000-0  10000-3 0  9995
2 27901 067.4618 252.6491 6269957 141.0865 287.2417 02.01098352 42536
0 COSMOS 1261 DEB
1 27901U 81031J   07230.68438057  .00000626  00000-0  10000-3 0  9993
2 27901 067.4636 252.6130 6268077 141.0691 287.2756 02.01099064 42543
0 COSMOS 1261 DEB
1 27901U 81031J   07231.18164868  .00000649  00000-0  10000-3 0  9990
2 27901 067.4631 252.5774 6268186 141.0580 287.2854 02.01099763 42555
0 COSMOS 1261 DEB
1 27901U 81031J   07232.17622360 +.00000692 +00000-0 +10000-3 0  9994
2 27901 067.4637 252.5068 6267756 141.0382 287.3120 02.01100875042575
0 COSMOS 1261 DEB
1 27901U 81031J   07234.16537004  .00000761  00000-0  10000-3 0  9992
2 27901 067.4640 252.3647 6267077 140.9974 287.3761 02.01103198 42618
0 COSMOS 1261 DEB
1 27901U 81031J   07235.15993618 +.00000783 +00000-0 +10000-3 0  9993
2 27901 067.4642 252.2933 6266659 140.9779 287.4090 02.01104414042635
0 COSMOS 1261 DEB
1 27901U 81031J   07238.14358536  .00000794  00000-0  10000-3 0  9991
2 27901 067.4669 252.0806 6267055 140.9599 287.5003 02.01108328 42691
0 COSMOS 1261 DEB
1 27901U 81031J   07239.13804673  .00000787  00000-0  10000-3 0  9991
2 27901 067.4650 252.0104 6268159 140.9306 287.5127 02.01109985 42714
0 COSMOS 1261 DEB
1 27901U 81031J   07240.13257748  .00000779  00000-0  10000-3 0  9999
2 27901 067.4676 251.9403 6266065 140.8998 287.5417 02.01111445 42730
0 COSMOS 1261 DEB
1 27901U 81031J   07240.13258143 +.00000779 +00000-0 +10000-3 0  9999
2 27901 067.4675 251.9405 6266075 140.8989 287.5449 02.01111446042738
0 COSMOS 1261 DEB
1 27901U 81031J   07241.12708753 +.00000775 +00000-0 +10000-3 0  9992
2 27901 067.4677 251.8692 6265798 140.8799 287.5650 02.01112846042758
0 COSMOS 1261 DEB
1 27901U 81031J   07242.12159909 +.00000778 +00000-0 +10000-3 0  9999
2 27901 067.4677 251.7981 6265530 140.8600 287.5944 02.01114274042778
0 COSMOS 1261 DEB
1 27901U 81031J   07243.11610415  .00000792  00000-0  10000-3 0  9999
2 27901 067.4558 251.7178 6272418 140.9090 287.6710 02.01116043 42791
0 COSMOS 1261 DEB
1 27901U 81031J   07244.11052639  .00000813  00000-0  10000-3 0  9992
2 27901 067.4707 251.6555 6265588 140.8322 287.6406 02.01118134 42810
0 COSMOS 1261 DEB
1 27901U 81031J   07245.10501734  .00000838  00000-0  10000-3 0  9994
2 27901 067.4810 251.5901 6261850 140.7640 287.6685 02.01119682 42839
0 COSMOS 1261 DEB
1 27901U 81031J   07246.09954765  .00000864  00000-0  10000-3 0  9998
2 27901 067.4833 251.5217 6260675 140.7296 287.7351 02.01121220 42859
0 COSMOS 1261 DEB
1 27901U 81031J   07247.09403793  .00000883  00000-0  10000-3 0  9990
2 27901 067.4673 251.4417 6265950 140.7809 287.7817 02.01122451 42879
0 COSMOS 1261 DEB
1 27901U 81031J   07248.58567945 +.00000886 +00000-0 +10000-3 0  9998
2 27901 067.4682 251.3356 6265071 140.7482 287.7876 02.01124806042906
0 COSMOS 1261 DEB
1 27901U 81031J   07249.08290646 +.00000880 +00000-0 +10000-3 0  9999
2 27901 067.4683 251.2996 6264807 140.7389 287.8015 02.01125598042914
0 COSMOS 1261 DEB
1 27901U 81031J   07250.07735300  .00000858  00000-0  10000-3 0  9996
2 27901 067.4706 251.2298 6263930 140.7158 287.8363 02.01127452 42934
0 COSMOS 1261 DEB
1 27901U 81031J   07252.06620838 +.00000797 +00000-0 +10000-3 0  9998
2 27901 067.4699 251.0873 6263110 140.6755 287.8830 02.01130677042970
0 COSMOS 1261 DEB
1 27901U 81031J   07253.06063122  .00000771  00000-0  10000-3 0  9998
2 27901 067.4697 251.0157 6262668 140.6543 287.9119 02.01132309 42992
0 COSMOS 1261 DEB
1 27901U 81031J   07254.05504697 +.00000754 +00000-0 +10000-3 0  9996
2 27901 067.4697 250.9445 6262341 140.6347 287.9416 02.01133950043017
0 COSMOS 1261 DEB
1 27901U 81031J   07255.04945381 +.00000750 +00000-0 +10000-3 0  9991
2 27901 067.4697 250.8733 6262065 140.6154 287.9710 02.01135601043039
0 COSMOS 1261 DEB
1 27901U 81031J   07256.04385329 +.00000758 +00000-0 +10000-3 0  9990
2 27901 067.4690 250.8018 6262048 140.5999 288.0017 02.01137257043058
0 COSMOS 1261 DEB
1 27901U 81031J   07257.53543578  .00000787  00000-0  10000-3 0  9999
2 27901 067.4723 250.6982 6260747 140.5590 288.0430 02.01139733 43087
0 COSMOS 1261 DEB
1 27901U 81031J   07258.03263815 +.00000798 +00000-0 +10000-3 0  9990
2 27901 067.4723 250.6628 6260486 140.5479 288.0664 02.01140567043097
0 COSMOS 1261 DEB
1 27901U 81031J   07259.02701661 +.00000821 +00000-0 +10000-3 0  9993
2 27901 067.4724 250.5919 6260188 140.5289 288.0991 02.01142237043110
0 COSMOS 1261 DEB
1 27901U 81031J   07260.02138438  .00000838  00000-0  10000-3 0  9999
2 27901 067.4738 250.5218 6258829 140.4971 288.1286 02.01143983 43132
0 COSMOS 1261 DEB
1 27901U 81031J   07262.01010772  .00000848  00000-0  10000-3 0  9991
2 27901 067.4756 250.3802 6257925 140.4504 288.2011 02.01147274 43175
0 COSMOS 1261 DEB
1 27901U 81031J   07263.50157916 -.00000036  00000-0  10000-3 0  9998
2 27901 067.4682 250.2770 6260979 140.4538 288.2068 02.01147687 43200
0 COSMOS 1261 DEB
1 27901U 81031J   07263.50163243  .00000830  00000-0  10000-3 0  9999
2 27901 067.4736 250.2695 6258960 140.4514 288.2505 02.01149679 43206
0 COSMOS 1261 DEB
1 27901U 81031J   07263.99876133 +.00000820 +00000-0 +10000-3 0  9990
2 27901 067.4736 250.2341 6258810 140.4416 288.2387 02.01150499043210
0 COSMOS 1261 DEB
1 27901U 81031J   07264.99308757 +.00000793 +00000-0 +10000-3 0  9992
2 27901 067.4735 250.1633 6258519 140.4218 288.2691 02.01152135043237
0 COSMOS 1261 DEB
1 27901U 81031J   07265.98740444  .00000762  00000-0  10000-3 0  9991
2 27901 067.4734 250.0926 6258223 140.4020 288.2985 02.01153755 43250
0 COSMOS 1261 DEB
1 27901U 81031J   07266.48455962 +.00000745 +00000-0 +10000-3 0  9996
2 27901 067.4732 250.0560 6257995 140.3932 288.3095 02.01154517043269
0 COSMOS 1261 DEB
1 27901U 81031J   07266.98171297 +.00000729 +00000-0 +10000-3 0  9999
2 27901 067.4732 250.0207 6257843 140.3833 288.3240 02.01155317043271
0 COSMOS 1261 DEB
1 27901U 81031J   07267.97601285  .00000697  00000-0  10000-3 0  9998
2 27901 067.4731 249.9497 6257471 140.3633 288.3506 02.01156884 43290
0 COSMOS 1261 DEB
1 27901U 81031J   07268.97030596 +.00000672 +00000-0 +10000-3 0  9993
2 27901 067.4730 249.8789 6257199 140.3434 288.3795 02.01158448043319
0 COSMOS 1261 DEB
1 27901U 81031J   07269.96459165 +.00000654 +00000-0 +10000-3 0  9990
2 27901 067.4731 249.8083 6256928 140.3227 288.4084 02.01159979043330
0 COSMOS 1261 DEB
1 27901U 81031J   07270.95887252  .00000646  00000-0  10000-3 0  9994
2 27901 067.4732 249.7374 6256629 140.3032 288.4393 02.01161503 43356
0 COSMOS 1261 DEB
1 27901U 81031J   07273.44453750  .00000640  00000-0  10000-3 0  9997
2 27901 067.4725 249.5598 6256068 140.2509 288.5093 02.01165055 43409
0 COSMOS 1261 DEB
1 27901U 81031J   07273.94168364 +.00000635 +00000-0 +10000-3 0  9990
2 27901 067.4721 249.5248 6256011 140.2384 288.5359 02.01165718043418
0 COSMOS 1261 DEB
1 27901U 81031J   07275.43307878  .00000605  00000-0  10000-3 0  9998
2 27901 067.4708 249.4203 6255969 140.2138 288.5624 02.01167179 43442
0 COSMOS 1261 DEB
1 27901U 81031J   07276.42735672  .00000566  00000-0  10000-3 0  9991
2 27901 067.4713 249.3484 6255737 140.1995 288.6032 02.01168295 43467
0 COSMOS 1261 DEB
1 27901U 81031J   07276.92448403 +.00000542 +00000-0 +10000-3 0  9993
2 27901 067.4701 249.3137 6255594 140.1863 288.6240 02.01168962043477
0 COSMOS 1261 DEB
1 27901U 81031J   07278.41584456 +.00000456 +00000-0 +10000-3 0  9992
2 27901 067.4723 249.2081 6255181 140.1602 288.6695 02.01170761043509
0 COSMOS 1261 DEB
1 27901U 81031J   07279.41006659  .00000397  00000-0  10000-3 0  9991
2 27901 067.4726 249.1375 6254931 140.1446 288.6935 02.01171971 43528
0 COSMOS 1261 DEB
1 27901U 81031J   07280.40428025 +.00000343 +00000-0 +10000-3 0  9998
2 27901 067.4728 249.0671 6254656 140.1263 288.7169 02.01173160043543
0 COSMOS 1261 DEB
1 27901U 81031J   07281.39849172 +.00000300 +00000-0 +10000-3 0  9990
2 27901 067.4745 248.9960 6254413 140.1145 288.7402 02.01174275043561
0 COSMOS 1261 DEB
1 27901U 81031J   07282.39268903  .00000270  00000-0  10000-3 0  9994
2 27901 067.4755 248.9256 6254103 140.0988 288.7594 02.01175372 43583
0 COSMOS 1261 DEB
1 27901U 81031J   07282.88978430 +.00000260 +00000-0 +10000-3 0  9990
2 27901 067.4754 248.8903 6253934 140.0890 288.7692 02.01175918043599
0 COSMOS 1261 DEB
1 27901U 81031J   07284.38107717  .00000244  00000-0  10000-3 0  9991
2 27901 067.4760 248.7811 6252698 140.0470 288.8054 02.01177278 43621
0 COSMOS 1261 DEB
1 27901U 81031J   07285.37529759 +.00000240 +00000-0 +10000-3 0  9991
2 27901 067.4762 248.7097 6252317 140.0292 288.8542 02.01178253043647
0 COSMOS 1261 DEB
1 27901U 81031J   07285.87238724 +.00000238 +00000-0 +10000-3 0  9992
2 27901 067.4766 248.6742 6252144 140.0209 288.8647 02.01178723043652
0 COSMOS 1261 DEB
1 27901U 81031J   07286.86657318  .00000232  00000-0  10000-3 0  9990
2 27901 067.4767 248.6036 6251778 140.0032 288.8938 02.01179625 43672
0 COSMOS 1261 DEB
1 27901U 81031J   07287.36365962 +.00000226 +00000-0 +10000-3 0  9990
2 27901 067.4758 248.5684 6251606 139.9936 288.9048 02.01180054043682
0 COSMOS 1261 DEB
1 27901U 81031J   07287.86075035 +.00000219 +00000-0 +10000-3 0  9996
2 27901 067.4746 248.5330 6251442 139.9835 288.9197 02.01180466043696
0 COSMOS 1261 DEB
1 27901U 81031J   07289.35202145  .00000182  00000-0  10000-3 0  9995
2 27901 067.4756 248.4283 6250779 139.9507 288.9680 02.01181610 43724
0 COSMOS 1261 DEB
1 27901U 81031J   07290.34619862 +.00000147 +00000-0 +10000-3 0  9995
2 27901 067.4753 248.3579 6250383 139.9295 289.0008 02.01182297043743
0 COSMOS 1261 DEB
1 27901U 81031J   07290.84328537 +.00000126 +00000-0 +10000-3 0  9993
2 27901 067.4757 248.3223 6250219 139.9206 289.0166 02.01182620043759
0 COSMOS 1261 DEB
1 27901U 81031J   07292.33453454  .00000053  00000-0  10000-3 0  9995
2 27901 067.4761 248.2168 6249632 139.8909 289.0598 02.01183494 43789
0 COSMOS 1261 DEB
1 27901U 81031J   07293.32869530 +.00000000 +00000-0 +10000-3 0  9993
2 27901 067.4764 248.1463 6249224 139.8684 289.0876 02.01183991043800
0 COSMOS 1261 DEB
1 27901U 81031J   07293.82577848 -.00000027  00000-0  10000-3 0  9996
2 27901 067.4749 248.1114 6248890 139.8520 289.1046 02.01184180 43815
0 COSMOS 1261 DEB
1 27901U 81031J   07294.32286876 -.00000053 +00000-0 +10000-3 0  9999
2 27901 067.4749 248.0761 6248710 139.8417 289.1265 02.01184392043827
0 COSMOS 1261 DEB
1 27901U 81031J   07295.31702654 -.00000104 +00000-0 +10000-3 0  9993
2 27901 067.4755 248.0055 6248346 139.8209 289.1548 02.01184764043843
0 COSMOS 1261 DEB
1 27901U 81031J   07295.81410504 -.00000126 +00000-0 +10000-3 0  9992
2 27901 067.4754 247.9702 6248191 139.8110 289.1690 02.01184924043855
0 COSMOS 1261 DEB
1 27901U 81031J   07296.80826001 -.00000165  00000-0  10000-3 0  9998
2 27901 067.4754 247.8984 6247670 139.7858 289.1972 02.01185177 43871
0 COSMOS 1261 DEB
1 27901U 81031J   07297.30534424 -.00000181 +00000-0 +10000-3 0  9997
2 27901 067.4761 247.8626 6247485 139.7754 289.2158 02.01185273043886
0 COSMOS 1261 DEB
1 27901U 81031J   07298.29950000 -.00000206 +00000-0 +10000-3 0  9996
2 27901 067.4766 247.7914 6247160 139.7540 289.2441 02.01185414043908
0 COSMOS 1261 DEB
1 27901U 81031J   07299.29365925 -.00000224  00000-0  10000-3 0  9993
2 27901 067.4763 247.7208 6246851 139.7341 289.2763 02.01185512 43924
0 COSMOS 1261 DEB
1 27901U 81031J   07300.78489518 -.00000250 +00000-0 +10000-3 0  9994
2 27901 067.4772 247.6155 6246482 139.7036 289.3214 02.01185503043950
0 COSMOS 1261 DEB
1 27901U 81031J   07301.28197583 -.00000262 +00000-0 +10000-3 0  9991
2 27901 067.4762 247.5800 6246342 139.6942 289.3381 02.01185473043967
0 COSMOS 1261 DEB
1 27901U 81031J   07301.77905324 -.00000276  00000-0  10000-3 0  9990
2 27901 067.4763 247.5448 6246187 139.6830 289.3528 02.01185426 43971
0 COSMOS 1261 DEB
1 27901U 81031J   07302.77321246 -.00000313  00000-0  10000-3 0  9998
2 27901 067.4808 247.4765 6246158 139.6710 289.3779 02.01185213 43991
0 COSMOS 1261 DEB
1 27901U 81031J   07303.27028758 -.00000337 +00000-0 +10000-3 0  9992
2 27901 067.4815 247.4417 6245955 139.6591 289.3884 02.01185059044002
0 COSMOS 1261 DEB
1 27901U 81031J   07304.26445168 -.00000393 +00000-0 +10000-3 0  9992
2 27901 067.4816 247.3710 6245638 139.6386 289.4203 02.01184755044028
0 COSMOS 1261 DEB
1 27901U 81031J   07305.75569496 -.00000492  00000-0  10000-3 0  9998
2 27901 067.4816 247.2655 6245132 139.6081 289.4654 02.01184209 44053
0 COSMOS 1261 DEB
1 27901U 81031J   07306.25277692 -.00000525 +00000-0 +10000-3 0  9995
2 27901 067.4816 247.2303 6244957 139.5981 289.4798 02.01183980044060
0 COSMOS 1261 DEB
1 27901U 81031J   07307.74402210 -.00000613 +00000-0 +10000-3 0  9994
2 27901 067.4825 247.1231 6244355 139.5682 289.5216 02.01183216044090
0 COSMOS 1261 DEB
1 27901U 81031J   07308.24110397 -.00000637  00000-0  10000-3 0  9998
2 27901 067.4823 247.0881 6244178 139.5577 289.5356 02.01182952 44107
0 COSMOS 1261 DEB
1 27901U 81031J   07309.23527213 -.00000673 +00000-0 +10000-3 0  9997
2 27901 067.4820 247.0185 6243840 139.5367 289.5657 02.01182390044125
0 COSMOS 1261 DEB
1 27901U 81031J   07310.22944384 -.00000695 +00000-0 +10000-3 0  9994
2 27901 067.4822 246.9485 6243524 139.5161 289.5965 02.01181760044143
0 COSMOS 1261 DEB
1 27901U 81031J   07311.22361878 -.00000705  00000-0  10000-3 0  9998
2 27901 067.4824 246.8781 6243183 139.4961 289.6263 02.01181048 44164
0 COSMOS 1261 DEB
1 27901U 81031J   07312.21779719 -.00000706 +00000-0 +10000-3 0  9996
2 27901 067.4823 246.8084 6242878 139.4780 289.6573 02.01180308044182
0 COSMOS 1261 DEB
1 27901U 81031J   07313.21197566 -.00000705 +00000-0 +10000-3 0  9990
2 27901 067.4824 246.7381 6242551 139.4565 289.6861 02.01179489044202
0 COSMOS 1261 DEB
1 27901U 81031J   07314.20616390 -.00000706  00000-0  10000-3 0  9992
2 27901 067.4832 246.6676 6242278 139.4358 289.7179 02.01178589 44228
0 COSMOS 1261 DEB
1 27901U 81031J   07315.20035861 -.00000712 +00000-0 +10000-3 0  9998
2 27901 067.4832 246.5974 6241936 139.4147 289.7509 02.01177629044247
0 COSMOS 1261 DEB
1 27901U 81031J   07316.19455789 -.00000726 +00000-0 +10000-3 0  9997
2 27901 067.4836 246.5271 6241619 139.3937 289.7844 02.01176627044266
0 COSMOS 1261 DEB
1 27901U 81031J   07317.18876126 -.00000747  00000-0  10000-3 0  9992
2 27901 067.4838 246.4570 6241357 139.3748 289.8166 02.01175569 44282
0 COSMOS 1261 DEB
1 27901U 81031J   07318.68006638 -.00000791 +00000-0 +10000-3 0  9990
2 27901 067.4846 246.3520 6240990 139.3481 289.8573 02.01173883044314
0 COSMOS 1261 DEB
1 27901U 81031J   07319.17717114 -.00000808 +00000-0 +10000-3 0  9992
2 27901 067.4845 246.3171 6240876 139.3392 289.8717 02.01173301044325
0 COSMOS 1261 DEB
1 27901U 81031J   07320.17138573 -.00000843  00000-0  10000-3 0  9999
2 27901 067.4838 246.2475 6240566 139.3206 289.8997 02.01172084 44342
0 COSMOS 1261 DEB
1 27901U 81031J   07321.16560076 -.00000879 +00000-0 +10000-3 0  9995
2 27901 067.4829 246.1782 6240264 139.3022 289.9235 02.01170817044363
0 COSMOS 1261 DEB
1 27901U 81031J   07323.15405649 -.00000935  00000-0  10000-3 0  9993
2 27901 067.4817 246.0385 6239667 139.2649 289.9741 02.01168116 44403
0 COSMOS 1261 DEB
1 27901U 81031J   07323.15405649 -.00000935 +00000-0 +10000-3 0  9993
2 27901 067.4817 246.0385 6239667 139.2649 289.9741 02.01168116044403
0 COSMOS 1261 DEB
1 27901U 81031J   07324.14829622 -.00000950 +00000-0 +10000-3 0  9991
2 27901 067.4806 245.9675 6239127 139.2390 290.0011 02.01166685044429
0 COSMOS 1261 DEB
1 27901U 81031J   07324.64542725 -.00000954  00000-0  10000-3 0  9996
2 27901 067.4804 245.9321 6238881 139.2285 290.0208 02.01165963 44431
0 COSMOS 1261 DEB
1 27901U 81031J   07325.14255140 -.00000954 +00000-0 +10000-3 0  9994
2 27901 067.4788 245.8963 6238476 139.2132 290.0335 02.01165203044443
0 COSMOS 1261 DEB
1 27901U 81031J   07326.13681564 -.00000950  00000-0  10000-3 0  9993
2 27901 067.4785 245.8260 6238101 139.1908 290.0668 02.01163689 44462
0 COSMOS 1261 DEB
1 27901U 81031J   07327.13108554 -.00000941  00000-0  10000-3 0  9997
2 27901 067.4767 245.7551 6237415 139.1600 290.0995 02.01162128 44482
0 COSMOS 1261 DEB
1 27901U 81031J   07328.12537572 -.00000933  00000-0  10000-3 0  9994
2 27901 067.4758 245.6830 6236586 139.1265 290.1411 02.01160524 44501
0 COSMOS 1261 DEB
1 27901U 81031J   07329.11967760 -.00000932  00000-0  10000-3 0  9999
2 27901 067.4749 245.6123 6235932 139.0979 290.1848 02.01158893 44523
0 COSMOS 1261 DEB
1 27901U 81031J   07331.10828807 -.00000964  00000-0  10000-3 0  9994
2 27901 067.4756 245.4711 6235089 139.0485 290.2573 02.01155534 44566
0 COSMOS 1261 DEB
1 27901U 81031J   07332.10260484 -.00000995 +00000-0 +10000-3 0  9990
2 27901 067.4757 245.4012 6234747 139.0263 290.2930 02.01153821044581
0 COSMOS 1261 DEB
1 27901U 81031J   07333.09692441 -.00001030 +00000-0 +10000-3 0  9992
2 27901 067.4759 245.3310 6234385 139.0032 290.3246 02.01152086044601
0 COSMOS 1261 DEB
1 27901U 81031J   07334.09125374 -.00001062  00000-0  10000-3 0  9994
2 27901 067.4761 245.2610 6234029 138.9795 290.3574 02.01150335 44626
0 COSMOS 1261 DEB
1 27901U 81031J   07335.58276929 -.00001091 +00000-0 +10000-3 0  9994
2 27901 067.4789 245.1522 6233960 138.9325 290.4099 02.01147586044659
0 COSMOS 1261 DEB
1 27901U 81031J   07335.58276929 -.00001091  00000-0  10000-3 0  9994
2 27901 067.4789 245.1522 6233960 138.9325 290.4099 02.01147586 44659
0 COSMOS 1261 DEB
1 27901U 81031J   07336.07998295 -.00001094 +00000-0 +10000-3 0  9999
2 27901 067.4800 245.1167 6233819 138.9188 290.4557 02.01146712044668
0 COSMOS 1261 DEB
1 27901U 81031J   07337.07433984 -.00001087  00000-0  10000-3 0  9991
2 27901 067.4846 245.0431 6234648 138.9475 290.4779 02.01144854 44684
0 COSMOS 1261 DEB
1 27901U 81031J   07338.06862627 -.00001066 +00000-0 +10000-3 0  9998
2 27901 067.4828 244.9752 6234175 138.9293 290.4556 02.01143108044708
0 COSMOS 1261 DEB
1 27901U 81031J   07339.06298495 -.00001035 +00000-0 +10000-3 0  9991
2 27901 067.4825 244.9083 6233859 138.9099 290.4785 02.01141338044723
0 COSMOS 1261 DEB
1 27901U 81031J   07340.05736087 -.00000999  00000-0  10000-3 0  9994
2 27901 067.4784 244.8431 6233294 138.8905 290.5094 02.01139599 44743
0 COSMOS 1261 DEB
1 27901U 81031J   07341.05173776 -.00000963 +00000-0 +10000-3 0  9996
2 27901 067.4798 244.7730 6233202 138.8707 290.5307 02.01137776044762
0 COSMOS 1261 DEB
1 27901U 81031J   07342.04614098 -.00000932 +00000-0 +10000-3 0  9999
2 27901 067.4813 244.7038 6233102 138.8543 290.5667 02.01136003044781
0 COSMOS 1261 DEB
1 27901U 81031J   07344.03495650 -.00000891  00000-0  10000-3 0  9995
2 27901 067.4838 244.5562 6232562 138.8365 290.6354 02.01132613 44821
0 COSMOS 1261 DEB
1 27901U 81031J   07349.00707932 -.00000877  00000-0  10000-3 0  9990
2 27901 067.5044 244.1839 6231686 138.5104 290.8560 02.01126262 44923
0 COSMOS 1261 DEB
1 27901U 81031J   07350.00190292 -.00000869  00000-0  10000-3 0  9998
2 27901 067.5120 244.1102 6229990 138.7157 291.1153 02.01124593 44945
0 COSMOS 1261 DEB
1 27901U 81031J   07350.99585832 -.00000854  00000-0  10000-3 0  9998
2 27901 067.4945 244.0527 6229950 138.6425 290.7876 02.01122882 44960
0 COSMOS 1261 DEB
1 27901U 81031J   07351.99044223 -.00000829 +00000-0 +10000-3 0  9995
2 27901 067.4963 243.9818 6229558 138.6300 290.8991 02.01121206044987
0 COSMOS 1261 DEB
1 27901U 81031J   07352.98489879 -.00000795  00000-0  10000-3 0  9997
2 27901 067.4974 243.9115 6229143 138.6321 290.9096 02.01119554 45006
0 COSMOS 1261 DEB
1 27901U 81031J   07353.97933384 -.00000756 +00000-0 +10000-3 0  9999
2 27901 067.4968 243.8421 6228834 138.6092 290.9035 02.01117939045029
0 COSMOS 1261 DEB
1 27901U 81031J   07354.97383157 -.00000716 +00000-0 +10000-3 0  9993
2 27901 067.4958 243.7732 6228549 138.5872 290.9371 02.01116364045046
0 COSMOS 1261 DEB
1 27901U 81031J   07355.96833581 -.00000682 +00000-0 +10000-3 0  9996
2 27901 067.4943 243.7043 6228307 138.5492 290.9727 02.01114814045060
0 COSMOS 1261 DEB
1 27901U 81031J   07357.95739458 -.00000647 +00000-0 +10000-3 0  9996
2 27901 067.4941 243.5648 6227690 138.5130 291.0571 02.01111817045104
0 COSMOS 1261 DEB
1 27901U 81031J   07358.95190980 -.00000648 +00000-0 +10000-3 0  9999
2 27901 067.4940 243.4952 6227367 138.4959 291.0808 02.01110364045120
0 COSMOS 1261 DEB
1 27901U 81031J   07359.94643136 -.00000655 +00000-0 +10000-3 0  9993
2 27901 067.4980 243.4235 6226961 138.4894 291.1024 02.01108956045142
0 COSMOS 1261 DEB
1 27901U 81031J   07360.94093500 -.00000663 +00000-0 +10000-3 0  9998
2 27901 067.4964 243.3538 6226691 138.4820 291.1059 02.01107573045162
0 COSMOS 1261 DEB
1 27901U 81031J   07361.93545061 -.00000665 +00000-0 +10000-3 0  9994
2 27901 067.4996 243.2822 6226276 138.4873 291.1113 02.01106238045189
0 COSMOS 1261 DEB
1 27901U 81031J   07364.91905600 -.00000591  00000-0  10000-3 0  9992
2 27901 067.4993 243.0736 6225293 138.4258 291.1541 02.01102435 45240
0 COSMOS 1261 DEB
1 27901U 81031J   07365.91362684 -.00000541 +00000-0 +10000-3 0  9997
2 27901 067.4986 243.0044 6224976 138.4014 291.1860 02.01101249045269
0 COSMOS 1261 DEB
1 27901U 81031J   08008.37306948 -.00000236  00000-0  10000-3 0  9994
2 27901 067.3771 242.5715 6222039 137.9123 291.5116 02.01094399 45414
0 COSMOS 1261 DEB
1 27901U 81031J   08008.37306948 -.00000236 +00000-0 +10000-3 0  9994
2 27901 067.3771 242.5715 6222039 137.9123 291.5116 02.01094399045414
0 COSMOS 1261 DEB
1 27901U 81031J   08037.21780023  .00000479  00000-0  10000-3 0  9997
2 27901 067.4956 240.4737 6212871 137.6242 292.5381 02.01090348 45991
0 COSMOS 1261 DEB
1 27901U 81031J   08042.19053252  .00000569  00000-0  10000-3 0  9997
2 27901 067.5122 240.1335 6211294 137.5133 292.5210 02.01099156 46093
0 COSMOS 1261 DEB
1 27901U 81031J   08046.16871437  .00000692  00000-0  10000-3 0  9998
2 27901 067.5070 239.8517 6209628 137.4374 292.5381 02.01102198 46175
0 COSMOS 1261 DEB
1 27901U 81031J   08046.66601338  .00000694  00000-0  10000-3 0  9996
2 27901 067.5139 239.8209 6208622 137.4623 292.4142 02.01098383 46184
0 COSMOS 1261 DEB
1 27901U 81031J   08049.64984443  .00000663  00000-0  10000-3 0  9994
2 27901 067.5147 239.6153 6207673 137.3956 292.5894 02.01101957 46246
0 COSMOS 1261 DEB
1 27901U 81031J   08050.14712348 +.00000654 +00000-0 +10000-3 0  9994
2 27901 067.5144 239.5807 6207450 137.3871 292.6003 02.01102516046253
0 COSMOS 1261 DEB
1 27901U 81031J   08053.13077094  .00000639  00000-0  10000-3 0  9991
2 27901 067.5160 239.3742 6206294 137.3223 292.6902 02.01106410 46315
0 COSMOS 1261 DEB
1 27901U 81031J   08054.62256251  .00000674  00000-0  10000-3 0  9999
2 27901 067.5092 239.2718 6205617 137.2952 292.7084 02.01108144 46348
0 COSMOS 1261 DEB
1 27901U 81031J   08055.61709952  .00000708  00000-0  10000-3 0  9998
2 27901 067.4965 239.2028 6205121 137.2805 292.7257 02.01109251 46361
0 COSMOS 1261 DEB
1 27901U 81031J   08058.60065971  .00000813  00000-0  10000-3 0  9993
2 27901 067.4934 238.9956 6203884 137.2200 292.8128 02.01113391 46421
0 COSMOS 1261 DEB
1 27901U 81031J   08061.58415188  .00000848  00000-0  10000-3 0  9991
2 27901 067.4938 238.7887 6202727 137.1568 292.9030 02.01117844 46483
0 COSMOS 1261 DEB
1 27901U 81031J   08062.57863162 +.00000843 +00000-0 +10000-3 0  9995
2 27901 067.4936 238.7198 6202292 137.1372 292.9290 02.01119350046501
0 COSMOS 1261 DEB
1 27901U 81031J   08066.55647271  .00000806  00000-0  10000-3 0  9997
2 27901 067.4929 238.4447 6200556 137.0574 293.0295 02.01125552 46587
0 COSMOS 1261 DEB
1 27901U 81031J   08067.55090967  .00000805  00000-0  10000-3 0  9991
2 27901 067.4999 238.3842 6200433 137.0662 293.0632 02.01128075 46605
0 COSMOS 1261 DEB
1 27901U 81031J   08068.54526254 +.00000811 +00000-0 +10000-3 0  9991
2 27901 067.5020 238.3161 6199942 137.0451 293.0327 02.01129660046627
0 COSMOS 1261 DEB
1 27901U 81031J   08069.53968306 +.00000824 +00000-0 +10000-3 0  9993
2 27901 067.5020 238.2474 6199587 137.0249 293.0581 02.01131265046641
0 COSMOS 1261 DEB
1 27901U 81031J   08071.03129851  .00000848  00000-0  10000-3 0  9991
2 27901 067.4994 238.1416 6199025 136.9972 293.0962 02.01133724 46671
0 COSMOS 1261 DEB
1 27901U 81031J   08071.52849506 +.00000856 +00000-0 +10000-3 0  9990
2 27901 067.5003 238.1069 6199162 136.9881 293.1067 02.01134511046681
0 COSMOS 1261 DEB
1 27901U 81031J   08072.52289545  .00000865  00000-0  10000-3 0  9992
2 27901 067.5030 238.0388 6199234 136.9697 293.1363 02.01136120 46709
0 COSMOS 1261 DEB
1 27901U 81031J   08073.51728945 +.00000863 +00000-0 +10000-3 0  9992
2 27901 067.5019 237.9688 6198818 136.9485 293.1644 02.01137728046728
0 COSMOS 1261 DEB
1 27901U 81031J   08074.01448540 +.00000857 +00000-0 +10000-3 0  9991
2 27901 067.5012 237.9338 6198723 136.9409 293.1808 02.01138571046734
0 COSMOS 1261 DEB
1 27901U 81031J   08074.51167135  .00000847  00000-0  10000-3 0  9993
2 27901 067.5026 237.8999 6199222 136.9368 293.1945 02.01139412 46748
0 COSMOS 1261 DEB
1 27901U 81031J   08075.50604157  .00000818  00000-0  10000-3 0  9991
2 27901 067.5029 237.8310 6198338 136.9116 293.2142 02.01141016 46761
0 COSMOS 1261 DEB
1 27901U 81031J   08076.50041247 +.00000779 +00000-0 +10000-3 0  9993
2 27901 067.5025 237.7618 6197883 136.8909 293.2432 02.01142655046784
0 COSMOS 1261 DEB
1 27901U 81031J   08077.49476981  .00000738  00000-0  10000-3 0  9994
2 27901 067.5030 237.6931 6198155 136.8773 293.2716 02.01144314 46801
0 COSMOS 1261 DEB
1 27901U 81031J   08078.48911389 +.00000701 +00000-0 +10000-3 0  9990
2 27901 067.5033 237.6243 6197759 136.8571 293.2933 02.01145957046822
0 COSMOS 1261 DEB
1 27901U 81031J   08079.48345391 +.00000673 +00000-0 +10000-3 0  9993
2 27901 067.5032 237.5557 6197175 136.8359 293.3166 02.01147589046848
0 COSMOS 1261 DEB
1 27901U 81031J   08080.47778587  .00000659  00000-0  10000-3 0  9995
2 27901 067.5035 237.4864 6196535 136.8162 293.3372 02.01149188 46860
0 COSMOS 1261 DEB
1 27901U 81031J   08081.47210949  .00000658  00000-0  10000-3 0  9998
2 27901 067.5042 237.4179 6196600 136.8018 293.3632 02.01150821 46887
0 COSMOS 1261 DEB
1 27901U 81031J   08082.46642176 +.00000666 +00000-0 +10000-3 0  9998
2 27901 067.5051 237.3491 6196103 136.7814 293.3840 02.01152427046902
0 COSMOS 1261 DEB
1 27901U 81031J   08083.46073150 +.00000680 +00000-0 +10000-3 0  9995
2 27901 067.5061 237.2804 6195620 136.7611 293.4089 02.01154022046929
0 COSMOS 1261 DEB
1 27901U 81031J   08083.95788440  .00000687  00000-0  10000-3 0  9991
2 27901 067.5039 237.2440 6195959 136.7608 293.4232 02.01154827 46935
0 COSMOS 1261 DEB
1 27901U 81031J   08085.44931921  .00000702  00000-0  10000-3 0  9999
2 27901 067.5031 237.1380 6195005 136.7353 293.4476 02.01157137 46968
0 COSMOS 1261 DEB
1 27901U 81031J   08086.44360014  .00000701  00000-0  10000-3 0  9998
2 27901 067.5026 237.0673 6193574 136.7132 293.4587 02.01158630 46984
0 COSMOS 1261 DEB
1 27901U 81031J   08086.94073914  .00000697  00000-0  10000-3 0  9997
2 27901 067.4986 237.0279 6190728 136.6931 293.4473 02.01159312 46997
0 COSMOS 1261 DEB
1 27901U 81031J   08088.43214931 +.00000670 +00000-0 +10000-3 0  9990
2 27901 067.5005 236.9262 6190275 136.6643 293.4868 02.01161592047023
0 COSMOS 1261 DEB
1 27901U 81031J   08089.42641392  .00000642  00000-0  10000-3 0  9994
2 27901 067.5030 236.8582 6189802 136.6453 293.5106 02.01163038 47043
0 COSMOS 1261 DEB
1 27901U 81031J   08090.42067158 +.00000608 +00000-0 +10000-3 0  9990
2 27901 067.5032 236.7898 6189428 136.6256 293.5377 02.01164506047062
0 COSMOS 1261 DEB
1 27901U 81031J   08091.41492053 +.00000573 +00000-0 +10000-3 0  9997
2 27901 067.5037 236.7215 6189083 136.6064 293.5633 02.01165941047085
0 COSMOS 1261 DEB
1 27901U 81031J   08092.40916153  .00000537  00000-0  10000-3 0  9999
2 27901 067.5019 236.6523 6188403 136.5781 293.5885 02.01167266 47100
0 COSMOS 1261 DEB
1 27901U 81031J   08093.40340786 +.00000504 +00000-0 +10000-3 0  9997
2 27901 067.5033 236.5842 6188118 136.5594 293.6214 02.01168617047124
0 COSMOS 1261 DEB
1 27901U 81031J   08094.39763408 +.00000476 +00000-0 +10000-3 0  9994
2 27901 067.5028 236.5149 6187622 136.5402 293.6415 02.01169900047146
0 COSMOS 1261 DEB
1 27901U 81031J   08095.39185486  .00000454  00000-0  10000-3 0  9995
2 27901 067.5041 236.4470 6187353 136.5211 293.6653 02.01171181 47166
0 COSMOS 1261 DEB
1 27901U 81031J   08096.38606980 +.00000439 +00000-0 +10000-3 0  9995
2 27901 067.5022 236.3767 6186868 136.5027 293.6848 02.01172363047189
0 COSMOS 1261 DEB
1 27901U 81031J   08097.38027908  .00000429  00000-0  10000-3 0  9992
2 27901 067.5019 236.3078 6186431 136.4831 293.7051 02.01173502 47204
0 COSMOS 1261 DEB
1 27901U 81031J   08097.87738579 +.00000425 +00000-0 +10000-3 0  9995
2 27901 067.5010 236.2730 6186087 136.4723 293.7168 02.01174024047216
0 COSMOS 1261 DEB
1 27901U 81031J   08098.87159000  .00000414  00000-0  10000-3 0  9990
2 27901 067.4997 236.2037 6185474 136.4450 293.7412 02.01175057 47236
0 COSMOS 1261 DEB
1 27901U 81031J   08099.36870397 +.00000407 +00000-0 +10000-3 0  9996
2 27901 067.5008 236.1701 6185379 136.4352 293.7642 02.01175601047243
0 COSMOS 1261 DEB
1 27901U 81031J   08100.36290031 +.00000384 +00000-0 +10000-3 0  9994
2 27901 067.5004 236.1016 6184863 136.4124 293.7881 02.01176603047262
0 COSMOS 1261 DEB
1 27901U 81031J   08100.86000355 +.00000368 +00000-0 +10000-3 0  9999
2 27901 067.4996 236.0669 6184652 136.4025 293.8066 02.01177129047271
0 COSMOS 1261 DEB
1 27901U 81031J   08101.85418961  .00000325  00000-0  10000-3 0  9998
2 27901 067.4978 236.0025 6184561 136.3892 293.8235 02.01178020 47298
0 COSMOS 1261 DEB
1 27901U 81031J   08102.35128452 +.00000299 +00000-0 +10000-3 0  9997
2 27901 067.4989 235.9687 6184454 136.3800 293.8380 02.01178498047304
0 COSMOS 1261 DEB
1 27901U 81031J   08103.34546518  .00000240  00000-0  10000-3 0  9990
2 27901 067.5018 235.8973 6183740 136.3510 293.8609 02.01179297 47324
0 COSMOS 1261 DEB
1 27901U 81031J   08103.84257036  .00000208  00000-0  10000-3 0  9993
2 27901 067.5027 235.8623 6183462 136.3394 293.8806 02.01179581 47333
0 COSMOS 1261 DEB
1 27901U 81031J   08104.83675244 +.00000143 +00000-0 +10000-3 0  9996
2 27901 067.5077 235.7940 6183154 136.3231 293.9062 02.01180300047355
0 COSMOS 1261 DEB
1 27901U 81031J   08105.33383854 +.00000112 +00000-0 +10000-3 0  9991
2 27901 067.5081 235.7594 6182905 136.3128 293.9187 02.01180695047369
0 COSMOS 1261 DEB
1 27901U 81031J   08105.83092259  .00000083  00000-0  10000-3 0  9999
2 27901 067.5075 235.7264 6182635 136.3010 293.9283 02.01181024 47371
0 COSMOS 1261 DEB
1 27901U 81031J   08107.32217747 +.00000016 +00000-0 +10000-3 0  9992
2 27901 067.5079 235.6224 6181769 136.2689 293.9676 02.01182038047404
0 COSMOS 1261 DEB
1 27901U 81031J   08108.31633789 -.00000012  00000-0  10000-3 0  9997
2 27901 067.5071 235.5544 6181322 136.2492 293.9909 02.01182689 47420
0 COSMOS 1261 DEB
1 27901U 81031J   08109.31049444 -.00000028 +00000-0 +10000-3 0  9994
2 27901 067.5066 235.4870 6180882 136.2296 294.0141 02.01183297047445
0 COSMOS 1261 DEB
1 27901U 81031J   08110.30464944 -.00000036 +00000-0 +10000-3 0  9990
2 27901 067.5071 235.4177 6180335 136.2093 294.0383 02.01183818047468
0 COSMOS 1261 DEB
1 27901U 81031J   08110.80172392 -.00000039  00000-0  10000-3 0  9991
2 27901 067.5064 235.3848 6180199 136.2003 294.0495 02.01184087 47477
0 COSMOS 1261 DEB
1 27901U 81031J   08112.29294913 -.00000050 +00000-0 +10000-3 0  9993
2 27901 067.5064 235.2823 6179466 136.1700 294.0864 02.01184747047504
0 COSMOS 1261 DEB
1 27901U 81031J   08113.28710014 -.00000065  00000-0  10000-3 0  9994
2 27901 067.5067 235.2137 6178937 136.1503 294.1137 02.01185107 47525
0 COSMOS 1261 DEB
1 27901U 81031J   08114.77831777 -.00000105 +00000-0 +10000-3 0  9994
2 27901 067.5066 235.1103 6178105 136.1204 294.1510 02.01185536047555
0 COSMOS 1261 DEB
1 27901U 81031J   08115.27538602 -.00000123 +00000-0 +10000-3 0  9991
2 27901 067.5065 235.0761 6177865 136.1103 294.1600 02.01185631047560
0 COSMOS 1261 DEB
1 27901U 81031J   08116.26953363 -.00000164  00000-0  10000-3 0  9991
2 27901 067.5065 235.0078 6177383 136.0903 294.1887 02.01185809 47589
0 COSMOS 1261 DEB
1 27901U 81031J   08116.76660255 -.00000186  00000-0  10000-3 0  9995
2 27901 067.5055 234.9705 6176689 136.0676 294.2096 02.01186301 47590
0 COSMOS 1261 DEB
1 27901U 81031J   08117.26367639 -.00000209  00000-0  10000-3 0  9997
2 27901 067.5068 234.9393 6176880 136.0691 294.2147 02.01185919 47600
0 COSMOS 1261 DEB
1 27901U 81031J   08118.25781889 -.00000257 +00000-0 +10000-3 0  9997
2 27901 067.5066 234.8710 6176408 136.0485 294.2384 02.01185917047620
0 COSMOS 1261 DEB
1 27901U 81031J   08119.74903262 -.00000327  00000-0  10000-3 0  9991
2 27901 067.5076 234.7670 6175607 136.0092 294.2880 02.01186275 47651
0 COSMOS 1261 DEB
1 27901U 81031J   08119.74903262 -.00000327 +00000-0 +10000-3 0  9991
2 27901 067.5076 234.7670 6175607 136.0092 294.2880 02.01186275047651
0 COSMOS 1261 DEB
1 27901U 81031J   08120.24610285 -.00000348 +00000-0 +10000-3 0  9991
2 27901 067.5077 234.7332 6175420 135.9992 294.2994 02.01186185047664
0 COSMOS 1261 DEB
1 27901U 81031J   08121.24024595 -.00000386 +00000-0 +10000-3 0  9997
2 27901 067.5076 234.6652 6174917 135.9756 294.3244 02.01185963047689
0 COSMOS 1261 DEB
1 27901U 81031J   08122.23437778 -.00000417  00000-0  10000-3 0  9993
2 27901 067.5080 234.5986 6174658 135.9669 294.3302 02.01185363 47700
0 COSMOS 1261 DEB
1 27901U 81031J   08123.22853130 -.00000440 +00000-0 +10000-3 0  9993
2 27901 067.5081 234.5301 6174188 135.9438 294.3603 02.01185025047725
0 COSMOS 1261 DEB
1 27901U 81031J   08124.22268248 -.00000456 +00000-0 +10000-3 0  9991
2 27901 067.5078 234.4618 6173695 135.9227 294.3871 02.01184633047742
0 COSMOS 1261 DEB
1 27901U 81031J   08124.71975627 -.00000463  00000-0  10000-3 0  9999
2 27901 067.5077 234.4275 6173443 135.9102 294.3985 02.01184397 47757
0 COSMOS 1261 DEB
1 27901U 81031J   08125.21683542 -.00000469 +00000-0 +10000-3 0  9993
2 27901 067.5078 234.3935 6173224 135.8997 294.4130 02.01184146047764
0 COSMOS 1261 DEB
1 27901U 81031J   08126.21098975 -.00000482 +00000-0 +10000-3 0  9999
2 27901 067.5068 234.3245 6172472 135.8755 294.4405 02.01183667047787
0 COSMOS 1261 DEB
1 27901U 81031J   08127.70223256 -.00000514  00000-0  10000-3 0  9992
2 27901 067.5070 234.2228 6171965 135.8427 294.4786 02.01182634 47811
0 COSMOS 1261 DEB
1 27901U 81031J   08128.19931814 -.00000530 +00000-0 +10000-3 0  9990
2 27901 067.5067 234.1887 6171682 135.8314 294.4953 02.01182301047826
0 COSMOS 1261 DEB
1 27901U 81031J   08129.19348273 -.00000571 +00000-0 +10000-3 0  9997
2 27901 067.5065 234.1205 6171196 135.8084 294.5201 02.01181547047842
0 COSMOS 1261 DEB
1 27901U 81031J   08130.18766054 -.00000623  00000-0  10000-3 0  9997
2 27901 067.5064 234.0523 6170718 135.7863 294.5511 02.01180717 47860
0 COSMOS 1261 DEB
1 27901U 81031J   08131.18183250 -.00000680 +00000-0 +10000-3 0  9992
2 27901 067.5057 233.9836 6170117 135.7601 294.5750 02.01179812047881
0 COSMOS 1261 DEB
1 27901U 81031J   08132.67311488 -.00000764  00000-0  10000-3 0  9996
2 27901 067.5059 233.8818 6169586 135.7289 294.6186 02.01178293 47912
0 COSMOS 1261 DEB
1 27901U 81031J   08133.17020995 -.00000787 +00000-0 +10000-3 0  9997
2 27901 067.5067 233.8482 6169630 135.7209 294.6313 02.01177734047922
0 COSMOS 1261 DEB
1 27901U 81031J   08134.16439969 -.00000824 +00000-0 +10000-3 0  9994
2 27901 067.5062 233.7798 6169056 135.6966 294.6570 02.01176650047940
0 COSMOS 1261 DEB
1 27901U 81031J   08135.65569729 -.00000851  00000-0  10000-3 0  9997
2 27901 067.5063 233.6779 6168358 135.6660 294.6962 02.01174920 47970
0 COSMOS 1261 DEB
1 27901U 81031J   08136.15279777 -.00000852 +00000-0 +10000-3 0  9995
2 27901 067.5063 233.6440 6168026 135.6535 294.7098 02.01174347047983
0 COSMOS 1261 DEB
1 27901U 81031J   08137.64411103 -.00000843 +00000-0 +10000-3 0  9991
2 27901 067.5064 233.5417 6167257 135.6214 294.7486 02.01172469048015
0 COSMOS 1261 DEB
1 27901U 81031J   08138.14121721 -.00000838  00000-0  10000-3 0  9995
2 27901 067.5066 233.5079 6167101 135.6114 294.7606 02.01171819 48021
0 COSMOS 1261 DEB
1 27901U 81031J   08139.13543717 -.00000828 +00000-0 +10000-3 0  9997
2 27901 067.5069 233.4400 6166600 135.5900 294.7876 02.01170509048042
0 COSMOS 1261 DEB
1 27901U 81031J   08140.62677704 -.00000821  00000-0  10000-3 0  9990
2 27901 067.5072 233.3381 6165892 135.5599 294.8262 02.01168463 48078
0 COSMOS 1261 DEB
1 27901U 81031J   08141.12389449 -.00000822 +00000-0 +10000-3 0  9993
2 27901 067.5073 233.3043 6165702 135.5494 294.8395 02.01167752048086
0 COSMOS 1261 DEB
1 27901U 81031J   08142.61525926 -.00000839 +00000-0 +10000-3 0  9998
2 27901 067.5075 233.2024 6165069 135.5197 294.8809 02.01165575048117
0 COSMOS 1261 DEB
1 27901U 81031J   08143.11238288 -.00000848  00000-0  10000-3 0  9996
2 27901 067.5077 233.1687 6164891 135.5094 294.8933 02.01164819 48120
0 COSMOS 1261 DEB
1 27901U 81031J   08143.60951120 -.00000858 +00000-0 +10000-3 0  9998
2 27901 067.5076 233.1347 6164662 135.4992 294.9086 02.01164075048139
0 COSMOS 1261 DEB
1 27901U 81031J   08145.59803258 -.00000902  00000-0  10000-3 0  9996
2 27901 067.5078 232.9994 6163862 135.4598 294.9608 02.01160987 48171
0 COSMOS 1261 DEB
1 27901U 81031J   08146.59230336 -.00000922 +00000-0 +10000-3 0  9990
2 27901 067.5080 232.9313 6163395 135.4381 294.9862 02.01159393048193
0 COSMOS 1261 DEB
1 27901U 81031J   08147.58658354 -.00000936 +00000-0 +10000-3 0  9999
2 27901 067.5080 232.8636 6162993 135.4181 295.0124 02.01157772048216
0 COSMOS 1261 DEB
1 27901U 81031J   08148.58086904 -.00000945  00000-0  10000-3 0  9996
2 27901 067.5080 232.7957 6162530 135.3962 295.0367 02.01156123 48234
0 COSMOS 1261 DEB
1 27901U 81031J   08150.56946747 -.00000937 +00000-0 +10000-3 0  9998
2 27901 067.5074 232.6604 6161724 135.3540 295.0869 02.01152760048275
0 COSMOS 1261 DEB
1 27901U 81031J   08151.56377889 -.00000922  00000-0  10000-3 0  9998
2 27901 067.5075 232.5925 6161281 135.3332 295.1117 02.01151051 48299
0 COSMOS 1261 DEB
1 27901U 81031J   08152.55809792 -.00000903 +00000-0 +10000-3 0  9990
2 27901 067.5074 232.5247 6160818 135.3120 295.1362 02.01149332048319
0 COSMOS 1261 DEB
1 27901U 81031J   08154.54676795 -.00000873  00000-0  10000-3 0  9992
2 27901 067.5076 232.3887 6159851 135.2671 295.1901 02.01145856 48354
0 COSMOS 1261 DEB
1 27901U 81031J   08155.04394045 -.00000871 +00000-0 +10000-3 0  9991
2 27901 067.5080 232.3546 6159550 135.2565 295.2040 02.01145005048361
0 COSMOS 1261 DEB
1 27901U 81031J   08155.54111238 -.00000871 +00000-0 +10000-3 0  9997
2 27901 067.5080 232.3207 6159330 135.2464 295.2144 02.01144115048376
0 COSMOS 1261 DEB
1 27901U 81031J   08157.52983200 -.00000900  00000-0  10000-3 0  9996
2 27901 067.5086 232.1855 6158337 135.2050 295.2659 02.01140604 48411
0 COSMOS 1261 DEB
1 27901U 81031J   08158.02701516 -.00000912 +00000-0 +10000-3 0  9993
2 27901 067.5086 232.1510 6158152 135.1951 295.2773 02.01139727048425
0 COSMOS 1261 DEB
1 27901U 81031J   08159.51858532 -.00000947 +00000-0 +10000-3 0  9997
2 27901 067.5092 232.0492 6157441 135.1617 295.3164 02.01137066048451
0 COSMOS 1261 DEB
1 27901U 81031J   08160.51297488 -.00000962  00000-0  10000-3 0  9993
2 27901 067.5091 231.9817 6156994 135.1406 295.3413 02.01135297 48470
0 COSMOS 1261 DEB
1 27901U 81031J   08161.50737278 -.00000964 +00000-0 +10000-3 0  9991
2 27901 067.5089 231.9142 6156593 135.1184 295.3666 02.01133535048491
0 COSMOS 1261 DEB
1 27901U 81031J   08162.50178180 -.00000951 +00000-0 +10000-3 0  9999
2 27901 067.5088 231.8465 6156139 135.0929 295.3943 02.01131778048517
0 COSMOS 1261 DEB
1 27901U 81031J   08163.49620477 -.00000924  00000-0  10000-3 0  9999
2 27901 067.5089 231.7788 6155685 135.0724 295.4237 02.01130015 48535
0 COSMOS 1261 DEB
1 27901U 81031J   08164.49062596 -.00000886 +00000-0 +10000-3 0  9999
2 27901 067.5096 231.7109 6155311 135.0576 295.4460 02.01128284048556
0 COSMOS 1261 DEB
1 27901U 81031J   08165.48505263 -.00000843 +00000-0 +10000-3 0  9995
2 27901 067.5113 231.6430 6154869 135.0361 295.4701 02.01126604048575
0 COSMOS 1261 DEB
1 27901U 81031J   08166.47949216 -.00000802  00000-0  10000-3 0  9990
2 27901 067.5116 231.5743 6154471 135.0197 295.4944 02.01124914 48593
0 COSMOS 1261 DEB
1 27901U 81031J   08167.47393449 -.00000765  00000-0  10000-3 0  9990
2 27901 067.5107 231.5058 6154145 135.0033 295.5193 02.01123309 48616
0 COSMOS 1261 DEB
1 27901U 81031J   08168.46838209 -.00000736 +00000-0 +10000-3 0  9996
2 27901 067.5126 231.4383 6153840 134.9872 295.5391 02.01121684048633
0 COSMOS 1261 DEB
1 27901U 81031J   08169.46284160 -.00000716  00000-0  10000-3 0  9996
2 27901 067.5120 231.3706 6153591 134.9668 295.5634 02.01120094 48657
0 COSMOS 1261 DEB
1 27901U 81031J   08170.45730630 -.00000703 +00000-0 +10000-3 0  9991
2 27901 067.5108 231.3017 6152957 134.9468 295.5880 02.01118563048674
0 COSMOS 1261 DEB
1 27901U 81031J   08170.45730630 -.00000703  00000-0  10000-3 0  9991
2 27901 067.5108 231.3017 6152957 134.9468 295.5880 02.01118563 48674
0 COSMOS 1261 DEB
1 27901U 81031J   08170.45731689 -.00000703 +00000-0 +10000-3 0  9996
2 27901 067.5123 231.3019 6152814 134.9460 295.5930 02.01118522048678
0 COSMOS 1261 DEB
1 27901U 81031J   08181.39699055 -.00000439  00000-0  10000-3 0  9997
2 27901 067.5123 230.5584 6147749 134.7230 295.8516 02.01102708 48896
0 COSMOS 1261 DEB
1 27901U 81031J   08182.88882856 -.00000400  00000-0  10000-3 0  9993
2 27901 067.5135 230.4693 6146382 134.6514 296.0011 02.01102295 48923
0 COSMOS 1261 DEB
1 27901U 81031J   08183.38602318 -.00000394  00000-0  10000-3 0  9994
2 27901 067.5177 230.4400 6145947 134.6308 295.9591 02.01101801 48936
0 COSMOS 1261 DEB
1 27901U 81031J   08184.38059346 -.00000390  00000-0  10000-3 0  9998
2 27901 067.5087 230.3650 6146328 134.6263 295.9974 02.01100894 48954
0 COSMOS 1261 DEB
1 27901U 81031J   08185.37513291 -.00000394 +00000-0 +10000-3 0  9996
2 27901 067.5054 230.2964 6146019 134.6033 296.0094 02.01099936048978
0 COSMOS 1261 DEB
1 27901U 81031J   08186.36970337 -.00000400 +00000-0 +10000-3 0  9992
2 27901 067.5053 230.2282 6145629 134.5872 296.0312 02.01098867048993
0 COSMOS 1261 DEB
1 27901U 81031J   08188.35885268 -.00000393  00000-0  10000-3 0  9992
2 27901 067.5057 230.0940 6144672 134.5455 296.0748 02.01096923 49030
0 COSMOS 1261 DEB
1 27901U 81031J   08196.31564308 -.00000056  00000-0  10000-3 0  9992
2 27901 067.5073 229.5553 6140785 134.3814 296.2806 02.01091182 49195
0 COSMOS 1261 DEB
1 27901U 81031J   08197.31024413 -.00000033 +00000-0 +10000-3 0  9996
2 27901 067.5079 229.4873 6140527 134.3654 296.2908 02.01090623049216
0 COSMOS 1261 DEB
1 27901U 81031J   08204.27259035  .00000103  00000-0  10000-3 0  9997
2 27901 067.5097 229.0215 6137042 134.2226 296.4322 02.01088124 49354
0 COSMOS 1261 DEB
1 27901U 81031J   08207.25650350  .00000226  00000-0  10000-3 0  9999
2 27901 067.5088 228.8228 6135426 134.1585 296.5153 02.01087798 49412
0 COSMOS 1261 DEB
1 27901U 81031J   08208.25115071  .00000266  00000-0  10000-3 0  9990
2 27901 067.5093 228.7561 6134876 134.1386 296.5386 02.01087678 49431
0 COSMOS 1261 DEB
1 27901U 81031J   08215.21353369  .00000304  00000-0  10000-3 0  9991
2 27901 067.5184 228.3001 6128794 133.9535 296.6874 02.01089031 49575
0 COSMOS 1261 DEB
1 27901U 81031J   08216.20821859  .00000316  00000-0  10000-3 0  9998
2 27901 067.4933 228.2186 6137185 134.0231 296.7702 02.01089159 49592
0 COSMOS 1261 DEB
1 27901U 81031J   08219.19204918  .00000425  00000-0  10000-3 0  9991
2 27901 067.5027 228.0187 6134103 133.9802 296.8044 02.01090572 49653
0 COSMOS 1261 DEB
1 27901U 81031J   08226.15422244  .00000610  00000-0  10000-3 0  9995
2 27901 067.5026 227.5497 6131893 133.8693 296.9433 02.01095899 49795
0 COSMOS 1261 DEB
1 27901U 81031J   08226.65148363  .00000612  00000-0  10000-3 0  9999
2 27901 067.5086 227.5235 6126910 133.7727 296.9393 02.01096442 49804
0 COSMOS 1261 DEB
1 27901U 81031J   08232.12167604  .00000682  00000-0  10000-3 0  9994
2 27901 067.5117 227.1569 6123212 133.6643 297.1126 02.01102254 49911
0 COSMOS 1261 DEB
1 27901U 81031J   08233.11619375  .00000711  00000-0  10000-3 0  9994
2 27901 067.5138 227.0899 6122329 133.6494 297.1126 02.01103483 49938
0 COSMOS 1261 DEB
1 27901U 81031J   08235.10525137 +.00000770 +00000-0 +10000-3 0  9992
2 27901 067.5138 226.9571 6121314 133.6124 297.1398 02.01105968049971
0 COSMOS 1261 DEB
1 27901U 81031J   08237.09429907  .00000802  00000-0  10000-3 0  9996
2 27901 067.5155 226.8237 6119986 133.5764 297.1788 02.01108578 50019
0 COSMOS 1261 DEB
1 27901U 81031J   08240.07781748  .00000765  00000-0  10000-3 0  9990
2 27901 067.5154 226.6230 6118861 133.5363 297.2413 02.01112966 50073
0 COSMOS 1261 DEB
1 27901U 81031J   08242.06675564 +.00000722 +00000-0 +10000-3 0  9992
2 27901 067.5157 226.4903 6117769 133.4974 297.2502 02.01115810050119
0 COSMOS 1261 DEB
1 27901U 81031J   08243.06123136  .00000714  00000-0  10000-3 0  9997
2 27901 067.5159 226.4240 6117232 133.4791 297.2671 02.01117271 50139
0 COSMOS 1261 DEB
1 27901U 81031J   08244.55292272  .00000726  00000-0  10000-3 0  9993
2 27901 067.5142 226.3228 6116803 133.4530 297.2932 02.01119588 50166
0 COSMOS 1261 DEB
1 27901U 81031J   08245.05015430 +.00000736 +00000-0 +10000-3 0  9999
2 27901 067.5143 226.2893 6116528 133.4436 297.3034 02.01120344050170
0 COSMOS 1261 DEB
1 27901U 81031J   08246.04461014 +.00000762 +00000-0 +10000-3 0  9991
2 27901 067.5160 226.2211 6115563 133.4205 297.3262 02.01121941050194
0 COSMOS 1261 DEB
1 27901U 81031J   08246.54182750  .00000776  00000-0  10000-3 0  9998
2 27901 067.5154 226.1863 6115086 133.3975 297.3352 02.01122753 50206
0 COSMOS 1261 DEB
1 27901U 81031J   08247.53628918  .00000806  00000-0  10000-3 0  9993
2 27901 067.5159 226.1214 6115033 133.3867 297.3683 02.01124341 50227
0 COSMOS 1261 DEB
1 27901U 81031J   08248.53071885 +.00000831 +00000-0 +10000-3 0  9997
2 27901 067.5159 226.0558 6114677 133.3683 297.3842 02.01125929050248
0 COSMOS 1261 DEB
1 27901U 81031J   08249.52514977 +.00000848 +00000-0 +10000-3 0  9999
2 27901 067.5158 225.9896 6114214 133.3436 297.4087 02.01127572050263
0 COSMOS 1261 DEB
1 27901U 81031J   08250.51958114  .00000854  00000-0  10000-3 0  9992
2 27901 067.5170 225.9242 6113982 133.3335 297.4349 02.01129180 50281
0 COSMOS 1261 DEB
1 27901U 81031J   08251.01677825 +.00000853 +00000-0 +10000-3 0  9994
2 27901 067.5167 225.8915 6113724 133.3247 297.4373 02.01129986050291
0 COSMOS 1261 DEB
1 27901U 81031J   08252.01118985  .00000846  00000-0  10000-3 0  9994
2 27901 067.5185 225.8257 6113461 133.3177 297.4573 02.01131613 50315
0 COSMOS 1261 DEB
1 27901U 81031J   08253.50276755  .00000824  00000-0  10000-3 0  9995
2 27901 067.5202 225.7268 6112858 133.2989 297.4706 02.01134063 50348
0 COSMOS 1261 DEB
1 27901U 81031J   08254.49715236  .00000807  00000-0  10000-3 0  9997
2 27901 067.5217 225.6624 6112765 133.2925 297.4858 02.01135716 50362
0 COSMOS 1261 DEB
1 27901U 81031J   08254.99432900 +.00000799 +00000-0 +10000-3 0  9996
2 27901 067.5231 225.6283 6112407 133.2889 297.4844 02.01136547050370
0 COSMOS 1261 DEB
1 27901U 81031J   08255.98869407  .00000786  00000-0  10000-3 0  9998
2 27901 067.5238 225.5616 6111820 133.2704 297.4964 02.01138199 50390
0 COSMOS 1261 DEB
1 27901U 81031J   08256.98305866  .00000777  00000-0  10000-3 0  9993
2 27901 067.5283 225.4929 6110937 133.2584 297.5173 02.01140003 50413
0 COSMOS 1261 DEB
1 27901U 81031J   08258.47456462 +.00000773 +00000-0 +10000-3 0  9994
2 27901 067.5291 225.3934 6110189 133.2311 297.5255 02.01142481050440
0 COSMOS 1261 DEB
1 27901U 81031J   08258.97173454 +.00000775 +00000-0 +10000-3 0  9998
2 27901 067.5290 225.3602 6109881 133.2206 297.5327 02.01143310050454
0 COSMOS 1261 DEB
1 27901U 81031J   08259.96607601  .00000781  00000-0  10000-3 0  9991
2 27901 067.5291 225.2937 6109276 133.1993 297.5526 02.01144964 50474
0 COSMOS 1261 DEB
1 27901U 81031J   08260.96040883 +.00000789 +00000-0 +10000-3 0  9994
2 27901 067.5292 225.2273 6108698 133.1779 297.5719 02.01146608050490
0 COSMOS 1261 DEB
1 27901U 81031J   08262.45189538  .00000799  00000-0  10000-3 0  9992
2 27901 067.5273 225.1260 6107479 133.1323 297.6105 02.01149151 50525
0 COSMOS 1261 DEB
1 27901U 81031J   08262.94906288  .00000799  00000-0  10000-3 0  9995
2 27901 067.5311 225.0924 6107364 133.1323 297.6236 02.01149936 50534
0 COSMOS 1261 DEB
1 27901U 81031J   08263.94336197  .00000791  00000-0  10000-3 0  9994
2 27901 067.5268 225.0247 6106313 133.0871 297.6499 02.01151700 50558
0 COSMOS 1261 DEB
1 27901U 81031J   08265.93198665 +.00000738 +00000-0 +10000-3 0  9992
2 27901 067.5249 224.8933 6105224 133.0391 297.7136 02.01154892050591
0 COSMOS 1261 DEB
1 27901U 81031J   08266.92627823  .00000696  00000-0  10000-3 0  9998
2 27901 067.5254 224.8276 6104746 133.0196 297.7369 02.01156452 50613
0 COSMOS 1261 DEB
1 27901U 81031J   08267.92055779 +.00000648 +00000-0 +10000-3 0  9991
2 27901 067.5245 224.7614 6104170 132.9920 297.7628 02.01158054050632
0 COSMOS 1261 DEB
1 27901U 81031J   08268.41770105  .00000625  00000-0  10000-3 0  9998
2 27901 067.5359 224.7314 6104916 133.0313 297.7489 02.01158596 50648
0 COSMOS 1261 DEB
1 27901U 81031J   08269.41193057  .00000583  00000-0  10000-3 0  9997
2 27901 067.5378 224.6671 6104640 133.0198 297.7345 02.01160058 50668
0 COSMOS 1261 DEB
1 27901U 81031J   08270.40618704 +.00000552 +00000-0 +10000-3 0  9995
2 27901 067.5411 224.6023 6104275 133.0097 297.7458 02.01161513050683
0 COSMOS 1261 DEB
1 27901U 81031J   08270.90330514  .00000541  00000-0  10000-3 0  9998
2 27901 067.5413 224.5693 6104003 132.9988 297.7492 02.01162254 50695
0 COSMOS 1261 DEB
1 27901U 81031J   08272.39467503 +.00000526 +00000-0 +10000-3 0  9995
2 27901 067.5432 224.4718 6103260 132.9737 297.7746 02.01164411050722
0 COSMOS 1261 DEB
1 27901U 81031J   08273.38890939  .00000528  00000-0  10000-3 0  9990
2 27901 067.5428 224.4062 6102730 132.9539 297.7909 02.01165824 50742
0 COSMOS 1261 DEB
1 27901U 81031J   08273.88602557 +.00000530 +00000-0 +10000-3 0  9995
2 27901 067.5429 224.3732 6102451 132.9429 297.8007 02.01166521050750
0 COSMOS 1261 DEB
1 27901U 81031J   08274.88025621  .00000533  00000-0  10000-3 0  9990
2 27901 067.5420 224.3067 6101732 132.9158 297.8223 02.01167850 50770
0 COSMOS 1261 DEB
1 27901U 81031J   08276.37159848 +.00000528 +00000-0 +10000-3 0  9999
2 27901 067.5475 224.2091 6100885 132.8865 297.8589 02.01169821050807
0 COSMOS 1261 DEB
1 27901U 81031J   08277.36581436  .00000513  00000-0  10000-3 0  9995
2 27901 067.5520 224.1458 6100519 132.8697 297.8797 02.01171099 50824
0 COSMOS 1261 DEB
1 27901U 81031J   08277.86291857 +.00000501 +00000-0 +10000-3 0  9992
2 27901 067.5520 224.1130 6100290 132.8606 297.8899 02.01171731050834
0 COSMOS 1261 DEB
1 27901U 81031J   08279.35422919 +.00000453 +00000-0 +10000-3 0  9999
2 27901 067.5538 224.0151 6099399 132.8284 297.9249 02.01173525050860
0 COSMOS 1261 DEB
1 27901U 81031J   08280.34842701  .00000413  00000-0  10000-3 0  9991
2 27901 067.5589 223.9527 6099175 132.8172 297.9449 02.01174701 50880
0 COSMOS 1261 DEB
1 27901U 81031J   08280.84551542  .00000392  00000-0  10000-3 0  9992
2 27901 067.5556 223.9184 6098610 132.7960 297.9525 02.01175230 50894
0 COSMOS 1261 DEB
1 27901U 81031J   08281.83971750  .00000351  00000-0  10000-3 0  9994
2 27901 067.5463 223.8487 6097339 132.7491 297.9893 02.01176223 50916
0 COSMOS 1261 DEB
1 27901U 81031J   08282.83393098 +.00000312 +00000-0 +10000-3 0  9995
2 27901 067.5477 223.7834 6096750 132.7271 298.0332 02.01177259050930
0 COSMOS 1261 DEB
1 27901U 81031J   08284.32519771  .00000263  00000-0  10000-3 0  9994
2 27901 067.5464 223.6844 6095830 132.6913 298.0669 02.01178689 50960
0 COSMOS 1261 DEB
1 27901U 81031J   08284.82228886  .00000249  00000-0  10000-3 0  9997
2 27901 067.5441 223.6510 6095424 132.6718 298.0824 02.01179097 50975
0 COSMOS 1261 DEB
1 27901U 81031J   08285.81646964 +.00000226 +00000-0 +10000-3 0  9993
2 27901 067.5429 223.5842 6094723 132.6464 298.1129 02.01179958050994
0 COSMOS 1261 DEB
1 27901U 81031J   08286.31355622  .00000217  00000-0  10000-3 0  9997
2 27901 067.5410 223.5503 6094302 132.6315 298.1266 02.01180356 51005
0 COSMOS 1261 DEB
1 27901U 81031J   08287.30772163  .00000201  00000-0  10000-3 0  9993
2 27901 067.5355 223.4819 6093325 132.5975 298.1505 02.01181085 51025
0 COSMOS 1261 DEB
1 27901U 81031J   08288.79897408 +.00000180 +00000-0 +10000-3 0  9993
2 27901 067.5362 223.3839 6092606 132.5666 298.1911 02.01182133051051
0 COSMOS 1261 DEB
1 27901U 81031J   08289.29605215  .00000173  00000-0  10000-3 0  9994
2 27901 067.5351 223.3498 6092153 132.5502 298.2024 02.01182436 51069
0 COSMOS 1261 DEB
1 27901U 81031J   08289.29605215 +.00000173 +00000-0 +10000-3 0  9994
2 27901 067.5351 223.3498 6092153 132.5502 298.2024 02.01182436051069
0 COSMOS 1261 DEB
1 27901U 81031J   08289.79313601 +.00000164 +00000-0 +10000-3 0  9994
2 27901 067.5350 223.3169 6091874 132.5383 298.2185 02.01182754051071
0 COSMOS 1261 DEB
1 27901U 81031J   08290.78728847  .00000140  00000-0  10000-3 0  9991
2 27901 067.5321 223.2498 6091004 132.5070 298.2411 02.01183300 51093
0 COSMOS 1261 DEB
1 27901U 81031J   08291.78145011  .00000105  00000-0  10000-3 0  9999
2 27901 067.5284 223.1823 6090078 132.4752 298.2728 02.01183789 51113
0 COSMOS 1261 DEB
1 27901U 81031J   08292.27853594  .00000083  00000-0  10000-3 0  9991
2 27901 067.5258 223.1477 6089525 132.4570 298.2922 02.01183985 51127
0 COSMOS 1261 DEB
1 27901U 81031J   08293.27269121  .00000031  00000-0  10000-3 0  9992
2 27901 067.5219 223.0797 6088541 132.4198 298.3227 02.01184344 51142
0 COSMOS 1261 DEB
1 27901U 81031J   08294.26685534 -.00000030 +00000-0 +10000-3 0  9992
2 27901 067.5203 223.0124 6087712 132.3956 298.3592 02.01184736051161
0 COSMOS 1261 DEB
1 27901U 81031J   08294.76392623 -.00000062 +00000-0 +10000-3 0  9996
2 27901 067.5203 222.9793 6087422 132.3841 298.3700 02.01184899051174
0 COSMOS 1261 DEB
1 27901U 81031J   08296.75220742 -.00000181  00000-0  10000-3 0  9991
2 27901 067.5244 222.8509 6086729 132.3509 298.4049 02.01185262 51210
0 COSMOS 1261 DEB
1 27901U 81031J   08297.24927666 -.00000205 +00000-0 +10000-3 0  9992
2 27901 067.5255 222.8190 6086517 132.3405 298.4131 02.01185290051222
0 COSMOS 1261 DEB
1 27901U 81031J   08298.24341727 -.00000243 +00000-0 +10000-3 0  9993
2 27901 067.5262 222.7536 6085964 132.3227 298.4346 02.01185410051244
0 COSMOS 1261 DEB
1 27901U 81031J   08299.73461886 -.00000275  00000-0  10000-3 0  9992
2 27901 067.5262 222.6511 6084566 132.2825 298.4629 02.01185409 51271
0 COSMOS 1261 DEB
1 27901U 81031J   08300.23168818 -.00000281 +00000-0 +10000-3 0  9996
2 27901 067.5256 222.6184 6084204 132.2709 298.4745 02.01185414051286
0 COSMOS 1261 DEB
1 27901U 81031J   08301.22582467 -.00000288 +00000-0 +10000-3 0  9993
2 27901 067.5265 222.5531 6083733 132.2525 298.4934 02.01185322051304
0 COSMOS 1261 DEB
1 27901U 81031J   08302.21996108 -.00000295  00000-0  10000-3 0  9992
2 27901 067.5267 222.4878 6083140 132.2301 298.5136 02.01185184 51326
0 COSMOS 1261 DEB
1 27901U 81031J   08303.21410249 -.00000306 +00000-0 +10000-3 0  9993
2 27901 067.5271 222.4223 6082502 132.2072 298.5374 02.01184987051347
0 COSMOS 1261 DEB
1 27901U 81031J   08304.20824376 -.00000325 +00000-0 +10000-3 0  9994
2 27901 067.5271 222.3573 6081927 132.1867 298.5594 02.01184714051369
0 COSMOS 1261 DEB
1 27901U 81031J   08305.20238771 -.00000353  00000-0  10000-3 0  9994
2 27901 067.5278 222.2920 6081419 132.1671 298.5827 02.01184378 51387
0 COSMOS 1261 DEB
1 27901U 81031J   08307.68775221 -.00000451  00000-0  10000-3 0  9993
2 27901 067.5281 222.1290 6080009 132.1147 298.6391 02.01183272 51437
0 COSMOS 1261 DEB
1 27901U 81031J   08308.18482698 -.00000473 +00000-0 +10000-3 0  9996
2 27901 067.5280 222.0960 6079667 132.1024 298.6525 02.01183031051444
0 COSMOS 1261 DEB
1 27901U 81031J   08309.17897931 -.00000514  00000-0  10000-3 0  9992
2 27901 067.5283 222.0306 6079098 132.0811 298.6771 02.01182462 51464
0 COSMOS 1261 DEB
1 27901U 81031J   08310.67021047 -.00000566 +00000-0 +10000-3 0  9993
2 27901 067.5283 221.9325 6078192 132.0487 298.7107 02.01181473051494
0 COSMOS 1261 DEB
1 27901U 81031J   08311.16728562 -.00000580  00000-0  10000-3 0  9990
2 27901 067.5292 221.8999 6077994 132.0387 298.7207 02.01181137 51508
0 COSMOS 1261 DEB
1 27901U 81031J   08312.16144413 -.00000603 +00000-0 +10000-3 0  9994
2 27901 067.5294 221.8346 6077482 132.0164 298.7417 02.01180361051524
0 COSMOS 1261 DEB
1 27901U 81031J   08313.15560571 -.00000619 +00000-0 +10000-3 0  9998
2 27901 067.5297 221.7691 6076867 131.9947 298.7627 02.01179541051545
0 COSMOS 1261 DEB
1 27901U 81031J   08314.14977279 -.00000628  00000-0  10000-3 0  9995
2 27901 067.5283 221.7053 6075773 131.9783 298.7876 02.01178833 51566
0 COSMOS 1261 DEB
1 27901U 81031J   08315.14391568 -.00000633 +00000-0 +10000-3 0  9993
2 27901 067.5287 221.6397 6075333 131.9558 298.7868 02.01177842051584
0 COSMOS 1261 DEB
1 27901U 81031J   08316.13809729 -.00000637 +00000-0 +10000-3 0  9990
2 27901 067.5290 221.5748 6074723 131.9357 298.8114 02.01176853051605
0 COSMOS 1261 DEB
1 27901U 81031J   08317.13227468 -.00000643  00000-0  10000-3 0  9992
2 27901 067.5271 221.5122 6074206 131.9078 298.8309 02.01175830 51628
0 COSMOS 1261 DEB
1 27901U 81031J   08320.11487744 -.00000707  00000-0  10000-3 0  9990
2 27901 067.5301 221.3136 6072785 131.8434 298.9062 02.01172201 51682
0 COSMOS 1261 DEB
1 27901U 81031J   08323.09752517 -.00000833  00000-0  10000-3 0  9993
2 27901 067.5307 221.1172 6071199 131.7815 298.9717 02.01168145 51742
0 COSMOS 1261 DEB
1 27901U 81031J   08325.08599523 -.00000889  00000-0  10000-3 0  9991
2 27901 067.5318 220.9852 6070007 131.7298 299.0185 02.01165214 51787
0 COSMOS 1261 DEB
1 27901U 81031J   08328.06875140 -.00000873  00000-0  10000-3 0  9997
2 27901 067.5328 220.7888 6068335 131.6629 299.0861 02.01160582 51844
0 COSMOS 1261 DEB
1 27901U 81031J   08329.06301816 -.00000854 +00000-0 +10000-3 0  9991
2 27901 067.5331 220.7236 6067836 131.6417 299.1084 02.01158987051861
0 COSMOS 1261 DEB
1 27901U 81031J   08330.55443197 -.00000830  00000-0  10000-3 0  9990
2 27901 067.5353 220.6246 6067112 131.6132 299.1405 02.01156545 51894
0 COSMOS 1261 DEB
1 27901U 81031J   08330.55443197 -.00000830 +00000-0 +10000-3 0  9990
2 27901 067.5353 220.6246 6067112 131.6132 299.1405 02.01156545051894
0 COSMOS 1261 DEB
1 27901U 81031J   08331.05157318 -.00000825 +00000-0 +10000-3 0  9997
2 27901 067.5351 220.5922 6066837 131.6025 299.1518 02.01155734051902
0 COSMOS 1261 DEB
1 27901U 81031J   08332.04586411 -.00000822 +00000-0 +10000-3 0  9994
2 27901 067.5348 220.5275 6066297 131.5812 299.1752 02.01154082051929
0 COSMOS 1261 DEB
1 27901U 81031J   08333.04016417 -.00000826  00000-0  10000-3 0  9993
2 27901 067.5357 220.4623 6065779 131.5608 299.1995 02.01152418 51944
0 COSMOS 1261 DEB
1 27901U 81031J   08334.03447135 -.00000836 +00000-0 +10000-3 0  9999
2 27901 067.5389 220.3959 6065284 131.5390 299.2228 02.01150728051963
0 COSMOS 1261 DEB
1 27901U 81031J   08336.02311489 -.00000860  00000-0  10000-3 0  9999
2 27901 067.5428 220.2658 6064352 131.4976 299.2725 02.01147317 52004
0 COSMOS 1261 DEB
1 27901U 81031J   08337.01744887 -.00000867 +00000-0 +10000-3 0  9998
2 27901 067.5450 220.1963 6063735 131.4712 299.3020 02.01145644052021
0 COSMOS 1261 DEB
1 27901U 81031J   08338.01179018 -.00000868  00000-0  10000-3 0  9998
2 27901 067.5428 220.1339 6063388 131.4493 299.3285 02.01143953 52049
0 COSMOS 1261 DEB
1 27901U 81031J   08339.00613902 -.00000861  00000-0  10000-3 0  9996
2 27901 067.5391 220.0693 6062816 131.4272 299.3561 02.01142278 52068
0 COSMOS 1261 DEB
1 27901U 81031J   08340.00048843 -.00000847 +00000-0 +10000-3 0  9998
2 27901 067.5396 220.0037 6062368 131.4021 299.3768 02.01140579052082
0 COSMOS 1261 DEB
1 27901U 81031J   08340.99485560 -.00000826  00000-0  10000-3 0  9994
2 27901 067.5396 219.9387 6061949 131.3751 299.4044 02.01138881 52104
0 COSMOS 1261 DEB
1 27901U 81031J   08341.98923479 -.00000800 +00000-0 +10000-3 0  9992
2 27901 067.5384 219.8742 6061427 131.3553 299.4343 02.01137204052128
0 COSMOS 1261 DEB
1 27901U 81031J   08342.98360677 -.00000772  00000-0  10000-3 0  9996
2 27901 067.5382 219.8086 6061395 131.2919 299.4611 02.01135516 52140
0 COSMOS 1261 DEB
1 27901U 81031J   08343.97807067 -.00000745 +00000-0 +10000-3 0  9995
2 27901 067.5377 219.7432 6060997 131.2695 299.5407 02.01133861052163
0 COSMOS 1261 DEB
1 27901U 81031J   08344.97246727 -.00000722  00000-0  10000-3 0  9991
2 27901 067.5374 219.6782 6060453 131.2520 299.5655 02.01132227 52183
0 COSMOS 1261 DEB
1 27901U 81031J   08345.96686042 -.00000707  00000-0  10000-3 0  9992
2 27901 067.5389 219.6117 6060189 131.2382 299.5813 02.01130597 52200
0 COSMOS 1261 DEB
1 27901U 81031J   08346.96126227 -.00000702  00000-0  10000-3 0  9992
2 27901 067.5475 219.5469 6058280 131.2464 299.6010 02.01129152 52222
0 COSMOS 1261 DEB
1 27901U 81031J   08347.95558952 -.00000707 +00000-0 +10000-3 0  9991
2 27901 067.5476 219.4815 6057717 131.2284 299.5569 02.01127525052243
0 COSMOS 1261 DEB
1 27901U 81031J   08348.95000993 -.00000719 +00000-0 +10000-3 0  9992
2 27901 067.5470 219.4163 6057237 131.2081 299.5746 02.01125909052268
0 COSMOS 1261 DEB
1 27901U 81031J   08349.94444353 -.00000732  00000-0  10000-3 0  9999
2 27901 067.5447 219.3513 6056780 131.1866 299.5952 02.01124282 52286
0 COSMOS 1261 DEB
1 27901U 81031J   08350.93888802 -.00000740 +00000-0 +10000-3 0  9990
2 27901 067.5453 219.2863 6056152 131.1705 299.6184 02.01122708052307
0 COSMOS 1261 DEB
1 27901U 81031J   08351.93332483 -.00000737  00000-0  10000-3 0  9996
2 27901 067.5423 219.2214 6055742 131.1505 299.6300 02.01121132 52328
0 COSMOS 1261 DEB
1 27901U 81031J   08352.92778127 -.00000721 +00000-0 +10000-3 0  9998
2 27901 067.5416 219.1567 6055129 131.1344 299.6509 02.01119602052342
0 COSMOS 1261 DEB
1 27901U 81031J   08353.92223249 -.00000692  00000-0  10000-3 0  9996
2 27901 067.5448 219.0894 6054710 131.0996 299.6654 02.01118089 52367
0 COSMOS 1261 DEB
1 27901U 81031J   08354.91672762 -.00000652 +00000-0 +10000-3 0  9990
2 27901 067.5448 219.0255 6054225 131.0769 299.7014 02.01116565052387
0 COSMOS 1261 DEB
1 27901U 81031J   08355.91121335 -.00000607 +00000-0 +10000-3 0  9996
2 27901 067.5437 218.9617 6053719 131.0558 299.7259 02.01115087052400
0 COSMOS 1261 DEB
1 27901U 81031J   08356.90570289 -.00000563  00000-0  10000-3 0  9993
2 27901 067.5420 218.8984 6053114 131.0444 299.7486 02.01113678 52429
0 COSMOS 1261 DEB
1 27901U 81031J   08357.90017882 -.00000524  00000-0  10000-3 0  9996
2 27901 067.5424 218.8334 6052422 131.0302 299.7582 02.01112315 52442
0 COSMOS 1261 DEB
1 27901U 81031J   08359.88917211 -.00000471  00000-0  10000-3 0  9991
2 27901 067.5450 218.7021 6051077 131.0019 299.7902 02.01109655 52486
0 COSMOS 1261 DEB
1 27901U 81031J   08360.88365978 -.00000457  00000-0  10000-3 0  9994
2 27901 067.5800 218.6174 6047181 131.3898 299.7211 02.01108504 52500
0 COSMOS 1261 DEB
1 27901U 81031J   08361.87742427 -.00000447  00000-0  10000-3 0  9991
2 27901 067.5833 218.5516 6046146 131.4146 299.1883 02.01107263 52524
0 COSMOS 1261 DEB
1 27901U 81031J   08362.87186519 -.00000438  00000-0  10000-3 0  9996
2 27901 067.6280 218.4602 6043313 131.6553 299.1049 02.01106135 52546
0 COSMOS 1261 DEB
1 27901U 81031J   08363.86590347 -.00000427  00000-0  10000-3 0  9992
2 27901 067.6145 218.4048 6043546 131.5300 298.7865 02.01104923 52563
0 COSMOS 1261 DEB
1 27901U 81031J   08364.86063858 -.00000410  00000-0  10000-3 0  9997
2 27901 067.6299 218.3320 6041963 131.6233 298.9325 02.01103831 52584
0 COSMOS 1261 DEB
1 27901U 81031J   08365.85496446 -.00000387  00000-0  10000-3 0  9993
2 27901 067.6161 218.2761 6042562 131.4585 298.8191 02.01102650 52605
0 COSMOS 1261 DEB
1 27901U 81031J   09002.83888836 -.00000280  00000-0  10000-3 0  9990
2 27901 067.6417 218.0742 6037079 131.8188 299.0129 02.01099802 52660
0 COSMOS 1261 DEB
1 27901U 81031J   09005.82177614 -.00000157  00000-0  10000-3 0  9990
2 27901 067.7463 217.8257 6031423 132.1491 298.4297 02.01097348 52727
0 COSMOS 1261 DEB
1 27901U 81031J   09014.77231228 -.00000044  00000-0  10000-3 0  9991
2 27901 067.7224 217.2501 6035393 131.0546 298.2732 02.01092225 52908
0 COSMOS 1261 DEB
1 27901U 81031J   09015.27126262 -.00000023  00000-0  10000-3 0  9995
2 27901 067.6795 217.2325 6037888 130.8756 299.4932 02.01091869 52914
0 COSMOS 1261 DEB
1 27901U 81031J   09022.23386230  .00000219  00000-0  10000-3 0  9998
2 27901 067.6777 216.7837 6034447 130.5543 299.6148 02.01077949 53055
0 COSMOS 1261 DEB
1 27901U 81031J   09022.23430956  .00000000  00000-0  10000-3 0  9991
2 27901 067.9014 216.6626 6037239 130.4801 300.2643 02.01090332 53066
0 COSMOS 1261 DEB
1 27901U 81031J   09029.69403587  .00000000  00000-0  10000-3 0  9998
2 27901 067.5471 216.4034 6032442 130.2413 300.5244 02.01091135 53217
0 COSMOS 1261 DEB
1 27901U 81031J   09029.69461203  .00000376  00000-0  10000-3 0  9993
2 27901 067.5397 216.3853 6030792 130.2519 300.9494 02.01091234 53205
0 COSMOS 1261 DEB
1 27901U 81031J   09030.19131363 +.00000396 +00000-0 +10000-3 0  9993
2 27901 067.5304 216.3621 6030413 130.2406 300.5256 02.01091432053214
0 COSMOS 1261 DEB
1 27901U 81031J   09032.18050559  .00000473  00000-0  10000-3 0  9997
2 27901 067.5296 216.2356 6029184 130.1986 300.5618 02.01092333 53250
0 COSMOS 1261 DEB
1 27901U 81031J   09039.14259843  .00000521  00000-0  10000-3 0  9991
2 27901 067.5287 215.7898 6024880 130.0510 300.6971 02.01096947 53398
0 COSMOS 1261 DEB
1 27901U 81031J   09039.63988236 +.00000519 +00000-0 +10000-3 0  9997
2 27901 067.5287 215.7578 6024581 130.0404 300.7056 02.01097363053403
0 COSMOS 1261 DEB
1 27901U 81031J   09040.63444799 +.00000523 +00000-0 +10000-3 0  9995
2 27901 067.5306 215.6940 6024414 130.0187 300.7201 02.01098182053424
0 COSMOS 1261 DEB
1 27901U 81031J   09042.62357941  .00000567  00000-0  10000-3 0  9996
2 27901 067.5306 215.5667 6023188 129.9762 300.7646 02.01100020 53464
0 COSMOS 1261 DEB
1 27901U 81031J   09044.61267912 +.00000640 +00000-0 +10000-3 0  9997
2 27901 067.5325 215.4386 6022026 129.9340 300.7993 02.01102011053506
0 COSMOS 1261 DEB
1 27901U 81031J   09046.60176463  .00000702  00000-0  10000-3 0  9997
2 27901 067.5323 215.3126 6020830 129.9008 300.8262 02.01103951 53545
0 COSMOS 1261 DEB
1 27901U 81031J   09047.59630252 +.00000720 +00000-0 +10000-3 0  9997
2 27901 067.5345 215.2485 6020334 129.8796 300.8511 02.01105133053561
0 COSMOS 1261 DEB
1 27901U 81031J   09048.59083167 +.00000728 +00000-0 +10000-3 0  9993
2 27901 067.5358 215.1847 6019833 129.8585 300.8734 02.01106341053585
0 COSMOS 1261 DEB
1 27901U 81031J   09049.08809364  .00000729  00000-0  10000-3 0  9994
2 27901 067.5362 215.1532 6019542 129.8480 300.8831 02.01106939 53594
0 COSMOS 1261 DEB
1 27901U 81031J   09049.58535556 +.00000728 +00000-0 +10000-3 0  9997
2 27901 067.5371 215.1213 6019391 129.8377 300.8968 02.01107590053604
0 COSMOS 1261 DEB
1 27901U 81031J   09051.57438470  .00000720  00000-0  10000-3 0  9998
2 27901 067.5371 214.9951 6018128 129.7954 300.9376 02.01110094 53648
0 COSMOS 1261 DEB
1 27901U 81031J   09052.56889010 +.00000719 +00000-0 +10000-3 0  9996
2 27901 067.5369 214.9313 6017555 129.7760 300.9584 02.01111399053667
0 COSMOS 1261 DEB
1 27901U 81031J   09053.56338528  .00000723  00000-0  10000-3 0  9995
2 27901 067.5383 214.8657 6017237 129.7616 300.9833 02.01112835 53685
0 COSMOS 1261 DEB
1 27901U 81031J   09054.55785886 +.00000733 +00000-0 +10000-3 0  9999
2 27901 067.5396 214.8011 6016643 129.7417 300.9919 02.01114207053705
0 COSMOS 1261 DEB
1 27901U 81031J   09055.55233703 +.00000748 +00000-0 +10000-3 0  9992
2 27901 067.5400 214.7372 6016043 129.7217 301.0086 02.01115604053723
0 COSMOS 1261 DEB
1 27901U 81031J   09056.54680774  .00000769  00000-0  10000-3 0  9999
2 27901 067.5403 214.6735 6015470 129.7019 301.0254 02.01117034 53749
0 COSMOS 1261 DEB
1 27901U 81031J   09057.54127003  .00000792  00000-0  10000-3 0  9997
2 27901 067.5411 214.6100 6015334 129.6830 301.0486 02.01118570 53768
0 COSMOS 1261 DEB
1 27901U 81031J   09058.53572197  .00000817  00000-0  10000-3 0  9993
2 27901 067.5417 214.5463 6015186 129.6672 301.0673 02.01120106 53782
0 COSMOS 1261 DEB
1 27901U 81031J   09059.53016409 +.00000838 +00000-0 +10000-3 0  9996
2 27901 067.5419 214.4827 6014622 129.6473 301.0797 02.01121604053804
0 COSMOS 1261 DEB
1 27901U 81031J   09060.52460476  .00000854  00000-0  10000-3 0  9992
2 27901 067.5457 214.4228 6010891 129.6209 301.0861 02.01123616 53821
0 COSMOS 1261 DEB
1 27901U 81031J   09061.51899678 +.00000861 +00000-0 +10000-3 0  9990
2 27901 067.5450 214.3579 6010329 129.5983 301.0751 02.01125144053844
0 COSMOS 1261 DEB
1 27901U 81031J   09062.51342599 +.00000857 +00000-0 +10000-3 0  9991
2 27901 067.5455 214.2943 6009789 129.5776 301.0954 02.01126680053864
0 COSMOS 1261 DEB
1 27901U 81031J   09063.50784647 +.00000843 +00000-0 +10000-3 0  9990
2 27901 067.5450 214.2299 6009315 129.5579 301.1150 02.01128230053883
0 COSMOS 1261 DEB
1 27901U 81031J   09063.50784654  .00000843  00000-0  10000-3 0  9998
2 27901 067.5451 214.2300 6009259 129.5570 301.1149 02.01128228 53880
0 COSMOS 1261 DEB
1 27901U 81031J   09065.49666134  .00000792  00000-0  10000-3 0  9993
2 27901 067.5454 214.1028 6008491 129.5193 301.1528 02.01131381 53927
0 COSMOS 1261 DEB
1 27901U 81031J   09066.49105716 +.00000767 +00000-0 +10000-3 0  9990
2 27901 067.5457 214.0394 6007950 129.4985 301.1714 02.01132973053949
0 COSMOS 1261 DEB
1 27901U 81031J   09067.48544350 +.00000749 +00000-0 +10000-3 0  9991
2 27901 067.5458 213.9761 6007356 129.4773 301.1885 02.01134573053960
0 COSMOS 1261 DEB
1 27901U 81031J   09068.47982113  .00000741  00000-0  10000-3 0  9996
2 27901 067.5460 213.9129 6006775 129.4562 301.2053 02.01136183 53980
0 COSMOS 1261 DEB
1 27901U 81031J   09069.47419013 +.00000745 +00000-0 +10000-3 0  9995
2 27901 067.5461 213.8497 6006199 129.4351 301.2223 02.01137809054003
0 COSMOS 1261 DEB
1 27901U 81031J   09070.46855046 +.00000758 +00000-0 +10000-3 0  9990
2 27901 067.5438 213.7842 6005674 129.4154 301.2390 02.01139438054025
0 COSMOS 1261 DEB
1 27901U 81031J   09071.46290165  .00000776  00000-0  10000-3 0  9996
2 27901 067.5422 213.7188 6006190 129.4061 301.2612 02.01141127 54049
0 COSMOS 1261 DEB
1 27901U 81031J   09072.45723949 +.00000792 +00000-0 +10000-3 0  9995
2 27901 067.5422 213.6556 6005699 129.3855 301.2740 02.01142763054061
0 COSMOS 1261 DEB
1 27901U 81031J   09073.45157838 +.00000801 +00000-0 +10000-3 0  9995
2 27901 067.5422 213.5922 6005280 129.3652 301.2943 02.01144406054081
0 COSMOS 1261 DEB
1 27901U 81031J   09074.44591011  .00000802  00000-0  10000-3 0  9991
2 27901 067.5423 213.5290 6004890 129.3453 301.3155 02.01146048 54108
0 COSMOS 1261 DEB
1 27901U 81031J   09074.44592187  .00000000  00000-0  10000-3 0  9996
2 27901 067.5402 213.5346 6011219 129.3579 301.3616 02.01146277 54105
0 COSMOS 1261 DEB
1 27901U 81031J   09075.44023422  .00000792  00000-0  10000-3 0  9996
2 27901 067.5422 213.4655 6004896 129.3283 301.3403 02.01147711 54124
0 COSMOS 1261 DEB
1 27901U 81031J   09076.43454939 +.00000774 +00000-0 +10000-3 0  9997
2 27901 067.5421 213.4024 6004459 129.3079 301.3611 02.01149340054144
0 COSMOS 1261 DEB
1 27901U 81031J   09077.42885846 +.00000749 +00000-0 +10000-3 0  9994
2 27901 067.5404 213.3378 6003912 129.2862 301.3832 02.01150957054161
0 COSMOS 1261 DEB
1 27901U 81031J   09078.42315967  .00000723  00000-0  10000-3 0  9999
2 27901 067.5419 213.2753 6003538 129.2659 301.4062 02.01152578 54180
0 COSMOS 1261 DEB
1 27901U 81031J   09079.41745224 +.00000698 +00000-0 +10000-3 0  9993
2 27901 067.5438 213.2134 6003029 129.2442 301.4277 02.01154175054205
0 COSMOS 1261 DEB
1 27901U 81031J   09080.41173738  .00000677  00000-0  10000-3 0  9997
2 27901 067.5481 213.1533 6002934 129.2248 301.4513 02.01155749 54226
0 COSMOS 1261 DEB
1 27901U 81031J   09081.40601570 +.00000663 +00000-0 +10000-3 0  9992
2 27901 067.5487 213.0901 6002673 129.2057 301.4747 02.01157315054240
0 COSMOS 1261 DEB
1 27901U 81031J   09081.90314971  .00000657  00000-0  10000-3 0  9996
2 27901 067.5429 213.0519 5996568 129.1451 301.4525 02.01157980 54255
0 COSMOS 1261 DEB
1 27901U 81031J   09083.39455612 +.00000649 +00000-0 +10000-3 0  9990
2 27901 067.5437 212.9574 5995624 129.1123 301.4902 02.01160261054289
0 COSMOS 1261 DEB
1 27901U 81031J   09084.38880751  .00000649  00000-0  10000-3 0  9996
2 27901 067.5469 212.8953 5995081 129.0963 301.5056 02.01161778 54300
0 COSMOS 1261 DEB
1 27901U 81031J   09085.38304526 +.00000650 +00000-0 +10000-3 0  9990
2 27901 067.5472 212.8325 5994480 129.0748 301.5184 02.01163241054321
0 COSMOS 1261 DEB
1 27901U 81031J   09086.37727961 +.00000650 +00000-0 +10000-3 0  9992
2 27901 067.5485 212.7702 5994050 129.0570 301.5328 02.01164672054340
0 COSMOS 1261 DEB
1 27901U 81031J   09087.37151067  .00000645  00000-0  10000-3 0  9995
2 27901 067.5489 212.7073 5993489 129.0356 301.5505 02.01166070 54365
0 COSMOS 1261 DEB
1 27901U 81031J   09087.86862497 +.00000639 +00000-0 +10000-3 0  9998
2 27901 067.5488 212.6739 5992454 129.0283 301.5518 02.01166773054377
0 COSMOS 1261 DEB
1 27901U 81031J   09088.36572710  .00000632  00000-0  10000-3 0  9993
2 27901 067.5495 212.6427 5992284 129.0185 301.5536 02.01167438 54381
0 COSMOS 1261 DEB
1 27901U 81031J   09090.35414581  .00000575  00000-0  10000-3 0  9992
2 27901 067.5488 212.5138 5991018 128.9860 301.5756 02.01170095 54425
0 COSMOS 1261 DEB
1 27901U 81031J   09091.34835524  .00000532  00000-0  10000-3 0  9999
2 27901 067.5453 212.4471 5989714 128.9639 301.5893 02.01171330 54447
0 COSMOS 1261 DEB
1 27901U 81031J   09092.83964618  .00000457  00000-0  10000-3 0  9997
2 27901 067.5415 212.3494 5988325 128.9324 301.6055 02.01173109 54477
0 COSMOS 1261 DEB
1 27901U 81031J   09092.83964618 +.00000457 +00000-0 +10000-3 0  9997
2 27901 067.5415 212.3494 5988325 128.9324 301.6055 02.01173109054477
0 COSMOS 1261 DEB
1 27901U 81031J   09093.33674516 +.00000433 +00000-0 +10000-3 0  9992
2 27901 067.5424 212.3186 5988195 128.9212 301.6166 02.01173667054489
0 COSMOS 1261 DEB
1 27901U 81031J   09094.33093606 +.00000388 +00000-0 +10000-3 0  9997
2 27901 067.5414 212.2550 5987597 128.8996 301.6345 02.01174757054508
0 COSMOS 1261 DEB
1 27901U 81031J   09094.82803163  .00000369  00000-0  10000-3 0  9997
2 27901 067.5312 212.2163 5986661 128.8723 301.6502 02.01175276 54517
0 COSMOS 1261 DEB
1 27901U 81031J   09095.32513270  .00000353  00000-0  10000-3 0  9993
2 27901 067.5395 212.1907 5987063 128.8769 301.6619 02.01175805 54528
0 COSMOS 1261 DEB
1 27901U 81031J   09096.31930027 +.00000329 +00000-0 +10000-3 0  9999
2 27901 067.5406 212.1288 5986511 128.8557 301.6707 02.01176810054542
0 COSMOS 1261 DEB
1 27901U 81031J   09096.81639018 +.00000321 +00000-0 +10000-3 0  9992
2 27901 067.5411 212.0976 5986247 128.8458 301.6807 02.01177288054559
0 COSMOS 1261 DEB
1 27901U 81031J   09097.81055833  .00000311  00000-0  10000-3 0  9999
2 27901 067.5420 212.0352 5985701 128.8247 301.6955 02.01178225 54575
0 COSMOS 1261 DEB
1 27901U 81031J   09098.30764441 +.00000307 +00000-0 +10000-3 0  9991
2 27901 067.5432 212.0052 5985780 128.8137 301.7069 02.01178638054586
0 COSMOS 1261 DEB
1 27901U 81031J   09099.30181417 +.00000301 +00000-0 +10000-3 0  9992
2 27901 067.5440 211.9423 5984974 128.7920 301.7282 02.01179553054605
0 COSMOS 1261 DEB
1 27901U 81031J   09100.29597496  .00000291  00000-0  10000-3 0  9999
2 27901 067.5451 211.8798 5984386 128.7697 301.7463 02.01180367 54627
0 COSMOS 1261 DEB
1 27901U 81031J   09101.29013186 +.00000272 +00000-0 +10000-3 0  9998
2 27901 067.5459 211.8176 5983851 128.7494 301.7646 02.01181145054646
0 COSMOS 1261 DEB
1 27901U 81031J   09102.78136776  .00000227  00000-0  10000-3 0  9994
2 27901 067.5498 211.7250 5983124 128.7188 301.7952 02.01182132 54674
0 COSMOS 1261 DEB
1 27901U 81031J   09103.27844535 +.00000208 +00000-0 +10000-3 0  9997
2 27901 067.5497 211.6936 5982810 128.7083 301.8073 02.01182481054681
0 COSMOS 1261 DEB
1 27901U 81031J   09104.76966542 +.00000141 +00000-0 +10000-3 0  9991
2 27901 067.5521 211.6015 5982019 128.6809 301.8360 02.01183409054717
0 COSMOS 1261 DEB
1 27901U 81031J   09105.26673472  .00000118  00000-0  10000-3 0  9998
2 27901 067.5518 211.5698 5981628 128.6701 301.8447 02.01183711 54728
0 COSMOS 1261 DEB
1 27901U 81031J   09106.26087495 +.00000073 +00000-0 +10000-3 0  9993
2 27901 067.5524 211.5074 5981037 128.6506 301.8639 02.01184240054743
0 COSMOS 1261 DEB
1 27901U 81031J   09107.75207736  .00000014  00000-0  10000-3 0  9995
2 27901 067.5531 211.4141 5980007 128.6170 301.8922 02.01184942 54775
0 COSMOS 1261 DEB
1 27901U 81031J   09107.75207736 +.00000014 +00000-0 +10000-3 0  9995
2 27901 067.5531 211.4141 5980007 128.6170 301.8922 02.01184942054775
0 COSMOS 1261 DEB
1 27901U 81031J   09108.24914494 -.00000003 +00000-0 +10000-3 0  9995
2 27901 067.5530 211.3827 5979686 128.6064 301.9020 02.01185138054786
0 COSMOS 1261 DEB
1 27901U 81031J   09109.24327747 -.00000030 +00000-0 +10000-3 0  9995
2 27901 067.5533 211.3202 5979030 128.5835 301.9212 02.01185479054808
0 COSMOS 1261 DEB
1 27901U 81031J   09110.73447521 -.00000060  00000-0  10000-3 0  9997
2 27901 067.5529 211.2258 5977981 128.5473 301.9515 02.01185867 54834
0 COSMOS 1261 DEB
1 27901U 81031J   09111.23154044 -.00000068 +00000-0 +10000-3 0  9996
2 27901 067.5529 211.1945 5977667 128.5363 301.9612 02.01185964054842
0 COSMOS 1261 DEB
1 27901U 81031J   09112.22566798 -.00000081 +00000-0 +10000-3 0  9994
2 27901 067.5527 211.1318 5976996 128.5123 301.9789 02.01186098054868
0 COSMOS 1261 DEB
1 27901U 81031J   09113.21979644 -.00000094  00000-0  10000-3 0  9996
2 27901 067.5533 211.0695 5976471 128.4916 301.9968 02.01186165 54885
0 COSMOS 1261 DEB
1 27901U 81031J   09114.21392583 -.00000109 +00000-0 +10000-3 0  9995
2 27901 067.5534 211.0069 5975852 128.4691 302.0160 02.01186170054908
0 COSMOS 1261 DEB
1 27901U 81031J   09115.70512132 -.00000142  00000-0  10000-3 0  9991
2 27901 067.5535 210.9132 5974926 128.4361 302.0447 02.01186051 54932
0 COSMOS 1261 DEB
1 27901U 81031J   09116.20218727 -.00000157 +00000-0 +10000-3 0  9996
2 27901 067.5525 210.8812 5974496 128.4213 302.0561 02.01185981054942
0 COSMOS 1261 DEB
1 27901U 81031J   09117.19632097 -.00000195  00000-0  10000-3 0  9997
2 27901 067.5517 210.8177 5973762 128.3942 302.0779 02.01185772 54961
0 COSMOS 1261 DEB
1 27901U 81031J   09117.69339411 -.00000217  00000-0  10000-3 0  9991
2 27901 067.5493 210.7845 5973214 128.3750 302.0947 02.01185645 54971
0 COSMOS 1261 DEB
1 27901U 81031J   09118.19046800 -.00000242 +00000-0 +10000-3 0  9992
2 27901 067.5490 210.7530 5972847 128.3621 302.1106 02.01185510054987
0 COSMOS 1261 DEB
1 27901U 81031J   09119.18460325 -.00000295  00000-0  10000-3 0  9992
2 27901 067.5480 210.6898 5972103 128.3354 302.1313 02.01185172 55008
0 COSMOS 1261 DEB
1 27901U 81031J   09120.67581783 -.00000376  00000-0  10000-3 0  9990
2 27901 067.5456 210.5943 5970852 128.2919 302.1681 02.01184525 55038
0 COSMOS 1261 DEB
1 27901U 81031J   09120.67586369  .00000000  00000-0  10000-3 0  9998
2 27901 067.5590 210.6048 5971747 128.2637 302.1947 02.01184529 55034
0 COSMOS 1261 DEB
1 27901U 81031J   09121.17289404 -.00000401 +00000-0 +10000-3 0  9990
2 27901 067.5456 210.5631 5970509 128.2794 302.1835 02.01184294055047
0 COSMOS 1261 DEB
1 27901U 81031J   09122.66410937 -.00000459 +00000-0 +10000-3 0  9995
2 27901 067.5463 210.4701 5969498 128.2446 302.2103 02.01183405055076
0 COSMOS 1261 DEB
1 27901U 81031J   09123.16118214 -.00000473  00000-0  10000-3 0  9990
2 27901 067.5485 210.4408 5969547 128.2410 302.2175 02.01183069 55086
0 COSMOS 1261 DEB
1 27901U 81031J   09124.15532304 -.00000491 +00000-0 +10000-3 0  9990
2 27901 067.5493 210.3800 5969108 128.2243 302.2304 02.01182416055109
0 COSMOS 1261 DEB
1 27901U 81031J   09125.64654505 -.00000502  00000-0  10000-3 0  9996
2 27901 067.5503 210.2854 5968126 128.1903 302.2543 02.01181280 55136
0 COSMOS 1261 DEB
1 27901U 81031J   09126.14362294 -.00000504 +00000-0 +10000-3 0  9995
2 27901 067.5503 210.2543 5967790 128.1784 302.2647 02.01180893055149
0 COSMOS 1261 DEB
1 27901U 81031J   09127.63486073 -.00000513 +00000-0 +10000-3 0  9992
2 27901 067.5505 210.1602 5966798 128.1457 302.2924 02.01179608055173
0 COSMOS 1261 DEB
1 27901U 81031J   09128.13194228 -.00000519  00000-0  10000-3 0  9992
2 27901 067.5511 210.1294 5966552 128.1354 302.3017 02.01179150 55188
0 COSMOS 1261 DEB
1 27901U 81031J   09129.12611049 -.00000537 +00000-0 +10000-3 0  9997
2 27901 067.5511 210.0667 5965905 128.1135 302.3218 02.01178193055201
0 COSMOS 1261 DEB
1 27901U 81031J   09130.61737498 -.00000578  00000-0  10000-3 0  9995
2 27901 067.5523 209.9739 5965266 128.0863 302.3527 02.01176635 55233
0 COSMOS 1261 DEB
1 27901U 81031J   09131.11446369 -.00000595 +00000-0 +10000-3 0  9994
2 27901 067.5522 209.9430 5964956 128.0760 302.3623 02.01176109055245
0 COSMOS 1261 DEB
1 27901U 81031J   09132.60573858 -.00000647 +00000-0 +10000-3 0  9991
2 27901 067.5529 209.8502 5964105 128.0473 302.3933 02.01174485055270
0 COSMOS 1261 DEB
1 27901U 81031J   09133.10283003 -.00000664  00000-0  10000-3 0  9996
2 27901 067.5529 209.8192 5963774 128.0358 302.4012 02.01173906 55285
0 COSMOS 1261 DEB
1 27901U 81031J   09133.59992745 -.00000679 +00000-0 +10000-3 0  9995
2 27901 067.5530 209.7882 5963461 128.0261 302.4139 02.01173348055299
0 COSMOS 1261 DEB
1 27901U 81031J   09135.58832032 -.00000723  00000-0  10000-3 0  9998
2 27901 067.5533 209.6642 5962353 127.9857 302.4517 02.01170903 55332
0 COSMOS 1261 DEB
1 27901U 81031J   09136.58252615 -.00000733 +00000-0 +10000-3 0  9993
2 27901 067.5534 209.6020 5961798 127.9645 302.4708 02.01169611055358
0 COSMOS 1261 DEB
1 27901U 81031J   09137.57673871 -.00000736 +00000-0 +10000-3 0  9997
2 27901 067.5535 209.5398 5961241 127.9433 302.4901 02.01168278055379
0 COSMOS 1261 DEB
1 27901U 81031J   09138.57095714 -.00000732  00000-0  10000-3 0  9998
2 27901 067.5535 209.4775 5960679 127.9217 302.5085 02.01166900 55397
0 COSMOS 1261 DEB
1 27901U 81031J   09139.56518306 -.00000725 +00000-0 +10000-3 0  9997
2 27901 067.5534 209.4150 5960082 127.9002 302.5277 02.01165492055414
0 COSMOS 1261 DEB
1 27901U 81031J   09140.55941437 -.00000717 +00000-0 +10000-3 0  9994
2 27901 067.5531 209.3526 5959454 127.8788 302.5459 02.01164054055435
0 COSMOS 1261 DEB
1 27901U 81031J   09141.55365225 -.00000710  00000-0  10000-3 0  9993
2 27901 067.5528 209.2901 5958770 127.8560 302.5642 02.01162588 55451
0 COSMOS 1261 DEB
1 27901U 81031J   09141.55367324  .00000000  00000-0  10000-3 0  9996
2 27901 067.5655 209.2973 5959277 127.8189 302.5896 02.01163134 55450
0 COSMOS 1261 DEB
1 27901U 81031J   09142.05077375 -.00000708  00000-0  10000-3 0  9992
2 27901 067.5519 209.2594 5957783 127.8351 302.5782 02.01161935 55461
0 COSMOS 1261 DEB
1 27901U 81031J   09143.54215284 -.00000713 +00000-0 +10000-3 0  9996
2 27901 067.5518 209.1658 5956875 127.8000 302.6069 02.01159633055496
0 COSMOS 1261 DEB
1 27901U 81031J   09144.53641827 -.00000726  00000-0  10000-3 0  9996
2 27901 067.5519 209.1032 5956134 127.7765 302.6287 02.01158078 55515
0 COSMOS 1261 DEB
1 27901U 81031J   09145.53068996 -.00000747 +00000-0 +10000-3 0  9990
2 27901 067.5516 209.0409 5955461 127.7549 302.6483 02.01156486055532
0 COSMOS 1261 DEB
1 27901U 81031J   09146.52496887 -.00000774 +00000-0 +10000-3 0  9994
2 27901 067.5515 208.9781 5954845 127.7321 302.6671 02.01154854055553
0 COSMOS 1261 DEB
1 27901U 81031J   09147.51925908 -.00000801  00000-0  10000-3 0  9996
2 27901 067.5510 208.9162 5954315 127.7124 302.6875 02.01153207 55573
0 COSMOS 1261 DEB
1 27901U 81031J   09148.51355337 -.00000823 +00000-0 +10000-3 0  9994
2 27901 067.5514 208.8531 5953640 127.6867 302.7063 02.01151543055592
0 COSMOS 1261 DEB
1 27901U 81031J   09148.51360779  .00000000  00000-0  10000-3 0  9996
2 27901 067.5651 208.8624 5955290 127.6575 302.7437 02.01151650 55590
0 COSMOS 1261 DEB
1 27901U 81031J   09149.50786054 -.00000836 +00000-0 +10000-3 0  9992
2 27901 067.5505 208.7919 5953035 127.6661 302.7275 02.01149868055616
0 COSMOS 1261 DEB
1 27901U 81031J   09150.50216883 -.00000836  00000-0  10000-3 0  9992
2 27901 067.5517 208.7287 5952339 127.6412 302.7446 02.01148180 55635
0 COSMOS 1261 DEB
1 27901U 81031J   09151.49648928 -.00000825 +00000-0 +10000-3 0  9998
2 27901 067.5520 208.6664 5951708 127.6183 302.7640 02.01146480055650
0 COSMOS 1261 DEB
1 27901U 81031J   09152.49081687 -.00000804 +00000-0 +10000-3 0  9999
2 27901 067.5515 208.6046 5951100 127.5967 302.7821 02.01144774055670
0 COSMOS 1261 DEB
1 27901U 81031J   09153.48515224 -.00000779  00000-0  10000-3 0  9999
2 27901 067.5522 208.5420 5950501 127.5752 302.8001 02.01143066 55695
0 COSMOS 1261 DEB
1 27901U 81031J   09154.47949686 -.00000755 +00000-0 +10000-3 0  9996
2 27901 067.5525 208.4798 5949888 127.5521 302.8193 02.01141359055713
0 COSMOS 1261 DEB
1 27901U 81031J   09155.47385303 -.00000737 +00000-0 +10000-3 0  9997
2 27901 067.5531 208.4173 5949299 127.5293 302.8410 02.01139658055732
0 COSMOS 1261 DEB
1 27901U 81031J   09155.47390589  .00000000  00000-0  10000-3 0  9991
2 27901 067.5654 208.4271 5951242 127.5023 302.8766 02.01139810 55733
0 COSMOS 1261 DEB
1 27901U 81031J   09156.46821856 -.00000726  00000-0  10000-3 0  9993
2 27901 067.5532 208.3554 5948739 127.5125 302.8624 02.01137964 55754
0 COSMOS 1261 DEB
1 27901U 81031J   09157.46258497 -.00000724 +00000-0 +10000-3 0  9997
2 27901 067.5536 208.2942 5948296 127.4945 302.8780 02.01136267055775
0 COSMOS 1261 DEB
1 27901U 81031J   09158.45696536 -.00000727  00000-0  10000-3 0  9990
2 27901 067.5501 208.2349 5947780 127.4749 302.8993 02.01134596 55798
0 COSMOS 1261 DEB
1 27901U 81031J   09159.45135329 -.00000732  00000-0  10000-3 0  9995
2 27901 067.5491 208.1737 5947355 127.4607 302.9194 02.01132939 55813
0 COSMOS 1261 DEB
1 27901U 81031J   09160.44574259 -.00000736  00000-0  10000-3 0  9999
2 27901 067.5477 208.1121 5946889 127.4454 302.9351 02.01131294 55835
0 COSMOS 1261 DEB
1 27901U 81031J   09161.44013982 -.00000735 +00000-0 +10000-3 0  9990
2 27901 067.5458 208.0500 5946410 127.4275 302.9522 02.01129674055856
0 COSMOS 1261 DEB
1 27901U 81031J   09162.43454643 -.00000726  00000-0  10000-3 0  9993
2 27901 067.5455 207.9866 5945874 127.4109 302.9706 02.01128076 55876
0 COSMOS 1261 DEB
1 27901U 81031J   09162.43457066  .00000000  00000-0  10000-3 0  9999
2 27901 067.5657 207.9907 5947056 127.3656 303.0093 02.01128971 55871
0 COSMOS 1261 DEB
1 27901U 81031J   09163.42895606 -.00000710  00000-0  10000-3 0  9994
2 27901 067.5428 207.9258 5945376 127.3981 302.9838 02.01126488 55898
0 COSMOS 1261 DEB
1 27901U 81031J   09164.42336900 -.00000686  00000-0  10000-3 0  9994
2 27901 067.5426 207.8633 5944844 127.3852 302.9939 02.01124921 55913
0 COSMOS 1261 DEB
1 27901U 81031J   09165.41778797 -.00000655  00000-0  10000-3 0  9994
2 27901 067.5401 207.8023 5944346 127.3714 303.0033 02.01123384 55934
0 COSMOS 1261 DEB
1 27901U 81031J   09166.41221549 -.00000621  00000-0  10000-3 0  9996
2 27901 067.5364 207.7424 5943665 127.3694 303.0111 02.01121872 55955
0 COSMOS 1261 DEB
1 27901U 81031J   09167.40662898 -.00000585  00000-0  10000-3 0  9991
2 27901 067.5383 207.6786 5943022 127.3556 303.0061 02.01120384 55973
0 COSMOS 1261 DEB
1 27901U 81031J   09168.40106765 -.00000550  00000-0  10000-3 0  9990
2 27901 067.5410 207.6142 5942392 127.3457 303.0142 02.01118939 55994
0 COSMOS 1261 DEB
1 27901U 81031J   09169.39550721 -.00000520  00000-0  10000-3 0  9991
2 27901 067.5453 207.5490 5941672 127.3377 303.0179 02.01117520 56016
0 COSMOS 1261 DEB
1 27901U 81031J   09170.38994906 -.00000495  00000-0  10000-3 0  9990
2 27901 067.5481 207.4851 5940926 127.3226 303.0198 02.01116142 56033
0 COSMOS 1261 DEB
1 27901U 81031J   09171.38440826 -.00000479  00000-0  10000-3 0  9990
2 27901 067.5486 207.4230 5940124 127.3047 303.0303 02.01114803 56052
0 COSMOS 1261 DEB
1 27901U 81031J   09175.36237235 -.00000476  00000-0  10000-3 0  9997
2 27901 067.4925 207.2137 5941269 126.6795 303.2372 02.01110057 56130
0 COSMOS 1261 DEB
1 27901U 81031J   09176.35769388 -.00000470 +00000-0 +10000-3 0  9990
2 27901 067.4921 207.1522 5940575 126.6623 303.8451 02.01108791056150
0 COSMOS 1261 DEB
1 27901U 81031J   09177.35219597 -.00000455  00000-0  10000-3 0  9996
2 27901 067.5692 207.0406 5937066 126.9723 303.7934 02.01107585 56178
0 COSMOS 1261 DEB
1 27901U 81031J   09178.34616627 -.00000428  00000-0  10000-3 0  9991
2 27901 067.5605 206.9850 5936608 126.9280 303.4194 02.01106403 56197
0 COSMOS 1261 DEB
1 27901U 81031J   09179.34072428 -.00000391  00000-0  10000-3 0  9996
2 27901 067.5596 206.9241 5936085 126.8929 303.4650 02.01105253 56210
0 COSMOS 1261 DEB
1 27901U 81031J   09181.32980739 -.00000307  00000-0  10000-3 0  9997
2 27901 067.5711 206.7940 5934651 126.8656 303.5121 02.01103073 56253
0 COSMOS 1261 DEB
1 27901U 81031J   09182.32432070 -.00000269  00000-0  10000-3 0  9995
2 27901 067.5637 206.7370 5934340 126.8101 303.5175 02.01102055 56277
0 COSMOS 1261 DEB
1 27901U 81031J   09190.28088033 -.00000132  00000-0  10000-3 0  9994
2 27901 067.5382 206.2697 5926802 126.7425 303.7114 02.01095698 56430
0 COSMOS 1261 DEB
1 27901U 81031J   09191.27523885 -.00000100 +00000-0 +10000-3 0  9998
2 27901 067.5438 206.2054 5926168 126.7196 303.5720 02.01095087056454
0 COSMOS 1261 DEB
1 27901U 81031J   09199.23192168 +.00000180 +00000-0 +10000-3 0  9995
2 27901 067.5498 205.7215 5919896 126.5172 303.7153 02.01092027056616
0 COSMOS 1261 DEB
1 27901U 81031J   09199.72924938  .00000184  00000-0  10000-3 0  9991
2 27901 067.5443 205.6809 5921043 126.5560 303.7371 02.01092005 56621
0 COSMOS 1261 DEB
1 27901U 81031J   09200.22650417 +.00000186 +00000-0 +10000-3 0  9999
2 27901 067.5432 205.6500 5920918 126.5419 303.7159 02.01091933056634
0 COSMOS 1261 DEB
1 27901U 81031J   09205.19947105  .00000229  00000-0  10000-3 0  9991
2 27901 067.5432 205.3431 5918061 126.4451 303.8007 02.01091937 56733
0 COSMOS 1261 DEB
1 27901U 81031J   09207.18864614  .00000301  00000-0  10000-3 0  9996
2 27901 067.5433 205.2205 5917093 126.4040 303.8258 02.01092219 56776
0 COSMOS 1261 DEB
1 27901U 81031J   09207.68595045  .00000321  00000-0  10000-3 0  9992
2 27901 067.5485 205.1917 5916721 126.4132 303.8237 02.01092144 56786
0 COSMOS 1261 DEB
1 27901U 81031J   09215.14532631  .00000456  00000-0  10000-3 0  9993
2 27901 067.5431 204.7333 5912369 126.2322 303.9460 02.01095030 56930
0 COSMOS 1261 DEB
1 27901U 81031J   09218.12910180  .00000505  00000-0  10000-3 0  9998
2 27901 067.5441 204.5533 5910402 126.1700 304.0515 02.01097219 56996
0 COSMOS 1261 DEB
1 27901U 81031J   09225.58816484  .00000000  00000-0  10000-3 0  9998
2 27901 067.5531 204.1073 5906682 126.0134 304.1489 02.01105391 57146
0 COSMOS 1261 DEB
1 27901U 81031J   09225.58819563  .00000722  00000-0  10000-3 0  9990
2 27901 067.5446 204.0958 5905602 126.0109 304.1719 02.01104118 57147
0 COSMOS 1261 DEB
1 27901U 81031J   09227.07997440 +.00000726 +00000-0 +10000-3 0  9991
2 27901 067.5447 204.0043 5904616 125.9783 304.1907 02.01105751057179
0 COSMOS 1261 DEB
1 27901U 81031J   09230.06351463  .00000701  00000-0  10000-3 0  9996
2 27901 067.5447 203.8234 5902377 125.9169 304.2447 02.01109315 57235
0 COSMOS 1261 DEB
1 27901U 81031J   09232.05248995 +.00000705 +00000-0 +10000-3 0  9996
2 27901 067.5433 203.7042 5901100 125.8697 304.2652 02.01111813057272
0 COSMOS 1261 DEB
1 27901U 81031J   09233.54421927  .00000732  00000-0  10000-3 0  9999
2 27901 067.5425 203.6125 5900136 125.8381 304.2919 02.01113783 57300
0 COSMOS 1261 DEB
1 27901U 81031J   09234.53869022 +.00000757 +00000-0 +10000-3 0  9998
2 27901 067.5421 203.5511 5899522 125.8178 304.3043 02.01115129057321
0 COSMOS 1261 DEB
1 27901U 81031J   09235.03592233 +.00000770 +00000-0 +10000-3 0  9996
2 27901 067.5435 203.5180 5899143 125.8110 304.3089 02.01115807057337
0 COSMOS 1261 DEB
1 27901U 81031J   09236.03038132  .00000795  00000-0  10000-3 0  9997
2 27901 067.5459 203.4545 5898511 125.7869 304.3209 02.01117197 57355
0 COSMOS 1261 DEB
1 27901U 81031J   09236.52761422 +.00000805 +00000-0 +10000-3 0  9998
2 27901 067.5476 203.4223 5898159 125.7764 304.3305 02.01117894057361
0 COSMOS 1261 DEB
1 27901U 81031J   09237.52207070 +.00000819 +00000-0 +10000-3 0  9998
2 27901 067.5514 203.3598 5897650 125.7502 304.3481 02.01119315057380
0 COSMOS 1261 DEB
1 27901U 81031J   09238.01930559 +.00000822 +00000-0 +10000-3 0  9992
2 27901 067.5498 203.3290 5897279 125.7408 304.3635 02.01120064057397
0 COSMOS 1261 DEB
1 27901U 81031J   09239.01375018  .00000822  00000-0  10000-3 0  9996
2 27901 067.5507 203.2676 5896470 125.7286 304.3775 02.01121514 57410
0 COSMOS 1261 DEB
1 27901U 81031J   09239.51095459 +.00000818 +00000-0 +10000-3 0  9994
2 27901 067.5493 203.2388 5896169 125.7210 304.3737 02.01122248057420
0 COSMOS 1261 DEB
1 27901U 81031J   09240.50538916 +.00000808 +00000-0 +10000-3 0  9994
2 27901 067.5492 203.1788 5895614 125.7014 304.3896 02.01123734057447
0 COSMOS 1261 DEB
1 27901U 81031J   09241.49981889  .00000795  00000-0  10000-3 0  9999
2 27901 067.5493 203.1189 5895114 125.6802 304.4085 02.01125253 57463
0 COSMOS 1261 DEB
1 27901U 81031J   09241.99703218  .00000788  00000-0  10000-3 0  9994
2 27901 067.5488 203.0885 5894551 125.6766 304.4175 02.01126014 57479
0 COSMOS 1261 DEB
1 27901U 81031J   09242.99143603 +.00000779 +00000-0 +10000-3 0  9991
2 27901 067.5506 203.0266 5893683 125.6550 304.4313 02.01127646057497
0 COSMOS 1261 DEB
1 27901U 81031J   09243.98583324 +.00000775 +00000-0 +10000-3 0  9995
2 27901 067.5501 202.9671 5892991 125.6345 304.4393 02.01129171057519
0 COSMOS 1261 DEB
1 27901U 81031J   09244.98023300  .00000778  00000-0  10000-3 0  9992
2 27901 067.5503 202.9063 5892262 125.6137 304.4556 02.01130729 57530
0 COSMOS 1261 DEB
1 27901U 81031J   09245.97462246  .00000788  00000-0  10000-3 0  9999
2 27901 067.5530 202.8442 5891496 125.6018 304.4679 02.01132299 57558
0 COSMOS 1261 DEB
1 27901U 81031J   09246.96899075 +.00000802 +00000-0 +10000-3 0  9990
2 27901 067.5531 202.7836 5890804 125.5805 304.4725 02.01133874057574
0 COSMOS 1261 DEB
1 27901U 81031J   09247.96336506 +.00000819 +00000-0 +10000-3 0  9994
2 27901 067.5534 202.7228 5890074 125.5588 304.4880 02.01135467057593
0 COSMOS 1261 DEB
1 27901U 81031J   09248.95772982  .00000836  00000-0  10000-3 0  9995
2 27901 067.5496 202.6600 5889134 125.5218 304.5193 02.01137319 57617
0 COSMOS 1261 DEB
1 27901U 81031J   09249.95208345 +.00000850 +00000-0 +10000-3 0  9999
2 27901 067.5496 202.5994 5888441 125.4991 304.5321 02.01138918057630
0 COSMOS 1261 DEB
1 27901U 81031J   09250.94643404 +.00000859 +00000-0 +10000-3 0  9998
2 27901 067.5491 202.5388 5887719 125.4765 304.5492 02.01140533057655
0 COSMOS 1261 DEB
1 27901U 81031J   09251.94077539  .00000861  00000-0  10000-3 0  9992
2 27901 067.5485 202.4785 5887033 125.4540 304.5646 02.01142137 57673
0 COSMOS 1261 DEB
1 27901U 81031J   09252.93511105 +.00000854 +00000-0 +10000-3 0  9996
2 27901 067.5482 202.4181 5886361 125.4314 304.5816 02.01143738057691
0 COSMOS 1261 DEB
1 27901U 81031J   09253.92944022 +.00000838 +00000-0 +10000-3 0  9996
2 27901 067.5493 202.3575 5885678 125.4114 304.5978 02.01145320057718
0 COSMOS 1261 DEB
1 27901U 81031J   09254.92375947  .00000814  00000-0  10000-3 0  9995
2 27901 067.5479 202.2972 5884997 125.3850 304.6175 02.01146943 57735
0 COSMOS 1261 DEB
1 27901U 81031J   09255.91807415  .00000785  00000-0  10000-3 0  9992
2 27901 067.5443 202.2361 5884607 125.3429 304.6654 02.01148918 57756
0 COSMOS 1261 DEB
1 27901U 81031J   09256.91237464 +.00000755 +00000-0 +10000-3 0  9991
2 27901 067.5442 202.1759 5883956 125.3207 304.6801 02.01150485057773
0 COSMOS 1261 DEB
1 27901U 81031J   09258.90095531  .00000708  00000-0  10000-3 0  9997
2 27901 067.5440 202.0555 5882659 125.2755 304.7120 02.01153591 57811
0 COSMOS 1261 DEB
1 27901U 81031J   09258.90095531 +.00000708 +00000-0 +10000-3 0  9997
2 27901 067.5440 202.0555 5882659 125.2755 304.7120 02.01153591057811
0 COSMOS 1261 DEB
1 27901U 81031J   09259.89523216 +.00000698 +00000-0 +10000-3 0  9990
2 27901 067.5441 201.9953 5882007 125.2528 304.7267 02.01155127057838
0 COSMOS 1261 DEB
1 27901U 81031J   09260.88950114 +.00000695 +00000-0 +10000-3 0  9999
2 27901 067.5439 201.9352 5881347 125.2301 304.7417 02.01156651057855
0 COSMOS 1261 DEB
1 27901U 81031J   09261.88376218  .00000697  00000-0  10000-3 0  9999
2 27901 067.5443 201.8751 5880679 125.2092 304.7540 02.01158136 57875
0 COSMOS 1261 DEB
1 27901U 81031J   09261.88376218 +.00000697 +00000-0 +10000-3 0  9999
2 27901 067.5443 201.8751 5880679 125.2092 304.7540 02.01158136057875
0 COSMOS 1261 DEB
1 27901U 81031J   09262.87801694 +.00000699 +00000-0 +10000-3 0  9992
2 27901 067.5446 201.8148 5880034 125.1850 304.7707 02.01159633057894
0 COSMOS 1261 DEB
1 27901U 81031J   09262.87801763 +.00000699 +00000-0 +10000-3 0  9999
2 27901 067.5448 201.8148 5879990 125.1873 304.7686 02.01159610057891
0 COSMOS 1261 DEB
1 27901U 81031J   09263.87226555 +.00000696 +00000-0 +10000-3 0  9997
2 27901 067.5449 201.7549 5879361 125.1658 304.7838 02.01161077057911
0 COSMOS 1261 DEB
1 27901U 81031J   09264.86650774  .00000685  00000-0  10000-3 0  9999
2 27901 067.5449 201.6945 5878625 125.1449 304.7978 02.01162502 57931
0 COSMOS 1261 DEB
1 27901U 81031J   09266.35786087  .00000650  00000-0  10000-3 0  9994
2 27901 067.5332 201.5971 5877462 125.1026 304.8284 02.01164581 57962
0 COSMOS 1261 DEB
1 27901U 81031J   09266.85498128 +.00000635 +00000-0 +10000-3 0  9998
2 27901 067.5325 201.5667 5877089 125.0890 304.8430 02.01165273057972
0 COSMOS 1261 DEB
1 27901U 81031J   09268.84342501 +.00000562 +00000-0 +10000-3 0  9991
2 27901 067.5342 201.4470 5875792 125.0438 304.8830 02.01167982058018
0 COSMOS 1261 DEB
1 27901U 81031J   09268.84342702  .00000562  00000-0  10000-3 0  9994
2 27901 067.5345 201.4476 5875814 125.0440 304.8846 02.01167985 58015
0 COSMOS 1261 DEB
1 27901U 81031J   09269.83763719 +.00000527 +00000-0 +10000-3 0  9990
2 27901 067.5345 201.3869 5875135 125.0226 304.9024 02.01169280058039
0 COSMOS 1261 DEB
1 27901U 81031J   09271.32894026  .00000485  00000-0  10000-3 0  9996
2 27901 067.5392 201.2999 5874127 124.9864 304.9303 02.01171168 58061
0 COSMOS 1261 DEB
1 27901U 81031J   09272.32313595 +.00000465 +00000-0 +10000-3 0  9992
2 27901 067.5398 201.2399 5873377 124.9621 304.9500 02.01172382058088
0 COSMOS 1261 DEB
1 27901U 81031J   09273.31732350 +.00000452 +00000-0 +10000-3 0  9992
2 27901 067.5420 201.1796 5872595 124.9470 304.9653 02.01173618058102
0 COSMOS 1261 DEB
1 27901U 81031J   09273.81440229  .00000447  00000-0  10000-3 0  9992
2 27901 067.5421 201.1495 5872291 124.9351 304.9646 02.01174174 58111
0 COSMOS 1261 DEB
1 27901U 81031J   09274.31149366 +.00000443 +00000-0 +10000-3 0  9992
2 27901 067.5434 201.1203 5871984 124.9251 304.9730 02.01174724058125
0 COSMOS 1261 DEB
1 27901U 81031J   09275.30566854 +.00000437 +00000-0 +10000-3 0  9990
2 27901 067.5443 201.0606 5871360 124.9023 304.9884 02.01175781058142
0 COSMOS 1261 DEB
1 27901U 81031J   09275.80275601 +.00000434 +00000-0 +10000-3 0  9999
2 27901 067.5443 201.0305 5871051 124.8904 304.9979 02.01176294058158
0 COSMOS 1261 DEB
1 27901U 81031J   09276.79692476  .00000427  00000-0  10000-3 0  9993
2 27901 067.5448 200.9706 5870423 124.8677 305.0147 02.01177291 58174
0 COSMOS 1261 DEB
1 27901U 81031J   09277.29400799 +.00000422 +00000-0 +10000-3 0  9999
2 27901 067.5457 200.9418 5870122 124.8571 305.0227 02.01177767058181
0 COSMOS 1261 DEB
1 27901U 81031J   09278.28816953 +.00000407 +00000-0 +10000-3 0  9995
2 27901 067.5458 200.8820 5869497 124.8341 305.0394 02.01178689058208
0 COSMOS 1261 DEB
1 27901U 81031J   09279.77940841  .00000373  00000-0  10000-3 0  9996
2 27901 067.5460 200.7920 5868560 124.7980 305.0684 02.01179973 58231
0 COSMOS 1261 DEB
1 27901U 81031J   09279.77940841 +.00000373 +00000-0 +10000-3 0  9996
2 27901 067.5460 200.7920 5868560 124.7980 305.0684 02.01179973058231
0 COSMOS 1261 DEB
1 27901U 81031J   09280.27648666 +.00000357 +00000-0 +10000-3 0  9995
2 27901 067.5462 200.7621 5868240 124.7871 305.0779 02.01180372058246
0 COSMOS 1261 DEB
1 27901U 81031J   09281.27063729 +.00000319 +00000-0 +10000-3 0  9995
2 27901 067.5468 200.7024 5867591 124.7640 305.0957 02.01181135058269
0 COSMOS 1261 DEB
1 27901U 81031J   09282.76185855  .00000250  00000-0  10000-3 0  9999
2 27901 067.5479 200.6131 5866611 124.7277 305.1238 02.01182167 58299
0 COSMOS 1261 DEB
1 27901U 81031J   09283.25893378 +.00000225 +00000-0 +10000-3 0  9992
2 27901 067.5478 200.5830 5866277 124.7159 305.1351 02.01182477058302
0 COSMOS 1261 DEB
1 27901U 81031J   09284.25307443 +.00000176 +00000-0 +10000-3 0  9991
2 27901 067.5475 200.5227 5865587 124.6891 305.1522 02.01183031058323
0 COSMOS 1261 DEB
1 27901U 81031J   09285.24721921  .00000131  00000-0  10000-3 0  9993
2 27901 067.5474 200.4618 5864842 124.6626 305.1746 02.01183528 58345
0 COSMOS 1261 DEB
1 27901U 81031J   09286.24135461 +.00000094 +00000-0 +10000-3 0  9990
2 27901 067.5471 200.4014 5864140 124.6386 305.1919 02.01183990058363
0 COSMOS 1261 DEB
1 27901U 81031J   09287.73254905  .00000055  00000-0  10000-3 0  9997
2 27901 067.5475 200.3117 5863145 124.6036 305.2153 02.01184599 58396
0 COSMOS 1261 DEB
1 27901U 81031J   09288.22961365 +.00000046 +00000-0 +10000-3 0  9997
2 27901 067.5477 200.2818 5862801 124.5905 305.2236 02.01184759058409
0 COSMOS 1261 DEB
1 27901U 81031J   09289.22374120 +.00000032 +00000-0 +10000-3 0  9990
2 27901 067.5478 200.2218 5862087 124.5649 305.2403 02.01185044058421
0 COSMOS 1261 DEB
1 27901U 81031J   09290.71493100  .00000008  00000-0  10000-3 0  9999
2 27901 067.5482 200.1329 5861170 124.5342 305.2651 02.01185407 58451
0 COSMOS 1261 DEB
1 27901U 81031J   09291.21199069 -.00000002 +00000-0 +10000-3 0  9997
2 27901 067.5487 200.1034 5860848 124.5226 305.2714 02.01185491058465
0 COSMOS 1261 DEB
1 27901U 81031J   09292.20611677 -.00000029 +00000-0 +10000-3 0  9990
2 27901 067.5491 200.0435 5860163 124.4997 305.2892 02.01185604058483
0 COSMOS 1261 DEB
1 27901U 81031J   09293.20024286 -.00000063  00000-0  10000-3 0  9993
2 27901 067.5499 199.9844 5859555 124.4787 305.3074 02.01185671 58501
0 COSMOS 1261 DEB
1 27901U 81031J   09294.19436264 -.00000106 +00000-0 +10000-3 0  9993
2 27901 067.5508 199.9253 5858957 124.4613 305.3211 02.01185698058523
0 COSMOS 1261 DEB
1 27901U 81031J   09295.18848868 -.00000152  00000-0  10000-3 0  9991
2 27901 067.5514 199.8661 5858395 124.4422 305.3397 02.01185652 58543
0 COSMOS 1261 DEB
1 27901U 81031J   09295.18848868 -.00000152 +00000-0 +10000-3 0  9991
2 27901 067.5514 199.8661 5858395 124.4422 305.3397 02.01185652058543
0 COSMOS 1261 DEB
1 27901U 81031J   09296.18261259 -.00000199 +00000-0 +10000-3 0  9996
2 27901 067.5522 199.8073 5857811 124.4237 305.3565 02.01185544058564
0 COSMOS 1261 DEB
1 27901U 81031J   09297.17673383 -.00000242 +00000-0 +10000-3 0  9990
2 27901 067.5534 199.7486 5857192 124.4026 305.3706 02.01185352058588
0 COSMOS 1261 DEB
1 27901U 81031J   09298.17086285 -.00000278  00000-0  10000-3 0  9999
2 27901 067.5537 199.6891 5856660 124.3858 305.3914 02.01185151 58602
0 COSMOS 1261 DEB
1 27901U 81031J   09299.16498239 -.00000306 +00000-0 +10000-3 0  9997
2 27901 067.5543 199.6301 5856110 124.3681 305.4033 02.01184859058628
0 COSMOS 1261 DEB
1 27901U 81031J   09300.15910470 -.00000327 +00000-0 +10000-3 0  9998
2 27901 067.5552 199.5706 5855565 124.3486 305.4160 02.01184495058641
0 COSMOS 1261 DEB
1 27901U 81031J   09300.15910470 -.00000327  00000-0  10000-3 0  9998
2 27901 067.5552 199.5706 5855565 124.3486 305.4160 02.01184495 58641
0 COSMOS 1261 DEB
1 27901U 81031J   09301.65030001 -.00000345 +00000-0 +10000-3 0  9997
2 27901 067.5550 199.4808 5854543 124.3133 305.4422 02.01183830058671
0 COSMOS 1261 DEB
1 27901U 81031J   09302.14736488 -.00000349 +00000-0 +10000-3 0  9998
2 27901 067.5555 199.4510 5854299 124.3026 305.4506 02.01183594058686
0 COSMOS 1261 DEB
1 27901U 81031J   09303.14149892 -.00000356  00000-0  10000-3 0  9994
2 27901 067.5552 199.3911 5853624 124.2791 305.4684 02.01183049 58701
0 COSMOS 1261 DEB
1 27901U 81031J   09304.63270601 -.00000368 +00000-0 +10000-3 0  9995
2 27901 067.5510 199.2982 5851736 124.2237 305.5033 02.01182198058735
0 COSMOS 1261 DEB
1 27901U 81031J   09305.12977861 -.00000373 +00000-0 +10000-3 0  9998
2 27901 067.5511 199.2684 5851421 124.2114 305.5147 02.01181875058748
0 COSMOS 1261 DEB
1 27901U 81031J   09306.12392308 -.00000388 +00000-0 +10000-3 0  9992
2 27901 067.5506 199.2087 5850667 124.1844 305.5345 02.01181170058769
0 COSMOS 1261 DEB
1 27901U 81031J   09307.11807359 -.00000410 +00000-0 +10000-3 0  9995
2 27901 067.5503 199.1493 5850014 124.1589 305.5551 02.01180395058787
0 COSMOS 1261 DEB
1 27901U 81031J   09308.60931252 -.00000454  00000-0  10000-3 0  9998
2 27901 067.5502 199.0604 5849221 124.1245 305.5878 02.01179090 58812
0 COSMOS 1261 DEB
1 27901U 81031J   09308.60931252 -.00000454 +00000-0 +10000-3 0  9998
2 27901 067.5502 199.0604 5849221 124.1245 305.5878 02.01179090058812
0 COSMOS 1261 DEB
1 27901U 81031J   09309.60347257 -.00000491 +00000-0 +10000-3 0  9996
2 27901 067.5502 199.0008 5848630 124.0977 305.6072 02.01178154058833
0 COSMOS 1261 DEB
1 27901U 81031J   09310.10056056 -.00000511 +00000-0 +10000-3 0  9990
2 27901 067.5509 198.9708 5848407 124.0888 305.6200 02.01177658058840
0 COSMOS 1261 DEB
1 27901U 81031J   09311.09472700 -.00000550  00000-0  10000-3 0  9990
2 27901 067.5509 198.9111 5847787 124.0671 305.6370 02.01176630 58867
0 COSMOS 1261 DEB
1 27901U 81031J   09311.59181163 -.00000569 +00000-0 +10000-3 0  9995
2 27901 067.5509 198.8813 5847514 124.0548 305.6450 02.01176087058872
0 COSMOS 1261 DEB
1 27901U 81031J   09312.08890073 -.00000586 +00000-0 +10000-3 0  9996
2 27901 067.5508 198.8512 5847136 124.0423 305.6560 02.01175546058881
0 COSMOS 1261 DEB
1 27901U 81031J   09313.08307665 -.00000614 +00000-0 +10000-3 0  9999
2 27901 067.5512 198.7915 5846573 124.0200 305.6718 02.01174410058906
0 COSMOS 1261 DEB
1 27901U 81031J   09314.07725869 -.00000632  00000-0  10000-3 0  9999
2 27901 067.5514 198.7317 5845930 123.9957 305.6889 02.01173240 58928
0 COSMOS 1261 DEB
1 27901U 81031J   09314.57435277 -.00000638 +00000-0 +10000-3 0  9991
2 27901 067.5511 198.7021 5845581 123.9843 305.6980 02.01172637058935
0 COSMOS 1261 DEB
1 27901U 81031J   09315.07144572 -.00000641 +00000-0 +10000-3 0  9996
2 27901 067.5516 198.6722 5845305 123.9717 305.7052 02.01172020058949
0 COSMOS 1261 DEB
1 27901U 81031J   09316.06564003 -.00000642 +00000-0 +10000-3 0  9992
2 27901 067.5515 198.6127 5844637 123.9486 305.7222 02.01170758058964
0 COSMOS 1261 DEB
1 27901U 81031J   09317.05983872 -.00000640  00000-0  10000-3 0  9999
2 27901 067.5516 198.5531 5843979 123.9242 305.7380 02.01169456 58981
0 COSMOS 1261 DEB
1 27901U 81031J   09318.55115325 -.00000641 +00000-0 +10000-3 0  9996
2 27901 067.5513 198.4638 5842968 123.8893 305.7648 02.01167435059010
0 COSMOS 1261 DEB
1 27901U 81031J   09319.04826160 -.00000644 +00000-0 +10000-3 0  9990
2 27901 067.5515 198.4340 5842653 123.8777 305.7737 02.01166740059022
0 COSMOS 1261 DEB
1 27901U 81031J   09320.04248493 -.00000656  00000-0  10000-3 0  9992
2 27901 067.5513 198.3746 5841995 123.8546 305.7928 02.01165331 59040
0 COSMOS 1261 DEB
1 27901U 81031J   09321.03671586 -.00000675 +00000-0 +10000-3 0  9996
2 27901 067.5514 198.3151 5841357 123.8317 305.8125 02.01163891059060
0 COSMOS 1261 DEB
1 27901U 81031J   09322.03095476 -.00000698 +00000-0 +10000-3 0  9990
2 27901 067.5511 198.2558 5840719 123.8077 305.8332 02.01162422059082
0 COSMOS 1261 DEB
1 27901U 81031J   09323.02520245 -.00000722  00000-0  10000-3 0  9995
2 27901 067.5511 198.1965 5840114 123.7860 305.8545 02.01160923 59104
0 COSMOS 1261 DEB
1 27901U 81031J   09324.01945517 -.00000743 +00000-0 +10000-3 0  9991
2 27901 067.5513 198.1378 5839557 123.7642 305.8734 02.01159390059129
0 COSMOS 1261 DEB
1 27901U 81031J   09325.01371695 -.00000758 +00000-0 +10000-3 0  9998
2 27901 067.5523 198.0784 5838988 123.7422 305.8938 02.01157837059145
0 COSMOS 1261 DEB
1 27901U 81031J   09326.00798523 -.00000765  00000-0  10000-3 0  9999
2 27901 067.5532 198.0194 5838460 123.7206 305.9131 02.01156262 59164
0 COSMOS 1261 DEB
1 27901U 81031J   09327.00226097 -.00000762 +00000-0 +10000-3 0  9999
2 27901 067.5520 197.9599 5837847 123.6973 305.9345 02.01154693059181
0 COSMOS 1261 DEB
1 27901U 81031J   09327.99654157 -.00000751 +00000-0 +10000-3 0  9997
2 27901 067.5501 197.8997 5837160 123.6744 305.9546 02.01153121059206
0 COSMOS 1261 DEB
1 27901U 81031J   09328.99082579 -.00000734  00000-0  10000-3 0  9992
2 27901 067.5500 197.8403 5836628 123.6503 305.9702 02.01151513 59227
0 COSMOS 1261 DEB
1 27901U 81031J   09329.98512496 -.00000714 +00000-0 +10000-3 0  9996
2 27901 067.5495 197.7811 5836056 123.6280 305.9905 02.01149896059247
0 COSMOS 1261 DEB
1 27901U 81031J   09330.97942855 -.00000693 +00000-0 +10000-3 0  9999
2 27901 067.5492 197.7219 5835410 123.6064 306.0081 02.01148268059260
0 COSMOS 1261 DEB
1 27901U 81031J   09331.97373784 -.00000674  00000-0  10000-3 0  9998
2 27901 067.5485 197.6629 5834856 123.5832 306.0246 02.01146638 59285
0 COSMOS 1261 DEB
1 27901U 81031J   09332.96805934 -.00000659 +00000-0 +10000-3 0  9998
2 27901 067.5480 197.6037 5834228 123.5633 306.0438 02.01145008059301
0 COSMOS 1261 DEB
1 27901U 81031J   09333.96238337 -.00000648 +00000-0 +10000-3 0  9994
2 27901 067.5475 197.5446 5833617 123.5421 306.0593 02.01143381059320
0 COSMOS 1261 DEB
1 27901U 81031J   09334.95671783 -.00000645  00000-0  10000-3 0  9997
2 27901 067.5475 197.4850 5833040 123.5190 306.0770 02.01141754 59342
0 COSMOS 1261 DEB
1 27901U 81031J   09335.95106385 -.00000647 +00000-0 +10000-3 0  9991
2 27901 067.5467 197.4263 5832305 123.4973 306.0976 02.01140143059363
0 COSMOS 1261 DEB
1 27901U 81031J   09336.94541213 -.00000654  00000-0  10000-3 0  9992
2 27901 067.5464 197.3679 5831516 123.4774 306.1138 02.01138538 59380
0 COSMOS 1261 DEB
1 27901U 81031J   09337.93976436 -.00000663 +00000-0 +10000-3 0  9991
2 27901 067.5459 197.3091 5830821 123.4586 306.1260 02.01136923059406
0 COSMOS 1261 DEB
1 27901U 81031J   09338.93412520 -.00000671 +00000-0 +10000-3 0  9990
2 27901 067.5453 197.2491 5830349 123.4378 306.1378 02.01135289059423
0 COSMOS 1261 DEB
1 27901U 81031J   09339.92850132 -.00000673  00000-0  10000-3 0  9997
2 27901 067.5451 197.1896 5829776 123.4123 306.1566 02.01133677 59449
0 COSMOS 1261 DEB
1 27901U 81031J   09340.92288741 -.00000667 +00000-0 +10000-3 0  9993
2 27901 067.5445 197.1305 5829098 123.3930 306.1757 02.01132081059461
0 COSMOS 1261 DEB
1 27901U 81031J   09341.91726998 -.00000651 +00000-0 +10000-3 0  9997
2 27901 067.5443 197.0711 5828495 123.3704 306.1870 02.01130493059481
0 COSMOS 1261 DEB
1 27901U 81031J   09342.91166593 -.00000627  00000-0  10000-3 0  9990
2 27901 067.5423 197.0134 5827674 123.3417 306.2038 02.01128918 59506
0 COSMOS 1261 DEB
1 27901U 81031J   09343.90607349 -.00000598 +00000-0 +10000-3 0  9996
2 27901 067.5418 196.9542 5827022 123.3220 306.2215 02.01127366059525
0 COSMOS 1261 DEB
1 27901U 81031J   09344.90048116 -.00000570 +00000-0 +10000-3 0  9998
2 27901 067.5400 196.8961 5826301 123.2990 306.2344 02.01125831059542
0 COSMOS 1261 DEB
1 27901U 81031J   09345.89490092 -.00000545  00000-0  10000-3 0  9993
2 27901 067.5400 196.8371 5825553 123.2761 306.2505 02.01124317 59560
0 COSMOS 1261 DEB
1 27901U 81031J   09346.88932885 -.00000528 +00000-0 +10000-3 0  9995
2 27901 067.5416 196.7766 5824886 123.2561 306.2666 02.01122825059582
0 COSMOS 1261 DEB
1 27901U 81031J   09347.88376325 -.00000518  00000-0  10000-3 0  9996
2 27901 067.5383 196.7202 5824298 123.2385 306.2808 02.01121357 59601
0 COSMOS 1261 DEB
1 27901U 81031J   09352.85607033 -.00000492  00000-0  10000-3 0  9993
2 27901 067.5382 196.4245 5821081 123.1254 306.3743 02.01114317 59703
0 COSMOS 1261 DEB
1 27901U 81031J   09357.82853393 -.00000321  00000-0  10000-3 0  9998
2 27901 067.5381 196.1291 5817866 123.0121 306.5171 02.01109225 59808
0 COSMOS 1261 DEB
1 27901U 81031J   09361.80650921 -.00000192  00000-0  10000-3 0  9999
2 27901 067.6362 195.8255 5808170 123.5069 306.4200 02.01105111 59888
0 COSMOS 1261 DEB
1 27901U 81031J   10008.74104557  .00000067  00000-0  10000-3 0  9991
2 27901 067.5142 195.1764 5810371 122.6831 306.7080 02.01096570 60120
0 COSMOS 1261 DEB
1 27901U 81031J   10012.22206582  .00000109  00000-0  10000-3 0  9997
2 27901 067.5099 194.9641 5808960 122.6288 306.7972 02.01095606 60195
0 COSMOS 1261 DEB
1 27901U 81031J   10018.18946757  .00000245  00000-0  10000-3 0  9994
2 27901 067.5155 194.6249 5803454 122.4330 306.8834 02.01094909 60315
0 COSMOS 1261 DEB
1 27901U 81031J   10019.18410402  .00000286  00000-0  10000-3 0  9993
2 27901 067.5245 194.5713 5801317 122.4016 306.9171 02.01094596 60336
0 COSMOS 1261 DEB
1 27901U 81031J   10019.18413076 +.00000286 +00000-0 +10000-3 0  9993
2 27901 067.5244 194.5716 5801312 122.4006 306.9366 02.01094596060338
0 COSMOS 1261 DEB
1 27901U 81031J   10023.65969739  .00000441  00000-0  10000-3 0  9995
2 27901 067.5318 194.3079 5798263 122.2924 307.0105 02.01095570 60423
0 COSMOS 1261 DEB
1 27901U 81031J   10028.63252133  .00000483  00000-0  10000-3 0  9997
2 27901 067.5360 194.0152 5795453 122.1791 307.0956 02.01097742 60526
0 COSMOS 1261 DEB
1 27901U 81031J   10028.63255426  .00000000  00000-0  10000-3 0  9990
2 27901 067.5503 194.0186 5796840 122.1752 307.1088 02.01099179 60523
0 COSMOS 1261 DEB
1 27901U 81031J   10029.62709201 +.00000492 +00000-0 +10000-3 0  9990
2 27901 067.5373 193.9564 5794925 122.1563 307.1217 02.01098319060549
0 COSMOS 1261 DEB
1 27901U 81031J   10034.59980346  .00000618  00000-0  10000-3 0  9993
2 27901 067.5398 193.6641 5791940 122.0460 307.1883 02.01101909 60648
0 COSMOS 1261 DEB
1 27901U 81031J   10035.59434276 +.00000641 +00000-0 +10000-3 0  9996
2 27901 067.5391 193.6064 5791311 122.0230 307.2092 02.01102782060662
0 COSMOS 1261 DEB
1 27901U 81031J   10036.58887204 +.00000655 +00000-0 +10000-3 0  9994
2 27901 067.5407 193.5476 5790578 122.0000 307.2246 02.01103666060680
0 COSMOS 1261 DEB
1 27901U 81031J   10037.58339809  .00000661  00000-0  10000-3 0  9995
2 27901 067.5410 193.4899 5790040 121.9769 307.2442 02.01104652 60703
0 COSMOS 1261 DEB
1 27901U 81031J   10038.57791929 +.00000661 +00000-0 +10000-3 0  9990
2 27901 067.5418 193.4314 5789373 121.9543 307.2630 02.01105659060729
0 COSMOS 1261 DEB
1 27901U 81031J   10040.56694571  .00000655  00000-0  10000-3 0  9990
2 27901 067.5436 193.3149 5787919 121.9051 307.2974 02.01107723 60761
0 COSMOS 1261 DEB
1 27901U 81031J   10042.55595462  .00000666  00000-0  10000-3 0  9992
2 27901 067.5433 193.1982 5786903 121.8641 307.3398 02.01110041 60800
0 COSMOS 1261 DEB
1 27901U 81031J   10043.05319271 +.00000673 +00000-0 +10000-3 0  9998
2 27901 067.5423 193.1683 5786639 121.8583 307.3401 02.01110619060815
0 COSMOS 1261 DEB
1 27901U 81031J   10045.53939973 +.00000732 +00000-0 +10000-3 0  9996
2 27901 067.5426 193.0228 5785087 121.8017 307.3783 02.01113656060862
0 COSMOS 1261 DEB
1 27901U 81031J   10046.53387127 +.00000761 +00000-0 +10000-3 0  9997
2 27901 067.5426 192.9645 5784508 121.7803 307.3942 02.01114941060889
0 COSMOS 1261 DEB
1 27901U 81031J   10047.52833490 +.00000789 +00000-0 +10000-3 0  9996
2 27901 067.5426 192.9063 5783937 121.7586 307.4091 02.01116254060904
0 COSMOS 1261 DEB
1 27901U 81031J   10048.52279242 +.00000815 +00000-0 +10000-3 0  9996
2 27901 067.5428 192.8478 5783393 121.7371 307.4251 02.01117602060921
0 COSMOS 1261 DEB
1 27901U 81031J   10049.51724297  .00000835  00000-0  10000-3 0  9993
2 27901 067.5471 192.7919 5780719 121.7108 307.4350 02.01119235 60941
0 COSMOS 1261 DEB
1 27901U 81031J   10050.51166027 +.00000849 +00000-0 +10000-3 0  9991
2 27901 067.5462 192.7330 5780179 121.6892 307.4308 02.01120607060967
0 COSMOS 1261 DEB
1 27901U 81031J   10051.50609971 +.00000856 +00000-0 +10000-3 0  9999
2 27901 067.5458 192.6740 5779702 121.6686 307.4479 02.01122009060986
0 COSMOS 1261 DEB
1 27901U 81031J   10052.50053167  .00000855  00000-0  10000-3 0  9999
2 27901 067.5457 192.6156 5778995 121.6451 307.4644 02.01123438 61004
0 COSMOS 1261 DEB
1 27901U 81031J   10053.49495688 +.00000849 +00000-0 +10000-3 0  9999
2 27901 067.5457 192.5574 5778372 121.6220 307.4813 02.01124883061025
0 COSMOS 1261 DEB
1 27901U 81031J   10054.48937540 +.00000838 +00000-0 +10000-3 0  9995
2 27901 067.5449 192.4981 5777790 121.5999 307.4991 02.01126354061046
0 COSMOS 1261 DEB
1 27901U 81031J   10055.48378430  .00000826  00000-0  10000-3 0  9990
2 27901 067.5440 192.4392 5777251 121.5791 307.5150 02.01127844 61060
0 COSMOS 1261 DEB
1 27901U 81031J   10056.47818366 +.00000817 +00000-0 +10000-3 0  9997
2 27901 067.5438 192.3812 5776603 121.5555 307.5293 02.01129345061089
0 COSMOS 1261 DEB
1 27901U 81031J   10057.47257337 +.00000814 +00000-0 +10000-3 0  9990
2 27901 067.5451 192.3242 5776269 121.5376 307.5428 02.01130879061107
0 COSMOS 1261 DEB
1 27901U 81031J   10058.46695665 +.00000816 +00000-0 +10000-3 0  9992
2 27901 067.5451 192.2662 5775613 121.5132 307.5574 02.01132419061120
0 COSMOS 1261 DEB
1 27901U 81031J   10059.46133183  .00000825  00000-0  10000-3 0  9995
2 27901 067.5457 192.2081 5775317 121.4909 307.5751 02.01134005 61145
0 COSMOS 1261 DEB
1 27901U 81031J   10060.45569838  .00000837  00000-0  10000-3 0  9999
2 27901 067.5464 192.1505 5775249 121.4699 307.5948 02.01135628 61165
0 COSMOS 1261 DEB
1 27901U 81031J   10061.45005652 +.00000849 +00000-0 +10000-3 0  9992
2 27901 067.5462 192.0930 5774651 121.4456 307.6092 02.01137206061188
0 COSMOS 1261 DEB
1 27901U 81031J   10062.44440962 +.00000855 +00000-0 +10000-3 0  9996
2 27901 067.5459 192.0350 5774254 121.4221 307.6275 02.01138802061208
0 COSMOS 1261 DEB
1 27901U 81031J   10063.43875625  .00000853  00000-0  10000-3 0  9992
2 27901 067.5469 191.9783 5773784 121.3990 307.6459 02.01140400 61229
0 COSMOS 1261 DEB
1 27901U 81031J   10064.43309585 +.00000843 +00000-0 +10000-3 0  9999
2 27901 067.5460 191.9199 5773571 121.3803 307.6651 02.01142010061243
0 COSMOS 1261 DEB
1 27901U 81031J   10065.42742646 +.00000826 +00000-0 +10000-3 0  9999
2 27901 067.5468 191.8627 5773319 121.3597 307.6849 02.01143642061269
0 COSMOS 1261 DEB
1 27901U 81031J   10066.42174991 +.00000804 +00000-0 +10000-3 0  9998
2 27901 067.5439 191.8055 5776233 121.3668 307.7222 02.01145314061285
0 COSMOS 1261 DEB
1 27901U 81031J   10067.41606033  .00000779  00000-0  10000-3 0  9996
2 27901 067.5479 191.7478 5772423 121.3157 307.7188 02.01146850 61307
0 COSMOS 1261 DEB
1 27901U 81031J   10068.41037461 +.00000759 +00000-0 +10000-3 0  9998
2 27901 067.5504 191.6908 5771776 121.2950 307.7403 02.01148476061321
0 COSMOS 1261 DEB
1 27901U 81031J   10069.40467161 +.00000744 +00000-0 +10000-3 0  9996
2 27901 067.5508 191.6328 5771796 121.2807 307.7587 02.01150123061341
0 COSMOS 1261 DEB
1 27901U 81031J   10070.39895762 +.00000736 +00000-0 +10000-3 0  9999
2 27901 067.5509 191.5751 5771334 121.2587 307.7723 02.01151688061365
0 COSMOS 1261 DEB
1 27901U 81031J   10071.39324188  .00000734  00000-0  10000-3 0  9997
2 27901 067.5511 191.5174 5770990 121.2385 307.7900 02.01153242 61387
0 COSMOS 1261 DEB
1 27901U 81031J   10071.39324188 +.00000734 +00000-0 +10000-3 0  9997
2 27901 067.5511 191.5174 5770990 121.2385 307.7900 02.01153242061387
0 COSMOS 1261 DEB
1 27901U 81031J   10072.38751748 +.00000738 +00000-0 +10000-3 0  9997
2 27901 067.5510 191.4597 5770595 121.2166 307.8074 02.01154786061402
0 COSMOS 1261 DEB
1 27901U 81031J   10073.38178600  .00000745  00000-0  10000-3 0  9996
2 27901 067.5560 191.4028 5769577 121.2013 307.8173 02.01156383 61422
0 COSMOS 1261 DEB
1 27901U 81031J   10074.37603557 +.00000752 +00000-0 +10000-3 0  9998
2 27901 067.5552 191.3443 5768654 121.1728 307.8250 02.01157874061444
0 COSMOS 1261 DEB
1 27901U 81031J   10075.37029174 +.00000756 +00000-0 +10000-3 0  9990
2 27901 067.5550 191.2863 5768101 121.1493 307.8435 02.01159356061467
0 COSMOS 1261 DEB
1 27901U 81031J   10076.36453920  .00000755  00000-0  10000-3 0  9999
2 27901 067.5550 191.2286 5767503 121.1258 307.8603 02.01160813 61489
0 COSMOS 1261 DEB
1 27901U 81031J   10077.35878007 +.00000749 +00000-0 +10000-3 0  9999
2 27901 067.5552 191.1710 5766993 121.1031 307.8782 02.01162257061508
0 COSMOS 1261 DEB
1 27901U 81031J   10078.35301409 +.00000736 +00000-0 +10000-3 0  9993
2 27901 067.5555 191.1132 5766280 121.0783 307.8949 02.01163662061529
0 COSMOS 1261 DEB
1 27901U 81031J   10079.34724294  .00000715  00000-0  10000-3 0  9991
2 27901 067.5556 191.0558 5765732 121.0550 307.9134 02.01165045 61540
0 COSMOS 1261 DEB
1 27901U 81031J   10080.34146529  .00000688  00000-0  10000-3 0  9991
2 27901 067.5637 191.0014 5762630 121.0118 307.9188 02.01166410 61569
0 COSMOS 1261 DEB
1 27901U 81031J   10081.33568067 +.00000656 +00000-0 +10000-3 0  9991
2 27901 067.5649 190.9446 5761723 120.9855 307.9351 02.01167723061589
0 COSMOS 1261 DEB
1 27901U 81031J   10082.32988988  .00000622  00000-0  10000-3 0  9992
2 27901 067.5659 190.8878 5760844 120.9582 307.9519 02.01169000 61607
0 COSMOS 1261 DEB
1 27901U 81031J   10083.32409327 +.00000589 +00000-0 +10000-3 0  9990
2 27901 067.5660 190.8304 5760195 120.9330 307.9702 02.01170243061620
0 COSMOS 1261 DEB
1 27901U 81031J   10084.31828935  .00000000  00000-0  10000-3 0  9998
2 27901 067.5478 190.7569 5763830 120.9448 307.9866 02.01172960 61649
0 COSMOS 1261 DEB
1 27901U 81031J   10085.31247773  .00000536  00000-0  10000-3 0  9998
2 27901 067.5661 190.7158 5759219 120.8852 308.0047 02.01172610 61668
0 COSMOS 1261 DEB
1 27901U 81031J   10086.30666029 +.00000519 +00000-0 +10000-3 0  9998
2 27901 067.5660 190.6582 5758579 120.8592 308.0208 02.01173732061683
0 COSMOS 1261 DEB
1 27901U 81031J   10087.30083774 +.00000506 +00000-0 +10000-3 0  9995
2 27901 067.5706 190.6040 5758228 120.8395 308.0357 02.01174813061704
0 COSMOS 1261 DEB
1 27901U 81031J   10088.29500820  .00000495  00000-0  10000-3 0  9997
2 27901 067.5700 190.5463 5757813 120.8166 308.0517 02.01175863 61727
0 COSMOS 1261 DEB
1 27901U 81031J   10089.28917507  .00000480  00000-0  10000-3 0  9995
2 27901 067.5696 190.4880 5756851 120.7900 308.0655 02.01176854 61745
0 COSMOS 1261 DEB
1 27901U 81031J   10090.28333827 +.00000458 +00000-0 +10000-3 0  9999
2 27901 067.5698 190.4304 5756012 120.7652 308.0804 02.01177805061766
0 COSMOS 1261 DEB
1 27901U 81031J   10091.27749724  .00000429  00000-0  10000-3 0  9994
2 27901 067.5686 190.3713 5754938 120.7355 308.0961 02.01178692 61782
0 COSMOS 1261 DEB
1 27901U 81031J   10092.27165576 +.00000391 +00000-0 +10000-3 0  9990
2 27901 067.5691 190.3144 5754251 120.7122 308.1154 02.01179571061801
0 COSMOS 1261 DEB
1 27901U 81031J   10093.26580723 +.00000348 +00000-0 +10000-3 0  9997
2 27901 067.5680 190.2556 5753485 120.6867 308.1323 02.01180364061820
0 COSMOS 1261 DEB
1 27901U 81031J   10094.25995758  .00000303  00000-0  10000-3 0  9996
2 27901 067.5668 190.1969 5752782 120.6621 308.1521 02.01181126 61849
0 COSMOS 1261 DEB
1 27901U 81031J   10094.25995924  .00000303  00000-0  10000-3 0  9991
2 27901 067.5622 190.1929 5753174 120.6713 308.1524 02.01181109 61847
0 COSMOS 1261 DEB
1 27901U 81031J   10095.25409775 +.00000260 +00000-0 +10000-3 0  9998
2 27901 067.5621 190.1352 5752568 120.6487 308.1665 02.01181837061866
0 COSMOS 1261 DEB
1 27901U 81031J   10096.24823767 +.00000221 +00000-0 +10000-3 0  9996
2 27901 067.5621 190.0773 5751995 120.6263 308.1835 02.01182489061882
0 COSMOS 1261 DEB
1 27901U 81031J   10097.24237525  .00000190  00000-0  10000-3 0  9993
2 27901 067.5620 190.0196 5751326 120.6037 308.2008 02.01183097 61909
0 COSMOS 1261 DEB
1 27901U 81031J   10098.23650822 +.00000167 +00000-0 +10000-3 0  9996
2 27901 067.5617 189.9619 5750760 120.5815 308.2176 02.01183654061923
0 COSMOS 1261 DEB
1 27901U 81031J   10098.73356894  .00000000  00000-0  10000-3 0  9999
2 27901 067.5472 189.9244 5748308 120.5494 308.1976 02.01185683 61936
0 COSMOS 1261 DEB
1 27901U 81031J   10098.73357374  .00000159  00000-0  10000-3 0  9998
2 27901 067.5366 189.9132 5745096 120.4883 308.2233 02.01183861 61939
0 COSMOS 1261 DEB
1 27901U 81031J   10099.23066365 +.00000151 +00000-0 +10000-3 0  9993
2 27901 067.5376 189.8850 5744977 120.4822 308.2484 02.01184103061945
0 COSMOS 1261 DEB
1 27901U 81031J   10100.22478831 +.00000139 +00000-0 +10000-3 0  9996
2 27901 067.5372 189.8271 5744341 120.4551 308.2635 02.01184522061967
0 COSMOS 1261 DEB
1 27901U 81031J   10101.71597539  .00000123  00000-0  10000-3 0  9991
2 27901 067.5433 189.7447 5744468 120.4640 308.2740 02.01185070 61997
0 COSMOS 1261 DEB
1 27901U 81031J   10102.21301584 +.00000117 +00000-0 +10000-3 0  9993
2 27901 067.5437 189.7163 5744247 120.4534 308.2667 02.01185221062002
0 COSMOS 1261 DEB
1 27901U 81031J   10103.20713842 +.00000103 +00000-0 +10000-3 0  9992
2 27901 067.5440 189.6591 5743705 120.4303 308.2829 02.01185469062028
0 COSMOS 1261 DEB
1 27901U 81031J   10104.69832347  .00000072  00000-0  10000-3 0  9993
2 27901 067.5458 189.5747 5743063 120.3998 308.3072 02.01185703 62050
0 COSMOS 1261 DEB
1 27901U 81031J   10105.19538697 +.00000059 +00000-0 +10000-3 0  9995
2 27901 067.5460 189.5463 5742861 120.3876 308.3179 02.01185750062069
0 COSMOS 1261 DEB
1 27901U 81031J   10105.69246708  .00000000  00000-0  10000-3 0  9995
2 27901 067.5679 189.5332 5744710 120.3838 308.3287 02.01187394 62076
0 COSMOS 1261 DEB
1 27901U 81031J   10106.18951141  .00000029  00000-0  10000-3 0  9995
2 27901 067.5500 189.4920 5742667 120.3768 308.3329 02.01185805 62085
0 COSMOS 1261 DEB
1 27901U 81031J   10107.68069396 -.00000027 +00000-0 +10000-3 0  9992
2 27901 067.5505 189.4067 5741902 120.3443 308.3575 02.01185769062119
0 COSMOS 1261 DEB
1 27901U 81031J   10108.17775396 -.00000047 +00000-0 +10000-3 0  9993
2 27901 067.5507 189.3782 5741663 120.3318 308.3658 02.01185728062127
0 COSMOS 1261 DEB
1 27901U 81031J   10109.17187834 -.00000090  00000-0  10000-3 0  9996
2 27901 067.5508 189.3211 5741145 120.3084 308.3839 02.01185587 62146
0 COSMOS 1261 DEB
1 27901U 81031J   10110.16600414 -.00000132 +00000-0 +10000-3 0  9998
2 27901 067.5517 189.2647 5740705 120.2883 308.4011 02.01185377062167
0 COSMOS 1261 DEB
1 27901U 81031J   10111.16012841 -.00000171 +00000-0 +10000-3 0  9993
2 27901 067.5520 189.2080 5740154 120.2644 308.4176 02.01185106062189
0 COSMOS 1261 DEB
1 27901U 81031J   10111.65719371 -.00000188  00000-0  10000-3 0  9997
2 27901 067.5521 189.1795 5739921 120.2548 308.4267 02.01184932 62193
0 COSMOS 1261 DEB
1 27901U 81031J   10112.65131702 -.00000217 +00000-0 +10000-3 0  9997
2 27901 067.5529 189.1220 5739321 120.2287 308.4412 02.01184548062216
0 COSMOS 1261 DEB
1 27901U 81031J   10112.65136463  .00000000  00000-0  10000-3 0  9995
2 27901 067.5609 189.1250 5739425 120.1745 308.4848 02.01186319 62212
0 COSMOS 1261 DEB
1 27901U 81031J   10113.64544653 -.00000239 +00000-0 +10000-3 0  9994
2 27901 067.5532 189.0647 5738707 120.2042 308.4592 02.01184132062238
0 COSMOS 1261 DEB
1 27901U 81031J   10114.14251169 -.00000248  00000-0  10000-3 0  9997
2 27901 067.5531 189.0361 5738395 120.1917 308.4684 02.01183916 62245
0 COSMOS 1261 DEB
1 27901U 81031J   10115.63370568 -.00000271 +00000-0 +10000-3 0  9993
2 27901 067.5533 188.9499 5737404 120.1536 308.4910 02.01183123062279
0 COSMOS 1261 DEB
1 27901U 81031J   10116.13077417 -.00000279 +00000-0 +10000-3 0  9994
2 27901 067.5533 188.9214 5737108 120.1424 308.5005 02.01182850062284
0 COSMOS 1261 DEB
1 27901U 81031J   10117.12490780 -.00000299  00000-0  10000-3 0  9998
2 27901 067.5532 188.8636 5736408 120.1158 308.5160 02.01182233 62306
0 COSMOS 1261 DEB
1 27901U 81031J   10118.61612186 -.00000341 +00000-0 +10000-3 0  9997
2 27901 067.5527 188.7776 5735327 120.0755 308.5453 02.01181210062337
0 COSMOS 1261 DEB
1 27901U 81031J   10119.61027030 -.00000377  00000-0  10000-3 0  9995
2 27901 067.5524 188.7210 5734746 120.0531 308.5652 02.01180478 62351
0 COSMOS 1261 DEB
1 27901U 81031J   10119.61028749  .00000000  00000-0  10000-3 0  9995
2 27901 067.5641 188.7301 5735782 120.0344 308.5779 02.01182367 62354
0 COSMOS 1261 DEB
1 27901U 81031J   10120.10734413 -.00000396 +00000-0 +10000-3 0  9992
2 27901 067.5523 188.6926 5734447 120.0423 308.5738 02.01180092062369
0 COSMOS 1261 DEB
1 27901U 81031J   10121.59857074 -.00000457 +00000-0 +10000-3 0  9993
2 27901 067.5524 188.6077 5733582 120.0099 308.5995 02.01178854062396
0 COSMOS 1261 DEB
1 27901U 81031J   10122.09564940 -.00000476  00000-0  10000-3 0  9997
2 27901 067.5522 188.5795 5733291 120.0003 308.6085 02.01178415 62408
0 COSMOS 1261 DEB
1 27901U 81031J   10123.58689055 -.00000524 +00000-0 +10000-3 0  9991
2 27901 067.5519 188.4930 5732229 119.9609 308.6384 02.01177035062435
0 COSMOS 1261 DEB
1 27901U 81031J   10124.58105679 -.00000546  00000-0  10000-3 0  9991
2 27901 067.5519 188.4359 5731610 119.9371 308.6569 02.01176045 62456
0 COSMOS 1261 DEB
1 27901U 81031J   10125.57522773 -.00000558 +00000-0 +10000-3 0  9992
2 27901 067.5515 188.3789 5730963 119.9122 308.6755 02.01175004062475
0 COSMOS 1261 DEB
1 27901U 81031J   10126.56940420 -.00000564 +00000-0 +10000-3 0  9992
2 27901 067.5515 188.3219 5730364 119.8886 308.6938 02.01173915062498
0 COSMOS 1261 DEB
1 27901U 81031J   10126.56941464  .00000000  00000-0  10000-3 0  9995
2 27901 067.5629 188.3315 5731422 119.8708 308.7061 02.01176011 59944
0 COSMOS 1261 DEB
1 27901U 81031J   10127.06649382 -.00000564  00000-0  10000-3 0  9991
2 27901 067.5515 188.2934 5730069 119.8772 308.7020 02.01173348 62502
0 COSMOS 1261 DEB
1 27901U 81031J   10128.55777219 -.00000561 +00000-0 +10000-3 0  9994
2 27901 067.5513 188.2079 5729174 119.8413 308.7291 02.01171600062539
0 COSMOS 1261 DEB
1 27901U 81031J   10129.05486761 -.00000559 +00000-0 +10000-3 0  9996
2 27901 067.5510 188.1796 5728853 119.8290 308.7377 02.01170991062545
0 COSMOS 1261 DEB
1 27901U 81031J   10130.04906413 -.00000557  00000-0  10000-3 0  9996
2 27901 067.5506 188.1226 5728236 119.8043 308.7562 02.01169751 62569
0 COSMOS 1261 DEB
1 27901U 81031J   10130.54616497 -.00000557 +00000-0 +10000-3 0  9991
2 27901 067.5505 188.0941 5727956 119.7925 308.7659 02.01169121062576
0 COSMOS 1261 DEB
1 27901U 81031J   10131.54037084 -.00000560 +00000-0 +10000-3 0  9995
2 27901 067.5501 188.0371 5727302 119.7665 308.7850 02.01167828062592
0 COSMOS 1261 DEB
1 27901U 81031J   10132.03747720 -.00000563 +00000-0 +10000-3 0  9998
2 27901 067.5502 188.0081 5726843 119.7502 308.7963 02.01167174062601
0 COSMOS 1261 DEB
1 27901U 81031J   10133.03169513 -.00000573  00000-0  10000-3 0  9998
2 27901 067.5499 187.9511 5726093 119.7223 308.8176 02.01165832 62627
0 COSMOS 1261 DEB
1 27901U 81031J   10133.52880717 -.00000579 +00000-0 +10000-3 0  9994
2 27901 067.5499 187.9226 5725706 119.7076 308.8296 02.01165162062636
0 COSMOS 1261 DEB
1 27901U 81031J   10133.52883531  .00000000  00000-0  10000-3 0  9999
2 27901 067.5612 187.9306 5726685 119.6766 308.8555 02.01167126 62634
0 COSMOS 1261 DEB
1 27901U 81031J   10134.02592004 -.00000587 +00000-0 +10000-3 0  9998
2 27901 067.5497 187.8941 5725417 119.6961 308.8389 02.01164460062642
0 COSMOS 1261 DEB
1 27901U 81031J   10135.51726904 -.00000615  00000-0  10000-3 0  9993
2 27901 067.5492 187.8090 5724600 119.6613 308.8676 02.01162320 62674
0 COSMOS 1261 DEB
1 27901U 81031J   10135.51726904 -.00000615 +00000-0 +10000-3 0  9993
2 27901 067.5492 187.8090 5724600 119.6613 308.8676 02.01162320062674
0 COSMOS 1261 DEB
1 27901U 81031J   10136.51151032 -.00000635 +00000-0 +10000-3 0  9990
2 27901 067.5487 187.7522 5723932 119.6355 308.8874 02.01160864062690
0 COSMOS 1261 DEB
1 27901U 81031J   10137.50575808 -.00000654 +00000-0 +10000-3 0  9992
2 27901 067.5486 187.6952 5723358 119.6123 308.9056 02.01159374062710
0 COSMOS 1261 DEB
1 27901U 81031J   10138.50001158 -.00000669  00000-0  10000-3 0  9991
2 27901 067.5481 187.6385 5722791 119.5893 308.9223 02.01157857 62730
0 COSMOS 1261 DEB
1 27901U 81031J   10139.49427149 -.00000677 +00000-0 +10000-3 0  9991
2 27901 067.5477 187.5817 5722150 119.5650 308.9387 02.01156321062752
0 COSMOS 1261 DEB
1 27901U 81031J   10140.48853777 -.00000677 +00000-0 +10000-3 0  9992
2 27901 067.5475 187.5249 5721539 119.5407 308.9539 02.01154762062777
0 COSMOS 1261 DEB
1 27901U 81031J   10140.48856883  .00000000  00000-0  10000-3 0  9992
2 27901 067.5568 187.5345 5723111 119.5218 308.9757 02.01156601 62771
0 COSMOS 1261 DEB
1 27901U 81031J   10141.48281205 -.00000671  00000-0  10000-3 0  9998
2 27901 067.5475 187.4680 5720945 119.5174 308.9692 02.01153186 62797
0 COSMOS 1261 DEB
1 27901U 81031J   10142.47709354 -.00000662 +00000-0 +10000-3 0  9998
2 27901 067.5473 187.4112 5720304 119.4918 308.9845 02.01151594062813
0 COSMOS 1261 DEB
1 27901U 81031J   10143.47138531 -.00000653 +00000-0 +10000-3 0  9992
2 27901 067.5471 187.3544 5719688 119.4680 309.0010 02.01149990062833
0 COSMOS 1261 DEB
1 27901U 81031J   10144.46568460 -.00000647  00000-0  10000-3 0  9993
2 27901 067.5469 187.2975 5719057 119.4433 309.0176 02.01148377 62856
0 COSMOS 1261 DEB
1 27901U 81031J   10145.45999382 -.00000647 +00000-0 +10000-3 0  9994
2 27901 067.5466 187.2406 5718410 119.4183 309.0360 02.01146761062878
0 COSMOS 1261 DEB
1 27901U 81031J   10146.45431199 -.00000654 +00000-0 +10000-3 0  9990
2 27901 067.5460 187.1844 5717847 119.3947 309.0547 02.01145142062898
0 COSMOS 1261 DEB
1 27901U 81031J   10147.44863892 -.00000665  00000-0  10000-3 0  9991
2 27901 067.5455 187.1274 5717240 119.3721 309.0741 02.01143519 62911
0 COSMOS 1261 DEB
1 27901U 81031J   10147.44866395  .00000000  00000-0  10000-3 0  9994
2 27901 067.5527 187.1405 5719150 119.3638 309.0868 02.01145349 62919
0 COSMOS 1261 DEB
1 27901U 81031J   10148.44297212 -.00000679 +00000-0 +10000-3 0  9994
2 27901 067.5454 187.0705 5716706 119.3492 309.0922 02.01141895062937
0 COSMOS 1261 DEB
1 27901U 81031J   10149.43731529 -.00000689 +00000-0 +10000-3 0  9999
2 27901 067.5452 187.0140 5716205 119.3285 309.1108 02.01140267062953
0 COSMOS 1261 DEB
1 27901U 81031J   10150.43166489 -.00000695  00000-0  10000-3 0  9995
2 27901 067.5445 186.9581 5715753 119.3084 309.1279 02.01138641 62970
0 COSMOS 1261 DEB
1 27901U 81031J   10151.42602245 -.00000692 +00000-0 +10000-3 0  9997
2 27901 067.5438 186.9016 5715263 119.2882 309.1460 02.01137031062992
0 COSMOS 1261 DEB
1 27901U 81031J   10152.42038538 -.00000680 +00000-0 +10000-3 0  9993
2 27901 067.5428 186.8452 5714797 119.2654 309.1629 02.01135430063014
0 COSMOS 1261 DEB
1 27901U 81031J   10153.41475922 -.00000661  00000-0  10000-3 0  9994
2 27901 067.5402 186.7888 5714209 119.2416 309.1836 02.01133856 63034
0 COSMOS 1261 DEB
1 27901U 81031J   10154.40913719 -.00000635 +00000-0 +10000-3 0  9996
2 27901 067.5389 186.7323 5713686 119.2205 309.2003 02.01132285063050
0 COSMOS 1261 DEB
1 27901U 81031J   10155.40352186 -.00000605  00000-0  10000-3 0  9999
2 27901 067.5377 186.6757 5713188 119.2011 309.2157 02.01130728 63071
0 COSMOS 1261 DEB
1 27901U 81031J   10156.39791280 -.00000575 +00000-0 +10000-3 0  9996
2 27901 067.5367 186.6191 5712673 119.1827 309.2302 02.01129192063091
0 COSMOS 1261 DEB
1 27901U 81031J   10157.39230960 -.00000546  00000-0  10000-3 0  9998
2 27901 067.5346 186.5631 5712181 119.1633 309.2438 02.01127676 63113
0 COSMOS 1261 DEB
1 27901U 81031J   10158.38671571 -.00000520 +00000-0 +10000-3 0  9997
2 27901 067.5328 186.5069 5711665 119.1444 309.2589 02.01126184063136
0 COSMOS 1261 DEB
1 27901U 81031J   10159.38112793 -.00000499  00000-0  10000-3 0  9999
2 27901 067.5318 186.4503 5711116 119.1238 309.2739 02.01124718 63159
0 COSMOS 1261 DEB
1 27901U 81031J   10160.37554885 -.00000483 +00000-0 +10000-3 0  9995
2 27901 067.5304 186.3940 5710558 119.1038 309.2901 02.01123282063173
0 COSMOS 1261 DEB
1 27901U 81031J   10161.36997567 -.00000471  00000-0  10000-3 0  9990
2 27901 067.5297 186.3373 5709936 119.0837 309.3058 02.01121872 63197
0 COSMOS 1261 DEB
1 27901U 81031J   10162.36440821 -.00000463 +00000-0 +10000-3 0  9998
2 27901 067.5283 186.2812 5709275 119.0623 309.3211 02.01120492063219
0 COSMOS 1261 DEB
1 27901U 81031J   10163.35884750 -.00000458  00000-0  10000-3 0  9995
2 27901 067.5270 186.2258 5708504 119.0371 309.3367 02.01119116 63238
0 COSMOS 1261 DEB
1 27901U 81031J   10164.35329607 -.00000452 +00000-0 +10000-3 0  9995
2 27901 067.5291 186.1678 5707848 119.0108 309.3551 02.01117790063257
0 COSMOS 1261 DEB
1 27901U 81031J   10165.34775224 -.00000444  00000-0  10000-3 0  9996
2 27901 067.5268 186.1127 5707147 118.9875 309.3735 02.01116497 63270
0 COSMOS 1261 DEB
1 27901U 81031J   10166.34220943 -.00000431  00000-0  10000-3 0  9996
2 27901 067.5386 186.0478 5706538 118.9645 309.3875 02.01115211 63297
0 COSMOS 1261 DEB
1 27901U 81031J   10167.33667361 -.00000413  00000-0  10000-3 0  9995
2 27901 067.6466 185.9160 5704810 119.0800 309.3763 02.01113946 63311
0 COSMOS 1261 DEB
1 27901U 81031J   10168.33095638 -.00000388 +00000-0 +10000-3 0  9999
2 27901 067.6447 185.8611 5704166 119.0560 309.2544 02.01112722063336
0 COSMOS 1261 DEB
1 27901U 81031J   10169.32543339 -.00000358 +00000-0 +10000-3 0  9992
2 27901 067.6405 185.8079 5703494 119.0325 309.2689 02.01111540063359
0 COSMOS 1261 DEB
1 27901U 81031J   10170.31991523 -.00000328  00000-0  10000-3 0  9992
2 27901 067.6484 185.7453 5702973 119.0138 309.2818 02.01110400 63374
0 COSMOS 1261 DEB
1 27901U 81031J   10171.31440080 -.00000298  00000-0  10000-3 0  9996
2 27901 067.5554 185.7508 5700920 119.0145 309.2931 02.01109459 63390
0 COSMOS 1261 DEB
1 27901U 81031J   10172.30883462 -.00000277  00000-0  10000-3 0  9998
2 27901 067.6164 185.6573 5696230 119.2806 309.2044 02.01108356 63416
0 COSMOS 1261 DEB
1 27901U 81031J   10174.29743109 -.00000255  00000-0  10000-3 0  9997
2 27901 067.7328 185.4699 5689846 119.7083 308.8362 02.01106311 63454
0 COSMOS 1261 DEB
1 27901U 81031J   10175.29128655 -.00000251  00000-0  10000-3 0  9997
2 27901 067.7095 185.4291 5691209 119.5185 308.4120 02.01105334 63474
0 COSMOS 1261 DEB
1 27901U 81031J   10177.28057041 -.00000237  00000-0  10000-3 0  9992
2 27901 067.6736 185.3400 5692023 119.3055 308.6560 02.01103516 63510
0 COSMOS 1261 DEB
1 27901U 81031J   10182.25349117 -.00000091  00000-0  10000-3 0  9991
2 27901 067.6756 185.0589 5688399 119.2376 308.9055 02.01099736 63614
0 COSMOS 1261 DEB
1 27901U 81031J   10192.19900010  .00000173  00000-0  10000-3 0  9990
2 27901 067.5207 184.5822 5692158 118.3235 309.1872 02.01095886 63814
0 COSMOS 1261 DEB
1 27901U 81031J   10192.19900010  .00000184  00000-0  10000-3 0  9992
2 27901 067.5207 184.5822 5692158 118.3235 309.8952 02.01105431 63818
0 COSMOS 1261 DEB
1 27901U 81031J   10195.67977125  .00000253  00000-0  10000-3 0  9996
2 27901 067.5300 184.3871 5689090 118.2261 309.0968 02.01095552 63881
0 COSMOS 1261 DEB
1 27901U 81031J   10203.63740366  .00000396  00000-0  10000-3 0  9995
2 27901 067.5372 183.9393 5683973 118.0308 310.0492 02.01097185 64045
0 COSMOS 1261 DEB
1 27901U 81031J   10211.59378507  .00000606  00000-0  10000-3 0  9997
2 27901 067.5366 183.4926 5679846 117.8416 310.1884 02.01101823 64205
0 COSMOS 1261 DEB
1 27901U 81031J   10213.58286656 +.00000662 +00000-0 +10000-3 0  9993
2 27901 067.5333 183.3805 5678843 117.7955 310.2391 02.01103467064241
0 COSMOS 1261 DEB
1 27901U 81031J   10219.05268874  .00000717  00000-0  10000-3 0  9994
2 27901 067.5319 183.0734 5675697 117.6634 310.3382 02.01108850 64354
0 COSMOS 1261 DEB
1 27901U 81031J   10221.04167093 +.00000733 +00000-0 +10000-3 0  9995
2 27901 067.5314 182.9620 5674574 117.6148 310.3705 02.01111086064392
0 COSMOS 1261 DEB
1 27901U 81031J   10221.53891294  .00000739  00000-0  10000-3 0  9992
2 27901 067.5317 182.9331 5674339 117.6047 310.3790 02.01111676 64402
0 COSMOS 1261 DEB
1 27901U 81031J   10224.02509248  .00000785  00000-0  10000-3 0  9995
2 27901 067.5339 182.7913 5672998 117.5437 310.4172 02.01114775 64454
0 COSMOS 1261 DEB
1 27901U 81031J   10226.01400781  .00000818  00000-0  10000-3 0  9995
2 27901 067.5335 182.6798 5671725 117.5028 310.4437 02.01117331 64492
0 COSMOS 1261 DEB
1 27901U 81031J   10227.50567084 +.00000826 +00000-0 +10000-3 0  9999
2 27901 067.5347 182.5947 5670839 117.4687 310.4595 02.01119318064521
0 COSMOS 1261 DEB
1 27901U 81031J   10228.00288950 +.00000825 +00000-0 +10000-3 0  9996
2 27901 067.5350 182.5665 5670442 117.4610 310.4652 02.01120000064533
0 COSMOS 1261 DEB
1 27901U 81031J   10229.99175500  .00000807  00000-0  10000-3 0  9991
2 27901 067.5342 182.4555 5669244 117.4148 310.4952 02.01122764 64571
0 COSMOS 1261 DEB
1 27901U 81031J   10230.98617732 +.00000796 +00000-0 +10000-3 0  9997
2 27901 067.5347 182.3992 5668556 117.3939 310.5113 02.01124198064597
0 COSMOS 1261 DEB
1 27901U 81031J   10233.96940497  .00000791  00000-0  10000-3 0  9990
2 27901 067.5322 182.2309 5666997 117.2986 310.5801 02.01128778 64658
0 COSMOS 1261 DEB
1 27901U 81031J   10235.95819330 +.00000820 +00000-0 +10000-3 0  9995
2 27901 067.5318 182.1193 5665858 117.2417 310.6272 02.01131848064696
0 COSMOS 1261 DEB
1 27901U 81031J   10238.94130965  .00000872  00000-0  10000-3 0  9994
2 27901 067.5312 181.9523 5664203 117.1590 310.6883 02.01136498 64759
0 COSMOS 1261 DEB
1 27901U 81031J   10239.43848919 +.00000878 +00000-0 +10000-3 0  9990
2 27901 067.5313 181.9233 5664006 117.1477 310.6980 02.01137279064760
0 COSMOS 1261 DEB
1 27901U 81031J   10239.93566584 +.00000883 +00000-0 +10000-3 0  9996
2 27901 067.5311 181.8955 5663713 117.1331 310.7085 02.01138068064776
0 COSMOS 1261 DEB
1 27901U 81031J   10241.92435828  .00000888  00000-0  10000-3 0  9999
2 27901 067.5231 181.7801 5662480 117.0757 310.7533 02.01141249 64815
0 COSMOS 1261 DEB
1 27901U 81031J   10241.92435828 +.00000888 +00000-0 +10000-3 0  9999
2 27901 067.5231 181.7801 5662480 117.0757 310.7533 02.01141249064815
0 COSMOS 1261 DEB
1 27901U 81031J   10242.91869064  .00000882  00000-0  10000-3 0  9996
2 27901 067.5280 181.7219 5661766 117.1189 310.7369 02.01142979 64838
0 COSMOS 1261 DEB
1 27901U 81031J   10243.91296476  .00000871  00000-0  10000-3 0  9996
2 27901 067.5108 181.6562 5661281 117.0726 310.7315 02.01144492 64850
0 COSMOS 1261 DEB
1 27901U 81031J   10244.90729596  .00000857  00000-0  10000-3 0  9994
2 27901 067.5023 181.5992 5660730 117.0198 310.7736 02.01145983 64878
0 COSMOS 1261 DEB
1 27901U 81031J   10245.90162587 +.00000841 +00000-0 +10000-3 0  9999
2 27901 067.5026 181.5436 5660186 116.9956 310.8052 02.01147526064898
0 COSMOS 1261 DEB
1 27901U 81031J   10246.89592791 +.00000825 +00000-0 +10000-3 0  9994
2 27901 067.5044 181.4888 5659646 116.9705 310.8229 02.01149072064916
0 COSMOS 1261 DEB
1 27901U 81031J   10247.89022156  .00000812  00000-0  10000-3 0  9994
2 27901 067.5044 181.4332 5659104 116.9455 310.8401 02.01150608 64932
0 COSMOS 1261 DEB
1 27901U 81031J   10247.89022156 +.00000812 +00000-0 +10000-3 0  9994
2 27901 067.5044 181.4332 5659104 116.9455 310.8401 02.01150608064932
0 COSMOS 1261 DEB
1 27901U 81031J   10248.88450618 +.00000803 +00000-0 +10000-3 0  9992
2 27901 067.5042 181.3775 5658566 116.9210 310.8561 02.01152135064956
0 COSMOS 1261 DEB
1 27901U 81031J   10249.87878201 +.00000797 +00000-0 +10000-3 0  9996
2 27901 067.4998 181.3189 5658028 116.8925 310.8745 02.01153656064974
0 COSMOS 1261 DEB
1 27901U 81031J   10250.87305097  .00000794  00000-0  10000-3 0  9993
2 27901 067.4957 181.2607 5657525 116.8629 310.8943 02.01155174 64994
0 COSMOS 1261 DEB
1 27901U 81031J   10251.86731330  .00000791  00000-0  10000-3 0  9993
2 27901 067.5283 181.2226 5656872 116.8848 310.8845 02.01156780 65010
0 COSMOS 1261 DEB
1 27901U 81031J   10252.86153588 +.00000784 +00000-0 +10000-3 0  9999
2 27901 067.5299 181.1680 5656355 116.8603 310.8783 02.01158268065031
0 COSMOS 1261 DEB
1 27901U 81031J   10253.85578231 +.00000771 +00000-0 +10000-3 0  9991
2 27901 067.5330 181.1144 5655830 116.8384 310.8928 02.01159736065059
0 COSMOS 1261 DEB
1 27901U 81031J   10254.85002140  .00000750  00000-0  10000-3 0  9990
2 27901 067.5292 181.0565 5655330 116.8109 310.9115 02.01161181 65070
0 COSMOS 1261 DEB
1 27901U 81031J   10255.84425672 +.00000722 +00000-0 +10000-3 0  9998
2 27901 067.5302 181.0018 5654826 116.7878 310.9301 02.01162614065097
0 COSMOS 1261 DEB
1 27901U 81031J   10256.83848297  .00000689  00000-0  10000-3 0  9992
2 27901 067.5437 180.9556 5654324 116.7621 310.9464 02.01164030 65117
0 COSMOS 1261 DEB
1 27901U 81031J   10257.83270772 +.00000653 +00000-0 +10000-3 0  9991
2 27901 067.5455 180.9011 5653680 116.7415 310.9649 02.01165417065135
0 COSMOS 1261 DEB
1 27901U 81031J   10258.82691818 +.00000620 +00000-0 +10000-3 0  9993
2 27901 067.5453 180.8451 5653170 116.7202 310.9799 02.01166786065156
0 COSMOS 1261 DEB
1 27901U 81031J   10259.82112242  .00000592  00000-0  10000-3 0  9991
2 27901 067.5443 180.7883 5652633 116.7031 310.9922 02.01168101 65179
0 COSMOS 1261 DEB
1 27901U 81031J   10260.81531808 +.00000570 +00000-0 +10000-3 0  9991
2 27901 067.5445 180.7325 5652102 116.6807 311.0053 02.01169379065190
0 COSMOS 1261 DEB
1 27901U 81031J   10261.80951122 +.00000555 +00000-0 +10000-3 0  9999
2 27901 067.5458 180.6775 5651607 116.6611 311.0205 02.01170643065212
0 COSMOS 1261 DEB
1 27901U 81031J   10262.80369568  .00000546  00000-0  10000-3 0  9997
2 27901 067.5467 180.6219 5651043 116.6445 311.0309 02.01171847 65238
0 COSMOS 1261 DEB
1 27901U 81031J   10263.79787261 +.00000541 +00000-0 +10000-3 0  9995
2 27901 067.5451 180.5650 5650493 116.6222 311.0430 02.01173000065250
0 COSMOS 1261 DEB
1 27901U 81031J   10264.79204827 +.00000536 +00000-0 +10000-3 0  9992
2 27901 067.5464 180.5106 5649961 116.6020 311.0571 02.01174123065279
0 COSMOS 1261 DEB
1 27901U 81031J   10265.78621756  .00000529  00000-0  10000-3 0  9998
2 27901 067.5469 180.4554 5649432 116.5800 311.0715 02.01175204 65291
0 COSMOS 1261 DEB
1 27901U 81031J   10266.78038307 +.00000518 +00000-0 +10000-3 0  9991
2 27901 067.5462 180.3994 5648914 116.5574 311.0875 02.01176241065315
0 COSMOS 1261 DEB
1 27901U 81031J   10267.27746362 +.00000511 +00000-0 +10000-3 0  9996
2 27901 067.5482 180.3733 5648655 116.5451 311.0954 02.01176743065320
0 COSMOS 1261 DEB
1 27901U 81031J   10268.76870384  .00000482  00000-0  10000-3 0  9990
2 27901 067.5479 180.2901 5647863 116.5070 311.1241 02.01178165 65352
0 COSMOS 1261 DEB
1 27901U 81031J   10269.76285884  .00000456  00000-0  10000-3 0  9997
2 27901 067.5304 180.2242 5645802 116.4073 311.1681 02.01179016 65376
0 COSMOS 1261 DEB
1 27901U 81031J   10270.25997670 +.00000441 +00000-0 +10000-3 0  9990
2 27901 067.5302 180.1963 5645513 116.3937 311.2088 02.01179449065383
0 COSMOS 1261 DEB
1 27901U 81031J   10271.25412505 +.00000409 +00000-0 +10000-3 0  9994
2 27901 067.5305 180.1411 5644987 116.3696 311.2279 02.01180276065405
0 COSMOS 1261 DEB
1 27901U 81031J   10272.24826807  .00000374  00000-0  10000-3 0  9999
2 27901 067.5302 180.0855 5644377 116.3418 311.2470 02.01181045 65428
0 COSMOS 1261 DEB
1 27901U 81031J   10273.24241171  .00000338  00000-0  10000-3 0  9995
2 27901 067.5225 180.0254 5643125 116.2795 311.2799 02.01181733 65442
0 COSMOS 1261 DEB
1 27901U 81031J   10274.23656697 +.00000303 +00000-0 +10000-3 0  9990
2 27901 067.5229 179.9701 5642601 116.2553 311.3114 02.01182389065462
0 COSMOS 1261 DEB
1 27901U 81031J   10275.23069832 +.00000271 +00000-0 +10000-3 0  9994
2 27901 067.5231 179.9146 5642112 116.2322 311.3273 02.01182987065481
0 COSMOS 1261 DEB
1 27901U 81031J   10276.22482546  .00000243  00000-0  10000-3 0  9994
2 27901 067.5235 179.8592 5641599 116.2087 311.3426 02.01183532 65505
0 COSMOS 1261 DEB
1 27901U 81031J   10276.72188763 +.00000231 +00000-0 +10000-3 0  9990
2 27901 067.5234 179.8314 5641332 116.1965 311.3502 02.01183786065512
0 COSMOS 1261 DEB
1 27901U 81031J   10277.71600970 +.00000209 +00000-0 +10000-3 0  9994
2 27901 067.5238 179.7761 5640810 116.1729 311.3647 02.01184249065536
0 COSMOS 1261 DEB
1 27901U 81031J   10278.21306956 +.00000198 +00000-0 +10000-3 0  9994
2 27901 067.5250 179.7491 5640561 116.1612 311.3715 02.01184458065543
0 COSMOS 1261 DEB
1 27901U 81031J   10279.20718849  .00000177  00000-0  10000-3 0  9999
2 27901 067.5257 179.6942 5639992 116.1346 311.3870 02.01184835 65563
0 COSMOS 1261 DEB
1 27901U 81031J   10279.70424918 +.00000166 +00000-0 +10000-3 0  9993
2 27901 067.5260 179.6664 5639810 116.1279 311.3943 02.01185009065578
0 COSMOS 1261 DEB
1 27901U 81031J   10280.69836844  .00000000  00000-0  10000-3 0  9995
2 27901 067.5433 179.6209 5640873 116.1063 311.4074 02.01187969 65592
0 COSMOS 1261 DEB
1 27901U 81031J   10281.19542124 +.00000124 +00000-0 +10000-3 0  9993
2 27901 067.5266 179.5837 5638934 116.0879 311.4162 02.01185418065608
0 COSMOS 1261 DEB
1 27901U 81031J   10282.18954054  .00000088  00000-0  10000-3 0  9991
2 27901 067.5330 179.5328 5639037 116.0963 311.4246 02.01185645 65621
0 COSMOS 1261 DEB
1 27901U 81031J   10283.18363384 +.00000045 +00000-0 +10000-3 0  9995
2 27901 067.5342 179.4783 5638615 116.0777 311.4237 02.01185799065644
0 COSMOS 1261 DEB
1 27901U 81031J   10284.17775041 -.00000001  00000-0  10000-3 0  9995
2 27901 067.5305 179.4201 5637580 116.0289 311.4500 02.01185887 65669
0 COSMOS 1261 DEB
1 27901U 81031J   10284.67482132 -.00000025 +00000-0 +10000-3 0  9992
2 27901 067.5306 179.3927 5637330 116.0189 311.4676 02.01185909065676
0 COSMOS 1261 DEB
1 27901U 81031J   10285.17187781 -.00000048 +00000-0 +10000-3 0  9995
2 27901 067.5311 179.3653 5637065 116.0054 311.4766 02.01185927065685
0 COSMOS 1261 DEB
1 27901U 81031J   10286.16599484 -.00000092 +00000-0 +10000-3 0  9991
2 27901 067.5317 179.3102 5636549 115.9824 311.4954 02.01185907065709
0 COSMOS 1261 DEB
1 27901U 81031J   10287.16010946 -.00000129  00000-0  10000-3 0  9994
2 27901 067.5325 179.2555 5636138 115.9635 311.5107 02.01185818 65727
0 COSMOS 1261 DEB
1 27901U 81031J   10288.15421684 -.00000159  00000-0  10000-3 0  9992
2 27901 067.5334 179.2008 5635797 115.9481 311.5192 02.01185665 65745
0 COSMOS 1261 DEB
1 27901U 81031J   10289.14833523 -.00000181 +00000-0 +10000-3 0  9996
2 27901 067.5340 179.1459 5635339 115.9268 311.5367 02.01185451065765
0 COSMOS 1261 DEB
1 27901U 81031J   10290.63951112 -.00000202  00000-0  10000-3 0  9991
2 27901 067.5342 179.0631 5634519 115.8904 311.5612 02.01185009 65798
0 COSMOS 1261 DEB
1 27901U 81031J   10290.63951112 -.00000202 +00000-0 +10000-3 0  9991
2 27901 067.5342 179.0631 5634519 115.8904 311.5612 02.01185009065798
0 COSMOS 1261 DEB
1 27901U 81031J   10291.13657123 -.00000207 +00000-0 +10000-3 0  9997
2 27901 067.5348 179.0360 5634324 115.8803 311.5694 02.01184837065805
0 COSMOS 1261 DEB
1 27901U 81031J   10292.13069178 -.00000217  00000-0  10000-3 0  9996
2 27901 067.5376 178.9835 5634205 115.8748 311.5803 02.01184445 65826
0 COSMOS 1261 DEB
1 27901U 81031J   10293.12480650 -.00000227  00000-0  10000-3 0  9999
2 27901 067.5351 178.9259 5633254 115.8293 311.5978 02.01183983 65848
0 COSMOS 1261 DEB
1 27901U 81031J   10293.62188126 -.00000233  00000-0  10000-3 0  9994
2 27901 067.5369 178.9001 5633262 115.8313 311.6109 02.01183738 65850
0 COSMOS 1261 DEB
1 27901U 81031J   10294.11893668 -.00000240  00000-0  10000-3 0  9991
2 27901 067.5350 178.8707 5632700 115.8037 311.6188 02.01183472 65864
0 COSMOS 1261 DEB
1 27901U 81031J   10295.61013905 -.00000266 +00000-0 +10000-3 0  9993
2 27901 067.5347 178.7878 5631730 115.7642 311.6529 02.01182628065895
0 COSMOS 1261 DEB
1 27901U 81031J   10296.10720659 -.00000277 +00000-0 +10000-3 0  9991
2 27901 067.5348 178.7602 5631431 115.7505 311.6636 02.01182322065909
0 COSMOS 1261 DEB
1 27901U 81031J   10297.10134330 -.00000301  00000-0  10000-3 0  9995
2 27901 067.5351 178.7053 5631000 115.7275 311.6818 02.01181625 65928
0 COSMOS 1261 DEB
1 27901U 81031J   10298.09548420 -.00000328 +00000-0 +10000-3 0  9992
2 27901 067.5349 178.6501 5630462 115.7027 311.7014 02.01180888065949
0 COSMOS 1261 DEB
1 27901U 81031J   10299.08963044 -.00000357 +00000-0 +10000-3 0  9997
2 27901 067.5348 178.5950 5629938 115.6768 311.7221 02.01180089065967
0 COSMOS 1261 DEB
1 27901U 81031J   10300.08377669 -.00000387  00000-0  10000-3 0  9995
2 27901 067.5355 178.5410 5629686 115.6622 311.7356 02.01179214 65984
0 COSMOS 1261 DEB
1 27901U 81031J   10301.07792468 -.00000415  00000-0  10000-3 0  9995
2 27901 067.5348 178.4851 5628949 115.6287 311.7539 02.01178311 66006
0 COSMOS 1261 DEB
1 27901U 81031J   10302.07208514 -.00000440 +00000-0 +10000-3 0  9998
2 27901 067.5348 178.4300 5628445 115.6042 311.7745 02.01177347066024
0 COSMOS 1261 DEB
1 27901U 81031J   10303.06624354 -.00000460 +00000-0 +10000-3 0  9994
2 27901 067.5348 178.3750 5627943 115.5805 311.7901 02.01176337066044
0 COSMOS 1261 DEB
1 27901U 81031J   10304.06040650 -.00000474  00000-0  10000-3 0  9991
2 27901 067.5350 178.3201 5627450 115.5572 311.8050 02.01175279 66064
0 COSMOS 1261 DEB
1 27901U 81031J   10305.05457394 -.00000485 +00000-0 +10000-3 0  9990
2 27901 067.5350 178.2650 5626930 115.5327 311.8196 02.01174172066085
0 COSMOS 1261 DEB
1 27901U 81031J   10306.04874770 -.00000493 +00000-0 +10000-3 0  9990
2 27901 067.5346 178.2097 5626314 115.5036 311.8362 02.01173023066100
0 COSMOS 1261 DEB
1 27901U 81031J   10307.04293021 -.00000502  00000-0  10000-3 0  9996
2 27901 067.5349 178.1546 5625816 115.4807 311.8530 02.01171830 66125
0 COSMOS 1261 DEB
1 27901U 81031J   10308.53421489 -.00000522 +00000-0 +10000-3 0  9994
2 27901 067.5348 178.0718 5625011 115.4426 311.8790 02.01169966066156
0 COSMOS 1261 DEB
1 27901U 81031J   10309.03131075 -.00000532 +00000-0 +10000-3 0  9990
2 27901 067.5348 178.0443 5624764 115.4310 311.8856 02.01169323066168
0 COSMOS 1261 DEB
1 27901U 81031J   10310.02551139 -.00000555  00000-0  10000-3 0  9993
2 27901 067.5344 177.9892 5624185 115.4030 311.9037 02.01168016 66188
0 COSMOS 1261 DEB
1 27901U 81031J   10311.01972178 -.00000582 +00000-0 +10000-3 0  9993
2 27901 067.5343 177.9342 5623683 115.3790 311.9231 02.01166677066201
0 COSMOS 1261 DEB
1 27901U 81031J   10312.01393663 -.00000610 +00000-0 +10000-3 0  9992
2 27901 067.5345 177.8792 5623225 115.3579 311.9403 02.01165310066224
0 COSMOS 1261 DEB
1 27901U 81031J   10313.00815607 -.00000635  00000-0  10000-3 0  9996
2 27901 067.5343 177.8245 5622787 115.3360 311.9560 02.01163909 66243
0 COSMOS 1261 DEB
1 27901U 81031J   10314.00238400 -.00000655 +00000-0 +10000-3 0  9999
2 27901 067.5340 177.7696 5622308 115.3106 311.9737 02.01162479066265
0 COSMOS 1261 DEB
1 27901U 81031J   10314.99662126 -.00000666 +00000-0 +10000-3 0  9995
2 27901 067.5339 177.7146 5621848 115.2873 311.9926 02.01161025066289
0 COSMOS 1261 DEB
1 27901U 81031J   10315.99086376 -.00000669  00000-0  10000-3 0  9996
2 27901 067.5338 177.6595 5621404 115.2658 312.0096 02.01159550 66307
0 COSMOS 1261 DEB
1 27901U 81031J   10316.98511195 -.00000664 +00000-0 +10000-3 0  9993
2 27901 067.5337 177.6044 5620918 115.2413 312.0262 02.01158049066322
0 COSMOS 1261 DEB
1 27901U 81031J   10318.47650137 -.00000647  00000-0  10000-3 0  9990
2 27901 067.5332 177.5220 5620164 115.2034 312.0535 02.01155761 66358
0 COSMOS 1261 DEB
1 27901U 81031J   10319.47077169 -.00000632 +00000-0 +10000-3 0  9993
2 27901 067.5327 177.4669 5619636 115.1764 312.0731 02.01154217066374
0 COSMOS 1261 DEB
1 27901U 81031J   10319.96791102 -.00000625 +00000-0 +10000-3 0  9999
2 27901 067.5326 177.4394 5619424 115.1647 312.0836 02.01153443066380
0 COSMOS 1261 DEB
1 27901U 81031J   10320.96219174 -.00000611  00000-0  10000-3 0  9990
2 27901 067.5321 177.3844 5618924 115.1403 312.1021 02.01151883 66404
0 COSMOS 1261 DEB
1 27901U 81031J   10321.95648004 -.00000601 +00000-0 +10000-3 0  9997
2 27901 067.5317 177.3294 5618434 115.1163 312.1206 02.01150316066424
0 COSMOS 1261 DEB
1 27901U 81031J   10322.95077602 -.00000594 +00000-0 +10000-3 0  9999
2 27901 067.5317 177.2743 5617933 115.0921 312.1391 02.01148741066442
0 COSMOS 1261 DEB
1 27901U 81031J   10323.94507991 -.00000590  00000-0  10000-3 0  9994
2 27901 067.5312 177.2194 5617425 115.0680 312.1579 02.01147165 66464
0 COSMOS 1261 DEB
1 27901U 81031J   10325.43655039 -.00000590 +00000-0 +10000-3 0  9997
2 27901 067.5304 177.1369 5616592 115.0294 312.1869 02.01144796066495
0 COSMOS 1261 DEB
1 27901U 81031J   10325.93370992 -.00000590 +00000-0 +10000-3 0  9994
2 27901 067.5300 177.1096 5616393 115.0176 312.1956 02.01144006066509
0 COSMOS 1261 DEB
1 27901U 81031J   10326.92803747 -.00000592  00000-0  10000-3 0  9995
2 27901 067.5294 177.0548 5615891 114.9935 312.2146 02.01142425 66522
0 COSMOS 1261 DEB
1 27901U 81031J   10329.91105893 -.00000585  00000-0  10000-3 0  9996
2 27901 067.5277 176.8905 5614362 114.9191 312.2666 02.01137701 66587
0 COSMOS 1261 DEB
1 27901U 81031J   10332.89414464 -.00000541  00000-0  10000-3 0  9996
2 27901 067.5281 176.7246 5612912 114.8425 312.3143 02.01133033 66649
0 COSMOS 1261 DEB
1 27901U 81031J   10333.88852380 -.00000523 +00000-0 +10000-3 0  9999
2 27901 067.5275 176.6698 5612397 114.8214 312.3307 02.01131505066661
0 COSMOS 1261 DEB
1 27901U 81031J   10334.88290459 -.00000507 +00000-0 +10000-3 0  9995
2 27901 067.5273 176.6148 5611826 114.7963 312.3443 02.01129999066682
0 COSMOS 1261 DEB
1 27901U 81031J   10335.87729589 -.00000496  00000-0  10000-3 0  9993
2 27901 067.5270 176.5597 5611339 114.7717 312.3597 02.01128507 66709
0 COSMOS 1261 DEB
1 27901U 81031J   10336.87169662 -.00000490 +00000-0 +10000-3 0  9998
2 27901 067.5258 176.5055 5610764 114.7493 312.3762 02.01127035066727
0 COSMOS 1261 DEB
1 27901U 81031J   10337.86610138 -.00000490 +00000-0 +10000-3 0  9997
2 27901 067.5258 176.4506 5610231 114.7249 312.3908 02.01125583066745
0 COSMOS 1261 DEB
1 27901U 81031J   10338.86051669 -.00000493  00000-0  10000-3 0  9999
2 27901 067.5255 176.3958 5610105 114.6848 312.4103 02.01124142 66766
0 COSMOS 1261 DEB
1 27901U 81031J   10339.85496411 -.00000494  00000-0  10000-3 0  9998
2 27901 067.5245 176.3413 5609589 114.6677 312.4435 02.01122735 66781
0 COSMOS 1261 DEB
1 27901U 81031J   10340.84938679 -.00000492 +00000-0 +10000-3 0  9994
2 27901 067.5236 176.2868 5609174 114.6399 312.4562 02.01121349066809
0 COSMOS 1261 DEB
1 27901U 81031J   10341.84382905 -.00000483 +00000-0 +10000-3 0  9990
2 27901 067.5212 176.2334 5608801 114.6213 312.4755 02.01119992066829
0 COSMOS 1261 DEB
1 27901U 81031J   10342.83826988 -.00000465  00000-0  10000-3 0  9994
2 27901 067.5225 176.1762 5608364 114.6013 312.4914 02.01118684 66845
0 COSMOS 1261 DEB
1 27901U 81031J   10343.83271435 -.00000440 +00000-0 +10000-3 0  9999
2 27901 067.5232 176.1193 5607649 114.5693 312.5106 02.01117427066869
0 COSMOS 1261 DEB
1 27901U 81031J   10344.82716847 -.00000409 +00000-0 +10000-3 0  9995
2 27901 067.5280 176.0607 5607248 114.5531 312.5247 02.01116163066881
0 COSMOS 1261 DEB
1 27901U 81031J   10345.82162431 -.00000374  00000-0  10000-3 0  9991
2 27901 067.5231 176.0087 5606655 114.5252 312.5401 02.01114958 66905
0 COSMOS 1261 DEB
1 27901U 81031J   10346.81609171 -.00000338 +00000-0 +10000-3 0  9998
2 27901 067.5240 175.9532 5606107 114.5023 312.5583 02.01113785066926
0 COSMOS 1261 DEB
1 27901U 81031J   10347.81056110 -.00000303 +00000-0 +10000-3 0  9990
2 27901 067.5238 175.8980 5605594 114.4803 312.5730 02.01112640066948
0 COSMOS 1261 DEB
1 27901U 81031J   10348.80503697 -.00000272  00000-0  10000-3 0  9992
2 27901 067.5578 175.8170 5605556 114.4833 312.5822 02.01111531 66969
0 COSMOS 1261 DEB
1 27901U 81031J   10349.79950263 -.00000244  00000-0  10000-3 0  9995
2 27901 067.5474 175.7705 5604721 114.4385 312.5928 02.01110450 66980
0 COSMOS 1261 DEB
1 27901U 81031J   10350.79400493 -.00000220  00000-0  10000-3 0  9996
2 27901 067.5479 175.7171 5603879 114.4047 312.6240 02.01109428 67005
0 COSMOS 1261 DEB
1 27901U 81031J   10351.78850066 -.00000199 +00000-0 +10000-3 0  9996
2 27901 067.5479 175.6625 5603317 114.3797 312.6438 02.01108447067027
0 COSMOS 1261 DEB
1 27901U 81031J   10352.78299862 -.00000181 +00000-0 +10000-3 0  9999
2 27901 067.5466 175.6085 5602759 114.3562 312.6613 02.01107506067044
0 COSMOS 1261 DEB
1 27901U 81031J   10353.77749940 -.00000165  00000-0  10000-3 0  9998
2 27901 067.5431 175.5564 5602195 114.3310 312.6776 02.01106604 67062
0 COSMOS 1261 DEB
1 27901U 81031J   10354.77200596 -.00000149 +00000-0 +10000-3 0  9990
2 27901 067.5401 175.5037 5601638 114.3067 312.6948 02.01105748067085
0 COSMOS 1261 DEB
1 27901U 81031J   10356.76060251  .00000000  00000-0  10000-3 0  9998
2 27901 067.5404 175.4067 5596266 114.5654 312.3555 02.01107158 67127
0 COSMOS 1261 DEB
1 27901U 81031J   10356.76103133 -.00000110  00000-0  10000-3 0  9998
2 27901 067.4094 175.4672 5608122 113.7752 312.8384 02.01104371 67127
0 COSMOS 1261 DEB
1 27901U 81031J   10364.22059253  .00000077  00000-0  10000-3 0  9992
2 27901 067.5159 174.9989 5594908 114.1599 313.2691 02.01099825 67274
0 COSMOS 1261 DEB
1 27901U 81031J   11002.20347735  .00000099  00000-0  10000-3 0  9999
2 27901 067.5157 174.8307 5595915 113.9848 312.7944 02.01098687 67335
0 COSMOS 1261 DEB
1 27901U 81031J   11006.18182867  .00000179  00000-0  10000-3 0  9992
2 27901 067.5047 174.6168 5594218 113.8891 312.9767 02.01097974 67410
0 COSMOS 1261 DEB
1 27901U 81031J   11007.17638148  .00000215  00000-0  10000-3 0  9991
2 27901 067.5161 174.5594 5593235 113.8602 312.9940 02.01097853 67438
0 COSMOS 1261 DEB
1 27901U 81031J   11008.66820647 +.00000274 +00000-0 +10000-3 0  9998
2 27901 067.5144 174.4781 5592612 113.8220 313.0176 02.01097842067464
0 COSMOS 1261 DEB
1 27901U 81031J   11015.63004884  .00000462  00000-0  10000-3 0  9999
2 27901 067.5240 174.0972 5588890 113.6496 313.1308 02.01099191 67608
0 COSMOS 1261 DEB
1 27901U 81031J   11016.62461495 +.00000477 +00000-0 +10000-3 0  9990
2 27901 067.5268 174.0429 5588561 113.6339 313.1542 02.01099520067624
0 COSMOS 1261 DEB
1 27901U 81031J   11021.59728168  .00000576  00000-0  10000-3 0  9995
2 27901 067.5280 173.7727 5586189 113.5081 313.2331 02.01102251 67726
0 COSMOS 1261 DEB
1 27901U 81031J   11022.59180889 +.00000602 +00000-0 +10000-3 0  9998
2 27901 067.5283 173.7187 5585710 113.4839 313.2514 02.01102962067742
0 COSMOS 1261 DEB
1 27901U 81031J   11023.58632702 +.00000626 +00000-0 +10000-3 0  9990
2 27901 067.5279 173.6644 5585254 113.4592 313.2648 02.01103691067763
0 COSMOS 1261 DEB
1 27901U 81031J   11026.56986625  .00000668  00000-0  10000-3 0  9993
2 27901 067.5274 173.5016 5583851 113.3841 313.3128 02.01106156 67827
0 COSMOS 1261 DEB
1 27901U 81031J   11027.06712054 +.00000669 +00000-0 +10000-3 0  9993
2 27901 067.5277 173.4747 5583620 113.3728 313.3216 02.01106608067839
0 COSMOS 1261 DEB
1 27901U 81031J   11027.56437167 +.00000670 +00000-0 +10000-3 0  9999
2 27901 067.5277 173.4478 5583382 113.3613 313.3290 02.01107069067843
0 COSMOS 1261 DEB
1 27901U 81031J   11029.55336840  .00000666  00000-0  10000-3 0  9991
2 27901 067.5273 173.3397 5582638 113.3180 313.3614 02.01109025 67888
0 COSMOS 1261 DEB
1 27901U 81031J   11030.54785630 +.00000668 +00000-0 +10000-3 0  9999
2 27901 067.5276 173.2856 5582175 113.2921 313.3765 02.01110054067902
0 COSMOS 1261 DEB
1 27901U 81031J   11031.54234324 +.00000676 +00000-0 +10000-3 0  9998
2 27901 067.5274 173.2311 5581723 113.2690 313.3937 02.01111118067922
0 COSMOS 1261 DEB
1 27901U 81031J   11033.53129821  .00000711  00000-0  10000-3 0  9994
2 27901 067.5275 173.1223 5580774 113.2214 313.4252 02.01113322 67965
0 COSMOS 1261 DEB
1 27901U 81031J   11039.49803191  .00000849  00000-0  10000-3 0  9996
2 27901 067.5302 172.7994 5576592 113.0588 313.5324 02.01120834 68082
0 COSMOS 1261 DEB
1 27901U 81031J   11040.49245752  .00000859  00000-0  10000-3 0  9992
2 27901 067.5278 172.7428 5577694 113.0472 313.5488 02.01122165 68105
0 COSMOS 1261 DEB
1 27901U 81031J   11041.48688971 +.00000865 +00000-0 +10000-3 0  9993
2 27901 067.5280 172.6884 5577172 113.0240 313.5712 02.01123542068129
0 COSMOS 1261 DEB
1 27901U 81031J   11043.97292294  .00000869  00000-0  10000-3 0  9992
2 27901 067.5285 172.5537 5576066 112.9615 313.6141 02.01127047 68179
0 COSMOS 1261 DEB
1 27901U 81031J   11044.96732498 +.00000870 +00000-0 +10000-3 0  9999
2 27901 067.5283 172.4993 5575695 112.9407 313.6326 02.01128518068199
0 COSMOS 1261 DEB
1 27901U 81031J   11048.44766223  .00000884  00000-0  10000-3 0  9994
2 27901 067.5307 172.3113 5572627 112.8401 313.6906 02.01133799 68263
0 COSMOS 1261 DEB
1 27901U 81031J   11053.41939993  .00000892  00000-0  10000-3 0  9992
2 27901 067.5294 172.0401 5572182 112.7286 313.7723 02.01141510 68360
0 COSMOS 1261 DEB
1 27901U 81031J   11054.41372431 +.00000876 +00000-0 +10000-3 0  9993
2 27901 067.5305 171.9861 5571233 112.7040 313.7863 02.01143110068380
0 COSMOS 1261 DEB
1 27901U 81031J   11055.40803565  .00000855  00000-0  10000-3 0  9997
2 27901 067.5299 171.9308 5571596 112.6846 313.8025 02.01144697 68408
0 COSMOS 1261 DEB
1 27901U 81031J   11056.40234763 +.00000833 +00000-0 +10000-3 0  9992
2 27901 067.5296 171.8765 5571250 112.6602 313.8205 02.01146254068421
0 COSMOS 1261 DEB
1 27901U 81031J   11057.39665209 +.00000812 +00000-0 +10000-3 0  9991
2 27901 067.5310 171.8228 5570597 112.6351 313.8365 02.01147821068446
0 COSMOS 1261 DEB
1 27901U 81031J   11058.39094726  .00000796  00000-0  10000-3 0  9993
2 27901 067.5308 171.7679 5570145 112.6121 313.8524 02.01149395 68463
0 COSMOS 1261 DEB
1 27901U 81031J   11059.38523417 +.00000786 +00000-0 +10000-3 0  9996
2 27901 067.5315 171.7140 5569335 112.5834 313.8654 02.01150904068487
0 COSMOS 1261 DEB
1 27901U 81031J   11061.37379436  .00000783  00000-0  10000-3 0  9995
2 27901 067.5327 171.6052 5568294 112.5358 313.9014 02.01153999 68528
0 COSMOS 1261 DEB
1 27901U 81031J   11062.36805698  .00000787  00000-0  10000-3 0  9993
2 27901 067.5324 171.5498 5566887 112.5025 313.9144 02.01155559 68545
0 COSMOS 1261 DEB
1 27901U 81031J   11063.36231285 +.00000791 +00000-0 +10000-3 0  9994
2 27901 067.5322 171.4953 5566470 112.4774 313.9290 02.01157041068568
0 COSMOS 1261 DEB
1 27901U 81031J   11064.35656730 +.00000793 +00000-0 +10000-3 0  9992
2 27901 067.5348 171.4428 5565889 112.4505 313.9468 02.01158500068588
0 COSMOS 1261 DEB
1 27901U 81031J   11065.35081574  .00000791  00000-0  10000-3 0  9999
2 27901 067.5348 171.3884 5565466 112.4254 313.9664 02.01159946 68601
0 COSMOS 1261 DEB
1 27901U 81031J   11066.34505649 +.00000784 +00000-0 +10000-3 0  9995
2 27901 067.5346 171.3342 5565102 112.4007 313.9855 02.01161367068625
0 COSMOS 1261 DEB
1 27901U 81031J   11067.33929102 +.00000773 +00000-0 +10000-3 0  9997
2 27901 067.5346 171.2800 5564687 112.3756 314.0052 02.01162770068642
0 COSMOS 1261 DEB
1 27901U 81031J   11068.33351833  .00000757  00000-0  10000-3 0  9990
2 27901 067.5345 171.2257 5564313 112.3508 314.0247 02.01164147 68666
0 COSMOS 1261 DEB
1 27901U 81031J   11069.32773911 +.00000737 +00000-0 +10000-3 0  9993
2 27901 067.5343 171.1715 5563957 112.3261 314.0441 02.01165496068687
0 COSMOS 1261 DEB
1 27901U 81031J   11070.32195319 +.00000716 +00000-0 +10000-3 0  9992
2 27901 067.5344 171.1171 5563622 112.3028 314.0619 02.01166800068704
0 COSMOS 1261 DEB
1 27901U 81031J   11071.31616123  .00000693  00000-0  10000-3 0  9997
2 27901 067.5344 171.0628 5563242 112.2779 314.0811 02.01168086 68724
0 COSMOS 1261 DEB
1 27901U 81031J   11072.31036192 +.00000670 +00000-0 +10000-3 0  9995
2 27901 067.5342 171.0084 5562916 112.2524 314.0999 02.01169336068741
0 COSMOS 1261 DEB
1 27901U 81031J   11073.30455698 +.00000649 +00000-0 +10000-3 0  9997
2 27901 067.5341 170.9544 5562521 112.2272 314.1186 02.01170556068768
0 COSMOS 1261 DEB
1 27901U 81031J   11074.29874495  .00000629  00000-0  10000-3 0  9994
2 27901 067.5351 170.9014 5562114 112.2016 314.1363 02.01171738 68787
0 COSMOS 1261 DEB
1 27901U 81031J   11075.29292598 +.00000612 +00000-0 +10000-3 0  9995
2 27901 067.5343 170.8462 5561742 112.1792 314.1521 02.01172877068804
0 COSMOS 1261 DEB
1 27901U 81031J   11076.28709957 +.00000596 +00000-0 +10000-3 0  9998
2 27901 067.5337 170.7917 5561564 112.1588 314.1674 02.01173991068825
0 COSMOS 1261 DEB
1 27901U 81031J   11077.28126744  .00000580  00000-0  10000-3 0  9999
2 27901 067.5351 170.7381 5558462 112.0882 314.1810 02.01175014 68847
0 COSMOS 1261 DEB
1 27901U 81031J   11078.27544494 +.00000562 +00000-0 +10000-3 0  9995
2 27901 067.5351 170.6839 5558129 112.0664 314.2059 02.01176037068866
0 COSMOS 1261 DEB
1 27901U 81031J   11079.26960359  .00000539  00000-0  10000-3 0  9991
2 27901 067.5295 170.6241 5556949 112.0258 314.2220 02.01176978 68883
0 COSMOS 1261 DEB
1 27901U 81031J   11080.26376502  .00000510  00000-0  10000-3 0  9993
2 27901 067.5354 170.5752 5556935 112.0146 314.2385 02.01177907 68904
0 COSMOS 1261 DEB
1 27901U 81031J   11081.25791243 +.00000474 +00000-0 +10000-3 0  9995
2 27901 067.5327 170.5187 5556442 111.9918 314.2510 02.01178791068928
0 COSMOS 1261 DEB
1 27901U 81031J   11082.25205817 +.00000433 +00000-0 +10000-3 0  9998
2 27901 067.5348 170.4665 5556064 111.9673 314.2667 02.01179637068944
0 COSMOS 1261 DEB
1 27901U 81031J   11083.24620227  .00000390  00000-0  10000-3 0  9996
2 27901 067.5329 170.4108 5555552 111.9406 314.2846 02.01180433 68967
0 COSMOS 1261 DEB
1 27901U 81031J   11084.24034268 +.00000347 +00000-0 +10000-3 0  9993
2 27901 067.5329 170.3566 5555228 111.9176 314.3014 02.01181160068986
0 COSMOS 1261 DEB
1 27901U 81031J   11085.23447993 +.00000308 +00000-0 +10000-3 0  9993
2 27901 067.5311 170.3006 5554862 111.8952 314.3186 02.01181849069008
0 COSMOS 1261 DEB
1 27901U 81031J   11086.22861216  .00000275  00000-0  10000-3 0  9994
2 27901 067.5346 170.2497 5554687 111.8792 314.3312 02.01182463 69022
0 COSMOS 1261 DEB
1 27901U 81031J   11087.22274166 +.00000248 +00000-0 +10000-3 0  9997
2 27901 067.5348 170.1956 5554224 111.8551 314.3462 02.01183024069045
0 COSMOS 1261 DEB
1 27901U 81031J   11088.21687086  .00000229  00000-0  10000-3 0  9995
2 27901 067.5204 170.1303 5552551 111.7676 314.3761 02.01183211 69062
0 COSMOS 1261 DEB
1 27901U 81031J   11089.21104010  .00000213  00000-0  10000-3 0  9990
2 27901 067.5342 170.0867 5552990 111.8082 314.4083 02.01184002 69087
0 COSMOS 1261 DEB
1 27901U 81031J   11090.20511900  .00000199  00000-0  10000-3 0  9994
2 27901 067.5286 170.0282 5552278 111.7687 314.3988 02.01184420 69104
0 COSMOS 1261 DEB
1 27901U 81031J   11090.70223073  .00000000  00000-0  10000-3 0  9991
2 27901 067.5374 170.0059 5553023 111.7172 314.4458 02.01187517 69116
0 COSMOS 1261 DEB
1 27901U 81031J   11091.69630847  .00000177  00000-0  10000-3 0  9996
2 27901 067.5224 169.9431 5550054 111.6787 314.4432 02.01184930 69133
0 COSMOS 1261 DEB
1 27901U 81031J   11094.67868848  .00000110  00000-0  10000-3 0  9998
2 27901 067.5265 169.7845 5550059 111.6450 314.5034 02.01185539 69198
0 COSMOS 1261 DEB
1 27901U 81031J   11095.17573743  .00000095  00000-0  10000-3 0  9993
2 27901 067.5328 169.7629 5550560 111.6539 314.4952 02.01185526 69209
0 COSMOS 1261 DEB
1 27901U 81031J   11096.16985521 +.00000064 +00000-0 +10000-3 0  9990
2 27901 067.5329 169.7094 5550172 111.6323 314.5106 02.01185564069222
0 COSMOS 1261 DEB
1 27901U 81031J   11097.66103265  .00000016  00000-0  10000-3 0  9990
2 27901 067.5330 169.6290 5549511 111.5908 314.5378 02.01185509 69257
0 COSMOS 1261 DEB
1 27901U 81031J   11098.15809893 -.00000001  00000-0  10000-3 0  9990
2 27901 067.5348 169.6034 5549605 111.5901 314.5476 02.01185460 69265
0 COSMOS 1261 DEB
1 27901U 81031J   11099.15221339 -.00000033 +00000-0 +10000-3 0  9999
2 27901 067.5343 169.5494 5549202 111.5650 314.5617 02.01185322069289
0 COSMOS 1261 DEB
1 27901U 81031J   11100.64339367 -.00000077  00000-0  10000-3 0  9995
2 27901 067.5327 169.4676 5548358 111.5147 314.5921 02.01184988 69313
0 COSMOS 1261 DEB
1 27901U 81031J   11100.64339367 -.00000077 +00000-0 +10000-3 0  9995
2 27901 067.5327 169.4676 5548358 111.5147 314.5921 02.01184988069313
0 COSMOS 1261 DEB
1 27901U 81031J   11101.14046260 -.00000091 +00000-0 +10000-3 0  9994
2 27901 067.5327 169.4408 5548166 111.5015 314.6080 02.01184867069321
0 COSMOS 1261 DEB
1 27901U 81031J   11102.13458199 -.00000115 +00000-0 +10000-3 0  9999
2 27901 067.5324 169.3867 5547710 111.4716 314.6257 02.01184548069341
0 COSMOS 1261 DEB
1 27901U 81031J   11103.12870690 -.00000137  00000-0  10000-3 0  9997
2 27901 067.5328 169.3332 5547238 111.4432 314.6457 02.01184172 69369
0 COSMOS 1261 DEB
1 27901U 81031J   11103.62577098 -.00000147 +00000-0 +10000-3 0  9999
2 27901 067.5329 169.3062 5546991 111.4298 314.6561 02.01183960069376
0 COSMOS 1261 DEB
1 27901U 81031J   11104.12283296 -.00000157 +00000-0 +10000-3 0  9990
2 27901 067.5327 169.2786 5546756 111.4152 314.6655 02.01183745069380
0 COSMOS 1261 DEB
1 27901U 81031J   11105.11695812 -.00000177 +00000-0 +10000-3 0  9993
2 27901 067.5323 169.2254 5546384 111.3908 314.6823 02.01183280069405
0 COSMOS 1261 DEB
1 27901U 81031J   11106.11108524 -.00000199  00000-0  10000-3 0  9997
2 27901 067.5325 169.1713 5545943 111.3647 314.6991 02.01182744 69428
0 COSMOS 1261 DEB
1 27901U 81031J   11107.10521584 -.00000226 +00000-0 +10000-3 0  9993
2 27901 067.5324 169.1182 5545549 111.3401 314.7162 02.01182163069445
0 COSMOS 1261 DEB
1 27901U 81031J   11108.09934900 -.00000259 +00000-0 +10000-3 0  9998
2 27901 067.5326 169.0645 5545112 111.3149 314.7327 02.01181514069469
0 COSMOS 1261 DEB
1 27901U 81031J   11109.09348601 -.00000296  00000-0  10000-3 0  9997
2 27901 067.5322 169.0111 5544699 111.2893 314.7506 02.01180827 69484
0 COSMOS 1261 DEB
1 27901U 81031J   11110.08762616 -.00000336 +00000-0 +10000-3 0  9999
2 27901 067.5322 168.9575 5544274 111.2641 314.7680 02.01180083069506
0 COSMOS 1261 DEB
1 27901U 81031J   11111.08176990 -.00000375 +00000-0 +10000-3 0  9997
2 27901 067.5319 168.9038 5543835 111.2383 314.7852 02.01179283069524
0 COSMOS 1261 DEB
1 27901U 81031J   11111.57885683  .00000000  00000-0  10000-3 0  9991
2 27901 067.5443 168.8844 5544986 111.2169 314.8042 02.01182138 69532
0 COSMOS 1261 DEB
1 27901U 81031J   11112.07591824 -.00000411  00000-0  10000-3 0  9995
2 27901 067.5318 168.8499 5543417 111.2129 314.8032 02.01178440 69544
0 COSMOS 1261 DEB
1 27901U 81031J   11113.07007055 -.00000441 +00000-0 +10000-3 0  9997
2 27901 067.5318 168.7959 5542947 111.1850 314.8217 02.01177546069564
0 COSMOS 1261 DEB
1 27901U 81031J   11114.06422841 -.00000463 +00000-0 +10000-3 0  9995
2 27901 067.5315 168.7423 5542539 111.1596 314.8399 02.01176599069581
0 COSMOS 1261 DEB
1 27901U 81031J   11115.05839098 -.00000477  00000-0  10000-3 0  9996
2 27901 067.5314 168.6887 5542141 111.1346 314.8578 02.01175603 69602
0 COSMOS 1261 DEB
1 27901U 81031J   11116.05255923 -.00000484 +00000-0 +10000-3 0  9994
2 27901 067.5313 168.6350 5541720 111.1086 314.8763 02.01174558069625
0 COSMOS 1261 DEB
1 27901U 81031J   11117.04673308 -.00000488 +00000-0 +10000-3 0  9999
2 27901 067.5311 168.5814 5541309 111.0832 314.8949 02.01173470069648
0 COSMOS 1261 DEB
1 27901U 81031J   11117.54382251 -.00000489  00000-0  10000-3 0  9999
2 27901 067.5310 168.5546 5541101 111.0707 314.9043 02.01172905 69659
0 COSMOS 1261 DEB
1 27901U 81031J   11118.53800513 -.00000491 +00000-0 +10000-3 0  9998
2 27901 067.5309 168.5010 5540693 111.0453 314.9233 02.01171753069679
0 COSMOS 1261 DEB
1 27901U 81031J   11119.03509908 -.00000492 +00000-0 +10000-3 0  9999
2 27901 067.5309 168.4741 5540494 111.0324 314.9333 02.01171164069683
0 COSMOS 1261 DEB
1 27901U 81031J   11120.02929082 -.00000498  00000-0  10000-3 0  9995
2 27901 067.5307 168.4206 5540097 111.0068 314.9526 02.01169952 69700
0 COSMOS 1261 DEB
1 27901U 81031J   11120.52638969 -.00000501 +00000-0 +10000-3 0  9996
2 27901 067.5307 168.3936 5539907 110.9943 314.9628 02.01169332069713
0 COSMOS 1261 DEB
1 27901U 81031J   11121.02348950 -.00000505 +00000-0 +10000-3 0  9994
2 27901 067.5304 168.3669 5539696 110.9809 314.9729 02.01168706069726
0 COSMOS 1261 DEB
1 27901U 81031J   11122.01769392 -.00000516 +00000-0 +10000-3 0  9993
2 27901 067.5305 168.3132 5539294 110.9550 314.9928 02.01167423069747
0 COSMOS 1261 DEB
1 27901U 81031J   11122.51479891 -.00000522  00000-0  10000-3 0  9997
2 27901 067.5306 168.2862 5539109 110.9430 315.0027 02.01166769 69754
0 COSMOS 1261 DEB
1 27901U 81031J   11123.50901207 -.00000536 +00000-0 +10000-3 0  9993
2 27901 067.5305 168.2326 5538710 110.9174 315.0218 02.01165436069774
0 COSMOS 1261 DEB
1 27901U 81031J   11124.50323215 -.00000549 +00000-0 +10000-3 0  9995
2 27901 067.5303 168.1789 5538313 110.8918 315.0412 02.01164072069791
0 COSMOS 1261 DEB
1 27901U 81031J   11125.49745840 -.00000562  00000-0  10000-3 0  9991
2 27901 067.5301 168.1255 5537904 110.8661 315.0600 02.01162677 69818
0 COSMOS 1261 DEB
1 27901U 81031J   11126.49169104 -.00000573 +00000-0 +10000-3 0  9997
2 27901 067.5302 168.0718 5537511 110.8401 315.0783 02.01161254069832
0 COSMOS 1261 DEB
1 27901U 81031J   11127.48593076 -.00000582 +00000-0 +10000-3 0  9996
2 27901 067.5301 168.0182 5537127 110.8150 315.0965 02.01159806069854
0 COSMOS 1261 DEB
1 27901U 81031J   11128.48017644 -.00000587  00000-0  10000-3 0  9994
2 27901 067.5294 167.9647 5536689 110.7871 315.1146 02.01158334 69879
0 COSMOS 1261 DEB
1 27901U 81031J   11129.47443020 -.00000588 +00000-0 +10000-3 0  9996
2 27901 067.5293 167.9112 5536284 110.7607 315.1327 02.01156839069894
0 COSMOS 1261 DEB
1 27901U 81031J   11130.46869052 -.00000587 +00000-0 +10000-3 0  9993
2 27901 067.5295 167.8576 5535897 110.7347 315.1501 02.01155327069917
0 COSMOS 1261 DEB
1 27901U 81031J   11130.46870934  .00000000  00000-0  10000-3 0  9993
2 27901 067.5431 167.8621 5537251 110.7241 315.1626 02.01158497 69918
0 COSMOS 1261 DEB
1 27901U 81031J   11131.46295811 -.00000583  00000-0  10000-3 0  9996
2 27901 067.5297 167.8039 5535511 110.7090 315.1673 02.01153798 69933
0 COSMOS 1261 DEB
1 27901U 81031J   11132.45723307 -.00000579 +00000-0 +10000-3 0  9997
2 27901 067.5296 167.7505 5535168 110.6863 315.1834 02.01152256069953
0 COSMOS 1261 DEB
1 27901U 81031J   11133.45151406 -.00000577 +00000-0 +10000-3 0  9991
2 27901 067.5295 167.6968 5534819 110.6635 315.1984 02.01150704069977
0 COSMOS 1261 DEB
1 27901U 81031J   11134.44580269 -.00000580  00000-0  10000-3 0  9998
2 27901 067.5293 167.6433 5534440 110.6393 315.2140 02.01149144 69996
0 COSMOS 1261 DEB
1 27901U 81031J   11135.44009964 -.00000587 +00000-0 +10000-3 0  9994
2 27901 067.5290 167.5898 5534022 110.6134 315.2308 02.01147577070015
0 COSMOS 1261 DEB
1 27901U 81031J   11136.43440493 -.00000599 +00000-0 +10000-3 0  9993
2 27901 067.5285 167.5364 5533627 110.5883 315.2476 02.01146004070039
0 COSMOS 1261 DEB
1 27901U 81031J   11137.42871769 -.00000612  00000-0  10000-3 0  9993
2 27901 067.5284 167.4828 5533282 110.5650 315.2638 02.01144429 70052
0 COSMOS 1261 DEB
1 27901U 81031J   11138.42303756 -.00000625 +00000-0 +10000-3 0  9994
2 27901 067.5282 167.4292 5532930 110.5413 315.2798 02.01142854070070
0 COSMOS 1261 DEB
1 27901U 81031J   11139.41736521 -.00000634 +00000-0 +10000-3 0  9994
2 27901 067.5279 167.3757 5532582 110.5177 315.2958 02.01141280070093
0 COSMOS 1261 DEB
1 27901U 81031J   11140.41170081 -.00000637  00000-0  10000-3 0  9992
2 27901 067.5281 167.3219 5532230 110.4940 315.3119 02.01139706 70119
0 COSMOS 1261 DEB
1 27901U 81031J   11141.40604462 -.00000631 +00000-0 +10000-3 0  9991
2 27901 067.5271 167.2689 5531874 110.4695 315.3289 02.01138145070134
0 COSMOS 1261 DEB
1 27901U 81031J   11142.40039650 -.00000618 +00000-0 +10000-3 0  9998
2 27901 067.5267 167.2155 5531497 110.4444 315.3462 02.01136588070154
0 COSMOS 1261 DEB
1 27901U 81031J   11143.39475692 -.00000599  00000-0  10000-3 0  9995
2 27901 067.5263 167.1618 5531338 110.4282 315.3609 02.01135035 70178
0 COSMOS 1261 DEB
1 27901U 81031J   11144.38912273 -.00000576 +00000-0 +10000-3 0  9991
2 27901 067.5261 167.1081 5530949 110.4027 315.3778 02.01133501070199
0 COSMOS 1261 DEB
1 27901U 81031J   11145.38349876 -.00000552 +00000-0 +10000-3 0  9999
2 27901 067.5255 167.0545 5530552 110.3771 315.3969 02.01131984070219
0 COSMOS 1261 DEB
1 27901U 81031J   11146.37788208 -.00000529  00000-0  10000-3 0  9999
2 27901 067.5254 167.0005 5530173 110.3496 315.4163 02.01130481 70232
0 COSMOS 1261 DEB
1 27901U 81031J   11147.37227507 -.00000508 +00000-0 +10000-3 0  9997
2 27901 067.5247 166.9471 5529842 110.3274 315.4362 02.01128999070258
0 COSMOS 1261 DEB
1 27901U 81031J   11148.36667164 -.00000491 +00000-0 +10000-3 0  9995
2 27901 067.5241 166.8933 5529467 110.3050 315.4535 02.01127535070278
0 COSMOS 1261 DEB
1 27901U 81031J   11149.36107432 -.00000476  00000-0  10000-3 0  9996
2 27901 067.5236 166.8398 5529083 110.2790 315.4709 02.01126089 70299
0 COSMOS 1261 DEB
1 27901U 81031J   11150.35548707 -.00000463 +00000-0 +10000-3 0  9997
2 27901 067.5217 166.7874 5528667 110.2534 315.4907 02.01124669070314
0 COSMOS 1261 DEB
1 27901U 81031J   11151.34990519 -.00000452 +00000-0 +10000-3 0  9997
2 27901 067.5265 166.7301 5528344 110.2226 315.5108 02.01123273070338
0 COSMOS 1261 DEB
1 27901U 81031J   11152.34433530 -.00000440  00000-0  10000-3 0  9990
2 27901 067.5299 166.6742 5528089 110.1866 315.5354 02.01121889 70354
0 COSMOS 1261 DEB
1 27901U 81031J   11153.33877820 -.00000427 +00000-0 +10000-3 0  9999
2 27901 067.5304 166.6200 5527672 110.1635 315.5616 02.01120543070370
0 COSMOS 1261 DEB
1 27901U 81031J   11154.33321224 -.00000412 +00000-0 +10000-3 0  9996
2 27901 067.5307 166.5662 5527253 110.1397 315.5763 02.01119217070395
0 COSMOS 1261 DEB
1 27901U 81031J   11155.32765346 -.00000394  00000-0  10000-3 0  9992
2 27901 067.5314 166.5121 5526811 110.1148 315.5922 02.01117924 70419
0 COSMOS 1261 DEB
1 27901U 81031J   11161.29444435 -.00000253  00000-0  10000-3 0  9992
2 27901 067.6097 166.1384 5510791 110.6856 315.5536 02.01111093 70531
0 COSMOS 1261 DEB
1 27901U 81031J   11167.26049103 -.00000202  00000-0  10000-3 0  9992
2 27901 067.5251 165.8699 5521550 109.8592 315.1209 02.01105244 70656
0 COSMOS 1261 DEB
1 27901U 81031J   11169.74762883 -.00000144  00000-0  10000-3 0  9999
2 27901 067.5409 165.7303 5521756 109.6917 315.8015 02.01103167 70709
0 COSMOS 1261 DEB
1 27901U 81031J   11177.70402472 +.00000105 +00000-0 +10000-3 0  9995
2 27901 067.5457 165.2994 5519052 109.5115 316.0302 02.01098809070863
0 COSMOS 1261 DEB
1 27901U 81031J   11185.16310847  .00000288  00000-0  10000-3 0  9990
2 27901 067.5166 164.9213 5516236 109.3192 316.1440 02.01097492 71013
0 COSMOS 1261 DEB
1 27901U 81031J   11186.15765708  .00000318  00000-0  10000-3 0  9994
2 27901 067.5257 164.8633 5515751 109.2974 316.1585 02.01097493 71030
0 COSMOS 1261 DEB
1 27901U 81031J   11187.15220189 +.00000346 +00000-0 +10000-3 0  9995
2 27901 067.5259 164.8104 5515396 109.2711 316.1725 02.01097574071057
0 COSMOS 1261 DEB
1 27901U 81031J   11202.56749500  .00000653  00000-0  10000-3 0  9992
2 27901 067.5187 163.9954 5510372 108.8725 316.4271 02.01104843 71360
0 COSMOS 1261 DEB
1 27901U 81031J   11203.56204244 +.00000672 +00000-0 +10000-3 0  9995
2 27901 067.5181 163.9414 5510079 108.8474 316.4709 02.01105696071385
0 COSMOS 1261 DEB
1 27901U 81031J   11204.05929804 +.00000681 +00000-0 +10000-3 0  9996
2 27901 067.5180 163.9146 5509879 108.8333 316.4802 02.01106124071398
0 COSMOS 1261 DEB
1 27901U 81031J   11206.54555719  .00000716  00000-0  10000-3 0  9991
2 27901 067.5193 163.7794 5509155 108.7726 316.5291 02.01108496 71444
0 COSMOS 1261 DEB
1 27901U 81031J   11207.54004884 +.00000728 +00000-0 +10000-3 0  9997
2 27901 067.5202 163.7248 5508881 108.7494 316.5459 02.01109512071464
0 COSMOS 1261 DEB
1 27901U 81031J   11208.53453513  .00000742  00000-0  10000-3 0  9990
2 27901 067.5206 163.6693 5509005 108.7311 316.5583 02.01110476 71489
0 COSMOS 1261 DEB
1 27901U 81031J   11212.51243559  .00000811  00000-0  10000-3 0  9997
2 27901 067.5189 163.4602 5507971 108.6287 316.6311 02.01115030 71568
0 COSMOS 1261 DEB
1 27901U 81031J   11213.50690039 +.00000829 +00000-0 +10000-3 0  9995
2 27901 067.5198 163.4063 5507633 108.6072 316.6518 02.01116251071583
0 COSMOS 1261 DEB
1 27901U 81031J   11221.46233519  .00000830  00000-0  10000-3 0  9997
2 27901 067.5255 162.9758 5504976 108.3860 316.8173 02.01127374 71746
0 COSMOS 1261 DEB
1 27901U 81031J   11222.45670685 +.00000828 +00000-0 +10000-3 0  9993
2 27901 067.5270 162.9225 5504566 108.3623 316.8170 02.01128835071766
0 COSMOS 1261 DEB
1 27901U 81031J   11222.95389771 +.00000829 +00000-0 +10000-3 0  9992
2 27901 067.5275 162.8959 5504382 108.3498 316.8224 02.01129566071773
0 COSMOS 1261 DEB
1 27901U 81031J   11229.91444503  .00000897  00000-0  10000-3 0  9995
2 27901 067.5388 162.5340 5502626 108.1571 316.9603 02.01150970 71919
0 COSMOS 1261 DEB
1 27901U 81031J   11229.91446660  .00000897  00000-0  10000-3 0  9991
2 27901 067.5275 162.5238 5501805 108.1839 316.9551 02.01140063 71919
0 COSMOS 1261 DEB
1 27901U 81031J   11229.91446660 +.00000897 +00000-0 +10000-3 0  9991
2 27901 067.5275 162.5238 5501805 108.1839 316.9551 02.01140063071919
0 COSMOS 1261 DEB
1 27901U 81031J   11232.89743845  .00000884  00000-0  10000-3 0  9993
2 27901 067.5267 162.3671 5500234 108.1284 316.9957 02.01144666 71977
0 COSMOS 1261 DEB
1 27901U 81031J   11232.89743845 +.00000884 +00000-0 +10000-3 0  9993
2 27901 067.5267 162.3671 5500234 108.1284 316.9957 02.01144666071977
0 COSMOS 1261 DEB
1 27901U 81031J   11240.35457468  .00000838  00000-0  10000-3 0  9995
2 27901 067.5278 161.9701 5498673 107.9323 317.1250 02.01156160 72121
0 COSMOS 1261 DEB
1 27901U 81031J   11241.34883104  .00000832  00000-0  10000-3 0  9999
2 27901 067.5290 161.9183 5499065 107.8862 317.1724 02.01157967 72146
0 COSMOS 1261 DEB
1 27901U 81031J   11241.84595080 +.00000827 +00000-0 +10000-3 0  9991
2 27901 067.5295 161.8920 5498947 107.8730 317.1794 02.01158707072152
0 COSMOS 1261 DEB
1 27901U 81031J   11243.83442978  .00000796  00000-0  10000-3 0  9994
2 27901 067.5290 161.7860 5497998 107.8152 317.2197 02.01161595 72193
0 COSMOS 1261 DEB
1 27901U 81031J   11246.81708958  .00000707  00000-0  10000-3 0  9990
2 27901 067.5285 161.6272 5497023 107.7406 317.2696 02.01165698 72252
0 COSMOS 1261 DEB
1 27901U 81031J   11247.81129144 +.00000673 +00000-0 +10000-3 0  9997
2 27901 067.5283 161.5744 5496684 107.7164 317.2827 02.01167011072275
0 COSMOS 1261 DEB
1 27901U 81031J   11248.80549007 +.00000642 +00000-0 +10000-3 0  9997
2 27901 067.5266 161.5221 5496417 107.6875 317.3004 02.01168297072295
0 COSMOS 1261 DEB
1 27901U 81031J   11249.79968652  .00000616  00000-0  10000-3 0  9998
2 27901 067.5266 161.4690 5496107 107.6628 317.3189 02.01169546 72311
0 COSMOS 1261 DEB
1 27901U 81031J   11250.79387495 +.00000596 +00000-0 +10000-3 0  9997
2 27901 067.5272 161.4155 5495765 107.6390 317.3362 02.01170766072330
0 COSMOS 1261 DEB
1 27901U 81031J   11251.78805637 +.00000581 +00000-0 +10000-3 0  9994
2 27901 067.5279 161.3642 5495369 107.6071 317.3540 02.01171952072351
0 COSMOS 1261 DEB
1 27901U 81031J   11252.78223967 +.00000569 +00000-0 +10000-3 0  9991
2 27901 067.5291 161.3117 5494883 107.5759 317.3794 02.01173143072371
0 COSMOS 1261 DEB
1 27901U 81031J   11253.77641269  .00000559  00000-0  10000-3 0  9999
2 27901 067.5305 161.2600 5494804 107.5566 317.4014 02.01174427 72396
0 COSMOS 1261 DEB
1 27901U 81031J   11254.77057345 +.00000548 +00000-0 +10000-3 0  9994
2 27901 067.5304 161.2071 5494538 107.5308 317.4159 02.01175492072411
0 COSMOS 1261 DEB
1 27901U 81031J   11255.76473803 +.00000533 +00000-0 +10000-3 0  9999
2 27901 067.5304 161.1540 5494276 107.5051 317.4368 02.01176512072433
0 COSMOS 1261 DEB
1 27901U 81031J   11256.75889786  .00000515  00000-0  10000-3 0  9990
2 27901 067.5306 161.1010 5494023 107.4788 317.4584 02.01177496 72457
0 COSMOS 1261 DEB
1 27901U 81031J   11257.75305279 +.00000492 +00000-0 +10000-3 0  9995
2 27901 067.5304 161.0480 5493773 107.4532 317.4794 02.01178429072475
0 COSMOS 1261 DEB
1 27901U 81031J   11258.74720281 +.00000466 +00000-0 +10000-3 0  9990
2 27901 067.5304 160.9949 5493522 107.4277 317.5003 02.01179317072494
0 COSMOS 1261 DEB
1 27901U 81031J   11259.74134772  .00000438  00000-0  10000-3 0  9994
2 27901 067.5304 160.9419 5493264 107.4021 317.5207 02.01180156 72518
0 COSMOS 1261 DEB
1 27901U 81031J   11260.73548795 +.00000408 +00000-0 +10000-3 0  9996
2 27901 067.5300 160.8891 5493093 107.3761 317.5413 02.01180959072539
0 COSMOS 1261 DEB
1 27901U 81031J   11262.72375699  .00000351  00000-0  10000-3 0  9995
2 27901 067.5296 160.7831 5492682 107.3243 317.5823 02.01182399 72573
0 COSMOS 1261 DEB
1 27901U 81031J   11264.71201032 +.00000299 +00000-0 +10000-3 0  9996
2 27901 067.5295 160.6771 5492297 107.2716 317.6214 02.01183620072618
0 COSMOS 1261 DEB
1 27901U 81031J   11265.20907249  .00000288  00000-0  10000-3 0  9992
2 27901 067.5306 160.6515 5492081 107.2587 317.6297 02.01183869 72621
0 COSMOS 1261 DEB
1 27901U 81031J   11266.20319442 +.00000265 +00000-0 +10000-3 0  9990
2 27901 067.5304 160.5985 5491744 107.2327 317.6481 02.01184348072646
0 COSMOS 1261 DEB
1 27901U 81031J   11267.69437282  .00000233  00000-0  10000-3 0  9992
2 27901 067.5312 160.5197 5491323 107.1934 317.6764 02.01184971 72675
0 COSMOS 1261 DEB
1 27901U 81031J   11267.69437282 +.00000233 +00000-0 +10000-3 0  9992
2 27901 067.5312 160.5197 5491323 107.1934 317.6764 02.01184971072675
0 COSMOS 1261 DEB
1 27901U 81031J   11268.68848922 +.00000210 +00000-0 +10000-3 0  9994
2 27901 067.5313 160.4670 5491051 107.1675 317.6954 02.01185319072691
0 COSMOS 1261 DEB
1 27901U 81031J   11269.68260374 +.00000185 +00000-0 +10000-3 0  9995
2 27901 067.5312 160.4141 5490786 107.1419 317.7139 02.01185605072710
0 COSMOS 1261 DEB
1 27901U 81031J   11270.67671674  .00000154  00000-0  10000-3 0  9991
2 27901 067.5305 160.3611 5490471 107.1135 317.7333 02.01185835 72732
0 COSMOS 1261 DEB
1 27901U 81031J   11271.67082921 +.00000118 +00000-0 +10000-3 0  9993
2 27901 067.5301 160.3078 5490005 107.0786 317.7551 02.01186017072756
0 COSMOS 1261 DEB
1 27901U 81031J   11272.16788715 +.00000098 +00000-0 +10000-3 0  9999
2 27901 067.5280 160.2796 5489632 107.0636 317.7680 02.01186134072760
0 COSMOS 1261 DEB
1 27901U 81031J   11273.16199230  .00000055  00000-0  10000-3 0  9991
2 27901 067.5260 160.2248 5489194 107.0285 317.7865 02.01186236 72783
0 COSMOS 1261 DEB
1 27901U 81031J   11273.65904856 +.00000033 +00000-0 +10000-3 0  9999
2 27901 067.5258 160.1983 5489045 107.0151 317.7965 02.01186254072794
0 COSMOS 1261 DEB
1 27901U 81031J   11275.15021156 -.00000034 +00000-0 +10000-3 0  9991
2 27901 067.5259 160.1189 5488678 106.9767 317.8229 02.01186233072820
0 COSMOS 1261 DEB
1 27901U 81031J   11276.14431936 -.00000074  00000-0  10000-3 0  9996
2 27901 067.5261 160.0662 5488458 106.9533 317.8383 02.01186128 72841
0 COSMOS 1261 DEB
1 27901U 81031J   11277.13842863 -.00000108 +00000-0 +10000-3 0  9999
2 27901 067.5260 160.0128 5488150 106.9251 317.8559 02.01185974072868
0 COSMOS 1261 DEB
1 27901U 81031J   11278.13254129 -.00000135 +00000-0 +10000-3 0  9992
2 27901 067.5262 159.9601 5487871 106.8981 317.8746 02.01185750072883
0 COSMOS 1261 DEB
1 27901U 81031J   11279.12665643 -.00000157  00000-0  10000-3 0  9993
2 27901 067.5264 159.9070 5487616 106.8726 317.8937 02.01185467 72909
0 COSMOS 1261 DEB
1 27901U 81031J   11280.12077328 -.00000173 +00000-0 +10000-3 0  9990
2 27901 067.5263 159.8540 5487325 106.8446 317.9134 02.01185119072921
0 COSMOS 1261 DEB
1 27901U 81031J   11281.11489435 -.00000188 +00000-0 +10000-3 0  9992
2 27901 067.5262 159.8011 5487063 106.8187 317.9343 02.01184712072946
0 COSMOS 1261 DEB
1 27901U 81031J   11281.61195566 -.00000195  00000-0  10000-3 0  9994
2 27901 067.5263 159.7747 5486952 106.8062 317.9446 02.01184487 72954
0 COSMOS 1261 DEB
1 27901U 81031J   11282.60607933 -.00000211 +00000-0 +10000-3 0  9999
2 27901 067.5262 159.7219 5486704 106.7803 317.9651 02.01183994072976
0 COSMOS 1261 DEB
1 27901U 81031J   11283.10314255 -.00000219 +00000-0 +10000-3 0  9995
2 27901 067.5261 159.6954 5486577 106.7676 317.9752 02.01183721072987
0 COSMOS 1261 DEB
1 27901U 81031J   11284.09727072 -.00000239  00000-0  10000-3 0  9991
2 27901 067.5261 159.6424 5486329 106.7414 317.9958 02.01183139 73009
0 COSMOS 1261 DEB
1 27901U 81031J   11285.09140213 -.00000261 +00000-0 +10000-3 0  9993
2 27901 067.5263 159.5896 5486100 106.7158 318.0163 02.01182498073024
0 COSMOS 1261 DEB
1 27901U 81031J   11286.08553649 -.00000285 +00000-0 +10000-3 0  9990
2 27901 067.5261 159.5367 5485855 106.6902 318.0367 02.01181805073046
0 COSMOS 1261 DEB
1 27901U 81031J   11287.07967329 -.00000311  00000-0  10000-3 0  9994
2 27901 067.5254 159.4831 5485499 106.6578 318.0588 02.01181061 73067
0 COSMOS 1261 DEB
1 27901U 81031J   11288.07381583 -.00000335 +00000-0 +10000-3 0  9993
2 27901 067.5248 159.4297 5485203 106.6278 318.0812 02.01180259073086
0 COSMOS 1261 DEB
1 27901U 81031J   11289.06796158 -.00000359 +00000-0 +10000-3 0  9997
2 27901 067.5244 159.3769 5484954 106.6019 318.1019 02.01179411073101
0 COSMOS 1261 DEB
1 27901U 81031J   11290.06210865 -.00000380  00000-0  10000-3 0  9999
2 27901 067.5243 159.3240 5484706 106.5763 318.1202 02.01178510 73129
0 COSMOS 1261 DEB
1 27901U 81031J   11291.05625974 -.00000398 +00000-0 +10000-3 0  9999
2 27901 067.5242 159.2712 5484459 106.5502 318.1383 02.01177562073145
0 COSMOS 1261 DEB
1 27901U 81031J   11292.05041588 -.00000413 +00000-0 +10000-3 0  9991
2 27901 067.5239 159.2186 5484230 106.5248 318.1562 02.01176563073161
0 COSMOS 1261 DEB
1 27901U 81031J   11293.04457702 -.00000425  00000-0  10000-3 0  9993
2 27901 067.5239 159.1654 5483955 106.4971 318.1748 02.01175518 73182
0 COSMOS 1261 DEB
1 27901U 81031J   11294.53582952 -.00000439 +00000-0 +10000-3 0  9999
2 27901 067.5243 159.0866 5483641 106.4602 318.2020 02.01173875073216
0 COSMOS 1261 DEB
1 27901U 81031J   11295.53000438 -.00000448  00000-0  10000-3 0  9994
2 27901 067.5238 159.0332 5483337 106.4308 318.2213 02.01172719 73235
0 COSMOS 1261 DEB
1 27901U 81031J   11296.02709607 -.00000453 +00000-0 +10000-3 0  9999
2 27901 067.5240 159.0068 5483199 106.4182 318.2319 02.01172128073242
0 COSMOS 1261 DEB
1 27901U 81031J   11297.02127888 -.00000464 +00000-0 +10000-3 0  9997
2 27901 067.5243 158.9541 5482976 106.3924 318.2494 02.01170916073263
0 COSMOS 1261 DEB
1 27901U 81031J   11298.01546861 -.00000479  00000-0  10000-3 0  9999
2 27901 067.5244 158.9015 5482759 106.3671 318.2675 02.01169669 73284
0 COSMOS 1261 DEB
1 27901U 81031J   11299.00966352 -.00000499 +00000-0 +10000-3 0  9992
2 27901 067.5243 158.8485 5482516 106.3415 318.2853 02.01168392073303
0 COSMOS 1261 DEB
1 27901U 81031J   11300.00386325 -.00000522 +00000-0 +10000-3 0  9998
2 27901 067.5245 158.7958 5482289 106.3163 318.3018 02.01167081073326
0 COSMOS 1261 DEB
1 27901U 81031J   11300.99806872 -.00000548  00000-0  10000-3 0  9998
2 27901 067.5245 158.7430 5482073 106.2920 318.3178 02.01165745 73346
0 COSMOS 1261 DEB
1 27901U 81031J   11302.48938793 -.00000585 +00000-0 +10000-3 0  9993
2 27901 067.5245 158.6636 5481702 106.2505 318.3419 02.01163679073375
0 COSMOS 1261 DEB
1 27901U 81031J   11302.98649977 -.00000595 +00000-0 +10000-3 0  9992
2 27901 067.5244 158.6370 5481596 106.2378 318.3512 02.01162981073388
0 COSMOS 1261 DEB
1 27901U 81031J   11304.47784143 -.00000617  00000-0  10000-3 0  9998
2 27901 067.5242 158.5574 5481196 106.1957 318.3766 02.01160835 73410
0 COSMOS 1261 DEB
1 27901U 81031J   11305.47208102 -.00000622 +00000-0 +10000-3 0  9991
2 27901 067.5240 158.5045 5480913 106.1672 318.3959 02.01159379073438
0 COSMOS 1261 DEB
1 27901U 81031J   11305.96920408 -.00000623 +00000-0 +10000-3 0  9996
2 27901 067.5236 158.4780 5480794 106.1542 318.4052 02.01158639073445
0 COSMOS 1261 DEB
1 27901U 81031J   11306.96345490 -.00000619 +00000-0 +10000-3 0  9994
2 27901 067.5232 158.4252 5480559 106.1296 318.4231 02.01157148073465
0 COSMOS 1261 DEB
1 27901U 81031J   11307.95771336 -.00000611 +00000-0 +10000-3 0  9998
2 27901 067.5172 158.3761 5480691 106.1066 318.4386 02.01155599073485
0 COSMOS 1261 DEB
1 27901U 81031J   11308.95198786 -.00000602 +00000-0 +10000-3 0  9991
2 27901 067.5187 158.3217 5480522 106.0837 318.4619 02.01154064073503
0 COSMOS 1261 DEB
1 27901U 81031J   11309.94626283 -.00000593 +00000-0 +10000-3 0  9998
2 27901 067.5217 158.2670 5479880 106.0518 318.4856 02.01152577073522
0 COSMOS 1261 DEB
1 27901U 81031J   11310.94054002 -.00000587 +00000-0 +10000-3 0  9997
2 27901 067.5216 158.2139 5479661 106.0262 318.5011 02.01151028073540
0 COSMOS 1261 DEB
1 27901U 81031J   11311.93483058 -.00000583 +00000-0 +10000-3 0  9990
2 27901 067.5214 158.1611 5479404 105.9983 318.5215 02.01149469073569
0 COSMOS 1261 DEB
1 27901U 81031J   11312.92912936 -.00000582  00000-0  10000-3 0  9991
2 27901 067.5209 158.1084 5479200 105.9724 318.5417 02.01147907 73585
0 COSMOS 1261 DEB
1 27901U 81031J   11313.92343461 -.00000581 +00000-0 +10000-3 0  9992
2 27901 067.5205 158.0555 5479018 105.9489 318.5602 02.01146340073607
0 COSMOS 1261 DEB
1 27901U 81031J   11314.91774562 -.00000580 +00000-0 +10000-3 0  9991
2 27901 067.5197 158.0030 5478793 105.9230 318.5781 02.01144769073621
0 COSMOS 1261 DEB
1 27901U 81031J   11315.91206455 -.00000578  00000-0  10000-3 0  9990
2 27901 067.5196 157.9500 5478545 105.8952 318.5970 02.01143201 73647
0 COSMOS 1261 DEB
1 27901U 81031J   11316.90639125 -.00000573 +00000-0 +10000-3 0  9999
2 27901 067.5194 157.8968 5478385 105.8721 318.6142 02.01141632073668
0 COSMOS 1261 DEB
1 27901U 81031J   11317.90072374 -.00000565 +00000-0 +10000-3 0  9998
2 27901 067.5190 157.8443 5478235 105.8491 318.6298 02.01140064073682
0 COSMOS 1261 DEB
1 27901U 81031J   11318.89506426 -.00000555  00000-0  10000-3 0  9996
2 27901 067.5181 157.7919 5478006 105.8175 318.6487 02.01138508 73707
0 COSMOS 1261 DEB
1 27901U 81031J   11319.88941636 -.00000541 +00000-0 +10000-3 0  9997
2 27901 067.5193 157.7382 5477831 105.7965 318.6672 02.01136957073729
0 COSMOS 1261 DEB
1 27901U 81031J   11321.87813607 -.00000508  00000-0  10000-3 0  9998
2 27901 067.5175 157.6333 5477385 105.7445 318.7026 02.01133900 73764
0 COSMOS 1261 DEB
1 27901U 81031J   11321.87813607 -.00000508 +00000-0 +10000-3 0  9998
2 27901 067.5175 157.6333 5477385 105.7445 318.7026 02.01133900073764
0 COSMOS 1261 DEB
1 27901U 81031J   11322.87250462 -.00000490 +00000-0 +10000-3 0  9993
2 27901 067.5164 157.5813 5477209 105.7213 318.7172 02.01132385073782
0 COSMOS 1261 DEB
1 27901U 81031J   11323.86688267 -.00000474 +00000-0 +10000-3 0  9993
2 27901 067.5160 157.5285 5477027 105.6953 318.7345 02.01130890073803
0 COSMOS 1261 DEB
1 27901U 81031J   11324.86126900 -.00000461  00000-0  10000-3 0  9991
2 27901 067.5142 157.4764 5476900 105.6744 318.7509 02.01129415 73826
0 COSMOS 1261 DEB
1 27901U 81031J   11324.86126900 -.00000461 +00000-0 +10000-3 0  9991
2 27901 067.5142 157.4764 5476900 105.6744 318.7509 02.01129415073826
0 COSMOS 1261 DEB
1 27901U 81031J   11325.85565923 -.00000453 +00000-0 +10000-3 0  9994
2 27901 067.5147 157.4229 5476742 105.6515 318.7658 02.01127959073845
0 COSMOS 1261 DEB
1 27901U 81031J   11326.85005616 -.00000449 +00000-0 +10000-3 0  9998
2 27901 067.5132 157.3707 5476559 105.6288 318.7803 02.01126526073865
0 COSMOS 1261 DEB
1 27901U 81031J   11327.84445870 -.00000448  00000-0  10000-3 0  9997
2 27901 067.5116 157.3181 5476415 105.6114 318.7922 02.01125117 73881
0 COSMOS 1261 DEB
1 27901U 81031J   11328.83886415 -.00000449 +00000-0 +10000-3 0  9992
2 27901 067.5098 157.2661 5476269 105.5902 318.8023 02.01123728073905
0 COSMOS 1261 DEB
1 27901U 81031J   11329.83327889 -.00000448  00000-0  10000-3 0  9997
2 27901 067.5097 157.2124 5476291 105.5737 318.8119 02.01122360 73928
0 COSMOS 1261 DEB
1 27901U 81031J   11329.83327889 -.00000448 +00000-0 +10000-3 0  9997
2 27901 067.5097 157.2124 5476291 105.5737 318.8119 02.01122360073928
0 COSMOS 1261 DEB
1 27901U 81031J   11331.82213350 -.00000434  00000-0  10000-3 0  9991
2 27901 067.6194 157.0270 5476277 105.5609 318.8367 02.01119679 73967
0 COSMOS 1261 DEB
1 27901U 81031J   11348.23110334 -.00000029  00000-0  10000-3 0  9992
2 27901 067.5213 156.2257 5473519 105.0098 319.1732 02.01103332 74293
0 COSMOS 1261 DEB
1 27901U 81031J   11357.18192170  .00000146  00000-0  10000-3 0  9993
2 27901 067.5159 155.7550 5470458 104.8124 319.3621 02.01099364 74476
0 COSMOS 1261 DEB
1 27901U 81031J   11358.17639612  .00000159  00000-0  10000-3 0  9994
2 27901 067.5300 155.6940 5470486 104.7973 319.3281 02.01099138 74491
0 COSMOS 1261 DEB
1 27901U 81031J   11363.14909766  .00000299  00000-0  10000-3 0  9992
2 27901 067.5279 155.4315 5469477 104.6667 319.4144 02.01098873 74592
0 COSMOS 1261 DEB
1 27901U 81031J   11363.14911425 -.00000033  00000-0  10000-3 0  9994
2 27901 067.5448 155.4351 5471495 104.6679 319.4241 02.01102440 74590
0 COSMOS 1261 DEB
1 27901U 81031J   11364.14363976  .00000331  00000-0  10000-3 0  9997
2 27901 067.5138 155.3862 5469118 104.6335 319.4351 02.01098969 74615
0 COSMOS 1261 DEB
1 27901U 81031J   11365.63545606 +.00000375 +00000-0 +10000-3 0  9992
2 27901 067.5160 155.3058 5469059 104.5960 319.4621 02.01099175074647
0 COSMOS 1261 DEB
1 27901U 81031J   12001.63000500  .00000399  00000-0  10000-3 0  9995
2 27901 067.5186 155.2532 5468867 104.5702 319.4847 02.01099372 74662
0 COSMOS 1261 DEB
1 27901U 81031J   12002.62454753 +.00000420 +00000-0 +10000-3 0  9993
2 27901 067.5197 155.2010 5468612 104.5436 319.5044 02.01099614074688
0 COSMOS 1261 DEB
1 27901U 81031J   12005.60815541  .00000479  00000-0  10000-3 0  9994
2 27901 067.5223 155.0449 5468024 104.4662 319.5572 02.01100667 74743
0 COSMOS 1261 DEB
1 27901U 81031J   12006.10542301 +.00000489 +00000-0 +10000-3 0  9992
2 27901 067.5228 155.0190 5467976 104.4560 319.5667 02.01100898074755
0 COSMOS 1261 DEB
1 27901U 81031J   12007.59721487 +.00000523 +00000-0 +10000-3 0  9999
2 27901 067.5222 154.9401 5467716 104.4169 319.5913 02.01101644074786
0 COSMOS 1261 DEB
1 27901U 81031J   12008.59174110  .00000548  00000-0  10000-3 0  9992
2 27901 067.5227 154.8878 5467484 104.3905 319.6090 02.01102202 74808
0 COSMOS 1261 DEB
1 27901U 81031J   12009.58626392 +.00000575 +00000-0 +10000-3 0  9996
2 27901 067.5231 154.8355 5467315 104.3652 319.6262 02.01102812074825
0 COSMOS 1261 DEB
1 27901U 81031J   12010.58078405 +.00000602 +00000-0 +10000-3 0  9995
2 27901 067.5226 154.7829 5467145 104.3394 319.6436 02.01103460074843
0 COSMOS 1261 DEB
1 27901U 81031J   12011.57530202  .00000630  00000-0  10000-3 0  9994
2 27901 067.5228 154.7305 5466990 104.3136 319.6623 02.01104161 74864
0 COSMOS 1261 DEB
1 27901U 81031J   12015.55333482  .00000710  00000-0  10000-3 0  9996
2 27901 067.5228 154.5207 5466682 104.2133 319.7353 02.01107373 74945
0 COSMOS 1261 DEB
1 27901U 81031J   12019.53128665  .00000721  00000-0  10000-3 0  9995
2 27901 067.5219 154.3092 5466104 104.1140 319.7960 02.01111202 75021
0 COSMOS 1261 DEB
1 27901U 81031J   12020.52576456 +.00000725 +00000-0 +10000-3 0  9995
2 27901 067.5224 154.2564 5465699 104.0850 319.8123 02.01112248075040
0 COSMOS 1261 DEB
1 27901U 81031J   12021.02300189 +.00000728 +00000-0 +10000-3 0  9992
2 27901 067.5227 154.2303 5465734 104.0747 319.8213 02.01112801075055
0 COSMOS 1261 DEB
1 27901U 81031J   12022.51470216 +.00000748 +00000-0 +10000-3 0  9998
2 27901 067.5230 154.1511 5465432 104.0353 319.8462 02.01114497075089
0 COSMOS 1261 DEB
1 27901U 81031J   12023.01193363 +.00000757 +00000-0 +10000-3 0  9999
2 27901 067.5246 154.1255 5464760 104.0195 319.8531 02.01115096075092
0 COSMOS 1261 DEB
1 27901U 81031J   12024.50361836  .00000788  00000-0  10000-3 0  9990
2 27901 067.5252 154.0468 5464241 103.9772 319.8798 02.01116904 75125
0 COSMOS 1261 DEB
1 27901U 81031J   12025.49806982 +.00000809 +00000-0 +10000-3 0  9999
2 27901 067.5252 153.9942 5464482 103.9548 319.9006 02.01118147075144
0 COSMOS 1261 DEB
1 27901U 81031J   12026.49251745 +.00000829 +00000-0 +10000-3 0  9993
2 27901 067.5253 153.9415 5464140 103.9265 319.9223 02.01119425075160
0 COSMOS 1261 DEB
1 27901U 81031J   12028.48139101  .00000857  00000-0  10000-3 0  9996
2 27901 067.5255 153.8362 5463636 103.8729 319.9633 02.01122057 75200
0 COSMOS 1261 DEB
1 27901U 81031J   12028.97860395 +.00000861 +00000-0 +10000-3 0  9991
2 27901 067.5267 153.8107 5463780 103.8645 319.9719 02.01122730075211
0 COSMOS 1261 DEB
1 27901U 81031J   12033.45344776  .00000882  00000-0  10000-3 0  9993
2 27901 067.5261 153.5737 5463101 103.7484 320.0627 02.01129104 75301
0 COSMOS 1261 DEB
1 27901U 81031J   12034.44782990 +.00000888 +00000-0 +10000-3 0  9993
2 27901 067.5264 153.5210 5463053 103.7221 320.0794 02.01130596075329
0 COSMOS 1261 DEB
1 27901U 81031J   12036.43658362  .00000904  00000-0  10000-3 0  9998
2 27901 067.5263 153.4158 5462057 103.6638 320.1168 02.01133624 75367
0 COSMOS 1261 DEB
1 27901U 81031J   12040.41400456  .00000936  00000-0  10000-3 0  9995
2 27901 067.5251 153.2055 5461120 103.5593 320.1961 02.01139850 75444
0 COSMOS 1261 DEB
1 27901U 81031J   12041.40832964 +.00000937 +00000-0 +10000-3 0  9999
2 27901 067.5259 153.1521 5461083 103.5346 320.2085 02.01141414075462
0 COSMOS 1261 DEB
1 27901U 81031J   12042.40265696  .00000932  00000-0  10000-3 0  9997
2 27901 067.5259 153.0992 5461337 103.5106 320.2293 02.01142986 75487
0 COSMOS 1261 DEB
1 27901U 81031J   12042.40265696 +.00000932 +00000-0 +10000-3 0  9997
2 27901 067.5259 153.0992 5461337 103.5106 320.2293 02.01142986075487
0 COSMOS 1261 DEB
1 27901U 81031J   12044.39128852 +.00000904 +00000-0 +10000-3 0  9998
2 27901 067.5262 152.9935 5461253 103.4597 320.2663 02.01146075075525
0 COSMOS 1261 DEB
1 27901U 81031J   12044.39128946 +.00000904 +00000-0 +10000-3 0  9992
2 27901 067.5267 152.9939 5461245 103.4597 320.2669 02.01146076075522
0 COSMOS 1261 DEB
1 27901U 81031J   12047.37417227  .00000843  00000-0  10000-3 0  9998
2 27901 067.5269 152.8351 5461100 103.3831 320.3175 02.01150701 75580
0 COSMOS 1261 DEB
1 27901U 81031J   12048.36845272 +.00000827 +00000-0 +10000-3 0  9995
2 27901 067.5271 152.7822 5461049 103.3576 320.3351 02.01152226075606
0 COSMOS 1261 DEB
1 27901U 81031J   12049.36272690 +.00000816 +00000-0 +10000-3 0  9992
2 27901 067.5271 152.7295 5461053 103.3323 320.3532 02.01153736075625
0 COSMOS 1261 DEB
1 27901U 81031J   12051.35125833  .00000806  00000-0  10000-3 0  9999
2 27901 067.5281 152.6237 5461239 103.2843 320.3946 02.01156742 75666
0 COSMOS 1261 DEB
1 27901U 81031J   12052.34551588  .00000804  00000-0  10000-3 0  9997
2 27901 067.5383 152.5762 5463265 103.2974 320.4091 02.01158010 75681
0 COSMOS 1261 DEB
1 27901U 81031J   12059.30511970  .00000706  00000-0  10000-3 0  9992
2 27901 067.5303 152.2011 5459200 103.0712 320.5574 02.01167808 75827
0 COSMOS 1261 DEB
1 27901U 81031J   12060.29931862  .00000686  00000-0  10000-3 0  9995
2 27901 067.5349 152.1520 5459578 103.0563 320.5740 02.01169083 75847
0 COSMOS 1261 DEB
1 27901U 81031J   12061.29351085 +.00000667 +00000-0 +10000-3 0  9998
2 27901 067.5351 152.0992 5459369 103.0294 320.5922 02.01170328075869
0 COSMOS 1261 DEB
1 27901U 81031J   12062.28769785 +.00000649 +00000-0 +10000-3 0  9998
2 27901 067.5295 152.0420 5457829 102.9860 320.6085 02.01171511075886
0 COSMOS 1261 DEB
1 27901U 81031J   12063.28187927 +.00000633 +00000-0 +10000-3 0  9994
2 27901 067.5274 151.9874 5457489 102.9581 320.6269 02.01172680075901
0 COSMOS 1261 DEB
1 27901U 81031J   12064.27605520 +.00000618 +00000-0 +10000-3 0  9991
2 27901 067.5291 151.9355 5457555 102.9346 320.6443 02.01173781075926
0 COSMOS 1261 DEB
1 27901U 81031J   12065.27023000 +.00000604 +00000-0 +10000-3 0  9994
2 27901 067.5312 151.8836 5457655 102.9080 320.6662 02.01174836075946
0 COSMOS 1261 DEB
1 27901U 81031J   12066.26440206 +.00000589 +00000-0 +10000-3 0  9997
2 27901 067.5315 151.8311 5457619 102.8832 320.6896 02.01175883075965
0 COSMOS 1261 DEB
1 27901U 81031J   12067.25856561  .00000572  00000-0  10000-3 0  9994
2 27901 067.5105 151.7612 5457176 102.8428 320.7161 02.01176849 75985
0 COSMOS 1261 DEB
1 27901U 81031J   12068.25272663  .00000552  00000-0  10000-3 0  9998
2 27901 067.5292 151.7234 5457239 102.8305 320.7316 02.01177808 76008
0 COSMOS 1261 DEB
1 27901U 81031J   12068.25272663 +.00000552 +00000-0 +10000-3 0  9998
2 27901 067.5292 151.7234 5457239 102.8305 320.7316 02.01177808076008
0 COSMOS 1261 DEB
1 27901U 81031J   12068.74982083 -.00000034  00000-0  10000-3 0  9992
2 27901 067.5306 151.6970 5458607 102.8193 320.7455 02.01181535 76012
0 COSMOS 1261 DEB
1 27901U 81031J   12069.24687815 +.00000527 +00000-0 +10000-3 0  9999
2 27901 067.5288 151.6705 5457086 102.8035 320.7505 02.01178716076026
0 COSMOS 1261 DEB
1 27901U 81031J   12070.24102641 +.00000496 +00000-0 +10000-3 0  9995
2 27901 067.5262 151.6154 5456847 102.7773 320.7699 02.01179580076044
0 COSMOS 1261 DEB
1 27901U 81031J   12071.23516717  .00000460  00000-0  10000-3 0  9999
2 27901 067.5286 151.5644 5456917 102.7526 320.7863 02.01180368 76068
0 COSMOS 1261 DEB
1 27901U 81031J   12071.73223990 +.00000440 +00000-0 +10000-3 0  9990
2 27901 067.5262 151.5353 5456569 102.7360 320.7975 02.01180740076077
0 COSMOS 1261 DEB
1 27901U 81031J   12072.22930708 +.00000420 +00000-0 +10000-3 0  9995
2 27901 067.5285 151.5109 5456675 102.7273 320.8031 02.01181097076083
0 COSMOS 1261 DEB
1 27901U 81031J   12073.22343981  .00000377  00000-0  10000-3 0  9998
2 27901 067.5294 151.4587 5456624 102.6983 320.8194 02.01181755 76107
0 COSMOS 1261 DEB
1 27901U 81031J   12074.71463677 +.00000317 +00000-0 +10000-3 0  9992
2 27901 067.5286 151.3790 5456344 102.6585 320.8473 02.01182713076138
0 COSMOS 1261 DEB
1 27901U 81031J   12075.21169924 +.00000298 +00000-0 +10000-3 0  9994
2 27901 067.5289 151.3524 5456441 102.6493 320.8536 02.01182984076143
0 COSMOS 1261 DEB
1 27901U 81031J   12075.70878282 -.00000031  00000-0  10000-3 0  9998
2 27901 067.5395 151.3313 5457729 102.6355 320.8686 02.01186512 76152
0 COSMOS 1261 DEB
1 27901U 81031J   12076.20582397  .00000265  00000-0  10000-3 0  9991
2 27901 067.5295 151.3003 5456257 102.6151 320.8730 02.01183513 76165
0 COSMOS 1261 DEB
1 27901U 81031J   12077.69701441 +.00000226 +00000-0 +10000-3 0  9995
2 27901 067.5275 151.2193 5455844 102.5731 320.9044 02.01184210076193
0 COSMOS 1261 DEB
1 27901U 81031J   12078.19407639 +.00000215 +00000-0 +10000-3 0  9991
2 27901 067.5289 151.1937 5455938 102.5643 320.9126 02.01184401076204
0 COSMOS 1261 DEB
1 27901U 81031J   12079.18819928  .00000195  00000-0  10000-3 0  9996
2 27901 067.5290 151.1406 5455819 102.5343 320.9342 02.01184747 76227
0 COSMOS 1261 DEB
1 27901U 81031J   12079.68526430 +.00000185 +00000-0 +10000-3 0  9993
2 27901 067.5269 151.1130 5455674 102.5220 320.9468 02.01184898076237
0 COSMOS 1261 DEB
1 27901U 81031J   12080.18232437 +.00000175 +00000-0 +10000-3 0  9990
2 27901 067.5271 151.0866 5455654 102.5084 320.9574 02.01185053076244
0 COSMOS 1261 DEB
1 27901U 81031J   12081.17644529 +.00000154 +00000-0 +10000-3 0  9996
2 27901 067.5264 151.0329 5455526 102.4799 320.9797 02.01185302076266
0 COSMOS 1261 DEB
1 27901U 81031J   12082.17056668  .00000130  00000-0  10000-3 0  9992
2 27901 067.5270 150.9810 5455427 102.4545 321.0026 02.01185508 76282
0 COSMOS 1261 DEB
1 27901U 81031J   12082.66762630 +.00000116 +00000-0 +10000-3 0  9993
2 27901 067.5272 150.9548 5455321 102.4410 321.0128 02.01185571076290
0 COSMOS 1261 DEB
1 27901U 81031J   12083.16468605 +.00000102 +00000-0 +10000-3 0  9999
2 27901 067.5284 150.9283 5455356 102.4285 321.0225 02.01185597076305
0 COSMOS 1261 DEB
1 27901U 81031J   12084.15880536 +.00000072 +00000-0 +10000-3 0  9996
2 27901 067.5280 150.8757 5455216 102.4018 321.0446 02.01185671076325
0 COSMOS 1261 DEB
1 27901U 81031J   12085.15292201  .00000040  00000-0  10000-3 0  9998
2 27901 067.5289 150.8232 5455087 102.3769 321.0632 02.01185655 76341
0 COSMOS 1261 DEB
1 27901U 81031J   12085.64998161 +.00000024 +00000-0 +10000-3 0  9992
2 27901 067.5288 150.7971 5454995 102.3640 321.0738 02.01185639076354
0 COSMOS 1261 DEB
1 27901U 81031J   12086.14703918 +.00000008 +00000-0 +10000-3 0  9994
2 27901 067.5287 150.7709 5454949 102.3505 321.0840 02.01185623076369
0 COSMOS 1261 DEB
1 27901U 81031J   12087.14115334 -.00000023 +00000-0 +10000-3 0  9992
2 27901 067.5295 150.7184 5454821 102.3250 321.1017 02.01185516076381
0 COSMOS 1261 DEB
1 27901U 81031J   12088.13526853 -.00000052  00000-0  10000-3 0  9996
2 27901 067.5299 150.6660 5454699 102.2985 321.1204 02.01185364 76402
0 COSMOS 1261 DEB
1 27901U 81031J   12088.63232693 -.00000065 +00000-0 +10000-3 0  9991
2 27901 067.5295 150.6394 5454592 102.2796 321.1316 02.01185252076415
0 COSMOS 1261 DEB
1 27901U 81031J   12089.12938821 -.00000077 +00000-0 +10000-3 0  9995
2 27901 067.5294 150.6131 5454541 102.2664 321.1436 02.01185144076425
0 COSMOS 1261 DEB
1 27901U 81031J   12089.62645762  .00000005  00000-0  10000-3 0  9999
2 27901 067.5437 150.5923 5455719 102.2494 321.1592 02.01188934 76435
0 COSMOS 1261 DEB
1 27901U 81031J   12090.12350459 -.00000100 +00000-0 +10000-3 0  9999
2 27901 067.5298 150.5611 5454427 102.2398 321.1622 02.01184883076446
0 COSMOS 1261 DEB
1 27901U 81031J   12091.11762331 -.00000120  00000-0  10000-3 0  9997
2 27901 067.5296 150.5082 5454301 102.2108 321.1823 02.01184562 76465
0 COSMOS 1261 DEB
1 27901U 81031J   12092.11174549 -.00000139 +00000-0 +10000-3 0  9996
2 27901 067.5298 150.4558 5454203 102.1848 321.2025 02.01184179076486
0 COSMOS 1261 DEB
1 27901U 81031J   12093.10586943 -.00000156 +00000-0 +10000-3 0  9990
2 27901 067.5305 150.4036 5454106 102.1591 321.2223 02.01183736076504
0 COSMOS 1261 DEB
1 27901U 81031J   12094.09999615 -.00000174  00000-0  10000-3 0  9993
2 27901 067.5310 150.3514 5454006 102.1332 321.2429 02.01183243 76525
0 COSMOS 1261 DEB
1 27901U 81031J   12095.09412507 -.00000193 +00000-0 +10000-3 0  9995
2 27901 067.5311 150.2988 5453919 102.1076 321.2631 02.01182690076549
0 COSMOS 1261 DEB
1 27901U 81031J   12096.08825647 -.00000216 +00000-0 +10000-3 0  9994
2 27901 067.5312 150.2467 5453846 102.0829 321.2827 02.01182085076563
0 COSMOS 1261 DEB
1 27901U 81031J   12097.08238938 -.00000242  00000-0  10000-3 0  9995
2 27901 067.5314 150.1941 5453740 102.0560 321.3016 02.01181420 76581
0 COSMOS 1261 DEB
1 27901U 81031J   12098.57359339 -.00000290 +00000-0 +10000-3 0  9992
2 27901 067.5319 150.1154 5453575 102.0143 321.3292 02.01180323076616
0 COSMOS 1261 DEB
1 27901U 81031J   12099.07066370 -.00000307 +00000-0 +10000-3 0  9997
2 27901 067.5318 150.0892 5453537 102.0003 321.3388 02.01179933076628
0 COSMOS 1261 DEB
1 27901U 81031J   12100.06480366 -.00000343  00000-0  10000-3 0  9994
2 27901 067.5321 150.0367 5453445 101.9739 321.3550 02.01179114 76645
0 COSMOS 1261 DEB
1 27901U 81031J   12101.05894669 -.00000379 +00000-0 +10000-3 0  9998
2 27901 067.5321 149.9840 5453370 101.9472 321.3702 02.01178242076661
0 COSMOS 1261 DEB
1 27901U 81031J   12102.05309468 -.00000411 +00000-0 +10000-3 0  9994
2 27901 067.5321 149.9312 5453256 101.9205 321.3862 02.01177327076684
0 COSMOS 1261 DEB
1 27901U 81031J   12103.54432595 -.00000449  00000-0  10000-3 0  9998
2 27901 067.5317 149.8517 5453058 101.8791 321.4100 02.01175846 76718
0 COSMOS 1261 DEB
1 27901U 81031J   12104.04140821 -.00000458 +00000-0 +10000-3 0  9992
2 27901 067.5317 149.8253 5453024 101.8654 321.4200 02.01175334076720
0 COSMOS 1261 DEB
1 27901U 81031J   12105.03557491 -.00000473 +00000-0 +10000-3 0  9994
2 27901 067.5318 149.7724 5452900 101.8358 321.4390 02.01174267076742
0 COSMOS 1261 DEB
1 27901U 81031J   12106.02975066 -.00000483  00000-0  10000-3 0  9997
2 27901 067.5314 149.7195 5452780 101.8068 321.4597 02.01173144 76768
0 COSMOS 1261 DEB
1 27901U 81031J   12107.02393410 -.00000490 +00000-0 +10000-3 0  9993
2 27901 067.5314 149.6670 5452679 101.7810 321.4808 02.01171982076781
0 COSMOS 1261 DEB
1 27901U 81031J   12108.51522067 -.00000501  00000-0  10000-3 0  9993
2 27901 067.5308 149.5879 5452431 101.7342 321.5157 02.01170159 76817
0 COSMOS 1261 DEB
1 27901U 81031J   12108.51522067 -.00000501 +00000-0 +10000-3 0  9993
2 27901 067.5308 149.5879 5452431 101.7342 321.5157 02.01170159076817
0 COSMOS 1261 DEB
1 27901U 81031J   12109.01232071 -.00000505 +00000-0 +10000-3 0  9996
2 27901 067.5310 149.5616 5452417 101.7202 321.5282 02.01169540076820
0 COSMOS 1261 DEB
1 27901U 81031J   12111.49782800 -.00000536  00000-0  10000-3 0  9995
2 27901 067.5313 149.4310 5452224 101.6572 321.5768 02.01166312 76876
0 COSMOS 1261 DEB
1 27901U 81031J   12112.49204166 -.00000550 +00000-0 +10000-3 0  9996
2 27901 067.5313 149.3782 5452147 101.6307 321.5959 02.01164963076892
0 COSMOS 1261 DEB
1 27901U 81031J   12112.98915149 -.00000557 +00000-0 +10000-3 0  9997
2 27901 067.5314 149.3520 5452134 101.6176 321.6060 02.01164279076909
0 COSMOS 1261 DEB
1 27901U 81031J   12113.48626196 -.00000563 +00000-0 +10000-3 0  9991
2 27901 067.5308 149.3257 5452033 101.6013 321.6155 02.01163573076919
0 COSMOS 1261 DEB
1 27901U 81031J   12114.48048863 -.00000574  00000-0  10000-3 0  9993
2 27901 067.5311 149.2733 5451979 101.5763 321.6338 02.01162168 76934
0 COSMOS 1261 DEB
1 27901U 81031J   12115.47472016 -.00000582 +00000-0 +10000-3 0  9993
2 27901 067.5307 149.2209 5451901 101.5485 321.6513 02.01160731076954
0 COSMOS 1261 DEB
1 27901U 81031J   12117.46320547 -.00000587  00000-0  10000-3 0  9990
2 27901 067.5309 149.1162 5451820 101.4963 321.6858 02.01157788 76997
0 COSMOS 1261 DEB
1 27901U 81031J   12118.45746251 -.00000584 +00000-0 +10000-3 0  9991
2 27901 067.5306 149.0635 5451729 101.4663 321.7066 02.01156282077017
0 COSMOS 1261 DEB
1 27901U 81031J   12119.45172759 -.00000579  00000-0  10000-3 0  9992
2 27901 067.5307 149.0111 5451635 101.4357 321.7280 02.01154756 77037
0 COSMOS 1261 DEB
1 27901U 81031J   12120.44600142 -.00000573 +00000-0 +10000-3 0  9999
2 27901 067.5310 148.9587 5451653 101.4128 321.7479 02.01153220077059
0 COSMOS 1261 DEB
1 27901U 81031J   12121.44028053 -.00000567 +00000-0 +10000-3 0  9998
2 27901 067.5305 148.9061 5451542 101.3838 321.7686 02.01151677077070
0 COSMOS 1261 DEB
1 27901U 81031J   12123.42886093 -.00000559  00000-0  10000-3 0  9995
2 27901 067.5309 148.8010 5451533 101.3371 321.8054 02.01148558 77118
0 COSMOS 1261 DEB
1 27901U 81031J   12125.41746605 -.00000565 +00000-0 +10000-3 0  9997
2 27901 067.5307 148.6960 5451465 101.2871 321.8398 02.01145431077158
0 COSMOS 1261 DEB
1 27901U 81031J   12127.40609460 -.00000584  00000-0  10000-3 0  9996
2 27901 067.5314 148.5906 5451384 101.2365 321.8692 02.01142294 77198
0 COSMOS 1261 DEB
1 27901U 81031J   12128.40041836 -.00000593 +00000-0 +10000-3 0  9994
2 27901 067.5315 148.5375 5451330 101.2100 321.8832 02.01140731077210
0 COSMOS 1261 DEB
1 27901U 81031J   12129.39475016 -.00000599 +00000-0 +10000-3 0  9990
2 27901 067.5313 148.4850 5451362 101.1913 321.8948 02.01139174077230
0 COSMOS 1261 DEB
1 27901U 81031J   12130.38908758 -.00000599  00000-0  10000-3 0  9995
2 27901 067.5313 148.4319 5451298 101.1641 321.9079 02.01137623 77251
0 COSMOS 1261 DEB
1 27901U 81031J   12132.37779738 -.00000581  00000-0  10000-3 0  9991
2 27901 067.5303 148.3269 5451254 101.1216 321.9382 02.01134538 77296
0 COSMOS 1261 DEB
1 27901U 81031J   12133.37216127 -.00000565 +00000-0 +10000-3 0  9992
2 27901 067.5304 148.2741 5451158 101.0930 321.9543 02.01133011077313
0 COSMOS 1261 DEB
1 27901U 81031J   12135.36092551 -.00000528  00000-0  10000-3 0  9995
2 27901 067.5294 148.1694 5450939 101.0370 321.9963 02.01130000 77356
0 COSMOS 1261 DEB
1 27901U 81031J   12136.35531774 -.00000511 +00000-0 +10000-3 0  9992
2 27901 067.5293 148.1167 5450847 101.0078 322.0172 02.01128521077374
0 COSMOS 1261 DEB
1 27901U 81031J   12137.34971788 -.00000497 +00000-0 +10000-3 0  9998
2 27901 067.5303 148.0635 5450751 100.9806 322.0381 02.01127060077397
0 COSMOS 1261 DEB
1 27901U 81031J   12138.34412308 -.00000485  00000-0  10000-3 0  9994
2 27901 067.5301 148.0106 5450678 100.9545 322.0567 02.01125616 77410
0 COSMOS 1261 DEB
1 27901U 81031J   12139.33853445 -.00000474 +00000-0 +10000-3 0  9993
2 27901 067.5336 147.9554 5450608 100.9277 322.0751 02.01124192077433
0 COSMOS 1261 DEB
1 27901U 81031J   12140.33295195 -.00000464 +00000-0 +10000-3 0  9996
2 27901 067.5339 147.9027 5450526 100.8989 322.0936 02.01122792077450
0 COSMOS 1261 DEB
1 27901U 81031J   12141.32737627 -.00000451  00000-0  10000-3 0  9993
2 27901 067.5313 147.8516 5450474 100.8729 322.1110 02.01121418 77479
0 COSMOS 1261 DEB
1 27901U 81031J   12142.32180594 -.00000437 +00000-0 +10000-3 0  9993
2 27901 067.5311 147.7989 5450460 100.8437 322.1285 02.01120072077491
0 COSMOS 1261 DEB
1 27901U 81031J   12143.31624430 -.00000420  00000-0  10000-3 0  9997
2 27901 067.5607 147.7247 5451429 100.8020 322.1486 02.01118731 77515
0 COSMOS 1261 DEB
1 27901U 81031J   12144.31071563 -.00000398  00000-0  10000-3 0  9995
2 27901 067.5558 147.6749 5452262 100.7397 322.1934 02.01117441 77535
0 COSMOS 1261 DEB
1 27901U 81031J   12146.29966342 -.00000347  00000-0  10000-3 0  9996
2 27901 067.5411 147.5812 5452953 100.6276 322.2725 02.01114952 77572
0 COSMOS 1261 DEB
1 27901U 81031J   12147.29417765 -.00000319 +00000-0 +10000-3 0  9996
2 27901 067.5360 147.5338 5452519 100.5941 322.3321 02.01113772077598
0 COSMOS 1261 DEB
1 27901U 81031J   12148.28864299 -.00000291  00000-0  10000-3 0  9993
2 27901 067.5330 147.4828 5453137 100.5432 322.3522 02.01112614 77610
0 COSMOS 1261 DEB
1 27901U 81031J   12149.28314760 -.00000264  00000-0  10000-3 0  9997
2 27901 067.5374 147.4299 5451712 100.5513 322.3884 02.01111508 77631
0 COSMOS 1261 DEB
1 27901U 81031J   12149.78033653 -.00000250  00000-0  10000-3 0  9996
2 27901 067.5477 147.3987 5448182 100.6685 322.3368 02.01110992 77640
0 COSMOS 1261 DEB
1 27901U 81031J   12150.27742643 -.00000239 +00000-0 +10000-3 0  9995
2 27901 067.5497 147.3718 5447984 100.6572 322.2373 02.01110456077659
0 COSMOS 1261 DEB
1 27901U 81031J   12152.26639807 -.00000202  00000-0  10000-3 0  9993
2 27901 067.5458 147.2668 5449354 100.5674 322.2749 02.01108392 77691
0 COSMOS 1261 DEB
1 27901U 81031J   12153.26094230 -.00000190  00000-0  10000-3 0  9995
2 27901 067.5476 147.2137 5448998 100.5485 322.3273 02.01107417 77718
0 COSMOS 1261 DEB
1 27901U 81031J   12154.25542656 -.00000182  00000-0  10000-3 0  9996
2 27901 067.5411 147.1623 5450034 100.5052 322.3343 02.01106492 77732
0 COSMOS 1261 DEB
1 27901U 81031J   12156.24446114 -.00000164 +00000-0 +10000-3 0  9999
2 27901 067.5394 147.0574 5450045 100.4594 322.3826 02.01104749077771
0 COSMOS 1261 DEB
1 27901U 81031J   12159.22799924 -.00000108  00000-0  10000-3 0  9998
2 27901 067.5394 146.8982 5450149 100.3819 322.4259 02.01102460 77831
0 COSMOS 1261 DEB
1 27901U 81031J   12161.21705542 -.00000049  00000-0  10000-3 0  9997
2 27901 067.5354 146.7937 5450801 100.3213 322.4657 02.01101185 77878
0 COSMOS 1261 DEB
1 27901U 81031J   12162.21160599 -.00000017 +00000-0 +10000-3 0  9990
2 27901 067.5350 146.7414 5450741 100.2969 322.4974 02.01100598077895
0 COSMOS 1261 DEB
1 27901U 81031J   12163.20614109 +.00000013 +00000-0 +10000-3 0  9996
2 27901 067.5337 146.6889 5450792 100.2702 322.5164 02.01100065077910
0 COSMOS 1261 DEB
1 27901U 81031J   12165.19522244  .00000064  00000-0  10000-3 0  9990
2 27901 067.5304 146.5845 5451219 100.2113 322.5577 02.01099143 77952
0 COSMOS 1261 DEB
1 27901U 81031J   12170.16795121  .00000171  00000-0  10000-3 0  9998
2 27901 067.5263 146.3228 5451481 100.0824 322.6533 02.01097675 78050
0 COSMOS 1261 DEB
1 27901U 81031J   12171.16250197 +.00000199 +00000-0 +10000-3 0  9998
2 27901 067.5254 146.2704 5451588 100.0531 322.6740 02.01097526078078
0 COSMOS 1261 DEB
1 27901U 81031J   12172.15705365 +.00000229 +00000-0 +10000-3 0  9994
2 27901 067.5259 146.2174 5451446 100.0351 322.6927 02.01097427078096
0 COSMOS 1261 DEB
1 27901U 81031J   12176.13524603  .00000359  00000-0  10000-3 0  9994
2 27901 067.5288 146.0059 5450920 099.9494 322.7594 02.01097524 78176
0 COSMOS 1261 DEB
1 27901U 81031J   12177.12977750 +.00000388 +00000-0 +10000-3 0  9991
2 27901 067.5301 145.9536 5450713 099.9256 322.7651 02.01097667078190
0 COSMOS 1261 DEB
1 27901U 81031J   12181.10795073  .00000461  00000-0  10000-3 0  9992
2 27901 067.5568 145.7336 5446552 099.9553 322.8049 02.01098717 78275
0 COSMOS 1261 DEB
1 27901U 81031J   12182.10233093  .00000469  00000-0  10000-3 0  9990
2 27901 067.5638 145.6783 5445571 099.9551 322.7009 02.01099097 78295
0 COSMOS 1261 DEB
1 27901U 81031J   12189.56125439  .00000613  00000-0  10000-3 0  9992
2 27901 067.5413 145.2981 5448683 099.6610 322.8228 02.01103587 78443
0 COSMOS 1261 DEB
1 27901U 81031J   12196.52291337  .00000728  00000-0  10000-3 0  9994
2 27901 067.5305 144.9368 5450390 099.4405 323.0515 02.01109979 78584
0 COSMOS 1261 DEB
1 27901U 81031J   12197.51745791  .00000743  00000-0  10000-3 0  9999
2 27901 067.5300 144.8848 5450605 099.4042 323.1172 02.01111079 78604
0 COSMOS 1261 DEB
1 27901U 81031J   12197.51746615 +.00000743 +00000-0 +10000-3 0  9995
2 27901 067.5304 144.8845 5450536 099.4088 323.1223 02.01111082078609
0 COSMOS 1261 DEB
1 27901U 81031J   12200.50088232  .00000803  00000-0  10000-3 0  9990
2 27901 067.5311 144.7266 5450556 099.3347 323.1748 02.01114541 78663
0 COSMOS 1261 DEB
1 27901U 81031J   12201.49534375 +.00000825 +00000-0 +10000-3 0  9997
2 27901 067.5312 144.6744 5450598 099.3104 323.1929 02.01115761078689
0 COSMOS 1261 DEB
1 27901U 81031J   12201.49534916  .00000012  00000-0  10000-3 0  9996
2 27901 067.5370 144.6824 5452008 099.2993 323.2060 02.01120267 78689
0 COSMOS 1261 DEB
1 27901U 81031J   12204.47870290  .00000882  00000-0  10000-3 0  9990
2 27901 067.5316 144.5165 5450701 099.2332 323.2576 02.01119618 78748
0 COSMOS 1261 DEB
1 27901U 81031J   12209.94801355  .00000886  00000-0  10000-3 0  9997
2 27901 067.5329 144.2256 5450771 099.0897 323.3628 02.01127366 78851
0 COSMOS 1261 DEB
1 27901U 81031J   12211.93678580 +.00000874 +00000-0 +10000-3 0  9998
2 27901 067.5316 144.1203 5450861 099.0367 323.3909 02.01130344078896
0 COSMOS 1261 DEB
1 27901U 81031J   12213.92554136  .00000877  00000-0  10000-3 0  9992
2 27901 067.5312 144.0144 5451097 098.9797 323.4315 02.01133417 78933
0 COSMOS 1261 DEB
1 27901U 81031J   12213.92554136 +.00000877 +00000-0 +10000-3 0  9992
2 27901 067.5312 144.0144 5451097 098.9797 323.4315 02.01133417078933
0 COSMOS 1261 DEB
1 27901U 81031J   12215.91427708 +.00000891 +00000-0 +10000-3 0  9993
2 27901 067.5303 143.9090 5451124 098.9291 323.4753 02.01136486078970
0 COSMOS 1261 DEB
1 27901U 81031J   12216.90863281  .00000897  00000-0  10000-3 0  9999
2 27901 067.5309 143.8557 5451211 098.9002 323.5007 02.01138072 78998
0 COSMOS 1261 DEB
1 27901U 81031J   12216.90863281 +.00000897 +00000-0 +10000-3 0  9999
2 27901 067.5309 143.8557 5451211 098.9002 323.5007 02.01138072078998
0 COSMOS 1261 DEB
1 27901U 81031J   12217.90298094 +.00000900 +00000-0 +10000-3 0  9999
2 27901 067.5305 143.8028 5451294 098.8724 323.5247 02.01139649079019
0 COSMOS 1261 DEB
1 27901U 81031J   12218.89732184 +.00000900 +00000-0 +10000-3 0  9991
2 27901 067.5302 143.7499 5451420 098.8430 323.5506 02.01141247079039
0 COSMOS 1261 DEB
1 27901U 81031J   12219.89165379  .00000895  00000-0  10000-3 0  9991
2 27901 067.5287 143.6983 5452206 098.8016 323.5884 02.01143034 79058
0 COSMOS 1261 DEB
1 27901U 81031J   12219.89165379 +.00000895 +00000-0 +10000-3 0  9991
2 27901 067.5287 143.6983 5452206 098.8016 323.5884 02.01143034079058
0 COSMOS 1261 DEB
1 27901U 81031J   12220.88597977 +.00000887 +00000-0 +10000-3 0  9996
2 27901 067.5273 143.6457 5452311 098.7744 323.6142 02.01144626079071
0 COSMOS 1261 DEB
1 27901U 81031J   12221.88029218 +.00000877 +00000-0 +10000-3 0  9994
2 27901 067.5261 143.5930 5452454 098.7464 323.6360 02.01146217079092
0 COSMOS 1261 DEB
1 27901U 81031J   12222.87459710  .00000867  00000-0  10000-3 0  9997
2 27901 067.5255 143.5401 5452588 098.7186 323.6576 02.01147800 79118
0 COSMOS 1261 DEB
1 27901U 81031J   12223.86889387 +.00000857 +00000-0 +10000-3 0  9993
2 27901 067.5254 143.4872 5452720 098.6908 323.6789 02.01149375079134
0 COSMOS 1261 DEB
1 27901U 81031J   12224.86318303 +.00000850 +00000-0 +10000-3 0  9992
2 27901 067.5248 143.4343 5452859 098.6630 323.7004 02.01150944079152
0 COSMOS 1261 DEB
1 27901U 81031J   12225.85746482  .00000844  00000-0  10000-3 0  9998
2 27901 067.5240 143.3814 5453039 098.6341 323.7233 02.01152514 79177
0 COSMOS 1261 DEB
1 27901U 81031J   12226.85173987 +.00000841 +00000-0 +10000-3 0  9990
2 27901 067.5240 143.3293 5453219 098.6033 323.7478 02.01154077079195
0 COSMOS 1261 DEB
1 27901U 81031J   12227.84600915  .00000839  00000-0  10000-3 0  9993
2 27901 067.5267 143.2769 5453407 098.6045 323.7627 02.01155717 79214
0 COSMOS 1261 DEB
1 27901U 81031J   12228.84025612 +.00000837 +00000-0 +10000-3 0  9997
2 27901 067.5263 143.2240 5453514 098.5786 323.7750 02.01157232079237
0 COSMOS 1261 DEB
1 27901U 81031J   12229.83451100 +.00000834 +00000-0 +10000-3 0  9999
2 27901 067.5260 143.1709 5453648 098.5530 323.7986 02.01158735079250
0 COSMOS 1261 DEB
1 27901U 81031J   12230.82875903  .00000828  00000-0  10000-3 0  9994
2 27901 067.5266 143.1185 5453722 098.5303 323.8209 02.01160219 79276
0 COSMOS 1261 DEB
1 27901U 81031J   12231.82299827 +.00000820 +00000-0 +10000-3 0  9992
2 27901 067.5274 143.0657 5453605 098.5074 323.8411 02.01161690079294
0 COSMOS 1261 DEB
1 27901U 81031J   12232.81722820 +.00000806 +00000-0 +10000-3 0  9990
2 27901 067.5281 143.0131 5453693 098.4835 323.8612 02.01163123079319
0 COSMOS 1261 DEB
1 27901U 81031J   12233.81145124  .00000787  00000-0  10000-3 0  9995
2 27901 067.5277 142.9600 5453793 098.4564 323.8826 02.01164526 79330
0 COSMOS 1261 DEB
1 27901U 81031J   12234.80566655  .00000762  00000-0  10000-3 0  9994
2 27901 067.5660 142.9372 5450981 098.3498 323.9121 02.01165975 79353
0 COSMOS 1261 DEB
1 27901U 81031J   12235.79989346  .00000730  00000-0  10000-3 0  9994
2 27901 067.6651 142.9682 5438329 097.8777 324.0227 02.01167276 79371
0 COSMOS 1261 DEB
1 27901U 81031J   12236.79408498 -.00000015  00000-0  10000-3 0  9996
2 27901 067.5990 142.8482 5457871 098.4232 323.9388 02.01172485 79407
0 COSMOS 1261 DEB
1 27901U 81031J   12236.79422252  .00000696  00000-0  10000-3 0  9994
2 27901 067.7754 142.9989 5430456 097.6183 324.1615 02.01168618 79393
0 COSMOS 1261 DEB
1 27901U 81031J   12242.78463112 +.00000538 +00000-0 +00000-0 0  9991
2 27901 067.9267 142.7929 5419576 097.1359 342.6635 02.01176423079510
0 COSMOS 1261 DEB
1 27901U 81031J   12242.78463112  .00000538  00000-0  00000+0 0  9990
2 27901 067.9267 142.7929 5419576 097.1359 342.6635 02.01176423 79510
0 COSMOS 1261 DEB
1 27901U 81031J   12243.75331547  .00000006  00000-0  10000-3 0  9999
2 27901 067.5994 142.4766 5457772 098.2381 324.0696 02.01180945 79533
0 COSMOS 1261 DEB
1 27901U 81031J   12250.71230205  .00000013  00000-0  10000-3 0  9990
2 27901 067.5548 142.0670 5453580 097.9939 324.2136 02.01187249 79676
0 COSMOS 1261 DEB
1 27901U 81031J   12250.73756832  .00000334  00000-0  00000+0 0  9992
2 27901 067.4732 142.0017 5433920 097.4813 342.6047 02.01183009 79672
0 COSMOS 1261 DEB
1 27901U 81031J   12252.70063053  .00000280  00000-0  00000+0 0  9997
2 27901 067.5338 141.9539 5452473 097.9212 324.3174 02.01184155 79710
0 COSMOS 1261 DEB
1 27901U 81031J   12253.19761416 +.00000268 +00000-0 +00000-0 0  9996
2 27901 067.5363 141.9296 5452534 097.9044 324.2730 02.01184435079728
0 COSMOS 1261 DEB
1 27901U 81031J   12254.68879373 +.00000236 +00000-0 +00000-0 0  9998
2 27901 067.5375 141.8511 5452494 097.8635 324.3058 02.01185205079753
0 COSMOS 1261 DEB
1 27901U 81031J   12255.18585143  .00000226  00000-0  00000+0 0  9991
2 27901 067.5376 141.8247 5452548 097.8490 324.3163 02.01185427 79763
0 COSMOS 1261 DEB
1 27901U 81031J   12256.67702670 +.00000198 +00000-0 +00000-0 0  9991
2 27901 067.5383 141.7455 5452536 097.8103 324.3498 02.01186017079799
0 COSMOS 1261 DEB
1 27901U 81031J   12257.17408346 +.00000188 +00000-0 +00000-0 0  9999
2 27901 067.5387 141.7193 5452557 097.7965 324.3606 02.01186184079808
0 COSMOS 1261 DEB
1 27901U 81031J   12258.16819915  .00000168  00000-0  00000+0 0  9994
2 27901 067.5382 141.6659 5452535 097.7638 324.3867 02.01186477 79828
0 COSMOS 1261 DEB
1 27901U 81031J   12258.66525743 +.00000156 +00000-0 +00000-0 0  9990
2 27901 067.5378 141.6391 5452522 097.7477 324.4002 02.01186594079836
0 COSMOS 1261 DEB
1 27901U 81031J   12259.16231487 +.00000144 +00000-0 +00000-0 0  9992
2 27901 067.5373 141.6121 5452524 097.7305 324.4139 02.01186705079840
0 COSMOS 1261 DEB
1 27901U 81031J   12260.15642796  .00000118  00000-0  00000+0 0  9992
2 27901 067.5356 141.5581 5452483 097.6952 324.4406 02.01186880 79864
0 COSMOS 1261 DEB
1 27901U 81031J   12260.65348489 +.00000102 +00000-0 +00000-0 0  9993
2 27901 067.5356 141.5316 5452511 097.6826 324.4525 02.01186937079878
0 COSMOS 1261 DEB
1 27901U 81031J   12261.15053878 +.00000086 +00000-0 +00000-0 0  9995
2 27901 067.5348 141.5041 5452488 097.6625 324.4651 02.01186986079889
0 COSMOS 1261 DEB
1 27901U 81031J   12262.14464709  .00000051  00000-0  00000+0 0  9995
2 27901 067.5394 141.4543 5452809 097.6780 324.4710 02.01187024 79908
0 COSMOS 1261 DEB
1 27901U 81031J   12262.64168348 +.00000031 +00000-0 +00000-0 0  9999
2 27901 067.5394 141.4278 5452869 097.6634 324.4685 02.01187011079915
0 COSMOS 1261 DEB
1 27901U 81031J   12263.63578767 -.00000009 +00000-0 +00000-0 0  9995
2 27901 067.5393 141.3747 5452962 097.6351 324.4863 02.01186952079937
0 COSMOS 1261 DEB
1 27901U 81031J   12264.62989019 -.00000051  00000-0  00000+0 0  9997
2 27901 067.5393 141.3216 5453033 097.6086 324.5018 02.01186832 79955
0 COSMOS 1261 DEB
1 27901U 81031J   12264.62989019 -.00000051 +00000-0 +00000-0 0  9998
2 27901 067.5393 141.3216 5453033 097.6086 324.5018 02.01186832079955
0 COSMOS 1261 DEB
1 27901U 81031J   12265.12694240 -.00000071 +00000-0 +00000-0 0  9995
2 27901 067.5393 141.2950 5453045 097.5968 324.5095 02.01186752079967
0 COSMOS 1261 DEB
1 27901U 81031J   12266.61809776 -.00000127 +00000-0 +00000-0 0  9994
2 27901 067.5394 141.2155 5453224 097.5585 324.5306 02.01186387079991
0 COSMOS 1261 DEB
1 27901U 81031J   12267.11515348 -.00000143  00000-0  00000+0 0  9996
2 27901 067.5393 141.1890 5453255 097.5480 324.5388 02.01186229 80002
0 COSMOS 1261 DEB
1 27901U 81031J   12268.10926347 -.00000172 +00000-0 +00000-0 0  9994
2 27901 067.5395 141.1362 5453377 097.5231 324.5547 02.01185867080023
0 COSMOS 1261 DEB
1 27901U 81031J   12269.60044128 -.00000206  00000-0  00000+0 0  9995
2 27901 067.5395 141.0565 5453557 097.4827 324.5871 02.01185225 80058
0 COSMOS 1261 DEB
1 27901U 81031J   12269.60044128 -.00000206 +00000-0 +00000-0 0  9996
2 27901 067.5395 141.0565 5453557 097.4827 324.5871 02.01185225080058
0 COSMOS 1261 DEB
1 27901U 81031J   12270.09750329 -.00000216 +00000-0 +00000-0 0  9999
2 27901 067.5397 141.0301 5453581 097.4710 324.5983 02.01184980080068
0 COSMOS 1261 DEB
1 27901U 81031J   12271.09162591 -.00000235 +00000-0 +00000-0 0  9999
2 27901 067.5397 140.9774 5453660 097.4470 324.6185 02.01184445080084
0 COSMOS 1261 DEB
1 27901U 81031J   12272.08575247 -.00000255  00000-0  00000+0 0  9996
2 27901 067.5401 140.9244 5453752 097.4219 324.6398 02.01183850 80103
0 COSMOS 1261 DEB
1 27901U 81031J   12272.58281823 -.00000265 +00000-0 +00000-0 0  9997
2 27901 067.5401 140.8978 5453801 097.4073 324.6526 02.01183541080110
0 COSMOS 1261 DEB
1 27901U 81031J   12273.07988373 -.00000277 +00000-0 +00000-0 0  9999
2 27901 067.5401 140.8715 5453841 097.3960 324.6634 02.01183216080127
0 COSMOS 1261 DEB
1 27901U 81031J   12274.57108054 -.00000314  00000-0  00000+0 0  9996
2 27901 067.5400 140.7919 5453983 097.3558 324.6947 02.01182162 80150
0 COSMOS 1261 DEB
1 27901U 81031J   12274.57108054 -.00000314 +00000-0 +00000-0 0  9997
2 27901 067.5400 140.7919 5453983 097.3558 324.6947 02.01182162080150
0 COSMOS 1261 DEB
1 27901U 81031J   12275.06814780 -.00000328 +00000-0 +00000-0 0  9997
2 27901 067.5398 140.7654 5453999 097.3445 324.7036 02.01181768080166
0 COSMOS 1261 DEB
1 27901U 81031J   12276.55935160 -.00000369 +00000-0 +00000-0 0  9993
2 27901 067.5399 140.6859 5454108 097.3054 324.7310 02.01180547080194
0 COSMOS 1261 DEB
1 27901U 81031J   12277.05642161 -.00000382  00000-0  00000+0 0  9999
2 27901 067.5398 140.6596 5454135 097.2937 324.7395 02.01180111 80202
0 COSMOS 1261 DEB
1 27901U 81031J   12278.54763543 -.00000418 +00000-0 +00000-0 0  9993
2 27901 067.5396 140.5803 5454248 097.2542 324.7654 02.01178748080231
0 COSMOS 1261 DEB
1 27901U 81031J   12279.04470919 -.00000428 +00000-0 +00000-0 0  9992
2 27901 067.5396 140.5536 5454251 097.2414 324.7737 02.01178258080245
0 COSMOS 1261 DEB
1 27901U 81031J   12280.03886000 -.00000444  00000-0  00000+0 0  9992
2 27901 067.5394 140.5002 5454286 097.2118 324.7920 02.01177260 80268
0 COSMOS 1261 DEB
1 27901U 81031J   12281.53009962 -.00000462 +00000-0 +00000-0 0  9993
2 27901 067.5394 140.4208 5454428 097.1725 324.8209 02.01175687080291
0 COSMOS 1261 DEB
1 27901U 81031J   12282.02718240 -.00000466 +00000-0 +00000-0 0  9998
2 27901 067.5394 140.3943 5454455 097.1601 324.8304 02.01175139080309
0 COSMOS 1261 DEB
1 27901U 81031J   12283.02135197 -.00000472  00000-0  00000+0 0  9999
2 27901 067.5396 140.3413 5454536 097.1340 324.8499 02.01174013 80320
0 COSMOS 1261 DEB
1 27901U 81031J   12283.51844005 -.00000475 +00000-0 +00000-0 0  9992
2 27901 067.5399 140.3148 5454605 097.1211 324.8604 02.01173433080336
0 COSMOS 1261 DEB
1 27901U 81031J   12284.01553000 -.00000477 +00000-0 +00000-0 0  9992
2 27901 067.5398 140.2883 5454639 097.1085 324.8712 02.01172845080343
0 COSMOS 1261 DEB
1 27901U 81031J   12285.00971314 -.00000482 +00000-0 +00000-0 0  9990
2 27901 067.5398 140.2353 5454729 097.0820 324.8924 02.01171641080361
0 COSMOS 1261 DEB
1 27901U 81031J   12286.00390348 -.00000488  00000-0  00000+0 0  9998
2 27901 067.5399 140.1824 5454834 097.0566 324.9141 02.01170397 80389
0 COSMOS 1261 DEB
1 27901U 81031J   12286.50100088 -.00000492 +00000-0 +00000-0 0  9999
2 27901 067.5400 140.1558 5454912 097.0438 324.9247 02.01169760080391
0 COSMOS 1261 DEB
1 27901U 81031J   12286.99809978 -.00000496 +00000-0 +00000-0 0  9990
2 27901 067.5399 140.1293 5454941 097.0300 324.9358 02.01169116080404
0 COSMOS 1261 DEB
1 27901U 81031J   12287.99229957 -.00000507 +00000-0 +00000-0 0  9997
2 27901 067.5398 140.0763 5455047 097.0042 324.9554 02.01167807080420
0 COSMOS 1261 DEB
1 27901U 81031J   12288.98650352 -.00000522  00000-0  00000+0 0  9990
2 27901 067.5396 140.0233 5455153 096.9788 324.9731 02.01166464 80440
0 COSMOS 1261 DEB
1 27901U 81031J   12289.98071116 -.00000541 +00000-0 +00000-0 0  9998
2 27901 067.5397 139.9701 5455269 096.9521 324.9889 02.01165092080463
0 COSMOS 1261 DEB
1 27901U 81031J   12290.97492398 -.00000561 +00000-0 +00000-0 0  9990
2 27901 067.5397 139.9171 5455378 096.9268 325.0032 02.01163692080481
0 COSMOS 1261 DEB
1 27901U 81031J   12291.96914134 -.00000582  00000-0  00000+0 0  9999
2 27901 067.5395 139.8639 5455473 096.9009 325.0160 02.01162267 80508
0 COSMOS 1261 DEB
1 27901U 81031J   12293.95759787 -.00000614  00000-0  00000+0 0  9997
2 27901 067.5396 139.7570 5455563 096.8366 325.0462 02.01159348 80542
0 COSMOS 1261 DEB
1 27901U 81031J   12294.95184423 -.00000622 +00000-0 +00000-0 0  9997
2 27901 067.5395 139.7038 5455642 096.8079 325.0647 02.01157849080560
0 COSMOS 1261 DEB
1 27901U 81031J   12295.94609827 -.00000624 +00000-0 +00000-0 0  9999
2 27901 067.5391 139.6508 5455706 096.7792 325.0832 02.01156329080589
0 COSMOS 1261 DEB
1 27901U 81031J   12296.94036228 -.00000622  00000-0  00000+0 0  9996
2 27901 067.5389 139.5976 5455784 096.7518 325.1030 02.01154791 80601
0 COSMOS 1261 DEB
1 27901U 81031J   12297.93463525 -.00000618 +00000-0 +00000-0 0  9996
2 27901 067.5387 139.5446 5455873 096.7242 325.1228 02.01153226080627
0 COSMOS 1261 DEB
1 27901U 81031J   12298.92891826 -.00000613 +00000-0 +00000-0 0  9990
2 27901 067.5384 139.4915 5455967 096.6949 325.1455 02.01151656080640
0 COSMOS 1261 DEB
1 27901U 81031J   12299.92320868 -.00000609  00000-0  00000+0 0  9998
2 27901 067.5383 139.4385 5456071 096.6676 325.1675 02.01150079 80668
0 COSMOS 1261 DEB
1 27901U 81031J   12302.90611545 -.00000610  00000-0  00000+0 0  9998
2 27901 067.5384 139.2790 5456469 096.5871 325.2244 02.01145308 80723
0 COSMOS 1261 DEB
1 27901U 81031J   12305.88907988 -.00000608  00000-0  00000+0 0  9994
2 27901 067.5378 139.1199 5456794 096.5055 325.2739 02.01140547 80788
0 COSMOS 1261 DEB
1 27901U 81031J   12308.87211647 -.00000572  00000-0  00000+0 0  9996
2 27901 067.5374 138.9604 5457255 096.4300 325.3227 02.01135821 80846
0 COSMOS 1261 DEB
1 27901U 81031J   12311.85522989 -.00000510  00000-0  00000+0 0  9994
2 27901 067.5366 138.8009 5457754 096.3622 325.3753 02.01131202 80905
0 COSMOS 1261 DEB
1 27901U 81031J   12315.83281734 -.00000442  00000-0  00000+0 0  9990
2 27901 067.5355 138.5878 5458443 096.2743 325.4446 02.01125295 80986
0 COSMOS 1261 DEB
1 27901U 81031J   12316.82722382 -.00000434  00000-0  00000+0 0  9990
2 27901 067.5308 138.5372 5458627 096.2529 325.4565 02.01123887 81000
0 COSMOS 1261 DEB
1 27901U 81031J   12319.81047671 -.00000421  00000-0  00000+0 0  9999
2 27901 067.5355 138.3727 5459124 096.1827 325.4895 02.01119808 81067
0 COSMOS 1261 DEB
1 27901U 81031J   12323.78824535 -.00000362  00000-0  00000+0 0  9996
2 27901 067.5494 138.1484 5459814 096.0881 325.5387 02.01114766 81148
0 COSMOS 1261 DEB
1 27901U 81031J   12325.77718402 -.00000312 +00000-0 +00000-0 0  9998
2 27901 067.5486 138.0427 5459986 096.0342 325.5781 02.01112433081188
0 COSMOS 1261 DEB
1 27901U 81031J   12333.23587007 -.00000167 +00000-0 +00000-0 0  9991
2 27901 067.5492 137.6461 5460835 095.8137 325.7181 02.01105069081332
0 COSMOS 1261 DEB
1 27901U 81031J   12333.73311995 -.00000156  00000-0  00000+0 0  9994
2 27901 067.5422 137.6246 5460750 095.7993 325.7244 02.01104669 81347
0 COSMOS 1261 DEB
1 27901U 81031J   12344.17567679  .00000151  00000-0  00000+0 0  9990
2 27901 067.5431 137.0667 5462193 095.5266 325.9094 02.01098654 81556
0 COSMOS 1261 DEB
1 27901U 81031J   12347.15928444  .00000191  00000-0  00000+0 0  9996
2 27901 067.5344 136.9139 5463001 095.4449 325.9459 02.01097950 81612
0 COSMOS 1261 DEB
1 27901U 81031J   12354.61838293  .00000373  00000-0  00000+0 0  9999
2 27901 067.5373 136.5188 5464230 095.2516 326.0755 02.01098109 81766
0 COSMOS 1261 DEB
1 27901U 81031J   12356.61129127  .00000415  00000-0  00000+0 0  9997
2 27901 067.5449 136.4161 5464568 095.2130 328.8739 02.01098514 81803
0 COSMOS 1261 DEB
1 27901U 81031J   12358.62061925  .00000448  00000-0  00000+0 0  9997
2 27901 067.5452 136.3091 5464923 095.1621 343.5669 02.01099172 81848
0 COSMOS 1261 DEB
1 27901U 81031J   12364.59344277  .00000593  00000-0  00000+0 0  9995
2 27901 067.5466 135.9894 5466024 095.0108 347.7503 02.01102513 81962
0 COSMOS 1261 DEB
1 27901U 81031J   13003.05295626  .00000719  00000-0  00000+0 0  9990
2 27901 067.5480 135.7501 5466946 094.8990 336.3864 02.01106377 82057
0 COSMOS 1261 DEB
1 27901U 81031J   13003.53633807  .00000000  00000-0  10000-3 0  9998
2 27901 067.5577 135.7292 5469134 094.8815 326.3647 02.01110825 81756
0 COSMOS 1261 DEB
1 27901U 81031J   13006.53218389  .00000761  00000-0  00000+0 0  9994
2 27901 067.5496 135.5633 5467142 094.8064 335.3515 02.01109941 82129
0 COSMOS 1261 DEB
1 27901U 81031J   13008.54588824  .00000769  00000-0  00000+0 0  9999
2 27901 067.5504 135.4557 5467323 094.7528 353.2987 02.01112154 82164
0 COSMOS 1261 DEB
1 27901U 81031J   13012.50528036  .00000810  00000-0  00000+0 0  9996
2 27901 067.5516 135.2451 5467919 094.6488 340.0016 02.01117014 82249
0 COSMOS 1261 DEB
1 27901U 81031J   13016.48402796  .00000866  00000-0  00000+0 0  9992
2 27901 067.5526 135.0328 5468532 094.5452 340.7911 02.01122146 82325
0 COSMOS 1261 DEB
1 27901U 81031J   13019.48123622  .00000873  00000-0  00000+0 0  9991
2 27901 067.5536 134.8727 5469098 094.4676 350.9556 02.01126369 82386
0 COSMOS 1261 DEB
1 27901U 81031J   13022.46330554  .00000878  00000-0  00000+0 0  9992
2 27901 067.5546 134.7126 5469668 094.3907 350.2049 02.01130666 82440
0 COSMOS 1261 DEB
1 27901U 81031J   13025.43532888  .00000904  00000-0  00000+0 0  9996
2 27901 067.5558 134.5524 5470210 094.3138 342.2274 02.01135213 82505
0 COSMOS 1261 DEB
1 27901U 81031J   13028.42985569  .00000936  00000-0  00000+0 0  9991
2 27901 067.5571 134.3907 5470715 094.2356 350.5914 02.01139835 82567
0 COSMOS 1261 DEB
1 27901U 81031J   13031.41368882  .00000939  00000-0  00000+0 0  9990
2 27901 067.5582 134.2294 5471247 094.1582 351.2606 02.01144702 82620
0 COSMOS 1261 DEB
1 27901U 81031J   13034.38547957  .00000897  00000-0  00000+0 0  9994
2 27901 067.5590 134.0689 5471720 094.0820 343.2607 02.01149458 82686
0 COSMOS 1261 DEB
1 27901U 81031J   13037.36858793  .00000841  00000-0  00000+0 0  9997
2 27901 067.5601 133.9087 5472138 094.0027 343.5094 02.01154101 82743
0 COSMOS 1261 DEB
1 27901U 81031J   13038.36293233  .00000826  00000-0  00000+0 0  9993
2 27901 067.5591 133.8538 5472669 093.9903 343.5827 02.01155640 82766
0 COSMOS 1261 DEB
1 27901U 81031J   13041.34589622  .00000798  00000-0  00000+0 0  9993
2 27901 067.5595 133.6935 5473314 093.9142 343.7946 02.01160119 82820
0 COSMOS 1261 DEB
1 27901U 81031J   13042.35387284  .00000787  00000-0  00000+0 0  9993
2 27901 067.5607 133.6404 5473263 093.8803 353.7659 02.01161533 82846
0 COSMOS 1261 DEB
1 27901U 81031J   13043.33448251  .00000772  00000-0  00000+0 0  9998
2 27901 067.5613 133.5884 5473180 093.8423 343.9252 02.01162888 82866
0 COSMOS 1261 DEB
1 27901U 81031J   13045.33601605  .00000730  00000-0  00000+0 0  9998
2 27901 067.5622 133.4810 5473299 093.7790 353.4509 02.01165634 82909
0 COSMOS 1261 DEB
1 27901U 81031J   13046.32957523  .00000704  00000-0  00000+0 0  9992
2 27901 067.5628 133.4275 5473144 093.7386 353.0032 02.01166931 82920
0 COSMOS 1261 DEB
1 27901U 81031J   13047.31909296  .00000678  00000-0  00000+0 0  9996
2 27901 067.5628 133.3742 5473626 093.7237 349.6278 02.01168233 82940
0 COSMOS 1261 DEB
1 27901U 81031J   13048.84829273  .00000639  00000-0  00000+0 0  9998
2 27901 067.5631 133.2912 5474133 093.6930 017.1096 02.01170149 82972
0 COSMOS 1261 DEB
1 27901U 81031J   13051.28830171  .00000591  00000-0  00000+0 0  9996
2 27901 067.5637 133.1589 5474611 093.6285 344.2449 02.01173010 83024
0 COSMOS 1261 DEB
1 27901U 81031J   13053.81806135  .00000556  00000-0  00000+0 0  9991
2 27901 067.5650 133.0228 5475027 093.5624 016.4043 02.01175692 83077
0 COSMOS 1261 DEB
1 27901U 81031J   13056.25910100  .00000519  00000-0  00000+0 0  9999
2 27901 067.5657 132.8902 5475410 093.4946 344.3320 02.01178184 83128
0 COSMOS 1261 DEB
1 27901U 81031J   13058.78782582  .00000459  00000-0  00000+0 0  9993
2 27901 067.5663 132.7527 5475981 093.4292 015.7846 02.01180545 83175
0 COSMOS 1261 DEB
1 27901U 81031J   13061.22965716  .00000375  00000-0  00000+0 0  9995
2 27901 067.5667 132.6203 5476394 093.3636 344.3213 02.01182460 83222
0 COSMOS 1261 DEB
1 27901U 81031J   13063.75758844  .00000274  00000-0  00000+0 0  9995
2 27901 067.5673 132.4838 5476811 093.2953 015.2342 02.01184074 83271
0 COSMOS 1261 DEB
1 27901U 81031J   13066.19997958  .00000193  00000-0  00000+0 0  9997
2 27901 067.5675 132.3521 5477296 093.2301 344.2060 02.01185225 83323
0 COSMOS 1261 DEB
1 27901U 81031J   13068.72740627  .00000128  00000-0  00000+0 0  9995
2 27901 067.5680 132.2159 5477829 093.1600 014.7783 02.01186005 83371
0 COSMOS 1261 DEB
1 27901U 81031J   13071.17016477  .00000059  00000-0  00000+0 0  9990
2 27901 067.5679 132.0843 5478360 093.0939 344.0318 02.01186352 83426
0 COSMOS 1261 DEB
1 27901U 81031J   13074.15220302 -.00000047  00000-0  00000+0 0  9993
2 27901 067.5652 131.9205 5479011 093.0052 343.8833 02.01186244 83482
0 COSMOS 1261 DEB
1 27901U 81031J   13076.67929177 -.00000132  00000-0  00000+0 0  9993
2 27901 067.5682 131.7850 5479625 092.9570 014.2088 02.01185714 83531
0 COSMOS 1261 DEB
1 27901U 81031J   13079.12218920 -.00000189  00000-0  00000+0 0  9995
2 27901 067.5676 131.6520 5480188 092.8872 343.5569 02.01184779 83584
0 COSMOS 1261 DEB
1 27901U 81031J   13081.64942817 -.00000228  00000-0  00000+0 0  9998
2 27901 067.5674 131.5145 5480765 092.8178 013.9816 02.01183490 83632
0 COSMOS 1261 DEB
1 27901U 81031J   13084.09212767 -.00000265  00000-0  00000+0 0  9995
2 27901 067.5666 131.3810 5481250 092.7458 343.1639 02.01181953 83688
0 COSMOS 1261 DEB
1 27901U 81031J   13086.61969590 -.00000320  00000-0  00000+0 0  9990
2 27901 067.5658 131.2426 5481760 092.6695 013.7978 02.01180080 83731
0 COSMOS 1261 DEB
1 27901U 81031J   13089.06202559 -.00000392  00000-0  00000+0 0  9996
2 27901 067.5655 131.1103 5482251 092.6023 342.6751 02.01177978 83780
0 COSMOS 1261 DEB
1 27901U 81031J   13091.59017769 -.00000466  00000-0  00000+0 0  9996
2 27901 067.5651 130.9740 5482809 092.5398 013.6866 02.01175489 83836
0 COSMOS 1261 DEB
1 27901U 81031J   13094.03188770 -.00000512  00000-0  00000+0 0  9991
2 27901 067.5651 130.8426 5483416 092.4733 342.0721 02.01172767 83883
0 COSMOS 1261 DEB
1 27901U 81031J   13096.56091595 -.00000538  00000-0  00000+0 0  9997
2 27901 067.5648 130.7069 5484052 092.4093 013.6700 02.01169676 83936
0 COSMOS 1261 DEB
1 27901U 81031J   13099.00181322 -.00000570  00000-0  00000+0 0  9993
2 27901 067.5647 130.5750 5484614 092.3338 341.4183 02.01166451 83985
0 COSMOS 1261 DEB
1 27901U 81031J   13101.53191602 -.00000613  00000-0  00000+0 0  9995
2 27901 067.5649 130.4382 5485379 092.2668 013.7361 02.01162869 84034
0 COSMOS 1261 DEB
1 27901U 81031J   13103.97174933 -.00000644  00000-0  00000+0 0  9997
2 27901 067.5650 130.3063 5485982 092.1944 340.6515 02.01159278 84085
0 COSMOS 1261 DEB
1 27901U 81031J   13106.50322162 -.00000645  00000-0  00000+0 0  9999
2 27901 067.5643 130.1695 5486764 092.1351 013.8912 02.01155408 84134
0 COSMOS 1261 DEB
1 27901U 81031J   13111.92380234 -.00000595  00000-0  00000+0 0  9999
2 27901 067.5641 129.8754 5488204 091.9841 339.2493 02.01146933 84249
0 COSMOS 1261 DEB
1 27901U 81031J   13114.45795051 -.00000588  00000-0  00000+0 0  9999
2 27901 067.5633 129.7384 5488870 091.9173 014.3131 02.01142973 84290
0 COSMOS 1261 DEB
1 27901U 81031J   13117.44117250 -.00000600  00000-0  00000+0 0  9995
2 27901 067.5618 129.5774 5489667 091.8438 014.5174 02.01138305 84352
0 COSMOS 1261 DEB
1 27901U 81031J   13120.42452113 -.00000594  00000-0  00000+0 0  9999
2 27901 067.5603 129.4173 5490656 091.7957 014.7546 02.01133671 84416
0 COSMOS 1261 DEB
1 27901U 81031J   13126.39158528 -.00000515  00000-0  00000+0 0  9997
2 27901 067.5589 129.0966 5492388 091.6426 015.3709 02.01124618 84531
0 COSMOS 1261 DEB
1 27901U 81031J   13129.37850780 -.00000493  00000-0  00000+0 0  9992
2 27901 067.5583 128.9358 5493305 091.5678 018.0635 02.01120287 84598
0 COSMOS 1261 DEB
1 27901U 81031J   13132.35912264 -.00000450  00000-0  00000+0 0  9993
2 27901 067.5577 128.7746 5494316 091.4907 016.1443 02.01116208 84658
0 COSMOS 1261 DEB
1 27901U 81031J   13134.34841545 -.00000399  00000-0  00000+0 0  9999
2 27901 067.5555 128.6681 5495511 091.4233 016.4482 02.01113643 84691
0 COSMOS 1261 DEB
1 27901U 81031J   13137.33245051 -.00000305  00000-0  00000+0 0  9998
2 27901 067.5545 128.5064 5496637 091.3422 016.9365 02.01110073 84759
0 COSMOS 1261 DEB
1 27901U 81031J   13140.31658964 -.00000224  00000-0  00000+0 0  9991
2 27901 067.5531 128.3449 5497887 091.2570 017.4632 02.01106877 84817
0 COSMOS 1261 DEB
1 27901U 81031J   13144.29560856 -.00000160  00000-0  00000+0 0  9993
2 27901 067.5564 128.1338 5493424 091.3002 018.2186 02.01103221 84893
0 COSMOS 1261 DEB
1 27901U 81031J   13148.25782598 -.00000090  00000-0  00000+0 0  9994
2 27901 067.5551 127.9178 5499003 091.1009 006.7855 02.01100066 84970
0 COSMOS 1261 DEB
1 27901U 81031J   13152.23674101  .00000020  00000-0  00000+0 0  9999
2 27901 067.5651 127.6952 5498651 091.0580 007.3867 02.01097748 85051
0 COSMOS 1261 DEB
1 27901U 81031J   13153.22826929  .00000042  00000-0  00000+0 0  9990
2 27901 067.5565 127.6446 5500506 090.9749 005.2278 02.01097268 85073
0 COSMOS 1261 DEB
1 27901U 81031J   13160.19094272  .00000183  00000-0  00000+0 0  9998
2 27901 067.5597 127.2652 5502333 090.8264 005.9134 02.01095273 85212
0 COSMOS 1261 DEB
1 27901U 81031J   13160.69211373  .00000199  00000-0  00000+0 0  9993
2 27901 067.5595 127.2386 5502596 090.8010 008.7421 02.01095239 85227
0 COSMOS 1261 DEB
1 27901U 81031J   13169.58854439  .00000000  00000-0  10000-3 0  9992
2 27901 067.5605 126.7590 5506784 090.5690 329.3789 02.01100542 85395
0 COSMOS 1261 DEB
1 27901U 81031J   13169.65383743  .00000472  00000-0  00000+0 0  9993
2 27901 067.5596 126.7530 5505595 090.5670 016.6454 02.01097059 85400
0 COSMOS 1261 DEB
1 27901U 81031J   13177.62903964  .00000613  00000-0  00000+0 0  9999
2 27901 067.5614 126.3212 5508084 090.3649 030.4508 02.01102016 85565
0 COSMOS 1261 DEB
1 27901U 81031J   13185.01937943  .00000713  00000-0  00000+0 0  9996
2 27901 067.5636 125.9198 5510471 090.1834 340.9969 02.01109107 85719
0 COSMOS 1261 DEB
1 27901U 81031J   13193.54839833  .00000887  00000-0  00000+0 0  9994
2 27901 067.5662 125.4521 5513082 089.9713 036.2058 02.01120321 85889
0 COSMOS 1261 DEB
1 27901U 81031J   13195.96109037  .00000911  00000-0  00000+0 0  9996
2 27901 067.5686 125.3201 5513953 089.9076 343.1162 02.01123995 85930
0 COSMOS 1261 DEB
1 27901U 81031J   13199.53495175  .00000904  00000-0  00000+0 0  9996
2 27901 067.5696 125.1242 5515093 089.8156 050.8303 02.01129685 86009
0 COSMOS 1261 DEB
1 27901U 81031J   13201.92851855  .00000897  00000-0  00000+0 0  9995
2 27901 067.5710 124.9938 5515865 089.7533 343.9761 02.01133597 86056
0 COSMOS 1261 DEB
1 27901U 81031J   13204.91206028  .00000905  00000-0  00000+0 0  9993
2 27901 067.5714 124.8308 5516752 089.6765 344.3625 02.01138419 86111
0 COSMOS 1261 DEB
1 27901U 81031J   13207.89547447  .00000899  00000-0  00000+0 0  9998
2 27901 067.5727 124.6679 5517651 089.6003 344.7091 02.01143256 86170
0 COSMOS 1261 DEB
1 27901U 81031J   13210.87874019  .00000856  00000-0  00000+0 0  9991
2 27901 067.5738 124.5045 5518625 089.5248 345.0009 02.01148177 86237
0 COSMOS 1261 DEB
1 27901U 81031J   13213.84110225  .00000000  00000-0  10000-3 0  9999
2 27901 067.5848 124.3454 5521416 089.4385 330.2143 02.01156433 86299
0 COSMOS 1261 DEB
1 27901U 81031J   13214.85623672  .00000809  00000-0  00000+0 0  9998
2 27901 067.5749 124.2851 5519931 089.4236 345.3347 02.01154595 86316
0 COSMOS 1261 DEB
1 27901U 81031J   13217.83924006  .00000803  00000-0  00000+0 0  9998
2 27901 067.5760 124.1201 5520905 089.3474 345.5577 02.01159364 86375
0 COSMOS 1261 DEB
1 27901U 81031J   13219.30954692  .00000000  00000-0  10000-3 0  9990
2 27901 067.5844 124.0403 5523214 089.3064 330.3412 02.01165008 86408
0 COSMOS 1261 DEB
1 27901U 81031J   13220.38649900  .00000792  00000-0  00000+0 0  9996
2 27901 067.5771 123.9791 5521686 089.2818 030.2626 02.01163245 86428
0 COSMOS 1261 DEB
1 27901U 81031J   13222.81065499  .00000757  00000-0  00000+0 0  9992
2 27901 067.5781 123.8447 5522464 089.2184 345.8497 02.01166891 86473
0 COSMOS 1261 DEB
1 27901U 81031J   13225.79333344  .00000678  00000-0  00000+0 0  9991
2 27901 067.5791 123.6798 5523396 089.1395 345.9648 02.01171102 86536
0 COSMOS 1261 DEB
1 27901U 81031J   13228.77589683  .00000587  00000-0  00000+0 0  9990
2 27901 067.5864 123.5155 5524283 089.0641 346.0407 02.01174883 86592
0 COSMOS 1261 DEB
1 27901U 81031J   13231.75838576  .00000516  00000-0  00000+0 0  9992
2 27901 067.5856 123.3512 5525380 088.9831 346.1060 02.01178247 86657
0 COSMOS 1261 DEB
1 27901U 81031J   13234.71941623  .00000000  00000-0  10000-3 0  9992
2 27901 067.5852 123.1867 5527892 088.9076 330.6603 02.01184437 86711
0 COSMOS 1261 DEB
1 27901U 81031J   13234.74079069  .00000440  00000-0  00000+0 0  9994
2 27901 067.5855 123.1869 5526384 088.9063 346.1434 02.01181116 86712
0 COSMOS 1261 DEB
1 27901U 81031J   13237.26863701  .00000349  00000-0  00000+0 0  9996
2 27901 067.5852 123.0475 5527184 088.8407 016.9851 02.01183133 86762
0 COSMOS 1261 DEB
1 27901U 81031J   13239.71125772  .00000255  00000-0  00000+0 0  9993
2 27901 067.5843 122.9120 5528062 088.7782 346.1161 02.01184734 86814
0 COSMOS 1261 DEB
1 27901U 81031J   13241.69939249  .00000195  00000-0  00000+0 0  9998
2 27901 067.5780 122.7964 5528737 088.6990 346.0938 02.01185788 86852
0 COSMOS 1261 DEB
1 27901U 81031J   13250.70008854 -.00000006  00000-0  00000+0 0  9991
2 27901 067.5797 122.2969 5531627 088.4936 025.1707 02.01187831 87031
0 COSMOS 1261 DEB
1 27901U 81031J   13258.17306446 -.00000255  00000-0  00000+0 0  9994
2 27901 067.5802 121.8862 5534275 088.2965 037.7446 02.01185752 87182
0 COSMOS 1261 DEB
1 27901U 81031J   13267.02821873 -.00000498  00000-0  00000+0 0  9993
2 27901 067.5710 121.3946 5537839 088.0705 331.2751 02.01179353 87357
0 COSMOS 1261 DEB
1 27901U 81031J   13267.16927413 -.00000501  00000-0  00000+0 0  9990
2 27901 067.5794 121.3875 5537640 088.0650 073.4343 02.01178477 87368
0 COSMOS 1261 DEB
1 27901U 81031J   13275.97330810 -.00000568  00000-0  00000+0 0  9990
2 27901 067.5782 120.8963 5541112 087.8414 329.6407 02.01167718 87533
0 COSMOS 1261 DEB
1 27901U 81031J   13287.93066821 -.00000654  00000-0  00000+0 0  9993
2 27901 067.5757 120.2328 5545865 087.5369 348.9714 02.01149910 87785
0 COSMOS 1261 DEB
1 27901U 81031J   13297.35277881 -.00000646  00000-0  00000+0 0  9991
2 27901 067.5650 119.7024 5549480 087.3057 331.7449 02.01134588 87973
0 COSMOS 1261 DEB
1 27901U 81031J   13305.32419566 -.00000479  00000-0  00000+0 0  9990
2 27901 067.5727 119.2650 5553019 087.1077 343.6357 02.01122429 88131
0 COSMOS 1261 DEB
1 27901U 81031J   13317.32827558 -.00000282  00000-0  00000+0 0  9999
2 27901 067.5712 118.6007 5558086 086.8116 034.8656 02.01107246 88370
0 COSMOS 1261 DEB
1 27901U 81031J   13328.65715447 -.00000005  00000-0  00000+0 0  9993
2 27901 067.5708 117.9700 5562973 086.5385 316.7349 02.01097839 88593
0 COSMOS 1261 DEB
1 27901U 81031J   13332.15944975  .00000102  00000-0  00000+0 0  9990
2 27901 067.5748 117.7738 5563824 086.4375 332.2627 02.01096369 88678
0 COSMOS 1261 DEB
1 27901U 81031J   13332.63800709  .00000113  00000-0  00000+0 0  9991
2 27901 067.5720 117.7462 5564514 086.4437 318.7076 02.01096024 88673
0 COSMOS 1261 DEB
1 27901U 81031J   13336.63492436  .00000187  00000-0  00000+0 0  9990
2 27901 067.5629 117.5311 5566125 086.3361 332.2992 02.01095033 88764
0 COSMOS 1261 DEB
1 27901U 81031J   13336.64541227  .00000187  00000-0  00000+0 0  9994
2 27901 067.5722 117.5232 5566279 086.3453 339.8888 02.01095140 88768
0 COSMOS 1261 DEB
1 27901U 81031J   13338.65384631  .00000230  00000-0  00000+0 0  9990
2 27901 067.5719 117.4120 5567239 086.2961 353.9009 02.01094951 88805
0 COSMOS 1261 DEB
1 27901U 81031J   13343.61775824  .00000363  00000-0  00000+0 0  9997
2 27901 067.5723 117.1365 5569389 086.1763 347.5408 02.01095416 88905
0 COSMOS 1261 DEB
1 27901U 81031J   13346.54398616  .00000407  00000-0  00000+0 0  9991
2 27901 067.5728 116.9736 5570562 086.1064 306.0010 02.01096259 88958
0 COSMOS 1261 DEB
1 27901U 81031J   13348.59570236  .00000431  00000-0  00000+0 0  9995
2 27901 067.5732 116.8590 5571414 086.0577 351.3601 02.01097139 89009
0 COSMOS 1261 DEB
1 27901U 81031J   13354.50826067  .00000593  00000-0  00000+0 0  9998
2 27901 067.5752 116.5271 5573836 085.9161 311.8552 02.01100911 89112
0 COSMOS 1261 DEB
1 27901U 81031J   13356.54409407  .00000659  00000-0  00000+0 0  9992
2 27901 067.5756 116.4123 5574724 085.8666 345.7505 02.01102634 89160
0 COSMOS 1261 DEB
1 27901U 81031J   13358.54845809  .00000709  00000-0  00000+0 0  9990
2 27901 067.5760 116.2994 5575616 085.8176 356.8757 02.01104582 89207
0 COSMOS 1261 DEB
1 27901U 81031J   13361.51735633  .00000754  00000-0  00000+0 0  9994
2 27901 067.5768 116.1325 5576883 085.7443 346.3350 02.01107765 89260
0 COSMOS 1261 DEB
1 27901U 81031J   13365.50598198  .00000790  00000-0  00000+0 0  9990
2 27901 067.5780 115.9093 5578724 085.6452 354.1279 02.01112559 89341
0 COSMOS 1261 DEB
1 27901U 81031J   14004.48640763  .00000851  00000-0  00000+0 0  9992
2 27901 067.5789 115.6857 5580306 085.5478 356.0566 02.01117721 89426
0 COSMOS 1261 DEB
1 27901U 81031J   14007.46700730  .00000868  00000-0  00000+0 0  9992
2 27901 067.5800 115.5186 5581489 085.4753 354.1374 02.01121903 89481
0 COSMOS 1261 DEB
1 27901U 81031J   14010.45067418  .00000853  00000-0  00000+0 0  9998
2 27901 067.5811 115.3509 5582693 085.4032 354.4858 02.01126374 89542
0 COSMOS 1261 DEB
1 27901U 81031J   14013.43461978  .00000857  00000-0  00000+0 0  9992
2 27901 067.5824 115.1825 5583812 085.3295 355.0855 02.01131065 89603
0 COSMOS 1261 DEB
1 27901U 81031J   14018.40560546  .00000916  00000-0  00000+0 0  9991
2 27901 067.5843 114.9006 5585834 085.2067 354.5627 02.01139216 89702
0 COSMOS 1261 DEB
1 27901U 81031J   14021.38859252  .00000923  00000-0  00000+0 0  9995
2 27901 067.5851 114.7308 5587171 085.1338 354.6039 02.01144328 89764
0 COSMOS 1261 DEB
1 27901U 81031J   14024.37061480  .00000890  00000-0  00000+0 0  9998
2 27901 067.5860 114.5606 5588538 085.0691 353.9994 02.01149422 89821
0 COSMOS 1261 DEB
1 27901U 81031J   14026.36459255  .00000857  00000-0  00000+0 0  9993
2 27901 067.5872 114.4486 5589311 085.0104 357.9495 02.01152705 89860
0 COSMOS 1261 DEB
1 27901U 81031J   14028.35155988  .00000828  00000-0  00000+0 0  9998
2 27901 067.5881 114.3369 5590124 084.9522 356.8469 02.01155954 89908
0 COSMOS 1261 DEB
1 27901U 81031J   14052.18425707  .00000293  00000-0  00000+0 0  9991
2 27901 067.5931 112.9787 5600056 084.3561 337.2295 02.01184975 90384
0 COSMOS 1261 DEB
1 27901U 81031J   14056.18306343  .00000157  00000-0  00000+0 0  9998
2 27901 067.5936 112.7505 5601936 084.2528 353.4899 02.01187069 90461
0 COSMOS 1261 DEB
1 27901U 81031J   14062.14789829 -.00000029  00000-0  00000+0 0  9994
2 27901 067.5934 112.4101 5604760 084.1025 353.7473 02.01188129 90589
0 COSMOS 1261 DEB
1 27901U 81031J   14065.12663090 -.00000158  00000-0  00000+0 0  9999
2 27901 067.5934 112.2411 5605885 084.0261 351.2104 02.01187744 90644
0 COSMOS 1261 DEB
1 27901U 81031J   14068.11107375 -.00000253  00000-0  00000+0 0  9996
2 27901 067.5933 112.0701 5607211 083.9524 352.8018 02.01186802 90700
0 COSMOS 1261 DEB
1 27901U 81031J   14075.54113559 -.00000370  00000-0  00000+0 0  9992
2 27901 067.5992 111.6725 5608748 083.7031 334.2390 02.01183137 90854
0 COSMOS 1261 DEB
1 27901U 81031J   14075.58792674 -.00000370  00000-0  00000+0 0  9997
2 27901 067.5927 111.6425 5610430 083.7615 008.1127 02.01182179 90858
0 COSMOS 1261 DEB
1 27901U 81031J   14084.46922000 -.00000567  00000-0  00000+0 0  9990
2 27901 067.5900 111.1385 5614579 083.5459 320.3956 02.01172878 91025
0 COSMOS 1261 DEB
1 27901U 81031J   14090.49744927 -.00000662  00000-0  00000+0 0  9996
2 27901 067.5884 110.7897 5617777 083.3981 006.1570 02.01164754 91159
0 COSMOS 1261 DEB
1 27901U 81031J   14094.47686494 -.00000730  00000-0  00000+0 0  9998
2 27901 067.5883 110.5620 5619582 083.3067 008.0200 02.01158620 91236
0 COSMOS 1261 DEB
1 27901U 81031J   14104.93104275 -.00000658  00000-0  00000+0 0  9992
2 27901 067.5866 109.9614 5624799 083.0506 018.4177 02.01141657 91446
0 COSMOS 1261 DEB
1 27901U 81031J   14105.89890730 -.00000659  00000-0  00000+0 0  9997
2 27901 067.5843 109.9088 5626186 082.9947 359.2698 02.01140097 91468
0 COSMOS 1261 DEB
1 27901U 81031J   14114.35895197 -.00000585  00000-0  00000+0 0  9998
2 27901 067.5822 109.4248 5630056 082.8084 005.0893 02.01126621 91639
0 COSMOS 1261 DEB
1 27901U 81031J   14118.35878132 -.00000568  00000-0  00000+0 0  9993
2 27901 067.5814 109.1965 5632016 082.7178 021.1807 02.01120504 91711
0 COSMOS 1261 DEB
1 27901U 81031J   14124.31561363 -.00000480  00000-0  00000+0 0  9994
2 27901 067.5804 108.8557 5634937 082.5781 014.0924 02.01112190 91831
0 COSMOS 1261 DEB
1 27901U 81031J   14135.19154624 -.00000208  00000-0  00000+0 0  9998
2 27901 067.5783 108.2304 5640659 082.3196 328.1571 02.01100245 92046
0 COSMOS 1261 DEB
1 27901U 81031J   14147.18040850  .00000035  00000-0  00000+0 0  9992
2 27901 067.5784 107.5438 5646802 082.0426 007.5540 02.01093194 92291
0 COSMOS 1261 DEB
1 27901U 81031J   14156.58415596  .00000000  00000-0  10000-3 0  9996
2 27901 067.5768 107.0002 5653620 081.8111 335.3260 02.01095556 92474
0 COSMOS 1261 DEB
1 27901U 81031J   14156.66596216  .00000338  00000-0  00000+0 0  9993
2 27901 067.5797 106.9965 5651428 081.8298 034.5454 02.01092845 92484
0 COSMOS 1261 DEB
1 27901U 81031J   14164.60162260  .00000505  00000-0  00000+0 0  9990
2 27901 067.5793 106.5375 5655820 081.6390 019.5554 02.01096401 92646
0 COSMOS 1261 DEB
1 27901U 81031J   14171.59236861  .00000647  00000-0  00000+0 0  9992
2 27901 067.5806 106.1334 5659121 081.4760 040.6136 02.01102259 92784
0 COSMOS 1261 DEB
1 27901U 81031J   14180.52742475  .00000780  00000-0  00000+0 0  9996
2 27901 067.5832 105.6156 5663552 081.2701 029.5383 02.01113124 92968
0 COSMOS 1261 DEB
1 27901U 81031J   14189.53009317  .00000884  00000-0  00000+0 0  9992
2 27901 067.5855 105.0888 5668106 081.0554 067.8186 02.01127129 93140
0 COSMOS 1261 DEB
1 27901U 81031J   14199.39756154  .00000871  00000-0  00000+0 0  9991
2 27901 067.5885 104.5127 5672782 080.8210 012.8052 02.01144040 93349
0 COSMOS 1261 DEB
1 27901U 81031J   14207.42749398  .00000782  00000-0  00000+0 0  9998
2 27901 067.5911 104.0419 5676273 080.6290 067.6942 02.01157865 93506
0 COSMOS 1261 DEB
1 27901U 81031J   14212.35535032  .00000743  00000-0  00000+0 0  9991
2 27901 067.5922 103.7505 5678786 080.5092 036.4029 02.01165921 93603
0 COSMOS 1261 DEB
1 27901U 81031J   14220.27080174  .00000548  00000-0  00000+0 0  9996
2 27901 067.5937 103.2831 5682864 080.3133 008.9845 02.01177017 93768
0 COSMOS 1261 DEB
1 27901U 81031J   14229.82453219  .00000211  00000-0  00000+0 0  9997
2 27901 067.5951 102.7199 5687402 080.0790 088.4140 02.01186303 93954
0 COSMOS 1261 DEB
1 27901U 81031J   14236.20766741  .00000063  00000-0  00000+0 0  9999
2 27901 067.5954 102.3419 5690342 079.9232 031.6328 02.01189403 94080
0 COSMOS 1261 DEB
1 27901U 81031J   14238.23856272  .00000017  00000-0  00000+0 0  9992
2 27901 067.5952 102.2211 5691423 079.8735 062.5938 02.01189852 94128
0 COSMOS 1261 DEB
1 27901U 81031J   14241.10238885  .00000000  00000-0  10000-3 0  9993
2 27901 067.5983 102.0520 5694537 079.8095 336.8404 02.01192363 94183
0 COSMOS 1261 DEB
1 27901U 81031J   14241.20760084 -.00000077  00000-0  00000+0 0  9995
2 27901 067.5949 102.0443 5693010 079.8002 053.0468 02.01190019 94186
0 COSMOS 1261 DEB
1 27901U 81031J   14249.10015749 -.00000307  00000-0  00000+0 0  9999
2 27901 067.5933 101.5754 5697486 079.6060 009.5496 02.01187474 94347
0 COSMOS 1261 DEB
1 27901U 81031J   14258.53424480 -.00000604  00000-0  00000+0 0  9992
2 27901 067.5913 101.0161 5702305 079.3796 002.3887 02.01179332 94532
0 COSMOS 1261 DEB
1 27901U 81031J   14258.53424480 -.00000604  00000-0  00000+0 0  9992
2 27901 067.5913 101.0161 5702305 079.3796 002.3887 02.01179332 94532
0 COSMOS 1261 DEB
1 27901U 81031J   14258.53424480 -.00000604  00000-0  00000+0 0  9992
2 27901 067.5913 101.0161 5702305 079.3796 002.3887 02.01179332 94532
0 COSMOS 1261 DEB
1 27901U 81031J   14267.48078431 -.00000661  00000-0  00000+0 0  9990
2 27901 067.5884 100.4839 5707047 079.1660 001.7813 02.01167698 94714
0 COSMOS 1261 DEB
1 27901U 81031J   14269.91077343 -.00000693  00000-0  00000+0 0  9996
2 27901 067.5875 100.3395 5708448 079.1076 321.5925 02.01164097 94758
0 COSMOS 1261 DEB
1 27901U 81031J   14277.42098772 -.00000710  00000-0  00000+0 0  9990
2 27901 067.5828 099.8948 5712940 078.9287 000.3190 02.01152117 94919
0 COSMOS 1261 DEB
1 27901U 81031J   14286.34704756 -.00000758  00000-0  00000+0 0  9999
2 27901 067.5817 099.3642 5717765 078.7238 343.9289 02.01137150 95092
0 COSMOS 1261 DEB
1 27901U 81031J   14294.32311096 -.00000595  00000-0  00000+0 0  9996
2 27901 067.5792 098.8893 5722177 078.5412 359.2133 02.01124170 95255
0 COSMOS 1261 DEB
1 27901U 81031J   14295.35155990 -.00000583  00000-0  00000+0 0  9996
2 27901 067.5856 098.8333 5722683 078.5008 023.8652 02.01122669 95271
0 COSMOS 1261 DEB
1 27901U 81031J   14301.28533787 -.00000496  00000-0  00000+0 0  9993
2 27901 067.5733 098.4728 5726406 078.3856 000.1074 02.01113973 95392
0 COSMOS 1261 DEB
1 27901U 81031J   14309.24039944 -.00000357  00000-0  00000+0 0  9999
2 27901 067.5742 098.0014 5730915 078.2033 359.5593 02.01104198 95556
0 COSMOS 1261 DEB
1 27901U 81031J   14317.22038456 -.00000166  00000-0  00000+0 0  9991
2 27901 067.5721 097.5258 5735182 078.0263 016.8111 02.01096869 95713
0 COSMOS 1261 DEB
1 27901U 81031J   14321.63753841 -.00000028  00000-0  00000+0 0  9990
2 27901 067.5725 097.2619 5737716 077.9266 334.6113 02.01094087 95792
0 COSMOS 1261 DEB
1 27901U 81031J   14324.61656630  .00000035  00000-0  00000+0 0  9996
2 27901 067.5721 097.0836 5739505 077.8600 331.2584 02.01092765 95859
0 COSMOS 1261 DEB
1 27901U 81031J   14325.62021873  .00000058  00000-0  10000-3 0  9993
2 27901 067.5749 097.0216 5741468 077.8352 337.8424 02.01094520 95874
0 COSMOS 1261 DEB
1 27901U 81031J   14325.62021873  .00000000  00000-0  10000-3 0  9990
2 27901 067.5749 097.0216 5741468 077.8352 337.8424 02.01094520 95874
0 COSMOS 1261 DEB
1 27901U 81031J   14325.64879404  .00000058  00000-0  00000+0 0  9991
2 27901 067.5720 097.0215 5740068 077.8369 358.5292 02.01092389 95879
0 COSMOS 1261 DEB
1 27901U 81031J   14329.60455267  .00000168  00000-0  00000+0 0  9990
2 27901 067.5714 096.7847 5742429 077.7487 342.2515 02.01091638 95955
0 COSMOS 1261 DEB
1 27901U 81031J   14332.60153992  .00000260  00000-0  00000+0 0  9997
2 27901 067.5712 096.6053 5744065 077.6825 351.8782 02.01091652 96010
0 COSMOS 1261 DEB
1 27901U 81031J   14335.59345868  .00000307  00000-0  00000+0 0  9995
2 27901 067.5714 096.4266 5745739 077.6167 357.8388 02.01092129 96078
0 COSMOS 1261 DEB
1 27901U 81031J   14340.55502994  .00000366  00000-0  00000+0 0  9997
2 27901 067.5718 096.1295 5748260 077.5071 349.7237 02.01094003 96162
0 COSMOS 1261 DEB
1 27901U 81031J   14343.49790825  .00000466  00000-0  00000+0 0  9996
2 27901 067.5723 095.9529 5749795 077.4412 320.2145 02.01095742 96216
0 COSMOS 1261 DEB
1 27901U 81031J   14346.53119990  .00000570  00000-0  00000+0 0  9998
2 27901 067.5722 095.7696 5751453 077.3742 356.1814 02.01097960 96278
0 COSMOS 1261 DEB
1 27901U 81031J   14353.49157671  .00000694  00000-0  00000+0 0  9996
2 27901 067.5728 095.3482 5755324 077.2172 355.2928 02.01104750 96418
0 COSMOS 1261 DEB
1 27901U 81031J   14358.46372109  .00000796  00000-0  00000+0 0  9996
2 27901 067.5733 095.0471 5757963 077.1043 355.0982 02.01110924 96515
0 COSMOS 1261 DEB
1 27901U 81031J   14361.44887729  .00000832  00000-0  00000+0 0  9998
2 27901 067.5741 094.8668 5759493 077.0371 356.3910 02.01115217 96573
0 COSMOS 1261 DEB
1 27901U 81031J   15005.37388458  .00000000  00000-0  10000-3 0  9993
2 27901 067.5744 094.3187 5765910 076.8586 338.5056 02.01131373 96746
0 COSMOS 1261 DEB
1 27901U 81031J   15005.39932265  .00000845  00000-0  00000+0 0  9998
2 27901 067.5759 094.3234 5763871 076.8439 356.9256 02.01129747 96755
0 COSMOS 1261 DEB
1 27901U 81031J   15007.36269740  .00000000  00000-0  10000-3 0  9996
2 27901 067.5760 094.2028 5766916 076.7934 338.5672 02.01134831 96780
0 COSMOS 1261 DEB
1 27901U 81031J   15007.38893029  .00000878  00000-0  00000+0 0  9999
2 27901 067.5772 094.2038 5764824 076.7879 357.5617 02.01133219 96798
0 COSMOS 1261 DEB
1 27901U 81031J   15010.84274935  .00000894  00000-0  00000+0 0  9991
2 27901 067.5774 093.9925 5766664 076.7087 338.4598 02.01139329 96868
0 COSMOS 1261 DEB
1 27901U 81031J   15017.33257208  .00000839  00000-0  00000+0 0  9995
2 27901 067.5788 093.5951 5770226 076.5559 357.9282 02.01150815 96992
0 COSMOS 1261 DEB
1 27901U 81031J   15024.29117750  .00000760  00000-0  00000+0 0  9998
2 27901 067.5802 093.1696 5773852 076.3933 357.1476 02.01162824 97130
0 COSMOS 1261 DEB
1 27901U 81031J   15033.20951014  .00000524  00000-0  00000+0 0  9996
2 27901 067.5821 092.6242 5778031 076.1842 335.9565 02.01176292 97310
0 COSMOS 1261 DEB
1 27901U 81031J   15036.23211160  .00000478  00000-0  00000+0 0  9991
2 27901 067.5822 092.4379 5779570 076.1109 005.0697 02.01180053 97372
0 COSMOS 1261 DEB
1 27901U 81031J   15040.20804552  .00000356  00000-0  00000+0 0  9991
2 27901 067.5820 092.1921 5781713 076.0156 004.6894 02.01184259 97458
0 COSMOS 1261 DEB
1 27901U 81031J   15043.66406086  .00000241  00000-0  00000+0 0  9997
2 27901 067.5819 091.9789 5783730 075.9321 347.7987 02.01187031 97521
0 COSMOS 1261 DEB
1 27901U 81031J   15049.15520642  .00000101  00000-0  00000+0 0  9997
2 27901 067.5812 091.6403 5786921 075.8013 004.9594 02.01189889 97637
0 COSMOS 1261 DEB
1 27901U 81031J   15051.10798582  .00000000  00000-0  10000-3 0  9998
2 27901 067.5760 091.5185 5789174 075.7627 339.3373 02.01192422 97679
0 COSMOS 1261 DEB
1 27901U 81031J   15052.13678459 -.00000018  00000-0  00000+0 0  9997
2 27901 067.5811 091.4570 5788494 075.7305 004.4940 02.01190591 97697
0 COSMOS 1261 DEB
1 27901U 81031J   15055.11979756 -.00000167  00000-0  00000+0 0  9997
2 27901 067.5808 091.2738 5790016 075.6599 005.0708 02.01190700 97752
0 COSMOS 1261 DEB
1 27901U 81031J   15059.09472073 -.00000287  00000-0  00000+0 0  9991
2 27901 067.5806 091.0317 5792131 075.5722 004.0702 02.01190136 97833
0 COSMOS 1261 DEB
1 27901U 81031J   15066.05246796 -.00000422  00000-0  00000+0 0  9997
2 27901 067.5797 090.6028 5795914 075.4061 003.4577 02.01186178 97972
0 COSMOS 1261 DEB
1 27901U 81031J   15070.02880726 -.00000530  00000-0  00000+0 0  9996
2 27901 067.5785 090.3570 5798107 075.3125 003.4008 02.01182556 98050
0 COSMOS 1261 DEB
1 27901U 81031J   15074.99921727 -.00000595  00000-0  00000+0 0  9994
2 27901 067.5769 090.0499 5801000 075.1957 003.2353 02.01176806 98150
0 COSMOS 1261 DEB
1 27901U 81031J   15081.01006729 -.00000725  00000-0  00000+0 0  9996
2 27901 067.5707 089.6778 5804459 075.0569 036.4588 02.01168402 98279
0 COSMOS 1261 DEB
1 27901U 81031J   15085.40560387  .00000000  00000-0  10000-3 0  9998
2 27901 067.5766 089.3994 5808922 074.9536 339.7120 02.01163068 98366
0 COSMOS 1261 DEB
1 27901U 81031J   15085.46036644 -.00000799  00000-0  00000+0 0  9999
2 27901 067.5721 089.4030 5807183 074.9529 019.3634 02.01161418 98367
0 COSMOS 1261 DEB
1 27901U 81031J   15088.91641457 -.00000767  00000-0  00000+0 0  9991
2 27901 067.5705 089.1892 5809209 074.8741 002.1520 02.01155741 98432
0 COSMOS 1261 DEB
1 27901U 81031J   15096.87071804 -.00000763  00000-0  00000+0 0  9994
2 27901 067.5669 088.6982 5813846 074.6933 002.1931 02.01142079 98591
0 COSMOS 1261 DEB
1 27901U 81031J   15097.83414819  .00000000  00000-0  10000-3 0  9996
2 27901 067.5669 088.6413 5815835 074.6740 339.8290 02.01141832 98613
0 COSMOS 1261 DEB
1 27901U 81031J   15098.82848667  .00000000  00000-0  10000-3 0  9998
2 27901 067.5663 088.5798 5816429 074.6516 339.8367 02.01140105 98632
0 COSMOS 1261 DEB
1 27901U 81031J   15099.82283906  .00000000  00000-0  10000-3 0  9998
2 27901 067.5651 088.5208 5816999 074.6283 339.8484 02.01138390 98653
0 COSMOS 1261 DEB
1 27901U 81031J   15099.85278700 -.00000736  00000-0  00000+0 0  9999
2 27901 067.5655 088.5142 5815616 074.6273 001.5310 02.01136933 98650
0 COSMOS 1261 DEB
1 27901U 81031J   15109.78776685 -.00000681  00000-0  00000+0 0  9997
2 27901 067.5599 087.9017 5821660 074.4063 355.1313 02.01120530 98851
0 COSMOS 1261 DEB
1 27901U 81031J   15112.30787296 -.00000655  00000-0  00000+0 0  9990
2 27901 067.5592 087.7432 5823174 074.3499 019.7690 02.01116728 98908
0 COSMOS 1261 DEB
1 27901U 81031J   15120.25117436 -.00000448  00000-0  00000+0 0  9996
2 27901 067.5556 087.2516 5827890 074.1761 010.7581 02.01106009 99064
0 COSMOS 1261 DEB
1 27901U 81031J   15125.23306968 -.00000359  00000-0  00000+0 0  9990
2 27901 067.5534 086.9427 5830736 074.0679 017.5298 02.01100431 99161
0 COSMOS 1261 DEB
1 27901U 81031J   15128.20349350 -.00000271  00000-0  00000+0 0  9995
2 27901 067.5521 086.7587 5832484 074.0037 007.9985 02.01097536 99226
0 COSMOS 1261 DEB
1 27901U 81031J   15131.18941920 -.00000178  00000-0  00000+0 0  9993
2 27901 067.5507 086.5733 5834258 073.9395 009.6620 02.01095066 99284
0 COSMOS 1261 DEB
1 27901U 81031J   15137.15663608 -.00000116  00000-0  00000+0 0  9992
2 27901 067.5483 086.2023 5837708 073.8114 009.5668 02.01091443 99407
0 COSMOS 1261 DEB
1 27901U 81031J   15140.15911019 -.00000046  00000-0  00000+0 0  9990
2 27901 067.5473 086.0156 5839438 073.7473 023.1521 02.01090359 99461
0 COSMOS 1261 DEB
1 27901U 81031J   15143.12386868  .00000071  00000-0  00000+0 0  9995
2 27901 067.5465 085.8310 5841027 073.6860 009.4244 02.01089787 99526
0 COSMOS 1261 DEB
1 27901U 81031J   15151.59351059  .00000283  00000-0  00000+0 0  9994
2 27901 067.5443 085.3027 5845593 073.5060 020.8335 02.01090673 99697
0 COSMOS 1261 DEB
1 27901U 81031J   15154.59722169  .00000372  00000-0  00000+0 0  9990
2 27901 067.5439 085.1149 5847372 073.4392 035.3173 02.01091880 99758
0 COSMOS 1261 DEB
1 27901U 81031J   15157.58774734  .00000472  00000-0  00000+0 0  9998
2 27901 067.5433 084.9278 5849021 073.3756 040.2721 02.01093601 99812
0 COSMOS 1261 DEB
1 27901U 81031J   15159.58080715 +.00000519 +00000-0 +00000-0 0  9992
2 27901 067.5430 084.8029 5850092 073.3330 043.1355 02.01095028099865
0 COSMOS 1261 DEB
1 27901U 81031J   15160.55965244  .00000531  00000-0  00000+0 0  9993
2 27901 067.5429 084.7415 5850611 073.3121 031.7681 02.01095793 99871
0 COSMOS 1261 DEB
1 27901U 81031J   15161.55244245 +.00000536 +00000-0 +00000-0 0  9991
2 27901 067.5429 084.6794 5851165 073.2908 030.4991 02.01096638099900
0 COSMOS 1261 DEB
1 27901U 81031J   15162.56626083  .00000537  00000-0  00000+0 0  9997
2 27901 067.5426 084.6153 5851642 073.2676 044.4576 02.01097551 99918
0 COSMOS 1261 DEB
1 27901U 81031J   15163.56020633 +.00000538 +00000-0 +00000-0 0  9999
2 27901 067.5425 084.5530 5852170 073.2462 044.0317 02.01098497099947
0 COSMOS 1261 DEB
1 27901U 81031J   15167.53849457  .00000597  00000-0  00000+0 0  9997
2 27901 067.5422 084.3034 5854192 073.1613 044.1794 02.01102860100015
0 COSMOS 1261 DEB
1 27901U 81031J   15170.51723999  .00000692  00000-0  00000+0 0  9997
2 27901 067.5423 084.1163 5855804 073.0963 040.7356 02.01106700100074
0 COSMOS 1261 DEB
1 27901U 81031J   15175.49213563  .00000774  00000-0  00000+0 0  9991
2 27901 067.5419 083.8033 5858225 072.9891 042.5647 02.01113885100175
0 COSMOS 1261 DEB
1 27901U 81031J   15184.39883981  .00000883  00000-0  00000+0 0  9998
2 27901 067.5422 083.2409 5862785 072.7927 011.3841 02.01128712100359
0 COSMOS 1261 DEB
1 27901U 81031J   15188.47009619  .00000877  00000-0  00000+0 0  9992
2 27901 067.5428 082.9829 5864882 072.7024 079.3015 02.01136013100434
0 COSMOS 1261 DEB
1 27901U 81031J   15196.33566125  .00000796  00000-0  00000+0 0  9996
2 27901 067.5438 082.4844 5868888 072.5265 014.9207 02.01150692100596
0 COSMOS 1261 DEB
1 27901U 81031J   15205.31286251  .00000679  00000-0  00000+0 0  9994
2 27901 067.5458 081.9137 5873114 072.3217 035.9972 02.01166797100775
0 COSMOS 1261 DEB
1 27901U 81031J   15209.29849939  .00000614  00000-0  00000+0 0  9992
2 27901 067.5464 081.6596 5875087 072.2304 042.4612 02.01173190100853
0 COSMOS 1261 DEB
1 27901U 81031J   15211.80659635  .00000580  00000-0  00000+0 0  9996
2 27901 067.5465 081.4994 5876375 072.1727 058.9110 02.01176858100908
0 COSMOS 1261 DEB
1 27901U 81031J   15217.23530895  .00000385  00000-0  00000+0 0  9998
2 27901 067.5467 081.1520 5879147 072.0478 030.6762 02.01183670101017
0 COSMOS 1261 DEB
1 27901U 81031J   15221.67409729  .00000207  00000-0  00000+0 0  9995
2 27901 067.5467 080.8681 5881462 071.9450 005.5747 02.01188049101101
0 COSMOS 1261 DEB
1 27901U 81031J   15224.65590675  .00000152  00000-0  00000+0 0  9996
2 27901 067.5468 080.6770 5882979 071.8763 005.2567 02.01190359101169
0 COSMOS 1261 DEB
1 27901U 81031J   15229.62589814 -.00000002  00000-0  00000+0 0  9996
2 27901 067.5461 080.3587 5885524 071.7615 004.9930 02.01192793101264
0 COSMOS 1261 DEB
1 27901U 81031J   15235.59049557 -.00000199 +00000-0 +00000-0 0  9992
2 27901 067.5455 079.9755 5888664 071.6229 005.1493 02.01193283101381
0 COSMOS 1261 DEB
1 27901U 81031J   15238.55003897 -.00000255  00000-0  00000+0 0  9990
2 27901 067.5447 079.7852 5890320 071.5544 348.7414 02.01192493101447
0 COSMOS 1261 DEB
1 27901U 81031J   15241.55400450 -.00000333  00000-0  00000+0 0  9997
2 27901 067.5437 079.5916 5891997 071.4853 004.4965 02.01191034101502
0 COSMOS 1261 DEB
1 27901U 81031J   15249.50347956 -.00000615  00000-0  00000+0 0  9994
2 27901  67.5465  79.0804 5896575  71.3058   2.1490  2.01184406101667
0 COSMOS 1261 DEB
1 27901U 81031J   15250.47158218 -.00000622 +00000-0 +00000-0 0  9992
2 27901 067.5422 079.0179 5897058 071.2821 343.3130 02.01183365101696
0 COSMOS 1261 DEB
1 27901U 81031J   15251.49382325 -.00000626 +00000-0 +00000-0 0  9997
2 27901 067.5407 078.9519 5897610 071.2588 003.6830 02.01182208101710
0 COSMOS 1261 DEB
1 27901U 81031J   15252.48434409 -.00000632  00000-0  00000+0 0  9994
2 27901  67.5381  78.8883 5898124  71.2348   1.0757  2.01181051101725
0 COSMOS 1261 DEB
1 27901U 81031J   15253.48212295 -.00000641 +00000-0 +00000-0 0  9993
2 27901 067.5376 078.8241 5898676 071.2121 003.7203 02.01179826101753
0 COSMOS 1261 DEB
1 27901U 81031J   15257.42833630 -.00000717  00000-0  00000+0 0  9996
2 27901  67.5352  78.5705 5900885  71.1226 341.7322  2.01174540101823
0 COSMOS 1261 DEB
1 27901U 81031J   15261.41946891 -.00000775  00000-0  00000+0 0  9998
2 27901  67.5342  78.3132 5903129  71.0340 352.1946  2.01168562101908
0 COSMOS 1261 DEB
1 27901U 81031J   15262.90484307 -.00000776 +00000-0 +00000-0 0  9994
2 27901 067.5334 078.2177 5903999 071.0006 347.9113 02.01166184101941
0 COSMOS 1261 DEB
1 27901U 81031J   15270.38225050 -.00000784  00000-0  00000+0 0  9991
2 27901  67.5285  77.7353 5908427  70.8355   2.8913  2.01153409102088
0 COSMOS 1261 DEB
1 27901U 81031J   15271.37102153 -.00000804 +00000-0 +00000-0 0  9993
2 27901 067.5278 077.6714 5908997 070.8140 358.9123 02.01151658102110
0 COSMOS 1261 DEB
1 27901U 81031J   15275.33239970 -.00000851  00000-0  00000+0 0  9992
2 27901  67.5251  77.4160 5911336  70.7274 347.4919  2.01144640102188
0 COSMOS 1261 DEB
1 27901U 81031J   15282.27532662 -.00000744  00000-0  00000+0 0  9998
2 27901  67.5203  76.9683 5915341  70.5776 334.8798  2.01132657102320
0 COSMOS 1261 DEB
1 27901U 81031J   15283.82583843 -.00000738 +00000-0 +00000-0 0  9991
2 27901 067.5196 076.8680 5916194 070.5449 017.5669 02.01130031102361
0 COSMOS 1261 DEB
1 27901U 81031J   15289.73094466 -.00000675  00000-0  00000+0 0  9994
2 27901  67.5149  76.4868 5919476  70.4188 333.1784  2.01120455102474
0 COSMOS 1261 DEB
1 27901U 81031J   15293.70952916 -.00000565  00000-0  00000+0 0  9997
2 27901  67.5116  76.2297 5921774  70.3346 333.7726  2.01114374102555
0 COSMOS 1261 DEB
1 27901U 81031J   15293.70952916 -.00000565 +00000-0 +00000-0 0  9998
2 27901 067.5116 076.2297 5921774 070.3346 333.7726 02.01114374102555
0 COSMOS 1261 DEB
1 27901U 81031J   15301.19851286 -.00000507  00000-0  00000+0 0  9994
2 27901  67.5125  75.7431 5926146  70.1799 355.7661  2.01104370102701
0 COSMOS 1261 DEB
1 27901U 81031J   15301.68745186 -.00000501 +00000-0 +00000-0 0  9994
2 27901 067.5052 075.7151 5926520 070.1671 349.7462 02.01103747102725
0 COSMOS 1261 DEB
1 27901U 81031J   15302.20008328 -.00000493 +00000-0 +00000-0 0  9993
2 27901 067.5064 075.6817 5926819 070.1558 000.8787 02.01103160102736
0 COSMOS 1261 DEB
1 27901U 81031J   15311.14941227 -.00000245  00000-0  00000+0 0  9994
2 27901  67.5012  75.1027 5931827  69.9694 359.8131  2.01094780102905
0 COSMOS 1261 DEB
1 27901U 81031J   15311.62148778 -.00000238 +00000-0 +00000-0 0  9990
2 27901 067.5010 075.0724 5932063 069.9597 341.5687 02.01094438102916
0 COSMOS 1261 DEB
1 27901U 81031J   15312.61524487 -.00000224 +00000-0 +00000-0 0  9990
2 27901 067.5005 075.0082 5932600 069.9391 340.9897 02.01093743102932
0 COSMOS 1261 DEB
1 27901U 81031J   15320.09773963  .00000006  00000-0  00000+0 0  9992
2 27901  67.4963  74.5234 5936719  69.7852 357.8067  2.01090026103086
0 COSMOS 1261 DEB
1 27901U 81031J   15320.56624054 +.00000023 +00000-0 +00000-0 0  9990
2 27901 067.4965 074.4925 5936886 069.7740 336.9669 02.01089895103094
0 COSMOS 1261 DEB
1 27901U 81031J   15321.58136921 +.00000057 +00000-0 +00000-0 0  9991
2 27901 067.4959 074.4266 5937433 069.7531 351.8441 02.01089622103128
0 COSMOS 1261 DEB
1 27901U 81031J   15327.55274896  .00000136  00000-0  00000+0 0  9995
2 27901  67.4929  74.0386 5940652  69.6314 354.6663  2.01089150103234
0 COSMOS 1261 DEB
1 27901U 81031J   15330.53795921  .00000194  00000-0  00000+0 0  9998
2 27901  67.4916  73.8432 5942154  69.5663 355.7341  2.01089738103297
0 COSMOS 1261 DEB
1 27901U 81031J   15331.53283963 +.00000229 +00000-0 +00000-0 0  9997
2 27901 067.4914 073.7791 5942738 069.5478 355.9529 02.01090052103329
0 COSMOS 1261 DEB
1 27901U 81031J   15334.51916008  .00000343  00000-0  00000+0 0  9997
2 27901  67.4904  73.5845 5944269  69.4856 357.8360  2.01091360103378
0 COSMOS 1261 DEB
1 27901U 81031J   15336.50719037 +.00000396 +00000-0 +00000-0 0  9990
2 27901 067.4898 073.4548 5945295 069.4445 357.0370 02.01092507103426
0 COSMOS 1261 DEB
1 27901U 81031J   15338.49690634  .00000427  00000-0  00000+0 0  9995
2 27901  67.4891  73.3248 5946299  69.4032 357.4670  2.01093860103455
0 COSMOS 1261 DEB
1 27901U 81031J   15347.42213850  .00000651  00000-0  00000+0 0  9998
2 27901  67.4869  72.7408 5950651  69.2141 338.9260  2.01102355103636
0 COSMOS 1261 DEB
1 27901U 81031J   15347.96844206 +.00000668 +00000-0 +00000-0 0  9991
2 27901 067.4867 072.7049 5950950 069.2038 014.4341 02.01102992103657
0 COSMOS 1261 DEB
1 27901U 81031J   15348.42908399 +.00000681 +00000-0 +00000-0 0  9992
2 27901 067.4865 072.6748 5951208 069.1954 347.9263 02.01103529103668
0 COSMOS 1261 DEB
1 27901U 81031J   15355.40684755  .00000716  00000-0  00000+0 0  9993
2 27901  67.4848  72.2165 5954598  69.0471 359.7698  2.01113012103791
0 COSMOS 1261 DEB
1 27901U 81031J   15356.38906402 +.00000719 +00000-0 +00000-0 0  9991
2 27901 067.4853 072.1519 5955118 069.0277 350.9062 02.01114536103826
0 COSMOS 1261 DEB
1 27901U 81031J   15360.37997162  .00000797  00000-0  00000+0 0  9993
2 27901  67.4849  71.8893 5957044  68.9430   0.4297  2.01121131103894
0 COSMOS 1261 DEB
1 27901U 81031J   15365.35160706  .00000838  00000-0  00000+0 0  9998
2 27901  67.4832  71.5616 5959501  68.8361   0.1667  2.01130088103998
0 COSMOS 1261 DEB
1 27901U 81031J   16004.30843765  .00000817  00000-0  00000+0 0  9994
2 27901  67.4827  71.3009 5961408  68.7539 345.2395  2.01137396104071
0 COSMOS 1261 DEB
1 27901U 81031J   16009.75420293  .00000858  00000-0  00000+0 0  9990
2 27901  67.4826  70.9410 5963959  68.6354 328.6031  2.01147725104189
0 COSMOS 1261 DEB
1 27901U 81031J   16012.25921469  .00000853  00000-0  00000+0 0  9995
2 27901  67.4829  70.7744 5965139  68.5782 342.5922  2.01152485104235
0 COSMOS 1261 DEB
1 27901U 81031J   16012.76289703 +.00000847 +00000-0 +00000-0 0  9993
2 27901 067.4814 070.7419 5965395 068.5672 347.3342 02.01153352104255
0 COSMOS 1261 DEB
1 27901U 81031J   16013.27776381 +.00000837 +00000-0 +00000-0 0  9992
2 27901 067.4839 070.7063 5965536 068.5548 000.1793 02.01154368104269
0 COSMOS 1261 DEB
1 27901U 81031J   16015.24835818  .00000782  00000-0  00000+0 0  9990
2 27901  67.4839  70.5755 5966480  68.5113 347.2143  2.01157956104295
0 COSMOS 1261 DEB
1 27901U 81031J   16016.26082536 +.00000747 +00000-0 +00000-0 0  9996
2 27901 067.4835 070.5093 5966920 068.4877 000.4176 02.01159764104328
0 COSMOS 1261 DEB
1 27901U 81031J   16021.20573432  .00000640  00000-0  00000+0 0  9997
2 27901  67.4841  70.1803 5969315  68.3779 341.4909  2.01168516104418
0 COSMOS 1261 DEB
1 27901U 81031J   16023.21615572  .00000626  00000-0  00000+0 0  9996
2 27901  67.4847  70.0467 5970311  68.3347 357.4688  2.01171890104452
0 COSMOS 1261 DEB
1 27901U 81031J   16025.20554543 +.00000593 +00000-0 +00000-0 0  9991
2 27901 067.4847 069.9145 5971262 068.2901 358.2392 02.01175093104509
0 COSMOS 1261 DEB
1 27901U 81031J   16027.18808713  .00000532  00000-0  00000+0 0  9993
2 27901  67.4846  69.7828 5972218  68.2457 354.0716  2.01178099104538
0 COSMOS 1261 DEB
1 27901U 81031J   16028.18818762 +.00000494 +00000-0 +00000-0 0  9997
2 27901 067.4845 069.7162 5972710 068.2236 358.3905 02.01179553104566
0 COSMOS 1261 DEB
1 27901U 81031J   16029.18125550 +.00000455 +00000-0 +00000-0 0  9991
2 27901 067.4844 069.6500 5973186 068.2014 357.6208 02.01180925104587
0 COSMOS 1261 DEB
1 27901U 81031J   16030.14946315  .00000420  00000-0  00000+0 0  9990
2 27901  67.4843  69.5855 5973646  68.1800 338.8510  2.01182227104596
0 COSMOS 1261 DEB
1 27901U 81031J   16032.16652145  .00000360  00000-0  00000+0 0  9992
2 27901  67.4841  69.4510 5974625  68.1346 359.7312  2.01184729104630
0 COSMOS 1261 DEB
1 27901U 81031J   16035.14169463  .00000303  00000-0  00000+0 0  9996
2 27901  67.4838  69.2527 5976121  68.0671 354.5693  2.01187941104695
0 COSMOS 1261 DEB
1 27901U 81031J   16036.13559547 +.00000286 +00000-0 +00000-0 0  9993
2 27901 067.4836 069.1862 5976635 068.0449 354.4315 02.01188847104727
0 COSMOS 1261 DEB
1 27901U 81031J   16039.11214203  .00000220  00000-0  00000+0 0  9998
2 27901  67.4829  68.9872 5978142  67.9776 350.3031  2.01191167104777
0 COSMOS 1261 DEB
1 27901U 81031J   16040.10150603 +.00000185 +00000-0 +00000-0 0  9993
2 27901 067.4828 068.9214 5978615 067.9543 346.8916 02.01191801104804
0 COSMOS 1261 DEB
1 27901U 81031J   16041.10023637 +.00000143 +00000-0 +00000-0 0  9994
2 27901 067.4825 068.8546 5979128 067.9319 350.2656 02.01192352104823
0 COSMOS 1261 DEB
1 27901U 81031J   16042.09416266  .00000094  00000-0  00000+0 0  9991
2 27901  67.4822  68.7881 5979648  67.9098 350.1619  2.01192820104831
0 COSMOS 1261 DEB
1 27901U 81031J   16044.09022034 -.00000012 +00000-0 +00000-0 0  9991
2 27901 067.4817 068.6548 5980687 067.8646 355.9031 02.01193586104883
0 COSMOS 1261 DEB
1 27901U 81031J   16045.08404354 -.00000060  00000-0  00000+0 0  9992
2 27901  67.4815  68.5885 5981216  67.8422 355.7289  2.01193849104891
0 COSMOS 1261 DEB
1 27901U 81031J   16046.07566128 -.00000101 +00000-0 +00000-0 0  9997
2 27901 067.4811 068.5221 5981743 067.8199 353.9586 02.01194069104926
0 COSMOS 1261 DEB
1 27901U 81031J   16048.05850199 -.00000157  00000-0  00000+0 0  9991
2 27901  67.4805  68.3896 5982791  67.7753 350.1334  2.01194307104952
0 COSMOS 1261 DEB
1 27901U 81031J   16054.54681481 -.00000327  00000-0  00000+0 0  9997
2 27901  67.4778  67.9558 5986182  67.6288   9.6210  2.01193106105081
0 COSMOS 1261 DEB
1 27901U 81031J   16055.54057317 -.00000368 +00000-0 +00000-0 0  9999
2 27901 067.4773 067.8894 5986709 067.6064 009.3963 02.01192654105118
0 COSMOS 1261 DEB
1 27901U 81031J   16057.00485640 -.00000426  00000-0  00000+0 0  9990
2 27901  67.4765  67.7916 5987488  67.5734 349.9678  2.01191863105130
0 COSMOS 1261 DEB
1 27901U 81031J   16057.52843375 -.00000444 +00000-0 +00000-0 0  9991
2 27901 067.4762 067.7565 5987760 067.5616 009.1905 02.01191537105157
0 COSMOS 1261 DEB
1 27901U 81031J   16058.52369258 -.00000474 +00000-0 +00000-0 0  9998
2 27901 067.4756 067.6897 5988279 067.5395 010.0467 02.01190875105177
0 COSMOS 1261 DEB
1 27901U 81031J   16059.51733072 -.00000497  00000-0  00000+0 0  9991
2 27901  67.4751  67.6233 5988808  67.5172   9.7263  2.01190135105186
0 COSMOS 1261 DEB
1 27901U 81031J   16060.51246323 -.00000514 +00000-0 +00000-0 0  9992
2 27901 067.4747 067.5568 5989355 067.4946 010.4855 02.01189319105219
0 COSMOS 1261 DEB
1 27901U 81031J   16061.02197154 -.00000521 +00000-0 +00000-0 0  9994
2 27901 067.4744 067.5227 5989635 067.4833 019.5133 02.01188877105222
0 COSMOS 1261 DEB
1 27901U 81031J   16062.50034635 -.00000534  00000-0  00000+0 0  9995
2 27901  67.4736  67.4238 5990481  67.4498  10.2691  2.01187482105242
0 COSMOS 1261 DEB
1 27901U 81031J   16063.49494867 -.00000542 +00000-0 +00000-0 0  9991
2 27901 067.4730 067.3573 5991050 067.4274 010.6340 02.01186448105271
0 COSMOS 1261 DEB
1 27901U 81031J   16064.48835241 -.00000550 +00000-0 +00000-0 0  9995
2 27901 067.4723 067.2907 5991613 067.4054 010.1270 02.01185358105292
0 COSMOS 1261 DEB
1 27901U 81031J   16065.48308685 -.00000560  00000-0  00000+0 0  9993
2 27901  67.4715  67.2240 5992169  67.3836  10.5802  2.01184213105303
0 COSMOS 1261 DEB
1 27901U 81031J   16065.99843318 -.00000568 +00000-0 +00000-0 0  9995
2 27901 067.4712 067.1891 5992430 067.3728 023.8269 02.01183608105325
0 COSMOS 1261 DEB
1 27901U 81031J   16067.47029797 -.00000598 +00000-0 +00000-0 0  9990
2 27901 067.4699 067.0906 5993234 067.3403 009.8385 02.01181748105357
0 COSMOS 1261 DEB
1 27901U 81031J   16068.01014358 -.00000613  00000-0  00000+0 0  9995
2 27901  67.4695  67.0543 5993523  67.3288  40.8244  2.01181039105354
0 COSMOS 1261 DEB
1 27901U 81031J   16068.01014358 -.00000613 +00000-0 +00000-0 0  9996
2 27901 067.4695 067.0543 5993523 067.3288 040.8244 02.01181039105365
0 COSMOS 1261 DEB
1 27901U 81031J   16069.46450078 -.00000661 +00000-0 +00000-0 0  9992
2 27901 067.4687 066.9567 5994355 067.2969 014.1428 02.01179074105396
0 COSMOS 1261 DEB
1 27901U 81031J   16070.45220463 -.00000697  00000-0  00000+0 0  9994
2 27901  67.4680  66.8906 5994915  67.2752   9.4818  2.01177688105408
0 COSMOS 1261 DEB
1 27901U 81031J   16072.45547020 -.00000761  00000-0  00000+0 0  9999
2 27901  67.4666  66.7565 5996063  67.2314  20.3190  2.01174737105443
0 COSMOS 1261 DEB
1 27901U 81031J   16073.91905932 -.00000788 +00000-0 +00000-0 0  9991
2 27901 067.4656 066.6585 5996911 067.1996 000.2901 02.01172531105481
0 COSMOS 1261 DEB
1 27901U 81031J   16074.91771383 -.00000794  00000-0  00000+0 0  9999
2 27901  67.4648  66.5916 5997483  67.1781   3.5359  2.01170996105493
0 COSMOS 1261 DEB
1 27901U 81031J   16074.91771383 -.00000794 +00000-0 +00000-0 0  9990
2 27901 067.4648 066.5916 5997483 067.1781 003.5359 02.01170996105505
0 COSMOS 1261 DEB
1 27901U 81031J   16075.43453736 -.00000795 +00000-0 +00000-0 0  9998
2 27901 067.4644 066.5570 5997778 067.1669 017.8278 02.01170191105515
0 COSMOS 1261 DEB
1 27901U 81031J   16076.90621212 -.00000790 +00000-0 +00000-0 0  9992
2 27901 067.4635 066.4583 5998621 067.1353 003.6299 02.01167872105547
0 COSMOS 1261 DEB
1 27901U 81031J   16077.90021317 -.00000786  00000-0  00000+0 0  9997
2 27901  67.4627  66.3917 5999179  67.1139   3.4886  2.01166272105553
0 COSMOS 1261 DEB
1 27901U 81031J   16077.90021317 -.00000786 +00000-0 +00000-0 0  9998
2 27901 067.4627 066.3917 5999179 067.1139 003.4886 02.01166272105564
0 COSMOS 1261 DEB
1 27901U 81031J   16078.89431583 -.00000787 +00000-0 +00000-0 0  9998
2 27901 067.4619 066.3252 5999735 067.0926 003.4152 02.01164653105587
0 COSMOS 1261 DEB
1 27901U 81031J   16079.40022578 -.00000789 +00000-0 +00000-0 0  9998
2 27901 067.4616 066.2913 6000019 067.0817 009.7916 02.01163818105595
0 COSMOS 1261 DEB
1 27901U 81031J   16080.39685285 -.00000799  00000-0  00000+0 0  9998
2 27901  67.4608  66.2246 6000577  67.0603  11.5373  2.01162160105606
0 COSMOS 1261 DEB
1 27901U 81031J   16080.88261748 -.00000805 +00000-0 +00000-0 0  9995
2 27901 067.4605 066.1921 6000848 067.0499 003.3201 02.01161344105620
0 COSMOS 1261 DEB
1 27901U 81031J   16081.38893921 -.00000813 +00000-0 +00000-0 0  9994
2 27901 067.4600 066.1582 6001133 067.0390 009.9885 02.01160488105635
0 COSMOS 1261 DEB
1 27901U 81031J   16083.86507321 -.00000855  00000-0  00000+0 0  9990
2 27901  67.4579  65.9925 6002510  66.9861   3.1339  2.01156256105671
0 COSMOS 1261 DEB
1 27901U 81031J   16084.85973728 -.00000865 +00000-0 +00000-0 0  9990
2 27901 067.4570 065.9258 6003056 066.9649 003.4304 02.01154536105709
0 COSMOS 1261 DEB
1 27901U 81031J   16085.37021917 -.00000869 +00000-0 +00000-0 0  9996
2 27901 067.4566 065.8916 6003337 066.9540 013.0989 02.01153652105711
0 COSMOS 1261 DEB
1 27901U 81031J   16091.32953862 -.00000797  00000-0  00000+0 0  9990
2 27901  67.4515  65.4921 6006710  66.8274   8.4506  2.01143003105822
0 COSMOS 1261 DEB
1 27901U 81031J   16094.80190138 -.00000763  00000-0  00000+0 0  9998
2 27901  67.4481  65.2590 6008689  66.7547   2.8035  2.01136701105892
0 COSMOS 1261 DEB
1 27901U 81031J   16095.79612671 -.00000767 +00000-0 +00000-0 0  9993
2 27901 067.4472 065.1924 6009251 066.7341 002.7123 02.01134915105926
0 COSMOS 1261 DEB
1 27901U 81031J   16096.30641049 -.00000771 +00000-0 +00000-0 0  9997
2 27901 067.4467 065.1580 6009533 066.7235 012.2013 02.01134000105933
0 COSMOS 1261 DEB
1 27901U 81031J   16097.34928064 -.00000782  00000-0  00000+0 0  9998
2 27901  67.4456  65.0885 6010114  66.7022  47.3232  2.01132147105942
0 COSMOS 1261 DEB
1 27901U 81031J   16098.77867936 -.00000798 +00000-0 +00000-0 0  9994
2 27901 067.4444 064.9927 6010921 066.6725 002.3119 02.01129656105989
0 COSMOS 1261 DEB
1 27901U 81031J   16099.77336205 -.00000802  00000-0  00000+0 0  9990
2 27901  67.4435  64.9260 6011487  66.6519   2.5270  2.01127952105996
0 COSMOS 1261 DEB
1 27901U 81031J   16100.76757068 -.00000798 +00000-0 +00000-0 0  9991
2 27901 067.4426 064.8593 6012052 066.6315 002.3927 02.01126274106025
0 COSMOS 1261 DEB
1 27901U 81031J   16101.83407387 -.00000784  00000-0  00000+0 0  9990
2 27901  67.4417  64.7879 6012665  66.6094  54.5972  2.01124512106038
0 COSMOS 1261 DEB
1 27901U 81031J   16108.24812870 -.00000658  00000-0  00000+0 0  9999
2 27901  67.4358  64.3574 6016167  66.4782  18.5732  2.01114642106164
0 COSMOS 1261 DEB
1 27901U 81031J   16109.71683744 -.00000654 +00000-0 +00000-0 0  9995
2 27901 067.4347 064.2590 6016981 066.4480 001.9322 02.01112537106205
0 COSMOS 1261 DEB
1 27901U 81031J   16111.70571973 -.00000645  00000-0  00000+0 0  9996
2 27901  67.4328  64.1255 6018029  66.4073   1.8845  2.01109818106234
0 COSMOS 1261 DEB
1 27901U 81031J   16112.17834705  .00000000  00000-0  10000-3 0  9992
2 27901  67.4356  64.0860 6020003  66.4020 344.0623  2.01109717106237
0 COSMOS 1261 DEB
1 27901U 81031J   16112.70045189 -.00000633 +00000-0 +00000-0 0  9990
2 27901 067.4319 064.0586 6018544 066.3870 002.0640 02.01108505106267
0 COSMOS 1261 DEB
1 27901U 81031J   16113.21128812 -.00000624 +00000-0 +00000-0 0  9992
2 27901 067.4314 064.0243 6018809 066.3765 011.9042 02.01107840106276
0 COSMOS 1261 DEB
1 27901U 81031J   16115.19665196 -.00000572  00000-0  00000+0 0  9993
2 27901  67.4297  63.8909 6019834  66.3359   9.2760  2.01105330106303
0 COSMOS 1261 DEB
1 27901U 81031J   16118.18316189 -.00000466  00000-0  00000+0 0  9992
2 27901  67.4270  63.6901 6021419  66.2750  11.4284  2.01101767106362
0 COSMOS 1261 DEB
1 27901U 81031J   16120.17011293 -.00000401 +00000-0 +00000-0 0  9992
2 27901 067.4252 063.5561 6022466 066.2347 009.9066 02.01099550106410
0 COSMOS 1261 DEB
1 27901U 81031J   16125.14328418 -.00000339  00000-0  00000+0 0  9993
2 27901  67.4210  63.2206 6025009  66.1343  10.2348  2.01094735106506
0 COSMOS 1261 DEB
1 27901U 81031J   16126.59913453  .00000000  00000-0  10000-3 0  9991
2 27901  67.4225  63.1138 6027662  66.1093 344.1835  2.01093940106523
0 COSMOS 1261 DEB
1 27901U 81031J   16126.66603894 -.00000330 +00000-0 +00000-0 0  9997
2 27901 067.4197 063.1182 6025801 066.1035 032.6179 02.01093526106541
0 COSMOS 1261 DEB
1 27901U 81031J   16127.13939978 -.00000324 +00000-0 +00000-0 0  9998
2 27901 067.4193 063.0863 6026045 066.0939 015.3014 02.01093173106550
0 COSMOS 1261 DEB
1 27901U 81031J   16129.17081387 -.00000278  00000-0  00000+0 0  9993
2 27901  67.4177  62.9496 6027092  66.0539  45.9106  2.01091830106583
0 COSMOS 1261 DEB
1 27901U 81031J   16130.65167141 -.00000225 +00000-0 +00000-0 0  9994
2 27901 067.4165 062.8498 6027851 066.0242 037.9477 02.01091006106627
0 COSMOS 1261 DEB
1 27901U 81031J   16131.11435755 -.00000207 +00000-0 +00000-0 0  9995
2 27901 067.4161 062.8187 6028074 066.0150 012.8993 02.01090775106632
0 COSMOS 1261 DEB
1 27901U 81031J   16132.10885461 -.00000170  00000-0  00000+0 0  9996
2 27901  67.4154  62.7517 6028565  65.9951  12.8423  2.01090318106644
0 COSMOS 1261 DEB
1 27901U 81031J   16134.09357749 -.00000110 +00000-0 +00000-0 0  9994
2 27901 067.4140 062.6177 6029534 065.9553 009.6314 02.01089558106697
0 COSMOS 1261 DEB
1 27901U 81031J   16136.13435086 -.00000076  00000-0  00000+0 0  9992
2 27901  67.4125  62.4798 6030505  65.9140  46.9914  2.01088988106729
0 COSMOS 1261 DEB
1 27901U 81031J   16136.56308287 -.00000071 +00000-0 +00000-0 0  9997
2 27901 067.4122 062.4509 6030697 065.9053 357.3596 02.01088901106743
0 COSMOS 1261 DEB
1 27901U 81031J   16137.61661456 -.00000060 +00000-0 +00000-0 0  9992
2 27901 067.4114 062.3796 6031193 065.8840 040.0323 02.01088735106767
0 COSMOS 1261 DEB
1 27901U 81031J   16138.55264353 -.00000048  00000-0  00000+0 0  9996
2 27901  67.4107  62.3163 6031617  65.8649 357.6420  2.01088628106772
0 COSMOS 1261 DEB
1 27901U 81031J   16141.60419584  .00000028  00000-0  00000+0 0  9991
2 27901  67.4089  62.1088 6033069  65.8018  46.7197  2.01088600106832
0 COSMOS 1261 DEB
1 27901U 81031J   16143.09399189 +.00000086 +00000-0 +00000-0 0  9999
2 27901 067.4080 062.0079 6033751 065.7715 045.2121 02.01088759106873
0 COSMOS 1261 DEB
1 27901U 81031J   16144.56379425  .00000148  00000-0  00000+0 0  9991
2 27901  67.4070  61.9082 6034431  65.7416  29.2319  2.01089023106896
0 COSMOS 1261 DEB
1 27901U 81031J   16145.51396213 +.00000189 +00000-0 +00000-0 0  9997
2 27901 067.4064 061.8439 6034874 065.7223 357.0783 02.01089236106928
0 COSMOS 1261 DEB
1 27901U 81031J   16146.50897692 +.00000229 +00000-0 +00000-0 0  9999
2 27901 067.4058 061.7763 6035338 065.7021 357.3916 02.01089525106946
0 COSMOS 1261 DEB
1 27901U 81031J   16148.55430098  .00000293  00000-0  00000+0 0  9999
2 27901  67.4046  61.6373 6036275  65.6607  38.0512  2.01090276106972
0 COSMOS 1261 DEB
1 27901U 81031J   16150.50753392 +.00000327 +00000-0 +00000-0 0  9991
2 27901 067.4034 061.5046 6037163 065.6209 012.0500 02.01091200107024
0 COSMOS 1261 DEB
1 27901U 81031J   16156.99538231  .00000425  00000-0  00000+0 0  9991
2 27901  67.4002  61.0634 6040097  65.4886  28.8452  2.01095983107142
0 COSMOS 1261 DEB
1 27901U 81031J   16157.51563918 +.00000443 +00000-0 +00000-0 0  9991
2 27901 067.4000 061.0280 6040332 065.4781 045.4839 02.01096485107167
0 COSMOS 1261 DEB
1 27901U 81031J   16158.47186758 +.00000478 +00000-0 +00000-0 0  9998
2 27901 067.3996 060.9629 6040742 065.4584 017.7459 02.01097453107189
0 COSMOS 1261 DEB
1 27901U 81031J   16159.50699957  .00000514  00000-0  00000+0 0  9993
2 27901  67.3992  60.8924 6041203  65.4372  47.1335  2.01098552107192
0 COSMOS 1261 DEB
1 27901U 81031J   16160.49157718 +.00000543 +00000-0 +00000-0 0  9990
2 27901 067.3989 060.8253 6041629 065.4170 039.9261 02.01099645107226
0 COSMOS 1261 DEB
1 27901U 81031J   16161.48627185 +.00000564 +00000-0 +00000-0 0  9993
2 27901 067.3985 060.7575 6042065 065.3966 040.0470 02.01100810107249
0 COSMOS 1261 DEB
1 27901U 81031J   16162.49910328  .00000578  00000-0  00000+0 0  9993
2 27901  67.3981  60.6884 6042508  65.3758  53.3024  2.01102053107252
0 COSMOS 1261 DEB
1 27901U 81031J   16168.46396987  .00000639  00000-0  00000+0 0  9993
2 27901  67.3957  60.2811 6045152  65.2514  51.7608  2.01110274107375
0 COSMOS 1261 DEB
1 27901U 81031J   16171.46415381  .00000729  00000-0  00000+0 0  9997
2 27901  67.3948  60.0761 6046379  65.1890  63.9121  2.01114958107430
0 COSMOS 1261 DEB
1 27901U 81031J   16172.47213561 +.00000761 +00000-0 +00000-0 0  9992
2 27901 067.3947 060.0072 6046784 065.1680 073.7082 02.01116581107463
0 COSMOS 1261 DEB
1 27901U 81031J   16173.47746676  .00000789  00000-0  00000+0 0  9990
2 27901  67.3944  59.9383 6047195  65.1468  81.5911  2.01118221107475
0 COSMOS 1261 DEB
1 27901U 81031J   16174.47159139 +.00000812 +00000-0 +00000-0 0  9991
2 27901 067.3942 059.8702 6047595 065.1259 081.3661 02.01119861107504
0 COSMOS 1261 DEB
1 27901U 81031J   16175.47678638 +.00000829 +00000-0 +00000-0 0  9990
2 27901 067.3940 059.8014 6048000 065.1047 089.1626 02.01121545107526
0 COSMOS 1261 DEB
1 27901U 81031J   16177.40167266  .00000838  00000-0  00000+0 0  9994
2 27901  67.3937  59.6694 6048779  65.0639  42.8653  2.01124826107557
0 COSMOS 1261 DEB
1 27901U 81031J   16181.44473414  .00000799  00000-0  00000+0 0  9994
2 27901  67.3936  59.3923 6050455  64.9780  90.2999  2.01132096107634
0 COSMOS 1261 DEB
1 27901U 81031J   16182.87228977 +.00000798 +00000-0 +00000-0 0  9994
2 27901 067.3934 059.2944 6051043 064.9476 043.9678 02.01134820107670
0 COSMOS 1261 DEB
1 27901U 81031J   16188.41332056  .00000842  00000-0  00000+0 0  9993
2 27901  67.3927  58.9139 6053350  64.8291  96.2630  2.01145709107779
0 COSMOS 1261 DEB
1 27901U 81031J   16191.31867916  .00000793  00000-0  00000+0 0  9999
2 27901  67.3923  58.7139 6054696  64.7667  40.1360  2.01151491107833
0 COSMOS 1261 DEB
1 27901U 81031J   16195.36066741  .00000719  00000-0  00000+0 0  9993
2 27901  67.3917  58.4356 6056422  64.6782  87.1843  2.01159481107913
0 COSMOS 1261 DEB
1 27901U 81031J   16196.27166064 +.00000714 +00000-0 +00000-0 0  9999
2 27901 067.3915 058.3728 6056827 064.6583 026.9058 02.01161233107941
0 COSMOS 1261 DEB
1 27901U 81031J   16197.26643567 +.00000713 +00000-0 +00000-0 0  9996
2 27901 067.3914 058.3042 6057286 064.6364 027.3061 02.01163123107967
0 COSMOS 1261 DEB
1 27901U 81031J   16203.17553428  .00000678  00000-0  00000+0 0  9999
2 27901  67.3901  57.8963 6059766  64.5067 346.7170  2.01173506108071
0 COSMOS 1261 DEB
1 27901U 81031J   16204.65627898 +.00000634 +00000-0 +00000-0 0  9999
2 27901 067.3899 057.7941 6060401 064.4738 339.1165 02.01175864108107
0 COSMOS 1261 DEB
1 27901U 81031J   16210.13087782  .00000421  00000-0  00000+0 0  9994
2 27901  67.3888  57.4155 6062829  64.3536 344.0886  2.01183783108216
0 COSMOS 1261 DEB
1 27901U 81031J   16211.61484356 +.00000387 +00000-0 +00000-0 0  9998
2 27901 067.3883 057.3128 6063498 064.3208 338.8753 02.01185715108243
0 COSMOS 1261 DEB
1 27901U 81031J   16213.18214259  .00000360  00000-0  00000+0 0  9995
2 27901  67.3879  57.2042 6064213  64.2862  34.0282  2.01187630108276
0 COSMOS 1261 DEB
1 27901U 81031J   16215.60698532  .00000299  00000-0  00000+0 0  9995
2 27901  67.3876  57.0363 6065311  64.2326 350.2972  2.01190313108329
0 COSMOS 1261 DEB
1 27901U 81031J   16217.08793791 +.00000239 +00000-0 +00000-0 0  9997
2 27901 067.3873 056.9339 6065995 064.1996 342.9342 02.01191753108358
0 COSMOS 1261 DEB
1 27901U 81031J   16221.07904834  .00000050  00000-0  00000+0 0  9993
2 27901  67.3856  56.6570 6067807  64.1112 353.6836  2.01194924108436
0 COSMOS 1261 DEB
1 27901U 81031J   16222.56488914 -.00000002 +00000-0 +00000-0 0  9993
2 27901 067.3849 056.5538 6068484 064.0783 349.8837 02.01195792108472
0 COSMOS 1261 DEB
1 27901U 81031J   16223.56131881 -.00000027  00000-0  00000+0 0  9998
2 27901  67.3845  56.4847 6068953  64.0561 351.6036  2.01196266108485
0 COSMOS 1261 DEB
1 27901U 81031J   16228.13239782 -.00000105  00000-0  00000+0 0  9992
2 27901  67.3820  56.1670 6071164  63.9550  62.4762  2.01197264108575
0 COSMOS 1261 DEB
1 27901U 81031J   16229.51948748 -.00000138 +00000-0 +00000-0 0  9991
2 27901 067.3811 056.0706 6071840 063.9244 347.1592 02.01197194108616
0 COSMOS 1261 DEB
1 27901U 81031J   16231.50532865  .00000000  00000-0  10000-3 0  9993
2 27901  67.3831  55.9229 6074501  63.8846 345.5322  2.01196842108645
0 COSMOS 1261 DEB
1 27901U 81031J   16231.51362655 -.00000206  00000-0  00000+0 0  9996
2 27901  67.3799  55.9319 6072805  63.8804 351.5335  2.01196812108645
0 COSMOS 1261 DEB
1 27901U 81031J   16232.50754228 -.00000249 +00000-0 +00000-0 0  9995
2 27901 067.3793 055.8628 6073292 063.8585 351.4351 02.01196498108678
0 COSMOS 1261 DEB
1 27901U 81031J   16236.48381678 -.00000426  00000-0  00000+0 0  9997
2 27901  67.3768  55.5865 6075288  63.7717 351.4701  2.01194562108740
0 COSMOS 1261 DEB
1 27901U 81031J   16237.49727392 -.00000456 +00000-0 +00000-0 0  9990
2 27901 067.3760 055.5160 6075795 063.7496 005.5171 02.01193910108774
0 COSMOS 1261 DEB
1 27901U 81031J   16238.46303770 -.00000477 +00000-0 +00000-0 0  9991
2 27901 067.3752 055.4488 6076284 063.7286 345.0177 02.01193242108785
0 COSMOS 1261 DEB
1 27901U 81031J   16240.46024245 -.00000505  00000-0  00000+0 0  9992
2 27901  67.3736  55.3098 6077283  63.6854 351.5804  2.01191678108828
0 COSMOS 1261 DEB
1 27901U 81031J   16241.45441894 -.00000520 +00000-0 +00000-0 0  9993
2 27901 067.3729 055.2406 6077781 063.6639 351.6515 02.01190805108850
0 COSMOS 1261 DEB
1 27901U 81031J   16242.43955272 -.00000540 +00000-0 +00000-0 0  9994
2 27901 067.3723 055.1721 6078278 063.6428 345.1701 02.01189890108869
0 COSMOS 1261 DEB
1 27901U 81031J   16243.46106304 -.00000568  00000-0  00000+0 0  9991
2 27901  67.3714  55.1011 6078790  63.6208   5.0318  2.01188880108882
0 COSMOS 1261 DEB
1 27901U 81031J   16244.45538858 -.00000602 +00000-0 +00000-0 0  9994
2 27901 067.3706 055.0319 6079293 063.5994 005.2004 02.01187841108917
0 COSMOS 1261 DEB
1 27901U 81031J   16246.44330303 -.00000678  00000-0  00000+0 0  9992
2 27901  67.3687  54.8936 6080288  63.5568   4.9918  2.01185611108946
0 COSMOS 1261 DEB
1 27901U 81031J   16248.91041155 -.00000750  00000-0  00000+0 0  9991
2 27901  67.3663  54.7218 6081503  63.5039 351.8268  2.01182571108995
0 COSMOS 1261 DEB
1 27901U 81031J   16248.91041155 -.00000750 +00000-0 +00000-0 0  9992
2 27901 067.3663 054.7218 6081503 063.5039 351.8268 02.01182571109008
0 COSMOS 1261 DEB
1 27901U 81031J   16254.84235628 -.00000758  00000-0  00000+0 0  9998
2 27901  67.3606  54.3087 6084563  63.3777 327.9885  2.01173885109110
0 COSMOS 1261 DEB
1 27901U 81031J   16261.34431387 -.00000835  00000-0  00000+0 0  9997
2 27901  67.3531  53.8551 6087899  63.2414 356.7459  2.01162681109242
0 COSMOS 1261 DEB
1 27901U 81031J   16262.32317772 -.00000856  00000-0  00000+0 0  9990
2 27901  67.3571  53.7982 6088056  63.2407 345.6323  2.01162067109268
0 COSMOS 1261 DEB
1 27901U 81031J   16262.34490645 -.00000856 +00000-0 +00000-0 0  9994
2 27901 067.3520 053.7854 6088422 063.2207 001.3578 02.01160885109270
0 COSMOS 1261 DEB
1 27901U 81031J   16272.25947468 -.00000857  00000-0  00000+0 0  9995
2 27901  67.3400  53.0936 6093519  63.0149 340.9661  2.01143153109462
0 COSMOS 1261 DEB
1 27901U 81031J   16273.27853766 -.00000871 +00000-0 +00000-0 0  9992
2 27901 067.3390 053.0231 6094055 062.9954 358.8826 02.01141410109494
0 COSMOS 1261 DEB
1 27901U 81031J   16287.19844388 -.00000686  00000-0  00000+0 0  9991
2 27901  67.3216  52.0511 6100887  62.7158 357.8057  2.01117881109766
0 COSMOS 1261 DEB
1 27901U 81031J   16289.71910991 -.00000688  00000-0  00000+0 0  9997
2 27901  67.3181  51.8751 6102144  62.6645  22.8109  2.01113978109814
0 COSMOS 1261 DEB
1 27901U 81031J   16297.63624411 -.00000524  00000-0  00000+0 0  9995
2 27901  67.3146  51.3241 6105842  62.5019 354.7411  2.01103509109975
0 COSMOS 1261 DEB
1 27901U 81031J   16298.63023141 -.00000515 +00000-0 +00000-0 0  9990
2 27901 067.3120 051.2541 6106251 062.4836 354.3613 02.01102479110001
0 COSMOS 1261 DEB
1 27901U 81031J   16299.62528152 -.00000512 +00000-0 +00000-0 0  9999
2 27901 067.3108 051.1845 6106699 062.4639 354.7438 02.01101392110024
0 COSMOS 1261 DEB
1 27901U 81031J   16300.61990083 -.00000511  00000-0  00000+0 0  9995
2 27901  67.2710  51.0916 6109541  62.6009 354.7868  2.01100363110037
0 COSMOS 1261 DEB
1 27901U 81031J   16301.61458529 -.00000507 +00000-0 +00000-0 0  9996
2 27901 067.2698 051.0217 6109954 062.5791 354.8979 02.01099387110061
0 COSMOS 1261 DEB
1 27901U 81031J   16302.61118686 -.00000497  00000-0  00000+0 0  9991
2 27901  67.2847  50.9590 6109249  62.5001 356.4016  2.01098443110073
0 COSMOS 1261 DEB
1 27901U 81031J   16304.59923022 -.00000454 +00000-0 +00000-0 0  9992
2 27901 067.2772 050.8144 6110353 062.4868 355.6425 02.01096722110110
0 COSMOS 1261 DEB
1 27901U 81031J   16305.59599956 -.00000420 +00000-0 +00000-0 0  9991
2 27901 067.2920 050.7567 6109889 062.3942 357.2611 02.01095898110137
0 COSMOS 1261 DEB
1 27901U 81031J   16306.58928505 -.00000380  00000-0  00000+0 0  9991
2 27901  67.2994  50.6942 6109835  62.3293 356.3512  2.01095152110159
0 COSMOS 1261 DEB
1 27901U 81031J   16307.58416561 -.00000338 +00000-0 +00000-0 0  9990
2 27901 067.2985 050.6246 6110271 062.3093 356.5849 02.01094387110187
0 COSMOS 1261 DEB
1 27901U 81031J   16308.58203513 -.00000296 +00000-0 +00000-0 0  9995
2 27901 067.2973 050.5543 6110713 062.2896 358.9797 02.01093660110208
0 COSMOS 1261 DEB
1 27901U 81031J   16309.57382331 -.00000256  00000-0  00000+0 0  9996
2 27901  67.2962  50.4846 6111150  62.2699 356.9697  2.01092978110217
0 COSMOS 1261 DEB
1 27901U 81031J   16310.56861169 -.00000221 +00000-0 +00000-0 0  9991
2 27901 067.2953 050.4148 6111586 062.2502 357.1289 02.01092310110241
0 COSMOS 1261 DEB
1 27901U 81031J   16311.56375184 -.00000191 +00000-0 +00000-0 0  9995
2 27901 067.2941 050.3448 6112023 062.2307 357.5410 02.01091700110264
0 COSMOS 1261 DEB
1 27901U 81031J   16312.55850617 -.00000167  00000-0  00000+0 0  9996
2 27901  67.2931  50.2748 6112450  62.2110 357.6717  2.01091127110276
0 COSMOS 1261 DEB
1 27901U 81031J   16313.55360834 -.00000150 +00000-0 +00000-0 0  9997
2 27901 067.2920 050.2048 6112876 062.1914 358.0526 02.01090602110304
0 COSMOS 1261 DEB
1 27901U 81031J   16314.51641574 -.00000137 +00000-0 +00000-0 0  9992
2 27901 067.2903 050.1358 6113292 062.1762 335.0524 02.01090154110318
0 COSMOS 1261 DEB
1 27901U 81031J   16315.54298527 -.00000127  00000-0  00000+0 0  9990
2 27901  67.2892  50.0637 6113746  62.1564 358.2099  2.01089715110335
0 COSMOS 1261 DEB
1 27901U 81031J   16316.53777720 -.00000117 +00000-0 +00000-0 0  9997
2 27901 067.2882 049.9937 6114182 062.1371 358.3620 02.01089372110368
0 COSMOS 1261 DEB
1 27901U 81031J   16317.53298527 -.00000104 +00000-0 +00000-0 0  9997
2 27901 067.2873 049.9237 6114611 062.1175 358.8139 02.01089076110383
0 COSMOS 1261 DEB
1 27901U 81031J   16318.52764517 -.00000084  00000-0  00000+0 0  9990
2 27901  67.2863  49.8536 6115039  62.0979 358.8685  2.01088857110392
0 COSMOS 1261 DEB
1 27901U 81031J   16319.02397363 -.00000072 +00000-0 +00000-0 0  9995
2 27901 067.2858 049.8188 6115266 062.0887 358.1702 02.01088766110414
0 COSMOS 1261 DEB
1 27901U 81031J   16320.51693067 -.00000023 +00000-0 +00000-0 0  9997
2 27901 067.2844 049.7136 6115905 062.0597 358.9505 02.01088601110449
0 COSMOS 1261 DEB
1 27901U 81031J   16321.01305638 -.00000005  00000-0  00000+0 0  9996
2 27901  67.2842  49.6784 6116061  62.0496 358.1052  2.01088570110441
0 COSMOS 1261 DEB
1 27901U 81031J   16321.51196082 +.00000014 +00000-0 +00000-0 0  9992
2 27901 067.2838 049.6432 6116271 062.0398 359.2714 02.01088558110465
0 COSMOS 1261 DEB
1 27901U 81031J   16322.48832696  .00000000  00000-0  10000-3 0  9996
2 27901  67.2855  49.5628 6118603  62.0264 346.0819  2.01088544110468
0 COSMOS 1261 DEB
1 27901U 81031J   16322.50780449 +.00000051 +00000-0 +00000-0 0  9999
2 27901 067.2828 049.5730 6116690 062.0202 000.1815 02.01088594110489
0 COSMOS 1261 DEB
1 27901U 81031J   16322.96317499 +.00000067 +00000-0 +00000-0 0  9997
2 27901 067.2824 049.5408 6116879 062.0108 329.8329 02.01088629110481
0 COSMOS 1261 DEB
1 27901U 81031J   16323.99665473  .00000098  00000-0  00000+0 0  9992
2 27901  67.2815  49.4679 6117307  61.9901 357.9895  2.01088785110502
0 COSMOS 1261 DEB
1 27901U 81031J   16325.46363679 +.00000127 +00000-0 +00000-0 0  9993
2 27901 067.2802 049.3644 6117911 061.9610 339.9669 02.01089081110539
0 COSMOS 1261 DEB
1 27901U 81031J   16328.47560053  .00000152  00000-0  00000+0 0  9999
2 27901  67.2777  49.1512 6119187  61.9000   0.3938  2.01090077110593
0 COSMOS 1261 DEB
1 27901U 81031J   16334.41261927  .00000327  00000-0  00000+0 0  9992
2 27901  67.2731  48.7321 6121505  61.7819 338.3766  2.01093635110719
0 COSMOS 1261 DEB
1 27901U 81031J   16343.87190784  .00000000  00000-0  10000-3 0  9997
2 27901  67.2895  48.1109 6126908  61.8316 346.2783  2.01071062110912
0 COSMOS 1261 DEB
1 27901U 81031J   16343.89465211  .00000562  00000-0  00000+0 0  9997
2 27901  67.2670  48.0600 6125157  61.5911   2.9090  2.01102581110908
0 COSMOS 1261 DEB
1 27901U 81031J   16344.88238574 +.00000572 +00000-0 +00000-0 0  9999
2 27901 067.2663 047.9903 6125534 061.5710 358.0001 02.01103781110933
0 COSMOS 1261 DEB
1 27901U 81031J   16352.31301231  .00000739  00000-0  00000+0 0  9991
2 27901  67.2626  47.4621 6128430  61.4209 337.7180  2.01114615111070
0 COSMOS 1261 DEB
1 27901U 81031J   16358.29797984  .00000734  00000-0  00000+0 0  9993
2 27901  67.2601  47.0356 6130700  61.2973 351.0227  2.01125241111194
0 COSMOS 1261 DEB
1 27901U 81031J   16359.28660387 +.00000750 +00000-0 +00000-0 0  9998
2 27901 067.2597 046.9650 6131113 061.2778 346.8395 02.01127117111221
0 COSMOS 1261 DEB
1 27901U 81031J   16366.25551440  .00000885  00000-0  00000+0 0  9990
2 27901  67.2564  46.4673 6133739  61.1315 352.8954  2.01140489111356
0 COSMOS 1261 DEB
1 27901U 81031J   16366.72985220 +.00000885 +00000-0 +00000-0 0  9990
2 27901 067.2566 046.4335 6133918 061.1214 336.3667 02.01141397111368
0 COSMOS 1261 DEB
1 27901U 81031J   17001.27040465 +.00000883 +00000-0 +00000-0 0  9998
2 27901 067.2564 046.3948 6134124 061.1101 007.7947 02.01142431111382
0 COSMOS 1261 DEB
1 27901U 81031J   17005.22692196  .00000824  00000-0  00000+0 0  9995
2 27901  67.2545  46.1118 6135678  61.0274 352.8137  2.01150084111459
0 COSMOS 1261 DEB
1 27901U 81031J   17007.22807161  .00000797  00000-0  00000+0 0  9996
2 27901  67.2540  45.9685 6136478  60.9854   1.9417  2.01154003111493
0 COSMOS 1261 DEB
1 27901U 81031J   17008.21648681 +.00000792 +00000-0 +00000-0 0  9992
2 27901 067.2537 045.8977 6136873 060.9646 357.7107 02.01155941111524
0 COSMOS 1261 DEB
1 27901U 81031J   17011.19910667  .00000788  00000-0  00000+0 0  9993
2 27901  67.2526  45.6839 6138071  60.9019 357.6413  2.01161760111573
0 COSMOS 1261 DEB
1 27901U 81031J   17012.19356899 +.00000779 +00000-0 +00000-0 0  9996
2 27901 067.2523 045.6126 6138474 060.8810 357.8172 02.01163681111606
0 COSMOS 1261 DEB
1 27901U 81031J   17018.67602192  .00000567  00000-0  00000+0 0  9999
2 27901  67.2498  45.1474 6141090  60.7429  12.4821  2.01175663111722
0 COSMOS 1261 DEB
1 27901U 81031J   17020.66413773 +.00000527 +00000-0 +00000-0 0  9993
2 27901 067.2491 045.0047 6141910 060.7001 012.3513 02.01179033111774
0 COSMOS 1261 DEB
1 27901U 81031J   17021.65770999  .00000516  00000-0  00000+0 0  9996
2 27901  67.2487  44.9334 6142334  60.6783  11.9426  2.01180628111784
0 COSMOS 1261 DEB
1 27901U 81031J   17023.64653450 +.00000502 +00000-0 +00000-0 0  9995
2 27901 067.2478 044.7903 6143171 060.6355 012.3582 02.01183636111835
0 COSMOS 1261 DEB
1 27901U 81031J   17024.63972630 +.00000492 +00000-0 +00000-0 0  9997
2 27901 067.2473 044.7190 6143586 060.6127 011.6899 02.01185020111859
0 COSMOS 1261 DEB
1 27901U 81031J   17025.63429404 +.00000478 +00000-0 +00000-0 0  9998
2 27901 067.2468 044.6474 6144004 060.5915 012.0230 02.01186343111872
0 COSMOS 1261 DEB
1 27901U 81031J   17026.62825545  .00000457  00000-0  00000+0 0  9990
2 27901  67.2463  44.5759 6144430  60.5695  11.9218  2.01187586111885
0 COSMOS 1261 DEB
1 27901U 81031J   17027.62198248 +.00000430 +00000-0 +00000-0 0  9996
2 27901 067.2458 044.5045 6144850 060.5480 011.6550 02.01188746111914
0 COSMOS 1261 DEB
1 27901U 81031J   17028.64029670  .00000396  00000-0  00000+0 0  9991
2 27901  67.2452  44.4311 6145269  60.5277  29.2002  2.01189862111920
0 COSMOS 1261 DEB
1 27901U 81031J   17030.60452896 +.00000313 +00000-0 +00000-0 0  9990
2 27901 067.2442 044.2899 6146124 060.4853 011.8673 02.01191804111973
0 COSMOS 1261 DEB
1 27901U 81031J   17031.08281045  .00000291  00000-0  00000+0 0  9993
2 27901  67.2439  44.2555 6146335  60.4751 358.2823  2.01192240111979
0 COSMOS 1261 DEB
1 27901U 81031J   17031.60012838 +.00000267 +00000-0 +00000-0 0  9997
2 27901 067.2436 044.2183 6146568 060.4639 012.9718 02.01192692111996
0 COSMOS 1261 DEB
1 27901U 81031J   17033.55230191  .00000000  00000-0  10000-3 0  9996
2 27901  67.2457  44.0629 6149161  60.4293 346.9275  2.01193908112024
0 COSMOS 1261 DEB
1 27901U 81031J   17033.60161715  .00000179  00000-0  00000+0 0  9999
2 27901  67.2424  44.0741 6147442  60.4215  22.6430  2.01194289112021
0 COSMOS 1261 DEB
1 27901U 81031J   17034.67235788 +.00000141 +00000-0 +00000-0 0  9999
2 27901 067.2417 043.9969 6147911 060.3990 078.1812 02.01195035112056
0 COSMOS 1261 DEB
1 27901U 81031J   17039.55136964  .00000011  00000-0  00000+0 0  9992
2 27901  67.2383  43.6453 6150110  60.2949  12.0833  2.01197474112140
0 COSMOS 1261 DEB
1 27901U 81031J   17040.51078054  .00000000  00000-0  10000-3 0  9998
2 27901  67.2411  43.5617 6152363  60.2819 346.9950  2.01197390112169
0 COSMOS 1261 DEB
1 27901U 81031J   17040.54548823 -.00000028 +00000-0 +00000-0 0  9994
2 27901 067.2375 043.5736 6150564 060.2738 012.1345 02.01197762112175
0 COSMOS 1261 DEB
1 27901U 81031J   17041.53908410 -.00000075 +00000-0 +00000-0 0  9998
2 27901 067.2367 043.5019 6151014 060.2527 011.8079 02.01197980112191
0 COSMOS 1261 DEB
1 27901U 81031J   17043.53971497 -.00000183  00000-0  00000+0 0  9994
2 27901  67.2349  43.3574 6151920  60.2103  20.8902  2.01198207112223
0 COSMOS 1261 DEB
1 27901U 81031J   17044.60424676 -.00000239 +00000-0 +00000-0 0  9998
2 27901 067.2339 043.2806 6152408 060.1875 071.9441 02.01198207112254
0 COSMOS 1261 DEB
1 27901U 81031J   17044.99172986 -.00000257 +00000-0 +00000-0 0  9994
2 27901 067.2336 043.2527 6152577 060.1792 352.6032 02.01198184112266
0 COSMOS 1261 DEB
1 27901U 81031J   17048.49669058 -.00000363  00000-0  00000+0 0  9991
2 27901  67.2305  42.9998 6154211  60.1041  11.2855  2.01197404112326
0 COSMOS 1261 DEB
1 27901U 81031J   17049.49185602 -.00000375 +00000-0 +00000-0 0  9994
2 27901 067.2297 042.9282 6154721 060.0826 012.0919 02.01196979112357
0 COSMOS 1261 DEB
1 27901U 81031J   17051.52340198 -.00000396  00000-0  00000+0 0  9996
2 27901  67.2276  42.7813 6155715  60.0395  43.5515  2.01195841112388
0 COSMOS 1261 DEB
1 27901U 81031J   17051.95027920 -.00000401 +00000-0 +00000-0 0  9996
2 27901 067.2271 042.7506 6155933 060.0303 352.7402 02.01195569112403
0 COSMOS 1261 DEB
1 27901U 81031J   17052.61984549 -.00000410 +00000-0 +00000-0 0  9999
2 27901 067.2264 042.7021 6156246 060.0160 117.7084 02.01195094112415
0 COSMOS 1261 DEB
1 27901U 81031J   17053.61264993 -.00000427  00000-0  00000+0 0  9991
2 27901  67.2252  42.6304 6156718  59.9951 116.7961  2.01194304112421
0 COSMOS 1261 DEB
1 27901U 81031J   17054.47023825 -.00000447 +00000-0 +00000-0 0  9996
2 27901 067.2243 042.5684 6157124 059.9771 017.9440 02.01193548112459
0 COSMOS 1261 DEB
1 27901U 81031J   17055.45456205 -.00000473 +00000-0 +00000-0 0  9996
2 27901 067.2232 042.4974 6157598 059.9563 010.8837 02.01192621112477
0 COSMOS 1261 DEB
1 27901U 81031J   17056.44889628 -.00000505  00000-0  00000+0 0  9990
2 27901  67.2221  42.4256 6158074  59.9353  11.0709  2.01191622112487
0 COSMOS 1261 DEB
1 27901U 81031J   17056.92122927 -.00000521 +00000-0 +00000-0 0  9994
2 27901 067.2216 042.3915 6158302 059.9255 353.1758 02.01191112112508
0 COSMOS 1261 DEB
1 27901U 81031J   17057.44333788 -.00000540 +00000-0 +00000-0 0  9992
2 27901 067.2210 042.3538 6158551 059.9145 011.3319 02.01190542112510
0 COSMOS 1261 DEB
1 27901U 81031J   17058.90914005 -.00000593  00000-0  00000+0 0  9998
2 27901  67.2193  42.2480 6159273  59.8840 352.9860  2.01188848112531
0 COSMOS 1261 DEB
1 27901U 81031J   17060.50949154 -.00000645 +00000-0 +00000-0 0  9999
2 27901 067.2173 042.1325 6160051 059.8506 072.0820 02.01186867112570
0 COSMOS 1261 DEB
1 27901U 81031J   17061.01337066 -.00000659  00000-0  00000+0 0  9993
2 27901  67.2167  42.0960 6160300  59.8402  77.0270  2.01186225112571
0 COSMOS 1261 DEB
1 27901U 81031J   17061.51860696 -.00000670 +00000-0 +00000-0 0  9992
2 27901 067.2161 042.0595 6160556 059.8298 082.9539 02.01185564112595
0 COSMOS 1261 DEB
1 27901U 81031J   17062.51907737 -.00000687 +00000-0 +00000-0 0  9999
2 27901 067.2148 041.9872 6161043 059.8092 087.5599 02.01184244112614
0 COSMOS 1261 DEB
1 27901U 81031J   17065.41886117 -.00000712  00000-0  00000+0 0  9997
2 27901  67.2111  41.7775 6162446  59.7500  27.7446  2.01180216112662
0 COSMOS 1261 DEB
1 27901U 81031J   17066.40494274 -.00000723 +00000-0 +00000-0 0  9999
2 27901 067.2098 041.7062 6162931 059.7299 021.9099 02.01178770112694
0 COSMOS 1261 DEB
1 27901U 81031J   17070.85506066 -.00000846  00000-0  00000+0 0  9991
2 27901  67.2037  41.3845 6165092  59.6395   4.8220  2.01171920112774
0 COSMOS 1261 DEB
1 27901U 81031J   17072.84325887 -.00000898 +00000-0 +00000-0 0  9990
2 27901 067.2008 041.2407 6166031 059.5992 004.6992 02.01168715112829
0 COSMOS 1261 DEB
1 27901U 81031J   17074.83104583 -.00000913 +00000-0 +00000-0 0  9997
2 27901 067.1980 041.0970 6166974 059.5589 004.2550 02.01165413112859
0 COSMOS 1261 DEB
1 27901U 81031J   17076.81961209 -.00000895 +00000-0 +00000-0 0  9992
2 27901 067.1952 040.9533 6167941 059.5186 004.3503 02.01161994112904
0 COSMOS 1261 DEB
1 27901U 81031J   17077.81368198 -.00000880 +00000-0 +00000-0 0  9995
2 27901 067.1937 040.8813 6168428 059.4986 004.2340 02.01160239112926
0 COSMOS 1261 DEB
1 27901U 81031J   17079.31789410 -.00000859 +00000-0 +00000-0 0  9992
2 27901 067.1914 040.7724 6169166 059.4685 013.5395 02.01157538112951
0 COSMOS 1261 DEB
1 27901U 81031J   17080.79619294 -.00000847 +00000-0 +00000-0 0  9995
2 27901 067.1891 040.6653 6169876 059.4391 004.0647 02.01154808112971
0 COSMOS 1261 DEB
1 27901U 81031J   17082.95063566 -.00000848 +00000-0 +00000-0 0  9991
2 27901 067.1858 040.5092 6170890 059.3962 124.2019 02.01150768113027
0 COSMOS 1261 DEB
1 27901U 81031J   17082.95063566 -.00000848 +00000-0 +00000-0 0  9991
2 27901 067.1858 040.5092 6170890 059.3962 124.2019 02.01150768113016
0 COSMOS 1261 DEB
1 27901U 81031J   17086.36141948 -.00000880 +00000-0 +00000-0 0  9997
2 27901 067.1806 040.2622 6172512 059.3285 074.0534 02.01144349113085
0 COSMOS 1261 DEB
1 27901U 81031J   17089.35410706 -.00000885 +00000-0 +00000-0 0  9995
2 27901 067.1761 040.0454 6173943 059.2700 081.0853 02.01138852113147
0 COSMOS 1261 DEB
1 27901U 81031J   17090.73876437 -.00000867 +00000-0 +00000-0 0  9996
2 27901 067.1739 039.9451 6174585 059.2430 003.7084 02.01136390113185
0 COSMOS 1261 DEB
1 27901U 81031J   17091.24854234 -.00000859 +00000-0 +00000-0 0  9995
2 27901 067.1732 039.9081 6174819 059.2331 012.8328 02.01135487113196
0 COSMOS 1261 DEB
1 27901U 81031J   17092.24028427 -.00000842 +00000-0 +00000-0 0  9995
2 27901 067.1717 039.8362 6175277 059.2138 010.9373 02.01133750113206
0 COSMOS 1261 DEB
1 27901U 81031J   17093.26765897 -.00000827 +00000-0 +00000-0 0  9990
2 27901 067.1701 039.7617 6175749 059.1939 034.8366 02.01131988113234
0 COSMOS 1261 DEB
1 27901U 81031J   17094.31390424 -.00000819 +00000-0 +00000-0 0  9998
2 27901 067.1684 039.6858 6176232 059.1736 072.3927 02.01130213113244
0 COSMOS 1261 DEB
1 27901U 81031J   17095.30274008 -.00000820 +00000-0 +00000-0 0  9999
2 27901 067.1669 039.6141 6176681 059.1544 068.3742 02.01128568113270
0 COSMOS 1261 DEB
1 27901U 81031J   17096.22925434 -.00000826 +00000-0 +00000-0 0  9993
2 27901 067.1655 039.5468 6177095 059.1365 019.2256 02.01127053113292
0 COSMOS 1261 DEB
1 27901U 81031J   17097.25842021 -.00000838 +00000-0 +00000-0 0  9990
2 27901 067.1638 039.4722 6177554 059.1165 044.3967 02.01125403113300
0 COSMOS 1261 DEB
1 27901U 81031J   17099.20247257 -.00000857 +00000-0 +00000-0 0  9998
2 27901 067.1605 039.3314 6178431 059.0790 011.9789 02.01122438113350
0 COSMOS 1261 DEB
1 27901U 81031J   17105.71401459 -.00000713 +00000-0 +00000-0 0  9999
2 27901 067.1501 038.8593 6181296 058.9521 046.4753 02.01112936113470
0 COSMOS 1261 DEB
1 27901U 81031J   17108.19497771 -.00000641 +00000-0 +00000-0 0  9996
2 27901 067.1461 038.6789 6182362 058.9042 042.6885 02.01109491113525
0 COSMOS 1261 DEB
1 27901U 81031J   17109.69258013 -.00000613 +00000-0 +00000-0 0  9995
2 27901 067.1446 038.5693 6182898 058.8746 046.9357 02.01107487113563
0 COSMOS 1261 DEB
1 27901U 81031J   17113.15528153 -.00000581 +00000-0 +00000-0 0  9990
2 27901 067.1393 038.3174 6184295 058.8072 033.8558 02.01103180113622
0 COSMOS 1261 DEB
1 27901U 81031J   17115.15538443 -.00000559 +00000-0 +00000-0 0  9990
2 27901 067.1365 038.1719 6185099 058.7689 041.8632 02.01100940113667
0 COSMOS 1261 DEB
1 27901U 81031J   17117.20663215 -.00000513 +00000-0 +00000-0 0  9994
2 27901 067.1334 038.0225 6185977 058.7291 086.8821 02.01098876113706
0 COSMOS 1261 DEB
1 27901U 81031J   17121.11276512 -.00000396 +00000-0 +00000-0 0  9998
2 27901 067.1283 037.7377 6187502 058.6539 034.7251 02.01095613113786
0 COSMOS 1261 DEB
1 27901U 81031J   17126.53367862 -.00000357 +00000-0 +00000-0 0  9995
2 27901 067.1207 037.3421 6189512 058.5496 359.1271 02.01092523113897
0 COSMOS 1261 DEB
1 27901U 81031J   17127.52840243 -.00000343 +00000-0 +00000-0 0  9999
2 27901 067.1194 037.2695 6189881 058.5302 359.2383 02.01092118113928
0 COSMOS 1261 DEB
1 27901U 81031J   17128.52281661 -.00000319 +00000-0 +00000-0 0  9996
2 27901 067.1181 037.1969 6190243 058.5110 359.1243 02.01091792113941
0 COSMOS 1261 DEB
1 27901U 81031J   17129.08723295 -.00000301 +00000-0 +00000-0 0  9993
2 27901 067.1173 037.1556 6190465 058.5002 047.7212 02.01091636113943
0 COSMOS 1261 DEB
1 27901U 81031J   17131.50627693 -.00000199 +00000-0 +00000-0 0  9993
2 27901 067.1142 036.9789 6191323 058.4529 358.9326 02.01091027114006
0 COSMOS 1261 DEB
1 27901U 81031J   17131.50627693 -.00000199 +00000-0 +00000-0 0  9993
2 27901 067.1142 036.9789 6191323 058.4529 358.9326 02.01091027113993
0 COSMOS 1261 DEB
1 27901U 81031J   17132.50085620 -.00000153 +00000-0 +00000-0 0  9992
2 27901 067.1130 036.9062 6191682 058.4335 358.9338 02.01090842114029
0 COSMOS 1261 DEB
1 27901U 81031J   17133.49556458 -.00000108 +00000-0 +00000-0 0  9993
2 27901 067.1117 036.8334 6192043 058.4140 359.0280 02.01090694114046
0 COSMOS 1261 DEB
1 27901U 81031J   17141.49659093 +.00000094 +00000-0 +00000-0 0  9994
2 27901 067.1015 036.2471 6194904 058.2560 031.1691 02.01090991114191
0 COSMOS 1261 DEB
1 27901U 81031J   17142.49333464 +.00000115 +00000-0 +00000-0 0  9990
2 27901 067.1003 036.1740 6195265 058.2364 032.7389 02.01091268114222
0 COSMOS 1261 DEB
1 27901U 81031J   17143.50915899 +.00000143 +00000-0 +00000-0 0  9992
2 27901 067.0993 036.0993 6195625 058.2167 048.1232 02.01091626114236
0 COSMOS 1261 DEB
1 27901U 81031J   17145.47624444 +.00000213 +00000-0 +00000-0 0  9991
2 27901 067.0977 035.9550 6196311 058.1787 032.1569 02.01092500114288
0 COSMOS 1261 DEB
1 27901U 81031J   17146.51159497 +.00000252 +00000-0 +00000-0 0  9991
2 27901 067.0970 035.8788 6196661 058.1587 061.6820 02.01093057114307
0 COSMOS 1261 DEB
1 27901U 81031J   17147.45905080 +.00000285 +00000-0 +00000-0 0  9998
2 27901 067.0962 035.8093 6196986 058.1405 027.5789 02.01093623114322
0 COSMOS 1261 DEB
1 27901U 81031J   17148.45391005 +.00000314 +00000-0 +00000-0 0  9998
2 27901 067.0953 035.7362 6197325 058.1212 027.7951 02.01094281114339
0 COSMOS 1261 DEB
1 27901U 81031J   17149.45481436 +.00000334 +00000-0 +00000-0 0  9999
2 27901 067.0944 035.6626 6197665 058.1019 032.3903 02.01095014114360
0 COSMOS 1261 DEB
1 27901U 81031J   17153.48060829 +.00000360 +00000-0 +00000-0 0  9995
2 27901 067.0907 035.3664 6198993 058.0238 066.8546 02.01098674114433
0 COSMOS 1261 DEB
1 27901U 81031J   17154.41335517 +.00000371 +00000-0 +00000-0 0  9990
2 27901 067.0900 035.2979 6199300 058.0053 022.1222 02.01099633114467
0 COSMOS 1261 DEB
1 27901U 81031J   17158.46912288 +.00000505 +00000-0 +00000-0 0  9994
2 27901 067.0867 034.9994 6200659 057.9246 078.3595 02.01104443114534
0 COSMOS 1261 DEB
1 27901U 81031J   17166.30011416  .00000000  00000-0  10000-3 0  9993
2 27901  67.0742  34.4031 6204424  57.7825 347.9510  2.01114869114690
0 COSMOS 1261 DEB
1 27901U 81031J   17166.82651473 +.00000724 +00000-0 +00000-0 0  9992
2 27901 067.0804 034.3835 6203433 057.7567 009.0701 02.01116126114711
0 COSMOS 1261 DEB
1 27901U 81031J   17167.39966986 +.00000729 +00000-0 +00000-0 0  9998
2 27901 067.0800 034.3411 6203618 057.7454 064.0454 02.01117020114728
0 COSMOS 1261 DEB
1 27901U 81031J   17168.75822443 +.00000739 +00000-0 +00000-0 0  9999
2 27901 067.0790 034.2412 6204104 057.7177 327.6718 02.01119194114746
0 COSMOS 1261 DEB
1 27901U 81031J   17171.34800712 +.00000776 +00000-0 +00000-0 0  9994
2 27901 067.0772 034.0498 6204993 057.6656 042.7695 02.01123605114803
0 COSMOS 1261 DEB
1 27901U 81031J   17171.34800712 +.00000776 +00000-0 +00000-0 0  9994
2 27901 067.0772 034.0498 6204993 057.6656 042.7695 02.01123605114791
0 COSMOS 1261 DEB
1 27901U 81031J   17172.32411499 +.00000797 +00000-0 +00000-0 0  9996
2 27901 067.0766 033.9777 6205329 057.6461 029.5184 02.01125344114822
0 COSMOS 1261 DEB
1 27901U 81031J   17173.33822929 +.00000820 +00000-0 +00000-0 0  9999
2 27901 067.0760 033.9026 6205679 057.6257 043.7924 02.01127191114848
0 COSMOS 1261 DEB
1 27901U 81031J   17175.34276837 +.00000853 +00000-0 +00000-0 0  9999
2 27901 067.0746 033.7542 6206380 057.5854 055.2074 02.01130933114870
0 COSMOS 1261 DEB
1 27901U 81031J   17176.30500251 +.00000857 +00000-0 +00000-0 0  9990
2 27901 067.0741 033.6831 6206714 057.5659 031.9370 02.01132800114908
0 COSMOS 1261 DEB
1 27901U 81031J   17179.37916097 +.00000818 +00000-0 +00000-0 0  9996
2 27901 067.0721 033.4553 6207770 057.5037 097.9002 02.01138926114952
0 COSMOS 1261 DEB
1 27901U 81031J   17185.25957762 +.00000802 +00000-0 +00000-0 0  9997
2 27901 067.0688 033.0197 6209832 057.3826 036.0343 02.01151109115073
0 COSMOS 1261 DEB
1 27901U 81031J   17186.18869657 +.00000817 +00000-0 +00000-0 0  9991
2 27901 067.0681 032.9508 6210157 057.3638 348.8515 02.01153016115101
0 COSMOS 1261 DEB
1 27901U 81031J   17186.36232876 +.00000819 +00000-0 +00000-0 0  9990
2 27901 067.0680 032.9378 6210210 057.3604 114.5868 02.01153382115103
0 COSMOS 1261 DEB
1 27901U 81031J   17187.67529456 +.00000836 +00000-0 +00000-0 0  9997
2 27901 067.0672 032.8404 6210678 057.3332 345.3785 02.01156045115122
0 COSMOS 1261 DEB
1 27901U 81031J   17189.15300959 +.00000843 +00000-0 +00000-0 0  9995
2 27901 067.0665 032.7307 6211208 057.3024 335.4891 02.01159005115153
0 COSMOS 1261 DEB
1 27901U 81031J   17191.66257811 +.00000819 +00000-0 +00000-0 0  9995
2 27901 067.0650 032.5445 6212102 057.2503 352.8679 02.01163847115205
0 COSMOS 1261 DEB
1 27901U 81031J   17194.62761830 +.00000750 +00000-0 +00000-0 0  9999
2 27901 067.0630 032.3244 6213188 057.1886 340.1463 02.01169336115262
0 COSMOS 1261 DEB
1 27901U 81031J   17195.62596760 +.00000723 +00000-0 +00000-0 0  9998
2 27901 067.0625 032.2504 6213570 057.1675 343.1633 02.01171145115280
0 COSMOS 1261 DEB
1 27901U 81031J   17196.10981359 +.00000711 +00000-0 +00000-0 0  9991
2 27901 067.0622 032.2145 6213748 057.1574 333.5726 02.01172006115297
0 COSMOS 1261 DEB
1 27901U 81031J   17200.09744874 +.00000641 +00000-0 +00000-0 0  9996
2 27901 067.0595 031.9179 6215250 057.0748 341.5426 02.01178886115378
0 COSMOS 1261 DEB
1 27901U 81031J   17204.54894380 +.00000523 +00000-0 +00000-0 0  9997
2 27901 067.0562 031.5864 6216974 056.9822 325.5667 02.01185883115468
0 COSMOS 1261 DEB
1 27901U 81031J   17205.57388038 +.00000472 +00000-0 +00000-0 0  9992
2 27901 067.0552 031.5098 6217358 056.9614 347.8983 02.01187359115482
0 COSMOS 1261 DEB
1 27901U 81031J   17210.01855337 +.00000263 +00000-0 +00000-0 0  9996
2 27901 067.0514 031.1784 6219109 056.8691 327.1060 02.01193171115574
0 COSMOS 1261 DEB
1 27901U 81031J   17211.50501382 +.00000226 +00000-0 +00000-0 0  9998
2 27901 067.0502 031.0674 6219686 056.8379 323.7444 02.01194807115600
0 COSMOS 1261 DEB
1 27901U 81031J   17215.49004172 +.00000161 +00000-0 +00000-0 0  9993
2 27901 067.0461 030.7699 6221350 056.7553 330.1240 02.01198285115689
0 COSMOS 1261 DEB
1 27901U 81031J   17215.49004172 +.00000161 +00000-0 +00000-0 0  9993
2 27901 067.0461 030.7699 6221350 056.7553 330.1240 02.01198285115689
0 COSMOS 1261 DEB
1 27901U 81031J   17216.52322185 +.00000136 +00000-0 +00000-0 0  9997
2 27901 067.0451 030.6923 6221737 056.7340 358.4695 02.01198932115710
0 COSMOS 1261 DEB
1 27901U 81031J   17217.51106389 +.00000105 +00000-0 +00000-0 0  9999
2 27901 067.0442 030.6186 6222086 056.7122 353.9786 02.01199458115723
0 COSMOS 1261 DEB
1 27901U 81031J   17219.50129260 +.00000029 +00000-0 +00000-0 0  9998
2 27901 067.0420 030.4700 6222901 056.6707 355.5362 02.01200207115771
0 COSMOS 1261 DEB
1 27901U 81031J   17220.89027492 -.00000032 +00000-0 +00000-0 0  9991
2 27901 067.0405 030.3662 6223476 056.6417 281.6037 02.01200537115792
0 COSMOS 1261 DEB
1 27901U 81031J   17220.96064115 -.00000035 +00000-0 +00000-0 0  9995
2 27901 067.0405 030.3609 6223490 056.6401 332.5716 02.01200559115796
0 COSMOS 1261 DEB
1 27901U 81031J   17221.48703063 -.00000058 +00000-0 +00000-0 0  9990
2 27901 067.0399 030.3217 6223706 056.6291 353.8466 02.01200644115816
0 COSMOS 1261 DEB
1 27901U 81031J   17225.45724354 -.00000208  00000-0  00000+0 0  9993
2 27901  67.0350  30.0248 6225355  56.5472 349.5555  2.01200540115889
0 COSMOS 1261 DEB
1 27901U 81031J   17226.44740174 -.00000233 +00000-0 +00000-0 0  9990
2 27901 067.0338 029.9508 6225773 056.5268 346.7475 02.01200337115905
0 COSMOS 1261 DEB
1 27901U 81031J   17227.44199628 -.00000256 +00000-0 +00000-0 0  9998
2 27901 067.0325 029.8764 6226190 056.5064 347.1520 02.01200065115928
0 COSMOS 1261 DEB
1 27901U 81031J   17228.43606196 -.00000278  00000-0  00000+0 0  9994
2 27901  67.0312  29.8021 6226615  56.4860 347.1723  2.01199710115946
0 COSMOS 1261 DEB
1 27901U 81031J   17230.39979420 -.00000336 +00000-0 +00000-0 0  9991
2 27901 067.0285 029.6550 6227457 056.4460 329.5360 02.01198822115989
0 COSMOS 1261 DEB
1 27901U 81031J   17233.88395045 -.00000503 +00000-0 +00000-0 0  9999
2 27901 067.0232 029.3937 6228935 056.3754 333.1486 02.01196641116050
0 COSMOS 1261 DEB
1 27901U 81031J   17234.41038501 -.00000530 +00000-0 +00000-0 0  9990
2 27901 067.0223 029.3542 6229145 056.3649 354.4478 02.01196234116076
0 COSMOS 1261 DEB
1 27901U 81031J   17237.86618425 -.00000650  00000-0  00000+0 0  9993
2 27901  67.0168  29.0952 6230599  56.2943 337.4827  2.01193222116137
0 COSMOS 1261 DEB
1 27901U 81031J   17238.38624389 -.00000657 +00000-0 +00000-0 0  9995
2 27901 067.0160 029.0562 6230821 056.2837 354.1578 02.01192686116150
0 COSMOS 1261 DEB
1 27901U 81031J   17241.83649559 -.00000672  00000-0  00000+0 0  9991
2 27901  67.0102  28.7973 6232340  56.2145 333.1219  2.01188741116211
0 COSMOS 1261 DEB
1 27901U 81031J   17241.83649559 -.00000672 +00000-0 +00000-0 0  9992
2 27901 067.0102 028.7973 6232340 056.2145 333.1219 02.01188741116211
0 COSMOS 1261 DEB
1 27901U 81031J   17242.36209354 -.00000674 +00000-0 +00000-0 0  9998
2 27901 067.0081 028.7581 6232591 056.2049 353.7996 02.01188062116231
0 COSMOS 1261 DEB
1 27901U 81031J   17243.35766774 -.00000682 +00000-0 +00000-0 0  9991
2 27901 067.0070 028.6830 6233003 056.1846 354.8662 02.01186717116257
0 COSMOS 1261 DEB
1 27901U 81031J   17245.34498206 -.00000712  00000-0  00000+0 0  9997
2 27901  67.0035  28.5337 6233842  56.1449 354.2083  2.01183853116281
0 COSMOS 1261 DEB
1 27901U 81031J   17245.81323285 -.00000722 +00000-0 +00000-0 0  9995
2 27901 067.0026 028.4986 6234050 056.1357 333.3431 02.01183146116291
0 COSMOS 1261 DEB
1 27901U 81031J   17251.32476859 -.00000835 +00000-0 +00000-0 0  9999
2 27901 066.9922 028.0844 6236416 056.0273 005.0250 02.01173986116403
0 COSMOS 1261 DEB
1 27901U 81031J   17253.31300278 -.00000847 +00000-0 +00000-0 0  9994
2 27901 066.9884 027.9351 6237267 055.9889 004.9432 02.01170570116458
0 COSMOS 1261 DEB
1 27901U 81031J   17254.30715294 -.00000847  00000-0  00000+0 0  9991
2 27901  66.9864  27.8603 6237684  55.9697   4.9170  2.01168834116465
0 COSMOS 1261 DEB
1 27901U 81031J   17257.28946539 -.00000850  00000-0  00000+0 0  9993
2 27901  66.9805  27.6361 6238955  55.9124   4.7012  2.01163570116528
0 COSMOS 1261 DEB
1 27901U 81031J   17265.23831549 -.00000975  00000-0  00000+0 0  9999
2 27901  66.9662  27.0373 6242106  55.7597   0.9601  2.01149529116688
0 COSMOS 1261 DEB
1 27901U 81031J   17266.23189243 -.00000961 +00000-0 +00000-0 0  9993
2 27901 066.9642 026.9627 6242507 055.7404 000.4423 02.01147775116710
0 COSMOS 1261 DEB
1 27901U 81031J   17267.22628220 -.00000940  00000-0  00000+0 0  9992
2 27901  66.9652  26.8995 6242802  55.7451   0.5033  2.01146020116729
0 COSMOS 1261 DEB
1 27901U 81031J   17269.21475405 -.00000896 +00000-0 +00000-0 0  9999
2 27901 066.9648 026.7624 6243549 055.7035 000.3886 02.01142499116774
0 COSMOS 1261 DEB
1 27901U 81031J   17271.20292786 -.00000865  00000-0  00000+0 0  9995
2 27901  66.9616  26.6203 6244331  55.6667   0.0328  2.01138944116803
0 COSMOS 1261 DEB
1 27901U 81031J   17277.16882980 -.00000850  00000-0  00000+0 0  9991
2 27901  66.9487  26.1674 6246731  55.5357 359.8210  2.01128319116920
0 COSMOS 1261 DEB
1 27901U 81031J   17284.12715838 -.00000734  00000-0  00000+0 0  9993
2 27901  66.9201  25.6226 6249431  55.3978 357.9326  2.01117174117068
0 COSMOS 1261 DEB
1 27901U 81031J   17285.12352789 -.00000725 +00000-0 +00000-0 0  9997
2 27901 066.9231 025.5421 6249804 055.3801 359.3233 02.01115683117095
0 COSMOS 1261 DEB
1 27901U 81031J   17292.08495391 -.00000718  00000-0  00000+0 0  9998
2 27901  66.9105  25.0155 6252286  55.2505 359.3861  2.01106777117228
0 COSMOS 1261 DEB
1 27901U 81031J   17292.58619944 -.00000705 +00000-0 +00000-0 0  9992
2 27901 066.9127 024.9754 6252461 055.2419 002.2783 02.01106194117246
0 COSMOS 1261 DEB
1 27901U 81031J   17300.50403147 -.00000459 +00000-0 +00000-0 0  9996
2 27901 066.8981 024.3761 6255191 055.0932 334.5147 02.01098183117395
0 COSMOS 1261 DEB
1 27901U 81031J   17300.50403147 -.00000459  00000-0  00000+0 0  9995
2 27901  66.8981  24.3761 6255191  55.0932 334.5147  2.01098183117395
0 COSMOS 1261 DEB
1 27901U 81031J   17305.52857882 -.00000371 +00000-0 +00000-0 0  9995
2 27901 066.8897 023.9946 6256870 054.9981 012.0081 02.01094196117494
0 COSMOS 1261 DEB
1 27901U 81031J   17306.52330935 -.00000344 +00000-0 +00000-0 0  9991
2 27901 066.8880 023.9191 6257204 054.9792 012.1307 02.01093571117522
0 COSMOS 1261 DEB
1 27901U 81031J   17307.51725483 -.00000313 +00000-0 +00000-0 0  9993
2 27901 066.8864 023.8439 6257525 054.9598 011.6826 02.01092983117546
0 COSMOS 1261 DEB
1 27901U 81031J   17308.99267187 -.00000261  00000-0  00000+0 0  9999
2 27901  66.8839  23.7319 6258027  54.9323 359.7852  2.01092231117561
0 COSMOS 1261 DEB
1 27901U 81031J   17309.98723958 -.00000225 +00000-0 +00000-0 0  9993
2 27901 066.8822 023.6564 6258355 054.9137 359.7830 02.01091782117590
0 COSMOS 1261 DEB
1 27901U 81031J   17310.98163385 -.00000193 +00000-0 +00000-0 0  9991
2 27901 066.8805 023.5809 6258683 054.8951 359.6535 02.01091379117615
0 COSMOS 1261 DEB
1 27901U 81031J   17311.97632875 -.00000168  00000-0  00000+0 0  9997
2 27901  66.8789  23.5054 6259008  54.8764 359.7410  2.01091060117623
0 COSMOS 1261 DEB
1 27901U 81031J   17312.97092852 -.00000152 +00000-0 +00000-0 0  9997
2 27901 066.8772 023.4297 6259330 054.8579 359.7583 02.01090795117653
0 COSMOS 1261 DEB
1 27901U 81031J   17313.96545000 -.00000143 +00000-0 +00000-0 0  9995
2 27901 066.8757 023.3540 6259635 054.8392 359.7185 02.01090588117677
0 COSMOS 1261 DEB
1 27901U 81031J   17321.40527705  .00000012  00000-0  00000+0 0  9998
2 27901  66.8641  22.7877 6261920  54.7007 345.5955  2.01091175117814
0 COSMOS 1261 DEB
1 27901U 81031J   17321.92308633 +.00000037 +00000-0 +00000-0 0  9990
2 27901 066.8634 022.7486 6262097 054.6900 000.4523 02.01091283117839
0 COSMOS 1261 DEB
1 27901U 81031J   17322.39992682 +.00000060 +00000-0 +00000-0 0  9991
2 27901 066.8627 022.7123 6262261 054.6808 345.6505 02.01091427117833
0 COSMOS 1261 DEB
1 27901U 81031J   17322.91580469 +.00000085 +00000-0 +00000-0 0  9992
2 27901 066.8620 022.6730 6262414 054.6712 359.1085 02.01091599117858
0 COSMOS 1261 DEB
1 27901U 81031J   17330.36462127  .00000305  00000-0  00000+0 0  9994
2 27901  66.8513  22.1050 6264716  54.5305 351.5609  2.01095309117999
0 COSMOS 1261 DEB
1 27901U 81031J   17330.87264552 +.00000316 +00000-0 +00000-0 0  9995
2 27901 066.8508 022.0662 6264866 054.5206 359.3413 02.01095654118013
0 COSMOS 1261 DEB
1 27901U 81031J   17331.86704235 +.00000340 +00000-0 +00000-0 0  9999
2 27901 066.8494 021.9903 6265181 054.5019 359.2296 02.01096386118039
0 COSMOS 1261 DEB
1 27901U 81031J   17337.83763538  .00000541  00000-0  00000+0 0  9995
2 27901  66.8420  21.5336 6267054  54.3893   1.6747  2.01102013118149
0 COSMOS 1261 DEB
1 27901U 81031J   17338.82854611 +.00000568 +00000-0 +00000-0 0  9998
2 27901 066.8405 021.4577 6267373 054.3709 359.0631 02.01103156118172
0 COSMOS 1261 DEB
1 27901U 81031J   17342.29066208 +.00000596 +00000-0 +00000-0 0  9992
2 27901 066.8364 021.1924 6268449 054.3054 345.5619 02.01107657118230
0 COSMOS 1261 DEB
1 27901U 81031J   17342.29066208  .00000596  00000-0  00000+0 0  9991
2 27901  66.8364  21.1924 6268449  54.3054 345.5619  2.01107657118230
0 COSMOS 1261 DEB
1 27901U 81031J   17343.28549721 +.00000595 +00000-0 +00000-0 0  9997
2 27901 066.8353 021.1162 6268755 054.2866 345.8120 02.01109082118258
0 COSMOS 1261 DEB
1 27901U 81031J   17345.30088486  .00000609  00000-0  00000+0 0  9993
2 27901  66.8329  20.9617 6269400  54.2481   4.9479  2.01112158118296
0 COSMOS 1261 DEB
1 27901U 81031J   17353.26256052  .00000838  00000-0  00000+0 0  9997
2 27901  66.8244  20.3512 6271967  54.0948   9.4113  2.01125832118453
0 COSMOS 1261 DEB
1 27901U 81031J   17354.25685868 +.00000850 +00000-0 +00000-0 0  9993
2 27901 066.8238 020.2751 6272284 054.0741 009.3375 02.01127620118483
0 COSMOS 1261 DEB
1 27901U 81031J   17355.23130076 +.00000856 +00000-0 +00000-0 0  9994
2 27901 066.8225 020.1995 6272581 054.0573 354.8920 02.01129363118504
0 COSMOS 1261 DEB
1 27901U 81031J   17356.22666847  .00000859  00000-0  00000+0 0  9996
2 27901  66.8219  20.1234 6272907  54.0363 355.6066  2.01131223118511
0 COSMOS 1261 DEB
1 27901U 81031J   17357.22862840 +.00000861 +00000-0 +00000-0 0  9992
2 27901 066.8208 020.0467 6273248 054.0172 001.1003 02.01133096118540
0 COSMOS 1261 DEB
1 27901U 81031J   17358.21637160 +.00000864 +00000-0 +00000-0 0  9990
2 27901 066.8198 019.9704 6273552 053.9983 356.3074 02.01134992118566
0 COSMOS 1261 DEB
1 27901U 81031J   17359.21653479  .00000868  00000-0  00000+0 0  9995
2 27901  66.8187  19.8932 6273867  53.9797   0.5128  2.01136864118577
0 COSMOS 1261 DEB
1 27901U 81031J   17360.21110841 +.00000875 +00000-0 +00000-0 0  9997
2 27901 066.8184 019.8175 6274187 053.9564 000.6795 02.01138781118606
0 COSMOS 1261 DEB
1 27901U 81031J   17363.18388090  .00000909  00000-0  00000+0 0  9996
2 27901  66.8153  19.5884 6275182  53.9006 353.2909  2.01144610118650
0 COSMOS 1261 DEB
1 27901U 81031J   17365.18153897 +.00000926 +00000-0 +00000-0 0  9993
2 27901 066.8141 019.4352 6275828 053.8563 359.8512 02.01148639118703
0 COSMOS 1261 DEB
1 27901U 81031J   18002.16991884  .00000911  00000-0  00000+0 0  9999
2 27901  66.8119  19.2821 6276573  53.8188 359.7198  2.01152659118737
0 COSMOS 1261 DEB
1 27901U 81031J   18005.15489698  .00000827  00000-0  00000+0 0  9992
2 27901  66.8085  19.0515 6277585  53.7632   1.3219  2.01158782118797
0 COSMOS 1261 DEB
1 27901U 81031J   18009.13242887  .00000743  00000-0  00000+0 0  9998
2 27901  66.8046  18.7445 6278944  53.6841   1.7931  2.01166913118872
0 COSMOS 1261 DEB
1 27901U 81031J   18013.65478392  .00000733  00000-0  00000+0 0  9991
2 27901  66.7990  18.3946 6280669  53.5998  36.9495  2.01175602118960
0 COSMOS 1261 DEB
1 27901U 81031J   18014.65078894 +.00000719 +00000-0 +00000-0 0  9990
2 27901 066.7978 018.3176 6281019 053.5805 038.2894 02.01177375118998
0 COSMOS 1261 DEB
1 27901U 81031J   18015.62886064 +.00000698 +00000-0 +00000-0 0  9990
2 27901 066.7967 018.2420 6281350 053.5611 026.6480 02.01179062119011
0 COSMOS 1261 DEB
1 27901U 81031J   18016.65022333  .00000669  00000-0  00000+0 0  9992
2 27901  66.7957  18.1631 6281703  53.5411  46.3658  2.01180761119028
0 COSMOS 1261 DEB
1 27901U 81031J   18020.62807020  .00000534  00000-0  00000+0 0  9999
2 27901  66.7913  17.8558 6283174  53.4625  47.3616  2.01186747119108
0 COSMOS 1261 DEB
1 27901U 81031J   18020.62807020 +.00000534 +00000-0 +00000-0 0  9990
2 27901 066.7913 017.8558 6283174 053.4625 047.3616 02.01186747119119
0 COSMOS 1261 DEB
1 27901U 81031J   18025.55424498 +.00000405 +00000-0 +00000-0 0  9998
2 27901 066.7848 017.4747 6285100 053.3647 015.3040 02.01192893119212
0 COSMOS 1261 DEB
1 27901U 81031J   18025.55424498 +.00000405 +00000-0 +00000-0 0  9998
2 27901 066.7848 017.4747 6285100 053.3647 015.3040 02.01192893119201
0 COSMOS 1261 DEB
1 27901U 81031J   18030.56423331 +.00000217 +00000-0 +00000-0 0  9991
2 27901 066.7776 017.0857 6287066 053.2667 044.0505 02.01197570119306
0 COSMOS 1261 DEB
1 27901U 81031J   18032.51049005 +.00000100 +00000-0 +00000-0 0  9991
2 27901 066.7748 016.9346 6287792 053.2287 013.7495 02.01198952119351
0 COSMOS 1261 DEB
1 27901U 81031J   18034.49813506 -.00000007  00000-0  00000+0 0  9991
2 27901  66.7719  16.7802 6288563  53.1897  13.4350  2.01200080119383
0 COSMOS 1261 DEB
1 27901U 81031J   18034.97130052 -.00000028 +00000-0 +00000-0 0  9996
2 27901 066.7712 016.7434 6288770 053.1802 356.1580 02.01200307119400
0 COSMOS 1261 DEB
1 27901U 81031J   18035.49201184 -.00000047 +00000-0 +00000-0 0  9990
2 27901 066.7704 016.7029 6288973 053.1701 013.3197 02.01200534119413
0 COSMOS 1261 DEB
1 27901U 81031J   18036.96052694 -.00000089  00000-0  00000+0 0  9998
2 27901  66.7682  16.5889 6289581  53.1414 356.9964  2.01201056119437
0 COSMOS 1261 DEB
1 27901U 81031J   18036.96052694 -.00000089 +00000-0 +00000-0 0  9999
2 27901 066.7682 016.5889 6289581 053.1414 356.9964 02.01201056119448
0 COSMOS 1261 DEB
1 27901U 81031J   18038.94542095 -.00000127 +00000-0 +00000-0 0  9991
2 27901 066.7648 016.4347 6290406 053.1026 354.6996 02.01201453119480
0 COSMOS 1261 DEB
1 27901U 81031J   18039.46725081 -.00000136  00000-0  00000+0 0  9996
2 27901  66.7639  16.3942 6290626  53.0925  12.6729  2.01201495119482
0 COSMOS 1261 DEB
1 27901U 81031J   18040.51368447 -.00000158 +00000-0 +00000-0 0  9998
2 27901 066.7618 016.3131 6291074 053.0723 050.6286 02.01201504119518
0 COSMOS 1261 DEB
1 27901U 81031J   18041.45774484 -.00000183 +00000-0 +00000-0 0  9992
2 27901 066.7602 016.2398 6291455 053.0538 014.4329 02.01201402119537
0 COSMOS 1261 DEB
1 27901U 81031J   18043.49500785 -.00000253  00000-0  00000+0 0  9996
2 27901  66.7565  16.0813 6292273  53.0137  50.0677  2.01200909119565
0 COSMOS 1261 DEB
1 27901U 81031J   18044.56298399 -.00000296 +00000-0 +00000-0 0  9998
2 27901 066.7547 015.9983 6292714 052.9927 103.6248 02.01200473119594
0 COSMOS 1261 DEB
1 27901U 81031J   18044.91094618 -.00000310 +00000-0 +00000-0 0  9992
2 27901 066.7540 015.9714 6292856 052.9860 355.6600 02.01200298119600
0 COSMOS 1261 DEB
1 27901U 81031J   18046.97813063 -.00000392 +00000-0 +00000-0 0  9993
2 27901 066.7502 015.8107 6293702 052.9459 052.9571 02.01199113119638
0 COSMOS 1261 DEB
1 27901U 81031J   18047.99154025 -.00000428 +00000-0 +00000-0 0  9992
2 27901 066.7482 015.7319 6294117 052.9263 066.9837 02.01198404119668
0 COSMOS 1261 DEB
1 27901U 81031J   18049.49963611 -.00000472 +00000-0 +00000-0 0  9997
2 27901 066.7453 015.6145 6294726 052.8974 079.3130 02.01197206119681
0 COSMOS 1261 DEB
1 27901U 81031J   18050.01080465 -.00000485 +00000-0 +00000-0 0  9998
2 27901 066.7443 015.5748 6294935 052.8876 089.5561 02.01196759119707
0 COSMOS 1261 DEB
1 27901U 81031J   18051.44679860 -.00000514 +00000-0 +00000-0 0  9992
2 27901 066.7414 015.4630 6295512 052.8602 049.6528 02.01195438119739
0 COSMOS 1261 DEB
1 27901U 81031J   18052.48675701 -.00000531  00000-0  00000+0 0  9995
2 27901  66.7393  15.3820 6295926  52.8403  82.8958  2.01194393119749
0 COSMOS 1261 DEB
1 27901U 81031J   18053.50687307 -.00000547 +00000-0 +00000-0 0  9992
2 27901 066.7372 015.3025 6296354 052.8209 101.7627 02.01193302119779
0 COSMOS 1261 DEB
1 27901U 81031J   18057.36013368 -.00000652 +00000-0 +00000-0 0  9997
2 27901 066.7288 015.0020 6297954 052.7484 012.6282 02.01188720119852
0 COSMOS 1261 DEB
1 27901U 81031J   18057.36013368 -.00000652  00000-0  00000+0 0  9996
2 27901  66.7288  15.0020 6297954  52.7484  12.6282  2.01188720119841
0 COSMOS 1261 DEB
1 27901U 81031J   18061.80813737 -.00000830  00000-0  00000+0 0  9996
2 27901  66.7187  14.6548 6299794  52.6647 354.1739  2.01182669119930
0 COSMOS 1261 DEB
1 27901U 81031J   18065.86193604 -.00000857  00000-0  00000+0 0  9999
2 27901  66.7090  14.3386 6301645  52.5885  50.1176  2.01176494120010
0 COSMOS 1261 DEB
1 27901U 81031J   18065.86193604 -.00000857 +00000-0 +00000-0 0  9990
2 27901 066.7090 014.3386 6301645 052.5885 050.1176 02.01176494120021
0 COSMOS 1261 DEB
1 27901U 81031J   18073.29425781 -.00000916  00000-0  00000+0 0  9995
2 27901  66.6918  13.7577 6304761  52.4504  32.6841  2.01163623120162
0 COSMOS 1261 DEB
1 27901U 81031J   18073.93491591 -.00000924 +00000-0 +00000-0 0  9998
2 27901 066.6902 013.7077 6304742 052.4394 136.6455 02.01162542120183
0 COSMOS 1261 DEB
1 27901U 81031J   18075.31145365 -.00000936  00000-0  00000+0 0  9999
2 27901  66.6867  13.6003 6305270  52.4142  53.5050  2.01159994120207
0 COSMOS 1261 DEB
1 27901U 81031J   18076.26548201 -.00000939 +00000-0 +00000-0 0  9994
2 27901 066.6843 013.5257 6305640 052.3970 024.3853 02.01158251120235
0 COSMOS 1261 DEB
1 27901U 81031J   18076.80675243 -.00000939 +00000-0 +00000-0 0  9991
2 27901 066.6830 013.4833 6305834 052.3871 056.3555 02.01157243120240
0 COSMOS 1261 DEB
1 27901U 81031J   18077.72991274 -.00000935  00000-0  00000+0 0  9993
2 27901  66.6807  13.4112 6306188  52.3705   4.8729  2.01155552120256
0 COSMOS 1261 DEB
1 27901U 81031J   18080.78711838 -.00000905  00000-0  00000+0 0  9996
2 27901  66.6732  13.1720 6307332  52.3151  58.7465  2.01149956120315
0 COSMOS 1261 DEB
1 27901U 81031J   18082.31727351 -.00000896 +00000-0 +00000-0 0  9994
2 27901 066.6696 013.0522 6307922 052.2875 086.7845 02.01147191120356
0 COSMOS 1261 DEB
1 27901U 81031J   18083.69027984 -.00000901  00000-0  00000+0 0  9997
2 27901  66.6661  12.9447 6308440  52.2628   1.0129  2.01144774120375
0 COSMOS 1261 DEB
1 27901U 81031J   18084.68432852 -.00000913 +00000-0 +00000-0 0  9995
2 27901 066.6636 012.8667 6308810 052.2450 000.8213 02.01143051120406
0 COSMOS 1261 DEB
1 27901U 81031J   18086.31863532 -.00000944  00000-0  00000+0 0  9993
2 27901  66.6598  12.7385 6309418  52.2156 104.2384  2.01140253120428
0 COSMOS 1261 DEB
1 27901U 81031J   18088.66156497 -.00000978  00000-0  00000+0 0  9995
2 27901  66.6541  12.5547 6310262  52.1734   0.7483  2.01136411120470
0 COSMOS 1261 DEB
1 27901U 81031J   18090.64990834 -.00000967 +00000-0 +00000-0 0  9996
2 27901 066.6493 012.3988 6310974 052.1375 000.4770 02.01133238120520
0 COSMOS 1261 DEB
1 27901U 81031J   18091.64454671 -.00000948  00000-0  00000+0 0  9999
2 27901  66.6469  12.3208 6311341  52.1196   0.6707  2.01131692120533
0 COSMOS 1261 DEB
1 27901U 81031J   18092.15738612 -.00000935 +00000-0 +00000-0 0  9993
2 27901 066.6456 012.2806 6311529 052.1104 012.0031 02.01130901120550
0 COSMOS 1261 DEB
1 27901U 81031J   18092.63844123 -.00000923 +00000-0 +00000-0 0  9998
2 27901 066.6444 012.2429 6311705 052.1018 000.3200 02.01130161120565
0 COSMOS 1261 DEB
1 27901U 81031J   18094.26097340 -.00000880  00000-0  00000+0 0  9991
2 27901  66.6405  12.1155 6312303  52.0729  95.1343  2.01127710120588
0 COSMOS 1261 DEB
1 27901U 81031J   18094.92915446 -.00000865 +00000-0 +00000-0 0  9994
2 27901 066.6389 012.0631 6312530 052.0610 218.9351 02.01126689120609
0 COSMOS 1261 DEB
1 27901U 81031J   18095.65143690 -.00000851 +00000-0 +00000-0 0  9994
2 27901 066.6371 012.0063 6312797 052.0479 021.9059 02.01125609120627
0 COSMOS 1261 DEB
1 27901U 81031J   18096.23162259 -.00000842 +00000-0 +00000-0 0  9991
2 27901 066.6357 011.9606 6313001 052.0377 081.9884 02.01124759120636
0 COSMOS 1261 DEB
1 27901U 81031J   18096.66512809 -.00000837  00000-0  00000+0 0  9991
2 27901  66.6346  11.9266 6313149  52.0298  35.8667  2.01124098120634
0 COSMOS 1261 DEB
1 27901U 81031J   18097.23657880 -.00000831 +00000-0 +00000-0 0  9999
2 27901 066.6333 011.8817 6313336 052.0196 089.6217 02.01123258120653
0 COSMOS 1261 DEB
1 27901U 81031J   18097.61008433 -.00000828 +00000-0 +00000-0 0  9991
2 27901 066.6324 011.8524 6313454 052.0127 000.0555 02.01122695120660
0 COSMOS 1261 DEB
1 27901U 81031J   18098.60430646 -.00000822 +00000-0 +00000-0 0  9990
2 27901 066.6300 011.7743 6313789 051.9948 359.9098 02.01121230120680
0 COSMOS 1261 DEB
1 27901U 81031J   18099.59875904 -.00000818 +00000-0 +00000-0 0  9994
2 27901 066.6276 011.6962 6314127 051.9769 359.9258 02.01119780120700
0 COSMOS 1261 DEB
1 27901U 81031J   18099.59875904 -.00000818  00000-0  00000+0 0  9993
2 27901  66.6276  11.6962 6314127  51.9769 359.9258  2.01119780120698
0 COSMOS 1261 DEB
1 27901U 81031J   18100.11597491 -.00000815 +00000-0 +00000-0 0  9994
2 27901 066.6264 011.6556 6314306 051.9675 014.4047 02.01119029120717
0 COSMOS 1261 DEB
1 27901U 81031J   18106.11264034 -.00000708  00000-0  00000+0 0  9994
2 27901  66.6124  11.1843 6316283  51.8606  36.0652  2.01110940120822
0 COSMOS 1261 DEB
1 27901U 81031J   18106.58224010 -.00000694 +00000-0 +00000-0 0  9990
2 27901 066.6113 011.1474 6316429 051.8522 016.0548 02.01110377120847
0 COSMOS 1261 DEB
1 27901U 81031J   18107.13864851 -.00000677 +00000-0 +00000-0 0  9996
2 27901 066.6101 011.1036 6316609 051.8423 058.8918 02.01109698120858
0 COSMOS 1261 DEB
1 27901U 81031J   18115.51237361 -.00000589  00000-0  00000+0 0  9998
2 27901  66.5919  10.4441 6319228  51.6916   1.2861  2.01101053121016
0 COSMOS 1261 DEB
1 27901U 81031J   18120.48396767 -.00000439  00000-0  00000+0 0  9990
2 27901  66.5808  10.0520 6320767  51.6033   0.5041  2.01097567121114
0 COSMOS 1261 DEB
1 27901U 81031J   18124.46242618 -.00000307  00000-0  00000+0 0  9991
2 27901  66.5720   9.7378 6321968  51.5336   0.6922  2.01095565121195
0 COSMOS 1261 DEB
1 27901U 81031J   18125.45657059 -.00000287 +00000-0 +00000-0 0  9998
2 27901 066.5699 009.6592 6322260 051.5158 000.3948 02.01095114121224
0 COSMOS 1261 DEB
1 27901U 81031J   18129.43478684 -.00000203  00000-0  00000+0 0  9992
2 27901  66.5610   9.3443 6323452  51.4448   0.3789  2.01093733121299
0 COSMOS 1261 DEB
1 27901U 81031J   18130.42909503 -.00000173 +00000-0 +00000-0 0  9999
2 27901 066.5590 009.2657 6323748 051.4271 000.1944 02.01093510121322
0 COSMOS 1261 DEB
1 27901U 81031J   18131.42326128 -.00000139 +00000-0 +00000-0 0  9998
2 27901 066.5568 009.1869 6324043 051.4095 359.9065 02.01093340121346
0 COSMOS 1261 DEB
1 27901U 81031J   18132.41815208 -.00000101  00000-0  00000+0 0  9998
2 27901  66.5551   9.1083 6324330  51.3918   0.1429  2.01093233121359
0 COSMOS 1261 DEB
1 27901U 81031J   18133.41253222 -.00000060 +00000-0 +00000-0 0  9996
2 27901 066.5530 009.0295 6324618 051.3742 000.0089 02.01093157121383
0 COSMOS 1261 DEB
1 27901U 81031J   18138.43964538  .00000108  00000-0  00000+0 0  9993
2 27901  66.5455   8.6322 6326049  51.2840  39.3152  2.01093727121472
0 COSMOS 1261 DEB
1 27901U 81031J   18140.44004031  .00000129  00000-0  00000+0 0  9993
2 27901  66.5411   8.4734 6326639  51.2489  47.4769  2.01094381121519
0 COSMOS 1261 DEB
1 27901U 81031J   18143.43553230  .00000164  00000-0  00000+0 0  9994
2 27901  66.5360   8.2358 6327510  51.1956  56.0393  2.01095907121579
0 COSMOS 1261 DEB
1 27901U 81031J   18151.37563913  .00000463  00000-0  00000+0 0  9997
2 27901  66.5257   7.6056 6329804  51.0538  44.3207  2.01102480121732
0 COSMOS 1261 DEB
1 27901U 81031J   18152.38128532 +.00000485 +00000-0 +00000-0 0  9998
2 27901 066.5213 007.5258 6330168 051.0352 052.3768 02.01103473121763
0 COSMOS 1261 DEB
1 27901U 81031J   18153.38044885  .00000504  00000-0  00000+0 0  9998
2 27901  66.5197   7.4465 6330465  51.0172  55.7444  2.01104535121772
0 COSMOS 1261 DEB
1 27901U 81031J   18156.35054972  .00000564  00000-0  00000+0 0  9992
2 27901  66.5151   7.2106 6331345  50.9639  46.0416  2.01107939121836
0 COSMOS 1261 DEB
1 27901U 81031J   18157.35047807 +.00000590 +00000-0 +00000-0 0  9992
2 27901 066.5136 007.1311 6331640 050.9460 049.9792 02.01109173121860
0 COSMOS 1261 DEB
1 27901U 81031J   18165.23892515  .00000820  00000-0  00000+0 0  9997
2 27901  66.5019   6.5032 6334012  50.8051   1.3116  2.01120686122016
0 COSMOS 1261 DEB
1 27901U 81031J   18165.33412199 +.00000820 +00000-0 +00000-0 0  9995
2 27901 066.5017 006.4955 6334038 050.8033 070.2374 02.01120831122029
0 COSMOS 1261 DEB
1 27901U 81031J   18165.72846262 +.00000823 +00000-0 +00000-0 0  9993
2 27901 066.5012 006.4641 6334156 050.7963 355.7542 02.01121501122032
0 COSMOS 1261 DEB
1 27901U 81031J   18166.33981064 +.00000824 +00000-0 +00000-0 0  9992
2 27901 066.5004 006.4153 6334337 050.7853 078.3940 02.01122523122046
0 COSMOS 1261 DEB
1 27901U 81031J   18167.29040046 +.00000821 +00000-0 +00000-0 0  9991
2 27901 066.4990 006.3395 6334624 050.7683 046.6627 02.01124175122052
0 COSMOS 1261 DEB
1 27901U 81031J   18168.29092344 +.00000813 +00000-0 +00000-0 0  9991
2 27901 066.4975 006.2597 6334928 050.7503 051.0914 02.01125957122087
0 COSMOS 1261 DEB
1 27901U 81031J   18169.29096639  .00000807  00000-0  00000+0 0  9995
2 27901  66.4961   6.1799 6335235  50.7323  55.1792  2.01127798122092
0 COSMOS 1261 DEB
1 27901U 81031J   18174.32633648  .00000872  00000-0  00000+0 0  9994
2 27901  66.4892   5.7783 6336860  50.6413 101.1738  2.01137605122198
0 COSMOS 1261 DEB
1 27901U 81031J   18181.31406495  .00000903  00000-0  00000+0 0  9994
2 27901  66.4792   5.2201 6339073  50.5141 121.1241  2.01151747122333
0 COSMOS 1261 DEB
1 27901U 81031J   18181.62431289 +.00000899 +00000-0 +00000-0 0  9992
2 27901 066.4790 005.1957 6339202 050.5080 345.7887 02.01152354122340
0 COSMOS 1261 DEB
1 27901U 81031J   18182.61820536 +.00000889 +00000-0 +00000-0 0  9998
2 27901 066.4775 005.1163 6339526 050.4899 345.5165 02.01154339122362
0 COSMOS 1261 DEB
1 27901U 81031J   18184.60658373 +.00000875 +00000-0 +00000-0 0  9992
2 27901 066.4747 004.9574 6340162 050.4536 345.4237 02.01158311122408
0 COSMOS 1261 DEB
1 27901U 81031J   18184.60658373  .00000875  00000-0  00000+0 0  9991
2 27901  66.4747   4.9574 6340162  50.4536 345.4237  2.01158311122408
0 COSMOS 1261 DEB
1 27901U 81031J   18185.29638219 +.00000874 +00000-0 +00000-0 0  9994
2 27901 066.4736 004.9022 6340379 050.4411 124.9558 02.01159679122422
0 COSMOS 1261 DEB
1 27901U 81031J   18188.07163421  .00000874  00000-0  00000+0 0  9990
2 27901  66.4697   4.6804 6341302  50.3905 334.7489  2.01165150122477
0 COSMOS 1261 DEB
1 27901U 81031J   18188.59752292 +.00000874 +00000-0 +00000-0 0  9998
2 27901 066.4689 004.6381 6341444 050.3811 355.5946 02.01166151122494
0 COSMOS 1261 DEB
1 27901U 81031J   18189.55628788 +.00000871 +00000-0 +00000-0 0  9994
2 27901 066.4674 004.5612 6341759 050.3637 329.9329 02.01167987122509
0 COSMOS 1261 DEB
1 27901U 81031J   18191.04337561  .00000857  00000-0  00000+0 0  9990
2 27901  66.4650   4.4420 6342246  50.3367 326.8955  2.01170798122539
0 COSMOS 1261 DEB
1 27901U 81031J   18191.51425073 +.00000848 +00000-0 +00000-0 0  9999
2 27901 066.4643 004.4042 6342401 050.3282 307.9108 02.01171680122542
0 COSMOS 1261 DEB
1 27901U 81031J   18193.54118199  .00000788  00000-0  00000+0 0  9994
2 27901  66.4610   4.2415 6343068  50.2912 335.8642  2.01175447122589
0 COSMOS 1261 DEB
1 27901U 81031J   18193.54118199 +.00000788 +00000-0 +00000-0 0  9995
2 27901 066.4610 004.2415 6343068 050.2912 335.8642 02.01175447122589
0 COSMOS 1261 DEB
1 27901U 81031J   18194.01452917 +.00000769 +00000-0 +00000-0 0  9996
2 27901 066.4602 004.2035 6343222 050.2826 318.6778 02.01176310122594
0 COSMOS 1261 DEB
1 27901U 81031J   18200.49748330  .00000538  00000-0  00000+0 0  9996
2 27901  66.4494   3.6827 6345452  50.1635 333.9879  2.01187424122724
0 COSMOS 1261 DEB
1 27901U 81031J   18201.54297927 +.00000522 +00000-0 +00000-0 0  9998
2 27901 066.4475 003.5987 6345857 050.1442 011.2162 02.01189036122759
0 COSMOS 1261 DEB
1 27901U 81031J   18201.98312795 +.00000515 +00000-0 +00000-0 0  9999
2 27901 066.4468 003.5633 6346003 050.1361 330.0071 02.01189691122751
0 COSMOS 1261 DEB
1 27901U 81031J   18206.44192235 +.00000385 +00000-0 +00000-0 0  9995
2 27901 066.4386 003.2042 6347551 050.0540 319.4785 02.01195568122841
0 COSMOS 1261 DEB
1 27901U 81031J   18208.48942459 +.00000291 +00000-0 +00000-0 0  9998
2 27901 066.4348 003.0395 6348280 050.0160 002.4979 02.01197705122889
0 COSMOS 1261 DEB
1 27901U 81031J   18210.46699633 +.00000206 +00000-0 +00000-0 0  9998
2 27901 066.4310 002.8806 6348981 049.9795 354.8796 02.01199431122936
0 COSMOS 1261 DEB
1 27901U 81031J   18211.46555161  .00000170  00000-0  00000+0 0  9995
2 27901  66.4290   2.8002 6349329  49.9612 358.1511  2.01200183122946
0 COSMOS 1261 DEB
1 27901U 81031J   18214.44415965  .00000084  00000-0  00000+0 0  9997
2 27901  66.4230   2.5600 6350366  49.9061 355.6245  2.01201909123003
0 COSMOS 1261 DEB
1 27901U 81031J   18215.89598394 +.00000048 +00000-0 +00000-0 0  9996
2 27901 066.4201 002.4428 6350912 049.8791 327.2199 02.01202470123034
0 COSMOS 1261 DEB
1 27901U 81031J   18216.43233628 +.00000034 +00000-0 +00000-0 0  9998
2 27901 066.4188 002.3994 6351112 049.8693 355.7151 02.01202632123055
0 COSMOS 1261 DEB
1 27901U 81031J   18218.42010105 -.00000027  00000-0  00000+0 0  9994
2 27901  66.4141   2.2387 6351864  49.8329 355.5118  2.01203034123080
0 COSMOS 1261 DEB
1 27901U 81031J   18219.41675764 -.00000068 +00000-0 +00000-0 0  9998
2 27901 066.4117 002.1579 6352232 049.8148 357.4204 02.01203118123118
0 COSMOS 1261 DEB
1 27901U 81031J   18220.41106799 -.00000116 +00000-0 +00000-0 0  9991
2 27901 066.4094 002.0777 6352528 049.7980 357.6296 02.01203150123133
0 COSMOS 1261 DEB
1 27901U 81031J   18222.39898859 -.00000227  00000-0  00000+0 0  9997
2 27901  66.4046   1.9168 6353237  49.7616 357.5415  2.01202968123167
0 COSMOS 1261 DEB
1 27901U 81031J   18223.39139500 -.00000284 +00000-0 +00000-0 0  9993
2 27901 066.4022 001.8364 6353589 049.7437 356.3711 02.01202763123191
0 COSMOS 1261 DEB
1 27901U 81031J   18224.38406876 -.00000335 +00000-0 +00000-0 0  9993
2 27901 066.3998 001.7560 6353950 049.7254 355.3934 02.01202482123215
0 COSMOS 1261 DEB
1 27901U 81031J   18225.37920515 -.00000379 +00000-0 +00000-0 0  9992
2 27901 066.3978 001.6759 6354258 049.7078 356.1979 02.01202129123225
0 COSMOS 1261 DEB
1 27901U 81031J   18226.37318382 -.00000412 +00000-0 +00000-0 0  9994
2 27901 066.3954 001.5954 6354627 049.6898 356.1626 02.01201701123251
0 COSMOS 1261 DEB
1 27901U 81031J   18227.36740920 -.00000437 +00000-0 +00000-0 0  9998
2 27901 066.3929 001.5151 6355000 049.6718 356.3041 02.01201199123275
0 COSMOS 1261 DEB
1 27901U 81031J   18227.83476064 -.00000446  00000-0  00000+0 0  9994
2 27901  66.3918   1.4773 6355181  49.6632 334.8172  2.01200933123278
0 COSMOS 1261 DEB
1 27901U 81031J   18228.36108870 -.00000455 +00000-0 +00000-0 0  9991
2 27901 066.3904 001.4346 6355380 049.6537 356.0480 02.01200618123294
0 COSMOS 1261 DEB
1 27901U 81031J   18229.35506442 -.00000471 +00000-0 +00000-0 0  9996
2 27901 066.3878 001.3539 6355757 049.6359 356.0041 02.01199964123314
0 COSMOS 1261 DEB
1 27901U 81031J   18230.34844700 -.00000489  00000-0  00000+0 0  9997
2 27901  66.3851   1.2734 6356126  49.6181 355.5279  2.01199231123320
0 COSMOS 1261 DEB
1 27901U 81031J   18231.34256358 -.00000511 +00000-0 +00000-0 0  9991
2 27901 066.3825 001.1927 6356487 049.6003 355.5805 02.01198413123356
0 COSMOS 1261 DEB
1 27901U 81031J   18232.33815551 -.00000539 +00000-0 +00000-0 0  9997
2 27901 066.3798 001.1117 6356843 049.5826 356.6988 02.01197513123370
0 COSMOS 1261 DEB
1 27901U 81031J   18235.31950199 -.00000642  00000-0  00000+0 0  9990
2 27901  66.3718   0.8700 6357899  49.5288 356.1002  2.01194320123421
0 COSMOS 1261 DEB
1 27901U 81031J   18236.31294240 -.00000676 +00000-0 +00000-0 0  9997
2 27901 066.3692 000.7895 6358257 049.5110 355.6453 02.01193111123453
0 COSMOS 1261 DEB
1 27901U 81031J   18240.25142731 -.00000756  00000-0  00000+0 0  9990
2 27901  66.3581   0.4705 6359637  49.4406 328.2291  2.01187725123525
0 COSMOS 1261 DEB
1 27901U 81031J   18243.24598750 -.00000772  00000-0  00000+0 0  9996
2 27901  66.3498   0.2274 6360661  49.3879 337.0897  2.01183087123586
0 COSMOS 1261 DEB
1 27901U 81031J   18243.74077917 -.00000774 +00000-0 +00000-0 0  9991
2 27901 066.3483 000.1872 6360840 049.3793 335.4464 02.01182296123591
0 COSMOS 1261 DEB
1 27901U 81031J   18247.22226065 -.00000820  00000-0  00000+0 0  9999
2 27901  66.3381 359.9041 6362053  49.3187 336.8940  2.01176456123669
0 COSMOS 1261 DEB
1 27901U 81031J   18247.71138101 -.00000832 +00000-0 +00000-0 0  9990
2 27901 066.3367 359.8642 6362235 049.3106 331.1315 02.01175621123670
0 COSMOS 1261 DEB
1 27901U 81031J   18248.24177514 -.00000847 +00000-0 +00000-0 0  9996
2 27901 066.3351 359.8210 6362416 049.3017 355.2592 02.01174714123694
0 COSMOS 1261 DEB
1 27901U 81031J   18250.70500252 -.00000923  00000-0  00000+0 0  9993
2 27901  66.3280 359.6201 6363256  49.2597 339.1815  2.01170461123737
0 COSMOS 1261 DEB
1 27901U 81031J   18250.70500252 -.00000923 +00000-0 +00000-0 0  9994
2 27901 066.3280 359.6201 6363256 049.2597 339.1815 02.01170461123737
0 COSMOS 1261 DEB
1 27901U 81031J   18251.19621897 -.00000936 +00000-0 +00000-0 0  9991
2 27901 066.3266 359.5801 6363418 049.2509 334.9263 02.01169599123740
0 COSMOS 1261 DEB
1 27901U 81031J   18251.69141573 -.00000947 +00000-0 +00000-0 0  9996
2 27901 066.3252 359.5398 6363587 049.2423 333.5523 02.01168732123751
0 COSMOS 1261 DEB
1 27901U 81031J   18252.22826069 -.00000957 +00000-0 +00000-0 0  9997
2 27901 066.3236 359.4960 6363765 049.2330 002.3385 02.01167795123779
0 COSMOS 1261 DEB
1 27901U 81031J   18253.22214557 -.00000967  00000-0  00000+0 0  9991
2 27901  66.3207 359.4151 6364113  49.2159   2.1108  2.01166051123782
0 COSMOS 1261 DEB
1 27901U 81031J   18254.21652057 -.00000968 +00000-0 +00000-0 0  9994
2 27901 066.3177 359.3342 6364460 049.1984 002.2319 02.01164303123816
0 COSMOS 1261 DEB
1 27901U 81031J   18255.21049280 -.00000962 +00000-0 +00000-0 0  9997
2 27901 066.3147 359.2532 6364816 049.1813 002.0546 02.01162548123830
0 COSMOS 1261 DEB
1 27901U 81031J   18256.20461022 -.00000952  00000-0  00000+0 0  9997
2 27901  66.3117 359.1722 6365171  49.1643   1.9760  2.01160788123844
0 COSMOS 1261 DEB
1 27901U 81031J   18257.19867708 -.00000942 +00000-0 +00000-0 0  9997
2 27901 066.3086 359.0912 6365519 049.1474 001.8543 02.01159021123876
0 COSMOS 1261 DEB
1 27901U 81031J   18258.19299042 -.00000936 +00000-0 +00000-0 0  9991
2 27901 066.3056 359.0101 6365865 049.1306 001.9047 02.01157248123892
0 COSMOS 1261 DEB
1 27901U 81031J   18258.66080230 -.00000935  00000-0  00000+0 0  9998
2 27901  66.3041 358.9719 6366028  49.1227 340.6772  2.01156411123892
0 COSMOS 1261 DEB
1 27901U 81031J   18259.18724337 -.00000936 +00000-0 +00000-0 0  9991
2 27901 066.3025 358.9289 6366198 049.1138 001.9049 02.01155466123911
0 COSMOS 1261 DEB
1 27901U 81031J   18260.18144749 -.00000940 +00000-0 +00000-0 0  9991
2 27901 066.2995 358.8477 6366521 049.0970 001.8635 02.01153673123937
0 COSMOS 1261 DEB
1 27901U 81031J   18261.17544676 -.00000949  00000-0  00000+0 0  9992
2 27901  66.2965 358.7667 6366843  49.0799   1.6675  2.01151873123943
0 COSMOS 1261 DEB
1 27901U 81031J   18262.16990271 -.00000959 +00000-0 +00000-0 0  9990
2 27901 066.2935 358.6857 6367165 049.0628 001.7958 02.01150060123974
0 COSMOS 1261 DEB
1 27901U 81031J   18262.63430116 -.00000963 +00000-0 +00000-0 0  9994
2 27901 066.2922 358.6479 6367316 049.0550 338.0845 02.01149216123974
0 COSMOS 1261 DEB
1 27901U 81031J   18265.15231073 -.00000972 +00000-0 +00000-0 0  9995
2 27901 066.2849 358.4426 6368145 049.0124 001.4466 02.01144635124027
0 COSMOS 1261 DEB
1 27901U 81031J   18266.14655137 -.00000965 +00000-0 +00000-0 0  9998
2 27901 066.2820 358.3615 6368461 048.9957 001.3931 02.01142846124059
0 COSMOS 1261 DEB
1 27901U 81031J   18266.61010786 -.00000960 +00000-0 +00000-0 0  9990
2 27901 066.2807 358.3238 6368609 048.9880 337.0601 02.01142017124057
0 COSMOS 1261 DEB
1 27901U 81031J   18267.14074587 -.00000953 +00000-0 +00000-0 0  9990
2 27901 066.2791 358.2804 6368766 048.9791 001.2997 02.01141060124079
0 COSMOS 1261 DEB
1 27901U 81031J   18268.13528338 -.00000936 +00000-0 +00000-0 0  9999
2 27901 066.2762 358.1993 6369062 048.9623 001.4487 02.01139295124083
0 COSMOS 1261 DEB
1 27901U 81031J   18269.12963431 -.00000916 +00000-0 +00000-0 0  9994
2 27901 066.2732 358.1183 6369359 048.9454 001.4564 02.01137539124111
0 COSMOS 1261 DEB
1 27901U 81031J   18270.59263332 -.00000886  00000-0  00000+0 0  9995
2 27901  66.2686 357.9995 6369803  48.9204 340.8002  2.01134977124136
0 COSMOS 1261 DEB
1 27901U 81031J   18271.11788378 -.00000876 +00000-0 +00000-0 0  9996
2 27901 066.2670 357.9566 6369962 048.9115 001.1259 02.01134072124159
0 COSMOS 1261 DEB
1 27901U 81031J   18272.11224611 -.00000859 +00000-0 +00000-0 0  9993
2 27901 066.2640 357.8755 6370271 048.8948 001.1237 02.01132371124171
0 COSMOS 1261 DEB
1 27901U 81031J   18273.10653247 -.00000848  00000-0  00000+0 0  9991
2 27901  66.2593 357.7955 6370564  48.8770   1.0604  2.01130696124183
0 COSMOS 1261 DEB
1 27901U 81031J   18274.10069376 -.00000843 +00000-0 +00000-0 0  9992
2 27901 066.2566 357.7140 6370872 048.8606 000.9007 02.01129054124214
0 COSMOS 1261 DEB
1 27901U 81031J   18275.09495769 -.00000846 +00000-0 +00000-0 0  9993
2 27901 066.2533 357.6330 6371171 048.8439 000.8097 02.01127448124230
0 COSMOS 1261 DEB
1 27901U 81031J   18276.08953124 -.00000853  00000-0  00000+0 0  9994
2 27901  66.2506 357.5514 6371471  48.8275   0.9371  2.01125879124247
0 COSMOS 1261 DEB
1 27901U 81031J   18277.08383736 -.00000863 +00000-0 +00000-0 0  9993
2 27901 066.2483 357.4697 6371779 048.8113 000.8655 02.01124351124275
0 COSMOS 1261 DEB
1 27901U 81031J   18279.07286525 -.00000872  00000-0  00000+0 0  9991
2 27901  66.2423 357.3071 6372376  48.7780   1.0070  2.01121408124305
0 COSMOS 1261 DEB
1 27901U 81031J   18282.05559556 -.00000826  00000-0  00000+0 0  9999
2 27901  66.2352 357.0636 6373228  48.7273   0.5922  2.01117195124368
0 COSMOS 1261 DEB
1 27901U 81031J   18283.05017935 -.00000798 +00000-0 +00000-0 0  9999
2 27901 066.2322 356.9822 6373541 048.7108 000.6909 02.01115879124391
0 COSMOS 1261 DEB
1 27901U 81031J   18284.04431650 -.00000769 +00000-0 +00000-0 0  9991
2 27901 066.2289 356.9009 6373860 048.6943 000.4613 02.01114594124416
0 COSMOS 1261 DEB
1 27901U 81031J   18290.01826317 -.00000683  00000-0  00000+0 0  9997
2 27901  66.2142 356.4095 6375668  48.5956   5.5932  2.01107415124521
0 COSMOS 1261 DEB
1 27901U 81031J   18291.50678319 -.00000665 +00000-0 +00000-0 0  9990
2 27901 066.2102 356.2873 6376132 048.5707 003.2573 02.01105770124562
0 COSMOS 1261 DEB
1 27901U 81031J   18299.48812258 -.00000414  00000-0  00000+0 0  9998
2 27901  66.1883 355.6320 6378392  48.4393  21.4798  2.01098328124715
0 COSMOS 1261 DEB
1 27901U 81031J   18299.95749348 -.00000401 +00000-0 +00000-0 0  9996
2 27901 066.1871 355.5935 6378524 048.4315 001.2825 02.01097968124732
0 COSMOS 1261 DEB
1 27901U 81031J   18301.46392657 -.00000369 +00000-0 +00000-0 0  9996
2 27901 066.1832 355.4698 6378949 048.4068 011.8665 02.01096897124762
0 COSMOS 1261 DEB
1 27901U 81031J   18301.94638250 -.00000362  00000-0  00000+0 0  9993
2 27901  66.1820 355.4302 6379085  48.3990   1.1397  2.01096575124763
0 COSMOS 1261 DEB
1 27901U 81031J   18302.94085000 -.00000352 +00000-0 +00000-0 0  9993
2 27901 066.1794 355.3484 6379363 048.3827 001.0816 02.01095964124790
0 COSMOS 1261 DEB
1 27901U 81031J   18304.92999044 -.00000339 +00000-0 +00000-0 0  9990
2 27901 066.1744 355.1847 6379920 048.3501 001.1079 02.01094909124839
0 COSMOS 1261 DEB
1 27901U 81031J   18304.92999044 -.00000339  00000-0  00000+0 0  9999
2 27901  66.1744 355.1847 6379920  48.3501   1.1079  2.01094909124828
0 COSMOS 1261 DEB
1 27901U 81031J   18305.92438344 -.00000329 +00000-0 +00000-0 0  9991
2 27901 066.1719 355.1028 6380203 048.3338 000.9906 02.01094484124852
0 COSMOS 1261 DEB
1 27901U 81031J   18306.91885222 -.00000311 +00000-0 +00000-0 0  9993
2 27901 066.1695 355.0209 6380490 048.3175 000.9260 02.01094095124875
0 COSMOS 1261 DEB
1 27901U 81031J   18307.91354390 -.00000284 +00000-0 +00000-0 0  9990
2 27901 066.1670 354.9390 6380784 048.3012 001.0217 02.01093770124898
0 COSMOS 1261 DEB
1 27901U 81031J   18307.91354390 -.00000284  00000-0  00000+0 0  9999
2 27901  66.1670 354.9390 6380784  48.3012   1.0217  2.01093770124887
0 COSMOS 1261 DEB
1 27901U 81031J   18308.90799084 -.00000249 +00000-0 +00000-0 0  9994
2 27901 066.1646 354.8571 6381081 048.2849 000.9388 02.01093495124913
0 COSMOS 1261 DEB
1 27901U 81031J   18309.90208064 -.00000209 +00000-0 +00000-0 0  9994
2 27901 066.1621 354.7752 6381383 048.2687 000.5966 02.01093283124936
0 COSMOS 1261 DEB
1 27901U 81031J   18310.41569148 -.00000188  00000-0  00000+0 0  9990
2 27901  66.1609 354.7329 6381537  48.2603  12.4177  2.01093188124931
0 COSMOS 1261 DEB
1 27901U 81031J   18310.89672671 -.00000168 +00000-0 +00000-0 0  9997
2 27901 066.1597 354.6933 6381681 048.2525 000.6561 02.01093114124957
0 COSMOS 1261 DEB
1 27901U 81031J   18311.41065889 -.00000147 +00000-0 +00000-0 0  9990
2 27901 066.1584 354.6509 6381835 048.2442 012.7095 02.01093049124965
0 COSMOS 1261 DEB
1 27901U 81031J   18312.40480469 -.00000110 +00000-0 +00000-0 0  9995
2 27901 066.1560 354.5690 6382128 048.2281 012.4055 02.01092935124984
0 COSMOS 1261 DEB
1 27901U 81031J   18312.88582616 -.00000094  00000-0  00000+0 0  9994
2 27901  66.1549 354.5291 6382265  48.2203   0.6336  2.01092911124989
0 COSMOS 1261 DEB
1 27901U 81031J   18312.88582616 -.00000094 +00000-0 +00000-0 0  9995
2 27901 066.1549 354.5291 6382265 048.2203 000.6336 02.01092911124990
0 COSMOS 1261 DEB
1 27901U 81031J   18313.88022814 -.00000066 +00000-0 +00000-0 0  9994
2 27901 066.1525 354.4471 6382552 048.2041 000.5150 02.01092881125015
0 COSMOS 1261 DEB
1 27901U 81031J   18314.87492111 -.00000043 +00000-0 +00000-0 0  9990
2 27901 066.1501 354.3651 6382837 048.1879 000.6072 02.01092897125035
0 COSMOS 1261 DEB
1 27901U 81031J   18315.38948208 -.00000033  00000-0  00000+0 0  9998
2 27901  66.1489 354.3226 6382986  48.1794  13.1154  2.01092917125032
0 COSMOS 1261 DEB
1 27901U 81031J   18315.86944000 -.00000024 +00000-0 +00000-0 0  9998
2 27901 066.1478 354.2830 6383121 048.1715 000.5736 02.01092955125055
0 COSMOS 1261 DEB
1 27901U 81031J   18316.86406781 -.00000005 +00000-0 +00000-0 0  9997
2 27901 066.1455 354.2011 6383407 048.1552 000.6186 02.01093032125076
0 COSMOS 1261 DEB
1 27901U 81031J   18317.85866569  .00000015  00000-0  00000+0 0  9990
2 27901  66.1433 354.1190 6383693  48.1390   0.6427  2.01093171125089
0 COSMOS 1261 DEB
1 27901U 81031J   18318.85291288 +.00000040 +00000-0 +00000-0 0  9990
2 27901 066.1410 354.0370 6383982 048.1228 000.4134 02.01093353125113
0 COSMOS 1261 DEB
1 27901U 81031J   18319.84757694 +.00000070 +00000-0 +00000-0 0  9991
2 27901 066.1388 353.9550 6384273 048.1066 000.4867 02.01093592125139
0 COSMOS 1261 DEB
1 27901U 81031J   18320.84197442  .00000106  00000-0  00000+0 0  9991
2 27901  66.1367 353.8728 6384557  48.0907   0.3679  2.01093877125147
0 COSMOS 1261 DEB
1 27901U 81031J   18321.35479295 +.00000127 +00000-0 +00000-0 0  9991
2 27901 066.1354 353.8306 6384709 048.0823 011.6168 02.01094051125166
0 COSMOS 1261 DEB
1 27901U 81031J   18322.34979656 +.00000170 +00000-0 +00000-0 0  9995
2 27901 066.1332 353.7485 6384992 048.0662 011.9378 02.01094378125184
0 COSMOS 1261 DEB
1 27901U 81031J   18330.28059211  .00000441  00000-0  00000+0 0  9993
2 27901  66.1160 353.0938 6387287  47.9377 353.4177  2.01099174125337
0 COSMOS 1261 DEB
1 27901U 81031J   18330.78506885 +.00000446 +00000-0 +00000-0 0  9998
2 27901 066.1150 353.0521 6387438 047.9293 358.6381 02.01099615125355
0 COSMOS 1261 DEB
1 27901U 81031J   18331.77933145 +.00000456 +00000-0 +00000-0 0  9992
2 27901 066.1128 352.9698 6387728 047.9134 358.4450 02.01100517125370
0 COSMOS 1261 DEB
1 27901U 81031J   18335.24706812  .00000524  00000-0  00000+0 0  9992
2 27901  66.1057 352.6828 6388792  47.8573 348.9774  2.01104171125431
0 COSMOS 1261 DEB
1 27901U 81031J   18343.22870966  .00000747  00000-0  00000+0 0  9998
2 27901  66.0895 352.0214 6391263  47.7278   7.6346  2.01115042125591
0 COSMOS 1261 DEB
1 27901U 81031J   18343.71546271 +.00000752 +00000-0 +00000-0 0  9998
2 27901 066.0885 351.9811 6391427 047.7204 000.0508 02.01115777125617
0 COSMOS 1261 DEB
1 27901U 81031J   18344.21749394 +.00000757 +00000-0 +00000-0 0  9990
2 27901 066.0875 351.9395 6391581 047.7124 003.5306 02.01116570125622
0 COSMOS 1261 DEB
1 27901U 81031J   18353.17242990  .00000966  00000-0  00000+0 0  9996
2 27901  66.0702 351.1969 6394417  47.5681   7.3164  2.01131837125792
0 COSMOS 1261 DEB
1 27901U 81031J   18354.16020622 +.00000983 +00000-0 +00000-0 0  9992
2 27901 066.0682 351.1146 6394715 047.5525 002.5440 02.01133689125829
0 COSMOS 1261 DEB
1 27901U 81031J   18354.66119369 +.00000988 +00000-0 +00000-0 0  9999
2 27901 066.0671 351.0729 6394860 047.5444 005.3006 02.01134626125836
0 COSMOS 1261 DEB
1 27901U 81031J   18358.13774198  .00000974  00000-0  00000+0 0  9996
2 27901  66.0604 350.7851 6396061  47.4820   2.6599  2.01141365125897
0 COSMOS 1261 DEB
1 27901U 81031J   18364.10346604  .00000938  00000-0  00000+0 0  9997
2 27901  66.0486 350.2883 6398092  47.3852   2.6262  2.01153571126019
0 COSMOS 1261 DEB
1 27901U 81031J   18365.61605432 +.00000945 +00000-0 +00000-0 0  9990
2 27901 066.0451 350.1606 6398533 047.3653 017.9792 02.01156724126056
0 COSMOS 1261 DEB
1 27901U 81031J   19007.62899687  .00000811  00000-0  00000+0 0  9993
2 27901  66.0306 349.5752 6400885  47.2515  56.6790  2.01170791126181
0 COSMOS 1261 DEB
1 27901U 81031J   19008.04897796 +.00000801 +00000-0 +00000-0 0  9999
2 27901 066.0298 349.5402 6401019 047.2442 000.8368 02.01171599126204
0 COSMOS 1261 DEB
1 27901U 81031J   19013.03015823  .00000728  00000-0  00000+0 0  9994
2 27901  66.0196 349.1241 6402678  47.1626   8.3761  2.01180509126293
0 COSMOS 1261 DEB
1 27901U 81031J   19020.50284565  .00000492  00000-0  00000+0 0  9993
2 27901  66.0020 348.4978 6405350  47.0393  20.6267  2.01191605126442
0 COSMOS 1261 DEB
1 27901U 81031J   19021.48793830 +.00000440 +00000-0 +00000-0 0  9995
2 27901 065.9995 348.4149 6405684 047.0227 014.1225 02.01192864126470
0 COSMOS 1261 DEB
1 27901U 81031J   19025.93858490  .00000258  00000-0  00000+0 0  9999
2 27901  65.9883 348.0409 6407377  46.9486 357.7419  2.01197688126556
0 COSMOS 1261 DEB
1 27901U 81031J   19025.93858490 +.00000258 +00000-0 +00000-0 0  9990
2 27901 065.9883 348.0409 6407377 046.9486 357.7419 02.01197688126567
0 COSMOS 1261 DEB
1 27901U 81031J   19027.00444137 +.00000228 +00000-0 +00000-0 0  9996
2 27901 065.9855 347.9511 6407785 046.9316 049.7556 02.01198651126586
0 COSMOS 1261 DEB
1 27901U 81031J   19027.92624399 +.00000201 +00000-0 +00000-0 0  9998
2 27901 065.9832 347.8743 6407946 046.9181 357.4329 02.01199358126601
0 COSMOS 1261 DEB
1 27901U 81031J   19028.52591223  .00000181  00000-0  00000+0 0  9990
2 27901  65.9813 347.8230 6408322  46.9070  71.7829  2.01199882126600
0 COSMOS 1261 DEB
1 27901U 81031J   19028.92025316 +.00000167 +00000-0 +00000-0 0  9994
2 27901 065.9803 347.7900 6408434 046.9007 357.4119 02.01200138126621
0 COSMOS 1261 DEB
1 27901U 81031J   19029.91426897 +.00000128 +00000-0 +00000-0 0  9990
2 27901 065.9776 347.7062 6408784 046.8843 357.3987 02.01200788126649
0 COSMOS 1261 DEB
1 27901U 81031J   19029.95623053 +.00000126 +00000-0 +00000-0 0  9995
2 27901 065.9774 347.7027 6408811 046.8837 027.7923 02.01200818126644
0 COSMOS 1261 DEB
1 27901U 81031J   19031.90228167  .00000032  00000-0  00000+0 0  9995
2 27901  65.9721 347.5392 6409357  46.8534 357.3644  2.01201775126677
0 COSMOS 1261 DEB
1 27901U 81031J   19032.89481204 -.00000021 +00000-0 +00000-0 0  9997
2 27901 065.9694 347.4557 6409713 046.8369 356.2809 02.01202148126700
0 COSMOS 1261 DEB
1 27901U 81031J   19033.46536115 -.00000051 +00000-0 +00000-0 0  9996
2 27901 065.9678 347.4076 6409925 046.8274 049.5454 02.01202324126713
0 COSMOS 1261 DEB
1 27901U 81031J   19034.43489595 -.00000099  00000-0  00000+0 0  9994
2 27901  65.9652 347.3260 6410278  46.8113  31.8071  2.01202541126725
0 COSMOS 1261 DEB
1 27901U 81031J   19035.87805118 -.00000161 +00000-0 +00000-0 0  9997
2 27901 065.9612 347.2045 6410794 046.7876 357.1266 02.01202718126769
0 COSMOS 1261 DEB
1 27901U 81031J   19036.87199479 -.00000196  00000-0  00000+0 0  9991
2 27901  65.9584 347.1208 6411144  46.7714 357.0693  2.01202735126771
0 COSMOS 1261 DEB
1 27901U 81031J   19037.86595368 -.00000225 +00000-0 +00000-0 0  9992
2 27901 065.9556 347.0370 6411487 046.7553 357.0231 02.01202666126805
0 COSMOS 1261 DEB
1 27901U 81031J   19037.95518955 -.00000227 +00000-0 +00000-0 0  9991
2 27901 065.9552 347.0294 6411515 046.7538 061.6592 02.01202657126809
0 COSMOS 1261 DEB
1 27901U 81031J   19039.44733823 -.00000262  00000-0  00000+0 0  9998
2 27901  65.9510 346.9036 6412020  46.7294  62.4659  2.01202362126824
0 COSMOS 1261 DEB
1 27901U 81031J   19039.85271753 -.00000270 +00000-0 +00000-0 0  9992
2 27901 065.9499 346.8696 6412166 046.7228 356.0935 02.01202245126840
0 COSMOS 1261 DEB
1 27901U 81031J   19040.84784559 -.00000290 +00000-0 +00000-0 0  9998
2 27901 065.9470 346.7856 6412521 046.7065 356.8922 02.01201900126863
0 COSMOS 1261 DEB
1 27901U 81031J   19041.84262443 -.00000312  00000-0  00000+0 0  9996
2 27901  65.9439 346.7017 6412883  46.6902 357.4365  2.01201464126871
0 COSMOS 1261 DEB
1 27901U 81031J   19041.91621175 -.00000314 +00000-0 +00000-0 0  9998
2 27901 065.9437 346.6953 6412901 046.6891 050.7377 02.01201427126881
0 COSMOS 1261 DEB
1 27901U 81031J   19043.90365851 -.00000367 +00000-0 +00000-0 0  9993
2 27901 065.9378 346.5274 6413623 046.6569 050.2923 02.01200313126924
0 COSMOS 1261 DEB
1 27901U 81031J   19043.90365851 -.00000367  00000-0  00000+0 0  9992
2 27901  65.9378 346.5274 6413623  46.6569  50.2923  2.01200313126913
0 COSMOS 1261 DEB
1 27901U 81031J   19044.82367115 -.00000399 +00000-0 +00000-0 0  9995
2 27901 065.9349 346.4496 6413961 046.6421 356.6762 02.01199702126944
0 COSMOS 1261 DEB
1 27901U 81031J   19045.81757078 -.00000439 +00000-0 +00000-0 0  9991
2 27901 065.9317 346.3655 6414313 046.6261 356.5760 02.01198975126969
0 COSMOS 1261 DEB
1 27901U 81031J   19046.39768875 -.00000464  00000-0  00000+0 0  9999
2 27901  65.9297 346.3163 6414506  46.6168  56.7651  2.01198516126969
0 COSMOS 1261 DEB
1 27901U 81031J   19046.81162359 -.00000483 +00000-0 +00000-0 0  9993
2 27901 065.9284 346.2814 6414665 046.6101 356.5841 02.01198187126988
0 COSMOS 1261 DEB
1 27901U 81031J   19047.89075476 -.00000533 +00000-0 +00000-0 0  9991
2 27901 065.9248 346.1899 6415038 046.5928 058.2130 02.01197264127007
0 COSMOS 1261 DEB
1 27901U 81031J   19048.79939396 -.00000574  00000-0  00000+0 0  9995
2 27901  65.9219 346.1130 6415377  46.5782 356.3489  2.01196436127017
0 COSMOS 1261 DEB
1 27901U 81031J   19049.79334587 -.00000616 +00000-0 +00000-0 0  9995
2 27901 065.9186 346.0288 6415743 046.5622 356.2748 02.01195476127046
0 COSMOS 1261 DEB
1 27901U 81031J   19050.78736906 -.00000650 +00000-0 +00000-0 0  9995
2 27901 065.9153 345.9446 6416111 046.5462 356.2487 02.01194453127062
0 COSMOS 1261 DEB
1 27901U 81031J   19052.77568907 -.00000696  00000-0  00000+0 0  9999
2 27901  65.9083 345.7760 6416867  46.5146 356.3832  2.01192262127092
0 COSMOS 1261 DEB
1 27901U 81031J   19053.77033935 -.00000710 +00000-0 +00000-0 0  9996
2 27901 065.9048 345.6916 6417242 046.4989 356.7991 02.01191083127121
0 COSMOS 1261 DEB
1 27901U 81031J   19054.76398223 -.00000722 +00000-0 +00000-0 0  9993
2 27901 065.9014 345.6073 6417612 046.4833 356.4811 02.01189861127148
0 COSMOS 1261 DEB
1 27901U 81031J   19055.75836779 -.00000737  00000-0  00000+0 0  9991
2 27901  65.8977 345.5228 6417980  46.4677 356.6965  2.01188591127152
0 COSMOS 1261 DEB
1 27901U 81031J   19057.34691868 -.00000770 +00000-0 +00000-0 0  9994
2 27901 065.8919 345.3877 6418543 046.4428 067.2453 02.01186446127194
0 COSMOS 1261 DEB
1 27901U 81031J   19065.25286786 -.00000925  00000-0  00000+0 0  9993
2 27901  65.8654 344.7164 6421299  46.3195  33.1316  2.01174121127348
0 COSMOS 1261 DEB
1 27901U 81031J   19065.92698252 -.00000922 +00000-0 +00000-0 0  9990
2 27901 065.8639 344.6591 6421514 046.3090 161.3431 02.01172973127365
0 COSMOS 1261 DEB
1 27901U 81031J   19066.24234051 -.00000920 +00000-0 +00000-0 0  9997
2 27901 065.8619 344.6321 6421622 046.3044 029.7322 02.01172448127377
0 COSMOS 1261 DEB
1 27901U 81031J   19074.30205073 -.00000930  00000-0  00000+0 0  9995
2 27901  65.8342 343.9460 6424319  46.1815 106.5463  2.01158127127521
0 COSMOS 1261 DEB
1 27901U 81031J   19080.62053833 -.00000959  00000-0  00000+0 0  9993
2 27901  65.8146 343.4080 6426290  46.0853   2.0859  2.01147094127651
0 COSMOS 1261 DEB
1 27901U 81031J   19081.61467118 -.00000946 +00000-0 +00000-0 0  9995
2 27901 065.8107 343.3229 6426636 046.0709 001.9654 02.01145430127682
0 COSMOS 1261 DEB
1 27901U 81031J   19082.68447580 -.00000933  00000-0  00000+0 0  9999
2 27901  65.8066 343.2313 6427008  46.0555  56.6339  2.01143634127694
0 COSMOS 1261 DEB
1 27901U 81031J   19084.24277142 -.00000923 +00000-0 +00000-0 0  9998
2 27901 065.8005 343.0980 6427534 046.0328 105.0168 02.01141042127732
0 COSMOS 1261 DEB
1 27901U 81031J   19086.16680750 -.00000928  00000-0  00000+0 0  9998
2 27901  65.7931 342.9331 6428170  46.0044  58.2178  2.01137885127762
0 COSMOS 1261 DEB
1 27901U 81031J   19088.65032360 -.00000938 +00000-0 +00000-0 0  9994
2 27901 065.7840 342.7208 6429018 045.9675 056.5074 02.01133851127813
0 COSMOS 1261 DEB
1 27901U 81031J   19089.65004959 -.00000934 +00000-0 +00000-0 0  9994
2 27901 065.7809 342.6354 6429358 045.9526 060.3892 02.01132262127840
0 COSMOS 1261 DEB
1 27901U 81031J   19090.56288991 -.00000925 +00000-0 +00000-0 0  9996
2 27901 065.7777 342.5576 6429644 045.9391 001.3538 02.01130821127860
0 COSMOS 1261 DEB
1 27901U 81031J   19091.55766317 -.00000908  00000-0  00000+0 0  9999
2 27901  65.7743 342.4726 6429948  45.9245   1.6384  2.01129276127879
0 COSMOS 1261 DEB
1 27901U 81031J   19091.55766317 -.00000908 +00000-0 +00000-0 0  9990
2 27901 065.7743 342.4726 6429948 045.9245 001.6384 02.01129276127879
0 COSMOS 1261 DEB
1 27901U 81031J   19099.51213450 -.00000718  00000-0  00000+0 0  9997
2 27901  65.7485 341.7928 6432295  45.8079   1.0371  2.01117690128037
0 COSMOS 1261 DEB
1 27901U 81031J   19103.91027375 -.00000696 +00000-0 +00000-0 0  9992
2 27901 065.7352 341.4164 6433587 045.7437 305.3579 02.01112206128129
0 COSMOS 1261 DEB
1 27901U 81031J   19103.91027375 -.00000696  00000-0  00000+0 0  9991
2 27901  65.7352 341.4164 6433587  45.7437 305.3579  2.01112206128129
0 COSMOS 1261 DEB
1 27901U 81031J   19105.47846692 -.00000676 +00000-0 +00000-0 0  9994
2 27901 065.7303 341.2819 6434083 045.7209 000.7330 02.01110417128166
0 COSMOS 1261 DEB
1 27901U 81031J   19106.47287082 -.00000655  00000-0  00000+0 0  9993
2 27901  65.7271 341.1967 6434400  45.7065   0.6790  2.01109366128177
0 COSMOS 1261 DEB
1 27901U 81031J   19107.46729207 -.00000628 +00000-0 +00000-0 0  9994
2 27901 065.7254 341.1126 6434652 045.6909 000.6331 02.01108253128209
0 COSMOS 1261 DEB
1 27901U 81031J   19108.46126497 -.00000599 +00000-0 +00000-0 0  9994
2 27901 065.7222 341.0273 6434963 045.6766 000.2593 02.01107265128222
0 COSMOS 1261 DEB
1 27901U 81031J   19109.45634527 -.00000570  00000-0  00000+0 0  9990
2 27901  65.7190 340.9419 6435276  45.6625   0.6838  2.01106320128236
0 COSMOS 1261 DEB
1 27901U 81031J   19110.45048003 -.00000544 +00000-0 +00000-0 0  9992
2 27901 065.7158 340.8564 6435577 045.6484 000.4202 02.01105407128268
0 COSMOS 1261 DEB
1 27901U 81031J   19111.88260709 -.00000517  00000-0  00000+0 0  9998
2 27901  65.7111 340.7338 6435998  45.6282 317.2497  2.01104160128280
0 COSMOS 1261 DEB
1 27901U 81031J   19112.68244299 -.00000506 +00000-0 +00000-0 0  9992
2 27901 065.7084 340.6647 6436245 045.6171 176.3108 02.01103499128304
0 COSMOS 1261 DEB
1 27901U 81031J   19113.43036822 -.00000498 +00000-0 +00000-0 0  9997
2 27901 065.7060 340.6004 6436466 045.6063 357.7888 02.01102888128323
0 COSMOS 1261 DEB
1 27901U 81031J   19117.41376458 -.00000438  00000-0  00000+0 0  9994
2 27901  65.6933 340.2580 6437728  45.5498   1.6323  2.01100055128399
0 COSMOS 1261 DEB
1 27901U 81031J   19117.89615729 -.00000425 +00000-0 +00000-0 0  9990
2 27901 065.6919 340.2165 6437871 045.5429 350.8656 02.01099746128409
0 COSMOS 1261 DEB
1 27901U 81031J   19118.40842029 -.00000409 +00000-0 +00000-0 0  9995
2 27901 065.6904 340.1725 6438027 045.5357 001.7232 02.01099426128427
0 COSMOS 1261 DEB
1 27901U 81031J   19121.39171744 -.00000290  00000-0  00000+0 0  9993
2 27901  65.6819 339.9164 6438880  45.4935   1.4981  2.01097767128472
0 COSMOS 1261 DEB
1 27901U 81031J   19122.34481846 -.00000248 +00000-0 +00000-0 0  9990
2 27901 065.6791 339.8346 6439143 045.4802 331.4978 02.01097316128492
0 COSMOS 1261 DEB
1 27901U 81031J   19124.37491778 -.00000167  00000-0  00000+0 0  9999
2 27901  65.6734 339.6603 6439723  45.4514   1.1879  2.01096446128536
0 COSMOS 1261 DEB
1 27901U 81031J   19125.36950331 -.00000133 +00000-0 +00000-0 0  9998
2 27901 065.6706 339.5749 6440012 045.4374 001.2162 02.01096103128561
0 COSMOS 1261 DEB
1 27901U 81031J   19126.45306538 -.00000102  00000-0  00000+0 0  9998
2 27901  65.6676 339.4817 6440329  45.4221  65.6572  2.01095769128571
0 COSMOS 1261 DEB
1 27901U 81031J   19130.31831389 -.00000031  00000-0  00000+0 0  9996
2 27901  65.6567 339.1494 6441449  45.3680 343.8844  2.01095149128654
0 COSMOS 1261 DEB
1 27901U 81031J   19131.80086906 -.00000002 +00000-0 +00000-0 0  9997
2 27901 065.6527 339.0218 6441895 045.3473 337.1714 02.01095139128682
0 COSMOS 1261 DEB
1 27901U 81031J   19132.33114528  .00000012  00000-0  00000+0 0  9997
2 27901  65.6512 338.9761 6442060  45.3399   1.0618  2.01095168128692
0 COSMOS 1261 DEB
1 27901U 81031J   19138.75552160  .00000230  00000-0  00000+0 0  9999
2 27901  65.6334 338.4226 6444048  45.2511 331.9639  2.01096811128827
0 COSMOS 1261 DEB
1 27901U 81031J   19139.29277951 +.00000242 +00000-0 +00000-0 0  9995
2 27901 065.6320 338.3762 6444211 045.2437 000.9117 02.01097046128842
0 COSMOS 1261 DEB
1 27901U 81031J   19140.28720012 +.00000261 +00000-0 +00000-0 0  9998
2 27901 065.6294 338.2904 6444505 045.2300 000.8238 02.01097526128862
0 COSMOS 1261 DEB
1 27901U 81031J   19141.28182343  .00000277  00000-0  00000+0 0  9994
2 27901  65.6267 338.2047 6444800  45.2162   0.8844  2.01098054128875
0 COSMOS 1261 DEB
1 27901U 81031J   19142.27633459 +.00000294 +00000-0 +00000-0 0  9993
2 27901 065.6241 338.1190 6445100 045.2024 000.8656 02.01098619128908
0 COSMOS 1261 DEB
1 27901U 81031J   19143.27084410 +.00000314 +00000-0 +00000-0 0  9994
2 27901 065.6217 338.0333 6445399 045.1885 000.8477 02.01099238128924
0 COSMOS 1261 DEB
1 27901U 81031J   19144.26489687  .00000339  00000-0  00000+0 0  9995
2 27901  65.6192 337.9476 6445698  45.1748   0.5018  2.01099925128934
0 COSMOS 1261 DEB
1 27901U 81031J   19148.34040236  .00000500  00000-0  00000+0 0  9991
2 27901  65.6089 337.5961 6446904  45.1189  71.0299  2.01103215129016
0 COSMOS 1261 DEB
1 27901U 81031J   19154.28163587  .00000710  00000-0  00000+0 0  9999
2 27901  65.5941 337.0834 6448635  45.0376  52.3834  2.01109395129131
0 COSMOS 1261 DEB
1 27901U 81031J   19156.28169862 +.00000739 +00000-0 +00000-0 0  9995
2 27901 065.5891 336.9106 6449230 045.0103 060.4286 02.01111920129188
0 COSMOS 1261 DEB
1 27901U 81031J   19156.28169862  .00000739  00000-0  00000+0 0  9994
2 27901  65.5891 336.9106 6449230  45.0103  60.4286  2.01111920129177
0 COSMOS 1261 DEB
1 27901U 81031J   19161.30494213 +.00000822 +00000-0 +00000-0 0  9998
2 27901 065.5754 336.4763 6450853 044.9412 097.3439 02.01119269129277
0 COSMOS 1261 DEB
1 27901U 81031J   19162.13370625 +.00000844 +00000-0 +00000-0 0  9994
2 27901 065.5746 336.4049 6451094 044.9301 337.3962 02.01120589129297
0 COSMOS 1261 DEB
1 27901U 81031J   19169.27315510  .00000917  00000-0  00000+0 0  9998
2 27901  65.5559 335.7866 6453289  44.8328 106.7666  2.01133189129439
0 COSMOS 1261 DEB
1 27901U 81031J   19170.56509324 +.00000916 +00000-0 +00000-0 0  9990
2 27901 065.5533 335.6748 6453714 044.8145 322.2408 02.01135651129467
0 COSMOS 1261 DEB
1 27901U 81031J   19171.26356297 +.00000919 +00000-0 +00000-0 0  9990
2 27901 065.5515 335.6142 6453931 044.8048 107.9968 02.01136992129488
0 COSMOS 1261 DEB
1 27901U 81031J   19172.60200036  .00000930  00000-0  00000+0 0  9990
2 27901  65.5482 335.4985 6454351  44.7862 357.1576  2.01139568129503
0 COSMOS 1261 DEB
1 27901U 81031J   19175.58658052  .00000980  00000-0  00000+0 0  9990
2 27901  65.5411 335.2398 6455245  44.7449 358.3343  2.01145457129560
0 COSMOS 1261 DEB
1 27901U 81031J   19183.52679365  .00000965  00000-0  00000+0 0  9996
2 27901  65.5213 334.5498 6457669  44.6338 348.2689  2.01161325129722
0 COSMOS 1261 DEB
1 27901U 81031J   19184.01769356 +.00000953 +00000-0 +00000-0 0  9999
2 27901 065.5200 334.5070 6457813 044.6269 343.7710 02.01162313129732
0 COSMOS 1261 DEB
1 27901U 81031J   19185.01101295 +.00000928 +00000-0 +00000-0 0  9994
2 27901 065.5175 334.4205 6458128 044.6128 343.1227 02.01164303129756
0 COSMOS 1261 DEB
1 27901U 81031J   19188.51808796  .00000859  00000-0  00000+0 0  9994
2 27901  65.5082 334.1149 6459284  44.5632   2.9662  2.01171227129824
0 COSMOS 1261 DEB
1 27901U 81031J   19189.51228309 +.00000845 +00000-0 +00000-0 0  9997
2 27901 065.5054 334.0281 6459598 044.5492 002.9827 02.01173122129853
0 COSMOS 1261 DEB
1 27901U 81031J   19190.50645420 +.00000830 +00000-0 +00000-0 0  9999
2 27901 065.5026 333.9413 6459920 044.5352 002.9889 02.01175002129870
0 COSMOS 1261 DEB
1 27901U 81031J   19191.50060020  .00000810  00000-0  00000+0 0  9994
2 27901  65.4995 333.8549 6460196  44.5221   2.9844  2.01176804129888
0 COSMOS 1261 DEB
1 27901U 81031J   19193.48881909 +.00000751 +00000-0 +00000-0 0  9995
2 27901 065.4942 333.6810 6460792 044.4948 002.9406 02.01180378129937
0 COSMOS 1261 DEB
1 27901U 81031J   19194.48288057  .00000711  00000-0  00000+0 0  9996
2 27901  65.4914 333.5942 6461112  44.4805   2.8941  2.01182118129948
0 COSMOS 1261 DEB
1 27901U 81031J   19195.47693062 +.00000667 +00000-0 +00000-0 0  9993
2 27901 065.4886 333.5074 6461417 044.4663 002.8452 02.01183804129975
0 COSMOS 1261 DEB
1 27901U 81031J   19196.47096581 +.00000622 +00000-0 +00000-0 0  9998
2 27901 065.4860 333.4205 6461719 044.4523 002.7913 02.01185424129995
0 COSMOS 1261 DEB
1 27901U 81031J   19197.46498501  .00000580  00000-0  00000+0 0  9998
2 27901  65.4831 333.3337 6462032  44.4379   2.7315  2.01186994130009
0 COSMOS 1261 DEB
1 27901U 81031J   19199.45055774 +.00000509 +00000-0 +00000-0 0  9992
2 27901 065.4775 333.1602 6462651 044.4095 000.8433 02.01189996130051
0 COSMOS 1261 DEB
1 27901U 81031J   19200.44271993  .00000481  00000-0  00000+0 0  9995
2 27901  65.4748 333.0735 6462962  44.3953 359.4542  2.01191372130060
0 COSMOS 1261 DEB
1 27901U 81031J   19201.44186492 +.00000458 +00000-0 +00000-0 0  9990
2 27901 065.4720 332.9862 6463293 044.3807 003.1284 02.01192732130095
0 COSMOS 1261 DEB
1 27901U 81031J   19203.42296748  .00000416  00000-0  00000+0 0  9999
2 27901  65.4664 332.8128 6463879  44.3523 358.0405  2.01195147130125
0 COSMOS 1261 DEB
1 27901U 81031J   19204.41682105 +.00000393 +00000-0 +00000-0 0  9990
2 27901 065.4635 332.7257 6464189 044.3380 357.8948 02.01196244130152
0 COSMOS 1261 DEB
1 27901U 81031J   19209.38708556  .00000211  00000-0  00000+0 0  9998
2 27901  65.4478 332.2892 6465725  44.2674 357.9410  2.01200590130244
0 COSMOS 1261 DEB
1 27901U 81031J   19210.38678535 +.00000161 +00000-0 +00000-0 0  9998
2 27901 065.4445 332.2010 6466005 044.2539 002.0492 02.01201239130274
0 COSMOS 1261 DEB
1 27901U 81031J   19211.37508601 +.00000111 +00000-0 +00000-0 0  9999
2 27901 065.4420 332.1151 6466316 044.2405 357.9026 02.01201800130290
0 COSMOS 1261 DEB
1 27901U 81031J   19212.36778806  .00000060  00000-0  00000+0 0  9997
2 27901  65.4388 332.0278 6466633  44.2265 356.9460  2.01202283130307
0 COSMOS 1261 DEB
1 27901U 81031J   19213.36303444 +.00000013 +00000-0 +00000-0 0  9999
2 27901 065.4355 331.9400 6466949 044.2113 357.8342 02.01202687130338
0 COSMOS 1261 DEB
1 27901U 81031J   19214.35582681 -.00000029 +00000-0 +00000-0 0  9999
2 27901 065.4322 331.8526 6467274 044.1970 356.9460 02.01203015130351
0 COSMOS 1261 DEB
1 27901U 81031J   19215.84875212 -.00000085 +00000-0 +00000-0 0  9991
2 27901 065.4272 331.7210 6467765 044.1752 358.3219 02.01203345130384
0 COSMOS 1261 DEB
1 27901U 81031J   19216.34375557 -.00000101 +00000-0 +00000-0 0  9993
2 27901 065.4255 331.6774 6467930 044.1682 356.8699 02.01203416130390
0 COSMOS 1261 DEB
1 27901U 81031J   19218.33285524 -.00000168  00000-0  00000+0 0  9990
2 27901  65.4186 331.5019 6468581  44.1398 357.6433  2.01203488130429
0 COSMOS 1261 DEB
1 27901U 81031J   19219.32679755 -.00000206 +00000-0 +00000-0 0  9997
2 27901 065.4151 331.4142 6468898 044.1257 357.5897 02.01203392130452
0 COSMOS 1261 DEB
1 27901U 81031J   19220.32185146 -.00000249 +00000-0 +00000-0 0  9992
2 27901 065.4115 331.3263 6469204 044.1113 358.3409 02.01203211130478
0 COSMOS 1261 DEB
1 27901U 81031J   19221.31471453 -.00000296  00000-0  00000+0 0  9992
2 27901  65.4079 331.2386 6469514  44.0975 357.5046  2.01202949130487
0 COSMOS 1261 DEB
1 27901U 81031J   19222.30863265 -.00000346 +00000-0 +00000-0 0  9995
2 27901 065.4046 331.1512 6469821 044.0828 357.4313 02.01202592130513
0 COSMOS 1261 DEB
1 27901U 81031J   19224.29751833 -.00000443  00000-0  00000+0 0  9999
2 27901  65.3979 330.9758 6470451  44.0544 358.0401  2.01201611130541
0 COSMOS 1261 DEB
1 27901U 81031J   19225.29045590 -.00000484 +00000-0 +00000-0 0  9992
2 27901 065.3945 330.8881 6470770 044.0404 357.2511 02.01200995130579
0 COSMOS 1261 DEB
1 27901U 81031J   19226.28479329 -.00000518 +00000-0 +00000-0 0  9991
2 27901 065.3911 330.8004 6471084 044.0267 357.4738 02.01200308130598
0 COSMOS 1261 DEB
1 27901U 81031J   19227.27827583 -.00000544  00000-0  00000+0 0  9998
2 27901  65.3876 330.7126 6471392  44.0128 357.0745  2.01199533130603
0 COSMOS 1261 DEB
1 27901U 81031J   19228.27225970 -.00000563 +00000-0 +00000-0 0  9993
2 27901 065.3841 330.6248 6471689 043.9989 357.0355 02.01198686130639
0 COSMOS 1261 DEB
1 27901U 81031J   19229.26642191 -.00000578 +00000-0 +00000-0 0  9997
2 27901 065.3807 330.5370 6471981 043.9851 357.1228 02.01197762130655
0 COSMOS 1261 DEB
1 27901U 81031J   19230.26021792 -.00000590 +00000-0 +00000-0 0  9991
2 27901 065.3768 330.4487 6472277 043.9702 356.9415 02.01196753130668
0 COSMOS 1261 DEB
1 27901U 81031J   19231.25548156 -.00000602 +00000-0 +00000-0 0  9993
2 27901 065.3734 330.3609 6472577 043.9559 357.8195 02.01195671130695
0 COSMOS 1261 DEB
1 27901U 81031J   19232.72417036 -.00000622  00000-0  00000+0 0  9999
2 27901  65.3683 330.2308 6473031  43.9349 341.5963  2.01193934130712
0 COSMOS 1261 DEB
1 27901U 81031J   19233.24257244 -.00000631 +00000-0 +00000-0 0  9991
2 27901 065.3664 330.1848 6473187 043.9277 357.0743 02.01193287130732
0 COSMOS 1261 DEB
1 27901U 81031J   19234.23662554 -.00000649 +00000-0 +00000-0 0  9994
2 27901 065.3627 330.0968 6473498 043.9139 357.0630 02.01192004130758
0 COSMOS 1261 DEB
1 27901U 81031J   19235.23083653 -.00000672  00000-0  00000+0 0  9997
2 27901  65.3590 330.0087 6473806  43.9003 357.1615  2.01190672130766
0 COSMOS 1261 DEB
1 27901U 81031J   19236.70113795 -.00000710 +00000-0 +00000-0 0  9995
2 27901 065.3535 329.8784 6474256 043.8800 342.0799 02.01188617130794
0 COSMOS 1261 DEB
1 27901U 81031J   19237.21791310 -.00000725 +00000-0 +00000-0 0  9993
2 27901 065.3521 329.8320 6474387 043.8727 356.3699 02.01187868130815
0 COSMOS 1261 DEB
1 27901U 81031J   19238.21193528 -.00000753  00000-0  00000+0 0  9991
2 27901  65.3485 329.7438 6474692  43.8590 356.3172  2.01186407130825
0 COSMOS 1261 DEB
1 27901U 81031J   19239.20639473 -.00000780 +00000-0 +00000-0 0  9996
2 27901 065.3447 329.6556 6475004 043.8452 356.5758 02.01184900130859
0 COSMOS 1261 DEB
1 27901U 81031J   19244.17582176 -.00000852  00000-0  00000+0 0  9994
2 27901  65.3251 329.2148 6476662  43.7780 355.7063  2.01176920130942
0 COSMOS 1261 DEB
1 27901U 81031J   19253.13347010 -.00000978  00000-0  00000+0 0  9995
2 27901  65.2912 328.4185 6479487  43.6593   2.9444  2.01161311131129
0 COSMOS 1261 DEB
1 27901U 81031J   19262.58313948 -.00000876  00000-0  00000+0 0  9994
2 27901  65.2570 327.5776 6482380  43.5375   5.9507  2.01144344131319
0 COSMOS 1261 DEB
1 27901U 81031J   19265.06409500 -.00000876  00000-0  00000+0 0  9990
2 27901  65.2479 327.3568 6483098  43.5056   2.4489  2.01140064131368
0 COSMOS 1261 DEB
1 27901U 81031J   19269.04115255 -.00000863  00000-0  00000+0 0  9999
2 27901  65.2334 327.0024 6484332  43.4549   2.2204  2.01133480131446
0 COSMOS 1261 DEB
1 27901U 81031J   19271.02992628 -.00000835 +00000-0 +00000-0 0  9997
2 27901 065.2259 326.8269 6484987 043.4306 002.2483 02.01130353131497
0 COSMOS 1261 DEB
1 27901U 81031J   19273.01837858 -.00000805  00000-0  00000+0 0  9997
2 27901  65.2183 326.6490 6485633  43.4060   2.0214  2.01127333131521
0 COSMOS 1261 DEB
1 27901U 81031J   19276.99572728 -.00000793  00000-0  00000+0 0  9995
2 27901  65.2040 326.2943 6486840  43.3605   1.8254  2.01121609131607
0 COSMOS 1261 DEB
1 27901U 81031J   19278.49727971 -.00000792 +00000-0 +00000-0 0  9994
2 27901 065.1980 326.1575 6487359 043.3368 009.0064 02.01119541131646
0 COSMOS 1261 DEB
1 27901U 81031J   19279.50518562 -.00000785  00000-0  00000+0 0  9992
2 27901  65.1944 326.0668 6487685  43.3245  18.7617  2.01118188131652
0 COSMOS 1261 DEB
1 27901U 81031J   19280.49962638 -.00000771 +00000-0 +00000-0 0  9995
2 27901 065.1910 325.9780 6488004 043.3123 018.7629 02.01116883131685
0 COSMOS 1261 DEB
1 27901U 81031J   19281.48198023 -.00000751 +00000-0 +00000-0 0  9992
2 27901 065.1877 325.8904 6488315 043.3001 010.0084 02.01115630131706
0 COSMOS 1261 DEB
1 27901U 81031J   19284.46450824 -.00000659  00000-0  00000+0 0  9999
2 27901  65.1776 325.6241 6489207  43.2640   9.3960  2.01111967131753
0 COSMOS 1261 DEB
1 27901U 81031J   19285.45774486 -.00000626 +00000-0 +00000-0 0  9997
2 27901 065.1745 325.5353 6489497 043.2520 008.5036 02.01110808131781
0 COSMOS 1261 DEB
1 27901U 81031J   19286.45895625 -.00000594 +00000-0 +00000-0 0  9991
2 27901 065.1713 325.4460 6489793 043.2395 013.3804 02.01109642131807
0 COSMOS 1261 DEB
1 27901U 81031J   19286.93927017 -.00000580  00000-0  00000+0 0  9999
2 27901  65.1698 325.4032 6489936  43.2338   1.1260  2.01109093131801
0 COSMOS 1261 DEB
1 27901U 81031J   19287.44699372 -.00000566 +00000-0 +00000-0 0  9991
2 27901 065.1681 325.3578 6490094 043.2275 008.7152 02.01108520131823
0 COSMOS 1261 DEB
1 27901U 81031J   19288.44182580 -.00000541 +00000-0 +00000-0 0  9993
2 27901 065.1648 325.2690 6490406 043.2156 008.9656 02.01107440131848
0 COSMOS 1261 DEB
1 27901U 81031J   19288.92824372 -.00000530 +00000-0 +00000-0 0  9996
2 27901 065.1631 325.2256 6490560 043.2098 001.1268 02.01106921131852
0 COSMOS 1261 DEB
1 27901U 81031J   19289.92254998 -.00000511  00000-0  00000+0 0  9996
2 27901  65.1598 325.1367 6490866  43.1979   0.9909  2.01105888131863
0 COSMOS 1261 DEB
1 27901U 81031J   19291.91106167 -.00000479 +00000-0 +00000-0 0  9996
2 27901 065.1532 324.9586 6491476 043.1741 000.6355 02.01103946131917
0 COSMOS 1261 DEB
1 27901U 81031J   19295.89128965 -.00000408 +00000-0 +00000-0 0  9999
2 27901 065.1400 324.6020 6492751 043.1270 002.2063 02.01100555131990
0 COSMOS 1261 DEB
1 27901U 81031J   19295.89128965 -.00000408  00000-0  00000+0 0  9998
2 27901  65.1400 324.6020 6492751  43.1270   2.2063  2.01100555131989
0 COSMOS 1261 DEB
1 27901U 81031J   19296.39661535 -.00000395 +00000-0 +00000-0 0  9995
2 27901 065.1384 324.5567 6492918 043.1210 008.0441 02.01100166132000
0 COSMOS 1261 DEB
1 27901U 81031J   19297.88023881 -.00000353 +00000-0 +00000-0 0  9990
2 27901 065.1335 324.4237 6493420 043.1038 002.1307 02.01099097132035
0 COSMOS 1261 DEB
1 27901U 81031J   19299.37972994 -.00000309  00000-0  00000+0 0  9994
2 27901  65.1285 324.2892 6493921  43.0863   7.6995  2.01098125132051
0 COSMOS 1261 DEB
1 27901U 81031J   19299.86919487 -.00000295 +00000-0 +00000-0 0  9991
2 27901 065.1268 324.2454 6494086 043.0805 002.0504 02.01097825132078
0 COSMOS 1261 DEB
1 27901U 81031J   19300.86370230 -.00000272 +00000-0 +00000-0 0  9996
2 27901 065.1235 324.1562 6494414 043.0689 002.0279 02.01097237132094
0 COSMOS 1261 DEB
1 27901U 81031J   19301.85819274 -.00000253 +00000-0 +00000-0 0  9991
2 27901 065.1203 324.0670 6494737 043.0574 001.9916 02.01096714132117
0 COSMOS 1261 DEB
1 27901U 81031J   19301.85819274 -.00000253  00000-0  00000+0 0  9990
2 27901  65.1203 324.0670 6494737  43.0574   1.9916  2.01096714132106
0 COSMOS 1261 DEB
1 27901U 81031J   19302.85269729 -.00000239 +00000-0 +00000-0 0  9990
2 27901 065.1171 323.9777 6495057 043.0458 001.9634 02.01096220132135
0 COSMOS 1261 DEB
1 27901U 81031J   19303.84717275 -.00000228 +00000-0 +00000-0 0  9992
2 27901 065.1139 323.8885 6495376 043.0342 001.9122 02.01095753132158
0 COSMOS 1261 DEB
1 27901U 81031J   19305.83584439 -.00000201  00000-0  00000+0 0  9997
2 27901  65.1076 323.7101 6496021  43.0112   1.6042  2.01094989132182
0 COSMOS 1261 DEB
1 27901U 81031J   19306.83043072 -.00000181 +00000-0 +00000-0 0  9999
2 27901 065.1046 323.6210 6496352 042.9997 001.6294 02.01094666132210
0 COSMOS 1261 DEB
1 27901U 81031J   19308.81947644 -.00000120  00000-0  00000+0 0  9999
2 27901  65.0984 323.4427 6497018  42.9767   1.5841  2.01094145132245
0 COSMOS 1261 DEB
1 27901U 81031J   19309.81385657 -.00000081 +00000-0 +00000-0 0  9997
2 27901 065.0954 323.3537 6497348 042.9652 001.4568 02.01093954132277
0 COSMOS 1261 DEB
1 27901U 81031J   19310.80850330 -.00000038 +00000-0 +00000-0 0  9995
2 27901 065.0924 323.2643 6497661 042.9542 001.5223 02.01093823132293
0 COSMOS 1261 DEB
1 27901U 81031J   19312.79743510  .00000050  00000-0  00000+0 0  9998
2 27901  65.0865 323.0851 6498269  42.9327   1.3897  2.01093654132323
0 COSMOS 1261 DEB
1 27901U 81031J   19313.79217111 +.00000091 +00000-0 +00000-0 0  9998
2 27901 065.0835 322.9957 6498577 042.9216 001.5189 02.01093636132353
0 COSMOS 1261 DEB
1 27901U 81031J   19314.78664181 +.00000128 +00000-0 +00000-0 0  9992
2 27901 065.0806 322.9064 6498892 042.9105 001.4558 02.01093651132375
0 COSMOS 1261 DEB
1 27901U 81031J   19315.78107463  .00000162  00000-0  00000+0 0  9995
2 27901  65.0777 322.8171 6499209  42.8994   1.3655  2.01093713132385
0 COSMOS 1261 DEB
1 27901U 81031J   19316.77558196 +.00000192 +00000-0 +00000-0 0  9992
2 27901 065.0747 322.7278 6499529 042.8883 001.3298 02.01093844132413
0 COSMOS 1261 DEB
1 27901U 81031J   19318.76461910  .00000245  00000-0  00000+0 0  9998
2 27901  65.0686 322.5493 6500172  42.8657   1.2765  2.01094257132448
0 COSMOS 1261 DEB
1 27901U 81031J   19320.75366297 +.00000292 +00000-0 +00000-0 0  9995
2 27901 065.0627 322.3702 6500810 042.8439 001.2320 02.01094896132492
0 COSMOS 1261 DEB
1 27901U 81031J   19321.74819215 +.00000318 +00000-0 +00000-0 0  9997
2 27901 065.0593 322.2787 6501101 042.8364 001.2166 02.01095305132503
0 COSMOS 1261 DEB
1 27901U 81031J   19322.74269883 +.00000347 +00000-0 +00000-0 0  9990
2 27901 065.0613 322.1955 6501415 042.8276 001.1864 02.01095767132531
0 COSMOS 1261 DEB
1 27901U 81031J   19326.23341182  .00000463  00000-0  00000+0 0  9999
2 27901  65.0464 321.8758 6502651  42.7858   8.2929  2.01097820132598
0 COSMOS 1261 DEB
1 27901U 81031J   19328.22743303 +.00000519 +00000-0 +00000-0 0  9994
2 27901 065.0401 321.6974 6503373 042.7621 011.8802 02.01099308132646
0 COSMOS 1261 DEB
1 27901U 81031J   19336.17009528  .00000673  00000-0  00000+0 0  9991
2 27901  65.0171 320.9817 6506058  42.6750   2.1602  2.01107315132798
0 COSMOS 1261 DEB
1 27901U 81031J   19337.16466904 +.00000709 +00000-0 +00000-0 0  9997
2 27901 065.0143 320.8921 6506396 042.6641 002.2231 02.01108555132826
0 COSMOS 1261 DEB
1 27901U 81031J   19344.65081587  .00000931  00000-0  00000+0 0  9995
2 27901  64.9932 320.2167 6508888  42.5827  22.2843  2.01119173132963
0 COSMOS 1261 DEB
1 27901U 81031J   19345.65256458 +.00000945 +00000-0 +00000-0 0  9993
2 27901 064.9904 320.1258 6509159 042.5719 027.5862 02.01120798132991
0 COSMOS 1261 DEB
1 27901U 81031J   19346.12066247 +.00000950 +00000-0 +00000-0 0  9997
2 27901 064.9891 320.0836 6509316 042.5667 006.5078 02.01121575133007
0 COSMOS 1261 DEB
1 27901U 81031J   19348.11040473  .00000970  00000-0  00000+0 0  9992
2 27901  64.9834 319.9037 6509992  42.5449   7.1748  2.01124943133038
0 COSMOS 1261 DEB
1 27901U 81031J   19353.59539723  .00001037  00000-0  00000+0 0  9996
2 27901  64.9680 319.4069 6511938  42.4849  18.6987  2.01135006133149
0 COSMOS 1261 DEB
1 27901U 81031J   19354.66242632 +.00001043 +00000-0 +00000-0 0  9993
2 27901 064.9647 319.3101 6512293 042.4728 071.3273 02.01137084133174
0 COSMOS 1261 DEB
1 27901U 81031J   19355.05917889 +.00001043 +00000-0 +00000-0 0  9990
2 27901 064.9636 319.2742 6512444 042.4683 358.6151 02.01137851133189
0 COSMOS 1261 DEB
1 27901U 81031J   19361.55622274  .00000965  00000-0  00000+0 0  9994
2 27901  64.9440 318.6842 6514572  42.3963  23.2750  2.01150915133300
0 COSMOS 1261 DEB
1 27901U 81031J   19362.57061005 +.00000960 +00000-0 +00000-0 0  9992
2 27901 064.9410 318.5920 6514913 042.3850 037.8441 02.01153003133339
0 COSMOS 1261 DEB
1 27901U 81031J   19363.55668977  .00000959  00000-0  00000+0 0  9999
2 27901  64.9382 318.5024 6515242  42.3740  31.9217  2.01155035133340
0 COSMOS 1261 DEB
1 27901U 81031J   20001.53996865  .00000964  00000-0  00000+0 0  9994
2 27901  64.9299 318.2312 6516246  42.3404  32.3308  2.01161141133404
0 COSMOS 1261 DEB
1 27901U 81031J   20002.53304975 +.00000962 +00000-0 +00000-0 0  9999
2 27901 064.9271 318.1408 6516580 042.3290 031.5077 02.01163148133439
0 COSMOS 1261 DEB
1 27901U 81031J   20004.98011264  .00000934  00000-0  00000+0 0  9994
2 27901  64.9197 317.9179 6517362  42.3012   3.6703  2.01167984133471
0 COSMOS 1261 DEB
1 27901U 81031J   20005.97427691 +.00000914 +00000-0 +00000-0 0  9998
2 27901 064.9166 317.8273 6517695 042.2898 003.6562 02.01169919133508
0 COSMOS 1261 DEB
1 27901U 81031J   20006.96842633 +.00000890 +00000-0 +00000-0 0  9998
2 27901 064.9136 317.7366 6518023 042.2785 003.6384 02.01171830133527
0 COSMOS 1261 DEB
1 27901U 81031J   20011.93890730  .00000742  00000-0  00000+0 0  9997
2 27901  64.8980 317.2826 6519673  42.2204   3.4531  2.01180780133613
0 COSMOS 1261 DEB
1 27901U 81031J   20018.89707031  .00000499  00000-0  00000+0 0  9999
2 27901  64.8764 316.6442 6522149  42.1404   3.0875  2.01191829133751
0 COSMOS 1261 DEB
1 27901U 81031J   20019.97164183 +.00000442 +00000-0 +00000-0 0  9993
2 27901 064.8721 316.5460 6522406 042.1306 061.3922 02.01193143133784
0 COSMOS 1261 DEB
1 27901U 81031J   20021.46506257  .00000360  00000-0  00000+0 0  9990
2 27901  64.8670 316.4089 6522915  42.1131  63.0815  2.01194977133803
0 COSMOS 1261 DEB
1 27901U 81031J   20022.94544103 +.00000285 +00000-0 +00000-0 0  9993
2 27901 064.8621 316.2729 6523428 042.0957 055.3335 02.01196639133845
0 COSMOS 1261 DEB
1 27901U 81031J   20024.43464281  .00000222  00000-0  00000+0 0  9997
2 27901  64.8564 316.1361 6523947  42.0785  53.9842  2.01198142133867
0 COSMOS 1261 DEB
1 27901U 81031J   20024.85494185 +.00000207 +00000-0 +00000-0 0  9993
2 27901 064.8558 316.0976 6524085 042.0728 358.4161 02.01198556133880
0 COSMOS 1261 DEB
1 27901U 81031J   20026.43439080 +.00000157 +00000-0 +00000-0 0  9996
2 27901 064.8505 315.9521 6524618 042.0548 062.4448 02.01199940133910
0 COSMOS 1261 DEB
1 27901U 81031J   20026.84296778  .00000145  00000-0  00000+0 0  9992
2 27901  64.8504 315.9145 6524751  42.0499 358.3882  2.01200286133919
0 COSMOS 1261 DEB
1 27901U 81031J   20026.92987020 +.00000143 +00000-0 +00000-0 0  9997
2 27901 064.8501 315.9065 6524791 042.0490 061.3335 02.01200363133923
0 COSMOS 1261 DEB
1 27901U 81031J   20028.83098175 +.00000090 +00000-0 +00000-0 0  9994
2 27901 064.8443 315.7317 6525377 042.0269 358.3625 02.01201649133964
0 COSMOS 1261 DEB
1 27901U 81031J   20029.35241769  .00000075  00000-0  00000+0 0  9993
2 27901  64.8403 315.6836 6525540  42.0211  16.0545  2.01201944133961
0 COSMOS 1261 DEB
1 27901U 81031J   20030.81896275 +.00000027 +00000-0 +00000-0 0  9992
2 27901 064.8353 315.5486 6526044 042.0040 358.3210 02.01202648134004
0 COSMOS 1261 DEB
1 27901U 81031J   20031.81290694 -.00000008  00000-0  00000+0 0  9995
2 27901  64.8318 315.4569 6526386  41.9925 358.2689  2.01203005134013
0 COSMOS 1261 DEB
1 27901U 81031J   20031.81290694 -.00000008 +00000-0 +00000-0 0  9996
2 27901 064.8318 315.4569 6526386 041.9925 358.2689 02.01203005134024
0 COSMOS 1261 DEB
1 27901U 81031J   20032.39495071 -.00000031 +00000-0 +00000-0 0  9992
2 27901 064.8297 315.4032 6526586 041.9859 059.8638 02.01203188134034
0 COSMOS 1261 DEB
1 27901U 81031J   20033.40741906 -.00000071 +00000-0 +00000-0 0  9990
2 27901 064.8260 315.3096 6526929 041.9742 073.2314 02.01203413134059
0 COSMOS 1261 DEB
1 27901U 81031J   20034.38026515 -.00000112  00000-0  00000+0 0  9995
2 27901  64.8224 315.2198 6527248  41.9628  57.8996  2.01203534134068
0 COSMOS 1261 DEB
1 27901U 81031J   20034.79482581 -.00000130 +00000-0 +00000-0 0  9990
2 27901 064.8210 315.1816 6527384 041.9580 358.1815 02.01203558134082
0 COSMOS 1261 DEB
1 27901U 81031J   20037.77657451 -.00000253  00000-0  00000+0 0  9996
2 27901  64.8100 314.9059 6528412  41.9235 357.9725  2.01203309134133
0 COSMOS 1261 DEB
1 27901U 81031J   20038.77051520 -.00000289 +00000-0 +00000-0 0  9992
2 27901 064.8063 314.8139 6528770 041.9121 357.9193 02.01203047134161
0 COSMOS 1261 DEB
1 27901U 81031J   20039.76449279 -.00000323 +00000-0 +00000-0 0  9993
2 27901 064.8026 314.7218 6529131 041.9008 357.8917 02.01202694134185
0 COSMOS 1261 DEB
1 27901U 81031J   20039.85200032 -.00000326  00000-0  00000+0 0  9997
2 27901  64.8022 314.7135 6529164  41.8999  61.2765  2.01202665134177
0 COSMOS 1261 DEB
1 27901U 81031J   20040.75842809 -.00000354 +00000-0 +00000-0 0  9994
2 27901 064.7987 314.6297 6529496 041.8896 357.8320 02.01202255134208
0 COSMOS 1261 DEB
1 27901U 81031J   20040.85663137 -.00000357 +00000-0 +00000-0 0  9993
2 27901 064.7983 314.6205 6529522 041.8884 068.9639 02.01202207134200
0 COSMOS 1261 DEB
1 27901U 81031J   20041.75236106 -.00000383 +00000-0 +00000-0 0  9994
2 27901 064.7949 314.5375 6529849 041.8783 357.7690 02.01201732134229
0 COSMOS 1261 DEB
1 27901U 81031J   20042.74591257 -.00000413  00000-0  00000+0 0  9998
2 27901  64.7927 314.4471 6530031  41.8688 357.4271  2.01201174134233
0 COSMOS 1261 DEB
1 27901U 81031J   20046.81631174 -.00000566 +00000-0 +00000-0 0  9993
2 27901 064.7763 314.0686 6531444 041.8232 065.7101 02.01197869134325
0 COSMOS 1261 DEB
1 27901U 81031J   20046.81631174 -.00000566  00000-0  00000+0 0  9992
2 27901  64.7763 314.0686 6531444  41.8232  65.7101  2.01197869134314
0 COSMOS 1261 DEB
1 27901U 81031J   20047.71621416 -.00000605 +00000-0 +00000-0 0  9995
2 27901 064.7727 313.9851 6531779 041.8131 357.5223 02.01196961134347
0 COSMOS 1261 DEB
1 27901U 81031J   20048.71024439 -.00000646 +00000-0 +00000-0 0  9993
2 27901 064.7687 313.8926 6532151 041.8018 357.5098 02.01195894134369
0 COSMOS 1261 DEB
1 27901U 81031J   20049.29380986 -.00000668  00000-0  00000+0 0  9992
2 27901  64.7662 313.8381 6532361  41.7952  60.1916  2.01195226134361
0 COSMOS 1261 DEB
1 27901U 81031J   20050.69855338 -.00000711 +00000-0 +00000-0 0  9996
2 27901 064.7607 313.7075 6532917 041.7795 357.6530 02.01193559134409
0 COSMOS 1261 DEB
1 27901U 81031J   20051.29448334 -.00000725  00000-0  00000+0 0  9991
2 27901  64.7581 313.6518 6533140  41.7728  69.2856  2.01192797134406
0 COSMOS 1261 DEB
1 27901U 81031J   20051.69270076 -.00000733 +00000-0 +00000-0 0  9991
2 27901 064.7566 313.6149 6533305 041.7686 357.7132 02.01192300134429
0 COSMOS 1261 DEB
1 27901U 81031J   20052.68672453 -.00000748 +00000-0 +00000-0 0  9992
2 27901 064.7525 313.5222 6533685 041.7577 357.6796 02.01190977134440
0 COSMOS 1261 DEB
1 27901U 81031J   20053.78069517 -.00000757  00000-0  00000+0 0  9994
2 27901  64.7470 313.4198 6534081  41.7457  70.0326  2.01189397134458
0 COSMOS 1261 DEB
1 27901U 81031J   20055.25448295 -.00000765 +00000-0 +00000-0 0  9992
2 27901 064.7418 313.2828 6534575 041.7299 057.4719 02.01187275134492
0 COSMOS 1261 DEB
1 27901U 81031J   20055.40033500 -.00000765 +00000-0 +00000-0 0  9998
2 27901 064.7416 313.2694 6534640 041.7282 163.1099 02.01187071134496
0 COSMOS 1261 DEB
1 27901U 81031J   20057.25045319 -.00000775  00000-0  00000+0 0  9994
2 27901  64.7348 313.0973 6535249  41.7085  63.1014  2.01184244134524
0 COSMOS 1261 DEB
1 27901U 81031J   20058.73551661 -.00000787 +00000-0 +00000-0 0  9994
2 27901 064.7291 312.9592 6535774 041.6929 058.6795 02.01181885134562
0 COSMOS 1261 DEB
1 27901U 81031J   20059.74015813 -.00000797  00000-0  00000+0 0  9990
2 27901  64.7251 312.8657 6536126  41.6823  66.2985  2.01180243134578
0 COSMOS 1261 DEB
1 27901U 81031J   20061.63174622 -.00000820 +00000-0 +00000-0 0  9993
2 27901 064.7177 312.6895 6536816 041.6629 356.2778 02.01177104134627
0 COSMOS 1261 DEB
1 27901U 81031J   20063.27068844 -.00000838  00000-0  00000+0 0  9991
2 27901  64.7112 312.5365 6537362  41.6457 103.2628  2.01174286134647
0 COSMOS 1261 DEB
1 27901U 81031J   20063.62098922 -.00000842 +00000-0 +00000-0 0  9996
2 27901 064.7099 312.5039 6537494 041.6423 356.9611 02.01173702134661
0 COSMOS 1261 DEB
1 27901U 81031J   20066.70448583 -.00000858  00000-0  00000+0 0  9996
2 27901  64.6974 312.2160 6538602  41.6105  70.0942  2.01168258134710
0 COSMOS 1261 DEB
1 27901U 81031J   20075.14160562 -.00000897  00000-0  00000+0 0  9995
2 27901  64.6635 311.4273 6541650  41.5270  60.1230  2.01153236134887
0 COSMOS 1261 DEB
1 27901U 81031J   20076.14625154 -.00000908 +00000-0 +00000-0 0  9993
2 27901 064.6596 311.3333 6542012 041.5173 067.6415 02.01151466134918
0 COSMOS 1261 DEB
1 27901U 81031J   20076.55419983 -.00000911 +00000-0 +00000-0 0  9993
2 27901 064.6580 311.2953 6542163 041.5136 003.0565 02.01150750134920
0 COSMOS 1261 DEB
1 27901U 81031J   20077.54842706 -.00000914  00000-0  00000+0 0  9998
2 27901  64.6540 311.2023 6542522  41.5041   3.0214  2.01149017134934
0 COSMOS 1261 DEB
1 27901U 81031J   20078.62374714 -.00000909 +00000-0 +00000-0 0  9992
2 27901 064.6494 311.1017 6542908 041.4939 061.7024 02.01147153134969
0 COSMOS 1261 DEB
1 27901U 81031J   20079.53713338 -.00000899 +00000-0 +00000-0 0  9990
2 27901 064.6460 311.0164 6543240 041.4853 003.1149 02.01145602134986
0 COSMOS 1261 DEB
1 27901U 81031J   20081.39171264 -.00000866  00000-0  00000+0 0  9996
2 27901  64.6391 310.8430 6543893  41.4682 266.0602  2.01142490135017
0 COSMOS 1261 DEB
1 27901U 81031J   20081.52542602 -.00000863 +00000-0 +00000-0 0  9997
2 27901 064.6387 310.8305 6543935 041.4669 002.8844 02.01142268135023
0 COSMOS 1261 DEB
1 27901U 81031J   20082.51954921 -.00000843 +00000-0 +00000-0 0  9996
2 27901 064.6350 310.7376 6544266 041.4576 002.7436 02.01140627135040
0 TBA - TO BE ASSIGNED
1 27901U 81031J   20084.50800244 -.00000804 +00000-0 +00000-0 0  9992
2 27901 064.6278 310.5519 6544937 041.4390 002.5943 02.01137389135081
0 TBA - TO BE ASSIGNED
1 27901U 81031J   20084.50800244 -.00000804  00000-0  00000+0 0  9991
2 27901  64.6278 310.5519 6544937  41.4390   2.5943  2.01137389135070
0 TBA - TO BE ASSIGNED
1 27901U 81031J   20086.49677699 -.00000776 +00000-0 +00000-0 0  9996
2 27901 064.6205 310.3662 6545626 041.4204 002.6547 02.01134224135129
0 TBA - TO BE ASSIGNED
1 27901U 81031J   20087.49100553 -.00000764  00000-0  00000+0 0  9993
2 27901  64.6169 310.2735 6545969  41.4112   2.5614  2.01132677135131
0 TBA - TO BE ASSIGNED
1 27901U 81031J   20088.48527262 -.00000754 +00000-0 +00000-0 0  9993
2 27901 064.6132 310.1805 6546309 041.4021 002.4906 02.01131156135163
0 COSMOS 1261 DEB
1 27901U 81031J   20089.47954292 -.00000744 +00000-0 +00000-0 0  9999
2 27901 064.6095 310.0874 6546648 041.3931 002.4168 02.01129662135182
0 COSMOS 1261 DEB
1 27901U 81031J   20090.47388387 -.00000733  00000-0  00000+0 0  9994
2 27901  64.6058 309.9944 6546988  41.3840   2.3889  2.01128193135190
0 COSMOS 1261 DEB
1 27901U 81031J   20092.46242125 -.00000707 +00000-0 +00000-0 0  9996
2 27901 064.5984 309.8081 6547691 041.3661 002.2126 02.01125328135247
0 COSMOS 1261 DEB
1 27901U 81031J   20093.45676797 -.00000691  00000-0  00000+0 0  9993
2 27901  64.5948 309.7150 6548055  41.3571   2.1733  2.01123933135252
0 COSMOS 1261 DEB
1 27901U 81031J   20094.45549819 -.00000672 +00000-0 +00000-0 0  9998
2 27901 064.5910 309.6214 6548429 041.3482 005.3028 02.01122559135285
0 COSMOS 1261 DEB
1 27901U 81031J   20096.11383251 -.00000639  00000-0  00000+0 0  9991
2 27901  64.5847 309.4659 6549046  41.3337 126.0066  2.01120338135309
0 COSMOS 1261 DEB
1 27901U 81031J   20096.44425522 -.00000633 +00000-0 +00000-0 0  9990
2 27901 064.5834 309.4349 6549166 041.3307 005.2452 02.01119891135322
0 COSMOS 1261 DEB
1 27901U 81031J   20098.43317480 -.00000601  00000-0  00000+0 0  9998
2 27901  64.5759 309.2483 6549887  41.3134   5.2867  2.01117339135351
0 COSMOS 1261 DEB
1 27901U 81031J   20099.42775858 -.00000591 +00000-0 +00000-0 0  9994
2 27901 064.5722 309.1550 6550242 041.3048 005.3904 02.01116098135383
0 COSMOS 1261 DEB
1 27901U 81031J   20100.42198904 -.00000586 +00000-0 +00000-0 0  9992
2 27901 064.5685 309.0616 6550592 041.2962 005.2340 02.01114889135407
0 COSMOS 1261 DEB
1 27901U 81031J   20101.41637560 -.00000584  00000-0  00000+0 0  9995
2 27901  64.5648 308.9683 6550941  41.2876   5.1864  2.01113707135419
0 COSMOS 1261 DEB
1 27901U 81031J   20102.41073133 -.00000581 +00000-0 +00000-0 0  9994
2 27901 064.5609 308.8749 6551291 041.2791 005.1122 02.01112548135445
0 COSMOS 1261 DEB
1 27901U 81031J   20103.40015115 -.00000577 +00000-0 +00000-0 0  9995
2 27901 064.5580 308.7824 6551643 041.2704 001.4607 02.01111438135467
0 COSMOS 1261 DEB
1 27901U 81031J   20104.39452615 -.00000567 +00000-0 +00000-0 0  9993
2 27901 064.5542 308.6891 6552002 041.2619 001.3925 02.01110345135483
0 COSMOS 1261 DEB
1 27901U 81031J   20105.38902514 -.00000551 +00000-0 +00000-0 0  9994
2 27901 064.5507 308.5959 6552367 041.2533 001.4101 02.01109282135505
0 COSMOS 1261 DEB
1 27901U 81031J   20114.34094628 -.00000297  00000-0  00000+0 0  9994
2 27901  64.5205 307.7574 6555484  41.1786   2.4508  2.01101334135676
0 COSMOS 1261 DEB
1 27901U 81031J   20115.33537524 -.00000275 +00000-0 +00000-0 0  9998
2 27901 064.5171 307.6642 6555826 041.1704 002.3860 02.01100627135701
0 COSMOS 1261 DEB
1 27901U 81031J   20115.77034016 -.00000265 +00000-0 +00000-0 0  9993
2 27901 064.5157 307.6234 6555965 041.1669 317.2860 02.01100331135706
0 COSMOS 1261 DEB
1 27901U 81031J   20116.32984597 -.00000253 +00000-0 +00000-0 0  9990
2 27901 064.5137 307.5710 6556164 041.1623 002.3489 02.01099960135720
0 COSMOS 1261 DEB
1 27901U 81031J   20116.78229859 -.00000242 +00000-0 +00000-0 0  9991
2 27901 064.5122 307.5285 6556311 041.1587 329.9084 02.01099675135726
0 COSMOS 1261 DEB
1 27901U 81031J   20116.78229859 -.00000242  00000-0  00000+0 0  9990
2 27901  64.5122 307.5285 6556311  41.1587 329.9084  2.01099675135726
0 COSMOS 1261 DEB
1 27901U 81031J   20119.30072606 -.00000181  00000-0  00000+0 0  9999
2 27901  64.5038 307.2923 6557193  41.1384 353.1516  2.01098244135777
0 COSMOS 1261 DEB
1 27901U 81031J   20120.79252757 -.00000138 +00000-0 +00000-0 0  9994
2 27901 064.4988 307.1523 6557723 041.1260 353.1523 02.01097483135814
0 COSMOS 1261 DEB
1 27901U 81031J   20127.25707359  .00000029  00000-0  00000+0 0  9992
2 27901  64.4765 306.5448 6560050  41.0746 353.1688  2.01095345135931
0 COSMOS 1261 DEB
1 27901U 81031J   20127.75434270 +.00000036 +00000-0 +00000-0 0  9995
2 27901 064.4748 306.4980 6560221 041.0707 353.1656 02.01095251135952
0 COSMOS 1261 DEB
1 27901U 81031J   20128.74887875 +.00000048 +00000-0 +00000-0 0  9991
2 27901 064.4714 306.4045 6560567 041.0629 353.1577 02.01095111135972
0 COSMOS 1261 DEB
1 27901U 81031J   20135.21341781  .00000207  00000-0  00000+0 0  9998
2 27901  64.4505 305.7968 6562861  41.0123 353.1427  2.01095403136096
0 COSMOS 1261 DEB
1 27901U 81031J   20135.21341781 +.00000207 +00000-0 +00000-0 0  9999
2 27901 064.4505 305.7968 6562861 041.0123 353.1427 02.01095403136108
0 COSMOS 1261 DEB
1 27901U 81031J   20136.20797212 +.00000247 +00000-0 +00000-0 0  9997
2 27901 064.4473 305.7032 6563205 041.0047 353.1490 02.01095643136120
0 COSMOS 1261 DEB
1 27901U 81031J   20137.20252531 +.00000286 +00000-0 +00000-0 0  9991
2 27901 064.4442 305.6099 6563546 040.9970 353.1553 02.01095925136144
0 COSMOS 1261 DEB
1 27901U 81031J   20138.19707540 +.00000324 +00000-0 +00000-0 0  9998
2 27901 064.4411 305.5164 6563879 040.9893 353.1605 02.01096257136164
0 COSMOS 1261 DEB
1 27901U 81031J   20138.19707540 +.00000324 +00000-0 +00000-0 0  9998
2 27901 064.4411 305.5164 6563879 040.9893 353.1605 02.01096257136153
0 COSMOS 1261 DEB
1 27901U 81031J   20140.18616124 +.00000389 +00000-0 +00000-0 0  9998
2 27901 064.4338 305.3279 6564644 040.9727 353.1656 02.01097068136206
0 COSMOS 1261 DEB
1 27901U 81031J   20141.18069620  .00000418  00000-0  00000+0 0  9994
2 27901  64.4308 305.2344 6564977  40.9652 353.1643  2.01097553136217
0 COSMOS 1261 DEB
1 27901U 81031J   20142.17522503 +.00000446 +00000-0 +00000-0 0  9990
2 27901 064.4277 305.1409 6565308 040.9575 353.1608 02.01098103136242
0 COSMOS 1261 DEB
1 27901U 81031J   20143.16974895 +.00000473 +00000-0 +00000-0 0  9995
2 27901 064.4246 305.0473 6565634 040.9500 353.1556 02.01098706136261
0 COSMOS 1261 DEB
1 27901U 81031J   20146.15330056 +.00000556 +00000-0 +00000-0 0  9994
2 27901 064.4156 304.7668 6566602 040.9274 353.1393 02.01100830136314
0 COSMOS 1261 DEB
1 27901U 81031J   20150.13135011  .00000681  00000-0  00000+0 0  9999
2 27901  64.4038 304.3927 6567927  40.8975 353.1442  2.01104394136397
0 COSMOS 1261 DEB
1 27901U 81031J   20151.12585520 +.00000710 +00000-0 +00000-0 0  9997
2 27901 064.4006 304.2989 6568268 040.8900 353.1485 02.01105413136420
0 COSMOS 1261 DEB
1 27901U 81031J   20154.10931891  .00000770  00000-0  00000+0 0  9999
2 27901  64.3912 304.0175 6569260  40.8677 353.1475  2.01108760136476
0 COSMOS 1261 DEB
1 27901U 81031J   20155.10378606 +.00000780 +00000-0 +00000-0 0  9991
2 27901 064.3882 303.9237 6569584 040.8602 353.1406 02.01109974136502
0 COSMOS 1261 DEB
1 27901U 81031J   20156.09824390 +.00000787 +00000-0 +00000-0 0  9993
2 27901 064.3852 303.8298 6569906 040.8526 353.1318 02.01111246136527
0 COSMOS 1261 DEB
1 27901U 81031J   20157.09269586  .00000793  00000-0  00000+0 0  9990
2 27901  64.3824 303.7359 6570223  40.8450 353.1228  2.01112539136530
0 COSMOS 1261 DEB
1 27901U 81031J   20158.08714185 +.00000802 +00000-0 +00000-0 0  9992
2 27901 064.3791 303.6420 6570563 040.8374 353.1153 02.01113928136566
0 COSMOS 1261 DEB
1 27901U 81031J   20158.08714185 +.00000802 +00000-0 +00000-0 0  9992
2 27901 064.3791 303.6420 6570563 040.8374 353.1153 02.01113928136555
0 COSMOS 1261 DEB
1 27901U 81031J   20159.08158587 +.00000816 +00000-0 +00000-0 0  9996
2 27901 064.3758 303.5475 6570885 040.8292 353.1108 02.01115329136583
0 COSMOS 1261 DEB
1 27901U 81031J   20161.56768497  .00000869  00000-0  00000+0 0  9996
2 27901  64.3678 303.3126 6571742  40.8098 353.1143  2.01119076136629
0 COSMOS 1261 DEB
1 27901U 81031J   20167.53414956  .00000999  00000-0  00000+0 0  9991
2 27901  64.3503 302.7478 6573649  40.7633 353.1439  2.01129108136749
0 COSMOS 1261 DEB
1 27901U 81031J   20168.03133766 +.00001005 +00000-0 +00000-0 0  9994
2 27901 064.3490 302.7010 6573786 040.7590 353.1437 02.01129987136765
0 COSMOS 1261 DEB
1 27901U 81031J   20171.51157516 +.00001030 +00000-0 +00000-0 0  9998
2 27901 064.3386 302.3710 6574886 040.7312 353.1330 02.01136470136831
0 COSMOS 1261 DEB
1 27901U 81031J   20171.51157516  .00001030  00000-0  00000+0 0  9997
2 27901  64.3386 302.3710 6574886  40.7312 353.1330  2.01136470136820
0 COSMOS 1261 DEB
1 27901U 81031J   20173.50023288 +.00001042 +00000-0 +00000-0 0  9990
2 27901 064.3325 302.1823 6575516 040.7154 353.1279 02.01140302136877
0 COSMOS 1261 DEB
1 27901U 81031J   20176.48317058 +.00001058 +00000-0 +00000-0 0  9998
2 27901 064.3234 301.8988 6576489 040.6918 353.1371 02.01146194136936
0 COSMOS 1261 DEB
1 27901U 81031J   20176.48317058  .00001058  00000-0  00000+0 0  9997
2 27901  64.3234 301.8988 6576489  40.6918 353.1371  2.01146194136925
0 COSMOS 1261 DEB
1 27901U 81031J   20177.47746924 +.00001061 +00000-0 +00000-0 0  9990
2 27901 064.3206 301.8044 6576790 040.6835 353.1439 02.01148162136955
0 COSMOS 1261 DEB
1 27901U 81031J   20178.47175650 +.00001059 +00000-0 +00000-0 0  9990
2 27901 064.3177 301.7097 6577127 040.6755 353.1504 02.01150175136977
0 COSMOS 1261 DEB
1 27901U 81031J   20179.46603137  .00001053  00000-0  00000+0 0  9999
2 27901  64.3147 301.6151 6577449  40.6674 353.1551  2.01152188136980
0 TBA - TO BE ASSIGNED
1 27901U 81031J   20180.46029243 +.00001040 +00000-0 +00000-0 0  9998
2 27901 064.3117 301.5204 6577768 040.6593 353.1569 02.01154190137018
0 TBA - TO BE ASSIGNED
1 27901U 81031J   20182.44877081  .00000996  00000-0  00000+0 0  9997
2 27901  64.3055 301.3309 6578407  40.6422 353.1508  2.01158201137048
0 COSMOS 1261 DEB
1 27901U 81031J   20183.44299106 +.00000967 +00000-0 +00000-0 0  9993
2 27901 064.3025 301.2360 6578717 040.6337 353.1447 02.01160191137076
0 COSMOS 1261 DEB
1 27901U 81031J   20185.43140568  .00000912  00000-0  00000+0 0  9990
2 27901  64.2963 301.0463 6579337  40.6171 353.1348  2.01164135137109
0 COSMOS 1261 DEB
1 27901U 81031J   20186.42560306 +.00000889 +00000-0 +00000-0 0  9990
2 27901 064.2935 300.9515 6579673 040.6085 353.1342 02.01166128137132
0 COSMOS 1261 DEB
1 27901U 81031J   20190.40234184  .00000827  00000-0  00000+0 0  9996
2 27901  64.2790 300.5715 6580856  40.5766 353.1609  2.01173791137207
0 COSMOS 1261 DEB
1 27901U 81031J   20191.39650691 +.00000811 +00000-0 +00000-0 0  9994
2 27901 064.2785 300.4760 6581251 040.5643 353.1718 02.01175676137232
0 COSMOS 1261 DEB
1 27901U 81031J   20193.38480470  .00000769  00000-0  00000+0 0  9992
2 27901  64.2675 300.2785 6581798  40.5578 353.1860  2.01179250137261
0 COSMOS 1261 DEB
1 27901U 81031J   20195.37305821 +.00000711 +00000-0 +00000-0 0  9997
2 27901 064.2672 300.0958 6582369 040.5417 353.1943 02.01182683137317
0 COSMOS 1261 DEB
1 27901U 81031J   20196.36716856  .00000678  00000-0  00000+0 0  9992
2 27901  64.2641 300.0005 6582663  40.5335 353.1956  2.01184317137323
0 COSMOS 1261 DEB
1 27901U 81031J   20200.34352720  .00000544  00000-0  00000+0 0  9994
2 27901  64.2522 299.6194 6583852  40.4999 353.1975  2.01190327137407
0 COSMOS 1261 DEB
1 27901U 81031J   20201.33760314 +.00000512 +00000-0 +00000-0 0  9992
2 27901 064.2492 299.5243 6584228 040.4861 353.2026 02.01191715137436
0 COSMOS 1261 DEB
1 27901U 81031J   20202.33167760 +.00000480 +00000-0 +00000-0 0  9993
2 27901 064.2460 299.4287 6584570 040.4754 353.2095 02.01192972137453
0 COSMOS 1261 DEB
1 27901U 81031J   20202.33167760  .00000480  00000-0  00000+0 0  9992
2 27901  64.2460 299.4287 6584570  40.4754 353.2095  2.01192972137442
0 COSMOS 1261 DEB
1 27901U 81031J   20203.32574815 +.00000449 +00000-0 +00000-0 0  9991
2 27901 064.2429 299.3332 6584892 040.4667 353.2182 02.01194179137478
0 COSMOS 1261 DEB
1 27901U 81031J   20207.30197657  .00000298  00000-0  00000+0 0  9999
2 27901  64.2299 298.9503 6586181  40.4326 353.2536  2.01198254137542
0 COSMOS 1261 DEB
1 27901U 81031J   20208.29601291 +.00000249 +00000-0 +00000-0 0  9999
2 27901 064.2266 298.8542 6586508 040.4251 353.2562 02.01199086137574
0 COSMOS 1261 DEB
1 27901U 81031J   20209.29004180 +.00000195 +00000-0 +00000-0 0  9994
2 27901 064.2233 298.7584 6586829 040.4158 353.2559 02.01199808137595
0 COSMOS 1261 DEB
1 27901U 81031J   20210.28406392 +.00000140 +00000-0 +00000-0 0  9996
2 27901 064.2200 298.6624 6587154 040.4073 353.2535 02.01200459137602
0 COSMOS 1261 DEB
1 27901U 81031J   20211.27808250 +.00000084 +00000-0 +00000-0 0  9992
2 27901 064.2168 298.5665 6587481 040.3984 353.2507 02.01201027137636
0 COSMOS 1261 DEB
1 27901U 81031J   20212.27210037 +.00000032 +00000-0 +00000-0 0  9996
2 27901 064.2136 298.4705 6587813 040.3898 353.2494 02.01201515137657
0 COSMOS 1261 DEB
1 27901U 81031J   20213.26612053 -.00000016  00000-0  00000+0 0  9992
2 27901  64.2095 298.3722 6588158  40.3772 353.2517  2.01201905137663
0 COSMOS 1261 DEB
1 27901U 81031J   20214.26014309 -.00000058 +00000-0 +00000-0 0  9990
2 27901 064.2063 298.2763 6588492 040.3687 353.2566 02.01202233137690
0 COSMOS 1261 DEB
1 27901U 81031J   20215.25416958 -.00000094 +00000-0 +00000-0 0  9996
2 27901 064.2020 298.1782 6588826 040.3568 353.2655 02.01202461137717
0 COSMOS 1261 DEB
1 27901U 81031J   20216.24819835 -.00000125  00000-0  00000+0 0  9991
2 27901  64.1988 298.0820 6589152  40.3475 353.2766  2.01202617137728
0 COSMOS 1261 DEB
1 27901U 81031J   20217.24222854 -.00000155 +00000-0 +00000-0 0  9995
2 27901 064.1946 297.9841 6589480 040.3405 353.2887 02.01202679137755
0 COSMOS 1261 DEB
1 27901U 81031J   20219.23028804 -.00000213  00000-0  00000+0 0  9999
2 27901  64.1889 297.7919 6590131  40.3217 353.3136  2.01202583137786
0 COSMOS 1261 DEB
1 27901U 81031J   20220.22431651 -.00000245 +00000-0 +00000-0 0  9994
2 27901 064.1857 297.6968 6590454 040.3133 353.3238 02.01202384137815
0 COSMOS 1261 DEB
1 27901U 81031J   20221.21834371 -.00000279 +00000-0 +00000-0 0  9997
2 27901 064.1818 297.6010 6590761 040.3043 353.3321 02.01202082137831
0 COSMOS 1261 DEB
1 27901U 81031J   20222.21236821 -.00000314  00000-0  00000+0 0  9993
2 27901  64.1762 297.5023 6591095  40.3002 353.3374  2.01201724137849
0 COSMOS 1261 DEB
1 27901U 81031J   20223.20639302 -.00000349 +00000-0 +00000-0 0  9993
2 27901 064.1716 297.4057 6591418 040.2917 353.3416 02.01201268137870
0 COSMOS 1261 DEB
1 27901U 81031J   20224.20041806 -.00000383 +00000-0 +00000-0 0  9998
2 27901 064.1718 297.3118 6591762 040.2885 353.3436 02.01200738137890
0 COSMOS 1261 DEB
1 27901U 81031J   20225.19444535 -.00000415  00000-0  00000+0 0  9998
2 27901  64.1687 297.2157 6592085  40.2793 353.3460  2.01200120137908
0 COSMOS 1261 DEB
1 27901U 81031J   20226.18847664 -.00000444 +00000-0 +00000-0 0  9991
2 27901 064.1665 297.1206 6592450 040.2742 353.3481 02.01199471137930
0 COSMOS 1261 DEB
1 27901U 81031J   20227.18251282 -.00000470 +00000-0 +00000-0 0  9996
2 27901 064.1639 297.0248 6592778 040.2661 353.3517 02.01198694137957
0 COSMOS 1261 DEB
1 27901U 81031J   20228.17655593 -.00000493  00000-0  00000+0 0  9993
2 27901  64.1608 296.9286 6593110  40.2574 353.3573  2.01197830137961
0 COSMOS 1261 DEB
1 27901U 81031J   20229.17060644 -.00000514 +00000-0 +00000-0 0  9996
2 27901 064.1601 296.8339 6593444 040.2489 353.3651 02.01196895137997
0 COSMOS 1261 DEB
1 27901U 81031J   20230.16466499 -.00000532 +00000-0 +00000-0 0  9995
2 27901 064.1571 296.7376 6593777 040.2389 353.3753 02.01195879138019
0 COSMOS 1261 DEB
1 27901U 81031J   20231.15873097 -.00000550  00000-0  00000+0 0  9990
2 27901  64.1540 296.6414 6594118  40.2298 353.3870  2.01194784138021
0 COSMOS 1261 DEB
1 27901U 81031J   20232.15280250 -.00000568 +00000-0 +00000-0 0  9994
2 27901 064.1513 296.5461 6594465 040.2197 353.3991 02.01193634138055
0 COSMOS 1261 DEB
1 27901U 81031J   20234.14095754 -.00000611  00000-0  00000+0 0  9996
2 27901  64.1430 296.3527 6595161  40.2006 353.4186  2.01191104138087
0 COSMOS 1261 DEB
1 27901U 81031J   20235.13503800 -.00000638 +00000-0 +00000-0 0  9992
2 27901 064.1383 296.2555 6595507 040.1915 353.4235 02.01189746138114
0 COSMOS 1261 DEB
1 27901U 81031J   20236.12912057 -.00000668 +00000-0 +00000-0 0  9993
2 27901 064.1341 296.1583 6595858 040.1829 353.4250 02.01188321138138
0 COSMOS 1261 DEB
1 27901U 81031J   20237.12320658 -.00000699  00000-0  00000+0 0  9997
2 27901  64.1286 296.0605 6596218  40.1740 353.4239  2.01186858138144
0 COSMOS 1261 DEB
1 27901U 81031J   20238.11729766 -.00000730 +00000-0 +00000-0 0  9997
2 27901 064.1237 295.9628 6596592 040.1688 353.4212 02.01185337138174
0 COSMOS 1261 DEB
1 27901U 81031J   20240.10551057 -.00000780  00000-0  00000+0 0  9999
2 27901  64.1197 295.7710 6597339  40.1515 353.4210  2.01182175138207
0 COSMOS 1261 DEB
1 27901U 81031J   20241.09963578 -.00000795 +00000-0 +00000-0 0  9990
2 27901 064.1164 295.6744 6597722 040.1447 353.4249 02.01180552138239
0 COSMOS 1261 DEB
1 27901U 81031J   20242.09377285 -.00000805 +00000-0 +00000-0 0  9997
2 27901 064.1131 295.5778 6598103 040.1351 353.4328 02.01178908138259
0 COSMOS 1261 DEB
1 27901U 81031J   20243.08792100 -.00000808  00000-0  00000+0 0  9996
2 27901  64.1088 295.4803 6598494  40.1278 353.4429  2.01177234138263
0 COSMOS 1261 DEB
1 27901U 81031J   20244.08208052 -.00000809 +00000-0 +00000-0 0  9997
2 27901 064.1038 295.3829 6598895 040.1212 353.4546 02.01175562138293
0 COSMOS 1261 DEB
1 27901U 81031J   20245.07624874 -.00000808 +00000-0 +00000-0 0  9990
2 27901 064.0998 295.2858 6599302 040.1148 353.4667 02.01173849138313
0 COSMOS 1261 DEB
1 27901U 81031J   20246.07042356 -.00000807  00000-0  00000+0 0  9998
2 27901  64.0959 295.1887 6599674  40.1079 353.4781  2.01172115138329
0 COSMOS 1261 DEB
1 27901U 81031J   20247.06460401 -.00000808 +00000-0 +00000-0 0  9995
2 27901 064.0924 295.0918 6600081 040.1019 353.4878 02.01170351138354
0 COSMOS 1261 DEB
1 27901U 81031J   20248.05878913 -.00000811 +00000-0 +00000-0 0  9990
2 27901 064.0898 294.9958 6600482 040.0964 353.4953 02.01168555138378
0 COSMOS 1261 DEB
1 27901U 81031J   20250.04718026 -.00000820  00000-0  00000+0 0  9999
2 27901  64.0826 294.8021 6601245  40.0816 353.5045  2.01164996138405
0 COSMOS 1261 DEB
1 27901U 81031J   20252.03559839 -.00000824 +00000-0 +00000-0 0  9990
2 27901 064.0774 294.6088 6601987 040.0697 353.5073 02.01161475138453
0 COSMOS 1261 DEB
1 27901U 81031J   20255.01829473 -.00000809  00000-0  00000+0 0  9997
2 27901  64.0657 294.3177 6603145  40.0469 353.5148  2.01156186138506
0 COSMOS 1261 DEB
1 27901U 81031J   20257.00681490 -.00000788 +00000-0 +00000-0 0  9990
2 27901 064.0605 294.1237 6603935 040.0367 353.5277 02.01152656138554
0 COSMOS 1261 DEB
1 27901U 81031J   20260.98397108 -.00000751 +00000-0 +00000-0 0  9991
2 27901 064.0464 293.7353 6605558 040.0112 353.5621 02.01145656138625
0 COSMOS 1261 DEB
1 27901U 81031J   20261.97827380 -.00000749 +00000-0 +00000-0 0  9998
2 27901 064.0450 293.6386 6605950 040.0074 353.5649 02.01143931138655
0 COSMOS 1261 DEB
1 27901U 81031J   20263.96689066 -.00000757  00000-0  00000+0 0  9994
2 27901  64.0373 293.4443 6606758  39.9934 353.5615  2.01140524138681
0 COSMOS 1261 DEB
1 27901U 81031J   20264.96120748 -.00000764 +00000-0 +00000-0 0  9991
2 27901 064.0322 293.3472 6607179 039.9840 353.5572 02.01138846138710
0 COSMOS 1261 DEB
1 27901U 81031J   20265.95553212 -.00000768 +00000-0 +00000-0 0  9991
2 27901 064.0286 293.2495 6607576 039.9792 353.5521 02.01137189138735
0 COSMOS 1261 DEB
1 27901U 81031J   20266.94986769 -.00000768 +00000-0 +00000-0 0  9998
2 27901 064.0256 293.1526 6607992 039.9730 353.5492 02.01135557138745
0 COSMOS 1261 DEB
1 27901U 81031J   20267.94421494 -.00000763 +00000-0 +00000-0 0  9993
2 27901 064.0226 293.0550 6608393 039.9690 353.5487 02.01133955138776
0 COSMOS 1261 DEB
1 27901U 81031J   20269.43576100 -.00000745  00000-0  00000+0 0  9993
2 27901  64.0175 292.9093 6609131  39.9508 353.5569  2.01131598138792
0 COSMOS 1261 DEB
1 27901U 81031J   20269.93294813 -.00000736 +00000-0 +00000-0 0  9997
2 27901 064.0149 292.8614 6609317 039.9479 353.5602 02.01130833138816
0 COSMOS 1261 DEB
1 27901U 81031J   20270.92732998 -.00000717 +00000-0 +00000-0 0  9998
2 27901 064.0113 292.7643 6609727 039.9421 353.5682 02.01129323138832
0 COSMOS 1261 DEB
1 27901U 81031J   20271.92172037 -.00000697  00000-0  00000+0 0  9997
2 27901  64.0080 292.6672 6610134  39.9362 353.5768  2.01127831138842
0 COSMOS 1261 DEB
1 27901U 81031J   20272.91611689 -.00000678 +00000-0 +00000-0 0  9998
2 27901 064.0045 292.5702 6610532 039.9305 353.5848 02.01126379138873
0 COSMOS 1261 DEB
1 27901U 81031J   20274.40772123 -.00000654 +00000-0 +00000-0 0  9999
2 27901 063.9987 292.4251 6611123 039.9223 353.5936 02.01124252138900
0 COSMOS 1261 DEB
1 27901U 81031J   20274.90492459 -.00000647  00000-0  00000+0 0  9996
2 27901  63.9967 292.3768 6611309  39.9193 353.5956  2.01123549138902
0 COSMOS 1261 DEB
1 27901U 81031J   20275.89933470 -.00000634 +00000-0 +00000-0 0  9995
2 27901 063.9937 292.2797 6611716 039.9136 353.5978 02.01122172138937
0 COSMOS 1261 DEB
1 27901U 81031J   20281.86590338 -.00000539 +00000-0 +00000-0 0  9995
2 27901 063.9741 291.6968 6614123 039.8800 353.5900 02.01114531139054
0 COSMOS 1261 DEB
1 27901U 81031J   20281.86590338 -.00000539  00000-0  00000+0 0  9994
2 27901  63.9741 291.6968 6614123  39.8800 353.5900  2.01114531139043
0 COSMOS 1261 DEB
1 27901U 81031J   20284.84929133 -.00000464 +00000-0 +00000-0 0  9992
2 27901 063.9643 291.4053 6615400 039.8634 353.6008 02.01111025139114
0 COSMOS 1261 DEB
1 27901U 81031J   20284.84929133 -.00000464  00000-0  00000+0 0  9991
2 27901  63.9643 291.4053 6615400  39.8634 353.6008  2.01111025139103
0 COSMOS 1261 DEB
1 27901U 81031J   20285.84376904 -.00000439 +00000-0 +00000-0 0  9997
2 27901 063.9609 291.3080 6615833 039.8580 353.6068 02.01109895139135
0 COSMOS 1261 DEB
1 27901U 81031J   20286.83825150 -.00000417 +00000-0 +00000-0 0  9995
2 27901 063.9576 291.2107 6616263 039.8526 353.6123 02.01108789139150
0 COSMOS 1261 DEB
1 27901U 81031J   20287.83273646 -.00000398  00000-0  00000+0 0  9990
2 27901  63.9541 291.1133 6616687  39.8474 353.6158  2.01107711139165
0 COSMOS 1261 DEB
1 27901U 81031J   20288.82722229 -.00000384 +00000-0 +00000-0 0  9992
2 27901 063.9506 291.0160 6617107 039.8422 353.6163 02.01106659139195
0 COSMOS 1261 DEB
1 27901U 81031J   20289.32446563 -.00000378 +00000-0 +00000-0 0  9995
2 27901 063.9500 290.9671 6617207 039.8387 353.6150 02.01106097139209
0 COSMOS 1261 DEB
1 27901U 81031J   20290.81619439 -.00000367 +00000-0 +00000-0 0  9993
2 27901 063.9452 290.8208 6617827 039.8308 353.6067 02.01104602139231
0 COSMOS 1261 DEB
1 27901U 81031J   20290.81619439 -.00000367  00000-0  00000+0 0  9992
2 27901  63.9452 290.8208 6617827  39.8308 353.6067  2.01104602139220
0 COSMOS 1261 DEB
1 27901U 81031J   20291.81068301 -.00000362 +00000-0 +00000-0 0  9995
2 27901 063.9419 290.7234 6618244 039.8255 353.5983 02.01103627139251
0 COSMOS 1261 DEB
1 27901U 81031J   20293.30242353 -.00000352  00000-0  00000+0 0  9990
2 27901  63.9370 290.5772 6618884  39.8175 353.5858  2.01102251139278
0 COSMOS 1261 DEB
1 27901U 81031J   20293.30242353 -.00000352 +00000-0 +00000-0 0  9991
2 27901 063.9370 290.5772 6618884 039.8175 353.5858 02.01102251139289
0 COSMOS 1261 DEB
1 27901U 81031J   20293.30242362 -.00000352 +00000-0 +00000-0 0  9991
2 27901 063.9369 290.5772 6618895 039.8175 353.5858 02.01102255139272
0 COSMOS 1261 DEB
1 27901U 81031J   20293.30242362 -.00000352 +00000-0 +00000-0 0  9991
2 27901 063.9369 290.5772 6618895 039.8175 353.5858 02.01102255139272
0 COSMOS 1261 DEB
1 27901U 81031J   20294.79418057 -.00000333 +00000-0 +00000-0 0  9990
2 27901 063.9322 290.4311 6619538 039.8097 353.5781 02.01100949139304
0 COSMOS 1261 DEB
1 27901U 81031J   20294.79418057 -.00000333 +00000-0 +00000-0 0  9990
2 27901 063.9322 290.4311 6619538 039.8097 353.5781 02.01100949139304
0 COSMOS 1261 DEB
1 27901U 81031J   20295.78869631 -.00000313 +00000-0 +00000-0 0  9996
2 27901 063.9290 290.3335 6619981 039.8044 353.5770 02.01100125139323
0 COSMOS 1261 DEB
1 27901U 81031J   20296.78322029 -.00000288 +00000-0 +00000-0 0  9993
2 27901 063.9258 290.2360 6620427 039.7995 353.5790 02.01099341139357
0 COSMOS 1261 DEB
1 27901U 81031J   20296.78322029 -.00000288 +00000-0 +00000-0 0  9993
2 27901 063.9258 290.2360 6620427 039.7995 353.5790 02.01099341139346
0 COSMOS 1261 DEB
1 27901U 81031J   20297.77775104 -.00000261 +00000-0 +00000-0 0  9990
2 27901 063.9226 290.1385 6620871 039.7947 353.5831 02.01098600139373
0 COSMOS 1261 DEB
1 27901U 81031J   20298.77228730 -.00000231 +00000-0 +00000-0 0  9996
2 27901 063.9191 290.0407 6621343 039.7895 353.5883 02.01097920139398
0 COSMOS 1261 DEB
1 27901U 81031J   20299.26955684 -.00000217  00000-0  00000+0 0  9999
2 27901  63.9175 289.9919 6621566  39.7872 353.5908  2.01097579139395
0 COSMOS 1261 DEB
1 27901U 81031J   20299.76682563 -.00000203 +00000-0 +00000-0 0  9993
2 27901 063.9158 289.9430 6621773 039.7848 353.5931 02.01097267139410
0 COSMOS 1261 DEB
1 27901U 81031J   20300.26409540 -.00000190 +00000-0 +00000-0 0  9998
2 27901 063.9143 289.8942 6621983 039.7824 353.5950 02.01096953139421
0 COSMOS 1261 DEB
1 27901U 81031J   20300.76136519 -.00000177 +00000-0 +00000-0 0  9991
2 27901 063.9127 289.8455 6622194 039.7800 353.5965 02.01096655139437
0 COSMOS 1261 DEB
1 27901U 81031J   20300.76136519 -.00000177 +00000-0 +00000-0 0  9991
2 27901 063.9127 289.8455 6622194 039.7800 353.5965 02.01096655139426
0 COSMOS 1261 DEB
1 27901U 81031J   20303.24771463 -.00000121  00000-0  00000+0 0  9998
2 27901  63.9049 289.6018 6623232  39.7682 353.5965  2.01095301139476
0 COSMOS 1261 DEB
1 27901U 81031J   20304.24225483 -.00000100 +00000-0 +00000-0 0  9993
2 27901 063.9019 289.5045 6623646 039.7635 353.5932 02.01094826139508
0 COSMOS 1261 DEB
1 27901U 81031J   20305.23679522 -.00000078 +00000-0 +00000-0 0  9994
2 27901 063.8988 289.4071 6624057 039.7589 353.5886 02.01094411139525
0 COSMOS 1261 DEB
1 27901U 81031J   20306.23133735 -.00000055  00000-0  00000+0 0  9990
2 27901  63.8958 289.3098 6624460  39.7544 353.5836  2.01094035139537
0 COSMOS 1261 DEB
1 27901U 81031J   20309.21498083 +.00000034 +00000-0 +00000-0 0  9998
2 27901 063.8870 289.0179 6625650 039.7409 353.5735 02.01093205139591
0 COSMOS 1261 DEB
1 27901U 81031J   20310.20953736 +.00000068 +00000-0 +00000-0 0  9997
2 27901 063.8843 288.9207 6626053 039.7362 353.5737 02.01093008139624
0 COSMOS 1261 DEB
1 27901U 81031J   20316.17689720 +.00000249 +00000+0 +00000+0 0  9997
2 27901  63.8669 288.3328 6628439  39.7052 353.5866  2.01092552139743
0 COSMOS 1261 DEB
1 27901U 81031J   20316.17690890 +.00000249 +00000-0 +10000-3 0  9993
2 27901 063.8736 288.3060 6630021 039.7268 353.5996 02.01094899139739
0 COSMOS 1261 DEB
1 27901U 81031J   20319.16053625 +.00000293 +00000-0 +00000-0 0  9999
2 27901 063.8557 288.0401 6629699 039.6938 353.5633 02.01092869139809
0 COSMOS 1261 DEB
1 27901U 81031J   20321.14962003 +.00000324 +00000-0 +00000-0 0  9994
2 27901 063.8488 287.8450 6630566 039.6855 353.5462 02.01093386139845
0 COSMOS 1261 DEB
1 27901U 81031J   20321.14962003  .00000324  00000-0  00000+0 0  9993
2 27901  63.8488 287.8450 6630566  39.6855 353.5462  2.01093386139834
0 COSMOS 1261 DEB
1 27901U 81031J   20323.13871477 +.00000373 +00000-0 +00000-0 0  9993
2 27901 063.8434 287.6495 6631422 039.6762 353.5408 02.01094094139883
0 COSMOS 1261 DEB
1 27901U 81031J   20324.13326549  .00000404  00000-0  00000+0 0  9993
2 27901  63.8406 287.5518 6631849  39.6720 353.5428  2.01094545139898
0 COSMOS 1261 DEB
1 27901U 81031J   20325.12781654 +.00000437 +00000-0 +00000-0 0  9992
2 27901 063.8377 287.4542 6632282 039.6680 353.5468 02.01095057139925
0 COSMOS 1261 DEB
1 27901U 81031J   20335.57032563 +.00000721 +00000-0 +00000-0 0  9996
2 27901 063.8070 286.4237 6636449 039.6215 353.5420 02.01103833140133
0 COSMOS 1261 DEB
1 27901U 81031J   20335.57032563  .00000721  00000-0  00000+0 0  9995
2 27901  63.8070 286.4237 6636449  39.6215 353.5420  2.01103833140122
0 COSMOS 1261 DEB
1 27901U 81031J   20336.56482423 +.00000753 +00000-0 +00000-0 0  9995
2 27901 063.8039 286.3256 6636847 039.6176 353.5423 02.01104990140156
0 COSMOS 1261 DEB
1 27901U 81031J   20337.55932018  .00000786  00000-0  00000-0 0  9991
2 27901  63.8009 286.2284 6637273  39.6127 353.5449  2.01106195140172
0 COSMOS 1261 DEB
1 27901U 81031J   20338.55381388  .00000818  00000-0  00000+0 0  9995
2 27901  63.7981 286.1301 6637663  39.6082 353.5493  2.01107402140184
0 COSMOS 1261 DEB
1 27901U 81031J   20338.55381388  .00000818  00000-0  00000-0 0  9996
2 27901  63.7981 286.1301 6637663  39.6082 353.5493  2.01107402140195
0 COSMOS 1261 DEB
1 27901U 81031J   20339.54830148  .00000850  00000-0  00000-0 0  9995
2 27901  63.7955 286.0314 6638041  39.6033 353.5550  2.01108718140214
0 COSMOS 1261 DEB
1 27901U 81031J   20340.54278380  .00000878  00000-0  00000-0 0  9991
2 27901  63.7926 285.9330 6638434  39.5987 353.5610  2.01110024140233
0 COSMOS 1261 DEB
1 27901U 81031J   20341.53725773 +.00000902 +00000-0 +00000-0 0  9992
2 27901 063.7898 285.8346 6638827 039.5942 353.5659 02.01111394140250
0 COSMOS 1261 DEB
1 27901U 81031J   20341.53725773  .00000902  00000-0  00000+0 0  9991
2 27901  63.7898 285.8346 6638827  39.5942 353.5659  2.01111394140249
0 COSMOS 1261 DEB
1 27901U 81031J   20341.53725773 +.00000902 +00000-0 +00000-0 0  9992
2 27901 063.7898 285.8346 6638827 039.5942 353.5659 02.01111394140249
0 COSMOS 1261 DEB
1 27901U 81031J   20342.53172079 +.00000922 +00000-0 +00000-0 0  9990
2 27901 063.7869 285.7363 6639219 039.5896 353.5686 02.01112830140278
0 COSMOS 1261 DEB
1 27901U 81031J   20343.52617333  .00000935  00000-0  00000-0 0  9991
2 27901  63.7840 285.6377 6639608  39.5850 353.5682  2.01114277140298
0 COSMOS 1261 DEB
1 27901U 81031J   20344.52061303  .00000944  00000-0  00000+0 0  9991
2 27901  63.7812 285.5392 6640000  39.5803 353.5646  2.01115797140309
0 COSMOS 1261 DEB
1 27901U 81031J   20344.52061303  .00000944  00000-0  00000-0 0  9992
2 27901  63.7812 285.5392 6640000  39.5803 353.5646  2.01115797140310
0 COSMOS 1261 DEB
1 27901U 81031J   20345.51504263 +.00000949 +00000-0 +00000-0 0  9994
2 27901 063.7784 285.4406 6640387 039.5757 353.5585 02.01117325140332
0 COSMOS 1261 DEB
1 27901U 81031J   20346.50946201 +.00000951 +00000-0 +00000-0 0  9999
2 27901 063.7755 285.3421 6640782 039.5709 353.5514 02.01118929140357
0 COSMOS 1261 DEB
1 27901U 81031J   20347.50387445  .00000955  00000-0  00000+0 0  9992
2 27901  63.7727 285.2435 6641172  39.5662 353.5449  2.01120571140366
0 COSMOS 1261 DEB
1 27901U 81031J   20347.50387445  .00000955  00000-0  00000-0 0  9993
2 27901  63.7727 285.2435 6641172  39.5662 353.5449  2.01120571140377
0 COSMOS 1261 DEB
1 27901U 81031J   20352.47586456  .00001015  00000-0  00000+0 0  9995
2 27901  63.7591 284.7498 6643147  39.5427 353.5550  2.01129523140461
0 COSMOS 1261 DEB
1 27901U 81031J   20352.47586456  .00001015  00000-0  00000-0 0  9996
2 27901  63.7591 284.7498 6643147  39.5427 353.5550  2.01129523140472
0 COSMOS 1261 DEB
1 27901U 81031J   20355.45896746  .00001046  00000-0  00000+0 0  9996
2 27901  63.7509 284.4530 6644308  39.5285 353.5749  2.01135369140528
0 COSMOS 1261 DEB
1 27901U 81031J   20355.45896746  .00001046  00000-0  00000-0 0  9997
2 27901  63.7509 284.4530 6644308  39.5285 353.5749  2.01135369140539
0 COSMOS 1261 DEB
1 27901U 81031J   20357.44764178  .00001048  00000-0  00000-0 0  9993
2 27901  63.7454 284.2550 6645064  39.5187 353.5802  2.01139433140579
0 COSMOS 1261 DEB
1 27901U 81031J   20358.44196076  .00001045  00000-0  00000+0 0  9996
2 27901  63.7427 284.1559 6645431  39.5138 353.5805  2.01141501140584
0 COSMOS 1261 DEB
1 27901U 81031J   20359.43626848  .00001042  00000-0  00000-0 0  9999
2 27901  63.7401 284.0568 6645803  39.5088 353.5802  2.01143592140615
0 COSMOS 1261 DEB
1 27901U 81031J   20360.43056562  .00001040  00000-0  00000-0 0  9999
2 27901  63.7375 283.9577 6646172  39.5038 353.5798  2.01145698140633
0 COSMOS 1261 DEB
1 27901U 81031J   20361.92199365  .00001040  00000-0  00000+0 0  9992
2 27901  63.7334 283.8091 6646742  39.4960 353.5810  2.01148882140659
0 COSMOS 1261 DEB
1 27901U 81031J   20361.92199365  .00001040  00000-0  00000-0 0  9993
2 27901  63.7334 283.8091 6646742  39.4960 353.5810  2.01148882140660
0 COSMOS 1261 DEB
1 27901U 81031J   20362.41913336  .00001040  00000-0  00000-0 0  9990
2 27901  63.7320 283.7594 6646929  39.4935 353.5821  2.01149954140675
0 COSMOS 1261 DEB
1 27901U 81031J   20363.91053795  .00001044  00000-0  00000-0 0  9994
2 27901  63.7279 283.6105 6647495  39.4858 353.5885  2.01153150140705
0 COSMOS 1261 DEB
1 27901U 81031J   20365.40192626  .00001046  00000-0  00000+0 0  9998
2 27901  63.7238 283.4615 6648063  39.4780 353.5995  2.01156295140727
0 COSMOS 1261 DEB
1 27901U 81031J   20365.40192626  .00001046  00000-0  00000-0 0  9999
2 27901  63.7238 283.4615 6648063  39.4780 353.5995  2.01156295140738
0 COSMOS 1261 DEB
1 27901U 81031J   20366.39617449  .00001046  00000-0  00000-0 0  9993
2 27901  63.7212 283.3621 6648441  39.4728 353.6088  2.01158396140758
0 COSMOS 1261 DEB
1 27901U 81031J   21002.38463925  .00001032  00000-0  00000+0 0  9992
2 27901  63.7159 283.1630 6649206  39.4624 353.6274  2.01162569140788
0 COSMOS 1261 DEB
1 27901U 81031J   21002.88174697  .00001026  00000-0  00000-0 0  9996
2 27901  63.7144 283.1133 6649393  39.4597 353.6311  2.01163591140807
0 COSMOS 1261 DEB
1 27901U 81031J   21003.37885270  .00001017  00000-0  00000-0 0  9997
2 27901  63.7131 283.0635 6649587  39.4571 353.6343  2.01164613140818
0 COSMOS 1261 DEB
1 27901U 81031J   21003.87595442  .00001008  00000-0  00000-0 0  9991
2 27901  63.7120 283.0137 6649774  39.4545 353.6367  2.01165609140825
0 COSMOS 1261 DEB
1 27901U 81031J   21005.36723781  .00000969  00000-0  00000+0 0  9990
2 27901  63.7081 282.8641 6650352  39.4466 353.6391  2.01168618140846
0 COSMOS 1261 DEB
1 27901U 81031J   21005.36723781  .00000969  00000-0  00000-0 0  9991
2 27901  63.7081 282.8641 6650352  39.4466 353.6391  2.01168618140857
0 COSMOS 1261 DEB
1 27901U 81031J   21005.86432429  .00000953  00000-0  00000-0 0  9995
2 27901  63.7068 282.8143 6650530  39.4440 353.6384  2.01169617140862
0 COSMOS 1261 DEB
1 27901U 81031J   21006.36140845  .00000937  00000-0  00000-0 0  9991
2 27901  63.7054 282.7644 6650724  39.4414 353.6371  2.01170610140870
0 COSMOS 1261 DEB
1 27901U 81031J   21007.35556720  .00000902  00000-0  00000-0 0  9996
2 27901  63.7028 282.6646 6651114  39.4361 353.6337  2.01172568140895
0 COSMOS 1261 DEB
1 27901U 81031J   21007.85264319  .00000884  00000-0  00000-0 0  9990
2 27901  63.7015 282.6148 6651305  39.4334 353.6318  2.01173512140901
0 COSMOS 1261 DEB
1 27901U 81031J   21007.85264319  .00000884  00000-0  00000+0 0  9999
2 27901  63.7015 282.6148 6651305  39.4334 353.6318  2.01173512140899
0 COSMOS 1261 DEB
1 27901U 81031J   21008.34971719  .00000866  00000-0  00000-0 0  9994
2 27901  63.7002 282.5648 6651506  39.4308 353.6303  2.01174477140911
0 COSMOS 1261 DEB
1 27901U 81031J   21008.84678905  .00000848  00000-0  00000-0 0  9990
2 27901  63.6989 282.5150 6651695  39.4281 353.6292  2.01175414140921
0 COSMOS 1261 DEB
1 27901U 81031J   21009.34385975  .00000831  00000-0  00000-0 0  9990
2 27901  63.6968 282.4653 6651814  39.4270 353.6282  2.01176325140938
0 COSMOS 1261 DEB
1 27901U 81031J   21009.84093172  .00000815  00000-0  00000-0 0  9992
2 27901  63.6956 282.4155 6652002  39.4243 353.6285  2.01177159140942
0 COSMOS 1261 DEB
1 27901U 81031J   21010.33799989  .00000800  00000-0  00000-0 0  9991
2 27901  63.6942 282.3654 6652214  39.4217 353.6296  2.01178092140956
0 COSMOS 1261 DEB
1 27901U 81031J   21011.33212963  .00000772  00000-0  00000-0 0  9992
2 27901  63.6915 282.2655 6652610  39.4165 353.6344  2.01180016140973
0 COSMOS 1261 DEB
1 27901U 81031J   21011.82919304  .00000759  00000-0  00000-0 0  9994
2 27901  63.6904 282.2156 6652808  39.4137 353.6380  2.01180932140983
0 COSMOS 1261 DEB
1 27901U 81031J   21012.32625653  .00000746  00000-0  00000-0 0  9997
2 27901  63.6891 282.1655 6653009  39.4111 353.6423  2.01181841140996
0 COSMOS 1261 DEB
1 27901U 81031J   21013.32038080  .00000721  00000-0  00000-0 0  9993
2 27901  63.6864 282.0655 6653429  39.4058 353.6521  2.01183512141011
0 COSMOS 1261 DEB
1 27901U 81031J   21013.32038080  .00000721  00000-0  00000+0 0  9992
2 27901  63.6864 282.0655 6653429  39.4058 353.6521  2.01183512141000
0 COSMOS 1261 DEB
1 27901U 81031J   21014.31449502  .00000695  00000-0  00000-0 0  9998
2 27901  63.6838 281.9653 6653824  39.4007 353.6625  2.01185218141033
0 COSMOS 1261 DEB
1 27901U 81031J   21014.81154820  .00000680  00000-0  00000-0 0  9993
2 27901  63.6827 281.9154 6654017  39.3979 353.6675  2.01186039141047
0 COSMOS 1261 DEB
1 27901U 81031J   21015.30859963  .00000665  00000-0  00000-0 0  9991
2 27901  63.6814 281.8652 6654234  39.3954 353.6724  2.01186874141052
0 COSMOS 1261 DEB
1 27901U 81031J   21016.30269463  .00000632  00000-0  00000+0 0  9995
2 27901  63.6788 281.7649 6654631  39.3902 353.6807  2.01188480141069
0 COSMOS 1261 DEB
1 27901U 81031J   21016.30269463  .00000632  00000-0  00000-0 0  9996
2 27901  63.6788 281.7649 6654631  39.3902 353.6807  2.01188480141070
0 COSMOS 1261 DEB
1 27901U 81031J   21016.79973799  .00000613  00000-0  00000-0 0  9992
2 27901  63.6776 281.7149 6654816  39.3874 353.6841  2.01189232141080
0 COSMOS 1261 DEB
1 27901U 81031J   21017.29677921  .00000594  00000-0  00000-0 0  9994
2 27901  63.6763 281.6646 6655030  39.3849 353.6871  2.01190015141093
0 COSMOS 1261 DEB
1 27901U 81031J   21017.79382081  .00000574  00000-0  00000-0 0  9997
2 27901  63.6752 281.6148 6655240  39.3823 353.6896  2.01190722141107
0 COSMOS 1261 DEB
1 27901U 81031J   21018.78788967  .00000533  00000-0  00000+0 0  9994
2 27901  63.6726 281.5145 6655647  39.3770 353.6933  2.01192220141114
0 COSMOS 1261 DEB
1 27901U 81031J   21018.78788967  .00000533  00000-0  00000-0 0  9995
2 27901  63.6726 281.5145 6655647  39.3770 353.6933  2.01192220141125
0 COSMOS 1261 DEB
1 27901U 81031J   21020.27898207  .00000470  00000-0  00000-0 0  9991
2 27901  63.6684 281.3638 6656246  39.3692 353.6967  2.01194222141156
0 COSMOS 1261 DEB
1 27901U 81031J   21021.77005335  .00000411  00000-0  00000+0 0  9993
2 27901  63.6647 281.2133 6656821  39.3610 353.6997  2.01196198141172
0 COSMOS 1261 DEB
1 27901U 81031J   21021.77005335  .00000411  00000-0  00000-0 0  9994
2 27901  63.6647 281.2133 6656821  39.3610 353.6997  2.01196198141183
0 COSMOS 1261 DEB
1 27901U 81031J   21022.26707529  .00000393  00000-0  00000-0 0  9992
2 27901  63.6627 281.1628 6657032  39.3586 353.7011  2.01196832141190
0 COSMOS 1261 DEB
1 27901U 81031J   21022.76409781  .00000376  00000-0  00000-0 0  9997
2 27901  63.6614 281.1126 6657229  39.3559 353.7028  2.01197381141207
0 COSMOS 1261 DEB
1 27901U 81031J   21023.75813657  .00000343  00000-0  00000-0 0  9992
2 27901  63.6591 281.0122 6657613  39.3503 353.7074  2.01198489141225
0 COSMOS 1261 DEB
1 27901U 81031J   21024.25515591  .00000328  00000-0  00000+0 0  9996
2 27901  63.6577 280.9618 6657828  39.3477 353.7104  2.01199033141225
0 COSMOS 1261 DEB
1 27901U 81031J   21024.25515591  .00000328  00000-0  00000-0 0  9997
2 27901  63.6577 280.9618 6657828  39.3477 353.7104  2.01199033141236
0 COSMOS 1261 DEB
1 27901U 81031J   21024.75217571  .00000313  00000-0  00000-0 0  9993
2 27901  63.6567 280.9117 6658008  39.3449 353.7138  2.01199462141243
0 COSMOS 1261 DEB
1 27901U 81031J   21028.23128918  .00000210  00000-0  00000+0 0  9991
2 27901  63.6468 280.5591 6659394  39.3263 353.7490  2.01202370141309
0 COSMOS 1261 DEB
1 27901U 81031J   21028.23128918  .00000210  00000-0  00000-0 0  9992
2 27901  63.6468 280.5591 6659394  39.3263 353.7490  2.01202370141310
0 COSMOS 1261 DEB
1 27901U 81031J   21029.22531462  .00000176  00000-0  00000-0 0  9995
2 27901  63.6437 280.4582 6659797  39.3209 353.7596  2.01202971141338
0 COSMOS 1261 DEB
1 27901U 81031J   21029.72232601  .00000158  00000-0  00000-0 0  9993
2 27901  63.6424 280.4078 6659995  39.3182 353.7642  2.01203193141344
0 COSMOS 1261 DEB
1 27901U 81031J   21030.21933532  .00000139  00000-0  00000-0 0  9999
2 27901  63.6409 280.3572 6660195  39.3156 353.7683  2.01203451141353
0 COSMOS 1261 DEB
1 27901U 81031J   21031.71035424  .00000074  00000-0  00000-0 0  9996
2 27901  63.6361 280.2057 6660801  39.3074 353.7760  2.01204003141383
0 COSMOS 1261 DEB
1 27901U 81031J   21031.71035424  .00000074  00000-0  00000+0 0  9995
2 27901  63.6361 280.2057 6660801  39.3074 353.7760  2.01204003141372
0 COSMOS 1261 DEB
1 27901U 81031J   21033.20135962  .00000002  00000-0  00000-0 0  9991
2 27901  63.6315 280.0539 6661425  39.2991 353.7766  2.01204355141415
0 COSMOS 1261 DEB
1 27901U 81031J   21033.69835911 -.00000024  00000-0  00000-0 0  9990
2 27901  63.6302 280.0034 6661630  39.2963 353.7756  2.01204426141427
0 COSMOS 1261 DEB
1 27901U 81031J   21034.19535789 -.00000049  00000-0  00000+0 0  9992
2 27901  63.6286 279.9526 6661840  39.2935 353.7742  2.01204471141428
0 COSMOS 1261 DEB
1 27901U 81031J   21034.19535789 -.00000049  00000-0  00000-0 0  9993
2 27901  63.6286 279.9526 6661840  39.2935 353.7742  2.01204471141439
0 COSMOS 1261 DEB
1 27901U 81031J   21034.69235646 -.00000075  00000-0  00000-0 0  9996
2 27901  63.6273 279.9022 6662039  39.2907 353.7727  2.01204498141449
0 COSMOS 1261 DEB
1 27901U 81031J   21035.68635434 -.00000124  00000-0  00000-0 0  9990
2 27901  63.6242 279.8006 6662480  39.2850 353.7702  2.01204465141462
0 COSMOS 1261 DEB
1 27901U 81031J   21036.18335362 -.00000147  00000-0  00000-0 0  9998
2 27901  63.6229 279.7499 6662692  39.2825 353.7696  2.01204430141474
0 COSMOS 1261 DEB
1 27901U 81031J   21036.68035500 -.00000168  00000-0  00000+0 0  9996
2 27901  63.6215 279.6994 6662921  39.2796 353.7696  2.01204358141479
0 COSMOS 1261 DEB
1 27901U 81031J   21036.68035500 -.00000168  00000-0  00000-0 0  9997
2 27901  63.6215 279.6994 6662921  39.2796 353.7696  2.01204358141480
0 COSMOS 1261 DEB
1 27901U 81031J   21037.17735675 -.00000189  00000-0  00000-0 0  9995
2 27901  63.6197 279.6485 6663143  39.2770 353.7705  2.01204257141493
0 COSMOS 1261 DEB
1 27901U 81031J   21037.67436038 -.00000208  00000-0  00000-0 0  9993
2 27901  63.6185 279.5980 6663368  39.2743 353.7720  2.01204160141500
0 COSMOS 1261 DEB
1 27901U 81031J   21038.17136475 -.00000226  00000-0  00000-0 0  9991
2 27901  63.6166 279.5471 6663591  39.2717 353.7744  2.01204016141510
0 COSMOS 1261 DEB
1 27901U 81031J   21038.66837119 -.00000242  00000-0  00000-0 0  9996
2 27901  63.6154 279.4966 6663812  39.2694 353.7775  2.01203877141524
0 COSMOS 1261 DEB
1 27901U 81031J   21039.16537852 -.00000258  00000-0  00000+0 0  9999
2 27901  63.6136 279.4458 6664030  39.2669 353.7814  2.01203696141528
0 COSMOS 1261 DEB
1 27901U 81031J   21039.16537852 -.00000258  00000-0  00000-0 0  9990
2 27901  63.6136 279.4458 6664030  39.2669 353.7814  2.01203696141539
0 COSMOS 1261 DEB
1 27901U 81031J   21039.66238736 -.00000273  00000-0  00000-0 0  9991
2 27901  63.6123 279.3954 6664249  39.2646 353.7856  2.01203521141546
0 COSMOS 1261 DEB
1 27901U 81031J   21040.65640772 -.00000301  00000-0  00000-0 0  9991
2 27901  63.6092 279.2940 6664684  39.2598 353.7952  2.01203077141569
0 COSMOS 1261 DEB
1 27901U 81031J   21041.65043076 -.00000329  00000-0  00000+0 0  9995
2 27901  63.6063 279.1929 6665111  39.2551 353.8048  2.01202572141575
0 COSMOS 1261 DEB
1 27901U 81031J   21041.65043076 -.00000329  00000-0  00000-0 0  9996
2 27901  63.6063 279.1929 6665111  39.2551 353.8048  2.01202572141586
0 COSMOS 1261 DEB
1 27901U 81031J   21042.14744236 -.00000343  00000-0  00000-0 0  9993
2 27901  63.6045 279.1419 6665331  39.2525 353.8094  2.01202256141596
0 COSMOS 1261 DEB
1 27901U 81031J   21042.64445462 -.00000358  00000-0  00000-0 0  9993
2 27901  63.6032 279.0914 6665554  39.2503 353.8135  2.01201963141606
0 COSMOS 1261 DEB
1 27901U 81031J   21043.14146667 -.00000373  00000-0  00000-0 0  9991
2 27901  63.6014 279.0404 6665766  39.2478 353.8172  2.01201617141614
0 COSMOS 1261 DEB
1 27901U 81031J   21043.63847928 -.00000389  00000-0  00000-0 0  9990
2 27901  63.6001 278.9901 6665990  39.2456 353.8203  2.01201292141620
0 COSMOS 1261 DEB
1 27901U 81031J   21044.63250506 -.00000422  00000-0  00000+0 0  9998
2 27901  63.5969 278.8887 6666427  39.2411 353.8249  2.01200531141637
0 COSMOS 1261 DEB
1 27901U 81031J   21044.63250506 -.00000422  00000-0  00000-0 0  9999
2 27901  63.5969 278.8887 6666427  39.2411 353.8249  2.01200531141648
0 COSMOS 1261 DEB
1 27901U 81031J   21045.62653202 -.00000456  00000-0  00000-0 0  9996
2 27901  63.5936 278.7872 6666863  39.2365 353.8277  2.01199698141661
0 COSMOS 1261 DEB
1 27901U 81031J   21046.62056064 -.00000488  00000-0  00000-0 0  9995
2 27901  63.5902 278.6853 6667296  39.2320 353.8289  2.01198776141685
0 COSMOS 1261 DEB
1 27901U 81031J   21046.62056117 -.00000488  00000-0  00000-0 0  9994
2 27901  63.5904 278.6857 6667298  39.2320 353.8289  2.01198798141687
0 COSMOS 1261 DEB
1 27901U 81031J   21047.61459452 -.00000518  00000-0  00000-0 0  9997
2 27901  63.5872 278.5841 6667733  39.2277 353.8294  2.01197808141708
0 COSMOS 1261 DEB
1 27901U 81031J   21047.61459452 -.00000518  00000-0  00000+0 0  9996
2 27901  63.5872 278.5841 6667733  39.2277 353.8294  2.01197808141696
0 COSMOS 1261 DEB
1 27901U 81031J   21048.60863235 -.00000543  00000-0  00000-0 0  9993
2 27901  63.5840 278.4825 6668165  39.2232 353.8300  2.01196768141729
0 COSMOS 1261 DEB
1 27901U 81031J   21049.60267652 -.00000563  00000-0  00000-0 0  9997
2 27901  63.5810 278.3810 6668593  39.2187 353.8314  2.01195658141747
0 COSMOS 1261 DEB
1 27901U 81031J   21050.59672894 -.00000578  00000-0  00000+0 0  9990
2 27901  63.5779 278.2794 6669036  39.2143 353.8341  2.01194463141750
0 COSMOS 1261 DEB
1 27901U 81031J   21051.59079022 -.00000589  00000-0  00000-0 0  9998
2 27901  63.5747 278.1778 6669484  39.2099 353.8386  2.01193189141789
0 COSMOS 1261 DEB
1 27901U 81031J   21052.58486038 -.00000597  00000-0  00000-0 0  9996
2 27901  63.5716 278.0761 6669939  39.2057 353.8449  2.01191852141803
0 COSMOS 1261 DEB
1 27901U 81031J   21053.57893931 -.00000602  00000-0  00000-0 0  9997
2 27901  63.5684 277.9745 6670401  39.2015 353.8529  2.01190456141827
0 COSMOS 1261 DEB
1 27901U 81031J   21053.57893931 -.00000602  00000-0  00000+0 0  9996
2 27901  63.5684 277.9745 6670401  39.2015 353.8529  2.01190456141816
0 COSMOS 1261 DEB
1 27901U 81031J   21054.07598138 -.00000605  00000-0  00000-0 0  9997
2 27901  63.5666 277.9233 6670613  39.1993 353.8572  2.01189690141835
0 COSMOS 1261 DEB
1 27901U 81031J   21055.56712227 -.00000613  00000-0  00000-0 0  9998
2 27901  63.5618 277.7709 6671319  39.1935 353.8707  2.01187450141863
0 COSMOS 1261 DEB
1 27901U 81031J   21056.56122347 -.00000621  00000-0  00000-0 0  9996
2 27901  63.5586 277.6692 6671790  39.1895 353.8786  2.01185871141889
0 COSMOS 1261 DEB
1 27901U 81031J   21056.56122347 -.00000621  00000-0  00000+0 0  9995
2 27901  63.5586 277.6692 6671790  39.1895 353.8786  2.01185871141878
0 COSMOS 1261 DEB
1 27901U 81031J   21057.05827469 -.00000626  00000-0  00000-0 0  9993
2 27901  63.5567 277.6180 6672006  39.1874 353.8819  2.01184994141891
0 COSMOS 1261 DEB
1 27901U 81031J   21057.55532937 -.00000632  00000-0  00000-0 0  9998
2 27901  63.5552 277.5674 6672252  39.1857 353.8843  2.01184236141904
0 COSMOS 1261 DEB
1 27901U 81031J   21058.05238291 -.00000638  00000-0  00000-0 0  9996
2 27901  63.5534 277.5163 6672442  39.1836 353.8860  2.01183350141911
0 COSMOS 1261 DEB
1 27901U 81031J   21058.54943893 -.00000646  00000-0  00000-0 0  9990
2 27901  63.5519 277.4655 6672698  39.1819 353.8869  2.01182551141925
0 COSMOS 1261 DEB
1 27901U 81031J   21060.53766992 -.00000683  00000-0  00000-0 0  9996
2 27901  63.5455 277.2619 6673636  39.1745 353.8826  2.01179070141962
0 COSMOS 1261 DEB
1 27901U 81031J   21060.53766992 -.00000683  00000-0  00000+0 0  9995
2 27901  63.5455 277.2619 6673636  39.1745 353.8826  2.01179070141951
0 COSMOS 1261 DEB
1 27901U 81031J   21062.52592474 -.00000721  00000-0  00000-0 0  9992
2 27901  63.5390 277.0582 6674571  39.1675 353.8713  2.01175498142009
0 COSMOS 1261 DEB
1 27901U 81031J   21063.52006770 -.00000736  00000-0  00000+0 0  9997
2 27901  63.5357 276.9564 6675056  39.1642 353.8670  2.01173675142011
0 COSMOS 1261 DEB
1 27901U 81031J   21063.52006770 -.00000736  00000-0  00000-0 0  9998
2 27901  63.5357 276.9564 6675056  39.1642 353.8670  2.01173675142022
0 COSMOS 1261 DEB
1 27901U 81031J   21064.51422247 -.00000745  00000-0  00000-0 0  9999
2 27901  63.5326 276.8546 6675547  39.1608 353.8654  2.01171866142048
0 COSMOS 1261 DEB
1 27901U 81031J   21065.50839102 -.00000750  00000-0  00000-0 0  9997
2 27901  63.5293 276.7527 6676020  39.1577 353.8668  2.01170027142066
0 COSMOS 1261 DEB
1 27901U 81031J   21066.50257196 -.00000749  00000-0  00000+0 0  9992
2 27901  63.5260 276.6507 6676503  39.1547 353.8709  2.01168206142073
0 COSMOS 1261 DEB
1 27901U 81031J   21066.50257196 -.00000749  00000-0  00000-0 0  9993
2 27901  63.5260 276.6507 6676503  39.1547 353.8709  2.01168206142084
0 COSMOS 1261 DEB
1 27901U 81031J   21067.49676469 -.00000746  00000-0  00000-0 0  9997
2 27901  63.5228 276.5488 6676984  39.1517 353.8768  2.01166373142106
0 COSMOS 1261 DEB
1 27901U 81031J   21068.49096601 -.00000743  00000-0  00000-0 0  9999
2 27901  63.5196 276.4468 6677466  39.1488 353.8830  2.01164577142126
0 COSMOS 1261 DEB
1 27901U 81031J   21069.48517600 -.00000742  00000-0  00000+0 0  9994
2 27901  63.5163 276.3450 6677939  39.1459 353.8884  2.01162752142136
0 COSMOS 1261 DEB
1 27901U 81031J   21069.48517600 -.00000742  00000-0  00000-0 0  9995
2 27901  63.5163 276.3450 6677939  39.1459 353.8884  2.01162752142147
0 COSMOS 1261 DEB
1 27901U 81031J   21070.47939153 -.00000743  00000-0  00000-0 0  9998
2 27901  63.5132 276.2431 6678417  39.1431 353.8919  2.01160973142167
0 COSMOS 1261 DEB
1 27901U 81031J   21072.46784224 -.00000750  00000-0  00000+0 0  9993
2 27901  63.5069 276.0394 6679361  39.1375 353.8926  2.01157395142193
0 COSMOS 1261 DEB
1 27901U 81031J   21072.46784224 -.00000750  00000-0  00000-0 0  9994
2 27901  63.5069 276.0394 6679361  39.1375 353.8926  2.01157395142205
0 COSMOS 1261 DEB
1 27901U 81031J   21073.46207660 -.00000755  00000-0  00000-0 0  9994
2 27901  63.5037 275.9374 6679829  39.1349 353.8904  2.01155652142228
0 COSMOS 1261 DEB
1 27901U 81031J   21074.45631899 -.00000757  00000-0  00000-0 0  9991
2 27901  63.5004 275.8355 6680293  39.1323 353.8873  2.01153912142243
0 COSMOS 1261 DEB
1 27901U 81031J   21075.45057018 -.00000755  00000-0  00000+0 0  9994
2 27901  63.4970 275.7335 6680749  39.1299 353.8842  2.01152183142255
0 COSMOS 1261 DEB
1 27901U 81031J   21075.45057018 -.00000755  00000-0  00000-0 0  9995
2 27901  63.4970 275.7335 6680749  39.1299 353.8842  2.01152183142266
0 COSMOS 1261 DEB
1 27901U 81031J   21076.44483077 -.00000749  00000-0  00000-0 0  9996
2 27901  63.4937 275.6314 6681205  39.1277 353.8818  2.01150477142288
0 COSMOS 1261 DEB
1 27901U 81031J   21077.93624143 -.00000731  00000-0  00000+0 0  9992
2 27901  63.4887 275.4782 6681903  39.1241 353.8809  2.01147923142300
0 COSMOS 1261 DEB
1 27901U 81031J   21077.93624143 -.00000731  00000-0  00000-0 0  9993
2 27901  63.4887 275.4782 6681903  39.1241 353.8809  2.01147923142311
0 COSMOS 1261 DEB
1 27901U 81031J   21085.89079414 -.00000609  00000-0  00000+0 0  9995
2 27901  63.4637 274.6629 6685766  39.1052 353.9066  2.01134645142465
0 COSMOS 1261 DEB
1 27901U 81031J   21085.89079414 -.00000609  00000-0  00000-0 0  9996
2 27901  63.4637 274.6629 6685766  39.1052 353.9066  2.01134645142476
0 COSMOS 1261 DEB
1 27901U 81031J   21087.38231171 -.00000606  00000-0  00000-0 0  9999
2 27901  63.4592 274.5102 6686470  39.1015 353.8988  2.01132283142505
0 COSMOS 1261 DEB
1 27901U 81031J   21087.38231191 -.00000606  00000-0  00000-0 0  9991
2 27901  63.4591 274.5103 6686497  39.1016 353.8987  2.01132258142506
0 COSMOS 1261 DEB
1 27901U 81031J   21092.35415365 -.00000589  00000-0  00000+0 0  9990
2 27901  63.4438 274.0005 6688932  39.0911 353.8668  2.01124720142591
0 COSMOS 1261 DEB
1 27901U 81031J   21092.35415365 -.00000589  00000-0  00000-0 0  9991
2 27901  63.4438 274.0005 6688932  39.0911 353.8668  2.01124720142603
0 COSMOS 1261 DEB
1 27901U 81031J   21095.33738072 -.00000542  00000-0  00000+0 0  9993
2 27901  63.4347 273.6944 6690396  39.0857 353.8738  2.01120584142652
0 COSMOS 1261 DEB
1 27901U 81031J   21095.33738072 -.00000542  00000-0  00000-0 0  9994
2 27901  63.4347 273.6944 6690396  39.0857 353.8738  2.01120584142663
0 COSMOS 1261 DEB
1 27901U 81031J   21103.79011206 -.00000451  00000-0  00000+0 0  9995
2 27901  63.4087 272.8274 6694349  39.0713 353.8544  2.01110534142821
0 COSMOS 1261 DEB
1 27901U 81031J   21103.79011246 -.00000451  00000-0  00000-0 0  9990
2 27901  63.4092 272.8267 6694432  39.0705 353.8545  2.01110532142833
0 COSMOS 1261 DEB
1 27901U 81031J   21104.28734473 -.00000440  00000-0  00000-0 0  9997
2 27901  63.4077 272.7758 6694650  39.0697 353.8533  2.01110016142847
0 COSMOS 1261 DEB
1 27901U 81031J   21105.28181636 -.00000416  00000-0  00000-0 0  9998
2 27901  63.4047 272.6736 6695105  39.0682 353.8524  2.01108971142868
0 COSMOS 1261 DEB
1 27901U 81031J   21107.76802551 -.00000344  00000-0  00000+0 0  9998
2 27901  63.3974 272.4181 6696244  39.0638 353.8586  2.01106459142906
0 COSMOS 1261 DEB
1 27901U 81031J   21107.76802551 -.00000344  00000-0  00000-0 0  9999
2 27901  63.3974 272.4181 6696244  39.0638 353.8586  2.01106459142917
0 COSMOS 1261 DEB
1 27901U 81031J   21108.76252179 -.00000315  00000-0  00000-0 0  9993
2 27901  63.3943 272.3160 6696684  39.0623 353.8632  2.01105507142938
0 COSMOS 1261 DEB
1 27901U 81031J   21109.75702154 -.00000288  00000-0  00000-0 0  9995
2 27901  63.3913 272.2137 6697172  39.0608 353.8679  2.01104577142953
0 COSMOS 1261 DEB
1 27901U 81031J   21111.74603045 -.00000244  00000-0  00000+0 0  9997
2 27901  63.3851 272.0094 6698078  39.0578 353.8733  2.01102771142984
0 COSMOS 1261 DEB
1 27901U 81031J   21111.74603045 -.00000244  00000-0  00000-0 0  9998
2 27901  63.3851 272.0094 6698078  39.0578 353.8733  2.01102771142995
0 COSMOS 1261 DEB
1 27901U 81031J   21113.73504152 -.00000215  00000-0  00000-0 0  9996
2 27901  63.3791 271.8051 6698985  39.0548 353.8679  2.01101061143038
0 COSMOS 1261 DEB
1 27901U 81031J   21114.72954705 -.00000205  00000-0  00000-0 0  9998
2 27901  63.3761 271.7032 6699457  39.0538 353.8610  2.01100258143040
0 COSMOS 1261 DEB
1 27901U 81031J   21119.20487044 -.00000151  00000-0  00000-0 0  9993
2 27901  63.3629 271.2444 6701592  39.0488 353.8314  2.01097080143143
0 COSMOS 1261 DEB
1 27901U 81031J   21119.70213682 -.00000140  00000-0  00000-0 0  9991
2 27901  63.3615 271.1934 6701823  39.0480 353.8313  2.01096780143156
0 COSMOS 1261 DEB
1 27901U 81031J   21120.19940512 -.00000128  00000-0  00000+0 0  9990
2 27901  63.3600 271.1423 6702059  39.0474 353.8318  2.01096488143158
0 COSMOS 1261 DEB
1 27901U 81031J   21120.19940512 -.00000128  00000-0  00000-0 0  9991
2 27901  63.3600 271.1423 6702059  39.0474 353.8318  2.01096488143169
0 COSMOS 1261 DEB
1 27901U 81031J   21120.69667345 -.00000116  00000-0  00000-0 0  9993
2 27901  63.3589 271.0901 6702211  39.0447 353.8331  2.01096189143179
0 COSMOS 1261 DEB
1 27901U 81031J   21121.69121652 -.00000090  00000-0  00000-0 0  9991
2 27901  63.3560 270.9879 6702679  39.0435 353.8367  2.01095657143195
0 COSMOS 1261 DEB
1 27901U 81031J   21122.68576272 -.00000066  00000-0  00000+0 0  9995
2 27901  63.3530 270.8856 6703159  39.0421 353.8407  2.01095185143208
0 COSMOS 1261 DEB
1 27901U 81031J   21122.68576272 -.00000066  00000-0  00000-0 0  9996
2 27901  63.3530 270.8856 6703159  39.0421 353.8407  2.01095185143219
0 COSMOS 1261 DEB
1 27901U 81031J   21123.68031075 -.00000043  00000-0  00000-0 0  9999
2 27901  63.3501 270.7832 6703630  39.0409 353.8439  2.01094736143238
0 COSMOS 1261 DEB
1 27901U 81031J   21124.67485741 -.00000024  00000-0  00000-0 0  9991
2 27901  63.3471 270.6809 6704092  39.0398 353.8454  2.01094364143253
0 COSMOS 1261 DEB
1 27901U 81031J   21125.66940330 -.00000008  00000-0  00000+0 0  9992
2 27901  63.3443 270.5785 6704544  39.0384 353.8448  2.01094029143263
0 COSMOS 1261 DEB
1 27901U 81031J   21125.66940330 -.00000008  00000-0  00000-0 0  9993
2 27901  63.3443 270.5785 6704544  39.0384 353.8448  2.01094029143274
0 COSMOS 1261 DEB
1 27901U 81031J   21128.65303784  .00000037  00000-0  00000+0 0  9991
2 27901  63.3343 270.2728 6705912  39.0378 353.8344  2.01093318143321
0 COSMOS 1261 DEB
1 27901U 81031J   21128.65303784  .00000037  00000-0  00000-0 0  9992
2 27901  63.3343 270.2728 6705912  39.0378 353.8344  2.01093318143332
0 COSMOS 1261 DEB
1 27901U 81031J   21129.64758464  .00000057  00000-0  00000-0 0  9993
2 27901  63.3316 270.1708 6706355  39.0366 353.8310  2.01093183143353
0 COSMOS 1261 DEB
1 27901U 81031J   21130.64213429  .00000082  00000-0  00000-0 0  9990
2 27901  63.3290 270.0682 6706777  39.0350 353.8288  2.01093076143372
0 COSMOS 1261 DEB
1 27901U 81031J   21131.63668649  .00000113  00000-0  00000+0 0  9992
2 27901  63.3266 269.9661 6707207  39.0336 353.8284  2.01093029143387
0 COSMOS 1261 DEB
1 27901U 81031J   21131.63668649  .00000113  00000-0  00000-0 0  9993
2 27901  63.3266 269.9661 6707207  39.0336 353.8284  2.01093029143398
0 COSMOS 1261 DEB
1 27901U 81031J   21132.63124219  .00000147  00000-0  00000-0 0  9991
2 27901  63.3239 269.8634 6707625  39.0321 353.8301  2.01093009143416
0 COSMOS 1261 DEB
1 27901U 81031J   21133.62580118  .00000185  00000-0  00000-0 0  9997
2 27901  63.3211 269.7608 6708051  39.0309 353.8338  2.01093017143437
0 COSMOS 1261 DEB
1 27901U 81031J   21139.09588096  .00000375  00000-0  00000+0 0  9997
2 27901  63.3056 269.1953 6710402  39.0233 353.8654  2.01093771143539
0 COSMOS 1261 DEB
1 27901U 81031J   21139.59315674  .00000388  00000-0  00000-0 0  9997
2 27901  63.3038 269.1440 6710628  39.0233 353.8660  2.01093886143556
0 COSMOS 1261 DEB
1 27901U 81031J   21140.58770257  .00000410  00000-0  00000-0 0  9996
2 27901  63.3015 269.0411 6711045  39.0215 353.8651  2.01094198143571
0 COSMOS 1261 DEB
1 27901U 81031J   21141.58224309  .00000428  00000-0  00000+0 0  9997
2 27901  63.3000 268.9393 6711468  39.0177 353.8619  2.01094557143582
0 COSMOS 1261 DEB
1 27901U 81031J   21141.58224309  .00000428  00000-0  00000-0 0  9998
2 27901  63.3000 268.9393 6711468  39.0177 353.8619  2.01094557143593
0 COSMOS 1261 DEB
1 27901U 81031J   21142.57677966  .00000444  00000-0  00000-0 0  9997
2 27901  63.2977 268.8362 6711884  39.0161 353.8565  2.01094940143614
0 COSMOS 1261 DEB
1 27901U 81031J   21143.57131304  .00000460  00000-0  00000-0 0  9997
2 27901  63.2951 268.7332 6712311  39.0149 353.8506  2.01095389143639
0 COSMOS 1261 DEB
1 27901U 81031J   21144.06857966  .00000469  00000-0  00000+0 0  9999
2 27901  63.2951 268.6822 6712506  39.0119 353.8483  2.01095627143634
0 COSMOS 1261 DEB
1 27901U 81031J   21144.56584580  .00000479  00000-0  00000-0 0  9995
2 27901  63.2939 268.6307 6712720  39.0111 353.8462  2.01095891143650
0 COSMOS 1261 DEB
1 27901U 81031J   21149.04124902  .00000599  00000-0  00000+0 0  9993
2 27901  63.2837 268.1677 6714651  39.0032 353.8588  2.01098965143732
0 COSMOS 1261 DEB
1 27901U 81031J   21149.04124902  .00000599  00000-0  00000-0 0  9994
2 27901  63.2837 268.1677 6714651  39.0032 353.8588  2.01098965143743
0 COSMOS 1261 DEB
1 27901U 81031J   21150.03577815  .00000627  00000-0  00000-0 0  9992
2 27901  63.2808 268.0646 6715090  39.0028 353.8654  2.01099825143761
0 COSMOS 1261 DEB
1 27901U 81031J   21152.02481708  .00000672  00000-0  00000+0 0  9997
2 27901  63.2761 267.8579 6715917  38.9998 353.8746  2.01101728143794
0 COSMOS 1261 DEB
1 27901U 81031J   21152.02481708  .00000672  00000-0  00000-0 0  9998
2 27901  63.2761 267.8579 6715917  38.9998 353.8746  2.01101728143806
0 COSMOS 1261 DEB
1 27901U 81031J   21154.01382577  .00000703  00000-0  00000-0 0  9998
2 27901  63.2708 267.6517 6716760  38.9979 353.8760  2.01103868143840
0 COSMOS 1261 DEB
1 27901U 81031J   21155.00831931  .00000718  00000-0  00000+0 0  9996
2 27901  63.2685 267.5486 6717168  38.9963 353.8751  2.01105035143853
0 COSMOS 1261 DEB
1 27901U 81031J   21155.00831931  .00000718  00000-0  00000-0 0  9997
2 27901  63.2685 267.5486 6717168  38.9963 353.8751  2.01105035143864
0 COSMOS 1261 DEB
1 27901U 81031J   21161.96964467  .00000910  00000-0  00000+0 0  9993
2 27901  63.2543 266.8265 6719921  38.9826 353.9018  2.01114608143998
0 COSMOS 1261 DEB
1 27901U 81031J   21161.96964467  .00000910  00000-0  00000-0 0  9994
2 27901  63.2543 266.8265 6719921  38.9826 353.9018  2.01114608144001
0 COSMOS 1261 DEB
1 27901U 81031J   21162.96410007  .00000942  00000-0  00000-0 0  9996
2 27901  63.2510 266.7222 6720329  38.9837 353.9114  2.01116147144022
0 COSMOS 1261 DEB
1 27901U 81031J   21163.95854816  .00000971  00000-0  00000-0 0  9998
2 27901  63.2478 266.6177 6720729  38.9847 353.9209  2.01117703144044
0 COSMOS 1261 DEB
1 27901U 81031J   21170.91937103  .00001050  00000-0  00000+0 0  9991
2 27901  63.2319 265.8887 6723451  38.9866 353.9332  2.01129678144178
0 COSMOS 1261 DEB
1 27901U 81031J   21170.91937183  .00001050  00000-0  00000-0 0  9990
2 27901  63.2350 265.8918 6723451  38.9694 353.9363  2.01129673144187
0 COSMOS 1261 DEB
1 27901U 81031J   21170.91937183  .00001050  00000-0  00000+0 0  9999
2 27901  63.2350 265.8918 6723451  38.9694 353.9363  2.01129673144176
0 COSMOS 1261 DEB
1 27901U 81031J   21173.40526859  .00001062  00000-0  00000-0 0  9994
2 27901  63.2300 265.6325 6724509  38.9649 353.9382  2.01134422144221
0 COSMOS 1261 DEB
1 27901U 81031J   21178.37692768  .00001088  00000-0  00000+0 0  9995
2 27901  63.2208 265.1117 6726571  38.9552 353.9770  2.01144540144320
0 COSMOS 1261 DEB
1 27901U 81031J   21178.37692768  .00001088  00000-0  00000-0 0  9996
2 27901  63.2208 265.1117 6726571  38.9552 353.9770  2.01144540144331
0 COSMOS 1261 DEB
1 27901U 81031J   21179.37122438  .00001081  00000-0  00000-0 0  9992
2 27901  63.2189 265.0075 6726981  38.9532 353.9820  2.01146668144355
0 COSMOS 1261 DEB
1 27901U 81031J   21182.35403888  .00001037  00000-0  00000+0 0  9995
2 27901  63.2134 264.6945 6728187  38.9470 353.9868  2.01153106144400
0 COSMOS 1261 DEB
1 27901U 81031J   21183.34828839  .00001023  00000-0  00000-0 0  9998
2 27901  63.2117 264.5901 6728579  38.9448 353.9876  2.01155267144434
0 COSMOS 1261 DEB
1 27901U 81031J   21184.34252864  .00001012  00000-0  00000-0 0  9996
2 27901  63.2100 264.4857 6728976  38.9426 353.9896  2.01157438144458
0 COSMOS 1261 DEB
1 27901U 81031J   21188.31941234  .00000998  00000-0  00000+0 0  9994
2 27901  63.2034 264.0678 6730574  38.9333 354.0168  2.01165976144523
0 COSMOS 1261 DEB
1 27901U 81031J   21189.31361509  .00000995  00000-0  00000-0 0  9994
2 27901  63.2006 263.9632 6731141  38.9338 354.0277  2.01167994144552
0 COSMOS 1261 DEB
1 27901U 81031J   21190.30780607  .00000989  00000-0  00000-0 0  9992
2 27901  63.1989 263.8586 6731529  38.9315 354.0390  2.01170046144573
0 COSMOS 1261 DEB
1 27901U 81031J   21191.30198644  .00000979  00000-0  00000+0 0  9995
2 27901  63.1972 263.7539 6731923  38.9292 354.0499  2.01172057144589
0 COSMOS 1261 DEB
1 27901U 81031J   21191.30198644  .00000979  00000-0  00000-0 0  9996
2 27901  63.1972 263.7539 6731923  38.9292 354.0499  2.01172057144590
0 COSMOS 1261 DEB
1 27901U 81031J   21193.29031023  .00000942  00000-0  00000-0 0  9993
2 27901  63.1941 263.5437 6732690  38.9265 354.0660  2.01175946144638
0 COSMOS 1261 DEB
1 27901U 81031J   21194.28445222  .00000916  00000-0  00000+0 0  9993
2 27901  63.1924 263.4390 6733107  38.9237 354.0704  2.01177822144644
0 COSMOS 1261 DEB
1 27901U 81031J   21194.28445222  .00000916  00000-0  00000-0 0  9994
2 27901  63.1924 263.4390 6733107  38.9237 354.0704  2.01177822144655
0 COSMOS 1261 DEB
1 27901U 81031J   21196.27269687  .00000848  00000-0  00000-0 0  9998
2 27901  63.1981 263.2479 6733742  38.9228 354.0694  2.01181461144695
0 COSMOS 1261 DEB
1 27901U 81031J   21197.26680264  .00000809  00000-0  00000+0 0  9992
2 27901  63.1940 263.1398 6734233  38.9195 354.0674  2.01183191144700
0 COSMOS 1261 DEB
1 27901U 81031J   21197.26680264  .00000809  00000-0  00000-0 0  9993
2 27901  63.1940 263.1398 6734233  38.9195 354.0674  2.01183191144711
0 COSMOS 1261 DEB
1 27901U 81031J   21198.26089964  .00000771  00000-0  00000-0 0  9992
2 27901  63.1916 263.0329 6734673  38.9156 354.0656  2.01184893144734
0 COSMOS 1261 DEB
1 27901U 81031J   21199.25499015  .00000734  00000-0  00000+0 0  9992
2 27901  63.1893 262.9251 6735116  38.9128 354.0652  2.01186550144741
0 COSMOS 1261 DEB
1 27901U 81031J   21199.25499015  .00000734  00000-0  00000-0 0  9993
2 27901  63.1893 262.9251 6735116  38.9128 354.0652  2.01186550144752
0 COSMOS 1261 DEB
1 27901U 81031J   21200.24907643  .00000699  00000-0  00000-0 0  9996
2 27901  63.1877 262.8187 6735544  38.9119 354.0671  2.01188152144779
0 COSMOS 1261 DEB
1 27901U 81031J   21201.24315818  .00000666  00000-0  00000+0 0  9997
2 27901  63.1835 262.7064 6735997  38.9100 354.0722  2.01189716144783
0 COSMOS 1261 DEB
1 27901U 81031J   21201.24315818  .00000666  00000-0  00000-0 0  9998
2 27901  63.1835 262.7064 6735997  38.9100 354.0722  2.01189716144794
0 COSMOS 1261 DEB
1 27901U 81031J   21202.23723637  .00000635  00000-0  00000-0 0  9996
2 27901  63.1818 262.6009 6736445  38.9067 354.0798  2.01191216144818
0 COSMOS 1261 DEB
1 27901U 81031J   21203.23130879  .00000603  00000-0  00000-0 0  9992
2 27901  63.1806 262.4973 6736891  38.9045 354.0884  2.01192675144832
0 COSMOS 1261 DEB
1 27901U 81031J   21204.22537314  .00000568  00000-0  00000-0 0  9997
2 27901  63.1775 262.3882 6737349  38.9019 354.0969  2.01194061144852
0 COSMOS 1261 DEB
1 27901U 81031J   21205.21943056  .00000528  00000-0  00000-0 0  9997
2 27901  63.1758 262.2822 6737805  38.9003 354.1036  2.01195412144875
0 COSMOS 1261 DEB
1 27901U 81031J   21208.20154096  .00000383  00000-0  00000+0 0  9995
2 27901  63.1679 261.9582 6739151  38.8946 354.1104  2.01199008144924
0 COSMOS 1261 DEB
1 27901U 81031J   21208.20154096  .00000383  00000-0  00000-0 0  9996
2 27901  63.1679 261.9582 6739151  38.8946 354.1104  2.01199008144935
0 COSMOS 1261 DEB
1 27901U 81031J   21209.19556455  .00000331  00000-0  00000-0 0  9993
2 27901  63.1707 261.8646 6739639  38.8854 354.1110  2.01200082144950
0 COSMOS 1261 DEB
1 27901U 81031J   21210.18958350  .00000282  00000-0  00000-0 0  9999
2 27901  63.1695 261.7590 6740082  38.8825 354.1105  2.01201088144978
0 COSMOS 1261 DEB
1 27901U 81031J   21211.18359815  .00000238  00000-0  00000-0 0  9992
2 27901  63.1679 261.6536 6740551  38.8776 354.1113  2.01201993144991
0 COSMOS 1261 DEB
1 27901U 81031J   21211.18359815  .00000238  00000-0  00000+0 0  9991
2 27901  63.1679 261.6536 6740551  38.8776 354.1113  2.01201993144980
0 COSMOS 1261 DEB
1 27901U 81031J   21213.17162418  .00000166  00000-0  00000-0 0  9994
2 27901  63.1635 261.4408 6741457  38.8725 354.1175  2.01203625145037
0 COSMOS 1261 DEB
1 27901U 81031J   21214.16563652  .00000138  00000-0  00000+0 0  9997
2 27901  63.1615 261.3348 6741927  38.8703 354.1236  2.01204232145049
0 COSMOS 1261 DEB
1 27901U 81031J   21214.16563652  .00000138  00000-0  00000-0 0  9998
2 27901  63.1615 261.3348 6741927  38.8703 354.1236  2.01204232145050
0 COSMOS 1261 DEB
1 27901U 81031J   21215.15964838  .00000112  00000-0  00000-0 0  9991
2 27901  63.1598 261.2290 6742401  38.8682 354.1315  2.01204749145072
0 COSMOS 1261 DEB
1 27901U 81031J   21216.15365969  .00000086  00000-0  00000-0 0  9992
2 27901  63.1572 261.1223 6742874  38.8692 354.1401  2.01205157145096
0 COSMOS 1261 DEB
1 27901U 81031J   21218.14167911  .00000033  00000-0  00000-0 0  9992
2 27901  63.1532 260.9105 6743828  38.8649 354.1590  2.01205640145131
0 COSMOS 1261 DEB
1 27901U 81031J   21218.14167911  .00000033  00000-0  00000+0 0  9991
2 27901  63.1532 260.9105 6743828  38.8649 354.1590  2.01205640145120
0 COSMOS 1261 DEB
1 27901U 81031J   21219.13568530  .00000002  00000-0  00000-0 0  9990
2 27901  63.1516 260.8048 6744304  38.8624 354.1669  2.01205717145155
0 COSMOS 1261 DEB
1 27901U 81031J   21221.12368756 -.00000070  00000-0  00000+0 0  9995
2 27901  63.1476 260.5928 6745271  38.8584 354.1753  2.01205541145185
0 COSMOS 1261 DEB
1 27901U 81031J   21221.12368756 -.00000070  00000-0  00000-0 0  9996
2 27901  63.1476 260.5928 6745271  38.8584 354.1753  2.01205541145196
0 COSMOS 1261 DEB
1 27901U 81031J   21222.11768344 -.00000110  00000-0  00000-0 0  9998
2 27901  63.1456 260.4867 6745762  38.8561 354.1752  2.01205301145211
0 COSMOS 1261 DEB
1 27901U 81031J   21224.10567061 -.00000195  00000-0  00000+0 0  9994
2 27901  63.1422 260.2752 6746765  38.8524 354.1680  2.01204517145249
0 COSMOS 1261 DEB
1 27901U 81031J   21224.10567061 -.00000195  00000-0  00000-0 0  9995
2 27901  63.1422 260.2752 6746765  38.8524 354.1680  2.01204517145250
0 COSMOS 1261 DEB
1 27901U 81031J   21225.09966583 -.00000236  00000-0  00000-0 0  9992
2 27901  63.1404 260.1693 6747279  38.8507 354.1634  2.01203989145278
0 COSMOS 1261 DEB
1 27901U 81031J   21226.09366522 -.00000274  00000-0  00000-0 0  9992
2 27901  63.1386 260.0634 6747798  38.8492 354.1599  2.01203383145290
0 COSMOS 1261 DEB
1 27901U 81031J   21227.08767104 -.00000308  00000-0  00000+0 0  9990
2 27901  63.1355 259.9560 6748315  38.8474 354.1588  2.01202689145305
0 COSMOS 1261 DEB
1 27901U 81031J   21227.08767104 -.00000308  00000-0  00000-0 0  9991
2 27901  63.1355 259.9560 6748315  38.8474 354.1588  2.01202689145316
0 COSMOS 1261 DEB
1 27901U 81031J   21228.08168447 -.00000337  00000-0  00000-0 0  9999
2 27901  63.1334 259.8498 6748836  38.8458 354.1606  2.01201911145332
0 COSMOS 1261 DEB
1 27901U 81031J   21229.07570516 -.00000363  00000-0  00000-0 0  9992
2 27901  63.1313 259.7435 6749370  38.8444 354.1648  2.01201066145357
0 COSMOS 1261 DEB
1 27901U 81031J   21234.04587532 -.00000501  00000-0  00000+0 0  9994
2 27901  63.1200 259.2114 6752040  38.8380 354.1814  2.01195756145441
0 COSMOS 1261 DEB
1 27901U 81031J   21234.04587532 -.00000501  00000-0  00000-0 0  9995
2 27901  63.1200 259.2114 6752040  38.8380 354.1814  2.01195756145452
0 COSMOS 1261 DEB
1 27901U 81031J   21241.00432800 -.00000651  00000-0  00000+0 0  9991
2 27901  63.1048 258.4665 6755775  38.8324 354.1682  2.01185824145582
0 COSMOS 1261 DEB
1 27901U 81031J   21241.50137838 -.00000651  00000-0  00000-0 0  9990
2 27901  63.1045 258.4139 6756046  38.8299 354.1706  2.01185023145609
0 COSMOS 1261 DEB
1 27901U 81031J   21242.49548845 -.00000649  00000-0  00000-0 0  9990
2 27901  63.1024 258.3090 6756612  38.8277 354.1762  2.01183331145620
0 COSMOS 1261 DEB
1 27901U 81031J   21242.99254672 -.00000647  00000-0  00000-0 0  9995
2 27901  63.1013 258.2558 6756886  38.8274 354.1793  2.01182478145632
0 COSMOS 1261 DEB
1 27901U 81031J   21243.48960652 -.00000645  00000-0  00000-0 0  9990
2 27901  63.1000 258.2026 6757162  38.8270 354.1825  2.01181643145642
0 COSMOS 1261 DEB
1 27901U 81031J   21243.48960652 -.00000645  00000-0  00000+0 0  9999
2 27901  63.1000 258.2026 6757162  38.8270 354.1825  2.01181643145631
0 COSMOS 1261 DEB
1 27901U 81031J   21244.48373478 -.00000641  00000-0  00000-0 0  9991
2 27901  63.0975 258.0962 6757716  38.8265 354.1890  2.01179861145661
0 COSMOS 1261 DEB
1 27901U 81031J   21245.47787038 -.00000640  00000-0  00000-0 0  9991
2 27901  63.0952 257.9896 6758274  38.8260 354.1948  2.01178048145687
0 COSMOS 1261 DEB
1 27901U 81031J   21245.97494060 -.00000640  00000-0  00000+0 0  9995
2 27901  63.0939 257.9363 6758542  38.8260 354.1971  2.01177127145682
0 COSMOS 1261 DEB
1 27901U 81031J   21246.47201245 -.00000641  00000-0  00000-0 0  9994
2 27901  63.0927 257.8830 6758826  38.8257 354.1989  2.01176198145707
0 COSMOS 1261 DEB
1 27901U 81031J   21247.46615930 -.00000645  00000-0  00000-0 0  9998
2 27901  63.0902 257.7762 6759341  38.8257 354.2004  2.01174279145725
0 COSMOS 1261 DEB
1 27901U 81031J   21248.46031224 -.00000651  00000-0  00000-0 0  9994
2 27901  63.0881 257.6698 6759905  38.8253 354.1993  2.01172366145743
0 COSMOS 1261 DEB
1 27901U 81031J   21248.46031224 -.00000651  00000-0  00000+0 0  9993
2 27901  63.0881 257.6698 6759905  38.8253 354.1993  2.01172366145732
0 COSMOS 1261 DEB
1 27901U 81031J   21249.45447164 -.00000660  00000-0  00000-0 0  9998
2 27901  63.0860 257.5634 6760503  38.8252 354.1954  2.01170467145763
0 COSMOS 1261 DEB
1 27901U 81031J   21250.94572100 -.00000676  00000-0  00000+0 0  9999
2 27901  63.0826 257.4037 6761355  38.8251 354.1854  2.01167555145781
0 COSMOS 1261 DEB
1 27901U 81031J   21250.94572100 -.00000676  00000-0  00000-0 0  9990
2 27901  63.0826 257.4037 6761355  38.8251 354.1854  2.01167555145792
0 COSMOS 1261 DEB
1 27901U 81031J   21252.43698876 -.00000690  00000-0  00000-0 0  9991
2 27901  63.0791 257.2438 6762197  38.8251 354.1742  2.01164585145821
0 COSMOS 1261 DEB
1 27901U 81031J   21253.92828510 -.00000696  00000-0  00000-0 0  9992
2 27901  63.0758 257.0841 6763103  38.8255 354.1666  2.01161739145858
0 COSMOS 1261 DEB
1 27901U 81031J   21253.92828510 -.00000696  00000-0  00000+0 0  9991
2 27901  63.0758 257.0841 6763103  38.8255 354.1666  2.01161739145847
0 COSMOS 1261 DEB
1 27901U 81031J   21256.91096204 -.00000684  00000-0  00000-0 0  9998
2 27901  63.0687 256.7643 6764860  38.8267 354.1685  2.01156048145914
0 COSMOS 1261 DEB
1 27901U 81031J   21256.91096204 -.00000684  00000-0  00000+0 0  9997
2 27901  63.0687 256.7643 6764860  38.8267 354.1685  2.01156048145903
0 COSMOS 1261 DEB
1 27901U 81031J   21257.90520988 -.00000679  00000-0  00000-0 0  9993
2 27901  63.0666 256.6578 6765459  38.8271 354.1715  2.01154181145939
0 COSMOS 1261 DEB
1 27901U 81031J   21265.36228075 -.00000709  00000-0  00000+0 0  9997
2 27901  63.0487 255.8574 6769795  38.8324 354.1431  2.01141093146072
0 COSMOS 1261 DEB
1 27901U 81031J   21265.36228075 -.00000709  00000-0  00000-0 0  9998
2 27901  63.0487 255.8574 6769795  38.8324 354.1431  2.01141093146083
0 COSMOS 1261 DEB
1 27901U 81031J   21266.35659322 -.00000701  00000-0  00000-0 0  9993
2 27901  63.0462 255.7506 6770351  38.8333 354.1399  2.01139489146102
0 COSMOS 1261 DEB
1 27901U 81031J   21275.80303896 -.00000533  00000-0  00000-0 0  9998
2 27901  63.0240 254.7369 6775817  38.8414 354.1602  2.01124623146295
0 COSMOS 1261 DEB
1 27901U 81031J   21275.80303896 -.00000533  00000-0  00000+0 0  9997
2 27901  63.0240 254.7369 6775817  38.8414 354.1602  2.01124623146284
0 COSMOS 1261 DEB
1 27901U 81031J   21276.30023472 -.00000530  00000-0  00000-0 0  9990
2 27901  63.0228 254.6833 6776139  38.8417 354.1579  2.01123876146301
0 COSMOS 1261 DEB
1 27901U 81031J   21277.29462924 -.00000526  00000-0  00000-0 0  9993
2 27901  63.0205 254.5766 6776718  38.8426 354.1515  2.01122377146320
0 COSMOS 1261 DEB
1 27901U 81031J   21278.28902820 -.00000522  00000-0  00000+0 0  9992
2 27901  63.0183 254.4687 6777147  38.8427 354.1435  2.01120912146339
0 COSMOS 1261 DEB
1 27901U 81031J   21278.28902820 -.00000522  00000-0  00000-0 0  9993
2 27901  63.0183 254.4687 6777147  38.8427 354.1435  2.01120912146340
0 COSMOS 1261 DEB
1 27901U 81031J   21280.27785071 -.00000510  00000-0  00000-0 0  9999
2 27901  63.0138 254.2564 6778483  38.8458 354.1297  2.01118087146380
0 COSMOS 1261 DEB
1 27901U 81031J   21281.27227638 -.00000499  00000-0  00000+0 0  9995
2 27901  63.0115 254.1496 6779084  38.8469 354.1259  2.01116725146394
0 COSMOS 1261 DEB
1 27901U 81031J   21281.27227638 -.00000499  00000-0  00000-0 0  9996
2 27901  63.0115 254.1496 6779084  38.8469 354.1259  2.01116725146406
0 COSMOS 1261 DEB
1 27901U 81031J   21285.25010799 -.00000437  00000-0  00000+0 0  9997
2 27901  63.0027 253.7214 6781526  38.8484 354.1338  2.01110705146479
0 COSMOS 1261 DEB
1 27901U 81031J   21285.25010799 -.00000437  00000-0  00000-0 0  9998
2 27901  63.0027 253.7214 6781526  38.8484 354.1338  2.01110705146480
0 COSMOS 1261 DEB
1 27901U 81031J   21289.22793101 -.00000418  00000-0  00000+0 0  9992
2 27901  62.9949 253.2943 6782935  38.8575 354.1232  2.01107209146557
0 COSMOS 1261 DEB
1 27901U 81031J   21289.22793101 -.00000418  00000-0  00000-0 0  9993
2 27901  62.9949 253.2943 6782935  38.8575 354.1232  2.01107209146568
0 COSMOS 1261 DEB
1 27901U 81031J   21291.21689670 -.00000417  00000-0  00000-0 0  9999
2 27901  62.9877 253.0796 6784769  38.8596 354.1131  2.01105194146606
0 COSMOS 1261 DEB
1 27901U 81031J   21292.21138505 -.00000410  00000-0  00000-0 0  9999
2 27901  62.9856 252.9727 6785347  38.8612 354.1085  2.01104252146621
0 COSMOS 1261 DEB
1 27901U 81031J   21292.21138505 -.00000410  00000-0  00000+0 0  9998
2 27901  62.9856 252.9727 6785347  38.8612 354.1085  2.01104252146610
0 COSMOS 1261 DEB
1 27901U 81031J   21293.20587999 -.00000395  00000-0  00000-0 0  9996
2 27901  62.9834 252.8656 6785865  38.8623 354.1061  2.01103310146644
0 COSMOS 1261 DEB
1 27901U 81031J   21294.20038102 -.00000374  00000-0  00000-0 0  9991
2 27901  62.9815 252.7576 6786390  38.8625 354.1064  2.01102292146662
0 COSMOS 1261 DEB
1 27901U 81031J   21297.18393798 -.00000284  00000-0  00000+0 0  9995
2 27901  62.9820 252.4357 6788156  38.8654 354.1211  2.01099815146712
0 COSMOS 1261 DEB
1 27901U 81031J   21297.18393798 -.00000284  00000-0  00000-0 0  9996
2 27901  62.9820 252.4357 6788156  38.8654 354.1211  2.01099815146723
0 COSMOS 1261 DEB
1 27901U 81031J   21299.17300670 -.00000223  00000-0  00000-0 0  9997
2 27901  62.9745 252.2213 6789247  38.8690 354.1348  2.01098236146761
0 COSMOS 1261 DEB
1 27901U 81031J   21300.16754412 -.00000197  00000-0  00000+0 0  9995
2 27901  62.9711 252.1166 6789827  38.8707 354.1406  2.01097505146777
0 COSMOS 1261 DEB
1 27901U 81031J   21300.16754412 -.00000197  00000-0  00000-0 0  9996
2 27901  62.9711 252.1166 6789827  38.8707 354.1406  2.01097505146788
0 COSMOS 1261 DEB
1 27901U 81031J   21301.16208088 -.00000175  00000-0  00000-0 0  9996
2 27901  62.9687 252.0073 6790321  38.8718 354.1443  2.01096722146803
0 COSMOS 1261 DEB
1 27901U 81031J   21302.15661949 -.00000156  00000-0  00000-0 0  9994
2 27901  62.9648 251.9007 6790851  38.8734 354.1455  2.01095985146826
0 COSMOS 1261 DEB
1 27901U 81031J   21303.15115663 -.00000139  00000-0  00000+0 0  9992
2 27901  62.9629 251.7934 6791383  38.8745 354.1443  2.01095270146830
0 COSMOS 1261 DEB
1 27901U 81031J   21303.15115663 -.00000139  00000-0  00000-0 0  9993
2 27901  62.9629 251.7934 6791383  38.8745 354.1443  2.01095270146841
0 COSMOS 1261 DEB
1 27901U 81031J   21304.14569410 -.00000125  00000-0  00000-0 0  9991
2 27901  62.9609 251.6862 6791924  38.8756 354.1408  2.01094603146863
0 COSMOS 1261 DEB
1 27901U 81031J   21305.14023248 -.00000112  00000-0  00000-0 0  9992
2 27901  62.9581 251.5790 6792474  38.8771 354.1359  2.01093983146886
0 COSMOS 1261 DEB
1 27901U 81031J   21306.13477391 -.00000098  00000-0  00000+0 0  9996
2 27901  62.9557 251.4717 6793007  38.8783 354.1308  2.01093370146898
0 COSMOS 1261 DEB
1 27901U 81031J   21307.12931924 -.00000081  00000-0  00000-0 0  9996
2 27901  62.9535 251.3644 6793557  38.8795 354.1268  2.01092827146920
0 COSMOS 1261 DEB
1 27901U 81031J   21309.11842792 -.00000038  00000-0  00000+0 0  9992
2 27901  62.9494 251.1494 6794666  38.8822 354.1266  2.01091879146955
0 COSMOS 1261 DEB
1 27901U 81031J   21309.11842792 -.00000038  00000-0  00000-0 0  9993
2 27901  62.9494 251.1494 6794666  38.8822 354.1266  2.01091879146966
0 COSMOS 1261 DEB
1 27901U 81031J   21310.11299090 -.00000012  00000-0  00000-0 0  9994
2 27901  62.9471 251.0418 6795219  38.8836 354.1307  2.01091493146986
0 COSMOS 1261 DEB
1 27901U 81031J   21312.10212781  .00000041  00000-0  00000+0 0  9997
2 27901  62.9433 250.8266 6796327  38.8865 354.1430  2.01090869147013
0 COSMOS 1261 DEB
1 27901U 81031J   21312.10212781  .00000041  00000-0  00000-0 0  9998
2 27901  62.9433 250.8266 6796327  38.8865 354.1430  2.01090869147024
0 COSMOS 1261 DEB
1 27901U 81031J   21313.09669723  .00000063  00000-0  00000-0 0  9993
2 27901  62.9400 250.7189 6796882  38.8882 354.1481  2.01090628147047
0 COSMOS 1261 DEB
1 27901U 81031J   21315.08582817  .00000092  00000-0  00000+0 0  9993
2 27901  62.9356 250.5034 6797986  38.8911 354.1511  2.01090342147073
0 COSMOS 1261 DEB
1 27901U 81031J   21315.08582817  .00000092  00000-0  00000-0 0  9994
2 27901  62.9356 250.5034 6797986  38.8911 354.1511  2.01090342147084
0 COSMOS 1261 DEB
1 27901U 81031J   21316.08038933  .00000101  00000-0  00000-0 0  9991
2 27901  62.9335 250.3955 6798517  38.8926 354.1489  2.01090278147103
0 COSMOS 1261 DEB
1 27901U 81031J   21317.07494917  .00000109  00000-0  00000-0 0  9997
2 27901  62.9316 250.2876 6799037  38.8939 354.1455  2.01090267147128
0 COSMOS 1261 DEB
1 27901U 81031J   21318.06950932  .00000119  00000-0  00000+0 0  9991
2 27901  62.9296 250.1797 6799562  38.8953 354.1422  2.01090309147137
0 COSMOS 1261 DEB
1 27901U 81031J   21318.56678985  .00000126  00000-0  00000-0 0  9990
2 27901  62.9286 250.1257 6799826  38.8960 354.1409  2.01090355147156
0 COSMOS 1261 DEB
1 27901U 81031J   21319.06407084  .00000135  00000-0  00000-0 0  9996
2 27901  62.9276 250.0718 6800082  38.8967 354.1401  2.01090414147169
0 COSMOS 1261 DEB
1 27901U 81031J   21320.05863515  .00000157  00000-0  00000-0 0  9996
2 27901  62.9256 249.9639 6800602  38.8981 354.1403  2.01090567147183
0 COSMOS 1261 DEB
1 27901U 81031J   21321.05320245  .00000187  00000-0  00000+0 0  9997
2 27901  62.9237 249.8559 6801116  38.8995 354.1432  2.01090772147199
0 COSMOS 1261 DEB
1 27901U 81031J   21321.05320245  .00000187  00000-0  00000-0 0  9998
2 27901  62.9237 249.8559 6801116  38.8995 354.1432  2.01090772147201
0 COSMOS 1261 DEB
1 27901U 81031J   21322.04777276  .00000223  00000-0  00000-0 0  9999
2 27901  62.9218 249.7479 6801627  38.9009 354.1487  2.01091016147228
0 COSMOS 1261 DEB
1 27901U 81031J   21323.04234513  .00000264  00000-0  00000-0 0  9997
2 27901  62.9200 249.6398 6802130  38.9022 354.1566  2.01091302147241
0 COSMOS 1261 DEB
1 27901U 81031J   21324.03691806  .00000306  00000-0  00000+0 0  9995
2 27901  62.9182 249.5317 6802640  38.9036 354.1661  2.01091640147253
0 COSMOS 1261 DEB
1 27901U 81031J   21324.03691806  .00000306  00000-0  00000-0 0  9996
2 27901  62.9182 249.5317 6802640  38.9036 354.1661  2.01091640147264
0 COSMOS 1261 DEB
1 27901U 81031J   21325.03149110  .00000348  00000-0  00000-0 0  9999
2 27901  62.9164 249.4237 6803150  38.9049 354.1764  2.01091996147285
0 COSMOS 1261 DEB
1 27901U 81031J   21327.02062787  .00000424  00000-0  00000+0 0  9998
2 27901  62.9129 249.2074 6804178  38.9075 354.1957  2.01092868147310
0 COSMOS 1261 DEB
1 27901U 81031J   21327.02062787  .00000424  00000-0  00000-0 0  9999
2 27901  62.9129 249.2074 6804178  38.9075 354.1957  2.01092868147321
0 COSMOS 1261 DEB
1 27901U 81031J   21331.49610654  .00000545  00000-0  00000-0 0  9991
2 27901  62.9051 248.7203 6806487  38.9133 354.2096  2.01095422147417
0 COSMOS 1261 DEB
1 27901U 81031J   21331.49610654  .00000545  00000-0  00000+0 0  9990
2 27901  62.9051 248.7203 6806487  38.9133 354.2096  2.01095422147406
0 COSMOS 1261 DEB
1 27901U 81031J   21332.49064192  .00000567  00000-0  00000-0 0  9996
2 27901  62.9034 248.6119 6806997  38.9146 354.2075  2.01096106147432
0 COSMOS 1261 DEB
1 27901U 81031J   21333.48517257  .00000590  00000-0  00000-0 0  9997
2 27901  62.9019 248.5035 6807521  38.9159 354.2056  2.01096888147457
0 COSMOS 1261 DEB
1 27901U 81031J   21334.47970198  .00000615  00000-0  00000+0 0  9991
2 27901  62.9004 248.3951 6808049  38.9172 354.2052  2.01097706147464
0 COSMOS 1261 DEB
1 27901U 81031J   21336.46875769  .00000673  00000-0  00000-0 0  9995
2 27901  62.8973 248.1780 6809108  38.9199 354.2124  2.01099555147512
0 COSMOS 1261 DEB
1 27901U 81031J   21344.42476742  .00000837  00000-0  00000-0 0  9990
2 27901  62.8848 247.3070 6813330  38.9304 354.2467  2.01109402147676
0 COSMOS 1261 DEB
1 27901U 81031J   21345.41923139  .00000847  00000-0  00000-0 0  9998
2 27901  62.8836 247.1979 6813861  38.9319 354.2450  2.01110915147699
0 COSMOS 1261 DEB
1 27901U 81031J   21345.41923151  .00000847  00000-0  00000-0 0  9992
2 27901  62.8835 247.1979 6813857  38.9320 354.2450  2.01110927147698
0 COSMOS 1261 DEB
1 27901U 81031J   21349.39703733  .00000943  00000-0  00000+0 0  9991
2 27901  62.8786 246.7610 6815908  38.9375 354.2602  2.01117489147766
0 COSMOS 1261 DEB
1 27901U 81031J   21349.39703733  .00000943  00000-0  00000-0 0  9992
2 27901  62.8786 246.7610 6815908  38.9375 354.2602  2.01117489147777
0 COSMOS 1261 DEB
1 27901U 81031J   21351.38590907  .00001013  00000-0  00000-0 0  9990
2 27901  62.8762 246.5424 6816914  38.9400 354.2811  2.01121032147815
0 COSMOS 1261 DEB
1 27901U 81031J   21354.36915194  .00001099  00000-0  00000+0 0  9993
2 27901  62.8730 246.2141 6818373  38.9433 354.3125  2.01126534147866
0 COSMOS 1261 DEB
1 27901U 81031J   21354.36915194  .00001099  00000-0  00000-0 0  9994
2 27901  62.8730 246.2141 6818373  38.9433 354.3125  2.01126534147877
0 COSMOS 1261 DEB
1 27901U 81031J   21357.35228510  .00001141  00000-0  00000+0 0  9992
2 27901  62.8703 245.8857 6819848  38.9462 354.3259  2.01132288147923
0 COSMOS 1261 DEB
1 27901U 81031J   21357.35228510  .00001141  00000-0  00000-0 0  9993
2 27901  62.8703 245.8857 6819848  38.9462 354.3259  2.01132288147934
0 COSMOS 1261 DEB
1 27901U 81031J   21358.34663651  .00001148  00000-0  00000-0 0  9999
2 27901  62.8681 245.7755 6820405  38.9485 354.3255  2.01134276147958
0 COSMOS 1261 DEB
1 27901U 81031J   21359.34097486  .00001153  00000-0  00000-0 0  9993
2 27901  62.8673 245.6660 6820888  38.9494 354.3236  2.01136293147970
0 COSMOS 1261 DEB
1 27901U 81031J   21360.33530301  .00001157  00000-0  00000-0 0  9996
2 27901  62.8665 245.5564 6821392  38.9503 354.3216  2.01138342147992
0 COSMOS 1261 DEB
1 27901U 81031J   21363.31824275  .00001174  00000-0  00000+0 0  9991
2 27901  62.8647 245.2272 6822984  38.9530 354.3262  2.01144635148043
0 COSMOS 1261 DEB
1 27901U 81031J   21363.31824275  .00001174  00000-0  00000-0 0  9992
2 27901  62.8647 245.2272 6822984  38.9530 354.3262  2.01144635148054
0 COSMOS 1261 DEB
1 27901U 81031J   21364.80968559  .00001186  00000-0  00000-0 0  9994
2 27901  62.8632 245.0622 6823780  38.9548 354.3366  2.01147904148089
0 COSMOS 1261 DEB
1 27901U 81031J   21365.80397104  .00001191  00000-0  00000-0 0  9993
2 27901  62.8625 244.9522 6824311  38.9557 354.3448  2.01150079148100
0 COSMOS 1261 DEB
1 27901U 81031J   22002.79250058  .00001184  00000-0  00000-0 0  9998
2 27901  62.8599 244.7329 6825380  38.9580 354.3572  2.01154539148143
0 COSMOS 1261 DEB
1 27901U 81031J   22003.78674377  .00001169  00000-0  00000+0 0  9994
2 27901  62.8587 244.6228 6825919  38.9592 354.3592  2.01156775148155
0 COSMOS 1261 DEB
1 27901U 81031J   22003.78674377  .00001169  00000-0  00000-0 0  9995
2 27901  62.8587 244.6228 6825919  38.9592 354.3592  2.01156775148166
0 COSMOS 1261 DEB
1 27901U 81031J   22004.28385928  .00001158  00000-0  00000-0 0  9990
2 27901  62.8582 244.5675 6826194  38.9602 354.3589  2.01157928148172
0 COSMOS 1261 DEB
1 27901U 81031J   22004.78097110  .00001147  00000-0  00000-0 0  9996
2 27901  62.8577 244.5125 6826470  38.9608 354.3580  2.01159053148182
0 COSMOS 1261 DEB
1 27901U 81031J   22005.77518389  .00001120  00000-0  00000-0 0  9993
2 27901  62.8569 244.4021 6827018  38.9620 354.3547  2.01161322148208
0 COSMOS 1261 DEB
1 27901U 81031J   22006.27228571  .00001106  00000-0  00000+0 0  9993
2 27901  62.8562 244.3467 6827303  38.9627 354.3526  2.01162471148201
0 COSMOS 1261 DEB
1 27901U 81031J   22006.27228571  .00001106  00000-0  00000-0 0  9994
2 27901  62.8562 244.3467 6827303  38.9627 354.3526  2.01162471148212
0 COSMOS 1261 DEB
1 27901U 81031J   22006.76938583  .00001092  00000-0  00000-0 0  9993
2 27901  62.8561 244.2917 6827578  38.9633 354.3505  2.01163578148228
0 COSMOS 1261 DEB
1 27901U 81031J   22007.26648286  .00001078  00000-0  00000-0 0  9991
2 27901  62.8554 244.2363 6827867  38.9640 354.3487  2.01164723148237
0 COSMOS 1261 DEB
1 27901U 81031J   22007.76357599  .00001065  00000-0  00000-0 0  9996
2 27901  62.8548 244.1812 6828110  38.9644 354.3470  2.01165846148244
0 COSMOS 1261 DEB
1 27901U 81031J   22008.26066923  .00001054  00000-0  00000-0 0  9998
2 27901  62.8543 244.1257 6828413  38.9653 354.3460  2.01167001148253
0 COSMOS 1261 DEB
1 27901U 81031J   22008.75775927  .00001044  00000-0  00000+0 0  9991
2 27901  62.8543 244.0706 6828681  38.9657 354.3455  2.01168108148255
0 COSMOS 1261 DEB
1 27901U 81031J   22008.75775927  .00001044  00000-0  00000-0 0  9992
2 27901  62.8543 244.0706 6828681  38.9657 354.3455  2.01168108148266
0 COSMOS 1261 DEB
1 27901U 81031J   22009.25484871  .00001035  00000-0  00000-0 0  9993
2 27901  62.8537 244.0150 6828974  38.9664 354.3457  2.01169239148274
0 COSMOS 1261 DEB
1 27901U 81031J   22009.75193504  .00001027  00000-0  00000-0 0  9999
2 27901  62.8534 243.9599 6829223  38.9669 354.3465  2.01170333148286
0 COSMOS 1261 DEB
1 27901U 81031J   22010.24902038  .00001021  00000-0  00000-0 0  9999
2 27901  62.8529 243.9045 6829519  38.9675 354.3482  2.01171476148290
0 COSMOS 1261 DEB
1 27901U 81031J   22010.74610301  .00001017  00000-0  00000-0 0  9998
2 27901  62.8525 243.8493 6829777  38.9679 354.3504  2.01172549148301
0 COSMOS 1261 DEB
1 27901U 81031J   22012.23734174  .00001007  00000-0  00000+0 0  9997
2 27901  62.8514 243.6831 6830615  38.9696 354.3608  2.01175859148329
0 COSMOS 1261 DEB
1 27901U 81031J   22012.23734174  .00001007  00000-0  00000-0 0  9998
2 27901  62.8514 243.6831 6830615  38.9696 354.3608  2.01175859148330
0 COSMOS 1261 DEB
1 27901U 81031J   22013.23148945  .00001001  00000-0  00000-0 0  9998
2 27901  62.8504 243.5722 6831176  38.9705 354.3696  2.01177970148356
0 COSMOS 1261 DEB
1 27901U 81031J   22013.72856039  .00000997  00000-0  00000-0 0  9995
2 27901  62.8502 243.5169 6831433  38.9708 354.3741  2.01178983148365
0 COSMOS 1261 DEB
1 27901U 81031J   22014.22562899  .00000993  00000-0  00000-0 0  9995
2 27901  62.8498 243.4612 6831724  38.9714 354.3787  2.01180043148372
0 COSMOS 1261 DEB
1 27901U 81031J   22014.72269384  .00000987  00000-0  00000+0 0  9995
2 27901  62.8494 243.4059 6831977  38.9717 354.3830  2.01181035148377
0 COSMOS 1261 DEB
1 27901U 81031J   22014.72269384  .00000987  00000-0  00000-0 0  9996
2 27901  62.8494 243.4059 6831977  38.9717 354.3830  2.01181035148388
0 COSMOS 1261 DEB
1 27901U 81031J   22015.21975690  .00000980  00000-0  00000-0 0  9998
2 27901  62.8489 243.3502 6832256  38.9723 354.3871  2.01182060148397
0 COSMOS 1261 DEB
1 27901U 81031J   22015.71681608  .00000971  00000-0  00000-0 0  9996
2 27901  62.8488 243.2948 6832508  38.9725 354.3908  2.01183024148405
0 COSMOS 1261 DEB
1 27901U 81031J   22016.71092634  .00000950  00000-0  00000-0 0  9999
2 27901  62.8483 243.1837 6833036  38.9732 354.3968  2.01184947148424
0 COSMOS 1261 DEB
1 27901U 81031J   22017.20797676  .00000937  00000-0  00000+0 0  9996
2 27901  62.8477 243.1281 6833295  38.9737 354.3988  2.01185913148428
0 COSMOS 1261 DEB
1 27901U 81031J   22017.20797676  .00000937  00000-0  00000-0 0  9997
2 27901  62.8477 243.1281 6833295  38.9737 354.3988  2.01185913148439
0 COSMOS 1261 DEB
1 27901U 81031J   22017.70502309  .00000923  00000-0  00000-0 0  9994
2 27901  62.8476 243.0727 6833556  38.9739 354.4002  2.01186826148447
0 COSMOS 1261 DEB
1 27901U 81031J   22018.20206719  .00000908  00000-0  00000-0 0  9999
2 27901  62.8471 243.0170 6833811  38.9743 354.4009  2.01187756148454
0 COSMOS 1261 DEB
1 27901U 81031J   22018.69910731  .00000891  00000-0  00000-0 0  9999
2 27901  62.8469 242.9616 6834072  38.9744 354.4010  2.01188635148465
0 COSMOS 1261 DEB
1 27901U 81031J   22019.19614512  .00000874  00000-0  00000-0 0  9994
2 27901  62.8466 242.9059 6834329  38.9747 354.4004  2.01189535148475
0 COSMOS 1261 DEB
1 27901U 81031J   22020.19021097  .00000837  00000-0  00000+0 0  9994
2 27901  62.8459 242.7946 6834870  38.9752 354.3975  2.01191248148488
0 COSMOS 1261 DEB
1 27901U 81031J   22020.19021097  .00000837  00000-0  00000-0 0  9995
2 27901  62.8459 242.7946 6834870  38.9752 354.3975  2.01191248148499
0 COSMOS 1261 DEB
1 27901U 81031J   22020.68723978  .00000818  00000-0  00000-0 0  9995
2 27901  62.8457 242.7392 6835126  38.9753 354.3954  2.01192080148502
0 COSMOS 1261 DEB
1 27901U 81031J   22021.18426650  .00000798  00000-0  00000-0 0  9995
2 27901  62.8453 242.6836 6835400  38.9759 354.3929  2.01192918148514
0 COSMOS 1261 DEB
1 27901U 81031J   22021.68129033  .00000778  00000-0  00000-0 0  9993
2 27901  62.8450 242.6281 6835677  38.9764 354.3904  2.01193715148527
0 COSMOS 1261 DEB
1 27901U 81031J   22022.17831273  .00000758  00000-0  00000-0 0  9992
2 27901  62.8445 242.5726 6835963  38.9769 354.3879  2.01194509148531
0 COSMOS 1261 DEB
1 27901U 81031J   22022.67533320  .00000739  00000-0  00000+0 0  9997
2 27901  62.8441 242.5170 6836242  38.9774 354.3856  2.01195267148534
0 COSMOS 1261 DEB
1 27901U 81031J   22022.67533320  .00000739  00000-0  00000-0 0  9998
2 27901  62.8441 242.5170 6836242  38.9774 354.3856  2.01195267148545
0 COSMOS 1261 DEB
1 27901U 81031J   22024.16638729  .00000682  00000-0  00000-0 0  9990
2 27901  62.8429 242.3502 6837105  38.9791 354.3814  2.01197506148571
0 COSMOS 1261 DEB
1 27901U 81031J   22024.66340277  .00000665  00000-0  00000-0 0  9994
2 27901  62.8424 242.2946 6837386  38.9796 354.3812  2.01198212148587
0 COSMOS 1261 DEB
1 27901U 81031J   22025.16041820  .00000647  00000-0  00000+0 0  9991
2 27901  62.8419 242.2389 6837685  38.9802 354.3817  2.01198924148587
0 COSMOS 1261 DEB
1 27901U 81031J   22025.16041820  .00000647  00000-0  00000-0 0  9992
2 27901  62.8419 242.2389 6837685  38.9802 354.3817  2.01198924148598
0 COSMOS 1261 DEB
1 27901U 81031J   22025.65743227  .00000630  00000-0  00000-0 0  9998
2 27901  62.8417 242.1833 6837970  38.9807 354.3828  2.01199589148603
0 COSMOS 1261 DEB
1 27901U 81031J   22026.65145827  .00000597  00000-0  00000-0 0  9993
2 27901  62.8407 242.0719 6838557  38.9818 354.3868  2.01200899148621
0 COSMOS 1261 DEB
1 27901U 81031J   22027.64547965  .00000563  00000-0  00000+0 0  9994
2 27901  62.8397 241.9604 6839146  38.9830 354.3918  2.01202133148639
0 COSMOS 1261 DEB
1 27901U 81031J   22027.64547965  .00000563  00000-0  00000-0 0  9995
2 27901  62.8397 241.9604 6839146  38.9830 354.3918  2.01202133148640
0 COSMOS 1261 DEB
1 27901U 81031J   22028.63949417  .00000525  00000-0  00000-0 0  9991
2 27901  62.8386 241.8490 6839738  38.9842 354.3963  2.01203301148660
0 COSMOS 1261 DEB
1 27901U 81031J   22029.63350031  .00000482  00000-0  00000-0 0  9992
2 27901  62.8375 241.7374 6840336  38.9854 354.3986  2.01204393148686
0 COSMOS 1261 DEB
1 27901U 81031J   22030.13050033  .00000458  00000-0  00000+0 0  9990
2 27901  62.8368 241.6814 6840650  38.9862 354.3986  2.01204927148687
0 COSMOS 1261 DEB
1 27901U 81031J   22030.13050033  .00000458  00000-0  00000-0 0  9991
2 27901  62.8368 241.6814 6840650  38.9862 354.3986  2.01204927148698
0 COSMOS 1261 DEB
1 27901U 81031J   22034.60340988  .00000195  00000-0  00000-0 0  9996
2 27901  62.8318 241.1790 6843300  38.9917 354.3710  2.01208613148788
0 COSMOS 1261 DEB
1 27901U 81031J   22034.60340988  .00000195  00000-0  00000+0 0  9995
2 27901  62.8318 241.1790 6843300  38.9917 354.3710  2.01208613148777
0 COSMOS 1261 DEB
1 27901U 81031J   22035.59738059  .00000142  00000-0  00000-0 0  9997
2 27901  62.8307 241.0672 6843887  38.9930 354.3650  2.01209195148801
0 COSMOS 1261 DEB
1 27901U 81031J   22036.59135304  .00000097  00000-0  00000-0 0  9991
2 27901  62.8295 240.9554 6844479  38.9942 354.3618  2.01209668148826
0 COSMOS 1261 DEB
1 27901U 81031J   22037.58532745  .00000060  00000-0  00000-0 0  9991
2 27901  62.8286 240.8436 6845065  38.9956 354.3616  2.01210049148846
0 COSMOS 1261 DEB
1 27901U 81031J   22037.58532745  .00000060  00000-0  00000+0 0  9990
2 27901  62.8286 240.8436 6845065  38.9956 354.3616  2.01210049148835
0 COSMOS 1261 DEB
1 27901U 81031J   22038.57930490  .00000030  00000-0  00000-0 0  9997
2 27901  62.8273 240.7317 6845668  38.9969 354.3642  2.01210310148864
0 COSMOS 1261 DEB
1 27901U 81031J   22040.56726516 -.00000019  00000-0  00000-0 0  9999
2 27901  62.8248 240.5079 6846892  38.9995 354.3746  2.01210502148901
0 COSMOS 1261 DEB
1 27901U 81031J   22040.56726516 -.00000019  00000-0  00000+0 0  9998
2 27901  62.8248 240.5079 6846892  38.9995 354.3746  2.01210502148899
0 COSMOS 1261 DEB
1 27901U 81031J   22041.56124628 -.00000044  00000-0  00000-0 0  9994
2 27901  62.8236 240.3958 6847506  39.0011 354.3804  2.01210421148923
0 COSMOS 1261 DEB
1 27901U 81031J   22042.55522687 -.00000072  00000-0  00000-0 0  9992
2 27901  62.8219 240.2837 6848116  39.0027 354.3853  2.01210220148947
0 COSMOS 1261 DEB
1 27901U 81031J   22043.54920618 -.00000103  00000-0  00000+0 0  9992
2 27901  62.8201 240.1715 6848719  39.0044 354.3884  2.01209898148954
0 COSMOS 1261 DEB
1 27901U 81031J   22043.54920618 -.00000103  00000-0  00000-0 0  9993
2 27901  62.8201 240.1715 6848719  39.0044 354.3884  2.01209898148965
0 COSMOS 1261 DEB
1 27901U 81031J   22044.54318389 -.00000137  00000-0  00000-0 0  9997
2 27901  62.8182 240.0593 6849319  39.0061 354.3891  2.01209459148985
0 COSMOS 1261 DEB
1 27901U 81031J   22045.53716054 -.00000174  00000-0  00000-0 0  9999
2 27901  62.8168 239.9473 6849924  39.0076 354.3872  2.01208899149001
0 COSMOS 1261 DEB
1 27901U 81031J   22046.53113643 -.00000212  00000-0  00000-0 0  9998
2 27901  62.8150 239.8349 6850530  39.0095 354.3828  2.01208232149023
0 COSMOS 1261 DEB
1 27901U 81031J   22046.53113643 -.00000212  00000-0  00000+0 0  9997
2 27901  62.8150 239.8349 6850530  39.0095 354.3828  2.01208232149012
0 COSMOS 1261 DEB
1 27901U 81031J   22047.52511304 -.00000250  00000-0  00000-0 0  9996
2 27901  62.8135 239.7227 6851145  39.0113 354.3764  2.01207461149048
0 COSMOS 1261 DEB
1 27901U 81031J   22049.51307513 -.00000322  00000-0  00000+0 0  9991
2 27901  62.8101 239.4980 6852379  39.0152 354.3611  2.01205638149075
0 COSMOS 1261 DEB
1 27901U 81031J   22049.51307513 -.00000322  00000-0  00000-0 0  9992
2 27901  62.8101 239.4980 6852379  39.0152 354.3611  2.01205638149086
0 COSMOS 1261 DEB
1 27901U 81031J   22050.50706506 -.00000354  00000-0  00000-0 0  9993
2 27901  62.8090 239.3868 6853034  39.0165 354.3550  2.01204602149105
0 COSMOS 1261 DEB
1 27901U 81031J   22051.50106328 -.00000381  00000-0  00000-0 0  9990
2 27901  62.8073 239.2749 6853675  39.0186 354.3510  2.01203483149121
0 COSMOS 1261 DEB
1 27901U 81031J   22052.49507055 -.00000404  00000-0  00000+0 0  9996
2 27901  62.8057 239.1625 6854310  39.0208 354.3497  2.01202300149139
0 COSMOS 1261 DEB
1 27901U 81031J   22052.49507055 -.00000404  00000-0  00000-0 0  9997
2 27901  62.8057 239.1625 6854310  39.0208 354.3497  2.01202300149140
0 COSMOS 1261 DEB
1 27901U 81031J   22053.48908741 -.00000424  00000-0  00000-0 0  9996
2 27901  62.8040 239.0501 6854953  39.0230 354.3510  2.01201042149162
0 COSMOS 1261 DEB
1 27901U 81031J   22054.48311254 -.00000442  00000-0  00000-0 0  9994
2 27901  62.8023 238.9375 6855593  39.0254 354.3538  2.01199720149188
0 COSMOS 1261 DEB
1 27901U 81031J   22055.47714436 -.00000461  00000-0  00000-0 0  9994
2 27901  62.8005 238.8250 6856243  39.0278 354.3566  2.01198329149206
0 COSMOS 1261 DEB
1 27901U 81031J   22055.47714436 -.00000461  00000-0  00000+0 0  9993
2 27901  62.8005 238.8250 6856243  39.0278 354.3566  2.01198329149194
0 COSMOS 1261 DEB
1 27901U 81031J   22056.47118077 -.00000483  00000-0  00000-0 0  9998
2 27901  62.7987 238.7125 6856893  39.0303 354.3576  2.01196877149223
0 COSMOS 1261 DEB
1 27901U 81031J   22057.46522005 -.00000511  00000-0  00000-0 0  9990
2 27901  62.7968 238.6000 6857544  39.0329 354.3555  2.01195378149249
0 COSMOS 1261 DEB
1 27901U 81031J   22058.45926230 -.00000544  00000-0  00000+0 0  9993
2 27901  62.7949 238.4875 6858201  39.0354 354.3500  2.01193826149252
0 COSMOS 1261 DEB
1 27901U 81031J   22058.45926230 -.00000544  00000-0  00000-0 0  9994
2 27901  62.7949 238.4875 6858201  39.0354 354.3500  2.01193826149263
0 COSMOS 1261 DEB
1 27901U 81031J   22059.45330847 -.00000581  00000-0  00000-0 0  9999
2 27901  62.7929 238.3749 6858843  39.0380 354.3416  2.01192216149281
0 COSMOS 1261 DEB
1 27901U 81031J   22060.44736065 -.00000618  00000-0  00000-0 0  9993
2 27901  62.7910 238.2624 6859490  39.0406 354.3316  2.01190562149304
0 COSMOS 1261 DEB
1 27901U 81031J   22061.44142091 -.00000653  00000-0  00000+0 0  9992
2 27901  62.7891 238.1498 6860134  39.0433 354.3217  2.01188880149318
0 COSMOS 1261 DEB
1 27901U 81031J   22061.44142091 -.00000653  00000-0  00000-0 0  9993
2 27901  62.7891 238.1498 6860134  39.0433 354.3217  2.01188880149329
0 COSMOS 1261 DEB
1 27901U 81031J   22062.43549229 -.00000680  00000-0  00000-0 0  9997
2 27901  62.7871 238.0372 6860772  39.0461 354.3134  2.01187148149342
0 COSMOS 1261 DEB
1 27901U 81031J   22062.93253266 -.00000691  00000-0  00000-0 0  9997
2 27901  62.7861 237.9810 6861093  39.0474 354.3103  2.01186267149355
0 COSMOS 1261 DEB
1 27901U 81031J   22063.42957560 -.00000699  00000-0  00000-0 0  9998
2 27901  62.7869 237.9264 6861334  39.0485 354.3079  2.01185510149369
0 COSMOS 1261 DEB
1 27901U 81031J   22063.92662348 -.00000705  00000-0  00000+0 0  9997
2 27901  62.7842 237.8683 6861722  39.0502 354.3065  2.01184476149360
0 COSMOS 1261 DEB
1 27901U 81031J   22063.92662348 -.00000705  00000-0  00000-0 0  9998
2 27901  62.7842 237.8683 6861722  39.0502 354.3065  2.01184476149371
0 COSMOS 1261 DEB
1 27901U 81031J   22064.42367355 -.00000709  00000-0  00000-0 0  9998
2 27901  62.7849 237.8136 6861982  39.0514 354.3058  2.01183701149385
0 COSMOS 1261 DEB
1 27901U 81031J   22064.92072833 -.00000710  00000-0  00000-0 0  9999
2 27901  62.7840 237.7574 6862303  39.0528 354.3060  2.01182784149398
0 COSMOS 1261 DEB
1 27901U 81031J   22066.41191102 -.00000705  00000-0  00000+0 0  9999
2 27901  62.7811 237.5884 6863286  39.0572 354.3104  2.01179996149411
0 COSMOS 1261 DEB
1 27901U 81031J   22066.41191102 -.00000705  00000-0  00000-0 0  9990
2 27901  62.7811 237.5884 6863286  39.0572 354.3104  2.01179996149422
0 COSMOS 1261 DEB
1 27901U 81031J   22067.90311944 -.00000694  00000-0  00000-0 0  9990
2 27901  62.7782 237.4193 6864278  39.0616 354.3182  2.01177146149456
0 COSMOS 1261 DEB
1 27901U 81031J   22068.40019396 -.00000690  00000-0  00000-0 0  9998
2 27901  62.7771 237.3630 6864611  39.0632 354.3210  2.01176179149466
0 COSMOS 1261 DEB
1 27901U 81031J   22068.89726601 -.00000687  00000-0  00000-0 0  9991
2 27901  62.7757 237.3061 6864927  39.0648 354.3234  2.01175176149478
0 COSMOS 1261 DEB
1 27901U 81031J   22068.89726601 -.00000687  00000-0  00000+0 0  9990
2 27901  62.7757 237.3061 6864927  39.0648 354.3234  2.01175176149467
0 COSMOS 1261 DEB
1 27901U 81031J   22069.89142372 -.00000684  00000-0  00000-0 0  9996
2 27901  62.7736 237.1933 6865571  39.0678 354.3275  2.01173209149492
0 COSMOS 1261 DEB
1 27901U 81031J   22070.88559002 -.00000684  00000-0  00000-0 0  9999
2 27901  62.7715 237.0805 6866210  39.0709 354.3297  2.01171197149513
0 COSMOS 1261 DEB
1 27901U 81031J   22071.38267563 -.00000685  00000-0  00000+0 0  9993
2 27901  62.7704 237.0241 6866530  39.0725 354.3299  2.01170184149515
0 COSMOS 1261 DEB
1 27901U 81031J   22071.38267563 -.00000685  00000-0  00000-0 0  9994
2 27901  62.7704 237.0241 6866530  39.0725 354.3299  2.01170184149526
0 COSMOS 1261 DEB
1 27901U 81031J   22071.87975992 -.00000687  00000-0  00000-0 0  9992
2 27901  62.7697 236.9677 6866835  39.0745 354.3294  2.01169183149531
0 COSMOS 1261 DEB
1 27901U 81031J   22072.37684874 -.00000689  00000-0  00000-0 0  9996
2 27901  62.7688 236.9114 6867158  39.0761 354.3284  2.01168160149548
0 COSMOS 1261 DEB
1 27901U 81031J   22075.35941840 -.00000708  00000-0  00000+0 0  9997
2 27901  62.7638 236.5734 6869042  39.0870 354.3115  2.01161976149598
0 COSMOS 1261 DEB
1 27901U 81031J   22075.35941840 -.00000708  00000-0  00000-0 0  9998
2 27901  62.7638 236.5734 6869042  39.0870 354.3115  2.01161976149600
0 COSMOS 1261 DEB
1 27901U 81031J   22079.33632296 -.00000704  00000-0  00000+0 0  9997
2 27901  62.7555 236.1228 6871653  39.1006 354.2946  2.01153928149671
0 COSMOS 1261 DEB
1 27901U 81031J   22079.33632296 -.00000704  00000-0  00000-0 0  9998
2 27901  62.7555 236.1228 6871653  39.1006 354.2946  2.01153928149682
0 COSMOS 1261 DEB
1 27901U 81031J   22086.79345970 -.00000696  00000-0  00000+0 0  9995
2 27901  62.7362 235.2769 6876682  39.1285 354.2964  2.01140155149828
0 COSMOS 1261 DEB
1 27901U 81031J   22086.79345970 -.00000696  00000-0  00000-0 0  9996
2 27901  62.7362 235.2769 6876682  39.1285 354.2964  2.01140155149839
0 COSMOS 1261 DEB
1 27901U 81031J   22088.28492843 -.00000717  00000-0  00000-0 0  9998
2 27901  62.7353 235.1075 6877511  39.1330 354.2837  2.01137611149866
0 COSMOS 1261 DEB
1 27901U 81031J   22089.27925527 -.00000726  00000-0  00000+0 0  9997
2 27901  62.7333 234.9946 6878148  39.1368 354.2768  2.01135967149872
0 COSMOS 1261 DEB
1 27901U 81031J   22089.27925527 -.00000726  00000-0  00000-0 0  9998
2 27901  62.7333 234.9946 6878148  39.1368 354.2768  2.01135967149883
0 COSMOS 1261 DEB
1 27901U 81031J   22090.27359392 -.00000727  00000-0  00000-0 0  9992
2 27901  62.7312 234.8817 6878779  39.1406 354.2728  2.01134363149907
0 COSMOS 1261 DEB
1 27901U 81031J   22091.26794494 -.00000720  00000-0  00000-0 0  9991
2 27901  62.7291 234.7690 6879395  39.1442 354.2723  2.01132789149923
0 COSMOS 1261 DEB
1 27901U 81031J   22092.26230891 -.00000704  00000-0  00000+0 0  9999
2 27901  62.7271 234.6564 6880009  39.1478 354.2753  2.01131236149933
0 COSMOS 1261 DEB
1 27901U 81031J   22092.26230891 -.00000704  00000-0  00000-0 0  9990
2 27901  62.7271 234.6564 6880009  39.1478 354.2753  2.01131236149944
0 COSMOS 1261 DEB
1 27901U 81031J   22093.25668474 -.00000682  00000-0  00000-0 0  9997
2 27901  62.7250 234.5439 6880627  39.1512 354.2812  2.01129705149962
0 COSMOS 1261 DEB
1 27901U 81031J   22094.74826815 -.00000645  00000-0  00000-0 0  9996
2 27901  62.7218 234.3749 6881567  39.1568 354.2932  2.01127474149990
0 COSMOS 1261 DEB
1 27901U 81031J   22094.74826815 -.00000645  00000-0  00000+0 0  9995
2 27901  62.7218 234.3749 6881567  39.1568 354.2932  2.01127474149989
0 COSMOS 1261 DEB
1 27901U 81031J   22097.23427401 -.00000593  00000-0  00000-0 0  9993
2 27901  62.7175 234.0920 6883116  39.1659 354.3120  2.01123731150043
0 COSMOS 1261 DEB
1 27901U 81031J   22097.23427401 -.00000593  00000-0  00000+0 0  9992
2 27901  62.7175 234.0920 6883116  39.1659 354.3120  2.01123731150032
0 COSMOS 1261 DEB
1 27901U 81031J   22098.22868574 -.00000580  00000-0  00000-0 0  9999
2 27901  62.7154 233.9793 6883731  39.1694 354.3166  2.01122245150069
0 COSMOS 1261 DEB
1 27901U 81031J   22099.22310059 -.00000571  00000-0  00000-0 0  9990
2 27901  62.7136 233.8662 6884339  39.1731 354.3187  2.01120786150083
0 COSMOS 1261 DEB
1 27901U 81031J   22106.18416359 -.00000502  00000-0  00000+0 0  9997
2 27901  62.7011 233.0751 6888592  39.1989 354.3089  2.01111118150211
0 COSMOS 1261 DEB
1 27901U 81031J   22106.18416359 -.00000502  00000-0  00000-0 0  9998
2 27901  62.7011 233.0751 6888592  39.1989 354.3089  2.01111118150222
0 COSMOS 1261 DEB
1 27901U 81031J   22108.17311923 -.00000460  00000-0  00000-0 0  9993
2 27901  62.6976 232.8484 6889809  39.2066 354.3221  2.01108635150262
0 COSMOS 1261 DEB
1 27901U 81031J   22109.16760840 -.00000439  00000-0  00000+0 0  9994
2 27901  62.6955 232.7358 6890423  39.2102 354.3307  2.01107460150274
0 COSMOS 1261 DEB
1 27901U 81031J   22109.16760840 -.00000439  00000-0  00000-0 0  9995
2 27901  62.6955 232.7358 6890423  39.2102 354.3307  2.01107460150285
0 COSMOS 1261 DEB
1 27901U 81031J   22110.16210203 -.00000422  00000-0  00000-0 0  9992
2 27901  62.6941 232.6218 6891028  39.2144 354.3383  2.01106314150306
0 COSMOS 1261 DEB
1 27901U 81031J   22111.15659766 -.00000411  00000-0  00000-0 0  9991
2 27901  62.6923 232.5084 6891637  39.2183 354.3433  2.01105207150323
0 COSMOS 1261 DEB
1 27901U 81031J   22111.65384610 -.00000408  00000-0  00000-0 0  9995
2 27901  62.6916 232.4512 6891934  39.2204 354.3445  2.01104652150320
0 COSMOS 1261 DEB
1 27901U 81031J   22112.15109360 -.00000406  00000-0  00000-0 0  9996
2 27901  62.6908 232.3945 6892238  39.2224 354.3448  2.01104141150348
0 COSMOS 1261 DEB
1 27901U 81031J   22112.64834199 -.00000406  00000-0  00000-0 0  9995
2 27901  62.6899 232.3377 6892535  39.2243 354.3441  2.01103611150352
0 COSMOS 1261 DEB
1 27901U 81031J   22113.64283905 -.00000410  00000-0  00000-0 0  9994
2 27901  62.6882 232.2242 6893133  39.2281 354.3406  2.01102598150377
0 COSMOS 1261 DEB
1 27901U 81031J   22114.63733836 -.00000417  00000-0  00000+0 0  9993
2 27901  62.6865 232.1107 6893724  39.2319 354.3354  2.01101633150387
0 COSMOS 1261 DEB
1 27901U 81031J   22114.63733836 -.00000417  00000-0  00000-0 0  9994
2 27901  62.6865 232.1107 6893724  39.2319 354.3354  2.01101633150398
0 COSMOS 1261 DEB
1 27901U 81031J   22116.62635542 -.00000419  00000-0  00000-0 0  9992
2 27901  62.6830 231.8836 6894893  39.2394 354.3273  2.01099788150438
0 COSMOS 1261 DEB
1 27901U 81031J   22117.62087646 -.00000409  00000-0  00000+0 0  9997
2 27901  62.6815 231.7701 6895471  39.2431 354.3274  2.01098926150441
0 COSMOS 1261 DEB
1 27901U 81031J   22117.62087646 -.00000409  00000-0  00000-0 0  9998
2 27901  62.6815 231.7701 6895471  39.2431 354.3274  2.01098926150452
0 COSMOS 1261 DEB
1 27901U 81031J   22118.61540725 -.00000390  00000-0  00000-0 0  9999
2 27901  62.6800 231.6566 6896046  39.2468 354.3313  2.01098092150473
0 COSMOS 1261 DEB
1 27901U 81031J   22119.60994744 -.00000363  00000-0  00000-0 0  9993
2 27901  62.6785 231.5430 6896621  39.2504 354.3388  2.01097280150496
0 COSMOS 1261 DEB
1 27901U 81031J   22120.60449514 -.00000330  00000-0  00000-0 0  9999
2 27901  62.6771 231.4293 6897199  39.2542 354.3489  2.01096506150515
0 COSMOS 1261 DEB
1 27901U 81031J   22120.60449514 -.00000330  00000-0  00000+0 0  9998
2 27901  62.6771 231.4293 6897199  39.2542 354.3489  2.01096506150504
0 COSMOS 1261 DEB
1 27901U 81031J   22121.59904906 -.00000295  00000-0  00000-0 0  9999
2 27901  62.6757 231.3157 6897764  39.2578 354.3605  2.01095748150533
0 COSMOS 1261 DEB
1 27901U 81031J   22122.59360716 -.00000260  00000-0  00000-0 0  9997
2 27901  62.6743 231.2021 6898336  39.2615 354.3723  2.01095014150554
0 COSMOS 1261 DEB
1 27901U 81031J   22123.58816744 -.00000229  00000-0  00000-0 0  9999
2 27901  62.6729 231.0884 6898905  39.2651 354.3833  2.01094306150572
0 COSMOS 1261 DEB
1 27901U 81031J   22123.58816744 -.00000229  00000-0  00000+0 0  9998
2 27901  62.6729 231.0884 6898905  39.2651 354.3833  2.01094306150561
0 COSMOS 1261 DEB
1 27901U 81031J   22124.58272864 -.00000203  00000-0  00000-0 0  9991
2 27901  62.6714 230.9747 6899471  39.2688 354.3924  2.01093617150598
0 COSMOS 1261 DEB
1 27901U 81031J   22125.57729038 -.00000181  00000-0  00000-0 0  9996
2 27901  62.6701 230.8609 6900044  39.2724 354.3993  2.01092935150611
0 COSMOS 1261 DEB
1 27901U 81031J   22126.57185074 -.00000162  00000-0  00000+0 0  9991
2 27901  62.6687 230.7471 6900608  39.2761 354.4036  2.01092302150625
0 COSMOS 1261 DEB
1 27901U 81031J   22126.57185074 -.00000162  00000-0  00000-0 0  9992
2 27901  62.6687 230.7471 6900608  39.2761 354.4036  2.01092302150636
0 COSMOS 1261 DEB
1 27901U 81031J   22127.56641116 -.00000145  00000-0  00000-0 0  9997
2 27901  62.6674 230.6333 6901170  39.2797 354.4055  2.01091682150655
0 COSMOS 1261 DEB
1 27901U 81031J   22128.56097155 -.00000128  00000-0  00000-0 0  9997
2 27901  62.6661 230.5195 6901727  39.2833 354.4056  2.01091102150675
0 COSMOS 1261 DEB
1 27901U 81031J   22129.55553315 -.00000110  00000-0  00000+0 0  9992
2 27901  62.6581 230.4046 6902375  39.2956 354.4037  2.01090557150689
0 COSMOS 1261 DEB
1 27901U 81031J   22129.55553315 -.00000110  00000-0  00000-0 0  9993
2 27901  62.6581 230.4046 6902375  39.2956 354.4037  2.01090557150690
0 COSMOS 1261 DEB
1 27901U 81031J   22130.55009852 -.00000090  00000-0  00000-0 0  9994
2 27901  62.6610 230.2913 6902896  39.2945 354.4037  2.01090037150716
0 COSMOS 1261 DEB
1 27901U 81031J   22131.54466719 -.00000066  00000-0  00000-0 0  9996
2 27901  62.6572 230.1769 6903502  39.3015 354.4041  2.01089584150737
0 COSMOS 1261 DEB
1 27901U 81031J   22132.53924208 -.00000038  00000-0  00000+0 0  9996
2 27901  62.6547 230.0623 6904085  39.3059 354.4072  2.01089155150741
0 COSMOS 1261 DEB
1 27901U 81031J   22132.53924208 -.00000038  00000-0  00000-0 0  9997
2 27901  62.6547 230.0623 6904085  39.3059 354.4072  2.01089155150752
0 COSMOS 1261 DEB
1 27901U 81031J   22133.53382210 -.00000007  00000-0  00000-0 0  9995
2 27901  62.6530 229.9482 6904607  39.3045 354.4140  2.01088807150770
0 COSMOS 1261 DEB
1 27901U 81031J   22134.52840839  .00000026  00000-0  00000-0 0  9991
2 27901  62.6537 229.8343 6905194  39.3092 354.4227  2.01088480150791
0 COSMOS 1261 DEB
1 27901U 81031J   22135.52299801  .00000061  00000-0  00000+0 0  9997
2 27901  62.6519 229.7198 6905783  39.3144 354.4332  2.01088221150802
0 COSMOS 1261 DEB
1 27901U 81031J   22135.52299801  .00000061  00000-0  00000-0 0  9998
2 27901  62.6519 229.7198 6905783  39.3144 354.4332  2.01088221150813
0 COSMOS 1261 DEB
1 27901U 81031J   22136.51758866  .00000095  00000-0  00000-0 0  9996
2 27901  62.6546 229.6069 6906365  39.3180 354.4442  2.01088035150833
0 COSMOS 1261 DEB
1 27901U 81031J   22137.51217869  .00000124  00000-0  00000-0 0  9993
2 27901  62.6525 229.4922 6906928  39.3210 354.4537  2.01087876150854
0 COSMOS 1261 DEB
1 27901U 81031J   22139.50134518  .00000163  00000-0  00000-0 0  9996
2 27901  62.6590 229.2661 6908023  39.3231 354.4629  2.01087767150890
0 COSMOS 1261 DEB
1 27901U 81031J   22139.50134518  .00000163  00000-0  00000+0 0  9995
2 27901  62.6590 229.2661 6908023  39.3231 354.4629  2.01087767150889
0 COSMOS 1261 DEB
1 27901U 81031J   22140.49591914  .00000172  00000-0  00000-0 0  9993
2 27901  62.6577 229.1517 6908592  39.3266 354.4615  2.01087843150916
0 COSMOS 1261 DEB
1 27901U 81031J   22141.49049195  .00000178  00000-0  00000-0 0  9999
2 27901  62.6570 229.0371 6909147  39.3299 354.4577  2.01087903150935
0 COSMOS 1261 DEB
1 27901U 81031J   22142.48506291  .00000185  00000-0  00000+0 0  9991
2 27901  62.6534 228.9219 6909671  39.3310 354.4536  2.01088042150941
0 COSMOS 1261 DEB
1 27901U 81031J   22142.48506291  .00000185  00000-0  00000-0 0  9992
2 27901  62.6534 228.9219 6909671  39.3310 354.4536  2.01088042150952
0 COSMOS 1261 DEB
1 27901U 81031J   22143.47963491  .00000197  00000-0  00000-0 0  9994
2 27901  62.6489 228.8062 6910264  39.3392 354.4501  2.01088240150970
0 COSMOS 1261 DEB
1 27901U 81031J   22144.47421085  .00000216  00000-0  00000-0 0  9995
2 27901  62.6501 228.6922 6910825  39.3430 354.4503  2.01088482150996
0 COSMOS 1261 DEB
1 27901U 81031J   22145.46878992  .00000245  00000-0  00000+0 0  9999
2 27901  62.6475 228.5772 6911344  39.3442 354.4545  2.01088805151006
0 COSMOS 1261 DEB
1 27901U 81031J   22145.46878992  .00000245  00000-0  00000-0 0  9990
2 27901  62.6475 228.5772 6911344  39.3442 354.4545  2.01088805151017
0 COSMOS 1261 DEB
1 27901U 81031J   22146.46337281  .00000283  00000-0  00000-0 0  9994
2 27901  62.6464 228.4623 6911893  39.3479 354.4620  2.01089175151035
0 COSMOS 1261 DEB
1 27901U 81031J   22148.45254372  .00000374  00000-0  00000+0 0  9994
2 27901  62.6462 228.2329 6913021  39.3579 354.4843  2.01090057151061
0 COSMOS 1261 DEB
1 27901U 81031J   22148.45254372  .00000374  00000-0  00000-0 0  9995
2 27901  62.6462 228.2329 6913021  39.3579 354.4843  2.01090057151072
0 COSMOS 1261 DEB
1 27901U 81031J   22149.44712735  .00000420  00000-0  00000-0 0  9999
2 27901  62.6459 228.1182 6913591  39.3630 354.4966  2.01090573151095
0 COSMOS 1261 DEB
1 27901U 81031J   22150.44170699  .00000463  00000-0  00000-0 0  9995
2 27901  62.6433 228.0029 6914166  39.3694 354.5078  2.01091136151119
0 COSMOS 1261 DEB
1 27901U 81031J   22156.40905105  .00000639  00000-0  00000+0 0  9999
2 27901  62.6379 227.3118 6917502  39.3906 354.5300  2.01095451151226
0 COSMOS 1261 DEB
1 27901U 81031J   22156.40905105  .00000639  00000-0  00000-0 0  9990
2 27901  62.6379 227.3118 6917502  39.3906 354.5300  2.01095451151237
0 COSMOS 1261 DEB
1 27901U 81031J   22157.40358729  .00000667  00000-0  00000-0 0  9996
2 27901  62.6390 227.1974 6918071  39.3949 354.5286  2.01096359151250
0 COSMOS 1261 DEB
1 27901U 81031J   22158.39812012  .00000698  00000-0  00000-0 0  9999
2 27901  62.6387 227.0823 6918609  39.3991 354.5283  2.01097325151275
0 COSMOS 1261 DEB
1 27901U 81031J   22159.39264920  .00000732  00000-0  00000+0 0  9997
2 27901  62.6391 226.9675 6919195  39.4038 354.5301  2.01098414151289
0 COSMOS 1261 DEB
1 27901U 81031J   22159.39264920  .00000732  00000-0  00000-0 0  9998
2 27901  62.6391 226.9675 6919195  39.4038 354.5301  2.01098414151290
0 COSMOS 1261 DEB
1 27901U 81031J   22169.83485224  .00000985  00000-0  00000-0 0  9990
2 27901  62.6392 225.7568 6925169  39.4458 354.5582  2.01113197151504
0 COSMOS 1261 DEB
1 27901U 81031J   22171.32651288  .00001000  00000-0  00000-0 0  9991
2 27901  62.6390 225.5832 6926045  39.4518 354.5519  2.01115844151539
0 COSMOS 1261 DEB
1 27901U 81031J   22171.82373096  .00001009  00000-0  00000-0 0  9993
2 27901  62.6390 225.5254 6926328  39.4535 354.5516  2.01116755151540
0 COSMOS 1261 DEB
1 27901U 81031J   22175.30422879  .00001117  00000-0  00000+0 0  9993
2 27901  62.6402 225.1200 6928336  39.4675 354.5732  2.01123583151601
0 COSMOS 1261 DEB
1 27901U 81031J   22175.30422879  .00001117  00000-0  00000-0 0  9994
2 27901  62.6402 225.1200 6928336  39.4675 354.5732  2.01123583151612
0 COSMOS 1261 DEB
1 27901U 81031J   22177.29303989  .00001182  00000-0  00000-0 0  9996
2 27901  62.6405 224.8880 6929490  39.4754 354.5920  2.01127656151653
0 COSMOS 1261 DEB
1 27901U 81031J   22185.24775360  .00001254  00000-0  00000+0 0  9995
2 27901  62.6428 223.9591 6934084  39.5067 354.5877  2.01144922151803
0 COSMOS 1261 DEB
1 27901U 81031J   22185.24775360  .00001254  00000-0  00000-0 0  9996
2 27901  62.6428 223.9591 6934084  39.5067 354.5877  2.01144922151814
0 COSMOS 1261 DEB
1 27901U 81031J   22186.24204168  .00001260  00000-0  00000-0 0  9997
2 27901  62.6431 223.8426 6934681  39.5109 354.5857  2.01147189151832
0 COSMOS 1261 DEB
1 27901U 81031J   22187.23632185  .00001269  00000-0  00000-0 0  9990
2 27901  62.6433 223.7261 6935287  39.5151 354.5865  2.01149491151859
0 COSMOS 1261 DEB
1 27901U 81031J   22188.23059464  .00001278  00000-0  00000+0 0  9993
2 27901  62.6437 223.6096 6935895  39.5191 354.5902  2.01151808151865
0 COSMOS 1261 DEB
1 27901U 81031J   22188.23059464  .00001278  00000-0  00000-0 0  9994
2 27901  62.6437 223.6096 6935895  39.5191 354.5902  2.01151808151876
0 COSMOS 1261 DEB
1 27901U 81031J   22189.22485928  .00001287  00000-0  00000-0 0  9992
2 27901  62.6422 223.4935 6936595  39.5232 354.5964  2.01154101151893
0 COSMOS 1261 DEB
1 27901U 81031J   22190.21911311  .00001293  00000-0  00000-0 0  9990
2 27901  62.6426 223.3770 6937192  39.5272 354.6032  2.01156446151915
0 COSMOS 1261 DEB
1 27901U 81031J   22191.21335467  .00001294  00000-0  00000+0 0  9993
2 27901  62.6430 223.2606 6937788  39.5312 354.6091  2.01158786151928
0 COSMOS 1261 DEB
1 27901U 81031J   22191.21335467  .00001294  00000-0  00000-0 0  9994
2 27901  62.6430 223.2606 6937788  39.5312 354.6091  2.01158786151939
0 COSMOS 1261 DEB
1 27901U 81031J   22196.18431370  .00001169  00000-0  00000+0 0  9995
2 27901  62.6440 222.6766 6940874  39.5521 354.5855  2.01170560152024
0 COSMOS 1261 DEB
1 27901U 81031J   22196.18431370  .00001169  00000-0  00000-0 0  9996
2 27901  62.6440 222.6766 6940874  39.5521 354.5855  2.01170560152035
0 COSMOS 1261 DEB
1 27901U 81031J   22197.17846312  .00001129  00000-0  00000-0 0  9998
2 27901  62.6432 222.5590 6941507  39.5554 354.5751  2.01172885152059
0 COSMOS 1261 DEB
1 27901U 81031J   22198.17260427  .00001095  00000-0  00000-0 0  9998
2 27901  62.6435 222.4419 6942136  39.5597 354.5669  2.01175196152075
0 COSMOS 1261 DEB
1 27901U 81031J   22199.16673680  .00001066  00000-0  00000+0 0  9994
2 27901  62.6448 222.3250 6942753  39.5639 354.5625  2.01177574152088
0 COSMOS 1261 DEB
1 27901U 81031J   22199.16673680  .00001066  00000-0  00000-0 0  9995
2 27901  62.6448 222.3250 6942753  39.5639 354.5625  2.01177574152099
0 COSMOS 1261 DEB
1 27901U 81031J   22202.14910648  .00001020  00000-0  00000+0 0  9995
2 27901  62.6464 221.9727 6944643  39.5746 354.5715  2.01184229152141
0 COSMOS 1261 DEB
1 27901U 81031J   22203.14321536  .00001007  00000-0  00000-0 0  9994
2 27901  62.6466 221.8552 6945299  39.5784 354.5782  2.01186332152172
0 COSMOS 1261 DEB
1 27901U 81031J   22204.13731144  .00000990  00000-0  00000-0 0  9994
2 27901  62.6475 221.7385 6945948  39.5832 354.5842  2.01188378152191
0 COSMOS 1261 DEB
1 27901U 81031J   22205.13139686  .00000967  00000-0  00000+0 0  9991
2 27901  62.6481 221.6212 6946576  39.5872 354.5884  2.01190365152205
0 COSMOS 1261 DEB
1 27901U 81031J   22205.13139686  .00000967  00000-0  00000-0 0  9992
2 27901  62.6481 221.6212 6946576  39.5872 354.5884  2.01190365152216
0 COSMOS 1261 DEB
1 27901U 81031J   22206.12546761  .00000936  00000-0  00000-0 0  9994
2 27901  62.6494 221.5043 6947204  39.5907 354.5902  2.01192267152235
0 COSMOS 1261 DEB
1 27901U 81031J   22207.11952491  .00000898  00000-0  00000-0 0  9992
2 27901  62.6491 221.3857 6947802  39.5959 354.5888  2.01194092152257
0 COSMOS 1261 DEB
1 27901U 81031J   22209.10760350  .00000808  00000-0  00000+0 0  9994
2 27901  62.6494 221.1506 6949055  39.6044 354.5787  2.01197518152284
0 COSMOS 1261 DEB
1 27901U 81031J   22209.10760350  .00000808  00000-0  00000-0 0  9995
2 27901  62.6494 221.1506 6949055  39.6044 354.5787  2.01197518152295
0 COSMOS 1261 DEB
1 27901U 81031J   22210.10162696  .00000761  00000-0  00000-0 0  9994
2 27901  62.6495 221.0331 6949699  39.6083 354.5713  2.01199120152311
0 COSMOS 1261 DEB
1 27901U 81031J   22211.09564178  .00000716  00000-0  00000-0 0  9994
2 27901  62.6498 220.9155 6950330  39.6120 354.5636  2.01200644152332
0 COSMOS 1261 DEB
1 27901U 81031J   22212.08965076  .00000673  00000-0  00000+0 0  9997
2 27901  62.6498 220.7979 6950986  39.6156 354.5568  2.01202099152341
0 COSMOS 1261 DEB
1 27901U 81031J   22212.08965076  .00000673  00000-0  00000-0 0  9998
2 27901  62.6498 220.7979 6950986  39.6156 354.5568  2.01202099152352
0 COSMOS 1261 DEB
1 27901U 81031J   22213.08365544  .00000633  00000-0  00000-0 0  9999
2 27901  62.6504 220.6801 6951605  39.6190 354.5519  2.01203494152378
0 COSMOS 1261 DEB
1 27901U 81031J   22214.07765806  .00000596  00000-0  00000-0 0  9992
2 27901  62.6505 220.5620 6952251  39.6226 354.5497  2.01204843152391
0 COSMOS 1261 DEB
1 27901U 81031J   22215.07165695  .00000562  00000-0  00000+0 0  9995
2 27901  62.6495 220.4454 6952964  39.6276 354.5506  2.01206028152409
0 COSMOS 1261 DEB
1 27901U 81031J   22215.07165695  .00000562  00000-0  00000-0 0  9996
2 27901  62.6495 220.4454 6952964  39.6276 354.5506  2.01206028152410
0 COSMOS 1261 DEB
1 27901U 81031J   22221.53252560  .00000271  00000-0  00000-0 0  9999
2 27901  62.6491 219.6813 6957411  39.6480 354.5544  2.01211898152541
0 COSMOS 1261 DEB
1 27901U 81031J   22222.52647488  .00000202  00000-0  00000-0 0  9990
2 27901  62.6487 219.5626 6958120  39.6517 354.5428  2.01212475152561
0 COSMOS 1261 DEB
1 27901U 81031J   22224.01739205  .00000098  00000-0  00000+0 0  9997
2 27901  62.6479 219.3853 6959106  39.6578 354.5234  2.01213090152585
0 COSMOS 1261 DEB
1 27901U 81031J   22224.51436470  .00000065  00000-0  00000-0 0  9995
2 27901  62.6476 219.3256 6959488  39.6596 354.5178  2.01213264152605
0 COSMOS 1261 DEB
1 27901U 81031J   22225.50831341  .00000006  00000-0  00000-0 0  9996
2 27901  62.6470 219.2071 6960156  39.6638 354.5087  2.01213516152625
0 COSMOS 1261 DEB
1 27901U 81031J   22227.49622610 -.00000083  00000-0  00000+0 0  9998
2 27901  62.6464 218.9704 6961570  39.6714 354.5039  2.01213657152659
0 COSMOS 1261 DEB
1 27901U 81031J   22227.49622610 -.00000083  00000-0  00000-0 0  9999
2 27901  62.6464 218.9704 6961570  39.6714 354.5039  2.01213657152660
0 COSMOS 1261 DEB
1 27901U 81031J   22228.49019133 -.00000114  00000-0  00000-0 0  9995
2 27901  62.6473 218.8524 6962332  39.6747 354.5076  2.01213526152680
0 COSMOS 1261 DEB
1 27901U 81031J   22229.48416111 -.00000140  00000-0  00000-0 0  9991
2 27901  62.6460 218.7339 6963040  39.6789 354.5132  2.01213316152705
0 COSMOS 1261 DEB
1 27901U 81031J   22229.98114584 -.00000152  00000-0  00000+0 0  9997
2 27901  62.6459 218.6749 6963393  39.6809 354.5164  2.01213161152704
0 COSMOS 1261 DEB
1 27901U 81031J   22229.98114584 -.00000152  00000-0  00000-0 0  9998
2 27901  62.6459 218.6749 6963393  39.6809 354.5164  2.01213161152715
0 COSMOS 1261 DEB
1 27901U 81031J   22231.47210517 -.00000193  00000-0  00000-0 0  9993
2 27901  62.6447 218.4979 6964398  39.6896 354.5243  2.01212565152745
0 COSMOS 1261 DEB
1 27901U 81031J   22232.46607709 -.00000226  00000-0  00000+0 0  9992
2 27901  62.6441 218.3792 6965138  39.6930 354.5278  2.01212007152753
0 COSMOS 1261 DEB
1 27901U 81031J   22233.46004658 -.00000263  00000-0  00000-0 0  9999
2 27901  62.6428 218.2602 6965836  39.6978 354.5282  2.01211348152789
0 COSMOS 1261 DEB
1 27901U 81031J   22233.95703197 -.00000284  00000-0  00000-0 0  9990
2 27901  62.6424 218.2009 6966188  39.6999 354.5275  2.01210964152796
0 COSMOS 1261 DEB
1 27901U 81031J   22234.95100353 -.00000327  00000-0  00000+0 0  9993
2 27901  62.6417 218.0822 6966881  39.7040 354.5240  2.01210092152803
0 COSMOS 1261 DEB
1 27901U 81031J   22235.44798991 -.00000349  00000-0  00000-0 0  9994
2 27901  62.6413 218.0229 6967228  39.7061 354.5213  2.01209611152826
0 COSMOS 1261 DEB
1 27901U 81031J   22236.44196432 -.00000392  00000-0  00000-0 0  9995
2 27901  62.6405 217.9042 6967919  39.7102 354.5148  2.01208574152847
0 COSMOS 1261 DEB
1 27901U 81031J   22236.93895318 -.00000413  00000-0  00000+0 0  9991
2 27901  62.6402 217.8449 6968275  39.7122 354.5112  2.01208016152844
0 COSMOS 1261 DEB
1 27901U 81031J   22237.43593895 -.00000433  00000-0  00000-0 0  9995
2 27901  62.6397 217.7854 6968584  39.7138 354.5073  2.01207413152864
0 COSMOS 1261 DEB
1 27901U 81031J   22238.42992334 -.00000468  00000-0  00000-0 0  9994
2 27901  62.6389 217.6667 6969277  39.7179 354.5002  2.01206141152882
0 COSMOS 1261 DEB
1 27901U 81031J   22239.92091493 -.00000511  00000-0  00000-0 0  9995
2 27901  62.6379 217.4888 6970356  39.7246 354.4927  2.01204196152916
0 COSMOS 1261 DEB
1 27901U 81031J   22239.92091493 -.00000511  00000-0  00000+0 0  9994
2 27901  62.6379 217.4888 6970356  39.7246 354.4927  2.01204196152905
0 COSMOS 1261 DEB
1 27901U 81031J   22240.41791786 -.00000523  00000-0  00000-0 0  9996
2 27901  62.6374 217.4294 6970702  39.7268 354.4914  2.01203481152924
0 COSMOS 1261 DEB
1 27901U 81031J   22241.41193108 -.00000542  00000-0  00000-0 0  9992
2 27901  62.6365 217.3106 6971395  39.7313 354.4912  2.01201984152941
0 COSMOS 1261 DEB
1 27901U 81031J   22241.90894190 -.00000550  00000-0  00000-0 0  9994
2 27901  62.6360 217.2513 6971758  39.7336 354.4924  2.01201228152950
0 COSMOS 1261 DEB
1 27901U 81031J   22242.40595634 -.00000556  00000-0  00000+0 0  9996
2 27901  62.6355 217.1918 6972104  39.7359 354.4943  2.01200426152953
0 COSMOS 1261 DEB
1 27901U 81031J   22242.40595634 -.00000556  00000-0  00000-0 0  9997
2 27901  62.6355 217.1918 6972104  39.7359 354.4943  2.01200426152964
0 COSMOS 1261 DEB
1 27901U 81031J   22242.90297301 -.00000562  00000-0  00000-0 0  9999
2 27901  62.6351 217.1324 6972462  39.7382 354.4968  2.01199629152974
0 COSMOS 1261 DEB
1 27901U 81031J   22243.39999283 -.00000568  00000-0  00000-0 0  9997
2 27901  62.6345 217.0729 6972809  39.7406 354.4998  2.01198795152984
0 COSMOS 1261 DEB
1 27901U 81031J   22243.89701426 -.00000573  00000-0  00000-0 0  9998
2 27901  62.6340 217.0134 6973168  39.7430 354.5032  2.01197974152994
0 COSMOS 1261 DEB
1 27901U 81031J   22244.39403783 -.00000579  00000-0  00000-0 0  9995
2 27901  62.6332 216.9537 6973479  39.7451 354.5065  2.01197058153000
0 COSMOS 1261 DEB
1 27901U 81031J   22244.89106485 -.00000585  00000-0  00000+0 0  9995
2 27901  62.6326 216.8942 6973837  39.7476 354.5097  2.01196189153006
0 COSMOS 1261 DEB
1 27901U 81031J   22244.89106545 -.00000585  00000-0  00000-0 0  9993
2 27901  62.6328 216.8943 6973879  39.7478 354.5098  2.01196234153010
0 COSMOS 1261 DEB
1 27901U 81031J   22245.38809115 -.00000592  00000-0  00000-0 0  9999
2 27901  62.6320 216.8347 6974191  39.7499 354.5125  2.01195294153028
0 COSMOS 1261 DEB
1 27901U 81031J   22245.88512328 -.00000600  00000-0  00000-0 0  9991
2 27901  62.6316 216.7753 6974603  39.7527 354.5147  2.01194448153038
0 COSMOS 1261 DEB
1 27901U 81031J   22246.38215127 -.00000610  00000-0  00000-0 0  9995
2 27901  62.6310 216.7158 6974944  39.7551 354.5158  2.01193529153048
0 COSMOS 1261 DEB
1 27901U 81031J   22246.87918129 -.00000622  00000-0  00000-0 0  9994
2 27901  62.6304 216.6563 6975307  39.7576 354.5160  2.01192625153051
0 COSMOS 1261 DEB
1 27901U 81031J   22247.37621227 -.00000635  00000-0  00000+0 0  9993
2 27901  62.6295 216.5964 6975622  39.7599 354.5149  2.01191623153053
0 COSMOS 1261 DEB
1 27901U 81031J   22247.37621227 -.00000635  00000-0  00000-0 0  9994
2 27901  62.6295 216.5964 6975622  39.7599 354.5149  2.01191623153064
0 COSMOS 1261 DEB
1 27901U 81031J   22248.37027740 -.00000667  00000-0  00000-0 0  9990
2 27901  62.6284 216.4775 6976380  39.7652 354.5096  2.01189789153086
0 COSMOS 1261 DEB
1 27901U 81031J   22248.86731262 -.00000685  00000-0  00000-0 0  9995
2 27901  62.6277 216.4178 6976751  39.7677 354.5054  2.01188817153090
0 COSMOS 1261 DEB
1 27901U 81031J   22249.86138597 -.00000723  00000-0  00000-0 0  9991
2 27901  62.6263 216.2985 6977473  39.7729 354.4948  2.01186855153113
0 COSMOS 1261 DEB
1 27901U 81031J   22249.86138597 -.00000723  00000-0  00000+0 0  9990
2 27901  62.6263 216.2985 6977473  39.7729 354.4948  2.01186855153102
0 COSMOS 1261 DEB
1 27901U 81031J   22250.35842254 -.00000743  00000-0  00000-0 0  9991
2 27901  62.6255 216.2388 6977791  39.7754 354.4890  2.01185821153121
0 COSMOS 1261 DEB
1 27901U 81031J   22251.35251252 -.00000779  00000-0  00000-0 0  9993
2 27901  62.6239 216.1193 6978522  39.7806 354.4782  2.01183838153145
0 COSMOS 1261 DEB
1 27901U 81031J   22251.84955826 -.00000794  00000-0  00000-0 0  9992
2 27901  62.6236 216.0600 6978921  39.7834 354.4739  2.01182861153156
0 COSMOS 1261 DEB
1 27901U 81031J   22252.34660968 -.00000808  00000-0  00000-0 0  9994
2 27901  62.6227 216.0002 6979278  39.7862 354.4703  2.01181833153169
0 COSMOS 1261 DEB
1 27901U 81031J   22252.84366532 -.00000818  00000-0  00000-0 0  9990
2 27901  62.6220 215.9405 6979634  39.7889 354.4678  2.01180820153179
0 COSMOS 1261 DEB
1 27901U 81031J   22253.34072505 -.00000826  00000-0  00000-0 0  9999
2 27901  62.6211 215.8806 6979978  39.7913 354.4665  2.01179701153185
0 COSMOS 1261 DEB
1 27901U 81031J   22253.83779011 -.00000831  00000-0  00000-0 0  9995
2 27901  62.6206 215.8211 6980370  39.7943 354.4665  2.01178758153192
0 COSMOS 1261 DEB
1 27901U 81031J   22254.33485956 -.00000834  00000-0  00000-0 0  9996
2 27901  62.6199 215.7613 6980724  39.7970 354.4676  2.01177707153208
0 COSMOS 1261 DEB
1 27901U 81031J   22255.32901006 -.00000831  00000-0  00000+0 0  9991
2 27901  62.6186 215.6419 6981451  39.8024 354.4729  2.01175614153211
0 COSMOS 1261 DEB
1 27901U 81031J   22255.32901006 -.00000831  00000-0  00000-0 0  9992
2 27901  62.6186 215.6419 6981451  39.8024 354.4729  2.01175614153222
0 COSMOS 1261 DEB
1 27901U 81031J   22256.32317517 -.00000823  00000-0  00000-0 0  9992
2 27901  62.6173 215.5225 6982193  39.8078 354.4811  2.01173511153243
0 COSMOS 1261 DEB
1 27901U 81031J   22256.82025860 -.00000818  00000-0  00000-0 0  9998
2 27901  62.6165 215.4627 6982574  39.8106 354.4857  2.01172472153250
0 COSMOS 1261 DEB
1 27901U 81031J   22257.31735214 -.00000813  00000-0  00000-0 0  9999
2 27901  62.6159 215.4030 6982941  39.8133 354.4904  2.01171404153267
0 COSMOS 1261 DEB
1 27901U 81031J   22258.31153795 -.00000804  00000-0  00000-0 0  9998
2 27901  62.6141 215.2833 6983668  39.8186 354.4991  2.01169232153286
0 COSMOS 1261 DEB
1 27901U 81031J   22258.80862842 -.00000801  00000-0  00000-0 0  9999
2 27901  62.6133 215.2233 6984040  39.8214 354.5028  2.01168180153292
0 COSMOS 1261 DEB
1 27901U 81031J   22258.80862907 -.00000801  00000-0  00000+0 0  9990
2 27901  62.6135 215.2235 6984071  39.8216 354.5028  2.01168228153284
0 COSMOS 1261 DEB
1 27901U 81031J   22259.30572665 -.00000800  00000-0  00000-0 0  9995
2 27901  62.6125 215.1635 6984412  39.8243 354.5059  2.01167125153307
0 COSMOS 1261 DEB
1 27901U 81031J   22259.80282656 -.00000800  00000-0  00000-0 0  9998
2 27901  62.6117 215.1037 6984774  39.8269 354.5084  2.01166027153312
0 COSMOS 1261 DEB
1 27901U 81031J   22260.29992819 -.00000802  00000-0  00000-0 0  9994
2 27901  62.6109 215.0439 6985136  39.8298 354.5101  2.01164958153325
0 COSMOS 1261 DEB
1 27901U 81031J   22260.79703044 -.00000804  00000-0  00000-0 0  9991
2 27901  62.6101 214.9840 6985506  39.8325 354.5111  2.01163871153338
0 COSMOS 1261 DEB
1 27901U 81031J   22261.29413468 -.00000808  00000-0  00000+0 0  9998
2 27901  62.6093 214.9242 6985863  39.8350 354.5115  2.01162752153339
0 COSMOS 1261 DEB
1 27901U 81031J   22261.29413468 -.00000808  00000-0  00000-0 0  9999
2 27901  62.6093 214.9242 6985863  39.8350 354.5115  2.01162752153340
0 COSMOS 1261 DEB
1 27901U 81031J   22262.78545627 -.00000824  00000-0  00000-0 0  9995
2 27901  62.6070 214.7448 6986934  39.8431 354.5088  2.01159541153375
0 COSMOS 1261 DEB
1 27901U 81031J   22263.28256950 -.00000829  00000-0  00000-0 0  9994
2 27901  62.6064 214.6850 6987286  39.8459 354.5071  2.01158465153382
0 COSMOS 1261 DEB
1 27901U 81031J   22263.77968293 -.00000834  00000-0  00000+0 0  9993
2 27901  62.6057 214.6253 6987640  39.8485 354.5051  2.01157363153388
0 COSMOS 1261 DEB
1 27901U 81031J   22263.77968293 -.00000834  00000-0  00000-0 0  9994
2 27901  62.6057 214.6253 6987640  39.8485 354.5051  2.01157363153399
0 COSMOS 1261 DEB
1 27901U 81031J   22264.77391977 -.00000840  00000-0  00000-0 0  9991
2 27901  62.6044 214.5058 6988352  39.8540 354.5010  2.01155231153410
0 COSMOS 1261 DEB
1 27901U 81031J   22265.27104189 -.00000842  00000-0  00000-0 0  9996
2 27901  62.6038 214.4460 6988717  39.8566 354.4992  2.01154113153429
0 COSMOS 1261 DEB
1 27901U 81031J   22266.26529491 -.00000841  00000-0  00000+0 0  9991
2 27901  62.6026 214.3267 6989439  39.8623 354.4968  2.01152087153438
0 COSMOS 1261 DEB
1 27901U 81031J   22266.26529491 -.00000841  00000-0  00000-0 0  9992
2 27901  62.6026 214.3267 6989439  39.8623 354.4968  2.01152087153449
0 COSMOS 1261 DEB
1 27901U 81031J   22267.75670427 -.00000829  00000-0  00000-0 0  9999
2 27901  62.6000 214.1473 6990509  39.8712 354.4978  2.01148857153471
0 COSMOS 1261 DEB
1 27901U 81031J   22268.75099422 -.00000815  00000-0  00000+0 0  9994
2 27901  62.5984 214.0276 6991239  39.8774 354.5026  2.01146827153481
0 COSMOS 1261 DEB
1 27901U 81031J   22269.74529572 -.00000798  00000-0  00000-0 0  9999
2 27901  62.5969 213.9080 6991960  39.8832 354.5106  2.01144840153517
0 COSMOS 1261 DEB
1 27901U 81031J   22270.24245423 -.00000789  00000-0  00000-0 0  9996
2 27901  62.5958 213.8481 6992339  39.8866 354.5155  2.01143856153528
0 COSMOS 1261 DEB
1 27901U 81031J   22270.73961358 -.00000780  00000-0  00000-0 0  9993
2 27901  62.5950 213.7883 6992699  39.8897 354.5208  2.01142916153534
0 COSMOS 1261 DEB
1 27901U 81031J   22271.23677455 -.00000770  00000-0  00000+0 0  9999
2 27901  62.5944 213.7285 6993047  39.8926 354.5264  2.01141955153538
0 COSMOS 1261 DEB
1 27901U 81031J   22271.23677455 -.00000770  00000-0  00000-0 0  9990
2 27901  62.5944 213.7285 6993047  39.8926 354.5264  2.01141955153549
0 COSMOS 1261 DEB
1 27901U 81031J   22272.72827183 -.00000748  00000-0  00000-0 0  9995
2 27901  62.5922 213.5489 6994135  39.9015 354.5417  2.01139138153571
0 COSMOS 1261 DEB
1 27901U 81031J   22273.22544064 -.00000744  00000-0  00000-0 0  9991
2 27901  62.5915 213.4891 6994487  39.9044 354.5455  2.01138199153580
0 COSMOS 1261 DEB
1 27901U 81031J   22274.21977996 -.00000740  00000-0  00000+0 0  9990
2 27901  62.5901 213.3693 6995207  39.9104 354.5500  2.01136435153595
0 COSMOS 1261 DEB
1 27901U 81031J   22274.21977996 -.00000740  00000-0  00000-0 0  9991
2 27901  62.5901 213.3693 6995207  39.9104 354.5500  2.01136435153607
0 COSMOS 1261 DEB
1 27901U 81031J   22274.71694984 -.00000742  00000-0  00000-0 0  9991
2 27901  62.5893 213.3094 6995567  39.9134 354.5504  2.01135585153614
0 COSMOS 1261 DEB
1 27901U 81031J   22275.71129358 -.00000750  00000-0  00000-0 0  9999
2 27901  62.5877 213.1894 6996291  39.9195 354.5479  2.01133854153634
0 COSMOS 1261 DEB
1 27901U 81031J   22276.20846663 -.00000757  00000-0  00000-0 0  9996
2 27901  62.5870 213.1295 6996639  39.9225 354.5452  2.01133007153644
0 COSMOS 1261 DEB
1 27901U 81031J   22276.70564087 -.00000765  00000-0  00000+0 0  9996
2 27901  62.5863 213.0695 6996991  39.9255 354.5417  2.01132169153642
0 COSMOS 1261 DEB
1 27901U 81031J   22277.69999340 -.00000781  00000-0  00000-0 0  9998
2 27901  62.5848 212.9496 6997700  39.9314 354.5339  2.01130543153677
0 COSMOS 1261 DEB
1 27901U 81031J   22278.69435698 -.00000795  00000-0  00000-0 0  9995
2 27901  62.5835 212.8297 6998389  39.9375 354.5271  2.01128966153695
0 COSMOS 1261 DEB
1 27901U 81031J   22279.68873215 -.00000802  00000-0  00000+0 0  9994
2 27901  62.5821 212.7097 6999079  39.9434 354.5235  2.01127418153703
0 COSMOS 1261 DEB
1 27901U 81031J   22279.68873215 -.00000802  00000-0  00000-0 0  9995
2 27901  62.5821 212.7097 6999079  39.9434 354.5235  2.01127418153714
0 COSMOS 1261 DEB
1 27901U 81031J   22280.68312192 -.00000798  00000-0  00000-0 0  9993
2 27901  62.5808 212.5896 6999770  39.9493 354.5247  2.01125893153737
0 COSMOS 1261 DEB
1 27901U 81031J   22283.16915621 -.00000749  00000-0  00000+0 0  9990
2 27901  62.5780 212.2895 7001504  39.9640 354.5470  2.01122246153777
0 COSMOS 1261 DEB
1 27901U 81031J   22283.16915621 -.00000749  00000-0  00000-0 0  9991
2 27901  62.5780 212.2895 7001504  39.9640 354.5470  2.01122246153788
0 COSMOS 1261 DEB
1 27901U 81031J   22283.66636983 -.00000735  00000-0  00000-0 0  9992
2 27901  62.5776 212.2295 7001826  39.9667 354.5534  2.01121515153793
0 COSMOS 1261 DEB
1 27901U 81031J   22284.66080581 -.00000708  00000-0  00000-0 0  9990
2 27901  62.5764 212.1093 7002529  39.9726 354.5667  2.01120121153814
0 COSMOS 1261 DEB
1 27901U 81031J   22285.65524768 -.00000685  00000-0  00000+0 0  9993
2 27901  62.5752 211.9891 7003231  39.9784 354.5788  2.01118740153828
0 COSMOS 1261 DEB
1 27901U 81031J   22285.65524768 -.00000685  00000-0  00000-0 0  9994
2 27901  62.5752 211.9891 7003231  39.9784 354.5788  2.01118740153839
0 COSMOS 1261 DEB
1 27901U 81031J   22288.63859237 -.00000651  00000-0  00000-0 0  9990
2 27901  62.5716 211.6281 7005312  39.9961 354.5992  2.01114739153895
0 COSMOS 1261 DEB
1 27901U 81031J   22289.63304445 -.00000650  00000-0  00000-0 0  9996
2 27901  62.5704 211.5077 7005968  40.0017 354.6004  2.01113440153912
0 COSMOS 1261 DEB
1 27901U 81031J   22290.62750141 -.00000648  00000-0  00000-0 0  9992
2 27901  62.5693 211.3874 7006645  40.0073 354.6000  2.01112131153931
0 COSMOS 1261 DEB
1 27901U 81031J   22291.62196372 -.00000644  00000-0  00000+0 0  9998
2 27901  62.5683 211.2670 7007314  40.0131 354.5990  2.01110855153941
0 COSMOS 1261 DEB
1 27901U 81031J   22291.62196372 -.00000644  00000-0  00000-0 0  9999
2 27901  62.5683 211.2670 7007314  40.0131 354.5990  2.01110855153952
0 COSMOS 1261 DEB
1 27901U 81031J   22292.61643320 -.00000635  00000-0  00000-0 0  9999
2 27901  62.5673 211.1466 7007974  40.0189 354.5985  2.01109602153972
0 COSMOS 1261 DEB
1 27901U 81031J   22293.61091079 -.00000620  00000-0  00000-0 0  9992
2 27901  62.5664 211.0263 7008626  40.0245 354.5998  2.01108333153990
0 COSMOS 1261 DEB
1 27901U 81031J   22294.60539932 -.00000600  00000-0  00000+0 0  9994
2 27901  62.5652 210.9057 7009309  40.0308 354.6039  2.01107174154007
0 COSMOS 1261 DEB
1 27901U 81031J   22294.60539932 -.00000600  00000-0  00000-0 0  9995
2 27901  62.5652 210.9057 7009309  40.0308 354.6039  2.01107174154018
0 COSMOS 1261 DEB
1 27901U 81031J   22295.59989725 -.00000575  00000-0  00000-0 0  9994
2 27901  62.5644 210.7852 7009963  40.0364 354.6111  2.01105946154036
0 COSMOS 1261 DEB
1 27901U 81031J   22296.59440448 -.00000546  00000-0  00000-0 0  9997
2 27901  62.5634 210.6645 7010635  40.0425 354.6215  2.01104839154057
0 COSMOS 1261 DEB
1 27901U 81031J   22297.58892250 -.00000516  00000-0  00000+0 0  9995
2 27901  62.5622 210.5436 7011316  40.0488 354.6345  2.01103759154062
0 COSMOS 1261 DEB
1 27901U 81031J   22297.58892250 -.00000516  00000-0  00000-0 0  9996
2 27901  62.5622 210.5436 7011316  40.0488 354.6345  2.01103759154073
0 COSMOS 1261 DEB
1 27901U 81031J   22298.58344691 -.00000486  00000-0  00000-0 0  9994
2 27901  62.5614 210.4229 7011994  40.0548 354.6485  2.01102652154090
0 COSMOS 1261 DEB
1 27901U 81031J   22299.57797412 -.00000460  00000-0  00000-0 0  9999
2 27901  62.5607 210.3023 7012643  40.0605 354.6616  2.01101571154117
0 COSMOS 1261 DEB
1 27901U 81031J   22300.07523917 -.00000448  00000-0  00000+0 0  9999
2 27901  62.5599 210.2416 7012995  40.0639 354.6672  2.01101095154112
0 COSMOS 1261 DEB
1 27901U 81031J   22300.07523917 -.00000448  00000-0  00000-0 0  9990
2 27901  62.5599 210.2416 7012995  40.0639 354.6672  2.01101095154123
0 COSMOS 1261 DEB
1 27901U 81031J   22300.57250370 -.00000439  00000-0  00000-0 0  9995
2 27901  62.5596 210.1812 7013331  40.0669 354.6719  2.01100587154135
0 COSMOS 1261 DEB
1 27901U 81031J   22301.06976727 -.00000431  00000-0  00000-0 0  9993
2 27901  62.5592 210.1209 7013650  40.0697 354.6753  2.01100051154141
0 COSMOS 1261 DEB
1 27901U 81031J   22301.56703124 -.00000426  00000-0  00000-0 0  9991
2 27901  62.5587 210.0603 7014005  40.0729 354.6776  2.01099611154158
0 COSMOS 1261 DEB
1 27901U 81031J   22302.56155743 -.00000422  00000-0  00000+0 0  9995
2 27901  62.5578 209.9393 7014672  40.0789 354.6783  2.01098642154169
0 COSMOS 1261 DEB
1 27901U 81031J   22302.56155743 -.00000422  00000-0  00000-0 0  9996
2 27901  62.5578 209.9393 7014672  40.0789 354.6783  2.01098642154170
0 COSMOS 1261 DEB
1 27901U 81031J   22303.05881917 -.00000422  00000-0  00000-0 0  9990
2 27901  62.5575 209.8789 7014994  40.0817 354.6769  2.01098130154181
0 COSMOS 1261 DEB
1 27901U 81031J   22303.55608249 -.00000424  00000-0  00000-0 0  9992
2 27901  62.5569 209.8182 7015341  40.0849 354.6746  2.01097695154194
0 COSMOS 1261 DEB
1 27901U 81031J   22305.04787014 -.00000433  00000-0  00000+0 0  9995
2 27901  62.5555 209.6366 7016325  40.0938 354.6652  2.01096372154213
0 COSMOS 1261 DEB
1 27901U 81031J   22305.04787014 -.00000433  00000-0  00000-0 0  9996
2 27901  62.5555 209.6366 7016325  40.0938 354.6652  2.01096372154224
0 COSMOS 1261 DEB
1 27901U 81031J   22305.54513632 -.00000434  00000-0  00000-0 0  9995
2 27901  62.5551 209.5760 7016670  40.0970 354.6623  2.01096000154233
0 COSMOS 1261 DEB
1 27901U 81031J   22306.53967461 -.00000433  00000-0  00000-0 0  9997
2 27901  62.5545 209.4549 7017333  40.1029 354.6589  2.01095147154257
0 COSMOS 1261 DEB
1 27901U 81031J   22307.03694639 -.00000428  00000-0  00000-0 0  9991
2 27901  62.5542 209.3944 7017643  40.1057 354.6586  2.01094716154266
0 COSMOS 1261 DEB
1 27901U 81031J   22307.53422263 -.00000421  00000-0  00000+0 0  9990
2 27901  62.5539 209.3337 7017996  40.1089 354.6598  2.01094340154260
0 COSMOS 1261 DEB
1 27901U 81031J   22307.53422263 -.00000421  00000-0  00000-0 0  9991
2 27901  62.5539 209.3337 7017996  40.1089 354.6598  2.01094340154271
0 COSMOS 1261 DEB
1 27901U 81031J   22309.02606083 -.00000384  00000-0  00000-0 0  9999
2 27901  62.5535 209.1519 7018917  40.1177 354.6702  2.01093224154300
0 COSMOS 1261 DEB
1 27901U 81031J   22310.02063460 -.00000349  00000-0  00000+0 0  9997
2 27901  62.5527 209.0306 7019596  40.1239 354.6822  2.01092509154316
0 COSMOS 1261 DEB
1 27901U 81031J   22310.02063460 -.00000349  00000-0  00000-0 0  9998
2 27901  62.5527 209.0306 7019596  40.1239 354.6822  2.01092509154327
0 COSMOS 1261 DEB
1 27901U 81031J   22312.00979748 -.00000272  00000-0  00000-0 0  9998
2 27901  62.5514 208.7881 7020947  40.1360 354.7099  2.01091132154366
0 COSMOS 1261 DEB
1 27901U 81031J   22313.50167375 -.00000224  00000-0  00000-0 0  9996
2 27901  62.5504 208.6057 7021954  40.1455 354.7268  2.01090248154391
0 COSMOS 1261 DEB
1 27901U 81031J   22313.50167375 -.00000224  00000-0  00000+0 0  9995
2 27901  62.5504 208.6057 7021954  40.1455 354.7268  2.01090248154380
0 COSMOS 1261 DEB
1 27901U 81031J   22314.99354515 -.00000190  00000-0  00000-0 0  9996
2 27901  62.5496 208.4235 7022929  40.1545 354.7365  2.01089323154424
0 COSMOS 1261 DEB
1 27901U 81031J   22315.98812423 -.00000175  00000-0  00000+0 0  9995
2 27901  62.5489 208.3019 7023578  40.1606 354.7389  2.01088760154435
0 COSMOS 1261 DEB
1 27901U 81031J   22315.98812423 -.00000175  00000-0  00000-0 0  9996
2 27901  62.5489 208.3019 7023578  40.1606 354.7389  2.01088760154446
0 COSMOS 1261 DEB
1 27901U 81031J   22316.98270179 -.00000162  00000-0  00000-0 0  9999
2 27901  62.5485 208.1803 7024221  40.1667 354.7388  2.01088239154466
0 COSMOS 1261 DEB
1 27901U 81031J   22320.46373684 -.00000093  00000-0  00000-0 0  9995
2 27901  62.5469 207.7544 7026474  40.1884 354.7344  2.01086660154534
0 COSMOS 1261 DEB
1 27901U 81031J   22320.46373684 -.00000093  00000-0  00000+0 0  9994
2 27901  62.5469 207.7544 7026474  40.1884 354.7344  2.01086660154523
0 COSMOS 1261 DEB
1 27901U 81031J   22321.45832836 -.00000060  00000-0  00000-0 0  9998
2 27901  62.5467 207.6326 7027117  40.1946 354.7367  2.01086287154555
0 COSMOS 1261 DEB
1 27901U 81031J   22322.45292515 -.00000021  00000-0  00000-0 0  9990
2 27901  62.5463 207.5106 7027769  40.2011 354.7422  2.01086000154570
0 COSMOS 1261 DEB
1 27901U 81031J   22322.95022604 -.00000000  00000-0  00000+0 0  9991
2 27901  62.5463 207.4498 7028094  40.2042 354.7461  2.01085842154575
0 COSMOS 1261 DEB
1 27901U 81031J   22323.44752791  .00000021  00000-0  00000-0 0  9996
2 27901  62.5461 207.3887 7028425  40.2075 354.7508  2.01085726154593
0 COSMOS 1261 DEB
1 27901U 81031J   22324.44213541  .00000067  00000-0  00000-0 0  9992
2 27901  62.5458 207.2666 7029080  40.2141 354.7620  2.01085514154618
0 COSMOS 1261 DEB
1 27901U 81031J   22327.42596236  .00000192  00000-0  00000+0 0  9996
2 27901  62.5450 206.9001 7031059  40.2339 354.7956  2.01085175154667
0 COSMOS 1261 DEB
1 27901U 81031J   22327.42596236  .00000192  00000-0  00000-0 0  9997
2 27901  62.5450 206.9001 7031059  40.2339 354.7956  2.01085175154678
0 COSMOS 1261 DEB
1 27901U 81031J   22328.91786028  .00000233  00000-0  00000-0 0  9998
2 27901  62.5448 206.7169 7032048  40.2438 354.8008  2.01085201154700
0 COSMOS 1261 DEB
1 27901U 81031J   22329.41515697  .00000243  00000-0  00000-0 0  9997
2 27901  62.5447 206.6557 7032374  40.2471 354.7999  2.01085205154711
0 COSMOS 1261 DEB
1 27901U 81031J   22329.91245071  .00000250  00000-0  00000+0 0  9995
2 27901  62.5446 206.5945 7032706  40.2505 354.7977  2.01085254154717
0 COSMOS 1261 DEB
1 27901U 81031J   22330.40974280  .00000256  00000-0  00000-0 0  9999
2 27901  62.5444 206.5331 7033035  40.2539 354.7944  2.01085333154731
0 COSMOS 1261 DEB
1 27901U 81031J   22330.90703260  .00000261  00000-0  00000-0 0  9998
2 27901  62.5443 206.4720 7033362  40.2572 354.7902  2.01085436154740
0 COSMOS 1261 DEB
1 27901U 81031J   22331.90161156  .00000269  00000-0  00000-0 0  9999
2 27901  62.5442 206.3496 7034020  40.2638 354.7805  2.01085641154765
0 COSMOS 1261 DEB
1 27901U 81031J   22332.89618974  .00000279  00000-0  00000+0 0  9993
2 27901  62.5442 206.2271 7034674  40.2705 354.7712  2.01085921154774
0 COSMOS 1261 DEB
1 27901U 81031J   22332.89618974  .00000279  00000-0  00000-0 0  9994
2 27901  62.5442 206.2271 7034674  40.2705 354.7712  2.01085921154785
0 COSMOS 1261 DEB
1 27901U 81031J   22333.89077053  .00000296  00000-0  00000-0 0  9991
2 27901  62.5442 206.1046 7035333  40.2771 354.7651  2.01086264154806
0 COSMOS 1261 DEB
1 27901U 81031J   22334.88535701  .00000323  00000-0  00000-0 0  9991
2 27901  62.5443 205.9821 7035990  40.2839 354.7636  2.01086645154827
0 COSMOS 1261 DEB
1 27901U 81031J   22335.87994839  .00000361  00000-0  00000-0 0  9994
2 27901  62.5444 205.8595 7036652  40.2906 354.7671  2.01087097154849
0 COSMOS 1261 DEB
1 27901U 81031J   22335.87994839  .00000361  00000-0  00000+0 0  9993
2 27901  62.5444 205.8595 7036652  40.2906 354.7671  2.01087097154838
0 COSMOS 1261 DEB
1 27901U 81031J   22336.87454325  .00000407  00000-0  00000-0 0  9997
2 27901  62.5447 205.7369 7037316  40.2974 354.7748  2.01087606154866
0 COSMOS 1261 DEB
1 27901U 81031J   22337.37184111  .00000432  00000-0  00000-0 0  9994
2 27901  62.5447 205.6755 7037655  40.3008 354.7796  2.01087893154871
0 COSMOS 1261 DEB
1 27901U 81031J   22337.86913862  .00000458  00000-0  00000-0 0  9999
2 27901  62.5448 205.6142 7037984  40.3042 354.7848  2.01088186154880
0 COSMOS 1261 DEB
1 27901U 81031J   22338.36643597  .00000484  00000-0  00000+0 0  9998
2 27901  62.5448 205.5527 7038331  40.3078 354.7900  2.01088516154888
0 COSMOS 1261 DEB
1 27901U 81031J   22338.36643597  .00000484  00000-0  00000-0 0  9999
2 27901  62.5448 205.5527 7038331  40.3078 354.7900  2.01088516154899
0 COSMOS 1261 DEB
1 27901U 81031J   22339.85831903  .00000556  00000-0  00000-0 0  9994
2 27901  62.5450 205.3686 7039321  40.3180 354.8035  2.01089515154924
0 COSMOS 1261 DEB
1 27901U 81031J   22340.85289978  .00000596  00000-0  00000+0 0  9998
2 27901  62.5452 205.2457 7039979  40.3249 354.8089  2.01090230154932
0 COSMOS 1261 DEB
1 27901U 81031J   22340.85289978  .00000596  00000-0  00000-0 0  9999
2 27901  62.5452 205.2457 7039979  40.3249 354.8089  2.01090230154943
0 COSMOS 1261 DEB
1 27901U 81031J   22341.84747062  .00000628  00000-0  00000-0 0  9998
2 27901  62.5453 205.1228 7040633  40.3318 354.8108  2.01091028154965
0 COSMOS 1261 DEB
1 27901U 81031J   22342.84203269  .00000653  00000-0  00000-0 0  9993
2 27901  62.5456 204.9998 7041281  40.3387 354.8091  2.01091871154984
0 COSMOS 1261 DEB
1 27901U 81031J   22343.83658688  .00000675  00000-0  00000+0 0  9995
2 27901  62.5458 204.8769 7041927  40.3455 354.8045  2.01092754154995
0 COSMOS 1261 DEB
1 27901U 81031J   22343.83658688  .00000675  00000-0  00000-0 0  9996
2 27901  62.5458 204.8769 7041927  40.3455 354.8045  2.01092754155008
0 COSMOS 1261 DEB
1 27901U 81031J   22344.83113319  .00000696  00000-0  00000-0 0  9997
2 27901  62.5461 204.7539 7042573  40.3524 354.7982  2.01093715155020
0 COSMOS 1261 DEB
1 27901U 81031J   22345.32840438  .00000707  00000-0  00000-0 0  9994
2 27901  62.5463 204.6923 7042894  40.3560 354.7947  2.01094216155033
0 COSMOS 1261 DEB
1 27901U 81031J   22348.80927834  .00000825  00000-0  00000+0 0  9996
2 27901  62.5476 204.2614 7045174  40.3805 354.7794  2.01098105155093
0 COSMOS 1261 DEB
1 27901U 81031J   22348.80927834  .00000825  00000-0  00000-0 0  9997
2 27901  62.5476 204.2614 7045174  40.3805 354.7794  2.01098105155105
0 COSMOS 1261 DEB
1 27901U 81031J   22349.30654387  .00000847  00000-0  00000-0 0  9997
2 27901  62.5477 204.1996 7045502  40.3842 354.7799  2.01098732155116
0 COSMOS 1261 DEB
1 27901U 81031J   22349.80380919  .00000871  00000-0  00000-0 0  9996
2 27901  62.5480 204.1381 7045834  40.3877 354.7812  2.01099363155122
0 COSMOS 1261 DEB
1 27901U 81031J   22350.79833814  .00000919  00000-0  00000-0 0  9996
2 27901  62.5484 204.0147 7046498  40.3949 354.7861  2.01100679155141
0 COSMOS 1261 DEB
1 27901U 81031J   22351.79286369  .00000969  00000-0  00000+0 0  9998
2 27901  62.5490 203.8913 7047164  40.4021 354.7932  2.01102054155158
0 COSMOS 1261 DEB
1 27901U 81031J   22351.79286369  .00000969  00000-0  00000-0 0  9999
2 27901  62.5490 203.8913 7047164  40.4021 354.7932  2.01102054155169
0 COSMOS 1261 DEB
1 27901U 81031J   22352.78738290  .00001017  00000-0  00000-0 0  9999
2 27901  62.5494 203.7678 7047842  40.4093 354.8012  2.01103504155185
0 COSMOS 1261 DEB
1 27901U 81031J   22353.78189347  .00001060  00000-0  00000-0 0  9991
2 27901  62.5499 203.6443 7048520  40.4166 354.8080  2.01105008155203
0 COSMOS 1261 DEB
1 27901U 81031J   22358.75423467  .00001153  00000-0  00000+0 0  9999
2 27901  62.5519 203.0257 7051911  40.4528 354.7773  2.01113538155297
0 COSMOS 1261 DEB
1 27901U 81031J   22358.75423467  .00001153  00000-0  00000-0 0  9990
2 27901  62.5519 203.0257 7051911  40.4528 354.7773  2.01113538155309
0 COSMOS 1261 DEB
1 27901U 81031J   22359.74866442  .00001155  00000-0  00000-0 0  9996
2 27901  62.5526 202.9019 7052592  40.4600 354.7624  2.01115436155324
0 COSMOS 1261 DEB
1 27901U 81031J   22360.74308843  .00001162  00000-0  00000-0 0  9992
2 27901  62.5532 202.7780 7053269  40.4671 354.7499  2.01117384155340
0 COSMOS 1261 DEB
1 27901U 81031J   22363.72634143  .00001232  00000-0  00000+0 0  9995
2 27901  62.5550 202.4060 7055323  40.4889 354.7415  2.01123564155392
0 COSMOS 1261 DEB
1 27901U 81031J   22363.72634143  .00001232  00000-0  00000-0 0  9996
2 27901  62.5550 202.4060 7055323  40.4889 354.7415  2.01123564155404
0 COSMOS 1261 DEB
1 27901U 81031J   22364.72074995  .00001269  00000-0  00000-0 0  9990
2 27901  62.5557 202.2820 7056016  40.4960 354.7467  2.01125722155420
0 COSMOS 1261 DEB
1 27901U 81031J   22365.71514895  .00001305  00000-0  00000-0 0  9999
2 27901  62.5563 202.1578 7056713  40.5033 354.7526  2.01127927155449
0 COSMOS 1261 DEB
1 27901U 81031J   23001.70953487  .00001336  00000-0  00000+0 0  9993
2 27901  62.5561 202.0333 7057390  40.5114 354.7571  2.01130180155453
0 COSMOS 1261 DEB
1 27901U 81031J   23001.70953487  .00001336  00000-0  00000-0 0  9994
2 27901  62.5561 202.0333 7057390  40.5114 354.7571  2.01130180155464
0 COSMOS 1261 DEB
1 27901U 81031J   23002.70390601  .00001358  00000-0  00000-0 0  9992
2 27901  62.5568 201.9091 7058083  40.5185 354.7589  2.01132463155485
0 COSMOS 1261 DEB
1 27901U 81031J   23003.69826059  .00001370  00000-0  00000-0 0  9996
2 27901  62.5571 201.7846 7058762  40.5258 354.7570  2.01134775155501
0 COSMOS 1261 DEB
1 27901U 81031J   23005.68692068  .00001370  00000-0  00000-0 0  9998
2 27901  62.5604 201.5389 7060085  40.5419 354.7426  2.01139469155547
0 COSMOS 1261 DEB
1 27901U 81031J   23005.68692068  .00001370  00000-0  00000+0 0  9997
2 27901  62.5604 201.5389 7060085  40.5419 354.7426  2.01139469155536
0 COSMOS 1261 DEB
1 27901U 81031J   23012.64686117  .00001387  00000-0  00000+0 0  9997
2 27901  62.5586 200.6624 7064823  40.5680 354.7000  2.01156599155677
0 COSMOS 1261 DEB
1 27901U 81031J   23012.64686117  .00001387  00000-0  00000-0 0  9998
2 27901  62.5586 200.6624 7064823  40.5680 354.7000  2.01156599155688
0 COSMOS 1261 DEB
1 27901U 81031J   23013.64110334  .00001400  00000-0  00000+0 0  9997
2 27901  62.5647 200.5403 7065509  40.5947 354.7013  2.01159109155693
0 COSMOS 1261 DEB
1 27901U 81031J   23013.64110334  .00001400  00000-0  00000-0 0  9998
2 27901  62.5647 200.5403 7065509  40.5947 354.7013  2.01159109155705
0 COSMOS 1261 DEB
1 27901U 81031J   23015.62955476  .00001414  00000-0  00000-0 0  9997
2 27901  62.5660 200.2906 7066904  40.6087 354.7119  2.01164146155749
0 COSMOS 1261 DEB
1 27901U 81031J   23016.62375788  .00001410  00000-0  00000+0 0  9995
2 27901  62.5665 200.1656 7067611  40.6157 354.7144  2.01166662155753
0 COSMOS 1261 DEB
1 27901U 81031J   23016.62375788  .00001410  00000-0  00000-0 0  9996
2 27901  62.5665 200.1656 7067611  40.6157 354.7144  2.01166662155764
0 COSMOS 1261 DEB
1 27901U 81031J   23018.61210688  .00001370  00000-0  00000-0 0  9999
2 27901  62.5674 199.9154 7069025  40.6295 354.7052  2.01171688155803
0 COSMOS 1261 DEB
1 27901U 81031J   23019.60625201  .00001333  00000-0  00000-0 0  9999
2 27901  62.5679 199.7902 7069733  40.6363 354.6928  2.01174187155829
0 COSMOS 1261 DEB
1 27901U 81031J   23019.60625201  .00001333  00000-0  00000+0 0  9998
2 27901  62.5679 199.7902 7069733  40.6363 354.6928  2.01174187155818
0 COSMOS 1261 DEB
1 27901U 81031J   23022.58859928  .00001194  00000-0  00000+0 0  9999
2 27901  62.5692 199.4140 7071834  40.6566 354.6449  2.01181568155879
0 COSMOS 1261 DEB
1 27901U 81031J   23025.57088547  .00001097  00000-0  00000+0 0  9994
2 27901  62.5707 199.0373 7073958  40.6767 354.6297  2.01188661155931
0 COSMOS 1261 DEB
1 27901U 81031J   23025.57088547  .00001097  00000-0  00000-0 0  9995
2 27901  62.5707 199.0373 7073958  40.6767 354.6297  2.01188661155942
0 COSMOS 1261 DEB
1 27901U 81031J   23026.56497141  .00001078  00000-0  00000-0 0  9998
2 27901  62.5712 198.9117 7074677  40.6833 354.6340  2.01190936155964
0 COSMOS 1261 DEB
1 27901U 81031J   23027.55904866  .00001059  00000-0  00000-0 0  9994
2 27901  62.5720 198.7864 7075416  40.6898 354.6401  2.01193166155981
0 COSMOS 1261 DEB
1 27901U 81031J   23028.55311446  .00001036  00000-0  00000-0 0  9996
2 27901  62.5723 198.6606 7076142  40.6964 354.6454  2.01195329156003
0 COSMOS 1261 DEB
1 27901U 81031J   23028.55311446  .00001036  00000-0  00000+0 0  9995
2 27901  62.5723 198.6606 7076142  40.6964 354.6454  2.01195329155990
0 COSMOS 1261 DEB
1 27901U 81031J   23029.54716609  .00001004  00000-0  00000-0 0  9991
2 27901  62.5725 198.5346 7076862  40.7030 354.6481  2.01197431156027
0 COSMOS 1261 DEB
1 27901U 81031J   23030.54120245  .00000962  00000-0  00000-0 0  9990
2 27901  62.5728 198.4088 7077583  40.7095 354.6474  2.01199464156046
0 COSMOS 1261 DEB
1 27901U 81031J   23031.53522382  .00000910  00000-0  00000-0 0  9991
2 27901  62.5730 198.2828 7078291  40.7159 354.6429  2.01201410156064
0 COSMOS 1261 DEB
1 27901U 81031J   23031.53522382  .00000910  00000-0  00000+0 0  9990
2 27901  62.5730 198.2828 7078291  40.7159 354.6429  2.01201410156053
0 COSMOS 1261 DEB
1 27901U 81031J   23032.52923141  .00000850  00000-0  00000-0 0  9992
2 27901  62.5734 198.1571 7078999  40.7222 354.6354  2.01203269156081
0 COSMOS 1261 DEB
1 27901U 81031J   23033.52322693  .00000787  00000-0  00000-0 0  9997
2 27901  62.5737 198.0312 7079694  40.7284 354.6258  2.01205045156107
0 COSMOS 1261 DEB
1 27901U 81031J   23034.51721324  .00000724  00000-0  00000+0 0  9991
2 27901  62.5739 197.9052 7080389  40.7347 354.6156  2.01206733156114
0 COSMOS 1261 DEB
1 27901U 81031J   23035.51119134  .00000665  00000-0  00000-0 0  9997
2 27901  62.5742 197.7762 7080947  40.7543 354.6039  2.01208326156145
0 COSMOS 1261 DEB
1 27901U 81031J   23035.51119134  .00000665  00000-0  00000+0 0  9996
2 27901  62.5742 197.7762 7080947  40.7543 354.6039  2.01208326156134
0 COSMOS 1261 DEB
1 27901U 81031J   23036.50516581  .00000612  00000-0  00000-0 0  9996
2 27901  62.5742 197.6496 7081635  40.7614 354.5965  2.01209841156164
0 COSMOS 1261 DEB
1 27901U 81031J   23037.49913753  .00000566  00000-0  00000-0 0  9995
2 27901  62.5745 197.5238 7082326  40.7675 354.5923  2.01211267156186
0 COSMOS 1261 DEB
1 27901U 81031J   23038.49310890  .00000524  00000-0  00000+0 0  9992
2 27901  62.5834 197.4176 7083032  40.7720 354.5922  2.01212599156190
0 COSMOS 1261 DEB
1 27901U 81031J   23038.49310890  .00000524  00000-0  00000-0 0  9993
2 27901  62.5834 197.4176 7083032  40.7720 354.5922  2.01212599156202
0 COSMOS 1261 DEB
1 27901U 81031J   23039.48707735  .00000488  00000-0  00000-0 0  9990
2 27901  62.5832 197.2909 7083726  40.7783 354.5954  2.01213842156220
0 COSMOS 1261 DEB
1 27901U 81031J   23039.98406107  .00000471  00000-0  00000+0 0  9995
2 27901  62.5783 197.2163 7084075  40.7734 354.5994  2.01214417156224
0 COSMOS 1261 DEB
1 27901U 81031J   23040.48104364  .00000454  00000-0  00000-0 0  9994
2 27901  62.5779 197.1520 7084408  40.7774 354.6028  2.01214990156246
0 COSMOS 1261 DEB
1 27901U 81031J   23040.97802578  .00000437  00000-0  00000-0 0  9991
2 27901  62.5764 197.0855 7084793  40.7795 354.6070  2.01215536156255
0 COSMOS 1261 DEB
1 27901U 81031J   23041.47500804  .00000419  00000-0  00000-0 0  9994
2 27901  62.5765 197.0225 7085148  40.7826 354.6114  2.01216024156260
0 COSMOS 1261 DEB
1 27901U 81031J   23041.97198822  .00000401  00000-0  00000+0 0  9992
2 27901  62.5750 196.9558 7085525  40.7856 354.6158  2.01216510156261
0 COSMOS 1261 DEB
1 27901U 81031J   23042.46896767  .00000381  00000-0  00000-0 0  9998
2 27901  62.5745 196.8919 7085878  40.7888 354.6200  2.01216952156281
0 COSMOS 1261 DEB
1 27901U 81031J   23043.46292055  .00000338  00000-0  00000-0 0  9991
2 27901  62.5732 196.7626 7086610  40.7951 354.6266  2.01217769156309
0 COSMOS 1261 DEB
1 27901U 81031J   23044.45686444  .00000287  00000-0  00000+0 0  9992
2 27901  62.5728 196.6364 7087333  40.8013 354.6294  2.01218480156318
0 COSMOS 1261 DEB
1 27901U 81031J   23044.45686444  .00000287  00000-0  00000-0 0  9993
2 27901  62.5728 196.6364 7087333  40.8013 354.6294  2.01218480156329
0 COSMOS 1261 DEB
1 27901U 81031J   23044.95383233  .00000258  00000-0  00000-0 0  9996
2 27901  62.5728 196.5729 7087700  40.8047 354.6289  2.01218797156334
0 COSMOS 1261 DEB
1 27901U 81031J   23045.94776044  .00000193  00000-0  00000-0 0  9990
2 27901  62.5724 196.4459 7088422  40.8113 354.6238  2.01219350156357
0 COSMOS 1261 DEB
1 27901U 81031J   23047.93559258  .00000045  00000-0  00000-0 0  9993
2 27901  62.5714 196.1923 7089858  40.8238 354.6009  2.01220122156390
0 COSMOS 1261 DEB
1 27901U 81031J   23047.93559258  .00000045  00000-0  00000+0 0  9992
2 27901  62.5714 196.1923 7089858  40.8238 354.6009  2.01220122156389
0 COSMOS 1261 DEB
1 27901U 81031J   23048.92950408 -.00000032  00000-0  00000-0 0  9992
2 27901  62.5712 196.0654 7090572  40.8304 354.5877  2.01220331156414
0 COSMOS 1261 DEB
1 27901U 81031J   23049.42646061 -.00000069  00000-0  00000-0 0  9995
2 27901  62.5707 196.0046 7090937  40.8316 354.5822  2.01220409156428
0 COSMOS 1261 DEB
1 27901U 81031J   23050.42037955 -.00000136  00000-0  00000+0 0  9997
2 27901  62.5701 195.8782 7091663  40.8372 354.5741  2.01220404156431
0 COSMOS 1261 DEB
1 27901U 81031J   23050.42037955 -.00000136  00000-0  00000-0 0  9998
2 27901  62.5701 195.8782 7091663  40.8372 354.5741  2.01220404156442
0 COSMOS 1261 DEB
1 27901U 81031J   23052.40824084 -.00000236  00000-0  00000-0 0  9996
2 27901  62.5695 195.6261 7093115  40.8493 354.5750  2.01220100156489
0 COSMOS 1261 DEB
1 27901U 81031J   23052.90521154 -.00000254  00000-0  00000+0 0  9992
2 27901  62.5693 195.5627 7093482  40.8523 354.5786  2.01219955156488
0 COSMOS 1261 DEB
1 27901U 81031J   23053.40218463 -.00000271  00000-0  00000-0 0  9994
2 27901  62.5692 195.4999 7093851  40.8555 354.5831  2.01219755156505
0 COSMOS 1261 DEB
1 27901U 81031J   23053.89915843 -.00000286  00000-0  00000-0 0  9999
2 27901  62.5686 195.4362 7094214  40.8584 354.5883  2.01219550156519
0 COSMOS 1261 DEB
1 27901U 81031J   23054.39613363 -.00000301  00000-0  00000-0 0  9995
2 27901  62.5684 195.3728 7094591  40.8616 354.5937  2.01219300156520
0 COSMOS 1261 DEB
1 27901U 81031J   23054.89310958 -.00000315  00000-0  00000-0 0  9999
2 27901  62.5678 195.3091 7094954  40.8646 354.5992  2.01219022156535
0 COSMOS 1261 DEB
1 27901U 81031J   23055.39008549 -.00000331  00000-0  00000+0 0  9992
2 27901  62.5674 195.2455 7095334  40.8677 354.6043  2.01218720156533
0 COSMOS 1261 DEB
1 27901U 81031J   23055.88706151 -.00000347  00000-0  00000-0 0  9998
2 27901  62.5669 195.1819 7095698  40.8708 354.6089  2.01218392156555
0 COSMOS 1261 DEB
1 27901U 81031J   23056.38403798 -.00000365  00000-0  00000-0 0  9995
2 27901  62.5664 195.1184 7096072  40.8739 354.6128  2.01218006156563
0 COSMOS 1261 DEB
1 27901U 81031J   23056.88101320 -.00000385  00000-0  00000-0 0  9998
2 27901  62.5658 195.0547 7096430  40.8769 354.6157  2.01217626156579
0 COSMOS 1261 DEB
1 27901U 81031J   23057.37798871 -.00000407  00000-0  00000-0 0  9991
2 27901  62.5652 194.9911 7096804  40.8801 354.6177  2.01217186156582
0 COSMOS 1261 DEB
1 27901U 81031J   23058.37193875 -.00000456  00000-0  00000+0 0  9998
2 27901  62.5640 194.8636 7097527  40.8862 354.6187  2.01216225156597
0 COSMOS 1261 DEB
1 27901U 81031J   23058.37193875 -.00000456  00000-0  00000-0 0  9999
2 27901  62.5640 194.8636 7097527  40.8862 354.6187  2.01216225156609
0 COSMOS 1261 DEB
1 27901U 81031J   23058.86891417 -.00000483  00000-0  00000-0 0  9990
2 27901  62.5631 194.7996 7097872  40.8892 354.6179  2.01215686156615
0 COSMOS 1261 DEB
1 27901U 81031J   23059.36588904 -.00000511  00000-0  00000-0 0  9992
2 27901  62.5626 194.7359 7098238  40.8923 354.6163  2.01215131156623
0 COSMOS 1261 DEB
1 27901U 81031J   23060.85681942 -.00000595  00000-0  00000-0 0  9996
2 27901  62.5609 194.5444 7099281  40.9015 354.6089  2.01213275156656
0 COSMOS 1261 DEB
1 27901U 81031J   23060.85681942 -.00000595  00000-0  00000+0 0  9995
2 27901  62.5609 194.5444 7099281  40.9015 354.6089  2.01213275156645
0 COSMOS 1261 DEB
1 27901U 81031J   23061.35379873 -.00000622  00000-0  00000-0 0  9990
2 27901  62.5605 194.4807 7099637  40.9047 354.6062  2.01212595156660
0 COSMOS 1261 DEB
1 27901U 81031J   23061.85078051 -.00000647  00000-0  00000-0 0  9996
2 27901  62.5597 194.4168 7099983  40.9077 354.6036  2.01211888156673
0 COSMOS 1261 DEB
1 27901U 81031J   23062.84475083 -.00000691  00000-0  00000-0 0  9991
2 27901  62.5589 194.2894 7100690  40.9140 354.5997  2.01210394156695
0 COSMOS 1261 DEB
1 27901U 81031J   23063.34173989 -.00000709  00000-0  00000+0 0  9996
2 27901  62.5585 194.2258 7101054  40.9173 354.5987  2.01209611156695
0 COSMOS 1261 DEB
1 27901U 81031J   23063.34173989 -.00000709  00000-0  00000-0 0  9997
2 27901  62.5585 194.2258 7101054  40.9173 354.5987  2.01209611156707
0 COSMOS 1261 DEB
1 27901U 81031J   23064.33572775 -.00000738  00000-0  00000-0 0  9995
2 27901  62.5574 194.0981 7101750  40.9239 354.5990  2.01207972156726
0 COSMOS 1261 DEB
1 27901U 81031J   23065.32972941 -.00000758  00000-0  00000-0 0  9996
2 27901  62.5556 193.9698 7102445  40.9303 354.6031  2.01206245156744
0 COSMOS 1261 DEB
1 27901U 81031J   23066.32374385 -.00000770  00000-0  00000+0 0  9998
2 27901  62.5541 193.8418 7103132  40.9369 354.6111  2.01204443156751
0 COSMOS 1261 DEB
1 27901U 81031J   23066.32374385 -.00000770  00000-0  00000-0 0  9999
2 27901  62.5541 193.8418 7103132  40.9369 354.6111  2.01204443156762
0 COSMOS 1261 DEB
1 27901U 81031J   23067.31777255 -.00000777  00000-0  00000-0 0  9999
2 27901  62.5529 193.7139 7103825  40.9434 354.6226  2.01202553156788
0 COSMOS 1261 DEB
1 27901U 81031J   23068.31181430 -.00000781  00000-0  00000+0 0  9998
2 27901  62.5516 193.5859 7104519  40.9503 354.6363  2.01200571156790
0 COSMOS 1261 DEB
1 27901U 81031J   23068.31181430 -.00000781  00000-0  00000-0 0  9999
2 27901  62.5516 193.5859 7104519  40.9503 354.6363  2.01200571156802
0 COSMOS 1261 DEB
1 27901U 81031J   23069.80289511 -.00000790  00000-0  00000-0 0  9993
2 27901  62.5500 193.3941 7105569  40.9607 354.6575  2.01197503156834
0 COSMOS 1261 DEB
1 27901U 81031J   23070.29992595 -.00000795  00000-0  00000-0 0  9996
2 27901  62.5495 193.3302 7105931  40.9640 354.6637  2.01196433156849
0 COSMOS 1261 DEB
1 27901U 81031J   23070.29992595 -.00000795  00000-0  00000+0 0  9995
2 27901  62.5495 193.3302 7105931  40.9640 354.6637  2.01196433156838
0 COSMOS 1261 DEB
1 27901U 81031J   23071.29399212 -.00000808  00000-0  00000-0 0  9999
2 27901  62.5482 193.2022 7106646  40.9710 354.6732  2.01194255156863
0 COSMOS 1261 DEB
1 27901U 81031J   23071.79102682 -.00000818  00000-0  00000-0 0  9998
2 27901  62.5474 193.1381 7107008  40.9744 354.6761  2.01193161156879
0 COSMOS 1261 DEB
1 27901U 81031J   23072.28806151 -.00000829  00000-0  00000-0 0  9997
2 27901  62.5468 193.0741 7107365  40.9779 354.6777  2.01192046156884
0 COSMOS 1261 DEB
1 27901U 81031J   23072.28806151 -.00000829  00000-0  00000+0 0  9996
2 27901  62.5468 193.0741 7107365  40.9779 354.6777  2.01192046156873
0 COSMOS 1261 DEB
1 27901U 81031J   23073.28213428 -.00000857  00000-0  00000-0 0  9998
2 27901  62.5452 192.9458 7108073  40.9848 354.6767  2.01189785156902
0 COSMOS 1261 DEB
1 27901U 81031J   23073.77917239 -.00000874  00000-0  00000-0 0  9992
2 27901  62.5444 192.8816 7108434  40.9882 354.6744  2.01188653156918
0 COSMOS 1261 DEB
1 27901U 81031J   23074.77325254 -.00000910  00000-0  00000+0 0  9993
2 27901  62.5431 192.7534 7109146  40.9953 354.6670  2.01186357156928
0 COSMOS 1261 DEB
1 27901U 81031J   23074.77325254 -.00000910  00000-0  00000-0 0  9994
2 27901  62.5431 192.7534 7109146  40.9953 354.6670  2.01186357156939
0 COSMOS 1261 DEB
1 27901U 81031J   23075.27029595 -.00000929  00000-0  00000-0 0  9999
2 27901  62.5425 192.6893 7109502  40.9990 354.6626  2.01185184156945
0 COSMOS 1261 DEB
1 27901U 81031J   23075.76734258 -.00000947  00000-0  00000-0 0  9992
2 27901  62.5419 192.6252 7109850  41.0025 354.6583  2.01184021156956
0 COSMOS 1261 DEB
1 27901U 81031J   23076.26439281 -.00000964  00000-0  00000-0 0  9995
2 27901  62.5414 192.5612 7110200  41.0062 354.6545  2.01182834156961
0 COSMOS 1261 DEB
1 27901U 81031J   23076.76144627 -.00000979  00000-0  00000-0 0  9993
2 27901  62.5406 192.4970 7110559  41.0095 354.6515  2.01181675156971
0 COSMOS 1261 DEB
1 27901U 81031J   23077.25850493 -.00000992  00000-0  00000+0 0  9997
2 27901  62.5401 192.4329 7110915  41.0132 354.6496  2.01180480156973
0 COSMOS 1261 DEB
1 27901U 81031J   23077.25850493 -.00000992  00000-0  00000-0 0  9998
2 27901  62.5401 192.4329 7110915  41.0132 354.6496  2.01180480156984
0 COSMOS 1261 DEB
1 27901U 81031J   23078.74970965 -.00001013  00000-0  00000-0 0  9995
2 27901  62.5379 192.2405 7111983  41.0231 354.6529  2.01176920157013
0 COSMOS 1261 DEB
1 27901U 81031J   23079.74387185 -.00001012  00000-0  00000-0 0  9991
2 27901  62.5365 192.1122 7112699  41.0299 354.6624  2.01174512157035
0 COSMOS 1261 DEB
1 27901U 81031J   23079.74387185 -.00001012  00000-0  00000+0 0  9990
2 27901  62.5365 192.1122 7112699  41.0299 354.6624  2.01174512157024
0 COSMOS 1261 DEB
1 27901U 81031J   23080.73805129 -.00001003  00000-0  00000-0 0  9995
2 27901  62.5352 191.9838 7113419  41.0368 354.6762  2.01172123157051
0 COSMOS 1261 DEB
1 27901U 81031J   23081.73224526 -.00000989  00000-0  00000-0 0  9994
2 27901  62.5342 191.8554 7114143  41.0445 354.6918  2.01169737157077
0 COSMOS 1261 DEB
1 27901U 81031J   23081.73224526 -.00000989  00000-0  00000+0 0  9993
2 27901  62.5342 191.8554 7114143  41.0445 354.6918  2.01169737157066
0 COSMOS 1261 DEB
1 27901U 81031J   23083.72066286 -.00000971  00000-0  00000-0 0  9993
2 27901  62.5319 191.5984 7115592  41.0596 354.7187  2.01164985157115
0 COSMOS 1261 DEB
1 27901U 81031J   23085.70910588 -.00000983  00000-0  00000+0 0  9998
2 27901  62.5291 191.3411 7117011  41.0744 354.7304  2.01160271157148
0 COSMOS 1261 DEB
1 27901U 81031J   23085.70910588 -.00000983  00000-0  00000-0 0  9999
2 27901  62.5291 191.3411 7117011  41.0744 354.7304  2.01160271157159
0 COSMOS 1261 DEB
1 27901U 81031J   23087.69757533 -.00001017  00000-0  00000-0 0  9997
2 27901  62.5265 191.0837 7118395  41.0890 354.7291  2.01155634157193
0 COSMOS 1261 DEB
1 27901U 81031J   23089.68608792 -.00001040  00000-0  00000+0 0  9995
2 27901  62.5245 190.8264 7119763  41.1044 354.7257  2.01151062157221
0 COSMOS 1261 DEB
1 27901U 81031J   23089.68608792 -.00001040  00000-0  00000-0 0  9996
2 27901  62.5245 190.8264 7119763  41.1044 354.7257  2.01151062157232
0 COSMOS 1261 DEB
1 27901U 81031J   23092.17181114 -.00001021  00000-0  00000+0 0  9996
2 27901  62.5220 190.5047 7121474  41.1237 354.7355  2.01145541157275
0 COSMOS 1261 DEB
1 27901U 81031J   23092.17181114 -.00001021  00000-0  00000-0 0  9997
2 27901  62.5220 190.5047 7121474  41.1237 354.7355  2.01145541157286
0 COSMOS 1261 DEB
1 27901U 81031J   23096.14916358 -.00000914  00000-0  00000+0 0  9993
2 27901  62.5179 189.9889 7124145  41.1559 354.7933  2.01137243157350
0 COSMOS 1261 DEB
1 27901U 81031J   23096.14916358 -.00000914  00000-0  00000-0 0  9994
2 27901  62.5179 189.9889 7124145  41.1559 354.7933  2.01137243157361
0 COSMOS 1261 DEB
1 27901U 81031J   23097.14352969 -.00000889  00000-0  00000-0 0  9998
2 27901  62.5171 189.8598 7124839  41.1624 354.8097  2.01135255157387
0 COSMOS 1261 DEB
1 27901U 81031J   23098.13790083 -.00000871  00000-0  00000+0 0  9991
2 27901  62.5143 189.7221 7125628  41.1651 354.8238  2.01133318157391
0 COSMOS 1261 DEB
1 27901U 81031J   23098.13790083 -.00000871  00000-0  00000-0 0  9992
2 27901  62.5143 189.7221 7125628  41.1651 354.8238  2.01133318157403
0 COSMOS 1261 DEB
1 27901U 81031J   23099.13227473 -.00000861  00000-0  00000-0 0  9990
2 27901  62.5122 189.5900 7126360  41.1689 354.8326  2.01131426157425
0 COSMOS 1261 DEB
1 27901U 81031J   23101.12102621 -.00000865  00000-0  00000+0 0  9993
2 27901  62.5166 189.3510 7127557  41.1912 354.8302  2.01127794157456
0 COSMOS 1261 DEB
1 27901U 81031J   23101.12102621 -.00000865  00000-0  00000-0 0  9994
2 27901  62.5166 189.3510 7127557  41.1912 354.8302  2.01127794157467
0 COSMOS 1261 DEB
1 27901U 81031J   23102.11540537 -.00000876  00000-0  00000+0 0  9997
2 27901  62.5165 189.2241 7128138  41.2073 354.8220  2.01126055157470
0 COSMOS 1261 DEB
1 27901U 81031J   23102.11540537 -.00000876  00000-0  00000-0 0  9998
2 27901  62.5165 189.2241 7128138  41.2073 354.8220  2.01126055157481
0 COSMOS 1261 DEB
1 27901U 81031J   23103.10979271 -.00000888  00000-0  00000-0 0  9992
2 27901  62.5156 189.0980 7128779  41.2161 354.8142  2.01124361157502
0 COSMOS 1261 DEB
1 27901U 81031J   23104.10419225 -.00000895  00000-0  00000-0 0  9999
2 27901  62.5163 188.9741 7129453  41.2215 354.8092  2.01122705157529
0 COSMOS 1261 DEB
1 27901U 81031J   23104.10419225 -.00000895  00000-0  00000+0 0  9998
2 27901  62.5163 188.9741 7129453  41.2215 354.8092  2.01122705157518
0 COSMOS 1261 DEB
1 27901U 81031J   23105.09860620 -.00000894  00000-0  00000-0 0  9996
2 27901  62.5152 188.8437 7130135  41.2298 354.8086  2.01121085157543
0 COSMOS 1261 DEB
1 27901U 81031J   23106.09303650 -.00000881  00000-0  00000-0 0  9998
2 27901  62.5134 188.7095 7130840  41.2379 354.8141  2.01119504157562
0 COSMOS 1261 DEB
1 27901U 81031J   23107.08748193 -.00000858  00000-0  00000-0 0  9997
2 27901  62.5071 188.5660 7131578  41.2467 354.8253  2.01117963157588
0 COSMOS 1261 DEB
1 27901U 81031J   23108.08194127 -.00000828  00000-0  00000-0 0  9997
2 27901  62.5070 188.4374 7132262  41.2552 354.8401  2.01116459157601
0 COSMOS 1261 DEB
1 27901U 81031J   23109.07640968 -.00000796  00000-0  00000-0 0  9990
2 27901  62.5082 188.3112 7132913  41.2668 354.8553  2.01114988157629
0 COSMOS 1261 DEB
1 27901U 81031J   23109.07640968 -.00000796  00000-0  00000+0 0  9999
2 27901  62.5082 188.3112 7132913  41.2668 354.8553  2.01114988157618
0 COSMOS 1261 DEB
1 27901U 81031J   23110.07088344 -.00000768  00000-0  00000-0 0  9995
2 27901  62.5062 188.1781 7133631  41.2738 354.8698  2.01113546157644
0 COSMOS 1261 DEB
1 27901U 81031J   23113.05431124 -.00000735  00000-0  00000-0 0  9998
2 27901  62.4964 187.7723 7135694  41.3036 354.8872  2.01109388157708
0 COSMOS 1261 DEB
1 27901U 81031J   23114.04879073 -.00000739  00000-0  00000-0 0  9991
2 27901  62.4988 187.6479 7136348  41.3105 354.8853  2.01108031157720
0 COSMOS 1261 DEB
1 27901U 81031J   23115.04327362 -.00000744  00000-0  00000-0 0  9997
2 27901  62.4969 187.5149 7137024  41.3187 354.8816  2.01106696157740
0 COSMOS 1261 DEB
1 27901U 81031J   23117.03226188 -.00000741  00000-0  00000+0 0  9998
2 27901  62.4981 187.2591 7138332  41.3342 354.8752  2.01104068157771
0 COSMOS 1261 DEB
1 27901U 81031J   23117.03226188 -.00000741  00000-0  00000-0 0  9999
2 27901  62.4981 187.2591 7138332  41.3342 354.8752  2.01104068157782
0 COSMOS 1261 DEB
1 27901U 81031J   23118.02677058 -.00000726  00000-0  00000-0 0  9998
2 27901  62.4986 187.1315 7138985  41.3423 354.8755  2.01102792157802
0 COSMOS 1261 DEB
1 27901U 81031J   23119.02129131 -.00000701  00000-0  00000-0 0  9996
2 27901  62.5007 187.0075 7139654  41.3469 354.8799  2.01101537157829
0 COSMOS 1261 DEB
1 27901U 81031J   23121.01036607 -.00000630  00000-0  00000+0 0  9993
2 27901  62.5024 186.7538 7140976  41.3600 354.8992  2.01099092157854
0 COSMOS 1261 DEB
1 27901U 81031J   23121.01036607 -.00000630  00000-0  00000-0 0  9994
2 27901  62.5024 186.7538 7140976  41.3600 354.8992  2.01099092157865
0 COSMOS 1261 DEB
1 27901U 81031J   23124.98860687 -.00000481  00000-0  00000+0 0  9999
2 27901  62.5029 186.2350 7143579  41.3969 354.9525  2.01094406157932
0 COSMOS 1261 DEB
1 27901U 81031J   23124.98860687 -.00000481  00000-0  00000-0 0  9990
2 27901  62.5029 186.2350 7143579  41.3969 354.9525  2.01094406157943
0 COSMOS 1261 DEB
1 27901U 81031J   23127.97229234 -.00000438  00000-0  00000+0 0  9990
2 27901  62.5014 185.8416 7145594  41.4212 354.9541  2.01091144157995
0 COSMOS 1261 DEB
1 27901U 81031J   23128.46957054 -.00000437  00000-0  00000-0 0  9993
2 27901  62.5009 185.7763 7145895  41.4312 354.9487  2.01090636158016
0 COSMOS 1261 DEB
1 27901U 81031J   23128.96684963 -.00000438  00000-0  00000-0 0  9995
2 27901  62.5013 185.7111 7146228  41.4348 354.9435  2.01090127158027
0 COSMOS 1261 DEB
1 27901U 81031J   23133.93974475 -.00000380  00000-0  00000+0 0  9993
2 27901  62.5015 185.0594 7149584  41.4818 354.9193  2.01085567158110
0 COSMOS 1261 DEB
1 27901U 81031J   23135.43166714 -.00000319  00000-0  00000-0 0  9992
2 27901  62.5033 184.8626 7150600  41.4889 354.9357  2.01084372158151
0 COSMOS 1261 DEB
1 27901U 81031J   23135.92897729 -.00000297  00000-0  00000-0 0  9998
2 27901  62.5011 184.7969 7150989  41.4976 354.9410  2.01083996158165
0 COSMOS 1261 DEB
1 27901U 81031J   23136.92359867 -.00000257  00000-0  00000+0 0  9990
2 27901  62.5040 184.6665 7151629  41.5017 354.9520  2.01083276158172
0 COSMOS 1261 DEB
1 27901U 81031J   23137.91821868 -.00000224  00000-0  00000-0 0  9990
2 27901  62.5040 184.5357 7152313  41.5109 354.9588  2.01082595158203
0 COSMOS 1261 DEB
1 27901U 81031J   23138.41552788 -.00000211  00000-0  00000-0 0  9994
2 27901  62.5037 184.4701 7152658  41.5155 354.9605  2.01082256158219
0 COSMOS 1261 DEB
1 27901U 81031J   23138.91283555 -.00000201  00000-0  00000-0 0  9991
2 27901  62.5038 184.4046 7152996  41.5199 354.9608  2.01081943158221
0 COSMOS 1261 DEB
1 27901U 81031J   23139.41014237 -.00000193  00000-0  00000+0 0  9995
2 27901  62.5043 184.3394 7153319  41.5241 354.9600  2.01081630158225
0 COSMOS 1261 DEB
1 27901U 81031J   23139.90744856 -.00000188  00000-0  00000-0 0  9991
2 27901  62.5044 184.2740 7153656  41.5287 354.9579  2.01081328158245
0 COSMOS 1261 DEB
1 27901U 81031J   23140.90205897 -.00000181  00000-0  00000-0 0  9993
2 27901  62.5046 184.1431 7154320  41.5378 354.9510  2.01080747158264
0 COSMOS 1261 DEB
1 27901U 81031J   23141.39936370 -.00000179  00000-0  00000-0 0  9991
2 27901  62.5047 184.0776 7154646  41.5423 354.9465  2.01080469158279
0 COSMOS 1261 DEB
1 27901U 81031J   23142.39397416 -.00000175  00000-0  00000+0 0  9999
2 27901  62.5050 183.9467 7155303  41.5513 354.9367  2.01079942158285
0 COSMOS 1261 DEB
1 27901U 81031J   23142.39397416 -.00000175  00000-0  00000-0 0  9990
2 27901  62.5050 183.9467 7155303  41.5513 354.9367  2.01079942158296
0 COSMOS 1261 DEB
1 27901U 81031J   23143.38858817 -.00000165  00000-0  00000-0 0  9996
2 27901  62.5053 183.8158 7155962  41.5605 354.9274  2.01079444158315
0 COSMOS 1261 DEB
1 27901U 81031J   23144.38320768 -.00000147  00000-0  00000-0 0  9996
2 27901  62.5056 183.6848 7156620  41.5697 354.9200  2.01078979158338
0 COSMOS 1261 DEB
1 27901U 81031J   23147.36710802 -.00000033  00000-0  00000+0 0  9992
2 27901  62.5067 183.2915 7158598  41.5977 354.9193  2.01077869158381
0 COSMOS 1261 DEB
1 27901U 81031J   23147.36710802 -.00000033  00000-0  00000-0 0  9993
2 27901  62.5067 183.2915 7158598  41.5977 354.9193  2.01077869158392
0 COSMOS 1261 DEB
1 27901U 81031J   23149.35640667  .00000073  00000-0  00000-0 0  9998
2 27901  62.5074 183.0289 7159923  41.6169 354.9355  2.01077318158433
0 COSMOS 1261 DEB
1 27901U 81031J   23150.35105969  .00000126  00000-0  00000+0 0  9999
2 27901  62.5078 182.8975 7160591  41.6265 354.9453  2.01077112158448
0 COSMOS 1261 DEB
1 27901U 81031J   23150.35105969  .00000126  00000-0  00000-0 0  9990
2 27901  62.5078 182.8975 7160591  41.6265 354.9453  2.01077112158459
0 COSMOS 1261 DEB
1 27901U 81031J   23151.34571178  .00000174  00000-0  00000-0 0  9992
2 27901  62.5081 182.7661 7161261  41.6362 354.9536  2.01076943158472
0 COSMOS 1261 DEB
1 27901U 81031J   23152.34036034  .00000215  00000-0  00000-0 0  9996
2 27901  62.5084 182.6346 7161935  41.6459 354.9584  2.01076802158498
0 COSMOS 1261 DEB
1 27901U 81031J   23154.32963483  .00000273  00000-0  00000+0 0  9996
2 27901  62.5091 182.3715 7163285  41.6654 354.9518  2.01076709158527
0 COSMOS 1261 DEB
1 27901U 81031J   23154.32963483  .00000273  00000-0  00000-0 0  9997
2 27901  62.5091 182.3715 7163285  41.6654 354.9518  2.01076709158538
0 COSMOS 1261 DEB
1 27901U 81031J   23155.32425990  .00000289  00000-0  00000-0 0  9991
2 27901  62.5094 182.2398 7163958  41.6752 354.9398  2.01076753158550
0 COSMOS 1261 DEB
1 27901U 81031J   23156.31887904  .00000301  00000-0  00000-0 0  9993
2 27901  62.5098 182.1082 7164630  41.6850 354.9238  2.01076856158579
0 COSMOS 1261 DEB
1 27901U 81031J   23157.31349590  .00000311  00000-0  00000+0 0  9998
2 27901  62.5103 181.9765 7165304  41.6948 354.9066  2.01077020158582
0 COSMOS 1261 DEB
1 27901U 81031J   23157.31349590  .00000311  00000-0  00000-0 0  9999
2 27901  62.5103 181.9765 7165304  41.6948 354.9066  2.01077020158593
0 COSMOS 1261 DEB
1 27901U 81031J   23158.30811443  .00000326  00000-0  00000-0 0  9996
2 27901  62.5109 181.8448 7165977  41.7045 354.8915  2.01077251158612
0 COSMOS 1261 DEB
1 27901U 81031J   23159.30273832  .00000348  00000-0  00000-0 0  9995
2 27901  62.5115 181.7131 7166658  41.7143 354.8812  2.01077546158638
0 COSMOS 1261 DEB
1 27901U 81031J   23160.29737021  .00000382  00000-0  00000+0 0  9997
2 27901  62.5122 181.5815 7167342  41.7243 354.8770  2.01077883158643
0 COSMOS 1261 DEB
1 27901U 81031J   23160.29737021  .00000382  00000-0  00000-0 0  9998
2 27901  62.5122 181.5815 7167342  41.7243 354.8770  2.01077883158654
0 COSMOS 1261 DEB
1 27901U 81031J   23161.29200788  .00000425  00000-0  00000-0 0  9992
2 27901  62.5132 181.4500 7168043  41.7344 354.8788  2.01078310158673
0 COSMOS 1261 DEB
1 27901U 81031J   23162.28664940  .00000477  00000-0  00000-0 0  9993
2 27901  62.5148 181.3184 7168755  41.7453 354.8846  2.01078797158694
0 COSMOS 1261 DEB
1 27901U 81031J   23163.28128991  .00000530  00000-0  00000+0 0  9994
2 27901  62.5151 181.1865 7169449  41.7551 354.8916  2.01079356158704
0 COSMOS 1261 DEB
1 27901U 81031J   23163.28128991  .00000530  00000-0  00000-0 0  9995
2 27901  62.5151 181.1865 7169449  41.7551 354.8916  2.01079356158715
0 COSMOS 1261 DEB
1 27901U 81031J   23164.27592505  .00000578  00000-0  00000-0 0  9993
2 27901  62.5154 181.0543 7170145  41.7651 354.8968  2.01079988158736
0 COSMOS 1261 DEB
1 27901U 81031J   23165.27055144  .00000618  00000-0  00000-0 0  9992
2 27901  62.5158 180.9222 7170836  41.7751 354.8980  2.01080684158751
0 COSMOS 1261 DEB
1 27901U 81031J   23166.26516710  .00000647  00000-0  00000+0 0  9994
2 27901  62.5163 180.7900 7171523  41.7853 354.8940  2.01081444158767
0 COSMOS 1261 DEB
1 27901U 81031J   23166.26516710  .00000647  00000-0  00000-0 0  9995
2 27901  62.5163 180.7900 7171523  41.7853 354.8940  2.01081444158778
0 COSMOS 1261 DEB
1 27901U 81031J   23167.25977199  .00000666  00000-0  00000-0 0  9998
2 27901  62.5167 180.6577 7172199  41.7952 354.8850  2.01082266158796
0 COSMOS 1261 DEB
1 27901U 81031J   23168.25436794  .00000678  00000-0  00000-0 0  9993
2 27901  62.5172 180.5255 7172871  41.8052 354.8725  2.01083140158819
0 COSMOS 1261 DEB
1 27901U 81031J   23169.24895645  .00000688  00000-0  00000+0 0  9997
2 27901  62.5180 180.3921 7173530  41.8176 354.8578  2.01084083158820
0 COSMOS 1261 DEB
1 27901U 81031J   23169.24895645  .00000688  00000-0  00000-0 0  9998
2 27901  62.5180 180.3921 7173530  41.8176 354.8578  2.01084083158831
0 COSMOS 1261 DEB
1 27901U 81031J   23170.24354115  .00000702  00000-0  00000-0 0  9999
2 27901  62.5187 180.2599 7174197  41.8275 354.8438  2.01085083158856
0 COSMOS 1261 DEB
1 27901U 81031J   23171.23812363  .00000723  00000-0  00000-0 0  9996
2 27901  62.5193 180.1276 7174861  41.8377 354.8318  2.01086151158871
0 COSMOS 1261 DEB
1 27901U 81031J   23172.23270562  .00000754  00000-0  00000+0 0  9999
2 27901  62.5199 179.9953 7175526  41.8475 354.8232  2.01087285158888
0 COSMOS 1261 DEB
1 27901U 81031J   23172.23270562  .00000754  00000-0  00000-0 0  9990
2 27901  62.5199 179.9953 7175526  41.8475 354.8232  2.01087285158899
0 COSMOS 1261 DEB
1 27901U 81031J   23175.21644998  .00000902  00000-0  00000+0 0  9993
2 27901  62.5216 179.5979 7177508  41.8776 354.8221  2.01091081158942
0 COSMOS 1261 DEB
1 27901U 81031J   23178.20016396  .00001065  00000-0  00000+0 0  9991
2 27901  62.5234 179.2000 7179527  41.9079 354.8421  2.01095384159004
0 COSMOS 1261 DEB
1 27901U 81031J   23182.17828145  .00001183  00000-0  00000+0 0  9996
2 27901  62.5259 178.6700 7182270  41.9461 354.8257  2.01101967159085
0 COSMOS 1261 DEB
1 27901U 81031J   23185.16172020  .00001202  00000-0  00000+0 0  9994
2 27901  62.5274 178.2714 7184281  41.9765 354.7725  2.01107608159148
0 COSMOS 1261 DEB
1 27901U 81031J   23189.13957802  .00001301  00000-0  00000+0 0  9994
2 27901  62.5305 177.7384 7187048  42.0163 354.7572  2.01116012159226
0 COSMOS 1261 DEB
1 27901U 81031J   23192.12289586  .00001399  00000-0  00000+0 0  9991
2 27901  62.5323 177.3379 7189143  42.0464 354.7728  2.01122956159281
0 COSMOS 1261 DEB
1 27901U 81031J   23196.10040826  .00001384  00000-0  00000+0 0  9999
2 27901  62.5348 176.8016 7191884  42.0844 354.7375  2.01132863159362
0 COSMOS 1261 DEB
1 27901U 81031J   23199.08340237  .00001357  00000-0  00000+0 0  9998
2 27901  62.5370 176.3997 7193880  42.1128 354.7044  2.01140670159429
0 COSMOS 1261 DEB
1 27901U 81031J   23205.04917049  .00001452  00000-0  00000-0 0  9990
2 27901  62.5410 175.5967 7197795  42.1699 354.7355  2.01156882159555
0 COSMOS 1261 DEB
1 27901U 81031J   23206.04342174  .00001456  00000-0  00000-0 0  9996
2 27901  62.5415 175.4623 7198464  42.1791 354.7432  2.01159589159570
0 COSMOS 1261 DEB
1 27901U 81031J   23207.53476175  .00001441  00000-0  00000-0 0  9994
2 27901  62.5421 175.2604 7199484  42.1931 354.7464  2.01163660159607
0 COSMOS 1261 DEB
1 27901U 81031J   23207.53476175  .00001441  00000-0  00000+0 0  9993
2 27901  62.5421 175.2604 7199484  42.1931 354.7464  2.01163660159595
0 COSMOS 1261 DEB
1 27901U 81031J   23208.52896187  .00001418  00000-0  00000-0 0  9997
2 27901  62.5422 175.1258 7200156  42.2021 354.7416  2.01166367159628
0 COSMOS 1261 DEB
1 27901U 81031J   23209.52314056  .00001384  00000-0  00000-0 0  9990
2 27901  62.5426 174.9911 7200835  42.2111 354.7315  2.01169077159640
0 COSMOS 1261 DEB
1 27901U 81031J   23210.02022292  .00001363  00000-0  00000+0 0  9991
2 27901  62.5428 174.9238 7201155  42.2156 354.7249  2.01170417159645
0 COSMOS 1261 DEB
1 27901U 81031J   23212.50558172  .00001251  00000-0  00000+0 0  9993
2 27901  62.5439 174.5868 7202839  42.2377 354.6900  2.01177099159698
0 COSMOS 1261 DEB
1 27901U 81031J   23214.99089778  .00001166  00000-0  00000+0 0  9994
2 27901  62.5453 174.2497 7204527  42.2596 354.6836  2.01183638159748
0 COSMOS 1261 DEB
1 27901U 81031J   23217.97322868  .00001106  00000-0  00000+0 0  9999
2 27901  62.5464 173.8443 7206600  42.2858 354.7155  2.01191195159800
0 COSMOS 1261 DEB
1 27901U 81031J   23220.45840087  .00001004  00000-0  00000+0 0  9991
2 27901  62.5466 173.5055 7208304  42.3073 354.7281  2.01197185159851
0 COSMOS 1261 DEB
1 27901U 81031J   23223.93746408  .00000750  00000-0  00000+0 0  9996
2 27901  62.5469 173.0308 7210615  42.3362 354.7030  2.01204825159929
0 COSMOS 1261 DEB
1 27901U 81031J   23227.41642996  .00000539  00000-0  00000+0 0  9995
2 27901  62.5470 172.5554 7212883  42.3645 354.6958  2.01211458159996
0 COSMOS 1261 DEB
1 27901U 81031J   23230.39837508  .00000436  00000-0  00000+0 0  9997
2 27901  62.5466 172.1468 7214773  42.3888 354.7317  2.01216207160056
0 COSMOS 1261 DEB
1 27901U 81031J   23232.88329437  .00000341  00000-0  00000+0 0  9995
2 27901  62.5461 171.8059 7216375  42.4087 354.7706  2.01219324160106
0 COSMOS 1261 DEB
1 27901U 81031J   23235.36814840  .00000197  00000-0  00000+0 0  9997
2 27901  62.5452 171.4642 7218040  42.4288 354.7874  2.01221721160159
0 COSMOS 1261 DEB
1 27901U 81031J   23236.36206878  .00000125  00000-0  00000-0 0  9996
2 27901  62.5446 171.3273 7218700  42.4367 354.7845  2.01222477160182
0 COSMOS 1261 DEB
1 27901U 81031J   23237.35597946  .00000047  00000-0  00000-0 0  9998
2 27901  62.5441 171.1904 7219355  42.4446 354.7772  2.01223108160205
0 COSMOS 1261 DEB
1 27901U 81031J   23238.34988449 -.00000033  00000-0  00000+0 0  9995
2 27901  62.5437 171.0536 7220005  42.4525 354.7680  2.01223618160217
0 COSMOS 1261 DEB
1 27901U 81031J   23238.34988449 -.00000033  00000-0  00000-0 0  9996
2 27901  62.5437 171.0536 7220005  42.4525 354.7680  2.01223618160228
0 COSMOS 1261 DEB
1 27901U 81031J   23238.84683666 -.00000073  00000-0  00000-0 0  9998
2 27901  62.5435 170.9852 7220328  42.4564 354.7636  2.01223826160239
0 COSMOS 1261 DEB
1 27901U 81031J   23239.34378933 -.00000111  00000-0  00000-0 0  9995
2 27901  62.5432 170.9166 7220670  42.4603 354.7601  2.01224014160241
0 COSMOS 1261 DEB
1 27901U 81031J   23241.33161555 -.00000242  00000-0  00000+0 0  9991
2 27901  62.5426 170.6429 7222003  42.4761 354.7592  2.01224404160275
0 COSMOS 1261 DEB
1 27901U 81031J   23241.33161555 -.00000242  00000-0  00000-0 0  9992
2 27901  62.5426 170.6429 7222003  42.4761 354.7592  2.01224404160286
0 COSMOS 1261 DEB
1 27901U 81031J   23242.32554223 -.00000291  00000-0  00000-0 0  9994
2 27901  62.5422 170.5058 7222679  42.4841 354.7689  2.01224411160305
0 COSMOS 1261 DEB
1 27901U 81031J   23243.31947691 -.00000330  00000-0  00000-0 0  9993
2 27901  62.5417 170.3686 7223362  42.4921 354.7841  2.01224296160326
0 COSMOS 1261 DEB
1 27901U 81031J   23244.31341648 -.00000364  00000-0  00000+0 0  9990
2 27901  62.5411 170.2312 7224060  42.5001 354.8020  2.01224068160339
0 COSMOS 1261 DEB
1 27901U 81031J   23244.31341648 -.00000364  00000-0  00000-0 0  9991
2 27901  62.5411 170.2312 7224060  42.5001 354.8020  2.01224068160340
0 COSMOS 1261 DEB
1 27901U 81031J   23244.81038654 -.00000381  00000-0  00000-0 0  9995
2 27901  62.5409 170.1627 7224399  42.5043 354.8107  2.01223893160358
0 COSMOS 1261 DEB
1 27901U 81031J   23245.80432521 -.00000419  00000-0  00000-0 0  9998
2 27901  62.5401 170.0252 7225088  42.5125 354.8261  2.01223476160370
0 COSMOS 1261 DEB
1 27901U 81031J   23246.79825952 -.00000467  00000-0  00000+0 0  9993
2 27901  62.5392 169.8875 7225773  42.5207 354.8366  2.01222937160386
0 COSMOS 1261 DEB
1 27901U 81031J   23247.29522508 -.00000494  00000-0  00000-0 0  9991
2 27901  62.5387 169.8186 7226110  42.5247 354.8397  2.01222610160400
0 COSMOS 1261 DEB
1 27901U 81031J   23248.28915241 -.00000558  00000-0  00000-0 0  9992
2 27901  62.5377 169.6809 7226786  42.5329 354.8416  2.01221870160420
0 COSMOS 1261 DEB
1 27901U 81031J   23249.28307774 -.00000628  00000-0  00000+0 0  9996
2 27901  62.5368 169.5431 7227449  42.5410 354.8391  2.01220990160433
0 COSMOS 1261 DEB
1 27901U 81031J   23249.28307774 -.00000628  00000-0  00000-0 0  9997
2 27901  62.5368 169.5431 7227449  42.5410 354.8391  2.01220990160444
0 COSMOS 1261 DEB
1 27901U 81031J   23249.78004022 -.00000665  00000-0  00000-0 0  9993
2 27901  62.5363 169.4743 7227784  42.5451 354.8369  2.01220514160459
0 COSMOS 1261 DEB
1 27901U 81031J   23250.27700393 -.00000701  00000-0  00000-0 0  9994
2 27901  62.5359 169.4053 7228109  42.5491 354.8343  2.01219996160469
0 COSMOS 1261 DEB
1 27901U 81031J   23250.77396927 -.00000737  00000-0  00000-0 0  9992
2 27901  62.5354 169.3365 7228437  42.5531 354.8318  2.01219437160471
0 COSMOS 1261 DEB
1 27901U 81031J   23251.27093646 -.00000770  00000-0  00000-0 0  9997
2 27901  62.5350 169.2676 7228764  42.5572 354.8297  2.01218852160486
0 COSMOS 1261 DEB
1 27901U 81031J   23251.76790527 -.00000802  00000-0  00000-0 0  9999
2 27901  62.5346 169.1987 7229087  42.5612 354.8281  2.01218261160497
0 COSMOS 1261 DEB
1 27901U 81031J   23251.76790527 -.00000802  00000-0  00000+0 0  9998
2 27901  62.5346 169.1987 7229087  42.5612 354.8281  2.01218261160486
0 COSMOS 1261 DEB
1 27901U 81031J   23253.25883215 -.00000876  00000-0  00000-0 0  9993
2 27901  62.5333 168.9919 7230061  42.5733 354.8292  2.01216219160520
0 COSMOS 1261 DEB
1 27901U 81031J   23253.25883215 -.00000876  00000-0  00000+0 0  9992
2 27901  62.5333 168.9919 7230061  42.5733 354.8292  2.01216219160519
0 COSMOS 1261 DEB
1 27901U 81031J   23255.24678305 -.00000925  00000-0  00000-0 0  9991
2 27901  62.5316 168.7159 7231380  42.5902 354.8473  2.01213147160560
0 COSMOS 1261 DEB
1 27901U 81031J   23255.24678305 -.00000925  00000-0  00000+0 0  9990
2 27901  62.5316 168.7159 7231380  42.5902 354.8473  2.01213147160559
0 COSMOS 1261 DEB
1 27901U 81031J   23255.74377921 -.00000930  00000-0  00000-0 0  9992
2 27901  62.5311 168.6468 7231705  42.5945 354.8547  2.01212322160572
0 COSMOS 1261 DEB
1 27901U 81031J   23256.24077933 -.00000933  00000-0  00000-0 0  9991
2 27901  62.5305 168.5776 7232019  42.5987 354.8630  2.01211448160583
0 COSMOS 1261 DEB
1 27901U 81031J   23257.23478821 -.00000936  00000-0  00000-0 0  9995
2 27901  62.5293 168.4391 7232621  42.6072 354.8817  2.01209613160607
0 COSMOS 1261 DEB
1 27901U 81031J   23257.73179669 -.00000936  00000-0  00000+0 0  9997
2 27901  62.5289 168.3701 7232968  42.6116 354.8917  2.01208694160608
0 COSMOS 1261 DEB
1 27901U 81031J   23257.73179669 -.00000936  00000-0  00000-0 0  9998
2 27901  62.5289 168.3701 7232968  42.6116 354.8917  2.01208694160619
0 COSMOS 1261 DEB
1 27901U 81031J   23258.22880831 -.00000937  00000-0  00000-0 0  9994
2 27901  62.5284 168.3009 7233282  42.6159 354.9018  2.01207707160620
0 COSMOS 1261 DEB
1 27901U 81031J   23259.22283862 -.00000940  00000-0  00000-0 0  9990
2 27901  62.5274 168.1627 7233921  42.6246 354.9213  2.01205628160649
0 COSMOS 1261 DEB
1 27901U 81031J   23259.71985546 -.00000944  00000-0  00000+0 0  9995
2 27901  62.5269 168.0935 7234256  42.6290 354.9302  2.01204587160647
0 COSMOS 1261 DEB
1 27901U 81031J   23259.71985546 -.00000944  00000-0  00000-0 0  9996
2 27901  62.5269 168.0935 7234256  42.6290 354.9302  2.01204587160658
0 COSMOS 1261 DEB
1 27901U 81031J   23261.21091526 -.00000963  00000-0  00000-0 0  9991
2 27901  62.5253 167.8858 7235229  42.6423 354.9507  2.01201255160680
0 COSMOS 1261 DEB
1 27901U 81031J   23262.20495883 -.00000985  00000-0  00000+0 0  9998
2 27901  62.5241 167.7471 7235889  42.6514 354.9575  2.01198953160696
0 COSMOS 1261 DEB
1 27901U 81031J   23263.19900547 -.00001013  00000-0  00000-0 0  9999
2 27901  62.5228 167.6084 7236538  42.6606 354.9584  2.01196591160724
0 COSMOS 1261 DEB
1 27901U 81031J   23264.19305708 -.00001046  00000-0  00000-0 0  9994
2 27901  62.5216 167.4696 7237211  42.6697 354.9543  2.01194147160749
0 COSMOS 1261 DEB
1 27901U 81031J   23264.69008566 -.00001063  00000-0  00000+0 0  9999
2 27901  62.5210 167.4002 7237544  42.6743 354.9510  2.01192905160749
0 COSMOS 1261 DEB
1 27901U 81031J   23264.69008566 -.00001063  00000-0  00000-0 0  9990
2 27901  62.5210 167.4002 7237544  42.6743 354.9510  2.01192905160750
0 COSMOS 1261 DEB
1 27901U 81031J   23265.68415049 -.00001096  00000-0  00000-0 0  9994
2 27901  62.5198 167.2615 7238219  42.6835 354.9437  2.01190398160779
0 COSMOS 1261 DEB
1 27901U 81031J   23266.18118768 -.00001112  00000-0  00000-0 0  9997
2 27901  62.5192 167.1921 7238537  42.6882 354.9404  2.01189133160787
0 COSMOS 1261 DEB
1 27901U 81031J   23268.16938502 -.00001152  00000-0  00000+0 0  9996
2 27901  62.5173 166.9145 7239875  42.7070 354.9390  2.01183960160817
0 COSMOS 1261 DEB
1 27901U 81031J   23268.16938502 -.00001152  00000-0  00000-0 0  9997
2 27901  62.5173 166.9145 7239875  42.7070 354.9390  2.01183960160828
0 COSMOS 1261 DEB
1 27901U 81031J   23269.16351699 -.00001155  00000-0  00000-0 0  9997
2 27901  62.5162 166.7756 7240515  42.7165 354.9479  2.01181282160845
0 COSMOS 1261 DEB
1 27901U 81031J   23270.15766815 -.00001146  00000-0  00000-0 0  9998
2 27901  62.5151 166.6366 7241197  42.7262 354.9629  2.01178644160861
0 COSMOS 1261 DEB
1 27901U 81031J   23270.15766815 -.00001146  00000-0  00000+0 0  9997
2 27901  62.5151 166.6366 7241197  42.7262 354.9629  2.01178644160850
0 COSMOS 1261 DEB
1 27901U 81031J   23271.15183956 -.00001131  00000-0  00000-0 0  9992
2 27901  62.5143 166.4979 7241945  42.7363 354.9813  2.01176038160885
0 COSMOS 1261 DEB
1 27901U 81031J   23272.14602275 -.00001116  00000-0  00000-0 0  9995
2 27901  62.5132 166.3587 7242635  42.7463 354.9995  2.01173413160903
0 COSMOS 1261 DEB
1 27901U 81031J   23272.64311655 -.00001110  00000-0  00000+0 0  9992
2 27901  62.5128 166.2892 7243003  42.7513 355.0076  2.01172120160908
0 COSMOS 1261 DEB
1 27901U 81031J   23273.14021382 -.00001106  00000-0  00000-0 0  9999
2 27901  62.5121 166.2195 7243341  42.7564 355.0143  2.01170775160929
0 COSMOS 1261 DEB
1 27901U 81031J   23273.63730973 -.00001105  00000-0  00000-0 0  9995
2 27901  62.5114 166.1497 7243647  42.7610 355.0197  2.01169361160935
0 COSMOS 1261 DEB
1 27901U 81031J   23274.63150847 -.00001111  00000-0  00000-0 0  9999
2 27901  62.5102 166.0103 7244326  42.7714 355.0255  2.01166811160959
0 COSMOS 1261 DEB
1 27901U 81031J   23275.12860950 -.00001118  00000-0  00000+0 0  9993
2 27901  62.5098 165.9408 7244709  42.7767 355.0262  2.01165594160957
0 COSMOS 1261 DEB
1 27901U 81031J   23275.62571022 -.00001128  00000-0  00000-0 0  9999
2 27901  62.5090 165.8710 7245008  42.7816 355.0253  2.01164240160971
0 COSMOS 1261 DEB
1 27901U 81031J   23276.12281401 -.00001140  00000-0  00000-0 0  9998
2 27901  62.5086 165.8015 7245401  42.7869 355.0235  2.01163024160989
0 COSMOS 1261 DEB
1 27901U 81031J   23276.61991721 -.00001153  00000-0  00000-0 0  9999
2 27901  62.5078 165.7316 7245692  42.7917 355.0207  2.01161658160990
0 COSMOS 1261 DEB
1 27901U 81031J   23277.11702554 -.00001166  00000-0  00000-0 0  9993
2 27901  62.5073 165.6620 7246020  42.7970 355.0174  2.01160430161000
0 COSMOS 1261 DEB
1 27901U 81031J   23277.61413564 -.00001179  00000-0  00000+0 0  9991
2 27901  62.5068 165.5923 7246373  42.8018 355.0142  2.01159106161007
0 COSMOS 1261 DEB
1 27901U 81031J   23277.61413564 -.00001179  00000-0  00000-0 0  9992
2 27901  62.5068 165.5923 7246373  42.8018 355.0142  2.01159106161018
0 COSMOS 1261 DEB
1 27901U 81031J   23278.11125034 -.00001191  00000-0  00000-0 0  9994
2 27901  62.5064 165.5226 7246687  42.8071 355.0108  2.01157875161021
0 COSMOS 1261 DEB
1 27901U 81031J   23278.60836896 -.00001201  00000-0  00000-0 0  9995
2 27901  62.5061 165.4533 7247064  42.8125 355.0081  2.01156693161036
0 COSMOS 1261 DEB
1 27901U 81031J   23279.10549131 -.00001209  00000-0  00000-0 0  9992
2 27901  62.5057 165.3836 7247394  42.8176 355.0060  2.01155446161041
0 COSMOS 1261 DEB
1 27901U 81031J   23281.09402386 -.00001205  00000-0  00000+0 0  9998
2 27901  62.5042 165.1050 7248724  42.8385 355.0085  2.01150602161070
0 COSMOS 1261 DEB
1 27901U 81031J   23281.09402386 -.00001205  00000-0  00000-0 0  9999
2 27901  62.5042 165.1050 7248724  42.8385 355.0085  2.01150602161081
0 COSMOS 1261 DEB
1 27901U 81031J   23281.59116831 -.00001195  00000-0  00000-0 0  9999
2 27901  62.5038 165.0352 7249058  42.8438 355.0121  2.01149431161090
0 COSMOS 1261 DEB
1 27901U 81031J   23284.07695881 -.00001112  00000-0  00000+0 0  9990
2 27901  62.5016 164.6862 7250692  42.8707 355.0459  2.01143665161134
0 COSMOS 1261 DEB
1 27901U 81031J   23284.57412739 -.00001092  00000-0  00000-0 0  9992
2 27901  62.5011 164.6162 7250996  42.8761 355.0546  2.01142543161152
0 COSMOS 1261 DEB
1 27901U 81031J   23285.07129978 -.00001073  00000-0  00000-0 0  9997
2 27901  62.5008 164.5465 7251330  42.8815 355.0634  2.01141432161161
0 COSMOS 1261 DEB
1 27901U 81031J   23286.56282965 -.00001021  00000-0  00000-0 0  9991
2 27901  62.4997 164.3368 7252285  42.8978 355.0882  2.01138132161198
0 COSMOS 1261 DEB
1 27901U 81031J   23286.56282965 -.00001021  00000-0  00000+0 0  9990
2 27901  62.4997 164.3368 7252285  42.8978 355.0882  2.01138132161187
0 COSMOS 1261 DEB
1 27901U 81031J   23288.55155740 -.00000977  00000-0  00000-0 0  9991
2 27901  62.4984 164.0573 7253599  42.9198 355.1084  2.01133879161236
0 COSMOS 1261 DEB
1 27901U 81031J   23289.54592427 -.00000968  00000-0  00000-0 0  9998
2 27901  62.4977 163.9174 7254262  42.9310 355.1100  2.01131857161252
0 COSMOS 1261 DEB
1 27901U 81031J   23289.54592427 -.00000968  00000-0  00000+0 0  9997
2 27901  62.4977 163.9174 7254262  42.9310 355.1100  2.01131857161241
0 COSMOS 1261 DEB
1 27901U 81031J   23290.54029283 -.00000966  00000-0  00000-0 0  9993
2 27901  62.4970 163.7776 7254926  42.9422 355.1055  2.01129890161277
0 COSMOS 1261 DEB
1 27901U 81031J   23291.53466420 -.00000968  00000-0  00000-0 0  9993
2 27901  62.4962 163.6376 7255587  42.9534 355.0963  2.01127974161291
0 COSMOS 1261 DEB
1 27901U 81031J   23295.51225023 -.00000961  00000-0  00000-0 0  9990
2 27901  62.4945 163.0778 7258259  42.9984 355.0651  2.01120814161379
0 COSMOS 1261 DEB
1 27901U 81031J   23295.51225023 -.00000961  00000-0  00000+0 0  9999
2 27901  62.4945 163.0778 7258259  42.9984 355.0651  2.01120814161368
0 COSMOS 1261 DEB
1 27901U 81031J   23300.98178401 -.00000799  00000-0  00000+0 0  9993
2 27901  62.4926 162.3067 7262056  43.0621 355.1171  2.01112321161474
0 COSMOS 1261 DEB
1 27901U 81031J   23300.98178401 -.00000799  00000-0  00000-0 0  9994
2 27901  62.4926 162.3067 7262056  43.0621 355.1171  2.01112321161485
0 COSMOS 1261 DEB
1 27901U 81031J   23303.46795506 -.00000803  00000-0  00000+0 0  9996
2 27901  62.4913 161.9557 7263724  43.0911 355.1013  2.01108853161520
0 COSMOS 1261 DEB
1 27901U 81031J   23305.45690442 -.00000829  00000-0  00000-0 0  9999
2 27901  62.4901 161.6748 7265036  43.1147 355.0744  2.01106232161570
0 COSMOS 1261 DEB
1 27901U 81031J   23305.45690442 -.00000829  00000-0  00000+0 0  9998
2 27901  62.4901 161.6748 7265036  43.1147 355.0744  2.01106232161569
0 COSMOS 1261 DEB
1 27901U 81031J   23315.89955127 -.00000507  00000-0  00000-0 0  9995
2 27901  62.4882 160.1972 7271864  43.2391 355.1040  2.01093042161786
0 COSMOS 1261 DEB
1 27901U 81031J   23315.89955127 -.00000507  00000-0  00000+0 0  9994
2 27901  62.4882 160.1972 7271864  43.2391 355.1040  2.01093042161775
0 COSMOS 1261 DEB
1 27901U 81031J   23316.39683091 -.00000499  00000-0  00000-0 0  9999
2 27901  62.4875 160.1265 7272166  43.2456 355.1011  2.01092438161798
0 COSMOS 1261 DEB
1 27901U 81031J   23316.89411036 -.00000493  00000-0  00000-0 0  9996
2 27901  62.4874 160.0559 7272501  43.2518 355.0968  2.01091830161801
0 COSMOS 1261 DEB
1 27901U 81031J   23320.87235257 -.00000476  00000-0  00000-0 0  9999
2 27901  62.4865 159.4912 7275107  43.3009 355.0308  2.01087180161886
0 COSMOS 1261 DEB
1 27901U 81031J   23320.87235257 -.00000476  00000-0  00000+0 0  9998
2 27901  62.4865 159.4912 7275107  43.3009 355.0308  2.01087180161875
0 COSMOS 1261 DEB
1 27901U 81031J   23322.86152594 -.00000443  00000-0  00000-0 0  9996
2 27901  62.4863 159.2086 7276441  43.3259 355.0116  2.01085000161924
0 COSMOS 1261 DEB
1 27901U 81031J   23323.85613440 -.00000411  00000-0  00000+0 0  9992
2 27901  62.4863 159.0672 7277118  43.3386 355.0119  2.01083961161934
0 COSMOS 1261 DEB
1 27901U 81031J   23323.85613440 -.00000411  00000-0  00000-0 0  9993
2 27901  62.4863 159.0672 7277118  43.3386 355.0119  2.01083961161945
0 COSMOS 1261 DEB
1 27901U 81031J   23324.85075516 -.00000371  00000-0  00000-0 0  9995
2 27901  62.4863 158.9261 7277800  43.3513 355.0174  2.01082957161964
0 COSMOS 1261 DEB
1 27901U 81031J   23326.84001394 -.00000289  00000-0  00000-0 0  9997
2 27901  62.4853 158.6421 7279183  43.3759 355.0302  2.01081069162008
0 COSMOS 1261 DEB
1 27901U 81031J   23326.84001394 -.00000289  00000-0  00000+0 0  9996
2 27901  62.4853 158.6421 7279183  43.3759 355.0302  2.01081069161995
0 COSMOS 1261 DEB
1 27901U 81031J   23327.83464166 -.00000260  00000-0  00000-0 0  9996
2 27901  62.4850 158.5003 7279864  43.3888 355.0306  2.01080194162023
0 COSMOS 1261 DEB
1 27901U 81031J   23328.82926402 -.00000244  00000-0  00000-0 0  9994
2 27901  62.4851 158.3590 7280533  43.4020 355.0241  2.01079367162047
0 COSMOS 1261 DEB
1 27901U 81031J   23329.82388143 -.00000240  00000-0  00000-0 0  9995
2 27901  62.4850 158.2175 7281200  43.4154 355.0109  2.01078576162060
0 COSMOS 1261 DEB
1 27901U 81031J   23330.81849543 -.00000247  00000-0  00000-0 0  9999
2 27901  62.4852 158.0762 7281850  43.4289 354.9928  2.01077826162088
0 COSMOS 1261 DEB
1 27901U 81031J   23332.80772996 -.00000261  00000-0  00000+0 0  9992
2 27901  62.4853 157.7930 7283156  43.4538 354.9534  2.01076447162115
0 COSMOS 1261 DEB
1 27901U 81031J   23332.80772996 -.00000261  00000-0  00000-0 0  9993
2 27901  62.4853 157.7930 7283156  43.4538 354.9534  2.01076447162126
0 COSMOS 1261 DEB
1 27901U 81031J   23335.79164530 -.00000204  00000-0  00000+0 0  9999
2 27901  62.4853 157.3680 7285096  43.4935 354.9212  2.01074694162170
0 COSMOS 1261 DEB
1 27901U 81031J   23335.79164530 -.00000204  00000-0  00000-0 0  9990
2 27901  62.4853 157.3680 7285096  43.4935 354.9212  2.01074694162181
0 COSMOS 1261 DEB
1 27901U 81031J   23336.78630439 -.00000158  00000-0  00000-0 0  9994
2 27901  62.4852 157.2260 7285738  43.5064 354.9211  2.01074191162204
0 COSMOS 1261 DEB
1 27901U 81031J   23337.78097227 -.00000103  00000-0  00000-0 0  9997
2 27901  62.4868 157.0820 7286447  43.5193 354.9252  2.01073719162224
0 COSMOS 1261 DEB
1 27901U 81031J   23337.78097227 -.00000103  00000-0  00000+0 0  9996
2 27901  62.4868 157.0820 7286447  43.5193 354.9252  2.01073719162213
0 COSMOS 1261 DEB
1 27901U 81031J   23344.74365334  .00000174  00000-0  00000+0 0  9994
2 27901  62.4850 156.0855 7290947  43.6113 354.9186  2.01071214162353
0 COSMOS 1261 DEB
1 27901U 81031J   23344.74365334  .00000174  00000-0  00000-0 0  9995
2 27901  62.4850 156.0855 7290947  43.6113 354.9186  2.01071214162364
0 COSMOS 1261 DEB
1 27901U 81031J   23345.73830228  .00000187  00000-0  00000-0 0  9998
2 27901  62.4845 155.9438 7291557  43.6256 354.8993  2.01071023162384
0 COSMOS 1261 DEB
1 27901U 81031J   23346.73294652  .00000198  00000-0  00000-0 0  9996
2 27901  62.4834 155.8055 7291929  43.6505 354.8758  2.01070905162406
0 COSMOS 1261 DEB
1 27901U 81031J   23346.73294652  .00000198  00000-0  00000+0 0  9995
2 27901  62.4834 155.8055 7291929  43.6505 354.8758  2.01070905162394
0 COSMOS 1261 DEB
1 27901U 81031J   23347.72759551  .00000211  00000-0  00000-0 0  9996
2 27901  62.4834 155.6620 7292623  43.6612 354.8561  2.01070818162420
0 COSMOS 1261 DEB
1 27901U 81031J   23348.72224923  .00000230  00000-0  00000-0 0  9998
2 27901  62.4829 155.5216 7293199  43.6768 354.8394  2.01070798162448
0 COSMOS 1261 DEB
1 27901U 81031J   23349.71691215  .00000258  00000-0  00000+0 0  9999
2 27901  62.4827 155.3746 7293896  43.6890 354.8298  2.01070834162457
0 COSMOS 1261 DEB
1 27901U 81031J   23349.71691215  .00000258  00000-0  00000-0 0  9990
2 27901  62.4827 155.3746 7293896  43.6890 354.8298  2.01070834162468
0 COSMOS 1261 DEB
1 27901U 81031J   23350.71158493  .00000296  00000-0  00000-0 0  9990
2 27901  62.4825 155.2310 7294557  43.7022 354.8272  2.01070927162482
0 COSMOS 1261 DEB
1 27901U 81031J   23351.70626532  .00000344  00000-0  00000-0 0  9998
2 27901  62.4823 155.0927 7295190  43.7150 354.8306  2.01071105162508
0 COSMOS 1261 DEB
1 27901U 81031J   23353.69562904  .00000444  00000-0  00000+0 0  9990
2 27901  62.4817 154.8058 7296524  43.7412 354.8432  2.01071713162534
0 COSMOS 1261 DEB
1 27901U 81031J   23353.69562904  .00000444  00000-0  00000-0 0  9991
2 27901  62.4817 154.8058 7296524  43.7412 354.8432  2.01071713162545
0 COSMOS 1261 DEB
1 27901U 81031J   23354.69030283  .00000485  00000-0  00000-0 0  9997
2 27901  62.4820 154.6650 7297169  43.7554 354.8448  2.01072113162562
0 COSMOS 1261 DEB
1 27901U 81031J   23355.68496545  .00000513  00000-0  00000-0 0  9996
2 27901  62.4821 154.5181 7297903  43.7667 354.8406  2.01072591162588
0 COSMOS 1261 DEB
1 27901U 81031J   23356.67961547  .00000527  00000-0  00000+0 0  9999
2 27901  62.4820 154.3751 7298539  43.7806 354.8290  2.01073148162590
0 COSMOS 1261 DEB
1 27901U 81031J   23356.67961547  .00000527  00000-0  00000-0 0  9990
2 27901  62.4820 154.3751 7298539  43.7806 354.8290  2.01073148162602
0 COSMOS 1261 DEB
1 27901U 81031J   23357.67425528  .00000530  00000-0  00000-0 0  9999
2 27901  62.4818 154.2332 7299199  43.7918 354.8123  2.01073780162629
0 COSMOS 1261 DEB
1 27901U 81031J   23358.66888760  .00000527  00000-0  00000-0 0  9996
2 27901  62.4812 154.0917 7299756  43.8070 354.7921  2.01074473162646
0 COSMOS 1261 DEB
1 27901U 81031J   23359.66351757  .00000526  00000-0  00000+0 0  9996
2 27901  62.4814 153.9490 7300391  43.8200 354.7729  2.01075239162653
0 COSMOS 1261 DEB
1 27901U 81031J   23359.66351757  .00000526  00000-0  00000-0 0  9997
2 27901  62.4814 153.9490 7300391  43.8200 354.7729  2.01075239162664
0 COSMOS 1261 DEB
1 27901U 81031J   23360.65814892  .00000534  00000-0  00000-0 0  9991
2 27901  62.4816 153.8041 7301065  43.8318 354.7573  2.01076068162686
0 COSMOS 1261 DEB
1 27901U 81031J   23361.65278244  .00000555  00000-0  00000-0 0  9990
2 27901  62.4815 153.6611 7301671  43.8456 354.7465  2.01076997162706
0 COSMOS 1261 DEB
1 27901U 81031J   23362.64742033  .00000591  00000-0  00000+0 0  9991
2 27901  62.4819 153.5166 7302322  43.8587 354.7420  2.01077996162715
0 COSMOS 1261 DEB
1 27901U 81031J   23362.64742033  .00000591  00000-0  00000-0 0  9992
2 27901  62.4819 153.5166 7302322  43.8587 354.7420  2.01077996162726
0 COSMOS 1261 DEB
1 27901U 81031J   23363.64206204  .00000641  00000-0  00000-0 0  9994
2 27901  62.4818 153.3746 7302899  43.8727 354.7430  2.01079039162745
0 COSMOS 1261 DEB
1 27901U 81031J   23364.63670466  .00000700  00000-0  00000-0 0  9995
2 27901  62.4819 153.2312 7303500  43.8866 354.7489  2.01080160162761
0 COSMOS 1261 DEB
1 27901U 81031J   23365.63134589  .00000763  00000-0  00000+0 0  9995
2 27901  62.4816 153.0898 7304049  43.9006 354.7578  2.01081334162775
0 COSMOS 1261 DEB
1 27901U 81031J   23365.63134589  .00000763  00000-0  00000-0 0  9996
2 27901  62.4816 153.0898 7304049  43.9006 354.7578  2.01081334162786
0 COSMOS 1261 DEB
1 27901U 81031J   24001.62598240  .00000824  00000-0  00000-0 0  9999
2 27901  62.4816 152.9479 7304596  43.9159 354.7676  2.01082563162802
0 COSMOS 1261 DEB
1 27901U 81031J   24002.62061250  .00000880  00000-0  00000-0 0  9998
2 27901  62.4815 152.8036 7305205  43.9292 354.7767  2.01083813162827
0 COSMOS 1261 DEB
1 27901U 81031J   24003.61523070  .00000927  00000-0  00000+0 0  9992
2 27901  62.4815 152.6594 7305813  43.9436 354.7828  2.01085159162833
0 COSMOS 1261 DEB
1 27901U 81031J   24003.61523070  .00000927  00000-0  00000-0 0  9993
2 27901  62.4815 152.6594 7305813  43.9436 354.7828  2.01085159162844
0 COSMOS 1261 DEB
1 27901U 81031J   24004.60983671  .00000964  00000-0  00000-0 0  9991
2 27901  62.4815 152.5150 7306432  43.9573 354.7846  2.01086538162865
0 COSMOS 1261 DEB
1 27901U 81031J   24005.60442809  .00000992  00000-0  00000-0 0  9996
2 27901  62.4815 152.3714 7307045  43.9705 354.7810  2.01087985162887
0 COSMOS 1261 DEB
1 27901U 81031J   24006.59900442  .00001011  00000-0  00000+0 0  9999
2 27901  62.4815 152.2272 7307674  43.9827 354.7721  2.01089497162890
0 COSMOS 1261 DEB
1 27901U 81031J   24006.59900442  .00001011  00000-0  00000-0 0  9990
2 27901  62.4815 152.2272 7307674  43.9827 354.7721  2.01089497162902
0 COSMOS 1261 DEB
1 27901U 81031J   24007.59356561  .00001025  00000-0  00000-0 0  9993
2 27901  62.4817 152.0856 7308188  44.0013 354.7575  2.01091087162927
0 COSMOS 1261 DEB
1 27901U 81031J   24007.59356561  .00001025  00000-0  00000+0 0  9992
2 27901  62.4817 152.0856 7308188  44.0013 354.7575  2.01091087162916
0 COSMOS 1261 DEB
1 27901U 81031J   24008.58811452  .00001037  00000-0  00000-0 0  9991
2 27901  62.4824 151.9542 7308491  44.0274 354.7389  2.01092745162948
0 COSMOS 1261 DEB
1 27901U 81031J   24008.58811452  .00001037  00000-0  00000+0 0  9990
2 27901  62.4824 151.9542 7308491  44.0274 354.7389  2.01092745162937
0 COSMOS 1261 DEB
1 27901U 81031J   24009.58265678  .00001048  00000-0  00000-0 0  9997
2 27901  62.4824 151.8077 7309132  44.0395 354.7235  2.01094470162966
0 COSMOS 1261 DEB
1 27901U 81031J   24011.57173299  .00001087  00000-0  00000-0 0  9999
2 27901  62.4829 151.5183 7310400  44.0635 354.7057  2.01098127163004
0 COSMOS 1261 DEB
1 27901U 81031J   24011.57173299  .00001087  00000-0  00000+0 0  9998
2 27901  62.4829 151.5183 7310400  44.0635 354.7057  2.01098127162991
0 COSMOS 1261 DEB
1 27901U 81031J   24012.56627165  .00001119  00000-0  00000-0 0  9991
2 27901  62.4829 151.3715 7311058  44.0752 354.7072  2.01100058163029
0 COSMOS 1261 DEB
1 27901U 81031J   24013.56080971  .00001159  00000-0  00000-0 0  9994
2 27901  62.4831 151.2261 7311695  44.0882 354.7153  2.01102070163046
0 COSMOS 1261 DEB
1 27901U 81031J   24014.55534387  .00001203  00000-0  00000-0 0  9999
2 27901  62.4826 151.0785 7312383  44.0976 354.7283  2.01104157163062
0 COSMOS 1261 DEB
1 27901U 81031J   24014.55534387  .00001203  00000-0  00000+0 0  9998
2 27901  62.4826 151.0785 7312383  44.0976 354.7283  2.01104157163051
0 COSMOS 1261 DEB
1 27901U 81031J   24015.54986815  .00001246  00000-0  00000-0 0  9993
2 27901  62.4824 150.9321 7313034  44.1089 354.7416  2.01106324163082
0 COSMOS 1261 DEB
1 27901U 81031J   24016.54437693  .00001281  00000-0  00000-0 0  9998
2 27901  62.4822 150.7860 7313686  44.1199 354.7517  2.01108569163109
0 COSMOS 1261 DEB
1 27901U 81031J   24017.53886554  .00001302  00000-0  00000-0 0  9996
2 27901  62.4820 150.6410 7314288  44.1329 354.7553  2.01110887163129
0 COSMOS 1261 DEB
1 27901U 81031J   24017.53886554  .00001302  00000-0  00000+0 0  9995
2 27901  62.4820 150.6410 7314288  44.1329 354.7553  2.01110887163118
0 COSMOS 1261 DEB
1 27901U 81031J   24018.53333300  .00001308  00000-0  00000-0 0  9999
2 27901  62.4819 150.4958 7314901  44.1452 354.7520  2.01113269163144
0 COSMOS 1261 DEB
1 27901U 81031J   24019.52778012  .00001299  00000-0  00000-0 0  9991
2 27901  62.4813 150.3469 7315582  44.1530 354.7434  2.01115714163160
0 COSMOS 1261 DEB
1 27901U 81031J   24020.52220939  .00001282  00000-0  00000-0 0  9995
2 27901  62.4814 150.2033 7316111  44.1688 354.7297  2.01118214163187
0 COSMOS 1261 DEB
1 27901U 81031J   24020.52222208  .00001334  00000-0  20038-2 0  9999
2 27901  62.4814 150.2034 7316099  44.1699 354.7295  2.01118213163171
0 COSMOS 1261 DEB
1 27901U 81031J   24020.52222208  .00001334  00000-0  20038-2 0  9999
2 27901  62.4814 150.2034 7316099  44.1699 354.7295  2.01118213163182
0 COSMOS 1261 DEB
1 27901U 81031J   24021.51664065  .00001321  00000-0  22408-2 0  9999
2 27901  62.4814 150.0580 7316687  44.1814 354.7164  2.01120770163207
0 COSMOS 1261 DEB
1 27901U 81031J   24022.51105221  .00001313  00000-0  24150-2 0  9991
2 27901  62.4813 149.9146 7317582  44.1984 354.7063  2.01123417163225
0 COSMOS 1261 DEB
1 27901U 81031J   24023.50545275  .00001308  00000-0  23179-2 0  9992
2 27901  62.4822 149.7705 7317784  44.2074 354.7004  2.01126046163236
0 COSMOS 1261 DEB
1 27901U 81031J   24023.50545275  .00001308  00000-0  23179-2 0  9992
2 27901  62.4822 149.7705 7317784  44.2074 354.7004  2.01126046163247
0 COSMOS 1261 DEB
1 27901U 81031J   24024.49985275  .00001331  00000-0  27170-2 0  9990
2 27901  62.4820 149.6262 7318589  44.2238 354.7017  2.01128879163260
0 COSMOS 1261 DEB
1 27901U 81031J   24025.49424509  .00001353  00000-0  26094-2 0  9997
2 27901  62.4826 149.4834 7319042  44.2371 354.7087  2.01131658163280
0 COSMOS 1261 DEB
1 27901U 81031J   24025.49424509  .00001353  00000-0  26094-2 0  9997
2 27901  62.4826 149.4834 7319042  44.2371 354.7087  2.01131658163279
0 COSMOS 1261 DEB
1 27901U 81031J   24026.48863053  .00001374  00000-0  21748-2 0  9992
2 27901  62.4831 149.3395 7319520  44.2485 354.7213  2.01134462163304
0 COSMOS 1261 DEB
1 27901U 81031J   24027.48300674  .00001392  00000-0  14685-2 0  9990
2 27901  62.4832 149.1939 7320016  44.2574 354.7378  2.01137278163320
0 COSMOS 1261 DEB
1 27901U 81031J   24028.47737072  .00001407  00000-0  71700-3 0  9995
2 27901  62.4832 149.0477 7320506  44.2680 354.7557  2.01140108163334
0 COSMOS 1261 DEB
1 27901U 81031J   24028.47737072  .00001407  00000-0  71700-3 0  9995
2 27901  62.4832 149.0477 7320506  44.2680 354.7557  2.01140108163345
0 COSMOS 1261 DEB
1 27901U 81031J   24029.47172041  .00001419  00000-0  13222-3 0  9993
2 27901  62.4834 148.9027 7321000  44.2744 354.7734  2.01142941163363
0 COSMOS 1261 DEB
1 27901U 81031J   24030.46605231  .00001433  00000-0 -34740-5 0  9993
2 27901  62.4834 148.7569 7321470  44.2847 354.7879  2.01145810163387
0 COSMOS 1261 DEB
1 27901U 81031J   24030.46605231  .00001433  00000-0 -34740-5 0  9993
2 27901  62.4834 148.7569 7321470  44.2847 354.7879  2.01145810163376
0 COSMOS 1261 DEB
1 27901U 81031J   24031.46036488  .00001444  00000-0  16324-3 0  9993
2 27901  62.4836 148.6116 7321941  44.2943 354.7983  2.01148681163404
0 COSMOS 1261 DEB
1 27901U 81031J   24032.45465623  .00001449  00000-0  52795-3 0  9997
2 27901  62.4839 148.4661 7322421  44.3046 354.8032  2.01151563163420
0 COSMOS 1261 DEB
1 27901U 81031J   24033.44892568  .00001442  00000-0  83688-3 0  9997
2 27901  62.4845 148.3210 7322927  44.3149 354.8027  2.01154455163439
0 COSMOS 1261 DEB
1 27901U 81031J   24033.44892568  .00001442  00000-0  83688-3 0  9997
2 27901  62.4845 148.3210 7322927  44.3149 354.8027  2.01154455163440
0 COSMOS 1261 DEB
1 27901U 81031J   24034.44317398  .00001419  00000-0  84891-3 0  9992
2 27901  62.4850 148.1753 7323474  44.3239 354.7978  2.01157341163467
0 COSMOS 1261 DEB
1 27901U 81031J   24035.43740347  .00001379  00000-0  46636-3 0  9996
2 27901  62.4855 148.0295 7324051  44.3336 354.7898  2.01160209163482
0 COSMOS 1261 DEB
1 27901U 81031J   24036.43161810  .00001332  00000-0 -10596-3 0  9995
2 27901  62.4859 147.8835 7324653  44.3435 354.7816  2.01163072163493
0 COSMOS 1261 DEB
1 27901U 81031J   24036.43161810  .00001332  00000-0 -10596-3 0  9995
2 27901  62.4859 147.8835 7324653  44.3435 354.7816  2.01163072163505
0 COSMOS 1261 DEB
1 27901U 81031J   24037.42582221  .00001290  00000-0 -51996-3 0  9990
2 27901  62.4859 147.7371 7325253  44.3549 354.7757  2.01165958163523
0 COSMOS 1261 DEB
1 27901U 81031J   24038.42002018  .00001262  00000-0 -66169-3 0  9999
2 27901  62.4859 147.5907 7325881  44.3650 354.7755  2.01168863163544
0 COSMOS 1261 DEB
1 27901U 81031J   24039.41421384  .00001253  00000-0 -38635-3 0  9997
2 27901  62.4859 147.4448 7326498  44.3751 354.7823  2.01171805163557
0 COSMOS 1261 DEB
1 27901U 81031J   24039.41421384  .00001253  00000-0 -38635-3 0  9997
2 27901  62.4859 147.4448 7326498  44.3751 354.7823  2.01171805163568
0 COSMOS 1261 DEB
1 27901U 81031J   24040.40840301  .00001259  00000-0  13567-3 0  9994
2 27901  62.4857 147.2979 7327128  44.3858 354.7961  2.01174744163582
0 COSMOS 1261 DEB
1 27901U 81031J   24041.40258521  .00001273  00000-0  78668-3 0  9991
2 27901  62.4850 147.1476 7327833  44.3923 354.8156  2.01177658163609
0 COSMOS 1261 DEB
1 27901U 81031J   24041.40258521  .00001273  00000-0  78668-3 0  9991
2 27901  62.4850 147.1476 7327833  44.3923 354.8156  2.01177658163597
0 COSMOS 1261 DEB
1 27901U 81031J   24042.39675503  .00001289  00000-0  15179-2 0  9997
2 27901  62.4855 147.0023 7328451  44.4035 354.8359  2.01180537163620
0 COSMOS 1261 DEB
1 27901U 81031J   24043.39090750  .00001299  00000-0  22702-2 0  9994
2 27901  62.4860 146.8565 7329070  44.4144 354.8538  2.01183378163640
0 COSMOS 1261 DEB
1 27901U 81031J   24044.38503803  .00001291  00000-0  29218-2 0  9993
2 27901  62.4865 146.7106 7329690  44.4257 354.8660  2.01186190163650
0 COSMOS 1261 DEB
1 27901U 81031J   24044.38503803  .00001291  00000-0  29218-2 0  9993
2 27901  62.4865 146.7106 7329690  44.4257 354.8660  2.01186190163661
0 COSMOS 1261 DEB
1 27901U 81031J   24045.37914350  .00001263  00000-0  34506-2 0  9991
2 27901  62.4846 146.5575 7330341  44.4396 354.8705  2.01189020163684
0 COSMOS 1261 DEB
1 27901U 81031J   24046.37322542  .00001209  00000-0  36755-2 0  9996
2 27901  62.4848 146.4106 7330959  44.4510 354.8682  2.01191850163709
0 COSMOS 1261 DEB
1 27901U 81031J   24047.36728626  .00001136  00000-0  36647-2 0  9998
2 27901  62.4848 146.2634 7331556  44.4628 354.8611  2.01194684163718
0 COSMOS 1261 DEB
1 27901U 81031J   24047.36728626  .00001136  00000-0  36647-2 0  9998
2 27901  62.4848 146.2634 7331556  44.4628 354.8611  2.01194684163729
0 COSMOS 1261 DEB
1 27901U 81031J   24047.86431105  .00001092  00000-0  35366-2 0  9994
2 27901  62.4855 146.1921 7331882  44.4594 354.8581  2.01196084163732
0 COSMOS 1261 DEB
1 27901U 81031J   24047.86431105  .00001092  00000-0  35366-2 0  9994
2 27901  62.4855 146.1921 7331882  44.4594 354.8581  2.01196084163721
0 COSMOS 1261 DEB
1 27901U 81031J   24048.36133172  .00001054  00000-0  35582-2 0  9991
2 27901  62.4855 146.1183 7332153  44.4653 354.8538  2.01197487163741
0 COSMOS 1261 DEB
1 27901U 81031J   24048.85834967  .00001013  00000-0  34771-2 0  9999
2 27901  62.4845 146.0436 7332425  44.4708 354.8501  2.01198860163750
0 COSMOS 1261 DEB
1 27901U 81031J   24049.35536558  .00000979  00000-0  35571-2 0  9999
2 27901  62.4845 145.9699 7332686  44.4761 354.8472  2.01200227163766
0 COSMOS 1261 DEB
1 27901U 81031J   24049.85237979  .00000946  00000-0  35988-2 0  9995
2 27901  62.4841 145.8959 7332937  44.4814 354.8456  2.01201563163775
0 COSMOS 1261 DEB
1 27901U 81031J   24050.34939278  .00000920  00000-0  37696-2 0  9992
2 27901  62.4841 145.8221 7333184  44.4867 354.8453  2.01202890163771
0 COSMOS 1261 DEB
1 27901U 81031J   24050.34939278  .00000920  00000-0  37696-2 0  9992
2 27901  62.4841 145.8221 7333184  44.4867 354.8453  2.01202890163782
0 COSMOS 1261 DEB
1 27901U 81031J   24051.34341571  .00000878  00000-0  40719-2 0  9998
2 27901  62.4841 145.6746 7333660  44.4967 354.8497  2.01205466163805
0 COSMOS 1261 DEB
1 27901U 81031J   24051.84042578  .00000861  00000-0  41695-2 0  9994
2 27901  62.4841 145.6009 7333893  44.5016 354.8543  2.01206719163816
0 COSMOS 1261 DEB
1 27901U 81031J   24052.33743492  .00000845  00000-0  42173-2 0  9996
2 27901  62.4844 145.5273 7334127  44.5065 354.8605  2.01207946163829
0 COSMOS 1261 DEB
1 27901U 81031J   24053.33144907  .00000813  00000-0  40714-2 0  9997
2 27901  62.4846 145.3800 7334584  44.5162 354.8769  2.01210341163835
0 COSMOS 1261 DEB
1 27901U 81031J   24053.33144907  .00000813  00000-0  40714-2 0  9997
2 27901  62.4846 145.3800 7334584  44.5162 354.8769  2.01210341163846
0 COSMOS 1261 DEB
1 27901U 81031J   24053.82845362  .00000794  00000-0  38472-2 0  9990
2 27901  62.4846 145.3060 7334806  44.5211 354.8866  2.01211501163854
0 COSMOS 1261 DEB
1 27901U 81031J   24054.32545627  .00000775  00000-0  36016-2 0  9998
2 27901  62.4847 145.2322 7335034  44.5260 354.8971  2.01212638163863
0 COSMOS 1261 DEB
1 27901U 81031J   24055.31945437  .00000730  00000-0  29531-2 0  9996
2 27901  62.4849 145.0847 7335481  44.5356 354.9190  2.01214826163884
0 COSMOS 1261 DEB
1 27901U 81031J   24056.31344116  .00000681  00000-0  23174-2 0  9996
2 27901  62.4850 144.9369 7335925  44.5453 354.9403  2.01216893163898
0 COSMOS 1261 DEB
1 27901U 81031J   24056.31344116  .00000681  00000-0  23174-2 0  9996
2 27901  62.4850 144.9369 7335925  44.5453 354.9403  2.01216893163900
0 COSMOS 1261 DEB
1 27901U 81031J   24057.30741496  .00000628  00000-0  18542-2 0  9992
2 27901  62.4850 144.7889 7336365  44.5549 354.9591  2.01218823163925
0 COSMOS 1261 DEB
1 27901U 81031J   24058.30137407  .00000576  00000-0  17430-2 0  9991
2 27901  62.4850 144.6409 7336807  44.5645 354.9735  2.01220643163945
0 COSMOS 1261 DEB
1 27901U 81031J   24058.79834781  .00000549  00000-0  17665-2 0  9993
2 27901  62.4848 144.5666 7337028  44.5694 354.9787  2.01221503163949
0 COSMOS 1261 DEB
1 27901U 81031J   24058.79834781  .00000549  00000-0  17665-2 0  9993
2 27901  62.4848 144.5666 7337028  44.5694 354.9787  2.01221503163950
0 COSMOS 1261 DEB
1 27901U 81031J   24059.29531769  .00000522  00000-0  18624-2 0  9996
2 27901  62.4849 144.4927 7337257  44.5741 354.9826  2.01222332163963
0 COSMOS 1261 DEB
1 27901U 81031J   24059.79228349  .00000494  00000-0  19790-2 0  9991
2 27901  62.4850 144.4187 7337488  44.5789 354.9849  2.01223140163975
0 COSMOS 1261 DEB
1 27901U 81031J   24060.28924547  .00000464  00000-0  21023-2 0  9999
2 27901  62.4851 144.3447 7337727  44.5837 354.9859  2.01223912163983
0 COSMOS 1261 DEB
1 27901U 81031J   24060.78620366  .00000429  00000-0  21530-2 0  9990
2 27901  62.4852 144.2707 7337971  44.5885 354.9856  2.01224651163995
0 COSMOS 1261 DEB
1 27901U 81031J   24061.28315840  .00000393  00000-0  21828-2 0  9994
2 27901  62.4853 144.1966 7338224  44.5933 354.9841  2.01225360163990
0 COSMOS 1261 DEB
1 27901U 81031J   24061.28315840  .00000393  00000-0  21828-2 0  9994
2 27901  62.4853 144.1966 7338224  44.5933 354.9841  2.01225360164003
0 COSMOS 1261 DEB
1 27901U 81031J   24063.76789604  .00000154  00000-0  97603-3 0  9992
2 27901  62.4858 143.8260 7339603  44.6183 354.9690  2.01228331164059
0 COSMOS 1261 DEB
1 27901U 81031J   24063.76789604  .00000154  00000-0  97603-3 0  9992
2 27901  62.4858 143.8260 7339603  44.6183 354.9690  2.01228331164048
0 COSMOS 1261 DEB
1 27901U 81031J   24065.75567802 -.00000014  00000-0  11644-3 0  9994
2 27901  62.4850 143.5250 7340797  44.6406 354.9681  2.01230194164095
0 COSMOS 1261 DEB
1 27901U 81031J   24065.75567802 -.00000014  00000-0  11644-3 0  9994
2 27901  62.4850 143.5250 7340797  44.6406 354.9681  2.01230194164084
0 COSMOS 1261 DEB
1 27901U 81031J   24069.73129665 -.00000153  00000-0  10250-2 0  9992
2 27901  62.4834 142.9282 7343248  44.6835 355.0336  2.01232502164167
0 COSMOS 1261 DEB
1 27901U 81031J   24069.73129665 -.00000153  00000-0  10250-2 0  9992
2 27901  62.4834 142.9282 7343248  44.6835 355.0336  2.01232502164178
0 COSMOS 1261 DEB
1 27901U 81031J   24072.21602807 -.00000263  00000-0  15813-2 0  9995
2 27901  62.4833 142.5566 7344843  44.7103 355.0627  2.01232767164210
0 COSMOS 1261 DEB
1 27901U 81031J   24072.71296609 -.00000299  00000-0  15784-2 0  9995
2 27901  62.4834 142.4825 7345165  44.7159 355.0627  2.01232738164237
0 COSMOS 1261 DEB
1 27901U 81031J   24073.20990163 -.00000343  00000-0  14711-2 0  9995
2 27901  62.4836 142.4086 7345485  44.7218 355.0609  2.01232671164246
0 COSMOS 1261 DEB
1 27901U 81031J   24074.70069777 -.00000497  00000-0  91081-3 0  9995
2 27901  62.4826 142.1849 7346425  44.7379 355.0480  2.01232381164269
0 COSMOS 1261 DEB
1 27901U 81031J   24074.70069777 -.00000497  00000-0  91081-3 0  9995
2 27901  62.4826 142.1849 7346425  44.7379 355.0480  2.01232381164270
0 COSMOS 1261 DEB
1 27901U 81031J   24075.69456041 -.00000611  00000-0  31169-3 0  9997
2 27901  62.4822 142.0367 7347013  44.7495 355.0372  2.01232030164296
0 COSMOS 1261 DEB
1 27901U 81031J   24076.68842856 -.00000715  00000-0 -26025-3 0  9991
2 27901  62.4813 141.8869 7347576  44.7603 355.0289  2.01231527164315
0 COSMOS 1261 DEB
1 27901U 81031J   24077.18536627 -.00000760  00000-0 -49952-3 0  9997
2 27901  62.4808 141.8125 7347841  44.7656 355.0266  2.01231209164319
0 COSMOS 1261 DEB
1 27901U 81031J   24077.18536627 -.00000760  00000-0 -49952-3 0  9997
2 27901  62.4808 141.8125 7347841  44.7656 355.0266  2.01231209164320
0 COSMOS 1261 DEB
1 27901U 81031J   24078.17925094 -.00000833  00000-0 -88349-3 0  9991
2 27901  62.4799 141.6629 7348357  44.7759 355.0267  2.01230434164345
0 COSMOS 1261 DEB
1 27901U 81031J   24079.17314886 -.00000883  00000-0 -11391-2 0  9990
2 27901  62.4792 141.5132 7348858  44.7863 355.0332  2.01229507164362
0 COSMOS 1261 DEB
1 27901U 81031J   24080.16705944 -.00000921  00000-0 -15199-2 0  9993
2 27901  62.4787 141.3635 7349348  44.7967 355.0455  2.01228423164375
0 COSMOS 1261 DEB
1 27901U 81031J   24080.16705944 -.00000921  00000-0 -15199-2 0  9993
2 27901  62.4787 141.3635 7349348  44.7967 355.0455  2.01228423164386
0 COSMOS 1261 DEB
1 27901U 81031J   24080.66401901 -.00000939  00000-0 -17888-2 0  9990
2 27901  62.4781 141.2883 7349586  44.8017 355.0534  2.01227823164397
0 COSMOS 1261 DEB
1 27901U 81031J   24083.64581843 -.00001069  00000-0 -42045-2 0  9993
2 27901  62.4764 140.8388 7351029  44.8339 355.1065  2.01223445164447
0 COSMOS 1261 DEB
1 27901U 81031J   24083.64581843 -.00001069  00000-0 -42045-2 0  9993
2 27901  62.4764 140.8388 7351029  44.8339 355.1065  2.01223445164458
0 COSMOS 1261 DEB
1 27901U 81031J   24085.13673419 -.00001134  00000-0 -50329-2 0  9997
2 27901  62.4757 140.6137 7351748  44.8509 355.1248  2.01220790164483
0 COSMOS 1261 DEB
1 27901U 81031J   24086.13068135 -.00001176  00000-0 -53299-2 0  9996
2 27901  62.4752 140.4639 7352233  44.8620 355.1304  2.01218837164490
0 COSMOS 1261 DEB
1 27901U 81031J   24086.13068135 -.00001176  00000-0 -53299-2 0  9996
2 27901  62.4752 140.4639 7352233  44.8620 355.1304  2.01218837164502
0 COSMOS 1261 DEB
1 27901U 81031J   24088.11858379 -.00001283  00000-0 -60082-2 0  9990
2 27901  62.4745 140.1638 7353255  44.8851 355.1241  2.01214439164549
0 COSMOS 1261 DEB
1 27901U 81031J   24088.61556188 -.00001309  00000-0 -61195-2 0  9993
2 27901  62.4742 140.0889 7353525  44.8907 355.1195  2.01213291164548
0 COSMOS 1261 DEB
1 27901U 81031J   24088.61556188 -.00001309  00000-0 -61195-2 0  9993
2 27901  62.4742 140.0889 7353525  44.8907 355.1195  2.01213291164559
0 COSMOS 1261 DEB
1 27901U 81031J   24089.60952362 -.00001372  00000-0 -65780-2 0  9991
2 27901  62.4739 139.9390 7354087  44.9028 355.1080  2.01210882164576
0 COSMOS 1261 DEB
1 27901U 81031J   24090.60349645 -.00001448  00000-0 -73665-2 0  9992
2 27901  62.4730 139.7884 7354680  44.9145 355.0960  2.01208312164595
0 COSMOS 1261 DEB
1 27901U 81031J   24091.10048833 -.00001478  00000-0 -76316-2 0  9992
2 27901  62.4726 139.7133 7354981  44.9206 355.0906  2.01207036164591
0 COSMOS 1261 DEB
1 27901U 81031J   24091.59748507 -.00001516  00000-0 -81054-2 0  9998
2 27901  62.4722 139.6381 7355292  44.9269 355.0861  2.01205662164612
0 COSMOS 1261 DEB
1 27901U 81031J   24092.59149407 -.00001567  00000-0 -86638-2 0  9992
2 27901  62.4711 139.4875 7355920  44.9398 355.0810  2.01202946164635
0 COSMOS 1261 DEB
1 27901U 81031J   24093.58552655 -.00001593  00000-0 -89358-2 0  9996
2 27901  62.4699 139.3366 7356556  44.9530 355.0824  2.01200167164658
0 COSMOS 1261 DEB
1 27901U 81031J   24093.58552655 -.00001593  00000-0 -89358-2 0  9996
2 27901  62.4699 139.3366 7356556  44.9530 355.0824  2.01200167164647
0 COSMOS 1261 DEB
1 27901U 81031J   24094.57958281 -.00001591  00000-0 -88616-2 0  9995
2 27901  62.4688 139.1853 7357199  44.9666 355.0904  2.01197347164675
0 COSMOS 1261 DEB
1 27901U 81031J   24095.57366050 -.00001569  00000-0 -85504-2 0  9991
2 27901  62.4677 139.0343 7357848  44.9802 355.1032  2.01194473164691
0 COSMOS 1261 DEB
1 27901U 81031J   24096.56775488 -.00001533  00000-0 -80250-2 0  9994
2 27901  62.4667 138.8834 7358499  44.9940 355.1174  2.01191564164716
0 COSMOS 1261 DEB
1 27901U 81031J   24096.56775488 -.00001533  00000-0 -80250-2 0  9994
2 27901  62.4667 138.8834 7358499  44.9940 355.1174  2.01191564164705
0 COSMOS 1261 DEB
1 27901U 81031J   24097.56186059 -.00001496  00000-0 -74228-2 0  9991
2 27901  62.4658 138.7327 7359163  45.0076 355.1291  2.01188605164737
0 COSMOS 1261 DEB
1 27901U 81031J   24098.55597266 -.00001465  00000-0 -67589-2 0  9995
2 27901  62.4650 138.5820 7359838  45.0215 355.1345  2.01185631164757
0 COSMOS 1261 DEB
1 27901U 81031J   24099.55008812 -.00001448  00000-0 -61186-2 0  9998
2 27901  62.4642 138.4314 7360518  45.0354 355.1318  2.01182672164769
0 COSMOS 1261 DEB
1 27901U 81031J   24100.54420704 -.00001450  00000-0 -56085-2 0  9993
2 27901  62.4633 138.2806 7361198  45.0497 355.1210  2.01179740164792
0 COSMOS 1261 DEB
1 27901U 81031J   24101.53833209 -.00001470  00000-0 -52526-2 0  9999
2 27901  62.4623 138.1298 7361868  45.0640 355.1044  2.01176861164818
0 COSMOS 1261 DEB
1 27901U 81031J   24102.03539830 -.00001484  00000-0 -51287-2 0  9996
2 27901  62.4618 138.0544 7362193  45.0713 355.0950  2.01175445164810
0 COSMOS 1261 DEB
1 27901U 81031J   24102.53246790 -.00001495  00000-0 -49647-2 0  9990
2 27901  62.4612 137.9789 7362516  45.0785 355.0856  2.01174051164830
0 COSMOS 1261 DEB
1 27901U 81031J   24103.52661964 -.00001516  00000-0 -47291-2 0  9991
2 27901  62.4598 137.8276 7363140  45.0931 355.0684  2.01171277164858
0 COSMOS 1261 DEB
1 27901U 81031J   24104.52079170 -.00001520  00000-0 -44301-2 0  9998
2 27901  62.4586 137.6764 7363729  45.1075 355.0558  2.01168518164863
0 COSMOS 1261 DEB
1 27901U 81031J   24104.52079170 -.00001520  00000-0 -44301-2 0  9998
2 27901  62.4586 137.6764 7363729  45.1075 355.0558  2.01168518164874
0 COSMOS 1261 DEB
1 27901U 81031J   24105.51498651 -.00001497  00000-0 -39478-2 0  9999
2 27901  62.4574 137.5253 7364291  45.1218 355.0497  2.01165787164896
0 COSMOS 1261 DEB
1 27901U 81031J   24106.50920425 -.00001454  00000-0 -34492-2 0  9992
2 27901  62.4565 137.3743 7364836  45.1360 355.0503  2.01163056164919
0 COSMOS 1261 DEB
1 27901U 81031J   24108.49769969 -.00001332  00000-0 -25155-2 0  9997
2 27901  62.4551 137.0726 7365898  45.1643 355.0663  2.01157742164940
0 COSMOS 1261 DEB
1 27901U 81031J   24108.49769969 -.00001332  00000-0 -25155-2 0  9997
2 27901  62.4551 137.0726 7365898  45.1643 355.0663  2.01157742164951
0 COSMOS 1261 DEB
1 27901U 81031J   24109.49197084 -.00001276  00000-0 -22588-2 0  9995
2 27901  62.4544 136.9217 7366421  45.1785 355.0774  2.01155145164976
0 COSMOS 1261 DEB
1 27901U 81031J   24110.48625317 -.00001224  00000-0 -20308-2 0  9992
2 27901  62.4537 136.7708 7366939  45.1928 355.0874  2.01152599164997
0 COSMOS 1261 DEB
1 27901U 81031J   24111.48054376 -.00001176  00000-0 -17331-2 0  9992
2 27901  62.4527 136.6195 7367461  45.2058 355.0944  2.01150108165006
0 COSMOS 1261 DEB
1 27901U 81031J   24111.48054376 -.00001176  00000-0 -17331-2 0  9992
2 27901  62.4527 136.6195 7367461  45.2058 355.0944  2.01150108165017
0 COSMOS 1261 DEB
1 27901U 81031J   24112.47484030 -.00001124  00000-0 -11923-2 0  9990
2 27901  62.4520 136.4685 7367987  45.2190 355.0967  2.01147712165036
0 COSMOS 1261 DEB
1 27901U 81031J   24117.44639685 -.00000990  00000-0  91699-3 0  9998
2 27901  62.4497 135.7143 7370746  45.2944 355.0310  2.01136223165121
0 COSMOS 1261 DEB
1 27901U 81031J   24117.44639685 -.00000990  00000-0  91699-3 0  9998
2 27901  62.4497 135.7143 7370746  45.2944 355.0310  2.01136223165132
0 COSMOS 1261 DEB
1 27901U 81031J   24118.93790852 -.00000972  00000-0  11045-2 0  9993
2 27901  62.4488 135.4876 7371670  45.3180 355.0059  2.01133091165165
0 COSMOS 1261 DEB
1 27901U 81031J   24119.93227183 -.00000961  00000-0  10646-2 0  9990
2 27901  62.4480 135.3363 7372304  45.3335 354.9956  2.01131005165183
0 COSMOS 1261 DEB
1 27901U 81031J   24119.93227183 -.00000961  00000-0  10646-2 0  9990
2 27901  62.4480 135.3363 7372304  45.3335 354.9956  2.01131005165172
0 COSMOS 1261 DEB
1 27901U 81031J   24122.41826365 -.00000813  00000-0  21915-2 0  9991
2 27901  62.4457 134.9574 7373889  45.3747 354.9980  2.01126340165220
0 COSMOS 1261 DEB
1 27901U 81031J   24122.41826365 -.00000813  00000-0  21915-2 0  9991
2 27901  62.4457 134.9574 7373889  45.3747 354.9980  2.01126340165231
0 COSMOS 1261 DEB
1 27901U 81031J   24124.40711674 -.00000653  00000-0  34490-2 0  9992
2 27901  62.4444 134.6542 7375198  45.4072 355.0127  2.01122889165279
0 COSMOS 1261 DEB
1 27901U 81031J   24124.40711674 -.00000653  00000-0  34490-2 0  9992
2 27901  62.4444 134.6542 7375198  45.4072 355.0127  2.01122889165268
0 COSMOS 1261 DEB
1 27901U 81031J   24129.37924043 -.00000503  00000-0  55287-2 0  9990
2 27901  62.4426 133.8980 7378522  45.4865 354.9476  2.01115823165365
0 COSMOS 1261 DEB
1 27901U 81031J   24129.37924043 -.00000503  00000-0  55287-2 0  9990
2 27901  62.4426 133.8980 7378522  45.4865 354.9476  2.01115823165376
0 COSMOS 1261 DEB
1 27901U 81031J   24130.37366760 -.00000520  00000-0  55333-2 0  9999
2 27901  62.4401 133.7450 7379112  45.5045 354.9235  2.01114728165395
0 COSMOS 1261 DEB
1 27901U 81031J   24131.36810714 -.00000506  00000-0  58284-2 0  9994
2 27901  62.4395 133.5934 7379690  45.5203 354.9043  2.01113745165417
0 COSMOS 1261 DEB
1 27901U 81031J   24132.36255840 -.00000351  00000-0  77868-2 0  9995
2 27901  62.4387 133.4416 7380245  45.5357 354.8916  2.01113594165421
0 COSMOS 1261 DEB
1 27901U 81031J   24132.36255840 -.00000351  00000-0  77868-2 0  9995
2 27901  62.4387 133.4416 7380245  45.5357 354.8916  2.01113594165432
0 COSMOS 1261 DEB
1 27901U 81031J   24133.35702555 -.00000439  00000-0  62533-2 0  9995
2 27901  62.4381 133.2900 7380792  45.5513 354.8862  2.01112022165450
0 COSMOS 1261 DEB
1 27901U 81031J   24135.34599801 -.00000419  00000-0  53169-2 0  9997
2 27901  62.4373 132.9869 7381844  45.5815 354.8928  2.01109811165483
0 COSMOS 1261 DEB
1 27901U 81031J   24135.34599801 -.00000419  00000-0  53169-2 0  9997
2 27901  62.4373 132.9869 7381844  45.5815 354.8928  2.01109811165494
0 COSMOS 1261 DEB
1 27901U 81031J   24136.34049660 -.00000380  00000-0  51145-2 0  9990
2 27901  62.4369 132.8354 7382356  45.5965 354.9004  2.01108894165511
0 COSMOS 1261 DEB
1 27901U 81031J   24137.33499909 -.00000365  00000-0  46615-2 0  9994
2 27901  62.4365 132.6839 7382862  45.6113 354.9076  2.01107896165533
0 COSMOS 1261 DEB
1 27901U 81031J   24138.32950261 -.00000359  00000-0  42144-2 0  9993
2 27901  62.4361 132.5322 7383361  45.6262 354.9121  2.01106888165547
0 COSMOS 1261 DEB
1 27901U 81031J   24138.32950261 -.00000359  00000-0  42144-2 0  9993
2 27901  62.4361 132.5322 7383361  45.6262 354.9121  2.01106888165558
0 COSMOS 1261 DEB
1 27901U 81031J   24141.31300179 -.00000349  00000-0  35898-2 0  9990
2 27901  62.4339 132.0758 7384831  45.6718 354.8959  2.01103941165601
0 COSMOS 1261 DEB
1 27901U 81031J   24141.31300179 -.00000349  00000-0  35898-2 0  9990
2 27901  62.4339 132.0758 7384831  45.6718 354.8959  2.01103941165612
0 COSMOS 1261 DEB
1 27901U 81031J   24142.30749800 -.00000374  00000-0  32368-2 0  9995
2 27901  62.4342 131.9246 7385382  45.6862 354.8803  2.01102838165632
0 COSMOS 1261 DEB
1 27901U 81031J   24144.29649364 -.00000440  00000-0  24086-2 0  9991
2 27901  62.4360 131.6213 7386537  45.7160 354.8404  2.01100627165662
0 COSMOS 1261 DEB
1 27901U 81031J   24144.29649364 -.00000440  00000-0  24086-2 0  9991
2 27901  62.4360 131.6213 7386537  45.7160 354.8404  2.01100627165673
0 COSMOS 1261 DEB
1 27901U 81031J   24146.28551835 -.00000500  00000-0  15059-2 0  9994
2 27901  62.4327 131.3168 7387688  45.7479 354.8054  2.01098354165712
0 COSMOS 1261 DEB
1 27901U 81031J   24147.28005148 -.00000507  00000-0  12027-2 0  9995
2 27901  62.4314 131.1643 7388282  45.7641 354.7962  2.01097207165720
0 COSMOS 1261 DEB
1 27901U 81031J   24147.28005148 -.00000507  00000-0  12027-2 0  9995
2 27901  62.4314 131.1643 7388282  45.7641 354.7962  2.01097207165731
0 COSMOS 1261 DEB
1 27901U 81031J   24148.27460082 -.00000498  00000-0  99187-3 0  9999
2 27901  62.4305 131.0117 7388881  45.7802 354.7941  2.01096039165751
0 COSMOS 1261 DEB
1 27901U 81031J   24149.26916481 -.00000468  00000-0  92631-3 0  9992
2 27901  62.4289 130.8588 7389472  45.7966 354.7982  2.01094896165775
0 COSMOS 1261 DEB
1 27901U 81031J   24150.26374096 -.00000428  00000-0  92740-3 0  9991
2 27901  62.4280 130.7061 7390083  45.8128 354.8063  2.01093711165789
0 COSMOS 1261 DEB
1 27901U 81031J   24150.26374096 -.00000428  00000-0  92740-3 0  9991
2 27901  62.4280 130.7061 7390083  45.8128 354.8063  2.01093711165790
0 COSMOS 1261 DEB
1 27901U 81031J   24151.25832232 -.00000355  00000-0  13118-2 0  9992
2 27901  62.4257 130.5526 7390647  45.8295 354.8141  2.01092703165819
0 COSMOS 1261 DEB
1 27901U 81031J   24152.25290374 -.00000294  00000-0  16387-2 0  9991
2 27901  62.4249 130.4000 7391270  45.8458 354.8181  2.01091703165835
0 COSMOS 1261 DEB
1 27901U 81031J   24153.24748075 -.00000275  00000-0  16524-2 0  9999
2 27901  62.4236 130.2471 7391876  45.8624 354.8149  2.01090580165845
0 COSMOS 1261 DEB
1 27901U 81031J   24153.24748075 -.00000275  00000-0  16524-2 0  9999
2 27901  62.4236 130.2471 7391876  45.8624 354.8149  2.01090580165856
0 COSMOS 1261 DEB
1 27901U 81031J   24154.24205108 -.00000261  00000-0  17870-2 0  9995
2 27901  62.4226 130.0944 7392493  45.8787 354.8033  2.01089611165871
0 COSMOS 1261 DEB
1 27901U 81031J   24155.23661539 -.00000247  00000-0  20559-2 0  9991
2 27901  62.4214 129.9413 7393092  45.8952 354.7845  2.01088835165895
0 COSMOS 1261 DEB
1 27901U 81031J   24155.73389651 -.00000249  00000-0  21262-2 0  9992
2 27901  62.4210 129.8650 7393407  45.9042 354.7732  2.01088465165898
0 COSMOS 1261 DEB
1 27901U 81031J   24155.73389651 -.00000249  00000-0  21262-2 0  9992
2 27901  62.4210 129.8650 7393407  45.9042 354.7732  2.01088465165900
0 COSMOS 1261 DEB
1 27901U 81031J   24156.23117750 -.00000251  00000-0  22142-2 0  9998
2 27901  62.4204 129.7885 7393676  45.9123 354.7615  2.01088130165910
0 COSMOS 1261 DEB
1 27901U 81031J   24156.72845962 -.00000263  00000-0  21979-2 0  9995
2 27901  62.4191 129.7119 7393976  45.9210 354.7497  2.01087773165926
0 COSMOS 1261 DEB
1 27901U 81031J   24157.22574339 -.00000280  00000-0  21103-2 0  9996
2 27901  62.4185 129.6353 7394226  45.9290 354.7385  2.01087361165935
0 COSMOS 1261 DEB
1 27901U 81031J   24157.72302904 -.00000284  00000-0  21410-2 0  9993
2 27901  62.4177 129.5585 7394508  45.9374 354.7283  2.01087076165949
0 COSMOS 1261 DEB
1 27901U 81031J   24158.22031737 -.00000279  00000-0  22312-2 0  9998
2 27901  62.4173 129.4821 7394763  45.9453 354.7195  2.01086795165947
0 COSMOS 1261 DEB
1 27901U 81031J   24158.22031737 -.00000279  00000-0  22312-2 0  9998
2 27901  62.4173 129.4821 7394763  45.9453 354.7195  2.01086795165958
0 COSMOS 1261 DEB
1 27901U 81031J   24158.71760888 -.00000275  00000-0  22723-2 0  9990
2 27901  62.4165 129.4052 7395028  45.9535 354.7123  2.01086523165962
0 COSMOS 1261 DEB
1 27901U 81031J   24159.71220187 -.00000254  00000-0  23430-2 0  9997
2 27901  62.4154 129.2521 7395525  45.9695 354.7038  2.01085972165982
0 COSMOS 1261 DEB
1 27901U 81031J   24160.20950287 -.00000238  00000-0  23774-2 0  9997
2 27901  62.4150 129.1757 7395768  45.9773 354.7025  2.01085741165995
0 COSMOS 1261 DEB
1 27901U 81031J   24161.20411429 -.00000192  00000-0  24426-2 0  9992
2 27901  62.4141 129.0226 7396237  45.9930 354.7051  2.01085291166004
0 COSMOS 1261 DEB
1 27901U 81031J   24161.20411429 -.00000192  00000-0  24426-2 0  9992
2 27901  62.4141 129.0226 7396237  45.9930 354.7051  2.01085291166015
0 COSMOS 1261 DEB
1 27901U 81031J   24162.19873520 -.00000150  00000-0  23408-2 0  9998
2 27901  62.4132 128.8695 7396704  46.0086 354.7132  2.01084815166038
0 COSMOS 1261 DEB
1 27901U 81031J   24163.19336205 -.00000107  00000-0  22041-2 0  9997
2 27901  62.4124 128.7165 7397163  46.0240 354.7242  2.01084377166059
0 COSMOS 1261 DEB
1 27901U 81031J   24164.18799133 -.00000076  00000-0  19654-2 0  9991
2 27901  62.4115 128.5634 7397613  46.0394 354.7354  2.01083916166061
0 COSMOS 1261 DEB
1 27901U 81031J   24165.18261965 -.00000051  00000-0  17434-2 0  9996
2 27901  62.4106 128.4103 7398057  46.0548 354.7444  2.01083486166090
0 COSMOS 1261 DEB
1 27901U 81031J   24166.17724467 -.00000027  00000-0  16227-2 0  9999
2 27901  62.4099 128.2571 7398500  46.0700 354.7495  2.01083111166115
0 COSMOS 1261 DEB
1 27901U 81031J   24167.17186438  .00000000  00000-0  16219-2 0  9991
2 27901  62.4091 128.1039 7398938  46.0853 354.7495  2.01082810166136
0 COSMOS 1261 DEB
1 27901U 81031J   24168.16647846  .00000022  00000-0  16754-2 0  9994
2 27901  62.4084 127.9507 7399386  46.1005 354.7441  2.01082548166154
0 COSMOS 1261 DEB
1 27901U 81031J   24169.16108743  .00000026  00000-0  16131-2 0  9996
2 27901  62.4078 127.7976 7399855  46.1157 354.7339  2.01082249166170
0 COSMOS 1261 DEB
1 27901U 81031J   24170.15569269  .00000002  00000-0  13249-2 0  9992
2 27901  62.4072 127.6444 7400339  46.1311 354.7200  2.01081862166183
0 COSMOS 1261 DEB
1 27901U 81031J   24171.15029676 -.00000019  00000-0  10626-2 0  9991
2 27901  62.4065 127.4910 7400840  46.1467 354.7045  2.01081552166217
0 COSMOS 1261 DEB
1 27901U 81031J   24172.14490337 -.00000045  00000-0  71931-3 0  9993
2 27901  62.4056 127.3374 7401356  46.1625 354.6900  2.01081238166231
0 COSMOS 1261 DEB
1 27901U 81031J   24173.13951590 -.00000032  00000-0  66878-3 0  9996
2 27901  62.4044 127.1835 7401876  46.1786 354.6792  2.01081145166240
0 COSMOS 1261 DEB
1 27901U 81031J   24173.13951590 -.00000032  00000-0  66878-3 0  9996
2 27901  62.4044 127.1835 7401876  46.1786 354.6792  2.01081145166251
0 COSMOS 1261 DEB
1 27901U 81031J   24174.13413769  .00000000  00000-0  71012-3 0  9998
2 27901  62.4032 127.0294 7402397  46.1947 354.6742  2.01081124166278
0 COSMOS 1261 DEB
1 27901U 81031J   24175.12877063  .00000043  00000-0  76309-3 0  9990
2 27901  62.4019 126.8752 7402918  46.2109 354.6763  2.01081099166295
0 COSMOS 1261 DEB
1 27901U 81031J   24176.12341328  .00000096  00000-0  83276-3 0  9990
2 27901  62.4006 126.7209 7403437  46.2272 354.6852  2.01081102166301
0 COSMOS 1261 DEB
1 27901U 81031J   24176.12341328  .00000096  00000-0  83276-3 0  9990
2 27901  62.4006 126.7209 7403437  46.2272 354.6852  2.01081102166312
0 COSMOS 1261 DEB
1 27901U 81031J   24177.11806231  .00000169  00000-0  10129-2 0  9996
2 27901  62.3995 126.5666 7403964  46.2434 354.6989  2.01081206166336
0 COSMOS 1261 DEB
1 27901U 81031J   24178.11271212  .00000255  00000-0  12992-2 0  9998
2 27901  62.3986 126.4124 7404496  46.2596 354.7138  2.01081441166354
0 COSMOS 1261 DEB
1 27901U 81031J   24179.10735651  .00000338  00000-0  15979-2 0  9990
2 27901  62.3976 126.2582 7405032  46.2757 354.7258  2.01081780166365
0 COSMOS 1261 DEB
1 27901U 81031J   24179.10735651  .00000338  00000-0  15979-2 0  9990
2 27901  62.3976 126.2582 7405032  46.2757 354.7258  2.01081780166376
0 COSMOS 1261 DEB
1 27901U 81031J   24180.10199136  .00000413  00000-0  19291-2 0  9999
2 27901  62.3969 126.1042 7405577  46.2918 354.7314  2.01082215166390
0 COSMOS 1261 DEB
1 27901U 81031J   24181.09661030  .00000475  00000-0  22628-2 0  9991
2 27901  62.3962 125.9499 7406116  46.3083 354.7286  2.01082892166412
0 COSMOS 1261 DEB
1 27901U 81031J   24181.59391536  .00000504  00000-0  24544-2 0  9999
2 27901  62.3954 125.8729 7406404  46.3164 354.7242  2.01083239166416
0 COSMOS 1261 DEB
1 27901U 81031J   24181.59391536  .00000504  00000-0  24544-2 0  9999
2 27901  62.3954 125.8729 7406404  46.3164 354.7242  2.01083239166427
0 COSMOS 1261 DEB
1 27901U 81031J   24182.09121582  .00000506  00000-0  24594-2 0  9994
2 27901  62.3950 125.7955 7406643  46.3244 354.7180  2.01083621166434
0 COSMOS 1261 DEB
1 27901U 81031J   24183.08580944  .00000494  00000-0  23943-2 0  9998
2 27901  62.3939 125.6410 7407156  46.3408 354.7022  2.01084370166457
0 COSMOS 1261 DEB
1 27901U 81031J   24184.08039730  .00000484  00000-0  23721-2 0  9994
2 27901  62.3927 125.4864 7407642  46.3570 354.6852  2.01085257166461
0 COSMOS 1261 DEB
1 27901U 81031J   24184.08039730  .00000484  00000-0  23721-2 0  9994
2 27901  62.3927 125.4864 7407642  46.3570 354.6852  2.01085257166472
0 COSMOS 1261 DEB
1 27901U 81031J   24184.57769051  .00000474  00000-0  23053-2 0  9991
2 27901  62.3920 125.4093 7407880  46.3651 354.6776  2.01085729166483
0 COSMOS 1261 DEB
1 27901U 81031J   24185.57227891  .00000477  00000-0  22798-2 0  9991
2 27901  62.3910 125.2546 7408322  46.3809 354.6666  2.01086733166507
0 COSMOS 1261 DEB
1 27901U 81031J   24186.06957533  .00000491  00000-0  23194-2 0  9996
2 27901  62.3906 125.1772 7408542  46.3887 354.6638  2.01087260166518
0 COSMOS 1261 DEB
1 27901U 81031J   24186.56687235  .00000495  00000-0  22498-2 0  9990
2 27901  62.3901 125.1001 7408743  46.3965 354.6630  2.01087784166511
0 COSMOS 1261 DEB
1 27901U 81031J   24186.56687235  .00000495  00000-0  22498-2 0  9990
2 27901  62.3901 125.1001 7408743  46.3965 354.6630  2.01087784166522
0 COSMOS 1261 DEB
1 27901U 81031J   24187.06417118  .00000526  00000-0  23421-2 0  9999
2 27901  62.3898 125.0226 7408957  46.4042 354.6642  2.01088406166535
0 COSMOS 1261 DEB
1 27901U 81031J   24188.05877213  .00000586  00000-0  24236-2 0  9996
2 27901  62.3892 124.8681 7409363  46.4195 354.6724  2.01089660166558
0 COSMOS 1261 DEB
1 27901U 81031J   24189.05337493  .00000624  00000-0  22355-2 0  9991
2 27901  62.3887 124.7137 7409763  46.4345 354.6868  2.01090825166563
0 COSMOS 1261 DEB
1 27901U 81031J   24189.05337493  .00000624  00000-0  22355-2 0  9991
2 27901  62.3887 124.7137 7409763  46.4345 354.6868  2.01090825166574
0 COSMOS 1261 DEB
1 27901U 81031J   24190.04797601  .00000699  00000-0  22618-2 0  9997
2 27901  62.3882 124.5593 7410155  46.4494 354.7047  2.01092240166590
0 COSMOS 1261 DEB
1 27901U 81031J   24191.04257093  .00000754  00000-0  21495-2 0  9998
2 27901  62.3877 124.4047 7410533  46.4642 354.7235  2.01093643166612
0 COSMOS 1261 DEB
1 27901U 81031J   24192.03715686  .00000801  00000-0  20264-2 0  9991
2 27901  62.3872 124.2501 7410905  46.4789 354.7404  2.01095064166623
0 COSMOS 1261 DEB
1 27901U 81031J   24192.03715686  .00000801  00000-0  20264-2 0  9991
2 27901  62.3872 124.2501 7410905  46.4789 354.7404  2.01095064166634
0 COSMOS 1261 DEB
1 27901U 81031J   24193.03172988  .00000855  00000-0  20247-2 0  9994
2 27901  62.3867 124.0954 7411270  46.4934 354.7535  2.01096633166656
0 COSMOS 1261 DEB
1 27901U 81031J   24194.52356238  .00000963  00000-0  23679-2 0  9993
2 27901  62.3861 123.8632 7411804  46.5151 354.7636  2.01099277166687
0 COSMOS 1261 DEB
1 27901U 81031J   24194.52356238  .00000963  00000-0  23679-2 0  9993
2 27901  62.3861 123.8632 7411804  46.5151 354.7636  2.01099277166676
0 COSMOS 1261 DEB
1 27901U 81031J   24195.02083154  .00000975  00000-0  23455-2 0  9998
2 27901  62.3860 123.7859 7412007  46.5224 354.7643  2.01100144166698
0 COSMOS 1261 DEB
1 27901U 81031J   24196.01535839  .00001046  00000-0  26739-2 0  9998
2 27901  62.3858 123.6311 7412392  46.5369 354.7619  2.01102174166715
0 COSMOS 1261 DEB
1 27901U 81031J   24196.51261642  .00001057  00000-0  26787-2 0  9996
2 27901  62.3857 123.5537 7412580  46.5441 354.7592  2.01103062166721
0 COSMOS 1261 DEB
1 27901U 81031J   24197.00987015  .00001062  00000-0  26368-2 0  9991
2 27901  62.3857 123.4764 7412797  46.5514 354.7557  2.01104053166725
0 COSMOS 1261 DEB
1 27901U 81031J   24197.00987015  .00001062  00000-0  26368-2 0  9991
2 27901  62.3857 123.4764 7412797  46.5514 354.7557  2.01104053166736
0 COSMOS 1261 DEB
1 27901U 81031J   24197.50712151  .00001084  00000-0  27190-2 0  9991
2 27901  62.3858 123.3993 7412999  46.5585 354.7518  2.01105084166745
0 COSMOS 1261 DEB
1 27901U 81031J   24198.00436893  .00001049  00000-0  24038-2 0  9992
2 27901  62.3857 123.3216 7413231  46.5660 354.7475  2.01105924166752
0 COSMOS 1261 DEB
1 27901U 81031J   24198.99885650  .00001067  00000-0  23637-2 0  9993
2 27901  62.3853 123.1664 7413670  46.5808 354.7398  2.01108128166779
0 COSMOS 1261 DEB
1 27901U 81031J   24199.99333778  .00001153  00000-0  27235-2 0  9997
2 27901  62.3847 123.0109 7414109  46.5959 354.7351  2.01110744166798
0 COSMOS 1261 DEB
1 27901U 81031J   24200.98781526  .00001201  00000-0  27857-2 0  9991
2 27901  62.3840 122.8552 7414553  46.6110 354.7357  2.01113206166818
0 COSMOS 1261 DEB
1 27901U 81031J   24201.98228971  .00001216  00000-0  25685-2 0  9995
2 27901  62.3832 122.6991 7415011  46.6263 354.7431  2.01115540166831
0 COSMOS 1261 DEB
1 27901U 81031J   24202.97675714  .00001170  00000-0  19182-2 0  9990
2 27901  62.3834 122.5444 7415412  46.6402 354.7574  2.01117982166846
0 COSMOS 1261 DEB
1 27901U 81031J   24202.97675714  .00001170  00000-0  19182-2 0  9990
2 27901  62.3834 122.5444 7415412  46.6402 354.7574  2.01117982166857
0 COSMOS 1261 DEB
1 27901U 81031J   24204.46845771  .00001505  00000-0  34534-2 0  9998
2 27901  62.3823 122.3101 7416194  46.6636 354.7880  2.01121967166881
0 COSMOS 1261 DEB
1 27901U 81031J   24204.96568487  .00001571  00000-0  36687-2 0  9993
2 27901  62.3821 122.2323 7416436  46.6714 354.7988  2.01123452166891
0 COSMOS 1261 DEB
1 27901U 81031J   24205.96012599  .00001771  00000-0  45387-2 0  9991
2 27901  62.3814 122.0761 7416939  46.6871 354.8185  2.01126612166902
0 COSMOS 1261 DEB
1 27901U 81031J   24205.96012599  .00001771  00000-0  45387-2 0  9991
2 27901  62.3814 122.0761 7416939  46.6871 354.8185  2.01126612166913
0 COSMOS 1261 DEB
1 27901U 81031J   24206.95454301  .00001783  00000-0  43067-2 0  9998
2 27901  62.3815 121.9199 7417483  46.7023 354.8325  2.01129619166930
0 COSMOS 1261 DEB
1 27901U 81031J   24206.95454301  .00001783  00000-0  43067-2 0  9998
2 27901  62.3815 121.9199 7417483  46.7023 354.8325  2.01129619166929
0 COSMOS 1261 DEB
1 27901U 81031J   24209.93762658  .00001509  00000-0  23967-2 0  9999
2 27901  62.3804 121.4508 7418875  46.7487 354.8257  2.01138990166988
0 COSMOS 1261 DEB
1 27901U 81031J   24210.93194471  .00001525  00000-0  25379-2 0  9990
2 27901  62.3803 121.2944 7419280  46.7636 354.8137  2.01142238167018
0 COSMOS 1261 DEB
1 27901U 81031J   24211.42909843  .00001558  00000-0  27521-2 0  9999
2 27901  62.3801 121.2159 7419467  46.7713 354.8081  2.01143898167029
0 COSMOS 1261 DEB
1 27901U 81031J   24211.92624952  .00001578  00000-0  28782-2 0  9991
2 27901  62.3793 121.1380 7419625  46.7794 354.8033  2.01145552167036
0 COSMOS 1261 DEB
1 27901U 81031J   24212.42339900  .00001657  00000-0  33233-2 0  9998
2 27901  62.3793 121.0597 7419818  46.7866 354.8002  2.01147291167037
0 COSMOS 1261 DEB
1 27901U 81031J   24212.42339900  .00001657  00000-0  33233-2 0  9998
2 27901  62.3793 121.0597 7419818  46.7866 354.8002  2.01147291167048
0 COSMOS 1261 DEB
1 27901U 81031J   24212.92054594  .00001719  00000-0  36488-2 0  9990
2 27901  62.3795 120.9817 7420031  46.7938 354.7988  2.01149222167051
0 COSMOS 1261 DEB
1 27901U 81031J   24213.41769136  .00001802  00000-0  40664-2 0  9994
2 27901  62.3795 120.9033 7420218  46.8010 354.7994  2.01151083167066
0 COSMOS 1261 DEB
1 27901U 81031J   24213.91483449  .00001819  00000-0  40867-2 0  9992
2 27901  62.3796 120.8253 7420417  46.8082 354.8020  2.01152985167074
0 COSMOS 1261 DEB
1 27901U 81031J   24214.90911406  .00001856  00000-0  40681-2 0  9996
2 27901  62.3796 120.6689 7420784  46.8222 354.8132  2.01156818167093
0 COSMOS 1261 DEB
1 27901U 81031J   24214.90911406  .00001856  00000-0  40681-2 0  9996
2 27901  62.3796 120.6689 7420784  46.8222 354.8132  2.01156818167082
0 COSMOS 1261 DEB
1 27901U 81031J   24215.90338191  .00001939  00000-0  42328-2 0  9993
2 27901  62.3796 120.5125 7421119  46.8360 354.8310  2.01161005167118
0 COSMOS 1261 DEB
1 27901U 81031J   24216.40051027  .00001929  00000-0  40157-2 0  9996
2 27901  62.3796 120.4341 7421256  46.8427 354.8417  2.01162993167129
0 COSMOS 1261 DEB
1 27901U 81031J   24216.89763442  .00001961  00000-0  40228-2 0  9995
2 27901  62.3797 120.3561 7421432  46.8494 354.8529  2.01165117167139
0 COSMOS 1261 DEB
1 27901U 81031J   24217.89186718  .00002123  00000-0  45780-2 0  9990
2 27901  62.3798 120.1997 7421724  46.8624 354.8760  2.01169661167146
0 COSMOS 1261 DEB
1 27901U 81031J   24217.89186718  .00002123  00000-0  45780-2 0  9990
2 27901  62.3798 120.1997 7421724  46.8624 354.8760  2.01169661167157
0 COSMOS 1261 DEB
1 27901U 81031J   24218.88607826  .00001993  00000-0  35878-2 0  9999
2 27901  62.3805 120.0435 7422029  46.8751 354.8975  2.01173401167179
0 COSMOS 1261 DEB
1 27901U 81031J   24219.88026344  .00001995  00000-0  33821-2 0  9998
2 27901  62.3815 119.8875 7422348  46.8879 354.9152  2.01177498167199
0 COSMOS 1261 DEB
1 27901U 81031J   24219.88026344  .00001995  00000-0  33821-2 0  9998
2 27901  62.3815 119.8875 7422348  46.8879 354.9152  2.01177498167188
0 COSMOS 1261 DEB
1 27901U 81031J   24220.87442142  .00002056  00000-0  35755-2 0  9994
2 27901  62.3823 119.7314 7422639  46.9006 354.9277  2.01181714167218
0 COSMOS 1261 DEB
1 27901U 81031J   24221.86855071  .00002217  00000-0  43624-2 0  9996
2 27901  62.3834 119.5750 7422971  46.9138 354.9344  2.01186281167238
0 COSMOS 1261 DEB
1 27901U 81031J   24222.86264986  .00002294  00000-0  47527-2 0  9997
2 27901  62.3832 119.4179 7423330  46.9285 354.9356  2.01190928167240
0 COSMOS 1261 DEB
1 27901U 81031J   24222.86264986  .00002294  00000-0  47527-2 0  9997
2 27901  62.3832 119.4179 7423330  46.9285 354.9356  2.01190928167251
0 COSMOS 1261 DEB
1 27901U 81031J   24223.85671844  .00002430  00000-0  54872-2 0  9995
2 27901  62.3843 119.2611 7423609  46.9402 354.9326  2.01196045167277
0 COSMOS 1261 DEB
1 27901U 81031J   24225.84476841  .00002754  00000-0  71867-2 0  9998
2 27901  62.3840 118.9437 7424284  46.9690 354.9209  2.01207459167312
0 COSMOS 1261 DEB
1 27901U 81031J   24225.84476841  .00002754  00000-0  71867-2 0  9998
2 27901  62.3840 118.9437 7424284  46.9690 354.9209  2.01207459167301
0 COSMOS 1261 DEB
1 27901U 81031J   24226.83875445  .00002447  00000-0  56391-2 0  9995
2 27901  62.3842 118.7863 7424630  46.9823 354.9173  2.01212537167333
0 COSMOS 1261 DEB
1 27901U 81031J   24227.83272008  .00002135  00000-0  40689-2 0  9999
2 27901  62.3839 118.6277 7425020  46.9937 354.9187  2.01217510167349
0 COSMOS 1261 DEB
1 27901U 81031J   24227.83272008  .00002135  00000-0  40689-2 0  9999
2 27901  62.3839 118.6277 7425020  46.9937 354.9187  2.01217510167350
0 COSMOS 1261 DEB
1 27901U 81031J   24228.82667046  .00001974  00000-0  32384-2 0  9992
2 27901  62.3846 118.4703 7425455  47.0078 354.9262  2.01222274167379
0 COSMOS 1261 DEB
1 27901U 81031J   24229.82060844  .00001978  00000-0  31970-2 0  9990
2 27901  62.3858 118.3135 7425941  47.0207 354.9405  2.01226912167398
0 COSMOS 1261 DEB
1 27901U 81031J   24231.80843939  .00002267  00000-0  44086-2 0  9999
2 27901  62.3869 117.9988 7427021  47.0479 354.9830  2.01236011167420
0 COSMOS 1261 DEB
1 27901U 81031J   24231.80843939  .00002267  00000-0  44086-2 0  9999
2 27901  62.3869 117.9988 7427021  47.0479 354.9830  2.01236011167431
0 COSMOS 1261 DEB
1 27901U 81031J   24232.80231923  .00002583  00000-0  58118-2 0  9996
2 27901  62.3856 117.8392 7427554  47.0604 355.0046  2.01241345167455
0 COSMOS 1261 DEB
1 27901U 81031J   24234.78996707  .00002640  00000-0  61290-2 0  9992
2 27901  62.3834 117.5181 7428449  47.0914 355.0279  2.01252774167481
0 COSMOS 1261 DEB
1 27901U 81031J   24234.78996707  .00002640  00000-0  61290-2 0  9992
2 27901  62.3834 117.5181 7428449  47.0914 355.0279  2.01252774167492
0 COSMOS 1261 DEB
1 27901U 81031J   24235.78373074  .00002336  00000-0  49316-2 0  9996
2 27901  62.3839 117.3583 7428855  47.1070 355.0263  2.01257968167512
0 COSMOS 1261 DEB
1 27901U 81031J   24237.77116168  .00001831  00000-0  32648-2 0  9995
2 27901  62.3863 117.0436 7429680  47.1367 355.0040  2.01267043167540
0 COSMOS 1261 DEB
1 27901U 81031J   24237.77116168  .00001831  00000-0  32648-2 0  9995
2 27901  62.3863 117.0436 7429680  47.1367 355.0040  2.01267043167551
0 COSMOS 1261 DEB
1 27901U 81031J   24238.76484372  .00001813  00000-0  34999-2 0  9991
2 27901  62.3873 116.8861 7430106  47.1494 354.9913  2.01271398167574
0 COSMOS 1261 DEB
1 27901U 81031J   24239.26167816  .00001876  00000-0  39228-2 0  9997
2 27901  62.3884 116.8092 7430244  47.1651 354.9850  2.01273694167582
0 COSMOS 1261 DEB
1 27901U 81031J   24239.26167816  .00001876  00000-0  39228-2 0  9997
2 27901  62.3884 116.8092 7430244  47.1651 354.9850  2.01273694167571
0 COSMOS 1261 DEB
1 27901U 81031J   24240.25533928  .00001966  00000-0  45530-2 0  9992
2 27901  62.3897 116.6572 7430689  47.1760 354.9805  2.01278268167606
0 COSMOS 1261 DEB
1 27901U 81031J   24241.24898622  .00002213  00000-0  57574-2 0  9994
2 27901  62.3907 116.4969 7431129  47.1886 354.9837  2.01283507167624
0 COSMOS 1261 DEB
1 27901U 81031J   24241.74580407  .00002192  00000-0  57301-2 0  9992
2 27901  62.3899 116.4144 7431332  47.1945 354.9884  2.01285904167637
0 COSMOS 1261 DEB
1 27901U 81031J   24242.24261701  .00002235  00000-0  59507-2 0  9999
2 27901  62.3897 116.3352 7431522  47.2015 354.9945  2.01288695167644
0 COSMOS 1261 DEB
1 27901U 81031J   24243.23622996  .00002109  00000-0  54997-2 0  9994
2 27901  62.3900 116.1762 7431848  47.2145 355.0110  2.01293661167664
0 COSMOS 1261 DEB
1 27901U 81031J   24244.22982115  .00002258  00000-0  61520-2 0  9991
2 27901  62.3902 116.0175 7432138  47.2270 355.0307  2.01299122167672
0 COSMOS 1261 DEB
1 27901U 81031J   24245.22338965  .00002083  00000-0  54973-2 0  9990
2 27901  62.3903 115.8592 7432484  47.2402 355.0505  2.01303646167705
0 COSMOS 1261 DEB
1 27901U 81031J   24245.72016364  .00002041  00000-0  53704-2 0  9996
2 27901  62.3930 115.7808 7432663  47.2454 355.0597  2.01306026167706
0 COSMOS 1261 DEB
1 27901U 81031J   24245.72016364  .00002041  00000-0  53704-2 0  9996
2 27901  62.3930 115.7808 7432663  47.2454 355.0597  2.01306026167717
0 COSMOS 1261 DEB
1 27901U 81031J   24246.21693016  .00001948  00000-0  50667-2 0  9996
2 27901  62.3908 115.7016 7432726  47.2505 355.0677  2.01308125167722
0 COSMOS 1261 DEB
1 27901U 81031J   24246.71369027  .00001915  00000-0  50000-2 0  9998
2 27901  62.3908 115.6222 7432909  47.2569 355.0746  2.01310347167730
0 COSMOS 1261 DEB
1 27901U 81031J   24247.21044253  .00001863  00000-0  48785-2 0  9994
2 27901  62.3921 115.5433 7433067  47.2627 355.0803  2.01312555167736
0 COSMOS 1261 DEB
1 27901U 81031J   24247.21044253  .00001863  00000-0  48785-2 0  9994
2 27901  62.3921 115.5433 7433067  47.2627 355.0803  2.01312555167747
0 COSMOS 1261 DEB
1 27901U 81031J   24247.70718750  .00001990  00000-0  54786-2 0  9997
2 27901  62.3925 115.4644 7433204  47.2684 355.0843  2.01314983167752
0 COSMOS 1261 DEB
1 27901U 81031J   24248.20392455  .00002027  00000-0  57300-2 0  9990
2 27901  62.3927 115.3850 7433368  47.2750 355.0869  2.01317314167767
0 COSMOS 1261 DEB
1 27901U 81031J   24249.19737667  .00001944  00000-0  56560-2 0  9991
2 27901  62.3938 115.2267 7433707  47.2873 355.0876  2.01321716167784
0 COSMOS 1261 DEB
1 27901U 81031J   24249.69409162  .00001909  00000-0  56610-2 0  9999
2 27901  62.3939 115.1471 7433868  47.2935 355.0858  2.01323896167789
0 COSMOS 1261 DEB
1 27901U 81031J   24249.69409162  .00001909  00000-0  56610-2 0  9999
2 27901  62.3939 115.1471 7433868  47.2935 355.0858  2.01323896167790
0 COSMOS 1261 DEB
1 27901U 81031J   24250.19079868  .00001901  00000-0  57755-2 0  9995
2 27901  62.3934 115.0671 7434004  47.3002 355.0827  2.01326190167803
0 COSMOS 1261 DEB
1 27901U 81031J   24250.68749953  .00001879  00000-0  58331-2 0  9993
2 27901  62.3936 114.9872 7434208  47.3068 355.0788  2.01328459167811
0 COSMOS 1261 DEB
1 27901U 81031J   24251.68088169  .00001847  00000-0  60022-2 0  9994
2 27901  62.3939 114.8276 7434561  47.3199 355.0687  2.01332907167831
0 COSMOS 1261 DEB
1 27901U 81031J   24252.17756376  .00001765  00000-0  58363-2 0  9995
2 27901  62.3932 114.7472 7434743  47.3271 355.0632  2.01335038167832
0 COSMOS 1261 DEB
1 27901U 81031J   24252.17756376  .00001765  00000-0  58363-2 0  9995
2 27901  62.3932 114.7472 7434743  47.3271 355.0632  2.01335038167843
0 COSMOS 1261 DEB
1 27901U 81031J   24253.17091309  .00001649  00000-0  56704-2 0  9992
2 27901  62.3931 114.5872 7435101  47.3403 355.0527  2.01339253167868
0 COSMOS 1261 DEB
1 27901U 81031J   24255.15756734  .00001187  00000-0  44274-2 0  9998
2 27901  62.3934 114.2672 7435891  47.3662 355.0425  2.01346614167898
0 COSMOS 1261 DEB
1 27901U 81031J   24256.15088150  .00000889  00000-0  35360-2 0  9993
2 27901  62.3936 114.1076 7436332  47.3791 355.0461  2.01349472167920
0 COSMOS 1261 DEB
1 27901U 81031J   24256.64753491  .00001520  00000-0  58523-2 0  9993
2 27901  62.3945 114.0281 7436570  47.3856 355.0504  2.01352213167939
0 COSMOS 1261 DEB
1 27901U 81031J   24257.14418948  .00001081  00000-0  43465-2 0  9995
2 27901  62.3938 113.9436 7436918  47.3877 355.0570  2.01352859167939
0 COSMOS 1261 DEB
1 27901U 81031J   24257.64084061  .00000975  00000-0  40474-2 0  9993
2 27901  62.3977 113.8728 7437064  47.4034 355.0623  2.01354054167943
0 COSMOS 1261 DEB
1 27901U 81031J   24258.13748926  .00001063  00000-0  43957-2 0  9993
2 27901  62.3972 113.7903 7437406  47.4068 355.0708  2.01355787167969
0 COSMOS 1261 DEB
1 27901U 81031J   24258.63413617  .00001025  00000-0  43142-2 0  9998
2 27901  62.3976 113.7115 7437675  47.4150 355.0788  2.01356985167978
0 COSMOS 1261 DEB
1 27901U 81031J   24259.13078110  .00000891  00000-0  39001-2 0  9998
2 27901  62.3970 113.6306 7437984  47.4215 355.0872  2.01357821167972
0 COSMOS 1261 DEB
1 27901U 81031J   24259.62742226  .00001083  00000-0  45979-2 0  9993
2 27901  62.3971 113.5507 7438279  47.4292 355.0948  2.01359173167996
0 COSMOS 1261 DEB
1 27901U 81031J   24260.12405877  .00001226  00000-0  51331-2 0  9996
2 27901  62.3957 113.4702 7438528  47.4385 355.1009  2.01360468168007
0 COSMOS 1261 DEB
1 27901U 81031J   24261.11731567  .00001234  00000-0  52714-2 0  9999
2 27901  62.3944 113.3087 7439094  47.4549 355.1087  2.01362927168029
0 COSMOS 1261 DEB
1 27901U 81031J   24261.61393126  .00002045  00000-0  79984-2 0  9998
2 27901  62.3936 113.2274 7439334  47.4624 355.1094  2.01366024168028
0 COSMOS 1261 DEB
1 27901U 81031J   24261.61393126  .00002045  00000-0  79984-2 0  9998
2 27901  62.3936 113.2274 7439334  47.4624 355.1094  2.01366024168039
0 COSMOS 1261 DEB
1 27901U 81031J   24263.10374705  .00000586  00000-0  35643-2 0  9998
2 27901  62.3907 112.9857 7439998  47.4896 355.0967  2.01367701168050
0 COSMOS 1261 DEB
1 27901U 81031J   24263.60034169  .00000367  00000-0  29928-2 0  9996
2 27901  62.3910 112.9057 7440232  47.4973 355.0886  2.01368397168079
0 COSMOS 1261 DEB
1 27901U 81031J   24264.59352166 -.00000034  00000-0  20029-2 0  9990
2 27901  62.3900 112.7416 7440769  47.5074 355.0697  2.01369241168094
0 COSMOS 1261 DEB
1 27901U 81031J   24264.59352166 -.00000034  00000-0  20029-2 0  9990
2 27901  62.3900 112.7416 7440769  47.5074 355.0697  2.01369241168083
0 COSMOS 1261 DEB
1 27901U 81031J   24265.58669844 -.00000232  00000-0  16665-2 0  9995
2 27901  62.3900 112.5815 7441280  47.5219 355.0488  2.01369604168119
0 COSMOS 1261 DEB
1 27901U 81031J   24266.57987940 -.00000227  00000-0  19295-2 0  9991
2 27901  62.3908 112.4226 7441820  47.5371 355.0311  2.01369865168137
0 COSMOS 1261 DEB
1 27901U 81031J   24267.07647262 -.00000131  00000-0  23187-2 0  9996
2 27901  62.3905 112.3421 7442084  47.5452 355.0246  2.01370112168137
0 COSMOS 1261 DEB
1 27901U 81031J   24267.57306780  .00000119  00000-0  31543-2 0  9998
2 27901  62.3902 112.2619 7442315  47.5532 355.0199  2.01370843168158
0 COSMOS 1261 DEB
1 27901U 81031J   24268.56626344  .00000072  00000-0  31211-2 0  9999
2 27901  62.3894 112.1008 7442798  47.5695 355.0167  2.01371261168176
0 COSMOS 1261 DEB
1 27901U 81031J   24269.55946275  .00000264  00000-0  37267-2 0  9997
2 27901  62.3882 111.9401 7443232  47.5849 355.0211  2.01372609168180
0 COSMOS 1261 DEB
1 27901U 81031J   24269.55946275  .00000264  00000-0  37267-2 0  9997
2 27901  62.3882 111.9401 7443232  47.5849 355.0211  2.01372609168191
0 COSMOS 1261 DEB
1 27901U 81031J   24270.55266370  .00000171  00000-0  34529-2 0  9995
2 27901  62.3870 111.7791 7443629  47.5998 355.0309  2.01373500168215
0 COSMOS 1261 DEB
1 27901U 81031J   24271.54586234  .00000002  00000-0  29460-2 0  9990
2 27901  62.3858 111.6178 7443988  47.6148 355.0429  2.01374268168232
0 COSMOS 1261 DEB
1 27901U 81031J   24272.04246064 -.00000030  00000-0  28418-2 0  9994
2 27901  62.3847 111.5373 7444162  47.6202 355.0491  2.01374503168233
0 COSMOS 1261 DEB
1 27901U 81031J   24272.53905782 -.00000162  00000-0  24598-2 0  9998
2 27901  62.3850 111.4575 7444343  47.6281 355.0544  2.01374525168253
0 COSMOS 1261 DEB
1 27901U 81031J   24273.53224750 -.00000059  00000-0  27386-2 0  9991
2 27901  62.3846 111.2975 7444713  47.6412 355.0625  2.01374939168278
0 COSMOS 1261 DEB
1 27901U 81031J   24274.52543025 -.00000171  00000-0  24452-2 0  9996
2 27901  62.3845 111.1376 7445094  47.6556 355.0653  2.01374789168288
0 COSMOS 1261 DEB
1 27901U 81031J   24274.52543025 -.00000171  00000-0  24452-2 0  9996
2 27901  62.3845 111.1376 7445094  47.6556 355.0653  2.01374789168299
0 COSMOS 1261 DEB
1 27901U 81031J   24275.51860494 -.00000208  00000-0  23875-2 0  9997
2 27901  62.3841 110.9772 7445479  47.6708 355.0619  2.01374682168315
0 COSMOS 1261 DEB
1 27901U 81031J   24276.01518937 -.00000108  00000-0  26878-2 0  9990
2 27901  62.3839 110.8974 7445682  47.6784 355.0580  2.01374780168322
0 COSMOS 1261 DEB
1 27901U 81031J   24277.00835323  .00000276  00000-0  37825-2 0  9990
2 27901  62.3832 110.7367 7446091  47.6940 355.0460  2.01375280168333
0 COSMOS 1261 DEB
1 27901U 81031J   24277.50493234 -.00000047  00000-0  29488-2 0  9999
2 27901  62.3825 110.6560 7446292  47.7027 355.0382  2.01374819168351
0 COSMOS 1261 DEB
1 27901U 81031J   24278.49808737  .00000060  00000-0  32899-2 0  9990
2 27901  62.3805 110.4944 7446710  47.7190 355.0204  2.01375106168374
0 COSMOS 1261 DEB
1 27901U 81031J   24279.49124062 -.00000049  00000-0  30445-2 0  9996
2 27901  62.3790 110.3326 7447122  47.7364 355.0013  2.01375024168389
0 COSMOS 1261 DEB
1 27901U 81031J   24279.49124062 -.00000049  00000-0  30445-2 0  9996
2 27901  62.3790 110.3326 7447122  47.7364 355.0013  2.01375024168390
0 COSMOS 1261 DEB
1 27901U 81031J   24281.47755547 -.00000101  00000-0  29115-2 0  9996
2 27901  62.3763 110.0101 7448021  47.7691 354.9693  2.01374917168437
0 COSMOS 1261 DEB
1 27901U 81031J   24281.97413865 -.00000177  00000-0  27029-2 0  9990
2 27901  62.3748 109.9282 7448236  47.7788 354.9638  2.01374666168432
0 COSMOS 1261 DEB
1 27901U 81031J   24281.97413865 -.00000177  00000-0  27029-2 0  9990
2 27901  62.3748 109.9282 7448236  47.7788 354.9638  2.01374666168443
0 COSMOS 1261 DEB
1 27901U 81031J   24283.46390328 -.00000555  00000-0  16724-2 0  9994
2 27901  62.3733 109.6881 7449084  47.7939 354.9593  2.01374005168479
0 COSMOS 1261 DEB
1 27901U 81031J   24283.46390328 -.00000555  00000-0  16724-2 0  9994
2 27901  62.3733 109.6881 7449084  47.7939 354.9593  2.01374005168468
0 COSMOS 1261 DEB
1 27901U 81031J   24284.45709618 -.00000781  00000-0  10520-2 0  9999
2 27901  62.3731 109.5274 7449572  47.8201 354.9615  2.01372357168481
0 COSMOS 1261 DEB
1 27901U 81031J   24285.45030018 -.00000124  00000-0  25179-2 0  9998
2 27901  62.3710 109.3659 7450181  47.8353 354.9697  2.01372079168514
0 COSMOS 1261 DEB
1 27901U 81031J   24286.44350870 -.00000315  00000-0  19432-2 0  9996
2 27901  62.3694 109.2061 7451006  47.8300 354.9822  2.01371571168527
0 COSMOS 1261 DEB
1 27901U 81031J   24286.44350870 -.00000315  00000-0  19432-2 0  9996
2 27901  62.3694 109.2061 7451006  47.8300 354.9822  2.01371571168538
0 COSMOS 1261 DEB
1 27901U 81031J   24288.92651835 -.00000054  00000-0  23594-2 0  9990
2 27901  62.3680 108.7999 7452056  47.9377 354.9737  2.01368861168575
0 COSMOS 1261 DEB
1 27901U 81031J   24294.38904640  .00000577  00000-0  35866-2 0  9996
2 27901  62.3563 107.9104 7455095  48.0138 354.8528  2.01366906168695
0 COSMOS 1261 DEB
1 27901U 81031J   24294.88565222  .00000341  00000-0  30797-2 0  9997
2 27901  62.3544 107.8283 7455317  48.0258 354.8454  2.01366000168706
0 COSMOS 1261 DEB
1 27901U 81031J   24295.38226068 -.00000016  00000-0  23226-2 0  9994
2 27901  62.3553 107.7493 7455636  48.0358 354.8407  2.01365206168708
0 COSMOS 1261 DEB
1 27901U 81031J   24295.38226068 -.00000016  00000-0  23226-2 0  9994
2 27901  62.3553 107.7493 7455636  48.0358 354.8407  2.01365206168719
0 COSMOS 1261 DEB
1 27901U 81031J   24295.87887036  .00000209  00000-0  27284-2 0  9997
2 27901  62.3513 107.6652 7455795  48.0445 354.8379  2.01365626168729
0 COSMOS 1261 DEB
1 27901U 81031J   24297.86532987  .00000452  00000-0  29495-2 0  9996
2 27901  62.3498 107.3497 7456594  48.0889 354.8419  2.01366448168767
0 COSMOS 1261 DEB
1 27901U 81031J   24297.86532987  .00000452  00000-0  29495-2 0  9996
2 27901  62.3498 107.3497 7456594  48.0889 354.8419  2.01366448168756
0 COSMOS 1261 DEB
1 27901U 81031J   24298.85856096  .00000548  00000-0  29857-2 0  9994
2 27901  62.3484 107.1865 7456987  48.1057 354.8490  2.01367214168786
0 COSMOS 1261 DEB
1 27901U 81031J   24301.83821580  .00000879  00000-0  32338-2 0  9992
2 27901  62.3479 106.7027 7458212  48.1544 354.8537  2.01369192168834
0 COSMOS 1261 DEB
1 27901U 81031J   24301.83821580  .00000879  00000-0  32338-2 0  9992
2 27901  62.3479 106.7027 7458212  48.1544 354.8537  2.01369192168845
0 COSMOS 1261 DEB
1 27901U 81031J   24302.83140945  .00000922  00000-0  32351-2 0  9996
2 27901  62.3475 106.5424 7458591  48.1724 354.8442  2.01370356168861
0 COSMOS 1261 DEB
1 27901U 81031J   24304.81775222  .00001002  00000-0  32896-2 0  9992
2 27901  62.3467 106.2159 7459211  48.2184 354.8080  2.01373396168893
0 COSMOS 1261 DEB
1 27901U 81031J   24304.81775222  .00001002  00000-0  32896-2 0  9992
2 27901  62.3467 106.2159 7459211  48.2184 354.8080  2.01373396168905
0 COSMOS 1261 DEB
1 27901U 81031J   24305.81090824  .00000958  00000-0  31675-2 0  9994
2 27901  62.3407 106.0781 7459547  48.2287 354.7874  2.01375015168926
0 COSMOS 1261 DEB
1 27901U 81031J   24305.81090824  .00000958  00000-0  31675-2 0  9994
2 27901  62.3407 106.0781 7459547  48.2287 354.7874  2.01375015168915
0 COSMOS 1261 DEB
1 27901U 81031J   24306.80405273  .00000961  00000-0  31523-2 0  9998
2 27901  62.3326 105.9422 7459611  48.2509 354.7642  2.01376833168938
0 COSMOS 1261 DEB
1 27901U 81031J   24306.80405273  .00000961  00000-0  31523-2 0  9998
2 27901  62.3326 105.9422 7459611  48.2509 354.7642  2.01376833168949
0 COSMOS 1261 DEB
1 27901U 81031J   24307.79719086  .00001000  00000-0  31496-2 0  9991
2 27901  62.3346 105.7689 7460021  48.2746 354.7437  2.01378733168969
0 COSMOS 1261 DEB
1 27901U 81031J   24307.79719086  .00001000  00000-0  31496-2 0  9991
2 27901  62.3346 105.7689 7460021  48.2746 354.7437  2.01378733168958
0 COSMOS 1261 DEB
1 27901U 81031J   24308.79032627  .00000852  00000-0  28059-2 0  9996
2 27901  62.3366 105.5956 7460533  48.2946 354.7285  2.01380399168980
0 COSMOS 1261 DEB
1 27901U 81031J   24308.79032627  .00000852  00000-0  28059-2 0  9996
2 27901  62.3366 105.5956 7460533  48.2946 354.7285  2.01380399168979
0 COSMOS 1261 DEB
1 27901U 81031J   24309.78346076  .00000737  00000-0  25195-2 0  9992
2 27901  62.3356 105.4342 7460947  48.3148 354.7189  2.01382095169003
0 COSMOS 1261 DEB
1 27901U 81031J   24311.76973689  .00000730  00000-0  22795-2 0  9995
2 27901  62.3369 105.0981 7461893  48.3600 354.7185  2.01384711169032
0 COSMOS 1261 DEB
1 27901U 81031J   24311.76973689  .00000730  00000-0  22795-2 0  9995
2 27901  62.3369 105.0981 7461893  48.3600 354.7185  2.01384711169043
0 COSMOS 1261 DEB
1 27901U 81031J   24313.75601210  .00000934  00000-0  23558-2 0  9998
2 27901  62.3341 104.7792 7462875  48.4000 354.7329  2.01387054169082
0 COSMOS 1261 DEB
1 27901U 81031J   24313.75601210  .00000934  00000-0  23558-2 0  9998
2 27901  62.3341 104.7792 7462875  48.4000 354.7329  2.01387054169071
0 COSMOS 1261 DEB
1 27901U 81031J   24314.74913385  .00001823  00000-0  35811-2 0  9990
2 27901  62.3288 104.6307 7463470  48.4085 354.7387  2.01390268169094
0 COSMOS 1261 DEB
1 27901U 81031J   24314.74913385  .00001823  00000-0  35811-2 0  9990
2 27901  62.3288 104.6307 7463470  48.4085 354.7387  2.01390268169106
0 COSMOS 1261 DEB
1 27901U 81031J   24315.74223478  .00001284  00000-0  26627-2 0  9994
2 27901  62.3292 104.4578 7463999  48.4322 354.7354  2.01391400169113
0 COSMOS 1261 DEB
1 27901U 81031J   24315.74223478  .00001284  00000-0  26627-2 0  9994
2 27901  62.3292 104.4578 7463999  48.4322 354.7354  2.01391400169124
0 COSMOS 1261 DEB
1 27901U 81031J   24316.73531066  .00001305  00000-0  26146-2 0  9999
2 27901  62.3279 104.2922 7464516  48.4490 354.7242  2.01393805169141
0 COSMOS 1261 DEB
1 27901U 81031J   24317.72836732  .00000867  00000-0  19488-2 0  9990
2 27901  62.3225 104.1462 7464770  48.4699 354.7034  2.01395002169165
0 COSMOS 1261 DEB
1 27901U 81031J   24317.72836732  .00000867  00000-0  19488-2 0  9990
2 27901  62.3225 104.1462 7464770  48.4699 354.7034  2.01395002169154
0 COSMOS 1261 DEB
1 27901U 81031J   24318.72141272  .00000597  00000-0  15123-2 0  9991
2 27901  62.3271 103.9563 7465767  48.4733 354.6812  2.01395956169173
0 COSMOS 1261 DEB
1 27901U 81031J   24318.72141272  .00000597  00000-0  15123-2 0  9991
2 27901  62.3271 103.9563 7465767  48.4733 354.6812  2.01395956169184
0 COSMOS 1261 DEB
1 27901U 81031J   24319.71444933  .00000425  00000-0  12560-2 0  9993
2 27901  62.3269 103.7917 7466321  48.4897 354.6546  2.01396850169201
0 COSMOS 1261 DEB
1 27901U 81031J   24320.70748655  .00000657  00000-0  15432-2 0  9990
2 27901  62.3258 103.6292 7466823  48.5061 354.6312  2.01398050169222
0 COSMOS 1261 DEB
1 27901U 81031J   24321.70052790  .00000621  00000-0  14506-2 0  9991
2 27901  62.3251 103.4686 7467292  48.5278 354.6140  2.01399024169233
0 COSMOS 1261 DEB
1 27901U 81031J   24322.69357705  .00000717  00000-0  15068-2 0  9994
2 27901  62.3222 103.3059 7467733  48.5460 354.6061  2.01400097169265
0 COSMOS 1261 DEB
1 27901U 81031J   24323.68663202  .00000871  00000-0  16097-2 0  9990
2 27901  62.3202 103.1427 7468158  48.5640 354.6067  2.01401394169281
0 COSMOS 1261 DEB
1 27901U 81031J   24324.67968733  .00001128  00000-0  18225-2 0  9998
2 27901  62.3185 102.9796 7468535  48.5824 354.6136  2.01403230169299
0 COSMOS 1261 DEB
1 27901U 81031J   24324.67968733  .00001128  00000-0  18225-2 0  9998
2 27901  62.3185 102.9796 7468535  48.5824 354.6136  2.01403230169301
0 COSMOS 1261 DEB
1 27901U 81031J   24325.67273656  .00001335  00000-0  19566-2 0  9991
2 27901  62.3177 102.8165 7468891  48.6008 354.6235  2.01405435169322
0 COSMOS 1261 DEB
1 27901U 81031J   24326.66577513  .00001319  00000-0  18172-2 0  9994
2 27901  62.3175 102.6572 7469194  48.6206 354.6329  2.01407419169347
0 COSMOS 1261 DEB
1 27901U 81031J   24327.65879908  .00001350  00000-0  17451-2 0  9991
2 27901  62.3172 102.4957 7469515  48.6380 354.6395  2.01409470169352
0 COSMOS 1261 DEB
1 27901U 81031J   24327.65879908  .00001350  00000-0  17451-2 0  9991
2 27901  62.3172 102.4957 7469515  48.6380 354.6395  2.01409470169363
0 COSMOS 1261 DEB
1 27901U 81031J   24328.65180484  .00001456  00000-0  17770-2 0  9997
2 27901  62.3171 102.3349 7469827  48.6558 354.6411  2.01411827169389
0 COSMOS 1261 DEB
1 27901U 81031J   24329.64479066  .00001532  00000-0  17851-2 0  9999
2 27901  62.3172 102.1734 7470161  48.6737 354.6370  2.01414376169407
0 COSMOS 1261 DEB
1 27901U 81031J   24330.63775234  .00001652  00000-0  18830-2 0  9997
2 27901  62.3160 102.0113 7470096  48.7147 354.6232  2.01417151169419
0 COSMOS 1261 DEB
1 27901U 81031J   24330.63775234  .00001652  00000-0  18830-2 0  9997
2 27901  62.3160 102.0113 7470096  48.7147 354.6232  2.01417151169420
0 COSMOS 1261 DEB
1 27901U 81031J   24331.63069676  .00001807  00000-0  19980-2 0  9993
2 27901  62.3153 101.8481 7470430  48.7331 354.6093  2.01420381169440
0 COSMOS 1261 DEB
1 27901U 81031J   24332.62362476  .00001909  00000-0  20257-2 0  9999
2 27901  62.3151 101.6826 7471070  48.7336 354.5963  2.01423733169466
0 COSMOS 1261 DEB
1 27901U 81031J   24332.62362476  .00001909  00000-0  20257-2 0  9999
2 27901  62.3151 101.6826 7471070  48.7336 354.5963  2.01423733169455
0 COSMOS 1261 DEB
1 27901U 81031J   24333.61653465  .00001928  00000-0  19772-2 0  9991
2 27901  62.3127 101.5210 7471382  48.7485 354.5800  2.01426892169487
0 COSMOS 1261 DEB
1 27901U 81031J   24334.60943018  .00001936  00000-0  19059-2 0  9994
2 27901  62.3114 101.3586 7471721  48.7657 354.5655  2.01430312169508
0 COSMOS 1261 DEB
1 27901U 81031J   24335.60231334  .00001929  00000-0  18059-2 0  9997
2 27901  62.3104 101.1963 7472084  48.7828 354.5553  2.01433984169524
0 COSMOS 1261 DEB
1 27901U 81031J   24335.60231334  .00001929  00000-0  18059-2 0  9997
2 27901  62.3104 101.1963 7472084  48.7828 354.5553  2.01433984169513
0 COSMOS 1261 DEB
1 27901U 81031J   24336.59518588  .00001935  00000-0  17095-2 0  9991
2 27901  62.3092 101.0337 7472466  48.7996 354.5510  2.01437789169546
0 COSMOS 1261 DEB
1 27901U 81031J   24337.58805092  .00001837  00000-0  14925-2 0  9990
2 27901  62.3088 100.8721 7472888  48.8164 354.5535  2.01441102169564
0 COSMOS 1261 DEB
1 27901U 81031J   24338.58090704  .00002042  00000-0  15857-2 0  9991
2 27901  62.3084 100.7093 7473345  48.8360 354.5621  2.01444863169583
0 COSMOS 1261 DEB
1 27901U 81031J   24338.58090704  .00002042  00000-0  15857-2 0  9991
2 27901  62.3084 100.7093 7473345  48.8360 354.5621  2.01444863169572
0 COSMOS 1261 DEB
1 27901U 81031J   24339.57375024  .00002273  00000-0  16961-2 0  9995
2 27901  62.3078 100.5462 7473795  48.8560 354.5752  2.01448937169609
0 COSMOS 1261 DEB
1 27901U 81031J   24340.56657365  .00002667  00000-0  19633-2 0  9993
2 27901  62.3067 100.3833 7474229  48.8753 354.5899  2.01453748169624
0 COSMOS 1261 DEB
1 27901U 81031J   24340.56657365  .00002667  00000-0  19633-2 0  9993
2 27901  62.3067 100.3833 7474229  48.8753 354.5899  2.01453748169613
0 COSMOS 1261 DEB
1 27901U 81031J   24342.55213595  .00003002  00000-0  20691-2 0  9997
2 27901  62.3020 100.0547 7474931  48.9122 354.6090  2.01463517169666
0 COSMOS 1261 DEB
1 27901U 81031J   24343.54486283  .00003071  00000-0  20505-2 0  9993
2 27901  62.3002  99.8905 7475201  48.9341 354.6069  2.01468946169682
0 COSMOS 1261 DEB
1 27901U 81031J   24343.54486283  .00003071  00000-0  20505-2 0  9993
2 27901  62.3002  99.8905 7475201  48.9341 354.6069  2.01468946169671
0 COSMOS 1261 DEB
1 27901U 81031J   24346.52281485  .00002945  00000-0  17536-2 0  9990
2 27901  62.2987  99.3992 7476221  48.9901 354.5601  2.01486616169741
0 COSMOS 1261 DEB
1 27901U 81031J   24346.52281485  .00002945  00000-0  17536-2 0  9990
2 27901  62.2987  99.3992 7476221  48.9901 354.5601  2.01486616169730
0 COSMOS 1261 DEB
1 27901U 81031J   24347.51540877  .00002741  00000-0  15131-2 0  9996
2 27901  62.2994  99.2352 7476740  49.0019 354.5438  2.01491697169761
0 COSMOS 1261 DEB
1 27901U 81031J   24347.51540877  .00002741  00000-0  15131-2 0  9996
2 27901  62.2994  99.2352 7476740  49.0019 354.5438  2.01491697169750
0 COSMOS 1261 DEB
1 27901U 81031J   24348.50798584  .00002704  00000-0  14285-2 0  9994
2 27901  62.2994  99.0723 7477134  49.0186 354.5325  2.01496709169780
0 COSMOS 1261 DEB
1 27901U 81031J   24349.50054620  .00003073  00000-0  16871-2 0  9994
2 27901  62.2993  98.9104 7477416  49.0440 354.5285  2.01502686169806
0 COSMOS 1261 DEB
1 27901U 81031J   24349.50054620  .00003073  00000-0  16871-2 0  9994
2 27901  62.2993  98.9104 7477416  49.0440 354.5285  2.01502686169794
0 COSMOS 1261 DEB
1 27901U 81031J   24350.49308770  .00003286  00000-0  20890-2 0  9994
2 27901  62.2987  98.7464 7477762  49.0589 354.5352  2.01509788169821
0 COSMOS 1261 DEB
1 27901U 81031J   24351.48560463  .00003180  00000-0  19125-2 0  9995
2 27901  62.2989  98.5840 7478020  49.0829 354.5477  2.01516438169844
0 COSMOS 1261 DEB
1 27901U 81031J   24351.48560463  .00003180  00000-0  19125-2 0  9995
2 27901  62.2989  98.5840 7478020  49.0829 354.5477  2.01516438169833
0 COSMOS 1261 DEB
1 27901U 81031J   24352.47809128  .00003661  00000-0  21815-2 0  9992
2 27901  62.2987  98.4205 7478268  49.1012 354.5653  2.01524175169860
0 COSMOS 1261 DEB
1 27901U 81031J   24352.47809128  .00003661  00000-0  21815-2 0  9992
2 27901  62.2987  98.4205 7478268  49.1012 354.5653  2.01524175169859
0 COSMOS 1261 DEB
1 27901U 81031J   24355.45529554  .00004055  00000-0  20730-2 0  9998
2 27901  62.3002  97.9320 7478754  49.1742 354.6070  2.01548528169919
0 COSMOS 1261 DEB
1 27901U 81031J   24355.45529554  .00004055  00000-0  20730-2 0  9998
2 27901  62.3002  97.9320 7478754  49.1742 354.6070  2.01548528169920
0 COSMOS 1261 DEB
1 27901U 81031J   24356.44760744  .00004247  00000-0  21085-2 0  9993
2 27901  62.3002  97.7661 7479069  49.1838 354.6136  2.01556614169942
0 COSMOS 1261 DEB
1 27901U 81031J   24356.44760744  .00004247  00000-0  21085-2 0  9993
2 27901  62.3002  97.7661 7479069  49.1838 354.6136  2.01556614169931
0 COSMOS 1261 DEB
1 27901U 81031J   24357.43986913  .00004480  00000-0  22193-2 0  9991
2 27901  62.3000  97.5999 7479312  49.2015 354.6132  2.01565292169961
0 COSMOS 1261 DEB
1 27901U 81031J   24359.42423838  .00004856  00000-0  24948-2 0  9991
2 27901  62.2989  97.2684 7479746  49.2379 354.6000  2.01584510169999
0 COSMOS 1261 DEB
1 27901U 81031J   24359.42423838  .00004856  00000-0  24948-2 0  9991
2 27901  62.2989  97.2684 7479746  49.2379 354.6000  2.01584510170003
0 COSMOS 1261 DEB
1 27901U 81031J   24360.41634891  .00004868  00000-0  25464-2 0  9992
2 27901  62.2987  97.1035 7479994  49.2521 354.5918  2.01594432170027
0 COSMOS 1261 DEB
1 27901U 81031J   24361.40841197  .00004524  00000-0  23574-2 0  9990
2 27901  62.2986  96.9384 7480225  49.2681 354.5848  2.01604164170044
0 COSMOS 1261 DEB
1 27901U 81031J   24362.40043305  .00004459  00000-0  23744-2 0  9992
2 27901  62.2987  96.7726 7480484  49.2834 354.5817  2.01613726170051
0 COSMOS 1261 DEB
1 27901U 81031J   24362.40043305  .00004459  00000-0  23744-2 0  9992
2 27901  62.2987  96.7726 7480484  49.2834 354.5817  2.01613726170062
0 COSMOS 1261 DEB
1 27901U 81031J   24363.39241532  .00004298  00000-0  23101-2 0  9991
2 27901  62.2995  96.6093 7480713  49.3090 354.5824  2.01623013170087
0 COSMOS 1261 DEB
1 27901U 81031J   24363.39241532  .00004298  00000-0  23101-2 0  9991
2 27901  62.2995  96.6093 7480713  49.3090 354.5824  2.01623013170076
0 COSMOS 1261 DEB
1 27901U 81031J   24364.38435912  .00004338  00000-0  23513-2 0  9990
2 27901  62.3001  96.4456 7481010  49.3297 354.5904  2.01632823170108
0 COSMOS 1261 DEB
1 27901U 81031J   24365.37626073  .00004787  00000-0  26256-2 0  9995
2 27901  62.3001  96.2800 7481389  49.3449 354.6056  2.01643671170121
0 COSMOS 1261 DEB
1 27901U 81031J   24366.36811501  .00005135  00000-0  27902-2 0  9994
2 27901  62.3012  96.1178 7481723  49.3647 354.6250  2.01654819170135
0 COSMOS 1261 DEB
1 27901U 81031J   24366.36811501  .00005135  00000-0  27902-2 0  9994
2 27901  62.3012  96.1178 7481723  49.3647 354.6250  2.01654819170146
0 COSMOS 1261 DEB
1 27901U 81031J   25001.35991253  .00006682  00000-0  37084-2 0  9993
2 27901  62.3013  95.9543 7482086  49.3703 354.6487  2.01668574170152
0 COSMOS 1261 DEB
1 27901U 81031J   25001.35991253  .00006682  00000-0  37084-2 0  9993
2 27901  62.3013  95.9543 7482086  49.3703 354.6487  2.01668574170163
0 COSMOS 1261 DEB
1 27901U 81031J   25002.35163327  .00008303  00000-0  46358-2 0  9993
2 27901  62.3012  95.7900 7482397  49.3758 354.6712  2.01685586170187
0 COSMOS 1261 DEB
1 27901U 81031J   25003.34327746  .00006628  00000-0  34486-2 0  9997
2 27901  62.2951  95.6089 7482808  49.3681 354.6910  2.01698028170205
0 COSMOS 1261 DEB
1 27901U 81031J   25004.33484255  .00006222  00000-0  31646-2 0  9991
2 27901  62.2953  95.4463 7482978  49.3854 354.6989  2.01710928170223
0 COSMOS 1261 DEB
1 27901U 81031J   25005.32632867  .00006518  00000-0  33642-2 0  9991
2 27901  62.2952  95.2788 7483150  49.4037 354.6978  2.01724964170242
0 COSMOS 1261 DEB
1 27901U 81031J   25005.82204200  .00005814  00000-0  29584-2 0  9990
2 27901  62.2954  95.1960 7483259  49.4116 354.6944  2.01731468170243
0 COSMOS 1261 DEB
1 27901U 81031J   25005.82204200  .00005814  00000-0  29584-2 0  9990
2 27901  62.2954  95.1960 7483259  49.4116 354.6944  2.01731468170254
0 COSMOS 1261 DEB
1 27901U 81031J   25006.31773617  .00006377  00000-0  33315-2 0  9990
2 27901  62.2956  95.1140 7483395  49.4183 354.6896  2.01738859170269
0 COSMOS 1261 DEB
1 27901U 81031J   25006.81341215  .00005717  00000-0  29789-2 0  9997
2 27901  62.2958  95.0310 7483513  49.4268 354.6834  2.01745268170270
0 COSMOS 1261 DEB
1 27901U 81031J   25007.30907427  .00005204  00000-0  27219-2 0  9992
2 27901  62.2965  94.9490 7483678  49.4338 354.6769  2.01750709170289
0 COSMOS 1261 DEB
1 27901U 81031J   25007.80472152  .00005104  00000-0  27189-2 0  9994
2 27901  62.2972  94.8674 7483831  49.4414 354.6703  2.01756679170286
0 COSMOS 1261 DEB
1 27901U 81031J   25007.80472152  .00005104  00000-0  27189-2 0  9994
2 27901  62.2972  94.8674 7483831  49.4414 354.6703  2.01756679170297
0 COSMOS 1261 DEB
1 27901U 81031J   25008.30035630  .00005282  00000-0  28778-2 0  9998
2 27901  62.2978  94.7865 7484004  49.4479 354.6645  2.01762491170304
0 COSMOS 1261 DEB
1 27901U 81031J   25008.30035630  .00005282  00000-0  28778-2 0  9998
2 27901  62.2978  94.7865 7484004  49.4479 354.6645  2.01762491170292
0 COSMOS 1261 DEB
1 27901U 81031J   25011.76947315  .00004789  00000-0  28506-2 0  9994
2 27901  62.2958  94.2071 7485177  49.4912 354.6743  2.01803116170365
0 COSMOS 1261 DEB
1 27901U 81031J   25011.76947315  .00004789  00000-0  28506-2 0  9994
2 27901  62.2958  94.2071 7485177  49.4912 354.6743  2.01803116170376
0 COSMOS 1261 DEB
1 27901U 81031J   25013.25605469  .00005236  00000-0  31096-2 0  9997
2 27901  62.2948  93.9498 7485407  49.5198 354.7040  2.01820749170403
0 COSMOS 1261 DEB
1 27901U 81031J   25013.25605469  .00005236  00000-0  31096-2 0  9997
2 27901  62.2948  93.9498 7485407  49.5198 354.7040  2.01820749170391
0 COSMOS 1261 DEB
1 27901U 81031J   25014.24704158  .00005260  00000-0  30963-2 0  9991
2 27901  62.2933  93.7804 7485606  49.5338 354.7273  2.01832425170427
0 COSMOS 1261 DEB
1 27901U 81031J   25015.73340272  .00005328  00000-0  30650-2 0  9997
2 27901  62.2925  93.5298 7485970  49.5510 354.7582  2.01850896170446
0 COSMOS 1261 DEB
1 27901U 81031J   25015.73340272  .00005328  00000-0  30650-2 0  9997
2 27901  62.2925  93.5298 7485970  49.5510 354.7582  2.01850896170457
0 COSMOS 1261 DEB
1 27901U 81031J   25016.22881948  .00005538  00000-0  31790-2 0  9991
2 27901  62.2927  93.4507 7485901  49.5674 354.7640  2.01857723170468
0 COSMOS 1261 DEB
1 27901U 81031J   25016.22881948  .00005538  00000-0  31790-2 0  9991
2 27901  62.2927  93.4507 7485901  49.5674 354.7640  2.01857723170457
0 COSMOS 1261 DEB
1 27901U 81031J   25017.21960491  .00005763  00000-0  32753-2 0  9992
2 27901  62.2914  93.2839 7486031  49.5857 354.7738  2.01870107170489
0 COSMOS 1261 DEB
1 27901U 81031J   25018.21032142  .00006253  00000-0  35031-2 0  9993
2 27901  62.2915  93.1187 7486250  49.6011 354.7780  2.01883042170503
0 COSMOS 1261 DEB
1 27901U 81031J   25018.21032142  .00006253  00000-0  35031-2 0  9993
2 27901  62.2915  93.1187 7486250  49.6011 354.7780  2.01883042170491
0 COSMOS 1261 DEB
1 27901U 81031J   25019.20096505  .00005684  00000-0  32318-2 0  9998
2 27901  62.2892  92.9494 7486420  49.6165 354.7768  2.01895838170528
0 COSMOS 1261 DEB
1 27901U 81031J   25019.69626231  .00006480  00000-0  36287-2 0  9990
2 27901  62.2896  92.8671 7486526  49.6247 354.7747  2.01902661170537
0 COSMOS 1261 DEB
1 27901U 81031J   25020.19154124  .00006765  00000-0  37785-2 0  9994
2 27901  62.2894  92.7817 7486622  49.6345 354.7717  2.01909657170542
0 COSMOS 1261 DEB
1 27901U 81031J   25021.18204804  .00006344  00000-0  36158-2 0  9991
2 27901  62.2870  92.6147 7486772  49.6498 354.7653  2.01923138170556
0 COSMOS 1261 DEB
1 27901U 81031J   25021.18204804  .00006344  00000-0  36158-2 0  9991
2 27901  62.2870  92.6147 7486772  49.6498 354.7653  2.01923138170567
0 COSMOS 1261 DEB
1 27901U 81031J   25022.17248932  .00005729  00000-0  33635-2 0  9994
2 27901  62.2834  92.4460 7486969  49.6594 354.7605  2.01936257170572
0 COSMOS 1261 DEB
1 27901U 81031J   25022.17248932  .00005729  00000-0  33635-2 0  9994
2 27901  62.2834  92.4460 7486969  49.6594 354.7605  2.01936257170583
0 COSMOS 1261 DEB
1 27901U 81031J   25023.16286752  .00005477  00000-0  32857-2 0  9991
2 27901  62.2825  92.2756 7487139  49.6804 354.7569  2.01949698170608
0 COSMOS 1261 DEB
1 27901U 81031J   25024.15318752  .00006045  00000-0  35530-2 0  9990
2 27901  62.2792  92.1065 7487399  49.6992 354.7586  2.01963170170610
0 COSMOS 1261 DEB
1 27901U 81031J   25024.15318752  .00006045  00000-0  35530-2 0  9990
2 27901  62.2792  92.1065 7487399  49.6992 354.7586  2.01963170170621
0 COSMOS 1261 DEB
1 27901U 81031J   25024.15318777  .00005699  00000-0  33961-2 0  9997
2 27901  62.2792  92.1063 7487398  49.6992 354.7586  2.01962806170612
0 COSMOS 1261 DEB
1 27901U 81031J   25024.15318777  .00005699  00000-0  33961-2 0  9997
2 27901  62.2792  92.1063 7487398  49.6992 354.7586  2.01962806170623
0 COSMOS 1261 DEB
1 27901U 81031J   25025.14345104  .00005316  00000-0  32051-2 0  9996
2 27901  62.2796  91.9404 7487652  49.7051 354.7677  2.01976254170648
0 COSMOS 1261 DEB
1 27901U 81031J   25025.14345104  .00005316  00000-0  32051-2 0  9996
2 27901  62.2796  91.9404 7487652  49.7051 354.7677  2.01976254170637
0 COSMOS 1261 DEB
1 27901U 81031J   25025.63856171  .00005501  00000-0  32590-2 0  9995
2 27901  62.2789  91.8576 7487831  49.7136 354.7739  2.01982803170659
0 COSMOS 1261 DEB
1 27901U 81031J   25025.63856171  .00005501  00000-0  32590-2 0  9995
2 27901  62.2789  91.8576 7487831  49.7136 354.7739  2.01982803170648
0 COSMOS 1261 DEB
1 27901U 81031J   25029.10393109  .00008041  00000-0  39118-2 0  9993
2 27901  62.2715  91.2698 7489050  49.7798 354.8426  2.02031201170715
0 COSMOS 1261 DEB
1 27901U 81031J   25029.59890525  .00008031  00000-0  38486-2 0  9996
2 27901  62.2697  91.1839 7489111  49.7956 354.8507  2.02040848170733
0 COSMOS 1261 DEB
1 27901U 81031J   25029.59890525  .00008031  00000-0  38486-2 0  9996
2 27901  62.2697  91.1839 7489111  49.7956 354.8507  2.02040848170722
0 COSMOS 1261 DEB
1 27901U 81031J   25030.58878607  .00008460  00000-0  38821-2 0  9993
2 27901  62.2663  91.0119 7489381  49.8118 354.8649  2.02058203170759
0 COSMOS 1261 DEB
1 27901U 81031J   25031.08369176  .00008384  00000-0  37949-2 0  9990
2 27901  62.2649  90.9269 7489496  49.8213 354.8687  2.02066098170753
0 COSMOS 1261 DEB
1 27901U 81031J   25031.57857340  .00008211  00000-0  36813-2 0  9997
2 27901  62.2636  90.8421 7489581  49.8300 354.8703  2.02074760170776
0 COSMOS 1261 DEB
1 27901U 81031J   25032.56826657  .00009064  00000-0  39318-2 0  9994
2 27901  62.2620  90.6734 7489774  49.8500 354.8664  2.02091755170791
0 COSMOS 1261 DEB
1 27901U 81031J   25032.56826657  .00009064  00000-0  39318-2 0  9994
2 27901  62.2620  90.6734 7489774  49.8500 354.8664  2.02091755170780
0 COSMOS 1261 DEB
1 27901U 81031J   25034.05261630  .00008453  00000-0  36239-2 0  9994
2 27901  62.2611  90.4248 7490064  49.8836 354.8464  2.02120543170814
0 COSMOS 1261 DEB
1 27901U 81031J   25034.05261630  .00008453  00000-0  36239-2 0  9994
2 27901  62.2611  90.4248 7490064  49.8836 354.8464  2.02120543170825
0 COSMOS 1261 DEB
1 27901U 81031J   25035.53676557  .00008312  00000-0  34911-2 0  9995
2 27901  62.2605  90.1749 7490585  49.9091 354.8235  2.02146056170859
0 COSMOS 1261 DEB
1 27901U 81031J   25037.51535979  .00009487  00000-0  37913-2 0  9996
2 27901  62.2594  89.8469 7491118  49.9455 354.8098  2.02182279170895
0 COSMOS 1261 DEB
1 27901U 81031J   25037.51535979  .00009487  00000-0  37913-2 0  9996
2 27901  62.2594  89.8469 7491118  49.9455 354.8098  2.02182279170884
0 COSMOS 1261 DEB
1 27901U 81031J   25039.49361718  .00010086  00000-0  38242-2 0  9996
2 27901  62.2567  89.5110 7491470  49.9827 354.8281  2.02221782170931
0 COSMOS 1261 DEB
1 27901U 81031J   25041.47146911  .00013272  00000-0  46172-2 0  9994
2 27901  62.2553  89.1776 7491658  50.0178 354.8629  2.02270931170969
0 COSMOS 1261 DEB
1 27901U 81031J   25041.47146911  .00013272  00000-0  46172-2 0  9994
2 27901  62.2553  89.1776 7491658  50.0178 354.8629  2.02270931170970
0 COSMOS 1261 DEB
1 27901U 81031J   25042.46020114  .00012314  00000-0  41486-2 0  9999
2 27901  62.2556  89.0114 7491875  50.0292 354.8790  2.02297514170993
0 COSMOS 1261 DEB
1 27901U 81031J   25042.46020114  .00012314  00000-0  41486-2 0  9999
2 27901  62.2556  89.0114 7491875  50.0292 354.8790  2.02297514170982
0 COSMOS 1261 DEB
1 27901U 81031J   25045.42561382  .00013108  00000-0  41249-2 0  9994
2 27901  62.2502  88.5337 7491756  50.0976 354.8849  2.02373005171044
0 COSMOS 1261 DEB
1 27901U 81031J   25045.42561382  .00013108  00000-0  41249-2 0  9994
2 27901  62.2502  88.5337 7491756  50.0976 354.8849  2.02373005171055
0 COSMOS 1261 DEB
1 27901U 81031J   25046.41382452  .00013714  00000-0  41076-2 0  9994
2 27901  62.2547  88.3412 7492275  50.1059 354.8790  2.02398743171079
0 COSMOS 1261 DEB
1 27901U 81031J   25046.41382452  .00013714  00000-0  41076-2 0  9994
2 27901  62.2547  88.3412 7492275  50.1059 354.8790  2.02398743171068
0 COSMOS 1261 DEB
1 27901U 81031J   25047.40189969  .00012902  00000-0  38087-2 0  9998
2 27901  62.2528  88.1751 7492279  50.1276 354.8661  2.02424372171094
0 COSMOS 1261 DEB
1 27901U 81031J   25048.38983998  .00014156  00000-0  40911-2 0  9992
2 27901  62.2519  88.0077 7492325  50.1472 354.8525  2.02453353171117
0 COSMOS 1261 DEB
1 27901U 81031J   25049.37765315  .00014060  00000-0  39861-2 0  9999
2 27901  62.2511  87.8400 7492420  50.1648 354.8403  2.02478919171128
0 COSMOS 1261 DEB
1 27901U 81031J   25049.37765315  .00014060  00000-0  39861-2 0  9999
2 27901  62.2511  87.8400 7492420  50.1648 354.8403  2.02478919171139
0 COSMOS 1261 DEB
1 27901U 81031J   25050.36534084  .00016449  00000-0  45553-2 0  9995
2 27901  62.2497  87.6726 7492492  50.1821 354.8311  2.02507016171154
0 COSMOS 1261 DEB
1 27901U 81031J   25051.35289564  .00015016  00000-0  40648-2 0  9994
2 27901  62.2495  87.5054 7492590  50.1996 354.8267  2.02535472171176
0 COSMOS 1261 DEB
1 27901U 81031J   25052.34032263  .00013894  00000-0  36485-2 0  9992
2 27901  62.2494  87.3387 7492749  50.2167 354.8280  2.02561984171182
0 COSMOS 1261 DEB
1 27901U 81031J   25052.34032263  .00013894  00000-0  36485-2 0  9992
2 27901  62.2494  87.3387 7492749  50.2167 354.8280  2.02561984171193
0 COSMOS 1261 DEB
1 27901U 81031J   25053.32761815  .00015653  00000-0  39507-2 0  9996
2 27901  62.2501  87.1723 7492940  50.2352 354.8349  2.02592621171214
0 COSMOS 1261 DEB
1 27901U 81031J   25053.32761815  .00015653  00000-0  39507-2 0  9996
2 27901  62.2501  87.1723 7492940  50.2352 354.8349  2.02592621171203
0 COSMOS 1261 DEB
1 27901U 81031J   25054.31477198  .00016414  00000-0  39637-2 0  9994
2 27901  62.2505  87.0050 7493162  50.2555 354.8460  2.02623486171232
0 COSMOS 1261 DEB
1 27901U 81031J   25055.30176810  .00018924  00000-0  43842-2 0  9992
2 27901  62.2506  86.8371 7493341  50.2775 354.8590  2.02658128171245
0 COSMOS 1261 DEB
1 27901U 81031J   25055.30176810  .00018924  00000-0  43842-2 0  9992
2 27901  62.2506  86.8371 7493341  50.2775 354.8590  2.02658128171256
0 COSMOS 1261 DEB
1 27901U 81031J   25057.27521761  .00020328  00000-0  43526-2 0  9999
2 27901  62.2490  86.4983 7493528  50.3232 354.8782  2.02733684171286
0 COSMOS 1261 DEB
1 27901U 81031J   25057.27521761  .00020328  00000-0  43526-2 0  9999
2 27901  62.2490  86.4983 7493528  50.3232 354.8782  2.02733684171297
0 COSMOS 1261 DEB
1 27901U 81031J   25058.26164164  .00020568  00000-0  43073-2 0  9992
2 27901  62.2478  86.3323 7493364  50.3534 354.8765  2.02774073171303
0 COSMOS 1261 DEB
1 27901U 81031J   25058.26164164  .00020568  00000-0  43073-2 0  9992
2 27901  62.2478  86.3323 7493364  50.3534 354.8765  2.02774073171314
0 COSMOS 1261 DEB
1 27901U 81031J   25059.24786129  .00021343  00000-0  43326-2 0  9995
2 27901  62.2478  86.1637 7493463  50.3632 354.8696  2.02814735171323
0 COSMOS 1261 DEB
1 27901U 81031J   25059.24786129  .00021343  00000-0  43326-2 0  9995
2 27901  62.2478  86.1637 7493463  50.3632 354.8696  2.02814735171334
0 COSMOS 1261 DEB
1 27901U 81031J   25060.23387492  .00018311  00000-0  35807-2 0  9992
2 27901  62.2483  85.9940 7493487  50.3836 354.8524  2.02852609171350
0 COSMOS 1261 DEB
1 27901U 81031J   25060.23387492  .00018311  00000-0  35807-2 0  9992
2 27901  62.2483  85.9940 7493487  50.3836 354.8524  2.02852609171349
0 COSMOS 1261 DEB
1 27901U 81031J   25061.21969688  .00017848  00000-0  33887-2 0  9994
2 27901  62.2495  85.8225 7493680  50.3992 354.8304  2.02890186171376
0 COSMOS 1261 DEB
1 27901U 81031J   25061.21969688  .00017848  00000-0  33887-2 0  9994
2 27901  62.2495  85.8225 7493680  50.3992 354.8304  2.02890186171365
0 COSMOS 1261 DEB
1 27901U 81031J   25062.20535409  .00016217  00000-0  29825-2 0  9990
2 27901  62.2507  85.6527 7493939  50.4161 354.8063  2.02921570171384
0 COSMOS 1261 DEB
1 27901U 81031J   25063.19085035  .00016335  00000-0  30170-2 0  9990
2 27901  62.2530  85.4913 7493832  50.4679 354.7791  2.02955371171409
0 COSMOS 1261 DEB
1 27901U 81031J   25063.19085035  .00016335  00000-0  30170-2 0  9990
2 27901  62.2530  85.4913 7493832  50.4679 354.7791  2.02955371171410
0 COSMOS 1261 DEB
1 27901U 81031J   25064.17619405  .00017183  00000-0  31410-2 0  9993
2 27901  62.2541  85.3248 7494020  50.4824 354.7642  2.02989538171433
0 COSMOS 1261 DEB
1 27901U 81031J   25065.16137043  .00017452  00000-0  31502-2 0  9997
2 27901  62.2535  85.1537 7494154  50.5013 354.7571  2.03026845171440
0 COSMOS 1261 DEB
1 27901U 81031J   25065.16137043  .00017452  00000-0  31502-2 0  9997
2 27901  62.2535  85.1537 7494154  50.5013 354.7571  2.03026845171451
0 COSMOS 1261 DEB
1 27901U 81031J   25066.14637682  .00017201  00000-0  30401-2 0  9999
2 27901  62.2518  84.9786 7494369  50.5012 354.7610  2.03064471171464
0 COSMOS 1261 DEB
1 27901U 81031J   25066.14637682  .00017201  00000-0  30401-2 0  9999
2 27901  62.2518  84.9786 7494369  50.5012 354.7610  2.03064471171475
0 COSMOS 1261 DEB
1 27901U 81031J   25066.63881557  .00019175  00000-0  33512-2 0  9993
2 27901  62.2504  84.8890 7494518  50.4923 354.7667  2.03084330171479
0 COSMOS 1261 DEB
1 27901U 81031J   25066.63881557  .00019175  00000-0  33512-2 0  9993
2 27901  62.2504  84.8890 7494518  50.4923 354.7667  2.03084330171480
0 COSMOS 1261 DEB
1 27901U 81031J   25068.11585572  .00018540  00000-0  32013-2 0  9996
2 27901  62.2541  84.6456 7494447  50.5165 354.7797  2.03141320171507
0 COSMOS 1261 DEB
1 27901U 81031J   25068.60810480  .00020963  00000-0  35937-2 0  9999
2 27901  62.2542  84.5616 7494458  50.5242 354.7841  2.03163201171527
0 COSMOS 1261 DEB
1 27901U 81031J   25068.60810480  .00020963  00000-0  35937-2 0  9999
2 27901  62.2542  84.5616 7494458  50.5242 354.7841  2.03163201171516
0 COSMOS 1261 DEB
1 27901U 81031J   25071.56055344  .00018966  00000-0  31158-2 0  9999
2 27901  62.2567  84.0558 7494542  50.5754 354.7846  2.03279727171577
0 COSMOS 1261 DEB
1 27901U 81031J   25072.54430406  .00020576  00000-0  33361-2 0  9992
2 27901  62.2561  83.8871 7494497  50.5957 354.7716  2.03323022171596
0 COSMOS 1261 DEB
1 27901U 81031J   25072.54430406  .00020576  00000-0  33361-2 0  9992
2 27901  62.2561  83.8871 7494497  50.5957 354.7716  2.03323022171608
0 COSMOS 1261 DEB
1 27901U 81031J   25073.52785502  .00018677  00000-0  29890-2 0  9992
2 27901  62.2554  83.7221 7494581  50.6084 354.7551  2.03360730171620
0 COSMOS 1261 DEB
1 27901U 81031J   25074.01955631  .00018745  00000-0  29834-2 0  9993
2 27901  62.2548  83.6333 7494576  50.6205 354.7446  2.03380397171630
0 COSMOS 1261 DEB
1 27901U 81031J   25074.01955631  .00018745  00000-0  29834-2 0  9993
2 27901  62.2548  83.6333 7494576  50.6205 354.7446  2.03380397171629
0 COSMOS 1261 DEB
1 27901U 81031J   25075.98592156  .00016095  00000-0  25248-2 0  9990
2 27901  62.2488  83.2933 7494640  50.6514 354.7035  2.03451293171661
0 COSMOS 1261 DEB
1 27901U 81031J   25075.98592156  .00016095  00000-0  25248-2 0  9990
2 27901  62.2488  83.2933 7494640  50.6514 354.7035  2.03451293171672
0 COSMOS 1261 DEB
1 27901U 81031J   25076.96885291  .00018157  00000-0  27721-2 0  9993
2 27901  62.2460  83.1195 7494719  50.6662 354.6859  2.03487362171693
0 COSMOS 1261 DEB
1 27901U 81031J   25076.96885291  .00018157  00000-0  27721-2 0  9993
2 27901  62.2460  83.1195 7494719  50.6662 354.6859  2.03487362171682
0 COSMOS 1261 DEB
1 27901U 81031J   25078.44293209  .00017888  00000-0  26484-2 0  9995
2 27901  62.2460  82.8651 7494791  50.7007 354.6659  2.03543758171713
0 COSMOS 1261 DEB
1 27901U 81031J   25078.44293209  .00017888  00000-0  26484-2 0  9995
2 27901  62.2460  82.8651 7494791  50.7007 354.6659  2.03543758171724
0 COSMOS 1261 DEB
1 27901U 81031J   25083.35352127  .00024591  00000-0  28990-2 0  9999
2 27901  62.2423  82.0235 7495487  50.8054 354.6755  2.03755916171817
0 COSMOS 1261 DEB
1 27901U 81031J   25083.35352127  .00024591  00000-0  28990-2 0  9999
2 27901  62.2423  82.0235 7495487  50.8054 354.6755  2.03755916171828
0 COSMOS 1261 DEB
1 27901U 81031J   25085.31623604  .00024294  00000-0  26538-2 0  9994
2 27901  62.2384  81.6831 7495471  50.8510 354.6706  2.03847211171861
0 COSMOS 1261 DEB
1 27901U 81031J   25086.29722434  .00024954  00000-0  26338-2 0  9994
2 27901  62.2364  81.5114 7495378  50.8731 354.6563  2.03898651171880
0 COSMOS 1261 DEB
1 27901U 81031J   25086.29722434  .00024954  00000-0  26338-2 0  9994
2 27901  62.2364  81.5114 7495378  50.8731 354.6563  2.03898651171879
0 COSMOS 1261 DEB
1 27901U 81031J   25087.27796284  .00022269  00000-0  22547-2 0  9992
2 27901  62.2373  81.3401 7495421  50.8912 354.6347  2.03945999171908
0 COSMOS 1261 DEB
1 27901U 81031J   25087.27796284  .00022269  00000-0  22547-2 0  9992
2 27901  62.2373  81.3401 7495421  50.8912 354.6347  2.03945999171896
0 COSMOS 1261 DEB
1 27901U 81031J   25089.23880068  .00021204 -45977-6  19618-2 0  9996
2 27901  62.2343  81.0044 7495514  50.9334 354.5768  2.04029350171942
0 COSMOS 1261 DEB
1 27901U 81031J   25089.23880068  .00021204 -45977-6  19618-2 0  9996
2 27901  62.2343  81.0044 7495514  50.9334 354.5768  2.04029350171931
0 COSMOS 1261 DEB
1 27901U 81031J   25090.21892320  .00021633  95025-7  19491-2 0  9994
2 27901  62.2346  80.8366 7495675  50.9546 354.5496  2.04071045171960
0 COSMOS 1261 DEB
1 27901U 81031J   25090.21892320  .00021633  95025-7  19491-2 0  9994
2 27901  62.2346  80.8366 7495675  50.9546 354.5496  2.04071045171959
0 COSMOS 1261 DEB
1 27901U 81031J   25091.19885290  .00022570  70608-6  19814-2 0  9999
2 27901  62.2343  80.6675 7495817  50.9772 354.5285  2.04114840171986
0 COSMOS 1261 DEB
1 27901U 81031J   25091.19885290  .00022570  70608-6  19814-2 0  9999
2 27901  62.2343  80.6675 7495817  50.9772 354.5285  2.04114840171975
0 COSMOS 1261 DEB
1 27901U 81031J   25093.15807406  .00027545  13776-5  22845-2 0  9997
2 27901  62.2333  80.3291 7495809  51.0218 354.5109  2.04213995172015
0 COSMOS 1261 DEB
1 27901U 81031J   25093.15807406  .00027545  13776-5  22845-2 0  9997
2 27901  62.2333  80.3291 7495809  51.0218 354.5109  2.04213995172026
0 COSMOS 1261 DEB
1 27901U 81031J   25094.13731707  .00028159  12266-5  22748-2 0  9993
2 27901  62.2332  80.1629 7495569  51.0500 354.5112  2.04269534172030
0 COSMOS 1261 DEB
1 27901U 81031J   25094.13731707  .00028159  12266-5  22748-2 0  9993
2 27901  62.2332  80.1629 7495569  51.0500 354.5112  2.04269534172041
0 COSMOS 1261 DEB
1 27901U 81031J   25095.11627389  .00030011  75299-6  23248-2 0  9994
2 27901  62.2330  79.9920 7495402  51.0637 354.5166  2.04333435172058
0 COSMOS 1261 DEB
1 27901U 81031J   25095.60564453  .00031272  42617-6  23624-2 0  9996
2 27901  62.2326  79.9040 7495390  51.0658 354.5200  2.04362747172063
0 COSMOS 1261 DEB
1 27901U 81031J   25095.60564453  .00031272  42617-6  23624-2 0  9996
2 27901  62.2326  79.9040 7495390  51.0658 354.5200  2.04362747172074
0 COSMOS 1261 DEB
1 27901U 81031J   25096.09493824  .00030058  59248-7  21956-2 0  9999
2 27901  62.2331  79.8181 7495428  51.0631 354.5236  2.04393832172076
0 COSMOS 1261 DEB
1 27901U 81031J   25096.09493824  .00030058  59248-7  21956-2 0  9999
2 27901  62.2331  79.8181 7495428  51.0631 354.5236  2.04393832172087
0 COSMOS 1261 DEB
1 27901U 81031J   25097.07330411  .00029841 -71545-6  21179-2 0  9999
2 27901  62.2346  79.6517 7495104  51.0977 354.5210  2.04453742172098
0 COSMOS 1261 DEB
1 27901U 81031J   25097.07330411  .00029841 -71545-6  21179-2 0  9999
2 27901  62.2346  79.6517 7495104  51.0977 354.5210  2.04453742172100
0 COSMOS 1261 DEB
1 27901U 81031J   25098.54032620  .00031155 -17242-5  21006-2 0  9996
2 27901  62.2361  79.3972 7494940  51.1220 354.5106  2.04538205172122
0 COSMOS 1261 DEB
1 27901U 81031J   25098.54032620  .00031155 -17242-5  21006-2 0  9996
2 27901  62.2361  79.3972 7494940  51.1220 354.5106  2.04538205172133
0 COSMOS 1261 DEB
1 27901U 81031J   25099.51799917  .00030377 -21400-5  19903-2 0  9992
2 27901  62.2367  79.2276 7494855  51.1396 354.4961  2.04592594172144
0 COSMOS 1261 DEB
1 27901U 81031J   25099.51799917  .00030377 -21400-5  19903-2 0  9992
2 27901  62.2367  79.2276 7494855  51.1396 354.4961  2.04592594172155
0 COSMOS 1261 DEB
1 27901U 81031J   25100.49538741  .00029589 -22844-5  19018-2 0  9991
2 27901  62.2369  79.0575 7494724  51.1574 354.4766  2.04651120172176
0 COSMOS 1261 DEB
1 27901U 81031J   25101.47250191  .00030318 -21480-5  19388-2 0  9997
2 27901  62.2352  78.8872 7494553  51.1765 354.4541  2.04707666172186
0 COSMOS 1261 DEB
1 27901U 81031J   25101.47250191  .00030318 -21480-5  19388-2 0  9997
2 27901  62.2352  78.8872 7494553  51.1765 354.4541  2.04707666172197
0 COSMOS 1261 DEB
1 27901U 81031J   25103.91415253  .00028653 -82913-6  18206-2 0  9996
2 27901  62.2320  78.4580 7494214  51.2219 354.4010  2.04843098172240
0 COSMOS 1261 DEB
1 27901U 81031J   25103.91415253  .00028653 -82913-6  18206-2 0  9996
2 27901  62.2320  78.4580 7494214  51.2219 354.4010  2.04843098172239
0 COSMOS 1261 DEB
1 27901U 81031J   25104.89037045  .00027469 -78706-7  17297-2 0  9992
2 27901  62.2300  78.2869 7494172  51.2382 354.3865  2.04896064172260
0 COSMOS 1261 DEB
1 27901U 81031J   25104.89037045  .00027469 -78706-7  17297-2 0  9992
2 27901  62.2300  78.2869 7494172  51.2382 354.3865  2.04896064172259
0 COSMOS 1261 DEB
1 27901U 81031J   25105.86634728  .00028419  68162-6  17694-2 0  9991
2 27901  62.2278  78.1149 7494067  51.2584 354.3767  2.04948969172286
0 COSMOS 1261 DEB
1 27901U 81031J   25105.86634728  .00028419  68162-6  17694-2 0  9991
2 27901  62.2278  78.1149 7494067  51.2584 354.3767  2.04948969172275
0 COSMOS 1261 DEB
1 27901U 81031J   25109.28003090  .00035592  22375-5  19254-2 0  9992
2 27901  62.2239  77.5199 7493743  51.3333 354.3822  2.05176428172347
0 COSMOS 1261 DEB
1 27901U 81031J   25109.28003090  .00035592  22375-5  19254-2 0  9992
2 27901  62.2239  77.5199 7493743  51.3333 354.3822  2.05176428172358
0 COSMOS 1261 DEB
1 27901U 81031J   25110.74182347  .00033571  19359-5  16925-2 0  9993
2 27901  62.2215  77.2642 7493412  51.3673 354.3897  2.05285640172384
0 COSMOS 1261 DEB
1 27901U 81031J   25111.22890599  .00038942  17015-5  18955-2 0  9991
2 27901  62.2194  77.1773 7493295  51.3781 354.3905  2.05325390172380
0 COSMOS 1261 DEB
1 27901U 81031J   25111.22890599  .00038942  17015-5  18955-2 0  9991
2 27901  62.2194  77.1773 7493295  51.3781 354.3905  2.05325390172391
0 COSMOS 1261 DEB
1 27901U 81031J   25112.20277552  .00041399  10808-5  19102-2 0  9996
2 27901  62.2169  77.0048 7492952  51.4006 354.3870  2.05407524172400
0 COSMOS 1261 DEB
1 27901U 81031J   25112.20277552  .00041399  10808-5  19102-2 0  9996
2 27901  62.2169  77.0048 7492952  51.4006 354.3870  2.05407524172411
0 COSMOS 1261 DEB
1 27901U 81031J   25114.14934449  .00040846 -40518-6  17013-2 0  9994
2 27901  62.2122  76.6600 7492262  51.4440 354.3574  2.05565723172445
0 COSMOS 1261 DEB
1 27901U 81031J   25114.14934449  .00040846 -40518-6  17013-2 0  9994
2 27901  62.2122  76.6600 7492262  51.4440 354.3574  2.05565723172456
0 COSMOS 1261 DEB
1 27901U 81031J   25115.12204486  .00043646 -10440-5  17449-2 0  9998
2 27901  62.2109  76.4900 7491858  51.4668 354.3323  2.05649261172467
0 COSMOS 1261 DEB
1 27901U 81031J   25115.12204486  .00043646 -10440-5  17449-2 0  9998
2 27901  62.2109  76.4900 7491858  51.4668 354.3323  2.05649261172478
0 COSMOS 1261 DEB
1 27901U 81031J   25116.09436347  .00042246 -14865-5  15813-2 0  9991
2 27901  62.2104  76.3118 7491774  51.4755 354.3072  2.05727970172483
0 COSMOS 1261 DEB
1 27901U 81031J   25116.58038191  .00041639 -16176-5  15588-2 0  9991
2 27901  62.2107  76.2346 7491426  51.5013 354.2911  2.05766975172490
0 COSMOS 1261 DEB
1 27901U 81031J   25116.58038191  .00041639 -16176-5  15588-2 0  9991
2 27901  62.2107  76.2346 7491426  51.5013 354.2911  2.05766975172502
0 COSMOS 1261 DEB
1 27901U 81031J   25117.06630537  .00044292 -16834-5  16254-2 0  9997
2 27901  62.2112  76.1495 7491328  51.5084 354.2792  2.05809546172500
0 COSMOS 1261 DEB
1 27901U 81031J   25118.03786294  .00044734 -16179-5  15860-2 0  9992
2 27901  62.2117  75.9798 7491069  51.5306 354.2587  2.05894084172533
0 COSMOS 1261 DEB
1 27901U 81031J   25118.03786294  .00044734 -16179-5  15860-2 0  9992
2 27901  62.2117  75.9798 7491069  51.5306 354.2587  2.05894084172522
0 COSMOS 1261 DEB
1 27901U 81031J   25121.43485177  .00055891 -72660-8  18266-2 0  9995
2 27901  62.2096  75.3742 7489550  51.5952 354.2495  2.06251440172601
0 COSMOS 1261 DEB
1 27901U 81031J   25121.91963803  .00060048  23919-6  19453-2 0  9994
2 27901  62.2095  75.2896 7489207  51.6038 354.2533  2.06310018172604
0 COSMOS 1261 DEB
1 27901U 81031J   25122.40428734  .00061922  44536-6  19875-2 0  9996
2 27901  62.2088  75.2028 7488854  51.6131 354.2571  2.06369090172622
0 COSMOS 1261 DEB
1 27901U 81031J   25122.40428734  .00061922  44536-6  19875-2 0  9996
2 27901  62.2088  75.2028 7488854  51.6131 354.2571  2.06369090172611
0 COSMOS 1261 DEB
1 27901U 81031J   25124.34140245  .00061831  72415-6  18859-2 0  9996
2 27901  62.2069  74.8582 7487367  51.6493 354.2650  2.06617708172653
0 COSMOS 1261 DEB
1 27901U 81031J   25124.34140245  .00061831  72415-6  18859-2 0  9996
2 27901  62.2069  74.8582 7487367  51.6493 354.2650  2.06617708172664
0 COSMOS 1261 DEB
1 27901U 81031J   25124.82532514  .00064800  66985-6  19434-2 0  9997
2 27901  62.2067  74.7731 7487018  51.6582 354.2639  2.06677067172671
0 COSMOS 1261 DEB
1 27901U 81031J   25125.79275064  .00059797  50956-6  17329-2 0  9999
2 27901  62.2053  74.6021 7486373  51.6777 354.2571  2.06792400172681
0 COSMOS 1261 DEB
1 27901U 81031J   25125.79275064  .00059797  50956-6  17329-2 0  9999
2 27901  62.2053  74.6021 7486373  51.6777 354.2571  2.06792400172692
0 COSMOS 1261 DEB
1 27901U 81031J   25126.27624719  .00060431  44412-6  17109-2 0  9991
2 27901  62.2040  74.5157 7486058  51.6877 354.2516  2.06854375172697
0 COSMOS 1261 DEB
1 27901U 81031J   25126.27624719  .00060431  44412-6  17109-2 0  9991
2 27901  62.2040  74.5157 7486058  51.6877 354.2516  2.06854375172709
0 COSMOS 1261 DEB
1 27901U 81031J   25127.24281200  .00064976  41743-6  17670-2 0  9998
2 27901  62.2021  74.3435 7485364  51.7102 354.2365  2.06978684172719
0 COSMOS 1261 DEB
1 27901U 81031J   25127.24281200  .00064976  41743-6  17670-2 0  9998
2 27901  62.2021  74.3435 7485364  51.7102 354.2365  2.06978684172720
0 COSMOS 1261 DEB
1 27901U 81031J   25128.20878566  .00064823  54838-6  17048-2 0  9991
2 27901  62.2007  74.1725 7484629  51.7308 354.2185  2.07102868172741
0 COSMOS 1261 DEB
1 27901U 81031J   25129.17415984  .00069318  73780-6  17654-2 0  9993
2 27901  62.1985  73.9994 7483810  51.7514 354.1994  2.07235283172756
0 COSMOS 1261 DEB
1 27901U 81031J   25129.17415984  .00069318  73780-6  17654-2 0  9993
2 27901  62.1985  73.9994 7483810  51.7514 354.1994  2.07235283172767
0 COSMOS 1261 DEB
1 27901U 81031J   25130.13893384  .00066318  79074-6  16471-2 0  9990
2 27901  62.1960  73.8268 7482958  51.7740 354.1812  2.07363017172773
0 COSMOS 1261 DEB
1 27901U 81031J   25130.13893384  .00066318  79074-6  16471-2 0  9990
2 27901  62.1960  73.8268 7482958  51.7740 354.1812  2.07363017172784
0 COSMOS 1261 DEB
1 27901U 81031J   25131.10308369  .00070097  55380-6  16725-2 0  9997
2 27901  62.1955  73.6573 7482125  51.7899 354.1672  2.07501989172793
0 COSMOS 1261 DEB
1 27901U 81031J   25131.10308369  .00070097  55380-6  16725-2 0  9997
2 27901  62.1955  73.6573 7482125  51.7899 354.1672  2.07501989172805
0 COSMOS 1261 DEB
1 27901U 81031J   25132.06659687  .00075651  44217-7  17401-2 0  9996
2 27901  62.1937  73.4843 7481230  51.8101 354.1572  2.07644369172816
0 COSMOS 1261 DEB
1 27901U 81031J   25132.06659687  .00075651  44217-7  17401-2 0  9996
2 27901  62.1937  73.4843 7481230  51.8101 354.1572  2.07644369172827
0 COSMOS 1261 DEB
1 27901U 81031J   25133.02943659  .00077950 -51367-6  17258-2 0  9996
2 27901  62.1934  73.3125 7480304  51.8297 354.1526  2.07794598172833
0 COSMOS 1261 DEB
1 27901U 81031J   25133.02943659  .00077950 -51367-6  17258-2 0  9996
2 27901  62.1934  73.3125 7480304  51.8297 354.1526  2.07794598172844
0 COSMOS 1261 DEB
1 27901U 81031J   25133.99154565  .00088785 -80051-6  18984-2 0  9999
2 27901  62.1934  73.1408 7479259  51.8488 354.1533  2.07963055172850
0 COSMOS 1261 DEB
1 27901U 81031J   25133.99154565  .00088785 -80051-6  18984-2 0  9999
2 27901  62.1934  73.1408 7479259  51.8488 354.1533  2.07963055172861
0 COSMOS 1261 DEB
1 27901U 81031J   25134.95283237  .00099298 -59916-6  20158-2 0  9998
2 27901  62.1935  72.9651 7478165  51.8619 354.1596  2.08153438172888
0 COSMOS 1261 DEB
1 27901U 81031J   25134.95283237  .00099298 -59916-6  20158-2 0  9998
2 27901  62.1935  72.9651 7478165  51.8619 354.1596  2.08153438172877
0 COSMOS 1261 DEB
1 27901U 81031J   25135.91317117  .00110821  35738-7  21603-2 0  9998
2 27901  62.1940  72.7962 7476601  51.8923 354.1654  2.08371533172892
0 COSMOS 1261 DEB
1 27901U 81031J   25136.39296164  .00116160  42315-6  21715-2 0  9993
2 27901  62.1928  72.7076 7475870  51.8975 354.1704  2.08485248172905
0 COSMOS 1261 DEB
1 27901U 81031J   25136.39296164  .00116160  42315-6  21715-2 0  9993
2 27901  62.1928  72.7076 7475870  51.8975 354.1704  2.08485248172916
0 COSMOS 1261 DEB
1 27901U 81031J   25138.30931089  .00135864  14560-5  22101-2 0  9990
2 27901  62.1886  72.3576 7472369  51.9345 354.1829  2.08993761172947
0 COSMOS 1261 DEB
1 27901U 81031J   25138.30931089  .00135864  14560-5  22101-2 0  9990
2 27901  62.1886  72.3576 7472369  51.9345 354.1829  2.08993761172958
0 COSMOS 1261 DEB
1 27901U 81031J   25138.78764984  .00135723  14996-5  21412-2 0  9991
2 27901  62.1882  72.2722 7471446  51.9432 354.1834  2.09123959172960
0 COSMOS 1261 DEB
1 27901U 81031J   25139.26568613  .00132821  14740-5  20292-2 0  9994
2 27901  62.1861  72.1831 7470532  51.9548 354.1819  2.09253727172971
0 COSMOS 1261 DEB
1 27901U 81031J   25139.74342071  .00148402  14004-5  21049-2 0  9991
2 27901  62.1849  72.0955 7469702  51.9649 354.1793  2.09395270172973
0 COSMOS 1261 DEB
1 27901U 81031J   25140.22084488  .00136913  12768-5  19171-2 0  9993
2 27901  62.1830  72.0075 7468723  51.9758 354.1741  2.09522672172981
0 COSMOS 1261 DEB
1 27901U 81031J   25140.22084488  .00136913  12768-5  19171-2 0  9993
2 27901  62.1830  72.0075 7468723  51.9758 354.1741  2.09522672172992
0 COSMOS 1261 DEB
1 27901U 81031J   25141.17474012  .00138817  85926-6  18329-2 0  9990
2 27901  62.1812  71.8341 7466729  51.9971 354.1583  2.09798929173003
0 COSMOS 1261 DEB
1 27901U 81031J   25141.17474041  .00141028  85935-6  18367-2 0  9992
2 27901  62.1813  71.8335 7466764  51.9980 354.1583  2.09802299173013
0 COSMOS 1261 DEB
1 27901U 81031J   25141.65121366  .00146069  52071-6  18380-2 0  9994
2 27901  62.1805  71.7476 7465767  52.0090 354.1481  2.09943314173016
0 COSMOS 1261 DEB
1 27901U 81031J   25142.12737160  .00152492  78580-7  19039-2 0  9995
2 27901  62.1797  71.6615 7464675  52.0176 354.1367  2.10081017173032
0 COSMOS 1261 DEB
1 27901U 81031J   25142.12737160  .00152492  78580-7  19039-2 0  9995
2 27901  62.1797  71.6615 7464675  52.0176 354.1367  2.10081017173021
0 COSMOS 1261 DEB
1 27901U 81031J   25142.60323227  .00131797 -44938-6  15477-2 0  9990
2 27901  62.1790  71.5741 7463931  52.0287 354.1255  2.10205786173038
0 COSMOS 1261 DEB
1 27901U 81031J   25142.60323227  .00131797 -44938-6  15477-2 0  9990
2 27901  62.1790  71.5741 7463931  52.0287 354.1255  2.10205786173049
0 COSMOS 1261 DEB
1 27901U 81031J   25144.97795402  .00162750 -23289-5  16530-2 0  9999
2 27901  62.1775  71.1431 7458910  52.0786 354.0707  2.10909802173073
0 COSMOS 1261 DEB
1 27901U 81031J   25147.81568256  .00230493  16535-5  19077-2 0  9994
2 27901  62.1779  70.6182 7451042  52.1323 354.0536  2.12024509173132
0 COSMOS 1261 DEB
1 27901U 81031J   25147.81568256  .00230493  16535-5  19077-2 0  9994
2 27901  62.1779  70.6182 7451042  52.1323 354.0536  2.12024509173154
0 COSMOS 1261 DEB
1 27901U 81031J   25149.69765651  .00301008  15836-5  23182-2 0  9996
2 27901  62.1733  70.2705 7442725  52.1787 354.0552  2.13102841173170
0 COSMOS 1261 DEB
1 27901U 81031J   25149.69765651  .00301008  15836-5  23182-2 0  9996
2 27901  62.1733  70.2705 7442725  52.1787 354.0552  2.13102841173192
0 COSMOS 1261 DEB
1 27901U 81031J   25150.16652448  .00291445  14250-5  21284-2 0  9992
2 27901  62.1715  70.1807 7440458  52.1894 354.0548  2.13419373173189
0 COSMOS 1261 DEB
1 27901U 81031J   25150.16652448  .00291445  14250-5  21284-2 0  9992
2 27901  62.1715  70.1807 7440458  52.1894 354.0548  2.13419373173202
0 COSMOS 1261 DEB
1 27901U 81031J   25151.10238491  .00351489  10107-5  25230-2 0  9992
2 27901  62.1719  70.0102 7435687  52.2095 354.0502  2.14023533173205
0 COSMOS 1261 DEB
1 27901U 81031J   25151.10238491  .00351489  10107-5  25230-2 0  9992
2 27901  62.1719  70.0102 7435687  52.2095 354.0502  2.14023533173227
0 COSMOS 1261 DEB
1 27901U 81031J   25152.03549738  .00336174  54263-6  22961-2 0  9998
2 27901  62.1721  69.8380 7430921  52.2276 354.0409  2.14649894173221
0 COSMOS 1261 DEB
1 27901U 81031J   25152.03549738  .00336174  54263-6  22961-2 0  9998
2 27901  62.1721  69.8380 7430921  52.2276 354.0409  2.14649894173243
0 COSMOS 1261 DEB
1 27901U 81031J   25152.96560096  .00359302  10560-6  23334-2 0  9995
2 27901  62.1712  69.6639 7425380  52.2479 354.0231  2.15374559173243
0 COSMOS 1261 DEB
1 27901U 81031J   25153.89238103  .00379757 -23627-6  23507-2 0  9996
2 27901  62.1716  69.4901 7419412  52.2674 353.9989  2.16152466173265
0 COSMOS 1261 DEB
1 27901U 81031J   25154.35462337  .00416955 -35771-6  25487-2 0  9990
2 27901  62.1715  69.4017 7416524  52.2786 353.9856  2.16522122173271
0 COSMOS 1261 DEB
1 27901U 81031J   25154.35462337  .00416955 -35771-6  25487-2 0  9990
2 27901  62.1715  69.4017 7416524  52.2786 353.9856  2.16522122173293
0 COSMOS 1261 DEB
1 27901U 81031J   25155.73689051  .00379592 -49223-6  21763-2 0  9992
2 27901  62.1707  69.1370 7408682  52.3047 353.9465  2.17548444173304
0 COSMOS 1261 DEB
1 27901U 81031J   25155.73689051  .00379592 -49223-6  21763-2 0  9992
2 27901  62.1707  69.1370 7408682  52.3047 353.9465  2.17548444173326
0 COSMOS 1261 DEB
1 27901U 81031J   25156.19608638  .00415531 -45666-6  22830-2 0  9992
2 27901  62.1699  69.0493 7405676  52.3096 353.9326  2.17955537173315
0 COSMOS 1261 DEB
1 27901U 81031J   25156.19608638  .00415531 -45666-6  22830-2 0  9992
2 27901  62.1699  69.0493 7405676  52.3096 353.9326  2.17955537173337
0 COSMOS 1261 DEB
1 27901U 81031J   25157.56952955  .00325649 -12762-6  16519-2 0  9996
2 27901  62.1665  68.7873 7398776  52.3363 353.8988  2.18879585173362
0 COSMOS 1261 DEB
1 27901U 81031J   25157.56952955  .00325649 -12762-6  16519-2 0  9996
2 27901  62.1665  68.7873 7398776  52.3363 353.8988  2.18879585173340
0 COSMOS 1261 DEB
1 27901U 81031J   25158.02602702  .00359019  47752-7  18414-2 0  9991
2 27901  62.1670  68.7006 7396019  52.3502 353.8867  2.19217950173357
0 COSMOS 1261 DEB
1 27901U 81031J   25158.02602702  .00359019  47752-7  18414-2 0  9991
2 27901  62.1670  68.7006 7396019  52.3502 353.8867  2.19217950173379
0 COSMOS 1261 DEB
1 27901U 81031J   25160.74797759  .00571694  14004-5  26244-2 0  9997
2 27901  62.1669  68.1742 7375960  52.4101 353.8275  2.21825746173437
0 COSMOS 1261 DEB
1 27901U 81031J   25161.19831000  .00542587  16017-5  23778-2 0  9999
2 27901  62.1641  68.0833 7372499  52.4178 353.8213  2.22297986173426
0 COSMOS 1261 DEB
1 27901U 81031J   25164.31874995  .00799611  17620-5  29387-2 0  9991
2 27901  62.1632  67.4688 7338402  52.4947 353.7525  2.26752954173494
0 COSMOS 1261 DEB
1 27901U 81031J   25164.75879236  .01023203  23477-5  37581-2 0  9992
2 27901  62.1632  67.3798 7331044  52.5089 353.7326  2.27688697173502
0 COSMOS 1261 DEB
1 27901U 81031J   25164.75879236  .01023203  23477-5  37581-2 0  9992
2 27901  62.1632  67.3798 7331044  52.5089 353.7326  2.27688697173524
0 COSMOS 1261 DEB
1 27901U 81031J   25166.06860707  .01009567  14040-5  34013-2 0  9991
2 27901  62.1610  67.1132 7310732  52.5364 353.6754  2.30348327173539
0 COSMOS 1261 DEB
1 27901U 81031J   25174.01193192  .02076096  24973-5  44443-2 0  9998
2 27901  62.1581  65.4157 7157756  52.7423 353.0741  2.50579848173746
0 COSMOS 1261 DEB
1 27901U 81031J   25174.80488573  .02599216  34614-5  54202-2 0  9996
2 27901  62.1588  65.2362 7131310  52.7703 352.9817  2.54088660173730
0 COSMOS 1261 DEB
1 27901U 81031J   25174.80488573  .02599216  34614-5  54202-2 0  9996
2 27901  62.1588  65.2362 7131310  52.7703 352.9817  2.54088660173763
0 COSMOS 1261 DEB
1 27901U 81031J   25177.48983307  .03384232  52978-5  55560-2 0  9990
2 27901  62.1604  64.6025 7021728  52.8549 352.5943  2.68943797173808
0 COSMOS 1261 DEB
1 27901U 81031J   25177.48983307  .03384232  52978-5  55560-2 0  9990
2 27901  62.1604  64.6025 7021728  52.8549 352.5943  2.68943797173831
0 COSMOS 1261 DEB
1 27901U 81031J   25177.85982022  .03579735  49757-5  57555-2 0  9995
2 27901  62.1600  64.5100 7002712  52.8704 352.5225  2.71529335173818
0 COSMOS 1261 DEB
1 27901U 81031J   25177.85982022  .03579735  49757-5  57555-2 0  9995
2 27901  62.1600  64.5100 7002712  52.8704 352.5225  2.71529335173841
0 COSMOS 1261 DEB
1 27901U 81031J   25178.59040850  .03345277  41571-5  49061-2 0  9992
2 27901  62.1603  64.3254 6969831  52.8731 352.4013  2.76083540173869
0 COSMOS 1261 DEB
1 27901U 81031J   25178.59040850  .03345277  41571-5  49061-2 0  9992
2 27901  62.1603  64.3254 6969831  52.8731 352.4013  2.76083540173836
0 COSMOS 1261 DEB
1 27901U 81031J   25178.59040850  .03345426  41571-5  49061-2 0  9998
2 27901  62.1603  64.3254 6969831  52.8731 352.4013  2.76083540173869
