0 CZ-2C R/B
1 28141U 03061B   04011.41867448 -.00000235 +00000-0 +13269-1 0  9997
2 28141 028.2200 022.7118 8505586 123.6000 344.3556 00.86863678000071
0 CZ-2C R/B
1 28141U 03061B   04011.41870858 -.00000501 +00000-0 +10000-3 0  9994
2 28141 028.2200 022.7118 8505586 123.6000 344.3662 00.86861999000073
0 CZ-2C R/B
1 28141U 03061B   04017.17331987 -.00000615 +00000-0 +10000-3 0  9994
2 28141 028.2198 022.0574 8506236 124.7398 343.7169 00.86861765000125
0 CZ-2C R/B
1 28141U 03061B   04018.32419937 -.00000689 +00000-0 +10000-3 0  9995
2 28141 028.2033 021.8962 8506215 124.8997 343.5386 00.86860365000139
0 CZ-2C R/B
1 28141U 03061B   04019.47544401 -.00000725 +00000-0 +10000-3 0  9998
2 28141 028.2036 021.7591 8506279 125.1311 343.5004 00.86860160000144
0 CZ-2C R/B
1 28141U 03061B   04022.92892806 -.00000686 +00000-0 +10000-3 0  9993
2 28141 028.1794 021.3748 8504432 125.7651 343.2675 00.86858590000174
0 CZ-2C R/B
1 28141U 03061B   04026.38230374 -.00000650 +00000-0 +10000-3 0  9994
2 28141 028.1742 020.9081 8505729 126.5409 342.9718 00.86857010000206
0 CZ-2C R/B
1 28141U 03061B   04033.28806485 -.00000776 +00000-0 +10000-3 0  9992
2 28141 028.2908 020.0710 8507671 127.8635 342.2859 00.86862926000261
0 CZ-2C R/B
1 28141U 03061B   04039.04300244 -.00000634 +00000-0 +10000-3 0  9997
2 28141 028.3399 019.4204 8507782 128.9352 341.7577 00.86862774000315
0 CZ-2C R/B
1 28141U 03061B   04040.19401021 -.00000615 +00000-0 +10000-3 0  9999
2 28141 028.3343 019.2727 8505934 129.1042 341.6624 00.86863086000328
0 CZ-2C R/B
1 28141U 03061B   04045.94778441 -.00000773 +00000-0 +10000-3 0  9995
2 28141 028.3509 018.5751 8508424 130.3057 340.7658 00.86862781000371
0 CZ-2C R/B
1 28141U 03061B   04048.24957738 -.00000813 +00000-0 +10000-3 0  9994
2 28141 028.3360 018.1074 8507757 131.1228 340.4241 00.86861143000395
0 CZ-2C R/B
1 28141U 03061B   04058.60627377 -.00000742 +00000-0 +10000-3 0  9999
2 28141 028.3556 016.6974 8505917 133.2023 338.6791 00.86859987000488
0 CZ-2C R/B
1 28141U 03061B   04059.75685294 -.00000745 +00000-0 +10000-3 0  9991
2 28141 028.4545 016.7611 8506133 133.2351 338.4458 00.86863283000494
0 CZ-2C R/B
1 28141U 03061B   04060.90811838 -.00000726 +00000-0 +10000-3 0  9994
2 28141 028.4174 016.5308 8507498 133.4877 338.4287 00.86863180000501
0 CZ-2C R/B
1 28141U 03061B   04063.20984541 -.00000688 +00000-0 +10000-3 0  9999
2 28141 028.4297 016.2871 8506634 133.9290 338.1394 00.86863141000529
0 CZ-2C R/B
1 28141U 03061B   04066.66234004 -.00000555 +00000-0 +10000-3 0  9997
2 28141 028.4309 015.7984 8506873 134.6660 337.6857 00.86863572000555
0 CZ-2C R/B
1 28141U 03061B   04067.81279073 -.00000514 +00000-0 +10000-3 0  9995
2 28141 028.4224 015.6326 8506649 134.9201 337.4197 00.86863739000566
0 CZ-2C R/B
1 28141U 03061B   04067.81279095 -.00000514 +00000-0 +10000-3 0  9999
2 28141 028.4348 015.6631 8506878 134.8847 337.4169 00.86863509000565
0 CZ-2C R/B
1 28141U 03061B   04068.96322624 -.00000493 +00000-0 +10000-3 0  9999
2 28141 028.4263 015.4975 8506653 135.1387 337.1467 00.86863681000574
0 CZ-2C R/B
1 28141U 03061B   04070.11370427 -.00000516 +00000-0 +10000-3 0  9999
2 28141 028.4301 015.3625 8506658 135.3572 336.8870 00.86863801000580
0 CZ-2C R/B
1 28141U 03061B   04073.56519614 -.00000643 +00000-0 +10000-3 0  9995
2 28141 028.4490 015.0472 8505425 135.9196 336.0745 00.86861276000616
0 CZ-2C R/B
1 28141U 03061B   04074.71627755 -.00000664 +00000-0 +10000-3 0  9992
2 28141 028.4528 014.9126 8505428 136.1376 335.9935 00.86861301000627
0 CZ-2C R/B
1 28141U 03061B   04074.71627985 -.00000664 +00000-0 +10000-3 0  9997
2 28141 028.4523 014.9374 8504063 136.1078 336.0032 00.86861799000621
0 CZ-2C R/B
1 28141U 03061B   04075.86703281 -.00000642 +00000-0 +10000-3 0  9994
2 28141 028.4561 014.8031 8504066 136.3252 335.8213 00.86861693000633
0 CZ-2C R/B
1 28141U 03061B   04077.01783651 -.00000607 +00000-0 +10000-3 0  9993
2 28141 028.4598 014.6690 8504068 136.5426 335.6550 00.86861741000646
0 CZ-2C R/B
1 28141U 03061B   04081.62035737 -.00000484 +00000-0 +10000-3 0  9993
2 28141 028.5634 014.2678 8502493 137.2373 334.6938 00.86858674000683
0 CZ-2C R/B
1 28141U 03061B   04085.07249946 -.00000527 +00000-0 +10000-3 0  9993
2 28141 028.4998 013.7280 8505072 138.1216 334.1301 00.86865324000713
0 CZ-2C R/B
1 28141U 03061B   04088.52309063 -.00000509 +00000-0 +10000-3 0  9993
2 28141 028.5064 013.3152 8504672 138.7783 333.0911 00.86864708000745
0 CZ-2C R/B
1 28141U 03061B   04089.67369700 -.00000486 +00000-0 +10000-3 0  9998
2 28141 028.5108 013.1814 8504579 138.9939 332.8749 00.86864732000752
0 CZ-2C R/B
1 28141U 03061B   04090.82431664 -.00000441 +00000-0 +10000-3 0  9997
2 28141 028.5141 013.0493 8504560 139.2102 332.6623 00.86864621000764
0 CZ-2C R/B
1 28141U 03061B   04093.12548472 -.00000359 +00000-0 +10000-3 0  9997
2 28141 028.5189 012.7765 8504213 139.6481 332.2159 00.86864749000786
0 CZ-2C R/B
1 28141U 03061B   04094.27592461 -.00000303 +00000-0 +10000-3 0  9990
2 28141 028.5163 012.6324 8504177 139.8794 331.9525 00.86864936000798
0 CZ-2C R/B
1 28141U 03061B   04095.42620835 -.00000265 +00000-0 +10000-3 0  9992
2 28141 028.5251 012.5004 8503608 140.1029 331.6318 00.86864732000807
0 CZ-2C R/B
1 28141U 03061B   04096.57640891 -.00000257 +00000-0 +10000-3 0  9994
2 28141 028.5153 012.3128 8502799 140.3568 331.2871 00.86864672000817
0 CZ-2C R/B
1 28141U 03061B   04101.17707790 -.00000393 +00000-0 +10000-3 0  9990
2 28141 028.5370 011.8204 8503652 141.1418 329.8213 00.86861970000854
0 CZ-2C R/B
1 28141U 03061B   04103.47862920 -.00000392 +00000-0 +10000-3 0  9991
2 28141 028.5412 011.5527 8503836 141.5750 329.4758 00.86862068000874
0 CZ-2C R/B
1 28141U 03061B   04114.98125341 -.00000288 +00000-0 +10000-3 0  9992
2 28141 028.6010 010.2221 8502937 143.7560 326.1078 00.86864542000979
0 CZ-2C R/B
1 28141U 03061B   04116.13151990 -.00000273 +00000-0 +10000-3 0  9994
2 28141 028.5940 010.0981 8502707 143.9596 325.7816 00.86864176000986
0 CZ-2C R/B
1 28141U 03061B   04118.43226886 -.00000216 +00000-0 +10000-3 0  9993
2 28141 028.5999 009.8300 8502706 144.3907 325.2061 00.86864397001007
0 CZ-2C R/B
1 28141U 03061B   04119.58258290 -.00000176 +00000-0 +10000-3 0  9999
2 28141 028.6073 009.7183 8502599 144.5887 324.8992 00.86864438001013
0 CZ-2C R/B
1 28141U 03061B   04119.58265778 -.00000176 +00000-0 +10000-3 0  9998
2 28141 028.6121 009.7210 8502637 144.5873 324.9229 00.86864457001011
0 CZ-2C R/B
1 28141U 03061B   04120.73293287 -.00000121 +00000-0 +10000-3 0  9993
2 28141 028.6196 009.6136 8502383 144.7806 324.6059 00.86864481001021
0 CZ-2C R/B
1 28141U 03061B   04121.88317898 -.00000082 +00000-0 +10000-3 0  9991
2 28141 028.6280 009.4904 8502440 144.9976 324.2835 00.86864838001035
0 CZ-2C R/B
1 28141U 03061B   04123.03319721 -.00000059 +00000-0 +10000-3 0  9991
2 28141 028.6140 009.3433 8502456 145.2139 323.8841 00.86864845001049
0 CZ-2C R/B
1 28141U 03061B   04127.63356295  .00000000  00000-0  38318-5 0  9997
2 28141  28.6138   8.8993 8502929 145.9787 322.3591  0.86864456  1080
0 CZ-2C R/B
1 28141U 03061B   04129.93314959 -.00000231 +00000-0 +10000-3 0  9996
2 28141 028.5988 008.5965 8501659 146.4107 321.3706 00.86861923001105
0 CZ-2C R/B
1 28141U 03061B   04137.98431811 -.00000124 +00000-0 +10000-3 0  9998
2 28141 028.6434 007.7188 8502455 147.8582 318.7588 00.86864332001179
0 CZ-2C R/B
1 28141U 03061B   04140.28453762 -.00000168 +00000-0 +10000-3 0  9992
2 28141 028.6494 007.4633 8503341 148.3290 318.0233 00.86865012001192
0 CZ-2C R/B
1 28141U 03061B   04141.43421334 -.00000189 +00000-0 +10000-3 0  9993
2 28141 028.6561 007.3266 8503267 148.5449 317.5208 00.86865175001201
0 CZ-2C R/B
1 28141U 03061B   04142.58415498 -.00000185 +00000-0 +10000-3 0  9990
2 28141 028.6594 007.2094 8503605 148.7191 317.0998 00.86864952001211
0 CZ-2C R/B
1 28141U 03061B   04143.73446629 -.00000174 +00000-0 +10000-3 0  9996
2 28141 028.6611 007.0821 8503603 148.9273 316.7934 00.86864898001224
0 CZ-2C R/B
1 28141U 03061B   04147.18470671 -.00000101 +00000-0 +10000-3 0  9993
2 28141 028.6633 006.6867 8503517 149.5703 315.6566 00.86864806001253
0 CZ-2C R/B
1 28141U 03061B   04147.18470671 -.00000101 +00000-0 +10000-3 0  9993
2 28141 028.6633 006.6867 8503517 149.5703 315.6566 00.86864806001253
0 CZ-2C R/B
1 28141U 03061B   04148.33462583 -.00000070 +00000-0 +10000-3 0  9999
2 28141 028.6548 006.5504 8503604 149.7633 315.2283 00.86864709001261
0 CZ-2C R/B
1 28141U 03061B   04148.33511314  .00000001  00000-0  40051-4 0  9999
2 28141  28.6261   6.5991 8503492 149.7606 315.3029  0.86861608  1262
0 CZ-2C R/B
1 28141U 03061B   04149.48461249 -.00000037  00000-0  10000-3 0  9997
2 28141  28.6607   6.4255 8503592 149.9617 314.8212  0.86864719  1278
0 CZ-2C R/B
1 28141U 03061B   04151.78408765 -.00000016  00000-0  10000-3 0  9994
2 28141  28.6638   6.1684 8503581 150.3848 313.8455  0.86864686  1298
0 CZ-2C R/B
1 28141U 03061B   04157.53283900 -.00000237  00000-0  10000-3 0  9990
2 28141  28.6671   5.4751 8502267 151.4376 311.3647  0.86861927  1347
0 CZ-2C R/B
1 28141U 03061B   04158.68295535 -.00000228  00000-0  10000-3 0  9994
2 28141  28.6687   5.3576 8502507 151.6013 310.9868  0.86861932  1352
0 CZ-2C R/B
1 28141U 03061B   04159.83328715 -.00000210 +00000-0 +10000-3 0  9990
2 28141 028.6698 005.2297 8502502 151.8122 310.6737 00.86862056001362
0 CZ-2C R/B
1 28141U 03061B   04165.58166455 -.00000187  00000-0  10000-3 0  9993
2 28141  28.6703   4.7479 8504079 152.7621 308.0213  0.86861699  1418
0 CZ-2C R/B
1 28141U 03061B   04170.18138097 -.00000289 +00000-0 +10000-3 0  9999
2 28141 028.6739 004.2366 8504060 153.6057 306.3364 00.86865698001455
0 CZ-2C R/B
1 28141U 03061B   04171.33085929 -.00000294 +00000-0 +10000-3 0  9998
2 28141 028.6830 004.0605 8505195 153.8609 305.7688 00.86865414001465
0 CZ-2C R/B
1 28141U 03061B   04172.48036978 -.00000277 +00000-0 +10000-3 0  9996
2 28141 028.6800 003.9319 8505388 154.0669 305.2128 00.86865225001470
0 CZ-2C R/B
1 28141U 03061B   04175.92947428 -.00000205  00000-0  10000-3 0  9990
2 28141  28.6792   3.5598 8505731 154.7069 303.7174  0.86864950  1500
0 CZ-2C R/B
1 28141U 03061B   04178.22826476 -.00000166  00000-0  10000-3 0  9991
2 28141  28.6827   3.2874 8505872 155.1337 302.5363  0.86865081  1527
0 CZ-2C R/B
1 28141U 03061B   04181.67599392 -.00000275  00000-0  10000-3 0  9999
2 28141  28.6957   2.9288 8507121 155.7149 300.5611  0.86860910  1555
0 CZ-2C R/B
1 28141U 03061B   04185.12535171 -.00000423  00000-0  10000-3 0  9993
2 28141  28.7067   2.5571 8509179 156.3398 299.1279  0.86862198  1583
0 CZ-2C R/B
1 28141U 03061B   04186.27510637 -.00000427 +00000-0 +10000-3 0  9994
2 28141 028.7094 002.4451 8509388 156.5333 298.6391 00.86862387001592
0 CZ-2C R/B
1 28141U 03061B   04193.17093317 -.00000415  00000-0  10000-3 0  9999
2 28141  28.7057   1.7165 8509725 157.7745 294.7801  0.86860153  1659
0 CZ-2C R/B
1 28141U 03061B   04196.61894082 -.00000508  00000-0  10000-3 0  9992
2 28141  28.6803   1.3735 8508769 158.3600 292.9591  0.86866293  1680
0 CZ-2C R/B
1 28141U 03061B   04201.21612867 -.00000497  00000-0  10000-3 0  9991
2 28141  28.6739   0.8631 8508149 159.1976 290.4603  0.86865226  1721
0 CZ-2C R/B
1 28141U 03061B   04203.51439025 -.00000431  00000-0  10000-3 0  9997
2 28141  28.6736   0.5941 8508472 159.6420 289.1130  0.86865224  1747
0 CZ-2C R/B
1 28141U 03061B   04206.96055558 -.00000410  00000-0  10000-3 0  9991
2 28141  28.6633   0.1404 8508532 160.3462 286.7009  0.86865116  1776
0 CZ-2C R/B
1 28141U 03061B   04208.10839336 -.00000458  00000-0  10000-3 0  9995
2 28141  28.6510   0.0138 8508410 160.5512 285.6193  0.86864866  1780
0 CZ-2C R/B
1 28141U 03061B   04211.55505624 -.00000634  00000-0  10000-3 0  9994
2 28141  28.6605 359.7126 8508865 161.1115 283.3322  0.86865370  1810
0 CZ-2C R/B
1 28141U 03061B   04213.85403123 -.00000651  00000-0  10000-3 0  9999
2 28141  28.6511 359.4565 8509683 161.5424 282.1907  0.86864232  1830
0 CZ-2C R/B
1 28141U 03061B   04215.00292376 -.00000626  00000-0  10000-3 0  9996
2 28141  28.6834 359.3710 8508258 161.6983 281.4237  0.86863729  1846
0 CZ-2C R/B
1 28141U 03061B   04216.15227956 -.00000602  00000-0  10000-3 0  9999
2 28141  28.6923 359.2681 8508145 161.8898 280.8094  0.86863723  1852
0 CZ-2C R/B
1 28141U 03061B   04217.54166667  .00000000  00000-0  00000+0 0  9990
2 28141  28.6394 359.0204 8527700 162.1511 355.6085  0.86889489  1866
0 CZ-2C R/B
1 28141U 03061B   04218.44910964  .00000002  00000-0  78608-4 0  9993
2 28141 028.6049 358.9466 8511415 162.4053 278.9597 00.86862828  1875
0 CZ-2C R/B
1 28141U 03061B   04218.66666667 +.00000000 +00000-0 +00000-0 0  9990
2 28141 028.6346 358.8948 8525763 162.3739 347.3346 00.86882978001860
0 CZ-2C R/B
1 28141U 03061B   04219.83333333  .00000000  00000-0  00000+0 0  9990
2 28141 028.6318 358.7636 8523827 162.5936 352.1324 00.86881553  1860
0 CZ-2C R/B
1 28141U 03061B   04219.83333333 +.00000000 +00000-0 +00000-0 0  9991
2 28141 028.6318 358.7636 8523827 162.5936 352.1324 00.86881554001861
0 CZ-2C R/B
1 28141U 03061B   04220.95833333 +.00000000 +00000-0 +00000-0 0  9991
2 28141 028.6312 358.6362 8522588 162.7995 343.9251 00.86882350001862
0 CZ-2C R/B
1 28141U 03061B   04222.12500000 +.00000000 +00000-0 +00000-0 0  9994
2 28141 028.6325 358.5027 8522421 163.0109 348.7640 00.86880668001865
0 CZ-2C R/B
1 28141U 03061B   04223.29166667 +.00000000 +00000-0 +00000-0 0  9990
2 28141 028.6336 358.3695 8523204 163.2213 353.6063 00.86882176001864
0 CZ-2C R/B
1 28141U 03061B   04224.41666667 +.00000000 +00000-0 +00000-0 0  9990
2 28141 028.6358 358.2408 8524809 163.4264 345.4037 00.86882766001864
0 CZ-2C R/B
1 28141U 03061B   04225.33981411 -.00000003  00000-0  00000+0 0  9992
2 28141 028.5945 358.1769 8511554 163.6870 273.6106 00.86863285  1877
0 CZ-2C R/B
1 28141U 03061B   04225.58333333  .00000000  00000-0  00000+0 0  9999
2 28141 028.6329 358.1076 8527118 163.6418 350.2289 00.86885182  1869
0 CZ-2C R/B
1 28141U 03061B   04226.70833333  .00000000  00000-0  00000+0 0  9999
2 28141 028.6341 357.9796 8529528 163.8555 341.9953 00.86887467  1863
0 CZ-2C R/B
1 28141U 03061B   04227.87500000  .00000000  00000-0  00000+0 0  9990
2 28141 028.6347 357.8462 8531836 164.0831 346.7802 00.86889542  1865
0 CZ-2C R/B
1 28141U 03061B   04229.00000000  .00000000  00000-0  00000+0 0  9992
2 28141 028.6347 357.7178 8533702 164.3079 338.5166 00.86892767  1864
0 CZ-2C R/B
1 28141U 03061B   04230.16666667  .00000000  00000-0  00000+0 0  9998
2 28141 028.6330 357.5845 8535069 164.5440 343.2786 00.86888145  1863
0 CZ-2C R/B
1 28141U 03061B   04231.33333333  .00000000  00000-0  00000+0 0  9999
2 28141 028.6302 357.4529 8535388 164.7799 348.0331 00.86890882  1863
0 CZ-2C R/B
1 28141U 03061B   04232.23033466  .00000001  00000-0  36887-4 0  9991
2 28141 028.5746 357.4090 8512351 164.9690 268.1786 00.86863358  1880
0 CZ-2C R/B
1 28141U 03061B   04232.50000000  .00000000  00000-0  00000+0 0  9991
2 28141 028.6262 357.3071 8535052 165.0244 352.8010 00.86889371  1864
0 CZ-2C R/B
1 28141U 03061B   04233.66666667  .00000000  00000-0  00000+0 0  9996
2 28141 028.6227 357.1757 8533895 165.2543 357.5727 00.86887408  1867
0 CZ-2C R/B
1 28141U 03061B   04234.79166667  .00000000  00000-0  00000+0 0  9996
2 28141 028.6200 357.0481 8532323 165.4718 349.3312 00.86887542  1860
0 CZ-2C R/B
1 28141U 03061B   04235.95833333  .00000000  00000-0  00000+0 0  9996
2 28141 028.6185 356.9146 8530890 165.6919 354.1466 00.86880694  1865
0 CZ-2C R/B
1 28141U 03061B   04237.12500000  .00000000  00000-0  00000+0 0  9999
2 28141 028.6188 356.7813 8529977 165.9054 358.9830 00.86884619  1862
0 CZ-2C R/B
1 28141U 03061B   04238.25000000  .00000000  00000-0  00000+0 0  9999
2 28141 028.6188 356.6522 8530411 166.1085 350.8014 00.86881376  1862
0 CZ-2C R/B
1 28141U 03061B   04239.41666667  .00000000  00000-0  00000+0 0  9995
2 28141 028.6199 356.5186 8532419 166.3201 355.6407 00.86882837  1863
0 CZ-2C R/B
1 28141U 03061B   04240.54166667  .00000000  00000-0  00000+0 0  9996
2 28141 028.6276 356.3938 8535319 166.5325 347.4283 00.86886050  1865
0 CZ-2C R/B
1 28141U 03061B   04241.70833333  .00000000  00000-0  00000+0 0  9996
2 28141 028.6236 356.2631 8539114 166.7640 352.1860 00.86893005  1861
0 CZ-2C R/B
1 28141U 03061B   04242.83333333  .00000000  00000-0  00000+0 0  9996
2 28141 028.6156 356.1378 8541748 167.0010 343.8645 00.86899500  1864
0 CZ-2C R/B
1 28141U 03061B   04244.00000000  .00000000  00000-0  00000+0 0  9999
2 28141 028.6050 356.0075 8542346 167.2513 348.5622 00.86890795  1869
0 CZ-2C R/B
1 28141U 03061B   04245.16666667  .00000000  00000-0  00000+0 0  9994
2 28141 028.5917 355.8961 8540816 167.4818 353.2946 00.86891589  1865
0 CZ-2C R/B
1 28141U 03061B   04246.29166667  .00000000  00000-0  00000+0 0  9994
2 28141 028.5822 355.7690 8538168 167.7116 345.0186 00.86881425  1862
0 CZ-2C R/B
1 28141U 03061B   04247.45833333  .00000000  00000-0  00000+0 0  9994
2 28141 028.5767 355.6365 8535515 167.9362 349.8157 00.86879883  1861
0 CZ-2C R/B
1 28141U 03061B   04248.58333333  .00000000  00000-0  00000+0 0  9994
2 28141 028.5731 355.5093 8533544 168.1445 341.6076 00.86884105  1867
0 CZ-2C R/B
1 28141U 03061B   04249.75000000  .00000000  00000-0  00000+0 0  9996
2 28141 028.5717 355.3753 8532748 168.3592 346.4473 00.86882215  1866
0 CZ-2C R/B
1 28141U 03061B   04250.91666667  .00000000  00000-0  00000+0 0  9993
2 28141 028.5714 355.2422 8532859 168.5727 351.2875 00.86884394  1860
0 CZ-2C R/B
1 28141U 03061B   04252.04166667  .00000000  00000-0  00000+0 0  9994
2 28141 028.5718 355.1122 8533815 168.7839 343.0868 00.86886368  1863
0 CZ-2C R/B
1 28141U 03061B   04256.66666667  .00000000  00000-0  00000+0 0  9991
2 28141 028.5595 354.5953 8539592 169.6756 349.2530 00.86893440  1860
0 CZ-2C R/B
1 28141U 03061B   04257.79166667  .00000000  00000-0  00000+0 0  9991
2 28141 028.5536 354.4674 8540071 169.9060 340.9803 00.86887858  1866
0 CZ-2C R/B
1 28141U 03061B   04258.95833333  .00000000  00000-0  00000+0 0  9991
2 28141 028.5473 354.3351 8539518 170.1445 345.7373 00.86891507  1863
0 CZ-2C R/B
1 28141U 03061B   04260.16666667  .00000000  00000-0  00000+0 0  9991
2 28141 028.5374 354.1714 8538312 170.4111 003.5568 00.86896020  1868
0 CZ-2C R/B
1 28141U 03061B   04261.29166667  .00000000  00000-0  00000+0 0  9991
2 28141 028.5302 354.0442 8536261 170.6358 355.3015 00.86887079  1861
0 CZ-2C R/B
1 28141U 03061B   04262.45833333 +.00000000 +00000-0 +00000-0 0  9992
2 28141 028.5250 353.9120 8533824 170.8605 000.1033 00.86884549001867
0 CZ-2C R/B
1 28141U 03061B   04263.58333333 +.00000000 +00000-0 +00000-0 0  9992
2 28141 028.5204 353.7850 8531485 171.0696 351.8966 00.86887137001865
0 CZ-2C R/B
1 28141U 03061B   04264.75000000  .00000000  00000-0  00000+0 0  9993
2 28141 028.5178 353.6518 8530085 171.2822 356.7460 00.86883157  1864
0 CZ-2C R/B
1 28141U 03061B   04265.91666667  .00000000  00000-0  00000+0 0  9999
2 28141 028.5163 353.5186 8529950 171.4921 001.6045 00.86883717  1866
0 CZ-2C R/B
1 28141U 03061B   04269.37500000  .00000000  00000-0  00000+0 0  9991
2 28141 028.4996 353.1363 8536365 172.1450 003.0391 00.86897693  1863
0 CZ-2C R/B
1 28141U 03061B   04270.50000000  .00000000  00000-0  00000+0 0  9993
2 28141 028.4848 353.0122 8538054 172.3790 354.7321 00.86893139  1867
0 CZ-2C R/B
1 28141U 03061B   04271.66666667  .00000000  00000-0  00000+0 0  9998
2 28141 028.4670 352.8833 8537509 172.6258 359.4427 00.86897103  1866
0 CZ-2C R/B
1 28141U 03061B   04272.79166667  .00000000  00000-0  00000+0 0  9998
2 28141 028.4501 352.7577 8535006 172.8613 351.1402 00.86896117  1866
0 CZ-2C R/B
1 28141U 03061B   04273.95833333  .00000000  00000-0  00000+0 0  9998
2 28141 028.4370 352.6261 8531601 173.0955 355.9128 00.86886533  1866
0 CZ-2C R/B
1 28141U 03061B   04275.08333333  .00000000  00000-0  00000+0 0  9999
2 28141 028.4269 352.4995 8528472 173.3122 347.7246 00.86882589  1863
0 CZ-2C R/B
1 28141U 03061B   04276.25000000  .00000000  00000-0  00000+0 0  9991
2 28141 028.4207 352.3672 8525793 173.5271 352.5641 00.86880462  1867
0 CZ-2C R/B
1 28141U 03061B   04276.25000000  .00000000  00000-0  00000+0 0  9991
2 28141 028.4207 352.3672 8525793 173.5271 352.5641 00.86880462  1867
0 CZ-2C R/B
1 28141U 03061B   04278.54166667  .00000000  00000-0  00000+0 0  9997
2 28141 028.4147 352.1088 8523589 173.9383 349.2403 00.86884350  1867
0 CZ-2C R/B
1 28141U 03061B   04279.70833333  .00000000  00000-0  00000+0 0  9997
2 28141 028.4121 351.9769 8523772 174.1506 354.0890 00.86889090  1866
0 CZ-2C R/B
1 28141U 03061B   04280.83333333  .00000000  00000-0  00000+0 0  9998
2 28141 028.4088 351.8496 8524513 174.3599 345.8923 00.86888488  1867
0 CZ-2C R/B
1 28141U 03061B   04282.00000000  .00000000  00000-0  00000+0 0  9991
2 28141 028.4053 351.7173 8525233 174.5821 350.7265 00.86891487  1867
0 CZ-2C R/B
1 28141U 03061B   04283.12500000  .00000000  00000-0  00000+0 0  9990
2 28141 028.3980 351.5908 8525972 174.8001 342.4981 00.86891085  1869
0 CZ-2C R/B
1 28141U 03061B   04284.29166667  .00000000  00000-0  00000+0 0  9996
2 28141 028.3902 351.4600 8526316 175.0289 347.2855 00.86891836  1862
0 CZ-2C R/B
1 28141U 03061B   04285.45833333  .00000000  00000-0  00000+0 0  9996
2 28141 028.3804 351.3299 8525927 175.2599 352.0637 00.86893429  1861
0 CZ-2C R/B
1 28141U 03061B   04287.79166667  .00000000  00000-0  00000+0 0  9994
2 28141 028.3581 351.0685 8522595 175.7233 001.6269 00.86894336  1863
0 CZ-2C R/B
1 28141U 03061B   04288.91666667  .00000000  00000-0  00000+0 0  9994
2 28141 028.3489 350.9420 8519792 175.9422 353.3926 00.86887926  1866
0 CZ-2C R/B
1 28141U 03061B   04290.08333333  .00000000  00000-0  00000+0 0  9996
2 28141 028.3407 350.8107 8516622 176.1612 358.2182 00.86886281  1861
0 CZ-2C R/B
1 28141U 03061B   04291.20833333  .00000000  00000-0  00000+0 0  9996
2 28141 028.3349 350.6848 8513731 176.3638 350.0335 00.86883543  1862
0 CZ-2C R/B
1 28141U 03061B   04292.37500000  .00000000  00000-0  00000+0 0  9997
2 28141 028.3318 350.5544 8511894 176.5670 354.9042 00.86880352  1869
0 CZ-2C R/B
1 28141U 03061B   04293.54166667  .00000000  00000-0  00000+0 0  9994
2 28141 028.3285 350.4249 8511488 176.7670 359.7800 00.86882046  1861
0 CZ-2C R/B
1 28141U 03061B   04294.66666667  .00000000  00000-0  00000+0 0  9993
2 28141 028.3240 350.3002 8512638 176.9641 351.6145 00.86884001  1862
0 CZ-2C R/B
1 28141U 03061B   04295.83333333  .00000000  00000-0  00000+0 0  9994
2 28141 028.3154 350.1710 8514780 177.1780 356.4440 00.86889202  1866
0 CZ-2C R/B
1 28141U 03061B   04296.95833333  .00000000  00000-0  00000+0 0  9993
2 28141 028.3011 350.0468 8516795 177.3978 348.1949 00.86898060  1860
0 CZ-2C R/B
1 28141U 03061B   04298.12500000  .00000000  00000-0  00000+0 0  9996
2 28141 028.2807 349.9177 8517571 177.6346 352.9457 00.86894958  1860
0 CZ-2C R/B
1 28141U 03061B   04299.29166667  .00000000  00000-0  00000+0 0  9992
2 28141 028.2602 349.7884 8516348 177.8734 357.6853 00.86894394  1866
0 CZ-2C R/B
1 28141U 03061B   04300.45833333  .00000000  00000-0  00000+0 0  9994
2 28141 028.2402 349.6584 8513351 178.1068 002.4465 00.86891688  1862
0 CZ-2C R/B
1 28141U 03061B   04301.58333333  .00000000  00000-0  00000+0 0  9994
2 28141 028.2248 349.5326 8509484 178.3226 354.2088 00.86890960  1864
0 CZ-2C R/B
1 28141U 03061B   04302.75000000  .00000000  00000-0  00000+0 0  9996
2 28141 028.2146 349.4017 8505853 178.5368 359.0443 00.86884707  1862
0 CZ-2C R/B
1 28141U 03061B   04303.91666667  .00000000  00000-0  00000+0 0  9992
2 28141 028.2089 349.2712 8502951 178.7426 003.9064 00.86885182  1863
0 CZ-2C R/B
1 28141U 03061B   04305.04166667  .00000000  00000-0  00000+0 0  9993
2 28141 028.2049 349.1457 8501187 178.9371 355.7504 00.86882452  1869
0 CZ-2C R/B
1 28141U 03061B   04306.20833333  .00000000  00000-0  00000+0 0  9993
2 28141 028.2021 349.0166 8500386 179.1372 000.6228 00.86882284  1861
0 CZ-2C R/B
1 28141U 03061B   04307.33333333  .00000000  00000-0  00000+0 0  9993
2 28141 028.1996 348.8928 8500374 179.3312 352.4561 00.86886058  1868
0 CZ-2C R/B
1 28141U 03061B   04308.50000000 +.00000000 +00000-0 +00000-0 0  9996
2 28141 028.1962 348.7666 8500863 179.5354 357.3047 00.86888592001868
0 CZ-2C R/B
1 28141U 03061B   04309.62500000 +.00000000 +00000-0 +00000-0 0  9995
2 28141 028.1906 348.6412 8501612 179.7405 349.1102 00.86887719001867
0 CZ-2C R/B
1 28141U 03061B   04310.79166667  .00000000  00000-0  00000+0 0  9991
2 28141 028.1834 348.5119 8502187 179.9566 353.9343 00.86889430  1860
0 CZ-2C R/B
1 28141U 03061B   04311.91666667  .00000000  00000-0  00000+0 0  9991
2 28141 028.1743 348.3874 8502350 180.1698 345.7113 00.86893166  1862
0 CZ-2C R/B
1 28141U 03061B   04313.08333333  .00000000  00000-0  00000+0 0  9992
2 28141 028.1630 348.2578 8501900 180.3931 350.5128 00.86887824  1863
0 CZ-2C R/B
1 28141U 03061B   04314.25000000  .00000000  00000-0  00000+0 0  9994
2 28141 028.1521 348.1285 8500581 180.6158 355.3093 00.86888695  1865
0 CZ-2C R/B
1 28141U 03061B   04315.37500000  .00000000  00000-0  00000+0 0  9993
2 28141 028.1406 348.0039 8498444 180.8290 347.0800 00.86882983  1864
0 CZ-2C R/B
1 28141U 03061B   04316.54166667  .00000000  00000-0  00000+0 0  9990
2 28141 028.1313 347.8742 8495436 181.0457 351.8931 00.86884324  1864
0 CZ-2C R/B
1 28141U 03061B   04317.70833333  .00000000  00000-0  00000+0 0  9990
2 28141 028.1240 347.7448 8492221 181.2542 356.7370 00.86883351  1861
0 CZ-2C R/B
1 28141U 03061B   04318.83333333  .00000000  00000-0  00000+0 0  9990
2 28141 028.1201 347.6206 8489399 181.4464 348.5766 00.86882854  1861
0 CZ-2C R/B
1 28141U 03061B   04320.00000000  .00000000  00000-0  00000+0 0  9994
2 28141 028.1174 347.4924 8487785 181.6392 353.4721 00.86879013  1863
0 CZ-2C R/B
1 28141U 03061B   04321.16666667  .00000000  00000-0  00000+0 0  9999
2 28141 028.1153 347.3655 8487779 181.8292 358.3664 00.86880957  1863
0 CZ-2C R/B
1 28141U 03061B   04322.29166667  .00000000  00000-0  00000+0 0  9999
2 28141 028.1107 347.2438 8489466 182.0159 350.2105 00.86882696  1863
0 CZ-2C R/B
1 28141U 03061B   04328.04166667  .00000000  00000-0  00000+0 0  9998
2 28141 028.0185 346.6041 8490696 183.1183 348.0881 00.86882297  1860
0 CZ-2C R/B
1 28141U 03061B   04329.20833333  .00000000  00000-0  00000+0 0  9998
2 28141 028.0044 346.4756 8487254 183.3301 352.9080 00.86881459  1869
0 CZ-2C R/B
1 28141U 03061B   04330.37500000  .00000000  00000-0  00000+0 0  9990
2 28141 027.9961 346.3466 8484088 183.5325 357.7652 00.86880604  1861
0 CZ-2C R/B
1 28141U 03061B   04331.50000000  .00000000  00000-0  00000+0 0  9991
2 28141 027.9921 346.2229 8481808 183.7205 349.6128 00.86882078  1864
0 CZ-2C R/B
1 28141U 03061B   04332.66666667  .00000000  00000-0  00000+0 0  9996
2 28141 027.9907 346.0955 8480649 183.9127 354.5037 00.86880381  1868
0 CZ-2C R/B
1 28141U 03061B   04333.83333333  .00000000  00000-0  00000+0 0  9997
2 28141 027.9905 345.9689 8480457 184.1048 359.3935 00.86883676  1860
0 CZ-2C R/B
1 28141U 03061B   04334.95833333  .00000000  00000-0  00000+0 0  9996
2 28141 027.9886 345.8466 8481078 184.2927 351.2431 00.86884713  1862
0 CZ-2C R/B
1 28141U 03061B   04336.12500000  .00000000  00000-0  00000+0 0  9999
2 28141 027.9859 345.7204 8482218 184.4910 356.1069 00.86883514  1861
0 CZ-2C R/B
1 28141U 03061B   04337.25000000  .00000000  00000-0  00000+0 0  9999
2 28141 027.9796 345.5973 8483563 184.6888 347.9168 00.86885255  1864
0 CZ-2C R/B
1 28141U 03061B   04338.41666667  .00000000  00000-0  00000+0 0  9995
2 28141 027.9727 345.4703 8484688 184.8974 352.7487 00.86889187  1861
0 CZ-2C R/B
1 28141U 03061B   04339.54166667  .00000000  00000-0  00000+0 0  9995
2 28141 027.9644 345.3465 8485453 185.1040 344.5374 00.86890334  1862
0 CZ-2C R/B
1 28141U 03061B   04340.70833333  .00000000  00000-0  00000+0 0  9996
2 28141 027.9551 345.2174 8485617 185.3211 349.3526 00.86887788  1860
0 CZ-2C R/B
1 28141U 03061B   04341.87500000  .00000000  00000-0  00000+0 0  9997
2 28141 027.9450 345.0881 8484950 185.5394 354.1655 00.86889786  1861
0 CZ-2C R/B
1 28141U 03061B   04343.00000000  .00000000  00000-0  00000+0 0  9999
2 28141 027.9347 344.9631 8483496 185.7484 345.9497 00.86883426  1860
0 CZ-2C R/B
1 28141U 03061B   04344.16666667  .00000000  00000-0  00000+0 0  9994
2 28141 027.9301 344.8363 8481261 185.9546 350.7722 00.86884439  1860
0 CZ-2C R/B
1 28141U 03061B   04345.29166667  .00000000  00000-0  00000+0 0  9994
2 28141 027.9246 344.7132 8478864 186.1492 342.5957 00.86879429  1861
0 CZ-2C R/B
1 28141U 03061B   04346.45833333  .00000000  00000-0  00000+0 0  9994
2 28141 027.9225 344.5861 8476873 186.3426 347.4782 00.86876692  1861
0 CZ-2C R/B
1 28141U 03061B   04347.58333333  .00000000  00000-0  00000+0 0  9994
2 28141 027.9227 344.4646 8476023 186.5213 339.3503 00.86879036  1862
0 CZ-2C R/B
1 28141U 03061B   04348.75000000  .00000000  00000-0  00000+0 0  9996
2 28141 027.9227 344.3394 8477032 186.7061 344.2576 00.86880600  1869
0 CZ-2C R/B
1 28141U 03061B   04349.91666667  .00000000  00000-0  00000+0 0  9992
2 28141 027.9174 344.2133 8479743 186.8981 349.1419 00.86886529  1869
0 CZ-2C R/B
1 28141U 03061B   04351.04166667  .00000000  00000-0  00000+0 0  9994
2 28141 027.9052 344.0904 8483316 187.0967 340.9434 00.86891501  1868
0 CZ-2C R/B
1 28141U 03061B   04352.20833333  .00000000  00000-0  00000+0 0  9994
2 28141 027.8881 343.9617 8486242 187.3163 345.7270 00.86891115  1860
0 CZ-2C R/B
1 28141U 03061B   04353.37500000  .00000000  00000-0  00000+0 0  9995
2 28141 027.8638 343.8292 8487473 187.5478 350.4899 00.86890842  1862
0 CZ-2C R/B
1 28141U 03061B   04354.50000000  .00000000  00000-0  00000+0 0  9996
2 28141 027.8412 343.6993 8486694 187.7730 342.2273 00.86891117  1866
0 CZ-2C R/B
1 28141U 03061B   04355.66666667  .00000000  00000-0  00000+0 0  9991
2 28141 027.8239 343.5657 8484654 187.9975 347.0289 00.86884637  1865
0 CZ-2C R/B
1 28141U 03061B   04356.83333333  .00000000  00000-0  00000+0 0  9992
2 28141 027.8129 343.4337 8482173 188.2104 351.8658 00.86884388  1865
0 CZ-2C R/B
1 28141U 03061B   04358.00000000  .00000000  00000-0  00000+0 0  9995
2 28141 027.8073 343.2959 8480050 188.4214 356.7230 00.86879816  1867
0 CZ-2C R/B
1 28141U 03061B   04359.12500000  .00000000  00000-0  00000+0 0  9994
2 28141 027.8065 343.1733 8478944 188.6069 348.5757 00.86878502  1860
0 CZ-2C R/B
1 28141U 03061B   04361.45833333  .00000000  00000-0  00000+0 0  9991
2 28141 027.8071 342.9217 8479770 188.9871 358.3560 00.86883215  1861
0 CZ-2C R/B
1 28141U 03061B   04361.45833333  .00000000  00000-0  00000+0 0  9991
2 28141 027.8071 342.9217 8479770 188.9871 358.3560 00.86883215  1861
0 CZ-2C R/B
1 28141U 03061B   04362.58333333  .00000000  00000-0  00000+0 0  9991
2 28141 027.8067 342.8001 8481428 189.1753 350.2019 00.86885965  1865
0 CZ-2C R/B
1 28141U 03061B   04363.75000000  .00000000  00000-0  00000+0 0  9993
2 28141 027.8046 342.6735 8483570 189.3760 355.0658 00.86886400  1861
0 CZ-2C R/B
1 28141U 03061B   04364.87500000  .00000000  00000-0  00000+0 0  9992
2 28141 027.7991 342.5594 8485838 189.5695 346.8737 00.86889358  1860
0 CZ-2C R/B
1 28141U 03061B   04366.00000000  .00000000  00000-0  00000+0 0  9994
2 28141 027.7924 342.4351 8487925 189.7741 338.6688 00.86887240  1861
0 CZ-2C R/B
1 28141U 03061B   05001.16666667  .00000000  00000-0  00000+0 0  9995
2 28141 027.7840 342.3057 8489522 189.9902 343.4853 00.86887806  1862
0 CZ-2C R/B
1 28141U 03061B   05002.29166667  .00000000  00000-0  00000+0 0  9995
2 28141 027.7739 342.1798 8490463 190.2030 335.2583 00.86889943  1865
0 CZ-2C R/B
1 28141U 03061B   05003.45833333 +.00000000 +00000-0 +00000-0 0  9996
2 28141 027.7639 342.0480 8490714 190.4251 340.0668 00.86886880001862
0 CZ-2C R/B
1 28141U 03061B   05005.83333333  .00000000  00000-0  00000+0 0  9994
2 28141 027.7474 341.7773 8488915 190.8709 002.7398 00.86887312  1865
0 CZ-2C R/B
1 28141U 03061B   05006.95833333  .00000000  00000-0  00000+0 0  9993
2 28141 027.7425 341.6519 8487502 191.0713 354.5555 00.86880451  1867
0 CZ-2C R/B
1 28141U 03061B   05006.95833333  .00000000  00000-0  00000+0 0  9993
2 28141 027.7425 341.6519 8487502 191.0713 354.5555 00.86880451  1867
0 CZ-2C R/B
1 28141U 03061B   05008.12500000  .00000000  00000-0  00000+0 0  9996
2 28141 027.7418 341.5244 8486445 191.2679 359.4303 00.86879458  1861
0 CZ-2C R/B
1 28141U 03061B   05009.25000000  .00000000  00000-0  00000+0 0  9996
2 28141 027.7420 341.4027 8486514 191.4505 351.2935 00.86879712  1863
0 CZ-2C R/B
1 28141U 03061B   05010.41666667  .00000000  00000-0  00000+0 0  9993
2 28141 027.7412 341.2763 8488441 191.6400 356.1924 00.86879885  1869
0 CZ-2C R/B
1 28141U 03061B   05011.58333333  .00000000  00000-0  00000+0 0  9993
2 28141 027.7348 341.1476 8492098 191.8394 001.0678 00.86886973  1862
0 CZ-2C R/B
1 28141U 03061B   05011.92624306  .00000000  00000-0  32061-6 0  9993
2 28141 027.6647 341.0594 8508886 192.1395 107.7358 00.86867753  1865
0 CZ-2C R/B
1 28141U 03061B   05012.75000000  .00000000  00000-0  00000+0 0  9995
2 28141 027.7171 341.0173 8496377 192.0519 005.8880 00.86893368  1868
0 CZ-2C R/B
1 28141U 03061B   05013.87500000  .00000000  00000-0  00000+0 0  9994
2 28141 027.6915 340.8833 8500191 192.2809 357.6304 00.86893312  1865
0 CZ-2C R/B
1 28141U 03061B   05015.04166667  .00000000  00000-0  00000+0 0  9992
2 28141 027.6631 340.7418 8502012 192.5274 002.3774 00.86892923  1863
0 CZ-2C R/B
1 28141U 03061B   05016.16666667  .00000000  00000-0  00000+0 0  9991
2 28141 027.6377 340.6046 8501692 192.7644 354.1014 00.86893302  1869
0 CZ-2C R/B
1 28141U 03061B   05017.33333333  .00000000  00000-0  00000+0 0  9992
2 28141 027.6186 340.4654 8500231 192.9986 358.8896 00.86886968  1868
0 CZ-2C R/B
1 28141U 03061B   05018.50000000  .00000000  00000-0  00000+0 0  9994
2 28141 027.6074 340.3290 8498463 193.2203 003.7163 00.86886717  1863
0 CZ-2C R/B
1 28141U 03061B   05019.95833333  .00000000  00000-0  00000+0 0  9997
2 28141 027.6026 340.1632 8497400 193.4813 099.7853 00.86874635  1864
0 CZ-2C R/B
1 28141U 03061B   05021.08333333  .00000000  00000-0  00000+0 0  9999
2 28141 027.6010 340.0382 8497182 193.6759 091.6243 00.86871435  1865
0 CZ-2C R/B
1 28141U 03061B   05022.25000000  .00000000  00000-0  00000+0 0  9991
2 28141 027.5988 339.9085 8498050 193.8768 096.4942 00.86867336  1866
0 CZ-2C R/B
1 28141U 03061B   05023.37500000  .00000000  00000-0  00000+0 0  9990
2 28141 027.5984 339.7851 8499786 194.0715 088.3313 00.86863824  1863
0 CZ-2C R/B
1 28141U 03061B   05024.54166667  .00000000  00000-0  00000+0 0  9997
2 28141 027.5945 339.6557 8502203 194.2780 093.1865 00.86860977  1867
0 CZ-2C R/B
1 28141U 03061B   05025.70833333  .00000000  00000-0  00000+0 0  9997
2 28141 027.5895 339.5237 8504937 194.4939 098.0281 00.86859636  1865
0 CZ-2C R/B
1 28141U 03061B   05026.83333333  .00000000  00000-0  00000+0 0  9997
2 28141 027.5809 339.3949 8507732 194.7080 089.8250 00.86858755  1869
0 CZ-2C R/B
1 28141U 03061B   05028.00000000  .00000000  00000-0  00000+0 0  9990
2 28141 027.5704 339.2598 8510232 194.9376 094.6351 00.86858240  1866
0 CZ-2C R/B
1 28141U 03061B   05030.00000000  .00000000  00000-0  00000+0 0  9993
2 28141 027.5460 339.0198 8512951 195.3458 359.9914 00.86893736  1866
0 CZ-2C R/B
1 28141U 03061B   05031.12500000  .00000000  00000-0  00000+0 0  9992
2 28141 027.5332 338.8865 8513487 195.5737 351.7480 00.86889311  1872
0 CZ-2C R/B
1 28141U 03061B   05032.29166667  .00000000  00000-0  00000+0 0  9998
2 28141 027.5213 338.7485 8513234 195.8076 356.5429 00.86888916  1872
0 CZ-2C R/B
1 28141U 03061B   05033.41666667  .00000000  00000-0  00000+0 0  9998
2 28141 027.5120 338.6154 8512376 196.0296 348.3208 00.86890800  1873
0 CZ-2C R/B
1 28141U 03061B   05034.62500000  .00000000  00000-0  00000+0 0  9990
2 28141 027.5052 338.4700 8511382 196.2646 006.1867 00.86887833  1871
0 CZ-2C R/B
1 28141U 03061B   05035.75000000  .00000000  00000-0  00000+0 0  9990
2 28141 027.5015 338.3414 8510836 196.4697 358.0122 00.86881408  1877
0 CZ-2C R/B
1 28141U 03061B   05036.91666667  .00000000  00000-0  00000+0 0  9996
2 28141 027.4988 338.2095 8511251 196.6751 002.8845 00.86879263  1876
0 CZ-2C R/B
1 28141U 03061B   05038.04166667  .00000000  00000-0  00000+0 0  9997
2 28141 027.4953 338.0828 8513319 196.8721 354.7298 00.86882396  1878
0 CZ-2C R/B
1 28141U 03061B   05039.20833333  .00000000  00000-0  00000+0 0  9997
2 28141 027.4837 337.9473 8517118 197.0871 359.5841 00.86884218  1875
0 CZ-2C R/B
1 28141U 03061B   05040.37500000  .00000000  00000-0  00000+0 0  9999
2 28141 027.4619 337.8030 8521694 197.3241 004.3930 00.86895339  1879
0 CZ-2C R/B
1 28141U 03061B   05041.50000000  .00000000  00000-0  00000+0 0  9990
2 28141 027.4301 337.6553 8525513 197.5757 356.1159 00.86904683  1877
0 CZ-2C R/B
1 28141U 03061B   05042.62500000  .00000000  00000-0  00000+0 0  9999
2 28141 027.3947 337.5037 8527490 197.8390 347.8120 00.86897196  1875
0 CZ-2C R/B
1 28141U 03061B   05044.91666667  .00000000  00000-0  00000+0 0  9995
2 28141 027.3402 337.2003 8525371 198.3544 344.2905 00.86892124  1872
0 CZ-2C R/B
1 28141U 03061B   05046.08333333  .00000000  00000-0  00000+0 0  9996
2 28141 027.3262 337.0563 8523596 198.5918 349.1026 00.86884930  1873
0 CZ-2C R/B
1 28141U 03061B   05047.25000000  .00000000  00000-0  00000+0 0  9998
2 28141 027.3178 336.9167 8522370 198.8175 353.9398 00.86885962  1875
0 CZ-2C R/B
1 28141U 03061B   05049.54166667  .00000000  00000-0  00000+0 0  9994
2 28141 027.3085 336.6586 8522659 199.2334 350.6161 00.86886372  1874
0 CZ-2C R/B
1 28141U 03061B   05049.79166667  .00000000  00000-0  00000+0 0  9991
2 28141 027.3625 336.6596 8527123 199.2473 069.3719 00.86889786  1875
0 CZ-2C R/B
1 28141U 03061B   05050.66666667  .00000000  00000-0  00000+0 0  9994
2 28141 027.3027 336.5265 8524259 199.4459 342.4371 00.86888053  1871
0 CZ-2C R/B
1 28141U 03061B   05051.83333333  .00000000  00000-0  00000+0 0  9995
2 28141 027.2945 336.3882 8526436 199.6713 347.2746 00.86888211  1871
0 CZ-2C R/B
1 28141U 03061B   05053.00000000  .00000000  00000-0  00000+0 0  9998
2 28141 027.2847 336.2482 8528871 199.9028 352.0982 00.86893926  1879
0 CZ-2C R/B
1 28141U 03061B   05054.16666667  .00000000  00000-0  00000+0 0  9993
2 28141 027.2699 336.1095 8531329 200.1384 356.9048 00.86895077  1870
0 CZ-2C R/B
1 28141U 03061B   05055.29166667  .00000000  00000-0  00000+0 0  9993
2 28141 027.2541 335.9680 8533497 200.3780 348.6640 00.86894712  1874
0 CZ-2C R/B
1 28141U 03061B   05056.45833333  .00000000  00000-0  00000+0 0  9993
2 28141 027.2368 335.8192 8535026 200.6317 353.4471 00.86895397  1873
0 CZ-2C R/B
1 28141U 03061B   05057.58333333  .00000000  00000-0  00000+0 0  9993
2 28141 027.2191 335.6745 8535807 200.8805 345.1900 00.86895898  1871
0 CZ-2C R/B
1 28141U 03061B   05058.75000000  .00000000  00000-0  00000+0 0  9995
2 28141 027.2013 335.5239 8535714 201.1374 349.9679 00.86892671  1874
0 CZ-2C R/B
1 28141U 03061B   05059.91666667  .00000000  00000-0  00000+0 0  9991
2 28141 027.1868 335.3761 8534892 201.3883 354.7525 00.86892982  1871
0 CZ-2C R/B
1 28141U 03061B   05061.04166667  .00000000  00000-0  00000+0 0  9993
2 28141 027.1749 335.2360 8533645 201.6241 346.5212 00.86886106  1872
0 CZ-2C R/B
1 28141U 03061B   05062.20833333  .00000000  00000-0  00000+0 0  9993
2 28141 027.1654 335.0923 8532206 201.8610 351.3427 00.86885618  1873
0 CZ-2C R/B
1 28141U 03061B   05063.33333333  .00000000  00000-0  00000+0 0  9993
2 28141 027.1870 334.9816 8534541 202.0377 343.1307 00.86857906  1874
0 CZ-2C R/B
1 28141U 03061B   05064.50000000  .00000000  00000-0  00000+0 0  9995
2 28141 027.1538 334.8185 8531305 202.3019 348.0144 00.86885552  1875
0 CZ-2C R/B
1 28141U 03061B   05065.62500000  .00000000  00000-0  00000+0 0  9994
2 28141 027.1446 334.6820 8532832 202.5181 339.8436 00.86890170  1879
0 CZ-2C R/B
1 28141U 03061B   05066.79166667  .00000000  00000-0  00000+0 0  9990
2 28141 027.1277 334.5353 8535958 202.7521 344.6811 00.86888184  1876
0 CZ-2C R/B
1 28141U 03061B   05067.95833333  .00000000  00000-0  00000+0 0  9990
2 28141 027.1010 334.3785 8539689 203.0078 349.4757 00.86899357  1870
0 CZ-2C R/B
1 28141U 03061B   05069.12500000  .00000000  00000-0  00000+0 0  9993
2 28141 027.0632 334.2112 8542854 203.2865 354.2240 00.86902170  1875
0 CZ-2C R/B
1 28141U 03061B   05070.25000000  .00000000  00000-0  00000+0 0  9994
2 28141 027.0226 334.0422 8544117 203.5714 345.9109 00.86895025  1877
0 CZ-2C R/B
1 28141U 03061B   05071.41666667  .00000000  00000-0  00000+0 0  9990
2 28141 026.9874 333.8696 8542955 203.8618 350.6420 00.86896274  1874
0 CZ-2C R/B
1 28141U 03061B   05072.54166667  .00000000  00000-0  00000+0 0  9990
2 28141 026.9620 333.7109 8540528 204.1272 342.3748 00.86893368  1877
0 CZ-2C R/B
1 28141U 03061B   05073.70833333  .00000000  00000-0  00000+0 0  9990
2 28141 026.9450 333.5563 8537968 204.3815 347.1807 00.86882655  1875
0 CZ-2C R/B
1 28141U 03061B   05074.87500000  .00000000  00000-0  00000+0 0  9991
2 28141 026.9357 333.4098 8535932 204.6184 352.0131 00.86887655  1874
0 CZ-2C R/B
1 28141U 03061B   05076.00000000  .00000000  00000-0  00000+0 0  9993
2 28141 026.9286 333.2724 8535006 204.8399 343.8296 00.86884344  1873
0 CZ-2C R/B
1 28141U 03061B   05077.20833333  .00000000  00000-0  00000+0 0  9999
2 28141 026.9190 333.1264 8534979 205.0747 001.7181 00.86887284  1872
0 CZ-2C R/B
1 28141U 03061B   05078.37500000  .00000000  00000-0  00000+0 0  9990
2 28141 026.9104 332.9827 8535857 205.3072 006.5643 00.86888551  1873
0 CZ-2C R/B
1 28141U 03061B   05079.50000000  .00000000  00000-0  00000+0 0  9991
2 28141 026.8996 332.8416 8537280 205.5379 358.3656 00.86890207  1871
0 CZ-2C R/B
1 28141U 03061B   05080.66666667  .00000000  00000-0  00000+0 0  9997
2 28141 026.8851 332.6911 8538944 205.7852 003.1862 00.86890723  1872
0 CZ-2C R/B
1 28141U 03061B   05081.83333333  .00000000  00000-0  00000+0 0  9998
2 28141 026.8680 332.5372 8540465 206.0406 007.9861 00.86895766  1875
0 CZ-2C R/B
1 28141U 03061B   05082.95833333  .00000000  00000-0  00000+0 0  9997
2 28141 026.8500 332.3850 8541862 206.2912 359.7487 00.86894859  1875
0 CZ-2C R/B
1 28141U 03061B   05084.12500000  .00000000  00000-0  00000+0 0  9990
2 28141 026.8295 332.2262 8542411 206.5585 004.5243 00.86898909  1877
0 CZ-2C R/B
1 28141U 03061B   05085.25000000  .00000000  00000-0  00000+0 0  9990
2 28141 026.8093 332.0721 8542320 206.8193 356.2632 00.86893400  1878
0 CZ-2C R/B
1 28141U 03061B   05086.41666667  .00000000  00000-0  00000+0 0  9996
2 28141 026.7911 331.9134 8541195 207.0869 001.0411 00.86896568  1872
0 CZ-2C R/B
1 28141U 03061B   05087.54166667  .00000000  00000-0  00000+0 0  9996
2 28141 026.7757 331.7629 8539369 207.3408 352.7963 00.86897550  1879
0 CZ-2C R/B
1 28141U 03061B   05088.70833333  .00000000  00000-0  00000+0 0  9996
2 28141 026.7629 331.6114 8537159 207.5932 357.6025 00.86887251  1874
0 CZ-2C R/B
1 28141U 03061B   05089.87500000  .00000000  00000-0  00000+0 0  9997
2 28141 026.7554 331.4657 8534834 207.8321 002.4310 00.86891008  1870
0 CZ-2C R/B
1 28141U 03061B   05091.00000000  .00000000  00000-0  00000+0 0  9990
2 28141 026.7492 331.3288 8533196 208.0539 354.2483 00.86885270  1877
0 CZ-2C R/B
1 28141U 03061B   05092.16666667  .00000000  00000-0  00000+0 0  9995
2 28141 026.7423 331.1869 8532643 208.2797 359.1111 00.86885880  1877
0 CZ-2C R/B
1 28141U 03061B   05093.33333333  .00000000  00000-0  00000+0 0  9996
2 28141 026.7324 331.0418 8533292 208.5086 003.9845 00.86890571  1872
0 CZ-2C R/B
1 28141U 03061B   05094.45833333  .00000000  00000-0  00000+0 0  9995
2 28141 026.7134 330.8918 8535512 208.7462 355.7916 00.86892793  1875
0 CZ-2C R/B
1 28141U 03061B   05095.62500000  .00000000  00000-0  00000+0 0  9997
2 28141 026.6831 330.7226 8538279 209.0155 000.5928 00.86891865  1872
0 CZ-2C R/B
1 28141U 03061B   05096.79166667  .00000000  00000-0  00000+0 0  9993
2 28141 026.6488 330.5486 8540225 209.3037 005.3547 00.86901482  1879
0 CZ-2C R/B
1 28141U 03061B   05097.91666667  .00000000  00000-0  00000+0 0  9993
2 28141 026.6087 330.3673 8540424 209.5997 357.0513 00.86895961  1872
0 CZ-2C R/B
1 28141U 03061B   05099.08333333  .00000000  00000-0  00000+0 0  9994
2 28141 026.5747 330.1858 8538352 209.8969 001.7892 00.86898039  1878
0 CZ-2C R/B
1 28141U 03061B   05100.20833333  .00000000  00000-0  00000+0 0  9996
2 28141 026.5513 330.0210 8535047 210.1663 353.5288 00.86896960  1872
0 CZ-2C R/B
1 28141U 03061B   05101.37500000  .00000000  00000-0  00000+0 0  9997
2 28141 026.5373 329.8650 8531663 210.4213 358.3440 00.86888827  1870
0 CZ-2C R/B
1 28141U 03061B   05102.54166667  .00000000  00000-0  00000+0 0  9994
2 28141 026.5293 329.7177 8528879 210.6595 003.1894 00.86888011  1877
0 CZ-2C R/B
1 28141U 03061B   05103.66666667  .00000000  00000-0  00000+0 0  9993
2 28141 026.5218 329.5655 8526931 210.8921 355.0268 00.86886303  1871
0 CZ-2C R/B
1 28141U 03061B   05103.81824146 -.00000001  00000-0  00000+0 0  9990
2 28141 026.6164 329.7050 8512982 210.6130 042.8298 00.86870066  1945
0 CZ-2C R/B
1 28141U 03061B   05104.79166667  .00000000  00000-0  00000+0 0  9993
2 28141 026.5166 329.4296 8526248 211.1095 346.8574 00.86884302  1875
0 CZ-2C R/B
1 28141U 03061B   05105.95833333  .00000000  00000-0  00000+0 0  9993
2 28141 026.5087 329.2858 8526285 211.3391 351.7143 00.86888229  1870
0 CZ-2C R/B
1 28141U 03061B   05107.12500000  .00000000  00000-0  00000+0 0  9996
2 28141 026.4980 329.1374 8526898 211.5776 356.5589 00.86893313  1879
0 CZ-2C R/B
1 28141U 03061B   05108.25000000  .00000000  00000-0  00000+0 0  9996
2 28141 026.4844 328.9900 8527821 211.8165 348.3563 00.86892640  1875
0 CZ-2C R/B
1 28141U 03061B   05109.41666667  .00000000  00000-0  00000+0 0  9992
2 28141 026.4686 328.8337 8528635 212.0719 353.1723 00.86894648  1876
0 CZ-2C R/B
1 28141U 03061B   05109.56643284 -.00000001  00000-0  00000+0 0  9990
2 28141 026.5258 328.9405 8512446 211.8995 040.3134 00.86869588  1871
0 CZ-2C R/B
1 28141U 03061B   05111.70833333  .00000000  00000-0  00000+0 0  9993
2 28141 026.4338 328.4975 8528973 212.6061 349.7377 00.86893389  1872
0 CZ-2C R/B
1 28141U 03061B   05112.87500000  .00000000  00000-0  00000+0 0  9994
2 28141 026.4154 328.3390 8528033 212.8715 354.5262 00.86854015  1873
0 CZ-2C R/B
1 28141U 03061B   05112.87500000  .00000000  00000-0  00000+0 0  9994
2 28141 026.4163 328.3371 8527988 212.8727 354.5233 00.86893369  1876
0 CZ-2C R/B
1 28141U 03061B   05114.00000000  .00000000  00000-0  00000+0 0  9996
2 28141 026.4001 328.1831 8526134 213.1289 346.2762 00.86892456  1876
0 CZ-2C R/B
1 28141U 03061B   05115.16666667  .00000000  00000-0  00000+0 0  9991
2 28141 026.3878 328.0289 8523530 213.3851 351.0782 00.86891866  1877
0 CZ-2C R/B
1 28141U 03061B   05116.33333333  .00000000  00000-0  00000+0 0  9992
2 28141 026.3799 327.8812 8520483 213.6294 355.9023 00.86890770  1870
0 CZ-2C R/B
1 28141U 03061B   05117.45833333  .00000000  00000-0  00000+0 0  9991
2 28141 026.3753 327.7450 8517633 213.8528 347.7188 00.86884962  1879
0 CZ-2C R/B
1 28141U 03061B   05119.75000000  .00000000  00000-0  00000+0 0  9993
2 28141 026.3679 327.4906 8514487 214.2728 344.4412 00.86881777  1875
0 CZ-2C R/B
1 28141U 03061B   05120.91666667  .00000000  00000-0  00000+0 0  9990
2 28141 026.3578 327.3461 8514998 214.4964 349.3166 00.86886196  1879
0 CZ-2C R/B
1 28141U 03061B   05120.95833333  .00000000  00000-0  00000+0 0  9990
2 28141 026.3576 327.3427 8515604 214.5083 002.3378 00.86873407  1879
0 CZ-2C R/B
1 28141U 03061B   05122.08333333  .00000000  00000-0  00000+0 0  9991
2 28141 026.3387 327.1878 8516752 214.7407 354.1665 00.86890266  1873
0 CZ-2C R/B
1 28141U 03061B   05123.20833333  .00000000  00000-0  00000+0 0  9991
2 28141 026.3103 327.0176 8518712 215.0042 345.9433 00.86898446  1875
0 CZ-2C R/B
1 28141U 03061B   05124.37500000  .00000000  00000-0  00000+0 0  9992
2 28141 026.2758 326.8320 8519863 215.2965 350.7172 00.86898328  1875
0 CZ-2C R/B
1 28141U 03061B   05124.51579164 -.00000001  00000-0  00000+0 0  9997
2 28141 026.3768 326.9699 8509066 215.0352 035.2485 00.86871448  1864
0 CZ-2C R/B
1 28141U 03061B   05125.54166667  .00000000  00000-0  00000+0 0  9999
2 28141 026.2411 326.6419 8519127 215.5975 355.4726 00.86896420  1873
0 CZ-2C R/B
1 28141U 03061B   05126.70833333  .00000000  00000-0  00000+0 0  9999
2 28141 026.2139 326.4618 8516521 215.8860 000.2347 00.86894858  1877
0 CZ-2C R/B
1 28141U 03061B   05127.87500000  .00000000  00000-0  00000+0 0  9990
2 28141 026.1967 326.3061 8513037 216.1421 005.0375 00.86889782  1876
0 CZ-2C R/B
1 28141U 03061B   05129.00000000  .00000000  00000-0  00000+0 0  9992
2 28141 026.1868 326.1597 8509274 216.3779 356.8342 00.86885735  1879
0 CZ-2C R/B
1 28141U 03061B   05130.16666667  .00000000  00000-0  00000+0 0  9998
2 28141 026.1833 326.0205 8506164 216.6017 001.6956 00.86885958  1872
0 CZ-2C R/B
1 28141U 03061B   05131.29166667  .00000000  00000-0  00000+0 0  9998
2 28141 026.1818 325.8905 8504078 216.8092 353.5409 00.86887630  1877
0 CZ-2C R/B
1 28141U 03061B   05132.45833333  .00000000  00000-0  00000+0 0  9998
2 28141 026.1797 325.7557 8503068 217.0250 358.4241 00.86887462  1873
0 CZ-2C R/B
1 28141U 03061B   05133.58333333  .00000000  00000-0  00000+0 0  9998
2 28141 026.1741 325.6214 8502909 217.2371 350.2640 00.86885192  1871
0 CZ-2C R/B
1 28141U 03061B   05134.75000000  .00000000  00000-0  00000+0 0  9990
2 28141 026.1672 325.4798 8503297 217.4619 355.1265 00.86888093  1877
0 CZ-2C R/B
1 28141U 03061B   05135.87500000  .00000000  00000-0  00000+0 0  9999
2 28141 026.1567 325.3365 8503879 217.6898 346.9403 00.86891754  1876
0 CZ-2C R/B
1 28141U 03061B   05137.04166667  .00000000  00000-0  00000+0 0  9997
2 28141 026.1437 325.1838 8504498 217.9345 351.7730 00.86891154  1874
0 CZ-2C R/B
1 28141U 03061B   05138.20833333  .00000000  00000-0  00000+0 0  9997
2 28141 026.1338 325.0184 8504733 218.1941 356.5969 00.86892453  1874
0 CZ-2C R/B
1 28141U 03061B   05138.20833333  .00000000  00000-0  00000+0 0  9997
2 28141 026.1338 325.0184 8504733 218.1941 356.5969 00.86892453  1874
0 CZ-2C R/B
1 28141U 03061B   05139.33333333  .00000000  00000-0  00000+0 0  9997
2 28141 026.1185 324.8632 8504392 218.4461 348.3734 00.86892749  1877
0 CZ-2C R/B
1 28141U 03061B   05139.46858275 -.00000001  00000-0  00000+0 0  9990
2 28141 026.2166 325.0023 8506081 218.1754 031.1480 00.86870004  1878
0 CZ-2C R/B
1 28141U 03061B   05140.50000000  .00000000  00000-0  00000+0 0  9990
2 28141 026.1041 324.7048 8503206 218.7043 353.1790 00.86891342  1874
0 CZ-2C R/B
1 28141U 03061B   05141.62500000  .00000000  00000-0  00000+0 0  9999
2 28141 026.0928 324.5563 8501175 218.9480 344.9511 00.86892056  1879
0 CZ-2C R/B
1 28141U 03061B   05142.79166667  .00000000  00000-0  00000+0 0  9995
2 28141 026.0854 324.4115 8498477 219.1883 349.7717 00.86886514  1872
0 CZ-2C R/B
1 28141U 03061B   05143.95833333  .00000000  00000-0  00000+0 0  9995
2 28141 026.0816 324.2735 8495311 219.4158 354.6103 00.86885771  1876
0 CZ-2C R/B
1 28141U 03061B   05145.08333333  .00000000  00000-0  00000+0 0  9996
2 28141 026.0814 324.1480 8492385 219.6211 346.4447 00.86881714  1873
0 CZ-2C R/B
1 28141U 03061B   05146.25000000  .00000000  00000-0  00000+0 0  9998
2 28141 026.0816 324.0259 8490207 219.8205 351.3405 00.86882792  1870
0 CZ-2C R/B
1 28141U 03061B   05147.37500000  .00000000  00000-0  00000+0 0  9997
2 28141 026.0796 323.9008 8489550 220.0152 343.2109 00.86882453  1876
0 CZ-2C R/B
1 28141U 03061B   05148.54166667  .00000000  00000-0  00000+0 0  9994
2 28141 026.0701 323.7587 8490426 220.2306 348.1004 00.86884387  1875
0 CZ-2C R/B
1 28141U 03061B   05149.75000000  .00000000  00000-0  00000+0 0  9996
2 28141 026.0526 323.5964 8492412 220.4759 005.9953 00.86889992  1876
0 CZ-2C R/B
1 28141U 03061B   05150.83333333  .00000000  00000-0  00000+0 0  9995
2 28141 026.0257 323.4291 8494433 220.7282 344.7477 00.86892780  1872
0 CZ-2C R/B
1 28141U 03061B   05152.00000000  .00000000  00000-0  00000+0 0  9998
2 28141 025.9951 323.2407 8495298 221.0163 349.5330 00.86897346  1874
0 CZ-2C R/B
1 28141U 03061B   05153.16666667  .00000000  00000-0  00000+0 0  9993
2 28141 025.9636 323.0617 8494432 221.3004 354.3129 00.86896233  1875
0 CZ-2C R/B
1 28141U 03061B   05154.29166667  .00000000  00000-0  00000+0 0  9993
2 28141 025.9442 322.8970 8491923 221.5631 346.0702 00.86888235  1877
0 CZ-2C R/B
1 28141U 03061B   05155.45833333  .00000000  00000-0  00000+0 0  9993
2 28141 025.9320 322.7393 8488445 221.8151 350.8906 00.86882245  1879
0 CZ-2C R/B
1 28141U 03061B   05156.58333333  .00000000  00000-0  00000+0 0  9993
2 28141 025.9285 322.6057 8484982 222.0299 342.7097 00.86883329  1878
0 CZ-2C R/B
1 28141U 03061B   05157.75000000  .00000000  00000-0  00000+0 0  9995
2 28141 025.9290 322.4791 8482322 222.2347 347.5892 00.86880192  1870
0 CZ-2C R/B
1 28141U 03061B   05158.91666667  .00000000  00000-0  00000+0 0  9991
2 28141 025.9298 322.3543 8480656 222.4337 352.4790 00.86883538  1870
0 CZ-2C R/B
1 28141U 03061B   05160.08333333  .00000000  00000-0  00000+0 0  9993
2 28141 025.9320 322.2229 8480115 222.6375 357.3794 00.86885454  1877
0 CZ-2C R/B
1 28141U 03061B   05161.20833333  .00000000  00000-0  00000+0 0  9993
2 28141 025.9292 322.0967 8480396 222.8365 349.2361 00.86885496  1870
0 CZ-2C R/B
1 28141U 03061B   05162.37500000  .00000000  00000-0  00000+0 0  9994
2 28141 025.9232 321.9588 8481204 223.0528 354.1138 00.86886587  1873
0 CZ-2C R/B
1 28141U 03061B   05163.50000000  .00000000  00000-0  00000+0 0  9995
2 28141 025.9144 321.8177 8482145 223.2737 345.9390 00.86892159  1877
0 CZ-2C R/B
1 28141U 03061B   05164.66666667  .00000000  00000-0  00000+0 0  9990
2 28141 025.9043 321.6708 8483176 223.5073 350.7860 00.86889271  1871
0 CZ-2C R/B
1 28141U 03061B   05165.83333333  .00000000  00000-0  00000+0 0  9991
2 28141 025.8924 321.5182 8483737 223.7502 355.6179 00.86891872  1872
0 CZ-2C R/B
1 28141U 03061B   05166.95833333  .00000000  00000-0  00000+0 0  9990
2 28141 025.8804 321.3692 8483822 223.9892 347.4076 00.86890150  1875
0 CZ-2C R/B
1 28141U 03061B   05168.12500000  .00000000  00000-0  00000+0 0  9993
2 28141 025.8678 321.2186 8483253 224.2314 352.2331 00.86892389  1876
0 CZ-2C R/B
1 28141U 03061B   05169.25000000  .00000000  00000-0  00000+0 0  9993
2 28141 025.8594 321.0765 8481789 224.4649 344.0240 00.86888650  1873
0 CZ-2C R/B
1 28141U 03061B   05170.41666667  .00000000  00000-0  00000+0 0  9990
2 28141 025.8540 320.9353 8479510 224.6967 348.8583 00.86887075  1871
0 CZ-2C R/B
1 28141U 03061B   05171.54166667  .00000000  00000-0  00000+0 0  9990
2 28141 025.8531 320.8103 8476946 224.9036 340.6794 00.86882691  1876
0 CZ-2C R/B
1 28141U 03061B   05172.70833333  .00000000  00000-0  00000+0 0  9990
2 28141 025.8552 320.6901 8474543 225.1019 345.5601 00.86878971  1875
0 CZ-2C R/B
1 28141U 03061B   05173.87500000  .00000000  00000-0  00000+0 0  9991
2 28141 025.8572 320.5714 8473026 225.2917 350.4611 00.86880823  1876
0 CZ-2C R/B
1 28141U 03061B   05175.04166667  .00000000  00000-0  00000+0 0  9999
2 28141 025.8566 320.4448 8473112 225.4872 355.3793 00.86883689  1878
0 CZ-2C R/B
1 28141U 03061B   05176.16666667  .00000000  00000-0  00000+0 0  9998
2 28141 025.8472 320.3085 8474870 225.6905 347.2493 00.86886271  1878
0 CZ-2C R/B
1 28141U 03061B   05177.33333333  .00000000  00000-0  00000+0 0  9999
2 28141 025.8275 320.1432 8477680 225.9334 352.1175 00.86889367  1875
0 CZ-2C R/B
1 28141U 03061B   05178.45833333  .00000000  00000-0  00000+0 0  9998
2 28141 025.8000 319.9603 8480243 226.2018 343.9034 00.86894782  1878
0 CZ-2C R/B
1 28141U 03061B   05180.79166667  .00000000  00000-0  00000+0 0  9997
2 28141 025.7462 319.5820 8480914 226.7785 353.4799 00.86892623  1873
0 CZ-2C R/B
1 28141U 03061B   05181.91666667  .00000000  00000-0  00000+0 0  9997
2 28141 025.7304 319.4191 8478812 227.0351 345.2492 00.86886951  1871
0 CZ-2C R/B
1 28141U 03061B   05183.08333333  .00000000  00000-0  00000+0 0  9998
2 28141 025.7232 319.2720 8475976 227.2715 350.0851 00.86886211  1873
0 CZ-2C R/B
1 28141U 03061B   05184.20833333  .00000000  00000-0  00000+0 0  9998
2 28141 025.7218 319.1452 8473365 227.4773 341.9198 00.86887399  1875
0 CZ-2C R/B
1 28141U 03061B   05185.37500000  .00000000  00000-0  00000+0 0  9999
2 28141 025.7220 319.0214 8471650 227.6775 346.8098 00.86879784  1874
0 CZ-2C R/B
1 28141U 03061B   05186.54166667  .00000000  00000-0  00000+0 0  9996
2 28141 025.7231 318.9003 8470895 227.8706 351.7085 00.86883310  1877
0 CZ-2C R/B
1 28141U 03061B   05187.66666667  .00000000  00000-0  00000+0 0  9995
2 28141 025.7222 318.7810 8471189 228.0588 343.5765 00.86882975  1879
0 CZ-2C R/B
1 28141U 03061B   05188.83333333  .00000000  00000-0  00000+0 0  9996
2 28141 025.7181 318.6487 8472252 228.2652 348.4660 00.86887008  1878
0 CZ-2C R/B
1 28141U 03061B   05190.00000000  .00000000  00000-0  00000+0 0  9990
2 28141 025.7134 318.5100 8473728 228.4845 353.3550 00.86889971  1876
0 CZ-2C R/B
1 28141U 03061B   05191.12500000  .00000000  00000-0  00000+0 0  9999
2 28141 025.7041 318.3677 8475534 228.7059 345.1868 00.86889802  1871
0 CZ-2C R/B
1 28141U 03061B   05192.29166667  .00000000  00000-0  00000+0 0  9995
2 28141 025.6926 318.2138 8477194 228.9458 350.0370 00.86889934  1871
0 CZ-2C R/B
1 28141U 03061B   05193.41666667  .00000000  00000-0  00000+0 0  9995
2 28141 025.6805 318.0598 8478383 229.1868 341.8358 00.86895242  1877
0 CZ-2C R/B
1 28141U 03061B   05193.54117274  .00000001  00000-0  12897-3 0  9996
2 28141 025.6874 317.9614 8482832 229.2940 020.6752 00.86895010  1879
0 CZ-2C R/B
1 28141U 03061B   05194.58333333  .00000000  00000-0  00000+0 0  9995
2 28141 025.6691 317.9049 8479169 229.4343 346.6636 00.86890224  1870
0 CZ-2C R/B
1 28141U 03061B   05195.75000000  .00000000  00000-0  00000+0 0  9997
2 28141 025.6587 317.7504 8479099 229.6828 351.4847 00.86891336  1873
0 CZ-2C R/B
1 28141U 03061B   05196.87500000  .00000000  00000-0  00000+0 0  9996
2 28141 025.6506 317.6065 8478366 229.9170 343.2772 00.86888217  1874
0 CZ-2C R/B
1 28141U 03061B   05198.04166667  .00000000  00000-0  00000+0 0  9994
2 28141 025.6460 317.4666 8476903 230.1475 348.1156 00.86888114  1871
0 CZ-2C R/B
1 28141U 03061B   05199.16666667  .00000000  00000-0  00000+0 0  9993
2 28141 025.6451 317.3438 8475086 230.3529 339.9407 00.86887643  1873
0 CZ-2C R/B
1 28141U 03061B   05200.33333333  .00000000  00000-0  00000+0 0  9996
2 28141 025.6448 317.2179 8473492 230.5585 344.8219 00.86882832  1874
0 CZ-2C R/B
1 28141U 03061B   05201.50000000  .00000000  00000-0  00000+0 0  9998
2 28141 025.6452 317.1004 8473033 230.7460 349.7370 00.86883197  1877
0 CZ-2C R/B
1 28141U 03061B   05201.59473222 -.00000001  00000-0  00000+0 0  9999
2 28141 025.5433 316.7825 8499961 231.1382 019.1449 00.86870618  1887
0 CZ-2C R/B
1 28141U 03061B   05202.66666667  .00000000  00000-0  00000+0 0  9993
2 28141 025.6411 316.9704 8473886 230.9447 354.6518 00.86884226  1872
0 CZ-2C R/B
1 28141U 03061B   05203.79166667  .00000000  00000-0  00000+0 0  9993
2 28141 025.6285 316.8240 8476503 231.1586 346.5185 00.86886386  1870
0 CZ-2C R/B
1 28141U 03061B   05204.95833333  .00000000  00000-0  00000+0 0  9993
2 28141 025.6064 316.6424 8480116 231.4197 351.3809 00.86894481  1875
0 CZ-2C R/B
1 28141U 03061B   05206.08333333  .00000000  00000-0  00000+0 0  9994
2 28141 025.5771 316.4421 8483434 231.7087 343.1619 00.86899209  1872
0 CZ-2C R/B
1 28141U 03061B   05208.41666667  .00000000  00000-0  00000+0 0  9992
2 28141 025.5235 316.0320 8484897 232.3216 352.7221 00.86893779  1877
0 CZ-2C R/B
1 28141U 03061B   05209.54166667  .00000000  00000-0  00000+0 0  9992
2 28141 025.5096 315.8665 8483241 232.5825 344.4914 00.86887561  1870
0 CZ-2C R/B
1 28141U 03061B   05211.87500000  .00000000  00000-0  00000+0 0  9994
2 28141 025.5005 315.5838 8479219 233.0397 354.1908 00.86888188  1876
0 CZ-2C R/B
1 28141U 03061B   05213.00000000  .00000000  00000-0  00000+0 0  9996
2 28141 025.4994 315.4618 8478376 233.2380 346.0463 00.86883257  1872
0 CZ-2C R/B
1 28141U 03061B   05214.16666667  .00000000  00000-0  00000+0 0  9991
2 28141 025.4974 315.3336 8478478 233.4423 350.9428 00.86885163  1872
0 CZ-2C R/B
1 28141U 03061B   05215.29166667  .00000000  00000-0  00000+0 0  9991
2 28141 025.4926 315.2010 8479493 233.6478 342.8025 00.86887134  1870
0 CZ-2C R/B
1 28141U 03061B   05216.50000000  .00000000  00000-0  00000+0 0  9994
2 28141 025.4852 315.0522 8481253 233.8803 000.7328 00.86891937  1877
0 CZ-2C R/B
1 28141U 03061B   05216.55311696 -.00000003  00000-0  00000+0 0  9999
2 28141 025.4189 314.7258 8497835 234.3573 016.8384 00.86869326  1872
0 CZ-2C R/B
1 28141U 03061B   05217.62500000 +.00000000 +00000-0 +00000-0 0  9994
2 28141 025.4752 314.9049 8483528 234.1065 352.5704 00.86889553001876
0 CZ-2C R/B
1 28141U 03061B   05218.79166667  .00000000  00000-0  00000+0 0  9999
2 28141 025.4629 314.7426 8485897 234.3548 357.4235 00.86890684  1875
0 CZ-2C R/B
1 28141U 03061B   05219.91666667  .00000000  00000-0  00000+0 0  9999
2 28141 025.4496 314.5784 8488031 234.6069 349.2285 00.86895354  1879
0 CZ-2C R/B
1 28141U 03061B   05221.08333333  .00000000  00000-0  00000+0 0  9991
2 28141 025.4357 314.4079 8489805 234.8726 354.0561 00.86894011  1873
0 CZ-2C R/B
1 28141U 03061B   05222.25000000  .00000000  00000-0  00000+0 0  9993
2 28141 025.4225 314.2359 8490859 235.1423 358.8745 00.86896072  1870
0 CZ-2C R/B
1 28141U 03061B   05223.41666667  .00000000  00000-0  00000+0 0  9999
2 28141 025.4104 314.0686 8491289 235.4081 003.6931 00.86895308  1871
0 CZ-2C R/B
1 28141U 03061B   05224.54166667  .00000000  00000-0  00000+0 0  9999
2 28141 025.4018 313.9169 8490981 235.6545 355.4784 00.86891836  1870
0 CZ-2C R/B
1 28141U 03061B   05225.70833333  .00000000  00000-0  00000+0 0  9999
2 28141 025.3955 313.7687 8490014 235.8981 000.3068 00.86890323  1876
0 CZ-2C R/B
1 28141U 03061B   05226.83333333  .00000000  00000-0  00000+0 0  9999
2 28141 025.3924 313.6349 8488750 236.1194 352.1216 00.86891283  1879
0 CZ-2C R/B
1 28141U 03061B   05228.00000000  .00000000  00000-0  00000+0 0  9992
2 28141 025.3906 313.5049 8487756 236.3345 356.9951 00.86886683  1876
0 CZ-2C R/B
1 28141U 03061B   05229.16666667  .00000000  00000-0  00000+0 0  9997
2 28141 025.3882 313.3745 8487558 236.5441 001.8899 00.86886936  1877
0 CZ-2C R/B
1 28141U 03061B   05230.29166667  .00000000  00000-0  00000+0 0  9998
2 28141 025.3806 313.2366 8488922 236.7538 353.7645 00.86884875  1874
0 CZ-2C R/B
1 28141U 03061B   05231.45833333  .00000000  00000-0  00000+0 0  9998
2 28141 025.3656 313.0647 8491810 237.0023 358.6546 00.86891735  1877
0 CZ-2C R/B
1 28141U 03061B   05232.58333333  .00000000  00000-0  00000+0 0  9998
2 28141 025.3411 312.8660 8495792 237.2823 350.4725 00.86894369  1876
0 CZ-2C R/B
1 28141U 03061B   05233.75000000  .00000000  00000-0  00000+0 0  9990
2 28141 025.3101 312.6331 8499433 237.6118 355.2717 00.86897726  1876
0 CZ-2C R/B
1 28141U 03061B   05236.04166667  .00000000  00000-0  00000+0 0  9997
2 28141 025.2586 312.1885 8501052 238.2708 351.7730 00.86896722  1875
0 CZ-2C R/B
1 28141U 03061B   05237.20833333  .00000000  00000-0  00000+0 0  9997
2 28141 025.2442 311.9994 8499370 238.5653 356.5640 00.86894491  1879
0 CZ-2C R/B
1 28141U 03061B   05238.33333333  .00000000  00000-0  00000+0 0  9997
2 28141 025.2366 311.8460 8497402 238.8128 348.3549 00.86887797  1873
0 CZ-2C R/B
1 28141U 03061B   05239.50000000  .00000000  00000-0  00000+0 0  9999
2 28141 025.2333 311.7061 8495857 239.0424 353.2119 00.86887394  1878
0 CZ-2C R/B
1 28141U 03061B   05240.62500000  .00000000  00000-0  00000+0 0  9999
2 28141 025.2299 311.5727 8495212 239.2576 345.0520 00.86888692  1878
0 CZ-2C R/B
1 28141U 03061B   05241.79166667  .00000000  00000-0  00000+0 0  9995
2 28141 025.2250 311.4305 8495661 239.4829 349.9343 00.86887795  1876
0 CZ-2C R/B
1 28141U 03061B   05242.95833333  .00000000  00000-0  00000+0 0  9995
2 28141 025.2185 311.2812 8496928 239.7172 354.8168 00.86892822  1872
0 CZ-2C R/B
1 28141U 03061B   05244.08333333  .00000000  00000-0  00000+0 0  9996
2 28141 025.2080 311.1210 8498907 239.9605 346.6544 00.86891914  1877
0 CZ-2C R/B
1 28141U 03061B   05245.25000000  .00000000  00000-0  00000+0 0  9998
2 28141 025.1953 310.9451 8501201 240.2254 351.5084 00.86891763  1872
0 CZ-2C R/B
1 28141U 03061B   05246.37500000  .00000000  00000-0  00000+0 0  9997
2 28141 025.1820 310.7678 8503515 240.4929 343.3124 00.86897159  1874
0 CZ-2C R/B
1 28141U 03061B   05247.54166667  .00000000  00000-0  00000+0 0  9994
2 28141 025.1673 310.5808 8505643 240.7779 348.1359 00.86895223  1876
0 CZ-2C R/B
1 28141U 03061B   05248.70833333  .00000000  00000-0  00000+0 0  9994
2 28141 025.1528 310.3900 8507213 241.0707 352.9445 00.86898968  1874
0 CZ-2C R/B
1 28141U 03061B   05249.83333333  .00000000  00000-0  00000+0 0  9994
2 28141 025.1393 310.2076 8508201 241.3545 344.7130 00.86896141  1879
0 CZ-2C R/B
1 28141U 03061B   05251.00000000  .00000000  00000-0  00000+0 0  9998
2 28141 025.1280 310.0276 8508371 241.6408 349.5148 00.86896108  1878
0 CZ-2C R/B
1 28141U 03061B   05254.45833333  .00000000  00000-0  00000+0 0  9993
2 28141 025.1085 309.5544 8505495 242.4152 350.9448 00.86890271  1875
0 CZ-2C R/B
1 28141U 03061B   05254.45833333  .00000000  00000-0  00000+0 0  9993
2 28141 025.1085 309.5544 8505495 242.4152 350.9448 00.86890270  1874
0 CZ-2C R/B
1 28141U 03061B   05255.58333333  .00000000  00000-0  00000+0 0  9993
2 28141 025.1055 309.4189 8504390 242.6393 342.7682 00.86890102  1870
0 CZ-2C R/B
1 28141U 03061B   05256.75000000  .00000000  00000-0  00000+0 0  9995
2 28141 025.1010 309.2765 8504191 242.8681 347.6466 00.86887596  1877
0 CZ-2C R/B
1 28141U 03061B   05257.91666667  .00000000  00000-0  00000+0 0  9991
2 28141 025.0929 309.1181 8505240 243.1099 352.5343 00.86891750  1875
0 CZ-2C R/B
1 28141U 03061B   05259.04166667  .00000000  00000-0  00000+0 0  9992
2 28141 025.0772 308.9345 8507846 243.3747 344.3764 00.86893313  1879
0 CZ-2C R/B
1 28141U 03061B   05260.20833333  .00000000  00000-0  00000+0 0  9993
2 28141 025.0535 308.7051 8511366 243.6950 349.2123 00.86896278  1875
0 CZ-2C R/B
1 28141U 03061B   05261.37500000  .00000000  00000-0  00000+0 0  9994
2 28141 025.0263 308.4495 8514510 244.0533 353.9995 00.86904351  1879
0 CZ-2C R/B
1 28141U 03061B   05262.50000000  .00000000  00000-0  00000+0 0  9995
2 28141 024.9997 308.1977 8516039 244.4146 345.7149 00.86899795  1870
0 CZ-2C R/B
1 28141U 03061B   05263.66666667  .00000000  00000-0  00000+0 0  9990
2 28141 024.9804 307.9640 8515387 244.7651 350.4625 00.86898965  1870
0 CZ-2C R/B
1 28141U 03061B   05264.79166667  .00000000  00000-0  00000+0 0  9990
2 28141 024.9689 307.7764 8513297 245.0618 342.2051 00.86890434  1876
0 CZ-2C R/B
1 28141U 03061B   05265.95833333  .00000000  00000-0  00000+0 0  9990
2 28141 024.9632 307.6148 8510764 245.3282 347.0196 00.86889262  1875
0 CZ-2C R/B
1 28141U 03061B   05267.08333333  .00000000  00000-0  00000+0 0  9991
2 28141 024.9597 307.4713 8508744 245.5650 338.8317 00.86888760  1872
0 CZ-2C R/B
1 28141U 03061B   05268.25000000  .00000000  00000-0  00000+0 0  9993
2 28141 024.9560 307.3262 8507768 245.8015 343.6945 00.86886588  1870
0 CZ-2C R/B
1 28141U 03061B   05269.41666667  .00000000  00000-0  00000+0 0  9999
2 28141 024.9514 307.1766 8507719 246.0404 348.5647 00.86890545  1878
0 CZ-2C R/B
1 28141U 03061B   05270.54166667  .00000000  00000-0  00000+0 0  9990
2 28141 024.9437 307.0189 8508594 246.2844 340.3956 00.86889832  1872
0 CZ-2C R/B
1 28141U 03061B   05271.70833333  .00000000  00000-0  00000+0 0  9990
2 28141 024.9342 306.8431 8510043 246.5517 345.2506 00.86893116  1871
0 CZ-2C R/B
1 28141U 03061B   05272.87500000  .00000000  00000-0  00000+0 0  9991
2 28141 024.9233 306.6556 8511756 246.8349 350.0929 00.86897525  1875
0 CZ-2C R/B
1 28141U 03061B   05274.00000000  .00000000  00000-0  00000+0 0  9993
2 28141 024.9106 306.4615 8513546 247.1256 341.8867 00.86897379  1874
0 CZ-2C R/B
1 28141U 03061B   05275.12500000  .00000000  00000-0  00000+0 0  9992
2 28141 024.8974 306.2636 8515035 247.4236 333.6617 00.86893048  1874
0 CZ-2C R/B
1 28141U 03061B   05276.29166667  .00000000  00000-0  00000+0 0  9998
2 28141 024.8858 306.0648 8515954 247.7296 338.4593 00.86893232  1876
0 CZ-2C R/B
1 28141U 03061B   05277.41666667  .00000000  00000-0  00000+0 0  9998
2 28141 024.8758 305.8751 8516018 248.0258 330.2131 00.86898085  1870
0 CZ-2C R/B
1 28141U 03061B   05278.58333333  .00000000  00000-0  00000+0 0  9998
2 28141 024.8672 305.6910 8515479 248.3209 335.0031 00.86893000  1873
0 CZ-2C R/B
1 28141U 03061B   05278.69731013  .00000001  00000-0  10053-3 0  9991
2 28141 024.9183 305.9023 8490374 248.1499 010.5625 00.86872459  1884
0 CZ-2C R/B
1 28141U 03061B   05279.75000000  .00000000  00000-0  00000+0 0  9990
2 28141 024.8614 305.5203 8514124 248.6016 339.8008 00.86893026  1872
0 CZ-2C R/B
1 28141U 03061B   05280.87500000  .00000000  00000-0  00000+0 0  9990
2 28141 024.8576 305.3702 8512341 248.8560 331.5818 00.86887277  1875
0 CZ-2C R/B
1 28141U 03061B   05282.04166667  .00000000  00000-0  00000+0 0  9998
2 28141 024.8551 305.2245 8510306 249.1035 336.4138 00.86885887  1873
0 CZ-2C R/B
1 28141U 03061B   05283.20833333  .00000000  00000-0  00000+0 0  9998
2 28141 024.8533 305.0850 8508630 249.3387 341.2656 00.86886946  1878
0 CZ-2C R/B
1 28141U 03061B   05284.33333333  .00000000  00000-0  00000+0 0  9998
2 28141 024.8500 304.9479 8507854 249.5631 333.1044 00.86885616  1872
0 CZ-2C R/B
1 28141U 03061B   05285.50000000  .00000000  00000-0  00000+0 0  9990
2 28141 024.8424 304.7841 8508298 249.8140 337.9778 00.86888745  1871
0 CZ-2C R/B
1 28141U 03061B   05285.58333333  .00000000  00000-0  00000+0 0  9996
2 28141 024.8421 304.7718 8508262 249.8327 004.0493 00.86891503  1871
0 CZ-2C R/B
1 28141U 03061B   05285.60313792 -.00000002  00000-0  00000+0 0  9999
2 28141 024.8768 304.9127 8488715 249.6981 010.1754 00.86872520  1860
0 CZ-2C R/B
1 28141U 03061B   05286.70833333  .00000000  00000-0  00000+0 0  9996
2 28141 024.8295 304.5842 8510093 250.1053 355.8788 00.86892518  1873
0 CZ-2C R/B
1 28141U 03061B   05287.87500000  .00000000  00000-0  00000+0 0  9997
2 28141 024.8112 304.3460 8512707 250.4393 000.7083 00.86896529  1879
0 CZ-2C R/B
1 28141U 03061B   05289.00000000  .00000000  00000-0  00000+0 0  9999
2 28141 024.7909 304.0887 8514827 250.7995 352.4560 00.86904230  1874
0 CZ-2C R/B
1 28141U 03061B   05290.16666667  .00000000  00000-0  00000+0 0  9995
2 28141 024.7717 303.8273 8515417 251.1764 357.2005 00.86901188  1878
0 CZ-2C R/B
1 28141U 03061B   05291.33333333  .00000000  00000-0  00000+0 0  9996
2 28141 024.7595 303.6016 8513836 251.5210 001.9432 00.86901990  1876
0 CZ-2C R/B
1 28141U 03061B   05292.45833333  .00000000  00000-0  00000+0 0  9995
2 28141 024.7528 303.4238 8510874 251.8111 353.6771 00.86892357  1877
0 CZ-2C R/B
1 28141U 03061B   05293.58333333  .00000000  00000-0  00000+0 0  9995
2 28141 024.7503 303.2783 8507532 252.0605 345.4523 00.86890083  1879
0 CZ-2C R/B
1 28141U 03061B   05294.75000000  .00000000  00000-0  00000+0 0  9997
2 28141 024.7493 303.1434 8504716 252.2945 350.2952 00.86890211  1872
0 CZ-2C R/B
1 28141U 03061B   05295.87500000  .00000000  00000-0  00000+0 0  9996
2 28141 024.7478 303.0132 8502877 252.5152 342.1247 00.86892123  1879
0 CZ-2C R/B
1 28141U 03061B   05297.04166667  .00000000  00000-0  00000+0 0  9994
2 28141 024.7442 302.8666 8502111 252.7526 346.9936 00.86888842  1877
0 CZ-2C R/B
1 28141U 03061B   05298.20833333  .00000000  00000-0  00000+0 0  9994
2 28141 024.7396 302.7077 8502136 253.0021 351.8569 00.86893128  1871
0 CZ-2C R/B
1 28141U 03061B   05299.33333333  .00000000  00000-0  00000+0 0  9994
2 28141 024.7333 302.5430 8502792 253.2563 343.6779 00.86892109  1874
0 CZ-2C R/B
1 28141U 03061B   05300.50000000  .00000000  00000-0  00000+0 0  9998
2 28141 024.7257 302.3605 8503692 253.5360 348.5164 00.86893343  1872
0 CZ-2C R/B
1 28141U 03061B   05300.56653056 -.00000002  00000-0  00000+0 0  9992
2 28141 024.7701 302.7651 8483524 253.1105 009.4597 00.86871399  1875
0 CZ-2C R/B
1 28141U 03061B   05301.66666667  .00000000  00000-0  00000+0 0  9993
2 28141 024.7178 302.1689 8504568 253.8275 353.3397 00.86895773  1876
0 CZ-2C R/B
1 28141U 03061B   05302.79166667  .00000000  00000-0  00000+0 0  9993
2 28141 024.7103 301.9791 8505080 254.1185 345.1146 00.86899907  1873
0 CZ-2C R/B
1 28141U 03061B   05303.95833333  .00000000  00000-0  00000+0 0  9993
2 28141 024.7028 301.7870 8505123 254.4189 349.9130 00.86896300  1879
0 CZ-2C R/B
1 28141U 03061B   05305.12500000  .00000000  00000-0  00000+0 0  9996
2 28141 024.6969 301.6012 8504356 254.7148 354.7012 00.86895998  1879
0 CZ-2C R/B
1 28141U 03061B   05306.25000000  .00000000  00000-0  00000+0 0  9996
2 28141 024.6935 301.4381 8502764 254.9855 346.4576 00.86898178  1873
0 CZ-2C R/B
1 28141U 03061B   05306.32199492  .00000001  00000-0  57440-4 0  9994
2 28141 024.7465 301.9611 8481824 254.3859 009.3161 00.86871597  1875
0 CZ-2C R/B
1 28141U 03061B   05307.41666667  .00000000  00000-0  00000+0 0  9992
2 28141 024.6916 301.2867 8500506 255.2472 351.2582 00.86893062  1878
0 CZ-2C R/B
1 28141U 03061B   05308.58333333  .00000000  00000-0  00000+0 0  9992
2 28141 024.6911 301.1511 8497738 255.4883 356.0737 00.86892904  1877
0 CZ-2C R/B
1 28141U 03061B   05309.70833333 +.00000000 +00000-0 +00000-0 0  9993
2 28141 024.6916 301.0326 8494907 255.7035 347.8799 00.86893469001875
0 CZ-2C R/B
1 28141U 03061B   05310.87500000 +.00000000 +00000-0 +00000-0 0  9995
2 28141 024.6912 300.9128 8492626 255.9176 352.7439 00.86888841001877
0 CZ-2C R/B
1 28141U 03061B   05312.04166667  .00000000  00000-0  00000+0 0  9992
2 28141 024.6892 300.7797 8491229 256.1385 357.6219 00.86889279  1873
0 CZ-2C R/B
1 28141U 03061B   05314.33333333  .00000000  00000-0  00000+0 0  9992
2 28141 024.6748 300.4444 8492565 256.6462 354.3354 00.86877119  1878
0 CZ-2C R/B
1 28141U 03061B   05315.50000000  .00000000  00000-0  00000+0 0  9994
2 28141 024.6634 300.2153 8494007 256.9670 359.1611 00.86895142  1879
0 CZ-2C R/B
1 28141U 03061B   05316.62500000  .00000000  00000-0  00000+0 0  9993
2 28141 024.6515 299.9746 8495143 257.3085 350.9114 00.86902352  1875
0 CZ-2C R/B
1 28141U 03061B   05317.79166667  .00000000  00000-0  00000+0 0  9999
2 28141 024.6412 299.7397 8494798 257.6569 355.6679 00.86899733  1872
0 CZ-2C R/B
1 28141U 03061B   05318.95833333  .00000000  00000-0  00000+0 0  9999
2 28141 024.6355 299.5391 8492409 257.9737 000.4218 00.86899298  1877
0 CZ-2C R/B
1 28141U 03061B   05320.08333333  .00000000  00000-0  00000+0 0  9991
2 28141 024.6332 299.3859 8488766 258.2358 352.1657 00.86891337  1873
0 CZ-2C R/B
1 28141U 03061B   05321.25000000  .00000000  00000-0  00000+0 0  9993
2 28141 024.6339 299.2648 8484675 258.4613 356.9856 00.86892711  1876
0 CZ-2C R/B
1 28141U 03061B   05322.37500000  .00000000  00000-0  00000+0 0  9992
2 28141 024.6342 299.1606 8481348 258.6586 348.8039 00.86882658  1870
0 CZ-2C R/B
1 28141U 03061B   05323.54166667  .00000000  00000-0  00000+0 0  9999
2 28141 024.6339 299.0478 8478902 258.8601 353.6748 00.86885714  1871
0 CZ-2C R/B
1 28141U 03061B   05324.66666667  .00000000  00000-0  00000+0 0  9998
2 28141 024.6327 298.9278 8477509 259.0631 345.5216 00.86889681  1879
0 CZ-2C R/B
1 28141U 03061B   05325.83333333  .00000000  00000-0  00000+0 0  9999
2 28141 024.6298 298.7883 8477042 259.2891 350.3989 00.86888840  1875
0 CZ-2C R/B
1 28141U 03061B   05327.00000000  .00000000  00000-0  00000+0 0  9992
2 28141 024.6265 298.6311 8477035 259.5343 355.2631 00.86893828  1871
0 CZ-2C R/B
1 28141U 03061B   05328.16666667  .00000000  00000-0  00000+0 0  9997
2 28141 024.6220 298.4628 8477402 259.7934 000.1134 00.86894018  1873
0 CZ-2C R/B
1 28141U 03061B   05329.29166667  .00000000  00000-0  00000+0 0  9997
2 28141 024.6180 298.2963 8477706 260.0518 351.9153 00.86894818  1874
0 CZ-2C R/B
1 28141U 03061B   05330.04166667  .00000000  00000-0  00000+0 0  9992
2 28141 024.6137 298.1675 8477764 260.2462 226.3946 00.86892999  1872
0 CZ-2C R/B
1 28141U 03061B   05331.58333333  .00000000  00000-0  00000+0 0  9998
2 28141 024.6108 297.9554 8477210 260.5907 348.5086 00.86897198  1874
0 CZ-2C R/B
1 28141U 03061B   05332.75000000  .00000000  00000-0  00000+0 0  9990
2 28141 024.6083 297.7958 8476020 260.8558 353.3130 00.86894545  1872
0 CZ-2C R/B
1 28141U 03061B   05333.91666667  .00000000  00000-0  00000+0 0  9996
2 28141 024.6073 297.6502 8473932 261.1071 358.1173 00.86895891  1873
0 CZ-2C R/B
1 28141U 03061B   05335.04166667  .00000000  00000-0  00000+0 0  9997
2 28141 024.6071 297.5268 8471202 261.3312 349.8953 00.86892060  1875
0 CZ-2C R/B
1 28141U 03061B   05335.09900770  .00000001  00000-0  19898-3 0  9993
2 28141 024.6249 297.9242 8471437 260.7713 008.4679 00.86871866  1870
0 CZ-2C R/B
1 28141U 03061B   05336.20833333  .00000000  00000-0  00000+0 0  9997
2 28141 024.6083 297.4210 8467951 261.5372 354.7237 00.86891018  1870
0 CZ-2C R/B
1 28141U 03061B   05337.37500000  .00000000  00000-0  00000+0 0  9998
2 28141 024.6088 297.3252 8464786 261.7265 359.5788 00.86885867  1875
0 CZ-2C R/B
1 28141U 03061B   05338.50000000  .00000000  00000-0  00000+0 0  9999
2 28141 024.6089 297.2325 8462195 261.9014 351.4255 00.86887321  1879
0 CZ-2C R/B
1 28141U 03061B   05339.66666667  .00000000  00000-0  00000+0 0  9994
2 28141 024.6071 297.1196 8460791 262.0949 356.3233 00.86886946  1876
0 CZ-2C R/B
1 28141U 03061B   05340.83333333  .00000000  00000-0  00000+0 0  9996
2 28141 024.6029 296.9758 8460756 262.3171 001.2205 00.86888682  1875
0 CZ-2C R/B
1 28141U 03061B   05342.00000000  .00000000  00000-0  00000+0 0  9999
2 28141 024.5965 296.7910 8461856 262.5825 006.0872 00.86890963  1879
0 CZ-2C R/B
1 28141U 03061B   05342.00489766  .00000001  00000-0  11674-3 0  9993
2 28141 024.5977 296.9674 8467476 262.2915 008.1002 00.86872718  1878
0 CZ-2C R/B
1 28141U 03061B   05343.12500000  .00000000  00000-0  00000+0 0  9998
2 28141 024.5891 296.5822 8463373 262.8766 357.8891 00.86892810  1871
0 CZ-2C R/B
1 28141U 03061B   05344.29166667  .00000000  00000-0  00000+0 0  9994
2 28141 024.5830 296.3604 8464052 263.1974 002.6846 00.86897902  1872
0 CZ-2C R/B
1 28141U 03061B   05345.41666667  .00000000  00000-0  00000+0 0  9994
2 28141 024.5785 296.1597 8463189 263.5018 354.4183 00.86898324  1874
0 CZ-2C R/B
1 28141U 03061B   05346.58333333  .00000000  00000-0  00000+0 0  9994
2 28141 024.5763 295.9940 8460630 263.7766 359.1921 00.86894605  1879
0 CZ-2C R/B
1 28141U 03061B   05347.75000000  .00000000  00000-0  00000+0 0  9996
2 28141 024.5764 295.8700 8456830 264.0051 003.9948 00.86895705  1876
0 CZ-2C R/B
1 28141U 03061B   05348.87500000  .00000000  00000-0  00000+0 0  9995
2 28141 024.5761 295.7769 8453022 264.1919 355.8000 00.86885110  1878
0 CZ-2C R/B
1 28141U 03061B   05350.04166667  .00000000  00000-0  00000+0 0  9994
2 28141 024.5760 295.6869 8449689 264.3689 000.6688 00.86886428  1888
0 CZ-2C R/B
1 28141U 03061B   05351.20833333  .00000000  00000-0  00000+0 0  9994
2 28141 024.5752 295.5943 8447442 264.5431 005.5596 00.86885553  1883
0 CZ-2C R/B
1 28141U 03061B   05352.33333333  .00000000  00000-0  00000+0 0  9994
2 28141 024.5717 295.4938 8446032 264.7156 357.4113 00.86885246  1880
0 CZ-2C R/B
1 28141U 03061B   05353.50000000  .00000000  00000-0  00000+0 0  9996
2 28141 024.5691 295.3671 8445746 264.9200 002.3016 00.86885313  1880
0 CZ-2C R/B
1 28141U 03061B   05354.62500000  .00000000  00000-0  00000+0 0  9995
2 28141 024.5669 295.2297 8445945 265.1346 354.1495 00.86891769  1884
0 CZ-2C R/B
1 28141U 03061B   05355.79166667  .00000000  00000-0  00000+0 0  9991
2 28141 024.5660 295.0754 8446737 265.3769 359.0054 00.86893059  1881
0 CZ-2C R/B
1 28141U 03061B   05356.91666667  .00000000  00000-0  00000+0 0  9991
2 28141 024.5628 294.9180 8447299 265.6184 350.8210 00.86888655  1883
0 CZ-2C R/B
1 28141U 03061B   05358.08333333  .00000000  00000-0  00000+0 0  9992
2 28141 024.5607 294.7576 8447513 265.8697 355.6566 00.86890604  1881
0 CZ-2C R/B
1 28141U 03061B   05359.20833333  .00000000  00000-0  00000+0 0  9992
2 28141 024.5595 294.6083 8447127 266.1110 347.4470 00.86895618  1887
0 CZ-2C R/B
1 28141U 03061B   05360.37500000  .00000000  00000-0  00000+0 0  9994
2 28141 024.5577 294.4636 8446262 266.3533 352.2639 00.86889888  1882
0 CZ-2C R/B
1 28141U 03061B   05361.54166667  .00000000  00000-0  00000+0 0  9991
2 28141 024.5572 294.3346 8444520 266.5803 357.0826 00.86893146  1884
0 CZ-2C R/B
1 28141U 03061B   05362.66666667  .00000000  00000-0  00000+0 0  9990
2 28141 024.5556 294.2300 8442179 266.7778 348.8715 00.86884596  1880
0 CZ-2C R/B
1 28141U 03061B   05363.79166667  .00000000  00000-0  00000+0 0  9990
2 28141 024.5551 294.1354 8439274 266.9627 340.6852 00.86883860  1885
0 CZ-2C R/B
1 28141U 03061B   05364.95833333  .00000000  00000-0  00000+0 0  9990
2 28141 024.5541 294.0506 8436504 267.1332 345.5559 00.86881267  1888
0 CZ-2C R/B
1 28141U 03061B   06001.08333333  .00000000  00000-0  00000+0 0  9998
2 28141 024.5523 293.9700 8434402 267.2888 337.4257 00.86880771  1888
0 CZ-2C R/B
1 28141U 03061B   06002.25000000 +.00000000 +00000-0 +00000-0 0  9991
2 28141 024.5490 293.8618 8433565 267.4688 342.3368 00.86881569001881
0 CZ-2C R/B
1 28141U 03061B   06003.41666667 +.00000000 +00000-0 +00000-0 0  9997
2 28141 024.5446 293.7155 8434279 267.6846 347.2441 00.86886167001883
0 CZ-2C R/B
1 28141U 03061B   06004.54166667  .00000000  00000-0  00000+0 0  9996
2 28141 024.5397 293.5322 8436162 267.9390 339.0926 00.86891307  1881
0 CZ-2C R/B
1 28141U 03061B   06004.62500000  .00000000  00000-0  00000+0 0  9998
2 28141 024.5399 293.5264 8435997 267.9506 005.1545 00.86890008  1887
0 CZ-2C R/B
1 28141U 03061B   06005.75000000  .00000000  00000-0  00000+0 0  9998
2 28141 024.5354 293.3140 8438059 268.2440 356.9599 00.86894055  1884
0 CZ-2C R/B
1 28141U 03061B   06006.91666667  .00000000  00000-0  00000+0 0  9994
2 28141 024.5320 293.0943 8439179 268.5583 001.7565 00.86892745  1882
0 CZ-2C R/B
1 28141U 03061B   06008.04166667  .00000000  00000-0  00000+0 0  9995
2 28141 024.5310 292.9101 8438474 268.8415 353.5014 00.86898693  1884
0 CZ-2C R/B
1 28141U 03061B   06009.20833333  .00000000  00000-0  00000+0 0  9995
2 28141 024.5295 292.7653 8436336 269.0894 358.2910 00.86889326  1885
0 CZ-2C R/B
1 28141U 03061B   06010.37500000  .00000000  00000-0  00000+0 0  9997
2 28141 024.5287 292.6561 8433178 269.2954 003.1083 00.86890601  1888
0 CZ-2C R/B
1 28141U 03061B   06011.50000000  .00000000  00000-0  00000+0 0  9998
2 28141 024.5266 292.5724 8430205 269.4654 354.9300 00.86883566  1883
0 CZ-2C R/B
1 28141U 03061B   06011.53750079  .00000001  00000-0  22258-3 0  9993
2 28141 024.5207 292.3369 8454507 269.6237 006.9199 00.86869540  1887
0 CZ-2C R/B
1 28141U 03061B   06012.66666667  .00000000  00000-0  00000+0 0  9993
2 28141 024.5242 292.4871 8427797 269.6315 359.8148 00.86885213  1882
0 CZ-2C R/B
1 28141U 03061B   06013.83333333  .00000000  00000-0  00000+0 0  9994
2 28141 024.5214 292.3881 8426367 269.8067 004.7058 00.86885512  1887
0 CZ-2C R/B
1 28141U 03061B   06014.95833333  .00000000  00000-0  00000+0 0  9993
2 28141 024.5184 292.2766 8426088 269.9880 356.5760 00.86884001  1888
0 CZ-2C R/B
1 28141U 03061B   06016.12500000  .00000000  00000-0  00000+0 0  9996
2 28141 024.5153 292.1455 8426642 270.1914 001.4754 00.86883378  1881
0 CZ-2C R/B
1 28141U 03061B   06017.25000000  .00000000  00000-0  00000+0 0  9996
2 28141 024.5131 292.0010 8427654 270.4080 353.3265 00.86888238  1880
0 CZ-2C R/B
1 28141U 03061B   06018.41666667  .00000000  00000-0  00000+0 0  9992
2 28141 024.5106 291.8405 8429050 270.6470 358.1963 00.86886483  1882
0 CZ-2C R/B
1 28141U 03061B   06019.54166667  .00000000  00000-0  00000+0 0  9992
2 28141 024.5097 291.6790 8430251 270.8904 350.0168 00.86891007  1881
0 CZ-2C R/B
1 28141U 03061B   06020.70833333  .00000000  00000-0  00000+0 0  9993
2 28141 024.5080 291.5136 8431256 271.1431 354.8587 00.86889286  1884
0 CZ-2C R/B
1 28141U 03061B   06021.83333333  .00000000  00000-0  00000+0 0  9993
2 28141 024.5076 291.3564 8431645 271.3880 346.6533 00.86893825  1888
0 CZ-2C R/B
1 28141U 03061B   06023.00000000  .00000000  00000-0  00000+0 0  9996
2 28141 024.5064 291.2095 8431571 271.6287 351.4785 00.86889106  1885
0 CZ-2C R/B
1 28141U 03061B   06024.16666667  .00000000  00000-0  00000+0 0  9991
2 28141 024.5058 291.0786 8430629 271.8539 356.3032 00.86891862  1889
0 CZ-2C R/B
1 28141U 03061B   06025.29166667  .00000000  00000-0  00000+0 0  9991
2 28141 024.5040 290.9681 8429229 272.0545 348.1022 00.86885230  1886
0 CZ-2C R/B
1 28141U 03061B   06026.45833333  .00000000  00000-0  00000+0 0  9991
2 28141 024.5021 290.8691 8427299 272.2423 352.9531 00.86887298  1881
0 CZ-2C R/B
1 28141U 03061B   06026.50088690 -.00000001  00000-0  00000+0 0  9997
2 28141 024.5065 290.3509 8452296 272.7664 006.2631 00.86870992  1893
0 CZ-2C R/B
1 28141U 03061B   06027.62500000  .00000000  00000-0  00000+0 0  9993
2 28141 024.4987 290.7854 8425351 272.4082 357.8225 00.86884820  1883
0 CZ-2C R/B
1 28141U 03061B   06028.79166667  .00000000  00000-0  00000+0 0  9999
2 28141 024.4947 290.6871 8424180 272.5811 002.7225 00.86880835  1885
0 CZ-2C R/B
1 28141U 03061B   06029.91666667  .00000000  00000-0  00000+0 0  9999
2 28141 024.4911 290.5676 8424268 272.7659 354.6051 00.86884005  1886
0 CZ-2C R/B
1 28141U 03061B   06032.25000000  .00000000  00000-0  00000+0 0  9993
2 28141 024.4845 290.1928 8429011 273.2797 004.3930 00.86885410  1884
0 CZ-2C R/B
1 28141U 03061B   06032.25542843 -.00000001  00000-0  00000+0 0  9991
2 28141 024.5041 289.6143 8450318 273.9416 005.8003 00.86870813  1882
0 CZ-2C R/B
1 28141U 03061B   06033.37500000  .00000000  00000-0  00000+0 0  9992
2 28141 024.4861 289.9574 8431999 273.5951 356.1844 00.86894606  1887
0 CZ-2C R/B
1 28141U 03061B   06034.54166667 +.00000000 +00000-0 +00000-0 0  9990
2 28141 024.4866 289.7267 8433856 273.9220 000.9709 00.86893886001889
0 CZ-2C R/B
1 28141U 03061B   06035.66666667  .00000000  00000-0  00000+0 0  9998
2 28141 024.4878 289.5386 8433681 274.2107 352.7085 00.86898424  1884
0 CZ-2C R/B
1 28141U 03061B   06036.83333333  .00000000  00000-0  00000+0 0  9999
2 28141 024.4869 289.3905 8432142 274.4616 357.4958 00.86889299  1888
0 CZ-2C R/B
1 28141U 03061B   06038.00000000  .00000000  00000-0  00000+0 0  9992
2 28141 024.4853 289.2797 8429785 274.6683 002.3184 00.86891403  1881
0 CZ-2C R/B
1 28141U 03061B   06039.12500000  .00000000  00000-0  00000+0 0  9991
2 28141 024.4819 289.1878 8427755 274.8453 354.1421 00.86883923  1884
0 CZ-2C R/B
1 28141U 03061B   06040.25000000  .00000000  00000-0  00000+0 0  9992
2 28141 024.4787 289.0899 8426360 275.0195 345.9863 00.86883056  1882
0 CZ-2C R/B
1 28141U 03061B   06041.41666667  .00000000  00000-0  00000+0 0  9998
2 28141 024.4753 288.9735 8426061 275.2110 350.8821 00.86884510  1884
0 CZ-2C R/B
1 28141U 03061B   06042.54166667  .00000000  00000-0  00000+0 0  9998
2 28141 024.4725 288.8418 8426715 275.4129 342.7476 00.86886004  1884
0 CZ-2C R/B
1 28141U 03061B   06043.70833333  .00000000  00000-0  00000+0 0  9998
2 28141 024.4709 288.6846 8428121 275.6439 347.6371 00.86887145  1883
0 CZ-2C R/B
1 28141U 03061B   06044.87500000  .00000000  00000-0  00000+0 0  9999
2 28141 024.4704 288.5117 8430023 275.8933 352.5124 00.86889375  1881
0 CZ-2C R/B
1 28141U 03061B   06046.00000000  .00000000  00000-0  00000+0 0  9991
2 28141 024.4708 288.3362 8432095 276.1464 344.3396 00.86891001  1888
0 CZ-2C R/B
1 28141U 03061B   06047.16666667  .00000000  00000-0  00000+0 0  9996
2 28141 024.4717 288.1507 8434060 276.4172 349.1808 00.86891426  1882
0 CZ-2C R/B
1 28141U 03061B   06048.33333333  .00000000  00000-0  00000+0 0  9997
2 28141 024.4741 287.9697 8435670 276.6882 354.0063 00.86892719  1888
0 CZ-2C R/B
1 28141U 03061B   06049.50000000  .00000000  00000-0  00000+0 0  9999
2 28141 024.4754 287.7955 8436761 276.9565 358.8259 00.86893725  1887
0 CZ-2C R/B
1 28141U 03061B   06050.62500000  .00000000  00000-0  00000+0 0  9999
2 28141 024.4762 287.6382 8437202 277.2072 350.6064 00.86893039  1889
0 CZ-2C R/B
1 28141U 03061B   06051.79166667  .00000000  00000-0  00000+0 0  9995
2 28141 024.4764 287.4906 8436977 277.4518 355.4208 00.86891518  1889
0 CZ-2C R/B
1 28141U 03061B   06052.95833333  .00000000  00000-0  00000+0 0  9995
2 28141 024.4755 287.3630 8436184 277.6753 000.2460 00.86890268  1881
0 CZ-2C R/B
1 28141U 03061B   06054.08333333  .00000000  00000-0  00000+0 0  9996
2 28141 024.4732 287.2542 8435014 277.8732 352.0535 00.86886901  1887
0 CZ-2C R/B
1 28141U 03061B   06055.25000000  .00000000  00000-0  00000+0 0  9998
2 28141 024.4731 287.1433 8433777 278.0680 356.9095 00.86886271  1887
0 CZ-2C R/B
1 28141U 03061B   06056.41666667  .00000000  00000-0  00000+0 0  9994
2 28141 024.4696 287.0269 8433296 278.2632 001.7964 00.86885070  1884
0 CZ-2C R/B
1 28141U 03061B   06057.58333333  .00000000  00000-0  00000+0 0  9994
2 28141 024.4663 286.8835 8434059 278.4791 006.6991 00.86881907  1889
0 CZ-2C R/B
1 28141U 03061B   06058.75000000  .00000000  00000-0  00000+0 0  9996
2 28141 024.4666 286.6943 8436273 278.7397 011.5956 00.86887203  1886
0 CZ-2C R/B
1 28141U 03061B   06059.87500000  .00000000  00000-0  00000+0 0  9995
2 28141 024.4693 286.4611 8439841 279.0458 003.4241 00.86887857  1884
0 CZ-2C R/B
1 28141U 03061B   06061.00000000  .00000000  00000-0  00000+0 0  9998
2 28141 024.4744 286.2060 8443209 279.3886 355.1963 00.86900755  1889
0 CZ-2C R/B
1 28141U 03061B   06062.12500000  .00000000  00000-0  00000+0 0  9997
2 28141 024.4804 285.9626 8445522 279.7315 346.9212 00.86894733  1884
0 CZ-2C R/B
1 28141U 03061B   06063.29166667  .00000000  00000-0  00000+0 0  9993
2 28141 024.4853 285.7623 8445658 280.0423 351.6680 00.86896208  1889
0 CZ-2C R/B
1 28141U 03061B   06064.41666667  .00000000  00000-0  00000+0 0  9993
2 28141 024.4860 285.6186 8444258 280.2924 343.4056 00.86891766  1883
0 CZ-2C R/B
1 28141U 03061B   06065.58333333  .00000000  00000-0  00000+0 0  9993
2 28141 024.4836 285.5018 8442274 280.5111 348.2156 00.86887234  1885
0 CZ-2C R/B
1 28141U 03061B   06067.87500000  .00000000  00000-0  00000+0 0  9994
2 28141 024.4767 285.2791 8439806 280.9077 344.8961 00.86884224  1887
0 CZ-2C R/B
1 28141U 03061B   06067.87500000  .00000000  00000-0  00000+0 0  9994
2 28141 024.4767 285.2791 8439806 280.9077 344.8961 00.86884224  1887
0 CZ-2C R/B
1 28141U 03061B   06069.08333333  .00000000  00000-0  00000+0 0  9992
2 28141 024.4735 285.1406 8439858 281.1295 002.8049 00.86885936  1885
0 CZ-2C R/B
1 28141U 03061B   06070.20833333  .00000000  00000-0  00000+0 0  9993
2 28141 024.4734 284.9878 8440913 281.3578 354.6486 00.86887329  1885
0 CZ-2C R/B
1 28141U 03061B   06071.37500000  .00000000  00000-0  00000+0 0  9994
2 28141 024.4749 284.8121 8442686 281.6133 359.5183 00.86886662  1887
0 CZ-2C R/B
1 28141U 03061B   06072.54166667  .00000000  00000-0  00000+0 0  9991
2 28141 024.4788 284.6228 8444714 281.8866 004.3743 00.86893287  1883
0 CZ-2C R/B
1 28141U 03061B   06073.66666667  .00000000  00000-0  00000+0 0  9990
2 28141 024.4831 284.4273 8446976 282.1664 356.1781 00.86889763  1886
0 CZ-2C R/B
1 28141U 03061B   06074.83333333  .00000000  00000-0  00000+0 0  9991
2 28141 024.4870 284.2272 8449049 282.4622 000.9957 00.86894484  1882
0 CZ-2C R/B
1 28141U 03061B   06075.95833333  .00000000  00000-0  00000+0 0  9990
2 28141 024.4923 284.0402 8450652 282.7435 352.7695 00.86895082  1883
0 CZ-2C R/B
1 28141U 03061B   06077.12500000  .00000000  00000-0  00000+0 0  9993
2 28141 024.4966 283.8580 8451722 283.0265 357.5646 00.86891921  1885
0 CZ-2C R/B
1 28141U 03061B   06078.25000000  .00000000  00000-0  00000+0 0  9993
2 28141 024.5007 283.6963 8452006 283.2884 349.3227 00.86898097  1885
0 CZ-2C R/B
1 28141U 03061B   06079.37500000  .00000000  00000-0  00000+0 0  9992
2 28141 024.5018 283.5525 8451808 283.5334 341.0878 00.86891283  1883
0 CZ-2C R/B
1 28141U 03061B   06080.58333333  .00000000  00000-0  00000+0 0  9990
2 28141 024.5016 283.4157 8450904 283.7756 358.9297 00.86892397  1886
0 CZ-2C R/B
1 28141U 03061B   06081.70833333  .00000000  00000-0  00000+0 0  9990
2 28141 024.4999 283.2984 8449766 283.9878 350.7203 00.86889718  1882
0 CZ-2C R/B
1 28141U 03061B   06082.87500000  .00000000  00000-0  00000+0 0  9991
2 28141 024.4968 283.1830 8448745 284.1955 355.5684 00.86886612  1888
0 CZ-2C R/B
1 28141U 03061B   06084.04166667  .00000000  00000-0  00000+0 0  9999
2 28141 024.4954 283.0630 8447952 284.3970 000.4308 00.86886171  1887
0 CZ-2C R/B
1 28141U 03061B   06085.16666667  .00000000  00000-0  00000+0 0  9998
2 28141 024.4952 282.9127 8448621 284.6238 352.2768 00.86887156  1880
0 CZ-2C R/B
1 28141U 03061B   06086.33333333  .00000000  00000-0  00000+0 0  9999
2 28141 024.4988 282.7156 8450752 284.8988 357.1517 00.86888063  1885
0 CZ-2C R/B
1 28141U 03061B   06087.50000000  .00000000  00000-0  00000+0 0  9991
2 28141 024.5079 282.4737 8454026 285.2244 001.9937 00.86889259  1885
0 CZ-2C R/B
1 28141U 03061B   06088.62500000  .00000000  00000-0  00000+0 0  9990
2 28141 024.5221 282.2125 8457190 285.5797 353.7455 00.86900909  1883
0 CZ-2C R/B
1 28141U 03061B   06089.79166667  .00000000  00000-0  00000+0 0  9996
2 28141 024.5344 281.9660 8459220 285.9372 358.4834 00.86898310  1883
0 CZ-2C R/B
1 28141U 03061B   06089.79166667  .00000000  00000-0  00000+0 0  9996
2 28141 024.5344 281.9660 8459220 285.9372 358.4835 00.86898311  1885
0 CZ-2C R/B
1 28141U 03061B   06089.79166667 +.00000000 +00000-0 +00000-0 0  9997
2 28141 024.5344 281.9660 8459220 285.9372 358.4835 00.86898311001885
0 CZ-2C R/B
1 28141U 03061B   06090.95833333  .00000000  00000-0  00000+0 0  9997
2 28141 024.5418 281.7762 8458973 286.2466 003.2087 00.86899689  1883
0 CZ-2C R/B
1 28141U 03061B   06092.08333333  .00000000  00000-0  00000+0 0  9998
2 28141 024.5423 281.6417 8457266 286.4981 354.9176 00.86894729  1888
0 CZ-2C R/B
1 28141U 03061B   06093.20833333  .00000000  00000-0  00000+0 0  9998
2 28141 024.5382 281.5397 8455022 286.7061 346.6758 00.86885183  1886
0 CZ-2C R/B
1 28141U 03061B   06094.37500000  .00000000  00000-0  00000+0 0  9999
2 28141 024.5330 281.4371 8453002 286.9072 351.5061 00.86886750  1883
0 CZ-2C R/B
1 28141U 03061B   06095.54166667  .00000000  00000-0  00000+0 0  9996
2 28141 024.5293 281.3197 8451862 287.1152 356.3600 00.86888423  1881
0 CZ-2C R/B
1 28141U 03061B   06095.56718840  .00000002  00000-0  52312-3 0  9993
2 28141 024.5285 281.5570 8439781 287.0005 003.9402 00.86867139  1887
0 CZ-2C R/B
1 28141U 03061B   06096.66666667  .00000000  00000-0  00000+0 0  9995
2 28141 024.5253 281.1860 8451772 287.3334 348.1879 00.86885881  1888
0 CZ-2C R/B
1 28141U 03061B   06097.83333333  .00000000  00000-0  00000+0 0  9996
2 28141 024.5270 281.0282 8452486 287.5759 353.0495 00.86887746  1881
0 CZ-2C R/B
1 28141U 03061B   06099.00000000  .00000000  00000-0  00000+0 0  9999
2 28141 024.5321 280.8530 8453706 287.8382 357.8986 00.86893071  1887
0 CZ-2C R/B
1 28141U 03061B   06100.12500000 +.00000000 +00000-0 +00000-0 0  9991
2 28141 024.5385 280.6689 8455424 288.1088 349.6988 00.86890434001887
0 CZ-2C R/B
1 28141U 03061B   06101.29166667  .00000000  00000-0  00000+0 0  9996
2 28141 024.5469 280.4760 8457071 288.3962 354.5176 00.86895120  1882
0 CZ-2C R/B
1 28141U 03061B   06102.45833333  .00000000  00000-0  00000+0 0  9996
2 28141 024.5551 280.2848 8458516 288.6873 359.3209 00.86896105  1882
0 CZ-2C R/B
1 28141U 03061B   06103.58333333  .00000000  00000-0  00000+0 0  9996
2 28141 024.5618 280.1091 8459493 288.9629 351.0738 00.86896258  1887
0 CZ-2C R/B
1 28141U 03061B   06104.75000000  .00000000  00000-0  00000+0 0  9998
2 28141 024.5677 279.9397 8459918 289.2400 355.8542 00.86894151  1885
0 CZ-2C R/B
1 28141U 03061B   06105.87500000  .00000000  00000-0  00000+0 0  9997
2 28141 024.5711 279.7955 8459532 289.4907 347.5989 00.86896063  1885
0 CZ-2C R/B
1 28141U 03061B   06107.04166667  .00000000  00000-0  00000+0 0  9995
2 28141 024.5716 279.6636 8458548 289.7322 352.3807 00.86893916  1882
0 CZ-2C R/B
1 28141U 03061B   06108.20833333  .00000000  00000-0  00000+0 0  9995
2 28141 024.5693 279.5484 8457099 289.9544 357.1772 00.86890999  1886
0 CZ-2C R/B
1 28141U 03061B   06109.33333333  .00000000  00000-0  00000+0 0  9995
2 28141 024.5653 279.4485 8455306 290.1537 348.9605 00.86893918  1884
0 CZ-2C R/B
1 28141U 03061B   06110.50000000  .00000000  00000-0  00000+0 0  9998
2 28141 024.5600 279.3421 8453842 290.3567 353.8001 00.86885961  1887
0 CZ-2C R/B
1 28141U 03061B   06110.53275715 -.00000001  00000-0  00000+0 0  9990
2 28141 024.4910 279.7582 8436804 289.9347 003.8831 00.86869186  1885
0 CZ-2C R/B
1 28141U 03061B   06111.62500000  .00000000  00000-0  00000+0 0  9997
2 28141 024.5570 279.2323 8452878 290.5513 345.6242 00.86884084  1885
0 CZ-2C R/B
1 28141U 03061B   06112.79166667  .00000000  00000-0  00000+0 0  9993
2 28141 024.5578 279.0823 8453034 290.7859 350.4928 00.86888740  1884
0 CZ-2C R/B
1 28141U 03061B   06113.91666667  .00000000  00000-0  00000+0 0  9993
2 28141 024.5642 278.8994 8454501 291.0493 342.3165 00.86890733  1888
0 CZ-2C R/B
1 28141U 03061B   06115.08333333  .00000000  00000-0  00000+0 0  9994
2 28141 024.5767 278.6736 8457042 291.3640 347.1399 00.86892315  1888
0 CZ-2C R/B
1 28141U 03061B   06116.25000000  .00000000  00000-0  00000+0 0  9996
2 28141 024.5938 278.4342 8459490 291.7058 351.9132 00.86900194  1888
0 CZ-2C R/B
1 28141U 03061B   06117.41666667  .00000000  00000-0  00000+0 0  9992
2 28141 024.6085 278.2184 8460640 292.0373 356.6414 00.86901743  1883
0 CZ-2C R/B
1 28141U 03061B   06118.58333333  .00000000  00000-0  00000+0 0  9992
2 28141 024.6142 278.0548 8459811 292.3252 001.3559 00.86897033  1886
0 CZ-2C R/B
1 28141U 03061B   06119.70833333  .00000000  00000-0  00000+0 0  9992
2 28141 024.6110 277.9505 8457240 292.5482 353.0628 00.86897889  1886
0 CZ-2C R/B
1 28141U 03061B   06120.87500000  .00000000  00000-0  00000+0 0  9994
2 28141 024.6015 277.8706 8454186 292.7406 357.8498 00.86892276  1888
0 CZ-2C R/B
1 28141U 03061B   06122.04166667  .00000000  00000-0  00000+0 0  9992
2 28141 024.5915 277.7882 8451587 292.9241 002.6729 00.86887372  1884
0 CZ-2C R/B
1 28141U 03061B   06123.16666667  .00000000  00000-0  00000+0 0  9991
2 28141 024.5846 277.6939 8449815 293.1080 354.4889 00.86891639  1880
0 CZ-2C R/B
1 28141U 03061B   06124.29166667  .00000000  00000-0  00000+0 0  9991
2 28141 024.5780 277.5781 8449124 293.3109 346.3155 00.86887697  1883
0 CZ-2C R/B
1 28141U 03061B   06125.45833333  .00000000  00000-0  00000+0 0  9991
2 28141 024.5786 277.4341 8449209 293.5422 351.1712 00.86887033  1881
0 CZ-2C R/B
1 28141U 03061B   06126.58333333  .00000000  00000-0  00000+0 0  9991
2 28141 024.5834 277.2778 8449806 293.7840 342.9813 00.86891187  1881
0 CZ-2C R/B
1 28141U 03061B   06127.75000000  .00000000  00000-0  00000+0 0  9993
2 28141 024.5899 277.1105 8450730 294.0441 347.8123 00.86892895  1889
0 CZ-2C R/B
1 28141U 03061B   06128.91666667  .00000000  00000-0  00000+0 0  9999
2 28141 024.5973 276.9395 8451689 294.3118 352.6241 00.86890449  1886
0 CZ-2C R/B
1 28141U 03061B   06130.04166667  .00000000  00000-0  00000+0 0  9991
2 28141 024.6053 276.7769 8452303 294.5727 344.3850 00.86897587  1885
0 CZ-2C R/B
1 28141U 03061B   06131.20833333  .00000000  00000-0  00000+0 0  9991
2 28141 024.6106 276.6203 8452643 294.8356 349.1715 00.86892508  1885
0 CZ-2C R/B
1 28141U 03061B   06132.37500000  .00000000  00000-0  00000+0 0  9992
2 28141 024.6162 276.4769 8452249 295.0880 353.9499 00.86893192  1881
0 CZ-2C R/B
1 28141U 03061B   06133.54166667  .00000000  00000-0  00000+0 0  9999
2 28141 024.6160 276.3531 8451074 295.3228 358.7264 00.86895667  1881
0 CZ-2C R/B
1 28141U 03061B   06134.66666667  .00000000  00000-0  00000+0 0  9998
2 28141 024.6115 276.2542 8449309 295.5291 350.4778 00.86894437  1885
0 CZ-2C R/B
1 28141U 03061B   06135.83333333 +.00000000 +00000-0 +00000-0 0  9990
2 28141 024.6031 276.1678 8447047 295.7227 355.2797 00.86890725001889
0 CZ-2C R/B
1 28141U 03061B   06137.00000000  .00000000  00000-0  00000+0 0  9992
2 28141 024.5930 276.0868 8444652 295.9048 000.1001 00.86887678  1885
0 CZ-2C R/B
1 28141U 03061B   06138.16666667  .00000000  00000-0  00000+0 0  9997
2 28141 024.5828 275.9998 8442545 296.0858 004.9465 00.86888358  1885
0 CZ-2C R/B
1 28141U 03061B   06139.29166667  .00000000  00000-0  00000+0 0  9997
2 28141 024.5757 275.9005 8441220 296.2695 356.7792 00.86887213  1885
0 CZ-2C R/B
1 28141U 03061B   06140.45833333  .00000000  00000-0  00000+0 0  9998
2 28141 024.5743 275.7639 8441066 296.4888 001.6502 00.86885075  1884
0 CZ-2C R/B
1 28141U 03061B   06141.62500000 +.00000000 +00000-0 +00000-0 0  9991
2 28141 024.5812 275.5908 8442096 296.7456 006.5069 00.86888922001882
0 CZ-2C R/B
1 28141U 03061B   06142.75000000  .00000000  00000-0  00000+0 0  9990
2 28141 024.5942 275.3962 8443947 297.0283 358.2963 00.86893009  1884
0 CZ-2C R/B
1 28141U 03061B   06143.91666667  .00000000  00000-0  00000+0 0  9996
2 28141 024.6093 275.1924 8445610 297.3357 003.0671 00.86896497  1887
0 CZ-2C R/B
1 28141U 03061B   06145.04166667  .00000000  00000-0  00000+0 0  9997
2 28141 024.6226 275.0218 8446040 297.6188 354.7649 00.86898032  1881
0 CZ-2C R/B
1 28141U 03061B   06146.16666667  .00000000  00000-0  00000+0 0  9996
2 28141 024.6217 274.9041 8444567 297.8563 346.4570 00.86894943  1882
0 CZ-2C R/B
1 28141U 03061B   06147.33333333  .00000000  00000-0  00000+0 0  9997
2 28141 024.6100 274.8274 8441573 298.0532 351.2114 00.86889203  1884
0 CZ-2C R/B
1 28141U 03061B   06148.50000000  .00000000  00000-0  00000+0 0  9999
2 28141 024.5934 274.7697 8437981 298.2200 356.0079 00.86889792  1884
0 CZ-2C R/B
1 28141U 03061B   06149.62500000  .00000000  00000-0  00000+0 0  9998
2 28141 024.5770 274.7130 8434912 298.3720 347.8122 00.86887542  1881
0 CZ-2C R/B
1 28141U 03061B   06150.79166667  .00000000  00000-0  00000+0 0  9995
2 28141 024.5641 274.6334 8432731 298.5411 352.6734 00.86885418  1882
0 CZ-2C R/B
1 28141U 03061B   06151.95833333  .00000000  00000-0  00000+0 0  9995
2 28141 024.5568 274.5283 8431574 298.7305 357.5400 00.86884196  1886
0 CZ-2C R/B
1 28141U 03061B   06153.12500000  .00000000  00000-0  00000+0 0  9998
2 28141 024.5549 274.4033 8431207 298.9390 002.4047 00.86888018  1886
0 CZ-2C R/B
1 28141U 03061B   06154.25000000  .00000000  00000-0  00000+0 0  9998
2 28141 024.5577 274.2676 8431407 299.1579 354.2285 00.86887288  1882
0 CZ-2C R/B
1 28141U 03061B   06155.41666667  .00000000  00000-0  00000+0 0  9994
2 28141 024.5622 274.1186 8431841 299.3960 359.0671 00.86890579  1885
0 CZ-2C R/B
1 28141U 03061B   06156.54166667  .00000000  00000-0  00000+0 0  9994
2 28141 024.5671 273.9749 8432310 299.6299 350.8558 00.86891950  1888
0 CZ-2C R/B
1 28141U 03061B   06157.70833333  .00000000  00000-0  00000+0 0  9994
2 28141 024.5715 273.8299 8432556 299.8739 355.6648 00.86893309  1882
0 CZ-2C R/B
1 28141U 03061B   06158.87500000  .00000000  00000-0  00000+0 0  9995
2 28141 024.5733 273.6976 8432328 300.1090 000.4587 00.86892847  1888
0 CZ-2C R/B
1 28141U 03061B   06160.00000000  .00000000  00000-0  00000+0 0  9998
2 28141 024.5717 273.5850 8431514 300.3239 352.2124 00.86893637  1886
0 CZ-2C R/B
1 28141U 03061B   06161.16666667  .00000000  00000-0  00000+0 0  9993
2 28141 024.5640 273.4840 8430009 300.5324 357.0054 00.86894126  1883
0 CZ-2C R/B
1 28141U 03061B   06162.33333333  .00000000  00000-0  00000+0 0  9994
2 28141 024.5529 273.4031 8427825 300.7193 001.8057 00.86892341  1883
0 CZ-2C R/B
1 28141U 03061B   06163.45833333  .00000000  00000-0  00000+0 0  9993
2 28141 024.5384 273.3382 8425183 300.8827 353.5889 00.86890038  1881
0 CZ-2C R/B
1 28141U 03061B   06164.62500000  .00000000  00000-0  00000+0 0  9995
2 28141 024.5220 273.2744 8422469 301.0416 358.4312 00.86888140  1888
0 CZ-2C R/B
1 28141U 03061B   06165.79166667  .00000000  00000-0  00000+0 0  9991
2 28141 024.5026 273.1967 8420250 301.2057 003.2984 00.86884329  1882
0 CZ-2C R/B
1 28141U 03061B   06166.91666667  .00000000  00000-0  00000+0 0  9991
2 28141 024.4927 273.1041 8418880 301.3748 355.1474 00.86883765  1884
0 CZ-2C R/B
1 28141U 03061B   06168.08333333  .00000000  00000-0  00000+0 0  9992
2 28141 024.4907 272.9743 8418794 301.5812 000.0328 00.86885898  1889
0 CZ-2C R/B
1 28141U 03061B   06169.20833333  .00000000  00000-0  00000+0 0  9992
2 28141 024.4974 272.8149 8419915 301.8170 351.8661 00.86888835  1889
0 CZ-2C R/B
1 28141U 03061B   06170.37500000  .00000000  00000-0  00000+0 0  9994
2 28141 024.5103 272.6301 8421661 302.0902 356.6916 00.86892439  1880
0 CZ-2C R/B
1 28141U 03061B   06171.54166667  .00000000  00000-0  00000+0 0  9991
2 28141 024.5067 272.4959 8425587 302.3211 001.5289 00.86890594  1882
0 CZ-2C R/B
1 28141U 03061B   06172.66666667  .00000000  00000-0  00000+0 0  9990
2 28141 024.5265 272.3175 8422996 302.6143 353.1853 00.86896928  1889
0 CZ-2C R/B
1 28141U 03061B   06173.83333333  .00000000  00000-0  00000+0 0  9991
2 28141 024.5193 272.2290 8421179 302.8184 357.9368 00.86894612  1886
0 CZ-2C R/B
1 28141U 03061B   06174.95833333  .00000000  00000-0  00000+0 0  9990
2 28141 024.5004 272.1761 8418224 302.9803 349.6813 00.86886097  1886
0 CZ-2C R/B
1 28141U 03061B   06176.12500000  .00000000  00000-0  00000+0 0  9993
2 28141 024.4772 272.1313 8414734 303.1263 354.5032 00.86888199  1888
0 CZ-2C R/B
1 28141U 03061B   06177.25000000 +.00000000 +00000-0 +00000-0 0  9994
2 28141 024.4560 272.0802 8411775 303.2649 346.3290 00.86886398001880
0 CZ-2C R/B
1 28141U 03061B   06178.41666667 +.00000000 +00000-0 +00000-0 0  9990
2 28141 024.4408 272.0015 8409778 303.4261 351.2087 00.86882641001885
0 CZ-2C R/B
1 28141U 03061B   06179.58333333  .00000000  00000-0  00000+0 0  9999
2 28141 024.4318 271.9007 8408709 303.6048 356.0958 00.86884408  1885
0 CZ-2C R/B
1 28141U 03061B   06180.70833333  .00000000  00000-0  00000+0 0  9990
2 28141 024.4284 271.7851 8408438 303.7945 347.9444 00.86884750  1887
0 CZ-2C R/B
1 28141U 03061B   06181.87500000  .00000000  00000-0  00000+0 0  9991
2 28141 024.4297 271.6505 8408748 304.0081 352.8115 00.86886453  1887
0 CZ-2C R/B
1 28141U 03061B   06183.00000000  .00000000  00000-0  00000+0 0  9993
2 28141 024.4333 271.5142 8409338 304.2243 344.6320 00.86888928  1888
0 CZ-2C R/B
1 28141U 03061B   06184.12500000  .00000000  00000-0  00000+0 0  9992
2 28141 024.4374 271.3784 8409884 304.4453 336.4367 00.86892279  1888
0 CZ-2C R/B
1 28141U 03061B   06185.33333333  .00000000  00000-0  00000+0 0  9999
2 28141 024.4402 271.2386 8410222 304.6807 354.2942 00.86892922  1882
0 CZ-2C R/B
1 28141U 03061B   06186.50000000  .00000000  00000-0  00000+0 0  9991
2 28141 024.4408 271.1147 8410109 304.9004 359.1095 00.86893696  1880
0 CZ-2C R/B
1 28141U 03061B   06186.51247872  .00000002  00000-0  85893-3 0  9991
2 28141 024.4525 271.0156 8420224 304.8440 003.4932 00.86869634  1885
0 CZ-2C R/B
1 28141U 03061B   06187.62500000  .00000000  00000-0  00000+0 0  9990
2 28141 024.4359 271.0115 8409512 305.1003 350.8847 00.86888183  1885
0 CZ-2C R/B
1 28141U 03061B   06188.79166667  .00000000  00000-0  00000+0 0  9996
2 28141 024.4266 270.9201 8408102 305.2916 355.6906 00.86890177  1889
0 CZ-2C R/B
1 28141U 03061B   06189.91666667  .00000000  00000-0  00000+0 0  9996
2 28141 024.4125 270.8488 8406120 305.4584 347.4736 00.86890988  1880
0 CZ-2C R/B
1 28141U 03061B   06191.08333333  .00000000  00000-0  00000+0 0  9998
2 28141 024.3941 270.7843 8403782 305.6177 352.3115 00.86885475  1881
0 CZ-2C R/B
1 28141U 03061B   06192.25000000  .00000000  00000-0  00000+0 0  9990
2 28141 024.3747 270.7199 8401313 305.7694 357.1736 00.86883557  1883
0 CZ-2C R/B
1 28141U 03061B   06193.37500000  .00000000  00000-0  00000+0 0  9999
2 28141 024.3747 270.6062 8401313 305.9659 349.0520 00.86883557  1885
0 CZ-2C R/B
1 28141U 03061B   06194.54166667  .00000000  00000-0  00000+0 0  9996
2 28141 024.3556 270.4842 8399064 306.1494 353.9265 00.86879352  1884
0 CZ-2C R/B
1 28141U 03061B   06194.57040834  .00000002  00000-0  64895-3 0  9994
2 28141 024.4538 270.1218 8418802 306.3934 003.3564 00.86871824  1897
0 CZ-2C R/B
1 28141U 03061B   06195.70833333  .00000000  00000-0  00000+0 0  9996
2 28141 024.3493 270.3979 8399096 306.3103 358.8376 00.86883605  1881
0 CZ-2C R/B
1 28141U 03061B   06196.83333333  .00000000  00000-0  00000+0 0  9996
2 28141 024.3605 270.2303 8400897 306.5483 350.6769 00.86887255  1882
0 CZ-2C R/B
1 28141U 03061B   06198.00000000  .00000000  00000-0  00000+0 0  9999
2 28141 024.3762 270.0481 8403187 306.8159 355.5056 00.86892024  1882
0 CZ-2C R/B
1 28141U 03061B   06199.12500000  .00000000  00000-0  00000+0 0  9998
2 28141 024.3877 269.8884 8404759 307.0723 347.2554 00.86897648  1886
0 CZ-2C R/B
1 28141U 03061B   06200.29166667  .00000000  00000-0  00000+0 0  9996
2 28141 024.3876 269.7629 8404918 307.3070 352.0167 00.86893066  1880
0 CZ-2C R/B
1 28141U 03061B   06201.45833333  .00000000  00000-0  00000+0 0  9996
2 28141 024.3744 269.6803 8403369 307.5003 356.7874 00.86890692  1882
0 CZ-2C R/B
1 28141U 03061B   06202.58333333  .00000000  00000-0  00000+0 0  9996
2 28141 024.3527 269.6345 8400831 307.6467 348.5634 00.86885412  1885
0 CZ-2C R/B
1 28141U 03061B   06203.75000000  .00000000  00000-0  00000+0 0  9998
2 28141 024.3283 269.5808 8398049 307.7931 353.4064 00.86882526  1886
0 CZ-2C R/B
1 28141U 03061B   06204.91666667  .00000000  00000-0  00000+0 0  9994
2 28141 024.3079 269.5125 8395828 307.9434 358.2822 00.86882702  1884
0 CZ-2C R/B
1 28141U 03061B   06206.04166667  .00000000  00000-0  00000+0 0  9995
2 28141 024.2944 269.4259 8394506 308.1021 350.1455 00.86883325  1883
0 CZ-2C R/B
1 28141U 03061B   06207.20833333  .00000000  00000-0  00000+0 0  9995
2 28141 024.2884 269.3114 8394122 308.2884 355.0449 00.86883761  1888
0 CZ-2C R/B
1 28141U 03061B   06208.37500000  .00000000  00000-0  00000+0 0  9996
2 28141 024.2897 269.1780 8394492 308.4941 359.9367 00.86886958  1888
0 CZ-2C R/B
1 28141U 03061B   06209.50000000  .00000000  00000-0  00000+0 0  9997
2 28141 024.2945 269.0332 8395566 308.7097 351.7866 00.86886923  1888
0 CZ-2C R/B
1 28141U 03061B   06210.66666667  .00000000  00000-0  00000+0 0  9993
2 28141 024.3015 268.8853 8396723 308.9364 356.6492 00.86886899  1888
0 CZ-2C R/B
1 28141U 03061B   06211.79166667  .00000000  00000-0  00000+0 0  9993
2 28141 024.3092 268.7426 8397847 309.1597 348.4607 00.86890980  1880
0 CZ-2C R/B
1 28141U 03061B   06212.95833333  .00000000  00000-0  00000+0 0  9993
2 28141 024.3145 268.6027 8398817 309.3881 353.2941 00.86890316  1889
0 CZ-2C R/B
1 28141U 03061B   06214.12500000  .00000000  00000-0  00000+0 0  9996
2 28141 024.3162 268.4740 8399306 309.6095 358.1178 00.86890686  1888
0 CZ-2C R/B
1 28141U 03061B   06215.25000000  .00000000  00000-0  00000+0 0  9996
2 28141 024.3137 268.3621 8399228 309.8134 349.9020 00.86890439  1886
0 CZ-2C R/B
1 28141U 03061B   06216.41666667  .00000000  00000-0  00000+0 0  9992
2 28141 024.3062 268.2596 8398552 310.0107 354.7265 00.86890717  1880
0 CZ-2C R/B
1 28141U 03061B   06217.58333333  .00000000  00000-0  00000+0 0  9992
2 28141 024.2926 268.1743 8397246 310.1902 359.5576 00.86889007  1882
0 CZ-2C R/B
1 28141U 03061B   06218.70833333  .00000000  00000-0  00000+0 0  9992
2 28141 024.2760 268.1006 8395515 310.3504 351.3698 00.86887796  1885
0 CZ-2C R/B
1 28141U 03061B   06219.87500000  .00000000  00000-0  00000+0 0  9993
2 28141 024.2588 268.0213 8393846 310.5123 356.2411 00.86883629  1884
0 CZ-2C R/B
1 28141U 03061B   06221.04166667  .00000000  00000-0  00000+0 0  9992
2 28141 024.2454 267.9273 8392653 310.6804 001.1390 00.86882728  1883
0 CZ-2C R/B
1 28141U 03061B   06222.16666667  .00000000  00000-0  00000+0 0  9991
2 28141 024.2415 267.8076 8392613 310.8644 353.0197 00.86882087  1882
0 CZ-2C R/B
1 28141U 03061B   06222.19741191  .00000000  00000-0  00000+0 0  9990
2 28141 024.4468 267.1962 8417782 311.4727 002.5988 00.86870325  1889
0 CZ-2C R/B
1 28141U 03061B   06223.33333333  .00000000  00000-0  00000+0 0  9992
2 28141 024.2391 267.6756 8395785 311.0735 357.9464 00.86898278  1884
0 CZ-2C R/B
1 28141U 03061B   06224.50000000  .00000000  00000-0  00000+0 0  9994
2 28141 024.2709 267.4585 8396793 311.3555 002.8040 00.86888606  1888
0 CZ-2C R/B
1 28141U 03061B   06225.62500000  .00000000  00000-0  00000+0 0  9993
2 28141 024.2932 267.2718 8399937 311.6255 354.5917 00.86891158  1881
0 CZ-2C R/B
1 28141U 03061B   06226.79166667  .00000000  00000-0  00000+0 0  9999
2 28141 024.3075 267.1073 8402191 311.8907 359.3663 00.86894140  1881
0 CZ-2C R/B
1 28141U 03061B   06227.95833333  .00000000  00000-0  00000+0 0  9999
2 28141 024.3063 266.9874 8402694 312.1201 004.1282 00.86897813  1885
0 CZ-2C R/B
1 28141U 03061B   06229.08333333  .00000000  00000-0  00000+0 0  9990
2 28141 024.2908 266.9045 8401856 312.3075 355.8774 00.86890765  1883
0 CZ-2C R/B
1 28141U 03061B   06230.20833333  .00000000  00000-0  00000+0 0  9991
2 28141 024.2686 266.8396 8399977 312.4690 347.6625 00.86887643  1883
0 CZ-2C R/B
1 28141U 03061B   06231.37500000  .00000000  00000-0  00000+0 0  9992
2 28141 024.2475 266.7657 8398127 312.6317 352.5195 00.86886003  1888
0 CZ-2C R/B
1 28141U 03061B   06232.50000000  .00000000  00000-0  00000+0 0  9993
2 28141 024.2321 266.6797 8396867 312.7942 344.3720 00.86885388  1884
0 CZ-2C R/B
1 28141U 03061B   06233.66666667  .00000000  00000-0  00000+0 0  9998
2 28141 024.2254 266.5654 8396539 312.9818 349.2674 00.86882671  1884
0 CZ-2C R/B
1 28141U 03061B   06234.83333333  .00000000  00000-0  00000+0 0  9999
2 28141 024.2274 266.4310 8397048 313.1874 354.1638 00.86886609  1885
0 CZ-2C R/B
1 28141U 03061B   06235.95833333  .00000000  00000-0  00000+0 0  9998
2 28141 024.2350 266.2845 8398341 313.4029 346.0207 00.86885191  1880
0 CZ-2C R/B
1 28141U 03061B   06236.01097866 -.00000001  00000-0  00000+0 0  9991
2 28141 024.4289 265.8054 8420831 313.9414 002.1494 00.86868146  1893
0 CZ-2C R/B
1 28141U 03061B   06237.12500000  .00000000  00000-0  00000+0 0  9991
2 28141 024.2475 266.1246 8400025 313.6381 350.8950 00.86887730  1887
0 CZ-2C R/B
1 28141U 03061B   06238.29166667  .00000000  00000-0  00000+0 0  9997
2 28141 024.2632 265.9597 8401964 313.8845 355.7533 00.86889677  1881
0 CZ-2C R/B
1 28141U 03061B   06239.45833333  .00000000  00000-0  00000+0 0  9997
2 28141 024.2763 265.8012 8403867 314.1281 000.5961 00.86887955  1886
0 CZ-2C R/B
1 28141U 03061B   06240.58333333  .00000000  00000-0  00000+0 0  9998
2 28141 024.2871 265.6564 8405344 314.3602 352.3891 00.86892223  1881
0 CZ-2C R/B
1 28141U 03061B   06241.75000000  .00000000  00000-0  00000+0 0  9990
2 28141 024.2935 265.5172 8406511 314.5931 357.2056 00.86891296  1886
0 CZ-2C R/B
1 28141U 03061B   06242.91666667  .00000000  00000-0  00000+0 0  9996
2 28141 024.2949 265.3945 8407109 314.8120 002.0206 00.86894779  1885
0 CZ-2C R/B
1 28141U 03061B   06242.91787882 -.00000001  00000-0  00000+0 0  9991
2 28141 024.4182 265.1072 8421017 315.1820 002.0420 00.86868818  1872
0 CZ-2C R/B
1 28141U 03061B   06244.04166667  .00000000  00000-0  00000+0 0  9997
2 28141 024.2899 265.2867 8407131 315.0141 353.8047 00.86890985  1887
0 CZ-2C R/B
1 28141U 03061B   06245.20833333  .00000000  00000-0  00000+0 0  9997
2 28141 024.2803 265.1847 8406547 315.2112 358.6317 00.86889587  1888
0 CZ-2C R/B
1 28141U 03061B   06246.33333333  .00000000  00000-0  00000+0 0  9997
2 28141 024.2675 265.0936 8405604 315.3901 350.4433 00.86888341  1889
0 CZ-2C R/B
1 28141U 03061B   06247.50000000  .00000000  00000-0  00000+0 0  9999
2 28141 024.2542 264.9966 8404633 315.5710 355.3121 00.86885451  1881
0 CZ-2C R/B
1 28141U 03061B   06248.66666667  .00000000  00000-0  00000+0 0  9994
2 28141 024.2469 264.8838 8404169 315.7599 000.2005 00.86884885  1884
0 CZ-2C R/B
1 28141U 03061B   06249.79166667  .00000000  00000-0  00000+0 0  9994
2 28141 024.2500 264.7473 8404900 315.9634 352.0715 00.86884487  1883
0 CZ-2C R/B
1 28141U 03061B   06250.95833333  .00000000  00000-0  00000+0 0  9995
2 28141 024.2668 264.5720 8407195 316.2073 356.9690 00.86884403  1884
0 CZ-2C R/B
1 28141U 03061B   06252.12500000  .00000000  00000-0  00000+0 0  9998
2 28141 024.2960 264.3726 8410730 316.4846 001.8287 00.86892840  1884
0 CZ-2C R/B
1 28141U 03061B   06253.25000000  .00000000  00000-0  00000+0 0  9998
2 28141 024.3259 264.1778 8414668 316.7690 353.5973 00.86896473  1880
0 CZ-2C R/B
1 28141U 03061B   06254.41666667  .00000000  00000-0  00000+0 0  9994
2 28141 024.3424 264.0142 8417576 317.0409 358.3553 00.86894791  1889
0 CZ-2C R/B
1 28141U 03061B   06254.41666667 -.00000297  00000-0  00000+0 0  9993
2 28141 024.3424 264.0142 8417576 317.0409 358.3553 00.86907429  1882
0 CZ-2C R/B
1 28141U 03061B   06255.58333333 +.00000000 +00000-0 +00000-0 0  9995
2 28141 024.3402 263.8958 8418524 317.2741 003.1020 00.86896027001903
0 CZ-2C R/B
1 28141U 03061B   06256.70833333 +.00000000 +00000-0 +00000-0 0  9995
2 28141 024.3222 263.8145 8417972 317.4641 354.8397 00.86890731001907
0 CZ-2C R/B
1 28141U 03061B   06256.73127191  .00000000  00000-0  10912-3 0  9992
2 28141 024.3885 263.6977 8424065 317.6994 001.7030 00.86870499  1908
0 CZ-2C R/B
1 28141U 03061B   06259.00000000 +.00000000 +00000-0 +00000-0 0  9998
2 28141 024.2812 263.6494 8415468 317.8195 351.4745 00.86888165001922
0 CZ-2C R/B
1 28141U 03061B   06260.16666667 +.00000000 +00000-0 +00000-0 0  9994
2 28141 024.2717 263.5385 8414976 318.0134 356.3501 00.86886510001929
0 CZ-2C R/B
1 28141U 03061B   06261.33333333 +.00000000 +00000-0 +00000-0 0  9995
2 28141 024.2719 263.4068 8415334 318.2233 001.2351 00.86887055001923
0 CZ-2C R/B
1 28141U 03061B   06262.45833333 +.00000000 +00000-0 +00000-0 0  9994
2 28141 024.2797 263.2647 8416452 318.4389 353.0851 00.86887315001928
0 CZ-2C R/B
1 28141U 03061B   06262.45833333 -.00000473 +00000-0 +00000-0 0  9999
2 28141 024.3715 263.1224 8425292 318.7329 352.5225 00.86890175001925
0 CZ-2C R/B
1 28141U 03061B   06263.62500000 -.00000480 +00000-0 +00000-0 0  9999
2 28141 024.3700 262.9997 8425753 318.9489 357.3517 00.86889080001935
0 CZ-2C R/B
1 28141U 03061B   06263.63820348  .00000000  00000-0  00000+0 0  9996
2 28141 024.3636 263.0058 8425933 318.9500 001.4765 00.86869103  1933
0 CZ-2C R/B
1 28141U 03061B   06264.79166667 -.00000484 +00000-0 +00000-0 0  9999
2 28141 024.3659 262.8846 8426060 319.1582 002.1821 00.86889652001959
0 CZ-2C R/B
1 28141U 03061B   06265.91666667 -.00000477 +00000-0 +00000-0 0  9991
2 28141 024.3602 262.7750 8426201 319.3596 353.9841 00.86887371001960
0 CZ-2C R/B
1 28141U 03061B   06267.08333333 -.00000445 +00000-0 +00000-0 0  9997
2 28141 024.3533 262.6625 8426219 319.5656 358.8228 00.86883901001969
0 CZ-2C R/B
1 28141U 03061B   06268.20833333 -.00000417 +00000-0 +00000-0 0  9996
2 28141 024.3479 262.5525 8426130 319.7651 350.6340 00.86886383001978
0 CZ-2C R/B
1 28141U 03061B   06269.37500000 -.00000392 +00000-0 +00000-0 0  9999
2 28141 024.3432 262.4343 8426250 319.9751 355.4821 00.86882333001989
0 CZ-2C R/B
1 28141U 03061B   06270.54166667 -.00000355 +00000-0 +00000-0 0  9996
2 28141 024.3416 262.3115 8426394 320.1892 000.3261 00.86884807001999
0 CZ-2C R/B
1 28141U 03061B   06270.54563738  .00000000  00000-0  00000+0 0  9991
2 28141 024.3377 262.3069 8427295 320.1990 001.4794 00.86868276  1998
0 CZ-2C R/B
1 28141U 03061B   06271.66666667 -.00000332 +00000-0 +00000-0 0  9990
2 28141 024.3423 262.1875 8426783 320.4019 352.1324 00.86885045002000
0 CZ-2C R/B
1 28141U 03061B   06272.83333333 -.00000341 +00000-0 +00000-0 0  9991
2 28141 024.3431 262.0593 8427164 320.6246 356.9634 00.86890472002010
0 CZ-2C R/B
1 28141U 03061B   06273.95833333 -.00000362 +00000-0 +00000-0 0  9993
2 28141 024.3410 261.9393 8427460 320.8383 348.7536 00.86888080002029
0 CZ-2C R/B
1 28141U 03061B   06275.12500000 -.00000402 +00000-0 +00000-0 0  9991
2 28141 024.3351 261.8228 8427357 321.0528 353.5710 00.86892028002034
0 CZ-2C R/B
1 28141U 03061B   06276.25000000 -.00000466 +00000-0 +00000-0 0  9991
2 28141 024.3250 261.7179 8427037 321.2521 345.3613 00.86893947002049
0 CZ-2C R/B
1 28141U 03061B   06277.41666667 -.00000525 +00000-0 +00000-0 0  9993
2 28141 024.3131 261.6079 8426904 321.4561 350.1974 00.86886464002054
0 CZ-2C R/B
1 28141U 03061B   06277.45225007  .00000000  00000-0  00000+0 0  9992
2 28141 024.3138 261.5955 8428505 321.4644 001.3279 00.86869363  2056
0 CZ-2C R/B
1 28141U 03061B   06278.58333333 -.00000554 +00000-0 +00000-0 0  9995
2 28141 024.3073 261.4863 8427246 321.6684 355.0371 00.86889306002060
0 CZ-2C R/B
1 28141U 03061B   06279.70833333 -.00000570 +00000-0 +00000-0 0  9993
2 28141 024.3085 261.3533 8428600 321.8900 346.8378 00.86886120002071
0 CZ-2C R/B
1 28141U 03061B   06282.04166667 -.00000528 +00000-0 +00000-0 0  9996
2 28141 024.3096 261.0858 8431707 322.3645 356.4275 00.86886590002090
0 CZ-2C R/B
1 28141U 03061B   06283.20833333 -.00000508 +00000-0 +00000-0 0  9994
2 28141 024.2961 260.9799 8431888 322.5806 001.2092 00.86888301002110
0 CZ-2C R/B
1 28141U 03061B   06284.33333333 -.00000514 +00000-0 +00000-0 0  9991
2 28141 024.2767 260.8879 8431356 322.7751 352.9834 00.86887277002114
0 CZ-2C R/B
1 28141U 03061B   06285.50000000 -.00000531 +00000-0 +00000-0 0  9992
2 28141 024.2603 260.7845 8430771 322.9772 357.8116 00.86885851002124
0 CZ-2C R/B
1 28141U 03061B   06286.66666667 -.00000572 +00000-0 +00000-0 0  9992
2 28141 024.2506 260.6681 8430613 323.1870 002.6532 00.86887797002140
0 CZ-2C R/B
1 28141U 03061B   06287.79166667 -.00000630 +00000-0 +00000-0 0  9997
2 28141 024.2462 260.5471 8430887 323.3970 354.4661 00.86890069002151
0 CZ-2C R/B
1 28141U 03061B   06288.95833333 -.00000671 +00000-0 +00000-0 0  9992
2 28141 024.2438 260.4178 8431454 323.6194 359.3067 00.86888811002155
0 CZ-2C R/B
1 28141U 03061B   06290.12500000 -.00000691 +00000-0 +00000-0 0  9998
2 28141 024.2417 260.2903 8431952 323.8422 004.1410 00.86893707002174
0 CZ-2C R/B
1 28141U 03061B   06291.25000000 -.00000704 +00000-0 +00000-0 0  9993
2 28141 024.2373 260.1711 8432477 324.0548 355.9399 00.86888791002187
0 CZ-2C R/B
1 28141U 03061B   06292.37500000 -.00000695 +00000-0 +00000-0 0  9991
2 28141 024.2307 260.0586 8432759 324.2621 347.7406 00.86887622002191
0 CZ-2C R/B
1 28141U 03061B   06293.54166667 -.00000664 +00000-0 +00000-0 0  9994
2 28141 024.2222 259.9423 8432875 324.4747 352.5730 00.86884101002209
0 CZ-2C R/B
1 28141U 03061B   06294.66666667 -.00000639 +00000-0 +00000-0 0  9995
2 28141 024.2136 259.8315 8432829 324.6778 344.3795 00.86885609002212
0 CZ-2C R/B
1 28141U 03061B   06295.83333333 -.00000610 +00000-0 +00000-0 0  9995
2 28141 024.2052 259.7137 8432803 324.8909 349.2240 00.86884345002226
0 CZ-2C R/B
1 28141U 03061B   06297.00000000 -.00000564 +00000-0 +00000-0 0  9996
2 28141 024.1992 259.5908 8432855 325.1081 354.0705 00.86883602002230
0 CZ-2C R/B
1 28141U 03061B   06298.12500000 -.00000530 +00000-0 +00000-0 0  9998
2 28141 024.1964 259.4674 8433047 325.3223 345.8840 00.86884262002244
0 CZ-2C R/B
1 28141U 03061B   06299.29166667 -.00000511 +00000-0 +00000-0 0  9993
2 28141 024.1933 259.3383 8433427 325.5463 350.7266 00.86884968002257
0 CZ-2C R/B
1 28141U 03061B   06300.45833333 -.00000498 +00000-0 +00000-0 0  9999
2 28141 024.1918 259.2075 8433764 325.7740 355.5555 00.86885643002267
0 CZ-2C R/B
1 28141U 03061B   06301.58333333 -.00000513 +00000-0 +00000-0 0  9997
2 28141 024.1877 259.0874 8433935 325.9894 347.3434 00.86893196002276
0 CZ-2C R/B
1 28141U 03061B   06302.75000000 -.00000564 +00000-0 +00000-0 0  9995
2 28141 024.1780 258.9693 8434010 326.2078 352.1638 00.86889905002283
0 CZ-2C R/B
1 28141U 03061B   06303.91666667 -.00000614 +00000-0 +00000-0 0  9997
2 28141 024.1646 258.8568 8433715 326.4198 356.9886 00.86893979002294
0 CZ-2C R/B
1 28141U 03061B   06305.04166667 -.00000652 +00000-0 +00000-0 0  9990
2 28141 024.1514 258.7452 8433638 326.6245 348.7917 00.86887258002307
0 CZ-2C R/B
1 28141U 03061B   06306.20833333 -.00000685 +00000-0 +00000-0 0  9996
2 28141 024.1433 258.6207 8434023 326.8430 353.6356 00.86888851002314
0 CZ-2C R/B
1 28141U 03061B   06307.37500000 -.00000681 +00000-0 +00000-0 0  9993
2 28141 024.1444 258.4866 8435150 327.0712 358.4718 00.86889957002327
0 CZ-2C R/B
1 28141U 03061B   06308.50000000 -.00000647 +00000-0 +00000-0 0  9996
2 28141 024.1434 258.3500 8437008 327.3049 350.2480 00.86886711002332
0 CZ-2C R/B
1 28141U 03061B   06309.66666667 -.00000618 +00000-0 +00000-0 0  9999
2 28141 024.1369 258.2251 8438401 327.5388 355.0328 00.86888942002340
0 CZ-2C R/B
1 28141U 03061B   06310.83333333 -.00000597 +00000-0 +00000-0 0  9997
2 28141 024.1181 258.1185 8438776 327.7577 359.8171 00.86888258002342
0 CZ-2C R/B
1 28141U 03061B   06311.95833333 -.00000584 +00000-0 +00000-0 0  9992
2 28141 024.0943 258.0221 8438362 327.9587 351.5907 00.86885747002358
0 CZ-2C R/B
1 28141U 03061B   06313.12500000 -.00000603 +00000-0 +00000-0 0  9997
2 28141 024.0746 257.9152 8437757 328.1675 356.4224 00.86890158002367
0 CZ-2C R/B
1 28141U 03061B   06314.25000000 -.00000643 +00000-0 +00000-0 0  9991
2 28141 024.0616 257.8004 8437673 328.3751 348.2370 00.86886512002373
0 CZ-2C R/B
1 28141U 03061B   06315.41666667 -.00000675 +00000-0 +00000-0 0  9992
2 28141 024.0551 257.6731 8437923 328.5965 353.0805 00.86889142002383
0 CZ-2C R/B
1 28141U 03061B   06316.54166667 -.00000702 +00000-0 +00000-0 0  9993
2 28141 024.0515 257.5477 8438479 328.8136 344.8868 00.86890778002394
0 CZ-2C R/B
1 28141U 03061B   06317.70833333 -.00000725 +00000-0 +00000-0 0  9998
2 28141 024.0465 257.4202 8439092 329.0382 349.7227 00.86889456002407
0 CZ-2C R/B
1 28141U 03061B   06318.87500000 -.00000716 +00000-0 +00000-0 0  9999
2 28141 024.0395 257.2969 8439466 329.2603 354.5555 00.86892678002419
0 CZ-2C R/B
1 28141U 03061B   06320.00000000 -.00000688 +00000-0 +00000-0 0  9990
2 28141 024.0306 257.1797 8439768 329.4734 346.3570 00.86886419002424
0 CZ-2C R/B
1 28141U 03061B   06321.16666667 -.00000660 +00000-0 +00000-0 0  9995
2 28141 024.0205 257.0601 8439867 329.6916 351.1988 00.86888005002430
0 CZ-2C R/B
1 28141U 03061B   06322.33333333 -.00000616 +00000-0 +00000-0 0  9997
2 28141 024.0093 256.9417 8439843 329.9076 356.0409 00.86883178002441
0 CZ-2C R/B
1 28141U 03061B   06323.45833333 -.00000561 +00000-0 +00000-0 0  9995
2 28141 024.0005 256.8248 8439781 330.1167 347.8526 00.86884077002459
0 CZ-2C R/B
1 28141U 03061B   06324.62500000 -.00000519 +00000-0 +00000-0 0  9990
2 28141 023.9933 256.7005 8439858 330.3368 352.6996 00.86884759002460
0 CZ-2C R/B
1 28141U 03061B   06325.79166667 -.00000481 +00000-0 +00000-0 0  9994
2 28141 023.9882 256.5725 8440053 330.5610 357.5459 00.86885434002471
0 CZ-2C R/B
1 28141U 03061B   06325.80478296  .00000000  00000-0  34357-5 0  9993
2 28141 023.9825 256.5881 8442548 330.5376 001.5857 00.86869068  2485
0 CZ-2C R/B
1 28141U 03061B   06326.91666667 -.00000442 +00000-0 +00000-0 0  9991
2 28141 023.9850 256.4458 8440360 330.7813 349.3543 00.86885583002485
0 CZ-2C R/B
1 28141U 03061B   06328.08333333 -.00000430 +00000-0 +00000-0 0  9999
2 28141 023.9812 256.3165 8440637 331.0095 354.1868 00.86890387002493
0 CZ-2C R/B
1 28141U 03061B   06329.25000000 -.00000447 +00000-0 +00000-0 0  9999
2 28141 023.9735 256.1922 8440835 331.2345 359.0144 00.86891463002505
0 CZ-2C R/B
1 28141U 03061B   06330.37500000 -.00000470 +00000-0 +00000-0 0  9995
2 28141 023.9621 256.0771 8440842 331.4467 350.8035 00.86889117002517
0 CZ-2C R/B
1 28141U 03061B   06331.54166667 -.00000508 +00000-0 +00000-0 0  9994
2 28141 023.9475 255.9615 8440680 331.6614 355.6302 00.86892308002522
0 CZ-2C R/B
1 28141U 03061B   06332.70833333 -.00000551 +00000-0 +00000-0 0  9992
2 28141 023.9332 255.8440 8440673 331.8767 000.4771 00.86892184002530
0 CZ-2C R/B
1 28141U 03061B   06333.83333333 -.00000559 +00000-0 +00000-0 0  9990
2 28141 023.9240 255.7210 8441250 332.0920 352.2889 00.86887011002540
0 CZ-2C R/B
1 28141U 03061B   06333.86271554 -.00000002  00000-0  00000+0 0  9991
2 28141 023.9299 255.7257 8444092 332.0912 001.5029 00.86871865  2554
0 CZ-2C R/B
1 28141U 03061B   06336.12500000 -.00000508 +00000-0 +00000-0 0  9996
2 28141 023.9188 255.4586 8444091 332.5504 348.9083 00.86891589002568
0 CZ-2C R/B
1 28141U 03061B   06337.29166667 -.00000462 +00000-0 +00000-0 0  9991
2 28141 023.9077 255.3370 8445493 332.7812 353.7025 00.86886230002574
0 CZ-2C R/B
1 28141U 03061B   06338.45833333 -.00000421 +00000-0 +00000-0 0  9996
2 28141 023.8864 255.2291 8445937 333.0002 358.4923 00.86888368002580
0 CZ-2C R/B
1 28141U 03061B   06339.58333333 -.00000418 +00000-0 +00000-0 0  9992
2 28141 023.8603 255.1302 8445695 333.2035 350.2709 00.86887277002593
0 CZ-2C R/B
1 28141U 03061B   06340.75000000 -.00000436 +00000-0 +00000-0 0  9995
2 28141 023.8375 255.0220 8445282 333.4137 355.1061 00.86889335002608
0 CZ-2C R/B
1 28141U 03061B   06340.77067153 -.00000002  00000-0  00000+0 0  9997
2 28141 023.8637 255.0059 8446057 333.3965 001.6954 00.86870948  2613
0 CZ-2C R/B
1 28141U 03061B   06341.87500000 -.00000455 +00000-0 +00000-0 0  9995
2 28141 023.8238 254.9037 8445191 333.6265 346.9208 00.86888011002615
0 CZ-2C R/B
1 28141U 03061B   06343.04166667 -.00000487 +00000-0 +00000-0 0  9998
2 28141 023.8163 254.7765 8445462 333.8498 351.7692 00.86892256002627
0 CZ-2C R/B
1 28141U 03061B   06344.16666667 -.00000512 +00000-0 +00000-0 0  9996
2 28141 023.8105 254.6531 8445996 334.0665 343.5817 00.86891977002632
0 CZ-2C R/B
1 28141U 03061B   06345.33333333 -.00000505 +00000-0 +00000-0 0  9999
2 28141 023.8040 254.5274 8446586 334.2899 348.4186 00.86888712002647
0 CZ-2C R/B
1 28141U 03061B   06346.50000000 -.00000486 +00000-0 +00000-0 0  9999
2 28141 023.7956 254.4062 8446971 334.5101 353.2529 00.86892836002651
0 CZ-2C R/B
1 28141U 03061B   06347.66666667 -.00000464 +00000-0 +00000-0 0  9990
2 28141 023.7836 254.2898 8447251 334.7247 358.0914 00.86891432002661
0 CZ-2C R/B
1 28141U 03061B   06348.79166667 -.00000418 +00000-0 +00000-0 0  9999
2 28141 023.7721 254.1741 8447396 334.9367 349.9010 00.86886516002679
0 CZ-2C R/B
1 28141U 03061B   06349.95833333 -.00000362 +00000-0 +00000-0 0  9997
2 28141 023.7612 254.0540 8447371 335.1548 354.7468 00.86887270002681
0 CZ-2C R/B
1 28141U 03061B   06351.08333333 -.00000317 +00000-0 +00000-0 0  9999
2 28141 023.7521 253.9364 8447401 335.3665 346.5649 00.86886486002697
0 CZ-2C R/B
1 28141U 03061B   06352.25000000 -.00000261 +00000-0 +00000-0 0  9999
2 28141 023.7447 253.8117 8447521 335.5877 351.4142 00.86883331002700
0 CZ-2C R/B
1 28141U 03061B   06353.41666667 -.00000204 +00000-0 +00000-0 0  9992
2 28141 023.7402 253.6849 8447707 335.8111 356.2584 00.86888198002711
0 CZ-2C R/B
1 28141U 03061B   06354.54166667 -.00000178 +00000-0 +00000-0 0  9992
2 28141 023.7360 253.5615 8448077 336.0293 348.0672 00.86886634002720
0 CZ-2C R/B
1 28141U 03061B   06354.58333333 -.00000178 +00000-0 +00000-0 0  9992
2 28141 023.7358 253.5575 8447964 336.0373 001.1002 00.86890734002725
0 CZ-2C R/B
1 28141U 03061B   06354.58552615 -.00000001  00000-0  00000+0 0  9992
2 28141 023.7292 253.5625 8450310 336.0286 001.7372 00.86869985  2731
0 CZ-2C R/B
1 28141U 03061B   06355.70833333 -.00000169 +00000-0 +00000-0 0  9992
2 28141 023.7301 253.4347 8448302 336.2572 352.9027 00.86889449002735
0 CZ-2C R/B
1 28141U 03061B   06356.87500000 -.00000170 +00000-0 +00000-0 0  9995
2 28141 023.7210 253.3119 8448448 336.4805 357.7328 00.86891682002742
0 CZ-2C R/B
1 28141U 03061B   06358.00000000 -.00000200 +00000-0 +00000-0 0  9991
2 28141 023.7087 253.1976 8448377 336.6923 349.5296 00.86897870002756
0 CZ-2C R/B
1 28141U 03061B   06359.16666667 -.00000241 +00000-0 +00000-0 0  9991
2 28141 023.6929 253.0806 8448461 336.9085 354.3674 00.86890581002764
0 CZ-2C R/B
1 28141U 03061B   06360.33333333 -.00000258 +00000-0 +00000-0 0  9991
2 28141 023.6794 252.9617 8448639 337.1240 359.2071 00.86893030002773
0 CZ-2C R/B
1 28141U 03061B   06361.45833333 -.00000261 +00000-0 +00000-0 0  9994
2 28141 023.6706 252.8414 8449502 337.3366 351.0168 00.86887648002787
0 CZ-2C R/B
1 28141U 03061B   06361.49188324  .00000001  00000-0  26786-3 0  9994
2 28141 023.6691 252.8382 8451357 337.3518 001.5195 00.86871765  2795
0 CZ-2C R/B
1 28141U 03061B   06362.62500000 -.00000250 +00000-0 +00000-0 0  9994
2 28141 023.6637 252.7184 8450825 337.5581 355.8515 00.86891183002792
0 CZ-2C R/B
1 28141U 03061B   06363.75000000 -.00000208 +00000-0 +00000-0 0  9997
2 28141 023.6567 252.5965 8452493 337.7810 347.6355 00.86888051002802
0 CZ-2C R/B
1 28141U 03061B   06364.54166667 -.00000172 +00000-0 +00000-0 0  9997
2 28141 023.6475 252.5158 8453439 337.9364 235.1829 00.86862743002819
0 CZ-2C R/B
1 28141U 03061B   07001.04166667 -.00000136 +00000-0 +00000-0 0  9991
2 28141 023.6180 252.3771 8454163 338.2164 344.2101 00.86890348002826
0 CZ-2C R/B
1 28141U 03061B   07002.20833333 -.00000126 +00000-0 +00000-0 0  9990
2 28141 023.5915 252.2704 8454056 338.4295 349.0300 00.86886895002831
0 CZ-2C R/B
1 28141U 03061B   07003.37500000 -.00000134 +00000-0 +00000-0 0  9990
2 28141 023.5706 252.1577 8453781 338.6428 353.8661 00.86891978002842
0 CZ-2C R/B
1 28141U 03061B   07004.50000000 -.00000169 +00000-0 +00000-0 0  9999
2 28141 023.5568 252.0418 8453902 338.8529 345.6826 00.86888991002854
0 CZ-2C R/B
1 28141U 03061B   07005.66666667 -.00000204 +00000-0 +00000-0 0  9994
2 28141 023.5480 251.9176 8454250 339.0734 350.5327 00.86893134002861
0 CZ-2C R/B
1 28141U 03061B   07006.83333333 -.00000213 +00000-0 +00000-0 0  9995
2 28141 023.5406 251.7926 8454757 339.2974 355.3790 00.86893895002872
0 CZ-2C R/B
1 28141U 03061B   07007.95833333 -.00000215 +00000-0 +00000-0 0  9996
2 28141 023.5334 251.6743 8455362 339.5110 347.1884 00.86893626002882
0 CZ-2C R/B
1 28141U 03061B   07009.12500000 -.00000202 +00000-0 +00000-0 0  9995
2 28141 023.5227 251.5552 8455868 339.7291 352.0308 00.86889539002898
0 CZ-2C R/B
1 28141U 03061B   07010.25000000 -.00000162 +00000-0 +00000-0 0  9991
2 28141 023.5114 251.4427 8456095 339.9370 343.8374 00.86891571002908
0 CZ-2C R/B
1 28141U 03061B   07011.41666667 -.00000118 +00000-0 +00000-0 0  9998
2 28141 023.4990 251.3254 8456350 340.1527 348.6826 00.86886325002915
0 CZ-2C R/B
1 28141U 03061B   07012.58333333 -.00000081 +00000-0 +00000-0 0  9997
2 28141 023.4876 251.2073 8456432 340.3685 353.5326 00.86887909002924
0 CZ-2C R/B
1 28141U 03061B   07014.87500000 +.00000026 +00000-0 +00000-0 0  9996
2 28141 023.4733 250.9653 8456857 340.8015 350.2053 00.86885943002948
0 CZ-2C R/B
1 28141U 03061B   07016.04166667 +.00000060 +00000-0 +00000-0 0  9992
2 28141 023.4689 250.8406 8457173 341.0244 355.0537 00.86891183002956
0 CZ-2C R/B
1 28141U 03061B   07017.16666667 +.00000089 +00000-0 +00000-0 0  9992
2 28141 023.4641 250.7209 8457611 341.2395 346.8618 00.86886380002962
0 CZ-2C R/B
1 28141U 03061B   07018.54166667 +.00000102 +00000-0 +00000-0 0  9996
2 28141 023.4551 250.5773 8458176 341.5007 056.8445 00.86869338002977
0 CZ-2C R/B
1 28141U 03061B   07019.50000000 +.00000078 +00000-0 +00000-0 0  9993
2 28141 023.4447 250.4806 8458067 341.6796 356.5267 00.86892006002983
0 CZ-2C R/B
1 28141U 03061B   07020.66666667 +.00000039 +00000-0 +00000-0 0  9996
2 28141 023.4293 250.3631 8458123 341.8973 001.3624 00.86895513003001
0 CZ-2C R/B
1 28141U 03061B   07021.79166667 +.00000008 +00000-0 +00000-0 0  9992
2 28141 023.4139 250.2496 8458296 342.1055 353.1711 00.86894292003002
0 CZ-2C R/B
1 28141U 03061B   07022.95833333 -.00000024 +00000-0 +00000-0 0  9991
2 28141 023.4010 250.1291 8458898 342.3226 358.0185 00.86892895003019
0 CZ-2C R/B
1 28141U 03061B   07024.12500000 -.00000036 +00000-0 +00000-0 0  9997
2 28141 023.3913 250.0060 8460081 342.5425 002.8631 00.86890536003024
0 CZ-2C R/B
1 28141U 03061B   07025.25000000 -.00000010 +00000-0 +00000-0 0  9999
2 28141 023.3836 249.8875 8461717 342.7575 354.6584 00.86889744003038
0 CZ-2C R/B
1 28141U 03061B   07026.41666667 +.00000024 +00000-0 +00000-0 0  9999
2 28141 023.3703 249.7702 8463412 342.9799 359.4719 00.86888540003040
0 CZ-2C R/B
1 28141U 03061B   07027.58333333 +.00000047 +00000-0 +00000-0 0  9994
2 28141 023.3484 249.6595 8464499 343.1997 004.2804 00.86891645003066
0 CZ-2C R/B
1 28141U 03061B   07028.70833333 +.00000069 +00000-0 +00000-0 0  9998
2 28141 023.3217 249.5550 8464924 343.4090 356.0634 00.86892089003073
0 CZ-2C R/B
1 28141U 03061B   07029.87500000 +.00000068 +00000-0 +00000-0 0  9998
2 28141 023.2965 249.4431 8465000 343.6253 000.8952 00.86890380003077
0 CZ-2C R/B
1 28141U 03061B   07031.16666667 +.00000029 +00000-0 +00000-0 0  9992
2 28141 023.2758 249.3148 8465152 343.8633 044.8387 00.86886361003099
0 CZ-2C R/B
1 28141U 03061B   07032.33333333 -.00000005 +00000-0 +00000-0 0  9998
2 28141 023.2626 249.1934 8465449 344.0818 049.6880 00.86885595003102
0 CZ-2C R/B
1 28141U 03061B   07033.45833333 -.00000033 +00000-0 +00000-0 0  9998
2 28141 023.2543 249.0750 8466038 344.2933 041.5048 00.86886456003115
0 CZ-2C R/B
1 28141U 03061B   07034.62500000 -.00000064 +00000-0 +00000-0 0  9994
2 28141 023.2458 248.9533 8466848 344.5127 046.3506 00.86884046003120
0 CZ-2C R/B
1 28141U 03061B   07035.79166667 -.00000069 +00000-0 +00000-0 0  9995
2 28141 023.2356 248.8322 8467515 344.7336 051.1970 00.86887580003134
0 CZ-2C R/B
1 28141U 03061B   07036.91666667 -.00000047 +00000-0 +00000-0 0  9991
2 28141 023.2241 248.7180 8468130 344.9439 043.0066 00.86884546003144
0 CZ-2C R/B
1 28141U 03061B   07038.08333333 -.00000026 +00000-0 +00000-0 0  9999
2 28141 023.2108 248.5999 8468545 345.1623 047.8523 00.86884709003152
0 CZ-2C R/B
1 28141U 03061B   07039.25000000 +.00000006 +00000-0 +00000-0 0  9998
2 28141 023.1969 248.4815 8468814 345.3796 052.7014 00.86883312003164
0 CZ-2C R/B
1 28141U 03061B   07040.37500000 +.00000053 +00000-0 +00000-0 0  9990
2 28141 023.1859 248.3659 8469033 345.5892 044.5200 00.86883064003171
0 CZ-2C R/B
1 28141U 03061B   07041.54166667 +.00000090 +00000-0 +00000-0 0  9998
2 28141 023.1772 248.2441 8469402 345.8082 049.3728 00.86881529003180
0 CZ-2C R/B
1 28141U 03061B   07042.50000000 +.00000112 +00000-0 +00000-0 0  9998
2 28141 023.1719 248.1433 8469553 345.9898 349.0697 00.86889055003192
0 CZ-2C R/B
1 28141U 03061B   07042.50000000 +.00000112 +00000-0 +00000-0 0  9998
2 28141 023.1719 248.1433 8469553 345.9898 349.0697 00.86889055003192
0 CZ-2C R/B
1 28141U 03061B   07043.66666667 +.00000146 +00000-0 +00000-0 0  9990
2 28141 023.1671 248.0175 8470152 346.2147 353.9189 00.86888596003200
0 CZ-2C R/B
1 28141U 03061B   07044.79166667 +.00000164 +00000-0 +00000-0 0  9990
2 28141 023.1620 247.8973 8470664 346.4324 345.7269 00.86895326003212
0 CZ-2C R/B
1 28141U 03061B   07045.95833333 +.00000150 +00000-0 +00000-0 0  9995
2 28141 023.1518 247.7749 8471256 346.6574 350.5637 00.86891571003227
0 CZ-2C R/B
1 28141U 03061B   07047.12500000 +.00000123 +00000-0 +00000-0 0  9998
2 28141 023.1363 247.6561 8471499 346.8781 355.3951 00.86894032003235
0 CZ-2C R/B
1 28141U 03061B   07048.25000000 +.00000087 +00000-0 +00000-0 0  9997
2 28141 023.1180 247.5424 8471669 347.0884 347.1978 00.86894102003242
0 CZ-2C R/B
1 28141U 03061B   07049.41666667 +.00000030 +00000-0 +00000-0 0  9991
2 28141 023.0992 247.4226 8472049 347.3058 352.0450 00.86891354003257
0 CZ-2C R/B
1 28141U 03061B   07050.58333333 -.00000011 +00000-0 +00000-0 0  9992
2 28141 023.0846 247.2994 8472850 347.5258 356.8968 00.86895755003265
0 CZ-2C R/B
1 28141U 03061B   07051.70833333 -.00000017 +00000-0 +00000-0 0  9998
2 28141 023.0749 247.1771 8474501 347.7427 348.7090 00.86889951003272
0 CZ-2C R/B
1 28141U 03061B   07052.87500000 -.00000011 +00000-0 +00000-0 0  9993
2 28141 023.0628 247.0538 8476533 347.9688 353.5370 00.86889914003281
0 CZ-2C R/B
1 28141U 03061B   07056.33333333 +.00000041 +00000-0 +00000-0 0  9993
2 28141 022.9789 246.7138 8479757 348.6327 354.9561 00.86889548003312
0 CZ-2C R/B
1 28141U 03061B   07057.45833333 +.00000012 +00000-0 +00000-0 0  9990
2 28141 022.9526 246.5997 8479884 348.8468 346.7643 00.86892985003321
0 CZ-2C R/B
1 28141U 03061B   07058.62500000 -.00000022 +00000-0 +00000-0 0  9994
2 28141 022.9337 246.4755 8480208 349.0718 351.6164 00.86893721003338
0 CZ-2C R/B
1 28141U 03061B   07059.79166667 -.00000066 +00000-0 +00000-0 0  9998
2 28141 022.9212 246.3483 8480812 349.2985 356.4712 00.86894576003348
0 CZ-2C R/B
1 28141U 03061B   07060.91666667 -.00000116 +00000-0 +00000-0 0  9995
2 28141 022.9111 246.2256 8481658 349.5168 348.2912 00.86892771003355
0 CZ-2C R/B
1 28141U 03061B   07062.08333333 -.00000143 +00000-0 +00000-0 0  9996
2 28141 022.9001 246.1002 8482514 349.7420 353.1374 00.86894110003363
0 CZ-2C R/B
1 28141U 03061B   07063.25000000 -.00000146 +00000-0 +00000-0 0  9991
2 28141 022.8877 245.9759 8483380 349.9673 357.9811 00.86893941003373
0 CZ-2C R/B
1 28141U 03061B   07064.37500000 -.00000150 +00000-0 +00000-0 0  9995
2 28141 022.8732 245.8571 8484102 350.1839 349.7936 00.86891149003381
0 CZ-2C R/B
1 28141U 03061B   07065.54166667 -.00000136 +00000-0 +00000-0 0  9996
2 28141 022.8560 245.7333 8484559 350.4080 354.6424 00.86890197003392
0 CZ-2C R/B
1 28141U 03061B   07066.70833333 -.00000101 +00000-0 +00000-0 0  9998
2 28141 022.8409 245.6090 8484915 350.6331 359.4949 00.86890625003403
0 CZ-2C R/B
1 28141U 03061B   07067.83333333 -.00000076 +00000-0 +00000-0 0  9999
2 28141 022.8286 245.4863 8485281 350.8536 351.3181 00.86890389003415
0 CZ-2C R/B
1 28141U 03061B   07069.00000000 -.00000049 +00000-0 +00000-0 0  9992
2 28141 022.8140 245.3565 8485883 351.0843 356.1757 00.86886501003428
0 CZ-2C R/B
1 28141U 03061B   07070.16666667 -.00000011 +00000-0 +00000-0 0  9997
2 28141 022.8070 245.2270 8486429 351.3135 001.0293 00.86889156003437
0 CZ-2C R/B
1 28141U 03061B   07071.29166667 +.00000007 +00000-0 +00000-0 0  9991
2 28141 022.8012 245.1018 8487134 351.5366 352.8456 00.86891668003444
0 CZ-2C R/B
1 28141U 03061B   07072.45833333 -.00000000 +00000-0 +00000-0 0  9995
2 28141 022.7924 244.9724 8487939 351.7697 357.6886 00.86891715003441
0 CZ-2C R/B
1 28141U 03061B   07073.58333333 -.00000011 +00000-0 +00000-0 0  9997
2 28141 022.7795 244.8486 8488577 351.9955 349.4916 00.86893173003453
0 CZ-2C R/B
1 28141U 03061B   07074.75000000 -.00000045 +00000-0 +00000-0 0  9996
2 28141 022.7602 244.7218 8488985 352.2275 354.3265 00.86894722003468
0 CZ-2C R/B
1 28141U 03061B   07075.87500000 -.00000102 +00000-0 +00000-0 0  9999
2 28141 022.7368 244.5998 8489116 352.4496 346.1341 00.86899416003474
0 CZ-2C R/B
1 28141U 03061B   07077.04166667 -.00000152 +00000-0 +00000-0 0  9992
2 28141 022.7141 244.4711 8489562 352.6788 350.9843 00.86890088003483
0 CZ-2C R/B
1 28141U 03061B   07078.20833333 -.00000183 +00000-0 +00000-0 0  9996
2 28141 022.6976 244.3396 8490491 352.9082 355.8391 00.86892392003492
0 CZ-2C R/B
1 28141U 03061B   07079.33333333 -.00000208 +00000-0 +00000-0 0  9994
2 28141 022.6855 244.2110 8492315 353.1332 347.6550 00.86890333003500
0 CZ-2C R/B
1 28141U 03061B   07080.50000000 -.00000206 +00000-0 +00000-0 0  9995
2 28141 022.6688 244.0800 8494615 353.3703 352.4842 00.86890717003512
0 CZ-2C R/B
1 28141U 03061B   07081.66666667 -.00000180 +00000-0 +00000-0 0  9991
2 28141 022.6410 243.9527 8496484 353.6103 357.2971 00.86896562003523
0 CZ-2C R/B
1 28141U 03061B   07082.83333333 -.00000171 +00000-0 +00000-0 0  9992
2 28141 022.6052 243.8254 8497300 353.8481 002.1067 00.86894245003539
0 CZ-2C R/B
1 28141U 03061B   07083.95833333 -.00000178 +00000-0 +00000-0 0  9998
2 28141 022.5683 243.7029 8497663 354.0769 353.9055 00.86892186003548
0 CZ-2C R/B
1 28141U 03061B   07085.12500000 -.00000195 +00000-0 +00000-0 0  9990
2 28141 022.5399 243.5712 8497946 354.3134 358.7524 00.86890137003551
0 CZ-2C R/B
1 28141U 03061B   07086.25000000 -.00000238 +00000-0 +00000-0 0  9998
2 28141 022.5210 243.4413 8498367 354.5419 350.5756 00.86894763003563
0 CZ-2C R/B
1 28141U 03061B   07087.41666667 -.00000299 +00000-0 +00000-0 0  9991
2 28141 022.5069 243.3047 8499202 354.7808 355.4337 00.86893605003574
0 CZ-2C R/B
1 28141U 03061B   07088.58333333 -.00000338 +00000-0 +00000-0 0  9995
2 28141 022.4946 243.1682 8500148 355.0207 000.2877 00.86897145003598
0 CZ-2C R/B
1 28141U 03061B   07089.75000000 -.00000363 +00000-0 +00000-0 0  9995
2 28141 022.4827 243.0414 8501091 355.2515 005.1351 00.86897129003605
0 CZ-2C R/B
1 28141U 03061B   07090.87500000 -.00000380 +00000-0 +00000-0 0  9994
2 28141 022.4672 242.9116 8501999 355.4830 356.9499 00.86893148003617
0 CZ-2C R/B
1 28141U 03061B   07092.04166667 -.00000370 +00000-0 +00000-0 0  9991
2 28141 022.4495 242.7776 8502694 355.7222 001.7954 00.86890479003627
0 CZ-2C R/B
1 28141U 03061B   07093.16666667 -.00000344 +00000-0 +00000-0 0  9991
2 28141 022.4325 242.6478 8503167 355.9534 353.6107 00.86892681003638
0 CZ-2C R/B
1 28141U 03061B   07094.33333333 -.00000328 +00000-0 +00000-0 0  9994
2 28141 022.4153 242.5118 8503619 356.1946 358.4649 00.86889706003637
0 CZ-2C R/B
1 28141U 03061B   07095.50000000 -.00000302 +00000-0 +00000-0 0  9998
2 28141 022.4004 242.3738 8504012 356.4371 003.3230 00.86888967003653
0 CZ-2C R/B
1 28141U 03061B   07097.79166667 -.00000241 +00000-0 +00000-0 0  9995
2 28141 022.3804 242.0996 8505051 356.9174 000.0076 00.86889952003672
0 CZ-2C R/B
1 28141U 03061B   07098.95833333 -.00000227 +00000-0 +00000-0 0  9999
2 28141 022.3711 241.9598 8505778 357.1627 004.8599 00.86889456003689
0 CZ-2C R/B
1 28141U 03061B   07100.08333333 -.00000216 +00000-0 +00000-0 0  9990
2 28141 022.3608 241.8255 8506508 357.4003 356.6697 00.86894647003692
0 CZ-2C R/B
1 28141U 03061B   07101.20833333 -.00000234 +00000-0 +00000-0 0  9990
2 28141 022.3447 241.6959 8507171 357.6359 348.4714 00.86893944003705
0 CZ-2C R/B
1 28141U 03061B   07102.33333333 -.00000281 +00000-0 +00000-0 0  9992
2 28141 022.3222 241.5607 8507590 357.8774 340.2753 00.86894735003716
0 CZ-2C R/B
1 28141U 03061B   07103.50000000 -.00000324 +00000-0 +00000-0 0  9992
2 28141 022.2953 241.4196 8507817 358.1262 345.1194 00.86894865003724
0 CZ-2C R/B
1 28141U 03061B   07104.62500000 -.00000366 +00000-0 +00000-0 0  9997
2 28141 022.2708 241.2817 8508069 358.3651 336.9408 00.86895829003732
0 CZ-2C R/B
1 28141U 03061B   07105.79166667 -.00000408 +00000-0 +00000-0 0  9990
2 28141 022.2510 241.1368 8508982 358.6125 341.8053 00.86891041003740
0 CZ-2C R/B
1 28141U 03061B   07106.95833333 -.00000416 +00000-0 +00000-0 0  9999
2 28141 022.2362 240.9924 8510693 358.8606 346.6580 00.86892162003752
0 CZ-2C R/B
1 28141U 03061B   07108.08333333 -.00000399 +00000-0 +00000-0 0  9990
2 28141 022.2176 240.8542 8513055 359.1040 338.4576 00.86891396003764
0 CZ-2C R/B
1 28141U 03061B   07109.25000000 -.00000389 +00000-0 +00000-0 0  9991
2 28141 022.1846 240.7126 8515121 359.3612 343.2744 00.86892258003777
0 CZ-2C R/B
1 28141U 03061B   07110.37500000 -.00000378 +00000-0 +00000-0 0  9999
2 28141 022.1539 240.5890 8515803 359.5840 335.0691 00.86865194003784
0 CZ-2C R/B
1 28141U 03061B   07111.54166667 -.00000371 +00000-0 +00000-0 0  9999
2 28141 022.1004 240.4276 8516626 359.8736 339.8984 00.86891867003793
0 CZ-2C R/B
1 28141U 03061B   07112.79166667 -.00000402 +00000-0 +00000-0 0  9992
2 28141 022.0684 240.2693 8516836 000.1475 010.8209 00.86896914003802
0 CZ-2C R/B
1 28141U 03061B   07113.91666667 -.00000444 +00000-0 +00000-0 0  9998
2 28141 022.0476 240.1254 8517332 000.3943 002.6498 00.86893216003819
0 CZ-2C R/B
1 28141U 03061B   07115.08333333 -.00000478 +00000-0 +00000-0 0  9996
2 28141 022.0331 239.9769 8518224 000.6480 007.5099 00.86891565003823
0 CZ-2C R/B
1 28141U 03061B   07116.20833333 -.00000515 +00000-0 +00000-0 0  9998
2 28141 022.0200 239.8347 8519162 000.8940 359.3331 00.86898091003833
0 CZ-2C R/B
1 28141U 03061B   07117.37500000 -.00000546 +00000-0 +00000-0 0  9993
2 28141 022.0040 239.6875 8520214 001.1510 004.1864 00.86896116003849
0 CZ-2C R/B
1 28141U 03061B   07119.66666667 -.00000524 +00000-0 +00000-0 0  9995
2 28141 021.9675 239.3968 8521698 001.6603 000.8570 00.86894779003868
0 CZ-2C R/B
1 28141U 03061B   07120.83333333 -.00000506 +00000-0 +00000-0 0  9997
2 28141 021.9476 239.2476 8522197 001.9194 005.7131 00.86890186003879
0 CZ-2C R/B
1 28141U 03061B   07122.00000000 -.00000468 +00000-0 +00000-0 0  9997
2 28141 021.9296 239.0982 8522475 002.1784 010.5693 00.86892811003881
0 CZ-2C R/B
1 28141U 03061B   07126.58333333 -.00000341 +00000-0 +00000-0 0  9992
2 28141 021.8826 238.5037 8524351 003.1978 003.9391 00.86896810003924
0 CZ-2C R/B
1 28141U 03061B   07127.70833333 -.00000339 +00000-0 +00000-0 0  9999
2 28141 021.8694 238.3578 8525117 003.4532 355.7554 00.86896178003932
0 CZ-2C R/B
1 28141U 03061B   07128.87500000 -.00000355 +00000-0 +00000-0 0  9998
2 28141 021.8499 238.2057 8525763 003.7186 000.5992 00.86893776003944
0 CZ-2C R/B
1 28141U 03061B   07130.00000000 -.00000375 +00000-0 +00000-0 0  9993
2 28141 021.8265 238.0574 8526077 003.9758 352.4069 00.86901033003954
0 CZ-2C R/B
1 28141U 03061B   07131.16666667 -.00000417 +00000-0 +00000-0 0  9995
2 28141 021.7987 237.9022 8526361 004.2431 357.2567 00.86897582003957
0 CZ-2C R/B
1 28141U 03061B   07132.33333333 -.00000465 +00000-0 +00000-0 0  9999
2 28141 021.7720 237.7449 8526654 004.5097 002.1174 00.86896181003964
0 CZ-2C R/B
1 28141U 03061B   07136.91666667 -.00000437 +00000-0 +00000-0 0  9995
2 28141 021.6719 237.1328 8533126 005.5702 355.4537 00.86896915004005
0 CZ-2C R/B
1 28141U 03061B   07139.20833333 -.00000419 +00000-0 +00000-0 0  9996
2 28141 021.5833 236.8100 8534716 006.1270 352.0908 00.86896292004023
0 CZ-2C R/B
1 28141U 03061B   07140.33333333 -.00000439 +00000-0 +00000-0 0  9999
2 28141 021.5504 236.6497 8534921 006.3974 343.9190 00.86896929004036
0 CZ-2C R/B
1 28141U 03061B   07141.50000000 -.00000462 +00000-0 +00000-0 0  9997
2 28141 021.5282 236.4867 8535399 006.6723 348.7894 00.86897720004048
0 CZ-2C R/B
1 28141U 03061B   07146.12500000 -.00000523 +00000-0 +00000-0 0  9993
2 28141 021.4659 235.8631 8538787 007.7427 355.2078 00.86901448004088
0 CZ-2C R/B
1 28141U 03061B   07147.25000000 -.00000511 +00000-0 +00000-0 0  9990
2 28141 021.4458 235.7091 8539447 008.0084 347.0351 00.86895169004097
0 CZ-2C R/B
1 28141U 03061B   07148.41666667 -.00000470 +00000-0 +00000-0 0  9990
2 28141 021.4257 235.5483 8539820 008.2846 351.8990 00.86896947004109
0 CZ-2C R/B
1 28141U 03061B   07149.54166667 -.00000428 +00000-0 +00000-0 0  9993
2 28141 021.4082 235.3933 8540119 008.5509 343.7327 00.86896078004115
0 CZ-2C R/B
1 28141U 03061B   07150.70833333 -.00000393 +00000-0 +00000-0 0  9995
2 28141 021.3916 235.2325 8540418 008.8262 348.6038 00.86894180004121
0 CZ-2C R/B
1 28141U 03061B   07151.87500000 -.00000345 +00000-0 +00000-0 0  9993
2 28141 021.3781 235.0732 8540803 009.0996 353.4716 00.86893530004132
0 CZ-2C R/B
1 28141U 03061B   07156.50000000 -.00000270 +00000-0 +00000-0 0  9990
2 28141 021.3145 234.3999 8543165 010.2418 359.8924 00.86905245004183
0 CZ-2C R/B
1 28141U 03061B   07157.62500000 -.00000297 +00000-0 +00000-0 0  9998
2 28141 021.2898 234.2399 8543611 010.5158 351.7170 00.86899527004190
0 CZ-2C R/B
1 28141U 03061B   07158.79166667 -.00000332 +00000-0 +00000-0 0  9994
2 28141 021.2620 234.0720 8543759 010.7987 356.5800 00.86900658004195
0 CZ-2C R/B
1 28141U 03061B   07159.91666667 -.00000350 +00000-0 +00000-0 0  9994
2 28141 021.2376 233.9104 8544064 011.0688 348.4170 00.86899572004203
0 CZ-2C R/B
1 28141U 03061B   07161.08333333 -.00000365 +00000-0 +00000-0 0  9992
2 28141 021.2159 233.7446 8544845 011.3464 353.2963 00.86898648004219
0 CZ-2C R/B
1 28141U 03061B   07162.25000000 -.00000368 +00000-0 +00000-0 0  9997
2 28141 021.1957 233.5794 8546319 011.6248 358.1730 00.86898947004228
0 CZ-2C R/B
1 28141U 03061B   07163.37500000 -.00000338 +00000-0 +00000-0 0  9993
2 28141 021.1710 233.4179 8548279 011.8994 350.0027 00.86897388004237
0 CZ-2C R/B
1 28141U 03061B   07164.54166667 -.00000304 +00000-0 +00000-0 0  9993
2 28141 021.1346 233.2442 8550046 012.1949 354.8538 00.86901975004240
0 CZ-2C R/B
1 28141U 03061B   07168.00000000 -.00000285 +00000-0 +00000-0 0  9994
2 28141 021.0129 232.7536 8551512 013.0358 356.4882 00.86903944004270
0 CZ-2C R/B
1 28141U 03061B   07169.12500000 -.00000320 +00000-0 +00000-0 0  9993
2 28141 020.9901 232.5877 8551947 013.3132 348.3467 00.86905021004285
0 CZ-2C R/B
1 28141U 03061B   07171.41666667 -.00000358 +00000-0 +00000-0 0  9991
2 28141 020.9563 232.2603 8553569 013.8689 345.0965 00.86910468004308
0 CZ-2C R/B
1 28141U 03061B   07172.58333333 -.00000365 +00000-0 +00000-0 0  9999
2 28141 020.9378 232.0949 8554578 014.1525 349.9860 00.86904050004315
0 CZ-2C R/B
1 28141U 03061B   07176.04166667 -.00000276 +00000-0 +00000-0 0  9999
2 28141 020.8775 231.6012 8556163 014.9972 351.6155 00.86906276004349
0 CZ-2C R/B
1 28141U 03061B   07177.16666667 -.00000244 +00000-0 +00000-0 0  9993
2 28141 020.8594 231.4397 8556535 015.2734 343.4786 00.86900501004350
0 CZ-2C R/B
1 28141U 03061B   07178.33333333 -.00000192 +00000-0 +00000-0 0  9996
2 28141 020.8432 231.2730 8556816 015.5582 348.3795 00.86901927004364
0 CZ-2C R/B
1 28141U 03061B   07179.50000000 -.00000143 +00000-0 +00000-0 0  9994
2 28141 020.8289 231.1078 8557161 015.8421 353.2818 00.86905912004377
0 CZ-2C R/B
1 28141U 03061B   07180.62500000 -.00000111 +00000-0 +00000-0 0  9999
2 28141 020.8154 230.9487 8557601 016.1158 345.1491 00.86905522004384
0 CZ-2C R/B
1 28141U 03061B   07181.79166667 -.00000076 +00000-0 +00000-0 0  9995
2 28141 020.8008 230.7843 8558159 016.3993 350.0466 00.86906762004399
0 CZ-2C R/B
1 28141U 03061B   07184.12500000 -.00000069 +00000-0 +00000-0 0  9990
2 28141 020.7606 230.4474 8559161 016.9763 359.8382 00.86912364004416
0 CZ-2C R/B
1 28141U 03061B   07185.25000000 -.00000091 +00000-0 +00000-0 0  9995
2 28141 020.7356 230.2787 8559462 017.2605 351.7009 00.86912894004422
0 CZ-2C R/B
1 28141U 03061B   07186.41666667 -.00000348 +00000-0 +00000-0 0  9996
2 28141 020.6568 229.8286 8560638 017.8146 356.8575 00.86915677004434
0 CZ-2C R/B
1 28141U 03061B   07187.58333333 -.00000493 +00000-0 +00000-0 0  9997
2 28141 020.6314 229.6525 8561112 018.1065 001.7852 00.86911064004440
0 CZ-2C R/B
1 28141U 03061B   07188.70833333 -.00000531 +00000-0 +00000-0 0  9990
2 28141 020.6090 229.4847 8561887 018.3845 353.6780 00.86910889004457
0 CZ-2C R/B
1 28141U 03061B   07189.87500000 -.00000435 +00000-0 +00000-0 0  9994
2 28141 020.5864 229.3126 8563293 018.6726 358.6040 00.86911693004467
0 CZ-2C R/B
1 28141U 03061B   07191.00000000 -.00000274 +00000-0 +00000-0 0  9998
2 28141 020.6770 229.5279 8563488 018.4801 350.6035 00.86912564004478
0 CZ-2C R/B
1 28141U 03061B   07192.12500000 -.00000091 +00000-0 +00000-0 0  9994
2 28141 020.6394 229.3471 8564993 018.7797 342.4826 00.86915753004482
0 CZ-2C R/B
1 28141U 03061B   07193.29166667 +.00000098 +00000-0 +00000-0 0  9996
2 28141 020.5970 229.1546 8565965 019.0953 347.4042 00.86914360004499
0 CZ-2C R/B
1 28141U 03061B   07194.41666667 +.00000203 +00000-0 +00000-0 0  9994
2 28141 020.5584 228.9677 8566304 019.3995 339.2994 00.86920472004507
0 CZ-2C R/B
1 28141U 03061B   07197.87500000 -.00000063 +00000-0 +00000-0 0  9990
2 28141 020.4863 228.4376 8567864 020.2772 341.1142 00.86914612004532
0 CZ-2C R/B
1 28141U 03061B   07199.04166667 -.00000277 +00000-0 +00000-0 0  9995
2 28141 020.4677 228.2673 8568687 020.5649 346.0636 00.86920457004540
0 CZ-2C R/B
1 28141U 03061B   07200.16666667 -.00000451 +00000-0 +00000-0 0  9990
2 28141 020.4486 228.1020 8569499 020.8455 337.9738 00.86923489004554
0 CZ-2C R/B
1 28141U 03061B   07201.33333333 -.00000544 +00000-0 +00000-0 0  9994
2 28141 020.4276 227.9294 8570329 021.1383 342.9242 00.86915637004562
0 CZ-2C R/B
1 28141U 03061B   07202.50000000 -.00000559 +00000-0 +00000-0 0  9992
2 28141 020.3201 227.6551 8570981 021.6795 348.1253 00.86922522004570
0 CZ-2C R/B
1 28141U 03061B   07204.79166667 -.00000269 +00000-0 +00000-0 0  9995
2 28141 020.2826 227.3164 8571634 022.2529 345.0360 00.86922231004591
0 CZ-2C R/B
1 28141U 03061B   07205.91666667 -.00000035 +00000-0 +00000-0 0  9996
2 28141 020.2673 227.1529 8571959 022.5322 336.9780 00.86922140004604
0 CZ-2C R/B
1 28141U 03061B   07207.08333333 +.00000194 +00000-0 +00000-0 0  9992
2 28141 020.2521 226.9834 8572415 022.8218 341.9605 00.86921516004616
0 CZ-2C R/B
1 28141U 03061B   07212.87500000 +.00000192 +00000-0 +00000-0 0  9990
2 28141 020.1789 226.0805 8575054 024.2933 354.0996 00.86935213004664
0 CZ-2C R/B
1 28141U 03061B   07214.00000000 -.00000002 +00000-0 +00000-0 0  9993
2 28141 020.1530 225.9022 8575344 024.5851 346.0690 00.86934603004676
0 CZ-2C R/B
1 28141U 03061B   07215.16666667 -.00000138 +00000-0 +00000-0 0  9998
2 28141 020.1275 225.7180 8575942 024.8850 351.0862 00.86931440004685
0 CZ-2C R/B
1 28141U 03061B   07217.45833333 -.00000088 +00000-0 +00000-0 0  9992
2 28141 020.0694 225.3714 8578278 025.4630 348.2389 00.86936870004703
0 CZ-2C R/B
1 28141U 03061B   07218.58333333 +.00000057 +00000-0 +00000-0 0  9997
2 28141 020.0371 225.1856 8579800 025.7643 340.2215 00.86933961004718
0 CZ-2C R/B
1 28141U 03061B   07219.75000000 +.00000260 +00000-0 +00000-0 0  9995
2 28141 019.9994 224.9846 8581002 026.0868 345.2409 00.86938894004723
0 CZ-2C R/B
1 28141U 03061B   07220.87500000 +.00000656 -30209-6 +00000-0 0  9995
2 28141 019.9607 224.7850 8581746 026.4044 337.2276 00.86939454004739
0 CZ-2C R/B
1 28141U 03061B   07222.04166667 +.00001418 -11768-5 +00000-0 0  9998
2 28141 019.9295 224.5787 8582013 026.7282 342.3227 00.86940006004743
0 CZ-2C R/B
1 28141U 03061B   07224.37500000 +.00001976 -20193-5 +00000-0 0  9990
2 28141 019.8780 224.1934 8582905 027.3518 352.4362 00.86944666004760
0 CZ-2C R/B
1 28141U 03061B   07225.50000000 +.00001602 -17739-5 +00000-0 0  9999
2 28141 019.8587 224.0174 8583630 027.6414 344.4549 00.86943810004773
0 CZ-2C R/B
1 28141U 03061B   07226.66666667 +.00000966 -12124-5 +00000-0 0  9999
2 28141 019.8395 223.8380 8584547 027.9388 349.5111 00.86941628004784
0 CZ-2C R/B
1 28141U 03061B   07227.79166667 +.00000234 -47913-6 +00000-0 0  9992
2 28141 019.8200 223.6642 8585298 028.2280 341.5226 00.86948422004796
0 CZ-2C R/B
1 28141U 03061B   07228.95833333 -.00000598 +42138-6 +00000-0 0  9999
2 28141 019.7981 223.4813 8586126 028.5317 346.5790 00.86941567004800
0 CZ-2C R/B
1 28141U 03061B   07230.12500000 -.00001249 +12210-5 +00000-0 0  9994
2 28141 019.7762 223.2966 8586639 028.8372 351.6368 00.86944834004816
0 CZ-2C R/B
1 28141U 03061B   07231.25000000 -.00001515 +16840-5 +00000-0 0  9993
2 28141 019.7569 223.1200 8587049 029.1308 343.6576 00.86943827004824
0 CZ-2C R/B
1 28141U 03061B   07232.41666667 -.00001428 +17904-5 +00000-0 0  9994
2 28141 019.7385 222.9386 8587449 029.4329 348.7244 00.86941236004833
0 CZ-2C R/B
1 28141U 03061B   07233.54166667 -.00000927 +14239-5 +00000-0 0  9995
2 28141 019.7229 222.7668 8587753 029.7207 340.7507 00.86943673004849
0 CZ-2C R/B
1 28141U 03061B   07234.70833333 +.00000028 +52470-6 +00000-0 0  9996
2 28141 019.7087 222.5915 8588245 030.0170 345.8207 00.86945018004854
0 CZ-2C R/B
1 28141U 03061B   07235.87500000 +.00001126 -63700-6 +00000-0 0  9996
2 28141 019.6933 222.4145 8588823 030.3159 350.8916 00.86946388004864
0 CZ-2C R/B
1 28141U 03061B   07238.20833333 +.00002643 -24999-5 +00000-0 0  9995
2 28141 019.6331 222.0130 8591731 030.9574 001.3410 00.86957161004885
0 CZ-2C R/B
1 28141U 03061B   07239.33333333 +.00002658 -26624-5 +00000-0 0  9998
2 28141 019.6087 221.8244 8592114 031.2636 353.3941 00.86955692004892
0 CZ-2C R/B
1 28141U 03061B   07239.35119838 +.00009609 -26605-5 +89225-4 0  9994
2 28141 019.4805 221.7023 8597012 031.3809 357.1755 00.86899576004902
0 CZ-2C R/B
1 28141U 03061B   07240.50000000 +.00002031 -21184-5 +00000-0 0  9992
2 28141 019.5814 221.6226 8592276 031.5847 358.4976 00.86958338004909
0 CZ-2C R/B
1 28141U 03061B   07240.50000000 +.00002030 -21187-5 +00000-0 0  9994
2 28141 019.6015 221.6541 8590482 031.5569 358.1464 00.86952648004908
0 CZ-2C R/B
1 28141U 03061B   07242.79166667 +.00000542 -82282-7 +89225-4 0  9990
2 28141 019.5894 221.0937 8585854 032.5725 355.7060 00.86952706004929
0 CZ-2C R/B
1 28141U 03061B   07243.91666667 -.00000130 +80695-6 +89225-4 0  9998
2 28141 019.5648 220.9040 8587006 032.8727 347.7676 00.86950255004937
0 CZ-2C R/B
1 28141U 03061B   07245.08333333 -.00000249 +12098-5 +89225-4 0  9991
2 28141 019.5350 220.6988 8588450 033.1952 352.8672 00.86954516004941
0 CZ-2C R/B
1 28141U 03061B   07246.20833333 +.00000291 +96796-6 +89225-4 0  9995
2 28141 019.5005 220.4891 8589864 033.5208 344.9194 00.86955586004957
0 CZ-2C R/B
1 28141U 03061B   07247.37500000 +.00001197 +28544-6 +89225-4 0  9998
2 28141 019.4616 220.2626 8590907 033.8691 350.0169 00.86956176004964
0 CZ-2C R/B
1 28141U 03061B   07248.54166667 +.00002308 -59621-6 +89225-4 0  9991
2 28141 019.4245 220.0357 8591488 034.2169 355.1213 00.86955300004976
0 CZ-2C R/B
1 28141U 03061B   07249.70833333 +.00006253 -14771-5 +89225-4 0  9990
2 28141 019.4771 219.8604 8594773 034.2757 000.9280 00.86967729004993
0 CZ-2C R/B
1 28141U 03061B   07253.12500000 +.00009555 -18609-5 +89225-4 0  9995
2 28141 019.4133 219.2728 8596629 035.2107 350.3256 00.86975127005018
0 CZ-2C R/B
1 28141U 03061B   07254.29166667 +.00011114 -13063-5 +89225-4 0  9994
2 28141 019.3933 219.0777 8597632 035.5258 355.4929 00.86970231005027
0 CZ-2C R/B
1 28141U 03061B   07255.45833333 +.00012546 -49523-6 +89225-4 0  9995
2 28141 019.3721 218.8787 8598429 035.8449 000.6606 00.86973143005037
0 CZ-2C R/B
1 28141U 03061B   07257.75000000 +.00030280 -83059-5 +89225-4 0  9993
2 28141 019.2191 218.6075 8602262 036.3757 358.8552 00.87004475005069
0 CZ-2C R/B
1 28141U 03061B   07258.87500000 +.00027593 +27160-4 +89225-4 0  9994
2 28141 019.2004 218.4167 8602751 036.6846 351.0980 00.87001173005069
0 CZ-2C R/B
1 28141U 03061B   07260.04166667 +.00026257 +54519-4 +89225-4 0  9997
2 28141 019.1830 218.2200 8603077 037.0046 356.4094 00.87008474005077
0 CZ-2C R/B
1 28141U 03061B   07261.16666667 +.00028037 +66816-4 +89225-4 0  9997
2 28141 019.1684 218.0348 8603407 037.3091 348.6912 00.87015506005082
0 CZ-2C R/B
1 28141U 03061B   07263.50000000 +.00045858 +31635-4 +89225-4 0  9991
2 28141 019.1381 217.6496 8604370 037.9415 359.4444 00.87032879005117
0 CZ-2C R/B
1 28141U 03061B   07264.62500000 +.00079626 -10784-4 +89225-4 0  9993
2 28141 019.1048 217.4542 8605732 038.2312 352.4430 00.87067746005120
0 CZ-2C R/B
1 28141U 03061B   07265.79166667 +.00100446 -63338-4 +89225-4 0  9997
2 28141 019.0835 217.2463 8606130 038.5634 358.0198 00.87082934005136
0 CZ-2C R/B
1 28141U 03061B   07266.91666667 +.00111713 -10982-3 +89225-4 0  9992
2 28141 019.0599 217.0384 8605996 038.8913 350.5676 00.87111753005135
0 CZ-2C R/B
1 28141U 03061B   07268.08333333 +.00123585 -13738-3 +89225-4 0  9995
2 28141 019.0328 216.8120 8606310 039.2381 356.2197 00.87110623005142
0 CZ-2C R/B
1 28141U 03061B   07269.20833333 +.00129347 -13480-3 +89225-4 0  9991
2 28141 019.0086 216.5968 8606570 039.5695 348.8388 00.87107405005153
0 CZ-2C R/B
1 28141U 03061B   07270.37500000 +.00143739 -10139-3 +89225-4 0  9992
2 28141 018.9850 216.3771 8607092 039.9049 354.5621 00.87112003005162
0 CZ-2C R/B
1 28141U 03061B   07271.54166667 +.00190589 -46100-4 +89225-4 0  9992
2 28141 018.9610 216.1572 8607947 040.2391 000.3231 00.87136339005179
0 CZ-2C R/B
1 28141U 03061B   07274.95833333 +.00626125 +56401-4 +89225-4 0  9995
2 28141 018.8605 215.4303 8604655 041.3179 352.4633 00.87733302005210
0 CZ-2C R/B
1 28141U 03061B   07274.96768064 +.12428672 +58648-4 +14347-1 0  9999
2 28141 018.8692 215.4046 8589839 041.7314 357.9743 00.88553910005219
0 CZ-2C R/B
1 28141U 03061B   07274.96768064 +.12428672 +58648-4 +14347-1 0  9999
2 28141 018.8692 215.4046 8589839 041.7314 357.9743 00.88553910005219
0 CZ-2C R/B
1 28141U 03061B   07276.08333333 +.00752521 +37224-4 +89225-4 0  9998
2 28141 018.8281 215.1849 8601401 041.6885 347.3972 00.88073304005225
0 CZ-2C R/B
1 28141U 03061B   07278.37500000 +.01879616 -43803-4 +89225-4 0  9996
2 28141 018.7805 214.7190 8596774 042.3518 356.2691 00.88660403005248
0 CZ-2C R/B
1 28141U 03061B   07284.92098145 +.00200638 -15661-5 +10000-3 0  9993
2 28141 018.7363 213.3185 8327673 045.1215 357.2929 01.14547348005305
0 CZ-2C R/B
1 28141U 03061B   07287.10315138 +.01553762 -40830-6 +10000-3 0  9997
2 28141 018.7810 212.7602 5063086 045.9286 256.2675 05.79546413005322
0 CZ-2C R/B
1 28141U 03061B   07287.14485924 +.00002020 -12813-4 +00000-0 0  9991
2 28141 018.7693 212.6736 3824124 045.6751 340.0581 08.11801250005328
