0 TBA - TO BE ASSIGNED
1 32491U 06006AE  08049.53491908  .00052902  00000-0  78880-2 0  9992
2 32491 051.4960 291.1543 5094468 048.2747 345.3131 05.47266578  4272
0 BREEZE-M DEB
1 32491U 06006AE  08050.63107181 +.00052707 +00000-0 +78010-2 0  9990
2 32491 051.4937 290.2757 5094110 048.9227 345.1342 05.47381491004338
0 BREEZE-M DEB
1 32491U 06006AE  08051.17904506  .00052681  00000-0  78010-2 0  9997
2 32491 051.4932 289.8369 5093736 049.2522 345.0135 05.47439441  4362
0 BREEZE-M R/B DEB
1 32491U 06006AE  08051.72696147  .00055689  00000-0  83865-2 0  9992
2 32491 051.4779 289.3840 5092501 049.4963 345.0100 05.47515484  4397
0 BREEZE-M R/B DEB
1 32491U 06006AE  08052.82253186  .00058748  00000-0  88873-2 0  9999
2 32491 051.4980 288.5181 5091454 050.3586 344.6667 05.47651837  4451
0 BREEZE-M R/B DEB
1 32491U 06006AE  08053.73529875  .00058462  00000-0  87548-2 0  9992
2 32491 051.5011 287.7980 5091270 050.9286 344.3857 05.47757078  4502
0 BREEZE-M R/B DEB
1 32491U 06006AE  08053.73529875 +.00058462 +00000-0 +87548-2 0  9992
2 32491 051.5011 287.7980 5091270 050.9286 344.3857 05.47757078004502
0 BREEZE-M R/B DEB
1 32491U 06006AE  08054.46541814  .00057995  00000-0  86528-2 0  9997
2 32491 051.5080 287.2205 5090930 051.4129 344.2098 05.47839519  4548
0 BREEZE-M R/B DEB
1 32491U 06006AE  08054.83044041  .00055223  00000-0  80220-2 0  9993
2 32491 051.4944 286.9119 5091963 051.4369 344.1582 05.47868978  4569
0 BREEZE-M R/B DEB
1 32491U 06006AE  08055.56043708  .00054598  00000-0  77048-2 0  9991
2 32491 051.4871 286.3472 5092792 051.7192 344.0855 05.47945872  4608
0 BREEZE-M R/B DEB
1 32491U 06006AE  08055.92540077  .00053186  00000-0  78606-2 0  9995
2 32491 051.4930 286.0380 5090502 052.0687 343.9916 05.47979671  4621
0 BREEZE-M R/B DEB
1 32491U 06006AE  08056.65521453  .00052091  00000-0  76859-2 0  9995
2 32491 051.4905 285.4460 5090142 052.5149 343.7832 05.48050299  4669
0 BREEZE-M R/B DEB
1 32491U 06006AE  08056.83767198  .00050586  00000-0  73808-2 0  9991
2 32491 051.4932 285.3015 5090562 052.7247 343.7372 05.48064727  4672
0 BREEZE-M R/B DEB
1 32491U 06006AE  08057.74979152 +.00050379 +00000-0 +73734-2 0  9995
2 32491 051.4936 284.5766 5089859 053.2874 343.5205 05.48155856004722
0 BREEZE-M R/B DEB
1 32491U 06006AE  08058.47938864  .00049669  00000-0  73419-2 0  9991
2 32491 051.4922 283.9863 5088983 053.7244 343.3554 05.48224998  4764
0 BREEZE-M R/B DEB
1 32491U 06006AE  08058.47938864 +.00049669 +00000-0 +73419-2 0  9991
2 32491 051.4922 283.9863 5088983 053.7244 343.3554 05.48224998004764
0 BREEZE-M R/B DEB
1 32491U 06006AE  08058.84414864  .00049107  00000-0  71855-2 0  9990
2 32491 051.4892 283.6883 5089236 053.9178 343.2755 05.48258790  4780
0 BREEZE-M R/B DEB
1 32491U 06006AE  08059.75594987 +.00049097 +00000-0 +71884-2 0  9996
2 32491 051.4880 282.9561 5088656 054.4730 343.0733 05.48348442004831
0 BREEZE-M R/B DEB
1 32491U 06006AE  08060.66758898  .00057112  00000-0  85899-2 0  9999
2 32491 051.4731 282.2210 5086543 055.1610 343.0929 05.48492002  4882
0 BREEZE-M R/B DEB
1 32491U 06006AE  08061.03201872  .00059265  00000-0  86279-2 0  9990
2 32491 051.4739 281.9154 5087714 055.3831 342.7367 05.48542489  4901
0 BREEZE-M R/B DEB
1 32491U 06006AE  08062.67223285  .00077109  00000-0  11399-1 0  9990
2 32491 051.4917 280.6329 5085116 055.9964 343.0275 05.48851834  4994
0 BREEZE-M R/B DEB
1 32491U 06006AE  08063.58271651  .00077829  00000-0  12051-1 0  9996
2 32491 051.5021 279.9060 5082126 056.9242 342.1240 05.48993635  5047
0 BREEZE-M R/B DEB
1 32491U 06006AE  08064.67530650  .00065577  00000-0  92709-2 0  9990
2 32491 051.4691 278.9838 5085639 057.4599 341.6165 05.49097973  5102
0 BREEZE-M R/B DEB
1 32491U 06006AE  08065.58582587  .00063981  00000-0  90995-2 0  9999
2 32491 051.4442 278.1987 5084710 057.8758 341.6731 05.49206428  5154
0 BREEZE-M R/B DEB
1 32491U 06006AE  08065.94996008  .00055210  00000-0  81780-2 0  9994
2 32491 051.4854 277.9696 5082808 058.2220 341.5024 05.49217498  5175
0 BREEZE-M R/B DEB
1 32491U 06006AE  08066.49613867  .00055116  00000-0  81348-2 0  9999
2 32491 051.4837 277.5292 5082605 058.5778 341.4483 05.49277358  5203
0 BREEZE-M R/B DEB
1 32491U 06006AE  08067.77022024 +.00054731 +00000-0 +80594-2 0  9994
2 32491 051.4809 276.4841 5081857 059.3750 341.1274 05.49416066005270
0 BREEZE-M R/B DEB
1 32491U 06006AE  08067.95220475  .00054713  00000-0  80460-2 0  9996
2 32491 051.4799 276.3361 5081796 059.4674 341.0862 05.49435934  5280
0 BREEZE-M R/B DEB
1 32491U 06006AE  08068.49812175 +.00054632 +00000-0 +80508-2 0  9993
2 32491 051.4786 275.8934 5081336 059.8108 340.9468 05.49495189005314
0 BREEZE-M R/B DEB
1 32491U 06006AE  08069.77168631  .00056561  00000-0  81350-2 0  9995
2 32491 051.4762 274.8787 5081511 060.5208 340.6666 05.49645054  5380
0 BREEZE-M R/B DEB
1 32491U 06006AE  08069.77168631 +.00056561 +00000-0 +81350-2 0  9995
2 32491 051.4762 274.8787 5081511 060.5208 340.6666 05.49645054005380
0 BREEZE-M R/B DEB
1 32491U 06006AE  08071.59046132  .00071218  00000-0  98545-2 0  9999
2 32491 051.4871 273.4136 5081414 061.5672 340.6996 05.49942927  5488
0 BREEZE-M DEB
1 32491U 06006AE  08072.49918015 +.00071369 +00000-0 +10010-1 0  9994
2 32491 051.4832 272.6789 5080011 062.1316 339.9808 05.50072455005535
0 BREEZE-M DEB
1 32491U 06006AE  08072.86270307  .00071857  00000-0  10189-1 0  9999
2 32491 051.4758 272.3829 5079195 062.2999 339.8972 05.50125589  5553
0 BREEZE-M DEB
1 32491U 06006AE  08073.58964745  .00069076  00000-0  93347-2 0  9993
2 32491 051.4762 271.8020 5080813 062.6198 339.6867 05.50213594  5598
0 BREEZE-M DEB
1 32491U 06006AE  08073.58969228  .00061442  00000-0  88226-2 0  9993
2 32491 051.4900 271.7923 5078153 062.8770 339.6851 05.50197087  5596
0 BREEZE-M DEB
1 32491U 06006AE  08075.58814813  .00061445  00000-0  89253-2 0  9998
2 32491 051.4746 270.1955 5076183 064.0921 338.9232 05.50442324  5700
0 BREEZE-M DEB
1 32491U 06006AE  08076.49639312 +.00061332 +00000-0 +89468-2 0  9991
2 32491 051.4737 269.4613 5075322 064.6530 338.8720 05.50553327005750
0 BREEZE-M DEB
1 32491U 06006AE  08077.40435707  .00059893  00000-0  85283-2 0  9995
2 32491 051.4648 268.7223 5075801 065.1031 338.6286 05.50656145  5807
0 BREEZE-M DEB
1 32491U 06006AE  08077.76752483  .00059086  00000-0  83411-2 0  9992
2 32491 051.4708 268.4342 5075956 065.3504 338.5659 05.50695600  5825
0 BREEZE-M DEB
1 32491U 06006AE  08077.94909167  .00058860  00000-0  84989-2 0  9995
2 32491 051.4614 268.2762 5074812 065.4335 338.5381 05.50716232  5836
0 BREEZE-M DEB
1 32491U 06006AE  08078.49372884 +.00058836 +00000-0 +85194-2 0  9998
2 32491 051.4608 267.8353 5074300 065.7755 338.3847 05.50780364005866
0 BREEZE-M DEB
1 32491U 06006AE  08079.58281358  .00051601  00000-0  76333-2 0  9992
2 32491 051.4694 266.9587 5072819 066.5342 337.8546 05.50866746  5920
0 BREEZE-M DEB
1 32491U 06006AE  08080.67183575  .00050352  00000-0  73992-2 0  9996
2 32491 051.4673 266.0789 5072482 067.1581 337.7312 05.50973528  5983
0 BREEZE-M DEB
1 32491U 06006AE  08081.76056830 +.00050455 +00000-0 +74021-2 0  9998
2 32491 051.4605 265.1889 5071885 067.8359 337.4583 05.51084286006045
0 BREEZE-M DEB
1 32491U 06006AE  08082.66766192  .00050223  00000-0  73287-2 0  9993
2 32491 051.4603 264.4493 5071575 068.3934 337.1912 05.51174870  6094
0 BREEZE-M DEB
1 32491U 06006AE  08083.57461128 +.00050085 +00000-0 +73714-2 0  9996
2 32491 051.4540 263.7096 5070628 068.9531 336.9320 05.51265310006148
0 BREEZE-M DEB
1 32491U 06006AE  08084.84407909  .00051009  00000-0  75109-2 0  9991
2 32491 051.4497 262.6772 5069783 069.7356 336.5781 05.51398101  6212
0 BREEZE-M DEB
1 32491U 06006AE  08084.84407909 +.00051009 +00000-0 +75109-2 0  9991
2 32491 051.4497 262.6772 5069783 069.7356 336.5781 05.51398101006212
0 BREEZE-M DEB
1 32491U 06006AE  08085.56934711  .00051475  00000-0  76117-2 0  9994
2 32491 051.4519 262.0914 5069109 070.1884 336.3687 05.51475171  6253
0 BREEZE-M DEB
1 32491U 06006AE  08086.47578633 +.00051553 +00000-0 +76639-2 0  9998
2 32491 051.4561 261.3634 5068285 070.7556 336.0750 05.51568390006307
0 BREEZE-M DEB
1 32491U 06006AE  08087.38208284  .00053633  00000-0  79580-2 0  9990
2 32491 051.4741 260.6269 5067712 071.3414 335.8579 05.51674438  6359
0 BREEZE-M DEB
1 32491U 06006AE  08087.56328896  .00054006  00000-0  81153-2 0  9996
2 32491 051.4726 260.4710 5066997 071.4943 335.7448 05.51696273  6369
0 BREEZE-M DEB
1 32491U 06006AE  08089.55643704  .00087856  00000-0  13736-1 0  9995
2 32491 051.3919 258.8724 5062567 071.9307 336.4221 05.52118636  6478
0 BREEZE-M DEB
1 32491U 06006AE  08089.91812700  .00088835  00000-0  13140-1 0  9996
2 32491 051.4053 258.5828 5064710 072.4756 335.2888 05.52186723  6496
0 BREEZE-M DEB
1 32491U 06006AE  08090.46126196  .00088486  00000-0  13145-1 0  9992
2 32491 051.4043 258.1261 5063938 072.8618 335.0411 05.52280918  6529
0 BREEZE-M DEB
1 32491U 06006AE  08090.82331901  .00091878  00000-0  14277-1 0  9990
2 32491 051.4490 257.8189 5061394 073.3096 334.8626 05.52357487  6543
0 BREEZE-M DEB
1 32491U 06006AE  08091.54725731  .00083007  00000-0  11471-1 0  9996
2 32491 051.4450 257.2609 5066254 074.0194 334.2970 05.52440695  6581
0 BREEZE-M DEB
1 32491U 06006AE  08091.90930895  .00080337  00000-0  11643-1 0  9999
2 32491 051.4467 256.9658 5063820 074.0338 334.4071 05.52487428  6607
0 BREEZE-M DEB
1 32491U 06006AE  08092.63314692  .00071265  00000-0  10737-1 0  9994
2 32491 051.4494 256.3618 5061556 074.4787 334.1410 05.52568282  6649
0 BREEZE-M DEB
1 32491U 06006AE  08092.81413142  .00067812  00000-0  10304-1 0  9997
2 32491 051.4510 256.2078 5061105 074.5623 334.1262 05.52578411  6658
0 BREEZE-M DEB
1 32491U 06006AE  08093.53786054  .00065976  00000-0  10015-1 0  9990
2 32491 051.4519 255.6236 5060623 075.0280 333.9011 05.52666286  6696
0 BREEZE-M DEB
1 32491U 06006AE  08094.80407608  .00059181  00000-0  90537-2 0  9995
2 32491 051.4500 254.5994 5059476 075.7537 333.4229 05.52797386  6761
0 BREEZE-M DEB
1 32491U 06006AE  08095.52757055  .00056974  00000-0  84379-2 0  9993
2 32491 051.4436 254.0145 5060531 076.2142 333.2743 05.52870143  6801
0 BREEZE-M DEB
1 32491U 06006AE  08095.70844802  .00054805  00000-0  82435-2 0  9992
2 32491 051.4449 253.8598 5059760 076.4531 333.2050 05.52879788  6816
0 BREEZE-M DEB
1 32491U 06006AE  08096.43176878  .00053930  00000-0  81569-2 0  9999
2 32491 051.4481 253.2698 5059040 076.8278 332.9941 05.52955417  6853
0 BREEZE-M DEB
1 32491U 06006AE  08096.79340157  .00050800  00000-0  77123-2 0  9995
2 32491 051.4507 252.9806 5058710 077.0608 332.8597 05.52981155  6878
0 BREEZE-M DEB
1 32491U 06006AE  08097.51660390  .00052749  00000-0  81132-2 0  9999
2 32491 051.4567 252.3921 5057578 077.5236 332.7002 05.53065842  6911
0 BREEZE-M DEB
1 32491U 06006AE  08097.69735293 +.00052721 +00000-0 +81132-2 0  9993
2 32491 051.4567 252.2452 5057433 077.6341 332.5850 05.53084943006920
0 BREEZE-M DEB
1 32491U 06006AE  08098.60114490  .00057165  00000-0  87418-2 0  9995
2 32491 051.4561 251.5197 5056992 078.1115 332.4005 05.53202347  6972
0 BREEZE-M DEB
1 32491U 06006AE  08098.60114490 +.00057165 +00000-0 +87418-2 0  9995
2 32491 051.4561 251.5197 5056992 078.1115 332.4005 05.53202347006972
0 BREEZE-M DEB
1 32491U 06006AE  08099.86609529  .00057047  00000-0  87759-2 0  9993
2 32491 051.4555 250.4984 5055820 078.8707 331.9097 05.53345589  7040
0 BREEZE-M DEB
1 32491U 06006AE  08099.86609529 +.00057047 +00000-0 +87759-2 0  9993
2 32491 051.4555 250.4984 5055820 078.8707 331.9097 05.53345589007040
0 BREEZE-M DEB
1 32491U 06006AE  08100.58879771  .00055914  00000-0  87420-2 0  9999
2 32491 051.4578 249.9048 5054606 079.3633 331.6093 05.53419661  7084
0 BREEZE-M DEB
1 32491U 06006AE  08100.76947468  .00053939  00000-0  84499-2 0  9996
2 32491 051.4471 249.7399 5054448 079.4558 331.5529 05.53430042  7094
0 BREEZE-M DEB
1 32491U 06006AE  08101.49208433  .00052291  00000-0  79560-2 0  9992
2 32491 051.4377 249.1438 5055403 079.9869 331.2438 05.53495711  7134
0 BREEZE-M DEB
1 32491U 06006AE  08101.49215377  .00046732  00000-0  71913-2 0  9994
2 32491 051.4642 249.1543 5054978 079.9035 331.3867 05.53476645  7139
0 BREEZE-M DEB
1 32491U 06006AE  08102.75643765  .00044339  00000-0  69501-2 0  9991
2 32491 051.4422 248.1287 5053503 080.6383 330.7175 05.53581433  7202
0 BREEZE-M DEB
1 32491U 06006AE  08103.29835701  .00042940  00000-0  67115-2 0  9999
2 32491 051.4396 247.6824 5053409 081.0391 330.6838 05.53620414  7233
0 BREEZE-M DEB
1 32491U 06006AE  08103.65955925  .00041004  00000-0  65077-2 0  9995
2 32491 051.4455 247.3939 5052562 081.2299 330.5852 05.53643590  7258
0 BREEZE-M DEB
1 32491U 06006AE  08104.56245848  .00040086  00000-0  63557-2 0  9992
2 32491 051.4442 246.6548 5052210 081.7931 330.2760 05.53713515  7306
0 BREEZE-M DEB
1 32491U 06006AE  08104.74302933  .00037896  00000-0  59652-2 0  9997
2 32491 051.4400 246.5086 5052535 081.8896 330.1922 05.53717229  7313
0 BREEZE-M DEB
1 32491U 06006AE  08105.64582564 +.00037490 +00000-0 +59610-2 0  9991
2 32491 051.4421 245.7777 5051692 082.4539 329.9112 05.53783710007368
0 BREEZE-M DEB
1 32491U 06006AE  08105.82636781  .00037185  00000-0  59468-2 0  9994
2 32491 051.4419 245.6321 5051354 082.5562 329.8497 05.53796276  7378
0 BREEZE-M DEB
1 32491U 06006AE  08107.45104558  .00032872  00000-0  52956-2 0  9990
2 32491 051.4407 244.3137 5050507 083.5225 329.1583 05.53891713  7463
0 BREEZE-M DEB
1 32491U 06006AE  08107.81212108  .00032654  00000-0  52482-2 0  9993
2 32491 051.4410 244.0222 5050487 083.7792 329.1507 05.53914833  7484
0 BREEZE-M DEB
1 32491U 06006AE  08108.71457089  .00035364  00000-0  56383-2 0  9997
2 32491 051.4334 243.2643 5050400 084.3525 328.8575 05.53986743  7539
0 BREEZE-M DEB
1 32491U 06006AE  08109.43642004  .00038723  00000-0  62984-2 0  9996
2 32491 051.4367 242.7041 5049041 084.7954 328.6257 05.54057089  7572
0 BREEZE-M DEB
1 32491U 06006AE  08109.61682770  .00038852  00000-0  62741-2 0  9994
2 32491 051.4329 242.5439 5049290 084.9482 328.4651 05.54071698  7582
0 BREEZE-M DEB
1 32491U 06006AE  08109.79726712  .00039213  00000-0  63562-2 0  9992
2 32491 051.4383 242.4035 5049016 085.0110 328.4008 05.54087032  7595
0 BREEZE-M DEB
1 32491U 06006AE  08110.69943180  .00040718  00000-0  66840-2 0  9997
2 32491 051.4406 241.6652 5047928 085.5674 328.0986 05.54164499  7647
0 BREEZE-M DEB
1 32491U 06006AE  08111.42105167  .00035910  00000-0  59060-2 0  9998
2 32491 051.4389 241.0800 5047643 085.9931 327.6862 05.54196276  7680
0 BREEZE-M DEB
1 32491U 06006AE  08111.78192272 +.00035798 +00000-0 +59069-2 0  9993
2 32491 051.4385 240.7846 5047322 086.2184 327.6760 05.54221552007706
0 BREEZE-M DEB
1 32491U 06006AE  08112.32310132  .00033744  00000-0  55447-2 0  9996
2 32491 051.4327 240.3399 5047316 086.5587 327.4559 05.54253087  7739
0 BREEZE-M DEB
1 32491U 06006AE  08112.32310928 +.00033777 +00000-0 +55708-2 0  9995
2 32491 051.4378 240.3412 5047140 086.5522 327.4730 05.54253064007731
0 BREEZE-M DEB
1 32491U 06006AE  08113.40537075 +.00033727 +00000-0 +55724-2 0  9992
2 32491 051.4379 239.4649 5046568 087.2107 327.0669 05.54326011007799
0 BREEZE-M DEB
1 32491U 06006AE  08113.76609244  .00033508  00000-0  55738-2 0  9991
2 32491 051.4327 239.1599 5046093 087.4309 326.9274 05.54349084  7810
0 BREEZE-M DEB
1 32491U 06006AE  08114.30714578  .00032129  00000-0  53616-2 0  9990
2 32491 051.4365 238.7165 5045728 087.7851 326.7033 05.54380770  7846
0 BREEZE-M DEB
1 32491U 06006AE  08115.20883179  .00035413  00000-0  58958-2 0  9997
2 32491 051.4402 237.9748 5045367 088.2982 326.4196 05.54453294  7890
0 BREEZE-M DEB
1 32491U 06006AE  08115.56944078  .00043595  00000-0  71775-2 0  9994
2 32491 051.4554 237.6897 5045555 088.5539 326.2619 05.54501512  7918
0 BREEZE-M DEB
1 32491U 06006AE  08115.74976312 +.00038105 +00000-0 +61697-2 0  9993
2 32491 051.4405 237.5464 5046357 088.6289 326.2300 05.54505649007929
0 BREEZE-M DEB
1 32491U 06006AE  08115.74976312  .00038105  00000-0  61697-2 0  9993
2 32491 051.4405 237.5464 5046357 088.6289 326.2300 05.54505649  7929
0 BREEZE-M DEB
1 32491U 06006AE  08116.47092691  .00039854  00000-0  64917-2 0  9993
2 32491 051.4528 236.9418 5045682 089.1489 325.9147 05.54568919  7963
0 BREEZE-M DEB
1 32491U 06006AE  08117.73277108  .00048339  00000-0  80342-2 0  9999
2 32491 051.4350 235.9239 5043809 089.8400 325.6307 05.54720171  8039
0 BREEZE-M DEB
1 32491U 06006AE  08119.71488728  .00039018  00000-0  67276-2 0  9996
2 32491 051.4312 234.3152 5041310 091.1173 324.2345 05.54850744  8141
0 BREEZE-M DEB
1 32491U 06006AE  08120.43577050  .00037090  00000-0  63565-2 0  9999
2 32491 051.4282 233.7262 5041355 091.5499 324.2146 05.54895823  8186
0 BREEZE-M DEB
1 32491U 06006AE  08121.15646340  .00033847  00000-0  58654-2 0  9997
2 32491 051.4230 233.1412 5040620 091.9761 323.9223 05.54934338  8222
0 BREEZE-M DEB
1 32491U 06006AE  08121.51680605  .00033222  00000-0  58033-2 0  9997
2 32491 051.4343 232.8512 5040114 092.1816 323.8125 05.54955707  8241
0 BREEZE-M DEB
1 32491U 06006AE  08121.69696772 +.00032990 +00000-0 +57911-2 0  9993
2 32491 051.4305 232.6998 5039815 092.2858 323.7511 05.54966674008252
0 BREEZE-M DEB
1 32491U 06006AE  08122.23741025  .00032747  00000-0  57422-2 0  9993
2 32491 051.4320 232.2577 5039664 092.6106 323.5266 05.55001406  8282
0 BREEZE-M DEB
1 32491U 06006AE  08123.13807242  .00029411  00000-0  51106-2 0  9994
2 32491 051.4322 231.5268 5039850 093.1842 323.0841 05.55044686  8330
0 BREEZE-M DEB
1 32491U 06006AE  08123.49835080 +.00029531 +00000-0 +51514-2 0  9990
2 32491 051.4320 231.2346 5039520 093.4020 322.9964 05.55066545008351
0 BREEZE-M DEB
1 32491U 06006AE  08124.39890429 +.00029845 +00000-0 +52334-2 0  9997
2 32491 051.4316 230.5010 5038891 093.9425 322.6160 05.55121323008407
0 BREEZE-M DEB
1 32491U 06006AE  08125.47945017  .00029296  00000-0  51399-2 0  9991
2 32491 051.4329 229.6199 5038423 094.6191 322.1273 05.55182382  8465
0 BREEZE-M DEB
1 32491U 06006AE  08125.65953644  .00029124  00000-0  51591-2 0  9990
2 32491 051.4300 229.4656 5037885 094.7072 322.0655 05.55191930  8473
0 BREEZE-M DEB
1 32491U 06006AE  08126.37982543  .00027656  00000-0  49431-2 0  9998
2 32491 051.4258 228.8790 5037173 095.1553 321.7436 05.55228625  8516
0 BREEZE-M DEB
1 32491U 06006AE  08126.37982870 +.00027621 +00000-0 +49394-2 0  9991
2 32491 051.4262 228.8791 5037148 095.1543 321.7501 05.55228492008518
0 BREEZE-M DEB
1 32491U 06006AE  08127.28011815 +.00028044 +00000-0 +50257-2 0  9994
2 32491 051.4283 228.1457 5036673 095.7084 321.3602 05.55280327008569
0 BREEZE-M DEB
1 32491U 06006AE  08128.18031666  .00028363  00000-0  51200-2 0  9993
2 32491 051.4285 227.4099 5035972 096.2720 320.9508 05.55332026  8619
0 BREEZE-M DEB
1 32491U 06006AE  08128.54036803 +.00028040 +00000-0 +50521-2 0  9998
2 32491 051.4314 227.1197 5035946 096.4872 320.7711 05.55350521008635
0 BREEZE-M DEB
1 32491U 06006AE  08129.26045018  .00027543  00000-0  49689-2 0  9996
2 32491 051.4328 226.5326 5035654 096.9487 320.4484 05.55388959  8674
0 BREEZE-M DEB
1 32491U 06006AE  08129.62046778  .00026114  00000-0  48041-2 0  9994
2 32491 051.4377 226.2470 5034627 097.1439 320.2589 05.55401341  8691
0 BREEZE-M DEB
1 32491U 06006AE  08130.34049381  .00023615  00000-0  42537-2 0  9995
2 32491 051.4443 225.6703 5035535 097.5476 319.9183 05.55425968  8732
0 BREEZE-M DEB
1 32491U 06006AE  08130.52053588  .00022541  00000-0  40336-2 0  9991
2 32491 051.4418 225.5120 5035851 097.7456 319.8687 05.55428230  8741
0 BREEZE-M DEB
1 32491U 06006AE  08131.42049604  .00020247  00000-0  37070-2 0  9997
2 32491 051.4350 224.7784 5034631 098.2963 319.4128 05.55458340  8793
0 BREEZE-M DEB
1 32491U 06006AE  08132.32042455  .00018580  00000-0  34451-2 0  9991
2 32491 051.4391 224.0525 5033941 098.7948 318.9995 05.55486593  8848
0 BREEZE-M DEB
1 32491U 06006AE  08132.50043089 +.00018421 +00000-0 +34213-2 0  9995
2 32491 051.4391 223.9046 5033847 098.9095 318.9653 05.55492431008854
0 BREEZE-M DEB
1 32491U 06006AE  08134.12014147  .00017004  00000-0  31383-2 0  9999
2 32491 051.4335 222.5738 5034001 099.9677 318.1522 05.55545050  8948
0 BREEZE-M DEB
1 32491U 06006AE  08134.30010346  .00016826  00000-0  31603-2 0  9992
2 32491 051.4406 222.4525 5033121 100.0274 318.0772 05.55550329  8951
0 BREEZE-M DEB
1 32491U 06006AE  08134.66002834 +.00016828 +00000-0 +31561-2 0  9999
2 32491 051.4394 222.1553 5033136 100.2589 317.9272 05.55562562008979
0 BREEZE-M DEB
1 32491U 06006AE  08135.37982804 +.00016489 +00000-0 +31082-2 0  9993
2 32491 051.4374 221.5604 5032767 100.6968 317.5767 05.55585536009018
0 BREEZE-M DEB
1 32491U 06006AE  08136.63939967  .00016566  00000-0  31388-2 0  9990
2 32491 051.4352 220.5288 5032223 101.4747 316.9557 05.55627755  9089
0 BREEZE-M DEB
1 32491U 06006AE  08137.35910947 +.00016316 +00000-0 +31191-2 0  9992
2 32491 051.4360 219.9378 5031595 101.9180 316.5942 05.55650852009120
0 BREEZE-M DEB
1 32491U 06006AE  08138.61852854 +.00016417 +00000-0 +31459-2 0  9993
2 32491 051.4356 218.9059 5031102 102.6954 315.9634 05.55692580009193
0 BREEZE-M DEB
1 32491U 06006AE  08139.33815141  .00016524  00000-0  31802-2 0  9992
2 32491 051.4363 218.3164 5030659 103.1439 315.5974 05.55716721  9234
0 BREEZE-M DEB
1 32491U 06006AE  08140.59741006 +.00016701 +00000-0 +32241-2 0  9995
2 32491 051.4372 217.2865 5030123 103.9150 314.9480 05.55759159009309
0 BREEZE-M DEB
1 32491U 06006AE  08141.31693988  .00016899  00000-0  32837-2 0  9990
2 32491 051.4373 216.6982 5029590 104.3565 314.5736 05.55784243  9340
0 BREEZE-M DEB
1 32491U 06006AE  08141.31693988 +.00016899 +00000-0 +32837-2 0  9990
2 32491 051.4373 216.6982 5029590 104.3565 314.5736 05.55784243009340
0 BREEZE-M DEB
1 32491U 06006AE  08142.21630688  .00018336  00000-0  35697-2 0  9993
2 32491 051.4351 215.9717 5029230 104.9162 314.1242 05.55821949  9392
0 BREEZE-M DEB
1 32491U 06006AE  08142.39615670 +.00018362 +00000-0 +35722-2 0  9994
2 32491 051.4359 215.8248 5029219 105.0265 313.9994 05.55828653009403
0 BREEZE-M DEB
1 32491U 06006AE  08143.29544813  .00018822  00000-0  37060-2 0  9992
2 32491 051.4346 215.0894 5028402 105.6051 313.5265 05.55864043  9455
0 BREEZE-M DEB
1 32491U 06006AE  08143.65513141  .00022602  00000-0  44283-2 0  9998
2 32491 051.4408 214.8026 5028497 105.7978 313.3620 05.55893909  9479
0 BREEZE-M DEB
1 32491U 06006AE  08143.65513793  .00023917  00000-0  47415-2 0  9991
2 32491 051.4562 214.8157 5027963 105.7615 313.3884 05.55897188  9475
0 BREEZE-M DEB
1 32491U 06006AE  08144.55428953 +.00022790 +00000-0 +45293-2 0  9994
2 32491 051.4392 214.0615 5027561 106.3347 312.8507 05.55935398009528
0 BREEZE-M DEB
1 32491U 06006AE  08145.27358016  .00022685  00000-0  45155-2 0  9996
2 32491 051.4368 213.4786 5027324 106.7771 312.4561 05.55967541  9560
0 BREEZE-M DEB
1 32491U 06006AE  08145.63321139 +.00022423 +00000-0 +44711-2 0  9999
2 32491 051.4389 213.1900 5027169 106.9991 312.2576 05.55982557009581
0 BREEZE-M DEB
1 32491U 06006AE  08146.17263804  .00021893  00000-0  43941-2 0  9997
2 32491 051.4360 212.7466 5026746 107.3134 311.9637 05.56004420  9619
0 BREEZE-M DEB
1 32491U 06006AE  08146.53224952  .00021438  00000-0  43276-2 0  9994
2 32491 051.4358 212.4495 5026402 107.5270 311.7702 05.56017568  9637
0 BREEZE-M DEB
1 32491U 06006AE  08147.61101443 +.00019461 +00000-0 +39580-2 0  9999
2 32491 051.4354 211.5727 5025884 108.2049 311.1457 05.56054468009693
0 BREEZE-M DEB
1 32491U 06006AE  08148.15037667  .00019269  00000-0  39062-2 0  9996
2 32491 051.4360 211.1333 5025953 108.5204 310.8630 05.56074729  9727
0 BREEZE-M DEB
1 32491U 06006AE  08148.33016442  .00018126  00000-0  36610-2 0  9991
2 32491 051.4367 210.9891 5026148 108.6691 310.7457 05.56076061  9736
0 BREEZE-M DEB
1 32491U 06006AE  08149.22903746  .00017483  00000-0  34922-2 0  9991
2 32491 051.4387 210.2561 5026541 109.2021 310.2235 05.56105475  9782
0 BREEZE-M DEB
1 32491U 06006AE  08149.58859132  .00016312  00000-0  33219-2 0  9997
2 32491 051.4398 209.9660 5025524 109.4263 310.0251 05.56111814  9802
0 BREEZE-M DEB
1 32491U 06006AE  08150.30765563 +.00016010 +00000-0 +32750-2 0  9997
2 32491 051.4394 209.3758 5025115 109.8672 309.6217 05.56133850009848
0 BREEZE-M DEB
1 32491U 06006AE  08151.02668085  .00015941  00000-0  32606-2 0  9990
2 32491 051.4407 208.7921 5024892 110.3140 309.1997 05.56156753  9887
0 BREEZE-M DEB
1 32491U 06006AE  08151.38618053  .00016905  00000-0  34755-2 0  9997
2 32491 051.4385 208.5071 5024483 110.5293 309.0015 05.56172767  9909
0 BREEZE-M DEB
1 32491U 06006AE  08151.56591961 +.00016961 +00000-0 +34847-2 0  9999
2 32491 051.4383 208.3577 5024453 110.6413 308.8825 05.56179102009915
0 BREEZE-M DEB
1 32491U 06006AE  08152.28487946 +.00017241 +00000-0 +35779-2 0  9993
2 32491 051.4387 207.7688 5023676 111.0720 308.4581 05.56204778009954
0 BREEZE-M DEB
1 32491U 06006AE  08153.54298368  .00017038  00000-0  35343-2 0  9992
2 32491 051.4391 206.7477 5023264 111.8486 307.6970 05.56246368 10028
0 BREEZE-M DEB
1 32491U 06006AE  08154.26185934 +.00016589 +00000-0 +34515-2 0  9996
2 32491 051.4392 206.1612 5022900 112.2904 307.2601 05.56268274010061
0 BREEZE-M DEB
1 32491U 06006AE  08155.16040705  .00015616  00000-0  32660-2 0  9991
2 32491 051.4396 205.4293 5022423 112.8330 306.6927 05.56292722 10116
0 BREEZE-M DEB
1 32491U 06006AE  08155.34012541  .00015087  00000-0  31591-2 0  9992
2 32491 051.4405 205.2836 5022334 112.9504 306.5919 05.56295205 10123
0 BREEZE-M DEB
1 32491U 06006AE  08156.05893918 +.00014568 +00000-0 +30614-2 0  9994
2 32491 051.4374 204.6966 5022054 113.3923 306.1482 05.56313570010165
0 BREEZE-M DEB
1 32491U 06006AE  08157.13710109  .00012058  00000-0  25746-2 0  9996
2 32491 051.4369 203.8150 5021192 114.0451 305.4301 05.56331762 10223
0 BREEZE-M DEB
1 32491U 06006AE  08157.49650780  .00011670  00000-0  25007-2 0  9992
2 32491 051.4384 203.5162 5021027 114.2536 305.2489 05.56338148 10245
0 BREEZE-M DEB
1 32491U 06006AE  08158.57462796  .00010095  00000-0  21915-2 0  9994
2 32491 051.4404 202.6345 5020471 114.9229 304.5486 05.56355762 10306
0 BREEZE-M DEB
1 32491U 06006AE  08159.47304127  .00008880  00000-0  19366-2 0  9993
2 32491 051.4419 201.9057 5020390 115.4848 303.9666 05.56367686 10353
0 BREEZE-M DEB
1 32491U 06006AE  08160.55109356  .00009466  00000-0  20764-2 0  9996
2 32491 051.4425 201.0335 5020136 116.1540 303.2764 05.56390695 10410
0 BREEZE-M DEB
1 32491U 06006AE  08161.26976138 +.00010148 +00000-0 +22419-2 0  9993
2 32491 051.4447 200.4441 5019704 116.5896 302.8028 05.56407435010455
0 BREEZE-M DEB
1 32491U 06006AE  08161.98840565  .00010250  00000-0  22713-2 0  9997
2 32491 051.4452 199.8580 5019460 117.0314 302.3185 05.56422772 10490
0 BREEZE-M DEB
1 32491U 06006AE  08162.52737246 +.00010732 +00000-0 +23831-2 0  9996
2 32491 051.4454 199.4236 5019232 117.3608 301.9537 05.56436099010529
0 BREEZE-M DEB
1 32491U 06006AE  08163.24598401 +.00010534 +00000-0 +23448-2 0  9998
2 32491 051.4443 198.8381 5018956 117.7994 301.4694 05.56450246010568
0 BREEZE-M DEB
1 32491U 06006AE  08164.14421344  .00010045  00000-0  22480-2 0  9991
2 32491 051.4447 198.1006 5018455 118.3283 300.8461 05.56466149 10611
0 BREEZE-M DEB
1 32491U 06006AE  08164.50351342  .00008781  00000-0  19800-2 0  9997
2 32491 051.4426 197.8146 5018012 118.5714 300.5896 05.56466145 10636
0 BREEZE-M DEB
1 32491U 06006AE  08165.22207588  .00008372  00000-0  18498-2 0  9997
2 32491 051.4454 197.2385 5018853 119.0563 300.0637 05.56476333 10679
0 BREEZE-M DEB
1 32491U 06006AE  08166.12026027  .00007856  00000-0  17556-2 0  9994
2 32491 051.4455 196.5029 5017970 119.5754 299.4350 05.56488521 10724
0 BREEZE-M DEB
1 32491U 06006AE  08166.47954305  .00007291  00000-0  16390-2 0  9999
2 32491 051.4445 196.2083 5017538 119.7861 299.2004 05.56490878 10745
0 BREEZE-M DEB
1 32491U 06006AE  08168.09621752  .00008587  00000-0  19540-2 0  9995
2 32491 051.4413 194.8962 5016559 120.7704 298.0996 05.56521615 10831
0 BREEZE-M DEB
1 32491U 06006AE  08168.45544432  .00009434  00000-0  21341-2 0  9998
2 32491 051.4425 194.6014 5016834 120.9972 297.8192 05.56531754 10857
0 BREEZE-M DEB
1 32491U 06006AE  08169.17390367  .00009718  00000-0  22148-2 0  9995
2 32491 051.4444 194.0115 5016370 121.4692 297.2773 05.56546564 10892
0 BREEZE-M DEB
1 32491U 06006AE  08169.35349923  .00011317  00000-0  26036-2 0  9995
2 32491 051.4442 193.8690 5015872 121.5473 297.1595 05.56559463 10904
0 BREEZE-M DEB
1 32491U 06006AE  08170.07191683  .00013422  00000-0  30664-2 0  9995
2 32491 051.4474 193.2859 5016192 121.9873 296.6345 05.56584241 10947
0 BREEZE-M DEB
1 32491U 06006AE  08170.43110909 +.00013395 +00000-0 +30664-2 0  9996
2 32491 051.4474 192.9932 5016056 122.2080 296.3560 05.56593830010960
0 BREEZE-M DEB
1 32491U 06006AE  08171.50866426 +.00013357 +00000-0 +30987-2 0  9993
2 32491 051.4471 192.1109 5015304 122.8658 295.5490 05.56622167011024
0 BREEZE-M DEB
1 32491U 06006AE  08172.40657953  .00011915  00000-0  27892-2 0  9995
2 32491 051.4516 191.3764 5014854 123.4261 294.8281 05.56638040 11070
0 BREEZE-M DEB
1 32491U 06006AE  08173.48405856  .00011051  00000-0  25997-2 0  9992
2 32491 051.4487 190.4999 5014639 124.0981 294.0093 05.56658722 11133
0 BREEZE-M DEB
1 32491U 06006AE  08175.10016836  .00009261  00000-0  22052-2 0  9998
2 32491 051.4463 189.1884 5014044 125.0598 292.7070 05.56683344 11228
0 BREEZE-M DEB
1 32491U 06006AE  08175.45933795 +.00009033 +00000-0 +21447-2 0  9992
2 32491 051.4473 188.8954 5014172 125.2837 292.5023 05.56688740011246
0 BREEZE-M DEB
1 32491U 06006AE  08175.99802292  .00008591  00000-0  20513-2 0  9999
2 32491 051.4475 188.4574 5013809 125.6144 292.0673 05.56695907 11275
0 BREEZE-M DEB
1 32491U 06006AE  08176.17758732 +.00008487 +00000-0 +20240-2 0  9990
2 32491 051.4466 188.3130 5013841 125.7294 291.9320 05.56698601011287
0 BREEZE-M DEB
1 32491U 06006AE  08177.43447598  .00007620  00000-0  18231-2 0  9990
2 32491 051.4436 187.2894 5013318 126.5053 290.9037 05.56714459 11352
0 BREEZE-M DEB
1 32491U 06006AE  08177.43447598 +.00007620 +00000-0 +18231-2 0  9990
2 32491 051.4436 187.2894 5013318 126.5053 290.9037 05.56714459011352
0 BREEZE-M DEB
1 32491U 06006AE  08179.05040858  .00009154  00000-0  22136-2 0  9991
2 32491 051.4456 185.9736 5012067 127.4634 289.6306 05.56747299 11441
0 BREEZE-M DEB
1 32491U 06006AE  08179.40948245  .00009430  00000-0  22501-2 0  9990
2 32491 051.4476 185.6805 5012643 127.7091 289.3227 05.56755243 11466
0 BREEZE-M DEB
1 32491U 06006AE  08180.30714597  .00010683  00000-0  25884-2 0  9991
2 32491 051.4499 184.9510 5011577 128.3126 288.5675 05.56778870 11512
0 BREEZE-M DEB
1 32491U 06006AE  08181.38424550 +.00011156 +00000-0 +27153-2 0  9994
2 32491 051.4503 184.0689 5011127 128.9621 287.5640 05.56803557011571
0 BREEZE-M DEB
1 32491U 06006AE  08182.28183168 +.00010744 +00000-0 +26161-2 0  9991
2 32491 051.4519 183.3393 5011018 129.5292 286.7852 05.56820826011622
0 BREEZE-M DEB
1 32491U 06006AE  08182.99987436  .00009426  00000-0  22963-2 0  9990
2 32491 051.4518 182.7514 5010967 129.9128 286.1611 05.56830387 11667
0 BREEZE-M DEB
1 32491U 06006AE  08183.35893406  .00009209  00000-0  22555-2 0  9990
2 32491 051.4533 182.4539 5010726 130.1165 285.9339 05.56835982 11688
0 BREEZE-M DEB
1 32491U 06006AE  08185.15396265  .00008215  00000-0  20455-2 0  9994
2 32491 051.4518 180.9994 5010233 131.2752 284.3244 05.56862771 11781
0 BREEZE-M DEB
1 32491U 06006AE  08185.33344415  .00007876  00000-0  19770-2 0  9994
2 32491 051.4535 180.8480 5009862 131.3855 284.1206 05.56863387 11791
0 BREEZE-M DEB
1 32491U 06006AE  08186.05142804  .00007199  00000-0  18118-2 0  9995
2 32491 051.4504 180.2684 5009927 131.7927 283.4853 05.56871809 11836
0 BREEZE-M DEB
1 32491U 06006AE  08186.41043946 +.00006911 +00000-0 +17578-2 0  9992
2 32491 051.4490 179.9743 5009456 132.0184 283.2039 05.56875309011852
0 BREEZE-M DEB
1 32491U 06006AE  08186.94891010  .00006323  00000-0  16059-2 0  9993
2 32491 051.4503 179.5370 5009685 132.3154 282.7106 05.56879887 11880
0 BREEZE-M DEB
1 32491U 06006AE  08187.12842785 +.00006286 +00000-0 +15989-2 0  9998
2 32491 051.4467 179.3959 5009629 132.4409 282.5973 05.56882041011899
0 BREEZE-M DEB
1 32491U 06006AE  08188.02585499  .00005645  00000-0  14407-2 0  9996
2 32491 051.4488 178.6659 5009564 133.0051 281.7352 05.56889735 11944
0 BREEZE-M DEB
1 32491U 06006AE  08188.38482785 +.00005521 +00000-0 +14084-2 0  9993
2 32491 051.4474 178.3760 5009576 133.2352 281.4017 05.56893161011963
0 BREEZE-M DEB
1 32491U 06006AE  08189.10275631 +.00005578 +00000-0 +14256-2 0  9997
2 32491 051.4480 177.7916 5009330 133.6778 280.7268 05.56901473012002
0 BREEZE-M DEB
1 32491U 06006AE  08190.35909241  .00005978  00000-0  15161-2 0  9997
2 32491 051.4505 176.7659 5009300 134.4581 279.5367 05.56918640 12078
0 BREEZE-M DEB
1 32491U 06006AE  08191.97432480  .00006196  00000-0  15683-2 0  9994
2 32491 051.4549 175.4440 5008786 135.4831 277.9816 05.56939251 12168
0 BREEZE-M DEB
1 32491U 06006AE  08192.33323170  .00005797  00000-0  14825-2 0  9993
2 32491 051.4515 175.1583 5008100 135.6796 277.5863 05.56941903 12185
0 BREEZE-M DEB
1 32491U 06006AE  08194.30731471  .00005312  00000-0  13589-2 0  9998
2 32491 051.4548 173.5460 5007585 136.9049 275.6667 05.56961384 12296
0 BREEZE-M DEB
1 32491U 06006AE  08195.92238568  .00008499  00000-0  22331-2 0  9990
2 32491 051.4514 172.2231 5006230 137.8324 274.1274 05.56996038 12385
0 BREEZE-M DEB
1 32491U 06006AE  08195.92238568 +.00008499 +00000-0 +22331-2 0  9990
2 32491 051.4514 172.2231 5006230 137.8324 274.1274 05.56996038012385
0 BREEZE-M DEB
1 32491U 06006AE  08196.28127562  .00008770  00000-0  22886-2 0  9998
2 32491 051.4528 171.9376 5006613 138.0581 273.7760 05.57003579 12407
0 BREEZE-M DEB
1 32491U 06006AE  08197.35789482  .00009459  00000-0  25043-2 0  9995
2 32491 051.4479 171.0704 5005899 138.7069 272.6811 05.57026251 12464
0 BREEZE-M DEB
1 32491U 06006AE  08198.25504596 +.00009391 +00000-0 +25043-2 0  9991
2 32491 051.4481 170.3400 5005603 139.2580 271.7618 05.57043226012511
0 BREEZE-M DEB
1 32491U 06006AE  08198.97274104  .00009080  00000-0  24501-2 0  9992
2 32491 051.4484 169.7572 5005061 139.6728 271.0051 05.57054299 12552
0 BREEZE-M DEB
1 32491U 06006AE  08199.33160695  .00008538  00000-0  22895-2 0  9993
2 32491 051.4455 169.4701 5005494 139.9061 270.6560 05.57057485 12576
0 BREEZE-M DEB
1 32491U 06006AE  08203.27857607  .00007116  00000-0  19861-2 0  9998
2 32491 051.4186 166.2782 5003167 142.3392 266.1764 05.57105662 12792
0 BREEZE-M DEB
1 32491U 06006AE  08205.07263987  .00005545  00000-0  14874-2 0  9993
2 32491 051.4480 164.7905 5004660 143.4775 264.3041 05.57116231 12898
0 BREEZE-M DEB
1 32491U 06006AE  08206.14902942  .00009636  00000-0  25814-2 0  9994
2 32491 051.4459 163.9096 5004277 144.1147 263.2054 05.57143858 12955
0 BREEZE-M DEB
1 32491U 06006AE  08207.22531560  .00009137  00000-0  24484-2 0  9996
2 32491 051.4465 163.0339 5003963 144.8078 261.9522 05.57161686 13016
0 BREEZE-M DEB
1 32491U 06006AE  08207.94280145  .00009129  00000-0  24570-2 0  9992
2 32491 051.4463 162.4480 5003625 145.2184 261.0990 05.57174655 13056
0 BREEZE-M DEB
1 32491U 06006AE  08208.83967196  .00008430  00000-0  22812-2 0  9990
2 32491 051.4459 161.7185 5003319 145.8070 260.0725 05.57187758 13104
0 BREEZE-M DEB
1 32491U 06006AE  08208.83967196 +.00008430 +00000-0 +22812-2 0  9990
2 32491 051.4459 161.7185 5003319 145.8070 260.0725 05.57187758013104
0 BREEZE-M DEB
1 32491U 06006AE  08209.91584414  .00007653  00000-0  21372-2 0  9994
2 32491 051.4493 160.8364 5001786 146.3498 258.7867 05.57201112 13165
0 BREEZE-M DEB
1 32491U 06006AE  08210.27466859  .00007586  00000-0  21120-2 0  9993
2 32491 051.4475 160.5476 5002063 146.5967 258.5548 05.57206212 13180
0 BREEZE-M DEB
1 32491U 06006AE  08211.88885521  .00006373  00000-0  17731-2 0  9998
2 32491 051.4442 159.2394 5002756 147.6402 256.5451 05.57223770 13272
0 BREEZE-M DEB
1 32491U 06006AE  08211.88885521 +.00006373 +00000-0 +17731-2 0  9998
2 32491 051.4442 159.2394 5002756 147.6402 256.5451 05.57223770013272
0 BREEZE-M DEB
1 32491U 06006AE  08213.86167343 +.00006470 +00000-0 +18205-2 0  9998
2 32491 051.4463 157.6411 5002470 148.8402 254.1394 05.57251096013387
0 BREEZE-M DEB
1 32491U 06006AE  08214.22036242  .00006549  00000-0  18524-2 0  9993
2 32491 051.4493 157.3376 5002145 149.0457 253.7160 05.57256131 13403
0 BREEZE-M DEB
1 32491U 06006AE  08215.83440147  .00005961  00000-0  16844-2 0  9994
2 32491 051.4358 156.0408 5001980 150.0636 251.7182 05.57274721 13498
0 BREEZE-M DEB
1 32491U 06006AE  08216.19305169  .00005965  00000-0  16719-2 0  9993
2 32491 051.4433 155.7318 5002311 150.3123 251.2356 05.57278967 13518
0 BREEZE-M DEB
1 32491U 06006AE  08216.91034686 +.00006001 +00000-0 +16808-2 0  9997
2 32491 051.4428 155.1484 5002064 150.7421 250.2916 05.57287767013553
0 BREEZE-M DEB
1 32491U 06006AE  08217.08968347  .00006154  00000-0  17257-2 0  9994
2 32491 051.4478 154.9955 5001900 150.8420 250.0909 05.57290793 13560
0 BREEZE-M DEB
1 32491U 06006AE  08217.80698933 +.00006066 +00000-0 +16974-2 0  9992
2 32491 051.4420 154.4187 5001747 151.2902 249.1891 05.57298971013608
0 BREEZE-M DEB
1 32491U 06006AE  08218.16563010 +.00006040 +00000-0 +16890-2 0  9998
2 32491 051.4421 154.1262 5001650 151.5129 248.7234 05.57303157013628
0 BREEZE-M DEB
1 32491U 06006AE  08219.24154198  .00006290  00000-0  17676-2 0  9991
2 32491 051.4411 153.2491 5001013 152.1683 247.3503 05.57317609 13683
0 BREEZE-M DEB
1 32491U 06006AE  08220.85534854  .00006171  00000-0  17432-2 0  9999
2 32491 051.4406 151.9355 5000496 153.1262 245.2648 05.57336930 13774
0 BREEZE-M DEB
1 32491U 06006AE  08223.18634698  .00006779  00000-0  19948-2 0  9993
2 32491 051.4645 150.0161 4998404 154.3344 242.4343 05.57370900 13903
0 BREEZE-M DEB
1 32491U 06006AE  08225.15868775  .00009904  00000-0  28535-2 0  9992
2 32491 051.4578 148.4119 4999572 155.6548 240.1723 05.57417848 14012
0 BREEZE-M DEB
1 32491U 06006AE  08227.13051965  .00010085  00000-0  29474-2 0  9992
2 32491 051.4617 146.8024 4998778 156.8380 237.2154 05.57459003 14123
0 BREEZE-M DEB
1 32491U 06006AE  08228.74385248  .00002432  00000-0  73464-3 0  9990
2 32491 051.4465 145.5065 4999744 157.9535 234.8455 05.57453319 14214
0 BREEZE-M DEB
1 32491U 06006AE  08229.10233813  .00008427  00000-0  24253-2 0  9992
2 32491 051.4436 145.2189 4999510 158.1697 234.4282 05.57489891 14239
0 BREEZE-M DEB
1 32491U 06006AE  08230.17774581 +.00008404 +00000-0 +24123-2 0  9994
2 32491 051.4481 144.3387 4999256 158.8344 232.7675 05.57507992014298
0 BREEZE-M DEB
1 32491U 06006AE  08232.14935847  .00008770  00000-0  24792-2 0  9995
2 32491 051.4376 142.7449 4999213 160.0603 229.9788 05.57543559 14403
0 BREEZE-M DEB
1 32491U 06006AE  08234.12080987  .00010585  00000-0  33253-2 0  9990
2 32491 051.4500 141.1327 4992672 160.7591 227.3315 05.57590659 14518
0 BREEZE-M DEB
1 32491U 06006AE  08236.09255875  .00009011  00000-0  25814-2 0  9994
2 32491 051.4719 139.4946 4997944 162.4174 225.2963 05.57626148 14621
0 BREEZE-M DEB
1 32491U 06006AE  08238.06326597  .00008318  00000-0  24071-2 0  9996
2 32491 051.4548 137.9106 4997873 163.6472 221.5030 05.57658196 14731
0 BREEZE-M DEB
1 32491U 06006AE  08239.13837255  .00008367  00000-0  24062-2 0  9997
2 32491 051.4330 137.0562 4998381 164.3723 219.8703 05.57676802 14796
0 BREEZE-M DEB
1 32491U 06006AE  08240.03420532  .00007927  00000-0  23359-2 0  9993
2 32491 051.4578 136.3058 4997092 164.8144 218.4238 05.57689513 14849
0 BREEZE-M DEB
1 32491U 06006AE  08241.10937174 +.00008023 +00000-0 +23704-2 0  9999
2 32491 051.4657 135.4234 4996767 165.4877 217.0514 05.57707565014908
0 BREEZE-M DEB
1 32491U 06006AE  08245.05087301  .00007958  00000-0  22876-2 0  9990
2 32491 051.4698 132.2082 4996948 167.9569 211.0371 05.57771080 15128
0 BREEZE-M DEB
1 32491U 06006AE  08252.03685377  .00013211  00000-0  38157-2 0  9991
2 32491 051.4565 126.5386 4996136 172.3166 200.5577 05.57934183 15515
0 BREEZE-M DEB
1 32491U 06006AE  08252.93199526  .00010501  00000-0  30757-2 0  9993
2 32491 051.4758 125.7932 4995533 172.7861 198.5270 05.57944709 15569
0 BREEZE-M DEB
1 32491U 06006AE  08253.29028263  .00010590  00000-0  30729-2 0  9999
2 32491 051.4662 125.5111 4996024 173.0402 198.1802 05.57952909 15581
0 BREEZE-M DEB
1 32491U 06006AE  08254.00657891  .00010881  00000-0  31230-2 0  9995
2 32491 051.4675 124.9255 4996505 173.5257 196.9712 05.57970252 15626
0 BREEZE-M DEB
1 32491U 06006AE  08255.97632829  .00010652  00000-0  30841-2 0  9999
2 32491 051.4662 123.3269 4995481 174.6557 193.7688 05.58013053 15734
0 BREEZE-M DEB
1 32491U 06006AE  08257.94607106  .00009590  00000-0  28364-2 0  9994
2 32491 051.4807 121.7113 4993500 175.7702 190.8234 05.58048226 15846
0 BREEZE-M DEB
1 32491U 06006AE  08259.02050573 +.00009462 +00000-0 +27803-2 0  9990
2 32491 051.4828 120.8331 4993445 176.4509 189.3646 05.58067886015902
0 BREEZE-M DEB
1 32491U 06006AE  08259.91571136  .00009552  00000-0  27669-2 0  9991
2 32491 051.4775 120.1120 4993995 177.0305 187.8916 05.58085076 15952
0 BREEZE-M DEB
1 32491U 06006AE  08260.98991257  .00010885  00000-0  30454-2 0  9997
2 32491 051.4618 119.2559 4995788 177.7810 186.1445 05.58115072 16010
0 BREEZE-M DEB
1 32491U 06006AE  08262.95906381  .00013322  00000-0  37949-2 0  9995
2 32491 051.4869 117.6303 4994776 178.9620 182.8384 05.58174457 16124
0 BREEZE-M DEB
1 32491U 06006AE  08264.92811277  .00012746  00000-0  36659-2 0  9999
2 32491 051.4848 116.0295 4994349 180.1722 179.6755 05.58224704 16237
0 BREEZE-M DEB
1 32491U 06006AE  08266.89699924  .00012703  00000-0  36986-2 0  9996
2 32491 051.4867 114.4284 4993467 181.3561 176.5526 05.58275408 16343
0 BREEZE-M DEB
1 32491U 06006AE  08268.86573508  .00013650  00000-0  38744-2 0  9990
2 32491 051.4774 112.8368 4994278 182.6107 173.4877 05.58330944 16450
0 BREEZE-M DEB
1 32491U 06006AE  08269.93942497 +.00013706 +00000-0 +38719-2 0  9990
2 32491 051.4860 111.9548 4994163 183.2847 171.6478 05.58360438016512
0 BREEZE-M DEB
1 32491U 06006AE  08271.90781485  .00013989  00000-0  39663-2 0  9990
2 32491 051.4847 110.3536 4993363 184.4831 168.5057 05.58416167 16625
0 BREEZE-M DEB
1 32491U 06006AE  08273.87603779  .00013273  00000-0  38715-2 0  9990
2 32491 051.4977 108.7424 4991473 185.6162 165.4088 05.58466208 16739
0 BREEZE-M DEB
1 32491U 06006AE  08275.84419173  .00014195  00000-0  41270-2 0  9996
2 32491 051.4999 107.1410 4991567 186.8448 162.5400 05.58523869 16840
0 BREEZE-M DEB
1 32491U 06006AE  08277.81200488  .00017758  00000-0  52190-2 0  9993
2 32491 051.5016 105.5378 4990715 188.0484 159.4826 05.58600588 16957
0 BREEZE-M DEB
1 32491U 06006AE  08278.88521122  .00018688  00000-0  51799-2 0  9999
2 32491 051.4897 104.6746 4993791 188.8554 157.7215 05.58645203 17019
0 BREEZE-M DEB
1 32491U 06006AE  08279.77932730  .00020842  00000-0  63921-2 0  9994
2 32491 051.4310 104.0207 4987807 189.1557 156.0281 05.58688573 17060
0 BREEZE-M DEB
1 32491U 06006AE  08282.81976708  .00018650  00000-0  54445-2 0  9991
2 32491 051.5164 101.4462 4989730 191.1381 151.7717 05.58798906 17234
0 BREEZE-M DEB
1 32491U 06006AE  08283.89257005  .00018434  00000-0  53907-2 0  9994
2 32491 051.5186 100.5691 4989229 191.7961 149.9740 05.58837651 17297
0 BREEZE-M DEB
1 32491U 06006AE  08284.78658673  .00016836  00000-0  50347-2 0  9998
2 32491 051.5270 099.8340 4987667 192.2995 148.5868 05.58860750 17347
0 BREEZE-M DEB
1 32491U 06006AE  08285.85943666  .00016899  00000-0  48055-2 0  9998
2 32491 051.5139 098.9732 4990156 193.0573 147.0967 05.58897204 17409
0 BREEZE-M DEB
1 32491U 06006AE  08286.75324254  .00020097  00000-0  63383-2 0  9990
2 32491 051.5438 098.2215 4984005 193.3816 145.6357 05.58944448 17454
0 BREEZE-M DEB
1 32491U 06006AE  08287.82608707  .00021946  00000-0  61845-2 0  9992
2 32491 051.5210 097.3647 4990102 194.3182 144.4897 05.59000205 17511
0 BREEZE-M DEB
1 32491U 06006AE  08289.79192365  .00027079  00000-0  74067-2 0  9991
2 32491 051.5135 095.7705 4991233 195.5618 141.0327 05.59122438 17623
0 BREEZE-M DEB
1 32491U 06006AE  08291.75752255  .00026047  00000-0  75747-2 0  9990
2 32491 051.5135 094.1733 4987376 196.6337 137.8752 05.59224615 17737
0 BREEZE-M DEB
1 32491U 06006AE  08293.72308917 +.00026231 +00000-0 +77001-2 0  9991
2 32491 051.5128 092.5715 4986208 197.8289 135.3558 05.59331342017848
0 BREEZE-M DEB
1 32491U 06006AE  08296.75984319  .00025213  00000-0  73269-2 0  9994
2 32491 051.5195 090.0870 4985605 199.7165 130.9467 05.59482518 18013
0 BREEZE-M DEB
1 32491U 06006AE  08298.72440547  .00023671  00000-0  68448-2 0  9992
2 32491 051.5247 088.4795 4985248 200.9383 128.1349 05.59570905 18126
0 BREEZE-M DEB
1 32491U 06006AE  08300.68869244  .00021335  00000-0  62475-2 0  9999
2 32491 051.5286 086.8719 4984124 202.1325 125.3702 05.59650653 18232
0 BREEZE-M DEB
1 32491U 06006AE  08301.76006224 +.00021362 +00000-0 +62399-2 0  9995
2 32491 051.5298 085.9960 4984092 202.8043 123.9882 05.59696785018296
0 BREEZE-M DEB
1 32491U 06006AE  08302.65275417  .00021073  00000-0  58239-2 0  9993
2 32491 051.5310 085.2643 4987073 203.4460 122.7147 05.59733533 18344
0 BREEZE-M DEB
1 32491U 06006AE  08303.72382484  .00021329  00000-0  57232-2 0  9991
2 32491 051.5316 084.3872 4988538 204.1572 121.0498 05.59780863 18409
0 BREEZE-M DEB
1 32491U 06006AE  08305.68736494  .00024725  00000-0  85968-2 0  9992
2 32491 051.5185 082.8080 4973112 204.9755 118.5009 05.59889685 18513
0 BREEZE-M DEB
1 32491U 06006AE  08307.65098048  .00027019  00000-0  76920-2 0  9994
2 32491 051.5659 081.1408 4983918 206.4886 116.7470 05.60003109 18627
0 BREEZE-M DEB
1 32491U 06006AE  08314.60813445  .00024966  00000-0  74360-2 0  9997
2 32491 051.5112 075.5157 4978975 210.7024 106.4446 05.60338129 19014
0 BREEZE-M DEB
1 32491U 06006AE  08315.85698382  .00028177  00000-0  79618-2 0  9995
2 32491 051.5115 074.4925 4981585 211.5733 105.8041 05.60414976 19081
0 BREEZE-M DEB
1 32491U 06006AE  08317.64002773  .00029534  00000-0  84247-2 0  9999
2 32491 051.5054 073.0362 4980542 212.6315 103.4687 05.60524915 19189
0 BREEZE-M DEB
1 32491U 06006AE  08319.60113507  .00025733  00000-0  71835-2 0  9991
2 32491 051.5200 071.4129 4981313 213.8723 101.0502 05.60616090 19296
0 BREEZE-M DEB
1 32491U 06006AE  08321.56198681  .00025565  00000-0  68978-2 0  9992
2 32491 051.5227 069.8006 4982499 215.1339 098.8036 05.60715537 19408
0 BREEZE-M DEB
1 32491U 06006AE  08322.63134897  .00026820  00000-0  72401-2 0  9991
2 32491 051.5113 068.9426 4981985 215.7626 097.5339 05.60777865 19462
0 BREEZE-M DEB
1 32491U 06006AE  08324.59165116  .00026077  00000-0  69128-2 0  9992
2 32491 051.5075 067.3422 4982267 216.9678 095.3284 05.60876543 19572
0 BREEZE-M DEB
1 32491U 06006AE  08325.66072986  .00026763  00000-0  71721-2 0  9997
2 32491 051.5925 066.3069 4981335 217.7283 094.0144 05.60919800 19630
0 BREEZE-M DEB
1 32491U 06006AE  08325.66078491  .00022965  00000-0  63576-2 0  9993
2 32491 051.5266 066.4423 4979613 217.6265 094.1250 05.60918059 19632
0 BREEZE-M DEB
1 32491U 06006AE  08326.55171364  .00022142  00000-0  60185-2 0  9995
2 32491 051.5261 065.7110 4980456 218.2104 093.2112 05.60953874 19684
0 BREEZE-M DEB
1 32491U 06006AE  08327.62068545  .00021012  00000-0  57979-2 0  9992
2 32491 051.5215 064.8423 4979471 218.8182 092.0146 05.60995117 19744
0 BREEZE-M DEB
1 32491U 06006AE  08328.51150982  .00019737  00000-0  51767-2 0  9998
2 32491 051.5179 064.1119 4982200 219.4374 091.1295 05.61026468 19797
0 BREEZE-M DEB
1 32491U 06006AE  08331.53971829  .00020565  00000-0  53863-2 0  9995
2 32491 051.5214 061.6224 4981793 221.3274 087.8838 05.61154291 19963
0 BREEZE-M DEB
1 32491U 06006AE  08332.60832185  .00024535  00000-0  69943-2 0  9992
2 32491 051.5338 060.7374 4976609 221.8507 086.8127 05.61220085 20024
0 BREEZE-M DEB
1 32491U 06006AE  08334.56729253  .00023020  00000-0  60270-2 0  9992
2 32491 051.5279 059.1291 4980751 223.2021 085.0094 05.61313611 20132
0 BREEZE-M DEB
1 32491U 06006AE  08336.52574479  .00021554  00000-0  56160-2 0  9991
2 32491 051.5329 057.5175 4980375 224.4148 082.7622 05.61393549 20247
0 BREEZE-M DEB
1 32491U 06006AE  08338.48411120  .00020201  00000-0  49189-2 0  9992
2 32491 051.5398 055.8971 4983443 225.7488 080.8149 05.61464862 20350
0 BREEZE-M DEB
1 32491U 06006AE  08339.55219131  .00018750  00000-0  45703-2 0  9993
2 32491 051.5349 054.9776 4982979 226.3705 079.7720 05.61496303 20415
0 BREEZE-M DEB
1 32491U 06006AE  08342.57801740  .00020771  00000-0  58054-2 0  9991
2 32491 051.5644 052.5068 4974945 228.1871 076.9305 05.61634813 20585
0 BREEZE-M DEB
1 32491U 06006AE  08343.46797455  .00024893  00000-0  50146-2 0  9990
2 32491 051.6341 051.6903 4992104 228.9741 076.5077 05.61696418 20636
0 BREEZE-M DEB
1 32491U 06006AE  08344.53530091  .00024486  00000-0  53408-2 0  9992
2 32491 051.6181 050.8330 4987800 229.5434 074.8555 05.61747307 20698
0 BREEZE-M DEB
1 32491U 06006AE  08345.42505301  .00018899  00000-0  84396-2 0  9998
2 32491 051.6199 050.1098 4946275 229.5096 074.1885 05.61773749 20740
0 BREEZE-M DEB
1 32491U 06006AE  08346.49271640  .00017582  00000-0  42051-2 0  9992
2 32491 051.5383 049.2612 4982074 230.7017 073.4798 05.61810781 20810
0 BREEZE-M DEB
1 32491U 06006AE  08346.50025010  .00021151  00000-0  53024-2 0  9991
2 32491 051.5505 049.2988 4980118 230.6488 088.6984 05.61812741 20802
0 BREEZE-M DEB
1 32491U 06006AE  08348.44976103  .00019914  00000-0  64938-2 0  9994
2 32491 051.5202 047.7387 4964623 231.5756 071.9831 05.61895494 20917
0 BREEZE-M DEB
1 32491U 06006AE  08354.49724285  .00019908  00000-0  56483-2 0  9997
2 32491 051.5509 042.7274 4971051 235.4363 067.6116 05.62137901 21256
0 BREEZE-M DEB
1 32491U 06006AE  08356.09743612  .00023634  00000-0  60231-2 0  9997
2 32491 051.5388 041.3662 4976709 236.6065 066.0329 05.62200265 21347
0 BREEZE-M DEB
1 32491U 06006AE  08356.45292251  .00021221  00000-0  53550-2 0  9991
2 32491 051.4470 041.1396 4977267 236.7850 065.5092 05.62210261 21363
0 BREEZE-M DEB
1 32491U 06006AE  08357.16413826  .00018580  00000-0  47490-2 0  9993
2 32491 051.5365 040.5020 4976566 237.2570 065.0018 05.62233354 21406
0 BREEZE-M DEB
1 32491U 06006AE  08358.40865510  .00017291  00000-0  44066-2 0  9996
2 32491 051.5585 039.4728 4976615 238.0300 064.0283 05.62273527 21473
0 BREEZE-M DEB
1 32491U 06006AE  08360.36418254  .00017860  00000-0  45452-2 0  9995
2 32491 051.5601 037.8585 4976218 239.2405 062.6424 05.62346395 21580
0 BREEZE-M DEB
1 32491U 06006AE  08361.43071187  .00019266  00000-0  48919-2 0  9997
2 32491 051.5376 037.0072 4975933 239.8804 061.8934 05.62394154 21644
0 BREEZE-M DEB
1 32491U 06006AE  08363.38581185  .00018783  00000-0  47369-2 0  9998
2 32491 051.5627 035.3681 4975688 241.1036 060.4570 05.62465316 21752
0 BREEZE-M DEB
1 32491U 06006AE  09005.55917476  .00017544  00000-0  44864-2 0  9998
2 32491 051.5418 028.6559 4973372 246.1597 054.2362 05.62736448 22213
0 BREEZE-M DEB
1 32491U 06006AE  09009.28977502  .00016197  00000-0  42738-2 0  9999
2 32491 051.5670 025.5729 4970849 248.4428 052.6473 05.62855323 22424
0 BREEZE-M DEB
1 32491U 06006AE  09012.30902918  .00015870  00000-0  39723-2 0  9992
2 32491 051.5341 023.0904 4972884 250.3504 050.9877 05.62949405 22597
0 BREEZE-M DEB
1 32491U 06006AE  09015.32771994  .00013866  00000-0  35491-2 0  9996
2 32491 051.5270 020.5986 4971370 252.2326 049.0652 05.63026303 22765
0 BREEZE-M DEB
1 32491U 06006AE  09022.25163210  .00014572  00000-0  37515-2 0  9996
2 32491 051.5255 014.8708 4970129 256.5415 045.6882 05.63232783 23155
0 BREEZE-M DEB
1 32491U 06006AE  09188.04699066  .00005322  00000-0  17368-2 0  9996
2 32491 051.4881 237.9521 4946410 359.6277 114.3349 05.64744658 32496
0 BREEZE-M DEB
1 32491U 06006AE  09193.12520734  .00045264  00000-0  14775-1 0  9993
2 32491 051.4853 233.7498 4945134 002.7924 359.3762 05.65004342 32781
0 BREEZE-M DEB
1 32491U 06006AE  09200.37685079 +.00009690 +00000-0 +30571-2 0  9999
2 32491 051.4864 227.7491 4946709 007.3259 346.5038 05.64966149033191
0 BREEZE-M DEB
1 32491U 06006AE  09203.03711886 -.00248259  00000-0 -78129-1 0  9999
2 32491 051.5188 225.5745 4950424 009.0204 356.5842 05.64482498 33348
0 BREEZE-M DEB
1 32491U 06006AE  09206.03085089  .00046882  00000-0  14775-1 0  9994
2 32491 051.5336 223.1078 4946134 010.9408 326.1677 05.65173852 33516
0 BREEZE-M DEB
1 32491U 06006AE  09218.94722910  .00011688  00000-0  33753-2 0  9992
2 32491 051.4902 212.3783 4949967 018.7780 328.7138 05.65378690 34241
0 BREEZE-M DEB
1 32491U 06006AE  09220.02097022  .00014252  00000-0  41046-2 0  9997
2 32491 051.4944 211.4890 4950012 019.4665 354.2392 05.65414468 34306
0 BREEZE-M DEB
1 32491U 06006AE  09220.19779943  .00014241  00000-0  41468-2 0  9990
2 32491 051.5079 211.3555 4949371 019.6422 354.1539 05.65419562 34315
0 BREEZE-M DEB
1 32491U 06006AE  09220.90515931 +.00014140 +00000-0 +41227-2 0  9995
2 32491 051.5044 210.7660 4949224 020.1041 354.0108 05.65439359034359
0 BREEZE-M DEB
1 32491U 06006AE  09221.78932458 +.00013584 +00000-0 +39343-2 0  9996
2 32491 051.5057 210.0342 4949493 020.6378 353.8290 05.65460902034402
0 BREEZE-M DEB
1 32491U 06006AE  09222.14299100  .00013324  00000-0  38796-2 0  9990
2 32491 051.5001 209.7352 4949129 020.9210 353.7521 05.65468657 34424
0 BREEZE-M DEB
1 32491U 06006AE  09223.73438564  .00013339  00000-0  38432-2 0  9998
2 32491 051.5072 208.4239 4949283 021.8936 353.4578 05.65511081 34517
0 BREEZE-M DEB
1 32491U 06006AE  09224.08801402  .00013040  00000-0  37071-2 0  9999
2 32491 051.5031 208.1245 4949942 022.0860 353.3806 05.65517427 34532
0 BREEZE-M DEB
1 32491U 06006AE  09224.97207093  .00012875  00000-0  35947-2 0  9998
2 32491 051.4930 207.3783 4950656 022.6411 353.2136 05.65538124 34586
0 BREEZE-M DEB
1 32491U 06006AE  09225.85609448  .00012843  00000-0  36127-2 0  9992
2 32491 051.5047 206.6607 4949921 023.2478 353.0393 05.65560018 34632
0 BREEZE-M DEB
1 32491U 06006AE  09226.03289693  .00012757  00000-0  35718-2 0  9998
2 32491 051.4991 206.5092 4950134 023.3600 353.0022 05.65563364 34649
0 BREEZE-M DEB
1 32491U 06006AE  09227.27045352  .00012073  00000-0  33834-2 0  9995
2 32491 051.5003 205.4860 4949754 024.1057 352.7438 05.65588469 34714
0 BREEZE-M DEB
1 32491U 06006AE  09227.80083463  .00012229  00000-0  33829-2 0  9996
2 32491 051.4972 205.0401 4950391 024.3898 352.6951 05.65602415 34749
0 BREEZE-M DEB
1 32491U 06006AE  09227.97761726  .00012001  00000-0  33541-2 0  9998
2 32491 051.4985 204.8975 4949792 024.5483 352.6272 05.65604545 34754
0 BREEZE-M DEB
1 32491U 06006AE  09228.86153020 +.00011962 +00000-0 +33415-2 0  9994
2 32491 051.4950 204.1599 4949766 025.1140 352.4590 05.65625347034809
0 BREEZE-M DEB
1 32491U 06006AE  09229.03830743  .00011960  00000-0  33323-2 0  9994
2 32491 051.4936 204.0114 4949909 025.2116 352.4275 05.65629572 34813
0 BREEZE-M DEB
1 32491U 06006AE  09230.80600836  .00011764  00000-0  32544-2 0  9995
2 32491 051.4958 202.5477 4950431 026.2978 352.0650 05.65670253 34917
0 BREEZE-M DEB
1 32491U 06006AE  09232.04333037  .00011629  00000-0  31984-2 0  9996
2 32491 051.4984 201.5236 4950874 027.0791 351.8150 05.65698373 34983
0 BREEZE-M DEB
1 32491U 06006AE  09232.92709636  .00011671  00000-0  31995-2 0  9994
2 32491 051.4954 200.7864 4951081 027.5986 351.6706 05.65719968 35036
0 BREEZE-M DEB
1 32491U 06006AE  09233.81081834  .00011769  00000-0  32153-2 0  9991
2 32491 051.4825 200.0372 4951215 028.1985 351.4880 05.65742151 35081
0 BREEZE-M DEB
1 32491U 06006AE  09235.93161633  .00012929  00000-0  36017-2 0  9994
2 32491 051.5224 198.3394 4949598 029.7505 351.1150 05.65806934 35205
0 BREEZE-M DEB
1 32491U 06006AE  09236.81513709  .00013533  00000-0  35477-2 0  9998
2 32491 051.5135 197.5708 4952711 030.1587 350.8675 05.65835233 35250
0 BREEZE-M DEB
1 32491U 06006AE  09236.99184297 +.00013544 +00000-0 +35536-2 0  9991
2 32491 051.5136 197.4246 4952615 030.2723 350.8198 05.65840107035260
0 BREEZE-M DEB
1 32491U 06006AE  09239.81902533  .00013870  00000-0  37067-2 0  9999
2 32491 051.5115 195.0844 4950810 032.1238 350.2538 05.65919936 35429
0 BREEZE-M DEB
1 32491U 06006AE  09239.99569335 +.00013831 +00000-0 +36753-2 0  9995
2 32491 051.5104 194.9356 4951094 032.2260 350.1813 05.65924336035430
0 BREEZE-M DEB
1 32491U 06006AE  09241.76246183  .00014118  00000-0  36198-2 0  9998
2 32491 051.4738 193.4237 4952777 033.1823 349.9187 05.65977010 35536
0 BREEZE-M DEB
1 32491U 06006AE  09242.29243755  .00014351  00000-0  37721-2 0  9991
2 32491 051.5015 193.0221 4951331 033.6600 349.7499 05.65995093 35565
0 BREEZE-M DEB
1 32491U 06006AE  09242.82239932  .00014470  00000-0  36932-2 0  9997
2 32491 051.4941 192.5680 4952905 033.9080 349.6451 05.66011832 35599
0 BREEZE-M DEB
1 32491U 06006AE  09242.99905186 +.00014474 +00000-0 +36932-2 0  9990
2 32491 051.4940 192.4210 4952906 034.0186 349.6016 05.66016948035608
0 BREEZE-M DEB
1 32491U 06006AE  09247.23831102  .00017851  00000-0  45727-2 0  9992
2 32491 051.4816 188.8799 4952026 036.6073 349.3228 05.66188815 35848
0 BREEZE-M DEB
1 32491U 06006AE  09250.94621494  .00018974  00000-0  47066-2 0  9990
2 32491 051.4905 185.8069 4952598 038.8903 348.2475 05.66340068 36050
0 BREEZE-M DEB
1 32491U 06006AE  09251.65228466 +.00018995 +00000-0 +46917-2 0  9998
2 32491 051.4907 185.2188 4952570 039.3406 347.8317 05.66366787036092
0 BREEZE-M DEB
1 32491U 06006AE  09252.00537205  .00018829  00000-0  46205-2 0  9998
2 32491 051.4855 184.9184 4952809 039.5796 347.7487 05.66378406 36116
0 BREEZE-M DEB
1 32491U 06006AE  09252.88805718  .00018943  00000-0  46573-2 0  9996
2 32491 051.4805 184.1759 4952401 040.1906 347.5532 05.66412521 36161
0 BREEZE-M DEB
1 32491U 06006AE  09253.94720057  .00019221  00000-0  46982-2 0  9990
2 32491 051.4861 183.3019 4952415 040.8345 347.3220 05.66453507 36220
0 BREEZE-M DEB
1 32491U 06006AE  09255.00627025  .00019630  00000-0  47855-2 0  9994
2 32491 051.4998 182.4382 4952323 041.5065 347.0945 05.66496344 36282
0 BREEZE-M DEB
1 32491U 06006AE  09255.71226746  .00020246  00000-0  49350-2 0  9994
2 32491 051.4846 181.8260 4952197 041.9418 346.9549 05.66527611 36322
0 BREEZE-M DEB
1 32491U 06006AE  09256.77118083  .00020807  00000-0  50703-2 0  9992
2 32491 051.4796 180.9379 4952044 042.5667 346.7292 05.66574814 36387
0 BREEZE-M DEB
1 32491U 06006AE  09256.94765138  .00021200  00000-0  52582-2 0  9995
2 32491 051.4888 180.8172 4951040 042.7304 346.6702 05.66585134 36397
0 BREEZE-M DEB
1 32491U 06006AE  09257.82999501  .00021975  00000-0  55368-2 0  9990
2 32491 051.4978 180.0774 4950012 043.4833 346.4395 05.66629477 36441
0 BREEZE-M DEB
1 32491U 06006AE  09258.18288584  .00021970  00000-0  55180-2 0  9999
2 32491 051.4918 179.7749 4950131 043.6524 346.3172 05.66645102 36460
0 BREEZE-M DEB
1 32491U 06006AE  09258.71224072  .00026487  00000-0  62153-2 0  9996
2 32491 051.4806 179.3043 4953319 043.7831 346.3147 05.66689159 36509
0 BREEZE-M DEB
1 32491U 06006AE  09258.88869872  .00022808  00000-0  53718-2 0  9997
2 32491 051.4878 179.1890 4953446 043.8917 346.2741 05.66684372 36504
0 BREEZE-M DEB
1 32491U 06006AE  09259.77088328 +.00022988 +00000-0 +53300-2 0  9991
2 32491 051.4806 178.4444 4954082 044.4320 346.0732 05.66726895036554
0 BREEZE-M DEB
1 32491U 06006AE  09260.82942637  .00023801  00000-0  54569-2 0  9994
2 32491 051.4638 177.5408 4954329 044.8916 345.9782 05.66785693 36617
0 BREEZE-M DEB
1 32491U 06006AE  09261.18221218  .00024092  00000-0  55839-2 0  9993
2 32491 051.4648 177.2408 4953617 045.2306 345.8047 05.66805091 36632
0 BREEZE-M DEB
1 32491U 06006AE  09261.71141176  .00024438  00000-0  55964-2 0  9999
2 32491 051.4596 176.7921 4954056 045.6077 345.6859 05.66834729 36667
0 BREEZE-M DEB
1 32491U 06006AE  09261.88779061  .00024525  00000-0  57105-2 0  9993
2 32491 051.4569 176.6365 4953093 045.7406 345.6142 05.66844472 36677
0 BREEZE-M DEB
1 32491U 06006AE  09262.76972656 +.00025160 +00000-0 +57533-2 0  9997
2 32491 051.4681 175.9232 4953703 046.2634 345.4402 05.66893575036725
0 BREEZE-M DEB
1 32491U 06006AE  09264.18066737  .00025748  00000-0  59452-2 0  9993
2 32491 051.4734 174.7451 4952613 047.2129 345.1181 05.66970313 36809
0 BREEZE-M DEB
1 32491U 06006AE  09264.70969967 +.00025807 +00000-0 +59470-2 0  9994
2 32491 051.4730 174.3023 4952517 047.5437 344.9565 05.66998192036835
0 BREEZE-M DEB
1 32491U 06006AE  09266.82565878  .00026618  00000-0  62345-2 0  9998
2 32491 051.4854 172.5376 4950849 049.0003 344.5430 05.67118436 36951
0 BREEZE-M DEB
1 32491U 06006AE  09268.76481874  .00028600  00000-0  65182-2 0  9991
2 32491 051.5107 170.9669 4951570 050.3327 344.1851 05.67248335 37064
0 BREEZE-M DEB
1 32491U 06006AE  09269.11721590  .00029627  00000-0  69786-2 0  9997
2 32491 051.4852 170.6504 4949645 050.4464 343.8854 05.67276453 37081
0 BREEZE-M DEB
1 32491U 06006AE  09269.64596799  .00029884  00000-0  68718-2 0  9995
2 32491 051.4903 170.2109 4950753 050.8000 343.7551 05.67311222 37118
0 BREEZE-M DEB
1 32491U 06006AE  09269.82220317  .00030312  00000-0  68920-2 0  9998
2 32491 051.4875 170.0564 4951277 050.9038 343.7015 05.67325316 37128
0 BREEZE-M DEB
1 32491U 06006AE  09270.70338126 +.00030306 +00000-0 +68947-2 0  9997
2 32491 051.4874 169.3203 4950968 051.4588 343.4826 05.67379100037172
0 BREEZE-M DEB
1 32491U 06006AE  09270.87960656  .00030969  00000-0  71141-2 0  9999
2 32491 051.4618 169.1540 4950355 051.3866 343.5308 05.67395959 37185
0 BREEZE-M DEB
1 32491U 06006AE  09271.58445766 +.00031070 +00000-0 +69542-2 0  9994
2 32491 051.4618 168.5396 4951502 051.8414 343.3468 05.67441434037226
0 BREEZE-M DEB
1 32491U 06006AE  09272.11306374  .00031591  00000-0  69430-2 0  9999
2 32491 051.4805 168.1064 4952261 052.3213 343.1879 05.67478983 37254
0 BREEZE-M DEB
1 32491U 06006AE  09272.81780910  .00032914  00000-0  77980-2 0  9997
2 32491 051.4539 167.5360 4947894 052.6883 343.1415 05.67538494 37296
0 BREEZE-M DEB
1 32491U 06006AE  09274.75540551  .00037169  00000-0  80863-2 0  9998
2 32491 051.4824 165.8798 4951186 053.8869 342.5837 05.67701781 37400
0 BREEZE-M DEB
1 32491U 06006AE  09274.75547977  .00035644  00000-0  71468-2 0  9994
2 32491 051.4654 165.8831 4955769 053.7980 342.7109 05.67691044 37407
0 BREEZE-M DEB
1 32491U 06006AE  09275.10768636  .00036034  00000-0  73721-2 0  9999
2 32491 051.4763 165.5947 4954533 054.0460 342.5594 05.67720605 37422
0 BREEZE-M DEB
1 32491U 06006AE  09275.63601031  .00036409  00000-0  73245-2 0  9999
2 32491 051.4794 165.1548 4955128 054.3234 342.4310 05.67762718 37451
0 BREEZE-M DEB
1 32491U 06006AE  09276.86866119  .00037508  00000-0  79829-2 0  9990
2 32491 051.4725 164.1172 4951516 055.2178 342.1148 05.67861292 37522
0 BREEZE-M DEB
1 32491U 06006AE  09276.86866119 +.00037508 +00000-0 +79829-2 0  9990
2 32491 051.4725 164.1172 4951516 055.2178 342.1148 05.67861292037522
0 BREEZE-M DEB
1 32491U 06006AE  09277.57290313 +.00037445 +00000-0 +80365-2 0  9993
2 32491 051.4698 163.5248 4950712 055.6748 341.8559 05.67913236037564
0 BREEZE-M DEB
1 32491U 06006AE  09278.10106956  .00037268  00000-0  79315-2 0  9998
2 32491 051.4722 163.0828 4950890 055.9884 341.7135 05.67950637 37590
0 BREEZE-M DEB
1 32491U 06006AE  09278.80524592  .00036971  00000-0  79149-2 0  9990
2 32491 051.4803 162.5046 4950237 056.4946 341.5101 05.67999649 37638
0 BREEZE-M DEB
1 32491U 06006AE  09279.15731573  .00036971  00000-0  79101-2 0  9996
2 32491 051.4791 162.2071 4950092 056.6921 341.4458 05.68025512 37659
0 BREEZE-M DEB
1 32491U 06006AE  09280.74138804  .00035230  00000-0  76168-2 0  9998
2 32491 051.4797 160.8840 4948922 057.6041 340.8417 05.68119965 37740
0 BREEZE-M DEB
1 32491U 06006AE  09281.09348583  .00034698  00000-0  73760-2 0  9996
2 32491 051.4851 160.5887 4949682 057.8614 340.9544 05.68141044 37768
0 BREEZE-M DEB
1 32491U 06006AE  09283.02915158  .00033134  00000-0  69971-2 0  9992
2 32491 051.4700 158.9496 4949381 059.0867 340.3541 05.68260516 37877
0 BREEZE-M DEB
1 32491U 06006AE  09286.01987056  .00032550  00000-0  68182-2 0  9994
2 32491 051.4673 156.4329 4948811 060.9834 339.5695 05.68451787 38048
0 BREEZE-M DEB
1 32491U 06006AE  09289.00957764  .00031640  00000-0  66083-2 0  9996
2 32491 051.4559 153.9060 4947884 062.8909 338.2232 05.68618435 38215
0 BREEZE-M DEB
1 32491U 06006AE  09289.71321288  .00032629  00000-0  65828-2 0  9994
2 32491 051.4570 153.3179 4949321 063.3591 338.6460 05.68671982 38251
0 BREEZE-M DEB
1 32491U 06006AE  09290.59228636  .00033049  00000-0  66215-2 0  9993
2 32491 051.4624 152.5837 4949258 063.9269 338.4051 05.68733687 38301
0 BREEZE-M DEB
1 32491U 06006AE  09291.64704479  .00033065  00000-0  65566-2 0  9990
2 32491 051.4615 151.6942 4949335 064.5444 338.1029 05.68801863 38366
0 BREEZE-M DEB
1 32491U 06006AE  09292.70169126  .00032857  00000-0  65160-2 0  9990
2 32491 051.4616 150.8126 4948898 065.2126 337.8109 05.68869494 38426
0 BREEZE-M DEB
1 32491U 06006AE  09293.05321224  .00031574  00000-0  62169-2 0  9999
2 32491 051.4663 150.5146 4949153 065.4775 337.6921 05.68887780 38444
0 BREEZE-M DEB
1 32491U 06006AE  09294.63488503  .00031586  00000-0  61958-2 0  9996
2 32491 051.4663 149.1835 4948770 066.4786 337.2407 05.68987772 38537
0 BREEZE-M DEB
1 32491U 06006AE  09295.68917346  .00031662  00000-0  61838-2 0  9996
2 32491 051.4645 148.2910 4948627 067.1377 336.9365 05.69055166 38595
0 BREEZE-M DEB
1 32491U 06006AE  09296.04057376 +.00031656 +00000-0 +61795-2 0  9990
2 32491 051.4651 147.9957 4948535 067.3588 336.8301 05.69077467038613
0 BREEZE-M DEB
1 32491U 06006AE  09300.95874263  .00043332  00000-0  81431-2 0  9991
2 32491 051.4462 143.8362 4947728 070.5002 337.0630 05.69543568 38896
0 BREEZE-M DEB
1 32491U 06006AE  09301.66007575  .00041464  00000-0  80760-2 0  9992
2 32491 051.4620 143.2444 4945618 071.1059 335.0010 05.69587656 38933
0 BREEZE-M DEB
1 32491U 06006AE  09302.01116010  .00043108  00000-0  82296-2 0  9990
2 32491 051.4450 142.9524 4946368 071.2496 335.0134 05.69630806 38953
0 BREEZE-M DEB
1 32491U 06006AE  09304.64352452 +.00042437 +00000-0 +76550-2 0  9993
2 32491 051.4663 140.7162 4947794 072.8646 334.1341 05.69848698039109
0 BREEZE-M DEB
1 32491U 06006AE  09305.52078441 +.00042322 +00000-0 +76935-2 0  9994
2 32491 051.4634 139.9695 4946920 073.3669 333.9268 05.69921882039156
0 BREEZE-M DEB
1 32491U 06006AE  09306.57331011  .00041152  00000-0  72268-2 0  9990
2 32491 051.4744 139.0793 4948155 073.9322 333.5267 05.69998209 39211
0 BREEZE-M DEB
1 32491U 06006AE  09306.92418307  .00041016  00000-0  73318-2 0  9999
2 32491 051.4694 138.7799 4947096 074.1335 333.5318 05.70025530 39236
0 BREEZE-M DEB
1 32491U 06006AE  09307.45037326  .00040094  00000-0  77132-2 0  9999
2 32491 051.4365 138.3404 4943177 074.6259 333.2274 05.70057801 39263
0 BREEZE-M DEB
1 32491U 06006AE  09307.62577603  .00038922  00000-0  75919-2 0  9993
2 32491 051.4420 138.2181 4942424 074.8237 333.1438 05.70064451 39279
0 BREEZE-M DEB
1 32491U 06006AE  09307.97654828 +.00038950 +00000-0 +75919-2 0  9997
2 32491 051.4420 137.9216 4942301 075.0471 333.0281 05.70091707039292
0 BREEZE-M DEB
1 32491U 06006AE  09309.90548782  .00029567  00000-0  52751-2 0  9996
2 32491 051.4697 136.2572 4946381 076.1394 331.9569 05.70167784 39401
0 BREEZE-M DEB
1 32491U 06006AE  09309.90548782 +.00029567 +00000-0 +52751-2 0  9996
2 32491 051.4697 136.2572 4946381 076.1394 331.9569 05.70167784039401
0 BREEZE-M DEB
1 32491U 06006AE  09310.43180346  .00026877  00000-0  49252-2 0  9997
2 32491 051.4595 135.8223 4944945 076.5438 332.2503 05.70187376 39437
0 BREEZE-M DEB
1 32491U 06006AE  09310.95784870  .00026667  00000-0  48832-2 0  9996
2 32491 051.4566 135.3755 4944851 076.8614 332.0805 05.70214646 39462
0 BREEZE-M DEB
1 32491U 06006AE  09311.48386829  .00028149  00000-0  49217-2 0  9992
2 32491 051.4852 134.9215 4947002 077.2057 331.8914 05.70247671 39498
0 BREEZE-M DEB
1 32491U 06006AE  09312.53582505  .00028097  00000-0  48879-2 0  9993
2 32491 051.4828 134.0411 4946935 077.8458 331.5642 05.70306616 39552
0 BREEZE-M DEB
1 32491U 06006AE  09312.88645395 +.00028095 +00000-0 +48831-2 0  9994
2 32491 051.4828 133.7443 4946865 078.0688 331.4551 05.70326355039575
0 BREEZE-M DEB
1 32491U 06006AE  09313.93824987  .00027843  00000-0  47376-2 0  9990
2 32491 051.4773 132.8246 4947573 078.6170 331.1002 05.70382242 39636
0 BREEZE-M DEB
1 32491U 06006AE  09313.93824987 +.00027843 +00000-0 +47376-2 0  9990
2 32491 051.4773 132.8246 4947573 078.6170 331.1002 05.70382242039636
0 BREEZE-M DEB
1 32491U 06006AE  09315.51577785  .00026851  00000-0  47989-2 0  9995
2 32491 051.4744 131.5370 4944587 079.8235 330.4481 05.70459021 39728
0 BREEZE-M DEB
1 32491U 06006AE  09315.86631994  .00027021  00000-0  47480-2 0  9992
2 32491 051.4759 131.2285 4945291 080.0487 330.3769 05.70479980 39748
0 BREEZE-M DEB
1 32491U 06006AE  09316.39207856  .00027362  00000-0  47265-2 0  9996
2 32491 051.4814 130.7655 4945917 080.2487 330.2645 05.70512871 39774
0 BREEZE-M DEB
1 32491U 06006AE  09316.56732106  .00027424  00000-0  47899-2 0  9998
2 32491 051.4761 130.6135 4945293 080.3867 330.1896 05.70523140 39786
0 BREEZE-M DEB
1 32491U 06006AE  09316.91779891 +.00027441 +00000-0 +47753-2 0  9997
2 32491 051.4761 130.3161 4945342 080.6220 330.0411 05.70542465039809
0 BREEZE-M DEB
1 32491U 06006AE  09318.84519949  .00029503  00000-0  51632-2 0  9999
2 32491 051.4592 128.6731 4944252 081.7467 329.3824 05.70669315 39913
0 BREEZE-M DEB
1 32491U 06006AE  09318.84519949 +.00029503 +00000-0 +51632-2 0  9999
2 32491 051.4592 128.6731 4944252 081.7467 329.3824 05.70669315039913
0 BREEZE-M DEB
1 32491U 06006AE  09319.54598079  .00029484  00000-0  51884-2 0  9995
2 32491 051.4573 128.0861 4943733 082.2245 329.1148 05.70710330 39958
0 BREEZE-M DEB
1 32491U 06006AE  09319.54598079 +.00029484 +00000-0 +51884-2 0  9995
2 32491 051.4573 128.0861 4943733 082.2245 329.1148 05.70710330039958
0 BREEZE-M DEB
1 32491U 06006AE  09321.47285035  .00029461  00000-0  51455-2 0  9994
2 32491 051.4574 126.4603 4943481 083.4208 328.3874 05.70823888 40061
0 BREEZE-M DEB
1 32491U 06006AE  09321.82315414  .00030644  00000-0  52556-2 0  9996
2 32491 051.4663 126.1697 4944188 083.9121 328.3204 05.70859925 40084
0 BREEZE-M DEB
1 32491U 06006AE  09322.87384131  .00033996  00000-0  59060-2 0  9994
2 32491 051.4666 125.2549 4943032 084.4152 327.9540 05.70953322 40141
0 BREEZE-M DEB
1 32491U 06006AE  09323.57418634 +.00033552 +00000-0 +58133-2 0  9996
2 32491 051.4600 124.6704 4942938 084.8968 327.4654 05.70995842040186
0 BREEZE-M DEB
1 32491U 06006AE  09323.57418634  .00033552  00000-0  58133-2 0  9996
2 32491 051.4600 124.6704 4942938 084.8968 327.4654 05.70995842 40186
0 BREEZE-M DEB
1 32491U 06006AE  09323.57423068  .00028934  00000-0  50403-2 0  9993
2 32491 051.4845 124.6664 4942705 084.9116 327.5307 05.70980158 40180
0 BREEZE-M DEB
1 32491U 06006AE  09324.44965739 +.00033421 +00000-0 +57504-2 0  9992
2 32491 051.4635 123.9248 4942967 085.4665 327.1541 05.71053589040234
0 BREEZE-M DEB
1 32491U 06006AE  09325.50008333  .00032651  00000-0  56233-2 0  9990
2 32491 051.4706 123.0302 4942582 086.2118 326.6049 05.71113491 40292
0 BREEZE-M DEB
1 32491U 06006AE  09325.85024838  .00032656  00000-0  58320-2 0  9990
2 32491 051.4469 122.7557 4940637 086.4306 326.5554 05.71136014 40315
0 BREEZE-M DEB
1 32491U 06006AE  09326.55043847  .00032317  00000-0  57141-2 0  9993
2 32491 051.4419 122.1551 4940888 086.9938 326.1966 05.71177967 40351
0 BREEZE-M DEB
1 32491U 06006AE  09327.60063143  .00031115  00000-0  54036-2 0  9996
2 32491 051.4536 121.2589 4941439 087.6217 325.7055 05.71233652 40418
0 BREEZE-M DEB
1 32491U 06006AE  09328.47574331 +.00031505 +00000-0 +54261-2 0  9991
2 32491 051.4544 120.5145 4941466 088.1494 325.4763 05.71293354040463
0 BREEZE-M DEB
1 32491U 06006AE  09328.82575134  .00031353  00000-0  53375-2 0  9998
2 32491 051.4570 120.2137 4941904 088.3285 325.3489 05.71313978 40488
0 BREEZE-M DEB
1 32491U 06006AE  09329.87570660  .00031817  00000-0  55031-2 0  9999
2 32491 051.4512 119.3185 4940650 088.9146 324.9908 05.71383015 40542
0 BREEZE-M DEB
1 32491U 06006AE  09329.87570660 +.00031817 +00000-0 +55031-2 0  9999
2 32491 051.4512 119.3185 4940650 088.9146 324.9908 05.71383015040542
0 BREEZE-M DEB
1 32491U 06006AE  09330.75055223 +.00031838 +00000-0 +54940-2 0  9992
2 32491 051.4509 118.5752 4940384 089.4686 324.6214 05.71438621040594
0 BREEZE-M DEB
1 32491U 06006AE  09331.27541998  .00031891  00000-0  55057-2 0  9998
2 32491 051.4519 118.1294 4940133 089.8038 324.4052 05.71472481 40623
0 BREEZE-M DEB
1 32491U 06006AE  09331.45036643 +.00031910 +00000-0 +55095-2 0  9998
2 32491 051.4519 117.9822 4940051 089.9134 324.3283 05.71483780040634
0 BREEZE-M DEB
1 32491U 06006AE  09332.49998302  .00032018  00000-0  55258-2 0  9993
2 32491 051.4518 117.0909 4939628 090.5791 323.8804 05.71551225 40694
0 BREEZE-M DEB
1 32491U 06006AE  09332.84982850 +.00032011 +00000-0 +55351-2 0  9990
2 32491 051.4513 116.7924 4939391 090.7906 323.7351 05.71573442040713
0 BREEZE-M DEB
1 32491U 06006AE  09333.37457070 +.00031971 +00000-0 +55416-2 0  9996
2 32491 051.4513 116.3442 4939062 091.1332 323.5086 05.71606665040747
0 BREEZE-M DEB
1 32491U 06006AE  09334.77372337  .00031743  00000-0  54783-2 0  9996
2 32491 051.4532 115.1541 4938761 092.0316 322.8759 05.71693827 40826
0 BREEZE-M DEB
1 32491U 06006AE  09335.82295369  .00027511  00000-0  47164-2 0  9995
2 32491 051.4767 114.2458 4938999 092.5867 322.0342 05.71712960 40888
0 BREEZE-M DEB
1 32491U 06006AE  09337.74662604  .00020812  00000-0  35957-2 0  9992
2 32491 051.4406 112.6227 4938416 094.0213 321.1840 05.71760942 40998
0 BREEZE-M DEB
1 32491U 06006AE  09337.74682303  .00016924  00000-0  28935-2 0  9997
2 32491 051.4832 112.6241 4939007 093.9467 321.5915 05.71745774 41009
0 BREEZE-M DEB
1 32491U 06006AE  09338.27134632  .00018031  00000-0  31010-2 0  9992
2 32491 051.4539 112.1745 4938636 094.3093 321.2242 05.71766934 41027
0 BREEZE-M DEB
1 32491U 06006AE  09338.79594453  .00021943  00000-0  37990-2 0  9999
2 32491 051.4438 111.7334 4938056 094.8326 321.0405 05.71810325 41050
0 BREEZE-M DEB
1 32491U 06006AE  09341.76787982  .00017482  00000-0  29060-2 0  9993
2 32491 051.4606 109.1973 4939595 096.4654 319.0718 05.71883045 41220
0 BREEZE-M DEB
1 32491U 06006AE  09342.29266236  .00017336  00000-0  29718-2 0  9994
2 32491 051.4662 108.7498 4937941 096.6952 319.5222 05.71899751 41254
0 BREEZE-M DEB
1 32491U 06006AE  09343.34153936  .00016946  00000-0  29745-2 0  9999
2 32491 051.4473 107.8687 4936498 097.5207 319.0125 05.71933800 41311
0 BREEZE-M DEB
1 32491U 06006AE  09343.69110520 +.00016898 +00000-0 +29608-2 0  9993
2 32491 051.4470 107.5680 4936503 097.7679 318.7570 05.71945339041332
0 BREEZE-M DEB
1 32491U 06006AE  09344.73987064  .00017022  00000-0  29619-2 0  9996
2 32491 051.4526 106.6708 4936609 098.4270 318.2508 05.71981899 41390
0 BREEZE-M DEB
1 32491U 06006AE  09345.78856266  .00017047  00000-0  29682-2 0  9998
2 32491 051.4544 105.7731 4936372 099.1071 317.7184 05.72017656 41453
0 BREEZE-M DEB
1 32491U 06006AE  09347.36147961  .00017053  00000-0  29989-2 0  9996
2 32491 051.4502 104.4394 4935625 100.1294 316.9207 05.72071452 41549
0 BREEZE-M DEB
1 32491U 06006AE  09347.71098896  .00016532  00000-0  28603-2 0  9990
2 32491 051.4628 104.1281 4936426 100.3129 316.6780 05.72076709 41564
0 BREEZE-M DEB
1 32491U 06006AE  09348.41005170  .00016242  00000-0  27771-2 0  9994
2 32491 051.4659 103.5322 4936935 100.7928 316.3956 05.72098075 41600
0 BREEZE-M DEB
1 32491U 06006AE  09348.75954943  .00015817  00000-0  27101-2 0  9996
2 32491 051.4661 103.2388 4936807 100.9898 316.2115 05.72106686 41624
0 BREEZE-M DEB
1 32491U 06006AE  09350.68168695  .00016173  00000-0  27892-2 0  9995
2 32491 051.4647 101.5967 4936211 102.2429 315.2643 05.72172074 41737
0 BREEZE-M DEB
1 32491U 06006AE  09351.72999359  .00016160  00000-0  27861-2 0  9992
2 32491 051.4649 100.7039 4936062 102.9143 314.6545 05.72206142 41798
0 BREEZE-M DEB
1 32491U 06006AE  09353.65176815  .00018182  00000-0  30955-2 0  9994
2 32491 051.4659 099.0729 4936140 104.1082 313.9057 05.72294698 41904
0 BREEZE-M DEB
1 32491U 06006AE  09354.35036990  .00018627  00000-0  33549-2 0  9997
2 32491 051.4514 098.4870 4933117 104.5735 313.2715 05.72324488 41943
0 BREEZE-M DEB
1 32491U 06006AE  09355.22371746 +.00018810 +00000-0 +33319-2 0  9994
2 32491 051.4590 097.7397 4933717 105.1216 312.7634 05.72359204041993
0 BREEZE-M DEB
1 32491U 06006AE  09356.27168777  .00019642  00000-0  34440-2 0  9998
2 32491 051.4719 096.8288 4933892 105.7518 312.2308 05.72406230 42053
0 BREEZE-M DEB
1 32491U 06006AE  09357.66883722  .00019565  00000-0  34388-2 0  9991
2 32491 051.4737 095.6395 4933383 106.6481 311.4163 05.72460027 42136
0 BREEZE-M DEB
1 32491U 06006AE  09357.66885117  .00018616  00000-0  32556-2 0  9992
2 32491 051.4855 095.6697 4933583 106.6933 311.4187 05.72456040 42132
0 BREEZE-M DEB
1 32491U 06006AE  09358.36736649 +.00019540 +00000-0 +34381-2 0  9990
2 32491 051.4709 095.0520 4933141 107.0969 311.0148 05.72486876042170
0 BREEZE-M DEB
1 32491U 06006AE  09358.71661727  .00019526  00000-0  34441-2 0  9994
2 32491 051.4717 094.7533 4932922 107.3125 310.8144 05.72500290 42194
0 BREEZE-M DEB
1 32491U 06006AE  09359.24047851  .00019324  00000-0  33862-2 0  9991
2 32491 051.4715 094.3104 4933123 107.6795 310.4972 05.72519313 42227
0 BREEZE-M DEB
1 32491U 06006AE  09360.63734574  .00019146  00000-0  33410-2 0  9992
2 32491 051.4782 093.1129 4933003 108.5446 309.6689 05.72571196 42306
0 BREEZE-M DEB
1 32491U 06006AE  09361.33573642 +.00018807 +00000-0 +32840-2 0  9996
2 32491 051.4721 092.5274 4932831 109.0262 309.2421 05.72595313042344
0 BREEZE-M DEB
1 32491U 06006AE  09361.33573969  .00018825  00000-0  32886-2 0  9998
2 32491 051.4718 092.5267 4932809 109.0215 309.2515 05.72595478 42341
0 BREEZE-M DEB
1 32491U 06006AE  09363.60525527  .00017686  00000-0  32373-2 0  9992
2 32491 051.4309 090.6382 4930095 110.6318 307.6581 05.72666176 42474
0 BREEZE-M DEB
1 32491U 06006AE  09364.30352522  .00017349  00000-0  31856-2 0  9994
2 32491 051.4286 090.0409 4929826 111.0761 307.2224 05.72687757 42512
0 BREEZE-M DEB
1 32491U 06006AE  09364.65265637  .00016859  00000-0  30461-2 0  9998
2 32491 051.4486 089.7192 4930613 111.2447 307.0068 05.72694964 42531
0 BREEZE-M DEB
1 32491U 06006AE  09365.17636772  .00016599  00000-0  29904-2 0  9999
2 32491 051.4488 089.2740 4930682 111.5960 306.7355 05.72709977 42565
0 BREEZE-M DEB
1 32491U 06006AE  10001.57275228  .00014666  00000-0  26170-2 0  9992
2 32491 051.4645 088.0684 4931032 112.3532 305.7351 05.72735564 42643
0 BREEZE-M DEB
1 32491U 06006AE  10002.62013199  .00013582  00000-0  21916-2 0  9995
2 32491 051.5351 087.1047 4935917 112.8396 305.2887 05.72754177 42707
0 BREEZE-M DEB
1 32491U 06006AE  10003.66749054 +.00012390 +00000-0 +18671-2 0  9996
2 32491 051.5878 086.1520 4939119 113.2899 304.8578 05.72768777042766
0 BREEZE-M DEB
1 32491U 06006AE  10005.58745020  .00011630  00000-0  19778-2 0  9993
2 32491 051.5063 084.6103 4932963 114.8021 303.7693 05.72808133 42875
0 BREEZE-M DEB
1 32491U 06006AE  10006.45993073  .00011759  00000-0  20295-2 0  9991
2 32491 051.4687 083.9079 4932106 115.3272 302.9666 05.72829591 42921
0 BREEZE-M DEB
1 32491U 06006AE  10007.15798244  .00012096  00000-0  21166-2 0  9995
2 32491 051.5035 083.2748 4931305 115.8291 302.5227 05.72849923 42965
0 BREEZE-M DEB
1 32491U 06006AE  10008.20496004  .00012413  00000-0  21605-2 0  9992
2 32491 051.5293 082.3576 4931430 116.5033 301.7508 05.72879436 43024
0 BREEZE-M DEB
1 32491U 06006AE  10008.55393375 +.00012684 +00000-0 +22652-2 0  9990
2 32491 051.5025 082.0881 4930079 116.8834 301.4506 05.72891576043049
0 BREEZE-M DEB
1 32491U 06006AE  10008.55393376  .00012684  00000-0  22652-2 0  9991
2 32491 051.5025 082.0881 4930079 116.8834 301.4506 05.72891576 43049
0 BREEZE-M DEB
1 32491U 06006AE  10009.07732553  .00013041  00000-0  23863-2 0  9996
2 32491 051.4799 081.6677 4928769 117.3292 300.8926 05.72908009 43073
0 BREEZE-M DEB
1 32491U 06006AE  10009.60072548  .00013241  00000-0  24376-2 0  9998
2 32491 051.4755 081.2284 4928384 117.6314 300.4278 05.72923848 43104
0 BREEZE-M DEB
1 32491U 06006AE  10010.12417075  .00013845  00000-0  25561-2 0  9992
2 32491 051.4779 080.7843 4928140 117.8561 300.1150 05.72942411 43137
0 BREEZE-M DEB
1 32491U 06006AE  10012.21781216  .00014095  00000-0  25750-2 0  9993
2 32491 051.4832 078.9967 4928374 119.1927 298.6927 05.73003500 43257
0 BREEZE-M DEB
1 32491U 06006AE  10012.56671726 +.00014143 +00000-0 +25711-2 0  9996
2 32491 051.4842 078.6987 4928566 119.4020 298.4356 05.73014021043273
0 BREEZE-M DEB
1 32491U 06006AE  10013.26452293  .00014255  00000-0  25908-2 0  9992
2 32491 051.4946 078.0908 4928464 119.7873 297.9610 05.73035142 43310
0 BREEZE-M DEB
1 32491U 06006AE  10015.53221103  .00015653  00000-0  28687-2 0  9998
2 32491 051.5016 076.1558 4927515 121.2622 296.4960 05.73118879 43440
0 BREEZE-M DEB
1 32491U 06006AE  10016.05535175  .00016500  00000-0  31994-2 0  9990
2 32491 051.4724 075.7508 4924463 121.9071 295.8137 05.73142694 43473
0 BREEZE-M DEB
1 32491U 06006AE  10016.57839674  .00016933  00000-0  33174-2 0  9990
2 32491 051.4380 075.3384 4923788 122.2344 295.0627 05.73164099 43508
0 BREEZE-M DEB
1 32491U 06006AE  10018.49672127  .00017183  00000-0  33008-2 0  9995
2 32491 051.4716 073.6709 4924374 123.2769 293.6154 05.73231615 43617
0 BREEZE-M DEB
1 32491U 06006AE  10019.19432172  .00017250  00000-0  32497-2 0  9993
2 32491 051.4799 073.0662 4925218 123.6691 293.2533 05.73255952 43657
0 BREEZE-M DEB
1 32491U 06006AE  10020.06620177 +.00017247 +00000-0 +32497-2 0  9991
2 32491 051.4805 072.3229 4925013 124.2276 292.6199 05.73286173043701
0 BREEZE-M DEB
1 32491U 06006AE  10022.15843095  .00016558  00000-0  31348-2 0  9997
2 32491 051.4799 070.5429 4924354 125.5875 290.8112 05.73349944 43825
0 BREEZE-M DEB
1 32491U 06006AE  10022.50714407 +.00016594 +00000-0 +31204-2 0  9991
2 32491 051.4826 070.2466 4924622 125.7867 290.5993 05.73362210043842
0 BREEZE-M DEB
1 32491U 06006AE  10023.20449491  .00016672  00000-0  31233-2 0  9996
2 32491 051.5028 069.6287 4924651 126.1620 290.0709 05.73386552 43883
0 BREEZE-M DEB
1 32491U 06006AE  10025.47066721  .00017976  00000-0  32195-2 0  9994
2 32491 051.5422 067.6525 4926326 127.4342 288.4271 05.73479238 44015
0 BREEZE-M DEB
1 32491U 06006AE  10026.16787609  .00018457  00000-0  34086-2 0  9992
2 32491 051.5221 067.0885 4924580 128.0031 287.8438 05.73508473 44053
0 BREEZE-M DEB
1 32491U 06006AE  10027.03922726  .00019074  00000-0  36258-2 0  9999
2 32491 051.4965 066.3776 4922867 128.6614 286.9130 05.73546367 44106
0 BREEZE-M DEB
1 32491U 06006AE  10028.08478695  .00019008  00000-0  36072-2 0  9997
2 32491 051.4990 065.4845 4922718 129.3172 285.8215 05.73585442 44168
0 BREEZE-M DEB
1 32491U 06006AE  10029.47886278  .00018821  00000-0  35716-2 0  9997
2 32491 051.5167 064.2832 4922439 130.1489 284.5881 05.73636172 44240
0 BREEZE-M DEB
1 32491U 06006AE  10030.17589146  .00018179  00000-0  35347-2 0  9996
2 32491 051.5003 063.7072 4921083 130.6628 283.9876 05.73656624 44288
0 BREEZE-M DEB
1 32491U 06006AE  10032.44084809  .00017394  00000-0  34139-2 0  9990
2 32491 051.5164 061.7624 4920241 132.0531 281.7265 05.73728505 44412
0 BREEZE-M DEB
1 32491U 06006AE  10033.48621859  .00017366  00000-0  34139-2 0  9996
2 32491 051.5172 060.8714 4919963 132.7212 280.9284 05.73765037 44472
0 BREEZE-M DEB
1 32491U 06006AE  10035.05399841  .00017331  00000-0  34139-2 0  9996
2 32491 051.5184 059.5352 4919543 133.7234 279.4188 05.73819766 44562
0 BREEZE-M DEB
1 32491U 06006AE  10035.40237151  .00017741  00000-0  35830-2 0  9994
2 32491 051.5416 059.2027 4918132 133.7114 279.2095 05.73837322 44581
0 BREEZE-M DEB
1 32491U 06006AE  10039.40815154  .00019161  00000-0  38121-2 0  9997
2 32491 051.5113 055.8401 4917915 136.5378 275.5412 05.73998247 44816
0 BREEZE-M DEB
1 32491U 06006AE  10042.36779712  .00019510  00000-0  38646-2 0  9995
2 32491 051.5515 053.2711 4917464 138.2150 272.0775 05.74117712 44987
0 BREEZE-M DEB
1 32491U 06006AE  10047.41562323 -.00338913 +00000-0 -68761-1 0  9997
2 32491 051.5147 049.0123 4916363 141.6673 268.1102 05.74046543045279
0 BREEZE-M DEB
1 32491U 06006AE  10051.24364719  .00019521  00000-0  38121-2 0  9999
2 32491 051.5127 045.7874 4914349 144.0662 266.8774 05.74748797 45494
0 BREEZE-M DEB
1 32491U 06006AE  10053.32788078  .00031914  00000-0  73423-2 0  9992
2 32491 051.5519 043.8634 4904745 145.5243 259.7465 05.74872074 45610
0 BREEZE-M DEB
1 32491U 06006AE  10060.27890572  .00024503  00000-0  51881-2 0  9997
2 32491 051.5247 038.0395 4907406 149.9177 249.4363 05.75214555 46012
0 BREEZE-M DEB
1 32491U 06006AE  10061.32197528  .00024553  00000-0  52113-2 0  9999
2 32491 051.5342 037.1407 4906960 150.5846 249.4950 05.75266533 46078
0 BREEZE-M DEB
1 32491U 06006AE  10062.36430027  .00024711  00000-0  52290-2 0  9990
2 32491 051.5206 036.2672 4906776 151.2422 248.2132 05.75319671 46132
0 BREEZE-M DEB
1 32491U 06006AE  10062.88540020  .00024789  00000-0  52891-2 0  9994
2 32491 051.5242 035.8165 4906155 151.5375 247.5310 05.75346428 46168
0 BREEZE-M DEB
1 32491U 06006AE  10064.10124429  .00028367  00000-0  60213-2 0  9995
2 32491 051.5245 034.7768 4905879 152.4344 246.0191 05.75426120 46233
0 BREEZE-M DEB
1 32491U 06006AE  10064.27477875  .00029116  00000-0  61039-2 0  9999
2 32491 051.5238 034.6355 4906445 152.5559 245.5219 05.75440404 46242
0 BREEZE-M DEB
1 32491U 06006AE  10064.96940917  .00029474  00000-0  62890-2 0  9990
2 32491 051.5260 034.0307 4905230 152.9837 244.5748 05.75483274 46284
0 BREEZE-M DEB
1 32491U 06006AE  10065.31671666 +.00029999 +00000-0 +64854-2 0  9996
2 32491 051.5308 033.7246 4904376 153.1626 244.1506 05.75507437046303
0 BREEZE-M DEB
1 32491U 06006AE  10066.87942931  .00029653  00000-0  63546-2 0  9998
2 32491 051.5230 032.4009 4904298 154.1682 242.0635 05.75598656 46398
0 BREEZE-M DEB
1 32491U 06006AE  10067.22666818 +.00029106 +00000-0 +62750-2 0  9994
2 32491 051.5259 032.1025 4903892 154.3551 241.5818 05.75614181046412
0 BREEZE-M DEB
1 32491U 06006AE  10068.26833669 +.00028809 +00000-0 +62731-2 0  9997
2 32491 051.5290 031.2054 4903036 154.9602 240.2524 05.75672298046471
0 BREEZE-M DEB
1 32491U 06006AE  10071.21904702  .00027834  00000-0  60584-2 0  9994
2 32491 051.5356 028.6739 4902224 156.9531 236.1211 05.75831785 46649
0 BREEZE-M DEB
1 32491U 06006AE  10071.91316513  .00027709  00000-0  61191-2 0  9994
2 32491 051.5375 028.0762 4901242 157.3135 235.0952 05.75869874 46688
0 BREEZE-M DEB
1 32491U 06006AE  10072.26029813  .00027643  00000-0  61097-2 0  9999
2 32491 051.5489 027.7682 4901092 157.4800 234.7821 05.75889114 46707
0 BREEZE-M DEB
1 32491U 06006AE  10076.25062310  .00036718  00000-0  74985-2 0  9994
2 32491 051.5369 024.3738 4903067 160.2350 230.5077 05.76237856 46938
0 BREEZE-M DEB
1 32491U 06006AE  10080.06394652  .00040040  00000-0  86015-2 0  9995
2 32491 051.5243 021.1284 4898252 162.7205 223.4134 05.76561071 47154
0 BREEZE-M DEB
1 32491U 06006AE  10082.14318791  .00039733  00000-0  88194-2 0  9993
2 32491 051.5124 019.3660 4895531 163.8965 219.7355 05.76723424 47279
0 BREEZE-M DEB
1 32491U 06006AE  10083.18289429  .00037881  00000-0  82526-2 0  9998
2 32491 051.5642 018.4003 4896181 164.6921 218.4492 05.76791003 47331
0 BREEZE-M DEB
1 32491U 06006AE  10086.12737856  .00033694  00000-0  73616-2 0  9995
2 32491 051.5376 015.9120 4895060 166.4845 213.4333 05.76977653 47502
0 BREEZE-M DEB
1 32491U 06006AE  10087.16667761  .00035302  00000-0  64373-2 0  9995
2 32491 051.4972 015.0474 4904054 167.4317 212.2896 05.77059690 47565
0 BREEZE-M DEB
1 32491U 06006AE  10096.16639441  .00041166  00000-0  89867-2 0  9999
2 32491 051.5229 007.3135 4889837 172.8905 201.3893 05.77828067 48089
0 BREEZE-M DEB
1 32491U 06006AE  10098.41250791  .00058090  00000-0  12468-1 0  9992
2 32491 051.5301 005.3678 4888728 174.3697 195.3072 05.78159907 48210
0 BREEZE-M DEB
1 32491U 06006AE  10107.04587404  .00039894  00000-0  79416-2 0  9994
2 32491 051.5592 358.0053 4888658 180.0786 174.0660 05.78813485 48712
0 BREEZE-M DEB
1 32491U 06006AE  10119.98454553  .00031537  00000-0  67398-2 0  9990
2 32491 051.5353 346.7960 4880407 188.1665 150.5485 05.79560127 49467
0 BREEZE-M DEB
1 32491U 06006AE  10120.67845933 -.02160751  00000-0 -42585+0 0  9997
2 32491 051.5450 346.1863 4890813 188.7111 158.8463 05.78525840 49509
0 BREEZE-M DEB
1 32491U 06006AE  10127.91476214 -.00000211  00000-0  00000+0 0  9990
2 32491 051.5509 339.9382 4881243 193.3714 145.5656 05.79890669 49915
0 BREEZE-M DEB
1 32491U 06006AE  10130.84473906  .00042741  00000-0  89262-2 0  9994
2 32491 051.5532 337.4066 4876134 195.1920 146.9131 05.80473268 50093
0 BREEZE-M DEB
1 32491U 06006AE  10133.94054918  .00033463  00000-0  71180-2 0  9997
2 32491 051.5703 334.7170 4873927 197.1681 137.1561 05.80658414 50279
0 BREEZE-M DEB
1 32491U 06006AE  10135.83369579  .00030345  00000-0  64479-2 0  9998
2 32491 051.5731 333.0799 4873392 198.3816 134.8190 05.80761895 50380
0 BREEZE-M DEB
1 32491U 06006AE  10137.89834959  .00028242  00000-0  55285-2 0  9993
2 32491 051.5732 331.2860 4877207 199.8720 131.8319 05.80872927 50502
0 BREEZE-M DEB
1 32491U 06006AE  10140.82239729  .00032408  00000-0  59083-2 0  9993
2 32491 051.5539 328.7738 4879752 201.8145 127.5237 05.81072301 50672
0 BREEZE-M DEB
1 32491U 06006AE  10141.85403070  .00035754  00000-0  79731-2 0  9998
2 32491 051.6208 327.8170 4868478 202.2147 125.8212 05.81159271 50739
0 BREEZE-M DEB
1 32491U 06006AE  10144.77699928  .00034597  00000-0  62966-2 0  9997
2 32491 051.5372 325.3687 4877973 204.3366 122.1237 05.81355996 50900
0 BREEZE-M DEB
1 32491U 06006AE  10145.80809684  .00030685  00000-0  59210-2 0  9996
2 32491 051.5740 324.4302 4874618 204.9858 120.1362 05.81405828 50961
0 BREEZE-M DEB
1 32491U 06006AE  10151.82229373  .00036596  00000-0  63618-2 0  9990
2 32491 051.5480 319.2348 4877353 209.0112 113.4521 05.81870577 51311
0 BREEZE-M DEB
1 32491U 06006AE  10162.80642341  .00036568  00000-0  70215-2 0  9994
2 32491 051.5717 309.6659 4867212 216.0233 098.1507 05.82673517 51956
0 BREEZE-M DEB
1 32491U 06006AE  10165.72207999  .00043089  00000-0  65006-2 0  9992
2 32491 051.5118 307.1258 4876900 218.2509 101.6264 05.83107932 52127
0 BREEZE-M DEB
1 32491U 06006AE  10180.61486580  .00039349  00000-0  68822-2 0  9995
2 32491 051.5925 294.0908 4862916 227.7015 072.1299 05.84211318 52998
0 BREEZE-M DEB
1 32491U 06006AE  10188.31370266  .00046158  00000-0  72564-2 0  9997
2 32491 051.4791 287.3488 4863322 232.9516 076.5170 05.85020718 53442
0 BREEZE-M DEB
1 32491U 06006AE  10189.50753913 -.00396562  00000-0 -56191-1 0  9999
2 32491 051.5175 286.2366 4870842 233.7465 070.8544 05.84610638 53514
0 BREEZE-M DEB
1 32491U 06006AE  10191.56219172  .00042092  00000-0  59213-2 0  9995
2 32491 051.5838 284.3979 4867278 235.1025 079.3696 05.85268748 53633
0 BREEZE-M DEB
1 32491U 06006AE  10201.28605592  .00045118  00000-0  61761-2 0  9994
2 32491 051.5171 275.8444 4863248 241.5206 063.2285 05.86162746 54190
0 BREEZE-M DEB
1 32491U 06006AE  10216.45011552  .00026771  00000-0  35803-2 0  9998
2 32491 051.5764 262.5118 4858981 251.4523 048.5797 05.87051704 55084
0 BREEZE-M DEB
1 32491U 06006AE  11005.40862242  .00020331  00000-0  54740-2 0  9997
2 32491 051.5003 124.0322 4742875 356.1143 001.4791 06.00270663 64113
0 BREEZE-M DEB
1 32491U 06006AE  11006.40791117  .00021523  00000-0  50112-2 0  9993
2 32491 051.5834 123.2374 4751009 356.3323 001.1487 06.00321302 64176
0 BREEZE-M DEB
1 32491U 06006AE  11007.40723703  .00021424  00000-0  49933-2 0  9999
2 32491 051.5837 122.3326 4750611 357.0101 000.9198 06.00363592 64236
0 BREEZE-M DEB
1 32491U 06006AE  11013.40173314  .00022574  00000-0  54411-2 0  9997
2 32491 051.5244 116.8229 4746738 001.1922 000.2181 06.00656957 64595
0 BREEZE-M DEB
1 32491U 06006AE  11014.40023037  .00021637  00000-0  58869-2 0  9994
2 32491 051.4787 115.8616 4739468 002.1930 359.3145 06.00696599 64647
0 BREEZE-M DEB
1 32491U 06006AE  11032.19964694  .00016714  00000-0  43613-2 0  9994
2 32491 051.4718 099.6887 4738854 014.1892 348.7423 06.01278999 65720
0 BREEZE-M DEB
1 32491U 06006AE  11034.19823386 -.00144657  00000-0 -38503-1 0  9999
2 32491 051.4913 097.8934 4738642 015.7320 354.9017 06.01000065 65846
0 BREEZE-M DEB
1 32491U 06006AE  11040.02954342  .00023605  00000-0  61823-2 0  9994
2 32491 051.4764 092.5811 4736119 019.6034 021.5501 06.01625495 66192
0 BREEZE-M DEB
1 32491U 06006AE  11041.01389779  .00023600  00000-0  62089-2 0  9990
2 32491 051.4721 091.6816 4735657 020.2991 353.5919 06.01672283 66251
0 BREEZE-M DEB
1 32491U 06006AE  11041.18007791  .00026754  00000-0  68586-2 0  9990
2 32491 051.4523 091.5111 4736713 020.3575 353.5970 06.01693606 66261
0 BREEZE-M DEB
1 32491U 06006AE  11042.17714684  .00023723  00000-0  62335-2 0  9995
2 32491 051.4727 090.6237 4735483 021.0840 353.3366 06.01728626 66327
0 BREEZE-M DEB
1 32491U 06006AE  11042.50948141  .00023926  00000-0  62116-2 0  9991
2 32491 051.4872 090.3374 4736118 021.2439 353.2748 06.01745238 66342
0 BREEZE-M DEB
1 32491U 06006AE  11043.17413089  .00025117  00000-0  65977-2 0  9995
2 32491 051.4557 089.6961 4735198 021.7975 353.1320 06.01783413 66388
0 BREEZE-M DEB
1 32491U 06006AE  11043.34026921 +.00025230 +00000-0 +66211-2 0  9997
2 32491 051.4676 089.5596 4735202 021.9041 353.0615 06.01792499066396
0 BREEZE-M DEB
1 32491U 06006AE  11044.17100599  .00026478  00000-0  70712-2 0  9999
2 32491 051.4605 088.7951 4733832 022.5294 352.9032 06.01842973 66448
0 BREEZE-M DEB
1 32491U 06006AE  11044.50325722  .00027824  00000-0  73488-2 0  9992
2 32491 051.4679 088.5012 4734322 022.7126 352.8105 06.01866948 66466
0 BREEZE-M DEB
1 32491U 06006AE  11045.49997749 +.00030340 +00000-0 +79253-2 0  9998
2 32491 051.4659 087.5905 4734481 023.3395 352.6049 06.01936553066527
0 BREEZE-M DEB
1 32491U 06006AE  11046.16440311  .00030972  00000-0  80428-2 0  9998
2 32491 051.4715 086.9923 4734506 023.7832 352.4639 06.01980819 66562
0 BREEZE-M DEB
1 32491U 06006AE  11046.49659255  .00031635  00000-0  82098-2 0  9995
2 32491 051.4701 086.6885 4734368 024.0230 352.3774 06.02004441 66583
0 BREEZE-M DEB
1 32491U 06006AE  11047.16094381  .00033288  00000-0  85357-2 0  9990
2 32491 051.4699 086.0746 4734686 024.4520 352.2962 06.02058338 66625
0 BREEZE-M DEB
1 32491U 06006AE  11048.15733508  .00035937  00000-0  93283-2 0  9991
2 32491 051.4692 085.1756 4733381 025.1669 352.0518 06.02140140 66686
0 BREEZE-M DEB
1 32491U 06006AE  11049.48564002  .00037788  00000-0  97012-2 0  9999
2 32491 051.4674 083.9641 4733339 026.0592 351.6912 06.02245160 66763
0 BREEZE-M DEB
1 32491U 06006AE  11050.14972106  .00037044  00000-0  95079-2 0  9998
2 32491 051.4673 083.3588 4733073 026.5182 351.5080 06.02290476 66801
0 BREEZE-M DEB
1 32491U 06006AE  11051.14575944  .00037748  00000-0  97345-2 0  9997
2 32491 051.4661 082.4515 4732338 027.1884 351.3341 06.02370099 66861
0 BREEZE-M DEB
1 32491U 06006AE  11051.47772138  .00038475  00000-0  99652-2 0  9998
2 32491 051.4669 082.1501 4731926 027.4326 351.2193 06.02398078 66880
0 BREEZE-M DEB
1 32491U 06006AE  11052.14162974  .00039740  00000-0  10220-1 0  9993
2 32491 051.4684 081.5449 4732027 027.8824 351.0938 06.02457576 66920
0 BREEZE-M DEB
1 32491U 06006AE  11052.47354205  .00041942  00000-0  10730-1 0  9992
2 32491 051.4711 081.2447 4732147 028.1179 350.9913 06.02492498 66941
0 BREEZE-M DEB
1 32491U 06006AE  11054.13293122  .00041144  00000-0  10512-1 0  9999
2 32491 051.4709 079.7327 4731537 029.2555 350.5326 06.02625744 67047
0 BREEZE-M DEB
1 32491U 06006AE  11054.46478834  .00039608  00000-0  10095-1 0  9998
2 32491 051.4747 079.4336 4731591 029.4926 350.4673 06.02645795 67064
0 BREEZE-M DEB
1 32491U 06006AE  11055.12843889  .00038507  00000-0  98966-2 0  9999
2 32491 051.4736 078.8259 4730867 029.9642 350.2802 06.02690486 67108
0 BREEZE-M DEB
1 32491U 06006AE  11055.46026331  .00037288  00000-0  95340-2 0  9999
2 32491 051.4710 078.5212 4731073 030.1675 350.2450 06.02710590 67126
0 BREEZE-M DEB
1 32491U 06006AE  11056.12383872  .00035991  00000-0  91805-2 0  9990
2 32491 051.4692 077.9143 4730994 030.6302 350.0509 06.02751368 67169
0 BREEZE-M DEB
1 32491U 06006AE  11056.45563029  .00033876  00000-0  85199-2 0  9999
2 32491 051.4729 077.6200 4731766 030.8445 349.9979 06.02765379 67186
0 BREEZE-M DEB
1 32491U 06006AE  11057.11915556  .00032829  00000-0  82307-2 0  9994
2 32491 051.4745 077.0141 4731725 031.2919 349.8404 06.02803546 67224
0 BREEZE-M DEB
1 32491U 06006AE  11057.45091239 +.00031891 +00000-0 +80558-2 0  9998
2 32491 051.4750 076.7138 4731170 031.5347 349.7879 06.02822551067248
0 BREEZE-M DEB
1 32491U 06006AE  11058.11436277 +.00032261 +00000-0 +81273-2 0  9994
2 32491 051.4728 076.1066 4731032 031.9866 349.6407 06.02867124067289
0 BREEZE-M DEB
1 32491U 06006AE  11059.10944167  .00033321  00000-0  83637-2 0  9990
2 32491 051.4738 075.1998 4730763 032.6711 349.4185 06.02937493 67345
0 BREEZE-M DEB
1 32491U 06006AE  11060.10439473  .00034359  00000-0  85601-2 0  9996
2 32491 051.4810 074.3000 4730712 033.3444 349.1714 06.03008435 67404
0 BREEZE-M DEB
1 32491U 06006AE  11060.43601712 +.00034470 +00000-0 +86316-2 0  9997
2 32491 051.4790 073.9952 4730254 033.5793 349.0796 06.03031639067425
0 BREEZE-M DEB
1 32491U 06006AE  11061.09923172  .00035356  00000-0  87903-2 0  9994
2 32491 051.4786 073.3906 4730333 034.0184 348.9410 06.03082327 67466
0 BREEZE-M DEB
1 32491U 06006AE  11062.09394182  .00039097  00000-0  97482-2 0  9997
2 32491 051.4696 072.4697 4729556 034.6827 348.7930 06.03176202 67526
0 BREEZE-M DEB
1 32491U 06006AE  11063.08844731  .00044762  00000-0  11107-1 0  9991
2 32491 051.4727 071.5668 4729139 035.3935 348.5831 06.03288814 67581
0 BREEZE-M DEB
1 32491U 06006AE  11064.08273473  .00049241  00000-0  12137-1 0  9992
2 32491 051.4942 070.6879 4728850 036.1203 348.2525 06.03402492 67644
0 BREEZE-M DEB
1 32491U 06006AE  11064.91117381  .00051466  00000-0  12734-1 0  9994
2 32491 051.4900 069.9255 4728076 036.6583 348.0040 06.03495958 67697
0 BREEZE-M DEB
1 32491U 06006AE  11065.40817397 +.00051381 +00000-0 +12713-1 0  9996
2 32491 051.4863 069.4667 4727782 037.0253 347.8223 06.03547363067721
0 BREEZE-M DEB
1 32491U 06006AE  11066.07080748  .00052831  00000-0  12914-1 0  9996
2 32491 051.4765 068.8501 4728045 037.4086 347.7252 06.03625240 67769
0 BREEZE-M DEB
1 32491U 06006AE  11067.06457848  .00057116  00000-0  13953-1 0  9990
2 32491 051.4739 067.9395 4727329 038.0820 347.5363 06.03755986 67827
0 BREEZE-M DEB
1 32491U 06006AE  11067.39573978  .00059184  00000-0  14499-1 0  9992
2 32491 051.4844 067.6495 4726895 038.3924 347.3327 06.03801997 67841
0 BREEZE-M DEB
1 32491U 06006AE  11068.05807896  .00062806  00000-0  15476-1 0  9996
2 32491 051.4949 067.0566 4725958 038.9013 347.2370 06.03904166 67887
0 BREEZE-M DEB
1 32491U 06006AE  11068.38915411  .00066391  00000-0  16383-1 0  9996
2 32491 051.4927 066.7516 4725542 039.1425 347.0633 06.03959472 67906
0 BREEZE-M DEB
1 32491U 06006AE  11069.05130922  .00069070  00000-0  16734-1 0  9994
2 32491 051.4959 066.1454 4725997 039.5689 346.9546 06.04064770 67940
0 BREEZE-M DEB
1 32491U 06006AE  11071.03712887  .00079718  00000-0  19331-1 0  9997
2 32491 051.4802 064.3181 4723818 040.8879 346.8648 06.04418617 68069
0 BREEZE-M DEB
1 32491U 06006AE  11072.36010306  .00084931  00000-0  20635-1 0  9993
2 32491 051.4795 063.1040 4722230 041.8751 346.1254 06.04659629 68143
0 BREEZE-M DEB
1 32491U 06006AE  11073.35208434  .00086682  00000-0  20940-1 0  9998
2 32491 051.4811 062.1982 4721461 042.5454 345.8048 06.04839321 68202
0 BREEZE-M DEB
1 32491U 06006AE  11074.34379735  .00071788  00000-0  17125-1 0  9993
2 32491 051.4801 061.2869 4721519 043.1678 345.3381 06.04947972 68267
0 BREEZE-M DEB
1 32491U 06006AE  11074.83969977  .00069667  00000-0  16548-1 0  9991
2 32491 051.4790 060.8306 4721388 043.5022 345.3555 06.05008873 68291
0 BREEZE-M DEB
1 32491U 06006AE  11075.00497799  .00069193  00000-0  16188-1 0  9993
2 32491 051.4822 060.6823 4722140 043.5955 345.3401 06.05029448 68304
0 BREEZE-M DEB
1 32491U 06006AE  11075.33549424 +.00069183 +00000-0 +16183-1 0  9996
2 32491 051.4825 060.3795 4721868 043.8223 345.2663 06.05075114068321
0 BREEZE-M DEB
1 32491U 06006AE  11075.99643760  .00066201  00000-0  15578-1 0  9991
2 32491 051.4720 059.7604 4721072 044.2316 345.0461 06.05148430 68361
0 BREEZE-M DEB
1 32491U 06006AE  11076.32690852  .00061076  00000-0  14259-1 0  9993
2 32491 051.4860 059.4767 4721324 044.5357 344.9725 06.05181831 68386
0 BREEZE-M DEB
1 32491U 06006AE  11077.81367454  .00059129  00000-0  13771-1 0  9991
2 32491 051.4915 058.1182 4720453 045.5832 344.5516 06.05353298 68477
0 BREEZE-M DEB
1 32491U 06006AE  11077.97885214  .00058871  00000-0  13649-1 0  9994
2 32491 051.4932 057.9713 4720613 045.6811 344.5236 06.05371629 68487
0 BREEZE-M DEB
1 32491U 06006AE  11078.80462350  .00058048  00000-0  13510-1 0  9992
2 32491 051.4891 057.2089 4719863 046.2463 344.2902 06.05464947 68534
0 BREEZE-M DEB
1 32491U 06006AE  11079.30002945  .00057255  00000-0  13336-1 0  9993
2 32491 051.4871 056.7520 4719519 046.5766 344.1520 06.05518340 68568
0 BREEZE-M DEB
1 32491U 06006AE  11079.96050262  .00056018  00000-0  13023-1 0  9999
2 32491 051.4834 056.1428 4719256 047.0218 343.9496 06.05586245 68607
0 BREEZE-M DEB
1 32491U 06006AE  11080.95108752 +.00055414 +00000-0 +12896-1 0  9994
2 32491 051.4924 055.2435 4718596 047.7156 343.7177 06.05694868068660
0 BREEZE-M DEB
1 32491U 06006AE  11081.77641417  .00056211  00000-0  13135-1 0  9998
2 32491 051.4869 054.4820 4717805 048.2855 343.5036 06.05791616 68718
0 BREEZE-M DEB
1 32491U 06006AE  11082.27153627  .00057577  00000-0  13237-1 0  9994
2 32491 051.4922 054.0264 4718378 048.6585 343.3599 06.05855033 68745
0 BREEZE-M DEB
1 32491U 06006AE  11083.09663350  .00062677  00000-0  14234-1 0  9999
2 32491 051.4967 053.2693 4718335 049.2254 343.2445 06.05979983 68799
0 BREEZE-M DEB
1 32491U 06006AE  11083.75652843  .00063362  00000-0  14466-1 0  9996
2 32491 051.4974 052.6590 4717501 049.6637 342.9523 06.06067480 68838
0 BREEZE-M DEB
1 32491U 06006AE  11084.08645941  .00068304  00000-0  15474-1 0  9995
2 32491 051.4994 052.3476 4717534 049.8264 342.9434 06.06134560 68851
0 BREEZE-M DEB
1 32491U 06006AE  11085.07606346  .00071603  00000-0  17393-1 0  9999
2 32491 051.5035 051.4648 4712524 050.5929 342.6525 06.06290410 68912
0 BREEZE-M DEB
1 32491U 06006AE  11085.73561904  .00074192  00000-0  16921-1 0  9994
2 32491 051.4976 050.8362 4715533 051.0434 342.3793 06.06398395 68950
0 BREEZE-M DEB
1 32491U 06006AE  11086.23024040  .00076212  00000-0  17037-1 0  9999
2 32491 051.4983 050.3664 4716183 051.4032 342.2399 06.06480762 68982
0 BREEZE-M DEB
1 32491U 06006AE  11086.72479172 +.00076411 +00000-0 +17039-1 0  9996
2 32491 051.4982 049.9122 4715857 051.7398 342.0822 06.06557412069010
0 BREEZE-M DEB
1 32491U 06006AE  11087.05446248  .00077295  00000-0  17024-1 0  9996
2 32491 051.4989 049.6070 4716234 051.9276 342.0069 06.06611847 69031
0 BREEZE-M DEB
1 32491U 06006AE  11092.16078841  .00107906  00000-0  22398-1 0  9997
2 32491 051.5021 044.8664 4713354 055.3990 342.4234 06.07655718 69344
0 BREEZE-M DEB
1 32491U 06006AE  11092.98251542  .00127245  00000-0  27405-1 0  9990
2 32491 051.4876 044.1585 4709904 056.0638 340.3254 06.07884620 69399
0 BREEZE-M DEB
1 32491U 06006AE  11093.14693793 +.00127610 +00000-0 +27445-1 0  9997
2 32491 051.4888 044.0077 4709731 056.1879 340.1547 06.07927651069400
0 BREEZE-M DEB
1 32491U 06006AE  11095.77700005  .00128614  00000-0  27617-1 0  9999
2 32491 051.4883 041.5699 4705800 058.0281 339.3780 06.08607930 69560
0 BREEZE-M DEB
1 32491U 06006AE  11096.92669715  .00126853  00000-0  26707-1 0  9991
2 32491 051.4906 040.5059 4705222 058.8536 338.9132 06.08894272 69635
0 BREEZE-M DEB
1 32491U 06006AE  11097.91176650  .00129428  00000-0  26990-1 0  9997
2 32491 051.5029 039.6217 4704161 059.5078 338.7360 06.09162249 69697
0 BREEZE-M DEB
1 32491U 06006AE  11098.23998350  .00136184  00000-0  28489-1 0  9994
2 32491 051.5023 039.3151 4703357 059.7625 338.5770 06.09266243 69716
0 BREEZE-M DEB
1 32491U 06006AE  11098.89630498  .00132245  00000-0  27589-1 0  9996
2 32491 051.5022 038.7046 4702546 060.2663 338.2638 06.09427821 69754
0 BREEZE-M DEB
1 32491U 06006AE  11099.22443456  .00132230  00000-0  27689-1 0  9995
2 32491 051.4892 038.3849 4701817 060.4448 338.2297 06.09514320 69772
0 BREEZE-M DEB
1 32491U 06006AE  11099.71650605  .00130690  00000-0  27249-1 0  9995
2 32491 051.4886 037.9322 4701325 060.8063 338.0393 06.09636728 69803
0 BREEZE-M DEB
1 32491U 06006AE  11100.20849020  .00130246  00000-0  26934-1 0  9990
2 32491 051.4871 037.4772 4701029 061.1002 337.9154 06.09763170 69837
0 BREEZE-M DEB
1 32491U 06006AE  11100.86430048  .00125900  00000-0  26179-1 0  9990
2 32491 051.4830 036.8482 4699807 061.5961 337.6414 06.09914736 69877
0 BREEZE-M DEB
1 32491U 06006AE  11101.19216983  .00125693  00000-0  26164-1 0  9990
2 32491 051.4839 036.5430 4699256 061.7998 337.5939 06.09996220 69897
0 BREEZE-M DEB
1 32491U 06006AE  11102.17543732  .00123081  00000-0  25899-1 0  9997
2 32491 051.4905 035.6284 4697248 062.5227 337.1878 06.10228375 69957
0 BREEZE-M DEB
1 32491U 06006AE  11102.99457141  .00116347  00000-0  24058-1 0  9998
2 32491 051.4813 034.8696 4697273 063.1413 336.7570 06.10389627 70005
0 BREEZE-M DEB
1 32491U 06006AE  11104.14104488  .00115441  00000-0  23144-1 0  9999
2 32491 051.4889 033.7876 4697447 063.9118 336.5818 06.10653324 70077
0 BREEZE-M DEB
1 32491U 06006AE  11104.95959256  .00118631  00000-0  23378-1 0  9992
2 32491 051.4921 033.0101 4697187 064.3987 336.4257 06.10860456 70126
0 BREEZE-M DEB
1 32491U 06006AE  11107.25002977  .00110568  00000-0  22535-1 0  9992
2 32491 051.4927 030.8978 4692416 066.0194 335.2910 06.11353245 70260
0 BREEZE-M DEB
1 32491U 06006AE  11109.86563193  .00109235  00000-0  22388-1 0  9998
2 32491 051.4911 028.4610 4688779 067.9010 334.4556 06.11917859 70425
0 BREEZE-M DEB
1 32491U 06006AE  11110.84589066  .00109242  00000-0  21663-1 0  9998
2 32491 051.4912 027.5393 4689355 068.6363 334.2411 06.12133343 70487
0 BREEZE-M DEB
1 32491U 06006AE  11111.82573293  .00112083  00000-0  22047-1 0  9996
2 32491 051.4801 026.6218 4688465 069.2849 333.9251 06.12358608 70545
0 BREEZE-M DEB
1 32491U 06006AE  11112.80520663  .00110949  00000-0  21708-1 0  9990
2 32491 051.4800 025.7066 4687476 069.9666 333.5408 06.12573671 70606
0 BREEZE-M DEB
1 32491U 06006AE  11113.94750336  .00111123  00000-0  21670-1 0  9991
2 32491 051.4811 024.6360 4686135 070.7842 333.1319 06.12828770 70677
0 BREEZE-M DEB
1 32491U 06006AE  11113.94750336 +.00111123 +00000-0 +21670-1 0  9991
2 32491 051.4811 024.6360 4686135 070.7842 333.1319 06.12828770070677
0 BREEZE-M DEB
1 32491U 06006AE  11114.76313235  .00111847  00000-0  21800-1 0  9993
2 32491 051.4834 023.8729 4685051 071.3564 332.8502 06.13014999 70723
0 BREEZE-M DEB
1 32491U 06006AE  11115.90458156  .00113375  00000-0  22042-1 0  9999
2 32491 051.4877 022.8032 4683620 072.1478 332.4231 06.13278728 70793
0 BREEZE-M DEB
1 32491U 06006AE  11115.90458156 +.00113375 +00000-0 +22042-1 0  9999
2 32491 051.4877 022.8032 4683620 072.1478 332.4231 06.13278728070793
0 BREEZE-M DEB
1 32491U 06006AE  11118.18601853  .00114307  00000-0  22173-1 0  9997
2 32491 051.4898 020.6590 4680644 073.7947 331.5344 06.13802812 70930
0 BREEZE-M DEB
1 32491U 06006AE  11118.83748128  .00113646  00000-0  21668-1 0  9999
2 32491 051.4871 020.0469 4680753 074.3168 331.1939 06.13947386 70979
0 BREEZE-M DEB
1 32491U 06006AE  11119.65162358 +.00113108 +00000-0 +21609-1 0  9993
2 32491 051.4871 019.2798 4679565 074.8963 330.8827 06.14130071071026
0 BREEZE-M DEB
1 32491U 06006AE  11120.13999001  .00113694  00000-0  21265-1 0  9999
2 32491 051.4882 018.8120 4680078 075.2338 330.7016 06.14243094 71056
0 BREEZE-M DEB
1 32491U 06006AE  11120.62826621  .00116934  00000-0  20333-1 0  9995
2 32491 051.5111 018.3499 4683310 075.5201 330.5964 06.14372358 71089
0 BREEZE-M DEB
1 32491U 06006AE  11121.76717714  .00132373  00000-0  26997-1 0  9990
2 32491 051.4638 017.3075 4672426 076.2303 330.4718 06.14715829 71156
0 BREEZE-M DEB
1 32491U 06006AE  11123.06781522  .00138967  00000-0  25864-1 0  9990
2 32491 051.4800 016.0546 4675278 077.2269 329.7298 06.15100684 71237
0 BREEZE-M DEB
1 32491U 06006AE  11123.71782245  .00142541  00000-0  26724-1 0  9994
2 32491 051.4789 015.4444 4673698 077.6791 329.3526 06.15299214 71273
0 BREEZE-M DEB
1 32491U 06006AE  11124.69252752  .00141410  00000-0  26805-1 0  9991
2 32491 051.4702 014.5229 4671476 078.4196 328.8409 06.15570922 71338
0 BREEZE-M DEB
1 32491U 06006AE  11127.93849564  .00126299  00000-0  22704-1 0  9996
2 32491 051.4934 011.4389 4669716 080.6424 326.4981 06.16360305 71535
0 BREEZE-M DEB
1 32491U 06006AE  11129.07417812  .00122648  00000-0  22396-1 0  9991
2 32491 051.4969 010.3451 4667260 081.5549 326.9532 06.16627380 71605
0 BREEZE-M DEB
1 32491U 06006AE  11129.56056226  .00122436  00000-0  22342-1 0  9999
2 32491 051.4883 009.9594 4666594 081.8581 326.7545 06.16745440 71633
0 BREEZE-M DEB
1 32491U 06006AE  11130.04685658  .00118899  00000-0  21436-1 0  9992
2 32491 051.4897 009.4520 4666614 082.2218 326.5511 06.16854495 71662
0 BREEZE-M DEB
1 32491U 06006AE  11130.69510162 +.00118929 +00000-0 +21493-1 0  9997
2 32491 051.4890 008.8474 4665565 082.6876 326.2700 06.17008923071704
0 BREEZE-M DEB
1 32491U 06006AE  11131.99108816  .00118976  00000-0  21540-1 0  9995
2 32491 051.4897 007.6217 4663642 083.6112 325.6775 06.17317949 71785
0 BREEZE-M DEB
1 32491U 06006AE  11134.90467636  .00114021  00000-0  20044-1 0  9992
2 32491 051.4868 004.8411 4661416 085.6975 324.0734 06.17975366 71965
0 BREEZE-M DEB
1 32491U 06006AE  11135.71359215  .00107736  00000-0  17064-1 0  9998
2 32491 051.4614 004.0667 4666194 086.2908 323.8425 06.18121752 72014
0 BREEZE-M DEB
1 32491U 06006AE  11136.03713339  .00106565  00000-0  18708-1 0  9990
2 32491 051.4891 003.7740 4660326 086.5117 323.7855 06.18175853 72034
0 BREEZE-M DEB
1 32491U 06006AE  11137.00736336  .00110128  00000-0  19307-1 0  9996
2 32491 051.4859 002.8445 4659111 087.2163 323.3567 06.18394637 72094
0 BREEZE-M DEB
1 32491U 06006AE  11137.65396897 +.00110505 +00000-0 +19403-1 0  9997
2 32491 051.4862 002.2342 4658177 087.6701 323.0170 06.18539057072130
0 BREEZE-M DEB
1 32491U 06006AE  11137.97722119  .00110507  00000-0  19410-1 0  9992
2 32491 051.4858 001.9236 4657733 087.8980 322.8594 06.18610724 72151
0 BREEZE-M DEB
1 32491U 06006AE  11137.97722119 +.00110507 +00000-0 +19410-1 0  9992
2 32491 051.4858 001.9236 4657733 087.8980 322.8594 06.18610724072151
0 BREEZE-M DEB
1 32491U 06006AE  11141.85331860  .00091920  00000-0  15963-1 0  9999
2 32491 051.4968 358.2072 4654114 090.6854 319.9436 06.19328323 72391
0 BREEZE-M DEB
1 32491U 06006AE  11143.95166186  .00087408  00000-0  15114-1 0  9993
2 32491 051.4922 356.2227 4652294 092.1227 319.6219 06.19675368 72524
0 BREEZE-M DEB
1 32491U 06006AE  11147.82172451  .00087558  00000-0  15278-1 0  9992
2 32491 051.4987 352.5024 4647806 094.9703 317.7866 06.20354856 72762
0 BREEZE-M DEB
1 32491U 06006AE  11148.46628064  .00093319  00000-0  15912-1 0  9996
2 32491 051.4929 351.8877 4648220 095.5214 317.4246 06.20498813 72807
0 BREEZE-M DEB
1 32491U 06006AE  11148.78846606  .00094906  00000-0  15919-1 0  9995
2 32491 051.4793 351.6213 4648699 095.8143 317.1558 06.20568998 72829
0 BREEZE-M DEB
1 32491U 06006AE  11149.59385927  .00131704  00000-0  22527-1 0  9990
2 32491 051.4933 350.8346 4646129 096.2745 316.9154 06.20819998 72875
0 BREEZE-M DEB
1 32491U 06006AE  11150.39881994 +.00131424 +00000-0 +22380-1 0  9991
2 32491 051.4908 350.0516 4645128 096.8787 316.2616 06.21031343072921
0 BREEZE-M DEB
1 32491U 06006AE  11152.81229293  .00125141  00000-0  21618-1 0  9990
2 32491 051.5031 347.7426 4640883 098.5727 314.5579 06.21619250 73073
0 BREEZE-M DEB
1 32491U 06006AE  11152.97326304  .00123070  00000-0  21146-1 0  9993
2 32491 051.5010 347.5769 4640995 098.6469 314.7929 06.21650733 73089
0 BREEZE-M DEB
1 32491U 06006AE  11153.61647510  .00122779  00000-0  21160-1 0  9991
2 32491 051.4955 346.9666 4639893 099.1589 314.4298 06.21808473 73126
0 BREEZE-M DEB
1 32491U 06006AE  11153.93800101  .00124879  00000-0  21389-1 0  9999
2 32491 051.4945 346.6517 4639697 099.3958 314.2526 06.21898978 73144
0 BREEZE-M DEB
1 32491U 06006AE  11154.58091825  .00125933  00000-0  21461-1 0  9999
2 32491 051.4939 346.0364 4638983 099.8276 313.8549 06.22065519 73188
0 BREEZE-M DEB
1 32491U 06006AE  11155.54498279  .00127474  00000-0  21328-1 0  9994
2 32491 051.4885 345.1175 4638501 100.5369 313.2546 06.22315351 73247
0 BREEZE-M DEB
1 32491U 06006AE  11155.70562816  .00125614  00000-0  20987-1 0  9995
2 32491 051.4911 344.9603 4638383 100.7085 313.1187 06.22348257 73257
0 BREEZE-M DEB
1 32491U 06006AE  11157.47200320  .00128153  00000-0  21437-1 0  9992
2 32491 051.4929 343.2556 4635588 102.0649 312.0586 06.22808333 73369
0 BREEZE-M DEB
1 32491U 06006AE  11158.59531265  .00129833  00000-0  21963-1 0  9991
2 32491 051.4857 342.1720 4633215 102.8666 311.2695 06.23106269 73432
0 BREEZE-M DEB
1 32491U 06006AE  11159.55773910  .00131589  00000-0  22271-1 0  9997
2 32491 051.4934 341.2554 4631664 103.4860 310.6533 06.23365352 73492
0 BREEZE-M DEB
1 32491U 06006AE  11159.87847001  .00130350  00000-0  22595-1 0  9999
2 32491 051.4900 340.9220 4629904 103.7170 310.4194 06.23441650 73512
0 BREEZE-M DEB
1 32491U 06006AE  11160.51980717  .00128786  00000-0  22524-1 0  9996
2 32491 051.4732 340.3145 4628485 104.2846 309.9510 06.23599890 73553
0 BREEZE-M DEB
1 32491U 06006AE  11160.84039907  .00123348  00000-0  20653-1 0  9998
2 32491 051.4947 340.0065 4630541 104.4782 309.6564 06.23658290 73574
0 BREEZE-M DEB
1 32491U 06006AE  11161.64181358  .00121277  00000-0  20647-1 0  9997
2 32491 051.4971 339.2245 4628535 105.0254 309.2336 06.23846158 73623
0 BREEZE-M DEB
1 32491U 06006AE  11162.44294366  .00119361  00000-0  19959-1 0  9995
2 32491 051.5076 338.4453 4628455 105.4448 308.7293 06.24029018 73672
0 BREEZE-M DEB
1 32491U 06006AE  11163.56417888  .00116309  00000-0  19655-1 0  9997
2 32491 051.4961 337.3693 4626411 106.2749 308.0546 06.24281138 73746
0 BREEZE-M DEB
1 32491U 06006AE  11163.88445540  .00110875  00000-0  18919-1 0  9992
2 32491 051.4909 337.0646 4625631 106.6346 307.7012 06.24324762 73760
0 BREEZE-M DEB
1 32491U 06006AE  11164.52490884  .00110093  00000-0  18446-1 0  9992
2 32491 051.4892 336.4525 4625821 107.0717 307.3224 06.24463183 73805
0 BREEZE-M DEB
1 32491U 06006AE  11164.84508725  .00106303  00000-0  18043-1 0  9993
2 32491 051.5003 336.1524 4624841 107.5310 306.9583 06.24510670 73820
0 BREEZE-M DEB
1 32491U 06006AE  11165.64534164  .00101377  00000-0  17095-1 0  9990
2 32491 051.4994 335.3606 4624372 108.1172 306.2470 06.24652424 73879
0 BREEZE-M DEB
1 32491U 06006AE  11168.52472933  .00096111  00000-0  16401-1 0  9994
2 32491 051.4952 332.5936 4620531 109.9772 304.0355 06.25191813 74056
0 BREEZE-M DEB
1 32491U 06006AE  11168.84472932  .00095983  00000-0  16230-1 0  9994
2 32491 051.4949 332.2775 4620668 110.2346 304.2884 06.25253323 74079
0 BREEZE-M DEB
1 32491U 06006AE  11169.64402869  .00098064  00000-0  17140-1 0  9999
2 32491 051.4972 331.5031 4617855 110.7655 303.7270 06.25419387 74127
0 BREEZE-M DEB
1 32491U 06006AE  11169.80385775  .00099291  00000-0  16913-1 0  9993
2 32491 051.4969 331.3453 4619049 110.9196 303.6030 06.25457809 74133
0 BREEZE-M DEB
1 32491U 06006AE  11170.60286396 +.00101440 +00000-0 +16995-1 0  9992
2 32491 051.4945 330.5697 4618949 111.5601 302.9232 06.25628153074187
0 BREEZE-M DEB
1 32491U 06006AE  11171.88088320  .00100506  00000-0  16892-1 0  9998
2 32491 051.4942 329.3336 4617265 112.4851 301.9394 06.25883914 74262
0 BREEZE-M DEB
1 32491U 06006AE  11171.88088320 +.00100506 +00000-0 +16892-1 0  9998
2 32491 051.4942 329.3336 4617265 112.4851 301.9394 06.25883914074262
0 BREEZE-M DEB
1 32491U 06006AE  11172.83906065 +.00101008 +00000-0 +17056-1 0  9990
2 32491 051.4935 328.4039 4615857 113.1806 301.2331 06.26079701074320
0 BREEZE-M DEB
1 32491U 06006AE  11173.47766479  .00101623  00000-0  17340-1 0  9993
2 32491 051.4877 327.7941 4614499 113.6871 300.7307 06.26213140 74365
0 BREEZE-M DEB
1 32491U 06006AE  11173.79689160 +.00102923 +00000-0 +17467-1 0  9993
2 32491 051.4915 327.4799 4614367 113.8750 300.4817 06.26286554074382
0 BREEZE-M DEB
1 32491U 06006AE  11174.59486013 +.00104675 +00000-0 +18297-1 0  9992
2 32491 051.4950 326.7062 4611711 114.4468 299.8808 06.26460807074431
0 BREEZE-M DEB
1 32491U 06006AE  11175.39258493  .00108355  00000-0  17607-1 0  9993
2 32491 051.4971 325.9429 4614616 115.2305 299.2110 06.26650121 74483
0 BREEZE-M DEB
1 32491U 06006AE  11175.87102963 +.00110860 +00000-0 +18333-1 0  9997
2 32491 051.4910 325.4795 4612988 115.5314 298.6888 06.26764549074519
0 BREEZE-M DEB
1 32491U 06006AE  11176.66837072 +.00111436 +00000-0 +18539-1 0  9999
2 32491 051.4959 324.6895 4611608 116.0190 298.0719 06.26945156074567
0 BREEZE-M DEB
1 32491U 06006AE  11177.46551703 +.00110082 +00000-0 +18166-1 0  9994
2 32491 051.4954 323.9193 4611061 116.5805 297.4607 06.27115400074613
0 BREEZE-M DEB
1 32491U 06006AE  11177.78432445  .00109045  00000-0  18173-1 0  9995
2 32491 051.4933 323.6095 4610143 116.8221 297.2240 06.27180472 74637
0 BREEZE-M DEB
1 32491U 06006AE  11178.58114078 +.00106640 +00000-0 +17510-1 0  9995
2 32491 051.4915 322.8310 4610025 117.4269 296.4939 06.27340290074683
0 BREEZE-M DEB
1 32491U 06006AE  11182.56202195  .00086307  00000-0  13564-1 0  9998
2 32491 051.4886 318.9736 4608444 120.2044 291.7670 06.28014013 74933
0 BREEZE-M DEB
1 32491U 06006AE  11184.47223854  .00094042  00000-0  15779-1 0  9990
2 32491 051.5012 317.1052 4602729 121.7435 291.6391 06.28370449 75058
0 BREEZE-M DEB
1 32491U 06006AE  11185.26742637  .00092715  00000-0  15530-1 0  9993
2 32491 051.5015 316.3281 4601978 122.3501 290.6218 06.28512010 75107
0 BREEZE-M DEB
1 32491U 06006AE  11185.74452748  .00091388  00000-0  15803-1 0  9995
2 32491 051.4983 315.8426 4599735 122.6551 290.1957 06.28593686 75136
0 BREEZE-M DEB
1 32491U 06006AE  11186.38056835  .00089460  00000-0  15013-1 0  9994
2 32491 051.4970 315.2297 4600766 123.1306 289.6161 06.28700080 75175
0 BREEZE-M DEB
1 32491U 06006AE  11187.33441345 +.00089126 +00000-0 +15166-1 0  9992
2 32491 051.4984 314.3065 4599011 123.8109 288.7717 06.28870209075236
0 BREEZE-M DEB
1 32491U 06006AE  11188.28798115  .00090379  00000-0  15371-1 0  9997
2 32491 051.5012 313.3777 4598038 124.4823 287.8853 06.29043615 75297
0 BREEZE-M DEB
1 32491U 06006AE  11188.76467440  .00088968  00000-0  15180-1 0  9993
2 32491 051.5026 312.9165 4597399 124.8382 287.4321 06.29123560 75329
0 BREEZE-M DEB
1 32491U 06006AE  11189.55901081  .00086602  00000-0  14997-1 0  9993
2 32491 051.5053 312.1231 4595843 125.4452 286.6213 06.29252229 75373
0 BREEZE-M DEB
1 32491U 06006AE  11190.51199788  .00081269  00000-0  13188-1 0  9999
2 32491 051.4996 311.2162 4598680 126.1749 285.5371 06.29384511 75430
0 BREEZE-M DEB
1 32491U 06006AE  11191.30608087  .00080066  00000-0  13738-1 0  9999
2 32491 051.4945 310.4133 4594896 126.7603 284.9353 06.29508972 75480
0 BREEZE-M DEB
1 32491U 06006AE  11191.62362143  .00080855  00000-0  13367-1 0  9998
2 32491 051.4974 310.1214 4596626 127.0524 284.5837 06.29564614 75509
0 BREEZE-M DEB
1 32491U 06006AE  11191.78236630 +.00080902 +00000-0 +13363-1 0  9995
2 32491 051.4961 309.9873 4596523 127.1489 284.3789 06.29590629075519
0 BREEZE-M DEB
1 32491U 06006AE  11193.36967869  .00085705  00000-0  14649-1 0  9990
2 32491 051.4940 308.4284 4592938 128.2083 282.9640 06.29877279 75614
0 BREEZE-M DEB
1 32491U 06006AE  11193.68702549 +.00086246 +00000-0 +14824-1 0  9993
2 32491 051.4962 308.1011 4592284 128.4440 282.6179 06.29935412075636
0 BREEZE-M DEB
1 32491U 06006AE  11194.32165577  .00086875  00000-0  14982-1 0  9992
2 32491 051.4983 307.4791 4591428 128.9205 281.9413 06.30047821 75676
0 BREEZE-M DEB
1 32491U 06006AE  11195.27339404 +.00087009 +00000-0 +14991-1 0  9999
2 32491 051.4977 306.5493 4590487 129.6233 280.9313 06.30214229075734
0 BREEZE-M DEB
1 32491U 06006AE  11195.74917017  .00086749  00000-0  15015-1 0  9991
2 32491 051.4987 306.0809 4589743 129.9578 280.4269 06.30295584 75760
0 BREEZE-M DEB
1 32491U 06006AE  11196.38345137 +.00086536 +00000-0 +14937-1 0  9996
2 32491 051.5008 305.4595 4589248 130.4139 279.7739 06.30404450075802
0 BREEZE-M DEB
1 32491U 06006AE  11196.70055499  .00086234  00000-0  14908-1 0  9994
2 32491 051.5016 305.1464 4588844 130.6239 279.4557 06.30457373 75826
0 BREEZE-M DEB
1 32491U 06006AE  11197.49318502  .00084817  00000-0  14614-1 0  9997
2 32491 051.5000 304.3717 4588253 131.2583 278.6060 06.30588157 75874
0 BREEZE-M DEB
1 32491U 06006AE  11197.65167335 +.00084910 +00000-0 +14590-1 0  9998
2 32491 051.5014 304.2132 4588245 131.3837 278.3998 06.30615510075885
0 BREEZE-M DEB
1 32491U 06006AE  11199.23632119  .00084804  00000-0  14607-1 0  9992
2 32491 051.4994 302.6637 4586519 132.5460 276.6569 06.30884367 75984
0 BREEZE-M DEB
1 32491U 06006AE  11199.71158763 +.00084494 +00000-0 +14577-1 0  9994
2 32491 051.5004 302.1963 4585969 132.8945 276.1358 06.30963390076013
0 BREEZE-M DEB
1 32491U 06006AE  11200.34517896  .00084393  00000-0  14547-1 0  9997
2 32491 051.5024 301.5740 4585393 133.3347 275.4467 06.31070109 76059
0 BREEZE-M DEB
1 32491U 06006AE  11200.66194730 +.00084198 +00000-0 +14514-1 0  9997
2 32491 051.5025 301.2636 4585084 133.5608 275.1263 06.31122670076074
0 BREEZE-M DEB
1 32491U 06006AE  11204.61905734  .00092959  00000-0  16177-1 0  9991
2 32491 051.5023 297.3816 4580236 136.5423 271.1564 06.31866567 76327
0 BREEZE-M DEB
1 32491U 06006AE  11207.62281408  .00074348  00000-0  12968-1 0  9996
2 32491 051.4998 294.4336 4577720 138.7519 265.8907 06.32278017 76516
0 BREEZE-M DEB
1 32491U 06006AE  11211.57321181  .00068383  00000-0  11961-1 0  9992
2 32491 051.5125 290.5397 4574372 141.6758 261.3817 06.32801199 76762
0 BREEZE-M DEB
1 32491U 06006AE  11212.67891150  .00067605  00000-0  12328-1 0  9996
2 32491 051.4974 289.4608 4571144 142.8370 260.4244 06.32947404 76834
0 BREEZE-M DEB
1 32491U 06006AE  11213.31025673  .00074894  00000-0  13692-1 0  9990
2 32491 051.4975 288.8415 4570403 142.7256 259.3208 06.33048208 76879
0 BREEZE-M DEB
1 32491U 06006AE  11213.62634614  .00076825  00000-0  13707-1 0  9998
2 32491 051.4897 288.5443 4571479 143.0611 259.6797 06.33100622 76890
0 BREEZE-M DEB
1 32491U 06006AE  11214.09984671  .00076227  00000-0  13428-1 0  9997
2 32491 051.4982 288.0694 4571790 143.5446 258.8796 06.33171535 76920
0 BREEZE-M DEB
1 32491U 06006AE  11217.57084868  .00061882  00000-0  11093-1 0  9999
2 32491 051.4976 284.6502 4568394 146.1193 253.4265 06.33602587 77140
0 BREEZE-M DEB
1 32491U 06006AE  11223.08871070  .00063145  00000-0  11086-1 0  9997
2 32491 051.4900 279.2665 4565409 150.1961 246.3111 06.34298459 77498
0 BREEZE-M DEB
1 32491U 06006AE  11226.39625506  .00626853  00000-0  10684+0 0  9997
2 32491 051.4766 276.0044 4552185 152.7593 244.6370 06.36830364 77701
0 BREEZE-M DEB
1 32491U 06006AE  11243.37117853  .00041481  00000-0  73455-2 0  9991
2 32491 051.4836 259.1735 4552867 165.4820 209.7760 06.36363241 78788
0 BREEZE-M DEB
1 32491U 06006AE  11243.37657453  .00622332  00000-0  15232+0 0  9992
2 32491 051.3231 259.2678 4406974 163.1962 218.1877 06.57939948 78804
0 BREEZE-M DEB
1 32491U 06006AE  11266.26417612  .00056032  00000-0  96597-2 0  9990
2 32491 051.4918 236.3865 4537808 182.7037 221.1841 06.39172244 80235
0 BREEZE-M DEB
1 32491U 06006AE  11276.24014858 +.00083554 +00000-0 +15152-1 0  9990
2 32491 051.4741 226.4166 4523832 190.0850 173.9212 06.41051968080878
0 BREEZE-M DEB
1 32491U 06006AE  11277.16774314  .00085208  00000-0  15387-1 0  9990
2 32491 051.4852 225.4759 4523133 190.7820 154.8884 06.41212477 80930
0 BREEZE-M DEB
1 32491U 06006AE  11281.21737072  .00091294  00000-0  16721-1 0  9996
2 32491 051.4777 221.4202 4517977 193.8035 148.3358 06.41952080 81190
0 BREEZE-M DEB
1 32491U 06006AE  11282.15107748  .00086541  00000-0  15869-1 0  9992
2 32491 051.4856 220.4709 4517087 194.5014 146.3778 06.42094440 81255
0 BREEZE-M DEB
1 32491U 06006AE  11287.12787854  .00091897  00000-0  15137-1 0  9994
2 32491 051.4556 215.4986 4517779 198.3357 138.9666 06.43024536 81571
0 BREEZE-M DEB
1 32491U 06006AE  11289.14713802  .00099179  00000-0  17142-1 0  9999
2 32491 051.4769 213.4375 4512596 199.8892 134.8931 06.43442273 81706
0 BREEZE-M DEB
1 32491U 06006AE  11290.07874027  .00107646  00000-0  18794-1 0  9993
2 32491 051.4798 212.4981 4510746 200.5661 133.2390 06.43657044 81761
0 BREEZE-M DEB
1 32491U 06006AE  11291.16532445  .00108126  00000-0  17262-1 0  9992
2 32491 051.4622 211.4191 4514434 201.5332 131.4751 06.43893993 81837
0 BREEZE-M DEB
1 32491U 06006AE  11292.09622853  .00109490  00000-0  19511-1 0  9992
2 32491 051.4737 210.4678 4506974 202.0598 129.7330 06.44100704 81894
0 BREEZE-M DEB
1 32491U 06006AE  11294.11264979  .00110572  00000-0  19574-1 0  9990
2 32491 051.4638 208.4401 4504753 203.5871 126.9628 06.44545974 82025
0 BREEZE-M DEB
1 32491U 06006AE  11296.12752645  .00114406  00000-0  19800-1 0  9997
2 32491 051.4666 206.3964 4503323 205.1949 123.9149 06.45012917 82159
0 BREEZE-M DEB
1 32491U 06006AE  11297.05687003  .00115746  00000-0  19535-1 0  9998
2 32491 051.4642 205.4594 4503486 205.9101 122.2777 06.45230898 82216
0 BREEZE-M DEB
1 32491U 06006AE  11301.08091714  .00135427  00000-0  23041-1 0  9990
2 32491 051.4822 201.3654 4496528 208.9302 117.6992 06.46339497 82473
0 BREEZE-M DEB
1 32491U 06006AE  11310.95578547  .00106246  00000-0  18959-1 0  9999
2 32491 051.4655 191.3360 4482107 216.4413 089.4423 06.48352559 83117
0 BREEZE-M DEB
1 32491U 06006AE  11316.96745158  .00121542  00000-0  23109-1 0  9999
2 32491 051.4285 185.2207 4469181 220.9788 099.3814 06.49923803 83504
0 BREEZE-M DEB
1 32491U 06006AE  11318.96408162  .00137958  00000-0  22656-1 0  9996
2 32491 051.4785 183.1178 4474119 222.6752 093.3554 06.50537301 83635
0 BREEZE-M DEB
1 32491U 06006AE  11325.86746551  .00136278  00000-0  21114-1 0  9992
2 32491 051.4607 176.0417 4466759 228.2145 083.0141 06.52374450 84088
0 BREEZE-M DEB
1 32491U 06006AE  11332.90550516  .00128731  00000-0  17224-1 0  9991
2 32491 051.3832 168.7993 4464875 233.7120 073.3236 06.54102492 84540
0 BREEZE-M DEB
1 32491U 06006AE  11334.89264629  .00131920  00000-0  24997-1 0  9997
2 32491 051.4646 166.7119 4442213 234.7973 074.3048 06.54587156 84671
0 BREEZE-M DEB
1 32491U 06006AE  11340.84146479  .00146143  00000-0  21940-1 0  9999
2 32491 051.5296 160.5239 4445637 239.7504 071.4633 06.56323447 85061
0 BREEZE-M DEB
1 32491U 06006AE  12101.69427495  .00303281  00000-0  27039-1 0  9991
2 32491 051.4927 022.8364 4183330 343.4106 113.8794 07.07320362 93327
0 BREEZE-M DEB
1 32491U 06006AE  12114.72418294  .00280559  00000-0  23450-1 0  9991
2 32491 051.4792 007.4772 4149619 354.8562 317.8129 07.13954679 94244
0 BREEZE-M DEB
1 32491U 06006AE  12151.56119961  .00109024  00000-0  11572-1 0  9992
2 32491 051.4834 323.0855 4061233 028.6185 246.9870 07.27489981 96872
0 BREEZE-M DEB
1 32491U 06006AE  12152.56195733  .00112672  00000-0  12301-1 0  9998
2 32491 051.4829 321.8666 4058290 029.6328 348.3586 07.27725311 96951
0 BREEZE-M DEB
1 32491U 06006AE  12153.52354431  .00115319  00000-0  12479-1 0  9994
2 32491 051.4817 320.6925 4057509 030.5418 347.9626 07.27956320 97021
0 BREEZE-M DEB
1 32491U 06006AE  12153.66086825  .00117273  00000-0  12582-1 0  9994
2 32491 051.4826 320.5213 4057785 030.6107 347.8796 07.27994991 97036
0 BREEZE-M DEB
1 32491U 06006AE  12154.62211853  .00117521  00000-0  12547-1 0  9999
2 32491 051.4837 319.3486 4056813 031.4422 347.5105 07.28219319 97100
0 BREEZE-M DEB
1 32491U 06006AE  12163.39683906  .00103241  00000-0  11249-1 0  9997
2 32491 051.4707 308.5799 4043851 039.5583 346.4436 07.30339934 97742
0 BREEZE-M DEB
1 32491U 06006AE  12164.21720474  .00109247  00000-0  11902-1 0  9999
2 32491 051.4596 307.5518 4042775 040.2493 343.7163 07.30531458 97808
0 BREEZE-M DEB
1 32491U 06006AE  12165.58554611  .00118636  00000-0  12792-1 0  9998
2 32491 051.4667 305.8835 4041349 041.4468 343.4588 07.30891598 97904
0 BREEZE-M DEB
1 32491U 06006AE  12166.54284256  .00125439  00000-0  13808-1 0  9998
2 32491 051.4656 304.7134 4038696 042.3596 342.7687 07.31149214 97976
0 BREEZE-M DEB
1 32491U 06006AE  12169.41311363  .00093790  00000-0  10397-1 0  9991
2 32491 051.4665 301.1741 4035645 045.1413 339.8728 07.31635739 98180
0 BREEZE-M DEB
1 32491U 06006AE  12172.41898684  .00118925  00000-0  13273-1 0  9995
2 32491 051.4738 297.4797 4030814 047.9147 341.6665 07.32421874 98406
0 BREEZE-M DEB
1 32491U 06006AE  12176.51094688  .00073086  00000-0  83073-2 0  9996
2 32491 051.4700 292.4218 4027293 051.5497 333.4530 07.32880923 98701
0 BREEZE-M DEB
1 32491U 06006AE  12177.33125606  .00056659  00000-0  62331-2 0  9993
2 32491 051.4541 291.3926 4029126 052.5328 337.5668 07.32905495 98764
0 BREEZE-M DEB
1 32491U 06006AE  12178.69539759  .00056616  00000-0  62331-2 0  9994
2 32491 051.4541 289.7072 4028219 053.8042 337.1797 07.33060377 98868
0 BREEZE-M DEB
1 32491U 06006AE  12179.37731182  .00059408  00000-0  64590-2 0  9995
2 32491 051.4512 288.8586 4028417 054.4546 336.9437 07.33154396 98911
0 BREEZE-M DEB
1 32491U 06006AE  12179.51364910  .00059368  00000-0  64700-2 0  9990
2 32491 051.4526 288.6891 4028192 054.5174 336.8145 07.33170180 98926
0 BREEZE-M DEB
1 32491U 06006AE  12180.33181411  .00063621  00000-0  71667-2 0  9992
2 32491 051.4614 287.7031 4025594 055.3021 336.4717 07.33286526 98982
0 BREEZE-M DEB
1 32491U 06006AE  12180.46813643 +.00063713 +00000-0 +72041-2 0  9994
2 32491 051.4603 287.5329 4025274 055.4063 336.3529 07.33304063098998
0 BREEZE-M DEB
1 32491U 06006AE  12181.28614451 +.00063798 +00000-0 +72194-2 0  9993
2 32491 051.4598 286.5214 4024646 056.1708 335.9613 07.33408477099050
0 BREEZE-M DEB
1 32491U 06006AE  12182.37663801  .00062715  00000-0  71252-2 0  9999
2 32491 051.4554 285.1656 4023665 057.1797 335.4218 07.33543084 99135
0 BREEZE-M DEB
1 32491U 06006AE  12183.33064963  .00066695  00000-0  75784-2 0  9995
2 32491 051.4599 283.9929 4022847 058.0992 335.0780 07.33686345 99207
0 BREEZE-M DEB
1 32491U 06006AE  12183.46687328 +.00066690 +00000-0 +75784-2 0  9990
2 32491 051.4599 283.8244 4022741 058.2262 334.8860 07.33704528099212
0 BREEZE-M DEB
1 32491U 06006AE  12185.37430850  .00088395  00000-0  11427-1 0  9997
2 32491 051.4887 281.5014 4012739 059.0039 335.0414 07.34097151 99350
0 BREEZE-M DEB
1 32491U 06006AE  12186.59959255 +.00091773 +00000-0 +10609-1 0  9992
2 32491 051.4557 279.9375 4018167 061.0672 333.3546 07.34331513099442
0 BREEZE-M DEB
1 32491U 06006AE  12187.28029236  .00090388  00000-0  10428-1 0  9996
2 32491 051.4541 279.0897 4017638 061.7198 332.9640 07.34448269 99499
0 BREEZE-M DEB
1 32491U 06006AE  12187.55255479 +.00089190 +00000-0 +10258-1 0  9996
2 32491 051.4500 278.7490 4017583 061.9841 332.8324 07.34491480099519
0 BREEZE-M DEB
1 32491U 06006AE  12188.36921395  .00088527  00000-0  10057-1 0  9993
2 32491 051.4473 277.7351 4017533 062.7679 332.4023 07.34632298 99578
0 BREEZE-M DEB
1 32491U 06006AE  12188.36921395 +.00088527 +00000-0 +10057-1 0  9993
2 32491 051.4473 277.7351 4017533 062.7679 332.4023 07.34632298099578
0 BREEZE-M DEB
1 32491U 06006AE  12189.32178174  .00089154  00000-0  10324-1 0  9993
2 32491 051.4434 276.5560 4015436 063.6721 331.9400 07.34804430 99642
0 BREEZE-M DEB
1 32491U 06006AE  12190.27410461  .00091343  00000-0  10491-1 0  9995
2 32491 051.4417 275.3788 4014899 064.5785 331.4744 07.34987827 99710
0 BREEZE-M DEB
1 32491U 06006AE  12190.54612674  .00093031  00000-0  10644-1 0  9991
2 32491 051.4408 275.0391 4014809 064.8199 331.2746 07.35044058 99733
0 BREEZE-M DEB
1 32491U 06006AE  12191.22615906 +.00093059 +00000-0 +10635-1 0  9998
2 32491 051.4407 274.1953 4014176 065.4545 330.9011 07.35169914099780
0 BREEZE-M DEB
1 32491U 06006AE  12192.31397272  .00099398  00000-0  11775-1 0  9990
2 32491 051.4410 272.8452 4010675 066.3401 330.5673 07.35411074 99860
0 BREEZE-M DEB
1 32491U 06006AE  12192.44984865 +.00099386 +00000-0 +11775-1 0  9991
2 32491 051.4410 272.6765 4010517 066.4674 330.3027 07.35438064099873
0 BREEZE-M DEB
1 32491U 06006AE  12195.57526198  .00105078  00000-0  12416-1 0  9998
2 32491 051.4359 268.7851 4006376 069.6832 330.0142 07.36208134100104
0 BREEZE-M DEB
1 32491U 06006AE  12199.37503233  .00141435  00000-0  16287-1 0  9992
2 32491 051.4396 264.0623 4003081 073.1371 325.4698 07.37063227100386
0 BREEZE-M DEB
1 32491U 06006AE  12205.33674975  .00055413  00000-0  65646-2 0  9992
2 32491 051.4434 256.6510 3997735 078.6460 312.2711 07.37759050100822
0 BREEZE-M DEB
1 32491U 06006AE  12206.15371316 +.00055461 +00000-0 +65748-2 0  9992
2 32491 051.4433 255.6342 3997188 079.4159 322.2035 07.37849707100884
0 BREEZE-M DEB
1 32491U 06006AE  12206.56019028  .00055911  00000-0  66198-2 0  9996
2 32491 051.4432 255.1235 3997004 079.7932 321.9511 07.37896149100919
0 BREEZE-M DEB
1 32491U 06006AE  12207.37306582  .00059953  00000-0  70056-2 0  9998
2 32491 051.4428 254.0749 3997167 080.4631 321.5505 07.38006140100977
0 BREEZE-M DEB
1 32491U 06006AE  12208.18579618  .00061910  00000-0  73113-2 0  9993
2 32491 051.4388 253.0811 3995933 081.3479 320.9440 07.38112475101038
0 BREEZE-M DEB
1 32491U 06006AE  12208.32122010 +.00061821 +00000-0 +73068-2 0  9999
2 32491 051.4396 252.9118 3995794 081.4786 320.7945 07.38128699101046
0 BREEZE-M DEB
1 32491U 06006AE  12209.13383034  .00061499  00000-0  72650-2 0  9991
2 32491 051.4397 251.8969 3995280 082.2332 320.2545 07.38226807101103
0 BREEZE-M DEB
1 32491U 06006AE  12210.35254461  .00058605  00000-0  70572-2 0  9994
2 32491 051.4404 250.3882 3993389 083.4349 319.3575 07.38360737101191
0 BREEZE-M DEB
1 32491U 06006AE  12211.30029928  .00059328  00000-0  70427-2 0  9990
2 32491 051.4300 249.1808 3993613 084.3676 318.7748 07.38475272101267
0 BREEZE-M DEB
1 32491U 06006AE  12214.27791251  .00090261  00000-0  10907-1 0  9991
2 32491 051.4432 245.4571 3989198 087.0878 318.2762 07.39058949101480
0 BREEZE-M DEB
1 32491U 06006AE  12215.08887836  .00089497  00000-0  10639-1 0  9997
2 32491 051.4394 244.4296 3989408 087.7186 316.1834 07.39199422101549
0 BREEZE-M DEB
1 32491U 06006AE  12215.35939110  .00087435  00000-0  10363-1 0  9994
2 32491 051.4339 244.1142 3989383 088.1193 315.9706 07.39238124101560
0 BREEZE-M DEB
1 32491U 06006AE  12216.17073765  .00086354  00000-0  10288-1 0  9995
2 32491 051.4352 243.1002 3988307 088.8673 315.3741 07.39375108101628
0 BREEZE-M DEB
1 32491U 06006AE  12216.44116038  .00083951  00000-0  10047-1 0  9999
2 32491 051.4365 242.7528 3987838 089.1288 315.1699 07.39412217101649
0 BREEZE-M DEB
1 32491U 06006AE  12217.11714196  .00085532  00000-0  10431-1 0  9997
2 32491 051.4402 241.9124 3986016 089.8315 314.6905 07.39532859101693
0 BREEZE-M DEB
1 32491U 06006AE  12217.25230076 +.00086208 +00000-0 +10411-1 0  9991
2 32491 051.4375 241.7426 3986461 089.9213 314.5605 07.39559506101703
0 BREEZE-M DEB
1 32491U 06006AE  12218.33358987  .00091066  00000-0  11154-1 0  9996
2 32491 051.4451 240.3948 3984413 090.7703 313.9459 07.39771214101781
0 BREEZE-M DEB
1 32491U 06006AE  12219.27942931  .00092291  00000-0  11335-1 0  9990
2 32491 051.4484 239.2053 3983264 091.7571 313.1484 07.39947654101859
0 BREEZE-M DEB
1 32491U 06006AE  12219.41451570 +.00092126 +00000-0 +11349-1 0  9992
2 32491 051.4491 239.0327 3982945 091.8524 313.0088 07.39971547101861
0 BREEZE-M DEB
1 32491U 06006AE  12220.08997242  .00091921  00000-0  11256-1 0  9997
2 32491 051.4466 238.1945 3982634 092.4682 312.5048 07.40093903101915
0 BREEZE-M DEB
1 32491U 06006AE  12220.22505878 +.00091924 +00000-0 +11257-1 0  9997
2 32491 051.4456 238.0264 3982493 092.5993 312.4243 07.40118575101926
0 BREEZE-M DEB
1 32491U 06006AE  12221.30550786  .00095459  00000-0  11981-1 0  9996
2 32491 051.4531 236.6789 3979776 093.4406 311.7287 07.40334193102001
0 BREEZE-M DEB
1 32491U 06006AE  12222.11562628  .00097175  00000-0  11846-1 0  9991
2 32491 051.4450 235.6603 3980651 094.3597 311.0521 07.40496641102067
0 BREEZE-M DEB
1 32491U 06006AE  12223.06051156  .00100179  00000-0  12114-1 0  9993
2 32491 051.4373 234.4664 3980020 095.3531 310.2697 07.40697105102135
0 BREEZE-M DEB
1 32491U 06006AE  12223.19543187 +.00100135 +00000-0 +12118-1 0  9993
2 32491 051.4377 234.2967 3979829 095.4864 310.0377 07.40723604102146
0 BREEZE-M DEB
1 32491U 06006AE  12224.14004681  .00098185  00000-0  11485-1 0  9997
2 32491 051.4289 233.1015 3980908 096.3726 309.2160 07.40899715102212
0 BREEZE-M DEB
1 32491U 06006AE  12224.40993057  .00095698  00000-0  11453-1 0  9991
2 32491 051.4356 232.7665 3979324 096.6744 308.9870 07.40937139102235
0 BREEZE-M DEB
1 32491U 06006AE  12226.43325370  .00080241  00000-0  93971-2 0  9997
2 32491 051.4269 230.2269 3979131 098.6649 306.7117 07.41215397102385
0 BREEZE-M DEB
1 32491U 06006AE  12227.24263518  .00079260  00000-0  96601-2 0  9994
2 32491 051.4358 229.2112 3976010 099.3173 306.6934 07.41342323102445
0 BREEZE-M DEB
1 32491U 06006AE  12229.39976666  .00076123  00000-0  95100-2 0  9995
2 32491 051.4486 226.4826 3972736 101.2640 304.9576 07.41660821102608
0 BREEZE-M DEB
1 32491U 06006AE  12230.07365188  .00073850  00000-0  88995-2 0  9991
2 32491 051.4303 225.6538 3974438 101.9055 304.2900 07.41751853102650
0 BREEZE-M DEB
1 32491U 06006AE  12231.15173409  .00069717  00000-0  83054-2 0  9992
2 32491 051.4312 224.2884 3974400 103.0651 303.2470 07.41886676102735
0 BREEZE-M DEB
1 32491U 06006AE  12232.09489009  .00069057  00000-0  83429-2 0  9995
2 32491 051.4340 223.1106 3972844 103.8833 302.4580 07.42013885102807
0 BREEZE-M DEB
1 32491U 06006AE  12232.36434749  .00067144  00000-0  80687-2 0  9994
2 32491 051.4323 222.7649 3973009 104.1521 302.2388 07.42043517102828
0 BREEZE-M DEB
1 32491U 06006AE  12233.17259598  .00068267  00000-0  82950-2 0  9993
2 32491 051.4337 221.7419 3971699 104.8934 301.5498 07.42157406102888
0 BREEZE-M DEB
1 32491U 06006AE  12235.32728584  .00069703  00000-0  85840-2 0  9995
2 32491 051.4372 219.0219 3969184 106.9602 299.5798 07.42461429103047
0 BREEZE-M DEB
1 32491U 06006AE  12237.21186094  .00067011  00000-0  82314-2 0  9992
2 32491 051.4452 216.6422 3967992 108.8095 297.5631 07.42705681103187
0 BREEZE-M DEB
1 32491U 06006AE  12237.34647661 +.00067043 +00000-0 +81826-2 0  9990
2 32491 051.4442 216.4733 3968282 108.9347 297.4976 07.42724150103197
0 BREEZE-M DEB
1 32491U 06006AE  12238.15395949  .00067292  00000-0  82311-2 0  9995
2 32491 051.4415 215.4599 3967537 109.7509 296.6928 07.42833676103256
0 BREEZE-M DEB
1 32491U 06006AE  12239.09585207  .00076270  00000-0  93121-2 0  9994
2 32491 051.4375 214.2774 3966649 110.5307 295.9759 07.43008929103320
0 BREEZE-M DEB
1 32491U 06006AE  12239.36486768 +.00076256 +00000-0 +93121-2 0  9990
2 32491 051.4375 213.9382 3966410 110.7869 295.5674 07.43049974103341
0 BREEZE-M DEB
1 32491U 06006AE  12240.17197756  .00076840  00000-0  94190-2 0  9993
2 32491 051.4358 212.9245 3965476 111.5518 294.7657 07.43176079103406
0 BREEZE-M DEB
1 32491U 06006AE  12240.30647627  .00077320  00000-0  95907-2 0  9996
2 32491 051.4421 212.7495 3964616 111.7246 294.6119 07.43199813103411
0 BREEZE-M DEB
1 32491U 06006AE  12241.11339758  .00080900  00000-0  10080-1 0  9995
2 32491 051.4433 211.7308 3963538 112.5407 293.7604 07.43341537103473
0 BREEZE-M DEB
1 32491U 06006AE  12242.99562733  .00082330  00000-0  10250-1 0  9991
2 32491 051.4372 209.3645 3961858 114.2201 291.7676 07.43652599103612
0 BREEZE-M DEB
1 32491U 06006AE  12243.26447517  .00081038  00000-0  10075-1 0  9993
2 32491 051.4409 209.0198 3961746 114.5533 291.4663 07.43689021103635
0 BREEZE-M DEB
1 32491U 06006AE  12244.07086399 +.00080633 +00000-0 +99352-2 0  9996
2 32491 051.4394 208.0029 3961588 115.3206 290.5734 07.43816793103693
0 BREEZE-M DEB
1 32491U 06006AE  12245.14584272  .00079172  00000-0  97183-2 0  9994
2 32491 051.4361 206.6489 3960913 116.3032 289.3998 07.43980807103775
0 BREEZE-M DEB
1 32491U 06006AE  12245.28022613  .00080184  00000-0  99037-2 0  9990
2 32491 051.4404 206.4748 3960374 116.4893 289.3406 07.44008831103780
0 BREEZE-M DEB
1 32491U 06006AE  12246.08623384  .00081465  00000-0  97580-2 0  9995
2 32491 051.4306 205.4643 3961497 117.1278 288.4351 07.44143910103840
0 BREEZE-M DEB
1 32491U 06006AE  12247.29504962  .00104476  00000-0  13147-1 0  9993
2 32491 051.4454 203.9279 3956560 118.4047 287.8021 07.44477295103938
0 BREEZE-M DEB
1 32491U 06006AE  12249.03976247 +.00155314 +00000-0 +19052-1 0  9994
2 32491 051.4461 201.7088 3954429 120.0131 286.2766 07.45123336104064
0 BREEZE-M DEB
1 32491U 06006AE  12250.11224183  .00153545  00000-0  19392-1 0  9991
2 32491 051.4525 200.3433 3950866 121.0823 283.7044 07.45441111104148
0 BREEZE-M DEB
1 32491U 06006AE  12250.24632915  .00152500  00000-0  19188-1 0  9994
2 32491 051.4472 200.1732 3950915 121.1665 283.5320 07.45474738104156
0 BREEZE-M DEB
1 32491U 06006AE  12251.05072168  .00144117  00000-0  16102-1 0  9990
2 32491 051.4240 199.1972 3957016 121.5886 282.6569 07.45683688104218
0 BREEZE-M DEB
1 32491U 06006AE  12253.19472970  .00126047  00000-0  15688-1 0  9992
2 32491 051.4453 196.4534 3947761 124.0505 279.6558 07.46174867104376
0 BREEZE-M DEB
1 32491U 06006AE  12254.26629860  .00117856  00000-0  13684-1 0  9995
2 32491 051.4271 195.1103 3950772 124.7021 278.6696 07.46402357104457
0 BREEZE-M DEB
1 32491U 06006AE  12255.20372652  .00113209  00000-0  12654-1 0  9998
2 32491 051.4211 193.9182 3952031 125.2858 277.9315 07.46590856104528
0 BREEZE-M DEB
1 32491U 06006AE  12257.21147012  .00087183  00000-0  10844-1 0  9991
2 32491 051.4420 191.3555 3943929 127.9608 274.8040 07.46889659104673
0 BREEZE-M DEB
1 32491U 06006AE  12257.88052126 +.00087573 +00000-0 +10711-1 0  9991
2 32491 051.4448 190.5067 3944307 128.4982 273.9405 07.47008406104729
0 BREEZE-M DEB
1 32491U 06006AE  12258.14815544  .00087517  00000-0  10675-1 0  9999
2 32491 051.4445 190.1669 3944216 128.7500 273.6908 07.47054549104744
0 BREEZE-M DEB
1 32491U 06006AE  12259.88710578  .00087667  00000-0  10768-1 0  9991
2 32491 051.4440 187.9530 3942107 130.3915 271.3742 07.47357745104875
0 BREEZE-M DEB
1 32491U 06006AE  12260.15458319 +.00087885 +00000-0 +10778-1 0  9998
2 32491 051.4408 187.6166 3941936 130.6505 271.0449 07.47405718104895
0 BREEZE-M DEB
1 32491U 06006AE  12260.95687407  .00088447  00000-0  10844-1 0  9997
2 32491 051.4407 186.5967 3941156 131.4114 269.9507 07.47548679104952
0 BREEZE-M DEB
1 32491U 06006AE  12261.22427146 +.00088430 +00000-0 +10844-1 0  9992
2 32491 051.4407 186.2563 3940882 131.6684 269.5867 07.47595964104976
0 BREEZE-M DEB
1 32491U 06006AE  12262.16001901  .00089014  00000-0  10942-1 0  9991
2 32491 051.4465 185.0630 3939801 132.5706 268.3014 07.47764313105042
0 BREEZE-M DEB
1 32491U 06006AE  12262.96190742 +.00089441 +00000-0 +11002-1 0  9993
2 32491 051.4456 184.0452 3938954 133.3303 267.1607 07.47908442105108
0 BREEZE-M DEB
1 32491U 06006AE  12264.96595635  .00098098  00000-0  12830-1 0  9993
2 32491 051.4469 181.5039 3932799 135.2341 264.6521 07.48325438105251
0 BREEZE-M DEB
1 32491U 06006AE  12266.83518530  .00111327  00000-0  13904-1 0  9994
2 32491 051.4484 179.1066 3933144 137.2260 261.8831 07.48776291105393
0 BREEZE-M DEB
1 32491U 06006AE  12267.10190062  .00114863  00000-0  14320-1 0  9992
2 32491 051.4402 178.7733 3932776 137.2581 261.1207 07.48861549105419
0 BREEZE-M DEB
1 32491U 06006AE  12268.03603213  .00114819  00000-0  13926-1 0  9994
2 32491 051.4444 177.5817 3933287 138.1967 259.7983 07.49076274105486
0 BREEZE-M DEB
1 32491U 06006AE  12269.10322550  .00117081  00000-0  14085-1 0  9996
2 32491 051.4422 176.2184 3932378 139.0976 258.2283 07.49330632105562
0 BREEZE-M DEB
1 32491U 06006AE  12270.17010177 +.00126949 +00000-0 +16108-1 0  9995
2 32491 051.4584 174.8308 3927451 140.4198 256.7024 07.49618591105649
0 BREEZE-M DEB
1 32491U 06006AE  12271.90261080  .00137220  00000-0  16873-1 0  9991
2 32491 051.4487 172.6326 3926588 141.9945 253.8787 07.50123195105774
0 BREEZE-M DEB
1 32491U 06006AE  12273.10135184  .00148519  00000-0  17513-1 0  9995
2 32491 051.4531 171.0998 3926922 142.4757 252.4226 07.50524713105865
0 BREEZE-M DEB
1 32491U 06006AE  12273.90035132  .00153109  00000-0  18602-1 0  9996
2 32491 051.4527 170.0712 3923638 143.9221 251.3511 07.50783714105926
0 BREEZE-M DEB
1 32491U 06006AE  12275.09773800  .00152415  00000-0  18527-1 0  9994
2 32491 051.4486 168.5385 3921618 145.0060 248.4600 07.51143000106014
0 BREEZE-M DEB
1 32491U 06006AE  12277.09270200  .00176334  00000-0  21775-1 0  9997
2 32491 051.4679 165.9676 3916483 147.3288 245.7341 07.51884391106166
0 BREEZE-M DEB
1 32491U 06006AE  12277.88961205  .00171540  00000-0  21234-1 0  9990
2 32491 051.4781 164.9379 3915003 148.3499 242.8670 07.52126631106228
0 BREEZE-M DEB
1 32491U 06006AE  12280.01448712  .00126837  00000-0  14698-1 0  9997
2 32491 051.4665 162.2327 3916672 150.1607 237.8662 07.52578611106389
0 BREEZE-M DEB
1 32491U 06006AE  12280.94450600  .00118806  00000-0  14357-1 0  9997
2 32491 051.4507 161.0309 3912999 150.6567 238.0133 07.52779505106458
0 BREEZE-M DEB
1 32491U 06006AE  12281.07749362 +.00118937 +00000-0 +14417-1 0  9990
2 32491 051.4504 160.8607 3912629 150.7813 238.4215 07.52811567106469
0 BREEZE-M DEB
1 32491U 06006AE  12282.00660072  .00120118  00000-0  14467-1 0  9993
2 32491 051.4505 159.6664 3911775 151.6853 236.8030 07.53037212106537
0 BREEZE-M DEB
1 32491U 06006AE  12282.93541491  .00122605  00000-0  14729-1 0  9992
2 32491 051.4558 158.4651 3910641 152.6682 235.1264 07.53269542106602
0 BREEZE-M DEB
1 32491U 06006AE  12283.06802635 +.00122964 +00000-0 +14768-1 0  9998
2 32491 051.4538 158.2977 3910471 152.7708 234.7610 07.53303416106610
0 BREEZE-M DEB
1 32491U 06006AE  12283.99652197  .00136052  00000-0  16456-1 0  9995
2 32491 051.4742 157.0781 3908352 153.4534 233.5392 07.53601992106688
0 BREEZE-M DEB
1 32491U 06006AE  12285.98490964  .00147728  00000-0  18166-1 0  9990
2 32491 051.4441 154.5472 3903918 155.4505 230.2386 07.54212835106835
0 BREEZE-M DEB
1 32491U 06006AE  12287.04450307  .00133866  00000-0  16744-1 0  9994
2 32491 051.4547 153.1839 3901508 156.6675 227.5152 07.54461236106918
0 BREEZE-M DEB
1 32491U 06006AE  12287.83909239  .00133998  00000-0  17062-1 0  9994
2 32491 051.4565 152.1577 3899217 157.3836 225.9917 07.54672870106971
0 BREEZE-M DEB
1 32491U 06006AE  12287.97153563  .00133965  00000-0  16411-1 0  9991
2 32491 051.4527 151.9810 3901422 157.3287 225.9454 07.54712427106988
0 BREEZE-M DEB
1 32491U 06006AE  12289.95706436  .00154343  00000-0  17731-1 0  9993
2 32491 051.4482 149.4067 3901658 159.2823 223.2410 07.55380853107138
0 BREEZE-M DEB
1 32491U 06006AE  12290.88263212  .00163259  00000-0  20219-1 0  9998
2 32491 051.4542 148.2094 3895178 160.3354 220.7203 07.55706843107204
0 BREEZE-M DEB
1 32491U 06006AE  12291.94012056  .00161227  00000-0  19977-1 0  9996
2 32491 051.4524 146.8398 3893341 161.3604 218.2272 07.56034140107285
0 BREEZE-M DEB
1 32491U 06006AE  12296.95740260  .00015522  00000-0  18772-2 0  9996
2 32491 051.4639 140.3211 3888023 166.2010 210.4597 07.57376213107668
0 BREEZE-M DEB
1 32491U 06006AE  12302.89322218  .00207786  00000-0  25360-1 0  9991
2 32491 051.4947 132.5689 3870406 171.9268 232.0796 07.60340626108100
0 BREEZE-M DEB
1 32491U 06006AE  12309.83253411  .00192859  00000-0  23050-1 0  9998
2 32491 051.4441 123.5168 3857873 178.9133 176.4282 07.62857976108634
0 BREEZE-M DEB
1 32491U 06006AE  12312.84512657  .00109098  00000-0  12655-1 0  9995
2 32491 051.4671 119.5335 3855002 181.9814 175.9281 07.63750628108867
0 BREEZE-M DEB
1 32491U 06006AE  12314.80712807  .00194809  00000-0  22414-1 0  9990
2 32491 051.4735 116.9455 3849845 183.9848 174.7339 07.64747132109015
0 BREEZE-M DEB
1 32491U 06006AE  12327.69925812  .00235400  00000-0  26711-1 0  9990
2 32491 051.4553 099.8939 3817501 197.2036 171.2618 07.70775424110005
0 BREEZE-M DEB
1 32491U 06006AE  12334.67607768  .00026949  00000-0  29415-2 0  9994
2 32491 051.4873 090.4788 3807415 203.9368 145.1171 07.73152505110540
0 BREEZE-M DEB
1 32491U 06006AE  12354.59000507  .00212477  00000-0  21172-1 0  9999
2 32491 051.5008 063.5076 3767099 224.4212 099.0003 07.81467267112086
0 BREEZE-M DEB
1 32491U 06006AE  12356.50727241  .00178199  00000-0  17598-1 0  9992
2 32491 051.4921 060.8908 3764370 226.4120 094.7191 07.82080217112236
0 BREEZE-M DEB
1 32491U 06006AE  12366.45339829  .00172309  00000-0  17774-1 0  9991
2 32491 051.4581 047.2764 3743648 236.7169 076.0473 07.85390896113012
0 BREEZE-M DEB
1 32491U 06006AE  13004.39736699  .00158196  00000-0  11950-1 0  9998
2 32491 051.6018 041.7322 3756360 241.0601 073.9782 07.86478419113325
0 BREEZE-M DEB
1 32491U 06006AE  13012.39245161  .00177311  00000-0  15387-1 0  9994
2 32491 051.5378 030.7178 3732847 249.2683 071.9154 07.89312333113959
0 BREEZE-M DEB
1 32491U 06006AE  13095.52781517  .00086002  00000-0  10784-1 0  9992
2 32491 051.4825 273.2892 3621391 337.8706 009.8164 08.05579328120512
0 BREEZE-M DEB
1 32491U 06006AE  13098.50559468  .00091353  00000-0  10197-1 0  9994
2 32491 051.4845 269.0217 3626157 340.9606 008.6278 08.06128707120758
0 BREEZE-M DEB
1 32491U 06006AE  13098.50559468  .00098210  00000-0  10673-1 0  9992
2 32491 051.4899 269.0327 3627777 340.7760 008.7361 08.06148591120754
0 BREEZE-M DEB
1 32491U 06006AE  13100.49673832  .00118594  00000-0  14491-1 0  9996
2 32491 051.5021 266.2240 3617974 343.1513 028.5836 08.06516229120918
0 BREEZE-M DEB
1 32491U 06006AE  13101.48675043  .00114294  00000-0  13992-1 0  9990
2 32491 051.4955 264.7959 3616737 344.2346 023.4492 08.06722986120994
0 BREEZE-M DEB
1 32491U 06006AE  13102.47957811  .00146564  00000-0  18122-1 0  9991
2 32491 051.4855 263.3622 3615207 345.3409 027.2314 08.06866456121074
0 BREEZE-M DEB
1 32491U 06006AE  13103.46924078  .00147664  00000-0  18259-1 0  9993
2 32491 051.4795 261.9358 3613823 346.4284 022.4790 08.07120574121151
0 BREEZE-M DEB
1 32491U 06006AE  13104.46049668  .00113165  00000-0  13923-1 0  9999
2 32491 051.4810 260.5152 3612778 347.4888 023.1355 08.07391858121234
0 BREEZE-M DEB
1 32491U 06006AE  13105.45077155  .00099299  00000-0  12184-1 0  9990
2 32491 051.4808 259.0905 3611836 348.5543 021.7927 08.07606051121316
0 BREEZE-M DEB
1 32491U 06006AE  13109.41080986  .00072349  00000-0  89240-2 0  9991
2 32491 051.4644 253.3797 3608266 352.8745 019.5085 08.08214005121635
0 BREEZE-M DEB
1 32491U 06006AE  13110.52526516  .00077637  00000-0  89803-2 0  9999
2 32491 051.4752 251.7974 3611816 353.9280 022.4124 08.08351159121724
0 BREEZE-M DEB
1 32491U 06006AE  13111.38901678  .00088933  00000-0  11091-1 0  9994
2 32491 051.4533 250.5198 3606117 355.0664 016.1252 08.08463764121798
0 BREEZE-M DEB
1 32491U 06006AE  13125.34277756  .00123826  00000-0  14601-1 0  9999
2 32491 051.4866 230.3949 3593707 010.0771 014.4798 08.11438335122926
0 BREEZE-M DEB
1 32491U 06006AE  13126.32796701  .00113068  00000-0  13364-1 0  9996
2 32491 051.4755 228.9545 3592421 011.1713 012.7282 08.11651909123001
0 BREEZE-M DEB
1 32491U 06006AE  13127.31304556  .00106782  00000-0  12704-1 0  9991
2 32491 051.4583 227.5099 3590623 012.2919 011.4841 08.11905899123086
0 BREEZE-M DEB
1 32491U 06006AE  13129.67584515  .00096919  00000-0  11503-1 0  9993
2 32491 051.4407 224.0706 3587902 014.9146 079.8731 08.12443981123272
0 BREEZE-M DEB
1 32491U 06006AE  13130.39126633  .00096306  00000-0  11403-1 0  9996
2 32491 051.4415 223.0326 3587225 015.6974 012.5459 08.12599299123335
0 BREEZE-M DEB
1 32491U 06006AE  13135.44067956  .00117370  00000-0  13737-1 0  9996
2 32491 051.4537 215.7061 3582590 021.1960 032.3213 08.13590659123746
0 BREEZE-M DEB
1 32491U 06006AE  13136.05099365  .00117438  00000-0  13557-1 0  9998
2 32491 051.4359 214.7974 3583010 021.8327 020.0155 08.13683956123799
0 BREEZE-M DEB
1 32491U 06006AE  13136.42328480  .00121390  00000-0  14234-1 0  9997
2 32491 051.4275 214.2240 3581404 022.2764 030.6243 08.13785084123826
0 BREEZE-M DEB
1 32491U 06006AE  13137.40569266  .00111034  00000-0  13160-1 0  9996
2 32491 051.4434 212.8284 3579463 023.3679 029.0685 08.14015572123904
0 BREEZE-M DEB
1 32491U 06006AE  13138.38797684  .00131386  00000-0  15542-1 0  9999
2 32491 051.4420 211.3932 3578290 024.4543 028.0195 08.14247200123980
0 BREEZE-M DEB
1 32491U 06006AE  13139.12276302  .00132851  00000-0  15599-1 0  9991
2 32491 051.4381 210.3124 3577600 025.2563 022.1804 08.14466982124043
0 BREEZE-M DEB
1 32491U 06006AE  13139.36983117  .00133099  00000-0  15705-1 0  9990
2 32491 051.4430 209.9660 3576865 025.5268 026.6277 08.14541654124069
0 BREEZE-M DEB
1 32491U 06006AE  13140.10659907  .00131277  00000-0  15450-1 0  9994
2 32491 051.4423 208.8901 3575939 026.3389 027.3109 08.14746154124122
0 BREEZE-M DEB
1 32491U 06006AE  13140.34612646  .00122243  00000-0  14373-1 0  9995
2 32491 051.4448 208.5430 3575813 026.5931 009.8877 08.14785808124147
0 BREEZE-M DEB
1 32491U 06006AE  13141.32752016  .00115043  00000-0  13501-1 0  9992
2 32491 051.4458 207.1113 3574878 027.6743 008.8934 08.14985930124224
0 BREEZE-M DEB
1 32491U 06006AE  13142.43577909  .00104689  00000-0  12276-1 0  9993
2 32491 051.4455 205.4916 3573622 028.8966 020.9690 08.15233660124310
0 BREEZE-M DEB
1 32491U 06006AE  13143.04926237  .00107555  00000-0  12621-1 0  9992
2 32491 051.4440 204.5937 3572781 029.5783 021.5920 08.15379197124361
0 BREEZE-M DEB
1 32491U 06006AE  13144.15487174  .00125529  00000-0  14673-1 0  9997
2 32491 051.4426 202.9790 3571755 030.7907 027.4589 08.15608993124451
0 BREEZE-M DEB
1 32491U 06006AE  13144.39621184  .00121184  00000-0  14184-1 0  9994
2 32491 051.4423 202.6256 3571382 031.0603 016.1144 08.15663416124470
0 BREEZE-M DEB
1 32491U 06006AE  13145.25074867  .00114414  00000-0  13385-1 0  9990
2 32491 051.4411 201.3763 3570130 032.0048 005.6783 08.15904820124547
0 BREEZE-M DEB
1 32491U 06006AE  13146.35942485  .00105371  00000-0  12303-1 0  9993
2 32491 051.4416 199.7566 3568836 033.2222 022.6135 08.16173500124634
0 BREEZE-M DEB
1 32491U 06006AE  13147.33919037  .00096888  00000-0  11357-1 0  9999
2 32491 051.4395 198.3186 3567438 034.3159 021.7732 08.16387897124719
0 BREEZE-M DEB
1 32491U 06006AE  13148.31864113  .00089871  00000-0  10426-1 0  9992
2 32491 051.4394 196.8806 3566999 035.3692 020.7269 08.16602399124793
0 BREEZE-M DEB
1 32491U 06006AE  13149.42525183  .00089418  00000-0  10368-1 0  9998
2 32491 051.4373 195.2516 3566087 036.5957 034.2828 08.16778199124889
0 BREEZE-M DEB
1 32491U 06006AE  13164.20472149  .00082398  00000-0  94559-2 0  9999
2 32491 051.4353 173.4985 3550793 053.0382 013.4971 08.19747601126098
0 BREEZE-M DEB
1 32491U 06006AE  13168.23021775  .00104482  00000-0  11903-1 0  9991
2 32491 051.4402 167.5732 3546351 057.5014 020.3918 08.20651107126425
0 BREEZE-M DEB
1 32491U 06006AE  13169.18834416  .00104496  00000-0  12213-1 0  9990
2 32491 051.4541 166.1848 3543527 058.5849 331.4232 08.20868658126506
0 BREEZE-M DEB
1 32491U 06006AE  13170.28433007  .00113674  00000-0  12840-1 0  9998
2 32491 051.4529 164.5668 3544436 059.7017 330.7778 08.21126928126598
0 BREEZE-M DEB
1 32491U 06006AE  13171.01478435  .00115506  00000-0  13120-1 0  9992
2 32491 051.4505 163.4819 3543129 060.5498 330.2654 08.21300076126652
0 BREEZE-M DEB
1 32491U 06006AE  13171.98847201  .00122024  00000-0  13507-1 0  9991
2 32491 051.4509 162.0446 3543513 061.6337 329.6227 08.21550094126732
0 BREEZE-M DEB
1 32491U 06006AE  13171.99472831  .00146453  00000-0  16430-1 0  9995
2 32491 051.4456 162.0313 3542377 061.6580 348.1313 08.21560739126732
0 BREEZE-M DEB
1 32491U 06006AE  13172.37925784  .00144876  00000-0  16251-1 0  9996
2 32491 051.4451 161.4615 3541720 062.0871 045.5074 08.21685088126764
0 BREEZE-M DEB
1 32491U 06006AE  13174.19395050  .00136649  00000-0  15314-1 0  9993
2 32491 051.4468 158.7744 3539082 064.1142 015.1470 08.22190458126919
0 BREEZE-M DEB
1 32491U 06006AE  13174.32346067  .00137384  00000-0  15385-1 0  9997
2 32491 051.4470 158.5826 3538832 064.2585 038.4781 08.22245786126924
0 BREEZE-M DEB
1 32491U 06006AE  13175.41713660  .00136346  00000-0  15224-1 0  9994
2 32491 051.4477 156.9630 3537508 065.4784 036.4090 08.22528915127019
0 BREEZE-M DEB
1 32491U 06006AE  13176.98117822  .00122029  00000-0  13535-1 0  9991
2 32491 051.4512 154.6450 3535828 067.2225 348.9158 08.22931071127148
0 BREEZE-M DEB
1 32491U 06006AE  13177.36370812  .00119852  00000-0  13292-1 0  9994
2 32491 051.4512 154.0773 3535471 067.6509 042.2591 08.22999856127176
0 BREEZE-M DEB
1 32491U 06006AE  13177.95168074  .00112834  00000-0  12492-1 0  9998
2 32491 051.4506 153.2041 3534968 068.3112 344.4702 08.23118490127221
0 BREEZE-M DEB
1 32491U 06006AE  13179.17619425  .00116643  00000-0  12868-1 0  9994
2 32491 051.4504 151.3856 3533772 069.6801 013.6097 08.23383107127325
0 BREEZE-M DEB
1 32491U 06006AE  13180.14669587  .00097169  00000-0  10708-1 0  9999
2 32491 051.4498 149.9435 3532618 070.7695 010.7946 08.23621280127402
0 BREEZE-M DEB
1 32491U 06006AE  13180.39715337  .00096559  00000-0  10625-1 0  9991
2 32491 051.4496 149.5710 3532147 071.0496 033.4547 08.23727654127425
0 BREEZE-M DEB
1 32491U 06006AE  13181.11624273  .00098688  00000-0  10824-1 0  9996
2 32491 051.4497 148.5036 3531289 071.8544 006.1430 08.23926542127485
0 BREEZE-M DEB
1 32491U 06006AE  13181.95913376  .00097991  00000-0  10720-1 0  9994
2 32491 051.4506 147.2501 3530337 072.8054 346.6045 08.24135960127558
0 BREEZE-M DEB
1 32491U 06006AE  13182.33802424  .00100274  00000-0  10951-1 0  9993
2 32491 051.4498 146.6841 3529949 073.2420 030.8026 08.24228190127589
0 BREEZE-M DEB
1 32491U 06006AE  13184.15060876  .00104988  00000-0  11436-1 0  9997
2 32491 051.4507 143.9853 3527884 075.2762 010.5576 08.24642243127731
0 BREEZE-M DEB
1 32491U 06006AE  13185.11980057  .00125001  00000-0  13574-1 0  9990
2 32491 051.4508 142.5418 3526812 076.3615 008.1507 08.24870100127814
0 BREEZE-M DEB
1 32491U 06006AE  13186.08844378  .00129083  00000-0  13922-1 0  9993
2 32491 051.4502 141.1008 3526201 077.4246 004.8915 08.25066639127891
0 BREEZE-M DEB
1 32491U 06006AE  13187.18173501  .00124573  00000-0  13411-1 0  9990
2 32491 051.4517 139.4661 3524794 078.6854 012.7613 08.25353423127988
0 BREEZE-M DEB
1 32491U 06006AE  13187.30789306  .00096023  00000-0  10351-1 0  9998
2 32491 051.4519 139.2794 3524386 078.8235 027.6156 08.25427609127993
0 BREEZE-M DEB
1 32491U 06006AE  13188.27668519  .00126902  00000-0  13667-1 0  9990
2 32491 051.4526 137.8345 3522957 079.9164 026.9258 08.25689353128073
0 BREEZE-M DEB
1 32491U 06006AE  13189.11839323  .00113740  00000-0  12230-1 0  9998
2 32491 051.4532 136.5787 3521850 080.8630 009.3249 08.25921689128140
0 BREEZE-M DEB
1 32491U 06006AE  13190.08596218  .00136878  00000-0  14598-1 0  9995
2 32491 051.4525 135.1352 3520846 081.9357 006.6836 08.26199097128229
0 BREEZE-M DEB
1 32491U 06006AE  13190.92489145  .00133644  00000-0  14231-1 0  9990
2 32491 051.4539 133.8825 3520071 082.8778 342.1723 08.26364226128299
0 BREEZE-M DEB
1 32491U 06006AE  13192.14429130  .00128590  00000-0  13562-1 0  9994
2 32491 051.4568 132.0603 3518419 084.2475 010.6791 08.26793323128396
0 BREEZE-M DEB
1 32491U 06006AE  13192.26987485  .00141289  00000-0  14877-1 0  9999
2 32491 051.4569 131.8730 3518105 084.3931 024.4563 08.26866162128409
0 BREEZE-M DEB
1 32491U 06006AE  13193.10986742  .00123731  00000-0  12970-1 0  9992
2 32491 051.4544 130.6162 3517240 085.3332 005.1780 08.27090961128474
0 BREEZE-M DEB
1 32491U 06006AE  13193.23807126  .00130784  00000-0  13707-1 0  9999
2 32491 051.4540 130.4286 3516959 085.4923 026.8992 08.27142084128488
0 BREEZE-M DEB
1 32491U 06006AE  13194.07598456  .00131883  00000-0  13767-1 0  9992
2 32491 051.4534 129.1762 3515953 086.4288 002.3000 08.27378512128557
0 BREEZE-M DEB
1 32491U 06006AE  13195.04151289  .00147932  00000-0  15372-1 0  9995
2 32491 051.4531 127.7321 3514679 087.5119 358.6650 08.27665047128637
0 BREEZE-M DEB
1 32491U 06006AE  13195.29154720  .00155067  00000-0  16090-1 0  9991
2 32491 051.4532 127.3578 3514213 087.7939 023.6905 08.27766686128659
0 BREEZE-M DEB
1 32491U 06006AE  13196.00815061  .00112762  00000-0  11702-1 0  9993
2 32491 051.4540 126.2807 3512912 088.6047 359.4504 08.28027100128719
0 BREEZE-M DEB
1 32491U 06006AE  13196.25735486  .00120166  00000-0  12451-1 0  9991
2 32491 051.4540 125.9068 3512326 088.8852 022.3300 08.28151920128739
0 BREEZE-M DEB
1 32491U 06006AE  13197.09654437  .00120462  00000-0  12449-1 0  9996
2 32491 051.4543 124.6392 3511411 089.8481 004.5878 08.28354703128805
0 BREEZE-M DEB
1 32491U 06006AE  13197.22291800  .00112104  00000-0  11578-1 0  9998
2 32491 051.4549 124.4519 3511169 089.9940 021.4567 08.28411674128816
0 BREEZE-M DEB
1 32491U 06006AE  13198.06109366  .00127248  00000-0  13090-1 0  9992
2 32491 051.4544 123.1912 3510171 090.9477 001.4970 08.28639455128885
0 BREEZE-M DEB
1 32491U 06006AE  13198.18994782  .00132485  00000-0  13618-1 0  9994
2 32491 051.4547 123.0004 3509978 091.0929 025.8909 08.28682681128898
0 BREEZE-M DEB
1 32491U 06006AE  13199.15432425  .00133269  00000-0  13684-1 0  9997
2 32491 051.4547 121.5534 3508813 092.1822 023.3216 08.28912715128977
0 BREEZE-M DEB
1 32491U 06006AE  13199.98986355  .00148554  00000-0  15209-1 0  9992
2 32491 051.4553 120.2988 3507554 093.1278 357.0234 08.29176683129043
0 BREEZE-M DEB
1 32491U 06006AE  13200.95297546  .00147485  00000-0  15031-1 0  9994
2 32491 051.4572 118.8488 3506241 094.2106 352.4754 08.29478217129129
0 BREEZE-M DEB
1 32491U 06006AE  13201.20301387  .00150000  00000-0  15287-1 0  9992
2 32491 051.4574 118.4731 3505805 094.4930 019.1702 08.29558752129145
0 BREEZE-M DEB
1 32491U 06006AE  13202.16813645  .00132076  00000-0  13390-1 0  9999
2 32491 051.4574 117.0231 3504715 095.5998 021.9158 08.29834781129224
0 BREEZE-M DEB
1 32491U 06006AE  13203.00297997  .00136497  00000-0  13789-1 0  9992
2 32491 051.4547 115.7644 3503682 096.5491 356.2807 08.30069360129295
0 BREEZE-M DEB
1 32491U 06006AE  13206.01386869  .00129103  00000-0  12914-1 0  9998
2 32491 051.4528 111.2178 3500238 099.9729 357.8523 08.30837108129545
0 BREEZE-M DEB
1 32491U 06006AE  13207.10388361  .00152869  00000-0  15175-1 0  9995
2 32491 051.4544 109.5718 3499044 101.2017 018.7107 08.31143214129632
0 BREEZE-M DEB
1 32491U 06006AE  13208.18956457  .00145985  00000-0  14386-1 0  9995
2 32491 051.4547 107.9433 3497811 102.4316 027.8747 08.31466335129729
0 BREEZE-M DEB
1 32491U 06006AE  13208.78222236  .00145754  00000-0  14307-1 0  9999
2 32491 051.4546 107.0462 3497061 103.1133 002.0428 08.31654680129771
0 BREEZE-M DEB
1 32491U 06006AE  13209.14399635  .00140564  00000-0  13793-1 0  9990
2 32491 051.4544 106.4989 3496624 103.5269 005.2373 08.31742677129806
0 BREEZE-M DEB
1 32491U 06006AE  13210.82166229  .00125963  00000-0  12327-1 0  9996
2 32491 051.4548 103.9633 3494464 105.4432 350.0173 08.32185873129945
0 BREEZE-M DEB
1 32491U 06006AE  13211.19025484  .00124021  00000-0  12133-1 0  9993
2 32491 051.4549 103.4061 3493863 105.8622 014.3524 08.32303089129977
0 BREEZE-M DEB
1 32491U 06006AE  13211.78697703  .00141367  00000-0  13796-1 0  9995
2 32491 051.4554 102.5035 3493157 106.5405 002.4646 08.32457286130027
0 BREEZE-M DEB
1 32491U 06006AE  13213.11141358  .00146077  00000-0  14195-1 0  9991
2 32491 051.4556 100.4957 3491446 108.0452 012.5030 08.32827208130133
0 BREEZE-M DEB
1 32491U 06006AE  13214.77676911  .00170965  00000-0  16518-1 0  9996
2 32491 051.4554 097.9694 3489312 109.9612 327.0131 08.33286111130270
0 BREEZE-M DEB
1 32491U 06006AE  13215.73624155  .00164836  00000-0  15877-1 0  9993
2 32491 051.4546 096.5150 3488072 111.0664 325.8101 08.33558172130357
0 BREEZE-M DEB
1 32491U 06006AE  13216.11519304  .00160575  00000-0  15428-1 0  9993
2 32491 051.4549 095.9419 3487646 111.4807 023.0952 08.33670174130381
0 BREEZE-M DEB
1 32491U 06006AE  13217.07422181  .00191599  00000-0  18289-1 0  9993
2 32491 051.4553 094.4845 3486213 112.5841 021.8991 08.34005256130464
0 BREEZE-M DEB
1 32491U 06006AE  13217.90368228  .00175307  00000-0  16690-1 0  9999
2 32491 051.4544 093.2242 3484818 113.5374 352.7722 08.34304904130531
0 BREEZE-M DEB
1 32491U 06006AE  13219.45345279  .00176656  00000-0  16680-1 0  9999
2 32491 051.4535 090.8679 3482698 115.3034 329.0353 08.34802015130662
0 BREEZE-M DEB
1 32491U 06006AE  13220.06884564  .00164286  00000-0  15450-1 0  9993
2 32491 051.4542 089.9308 3482060 116.0192 018.7134 08.34975394130710
0 BREEZE-M DEB
1 32491U 06006AE  13220.64679273  .00172554  00000-0  16179-1 0  9992
2 32491 051.4541 089.0509 3481252 116.6850 316.1964 08.35159760130765
0 BREEZE-M DEB
1 32491U 06006AE  13221.02438625  .00169474  00000-0  15885-1 0  9999
2 32491 051.4538 088.4748 3480732 117.1191 011.5614 08.35262340130795
0 BREEZE-M DEB
1 32491U 06006AE  13222.10553916  .00184434  00000-0  17243-1 0  9993
2 32491 051.4539 086.8283 3479110 118.3580 023.2793 08.35591102130884
0 BREEZE-M DEB
1 32491U 06006AE  13222.44897897  .00187771  00000-0  17509-1 0  9991
2 32491 051.4548 086.3021 3478766 118.7568 336.4802 08.35686128130912
0 BREEZE-M DEB
1 32491U 06006AE  13223.06061403  .00180264  00000-0  16760-1 0  9994
2 32491 051.4549 085.3702 3477944 119.4576 016.8758 08.35878651130960
0 BREEZE-M DEB
1 32491U 06006AE  13224.01415964  .00159630  00000-0  14792-1 0  9991
2 32491 051.4544 083.9154 3476527 120.5595 006.8651 08.36193179131047
0 BREEZE-M DEB
1 32491U 06006AE  13225.67167454  .00181045  00000-0  16729-1 0  9999
2 32491 051.4549 081.3857 3473702 122.4673 318.0958 08.36747966131186
0 BREEZE-M DEB
1 32491U 06006AE  13226.04601562  .00198254  00000-0  18297-1 0  9996
2 32491 051.4547 080.8117 3473214 122.8973 005.8078 08.36847282131212
0 BREEZE-M DEB
1 32491U 06006AE  13226.51530983  .00195168  00000-0  18049-1 0  9992
2 32491 051.4560 080.0918 3472256 123.4318 339.8054 08.37003101131256
0 BREEZE-M DEB
1 32491U 06006AE  13227.00420003  .00198439  00000-0  18275-1 0  9993
2 32491 051.4559 079.3461 3471463 124.0011 013.1421 08.37201265131299
0 BREEZE-M DEB
1 32491U 06006AE  13228.65670284  .00202341  00000-0  18557-1 0  9994
2 32491 051.4554 076.8189 3467922 125.9067 315.6697 08.37913958131439
0 BREEZE-M DEB
1 32491U 06006AE  13229.73788417  .00221672  00000-0  20179-1 0  9993
2 32491 051.4571 075.1658 3466169 127.1731 337.8770 08.38325737131526
0 BREEZE-M DEB
1 32491U 06006AE  13230.57596499  .00215223  00000-0  19557-1 0  9997
2 32491 051.4575 073.8699 3464387 128.1284 347.7692 08.38684055131595
0 BREEZE-M DEB
1 32491U 06006AE  13231.65017802  .00224923  00000-0  20463-1 0  9998
2 32491 051.4563 072.2291 3462045 129.3482 351.9801 08.39104836131689
0 BREEZE-M DEB
1 32491U 06006AE  13232.01124058  .00225295  00000-0  20437-1 0  9995
2 32491 051.4558 071.6741 3461502 129.7720 002.8052 08.39242164131713
0 BREEZE-M DEB
1 32491U 06006AE  13233.66156229  .00254435  00000-0  22899-1 0  9994
2 32491 051.4566 069.1363 3457732 131.6883 311.2357 08.40034291131858
0 BREEZE-M DEB
1 32491U 06006AE  13234.47851068  .00220623  00000-0  20167-1 0  9995
2 32491 051.4489 067.9295 3455226 132.5402 262.4661 08.40387016131924
0 BREEZE-M DEB
1 32491U 06006AE  13234.62642068  .00256276  00000-0  23123-1 0  9998
2 32491 051.4558 067.6596 3454919 132.7835 349.9969 08.40530597131939
0 BREEZE-M DEB
1 32491U 06006AE  13237.71145997  .00270386  00000-0  23960-1 0  9997
2 32491 051.4561 062.8995 3447637 136.4072 334.1787 08.42112144132195
0 BREEZE-M DEB
1 32491U 06006AE  13238.54639981  .00252218  00000-0  22198-1 0  9996
2 32491 051.4570 061.6045 3445691 137.4004 346.1536 08.42567563132264
0 BREEZE-M DEB
1 32491U 06006AE  13238.91019406  .00228996  00000-0  19888-1 0  9999
2 32491 051.4544 061.0394 3445647 137.8579 009.7290 08.42745983132294
0 BREEZE-M DEB
1 32491U 06006AE  13239.97355674  .00265997  00000-0  23075-1 0  9991
2 32491 051.4542 059.3944 3442804 139.0892 356.8121 08.43280304132388
0 BREEZE-M DEB
1 32491U 06006AE  13240.79952554  .00228964  00000-0  19964-1 0  9998
2 32491 051.4546 058.1174 3440482 140.0427 344.9219 08.43668713132458
0 BREEZE-M DEB
1 32491U 06006AE  13242.81806913  .00277171  00000-0  24178-1 0  9997
2 32491 051.4582 054.9868 3435802 142.3882 359.0165 08.44524996132623
0 BREEZE-M DEB
1 32491U 06006AE  13243.52318373  .00258258  00000-0  22491-1 0  9995
2 32491 051.4580 053.8922 3434103 143.2159 343.2964 08.44871634132682
0 BREEZE-M DEB
1 32491U 06006AE  13243.88245998  .00257993  00000-0  22424-1 0  9997
2 32491 051.4573 053.3365 3433165 143.6339 356.2131 08.45071941132719
0 BREEZE-M DEB
1 32491U 06006AE  13245.76965684  .00259259  00000-0  22350-1 0  9992
2 32491 051.4577 050.4021 3428744 145.8510 340.7549 08.46002844132877
0 BREEZE-M DEB
1 32491U 06006AE  13246.47814079  .00245379  00000-0  21127-1 0  9991
2 32491 051.4581 049.2985 3427082 146.6830 338.9754 08.46335979132937
0 BREEZE-M DEB
1 32491U 06006AE  13247.42182788  .00242268  00000-0  20786-1 0  9996
2 32491 051.4589 047.8269 3424855 147.7939 335.0698 08.46798991133013
0 BREEZE-M DEB
1 32491U 06006AE  13247.65622729  .00253120  00000-0  21693-1 0  9992
2 32491 051.4592 047.4621 3424195 148.0692 329.6992 08.46932665133038
0 BREEZE-M DEB
1 32491U 06006AE  13248.45207491  .00250456  00000-0  21481-1 0  9990
2 32491 051.4623 046.2205 3422331 149.0167 236.7961 08.47344081133108
0 BREEZE-M DEB
1 32491U 06006AE  13248.48697220  .00270123  00000-0  23084-1 0  9990
2 32491 051.4599 046.1670 3422183 149.0495 343.2608 08.47339932133105
0 BREEZE-M DEB
1 32491U 06006AE  13249.42843646  .00265590  00000-0  22623-1 0  9990
2 32491 051.4611 044.6963 3419810 150.1627 335.9858 08.47827907133188
0 BREEZE-M DEB
1 32491U 06006AE  13249.90531910  .00265037  00000-0  22645-1 0  9991
2 32491 051.4617 043.9535 3418142 150.7154 351.7481 08.48105027133225
0 BREEZE-M DEB
1 32491U 06006AE  13250.48965267  .00251464  00000-0  21431-1 0  9993
2 32491 051.4621 043.0390 3416768 151.4118 336.0817 08.48399645133275
0 BREEZE-M DEB
1 32491U 06006AE  13250.85089852  .00255959  00000-0  21800-1 0  9994
2 32491 051.4618 042.4741 3415956 151.8412 359.5288 08.48558797133304
0 BREEZE-M DEB
1 32491U 06006AE  13251.43249272  .00256498  00000-0  21820-1 0  9994
2 32491 051.4619 041.5643 3414524 152.5294 336.5036 08.48842762133351
0 BREEZE-M DEB
1 32491U 06006AE  13252.49262492  .00266170  00000-0  22674-1 0  9996
2 32491 051.4620 039.9053 3411733 153.7812 337.1461 08.49348156133445
0 BREEZE-M DEB
1 32491U 06006AE  13252.72796493  .00237793  00000-0  20287-1 0  9992
2 32491 051.4619 039.5374 3411037 154.0567 336.7934 08.49471619133466
0 BREEZE-M DEB
1 32491U 06006AE  13253.43487216  .00249054  00000-0  21187-1 0  9994
2 32491 051.4617 038.4297 3409492 154.9012 339.0454 08.49793415133523
0 BREEZE-M DEB
1 32491U 06006AE  13253.43487216  .00256183  00000-0  21772-1 0  9995
2 32491 051.4617 038.4297 3409469 154.9014 339.0329 08.49807146133527
0 BREEZE-M DEB
1 32491U 06006AE  13254.49451547  .00271540  00000-0  23113-1 0  9995
2 32491 051.4622 036.7676 3406648 156.1512 341.8235 08.50314072133618
0 BREEZE-M DEB
1 32491U 06006AE  13255.43400907  .00286025  00000-0  24238-1 0  9997
2 32491 051.4607 035.2961 3404631 157.2720 338.5574 08.50743172133699
0 BREEZE-M DEB
1 32491U 06006AE  13255.90892694  .00287528  00000-0  24305-1 0  9991
2 32491 051.4626 034.5439 3403545 157.8398 353.3212 08.50977634133733
0 BREEZE-M DEB
1 32491U 06006AE  13256.49201292  .00276241  00000-0  23322-1 0  9992
2 32491 051.4634 033.6263 3402188 158.5358 339.9589 08.51252770133783
0 BREEZE-M DEB
1 32491U 06006AE  13256.84675707  .00289144  00000-0  24446-1 0  9991
2 32491 051.4640 033.0687 3401050 158.9514 347.2115 08.51445248133814
0 BREEZE-M DEB
1 32491U 06006AE  13257.78811503  .00255911  00000-0  21639-1 0  9997
2 32491 051.4636 031.5888 3398822 160.0644 353.4644 08.51876178133899
0 BREEZE-M DEB
1 32491U 06006AE  13258.84253748  .00250929  00000-0  21167-1 0  9996
2 32491 051.4642 029.9281 3396473 161.3115 348.1170 08.52350338133982
0 BREEZE-M DEB
1 32491U 06006AE  13259.65749969  .00259220  00000-0  21830-1 0  9991
2 32491 051.4660 028.6444 3394817 162.2843 329.3885 08.52679996134054
0 BREEZE-M DEB
1 32491U 06006AE  13260.59360252  .00272645  00000-0  22814-1 0  9999
2 32491 051.4698 027.1641 3392617 163.4106 323.8381 08.53168442134138
0 BREEZE-M DEB
1 32491U 06006AE  13261.65032738  .00248251  00000-0  20745-1 0  9999
2 32491 051.4700 025.4966 3389761 164.6708 330.6036 08.53732872134227
0 BREEZE-M DEB
1 32491U 06006AE  13262.54701198  .00251625  00000-0  23277-1 0  9993
2 32491 051.4621 024.0445 3381066 165.5848 207.2924 08.54185720134300
0 BREEZE-M DEB
1 32491U 06006AE  13262.58455769  .00232373  00000-0  19319-1 0  9998
2 32491 051.4738 024.0113 3387558 165.7968 322.7153 08.54217244134302
0 BREEZE-M DEB
1 32491U 06006AE  13263.76463262  .00246762  00000-0  20509-1 0  9996
2 32491 051.4686 022.1542 3384122 167.2077 353.0593 08.54864388134404
0 BREEZE-M DEB
1 32491U 06006AE  13266.68415110  .00250740  00000-0  20967-1 0  9998
2 32491 051.4687 017.5280 3376016 170.6929 345.7550 08.56319159134650
0 BREEZE-M DEB
1 32491U 06006AE  13271.69861083  .00251565  00000-0  20945-1 0  9991
2 32491 051.4667 009.5487 3363058 176.7097 347.9248 08.58821218135085
0 BREEZE-M DEB
1 32491U 06006AE  13272.39202744  .00264308  00000-0  21990-1 0  9992
2 32491 051.4622 008.4464 3361157 177.5420 332.3975 08.59184868135142
0 BREEZE-M DEB
1 32491U 06006AE  13272.74381117  .00263346  00000-0  21506-1 0  9997
2 32491 051.4753 007.8726 3361477 178.0338 340.6118 08.59353676135179
0 BREEZE-M DEB
1 32491U 06006AE  13275.65089742  .00340693  00000-0  28124-1 0  9993
2 32491 051.4670 003.2357 3353213 181.4834 341.6960 08.60756034135426
0 BREEZE-M DEB
1 32491U 06006AE  13276.69807043  .00274829  00000-0  22341-1 0  9992
2 32491 051.4779 001.5458 3350655 182.8041 348.1334 08.61453948135517
0 BREEZE-M DEB
1 32491U 06006AE  13277.62416094  .00248767  00000-0  20541-1 0  9990
2 32491 051.4706 000.0660 3347454 183.8770 340.9351 08.61876869135597
0 BREEZE-M DEB
1 32491U 06006AE  13278.66949522  .00233036  00000-0  19208-1 0  9993
2 32491 051.4962 358.3740 3345418 185.1721 345.2230 08.62290175135683
0 BREEZE-M DEB
1 32491U 06006AE  13279.59443825  .00235820  00000-0  19028-1 0  9994
2 32491 051.4878 356.8899 3344906 186.3563 337.1825 08.62648590135762
0 BREEZE-M DEB
1 32491U 06006AE  13280.58231458  .00204849  00000-0  16549-1 0  9994
2 32491 051.5030 355.3188 3342509 187.5522 165.9242 08.63099521135847
0 BREEZE-M DEB
1 32491U 06006AE  13280.63895431  .00228498  00000-0  18673-1 0  9993
2 32491 051.4760 355.2190 3341664 187.5913 341.9443 08.63108836135853
0 BREEZE-M DEB
1 32491U 06006AE  13289.47837738  .00268901  00000-0  22324-1 0  9991
2 32491 051.3878 341.0511 3315879 198.3218 162.5663 08.67784631136612
0 BREEZE-M DEB
1 32491U 06006AE  13289.53359837  .00283586  00000-0  22178-1 0  9990
2 32491 051.4652 340.8487 3320039 198.5031 335.0994 08.67731459136615
0 BREEZE-M DEB
1 32491U 06006AE  13296.48228142  .00259390  00000-0  18989-1 0  9997
2 32491 051.4482 329.5790 3304579 207.1975 131.2037 08.71487182137220
0 BREEZE-M DEB
1 32491U 06006AE  13297.46161946  .00322270  00000-0  24981-1 0  9991
2 32491 051.4665 327.9248 3298653 208.2821 324.7302 08.71890117137309
0 BREEZE-M DEB
1 32491U 06006AE  13298.49461432  .00263828  00000-0  20292-1 0  9992
2 32491 051.4580 326.2382 3296439 209.5650 328.2883 08.72428824137395
0 BREEZE-M DEB
1 32491U 06006AE  13299.52744839  .00205704  00000-0  15992-1 0  9992
2 32491 051.4621 324.5463 3293000 210.8187 333.0991 08.72971959137489
0 BREEZE-M DEB
1 32491U 06006AE  13300.44100456  .00252545  00000-0  19954-1 0  9994
2 32491 051.4639 323.0508 3289871 211.9230 324.8233 08.73348407137567
0 BREEZE-M DEB
1 32491U 06006AE  13301.47161147  .00267890  00000-0  20807-1 0  9990
2 32491 051.4543 321.3627 3288349 213.2248 326.1964 08.73845227137655
0 BREEZE-M DEB
1 32491U 06006AE  13302.50282895  .00280138  00000-0  21707-1 0  9999
2 32491 051.4583 319.6661 3285951 214.5081 331.3532 08.74326326137746
0 BREEZE-M DEB
1 32491U 06006AE  13303.41468838  .00277821  00000-0  21761-1 0  9998
2 32491 051.4639 318.1663 3282946 215.6239 322.3901 08.74764814137829
0 BREEZE-M DEB
1 32491U 06006AE  13305.47247870  .00242880  00000-0  18866-1 0  9996
2 32491 051.4558 314.7783 3277828 218.1999 326.9441 08.75855985138009
0 BREEZE-M DEB
1 32491U 06006AE  13307.41096851  .00237059  00000-0  18438-1 0  9990
2 32491 051.4526 311.5805 3273048 220.6150 322.3139 08.76752080138176
0 BREEZE-M DEB
1 32491U 06006AE  13308.43715769  .00222305  00000-0  17375-1 0  9996
2 32491 051.4493 309.8876 3270562 221.8920 322.0718 08.77170234138269
0 BREEZE-M DEB
1 32491U 06006AE  13310.37339448  .00218448  00000-0  17190-1 0  9996
2 32491 051.4473 306.6886 3265942 224.2981 319.3661 08.77966630138431
0 BREEZE-M DEB
1 32491U 06006AE  13311.40097681  .00223564  00000-0  17507-1 0  9998
2 32491 051.4482 304.9860 3263893 225.5828 328.0786 08.78416143138526
0 BREEZE-M DEB
1 32491U 06006AE  13312.42337706  .00216668  00000-0  17135-1 0  9990
2 32491 051.4516 303.2951 3260790 226.8490 322.1291 08.78886394138614
0 BREEZE-M DEB
1 32491U 06006AE  13313.44898969  .00212400  00000-0  16559-1 0  9995
2 32491 051.4480 301.5904 3259605 228.1470 327.9009 08.79293282138708
0 BREEZE-M DEB
1 32491U 06006AE  13314.35421954  .00177987  00000-0  13825-1 0  9995
2 32491 051.4502 300.0869 3257409 229.2872 314.2115 08.79771406138789
0 BREEZE-M DEB
1 32491U 06006AE  13315.37773190  .00180810  00000-0  13927-1 0  9992
2 32491 051.4706 298.3787 3255225 230.5827 316.6686 08.80291755138877
0 BREEZE-M DEB
1 32491U 06006AE  13318.32818340  .00202582  00000-0  15818-1 0  9999
2 32491 051.4664 293.4729 3248129 234.2777 313.2082 08.81465868139134
0 BREEZE-M DEB
1 32491U 06006AE  13319.34899148  .00207360  00000-0  16699-1 0  9994
2 32491 051.4489 291.7807 3243825 235.5265 313.2512 08.81894434139224
0 BREEZE-M DEB
1 32491U 06006AE  13320.37222416  .00237901  00000-0  19370-1 0  9990
2 32491 051.4460 290.0775 3240588 236.8047 322.6474 08.82360017139311
0 BREEZE-M DEB
1 32491U 06006AE  13320.37222416  .00237901  00000-0  19370-1 0  9990
2 32491 051.4460 290.0775 3240588 236.8047 322.6474 08.82360017139311
0 BREEZE-M DEB
1 32491U 06006AE  13320.37222416  .00237901  00000-0  19370-1 0  9990
2 32491 051.4460 290.0775 3240588 236.8047 322.6474 08.82360017139311
0 BREEZE-M DEB
1 32491U 06006AE  13320.37222416 +.00237901 +00000-0 +19370-1 0  9990
2 32491 051.4460 290.0775 3240588 236.8047 322.6474 08.82360017139311
0 BREEZE-M DEB
1 32491U 06006AE  13320.37222416 +.00237901 +00000-0 +19370-1 0  9990
2 32491 051.4460 290.0775 3240588 236.8047 322.6474 08.82360017139311
0 BREEZE-M DEB
1 32491U 06006AE  13320.37222416 +.00237901 +00000-0 +19370-1 0  9990
2 32491 051.4460 290.0775 3240588 236.8047 322.6474 08.82360017139311
0 BREEZE-M DEB
1 32491U 06006AE  13320.37222416 +.00237901 +00000-0 +19370-1 0  9990
2 32491 051.4460 290.0775 3240588 236.8047 322.6474 08.82360017139311
0 BREEZE-M DEB
1 32491U 06006AE  13320.37222416 +.00237901 +00000-0 +19370-1 0  9990
2 32491 051.4460 290.0775 3240588 236.8047 322.6474 08.82360017139311
0 BREEZE-M DEB
1 32491U 06006AE  13320.37222416 +.00237901 +00000-0 +19370-1 0  9990
2 32491 051.4460 290.0775 3240588 236.8047 322.6474 08.82360017139311
0 BREEZE-M DEB
1 32491U 06006AE  13320.37222416 +.00237901 +00000-0 +19370-1 0  9990
2 32491 051.4460 290.0775 3240588 236.8047 322.6474 08.82360017139311
0 BREEZE-M DEB
1 32491U 06006AE  13320.37222416 +.00237901 +00000-0 +19370-1 0  9990
2 32491 051.4460 290.0775 3240588 236.8047 322.6474 08.82360017139311
0 BREEZE-M DEB
1 32491U 06006AE  13320.37222416 +.00237901 +00000-0 +19370-1 0  9990
2 32491 051.4460 290.0775 3240588 236.8047 322.6474 08.82360017139311
0 BREEZE-M DEB
1 32491U 06006AE  13320.37222416 +.00237901 +00000-0 +19370-1 0  9990
2 32491 051.4460 290.0775 3240588 236.8047 322.6474 08.82360017139311
0 BREEZE-M DEB
1 32491U 06006AE  13320.37222416 +.00237901 +00000-0 +19370-1 0  9990
2 32491 051.4460 290.0775 3240588 236.8047 322.6474 08.82360017139311
0 BREEZE-M DEB
1 32491U 06006AE  13320.37222416 +.00237901 +00000-0 +19370-1 0  9990
2 32491 051.4460 290.0775 3240588 236.8047 322.6474 08.82360017139311
0 BREEZE-M DEB
1 32491U 06006AE  13320.37222416 +.00237901 +00000-0 +19370-1 0  9990
2 32491 051.4460 290.0775 3240588 236.8047 322.6474 08.82360017139311
0 BREEZE-M DEB
1 32491U 06006AE  13320.37222416 +.00237901 +00000-0 +19370-1 0  9990
2 32491 051.4460 290.0775 3240588 236.8047 322.6474 08.82360017139311
0 BREEZE-M DEB
1 32491U 06006AE  13320.37222416  .00237901  00000-0  19370-1 0  9990
2 32491  51.4460 290.0775 3240588 236.8047 322.6474  8.82360017139311
0 BREEZE-M DEB
1 32491U 06006AE  13320.37222416  .00237901  00000-0  19370-1 0  9990
2 32491  51.4460 290.0775 3240588 236.8047 322.6474  8.82360017139311
0 BREEZE-M DEB
1 32491U 06006AE  13320.37222416  .00237907  00000-0  19370-1 0  9996
2 32491  51.4460 290.0775 3240588 236.8047 322.6474  8.82360017 18575
