0 SL-6 R/B(2)
1 08529U 75121  D 76002.28073072  .00000924 +00000-0 +00000-0 3  9992
2 08529 062.7913 199.4005 7466527 280.3618 010.5836 01.96620696000320
0 SL-6 R/B(2)
1 08529U 75121  D 76014.48680877 -.00001119 +00000-0 +00000-0 3  9992
2 08529 062.8489 197.5649 7466935 280.3436 010.5855 01.96604450000560
0 SL-6 R/B(2)
1 08529U 75121  D 76020.59035682  .00001143 +00000-0 +00000-0 3  9995
2 08529 062.7855 196.5845 7463632 280.4724 010.5763 01.96605065000689
0 SL-6 R/B(2)
1 08529U 75121  D 76047.54628801  .00001481 +00000-0 +00000-0 3  9995
2 08529 062.8551 192.4744 7452427 280.5764 010.6218 01.96611138001215
0 SL-6 R/B(2)
1 08529U 75121  D 76055.17503737 -.00000089 +00000-0 +00000-0 3  9997
2 08529 062.8551 191.3250 7449132 280.5702 010.6440 01.96626131001368
0 SL-6 R/B(2)
1 08529U 75121  D 76060.26081323 -.00001476 +00000-0 +00000-0 3  9996
2 08529 062.8451 190.5359 7446515 280.6283 010.6467 01.96617116001468
0 SL-6 R/B(2)
1 08529U 75121  D 76062.80384635 -.00001438 +00000-0 +00000-0 3  9998
2 08529 062.8438 190.1503 7445219 280.6258 010.6553 01.96609434001518
0 SL-6 R/B(2)
1 08529U 75121  D 76069.41601848  .00000825 +00000-0 +00000-0 3  9998
2 08529 062.8743 189.1708 7441800 280.6197 010.6781 01.96604039001649
0 SL-6 R/B(2)
1 08529U 75121  D 76082.13071632 -.00000774 +00000-0 +00000-0 3  9998
2 08529 062.8861 187.2768 7435716 280.6412 010.7109 01.96625013001891
0 SL-6 R/B(2)
1 08529U 75121  D 76090.26832151 -.00000763 +00000-0 +00000-0 3  9990
2 08529 062.8833 186.0299 7431662 280.6429 010.7356 01.96604539002053
0 SL-6 R/B(2)
1 08529U 75121  D 76092.30285310  .00000039 +00000-0 +00000-0 3  9991
2 08529 062.8868 185.7420 7430453 280.6413 010.7436 01.96603026002096
0 SL-6 R/B(2)
1 08529U 75121  D 76094.84598779  .00000976 +00000-0 +00000-0 3  9998
2 08529 062.8798 185.3647 7428457 280.6669 010.7501 01.96605961002148
0 SL-6 R/B(2)
1 08529U 75121  D 76101.45775985  .00001039 +00000-0 +00000-0 3  9991
2 08529 062.8984 184.4172 7426869 280.6950 010.7535 01.96623734002275
0 SL-6 R/B(2)
1 08529U 75121  D 76113.15503262 -.00001339 +00000-0 +00000-0 3  9992
2 08529 062.8834 182.6846 7423272 280.6910 010.7765 01.96609885002500
0 SL-6 R/B(2)
1 08529U 75121  D 76116.20676750 -.00000383 +00000-0 +00000-0 3  9992
2 08529 062.8805 182.2345 7422088 280.6845 010.7855 01.96604344002560
0 SL-6 R/B(2)
1 08529U 75121  D 76122.31020542  .00001451 +00000-0 +00000-0 3  9999
2 08529 062.8743 181.3428 7420509 280.6870 010.7947 01.96613412002688
0 SL-6 R/B(2)
1 08529U 75121  D 76124.34456439  .00001412 +00000-0 +00000-0 3  9999
2 08529 062.8569 181.0310 7419849 280.7004 010.7958 01.96619407002723
0 SL-6 R/B(2)
1 08529U 75121  D 76136.04171609 -.00001515 +00000-0 +00000-0 3  9997
2 08529 062.8627 179.3255 7416670 280.7034 010.8149 01.96616579002953
0 SL-6 R/B(2)
1 08529U 75121  D 76141.12782239 -.00000394 +00000-0 +00000-0 3  9993
2 08529 062.8632 178.5717 7414957 280.7319 010.8187 01.96604980003052
0 SL-6 R/B(2)
1 08529U 75121  D 76144.68820567  .00000950 +00000-0 +00000-0 3  9991
2 08529 062.8629 178.0566 7413450 280.7297 010.8288 01.96607183003125
0 SL-6 R/B(2)
1 08529U 75121  D 76152.31706999  .00000773 +00000-0 +00000-0 3  9995
2 08529 062.8619 176.9434 7412828 280.7457 010.8288 01.96626495003274
0 SL-6 R/B(2)
1 08529U 75121  D 76158.92841812 -.00001274 +00000-0 +00000-0 3  9990
2 08529 062.8675 175.9736 7410645 280.7753 010.8356 01.96622678003404
0 SL-6 R/B(2)
1 08529U 75121  D 76160.45416350 -.00001485 +00000-0 +00000-0 3  9990
2 08529 062.8711 175.7538 7410425 280.7671 010.8390 01.96618398003433
0 SL-6 R/B(2)
1 08529U 75121  D 76166.04882810 -.00000406 +00000-0 +00000-0 3  9991
2 08529 062.8751 174.9355 7410281 280.7755 010.8378 01.96605254003543
0 SL-6 R/B(2)
1 08529U 75121  D 76168.08332537  .00000405 +00000-0 +00000-0 3  9991
2 08529 062.8773 174.6359 7409713 280.7786 010.8405 01.96605260003582
0 SL-6 R/B(2)
1 08529U 75121  D 76179.78087661 -.00000046 +00000-0 +00000-0 3  9997
2 08529 062.8752 172.9292 7407533 280.8080 010.8473 01.96628592003816
0 SL-6 R/B(2)
1 08529U 75121  D 76187.91814422 -.00001343 +00000-0 +00000-0 3  9995
2 08529 062.8634 171.7271 7404790 280.8200 010.8615 01.96611210003979
0 SL-6 R/B(2)
1 08529U 75121  D 76189.95258805 -.00000794 +00000-0 +00000-0 3  9997
2 08529 062.8596 171.4277 7404651 280.8192 010.8626 01.96606730004014
0 SL-6 R/B(2)
1 08529U 75121  D 76201.65050211  .00000929 +00000-0 +00000-0 3  9999
2 08529 062.8698 169.7056 7401438 280.8481 010.8759 01.96625735004241
0 SL-6 R/B(2)
1 08529U 75121  D 76209.27897866 -.00001347 +00000-0 +00000-0 3  9996
2 08529 062.8483 168.5865 7400463 280.8818 010.8739 01.96621711004393
0 SL-6 R/B(2)
1 08529U 75121  D 76217.41669173  .00000177 +00000-0 +00000-0 3  9998
2 08529 062.8710 167.4152 7398190 280.8613 010.8929 01.96605295004557
0 SL-6 R/B(2)
1 08529U 75121  D 76220.46839107  .00001181 +00000-0 +00000-0 3  9999
2 08529 062.8760 166.9658 7397664 280.8660 010.8951 01.96609758004614
0 SL-6 R/B(2)
1 08529U 75121  D 76235.72572661 -.00001493 +00000-0 +00000-0 3  9990
2 08529 062.8936 164.7449 7394919 280.9173 010.9001 01.96617527004916
0 SL-6 R/B(2)
1 08529U 75121  D 76238.77736311 -.00001122 +00000-0 +00000-0 3  9991
2 08529 062.8953 164.2953 7393443 280.9034 010.9127 01.96608755004975
0 SL-6 R/B(2)
1 08529U 75121  D 76243.35495927  .00000552 +00000-0 +00000-0 3  9991
2 08529 062.8996 163.6396 7392151 280.8801 010.9261 01.96605746005069
0 SL-6 R/B(2)
1 08529U 75121  D 76260.13820355 -.00001457 +00000-0 +00000-0 3  9999
2 08529 062.9118 161.2100 7389156 280.9027 010.9395 01.96618685005395
0 SL-6 R/B(2)
1 08529U 75121  D 76264.20705092 -.00000985 +00000-0 +00000-0 3  9996
2 08529 062.9238 160.6215 7388357 280.9073 010.9434 01.96607507005475
0 SL-6 R/B(2)
1 08529U 75121  D 76298.79183453  .00001411 +00000-0 +00000-0 3  9992
2 08529 062.8667 155.7133 7385421 280.8776 010.9690 01.96618031006156
0 SL-6 R/B(2)
1 08529U 75121  D 76304.38612022  .00000016 +00000-0 +00000-0 3  9994
2 08529 062.9140 154.8578 7384103 280.8978 010.9726 01.96627449006261
0 SL-6 R/B(2)
1 08529U 75121  D 76313.54062990 -.00001144 +00000-0 +00000-0 3  9999
2 08529 062.8984 153.5395 7384424 280.9037 010.9689 01.96608124006449
0 SL-6 R/B(2)
1 08529U 75121  D 76316.08373505 -.00000285 +00000-0 +00000-0 3  9993
2 08529 062.9002 153.1687 7384231 280.9066 010.9692 01.96604303006493
0 SL-6 R/B(2)
1 08529U 75121  D 76317.60961340  .00000317 +00000-0 +00000-0 3  9997
2 08529 062.8935 152.9502 7383902 280.9076 010.9711 01.96604347006529
0 SL-6 R/B(2)
1 08529U 75121  D 76320.15272163  .00001137 +00000-0 +00000-0 3  9990
2 08529 062.8939 152.5871 7383258 280.9050 010.9759 01.96608239006575
0 SL-6 R/B(2)
1 08529U 75121  D 76341.00479695 -.00000299 +00000-0 +00000-0 3  9995
2 08529 062.9022 149.5564 7382448 280.9382 010.9731 01.96604528006984
0 SL-6 R/B(2)
1 08529U 75121  D 76344.05654324  .00000845 +00000-0 +00000-0 3  9993
2 08529 062.9145 149.1184 7382073 280.9409 010.9749 01.96606176007046
0 SL-6 R/B(2)
1 08529U 75121  D 76347.61681802  .00001449 +00000-0 +00000-0 3  9990
2 08529 062.9168 148.6127 7381179 280.9357 010.9818 01.96614959007113
0 SL-6 R/B(2)
1 08529U 75121  D 76348.63401431  .00001413 +00000-0 +00000-0 3  9992
2 08529 062.9213 148.4705 7380884 280.9340 010.9837 01.96617715007134
0 SL-6 R/B(2)
1 08529U 75121  D 77016.20076683 -.00000860 +00000-0 +07028-4 0  9999
2 08529 062.9449 143.6479 7381249 280.9399 010.9721 01.96623337007791
0 SL-6 R/B(2)
1 08529U 75121  D 77026.37292598  .00001194 +00000-0 +05472-4 0  9994
2 08529 062.9373 142.1693 7382002 280.9279 011.0674 01.96605587007992
0 SL-6 R/B(2)
1 08529U 75121  D 77040.10460928 -.00000858 +00000-0 -34108-3 0  9990
2 08529 062.9512 140.1943 7384000 280.9213 010.9085 01.96625957008269
0 SL-6 R/B(2)
1 08529U 75121  D 77050.78529153  .00001112 +00000-0 +12472-2 0  9992
2 08529 062.9555 138.6604 7382452 280.9670 011.0434 01.96606348008474
0 SL-6 R/B(2)
1 08529U 75121  D 77061.46565578 -.00000387 +00000-0 -16143-3 0  9995
2 08529 062.9580 137.1167 7384166 280.9537 010.9245 01.96627607008688
0 SL-6 R/B(2)
1 08529U 75121  D 77081.80933720  .00000754 +00000-0 -57205-3 0  9994
2 08529 062.9855 134.1728 7385203 280.9600 010.8812 01.96617018009086
0 SL-6 R/B(2)
1 08529U 75121  D 77092.99795291 -.00000619 +00000-0 +30261-3 0  9998
2 08529 062.9875 132.5560 7385915 280.9596 010.9488 01.96621508009302
0 SL-6 R/B(2)
1 08529U 75121  D 77103.17003180  .00001250 +00000-0 +67970-3 0  9998
2 08529 062.9804 131.0792 7386501 280.9624 010.9364 01.96609427009500
0 SL-6 R/B(2)
1 08529U 75121  D 77114.86724466 -.00000902 +00000-0 -10257-2 0  9993
2 08529 062.9703 129.3762 7387668 280.9757 010.8017 01.96626767009732
0 SL-6 R/B(2)
1 08529U 75121  D 77123.00483891  .00000572 +00000-0 +30058-3 0  9996
2 08529 063.0213 128.2159 7388414 280.9499 010.9780 01.96608836009893
0 SL-6 R/B(2)
1 08529U 75121  D 77135.71969935 -.00000219 +00000-0 +71220-3 0  9990
2 08529 063.0269 126.3664 7388492 280.9797 010.9341 01.96629020010142
0 SL-6 R/B(2)
1 08529U 75121  D 77142.83948428 -.00000693 +00000-0 -82383-3 0  9994
2 08529 063.0260 125.3374 7389953 280.9847 010.8050 01.96620983010289
0 SL-6 R/B(2)
1 08529U 75121  D 77155.04626412  .00001118 +00000-0 +97973-3 0  9999
2 08529 063.0184 123.5701 7391160 280.9836 011.0072 01.96614700010523
0 SL-6 R/B(2)
1 08529U 75121  D 77165.21744773 -.00000939 +00000-0 -98212-3 0  9999
2 08529 063.0114 122.0854 7393072 280.9923 010.7924 01.96627159010726
0 SL-6 R/B(2)
1 08529U 75121  D 77175.38955467  .00001096 +00000-0 +66170-3 0  9993
2 08529 063.0151 120.5977 7393808 281.0005 010.9343 01.96607378010926
0 SL-6 R/B(2)
1 08529U 75121  D 77187.59557907 -.00000679 +00000-0 +42246-3 0  9991
2 08529 063.0252 118.8134 7397027 281.0058 010.9018 01.96631326011164
0 SL-6 R/B(2)
1 08529U 75121  D 77192.68116943 -.00000767 +00000-0 -83632-3 0  9991
2 08529 063.0286 118.0654 7398415 281.0090 010.7684 01.96621211011268
0 SL-6 R/B(2)
1 08529U 75121  D 77202.85355908  .00001240 +00000-0 +55519-5 0  9998
2 08529 063.0530 116.5787 7398127 281.0174 010.9326 01.96608471011463
0 SL-6 R/B(2)
1 08529U 75121  D 77216.58504642 -.00000913 +00000-0 -51289-3 0  9990
2 08529 063.0756 114.5554 7401655 281.0340 010.8068 01.96623770011730
0 SL-6 R/B(2)
1 08529U 75121  D 77227.77450288  .00001180 +00000-0 -55052-3 0  9997
2 08529 063.0773 112.9113 7402535 281.0274 010.8628 01.96606963011957
0 SL-6 R/B(2)
1 08529U 75121  D 77238.45476543 -.00000876 +00000-0 +29936-3 0  9999
2 08529 063.1170 111.3360 7404678 281.0534 010.8817 01.96629328012169
0 SL-6 R/B(2)
1 08529U 75121  D 77260.32446088 -.00000293 +00000-0 -43899-3 0  9999
2 08529 063.1197 108.1139 7407519 281.0678 010.8020 01.96626142012596
0 SL-6 R/B(2)
1 08529U 75121  D 77270.49589642 -.00000106 +00000-0 +45743-3 0  9994
2 08529 063.1137 106.6021 7408879 281.0992 010.7354 01.96613127012792
0 SL-6 R/B(2)
1 08529U 75121  D 77281.17679336  .00000769 +00000-0 -42940-3 0  9992
2 08529 063.1338 105.0246 7411222 281.0594 010.6855 01.96615266013007
0 SL-6 R/B(2)
1 08529U 75121  D 77291.34831688 -.00000939 +00000-0 -47657-3 0  9992
2 08529 063.1357 103.5071 7414466 281.0594 010.7215 01.96622893013207
0 SL-6 R/B(2)
1 08529U 75121  D 77301.52050932  .00001129 +00000-0 -35790-3 0  9995
2 08529 063.1603 101.9873 7415813 281.0620 010.7468 01.96604957013403
0 SL-6 R/B(2)
1 08529U 75121  D 77313.21806930 -.00000782 +00000-0 +46888-3 0  9995
2 08529 063.1538 100.2362 7417330 281.1041 010.7423 01.96628989013636
0 SL-6 R/B(2)
1 08529U 75121  D 77323.38971754  .00000713 +00000-0 +47106-3 0  9998
2 08529 063.1625 098.7145 7421200 281.0717 010.6689 01.96607259013835
0 SL-6 R/B(2)
1 08529U 75121  D 77333.56188073  .00000121 +00000-0 -52141-3 0  9992
2 08529 063.1715 097.1875 7421820 281.1223 010.6425 01.96622325014031
0 SL-6 R/B(2)
1 08529U 75121  D 77344.24202756 -.00000359 +00000-0 +10766-3 0  9994
2 08529 063.1840 095.5878 7425577 281.1315 010.7368 01.96615749014242
0 SL-6 R/B(2)
1 08529U 75121  D 77357.97442806  .00000231 +00000-0 -36220-3 0  9992
2 08529 063.1977 093.5217 7429634 281.0907 010.7063 01.96621639014519
0 SL-6 R/B(2)
1 08529U 75121  D 78004.16301091 -.00000366 +00000-0 +24540-3 0  9994
2 08529 063.2350 091.8320 7432454 281.1216 010.7428 01.96617203014730
0 SL-6 R/B(2)
1 08529U 75121  D 78026.03228334 -.00000950 +00000-0 +23856-3 0  9990
2 08529 063.2654 088.5625 7436086 281.1193 010.5815 01.96626509015162
0 SL-6 R/B(2)
1 08529U 75121  D 78037.73010636  .00001130 +00000-0 +26047-3 0  9998
2 08529 063.2671 086.7717 7439626 281.1334 010.5675 01.96611164015393
0 SL-6 R/B(2)
1 08529U 75121  D 78048.41012621 -.00001032 +00000-0 +88767-4 0  9991
2 08529 063.2915 085.1536 7438863 281.1610 010.5341 01.96632310015605
0 SL-6 R/B(2)
1 08529U 75121  D 78060.10765295  .00001052 +00000-0 +08539-4 0  9993
2 08529 063.2968 083.3582 7441446 281.1677 010.5950 01.96611905015836
0 SL-6 R/B(2)
1 08529U 75121  D 78076.89026189 -.00000921 +00000-0 +03899-5 0  9998
2 08529 063.3272 080.7981 7447258 281.1553 010.3574 01.96627903016161
0 SL-6 R/B(2)
1 08529U 75121  D 78098.25103917 -.00001083 +00000-0 +06149-4 0  9997
2 08529 063.3554 077.5217 7451101 281.1775 010.7297 01.96635854016584
0 SL-6 R/B(2)
1 08529U 75121  D 78103.84488806 -.00000527 +00000-0 +04831-5 0  9991
2 08529 063.3709 076.6643 7452382 281.1641 010.6197 01.96625471016697
0 SL-6 R/B(2)
1 08529U 75121  D 78131.30745872  .00000205 +00000-0 +00322-4 0  9994
2 08529 063.4080 072.4449 7459080 281.1728 010.8223 01.96625626017231
0 SL-6 R/B(2)
1 08529U 75121  D 78138.42710275  .00001213 +00000-0 +02541-4 0  9998
2 08529 063.4656 071.3905 7459716 281.1522 010.3022 01.96624637017371
0 SL-6 R/B(2)
1 08529U 75121  D 78152.66639220 -.00000812 +00000-0 +01310-4 0  9998
2 08529 063.4762 069.1879 7461294 281.1681 010.3258 01.96633506017651
0 SL-6 R/B(2)
1 08529U 75121  D 78164.36392814  .00001015 +00000-0 +09513-5 0  9992
2 08529 063.4887 067.3703 7465143 281.1673 010.4722 01.96626830017887
0 SL-6 R/B(2)
1 08529U 75121  D 78198.43677405 -.00001043 +00000-0 +03213-4 0  9991
2 08529 063.5156 062.1218 7469958 281.1750 010.3927 01.96647000018558
0 SL-6 R/B(2)
1 08529U 75121  D 78207.59047331  .00000364 +00000-0 +10180-3 0  9992
2 08529 063.5295 060.7007 7471417 281.1630 010.2260 01.96624304018733
0 SL-6 R/B(2)
1 08529U 75121  D 78217.76204631  .00000148 +00000-0 +61874-4 0  9997
2 08529 063.5124 059.1232 7472928 281.1549 010.3401 01.96639799018937
0 SL-6 R/B(2)
1 08529U 75121  D 78229.45821638 -.00000447 +00000-0 +18815-3 0  9997
2 08529 063.5285 057.3074 7474256 281.1552 010.3418 01.96633891019160
0 SL-6 R/B(2)
1 08529U 75121  D 78244.71507112 -.00000378 +00000-0 +86780-4 0  9991
2 08529 063.5626 054.9378 7476894 281.1135 010.3369 01.96646527019464
0 SL-6 R/B(2)
1 08529U 75121  D 78255.39420946 -.00000173 +00000-0 +19347-3 0  9993
2 08529 063.5758 053.2596 7477475 281.0920 010.4140 01.96633557019671
0 SL-6 R/B(2)
1 08529U 75121  D 78267.09112917  .00000376 +00000-0 +15531-3 0  9994
2 08529 063.5998 051.4261 7478822 281.0996 010.4096 01.96642600019901
0 SL-6 R/B(2)
1 08529U 75121  D 78279.29556928 -.00000365 +00000-0 +34935-3 0  9991
2 08529 063.6157 049.5200 7481060 281.0851 010.5371 01.96642078020142
0 SL-6 R/B(2)
1 08529U 75121  D 78293.53457542  .00000079 +00000-0 +27616-3 0  9995
2 08529 063.6465 047.3043 7483896 281.0049 010.4894 01.96654370020421
0 SL-6 R/B(2)
1 08529U 75121  D 78305.22989384 -.00000040 +00000-0 +53314-3 0  9992
2 08529 063.6530 045.4679 7485170 281.0172 010.5646 01.96649789020651
0 SL-6 R/B(2)
1 08529U 75121  D 78315.40008660  .00001067 +00000-0 +61375-3 0  9997
2 08529 063.6824 043.8944 7485444 281.0098 010.4552 01.96656628020852
0 SL-6 R/B(2)
1 08529U 75121  D 78334.21322445  .00000949 +00000-0 +65969-3 0  9998
2 08529 063.7239 040.9591 7488192 280.9711 010.3288 01.96657804021226
0 SL-6 R/B(2)
1 08529U 75121  D 78354.04251864 -.00000415 +00000-0 +84933-3 0  9998
2 08529 063.7580 037.8598 7488783 280.9407 010.3213 01.96683159021618
0 SL-6 R/B(2)
1 08529U 75121  D 79004.29541681  .00000206 +00000-0 +79754-3 0  9999
2 08529 063.7750 035.4779 7490335 280.8813 010.2969 01.96700563021917
0 SL-6 R/B(2)
1 08529U 75121  D 79010.39570894 -.00000914 +00000-0 +10413-2 0  9998
2 08529 063.7666 034.5220 7488599 280.9154 010.3248 01.96711662022039
0 SL-6 R/B(2)
1 08529U 75121  D 79017.00441674  .00000393 +00000-0 +13389-2 0  9991
2 08529 063.7735 033.4918 7489785 280.9010 010.4256 01.96704830022160
0 SL-6 R/B(2)
1 08529U 75121  D 79032.25460296 -.00000244 +00000-0 +13808-2 0  9998
2 08529 063.8244 031.1109 7488899 280.8615 010.4492 01.96742593022461
0 SL-6 R/B(2)
1 08529U 75121  D 79041.40334513  .00000208 +00000-0 +17386-2 0  9991
2 08529 063.8539 029.6842 7489437 280.8199 010.6058 01.96744342022644
0 SL-6 R/B(2)
1 08529U 75121  D 79044.96095171  .00001240 +00000-0 +18869-2 0  9993
2 08529 063.8671 029.1288 7489148 280.8099 010.4005 01.96743207022715
0 SL-6 R/B(2)
1 08529U 75121  D 79060.71567251 -.00000489 +00000-0 +17084-2 0  9990
2 08529 063.8697 026.6516 7489910 280.7502 010.4374 01.96790041023026
0 SL-6 R/B(2)
1 08529U 75121  D 79076.97699808  .00001473 +00000-0 +11256-2 0  9997
2 08529 063.8838 024.1063 7488552 280.7182 010.2988 01.96788329023348
0 SL-6 R/B(2)
1 08529U 75121  D 79077.99326387  .00001208 +00000-0 +85109-3 0  9994
2 08529 063.9226 023.9365 7488456 280.7176 010.2416 01.96790228023367
0 SL-6 R/B(2)
1 08529U 75121  D 79092.22039303 -.00000217 +00000-0 +12470-2 0  9996
2 08529 063.8902 021.7352 7488829 280.6449 010.4470 01.96809124023644
0 SL-6 R/B(2)
1 08529U 75121  D 79103.90700991  .00001102 +00000-0 +39334-3 0  9994
2 08529 063.9181 019.8984 7489422 280.6021 010.3689 01.96810804023872
0 SL-6 R/B(2)
1 08529U 75121  D 79120.67322970  .00000228 +00000-0 +98087-3 0  9992
2 08529 064.0221 017.2992 7487982 280.5512 010.3966 01.96817402024200
0 SL-6 R/B(2)
1 08529U 75121  D 79129.81876353  .00000978 +00000-0 +78622-4 0  9992
2 08529 063.9993 015.8797 7487727 280.5059 010.2617 01.96818666024388
0 SL-6 R/B(2)
1 08529U 75121  D 79142.01199844 -.00001161 +00000-0 +15587-3 0  9998
2 08529 063.9883 013.9797 7485154 280.4786 010.4100 01.96833498024629
0 SL-6 R/B(2)
1 08529U 75121  D 79150.64910457  .00001026 +00000-0 +85566-3 0  9990
2 08529 064.0149 012.6504 7486025 280.4359 010.4351 01.96820332024791
0 SL-6 R/B(2)
1 08529U 75121  D 79154.20552409 -.00000871 +00000-0 -22908-2 0  9994
2 08529 064.0192 012.1027 7485628 280.4550 010.0782 01.96805832024854
0 SL-6 R/B(2)
1 08529U 75121  D 79163.34992824 -.00000794 +00000-0 +34531-3 0  9997
2 08529 064.0382 010.6921 7484603 280.3548 010.1375 01.96846763025048
0 SL-6 R/B(2)
1 08529U 75121  D 79178.59136378  .00001189 +00000-0 +85978-3 0  9993
2 08529 064.0195 008.3448 7482972 280.2746 010.4194 01.96828777025344
0 SL-6 R/B(2)
1 08529U 75121  D 79188.75173749  .00000065 +00000-0 +57314-3 0  9990
2 08529 064.0677 006.7299 7480125 280.2634 010.2726 01.96852596025782
0 SL-6 R/B(2)
1 08529U 75121  D 79226.34518746 -.00000195 +00000-0 +00000-0 0  9990
2 08529 064.0744 000.8662 7479565 280.1773 011.0998 01.96844061026289
0 SL-6 R/B(2)
1 08529U 75121  D 79235.48906963 -.00000218 +00000-0 +00000-0 0  9993
2 08529 064.1031 359.4422 7479102 280.1244 010.6999 01.96846919026466
0 SL-6 R/B(2)
1 08529U 75121  D 79252.76020533 -.00000250 +00000-0 +00000-0 0  9999
2 08529 064.0937 356.8453 7475560 279.8992 010.7694 01.96847768026808
0 SL-6 R/B(2)
1 08529U 75121  D 79252.76044130 -.00000249 +00000-0 +00000-0 0  9996
2 08529 064.1006 356.8516 7475481 279.8948 010.9588 01.96848149026807
0 SL-6 R/B(2)
1 08529U 75121  D 79254.28416974 -.00000252 +00000-0 +00000-0 0  9998
2 08529 064.1414 356.6486 7474453 279.8729 010.7666 01.96845414026839
0 SL-6 R/B(2)
1 08529U 75121  D 79255.30019495 -.00000254 +00000-0 +00000-0 0  9991
2 08529 064.1399 356.4926 7474436 279.8739 010.7621 01.96844054026852
0 SL-6 R/B(2)
1 08529U 75121  D 79256.31620971 -.00000256 +00000-0 +00000-0 0  9992
2 08529 064.1327 356.3064 7474232 279.8827 010.7626 01.96844316026875
0 SL-6 R/B(2)
1 08529U 75121  D 79256.31623330 -.00000256 +00000-0 +00000-0 0  9994
2 08529 064.1306 356.3072 7474340 279.8798 010.7790 01.96844305026878
0 SL-6 R/B(2)
1 08529U 75121  D 79257.33225193 -.00000258 +00000-0 +00000-0 0  9994
2 08529 064.1291 356.1358 7474058 279.8742 010.7690 01.96843808026899
0 SL-6 R/B(2)
1 08529U 75121  D 79257.33225475 -.00000258 +00000-0 +00000-0 0  9997
2 08529 064.1421 356.1466 7474239 279.8749 010.7688 01.96843487026892
0 SL-6 R/B(2)
1 08529U 75121  D 79257.33225599 -.00000258 +00000-0 +00000-0 0  9994
2 08529 064.1420 356.1465 7474239 279.8749 010.7697 01.96843486026899
0 SL-6 R/B(2)
1 08529U 75121  D 79265.46011614 -.00000610 +00000-0 -13145-2 0  9997
2 08529 064.1384 354.9351 7472597 279.8341 010.7385 01.96860345027057
0 SL-6 R/B(2)
1 08529U 75121  D 79278.15861591  .00000194 +00000-0 +00387-3 0  9994
2 08529 064.1545 353.0208 7470300 279.7529 010.7907 01.96866703027306
0 SL-6 R/B(2)
1 08529U 75121  D 79278.15930167  .00000206 +00000-0 +00583-3 0  9992
2 08529 064.1501 353.0136 7470608 279.7534 011.2776 01.96866834027300
0 SL-6 R/B(2)
1 08529U 75121  D 79280.69837785  .00000252 +00000-0 +03925-3 0  9990
2 08529 064.1582 352.6317 7468716 279.7341 010.7422 01.96862853027352
0 SL-6 R/B(2)
1 08529U 75121  D 79280.69840567  .00000298 +00000-0 +06954-3 0  9997
2 08529 064.1529 352.6184 7467302 279.7441 010.7609 01.96863151027355
0 SL-6 R/B(2)
1 08529U 75121  D 79282.73026425  .00000239 +00000-0 +04654-3 0  9993
2 08529 064.1529 352.3103 7466946 279.7309 010.7366 01.96862137027396
0 SL-6 R/B(2)
1 08529U 75121  D 79282.73028807  .00000239 +00000-0 +04655-3 0  9990
2 08529 064.1529 352.3103 7466946 279.7309 010.7535 01.96862137027394
0 SL-6 R/B(2)
1 08529U 75121  D 79283.74623181  .00000197 +00000-0 +02894-3 0  9994
2 08529 064.1515 352.1572 7466766 279.7240 010.7434 01.96862197027418
0 SL-6 R/B(2)
1 08529U 75121  D 79283.74624785 -.00000202 +00000-0 +05073-4 0  9996
2 08529 064.1544 352.1563 7467358 279.7473 010.7156 01.96857750027416
0 SL-6 R/B(2)
1 08529U 75121  D 79287.30215678 -.00000200 +00000-0 +09103-4 0  9995
2 08529 064.1576 351.6099 7466945 279.7276 010.7714 01.96863675027481
0 SL-6 R/B(2)
1 08529U 75121  D 79288.31813050 -.00000270 +00000-0 +08241-4 0  9994
2 08529 064.1584 351.4563 7466953 279.7285 010.7746 01.96864998027500
0 SL-6 R/B(2)
1 08529U 75121  D 79289.33338589  .00000155 +00000-0 +02156-3 0  9995
2 08529 064.1591 351.2897 7465512 279.6756 010.4968 01.96877897027525
0 SL-6 R/B(2)
1 08529U 75121  D 79289.33346719  .00000155 +00000-0 +02144-3 0  9996
2 08529 064.1591 351.2897 7465515 279.6756 010.5544 01.96877897027529
0 SL-6 R/B(2)
1 08529U 75121  D 79289.33405238  .00000163 +00000-0 +02428-3 0  9992
2 08529 064.1588 351.2910 7465522 279.6786 010.9701 01.96877980027524
0 SL-6 R/B(2)
1 08529U 75121  D 79307.11086135 -.00000313 +00000-0 +10952-3 0  9999
2 08529 064.1531 348.5690 7465620 279.6097 010.7042 01.96869798027872
0 SL-6 R/B(2)
1 08529U 75121  D 79314.22218357  .00000120 +00000-0 +22545-2 0  9997
2 08529 064.1617 347.4877 7464551 279.5606 010.9193 01.96884323028016
0 SL-6 R/B(2)
1 08529U 75121  D 79315.23767514  .00000190 +00000-0 +26068-2 0  9994
2 08529 064.1633 347.3314 7464508 279.5515 010.6998 01.96889118028039
0 SL-6 R/B(2)
1 08529U 75121  D 79315.23767937  .00000192 +00000-0 +26134-2 0  9999
2 08529 064.1633 347.3317 7464517 279.5514 010.7028 01.96889132028032
0 SL-6 R/B(2)
1 08529U 75121  D 79316.25347677  .00000109 +00000-0 +22234-2 0  9992
2 08529 064.1647 347.1748 7464413 279.5427 010.7055 01.96892335028052
0 SL-6 R/B(2)
1 08529U 75121  D 79317.26925201  .00000047 +00000-0 +19386-2 0  9994
2 08529 064.1675 347.0212 7464245 279.5351 010.7022 01.96895592028071
0 SL-6 R/B(2)
1 08529U 75121  D 79320.82421282  .00000256 +00000-0 +30145-2 0  9998
2 08529 064.1687 346.4787 7463758 279.5188 010.6834 01.96911943028147
0 SL-6 R/B(2)
1 08529U 75121  D 79320.82429998  .00000254 +00000-0 +30084-2 0  9990
2 08529 064.1687 346.4787 7463743 279.5191 010.7453 01.96911922028140
0 SL-6 R/B(2)
1 08529U 75121  D 79323.36335583  .00000277 +00000-0 +33729-2 0  9992
2 08529 064.1723 346.0967 7460858 279.4985 010.6624 01.96916230028192
0 SL-6 R/B(2)
1 08529U 75121  D 79327.93400486  .00000083 +00000-0 +24586-2 0  9990
2 08529 064.1792 345.4174 7459327 279.4650 010.7188 01.96910558028282
0 SL-6 R/B(2)
1 08529U 75121  D 79327.93400688  .00000083 +00000-0 +24580-2 0  9998
2 08529 064.1792 345.4174 7459324 279.4650 010.7202 01.96910556028284
0 SL-6 R/B(2)
1 08529U 75121  D 79331.99687090  .00000073 +00000-0 +24438-2 0  9994
2 08529 064.1856 344.8073 7458880 279.4358 010.7308 01.96902263028369
0 SL-6 R/B(2)
1 08529U 75121  D 79334.02832418 -.00000111 +00000-0 +14322-2 0  9992
2 08529 064.1924 344.5222 7458813 279.4339 010.6520 01.96895924028408
0 SL-6 R/B(2)
1 08529U 75121  D 79335.04405858 -.00000132 +00000-0 +13364-2 0  9997
2 08529 064.1913 344.3745 7458161 279.4225 010.6285 01.96894689028421
0 SL-6 R/B(2)
1 08529U 75121  D 79335.04412350  .00000731 +00000-0 +60555-2 0  9990
2 08529 064.2013 344.3720 7459294 279.4450 010.6890 01.96901597028423
0 SL-6 R/B(2)
1 08529U 75121  D 79335.04416150 -.00000135 +00000-0 +13223-2 0  9991
2 08529 064.1888 344.3745 7458149 279.4218 010.7012 01.96894657028424
0 SL-6 R/B(2)
1 08529U 75121  D 79337.07557363 -.00000069 +00000-0 +16901-2 0  9990
2 08529 064.1961 344.0542 7458630 279.4234 010.6200 01.96895914028460
0 SL-6 R/B(2)
1 08529U 75121  D 79338.09144339 -.00000119 +00000-0 +14370-2 0  9992
2 08529 064.1980 343.9130 7457840 279.4062 010.6822 01.96896059028486
0 SL-6 R/B(2)
1 08529U 75121  D 79339.10691118  .00000963 +00000-0 +74030-2 0  9992
2 08529 064.1710 343.7258 7458979 279.4038 010.7090 01.96916083028504
0 SL-6 R/B(2)
1 08529U 75121  D 79339.10725032  .00001021 +00000-0 +77981-2 0  9999
2 08529 064.1691 343.7419 7458589 279.3988 010.9502 01.96916701028508
0 SL-6 R/B(2)
1 08529U 75121  D 79340.12257986  .00000941 +00000-0 +72603-2 0  9997
2 08529 064.1795 343.5711 7459120 279.3911 010.7188 01.96920392028525
0 SL-6 R/B(2)
1 08529U 75121  D 79341.13823405  .00001016 +00000-0 +78082-2 0  9995
2 08529 064.1906 343.4236 7458423 279.3760 010.7475 01.96926559028549
0 SL-6 R/B(2)
1 08529U 75121  D 79344.18503171  .00002605 +00000-0 +16738-1 0  9992
2 08529 064.2002 342.9779 7458210 279.2428 010.7035 01.96950440028602
0 SL-6 R/B(2)
1 08529U 75121  D 79344.18517288 -.00000081 +00000-0 +17585-2 0  9995
2 08529 064.1866 342.9921 7456495 279.3645 010.2766 01.96915094028605
0 SL-6 R/B(2)
1 08529U 75121  D 79344.18589048 -.00000080 +00000-0 +17588-2 0  9990
2 08529 064.1866 342.9920 7456494 279.3644 010.7853 01.96915097028607
0 SL-6 R/B(2)
1 08529U 75121  D 79348.75612832 -.00000384 +00000-0 +00000-0 0  9991
2 08529 064.2006 342.2877 7456371 279.3302 010.7889 01.96924996028699
0 SL-6 R/B(2)
1 08529U 75121  D 79348.76919347 -.00000357 +00000-0 +00000-0 0  9993
2 08529 064.2011 342.2939 7455910 279.2890 020.0523 01.96924408028690
0 SL-6 R/B(2)
1 08529U 75121  D 79349.26391706 -.00000384 +00000-0 +00000-0 0  9992
2 08529 064.1862 342.2084 7455352 279.3202 010.7791 01.96925357028701
0 SL-6 R/B(2)
1 08529U 75121  D 79349.26392338 -.00000384 +00000-0 +00000-0 0  9994
2 08529 064.1862 342.2084 7455352 279.3202 010.7835 01.96925357028700
0 SL-6 R/B(2)
1 08529U 75121  D 79350.27953666 -.00000385 +00000-0 +00000-0 0  9995
2 08529 064.1823 342.0563 7454860 279.3047 010.7851 01.96925589028724
0 SL-6 R/B(2)
1 08529U 75121  D 79360.43569572 -.00000387 +00000-0 +00000-0 0  9995
2 08529 064.2093 340.5100 7453108 279.2613 010.8720 01.96912462028920
0 SL-6 R/B(2)
1 08529U 75121  D 79360.43593304 -.00000387 +00000-0 +00000-0 0  9995
2 08529 064.2093 340.5100 7453108 279.2613 011.0402 01.96912461028929
0 SL-6 R/B(2)
1 08529U 75121  D 79360.94351059 -.00000387 +00000-0 +00000-0 0  9990
2 08529 064.2098 340.4375 7453174 279.2553 010.8675 01.96911850028934
0 SL-6 R/B(2)
1 08529U 75121  D 79365.00628716 -.00000388 +00000-0 +00000-0 0  9990
2 08529 064.2104 339.8375 7451960 279.2277 010.8762 01.96910056029012
0 SL-6 R/B(2)
1 08529U 75121  D 80002.03758641 -.00000391 +00000-0 +00000-0 0  9998
2 08529 064.2097 339.5167 7451964 279.2446 010.9018 01.96916708029050
0 SL-6 R/B(2)
1 08529U 75121  D 80002.03769565 -.00000391 +00000-0 +00000-0 0  9995
2 08529 064.2098 339.5167 7451963 279.2446 010.9792 01.96916710029052
0 SL-6 R/B(2)
1 08529U 75121  D 80010.16247050 -.00000398 +00000-0 +00000-0 0  9995
2 08529 064.2128 338.3017 7450827 279.1823 010.9787 01.96938163029211
0 SL-6 R/B(2)
1 08529U 75121  D 80011.68562495 -.00000398 +00000-0 +00000-0 0  9996
2 08529 064.2221 338.0761 7448786 279.1309 011.0001 01.96942262029247
0 SL-6 R/B(2)
1 08529U 75121  D 80011.68578485 -.00000398 +00000-0 +00000-0 0  9992
2 08529 064.2221 338.0760 7448784 279.1312 011.1132 01.96942259029240
0 SL-6 R/B(2)
1 08529U 75121  D 80014.22446647 -.00000399 +00000-0 +00000-0 0  9990
2 08529 064.2222 337.6964 7448420 279.1136 011.0157 01.96940621029295
0 SL-6 R/B(2)
1 08529U 75121  D 80018.79458903 -.00000397 +00000-0 +00000-0 0  9992
2 08529 064.2323 337.0196 7446528 279.1342 011.2035 01.96932810029382
0 SL-6 R/B(2)
1 08529U 75121  D 80020.82562199 -.00000397 +00000-0 +00000-0 0  9992
2 08529 064.2321 336.6811 7445257 279.0921 011.1360 01.96929170029429
0 SL-6 R/B(2)
1 08529U 75121  D 80021.84118547 -.00000396 +00000-0 +00000-0 0  9998
2 08529 064.2328 336.5303 7445098 279.0850 011.1095 01.96926629029448
0 SL-6 R/B(2)
1 08529U 75121  D 80026.91929354 -.00000396 +00000-0 +00000-0 0  9997
2 08529 064.2350 335.7826 7444061 279.0445 011.1030 01.96922436029545
0 SL-6 R/B(2)
1 08529U 75121  D 80033.01301100 -.00000399 +00000-0 +00000-0 0  9992
2 08529 064.2405 334.8745 7442929 278.9939 011.2092 01.96936859029669
0 SL-6 R/B(2)
1 08529U 75121  D 80039.61368077 -.00000401 +00000-0 +00000-0 0  9994
2 08529 064.2247 333.9036 7440779 278.9499 011.2109 01.96950641029796
0 SL-6 R/B(2)
1 08529U 75121  D 80044.18345529 -.00000398 +00000-0 +00000-0 0  9994
2 08529 064.2282 333.2222 7439324 278.9283 011.2644 01.96944457029882
0 SL-6 R/B(2)
1 08529U 75121  D 80044.69118849 -.00000398 +00000-0 +00000-0 0  9993
2 08529 064.2284 333.1464 7439251 278.9249 011.2440 01.96942936029897
0 SL-6 R/B(2)
1 08529U 75121  D 80046.72228411 -.00000397 +00000-0 +00000-0 0  9995
2 08529 064.2317 332.8465 7438458 278.9113 011.2936 01.96938252029930
0 SL-6 R/B(2)
1 08529U 75121  D 80048.75342348 -.00000395 +00000-0 +00000-0 0  9994
2 08529 064.2314 332.5427 7438467 278.8977 011.2582 01.96931477029972
0 SL-6 R/B(2)
1 08529U 75121  D 80051.29237942 -.00000393 +00000-0 +00000-0 0  9998
2 08529 064.2318 332.1658 7438076 278.8858 011.2270 01.96926931030023
0 SL-6 R/B(2)
1 08529U 75121  D 80058.90919463 -.00000331 +00000-0 +56037-3 0  9994
2 08529 064.2160 331.0636 7438011 278.8126 011.1739 01.96937554030177
0 SL-6 R/B(2)
1 08529U 75121  D 80074.64956473 -.00000367 +00000-0 +17880-3 0  9997
2 08529 064.2450 328.7233 7430544 278.6970 011.2524 01.96936154030485
0 SL-6 R/B(2)
1 08529U 75121  D 80074.64962390 -.00000365 +00000-0 +19798-3 0  9990
2 08529 064.2400 328.7228 7430425 278.6948 011.2942 01.96936177030486
0 SL-6 R/B(2)
1 08529U 75121  D 80076.68072850 -.00000380 +00000-0 +13007-4 0  9994
2 08529 064.2425 328.4318 7427220 278.6355 011.2648 01.96931220030523
0 SL-6 R/B(2)
1 08529U 75121  D 80078.71191483 -.00000480 +00000-0 -10971-2 0  9991
2 08529 064.2939 328.0989 7429224 278.6759 011.2564 01.96926986030561
0 SL-6 R/B(2)
1 08529U 75121  D 80080.74380202 -.00000403 +00000-0 -28770-3 0  9998
2 08529 064.2110 327.8259 7425575 278.6559 011.7363 01.96926817030602
0 SL-6 R/B(2)
1 08529U 75121  D 80082.77439394 -.00000618 +00000-0 -28582-2 0  9998
2 08529 064.2406 327.5006 7425327 278.6680 011.2434 01.96924818030644
0 SL-6 R/B(2)
1 08529U 75121  D 80083.79001606 -.00000602 +00000-0 -26843-2 0  9993
2 08529 064.2389 327.3546 7424999 278.6626 011.2563 01.96926841030668
0 SL-6 R/B(2)
1 08529U 75121  D 80089.88306449  .00000090 +00000-0 +51470-2 0  9995
2 08529 064.2718 326.4620 7428227 278.6545 011.2664 01.96956690030785
0 SL-6 R/B(2)
1 08529U 75121  D 80089.88341901 -.00000524 +00000-0 -17549-2 0  9990
2 08529 064.2481 326.4408 7425402 278.6380 011.2972 01.96943165030780
0 SL-6 R/B(2)
1 08529U 75121  D 80092.42154477 -.00000304 +00000-0 +80969-3 0  9996
2 08529 064.2933 326.0730 7425095 278.5804 011.1263 01.96954880030838
0 SL-6 R/B(2)
1 08529U 75121  D 80092.42209684 -.00000303 +00000-0 +83638-3 0  9992
2 08529 064.2978 326.0765 7424944 278.5790 011.5184 01.96954919030830
0 SL-6 R/B(2)
1 08529U 75121  D 80098.00675062 -.00000732 +00000-0 -44735-2 0  9990
2 08529 064.2893 325.2538 7423304 278.5982 011.1202 01.96941758030943
0 SL-6 R/B(2)
1 08529U 75121  D 80098.00688091 -.00000732 +00000-0 -44695-2 0  9991
2 08529 064.2893 325.2538 7423317 278.5979 011.2126 01.96941762030944
0 SL-6 R/B(2)
1 08529U 75121  D 80098.00688103 -.00000732 +00000-0 -44677-2 0  9995
2 08529 064.2893 325.2538 7423318 278.5979 011.2127 01.96941764030948
0 SL-6 R/B(2)
1 08529U 75121  D 80102.57670655 -.00000380 +00000-0 -25247-3 0  9998
2 08529 064.2970 324.5919 7420979 278.5179 011.2450 01.96934595031035
0 SL-6 R/B(2)
1 08529U 75121  D 80102.57670656 -.00000336 +00000-0 +31221-3 0  9998
2 08529 064.2966 324.5824 7421148 278.5219 011.2448 01.96935016031035
0 SL-6 R/B(2)
1 08529U 75121  D 80102.57696864 -.00000393 +00000-0 -41525-3 0  9999
2 08529 064.2971 324.5918 7421046 278.5177 011.4306 01.96934457031038
0 SL-6 R/B(2)
1 08529U 75121  D 80108.67015697 -.00000377 +00000-0 -31883-3 0  9993
2 08529 064.3050 323.7077 7418884 278.4736 011.1851 01.96929244031153
0 SL-6 R/B(2)
1 08529U 75121  D 80108.67015911 -.00000377 +00000-0 -31917-3 0  9990
2 08529 064.3050 323.7077 7418887 278.4736 011.1866 01.96929242031150
0 SL-6 R/B(2)
1 08529U 75121  D 80111.71692938 -.00000322 +00000-0 +39083-3 0  9990
2 08529 064.3069 323.2630 7418069 278.4499 011.2190 01.96935913031218
0 SL-6 R/B(2)
1 08529U 75121  D 80111.71694688 -.00000322 +00000-0 +39290-3 0  9994
2 08529 064.3069 323.2630 7418055 278.4501 011.2315 01.96935916031219
0 SL-6 R/B(2)
1 08529U 75121  D 80116.28679421 -.00000292 +00000-0 +79213-3 0  9994
2 08529 064.3076 322.5982 7416376 278.4106 011.2396 01.96950040031308
0 SL-6 R/B(2)
1 08529U 75121  D 80122.37955236 -.00000314 +00000-0 +40235-3 0  9999
2 08529 064.3146 321.6996 7414631 278.3587 011.2173 01.96954186031426
0 SL-6 R/B(2)
1 08529U 75121  D 80122.88728854 -.00000361 +00000-0 -29020-3 0  9991
2 08529 064.3072 321.6249 7413696 278.3674 011.2203 01.96953106031438
0 SL-6 R/B(2)
1 08529U 75121  D 80126.44157461 -.00000345 +00000-0 -15073-3 0  9992
2 08529 064.3094 321.1091 7412544 278.3401 011.2718 01.96944530031501
0 SL-6 R/B(2)
1 08529U 75121  D 80132.53489257 -.00000357 +00000-0 -50705-3 0  9994
2 08529 064.3223 320.2031 7409983 278.2978 011.2452 01.96929394031629
0 SL-6 R/B(2)
1 08529U 75121  D 80132.53492031 -.00000357 +00000-0 -50808-3 0  9992
2 08529 064.3224 320.2031 7409983 278.2978 011.2649 01.96929394031628
0 SL-6 R/B(2)
1 08529U 75121  D 80133.55047971 -.00000331 +00000-0 -11938-3 0  9997
2 08529 064.3242 320.0538 7409614 278.2881 011.2581 01.96929314031641
0 SL-6 R/B(2)
1 08529U 75121  D 80133.55050327 -.00000331 +00000-0 -11770-3 0  9990
2 08529 064.3242 320.0538 7409613 278.2882 011.2748 01.96929315031647
0 SL-6 R/B(2)
1 08529U 75121  D 80144.21389836 -.00000076 +00000-0 +41324-2 0  9997
2 08529 064.2894 318.4842 7404401 278.2029 011.4497 01.96954739031855
0 SL-6 R/B(2)
1 08529U 75121  D 80147.76782488 -.00000255 +00000-0 +96610-3 0  9998
2 08529 064.2836 317.9638 7402130 278.1966 011.3331 01.96956930031923
0 SL-6 R/B(2)
1 08529U 75121  D 80147.76787265 -.00000255 +00000-0 +96610-3 0  9996
2 08529 064.2836 317.9637 7402130 278.1966 011.3670 01.96956937031925
0 SL-6 R/B(2)
1 08529U 75121  D 80150.30653645 -.00000272 +00000-0 +57164-3 0  9994
2 08529 064.2793 317.5915 7403659 278.1471 011.3741 01.96954118031973
0 SL-6 R/B(2)
1 08529U 75121  D 80157.41516149 -.00000281 +00000-0 +18015-3 0  9992
2 08529 064.2750 316.5506 7400315 278.1080 011.4205 01.96935705032117
0 SL-6 R/B(2)
1 08529U 75121  D 80158.43080759 -.00000298 +00000-0 -18276-3 0  9996
2 08529 064.2814 316.4102 7399648 278.1030 011.4753 01.96933361032136
0 SL-6 R/B(2)
1 08529U 75121  D 80159.44638483 -.00000307 +00000-0 -39271-3 0  9990
2 08529 064.2848 316.2661 7399230 278.0947 011.4749 01.96931660032151
0 SL-6 R/B(2)
1 08529U 75121  D 80159.44638484 -.00000307 +00000-0 -39162-3 0  9990
2 08529 064.2848 316.2661 7399231 278.0947 011.4749 01.96931660032152
0 SL-6 R/B(2)
1 08529U 75121  D 80167.57108422 -.00000300 +00000-0 -47205-3 0  9997
2 08529 064.2792 315.0864 7397427 278.0252 011.5841 01.96941738032315
0 SL-6 R/B(2)
1 08529U 75121  D 80176.20268139 -.00000218 +00000-0 +95374-3 0  9996
2 08529 064.3181 313.8596 7395527 277.8863 011.6916 01.96957033032487
0 SL-6 R/B(2)
1 08529U 75121  D 80184.32669611 -.00000187 +00000-0 +13272-2 0  9999
2 08529 064.2763 312.6712 7391681 277.8574 011.7458 01.96938183032640
0 SL-6 R/B(2)
1 08529U 75121  D 80184.32670783 -.00000187 +00000-0 +13272-2 0  9991
2 08529 064.2763 312.6712 7391681 277.8574 011.7541 01.96938196032647
0 SL-6 R/B(2)
1 08529U 75121  D 80185.34225591 -.00000688 +00000-0 +08855-3 0  9995
2 08529 064.3557 312.5519 7390542 277.8567 011.7314 01.96930981032664
0 SL-6 R/B(2)
1 08529U 75121  D 80187.37345836 -.00000396 +00000-0 +04705-3 0  9991
2 08529 064.3479 312.2626 7390156 277.8397 011.7606 01.96930325032706
0 SL-6 R/B(2)
1 08529U 75121  D 80188.38901765 -.00000355 +00000-0 +06025-3 0  9994
2 08529 064.3478 312.1168 7389777 277.8320 011.7441 01.96930230032722
0 SL-6 R/B(2)
1 08529U 75121  D 80189.91240698 -.00000333 +00000-0 +01858-3 0  9990
2 08529 064.3486 311.8991 7389256 277.8203 011.7547 01.96930969032752
0 SL-6 R/B(2)
1 08529U 75121  D 80196.51363131 -.00000309 +00000-0 +09167-3 0  9996
2 08529 064.3340 310.9560 7387332 277.7684 011.8622 01.96945775032888
0 SL-6 R/B(2)
1 08529U 75121  D 80198.03672644 -.00000086 +00000-0 +03062-3 0  9997
2 08529 064.3363 310.7380 7386921 277.7459 011.8575 01.96954525032918
0 SL-6 R/B(2)
1 08529U 75121  D 80199.05217115 -.00000057 +00000-0 +09670-3 0  9997
2 08529 064.3383 310.5924 7386623 277.7408 011.8555 01.96957397032935
0 SL-6 R/B(2)
1 08529U 75121  D 80199.05217118 -.00000057 +00000-0 +09648-3 0  9995
2 08529 064.3383 310.5924 7386624 277.7408 011.8555 01.96957397032936
0 SL-6 R/B(2)
1 08529U 75121  D 80211.23802314 -.00000156 +00000-0 +00943-3 0  9997
2 08529 064.3384 308.8555 7382438 277.6217 011.9740 01.96939039033170
0 SL-6 R/B(2)
1 08529U 75121  D 80213.26909762 -.00000180 +00000-0 +07640-4 0  9996
2 08529 064.3396 308.5674 7381284 277.6136 011.9474 01.96934748033211
0 SL-6 R/B(2)
1 08529U 75121  D 80213.26910887 -.00000181 +00000-0 +04862-4 0  9990
2 08529 064.3397 308.5674 7381286 277.6135 011.9552 01.96934736033217
0 SL-6 R/B(2)
1 08529U 75121  D 80215.30024953 -.00000191 +00000-0 +00000-0 0  9994
2 08529 064.3525 308.2859 7380122 277.6022 011.9504 01.96932733033251
0 SL-6 R/B(2)
1 08529U 75121  D 80221.39366836 -.00000180 +00000-0 +00000-0 0  9997
2 08529 064.3502 307.4180 7378629 277.5411 012.0083 01.96942651033371
0 SL-6 R/B(2)
1 08529U 75121  D 80222.40918569 -.00000178 +00000-0 +00000-0 0  9993
2 08529 064.3244 307.2627 7379687 277.5134 011.9890 01.96945059033396
0 SL-6 R/B(2)
1 08529U 75121  D 80222.40920855 -.00000178 +00000-0 +00000-0 0  9994
2 08529 064.3244 307.2623 7379975 277.5054 012.0168 01.96945357033394
0 SL-6 R/B(2)
1 08529U 75121  D 80223.93243741 -.00000176 +00000-0 +00000-0 0  9993
2 08529 064.3265 307.0452 7379371 277.4958 012.0085 01.96949863033425
0 SL-6 R/B(2)
1 08529U 75121  D 80227.99424806 -.00000168 +00000-0 +00000-0 0  9997
2 08529 064.3248 306.4674 7378804 277.4421 012.0060 01.96957922033507
0 SL-6 R/B(2)
1 08529U 75121  D 80234.08698725 -.00000155 +00000-0 +00000-0 0  9994
2 08529 064.3322 305.6066 7374722 277.4272 012.0391 01.96951044033624
0 SL-6 R/B(2)
1 08529U 75121  D 80241.19564386 -.00000139 +00000-0 +00000-0 0  9991
2 08529 064.3458 304.6194 7370199 277.3822 012.0202 01.96934375033763
0 SL-6 R/B(2)
1 08529U 75121  D 80242.21120256 -.00000136 +00000-0 +00000-0 0  9996
2 08529 064.3450 304.4805 7368820 277.3888 012.0110 01.96933602033784
0 SL-6 R/B(2)
1 08529U 75121  D 80248.81234172 -.00000124 +00000-0 +00000-0 0  9998
2 08529 064.3443 303.5509 7366676 277.3275 012.0519 01.96944069033911
0 SL-6 R/B(2)
1 08529U 75121  D 80250.33560236 -.00000121 +00000-0 +00000-0 0  9998
2 08529 064.3503 303.3365 7368308 277.2643 012.0669 01.96948890033943
0 SL-6 R/B(2)
1 08529U 75121  D 80250.84332597 -.00000120 +00000-0 +00000-0 0  9990
2 08529 064.3493 303.2636 7368059 277.2617 012.0515 01.96950298033951
0 SL-6 R/B(2)
1 08529U 75121  D 80252.36651794 -.00000117 +00000-0 +00000-0 0  9998
2 08529 064.3477 303.0482 7367125 277.2547 012.0440 01.96954392033984
0 SL-6 R/B(2)
1 08529U 75121  D 80258.45912612 -.00000103 +00000-0 +00000-0 0  9998
2 08529 064.3451 302.1878 7364069 277.2203 012.0115 01.96957383034105
0 SL-6 R/B(2)
1 08529U 75121  D 80259.98232712 -.00000100 +00000-0 +00000-0 0  9990
2 08529 064.3468 301.9768 7363123 277.2113 012.0341 01.96954661034138
0 SL-6 R/B(2)
1 08529U 75121  D 80263.02879764 -.00000093 +00000-0 +00000-0 0  9995
2 08529 064.3577 301.5674 7360266 277.1944 012.0690 01.96946725034192
0 SL-6 R/B(2)
1 08529U 75121  D 80263.02880090 -.00000093 +00000-0 +00000-0 0  9999
2 08529 064.3577 301.5674 7360265 277.1944 012.0713 01.96946725034197
0 SL-6 R/B(2)
1 08529U 75121  D 80276.73862501 -.00000063 +00000-0 +00000-0 0  9995
2 08529 064.3609 299.6476 7354299 277.0818 012.0624 01.96946582034461
0 SL-6 R/B(2)
1 08529U 75121  D 80280.29276846 -.00000056 +00000-0 +00000-0 0  9994
2 08529 064.3639 299.1513 7352343 277.0508 012.0578 01.96956006034533
0 SL-6 R/B(2)
1 08529U 75121  D 80281.30819429 -.00000053 +00000-0 +00000-0 0  9994
2 08529 064.3498 298.9941 7352898 277.0380 012.0375 01.96957663034558
0 SL-6 R/B(2)
1 08529U 75121  D 80282.83133939 -.00000050 +00000-0 +00000-0 0  9995
2 08529 064.3624 298.8046 7350199 277.0256 012.0394 01.96958893034588
0 SL-6 R/B(2)
1 08529U 75121  D 80282.83134211 -.00000050 +00000-0 +00000-0 0  9999
2 08529 064.3624 298.8046 7350199 277.0256 012.0414 01.96958905034585
0 SL-6 R/B(2)
1 08529U 75121  D 80289.93962278 -.00000034 +00000-0 +00000-0 0  9991
2 08529 064.3653 297.8163 7347898 276.9783 012.1153 01.96947750034724
0 SL-6 R/B(2)
1 08529U 75121  D 80290.95507671 -.00000032 +00000-0 +00000-0 0  9995
2 08529 064.3629 297.6755 7347551 276.9743 012.1066 01.96945653034749
0 SL-6 R/B(2)
1 08529U 75121  D 80290.95507676 -.00000032 +00000-0 +00000-0 0  9990
2 08529 064.3624 297.6754 7347556 276.9742 012.1066 01.96945666034741
0 SL-6 R/B(2)
1 08529U 75121  D 80290.95511578 -.00000032 +00000-0 +00000-0 0  9996
2 08529 064.3684 297.6756 7347479 276.9776 012.1349 01.96945648034744
0 SL-6 R/B(2)
1 08529U 75121  D 80297.04826510 -.00000018 +00000-0 +00000-0 0  9992
2 08529 064.3566 296.8381 7345255 276.9092 012.0722 01.96935519034862
0 SL-6 R/B(2)
1 08529U 75121  D 80299.07942467 -.00000013 +00000-0 +00000-0 0  9992
2 08529 064.3587 296.5614 7343896 276.8991 012.0857 01.96936323034905
0 SL-6 R/B(2)
1 08529U 75121  D 80302.12613098 -.00000006 +00000-0 +00000-0 0  9990
2 08529 064.3548 296.1118 7343060 276.8607 012.1323 01.96941726034962
0 SL-6 R/B(2)
1 08529U 75121  D 80306.18815335  .00000002 +00000-0 +00000-0 0  9993
2 08529 064.3545 295.5516 7341341 276.8243 012.1654 01.96953183035047
0 SL-6 R/B(2)
1 08529U 75121  D 80310.75760594  .00000012 +00000-0 +00000-0 0  9998
2 08529 064.3582 294.9427 7337326 276.7741 012.1736 01.96959990035135
0 SL-6 R/B(2)
1 08529U 75121  D 80317.35821943  .00000026 +00000-0 +00000-0 0  9992
2 08529 064.3575 294.0369 7334019 276.7160 012.2828 01.96947427035263
0 SL-6 R/B(2)
1 08529U 75121  D 80318.88150425  .00000029 +00000-0 +00000-0 0  9994
2 08529 064.3559 293.8315 7333239 276.7006 012.3236 01.96944037035296
0 SL-6 R/B(2)
1 08529U 75121  D 80319.89699814  .00000032 +00000-0 +00000-0 0  9990
2 08529 064.3572 293.6993 7333082 276.6864 012.3069 01.96941537035317
0 SL-6 R/B(2)
1 08529U 75121  D 80324.97471565  .00000043 +00000-0 +00000-0 0  9998
2 08529 064.3594 292.9990 7331038 276.6449 012.2963 01.96936017035418
0 SL-6 R/B(2)
1 08529U 75121  D 80330.05250999  .00000054 +00000-0 +00000-0 0  9992
2 08529 064.3565 292.2977 7329567 276.5998 012.3812 01.96945189035511
0 SL-6 R/B(2)
1 08529U 75121  D 80337.66850138  .00000071 +00000-0 +00000-0 0  9996
2 08529 064.3754 291.2393 7324488 276.5146 012.4314 01.96960671035661
0 SL-6 R/B(2)
1 08529U 75121  D 80338.17622424  .00000072 +00000-0 +00000-0 0  9999
2 08529 064.3681 291.1615 7324494 276.5110 012.4417 01.96960643035678
0 SL-6 R/B(2)
1 08529U 75121  D 80339.19167556  .00000074 +00000-0 +00000-0 0  9994
2 08529 064.3656 291.0227 7323957 276.5024 012.4539 01.96959911035698
0 SL-6 R/B(2)
1 08529U 75121  D 80343.76133826  .00000084 +00000-0 +00000-0 0  9996
2 08529 064.3647 290.3977 7322004 276.4632 012.5482 01.96950454035789
0 SL-6 R/B(2)
1 08529U 75121  D 80346.80789182  .00000090 +00000-0 +00000-0 0  9993
2 08529 064.3647 289.9760 7320166 276.4424 012.5996 01.96942561035846
0 SL-6 R/B(2)
1 08529U 75121  D 80350.87002813  .00000099 +00000-0 +00000-0 0  9993
2 08529 064.3612 289.4400 7319113 276.4027 012.5774 01.96936351035926
0 SL-6 R/B(2)
1 08529U 75121  D 80352.90115385  .00000104 +00000-0 +00000-0 0  9995
2 08529 064.3593 289.1631 7318242 276.3841 012.5937 01.96936881035965
0 SL-6 R/B(2)
1 08529U 75121  D 80354.93228619  .00000108 +00000-0 +00000-0 0  9999
2 08529 064.3601 288.8873 7317337 276.3665 012.6284 01.96939905036009
0 SL-6 R/B(2)
1 08529U 75121  D 80355.94784293  .00000110 +00000-0 +00000-0 0  9999
2 08529 064.3426 288.7619 7316642 276.3474 012.6269 01.96940953036027
0 SL-6 R/B(2)
1 08529U 75121  D 80359.50220649  .00000117 +00000-0 +00000-0 0  9992
2 08529 064.3528 288.2720 7314401 276.3101 012.7348 01.96951894036098
0 SL-6 R/B(2)
1 08529U 75121  D 80365.08710437  .00000130 +00000-0 +00000-0 0  9996
2 08529 064.3612 287.5148 7311737 276.2558 012.7175 01.96960760036205
0 SL-6 R/B(2)
1 08529U 75121  D 80365.08710485  .00000130 +00000-0 +00000-0 0  9999
2 08529 064.3612 287.5148 7311741 276.2557 012.7179 01.96960762036205
0 SL-6 R/B(2)
1 08529U 75121  D 81019.90522504  .00000173 +00000-0 +00000-0 0  9997
2 08529 064.3444 284.7217 7301169 276.0590 012.8816 01.96948372036619
0 SL-6 R/B(2)
1 08529U 75121  D 81026.50567052  .00000188 +00000-0 +00000-0 0  9994
2 08529 064.3575 283.8364 7297699 275.9976 012.9142 01.96959905036746
0 SL-6 R/B(2)
1 08529U 75121  D 81027.01335906  .00000189 +00000-0 +00000-0 0  9993
2 08529 064.3669 283.7650 7297581 275.9960 012.8947 01.96959684036757
0 SL-6 R/B(2)
1 08529U 75121  D 81028.02879998  .00000191 +00000-0 +00000-0 0  9992
2 08529 064.3612 283.6357 7297200 275.9866 012.9012 01.96958828036776
0 SL-6 R/B(2)
1 08529U 75121  D 81036.15272533  .00000206 +00000-0 +00000-0 0  9994
2 08529 064.3614 282.5514 7293725 275.9185 012.9709 01.96940235036937
0 SL-6 R/B(2)
1 08529U 75121  D 81040.72261994  .00000216 +00000-0 +00000-0 0  9992
2 08529 064.3617 281.9426 7291320 275.8812 012.9064 01.96935890037026
0 SL-6 R/B(2)
1 08529U 75121  D 81045.80037418  .00000226 +00000-0 +00000-0 0  9999
2 08529 064.3642 281.2633 7289642 275.8399 012.9805 01.96945403037126
0 SL-6 R/B(2)
1 08529U 75121  D 81051.89307970  .00000240 +00000-0 +00000-0 0  9994
2 08529 064.3633 280.4578 7285912 275.7972 012.8437 01.96958002037249
0 SL-6 R/B(2)
1 08529U 75121  D 81052.40092086  .00000240 +00000-0 +00000-0 0  9991
2 08529 064.3850 280.3787 7284937 275.7621 013.0019 01.96959462037259
0 SL-6 R/B(2)
1 08529U 75121  D 81056.97032505  .00000249 +00000-0 +00000-0 0  9996
2 08529 064.3756 279.7807 7282126 275.7204 012.9671 01.96956176037345
0 SL-6 R/B(2)
1 08529U 75121  D 81060.01676655  .00000255 +00000-0 +00000-0 0  9993
2 08529 064.3746 279.3784 7281055 275.6915 013.0010 01.96948799037400
0 SL-6 R/B(2)
1 08529U 75121  D 81066.61765288  .00000267 +00000-0 +00000-0 0  9999
2 08529 064.3727 278.4960 7277259 275.6360 012.9696 01.96936043037531
0 SL-6 R/B(2)
1 08529U 75121  D 81077.78829135  .00000290 +00000-0 +00000-0 0  9997
2 08529 064.3910 277.0293 7271766 275.5185 012.9962 01.96957162037755
0 SL-6 R/B(2)
1 08529U 75121  D 81106.22217164  .00000340 +00000-0 +00000-0 0  9998
2 08529 064.3947 273.3060 7256971 275.2145 013.1788 01.96958942038319
0 SL-6 R/B(2)
1 08529U 75121  D 81113.33033794  .00000359 +00000-0 +00000-0 0  9993
2 08529 064.3869 272.3936 7253062 275.1315 013.2492 01.96951552038457
0 SL-6 R/B(2)
1 08529U 75121  D 81114.34584150  .00000361 +00000-0 +00000-0 0  9995
2 08529 064.3811 272.2463 7253717 275.1072 013.2778 01.96949077038473
0 SL-6 R/B(2)
1 08529U 75121  D 81115.36133044  .00000362 +00000-0 +00000-0 0  9991
2 08529 064.3660 272.1119 7251787 275.1274 013.2798 01.96946212038493
0 SL-6 R/B(2)
1 08529U 75121  D 81116.37684704  .00000364 +00000-0 +00000-0 0  9999
2 08529 064.3642 271.9740 7250780 275.1208 013.2856 01.96943202038513
0 SL-6 R/B(2)
1 08529U 75121  D 81130.08658978  .00000388 +00000-0 +00000-0 0  9993
2 08529 064.3717 270.2184 7244260 274.9497 013.4260 01.96952572038783
0 SL-6 R/B(2)
1 08529U 75121  D 81146.33416584  .00000412 +00000-0 +00000-0 0  9991
2 08529 064.3903 268.1160 7238951 274.7573 013.5726 01.96937405039106
0 SL-6 R/B(2)
1 08529U 75121  D 81152.42753994  .00000421 +00000-0 +00000-0 0  9997
2 08529 064.3872 267.3370 7234721 274.7167 013.6553 01.96939681039225
0 SL-6 R/B(2)
1 08529U 75121  D 81158.01282013  .00000432 +00000-0 +00000-0 0  9999
2 08529 064.3662 266.6129 7235487 274.5959 013.7258 01.96954676039339
0 SL-6 R/B(2)
1 08529U 75121  D 81167.15182587  .00000444 +00000-0 +00000-0 0  9992
2 08529 064.3851 265.4593 7228843 274.5333 013.8387 01.96954690039515
0 SL-6 R/B(2)
1 08529U 75121  D 81169.18275530  .00000446 +00000-0 +00000-0 0  9990
2 08529 064.3749 265.1962 7230272 274.4769 013.8378 01.96949676039551
0 SL-6 R/B(2)
1 08529U 75121  D 81169.18276260  .00000446 +00000-0 +00000-0 0  9991
2 08529 064.3749 265.1962 7230272 274.4769 013.8430 01.96949669039552
0 SL-6 R/B(2)
1 08529U 75121  D 81174.26033599  .00000451 +00000-0 +00000-0 0  9998
2 08529 064.3837 264.5572 7225237 274.4597 013.8493 01.96937296039657
0 SL-6 R/B(2)
1 08529U 75121  D 81187.46191733  .00000471 +00000-0 +00000-0 0  9991
2 08529 064.3773 262.8886 7217922 274.3203 013.9508 01.96959502039911
0 SL-6 R/B(2)
1 08529U 75121  D 81187.46192036  .00000471 +00000-0 +00000-0 0  9998
2 08529 064.3773 262.8886 7217922 274.3203 013.9529 01.96959515039918
0 SL-6 R/B(2)
1 08529U 75121  D 81192.03136032  .00000477 +00000-0 +00000-0 0  9997
2 08529 064.3642 262.2985 7217764 274.2666 013.9744 01.96959754040009
0 SL-6 R/B(2)
1 08529U 75121  D 81203.20179878  .00000485 +00000-0 +00000-0 0  9993
2 08529 064.3514 260.8861 7210923 274.1662 014.0050 01.96936560040225
0 SL-6 R/B(2)
1 08529U 75121  D 81204.21739004  .00000486 +00000-0 +00000-0 0  9999
2 08529 064.3683 260.7786 7209858 274.1468 014.0583 01.96937186040244
0 SL-6 R/B(2)
1 08529U 75121  D 81209.29503502  .00000493 +00000-0 +00000-0 0  9992
2 08529 064.3701 260.1453 7207185 274.0881 014.0961 01.96947057040348
0 SL-6 R/B(2)
1 08529U 75121  D 81216.91083789  .00000503 +00000-0 +00000-0 0  9991
2 08529 064.3714 259.1977 7203037 273.9994 014.0906 01.96961071040493
0 SL-6 R/B(2)
1 08529U 75121  D 81220.46484154  .00000506 +00000-0 +00000-0 0  9990
2 08529 064.3719 258.7436 7200747 273.9731 014.1247 01.96958466040568
0 SL-6 R/B(2)
1 08529U 75121  D 81220.46486219  .00000506 +00000-0 +00000-0 0  9994
2 08529 064.3719 258.7436 7200747 273.9731 014.1393 01.96958460040564
0 SL-6 R/B(2)
1 08529U 75121  D 81220.46486290  .00000506 +00000-0 +00000-0 0  9993
2 08529 064.3712 258.7546 7201079 273.9599 014.1268 01.96957889040565
0 SL-6 R/B(2)
1 08529U 75121  D 81232.14307441  .00000514 +00000-0 +00000-0 0  9990
2 08529 064.3816 257.3123 7200426 273.8136 014.2472 01.96942592040795
0 SL-6 R/B(2)
1 08529U 75121  D 81233.15841536  .00000514 +00000-0 +00000-0 0  9990
2 08529 064.3826 257.1874 7193849 273.8274 013.9317 01.96938142040813
0 SL-6 R/B(2)
1 08529U 75121  D 81233.15874754  .00000513 +00000-0 +00000-0 0  9997
2 08529 064.3826 257.1874 7193849 273.8274 014.1672 01.96938148040816
0 SL-6 R/B(2)
1 08529U 75121  D 81236.20533009  .00000516 +00000-0 +00000-0 0  9994
2 08529 064.3791 256.8032 7192039 273.7752 014.2413 01.96944731040874
0 SL-6 R/B(2)
1 08529U 75121  D 81239.25169456  .00000520 +00000-0 +00000-0 0  9998
2 08529 064.3790 256.4254 7190536 273.7398 014.1949 01.96952861040934
0 SL-6 R/B(2)
1 08529U 75121  D 81242.29801275  .00000524 +00000-0 +00000-0 0  9992
2 08529 064.3803 256.0419 7189143 273.7102 014.1997 01.96958729040991
0 SL-6 R/B(2)
1 08529U 75121  D 81248.89835706  .00000528 +00000-0 +00000-0 0  9994
2 08529 064.3757 255.2210 7188001 273.6274 014.2745 01.96955004041121
0 SL-6 R/B(2)
1 08529U 75121  D 81251.43698240  .00000529 +00000-0 +00000-0 0  9999
2 08529 064.3761 254.9056 7188150 273.5813 014.2531 01.96948571041172
0 SL-6 R/B(2)
1 08529U 75121  D 81252.96022088  .00000529 +00000-0 +00000-0 0  9999
2 08529 064.3768 254.7185 7184300 273.6006 014.2640 01.96944349041202
0 SL-6 R/B(2)
1 08529U 75121  D 81260.06893546  .00000532 +00000-0 +00000-0 0  9998
2 08529 064.3774 253.8544 7181454 273.5177 014.2697 01.96938361041347
0 SL-6 R/B(2)
1 08529U 75121  D 81260.06894611  .00000532 +00000-0 +00000-0 0  9992
2 08529 064.3774 253.8544 7181454 273.5177 014.2772 01.96938393041346
0 SL-6 R/B(2)
1 08529U 75121  D 81266.16198593  .00000538 +00000-0 +00000-0 0  9991
2 08529 064.3773 253.1045 7178492 273.4458 014.3240 01.96952937041467
0 SL-6 R/B(2)
1 08529U 75121  D 81271.23914972  .00000542 +00000-0 +99999-4 0  9996
2 08529 064.3756 252.5176 7174739 273.3658 014.3487 01.96961270041561
0 SL-6 R/B(2)
1 08529U 75121  D 81271.23915238  .00000542 +00000-0 +00000-0 0  9993
2 08529 064.3758 252.5131 7175129 273.3672 014.3505 01.96961136041566
0 SL-6 R/B(2)
1 08529U 75121  D 81271.23915435  .00000542 +00000-0 +99999-4 0  9991
2 08529 064.3758 252.5131 7175129 273.3672 014.3519 01.96961140041566
0 SL-6 R/B(2)
1 08529U 75121  D 81276.82409173  .00000543 +00000-0 +99999-4 0  9999
2 08529 064.3748 251.8331 7172108 273.2987 014.4332 01.96954276041679
0 SL-6 R/B(2)
1 08529U 75121  D 81278.85504283  .00000543 +00000-0 +99999-4 0  9992
2 08529 064.3752 251.5784 7171512 273.2764 014.4402 01.96948435041717
0 SL-6 R/B(2)
1 08529U 75121  D 81278.85505197  .00000543 +00000-0 +99999-4 0  9997
2 08529 064.3752 251.5778 7171507 273.2768 014.4495 01.96948541041718
0 SL-6 R/B(2)
1 08529U 75121  D 81284.94817279  .00000544 +00000-0 +99999-4 0  9992
2 08529 064.3723 250.8328 7168762 273.2069 014.4767 01.96937469041834
0 SL-6 R/B(2)
1 08529U 75121  D 81285.96371805  .00000544 +00000-0 +99999-4 0  9995
2 08529 064.3826 250.6877 7168070 273.2045 014.4740 01.96937475041851
0 SL-6 R/B(2)
1 08529U 75121  D 81285.96373139  .00000544 +00000-0 +99999-4 0  9997
2 08529 064.3826 250.6877 7168070 273.2045 014.4834 01.96937482041853
0 SL-6 R/B(2)
1 08529U 75121  D 81292.05688924  .00000548 +00000-0 +99999-4 0  9990
2 08529 064.3786 249.9403 7165336 273.1324 014.5526 01.96949279041974
0 SL-6 R/B(2)
1 08529U 75121  D 81298.65728530  .00000552 +00000-0 +99999-4 0  9995
2 08529 064.3773 249.1402 7162329 273.0521 014.5811 01.96960039042108
0 SL-6 R/B(2)
1 08529U 75121  D 81300.68818633  .00000553 +00000-0 +99999-4 0  9997
2 08529 064.3644 248.9111 7160263 273.0135 014.6512 01.96959661042147
0 SL-6 R/B(2)
1 08529U 75121  D 81301.19589292  .00000553 +00000-0 +09999-5 0  9992
2 08529 064.3643 248.8495 7160024 273.0074 014.6486 01.96959090042154
0 SL-6 R/B(2)
1 08529U 75121  D 81303.73453837  .00000552 +00000-0 +09999-5 0  9998
2 08529 064.3673 248.5400 7159662 272.9823 014.7006 01.96954739042206
0 SL-6 R/B(2)
1 08529U 75121  D 81307.79647333  .00000551 +00000-0 +09999-5 0  9993
2 08529 064.3691 248.0483 7158520 272.9436 014.7348 01.96944070042288
0 SL-6 R/B(2)
1 08529U 75121  D 81308.81198209  .00000551 +00000-0 +09999-5 0  9990
2 08529 064.3684 247.9262 7157743 272.9247 014.7365 01.96941733042304
0 SL-6 R/B(2)
1 08529U 75121  D 81308.81198481  .00000551 +00000-0 +09999-5 0  9992
2 08529 064.3683 247.9262 7157741 272.9247 014.7384 01.96941733042302
0 SL-6 R/B(2)
1 08529U 75121  D 81313.88966387  .00000551 +00000-0 +09999-5 0  9993
2 08529 064.3694 247.3120 7156631 272.8823 014.7625 01.96937966042409
0 SL-6 R/B(2)
1 08529U 75121  D 81313.88967700  .00000551 +00000-0 +09999-5 0  9993
2 08529 064.3694 247.3120 7156626 272.8823 014.7718 01.96937966042406
0 SL-6 R/B(2)
1 08529U 75121  D 81316.93628520  .00000552 +00000-0 +09999-5 0  9997
2 08529 064.3566 246.9472 7152689 272.8011 014.8019 01.96943176042464
0 SL-6 R/B(2)
1 08529U 75121  D 81316.93634087  .00000552 +00000-0 +09999-5 0  9992
2 08529 064.3567 246.9471 7152700 272.8013 014.8416 01.96943188042464
0 SL-6 R/B(2)
1 08529U 75121  D 81319.98281392  .00000554 +00000-0 +09999-5 0  9999
2 08529 064.3701 246.5772 7152192 272.7721 014.8639 01.96951210042523
0 SL-6 R/B(2)
1 08529U 75121  D 81319.98281409  .00000554 +00000-0 +09999-5 0  9998
2 08529 064.3701 246.5772 7152193 272.7721 014.8640 01.96951210042526
0 SL-6 R/B(2)
1 08529U 75121  D 81319.98283609  .00000554 +00000-0 +09999-5 0  9992
2 08529 064.3712 246.5771 7153177 272.7877 014.8750 01.96950996042524
0 SL-6 R/B(2)
1 08529U 75121  D 81324.04458828  .00000556 +00000-0 +09999-5 0  9994
2 08529 064.3678 246.0885 7150669 272.7252 014.8793 01.96959400042601
0 SL-6 R/B(2)
1 08529U 75121  D 81325.06004514  .00000556 +00000-0 +09999-5 0  9996
2 08529 064.3719 245.9690 7149257 272.7026 014.8989 01.96960163042626
0 SL-6 R/B(2)
1 08529U 75121  D 81333.69142675  .00000553 +00000-0 +09999-5 0  9992
2 08529 064.3649 244.9330 7145522 272.6032 015.0051 01.96946907042796
0 SL-6 R/B(2)
1 08529U 75121  D 81335.72246376  .00000552 +00000-0 +09999-5 0  9990
2 08529 064.3649 244.6893 7144602 272.5782 015.0347 01.96941888042832
0 SL-6 R/B(2)
1 08529U 75121  D 81337.75351752  .00000552 +00000-0 +09999-5 0  9990
2 08529 064.3639 244.4439 7144710 272.5733 015.0453 01.96938157042878
0 SL-6 R/B(2)
1 08529U 75121  D 81340.80012850  .00000551 +00000-0 +09999-5 0  9992
2 08529 064.3638 244.0786 7143335 272.5356 015.0509 01.96937215042934
0 SL-6 R/B(2)
1 08529U 75121  D 81345.87777685  .00000553 +00000-0 +09999-5 0  9990
2 08529 064.3612 243.4734 7141589 272.4796 015.0896 01.96946502043038
0 SL-6 R/B(2)
1 08529U 75121  D 81345.87779544  .00000553 +00000-0 +09999-5 0  9996
2 08529 064.3612 243.4734 7141589 272.4796 015.1028 01.96946537043034
0 SL-6 R/B(2)
1 08529U 75121  D 81345.87779547  .00000553 +00000-0 +09999-5 0  9999
2 08529 064.3612 243.4734 7141596 272.4796 015.1027 01.96946526043039
0 SL-6 R/B(2)
1 08529U 75121  D 81352.47830919  .00000554 +00000-0 +09999-5 0  9995
2 08529 064.3847 242.6512 7136969 272.4009 015.1974 01.96959734043169
0 SL-6 R/B(2)
1 08529U 75121  D 81354.00136850  .00000554 +00000-0 +09999-5 0  9999
2 08529 064.3846 242.4696 7136307 272.3814 015.1509 01.96959925043197
0 SL-6 R/B(2)
1 08529U 75121  D 81362.12508122  .00000549 +00000-0 +99999-4 0  9998
2 08529 064.3840 241.5094 7132843 272.2766 015.2140 01.96943510043352
0 SL-6 R/B(2)
1 08529U 75121  D 81365.67943570  .00000547 +00000-0 +99999-4 0  9999
2 08529 064.3864 241.0991 7131385 272.2287 015.2410 01.96937182043423
0 SL-6 R/B(2)
1 08529U 75121  D 82008.80366100  .00000546 +00000-0 +99999-4 0  9996
2 08529 064.3673 240.1613 7126771 272.1156 015.2783 01.96948044043588
0 SL-6 R/B(2)
1 08529U 75121  D 82017.43492983  .00000545 +00000-0 +99999-4 0  9993
2 08529 064.3860 239.1226 7123998 272.0194 015.3475 01.96959170043753
0 SL-6 R/B(2)
1 08529U 75121  D 82031.65179794  .00000535 +00000-0 +99999-4 0  9994
2 08529 064.3967 237.4541 7117174 271.8447 015.3293 01.96938121044032
0 SL-6 R/B(2)
1 08529U 75121  D 82079.37919622  .00000504 +00000-0 +99999-4 0  9993
2 08529 064.3781 231.8593 7096138 271.2624 015.6719 01.96943017044977
0 SL-6 R/B(2)
1 08529U 75121  D 82082.42576992  .00000501 +00000-0 +99999-4 0  9999
2 08529 064.3734 231.5051 7095816 271.2107 015.6827 01.96937539045039
0 SL-6 R/B(2)
1 08529U 75121  D 82094.10408544  .00000494 +00000-0 +99999-4 0  9995
2 08529 064.3741 230.1512 7091744 271.0939 015.7495 01.96956471045264
0 SL-6 R/B(2)
1 08529U 75121  D 82110.35164507  .00000476 +00000-0 +99999-4 0  9999
2 08529 064.3633 228.2684 7088011 270.8053 015.9410 01.96937459045588
0 SL-6 R/B(2)
1 08529U 75121  D 82110.35164923  .00000476 +00000-0 +99999-4 0  9991
2 08529 064.3633 228.2684 7088011 270.8053 015.9440 01.96937453045585
0 SL-6 R/B(2)
1 08529U 75121  D 82121.01449412  .00000468 +00000-0 +99999-4 0  9996
2 08529 064.3760 227.0608 7084297 270.6504 016.0540 01.96955843045799
0 SL-6 R/B(2)
1 08529U 75121  D 82130.15345461  .00000459 +00000-0 +99999-4 0  9990
2 08529 064.3796 226.0174 7081832 270.5278 016.1758 01.96953648045977
0 SL-6 R/B(2)
1 08529U 75121  D 82132.18437026  .00000456 +00000-0 +99999-4 0  9991
2 08529 064.3795 225.8001 7080989 270.4898 016.1880 01.96948891046017
0 SL-6 R/B(2)
1 08529U 75121  D 82134.21533395  .00000453 +00000-0 +99999-4 0  9990
2 08529 064.3820 225.5651 7079984 270.4587 016.1993 01.96944182046050
0 SL-6 R/B(2)
1 08529U 75121  D 82138.27758587  .00000448 +00000-0 +99999-4 0  9996
2 08529 064.3924 225.0943 7079072 270.4202 016.3039 01.96937941046133
0 SL-6 R/B(2)
1 08529U 75121  D 82139.29301142  .00000447 +00000-0 +99999-4 0  9999
2 08529 064.3924 224.9784 7078749 270.4060 016.2319 01.96938056046156
0 SL-6 R/B(2)
1 08529U 75121  D 82146.40156999  .00000441 +00000-0 +99999-4 0  9992
2 08529 064.3902 224.1641 7076602 270.3085 016.2937 01.96952154046294
0 SL-6 R/B(2)
1 08529U 75121  D 82148.43245986  .00000439 +00000-0 +99999-4 0  9999
2 08529 064.3989 223.9337 7075644 270.2780 016.3135 01.96957108046334
0 SL-6 R/B(2)
1 08529U 75121  D 82149.44787335  .00000438 +00000-0 +99999-4 0  9999
2 08529 064.3988 223.8180 7075332 270.2637 016.3066 01.96958871046356
0 SL-6 R/B(2)
1 08529U 75121  D 82149.95558615  .00000438 +00000-0 +99999-4 0  9992
2 08529 064.3841 223.7539 7075270 270.2598 016.3065 01.96959438046368
0 SL-6 R/B(2)
1 08529U 75121  D 82149.95558788  .00000438 +00000-0 +99999-4 0  9993
2 08529 064.3841 223.7539 7075270 270.2598 016.3077 01.96959457046362
0 SL-6 R/B(2)
1 08529U 75121  D 82159.09453627  .00000426 +00000-0 +99999-4 0  9992
2 08529 064.3739 222.7133 7072681 270.1386 016.4003 01.96950148046542
0 SL-6 R/B(2)
1 08529U 75121  D 82167.72641364  .00000414 +00000-0 +99999-4 0  9995
2 08529 064.3721 221.7363 7070190 270.0198 016.4545 01.96939460046714
0 SL-6 R/B(2)
1 08529U 75121  D 82172.29619851  .00000409 +00000-0 +99999-4 0  9993
2 08529 064.3749 221.2245 7068865 269.9551 016.4788 01.96948628046809
0 SL-6 R/B(2)
1 08529U 75121  D 82173.31167777  .00000409 +00000-0 +99999-4 0  9992
2 08529 064.3749 221.1093 7068578 269.9409 016.4892 01.96951260046826
0 SL-6 R/B(2)
1 08529U 75121  D 82178.89655348  .00000403 +00000-0 +99999-4 0  9990
2 08529 064.3620 220.4568 7068453 269.8547 016.5146 01.96960938046934
0 SL-6 R/B(2)
1 08529U 75121  D 82183.97365189  .00000396 +00000-0 +99999-4 0  9997
2 08529 064.3698 219.8936 7066535 269.7917 016.5534 01.96956918047035
0 SL-6 R/B(2)
1 08529U 75121  D 82186.00453917  .00000392 +00000-0 +99999-4 0  9997
2 08529 064.3697 219.6636 7065991 269.7631 016.5583 01.96952208047073
0 SL-6 R/B(2)
1 08529U 75121  D 82191.08199253  .00000385 +00000-0 +99999-4 0  9993
2 08529 064.3754 219.0957 7064911 269.6862 016.5808 01.96940980047178
0 SL-6 R/B(2)
1 08529U 75121  D 82193.11303877  .00000381 +00000-0 +99999-4 0  9994
2 08529 064.3752 218.8646 7063506 269.6703 016.5519 01.96938637047211
0 SL-6 R/B(2)
1 08529U 75121  D 82193.11309795  .00000382 +00000-0 +99999-4 0  9990
2 08529 064.3752 218.8646 7063506 269.6703 016.5938 01.96938644047214
0 SL-6 R/B(2)
1 08529U 75121  D 82196.15968828  .00000378 +00000-0 +99999-4 0  9990
2 08529 064.3705 218.5239 7063615 269.6095 016.6080 01.96940288047274
0 SL-6 R/B(2)
1 08529U 75121  D 82196.15970018  .00000378 +00000-0 +99999-4 0  9994
2 08529 064.3705 218.5239 7063615 269.6095 016.6164 01.96940352047279
0 SL-6 R/B(2)
1 08529U 75121  D 82203.26802831  .00000370 +00000-0 +99999-4 0  9994
2 08529 064.3590 217.7051 7061986 269.5143 016.6674 01.96957646047412
0 SL-6 R/B(2)
1 08529U 75121  D 82205.29881842  .00000367 +00000-0 +99999-4 0  9994
2 08529 064.3575 217.4761 7061814 269.4804 016.6249 01.96960201047456
0 SL-6 R/B(2)
1 08529U 75121  D 82210.37595106  .00000360 +00000-0 +99999-4 0  9997
2 08529 064.3579 216.9000 7058513 269.4134 016.7286 01.96958451047555
0 SL-6 R/B(2)
1 08529U 75121  D 82213.93005355  .00000354 +00000-0 +99999-4 0  9997
2 08529 064.3643 216.5214 7056865 269.3611 016.7250 01.96949203047621
0 SL-6 R/B(2)
1 08529U 75121  D 82217.99203558  .00000348 +00000-0 +99999-4 0  9995
2 08529 064.3671 216.0727 7054208 269.3212 016.7456 01.96940762047700
0 SL-6 R/B(2)
1 08529U 75121  D 82217.99204453  .00000348 +00000-0 +99999-4 0  9990
2 08529 064.3671 216.0727 7054212 269.3212 016.7518 01.96940742047702
0 SL-6 R/B(2)
1 08529U 75121  D 82238.80917204  .00000320 +00000-0 +99999-4 0  9998
2 08529 064.3639 213.7387 7053444 269.0052 016.8819 01.96955781048117
0 SL-6 R/B(2)
1 08529U 75121  D 82241.34779149  .00000315 +00000-0 +99999-4 0  9999
2 08529 064.3734 213.4212 7051958 269.0013 016.8814 01.96949973048168
0 SL-6 R/B(2)
1 08529U 75121  D 82242.36325898  .00000313 +00000-0 +99999-4 0  9998
2 08529 064.3685 213.3278 7051773 268.9700 016.8823 01.96946993048181
0 SL-6 R/B(2)
1 08529U 75121  D 82243.88649248  .00000311 +00000-0 +99999-4 0  9992
2 08529 064.3726 213.1466 7051838 268.9609 016.8837 01.96943619048215
0 SL-6 R/B(2)
1 08529U 75121  D 82244.90200868  .00000309 +00000-0 +99999-4 0  9994
2 08529 064.3726 213.0348 7051654 268.9438 016.8930 01.96941392048231
0 SL-6 R/B(2)
1 08529U 75121  D 82250.99519183  .00000300 +00000-0 +99999-4 0  9994
2 08529 064.3697 212.3548 7050581 268.8541 016.9457 01.96941125048356
0 SL-6 R/B(2)
1 08529U 75121  D 82254.54943185  .00000296 +00000-0 +99999-4 0  9996
2 08529 064.3666 211.9593 7049944 268.8021 016.9619 01.96949166048422
0 SL-6 R/B(2)
1 08529U 75121  D 82258.10352959  .00000291 +00000-0 +99999-4 0  9990
2 08529 064.3668 211.5651 7049553 268.7504 016.9840 01.96957232048492
0 SL-6 R/B(2)
1 08529U 75121  D 82260.64209024  .00000287 +00000-0 +99999-4 0  9991
2 08529 064.3615 211.2881 7048693 268.7062 017.0091 01.96961168048548
0 SL-6 R/B(2)
1 08529U 75121  D 82278.92069778  .00000258 +00000-0 +99999-4 0  9999
2 08529 064.3685 209.2215 7046284 268.4569 017.1239 01.96942436048908
0 SL-6 R/B(2)
1 08529U 75121  D 82279.93626833  .00000257 +00000-0 +99999-4 0  9991
2 08529 064.3685 209.1082 7046129 268.4421 017.1763 01.96944619048923
0 SL-6 R/B(2)
1 08529U 75121  D 82286.02902205  .00000248 +00000-0 +99999-4 0  9999
2 08529 064.3661 208.4299 7045320 268.3548 017.1716 01.96957794049040
0 SL-6 R/B(2)
1 08529U 75121  D 82305.83086141  .00000218 +00000-0 +99999-4 0  9999
2 08529 064.3608 206.2497 7042514 268.0574 017.3859 01.96941389049431
0 SL-6 R/B(2)
1 08529U 75121  D 82307.86188131  .00000215 +00000-0 +99999-4 0  9993
2 08529 064.3581 206.0225 7042069 268.0335 017.3751 01.96945059049471
0 SL-6 R/B(2)
1 08529U 75121  D 82310.90834359  .00000210 +00000-0 +99999-4 0  9997
2 08529 064.3579 205.6837 7041733 267.9891 017.4147 01.96952714049537
0 SL-6 R/B(2)
1 08529U 75121  D 82318.01635628  .00000199 +00000-0 +99999-4 0  9991
2 08529 064.3506 204.9015 7041504 267.8838 017.4617 01.96959227049676
0 SL-6 R/B(2)
1 08529U 75121  D 82321.06266331  .00000194 +00000-0 +99999-4 0  9996
2 08529 064.3512 204.5640 7039823 267.8277 017.4837 01.96954481049739
0 SL-6 R/B(2)
1 08529U 75121  D 82327.15560216  .00000185 +00000-0 +09999-5 0  9993
2 08529 064.3550 203.9061 7039786 267.7515 017.5326 01.96940339049857
0 SL-6 R/B(2)
1 08529U 75121  D 82333.75654223  .00000174 +00000-0 +09999-5 0  9996
2 08529 064.3604 203.1549 7039577 267.6658 017.5605 01.96941435049987
0 SL-6 R/B(2)
1 08529U 75121  D 82340.86482775  .00000163 +00000-0 +09999-5 0  9995
2 08529 064.3667 202.3583 7038727 267.5562 017.6056 01.96957719050125
0 SL-6 R/B(2)
1 08529U 75121  D 82341.37252299  .00000162 +00000-0 +09999-5 0  9997
2 08529 064.3667 202.3020 7038691 267.5487 017.5948 01.96958411050137
0 SL-6 R/B(2)
1 08529U 75121  D 82345.94192771  .00000155 +00000-0 +09999-5 0  9994
2 08529 064.3695 201.7943 7038312 267.4832 017.6320 01.96958971050224
0 SL-6 R/B(2)
1 08529U 75121  D 82353.55789779  .00000142 +00000-0 +09999-5 0  9996
2 08529 064.3828 200.9228 7037802 267.3910 017.6584 01.96942258050377
0 SL-6 R/B(2)
1 08529U 75121  D 82355.58893626  .00000139 +00000-0 +09999-5 0  9994
2 08529 064.3810 200.7007 7037685 267.3585 017.6692 01.96939051050410
0 SL-6 R/B(2)
1 08529U 75121  D 82361.68211851  .00000129 +00000-0 +09999-5 0  9995
2 08529 064.3980 200.0084 7037202 267.2720 017.7005 01.96942496050530
0 SL-6 R/B(2)
1 08529U 75121  D 82364.72857853  .00000124 +00000-0 +09999-5 0  9996
2 08529 064.3816 199.6716 7037125 267.2307 017.7082 01.96950030050592
0 SL-6 R/B(2)
1 08529U 75121  D 82364.72857856  .00000124 +00000-0 +09999-5 0  9999
2 08529 064.3816 199.6715 7037126 267.2307 017.7082 01.96950042050595
0 SL-6 R/B(2)
1 08529U 75121  D 82364.72858037  .00000124 +00000-0 +09999-5 0  9991
2 08529 064.3816 199.6716 7037128 267.2306 017.7095 01.96950030050598
0 SL-6 R/B(2)
1 08529U 75121  D 83003.79034576  .00000118 +00000-0 +09999-5 0  9996
2 08529 064.3688 199.2466 7037219 267.1641 017.7357 01.96958816050675
0 SL-6 R/B(2)
1 08529U 75121  D 83004.29802795  .00000117 +00000-0 +09999-5 0  9997
2 08529 064.3668 199.1892 7037276 267.1562 017.7128 01.96959209050684
0 SL-6 R/B(2)
1 08529U 75121  D 83008.86743177  .00000110 +00000-0 +09999-5 0  9995
2 08529 064.3540 198.6995 7037474 267.0860 017.7465 01.96957946050771
0 SL-6 R/B(2)
1 08529U 75121  D 83009.37514057  .00000109 +00000-0 +09999-5 0  9993
2 08529 064.3627 198.6474 7037024 267.0799 017.7499 01.96957254050781
0 SL-6 R/B(2)
1 08529U 75121  D 83013.43695437  .00000103 +00000-0 +09999-5 0  9991
2 08529 064.3610 198.2002 7036894 267.0114 017.7719 01.96948338050868
0 SL-6 R/B(2)
1 08529U 75121  D 83014.45243633  .00000102 +00000-0 +09999-5 0  9990
2 08529 064.3714 198.0772 7037086 267.0018 017.7770 01.96945870050889
0 SL-6 R/B(2)
1 08529U 75121  D 83019.53001766  .00000094 +00000-0 +09999-5 0  9993
2 08529 064.3871 197.5255 7036753 266.9266 017.7838 01.96937931050981
0 SL-6 R/B(2)
1 08529U 75121  D 83028.66956547  .00000079 +00000-0 +09999-5 0  9996
2 08529 064.3965 196.5206 7036243 266.7921 017.8261 01.96953285051162
0 SL-6 R/B(2)
1 08529U 75121  D 83028.66958209  .00000079 +00000-0 +09999-5 0  9993
2 08529 064.3965 196.5206 7036242 266.7921 017.8379 01.96953285051161
0 SL-6 R/B(2)
1 08529U 75121  D 83030.70046465  .00000076 +00000-0 +09999-5 0  9990
2 08529 064.3802 196.2988 7036560 266.7603 017.8802 01.96958029051202
0 SL-6 R/B(2)
1 08529U 75121  D 83037.80838520  .00000064 +00000-0 +99999-4 0  9994
2 08529 064.3758 195.4912 7036893 266.6530 017.8890 01.96955460051345
0 SL-6 R/B(2)
1 08529U 75121  D 83038.31609851  .00000064 +00000-0 +99999-4 0  9994
2 08529 064.3885 195.4343 7036998 266.6090 017.8905 01.96954366051353
0 SL-6 R/B(2)
1 08529U 75121  D 83063.70306589  .00000024 +00000-0 +99999-4 0  9993
2 08529 064.3610 192.6151 7037804 266.2915 018.0259 01.96957587051852
0 SL-6 R/B(2)
1 08529U 75121  D 83064.71849354  .00000023 +00000-0 +99999-4 0  9996
2 08529 064.3775 192.5079 7037747 266.2784 018.0271 01.96955904051879
0 SL-6 R/B(2)
1 08529U 75121  D 83077.41231938  .00000004 +00000-0 +99999-4 0  9999
2 08529 064.3785 191.0969 7039187 266.0939 018.0662 01.96939433052124
0 SL-6 R/B(2)
1 08529U 75121  D 83077.41238640  .00000005 +00000-0 +99999-4 0  9997
2 08529 064.3787 191.0969 7039193 266.0937 018.1134 01.96939427052129
0 SL-6 R/B(2)
1 08529U 75121  D 83089.09000958 -.00000015 +00000-0 +99999-4 0  9995
2 08529 064.3837 189.7905 7040033 265.9166 018.1706 01.96961462052350
0 SL-6 R/B(2)
1 08529U 75121  D 83091.62853823 -.00000018 +00000-0 +99999-4 0  9997
2 08529 064.3733 189.5003 7040350 265.8834 018.1844 01.96959194052403
0 SL-6 R/B(2)
1 08529U 75121  D 83091.62855789 -.00000018 +00000-0 +99999-4 0  9990
2 08529 064.3733 189.5003 7040350 265.8834 018.1984 01.96959181052404
0 SL-6 R/B(2)
1 08529U 75121  D 83094.67486045 -.00000022 +00000-0 +99999-4 0  9998
2 08529 064.3659 189.1927 7040420 265.8388 018.1449 01.96950179052464
0 SL-6 R/B(2)
1 08529U 75121  D 83096.19816687 -.00000024 +00000-0 +99999-4 0  9998
2 08529 064.3664 189.0235 7040515 265.8182 018.2048 01.96945983052494
0 SL-6 R/B(2)
1 08529U 75121  D 83099.24471453 -.00000028 +00000-0 +99999-4 0  9999
2 08529 064.3664 188.6857 7040836 265.7739 018.2364 01.96939731052554
0 SL-6 R/B(2)
1 08529U 75121  D 83109.39976947 -.00000043 +00000-0 +99999-4 0  9992
2 08529 064.3579 187.5642 7041894 265.6180 018.2938 01.96952095052750
0 SL-6 R/B(2)
1 08529U 75121  D 83109.39977167 -.00000043 +00000-0 +99999-4 0  9997
2 08529 064.3579 187.5642 7041894 265.6180 018.2954 01.96952114052750
0 SL-6 R/B(2)
1 08529U 75121  D 83122.60039257 -.00000062 +00000-0 +99999-4 0  9996
2 08529 064.3576 186.1011 7043513 265.4239 018.3579 01.96949258053014
0 SL-6 R/B(2)
1 08529U 75121  D 83126.15463285 -.00000066 +00000-0 +99999-4 0  9996
2 08529 064.3590 185.7135 7044748 265.3795 018.3914 01.96943195053083
0 SL-6 R/B(2)
1 08529U 75121  D 83127.17011506 -.00000068 +00000-0 +99999-4 0  9996
2 08529 064.3584 185.5985 7044631 265.3651 018.3676 01.96941076053103
0 SL-6 R/B(2)
1 08529U 75121  D 83127.67788793 -.00000068 +00000-0 +99999-4 0  9990
2 08529 064.3583 185.5438 7043648 265.3512 018.3948 01.96940216053116
0 SL-6 R/B(2)
1 08529U 75121  D 83127.67789166 -.00000068 +00000-0 +99999-4 0  9995
2 08529 064.3583 185.5438 7043649 265.3512 018.3974 01.96940213053113
0 SL-6 R/B(2)
1 08529U 75121  D 83132.24773851 -.00000074 +00000-0 +99999-4 0  9995
2 08529 064.3587 185.0384 7043380 265.2808 018.4270 01.96942038053208
0 SL-6 R/B(2)
1 08529U 75121  D 83136.30968319 -.00000081 +00000-0 +99999-4 0  9999
2 08529 064.3581 184.5848 7044206 265.2228 018.4311 01.96951373053281
0 SL-6 R/B(2)
1 08529U 75121  D 83136.30969442 -.00000081 +00000-0 +99999-4 0  9997
2 08529 064.3602 184.5871 7045857 265.2182 018.4128 01.96951007053283
0 SL-6 R/B(2)
1 08529U 75121  D 83136.30971387 -.00000081 +00000-0 +99999-4 0  9998
2 08529 064.3602 184.5871 7045858 265.2180 018.4263 01.96951004053289
0 SL-6 R/B(2)
1 08529U 75121  D 83139.86375313 -.00000087 +00000-0 +99999-4 0  9995
2 08529 064.3659 184.1968 7045813 265.1692 018.4379 01.96958615053353
0 SL-6 R/B(2)
1 08529U 75121  D 83150.52579094 -.00000100 +00000-0 +99999-4 0  9999
2 08529 064.3647 183.0099 7047744 265.0174 018.4923 01.96947966053567
0 SL-6 R/B(2)
1 08529U 75121  D 83157.12660972 -.00000108 +00000-0 +99999-4 0  9996
2 08529 064.3572 182.2712 7049108 264.9187 018.5239 01.96939302053695
0 SL-6 R/B(2)
1 08529U 75121  D 83162.20412802 -.00000115 +00000-0 +99999-4 0  9996
2 08529 064.3571 181.7063 7050055 264.8446 018.5346 01.96947992053791
0 SL-6 R/B(2)
1 08529U 75121  D 83167.28134813 -.00000123 +00000-0 +99999-4 0  9991
2 08529 064.3569 181.1411 7051037 264.7706 018.5440 01.96959517053890
0 SL-6 R/B(2)
1 08529U 75121  D 83168.29676258 -.00000125 +00000-0 +99999-4 0  9999
2 08529 064.3552 181.0225 7051806 264.7480 018.5377 01.96960506053919
0 SL-6 R/B(2)
1 08529U 75121  D 83168.29677274 -.00000125 +00000-0 +99999-4 0  9998
2 08529 064.3552 181.0225 7051806 264.7480 018.5449 01.96960518053912
0 SL-6 R/B(2)
1 08529U 75121  D 83173.88156805 -.00000131 +00000-0 +99999-4 0  9998
2 08529 064.3740 180.4261 7051422 264.6726 018.5753 01.96957501054029
0 SL-6 R/B(2)
1 08529U 75121  D 83177.94338559 -.00000135 +00000-0 +99999-4 0  9991
2 08529 064.3632 179.9745 7052172 264.6094 018.5883 01.96947623054107
0 SL-6 R/B(2)
1 08529U 75121  D 83177.94339601 -.00000135 +00000-0 +99999-4 0  9990
2 08529 064.3632 179.9745 7052153 264.6091 018.5956 01.96947619054109
0 SL-6 R/B(2)
1 08529U 75121  D 83182.00541253 -.00000139 +00000-0 +99999-4 0  9995
2 08529 064.3557 179.5275 7053198 264.5486 018.6152 01.96939538054184
0 SL-6 R/B(2)
1 08529U 75121  D 83182.00541254 -.00000139 +00000-0 +99999-4 0  9996
2 08529 064.3631 179.5219 7053023 264.5498 018.6195 01.96939715054189
0 SL-6 R/B(2)
1 08529U 75121  D 83186.06752784 -.00000144 +00000-0 +99999-4 0  9994
2 08529 064.3495 179.0796 7054962 264.5020 018.5984 01.96939120054260
0 SL-6 R/B(2)
1 08529U 75121  D 83186.06756780 -.00000144 +00000-0 +99999-4 0  9994
2 08529 064.3495 179.0796 7054962 264.5020 018.6268 01.96939126054262
0 SL-6 R/B(2)
1 08529U 75121  D 83198.25290307 -.00000161 +00000-0 +99999-4 0  9995
2 08529 064.3741 177.6834 7056387 264.3376 018.6468 01.96959028054500
0 SL-6 R/B(2)
1 08529U 75121  D 83198.25292950 -.00000162 +00000-0 +99999-4 0  9992
2 08529 064.4082 177.6877 7057763 264.3163 018.6647 01.96960917054507
0 SL-6 R/B(2)
1 08529U 75121  D 83198.25293022 -.00000161 +00000-0 +99999-4 0  9992
2 08529 064.3741 177.6834 7056387 264.3376 018.6661 01.96959041054500
0 SL-6 R/B(2)
1 08529U 75121  D 83203.83780564 -.00000167 +00000-0 +99999-4 0  9991
2 08529 064.4091 177.0564 7059041 264.2407 018.6829 01.96951294054617
0 SL-6 R/B(2)
1 08529U 75121  D 83203.83780682 -.00000167 +00000-0 +99999-4 0  9992
2 08529 064.4038 177.0535 7059065 264.2400 018.6799 01.96951113054611
0 SL-6 R/B(2)
1 08529U 75121  D 83203.83780689 -.00000167 +00000-0 +99999-4 0  9999
2 08529 064.3980 177.0595 7059485 264.2353 018.6923 01.96951704054610
0 SL-6 R/B(2)
1 08529U 75121  D 83203.83780696 -.00000167 +00000-0 +99999-4 0  9997
2 08529 064.4089 177.0563 7059022 264.2410 018.6832 01.96951255054617
0 SL-6 R/B(2)
1 08529U 75121  D 83213.99289075 -.00000177 +00000-0 +99999-4 0  9991
2 08529 064.3464 175.9575 7062599 264.1128 018.7176 01.96940881054818
0 SL-6 R/B(2)
1 08529U 75121  D 83226.17867117 -.00000191 +00000-0 +99999-4 0  9990
2 08529 064.3607 174.5820 7064490 263.9063 019.0733 01.96961517055051
0 SL-6 R/B(2)
1 08529U 75121  D 83227.19367224 -.00000194 +00000-0 +99999-4 0  9990
2 08529 064.3683 174.4233 7066317 263.9151 018.7573 01.96959616055077
0 SL-6 R/B(2)
1 08529U 75121  D 83227.19367779 -.00000194 +00000-0 +99999-4 0  9995
2 08529 064.3832 174.4315 7065237 263.9329 018.7635 01.96959729055075
0 SL-6 R/B(2)
1 08529U 75121  D 83227.19367823 -.00000194 +00000-0 +99999-4 0  9995
2 08529 064.3894 174.4278 7065196 263.9360 018.7633 01.96959711055079
0 SL-6 R/B(2)
1 08529U 75121  D 83231.76316824 -.00000198 +00000-0 +99999-4 0  9992
2 08529 064.3868 173.9106 7066849 263.8637 018.8196 01.96952378055163
0 SL-6 R/B(2)
1 08529U 75121  D 83234.80964495 -.00000199 +00000-0 +99999-4 0  9994
2 08529 064.3879 173.5723 7067492 263.8252 018.8004 01.96942790055226
0 SL-6 R/B(2)
1 08529U 75121  D 83242.93380633 -.00000207 +00000-0 +99999-4 0  9993
2 08529 064.3360 172.7076 7068197 263.6584 018.8042 01.96943463055389
0 SL-6 R/B(2)
1 08529U 75121  D 83246.99580677 -.00000213 +00000-0 +99999-4 0  9990
2 08529 064.3452 172.2438 7071774 263.6345 018.8941 01.96953742055466
0 SL-6 R/B(2)
1 08529U 75121  D 83252.58057393 -.00000219 +00000-0 +99999-4 0  9992
2 08529 064.3419 171.6141 7073659 263.5562 018.8857 01.96960841055573
0 SL-6 R/B(2)
1 08529U 75121  D 83287.61413803 -.00000247 +00000-0 +99999-4 0  9997
2 08529 064.3407 167.6394 7083473 263.0429 019.0018 01.96946663056262
0 SL-6 R/B(2)
1 08529U 75121  D 83301.83125485 -.00000258 +00000-0 +99999-4 0  9996
2 08529 064.3423 166.0170 7089220 262.8666 019.0053 01.96953493056540
0 SL-6 R/B(2)
1 08529U 75121  D 83305.38528430 -.00000262 +00000-0 +99999-4 0  9992
2 08529 064.3320 165.6096 7090262 262.8115 019.0253 01.96959309056617
0 SL-6 R/B(2)
1 08529U 75121  D 83318.07851973 -.00000266 +00000-0 +99999-4 0  9997
2 08529 064.3329 164.1582 7095162 262.6392 019.0543 01.96938909056861
0 SL-6 R/B(2)
1 08529U 75121  D 83322.64841984 -.00000269 +00000-0 +99999-4 0  9999
2 08529 064.3470 163.6377 7096715 262.5628 019.0741 01.96938648056950
0 SL-6 R/B(2)
1 08529U 75121  D 83332.29539344 -.00000278 +00000-0 +99999-4 0  9995
2 08529 064.3436 162.5308 7100538 262.4317 019.0813 01.96959057057146
0 SL-6 R/B(2)
1 08529U 75121  D 83334.32622457 -.00000279 +00000-0 +99999-4 0  9990
2 08529 064.3437 162.2974 7101380 262.4043 019.0808 01.96959921057183
0 SL-6 R/B(2)
1 08529U 75121  D 83340.41883138 -.00000280 +00000-0 +99999-4 0  9994
2 08529 064.3407 161.5959 7103050 262.2973 019.1089 01.96950343057306
0 SL-6 R/B(2)
1 08529U 75121  D 83343.46528809 -.00000280 +00000-0 +99999-4 0  9993
2 08529 064.3471 161.2429 7104569 262.2563 019.1121 01.96942728057368
0 SL-6 R/B(2)
1 08529U 75121  D 83347.01962360 -.00000281 +00000-0 +99999-4 0  9993
2 08529 064.3533 160.8327 7106185 262.2044 019.1271 01.96937563057434
0 SL-6 R/B(2)
1 08529U 75121  D 83353.62049285 -.00000285 +00000-0 +99999-4 0  9993
2 08529 064.3521 160.0714 7108989 262.1153 019.1351 01.96946494057563
0 SL-6 R/B(2)
1 08529U 75121  D 83360.22088266 -.00000290 +00000-0 +99999-4 0  9995
2 08529 064.3414 159.3074 7111751 262.0390 019.1255 01.96959739057690
0 SL-6 R/B(2)
1 08529U 75121  D 83362.75942720 -.00000291 +00000-0 +99999-4 0  9990
2 08529 064.3856 159.0051 7114412 261.9922 019.1477 01.96959765057749
0 SL-6 R/B(2)
1 08529U 75121  D 83365.29792691 -.00000295 +00000-0 +99999-4 0  9996
2 08529 064.3499 158.7084 7114752 262.0202 019.1918 01.96980878057798
0 SL-6 R/B(2)
1 08529U 75121  D 83365.29795339 -.00000291 +00000-0 +99999-4 0  9994
2 08529 064.3729 158.7126 7114752 262.0160 019.1249 01.96956080057799
0 SL-6 R/B(2)
1 08529U 75121  D 84004.35914292 -.00000291 +00000-0 +99999-4 0  9993
2 08529 064.3909 158.2450 7116551 261.9419 018.6961 01.96947521057872
0 SL-6 R/B(2)
1 08529U 75121  D 84008.42182610 -.00000290 +00000-0 +99999-4 0  9995
2 08529 064.3839 157.7679 7118596 261.8867 019.1397 01.96938653057952
0 SL-6 R/B(2)
1 08529U 75121  D 84012.48395548 -.00000291 +00000-0 +99999-4 0  9993
2 08529 064.3882 157.3003 7120340 261.8300 019.1460 01.96939339058032
0 SL-6 R/B(2)
1 08529U 75121  D 84017.56151678 -.00000294 +00000-0 +99999-4 0  9994
2 08529 064.3872 156.7108 7122427 261.7710 019.1533 01.96950160058139
0 SL-6 R/B(2)
1 08529U 75121  D 84024.16177592 -.00000298 +00000-0 +99999-4 0  9995
2 08529 064.3282 155.9258 7127145 261.7037 019.1442 01.96961144058262
0 SL-6 R/B(2)
1 08529U 75121  D 84031.26981837 -.00000296 +00000-0 +99999-4 0  9997
2 08529 064.3290 155.0934 7130460 261.6114 019.1315 01.96947883058401
0 SL-6 R/B(2)
1 08529U 75121  D 84032.28531246 -.00000296 +00000-0 +99999-4 0  9995
2 08529 064.3283 154.9746 7130902 261.5992 019.1334 01.96945145058428
0 SL-6 R/B(2)
1 08529U 75121  D 84037.36294673 -.00000295 +00000-0 +99999-4 0  9998
2 08529 064.3295 154.3786 7133244 261.5353 019.1522 01.96937424058523
0 SL-6 R/B(2)
1 08529U 75121  D 84038.37852488 -.00000295 +00000-0 +99999-4 0  9994
2 08529 064.3261 154.2602 7133343 261.5328 019.1559 01.96937122058541
0 SL-6 R/B(2)
1 08529U 75121  D 84044.47158417 -.00000297 +00000-0 +99999-4 0  9995
2 08529 064.3199 153.5454 7136098 261.4593 019.1611 01.96949333058660
0 SL-6 R/B(2)
1 08529U 75121  D 84053.10268825 -.00000299 +00000-0 +99999-4 0  9992
2 08529 064.3252 152.5280 7142517 261.3162 019.1483 01.96959946058837
0 SL-6 R/B(2)
1 08529U 75121  D 84070.36606819 -.00000295 +00000-0 +99999-4 0  9994
2 08529 064.3297 150.4852 7151171 261.0942 019.1791 01.96946862059170
0 SL-6 R/B(2)
1 08529U 75121  D 84072.90473439 -.00000296 +00000-0 +99999-4 0  9997
2 08529 064.3073 150.2270 7153595 261.0518 019.1344 01.96953256059220
0 SL-6 R/B(2)
1 08529U 75121  D 84072.90480896 -.00000296 +00000-0 +99999-4 0  9992
2 08529 064.3451 150.1848 7151776 261.0666 019.1832 01.96953007059229
0 SL-6 R/B(2)
1 08529U 75121  D 84109.96904586 -.00000284 +00000-0 +99999-4 0  9993
2 08529 064.3213 145.7577 7170310 260.6111 019.1222 01.96953753059950
0 SL-6 R/B(2)
1 08529U 75121  D 84110.47687158 -.00000284 +00000-0 +99999-4 0  9994
2 08529 064.3222 145.6964 7170816 260.6005 019.2910 01.96954859059966
0 SL-6 R/B(2)
1 08529U 75121  D 84113.52311776 -.00000281 +00000-0 +99999-4 0  9990
2 08529 064.3189 145.3268 7173606 260.5480 019.2188 01.96947604060024
0 SL-6 R/B(2)
1 08529U 75121  D 84185.11429338 -.00000229 +00000-0 +99999-4 0  9990
2 08529 064.3302 136.6133 7214718 259.7200 019.2169 01.96959879061437
0 SL-6 R/B(2)
1 08529U 75121  D 84213.54747218 -.00000197 +00000-0 +99999-4 0  9993
2 08529 064.3361 133.0691 7230239 259.3999 019.1683 01.96960890061995
0 SL-6 R/B(2)
1 08529U 75121  D 84228.77954335 -.00000175 +00000-0 +00000-0 0  9991
2 08529 064.3025 131.1503 7239803 259.2248 019.1732 01.96937373062294
0 SL-6 R/B(2)
1 08529U 75121  D 84228.77954378 -.00000174 +00000-0 +99999-4 0  9996
2 08529 064.3330 131.1579 7239388 259.2255 019.1662 01.96937159062296
0 SL-6 R/B(2)
1 08529U 75121  D 84232.84163603 -.00000170 +00000-0 +00000-0 0  9999
2 08529 064.2999 130.6392 7240743 259.1432 019.1099 01.96942551062371
0 SL-6 R/B(2)
1 08529U 75121  D 84233.85725683 -.00000169 +00000-0 +00000-0 0  9991
2 08529 064.3027 130.5140 7240848 259.1236 019.1768 01.96944993062399
0 SL-6 R/B(2)
1 08529U 75121  D 84241.47315283 -.00000160 +00000-0 +00000-0 0  9990
2 08529 064.2988 129.5478 7245414 259.0493 019.1942 01.96960666062540
0 SL-6 R/B(2)
1 08529U 75121  D 84255.18203825 -.00000137 +00000-0 +00000-0 0  9995
2 08529 064.2960 127.8068 7253786 258.9012 019.1796 01.96936494062811
0 SL-6 R/B(2)
1 08529U 75121  D 84266.35253043 -.00000122 +00000-0 +00000-0 0  9997
2 08529 064.2925 126.3610 7259626 258.7874 019.1699 01.96958156063038
0 SL-6 R/B(2)
1 08529U 75121  D 84269.90651147 -.00000116 +00000-0 +00000-0 0  9991
2 08529 064.2918 125.9074 7262005 258.7460 019.1707 01.96960566063101
0 SL-6 R/B(2)
1 08529U 75121  D 84293.26280089 -.00000076 +00000-0 +00000-0 0  9995
2 08529 064.3031 122.8334 7278747 258.5696 019.1213 01.96957856063562
0 SL-6 R/B(2)
1 08529U 75121  D 84294.78589990 -.00000073 +00000-0 +00000-0 0  9993
2 08529 064.3024 122.6361 7279801 258.5497 019.0849 01.96959890063590
0 SL-6 R/B(2)
1 08529U 75121  D 84301.89388020 -.00000060 +00000-0 +00000-0 0  9991
2 08529 064.3211 121.7255 7284469 258.4722 019.0623 01.96952853063734
0 SL-6 R/B(2)
1 08529U 75121  D 84309.51020240 -.00000044 +00000-0 +00000-0 0  9997
2 08529 064.3195 120.7253 7288860 258.3941 019.0554 01.96936148063881
0 SL-6 R/B(2)
1 08529U 75121  D 84309.51025031 -.00000044 +00000-0 +00000-0 0  9990
2 08529 064.3438 120.7253 7289573 258.3876 019.0555 01.96934882063884
0 SL-6 R/B(2)
1 08529U 75121  D 84316.61897715 -.00000031 +00000-0 +00000-0 0  9991
2 08529 064.3437 119.7915 7294180 258.3127 019.0328 01.96946222064021
0 SL-6 R/B(2)
1 08529U 75121  D 84318.64994133 -.00000028 +00000-0 +00000-0 0  9994
2 08529 064.3312 119.5370 7295227 258.2927 019.0744 01.96952689064066
0 SL-6 R/B(2)
1 08529U 75121  D 84324.74246122  .00000002 +00000-0 +14461-2 0  9999
2 08529 064.3223 118.7341 7299266 258.2308 019.0218 01.96960437064185
0 SL-6 R/B(2)
1 08529U 75121  D 84324.74247657 -.00000016 +00000-0 +00000-0 0  9991
2 08529 064.3413 118.7241 7298382 258.2311 019.0321 01.96959987064180
0 SL-6 R/B(2)
1 08529U 75121  D 84335.40492043  .00000025 +00000-0 +14461-2 0  9994
2 08529 064.3128 117.3262 7305790 258.1251 018.9899 01.96937610064395
0 SL-6 R/B(2)
1 08529U 75121  D 84341.49815121  .00000038 +00000-0 +14461-2 0  9990
2 08529 064.3114 116.5196 7309599 258.0634 018.9830 01.96941624064511
0 SL-6 R/B(2)
1 08529U 75121  D 84346.06781795  .00000051 +00000-0 +14461-2 0  9992
2 08529 064.2678 115.8489 7317276 258.0464 018.8660 01.96953440064603
0 SL-6 R/B(2)
1 08529U 75121  D 84347.59104503  .00000054 +00000-0 +14461-2 0  9990
2 08529 064.2674 115.6453 7318224 258.0319 018.9041 01.96957058064637
0 SL-6 R/B(2)
1 08529U 75121  D 85009.51686943  .00000116 +00000-0 +14461-2 0  9990
2 08529 064.3008 111.9679 7330492 257.8014 018.8778 01.96958833065187
0 SL-6 R/B(2)
1 08529U 75121  D 85010.53228672  .00000119 +00000-0 +14461-2 0  9998
2 08529 064.2891 111.8206 7332294 257.7877 018.8621 01.96960242065206
0 SL-6 R/B(2)
1 08529U 75121  D 85015.10166378  .00000131 +00000-0 +14461-2 0  9994
2 08529 064.2795 111.1958 7335582 257.7442 018.8407 01.96958715065290
0 SL-6 R/B(2)
1 08529U 75121  D 85018.65571826  .00000139 +00000-0 +14461-2 0  9993
2 08529 064.2760 110.7127 7337843 257.7112 018.8195 01.96950293065366
0 SL-6 R/B(2)
1 08529U 75121  D 85022.20997006  .00000148 +00000-0 +14461-2 0  9991
2 08529 064.2701 110.2258 7340259 257.6789 018.8151 01.96940806065434
0 SL-6 R/B(2)
1 08529U 75121  D 85027.79546381  .00000162 +00000-0 +14461-2 0  9992
2 08529 064.2687 109.4682 7343678 257.6256 018.8181 01.96937687065543
0 SL-6 R/B(2)
1 08529U 75121  D 85032.36528040  .00000174 +00000-0 +14461-2 0  9996
2 08529 064.2690 108.8462 7347260 257.5775 018.8049 01.96948880065632
0 SL-6 R/B(2)
1 08529U 75121  D 85044.04280066  .00000205 +00000-0 +14461-2 0  9992
2 08529 064.2650 107.2752 7355419 257.4634 018.7649 01.96956535065867
0 SL-6 R/B(2)
1 08529U 75121  D 85048.10469745  .00000215 +00000-0 +14461-2 0  9997
2 08529 064.2662 106.7178 7357999 257.4252 018.7463 01.96944637065940
0 SL-6 R/B(2)
1 08529U 75121  D 85050.13576452  .00000220 +00000-0 +14461-2 0  9993
2 08529 064.2687 106.4363 7359133 257.4061 018.7028 01.96938192065980
0 SL-6 R/B(2)
1 08529U 75121  D 85077.04601558  .00000292 +00000-0 +14461-2 0  9997
2 08529 064.2527 102.6820 7374986 257.1679 018.7133 01.96940594066510
0 SL-6 R/B(2)
1 08529U 75121  D 85094.30927527  .00000342 +00000-0 +14461-2 0  9998
2 08529 064.2498 100.2718 7385558 257.0155 018.7223 01.96964556066853
0 SL-6 R/B(2)
1 08529U 75121  D 85096.34008127  .00000347 +00000-0 +14461-2 0  9995
2 08529 064.2408 099.9999 7384907 257.0195 018.5393 01.96960465066895
0 SL-6 R/B(2)
1 08529U 75121  D 85109.03402632  .00000380 +00000-0 +14461-2 0  9992
2 08529 064.2442 098.2168 7392653 256.9058 018.6936 01.96938740067140
0 SL-6 R/B(2)
1 08529U 75121  D 85114.11154328  .00000396 +00000-0 +14461-2 0  9990
2 08529 064.2429 097.4992 7395673 256.8627 018.6712 01.96951571067247
0 SL-6 R/B(2)
1 08529U 75121  D 85120.20410672  .00000421 +00000-0 +14461-2 0  9993
2 08529 064.2448 096.6564 7401449 256.8136 018.4511 01.96963252067365
0 SL-6 R/B(2)
1 08529U 75121  D 85140.00652640  .00000483 +00000-0 +14461-2 0  9994
2 08529 064.2295 093.8346 7415270 256.6909 018.5729 01.96945496067750
0 SL-6 R/B(2)
1 08529U 75121  D 85141.02194349  .00000487 +00000-0 +14461-2 0  9998
2 08529 064.2440 093.6697 7415757 256.6923 018.5168 01.96948828067776
0 SL-6 R/B(2)
1 08529U 75121  D 85146.09916269  .00000500 +00000-0 +14461-2 0  9999
2 08529 064.2551 092.9266 7415590 256.6201 018.4699 01.96961734067877
0 SL-6 R/B(2)
1 08529U 75121  D 85153.20716095  .00000518 +00000-0 +14461-2 0  9994
2 08529 064.2212 091.9192 7418132 256.5723 018.4920 01.96956766068014
0 SL-6 R/B(2)
1 08529U 75121  D 85153.20720805  .00000518 +00000-0 +14461-2 0  9998
2 08529 064.2237 091.9245 7418027 256.5583 018.5261 01.96956763068013
0 SL-6 R/B(2)
1 08529U 75121  D 85165.90115827  .00000566 +00000-0 +14461-2 0  9993
2 08529 064.2242 090.0752 7427878 256.4950 018.3539 01.96941553068267
0 SL-6 R/B(2)
1 08529U 75121  D 85173.00956323  .00000592 +00000-0 +14461-2 0  9996
2 08529 064.2177 089.0409 7431028 256.4513 018.3932 01.96961717068405
0 SL-6 R/B(2)
1 08529U 75121  D 85182.14846868  .00000626 +00000-0 +14461-2 0  9991
2 08529 064.1842 087.7700 7437324 256.3675 018.3960 01.96950923068582
0 SL-6 R/B(2)
1 08529U 75121  D 85192.81160029  .00000664 +00000-0 +14461-2 0  9996
2 08529 064.1943 086.1806 7442582 256.2932 018.3019 01.96940206068792
0 SL-6 R/B(2)
1 08529U 75121  D 85196.87372877  .00000685 +00000-0 +14461-2 0  9995
2 08529 064.1763 085.5815 7445331 256.2658 018.3910 01.96953721068870
0 SL-6 R/B(2)
1 08529U 75121  D 85210.07447082  .00000542 +00000-0 +17005-3 0  9995
2 08529 064.2040 083.6002 7452163 256.2128 018.3488 01.96946300069134
0 SL-6 R/B(2)
1 08529U 75121  D 85216.67552625  .00000460 +00000-0 -38314-3 0  9993
2 08529 064.2106 082.6231 7455509 256.1630 018.3410 01.96932884069265
0 SL-6 R/B(2)
1 08529U 75121  D 85216.67557853  .00000460 +00000-0 -38346-3 0  9996
2 08529 064.2106 082.6231 7455509 256.1630 018.3781 01.96932883069265
0 SL-6 R/B(2)
1 08529U 75121  D 85229.36939320  .00000568 +00000-0 +99999-4 0  9999
2 08529 064.1893 080.7213 7462317 256.0526 018.5106 01.96961829069517
0 SL-6 R/B(2)
1 08529U 75121  D 85247.64828201  .00000593 +00000-0 +99999-4 0  9993
2 08529 064.1757 077.9979 7471814 255.9454 018.3236 01.96940088069878
0 SL-6 R/B(2)
1 08529U 75121  D 85251.20260457  .00000600 +00000-0 +99999-4 0  9992
2 08529 064.1913 077.4476 7472110 255.9064 018.3995 01.96953615069946
0 SL-6 R/B(2)
1 08529U 75121  D 85255.77205812  .00000608 +00000-0 +99999-4 0  9990
2 08529 064.1649 076.7860 7473707 255.8550 018.3950 01.96963394070031
0 SL-6 R/B(2)
1 08529U 75121  D 85258.81832764  .00000612 +00000-0 +99999-4 0  9995
2 08529 064.1394 076.3518 7474542 255.8407 018.4181 01.96962818070096
0 SL-6 R/B(2)
1 08529U 75121  D 85262.88003176  .00000621 +00000-0 +99999-4 0  9994
2 08529 064.1183 075.6582 7480549 255.8230 018.3276 01.96952286070174
0 SL-6 R/B(2)
1 08529U 75121  D 85289.79033024  .00000660 +00000-0 +99999-4 0  9991
2 08529 064.1375 071.5918 7493910 255.6858 018.2467 01.96954699070705
0 SL-6 R/B(2)
1 08529U 75121  D 85323.30089515  .00000717 +00000-0 +99999-4 0  9996
2 08529 064.1033 066.4332 7511857 255.5195 018.1497 01.96943745071368
0 SL-6 R/B(2)
1 08529U 75121  D 85323.80851880  .00000711 +00000-0 +99999-4 0  9997
2 08529 064.1192 066.3777 7510415 255.5346 018.0017 01.96942345071376
0 SL-6 R/B(2)
1 08529U 75121  D 85325.33192300  .00000718 +00000-0 +99999-4 0  9999
2 08529 064.1143 066.1465 7512267 255.5226 018.0575 01.96941190071408
0 SL-6 R/B(2)
1 08529U 75121  D 85325.33193383  .00000718 +00000-0 +99999-4 0  9991
2 08529 064.1145 066.1467 7512293 255.5220 018.0653 01.96941179071409
0 SL-6 R/B(2)
1 08529U 75121  D 85331.42481365  .00000737 +00000-0 +99999-4 0  9999
2 08529 064.1108 065.1991 7515547 255.4929 018.0371 01.96959055071521
0 SL-6 R/B(2)
1 08529U 75121  D 85336.50175438  .00000749 +00000-0 +99999-4 0  9997
2 08529 064.1079 064.4114 7517346 255.4695 018.0092 01.96973498071624
0 SL-6 R/B(2)
1 08529U 75121  D 85342.59389256  .00000759 +00000-0 +99999-4 0  9999
2 08529 064.1026 063.4745 7519248 255.4207 018.1092 01.96973353071741
0 SL-6 R/B(2)
1 08529U 75121  D 85343.60908941  .00000759 +00000-0 +99999-4 0  9990
2 08529 064.1032 063.3208 7519432 255.4165 017.9877 01.96970875071765
0 SL-6 R/B(2)
1 08529U 75121  D 85348.68612887  .00000769 +00000-0 +99999-4 0  9995
2 08529 064.0993 062.5309 7521883 255.3936 017.9625 01.96957093071860
0 SL-6 R/B(2)
1 08529U 75121  D 85353.25571171  .00000776 +00000-0 +99999-4 0  9992
2 08529 064.0945 061.8098 7522985 255.3695 018.1597 01.96959726071956
0 SL-6 R/B(2)
1 08529U 75121  D 85356.30169739  .00000781 +00000-0 +99999-4 0  9990
2 08529 064.0934 061.3346 7523627 255.3494 018.0031 01.96967355072013
0 SL-6 R/B(2)
1 08529U 75121  D 85357.31693980  .00000797 +00000-0 +99999-4 0  9999
2 08529 064.0880 061.1599 7525464 255.3467 017.9516 01.96972028072033
0 SL-6 R/B(2)
1 08529U 75121  D 85360.87061966  .00000822 +00000-0 +99999-4 0  9996
2 08529 064.0872 060.5994 7527542 255.3609 018.0826 01.96995769072104
0 SL-6 R/B(2)
1 08529U 75121  D 85362.39326216  .00000824 +00000-0 +99999-4 0  9999
2 08529 064.0902 060.3667 7527744 255.3480 017.9373 01.97000677072138
0 SL-6 R/B(2)
1 08529U 75121D   86003.48450477  .00000851 +00000-0 +99999-4 0  9999
2 08529 064.0838 059.4118 7530435 255.3184 017.9546 01.97004471072259
0 SL-6 R/B(2)
1 08529U 75121D   86008.05214455  .00000869 +00000-0 +99999-4 0  9990
2 08529 064.0780 058.6860 7532065 255.2514 017.9063 01.97007860072346
0 SL-6 R/B(2)
1 08529U 75121D   86008.05218436  .00000866 +00000-0 +99999-4 0  9990
2 08529 064.0786 058.6886 7531934 255.2660 017.8637 01.97006335072348
0 SL-6 R/B(2)
1 08529U 75121D   86017.18856044  .00000963 +00000-0 +99999-4 0  9995
2 08529 064.0648 057.2434 7537942 255.2414 017.9263 01.97019047072521
0 SL-6 R/B(2)
1 08529U 75121D   86018.20366497  .00000920 +00000-0 +99999-4 0  9990
2 08529 064.0741 057.0815 7535349 255.2567 018.0930 01.97035644072540
0 SL-6 R/B(2)
1 08529U 75121D   86020.74099963  .00000995 +00000-0 +99999-4 0  9995
2 08529 064.0756 056.6876 7539097 255.2331 017.9464 01.97044787072594
0 SL-6 R/B(2)
1 08529U 75121D   86022.77088785  .00000990 +00000-0 +99999-4 0  9995
2 08529 064.0710 056.3875 7538914 255.1801 017.8242 01.97048064072638
0 SL-6 R/B(2)
1 08529U 75121D   86023.27836733  .00001001 +00000-0 +99999-4 0  9999
2 08529 064.0597 056.2775 7539245 255.1987 017.9335 01.97057391072640
0 SL-6 R/B(2)
1 08529U 75121D   86024.29325266  .00000929 +00000-0 +99999-4 0  9994
2 08529 064.0579 056.0989 7535317 255.2339 018.2289 01.97077106072663
0 SL-6 R/B(2)
1 08529U 75121D   86025.30771800  .00003207 +00000-0 +61451-3 0  9999
2 08529 064.0642 055.9417 7537905 255.1933 017.9986 01.97093473072689
0 SL-6 R/B(2)
1 08529U 75121D   86025.30772127  .00000944 +00000-0 +99999-4 0  9996
2 08529 064.0600 055.9430 7536217 255.2218 017.9775 01.97080073072688
0 SL-6 R/B(2)
1 08529U 75121D   86026.82978751  .00003764 +00000-0 +72140-3 0  9996
2 08529 064.0629 055.7002 7538652 255.1829 018.0125 01.97107020072711
0 SL-6 R/B(2)
1 08529U 75121D   86027.33708920  .00003808 +00000-0 +72255-3 0  9998
2 08529 064.0616 055.6191 7538823 255.1807 017.9893 01.97110345072726
0 SL-6 R/B(2)
1 08529U 75121D   86028.85905570  .00003923 +00000-0 +71951-3 0  9996
2 08529 064.0608 055.3778 7539361 255.1731 017.9973 01.97119288072756
0 SL-6 R/B(2)
1 08529U 75121D   86033.42454907  .00003722 +00000-0 +58695-3 0  9995
2 08529 064.0579 054.6567 7540995 255.1491 017.9368 01.97134623072847
0 SL-6 R/B(2)
1 08529U 75121D   86034.43912061  .00003793 +00000-0 +58729-3 0  9993
2 08529 064.0566 054.4947 7541323 255.1451 017.9665 01.97136930072860
0 SL-6 R/B(2)
1 08529U 75121D   86039.51162716  .00004081 +00000-0 +56159-3 0  9997
2 08529 064.0500 053.6837 7543152 255.1251 017.9922 01.97149296072963
0 SL-6 R/B(2)
1 08529U 75121D   86042.55448661  .00004788 +00000-0 +64015-3 0  9995
2 08529 064.0478 053.1992 7544028 255.0965 018.0089 01.97178720073026
0 SL-6 R/B(2)
1 08529U 75121D   86043.56877380  .00004874 +00000-0 +63708-3 0  9995
2 08529 064.0470 053.0345 7544320 255.0916 018.0348 01.97187830073042
0 SL-6 R/B(2)
1 08529U 75121D   86045.08996863  .00005806 +00000-0 +76969-3 0  9991
2 08529 064.0415 052.7913 7544618 255.0974 017.9809 01.97211951073077
0 SL-6 R/B(2)
1 08529U 75121D   86048.13216102  .00005589 +00000-0 +67938-3 0  9995
2 08529 064.0387 052.3039 7545335 255.0796 017.9609 01.97242382073136
0 SL-6 R/B(2)
1 08529U 75121D   86052.18764656  .00004965 +00000-0 +50673-3 0  9992
2 08529 064.0353 051.6487 7546693 255.0570 017.9005 01.97280356073218
0 SL-6 R/B(2)
1 08529U 75121D   86053.20158089  .00004898 +00000-0 +48427-3 0  9992
2 08529 064.0378 051.4920 7546949 255.0557 018.0002 01.97288163073239
0 SL-6 R/B(2)
1 08529U 75121D   86054.72218582  .00005061 +00000-0 +43327-3 0  9992
2 08529 064.0363 051.2411 7548725 255.0566 018.0355 01.97301979073265
0 SL-6 R/B(2)
1 08529U 75121D   86055.22898995  .00005158 +00000-0 +44073-3 0  9996
2 08529 064.0354 051.1605 7548792 255.0565 018.0171 01.97306839073279
0 SL-6 R/B(2)
1 08529U 75121D   86059.28313908  .00012079 -48208-4 +38638-3 0  9999
2 08529 064.0355 050.5010 7550866 255.0446 017.9888 01.97340968073359
0 SL-6 R/B(2)
1 08529U 75121D   86060.29658136  .00012091 -48233-4 +41085-3 0  9999
2 08529 064.0292 050.3376 7550048 255.0558 017.9519 01.97345891073371
0 SL-6 R/B(2)
1 08529U 75121D   86062.32343930  .00012206 -48116-4 +36018-3 0  9996
2 08529 064.0231 050.0199 7551983 255.0339 017.9604 01.97355799073418
0 SL-6 R/B(2)
1 08529U 75121D   86067.89611281  .00013136 -48152-4 +38541-3 0  9996
2 08529 064.0190 049.1432 7553281 255.0129 017.5433 01.97390865073522
0 SL-6 R/B(2)
1 08529U 75121D   86068.90993129  .00013334 -48136-4 +39101-3 0  9998
2 08529 064.0175 048.9798 7553530 255.0082 017.9879 01.97398673073547
0 SL-6 R/B(2)
1 08529U 75121D   86071.44272672  .00013309 -48093-4 +35687-3 0  9993
2 08529 064.0155 048.5679 7554336 254.9975 017.9655 01.97419283073591
0 SL-6 R/B(2)
1 08529U 75121D   86071.94925985  .00013300 -48053-4 +35170-3 0  9994
2 08529 064.0143 048.4873 7554453 254.9948 017.9585 01.97422969073602
0 SL-6 R/B(2)
1 08529U 75121D   86071.94927270  .00013196 -48065-4 +35273-3 0  9993
2 08529 064.0121 048.4847 7554179 254.9941 017.9621 01.97422633073606
0 SL-6 R/B(2)
1 08529U 75121D   86075.49486027  .00012662 -47995-4 +28672-3 0  9990
2 08529 064.0074 047.9156 7554982 254.9791 017.9400 01.97448398073673
0 SL-6 R/B(2)
1 08529U 75121D   86076.00132551  .00012598 -47994-4 +24958-3 0  9998
2 08529 064.0183 047.7988 7556304 254.9859 017.9503 01.97453209073682
0 SL-6 R/B(2)
1 08529U 75121D   86079.03976634  .00011957 -47977-4 +18332-3 0  9990
2 08529 064.0295 047.2980 7557632 254.9656 017.8454 01.97476485073745
0 SL-6 R/B(2)
1 08529U 75121D   86084.10301416  .00012005 -47867-4 +15463-3 0  9999
2 08529 064.0185 046.4946 7559004 254.9330 017.8865 01.97530690073846
0 SL-6 R/B(2)
1 08529U 75121D   86088.15265452  .00012647 -47931-4 +15902-3 0  9999
2 08529 064.0155 045.8344 7559913 254.9175 017.9126 01.97568412073927
0 SL-6 R/B(2)
1 08529U 75121D   86090.68325434  .00011826 -47878-4 +11207-3 0  9999
2 08529 064.0149 045.4137 7561058 254.9390 017.8556 01.97583452073970
0 SL-6 R/B(2)
1 08529U 75121D   86094.22593222  .00012461 -47880-4 +11651-3 0  9997
2 08529 064.0035 044.8166 7561963 254.9228 018.0126 01.97611097074046
0 SL-6 R/B(2)
1 08529U 75121D   86105.86240840  .00013471 -47727-4 +68859-4 0  9990
2 08529 063.9768 042.9344 7565352 254.9113 017.8752 01.97699272074271
0 SL-6 R/B(2)
1 08529U 75121D   86107.88548389  .00013803 -47768-4 +56349-4 0  9998
2 08529 063.9789 042.6000 7566318 254.8992 017.8998 01.97727431074313
0 SL-6 R/B(2)
1 08529U 75121D   86108.89682619  .00014200 -47797-4 +56355-4 0  9996
2 08529 063.9769 042.4351 7566548 254.8951 017.8139 01.97739994074334
0 SL-6 R/B(2)
1 08529U 75121D   86110.91934111  .00014548 -47804-4 +44648-4 0  9995
2 08529 063.9746 042.1364 7567683 254.8678 017.8142 01.97778120074379
0 SL-6 R/B(2)
1 08529U 75121D   86111.93045230  .00014782 -47712-4 +47499-4 0  9998
2 08529 063.9707 041.9655 7567416 254.8546 017.8170 01.97795648074391
0 SL-6 R/B(2)
1 08529U 75121D   86114.96345876  .00015299 -47679-4 +46131-4 0  9991
2 08529 063.9675 041.4740 7567464 254.8515 017.9073 01.97857503074453
0 SL-6 R/B(2)
1 08529U 75121D   86131.11640076  .00028480 -47516-4 +40609-4 0  9997
2 08529 063.9709 038.8593 7570419 254.8585 017.7408 01.98397414074774
0 SL-6 R/B(2)
1 08529U 75121D   86136.15438476  .00034806 -47429-4 +63945-4 0  9995
2 08529 063.9608 037.9874 7566983 254.8223 018.5603 01.98663278074875
0 SL-6 R/B(2)
1 08529U 75121D   86141.68385213  .00040781 -47370-4 +59749-4 0  9990
2 08529 063.9519 037.0402 7565593 254.7735 017.6829 01.99066616074983
0 SL-6 R/B(2)
1 08529U 75121D   86146.69849730  .00401554 -47214-4 +43755-3 0  9990
2 08529 063.9386 036.2281 7565853 254.8113 017.3529 01.99519683075084
0 SL-6 R/B(2)
1 08529U 75121D   86146.70348311  .00015584 -47284-4 +81767-5 0  9999
2 08529 063.9386 036.2273 7565854 254.8113 021.3156 01.99483272075081
0 SL-6 R/B(2)
1 08529U 75121D   86170.09999999  .00215204 -43392-4 +99999-4 0  9994
2 08529 063.9350 032.2420 7454943 254.6160 003.4340 02.14134739075588
0 SL-6 R/B(2)
1 08529U 75121D   86174.19999999  .00297790 -38954-4 +99999-4 0  9997
2 08529 063.9190 031.4580 7303682 254.6060 063.9310 02.33715859075677
