0 ARIANE 2 DEB
1 27035U 89006Q   01340.07205518 -.00000167 +00000-0 +10000-4 0  9996
2 27035 008.3790 305.3577 7173919 120.7555 329.5373 02.27890637003108
0 ARIANE 2 DEB
1 27035U 89006Q   01358.04405362 -.00000159 +00000-0 +10000-4 0  9992
2 27035 008.3460 298.5064 7172553 134.3168 317.9774 02.27984689003523
0 ARIANE 2 DEB
1 27035U 89006Q   01365.04726413 +.00002285 +00000-0 +17530-1 0  9996
2 27035 008.3260 295.8746 7172551 139.5744 306.4115 02.28026657003674
0 ARIANE 2 DEB
1 27035U 89006Q   02001.36003108 +.00001865 +00000-0 +12393-1 0  9993
2 27035 008.3641 296.0729 7180474 140.1596 303.8788 02.28024106003716
0 ARIANE 2 DEB
1 27035U 89006Q   02007.05269171 +.00001899 +00000-0 +14886-1 0  9995
2 27035 008.3064 293.2549 7173335 144.9041 297.5676 02.28060548003848
0 ARIANE 2 DEB
1 27035U 89006Q   02009.23914687 +.00002393 +00000-0 +17998-1 0  9993
2 27035 008.2812 292.6312 7173978 146.4323 292.7219 02.28074320003890
0 ARIANE 2 DEB
1 27035U 89006Q   02039.83773618 +.00002011 +00000-0 +14827-1 0  9994
2 27035 008.1795 280.8753 7172720 169.5337 222.4652 02.28195648004598
0 ARIANE 2 DEB
1 27035U 89006Q   02052.06136910 +.00002171 +00000-0 +14827-1 0  9999
2 27035 008.1190 276.3131 7174728 178.6641 185.4572 02.28323576004868
0 ARIANE 2 DEB
1 27035U 89006Q   02065.58940831 +.00001369 +00000-0 +10074-1 0  9993
2 27035 008.1110 271.0587 7172693 188.9621 142.4868 02.28286349005181
0 ARIANE 2 DEB
1 27035U 89006Q   02068.20807662 +.00001931 +00000-0 +14062-1 0  9995
2 27035 008.0851 270.0356 7171934 191.0636 134.7567 02.28310528005247
0 ARIANE 2 DEB
1 27035U 89006Q   02079.12056273 +.00001949 +00000-0 +14067-1 0  9996
2 27035 008.0446 265.7976 7171550 199.3036 104.7455 02.28353288005495
0 ARIANE 2 DEB
1 27035U 89006Q   02079.12090260 +.00001949 +00000-0 +14067-1 0  9990
2 27035 008.0467 265.8206 7171562 199.2809 105.0251 02.28353305005493
0 ARIANE 2 DEB
1 27035U 89006Q   02079.99420977 +.00001957 +00000-0 +14088-1 0  9999
2 27035 008.0435 265.4754 7171432 199.9525 102.9485 02.28356685005512
0 ARIANE 2 DEB
1 27035U 89006Q   03005.92231334 -.00000114 +00000-0 -29238-3 0  9990
2 27035 007.8254 151.2989 7137732 058.3152 351.9112 02.29468485012153
0 ARIANE 2 DEB
1 27035U 89006Q   03037.29278963 -.00000061 +00000-0 -29238-3 0  9995
2 27035 007.8475 139.1482 7123801 082.1435 345.1729 02.29461416012877
0 ARIANE 2 DEB
1 27035U 89006Q   03040.34408861 -.00000310 +00000-0 -46839-2 0  9999
2 27035 007.8185 137.6854 7122527 084.5475 345.5862 02.29446098012955
0 ARIANE 2 DEB
1 27035U 89006Q   03043.39416029 -.00000279 +00000-0 -43044-2 0  9991
2 27035 007.8032 136.3342 7122656 087.0038 344.9611 02.29445170013024
0 ARIANE 2 DEB
1 27035U 89006Q   03046.44397810 -.00000108 +00000-0 -13744-2 0  9991
2 27035 007.7895 135.0216 7122610 089.4153 344.1222 02.29445606013091
0 ARIANE 2 DEB
1 27035U 89006Q   03047.31531200 -.00000126 +00000-0 -14982-2 0  9996
2 27035 007.7917 134.6614 7122835 090.1048 343.8434 02.29445331013113
0 ARIANE 2 DEB
1 27035U 89006Q   03049.49373610 -.00000157 +00000-0 -18001-2 0  9996
2 27035 007.7883 133.7172 7123019 091.8330 343.2211 02.29444558013163
0 ARIANE 2 DEB
1 27035U 89006Q   03049.49378961 -.00000200 +00000-0 -24121-2 0  9999
2 27035 007.7885 133.5849 7122972 091.8850 343.2729 02.29444078013169
0 ARIANE 2 DEB
1 27035U 89006Q   03054.28634886 -.00000143 +00000-0 -21137-2 0  9993
2 27035 007.7961 131.7787 7124028 095.5418 341.8907 02.29442800013275
0 ARIANE 2 DEB
1 27035U 89006Q   03056.46470384 -.00000156 +00000-0 -20424-2 0  9998
2 27035 007.8003 130.8766 7124435 097.2380 341.1953 02.29442241013328
0 ARIANE 2 DEB
1 27035U 89006Q   03057.33602049 -.00000165 +00000-0 -19334-2 0  9998
2 27035 007.7992 130.4913 7124486 097.9336 340.8995 02.29442188013342
0 ARIANE 2 DEB
1 27035U 89006Q   03059.51431071 -.00000204 +00000-0 -17475-2 0  9993
2 27035 007.8128 129.6965 7125303 099.5544 340.1471 02.29441892013397
0 ARIANE 2 DEB
1 27035U 89006Q   03060.38566937 -.00000212 +00000-0 -16311-2 0  9997
2 27035 007.8083 129.2664 7125285 100.2796 339.8881 02.29441914013415
0 ARIANE 2 DEB
1 27035U 89006Q   03062.56393670 -.00000223 +00000-0 -16092-2 0  9999
2 27035 007.8144 128.4046 7125779 101.9580 339.1094 02.29441399013466
0 ARIANE 2 DEB
1 27035U 89006Q   03066.48481024 -.00000123 +00000-0 -10804-2 0  9999
2 27035 007.8317 126.9562 7126729 104.8859 337.7286 02.29441813013559
0 ARIANE 2 DEB
1 27035U 89006Q   03068.22735892 -.00000082 +00000-0 -90170-3 0  9997
2 27035 007.8206 126.1561 7126293 106.3061 337.0732 02.29442074013598
0 ARIANE 2 DEB
1 27035U 89006Q   03069.53413147 -.00000063 +00000-0 -79100-3 0  9997
2 27035 007.8257 125.6186 7126780 107.3358 336.4619 02.29442198013620
0 ARIANE 2 DEB
1 27035U 89006Q   03071.27653782 -.00000054 +00000-0 -66829-3 0  9996
2 27035 007.8152 124.8603 7126443 108.7164 335.6883 02.29442396013663
0 ARIANE 2 DEB
1 27035U 89006Q   03072.58327898 -.00000063 +00000-0 -64501-3 0  9992
2 27035 007.8212 124.3266 7126836 109.7412 335.0448 02.29442313013696
0 ARIANE 2 DEB
1 27035U 89006Q   03073.45445825 -.00000068 +00000-0 -56833-3 0  9994
2 27035 007.8329 124.0062 7127202 110.3722 334.6403 02.29442465013713
0 ARIANE 2 DEB
1 27035U 89006Q   03076.50361741 -.00000095 +00000-0 -46113-3 0  9997
2 27035 007.8488 122.7640 7127924 112.7325 333.2312 02.29442544013781
0 ARIANE 2 DEB
1 27035U 89006Q   03078.24592898 -.00000092 +00000-0 -38682-3 0  9998
2 27035 007.8434 122.0121 7127697 114.1093 332.3793 02.29442710013827
0 ARIANE 2 DEB
1 27035U 89006Q   03080.42369882 -.00000070 +00000-0 -33277-3 0  9997
2 27035 007.8574 121.0924 7128217 115.8138 331.2097 02.29442768013872
0 ARIANE 2 DEB
1 27035U 89006Q   03082.16582388 -.00000056 +00000-0 -33430-3 0  9993
2 27035 007.8631 120.3836 7128410 117.1660 330.1901 02.29442652013919
0 ARIANE 2 DEB
1 27035U 89006Q   03083.47238132 -.00000050 +00000-0 -23694-3 0  9998
2 27035 007.8709 119.8489 7128727 118.1793 329.4072 02.29442916013947
0 ARIANE 2 DEB
1 27035U 89006Q   03085.21440084 -.00000061 +00000-0 -61621-4 0  9998
2 27035 007.8917 119.0795 7129624 119.5720 328.3179 02.29443373013980
0 ARIANE 2 DEB
1 27035U 89006Q   03088.26282716 -.00000116 +00000-0 +87162-4 0  9990
2 27035 007.8929 117.9193 7129783 121.8765 326.3117 02.29443824014053
0 ARIANE 2 DEB
1 27035U 89006Q   03090.44027705 -.00000125 +00000-0 +18258-3 0  9997
2 27035 007.8920 117.1180 7130166 123.4922 324.8801 02.29444116014106
0 ARIANE 2 DEB
1 27035U 89006Q   03095.23022154 -.00000045 +00000-0 +28463-3 0  9992
2 27035 007.9062 115.1904 7131442 127.1780 321.3738 02.29444604014212
0 ARIANE 2 DEB
1 27035U 89006Q   03097.40716865 -.00000013 +00000-0 +35281-3 0  9993
2 27035 007.9206 114.3601 7132031 128.8177 319.5399 02.29444981014265
0 ARIANE 2 DEB
1 27035U 89006Q   03102.19603108 -.00000020 +00000-0 +61001-3 0  9998
2 27035 007.9286 112.5248 7132465 132.4403 315.1904 02.29446396014372
0 ARIANE 2 DEB
1 27035U 89006Q   03104.37265098 -.00000045 +00000-0 +65132-3 0  9998
2 27035 007.9296 111.6612 7132558 134.0921 313.0921 02.29446701014426
0 ARIANE 2 DEB
1 27035U 89006Q   03109.16047995 -.00000016 +00000-0 +77814-3 0  9992
2 27035 007.9484 109.7204 7133263 137.7908 307.8795 02.29447595014533
0 ARIANE 2 DEB
1 27035U 89006Q   03112.20660330 -.00000015 +00000-0 +75291-3 0  9991
2 27035 007.9639 108.5291 7133785 140.1164 303.9913 02.29447775014606
0 ARIANE 2 DEB
1 27035U 89006Q   03114.38230621 -.00000052 +00000-0 +77859-3 0  9991
2 27035 007.9703 107.6625 7133645 141.7658 301.1429 02.29448066014650
0 ARIANE 2 DEB
1 27035U 89006Q   03116.12276861 -.00000086 +00000-0 +79819-3 0  9996
2 27035 007.9808 106.9787 7134033 143.0957 298.7823 02.29448334014697
0 ARIANE 2 DEB
1 27035U 89006Q   03126.12703066 -.00000016 +00000-0 +68509-3 0  9996
2 27035 007.9987 103.0667 7134230 150.7006 282.4095 02.29449082014927
0 ARIANE 2 DEB
1 27035U 89006Q   03129.17097273 -.00000031 +00000-0 +67888-3 0  9996
2 27035 008.0109 101.8521 7134444 153.0474 276.7416 02.29449352014992
0 ARIANE 2 DEB
1 27035U 89006Q   03130.04048200 -.00000044 +00000-0 +67650-3 0  9991
2 27035 008.0100 101.5209 7134472 153.7033 274.9666 02.29449424015013
0 ARIANE 2 DEB
1 27035U 89006Q   03136.12617562 -.00000082 +00000-0 +58198-3 0  9998
2 27035 008.0063 099.2827 7134157 158.2247 261.8067 02.29449523015152
0 ARIANE 2 DEB
1 27035U 89006Q   03140.03755655 -.00000085 +00000-0 +27622-3 0  9990
2 27035 008.0386 097.9048 7134996 161.0286 252.6075 02.29448459015240
0 ARIANE 2 DEB
1 27035U 89006Q   03143.07975979 -.00000151 +00000-0 +81731-4 0  9996
2 27035 008.0364 096.9007 7134749 163.1931 245.4555 02.29447679015310
0 ARIANE 2 DEB
1 27035U 89006Q   03148.29329466 -.00000222 +00000-0 -39441-3 0  9999
2 27035 008.0607 095.0274 7136026 167.0082 231.8288 02.29446052015435
0 ARIANE 2 DEB
1 27035U 89006Q   03150.03130549 -.00000209 +00000-0 -60201-3 0  9999
2 27035 008.0777 093.8861 7134038 168.6905 227.4134 02.29445221015475
0 ARIANE 2 DEB
1 27035U 89006Q   03160.01701987 -.00000234 +00000-0 -97834-3 0  9998
2 27035 008.1172 090.0079 7133074 176.2289 195.5119 02.29442705015702
0 ARIANE 2 DEB
1 27035U 89006Q   03160.88553079 -.00000244 +00000-0 -99748-3 0  9997
2 27035 008.1146 089.5736 7131820 176.9469 192.8898 02.29442498015725
0 ARIANE 2 DEB
1 27035U 89006Q   03160.88561118 -.00000245 +00000-0 -98543-3 0  9993
2 27035 008.1152 089.6778 7133288 176.9002 192.9529 02.29442508015726
0 ARIANE 2 DEB
1 27035U 89006Q   03166.96374471 -.00000235 +00000-0 -13162-2 0  9994
2 27035 008.1340 087.3975 7133211 181.4603 173.3450 02.29440125015867
0 ARIANE 2 DEB
1 27035U 89006Q   03170.87205250 -.00000279 +00000-0 -13759-2 0  9997
2 27035 008.1559 085.8870 7133301 184.4072 161.5039 02.29438959015953
0 ARIANE 2 DEB
1 27035U 89006Q   03173.91168324 -.00000332 +00000-0 -14736-2 0  9991
2 27035 008.1626 084.7675 7133221 186.6883 152.1342 02.29437848016022
0 ARIANE 2 DEB
1 27035U 89006Q   03177.82018474 -.00000325 +00000-0 -18410-2 0  9990
2 27035 008.1624 083.3025 7132644 189.6123 140.4016 02.29435773016115
0 ARIANE 2 DEB
1 27035U 89006Q   03180.86068052 -.00000271 +00000-0 -18712-2 0  9990
2 27035 008.1684 082.1888 7132558 191.8724 131.7228 02.29434733016181
0 ARIANE 2 DEB
1 27035U 89006Q   03187.81207773 -.00000314 +00000-0 -19880-2 0  9992
2 27035 008.1765 079.6186 7131450 197.0243 113.2451 02.29432303016349
0 ARIANE 2 DEB
1 27035U 89006Q   03197.80938158 -.00000328 +00000-0 -29426-2 0  9992
2 27035 008.2393 075.6191 7118038 204.1183 090.5013 02.29428613016574
0 ARIANE 2 DEB
1 27035U 89006Q   03201.72420996 -.00000346 +00000-0 -20202-2 0  9998
2 27035 008.2172 074.4459 7126330 207.1643 083.8814 02.29428447016660
0 ARIANE 2 DEB
1 27035U 89006Q   03211.72823745 -.00000205 +00000-0 -16807-2 0  9998
2 27035 008.2207 070.7799 7123935 214.5250 066.5993 02.29427461016895
0 ARIANE 2 DEB
1 27035U 89006Q   03218.69063259 -.00000227 +00000-0 -87922-3 0  9998
2 27035 008.2418 068.1544 7126638 219.9169 057.1151 02.29428611017058
0 ARIANE 2 DEB
1 27035U 89006Q   03222.60726616 -.00000167 +00000-0 -76869-3 0  9998
2 27035 008.2441 066.8244 7124606 222.6176 052.0254 02.29428581017142
0 ARIANE 2 DEB
1 27035U 89006Q   03229.57292273 -.00000171 +00000-0 -67335-4 0  9992
2 27035 008.2267 064.2269 7120613 227.7182 045.2814 02.29430255017309
0 ARIANE 2 DEB
1 27035U 89006Q   03232.62061044 -.00000139 +00000-0 +26456-3 0  9993
2 27035 008.2785 063.0206 7119444 229.9854 042.5603 02.29431571017377
0 ARIANE 2 DEB
1 27035U 89006Q   03246.55592172 +.00000047 +00000-0 +29948-2 0  9996
2 27035 008.3580 057.8458 7113053 240.1413 032.7188 02.29440076017691
0 ARIANE 2 DEB
1 27035U 89006Q   03256.57358066 +.00000150 +00000-0 +45108-2 0  9992
2 27035 008.4155 054.2330 7110897 247.3446 027.2873 02.29447559017927
0 ARIANE 2 DEB
1 27035U 89006Q   03271.43251944 +.00000275 +00000-0 +54747-2 0  9998
2 27035 008.4295 048.8731 7114420 258.4489 061.1975 02.29459467018261
0 ARIANE 2 DEB
1 27035U 89006Q   03294.47314124 +.00000573 +00000-0 +10685-1 0  9990
2 27035 008.3172 040.4352 7102666 274.8733 017.6138 02.29505938018794
0 ARIANE 2 DEB
1 27035U 89006Q   03294.47314124 +.00000573 +00000-0 +10685-1 0  9990
2 27035 008.3172 040.4352 7102666 274.8733 017.6138 02.29505938018794
0 ARIANE 2 DEB
1 27035U 89006Q   07092.41869100  .00000770  00000-0  81417-2 0  9994
2 27035 008.4452 276.4807 7140839 147.8713 288.5906 02.30573254 47706
0 ARIANE 2 DEB
1 27035U 89006Q   07095.44837066 +.00000826 +00000-0 +80985-2 0  9997
2 27035 008.4331 275.3487 7141486 150.1400 283.4254 02.30578568047784
0 ARIANE 2 DEB
1 27035U 89006Q   07095.44837066 +.00000826 +00000-0 +80985-2 0  9997
2 27035 008.4331 275.3487 7141486 150.1400 283.4254 02.30578568047784
0 ARIANE 2 DEB
1 27035U 89006Q   07097.61198767  .00000931  00000-0  83262-2 0  9994
2 27035 008.4366 274.4554 7140776 151.8333 279.4374 02.30582628 47826
0 ARIANE 2 DEB
1 27035U 89006Q   07098.91027318  .00000817  00000-0  74875-2 0  9994
2 27035 008.4283 273.9961 7143371 152.7737 277.1686 02.30584365 47867
0 ARIANE 2 DEB
1 27035U 89006Q   07100.20813443 +.00000810 +00000-0 +74189-2 0  9993
2 27035 008.4227 273.5007 7143661 153.7568 274.5270 02.30586600047894
0 ARIANE 2 DEB
1 27035U 89006Q   07101.07337003  .00000821  00000-0  75410-2 0  9992
2 27035 008.4189 273.1725 7143816 154.4123 272.7673 02.30588462 47919
0 ARIANE 2 DEB
1 27035U 89006Q   07101.50596296 +.00000812 +00000-0 +74596-2 0  9995
2 27035 008.4165 273.0122 7144135 154.7401 271.8697 02.30589486047924
0 ARIANE 2 DEB
1 27035U 89006Q   07103.23622429  .00000922  00000-0  82534-2 0  9998
2 27035 008.4099 272.3494 7146027 156.0510 268.2348 02.30593579 47967
0 ARIANE 2 DEB
1 27035U 89006Q   07104.10125175 +.00000917 +00000-0 +82565-2 0  9999
2 27035 008.4057 272.0177 7146257 156.7078 266.3265 02.30595384047982
0 ARIANE 2 DEB
1 27035U 89006Q   07104.53375052  .00000769  00000-0  71248-2 0  9998
2 27035 008.4095 271.8506 7146042 157.0484 265.3223 02.30594624 47994
0 ARIANE 2 DEB
1 27035U 89006Q   07104.96624420  .00000840  00000-0  77687-2 0  9994
2 27035 008.4079 271.6864 7145716 157.3757 264.3563 02.30596417 48005
0 ARIANE 2 DEB
1 27035U 89006Q   07106.69611929  .00001135  00000-0  10179-1 0  9996
2 27035 008.3996 271.0215 7145765 158.6957 260.4364 02.30603606 48045
0 ARIANE 2 DEB
1 27035U 89006Q   07108.42575133 +.00001551 +00000-0 +13147-1 0  9995
2 27035 008.3927 270.3623 7147057 160.0077 256.3563 02.30611507048088
0 ARIANE 2 DEB
1 27035U 89006Q   07110.15522855  .00001623  00000-0  13484-1 0  9995
2 27035 008.3844 269.6930 7147555 161.3285 252.1897 02.30618002 48122
0 ARIANE 2 DEB
1 27035U 89006Q   07110.58753159 +.00001645 +00000-0 +13591-1 0  9998
2 27035 008.3819 269.5241 7147748 161.6604 251.0947 02.30619487048133
0 ARIANE 2 DEB
1 27035U 89006Q   07111.45214226  .00001553  00000-0  12801-1 0  9993
2 27035 008.3776 269.1901 7148047 162.3216 248.9045 02.30621191 48155
0 ARIANE 2 DEB
1 27035U 89006Q   07112.74896673  .00001371  00000-0  11313-1 0  9993
2 27035 008.3712 268.6880 7148634 163.3179 245.5291 02.30622398 48185
0 ARIANE 2 DEB
1 27035U 89006Q   07113.61347274  .00000934  00000-0  79055-2 0  9990
2 27035 008.3674 268.3469 7149509 163.9853 243.2389 02.30620070 48200
0 ARIANE 2 DEB
1 27035U 89006Q   07114.91013099  .00000946  00000-0  80385-2 0  9990
2 27035 008.3603 267.8538 7150038 164.9752 239.7317 02.30622204 48236
0 ARIANE 2 DEB
1 27035U 89006Q   07116.20670104  .00001239  00000-0  10207-1 0  9991
2 27035 008.3542 267.3485 7150736 165.9786 236.2090 02.30628973 48269
0 ARIANE 2 DEB
1 27035U 89006Q   07117.07091433 +.00001117 +00000-0 +93466-2 0  9993
2 27035 008.3453 267.0255 7150825 166.6306 233.7291 02.30630508048281
0 ARIANE 2 DEB
1 27035U 89006Q   07117.93520016  .00001130  00000-0  94314-2 0  9990
2 27035 008.3412 266.6903 7150983 167.2923 231.3208 02.30632859 48304
0 ARIANE 2 DEB
1 27035U 89006Q   07118.79940023  .00001562  00000-0  12656-1 0  9996
2 27035 008.3365 266.3658 7150649 167.9368 228.8918 02.30639376 48326
0 ARIANE 2 DEB
1 27035U 89006Q   07119.66356906 +.00001580 +00000-0 +12691-1 0  9993
2 27035 008.3323 266.0268 7150881 168.6025 226.4145 02.30642483048341
0 ARIANE 2 DEB
1 27035U 89006Q   07120.95970508  .00001600  00000-0  12691-1 0  9990
2 27035 008.3267 265.5272 7150983 169.5912 222.6184 02.30646985 48370
0 ARIANE 2 DEB
1 27035U 89006Q   07121.39175883  .00001286  00000-0  10376-1 0  9990
2 27035 008.3233 265.3574 7150910 169.9307 221.3144 02.30644186 48382
0 ARIANE 2 DEB
1 27035U 89006Q   07123.11983934  .00001222  00000-0  96424-2 0  9995
2 27035 008.3161 264.6849 7151294 171.2555 216.1743 02.30648102 48420
0 ARIANE 2 DEB
1 27035U 89006Q   07123.98382941 +.00001241 +00000-0 +96553-2 0  9995
2 27035 008.3125 264.3476 7151485 171.9194 213.5753 02.30650503048443
0 ARIANE 2 DEB
1 27035U 89006Q   07124.84775846  .00001021  00000-0  79309-2 0  9997
2 27035 008.3080 264.0090 7151867 172.5854 210.8962 02.30649505 48460
0 ARIANE 2 DEB
1 27035U 89006Q   07125.27974983 +.00001019 +00000-0 +78719-2 0  9999
2 27035 008.3057 263.8417 7151959 172.9167 209.5942 02.30650431048471
0 ARIANE 2 DEB
1 27035U 89006Q   07130.46235936  .00001010  00000-0  70159-2 0  9995
2 27035 008.2929 261.7697 7153419 176.9540 193.0331 02.30661529 48588
0 ARIANE 2 DEB
1 27035U 89006Q   07130.46257988  .00001056  00000-0  79302-2 0  9995
2 27035 008.2732 261.8009 7153482 176.9324 193.1875 02.30661886 48599
0 ARIANE 2 DEB
1 27035U 89006Q   07137.37202515  .00000366  00000-0  31366-2 0  9999
2 27035 008.2311 259.0624 7155593 182.3055 170.6473 02.30665523 48755
0 ARIANE 2 DEB
1 27035U 89006Q   07139.09944767 -.00000535  00000-0 -28808-2 0  9999
2 27035 008.2192 258.3596 7155987 183.6636 165.0446 02.30657999 48798
0 ARIANE 2 DEB
1 27035U 89006Q   07140.39498471 -.00000191  00000-0 -58762-3 0  9991
2 27035 008.2126 257.8421 7156256 184.6741 160.8222 02.30660582 48825
0 ARIANE 2 DEB
1 27035U 89006Q   07147.73748160  .00000583  00000-0  47614-2 0  9995
2 27035 008.1737 254.8361 7155535 190.5493 138.1128 02.30675786 48994
0 ARIANE 2 DEB
1 27035U 89006Q   07148.16835954  .00000787  00000-0  59842-2 0  9993
2 27035 008.1714 254.6595 7156452 190.9081 135.8681 02.30676495 49001
0 ARIANE 2 DEB
1 27035U 89006Q   07149.46420622  .00000400  00000-0  33369-2 0  9997
2 27035 008.1652 254.1437 7157075 191.9056 131.9701 02.30674385 49036
0 ARIANE 2 DEB
1 27035U 89006Q   07152.48825783 -.00000658  00000-0 -35672-2 0  9996
2 27035 008.1568 252.9027 7159344 194.2919 123.1713 02.30669338 49104
0 ARIANE 2 DEB
1 27035U 89006Q   07152.48827755  .00000892  00000-0  52423-2 0  9998
2 27035 008.1971 252.9415 7161573 194.2134 123.3322 02.30684257 49092
0 ARIANE 2 DEB
1 27035U 89006Q   07152.92024565  .00000193  00000-0  16429-2 0  9995
2 27035 008.1524 252.7278 7159691 194.6238 121.9576 02.30676457 49119
0 ARIANE 2 DEB
1 27035U 89006Q   07153.78425027 +.00000155 +00000-0 +13630-2 0  9997
2 27035 008.1440 252.3716 7159732 195.3113 119.4552 02.30676696049138
0 ARIANE 2 DEB
1 27035U 89006Q   07155.51242909  .00000165  00000-0  13630-2 0  9997
2 27035 008.1357 251.6772 7159843 196.6615 114.5952 02.30677476 49174
0 ARIANE 2 DEB
1 27035U 89006Q   07156.37662932  .00000200  00000-0  15647-2 0  9994
2 27035 008.1211 251.3233 7160158 197.3509 112.2322 02.30677364 49197
0 ARIANE 2 DEB
1 27035U 89006Q   07159.40167925  .00000360  00000-0  26266-2 0  9999
2 27035 008.1036 250.0703 7160696 199.7637 104.3653 02.30681348 49269
0 ARIANE 2 DEB
1 27035U 89006Q   07161.13041065  .00000314  00000-0  22422-2 0  9997
2 27035 008.0782 249.3792 7165108 201.1129 099.9536 02.30682637 49308
0 ARIANE 2 DEB
1 27035U 89006Q   07161.13042138 +.00000322 +00000-0 +22931-2 0  9993
2 27035 008.0773 249.3795 7164915 201.1132 099.9645 02.30682714049307
0 ARIANE 2 DEB
1 27035U 89006Q   07164.15629234  .00001212  00000-0  69630-2 0  9992
2 27035 008.0559 248.1146 7166702 203.5487 092.8533 02.30692413 49373
0 ARIANE 2 DEB
1 27035U 89006Q   07166.31753770  .00000741  00000-0  44491-2 0  9999
2 27035 008.0479 247.2204 7166538 205.2632 087.7468 02.30693996 49420
0 ARIANE 2 DEB
1 27035U 89006Q   07167.18221656  .00000603  00000-0  36376-2 0  9998
2 27035 008.0421 246.8599 7167361 205.9571 085.8159 02.30693003 49440
0 ARIANE 2 DEB
1 27035U 89006Q   07167.61457335 +.00000633 +00000-0 +37722-2 0  9990
2 27035 008.0403 246.6749 7167543 206.3094 084.8863 02.30693978049455
0 ARIANE 2 DEB
1 27035U 89006Q   07169.77645593  .00000596  00000-0  35662-2 0  9993
2 27035 008.0293 245.7658 7167698 208.0497 080.3045 02.30696071 49504
0 ARIANE 2 DEB
1 27035U 89006Q   07170.20884148 +.00000597 +00000-0 +35800-2 0  9999
2 27035 008.0273 245.5852 7167732 208.3957 079.4024 02.30696707049512
0 ARIANE 2 DEB
1 27035U 89006Q   07171.07372745 +.00000379 +00000-0 +24496-2 0  9997
2 27035 008.0212 245.2206 7168251 209.0951 077.6385 02.30694234049539
0 ARIANE 2 DEB
1 27035U 89006Q   07171.50622548 +.00000376 +00000-0 +24496-2 0  9991
2 27035 008.0192 245.0424 7168261 209.4384 076.8272 02.30694652049542
0 ARIANE 2 DEB
1 27035U 89006Q   07172.37121319 +.00000258 +00000-0 +18731-2 0  9991
2 27035 008.0127 244.6688 7168253 210.1471 075.1769 02.30693785049565
0 ARIANE 2 DEB
1 27035U 89006Q   07173.66876145  .00000241  00000-0  18299-2 0  9999
2 27035 007.9995 244.1091 7168071 211.2136 072.7668 02.30694852 49597
0 ARIANE 2 DEB
1 27035U 89006Q   07175.39894732  .00000298  00000-0  21327-2 0  9991
2 27035 007.9916 243.3852 7168143 212.6007 069.6925 02.30696931 49634
0 ARIANE 2 DEB
1 27035U 89006Q   07175.83150415  .00000414  00000-0  27120-2 0  9990
2 27035 007.9899 243.2046 7168244 212.9457 068.9505 02.30698768 49649
0 ARIANE 2 DEB
1 27035U 89006Q   07176.26406867  .00000323  00000-0  22347-2 0  9998
2 27035 007.9869 243.0218 7168410 213.2944 068.1887 02.30698070 49657
0 ARIANE 2 DEB
1 27035U 89006Q   07177.12926831 +.00000304 +00000-0 +21106-2 0  9993
2 27035 007.9828 242.6577 7168456 213.9898 066.7421 02.30698487049672
0 ARIANE 2 DEB
1 27035U 89006Q   07178.42711003  .00000355  00000-0  23055-2 0  9991
2 27035 007.9772 242.1116 7168534 215.0337 064.6164 02.30699951 49704
0 ARIANE 2 DEB
1 27035U 89006Q   07180.15764619  .00000170  00000-0  12664-2 0  9994
2 27035 007.9669 241.3807 7168650 216.4295 061.8335 02.30699053 49740
0 ARIANE 2 DEB
1 27035U 89006Q   07181.45565517  .00000382  00000-0  22524-2 0  9995
2 27035 007.9616 240.8305 7168923 217.4788 059.8885 02.30702926 49774
0 ARIANE 2 DEB
1 27035U 89006Q   07182.32094718  .00000245  00000-0  15273-2 0  9993
2 27035 007.9553 240.4500 7168879 218.2028 058.4821 02.30701184 49795
0 ARIANE 2 DEB
1 27035U 89006Q   07184.48458185  .00000301  00000-0  17463-2 0  9990
2 27035 007.9432 239.5080 7169297 219.9876 055.4225 02.30703475 49843
0 ARIANE 2 DEB
1 27035U 89006Q   07186.21558236  .00000437  00000-0  24599-2 0  9999
2 27035 007.9337 238.7585 7169330 221.4071 053.0754 02.30706264 49885
0 ARIANE 2 DEB
1 27035U 89006Q   07187.94677289  .00000512  00000-0  28820-2 0  9995
2 27035 007.9275 238.0083 7170042 222.8217 050.8860 02.30708216 49928
0 ARIANE 2 DEB
1 27035U 89006Q   07189.24524548 +.00000557 +00000-0 +31754-2 0  9998
2 27035 007.9202 237.4566 7170211 223.8733 049.3285 02.30710306049959
0 ARIANE 2 DEB
1 27035U 89006Q   07193.14096370  .00000510  00000-0  30170-2 0  9999
2 27035 007.8977 235.7858 7170633 227.0445 044.9376 02.30714687 50046
0 ARIANE 2 DEB
1 27035U 89006Q   07194.43957384 +.00000379 +00000-0 +23498-2 0  9991
2 27035 007.8914 235.2183 7170621 228.1196 043.4974 02.30714571050078
0 ARIANE 2 DEB
1 27035U 89006Q   07194.43958140  .00000375  00000-0  23200-2 0  9999
2 27035 007.8916 235.2180 7170765 228.1191 043.5013 02.30714482 50077
0 ARIANE 2 DEB
1 27035U 89006Q   07196.17122006  .00000394  00000-0  23968-2 0  9998
2 27035 007.8846 234.4811 7169915 229.5247 041.7550 02.30716193 50115
0 ARIANE 2 DEB
1 27035U 89006Q   07197.03708758  .00000285  00000-0  17883-2 0  9996
2 27035 007.8772 234.0990 7171300 230.2458 040.8711 02.30715256 50131
0 ARIANE 2 DEB
1 27035U 89006Q   07198.33596737 +.00000270 +00000-0 +17172-2 0  9997
2 27035 007.8721 233.5448 7171128 231.2971 039.6868 02.30716013050160
0 ARIANE 2 DEB
1 27035U 89006Q   07199.20191838  .00000541  00000-0  29675-2 0  9999
2 27035 007.8663 233.1531 7171901 232.0256 038.9466 02.30720501 50183
0 ARIANE 2 DEB
1 27035U 89006Q   07200.06780379  .00000553  00000-0  30584-2 0  9994
2 27035 007.8640 232.7846 7171715 232.7248 038.1542 02.30721935 50205
0 ARIANE 2 DEB
1 27035U 89006Q   07200.93378014  .00000602  00000-0  33727-2 0  9996
2 27035 007.8587 232.3980 7170938 233.4552 037.3820 02.30722130 50222
0 ARIANE 2 DEB
1 27035U 89006Q   07202.23283087  .00000773  00000-0  42421-2 0  9996
2 27035 007.8536 231.8370 7170817 234.5200 036.3751 02.30725983 50255
0 ARIANE 2 DEB
1 27035U 89006Q   07204.39786650  .00000624  00000-0  35666-2 0  9997
2 27035 007.8468 230.9114 7170675 236.2737 034.6714 02.30727620 50307
0 ARIANE 2 DEB
1 27035U 89006Q   07204.39787011  .00000765  00000-0  42421-2 0  9992
2 27035 007.8467 230.9160 7170672 236.2696 034.6972 02.30729816 50303
0 ARIANE 2 DEB
1 27035U 89006Q   07206.12998555  .00000363  00000-0  22592-2 0  9993
2 27035 007.8417 230.1739 7170844 237.6782 033.3521 02.30726113 50341
0 ARIANE 2 DEB
1 27035U 89006Q   07209.16135722  .00000206  00000-0  13645-2 0  9994
2 27035 007.8328 228.8757 7170300 240.1450 031.2232 02.30726427 50416
0 ARIANE 2 DEB
1 27035U 89006Q   07214.35849010  .00000053  00000-0  51747-3 0  9999
2 27035 007.8128 226.5778 7171046 244.4584 027.9798 02.30728151 50533
0 ARIANE 2 DEB
1 27035U 89006Q   07217.39038770 -.00000874  00000-0 -37393-2 0  9992
2 27035 007.8044 225.2351 7170329 247.0316 026.2422 02.30722987 50603
0 ARIANE 2 DEB
1 27035U 89006Q   07217.39041158  .00000087  00000-0  90233-3 0  9993
2 27035 007.8067 225.2725 7171024 246.9412 026.3501 02.30730610 50602
0 ARIANE 2 DEB
1 27035U 89006Q   07218.25663717  .00000138  00000-0  12261-2 0  9991
2 27035 007.7998 224.8844 7170436 247.6603 025.8731 02.30731620 50620
0 ARIANE 2 DEB
1 27035U 89006Q   07222.15489043  .00000492  00000-0  30013-2 0  9991
2 27035 007.7975 223.2425 7169561 250.7924 023.9696 02.30738883 50718
0 ARIANE 2 DEB
1 27035U 89006Q   07230.38499468  .00000328  00000-0  24113-2 0  9999
2 27035 007.7784 219.7792 7163837 257.4075 020.2873 02.30741751 50900
0 ARIANE 2 DEB
1 27035U 89006Q   07231.25173634 -.00000078  00000-0  19441-3 0  9992
2 27035 007.7791 219.4154 7162485 258.0846 020.2556 02.30739202 50926
0 ARIANE 2 DEB
1 27035U 89006Q   07231.68497172  .00000029  00000-0  79208-3 0  9997
2 27035 007.7749 219.2619 7163945 258.4339 020.1293 02.30740432 50931
0 ARIANE 2 DEB
1 27035U 89006Q   07234.71727468 -.00000055  00000-0  25086-3 0  9993
2 27035 007.7964 217.9111 7167643 260.9385 018.9563 02.30741909 51004
0 ARIANE 2 DEB
1 27035U 89006Q   07235.15050100  .00000193  00000-0  10603-2 0  9994
2 27035 007.7688 217.6993 7164214 261.3249 018.8214 02.30741908 51019
0 ARIANE 2 DEB
1 27035U 89006Q   07235.15055409  .00000043  00000-0  79208-3 0  9992
2 27035 007.7702 217.7759 7163505 261.2428 018.8679 02.30741412 51012
0 ARIANE 2 DEB
1 27035U 89006Q   07235.15055409 +.00000043 +00000-0 +79208-3 0  9992
2 27035 007.7702 217.7759 7163505 261.2428 018.8679 02.30741412051012
0 ARIANE 2 DEB
1 27035U 89006Q   07244.24824035  .00000214  00000-0  17692-2 0  9999
2 27035 007.7665 213.8593 7158811 268.6030 016.0634 02.30746571 51222
0 ARIANE 2 DEB
1 27035U 89006Q   07245.98123950 -.00000092  00000-0  11225-3 0  9991
2 27035 007.7548 213.1004 7156513 270.0210 015.6257 02.30744986 51264
0 ARIANE 2 DEB
1 27035U 89006Q   07246.41450617 -.00000087 +00000-0 +18442-3 0  9995
2 27035 007.7519 212.9158 7156431 270.3713 015.5320 02.30745163051278
0 ARIANE 2 DEB
1 27035U 89006Q   07248.14745557  .00000188  00000-0  20576-2 0  9998
2 27035 007.7489 212.1746 7155902 271.7728 015.0617 02.30746625 51315
0 ARIANE 2 DEB
1 27035U 89006Q   07249.01392745 +.00000162 +00000-0 +18683-2 0  9990
2 27035 007.7484 211.8075 7155665 272.4694 014.8270 02.30747034051336
0 ARIANE 2 DEB
1 27035U 89006Q   07252.04666101  .00000167  00000-0  15950-2 0  9996
2 27035 007.7472 210.5240 7155154 274.9162 014.0808 02.30748323 51402
0 ARIANE 2 DEB
1 27035U 89006Q   07252.91317249  .00000201  00000-0  17517-2 0  9998
2 27035 007.7466 210.1543 7154578 275.6076 013.8865 02.30748986 51425
0 ARIANE 2 DEB
1 27035U 89006Q   07254.21295166  .00000105  00000-0  10451-2 0  9999
2 27035 007.7411 209.6252 7154530 276.6440 013.5844 02.30748106 51450
0 ARIANE 2 DEB
1 27035U 89006Q   07255.94603370 +.00000091 +00000-0 +99149-3 0  9996
2 27035 007.7412 208.8958 7153981 278.0304 013.2390 02.30748558051497
0 ARIANE 2 DEB
1 27035U 89006Q   07257.24583200 -.00000079  00000-0 -71971-4 0  9992
2 27035 007.7365 208.3671 7154144 279.0712 012.9587 02.30747320 51521
0 ARIANE 2 DEB
1 27035U 89006Q   07258.97891291 -.00000197  00000-0 -74209-3 0  9992
2 27035 007.7288 207.6547 7154325 280.4523 012.5963 02.30746029 51569
0 ARIANE 2 DEB
1 27035U 89006Q   07262.01181574 -.00000312  00000-0 -15500-2 0  9995
2 27035 007.7300 206.3855 7153124 282.8800 011.9592 02.30744238 51631
0 ARIANE 2 DEB
1 27035U 89006Q   07265.04479557 -.00000287  00000-0 -16460-2 0  9999
2 27035 007.7062 205.1138 7154291 285.3507 011.3710 02.30742546 51709
0 ARIANE 2 DEB
1 27035U 89006Q   07267.21123824 -.00000324  00000-0 -22995-2 0  9995
2 27035 007.7094 204.1144 7150631 287.1500 010.9424 02.30740869 51755
0 ARIANE 2 DEB
1 27035U 89006Q   07274.14413404 -.00000529  00000-0 -34684-2 0  9996
2 27035 007.7502 201.1709 7146686 292.7200 009.7557 02.30734797 51911
0 ARIANE 2 DEB
1 27035U 89006Q   07275.01080954 -.00000596 +00000-0 -39308-2 0  9995
2 27035 007.7477 200.8150 7146292 293.4052 009.6512 02.30733645051937
0 ARIANE 2 DEB
1 27035U 89006Q   07275.44412421 -.00000570  00000-0 -37096-2 0  9994
2 27035 007.7469 200.6730 7146243 293.7006 009.5814 02.30733434 51949
0 ARIANE 2 DEB
1 27035U 89006Q   07282.81075875 -.00000374  00000-0 -30660-2 0  9993
2 27035 007.7534 197.6205 7144181 299.5417 008.5145 02.30728298 52111
0 ARIANE 2 DEB
1 27035U 89006Q   07283.24407977 -.00000434 +00000-0 -35578-2 0  9993
2 27035 007.7545 197.4468 7144095 299.8795 008.4246 02.30727022052124
0 ARIANE 2 DEB
1 27035U 89006Q   07284.11078611 -.00000461  00000-0 -37379-2 0  9990
2 27035 007.7568 197.0996 7143831 300.5546 008.3151 02.30725913 52145
0 ARIANE 2 DEB
1 27035U 89006Q   07285.41083290 -.00000516  00000-0 -40888-2 0  9993
2 27035 007.7527 196.5802 7143491 301.5679 008.1285 02.30723963 52172
0 ARIANE 2 DEB
1 27035U 89006Q   07287.14424486 -.00000743  00000-0 -59102-2 0  9992
2 27035 007.7519 195.9131 7142573 302.8864 007.8885 02.30719774 52213
0 ARIANE 2 DEB
1 27035U 89006Q   07287.14427323 -.00000679  00000-0 -59362-2 0  9991
2 27035 007.7457 195.9426 7137096 302.8056 007.8988 02.30720794 52216
0 ARIANE 2 DEB
1 27035U 89006Q   07291.04453410 -.00000619  00000-0 -55203-2 0  9995
2 27035 007.7488 194.3677 7136892 305.8603 007.3973 02.30716517 52302
0 ARIANE 2 DEB
1 27035U 89006Q   07291.91125090 -.00000643  00000-0 -59352-2 0  9997
2 27035 007.7475 194.0218 7136404 306.5310 007.2653 02.30715113 52325
0 ARIANE 2 DEB
1 27035U 89006Q   07297.11181876 -.00000672  00000-0 -71907-2 0  9991
2 27035 007.7478 191.9096 7133866 310.5892 006.6160 02.30706997 52446
0 ARIANE 2 DEB
1 27035U 89006Q   07304.91299015 -.00000760  00000-0 -73146-2 0  9998
2 27035 007.7614 188.7779 7131680 316.6479 005.6666 02.30696348 52628
0 ARIANE 2 DEB
1 27035U 89006Q   07305.77981238 -.00000400  00000-0 -37017-2 0  9996
2 27035 007.7431 188.5392 7132697 317.2428 005.5830 02.30698551 52646
0 ARIANE 2 DEB
1 27035U 89006Q   07310.11323272 -.00000623  00000-0 -76451-2 0  9990
2 27035 007.7649 186.7897 7125613 320.5896 004.3951 02.30690352 52746
0 ARIANE 2 DEB
1 27035U 89006Q   07310.11396370 -.00003829  00000-0 -16728-1 0  9990
2 27035 007.6200 186.9710 7175887 320.6649 005.6026 02.30685066 52742
0 ARIANE 2 DEB
1 27035U 89006Q   07310.98099129 -.00000740  00000-0 -87386-2 0  9995
2 27035 007.7630 186.4516 7127117 321.2613 005.0702 02.30688837 52766
0 ARIANE 2 DEB
1 27035U 89006Q   07312.71469335 -.00000780  00000-0 -89040-2 0  9991
2 27035 007.7567 185.7793 7127513 322.5853 004.8729 02.30686190 52805
0 ARIANE 2 DEB
1 27035U 89006Q   07314.01498075 -.00000778 +00000-0 -87264-2 0  9992
2 27035 007.7523 185.2681 7127046 323.5829 004.7127 02.30684374052839
0 ARIANE 2 DEB
1 27035U 89006Q   07314.88185341 -.00000832  00000-0 -92254-2 0  9992
2 27035 007.7489 184.9464 7126961 324.2214 004.6235 02.30682670 52854
0 ARIANE 2 DEB
1 27035U 89006Q   07315.74872103 -.00000802  00000-0 -89579-2 0  9990
2 27035 007.7541 184.6104 7125897 324.8770 004.5093 02.30681737 52877
0 ARIANE 2 DEB
1 27035U 89006Q   07320.08319273 -.00000663  00000-0 -73703-2 0  9994
2 27035 007.7842 182.8693 7128968 328.2618 004.0801 02.30676995 52978
0 ARIANE 2 DEB
1 27035U 89006Q   07320.95001575 -.00000647 +00000-0 -73821-2 0  9996
2 27035 007.7810 182.5360 7128982 328.9244 003.9142 02.30675777052994
0 ARIANE 2 DEB
1 27035U 89006Q   07327.01857171 -.00000497  00000-0 -46240-2 0  9999
2 27035 007.7040 180.2575 7141502 333.5116 003.4505 02.30666830 53130
0 ARIANE 2 DEB
1 27035U 89006Q   07327.88534967 -.00001770  00000-0 -13749-1 0  9991
2 27035 007.6796 179.8973 7147951 334.2423 003.2307 02.30655903 53155
0 ARIANE 2 DEB
1 27035U 89006Q   07328.75229305 -.00000536  00000-0 -67820-2 0  9994
2 27035 007.7536 179.5958 7117954 334.7104 002.9193 02.30666153 53179
0 ARIANE 2 DEB
1 27035U 89006Q   07329.61953554 -.00000786  00000-0 -10297-1 0  9992
2 27035 007.7681 179.2672 7114660 335.3476 003.0412 02.30663545 53190
0 ARIANE 2 DEB
1 27035U 89006Q   07332.22045946 -.00000741  00000-0 -94125-2 0  9994
2 27035 007.8083 178.2498 7114974 337.3135 002.7947 02.30660203 53258
0 ARIANE 2 DEB
1 27035U 89006Q   07337.42243847 -.00000626 +00000-0 -92731-2 0  9994
2 27035 007.8015 176.2486 7114175 341.2591 002.3293 02.30654102053375
0 ARIANE 2 DEB
1 27035U 89006Q   07338.28942673 -.00000623 +00000-0 -92624-2 0  9990
2 27035 007.7952 175.9060 7114028 341.9240 002.2352 02.30653090053395
0 ARIANE 2 DEB
1 27035U 89006Q   07341.32397045 -.00000665  00000-0 -93339-2 0  9996
2 27035 007.7988 174.7487 7113718 344.2089 001.9353 02.30649059 53461
0 ARIANE 2 DEB
1 27035U 89006Q   07350.86145177 -.00000640  00000-0 -97270-2 0  9993
2 27035 007.7847 171.0990 7112614 351.4058 000.9590 02.30635713 53682
0 ARIANE 2 DEB
1 27035U 89006Q   07351.72858216 -.00000645  00000-0 -98837-2 0  9999
2 27035 007.7655 170.7313 7112498 352.1000 000.8987 02.30634052 53706
0 ARIANE 2 DEB
1 27035U 89006Q   07356.93113758 -.00000771  00000-0 -10128-1 0  9998
2 27035 007.7525 168.6979 7112200 356.0732 000.3624 02.30626235 53822
0 ARIANE 2 DEB
1 27035U 89006Q   07357.79826555 -.00000792 +00000-0 -10137-1 0  9992
2 27035 007.7495 168.3657 7112170 356.7279 000.2927 02.30625017053841
0 ARIANE 2 DEB
1 27035U 89006Q   07358.66536819 -.00000840 +00000-0 -11196-1 0  9990
2 27035 007.7513 168.0715 7108971 357.3052 000.1407 02.30622136053867
0 ARIANE 2 DEB
1 27035U 89006Q   07361.26684125 -.00000733 +00000-0 -11266-1 0  9993
2 27035 007.7431 167.2316 7100355 359.0210 359.9781 02.30620672053927
0 ARIANE 2 DEB
1 27035U 89006Q   07364.30188080 -.00000684 +00000-0 -11190-1 0  9991
2 27035 007.7378 165.9253 7102128 001.4867 359.7302 02.30616553053995
0 ARIANE 2 DEB
1 27035U 89006Q   08001.90335009 -.00000577  00000-0 -93889-2 0  9998
2 27035 007.7432 165.1724 7102338 003.2078 359.4960 02.30614206 54056
0 ARIANE 2 DEB
1 27035U 89006Q   08006.67275887 -.00000839  00000-0 -12601-1 0  9997
2 27035 007.7455 163.3778 7102465 006.7643 358.9684 02.30604851 54161
0 ARIANE 2 DEB
1 27035U 89006Q   08007.97362390 -.00000858  00000-0 -13409-1 0  9995
2 27035 007.7390 162.9006 7099737 007.7051 358.9331 02.30604254 54198
0 ARIANE 2 DEB
1 27035U 89006Q   08010.57519125 -.00000746  00000-0 -11435-1 0  9998
2 27035 007.7439 161.8479 7101921 009.7050 358.6649 02.30600990 54253
0 ARIANE 2 DEB
1 27035U 89006Q   08011.44239064 -.00000721  00000-0 -11389-1 0  9997
2 27035 007.7375 161.4272 7101067 010.3960 358.5893 02.30600070 54279
0 ARIANE 2 DEB
1 27035U 89006Q   08014.47767736 -.00000682  00000-0 -11351-1 0  9990
2 27035 007.7328 160.2712 7100925 012.6472 358.3289 02.30596098 54347
0 ARIANE 2 DEB
1 27035U 89006Q   08019.68106699 -.00000797  00000-0 -11265-1 0  9994
2 27035 007.7317 158.2733 7101766 016.5834 357.7999 02.30589129 54465
0 ARIANE 2 DEB
1 27035U 89006Q   08020.54830500 -.00000781  00000-0 -10655-1 0  9991
2 27035 007.7292 157.9819 7101620 017.1872 357.7411 02.30589339 54480
0 ARIANE 2 DEB
1 27035U 89006Q   08020.54830500 -.00000781 +00000-0 -10655-1 0  9991
2 27035 007.7292 157.9819 7101620 017.1872 357.7411 02.30589339054480
0 ARIANE 2 DEB
1 27035U 89006Q   08024.45092644 -.00000746  00000-0 -10283-1 0  9992
2 27035 007.7219 156.4062 7101223 020.2131 357.3717 02.30585651 54573
0 ARIANE 2 DEB
1 27035U 89006Q   08030.52187217 -.00000460  00000-0 -65568-2 0  9998
2 27035 007.7043 154.2393 7097541 024.6725 356.9071 02.30584244 54716
0 ARIANE 2 DEB
1 27035U 89006Q   08032.25627243 -.00000405  00000-0 -50642-2 0  9994
2 27035 007.6943 153.5473 7097484 025.9920 356.6322 02.30583889 54756
0 ARIANE 2 DEB
1 27035U 89006Q   08033.55714651 -.00000468  00000-0 -59195-2 0  9999
2 27035 007.6883 153.0937 7097091 026.9372 356.4705 02.30582376 54781
0 ARIANE 2 DEB
1 27035U 89006Q   08034.42442500 -.00000537  00000-0 -70865-2 0  9991
2 27035 007.6900 152.7240 7096543 027.6123 356.3871 02.30581098 54803
0 ARIANE 2 DEB
1 27035U 89006Q   08037.45988734 -.00000504  00000-0 -65010-2 0  9991
2 27035 007.6884 151.5622 7097064 029.8978 356.0712 02.30579197 54871
0 ARIANE 2 DEB
1 27035U 89006Q   08040.49542298 -.00000415  00000-0 -56012-2 0  9993
2 27035 007.6865 150.3827 7097548 032.1910 355.8000 02.30577627 54945
0 ARIANE 2 DEB
1 27035U 89006Q   08043.53096985 -.00000439  00000-0 -61939-2 0  9998
2 27035 007.6837 149.1870 7098188 034.5044 355.5056 02.30575094 55016
0 ARIANE 2 DEB
1 27035U 89006Q   08046.56649142 -.00000497  00000-0 -59326-2 0  9994
2 27035 007.6808 147.9732 7098843 036.8478 355.1754 02.30573267 55089
0 ARIANE 2 DEB
1 27035U 89006Q   08054.37226313 -.00000415  00000-0 -44658-2 0  9995
2 27035 007.6764 144.8148 7099733 042.8727 354.4427 02.30571026 55260
0 ARIANE 2 DEB
1 27035U 89006Q   08054.80576846 -.00000401  00000-0 -43620-2 0  9995
2 27035 007.6745 144.6007 7099627 043.2879 354.2747 02.30571043 55279
0 ARIANE 2 DEB
1 27035U 89006Q   08055.67306593 -.00000327  00000-0 -32690-2 0  9993
2 27035 007.6700 144.3074 7099321 043.8677 354.1910 02.30572015 55297
0 ARIANE 2 DEB
1 27035U 89006Q   08057.40766829 -.00000321  00000-0 -32165-2 0  9999
2 27035 007.6722 143.6088 7099881 045.2180 353.9975 02.30571380 55331
0 ARIANE 2 DEB
1 27035U 89006Q   08060.44319775 -.00000342  00000-0 -29916-2 0  9994
2 27035 007.6711 142.4079 7100770 047.5390 353.6345 02.30570476 55405
0 ARIANE 2 DEB
1 27035U 89006Q   08063.47871054 -.00000350  00000-0 -27006-2 0  9990
2 27035 007.6730 141.2039 7101815 049.8735 353.2539 02.30569857 55477
0 ARIANE 2 DEB
1 27035U 89006Q   08064.34599335 -.00000285  00000-0 -16056-2 0  9996
2 27035 007.6751 140.8395 7102267 050.5558 353.1970 02.30572042 55494
0 ARIANE 2 DEB
1 27035U 89006Q   08069.54970736 -.00000219  00000-0 -14810-2 0  9994
2 27035 007.6735 138.7277 7103751 054.5981 352.5449 02.30571141 55611
0 ARIANE 2 DEB
1 27035U 89006Q   08070.41698387 -.00000209  00000-0 -13995-2 0  9993
2 27035 007.6728 138.3876 7103895 055.2495 352.4359 02.30571195 55631
0 ARIANE 2 DEB
1 27035U 89006Q   08073.45244354 -.00000242  00000-0 -13181-2 0  9995
2 27035 007.6725 137.1557 7104826 057.6090 352.0188 02.30570782 55708
0 ARIANE 2 DEB
1 27035U 89006Q   08076.48785654 -.00000312  00000-0 -12247-2 0  9994
2 27035 007.6720 135.9211 7105718 059.9682 351.5638 02.30570470 55774
0 ARIANE 2 DEB
1 27035U 89006Q   08077.35510999 -.00000318  00000-0 -11530-2 0  9999
2 27035 007.6728 135.5767 7105992 060.6258 351.4357 02.30570545 55798
0 ARIANE 2 DEB
1 27035U 89006Q   08083.42606447 -.00000023  00000-0  24054-2 0  9995
2 27035 007.6499 133.2606 7101613 065.3572 350.7195 02.30575432 55935
0 ARIANE 2 DEB
1 27035U 89006Q   08085.16035870 -.00000157  00000-0 -10613-3 0  9990
2 27035 007.6505 132.4531 7104140 066.6697 350.2778 02.30572518 55979
0 ARIANE 2 DEB
1 27035U 89006Q   08085.16040121 -.00000135  00000-0  26587-3 0  9997
2 27035 007.6547 132.4730 7104092 066.6684 350.3241 02.30573303 55977
0 ARIANE 2 DEB
1 27035U 89006Q   08087.32848370 -.00000123  00000-0  61444-3 0  9997
2 27035 007.6625 131.5704 7105537 068.3675 349.9812 02.30574231 56025
0 ARIANE 2 DEB
1 27035U 89006Q   08088.19567838 -.00000125  00000-0  70377-3 0  9997
2 27035 007.6608 131.2111 7105518 069.0411 349.8156 02.30574540 56045
0 ARIANE 2 DEB
1 27035U 89006Q   08090.36371615 -.00000126  00000-0  94249-3 0  9990
2 27035 007.6686 130.3111 7106743 070.7508 349.4345 02.30575344 56092
0 ARIANE 2 DEB
1 27035U 89006Q   08092.09813341 -.00000116 +00000-0 +11280-2 0  9991
2 27035 007.6705 129.6572 7107213 072.0456 349.1212 02.30576016056138
0 ARIANE 2 DEB
1 27035U 89006Q   08093.39896848 -.00000095  00000-0  13322-2 0  9993
2 27035 007.6719 129.1049 7107658 073.0916 348.9190 02.30576822 56162
0 ARIANE 2 DEB
1 27035U 89006Q   08094.26615753 -.00000087  00000-0  13088-2 0  9994
2 27035 007.6787 128.7456 7108070 073.7686 348.7487 02.30576924 56186
0 ARIANE 2 DEB
1 27035U 89006Q   08096.43419915 -.00000050  00000-0  14175-2 0  9995
2 27035 007.6758 127.8522 7108538 075.4730 348.3836 02.30577608 56236
0 ARIANE 2 DEB
1 27035U 89006Q   08100.33653411  .00000015  00000-0  23290-2 0  9999
2 27035 007.6739 126.3035 7107300 078.5033 347.6737 02.30580702 56325
0 ARIANE 2 DEB
1 27035U 89006Q   08105.10575713 -.00000080  00000-0  23290-2 0  9990
2 27035 007.6632 124.3523 7107669 082.2130 346.5652 02.30582480 56436
0 ARIANE 2 DEB
1 27035U 89006Q   08106.40644470 -.00000085  00000-0  23290-2 0  9996
2 27035 007.6590 123.9166 7107055 083.1611 346.2409 02.30582679 56460
0 ARIANE 2 DEB
1 27035U 89006Q   08107.27362571 -.00000074  00000-0  23290-2 0  9999
2 27035 007.6778 123.2382 7108998 084.0742 346.1210 02.30583484 56489
0 ARIANE 2 DEB
1 27035U 89006Q   08108.14065069 -.00000062  00000-0  23290-2 0  9995
2 27035 007.6601 122.9431 7108381 084.7106 345.8361 02.30583824 56506
0 ARIANE 2 DEB
1 27035U 89006Q   08110.30848671 -.00000016  00000-0  23290-2 0  9993
2 27035 007.6732 122.0348 7109099 086.4142 345.3521 02.30584605 56551
0 ARIANE 2 DEB
1 27035U 89006Q   08111.17559498 -.00000001  00000-0  23290-2 0  9999
2 27035 007.6674 121.7282 7108739 087.0669 345.1575 02.30585512 56577
0 ARIANE 2 DEB
1 27035U 89006Q   08111.60912774  .00000007  00000-0  23290-2 0  9992
2 27035 007.6739 121.5312 7109306 087.4325 345.0360 02.30585728 56586
0 ARIANE 2 DEB
1 27035U 89006Q   08115.07745243  .00000023  00000-0  23290-2 0  9990
2 27035 007.6855 120.4746 7110853 089.8340 344.1316 02.30588203 56667
0 ARIANE 2 DEB
1 27035U 89006Q   08117.24519695  .00000007  00000-0  23290-2 0  9993
2 27035 007.6830 119.6968 7110016 091.5113 343.6045 02.30589199 56719
0 ARIANE 2 DEB
1 27035U 89006Q   08118.11223853  .00000003  00000-0  23290-2 0  9994
2 27035 007.6893 119.5227 7110404 092.0440 343.3761 02.30590236 56733
0 ARIANE 2 DEB
1 27035U 89006Q   08121.14692335  .00000005  00000-0  23290-2 0  9998
2 27035 007.6970 117.9829 7111103 094.6132 342.5936 02.30592589 56808
0 ARIANE 2 DEB
1 27035U 89006Q   08123.31432170  .00000029  00000-0  23290-2 0  9994
2 27035 007.7159 117.2096 7112233 096.2389 341.8199 02.30593557 56858
0 ARIANE 2 DEB
1 27035U 89006Q   08125.04836101  .00000052  00000-0  23290-2 0  9994
2 27035 007.7115 116.5191 7112130 097.5831 341.3045 02.30594222 56899
0 ARIANE 2 DEB
1 27035U 89006Q   08126.34882433  .00000068  00000-0  23290-2 0  9994
2 27035 007.7383 115.9003 7113831 098.6699 340.8816 02.30595092 56924
0 ARIANE 2 DEB
1 27035U 89006Q   08132.41728886 -.00000024  00000-0  23290-2 0  9993
2 27035 007.6865 113.4018 7111939 103.4535 338.6484 02.30599191 57064
0 ARIANE 2 DEB
1 27035U 89006Q   08133.28403623 -.00000035  00000-0  23290-2 0  9990
2 27035 007.6873 113.0069 7111786 104.1247 338.2156 02.30600041 57084
0 ARIANE 2 DEB
1 27035U 89006Q   08135.01778960 -.00000036  00000-0  23290-2 0  9993
2 27035 007.6714 112.2749 7111233 105.4743 337.5152 02.30600809 57121
0 ARIANE 2 DEB
1 27035U 89006Q   08136.31808636 -.00000015  00000-0  23290-2 0  9998
2 27035 007.6901 111.6865 7112353 106.4985 336.9804 02.30601484 57154
0 ARIANE 2 DEB
1 27035U 89006Q   08140.21882239  .00000069  00000-0  23290-2 0  9991
2 27035 007.7269 110.1916 7116037 109.4577 335.3284 02.30607075 57243
0 ARIANE 2 DEB
1 27035U 89006Q   08141.95233813  .00000083  00000-0  23290-2 0  9997
2 27035 007.7311 109.5125 7116720 110.7694 334.4648 02.30607837 57283
0 ARIANE 2 DEB
1 27035U 89006Q   08142.81912036  .00000084  00000-0  23290-2 0  9995
2 27035 007.7327 109.1320 7116933 111.5030 334.0508 02.30608234 57308
0 ARIANE 2 DEB
1 27035U 89006Q   08144.11917669  .00000077  00000-0  23290-2 0  9999
2 27035 007.7296 108.6076 7115970 112.5318 333.3455 02.30608941 57336
0 ARIANE 2 DEB
1 27035U 89006Q   08149.31933122  .00000063  00000-0  23290-2 0  9993
2 27035 007.7356 106.5757 7116210 116.5328 330.4853 02.30611349 57458
0 ARIANE 2 DEB
1 27035U 89006Q   08150.18603439  .00000068  00000-0  23290-2 0  9990
2 27035 007.7484 106.2768 7115663 117.1411 330.0495 02.30612213 57471
0 ARIANE 2 DEB
1 27035U 89006Q   08151.05269524  .00000075  00000-0  23290-2 0  9998
2 27035 007.7072 105.9449 7115089 117.7981 329.5597 02.30612680 57492
0 ARIANE 2 DEB
1 27035U 89006Q   08154.08574451  .00000108  00000-0  23290-2 0  9999
2 27035 007.6784 104.7020 7114502 120.1584 327.6261 02.30614364 57565
0 ARIANE 2 DEB
1 27035U 89006Q   08155.38550324  .00000120  00000-0  23290-2 0  9990
2 27035 007.7293 104.1562 7117326 121.0967 326.7173 02.30615367 57597
0 ARIANE 2 DEB
1 27035U 89006Q   08155.81885834  .00000120  00000-0  23290-2 0  9995
2 27035 007.7346 103.9796 7117806 121.5098 326.4864 02.30615615 57607
0 ARIANE 2 DEB
1 27035U 89006Q   08161.01755123  .00000032  00000-0  23290-2 0  9993
2 27035 007.7350 101.8230 7117970 125.5862 322.5531 02.30618295 57725
0 ARIANE 2 DEB
1 27035U 89006Q   08163.18351126  .00000033  00000-0  23290-2 0  9999
2 27035 007.7721 101.1240 7119277 127.0293 320.8162 02.30619872 57776
0 ARIANE 2 DEB
1 27035U 89006Q   08164.05018071 +.00000043 +00000-0 +23290-2 0  9996
2 27035 007.7715 100.7604 7119225 127.7091 320.3550 02.30620306057796
0 ARIANE 2 DEB
1 27035U 89006Q   08165.78279857  .00000077  00000-0  23290-2 0  9995
2 27035 007.7805 100.0490 7119530 129.1020 318.8238 02.30621016 57838
0 ARIANE 2 DEB
1 27035U 89006Q   08170.97989709  .00000136  00000-0  23290-2 0  9992
2 27035 007.7384 097.7627 7117769 133.3753 313.6536 02.30623416 57959
0 ARIANE 2 DEB
1 27035U 89006Q   08177.90770678  .00000120  00000-0  23290-2 0  9998
2 27035 007.7725 095.0653 7118824 138.6439 305.4868 02.30627069 58114
0 ARIANE 2 DEB
1 27035U 89006Q   08180.93836988  .00000151  00000-0  23290-2 0  9996
2 27035 007.7775 093.8299 7119074 140.9709 301.7204 02.30628246 58183
0 ARIANE 2 DEB
1 27035U 89006Q   08186.13232299  .00000142  00000-0  23290-2 0  9999
2 27035 007.7770 091.7751 7120406 145.0067 294.0489 02.30629911 58305
0 ARIANE 2 DEB
1 27035U 89006Q   08187.86349713 +.00000111 +00000-0 +23290-2 0  9996
2 27035 007.8012 091.2296 7122211 146.1423 291.3798 02.30630352058346
0 ARIANE 2 DEB
1 27035U 89006Q   08187.86407383 +.00000111 +00000-0 +23290-2 0  9994
2 27035 007.8017 091.2182 7122264 146.1573 291.8583 02.30630355058349
0 ARIANE 2 DEB
1 27035U 89006Q   08189.16229756 +.00000091 +00000-0 +23290-2 0  9992
2 27035 007.8059 090.7093 7122502 147.1437 289.7298 02.30630922058377
0 ARIANE 2 DEB
1 27035U 89006Q   08196.08459649  .00000168  00000-0  23290-2 0  9992
2 27035 007.8336 087.9592 7121501 152.4601 277.1177 02.30633110 58534
0 ARIANE 2 DEB
1 27035U 89006Q   08197.38238147 +.00000184 +00000-0 +23290-2 0  9992
2 27035 007.8415 087.4343 7121299 153.4592 274.6396 02.30633586058560
0 ARIANE 2 DEB
1 27035U 89006Q   08197.81490849  .00000191  00000-0  23290-2 0  9997
2 27035 007.8542 087.1248 7122315 153.9173 273.7355 02.30633259 58575
0 ARIANE 2 DEB
1 27035U 89006Q   08200.84188272  .00000190  00000-0  23290-2 0  9998
2 27035 007.8410 086.0758 7121923 156.1436 266.9507 02.30634206 58648
0 ARIANE 2 DEB
1 27035U 89006Q   08203.86924314  .00000169  00000-0  23290-2 0  9994
2 27035 007.8488 084.8161 7121301 158.5107 260.4961 02.30634834 58716
0 ARIANE 2 DEB
1 27035U 89006Q   08211.21780667  .00000211  00000-0  23290-2 0  9991
2 27035 007.8842 081.9398 7121492 164.0655 241.8965 02.30636735 58888
0 ARIANE 2 DEB
1 27035U 89006Q   08218.99656275  .00000118  00000-0  23290-2 0  9996
2 27035 007.9119 078.8579 7122895 170.0722 220.4070 02.30636642 59060
0 ARIANE 2 DEB
1 27035U 89006Q   08226.34036096  .00000222  00000-0  23290-2 0  9993
2 27035 007.9304 076.2223 7121610 175.3996 197.9240 02.30639263 59237
0 ARIANE 2 DEB
1 27035U 89006Q   08227.63761705  .00000231  00000-0  23290-2 0  9998
2 27035 007.9292 075.9364 7123494 176.1395 195.0060 02.30638931 59262
0 ARIANE 2 DEB
1 27035U 89006Q   08227.63887413  .00000231  00000-0  23290-2 0  9993
2 27035 007.9271 075.9461 7123611 176.1380 196.0492 02.30638945 59267
0 ARIANE 2 DEB
1 27035U 89006Q   08230.66259763  .00000213  00000-0  23290-2 0  9991
2 27035 007.9411 074.7801 7123554 178.4306 186.6432 02.30640113 59334
0 ARIANE 2 DEB
1 27035U 89006Q   08237.57361404  .00000218  00000-0  23290-2 0  9999
2 27035 007.9675 071.7442 7122209 184.0389 164.8774 02.30642043 59492
0 ARIANE 2 DEB
1 27035U 89006Q   08240.59567626  .00000230  00000-0  23290-2 0  9993
2 27035 007.9973 070.5836 7123238 186.2576 154.0993 02.30641927 59564
0 ARIANE 2 DEB
1 27035U 89006Q   08246.64441843  .00000132  00000-0  23290-2 0  9998
2 27035 008.0308 068.2084 7123072 190.8680 136.4647 02.30644502 59708
0 ARIANE 2 DEB
1 27035U 89006Q   08249.23664344  .00000157  00000-0  23290-2 0  9996
2 27035 008.0580 067.1819 7124161 192.8985 128.8389 02.30645520 59769
0 ARIANE 2 DEB
1 27035U 89006Q   08250.53264038  .00000181  00000-0  23290-2 0  9994
2 27035 008.0553 066.7248 7123835 193.8349 124.9398 02.30646145 59796
0 ARIANE 2 DEB
1 27035U 89006Q   08253.55809515  .00000232  00000-0  23290-2 0  9991
2 27035 008.0705 065.5994 7123824 196.0748 117.0666 02.30647753 59861
0 ARIANE 2 DEB
1 27035U 89006Q   08259.17778280  .00000216  00000-0  23290-2 0  9991
2 27035 008.0885 063.5507 7123768 200.2202 103.3038 02.30650399 59993
0 ARIANE 2 DEB
1 27035U 89006Q   08260.04260953  .00000206  00000-0  23290-2 0  9991
2 27035 008.1018 063.1690 7123589 200.9058 101.4680 02.30651959 60018
0 ARIANE 2 DEB
1 27035U 89006Q   08260.47472508  .00000201  00000-0  23290-2 0  9994
2 27035 008.0945 063.0379 7123410 201.1926 100.2803 02.30652258 60027
0 ARIANE 2 DEB
1 27035U 89006Q   08262.20431815  .00000195  00000-0  23290-2 0  9995
2 27035 008.0963 062.4642 7124317 202.3927 096.4586 02.30653410 60063
0 ARIANE 2 DEB
1 27035U 89006Q   08264.36667551  .00000208  00000-0  23290-2 0  9997
2 27035 008.0995 061.6735 7124887 204.0055 091.9901 02.30655045 60118
0 ARIANE 2 DEB
1 27035U 89006Q   08266.52903869  .00000232  00000-0  23290-2 0  9999
2 27035 008.0799 061.0851 7125649 205.3697 087.5720 02.30657432 60163
0 ARIANE 2 DEB
1 27035U 89006Q   08270.42260695  .00000204  00000-0  23290-2 0  9995
2 27035 008.1292 059.4150 7125058 208.4809 080.7393 02.30661275 60259
0 ARIANE 2 DEB
1 27035U 89006Q   08272.58483196  .00000156  00000-0  23290-2 0  9993
2 27035 008.1222 058.7039 7124966 209.9931 076.2135 02.30662224 60304
0 ARIANE 2 DEB
1 27035U 89006Q   08273.45031381 +.00000140 +00000-0 +23290-2 0  9998
2 27035 008.1286 058.3645 7124895 210.6555 074.8940 02.30662570060329
0 ARIANE 2 DEB
1 27035U 89006Q   08276.04618317  .00000137  00000-0  23290-2 0  9992
2 27035 008.1599 057.3856 7126859 212.5799 070.6319 02.30671686 60380
0 ARIANE 2 DEB
1 27035U 89006Q   08278.20942284  .00000167  00000-0  23290-2 0  9998
2 27035 008.1655 056.6035 7126206 214.1592 067.0693 02.30674322 60430
0 ARIANE 2 DEB
1 27035U 89006Q   08279.07490554  .00000184  00000-0  23290-2 0  9991
2 27035 008.1675 056.2819 7126317 214.8118 065.7872 02.30674663 60456
0 ARIANE 2 DEB
1 27035U 89006Q   08279.94038040 +.00000201 +00000-0 +23290-2 0  9995
2 27035 008.1705 055.9623 7126267 215.4529 064.5016 02.30675040060475
0 ARIANE 2 DEB
1 27035U 89006Q   08280.37314569  .00000212  00000-0  23290-2 0  9999
2 27035 008.1804 055.8171 7127457 215.7497 063.8918 02.30675336 60483
0 ARIANE 2 DEB
1 27035U 89006Q   08282.53710420  .00000740  00000-0  78813-2 0  9992
2 27035 008.1858 055.0137 7127849 217.3669 060.9467 02.30683041 60535
0 ARIANE 2 DEB
1 27035U 89006Q   08286.43234189  .00000726  00000-0  79508-2 0  9994
2 27035 008.1962 053.5829 7127660 220.2498 055.8082 02.30688634 60625
0 ARIANE 2 DEB
1 27035U 89006Q   08286.43234862  .00000838  00000-0  91429-2 0  9992
2 27035 008.1968 053.5841 7127927 220.2497 055.8508 02.30691012 60627
0 ARIANE 2 DEB
1 27035U 89006Q   08287.29796089 +.00000750 +00000-0 +81454-2 0  9991
2 27035 008.2027 053.2717 7128986 220.8782 054.7330 02.30691817060648
0 ARIANE 2 DEB
1 27035U 89006Q   08290.32795413  .00000728  00000-0  82398-2 0  9992
2 27035 008.2093 052.1634 7128865 223.1149 051.1313 02.30696520 60712
0 ARIANE 2 DEB
1 27035U 89006Q   08293.35833265  .00000839  00000-0  92999-2 0  9997
2 27035 008.2180 051.0610 7128595 225.3460 047.9293 02.30703016 60787
0 ARIANE 2 DEB
1 27035U 89006Q   08295.52304958  .00001053  00000-0  10864-1 0  9999
2 27035 008.2304 050.3654 7131525 226.8392 045.8214 02.30708823 60839
0 ARIANE 2 DEB
1 27035U 89006Q   08296.38903792  .00000889  00000-0  95173-2 0  9998
2 27035 008.2237 049.9720 7129435 227.5602 045.0572 02.30708916 60855
0 ARIANE 2 DEB
1 27035U 89006Q   08296.82193118 +.00000885 +00000-0 +95125-2 0  9993
2 27035 008.2243 049.8141 7129416 227.8797 044.5965 02.30709672060866
0 ARIANE 2 DEB
1 27035U 89006Q   08299.41972178  .00000924  00000-0  10106-1 0  9991
2 27035 008.2398 048.9075 7131191 229.7556 042.2454 02.30716148 60921
0 ARIANE 2 DEB
1 27035U 89006Q   08303.31653556  .00000973  00000-0  10966-1 0  9990
2 27035 008.2510 047.5508 7132622 232.5637 038.9217 02.30725720 61011
0 ARIANE 2 DEB
1 27035U 89006Q   08303.31656953  .00000956  00000-0  10617-1 0  9998
2 27035 008.2592 047.6002 7133541 232.5116 038.9480 02.30725362 61018
0 ARIANE 2 DEB
1 27035U 89006Q   08304.61562441  .00000964  00000-0  10515-1 0  9996
2 27035 008.2615 047.1325 7134137 233.4765 037.9596 02.30728158 61045
0 ARIANE 2 DEB
1 27035U 89006Q   08305.48163430 +.00000975 +00000-0 +10509-1 0  9992
2 27035 008.2629 046.8162 7134144 234.1164 037.2854 02.30729996061067
0 ARIANE 2 DEB
1 27035U 89006Q   08306.34767923 +.00000991 +00000-0 +10494-1 0  9996
2 27035 008.2644 046.4992 7134209 234.7596 036.6457 02.30731838061080
0 ARIANE 2 DEB
1 27035U 89006Q   08309.37893894  .00001078  00000-0  10653-1 0  9993
2 27035 008.2770 045.4158 7135037 236.9783 034.5528 02.30739011 61150
0 ARIANE 2 DEB
1 27035U 89006Q   08311.11112609 +.00001089 +00000-0 +10615-1 0  9996
2 27035 008.2798 044.7895 7135101 238.2547 033.4155 02.30742761061199
0 ARIANE 2 DEB
1 27035U 89006Q   08312.84333131  .00001081  00000-0  10615-1 0  9994
2 27035 008.2834 044.1533 7134930 239.5409 032.3152 02.30746563 61237
0 ARIANE 2 DEB
1 27035U 89006Q   08313.27638351 +.00001077 +00000-0 +10615-1 0  9999
2 27035 008.2843 043.9943 7134887 239.8624 032.0446 02.30747511061240
0 ARIANE 2 DEB
1 27035U 89006Q   08317.17383434  .00001007  00000-0  10104-1 0  9997
2 27035 008.2916 042.6009 7136789 242.7240 029.6537 02.30755399 61336
0 ARIANE 2 DEB
1 27035U 89006Q   08322.37075084  .00000670  00000-0  62262-2 0  9992
2 27035 008.3010 040.6503 7141610 246.6159 026.8095 02.30760736 61452
0 ARIANE 2 DEB
1 27035U 89006Q   08326.26883699  .00000702  00000-0  68086-2 0  9999
2 27035 008.3011 039.3446 7140116 249.3822 025.1129 02.30766245 61542
0 ARIANE 2 DEB
1 27035U 89006Q   08328.86743051  .00000643  00000-0  67906-2 0  9998
2 27035 008.3037 038.3860 7140327 251.3172 023.9214 02.30770277 61602
0 ARIANE 2 DEB
1 27035U 89006Q   08332.33228648  .00000401  00000-0  46631-2 0  9999
2 27035 008.3020 037.0310 7143329 254.0138 022.3771 02.30771555 61686
0 ARIANE 2 DEB
1 27035U 89006Q   08335.36417896  .00000342  00000-0  36187-2 0  9999
2 27035 008.3062 036.0653 7145539 256.1417 021.1903 02.30773154 61758
0 ARIANE 2 DEB
1 27035U 89006Q   08337.52997999  .00000377  00000-0  36187-2 0  9994
2 27035 008.3086 035.2649 7145360 257.7602 020.4959 02.30775123 61802
0 ARIANE 2 DEB
1 27035U 89006Q   08339.26257930  .00000283  00000-0  27334-2 0  9991
2 27035 008.3267 034.7351 7145990 258.9505 019.8785 02.30774323 61845
0 ARIANE 2 DEB
1 27035U 89006Q   08341.42843541  .00000268  00000-0  26888-2 0  9997
2 27035 008.3280 033.9326 7146109 260.5730 019.2333 02.30775668 61896
0 ARIANE 2 DEB
1 27035U 89006Q   08341.42843634 +.00000266 +00000-0 +26692-2 0  9991
2 27035 008.3293 033.9352 7146114 260.5694 019.2328 02.30775602061896
0 ARIANE 2 DEB
1 27035U 89006Q   08343.59418813  .00000401  00000-0  39729-2 0  9994
2 27035 008.3314 033.1527 7146416 262.1621 018.6109 02.30781397 61943
0 ARIANE 2 DEB
1 27035U 89006Q   08346.19294460  .00000094  00000-0  16307-2 0  9998
2 27035 008.3388 032.2486 7153304 264.0999 017.4013 02.30776232 62002
0 ARIANE 2 DEB
1 27035U 89006Q   08348.35906727  .00000270  00000-0  27849-2 0  9993
2 27035 008.3388 031.4416 7153834 265.7339 017.0103 02.30779832 62050
0 ARIANE 2 DEB
1 27035U 89006Q   08349.22537790  .00000175  00000-0  21150-2 0  9993
2 27035 008.3411 031.2241 7153068 266.2914 016.6976 02.30778411 62072
0 ARIANE 2 DEB
1 27035U 89006Q   08349.22538661 +.00000325 +00000-0 +30834-2 0  9997
2 27035 008.3383 031.1218 7153991 266.3840 016.7560 02.30781279062073
0 ARIANE 2 DEB
1 27035U 89006Q   08350.95822237  .00000236  00000-0  23772-2 0  9998
2 27035 008.3410 030.5912 7153341 267.5851 016.3421 02.30780154 62110
0 ARIANE 2 DEB
1 27035U 89006Q   08355.72319619  .00000165  00000-0  22111-2 0  9990
2 27035 008.3434 028.8287 7153608 271.1570 015.1018 02.30782716 62223
0 ARIANE 2 DEB
1 27035U 89006Q   08356.15639225  .00000083  00000-0  17208-2 0  9996
2 27035 008.3453 028.6825 7153774 271.4658 014.9763 02.30781245 62235
0 ARIANE 2 DEB
1 27035U 89006Q   08357.45597425  .00000600  00000-0  51437-2 0  9992
2 27035 008.3434 028.2167 7156293 272.4354 014.6958 02.30787683 62260
0 ARIANE 2 DEB
1 27035U 89006Q   08358.32227291  .00000551  00000-0  48988-2 0  9992
2 27035 008.3453 027.9315 7156425 273.0520 014.4283 02.30788321 62282
0 ARIANE 2 DEB
1 27035U 89006Q   08359.18864871 +.00000551 +00000-0 +49372-2 0  9996
2 27035 008.3453 027.5982 7156531 273.7166 014.2367 02.30789660062300
0 ARIANE 2 DEB
1 27035U 89006Q   08361.35452628  .00000282  00000-0  30955-2 0  9999
2 27035 008.3472 026.8224 7157156 275.3243 013.6738 02.30788699 62351
0 ARIANE 2 DEB
1 27035U 89006Q   08362.22097874  .00000013  00000-0  14169-2 0  9995
2 27035 008.3467 026.5863 7153178 275.8771 013.6304 02.30786786 62378
0 ARIANE 2 DEB
1 27035U 89006Q   08365.68653941  .00000476  00000-0  39962-2 0  9992
2 27035 008.3443 025.2661 7154910 278.5273 012.8934 02.30794214 62450
0 ARIANE 2 DEB
1 27035U 89006Q   08366.11972098  .00000395  00000-0  34259-2 0  9992
2 27035 008.3433 025.1094 7154983 278.8509 012.7584 02.30792573 62460
0 ARIANE 2 DEB
1 27035U 89006Q   09002.28571945  .00000446  00000-0  37099-2 0  9996
2 27035 008.3452 024.3157 7154917 280.4782 012.3901 02.30795689 62517
0 ARIANE 2 DEB
1 27035U 89006Q   09003.15208517  .00000448  00000-0  37563-2 0  9993
2 27035 008.3448 023.9903 7154985 281.1338 012.2218 02.30796878 62539
0 ARIANE 2 DEB
1 27035U 89006Q   09006.18431807  .00000415  00000-0  35361-2 0  9997
2 27035 008.3429 022.7999 7159390 283.5058 011.4340 02.30798476 62601
0 ARIANE 2 DEB
1 27035U 89006Q   09006.18446287  .00000387  00000-0  33299-2 0  9991
2 27035 008.3445 022.8137 7159909 283.4954 011.5211 02.30797559 62603
0 ARIANE 2 DEB
1 27035U 89006Q   09013.11547325  .00000288  00000-0  25924-2 0  9993
2 27035 008.3407 020.2055 7161464 288.7711 010.1776 02.30801477 62763
0 ARIANE 2 DEB
1 27035U 89006Q   09014.41522643  .00000248  00000-0  22726-2 0  9996
2 27035 008.3401 019.7884 7162352 289.6993 010.0490 02.30801434 62797
0 ARIANE 2 DEB
1 27035U 89006Q   09015.71489551  .00000257  00000-0  23806-2 0  9990
2 27035 008.3402 019.3236 7162239 290.6610 009.9298 02.30802998 62820
0 ARIANE 2 DEB
1 27035U 89006Q   09015.71489551 +.00000257 +00000-0 +23806-2 0  9990
2 27035 008.3402 019.3236 7162239 290.6610 009.9298 02.30802998062820
0 ARIANE 2 DEB
1 27035U 89006Q   09015.71508885  .00000081  00000-0  47147-3 0  9992
2 27035 008.3410 019.4100 7160900 290.6113 009.9416 02.30799529 62828
0 ARIANE 2 DEB
1 27035U 89006Q   09018.31401007  .00000169  00000-0  21603-2 0  9994
2 27035 008.3386 018.3354 7162683 292.6489 009.4541 02.30804050 62883
0 ARIANE 2 DEB
1 27035U 89006Q   09018.74724085  .00000144  00000-0  20356-2 0  9992
2 27035 008.3394 018.2092 7163544 292.9626 009.3155 02.30803314 62896
0 ARIANE 2 DEB
1 27035U 89006Q   09021.34649137  .00000052  00000-0  17368-2 0  9993
2 27035 008.3367 017.3546 7163234 294.8401 008.9457 02.30805423 62958
0 ARIANE 2 DEB
1 27035U 89006Q   09022.21295643 +.00000123 +00000-0 +21021-2 0  9999
2 27035 008.3362 017.0208 7163668 295.5154 008.8791 02.30807607062977
0 ARIANE 2 DEB
1 27035U 89006Q   09022.21295722  .00000123  00000-0  21021-2 0  9997
2 27035 008.3362 017.0208 7163668 295.5154 008.8798 02.30807607 62974
0 ARIANE 2 DEB
1 27035U 89006Q   09024.37890490  .00000180  00000-0  22452-2 0  9991
2 27035 008.3349 016.2153 7163792 297.1508 008.5734 02.30809728 63028
0 ARIANE 2 DEB
1 27035U 89006Q   09025.24528309 +.00000211 +00000-0 +23055-2 0  9990
2 27035 008.3337 015.8889 7163994 297.8159 008.4423 02.30810846063048
0 ARIANE 2 DEB
1 27035U 89006Q   09026.11167743 +.00000229 +00000-0 +23055-2 0  9997
2 27035 008.3333 015.5600 7163942 298.4759 008.3408 02.30811577063064
0 ARIANE 2 DEB
1 27035U 89006Q   09029.14401766  .00000357  00000-0  27576-2 0  9993
2 27035 008.3311 014.4499 7163952 300.7532 007.9660 02.30815472 63132
0 ARIANE 2 DEB
1 27035U 89006Q   09029.14401909 +.00000394 +00000-0 +29504-2 0  9996
2 27035 008.3304 014.4446 7164026 300.7625 007.9690 02.30816258063138
0 ARIANE 2 DEB
1 27035U 89006Q   09030.44356288  .00000398  00000-0  29646-2 0  9991
2 27035 008.3296 013.9502 7164054 301.7552 007.8005 02.30817687 63165
0 ARIANE 2 DEB
1 27035U 89006Q   09030.44356288 +.00000398 +00000-0 +29646-2 0  9991
2 27035 008.3296 013.9502 7164054 301.7552 007.8005 02.30817687063165
0 ARIANE 2 DEB
1 27035U 89006Q   09031.30991806  .00000384  00000-0  29168-2 0  9992
2 27035 008.3289 013.6380 7164124 302.4003 007.6808 02.30818436 63189
0 ARIANE 2 DEB
1 27035U 89006Q   09035.20844740  .00000226  00000-0  24182-2 0  9995
2 27035 008.3251 012.1660 7164051 305.3686 007.0963 02.30820337 63270
0 ARIANE 2 DEB
1 27035U 89006Q   09039.10706552 -.00000046  00000-0  10007-2 0  9998
2 27035 008.3203 010.8069 7159754 308.2267 006.5828 02.30817647 63360
0 ARIANE 2 DEB
1 27035U 89006Q   09042.13952778  .00000241  00000-0  23248-2 0  9995
2 27035 008.3194 009.6179 7162453 310.6117 006.4310 02.30825948 63434
0 ARIANE 2 DEB
1 27035U 89006Q   09045.60473894 +.00000279 +00000-0 +27782-2 0  9995
2 27035 008.3162 008.3028 7161768 313.2686 005.9467 02.30831092063519
0 ARIANE 2 DEB
1 27035U 89006Q   09045.60477953  .00000284  00000-0  28093-2 0  9997
2 27035 008.3166 008.3212 7161746 313.2514 005.9832 02.30831267 63514
0 ARIANE 2 DEB
1 27035U 89006Q   09047.33736847  .00000189  00000-0  24676-2 0  9996
2 27035 008.3149 007.6464 7161894 314.5903 005.7122 02.30831520 63552
0 ARIANE 2 DEB
1 27035U 89006Q   09052.96846167  .00000242  00000-0  26631-2 0  9991
2 27035 008.3050 005.5350 7161330 318.8639 005.1046 02.30836835 63689
0 ARIANE 2 DEB
1 27035U 89006Q   09053.40163016  .00000134  00000-0  19756-2 0  9996
2 27035 008.3044 005.3656 7161531 319.2023 004.9884 02.30833976 63695
0 ARIANE 2 DEB
1 27035U 89006Q   09058.16651514  .00000426  00000-0  29824-2 0  9990
2 27035 008.2960 003.5585 7162338 322.8576 004.5647 02.30840212 63808
0 ARIANE 2 DEB
1 27035U 89006Q   09058.16655100  .00000424  00000-0  29988-2 0  9994
2 27035 008.2988 003.5329 7161850 322.8718 004.6533 02.30841047 63802
0 ARIANE 2 DEB
1 27035U 89006Q   09059.03289264 +.00000440 +00000-0 +29824-2 0  9992
2 27035 008.2954 003.2260 7162295 323.5211 004.5409 02.30841131063823
0 ARIANE 2 DEB
1 27035U 89006Q   09059.03289264  .00000320  00000-0  22725-2 0  9992
2 27035 008.2927 003.2430 7163010 323.5058 004.5441 02.30840020 63829
0 ARIANE 2 DEB
1 27035U 89006Q   09065.09685329 -.00002558  00000-0 -14467-1 0  9997
2 27035 008.2954 000.8681 7159016 328.2075 002.9260 02.30789949 63960
0 ARIANE 2 DEB
1 27035U 89006Q   09169.03230743  .00000454  00000-0  22050-2 0  9991
2 27035 008.2400 320.5183 7167960 048.6043 353.4739 02.30934551 66363
0 ARIANE 2 DEB
1 27035U 89006Q   09175.96000922  .00000256  00000-0  15861-2 0  9996
2 27035 008.2363 317.8526 7170337 053.9920 351.5231 02.30924555 66523
0 ARIANE 2 DEB
1 27035U 89006Q   10099.77723529  .00000632  00000-0  78406-2 0  9999
2 27035 007.7916 207.2995 7118031 270.5941 015.8748 02.30673496 73195
0 ARIANE 2 DEB
1 27035U 89006Q   10105.41117235  .00000617  00000-0  78406-2 0  9992
2 27035 007.7920 204.9677 7117852 275.0066 014.4937 02.30680389 73328
0 ARIANE 2 DEB
1 27035U 89006Q   10106.27792339 +.00000614 +00000-0 +78406-2 0  9998
2 27035 007.7925 204.6073 7118260 275.6844 014.2870 02.30681580073355
0 ARIANE 2 DEB
1 27035U 89006Q   10107.57803011  .00000607  00000-0  78406-2 0  9994
2 27035 007.7932 204.0691 7118090 276.7050 013.9706 02.30683237 73372
0 ARIANE 2 DEB
1 27035U 89006Q   10112.34510464  .00000642  00000-0  78406-2 0  9991
2 27035 007.7967 202.1045 7117754 280.4347 012.8778 02.30689130 73486
0 ARIANE 2 DEB
1 27035U 89006Q   10118.41234558  .00000559  00000-0  78406-2 0  9999
2 27035 007.7987 199.6031 7116396 285.1882 011.7034 02.30697028 73624
0 ARIANE 2 DEB
1 27035U 89006Q   10119.27904687  .00000555  00000-0  78406-2 0  9997
2 27035 007.8033 199.2590 7117988 285.8446 011.5186 02.30698628 73649
0 ARIANE 2 DEB
1 27035U 89006Q   10125.77945176  .00000644  00000-0  78406-2 0  9996
2 27035 007.8105 196.4190 7121261 291.0589 010.4219 02.30712700 73799
0 ARIANE 2 DEB
1 27035U 89006Q   10129.24604851  .00000715  00000-0  78406-2 0  9993
2 27035 007.8192 194.9305 7124233 293.8313 009.5986 02.30715060 73874
0 ARIANE 2 DEB
1 27035U 89006Q   10135.31292940  .00000675  00000-0  78406-2 0  9995
2 27035 007.8346 192.3631 7125410 298.6626 008.8128 02.30728511 74019
0 ARIANE 2 DEB
1 27035U 89006Q   10138.77931793  .00000703  00000-0  78406-2 0  9996
2 27035 007.8427 190.9926 7126246 301.3233 008.0423 02.30731915 74094
0 ARIANE 2 DEB
1 27035U 89006Q   10146.14588880  .00000621  00000-0  78406-2 0  9990
2 27035 007.8574 188.0541 7124350 306.9654 007.2413 02.30743956 74267
0 ARIANE 2 DEB
1 27035U 89006Q   10147.44564489  .00000589  00000-0  78406-2 0  9996
2 27035 007.8665 187.4553 7124393 308.0544 006.8903 02.30745361 74296
0 ARIANE 2 DEB
1 27035U 89006Q   10148.74557090  .00000573  00000-0  78406-2 0  9993
2 27035 007.8738 186.8744 7124456 309.1200 006.7080 02.30746999 74320
0 ARIANE 2 DEB
1 27035U 89006Q   10148.74557090 +.00000573 +00000-0 +78406-2 0  9993
2 27035 007.8738 186.8744 7124456 309.1200 006.7080 02.30746999074331
0 ARIANE 2 DEB
1 27035U 89006Q   10150.47878003 +.00000574 +00000-0 +78406-2 0  9997
2 27035 007.8781 186.1811 7123880 310.4568 006.4680 02.30749103074376
0 ARIANE 2 DEB
1 27035U 89006Q   10150.47878238  .00000574  00000-0  78406-2 0  9997
2 27035 007.8780 186.1811 7123872 310.4561 006.4701 02.30749096 74363
0 ARIANE 2 DEB
1 27035U 89006Q   10150.47878238 +.00000574 +00000-0 +78406-2 0  9997
2 27035 007.8780 186.1811 7123872 310.4561 006.4701 02.30749096074374
0 ARIANE 2 DEB
1 27035U 89006Q   10158.27821948  .00000728  00000-0  78406-2 0  9990
2 27035 007.9077 182.9401 7128685 316.5863 005.2915 02.30752267 74549
0 ARIANE 2 DEB
1 27035U 89006Q   10161.74449976  .00000601  00000-0  78406-2 0  9993
2 27035 007.8964 181.6167 7121874 319.2341 005.1125 02.30764094 74624
0 ARIANE 2 DEB
1 27035U 89006Q   10161.74503231  .00000178  00000-0  19847-2 0  9991
2 27035 007.9039 181.6794 7126759 319.1408 005.1268 02.30748492 74626
0 ARIANE 2 DEB
1 27035U 89006Q   10170.41002848  .00000744  00000-0  78406-2 0  9998
2 27035 007.9425 178.1116 7131744 325.9703 002.9856 02.30755419 74824
0 ARIANE 2 DEB
1 27035U 89006Q   10170.84468769  .00000082  00000-0  11310-2 0  9999
2 27035 007.9491 177.9109 7131288 326.3479 004.0315 02.30749124 74834
0 ARIANE 2 DEB
1 27035U 89006Q   10171.71135878  .00000422  00000-0  48246-2 0  9994
2 27035 007.9493 177.5916 7131314 326.9793 004.0018 02.30753692 74850
0 ARIANE 2 DEB
1 27035U 89006Q   10175.17774232  .00000021  00000-0  17770-2 0  9994
2 27035 007.9612 176.2100 7130812 329.6656 003.4979 02.30751251 74931
0 ARIANE 2 DEB
1 27035U 89006Q   10181.24421817  .00000115  00000-0  22027-2 0  9992
2 27035 007.9734 173.8368 7131264 334.3158 002.9544 02.30754535 75073
0 ARIANE 2 DEB
1 27035U 89006Q   10182.97746587  .00000045  00000-0  11536-2 0  9992
2 27035 007.9950 172.9568 7131580 335.8597 002.7185 02.30753025 75116
0 ARIANE 2 DEB
1 27035U 89006Q   10184.27747493  .00000122  00000-0  18370-2 0  9993
2 27035 008.0018 172.4231 7131863 336.8883 002.6463 02.30754520 75140
0 ARIANE 2 DEB
1 27035U 89006Q   10189.91049948  .00000065  00000-0  19394-2 0  9992
2 27035 008.0133 170.1925 7131695 341.2376 002.0773 02.30756686 75270
0 ARIANE 2 DEB
1 27035U 89006Q   10190.77710059 +.00000044 +00000-0 +18423-2 0  9995
2 27035 008.0158 169.8812 7131360 341.8807 001.9718 02.30756696075303
0 ARIANE 2 DEB
1 27035U 89006Q   10191.21041568  .00000014  00000-0  15559-2 0  9991
2 27035 008.0237 169.6850 7131776 342.2350 001.9270 02.30756398 75302
0 ARIANE 2 DEB
1 27035U 89006Q   10191.21041568 +.00000014 +00000-0 +15559-2 0  9991
2 27035 008.0237 169.6850 7131776 342.2350 001.9270 02.30756398075313
0 ARIANE 2 DEB
1 27035U 89006Q   10194.24357825 +.00000053 +00000-0 +18192-2 0  9992
2 27035 008.0277 168.5224 7131448 344.5440 001.6403 02.30757860075377
0 ARIANE 2 DEB
1 27035U 89006Q   10194.24357826  .00000053  00000-0  18192-2 0  9993
2 27035 008.0277 168.5224 7131448 344.5440 001.6403 02.30757860 75377
0 ARIANE 2 DEB
1 27035U 89006Q   10197.27676980  .00000247  00000-0  31305-2 0  9990
2 27035 008.0534 167.2275 7137191 346.9725 001.3601 02.30761831 75446
0 ARIANE 2 DEB
1 27035U 89006Q   10202.04306760 -.00000063  00000-0  12292-2 0  9999
2 27035 008.0649 165.3603 7138158 350.6476 000.7467 02.30758807 75550
0 ARIANE 2 DEB
1 27035U 89006Q   10211.14269056  .00000366  00000-0  32211-2 0  9994
2 27035 008.0312 162.0793 7139993 357.3614 000.1498 02.30765974 75761
0 ARIANE 2 DEB
1 27035U 89006Q   10211.57606306  .00000154  00000-0  25469-2 0  9996
2 27035 008.0867 161.4984 7138741 358.1225 000.1507 02.30764953 75787
0 ARIANE 2 DEB
1 27035U 89006Q   10220.24180882  .00000110  00000-0  28040-2 0  9996
2 27035 008.0963 158.1143 7138993 004.7877 359.2713 02.30770486 75987
0 ARIANE 2 DEB
1 27035U 89006Q   10226.30786042  .00000242  00000-0  36695-2 0  9990
2 27035 008.0993 155.7946 7137175 009.4750 358.8288 02.30776547 76120
0 ARIANE 2 DEB
1 27035U 89006Q   10228.90744077  .00000171  00000-0  34603-2 0  9998
2 27035 008.0950 154.7827 7139011 011.4763 358.4707 02.30777548 76188
0 ARIANE 2 DEB
1 27035U 89006Q   10236.27309038  .00000224  00000-0  39297-2 0  9994
2 27035 008.1085 151.8370 7140200 017.2179 357.8909 02.30785033 76350
0 ARIANE 2 DEB
1 27035U 89006Q   10237.13957852  .00000313  00000-0  43604-2 0  9999
2 27035 008.1158 151.4266 7142245 017.9210 357.7800 02.30786180 76370
0 ARIANE 2 DEB
1 27035U 89006Q   10237.57284984  .00000295  00000-0  41018-2 0  9992
2 27035 008.1170 151.2505 7142533 018.2622 357.7463 02.30786235 76386
0 ARIANE 2 DEB
1 27035U 89006Q   10245.37139484  .00000148  00000-0  29294-2 0  9992
2 27035 008.1088 148.1149 7143252 024.3112 357.0214 02.30790912 76568
0 ARIANE 2 DEB
1 27035U 89006Q   10246.23791536  .00000160  00000-0  30971-2 0  9998
2 27035 008.1101 147.7601 7143457 025.0076 356.9604 02.30791918 76586
0 ARIANE 2 DEB
1 27035U 89006Q   10247.97087656  .00000142  00000-0  29795-2 0  9993
2 27035 008.1168 147.0857 7143901 026.3806 356.7357 02.30792411 76621
0 ARIANE 2 DEB
1 27035U 89006Q   10248.83741741  .00000111  00000-0  27036-2 0  9993
2 27035 008.1111 146.7196 7143647 027.0333 356.7034 02.30792319 76642
0 ARIANE 2 DEB
1 27035U 89006Q   10256.20244686  .00000124  00000-0  27229-2 0  9997
2 27035 008.1206 143.8196 7143129 032.8453 356.0001 02.30799347 76811
0 ARIANE 2 DEB
1 27035U 89006Q   10256.20254701  .00000387  00000-0  49140-2 0  9993
2 27035 008.1156 143.8001 7142933 032.8419 356.1058 02.30802053 76816
0 ARIANE 2 DEB
1 27035U 89006Q   10257.93536280  .00000177  00000-0  34577-2 0  9994
2 27035 008.1168 143.1137 7144182 034.1866 355.8693 02.30802541 76858
0 ARIANE 2 DEB
1 27035U 89006Q   10264.86678917  .00000445  00000-0  52550-2 0  9997
2 27035 008.1116 140.3002 7144224 039.6244 355.2234 02.30813599 77017
0 ARIANE 2 DEB
1 27035U 89006Q   10269.19865081  .00001448  00000-0  12781-1 0  9993
2 27035 008.1091 138.5717 7144532 042.9936 354.8956 02.30835427 77119
0 ARIANE 2 DEB
1 27035U 89006Q   10271.79773845  .00000684  00000-0  52126-2 0  9997
2 27035 008.1021 137.4536 7147226 045.1428 354.3947 02.30822907 77173
0 ARIANE 2 DEB
1 27035U 89006Q   10273.09666433 -.00000453  00000-0 -22365-2 0  9994
2 27035 008.1012 136.9351 7143073 046.1518 353.7143 02.30815587 77200
0 ARIANE 2 DEB
1 27035U 89006Q   10280.02834836  .00001002  00000-0  94159-2 0  9998
2 27035 008.0935 134.0662 7143539 051.6454 353.7530 02.30835624 77365
0 ARIANE 2 DEB
1 27035U 89006Q   10280.89420255  .00000351  00000-0  40050-2 0  9996
2 27035 008.0967 133.7359 7143918 052.3214 353.2408 02.30830476 77383
0 ARIANE 2 DEB
1 27035U 89006Q   10281.32741196  .00000409  00000-0  44339-2 0  9993
2 27035 008.0938 133.4617 7144190 052.7475 353.2625 02.30832347 77392
0 ARIANE 2 DEB
1 27035U 89006Q   10282.19366214  .00000358  00000-0  40167-2 0  9991
2 27035 008.0966 133.1206 7144524 053.4299 353.0748 02.30831966 77410
0 ARIANE 2 DEB
1 27035U 89006Q   10283.06000139 +.00000350 +00000-0 +40119-2 0  9998
2 27035 008.0959 132.7602 7144606 054.1194 352.9924 02.30832831077438
0 ARIANE 2 DEB
1 27035U 89006Q   10283.49314547 +.00000340 +00000-0 +39916-2 0  9998
2 27035 008.0956 132.5967 7144578 054.4521 352.9283 02.30833177077445
0 ARIANE 2 DEB
1 27035U 89006Q   10286.95825996  .00000283  00000-0  40729-2 0  9997
2 27035 008.0928 131.1672 7144870 057.1943 352.4339 02.30836891 77527
0 ARIANE 2 DEB
1 27035U 89006Q   10287.82451999  .00000255  00000-0  40066-2 0  9995
2 27035 008.0921 130.8645 7143691 057.8241 352.2766 02.30837002 77543
0 ARIANE 2 DEB
1 27035U 89006Q   10289.99023441  .00000305  00000-0  43326-2 0  9990
2 27035 008.0913 129.9940 7143582 059.5238 352.0100 02.30839927 77598
0 ARIANE 2 DEB
1 27035U 89006Q   10290.85649471  .00000294  00000-0  41001-2 0  9999
2 27035 008.0901 129.6160 7143775 060.2274 351.8809 02.30840238 77612
0 ARIANE 2 DEB
1 27035U 89006Q   10293.02216074  .00000348  00000-0  41001-2 0  9990
2 27035 008.0888 128.7372 7144029 061.9257 351.5983 02.30842437 77661
0 ARIANE 2 DEB
1 27035U 89006Q   10293.88841368  .00000320  00000-0  37813-2 0  9990
2 27035 008.0914 128.3433 7143069 062.6343 351.4771 02.30842986 77687
0 ARIANE 2 DEB
1 27035U 89006Q   10294.75467112  .00000440  00000-0  34698-2 0  9999
2 27035 008.0871 127.9571 7145310 063.3838 351.3529 02.30843345 77708
0 ARIANE 2 DEB
1 27035U 89006Q   10302.11741545  .00000475  00000-0  51009-2 0  9997
2 27035 008.1015 124.7402 7142576 069.3860 350.1550 02.30853454 77870
0 ARIANE 2 DEB
1 27035U 89006Q   10302.98345727  .00000456  00000-0  49157-2 0  9994
2 27035 008.0950 124.4106 7143455 070.0153 349.9077 02.30854721 77896
0 ARIANE 2 DEB
1 27035U 89006Q   10303.84962894  .00000396  00000-0  45355-2 0  9999
2 27035 008.0959 124.0509 7142427 070.7400 349.7187 02.30854198 77919
0 ARIANE 2 DEB
1 27035U 89006Q   10304.71583229  .00000374  00000-0  43426-2 0  9990
2 27035 008.0830 123.7465 7142205 071.3787 349.5812 02.30854522 77939
0 ARIANE 2 DEB
1 27035U 89006Q   10305.14894567  .00000380  00000-0  44126-2 0  9993
2 27035 008.0901 123.5565 7141625 071.7766 349.5220 02.30854970 77944
0 ARIANE 2 DEB
1 27035U 89006Q   10306.88127499  .00000359  00000-0  40109-2 0  9991
2 27035 008.0720 123.0160 7141907 072.9626 349.2023 02.30855792 77985
0 ARIANE 2 DEB
1 27035U 89006Q   10309.04673297  .00000308  00000-0  33476-2 0  9997
2 27035 008.0788 121.9929 7141997 074.8112 348.8506 02.30856428 78034
0 ARIANE 2 DEB
1 27035U 89006Q   10309.91285009 +.00000310 +00000-0 +33507-2 0  9991
2 27035 008.0780 121.6294 7141876 075.4989 348.6615 02.30857102078054
0 ARIANE 2 DEB
1 27035U 89006Q   10311.64509496  .00000224  00000-0  27704-2 0  9999
2 27035 008.0906 120.7772 7141552 077.0134 348.2746 02.30856964 78096
0 ARIANE 2 DEB
1 27035U 89006Q   10313.81035633  .00000167  00000-0  26314-2 0  9999
2 27035 008.0861 119.8916 7141421 078.7204 347.7723 02.30857911 78144
0 ARIANE 2 DEB
1 27035U 89006Q   10314.67647649  .00000113  00000-0  23054-2 0  9999
2 27035 008.0676 119.5621 7141390 079.3739 347.5875 02.30857988 78165
0 ARIANE 2 DEB
1 27035U 89006Q   10319.00702825  .00000145  00000-0  24527-2 0  9990
2 27035 008.0744 117.6947 7141491 082.8782 346.6554 02.30860685 78263
0 ARIANE 2 DEB
1 27035U 89006Q   10320.73918416  .00000249  00000-0  30072-2 0  9994
2 27035 008.0715 117.0230 7141486 084.2008 346.2701 02.30863269 78307
0 ARIANE 2 DEB
1 27035U 89006Q   10322.03827850  .00000298  00000-0  31898-2 0  9991
2 27035 008.0750 116.4719 7141214 085.2672 345.9573 02.30864688 78330
0 ARIANE 2 DEB
1 27035U 89006Q   10323.77036590 +.00000315 +00000-0 +31141-2 0  9997
2 27035 008.0719 115.7285 7140690 086.6588 345.5017 02.30865581078379
0 ARIANE 2 DEB
1 27035U 89006Q   10325.50242976 +.00000328 +00000-0 +31425-2 0  9996
2 27035 008.0760 114.9667 7140321 088.0691 345.0441 02.30866904078413
0 ARIANE 2 DEB
1 27035U 89006Q   10329.83240724  .00000209  00000-0  24744-2 0  9999
2 27035 008.0574 113.2175 7139278 091.5006 343.7428 02.30868274 78513
0 ARIANE 2 DEB
1 27035U 89006Q   10334.59537358  .00000223  00000-0  25692-2 0  9999
2 27035 008.0793 110.9975 7138584 095.5130 342.3647 02.30871088 78626
0 ARIANE 2 DEB
1 27035U 89006Q   10335.02823108  .00000244  00000-0  27623-2 0  9998
2 27035 008.0622 110.8771 7137363 095.8148 342.1263 02.30871524 78634
0 ARIANE 2 DEB
1 27035U 89006Q   10338.49195697  .00000163  00000-0  17345-2 0  9997
2 27035 008.1194 109.2376 7138046 098.7511 340.8876 02.30870776 78719
0 ARIANE 2 DEB
1 27035U 89006Q   10339.35784970 +.00000157 +00000-0 +17323-2 0  9990
2 27035 008.1247 108.8484 7138032 099.4664 340.5573 02.30871114078735
0 ARIANE 2 DEB
1 27035U 89006Q   10342.82138916 -.00000127  00000-0 -31339-3 0  9992
2 27035 008.1317 107.2182 7137662 102.3602 339.1640 02.30867260 78810
0 ARIANE 2 DEB
1 27035U 89006Q   10344.55316025  .00000003  00000-0  10729-2 0  9993
2 27035 008.0498 106.7428 7133150 103.5643 338.4819 02.30870945 78850
0 ARIANE 2 DEB
1 27035U 89006Q   10348.44957856  .00000028  00000-0  78994-3 0  9994
2 27035 008.1286 105.0351 7134534 106.7313 336.9571 02.30872218 78942
0 ARIANE 2 DEB
1 27035U 89006Q   10349.31532758  .00000052  00000-0  82645-3 0  9996
2 27035 008.1352 104.6452 7134989 107.4511 336.5154 02.30872442 78969
0 ARIANE 2 DEB
1 27035U 89006Q   10349.74821535 +.00000065 +00000-0 +85721-3 0  9999
2 27035 008.1390 104.4502 7135264 107.8106 336.3065 02.30872580078979
0 ARIANE 2 DEB
1 27035U 89006Q   10351.91269038  .00000185  00000-0  16955-2 0  9990
2 27035 008.0908 103.5732 7133335 109.4944 335.2818 02.30874296 79020
0 ARIANE 2 DEB
1 27035U 89006Q   10358.83844999  .00000048  00000-0  80313-3 0  9991
2 27035 008.1132 100.7259 7128026 114.8865 331.5225 02.30873929 79186
0 ARIANE 2 DEB
1 27035U 89006Q   10359.27139776 +.00000044 +00000-0 +80599-3 0  9992
2 27035 008.1137 100.5201 7128198 115.2606 331.3634 02.30874001079199
0 ARIANE 2 DEB
1 27035U 89006Q   10359.70422039 -.00000041  00000-0 -77436-4 0  9993
2 27035 008.1114 100.2574 7127760 115.6904 331.0939 02.30873072 79207
0 ARIANE 2 DEB
1 27035U 89006Q   10362.73398913 -.00000013  00000-0  47477-4 0  9993
2 27035 008.1158 098.9982 7127677 118.0823 329.2591 02.30873318 79278
0 ARIANE 2 DEB
1 27035U 89006Q   10365.33077008  .00000082  00000-0  72408-3 0  9997
2 27035 008.1060 097.8805 7127287 120.1662 327.5759 02.30874855 79335
0 ARIANE 2 DEB
1 27035U 89006Q   11007.68745104 -.00010697  00000-0 -13558+0 0  9990
2 27035 008.1363 094.8218 7118942 125.7042 321.3690 02.30750300 79500
0 ARIANE 2 DEB
1 27035U 89006Q   11009.41831512  .00000018  00000-0  72408-3 0  9999
2 27035 008.1573 093.8718 7126812 127.6182 320.2541 02.30850296 79540
0 ARIANE 2 DEB
1 27035U 89006Q   11013.31267758  .00000002  00000-0  20771-4 0  9998
2 27035 008.1676 092.3172 7127327 130.5972 316.9853 02.30864570 79632
0 ARIANE 2 DEB
1 27035U 89006Q   11015.04353603 -.00000704  00000-0 -88912-2 0  9995
2 27035 008.1755 091.6207 7122660 131.9451 315.3489 02.30852860 79674
0 ARIANE 2 DEB
1 27035U 89006Q   11024.12817789 -.00000003  00000-0  10000-3 0  9999
2 27035 008.2223 087.7664 7125597 139.1506 304.9643 02.30842437 79889
0 ARIANE 2 DEB
1 27035U 89006Q   11027.58848355 -.00000970  00000-0  00000+0 0  9993
2 27035 008.2254 086.4084 7122407 141.7994 300.3739 02.30826891 79963
0 ARIANE 2 DEB
1 27035U 89006Q   11028.88549566 -.00000911  00000-0 -11003-1 0  9992
2 27035 008.2376 085.8563 7123866 142.8203 298.1811 02.30824258 79991
0 ARIANE 2 DEB
1 27035U 89006Q   11039.26354427 -.00000003  00000-0  10000-3 0  9995
2 27035 008.2852 081.6699 7121114 150.8117 281.8291 02.30814377 80232
0 ARIANE 2 DEB
1 27035U 89006Q   11042.72120487  .00000057  00000-0  10000-3 0  9995
2 27035 008.3006 080.3009 7121936 153.4539 274.8987 02.30813250 80316
0 ARIANE 2 DEB
1 27035U 89006Q   11052.22747796 -.00000019  00000-0  10000-3 0  9998
2 27035 008.3508 076.5085 7112086 160.6023 253.4980 02.30802795 80530
0 ARIANE 2 DEB
1 27035U 89006Q   11052.22747796 -.00000019  00000-0  10000-3 0  9998
2 27035 008.3508 076.5085 7112086 160.6023 253.4980 02.30802795 80530
0 ARIANE 2 DEB
1 27035U 89006Q   11052.66023293 -.00000622  00000-0  00000+0 0  9990
2 27035 008.3417 076.4100 7117821 161.0154 252.9968 02.30795732 80541
0 ARIANE 2 DEB
1 27035U 89006Q   11061.29835707 -.00000019  00000-0  10000-3 0  9995
2 27035 008.3882 073.0030 7111456 167.4241 230.3957 02.30803069 80740
0 ARIANE 2 DEB
1 27035U 89006Q   11085.04139788 -.00000016  00000-0  10000-3 0  9997
2 27035 008.4977 064.0776 7114723 185.1893 156.5171 02.30786918 81294
0 ARIANE 2 DEB
1 27035U 89006Q   11089.36144039 -.00000059  00000-0  10000-3 0  9998
2 27035 008.5149 062.4331 7113878 188.4090 145.6862 02.30783624 81398
0 ARIANE 2 DEB
1 27035U 89006Q   11091.95225360 -.00000094  00000-0  10000-3 0  9992
2 27035 008.5233 061.4703 7113378 190.2974 138.1946 02.30784196 81453
0 ARIANE 2 DEB
1 27035U 89006Q   11098.86229634 -.00000023  00000-0  10000-3 0  9999
2 27035 008.5481 058.9005 7113517 195.3949 119.1906 02.30784180 81613
0 ARIANE 2 DEB
1 27035U 89006Q   11100.15836816 -.00000012  00000-0  10000-3 0  9999
2 27035 008.5510 058.4448 7114044 196.3499 115.9858 02.30784111 81646
0 ARIANE 2 DEB
1 27035U 89006Q   11107.93540924 -.00000120  00000-0  10000-3 0  9994
2 27035 008.5767 055.5509 7114458 202.1051 097.2860 02.30783863 81823
0 ARIANE 2 DEB
1 27035U 89006Q   11109.23192737 -.00000117 +00000-0 +10000-3 0  9990
2 27035 008.5813 055.0873 7114640 203.0521 094.4544 02.30783852081858
0 ARIANE 2 DEB
1 27035U 89006Q   11111.82526915 -.00000084  00000-0  10000-3 0  9990
2 27035 008.5890 054.1252 7114929 204.9748 089.0465 02.30783856 81918
0 ARIANE 2 DEB
1 27035U 89006Q   11119.17488221 -.00000136  00000-0  10000-3 0  9991
2 27035 008.6272 051.2796 7111244 210.4028 075.2731 02.30784664 82084
0 ARIANE 2 DEB
1 27035U 89006Q   11120.03975594 -.00000144  00000-0  10000-3 0  9991
2 27035 008.6245 050.9921 7112700 211.0673 073.8229 02.30784662 82108
0 ARIANE 2 DEB
1 27035U 89006Q   11127.82484402 -.00000066  00000-0  10000-3 0  9991
2 27035 008.6413 048.1742 7116719 216.8385 061.8624 02.30785520 82281
0 ARIANE 2 DEB
1 27035U 89006Q   11128.25724397 -.00000064  00000-0  10000-3 0  9997
2 27035 008.6360 048.0417 7116629 217.1441 061.1144 02.30785830 82292
0 ARIANE 2 DEB
1 27035U 89006Q   11134.74696552 -.00000163  00000-0  10000-3 0  9999
2 27035 008.6501 045.6770 7116684 221.8871 052.9447 02.30786149 82449
0 ARIANE 2 DEB
1 27035U 89006Q   11137.77607048 -.00000168  00000-0  10000-3 0  9992
2 27035 008.6528 044.5520 7116124 224.1143 049.6205 02.30786649 82514
0 ARIANE 2 DEB
1 27035U 89006Q   11143.83524238 -.00000127  00000-0  10000-3 0  9990
2 27035 008.6607 042.2414 7115714 228.6454 043.7639 02.30787370 82650
0 ARIANE 2 DEB
1 27035U 89006Q   11150.76095081 -.00000181  00000-0  10000-3 0  9999
2 27035 008.6925 039.6178 7113156 233.7428 037.8620 02.30788110 82811
0 ARIANE 2 DEB
1 27035U 89006Q   11153.79144020 -.00000136  00000-0  10000-3 0  9993
2 27035 008.6854 038.5286 7110501 235.8879 035.6777 02.30788045 82887
0 ARIANE 2 DEB
1 27035U 89006Q   11163.75008098 -.00000218  00000-0  10000-3 0  9995
2 27035 008.7021 034.9701 7110364 243.0767 029.5927 02.30787712 83116
0 ARIANE 2 DEB
1 27035U 89006Q   11164.61623367 -.00000220  00000-0  10000-3 0  9996
2 27035 008.6224 034.6856 7112967 243.8194 029.1804 02.30787171 83132
0 ARIANE 2 DEB
1 27035U 89006Q   11173.71032843 -.00000243 +00000-0 -72522-3 0  9993
2 27035 008.6628 031.1070 7115519 250.9261 024.6889 02.30784911083345
0 ARIANE 2 DEB
1 27035U 89006Q   11178.90721783 -.00000340 +00000-0 -16953-2 0  9990
2 27035 008.6833 029.0653 7116072 254.9298 022.3285 02.30783086083465
0 ARIANE 2 DEB
1 27035U 89006Q   11188.86931633 -.00000413  00000-0 -30908-2 0  9990
2 27035 008.6507 025.3162 7112464 262.2636 018.8420 02.30778043 83699
0 ARIANE 2 DEB
1 27035U 89006Q   11189.30256788 -.00000418  00000-0 -30581-2 0  9993
2 27035 008.6689 025.1125 7111405 262.6114 018.7814 02.30777929 83706
0 ARIANE 2 DEB
1 27035U 89006Q   11190.16887847 -.00000439 +00000-0 -30770-2 0  9998
2 27035 008.6691 024.7988 7111441 263.2447 018.5043 02.30777530083729
0 ARIANE 2 DEB
1 27035U 89006Q   11197.96617733 -.00000357  00000-0 -26844-2 0  9994
2 27035 008.6767 021.9463 7111247 268.9871 016.3940 02.30775040 83903
0 ARIANE 2 DEB
1 27035U 89006Q   11204.89738073 -.00000367  00000-0 -20772-2 0  9991
2 27035 008.6765 019.4085 7111152 274.1091 014.6844 02.30773349 84063
0 ARIANE 2 DEB
1 27035U 89006Q   11206.19697000 -.00000363  00000-0 -21009-2 0  9990
2 27035 008.6919 018.8786 7110068 275.0881 014.3458 02.30772822 84093
0 ARIANE 2 DEB
1 27035U 89006Q   11206.19698095 -.00000370  00000-0 -21619-2 0  9990
2 27035 008.6955 018.8989 7111120 275.1074 014.3540 02.30772824 84097
0 ARIANE 2 DEB
1 27035U 89006Q   11214.86158626 -.00000384  00000-0 -35711-2 0  9997
2 27035 008.6865 015.6502 7108767 281.5190 012.5917 02.30768133 84294
0 ARIANE 2 DEB
1 27035U 89006Q   11216.16133506 -.00000409  00000-0 -35712-2 0  9991
2 27035 008.6745 015.1397 7108444 282.5001 012.3671 02.30767574 84329
0 ARIANE 2 DEB
1 27035U 89006Q   11226.55931104 -.00000102  00000-0  00000+0 0  9993
2 27035 008.6850 011.3721 7109644 290.1513 010.5381 02.30766866 84568
0 ARIANE 2 DEB
1 27035U 89006Q   11239.99110445 -.00000228  00000-0 -18349-2 0  9990
2 27035 008.6896 006.3148 7105071 300.0899 009.0299 02.30764677 84876
0 ARIANE 2 DEB
1 27035U 89006Q   11252.55570963  .00000026  00000-0  22227-2 0  9996
2 27035 008.6915 001.5993 7102301 309.4778 007.1307 02.30769481 85165
0 ARIANE 2 DEB
1 27035U 89006Q   11255.58841726  .00000101  00000-0  28149-2 0  9993
2 27035 008.6805 000.4794 7102821 311.7153 006.6048 02.30771212 85239
0 ARIANE 2 DEB
1 27035U 89006Q   11262.52070373  .00000049  00000-0  33944-2 0  9997
2 27035 008.6813 357.8934 7101521 316.8767 005.7676 02.30774485 85395
0 ARIANE 2 DEB
1 27035U 89006Q   11263.38722115  .00000054  00000-0  34014-2 0  9995
2 27035 008.6871 357.6021 7101418 317.4853 005.6537 02.30774852 85418
0 ARIANE 2 DEB
1 27035U 89006Q   11268.58650347  .00000158  00000-0  40376-2 0  9992
2 27035 008.6813 355.7178 7100667 321.2713 005.1623 02.30777937 85530
0 ARIANE 2 DEB
1 27035U 89006Q   11269.45302662 +.00000152 +00000-0 +38750-2 0  9990
2 27035 008.6798 355.4065 7100423 321.9006 005.0634 02.30778196085557
0 ARIANE 2 DEB
1 27035U 89006Q   11270.31956442  .00000164  00000-0  40990-2 0  9990
2 27035 008.6792 355.0691 7100557 322.5598 004.9765 02.30778816 85577
0 ARIANE 2 DEB
1 27035U 89006Q   11276.81842179  .00000290  00000-0  82978-2 0  9994
2 27035 008.6768 352.7320 7098426 327.2858 004.3315 02.30787020 85724
0 ARIANE 2 DEB
1 27035U 89006Q   11278.55133326  .00000312  00000-0  84438-2 0  9992
2 27035 008.6732 352.0705 7097925 328.5861 004.0858 02.30788790 85764
0 ARIANE 2 DEB
1 27035U 89006Q   11279.41783397  .00000316  00000-0  81417-2 0  9995
2 27035 008.6710 351.7430 7098560 329.2264 003.9940 02.30789325 85789
0 ARIANE 2 DEB
1 27035U 89006Q   11282.45060441  .00000380  00000-0  82627-2 0  9996
2 27035 008.6686 350.6181 7098153 331.4616 003.7399 02.30792297 85852
0 ARIANE 2 DEB
1 27035U 89006Q   11283.31709602  .00000518  00000-0  10162-1 0  9998
2 27035 008.6661 350.2601 7100611 332.1132 003.6799 02.30795516 85874
0 ARIANE 2 DEB
1 27035U 89006Q   11284.61677769  .00000540  00000-0  10672-1 0  9991
2 27035 008.6639 349.7810 7099446 333.0860 003.5391 02.30797498 85907
0 ARIANE 2 DEB
1 27035U 89006Q   11285.48323361 +.00000537 +00000-0 +10721-1 0  9994
2 27035 008.6631 349.4570 7099293 333.7288 003.4479 02.30798623085929
0 ARIANE 2 DEB
1 27035U 89006Q   11286.34968864  .00000529  00000-0  10721-1 0  9994
2 27035 008.6630 349.1433 7099179 334.3595 003.3590 02.30799699 85943
0 ARIANE 2 DEB
1 27035U 89006Q   11291.54831964  .00000594  00000-0  12200-1 0  9998
2 27035 008.6578 347.2632 7098684 338.1401 002.8396 02.30807795 86061
0 ARIANE 2 DEB
1 27035U 89006Q   11295.44722382  .00000649  00000-0  12357-1 0  9998
2 27035 008.6538 345.7993 7098088 341.0315 002.4813 02.30813369 86159
0 ARIANE 2 DEB
1 27035U 89006Q   11297.61326070  .00000634  00000-0  11778-1 0  9993
2 27035 008.6509 344.9881 7097930 342.6377 002.2706 02.30815435 86205
0 ARIANE 2 DEB
1 27035U 89006Q   11308.44294172 +.00001092 +00000-0 +18723-1 0  9990
2 27035 008.6340 340.9441 7104521 350.6235 001.4486 02.30841826086459
0 ARIANE 2 DEB
1 27035U 89006Q   11308.87586486 +.00001016 +00000-0 +17380-1 0  9993
2 27035 008.6297 340.8134 7104410 350.9040 001.2236 02.30841943086464
0 ARIANE 2 DEB
1 27035U 89006Q   11309.30902304 +.00001030 +00000-0 +17354-1 0  9990
2 27035 008.6301 340.6386 7104793 351.2355 001.1865 02.30842940086470
0 ARIANE 2 DEB
1 27035U 89006Q   11314.50671726  .00001184  00000-0  19626-1 0  9993
2 27035 008.6208 338.7025 7103954 355.0777 000.7862 02.30857641 86591
0 ARIANE 2 DEB
1 27035U 89006Q   11315.37288403 +.00001186 +00000-0 +19741-1 0  9995
2 27035 008.6199 338.3716 7104031 355.7290 000.6448 02.30859986086613
0 ARIANE 2 DEB
1 27035U 89006Q   11317.53842048  .00001393  00000-0  24016-1 0  9997
2 27035 008.6102 337.6373 7101968 357.2767 000.4586 02.30868498 86664
0 ARIANE 2 DEB
1 27035U 89006Q   11318.40457660 +.00001388 +00000-0 +23976-1 0  9994
2 27035 008.6096 337.3043 7101878 357.9267 000.3426 02.30870992086685
0 ARIANE 2 DEB
1 27035U 89006Q   11321.43619549  .00001345  00000-0  22790-1 0  9993
2 27035 008.6047 336.1621 7102173 000.1741 000.0339 02.30878494 86756
0 ARIANE 2 DEB
1 27035U 89006Q   11322.30239914 +.00001361 +00000-0 +22818-1 0  9993
2 27035 008.6047 335.8205 7102206 000.8347 359.9897 02.30881033086776
0 ARIANE 2 DEB
1 27035U 89006Q   11322.73547878  .00001381  00000-0  22898-1 0  9991
2 27035 008.6038 335.6533 7102576 001.1583 359.9557 02.30882567 86781
0 ARIANE 2 DEB
1 27035U 89006Q   11325.76698103  .00001435  00000-0  23411-1 0  9997
2 27035 008.6008 334.5042 7102113 003.4201 359.7161 02.30891808 86855
0 ARIANE 2 DEB
1 27035U 89006Q   11328.36525158  .00001433  00000-0  23994-1 0  9999
2 27035 008.5957 333.5252 7101908 005.3508 359.4642 02.30900140 86919
0 ARIANE 2 DEB
1 27035U 89006Q   11331.39641474  .00001487  00000-0  25991-1 0  9994
2 27035 008.5913 332.3534 7101971 007.6392 359.1665 02.30912001 86985
0 ARIANE 2 DEB
1 27035U 89006Q   11332.26238347 +.00001471 +00000-0 +25919-1 0  9995
2 27035 008.5900 332.0354 7101918 008.2738 359.0290 02.30914637087004
0 ARIANE 2 DEB
1 27035U 89006Q   11334.42742998  .00001437  00000-0  23897-1 0  9992
2 27035 008.5856 331.2131 7105209 009.8822 358.7565 02.30919895 87053
0 ARIANE 2 DEB
1 27035U 89006Q   11336.15954225  .00001601  00000-0  23915-1 0  9996
2 27035 008.5633 330.6709 7110093 011.0481 358.6525 02.30927052 87096
0 ARIANE 2 DEB
1 27035U 89006Q   11337.89157596  .00001679  00000-0  24401-1 0  9990
2 27035 008.5625 329.9968 7110258 012.3626 358.5694 02.30933634 87137
0 ARIANE 2 DEB
1 27035U 89006Q   11338.32455201 +.00001693 +00000-0 +24503-1 0  9992
2 27035 008.5625 329.8245 7110212 012.6959 358.5284 02.30935250087148
0 ARIANE 2 DEB
1 27035U 89006Q   11339.62347523  .00001775  00000-0  25544-1 0  9990
2 27035 008.5611 329.3133 7109970 013.6946 358.4285 02.30941193 87176
0 ARIANE 2 DEB
1 27035U 89006Q   11340.48937970 +.00001771 +00000-0 +25412-1 0  9997
2 27035 008.5607 328.9812 7110067 014.3424 358.3300 02.30944154087197
0 ARIANE 2 DEB
1 27035U 89006Q   11342.22118679  .00001758  00000-0  25454-1 0  9999
2 27035 008.5516 328.3341 7109734 015.6386 358.1683 02.30950593 87238
0 ARIANE 2 DEB
1 27035U 89006Q   11343.51999285  .00001791  00000-0  26116-1 0  9995
2 27035 008.5489 327.8225 7109665 016.6245 358.0403 02.30955966 87261
0 ARIANE 2 DEB
1 27035U 89006Q   11347.84913613  .00001839  00000-0  27132-1 0  9998
2 27035 008.5439 326.1640 7109403 019.8740 357.5924 02.30973034 87363
0 ARIANE 2 DEB
1 27035U 89006Q   11349.58070152  .00001863  00000-0  27300-1 0  9997
2 27035 008.5417 325.4879 7109247 021.1907 357.3997 02.30979575 87401
0 ARIANE 2 DEB
1 27035U 89006Q   11349.58074115  .00001845  00000-0  25361-1 0  9995
2 27035 008.5247 325.5238 7112242 021.1135 357.4267 02.30978732 87409
0 ARIANE 2 DEB
1 27035U 89006Q   11350.44648929 +.00001869 +00000-0 +27215-1 0  9998
2 27035 008.5412 325.1478 7109186 021.8504 357.3220 02.30982687087429
0 ARIANE 2 DEB
1 27035U 89006Q   11356.93941431  .00001532  00000-0  19320-1 0  9997
2 27035 008.5028 322.6791 7118793 026.7018 356.4481 02.31000365 87570
0 ARIANE 2 DEB
1 27035U 89006Q   11360.40238934  .00001548  00000-0  20547-1 0  9991
2 27035 008.5434 321.2548 7118422 029.4128 356.3355 02.31012939 87655
0 ARIANE 2 DEB
1 27035U 89006Q   11363.43206784  .00001572  00000-0  20386-1 0  9993
2 27035 008.5069 320.1375 7118545 031.6541 355.9955 02.31022865 87723
0 ARIANE 2 DEB
1 27035U 89006Q   11364.29769407 +.00001605 +00000-0 +20546-1 0  9999
2 27035 008.5033 319.7931 7118504 032.3187 355.9239 02.31025911087747
0 ARIANE 2 DEB
1 27035U 89006Q   12002.32725871  .00001700  00000-0  21149-1 0  9996
2 27035 008.5062 318.6078 7118160 034.6281 355.6558 02.31037077 87812
0 ARIANE 2 DEB
1 27035U 89006Q   12003.19278059  .00001653  00000-0  20201-1 0  9998
2 27035 008.4503 318.3170 7119068 035.2439 355.5042 02.31038555 87832
0 ARIANE 2 DEB
1 27035U 89006Q   12006.65492440  .00001821  00000-0  22310-1 0  9994
2 27035 008.4508 316.9578 7119658 037.8976 355.1917 02.31053854 87917
0 ARIANE 2 DEB
1 27035U 89006Q   12008.38581032  .00001781  00000-0  22090-1 0  9992
2 27035 008.4475 316.2813 7119519 039.2179 354.9358 02.31059770 87955
0 ARIANE 2 DEB
1 27035U 89006Q   12018.33787829  .00001215  00000-0  12644-1 0  9996
2 27035 008.4426 312.3203 7129163 046.8767 353.4152 02.31082232 88185
0 ARIANE 2 DEB
1 27035U 89006Q   12019.20372775  .00001415  00000-0  14865-1 0  9992
2 27035 008.4600 312.0241 7129254 047.4649 353.7278 02.31086518 88201
0 ARIANE 2 DEB
1 27035U 89006Q   12021.36704248 +.00001358 +00000-0 +14911-1 0  9994
2 27035 008.4595 311.1772 7129367 049.1231 353.4279 02.31093031088255
0 ARIANE 2 DEB
1 27035U 89006Q   12022.23234975 +.00001346 +00000-0 +14990-1 0  9990
2 27035 008.4513 310.8141 7129398 049.8103 353.3097 02.31095800088275
0 ARIANE 2 DEB
1 27035U 89006Q   12023.09764350 +.00001334 +00000-0 +15025-1 0  9997
2 27035 008.4498 310.4343 7129297 050.5276 353.1840 02.31098394088292
0 ARIANE 2 DEB
1 27035U 89006Q   12026.12615192  .00001388  00000-0  15215-1 0  9993
2 27035 008.4305 309.2264 7129777 052.8745 352.8041 02.31108000 88369
0 ARIANE 2 DEB
1 27035U 89006Q   12026.55877035 +.00001395 +00000-0 +15204-1 0  9992
2 27035 008.4309 309.0567 7129727 053.2125 352.7350 02.31109276088378
0 ARIANE 2 DEB
1 27035U 89006Q   12026.55877385  .00001779  00000-0  16936-1 0  9999
2 27035 008.4283 309.0634 7132722 053.1660 352.7642 02.31112434 88370
0 ARIANE 2 DEB
1 27035U 89006Q   12033.48057385  .00001711  00000-0  17010-1 0  9999
2 27035 008.4356 306.3402 7132180 058.5183 351.9717 02.31136677 88538
0 ARIANE 2 DEB
1 27035U 89006Q   12034.34556168  .00001600  00000-0  16305-1 0  9991
2 27035 008.4287 306.0118 7131294 059.1969 351.6630 02.31137162 88559
0 ARIANE 2 DEB
1 27035U 89006Q   12035.21075174 +.00001587 +00000-0 +16305-1 0  9995
2 27035 008.4281 305.6779 7131256 059.8561 351.5802 02.31140064088571
0 ARIANE 2 DEB
1 27035U 89006Q   12042.13141910  .00001148  00000-0  11113-1 0  9991
2 27035 008.4163 302.8891 7135380 065.2257 350.3756 02.31153901 88736
0 ARIANE 2 DEB
1 27035U 89006Q   12043.42922047  .00001183  00000-0  11160-1 0  9993
2 27035 008.4169 302.3950 7136069 066.1903 350.2974 02.31155772 88768
0 ARIANE 2 DEB
1 27035U 89006Q   12043.42928665  .00001162  00000-0  10435-1 0  9996
2 27035 008.4171 302.3997 7138811 066.1548 350.3337 02.31154990 88769
0 ARIANE 2 DEB
1 27035U 89006Q   12044.29440272  .00001077  00000-0  97252-2 0  9993
2 27035 008.4192 302.0743 7138624 066.8197 350.2405 02.31156164 88789
0 ARIANE 2 DEB
1 27035U 89006Q   12051.21449735  .00001168  00000-0  11502-1 0  9990
2 27035 008.4190 299.3329 7139766 072.1614 349.1357 02.31177736 88946
0 ARIANE 2 DEB
1 27035U 89006Q   12052.07930690  .00001105  00000-0  10921-1 0  9995
2 27035 008.4177 299.0060 7140135 072.8167 348.8286 02.31178530 88964
0 ARIANE 2 DEB
1 27035U 89006Q   12060.29600039  .00001240  00000-0  10683-1 0  9994
2 27035 008.3827 295.6976 7142487 079.2977 347.5122 02.31205598 89157
0 ARIANE 2 DEB
1 27035U 89006Q   12061.16059861  .00001508  00000-0  12942-1 0  9999
2 27035 008.3922 295.4203 7142089 079.8827 347.1661 02.31210919 89171
0 ARIANE 2 DEB
1 27035U 89006Q   12061.59299793 +.00001503 +00000-0 +12926-1 0  9993
2 27035 008.3955 295.2467 7142142 080.2243 347.0745 02.31212331089188
0 ARIANE 2 DEB
1 27035U 89006Q   12073.69879673  .00002016  00000-0  15982-1 0  9993
2 27035 008.3863 290.4687 7145155 089.6096 344.6449 02.31266972 89468
0 ARIANE 2 DEB
1 27035U 89006Q   12075.42735492 -.00020220  00000-0 -14212+0 0  9998
2 27035 008.3877 289.8481 7147443 090.9763 343.7597 02.31234076 89504
0 ARIANE 2 DEB
1 27035U 89006Q   12076.29209595 -.00008644  00000-0 -60372-1 0  9990
2 27035 008.3888 289.5062 7146849 091.6190 343.6856 02.31244121 89520
0 ARIANE 2 DEB
1 27035U 89006Q   12080.61557670  .00002835  00000-0  22164-1 0  9992
2 27035 008.3804 287.7808 7146597 094.9569 343.8063 02.31311867 89627
0 ARIANE 2 DEB
1 27035U 89006Q   12083.63877034  .00002368  00000-0  18333-1 0  9990
2 27035 008.3813 286.6420 7146662 097.2555 341.3037 02.31323741 89694
0 ARIANE 2 DEB
1 27035U 89006Q   12084.50312438  .00001996  00000-0  15541-1 0  9993
2 27035 008.3786 286.2933 7146726 097.9284 341.0488 02.31322459 89710
0 ARIANE 2 DEB
1 27035U 89006Q   12087.09594383  .00002025  00000-0  15436-1 0  9998
2 27035 008.3746 285.2861 7147024 099.9235 340.2772 02.31333815 89776
0 ARIANE 2 DEB
1 27035U 89006Q   12087.96014568 +.00002028 +00000-0 +15431-1 0  9994
2 27035 008.3733 284.9513 7147132 100.5881 339.9860 02.31337708089798
0 ARIANE 2 DEB
1 27035U 89006Q   12090.12054137  .00002013  00000-0  15352-1 0  9998
2 27035 008.3701 284.1165 7147415 102.2481 339.2167 02.31347282 89844
0 ARIANE 2 DEB
1 27035U 89006Q   12090.55259979  .00002038  00000-0  15540-1 0  9992
2 27035 008.3684 283.9407 7147467 102.5866 339.0726 02.31349984 89858
0 ARIANE 2 DEB
1 27035U 89006Q   12090.98462650 +.00002037 +00000-0 +15544-1 0  9994
2 27035 008.3675 283.7729 7147536 102.9198 338.8906 02.31352027089862
0 ARIANE 2 DEB
1 27035U 89006Q   12092.71277155  .00002099  00000-0  16373-1 0  9990
2 27035 008.3683 283.1096 7146577 104.2118 338.2802 02.31362202 89903
0 ARIANE 2 DEB
1 27035U 89006Q   12093.14471872 +.00002257 +00000-0 +16060-1 0  9999
2 27035 008.3570 282.9427 7150935 104.5723 338.0925 02.31366114089912
0 ARIANE 2 DEB
1 27035U 89006Q   12100.05625073  .00002553  00000-0  18856-1 0  9996
2 27035 008.3590 280.2872 7147180 109.8601 335.2796 02.31406974 90073
0 ARIANE 2 DEB
1 27035U 89006Q   12103.07930350  .00001462  00000-0  11444-1 0  9992
2 27035 008.3583 279.0778 7147875 112.3172 333.4578 02.31405246 90146
0 ARIANE 2 DEB
1 27035U 89006Q   12106.10260733  .00001852  00000-0  14019-1 0  9994
2 27035 008.3520 277.8667 7149793 114.6506 332.2279 02.31426699 90215
0 ARIANE 2 DEB
1 27035U 89006Q   12106.96607752  .00001980  00000-0  15294-1 0  9992
2 27035 008.3516 277.5399 7148457 115.2794 331.6132 02.31430240 90231
0 ARIANE 2 DEB
1 27035U 89006Q   12107.39789881 +.00001986 +00000-0 +15315-1 0  9994
2 27035 008.3502 277.3696 7148514 115.6164 331.3825 02.31432301090240
0 ARIANE 2 DEB
1 27035U 89006Q   12112.14745276  .00002568  00000-0  17907-1 0  9999
2 27035 008.3355 275.5497 7150250 119.2891 328.7546 02.31462557 90350
0 ARIANE 2 DEB
1 27035U 89006Q   12114.73753773  .00002261  00000-0  15408-1 0  9991
2 27035 008.3293 274.5471 7151108 121.2911 326.9090 02.31469985 90414
0 ARIANE 2 DEB
1 27035U 89006Q   12115.60104064  .00002178  00000-0  14853-1 0  9991
2 27035 008.3289 274.2007 7151153 121.9718 326.4187 02.31472242 90437
0 ARIANE 2 DEB
1 27035U 89006Q   12116.46437845 +.00002239 +00000-0 +15330-1 0  9991
2 27035 008.3271 273.8609 7150853 122.6478 325.8433 02.31477354090456
0 ARIANE 2 DEB
1 27035U 89006Q   12116.46440263  .00002233  00000-0  15286-1 0  9993
2 27035 008.3277 273.8616 7150876 122.6449 325.8641 02.31477267 90457
0 ARIANE 2 DEB
1 27035U 89006Q   12118.19092111  .00002224  00000-0  15172-1 0  9994
2 27035 008.3237 273.1922 7151266 123.9817 324.6157 02.31485697 90492
0 ARIANE 2 DEB
1 27035U 89006Q   12119.91731140  .00002715  00000-0  18181-1 0  9995
2 27035 008.3196 272.5210 7151625 125.3277 323.3959 02.31502348 90538
0 ARIANE 2 DEB
1 27035U 89006Q   12121.21184292 +.00002815 +00000-0 +19017-1 0  9991
2 27035 008.3159 272.0089 7151116 126.3384 322.2689 02.31510433090566
0 ARIANE 2 DEB
1 27035U 89006Q   12122.07487486  .00002623  00000-0  17742-1 0  9997
2 27035 008.3136 271.6789 7151271 127.0023 321.5254 02.31513272 90589
0 ARIANE 2 DEB
1 27035U 89006Q   12123.36943951 +.00002531 +00000-0 +16755-1 0  9995
2 27035 008.3130 271.1784 7152295 127.9954 320.4540 02.31518306090615
0 ARIANE 2 DEB
1 27035U 89006Q   12123.36943952  .00002531  00000-0  16755-1 0  9996
2 27035 008.3130 271.1784 7152295 127.9954 320.4540 02.31518306 90615
0 ARIANE 2 DEB
1 27035U 89006Q   12123.80099491  .00002550  00000-0  17166-1 0  9993
2 27035 008.3095 271.0304 7151336 128.3156 320.1245 02.31520765 90628
0 ARIANE 2 DEB
1 27035U 89006Q   12125.09545968 +.00002429 +00000-0 +16260-1 0  9990
2 27035 008.3057 270.5173 7151414 129.3278 319.0223 02.31526301090655
0 ARIANE 2 DEB
1 27035U 89006Q   12126.82128153  .00001906  00000-0  12858-1 0  9993
2 27035 008.3080 269.8363 7151331 130.6579 317.4290 02.31527485 90694
0 ARIANE 2 DEB
1 27035U 89006Q   12131.13538961  .00001790  00000-0  12300-1 0  9998
2 27035 008.2952 268.1736 7151371 133.9754 313.2943 02.31543312 90799
0 ARIANE 2 DEB
1 27035U 89006Q   12131.56698854  .00001303  00000-0  80376-2 0  9992
2 27035 008.3002 267.9661 7151933 134.3812 312.8410 02.31533118 90803
0 ARIANE 2 DEB
1 27035U 89006Q   12136.31091545  .00001395  00000-0  10112-1 0  9995
2 27035 008.2655 266.2414 7151611 137.9293 307.1832 02.31552998 90913
0 ARIANE 2 DEB
1 27035U 89006Q   12136.74263670  .00001296  00000-0  92985-2 0  9991
2 27035 008.2743 266.0314 7152447 138.2862 307.1031 02.31552896 90921
0 ARIANE 2 DEB
1 27035U 89006Q   12137.60503752  .00001339  00000-0  94647-2 0  9990
2 27035 008.2711 265.7093 7152391 138.9407 306.0003 02.31556198 90944
0 ARIANE 2 DEB
1 27035U 89006Q   12138.46748584  .00001329  00000-0  94020-2 0  9993
2 27035 008.2622 265.3996 7151725 139.5783 304.9294 02.31558451 90962
0 ARIANE 2 DEB
1 27035U 89006Q   12138.89874242  .00001326  00000-0  93049-2 0  9998
2 27035 008.2602 265.2401 7151801 139.9045 304.4199 02.31559447 90976
0 ARIANE 2 DEB
1 27035U 89006Q   12139.76115876 +.00001330 +00000-0 +91797-2 0  9999
2 27035 008.2569 264.9122 7151905 140.5655 303.3293 02.31561637090993
0 ARIANE 2 DEB
1 27035U 89006Q   12140.19236273  .00001367  00000-0  93921-2 0  9994
2 27035 008.2548 264.7540 7151665 140.8916 302.7811 02.31563371 91007
0 ARIANE 2 DEB
1 27035U 89006Q   12141.48586494  .00001390  00000-0  93050-2 0  9999
2 27035 008.2477 264.2678 7152129 141.9008 300.9982 02.31566334 91039
0 ARIANE 2 DEB
1 27035U 89006Q   12142.34821611  .00001535  00000-0  10337-1 0  9995
2 27035 008.2418 263.9635 7151091 142.5623 299.8415 02.31571270 91054
0 ARIANE 2 DEB
1 27035U 89006Q   12142.77936466 +.00001534 +00000-0 +10312-1 0  9999
2 27035 008.2403 263.7963 7151096 142.8948 299.2683 02.31572631091062
0 ARIANE 2 DEB
1 27035U 89006Q   12143.64155606  .00001423  00000-0  95689-2 0  9993
2 27035 008.2367 263.4631 7151246 143.5582 298.0385 02.31574565 91085
0 ARIANE 2 DEB
1 27035U 89006Q   12144.07264199 +.00001408 +00000-0 +94706-2 0  9991
2 27035 008.2360 263.2971 7151252 143.8891 297.4172 02.31575646091095
0 ARIANE 2 DEB
1 27035U 89006Q   12144.93476556 +.00001396 +00000-0 +94083-2 0  9992
2 27035 008.2331 262.9632 7151261 144.5535 296.1404 02.31578073091110
0 ARIANE 2 DEB
1 27035U 89006Q   12145.79683437  .00001367  00000-0  92526-2 0  9993
2 27035 008.2298 262.6339 7151274 145.2137 294.8199 02.31580161 91132
0 ARIANE 2 DEB
1 27035U 89006Q   12146.65886922  .00001337  00000-0  90941-2 0  9999
2 27035 008.2262 262.3019 7151273 145.8768 293.4794 02.31582330 91158
0 ARIANE 2 DEB
1 27035U 89006Q   12147.08986722 +.00001189 +00000-0 +82067-2 0  9991
2 27035 008.2250 262.1360 7151223 146.2101 292.7846 02.31582241091165
0 ARIANE 2 DEB
1 27035U 89006Q   12148.38278162  .00001061  00000-0  74983-2 0  9994
2 27035 008.2232 261.6279 7150966 147.2189 290.6468 02.31583984 91193
0 ARIANE 2 DEB
1 27035U 89006Q   12149.24465860 +.00001112 +00000-0 +78339-2 0  9999
2 27035 008.2194 261.2992 7150943 147.8809 289.1940 02.31586800091219
0 ARIANE 2 DEB
1 27035U 89006Q   12150.10650003 +.00001123 +00000-0 +79041-2 0  9994
2 27035 008.2160 260.9679 7150903 148.5432 287.7186 02.31589136091239
0 ARIANE 2 DEB
1 27035U 89006Q   12150.96829721  .00001131  00000-0  79264-2 0  9999
2 27035 008.2124 260.6370 7150912 149.2050 286.2135 02.31591397 91250
0 ARIANE 2 DEB
1 27035U 89006Q   12151.83005690  .00000961  00000-0  68502-2 0  9990
2 27035 008.2094 260.3034 7150662 149.8710 284.6463 02.31590750 91271
0 ARIANE 2 DEB
1 27035U 89006Q   12152.26095855 +.00000927 +00000-0 +66973-2 0  9992
2 27035 008.2059 260.1409 7149967 150.1966 283.8902 02.31591376091285
0 ARIANE 2 DEB
1 27035U 89006Q   12153.98434377 +.00000948 +00000-0 +66730-2 0  9992
2 27035 008.2005 259.4701 7150050 151.5288 280.7240 02.31595006091329
0 ARIANE 2 DEB
1 27035U 89006Q   12157.43048928  .00000740  00000-0  53580-2 0  9998
2 27035 008.1855 258.1337 7149599 154.1850 273.8570 02.31597706 91409
0 ARIANE 2 DEB
1 27035U 89006Q   12157.86127774  .00000758  00000-0  55319-2 0  9993
2 27035 008.1896 257.9915 7149370 154.4958 273.0555 02.31599885 91418
0 ARIANE 2 DEB
1 27035U 89006Q   12158.72268363 +.00000745 +00000-0 +55319-2 0  9995
2 27035 008.1871 257.6584 7149440 155.1580 271.2580 02.31601375091435
0 ARIANE 2 DEB
1 27035U 89006Q   12159.15314044  .00000771  00000-0  50535-2 0  9995
2 27035 008.2377 257.3957 7148338 155.5907 270.1313 02.31601367 91444
0 ARIANE 2 DEB
1 27035U 89006Q   12159.15335441 +.00000800 +00000-0 +59985-2 0  9990
2 27035 008.1822 257.5018 7148936 155.4806 270.3356 02.31602972091441
0 ARIANE 2 DEB
1 27035U 89006Q   12160.01466495  .00000682  00000-0  52132-2 0  9996
2 27035 008.1767 257.1323 7150232 156.1801 268.4216 02.31601883 91464
0 ARIANE 2 DEB
1 27035U 89006Q   12161.30647562  .00000666  00000-0  52563-2 0  9995
2 27035 008.1705 256.6328 7150206 157.1769 265.4900 02.31604267 91499
0 ARIANE 2 DEB
1 27035U 89006Q   12164.32038234  .00000788  00000-0  61201-2 0  9994
2 27035 008.1600 255.4729 7149507 159.4929 258.4830 02.31612638 91563
0 ARIANE 2 DEB
1 27035U 89006Q   12165.61179911 +.00000817 +00000-0 +61859-2 0  9997
2 27035 008.1519 254.9748 7149353 160.4878 255.2686 02.31615272091595
0 ARIANE 2 DEB
1 27035U 89006Q   12166.47275294  .00000891  00000-0  66270-2 0  9997
2 27035 008.1452 254.6504 7148706 161.1484 253.1491 02.31618166 91619
0 ARIANE 2 DEB
1 27035U 89006Q   12166.90319500 +.00000906 +00000-0 +66728-2 0  9999
2 27035 008.1431 254.4859 7148655 161.4791 252.0599 02.31619163091620
0 ARIANE 2 DEB
1 27035U 89006Q   12167.76406376  .00000946  00000-0  68564-2 0  9996
2 27035 008.1362 254.1656 7148344 162.1357 249.8749 02.31621451 91642
0 ARIANE 2 DEB
1 27035U 89006Q   12168.62489883  .00000934  00000-0  67493-2 0  9993
2 27035 008.1284 253.9039 7147774 162.7488 247.6590 02.31623397 91667
0 ARIANE 2 DEB
1 27035U 89006Q   12169.05549390  .00000926  00000-0  66720-2 0  9994
2 27035 008.1243 253.7345 7147575 163.0841 246.7018 02.31624071 91672
0 ARIANE 2 DEB
1 27035U 89006Q   12171.20723135  .00001051  00000-0  73031-2 0  9998
2 27035 008.1208 252.8668 7147943 164.7692 240.9485 02.31630102 91724
0 ARIANE 2 DEB
1 27035U 89006Q   12172.06768616 +.00001012 +00000-0 +70783-2 0  9994
2 27035 008.1135 252.5483 7147618 165.4186 238.4362 02.31631216091745
0 ARIANE 2 DEB
1 27035U 89006Q   12172.49803934  .00000905  00000-0  63795-2 0  9999
2 27035 008.1097 252.3869 7147566 165.7479 237.2613 02.31630122 91750
0 ARIANE 2 DEB
1 27035U 89006Q   12173.35861887  .00000800  00000-0  57242-2 0  9990
2 27035 008.1043 252.0621 7147349 166.4064 234.8245 02.31629512 91778
0 ARIANE 2 DEB
1 27035U 89006Q   12174.21918125 +.00000795 +00000-0 +57158-2 0  9993
2 27035 008.1007 251.7252 7147369 167.0729 232.4145 02.31630978091794
0 ARIANE 2 DEB
1 27035U 89006Q   12174.64939605 +.00000793 +00000-0 +57217-2 0  9990
2 27035 008.0994 251.5605 7147365 167.4027 231.1559 02.31631730091803
0 ARIANE 2 DEB
1 27035U 89006Q   12176.37021844  .00000783  00000-0  57230-2 0  9993
2 27035 008.0926 250.8849 7147345 168.7363 226.1031 02.31634706 91844
0 ARIANE 2 DEB
1 27035U 89006Q   12176.80037340 +.00000781 +00000-0 +57221-2 0  9997
2 27035 008.0908 250.7157 7147325 169.0698 224.8003 02.31635439091857
0 ARIANE 2 DEB
1 27035U 89006Q   12177.23053956  .00000546  00000-0  41662-2 0  9997
2 27035 008.0856 250.5598 7147347 169.3930 223.4698 02.31632696 91860
0 ARIANE 2 DEB
1 27035U 89006Q   12178.95127816  .00000398  00000-0  31687-2 0  9995
2 27035 008.0783 249.8895 7147542 170.7228 218.3151 02.31632210 91907
0 ARIANE 2 DEB
1 27035U 89006Q   12179.38146430  .00000356  00000-0  28659-2 0  9995
2 27035 008.0726 249.7227 7147671 171.0544 217.0304 02.31632035 91912
0 ARIANE 2 DEB
1 27035U 89006Q   12180.24175412  .00000558  00000-0  41735-2 0  9998
2 27035 008.0757 249.3856 7147464 171.7197 214.4376 02.31636035 91937
0 ARIANE 2 DEB
1 27035U 89006Q   12180.67182738 +.00000554 +00000-0 +41317-2 0  9996
2 27035 008.0736 249.2164 7147326 172.0524 213.0658 02.31636416091942
0 ARIANE 2 DEB
1 27035U 89006Q   12182.39224051 +.00000567 +00000-0 +41015-2 0  9991
2 27035 008.0669 248.5393 7147315 173.3873 207.6966 02.31638450091987
0 ARIANE 2 DEB
1 27035U 89006Q   12187.55297715  .00000463  00000-0  31690-2 0  9994
2 27035 008.0616 246.5246 7145736 177.3687 191.1199 02.31640087 92093
0 ARIANE 2 DEB
1 27035U 89006Q   12190.99287391  .00000613  00000-0  55963-2 0  9991
2 27035 007.9827 245.2136 7140164 180.0955 179.4020 02.31651018 92186
0 ARIANE 2 DEB
1 27035U 89006Q   12192.28311728  .00000157  00000-0  19375-2 0  9997
2 27035 007.9859 244.6366 7144114 181.0741 175.3293 02.31637012 92211
0 ARIANE 2 DEB
1 27035U 89006Q   12198.40560817  .00000033  00000-0  45444-3 0  9992
2 27035 007.9472 242.2632 7139325 185.8190 240.9191 02.31641174 92355
0 ARIANE 2 DEB
1 27035U 89006Q   12198.73378651  .00000431  00000-0  32092-2 0  9997
2 27035 007.9436 242.1095 7144065 186.0812 154.6125 02.31646045 92369
0 ARIANE 2 DEB
1 27035U 89006Q   12200.02395158  .00000603  00000-0  44021-2 0  9990
2 27035 007.9343 241.6420 7143861 187.0387 150.5338 02.31649358 92397
0 ARIANE 2 DEB
1 27035U 89006Q   12201.31411501  .00000368  00000-0  26228-2 0  9991
2 27035 008.0121 241.1230 7143667 188.0552 146.4209 02.31647719 92420
0 ARIANE 2 DEB
1 27035U 89006Q   12201.31417441 +.00000604 +00000-0 +44021-2 0  9994
2 27035 007.9292 241.1288 7143969 188.0438 146.4971 02.31650966092422
0 ARIANE 2 DEB
1 27035U 89006Q   12201.74421923 +.00000603 +00000-0 +44021-2 0  9990
2 27035 007.9274 240.9575 7144005 188.3790 145.1287 02.31651504092430
0 ARIANE 2 DEB
1 27035U 89006Q   12202.17429030  .00000411  00000-0  30956-2 0  9994
2 27035 007.9375 240.8096 7143307 188.7023 143.7194 02.31648346 92448
0 ARIANE 2 DEB
1 27035U 89006Q   12203.46474114 +.00000412 +00000-0 +31583-2 0  9998
2 27035 007.9322 240.3036 7143266 189.7003 139.8677 02.31649581092479
0 ARIANE 2 DEB
1 27035U 89006Q   12204.32500956  .00000381  00000-0  29830-2 0  9995
2 27035 007.9285 239.9646 7143261 190.3659 137.2744 02.31649987 92497
0 ARIANE 2 DEB
1 27035U 89006Q   12204.75516335 +.00000380 +00000-0 +29934-2 0  9994
2 27035 007.9267 239.7920 7143242 190.7025 135.9954 02.31650368092505
0 ARIANE 2 DEB
1 27035U 89006Q   12205.61546444  .00000283  00000-0  23460-2 0  9994
2 27035 007.9206 239.4498 7142829 191.3733 133.4141 02.31649342 92521
0 ARIANE 2 DEB
1 27035U 89006Q   12206.47583351 +.00000261 +00000-0 +22069-2 0  9997
2 27035 007.9165 239.1086 7142819 192.0422 130.9015 02.31649540092541
0 ARIANE 2 DEB
1 27035U 89006Q   12207.33621847 +.00000226 +00000-0 +19308-2 0  9999
2 27035 007.9151 238.7691 7143246 192.7088 128.4020 02.31649462092566
0 ARIANE 2 DEB
1 27035U 89006Q   12208.19663431  .00000229  00000-0  19298-2 0  9990
2 27035 007.9132 238.4234 7143195 193.3825 125.9326 02.31649919 92584
0 ARIANE 2 DEB
1 27035U 89006Q   12212.06875435  .00000161  00000-0  12885-2 0  9990
2 27035 007.8915 236.8739 7143041 196.4077 115.0055 02.31649930 92679
0 ARIANE 2 DEB
1 27035U 89006Q   12212.49902395 +.00000161 +00000-0 +12885-2 0  9993
2 27035 007.8898 236.7007 7143076 196.7448 113.8228 02.31650087092683
0 ARIANE 2 DEB
1 27035U 89006Q   12215.51135204  .00000038  00000-0  61960-3 0  9998
2 27035 007.8773 235.4806 7142148 199.1165 105.8722 02.31649075 92753
0 ARIANE 2 DEB
1 27035U 89006Q   12215.51155662  .00000186  00000-0  13660-2 0  9995
2 27035 007.9595 235.5645 7142077 199.0238 106.1125 02.31652100 92753
0 ARIANE 2 DEB
1 27035U 89006Q   12216.37212445  .00000044  00000-0  76168-3 0  9999
2 27035 007.8743 235.1306 7142209 199.7944 103.7118 02.31649736 92773
0 ARIANE 2 DEB
1 27035U 89006Q   12217.23293530 +.00000043 +00000-0 +84522-3 0  9991
2 27035 007.8706 234.7825 7142174 200.4704 101.5789 02.31650199092795
0 ARIANE 2 DEB
1 27035U 89006Q   12218.09381401  .00000034  00000-0  84522-3 0  9991
2 27035 007.8672 234.4345 7142241 201.1463 099.4976 02.31650401 92818
0 ARIANE 2 DEB
1 27035U 89006Q   12218.52426638 +.00000050 +00000-0 +99362-3 0  9997
2 27035 007.8654 234.2661 7142115 201.4782 098.4829 02.31651071092825
0 ARIANE 2 DEB
1 27035U 89006Q   12220.24623454  .00000103  00000-0  13992-2 0  9997
2 27035 007.8548 233.5757 7141657 202.8229 094.5314 02.31652967 92861
0 ARIANE 2 DEB
1 27035U 89006Q   12221.10724704 +.00000110 +00000-0 +13992-2 0  9991
2 27035 007.8513 233.2266 7141719 203.4999 092.5705 02.31653297092886
0 ARIANE 2 DEB
1 27035U 89006Q   12223.25996262  .00000231  00000-0  20411-2 0  9997
2 27035 007.8319 232.3269 7142542 205.2164 087.8569 02.31655698 92930
0 ARIANE 2 DEB
1 27035U 89006Q   12224.12095057 +.00000243 +00000-0 +20229-2 0  9996
2 27035 007.8286 231.9765 7142617 205.8946 085.8839 02.31656130092958
0 ARIANE 2 DEB
1 27035U 89006Q   12224.98211985 +.00000257 +00000-0 +20229-2 0  9995
2 27035 007.8252 231.6257 7142673 206.5736 084.0640 02.31656613092970
0 ARIANE 2 DEB
1 27035U 89006Q   12229.28868491  .00000448  00000-0  33916-2 0  9992
2 27035 007.8024 229.9641 7139333 209.8670 075.5740 02.31660745 93075
0 ARIANE 2 DEB
1 27035U 89006Q   12237.04350545 -.00000483  00000-0 -35653-2 0  9992
2 27035 007.7611 226.7641 7139295 216.0271 062.6397 02.31649568 93250
0 ARIANE 2 DEB
1 27035U 89006Q   12237.04378136 -.00000179 +00000-0 -12243-2 0  9990
2 27035 007.7657 226.7680 7138947 216.0277 062.8659 02.31652037093250
0 ARIANE 2 DEB
1 27035U 89006Q   12237.90560112 -.00000174 +00000-0 -12243-2 0  9997
2 27035 007.7626 226.4129 7138993 216.7104 061.5749 02.31651770093279
0 ARIANE 2 DEB
1 27035U 89006Q   12238.33650882 -.00000160  00000-0 -11724-2 0  9997
2 27035 007.7590 226.2645 7137559 217.0024 060.9599 02.31652473 93280
0 ARIANE 2 DEB
1 27035U 89006Q   12248.25032100 -.00000119  00000-0 -41928-3 0  9990
2 27035 007.7213 222.1634 7136730 224.8621 048.5390 02.31651627 93511
0 ARIANE 2 DEB
1 27035U 89006Q   12249.11253839 -.00000170 +00000-0 -86017-3 0  9995
2 27035 007.7253 221.8212 7136940 225.5328 047.5427 02.31649991093531
0 ARIANE 2 DEB
1 27035U 89006Q   12256.01135661 -.00000046  00000-0 -60209-3 0  9991
2 27035 007.7016 218.9694 7135803 230.9934 040.7335 02.31649451 93690
0 ARIANE 2 DEB
1 27035U 89006Q   12257.30501649  .00000003  00000-0  25093-4 0  9991
2 27035 007.6909 218.4369 7136816 232.0047 039.6028 02.31651067 93723
0 ARIANE 2 DEB
1 27035U 89006Q   12257.30507444  .00000030  00000-0 -78420-5 0  9994
2 27035 007.6974 218.5404 7134690 231.8987 039.6506 02.31651224 93720
0 ARIANE 2 DEB
1 27035U 89006Q   12265.93098734 -.00000213  00000-0 -17328-2 0  9990
2 27035 007.6798 214.9638 7134363 238.7415 033.0706 02.31646032 93925
0 ARIANE 2 DEB
1 27035U 89006Q   12275.42160265 -.00000111  00000-0 -54513-3 0  9999
2 27035 007.6429 211.0041 7130596 246.1932 027.5851 02.31646572 94146
0 ARIANE 2 DEB
1 27035U 89006Q   12276.28445215 -.00000094  00000-0 -35918-3 0  9993
2 27035 007.6360 210.6432 7130615 246.8885 027.1433 02.31646935 94162
0 ARIANE 2 DEB
1 27035U 89006Q   12285.77629048 -.00000099  00000-0 -13350-2 0  9995
2 27035 007.6280 206.6505 7130091 254.4506 022.5711 02.31642962 94380
0 ARIANE 2 DEB
1 27035U 89006Q   12286.63937484 -.00000220  00000-0 -24275-2 0  9991
2 27035 007.6338 206.2855 7129565 255.1280 022.3163 02.31641753 94408
0 ARIANE 2 DEB
1 27035U 89006Q   12287.07087569 -.00000168  00000-0 -19049-2 0  9994
2 27035 007.6358 206.1498 7129971 255.4410 022.1464 02.31642044 94418
0 ARIANE 2 DEB
1 27035U 89006Q   12294.83802261 -.00000269  00000-0 -25147-2 0  9998
2 27035 007.6322 202.8616 7129131 261.6518 019.1769 02.31637236 94590
0 ARIANE 2 DEB
1 27035U 89006Q   12294.83806909 -.00000268 +00000-0 -25057-2 0  9990
2 27035 007.6324 202.8628 7129135 261.6508 019.2160 02.31637259094599
0 ARIANE 2 DEB
1 27035U 89006Q   12296.13267014 -.00000235  00000-0 -23481-2 0  9996
2 27035 007.6339 202.3445 7128754 262.6500 018.7817 02.31637042 94623
0 ARIANE 2 DEB
1 27035U 89006Q   12296.13267014 -.00000235 +00000-0 -23481-2 0  9996
2 27035 007.6339 202.3445 7128754 262.6500 018.7817 02.31637042094623
0 ARIANE 2 DEB
1 27035U 89006Q   12303.03755784 -.00000209  00000-0 -15796-2 0  9991
2 27035 007.6150 199.5354 7126464 268.0302 016.6950 02.31635404 94788
0 ARIANE 2 DEB
1 27035U 89006Q   12303.90074471 -.00000225  00000-0 -16653-2 0  9995
2 27035 007.6139 199.1866 7126375 268.7044 016.4896 02.31634909 94809
0 ARIANE 2 DEB
1 27035U 89006Q   12310.80595503 -.00000280  00000-0 -30179-2 0  9996
2 27035 007.6148 196.2790 7126160 274.2216 014.5524 02.31629589 94960
0 ARIANE 2 DEB
1 27035U 89006Q   12311.66921769 -.00000282  00000-0 -31191-2 0  9995
2 27035 007.6215 195.9298 7126351 274.9024 014.3904 02.31628790 94985
0 ARIANE 2 DEB
1 27035U 89006Q   12316.84853582 -.00000309  00000-0 -27568-2 0  9990
2 27035 007.5604 193.9871 7131497 278.9018 013.1866 02.31625143 95103
0 ARIANE 2 DEB
1 27035U 89006Q   12324.18614036 -.00000445  00000-0 -42361-2 0  9994
2 27035 007.5760 191.0336 7127207 284.5248 011.5314 02.31617671 95278
0 ARIANE 2 DEB
1 27035U 89006Q   12324.18629683 -.00000395  00000-0 -43116-2 0  9991
2 27035 007.6280 190.8895 7119160 284.5490 011.6446 02.31618622 95275
0 ARIANE 2 DEB
1 27035U 89006Q   12325.04966168 -.00000380 +00000-0 -42427-2 0  9997
2 27035 007.6249 190.5418 7118950 285.2194 011.5384 02.31618066095297
0 ARIANE 2 DEB
1 27035U 89006Q   12332.81945981 -.00000339 +00000-0 -27123-2 0  9990
2 27035 007.6456 187.3612 7118720 291.3229 010.1371 02.31615152095473
0 ARIANE 2 DEB
1 27035U 89006Q   12333.25107107 -.00000365  00000-0 -30746-2 0  9993
2 27035 007.6320 187.0777 7117442 291.7373 010.0110 02.31614431 95486
0 ARIANE 2 DEB
1 27035U 89006Q   12336.70440614 -.00000322  00000-0 -31128-2 0  9997
2 27035 007.6360 185.7954 7117241 294.3190 009.4205 02.31612565 95567
0 ARIANE 2 DEB
1 27035U 89006Q   12341.88458023 -.00000389  00000-0 -44396-2 0  9999
2 27035 007.6541 183.7436 7116948 298.3293 008.5761 02.31606993 95680
0 ARIANE 2 DEB
1 27035U 89006Q   12349.22342871 -.00000532  00000-0 -49431-2 0  9993
2 27035 007.6621 180.9265 7116803 303.8996 007.4776 02.31600400 95850
0 ARIANE 2 DEB
1 27035U 89006Q   12349.62298569 -.00000378  00000-0 -35884-2 0  9996
2 27035 007.6449 180.9535 7109827 304.0183 340.5747 02.31596184 95859
0 ARIANE 2 DEB
1 27035U 89006Q   12357.40566714 -.00000374  00000-0 -33440-2 0  9993
2 27035 007.6445 177.8424 7109794 310.0486 349.3484 02.31595360 96034
0 ARIANE 2 DEB
1 27035U 89006Q   12358.72436683 -.00000410  00000-0 -34608-2 0  9998
2 27035 007.6432 177.3429 7109261 311.0399 008.7957 02.31594545 96072
0 ARIANE 2 DEB
1 27035U 89006Q   12363.47273610 -.00000375  00000-0 -31043-2 0  9995
2 27035 007.6443 175.4805 7108063 314.6757 007.6487 02.31590557 96184
0 ARIANE 2 DEB
1 27035U 89006Q   13006.52774992 -.00000514  00000-0 -50235-2 0  9994
2 27035 007.7028 171.7859 7109842 321.8024 356.9146 02.31584039 96398
0 ARIANE 2 DEB
1 27035U 89006Q   13008.23254501 -.00000236  00000-0 -90870-3 0  9994
2 27035 007.6373 171.2932 7104923 322.8799 338.2008 02.31582334 96422
0 ARIANE 2 DEB
1 27035U 89006Q   13013.45226858 -.00000255  00000-0 -15012-2 0  9993
2 27035 007.6516 169.1876 7104658 326.9538 009.8418 02.31581569 96554
0 ARIANE 2 DEB
1 27035U 89006Q   13022.05185109 -.00000355  00000-0 -17525-2 0  9994
2 27035 007.6554 165.7923 7103777 333.5666 339.1963 02.31581260 96752
0 ARIANE 2 DEB
1 27035U 89006Q   13030.72143187 -.00000156  00000-0 -39458-3 0  9996
2 27035 007.6685 162.3323 7102740 340.2973 006.8231 02.31577229 96957
0 ARIANE 2 DEB
1 27035U 89006Q   13031.14776941 -.00000389  00000-0  00000+0 0  9997
2 27035 007.6161 162.0891 7105397 340.5438 002.2641 02.31573796 97055
0 ARIANE 2 DEB
1 27035U 89006Q   13032.43041510 -.00000170  00000-0 -39126-3 0  9991
2 27035 007.6731 161.6009 7102538 341.6790 351.5490 02.31576411 96992
0 ARIANE 2 DEB
1 27035U 89006Q   13032.43041510 -.00000173  00000-0 -43563-3 0  9994
2 27035 007.6722 161.6461 7102583 341.6264 351.5508 02.31576786 96995
0 ARIANE 2 DEB
1 27035U 89006Q   13042.37401595 -.00000280  00000-0 -15664-2 0  9990
2 27035 007.6958 157.6621 7101185 349.3456 001.1769 02.31574889 97220
0 ARIANE 2 DEB
1 27035U 89006Q   13042.78904448 -.00000033  00000-0  20962-2 0  9992
2 27035 007.6821 157.5446 7100793 349.6462 347.1597 02.31576331 97223
0 ARIANE 2 DEB
1 27035U 89006Q   13048.41899581  .00000005  00000-0  37660-2 0  9990
2 27035 007.7051 155.4285 7100218 353.8315 000.6612 02.31577329 97365
0 ARIANE 2 DEB
1 27035U 89006Q   13048.43061425 -.00000280  00000-0 -59389-3 0  9990
2 27035 007.6768 155.3087 7100785 353.9597 010.3437 02.31576399 97369
0 ARIANE 2 DEB
1 27035U 89006Q   13052.75143016 -.00000156  00000-0  12436-2 0  9999
2 27035 007.6811 153.6062 7100344 357.2850 012.4621 02.31577154 97461
0 ARIANE 2 DEB
1 27035U 89006Q   13056.19108646 -.00000127  00000-0  59222-3 0  9994
2 27035 007.6996 152.2359 7099651 359.9339 359.9915 02.31576795 97542
0 ARIANE 2 DEB
1 27035U 89006Q   13058.35888723  .00000250  00000-0  60133-2 0  9993
2 27035 007.6862 151.3859 7099608 001.6034 007.2084 02.31578038 97591
0 ARIANE 2 DEB
1 27035U 89006Q   13061.38315794  .00000220  00000-0  60216-2 0  9992
2 27035 007.6891 150.1874 7099500 003.9321 008.4362 02.31575312 97664
0 ARIANE 2 DEB
1 27035U 89006Q   13061.38315794  .00000263  00000-0  66815-2 0  9990
2 27035 007.6891 150.1881 7099495 003.9293 008.4371 02.31575188 97664
0 ARIANE 2 DEB
1 27035U 89006Q   13074.33774031  .00000034  00000-0  34559-2 0  9998
2 27035 007.7033 145.1031 7096517 013.9181 008.2626 02.31580242 97964
0 ARIANE 2 DEB
1 27035U 89006Q   13074.33774031 -.00000072  00000-0  17466-2 0  9999
2 27035 007.7022 145.1076 7096488 013.9192 008.2618 02.31580252 97962
0 ARIANE 2 DEB
1 27035U 89006Q   13080.37070657  .00000008  00000-0  35552-2 0  9997
2 27035 007.7022 142.7316 7096223 018.5068 357.8571 02.31582797 98106
0 ARIANE 2 DEB
1 27035U 89006Q   13080.38426388  .00039139  00000-0  62941+0 0  9990
2 27035 007.6980 142.8363 7095016 018.4233 009.1945 02.31848907 98103
0 ARIANE 2 DEB
1 27035U 89006Q   13080.38426388  .00039135  00000-0  63005+0 0  9998
2 27035 007.6980 142.8362 7094964 018.4216 009.2009 02.31846477 98106
0 ARIANE 2 DEB
1 27035U 89006Q   13080.38426388  .00000705  00000-0  14298-1 0  9991
2 27035 007.6697 142.0984 7098993 019.1691 009.1570 02.31575972 98105
0 ARIANE 2 DEB
1 27035U 89006Q   13080.38426388 -.00000169  00000-0  68044-3 0  9996
2 27035 007.6900 142.6696 7096160 018.6173 009.1547 02.31581604 98092
0 ARIANE 2 DEB
1 27035U 89006Q   13080.38426388 -.00000091  00000-0  19225-2 0  9996
2 27035 007.6924 142.8542 7097035 018.4260 009.1579 02.31582336 98095
0 ARIANE 2 DEB
1 27035U 89006Q   13080.38426388 -.00000055  00000-0  25393-2 0  9999
2 27035 007.6996 142.7288 7096005 018.5470 009.1573 02.31581953 98098
0 ARIANE 2 DEB
1 27035U 89006Q   13080.38426388 -.00000148  00000-0  10126-2 0  9990
2 27035 007.7033 142.7048 7095991 018.5673 009.1572 02.31582194 98090
0 ARIANE 2 DEB
1 27035U 89006Q   13080.38426388 -.00000149  00000-0  10034-2 0  9999
2 27035 007.7039 142.6963 7095971 018.5751 009.1572 02.31582180 98091
0 ARIANE 2 DEB
1 27035U 89006Q   13080.38426388 -.00000145  00000-0  10634-2 0  9991
2 27035 007.7040 142.6951 7096068 018.5736 009.1579 02.31582191 98090
0 ARIANE 2 DEB
1 27035U 89006Q   13080.38426388 -.00000144  00000-0  10866-2 0  9997
2 27035 007.7033 142.7049 7096090 018.5648 009.1578 02.31582212 98091
0 ARIANE 2 DEB
1 27035U 89006Q   13080.38426388 -.00000135  00000-0  12165-2 0  9991
2 27035 007.6985 142.7662 7096514 018.5219 009.1561 02.31582272 98090
0 ARIANE 2 DEB
1 27035U 89006Q   13080.38426388 -.00000077  00000-0  21603-2 0  9993
2 27035 007.6931 142.8331 7096480 018.4516 009.1573 02.31582269 98095
0 ARIANE 2 DEB
1 27035U 89006Q   13109.29625131  .00000271  00000-0  64253-2 0  9995
2 27035 007.7143 131.3749 7098029 040.5157 353.4762 02.31599981 98774
0 ARIANE 2 DEB
1 27035U 89006Q   13167.14660134 -.00000980  00000-0 -13189-1 0  9995
2 27035 007.7385 109.1927 7106182 084.4143 001.5494 02.31716106100110
0 ARIANE 2 DEB
1 27035U 89006Q   13168.42193248  .00001928  00000-0  25217-1 0  9990
2 27035 007.7384 108.7085 7108760 085.3494 345.4373 02.31727485983760
0 ARIANE 2 DEB
1 27035U 89006Q   13173.16776826  .00000983  00000-0  13151-1 0  9990
2 27035 007.7425 106.7764 7107345 089.0822 344.4909 02.31733433100251
0 ARIANE 2 DEB
1 27035U 89006Q   13179.24164981  .00000977  00000-0  12144-1 0  9992
2 27035 007.7403 104.6428 7116052 093.4315 011.6541 02.31744494100391
0 ARIANE 2 DEB
1 27035U 89006Q   13180.98312263  .00000966  00000-0  11467-1 0  9998
2 27035 007.7381 103.9584 7117026 094.7614 024.5332 02.31748162100431
0 ARIANE 2 DEB
1 27035U 89006Q   13182.26209223  .00000999  00000-0  11477-1 0  9999
2 27035 007.7379 103.4484 7117452 095.7497 011.5701 02.31750659100468
0 ARIANE 2 DEB
1 27035U 89006Q   13186.13900785  .00000965  00000-0  10650-1 0  9995
2 27035 007.7380 101.9079 7119099 098.7363 006.1276 02.31758490100555
0 ARIANE 2 DEB
1 27035U 89006Q   13189.16086398  .00000933  00000-0  10457-1 0  9996
2 27035 007.7385 100.7015 7120352 101.0717 007.3727 02.31764504100627
0 ARIANE 2 DEB
1 27035U 89006Q   13190.48456304  .00000894  00000-0  99952-2 0  9995
2 27035 007.7389 100.1708 7121020 102.0961 031.7988 02.31764644100657
0 ARIANE 2 DEB
1 27035U 89006Q   13196.05920787  .00001172  00000-0  11912-1 0  9994
2 27035 007.7403 097.9134 7122937 106.4444 003.1612 02.31777592100789
0 ARIANE 2 DEB
1 27035U 89006Q   13198.22227228  .00001142  00000-0  11101-1 0  9992
2 27035 007.7420 097.0381 7124241 108.1301 008.0232 02.31780877100832
0 ARIANE 2 DEB
1 27035U 89006Q   13198.22227228  .00001205  00000-0  11775-1 0  9999
2 27035 007.7418 097.0355 7124029 108.1341 008.0343 02.31782541100831
0 ARIANE 2 DEB
1 27035U 89006Q   13199.08523319  .00001165  00000-0  11361-1 0  9990
2 27035 007.7448 096.6993 7124089 108.7939 008.0880 02.31783446100855
0 ARIANE 2 DEB
1 27035U 89006Q   13206.37586166  .00000854  00000-0  99030-2 0  9994
2 27035 007.7577 093.8093 7121001 114.4745 331.6977 02.31797308101022
0 ARIANE 2 DEB
1 27035U 89006Q   13206.42624459  .00001117  00000-0  11550-1 0  9991
2 27035 007.7476 093.8609 7126282 114.3807 013.7402 02.31796846101024
0 ARIANE 2 DEB
1 27035U 89006Q   13208.14451399  .00001105  00000-0  11088-1 0  9996
2 27035 007.7498 093.1620 7127069 115.7261 007.5849 02.31800275101069
0 ARIANE 2 DEB
1 27035U 89006Q   13211.16618266  .00001043  00000-0  97889-2 0  9995
2 27035 007.7540 091.9346 7128253 118.0886 009.1280 02.31806260101138
0 ARIANE 2 DEB
1 27035U 89006Q   13212.02296317  .00001066  00000-0  99113-2 0  9997
2 27035 007.7556 091.5865 7128352 118.7587 004.1130 02.31808473101151
0 ARIANE 2 DEB
1 27035U 89006Q   13220.25624622  .00001015  00000-0  95010-2 0  9991
2 27035 007.7606 088.3499 7130440 125.0801 035.0566 02.31821355101346
0 ARIANE 2 DEB
1 27035U 89006Q   13221.60466654  .00001091  00000-0  99908-2 0  9994
2 27035 007.7633 087.8047 7130944 126.1345 080.3955 02.31822846101377
0 ARIANE 2 DEB
1 27035U 89006Q   13227.12868046  .00001118  00000-0  93734-2 0  9999
2 27035 007.7775 085.5486 7132954 130.4793 010.6203 02.31834613101506
0 ARIANE 2 DEB
1 27035U 89006Q   13228.83616230  .00001151  00000-0  99019-2 0  9993
2 27035 007.7830 084.8423 7132471 131.8304 355.6932 02.31837888101540
0 ARIANE 2 DEB
1 27035U 89006Q   13236.16798684  .00001232  00000-0  10800-1 0  9992
2 27035 007.8041 081.8696 7134954 137.5749 355.1406 02.31856490101718
0 ARIANE 2 DEB
1 27035U 89006Q   13238.75307139  .00001251  00000-0  10511-1 0  9990
2 27035 007.8064 080.8840 7135234 139.5357 352.8851 02.31863103101775
0 ARIANE 2 DEB
1 27035U 89006Q   13244.79437242  .00001238  00000-0  10325-1 0  9998
2 27035 007.8261 078.4418 7136235 144.2606 355.7357 02.31875444101910
0 ARIANE 2 DEB
1 27035U 89006Q   13246.10427605  .00001021  00000-0  86368-2 0  9998
2 27035 007.8301 077.9195 7136656 145.2808 009.1774 02.31877462101941
0 ARIANE 2 DEB
1 27035U 89006Q   13253.85273426  .00001141  00000-0  86703-2 0  9994
2 27035 007.8443 074.7950 7139580 151.3415 357.4686 02.31892549102128
0 ARIANE 2 DEB
1 27035U 89006Q   13257.72762282  .00001418  00000-0  10936-1 0  9998
2 27035 007.8661 073.2272 7139804 154.4022 352.3171 02.31898206102217
0 ARIANE 2 DEB
1 27035U 89006Q   13263.76789691  .00001237  00000-0  99234-2 0  9990
2 27035 007.8872 070.8048 7141122 159.1171 355.0874 02.31913201102356
0 ARIANE 2 DEB
1 27035U 89006Q   13272.79272090  .00001532  00000-0  11335-1 0  9996
2 27035 007.9148 067.2750 7142607 166.0818 330.2241 02.31942545102566
0 ARIANE 2 DEB
1 27035U 89006Q   13273.68177488  .00001437  00000-0  10825-1 0  9997
2 27035 007.9263 066.9197 7142176 166.7854 352.5551 02.31943822102585
0 ARIANE 2 DEB
1 27035U 89006Q   13277.47935461  .00001589  00000-0  11797-1 0  9998
2 27035 007.9416 065.4206 7142734 169.7369 283.5767 02.31954528102671
0 ARIANE 2 DEB
1 27035U 89006Q   13283.99104111  .00001736  00000-0  11945-1 0  9991
2 27035 007.9743 062.8605 7144863 174.8074 321.2826 02.31981626102825
0 ARIANE 2 DEB
1 27035U 89006Q   13285.99572777  .00002009  00000-0  14113-1 0  9994
2 27035 007.9815 062.0930 7144377 176.3400 195.4683 02.31990781102877
0 ARIANE 2 DEB
1 27035U 89006Q   13287.90687031  .00002497  00000-0  17835-1 0  9992
2 27035 007.9896 061.3171 7143901 177.8472 351.5584 02.31998039102916
0 ARIANE 2 DEB
1 27035U 89006Q   13292.64959598  .00002560  00000-0  17929-1 0  9994
2 27035 008.0114 059.4590 7144872 181.5307 352.7715 02.32019721103026
0 ARIANE 2 DEB
1 27035U 89006Q   13294.15293697  .00003024  00000-0  20864-1 0  9991
2 27035 008.0079 058.8112 7144581 182.7632 168.4511 02.32028616103052
0 ARIANE 2 DEB
1 27035U 89006Q   13298.44646845  .00002027  00000-0  13926-1 0  9997
2 27035 008.0407 057.2185 7144950 186.0096 154.9369 02.32052526103150
0 ARIANE 2 DEB
1 27035U 89006Q   13299.73439551  .00001818  00000-0  12614-1 0  9994
2 27035 008.0458 056.7089 7144996 187.0112 150.8521 02.32055676103180
0 ARIANE 2 DEB
1 27035U 89006Q   13301.02239551  .00002207  00000-0  15206-1 0  9991
2 27035 008.0513 056.2117 7144991 188.0084 146.8230 02.32063399103210
0 ARIANE 2 DEB
1 27035U 89006Q   13304.88643184  .00003150  00000-0  21216-1 0  9995
2 27035 008.0662 054.7102 7145408 190.9963 134.9948 02.32080692103303
0 ARIANE 2 DEB
1 27035U 89006Q   13305.31575131  .00001453  00000-0  10507-1 0  9995
2 27035 008.0724 054.5419 7144680 191.3424 133.6593 02.32073080103315
0 ARIANE 2 DEB
1 27035U 89006Q   13309.60956119  .00002396  00000-0  15846-1 0  9998
2 27035 008.0923 052.8730 7146005 194.6676 121.2013 02.32102718103413
0 ARIANE 2 DEB
1 27035U 89006Q   13311.32716331  .00002074  00000-0  12625-1 0  9995
2 27035 008.0841 052.2032 7147648 196.0151 116.3538 02.32108934103456
0 ARIANE 2 DEB
1 27035U 89006Q   13312.61571109  .00002342  00000-0  15140-1 0  9993
2 27035 008.0864 051.7166 7147195 196.9617 113.0994 02.32115457103498
0 ARIANE 2 DEB
1 27035U 89006Q   13314.33372772  .00002348  00000-0  15881-1 0  9997
2 27035 008.1173 051.0812 7145605 198.3043 108.6744 02.32126556103525
0 ARIANE 2 DEB
1 27035U 89006Q   13317.34027603  .00002017  00000-0  14146-1 0  9997
2 27035 008.1290 049.9224 7145757 200.6194 101.1677 02.32143408103595
0 ARIANE 2 DEB
1 27035U 89006Q   13319.05849926  .00001875  00000-0  13227-1 0  9997
2 27035 008.1439 049.2746 7145942 201.9383 097.0748 02.32151629103633
0 ARIANE 2 DEB
1 27035U 89006Q   13320.34723481  .00002312  00000-0  15918-1 0  9994
2 27035 008.1485 048.7807 7145659 202.9331 094.1041 02.32166303103667
0 ARIANE 2 DEB
1 27035U 89006Q   13321.63600587  .00001882  00000-0  12962-1 0  9995
2 27035 008.1548 048.2895 7145989 203.9216 091.2397 02.32172146103695
0 ARIANE 2 DEB
1 27035U 89006Q   13324.21387799  .00002310  00000-0  15463-1 0  9995
2 27035 008.1715 047.3253 7145463 205.9012 085.8138 02.32186473103759
0 ARIANE 2 DEB
1 27035U 89006Q   13325.07319668  .00002009  00000-0  13494-1 0  9997
2 27035 008.1751 046.9979 7145572 206.5571 084.0881 02.32187516103774
0 ARIANE 2 DEB
1 27035U 89006Q   13326.36222901  .00002127  00000-0  14186-1 0  9993
2 27035 008.1807 046.5079 7145659 207.5464 081.5521 02.32190909103808
0 ARIANE 2 DEB
1 27035U 89006Q   13328.08104853  .00001987  00000-0  13386-1 0  9993
2 27035 008.1876 045.8517 7145559 208.8673 078.2807 02.32198475103848
0 ARIANE 2 DEB
1 27035U 89006Q   13328.51080321  .00001990  00000-0  13430-1 0  9998
2 27035 008.1931 045.7041 7145581 209.1888 077.5013 02.32195298103850
0 ARIANE 2 DEB
1 27035U 89006Q   13329.79998717  .00001339  00000-0  94232-2 0  9993
2 27035 008.1973 045.2099 7145622 210.1801 075.1405 02.32199902103885
0 ARIANE 2 DEB
1 27035U 89006Q   13331.94870721  .00000584  00000-0  35024-2 0  9992
2 27035 008.2089 044.3991 7147577 211.8310 071.2740 02.32206690103937
0 ARIANE 2 DEB
1 27035U 89006Q   13331.94882582  .00001076  00000-0  78772-2 0  9994
2 27035 008.2100 044.4120 7145570 211.8170 071.3836 02.32203225103939
0 ARIANE 2 DEB
1 27035U 89006Q   13333.23817707  .00001614  00000-0  11266-1 0  9997
2 27035 008.2150 043.9196 7145437 212.8080 069.2034 02.32207291103960
0 ARIANE 2 DEB
1 27035U 89006Q   13333.23819044  .00001172  00000-0  85121-2 0  9994
2 27035 008.2161 043.9253 7145349 212.8067 069.2074 02.32205504103962
0 ARIANE 2 DEB
1 27035U 89006Q   13335.38733570  .00001433  00000-0  10040-1 0  9998
2 27035 008.2261 043.1165 7145327 214.4509 065.7642 02.32214012104015
0 ARIANE 2 DEB
1 27035U 89006Q   13336.67691597  .00001204  00000-0  84970-2 0  9993
2 27035 008.2301 042.6262 7145265 215.4404 063.8075 02.32223912104049
0 ARIANE 2 DEB
1 27035U 89006Q   13337.10677016  .00001006  00000-0  72083-2 0  9994
2 27035 008.2326 042.4575 7145403 215.7806 063.1509 02.32218018104051
0 ARIANE 2 DEB
1 27035U 89006Q   13337.53679922  .00001390  00000-0  95487-2 0  9998
2 27035 008.2458 042.3624 7145549 216.0653 062.6101 02.32219901104061
0 ARIANE 2 DEB
1 27035U 89006Q   13338.39658439  .00001013  00000-0  71578-2 0  9990
2 27035 008.2457 042.0244 7145498 216.7312 061.3739 02.32218799104086
0 ARIANE 2 DEB
1 27035U 89006Q   13339.25650942  .00001522  00000-0  10390-1 0  9996
2 27035 008.2572 041.7441 7145106 217.3558 060.2494 02.32225326104107
0 ARIANE 2 DEB
1 27035U 89006Q   13341.40615414  .00001120  00000-0  80261-2 0  9990
2 27035 008.2621 040.9210 7144975 219.0103 057.3541 02.32229198104151
0 ARIANE 2 DEB
1 27035U 89006Q   13343.12595904  .00000975  00000-0  74027-2 0  9992
2 27035 008.2708 040.2867 7144721 220.3213 055.1463 02.32237211104192
0 ARIANE 2 DEB
1 27035U 89006Q   13345.27581981  .00000789  00000-0  65635-2 0  9998
2 27035 008.2830 039.5047 7144424 221.9543 052.5057 02.32240957104249
0 ARIANE 2 DEB
1 27035U 89006Q   13346.13575428  .00001111  00000-0  86618-2 0  9997
2 27035 008.2853 039.1734 7144367 222.6141 051.4798 02.32247510104265
0 ARIANE 2 DEB
1 27035U 89006Q   13349.14583656  .00000869  00000-0  69059-2 0  9992
2 27035 008.3041 038.1024 7144522 224.8665 048.1864 02.32257978104338
0 ARIANE 2 DEB
1 27035U 89006Q   13350.43598549  .00001224  00000-0  92566-2 0  9998
2 27035 008.3069 037.6180 7142893 225.8480 046.8842 02.32264137104369
0 ARIANE 2 DEB
1 27035U 89006Q   13351.29607072  .00000705  00000-0  56835-2 0  9997
2 27035 008.3092 037.2987 7143511 226.4949 046.0270 02.32262494104384
0 ARIANE 2 DEB
1 27035U 89006Q   13351.72612575  .00000916  00000-0  70065-2 0  9994
2 27035 008.3110 037.1390 7143360 226.8159 045.6181 02.32265870104399
0 ARIANE 2 DEB
1 27035U 89006Q   13352.15618238  .00000843  00000-0  64944-2 0  9992
2 27035 008.3122 036.9771 7143306 227.1467 045.1998 02.32266050104402
0 ARIANE 2 DEB
1 27035U 89006Q   13354.30636519  .00000512  00000-0  31782-2 0  9990
2 27035 008.3120 036.1155 7145316 228.8366 043.0805 02.32266121104455
0 ARIANE 2 DEB
1 27035U 89006Q   13354.30652463  .00000250  00000-0  25702-2 0  9990
2 27035 008.3215 036.1938 7142860 228.7743 043.2139 02.32267728104454
0 ARIANE 2 DEB
1 27035U 89006Q   13356.02684858  .00000402  00000-0  36320-2 0  9991
2 27035 008.3274 035.5555 7142405 230.0832 041.6853 02.32271561104496
0 ARIANE 2 DEB
1 27035U 89006Q   13356.02685476  .00000341  00000-0  32196-2 0  9997
2 27035 008.3265 035.5509 7142585 230.0871 041.6783 02.32271343104497
0 ARIANE 2 DEB
1 27035U 89006Q   13358.60740068  .00000632  00000-0  53387-2 0  9990
2 27035 008.3378 034.6102 7141922 232.0304 039.5000 02.32277385104555
0 ARIANE 2 DEB
1 27035U 89006Q   13360.32779887  .00000405  00000-0  38932-2 0  9990
2 27035 008.3421 033.9585 7141984 233.3454 038.0810 02.32279051104598
0 ARIANE 2 DEB
1 27035U 89006Q   13361.18803425  .00000371  00000-0  36791-2 0  9994
2 27035 008.3471 033.6519 7141888 233.9909 037.4089 02.32280366104616
0 ARIANE 2 DEB
1 27035U 89006Q   13363.33870819  .00000495  00000-0  44438-2 0  9998
2 27035 008.3523 032.8639 7141429 235.6140 035.8064 02.32281915104666
0 ARIANE 2 DEB
1 27035U 89006Q   13364.19903303  .00000469  00000-0  42244-2 0  9992
2 27035 008.3563 032.5621 7141057 236.2591 035.2069 02.32282528104684
0 ARIANE 2 DEB
1 27035U 89006Q   13365.48952760  .00000402  00000-0  36676-2 0  9995
2 27035 008.3603 032.0906 7140838 237.2318 034.3356 02.32285772104711
0 ARIANE 2 DEB
1 27035U 89006Q   14003.07061303  .00000302  00000-0  29418-2 0  9999
2 27035 008.3686 031.1450 7140250 239.1819 032.6881 02.32289512104777
0 ARIANE 2 DEB
1 27035U 89006Q   14004.36116300  .00000423  00000-0  39052-2 0  9999
2 27035 008.3721 030.6706 7139840 240.1554 031.8953 02.32292167104801
0 ARIANE 2 DEB
1 27035U 89006Q   14006.51208806  .00000838  00000-0  72252-2 0  9990
2 27035 008.3788 029.8952 7139032 241.7645 030.6109 02.32297241104851
0 ARIANE 2 DEB
1 27035U 89006Q   14009.09327497  .00000763  00000-0  71890-2 0  9998
2 27035 008.3883 028.9829 7137754 243.6760 029.1500 02.32303705104916
0 ARIANE 2 DEB
1 27035U 89006Q   14011.24426514  .00000220  00000-0  32088-2 0  9992
2 27035 008.3920 028.1672 7137756 245.3254 027.9652 02.32303203104967
0 ARIANE 2 DEB
1 27035U 89006Q   14012.10471757  .00000074  00000-0  20526-2 0  9998
2 27035 008.3942 027.8520 7137613 245.9810 027.5216 02.32302846104981
0 ARIANE 2 DEB
1 27035U 89006Q   14013.39539963  .00000016  00000-0  14329-2 0  9994
2 27035 008.3970 027.3740 7137275 246.9590 026.8883 02.32305719105010
0 ARIANE 2 DEB
1 27035U 89006Q   14018.12800167  .00000496  00000-0  40488-2 0  9994
2 27035 008.3991 025.5425 7142198 250.5908 024.8037 02.32311948105130
0 ARIANE 2 DEB
1 27035U 89006Q   14018.98848915 -.00000572  00000-0 -32863-2 0  9996
2 27035 008.4089 025.3522 7136486 251.1411 024.4054 02.32316054105154
0 ARIANE 2 DEB
1 27035U 89006Q   14021.56991436 -.00000662  00000-0 -38512-2 0  9998
2 27035 008.4132 024.3925 7135721 253.0937 023.3116 02.32318244105211
0 ARIANE 2 DEB
1 27035U 89006Q   14023.29083448 -.00000424  00000-0  00000+0 0  9998
2 27035 008.4139 023.6975 7138382 254.4468 022.5399 02.32310840105257
0 ARIANE 2 DEB
1 27035U 89006Q   14023.29091803 -.00000697  00000-0 -40687-2 0  9993
2 27035 008.4162 023.7575 7135185 254.4021 022.5968 02.32316856105258
0 ARIANE 2 DEB
1 27035U 89006Q   14024.58161792 -.00000645  00000-0 -35962-2 0  9994
2 27035 008.4198 023.2951 7136257 255.3515 022.0798 02.32314997105282
0 ARIANE 2 DEB
1 27035U 89006Q   14026.30268673 -.00000764  00000-0 -46613-2 0  9999
2 27035 008.4224 022.6659 7135062 256.6468 021.4378 02.32314559105320
0 ARIANE 2 DEB
1 27035U 89006Q   14030.17516643 -.00000368  00000-0 -20508-2 0  9997
2 27035 008.4258 021.2091 7134641 259.5883 020.1087 02.32317823105417
0 ARIANE 2 DEB
1 27035U 89006Q   14033.18721756 -.00000944  00000-0 -64239-2 0  9993
2 27035 008.4292 020.1061 7132666 261.8568 019.1564 02.32319258105480
0 ARIANE 2 DEB
1 27035U 89006Q   14034.90842251 -.00000256  00000-0 -67673-3 0  9990
2 27035 008.4328 019.5280 7132637 263.0820 018.6292 02.32323417105527
0 ARIANE 2 DEB
1 27035U 89006Q   14040.07199532 -.00000860  00000-0 -55970-2 0  9999
2 27035 008.4366 017.6010 7130344 266.9900 017.0880 02.32322026105647
0 ARIANE 2 DEB
1 27035U 89006Q   14040.07205902 -.00000839  00000-0 -52381-2 0  9997
2 27035 008.4383 017.5913 7132283 267.0212 017.0595 02.32316997105642
0 ARIANE 2 DEB
1 27035U 89006Q   14046.95734175 -.00000934  00000-0 -72052-2 0  9992
2 27035 008.4424 015.0312 7128993 272.2226 015.3618 02.32314026105806
0 ARIANE 2 DEB
1 27035U 89006Q   14047.38751846 -.00000511  00000-0 -34925-2 0  9992
2 27035 008.4415 014.8770 7130928 272.5098 015.2547 02.32316308105818
0 ARIANE 2 DEB
1 27035U 89006Q   14048.24814479 -.00000322  00000-0 -18700-2 0  9993
2 27035 008.4424 014.5236 7132021 273.1891 015.0278 02.32316308105837
0 ARIANE 2 DEB
1 27035U 89006Q   14055.99415896 -.00000120  00000-0 -30490-3 0  9990
2 27035 008.4445 011.6475 7130181 279.0158 013.2583 02.32315162106016
0 ARIANE 2 DEB
1 27035U 89006Q   14058.14594391 -.00000116  00000-0 -49589-3 0  9992
2 27035 008.4447 010.8797 7129526 280.6014 012.8571 02.32317924106061
0 ARIANE 2 DEB
1 27035U 89006Q   14067.18326933  .00000226  00000-0  31755-2 0  9996
2 27035 008.4446 007.4669 7129399 287.4400 011.3131 02.32327269106274
0 ARIANE 2 DEB
1 27035U 89006Q   14068.47405194  .00000070  00000-0  17048-2 0  9992
2 27035 008.4423 007.0582 7128084 288.3360 010.8941 02.32330889106303
0 ARIANE 2 DEB
1 27035U 89006Q   14076.22017403  .00000556  00000-0  51201-2 0  9994
2 27035 008.4293 004.0712 7126922 294.2696 009.6877 02.32337552106484
0 ARIANE 2 DEB
1 27035U 89006Q   14076.22017468  .00000101  00000-0  11684-2 0  9992
2 27035 008.4412 004.1651 7126074 294.1594 009.6917 02.32335358106481
0 ARIANE 2 DEB
1 27035U 89006Q   14077.08083516  .00000132  00000-0  15200-2 0  9996
2 27035 008.4384 003.8412 7125994 294.8068 009.5517 02.32336540106505
0 ARIANE 2 DEB
1 27035U 89006Q   14083.10542563  .00000386  00000-0  39246-2 0  9995
2 27035 008.4350 001.5839 7125019 299.3361 008.6002 02.32341628106647
0 ARIANE 2 DEB
1 27035U 89006Q   14083.53575836  .00000373  00000-0  37667-2 0  9992
2 27035 008.4338 001.4170 7124848 299.6652 008.5406 02.32341980106654
0 ARIANE 2 DEB
1 27035U 89006Q   14091.28164717  .00000086  00000-0  17524-2 0  9996
2 27035 008.4280 358.5173 7123709 305.4756 007.4971 02.32350510106839
0 ARIANE 2 DEB
1 27035U 89006Q   14094.29381317  .00000050  00000-0  17520-2 0  9994
2 27035 008.4270 357.4074 7122803 307.7001 007.0810 02.32353625106904
0 ARIANE 2 DEB
1 27035U 89006Q   14094.29381317  .00000050  00000-0  17520-2 0  9994
2 27035 008.4270 357.4074 7122803 307.7001 007.0810 02.32353625106892
0 ARIANE 2 DEB
1 27035U 89006Q   14094.29381317  .00000050  00000-0  17520-2 0  9994
2 27035 008.4270 357.4074 7122803 307.7001 007.0810 02.32353625106892
0 ARIANE 2 DEB
1 27035U 89006Q   14094.29381317  .00000050  00000-0  17520-2 0  9994
2 27035 008.4270 357.4074 7122803 307.7001 007.0810 02.32353625106892
0 ARIANE 2 DEB
1 27035U 89006Q   14094.29381317  .00000050  00000-0  17520-2 0  9994
2 27035 008.4270 357.4074 7122803 307.7001 007.0810 02.32353625106892
0 ARIANE 2 DEB
1 27035U 89006Q   14104.19111049  .00000434  00000-0  42988-2 0  9990
2 27035 008.4543 353.8294 7122696 315.0748 005.9674 02.32361833107132
0 ARIANE 2 DEB
1 27035U 89006Q   14112.36698838  .00000191  00000-0  23412-2 0  9995
2 27035 008.4117 350.5073 7119075 321.3813 005.0577 02.32363269107327
0 ARIANE 2 DEB
1 27035U 89006Q   14113.22745253  .00000739  00000-0  68815-2 0  9999
2 27035 008.4061 350.1681 7123063 322.1305 004.8345 02.32372984990967
0 ARIANE 2 DEB
1 27035U 89006Q   14121.83348015 -.00000130  00000-0 -64193-4 0  9994
2 27035 008.4128 346.9655 7117167 328.4914 003.9108 02.32365675107537
0 ARIANE 2 DEB
1 27035U 89006Q   14121.83349740  .00001317  00000-0  14610-1 0  9992
2 27035 008.4103 346.9936 7118058 328.4664 004.3980 02.32394269107549
0 ARIANE 2 DEB
1 27035U 89006Q   14358.93746780  .00000570  00000-0  87048-2 0  9996
2 27035 008.2815 255.7953 7100362 148.3472 287.3760 02.32349295113059
0 ARIANE 2 DEB
1 27035U 89006Q   15146.34111100  .00000266  00000-0  87048-2 0  9991
2 27035 008.0725 193.7004 7084216 267.1007 003.2985 02.29423991116608
0 ARIANE 2 DEB
1 27035U 89006Q   15146.36168961 -.00019693  00000-0 -30374+0 0  9993
2 27035 008.0917 194.4664 7101043 265.1993 023.7169 02.31402886116593
0 ARIANE 2 DEB
1 27035U 89006Q   15180.32768251  .00001926  00000-0  50569-1 0  9993
2 27035 008.1335 178.5491 7084393 295.1829 009.3473 02.29781042117385
0 ARIANE 2 DEB
1 27035U 89006Q   15187.28918586  .00002433  00000-0  18750-1 0  9993
2 27035 008.1629 175.6638 7134020 300.7929 074.2129 02.32531000117547
0 ARIANE 2 DEB
1 27035U 89006Q   15194.94911696 -.00000027  00000-0  13876-2 0  9992
2 27035 008.1834 172.4285 7133509 306.9569 006.0114 02.32519054117729
0 ARIANE 2 DEB
1 27035U 89006Q   15196.24029107  .00000351  00000-0  43496-2 0  9994
2 27035 008.1959 171.7594 7129840 308.1396 006.7335 02.32519920117754
0 ARIANE 2 DEB
1 27035U 89006Q   15197.96033328 -.00000025  00000-0  10447-2 0  9993
2 27035 008.2007 171.0220 7129971 309.5459 006.5180 02.32521402117796
0 ARIANE 2 DEB
1 27035U 89006Q   15199.25037667 -.00000110  00000-0  20976-3 0  9991
2 27035 008.2071 170.4486 7129893 310.6278 006.3589 02.32517545117827
0 ARIANE 2 DEB
1 27035U 89006Q   15201.40044245 -.00000082  00000-0  41291-3 0  9993
2 27035 008.2119 169.5435 7129939 312.3589 006.1082 02.32520141117875
0 ARIANE 2 DEB
1 27035U 89006Q   15203.12048723  .00000477  00000-0  50796-2 0  9995
2 27035 008.2202 168.7939 7129418 313.7771 005.8985 02.32523218117919
0 ARIANE 2 DEB
1 27035U 89006Q   15206.13053563  .00000718  00000-0  73726-2 0  9993
2 27035 008.2288 167.5242 7128810 316.2097 005.5218 02.32522134117980
0 ARIANE 2 DEB
1 27035U 89006Q   15206.99051534 -.00000229  00000-0 -35848-3 0  9996
2 27035 008.2344 167.1452 7128776 316.9169 005.4104 02.32522893118009
0 ARIANE 2 DEB
1 27035U 89006Q   15208.71053492  .00000414  00000-0  48760-2 0  9993
2 27035 008.2415 166.4108 7128594 318.3170 005.1951 02.32522909118043
0 ARIANE 2 DEB
1 27035U 89006Q   15212.15060137  .00001120  00000-0  10434-1 0  9991
2 27035 008.2594 164.9187 7127954 321.1517 004.8039 02.32525176118128
0 ARIANE 2 DEB
1 27035U 89006Q   15215.16070778  .00000727  00000-0  71851-2 0  9990
2 27035 008.2733 163.6324 7127074 323.6074 004.5001 02.32522400118190
0 ARIANE 2 DEB
1 27035U 89006Q   15216.02063696  .00000097  00000-0  19594-2 0  9993
2 27035 008.2737 163.2862 7127060 324.2659 004.4148 02.32525561118213
0 ARIANE 2 DEB
1 27035U 89006Q   15216.02076628  .00000319  00000-0  39267-2 0  9998
2 27035 008.2750 163.2785 7125832 324.3011 004.4129 02.32523686118215
0 ARIANE 2 DEB
1 27035U 89006Q   15217.31064184  .00000410  00000-0  49097-2 0  9999
2 27035 008.2787 162.7425 7126653 325.3062 004.2732 02.32527625118247
0 ARIANE 2 DEB
1 27035U 89006Q   15218.17056096  .00000950  00000-0  95813-2 0  9993
2 27035 008.2817 162.3856 7127443 325.9754 004.1753 02.32526966118268
0 ARIANE 2 DEB
1 27035U 89006Q   15219.03056042 -.00000306  00000-0 -76949-3 0  9997
2 27035 008.2859 162.0166 7127238 326.6793 004.0724 02.32526406118286
0 ARIANE 2 DEB
1 27035U 89006Q   15219.46058497  .00000015  00000-0  20388-2 0  9990
2 27035 008.2854 161.8493 7126833 327.0160 004.0237 02.32524081118291
0 ARIANE 2 DEB
1 27035U 89006Q   15220.32053148  .00000972  00000-0  10266-1 0  9990
2 27035 008.2899 161.4856 7126971 327.7047 003.9228 02.32533480118317
0 ARIANE 2 DEB
1 27035U 89006Q   15221.18051681 -.00000350  00000-0 -85693-3 0  9995
2 27035 008.2926 161.1260 7126981 328.3935 003.8245 02.32528440118338
0 ARIANE 2 DEB
1 27035U 89006Q   15222.04051467  .00001195  00000-0  12264-1 0  9991
2 27035 008.2950 160.7725 7126727 329.0820 003.7309 02.32531751118356
0 ARIANE 2 DEB
1 27035U 89006Q   15223.33053463 -.00000182  00000-0  41434-3 0  9991
2 27035 008.3000 160.2326 7126229 330.1252 003.5979 02.32529167118386
0 ARIANE 2 DEB
1 27035U 89006Q   15224.19050599  .00000281  00000-0  42272-2 0  9992
2 27035 008.3000 159.8854 7126230 330.7988 003.5171 02.32532221118402
0 ARIANE 2 DEB
1 27035U 89006Q   15227.20043918  .00000003  00000-0  13285-2 0  9998
2 27035 008.3111 158.6369 7125260 333.2144 003.2517 02.32539262118477
0 ARIANE 2 DEB
1 27035U 89006Q   15227.20045556 -.00001244  00000-0 -94551-2 0  9993
2 27035 008.3074 158.6478 7125846 333.1863 003.2540 02.32533973118472
0 ARIANE 2 DEB
1 27035U 89006Q   15229.78043688 -.00000136  00000-0  69416-4 0  9994
2 27035 008.3119 157.5969 7125294 335.2251 003.0284 02.32537609118536
0 ARIANE 2 DEB
1 27035U 89006Q   15230.21042551  .00000958  00000-0  95191-2 0  9990
2 27035 008.3192 157.3983 7125937 335.5888 002.9841 02.32539887118542
0 ARIANE 2 DEB
1 27035U 89006Q   15230.21042551 +.00000958 +00000-0 +95191-2 0  9990
2 27035 008.3192 157.3983 7125937 335.5888 002.9841 02.32539887118531
0 ARIANE 2 DEB
1 27035U 89006Q   15231.07040141  .00000520  00000-0  58582-2 0  9996
2 27035 008.3215 157.0431 7125662 336.2739 002.9022 02.32540594118561
0 ARIANE 2 DEB
1 27035U 89006Q   15233.22033783  .00000137  00000-0  27745-2 0  9990
2 27035 008.3268 156.1650 7124968 337.9747 002.6870 02.32540514118613
0 ARIANE 2 DEB
1 27035U 89006Q   15234.08030518 +.00000067 +00000-0 +22253-2 0  9999
2 27035 008.3285 155.8139 7124725 338.6543 002.5978 02.32540619118628
0 ARIANE 2 DEB
1 27035U 89006Q   15234.08030518  .00000067  00000-0  22253-2 0  9999
2 27035 008.3285 155.8139 7124725 338.6543 002.5978 02.32540619118639
0 ARIANE 2 DEB
1 27035U 89006Q   15243.11005523 -.00000441  00000-0 -31100-2 0  9990
2 27035 008.3617 152.1090 7120201 345.8600 001.7817 02.32545368118845
0 ARIANE 2 DEB
1 27035U 89006Q   15244.83000187 -.00000491 +00000-0 -32145-2 0  9996
2 27035 008.3660 151.4074 7121547 347.1862 001.6268 02.32542919118877
0 ARIANE 2 DEB
1 27035U 89006Q   15244.83000187 -.00000491  00000-0 -32145-2 0  9996
2 27035   8.3660 151.4074 7121547 347.1862   1.6268  2.32542919118888
0 ARIANE 2 DEB
1 27035U 89006Q   15248.26985546 -.00000486  00000-0 -24299-2 0  9993
2 27035   8.3725 150.0221 7120523 349.8816   1.2761  2.32540722118963
0 ARIANE 2 DEB
1 27035U 89006Q   15251.27979081 -.00000278  00000-0 -61959-3 0  9999
2 27035   8.3791 148.8022 7120141 352.2477   0.9945  2.32539404119031
0 ARIANE 2 DEB
1 27035U 89006Q   15254.28979610 -.00000613  00000-0 -45200-2 0  9994
2 27035   8.3860 147.5815 7120317 354.6173   0.7577  2.32537054119104
0 ARIANE 2 DEB
1 27035U 89006Q   15255.14976862 -.00000332  00000-0 -19826-2 0  9999
2 27035   8.3863 147.2374 7120259 355.2888   0.6930  2.32539361119126
0 ARIANE 2 DEB
1 27035U 89006Q   15259.01968391 -.00000319  00000-0 -19090-2 0  9995
2 27035   8.3904 145.6940 7119047 358.2868   0.3760  2.32539153119214
0 ARIANE 2 DEB
1 27035U 89006Q   15267.18955585 -.00000255  00000-0 -14851-2 0  9992
2 27035   8.4087 142.4255 7117489   4.6505 359.6095  2.32536897119403
0 ARIANE 2 DEB
1 27035U 89006Q   15268.04956921 -.00000218 +00000-0 -12685-2 0  9995
2 27035 008.4134 142.0801 7117468 005.3270 359.5417 02.32537113119413
0 ARIANE 2 DEB
1 27035U 89006Q   15269.76958884 -.00000176  00000-0 -10595-2 0  9996
2 27035   8.4163 141.3996 7117117   6.6588 359.4100  2.32536718119462
0 ARIANE 2 DEB
1 27035U 89006Q   15272.77955580 -.00000060  00000-0  43506-3 0  9991
2 27035   8.4211 140.2031 7116024   8.9995 359.1415  2.32538394119533
0 ARIANE 2 DEB
1 27035U 89006Q   15278.79935680 -.00000052  00000-0  12842-2 0  9997
2 27035   8.4293 137.8145 7114635  13.6627 358.5309  2.32540707119673
0 ARIANE 2 DEB
1 27035U 89006Q   15285.67919621 -.00000019  00000-0  42709-3 0  9998
2 27035   8.4356 135.1058 7113006  18.9634 357.9519  2.32542784119835
0 ARIANE 2 DEB
1 27035U 89006Q   15286.10917782 -.00000021 +00000-0 +42535-3 0  9993
2 27035 008.4361 134.9347 7112970 019.2920 357.9115 02.32542944119830
0 ARIANE 2 DEB
1 27035U 89006Q   15289.54899485  .00000022  00000-0  12248-2 0  9990
2 27035   8.4397 133.5827 7112193  21.9384 357.5518  2.32543878119928
0 ARIANE 2 DEB
1 27035U 89006Q   15297.71856773  .00000225  00000-0  27410-2 0  9993
2 27035   8.4454 130.3810 7110557  28.2137 356.7475  2.32546552120115
0 ARIANE 2 DEB
1 27035U 89006Q   15298.57852295  .00000179  00000-0  22369-2 0  9999
2 27035   8.4441 130.0455 7110107  28.8741 356.6641  2.32546228120137
0 ARIANE 2 DEB
1 27035U 89006Q   15304.59798422  .00000090  00000-0  26114-2 0  9994
2 27035   8.4454 127.6928 7108634  33.4858 355.9616  2.32549943120277
0 ARIANE 2 DEB
1 27035U 89006Q   15306.74778538  .00000119  00000-0  28605-2 0  9998
2 27035   8.4420 126.8373 7107734  35.1506 355.7196  2.32550916120323
0 ARIANE 2 DEB
1 27035U 89006Q   15309.75754391 -.00000002  00000-0  59495-3 0  9997
2 27035   8.4350 125.6204 7106143  37.5080 355.4070  2.32550397120399
0 ARIANE 2 DEB
1 27035U 89006Q   15311.04742103 -.00000009  00000-0  19058-3 0  9998
2 27035   8.4360 125.1626 7106494  38.4194 355.2888  2.32552076120423
0 ARIANE 2 DEB
1 27035U 89006Q   15311.90734091 -.00000060 +00000-0 -55536-3 0  9999
2 27035 008.4353 124.8245 7106200 039.0812 355.1975 02.32552256120434
0 ARIANE 2 DEB
1 27035U 89006Q   15311.90734091 -.00000060  00000-0 -55536-3 0  9999
2 27035   8.4353 124.8245 7106200  39.0812 355.1975  2.32552256120445
0 ARIANE 2 DEB
1 27035U 89006Q   15319.64638122  .00000041  00000-0  11052-2 0  9997
2 27035   8.4311 121.8187 7104548  44.9787 354.2257  2.32555459120621
0 ARIANE 2 DEB
1 27035U 89006Q   15320.07633221 +.00000213 +00000-0 +32352-2 0  9998
2 27035 008.4297 121.7046 7104633 045.2566 354.1786 02.32556210120623
0 ARIANE 2 DEB
1 27035U 89006Q   15320.07633221  .00000213  00000-0  32352-2 0  9998
2 27035   8.4297 121.7046 7104633  45.2566 354.1786  2.32556210120634
0 ARIANE 2 DEB
1 27035U 89006Q   15320.50625078 -.00000000  00000-0  55381-3 0  9990
2 27035   8.4279 121.3935 7104627  45.7239 354.1029  2.32554536120642
0 ARIANE 2 DEB
1 27035U 89006Q   15325.66563265  .00000243  00000-0  28554-2 0  9990
2 27035   8.4241 119.3589 7103522  49.6964 353.4832  2.32554567120765
0 ARIANE 2 DEB
1 27035U 89006Q   15327.38540024  .00000261  00000-0  32333-2 0  9999
2 27035   8.4162 118.6573 7102167  51.0438 353.2477  2.32554243120808
0 ARIANE 2 DEB
1 27035U 89006Q   15332.11460431 -.00000487  00000-0 -52533-2 0  9995
2 27035   8.4071 116.7959 7100021  54.6368 352.5326  2.32555603120910
0 ARIANE 2 DEB
1 27035U 89006Q   15334.69419467 -.00000416  00000-0 -42632-2 0  9994
2 27035   8.4070 115.7990 7100792  56.6096 352.1669  2.32554313120977
0 ARIANE 2 DEB
1 27035U 89006Q   15335.55404958 +.00000286 +00000-0 +48467-2 0  9994
2 27035 008.4057 115.3703 7100479 057.3588 352.0321 02.32556295120982
0 ARIANE 2 DEB
1 27035U 89006Q   15335.55404958  .00000286  00000-0  48467-2 0  9994
2 27035   8.4057 115.3703 7100479  57.3588 352.0321  2.32556295120993
0 ARIANE 2 DEB
1 27035U 89006Q   15338.56359680  .00000047  00000-0  76794-3 0  9999
2 27035   8.4012 114.1964 7099438  59.6542 351.6210  2.32557487121062
0 ARIANE 2 DEB
1 27035U 89006Q   15340.71324498 -.00000318 +00000-0 -45561-2 0  9998
2 27035 008.3994 113.3360 7098744 061.3127 351.3010 02.32555701121106
0 ARIANE 2 DEB
1 27035U 89006Q   15340.71324498 -.00000318  00000-0 -45561-2 0  9998
2 27035   8.3994 113.3360 7098744  61.3127 351.3010  2.32555701121117
0 ARIANE 2 DEB
1 27035U 89006Q   15342.86286772 -.00000258  00000-0 -36909-2 0  9997
2 27035   8.3921 112.4298 7098324  63.0095 350.9435  2.32553610121162
0 ARIANE 2 DEB
1 27035U 89006Q   15345.87232119 -.00000173  00000-0 -21514-2 0  9999
2 27035   8.3884 111.2300 7097262  65.3260 350.4105  2.32551611121236
0 ARIANE 2 DEB
1 27035U 89006Q   15346.30224136 -.00000295 +00000-0 -38128-2 0  9992
2 27035 008.3881 111.0534 7097087 065.6611 350.3322 02.32552036121230
0 ARIANE 2 DEB
1 27035U 89006Q   15347.59201333 -.00000415  00000-0 -54056-2 0  9990
2 27035   8.3864 110.5528 7097114  66.6402 350.1072  2.32551276121277
0 ARIANE 2 DEB
1 27035U 89006Q   15348.45186809 -.00000269 +00000-0 -33552-2 0  9991
2 27035 008.3876 110.1938 7097090 067.3147 349.9562 02.32549517121284
0 ARIANE 2 DEB
1 27035U 89006Q   15348.45186809 -.00000269  00000-0 -33552-2 0  9991
2 27035   8.3876 110.1938 7097090  67.3147 349.9562  2.32549517121295
0 ARIANE 2 DEB
1 27035U 89006Q   15350.60153365 -.00000761  00000-0 -10567-1 0  9999
2 27035   8.3859 109.3348 7096809  68.9726 349.5963  2.32547931121343
0 ARIANE 2 DEB
1 27035U 89006Q   15354.47096806  .00000080  00000-0  81797-3 0  9991
2 27035   8.3827 107.7730 7096030  71.9771 348.9176  2.32543328121430
0 ARIANE 2 DEB
1 27035U 89006Q   15360.48991303 -.00000554  00000-0 -67276-2 0  9998
2 27035   8.3788 105.3336 7093965  76.6413 347.6536  2.32538685121572
0 ARIANE 2 DEB
1 27035U 89006Q   15363.49945426 -.00000543  00000-0 -68712-2 0  9991
2 27035   8.3754 104.0880 7092917  78.9977 347.0286  2.32535493121649
0 ARIANE 2 DEB
1 27035U 89006Q   16004.51857912 -.00000828  00000-0 -12781-1 0  9999
2 27035   8.3679 101.6271 7091739  83.6729 345.7071  2.32527820121788
0 ARIANE 2 DEB
1 27035U 89006Q   16005.37840308 -.00000396 +00000-0 -60865-2 0  9992
2 27035 008.3664 101.1507 7091949 084.4664 345.4584 02.32526628121791
0 ARIANE 2 DEB
1 27035U 89006Q   16005.37840308 -.00000396  00000-0 -60865-2 0  9992
2 27035   8.3664 101.1507 7091949  84.4664 345.4584  2.32526628121803
0 ARIANE 2 DEB
1 27035U 89006Q   16006.23826615 -.00000678 +00000-0 -10305-1 0  9999
2 27035 008.3641 100.8135 7091912 085.1181 345.2448 02.32525969121818
0 ARIANE 2 DEB
1 27035U 89006Q   16006.23826615 -.00000678  00000-0 -10305-1 0  9999
2 27035   8.3641 100.8135 7091912  85.1181 345.2448  2.32525969121829
0 ARIANE 2 DEB
1 27035U 89006Q   16009.24778590 -.00000567  00000-0 -82341-2 0  9998
2 27035   8.3609  99.5767 7090896  87.4807 344.4368  2.32522085121893
0 ARIANE 2 DEB
1 27035U 89006Q   16010.53758613 -.00000826  00000-0 -12113-1 0  9993
2 27035   8.3602  99.0610 7090796  88.4768 344.0956  2.32521273121925
0 ARIANE 2 DEB
1 27035U 89006Q   16011.82742292 -.00001251  00000-0 -18913-1 0  9999
2 27035   8.3629  98.5399 7090115  89.4493 343.7625  2.32515009121955
0 ARIANE 2 DEB
1 27035U 89006Q   16012.25734928  .00000002  00000-0  82244-3 0  9995
2 27035   8.3655  98.3247 7089382  89.8199 343.6316  2.32516350121962
0 ARIANE 2 DEB
1 27035U 89006Q   16013.97714439 -.00000286  00000-0 -40123-2 0  9995
2 27035   8.3664  97.6197 7089243  91.1609 343.1766  2.32510509122006
0 ARIANE 2 DEB
1 27035U 89006Q   16014.40708931 +.00000053 +00000-0 +13113-2 0  9993
2 27035 008.3662 097.4395 7089779 091.5022 343.0632 02.32511365122001
0 ARIANE 2 DEB
1 27035U 89006Q   16014.83703848 -.00000596  00000-0 -90643-2 0  9999
2 27035   8.3662  97.2657 7089799  91.8358 342.9468  2.32510554122023
0 ARIANE 2 DEB
1 27035U 89006Q   16016.55680989  .00000634  00000-0  10173-1 0  9990
2 27035   8.3667  96.5706 7089783  93.1684 342.4596  2.32512559122063
0 ARIANE 2 DEB
1 27035U 89006Q   16019.56634768 -.00000618  00000-0 -92846-2 0  9990
2 27035   8.3683  95.3484 7089379  95.5060 341.5088  2.32505777122134
0 ARIANE 2 DEB
1 27035U 89006Q   16022.14588681 -.00000716 +00000-0 -98139-2 0  9990
2 27035 008.3774 094.2201 7088906 097.5815 340.6100 02.32502947122181
0 ARIANE 2 DEB
1 27035U 89006Q   16022.14588681 -.00000716  00000-0 -98139-2 0  9990
2 27035   8.3774  94.2201 7088906  97.5815 340.6100  2.32502947122192
0 ARIANE 2 DEB
1 27035U 89006Q   16023.43569317 -.00000753  00000-0 -10017-1 0  9997
2 27035   8.3784  93.7058 7088803  98.5703 340.1805  2.32500938122229
0 ARIANE 2 DEB
1 27035U 89006Q   16025.15543117 -.00000681  00000-0 -88292-2 0  9999
2 27035   8.3801  92.9994 7088063  99.9040 339.5958  2.32499648122266
0 ARIANE 2 DEB
1 27035U 89006Q   16026.44526526 -.00001013  00000-0 -14406-1 0  9992
2 27035   8.3808  92.4929 7088392 100.8881 339.1677  2.32494829122299
0 ARIANE 2 DEB
1 27035U 89006Q   16026.87522056 -.00000355  00000-0 -38152-2 0  9996
2 27035   8.3725  92.3395 7088958 101.2086 339.0307  2.32496106122304
0 ARIANE 2 DEB
1 27035U 89006Q   16028.59497051 -.00000617  00000-0 -86218-2 0  9990
2 27035   8.3744  91.6566 7088829 102.5249 338.4269  2.32494610122341
0 ARIANE 2 DEB
1 27035U 89006Q   16029.45483546 -.00000822 +00000-0 -12234-1 0  9994
2 27035 008.3754 091.3134 7088685 103.1837 338.1110 02.32492948122355
0 ARIANE 2 DEB
1 27035U 89006Q   16030.31466023 -.00000670  00000-0 -10023-1 0  9997
2 27035   8.3789  90.9142 7088664 103.9006 337.7567  2.32491798122386
0 ARIANE 2 DEB
1 27035U 89006Q   16032.03432742 -.00001038  00000-0 -16729-1 0  9997
2 27035   8.3850  90.2001 7086612 105.2341 337.0448  2.32486603122425
0 ARIANE 2 DEB
1 27035U 89006Q   16032.89417306 -.00000157  00000-0 -20103-2 0  9993
2 27035   8.3825  89.8715 7087208 105.8849 336.6987  2.32487824122445
0 ARIANE 2 DEB
1 27035U 89006Q   16034.18390804 -.00000069  00000-0 -42837-3 0  9991
2 27035   8.3845  89.3570 7087029 106.8719 336.1454  2.32487680122476
0 ARIANE 2 DEB
1 27035U 89006Q   16035.04372016 -.00001554  00000-0 -25047-1 0  9994
2 27035   8.3853  89.0109 7086659 107.5330 335.7625  2.32485220122490
0 ARIANE 2 DEB
1 27035U 89006Q   16035.47374605 -.00000028  00000-0  00000+0 0  9991
2 27035   8.3870  88.8580 7088757 107.8537 335.6239  2.32484411122505
0 ARIANE 2 DEB
1 27035U 89006Q   16035.90352376  .00000325  00000-0  64955-2 0  9991
2 27035   8.3861  88.6662 7086493 108.1948 335.3757  2.32488338122514
0 ARIANE 2 DEB
1 27035U 89006Q   16037.19324484 -.00002019  00000-0 -32810-1 0  9991
2 27035   8.3879  88.1456 7085790 109.1849 334.7846  2.32478541122549
0 ARIANE 2 DEB
1 27035U 89006Q   16039.34277975 -.00000807  00000-0 -11683-1 0  9990
2 27035   8.3991  87.2493 7087481 110.8827 333.7911  2.32479132122593
0 ARIANE 2 DEB
1 27035U 89006Q   16039.77268468 -.00001914 +00000-0 -30015-1 0  9994
2 27035 008.3998 087.0725 7087300 111.2156 333.5874 02.32477756122592
0 ARIANE 2 DEB
1 27035U 89006Q   16040.63249691 -.00000975  00000-0 -14544-1 0  9993
2 27035   8.4017  86.7241 7087152 111.8787 333.1813  2.32478801122620
0 ARIANE 2 DEB
1 27035U 89006Q   16041.49231545 -.00001852 +00000-0 -29009-1 0  9994
2 27035 008.4021 086.3857 7087569 112.5380 332.7772 02.32476424122632
0 ARIANE 2 DEB
1 27035U 89006Q   16041.49231545 -.00001852  00000-0 -29009-1 0  9994
2 27035   8.4021  86.3857 7087569 112.5380 332.7772  2.32476424122643
0 ARIANE 2 DEB
1 27035U 89006Q   16042.35212882  .00000252  00000-0  54417-2 0  9996
2 27035   8.4027  86.0422 7088265 113.2042 332.3603  2.32475883122660
0 ARIANE 2 DEB
1 27035U 89006Q   16043.21191426 -.00001212  00000-0 -18653-1 0  9992
2 27035   8.4057  85.6873 7088047 113.8768 331.9138  2.32472562122688
0 ARIANE 2 DEB
1 27035U 89006Q   16045.79114203 -.00000578  00000-0 -85841-2 0  9993
2 27035   8.4104  84.6376 7087243 115.8829 330.4789  2.32470096122748
0 ARIANE 2 DEB
1 27035U 89006Q   16046.22102507 -.00000669 +00000-0 -10026-1 0  9999
2 27035 008.4112 084.4648 7087262 116.2172 330.2287 02.32470906122745
0 ARIANE 2 DEB
1 27035U 89006Q   16047.08073449 -.00000672  00000-0 -99186-2 0  9995
2 27035   8.4133  84.1192 7086843 116.8781 329.7172  2.32472195122776
0 ARIANE 2 DEB
1 27035U 89006Q   16049.22998706 -.00001040  00000-0 -15382-1 0  9990
2 27035   8.4184  83.2583 7085907 118.5247 328.4065  2.32468612122824
0 ARIANE 2 DEB
1 27035U 89006Q   16052.23891917  .00000007  00000-0  32105-2 0  9994
2 27035   8.4255  82.0684 7088120 120.8360 326.5568  2.32468645122894
0 ARIANE 2 DEB
1 27035U 89006Q   16055.67752446 -.00000024  00000-0  21439-2 0  9996
2 27035   8.4343  80.6736 7087966 123.4955 324.2474  2.32467436122977
0 ARIANE 2 DEB
1 27035U 89006Q   16057.39678228 -.00000409  00000-0 -47219-2 0  9994
2 27035   8.4359  80.0315 7088255 124.7755 323.0469  2.32465781123013
0 ARIANE 2 DEB
1 27035U 89006Q   16060.40521061 -.00000497  00000-0 -66883-2 0  9997
2 27035   8.4407  78.8488 7088413 127.0692 320.7020  2.32463497123081
0 ARIANE 2 DEB
1 27035U 89006Q   16065.13226528 -.00000485  00000-0 -59201-2 0  9995
2 27035   8.4555  76.9633 7087150 130.6883 316.5645  2.32459144123197
0 ARIANE 2 DEB
1 27035U 89006Q   16066.42136983 -.00000148  00000-0 -67701-4 0  9995
2 27035   8.4534  76.4475 7086610 131.6792 315.3641  2.32463363123228
0 ARIANE 2 DEB
1 27035U 89006Q   16067.28075019 -.00000358  00000-0 -33791-2 0  9995
2 27035   8.4668  76.0840 7088667 132.3804 314.5352  2.32459989123245
0 ARIANE 2 DEB
1 27035U 89006Q   16072.86610008 +.00000073 +00000-0 +28987-2 0  9991
2 27035 008.4811 073.8020 7090874 136.7565 308.5982 02.32457978123366
0 ARIANE 2 DEB
1 27035U 89006Q   16072.86610008  .00000073  00000-0  28987-2 0  9991
2 27035   8.4811  73.8020 7090874 136.7565 308.5982  2.32457978123377
0 ARIANE 2 DEB
1 27035U 89006Q   16080.16825408 -.00000259  00000-0 -37213-3 0  9996
2 27035   8.4979  70.9245 7092102 142.3790 299.3488  2.32458493123548
0 ARIANE 2 DEB
1 27035U 89006Q   16081.45681251 -.00000208 +00000-0 +42508-3 0  9991
2 27035 008.5156 070.4582 7091355 143.2952 297.6793 02.32458864123579
0 ARIANE 2 DEB
1 27035U 89006Q   16088.32696306 -.00000158  00000-0 -46694-3 0  9996
2 27035   8.5360  67.7778 7092743 148.5389 286.9345  2.32458700123737
0 ARIANE 2 DEB
1 27035U 89006Q   16106.34877734 -.00000060  00000-0  25335-2 0  9994
2 27035   8.5910  60.7166 7094573 162.3298 248.4780  2.32462422124157
0 ARIANE 2 DEB
1 27035U 89006Q   16116.21040048 -.00000053 +00000-0 +13952-2 0  9995
2 27035 008.6169 056.9156 7094112 169.8008 221.3865 02.32468177124371
0 ARIANE 2 DEB
1 27035U 89006Q   16116.21040048 -.00000053  00000-0  13952-2 0  9995
2 27035   8.6169  56.9156 7094112 169.8008 221.3865  2.32468177124382
0 ARIANE 2 DEB
1 27035U 89006Q   16123.92481215 -.00000126  00000-0  11496-2 0  9998
2 27035   8.6347  53.8604 7095975 175.7840 197.4649  2.32471707124568
0 ARIANE 2 DEB
1 27035U 89006Q   16125.21101791  .00000042  00000-0  34450-2 0  9991
2 27035   8.6400  53.4453 7097335 176.6511 193.8817  2.32473011124593
0 ARIANE 2 DEB
1 27035U 89006Q   16126.92514873  .00000164  00000-0  48884-2 0  9990
2 27035   8.6464  52.7847 7097352 177.9566 188.4304  2.32474298124639
0 ARIANE 2 DEB
1 27035U 89006Q   16127.78218667 +.00000196 +00000-0 +51744-2 0  9991
2 27035 008.6473 052.4508 7097362 178.6118 185.6833 02.32474403124647
0 ARIANE 2 DEB
1 27035U 89006Q   16130.78189632  .00000719  00000-0  12469-1 0  9995
2 27035   8.6572  51.2940 7097119 180.8903 176.1575  2.32479123124722
0 ARIANE 2 DEB
1 27035U 89006Q   16140.21024685 +.00000003 +00000-0 +30631-2 0  9998
2 27035 008.6791 047.6774 7097060 188.0172 147.0079 02.32486191124934
0 ARIANE 2 DEB
1 27035U 89006Q   16140.21024685  .00000003  00000-0  30631-2 0  9998
2 27035   8.6791  47.6774 7097060 188.0172 147.0079  2.32486191124945
0 ARIANE 2 DEB
1 27035U 89006Q   16141.06738416  .00000331  00000-0  74514-2 0  9998
2 27035   8.6762  47.3393 7096873 188.6629 144.4455  2.32494003124963
0 ARIANE 2 DEB
1 27035U 89006Q   16141.49583077  .00000631  00000-0  11320-1 0  9994
2 27035   8.6772  47.1801 7098373 189.0289 142.9896  2.32489273124976
0 ARIANE 2 DEB
1 27035U 89006Q   16143.63895656 +.00000107 +00000-0 +35132-2 0  9997
2 27035 008.6802 046.3550 7098346 190.6529 136.6938 02.32491644125015
0 ARIANE 2 DEB
1 27035U 89006Q   16143.63895656  .00000107  00000-0  35132-2 0  9997
2 27035   8.6802  46.3550 7098346 190.6529 136.6938  2.32491644125026
0 ARIANE 2 DEB
1 27035U 89006Q   16148.35463092  .00000178  00000-0  46190-2 0  9990
2 27035   8.6853  44.5428 7098685 194.2123 123.5502  2.32493673125130
0 ARIANE 2 DEB
1 27035U 89006Q   16149.21209788  .00000798  00000-0  13419-1 0  9991
2 27035   8.6884  44.2165 7098339 194.8653 121.2326  2.32498853125144
0 ARIANE 2 DEB
1 27035U 89006Q   16150.49837206  .00000519  00000-0  97735-2 0  9990
2 27035   8.6920  43.7237 7098375 195.8380 117.8173  2.32497070125171
0 ARIANE 2 DEB
1 27035U 89006Q   16151.78472836 -.00000055  00000-0  19352-2 0  9992
2 27035   8.6947  43.2340 7098737 196.8050 114.4713  2.32497682125203
0 ARIANE 2 DEB
1 27035U 89006Q   16152.64231778  .00000330  00000-0  72604-2 0  9990
2 27035   8.6961  42.9074 7098709 197.4528 112.2685  2.32501617125225
0 ARIANE 2 DEB
1 27035U 89006Q   16153.92875615 -.00000729  00000-0 -74506-2 0  9993
2 27035   8.6995  42.4143 7099053 198.4294 109.0052  2.32498774125252
0 ARIANE 2 DEB
1 27035U 89006Q   16155.21535194 -.00000704  00000-0 -72677-2 0  9992
2 27035   8.7027  41.9254 7099830 199.3918 105.8683  2.32499421125289
0 ARIANE 2 DEB
1 27035U 89006Q   16156.50195758  .00000779  00000-0  12497-1 0  9996
2 27035   8.7072  41.4261 7100253 200.3833 102.7397  2.32501780125317
0 ARIANE 2 DEB
1 27035U 89006Q   16157.35979569 +.00001158 +00000-0 +16884-1 0  9996
2 27035 008.7057 041.0884 7102446 201.0249 100.7355 02.32503118125333
0 ARIANE 2 DEB
1 27035U 89006Q   16157.35979569  .00001158  00000-0  16884-1 0  9996
2 27035   8.7057  41.0884 7102446 201.0249 100.7355  2.32503118125333
0 ARIANE 2 DEB
1 27035U 89006Q   16159.50459745  .00000608  00000-0  99902-2 0  9996
2 27035   8.7104  40.2808 7101631 202.6414  95.9581  2.32507902125385
0 ARIANE 2 DEB
1 27035U 89006Q   16161.64965981 -.00000107  00000-0  11194-2 0  9990
2 27035   8.7112  39.4733 7102436 204.2344  91.4142  2.32507401125439
0 ARIANE 2 DEB
1 27035U 89006Q   16162.07867344  .00001024  00000-0  15934-1 0  9995
2 27035   8.7120  39.3094 7102324 204.5602  90.5102  2.32511935125447
0 ARIANE 2 DEB
1 27035U 89006Q   16163.36565903 -.00000352  00000-0 -16487-2 0  9994
2 27035   8.7149  38.7922 7102389 205.5687  87.7485  2.32510586125472
0 ARIANE 2 DEB
1 27035U 89006Q   16164.22376547 +.00000561 +00000-0 +10320-1 0  9993
2 27035 008.7162 038.4647 7102431 206.2162 086.0118 02.32512350125490
0 ARIANE 2 DEB
1 27035U 89006Q   16164.65282508 -.00000771  00000-0 -69885-2 0  9999
2 27035   8.7161  38.3010 7102003 206.5440  85.1526  2.32511729125503
0 ARIANE 2 DEB
1 27035U 89006Q   16166.36916669  .00000171  00000-0  51565-2 0  9999
2 27035   8.7183  37.6417 7102228 207.8388  81.8033  2.32515500125545
0 ARIANE 2 DEB
1 27035U 89006Q   16166.79827564 -.00000591  00000-0 -47891-2 0  9996
2 27035   8.7184  37.4755 7102831 208.1608  80.9814  2.32512984125559
0 ARIANE 2 DEB
1 27035U 89006Q   16167.65651320  .00000422  00000-0  80542-2 0  9998
2 27035   8.7193  37.1430 7102769 208.8139  79.3661  2.32516131125574
0 ARIANE 2 DEB
1 27035U 89006Q   16168.08565224 -.00001054  00000-0 -11078-1 0  9994
2 27035   8.7199  36.9784 7102867 209.1379  78.5760  2.32515937125583
0 ARIANE 2 DEB
1 27035U 89006Q   16169.37313285 -.00000358  00000-0 -24940-2 0  9994
2 27035   8.7211  36.4833 7102935 210.1107  76.2654  2.32517250125616
0 ARIANE 2 DEB
1 27035U 89006Q   16170.23150434 +.00000607 +00000-0 +96857-2 0  9997
2 27035 008.7222 036.1544 7102867 210.7596 074.7739 02.32519933125635
0 ARIANE 2 DEB
1 27035U 89006Q   16170.23150434  .00000607  00000-0  96857-2 0  9997
2 27035   8.7222  36.1544 7102867 210.7596  74.7739  2.32519933125635
0 ARIANE 2 DEB
1 27035U 89006Q   16171.08990470 -.00000395 +00000-0 -33986-2 0  9993
2 27035 008.7229 035.8218 7103122 211.4083 073.3139 02.32521821125650
0 ARIANE 2 DEB
1 27035U 89006Q   16171.08990470 -.00000395  00000-0 -33986-2 0  9993
2 27035   8.7229  35.8218 7103122 211.4083  73.3139  2.32521821125650
0 ARIANE 2 DEB
1 27035U 89006Q   16174.95322227 -.00000011  00000-0  12466-2 0  9995
2 27035   8.7206  34.3402 7104957 214.3166  67.1642  2.32522672125740
0 ARIANE 2 DEB
1 27035U 89006Q   16176.24112747  .00000618  00000-0  92010-2 0  9998
2 27035   8.7223  33.8481 7105223 215.2872  65.2362  2.32523962125775
0 ARIANE 2 DEB
1 27035U 89006Q   16177.09975287 +.00000615 +00000-0 +93106-2 0  9992
2 27035 008.7234 033.5209 7105165 215.9349 063.9794 02.32527100125797
0 ARIANE 2 DEB
1 27035U 89006Q   16177.09975287  .00000615  00000-0  93106-2 0  9992
2 27035   8.7234  33.5209 7105165 215.9349  63.9794  2.32527100125797
0 ARIANE 2 DEB
1 27035U 89006Q   16179.24639783 -.00000264  00000-0 -12085-2 0  9998
2 27035   8.7265  32.6976 7105456 217.5533  60.9188  2.32527114125843
0 ARIANE 2 DEB
1 27035U 89006Q   16180.53446900 -.00000092  00000-0  95910-3 0  9996
2 27035   8.7288  32.2062 7105754 218.5236  59.1519  2.32528147125870
0 ARIANE 2 DEB
1 27035U 89006Q   16181.82259197 -.00001465  00000-0 -15787-1 0  9997
2 27035   8.7283  31.7051 7106463 219.5048  57.4247  2.32526721125906
0 ARIANE 2 DEB
1 27035U 89006Q   16183.11079111 -.00000117  00000-0  32110-3 0  9990
2 27035   8.7353  31.2072 7104819 220.5092  55.7765  2.32529986125931
0 ARIANE 2 DEB
1 27035U 89006Q   16186.54644754 -.00000206  00000-0 -11552-2 0  9997
2 27035   8.7403  29.9014 7106334 223.0867  51.7780  2.32532243126012
0 ARIANE 2 DEB
1 27035U 89006Q   16187.83491692 -.00000179  00000-0 -68881-3 0  9998
2 27035   8.7423  29.4097 7106540 224.0553  50.3748  2.32534799126042
0 ARIANE 2 DEB
1 27035U 89006Q   16189.98242721 -.00000776  00000-0 -73354-2 0  9996
2 27035   8.7448  28.5913 7107144 225.6661  48.1119  2.32538489126096
0 ARIANE 2 DEB
1 27035U 89006Q   16191.27096785 -.00000518  00000-0 -39236-2 0  9993
2 27035   8.7462  28.0952 7107936 226.6363  46.7845  2.32537569126121
0 ARIANE 2 DEB
1 27035U 89006Q   16192.55954933  .00000016  00000-0  25300-2 0  9991
2 27035   8.7493  27.6019 7107784 227.6116  45.5021  2.32540215126150
0 ARIANE 2 DEB
1 27035U 89006Q   16195.99597585 -.00000329  00000-0 -19653-2 0  9991
2 27035   8.7510  26.2777 7109090 230.2020  42.2815  2.32542671126234
0 ARIANE 2 DEB
1 27035U 89006Q   16200.72164276  .00000269  00000-0  39212-2 0  9990
2 27035   8.7500  24.4499 7109361 233.7897  38.4037  2.32546197126347
0 ARIANE 2 DEB
1 27035U 89006Q   16204.15882421  .00000274  00000-0  41170-2 0  9992
2 27035   8.7411  23.1361 7109346 236.3760  35.9015  2.32546134126421
0 ARIANE 2 DEB
1 27035U 89006Q   16205.01815275  .00000430  00000-0  61966-2 0  9990
2 27035   8.7396  22.8202 7108046 237.0208  35.3152  2.32548910126446
0 ARIANE 2 DEB
1 27035U 89006Q   16205.44780118 -.00000304  00000-0 -23393-2 0  9998
2 27035   8.7367  22.6495 7108601 237.3486  35.0018  2.32549108126453
0 ARIANE 2 DEB
1 27035U 89006Q   16210.60391535  .00000397  00000-0  59200-2 0  9999
2 27035   8.7661  20.6871 7109177 241.2483  31.5850  2.32552969126573
0 ARIANE 2 DEB
1 27035U 89006Q   16211.46336070 -.00000120  00000-0 -21479-3 0  9991
2 27035   8.7551  20.3813 7105127 241.9206  31.1117  2.32552959126598
0 ARIANE 2 DEB
1 27035U 89006Q   16219.19869674 -.00000076  00000-0  86116-3 0  9998
2 27035   8.7298  17.5773 7099375 247.7289  27.0867  2.32552703126774
0 ARIANE 2 DEB
1 27035U 89006Q   16220.05819307  .00000335  00000-0  65541-2 0  9998
2 27035   8.7359  17.2452 7099453 248.3789  26.6541  2.32558598126796
0 ARIANE 2 DEB
1 27035U 89006Q   16220.48782984 -.00000923  00000-0 -10714-1 0  9991
2 27035   8.7747  16.9487 7097734 248.8916  26.3416  2.32557015126801
0 ARIANE 2 DEB
1 27035U 89006Q   16222.20679148 -.00000520  00000-0 -52392-2 0  9992
2 27035   8.8227  16.1989 7096979 250.2787  25.4715  2.32559153126848
0 ARIANE 2 DEB
1 27035U 89006Q   16229.08343839  .00000078  00000-0  12695-2 0  9998
2 27035   8.8121  13.6733 7106142 255.1306  22.6912  2.32562055127007
0 ARIANE 2 DEB
1 27035U 89006Q   16234.24112371 -.00000031  00000-0  55631-3 0  9995
2 27035   8.8240  11.7490 7105826 258.9739  20.7925  2.32562278127120
0 ARIANE 2 DEB
1 27035U 89006Q   16242.40791123  .00000214  00000-0  30445-2 0  9997
2 27035   8.8249   8.7648 7104931 265.0049  18.1899  2.32564250127313
0 ARIANE 2 DEB
1 27035U 89006Q   16242.83773034  .00000156  00000-0  21518-2 0  9991
2 27035   8.8089   8.5446 7109921 265.3163  18.0282  2.32563674127328
0 ARIANE 2 DEB
1 27035U 89006Q   16250.57497282  .00000109  00000-0  13424-2 0  9994
2 27035   8.8599   5.6738 7105206 271.1776  15.8717  2.32565910127326
0 ARIANE 2 DEB
1 27035U 89006Q   16250.57500480  .00000595  00000-0  69084-2 0  9991
2 27035   8.8812   5.7577 7117893 270.8062  15.8956  2.32570278127503
0 ARIANE 2 DEB
1 27035U 89006Q   16251.43468807  .00000099  00000-0  21736-2 0  9994
2 27035   8.8137   5.3238 7109384 271.7718  15.6309  2.32563046127524
0 ARIANE 2 DEB
1 27035U 89006Q   16255.30348227  .00000058  00000-0  75470-3 0  9997
2 27035   8.8105   3.9039 7108394 274.6178  14.7354  2.32566763127613
0 ARIANE 2 DEB
1 27035U 89006Q   16256.59310994  .00000029  00000-0  22281-3 0  9999
2 27035   8.7970   3.4195 7106118 275.6110  14.4614  2.32566445127645
0 ARIANE 2 DEB
1 27035U 89006Q   16264.33085331 -.00000059  00000-0  14386-5 0  9997
2 27035   8.7956   0.5780 7105796 281.3191  12.7658  2.32566315127826
0 ARIANE 2 DEB
1 27035U 89006Q   16265.62049821 -.00000045  00000-0  14136-3 0  9990
2 27035   8.7993   0.1066 7107148 282.2501  12.4934  2.32566142127853
0 ARIANE 2 DEB
1 27035U 89006Q   16265.62049822 -.00000050  00000-0  92712-4 0  9994
2 27035   8.7946   0.0129 7100901 282.4652  12.5038  2.32566606127850
0 ARIANE 2 DEB
1 27035U 89006Q   16275.93797921 -.00000051  00000-0  41712-3 0  9993
2 27035   8.7904 356.3178 7106267 289.8701  10.6335  2.32566813128098
0 ARIANE 2 DEB
1 27035U 89006Q   16285.39570888  .00000106  00000-0  11052-2 0  9998
2 27035   8.7697 352.7349 7107334 296.9547   9.1069  2.32569663128318
0 ARIANE 2 DEB
1 27035U 89006Q   16288.40503706  .00000086  00000-0  11447-2 0  9993
2 27035   8.7661 351.6221 7107698 299.1830   8.6618  2.32570366128382
0 ARIANE 2 DEB
1 27035U 89006Q   16289.26483482 +.00000076 +00000-0 +12135-2 0  9990
2 27035 008.7651 351.3063 7107725 299.8184 008.5268 02.32570566128407
0 ARIANE 2 DEB
1 27035U 89006Q   16292.70400684 +.00000085 +00000-0 +18639-2 0  9991
2 27035 008.7604 350.0356 7107841 302.3656 007.9849 02.32571966128480
0 ARIANE 2 DEB
1 27035U 89006Q   16292.70400684  .00000085  00000-0  18639-2 0  9991
2 27035   8.7604 350.0356 7107841 302.3656   7.9849  2.32571966128480
0 ARIANE 2 DEB
1 27035U 89006Q   16293.56381119 +.00000064 +00000-0 +16024-2 0  9990
2 27035 008.7593 349.7213 7108074 302.9974 007.8592 02.32571863128505
0 ARIANE 2 DEB
1 27035U 89006Q   16295.71335141  .00000170  00000-0  25527-2 0  9999
2 27035   8.7555 348.9311 7108317 304.5871   7.5744  2.32572876128553
0 ARIANE 2 DEB
1 27035U 89006Q   16296.14326264 +.00000216 +00000-0 +30121-2 0  9990
2 27035 008.7546 348.7752 7108345 304.9016 007.5226 02.32573166128565
0 ARIANE 2 DEB
1 27035U 89006Q   16297.43299808  .00000267  00000-0  34302-2 0  9997
2 27035   8.7525 348.3008 7108448 305.8575   7.3659  2.32573926128591
0 ARIANE 2 DEB
1 27035U 89006Q   16297.86290978 +.00000288 +00000-0 +36348-2 0  9998
2 27035 008.7516 348.1425 7108535 306.1763 007.3141 02.32574221128609
0 ARIANE 2 DEB
1 27035U 89006Q   16298.72272953 +.00000341 +00000-0 +42182-2 0  9990
2 27035 008.7498 347.8274 7108686 306.8114 007.2102 02.32574928128622
0 ARIANE 2 DEB
1 27035U 89006Q   16298.72272953  .00000341  00000-0  42182-2 0  9990
2 27035   8.7498 347.8274 7108686 306.8114   7.2102  2.32574928128622
0 ARIANE 2 DEB
1 27035U 89006Q   16299.58254305 +.00000340 +00000-0 +42318-2 0  9996
2 27035 008.7481 347.5098 7108762 307.4498 007.1032 02.32575564128642
0 ARIANE 2 DEB
1 27035U 89006Q   16300.44234952  .00000335  00000-0  42706-2 0  9995
2 27035   8.7463 347.1931 7108874 308.0869   6.9938  2.32576337128660
0 ARIANE 2 DEB
1 27035U 89006Q   16301.73204720  .00000290  00000-0  39544-2 0  9994
2 27035   8.7434 346.7220 7109074 309.0360   6.8254  2.32577405128694
0 ARIANE 2 DEB
1 27035U 89006Q   16302.59183625 +.00000273 +00000-0 +39277-2 0  9993
2 27035 008.7421 346.4003 7108923 309.6796 006.7095 02.32578252128713
0 ARIANE 2 DEB
1 27035U 89006Q   16303.45162304  .00000242  00000-0  36993-2 0  9998
2 27035   8.7405 346.0814 7108990 310.3181   6.5926  2.32578934128732
0 ARIANE 2 DEB
1 27035U 89006Q   16304.31140607 +.00000239 +00000-0 +37633-2 0  9994
2 27035 008.7386 345.7628 7109094 310.9555 006.4764 02.32579815128756
0 ARIANE 2 DEB
1 27035U 89006Q   16304.31140607  .00000239  00000-0  37633-2 0  9994
2 27035   8.7386 345.7628 7109094 310.9555   6.4764  2.32579815128756
0 ARIANE 2 DEB
1 27035U 89006Q   16305.17118674 +.00000258 +00000-0 +40199-2 0  9990
2 27035 008.7370 345.4433 7109136 311.5942 006.3606 02.32580691128774
0 ARIANE 2 DEB
1 27035U 89006Q   16306.89074711  .00000301  00000-0  44232-2 0  9994
2 27035   8.7339 344.8016 7109279 312.8761   6.1351  2.32582486128814
0 ARIANE 2 DEB
1 27035U 89006Q   16307.32063977 +.00000284 +00000-0 +41666-2 0  9993
2 27035 008.7330 344.6413 7109353 313.1963 006.0809 02.32582682128821
0 ARIANE 2 DEB
1 27035U 89006Q   16308.61031659  .00000319  00000-0  43393-2 0  9996
2 27035   8.7303 344.1612 7109558 314.1552   5.9258  2.32583944128850
0 ARIANE 2 DEB
1 27035U 89006Q   16309.90000473 +.00000340 +00000-0 +43199-2 0  9997
2 27035 008.7273 343.6820 7109756 315.1165 005.7786 02.32584958128885
0 ARIANE 2 DEB
1 27035U 89006Q   16309.90000473  .00000340  00000-0  43199-2 0  9997
2 27035   8.7273 343.6820 7109756 315.1165   5.7786  2.32584958128885
0 ARIANE 2 DEB
1 27035U 89006Q   16310.32990108 +.00000357 +00000-0 +44261-2 0  9997
2 27035 008.7264 343.5262 7109880 315.4328 005.7323 02.32585464128897
0 ARIANE 2 DEB
1 27035U 89006Q   16311.61958849  .00000311  00000-0  37013-2 0  9993
2 27035   8.7241 343.0388 7109759 316.3992   5.5955  2.32586017128926
0 ARIANE 2 DEB
1 27035U 89006Q   16312.47936443  .00000424  00000-0  48589-2 0  9999
2 27035   8.7223 342.7152 7110033 317.0442   5.5054  2.32588146128943
0 ARIANE 2 DEB
1 27035U 89006Q   16313.76904834  .00000453  00000-0  51061-2 0  9992
2 27035   8.7196 342.2334 7110287 318.0089   5.3691  2.32589320128971
0 ARIANE 2 DEB
1 27035U 89006Q   16314.19893520 +.00000468 +00000-0 +52710-2 0  9997
2 27035 008.7185 342.0735 7110354 318.3279 005.3233 02.32589897128983
0 ARIANE 2 DEB
1 27035U 89006Q   16315.48859805  .00000532  00000-0  60457-2 0  9997
2 27035   8.7118 341.6219 7110878 319.2621   5.1806  2.32591336129013
0 ARIANE 2 DEB
1 27035U 89006Q   16316.34835356 +.00000619 +00000-0 +71228-2 0  9992
2 27035 008.7096 341.3013 7111092 319.9037 005.0780 02.32592864129033
0 ARIANE 2 DEB
1 27035U 89006Q   16317.20810962  .00000524  00000-0  61924-2 0  9991
2 27035   8.7070 340.9829 7111581 320.5437   4.9704  2.32593043129056
0 ARIANE 2 DEB
1 27035U 89006Q   16319.35745684  .00000543  00000-0  67384-2 0  9994
2 27035   8.7011 340.1820 7112335 322.1480   4.6962  2.32596602129101
0 ARIANE 2 DEB
1 27035U 89006Q   16320.21717010  .00001008  00000-0  11898-1 0  9998
2 27035   8.6986 339.8639 7112305 322.7876   4.5915  2.32600887129126
0 ARIANE 2 DEB
1 27035U 89006Q   16321.50678430  .00000590  00000-0  74308-2 0  9994
2 27035   8.6931 339.3945 7112079 323.7418   4.4437  2.32599702129156
0 ARIANE 2 DEB
1 27035U 89006Q   16323.22626551  .00000649  00000-0  77992-2 0  9999
2 27035   8.6872 338.7583 7112971 325.0241   4.2620  2.32601812129193
0 ARIANE 2 DEB
1 27035U 89006Q   16324.51587719 +.00001071 +00000-0 +12088-1 0  9998
2 27035 008.6802 338.2915 7113236 325.9761 004.1400 02.32604675129220
0 ARIANE 2 DEB
1 27035U 89006Q   16325.37561151  .00001091  00000-0  12147-1 0  9993
2 27035   8.6770 337.9705 7113472 326.6197   4.0594  2.32606416129240
0 ARIANE 2 DEB
1 27035U 89006Q   16325.80547472 +.00001213 +00000-0 +13377-1 0  9993
2 27035 008.6755 337.8094 7113583 326.9421 004.0192 02.32607693129252
0 ARIANE 2 DEB
1 27035U 89006Q   16326.23534343 +.00001095 +00000-0 +12080-1 0  9992
2 27035 008.6742 337.6496 7113684 327.2650 003.9781 02.32607946129266
0 ARIANE 2 DEB
1 27035U 89006Q   16326.23534343  .00001095  00000-0  12080-1 0  9992
2 27035   8.6742 337.6496 7113684 327.2650   3.9781  2.32607946129266
0 ARIANE 2 DEB
1 27035U 89006Q   16327.09505529 +.00001288 +00000-0 +13959-1 0  9991
2 27035 008.6752 337.3097 7114307 327.9233 003.8929 02.32611375129284
0 ARIANE 2 DEB
1 27035U 89006Q   16328.38461906  .00000764  00000-0  85394-2 0  9995
2 27035   8.6705 336.8313 7114359 328.8862   3.7643  2.32612256129317
0 ARIANE 2 DEB
1 27035U 89006Q   16329.24431337 +.00000834 +00000-0 +93176-2 0  9991
2 27035 008.6665 336.5157 7114670 329.5254 003.6740 02.32614052129339
0 ARIANE 2 DEB
1 27035U 89006Q   16330.10399170 +.00000938 +00000-0 +10450-1 0  9994
2 27035 008.6643 336.1884 7115040 330.1769 003.5801 02.32616941129357
0 ARIANE 2 DEB
1 27035U 89006Q   16330.10399170  .00000938  00000-0  10450-1 0  9994
2 27035   8.6643 336.1884 7115040 330.1769   3.5801  2.32616941129357
0 ARIANE 2 DEB
1 27035U 89006Q   16331.39350392  .00000700  00000-0  82106-2 0  9994
2 27035   8.6532 335.7264 7114784 331.1238   3.4408  2.32618075129382
0 ARIANE 2 DEB
1 27035U 89006Q   16332.25316181 +.00000606 +00000-0 +73361-2 0  9996
2 27035 008.6480 335.4156 7114633 331.7570 003.3466 02.32620026129404
0 ARIANE 2 DEB
1 27035U 89006Q   16332.25316181  .00000606  00000-0  73361-2 0  9996
2 27035   8.6480 335.4156 7114633 331.7570   3.3466  2.32620026129404
0 ARIANE 2 DEB
1 27035U 89006Q   16332.68299312 +.00000602 +00000-0 +72821-2 0  9995
2 27035 008.6466 335.2502 7114951 332.0847 003.2982 02.32620195129415
0 ARIANE 2 DEB
1 27035U 89006Q   16334.40231210  .00000531  00000-0  64621-2 0  9990
2 27035   8.6406 334.6014 7115837 333.3812   3.1082  2.32621920129451
0 ARIANE 2 DEB
1 27035U 89006Q   16334.83212973  .00001475  00000-0  16019-1 0  9997
2 27035   8.6389 334.4398 7115897 333.7040   3.0635  2.32626729129463
0 ARIANE 2 DEB
1 27035U 89006Q   16335.69177826 +.00000974 +00000-0 +10834-1 0  9991
2 27035 008.6362 334.1120 7115990 334.3547 002.9747 02.32627094129487
0 ARIANE 2 DEB
1 27035U 89006Q   16335.69177826  .00000974  00000-0  10834-1 0  9991
2 27035   8.6362 334.1120 7115990 334.3547   2.9747  2.32627094129487
0 ARIANE 2 DEB
1 27035U 89006Q   16336.55142971 +.00000723 +00000-0 +81232-2 0  9993
2 27035 008.6326 333.7876 7116358 335.0039 002.8895 02.32628669129508
0 ARIANE 2 DEB
1 27035U 89006Q   16337.41106994 +.00001182 +00000-0 +12561-1 0  9992
2 27035 008.6298 333.4617 7116647 335.6522 002.8083 02.32631225129523
0 ARIANE 2 DEB
1 27035U 89006Q   16338.27071496  .00000616  00000-0  67296-2 0  9992
2 27035   8.6265 333.1350 7116846 336.3016   2.7302  2.32631172129541
0 ARIANE 2 DEB
1 27035U 89006Q   16339.13034948  .00000977  00000-0  10146-1 0  9990
2 27035   8.6237 332.8069 7117208 336.9528   2.6550  2.32634184129562
0 ARIANE 2 DEB
1 27035U 89006Q   16339.13035438 +.00000784 +00000-0 +82332-2 0  9998
2 27035 008.6237 332.8071 7117222 336.9529 002.6549 02.32633218129567
0 ARIANE 2 DEB
1 27035U 89006Q   16340.41981365  .00000514  00000-0  53515-2 0  9992
2 27035   8.6193 332.3164 7117821 337.9297   2.5439  2.32634442129594
0 ARIANE 2 DEB
1 27035U 89006Q   16341.70923981  .00001254  00000-0  12481-1 0  9993
2 27035   8.6140 331.8302 7118092 338.9010   2.4325  2.32640556129629
0 ARIANE 2 DEB
1 27035U 89006Q   16343.42844622  .00000753  00000-0  76005-2 0  9994
2 27035   8.6078 331.1750 7118690 340.2068   2.2704  2.32642347129665
0 ARIANE 2 DEB
1 27035U 89006Q   16343.42851600 -.00000068  00000-0  00000+0 0  9997
2 27035   8.6491 331.0838 7118555 340.3110   2.2633  2.32634849129668
0 ARIANE 2 DEB
1 27035U 89006Q   16344.71785045 +.00000955 +00000-0 +95639-2 0  9998
2 27035 008.6016 330.6853 7119652 341.1895 002.1358 02.32642446129699
0 ARIANE 2 DEB
1 27035U 89006Q   16344.71785045  .00000955  00000-0  95639-2 0  9998
2 27035   8.6016 330.6853 7119652 341.1895   2.1358  2.32642446129699
0 ARIANE 2 DEB
1 27035U 89006Q   16346.00718961  .00001514  00000-0  15104-1 0  9995
2 27035   8.5977 330.1884 7119630 342.1747   1.9942  2.32651329129726
0 ARIANE 2 DEB
1 27035U 89006Q   16348.15606481  .00000520  00000-0  58657-2 0  9993
2 27035   8.5847 329.3820 7120986 343.7949   1.7604  2.32653667129774
0 ARIANE 2 DEB
1 27035U 89006Q   16349.44541060 -.00001287  00000-0 -10636-1 0  9994
2 27035   8.5834 328.8760 7121876 344.7899   1.6277  2.32645144129801
0 ARIANE 2 DEB
1 27035U 89006Q   16350.30498701 -.00000014  00000-0  96272-3 0  9992
2 27035   8.5691 328.5771 7121298 345.4133   1.5519  2.32649854129820
0 ARIANE 2 DEB
1 27035U 89006Q   16351.59432375  .00000396  00000-0  45226-2 0  9993
2 27035   8.5613 328.0856 7122442 346.3986   1.4394  2.32657575129853
0 ARIANE 2 DEB
1 27035U 89006Q   16354.60275641  .00000314  00000-0  34985-2 0  9999
2 27035   8.5437 326.9328 7122621 348.6931   1.1942  2.32661206129922
0 ARIANE 2 DEB
1 27035U 89006Q   16354.60275792 -.00000241 +00000-0 -14804-2 0  9995
2 27035 008.5441 326.9325 7122638 348.6923 001.1941 02.32659841129924
0 ARIANE 2 DEB
1 27035U 89006Q   16354.60275792 -.00000241  00000-0 -14804-2 0  9995
2 27035   8.5441 326.9325 7122638 348.6923   1.1941  2.32659841129924
0 ARIANE 2 DEB
1 27035U 89006Q   16355.89205592 +.00000401 +00000-0 +42524-2 0  9994
2 27035 008.5375 326.4343 7122986 349.6819 001.0823 02.32663127129959
0 ARIANE 2 DEB
1 27035U 89006Q   16355.89205592  .00000401  00000-0  42524-2 0  9994
2 27035   8.5375 326.4343 7122986 349.6819   1.0823  2.32663127129959
0 ARIANE 2 DEB
1 27035U 89006Q   16359.33008514  .00000870  00000-0  85887-2 0  9991
2 27035   8.5189 325.1080 7123990 352.3169   0.7531  2.32670128130033
0 ARIANE 2 DEB
1 27035U 89006Q   16361.04907201 -.00000626  00000-0 -43120-2 0  9998
2 27035   8.5125 324.4409 7124595 353.6385   0.5793  2.32668009130073
0 ARIANE 2 DEB
1 27035U 89006Q   16361.47882473 -.00001181 +00000-0 -90615-2 0  9996
2 27035 008.5104 324.2727 7124867 353.9717 000.5361 02.32665953130082
0 ARIANE 2 DEB
1 27035U 89006Q   16362.33832536  .00001203  00000-0  11360-1 0  9999
2 27035   8.5059 323.9387 7125384 354.6338   0.4511  2.32668954130104
0 ARIANE 2 DEB
1 27035U 89006Q   16363.19783566 -.00000139 +00000-0 -11518-3 0  9998
2 27035 008.5010 323.6045 7126028 355.2976 000.3684 02.32666893130122
0 ARIANE 2 DEB
1 27035U 89006Q   16363.19783566 -.00000139  00000-0 -11518-3 0  9998
2 27035   8.5010 323.6045 7126028 355.2976   0.3684  2.32666893130122
0 ARIANE 2 DEB
1 27035U 89006Q   16364.48708440 -.00000140  00000-0 -21448-3 0  9994
2 27035   8.4935 323.1017 7126338 356.2901   0.2508  2.32669012130157
0 ARIANE 2 DEB
1 27035U 89006Q   16365.34657093 -.00000266 +00000-0 -13744-2 0  9995
2 27035 008.4838 322.7755 7125768 356.9399 000.1782 02.32668840130170
0 ARIANE 2 DEB
1 27035U 89006Q   16365.34657093 -.00000266  00000-0 -13744-2 0  9995
2 27035   8.4838 322.7755 7125768 356.9399   0.1782  2.32668840130170
0 ARIANE 2 DEB
1 27035U 89006Q   16366.20608312 +.00000232 +00000-0 +27247-2 0  9995
2 27035 008.4795 322.4371 7126172 357.6064 000.1065 02.32669435130197
0 ARIANE 2 DEB
1 27035U 89006Q   16366.20608312  .00000232  00000-0  27247-2 0  9995
2 27035   8.4795 322.4371 7126172 357.6064   0.1065  2.32669435130197
0 ARIANE 2 DEB
1 27035U 89006Q   17001.06557807 -.00000024 +00000-0 +48135-3 0  9998
2 27035 008.4755 322.1001 7126410 358.2713 000.0374 02.32670495130216
0 ARIANE 2 DEB
1 27035U 89006Q   17001.49533348 -.00000752 +00000-0 -56389-2 0  9997
2 27035 008.4736 321.9311 7126552 358.6039 000.0034 02.32669756130220
0 ARIANE 2 DEB
1 27035U 89006Q   17001.49533348 -.00000752  00000-0 -56389-2 0  9997
2 27035   8.4736 321.9311 7126552 358.6039   0.0034  2.32669756130220
0 ARIANE 2 DEB
1 27035U 89006Q   17002.35484812 -.00000588 +00000-0 -43123-2 0  9993
2 27035 008.4697 321.5928 7127042 359.2705 359.9355 02.32669539130241
0 ARIANE 2 DEB
1 27035U 89006Q   17003.21436639 -.00000420  00000-0 -29419-2 0  9990
2 27035   8.4655 321.2548 7127458 359.9374 359.8666  2.32669128130260
0 ARIANE 2 DEB
1 27035U 89006Q   17004.07386021 -.00000693  00000-0 -51845-2 0  9994
2 27035   8.4618 320.9175 7127625   0.6027 359.7952  2.32671136130283
0 ARIANE 2 DEB
1 27035U 89006Q   17006.22259559  .00000002  00000-0  64596-3 0  9998
2 27035   8.4508 320.0729 7128501   2.2721 359.5975  2.32670957130339
0 ARIANE 2 DEB
1 27035U 89006Q   17006.65227609 -.00000014  00000-0  00000+0 0  9996
2 27035   8.4753 319.9034 7128936   2.5970 359.5616  2.32674356130348
0 ARIANE 2 DEB
1 27035U 89006Q   17006.65234046 -.00000878  00000-0 -63405-2 0  9999
2 27035   8.4478 319.9022 7128787   2.6099 359.5541  2.32670548130342
0 ARIANE 2 DEB
1 27035U 89006Q   17007.94152760 -.00000165 +00000-0 -42666-3 0  9990
2 27035 008.4420 319.3942 7128614 003.6091 359.4206 02.32675445130377
0 ARIANE 2 DEB
1 27035U 89006Q   17007.94152760 -.00000165  00000-0 -42666-3 0  9990
2 27035   8.4420 319.3942 7128614   3.6091 359.4206  2.32675445130377
0 ARIANE 2 DEB
1 27035U 89006Q   17008.37126491 -.00001737  00000-0 -12961-1 0  9999
2 27035   8.4416 319.2225 7128644   3.9467 359.3747  2.32672068130386
0 ARIANE 2 DEB
1 27035U 89006Q   17009.23074714  .00000342  00000-0  38180-2 0  9996
2 27035   8.4353 318.8827 7129097   4.6174 359.2840  2.32672195130402
0 ARIANE 2 DEB
1 27035U 89006Q   17010.94970539 -.00000769 +00000-0 -47557-2 0  9999
2 27035 008.4260 318.2002 7129944 005.9609 359.1104 02.32673121130442
0 ARIANE 2 DEB
1 27035U 89006Q   17010.94970539 -.00000769  00000-0 -47557-2 0  9999
2 27035   8.4260 318.2002 7129944   5.9609 359.1104  2.32673121130442
0 ARIANE 2 DEB
1 27035U 89006Q   17012.23892827 -.00000879  00000-0 -55280-2 0  9990
2 27035   8.4164 317.6879 7130649   6.9675 358.9921  2.32673039130473
0 ARIANE 2 DEB
1 27035U 89006Q   17013.52815330 -.00000685  00000-0 -40589-2 0  9998
2 27035   8.4058 317.1778 7131397   7.9714 358.8838  2.32672471130503
0 ARIANE 2 DEB
1 27035U 89006Q   17014.38764107 -.00001195  00000-0 -79633-2 0  9997
2 27035   8.4007 316.8338 7131790   8.6459 358.8144  2.32673923130521
0 ARIANE 2 DEB
1 27035U 89006Q   17016.53636696 -.00000723  00000-0 -45110-2 0  9996
2 27035   8.3883 315.9718 7132464  10.3385 358.6405  2.32675119130573
0 ARIANE 2 DEB
1 27035U 89006Q   17016.96606584 -.00000549  00000-0 -32652-2 0  9999
2 27035   8.3874 315.8037 7131863  10.6637 358.6056  2.32678865130585
0 ARIANE 2 DEB
1 27035U 89006Q   17019.97418407 -.00001086  00000-0 -71435-2 0  9997
2 27035   8.3753 314.6007 7132386  13.0260 358.3321  2.32679279130655
0 ARIANE 2 DEB
1 27035U 89006Q   17020.83364656 -.00000314 +00000-0 -12975-2 0  9997
2 27035 008.3733 314.2550 7132685 013.7025 358.2474 02.32678310130675
0 ARIANE 2 DEB
1 27035U 89006Q   17020.83364656 -.00000314  00000-0 -12975-2 0  9997
2 27035   8.3733 314.2550 7132685  13.7025 358.2474  2.32678310130675
0 ARIANE 2 DEB
1 27035U 89006Q   17022.55252019 -.00000269 +00000-0 -80812-3 0  9992
2 27035 008.3509 313.5556 7133275 015.0634 358.0730 02.32683754130717
0 ARIANE 2 DEB
1 27035U 89006Q   17022.55252019 -.00000269  00000-0 -80812-3 0  9992
2 27035   8.3509 313.5556 7133275  15.0634 358.0730  2.32683754130717
0 ARIANE 2 DEB
1 27035U 89006Q   17023.41196136 -.00000664 +00000-0 -36424-2 0  9993
2 27035 008.3472 313.2095 7133574 015.7406 357.9857 02.32683022130735
0 ARIANE 2 DEB
1 27035U 89006Q   17024.27140151 -.00000152  00000-0  11470-3 0  9990
2 27035   8.3429 312.8642 7133944  16.4166 357.8998  2.32684403130753
0 ARIANE 2 DEB
1 27035U 89006Q   17025.56056912 -.00000046 +00000-0 +84642-3 0  9997
2 27035 008.3375 312.3418 7134428 017.4385 357.7736 02.32684066130788
0 ARIANE 2 DEB
1 27035U 89006Q   17025.56056912 -.00000046 +00000-0 +84642-3 0  9997
2 27035 008.3375 312.3418 7134428 017.4385 357.7736 02.32684066130788
0 ARIANE 2 DEB
1 27035U 89006Q   17026.84972543  .00000040  00000-0  28090-3 0  9994
2 27035   8.3363 311.8403 7135571  18.4258 357.6643  2.32685401130817
0 ARIANE 2 DEB
1 27035U 89006Q   17027.27943040  .00000297  00000-0  31870-2 0  9995
2 27035   8.3280 311.6469 7134707  18.7944 357.6152  2.32687621130822
0 ARIANE 2 DEB
1 27035U 89006Q   17027.70915547 -.00001619 +00000-0 -10497-1 0  9996
2 27035 008.3264 311.4718 7134843 019.1349 357.5770 02.32684380130839
0 ARIANE 2 DEB
1 27035U 89006Q   17028.56859038 -.00000675 +00000-0 -38372-2 0  9997
2 27035 008.3220 311.1178 7135052 019.8185 357.5025 02.32687101130855
0 ARIANE 2 DEB
1 27035U 89006Q   17028.56859038 -.00000675  00000-0 -38372-2 0  9997
2 27035   8.3220 311.1178 7135052  19.8185 357.5025  2.32687101130855
0 ARIANE 2 DEB
1 27035U 89006Q   17029.85773902 -.00000860  00000-0 -52300-2 0  9998
2 27035   8.3177 310.5995 7135293  20.8344 357.3945  2.32690168130881
0 ARIANE 2 DEB
1 27035U 89006Q   17030.28745369 -.00000898 +00000-0 -55293-2 0  9998
2 27035 008.3158 310.4234 7135308 021.1760 357.3579 02.32689142130892
0 ARIANE 2 DEB
1 27035U 89006Q   17030.71717902 -.00001540  00000-0 -10065-1 0  9990
2 27035   8.3149 310.2518 7135431  21.5146 357.3216  2.32686318130906
0 ARIANE 2 DEB
1 27035U 89006Q   17031.57660549 +.00000222 +00000-0 +22874-2 0  9995
2 27035 008.3109 309.9001 7135552 022.1976 357.2466 02.32690272130928
0 ARIANE 2 DEB
1 27035U 89006Q   17033.29541904  .00000486  00000-0  41400-2 0  9997
2 27035   8.3003 309.1961 7135948  23.5665 357.0852  2.32694716130965
0 ARIANE 2 DEB
1 27035U 89006Q   17033.72512207 -.00001187 +00000-0 -74384-2 0  9997
2 27035 008.2999 309.0223 7136147 023.9083 357.0420 02.32692811130974
0 ARIANE 2 DEB
1 27035U 89006Q   17033.72512207 -.00001187  00000-0 -74384-2 0  9997
2 27035   8.2999 309.0223 7136147  23.9083 357.0420  2.32692811130974
0 ARIANE 2 DEB
1 27035U 89006Q   17035.87359013 +.00000239 +00000-0 +27267-2 0  9992
2 27035 008.2891 308.1458 7136188 025.6171 356.8092 02.32698225131021
0 ARIANE 2 DEB
1 27035U 89006Q   17036.73297432 -.00000073 +00000-0 +70327-3 0  9997
2 27035 008.2863 307.7989 7136258 026.2941 356.7128 02.32696274131047
0 ARIANE 2 DEB
1 27035U 89006Q   17036.73297432 -.00000073  00000-0  70327-3 0  9997
2 27035   8.2863 307.7989 7136258  26.2941 356.7128  2.32696274131047
0 ARIANE 2 DEB
1 27035U 89006Q   17037.59235636 -.00000082 +00000-0 +76907-3 0  9990
2 27035 008.2865 307.4525 7136416 026.9775 356.6164 02.32697183131061
0 ARIANE 2 DEB
1 27035U 89006Q   17037.59235636 -.00000082  00000-0  76907-3 0  9990
2 27035   8.2865 307.4525 7136416  26.9775 356.6164  2.32697183131061
0 ARIANE 2 DEB
1 27035U 89006Q   17040.60019884 -.00000221  00000-0 -45614-4 0  9999
2 27035   8.2674 306.2077 7137331  29.3883 356.3027  2.32698179131131
0 ARIANE 2 DEB
1 27035U 89006Q   17043.17831537  .00003204  00000-0  22645-1 0  9999
2 27035   8.2581 305.1512 7137763  31.4516 356.0630  2.32715691131198
0 ARIANE 2 DEB
1 27035U 89006Q   17044.03767630  .00000107  00000-0  18378-2 0  9995
2 27035   8.2551 304.7947 7138123  32.1422 355.9833  2.32712521131212
0 ARIANE 2 DEB
1 27035U 89006Q   17045.32672342  .00000505  00000-0  44467-2 0  9993
2 27035   8.2398 304.2510 7137696  33.1757 355.8581  2.32706839131245
0 ARIANE 2 DEB
1 27035U 89006Q   17045.32672446 -.00000702  00000-0 -36576-2 0  9991
2 27035   8.2540 304.2811 7137535  33.1427 355.8620  2.32704649131245
0 ARIANE 2 DEB
1 27035U 89006Q   17046.61575602  .00000360  00000-0  34692-2 0  9995
2 27035   8.2355 303.7248 7137754  34.1988 355.7282  2.32707597131274
0 ARIANE 2 DEB
1 27035U 89006Q   17048.33446060 -.00000523  00000-0 -23611-2 0  9993
2 27035   8.2296 303.0169 7137670  35.5780 355.5406  2.32705233131311
0 ARIANE 2 DEB
1 27035U 89006Q   17051.77171922  .00000565  00000-0  51531-2 0  9993
2 27035   8.2177 301.6060 7137854  38.3268 355.1434  2.32718615131392
0 ARIANE 2 DEB
1 27035U 89006Q   17052.20137990  .00000349  00000-0  36891-2 0  9991
2 27035   8.2158 301.4236 7138386  38.6765 355.0938  2.32716262131406
0 ARIANE 2 DEB
1 27035U 89006Q   17053.06069562 -.00000332  00000-0 -80753-3 0  9996
2 27035   8.2140 301.0719 7138446  39.3568 354.9954  2.32713510131426
0 ARIANE 2 DEB
1 27035U 89006Q   17054.34970995 -.00001675  00000-0 -97659-2 0  9992
2 27035   8.2100 300.5476 7138269  40.3856 354.8488  2.32704930131451
0 ARIANE 2 DEB
1 27035U 89006Q   17055.20902920 -.00000095  00000-0  66038-3 0  9993
2 27035   8.2082 300.1929 7138612  41.0700 354.7561  2.32709509131477
0 ARIANE 2 DEB
1 27035U 89006Q   17058.21647791  .00000716  00000-0  56662-2 0  9999
2 27035   8.1994 298.9572 7139157  43.4730 354.4379  2.32724933131540
0 ARIANE 2 DEB
1 27035U 89006Q   17058.21647960  .00000191  00000-0  22531-2 0  9992
2 27035   8.1995 298.9569 7139190  43.4734 354.4389  2.32723018131542
0 ARIANE 2 DEB
1 27035U 89006Q   17064.23126952  .00000377  00000-0  38118-2 0  9998
2 27035   8.1821 296.4849 7138532  48.2933 353.7064  2.32731309131686
0 ARIANE 2 DEB
1 27035U 89006Q   17064.66086793 +.00000478 +00000-0 +45466-2 0  9999
2 27035 008.1794 296.3026 7138516 048.6371 353.6478 02.32733566131699
0 ARIANE 2 DEB
1 27035U 89006Q   17064.66086793  .00000478  00000-0  45466-2 0  9999
2 27035   8.1794 296.3026 7138516  48.6371 353.6478  2.32733566131699
0 ARIANE 2 DEB
1 27035U 89006Q   17069.81604155  .00000204  00000-0  29077-2 0  9996
2 27035   8.1617 294.1593 7138626  52.7744 352.9745  2.32743496131816
0 ARIANE 2 DEB
1 27035U 89006Q   17070.24565257 -.00000233  00000-0 -69187-6 0  9998
2 27035   8.1658 294.0090 7138401  53.0877 352.9251  2.32740781131821
0 ARIANE 2 DEB
1 27035U 89006Q   17072.39363394  .00000437  00000-0  41672-2 0  9993
2 27035   8.1575 293.1034 7138173  54.8319 352.6551  2.32745663131872
0 ARIANE 2 DEB
1 27035U 89006Q   17075.83030067 +.00000322 +00000-0 +33610-2 0  9999
2 27035 008.1481 291.6827 7138088 057.5890 352.1913 02.32751023131953
0 ARIANE 2 DEB
1 27035U 89006Q   17077.11902735 -.00000033 +00000-0 +11082-2 0  9991
2 27035 008.1441 291.1511 7137963 058.6196 352.0016 02.32750126131985
0 ARIANE 2 DEB
1 27035U 89006Q   17082.27383091 +.00000351 +00000-0 +38293-2 0  9997
2 27035 008.1339 289.0401 7137511 062.7239 351.2109 02.32754816132107
0 ARIANE 2 DEB
1 27035U 89006Q   17082.27383091 +.00000351 +00000-0 +38293-2 0  9997
2 27035 008.1339 289.0401 7137511 062.7239 351.2109 02.32754816132107
0 ARIANE 2 DEB
1 27035U 89006Q   17083.99207935 +.00000176 +00000-0 +25366-2 0  9991
2 27035 008.1309 288.3406 7137269 064.0907 350.9485 02.32755973132140
0 ARIANE 2 DEB
1 27035U 89006Q   17086.13987734 +.00000462 +00000-0 +42555-2 0  9999
2 27035 008.1272 287.4675 7136865 065.7993 350.6231 02.32758829132195
0 ARIANE 2 DEB
1 27035U 89006Q   17090.00579989 +.00000409 +00000-0 +38842-2 0  9994
2 27035 008.1191 285.8829 7136328 068.8855 349.9920 02.32762737132282
0 ARIANE 2 DEB
1 27035U 89006Q   17091.72391404 +.00000338 +00000-0 +36496-2 0  9992
2 27035 008.1159 285.1743 7136297 070.2568 349.6798 02.32765108132327
0 ARIANE 2 DEB
1 27035U 89006Q   17092.58296285 +.00000295 +00000-0 +35165-2 0  9992
2 27035 008.1144 284.8237 7136198 070.9396 349.5178 02.32765982132344
0 ARIANE 2 DEB
1 27035U 89006Q   17098.16669404 +.00000155 +00000-0 +26532-2 0  9992
2 27035 008.1044 282.5337 7135616 075.3934 348.4584 02.32771675132479
0 ARIANE 2 DEB
1 27035U 89006Q   17099.02572125 +.00000205 +00000-0 +28648-2 0  9997
2 27035 008.1028 282.1829 7135481 076.0787 348.2964 02.32772229132495
0 ARIANE 2 DEB
1 27035U 89006Q   17102.03226007 +.00000233 +00000-0 +27594-2 0  9998
2 27035 008.0983 280.9534 7134832 078.4735 347.7069 02.32775285132564
0 ARIANE 2 DEB
1 27035U 89006Q   17105.03870458 +.00000044 +00000-0 +15705-2 0  9997
2 27035 008.0942 279.7373 7134075 080.8524 347.0657 02.32777424132639
0 ARIANE 2 DEB
1 27035U 89006Q   17108.04506283 +.00000024 +00000-0 +16374-2 0  9994
2 27035 008.0898 278.5240 7133346 083.2211 346.3738 02.32779118132701
0 ARIANE 2 DEB
1 27035U 89006Q   17108.90401145 +.00000085 +00000-0 +20855-2 0  9996
2 27035 008.0903 278.1748 7133258 083.9046 346.1681 02.32779489132720
0 ARIANE 2 DEB
1 27035U 89006Q   17111.05136309 +.00000279 +00000-0 +33771-2 0  9999
2 27035 008.0878 277.3085 7132953 085.6002 345.6498 02.32781418132778
0 ARIANE 2 DEB
1 27035U 89006Q   17114.48706720 +.00000536 +00000-0 +48837-2 0  9994
2 27035 008.0831 275.9279 7132126 088.3068 344.8033 02.32785387132854
0 ARIANE 2 DEB
1 27035U 89006Q   17117.49320977 +.00000115 +00000-0 +17099-2 0  9993
2 27035 008.0806 274.7204 7131364 090.6801 344.0102 02.32786515132926
0 ARIANE 2 DEB
1 27035U 89006Q   17120.49923070 +.00000013 +00000-0 +14615-2 0  9998
2 27035 008.0780 273.5095 7130753 093.0536 343.1339 02.32788033132991
0 ARIANE 2 DEB
1 27035U 89006Q   17126.94047027 -.00000284 +00000-0 -10461-2 0  9990
2 27035 008.0743 270.9205 7126567 098.0972 341.0819 02.32787564133147
0 ARIANE 2 DEB
1 27035U 89006Q   17126.94048214 -.00000135 +00000-0 +16591-3 0  9994
2 27035 008.0660 270.9362 7129041 098.1075 341.1007 02.32788769133142
0 ARIANE 2 DEB
1 27035U 89006Q   17129.94631013 +.00000016 +00000-0 +98201-3 0  9997
2 27035 008.0743 269.7334 7125481 100.4449 340.0668 02.32788848133212
0 ARIANE 2 DEB
1 27035U 89006Q   17136.38702528 +.00000366 +00000-0 +46223-2 0  9997
2 27035 008.0703 267.2068 7120766 105.4386 337.5781 02.32790479133367
0 ARIANE 2 DEB
1 27035U 89006Q   17139.39259740 +.00002148 +00000-0 +23477-1 0  9999
2 27035 008.0361 266.1585 7113339 107.5750 336.3257 02.32791777133430
0 ARIANE 2 DEB
1 27035U 89006Q   17139.82197893 -.00000876 +00000-0 -81131-2 0  9997
2 27035 008.0308 266.0296 7112268 107.8746 336.1450 02.32783657133449
0 ARIANE 2 DEB
1 27035U 89006Q   17142.39792191 +.00000026 +00000-0 +72510-3 0  9992
2 27035 008.0618 264.8588 7124733 110.1138 334.9895 02.32790631133501
0 ARIANE 2 DEB
1 27035U 89006Q   17143.25661619 -.00000270 +00000-0 -19216-2 0  9994
2 27035 008.0550 264.5583 7123476 110.7523 334.5932 02.32788790133528
0 ARIANE 2 DEB
1 27035U 89006Q   17145.40323448 +.00000671 +00000-0 +62841-2 0  9993
2 27035 008.0522 263.7104 7123032 112.4195 333.5487 02.32792588133578
0 ARIANE 2 DEB
1 27035U 89006Q   17145.40323448 +.00000671 +00000-0 +62841-2 0  9993
2 27035 008.0522 263.7104 7123032 112.4195 333.5487 02.32792588133578
0 ARIANE 2 DEB
1 27035U 89006Q   17145.83256156 -.00000021 +00000-0 +30820-3 0  9994
2 27035 008.0431 263.5570 7120969 112.7055 333.3392 02.32792014133584
0 ARIANE 2 DEB
1 27035U 89006Q   17147.54977687 -.00000006 +00000-0 +81216-3 0  9991
2 27035 008.0446 262.8755 7120801 114.0438 332.4380 02.32791771133623
0 ARIANE 2 DEB
1 27035U 89006Q   17148.40835886 -.00000025 +00000-0 +85005-3 0  9992
2 27035 008.0450 262.5318 7120748 114.7153 331.9673 02.32791934133643
0 ARIANE 2 DEB
1 27035U 89006Q   17149.26696526 +.00000012 +00000-0 +14338-2 0  9998
2 27035 008.0375 262.2383 7118651 115.3222 331.5051 02.32791643133667
0 ARIANE 2 DEB
1 27035U 89006Q   17151.41332154 +.00000120 +00000-0 +26054-2 0  9990
2 27035 008.0506 261.3864 7119274 117.0114 330.2553 02.32792084133717
0 ARIANE 2 DEB
1 27035U 89006Q   17152.70111992 -.00000382 +00000-0 -22918-2 0  9995
2 27035 008.0456 260.8997 7117837 117.9869 329.4842 02.32791230133747
0 ARIANE 2 DEB
1 27035U 89006Q   17153.55963957 +.00000509 +00000-0 +58693-2 0  9993
2 27035 008.0453 260.5631 7119632 118.6649 328.9748 02.32793333133762
0 ARIANE 2 DEB
1 27035U 89006Q   17154.41815012 +.00000295 +00000-0 +37479-2 0  9998
2 27035 008.0406 260.2316 7118529 119.3093 328.4449 02.32792529133783
0 ARIANE 2 DEB
1 27035U 89006Q   17154.84739665 +.00000100 +00000-0 +18001-2 0  9999
2 27035 008.0412 260.0696 7118273 119.6406 328.1736 02.32793016133795
0 ARIANE 2 DEB
1 27035U 89006Q   17156.56435056 +.00000153 +00000-0 +19275-2 0  9999
2 27035 008.0413 259.3875 7118294 120.9774 327.0652 02.32792493133830
0 ARIANE 2 DEB
1 27035U 89006Q   17163.43149422 -.00000021 +00000-0 +58349-3 0  9993
2 27035 008.0278 256.7780 7113685 126.1258 322.0889 02.32794522133998
0 ARIANE 2 DEB
1 27035U 89006Q   17163.86074695 -.00000396 +00000-0 -31913-2 0  9992
2 27035 008.0333 256.6280 7114907 126.5039 321.8160 02.32792757134003
0 ARIANE 2 DEB
1 27035U 89006Q   17163.86074695 -.00000396 +00000-0 -31913-2 0  9992
2 27035 008.0333 256.6280 7114907 126.5039 321.8160 02.32792757134003
0 ARIANE 2 DEB
1 27035U 89006Q   17166.43555662  .00000002  00000-0  20374-4 0  9999
2 27035   8.1047 255.6230 7113679 128.4865 319.6572  2.32792641134063
0 ARIANE 2 DEB
1 27035U 89006Q   17168.15207497 +.00000045 +00000-0 +90162-3 0  9998
2 27035 008.0276 254.9934 7113577 129.7635 318.1750 02.32795037134104
0 ARIANE 2 DEB
1 27035U 89006Q   17169.43939459 +.00000023 +00000-0 +43026-3 0  9993
2 27035 008.0275 254.5093 7112650 130.7350 317.0095 02.32793989134139
0 ARIANE 2 DEB
1 27035U 89006Q   17170.29758576 +.00000535 +00000-0 +56213-2 0  9997
2 27035 008.0232 254.1809 7112974 131.3891 316.2226 02.32795451134154
0 ARIANE 2 DEB
1 27035U 89006Q   17171.58482891 -.00000378 +00000-0 -40715-2 0  9991
2 27035 008.0213 253.6872 7112454 132.3719 314.9935 02.32792690134187
0 ARIANE 2 DEB
1 27035U 89006Q   17171.58482891 -.00000378 +00000-0 -40715-2 0  9991
2 27035 008.0213 253.6872 7112454 132.3719 314.9935 02.32792690134187
0 ARIANE 2 DEB
1 27035U 89006Q   17173.30106997 -.00000395 +00000-0 -41903-2 0  9992
2 27035 008.0246 253.0122 7112075 133.6972 313.2732 02.32789309134224
0 ARIANE 2 DEB
1 27035U 89006Q   17173.30106997 -.00000395 +00000-0 -41903-2 0  9992
2 27035 008.0246 253.0122 7112075 133.6972 313.2732 02.32789309134224
0 ARIANE 2 DEB
1 27035U 89006Q   17180.16505329 +.00000033 +00000-0 +15722-2 0  9993
2 27035 008.0012 250.4849 7108401 138.8134 305.6506 02.32794207134381
0 ARIANE 2 DEB
1 27035U 89006Q   17181.88076466 +.00000947 +00000-0 +11685-1 0  9995
2 27035 007.9967 249.8404 7107331 140.1071 303.4968 02.32794347134422
0 ARIANE 2 DEB
1 27035U 89006Q   17182.30967848 +.00001419 +00000-0 +16854-1 0  9994
2 27035 007.9969 249.6771 7107794 140.4323 302.9558 02.32795734134436
0 ARIANE 2 DEB
1 27035U 89006Q   17182.73859495 +.00000486 +00000-0 +60959-2 0  9998
2 27035 007.9940 249.5212 7107800 140.7519 302.4109 02.32794256134448
0 ARIANE 2 DEB
1 27035U 89006Q   17184.45417906 +.00000782 +00000-0 +92499-2 0  9999
2 27035 007.9893 248.8845 7106622 142.0401 300.1374 02.32790823134484
0 ARIANE 2 DEB
1 27035U 89006Q   17184.88306263 +.00001407 +00000-0 +16636-1 0  9992
2 27035 007.9880 248.7316 7105985 142.3540 299.5613 02.32792041134492
0 ARIANE 2 DEB
1 27035U 89006Q   17185.31191226 +.00001280 +00000-0 +15066-1 0  9997
2 27035 007.9880 248.5631 7106051 142.6791 298.9740 02.32794970134505
0 ARIANE 2 DEB
1 27035U 89006Q   17185.31191226 +.00001280 +00000-0 +15066-1 0  9997
2 27035 007.9880 248.5631 7106051 142.6791 298.9740 02.32794970134505
0 ARIANE 2 DEB
1 27035U 89006Q   17187.45610754 +.00000183 +00000-0 +22530-2 0  9992
2 27035 007.9826 247.7538 7105439 144.2946 295.9287 02.32792802134551
0 ARIANE 2 DEB
1 27035U 89006Q   17187.45610754 +.00000183 +00000-0 +22530-2 0  9992
2 27035 007.9826 247.7538 7105439 144.2946 295.9287 02.32792802134551
0 ARIANE 2 DEB
1 27035U 89006Q   17193.02996207 -.00000246 +00000-0 -23829-2 0  9996
2 27035 007.9685 245.6631 7103378 148.4726 287.1205 02.32791723134685
0 ARIANE 2 DEB
1 27035U 89006Q   17193.02996207 -.00000246 +00000-0 -23829-2 0  9996
2 27035 007.9685 245.6631 7103378 148.4726 287.1205 02.32791723134685
0 ARIANE 2 DEB
1 27035U 89006Q   17199.03087596 -.00000343 +00000-0 -46375-2 0  9994
2 27035 007.9584 243.3964 7100850 152.9990 276.1098 02.32785981134825
0 ARIANE 2 DEB
1 27035U 89006Q   17203.31639286 -.00000044 +00000-0 -17358-4 0  9999
2 27035 007.9382 241.8150 7099907 156.1856 267.4435 02.32781091134925
0 ARIANE 2 DEB
1 27035U 89006Q   17205.45859343 -.00000668 +00000-0 -75827-2 0  9999
2 27035 007.9379 240.9788 7098793 157.8229 262.6134 02.32778503134974
0 ARIANE 2 DEB
1 27035U 89006Q   17205.45859343 -.00000668 +00000-0 -75827-2 0  9999
2 27035 007.9379 240.9788 7098793 157.8229 262.6134 02.32778503134974
0 ARIANE 2 DEB
1 27035U 89006Q   17206.31543554 -.00000302 +00000-0 -25917-2 0  9999
2 27035 007.9361 240.6553 7098841 158.4682 260.6515 02.32778875134991
0 ARIANE 2 DEB
1 27035U 89006Q   17206.31544015 -.00000374 +00000-0 -35555-2 0  9990
2 27035 007.9357 240.6547 7098551 158.4678 260.6511 02.32778274134991
0 ARIANE 2 DEB
1 27035U 89006Q   17209.31438092 -.00000687 +00000-0 -80787-2 0  9994
2 27035 007.9135 239.5821 7098652 160.6690 253.7356 02.32772549135066
0 ARIANE 2 DEB
1 27035U 89006Q   17210.59945234 -.00000955 +00000-0 -12130-1 0  9991
2 27035 007.9094 239.1003 7098080 161.6357 250.5813 02.32770142135097
0 ARIANE 2 DEB
1 27035U 89006Q   17211.02777868 -.00000248 +00000-0 -27508-2 0  9997
2 27035 007.9080 238.9393 7098257 161.9575 249.5193 02.32773110135101
0 ARIANE 2 DEB
1 27035U 89006Q   17212.31273816 -.00000442 +00000-0 -56748-2 0  9998
2 27035 007.9040 238.4522 7097950 162.9266 246.2729 02.32769360135137
0 ARIANE 2 DEB
1 27035U 89006Q   17214.45418857 -.00000903 +00000-0 -12199-1 0  9994
2 27035 007.8958 237.6483 7097082 164.5292 240.7277 02.32764215135180
0 ARIANE 2 DEB
1 27035U 89006Q   17215.31070715 -.00000391 +00000-0 -51597-2 0  9994
2 27035 007.8932 237.3221 7096899 165.1757 238.4434 02.32763168135205
0 ARIANE 2 DEB
1 27035U 89006Q   17215.31070715 -.00000391 +00000-0 -51597-2 0  9994
2 27035 007.8932 237.3221 7096899 165.1757 238.4434 02.32763168135205
0 ARIANE 2 DEB
1 27035U 89006Q   17218.30828622 -.00000788 +00000-0 -10388-1 0  9996
2 27035 007.8813 236.1912 7095516 167.4193 230.2329 02.32759280135271
0 ARIANE 2 DEB
1 27035U 89006Q   17219.16463211 -.00000354 +00000-0 -41832-2 0  9998
2 27035 007.8813 235.8634 7095880 168.0663 227.8073 02.32760992135293
0 ARIANE 2 DEB
1 27035U 89006Q   17222.16180747 -.00001124 +00000-0 -15145-1 0  9995
2 27035 007.8683 234.7419 7094953 170.3095 219.1933 02.32750771135363
0 ARIANE 2 DEB
1 27035U 89006Q   17222.16180747 -.00001124 +00000-0 -15145-1 0  9995
2 27035 007.8683 234.7419 7094953 170.3095 219.1933 02.32750771135363
0 ARIANE 2 DEB
1 27035U 89006Q   17224.30236674 -.00000485  00000-0 -64367-2 0  9994
2 27035   7.8645 233.9188 7094974 171.9362 212.8112  2.32755199135416
0 ARIANE 2 DEB
1 27035U 89006Q   17225.15858003 -.00000518 +00000-0 -70895-2 0  9994
2 27035 007.8619 233.5913 7094835 172.5848 210.2337 02.32752273135434
0 ARIANE 2 DEB
1 27035U 89006Q   17225.15858003 -.00000518 +00000-0 -70895-2 0  9994
2 27035 007.8619 233.5913 7094835 172.5848 210.2337 02.32752273135434
0 ARIANE 2 DEB
1 27035U 89006Q   17227.29900993  .00001163  00000-0  16321-1 0  9995
2 27035   7.8574 232.8171 7095389 174.1483 203.7161  2.32759955135481
0 ARIANE 2 DEB
1 27035U 89006Q   17227.29911057 -.00000406 +00000-0 -56679-2 0  9990
2 27035 007.8435 232.7821 7095674 174.2036 203.7350 02.32747601135485
0 ARIANE 2 DEB
1 27035U 89006Q   17227.29911057 -.00000406  00000-0 -56679-2 0  9990
2 27035   7.8435 232.7821 7095674 174.2036 203.7350  2.32747601135485
0 ARIANE 2 DEB
1 27035U 89006Q   17229.43952613 -.00000919  00000-0 -12869-1 0  9992
2 27035   7.8339 231.9643 7094276 175.8190 197.1193  2.32741093135532
0 ARIANE 2 DEB
1 27035U 89006Q   17230.29564626  .00000134  00000-0  24674-2 0  9996
2 27035   7.8335 231.6382 7094704 176.4657 194.4530  2.32744150135550
0 ARIANE 2 DEB
1 27035U 89006Q   17232.43596491 -.00000610 +00000-0 -73060-2 0  9993
2 27035 007.8288 230.8183 7094820 178.0840 187.7432 02.32738420135603
0 ARIANE 2 DEB
1 27035U 89006Q   17235.00434012 -.00000696  00000-0 -81228-2 0  9998
2 27035   7.8213 229.8319 7094593 180.0291 179.6799  2.32737630135653
0 ARIANE 2 DEB
1 27035U 89006Q   17241.85364684 -.00000556 +00000-0 -74334-2 0  9990
2 27035 007.8011 227.1762 7094427 185.2422 158.2620 02.32728832135820
0 ARIANE 2 DEB
1 27035U 89006Q   17241.85364684 -.00000556  00000-0 -74334-2 0  9990
2 27035   7.8011 227.1762 7094427 185.2422 158.2620  2.32728832135820
0 ARIANE 2 DEB
1 27035U 89006Q   17243.13797113 -.00000423  00000-0 -55316-2 0  9992
2 27035   7.7952 226.6771 7093880 186.2201 154.2986  2.32728701135854
0 ARIANE 2 DEB
1 27035U 89006Q   17244.85049706 -.00000583  00000-0 -76953-2 0  9997
2 27035   7.7899 226.0120 7093488 187.5190 149.0815  2.32726759135899
0 ARIANE 2 DEB
1 27035U 89006Q   17245.70679131 -.00000647  00000-0 -84223-2 0  9993
2 27035   7.7875 225.6760 7094150 188.1818 146.4480  2.32724564135902
0 ARIANE 2 DEB
1 27035U 89006Q   17246.13494631 -.00000711 +00000-0 -92249-2 0  9990
2 27035 007.7682 225.5104 7094643 188.5150 145.1339 02.32724097135921
0 ARIANE 2 DEB
1 27035U 89006Q   17246.99129669 -.00000705 +00000-0 -90383-2 0  9990
2 27035 007.7661 225.1776 7094689 189.1674 142.5873 02.32723463135949
0 ARIANE 2 DEB
1 27035U 89006Q   17246.99129669 -.00000705  00000-0 -90383-2 0  9990
2 27035   7.7661 225.1776 7094689 189.1674 142.5873  2.32723463135949
0 ARIANE 2 DEB
1 27035U 89006Q   17249.13233146 -.00000765 +00000-0 -98000-2 0  9995
2 27035 007.7602 224.3433 7094808 190.8020 136.3373 02.32720616135990
0 ARIANE 2 DEB
1 27035U 89006Q   17255.12829326 -.00000547  00000-0 -73962-2 0  9990
2 27035   7.7426 221.9862 7094640 195.4019 119.6369  2.32715092136134
0 ARIANE 2 DEB
1 27035U 89006Q   17264.98289125 -.00000473  00000-0 -47316-2 0  9993
2 27035   7.7115 218.0581 7097651 203.0171  95.4267  2.32708934136364
0 ARIANE 2 DEB
1 27035U 89006Q   17267.12598678 -.00000437 +00000-0 -50320-2 0  9997
2 27035 007.7074 217.2288 7093812 204.6317 090.8215 02.32708093136411
0 ARIANE 2 DEB
1 27035U 89006Q   17267.12598678 -.00000437  00000-0 -50320-2 0  9997
2 27035   7.7074 217.2288 7093812 204.6317  90.8215  2.32708093136411
0 ARIANE 2 DEB
1 27035U 89006Q   18128.98652749  .00000018  00000-0  10000-3 0  9993
2 27035   7.8023 125.6418 7099435  21.7888  76.0937  2.32746389141694
0 ARIANE 2 DEB
1 27035U 89006Q   18130.18133998  .00000412  00000-0  53741-2 0  9994
2 27035   7.8080 125.2009 7095759  22.6577 357.2855  2.32750678141722
0 ARIANE 2 DEB
1 27035U 89006Q   18131.04053631 +.00000343 +00000-0 +43445-2 0  9998
2 27035 007.8092 124.8717 7095525 023.3084 357.2054 02.32751242141749
0 ARIANE 2 DEB
1 27035U 89006Q   18131.47012954  .00000378  00000-0  48261-2 0  9997
2 27035   7.8100 124.7089 7095481  23.6315 357.1644  2.32751801141757
0 ARIANE 2 DEB
1 27035U 89006Q   18132.32931833 +.00000365 +00000-0 +46730-2 0  9993
2 27035 007.8121 124.3835 7095491 024.2786 357.0785 02.32752274141777
0 ARIANE 2 DEB
1 27035U 89006Q   18132.75890805  .00000367  00000-0  47558-2 0  9994
2 27035   7.8130 124.2216 7095473  24.6009 357.0339  2.32752619141780
0 ARIANE 2 DEB
1 27035U 89006Q   18132.75890894 +.00000356 +00000-0 +45954-2 0  9998
2 27035 007.8130 124.2212 7095487 024.6016 357.0337 02.32752535141784
0 ARIANE 2 DEB
1 27035U 89006Q   18133.18849548 +.00000366 +00000-0 +47965-2 0  9991
2 27035 007.8141 124.0603 7095450 024.9223 356.9882 02.32752960141797
0 ARIANE 2 DEB
1 27035U 89006Q   18133.61808291 +.00000338 +00000-0 +44863-2 0  9992
2 27035 007.8149 123.8967 7095437 025.2474 356.9403 02.32753119141800
0 ARIANE 2 DEB
1 27035U 89006Q   18134.04766719  .00000335  00000-0  45305-2 0  9997
2 27035   7.8159 123.7344 7095427  25.5703 356.8918  2.32753448141812
0 ARIANE 2 DEB
1 27035U 89006Q   18134.47725702 +.00000318 +00000-0 +43747-2 0  9990
2 27035 007.8174 123.5744 7095547 025.8917 356.8428 02.32753635141829
0 ARIANE 2 DEB
1 27035U 89006Q   18135.33641740  .00000313  00000-0  45261-2 0  9993
2 27035   7.8192 123.2496 7095489  26.5382 356.7411  2.32754357141844
0 ARIANE 2 DEB
1 27035U 89006Q   18135.76600546 +.00000288 +00000-0 +42762-2 0  9993
2 27035 007.8208 123.0897 7095676 026.8596 356.6903 02.32754457141850
0 ARIANE 2 DEB
1 27035U 89006Q   18136.19558075 +.00000312 +00000-0 +47181-2 0  9998
2 27035 007.8216 122.9279 7095648 027.1818 356.6389 02.32755042141861
0 ARIANE 2 DEB
1 27035U 89006Q   18136.62515214 +.00000356 +00000-0 +54401-2 0  9995
2 27035 007.8226 122.7672 7095553 027.5021 356.5879 02.32755817141876
0 ARIANE 2 DEB
1 27035U 89006Q   18137.05472253 +.00000399 +00000-0 +61264-2 0  9990
2 27035 007.8237 122.6055 7095520 027.8234 356.5373 02.32756606141882
0 ARIANE 2 DEB
1 27035U 89006Q   18137.91388589 +.00000232 +00000-0 +39069-2 0  9997
2 27035 007.8250 122.2778 7095456 028.4734 356.4370 02.32756040141906
0 ARIANE 2 DEB
1 27035U 89006Q   18138.34346626 +.00000269 +00000-0 +44528-2 0  9997
2 27035 007.8262 122.1174 7095550 028.7948 356.3896 02.32756646141918
0 ARIANE 2 DEB
1 27035U 89006Q   18138.77304840 +.00000295 +00000-0 +47962-2 0  9990
2 27035 007.8276 121.9574 7095665 029.1154 356.3435 02.32757042141926
0 ARIANE 2 DEB
1 27035U 89006Q   18139.20262412 +.00000381 +00000-0 +59792-2 0  9997
2 27035 007.8286 121.7970 7095639 029.4358 356.2986 02.32757967141932
0 ARIANE 2 DEB
1 27035U 89006Q   18139.63220442 +.00000393 +00000-0 +61095-2 0  9993
2 27035 007.8293 121.6339 7095667 029.7599 356.2542 02.32758363141949
0 ARIANE 2 DEB
1 27035U 89006Q   18140.49136803  .00000429  00000-0  64553-2 0  9998
2 27035   7.8315 121.3131 7095704  30.4011 356.1703  2.32759121141964
0 ARIANE 2 DEB
1 27035U 89006Q   18140.49137027 +.00000391 +00000-0 +59251-2 0  9994
2 27035 007.8311 121.3110 7095703 030.4040 356.1697 02.32758857141965
0 ARIANE 2 DEB
1 27035U 89006Q   18141.35053484 +.00000440 +00000-0 +64139-2 0  9990
2 27035 007.8334 120.9906 7095764 031.0456 356.0889 02.32759692141985
0 ARIANE 2 DEB
1 27035U 89006Q   18141.78011565  .00000485  00000-0  69399-2 0  9993
2 27035   7.8343 120.8295 7095818  31.3676 356.0489  2.32760319141997
0 ARIANE 2 DEB
1 27035U 89006Q   18142.20969988 +.00000450 +00000-0 +63568-2 0  9996
2 27035 007.8351 120.6675 7095829 031.6908 356.0086 02.32760380142003
0 ARIANE 2 DEB
1 27035U 89006Q   18142.63927859 +.00000498 +00000-0 +69426-2 0  9995
2 27035 007.8359 120.5064 7095895 032.0127 355.9683 02.32761065142016
0 ARIANE 2 DEB
1 27035U 89006Q   18143.06887035  .00000438  00000-0  60030-2 0  9990
2 27035   7.8380 120.3514 7096300  32.3280 355.9290  2.32760768142027
0 ARIANE 2 DEB
1 27035U 89006Q   18143.49844565 +.00000550 +00000-0 +74825-2 0  9990
2 27035 007.8392 120.1921 7096499 032.6500 355.8876 02.32762318142030
0 ARIANE 2 DEB
1 27035U 89006Q   18143.49844615 +.00000498 +00000-0 +67743-2 0  9998
2 27035 007.8392 120.1911 7096487 032.6510 355.8873 02.32762066142034
0 ARIANE 2 DEB
1 27035U 89006Q   18143.92801782 +.00000535 +00000-0 +72453-2 0  9990
2 27035 007.8401 120.0310 7096541 032.9718 355.8448 02.32763042142045
0 ARIANE 2 DEB
1 27035U 89006Q   18144.78715879  .00000368  00000-0  49813-2 0  9994
2 27035   7.8417 119.7070 7096622  33.6171 355.7550  2.32763528142065
0 ARIANE 2 DEB
1 27035U 89006Q   18145.21672651 +.00000376 +00000-0 +51353-2 0  9994
2 27035 007.8424 119.5473 7096654 033.9373 355.7088 02.32763899142078
0 ARIANE 2 DEB
1 27035U 89006Q   18145.64628992 +.00000424 +00000-0 +58707-2 0  9994
2 27035 007.8431 119.3857 7096691 034.2596 355.6607 02.32764546142089
0 ARIANE 2 DEB
1 27035U 89006Q   18146.07585327  .00000391  00000-0  55220-2 0  9996
2 27035   7.8440 119.2252 7096742  34.5807 355.6117  2.32764791142091
0 ARIANE 2 DEB
1 27035U 89006Q   18146.50542097  .00000213  00000-0  31962-2 0  9991
2 27035   7.8446 119.0630 7096790  34.9039 355.5611  2.32764030142105
0 ARIANE 2 DEB
1 27035U 89006Q   18146.50542179 +.00000265 +00000-0 +39069-2 0  9995
2 27035 007.8450 119.0654 7096853 034.9014 355.5617 02.32764172142102
0 ARIANE 2 DEB
1 27035U 89006Q   18146.50542247 +.00000321 +00000-0 +46736-2 0  9993
2 27035 007.8451 119.0672 7096891 034.8998 355.5620 02.32764350142107
0 ARIANE 2 DEB
1 27035U 89006Q   18146.93498166 +.00000464 +00000-0 +67468-2 0  9993
2 27035 007.8459 118.9079 7096969 035.2196 355.5113 02.32765226142116
0 ARIANE 2 DEB
1 27035U 89006Q   18147.36454012 +.00000518 +00000-0 +76219-2 0  9997
2 27035 007.8472 118.7491 7097064 035.5390 355.4597 02.32765755142126
0 ARIANE 2 DEB
1 27035U 89006Q   18147.36454012  .00000518  00000-0  76219-2 0  9997
2 27035   7.8472 118.7491 7097064  35.5390 355.4597  2.32765755142126
0 ARIANE 2 DEB
1 27035U 89006Q   18148.22364278 +.00000808 +00000-0 +11849-1 0  9996
2 27035 007.8485 118.4286 7097115 036.1803 355.3545 02.32768224142140
0 ARIANE 2 DEB
1 27035U 89006Q   18148.65319222  .00000688  00000-0  10344-1 0  9997
2 27035   7.8493 118.2666 7097119  36.5030 355.3009  2.32768816142152
0 ARIANE 2 DEB
1 27035U 89006Q   18149.51230346 +.00000455 +00000-0 +73611-2 0  9991
2 27035 007.8512 117.9490 7097343 037.1419 355.1959 02.32768813142173
0 ARIANE 2 DEB
1 27035U 89006Q   18149.51230561 +.00000254 +00000-0 +46312-2 0  9995
2 27035 007.8512 117.9472 7097349 037.1439 355.1954 02.32768009142173
0 ARIANE 2 DEB
1 27035U 89006Q   18150.37139819  .00000567  00000-0  90059-2 0  9999
2 27035   7.8529 117.6277 7097493  37.7843 355.0913  2.32770663142191
0 ARIANE 2 DEB
1 27035U 89006Q   18150.80094554 +.00000521 +00000-0 +84109-2 0  9992
2 27035 007.8534 117.4662 7097556 038.1064 355.0396 02.32771228142208
0 ARIANE 2 DEB
1 27035U 89006Q   18151.23049875 +.00000332 +00000-0 +58598-2 0  9999
2 27035 007.8542 117.3061 7097663 038.4270 354.9891 02.32770859142218
0 ARIANE 2 DEB
1 27035U 89006Q   18151.66004368  .00000402  00000-0  67761-2 0  9994
2 27035   7.8547 117.1450 7097737  38.7488 354.9390  2.32771976142225
0 ARIANE 2 DEB
1 27035U 89006Q   18152.51914951 +.00000376 +00000-0 +63093-2 0  9991
2 27035 007.8563 116.8259 7098014 039.3898 354.8422 02.32772333142242
0 ARIANE 2 DEB
1 27035U 89006Q   18152.51915214 +.00000099 +00000-0 +25824-2 0  9996
2 27035 007.8564 116.8238 7097992 039.3915 354.8417 02.32771224142246
0 ARIANE 2 DEB
1 27035U 89006Q   18153.37824702 +.00000402 +00000-0 +64666-2 0  9997
2 27035 007.8578 116.5053 7098234 040.0324 354.7481 02.32773531142261
0 ARIANE 2 DEB
1 27035U 89006Q   18153.37824960  .00000277  00000-0  47899-2 0  9992
2 27035   7.8579 116.5042 7098245  40.0334 354.7479  2.32772936142268
0 ARIANE 2 DEB
1 27035U 89006Q   18153.80779693 +.00000355 +00000-0 +57155-2 0  9995
2 27035 007.8587 116.3449 7098365 040.3539 354.7022 02.32773854142274
0 ARIANE 2 DEB
1 27035U 89006Q   18154.23734695 +.00000292 +00000-0 +47441-2 0  9993
2 27035 007.8594 116.1847 7098480 040.6753 354.6570 02.32774140142288
0 ARIANE 2 DEB
1 27035U 89006Q   18154.66690470  .00000157  00000-0  28164-2 0  9993
2 27035   7.8605 116.0269 7098679  40.9946 354.6129  2.32773508142293
0 ARIANE 2 DEB
1 27035U 89006Q   18155.52600095 +.00000432 +00000-0 +62021-2 0  9999
2 27035 007.8623 115.7067 7098925 041.6377 354.5248 02.32775459142316
0 ARIANE 2 DEB
1 27035U 89006Q   18155.95553594  .00000673  00000-0  92910-2 0  9994
2 27035   7.8618 115.5446 7098762  41.9616 354.4800  2.32777426142327
0 ARIANE 2 DEB
1 27035U 89006Q   18156.38509797 +.00000356 +00000-0 +49460-2 0  9998
2 27035 007.8639 115.3882 7099148 042.2795 354.4374 02.32776260142335
0 ARIANE 2 DEB
1 27035U 89006Q   18156.38509797  .00000356  00000-0  49460-2 0  9998
2 27035   7.8639 115.3882 7099148  42.2795 354.4374  2.32776260142335
0 ARIANE 2 DEB
1 27035U 89006Q   18156.81466343 -.00000043 +00000-0 -42532-3 0  9994
2 27035 007.8657 115.2322 7099530 042.5975 354.3946 02.32774557142343
0 ARIANE 2 DEB
1 27035U 89006Q   18156.81466343 -.00000043  00000-0 -42532-3 0  9994
2 27035   7.8657 115.2322 7099530  42.5975 354.3946  2.32774557142343
0 ARIANE 2 DEB
1 27035U 89006Q   18157.24418725 +.00000602 +00000-0 +79963-2 0  9999
2 27035 007.8647 115.0675 7099054 042.9248 354.3479 02.32777751142350
0 ARIANE 2 DEB
1 27035U 89006Q   18157.67376007 +.00000401 +00000-0 +51948-2 0  9992
2 27035 007.8683 114.9145 7099829 043.2389 354.3058 02.32776212142365
0 ARIANE 2 DEB
1 27035U 89006Q   18157.67376007  .00000401  00000-0  51948-2 0  9992
2 27035   7.8683 114.9145 7099829  43.2389 354.3058  2.32776212142365
0 ARIANE 2 DEB
1 27035U 89006Q   18158.53283645 +.00000686 +00000-0 +87879-2 0  9990
2 27035 007.8696 114.5947 7099912 043.8825 354.2129 02.32778780142381
0 ARIANE 2 DEB
1 27035U 89006Q   18158.96237656  .00000201  00000-0  24484-2 0  9994
2 27035   7.8699 114.4319 7099876  44.2070 354.1642  2.32777801142395
0 ARIANE 2 DEB
1 27035U 89006Q   18159.82145321 +.00000454 +00000-0 +57036-2 0  9996
2 27035 007.8722 114.1160 7100230 044.8455 354.0660 02.32778977142410
0 ARIANE 2 DEB
1 27035U 89006Q   18162.39856966  .00000281  00000-0  38843-2 0  9999
2 27035   7.8769 113.1502 7099697  46.7795 353.7296  2.32783020142474
0 ARIANE 2 DEB
1 27035U 89006Q   18163.25763213 +.00000221 +00000-0 +32664-2 0  9996
2 27035 007.8811 112.8408 7100756 047.4112 353.6153 02.32782752142497
0 ARIANE 2 DEB
1 27035U 89006Q   18163.25763213  .00000221  00000-0  32664-2 0  9996
2 27035   7.8811 112.8408 7100756  47.4112 353.6153  2.32782752142497
0 ARIANE 2 DEB
1 27035U 89006Q   18164.11667590 +.00000294 +00000-0 +43853-2 0  9995
2 27035 007.8836 112.5290 7101286 048.0473 353.4975 02.32783174142518
0 ARIANE 2 DEB
1 27035U 89006Q   18164.11667590  .00000294  00000-0  43853-2 0  9995
2 27035   7.8836 112.5290 7101286  48.0473 353.4975  2.32783174142518
0 ARIANE 2 DEB
1 27035U 89006Q   18165.83474693  .00000217  00000-0  36809-2 0  9993
2 27035   7.8870 111.8939 7102097  49.3295 353.2658  2.32784166142557
0 ARIANE 2 DEB
1 27035U 89006Q   18166.69378331 -.00000231  00000-0 -18778-2 0  9993
2 27035   7.8886 111.5783 7102633  49.9697 353.1574  2.32785592142578
0 ARIANE 2 DEB
1 27035U 89006Q   18166.69378341 +.00000037 +00000-0 +14638-2 0  9997
2 27035 007.8884 111.5753 7102526 049.9733 353.1563 02.32785233142575
0 ARIANE 2 DEB
1 27035U 89006Q   18167.12330719 -.00000185 +00000-0 -13090-2 0  9990
2 27035 007.8892 111.4159 7102763 050.2954 353.1035 02.32784747142580
0 ARIANE 2 DEB
1 27035U 89006Q   18167.55281420 +.00000736 +00000-0 +10067-1 0  9991
2 27035 007.8922 111.2593 7102881 050.6122 353.0525 02.32787952142591
0 ARIANE 2 DEB
1 27035U 89006Q   18167.98233706 -.00000102  00000-0 -36302-3 0  9993
2 27035   7.8930 111.0963 7102970  50.9378 353.0008  2.32786065142606
0 ARIANE 2 DEB
1 27035U 89006Q   18168.84137572 +.00000573 +00000-0 +78304-2 0  9990
2 27035 007.8938 110.7758 7103105 051.5842 352.9005 02.32787165142625
0 ARIANE 2 DEB
1 27035U 89006Q   18169.70042298 +.00000750 +00000-0 +97831-2 0  9999
2 27035 007.8953 110.4563 7103495 052.2296 352.8025 02.32788268142644
0 ARIANE 2 DEB
1 27035U 89006Q   18170.12994185 +.00000151 +00000-0 +23592-2 0  9996
2 27035 007.8942 110.2973 7103527 052.5522 352.7525 02.32788109142655
0 ARIANE 2 DEB
1 27035U 89006Q   18170.98897469 +.00000066 +00000-0 +11839-2 0  9993
2 27035 007.8953 109.9762 7103918 053.1981 352.6515 02.32789145142679
0 ARIANE 2 DEB
1 27035U 89006Q   18170.98897469 +.00000066 +00000-0 +11839-2 0  9993
2 27035 007.8953 109.9762 7103918 053.1981 352.6515 02.32789145142679
0 ARIANE 2 DEB
1 27035U 89006Q   18171.84799932 +.00000423 +00000-0 +54176-2 0  9993
2 27035 007.8966 109.6557 7104320 053.8427 352.5461 02.32790341142693
0 ARIANE 2 DEB
1 27035U 89006Q   18171.84799932 +.00000423 +00000-0 +54176-2 0  9993
2 27035 007.8966 109.6557 7104320 053.8427 352.5461 02.32790341142693
0 ARIANE 2 DEB
1 27035U 89006Q   18172.70701269 +.00000203 +00000-0 +27553-2 0  9990
2 27035 007.8982 109.3368 7104762 054.4861 352.4356 02.32791682142711
0 ARIANE 2 DEB
1 27035U 89006Q   18173.56601002 +.00000122 +00000-0 +18805-2 0  9999
2 27035 007.8990 109.0154 7104979 055.1317 352.3178 02.32792736142738
0 ARIANE 2 DEB
1 27035U 89006Q   18173.56601002  .00000122  00000-0  18805-2 0  9999
2 27035   7.8990 109.0154 7104979  55.1317 352.3178  2.32792736142738
0 ARIANE 2 DEB
1 27035U 89006Q   18175.28400955 -.00000083  00000-0 -15010-3 0  9998
2 27035   7.9016 108.3786 7105903  56.4165 352.0712  2.32791184142775
0 ARIANE 2 DEB
1 27035U 89006Q   18176.14299855 -.00000396 +00000-0 -35646-2 0  9992
2 27035 007.9023 108.0574 7106311 057.0627 351.9426 02.32791793142797
0 ARIANE 2 DEB
1 27035U 89006Q   18177.00197536 -.00000474  00000-0 -42388-2 0  9999
2 27035   7.9038 107.7387 7106569  57.7060 351.8132  2.32792768142813
0 ARIANE 2 DEB
1 27035U 89006Q   18178.29042795  .00000285  00000-0  48404-2 0  9990
2 27035   7.9094 107.2735 7106341  58.6563 351.6211  2.32793903142844
0 ARIANE 2 DEB
1 27035U 89006Q   18178.71989150 +.00000480 +00000-0 +72421-2 0  9995
2 27035 007.9080 107.1081 7105666 058.9864 351.5528 02.32795974142859
0 ARIANE 2 DEB
1 27035U 89006Q   18178.71989150  .00000480  00000-0  72421-2 0  9995
2 27035   7.9080 107.1081 7105666  58.9864 351.5528  2.32795974142859
0 ARIANE 2 DEB
1 27035U 89006Q   18179.14937338 +.00000083 +00000-0 +25782-2 0  9991
2 27035 007.9083 106.9436 7105690 059.3125 351.4893 02.32796752142865
0 ARIANE 2 DEB
1 27035U 89006Q   18179.57884408 -.00000382 +00000-0 -29494-2 0  9995
2 27035 007.9105 106.7968 7104863 059.6210 351.4257 02.32794604142876
0 ARIANE 2 DEB
1 27035U 89006Q   18180.43783433  .00000094  00000-0  26492-2 0  9991
2 27035   7.9109 106.4714 7105568  60.2701 351.3054  2.32795048142891
0 ARIANE 2 DEB
1 27035U 89006Q   18180.86732608 +.00000113 +00000-0 +28155-2 0  9996
2 27035 007.9121 106.3150 7105621 060.5895 351.2460 02.32795547142901
0 ARIANE 2 DEB
1 27035U 89006Q   18181.29682534 -.00000386 +00000-0 -31281-2 0  9994
2 27035 007.9127 106.1535 7106039 060.9130 351.1881 02.32795057142915
0 ARIANE 2 DEB
1 27035U 89006Q   18181.29682534 -.00000386  00000-0 -31281-2 0  9994
2 27035   7.9127 106.1535 7106039  60.9130 351.1881  2.32795057142915
0 ARIANE 2 DEB
1 27035U 89006Q   18182.15580582  .00000531  00000-0  73716-2 0  9999
2 27035   7.9139 105.8329 7106667  61.5595 351.0733  2.32799678142934
0 ARIANE 2 DEB
1 27035U 89006Q   18182.58529888 +.00000055 +00000-0 +17446-2 0  9997
2 27035 007.9143 105.6688 7106651 061.8862 351.0143 02.32798096142947
0 ARIANE 2 DEB
1 27035U 89006Q   18183.44429644 -.00000900  00000-0 -94904-2 0  9997
2 27035   7.9153 105.3464 7107018  62.5342 350.8996  2.32794476142969
0 ARIANE 2 DEB
1 27035U 89006Q   18184.30327139 +.00001967 +00000-0 +23220-1 0  9993
2 27035 007.9168 105.0303 7107441 063.1768 350.7859 02.32802901142985
0 ARIANE 2 DEB
1 27035U 89006Q   18184.30329932  .00001429  00000-0  16860-1 0  9991
2 27035   7.9178 105.0320 7108142  63.1759 350.7894  2.32800381142983
0 ARIANE 2 DEB
1 27035U 89006Q   18184.73276804 -.00000223  00000-0 -19675-2 0  9998
2 27035   7.9186 104.8847 7106947  63.4879 350.7270  2.32795503142998
0 ARIANE 2 DEB
1 27035U 89006Q   18185.59179459  .00000012  00000-0  58592-3 0  9997
2 27035   7.9187 104.5481 7108564  64.1501 350.6114  2.32794256143011
0 ARIANE 2 DEB
1 27035U 89006Q   18186.02124528 -.00000183  00000-0 -16970-2 0  9997
2 27035   7.9199 104.3979 7107440  64.4628 350.5464  2.32795451143025
0 ARIANE 2 DEB
1 27035U 89006Q   18186.45072442 +.00000150 +00000-0 +20697-2 0  9994
2 27035 007.9208 104.2400 7107448 064.7821 350.4842 02.32796398143031
0 ARIANE 2 DEB
1 27035U 89006Q   18186.45072442  .00000150  00000-0  20697-2 0  9994
2 27035   7.9208 104.2400 7107448  64.7821 350.4842  2.32796398143031
0 ARIANE 2 DEB
1 27035U 89006Q   18186.88022050 -.00000547 +00000-0 -59207-2 0  9992
2 27035 007.9213 104.0780 7107668 065.1089 350.4201 02.32794986143042
0 ARIANE 2 DEB
1 27035U 89006Q   18187.73918967  .00001204  00000-0  13927-1 0  9995
2 27035   7.9187 103.7235 7108231  65.7874 350.2826  2.32795332143067
0 ARIANE 2 DEB
1 27035U 89006Q   18188.16868131 +.00001605 +00000-0 +18285-1 0  9997
2 27035 007.9199 103.5702 7108830 066.1068 350.2171 02.32798470143072
0 ARIANE 2 DEB
1 27035U 89006Q   18188.16868131  .00001605  00000-0  18285-1 0  9997
2 27035   7.9199 103.5702 7108830  66.1068 350.2171  2.32798470143072
0 ARIANE 2 DEB
1 27035U 89006Q   18189.02762100  .00000156  00000-0  21845-2 0  9999
2 27035   7.9232 103.2667 7108302  66.7369 350.0740  2.32797477143099
0 ARIANE 2 DEB
1 27035U 89006Q   18189.45709360 +.00000161 +00000-0 +22950-2 0  9999
2 27035 007.9236 103.1041 7108510 067.0622 350.0004 02.32797811143102
0 ARIANE 2 DEB
1 27035U 89006Q   18190.31604057  .00000479  00000-0  60018-2 0  9992
2 27035   7.9244 102.7785 7108866  67.7129 349.8492  2.32797275143127
0 ARIANE 2 DEB
1 27035U 89006Q   18191.17498747 +.00000168 +00000-0 +27096-2 0  9998
2 27035 007.9254 102.4559 7109403 068.3621 349.6960 02.32797114143148
0 ARIANE 2 DEB
1 27035U 89006Q   18191.60445624  .00000115  00000-0  22083-2 0  9995
2 27035   7.9259 102.2941 7109703  68.6868 349.6192  2.32797867143158
0 ARIANE 2 DEB
1 27035U 89006Q   18192.03390936  .00000299  00000-0  43386-2 0  9990
2 27035   7.9259 102.1263 7109714  69.0171 349.5396  2.32800397143167
0 ARIANE 2 DEB
1 27035U 89006Q   18194.18130391 -.00000198  00000-0 -75593-3 0  9991
2 27035   7.9286 101.3237 7111724  70.6401 349.1703  2.32795541143215
0 ARIANE 2 DEB
1 27035U 89006Q   18195.04023203  .00001120  00000-0  13259-1 0  9993
2 27035   7.9288 100.9918 7111889  71.2981 349.0248  2.32800790143238
0 ARIANE 2 DEB
1 27035U 89006Q   18195.46968069 -.00000621  00000-0 -52775-2 0  9991
2 27035   7.9283 100.8168 7111479  71.6325 348.9495  2.32799424143244
0 ARIANE 2 DEB
1 27035U 89006Q   18198.47598964 -.00000387  00000-0 -31519-2 0  9990
2 27035   7.9347  99.7119 7112432  73.8878 348.4668  2.32801875143313
0 ARIANE 2 DEB
1 27035U 89006Q   18200.62327776  .00000318  00000-0  40355-2 0  9992
2 27035   7.9364  98.8921 7113739  75.5273 348.0847  2.32807010143369
0 ARIANE 2 DEB
1 27035U 89006Q   18204.05881806 -.00001727 +00000-0 -15961-1 0  9993
2 27035 007.9417 097.6010 7115246 078.1368 347.3938 02.32805255143444
0 ARIANE 2 DEB
1 27035U 89006Q   18204.48825828 -.00000014 +00000-0 +12796-2 0  9993
2 27035 007.9416 097.4351 7115533 078.4659 347.3038 02.32805176143458
0 ARIANE 2 DEB
1 27035U 89006Q   18204.48825828 -.00000014 +00000-0 +12796-2 0  9993
2 27035 007.9416 097.4351 7115533 078.4659 347.3038 02.32805176143458
0 ARIANE 2 DEB
1 27035U 89006Q   18209.21190511 -.00001027 +00000-0 -81375-2 0  9998
2 27035 007.9436 095.6298 7118256 082.0709 346.3330 02.32817058143560
0 ARIANE 2 DEB
1 27035U 89006Q   18211.78838314  .00000170  00000-0  27390-2 0  9996
2 27035   7.9448  94.6722 7118471  84.0070 345.8149  2.32821509143621
0 ARIANE 2 DEB
1 27035U 89006Q   18213.07661205 +.00000223 +00000-0 +29765-2 0  9990
2 27035 007.9457 094.1799 7119260 084.9945 345.5454 02.32822509143657
0 ARIANE 2 DEB
1 27035U 89006Q   18213.93540078  .00000643  00000-0  67099-2 0  9997
2 27035   7.9463  93.8458 7119746  85.6580 345.3565  2.32826799143672
0 ARIANE 2 DEB
1 27035U 89006Q   18215.22357819 +.00000474 +00000-0 +50182-2 0  9997
2 27035 007.9473 093.3437 7120361 086.6547 345.0567 02.32825247143704
0 ARIANE 2 DEB
1 27035U 89006Q   18215.22357819  .00000474  00000-0  50182-2 0  9997
2 27035   7.9473  93.3437 7120361  86.6547 345.0567  2.32825247143704
0 ARIANE 2 DEB
1 27035U 89006Q   18216.51171743  .00000176  00000-0  23074-2 0  9999
2 27035   7.9482  92.8394 7121013  87.6552 344.7361  2.32827823143735
0 ARIANE 2 DEB
1 27035U 89006Q   18216.94105807  .00001201  00000-0  11597-1 0  9990
2 27035   7.9486  92.6657 7120858  87.9917 344.6213  2.32833307143743
0 ARIANE 2 DEB
1 27035U 89006Q   18219.08786720  .00000657  00000-0  68827-2 0  9990
2 27035   7.9510  91.8312 7122116  89.6534 344.0465  2.32836860143798
0 ARIANE 2 DEB
1 27035U 89006Q   18220.37592775 +.00001227 +00000-0 +12022-1 0  9998
2 27035 007.9521 091.3294 7122721 090.6505 343.6948 02.32837013143822
0 ARIANE 2 DEB
1 27035U 89006Q   18220.37592775  .00001227  00000-0  12022-1 0  9998
2 27035   7.9521  91.3294 7122721  90.6505 343.6948  2.32837013143822
0 ARIANE 2 DEB
1 27035U 89006Q   18221.23462475 +.00001628 +00000-0 +15463-1 0  9994
2 27035 007.9528 090.9947 7123385 091.3169 343.4639 02.32840432143846
0 ARIANE 2 DEB
1 27035U 89006Q   18221.23462475  .00001628  00000-0  15463-1 0  9994
2 27035   7.9528  90.9947 7123385  91.3169 343.4639  2.32840432143846
0 ARIANE 2 DEB
1 27035U 89006Q   18225.09877940 +.00001361 +00000-0 +12468-1 0  9995
2 27035 007.9563 089.4714 7126100 094.3360 342.4367 02.32842681143939
0 ARIANE 2 DEB
1 27035U 89006Q   18227.67467937 +.00001972 +00000-0 +16795-1 0  9997
2 27035 007.9583 088.4520 7127177 096.3500 341.6924 02.32855111143996
0 ARIANE 2 DEB
1 27035U 89006Q   18227.67467937  .00001972  00000-0  16795-1 0  9997
2 27035   7.9583  88.4520 7127177  96.3500 341.6924  2.32855111143996
0 ARIANE 2 DEB
1 27035U 89006Q   18228.96250876 +.00001273 +00000-0 +10889-1 0  9994
2 27035 007.9602 087.9546 7128518 097.3541 341.2939 02.32867790144029
0 ARIANE 2 DEB
1 27035U 89006Q   18228.96250876  .00001273  00000-0  10889-1 0  9994
2 27035   7.9602  87.9546 7128518  97.3541 341.2939  2.32867790144029
0 ARIANE 2 DEB
1 27035U 89006Q   18229.82109142 +.00000421 +00000-0 +45263-2 0  9998
2 27035 007.9591 087.6897 7126054 097.9220 341.0282 02.32854716144040
0 ARIANE 2 DEB
1 27035U 89006Q   18229.82109142  .00000421  00000-0  45263-2 0  9998
2 27035   7.9591  87.6897 7126054  97.9220 341.0282  2.32854716144040
0 ARIANE 2 DEB
1 27035U 89006Q   18267.15517663 -.00000120  00000-0  56816-3 0  9991
2 27035   7.9676  72.6860 7137399 127.1011 321.6832  2.32892813144917
0 ARIANE 2 DEB
1 27035U 89006Q   19025.46017223 -.00010508  00000-0 -81438-1 0  9993
2 27035   8.4784  24.3301 7128338 223.3109  50.6059  2.32856944147780
0 ARIANE 2 DEB
1 27035U 89006Q   19026.74724659  .00013815  00000-0  12174+0 0  9994
2 27035   8.4802  23.8543 7121440 224.3498  49.8465  2.32966870147817
0 ARIANE 2 DEB
1 27035U 89006Q   19027.17602355 -.00000556  00000-0 -45102-2 0  9990
2 27035   8.4861  23.7078 7113820 224.6759  49.5032  2.32940369147823
0 ARIANE 2 DEB
1 27035U 89006Q   19027.60478949  .00000198  00000-0  29614-2 0  9998
2 27035   8.4874  23.5486 7114737 225.0012  49.0206  2.32940178147830
0 ARIANE 2 DEB
1 27035U 89006Q   19028.46232980 -.00000550  00000-0 -46529-2 0  9994
2 27035   8.4898  23.2317 7113853 225.6425  48.1365  2.32937507147858
0 ARIANE 2 DEB
1 27035U 89006Q   19028.46233143 -.00000508 +00000-0 -42288-2 0  9997
2 27035 008.4898 023.2312 7113937 225.6430 048.1345 02.32936925147853
0 ARIANE 2 DEB
1 27035U 89006Q   19029.74871335 -.00000631 +00000-0 -58500-2 0  9991
2 27035 008.4937 022.7550 7112787 226.6045 046.8586 02.32935419147882
0 ARIANE 2 DEB
1 27035U 89006Q   19029.74871335 -.00000631  00000-0 -58500-2 0  9991
2 27035   8.4937  22.7550 7112787 226.6045  46.8586  2.32935419147882
0 ARIANE 2 DEB
1 27035U 89006Q   19030.60635662 -.00000694 +00000-0 -67625-2 0  9996
2 27035 008.4960 022.4384 7111988 227.2464 046.0406 02.32933311147909
0 ARIANE 2 DEB
1 27035U 89006Q   19030.60635662 -.00000694  00000-0 -67625-2 0  9996
2 27035   8.4960  22.4384 7111988 227.2464  46.0406  2.32933311147909
0 ARIANE 2 DEB
1 27035U 89006Q   19031.46403211 -.00000824 +00000-0 -83442-2 0  9994
2 27035 008.4983 022.1216 7111403 227.8862 045.2452 02.32931178147928
0 ARIANE 2 DEB
1 27035U 89006Q   19031.89288253 -.00000587 +00000-0 -59393-2 0  9992
2 27035 008.4997 021.9654 7111030 228.2031 044.8605 02.32931511147932
0 ARIANE 2 DEB
1 27035U 89006Q   19032.75058686 -.00001320  00000-0 -13518-1 0  9997
2 27035   8.5016  21.6393 7112030 228.8466  44.0642  2.32926484147959
0 ARIANE 2 DEB
1 27035U 89006Q   19033.60832599 -.00000954 +00000-0 -97848-2 0  9996
2 27035 008.5032 021.3151 7111578 229.4941 043.3032 02.32925048147979
0 ARIANE 2 DEB
1 27035U 89006Q   19034.46610187 -.00001239  00000-0 -12808-1 0  9997
2 27035   8.5054  20.9971 7111168 230.1342  42.5642  2.32922382147995
0 ARIANE 2 DEB
1 27035U 89006Q   19035.75279454 -.00001352 +00000-0 -13979-1 0  9994
2 27035 008.5081 020.5187 7110693 231.0963 041.4721 02.32919643148028
0 ARIANE 2 DEB
1 27035U 89006Q   19036.61062977 -.00000696  00000-0 -69516-2 0  9999
2 27035   8.5106  20.2047 7110172 231.7327  40.7656  2.32917236148048
0 ARIANE 2 DEB
1 27035U 89006Q   19037.46848607 -.00001432  00000-0 -14894-1 0  9992
2 27035   8.5130  19.8904 7109745 232.3678  40.0681  2.32913486148067
0 ARIANE 2 DEB
1 27035U 89006Q   19037.89740409 -.00001002 +00000-0 -10188-1 0  9995
2 27035 008.5136 019.7303 7109800 232.6887 039.7148 02.32914665148076
0 ARIANE 2 DEB
1 27035U 89006Q   19037.89740409 -.00001002  00000-0 -10188-1 0  9995
2 27035   8.5136  19.7303 7109800 232.6887  39.7148  2.32914665148076
0 ARIANE 2 DEB
1 27035U 89006Q   19039.61318823 -.00001319  00000-0 -14201-1 0  9999
2 27035   8.5189  19.1141 7107263 233.9491  38.3956  2.32910068148114
0 ARIANE 2 DEB
1 27035U 89006Q   19040.04213876 -.00000751  00000-0 -78010-2 0  9998
2 27035   8.5196  18.9560 7107205 234.2662  38.0621  2.32910521148125
0 ARIANE 2 DEB
1 27035U 89006Q   19040.90008737 -.00000997  00000-0 -10480-1 0  9999
2 27035   8.5230  18.6496 7108195 234.8959  37.3933  2.32908360148141
0 ARIANE 2 DEB
1 27035U 89006Q   19041.32906292 -.00001400 +00000-0 -15083-1 0  9993
2 27035 008.5242 018.4936 7107980 235.2128 037.0734 02.32906959148154
0 ARIANE 2 DEB
1 27035U 89006Q   19042.18702936 -.00001417  00000-0 -15521-1 0  9992
2 27035   8.5261  18.1796 7107502 235.8482  36.4452  2.32904980148179
0 ARIANE 2 DEB
1 27035U 89006Q   19042.61602737 -.00001494 +00000-0 -16513-1 0  9995
2 27035 008.5270 018.0219 7107343 236.1667 036.1361 02.32902898148183
0 ARIANE 2 DEB
1 27035U 89006Q   19043.47404363 -.00001284  00000-0 -14423-1 0  9990
2 27035   8.5291  17.7115 7106848 236.7993  35.5387  2.32901153148201
0 ARIANE 2 DEB
1 27035U 89006Q   19044.33208723 -.00001427 +00000-0 -16371-1 0  9991
2 27035 008.5313 017.4003 7106300 237.4332 034.9606 02.32899679148225
0 ARIANE 2 DEB
1 27035U 89006Q   19044.33208723 -.00001427  00000-0 -16371-1 0  9991
2 27035   8.5313  17.4003 7106300 237.4332  34.9606  2.32899679148225
0 ARIANE 2 DEB
1 27035U 89006Q   19045.61925802 -.00000961 +00000-0 -11142-1 0  9990
2 27035 008.5390 016.9539 7106724 238.3699 034.1238 02.32896041148250
0 ARIANE 2 DEB
1 27035U 89006Q   19045.61925802 -.00000961  00000-0 -11142-1 0  9990
2 27035   8.5390  16.9539 7106724 238.3699  34.1238  2.32896041148250
0 ARIANE 2 DEB
1 27035U 89006Q   19046.47738797 -.00000577  00000-0 -69539-2 0  9997
2 27035   8.5419  16.6519 7105675 238.9971  33.6030  2.32895042148276
0 ARIANE 2 DEB
1 27035U 89006Q   19047.33556529 -.00000761  00000-0 -97427-2 0  9996
2 27035   8.5483  16.3768 7101662 239.6049  33.1524  2.32896550148296
0 ARIANE 2 DEB
1 27035U 89006Q   19047.76464112 -.00000219 +00000-0 -30530-2 0  9999
2 27035 008.5523 016.2346 7100097 239.9088 032.9239 02.32899610148301
0 ARIANE 2 DEB
1 27035U 89006Q   19048.62281577  .00000300  00000-0  38492-2 0  9991
2 27035   8.5593  15.9421 7097183 240.5264  32.4596  2.32897715148320
0 ARIANE 2 DEB
1 27035U 89006Q   19049.05192184 -.00001962  00000-0 -23534-1 0  9991
2 27035   8.5477  15.7427 7104090 240.8758  32.0823  2.32887880148334
0 ARIANE 2 DEB
1 27035U 89006Q   19049.48100793  .00000030  00000-0  37724-3 0  9994
2 27035   8.5472  15.5806 7105325 241.1947  31.8081  2.32890314148344
0 ARIANE 2 DEB
1 27035U 89006Q   19049.91012082 -.00001364  00000-0 -15684-1 0  9997
2 27035   8.5500  15.4269 7105962 241.5079  31.5477  2.32886034148356
0 ARIANE 2 DEB
1 27035U 89006Q   19052.91383877 -.00000761  00000-0 -80058-2 0  9992
2 27035   8.5555  14.3338 7105315 243.7219  29.7928  2.32880726148423
0 ARIANE 2 DEB
1 27035U 89006Q   19053.77207475 -.00000951 +00000-0 -10195-1 0  9991
2 27035 008.5569 014.0216 7104953 244.3551 029.3082 02.32879104148440
0 ARIANE 2 DEB
1 27035U 89006Q   19055.05946355 -.00000747  00000-0 -77484-2 0  9999
2 27035   8.5596  13.5490 7105428 245.3048  28.5923  2.32876981148476
0 ARIANE 2 DEB
1 27035U 89006Q   19055.48858961 -.00000954 +00000-0 -10267-1 0  9996
2 27035 008.5592 013.3810 7105207 245.6390 028.3532 02.32876137148482
0 ARIANE 2 DEB
1 27035U 89006Q   19055.91776106 -.00001091  00000-0 -12030-1 0  9997
2 27035   8.5602  13.2270 7104772 245.9529  28.1357  2.32873727148492
0 ARIANE 2 DEB
1 27035U 89006Q   19056.77609883 -.00000831 +00000-0 -91523-2 0  9995
2 27035 008.5625 012.9315 7104647 246.5680 027.7106 02.32872942148517
0 ARIANE 2 DEB
1 27035U 89006Q   19058.92197465 -.00000856  00000-0 -10038-1 0  9990
2 27035   8.5648  12.1392 7104100 248.1602  26.6774  2.32870615148564
0 ARIANE 2 DEB
1 27035U 89006Q   19059.35119901 -.00000825 +00000-0 -97360-2 0  9997
2 27035 008.5663 012.0114 7104230 248.4526 026.4934 02.32869037148577
0 ARIANE 2 DEB
1 27035U 89006Q   19061.06800679 -.00000944  00000-0 -11313-1 0  9992
2 27035   8.5681  11.3784 7104258 249.7232  25.7202  2.32865571148614
0 ARIANE 2 DEB
1 27035U 89006Q   19062.35564624 -.00000858  00000-0 -10304-1 0  9995
2 27035   8.5693  10.9117 7103866 250.6770  25.1579  2.32863370148643
0 ARIANE 2 DEB
1 27035U 89006Q   19064.07251700 -.00000814  00000-0 -96292-2 0  9997
2 27035   8.5709  10.2843 7103505 251.9416  24.4214  2.32861436148684
0 ARIANE 2 DEB
1 27035U 89006Q   19064.50174713 -.00000879  00000-0 -10336-1 0  9998
2 27035   8.5713  10.1289 7103667 252.2587  24.2351  2.32860022148695
0 ARIANE 2 DEB
1 27035U 89006Q   19067.50637811 -.00000828  00000-0 -95935-2 0  9997
2 27035   8.5747   9.0522 7103014 254.4529  22.9830  2.32856075148763
0 ARIANE 2 DEB
1 27035U 89006Q   19067.93561674 -.00000794 +00000-0 -92727-2 0  9995
2 27035 008.5764 008.9015 7102415 254.7593 022.8179 02.32856028148779
0 ARIANE 2 DEB
1 27035U 89006Q   19067.93562381 -.00001015  00000-0 -11975-1 0  9993
2 27035   8.5775   8.8859 7102531 254.7726  22.8098  2.32854989148777
0 ARIANE 2 DEB
1 27035U 89006Q   19071.79897175 -.00000720  00000-0 -88790-2 0  9996
2 27035   8.5805   7.5059 7102187 257.5997  21.3234  2.32850045148862
0 ARIANE 2 DEB
1 27035U 89006Q   19073.51611639 -.00000611 +00000-0 -78568-2 0  9998
2 27035 008.5813 006.8806 7101918 258.8611 020.7319 02.32848667148900
0 ARIANE 2 DEB
1 27035U 89006Q   19073.51611639 -.00000611  00000-0 -78568-2 0  9998
2 27035   8.5813   6.8806 7101918 258.8611  20.7319  2.32848667148900
0 ARIANE 2 DEB
1 27035U 89006Q   19076.52123019 -.00000528  00000-0 -68437-2 0  9993
2 27035   8.5825   5.7864 7101658 261.0715  19.7578  2.32845669148978
0 ARIANE 2 DEB
1 27035U 89006Q   19079.95568659 -.00000553  00000-0 -62207-2 0  9993
2 27035   8.5839   4.5373 7101279 263.5956  18.6425  2.32842454149056
0 ARIANE 2 DEB
1 27035U 89006Q   19082.10232619 -.00000720 +00000-0 -83318-2 0  9990
2 27035 008.5844 003.7641 7099098 265.1566 017.9785 02.32837503149107
0 ARIANE 2 DEB
1 27035U 89006Q   19083.39033690 -.00000561  00000-0 -63319-2 0  9992
2 27035   8.5848   3.3085 7098851 266.0924  17.5916  2.32834998149133
0 ARIANE 2 DEB
1 27035U 89006Q   19088.97178107 -.00000342  00000-0 -44042-2 0  9993
2 27035   8.5861   1.3118 7100564 270.1663  16.1077  2.32837162149267
0 ARIANE 2 DEB
1 27035U 89006Q   19091.97729228 -.00000295  00000-0 -35665-2 0  9991
2 27035   8.5856   0.2096 7100509 272.3837  15.3619  2.32836649149330
0 ARIANE 2 DEB
1 27035U 89006Q   19091.97729228 -.00000295 +00000-0 -35665-2 0  9991
2 27035 008.5856 000.2096 7100509 272.3837 015.3619 02.32836649149330
0 ARIANE 2 DEB
1 27035U 89006Q   19363.36632871 -.00000091 +00000-0 +00000-0 0  9999
2 27035 008.1833 254.7353 7092335 119.3207 328.2598 02.32923547000018
0 ARIANE 2 DEB
1 27035U 89006Q   19363.36632871 -.00000091 +00000-0 +00000-0 0  9999
2 27035 008.1833 254.7353 7092335 119.3207 328.2598 02.32923547155659
0 ARIANE 2 DEB
1 27035U 89006Q   20004.80205769  .00000185  00000-0  23068-2 0  9998
2 27035   8.1914 252.1714 7088759 124.2546 323.6053  2.32870583155801
0 ARIANE 2 DEB
1 27035U 89006Q   20007.80524948  .00000745  00000-0  10754-1 0  9993
2 27035   8.1953 250.9798 7089864 126.5547 321.3287  2.32877891155876
0 ARIANE 2 DEB
1 27035U 89006Q   20008.66317988  .00000986  00000-0  14530-1 0  9995
2 27035   8.2006 250.5852 7089947 127.2564 320.5892  2.32881691155890
0 ARIANE 2 DEB
1 27035U 89006Q   20014.23946951  .00000246  00000-0  40743-2 0  9998
2 27035   8.2079 248.3720 7091863 131.5373 315.5992  2.32885483156029
0 ARIANE 2 DEB
1 27035U 89006Q   20016.81276277  .00001001  00000-0  14233-1 0  9995
2 27035   8.2122 247.3437 7093093 133.5315 313.0204  2.32889748156080
0 ARIANE 2 DEB
1 27035U 89006Q   20019.81466447  .00001122  00000-0  15657-1 0  9993
2 27035   8.2179 246.1474 7094002 135.8534 309.8231  2.32894030156150
0 ARIANE 2 DEB
1 27035U 89006Q   20020.24348809  .00000610  00000-0  86114-2 0  9991
2 27035   8.2263 246.0034 7093616 136.1745 309.3516  2.32894468156160
0 ARIANE 2 DEB
1 27035U 89006Q   20022.81621672  .00000819  00000-0  12382-1 0  9994
2 27035   8.2292 244.9901 7094525 138.1420 306.3856  2.32898686156221
0 ARIANE 2 DEB
1 27035U 89006Q   20025.81731398  .00000548  00000-0  91345-2 0  9990
2 27035   8.2329 243.8135 7095806 140.4364 302.6104  2.32901405156291
0 ARIANE 2 DEB
1 27035U 89006Q   20028.81791389  .00000666  00000-0  99426-2 0  9998
2 27035   8.2360 242.6111 7097199 142.7615 298.4550  2.32905345156360
0 ARIANE 2 DEB
1 27035U 89006Q   20031.81816870  .00000446  00000-0  60432-2 0  9996
2 27035   8.2382 241.4391 7098335 145.0569 294.0477  2.32908217156437
0 ARIANE 2 DEB
1 27035U 89006Q   20032.67530985 +.00000350 +00000-0 +46286-2 0  9996
2 27035 008.2392 241.1025 7098724 145.7139 292.7313 02.32909090156457
0 ARIANE 2 DEB
1 27035U 89006Q   20034.81787281 +.00000252 +00000-0 +33010-2 0  9999
2 27035 008.2438 240.2060 7099864 147.4090 289.2058 02.32909875156502
0 ARIANE 2 DEB
1 27035U 89006Q   20034.81787281  .00000252  00000-0  33010-2 0  9999
2 27035   8.2438 240.2060 7099864 147.4090 289.2058  2.32909875156502
0 ARIANE 2 DEB
1 27035U 89006Q   20036.96044386  .00000126  00000-0  20569-2 0  9994
2 27035   8.2439 239.4189 7100353 148.9970 285.6945  2.32911438156552
0 ARIANE 2 DEB
1 27035U 89006Q   20038.67392726  .00000660  00000-0  90101-2 0  9990
2 27035   8.2489 238.6550 7101793 150.4043 282.4196  2.32913372156594
0 ARIANE 2 DEB
1 27035U 89006Q   20041.67204776 -.00000047  00000-0  50782-3 0  9993
2 27035   8.2670 237.3658 7103634 152.8551 276.2985  2.32915113156667
0 ARIANE 2 DEB
1 27035U 89006Q   20048.52430463  .00000508  00000-0  67168-2 0  9994
2 27035   8.2761 234.7325 7105508 158.0317 261.8980  2.32923458156824
0 ARIANE 2 DEB
1 27035U 89006Q   20053.66134167  .00000428  00000-0  67145-2 0  9993
2 27035   8.2770 232.7161 7108102 161.9889 249.3903  2.32924926156940
0 ARIANE 2 DEB
1 27035U 89006Q   20056.65786886 +.00000562 +00000-0 +76434-2 0  9996
2 27035 008.2681 231.7116 7108906 164.1365 242.0707 02.32928380157015
0 ARIANE 2 DEB
1 27035U 89006Q   20062.64745388  .00000094  00000-0  16590-2 0  9991
2 27035   8.2758 229.1697 7112195 168.9438 224.6070  2.32932187157157
0 ARIANE 2 DEB
1 27035U 89006Q   20065.64210068  .00000482  00000-0  59914-2 0  9994
2 27035   8.2716 228.0251 7113281 171.2233 215.7817  2.32935194157221
0 ARIANE 2 DEB
1 27035U 89006Q   20069.49217408  .00000016  00000-0  15799-2 0  9992
2 27035   8.2690 226.5601 7113548 174.0884 204.3275  2.32937939157314
0 ARIANE 2 DEB
1 27035U 89006Q   20074.62293731  .00000592  00000-0  63795-2 0  9994
2 27035   8.2800 224.3387 7118348 178.3646 186.8352  2.32941382157430
0 ARIANE 2 DEB
1 27035U 89006Q   20075.47854856  .00000596  00000-0  65378-2 0  9992
2 27035   8.2733 224.0451 7117968 178.9643 184.3405  2.32942732157458
0 TBA - TO BE ASSIGNED
1 27035U 89006Q   20087.45244454  .00000176  00000-0  24457-2 0  9997
2 27035   8.2667 219.1642 7122508 188.4184 145.7224  2.32952420157739
0 ARIANE 2 DEB
1 27035U 89006Q   20094.72499399  .00000293  00000-0  36738-2 0  9990
2 27035   8.2491 216.3778 7123507 193.9439 124.6911  2.32956041157908
0 ARIANE 2 DEB
1 27035U 89006Q   20096.43646108 +.00000035 +00000-0 +15963-2 0  9993
2 27035 008.2434 215.6987 7123979 195.2692 119.9956 02.32957373157947
0 ARIANE 2 DEB
1 27035U 89006Q   20096.43646108  .00000035  00000-0  15963-2 0  9993
2 27035   8.2434 215.6987 7123979 195.2692 119.9956  2.32957373157947
0 ARIANE 2 DEB
1 27035U 89006Q   20097.72001179 -.00000145 +00000-0 +60946-4 0  9995
2 27035 008.2405 215.1606 7124553 196.3011 116.4351 02.32957788157978
0 ARIANE 2 DEB
1 27035U 89006Q   20097.72001179 -.00000145  00000-0  60946-4 0  9995
2 27035   8.2405 215.1606 7124553 196.3011 116.4351  2.32957788157978
0 ARIANE 2 DEB
1 27035U 89006Q   20105.85115776  .00000379  00000-0  42276-2 0  9990
2 27035   8.2184 211.7905 7127078 202.7852  95.6152  2.32964477158168
0 ARIANE 2 DEB
1 27035U 89006Q   20107.13538328 +.00000135 +00000-0 +24596-2 0  9990
2 27035 008.2136 211.2660 7127709 203.8086 092.6411 02.32963714158191
0 ARIANE 2 DEB
1 27035U 89006Q   20107.13538328  .00000135  00000-0  24596-2 0  9990
2 27035   8.2136 211.2660 7127709 203.8086  92.6411  2.32963714158191
0 ARIANE 2 DEB
1 27035U 89006Q   20107.99164326 +.00000069 +00000-0 +20262-2 0  9999
2 27035 008.2116 210.9229 7127861 204.4784 090.7573 02.32964099158215
0 ARIANE 2 DEB
1 27035U 89006Q   20109.27607887 +.00000045 +00000-0 +18836-2 0  9994
2 27035 008.2087 210.3960 7128130 205.4961 087.9736 02.32964977158243
0 ARIANE 2 DEB
1 27035U 89006Q   20109.27607887  .00000045  00000-0  18836-2 0  9994
2 27035   8.2087 210.3960 7128130 205.4961  87.9736  2.32964977158243
0 ARIANE 2 DEB
1 27035U 89006Q   20113.12992515  .00000059  00000-0  15629-2 0  9990
2 27035   8.2002 208.8065 7129201 208.5607  80.0880  2.32966783158330
0 ARIANE 2 DEB
1 27035U 89006Q   20116.12786466  .00000073  00000-0  12773-2 0  9992
2 27035   8.1952 207.5760 7129802 210.9373  74.3965  2.32968110158409
0 ARIANE 2 DEB
1 27035U 89006Q   20118.26944441 +.00000100 +00000-0 +13802-2 0  9993
2 27035 008.1909 206.6790 7130195 212.6585 070.4988 02.32969167158455
0 ARIANE 2 DEB
1 27035U 89006Q   20118.26944441  .00000100  00000-0  13802-2 0  9993
2 27035   8.1909 206.6790 7130195 212.6585  70.4988  2.32969167158455
0 ARIANE 2 DEB
1 27035U 89006Q   20121.26812807 +.00000093 +00000-0 +14817-2 0  9995
2 27035 008.1845 205.4321 7130902 215.0554 065.4481 02.32970191158529
0 ARIANE 2 DEB
1 27035U 89006Q   20121.26812807  .00000093  00000-0  14817-2 0  9995
2 27035   8.1845 205.4321 7130902 215.0554  65.4481  2.32970191158529
0 ARIANE 2 DEB
1 27035U 89006Q   20124.26734782  .00000052  00000-0  13867-2 0  9992
2 27035   8.1771 204.1769 7131740 217.4617  60.8600  2.32971203158590
0 ARIANE 2 DEB
1 27035U 89006Q   20125.12431516 +.00000054 +00000-0 +13939-2 0  9999
2 27035 008.1736 203.8081 7132207 218.1653 059.5905 02.32971513158611
0 ARIANE 2 DEB
1 27035U 89006Q   20125.12431516  .00000054  00000-0  13939-2 0  9999
2 27035   8.1736 203.8081 7132207 218.1653  59.5905  2.32971513158611
0 ARIANE 2 DEB
1 27035U 89006Q   20134.98168143 +.00000023 +00000-0 +11852-2 0  9994
2 27035 008.1444 199.6319 7135038 226.1421 046.9562 02.32975534158841
0 ARIANE 2 DEB
1 27035U 89006Q   20134.98168143  .00000023  00000-0  11852-2 0  9994
2 27035   8.1444 199.6319 7135038 226.1421  46.9562  2.32975534158841
0 ARIANE 2 DEB
1 27035U 89006Q   20135.83902746 -.00000107  00000-0  37860-3 0  9996
2 27035   8.1470 199.2364 7134905 226.8551  46.0115  2.32974213158869
0 ARIANE 2 DEB
1 27035U 89006Q   20137.12514799 +.00000052 +00000-0 +15227-2 0  9997
2 27035 008.1385 198.7084 7134454 227.8775 044.7073 02.32977544158896
0 ARIANE 2 DEB
1 27035U 89006Q   20139.26873730  .00000102  00000-0  17662-2 0  9998
2 27035   8.1327 197.7881 7134893 229.6308  42.5580  2.32977838158946
0 ARIANE 2 DEB
1 27035U 89006Q   20149.55963203 +.00000174 +00000-0 +17205-2 0  9998
2 27035 008.1097 193.3732 7136786 238.0307 033.7382 02.32981545159182
0 ARIANE 2 DEB
1 27035U 89006Q   20151.27513025 +.00001835 +00000-0 +12880-1 0  9991
2 27035 008.1066 192.6545 7136040 239.3951 032.5677 02.32982067159223
0 ARIANE 2 DEB
1 27035U 89006Q   20151.27518615 -.00000492  00000-0 -24625-2 0  9992
2 27035   8.1036 192.6069 7137298 239.4661  32.4898  2.32969794159222
0 ARIANE 2 DEB
1 27035U 89006Q   20155.13501125 -.00000011  00000-0  70838-3 0  9993
2 27035   8.0960 190.9274 7136287 242.6181  29.9650  2.32982745159314
0 ARIANE 2 DEB
1 27035U 89006Q   20158.13729268 +.00000376 +00000-0 +30355-2 0  9998
2 27035 008.0883 189.5875 7137131 245.1212 028.0796 02.32983862159380
0 ARIANE 2 DEB
1 27035U 89006Q   20158.13729268  .00000376  00000-0  30355-2 0  9998
2 27035   8.0883 189.5875 7137131 245.1212  28.0796  2.32983862159380
0 ARIANE 2 DEB
1 27035U 89006Q   20161.99763984 +.00000213 +00000-0 +21081-2 0  9995
2 27035 008.0795 187.8741 7137212 248.3348 025.9077 02.32986589159477
0 ARIANE 2 DEB
1 27035U 89006Q   20164.14240495  .00000033  00000-0  11125-2 0  9990
2 27035   8.0753 186.9302 7137340 250.1115  24.8174  2.32985940159521
0 ARIANE 2 DEB
1 27035U 89006Q   20167.14517489  .00000208  00000-0  22382-2 0  9994
2 27035   8.0708 185.6128 7137632 252.5921  23.3912  2.32987379159597
0 ARIANE 2 DEB
1 27035U 89006Q   20170.14806257 +.00000298 +00000-0 +25450-2 0  9990
2 27035 008.0660 184.2955 7137730 255.0755 022.0539 02.32986642159660
0 ARIANE 2 DEB
1 27035U 89006Q   20170.14806257  .00000298  00000-0  25450-2 0  9990
2 27035   8.0660 184.2955 7137730 255.0755  22.0539  2.32986642159660
0 ARIANE 2 DEB
1 27035U 89006Q   20172.29309786  .00000029  00000-0  65012-3 0  9994
2 27035   8.0643 183.3472 7135075 256.8295  21.1887  2.32985593159719
0 ARIANE 2 DEB
1 27035U 89006Q   20173.15109195 +.00000217 +00000-0 +18705-2 0  9997
2 27035 008.0633 182.9668 7134716 257.5404 020.8434 02.32988533159734
0 ARIANE 2 DEB
1 27035U 89006Q   20173.15109195  .00000217  00000-0  18705-2 0  9997
2 27035   8.0633 182.9668 7134716 257.5404  20.8434  2.32988533159734
0 ARIANE 2 DEB
1 27035U 89006Q   20174.00910214 -.00000252 +00000-0 -13526-2 0  9991
2 27035 008.0623 182.5898 7134666 258.2507 020.5036 02.32989075159759
0 ARIANE 2 DEB
1 27035U 89006Q   20174.00910214 -.00000252  00000-0 -13526-2 0  9991
2 27035   8.0623 182.5898 7134666 258.2507  20.5036  2.32989075159759
0 ARIANE 2 DEB
1 27035U 89006Q   20176.15417929  .00000234  00000-0  19783-2 0  9993
2 27035   8.0598 181.6437 7134379 260.0255  19.6920  2.32988010159806
0 ARIANE 2 DEB
1 27035U 89006Q   20177.01221772 +.00000077 +00000-0 +96207-3 0  9990
2 27035 008.0589 181.2604 7134287 260.7430 019.3771 02.32989680159825
0 ARIANE 2 DEB
1 27035U 89006Q   20177.01221772  .00000077  00000-0  96207-3 0  9990
2 27035   8.0589 181.2604 7134287 260.7430  19.3771  2.32989680159825
0 ARIANE 2 DEB
1 27035U 89006Q   20179.15738349  .00000272  00000-0  25139-2 0  9992
2 27035   8.0566 180.3093 7133946 262.5247  18.6236  2.32984810159872
0 ARIANE 2 DEB
1 27035U 89006Q   20182.16062600  .00000279  00000-0  27491-2 0  9997
2 27035   8.0543 178.9562 7133509 265.0420  17.6057  2.32989523159941
0 ARIANE 2 DEB
1 27035U 89006Q   20183.01869278  .00000342  00000-0  31643-2 0  9993
2 27035   8.0539 178.5677 7133498 265.7623  17.3232  2.32993735159962
0 ARIANE 2 DEB
1 27035U 89006Q   20185.16387750  .00000320  00000-0  28352-2 0  9990
2 27035   8.0524 177.5840 7134069 267.5808  16.6300  2.32989521160011
0 ARIANE 2 DEB
1 27035U 89006Q   20188.16725887 +.00000615 +00000-0 +48150-2 0  9995
2 27035 008.0516 176.2049 7133426 270.1309 015.7386 02.32990238160089
0 ARIANE 2 DEB
1 27035U 89006Q   20188.16725887  .00000615  00000-0  48150-2 0  9995
2 27035   8.0516 176.2049 7133426 270.1309  15.7386  2.32990238160089
0 ARIANE 2 DEB
1 27035U 89006Q   20189.02540531 -.00000969  00000-0 -62726-2 0  9991
2 27035   8.0512 175.8104 7132648 270.8537  15.5040  2.32984069160100
0 ARIANE 2 DEB
1 27035U 89006Q   20191.17081292 +.00000203 +00000-0 +22001-2 0  9995
2 27035 008.0509 174.8496 7132014 272.6471 014.9306 02.32982900160158
0 ARIANE 2 DEB
1 27035U 89006Q   20191.17081292  .00000203  00000-0  22001-2 0  9995
2 27035   8.0509 174.8496 7132014 272.6471  14.9306  2.32982900160158
0 ARIANE 2 DEB
1 27035U 89006Q   20192.02898295 +.00000043 +00000-0 +11205-2 0  9995
2 27035 008.0506 174.4731 7132063 273.3579 014.7070 02.32983417160176
0 ARIANE 2 DEB
1 27035U 89006Q   20192.88702194 -.00000682  00000-0 -40317-2 0  9998
2 27035   8.0511 174.1170 7131603 274.0197  14.5055  2.32990786160199
0 ARIANE 2 DEB
1 27035U 89006Q   20195.03241644 +.00000765 +00000-0 +65271-2 0  9992
2 27035 008.0522 173.1541 7130627 275.8109 013.9691 02.32993521160244
0 ARIANE 2 DEB
1 27035U 89006Q   20195.03241644  .00000765  00000-0  65271-2 0  9992
2 27035   8.0522 173.1541 7130627 275.8109  13.9691  2.32993521160244
0 ARIANE 2 DEB
1 27035U 89006Q   20197.17780672  .00000033  00000-0  10197-2 0  9993
2 27035   8.0557 172.1615 7129147 277.6325  13.4460  2.32992114160299
0 ARIANE 2 DEB
1 27035U 89006Q   20197.60688439 -.00000087 +00000-0 +68393-4 0  9992
2 27035 008.0548 171.9978 7129604 277.9589 013.3496 02.32991766160303
0 ARIANE 2 DEB
1 27035U 89006Q   20200.18144661 -.00000537  00000-0 -36791-2 0  9990
2 27035   8.0565 170.8590 7128570 280.0966  12.7673  2.32984014160369
0 ARIANE 2 DEB
1 27035U 89006Q   20202.32695373 -.00000343  00000-0 -24018-2 0  9993
2 27035   8.0581 169.9123 7127750 281.8757  12.3108  2.32986893160416
0 ARIANE 2 DEB
1 27035U 89006Q   20203.61419121  .00000819  00000-0  66563-2 0  9998
2 27035   8.0593 169.3544 7127130 282.9253  12.0521  2.32999502160445
0 ARIANE 2 DEB
1 27035U 89006Q   20204.04327762  .00000279  00000-0  24775-2 0  9994
2 27035   8.0593 169.1569 7126623 283.2757  11.9688  2.32988519160458
0 ARIANE 2 DEB
1 27035U 89006Q   20206.18876507 +.00000226 +00000-0 +22532-2 0  9998
2 27035 008.0618 168.1932 7126550 285.0655 011.5318 02.32990141160501
0 ARIANE 2 DEB
1 27035U 89006Q   20206.18876507  .00000226  00000-0  22532-2 0  9998
2 27035   8.0618 168.1932 7126550 285.0655  11.5318  2.32990141160501
0 ARIANE 2 DEB
1 27035U 89006Q   20207.04697198 +.00001078 +00000-0 +92018-2 0  9993
2 27035 008.0625 167.8169 7126108 285.7701 011.3630 02.32991075160529
0 ARIANE 2 DEB
1 27035U 89006Q   20208.33427731  .00000058  00000-0  12228-2 0  9992
2 27035   8.0645 167.2430 7125437 286.8394  11.1078  2.32991359160552
0 ARIANE 2 DEB
1 27035U 89006Q   20209.19248054 +.00000781 +00000-0 +72074-2 0  9994
2 27035 008.0661 166.8550 7124986 287.5595 010.9375 02.32991862160575
0 ARIANE 2 DEB
1 27035U 89006Q   20210.05069087 -.00000385 +00000-0 -22934-2 0  9990
2 27035 008.0675 166.4691 7124677 288.2755 010.7696 02.32988396160599
0 ARIANE 2 DEB
1 27035U 89006Q   20211.33800013  .00001143  00000-0  10239-1 0  9999
2 27035   8.0699 165.8994 7124534 289.3354  10.5256  2.32993005160620
0 ARIANE 2 DEB
1 27035U 89006Q   20211.33801871 -.00000629  00000-0 -43638-2 0  9992
2 27035   8.0700 165.8992 7124312 289.3406  10.5257  2.32989264160626
0 ARIANE 2 DEB
1 27035U 89006Q   20212.19621677 -.00000017 +00000-0 +62818-3 0  9993
2 27035 008.0716 165.5124 7124286 290.0511 010.3671 02.32989288160649
0 ARIANE 2 DEB
1 27035U 89006Q   20213.05443566  .00001562  00000-0  13634-1 0  9993
2 27035   8.0738 165.1252 7124060 290.7677  10.2127  2.32992160160661
0 ARIANE 2 DEB
1 27035U 89006Q   20213.48354148 +.00000354 +00000-0 +35630-2 0  9996
2 27035 008.0752 164.9251 7123995 291.1322 010.1356 02.32991582160672
0 ARIANE 2 DEB
1 27035U 89006Q   20213.91265505  .00000026  00000-0  79767-3 0  9998
2 27035   8.0763 164.7305 7123800 291.4931  10.0610  2.32991517160687
0 ARIANE 2 DEB
1 27035U 89006Q   20214.34177061 -.00000070 +00000-0 -52013-4 0  9992
2 27035 008.0773 164.5445 7123805 291.8437 009.9888 02.32991228160695
0 ARIANE 2 DEB
1 27035U 89006Q   20215.19999959 +.00000745 +00000-0 +67293-2 0  9995
2 27035 008.0802 164.1535 7123421 292.5641 009.8438 02.32991695160714
0 ARIANE 2 DEB
1 27035U 89006Q   20216.05824807  .00000282  00000-0  28536-2 0  9993
2 27035   8.0821 163.7711 7122534 293.2803   9.7051  2.32990225160738
0 ARIANE 2 DEB
1 27035U 89006Q   20216.48736106 +.00001423 +00000-0 +12587-1 0  9990
2 27035 008.0828 163.5779 7122543 293.6359 009.6346 02.32992160160744
0 ARIANE 2 DEB
1 27035U 89006Q   20216.48736106  .00001423  00000-0  12587-1 0  9990
2 27035   8.0828 163.5779 7122543 293.6359   9.6346  2.32992160160744
0 ARIANE 2 DEB
1 27035U 89006Q   20217.77472859  .00000165  00000-0  19462-2 0  9997
2 27035   8.0856 163.0031 7121411 294.7064   9.4297  2.32990691160772
0 ARIANE 2 DEB
1 27035U 89006Q   20218.20384480 -.00000802 +00000-0 -64365-2 0  9990
2 27035 008.0860 162.8225 7121487 295.0494 009.3623 02.32988729160785
0 ARIANE 2 DEB
1 27035U 89006Q   20218.20384480 -.00000802  00000-0 -64365-2 0  9990
2 27035   8.0860 162.8225 7121487 295.0494   9.3623  2.32988729160785
0 ARIANE 2 DEB
1 27035U 89006Q   20218.20384882 +.00001205 +00000-0 +11045-1 0  9998
2 27035 008.0868 162.8200 7121379 295.0552 009.3617 02.32992387160789
0 ARIANE 2 DEB
1 27035U 89006Q   20219.06209683 +.00002311 +00000-0 +21031-1 0  9993
2 27035 008.0881 162.4520 7120686 295.7490 009.2293 02.32992743160801
0 ARIANE 2 DEB
1 27035U 89006Q   20219.06209683  .00002311  00000-0  21031-1 0  9993
2 27035   8.0881 162.4520 7120686 295.7490   9.2293  2.32992743160801
0 ARIANE 2 DEB
1 27035U 89006Q   20219.49119423 +.00000780 +00000-0 +75085-2 0  9999
2 27035 008.0877 162.2724 7121104 296.0890 009.1607 02.32993898160815
0 ARIANE 2 DEB
1 27035U 89006Q   20219.92031552 -.00001250 +00000-0 -10293-1 0  9997
2 27035 008.0885 162.0863 7120757 296.4402 009.0937 02.32992368160829
0 ARIANE 2 DEB
1 27035U 89006Q   20219.92031552 -.00001250  00000-0 -10293-1 0  9997
2 27035   8.0885 162.0863 7120757 296.4402   9.0937  2.32992368160829
0 ARIANE 2 DEB
1 27035U 89006Q   20221.20767848 -.00000253 +00000-0 -14056-2 0  9999
2 27035 008.0918 161.5140 7120261 297.5035 008.8883 02.32988212160855
0 ARIANE 2 DEB
1 27035U 89006Q   20221.20769189  .00001598  00000-0  15149-1 0  9993
2 27035   8.0915 161.5341 7119933 297.4858   8.8933  2.32991029160857
0 ARIANE 2 DEB
1 27035U 89006Q   20222.06589792  .00000524  00000-0  55333-2 0  9996
2 27035   8.0947 161.1401 7120342 298.2009   8.7522  2.32990854160878
0 ARIANE 2 DEB
1 27035U 89006Q   20222.06590431  .00003892  00000-0  35814-1 0  9990
2 27035   8.0931 161.1690 7119697 298.1734   8.7605  2.33001225160874
0 ARIANE 2 DEB
1 27035U 89006Q   20222.49502241 +.00001510 +00000-0 +14341-1 0  9996
2 27035 008.0958 160.9601 7120160 298.5459 008.6862 02.32993235160882
0 ARIANE 2 DEB
1 27035U 89006Q   20222.92414392  .00000346  00000-0  39923-2 0  9993
2 27035   8.0974 160.7643 7119809 298.9048   8.6185  2.32990498160897
0 ARIANE 2 DEB
1 27035U 89006Q   20222.92414516 -.00000032 +00000-0 +60043-3 0  9992
2 27035 008.0971 160.7663 7119884 298.9038 008.6184 02.32989850160897
0 ARIANE 2 DEB
1 27035U 89006Q   20224.21150160  .00001252  00000-0  12170-1 0  9998
2 27035   8.1006 160.2126 7119214 299.9485   8.4223  2.32995585160928
0 ARIANE 2 DEB
1 27035U 89006Q   20224.21150417 -.00001300  00000-0 -10943-1 0  9995
2 27035   8.1004 160.2125 7119326 299.9468   8.4220  2.32990446160928
0 ARIANE 2 DEB
1 27035U 89006Q   20225.49887770 -.00000209 +00000-0 -12284-2 0  9993
2 27035 008.1038 159.6580 7118575 300.9938 008.2304 02.32989716160954
0 ARIANE 2 DEB
1 27035U 89006Q   20225.49887770 -.00000209  00000-0 -12284-2 0  9993
2 27035   8.1038 159.6580 7118575 300.9938   8.2304  2.32989716160954
0 ARIANE 2 DEB
1 27035U 89006Q   20227.21540320 -.00000275 +00000-0 -21470-2 0  9992
2 27035 008.1075 158.9223 7117341 302.3890 007.9861 02.32989355160991
0 ARIANE 2 DEB
1 27035U 89006Q   20228.07365048 -.00000005 +00000-0 +24104-3 0  9997
2 27035 008.1095 158.5551 7117495 303.0802 007.8665 02.32990718161014
0 ARIANE 2 DEB
1 27035U 89006Q   20228.50277287 -.00000384 +00000-0 -33557-2 0  9994
2 27035 008.1111 158.3659 7117560 303.4320 007.8069 02.32991034161023
0 ARIANE 2 DEB
1 27035U 89006Q   20228.93190742 -.00000574 +00000-0 -52193-2 0  9999
2 27035 008.1121 158.1817 7117262 303.7805 007.7499 02.32991068161032
0 ARIANE 2 DEB
1 27035U 89006Q   20228.93190742 -.00000574  00000-0 -52193-2 0  9999
2 27035   8.1121 158.1817 7117262 303.7805   7.7499  2.32991068161032
0 ARIANE 2 DEB
1 27035U 89006Q   20229.79019763 -.00000768 +00000-0 -72595-2 0  9990
2 27035 008.1137 157.8204 7116369 304.4724 007.6398 02.32988853161057
0 ARIANE 2 DEB
1 27035U 89006Q   20230.64847217 -.00000467  00000-0 -44871-2 0  9991
2 27035   8.1183 157.4307 7115816 305.1921   7.5249  2.32986768161070
0 ARIANE 2 DEB
1 27035U 89006Q   20231.07761273 -.00000024  00000-0 -23665-3 0  9994
2 27035   8.1174 157.2611 7115940 305.5210   7.4715  2.32986264161088
0 ARIANE 2 DEB
1 27035U 89006Q   20231.93589583 -.00000759 +00000-0 -73328-2 0  9996
2 27035 008.1204 156.8855 7115599 306.2237 007.3590 02.32985205161101
0 ARIANE 2 DEB
1 27035U 89006Q   20232.79419007 -.00000733 +00000-0 -71373-2 0  9994
2 27035 008.1233 156.5125 7114703 306.9256 007.2477 02.32985004161126
0 ARIANE 2 DEB
1 27035U 89006Q   20232.79419007 -.00000733  00000-0 -71373-2 0  9994
2 27035   8.1233 156.5125 7114703 306.9256   7.2477  2.32985004161126
0 ARIANE 2 DEB
1 27035U 89006Q   20234.08163409 -.00000124 +00000-0 -97165-3 0  9992
2 27035 008.1279 155.9524 7114065 307.9743 007.0751 02.32979947161150
0 ARIANE 2 DEB
1 27035U 89006Q   20234.93992749 -.00000558  00000-0 -51774-2 0  9999
2 27035   8.1315 155.5789 7113576 308.6730   6.9578  2.32981349161176
0 ARIANE 2 DEB
1 27035U 89006Q   20235.36907246 -.00001610 +00000-0 -15677-1 0  9996
2 27035 008.1329 155.3962 7113516 309.0168 006.8988 02.32979159161187
0 ARIANE 2 DEB
1 27035U 89006Q   20235.36907246 -.00001610  00000-0 -15677-1 0  9996
2 27035   8.1329 155.3962 7113516 309.0168   6.8988  2.32979159161187
0 ARIANE 2 DEB
1 27035U 89006Q   20237.08572123 -.00000166  00000-0 -92952-3 0  9997
2 27035   8.1369 154.6625 7111344 310.4005   6.6676  2.32976150161227
0 ARIANE 2 DEB
1 27035U 89006Q   20237.51488329 -.00001143 +00000-0 -11165-1 0  9990
2 27035 008.1384 154.4765 7110966 310.7487 006.6095 02.32973076161233
0 ARIANE 2 DEB
1 27035U 89006Q   20237.51488329 -.00001143  00000-0 -11165-1 0  9990
2 27035   8.1384 154.4765 7110966 310.7487   6.6095  2.32973076161233
0 ARIANE 2 DEB
1 27035U 89006Q   20239.23153605 -.00001015  00000-0 -99343-2 0  9990
2 27035   8.1467 153.7306 7110404 312.1488   6.3802  2.32971244161274
0 ARIANE 2 DEB
1 27035U 89006Q   20239.66070311 -.00001395 +00000-0 -13999-1 0  9992
2 27035 008.1488 153.5445 7110505 312.4978 006.3246 02.32967113161281
0 ARIANE 2 DEB
1 27035U 89006Q   20240.08985931  .00000593  00000-0  69796-2 0  9997
2 27035   8.1507 153.3605 7110834 312.8411   6.2703  2.32971282161290
0 ARIANE 2 DEB
1 27035U 89006Q   20240.94816054 -.00001149 +00000-0 -11222-1 0  9991
2 27035 008.1556 152.9820 7112397 313.5447 006.1591 02.32968219161314
0 ARIANE 2 DEB
1 27035U 89006Q   20240.94817329 -.00000430  00000-0 -38557-2 0  9990
2 27035   8.1548 152.9892 7112091 313.5392   6.1609  2.32969356161317
0 ARIANE 2 DEB
1 27035U 89006Q   20241.80653525 -.00000989 +00000-0 -98336-2 0  9992
2 27035 008.1590 152.6153 7111765 314.2384 006.0601 02.32966293161337
0 ARIANE 2 DEB
1 27035U 89006Q   20242.66491862 -.00000632  00000-0 -63405-2 0  9995
2 27035   8.1622 152.2511 7111126 314.9298   5.9640  2.32964728161353
0 ARIANE 2 DEB
1 27035U 89006Q   20243.09409644 -.00000101  00000-0 -81218-3 0  9994
2 27035   8.1649 152.0651 7111315 315.2750   5.9150  2.32965141161369
0 ARIANE 2 DEB
1 27035U 89006Q   20243.95251029 -.00000604  00000-0 -63158-2 0  9991
2 27035   8.1681 151.6963 7109801 315.9732   5.8223  2.32961191161383
0 ARIANE 2 DEB
1 27035U 89006Q   20244.38167993 -.00001016  00000-0 -10687-1 0  9991
2 27035   8.1696 151.5173 7110230 316.3104   5.7741  2.32962795161393
0 ARIANE 2 DEB
1 27035U 89006Q   20244.81088060 -.00001335 +00000-0 -14171-1 0  9992
2 27035 008.1708 151.3384 7109902 316.6513 005.7274 02.32960968161403
0 ARIANE 2 DEB
1 27035U 89006Q   20245.24008591 -.00001101 +00000-0 -11725-1 0  9994
2 27035 008.1719 151.1601 7109530 316.9922 005.6806 02.32959314161413
0 ARIANE 2 DEB
1 27035U 89006Q   20245.24008591 -.00001101  00000-0 -11725-1 0  9994
2 27035   8.1719 151.1601 7109530 316.9922   5.6806  2.32959314161413
0 ARIANE 2 DEB
1 27035U 89006Q   20246.52769516 -.00000437 +00000-0 -45140-2 0  9997
2 27035 008.1768 150.6225 7108710 318.0158 005.5372 02.32958705161449
0 ARIANE 2 DEB
1 27035U 89006Q   20246.95687457 -.00000619  00000-0 -63984-2 0  9995
2 27035   8.1772 150.4404 7109224 318.3550   5.4867  2.32958756161456
0 ARIANE 2 DEB
1 27035U 89006Q   20247.38608995 -.00000993  00000-0 -10540-1 0  9997
2 27035   8.1792 150.2608 7108458 318.6961   5.4391  2.32957913161466
0 ARIANE 2 DEB
1 27035U 89006Q   20248.24450103 -.00001322 +00000-0 -14135-1 0  9990
2 27035 008.1803 149.9095 7108091 319.3688 005.3409 02.32955284161481
0 ARIANE 2 DEB
1 27035U 89006Q   20248.67372246 -.00001092  00000-0 -11678-1 0  9991
2 27035   8.1824 149.7307 7107381 319.7094   5.2923  2.32953160161496
0 ARIANE 2 DEB
1 27035U 89006Q   20249.10289906 -.00000661  00000-0 -66334-2 0  9991
2 27035   8.1822 149.5548 7108841 320.0478   5.2376  2.32953350161507
0 ARIANE 2 DEB
1 27035U 89006Q   20249.96132126 -.00000855 +00000-0 -87577-2 0  9993
2 27035 008.1840 149.2030 7108380 320.7201 005.1381 02.32952365161521
0 ARIANE 2 DEB
1 27035U 89006Q   20249.96132534 -.00000918 +00000-0 -95076-2 0  9999
2 27035 008.1885 149.1955 7108031 320.7270 005.1381 02.32952572161524
0 ARIANE 2 DEB
1 27035U 89006Q   20250.81976929 -.00001522  00000-0 -16441-1 0  9999
2 27035   8.1913 148.8426 7107139 321.4028   5.0392  2.32949546161542
0 ARIANE 2 DEB
1 27035U 89006Q   20251.24897318 -.00001417 +00000-0 -15148-1 0  9997
2 27035 008.1924 148.6599 7107627 321.7475 004.9865 02.32947805161554
0 ARIANE 2 DEB
1 27035U 89006Q   20251.67819535 -.00000782  00000-0 -81233-2 0  9992
2 27035   8.1910 148.4851 7107234 322.0828   4.9378  2.32948135161565
0 ARIANE 2 DEB
1 27035U 89006Q   20252.96584245 -.00000673  00000-0 -69859-2 0  9991
2 27035   8.1977 147.9560 7107669 323.0953   4.7890  2.32946424161590
0 ARIANE 2 DEB
1 27035U 89006Q   20253.82430930 -.00001231 +00000-0 -13501-1 0  9991
2 27035 008.1998 147.6068 7107079 323.7687 004.6951 02.32943980161613
0 ARIANE 2 DEB
1 27035U 89006Q   20253.82431162 -.00001207  00000-0 -13273-1 0  9998
2 27035   8.1997 147.6052 7106894 323.7696   4.6955  2.32944395161614
0 ARIANE 2 DEB
1 27035U 89006Q   20255.11200143 -.00000866  00000-0 -96395-2 0  9992
2 27035   8.2045 147.0711 7107062 324.7877   4.5562  2.32941846161649
0 ARIANE 2 DEB
1 27035U 89006Q   20255.54124237 -.00000962 +00000-0 -10866-1 0  9993
2 27035 008.2042 146.9042 7106774 325.1163 004.5137 02.32941519161659
0 ARIANE 2 DEB
1 27035U 89006Q   20255.97047991 -.00000759 +00000-0 -86741-2 0  9991
2 27035 008.2056 146.7279 7106612 325.4537 004.4703 02.32941599161660
0 ARIANE 2 DEB
1 27035U 89006Q   20256.39973085 -.00001026  00000-0 -11852-1 0  9998
2 27035   8.2068 146.5524 7106357 325.7917   4.4276  2.32939571161678
0 ARIANE 2 DEB
1 27035U 89006Q   20256.82898007 -.00001090 +00000-0 -12712-1 0  9993
2 27035 008.2079 146.3777 7106151 326.1279 004.3856 02.32938380161687
0 ARIANE 2 DEB
1 27035U 89006Q   20257.25822385 -.00001033 +00000-0 -12138-1 0  9996
2 27035 008.2100 146.1990 7106096 326.4679 004.3432 02.32937914161695
0 ARIANE 2 DEB
1 27035U 89006Q   20257.68747550 -.00001029  00000-0 -12206-1 0  9994
2 27035   8.2112 146.0240 7105894 326.8045   4.3018  2.32937059161703
0 ARIANE 2 DEB
1 27035U 89006Q   20258.11672008 -.00000762  00000-0 -91864-2 0  9999
2 27035   8.2126 145.8471 7105791 327.1421   4.2603  2.32937495161713
0 ARIANE 2 DEB
1 27035U 89006Q   20258.97523313 -.00001046 +00000-0 -12615-1 0  9999
2 27035 008.2152 145.4965 7105401 327.8155 004.1775 02.32934632161736
0 ARIANE 2 DEB
1 27035U 89006Q   20258.97523313 -.00001046  00000-0 -12615-1 0  9999
2 27035   8.2152 145.4965 7105401 327.8155   4.1775  2.32934632161736
0 ARIANE 2 DEB
1 27035U 89006Q   20259.40448972 -.00001020 +00000-0 -12373-1 0  9998
2 27035 008.2170 145.3173 7105179 328.1558 004.1352 02.32933641161740
0 ARIANE 2 DEB
1 27035U 89006Q   20260.26299700 -.00000809 +00000-0 -99046-2 0  9994
2 27035 008.2210 144.9534 7104992 328.8406 004.0478 02.32932949161762
0 ARIANE 2 DEB
1 27035U 89006Q   20260.26300594 -.00000833 +00000-0 -10219-1 0  9999
2 27035 008.2195 144.9677 7104750 328.8272 004.0500 02.32932335161760
0 ARIANE 2 DEB
1 27035U 89006Q   20261.12150154 -.00000613 +00000-0 -75173-2 0  9997
2 27035 008.2241 144.6017 7104846 329.5121 003.9589 02.32932707161784
0 ARIANE 2 DEB
1 27035U 89006Q   20261.98001963 -.00000667  00000-0 -80371-2 0  9999
2 27035   8.2272 144.2508 7104422 330.1838   3.8670  2.32930993161800
0 ARIANE 2 DEB
1 27035U 89006Q   20262.40927910 -.00000863 +00000-0 -10269-1 0  9992
2 27035 008.2313 144.0776 7104311 330.5180 003.8198 02.32930012161810
0 ARIANE 2 DEB
1 27035U 89006Q   20263.26779404 -.00000851  00000-0 -99605-2 0  9999
2 27035   8.2341 143.7295 7104042 331.1873   3.7233  2.32928836161832
0 ARIANE 2 DEB
1 27035U 89006Q   20264.12632475 -.00000923 +00000-0 -10688-1 0  9994
2 27035 008.2371 143.3806 7103633 331.8581 003.6254 02.32926598161854
0 ARIANE 2 DEB
1 27035U 89006Q   20264.55558648 -.00000870 +00000-0 -10002-1 0  9991
2 27035 008.2368 143.2020 7103377 332.1935 003.5764 02.32926040161867
0 ARIANE 2 DEB
1 27035U 89006Q   20264.55558648 -.00000870  00000-0 -10002-1 0  9991
2 27035   8.2368 143.2020 7103377 332.1935   3.5764  2.32926040161867
0 ARIANE 2 DEB
1 27035U 89006Q   20264.98484899 -.00000839 +00000-0 -95686-2 0  9991
2 27035 008.2384 143.0279 7103274 332.5279 003.5275 02.32925589161875
0 ARIANE 2 DEB
1 27035U 89006Q   20265.84337623 -.00000839  00000-0 -95139-2 0  9992
2 27035   8.2419 142.6775 7103083 333.1985   3.4312  2.32924714161891
0 ARIANE 2 DEB
1 27035U 89006Q   20266.27264466 -.00000851 +00000-0 -96652-2 0  9999
2 27035 008.2436 142.5033 7102993 333.5331 003.3842 02.32924058161904
0 ARIANE 2 DEB
1 27035U 89006Q   20267.13115606 -.00000783  00000-0 -88186-2 0  9993
2 27035   8.2482 142.1583 7103435 334.2050   3.2919  2.32924049161925
0 ARIANE 2 DEB
1 27035U 89006Q   20267.56045434 -.00000836  00000-0 -95880-2 0  9999
2 27035   8.2525 141.9748 7102890 334.5490   3.2476  2.32922481161935
0 ARIANE 2 DEB
1 27035U 89006Q   20267.98973423 -.00000828 +00000-0 -95967-2 0  9990
2 27035 008.2543 141.8013 7102704 334.8829 003.2051 02.32921782161945
0 ARIANE 2 DEB
1 27035U 89006Q   20268.41902508 -.00000855  00000-0 -10070-1 0  9996
2 27035   8.2569 141.6265 7102311 335.2187   3.1636  2.32920833161951
0 ARIANE 2 DEB
1 27035U 89006Q   20268.84830386 -.00000848 +00000-0 -10055-1 0  9992
2 27035 008.2585 141.4527 7102465 335.5551 003.1221 02.32920344161964
0 ARIANE 2 DEB
1 27035U 89006Q   20269.27758985 -.00000822 +00000-0 -98648-2 0  9991
2 27035 008.2600 141.2796 7102316 335.8884 003.0823 02.32919725161974
0 ARIANE 2 DEB
1 27035U 89006Q   20269.70687563 -.00000794  00000-0 -96382-2 0  9993
2 27035   8.2618 141.1063 7102210 336.2221   3.0430  2.32919301161987
0 ARIANE 2 DEB
1 27035U 89006Q   20270.13618060 -.00000591 +00000-0 -73333-2 0  9994
2 27035 008.2653 140.9265 7101418 336.5620 003.0045 02.32919663161996
0 ARIANE 2 DEB
1 27035U 89006Q   20270.99475896 -.00000581  00000-0 -74182-2 0  9998
2 27035   8.2686 140.5810 7101179 337.2277   2.9280  2.32918625162014
0 ARIANE 2 DEB
1 27035U 89006Q   20271.42404931 -.00000562 +00000-0 -72563-2 0  9999
2 27035 008.2700 140.4092 7101066 337.5594 002.8899 02.32918212162020
0 ARIANE 2 DEB
1 27035U 89006Q   20271.85334235 -.00000597 +00000-0 -77570-2 0  9996
2 27035 008.2715 140.2378 7100937 337.8908 002.8517 02.32917339162036
0 ARIANE 2 DEB
1 27035U 89006Q   20273.14121935 -.00000554 +00000-0 -73201-2 0  9991
2 27035 008.2763 139.7238 7100515 338.8837 002.7352 02.32916159162069
0 ARIANE 2 DEB
1 27035U 89006Q   20273.14122327 -.00000641  00000-0 -84325-2 0  9993
2 27035   8.2758 139.7258 7100417 338.8809   2.7354  2.32915485162068
0 ARIANE 2 DEB
1 27035U 89006Q   20273.57051050 -.00000536 +00000-0 -70764-2 0  9999
2 27035 008.2778 139.5526 7100390 339.2144 002.6952 02.32915899162076
0 ARIANE 2 DEB
1 27035U 89006Q   20273.99979930 -.00000514 +00000-0 -67802-2 0  9996
2 27035 008.2794 139.3810 7100292 339.5459 002.6547 02.32915794162086
0 ARIANE 2 DEB
1 27035U 89006Q   20273.99979930 -.00000514  00000-0 -67802-2 0  9996
2 27035   8.2794 139.3810 7100292 339.5459   2.6547  2.32915794162086
0 ARIANE 2 DEB
1 27035U 89006Q   20275.28767663 -.00000532  00000-0 -68744-2 0  9994
2 27035   8.2830 138.8715 7099802 340.5310   2.5303  2.32914429162114
0 ARIANE 2 DEB
1 27035U 89006Q   20276.14626722 -.00000567 +00000-0 -71912-2 0  9999
2 27035 008.2871 138.5275 7099701 341.1988 002.4424 02.32913098162139
0 ARIANE 2 DEB
1 27035U 89006Q   20277.00484619 -.00000521  00000-0 -65014-2 0  9998
2 27035   8.2901 138.1857 7099401 341.8588   2.3546  2.32912939162154
0 ARIANE 2 DEB
1 27035U 89006Q   20279.15132509 -.00000578  00000-0 -71504-2 0  9997
2 27035   8.2977 137.3352 7098817 343.5095   2.1301  2.32910287162207
0 ARIANE 2 DEB
1 27035U 89006Q   20280.00991258 -.00000513  00000-0 -63817-2 0  9994
2 27035   8.3007 136.9935 7098503 344.1691   2.0419  2.32910284162223
0 ARIANE 2 DEB
1 27035U 89006Q   20280.00991666 -.00000535 +00000-0 -66730-2 0  9998
2 27035 008.3004 136.9946 7098490 344.1682 002.0419 02.32909963162229
0 ARIANE 2 DEB
1 27035U 89006Q   20280.86851117 -.00000502 +00000-0 -63626-2 0  9993
2 27035 008.3034 136.6542 7098253 344.8277 001.9550 02.32909541162243
0 ARIANE 2 DEB
1 27035U 89006Q   20283.01503577 -.00000472 +00000-0 -64593-2 0  9997
2 27035 008.3108 135.8073 7097711 346.4719 001.7504 02.32907566162299
0 ARIANE 2 DEB
1 27035U 89006Q   20283.01504090 -.00000483  00000-0 -66099-2 0  9993
2 27035   8.3102 135.8093 7097597 346.4699   1.7505  2.32907319162291
0 ARIANE 2 DEB
1 27035U 89006Q   20283.87366004 -.00000464 +00000-0 -65855-2 0  9996
2 27035 008.3136 135.4701 7097479 347.1276 001.6740 02.32906616162310
0 ARIANE 2 DEB
1 27035U 89006Q   20283.87366004 -.00000464 +00000-0 -65855-2 0  9996
2 27035 008.3136 135.4701 7097479 347.1276 001.6740 02.32906616162310
0 ARIANE 2 DEB
1 27035U 89006Q   20289.02542474 -.00000308  00000-0 -49033-2 0  9993
2 27035   8.3318 133.4509 7096357 351.0533   1.2206  2.32904047162432
0 ARIANE 2 DEB
1 27035U 89006Q   20289.02545880  .00000054  00000-0  00000-0 0  9992
2 27035   8.3318 133.4509 7096357 351.0533   1.2492  2.32904047162439
0 ARIANE 2 DEB
1 27035U 89006Q   20289.02545880 +.00000054 +00000-0 +00000-0 0  9992
2 27035 008.3318 133.4509 7096357 351.0533 001.2492 02.32904047162439
0 ARIANE 2 DEB
1 27035U 89006Q   20289.02545880  .00000054  00000-0  00000+0 0  9991
2 27035   8.3318 133.4509 7096357 351.0533   1.2492  2.32904047162439
0 ARIANE 2 DEB
1 27035U 89006Q   20289.88404914 -.00000322 +00000-0 -48938-2 0  9992
2 27035 008.3350 133.1149 7096178 351.7080 001.1341 02.32903420162455
0 ARIANE 2 DEB
1 27035U 89006Q   20289.88404914 -.00000322 +00000-0 -48938-2 0  9992
2 27035 008.3350 133.1149 7096178 351.7080 001.1341 02.32903420162455
0 ARIANE 2 DEB
1 27035U 89006Q   20289.88404914 -.00000322 +00000-0 -48938-2 0  9992
2 27035 008.3350 133.1149 7096178 351.7080 001.1341 02.32903420162455
0 ARIANE 2 DEB
1 27035U 89006Q   20289.88404914 -.00000322 +00000-0 -48938-2 0  9992
2 27035 008.3350 133.1149 7096178 351.7080 001.1341 02.32903420162455
0 ARIANE 2 DEB
1 27035U 89006Q   20289.88404914 -.00000322 +00000-0 -48938-2 0  9992
2 27035 008.3350 133.1149 7096178 351.7080 001.1341 02.32903420162455
0 ARIANE 2 DEB
1 27035U 89006Q   21231.80088650  .00000761  00000-0  87699-2 0  9999
2 27035   8.7530  14.0443 7106194 224.9734  49.2902  2.33030868    17
0 ARIANE 2 DEB
1 27035U 89006Q   21231.80088650  .00000761  00000-0  87699-2 0  9999
2 27035   8.7530  14.0443 7106194 224.9734  49.2902  2.33030868169620
0 ARIANE 2 DEB
1 27035U 89006Q   21233.08667261  .00000205  00000-0  27208-2 0  9995
2 27035   8.7516  13.5511 7108555 225.9475  47.9018  2.33029111    42
0 ARIANE 2 DEB
1 27035U 89006Q   21233.51526797  .00000662  00000-0  83856-2 0  9999
2 27035   8.7599  13.4036 7104279 226.2508  47.5593  2.33035341    51
0 ARIANE 2 DEB
1 27035U 89006Q   21233.51526797  .00000662  00000-0  83856-2 0  9999
2 27035   8.7599  13.4036 7104279 226.2508  47.5593  2.33035341169664
0 ARIANE 2 DEB
1 27035U 89006Q   21233.94385370  .00001044  00000-0  12750-1 0  9995
2 27035   8.7498  13.2303 7105282 226.5833  47.0915  2.33037075    63
0 ARIANE 2 DEB
1 27035U 89006Q   21233.94385370  .00001044  00000-0  12750-1 0  9995
2 27035   8.7498  13.2303 7105282 226.5833  47.0915  2.33037075169676
0 ARIANE 2 DEB
1 27035U 89006Q   21235.22966001  .00000950  00000-0  11859-1 0  9998
2 27035   8.7521  12.7479 7105776 227.5456  45.7897  2.33039682    91
0 ARIANE 2 DEB
1 27035U 89006Q   21235.22966001  .00000950  00000-0  11859-1 0  9998
2 27035   8.7521  12.7479 7105776 227.5456  45.7897  2.33039682169705
0 ARIANE 2 DEB
1 27035U 89006Q   21236.08687963  .00000920  00000-0  11625-1 0  9998
2 27035   8.7475  12.4287 7105715 228.1814  44.9550  2.33041482   112
0 ARIANE 2 DEB
1 27035U 89006Q   21237.37271176  .00000977  00000-0  11809-1 0  9992
2 27035   8.7545  11.9290 7107900 229.1584  43.6665  2.33044069   141
0 ARIANE 2 DEB
1 27035U 89006Q   21239.51588858  .00000773  00000-0  93704-2 0  9997
2 27035   8.7542  11.1246 7106790 230.7569  41.7437  2.33047020   199
0 ARIANE 2 DEB
1 27035U 89006Q   21239.51588858  .00000773  00000-0  93704-2 0  9997
2 27035   8.7542  11.1246 7106790 230.7569  41.7437  2.33047020169803
0 ARIANE 2 DEB
1 27035U 89006Q   21241.65920423  .00002004  00000-0  22165-1 0  9994
2 27035   8.7552  10.3217 7107896 232.3616  39.9235  2.33055669   247
0 ARIANE 2 DEB
1 27035U 89006Q   21241.65920423  .00002004  00000-0  22165-1 0  9994
2 27035   8.7552  10.3217 7107896 232.3616  39.9235  2.33055669169850
0 ARIANE 2 DEB
1 27035U 89006Q   21243.80265512  .00001011  00000-0  10693-1 0  9994
2 27035   8.7563   9.5178 7109503 233.9673  38.2259  2.33055769   285
0 ARIANE 2 DEB
1 27035U 89006Q   21243.80265512  .00001011  00000-0  10693-1 0  9994
2 27035   8.7563   9.5178 7109503 233.9673  38.2259  2.33055769169900
0 ARIANE 2 DEB
1 27035U 89006Q   21246.80360182  .00000829  00000-0  86799-2 0  9993
2 27035   8.7611   8.3921 7110449 236.2156  36.0207  2.33060798   361
0 ARIANE 2 DEB
1 27035U 89006Q   21247.66099617  .00000721  00000-0  74999-2 0  9990
2 27035   8.7622   8.0432 7111453 236.8777  35.3820  2.33062326   382
0 ARIANE 2 DEB
1 27035U 89006Q   21247.66099617  .00000721  00000-0  74999-2 0  9990
2 27035   8.7622   8.0432 7111453 236.8777  35.3820  2.33062326169995
0 ARIANE 2 DEB
1 27035U 89006Q   21249.37585091  .00000618  00000-0  65511-2 0  9991
2 27035   8.7700   7.4054 7112157 238.1536  34.1814  2.33064337   421
0 ARIANE 2 DEB
1 27035U 89006Q   21253.23435021  .00000965  00000-0  99096-2 0  9998
2 27035   8.7729   5.9655 7113506 241.0367  31.5978  2.33070220   516
0 ARIANE 2 DEB
1 27035U 89006Q   21253.23435021  .00000965  00000-0  99096-2 0  9998
2 27035   8.7729   5.9655 7113506 241.0367  31.5978  2.33070220170121
0 ARIANE 2 DEB
1 27035U 89006Q   21255.37805319  .00000398  00000-0  35492-2 0  9996
2 27035   8.7656   5.1249 7120844 242.6184  30.2327  2.33070175   561
0 ARIANE 2 DEB
1 27035U 89006Q   21255.37805319  .00000398  00000-0  35492-2 0  9996
2 27035   8.7656   5.1249 7120844 242.6184  30.2327  2.33070175170176
0 ARIANE 2 DEB
1 27035U 89006Q   21256.23557873  .00001319  00000-0  11889-1 0  9998
2 27035   8.7654   4.8046 7118875 243.2871  29.7583  2.33074999   588
0 ARIANE 2 DEB
1 27035U 89006Q   21256.23557873  .00001319  00000-0  11889-1 0  9998
2 27035   8.7654   4.8046 7118875 243.2871  29.7583  2.33074999170193
0 ARIANE 2 DEB
1 27035U 89006Q   21257.52188700  .00001147  00000-0  10272-1 0  9994
2 27035   8.7681   4.3273 7118325 244.2600  29.0654  2.33077873   616
0 ARIANE 2 DEB
1 27035U 89006Q   21257.52188700  .00001147  00000-0  10272-1 0  9994
2 27035   8.7681   4.3273 7118325 244.2600  29.0654  2.33077873170221
0 ARIANE 2 DEB
1 27035U 89006Q   21266.52618040  .00000189  00000-0  25108-2 0  9999
2 27035   8.7449   0.8661 7117116 251.1459  24.4752  2.33086949   821
0 ARIANE 2 DEB
1 27035U 89006Q   21266.52618040  .00000189  00000-0  25108-2 0  9999
2 27035   8.7449   0.8661 7117116 251.1459  24.4752  2.33086949170436
0 ARIANE 2 DEB
1 27035U 89006Q   21269.52784507  .00001220  00000-0  10804-1 0  9997
2 27035   8.7793 359.8369 7121368 253.2709  23.2086  2.33092349   895
0 ARIANE 2 DEB
1 27035U 89006Q   21269.52784507  .00001220  00000-0  10804-1 0  9997
2 27035   8.7793 359.8369 7121368 253.2709  23.2086  2.33092349170501
0 ARIANE 2 DEB
1 27035U 89006Q   21271.67191736  .00000889  00000-0  76021-2 0  9996
2 27035   8.7801 359.0515 7122047 254.8592  22.3756  2.33095221   944
0 ARIANE 2 DEB
1 27035U 89006Q   21271.67191736  .00000889  00000-0  76021-2 0  9996
2 27035   8.7801 359.0515 7122047 254.8592  22.3756  2.33095221170559
0 ARIANE 2 DEB
1 27035U 89006Q   21272.52951345  .00000352  00000-0  31065-2 0  9995
2 27035   8.7615 358.6534 7120543 255.5954  22.0204  2.33094816   968
0 ARIANE 2 DEB
1 27035U 89006Q   21272.52951345  .00000352  00000-0  31065-2 0  9995
2 27035   8.7615 358.6534 7120543 255.5954  22.0204  2.33094816170573
0 ARIANE 2 DEB
1 27035U 89006Q   21272.52955170  .00000732  00000-0  62584-2 0  9997
2 27035   8.7783 358.7227 7121885 255.5103  22.0499  2.33095676   961
0 ARIANE 2 DEB
1 27035U 89006Q   21272.52955170  .00000732  00000-0  62584-2 0  9997
2 27035   8.7783 358.7227 7121885 255.5103  22.0499  2.33095676170576
0 ARIANE 2 DEB
1 27035U 89006Q   21277.67530249  .00000487  00000-0  45234-2 0  9994
2 27035   8.7684 356.7788 7122579 259.3997  20.1346  2.33102945  1087
0 ARIANE 2 DEB
1 27035U 89006Q   21277.67530249  .00000487  00000-0  45234-2 0  9994
2 27035   8.7684 356.7788 7122579 259.3997  20.1346  2.33102945170691
0 ARIANE 2 DEB
1 27035U 89006Q   21280.67698170  .00000584  00000-0  53483-2 0  9999
2 27035   8.7690 355.6757 7123793 261.6373  19.0554  2.33105896  1155
0 ARIANE 2 DEB
1 27035U 89006Q   21280.67698170  .00000584  00000-0  53483-2 0  9999
2 27035   8.7690 355.6757 7123793 261.6373  19.0554  2.33105896170769
0 ARIANE 2 DEB
1 27035U 89006Q   21283.67875608  .00000723  00000-0  61166-2 0  9997
2 27035   8.7689 354.5709 7124881 263.8832  18.0939  2.33110037  1228
0 ARIANE 2 DEB
1 27035U 89006Q   21283.67875608  .00000723  00000-0  61166-2 0  9997
2 27035   8.7689 354.5709 7124881 263.8832  18.0939  2.33110037170832
0 ARIANE 2 DEB
1 27035U 89006Q   21286.68060148  .00000674  00000-0  56421-2 0  9999
2 27035   8.7677 353.4591 7125540 266.1292  17.2407  2.33114673  1299
0 ARIANE 2 DEB
1 27035U 89006Q   21286.68060148  .00000674  00000-0  56421-2 0  9999
2 27035   8.7677 353.4591 7125540 266.1292  17.2407  2.33114673170904
0 ARIANE 2 DEB
1 27035U 89006Q   21290.11120859  .00000566  00000-0  53813-2 0  9990
2 27035   8.7565 352.1623 7125741 268.7406  16.2562  2.33118804  1375
0 ARIANE 2 DEB
1 27035U 89006Q   21290.11120859  .00000566  00000-0  53813-2 0  9990
2 27035   8.7565 352.1623 7125741 268.7406  16.2562  2.33118804170989
0 ARIANE 2 DEB
1 27035U 89006Q   21292.68414633  .00000548  00000-0  52766-2 0  9996
2 27035   8.7112 351.3052 7128082 270.5075  15.5702  2.33124083  1435
0 ARIANE 2 DEB
1 27035U 89006Q   21292.68414633  .00000548  00000-0  52766-2 0  9996
2 27035   8.7112 351.3052 7128082 270.5075  15.5702  2.33124083171040
0 ARIANE 2 DEB
1 27035U 89006Q   21295.68590878  .00000469  00000-0  43309-2 0  9990
2 27035   8.7098 350.2003 7129259 272.7596  14.7847  2.33127411  1508
0 ARIANE 2 DEB
1 27035U 89006Q   21295.68590878  .00000469  00000-0  43309-2 0  9990
2 27035   8.7098 350.2003 7129259 272.7596  14.7847  2.33127411171113
0 ARIANE 2 DEB
1 27035U 89006Q   21298.68782463  .00000547  00000-0  45177-2 0  9998
2 27035   8.7092 349.1043 7129148 275.0059  14.1021  2.33127181  1579
0 ARIANE 2 DEB
1 27035U 89006Q   21298.68782463  .00000547  00000-0  45177-2 0  9998
2 27035   8.7092 349.1043 7129148 275.0059  14.1021  2.33127181171184
0 ARIANE 2 DEB
1 27035U 89006Q   21301.68968858  .00000706  00000-0  55408-2 0  9992
2 27035   8.7064 348.0003 7129651 277.2560  13.4628  2.33133048  1644
0 ARIANE 2 DEB
1 27035U 89006Q   21301.68968858  .00000706  00000-0  55408-2 0  9992
2 27035   8.7064 348.0003 7129651 277.2560  13.4628  2.33133048171259
0 ARIANE 2 DEB
1 27035U 89006Q   21308.12197183  .00000793  00000-0  67854-2 0  9997
2 27035   8.6599 345.6495 7128041 282.1539  12.0554  2.33145192  1799
0 ARIANE 2 DEB
1 27035U 89006Q   21308.12197183  .00000793  00000-0  67854-2 0  9997
2 27035   8.6599 345.6495 7128041 282.1539  12.0554  2.33145192171405
0 ARIANE 2 DEB
1 27035U 89006Q   21311.12361763  .00000914  00000-0  72170-2 0  9990
2 27035   8.7361 344.3770 7130372 284.5076  11.4319  2.33151480  1868
0 ARIANE 2 DEB
1 27035U 89006Q   21311.12361763  .00000914  00000-0  72170-2 0  9990
2 27035   8.7361 344.3770 7130372 284.5076  11.4319  2.33151480171473
0 ARIANE 2 DEB
1 27035U 89006Q   21316.26937145  .00000534  00000-0  45225-2 0  9992
2 27035   8.7456 342.4816 7131810 288.3608  10.5506  2.33159840  1983
0 ARIANE 2 DEB
1 27035U 89006Q   21316.26937145  .00000534  00000-0  45225-2 0  9992
2 27035   8.7456 342.4816 7131810 288.3608  10.5506  2.33159840171598
0 ARIANE 2 DEB
1 27035U 89006Q   21317.12697666  .00000548  00000-0  47410-2 0  9992
2 27035   8.7443 342.1634 7131899 289.0075  10.3976  2.33160854  2007
0 ARIANE 2 DEB
1 27035U 89006Q   21317.55577545  .00000469  00000-0  42557-2 0  9991
2 27035   8.7439 342.0020 7131884 289.3317  10.3204  2.33161266  2019
0 ARIANE 2 DEB
1 27035U 89006Q   21318.84216300  .00000485  00000-0  45130-2 0  9991
2 27035   8.7413 341.5267 7132164 290.2998  10.0866  2.33163175  2041
0 ARIANE 2 DEB
1 27035U 89006Q   21318.84216300  .00000485  00000-0  45130-2 0  9991
2 27035   8.7413 341.5267 7132164 290.2998  10.0866  2.33163175171655
0 ARIANE 2 DEB
1 27035U 89006Q   21320.12854692  .00000665  00000-0  58464-2 0  9991
2 27035   8.7383 341.0506 7132289 291.2671   9.8561  2.33165030  2078
0 ARIANE 2 DEB
1 27035U 89006Q   21320.12854692  .00000665  00000-0  58464-2 0  9991
2 27035   8.7383 341.0506 7132289 291.2671   9.8561  2.33165030171682
0 ARIANE 2 DEB
1 27035U 89006Q   21323.13010220  .00000433  00000-0  40384-2 0  9991
2 27035   8.7323 339.9373 7133159 293.5322   9.3489  2.33169008  2146
0 ARIANE 2 DEB
1 27035U 89006Q   21323.55890064  .00000464  00000-0  42056-2 0  9991
2 27035   8.7306 339.7790 7133125 293.8532   9.2832  2.33169482  2155
0 ARIANE 2 DEB
1 27035U 89006Q   21323.55890064  .00000464  00000-0  42056-2 0  9991
2 27035   8.7306 339.7790 7133125 293.8532   9.2832  2.33169482171769
0 ARIANE 2 DEB
1 27035U 89006Q   21326.13169270  .00000602  00000-0  47705-2 0  9996
2 27035   8.7250 338.8304 7133809 295.7924   8.9077  2.33172895  2215
0 ARIANE 2 DEB
1 27035U 89006Q   21326.13169270  .00000602  00000-0  47705-2 0  9996
2 27035   8.7250 338.8304 7133809 295.7924   8.9077  2.33172895171829
0 ARIANE 2 DEB
1 27035U 89006Q   21326.56049455  .00000541  00000-0  43221-2 0  9996
2 27035   8.7238 338.6732 7133808 296.1140   8.8495  2.33173236  2222
0 ARIANE 2 DEB
1 27035U 89006Q   21327.41809064  .00000624  00000-0  48018-2 0  9992
2 27035   8.7214 338.3562 7133943 296.7601   8.7334  2.33174682  2241
0 ARIANE 2 DEB
1 27035U 89006Q   21328.27568440  .00000615  00000-0  46947-2 0  9996
2 27035   8.7195 338.0381 7133993 297.4066   8.6186  2.33175991  2263
0 ARIANE 2 DEB
1 27035U 89006Q   21328.27568440  .00000615  00000-0  46947-2 0  9996
2 27035   8.7195 338.0381 7133993 297.4066   8.6186  2.33175991171877
0 ARIANE 2 DEB
1 27035U 89006Q   21329.13327278  .00000594  00000-0  45239-2 0  9993
2 27035   8.7173 337.7207 7134134 298.0533   8.5031  2.33177178  2285
0 ARIANE 2 DEB
1 27035U 89006Q   21330.84842957  .00000576  00000-0  44175-2 0  9997
2 27035   8.7127 337.0868 7134443 299.3471   8.2660  2.33179607171931
0 ARIANE 2 DEB
1 27035U 89006Q   21331.27721536  .00000630  00000-0  48035-2 0  9994
2 27035   8.7115 336.9280 7134368 299.6697   8.2057  2.33180373  2332
0 ARIANE 2 DEB
1 27035U 89006Q   21331.27721583  .00000578  00000-0  44562-2 0  9998
2 27035   8.7112 336.9304 7134397 299.6679   8.2059  2.33180295  2333
0 ARIANE 2 DEB
1 27035U 89006Q   21332.13477838  .00000544  00000-0  42729-2 0  9991
2 27035   8.7088 336.6133 7134514 300.3148   8.0811  2.33181327  2357
0 ARIANE 2 DEB
1 27035U 89006Q   21332.99233536  .00000343  00000-0  30086-2 0  9990
2 27035   8.7070 336.2919 7134545 300.9645   7.9533  2.33181727171987
0 ARIANE 2 DEB
1 27035U 89006Q   21332.99233555  .00000551  00000-0  43753-2 0  9997
2 27035   8.7066 336.2936 7134526 300.9629   7.9537  2.33182345  2379
0 ARIANE 2 DEB
1 27035U 89006Q   21333.84988350  .00000501  00000-0  40961-2 0  9995
2 27035   8.7037 335.9779 7134700 301.6104   7.8236  2.33183545  2398
0 ARIANE 2 DEB
1 27035U 89006Q   21335.13620262  .00000552  00000-0  44964-2 0  9997
2 27035   8.6995 335.5010 7134728 302.5802   7.6301  2.33184949172038
0 ARIANE 2 DEB
1 27035U 89006Q   21335.13620401  .00000596  00000-0  47818-2 0  9991
2 27035   8.6993 335.5032 7134741 302.5800   7.6301  2.33185054  2426
0 ARIANE 2 DEB
1 27035U 89006Q   21336.42252050  .00000467  00000-0  39393-2 0  9991
2 27035   8.6953 335.0282 7135010 303.5516   7.4419  2.33186428  2456
0 ARIANE 2 DEB
1 27035U 89006Q   21336.85129346  .00000458  00000-0  38623-2 0  9994
2 27035   8.6936 334.8700 7135170 303.8770   7.3811  2.33186907  2469
0 ARIANE 2 DEB
1 27035U 89006Q   21337.28006675  .00000597  00000-0  47471-2 0  9996
2 27035   8.6923 334.7111 7135280 304.2020   7.3222  2.33187749  2477
0 ARIANE 2 DEB
1 27035U 89006Q   21337.28006675  .00000597  00000-0  47471-2 0  9996
2 27035   8.6923 334.7111 7135280 304.2020   7.3222  2.33187749172082
0 ARIANE 2 DEB
1 27035U 89006Q   21338.13761952  .00000636  00000-0  49605-2 0  9992
2 27035   8.6897 334.3904 7135322 304.8519   7.2102  2.33188592  2494
0 ARIANE 2 DEB
1 27035U 89006Q   21338.13762095  .00000586  00000-0  46391-2 0  9994
2 27035   8.6895 334.3917 7135338 304.8527   7.2099  2.33188479  2491
0 ARIANE 2 DEB
1 27035U 89006Q   21338.99517664  .00000525  00000-0  41775-2 0  9992
2 27035   8.6867 334.0737 7135540 305.5024   7.1034  2.33189276  2519
0 ARIANE 2 DEB
1 27035U 89006Q   21339.42395485  .00000639  00000-0  48813-2 0  9992
2 27035   8.6853 333.9143 7135634 305.8281   7.0521  2.33190138  2525
0 ARIANE 2 DEB
1 27035U 89006Q   21339.42395485  .00000639  00000-0  48813-2 0  9992
2 27035   8.6853 333.9143 7135634 305.8281   7.0521  2.33190138172130
0 ARIANE 2 DEB
1 27035U 89006Q   21341.13907120  .00000437  00000-0  35030-2 0  9991
2 27035   8.6794 333.2786 7135987 307.1285   6.8551  2.33191636  2563
0 ARIANE 2 DEB
1 27035U 89006Q   21341.56785036  .00000370  00000-0  30637-2 0  9992
2 27035   8.6778 333.1229 7136148 307.4521   6.8065  2.33191894172184
0 ARIANE 2 DEB
1 27035U 89006Q   21341.99662852  .00000426  00000-0  34367-2 0  9995
2 27035   8.6770 332.9622 7136070 307.7762   6.7585  2.33192457  2582
0 ARIANE 2 DEB
1 27035U 89006Q   21342.42540288  .00000538  00000-0  41608-2 0  9992
2 27035   8.6756 332.8033 7136115 308.1018   6.7089  2.33193368  2592
0 ARIANE 2 DEB
1 27035U 89006Q   21343.28294475  .00000363  00000-0  30814-2 0  9994
2 27035   8.6730 332.4846 7136437 308.7541   6.6069  2.33193968  2612
0 ARIANE 2 DEB
1 27035U 89006Q   21343.71171504  .00000186  00000-0  19943-2 0  9992
2 27035   8.6716 332.3243 7136505 309.0796   6.5551  2.33193832  2624
0 ARIANE 2 DEB
1 27035U 89006Q   21344.99802481  .00000286  00000-0  28063-2 0  9992
2 27035   8.6688 331.8347 7135768 310.0561   6.3984  2.33194897  2656
0 ARIANE 2 DEB
1 27035U 89006Q   21344.99802481  .00000286  00000-0  28063-2 0  9992
2 27035   8.6688 331.8347 7135768 310.0561   6.3984  2.33194897172261
0 ARIANE 2 DEB
1 27035U 89006Q   21345.42679123  .00000105  00000-0  16825-2 0  9999
2 27035   8.6631 331.6909 7136026 310.3720   6.3440  2.33195281  2660
0 ARIANE 2 DEB
1 27035U 89006Q   21345.85554905  .00001472  00000-0  10471-1 0  9994
2 27035   8.6659 331.5135 7135957 310.7082   6.2875  2.33196907  2675
0 ARIANE 2 DEB
1 27035U 89006Q   21347.14183045  .00000322  00000-0  32239-2 0  9991
2 27035   8.6607 331.0318 7136129 311.6861   6.1202  2.33197343  2705
0 ARIANE 2 DEB
1 27035U 89006Q   21347.14183745  .00000168  00000-0  22389-2 0  9991
2 27035   8.6579 331.0471 7136191 311.6763   6.1216  2.33196345172314
0 ARIANE 2 DEB
1 27035U 89006Q   21347.99935994  .00000279  00000-0  29800-2 0  9993
2 27035   8.6547 330.7305 7136368 312.3260   6.0110  2.33197093  2727
0 ARIANE 2 DEB
1 27035U 89006Q   21348.85687605  .00000305  00000-0  31461-2 0  9998
2 27035   8.6524 330.3993 7136557 312.9843   5.9013  2.33198409  2748
0 ARIANE 2 DEB
1 27035U 89006Q   21349.28563928  .00000402  00000-0  37461-2 0  9991
2 27035   8.6500 330.2506 7136610 313.3025   5.8495  2.33198778  2751
0 ARIANE 2 DEB
1 27035U 89006Q   21349.28563928  .00000402  00000-0  37461-2 0  9991
2 27035   8.6500 330.2506 7136610 313.3025   5.8495  2.33198778172366
0 ARIANE 2 DEB
1 27035U 89006Q   21350.14316125  .00000621  00000-0  50780-2 0  9995
2 27035   8.6470 329.9288 7136709 313.9569   5.7460  2.33199988  2774
0 ARIANE 2 DEB
1 27035U 89006Q   21350.57192828  .00000315  00000-0  31298-2 0  9997
2 27035   8.6447 329.7719 7136696 314.2812   5.6964  2.33199582  2784
0 ARIANE 2 DEB
1 27035U 89006Q   21351.00070018  .00000351  00000-0  33447-2 0  9990
2 27035   8.6437 329.6086 7136339 314.6085   5.6484  2.33199869172401
0 ARIANE 2 DEB
1 27035U 89006Q   21352.28699135  .00000672  00000-0  52209-2 0  9991
2 27035   8.6376 329.1322 7136656 315.5840   5.5077  2.33201756  2826
0 ARIANE 2 DEB
1 27035U 89006Q   21352.28699163  .00000754  00000-0  57408-2 0  9999
2 27035   8.6369 329.1360 7136644 315.5804   5.5082  2.33201943  2821
0 ARIANE 2 DEB
1 27035U 89006Q   21353.14451912  .00000836  00000-0  61398-2 0  9997
2 27035   8.6332 328.8168 7136847 316.2321   5.4190  2.33203102  2840
0 ARIANE 2 DEB
1 27035U 89006Q   21353.14451912  .00000836  00000-0  61398-2 0  9997
2 27035   8.6332 328.8168 7136847 316.2321   5.4190  2.33203102172455
0 ARIANE 2 DEB
1 27035U 89006Q   21353.57328396  .00000947  00000-0  67799-2 0  9997
2 27035   8.6309 328.6592 7136969 316.5562   5.3759  2.33203669  2857
0 ARIANE 2 DEB
1 27035U 89006Q   21354.00205012  .00001829  00000-0  12325-1 0  9999
2 27035   8.6295 328.4979 7136665 316.8817   5.3344  2.33206478  2869
0 ARIANE 2 DEB
1 27035U 89006Q   21354.43081457  .00001094  00000-0  76521-2 0  9994
2 27035   8.6261 328.3434 7136755 317.2045   5.2927  2.33205701  2870
0 ARIANE 2 DEB
1 27035U 89006Q   21355.28833388  .00001253  00000-0  85375-2 0  9990
2 27035   8.6221 328.0258 7137001 317.8551   5.2097  2.33207056  2895
0 ARIANE 2 DEB
1 27035U 89006Q   21355.28833388  .00001253  00000-0  85375-2 0  9990
2 27035   8.6221 328.0258 7137001 317.8551   5.2097  2.33207056172501
0 ARIANE 2 DEB
1 27035U 89006Q   21356.14584826  .00001625  00000-0  10805-1 0  9994
2 27035   8.6189 327.7042 7137033 318.5082   5.1271  2.33209307  2914
0 ARIANE 2 DEB
1 27035U 89006Q   21356.57460074  .00001213  00000-0  82229-2 0  9992
2 27035   8.6181 327.5407 7136995 318.8361   5.0860  2.33210311  2929
0 ARIANE 2 DEB
1 27035U 89006Q   21357.43209614  .00000770  00000-0  54554-2 0  9996
2 27035   8.6121 327.2205 7136812 319.4847   5.0034  2.33212593  2949
0 ARIANE 2 DEB
1 27035U 89006Q   21357.43209720  .00001223  00000-0  83022-2 0  9990
2 27035   8.6117 327.2219 7136762 319.4847   5.0031  2.33213246  2946
0 ARIANE 2 DEB
1 27035U 89006Q   21357.43209720  .00001223  00000-0  83022-2 0  9990
2 27035   8.6117 327.2219 7136762 319.4847   5.0031  2.33213246172551
0 ARIANE 2 DEB
1 27035U 89006Q   21358.28958448  .00001547  00000-0  10360-1 0  9995
2 27035   8.6080 326.9014 7136637 320.1373   4.9171  2.33216185  2968
0 ARIANE 2 DEB
1 27035U 89006Q   21358.28958817  .00001295  00000-0  87730-2 0  9991
2 27035   8.6075 326.9053 7136661 320.1339   4.9174  2.33215181  2962
0 ARIANE 2 DEB
1 27035U 89006Q   21359.14706956  .00000980  00000-0  68214-2 0  9998
2 27035   8.6030 326.5892 7136620 320.7829   4.8282  2.33216585  2985
0 ARIANE 2 DEB
1 27035U 89006Q   21360.00453779  .00000942  00000-0  66206-2 0  9994
2 27035   8.6001 326.2641 7136571 321.4387   4.7349  2.33218212172614
0 ARIANE 2 DEB
1 27035U 89006Q   21360.43326976  .00000651  00000-0  48135-2 0  9997
2 27035   8.5975 326.1050 7136569 321.7663   4.6861  2.33218910  3013
0 ARIANE 2 DEB
1 27035U 89006Q   21360.43327086  .00000449  00000-0  35397-2 0  9991
2 27035   8.5980 326.1050 7136586 321.7641   4.6867  2.33218208  3010
0 ARIANE 2 DEB
1 27035U 89006Q   21360.86199616  .00000823  00000-0  59208-2 0  9997
2 27035   8.5961 325.9411 7136555 322.0961   4.6368  2.33219812  3021
0 ARIANE 2 DEB
1 27035U 89006Q   21361.29072401  .00000557  00000-0  42646-2 0  9999
2 27035   8.5936 325.7809 7136620 322.4226   4.5872  2.33219572  3036
0 ARIANE 2 DEB
1 27035U 89006Q   21362.14817543  .00000112  00000-0  15170-2 0  9997
2 27035   8.5879 325.4633 7136696 323.0737   4.4874  2.33219564  3055
0 ARIANE 2 DEB
1 27035U 89006Q   21362.14817582  .00000283  00000-0  25946-2 0  9991
2 27035   8.5884 325.4597 7136661 323.0756   4.4876  2.33219726172669
0 ARIANE 2 DEB
1 27035U 89006Q   21363.43433161  .00001198  00000-0  83900-2 0  9991
2 27035   8.5822 324.9811 7136672 324.0566   4.3378  2.33224951172691
0 ARIANE 2 DEB
1 27035U 89006Q   21363.86306045  .00000557  00000-0  43828-2 0  9991
2 27035   8.5807 324.8172 7136691 324.3887   4.2883  2.33223437  3098
0 ARIANE 2 DEB
1 27035U 89006Q   21363.86306056  .00000103  00000-0  15330-2 0  9997
2 27035   8.5807 324.8187 7136674 324.3851   4.2894  2.33222659  3093
0 ARIANE 2 DEB
1 27035U 89006Q   21363.86306056  .00000103  00000-0  15330-2 0  9997
2 27035   8.5807 324.8187 7136674 324.3851   4.2894  2.33222659172708
0 ARIANE 2 DEB
1 27035U 89006Q   21364.29177937  .00000569  00000-0  44552-2 0  9993
2 27035   8.5791 324.6539 7136747 324.7173   4.2404  2.33224140  3102
0 ARIANE 2 DEB
1 27035U 89006Q   21364.72049796  .00000693  00000-0  52298-2 0  9996
2 27035   8.5774 324.4914 7136797 325.0470   4.1934  2.33225216172724
0 ARIANE 2 DEB
1 27035U 89006Q   21365.14921613  .00000760  00000-0  56487-2 0  9999
2 27035   8.5756 324.3286 7136797 325.3757   4.1480  2.33226220  3125
0 ARIANE 2 DEB
1 27035U 89006Q   21365.57793975  .00000466  00000-0  38007-2 0  9995
2 27035   8.5722 324.1710 7136801 325.7006   4.1044  2.33226156  3130
0 ARIANE 2 DEB
1 27035U 89006Q   22001.00666408  .00000434  00000-0  35877-2 0  9998
2 27035   8.5722 324.0041 7136857 326.0307   4.0620  2.33226019  3143
0 ARIANE 2 DEB
1 27035U 89006Q   22001.00666408  .00000434  00000-0  35877-2 0  9998
2 27035   8.5722 324.0041 7136857 326.0307   4.0620  2.33226019172757
0 ARIANE 2 DEB
1 27035U 89006Q   22001.86411012  .00000536  00000-0  41784-2 0  9998
2 27035   8.5646 323.6847 7137059 326.6850   3.9799  2.33227362  3160
0 ARIANE 2 DEB
1 27035U 89006Q   22002.29283379  .00000622  00000-0  46868-2 0  9993
2 27035   8.5625 323.5279 7137144 327.0095   3.9409  2.33228336  3177
0 ARIANE 2 DEB
1 27035U 89006Q   22002.29283379  .00000622  00000-0  46868-2 0  9993
2 27035   8.5625 323.5279 7137144 327.0095   3.9409  2.33228336172781
0 ARIANE 2 DEB
1 27035U 89006Q   22002.72157618  .00000210  00000-0  21284-2 0  9995
2 27035   8.5578 323.3744 7136872 327.3331   3.9037  2.33227121172795
0 ARIANE 2 DEB
1 27035U 89006Q   22003.15028831  .00000469  00000-0  36773-2 0  9992
2 27035   8.5597 323.1956 7137551 327.6777   3.8625  2.33227967  3198
0 ARIANE 2 DEB
1 27035U 89006Q   22004.43648214  .00000309  00000-0  27022-2 0  9997
2 27035   8.5484 322.7319 7136823 328.6439   3.7552  2.33228920  3220
0 ARIANE 2 DEB
1 27035U 89006Q   22004.43648237  .00000296  00000-0  26230-2 0  9997
2 27035   8.5477 322.7342 7136837 328.6421   3.7550  2.33229275  3226
0 ARIANE 2 DEB
1 27035U 89006Q   22004.43648237  .00000296  00000-0  26230-2 0  9997
2 27035   8.5477 322.7342 7136837 328.6421   3.7550  2.33229275172830
0 ARIANE 2 DEB
1 27035U 89006Q   22005.29392639  .00000246  00000-0  23210-2 0  9994
2 27035   8.5433 322.4094 7136800 329.2990   3.6793  2.33229067  3246
0 ARIANE 2 DEB
1 27035U 89006Q   22005.72264845  .00000734  00000-0  53806-2 0  9995
2 27035   8.5408 322.2491 7136803 329.6264   3.6405  2.33229289172869
0 ARIANE 2 DEB
1 27035U 89006Q   22006.15136948  .00001096  00000-0  76658-2 0  9997
2 27035   8.5381 322.0887 7136772 329.9539   3.6009  2.33230085  3262
0 ARIANE 2 DEB
1 27035U 89006Q   22006.58008318  .00000554  00000-0  43022-2 0  9990
2 27035   8.5358 321.9272 7136748 330.2814   3.5607  2.33231201  3271
0 ARIANE 2 DEB
1 27035U 89006Q   22007.00880000  .00000683  00000-0  51424-2 0  9992
2 27035   8.5338 321.7642 7136703 330.6099   3.5193  2.33231029  3287
0 ARIANE 2 DEB
1 27035U 89006Q   22007.43751056  .00000430  00000-0  35901-2 0  9999
2 27035   8.5310 321.6041 7136708 330.9383   3.4769  2.33231873  3299
0 ARIANE 2 DEB
1 27035U 89006Q   22007.86622117  .00000413  00000-0  35204-2 0  9998
2 27035   8.5291 321.4416 7136694 331.2679   3.4340  2.33232028172911
0 ARIANE 2 DEB
1 27035U 89006Q   22008.29493546  .00000619  00000-0  48585-2 0  9992
2 27035   8.5263 321.2797 7136510 331.5961   3.3908  2.33231771  3314
0 ARIANE 2 DEB
1 27035U 89006Q   22008.29493617  .00000904  00000-0  66478-2 0  9999
2 27035   8.5257 321.2811 7136559 331.5947   3.3906  2.33231494  3311
0 ARIANE 2 DEB
1 27035U 89006Q   22009.15235483  .00000967  00000-0  71094-2 0  9999
2 27035   8.5220 320.9538 7136554 332.2555   3.3017  2.33232496172943
0 ARIANE 2 DEB
1 27035U 89006Q   22009.15235542  .00001401  00000-0  98419-2 0  9999
2 27035   8.5208 320.9582 7136522 332.2523   3.3016  2.33232515  3335
0 ARIANE 2 DEB
1 27035U 89006Q   22009.58106296  .00000831  00000-0  63004-2 0  9997
2 27035   8.5185 320.7961 7136489 332.5819   3.2568  2.33233023  3348
0 ARIANE 2 DEB
1 27035U 89006Q   22010.00976941  .00000251  00000-0  26806-2 0  9993
2 27035   8.5160 320.6336 7136503 332.9122   3.2113  2.33233111  3359
0 ARIANE 2 DEB
1 27035U 89006Q   22010.43847312  .00000438  00000-0  38759-2 0  9996
2 27035   8.5142 320.4700 7136497 333.2425   3.1661  2.33234145  3360
0 ARIANE 2 DEB
1 27035U 89006Q   22011.29588215  .00000326  00000-0  32059-2 0  9998
2 27035   8.5097 320.1422 7136450 333.9036   3.0767  2.33234165  3381
0 ARIANE 2 DEB
1 27035U 89006Q   22011.29588387  .00000357  00000-0  34012-2 0  9993
2 27035   8.5093 320.1434 7136454 333.9030   3.0767  2.33233835  3381
0 ARIANE 2 DEB
1 27035U 89006Q   22011.29588387  .00000357  00000-0  34012-2 0  9993
2 27035   8.5093 320.1434 7136454 333.9030   3.0767  2.33233835172995
0 ARIANE 2 DEB
1 27035U 89006Q   22012.15329827  .00000510  00000-0  43806-2 0  9993
2 27035   8.5032 319.8191 7136320 334.5616   2.9895  2.33234158  3400
0 ARIANE 2 DEB
1 27035U 89006Q   22013.43941351  .00000548  00000-0  45850-2 0  9999
2 27035   8.4958 319.3312 7136287 335.5501   2.8635  2.33236415  3434
0 ARIANE 2 DEB
1 27035U 89006Q   22013.43941489 -.00000001  00000-0  11184-2 0  9999
2 27035   8.4959 319.3311 7136302 335.5509   2.8636  2.33235606173047
0 ARIANE 2 DEB
1 27035U 89006Q   22013.43941521  .00000008  00000-0  11803-2 0  9990
2 27035   8.4965 319.3300 7136293 335.5500   2.8642  2.33235243  3431
0 ARIANE 2 DEB
1 27035U 89006Q   22014.29682771 -.00000107  00000-0  39526-3 0  9998
2 27035   8.4917 319.0024 7136270 336.2117   2.7837  2.33235576  3451
0 ARIANE 2 DEB
1 27035U 89006Q   22014.29682840  .00000560  00000-0  46043-2 0  9998
2 27035   8.4908 319.0048 7136289 336.2093   2.7837  2.33235848  3452
0 ARIANE 2 DEB
1 27035U 89006Q   22014.72553672  .00001644  00000-0  11410-1 0  9999
2 27035   8.4883 318.8420 7136273 336.5387   2.7451  2.33236835173072
0 ARIANE 2 DEB
1 27035U 89006Q   22015.15424557  .00001510  00000-0  10528-1 0  9997
2 27035   8.4853 318.6799 7136282 336.8683   2.7071  2.33237109  3477
0 ARIANE 2 DEB
1 27035U 89006Q   22015.58295256  .00000787  00000-0  59246-2 0  9992
2 27035   8.4825 318.5174 7136282 337.1971   2.6703  2.33237537  3483
0 ARIANE 2 DEB
1 27035U 89006Q   22016.01165895  .00000682  00000-0  52227-2 0  9992
2 27035   8.4799 318.3541 7136278 337.5271   2.6339  2.33238760  3496
0 ARIANE 2 DEB
1 27035U 89006Q   22016.01165895  .00000682  00000-0  52227-2 0  9992
2 27035   8.4799 318.3541 7136278 337.5271   2.6339  2.33238760173102
0 ARIANE 2 DEB
1 27035U 89006Q   22016.44036677  .00000852  00000-0  62568-2 0  9992
2 27035   8.4768 318.1920 7136260 337.8563   2.5981  2.33239351  3500
0 ARIANE 2 DEB
1 27035U 89006Q   22017.29777961  .00000616  00000-0  46982-2 0  9994
2 27035   8.4708 317.8644 7136196 338.5160   2.5284  2.33239235  3521
0 ARIANE 2 DEB
1 27035U 89006Q   22017.29777961  .00000616  00000-0  46982-2 0  9994
2 27035   8.4708 317.8644 7136196 338.5160   2.5284  2.33239235173136
0 ARIANE 2 DEB
1 27035U 89006Q   22018.15519433  .00001355  00000-0  93082-2 0  9992
2 27035   8.4654 317.5365 7136125 339.1772   2.4597  2.33240296  3543
0 ARIANE 2 DEB
1 27035U 89006Q   22019.01259989  .00000380  00000-0  30980-2 0  9990
2 27035   8.4591 317.2126 7135942 339.8343   2.3918  2.33241625  3567
0 ARIANE 2 DEB
1 27035U 89006Q   22019.44130311  .00000028  00000-0  84918-3 0  9994
2 27035   8.4563 317.0488 7135858 340.1651   2.3574  2.33241639  3572
0 ARIANE 2 DEB
1 27035U 89006Q   22019.44130311  .00000028  00000-0  84918-3 0  9994
2 27035   8.4563 317.0488 7135858 340.1651   2.3574  2.33241639173187
0 ARIANE 2 DEB
1 27035U 89006Q   22020.29870301  .00000369  00000-0  29940-2 0  9990
2 27035   8.4509 316.7194 7135703 340.8262   2.2871  2.33242620  3598
0 ARIANE 2 DEB
1 27035U 89006Q   22020.29870302  .00000116  00000-0  13801-2 0  9990
2 27035   8.4507 316.7193 7135718 340.8262   2.2872  2.33242191  3595
0 ARIANE 2 DEB
1 27035U 89006Q   22021.15610028  .00001136  00000-0  78919-2 0  9997
2 27035   8.4447 316.3920 7135533 341.4870   2.2144  2.33243181  3614
0 ARIANE 2 DEB
1 27035U 89006Q   22021.15610028  .00001136  00000-0  78919-2 0  9997
2 27035   8.4447 316.3920 7135533 341.4870   2.2144  2.33243181173230
0 ARIANE 2 DEB
1 27035U 89006Q   22021.58480153  .00001813  00000-0  12214-1 0  9995
2 27035   8.4471 316.2248 7135562 341.8226   2.1761  2.33244518  3624
0 ARIANE 2 DEB
1 27035U 89006Q   22022.01348624  .00000025  00000-0  79435-3 0  9994
2 27035   8.4394 316.0630 7135359 342.1496   2.1380  2.33244193  3635
0 ARIANE 2 DEB
1 27035U 89006Q   22022.44217437  .00000451  00000-0  35448-2 0  9996
2 27035   8.4371 315.8984 7135278 342.4800   2.0984  2.33245539  3646
0 ARIANE 2 DEB
1 27035U 89006Q   22023.29955162  .00000541  00000-0  41706-2 0  9998
2 27035   8.4301 315.5715 7135114 343.1404   2.0165  2.33244838  3669
0 ARIANE 2 DEB
1 27035U 89006Q   22023.29955322  .00000056  00000-0  10422-2 0  9998
2 27035   8.4315 315.5698 7135116 343.1428   2.0165  2.33244665173286
0 ARIANE 2 DEB
1 27035U 89006Q   22023.29956044  .00000256  00000-0  23304-2 0  9995
2 27035   8.4338 315.5658 7135171 343.1489   2.0155  2.33244435  3663
0 ARIANE 2 DEB
1 27035U 89006Q   22024.15692438  .00000637  00000-0  48417-2 0  9990
2 27035   8.4244 315.2419 7135010 343.8048   1.9309  2.33245398  3681
0 ARIANE 2 DEB
1 27035U 89006Q   22024.58560885  .00000206  00000-0  20884-2 0  9997
2 27035   8.4222 315.0764 7134969 344.1380   1.8873  2.33245767  3699
0 ARIANE 2 DEB
1 27035U 89006Q   22024.58560957  .00000667  00000-0  50733-2 0  9994
2 27035   8.4228 315.0753 7134937 344.1390   1.8873  2.33245819173314
0 ARIANE 2 DEB
1 27035U 89006Q   22025.01429221  .00000129  00000-0  16166-2 0  9996
2 27035   8.4193 314.9116 7134921 344.4711   1.8429  2.33246228  3706
0 ARIANE 2 DEB
1 27035U 89006Q   22025.44297479  .00000228  00000-0  22844-2 0  9991
2 27035   8.4165 314.7473 7134879 344.8025   1.7989  2.33246534  3714
0 ARIANE 2 DEB
1 27035U 89006Q   22026.30033984  .00000639  00000-0  50093-2 0  9999
2 27035   8.4131 314.4134 7134772 345.4714   1.7109  2.33247520173350
0 ARIANE 2 DEB
1 27035U 89006Q   22026.30034059  .00000019  00000-0  98547-3 0  9992
2 27035   8.4114 314.4152 7134820 345.4699   1.7107  2.33246209  3732
0 ARIANE 2 DEB
1 27035U 89006Q   22026.72902372  .00000598  00000-0  47598-2 0  9991
2 27035   8.4071 314.2514 7134778 345.8012   1.6676  2.33246590173369
0 ARIANE 2 DEB
1 27035U 89006Q   22027.15770871  .00000533  00000-0  43650-2 0  9990
2 27035   8.4039 314.0859 7134730 346.1363   1.6247  2.33246561  3751
0 ARIANE 2 DEB
1 27035U 89006Q   22027.58639402  .00000445  00000-0  38063-2 0  9995
2 27035   8.4016 313.9200 7134664 346.4692   1.5833  2.33246831  3769
0 ARIANE 2 DEB
1 27035U 89006Q   22028.01507622  .00000390  00000-0  34608-2 0  9992
2 27035   8.3993 313.7543 7134640 346.8003   1.5428  2.33247955  3773
0 ARIANE 2 DEB
1 27035U 89006Q   22028.87244452  .00000059  00000-0  13083-2 0  9991
2 27035   8.3942 313.4215 7134595 347.4672   1.4654  2.33248513173418
0 ARIANE 2 DEB
1 27035U 89006Q   22028.87245042  .00000661  00000-0  52342-2 0  9997
2 27035   8.3997 313.4177 7134557 347.4707   1.4654  2.33249764  3794
0 ARIANE 2 DEB
1 27035U 89006Q   22029.30113332  .00000371  00000-0  33379-2 0  9999
2 27035   8.3910 313.2560 7134535 347.7991   1.4283  2.33248297  3807
0 ARIANE 2 DEB
1 27035U 89006Q   22029.30113337  .00000011  00000-0  99330-3 0  9995
2 27035   8.3912 313.2559 7134559 347.7992   1.4281  2.33248069  3809
0 ARIANE 2 DEB
1 27035U 89006Q   22030.15851306  .00000342  00000-0  31316-2 0  9991
2 27035   8.3846 312.9231 7134490 348.4659   1.3566  2.33248345  3824
0 ARIANE 2 DEB
1 27035U 89006Q   22030.58720141  .00000523  00000-0  43055-2 0  9994
2 27035   8.3820 312.7564 7134419 348.7999   1.3221  2.33249344  3833
0 ARIANE 2 DEB
1 27035U 89006Q   22031.01588829  .00000892  00000-0  67053-2 0  9991
2 27035   8.3790 312.5901 7134371 349.1327   1.2879  2.33250497  3849
0 ARIANE 2 DEB
1 27035U 89006Q   22031.01588829  .00000892  00000-0  67053-2 0  9991
2 27035   8.3790 312.5901 7134371 349.1327   1.2879  2.33250497173465
0 ARIANE 2 DEB
1 27035U 89006Q   22031.87325935  .00000548  00000-0  44275-2 0  9991
2 27035   8.3747 312.2560 7134323 349.7975   1.2218  2.33251706  3864
0 ARIANE 2 DEB
1 27035U 89006Q   22032.30194751  .00000641  00000-0  50374-2 0  9991
2 27035   8.3717 312.0913 7134217 350.1294   1.1876  2.33251207  3879
0 ARIANE 2 DEB
1 27035U 89006Q   22032.30194934  .00000466  00000-0  38908-2 0  9998
2 27035   8.3709 312.0919 7134194 350.1288   1.1874  2.33250439  3877
0 ARIANE 2 DEB
1 27035U 89006Q   22032.73063778  .00000397  00000-0  34365-2 0  9992
2 27035   8.3682 311.9254 7134112 350.4628   1.1534  2.33250153173502
0 ARIANE 2 DEB
1 27035U 89006Q   22033.15931917  .00000261  00000-0  25370-2 0  9994
2 27035   8.3646 311.7581 7134135 350.7962   1.1187  2.33251138  3894
0 ARIANE 2 DEB
1 27035U 89006Q   22033.58800191  .00000623  00000-0  49293-2 0  9992
2 27035   8.3621 311.5917 7134015 351.1301   1.0838  2.33252152  3908
0 ARIANE 2 DEB
1 27035U 89006Q   22034.01668206  .00000599  00000-0  47829-2 0  9995
2 27035   8.3591 311.4257 7133917 351.4626   1.0476  2.33253189  3913
0 ARIANE 2 DEB
1 27035U 89006Q   22034.01668206  .00000599  00000-0  47829-2 0  9995
2 27035   8.3591 311.4257 7133917 351.4626   1.0476  2.33253189173539
0 ARIANE 2 DEB
1 27035U 89006Q   22034.44535975  .00000612  00000-0  48897-2 0  9990
2 27035   8.3571 311.2583 7133821 351.7973   1.0109  2.33253969  3923
0 ARIANE 2 DEB
1 27035U 89006Q   22035.30271440 -.00000342  00000-0 -13812-2 0  9991
2 27035   8.3510 310.9247 7133642 352.4660   0.9346  2.33252942  3944
0 ARIANE 2 DEB
1 27035U 89006Q   22035.30271558  .00000736  00000-0  57841-2 0  9996
2 27035   8.3590 310.9172 7133468 352.4729   0.9337  2.33254609  3943
0 ARIANE 2 DEB
1 27035U 89006Q   22035.73138715  .00000104  00000-0  16018-2 0  9990
2 27035   8.3481 310.7581 7133565 352.7992   0.8953  2.33253622173571
0 ARIANE 2 DEB
1 27035U 89006Q   22036.16006280  .00000778  00000-0  61236-2 0  9998
2 27035   8.3444 310.5911 7133402 353.1353   0.8551  2.33253609  3965
0 ARIANE 2 DEB
1 27035U 89006Q   22037.01740158  .00001086  00000-0  82592-2 0  9993
2 27035   8.3402 310.2562 7133218 353.8042   0.7737  2.33256061173604
0 ARIANE 2 DEB
1 27035U 89006Q   22037.01740312  .00000386  00000-0  35902-2 0  9990
2 27035   8.3395 310.2566 7133157 353.8050   0.7733  2.33255329  3985
0 ARIANE 2 DEB
1 27035U 89006Q   22037.44606665  .00000220  00000-0  25148-2 0  9997
2 27035   8.3373 310.0900 7133079 354.1372   0.7320  2.33256436  3998
0 ARIANE 2 DEB
1 27035U 89006Q   22038.30339681  .00000238  00000-0  26968-2 0  9994
2 27035   8.3338 309.7525 7132913 354.8090   0.6483  2.33258059  4013
0 ARIANE 2 DEB
1 27035U 89006Q   22038.30341267 -.00000441  00000-0 -18730-2 0  9993
2 27035   8.3342 309.7516 7132775 354.8134   0.6476  2.33255888  4012
0 ARIANE 2 DEB
1 27035U 89006Q   22038.30341267 -.00000441  00000-0 -18730-2 0  9993
2 27035   8.3342 309.7516 7132775 354.8134   0.6476  2.33255888173637
0 ARIANE 2 DEB
1 27035U 89006Q   22039.16071805  .00000778  00000-0  63618-2 0  9992
2 27035   8.3257 309.4188 7132931 355.4730   0.5659  2.33257711173658
0 ARIANE 2 DEB
1 27035U 89006Q   22039.16071899  .00000265  00000-0  29209-2 0  9994
2 27035   8.3247 309.4193 7132863 355.4744   0.5652  2.33256219  4032
0 ARIANE 2 DEB
1 27035U 89006Q   22039.58938682  .00000079  00000-0  16904-2 0  9993
2 27035   8.3224 309.2514 7132745 355.8101   0.5239  2.33256372  4044
0 ARIANE 2 DEB
1 27035U 89006Q   22040.01804938  .00000871  00000-0  70802-2 0  9996
2 27035   8.3293 309.0747 7132394 356.1534   0.4818  2.33257722  4053
0 ARIANE 2 DEB
1 27035U 89006Q   22040.01804938  .00000871  00000-0  70802-2 0  9996
2 27035   8.3293 309.0747 7132394 356.1534   0.4818  2.33257722173678
0 ARIANE 2 DEB
1 27035U 89006Q   22041.30403543 -.00000212  00000-0 -28307-3 0  9991
2 27035   8.3134 308.5778 7132412 357.1499   0.3632  2.33259437  4088
0 ARIANE 2 DEB
1 27035U 89006Q   22041.30403692  .00000064  00000-0  15963-2 0  9992
2 27035   8.3224 308.5698 7132199 357.1573   0.3622  2.33259229  4082
0 ARIANE 2 DEB
1 27035U 89006Q   22041.73270301  .00000419  00000-0  40079-2 0  9998
2 27035   8.3201 308.4013 7132115 357.4928   0.3235  2.33259314173714
0 ARIANE 2 DEB
1 27035U 89006Q   22042.16137127  .00000494  00000-0  45022-2 0  9990
2 27035   8.3158 308.2330 7132014 357.8289   0.2853  2.33258860  4103
0 ARIANE 2 DEB
1 27035U 89006Q   22042.59002984  .00000868  00000-0  70094-2 0  9991
2 27035   8.3054 308.0721 7132190 358.1549   0.2492  2.33261129  4110
0 ARIANE 2 DEB
1 27035U 89006Q   22043.01868983 -.00000060  00000-0  65378-3 0  9993
2 27035   8.3006 307.9030 7132207 358.4895   0.2123  2.33261332  4122
0 ARIANE 2 DEB
1 27035U 89006Q   22043.01868983 -.00000060  00000-0  65378-3 0  9993
2 27035   8.3006 307.9030 7132207 358.4895   0.2123  2.33261332173747
0 ARIANE 2 DEB
1 27035U 89006Q   22043.44735867 -.00000501  00000-0 -23944-2 0  9997
2 27035   8.3072 307.7272 7131917 358.8316   0.1755  2.33259605  4131
0 ARIANE 2 DEB
1 27035U 89006Q   22044.30468193 -.00000543  00000-0 -27596-2 0  9991
2 27035   8.3012 307.3887 7131874 359.5020   0.1051  2.33262262  4159
0 ARIANE 2 DEB
1 27035U 89006Q   22044.30468252 -.00001120  00000-0 -67167-2 0  9997
2 27035   8.3010 307.3883 7131866 359.5022   0.1050  2.33261472  4157
0 ARIANE 2 DEB
1 27035U 89006Q   22044.30468252 -.00001120  00000-0 -67167-2 0  9997
2 27035   8.3010 307.3883 7131866 359.5022   0.1050  2.33261472173772
0 ARIANE 2 DEB
1 27035U 89006Q   22045.59068538  .00000192  00000-0  21574-2 0  9990
2 27035   8.2924 306.8822 7131659   0.5073   0.0030  2.33261485  4180
0 ARIANE 2 DEB
1 27035U 89006Q   22045.59068538  .00000192  00000-0  21574-2 0  9990
2 27035   8.2924 306.8822 7131659   0.5073   0.0030  2.33261485173806
0 ARIANE 2 DEB
1 27035U 89006Q   22046.87667620  .00000040  00000-0  10052-2 0  9990
2 27035   8.2821 306.3752 7131367   1.5108 359.9027  2.33263307  4210
0 ARIANE 2 DEB
1 27035U 89006Q   22047.73400683 -.00000744  00000-0 -45117-2 0  9993
2 27035   8.2748 306.0368 7130934   2.1842 359.8333  2.33261275173857
0 ARIANE 2 DEB
1 27035U 89006Q   22048.16265884 -.00001237  00000-0 -79783-2 0  9997
2 27035   8.2722 305.8669 7130871   2.5182 359.7985  2.33262495  4244
0 ARIANE 2 DEB
1 27035U 89006Q   22049.01998393  .00000094  00000-0  12927-2 0  9995
2 27035   8.2677 305.5255 7130464   3.1934 359.7263  2.33262728  4261
0 ARIANE 2 DEB
1 27035U 89006Q   22049.01998393  .00000094  00000-0  12927-2 0  9995
2 27035   8.2677 305.5255 7130464   3.1934 359.7263  2.33262728173886
0 ARIANE 2 DEB
1 27035U 89006Q   22050.30593736  .00000312  00000-0  28436-2 0  9996
2 27035   8.2599 305.0154 7130143   4.2019 359.6124  2.33267240  4299
0 ARIANE 2 DEB
1 27035U 89006Q   22050.30593736  .00000312  00000-0  28436-2 0  9996
2 27035   8.2599 305.0154 7130143   4.2019 359.6124  2.33267240173915
0 ARIANE 2 DEB
1 27035U 89006Q   22050.73459418 -.00000530  00000-0 -31098-2 0  9993
2 27035   8.2489 304.8509 7130167   4.5340 359.5725  2.33264629173925
0 ARIANE 2 DEB
1 27035U 89006Q   22051.16325390 -.00000714  00000-0 -44323-2 0  9991
2 27035   8.2527 304.6779 7129743   4.8747 359.5309  2.33262349  4318
0 ARIANE 2 DEB
1 27035U 89006Q   22052.02054003 -.00000198  00000-0 -69643-3 0  9996
2 27035   8.2417 304.3406 7129879   5.5438 359.4472  2.33265701173957
0 ARIANE 2 DEB
1 27035U 89006Q   22052.44919393 -.00000653  00000-0 -39319-2 0  9996
2 27035   8.2455 304.1684 7129526   5.8837 359.4032  2.33264264  4341
0 ARIANE 2 DEB
1 27035U 89006Q   22053.30647496 -.00000884  00000-0 -55434-2 0  9996
2 27035   8.2418 303.8288 7129261   6.5563 359.3155  2.33266872  4360
0 ARIANE 2 DEB
1 27035U 89006Q   22053.30647496 -.00000884  00000-0 -55434-2 0  9996
2 27035   8.2418 303.8288 7129261   6.5563 359.3155  2.33266872173985
0 ARIANE 2 DEB
1 27035U 89006Q   22053.30647838 -.00000240  00000-0 -90455-3 0  9995
2 27035   8.2330 303.8302 7129586   6.5555 359.3158  2.33266756  4365
0 ARIANE 2 DEB
1 27035U 89006Q   22054.16377454 -.00001386  00000-0 -91058-2 0  9995
2 27035   8.2373 303.4839 7129175   7.2356 359.2266  2.33263296  4381
0 ARIANE 2 DEB
1 27035U 89006Q   22054.59241710  .00000054  00000-0  13033-2 0  9993
2 27035   8.2228 303.3171 7129526   7.5687 359.1841  2.33266029  4394
0 ARIANE 2 DEB
1 27035U 89006Q   22054.59241710  .00000054  00000-0  13033-2 0  9993
2 27035   8.2228 303.3171 7129526   7.5687 359.1841  2.33266029174011
0 ARIANE 2 DEB
1 27035U 89006Q   22055.02106812 -.00000860  00000-0 -52670-2 0  9992
2 27035   8.2329 303.1430 7129033   7.9080 359.1401  2.33264275  4401
0 ARIANE 2 DEB
1 27035U 89006Q   22055.44971034 -.00000940  00000-0 -57899-2 0  9991
2 27035   8.2181 302.9754 7129275   8.2446 359.0981  2.33265928  4410
0 ARIANE 2 DEB
1 27035U 89006Q   22056.30700004  .00000021  00000-0  11639-2 0  9994
2 27035   8.2141 302.6337 7129182   8.9142 359.0167  2.33267605  4439
0 ARIANE 2 DEB
1 27035U 89006Q   22056.73564809 -.00000362  00000-0 -15906-2 0  9993
2 27035   8.2111 302.4607 7129002   9.2570 358.9761  2.33267470  4443
0 ARIANE 2 DEB
1 27035U 89006Q   22056.73564809 -.00000362  00000-0 -15906-2 0  9993
2 27035   8.2111 302.4607 7129002   9.2570 358.9761  2.33267470174069
0 ARIANE 2 DEB
1 27035U 89006Q   22056.73565218 -.00000511  00000-0 -26901-2 0  9991
2 27035   8.2216 302.4604 7128685   9.2554 358.9764  2.33266841  4448
0 ARIANE 2 DEB
1 27035U 89006Q   22057.59295028 -.00000603  00000-0 -33477-2 0  9993
2 27035   8.2080 302.1204 7128844   9.9263 358.9004  2.33266564  4462
0 ARIANE 2 DEB
1 27035U 89006Q   22057.59295369 -.00000394  00000-0 -18331-2 0  9990
2 27035   8.2061 302.1178 7128918   9.9303 358.8997  2.33266730  4463
0 ARIANE 2 DEB
1 27035U 89006Q   22059.30754582 -.00000148  00000-0 -11801-3 0  9991
2 27035   8.1978 301.4323 7128558  11.2768 358.7549  2.33268623  4504
0 ARIANE 2 DEB
1 27035U 89006Q   22059.30754582 -.00000148  00000-0 -11801-3 0  9991
2 27035   8.1978 301.4323 7128558  11.2768 358.7549  2.33268623174120
0 ARIANE 2 DEB
1 27035U 89006Q   22060.16485923 -.00001100  00000-0 -71804-2 0  9994
2 27035   8.2007 301.0923 7128050  11.9502 358.6834  2.33266703  4525
0 ARIANE 2 DEB
1 27035U 89006Q   22060.16485923 -.00001100  00000-0 -71804-2 0  9994
2 27035   8.2007 301.0923 7128050  11.9502 358.6834  2.33266703174141
0 ARIANE 2 DEB
1 27035U 89006Q   22061.45080849 -.00000023  00000-0  69726-3 0  9998
2 27035   8.1829 300.5746 7128198  12.9650 358.5741  2.33269928  4552
0 ARIANE 2 DEB
1 27035U 89006Q   22061.45080849 -.00000023  00000-0  69726-3 0  9998
2 27035   8.1829 300.5746 7128198  12.9650 358.5741  2.33269928174178
0 ARIANE 2 DEB
1 27035U 89006Q   22062.30809730 -.00000681  00000-0 -42028-2 0  9997
2 27035   8.1846 300.2335 7127477  13.6396 358.4975  2.33269060  4573
0 ARIANE 2 DEB
1 27035U 89006Q   22062.30809730 -.00000681  00000-0 -42028-2 0  9997
2 27035   8.1846 300.2335 7127477  13.6396 358.4975  2.33269060174199
0 ARIANE 2 DEB
1 27035U 89006Q   22065.30858082 -.00000016  00000-0  89411-3 0  9993
2 27035   8.1620 299.0296 7126933  16.0081 358.2068  2.33272430174268
0 ARIANE 2 DEB
1 27035U 89006Q   22066.59448994 -.00002034  00000-0 -14417-1 0  9997
2 27035   8.1640 298.5188 7126133  17.0152 358.0755  2.33267554  4675
0 ARIANE 2 DEB
1 27035U 89006Q   22067.02313067 -.00000232  00000-0 -61260-3 0  9996
2 27035   8.1511 298.3368 7126453  17.3643 358.0308  2.33271199  4688
0 ARIANE 2 DEB
1 27035U 89006Q   22067.02313067 -.00000232  00000-0 -61260-3 0  9996
2 27035   8.1511 298.3368 7126453  17.3643 358.0308  2.33271199174305
0 ARIANE 2 DEB
1 27035U 89006Q   22067.45176838 -.00001265  00000-0 -85221-2 0  9995
2 27035   8.1586 298.1791 7125886  17.6859 357.9883  2.33267838  4691
0 ARIANE 2 DEB
1 27035U 89006Q   22067.88040832 -.00000433  00000-0 -21050-2 0  9992
2 27035   8.1467 297.9941 7126360  18.0386 357.9433  2.33270821  4700
0 ARIANE 2 DEB
1 27035U 89006Q   22069.16630958 -.00000897  00000-0 -57177-2 0  9992
2 27035   8.1481 297.4916 7125408  19.0345 357.8153  2.33269592  4735
0 ARIANE 2 DEB
1 27035U 89006Q   22069.16630958 -.00000897  00000-0 -57177-2 0  9992
2 27035   8.1481 297.4916 7125408  19.0345 357.8153  2.33269592174351
0 ARIANE 2 DEB
1 27035U 89006Q   22069.16632266 -.00000534  00000-0 -28794-2 0  9997
2 27035   8.1411 297.4776 7125928  19.0507 357.8142  2.33270224  4731
0 ARIANE 2 DEB
1 27035U 89006Q   22070.45225097 -.00000703  00000-0 -42470-2 0  9996
2 27035   8.1343 296.9598 7125667  20.0633 357.6891  2.33268682  4760
0 ARIANE 2 DEB
1 27035U 89006Q   22071.30953505 -.00000374  00000-0 -17806-2 0  9992
2 27035   8.1302 296.6144 7125454  20.7383 357.6082  2.33269415  4781
0 ARIANE 2 DEB
1 27035U 89006Q   22071.30953505 -.00000374  00000-0 -17806-2 0  9992
2 27035   8.1302 296.6144 7125454  20.7383 357.6082  2.33269415174408
0 ARIANE 2 DEB
1 27035U 89006Q   22073.45278282 -.00000441  00000-0 -25545-2 0  9996
2 27035   8.1189 295.7486 7125033  22.4285 357.4131  2.33267339  4838
0 ARIANE 2 DEB
1 27035U 89006Q   22073.45278282 -.00000441  00000-0 -25545-2 0  9996
2 27035   8.1189 295.7486 7125033  22.4285 357.4131  2.33267339174454
0 ARIANE 2 DEB
1 27035U 89006Q   22073.45278348 -.00000453  00000-0 -26459-2 0  9997
2 27035   8.1190 295.7492 7125038  22.4279 357.4133  2.33267232  4839
0 ARIANE 2 DEB
1 27035U 89006Q   22074.31008424 -.00000548  00000-0 -35042-2 0  9992
2 27035   8.1146 295.4013 7124751  23.1057 357.3362  2.33266520  4853
0 ARIANE 2 DEB
1 27035U 89006Q   22075.16738956 -.00000644  00000-0 -43844-2 0  9992
2 27035   8.1100 295.0546 7124416  23.7825 357.2587  2.33265448  4875
0 ARIANE 2 DEB
1 27035U 89006Q   22075.59604298 -.00000459  00000-0 -29654-2 0  9997
2 27035   8.1056 294.8772 7124346  24.1249 357.2195  2.33265571  4883
0 ARIANE 2 DEB
1 27035U 89006Q   22075.59604298 -.00000459  00000-0 -29654-2 0  9997
2 27035   8.1056 294.8772 7124346  24.1249 357.2195  2.33265571174500
0 ARIANE 2 DEB
1 27035U 89006Q   22076.02469568 -.00000465  00000-0 -30636-2 0  9994
2 27035   8.1036 294.7040 7124168  24.4631 357.1800  2.33265154  4898
0 ARIANE 2 DEB
1 27035U 89006Q   22077.31065242 -.00000476  00000-0 -32583-2 0  9993
2 27035   8.0976 294.1840 7123571  25.4786 357.0570  2.33264077  4921
0 ARIANE 2 DEB
1 27035U 89006Q   22077.73930375 -.00000511  00000-0 -35605-2 0  9995
2 27035   8.0955 294.0107 7123370  25.8173 357.0143  2.33263683  4933
0 ARIANE 2 DEB
1 27035U 89006Q   22077.73930375 -.00000511  00000-0 -35605-2 0  9995
2 27035   8.0955 294.0107 7123370  25.8173 357.0143  2.33263683174559
0 ARIANE 2 DEB
1 27035U 89006Q   22078.16795438 -.00000567  00000-0 -40223-2 0  9995
2 27035   8.0934 293.8371 7123195  26.1562 356.9704  2.33263254  4947
0 ARIANE 2 DEB
1 27035U 89006Q   22078.59660320 -.00000565  00000-0 -40180-2 0  9993
2 27035   8.0915 293.6639 7123033  26.4940 356.9261  2.33263091  4953
0 ARIANE 2 DEB
1 27035U 89006Q   22079.45390173 -.00000653  00000-0 -47217-2 0  9991
2 27035   8.0878 293.3180 7122691  27.1703 356.8342  2.33262188  4970
0 ARIANE 2 DEB
1 27035U 89006Q   22079.88255188 -.00000739  00000-0 -54126-2 0  9996
2 27035   8.0858 293.1444 7122508  27.5092 356.7868  2.33261476174600
0 ARIANE 2 DEB
1 27035U 89006Q   22080.31120102 -.00000752  00000-0 -54963-2 0  9997
2 27035   8.0839 292.9712 7122349  27.8475 356.7388  2.33261050  4994
0 ARIANE 2 DEB
1 27035U 89006Q   22081.16849999 -.00000820  00000-0 -59967-2 0  9998
2 27035   8.0801 292.6243 7122065  28.5250 356.6411  2.33260040  5011
0 ARIANE 2 DEB
1 27035U 89006Q   22081.16850272 -.00000779  00000-0 -56452-2 0  9993
2 27035   8.0799 292.6248 7122138  28.5250 356.6412  2.33260052  5017
0 ARIANE 2 DEB
1 27035U 89006Q   22082.02580548 -.00000765  00000-0 -54615-2 0  9999
2 27035   8.0762 292.2785 7121826  29.2016 356.5425  2.33258882174658
0 ARIANE 2 DEB
1 27035U 89006Q   22082.45445510 -.00000722  00000-0 -50581-2 0  9996
2 27035   8.0745 292.1047 7121793  29.5391 356.4938  2.33258777  5048
0 ARIANE 2 DEB
1 27035U 89006Q   22082.88310751 -.00000688  00000-0 -47409-2 0  9997
2 27035   8.0727 291.9309 7121636  29.8776 356.4449  2.33258345  5051
0 ARIANE 2 DEB
1 27035U 89006Q   22083.74041795 -.00000621  00000-0 -41284-2 0  9994
2 27035   8.0691 291.5834 7121367  30.5548 356.3487  2.33257580  5070
0 ARIANE 2 DEB
1 27035U 89006Q   22083.74041795 -.00000621  00000-0 -41284-2 0  9994
2 27035   8.0691 291.5834 7121367  30.5548 356.3487  2.33257580174695
0 ARIANE 2 DEB
1 27035U 89006Q   22084.16907866 -.00000682  00000-0 -46240-2 0  9995
2 27035   8.0674 291.4100 7121251  30.8928 356.3016  2.33256713  5089
0 ARIANE 2 DEB
1 27035U 89006Q   22084.59774232 -.00000611  00000-0 -39985-2 0  9991
2 27035   8.0662 291.2373 7121473  31.2286 356.2564  2.33256436  5094
0 ARIANE 2 DEB
1 27035U 89006Q   22085.02639615 -.00000708  00000-0 -48295-2 0  9996
2 27035   8.0688 291.0745 7121146  31.5518 356.2124  2.33255895  5103
0 ARIANE 2 DEB
1 27035U 89006Q   22085.45505671 -.00000683  00000-0 -46429-2 0  9996
2 27035   8.0658 290.8969 7120987  31.8967 356.1666  2.33255916  5113
0 ARIANE 2 DEB
1 27035U 89006Q   22086.31238608 -.00000685  00000-0 -47301-2 0  9997
2 27035   8.0614 290.5477 7120542  32.5757 356.0781  2.33254889  5135
0 ARIANE 2 DEB
1 27035U 89006Q   22086.31238608 -.00000685  00000-0 -47301-2 0  9997
2 27035   8.0614 290.5477 7120542  32.5757 356.0781  2.33254889174750
0 ARIANE 2 DEB
1 27035U 89006Q   22086.74108705 -.00001336  00000-0 -10266-1 0  9991
2 27035   8.0590 290.3717 7120711  32.9165 356.0351  2.33250055  5143
0 ARIANE 2 DEB
1 27035U 89006Q   22086.74108723 -.00001479  00000-0 -11495-1 0  9994
2 27035   8.0602 290.3751 7120650  32.9130 356.0355  2.33249514174766
0 ARIANE 2 DEB
1 27035U 89006Q   22087.16975255 -.00000538  00000-0 -35592-2 0  9993
2 27035   8.0583 290.2030 7120500  33.2530 355.9920  2.33253395  5159
0 ARIANE 2 DEB
1 27035U 89006Q   22087.16975255 -.00000538  00000-0 -35592-2 0  9993
2 27035   8.0583 290.2030 7120500  33.2530 355.9920  2.33253395174774
0 ARIANE 2 DEB
1 27035U 89006Q   22088.45574344 -.00000387  00000-0 -24028-2 0  9994
2 27035   8.0518 289.6775 7120358  34.2709 355.8632  2.33255513  5181
0 ARIANE 2 DEB
1 27035U 89006Q   22089.31308813 -.00000434  00000-0 -28790-2 0  9999
2 27035   8.0420 289.3150 7120451  34.9637 355.7740  2.33254156  5202
0 ARIANE 2 DEB
1 27035U 89006Q   22089.31308813 -.00000434  00000-0 -28790-2 0  9999
2 27035   8.0420 289.3150 7120451  34.9637 355.7740  2.33254156174827
0 ARIANE 2 DEB
1 27035U 89006Q   22090.17042151 -.00000374  00000-0 -24313-2 0  9995
2 27035   8.0389 288.9673 7120096  35.6425 355.6832  2.33253573  5224
0 ARIANE 2 DEB
1 27035U 89006Q   22090.59908654 -.00000366  00000-0 -23822-2 0  9995
2 27035   8.0373 288.7939 7119960  35.9800 355.6371  2.33253431  5230
0 ARIANE 2 DEB
1 27035U 89006Q   22091.45642138 -.00000452  00000-0 -31213-2 0  9992
2 27035   8.0338 288.4475 7119845  36.6542 355.5429  2.33252377174874
0 ARIANE 2 DEB
1 27035U 89006Q   22092.74240300 -.00000397  00000-0 -25982-2 0  9994
2 27035   8.0297 287.9245 7119456  37.6668 355.3956  2.33252300  5282
0 ARIANE 2 DEB
1 27035U 89006Q   22092.74240300 -.00000397  00000-0 -25982-2 0  9994
2 27035   8.0297 287.9245 7119456  37.6668 355.3956  2.33252300174908
0 ARIANE 2 DEB
1 27035U 89006Q   22093.59972766 -.00000329  00000-0 -19452-2 0  9996
2 27035   8.0266 287.5822 7119144  38.3396 355.2945  2.33252613  5302
0 ARIANE 2 DEB
1 27035U 89006Q   22094.02839141 -.00000397  00000-0 -25023-2 0  9990
2 27035   8.0251 287.4098 7118976  38.6758 355.2434  2.33252078  5316
0 ARIANE 2 DEB
1 27035U 89006Q   22095.74304181 -.00000450  00000-0 -28400-2 0  9993
2 27035   8.0197 286.7143 7118639  40.0275 355.0366  2.33251180  5354
0 ARIANE 2 DEB
1 27035U 89006Q   22095.74304181 -.00000450  00000-0 -28400-2 0  9993
2 27035   8.0197 286.7143 7118639  40.0275 355.0366  2.33251180174979
0 ARIANE 2 DEB
1 27035U 89006Q   22096.60036253 -.00000414  00000-0 -24940-2 0  9996
2 27035   8.0168 286.3657 7118373  40.7040 354.9327  2.33251297  5376
0 ARIANE 2 DEB
1 27035U 89006Q   22097.02901850 -.00000379  00000-0 -21768-2 0  9992
2 27035   8.0152 286.1910 7118236  41.0420 354.8811  2.33251739  5382
0 ARIANE 2 DEB
1 27035U 89006Q   22097.02901850 -.00000379  00000-0 -21768-2 0  9992
2 27035   8.0152 286.1910 7118236  41.0420 354.8811  2.33251739175009
0 ARIANE 2 DEB
1 27035U 89006Q   22097.88634127 -.00000364  00000-0 -20696-2 0  9999
2 27035   8.0123 285.8414 7118014  41.7192 354.7783  2.33251594  5401
0 ARIANE 2 DEB
1 27035U 89006Q   22099.17233146 -.00000409  00000-0 -25901-2 0  9993
2 27035   8.0076 285.3142 7117563  42.7380 354.6256  2.33250955  5436
0 ARIANE 2 DEB
1 27035U 89006Q   22099.17233146 -.00000409  00000-0 -25901-2 0  9993
2 27035   8.0076 285.3142 7117563  42.7380 354.6256  2.33250955175052
0 ARIANE 2 DEB
1 27035U 89006Q   22100.02965978 -.00000405  00000-0 -26632-2 0  9993
2 27035   8.0042 284.9632 7117377  43.4149 354.5260  2.33250726  5454
0 ARIANE 2 DEB
1 27035U 89006Q   22101.31566101 -.00000407  00000-0 -28881-2 0  9991
2 27035   7.9997 284.4376 7116977  44.4310 354.3779  2.33250096  5483
0 ARIANE 2 DEB
1 27035U 89006Q   22101.31566101 -.00000407  00000-0 -28881-2 0  9991
2 27035   7.9997 284.4376 7116977  44.4310 354.3779  2.33250096175100
0 ARIANE 2 DEB
1 27035U 89006Q   22102.17299493 -.00000350  00000-0 -25218-2 0  9991
2 27035   7.9968 284.0881 7116708  45.1074 354.2797  2.33250032  5507
0 ARIANE 2 DEB
1 27035U 89006Q   22103.45901131 -.00000248  00000-0 -17851-2 0  9992
2 27035   7.9885 283.5465 7116568  46.1431 354.1287  2.33249875  5538
0 ARIANE 2 DEB
1 27035U 89006Q   22103.45901131 -.00000248  00000-0 -17851-2 0  9992
2 27035   7.9885 283.5465 7116568  46.1431 354.1287  2.33249875175154
0 ARIANE 2 DEB
1 27035U 89006Q   22104.31634486 -.00000220  00000-0 -16427-2 0  9992
2 27035   7.9855 283.1965 7116276  46.8204 354.0274  2.33249695  5554
0 ARIANE 2 DEB
1 27035U 89006Q   22105.60233833 -.00000207  00000-0 -16181-2 0  9998
2 27035   7.9808 282.6704 7115825  47.8370 353.8698  2.33249417  5583
0 ARIANE 2 DEB
1 27035U 89006Q   22105.60233833 -.00000207  00000-0 -16181-2 0  9998
2 27035   7.9808 282.6704 7115825  47.8370 353.8698  2.33249417175200
0 ARIANE 2 DEB
1 27035U 89006Q   22106.03100304 -.00000181  00000-0 -13935-2 0  9997
2 27035   7.9790 282.4910 7115778  48.1788 353.8153  2.33249281  5590
0 ARIANE 2 DEB
1 27035U 89006Q   22107.74564302 -.00000167  00000-0 -11803-2 0  9994
2 27035   7.9729 281.7887 7115296  49.5346 353.5883  2.33249158175258
0 ARIANE 2 DEB
1 27035U 89006Q   22109.88892526 -.00000188  00000-0 -10780-2 0  9999
2 27035   7.9661 280.9111 7114748  51.2276 353.2870  2.33248953175308
0 ARIANE 2 DEB
1 27035U 89006Q   22112.03220579 -.00000177  00000-0 -70483-3 0  9998
2 27035   7.9602 280.0358 7114227  52.9178 352.9819  2.33248806  5733
0 ARIANE 2 DEB
1 27035U 89006Q   22112.03220579 -.00000177  00000-0 -70483-3 0  9998
2 27035   7.9602 280.0358 7114227  52.9178 352.9819  2.33248806175359
0 ARIANE 2 DEB
1 27035U 89006Q   22115.46148384 -.00000113  00000-0 -30471-3 0  9994
2 27035   7.9514 278.6385 7113467  55.6192 352.5138  2.33248402  5810
0 ARIANE 2 DEB
1 27035U 89006Q   22115.46148384 -.00000113  00000-0 -30471-3 0  9994
2 27035   7.9514 278.6385 7113467  55.6192 352.5138  2.33248402175436
0 ARIANE 2 DEB
1 27035U 89006Q   22115.89014476 -.00000101  00000-0 -25582-3 0  9999
2 27035   7.9503 278.4651 7113319  55.9555 352.4564  2.33248386  5828
0 ARIANE 2 DEB
1 27035U 89006Q   22118.46206322 -.00000072  00000-0 -28019-3 0  9993
2 27035   7.9413 277.4060 7112854  58.0017 352.0973  2.33250182  5884
0 ARIANE 2 DEB
1 27035U 89006Q   22118.46206322 -.00000072  00000-0 -28019-3 0  9993
2 27035   7.9413 277.4060 7112854  58.0017 352.0973  2.33250182175501
0 ARIANE 2 DEB
1 27035U 89006Q   22119.74801778  .00000030  00000-0  71917-3 0  9998
2 27035   7.9392 276.8957 7112323  58.9904 351.9132  2.33250749  5911
0 ARIANE 2 DEB
1 27035U 89006Q   22119.74801778  .00000030  00000-0  71917-3 0  9998
2 27035   7.9392 276.8957 7112323  58.9904 351.9132  2.33250749175537
0 ARIANE 2 DEB
1 27035U 89006Q   22122.74853875 -.00000062  00000-0  14750-3 0  9995
2 27035   7.9359 275.6713 7111433  61.3508 351.4492  2.33250771  5986
0 ARIANE 2 DEB
1 27035U 89006Q   22122.74853875 -.00000062  00000-0  14750-3 0  9995
2 27035   7.9359 275.6713 7111433  61.3508 351.4492  2.33250771175603
0 ARIANE 2 DEB
1 27035U 89006Q   22131.32128381 -.00000065  00000-0 -58227-3 0  9997
2 27035   7.9206 272.1552 7109207  68.1102 350.0499  2.33252340  6180
0 ARIANE 2 DEB
1 27035U 89006Q   22131.32128381 -.00000065  00000-0 -58227-3 0  9997
2 27035   7.9206 272.1552 7109207  68.1102 350.0499  2.33252340175806
0 ARIANE 2 DEB
1 27035U 89006Q   22133.46445119  .00000003  00000-0 -12069-3 0  9990
2 27035   7.9164 271.2777 7108659  69.7991 349.6838  2.33252639  6233
0 ARIANE 2 DEB
1 27035U 89006Q   22133.46445119  .00000003  00000-0 -12069-3 0  9990
2 27035   7.9164 271.2777 7108659  69.7991 349.6838  2.33252639175858
0 ARIANE 2 DEB
1 27035U 89006Q   22135.60758985  .00000020  00000-0  18313-3 0  9992
2 27035   7.9125 270.3923 7108074  71.4941 349.2914  2.33252854  6284
0 ARIANE 2 DEB
1 27035U 89006Q   22135.60758985  .00000020  00000-0  18313-3 0  9992
2 27035   7.9125 270.3923 7108074  71.4941 349.2914  2.33252854175900
0 ARIANE 2 DEB
1 27035U 89006Q   22137.32206523  .00000054  00000-0  88686-3 0  9996
2 27035   7.9101 269.6916 7107235  72.8361 348.9584  2.33253873  6326
0 ARIANE 2 DEB
1 27035U 89006Q   22137.32206523  .00000054  00000-0  88686-3 0  9996
2 27035   7.9101 269.6916 7107235  72.8361 348.9584  2.33253873175941
0 ARIANE 2 DEB
1 27035U 89006Q   22140.32238210  .00000060  00000-0  14587-2 0  9993
2 27035   7.9035 268.4885 7107028  75.1914 348.3571  2.33254750  6396
0 ARIANE 2 DEB
1 27035U 89006Q   22140.32238210  .00000060  00000-0  14587-2 0  9993
2 27035   7.9035 268.4885 7107028  75.1914 348.3571  2.33254750176013
0 ARIANE 2 DEB
1 27035U 89006Q   22141.60822372  .00000116  00000-0  20350-2 0  9990
2 27035   7.9020 267.9636 7106712  76.2015 348.0960  2.33255277  6429
0 ARIANE 2 DEB
1 27035U 89006Q   22145.46572273  .00000137  00000-0  15825-2 0  9994
2 27035   7.8963 266.3590 7105744  79.2626 347.2981  2.33256075176138
0 ARIANE 2 DEB
1 27035U 89006Q   22146.32292744  .00000105  00000-0  11526-2 0  9991
2 27035   7.8965 265.9934 7105195  79.9445 347.1119  2.33256376  6535
0 ARIANE 2 DEB
1 27035U 89006Q   22146.32292744  .00000105  00000-0  11526-2 0  9991
2 27035   7.8965 265.9934 7105195  79.9445 347.1119  2.33256376176151
0 ARIANE 2 DEB
1 27035U 89006Q   22148.46593801  .00000017  00000-0  26930-3 0  9994
2 27035   7.8919 265.1218 7104929  81.6354 346.6403  2.33256577  6582
0 ARIANE 2 DEB
1 27035U 89006Q   22148.46593801  .00000017  00000-0  26930-3 0  9994
2 27035   7.8919 265.1218 7104929  81.6354 346.6403  2.33256577176209
0 ARIANE 2 DEB
1 27035U 89006Q   22149.32313347 -.00000025  00000-0 -56752-4 0  9992
2 27035   7.8913 264.7755 7104710  82.3036 346.4455  2.33256581  6603
0 ARIANE 2 DEB
1 27035U 89006Q   22150.60891818 -.00000072  00000-0 -34528-3 0  9997
2 27035   7.8906 264.2559 7104403  83.3052 346.1458  2.33256509  6633
0 ARIANE 2 DEB
1 27035U 89006Q   22150.60891818 -.00000072  00000-0 -34528-3 0  9997
2 27035   7.8906 264.2559 7104403  83.3052 346.1458  2.33256509176259
0 ARIANE 2 DEB
1 27035U 89006Q   22152.32329546 -.00000117  00000-0 -61553-3 0  9990
2 27035   7.8932 263.6055 7103926  84.5877 345.7480  2.33256583  6679
0 ARIANE 2 DEB
1 27035U 89006Q   22152.32329546 -.00000117  00000-0 -61553-3 0  9990
2 27035   7.8932 263.6055 7103926  84.5877 345.7480  2.33256583176295
0 ARIANE 2 DEB
1 27035U 89006Q   22155.32341365 -.00000223  00000-0 -19602-2 0  9991
2 27035   7.8924 262.4553 7103599  86.8777 345.0139  2.33256170  6744
0 ARIANE 2 DEB
1 27035U 89006Q   22155.32341365 -.00000223  00000-0 -19602-2 0  9991
2 27035   7.8924 262.4553 7103599  86.8777 345.0139  2.33256170176360
0 ARIANE 2 DEB
1 27035U 89006Q   22156.60914360 -.00000210  00000-0 -20948-2 0  9995
2 27035   7.8952 261.8901 7102639  87.9157 344.6659  2.33255930  6771
0 ARIANE 2 DEB
1 27035U 89006Q   22156.60914360 -.00000210  00000-0 -20948-2 0  9995
2 27035   7.8952 261.8901 7102639  87.9157 344.6659  2.33255930176397
0 ARIANE 2 DEB
1 27035U 89006Q   22157.46630956 -.00000202  00000-0 -22096-2 0  9993
2 27035   7.8950 261.5486 7102383  88.5779 344.4440  2.33255706  6796
0 ARIANE 2 DEB
1 27035U 89006Q   22158.32347413 -.00000187  00000-0 -22544-2 0  9992
2 27035   7.8949 261.2074 7102132  89.2397 344.2201  2.33255478  6812
0 ARIANE 2 DEB
1 27035U 89006Q   22158.32347413 -.00000187  00000-0 -22544-2 0  9992
2 27035   7.8949 261.2074 7102132  89.2397 344.2201  2.33255478176438
0 ARIANE 2 DEB
1 27035U 89006Q   22160.46638464 -.00000091  00000-0 -15285-2 0  9997
2 27035   7.8940 260.3725 7101434  90.8677 343.6573  2.33255181  6860
0 ARIANE 2 DEB
1 27035U 89006Q   22160.46638464 -.00000091  00000-0 -15285-2 0  9997
2 27035   7.8940 260.3725 7101434  90.8677 343.6573  2.33255181176486
0 ARIANE 2 DEB
1 27035U 89006Q   22161.32353616 -.00000075  00000-0 -13979-2 0  9996
2 27035   7.8936 260.0255 7101201  91.5365 343.4199  2.33255004  6882
0 ARIANE 2 DEB
1 27035U 89006Q   22164.32351270 -.00000070  00000-0 -92558-3 0  9999
2 27035   7.8925 258.8130 7100359  93.8767 342.5433  2.33254688  6957
0 ARIANE 2 DEB
1 27035U 89006Q   22164.32351270 -.00000070  00000-0 -92558-3 0  9999
2 27035   7.8925 258.8130 7100359  93.8767 342.5433  2.33254688176573
0 ARIANE 2 DEB
1 27035U 89006Q   22165.60918713 -.00000001  00000-0  29269-3 0  9994
2 27035   7.8919 258.2971 7099946  94.8771 342.1425  2.33255126  6980
0 ARIANE 2 DEB
1 27035U 89006Q   22165.60918713 -.00000001  00000-0  29269-3 0  9994
2 27035   7.8919 258.2971 7099946  94.8771 342.1425  2.33255126176607
0 ARIANE 2 DEB
1 27035U 89006Q   22166.46630338  .00000020  00000-0  79429-3 0  9996
2 27035   7.8905 257.9795 7099565  95.5104 341.8795  2.33255449  7008
0 ARIANE 2 DEB
1 27035U 89006Q   22170.32326487  .00000082  00000-0  16631-2 0  9996
2 27035   7.8978 256.4786 7098024  98.4394 340.6126  2.33254075  7092
0 ARIANE 2 DEB
1 27035U 89006Q   22171.60889450  .00000171  00000-0  24515-2 0  9991
2 27035   7.8934 255.9662 7098205  99.4508 340.1692  2.33254563  7129
0 ARIANE 2 DEB
1 27035U 89006Q   22171.60889450  .00000171  00000-0  24515-2 0  9991
2 27035   7.8934 255.9662 7098205  99.4508 340.1692  2.33254563176744
0 ARIANE 2 DEB
1 27035U 89006Q   22172.46599435  .00000036  00000-0  54849-3 0  9991
2 27035   7.8930 255.6514 7098004 100.0794 339.8871  2.33254470  7144
0 ARIANE 2 DEB
1 27035U 89006Q   22172.46599435  .00000036  00000-0  54849-3 0  9991
2 27035   7.8930 255.6514 7098004 100.0794 339.8871  2.33254470176769
0 ARIANE 2 DEB
1 27035U 89006Q   22173.32307470 -.00000078  00000-0 -10570-2 0  9993
2 27035   7.8930 255.3127 7097769 100.7400 339.5867  2.33254122  7167
0 ARIANE 2 DEB
1 27035U 89006Q   22173.75162692  .00000031  00000-0  26670-3 0  9991
2 27035   7.8929 255.1698 7097556 101.0348 339.4509  2.33254642  7175
0 ARIANE 2 DEB
1 27035U 89006Q   22173.75162692  .00000031  00000-0  26670-3 0  9991
2 27035   7.8929 255.1698 7097556 101.0348 339.4509  2.33254642176790
0 ARIANE 2 DEB
1 27035U 89006Q   22176.32282353 -.00000240  00000-0 -30508-2 0  9992
2 27035   7.8934 254.1507 7096910 103.0177 338.5080  2.33253103  7236
0 ARIANE 2 DEB
1 27035U 89006Q   22176.32282353 -.00000240  00000-0 -30508-2 0  9992
2 27035   7.8934 254.1507 7096910 103.0177 338.5080  2.33253103176851
0 ARIANE 2 DEB
1 27035U 89006Q   22179.32246402 -.00000234  00000-0 -22875-2 0  9991
2 27035   7.8937 252.9731 7095980 105.3152 337.3273  2.33252323  7300
0 ARIANE 2 DEB
1 27035U 89006Q   22179.32246402 -.00000234  00000-0 -22875-2 0  9991
2 27035   7.8937 252.9731 7095980 105.3152 337.3273  2.33252323176925
0 ARIANE 2 DEB
1 27035U 89006Q   22181.46499742 -.00000242  00000-0 -21997-2 0  9999
2 27035   7.8946 252.1313 7095459 106.9566 336.4218  2.33251839  7350
0 ARIANE 2 DEB
1 27035U 89006Q   22182.32199591 -.00000289  00000-0 -28847-2 0  9996
2 27035   7.8945 251.7974 7095168 107.6101 336.0461  2.33251547  7371
0 ARIANE 2 DEB
1 27035U 89006Q   22184.46445863 -.00000379  00000-0 -45045-2 0  9998
2 27035   7.8948 250.9535 7094724 109.2556 335.0718  2.33250385  7426
0 ARIANE 2 DEB
1 27035U 89006Q   22185.32143517 -.00000439  00000-0 -55406-2 0  9994
2 27035   7.8947 250.6171 7094500 109.9133 334.6705  2.33249484  7449
0 ARIANE 2 DEB
1 27035U 89006Q   22185.32143517 -.00000439  00000-0 -55406-2 0  9994
2 27035   7.8947 250.6171 7094500 109.9133 334.6705  2.33249484177065
0 ARIANE 2 DEB
1 27035U 89006Q   22188.32080968 -.00000298  00000-0 -43496-2 0  9996
2 27035   7.8949 249.4351 7093668 112.2216 333.2150  2.33247362  7510
0 ARIANE 2 DEB
1 27035U 89006Q   22188.32080968 -.00000298  00000-0 -43496-2 0  9996
2 27035   7.8949 249.4351 7093668 112.2216 333.2150  2.33247362177136
0 ARIANE 2 DEB
1 27035U 89006Q   22194.31935733 -.00000303  00000-0 -31363-2 0  9998
2 27035   7.8913 247.2095 7091481 116.6601 330.0912  2.33244646  7657
0 ARIANE 2 DEB
1 27035U 89006Q   22194.31935733 -.00000303  00000-0 -31363-2 0  9998
2 27035   7.8913 247.2095 7091481 116.6601 330.0912  2.33244646177273
0 ARIANE 2 DEB
1 27035U 89006Q   22195.17622323 -.00000329  00000-0 -32812-2 0  9999
2 27035   7.8912 246.8753 7091310 117.3146 329.5798  2.33244070  7673
0 ARIANE 2 DEB
1 27035U 89006Q   22198.17519028 -.00000037  00000-0  67055-3 0  9992
2 27035   7.9011 245.7481 7089517 119.5461 327.7320  2.33243398  7741
0 ARIANE 2 DEB
1 27035U 89006Q   22198.17519028 -.00000037  00000-0  67055-3 0  9992
2 27035   7.9011 245.7481 7089517 119.5461 327.7320  2.33243398177367
0 ARIANE 2 DEB
1 27035U 89006Q   22203.31604338 -.00000252  00000-0 -31713-2 0  9995
2 27035   7.8796 243.8075 7090209 123.4449 324.3164  2.33240289  7866
0 ARIANE 2 DEB
1 27035U 89006Q   22203.31604338 -.00000252  00000-0 -31713-2 0  9995
2 27035   7.8796 243.8075 7090209 123.4449 324.3164  2.33240289177482
0 ARIANE 2 DEB
1 27035U 89006Q   22206.31469459 -.00000138  00000-0 -71845-3 0  9995
2 27035   7.8755 242.6991 7087874 125.6491 322.1421  2.33236489  7937
0 ARIANE 2 DEB
1 27035U 89006Q   22206.31469459 -.00000138  00000-0 -71845-3 0  9995
2 27035   7.8755 242.6991 7087874 125.6491 322.1421  2.33236489177553
0 ARIANE 2 DEB
1 27035U 89006Q   22207.17137707  .00001061  00000-0  17215-1 0  9991
2 27035   7.8759 242.3690 7087940 126.3009 321.4707  2.33242124  7955
0 ARIANE 2 DEB
1 27035U 89006Q   22207.17137707  .00001061  00000-0  17215-1 0  9991
2 27035   7.8759 242.3690 7087940 126.3009 321.4707  2.33242124177571
0 ARIANE 2 DEB
1 27035U 89006Q   22208.45637543 -.00000752  00000-0 -94175-2 0  9995
2 27035   7.8765 241.8828 7087376 127.2605 320.4367  2.33240822  7981
0 ARIANE 2 DEB
1 27035U 89006Q   22208.45637543 -.00000752  00000-0 -94175-2 0  9995
2 27035   7.8765 241.8828 7087376 127.2605 320.4367  2.33240822177608
0 ARIANE 2 DEB
1 27035U 89006Q   22209.31309678  .00000276  00000-0  60769-2 0  9997
2 27035   7.8682 241.5817 7085820 127.8737 319.7348  2.33234857  8003
0 ARIANE 2 DEB
1 27035U 89006Q   22209.31309678  .00000276  00000-0  60769-2 0  9997
2 27035   7.8682 241.5817 7085820 127.8737 319.7348  2.33234857177628
0 ARIANE 2 DEB
1 27035U 89006Q   22210.16971026 -.00001388  00000-0 -18684-1 0  9999
2 27035   7.8763 241.2389 7088194 128.5548 319.0009  2.33234744  8023
0 ARIANE 2 DEB
1 27035U 89006Q   22210.16971026 -.00001388  00000-0 -18684-1 0  9999
2 27035   7.8763 241.2389 7088194 128.5548 319.0009  2.33234744177648
0 ARIANE 2 DEB
1 27035U 89006Q   22211.02632971 -.00001201  00000-0 -16158-1 0  9996
2 27035   7.8756 240.9173 7087864 129.1957 318.2504  2.33232535  8045
0 ARIANE 2 DEB
1 27035U 89006Q   22212.31121309 -.00000074  00000-0  20256-3 0  9999
2 27035   7.8759 240.4203 7087804 130.1742 317.0834  2.33233456  8074
0 ARIANE 2 DEB
1 27035U 89006Q   22212.31121309 -.00000074  00000-0  20256-3 0  9999
2 27035   7.8759 240.4203 7087804 130.1742 317.0834  2.33233456177699
0 ARIANE 2 DEB
1 27035U 89006Q   22213.16777955 -.00000616  00000-0 -80818-2 0  9999
2 27035   7.8756 240.0893 7087688 130.8266 316.2840  2.33232219  8096
0 ARIANE 2 DEB
1 27035U 89006Q   22213.16777955 -.00000616  00000-0 -80818-2 0  9999
2 27035   7.8756 240.0893 7087688 130.8266 316.2840  2.33232219177712
0 ARIANE 2 DEB
1 27035U 89006Q   22214.02434414 -.00000905  00000-0 -12669-1 0  9994
2 27035   7.8753 239.7669 7087373 131.4697 315.4775  2.33229936  8129
0 ARIANE 2 DEB
1 27035U 89006Q   22214.02434414 -.00000905  00000-0 -12669-1 0  9994
2 27035   7.8753 239.7669 7087373 131.4697 315.4775  2.33229936177733
0 ARIANE 2 DEB
1 27035U 89006Q   22216.16567626 -.00000326  00000-0 -44503-2 0  9993
2 27035   7.8741 238.9403 7086985 133.1009 313.3829  2.33229002  8162
0 ARIANE 2 DEB
1 27035U 89006Q   22216.16567626 -.00000326  00000-0 -44503-2 0  9993
2 27035   7.8741 238.9403 7086985 133.1009 313.3829  2.33229002177787
0 ARIANE 2 DEB
1 27035U 89006Q   22217.45045414 -.00000808  00000-0 -11793-1 0  9991
2 27035   7.8727 238.4601 7086266 134.0604 312.0970  2.33224962  8190
0 ARIANE 2 DEB
1 27035U 89006Q   22217.45045414 -.00000808  00000-0 -11793-1 0  9991
2 27035   7.8727 238.4601 7086266 134.0604 312.0970  2.33224962177816
0 ARIANE 2 DEB
1 27035U 89006Q   22219.16339692 -.00000078  00000-0 -27148-3 0  9997
2 27035   7.8710 237.8033 7085835 135.3569 310.3016  2.33227228  8234
0 ARIANE 2 DEB
1 27035U 89006Q   22219.16339692 -.00000078  00000-0 -27148-3 0  9997
2 27035   7.8710 237.8033 7085835 135.3569 310.3016  2.33227228177859
0 ARIANE 2 DEB
1 27035U 89006Q   22221.30441427 -.00000219  00000-0 -15059-2 0  9990
2 27035   7.8683 236.9809 7085312 136.9760 307.9120  2.33225059  8287
0 ARIANE 2 DEB
1 27035U 89006Q   22221.30441427 -.00000219  00000-0 -15059-2 0  9990
2 27035   7.8683 236.9809 7085312 136.9760 307.9120  2.33225059177903
0 ARIANE 2 DEB
1 27035U 89006Q   22221.30443653 -.00000876  00000-0 -11694-1 0  9992
2 27035   7.8678 236.9906 7085005 136.9626 307.9254  2.33222280  8280
0 ARIANE 2 DEB
1 27035U 89006Q   22222.16078097 -.00001064  00000-0 -14252-1 0  9996
2 27035   7.8674 236.6598 7085086 137.6157 306.9153  2.33222495  8304
0 ARIANE 2 DEB
1 27035U 89006Q   22223.01710200 -.00001424  00000-0 -19621-1 0  9995
2 27035   7.8666 236.3295 7084974 138.2665 305.8768  2.33220922  8327
0 ARIANE 2 DEB
1 27035U 89006Q   22223.01710200 -.00001424  00000-0 -19621-1 0  9995
2 27035   7.8666 236.3295 7084974 138.2665 305.8768  2.33220922177942
0 ARIANE 2 DEB
1 27035U 89006Q   22224.30152946 -.00000484  00000-0 -49560-2 0  9996
2 27035   7.8667 235.8395 7084949 139.2385 304.2757  2.33222144  8357
0 ARIANE 2 DEB
1 27035U 89006Q   22224.30152946 -.00000484  00000-0 -49560-2 0  9996
2 27035   7.8667 235.8395 7084949 139.2385 304.2757  2.33222144177972
0 ARIANE 2 DEB
1 27035U 89006Q   22225.15788336 -.00000540  00000-0 -58939-2 0  9991
2 27035   7.8512 235.5645 7085249 139.8398 303.2631  2.33221422  8375
0 ARIANE 2 DEB
1 27035U 89006Q   22228.15462367 -.00000797  00000-0 -10876-1 0  9998
2 27035   7.8517 234.4201 7084539 142.1054 299.2732  2.33217720  8443
0 ARIANE 2 DEB
1 27035U 89006Q   22228.58273964  .00000142  00000-0  36797-2 0  9991
2 27035   7.8485 234.2683 7084754 142.4172 298.7119  2.33219977  8452
0 ARIANE 2 DEB
1 27035U 89006Q   22228.58273964  .00000142  00000-0  36797-2 0  9991
2 27035   7.8485 234.2683 7084754 142.4172 298.7119  2.33219977178078
0 ARIANE 2 DEB
1 27035U 89006Q   22230.29502932 -.00000253  00000-0 -25961-2 0  9998
2 27035   7.8359 233.6153 7084559 143.7111 296.3083  2.33216625  8492
0 ARIANE 2 DEB
1 27035U 89006Q   22230.29502932 -.00000253  00000-0 -25961-2 0  9998
2 27035   7.8359 233.6153 7084559 143.7111 296.3083  2.33216625178119
0 ARIANE 2 DEB
1 27035U 89006Q   22231.15114820 -.00000856  00000-0 -11928-1 0  9995
2 27035   7.8324 233.2928 7084362 144.3485 295.0853  2.33215574  8519
0 ARIANE 2 DEB
1 27035U 89006Q   22231.15114820 -.00000856  00000-0 -11928-1 0  9995
2 27035   7.8324 233.2928 7084362 144.3485 295.0853  2.33215574178135
0 ARIANE 2 DEB
1 27035U 89006Q   22232.43526383 -.00001284  00000-0 -18407-1 0  9993
2 27035   7.8295 232.8081 7083963 145.3105 293.1836  2.33213164178169
0 ARIANE 2 DEB
1 27035U 89006Q   22232.43528802 -.00001149  00000-0 -16341-1 0  9996
2 27035   7.8310 232.8192 7083696 145.2984 293.2018  2.33213757  8542
0 ARIANE 2 DEB
1 27035U 89006Q   22233.71932709 -.00000808  00000-0 -10574-1 0  9996
2 27035   7.8320 232.3345 7083294 146.2606 291.2298  2.33212093  8577
0 ARIANE 2 DEB
1 27035U 89006Q   22233.71932709 -.00000808  00000-0 -10574-1 0  9996
2 27035   7.8320 232.3345 7083294 146.2606 291.2298  2.33212093178193
0 ARIANE 2 DEB
1 27035U 89006Q   22234.14731839 -.00000254  00000-0 -15992-2 0  9990
2 27035   7.8350 232.1726 7083506 146.5800 290.5641  2.33213659  8580
0 ARIANE 2 DEB
1 27035U 89006Q   22234.57532650 -.00001581  00000-0 -22715-1 0  9991
2 27035   7.8360 232.0178 7083049 146.8888 289.9001  2.33210030  8595
0 ARIANE 2 DEB
1 27035U 89006Q   22234.57532650 -.00001581  00000-0 -22715-1 0  9991
2 27035   7.8360 232.0178 7083049 146.8888 289.9001  2.33210030178212
0 ARIANE 2 DEB
1 27035U 89006Q   22235.85920287 -.00001321  00000-0 -18276-1 0  9999
2 27035   7.8341 231.5286 7083054 147.8601 287.7860  2.33210474  8623
0 ARIANE 2 DEB
1 27035U 89006Q   22235.85920287 -.00001321  00000-0 -18276-1 0  9999
2 27035   7.8341 231.5286 7083054 147.8601 287.7860  2.33210474178249
0 ARIANE 2 DEB
1 27035U 89006Q   22236.71509645 -.00000927  00000-0 -11944-1 0  9992
2 27035   7.8329 231.2104 7082855 148.4977 286.3509  2.33209165  8648
0 ARIANE 2 DEB
1 27035U 89006Q   22237.14300604 -.00000417  00000-0 -37469-2 0  9999
2 27035   7.8334 231.0438 7083035 148.8262 285.6036  2.33209950178270
0 ARIANE 2 DEB
1 27035U 89006Q   22237.57091009 -.00001393  00000-0 -19440-1 0  9994
2 27035   7.8338 230.8786 7082880 149.1516 284.8490  2.33208743  8669
0 ARIANE 2 DEB
1 27035U 89006Q   22237.99882419 -.00000927  00000-0 -12016-1 0  9997
2 27035   7.8320 230.7203 7082924 149.4704 284.1049  2.33209164  8676
0 ARIANE 2 DEB
1 27035U 89006Q   22238.85461236 -.00000694  00000-0 -84303-2 0  9993
2 27035   7.8229 230.3995 7082974 150.1146 282.5758  2.33208051  8709
0 ARIANE 2 DEB
1 27035U 89006Q   22239.71037154 -.00003244  00000-0 -50083-1 0  9998
2 27035   7.8265 230.0738 7082215 150.7547 281.0136  2.33203106  8711
0 ARIANE 2 DEB
1 27035U 89006Q   22239.71037154 -.00003244  00000-0 -50083-1 0  9998
2 27035   7.8265 230.0738 7082215 150.7547 281.0136  2.33203106178337
0 ARIANE 2 DEB
1 27035U 89006Q   22240.13820680 -.00000320  00000-0 -27799-2 0  9991
2 27035   7.8233 229.9056 7083012 151.0905 280.2053  2.33207642  8723
0 ARIANE 2 DEB
1 27035U 89006Q   22240.13820860 -.00001255  00000-0 -17739-1 0  9991
2 27035   7.8179 229.9061 7083032 151.0917 280.2027  2.33205441178345
0 ARIANE 2 DEB
1 27035U 89006Q   22241.42173444 -.00002363  00000-0 -35876-1 0  9996
2 27035   7.8185 229.4135 7083022 152.0663 277.7709  2.33203395  8758
0 ARIANE 2 DEB
1 27035U 89006Q   22241.42173444 -.00002363  00000-0 -35876-1 0  9996
2 27035   7.8185 229.4135 7083022 152.0663 277.7709  2.33203395178374
0 ARIANE 2 DEB
1 27035U 89006Q   22242.27739736 -.00002673  00000-0 -41191-1 0  9993
2 27035   7.8165 229.0850 7082865 152.7149 276.1177  2.33199857  8777
0 ARIANE 2 DEB
1 27035U 89006Q   22243.13302968 -.00001374  00000-0 -20517-1 0  9998
2 27035   7.8135 228.7605 7082872 153.3620 274.4454  2.33200598  8793
0 ARIANE 2 DEB
1 27035U 89006Q   22243.98864310 -.00001605  00000-0 -24635-1 0  9997
2 27035   7.8101 228.4332 7082092 154.0041 272.7460  2.33199329178435
0 ARIANE 2 DEB
1 27035U 89006Q   22244.41642711 -.00001005  00000-0 -14845-1 0  9991
2 27035   7.8087 228.2710 7082312 154.3302 271.8835  2.33201544  8828
0 ARIANE 2 DEB
1 27035U 89006Q   22244.41642711 -.00001005  00000-0 -14845-1 0  9991
2 27035   7.8087 228.2710 7082312 154.3302 271.8835  2.33201544178444
0 ARIANE 2 DEB
1 27035U 89006Q   22245.27199546 -.00001661  00000-0 -25635-1 0  9996
2 27035   7.8048 227.9453 7081734 154.9719 270.1452  2.33199059  8846
0 ARIANE 2 DEB
1 27035U 89006Q   22245.27199546 -.00001661  00000-0 -25635-1 0  9996
2 27035   7.8048 227.9453 7081734 154.9719 270.1452  2.33199059178462
0 ARIANE 2 DEB
1 27035U 89006Q   22246.12752779 -.00001930  00000-0 -30041-1 0  9990
2 27035   7.8019 227.6182 7081332 155.6155 268.3722  2.33196576  8868
0 ARIANE 2 DEB
1 27035U 89006Q   22246.55525718  .00000682  00000-0  13023-1 0  9990
2 27035   7.8001 227.4540 7081378 155.9423 267.4624  2.33202151  8875
0 ARIANE 2 DEB
1 27035U 89006Q   22246.55525718  .00000682  00000-0  13023-1 0  9990
2 27035   7.8001 227.4540 7081378 155.9423 267.4624  2.33202151178491
0 ARIANE 2 DEB
1 27035U 89006Q   22247.83842902 -.00001647  00000-0 -25035-1 0  9999
2 27035   7.7968 226.9646 7080514 156.9022 264.7136  2.33199794178520
0 ARIANE 2 DEB
1 27035U 89006Q   22248.26615252 -.00005724  00000-0 -92783-1 0  9997
2 27035   7.7970 226.8018 7080543 157.2253 263.7737  2.33188085  8919
0 ARIANE 2 DEB
1 27035U 89006Q   22248.26615252 -.00005724  00000-0 -92783-1 0  9997
2 27035   7.7970 226.8018 7080543 157.2253 263.7737  2.33188085178535
0 ARIANE 2 DEB
1 27035U 89006Q   22249.12149395 -.00000425  00000-0 -39889-2 0  9995
2 27035   7.7920 226.4707 7082440 157.8898 261.8392  2.33194446  8930
0 ARIANE 2 DEB
1 27035U 89006Q   22249.12149395 -.00000425  00000-0 -39889-2 0  9995
2 27035   7.7920 226.4707 7082440 157.8898 261.8392  2.33194446178556
0 ARIANE 2 DEB
1 27035U 89006Q   22250.83206296 -.00002566  00000-0 -38673-1 0  9996
2 27035   7.7926 225.8141 7081400 159.1807 257.8797  2.33195528  8971
0 ARIANE 2 DEB
1 27035U 89006Q   22250.83206296 -.00002566  00000-0 -38673-1 0  9996
2 27035   7.7926 225.8141 7081400 159.1807 257.8797  2.33195528178597
0 ARIANE 2 DEB
1 27035U 89006Q   22252.54249191 -.00000594  00000-0 -62607-2 0  9991
2 27035   7.7831 225.1546 7081338 160.4813 253.7706  2.33192261  9012
0 ARIANE 2 DEB
1 27035U 89006Q   22252.54249191 -.00000594  00000-0 -62607-2 0  9991
2 27035   7.7831 225.1546 7081338 160.4813 253.7706  2.33192261178637
0 ARIANE 2 DEB
1 27035U 89006Q   22252.97006339  .00000918  00000-0  18586-1 0  9997
2 27035   7.7858 224.9910 7081072 160.8064 252.7218  2.33199978  9020
0 ARIANE 2 DEB
1 27035U 89006Q   22252.97006339  .00000918  00000-0  18586-1 0  9997
2 27035   7.7858 224.9910 7081072 160.8064 252.7218  2.33199978178645
0 ARIANE 2 DEB
1 27035U 89006Q   22253.82519205 -.00001894  00000-0 -28029-1 0  9992
2 27035   7.7798 224.6586 7081175 161.4640 250.5903  2.33193416  9040
0 ARIANE 2 DEB
1 27035U 89006Q   22253.82519205 -.00001894  00000-0 -28029-1 0  9992
2 27035   7.7798 224.6586 7081175 161.4640 250.5903  2.33193416178665
0 ARIANE 2 DEB
1 27035U 89006Q   22254.68034504 -.00001529  00000-0 -22468-1 0  9997
2 27035   7.7798 224.3308 7080730 162.1055 248.4782  2.33188986  9062
0 ARIANE 2 DEB
1 27035U 89006Q   22254.68034504 -.00001529  00000-0 -22468-1 0  9997
2 27035   7.7798 224.3308 7080730 162.1055 248.4782  2.33188986178687
0 ARIANE 2 DEB
1 27035U 89006Q   22255.10785268 -.00001412  00000-0 -20569-1 0  9996
2 27035   7.7728 224.1550 7081079 162.4460 247.3559  2.33187321  9075
0 ARIANE 2 DEB
1 27035U 89006Q   22255.96291973  .00000978  00000-0  18657-1 0  9994
2 27035   7.7737 223.8273 7081001 163.0925 245.1940  2.33198181  9099
0 ARIANE 2 DEB
1 27035U 89006Q   22255.96291973  .00000978  00000-0  18657-1 0  9994
2 27035   7.7737 223.8273 7081001 163.0925 245.1940  2.33198181178715
0 ARIANE 2 DEB
1 27035U 89006Q   22256.81793085 -.00002260  00000-0 -35164-1 0  9990
2 27035   7.7680 223.4901 7080816 163.7539 242.9528  2.33190699  9117
0 ARIANE 2 DEB
1 27035U 89006Q   22256.81793085 -.00002260  00000-0 -35164-1 0  9990
2 27035   7.7680 223.4901 7080816 163.7539 242.9528  2.33190699178732
0 ARIANE 2 DEB
1 27035U 89006Q   22258.10040405 -.00000214  00000-0 -12934-2 0  9993
2 27035   7.7643 222.9886 7080711 164.7390 239.5607  2.33191957  9143
0 ARIANE 2 DEB
1 27035U 89006Q   22258.10040405 -.00000214  00000-0 -12934-2 0  9993
2 27035   7.7643 222.9886 7080711 164.7390 239.5607  2.33191957178768
0 ARIANE 2 DEB
1 27035U 89006Q   22258.10045819 -.00000740  00000-0 -10075-1 0  9994
2 27035   7.7682 222.9951 7080399 164.7173 239.6316  2.33193908178761
0 ARIANE 2 DEB
1 27035U 89006Q   22260.23772571 -.00000636  00000-0 -79228-2 0  9993
2 27035   7.7599 222.1591 7080489 166.3629 233.8067  2.33190201  9196
0 ARIANE 2 DEB
1 27035U 89006Q   22260.23772571 -.00000636  00000-0 -79228-2 0  9993
2 27035   7.7599 222.1591 7080489 166.3629 233.8067  2.33190201178812
0 ARIANE 2 DEB
1 27035U 89006Q   22261.09263603 -.00000458  00000-0 -46076-2 0  9996
2 27035   7.7651 221.8442 7081789 167.0098 231.4759  2.33188306  9216
0 ARIANE 2 DEB
1 27035U 89006Q   22261.09263603 -.00000458  00000-0 -46076-2 0  9996
2 27035   7.7651 221.8442 7081789 167.0098 231.4759  2.33188306178831
0 ARIANE 2 DEB
1 27035U 89006Q   22263.22965495 -.00001406  00000-0 -19845-1 0  9998
2 27035   7.7598 221.0091 7080897 168.6294 225.4529  2.33187222  9261
0 ARIANE 2 DEB
1 27035U 89006Q   22263.22965495 -.00001406  00000-0 -19845-1 0  9998
2 27035   7.7598 221.0091 7080897 168.6294 225.4529  2.33187222178886
0 ARIANE 2 DEB
1 27035U 89006Q   22264.93899683 -.00000474  00000-0 -44027-2 0  9997
2 27035   7.7428 220.3080 7079913 169.9641 220.3657  2.33184669  9303
0 ARIANE 2 DEB
1 27035U 89006Q   22264.93899683 -.00000474  00000-0 -44027-2 0  9997
2 27035   7.7428 220.3080 7079913 169.9641 220.3657  2.33184669178928
0 ARIANE 2 DEB
1 27035U 89006Q   22267.93030612  .00000206  00000-0  62188-2 0  9998
2 27035   7.7420 219.1529 7081853 172.2603 211.4568  2.33187118  9371
0 ARIANE 2 DEB
1 27035U 89006Q   22267.93030612  .00000206  00000-0  62188-2 0  9998
2 27035   7.7420 219.1529 7081853 172.2603 211.4568  2.33187118178996
0 ARIANE 2 DEB
1 27035U 89006Q   22269.21207178 -.00001279  00000-0 -17782-1 0  9996
2 27035   7.7437 218.6473 7084182 173.2794 207.4511  2.33183406  9404
0 ARIANE 2 DEB
1 27035U 89006Q   22269.21207178 -.00001279  00000-0 -17782-1 0  9996
2 27035   7.7437 218.6473 7084182 173.2794 207.4511  2.33183406179020
0 ARIANE 2 DEB
1 27035U 89006Q   22272.20301824 -.00000419  00000-0 -47647-2 0  9991
2 27035   7.7360 217.4637 7084526 175.5921 198.1928  2.33180896  9472
0 ARIANE 2 DEB
1 27035U 89006Q   22272.20301824 -.00000419  00000-0 -47647-2 0  9991
2 27035   7.7360 217.4637 7084526 175.5921 198.1928  2.33180896179098
0 ARIANE 2 DEB
1 27035U 89006Q   22273.91209267 -.00000570  00000-0 -71110-2 0  9998
2 27035   7.7283 216.7681 7083088 176.9032 192.8517  2.33178586  9510
0 ARIANE 2 DEB
1 27035U 89006Q   22273.91209267 -.00000570  00000-0 -71110-2 0  9998
2 27035   7.7283 216.7681 7083088 176.9032 192.8517  2.33178586179136
0 ARIANE 2 DEB
1 27035U 89006Q   22276.04831532  .00000200  00000-0  59545-2 0  9997
2 27035   7.7231 215.9256 7083211 178.5480 186.0911  2.33182350  9567
0 ARIANE 2 DEB
1 27035U 89006Q   22276.04831532  .00000200  00000-0  59545-2 0  9997
2 27035   7.7231 215.9256 7083211 178.5480 186.0911  2.33182350179183
0 ARIANE 2 DEB
1 27035U 89006Q   22279.89357835 -.00000369  00000-0 -23153-2 0  9996
2 27035   7.7138 214.4127 7082987 181.5010 173.9567  2.33177094  9657
0 ARIANE 2 DEB
1 27035U 89006Q   22279.89357835 -.00000369  00000-0 -23153-2 0  9996
2 27035   7.7138 214.4127 7082987 181.5010 173.9567  2.33177094179273
0 ARIANE 2 DEB
1 27035U 89006Q   22282.88407963  .00000137  00000-0  49515-2 0  9998
2 27035   7.7047 213.2062 7084349 183.8780 164.2945  2.33179511  9721
0 ARIANE 2 DEB
1 27035U 89006Q   22282.88407963  .00000137  00000-0  49515-2 0  9998
2 27035   7.7047 213.2062 7084349 183.8780 164.2945  2.33179511179347
0 ARIANE 2 DEB
1 27035U 89006Q   22285.02051292  .00000269  00000-0  65135-2 0  9999
2 27035   7.6896 212.3666 7084539 185.5050 157.7184  2.33182045  9775
0 ARIANE 2 DEB
1 27035U 89006Q   22285.02051292  .00000269  00000-0  65135-2 0  9999
2 27035   7.6896 212.3666 7084539 185.5050 157.7184  2.33182045179380
0 ARIANE 2 DEB
1 27035U 89006Q   22285.87515425  .00000005  00000-0  23223-2 0  9995
2 27035   7.6899 212.0501 7084612 186.1475 155.1316  2.33180504  9792
0 ARIANE 2 DEB
1 27035U 89006Q   22285.87515425  .00000005  00000-0  23223-2 0  9995
2 27035   7.6899 212.0501 7084612 186.1475 155.1316  2.33180504179408
0 ARIANE 2 DEB
1 27035U 89006Q   22288.86617782  .00000016  00000-0  29042-2 0  9993
2 27035   7.6856 210.8498 7084778 188.4628 145.9067  2.33178611  9868
0 ARIANE 2 DEB
1 27035U 89006Q   22288.86617782  .00000016  00000-0  29042-2 0  9993
2 27035   7.6856 210.8498 7084778 188.4628 145.9067  2.33178611179473
0 ARIANE 2 DEB
1 27035U 89006Q   22291.85752658  .00000053  00000-0  38990-2 0  9991
2 27035   7.6803 209.6583 7084950 190.7790 136.9582  2.33179236  9933
0 ARIANE 2 DEB
1 27035U 89006Q   22291.85752658  .00000053  00000-0  38990-2 0  9991
2 27035   7.6803 209.6583 7084950 190.7790 136.9582  2.33179236179548
0 ARIANE 2 DEB
1 27035U 89006Q   22294.84935267  .00000126  00000-0  46557-2 0  9991
2 27035   7.6767 208.4621 7085069 193.0899 128.4141  2.33181469 10008
0 ARIANE 2 DEB
1 27035U 89006Q   22294.84935267  .00000126  00000-0  46557-2 0  9991
2 27035   7.6767 208.4621 7085069 193.0899 128.4141  2.33181469179611
0 ARIANE 2 DEB
1 27035U 89006Q   22300.83393159  .00000535  00000-0  96859-2 0  9990
2 27035   7.6595 206.0395 7086347 197.7682 112.0872  2.33179140 10148
0 ARIANE 2 DEB
1 27035U 89006Q   22300.83393159  .00000535  00000-0  96859-2 0  9990
2 27035   7.6595 206.0395 7086347 197.7682 112.0872  2.33179140179751
0 ARIANE 2 DEB
1 27035U 89006Q   22306.81982914 -.00000074  00000-0  17345-2 0  9999
2 27035   7.6475 203.5224 7088559 202.5832  96.8883  2.33180306 10289
0 ARIANE 2 DEB
1 27035U 89006Q   22306.81982914 -.00000074  00000-0  17345-2 0  9999
2 27035   7.6475 203.5224 7088559 202.5832  96.8883  2.33180306179892
0 ARIANE 2 DEB
1 27035U 89006Q   22309.81442652  .00000072  00000-0  35695-2 0  9997
2 27035   7.6442 202.4080 7087726 204.7833  90.6964  2.33182292 10357
0 ARIANE 2 DEB
1 27035U 89006Q   22309.81442652  .00000072  00000-0  35695-2 0  9997
2 27035   7.6442 202.4080 7087726 204.7833  90.6964  2.33182292179960
0 ARIANE 2 DEB
1 27035U 89006Q   22312.38059862  .00000332  00000-0  66006-2 0  9999
2 27035   7.6451 201.2864 7089678 206.9297  84.8828  2.33185572 10415
0 ARIANE 2 DEB
1 27035U 89006Q   22312.38059862  .00000332  00000-0  66006-2 0  9999
2 27035   7.6451 201.2864 7089678 206.9297  84.8828  2.33185572180020
0 ARIANE 2 DEB
1 27035U 89006Q   22314.51987215 -.00000158  00000-0 -63386-3 0  9995
2 27035   7.6201 200.4849 7089730 208.5478  80.7100  2.33185900 10468
0 ARIANE 2 DEB
1 27035U 89006Q   22314.51987215 -.00000158  00000-0 -63386-3 0  9995
2 27035   7.6201 200.4849 7089730 208.5478  80.7100  2.33185900180073
0 ARIANE 2 DEB
1 27035U 89006Q   22315.80342374  .00000082  00000-0  29192-2 0  9999
2 27035   7.6174 199.9588 7089900 209.5595  78.2005  2.33185777 10490
0 ARIANE 2 DEB
1 27035U 89006Q   22315.80342374  .00000082  00000-0  29192-2 0  9999
2 27035   7.6174 199.9588 7089900 209.5595  78.2005  2.33185777180106
0 ARIANE 2 DEB
1 27035U 89006Q   22318.79879525  .00000042  00000-0  26737-2 0  9991
2 27035   7.6137 198.7393 7090382 211.9094  72.7207  2.33187623 10560
0 ARIANE 2 DEB
1 27035U 89006Q   22318.79879525  .00000042  00000-0  26737-2 0  9991
2 27035   7.6137 198.7393 7090382 211.9094  72.7207  2.33187623180175
0 ARIANE 2 DEB
1 27035U 89006Q   22321.79477610 -.00000052  00000-0  12015-2 0  9990
2 27035   7.5961 197.5439 7090861 214.2431  67.7633  2.33188553 10633
0 ARIANE 2 DEB
1 27035U 89006Q   22321.79477610 -.00000052  00000-0  12015-2 0  9990
2 27035   7.5961 197.5439 7090861 214.2431  67.7633  2.33188553180248
0 ARIANE 2 DEB
1 27035U 89006Q   22323.93500201 -.00000015  00000-0  13222-2 0  9991
2 27035   7.5871 196.6694 7091358 215.9281  64.4254  2.33189084 10687
0 ARIANE 2 DEB
1 27035U 89006Q   22323.93500201 -.00000015  00000-0  13222-2 0  9991
2 27035   7.5871 196.6694 7091358 215.9281  64.4254  2.33189084180292
0 ARIANE 2 DEB
1 27035U 89006Q   22324.79111249  .00000007  00000-0  14516-2 0  9993
2 27035   7.5878 196.3064 7091509 216.6157  63.1087  2.33189313 10708
0 ARIANE 2 DEB
1 27035U 89006Q   22327.78774581  .00000095  00000-0  21856-2 0  9991
2 27035   7.5805 195.0618 7091826 218.9975  58.7125  2.33190082180384
0 ARIANE 2 DEB
1 27035U 89006Q   22328.21583939  .00000160  00000-0  30567-2 0  9997
2 27035   7.5857 194.8786 7092064 219.3388  58.1006  2.33190985 10782
0 ARIANE 2 DEB
1 27035U 89006Q   22328.21585185  .00000127  00000-0  26204-2 0  9998
2 27035   7.5813 194.8820 7091776 219.3400  58.1028  2.33190532 10789
0 ARIANE 2 DEB
1 27035U 89006Q   22329.07208849  .00000215  00000-0  38424-2 0  9997
2 27035   7.5848 194.5246 7092102 220.0182  56.9095  2.33191821 10801
0 ARIANE 2 DEB
1 27035U 89006Q   22329.07209152  .00000162  00000-0  31014-2 0  9994
2 27035   7.5851 194.5258 7092097 220.0161  56.9124  2.33191512180413
0 ARIANE 2 DEB
1 27035U 89006Q   22331.21286263  .00000169  00000-0  35319-2 0  9990
2 27035   7.5793 193.6385 7092437 221.7156  54.0636  2.33193004 10854
0 ARIANE 2 DEB
1 27035U 89006Q   22331.21286474  .00000189  00000-0  38060-2 0  9992
2 27035   7.5788 193.6384 7092477 221.7154  54.0631  2.33192963 10857
0 ARIANE 2 DEB
1 27035U 89006Q   22331.21286474  .00000189  00000-0  38060-2 0  9992
2 27035   7.5788 193.6384 7092477 221.7154  54.0631  2.33192963180462
0 ARIANE 2 DEB
1 27035U 89006Q   22331.64104636  .00000176  00000-0  37325-2 0  9997
2 27035   7.5772 193.4600 7092626 222.0563  53.5163  2.33193283 10864
0 ARIANE 2 DEB
1 27035U 89006Q   22334.21035602  .00000146  00000-0  38855-2 0  9995
2 27035   7.5708 192.3960 7092964 224.0945  50.4363  2.33195146 10926
0 ARIANE 2 DEB
1 27035U 89006Q   22334.21035602  .00000146  00000-0  38855-2 0  9995
2 27035   7.5708 192.3960 7092964 224.0945  50.4363  2.33195146180531
0 ARIANE 2 DEB
1 27035U 89006Q   22335.49513391  .00000241  00000-0  52513-2 0  9995
2 27035   7.5716 191.8760 7093216 225.0984  49.0127  2.33196889 10952
0 ARIANE 2 DEB
1 27035U 89006Q   22335.49513391  .00000241  00000-0  52513-2 0  9995
2 27035   7.5716 191.8760 7093216 225.0984  49.0127  2.33196889180567
0 ARIANE 2 DEB
1 27035U 89006Q   22336.77994974  .00000286  00000-0  57712-2 0  9992
2 27035   7.5695 191.3488 7093397 226.1111  47.6228  2.33198110 10982
0 ARIANE 2 DEB
1 27035U 89006Q   22336.77994974  .00000286  00000-0  57712-2 0  9992
2 27035   7.5695 191.3488 7093397 226.1111  47.6228  2.33198110180597
0 ARIANE 2 DEB
1 27035U 89006Q   22336.77996037  .00000205  00000-0  46699-2 0  9997
2 27035   7.5712 191.3519 7093412 226.1081  47.6271  2.33197436 10989
0 ARIANE 2 DEB
1 27035U 89006Q   22337.63652079  .00000319  00000-0  60633-2 0  9998
2 27035   7.5690 190.9992 7093502 226.7843  46.7193  2.33198767 11001
0 ARIANE 2 DEB
1 27035U 89006Q   22337.63652620  .00000253  00000-0  51668-2 0  9995
2 27035   7.5694 191.0020 7093567 226.7814  46.7217  2.33198293 11009
0 ARIANE 2 DEB
1 27035U 89006Q   22339.34968964  .00000514  00000-0  83088-2 0  9997
2 27035   7.5667 190.2998 7093840 228.1337  44.9475  2.33201023 11040
0 ARIANE 2 DEB
1 27035U 89006Q   22339.34968964  .00000514  00000-0  83088-2 0  9997
2 27035   7.5667 190.2998 7093840 228.1337  44.9475  2.33201023180654
0 ARIANE 2 DEB
1 27035U 89006Q   22339.77799269  .00000474  00000-0  76757-2 0  9994
2 27035   7.5661 190.1253 7093888 228.4699  44.5159  2.33201383 11058
0 ARIANE 2 DEB
1 27035U 89006Q   22339.77800309  .00000219  00000-0  42282-2 0  9995
2 27035   7.5669 190.1287 7093816 228.4671  44.5205  2.33200299 11051
0 ARIANE 2 DEB
1 27035U 89006Q   22340.63461130  .00000121  00000-0  27384-2 0  9995
2 27035   7.5622 189.7623 7094359 229.1579  43.6395  2.33199383180683
0 ARIANE 2 DEB
1 27035U 89006Q   22340.63461387  .00000430  00000-0  69304-2 0  9990
2 27035   7.5652 189.7741 7093857 229.1443  43.6645  2.33201752 11077
0 ARIANE 2 DEB
1 27035U 89006Q   22340.63461387  .00000430  00000-0  69304-2 0  9990
2 27035   7.5652 189.7741 7093857 229.1443  43.6645  2.33201752180681
0 ARIANE 2 DEB
1 27035U 89006Q   22341.49124660  .00000347  00000-0  56468-2 0  9999
2 27035   7.5602 189.4128 7094505 229.8322  42.8036  2.33201523 11095
0 ARIANE 2 DEB
1 27035U 89006Q   22341.49124660  .00000347  00000-0  56468-2 0  9999
2 27035   7.5602 189.4128 7094505 229.8322  42.8036  2.33201523180700
0 ARIANE 2 DEB
1 27035U 89006Q   22341.91957841  .00000518  00000-0  78902-2 0  9998
2 27035   7.5622 189.2450 7094558 230.1638  42.3993  2.33202927 11104
0 ARIANE 2 DEB
1 27035U 89006Q   22342.77625177  .00000549  00000-0  82251-2 0  9993
2 27035   7.5618 188.9017 7094979 230.8287  41.5996  2.33204282 11120
0 ARIANE 2 DEB
1 27035U 89006Q   22342.77625177  .00000549  00000-0  82251-2 0  9993
2 27035   7.5618 188.9017 7094979 230.8287  41.5996  2.33204282180734
0 ARIANE 2 DEB
1 27035U 89006Q   22343.63296342  .00000231  00000-0  40230-2 0  9996
2 27035   7.5627 188.5635 7095069 231.4905  40.8288  2.33203725180750
0 ARIANE 2 DEB
1 27035U 89006Q   22344.06131085  .00000596  00000-0  88257-2 0  9991
2 27035   7.5611 188.3856 7095401 231.8288  40.4389  2.33205068 11151
0 ARIANE 2 DEB
1 27035U 89006Q   22344.91803758  .00000860  00000-0  12373-1 0  9997
2 27035   7.5617 188.0414 7095347 232.4976  39.6966  2.33207446180783
0 ARIANE 2 DEB
1 27035U 89006Q   22345.34641228  .00000619  00000-0  92195-2 0  9990
2 27035   7.5619 187.8696 7095409 232.8316  39.3324  2.33207356 11187
0 ARIANE 2 DEB
1 27035U 89006Q   22345.34641228  .00000619  00000-0  92195-2 0  9990
2 27035   7.5619 187.8696 7095409 232.8316  39.3324  2.33207356180791
0 ARIANE 2 DEB
1 27035U 89006Q   22347.05992629  .00000378  00000-0  61389-2 0  9997
2 27035   7.5536 187.1556 7095537 234.1926  37.9050  2.33208998180839
0 ARIANE 2 DEB
1 27035U 89006Q   22347.48833274  .00000680  00000-0  10078-1 0  9998
2 27035   7.5559 186.9827 7095801 234.5285  37.5622  2.33209742 11234
0 ARIANE 2 DEB
1 27035U 89006Q   22347.48833274  .00000680  00000-0  10078-1 0  9998
2 27035   7.5559 186.9827 7095801 234.5285  37.5622  2.33209742180848
0 ARIANE 2 DEB
1 27035U 89006Q   22348.34514664  .00000700  00000-0  10335-1 0  9992
2 27035   7.5573 186.6401 7095819 235.1966  36.9015  2.33211263 11259
0 ARIANE 2 DEB
1 27035U 89006Q   22348.34516884  .00000283  00000-0  48870-2 0  9990
2 27035   7.5586 186.6561 7095742 235.1819  36.9165  2.33210199 11255
0 ARIANE 2 DEB
1 27035U 89006Q   22348.34516884  .00000283  00000-0  48870-2 0  9990
2 27035   7.5586 186.6561 7095742 235.1819  36.9165  2.33210199180869
0 ARIANE 2 DEB
1 27035U 89006Q   22349.63038025  .00000889  00000-0  12667-1 0  9995
2 27035   7.5525 186.1143 7096103 236.2060  35.9308  2.33213733 11289
0 ARIANE 2 DEB
1 27035U 89006Q   22349.63038025  .00000889  00000-0  12667-1 0  9995
2 27035   7.5525 186.1143 7096103 236.2060  35.9308  2.33213733180893
0 ARIANE 2 DEB
1 27035U 89006Q   22350.05881337  .00000642  00000-0  94545-2 0  9998
2 27035   7.5543 185.9506 7095890 236.5349  35.6263  2.33213600 11295
0 ARIANE 2 DEB
1 27035U 89006Q   22350.48724760  .00000010  00000-0  11510-2 0  9991
2 27035   7.5553 185.7809 7095963 236.8668  35.3174  2.33212055 11301
0 ARIANE 2 DEB
1 27035U 89006Q   22350.48724760  .00000010  00000-0  11510-2 0  9991
2 27035   7.5553 185.7809 7095963 236.8668  35.3174  2.33212055180915
0 ARIANE 2 DEB
1 27035U 89006Q   22351.77251633  .00000845  00000-0  11784-1 0  9996
2 27035   7.5518 185.2472 7096291 237.8808  34.3912  2.33215396 11338
0 ARIANE 2 DEB
1 27035U 89006Q   22351.77251633  .00000845  00000-0  11784-1 0  9996
2 27035   7.5518 185.2472 7096291 237.8808  34.3912  2.33215396180942
0 ARIANE 2 DEB
1 27035U 89006Q   22352.62939322  .00000619  00000-0  87136-2 0  9993
2 27035   7.5539 184.9154 7096273 238.5419  33.8024  2.33216709 11359
0 ARIANE 2 DEB
1 27035U 89006Q   22352.62939870 -.00000346  00000-0 -37849-2 0  9996
2 27035   7.5542 184.9123 7096461 238.5451  33.7963  2.33213823 11359
0 ARIANE 2 DEB
1 27035U 89006Q   22352.62939870 -.00000346  00000-0 -37849-2 0  9996
2 27035   7.5542 184.9123 7096461 238.5451  33.7963  2.33213823180963
0 ARIANE 2 DEB
1 27035U 89006Q   22353.91469379  .00000791  00000-0  10719-1 0  9999
2 27035   7.5516 184.3759 7096371 239.5703  32.9013  2.33217663 11386
0 ARIANE 2 DEB
1 27035U 89006Q   22353.91469379  .00000791  00000-0  10719-1 0  9999
2 27035   7.5516 184.3759 7096371 239.5703  32.9013  2.33217663180990
0 ARIANE 2 DEB
1 27035U 89006Q   22354.77156681  .00000634  00000-0  83913-2 0  9996
2 27035   7.5483 184.0129 7097627 240.2557  32.2957  2.33218305181010
0 ARIANE 2 DEB
1 27035U 89006Q   22354.77156986  .00000333  00000-0  45285-2 0  9990
2 27035   7.5476 184.0095 7098276 240.2582  32.2840  2.33217120 11403
0 ARIANE 2 DEB
1 27035U 89006Q   22354.77156986  .00000333  00000-0  45285-2 0  9990
2 27035   7.5476 184.0095 7098276 240.2582  32.2840  2.33217120181018
0 ARIANE 2 DEB
1 27035U 89006Q   22356.05689625  .00000631  00000-0  81089-2 0  9997
2 27035   7.5448 183.4681 7098649 241.2860  31.4179  2.33219071 11436
0 ARIANE 2 DEB
1 27035U 89006Q   22356.05689625  .00000631  00000-0  81089-2 0  9997
2 27035   7.5448 183.4681 7098649 241.2860  31.4179  2.33219071181041
0 ARIANE 2 DEB
1 27035U 89006Q   22356.91379195  .00000904  00000-0  11481-1 0  9991
2 27035   7.5432 183.1081 7098726 241.9700  30.8588  2.33221032 11455
0 ARIANE 2 DEB
1 27035U 89006Q   22357.77069665  .00000979  00000-0  12446-1 0  9998
2 27035   7.5418 182.7490 7098830 242.6528  30.3147  2.33223255181082
0 ARIANE 2 DEB
1 27035U 89006Q   22359.05608063  .00000619  00000-0  82326-2 0  9998
2 27035   7.5402 182.2040 7098243 243.6828  29.5340  2.33223249 11500
0 ARIANE 2 DEB
1 27035U 89006Q   22359.05608063  .00000619  00000-0  82326-2 0  9998
2 27035   7.5402 182.2040 7098243 243.6828  29.5340  2.33223249181115
0 ARIANE 2 DEB
1 27035U 89006Q   22359.91304617 -.00000798  00000-0 -92649-2 0  9990
2 27035   7.5390 181.8611 7098950 244.3512  29.0320  2.33224726 11524
0 ARIANE 2 DEB
1 27035U 89006Q   22359.91304617 -.00000798  00000-0 -92649-2 0  9990
2 27035   7.5390 181.8611 7098950 244.3512  29.0320  2.33224726181139
0 ARIANE 2 DEB
1 27035U 89006Q   22361.19848964  .00001477  00000-0  19058-1 0  9996
2 27035   7.5363 181.3235 7099495 245.3711  28.3037  2.33228254 11558
0 ARIANE 2 DEB
1 27035U 89006Q   22361.19848964  .00001477  00000-0  19058-1 0  9996
2 27035   7.5363 181.3235 7099495 245.3711  28.3037  2.33228254181163
0 ARIANE 2 DEB
1 27035U 89006Q   22362.05548497  .00000434  00000-0  64027-2 0  9999
2 27035   7.5374 180.9887 7099415 246.0373  27.8479  2.33227963 11574
0 ARIANE 2 DEB
1 27035U 89006Q   22362.05548497  .00000434  00000-0  64027-2 0  9999
2 27035   7.5374 180.9887 7099415 246.0373  27.8479  2.33227963181189
0 ARIANE 2 DEB
1 27035U 89006Q   22363.34095832  .00001017  00000-0  13657-1 0  9992
2 27035   7.5357 180.4565 7099621 247.0510  27.1708  2.33231229 11608
0 ARIANE 2 DEB
1 27035U 89006Q   22363.34095832  .00001017  00000-0  13657-1 0  9992
2 27035   7.5357 180.4565 7099621 247.0510  27.1708  2.33231229181213
0 ARIANE 2 DEB
1 27035U 89006Q   22364.19794570  .00000891  00000-0  11999-1 0  9997
2 27035   7.5344 180.1025 7100236 247.7263  26.7234  2.33233621 11628
0 ARIANE 2 DEB
1 27035U 89006Q   22364.19796897 -.00000349  00000-0 -30448-2 0  9992
2 27035   7.5354 180.1154 7100234 247.7169  26.7289  2.33229405181235
0 ARIANE 2 DEB
1 27035U 89006Q   22365.48346150  .00001911  00000-0  24061-1 0  9995
2 27035   7.5327 179.5798 7100735 248.7379  26.0707  2.33235185 11659
0 ARIANE 2 DEB
1 27035U 89006Q   23001.34046251  .00000827  00000-0  11006-1 0  9997
2 27035   7.5348 179.2402 7100096 249.4099  25.6562  2.33237590 11676
0 ARIANE 2 DEB
1 27035U 89006Q   23001.34046251  .00000827  00000-0  11006-1 0  9997
2 27035   7.5348 179.2402 7100096 249.4099  25.6562  2.33237590181281
0 ARIANE 2 DEB
1 27035U 89006Q   23001.34047731 -.00000655  00000-0 -70074-2 0  9993
2 27035   7.5358 179.2520 7100063 249.4000  25.6620  2.33234462 11674
0 ARIANE 2 DEB
1 27035U 89006Q   23001.34047731 -.00000655  00000-0 -70074-2 0  9993
2 27035   7.5358 179.2520 7100063 249.4000  25.6620  2.33234462181289
0 ARIANE 2 DEB
1 27035U 89006Q   23002.62598175  .00001860  00000-0  22753-1 0  9995
2 27035   7.5310 178.7126 7101610 250.4146  25.0200  2.33238700 11701
0 ARIANE 2 DEB
1 27035U 89006Q   23002.62598175  .00001860  00000-0  22753-1 0  9995
2 27035   7.5310 178.7126 7101610 250.4146  25.0200  2.33238700181316
0 ARIANE 2 DEB
1 27035U 89006Q   23003.48298279  .00000793  00000-0  99287-2 0  9993
2 27035   7.5305 178.3673 7101798 251.0827  24.6158  2.33242062 11723
0 ARIANE 2 DEB
1 27035U 89006Q   23003.48300518 -.00000656  00000-0 -72976-2 0  9999
2 27035   7.5340 178.3903 7100864 251.0694  24.6334  2.33238577 11725
0 ARIANE 2 DEB
1 27035U 89006Q   23003.48300518 -.00000656  00000-0 -72976-2 0  9999
2 27035   7.5340 178.3903 7100864 251.0694  24.6334  2.33238577181330
0 ARIANE 2 DEB
1 27035U 89006Q   23007.76812984  .00000576  00000-0  70881-2 0  9991
2 27035   7.5296 176.6626 7102166 254.4166  22.7389  2.33248232 11825
0 ARIANE 2 DEB
1 27035U 89006Q   23007.76812984  .00000576  00000-0  70881-2 0  9991
2 27035   7.5296 176.6626 7102166 254.4166  22.7389  2.33248232181430
0 ARIANE 2 DEB
1 27035U 89006Q   23009.05370212  .00000853  00000-0  10374-1 0  9996
2 27035   7.5299 176.1523 7102215 255.4126  22.2235  2.33248715181460
0 ARIANE 2 DEB
1 27035U 89006Q   23009.48222417  .00001395  00000-0  16518-1 0  9994
2 27035   7.5274 175.9740 7102993 255.7500  22.0452  2.33251421 11866
0 ARIANE 2 DEB
1 27035U 89006Q   23009.48222417  .00001395  00000-0  16518-1 0  9994
2 27035   7.5274 175.9740 7102993 255.7500  22.0452  2.33251421181471
0 ARIANE 2 DEB
1 27035U 89006Q   23009.91074203  .00001155  00000-0  13706-1 0  9990
2 27035   7.5266 175.7978 7103213 256.0873  21.8747  2.33253374 11875
0 ARIANE 2 DEB
1 27035U 89006Q   23011.19632133  .00000340  00000-0  43346-2 0  9994
2 27035   7.5259 175.2788 7103506 257.0912  21.3823  2.33252440 11908
0 ARIANE 2 DEB
1 27035U 89006Q   23011.19632133  .00000340  00000-0  43346-2 0  9994
2 27035   7.5259 175.2788 7103506 257.0912  21.3823  2.33252440181513
0 ARIANE 2 DEB
1 27035U 89006Q   23012.48188047  .00001637  00000-0  19064-1 0  9996
2 27035   7.5242 174.7583 7103773 258.0964  20.9035  2.33260971 11932
0 ARIANE 2 DEB
1 27035U 89006Q   23012.48188047  .00001637  00000-0  19064-1 0  9996
2 27035   7.5242 174.7583 7103773 258.0964  20.9035  2.33260971181547
0 ARIANE 2 DEB
1 27035U 89006Q   23013.33894375  .00000524  00000-0  64715-2 0  9997
2 27035   7.5270 174.4185 7102583 258.7762  20.5998  2.33258745 11951
0 ARIANE 2 DEB
1 27035U 89006Q   23013.33894375  .00000524  00000-0  64715-2 0  9997
2 27035   7.5270 174.4185 7102583 258.7762  20.5998  2.33258745181566
0 ARIANE 2 DEB
1 27035U 89006Q   23014.62449974  .00001773  00000-0  20471-1 0  9998
2 27035   7.5246 173.8941 7103718 259.7741  20.1333  2.33264984181595
0 ARIANE 2 DEB
1 27035U 89006Q   23015.05303326  .00000859  00000-0  10104-1 0  9992
2 27035   7.5260 173.7339 7103152 260.1056  19.9889  2.33262848 11993
0 ARIANE 2 DEB
1 27035U 89006Q   23015.05303326  .00000859  00000-0  10104-1 0  9992
2 27035   7.5260 173.7339 7103152 260.1056  19.9889  2.33262848181609
0 ARIANE 2 DEB
1 27035U 89006Q   23016.33857796  .00001573  00000-0  18042-1 0  9992
2 27035   7.5253 173.1991 7103488 261.1259  19.5320  2.33268327 12020
0 ARIANE 2 DEB
1 27035U 89006Q   23016.33857796  .00001573  00000-0  18042-1 0  9992
2 27035   7.5253 173.1991 7103488 261.1259  19.5320  2.33268327181634
0 ARIANE 2 DEB
1 27035U 89006Q   23017.19560999  .00000930  00000-0  10471-1 0  9997
2 27035   7.5244 172.8510 7104156 261.7965  19.2317  2.33268117 12048
0 ARIANE 2 DEB
1 27035U 89006Q   23017.19560999  .00000930  00000-0  10471-1 0  9997
2 27035   7.5244 172.8510 7104156 261.7965  19.2317  2.33268117181652
0 ARIANE 2 DEB
1 27035U 89006Q   23018.48114360  .00001736  00000-0  19491-1 0  9993
2 27035   7.5239 172.3109 7103966 262.8294  18.7915  2.33273262181688
0 ARIANE 2 DEB
1 27035U 89006Q   23018.48114363  .00001284  00000-0  14270-1 0  9994
2 27035   7.5233 172.3075 7104401 262.8330  18.7856  2.33272712181683
0 ARIANE 2 DEB
1 27035U 89006Q   23019.33816516  .00000977  00000-0  10700-1 0  9990
2 27035   7.5225 171.9413 7104756 263.5231  18.4941  2.33273935 12094
0 ARIANE 2 DEB
1 27035U 89006Q   23019.33816516  .00000977  00000-0  10700-1 0  9990
2 27035   7.5225 171.9413 7104756 263.5231  18.4941  2.33273935181709
0 ARIANE 2 DEB
1 27035U 89006Q   23022.76624482  .00001057  00000-0  11696-1 0  9995
2 27035   7.5211 170.4966 7105503 266.2606  17.4104  2.33284906181786
0 ARIANE 2 DEB
1 27035U 89006Q   23024.90878400  .00000874  00000-0  99250-2 0  9993
2 27035   7.5203 169.6180 7106437 267.9449  16.7843  2.33289796 12221
0 ARIANE 2 DEB
1 27035U 89006Q   23024.90878400  .00000874  00000-0  99250-2 0  9993
2 27035   7.5203 169.6180 7106437 267.9449  16.7843  2.33289796181835
0 ARIANE 2 DEB
1 27035U 89006Q   23027.05130147  .00000571  00000-0  67001-2 0  9994
2 27035   7.5183 168.7365 7107758 269.6339  16.1756  2.33292664 12277
0 ARIANE 2 DEB
1 27035U 89006Q   23027.05130147  .00000571  00000-0  67001-2 0  9994
2 27035   7.5183 168.7365 7107758 269.6339  16.1756  2.33292664181881
0 ARIANE 2 DEB
1 27035U 89006Q   23030.47927337  .00001569  00000-0  16390-1 0  9991
2 27035   7.5164 167.3390 7109573 272.3233  15.2514  2.33306218 12352
0 ARIANE 2 DEB
1 27035U 89006Q   23030.47927337  .00001569  00000-0  16390-1 0  9991
2 27035   7.5164 167.3390 7109573 272.3233  15.2514  2.33306218181966
0 ARIANE 2 DEB
1 27035U 89006Q   23030.47927652  .00001280  00000-0  13363-1 0  9998
2 27035   7.5160 167.3518 7109835 272.3090  15.2538  2.33306462 12359
0 ARIANE 2 DEB
1 27035U 89006Q   23031.33627668  .00000506  00000-0  53574-2 0  9997
2 27035   7.5167 166.9859 7109588 273.0091  15.0296  2.33303772 12375
0 ARIANE 2 DEB
1 27035U 89006Q   23031.33627668  .00000506  00000-0  53574-2 0  9997
2 27035   7.5167 166.9859 7109588 273.0091  15.0296  2.33303772181989
0 ARIANE 2 DEB
1 27035U 89006Q   23031.76474985  .00004392  00000-0  44994-1 0  9998
2 27035   7.5164 166.8094 7109647 273.3483  14.9212  2.33314613 12389
0 ARIANE 2 DEB
1 27035U 89006Q   23031.76474985  .00004392  00000-0  44994-1 0  9998
2 27035   7.5164 166.8094 7109647 273.3483  14.9212  2.33314613181993
0 ARIANE 2 DEB
1 27035U 89006Q   23033.47874295  .00001240  00000-0  12608-1 0  9992
2 27035   7.5160 166.1287 7109524 274.6842  14.5084  2.33309818 12428
0 ARIANE 2 DEB
1 27035U 89006Q   23033.47874295  .00001240  00000-0  12608-1 0  9992
2 27035   7.5160 166.1287 7109524 274.6842  14.5084  2.33309818182033
0 ARIANE 2 DEB
1 27035U 89006Q   23036.47817045  .00001461  00000-0  14494-1 0  9995
2 27035   7.5148 164.9260 7110678 277.0174  13.8161  2.33317508182104
0 ARIANE 2 DEB
1 27035U 89006Q   23036.47817208  .00001293  00000-0  12767-1 0  9990
2 27035   7.5143 164.9373 7110864 277.0048  13.8184  2.33317720 12496
0 ARIANE 2 DEB
1 27035U 89006Q   23037.33512890  .00000819  00000-0  82629-2 0  9993
2 27035   7.5159 164.6409 7109414 277.6223  13.6544  2.33320426 12518
0 ARIANE 2 DEB
1 27035U 89006Q   23037.33512890  .00000819  00000-0  82629-2 0  9993
2 27035   7.5159 164.6409 7109414 277.6223  13.6544  2.33320426182123
0 ARIANE 2 DEB
1 27035U 89006Q   23045.47592351  .00001486  00000-0  13764-1 0  9991
2 27035   7.5163 161.2536 7113472 284.0734  11.8986  2.33344687 12701
0 ARIANE 2 DEB
1 27035U 89006Q   23045.47592351  .00001486  00000-0  13764-1 0  9991
2 27035   7.5163 161.2536 7113472 284.0734  11.8986  2.33344687182316
0 ARIANE 2 DEB
1 27035U 89006Q   23055.32958785  .00001237  00000-0  11462-1 0  9990
2 27035   7.5273 157.0428 7116159 292.0049  10.0464  2.33373768 12938
0 ARIANE 2 DEB
1 27035U 89006Q   23055.32958785  .00001237  00000-0  11462-1 0  9990
2 27035   7.5273 157.0428 7116159 292.0049  10.0464  2.33373768182543
0 ARIANE 2 DEB
1 27035U 89006Q   23056.61478560  .00002083  00000-0  18858-1 0  9997
2 27035   7.5284 156.5803 7116685 292.9348   9.8407  2.33382442 12961
0 ARIANE 2 DEB
1 27035U 89006Q   23056.61478560  .00002083  00000-0  18858-1 0  9997
2 27035   7.5284 156.5803 7116685 292.9348   9.8407  2.33382442182576
0 ARIANE 2 DEB
1 27035U 89006Q   23060.04188148  .00001728  00000-0  16875-1 0  9991
2 27035   7.5151 155.1324 7110869 295.7583   9.2893  2.33393623182657
0 ARIANE 2 DEB
1 27035U 89006Q   23060.47025074  .00001618  00000-0  15039-1 0  9995
2 27035   7.5043 154.9005 7113356 296.1292   9.2045  2.33394459 13050
0 ARIANE 2 DEB
1 27035U 89006Q   23060.47025074  .00001618  00000-0  15039-1 0  9995
2 27035   7.5043 154.9005 7113356 296.1292   9.2045  2.33394459182664
0 ARIANE 2 DEB
1 27035U 89006Q   23072.03542101  .00001977  00000-0  17075-1 0  9995
2 27035   7.5004 149.8958 7116756 305.4762   7.4527  2.33441621 13329
0 ARIANE 2 DEB
1 27035U 89006Q   23072.03542101  .00001977  00000-0  17075-1 0  9995
2 27035   7.5004 149.8958 7116756 305.4762   7.4527  2.33441621182933
0 ARIANE 2 DEB
1 27035U 89006Q   23091.30628638  .00002055  00000-0  12517-1 0  9990
2 27035   7.5518 141.5780 7133986 320.9243   4.9617  2.33516942 13771
0 ARIANE 2 DEB
1 27035U 89006Q   23091.30628638  .00002055  00000-0  12517-1 0  9990
2 27035   7.5518 141.5780 7133986 320.9243   4.9617  2.33516942183386
0 ARIANE 2 DEB
1 27035U 89006Q   23165.77974460  .00000367  00000-0  44430-2 0  9994
2 27035   7.8978 112.6675 7114655  18.3925 357.5927  2.33687617 15516
0 ARIANE 2 DEB
1 27035U 89006Q   23165.77974460  .00000367  00000-0  44430-2 0  9994
2 27035   7.8978 112.6675 7114655  18.3925 357.5927  2.33687617185121
0 ARIANE 2 DEB
1 27035U 89006Q   23167.06328139  .00000747  00000-0  80379-2 0  9998
2 27035   7.9004 112.1691 7114472  19.3704 357.4557  2.33691870185166
0 ARIANE 2 DEB
1 27035U 89006Q   23167.49116463  .00000775  00000-0  83697-2 0  9997
2 27035   7.9025 112.0052 7114212  19.7031 357.4102  2.33692961 15551
0 ARIANE 2 DEB
1 27035U 89006Q   23168.34688680  .00000703  00000-0  77544-2 0  9992
2 27035   7.9049 111.6756 7114246  20.3612 357.3233  2.33694761 15579
0 ARIANE 2 DEB
1 27035U 89006Q   23168.34688680  .00000703  00000-0  77544-2 0  9992
2 27035   7.9049 111.6756 7114246  20.3612 357.3233  2.33694761185195
0 ARIANE 2 DEB
1 27035U 89006Q   23168.34688963  .00000630  00000-0  70982-2 0  9994
2 27035   7.9052 111.6759 7114294  20.3614 357.3234  2.33694139 15571
0 ARIANE 2 DEB
1 27035U 89006Q   23169.20261597  .00000607  00000-0  68509-2 0  9996
2 27035   7.9080 111.3465 7114368  21.0214 357.2401  2.33695611 15592
0 ARIANE 2 DEB
1 27035U 89006Q   23169.63047748  .00000579  00000-0  65606-2 0  9996
2 27035   7.9091 111.1801 7114364  21.3519 357.1998  2.33696208 15608
0 ARIANE 2 DEB
1 27035U 89006Q   23170.05833834  .00000717  00000-0  77187-2 0  9994
2 27035   7.9103 111.0151 7114421  21.6819 357.1604  2.33697218185232
0 ARIANE 2 DEB
1 27035U 89006Q   23170.48620168  .00000601  00000-0  66384-2 0  9994
2 27035   7.9114 110.8489 7114348  22.0125 357.1218  2.33697618 15628
0 ARIANE 2 DEB
1 27035U 89006Q   23170.48620428  .00000652  00000-0  70905-2 0  9993
2 27035   7.9117 110.8499 7114357  22.0123 357.1217  2.33697706 15627
0 ARIANE 2 DEB
1 27035U 89006Q   23171.34192528  .00000974  00000-0  97846-2 0  9994
2 27035   7.9145 110.5196 7114408  22.6733 357.0465  2.33700042 15643
0 ARIANE 2 DEB
1 27035U 89006Q   23172.19764173  .00000752  00000-0  76582-2 0  9997
2 27035   7.9170 110.1887 7114422  23.3342 356.9728  2.33701227 15662
0 ARIANE 2 DEB
1 27035U 89006Q   23172.19764173  .00000752  00000-0  76582-2 0  9997
2 27035   7.9170 110.1887 7114422  23.3342 356.9728  2.33701227185288
0 ARIANE 2 DEB
1 27035U 89006Q   23172.62550272  .00000713  00000-0  72329-2 0  9990
2 27035   7.9188 110.0240 7114448  23.6641 356.9367  2.33701546 15670
0 ARIANE 2 DEB
1 27035U 89006Q   23174.33692350  .00000529  00000-0  53558-2 0  9992
2 27035   7.9243 109.3628 7114635  24.9850 356.7901  2.33703449185334
0 ARIANE 2 DEB
1 27035U 89006Q   23174.76476916  .00000682  00000-0  66806-2 0  9997
2 27035   7.9260 109.1988 7114528  25.3144 356.7521  2.33705236185347
0 ARIANE 2 DEB
1 27035U 89006Q   23176.90398765  .00000384  00000-0  40210-2 0  9990
2 27035   7.9346 108.3787 7114684  26.9604 356.5523  2.33706905185390
0 ARIANE 2 DEB
1 27035U 89006Q   23177.33181886  .00001204  00000-0  11275-1 0  9992
2 27035   7.9359 108.2134 7114605  27.2901 356.5090  2.33709273185408
0 ARIANE 2 DEB
1 27035U 89006Q   23179.04313434  .00000594  00000-0  60744-2 0  9995
2 27035   7.9415 107.5572 7114488  28.6044 356.3272  2.33711376185442
0 ARIANE 2 DEB
1 27035U 89006Q   23183.32133329  .00000657  00000-0  70223-2 0  9997
2 27035   7.9583 105.9246 7114417  31.8891 355.8494  2.33717721185547
0 ARIANE 2 DEB
1 27035U 89006Q   23183.74915423  .00000270  00000-0  36039-2 0  9994
2 27035   7.9600 105.7616 7114517  32.2182 355.8052  2.33717261185555
0 ARIANE 2 DEB
1 27035U 89006Q   23185.03262880  .00000170  00000-0  26571-2 0  9999
2 27035   7.9655 105.2758 7114423  33.2023 355.6790  2.33717697185581
0 ARIANE 2 DEB
1 27035U 89006Q   23186.31610189  .00000419  00000-0  47123-2 0  9992
2 27035   7.9725 104.7916 7114651  34.1870 355.5614  2.33718500185614
0 ARIANE 2 DEB
1 27035U 89006Q   23188.45521871  .00000675  00000-0  68288-2 0  9997
2 27035   7.9831 103.9855 7114419  35.8302 355.3640  2.33720313185662
0 ARIANE 2 DEB
1 27035U 89006Q   23189.31085195  .00000216  00000-0  27918-2 0  9993
2 27035   7.9862 103.6589 7114430  36.4887 355.2790  2.33720134185683
0 ARIANE 2 DEB
1 27035U 89006Q   23190.59425837  .00001707  00000-0  16201-1 0  9994
2 27035   7.9906 103.1665 7114018  37.4782 355.1393  2.33726168185714
0 ARIANE 2 DEB
1 27035U 89006Q   23190.59427562  .00000870  00000-0  87240-2 0  9993
2 27035   7.9909 103.1679 7114333  37.4787 355.1402  2.33723548185717
0 ARIANE 2 DEB
1 27035U 89006Q   23191.44985861 -.00000065  00000-0  64376-3 0  9992
2 27035   7.9938 102.8415 7113876  38.1343 355.0407  2.33723621185738
0 ARIANE 2 DEB
1 27035U 89006Q   23191.44989463  .00000361  00000-0  43228-2 0  9994
2 27035   7.9905 102.8257 7115284  38.1524 355.0417  2.33724772185731
0 ARIANE 2 DEB
1 27035U 89006Q   23193.58881669  .00001572  00000-0  15760-1 0  9994
2 27035   8.0017 102.0296 7113778  39.7718 354.7817  2.33730129185788
0 ARIANE 2 DEB
1 27035U 89006Q   23194.44439656  .00000121  00000-0  29988-2 0  9992
2 27035   8.0041 101.7024 7113857  40.4300 354.6779  2.33728644185802
0 ARIANE 2 DEB
1 27035U 89006Q   23196.58335388  .00001155  00000-0  12309-1 0  9992
2 27035   8.0107 100.8881 7114091  42.0754 354.4310  2.33731457185858
0 ARIANE 2 DEB
1 27035U 89006Q   23198.72229179  .00001942  00000-0  19047-1 0  9990
2 27035   8.0163 100.0674 7114032  43.7269 354.2044  2.33735882185900
0 ARIANE 2 DEB
1 27035U 89006Q   23200.00565643  .00000142  00000-0  28441-2 0  9994
2 27035   8.0194  99.5744 7114024  44.7177 354.0753  2.33735665185931
0 ARIANE 2 DEB
1 27035U 89006Q   23205.13896770  .00000718  00000-0  74588-2 0  9993
2 27035   8.0339  97.6062 7114331  48.6795 353.5213  2.33742291 16430
0 ARIANE 2 DEB
1 27035U 89006Q   23206.42225462  .00000346  00000-0  42743-2 0  9995
2 27035   8.0374  97.1180 7114494  49.6658 353.3594  2.33742681 16460
0 ARIANE 2 DEB
1 27035U 89006Q   23207.27776622  .00001187  00000-0  11714-1 0  9995
2 27035   8.0391  96.7865 7114649  50.3307 353.2451  2.33745334 16487
0 ARIANE 2 DEB
1 27035U 89006Q   23207.70551878  .00000910  00000-0  93855-2 0  9997
2 27035   8.0412  96.6327 7114411  50.6509 353.1879  2.33743824 16493
0 ARIANE 2 DEB
1 27035U 89006Q   23208.13326318  .00002194  00000-0  20722-1 0  9992
2 27035   8.0426  96.4697 7114404  50.9810 353.1289  2.33748815 16508
0 ARIANE 2 DEB
1 27035U 89006Q   23208.13326318  .00002194  00000-0  20722-1 0  9992
2 27035   8.0426  96.4697 7114404  50.9810 353.1289  2.33748815186124
0 ARIANE 2 DEB
1 27035U 89006Q   23208.56100169  .00000750  00000-0  81367-2 0  9992
2 27035   8.0433  96.3041 7114082  51.3091 353.0692  2.33746223 16515
0 ARIANE 2 DEB
1 27035U 89006Q   23208.56100169  .00000750  00000-0  81367-2 0  9992
2 27035   8.0433  96.3041 7114082  51.3091 353.0692  2.33746223186131
0 ARIANE 2 DEB
1 27035U 89006Q   23209.41650028  .00000250  00000-0  38094-2 0  9995
2 27035   8.0458  95.9792 7114124  51.9674 352.9522  2.33746200 16537
0 ARIANE 2 DEB
1 27035U 89006Q   23211.12747962  .00000464  00000-0  58078-2 0  9991
2 27035   8.0510  95.3269 7114222  53.2840 352.7255  2.33750410186197
0 ARIANE 2 DEB
1 27035U 89006Q   23213.26622984 -.00000087  00000-0  85330-3 0  9998
2 27035   8.0587  94.5231 7114323  54.9207 352.4676  2.33750599186246
0 ARIANE 2 DEB
1 27035U 89006Q   23214.12174664  .00000369  00000-0  47566-2 0  9991
2 27035   8.0621  94.2053 7114572  55.5784 352.3699  2.33749629186265
0 ARIANE 2 DEB
1 27035U 89006Q   23215.40498970  .00003145  00000-0  28918-1 0  9996
2 27035   8.0663  93.7237 7114540  56.5623 352.2208  2.33755873186293
0 ARIANE 2 DEB
1 27035U 89006Q   23216.26047574  .00000641  00000-0  69670-2 0  9990
2 27035   8.0685  93.3979 7114213  57.2235 352.1150  2.33752736186313
0 ARIANE 2 DEB
1 27035U 89006Q   23216.68821672  .00002360  00000-0  22051-1 0  9996
2 27035   8.0692  93.2284 7114320  57.5591 352.0603  2.33756098186324
0 ARIANE 2 DEB
1 27035U 89006Q   23218.39912464  .00000610  00000-0  68145-2 0  9997
2 27035   8.0734  92.5724 7113984  58.8821 351.8235  2.33758940186367
0 ARIANE 2 DEB
1 27035U 89006Q   23220.53771101 -.00002210  00000-0 -17856-1 0  9999
2 27035   8.0796  91.7582 7113440  60.5353 351.4945  2.33754394186414
0 ARIANE 2 DEB
1 27035U 89006Q   23220.96540004  .00001091  00000-0  11703-1 0  9991
2 27035   8.0805  91.5930 7113556  60.8581 351.4295  2.33763502186424
0 ARIANE 2 DEB
1 27035U 89006Q   23222.24852080  .00000339  00000-0  52688-2 0  9996
2 27035   8.0834  91.1047 7113714  61.8452 351.2295  2.33764011186452
0 ARIANE 2 DEB
1 27035U 89006Q   23223.53164932  .00001259  00000-0  13522-1 0  9996
2 27035   8.0856  90.6101 7114033  62.8424 351.0338  2.33767491186480
0 ARIANE 2 DEB
1 27035U 89006Q   23225.67018332  .00004083  00000-0  38038-1 0  9992
2 27035   8.0885  89.7719 7114440  64.5180 350.7202  2.33775247186536
0 ARIANE 2 DEB
1 27035U 89006Q   23226.52557791  .00000328  00000-0  51008-2 0  9995
2 27035   8.0916  89.4608 7114079  65.1600 350.6024  2.33770821186553
0 ARIANE 2 DEB
1 27035U 89006Q   23227.80865452  .00000661  00000-0  78211-2 0  9998
2 27035   8.0935  88.9603 7113812  66.1553 350.4221  2.33774835186584
0 ARIANE 2 DEB
1 27035U 89006Q   23228.66403725  .00000698  00000-0  79718-2 0  9997
2 27035   8.0950  88.6285 7113796  66.8188 350.3016  2.33776868186608
0 ARIANE 2 DEB
1 27035U 89006Q   23231.23014784  .00000700  00000-0  75426-2 0  9993
2 27035   8.0979  87.5977 7114335  68.8547 349.9116  2.33781662186665
0 ARIANE 2 DEB
1 27035U 89006Q   23232.08546188  .00002320  00000-0  21817-1 0  9999
2 27035   8.1010  87.2985 7113976  69.4808 349.7797  2.33786733186684
0 ARIANE 2 DEB
1 27035U 89006Q   23233.36843842  .00000387  00000-0  48219-2 0  9995
2 27035   8.1036  86.8100 7113928  70.4661 349.5614  2.33786377186716
0 ARIANE 2 DEB
1 27035U 89006Q   23234.65138633  .00001098  00000-0  11153-1 0  9999
2 27035   8.1045  86.2939 7114069  71.4845 349.3225  2.33790927186747
0 ARIANE 2 DEB
1 27035U 89006Q   23236.36193979  .00000464  00000-0  58360-2 0  9991
2 27035   8.1082  85.6476 7113608  72.7925 348.9984  2.33791964 17166
0 ARIANE 2 DEB
1 27035U 89006Q   23236.36193979  .00000464  00000-0  58360-2 0  9991
2 27035   8.1082  85.6476 7113608  72.7925 348.9984  2.33791964186781
0 ARIANE 2 DEB
1 27035U 89006Q   23237.64484749  .00001493  00000-0  15076-1 0  9990
2 27035   8.1101  85.1438 7113668  73.7948 348.7510  2.33795863186817
0 ARIANE 2 DEB
1 27035U 89006Q   23239.35537677  .00000009  00000-0  20562-2 0  9998
2 27035   8.1131  84.4710 7113729  75.1355 348.4293  2.33797251 17238
0 ARIANE 2 DEB
1 27035U 89006Q   23239.35537677  .00000009  00000-0  20562-2 0  9998
2 27035   8.1131  84.4710 7113729  75.1355 348.4293  2.33797251186853
0 ARIANE 2 DEB
1 27035U 89006Q   23240.63827608  .00000130  00000-0  30627-2 0  9995
2 27035   8.1154  83.9772 7113887  76.1277 348.2021  2.33798707 17261
0 ARIANE 2 DEB
1 27035U 89006Q   23240.63827608  .00000130  00000-0  30627-2 0  9995
2 27035   8.1154  83.9772 7113887  76.1277 348.2021  2.33798707186886
0 ARIANE 2 DEB
1 27035U 89006Q   23242.34881747 -.00000105  00000-0  79715-3 0  9994
2 27035   8.1199  83.3383 7114157  77.4405 347.9055  2.33799547 17301
0 ARIANE 2 DEB
1 27035U 89006Q   23243.20406174  .00000581  00000-0  66979-2 0  9991
2 27035   8.1212  83.0054 7114101  78.1051 347.7502  2.33801831 17320
0 ARIANE 2 DEB
1 27035U 89006Q   23243.20406174  .00000581  00000-0  66979-2 0  9991
2 27035   8.1212  83.0054 7114101  78.1051 347.7502  2.33801831186945
0 ARIANE 2 DEB
1 27035U 89006Q   23244.48692146  .00000203  00000-0  32808-2 0  9993
2 27035   8.1229  82.5012 7113932  79.1147 347.4995  2.33802227 17350
0 ARIANE 2 DEB
1 27035U 89006Q   23244.48692146  .00000203  00000-0  32808-2 0  9993
2 27035   8.1229  82.5012 7113932  79.1147 347.4995  2.33802227186975
0 ARIANE 2 DEB
1 27035U 89006Q   23246.19732637  .00001020  00000-0  10564-1 0  9995
2 27035   8.1251  81.8292 7113566  80.4524 347.1348  2.33808043187016
0 ARIANE 2 DEB
1 27035U 89006Q   23247.05250157  .00000474  00000-0  58784-2 0  9992
2 27035   8.1263  81.4865 7113433  81.1277 346.9385  2.33810030 17410
0 ARIANE 2 DEB
1 27035U 89006Q   23247.48009085 -.00000863  00000-0 -58971-2 0  9993
2 27035   8.1268  81.3194 7113376  81.4625 346.8387  2.33808125 17429
0 ARIANE 2 DEB
1 27035U 89006Q   23247.48009085 -.00000863  00000-0 -58971-2 0  9993
2 27035   8.1268  81.3194 7113376  81.4625 346.8387  2.33808125187045
0 ARIANE 2 DEB
1 27035U 89006Q   23249.19041773 -.00000137  00000-0  92705-3 0  9990
2 27035   8.1305  80.6697 7113303  82.7732 346.4409  2.33810937 17463
0 ARIANE 2 DEB
1 27035U 89006Q   23249.19041773 -.00000137  00000-0  92705-3 0  9990
2 27035   8.1305  80.6697 7113303  82.7732 346.4409  2.33810937187089
0 ARIANE 2 DEB
1 27035U 89006Q   23250.04556732 -.00035106  00000-0 -30957+0 0  9994
2 27035   8.1317  80.3161 7113540  83.4422 346.2393  2.33779392 17487
0 ARIANE 2 DEB
1 27035U 89006Q   23250.04556732 -.00035106  00000-0 -30957+0 0  9994
2 27035   8.1317  80.3161 7113540  83.4422 346.2393  2.33779392187104
0 ARIANE 2 DEB
1 27035U 89006Q   23250.47315802 -.00009872  00000-0 -85300-1 0  9997
2 27035   8.1319  80.1744 7113334  83.7757 346.1367  2.33803790 17490
0 ARIANE 2 DEB
1 27035U 89006Q   23250.47315802 -.00009872  00000-0 -85300-1 0  9997
2 27035   8.1319  80.1744 7113334  83.7757 346.1367  2.33803790187117
0 ARIANE 2 DEB
1 27035U 89006Q   23251.32830581  .00000292  00000-0  50894-2 0  9994
2 27035   8.1331  79.8423 7113371  84.4311 345.9399  2.33814648 17517
0 ARIANE 2 DEB
1 27035U 89006Q   23251.32830581  .00000292  00000-0  50894-2 0  9994
2 27035   8.1331  79.8423 7113371  84.4311 345.9399  2.33814648187133
0 ARIANE 2 DEB
1 27035U 89006Q   23251.32830879 -.00000277  00000-0  46160-4 0  9991
2 27035   8.1334  79.8393 7113398  84.4353 345.9389  2.33813293 17515
0 ARIANE 2 DEB
1 27035U 89006Q   23251.32830879 -.00000277  00000-0  46160-4 0  9991
2 27035   8.1334  79.8393 7113398  84.4353 345.9389  2.33813293187131
0 ARIANE 2 DEB
1 27035U 89006Q   23252.61103994  .00000056  00000-0  30269-2 0  9990
2 27035   8.1349  79.3384 7113338  85.4363 345.6423  2.33814199187163
0 ARIANE 2 DEB
1 27035U 89006Q   23253.46619316  .00000029  00000-0  27221-2 0  9998
2 27035   8.1357  78.9939 7113153  86.1266 345.4382  2.33815108 17567
0 ARIANE 2 DEB
1 27035U 89006Q   23253.46619316  .00000029  00000-0  27221-2 0  9998
2 27035   8.1357  78.9939 7113153  86.1266 345.4382  2.33815108187183
0 ARIANE 2 DEB
1 27035U 89006Q   23254.32133530  .00001147  00000-0  12516-1 0  9995
2 27035   8.1370  78.6661 7113267  86.7711 345.2508  2.33818965 17582
0 ARIANE 2 DEB
1 27035U 89006Q   23254.32133530  .00001147  00000-0  12516-1 0  9995
2 27035   8.1370  78.6661 7113267  86.7711 345.2508  2.33818965187209
0 ARIANE 2 DEB
1 27035U 89006Q   23256.03159310  .00000711  00000-0  83127-2 0  9992
2 27035   8.1390  77.9765 7113088  88.1238 344.8478  2.33821839187248
0 ARIANE 2 DEB
1 27035U 89006Q   23256.45916114  .00000926  00000-0  10142-1 0  9995
2 27035   8.1392  77.8086 7113025  88.4591 344.7455  2.33822550 17631
0 ARIANE 2 DEB
1 27035U 89006Q   23256.45916410  .00000291  00000-0  44791-2 0  9997
2 27035   8.1395  77.8112 7113118  88.4559 344.7469  2.33820703 17634
0 ARIANE 2 DEB
1 27035U 89006Q   23256.45916410  .00000291  00000-0  44791-2 0  9997
2 27035   8.1395  77.8112 7113118  88.4559 344.7469  2.33820703187250
0 ARIANE 2 DEB
1 27035U 89006Q   23257.31427722  .00000327  00000-0  46360-2 0  9990
2 27035   8.1405  77.4692 7113035  89.1292 344.5374  2.33822114 17658
0 ARIANE 2 DEB
1 27035U 89006Q   23258.16937836  .00000562  00000-0  65697-2 0  9991
2 27035   8.1414  77.1348 7113081  89.7969 344.3235  2.33824428 17677
0 ARIANE 2 DEB
1 27035U 89006Q   23258.16937836  .00000562  00000-0  65697-2 0  9991
2 27035   8.1414  77.1348 7113081  89.7969 344.3235  2.33824428187293
0 ARIANE 2 DEB
1 27035U 89006Q   23260.30707785  .00000679  00000-0  74264-2 0  9997
2 27035   8.1438  76.2864 7112994  91.4770 343.7433  2.33825499 17726
0 ARIANE 2 DEB
1 27035U 89006Q   23260.30707785  .00000679  00000-0  74264-2 0  9997
2 27035   8.1438  76.2864 7112994  91.4770 343.7433  2.33825499187342
0 ARIANE 2 DEB
1 27035U 89006Q   23263.29967687  .00000373  00000-0  49087-2 0  9993
2 27035   8.1477  75.1137 7112452  93.8066 342.8420  2.33829322 17795
0 ARIANE 2 DEB
1 27035U 89006Q   23263.29967687  .00000373  00000-0  49087-2 0  9993
2 27035   8.1477  75.1137 7112452  93.8066 342.8420  2.33829322187412
0 ARIANE 2 DEB
1 27035U 89006Q   23267.14714384  .00000353  00000-0  51720-2 0  9990
2 27035   8.1526  73.5874 7111778  96.8211 341.6199  2.33837294 17882
0 ARIANE 2 DEB
1 27035U 89006Q   23267.14714384  .00000353  00000-0  51720-2 0  9990
2 27035   8.1526  73.5874 7111778  96.8211 341.6199  2.33837294187509
0 ARIANE 2 DEB
1 27035U 89006Q   23268.00216484  .00000627  00000-0  75636-2 0  9990
2 27035   8.1540  73.2783 7112463  97.4626 341.3717  2.33839109 17906
0 ARIANE 2 DEB
1 27035U 89006Q   23268.85718852  .00000387  00000-0  53169-2 0  9999
2 27035   8.1547  72.9652 7112710  98.1130 341.1164  2.33840021187544
0 ARIANE 2 DEB
1 27035U 89006Q   23269.28467802  .00000360  00000-0  50212-2 0  9990
2 27035   8.1552  72.7962 7112764  98.4481 340.9823  2.33841216 17934
0 ARIANE 2 DEB
1 27035U 89006Q   23269.71216100  .00000585  00000-0  69817-2 0  9991
2 27035   8.1557  72.6262 7112722  98.7835 340.8464  2.33842133 17941
0 ARIANE 2 DEB
1 27035U 89006Q   23270.56711315  .00000957  00000-0  10179-1 0  9993
2 27035   8.1570  72.2748 7112676  99.4743 340.5589  2.33843072187581
0 ARIANE 2 DEB
1 27035U 89006Q   23270.99458552  .00000976  00000-0  10270-1 0  9994
2 27035   8.1576  72.1171 7112734  99.7924 340.4245  2.33845202 17975
0 ARIANE 2 DEB
1 27035U 89006Q   23270.99458552  .00000976  00000-0  10270-1 0  9994
2 27035   8.1576  72.1171 7112734  99.7924 340.4245  2.33845202187591
0 ARIANE 2 DEB
1 27035U 89006Q   23273.13183246  .00001620  00000-0  15893-1 0  9991
2 27035   8.1608  71.2580 7112413 101.4835 339.6514  2.33851569187645
0 ARIANE 2 DEB
1 27035U 89006Q   23274.41412282  .00001753  00000-0  17211-1 0  9991
2 27035   8.1621  70.7606 7112150 102.4844 339.1526  2.33857415 18054
0 ARIANE 2 DEB
1 27035U 89006Q   23274.41412282  .00001753  00000-0  17211-1 0  9991
2 27035   8.1621  70.7606 7112150 102.4844 339.1526  2.33857415187679
0 ARIANE 2 DEB
1 27035U 89006Q   23276.12374837  .00001315  00000-0  13597-1 0  9991
2 27035   8.1645  70.0808 7111960 103.8271 338.4514  2.33862291 18095
0 ARIANE 2 DEB
1 27035U 89006Q   23276.12374837  .00001315  00000-0  13597-1 0  9991
2 27035   8.1645  70.0808 7111960 103.8271 338.4514  2.33862291187711
0 ARIANE 2 DEB
1 27035U 89006Q   23277.40592487  .00001235  00000-0  13163-1 0  9996
2 27035   8.1657  69.5758 7111864 104.8242 337.9184  2.33866260 18128
0 ARIANE 2 DEB
1 27035U 89006Q   23277.40592855  .00001120  00000-0  12131-1 0  9992
2 27035   8.1661  69.5753 7111855 104.8285 337.9160  2.33866246 18123
0 ARIANE 2 DEB
1 27035U 89006Q   23278.26070032  .00001256  00000-0  13529-1 0  9997
2 27035   8.1667  69.2371 7111810 105.4984 337.5561  2.33868198 18147
0 ARIANE 2 DEB
1 27035U 89006Q   23278.26070032  .00001256  00000-0  13529-1 0  9997
2 27035   8.1667  69.2371 7111810 105.4984 337.5561  2.33868198187762
0 ARIANE 2 DEB
1 27035U 89006Q   23279.11545960  .00001382  00000-0  14780-1 0  9999
2 27035   8.1674  68.9000 7111791 106.1645 337.1979  2.33871111 18160
0 ARIANE 2 DEB
1 27035U 89006Q   23280.39757616  .00001205  00000-0  13217-1 0  9992
2 27035   8.1686  68.3921 7111757 107.1679 336.6569  2.33876498 18194
0 ARIANE 2 DEB
1 27035U 89006Q   23280.39757616  .00001205  00000-0  13217-1 0  9992
2 27035   8.1686  68.3921 7111757 107.1679 336.6569  2.33876498187810
0 ARIANE 2 DEB
1 27035U 89006Q   23281.25230252  .00001633  00000-0  17067-1 0  9992
2 27035   8.1695  68.0483 7111614 107.8441 336.2880  2.33878202 18210
0 ARIANE 2 DEB
1 27035U 89006Q   23282.10701373  .00001537  00000-0  16080-1 0  9991
2 27035   8.1705  67.7129 7111580 108.5085 335.9226  2.33882036 18231
0 ARIANE 2 DEB
1 27035U 89006Q   23283.38903163  .00002039  00000-0  20408-1 0  9990
2 27035   8.1718  67.2006 7111416 109.5157 335.3542  2.33889058 18262
0 ARIANE 2 DEB
1 27035U 89006Q   23283.38903164  .00001806  00000-0  18296-1 0  9994
2 27035   8.1720  67.2010 7111396 109.5155 335.3540  2.33889233 18268
0 ARIANE 2 DEB
1 27035U 89006Q   23283.38903292  .00001855  00000-0  18716-1 0  9997
2 27035   8.1718  67.2021 7111472 109.5129 335.3566  2.33888700187884
0 ARIANE 2 DEB
1 27035U 89006Q   23284.24368605  .00001462  00000-0  14993-1 0  9993
2 27035   8.1728  66.8629 7111322 110.1839 334.9651  2.33891441 18287
0 ARIANE 2 DEB
1 27035U 89006Q   23284.24368605  .00001462  00000-0  14993-1 0  9993
2 27035   8.1728  66.8629 7111322 110.1839 334.9651  2.33891441187903
0 ARIANE 2 DEB
1 27035U 89006Q   23285.09831222  .00001753  00000-0  17479-1 0  9992
2 27035   8.1739  66.5213 7111188 110.8549 334.5616  2.33894095 18308
0 ARIANE 2 DEB
1 27035U 89006Q   23286.38019076  .00002148  00000-0  20889-1 0  9998
2 27035   8.1753  66.0108 7110967 111.8601 333.9299  2.33900906 18338
0 ARIANE 2 DEB
1 27035U 89006Q   23286.38019108  .00002095  00000-0  20400-1 0  9994
2 27035   8.1752  66.0110 7110985 111.8598 333.9304  2.33900782187959
0 ARIANE 2 DEB
1 27035U 89006Q   23286.38019314  .00001622  00000-0  16074-1 0  9990
2 27035   8.1753  66.0117 7111026 111.8593 333.9312  2.33900205 18333
0 ARIANE 2 DEB
1 27035U 89006Q   23287.23474429  .00001531  00000-0  15138-1 0  9996
2 27035   8.1760  65.6751 7110958 112.5252 333.4938  2.33903317 18351
0 ARIANE 2 DEB
1 27035U 89006Q   23287.23474825  .00001395  00000-0  13888-1 0  9994
2 27035   8.1760  65.6757 7110967 112.5247 333.4942  2.33902581 18358
0 ARIANE 2 DEB
1 27035U 89006Q   23287.23474825  .00001395  00000-0  13888-1 0  9994
2 27035   8.1760  65.6757 7110967 112.5247 333.4942  2.33902581187973
0 ARIANE 2 DEB
1 27035U 89006Q   23288.08927365  .00001299  00000-0  12964-1 0  9997
2 27035   8.1770  65.3368 7110860 113.1942 333.0377  2.33904568 18372
0 ARIANE 2 DEB
1 27035U 89006Q   23289.37100231  .00001236  00000-0  12385-1 0  9993
2 27035   8.1782  64.8288 7110754 114.1965 332.3252  2.33909498188029
0 ARIANE 2 DEB
1 27035U 89006Q   23289.37100443  .00000855  00000-0  88886-2 0  9994
2 27035   8.1782  64.8293 7110778 114.1967 332.3255  2.33908969 18402
0 ARIANE 2 DEB
1 27035U 89006Q   23290.22546326  .00001058  00000-0  10808-1 0  9998
2 27035   8.1790  64.4893 7110673 114.8679 331.8308  2.33910484 18424
0 ARIANE 2 DEB
1 27035U 89006Q   23291.07989674  .00001107  00000-0  11355-1 0  9992
2 27035   8.1801  64.1473 7110547 115.5390 331.3249  2.33912292188062
0 ARIANE 2 DEB
1 27035U 89006Q   23292.36151883  .00001180  00000-0  12223-1 0  9994
2 27035   8.1816  63.6362 7110360 116.5432 330.5543  2.33915616 18478
0 ARIANE 2 DEB
1 27035U 89006Q   23293.21591508  .00001164  00000-0  12205-1 0  9993
2 27035   8.1828  63.2932 7110242 117.2150 330.0338  2.33917962 18499
0 ARIANE 2 DEB
1 27035U 89006Q   23293.21591650  .00001154  00000-0  12111-1 0  9996
2 27035   8.1828  63.2944 7110256 117.2127 330.0355  2.33917961188116
0 ARIANE 2 DEB
1 27035U 89006Q   23294.07029931  .00001458  00000-0  15021-1 0  9999
2 27035   8.1840  62.9513 7110168 117.8850 329.5128  2.33920901 18514
0 ARIANE 2 DEB
1 27035U 89006Q   23294.07030136  .00001132  00000-0  11992-1 0  9990
2 27035   8.1838  62.9517 7110281 117.8854 329.5141  2.33920180 18519
0 ARIANE 2 DEB
1 27035U 89006Q   23297.06056373  .00000547  00000-0  65416-2 0  9993
2 27035   8.1876  61.7644 7110366 120.2257 327.6628  2.33926696 18582
0 ARIANE 2 DEB
1 27035U 89006Q   23297.06056373  .00000547  00000-0  65416-2 0  9993
2 27035   8.1876  61.7644 7110366 120.2257 327.6628  2.33926696188209
0 ARIANE 2 DEB
1 27035U 89006Q   23297.06056410  .00000586  00000-0  69003-2 0  9994
2 27035   8.1877  61.7645 7110364 120.2257 327.6628  2.33926722 18582
0 ARIANE 2 DEB
1 27035U 89006Q   23297.06056410  .00000586  00000-0  69003-2 0  9994
2 27035   8.1877  61.7645 7110364 120.2257 327.6628  2.33926722188209
0 ARIANE 2 DEB
1 27035U 89006Q   23302.18590595  .00001624  00000-0  16200-1 0  9995
2 27035   8.1959  59.7035 7109299 124.2747 323.9377  2.33940583 18701
0 ARIANE 2 DEB
1 27035U 89006Q   23302.18590595  .00001624  00000-0  16200-1 0  9995
2 27035   8.1959  59.7035 7109299 124.2747 323.9377  2.33940583188327
0 ARIANE 2 DEB
1 27035U 89006Q   23305.17517050  .00000757  00000-0  86357-2 0  9999
2 27035   8.2013  58.5039 7109000 126.6178 321.4685  2.33947872 18778
0 ARIANE 2 DEB
1 27035U 89006Q   23305.17517050  .00000757  00000-0  86357-2 0  9999
2 27035   8.2013  58.5039 7109000 126.6178 321.4685  2.33947872188394
0 ARIANE 2 DEB
1 27035U 89006Q   23306.02920034  .00000900  00000-0  10172-1 0  9995
2 27035   8.2027  58.1599 7108848 127.2893 320.7389  2.33949660 18792
0 ARIANE 2 DEB
1 27035U 89006Q   23306.02920034  .00000900  00000-0  10172-1 0  9995
2 27035   8.2027  58.1599 7108848 127.2893 320.7389  2.33949660188419
0 ARIANE 2 DEB
1 27035U 89006Q   23312.00680051  .00001548  00000-0  15898-1 0  9991
2 27035   8.2109  55.7724 7108537 131.9711 315.3254  2.33971023 18937
0 ARIANE 2 DEB
1 27035U 89006Q   23312.00680051  .00001548  00000-0  15898-1 0  9991
2 27035   8.2109  55.7724 7108537 131.9711 315.3254  2.33971023188553
0 ARIANE 2 DEB
1 27035U 89006Q   23314.14121266  .00000946  00000-0  98066-2 0  9996
2 27035   8.2143  54.9184 7108090 133.6369 313.1344  2.33975486 18986
0 ARIANE 2 DEB
1 27035U 89006Q   23314.14121266  .00000946  00000-0  98066-2 0  9996
2 27035   8.2143  54.9184 7108090 133.6369 313.1344  2.33975486188603
0 ARIANE 2 DEB
1 27035U 89006Q   23315.42173715  .00000920  00000-0  93841-2 0  9992
2 27035   8.2161  54.4067 7107974 134.6394 311.7286  2.33977631 19018
0 ARIANE 2 DEB
1 27035U 89006Q   23315.42173715  .00000920  00000-0  93841-2 0  9992
2 27035   8.2161  54.4067 7107974 134.6394 311.7286  2.33977631188633
0 ARIANE 2 DEB
1 27035U 89006Q   23323.10356810  .00000212  00000-0  31434-2 0  9999
2 27035   8.2369  51.2694 7107712 140.6571 302.2199  2.33979910 19192
0 ARIANE 2 DEB
1 27035U 89006Q   23323.10356810  .00000212  00000-0  31434-2 0  9999
2 27035   8.2369  51.2694 7107712 140.6571 302.2199  2.33979910188818
0 ARIANE 2 DEB
1 27035U 89006Q   23323.10356810  .00000212  00000-0  31434-2 0  9999
2 27035   8.2369  51.2694 7107712 140.6571 302.2199  2.33979910188818
