object,zone,nzone,e_span,bn_span,rms_baseline,pop,gen,nevals,nconverged,mean_rms,min_rms,max_rms,mean_bn,std_bn
42928                         , 1, 42,  0.009037,  121.3570,    4.420432,  4,  10,     44,  0,   27.556232,    5.269721,   46.154496,   79.3524,   35.0118
42928                         , 1, 42,  0.009037,  121.3570,    4.420432,  4,  20,     84,  0,   27.556232,    5.269721,   46.154496,   79.3524,   35.0118
42928                         , 1, 42,  0.009037,  121.3570,    4.420432,  4,  40,    164,  0,   27.556232,    5.269721,   46.154495,   79.3524,   35.0118
42928                         , 1, 42,  0.009037,  121.3570,    4.420432,  4,  75,    304,  0,   27.556232,    5.269721,   46.154495,   79.3524,   35.0118
42928                         , 1, 42,  0.009037,  121.3570,    4.420432,  4, 125,    504,  0,   27.556232,    5.269721,   46.154495,   79.3524,   35.0118
42928                         , 1, 42,  0.009037,  121.3570,    4.420432,  4, 200,    804,  0,   27.556232,    5.269721,   46.154495,   79.3524,   35.0118
42928                         , 1, 42,  0.009037,  121.3570,    4.420432,  4, 500,   2004,  0,   27.556232,    5.269721,   46.154495,   79.3524,   35.0118
42928                         , 1, 42,  0.009037,  121.3570,    4.420432,  6,  10,     66,  0,   21.126069,    5.269721,   44.029486,   94.1126,   32.6881
42928                         , 1, 42,  0.009037,  121.3570,    4.420432,  6,  20,    126,  0,   21.126069,    5.269721,   44.029485,   94.1126,   32.6881
42928                         , 1, 42,  0.009037,  121.3570,    4.420432,  6,  40,    246,  0,   21.126069,    5.269721,   44.029485,   94.1126,   32.6881
42928                         , 1, 42,  0.009037,  121.3570,    4.420432,  6,  75,    456,  0,   21.126069,    5.269721,   44.029485,   94.1126,   32.6881
42928                         , 1, 42,  0.009037,  121.3570,    4.420432,  6, 125,    756,  0,   21.126069,    5.269721,   44.029485,   94.1126,   32.6881
42928                         , 1, 42,  0.009037,  121.3570,    4.420432,  6, 200,   1206,  0,   21.126069,    5.269721,   44.029485,   94.1126,   32.6881
42928                         , 1, 42,  0.009037,  121.3570,    4.420432,  6, 500,   3006,  0,   21.126069,    5.269721,   44.029485,   94.1126,   32.6881
42928                         , 1, 42,  0.009037,  121.3570,    4.420432,  8,  10,     88,  0,   17.914263,    5.269721,   44.029163,   98.0262,   30.0629
42928                         , 1, 42,  0.009037,  121.3570,    4.420432,  8,  20,    168,  0,   17.914263,    5.269721,   44.029163,   98.0262,   30.0629
42928                         , 1, 42,  0.009037,  121.3570,    4.420432,  8,  40,    328,  0,   17.914263,    5.269721,   44.029163,   98.0262,   30.0629
42928                         , 1, 42,  0.009037,  121.3570,    4.420432,  8,  75,    608,  0,   17.914263,    5.269721,   44.029163,   98.0262,   30.0629
42928                         , 1, 42,  0.009037,  121.3570,    4.420432,  8, 125,   1008,  0,   17.914263,    5.269721,   44.029163,   98.0262,   30.0629
42928                         , 1, 42,  0.009037,  121.3570,    4.420432,  8, 200,   1608,  0,   17.914235,    5.269721,   44.028887,   98.0262,   30.0629
42928                         , 1, 42,  0.009037,  121.3570,    4.420432,  8, 500,   4008,  0,   17.914228,    5.269721,   44.028810,   98.0262,   30.0629
42928                         , 1, 42,  0.009037,  121.3570,    4.420432, 10,  10,    110,  0,   17.915312,    5.269721,   44.039655,   98.0262,   30.0629
42928                         , 1, 42,  0.009037,  121.3570,    4.420432, 10,  20,    210,  0,   17.915312,    5.269721,   44.039655,   98.0262,   30.0629
42928                         , 1, 42,  0.009037,  121.3570,    4.420432, 10,  40,    410,  0,   17.915272,    5.269721,   44.039257,   98.0262,   30.0629
42928                         , 1, 42,  0.009037,  121.3570,    4.420432, 10,  75,    760,  0,   17.914728,    5.269721,   44.033811,   98.0262,   30.0629
42928                         , 1, 42,  0.009037,  121.3570,    4.420432, 10, 125,   1260,  0,   17.914186,    5.269721,   44.028389,   98.0262,   30.0629
42928                         , 1, 42,  0.009037,  121.3570,    4.420432, 10, 200,   2010,  0,   17.914006,    5.269721,   44.026594,   98.0262,   30.0629
42928                         , 1, 42,  0.009037,  121.3570,    4.420432, 10, 500,   5010,  0,   17.914006,    5.269721,   44.026594,   98.0262,   30.0629
42928                         , 1, 42,  0.009037,  121.3570,    4.420432, 14,  10,    154,  0,   15.047721,    5.269721,   25.590963,  100.5870,   28.7700
42928                         , 1, 42,  0.009037,  121.3570,    4.420432, 14,  20,    294,  0,   15.047721,    5.269721,   25.590963,  100.5870,   28.7700
42928                         , 1, 42,  0.009037,  121.3570,    4.420432, 14,  40,    574,  0,   15.047721,    5.269721,   25.590963,  100.5870,   28.7700
42928                         , 1, 42,  0.009037,  121.3570,    4.420432, 14,  75,   1064,  0,   15.047721,    5.269721,   25.590963,  100.5870,   28.7700
42928                         , 1, 42,  0.009037,  121.3570,    4.420432, 14, 125,   1764,  0,   15.047721,    5.269721,   25.590963,  100.5870,   28.7700
42928                         , 1, 42,  0.009037,  121.3570,    4.420432, 14, 200,   2814,  0,   15.047721,    5.269721,   25.590963,  100.5870,   28.7700
42928                         , 1, 42,  0.009037,  121.3570,    4.420432, 14, 500,   7014,  0,   15.047721,    5.269721,   25.590963,  100.5870,   28.7700
42928                         , 1, 42,  0.009037,  121.3570,    4.420432, 20,  10,    220,  2,   10.170289,    2.856095,   15.421972,   86.0044,   11.5863
42928                         , 1, 42,  0.009037,  121.3570,    4.420432, 20,  20,    420,  2,    9.258558,    2.613567,   15.169054,   86.6882,   10.2539
42928                         , 1, 42,  0.009037,  121.3570,    4.420432, 20,  40,    820,  2,    8.198933,    1.661544,   15.169054,   87.8921,    8.3185
42928                         , 1, 42,  0.009037,  121.3570,    4.420432, 20,  75,   1520,  3,    6.393343,    1.439100,   15.169054,   86.5958,    7.6579
42928                         , 1, 42,  0.009037,  121.3570,    4.420432, 20, 125,   2520,  4,    5.562881,    1.439100,   12.157047,   88.2491,    6.3391
42928                         , 1, 42,  0.009037,  121.3570,    4.420432, 20, 200,   4020,  5,    4.962491,    1.439100,   12.142415,   88.3759,    5.2403
42928                         , 1, 42,  0.009037,  121.3570,    4.420432, 20, 500,  10020,  8,    3.285267,    1.439100,    7.169834,   85.4599,    3.5574
42928                         , 2, 48,  0.014476,   60.6785,    6.387748,  4,  10,     44,  0,    8.570084,    8.570084,    8.570084,  109.5522,    0.0000
42928                         , 2, 48,  0.014476,   60.6785,    6.387748,  4,  20,     84,  0,    8.570084,    8.570084,    8.570084,  109.5522,    0.0000
42928                         , 2, 48,  0.014476,   60.6785,    6.387748,  4,  40,    164,  0,    8.570084,    8.570084,    8.570084,  109.5522,    0.0000
42928                         , 2, 48,  0.014476,   60.6785,    6.387748,  4,  75,    304,  0,    8.570084,    8.570084,    8.570084,  109.5522,    0.0000
42928                         , 2, 48,  0.014476,   60.6785,    6.387748,  4, 125,    504,  0,    8.570084,    8.570084,    8.570084,  109.5522,    0.0000
42928                         , 2, 48,  0.014476,   60.6785,    6.387748,  4, 200,    804,  0,    8.570084,    8.570084,    8.570084,  109.5522,    0.0000
42928                         , 2, 48,  0.014476,   60.6785,    6.387748,  4, 500,   2004,  0,    8.570084,    8.570084,    8.570084,  109.5522,    0.0000
42928                         , 2, 48,  0.014476,   60.6785,    6.387748,  6,  10,     66,  0,    8.497255,    7.873495,    8.566566,  109.7117,    0.4786
42928                         , 2, 48,  0.014476,   60.6785,    6.387748,  6,  20,    126,  0,    8.497254,    7.873495,    8.566566,  109.7117,    0.4786
42928                         , 2, 48,  0.014476,   60.6785,    6.387748,  6,  40,    246,  0,    8.497253,    7.873495,    8.566565,  109.7117,    0.4786
42928                         , 2, 48,  0.014476,   60.6785,    6.387748,  6,  75,    456,  0,    8.497251,    7.873495,    8.566565,  109.7117,    0.4786
42928                         , 2, 48,  0.014476,   60.6785,    6.387748,  6, 125,    756,  0,    8.497249,    7.873495,    8.566562,  109.7117,    0.4786
42928                         , 2, 48,  0.014476,   60.6785,    6.387748,  6, 200,   1206,  0,    8.497248,    7.873495,    8.566561,  109.7117,    0.4786
42928                         , 2, 48,  0.014476,   60.6785,    6.387748,  6, 500,   3006,  0,    8.497246,    7.873495,    8.566552,  109.7117,    0.4786
42928                         , 2, 48,  0.014476,   60.6785,    6.387748,  8,  10,     88,  0,    8.497214,    7.873495,    8.567161,  109.7117,    0.4786
42928                         , 2, 48,  0.014476,   60.6785,    6.387748,  8,  20,    168,  0,    8.497116,    7.873495,    8.567161,  109.7117,    0.4786
42928                         , 2, 48,  0.014476,   60.6785,    6.387748,  8,  40,    328,  0,    8.497096,    7.873495,    8.567155,  109.7117,    0.4786
42928                         , 2, 48,  0.014476,   60.6785,    6.387748,  8,  75,    608,  0,    8.497009,    7.873495,    8.566504,  109.7117,    0.4786
42928                         , 2, 48,  0.014476,   60.6785,    6.387748,  8, 125,   1008,  0,    8.497009,    7.873495,    8.566504,  109.7117,    0.4786
42928                         , 2, 48,  0.014476,   60.6785,    6.387748,  8, 200,   1608,  0,    8.496954,    7.873495,    8.566349,  109.7117,    0.4786
42928                         , 2, 48,  0.014476,   60.6785,    6.387748,  8, 500,   4008,  0,    8.496919,    7.873495,    8.566240,  109.7117,    0.4786
42928                         , 2, 48,  0.014476,   60.6785,    6.387748, 10,  10,    110,  0,    8.485283,    7.873495,    8.579107,  109.7117,    0.4786
42928                         , 2, 48,  0.014476,   60.6785,    6.387748, 10,  20,    210,  0,    8.483411,    7.873495,    8.561326,  109.7117,    0.4786
42928                         , 2, 48,  0.014476,   60.6785,    6.387748, 10,  40,    410,  0,    8.483411,    7.873495,    8.561326,  109.7117,    0.4786
42928                         , 2, 48,  0.014476,   60.6785,    6.387748, 10,  75,    760,  0,    8.480749,    7.873495,    8.554296,  109.7117,    0.4786
42928                         , 2, 48,  0.014476,   60.6785,    6.387748, 10, 125,   1260,  0,    8.479895,    7.873495,    8.552507,  109.7117,    0.4786
42928                         , 2, 48,  0.014476,   60.6785,    6.387748, 10, 200,   2010,  0,    8.479050,    7.873495,    8.548457,  109.7117,    0.4786
42928                         , 2, 48,  0.014476,   60.6785,    6.387748, 10, 500,   5010,  0,    8.478531,    7.873495,    8.548457,  109.7117,    0.4786
42928                         , 2, 48,  0.014476,   60.6785,    6.387748, 14,  10,    154,  0,    8.033230,    7.642198,    8.707149,  109.5522,    0.0000
42928                         , 2, 48,  0.014476,   60.6785,    6.387748, 14,  20,    294,  0,    7.501750,    6.859764,    8.570513,  109.5522,    0.0000
42928                         , 2, 48,  0.014476,   60.6785,    6.387748, 14,  40,    574,  0,    7.240134,    6.864786,    7.683739,  109.5522,    0.0000
42928                         , 2, 48,  0.014476,   60.6785,    6.387748, 14,  75,   1064,  0,    7.150699,    6.862616,    7.643172,  109.5522,    0.0000
42928                         , 2, 48,  0.014476,   60.6785,    6.387748, 14, 125,   1764,  0,    7.042761,    6.862638,    7.485269,  109.5522,    0.0000
42928                         , 2, 48,  0.014476,   60.6785,    6.387748, 14, 200,   2814,  0,    7.127194,    6.862351,    7.622570,  109.5522,    0.0000
42928                         , 2, 48,  0.014476,   60.6785,    6.387748, 14, 500,   7014,  0,    6.957519,    6.862610,    7.318196,  109.5522,    0.0000
42928                         , 2, 48,  0.014476,   60.6785,    6.387748, 20,  10,    220,  0,   17.808125,    7.371297,   42.894447,  101.5662,   10.1482
42928                         , 2, 48,  0.014476,   60.6785,    6.387748, 20,  20,    420,  0,   16.667481,    7.371297,   34.371719,  104.5153,    6.7230
42928                         , 2, 48,  0.014476,   60.6785,    6.387748, 20,  40,    820,  1,   14.198365,    5.589626,   27.251128,  107.2984,    2.4153
42928                         , 2, 48,  0.014476,   60.6785,    6.387748, 20,  75,   1520,  1,   12.154986,    5.589626,   23.070098,  107.6717,    2.5654
42928                         , 2, 48,  0.014476,   60.6785,    6.387748, 20, 125,   2520,  2,    8.884549,    5.589626,   11.823540,  108.2877,    2.3225
42928                         , 2, 48,  0.014476,   60.6785,    6.387748, 20, 200,   4020,  3,    7.788519,    5.589626,   11.823540,  109.1996,    1.5243
42928                         , 2, 48,  0.014476,   60.6785,    6.387748, 20, 500,  10020,  6,    7.094884,    5.589626,   11.823540,  109.9225,    1.6776
42928                         , 3, 50,  0.012235,   91.0177,    1.155043,  4,  10,     44,  0,   13.337841,   10.620368,   13.639782,   91.2117,    7.2431
42928                         , 3, 50,  0.012235,   91.0177,    1.155043,  4,  20,     84,  0,   13.337841,   10.620368,   13.639782,   91.2117,    7.2431
42928                         , 3, 50,  0.012235,   91.0177,    1.155043,  4,  40,    164,  0,   13.337841,   10.620368,   13.639782,   91.2117,    7.2431
42928                         , 3, 50,  0.012235,   91.0177,    1.155043,  4,  75,    304,  0,   13.337841,   10.620368,   13.639782,   91.2117,    7.2431
42928                         , 3, 50,  0.012235,   91.0177,    1.155043,  4, 125,    504,  0,   13.337841,   10.620368,   13.639782,   91.2117,    7.2431
42928                         , 3, 50,  0.012235,   91.0177,    1.155043,  4, 200,    804,  0,   13.337841,   10.620368,   13.639782,   91.2117,    7.2431
42928                         , 3, 50,  0.012235,   91.0177,    1.155043,  4, 500,   2004,  0,   13.337840,   10.620368,   13.639782,   91.2117,    7.2431
42928                         , 3, 50,  0.012235,   91.0177,    1.155043,  6,  10,     66,  0,   13.089893,   10.620368,   13.639526,   90.5244,    7.3051
42928                         , 3, 50,  0.012235,   91.0177,    1.155043,  6,  20,    126,  0,   13.089893,   10.620368,   13.639524,   90.5244,    7.3051
42928                         , 3, 50,  0.012235,   91.0177,    1.155043,  6,  40,    246,  0,   13.089893,   10.620368,   13.639524,   90.5244,    7.3051
42928                         , 3, 50,  0.012235,   91.0177,    1.155043,  6,  75,    456,  0,   13.089893,   10.620368,   13.639523,   90.5244,    7.3051
42928                         , 3, 50,  0.012235,   91.0177,    1.155043,  6, 125,    756,  0,   13.089893,   10.620368,   13.639522,   90.5244,    7.3051
42928                         , 3, 50,  0.012235,   91.0177,    1.155043,  6, 200,   1206,  0,   13.089893,   10.620368,   13.639522,   90.5244,    7.3051
42928                         , 3, 50,  0.012235,   91.0177,    1.155043,  6, 500,   3006,  0,   13.089892,   10.620368,   13.639522,   90.5244,    7.3051
42928                         , 3, 50,  0.012235,   91.0177,    1.155043,  8,  10,     88,  0,   12.071924,    3.459468,   13.639813,   88.9115,    8.1747
42928                         , 3, 50,  0.012235,   91.0177,    1.155043,  8,  20,    168,  0,   12.071864,    3.459468,   13.639605,   88.9115,    8.1747
42928                         , 3, 50,  0.012235,   91.0177,    1.155043,  8,  40,    328,  0,   12.071842,    3.459468,   13.639528,   88.9110,    8.1743
42928                         , 3, 50,  0.012235,   91.0177,    1.155043,  8,  75,    608,  0,   12.071834,    3.459468,   13.639528,   88.9107,    8.1742
42928                         , 3, 50,  0.012235,   91.0177,    1.155043,  8, 125,   1008,  0,   12.071826,    3.459468,   13.639481,   88.9110,    8.1743
42928                         , 3, 50,  0.012235,   91.0177,    1.155043,  8, 200,   1608,  0,   12.071793,    3.459468,   13.639481,   88.9104,    8.1740
42928                         , 3, 50,  0.012235,   91.0177,    1.155043,  8, 500,   4008,  0,   12.071729,    3.459468,   13.639314,   88.9101,    8.1739
42928                         , 3, 50,  0.012235,   91.0177,    1.155043, 10,  10,    110,  0,   12.041860,    3.459468,   13.632180,   89.1619,    8.3518
42928                         , 3, 50,  0.012235,   91.0177,    1.155043, 10,  20,    210,  0,   12.041737,    3.459468,   13.632180,   89.1617,    8.3516
42928                         , 3, 50,  0.012235,   91.0177,    1.155043, 10,  40,    410,  0,   12.040668,    3.459468,   13.632180,   89.1617,    8.3516
42928                         , 3, 50,  0.012235,   91.0177,    1.155043, 10,  75,    760,  0,   12.039388,    3.459468,   13.625604,   89.1617,    8.3516
42928                         , 3, 50,  0.012235,   91.0177,    1.155043, 10, 125,   1260,  0,   12.038684,    3.459468,   13.624116,   89.1614,    8.3515
42928                         , 3, 50,  0.012235,   91.0177,    1.155043, 10, 200,   2010,  0,   12.038276,    3.459468,   13.623598,   89.1614,    8.3515
42928                         , 3, 50,  0.012235,   91.0177,    1.155043, 10, 500,   5010,  0,   12.038064,    3.459468,   13.622478,   89.1614,    8.3515
42928                         , 3, 50,  0.012235,   91.0177,    1.155043, 14,  10,    154,  0,   12.602160,    3.459468,   21.084292,   89.1258,    8.3326
42928                         , 3, 50,  0.012235,   91.0177,    1.155043, 14,  20,    294,  0,   11.514700,    3.459468,   13.435896,   88.8926,    8.1639
42928                         , 3, 50,  0.012235,   91.0177,    1.155043, 14,  40,    574,  0,   11.846435,    3.459468,   16.780359,   89.0699,    8.2830
42928                         , 3, 50,  0.012235,   91.0177,    1.155043, 14,  75,   1064,  0,   11.475103,    3.459468,   13.353636,   89.0607,    8.2780
42928                         , 3, 50,  0.012235,   91.0177,    1.155043, 14, 125,   1764,  0,   11.486437,    3.459468,   13.047508,   88.8835,    8.1586
42928                         , 3, 50,  0.012235,   91.0177,    1.155043, 14, 200,   2814,  0,   11.317633,    3.459468,   13.019972,   88.8838,    8.1587
42928                         , 3, 50,  0.012235,   91.0177,    1.155043, 14, 500,   7014,  0,   11.258548,    3.459468,   12.622700,   88.8657,    8.1483
42928                         , 3, 50,  0.012235,   91.0177,    1.155043, 20,  10,    220,  0,    9.915122,    1.838988,   19.383473,   80.4143,    7.1671
42928                         , 3, 50,  0.012235,   91.0177,    1.155043, 20,  20,    420,  1,    9.258954,    1.062856,   19.383473,   78.5663,    7.2241
42928                         , 3, 50,  0.012235,   91.0177,    1.155043, 20,  40,    820,  1,    8.216380,    1.026509,   19.383473,   77.4225,    4.1100
42928                         , 3, 50,  0.012235,   91.0177,    1.155043, 20,  75,   1520,  1,    8.201566,    0.878365,   19.383473,   77.4136,    4.1136
42928                         , 3, 50,  0.012235,   91.0177,    1.155043, 20, 125,   2520,  2,    6.273762,    0.725095,   19.383473,   76.2302,    3.1601
42928                         , 3, 50,  0.012235,   91.0177,    1.155043, 20, 200,   4020,  2,    5.637327,    0.725095,   19.383473,   75.9042,    2.9234
42928                         , 3, 50,  0.012235,   91.0177,    1.155043, 20, 500,  10020,  3,    2.658408,    0.725095,    5.148190,   75.2298,    2.0194
42928                         , 4, 47,  0.011624,   45.5089,    0.927419,  4,  10,     44,  0,   11.556366,    5.179258,   12.878228,   74.0981,    8.3928
42928                         , 4, 47,  0.011624,   45.5089,    0.927419,  4,  20,     84,  0,   11.556366,    5.179258,   12.878228,   74.0981,    8.3928
42928                         , 4, 47,  0.011624,   45.5089,    0.927419,  4,  40,    164,  0,   11.556366,    5.179258,   12.878228,   74.0981,    8.3928
42928                         , 4, 47,  0.011624,   45.5089,    0.927419,  4,  75,    304,  0,   11.556366,    5.179258,   12.878228,   74.0981,    8.3928
42928                         , 4, 47,  0.011624,   45.5089,    0.927419,  4, 125,    504,  0,   11.556366,    5.179258,   12.878228,   74.0981,    8.3928
42928                         , 4, 47,  0.011624,   45.5089,    0.927419,  4, 200,    804,  0,   11.556366,    5.179258,   12.878228,   74.0981,    8.3928
42928                         , 4, 47,  0.011624,   45.5089,    0.927419,  4, 500,   2004,  0,   11.556366,    5.179258,   12.878228,   74.0981,    8.3928
42928                         , 4, 47,  0.011624,   45.5089,    0.927419,  6,  10,     66,  0,    9.713521,    5.179258,   10.251234,   74.0691,    8.4004
42928                         , 4, 47,  0.011624,   45.5089,    0.927419,  6,  20,    126,  0,    9.713520,    5.179258,   10.251233,   74.0691,    8.4004
42928                         , 4, 47,  0.011624,   45.5089,    0.927419,  6,  40,    246,  0,    9.713519,    5.179258,   10.251233,   74.0691,    8.4004
42928                         , 4, 47,  0.011624,   45.5089,    0.927419,  6,  75,    456,  0,    9.713518,    5.179258,   10.251231,   74.0691,    8.4004
42928                         , 4, 47,  0.011624,   45.5089,    0.927419,  6, 125,    756,  0,    9.713517,    5.179258,   10.251231,   74.0691,    8.4004
42928                         , 4, 47,  0.011624,   45.5089,    0.927419,  6, 200,   1206,  0,    9.713515,    5.179258,   10.251225,   74.0691,    8.4004
42928                         , 4, 47,  0.011624,   45.5089,    0.927419,  6, 500,   3006,  0,    9.713515,    5.179258,   10.251225,   74.0691,    8.4004
42928                         , 4, 47,  0.011624,   45.5089,    0.927419,  8,  10,     88,  0,    9.410951,    5.179258,   10.242325,   77.2210,   10.5295
42928                         , 4, 47,  0.011624,   45.5089,    0.927419,  8,  20,    168,  0,    9.410942,    5.179258,   10.242281,   77.2210,   10.5295
42928                         , 4, 47,  0.011624,   45.5089,    0.927419,  8,  40,    328,  0,    9.410935,    5.179258,   10.242281,   77.2210,   10.5295
42928                         , 4, 47,  0.011624,   45.5089,    0.927419,  8,  75,    608,  0,    9.410925,    5.179258,   10.242281,   77.2210,   10.5295
42928                         , 4, 47,  0.011624,   45.5089,    0.927419,  8, 125,   1008,  0,    9.410909,    5.179258,   10.242185,   77.2210,   10.5295
42928                         , 4, 47,  0.011624,   45.5089,    0.927419,  8, 200,   1608,  0,    9.410897,    5.179258,   10.242161,   77.2210,   10.5295
42928                         , 4, 47,  0.011624,   45.5089,    0.927419,  8, 500,   4008,  0,    9.410888,    5.179258,   10.242150,   77.2210,   10.5295
42928                         , 4, 47,  0.011624,   45.5089,    0.927419, 10,  10,    110,  0,    9.398174,    5.179258,   10.234134,   77.2210,   10.5295
42928                         , 4, 47,  0.011624,   45.5089,    0.927419, 10,  20,    210,  0,    9.397706,    5.179258,   10.231692,   77.2210,   10.5295
42928                         , 4, 47,  0.011624,   45.5089,    0.927419, 10,  40,    410,  0,    9.396036,    5.179258,   10.230580,   77.2210,   10.5295
42928                         , 4, 47,  0.011624,   45.5089,    0.927419, 10,  75,    760,  0,    9.394407,    5.179258,   10.222601,   77.2210,   10.5295
42928                         , 4, 47,  0.011624,   45.5089,    0.927419, 10, 125,   1260,  0,    9.392789,    5.179258,   10.218693,   77.2210,   10.5295
42928                         , 4, 47,  0.011624,   45.5089,    0.927419, 10, 200,   2010,  0,    9.391827,    5.179258,   10.210749,   77.2210,   10.5295
42928                         , 4, 47,  0.011624,   45.5089,    0.927419, 10, 500,   5010,  0,    9.391822,    5.179258,   10.210749,   77.2210,   10.5295
42928                         , 4, 47,  0.011624,   45.5089,    0.927419, 14,  10,    154,  0,    8.368987,    3.701818,   10.290701,   78.0747,   10.4154
42928                         , 4, 47,  0.011624,   45.5089,    0.927419, 14,  20,    294,  0,    8.244967,    3.701818,   10.206312,   78.1850,   10.3244
42928                         , 4, 47,  0.011624,   45.5089,    0.927419, 14,  40,    574,  0,    8.389768,    3.701818,   10.275184,   78.1871,   10.3228
42928                         , 4, 47,  0.011624,   45.5089,    0.927419, 14,  75,   1064,  0,    8.112859,    3.701818,    9.237336,   78.1679,   10.3379
42928                         , 4, 47,  0.011624,   45.5089,    0.927419, 14, 125,   1764,  0,    8.211355,    3.701818,   10.195548,   76.0100,    9.5042
42928                         , 4, 47,  0.011624,   45.5089,    0.927419, 14, 200,   2814,  0,    8.074870,    3.701818,    9.195997,   76.0278,    9.4931
42928                         , 4, 47,  0.011624,   45.5089,    0.927419, 14, 500,   7014,  0,    8.078627,    3.701818,    9.196004,   76.0314,    9.4908
42928                         , 4, 47,  0.011624,   45.5089,    0.927419, 20,  10,    220,  0,    5.409218,    3.051582,    7.460167,   83.7620,    7.5668
42928                         , 4, 47,  0.011624,   45.5089,    0.927419, 20,  20,    420,  0,    4.357536,    2.143725,    6.736768,   81.7915,    5.8888
42928                         , 4, 47,  0.011624,   45.5089,    0.927419, 20,  40,    820,  0,    4.314164,    2.133731,    6.736768,   81.4235,    5.6595
42928                         , 4, 47,  0.011624,   45.5089,    0.927419, 20,  75,   1520,  1,    2.870487,    0.758409,    4.791602,   82.4515,    3.7145
42928                         , 4, 47,  0.011624,   45.5089,    0.927419, 20, 125,   2520,  1,    2.806540,    0.758409,    4.791602,   82.2028,    3.6578
42928                         , 4, 47,  0.011624,   45.5089,    0.927419, 20, 200,   4020,  1,    2.189569,    0.758409,    3.840022,   82.9079,    2.7066
42928                         , 4, 47,  0.011624,   45.5089,    0.927419, 20, 500,  10020,  2,    1.445546,    0.758409,    2.647263,   82.3623,    2.1811
42928                         , 5, 50,  0.012750,   22.7544,    9.090547,  4,  10,     44,  0,   40.552989,   13.386433,   91.184023,   80.3697,    5.6434
42928                         , 5, 50,  0.012750,   22.7544,    9.090547,  4,  20,     84,  0,   40.552989,   13.386433,   91.184023,   80.3697,    5.6434
42928                         , 5, 50,  0.012750,   22.7544,    9.090547,  4,  40,    164,  0,   40.552989,   13.386433,   91.184023,   80.3697,    5.6434
42928                         , 5, 50,  0.012750,   22.7544,    9.090547,  4,  75,    304,  0,   40.552989,   13.386433,   91.184023,   80.3697,    5.6434
42928                         , 5, 50,  0.012750,   22.7544,    9.090547,  4, 125,    504,  0,   40.552989,   13.386433,   91.184023,   80.3697,    5.6434
42928                         , 5, 50,  0.012750,   22.7544,    9.090547,  4, 200,    804,  0,   40.552989,   13.386433,   91.184023,   80.3697,    5.6434
42928                         , 5, 50,  0.012750,   22.7544,    9.090547,  4, 500,   2004,  0,   40.552989,   13.386433,   91.184023,   80.3697,    5.6434
42928                         , 5, 50,  0.012750,   22.7544,    9.090547,  6,  10,     66,  0,   31.172593,   13.386433,   72.977691,   83.6915,    7.9325
42928                         , 5, 50,  0.012750,   22.7544,    9.090547,  6,  20,    126,  0,   31.172593,   13.386433,   72.977691,   83.6915,    7.9325
42928                         , 5, 50,  0.012750,   22.7544,    9.090547,  6,  40,    246,  0,   31.172593,   13.386433,   72.977691,   83.6915,    7.9325
42928                         , 5, 50,  0.012750,   22.7544,    9.090547,  6,  75,    456,  0,   31.172593,   13.386433,   72.977691,   83.6915,    7.9325
42928                         , 5, 50,  0.012750,   22.7544,    9.090547,  6, 125,    756,  0,   31.172593,   13.386433,   72.977691,   83.6915,    7.9325
42928                         , 5, 50,  0.012750,   22.7544,    9.090547,  6, 200,   1206,  0,   31.172593,   13.386433,   72.977691,   83.6915,    7.9325
42928                         , 5, 50,  0.012750,   22.7544,    9.090547,  6, 500,   3006,  0,   31.172593,   13.386433,   72.977691,   83.6915,    7.9325
42928                         , 5, 50,  0.012750,   22.7544,    9.090547,  8,  10,     88,  1,   22.461323,    9.507280,   51.140599,   85.7714,    7.7326
42928                         , 5, 50,  0.012750,   22.7544,    9.090547,  8,  20,    168,  1,   22.461323,    9.507280,   51.140599,   85.7714,    7.7326
42928                         , 5, 50,  0.012750,   22.7544,    9.090547,  8,  40,    328,  1,   22.461323,    9.507280,   51.140599,   85.7714,    7.7326
42928                         , 5, 50,  0.012750,   22.7544,    9.090547,  8,  75,    608,  1,   22.461323,    9.507280,   51.140599,   85.7714,    7.7326
42928                         , 5, 50,  0.012750,   22.7544,    9.090547,  8, 125,   1008,  1,   22.461323,    9.507280,   51.140599,   85.7714,    7.7326
42928                         , 5, 50,  0.012750,   22.7544,    9.090547,  8, 200,   1608,  1,   22.461323,    9.507280,   51.140599,   85.7714,    7.7326
42928                         , 5, 50,  0.012750,   22.7544,    9.090547,  8, 500,   4008,  1,   22.461323,    9.507280,   51.140599,   85.7714,    7.7326
42928                         , 5, 50,  0.012750,   22.7544,    9.090547, 10,  10,    110,  1,   21.236954,    9.507280,   51.140599,   87.0862,    7.7895
42928                         , 5, 50,  0.012750,   22.7544,    9.090547, 10,  20,    210,  1,   21.236954,    9.507280,   51.140599,   87.0862,    7.7895
42928                         , 5, 50,  0.012750,   22.7544,    9.090547, 10,  40,    410,  1,   21.236954,    9.507280,   51.140599,   87.0862,    7.7895
42928                         , 5, 50,  0.012750,   22.7544,    9.090547, 10,  75,    760,  1,   21.236954,    9.507280,   51.140599,   87.0862,    7.7895
42928                         , 5, 50,  0.012750,   22.7544,    9.090547, 10, 125,   1260,  1,   21.236954,    9.507280,   51.140599,   87.0862,    7.7895
42928                         , 5, 50,  0.012750,   22.7544,    9.090547, 10, 200,   2010,  1,   21.236954,    9.507280,   51.140599,   87.0862,    7.7895
42928                         , 5, 50,  0.012750,   22.7544,    9.090547, 10, 500,   5010,  1,   21.236954,    9.507280,   51.140599,   87.0862,    7.7895
42928                         , 5, 50,  0.012750,   22.7544,    9.090547, 14,  10,    154,  5,   10.658565,    9.020167,   13.696161,   91.2013,    1.7807
42928                         , 5, 50,  0.012750,   22.7544,    9.090547, 14,  20,    294,  4,   10.158346,    9.020605,   13.696161,   92.4655,    0.4904
42928                         , 5, 50,  0.012750,   22.7544,    9.090547, 14,  40,    574, 10,    9.077136,    9.020019,    9.434860,   92.3020,    0.0000
42928                         , 5, 50,  0.012750,   22.7544,    9.090547, 14,  75,   1064,  9,    9.145440,    9.017887,    9.664103,   92.3020,    0.0000
42928                         , 5, 50,  0.012750,   22.7544,    9.090547, 14, 125,   1764,  9,    9.198573,    9.019057,   10.756493,   92.3020,    0.0000
42928                         , 5, 50,  0.012750,   22.7544,    9.090547, 14, 200,   2814, 10,    9.076536,    9.017874,    9.500015,   92.3020,    0.0000
42928                         , 5, 50,  0.012750,   22.7544,    9.090547, 14, 500,   7014, 10,    9.020063,    9.016585,    9.022881,   92.3020,    0.0000
42928                         , 5, 50,  0.012750,   22.7544,    9.090547, 20,  10,    220,  1,   14.395022,    9.310254,   29.561822,   87.6525,    5.4636
42928                         , 5, 50,  0.012750,   22.7544,    9.090547, 20,  20,    420,  2,   13.984029,    8.651290,   29.561822,   88.2045,    5.0930
42928                         , 5, 50,  0.012750,   22.7544,    9.090547, 20,  40,    820,  3,   12.895045,    8.395411,   24.096072,   89.0166,    4.9908
42928                         , 5, 50,  0.012750,   22.7544,    9.090547, 20,  75,   1520,  4,   11.350744,    8.395411,   16.527664,   90.6409,    3.0374
42928                         , 5, 50,  0.012750,   22.7544,    9.090547, 20, 125,   2520,  5,   10.494625,    8.395411,   14.639015,   91.6259,    2.3814
42928                         , 5, 50,  0.012750,   22.7544,    9.090547, 20, 200,   4020,  6,    9.247342,    8.044668,   11.890631,   92.6237,    1.4515
42928                         , 5, 50,  0.012750,   22.7544,    9.090547, 20, 500,  10020,  8,    8.711402,    8.044668,   10.038528,   93.2342,    0.4964
42928                         , 6, 47,  0.014819,   34.1317,    4.043972,  4,  10,     44,  0,   16.763494,    7.141683,   17.832585,   93.0801,    1.4704
42928                         , 6, 47,  0.014819,   34.1317,    4.043972,  4,  20,     84,  0,   16.763494,    7.141683,   17.832585,   93.0801,    1.4704
42928                         , 6, 47,  0.014819,   34.1317,    4.043972,  4,  40,    164,  0,   16.763494,    7.141683,   17.832584,   93.0801,    1.4704
42928                         , 6, 47,  0.014819,   34.1317,    4.043972,  4,  75,    304,  0,   16.763494,    7.141683,   17.832584,   93.0801,    1.4704
42928                         , 6, 47,  0.014819,   34.1317,    4.043972,  4, 125,    504,  0,   16.763494,    7.141683,   17.832584,   93.0801,    1.4704
42928                         , 6, 47,  0.014819,   34.1317,    4.043972,  4, 200,    804,  0,   16.763494,    7.141683,   17.832584,   93.0801,    1.4704
42928                         , 6, 47,  0.014819,   34.1317,    4.043972,  4, 500,   2004,  0,   16.763494,    7.141683,   17.832584,   93.0801,    1.4704
42928                         , 6, 47,  0.014819,   34.1317,    4.043972,  6,  10,     66,  0,   15.624354,    6.441348,   17.832573,   93.7764,    2.4172
42928                         , 6, 47,  0.014819,   34.1317,    4.043972,  6,  20,    126,  0,   15.624353,    6.441348,   17.832572,   93.7764,    2.4172
42928                         , 6, 47,  0.014819,   34.1317,    4.043972,  6,  40,    246,  0,   15.624351,    6.441348,   17.832571,   93.7764,    2.4172
42928                         , 6, 47,  0.014819,   34.1317,    4.043972,  6,  75,    456,  0,   15.624351,    6.441348,   17.832571,   93.7764,    2.4172
42928                         , 6, 47,  0.014819,   34.1317,    4.043972,  6, 125,    756,  0,   15.624349,    6.441348,   17.832565,   93.7764,    2.4172
42928                         , 6, 47,  0.014819,   34.1317,    4.043972,  6, 200,   1206,  0,   15.624349,    6.441348,   17.832565,   93.7764,    2.4172
42928                         , 6, 47,  0.014819,   34.1317,    4.043972,  6, 500,   3006,  0,   15.624347,    6.441348,   17.832555,   93.7764,    2.4172
42928                         , 6, 47,  0.014819,   34.1317,    4.043972,  8,  10,     88,  0,   14.777003,    6.441348,   17.832110,   94.1834,    2.5235
42928                         , 6, 47,  0.014819,   34.1317,    4.043972,  8,  20,    168,  0,   14.776897,    6.441348,   17.832110,   94.1834,    2.5235
42928                         , 6, 47,  0.014819,   34.1317,    4.043972,  8,  40,    328,  0,   14.776925,    6.441348,   17.832110,   94.1834,    2.5235
42928                         , 6, 47,  0.014819,   34.1317,    4.043972,  8,  75,    608,  0,   14.776897,    6.441348,   17.832110,   94.1834,    2.5235
42928                         , 6, 47,  0.014819,   34.1317,    4.043972,  8, 125,   1008,  0,   14.776772,    6.441348,   17.831371,   94.1834,    2.5235
42928                         , 6, 47,  0.014819,   34.1317,    4.043972,  8, 200,   1608,  0,   14.776690,    6.441348,   17.831038,   94.1834,    2.5235
42928                         , 6, 47,  0.014819,   34.1317,    4.043972,  8, 500,   4008,  0,   14.776654,    6.441348,   17.830979,   94.1834,    2.5235
42928                         , 6, 47,  0.014819,   34.1317,    4.043972, 10,  10,    110,  0,   14.788063,    6.441348,   17.868667,   94.1834,    2.5235
42928                         , 6, 47,  0.014819,   34.1317,    4.043972, 10,  20,    210,  0,   14.785600,    6.441348,   17.868667,   94.1834,    2.5235
42928                         , 6, 47,  0.014819,   34.1317,    4.043972, 10,  40,    410,  0,   14.782119,    6.441348,   17.848041,   94.1834,    2.5235
42928                         , 6, 47,  0.014819,   34.1317,    4.043972, 10,  75,    760,  0,   14.780944,    6.441348,   17.848001,   94.1834,    2.5235
42928                         , 6, 47,  0.014819,   34.1317,    4.043972, 10, 125,   1260,  0,   14.777032,    6.441348,   17.835236,   94.1834,    2.5235
42928                         , 6, 47,  0.014819,   34.1317,    4.043972, 10, 200,   2010,  0,   14.776479,    6.441348,   17.833732,   94.1834,    2.5235
42928                         , 6, 47,  0.014819,   34.1317,    4.043972, 10, 500,   5010,  0,   14.775884,    6.441348,   17.831265,   94.1834,    2.5235
42928                         , 6, 47,  0.014819,   34.1317,    4.043972, 14,  10,    154,  0,   10.171803,    4.701028,   18.917991,   96.6886,    2.5846
42928                         , 6, 47,  0.014819,   34.1317,    4.043972, 14,  20,    294,  3,    8.939649,    4.183780,   18.917991,   96.6354,    3.4763
42928                         , 6, 47,  0.014819,   34.1317,    4.043972, 14,  40,    574,  2,    9.194543,    4.193731,   17.180486,   95.3941,    4.3386
42928                         , 6, 47,  0.014819,   34.1317,    4.043972, 14,  75,   1064,  1,    7.870601,    4.237883,   14.926615,   95.7684,    2.6550
42928                         , 6, 47,  0.014819,   34.1317,    4.043972, 14, 125,   1764,  0,    7.988569,    4.629186,   12.160281,   96.8887,    2.2885
42928                         , 6, 47,  0.014819,   34.1317,    4.043972, 14, 200,   2814,  1,    7.194816,    4.157182,   14.337685,   96.6084,    4.2208
42928                         , 6, 47,  0.014819,   34.1317,    4.043972, 14, 500,   7014,  4,    4.750456,    4.171344,    5.381053,   98.4206,    0.7856
42928                         , 6, 47,  0.014819,   34.1317,    4.043972, 20,  10,    220,  0,    9.988338,    4.420465,   24.204314,   92.6123,    7.6864
42928                         , 6, 47,  0.014819,   34.1317,    4.043972, 20,  20,    420,  0,    9.733126,    4.420465,   24.204314,   93.0452,    7.7640
42928                         , 6, 47,  0.014819,   34.1317,    4.043972, 20,  40,    820,  0,    8.490593,    4.420465,   17.390410,   94.7156,    5.2642
42928                         , 6, 47,  0.014819,   34.1317,    4.043972, 20,  75,   1520,  1,    7.687141,    3.798155,   17.307422,   95.3548,    5.4157
42928                         , 6, 47,  0.014819,   34.1317,    4.043972, 20, 125,   2520,  1,    7.609460,    3.798155,   17.307422,   95.2599,    5.5021
42928                         , 6, 47,  0.014819,   34.1317,    4.043972, 20, 200,   4020,  2,    6.852994,    3.798155,   17.307422,   96.4230,    5.3724
42928                         , 6, 47,  0.014819,   34.1317,    4.043972, 20, 500,  10020,  2,    4.780510,    3.798155,    5.894461,   98.8251,    0.6655
42928                         , 7, 37,  0.030033,   51.1975,    2.242350,  4,  10,     44,  0,   17.084604,   14.267292,   17.397640,   61.7810,    0.4772
42928                         , 7, 37,  0.030033,   51.1975,    2.242350,  4,  20,     84,  0,   17.084604,   14.267292,   17.397639,   61.7810,    0.4772
42928                         , 7, 37,  0.030033,   51.1975,    2.242350,  4,  40,    164,  0,   17.084604,   14.267292,   17.397639,   61.7810,    0.4772
42928                         , 7, 37,  0.030033,   51.1975,    2.242350,  4,  75,    304,  0,   17.084604,   14.267292,   17.397639,   61.7810,    0.4772
42928                         , 7, 37,  0.030033,   51.1975,    2.242350,  4, 125,    504,  0,   17.084604,   14.267292,   17.397639,   61.7810,    0.4772
42928                         , 7, 37,  0.030033,   51.1975,    2.242350,  4, 200,    804,  0,   17.084604,   14.267292,   17.397639,   61.7810,    0.4772
42928                         , 7, 37,  0.030033,   51.1975,    2.242350,  4, 500,   2004,  0,   17.084604,   14.267292,   17.397638,   61.7810,    0.4772
42928                         , 7, 37,  0.030033,   51.1975,    2.242350,  6,  10,     66,  0,   17.084612,   14.267292,   17.397658,   61.7810,    0.4772
42928                         , 7, 37,  0.030033,   51.1975,    2.242350,  6,  20,    126,  0,   17.084610,   14.267292,   17.397658,   61.7810,    0.4772
42928                         , 7, 37,  0.030033,   51.1975,    2.242350,  6,  40,    246,  0,   17.084607,   14.267292,   17.397654,   61.7810,    0.4772
42928                         , 7, 37,  0.030033,   51.1975,    2.242350,  6,  75,    456,  0,   17.084606,   14.267292,   17.397654,   61.7810,    0.4772
42928                         , 7, 37,  0.030033,   51.1975,    2.242350,  6, 125,    756,  0,   17.084605,   14.267292,   17.397644,   61.7810,    0.4772
42928                         , 7, 37,  0.030033,   51.1975,    2.242350,  6, 200,   1206,  0,   17.084604,   14.267292,   17.397642,   61.7810,    0.4772
42928                         , 7, 37,  0.030033,   51.1975,    2.242350,  6, 500,   3006,  0,   17.084603,   14.267292,   17.397638,   61.7810,    0.4772
42928                         , 7, 37,  0.030033,   51.1975,    2.242350,  8,  10,     88,  0,   17.058600,   14.267292,   17.396658,   62.9612,    3.6248
42928                         , 7, 37,  0.030033,   51.1975,    2.242350,  8,  20,    168,  0,   17.058459,   14.267292,   17.396658,   62.9612,    3.6248
42928                         , 7, 37,  0.030033,   51.1975,    2.242350,  8,  40,    328,  0,   17.058329,   14.267292,   17.396658,   62.9612,    3.6248
42928                         , 7, 37,  0.030033,   51.1975,    2.242350,  8,  75,    608,  0,   17.058280,   14.267292,   17.395568,   62.9612,    3.6248
42928                         , 7, 37,  0.030033,   51.1975,    2.242350,  8, 125,   1008,  0,   17.058191,   14.267292,   17.395568,   62.9612,    3.6248
42928                         , 7, 37,  0.030033,   51.1975,    2.242350,  8, 200,   1608,  0,   17.058022,   14.267292,   17.395568,   62.9612,    3.6248
42928                         , 7, 37,  0.030033,   51.1975,    2.242350,  8, 500,   4008,  0,   17.057724,   14.267292,   17.394499,   62.9612,    3.6248
42928                         , 7, 37,  0.030033,   51.1975,    2.242350, 10,  10,    110,  0,   17.022037,   14.267292,   17.399574,   62.9612,    3.6248
42928                         , 7, 37,  0.030033,   51.1975,    2.242350, 10,  20,    210,  0,   17.016426,   14.267292,   17.384419,   62.9612,    3.6248
42928                         , 7, 37,  0.030033,   51.1975,    2.242350, 10,  40,    410,  0,   17.014055,   14.267292,   17.382238,   62.9612,    3.6248
42928                         , 7, 37,  0.030033,   51.1975,    2.242350, 10,  75,    760,  0,   17.002984,   14.267292,   17.353505,   62.9612,    3.6248
42928                         , 7, 37,  0.030033,   51.1975,    2.242350, 10, 125,   1260,  0,   16.998519,   14.267292,   17.337888,   62.9612,    3.6248
42928                         , 7, 37,  0.030033,   51.1975,    2.242350, 10, 200,   2010,  0,   16.996965,   14.267292,   17.322348,   62.9612,    3.6248
42928                         , 7, 37,  0.030033,   51.1975,    2.242350, 10, 500,   5010,  0,   16.996091,   14.267292,   17.319044,   62.9612,    3.6248
42928                         , 7, 37,  0.030033,   51.1975,    2.242350, 14,  10,    154,  0,    6.310431,    2.515322,   16.137875,   62.2591,    0.1819
42928                         , 7, 37,  0.030033,   51.1975,    2.242350, 14,  20,    294,  0,    3.185922,    2.515322,    7.574348,   62.2591,    0.1819
42928                         , 7, 37,  0.030033,   51.1975,    2.242350, 14,  40,    574,  0,    2.630748,    2.515322,    2.727556,   62.2591,    0.1819
42928                         , 7, 37,  0.030033,   51.1975,    2.242350, 14,  75,   1064,  0,    2.640916,    2.515322,    2.718881,   62.2988,    0.1944
42928                         , 7, 37,  0.030033,   51.1975,    2.242350, 14, 125,   1764,  0,    2.598949,    2.505427,    2.689103,   62.3385,    0.1984
42928                         , 7, 37,  0.030033,   51.1975,    2.242350, 14, 200,   2814,  0,    2.581062,    2.515322,    2.696299,   62.4575,    0.1587
42928                         , 7, 37,  0.030033,   51.1975,    2.242350, 14, 500,   7014,  0,    2.538973,    2.504141,    2.591728,   62.5369,    0.0000
42928                         , 7, 37,  0.030033,   51.1975,    2.242350, 20,  10,    220,  0,   14.838381,    2.476004,   34.448866,   71.9203,    9.8973
42928                         , 7, 37,  0.030033,   51.1975,    2.242350, 20,  20,    420,  0,   13.287435,    2.476004,   26.380019,   70.4339,    6.7846
42928                         , 7, 37,  0.030033,   51.1975,    2.242350, 20,  40,    820,  1,   12.265377,    2.176363,   25.193873,   67.5557,    8.1074
42928                         , 7, 37,  0.030033,   51.1975,    2.242350, 20,  75,   1520,  2,    8.335025,    2.039853,   25.193873,   68.7208,    6.5661
42928                         , 7, 37,  0.030033,   51.1975,    2.242350, 20, 125,   2520,  2,    6.573844,    2.039853,   25.193873,   67.5567,    6.1297
42928                         , 7, 37,  0.030033,   51.1975,    2.242350, 20, 200,   4020,  3,    4.264139,    2.039853,   19.275711,   64.7040,    2.6480
42928                         , 7, 37,  0.030033,   51.1975,    2.242350, 20, 500,  10020,  5,    2.287638,    1.754040,    3.110101,   64.0789,    0.9080
42928                         , 8, 39,  0.069029,   76.7962,  133.050883,  4,  10,     44,  0,  185.799118,  185.799118,  185.799118,  105.3849,    0.0000
42928                         , 8, 39,  0.069029,   76.7962,  133.050883,  4,  20,     84,  0,  185.799118,  185.799118,  185.799118,  105.3849,    0.0000
42928                         , 8, 39,  0.069029,   76.7962,  133.050883,  4,  40,    164,  0,  185.799118,  185.799117,  185.799118,  105.3849,    0.0000
42928                         , 8, 39,  0.069029,   76.7962,  133.050883,  4,  75,    304,  0,  185.799118,  185.799117,  185.799118,  105.3849,    0.0000
42928                         , 8, 39,  0.069029,   76.7962,  133.050883,  4, 125,    504,  0,  185.799118,  185.799117,  185.799118,  105.3849,    0.0000
42928                         , 8, 39,  0.069029,   76.7962,  133.050883,  4, 200,    804,  0,  185.799118,  185.799117,  185.799118,  105.3849,    0.0000
42928                         , 8, 39,  0.069029,   76.7962,  133.050883,  4, 500,   2004,  0,  185.799118,  185.799117,  185.799118,  105.3849,    0.0000
42928                         , 8, 39,  0.069029,   76.7962,  133.050883,  6,  10,     66,  0,  181.832357,  153.783121,  185.799113,  107.1011,    4.2599
42928                         , 8, 39,  0.069029,   76.7962,  133.050883,  6,  20,    126,  0,  181.832357,  153.783121,  185.799113,  107.1011,    4.2599
42928                         , 8, 39,  0.069029,   76.7962,  133.050883,  6,  40,    246,  0,  181.832357,  153.783121,  185.799113,  107.1011,    4.2599
42928                         , 8, 39,  0.069029,   76.7962,  133.050883,  6,  75,    456,  0,  181.832356,  153.783121,  185.799108,  107.1011,    4.2599
42928                         , 8, 39,  0.069029,   76.7962,  133.050883,  6, 125,    756,  0,  181.832356,  153.783121,  185.799108,  107.1011,    4.2599
42928                         , 8, 39,  0.069029,   76.7962,  133.050883,  6, 200,   1206,  0,  181.832356,  153.783121,  185.799107,  107.1011,    4.2599
42928                         , 8, 39,  0.069029,   76.7962,  133.050883,  6, 500,   3006,  0,  181.832356,  153.783121,  185.799107,  107.1011,    4.2599
42928                         , 8, 39,  0.069029,   76.7962,  133.050883,  8,  10,     88,  0,  181.553084,  153.783121,  185.450132,  107.1049,    4.2584
42928                         , 8, 39,  0.069029,   76.7962,  133.050883,  8,  20,    168,  0,  181.553039,  153.783121,  185.450097,  107.1049,    4.2584
42928                         , 8, 39,  0.069029,   76.7962,  133.050883,  8,  40,    328,  0,  181.553017,  153.783121,  185.450020,  107.1049,    4.2584
42928                         , 8, 39,  0.069029,   76.7962,  133.050883,  8,  75,    608,  0,  181.553013,  153.783121,  185.450020,  107.1049,    4.2584
42928                         , 8, 39,  0.069029,   76.7962,  133.050883,  8, 125,   1008,  0,  181.553013,  153.783121,  185.450020,  107.1049,    4.2584
42928                         , 8, 39,  0.069029,   76.7962,  133.050883,  8, 200,   1608,  0,  181.553006,  153.783121,  185.449950,  107.1049,    4.2584
42928                         , 8, 39,  0.069029,   76.7962,  133.050883,  8, 500,   4008,  0,  181.553001,  153.783121,  185.449923,  107.1049,    4.2584
42928                         , 8, 39,  0.069029,   76.7962,  133.050883, 10,  10,    110,  0,  181.548899,  153.783121,  185.463720,  107.1049,    4.2584
42928                         , 8, 39,  0.069029,   76.7962,  133.050883, 10,  20,    210,  0,  181.546670,  153.783121,  185.450592,  107.1049,    4.2584
42928                         , 8, 39,  0.069029,   76.7962,  133.050883, 10,  40,    410,  0,  181.546670,  153.783121,  185.450592,  107.1049,    4.2584
42928                         , 8, 39,  0.069029,   76.7962,  133.050883, 10,  75,    760,  0,  181.545236,  153.783121,  185.447205,  107.1049,    4.2584
42928                         , 8, 39,  0.069029,   76.7962,  133.050883, 10, 125,   1260,  0,  181.543772,  153.783121,  185.443947,  107.1049,    4.2584
42928                         , 8, 39,  0.069029,   76.7962,  133.050883, 10, 200,   2010,  0,  181.541823,  153.783121,  185.440448,  107.1049,    4.2584
42928                         , 8, 39,  0.069029,   76.7962,  133.050883, 10, 500,   5010,  0,  181.540856,  153.783121,  185.436142,  107.1049,    4.2584
42928                         , 8, 39,  0.069029,   76.7962,  133.050883, 14,  10,    154,  0,  179.912255,  153.783121,  185.103491,  108.1134,    4.8554
42928                         , 8, 39,  0.069029,   76.7962,  133.050883, 14,  20,    294,  0,  179.935761,  153.783121,  184.805039,  108.1279,    4.8473
42928                         , 8, 39,  0.069029,   76.7962,  133.050883, 14,  40,    574,  0,  179.730135,  153.783121,  184.805039,  108.1204,    4.8515
42928                         , 8, 39,  0.069029,   76.7962,  133.050883, 14,  75,   1064,  0,  179.557317,  153.783121,  183.995077,  108.1199,    4.8518
42928                         , 8, 39,  0.069029,   76.7962,  133.050883, 14, 125,   1764,  0,  179.516639,  153.783121,  183.953153,  108.1274,    4.8476
42928                         , 8, 39,  0.069029,   76.7962,  133.050883, 14, 200,   2814,  0,  179.482592,  153.783121,  183.995077,  108.1349,    4.8434
42928                         , 8, 39,  0.069029,   76.7962,  133.050883, 14, 500,   7014,  0,  179.441858,  153.783121,  184.207203,  108.1424,    4.8392
42928                         , 8, 39,  0.069029,   76.7962,  133.050883, 20,  10,    220,  1,  166.547850,  136.514663,  209.857065,  114.0849,    6.8388
42928                         , 8, 39,  0.069029,   76.7962,  133.050883, 20,  20,    420,  3,  160.060401,  133.107531,  209.857065,  116.2057,    6.3040
42928                         , 8, 39,  0.069029,   76.7962,  133.050883, 20,  40,    820,  4,  152.454324,  133.107531,  185.953322,  118.0085,    3.5118
42928                         , 8, 39,  0.069029,   76.7962,  133.050883, 20,  75,   1520,  5,  149.456004,  132.577262,  185.953322,  118.7835,    3.4016
42928                         , 8, 39,  0.069029,   76.7962,  133.050883, 20, 125,   2520,  7,  145.136910,  132.577262,  185.953322,  119.0577,    3.4490
42928                         , 8, 39,  0.069029,   76.7962,  133.050883, 20, 200,   4020,  7,  145.082992,  132.038078,  185.953322,  119.0636,    3.4524
42928                         , 8, 39,  0.069029,   76.7962,  133.050883, 20, 500,  10020,  8,  140.498904,  131.802011,  185.953322,  120.4711,    0.7427
35497                         , 1, 27,  0.000785,  130.6845,    1.539968,  4,  10,     44,  0,    2.887299,    2.887299,    2.887300,   63.2574,    0.0000
35497                         , 1, 27,  0.000785,  130.6845,    1.539968,  4,  20,     84,  0,    2.887299,    2.887299,    2.887300,   63.2574,    0.0000
35497                         , 1, 27,  0.000785,  130.6845,    1.539968,  4,  40,    164,  0,    2.887299,    2.887299,    2.887300,   63.2574,    0.0000
35497                         , 1, 27,  0.000785,  130.6845,    1.539968,  4,  75,    304,  0,    2.887299,    2.887299,    2.887300,   63.2574,    0.0000
35497                         , 1, 27,  0.000785,  130.6845,    1.539968,  4, 125,    504,  0,    2.887299,    2.887299,    2.887300,   63.2574,    0.0000
35497                         , 1, 27,  0.000785,  130.6845,    1.539968,  4, 200,    804,  0,    2.887299,    2.887299,    2.887300,   63.2574,    0.0000
35497                         , 1, 27,  0.000785,  130.6845,    1.539968,  4, 500,   2004,  0,    2.887299,    2.887299,    2.887299,   63.2574,    0.0000
35497                         , 1, 27,  0.000785,  130.6845,    1.539968,  6,  10,     66,  0,    2.887300,    2.887299,    2.887301,   63.2574,    0.0000
35497                         , 1, 27,  0.000785,  130.6845,    1.539968,  6,  20,    126,  0,    2.887300,    2.887299,    2.887301,   63.2574,    0.0000
35497                         , 1, 27,  0.000785,  130.6845,    1.539968,  6,  40,    246,  0,    2.887300,    2.887299,    2.887301,   63.2574,    0.0000
35497                         , 1, 27,  0.000785,  130.6845,    1.539968,  6,  75,    456,  0,    2.887299,    2.887299,    2.887300,   63.2574,    0.0000
35497                         , 1, 27,  0.000785,  130.6845,    1.539968,  6, 125,    756,  0,    2.887299,    2.887298,    2.887300,   63.2574,    0.0000
35497                         , 1, 27,  0.000785,  130.6845,    1.539968,  6, 200,   1206,  0,    2.887299,    2.887298,    2.887300,   63.2574,    0.0000
35497                         , 1, 27,  0.000785,  130.6845,    1.539968,  6, 500,   3006,  0,    2.887298,    2.887298,    2.887299,   63.2574,    0.0000
35497                         , 1, 27,  0.000785,  130.6845,    1.539968,  8,  10,     88,  0,    2.887318,    2.887285,    2.887352,   63.2574,    0.0000
35497                         , 1, 27,  0.000785,  130.6845,    1.539968,  8,  20,    168,  0,    2.887320,    2.887285,    2.887351,   63.2574,    0.0000
35497                         , 1, 27,  0.000785,  130.6845,    1.539968,  8,  40,    328,  0,    2.887318,    2.887285,    2.887351,   63.2574,    0.0000
35497                         , 1, 27,  0.000785,  130.6845,    1.539968,  8,  75,    608,  0,    2.887310,    2.887265,    2.887351,   63.2574,    0.0000
35497                         , 1, 27,  0.000785,  130.6845,    1.539968,  8, 125,   1008,  0,    2.887298,    2.887265,    2.887327,   63.2574,    0.0000
35497                         , 1, 27,  0.000785,  130.6845,    1.539968,  8, 200,   1608,  0,    2.887278,    2.887238,    2.887319,   63.2574,    0.0000
35497                         , 1, 27,  0.000785,  130.6845,    1.539968,  8, 500,   4008,  0,    2.887260,    2.887238,    2.887298,   63.2574,    0.0000
35497                         , 1, 27,  0.000785,  130.6845,    1.539968, 10,  10,    110,  0,    2.887697,    2.886107,    2.890442,   63.2570,    0.0008
35497                         , 1, 27,  0.000785,  130.6845,    1.539968, 10,  20,    210,  0,    2.887373,    2.886007,    2.889360,   63.2568,    0.0009
35497                         , 1, 27,  0.000785,  130.6845,    1.539968, 10,  40,    410,  0,    2.887193,    2.885843,    2.888851,   63.2566,    0.0010
35497                         , 1, 27,  0.000785,  130.6845,    1.539968, 10,  75,    760,  0,    2.887045,    2.885722,    2.888851,   63.2566,    0.0010
35497                         , 1, 27,  0.000785,  130.6845,    1.539968, 10, 125,   1260,  0,    2.886389,    2.885705,    2.886937,   63.2568,    0.0009
35497                         , 1, 27,  0.000785,  130.6845,    1.539968, 10, 200,   2010,  0,    2.886164,    2.885705,    2.886790,   63.2568,    0.0009
35497                         , 1, 27,  0.000785,  130.6845,    1.539968, 10, 500,   5010,  0,    2.885825,    2.885705,    2.886393,   63.2566,    0.0010
35497                         , 1, 27,  0.000785,  130.6845,    1.539968, 14,  10,    154,  0,    2.474919,    1.846489,    2.903534,   64.0470,    1.5793
35497                         , 1, 27,  0.000785,  130.6845,    1.539968, 14,  20,    294,  0,    2.484132,    2.333053,    2.674924,   64.4417,    1.8095
35497                         , 1, 27,  0.000785,  130.6845,    1.539968, 14,  40,    574,  0,    2.501928,    2.333053,    2.677866,   63.6522,    1.1845
35497                         , 1, 27,  0.000785,  130.6845,    1.539968, 14,  75,   1064,  2,    2.302523,    1.604450,    2.585065,   64.4419,    1.8094
35497                         , 1, 27,  0.000785,  130.6845,    1.539968, 14, 125,   1764,  4,    1.964172,    1.594308,    2.487026,   65.6264,    1.9343
35497                         , 1, 27,  0.000785,  130.6845,    1.539968, 14, 200,   2814,  6,    1.770080,    1.603965,    2.486554,   66.8109,    1.1845
35497                         , 1, 27,  0.000785,  130.6845,    1.539968, 14, 500,   7014, 10,    1.604506,    1.600926,    1.606178,   67.2057,    0.0000
35497                         , 1, 27,  0.000785,  130.6845,    1.539968, 20,  10,    220,  2,    3.450986,    1.511836,    4.810401,   78.2645,    9.9302
35497                         , 1, 27,  0.000785,  130.6845,    1.539968, 20,  20,    420,  2,    3.449296,    1.511836,    4.810401,   78.2643,    9.9301
35497                         , 1, 27,  0.000785,  130.6845,    1.539968, 20,  40,    820,  2,    3.148560,    1.511836,    4.810401,   78.0663,    8.8714
35497                         , 1, 27,  0.000785,  130.6845,    1.539968, 20,  75,   1520,  2,    3.068773,    1.511836,    4.810401,   75.2548,    9.3026
35497                         , 1, 27,  0.000785,  130.6845,    1.539968, 20, 125,   2520,  2,    2.855523,    1.511836,    4.810401,   71.8173,    9.1101
35497                         , 1, 27,  0.000785,  130.6845,    1.539968, 20, 200,   4020,  4,    1.960919,    0.999696,    3.316037,   69.8571,    5.9967
35497                         , 1, 27,  0.000785,  130.6845,    1.539968, 20, 500,  10020,  7,    1.395243,    0.916327,    1.985862,   71.0236,    2.5537
35497                         , 2, 36,  0.001499,  130.6845,   12.361606,  4,  10,     44,  0,   32.895801,   14.535956,   46.317847,  115.4793,    7.9285
35497                         , 2, 36,  0.001499,  130.6845,   12.361606,  4,  20,     84,  0,   32.895801,   14.535956,   46.317847,  115.4793,    7.9285
35497                         , 2, 36,  0.001499,  130.6845,   12.361606,  4,  40,    164,  0,   32.895801,   14.535956,   46.317847,  115.4793,    7.9285
35497                         , 2, 36,  0.001499,  130.6845,   12.361606,  4,  75,    304,  0,   32.895801,   14.535956,   46.317846,  115.4793,    7.9285
35497                         , 2, 36,  0.001499,  130.6845,   12.361606,  4, 125,    504,  0,   32.895801,   14.535956,   46.317846,  115.4793,    7.9285
35497                         , 2, 36,  0.001499,  130.6845,   12.361606,  4, 200,    804,  0,   32.895801,   14.535956,   46.317846,  115.4793,    7.9285
35497                         , 2, 36,  0.001499,  130.6845,   12.361606,  4, 500,   2004,  0,   32.895801,   14.535956,   46.317846,  115.4793,    7.9285
35497                         , 2, 36,  0.001499,  130.6845,   12.361606,  6,  10,     66,  0,   25.037712,   14.535956,   46.317834,  114.7150,   17.3700
35497                         , 2, 36,  0.001499,  130.6845,   12.361606,  6,  20,    126,  0,   25.037712,   14.535956,   46.317834,  114.7150,   17.3700
35497                         , 2, 36,  0.001499,  130.6845,   12.361606,  6,  40,    246,  0,   25.037712,   14.535956,   46.317834,  114.7150,   17.3700
35497                         , 2, 36,  0.001499,  130.6845,   12.361606,  6,  75,    456,  0,   25.037712,   14.535956,   46.317834,  114.7150,   17.3700
35497                         , 2, 36,  0.001499,  130.6845,   12.361606,  6, 125,    756,  0,   25.037712,   14.535956,   46.317834,  114.7150,   17.3700
35497                         , 2, 36,  0.001499,  130.6845,   12.361606,  6, 200,   1206,  0,   25.037712,   14.535956,   46.317834,  114.7150,   17.3700
35497                         , 2, 36,  0.001499,  130.6845,   12.361606,  6, 500,   3006,  0,   25.037712,   14.535956,   46.317834,  114.7150,   17.3700
35497                         , 2, 36,  0.001499,  130.6845,   12.361606,  8,  10,     88,  0,   24.725267,   14.535956,   46.318103,  117.4613,   17.1465
35497                         , 2, 36,  0.001499,  130.6845,   12.361606,  8,  20,    168,  0,   24.725267,   14.535956,   46.318103,  117.4613,   17.1465
35497                         , 2, 36,  0.001499,  130.6845,   12.361606,  8,  40,    328,  0,   24.725264,   14.535956,   46.318075,  117.4613,   17.1465
35497                         , 2, 36,  0.001499,  130.6845,   12.361606,  8,  75,    608,  0,   24.725254,   14.535956,   46.317970,  117.4613,   17.1465
35497                         , 2, 36,  0.001499,  130.6845,   12.361606,  8, 125,   1008,  0,   24.725254,   14.535956,   46.317970,  117.4613,   17.1465
35497                         , 2, 36,  0.001499,  130.6845,   12.361606,  8, 200,   1608,  0,   24.725242,   14.535956,   46.317856,  117.4613,   17.1465
35497                         , 2, 36,  0.001499,  130.6845,   12.361606,  8, 500,   4008,  0,   24.725242,   14.535956,   46.317856,  117.4613,   17.1465
35497                         , 2, 36,  0.001499,  130.6845,   12.361606, 10,  10,    110,  0,   23.772657,   14.535956,   38.554905,  112.5532,   21.7865
35497                         , 2, 36,  0.001499,  130.6845,   12.361606, 10,  20,    210,  0,   23.772657,   14.535956,   38.554905,  112.5532,   21.7865
35497                         , 2, 36,  0.001499,  130.6845,   12.361606, 10,  40,    410,  0,   23.772657,   14.535956,   38.554905,  112.5532,   21.7865
35497                         , 2, 36,  0.001499,  130.6845,   12.361606, 10,  75,    760,  0,   23.772657,   14.535956,   38.554905,  112.5532,   21.7865
35497                         , 2, 36,  0.001499,  130.6845,   12.361606, 10, 125,   1260,  0,   23.772657,   14.535956,   38.554905,  112.5532,   21.7865
35497                         , 2, 36,  0.001499,  130.6845,   12.361606, 10, 200,   2010,  0,   23.772657,   14.535956,   38.554905,  112.5532,   21.7865
35497                         , 2, 36,  0.001499,  130.6845,   12.361606, 10, 500,   5010,  0,   23.772657,   14.535956,   38.554905,  112.5532,   21.7865
35497                         , 2, 36,  0.001499,  130.6845,   12.361606, 14,  10,    154,  0,   16.960097,   14.535956,   23.436064,  123.3960,   14.5943
35497                         , 2, 36,  0.001499,  130.6845,   12.361606, 14,  20,    294,  0,   17.077445,   14.535956,   23.436064,  123.4087,   14.6057
35497                         , 2, 36,  0.001499,  130.6845,   12.361606, 14,  40,    574,  0,   17.053807,   14.535956,   23.436064,  123.4024,   14.6000
35497                         , 2, 36,  0.001499,  130.6845,   12.361606, 14,  75,   1064,  0,   17.053807,   14.535956,   23.436064,  123.4024,   14.6000
35497                         , 2, 36,  0.001499,  130.6845,   12.361606, 14, 125,   1764,  0,   17.044411,   14.535956,   23.436064,  123.4024,   14.6000
35497                         , 2, 36,  0.001499,  130.6845,   12.361606, 14, 200,   2814,  0,   16.871959,   14.535956,   19.965896,  124.2068,   15.0682
35497                         , 2, 36,  0.001499,  130.6845,   12.361606, 14, 500,   7014,  0,   16.478078,   14.535956,   17.890334,  120.2648,   13.9949
35497                         , 2, 36,  0.001499,  130.6845,   12.361606, 20,  10,    220,  1,   16.018232,   12.884134,   18.935023,  115.3673,   21.6800
35497                         , 2, 36,  0.001499,  130.6845,   12.361606, 20,  20,    420,  1,   15.627881,   12.876601,   18.935023,  113.7010,   19.7800
35497                         , 2, 36,  0.001499,  130.6845,   12.361606, 20,  40,    820,  1,   15.016381,   12.876601,   18.935023,  109.5933,   18.1034
35497                         , 2, 36,  0.001499,  130.6845,   12.361606, 20,  75,   1520,  3,   14.320739,   12.444511,   17.818664,  107.8899,   16.5728
35497                         , 2, 36,  0.001499,  130.6845,   12.361606, 20, 125,   2520,  4,   14.168058,   12.444511,   17.818664,  106.5038,   16.1151
35497                         , 2, 36,  0.001499,  130.6845,   12.361606, 20, 200,   4020,  4,   13.445875,   12.444511,   14.670590,  101.4361,    6.7262
35497                         , 2, 36,  0.001499,  130.6845,   12.361606, 20, 500,  10020,  7,   12.942920,   12.132996,   14.155502,   97.9018,    5.9026
35497                         , 3, 30,  0.002346,  130.6845,    2.069848,  4,  10,     44,  0,   27.555432,    2.257015,   73.303105,   81.9369,   21.7388
35497                         , 3, 30,  0.002346,  130.6845,    2.069848,  4,  20,     84,  0,   27.555432,    2.257015,   73.303105,   81.9369,   21.7388
35497                         , 3, 30,  0.002346,  130.6845,    2.069848,  4,  40,    164,  0,   27.555432,    2.257015,   73.303105,   81.9369,   21.7388
35497                         , 3, 30,  0.002346,  130.6845,    2.069848,  4,  75,    304,  0,   27.555432,    2.257015,   73.303105,   81.9369,   21.7388
35497                         , 3, 30,  0.002346,  130.6845,    2.069848,  4, 125,    504,  0,   27.555432,    2.257015,   73.303105,   81.9369,   21.7388
35497                         , 3, 30,  0.002346,  130.6845,    2.069848,  4, 200,    804,  0,   27.555432,    2.257015,   73.303105,   81.9369,   21.7388
35497                         , 3, 30,  0.002346,  130.6845,    2.069848,  4, 500,   2004,  0,   27.555432,    2.257015,   73.303105,   81.9369,   21.7388
35497                         , 3, 30,  0.002346,  130.6845,    2.069848,  6,  10,     66,  0,   21.347389,    2.257015,   47.031502,   88.3505,   33.4816
35497                         , 3, 30,  0.002346,  130.6845,    2.069848,  6,  20,    126,  0,   21.347389,    2.257015,   47.031502,   88.3505,   33.4816
35497                         , 3, 30,  0.002346,  130.6845,    2.069848,  6,  40,    246,  0,   21.347389,    2.257015,   47.031502,   88.3505,   33.4816
35497                         , 3, 30,  0.002346,  130.6845,    2.069848,  6,  75,    456,  0,   21.347389,    2.257015,   47.031502,   88.3505,   33.4816
35497                         , 3, 30,  0.002346,  130.6845,    2.069848,  6, 125,    756,  0,   21.347389,    2.257015,   47.031502,   88.3505,   33.4816
35497                         , 3, 30,  0.002346,  130.6845,    2.069848,  6, 200,   1206,  0,   21.347389,    2.257015,   47.031502,   88.3505,   33.4816
35497                         , 3, 30,  0.002346,  130.6845,    2.069848,  6, 500,   3006,  0,   21.347389,    2.257015,   47.031502,   88.3505,   33.4816
35497                         , 3, 30,  0.002346,  130.6845,    2.069848,  8,  10,     88,  0,   17.995828,    2.257015,   31.976479,   93.6084,   31.5937
35497                         , 3, 30,  0.002346,  130.6845,    2.069848,  8,  20,    168,  0,   17.995828,    2.257015,   31.976479,   93.6084,   31.5937
35497                         , 3, 30,  0.002346,  130.6845,    2.069848,  8,  40,    328,  0,   17.995828,    2.257015,   31.976479,   93.6084,   31.5937
35497                         , 3, 30,  0.002346,  130.6845,    2.069848,  8,  75,    608,  0,   17.995828,    2.257015,   31.976479,   93.6084,   31.5937
35497                         , 3, 30,  0.002346,  130.6845,    2.069848,  8, 125,   1008,  0,   17.995828,    2.257015,   31.976479,   93.6084,   31.5937
35497                         , 3, 30,  0.002346,  130.6845,    2.069848,  8, 200,   1608,  0,   17.995828,    2.257015,   31.976479,   93.6084,   31.5937
35497                         , 3, 30,  0.002346,  130.6845,    2.069848,  8, 500,   4008,  0,   17.995828,    2.257015,   31.976479,   93.6084,   31.5937
35497                         , 3, 30,  0.002346,  130.6845,    2.069848, 10,  10,    110,  0,   17.483056,    2.257015,   31.976479,   99.6231,   29.5101
35497                         , 3, 30,  0.002346,  130.6845,    2.069848, 10,  20,    210,  0,   17.483056,    2.257015,   31.976479,   99.6231,   29.5101
35497                         , 3, 30,  0.002346,  130.6845,    2.069848, 10,  40,    410,  0,   17.483056,    2.257015,   31.976479,   99.6231,   29.5101
35497                         , 3, 30,  0.002346,  130.6845,    2.069848, 10,  75,    760,  0,   17.483056,    2.257015,   31.976479,   99.6231,   29.5101
35497                         , 3, 30,  0.002346,  130.6845,    2.069848, 10, 125,   1260,  0,   17.483056,    2.257015,   31.976479,   99.6231,   29.5101
35497                         , 3, 30,  0.002346,  130.6845,    2.069848, 10, 200,   2010,  0,   17.483056,    2.257015,   31.976479,   99.6231,   29.5101
35497                         , 3, 30,  0.002346,  130.6845,    2.069848, 10, 500,   5010,  0,   17.483056,    2.257015,   31.976479,   99.6231,   29.5101
35497                         , 3, 30,  0.002346,  130.6845,    2.069848, 14,  10,    154,  0,   15.850482,    2.257015,   25.752721,  103.3373,   29.1040
35497                         , 3, 30,  0.002346,  130.6845,    2.069848, 14,  20,    294,  0,   15.832263,    2.257015,   25.752721,  103.3373,   29.1040
35497                         , 3, 30,  0.002346,  130.6845,    2.069848, 14,  40,    574,  0,   15.511122,    2.257015,   22.359112,  108.6710,   26.5997
35497                         , 3, 30,  0.002346,  130.6845,    2.069848, 14,  75,   1064,  0,   15.491451,    2.257015,   22.359112,  108.6710,   26.5997
35497                         , 3, 30,  0.002346,  130.6845,    2.069848, 14, 125,   1764,  0,   15.810122,    2.257015,   25.547417,  108.6710,   26.5997
35497                         , 3, 30,  0.002346,  130.6845,    2.069848, 14, 200,   2814,  0,   15.487325,    2.257015,   22.351045,  108.6710,   26.5997
35497                         , 3, 30,  0.002346,  130.6845,    2.069848, 14, 500,   7014,  0,   15.379532,    2.257015,   21.315418,  104.7049,   21.1627
35497                         , 3, 30,  0.002346,  130.6845,    2.069848, 20,  10,    220,  1,    9.402222,    1.683683,   19.883644,   88.9779,   21.1132
35497                         , 3, 30,  0.002346,  130.6845,    2.069848, 20,  20,    420,  1,    9.082788,    1.683683,   19.883644,   90.3821,   20.1548
35497                         , 3, 30,  0.002346,  130.6845,    2.069848, 20,  40,    820,  1,    6.740149,    1.683683,   13.109615,   81.2882,    7.5193
35497                         , 3, 30,  0.002346,  130.6845,    2.069848, 20,  75,   1520,  1,    5.715506,    1.683683,   13.109615,   80.5392,    7.1288
35497                         , 3, 30,  0.002346,  130.6845,    2.069848, 20, 125,   2520,  1,    4.993088,    1.683683,   13.109615,   79.8155,    5.4971
35497                         , 3, 30,  0.002346,  130.6845,    2.069848, 20, 200,   4020,  1,    4.993088,    1.683683,   13.109615,   79.8155,    5.4971
35497                         , 3, 30,  0.002346,  130.6845,    2.069848, 20, 500,  10020,  3,    3.325184,    1.683683,    9.588946,   79.9005,    1.6169
35497                         , 4, 38,  0.004350,  130.6845,    2.051396,  4,  10,     44,  1,   48.297004,    2.102771,   82.837017,   93.3027,   20.4584
35497                         , 4, 38,  0.004350,  130.6845,    2.051396,  4,  20,     84,  1,   48.297004,    2.102771,   82.837017,   93.3027,   20.4584
35497                         , 4, 38,  0.004350,  130.6845,    2.051396,  4,  40,    164,  1,   48.297004,    2.102771,   82.837017,   93.3027,   20.4584
35497                         , 4, 38,  0.004350,  130.6845,    2.051396,  4,  75,    304,  1,   48.297004,    2.102771,   82.837017,   93.3027,   20.4584
35497                         , 4, 38,  0.004350,  130.6845,    2.051396,  4, 125,    504,  1,   48.297004,    2.102771,   82.837017,   93.3027,   20.4584
35497                         , 4, 38,  0.004350,  130.6845,    2.051396,  4, 200,    804,  1,   48.297004,    2.102771,   82.837017,   93.3027,   20.4584
35497                         , 4, 38,  0.004350,  130.6845,    2.051396,  4, 500,   2004,  1,   48.297004,    2.102771,   82.837017,   93.3027,   20.4584
35497                         , 4, 38,  0.004350,  130.6845,    2.051396,  6,  10,     66,  1,   35.715811,    2.102771,   82.836995,   96.0355,   31.2741
35497                         , 4, 38,  0.004350,  130.6845,    2.051396,  6,  20,    126,  1,   35.715811,    2.102771,   82.836995,   96.0355,   31.2741
35497                         , 4, 38,  0.004350,  130.6845,    2.051396,  6,  40,    246,  1,   35.715810,    2.102771,   82.836985,   96.0355,   31.2741
35497                         , 4, 38,  0.004350,  130.6845,    2.051396,  6,  75,    456,  1,   35.715810,    2.102771,   82.836985,   96.0355,   31.2741
35497                         , 4, 38,  0.004350,  130.6845,    2.051396,  6, 125,    756,  1,   35.715810,    2.102771,   82.836985,   96.0355,   31.2741
35497                         , 4, 38,  0.004350,  130.6845,    2.051396,  6, 200,   1206,  1,   35.715810,    2.102771,   82.836985,   96.0355,   31.2741
35497                         , 4, 38,  0.004350,  130.6845,    2.051396,  6, 500,   3006,  1,   35.715810,    2.102771,   82.836985,   96.0355,   31.2741
35497                         , 4, 38,  0.004350,  130.6845,    2.051396,  8,  10,     88,  1,   24.552707,    2.102771,   38.116536,   93.3745,   16.5482
35497                         , 4, 38,  0.004350,  130.6845,    2.051396,  8,  20,    168,  1,   24.552686,    2.102771,   38.116536,   93.3745,   16.5482
35497                         , 4, 38,  0.004350,  130.6845,    2.051396,  8,  40,    328,  1,   24.552503,    2.102771,   38.115724,   93.3745,   16.5482
35497                         , 4, 38,  0.004350,  130.6845,    2.051396,  8,  75,    608,  1,   24.552503,    2.102771,   38.115724,   93.3745,   16.5482
35497                         , 4, 38,  0.004350,  130.6845,    2.051396,  8, 125,   1008,  1,   24.552502,    2.102771,   38.115724,   93.3745,   16.5482
35497                         , 4, 38,  0.004350,  130.6845,    2.051396,  8, 200,   1608,  1,   24.552472,    2.102771,   38.115491,   93.3745,   16.5482
35497                         , 4, 38,  0.004350,  130.6845,    2.051396,  8, 500,   4008,  1,   24.552464,    2.102771,   38.115459,   93.3745,   16.5482
35497                         , 4, 38,  0.004350,  130.6845,    2.051396, 10,  10,    110,  1,   24.554278,    2.102771,   38.136018,   93.3745,   16.5482
35497                         , 4, 38,  0.004350,  130.6845,    2.051396, 10,  20,    210,  1,   24.553789,    2.102771,   38.131261,   93.3745,   16.5482
35497                         , 4, 38,  0.004350,  130.6845,    2.051396, 10,  40,    410,  1,   24.552735,    2.102771,   38.122677,   93.3745,   16.5482
35497                         , 4, 38,  0.004350,  130.6845,    2.051396, 10,  75,    760,  1,   24.551835,    2.102771,   38.122539,   93.3745,   16.5482
35497                         , 4, 38,  0.004350,  130.6845,    2.051396, 10, 125,   1260,  1,   24.551096,    2.102771,   38.115187,   93.3745,   16.5482
35497                         , 4, 38,  0.004350,  130.6845,    2.051396, 10, 200,   2010,  1,   24.550928,    2.102771,   38.115187,   93.3745,   16.5482
35497                         , 4, 38,  0.004350,  130.6845,    2.051396, 10, 500,   5010,  1,   24.549611,    2.102771,   38.107258,   93.3745,   16.5482
35497                         , 4, 38,  0.004350,  130.6845,    2.051396, 14,  10,    154,  1,   19.573674,    2.102771,   31.237915,   92.3733,   16.1278
35497                         , 4, 38,  0.004350,  130.6845,    2.051396, 14,  20,    294,  1,   18.696203,    2.102771,   27.255974,   92.9829,   16.6133
35497                         , 4, 38,  0.004350,  130.6845,    2.051396, 14,  40,    574,  1,   18.732791,    2.102771,   27.255974,   92.9829,   16.6133
35497                         , 4, 38,  0.004350,  130.6845,    2.051396, 14,  75,   1064,  1,   18.002596,    2.102771,   25.310909,   97.5117,   14.0054
35497                         , 4, 38,  0.004350,  130.6845,    2.051396, 14, 125,   1764,  1,   18.268659,    2.102771,   27.264300,   97.5129,   14.0064
35497                         , 4, 38,  0.004350,  130.6845,    2.051396, 14, 200,   2814,  1,   17.729064,    2.102771,   24.945626,   97.5279,   14.0185
35497                         , 4, 38,  0.004350,  130.6845,    2.051396, 14, 500,   7014,  1,   17.620762,    2.102771,   24.508834,   97.5313,   14.0212
35497                         , 4, 38,  0.004350,  130.6845,    2.051396, 20,  10,    220,  1,   14.892591,    2.102771,   32.996022,   87.0881,   18.5394
35497                         , 4, 38,  0.004350,  130.6845,    2.051396, 20,  20,    420,  2,   11.330021,    1.820784,   25.864520,   81.2916,    4.1891
35497                         , 4, 38,  0.004350,  130.6845,    2.051396, 20,  40,    820,  2,   10.708241,    1.820784,   24.673435,   84.9472,    7.3611
35497                         , 4, 38,  0.004350,  130.6845,    2.051396, 20,  75,   1520,  2,   10.169865,    1.820784,   22.537351,   83.5290,    6.5870
35497                         , 4, 38,  0.004350,  130.6845,    2.051396, 20, 125,   2520,  3,    7.816604,    1.820784,   21.616033,   79.5517,    4.7242
35497                         , 4, 38,  0.004350,  130.6845,    2.051396, 20, 200,   4020,  3,    5.323882,    1.820784,   13.266333,   81.1205,    2.6017
35497                         , 4, 38,  0.004350,  130.6845,    2.051396, 20, 500,  10020,  4,    3.150342,    1.727463,    6.059742,   81.4756,    1.4252
35497                         , 5, 47,  0.013095,  130.6845,    2.311095,  4,  10,     44,  0,   49.184103,   30.213751,   54.582420,   86.6356,    4.9617
35497                         , 5, 47,  0.013095,  130.6845,    2.311095,  4,  20,     84,  0,   49.184103,   30.213751,   54.582420,   86.6356,    4.9617
35497                         , 5, 47,  0.013095,  130.6845,    2.311095,  4,  40,    164,  0,   49.184103,   30.213751,   54.582420,   86.6356,    4.9617
35497                         , 5, 47,  0.013095,  130.6845,    2.311095,  4,  75,    304,  0,   49.184103,   30.213751,   54.582420,   86.6356,    4.9617
35497                         , 5, 47,  0.013095,  130.6845,    2.311095,  4, 125,    504,  0,   49.184103,   30.213751,   54.582419,   86.6356,    4.9617
35497                         , 5, 47,  0.013095,  130.6845,    2.311095,  4, 200,    804,  0,   49.184103,   30.213751,   54.582419,   86.6356,    4.9617
35497                         , 5, 47,  0.013095,  130.6845,    2.311095,  4, 500,   2004,  0,   49.184103,   30.213751,   54.582419,   86.6356,    4.9617
35497                         , 5, 47,  0.013095,  130.6845,    2.311095,  6,  10,     66,  0,    8.851918,    8.851908,    8.851924,   82.3032,    0.0000
35497                         , 5, 47,  0.013095,  130.6845,    2.311095,  6,  20,    126,  0,    8.851918,    8.851908,    8.851924,   82.3032,    0.0000
35497                         , 5, 47,  0.013095,  130.6845,    2.311095,  6,  40,    246,  0,    8.851918,    8.851908,    8.851924,   82.3032,    0.0000
35497                         , 5, 47,  0.013095,  130.6845,    2.311095,  6,  75,    456,  0,    8.851917,    8.851907,    8.851924,   82.3032,    0.0000
35497                         , 5, 47,  0.013095,  130.6845,    2.311095,  6, 125,    756,  0,    8.851915,    8.851907,    8.851922,   82.3032,    0.0000
35497                         , 5, 47,  0.013095,  130.6845,    2.311095,  6, 200,   1206,  0,    8.851912,    8.851907,    8.851921,   82.3032,    0.0000
35497                         , 5, 47,  0.013095,  130.6845,    2.311095,  6, 500,   3006,  0,    8.851908,    8.851907,    8.851911,   82.3032,    0.0000
35497                         , 5, 47,  0.013095,  130.6845,    2.311095,  8,  10,     88,  0,    8.770329,    8.770173,    8.770682,   82.3032,    0.0000
35497                         , 5, 47,  0.013095,  130.6845,    2.311095,  8,  20,    168,  0,    8.770315,    8.770169,    8.770680,   82.3032,    0.0000
35497                         , 5, 47,  0.013095,  130.6845,    2.311095,  8,  40,    328,  0,    8.770216,    8.769950,    8.770680,   82.3032,    0.0000
35497                         , 5, 47,  0.013095,  130.6845,    2.311095,  8,  75,    608,  0,    8.770157,    8.769918,    8.770414,   82.3032,    0.0000
35497                         , 5, 47,  0.013095,  130.6845,    2.311095,  8, 125,   1008,  0,    8.770097,    8.769918,    8.770283,   82.3032,    0.0000
35497                         , 5, 47,  0.013095,  130.6845,    2.311095,  8, 200,   1608,  0,    8.770053,    8.769918,    8.770180,   82.3032,    0.0000
35497                         , 5, 47,  0.013095,  130.6845,    2.311095,  8, 500,   4008,  0,    8.769945,    8.769918,    8.770077,   82.3032,    0.0000
35497                         , 5, 47,  0.013095,  130.6845,    2.311095, 10,  10,    110,  0,    8.772654,    8.766134,    8.783959,   82.3032,    0.0000
35497                         , 5, 47,  0.013095,  130.6845,    2.311095, 10,  20,    210,  0,    8.771903,    8.766134,    8.783959,   82.3032,    0.0000
35497                         , 5, 47,  0.013095,  130.6845,    2.311095, 10,  40,    410,  0,    8.770752,    8.766134,    8.783959,   82.3032,    0.0000
35497                         , 5, 47,  0.013095,  130.6845,    2.311095, 10,  75,    760,  0,    8.770739,    8.766134,    8.783826,   82.3032,    0.0000
35497                         , 5, 47,  0.013095,  130.6845,    2.311095, 10, 125,   1260,  0,    8.767193,    8.766134,    8.769219,   82.3032,    0.0000
35497                         , 5, 47,  0.013095,  130.6845,    2.311095, 10, 200,   2010,  0,    8.766615,    8.765952,    8.768690,   82.3032,    0.0000
35497                         , 5, 47,  0.013095,  130.6845,    2.311095, 10, 500,   5010,  0,    8.766250,    8.765866,    8.768690,   82.3032,    0.0000
35497                         , 5, 47,  0.013095,  130.6845,    2.311095, 14,  10,    154,  0,    9.007513,    8.687625,   10.809006,   82.2904,    0.0383
35497                         , 5, 47,  0.013095,  130.6845,    2.311095, 14,  20,    294,  0,    9.580374,    8.687625,   14.685274,   82.2904,    0.0383
35497                         , 5, 47,  0.013095,  130.6845,    2.311095, 14,  40,    574,  0,    8.695810,    8.690712,    8.711320,   82.3032,    0.0000
35497                         , 5, 47,  0.013095,  130.6845,    2.311095, 14,  75,   1064,  0,    8.696427,    8.687625,    8.705656,   82.3032,    0.0000
35497                         , 5, 47,  0.013095,  130.6845,    2.311095, 14, 125,   1764,  0,    8.693537,    8.690560,    8.701992,   82.3032,    0.0000
35497                         , 5, 47,  0.013095,  130.6845,    2.311095, 14, 200,   2814,  0,    8.691295,    8.690560,    8.693378,   82.3032,    0.0000
35497                         , 5, 47,  0.013095,  130.6845,    2.311095, 14, 500,   7014,  0,    8.689530,    8.687625,    8.691364,   82.3032,    0.0000
35497                         , 5, 47,  0.013095,  130.6845,    2.311095, 20,  10,    220,  0,   31.782150,    9.934417,   65.229131,   88.2141,    9.4191
35497                         , 5, 47,  0.013095,  130.6845,    2.311095, 20,  20,    420,  0,   26.856754,    9.125143,   65.229131,   84.6223,    5.2991
35497                         , 5, 47,  0.013095,  130.6845,    2.311095, 20,  40,    820,  0,   18.161147,    2.631545,   63.478765,   86.6137,    9.4741
35497                         , 5, 47,  0.013095,  130.6845,    2.311095, 20,  75,   1520,  1,   13.067790,    2.281460,   48.154253,   84.2776,    4.2095
35497                         , 5, 47,  0.013095,  130.6845,    2.311095, 20, 125,   2520,  2,    9.495412,    2.272247,   27.423452,   83.1066,    1.8870
35497                         , 5, 47,  0.013095,  130.6845,    2.311095, 20, 200,   4020,  2,    7.632400,    2.272247,   27.423452,   82.9758,    1.8266
35497                         , 5, 47,  0.013095,  130.6845,    2.311095, 20, 500,  10020,  3,    3.192341,    2.272247,    8.510312,   83.8949,    0.5452
35497                         , 6, 35,  0.033410,   65.3423,  312.604905,  4,  10,     44,  0,  570.499700,  460.120126,  647.388059,   99.9340,    7.2842
35497                         , 6, 35,  0.033410,   65.3423,  312.604905,  4,  20,     84,  0,  570.499700,  460.120126,  647.388059,   99.9340,    7.2842
35497                         , 6, 35,  0.033410,   65.3423,  312.604905,  4,  40,    164,  0,  570.499700,  460.120126,  647.388058,   99.9340,    7.2842
35497                         , 6, 35,  0.033410,   65.3423,  312.604905,  4,  75,    304,  0,  570.499700,  460.120126,  647.388058,   99.9340,    7.2842
35497                         , 6, 35,  0.033410,   65.3423,  312.604905,  4, 125,    504,  0,  570.499700,  460.120126,  647.388057,   99.9340,    7.2842
35497                         , 6, 35,  0.033410,   65.3423,  312.604905,  4, 200,    804,  0,  570.499699,  460.120126,  647.388057,   99.9340,    7.2842
35497                         , 6, 35,  0.033410,   65.3423,  312.604905,  4, 500,   2004,  0,  570.499699,  460.120126,  647.388054,   99.9340,    7.2842
35497                         , 6, 35,  0.033410,   65.3423,  312.604905,  6,  10,     66,  1,  478.971901,  324.523126,  647.387949,  103.4656,    9.9226
35497                         , 6, 35,  0.033410,   65.3423,  312.604905,  6,  20,    126,  1,  478.971900,  324.523126,  647.387943,  103.4656,    9.9226
35497                         , 6, 35,  0.033410,   65.3423,  312.604905,  6,  40,    246,  1,  478.971900,  324.523126,  647.387943,  103.4656,    9.9226
35497                         , 6, 35,  0.033410,   65.3423,  312.604905,  6,  75,    456,  1,  478.971900,  324.523126,  647.387943,  103.4656,    9.9226
35497                         , 6, 35,  0.033410,   65.3423,  312.604905,  6, 125,    756,  1,  478.971900,  324.523126,  647.387943,  103.4656,    9.9226
35497                         , 6, 35,  0.033410,   65.3423,  312.604905,  6, 200,   1206,  1,  478.971900,  324.523126,  647.387940,  103.4656,    9.9226
35497                         , 6, 35,  0.033410,   65.3423,  312.604905,  6, 500,   3006,  1,  478.971900,  324.523126,  647.387940,  103.4656,    9.9226
35497                         , 6, 35,  0.033410,   65.3423,  312.604905,  8,  10,     88,  1,  454.689411,  324.523126,  585.149184,  106.3318,    8.8979
35497                         , 6, 35,  0.033410,   65.3423,  312.604905,  8,  20,    168,  1,  454.689410,  324.523126,  585.149169,  106.3318,    8.8979
35497                         , 6, 35,  0.033410,   65.3423,  312.604905,  8,  40,    328,  1,  454.688801,  324.523126,  585.143078,  106.3318,    8.8979
35497                         , 6, 35,  0.033410,   65.3423,  312.604905,  8,  75,    608,  1,  454.688801,  324.523126,  585.143078,  106.3318,    8.8979
35497                         , 6, 35,  0.033410,   65.3423,  312.604905,  8, 125,   1008,  1,  454.688801,  324.523126,  585.143078,  106.3318,    8.8979
35497                         , 6, 35,  0.033410,   65.3423,  312.604905,  8, 200,   1608,  1,  454.688801,  324.523126,  585.143078,  106.3318,    8.8979
35497                         , 6, 35,  0.033410,   65.3423,  312.604905,  8, 500,   4008,  1,  454.688546,  324.523126,  585.140528,  106.3318,    8.8979
35497                         , 6, 35,  0.033410,   65.3423,  312.604905, 10,  10,    110,  1,  440.042452,  324.523126,  585.223295,  108.1921,    7.9355
35497                         , 6, 35,  0.033410,   65.3423,  312.604905, 10,  20,    210,  1,  440.042452,  324.523126,  585.223295,  108.1921,    7.9355
35497                         , 6, 35,  0.033410,   65.3423,  312.604905, 10,  40,    410,  1,  440.042452,  324.523126,  585.223295,  108.1921,    7.9355
35497                         , 6, 35,  0.033410,   65.3423,  312.604905, 10,  75,    760,  1,  440.033006,  324.523126,  585.128837,  108.1921,    7.9355
35497                         , 6, 35,  0.033410,   65.3423,  312.604905, 10, 125,   1260,  1,  440.028667,  324.523126,  585.085451,  108.1921,    7.9355
35497                         , 6, 35,  0.033410,   65.3423,  312.604905, 10, 200,   2010,  1,  440.028667,  324.523126,  585.085451,  108.1921,    7.9355
35497                         , 6, 35,  0.033410,   65.3423,  312.604905, 10, 500,   5010,  1,  440.028667,  324.523126,  585.085451,  108.1921,    7.9355
35497                         , 6, 35,  0.033410,   65.3423,  312.604905, 14,  10,    154,  1,  380.868944,  324.523126,  422.823894,  108.6109,    4.6733
35497                         , 6, 35,  0.033410,   65.3423,  312.604905, 14,  20,    294,  1,  384.651052,  324.523126,  442.911973,  108.1146,    4.7613
35497                         , 6, 35,  0.033410,   65.3423,  312.604905, 14,  40,    574,  1,  379.403371,  324.523126,  417.149564,  108.4935,    4.3318
35497                         , 6, 35,  0.033410,   65.3423,  312.604905, 14,  75,   1064,  1,  375.009493,  324.523126,  401.838752,  108.4935,    4.3318
35497                         , 6, 35,  0.033410,   65.3423,  312.604905, 14, 125,   1764,  1,  375.836928,  324.523126,  409.475921,  108.4935,    4.3318
35497                         , 6, 35,  0.033410,   65.3423,  312.604905, 14, 200,   2814,  1,  375.301499,  324.523126,  403.539963,  108.4617,    4.3581
35497                         , 6, 35,  0.033410,   65.3423,  312.604905, 14, 500,   7014,  1,  373.801045,  324.523126,  390.129034,  108.4935,    4.3318
35497                         , 6, 35,  0.033410,   65.3423,  312.604905, 20,  10,    220,  3,  365.403083,  312.861665,  479.217313,  112.9313,    3.1736
35497                         , 6, 35,  0.033410,   65.3423,  312.604905, 20,  20,    420,  4,  347.606621,  312.861665,  387.929271,  113.3898,    3.4030
35497                         , 6, 35,  0.033410,   65.3423,  312.604905, 20,  40,    820,  5,  335.435823,  307.947328,  369.286154,  114.1368,    2.6473
35497                         , 6, 35,  0.033410,   65.3423,  312.604905, 20,  75,   1520,  8,  318.113456,  304.482890,  348.377243,  115.1777,    1.8400
35497                         , 6, 35,  0.033410,   65.3423,  312.604905, 20, 125,   2520,  9,  313.837783,  304.482890,  334.818109,  116.0597,    0.3026
35497                         , 6, 35,  0.033410,   65.3423,  312.604905, 20, 200,   4020, 10,  309.622976,  303.375211,  319.968899,  116.1835,    0.3690
35497                         , 6, 35,  0.033410,   65.3423,  312.604905, 20, 500,  10020, 10,  306.956421,  302.896913,  313.499375,  116.4844,    0.3722
35497                         , 7, 16,  0.121940,   98.0134,  250.315083,  4,  10,     44,  0,  347.996915,  333.637929,  349.592365,  130.3762,    1.2455
35497                         , 7, 16,  0.121940,   98.0134,  250.315083,  4,  20,     84,  0,  347.996915,  333.637929,  349.592365,  130.3762,    1.2455
35497                         , 7, 16,  0.121940,   98.0134,  250.315083,  4,  40,    164,  0,  347.996914,  333.637929,  349.592362,  130.3762,    1.2455
35497                         , 7, 16,  0.121940,   98.0134,  250.315083,  4,  75,    304,  0,  347.996913,  333.637929,  349.592362,  130.3762,    1.2455
35497                         , 7, 16,  0.121940,   98.0134,  250.315083,  4, 125,    504,  0,  347.996913,  333.637929,  349.592360,  130.3762,    1.2455
35497                         , 7, 16,  0.121940,   98.0134,  250.315083,  4, 200,    804,  0,  347.996913,  333.637929,  349.592358,  130.3762,    1.2455
35497                         , 7, 16,  0.121940,   98.0134,  250.315083,  4, 500,   2004,  0,  347.996912,  333.637929,  349.592356,  130.3762,    1.2455
35497                         , 7, 16,  0.121940,   98.0134,  250.315083,  6,  10,     66,  1,  328.153363,  257.022287,  336.359288,  131.1656,    1.5379
35497                         , 7, 16,  0.121940,   98.0134,  250.315083,  6,  20,    126,  1,  328.153317,  257.022287,  336.359282,  131.1656,    1.5379
35497                         , 7, 16,  0.121940,   98.0134,  250.315083,  6,  40,    246,  1,  328.153251,  257.022287,  336.359175,  131.1656,    1.5379
35497                         , 7, 16,  0.121940,   98.0134,  250.315083,  6,  75,    456,  1,  328.153248,  257.022287,  336.359175,  131.1656,    1.5379
35497                         , 7, 16,  0.121940,   98.0134,  250.315083,  6, 125,    756,  1,  328.153248,  257.022287,  336.359175,  131.1656,    1.5379
35497                         , 7, 16,  0.121940,   98.0134,  250.315083,  6, 200,   1206,  1,  328.153233,  257.022287,  336.359154,  131.1656,    1.5379
35497                         , 7, 16,  0.121940,   98.0134,  250.315083,  6, 500,   3006,  1,  328.153192,  257.022287,  336.359051,  131.1656,    1.5379
35497                         , 7, 16,  0.121940,   98.0134,  250.315083,  8,  10,     88,  1,  328.147292,  257.022287,  336.359861,  131.1656,    1.5379
35497                         , 7, 16,  0.121940,   98.0134,  250.315083,  8,  20,    168,  1,  328.144239,  257.022287,  336.348910,  131.1656,    1.5379
35497                         , 7, 16,  0.121940,   98.0134,  250.315083,  8,  40,    328,  1,  328.143831,  257.022287,  336.348873,  131.1656,    1.5379
35497                         , 7, 16,  0.121940,   98.0134,  250.315083,  8,  75,    608,  1,  328.143289,  257.022287,  336.348751,  131.1656,    1.5379
35497                         , 7, 16,  0.121940,   98.0134,  250.315083,  8, 125,   1008,  1,  328.142568,  257.022287,  336.346157,  131.1656,    1.5379
35497                         , 7, 16,  0.121940,   98.0134,  250.315083,  8, 200,   1608,  1,  328.142380,  257.022287,  336.346157,  131.1656,    1.5379
35497                         , 7, 16,  0.121940,   98.0134,  250.315083,  8, 500,   4008,  1,  328.142137,  257.022287,  336.345189,  131.1656,    1.5379
35497                         , 7, 16,  0.121940,   98.0134,  250.315083, 10,  10,    110,  1,  327.797780,  257.022287,  336.085261,  131.1656,    1.5379
35497                         , 7, 16,  0.121940,   98.0134,  250.315083, 10,  20,    210,  1,  327.768333,  257.022287,  336.085261,  131.1656,    1.5379
35497                         , 7, 16,  0.121940,   98.0134,  250.315083, 10,  40,    410,  1,  327.713770,  257.022287,  336.085261,  131.1656,    1.5379
35497                         , 7, 16,  0.121940,   98.0134,  250.315083, 10,  75,    760,  1,  327.713770,  257.022287,  336.085261,  131.1656,    1.5379
35497                         , 7, 16,  0.121940,   98.0134,  250.315083, 10, 125,   1260,  1,  327.684828,  257.022287,  335.827231,  131.1656,    1.5379
35497                         , 7, 16,  0.121940,   98.0134,  250.315083, 10, 200,   2010,  1,  327.670320,  257.022287,  335.776806,  131.1656,    1.5379
35497                         , 7, 16,  0.121940,   98.0134,  250.315083, 10, 500,   5010,  1,  327.661489,  257.022287,  335.754099,  131.1656,    1.5379
35497                         , 7, 16,  0.121940,   98.0134,  250.315083, 14,  10,    154,  1,  269.069290,  257.022287,  290.134279,  131.4348,    0.5011
35497                         , 7, 16,  0.121940,   98.0134,  250.315083, 14,  20,    294,  1,  271.102004,  257.022287,  283.785785,  131.5210,    0.4383
35497                         , 7, 16,  0.121940,   98.0134,  250.315083, 14,  40,    574,  1,  272.161036,  257.022287,  287.530116,  131.5808,    0.3981
35497                         , 7, 16,  0.121940,   98.0134,  250.315083, 14,  75,   1064,  1,  265.019869,  257.022287,  266.996656,  131.6574,    0.3006
35497                         , 7, 16,  0.121940,   98.0134,  250.315083, 14, 125,   1764,  1,  264.940317,  257.022287,  266.804976,  131.6574,    0.3006
35497                         , 7, 16,  0.121940,   98.0134,  250.315083, 14, 200,   2814,  1,  265.007764,  257.022287,  266.712744,  131.6574,    0.3006
35497                         , 7, 16,  0.121940,   98.0134,  250.315083, 14, 500,   7014,  1,  264.520740,  257.022287,  266.712376,  131.6574,    0.3006
35497                         , 7, 16,  0.121940,   98.0134,  250.315083, 20,  10,    220,  2,  349.364573,  252.179343,  526.706302,  124.7838,    7.6444
35497                         , 7, 16,  0.121940,   98.0134,  250.315083, 20,  20,    420,  4,  326.159334,  251.596740,  526.706302,  127.0874,    7.3704
35497                         , 7, 16,  0.121940,   98.0134,  250.315083, 20,  40,    820,  4,  304.611983,  247.337938,  424.462433,  130.6522,    3.0176
35497                         , 7, 16,  0.121940,   98.0134,  250.315083, 20,  75,   1520,  6,  284.739569,  247.077877,  381.775521,  130.9625,    2.9745
35497                         , 7, 16,  0.121940,   98.0134,  250.315083, 20, 125,   2520,  7,  277.177381,  247.077877,  380.114874,  130.9662,    2.9752
35497                         , 7, 16,  0.121940,   98.0134,  250.315083, 20, 200,   4020,  7,  260.060173,  247.077877,  301.732350,  132.2723,    1.3975
35497                         , 7, 16,  0.121940,   98.0134,  250.315083, 20, 500,  10020, 10,  248.731029,  246.697599,  256.068733,  133.0307,    0.2066
35497                         , 8, 47,  0.415293,  135.8095, 2443.547723,  4,  10,     44,  2, 2624.427173, 2545.749120, 2679.919054,   89.2137,   32.9764
35497                         , 8, 47,  0.415293,  135.8095, 2443.547723,  4,  20,     84,  2, 2624.427173, 2545.749120, 2679.919054,   89.2137,   32.9764
35497                         , 8, 47,  0.415293,  135.8095, 2443.547723,  4,  40,    164,  2, 2624.427173, 2545.749120, 2679.919054,   89.2137,   32.9764
35497                         , 8, 47,  0.415293,  135.8095, 2443.547723,  4,  75,    304,  2, 2624.427173, 2545.749120, 2679.919054,   89.2137,   32.9764
35497                         , 8, 47,  0.415293,  135.8095, 2443.547723,  4, 125,    504,  2, 2624.427173, 2545.749120, 2679.919054,   89.2137,   32.9764
35497                         , 8, 47,  0.415293,  135.8095, 2443.547723,  4, 200,    804,  2, 2624.427173, 2545.749120, 2679.919054,   89.2137,   32.9764
35497                         , 8, 47,  0.415293,  135.8095, 2443.547723,  4, 500,   2004,  2, 2624.427173, 2545.749120, 2679.919054,   89.2137,   32.9764
35497                         , 8, 47,  0.415293,  135.8095, 2443.547723,  6,  10,     66,  6, 2566.134681, 2446.145716, 2679.919054,  112.0614,   38.8546
35497                         , 8, 47,  0.415293,  135.8095, 2443.547723,  6,  20,    126,  6, 2566.134681, 2446.145716, 2679.919054,  112.0614,   38.8546
35497                         , 8, 47,  0.415293,  135.8095, 2443.547723,  6,  40,    246,  6, 2566.134681, 2446.145716, 2679.919054,  112.0614,   38.8546
35497                         , 8, 47,  0.415293,  135.8095, 2443.547723,  6,  75,    456,  6, 2566.134681, 2446.145716, 2679.919054,  112.0614,   38.8546
35497                         , 8, 47,  0.415293,  135.8095, 2443.547723,  6, 125,    756,  6, 2566.134681, 2446.145716, 2679.919054,  112.0614,   38.8546
35497                         , 8, 47,  0.415293,  135.8095, 2443.547723,  6, 200,   1206,  6, 2566.134681, 2446.145716, 2679.919054,  112.0614,   38.8546
35497                         , 8, 47,  0.415293,  135.8095, 2443.547723,  6, 500,   3006,  6, 2566.134681, 2446.145716, 2679.919054,  112.0614,   38.8546
35497                         , 8, 47,  0.415293,  135.8095, 2443.547723,  8,  10,     88,  7, 2541.835547, 2446.145716, 2638.632609,  123.3118,   35.7335
35497                         , 8, 47,  0.415293,  135.8095, 2443.547723,  8,  20,    168,  7, 2541.835547, 2446.145716, 2638.632609,  123.3118,   35.7335
35497                         , 8, 47,  0.415293,  135.8095, 2443.547723,  8,  40,    328,  7, 2541.835547, 2446.145716, 2638.632609,  123.3118,   35.7335
35497                         , 8, 47,  0.415293,  135.8095, 2443.547723,  8,  75,    608,  7, 2541.835547, 2446.145716, 2638.632609,  123.3118,   35.7335
35497                         , 8, 47,  0.415293,  135.8095, 2443.547723,  8, 125,   1008,  7, 2541.835547, 2446.145716, 2638.632609,  123.3118,   35.7335
35497                         , 8, 47,  0.415293,  135.8095, 2443.547723,  8, 200,   1608,  7, 2541.835547, 2446.145716, 2638.632609,  123.3118,   35.7335
35497                         , 8, 47,  0.415293,  135.8095, 2443.547723,  8, 500,   4008,  7, 2541.835547, 2446.145716, 2638.632609,  123.3118,   35.7335
35497                         , 8, 47,  0.415293,  135.8095, 2443.547723, 10,  10,    110,  8, 2528.762710, 2446.145716, 2626.289532,  131.8852,   29.1385
35497                         , 8, 47,  0.415293,  135.8095, 2443.547723, 10,  20,    210,  8, 2528.762710, 2446.145716, 2626.289532,  131.8852,   29.1385
35497                         , 8, 47,  0.415293,  135.8095, 2443.547723, 10,  40,    410,  8, 2528.762710, 2446.145716, 2626.289532,  131.8852,   29.1385
35497                         , 8, 47,  0.415293,  135.8095, 2443.547723, 10,  75,    760,  8, 2528.762710, 2446.145716, 2626.289532,  131.8852,   29.1385
35497                         , 8, 47,  0.415293,  135.8095, 2443.547723, 10, 125,   1260,  8, 2528.762710, 2446.145716, 2626.289532,  131.8852,   29.1385
35497                         , 8, 47,  0.415293,  135.8095, 2443.547723, 10, 200,   2010,  8, 2528.762710, 2446.145716, 2626.289532,  131.8852,   29.1385
35497                         , 8, 47,  0.415293,  135.8095, 2443.547723, 10, 500,   5010,  8, 2528.762710, 2446.145716, 2626.289532,  131.8852,   29.1385
35497                         , 8, 47,  0.415293,  135.8095, 2443.547723, 14,  10,    154, 10, 2501.796042, 2446.145716, 2545.749120,  142.9317,   12.0713
35497                         , 8, 47,  0.415293,  135.8095, 2443.547723, 14,  20,    294, 10, 2501.795997, 2446.145716, 2545.749120,  142.9317,   12.0713
35497                         , 8, 47,  0.415293,  135.8095, 2443.547723, 14,  40,    574, 10, 2501.187654, 2446.145716, 2545.749120,  143.0969,   11.8281
35497                         , 8, 47,  0.415293,  135.8095, 2443.547723, 14,  75,   1064, 10, 2501.187654, 2446.145716, 2545.749120,  143.0969,   11.8281
35497                         , 8, 47,  0.415293,  135.8095, 2443.547723, 14, 125,   1764, 10, 2501.796042, 2446.145716, 2545.749120,  142.9317,   12.0713
35497                         , 8, 47,  0.415293,  135.8095, 2443.547723, 14, 200,   2814, 10, 2499.784630, 2446.145716, 2545.749120,  139.9702,   11.9247
35497                         , 8, 47,  0.415293,  135.8095, 2443.547723, 14, 500,   7014, 10, 2493.098151, 2446.145716, 2516.818070,  137.8977,   12.0192
35497                         , 8, 47,  0.415293,  135.8095, 2443.547723, 20,  10,    220,  9, 2494.920797, 2446.145716, 2594.938842,  147.7449,    7.7020
35497                         , 8, 47,  0.415293,  135.8095, 2443.547723, 20,  20,    420,  9, 2494.838981, 2446.145716, 2594.120677,  147.7449,    7.7020
35497                         , 8, 47,  0.415293,  135.8095, 2443.547723, 20,  40,    820,  9, 2491.842255, 2441.864527, 2594.120677,  149.1864,    7.8942
35497                         , 8, 47,  0.415293,  135.8095, 2443.547723, 20,  75,   1520,  9, 2490.169049, 2441.864527, 2594.120677,  149.9957,    8.0932
35497                         , 8, 47,  0.415293,  135.8095, 2443.547723, 20, 125,   2520,  9, 2481.097715, 2441.864527, 2594.120677,  150.1341,    8.0803
35497                         , 8, 47,  0.415293,  135.8095, 2443.547723, 20, 200,   4020,  9, 2480.477325, 2441.864527, 2594.120677,  150.4559,    8.0414
35497                         , 8, 47,  0.415293,  135.8095, 2443.547723, 20, 500,  10020, 10, 2467.815615, 2440.794224, 2508.478459,  148.9462,    9.2869
37151                         , 1, 43,  0.003063,  142.7442,    1.334770,  4,  10,     44,  0,   30.183230,    2.919399,   61.375606,   76.8701,   23.1148
37151                         , 1, 43,  0.003063,  142.7442,    1.334770,  4,  20,     84,  0,   30.183230,    2.919399,   61.375606,   76.8701,   23.1148
37151                         , 1, 43,  0.003063,  142.7442,    1.334770,  4,  40,    164,  0,   30.183230,    2.919399,   61.375606,   76.8701,   23.1148
37151                         , 1, 43,  0.003063,  142.7442,    1.334770,  4,  75,    304,  0,   30.183230,    2.919399,   61.375606,   76.8701,   23.1148
37151                         , 1, 43,  0.003063,  142.7442,    1.334770,  4, 125,    504,  0,   30.183230,    2.919399,   61.375606,   76.8701,   23.1148
37151                         , 1, 43,  0.003063,  142.7442,    1.334770,  4, 200,    804,  0,   30.183230,    2.919399,   61.375606,   76.8701,   23.1148
37151                         , 1, 43,  0.003063,  142.7442,    1.334770,  4, 500,   2004,  0,   30.183230,    2.919399,   61.375606,   76.8701,   23.1148
37151                         , 1, 43,  0.003063,  142.7442,    1.334770,  6,  10,     66,  0,   26.423082,    2.919399,   59.099991,   79.5901,   37.6453
37151                         , 1, 43,  0.003063,  142.7442,    1.334770,  6,  20,    126,  0,   26.423082,    2.919399,   59.099991,   79.5901,   37.6453
37151                         , 1, 43,  0.003063,  142.7442,    1.334770,  6,  40,    246,  0,   26.423082,    2.919399,   59.099991,   79.5901,   37.6453
37151                         , 1, 43,  0.003063,  142.7442,    1.334770,  6,  75,    456,  0,   26.423082,    2.919399,   59.099991,   79.5901,   37.6453
37151                         , 1, 43,  0.003063,  142.7442,    1.334770,  6, 125,    756,  0,   26.423082,    2.919399,   59.099991,   79.5901,   37.6453
37151                         , 1, 43,  0.003063,  142.7442,    1.334770,  6, 200,   1206,  0,   26.423082,    2.919399,   59.099991,   79.5901,   37.6453
37151                         , 1, 43,  0.003063,  142.7442,    1.334770,  6, 500,   3006,  0,   26.423082,    2.919399,   59.099991,   79.5901,   37.6453
37151                         , 1, 43,  0.003063,  142.7442,    1.334770,  8,  10,     88,  0,   24.506736,    2.919399,   45.503940,   85.3332,   35.9898
37151                         , 1, 43,  0.003063,  142.7442,    1.334770,  8,  20,    168,  0,   24.506736,    2.919399,   45.503940,   85.3332,   35.9898
37151                         , 1, 43,  0.003063,  142.7442,    1.334770,  8,  40,    328,  0,   24.506736,    2.919399,   45.503940,   85.3332,   35.9898
37151                         , 1, 43,  0.003063,  142.7442,    1.334770,  8,  75,    608,  0,   24.506736,    2.919399,   45.503940,   85.3332,   35.9898
37151                         , 1, 43,  0.003063,  142.7442,    1.334770,  8, 125,   1008,  0,   24.506736,    2.919399,   45.503940,   85.3332,   35.9898
37151                         , 1, 43,  0.003063,  142.7442,    1.334770,  8, 200,   1608,  0,   24.506736,    2.919399,   45.503940,   85.3332,   35.9898
37151                         , 1, 43,  0.003063,  142.7442,    1.334770,  8, 500,   4008,  0,   24.506736,    2.919399,   45.503940,   85.3332,   35.9898
37151                         , 1, 43,  0.003063,  142.7442,    1.334770, 10,  10,    110,  0,   23.053037,    2.919399,   45.503940,   77.8365,   34.8451
37151                         , 1, 43,  0.003063,  142.7442,    1.334770, 10,  20,    210,  0,   23.053037,    2.919399,   45.503940,   77.8365,   34.8451
37151                         , 1, 43,  0.003063,  142.7442,    1.334770, 10,  40,    410,  0,   23.053037,    2.919399,   45.503940,   77.8365,   34.8451
37151                         , 1, 43,  0.003063,  142.7442,    1.334770, 10,  75,    760,  0,   23.053037,    2.919399,   45.503940,   77.8365,   34.8451
37151                         , 1, 43,  0.003063,  142.7442,    1.334770, 10, 125,   1260,  0,   23.053037,    2.919399,   45.503940,   77.8365,   34.8451
37151                         , 1, 43,  0.003063,  142.7442,    1.334770, 10, 200,   2010,  0,   23.053037,    2.919399,   45.503940,   77.8365,   34.8451
37151                         , 1, 43,  0.003063,  142.7442,    1.334770, 10, 500,   5010,  0,   23.053037,    2.919399,   45.503940,   77.8365,   34.8451
37151                         , 1, 43,  0.003063,  142.7442,    1.334770, 14,  10,    154,  0,   12.603854,    2.919399,   21.195510,   66.6805,    6.2791
37151                         , 1, 43,  0.003063,  142.7442,    1.334770, 14,  20,    294,  0,   12.327948,    2.919399,   19.156887,   67.2421,    6.7445
37151                         , 1, 43,  0.003063,  142.7442,    1.334770, 14,  40,    574,  0,   11.756381,    2.919399,   21.195510,   68.6846,    2.5981
37151                         , 1, 43,  0.003063,  142.7442,    1.334770, 14,  75,   1064,  0,   10.614884,    2.919399,   13.048942,   68.6846,    2.5981
37151                         , 1, 43,  0.003063,  142.7442,    1.334770, 14, 125,   1764,  0,   10.641994,    2.919399,   12.664331,   68.6846,    2.5981
37151                         , 1, 43,  0.003063,  142.7442,    1.334770, 14, 200,   2814,  0,   10.342970,    2.919399,   11.171273,   68.6846,    2.5981
37151                         , 1, 43,  0.003063,  142.7442,    1.334770, 14, 500,   7014,  0,   10.342499,    2.919399,   11.169465,   68.6846,    2.5981
37151                         , 1, 43,  0.003063,  142.7442,    1.334770, 20,  10,    220,  0,    9.858607,    2.913090,   24.750136,   59.1581,    8.5606
37151                         , 1, 43,  0.003063,  142.7442,    1.334770, 20,  20,    420,  0,    9.858607,    2.913090,   24.750136,   59.1581,    8.5606
37151                         , 1, 43,  0.003063,  142.7442,    1.334770, 20,  40,    820,  0,    7.267790,    1.849361,   19.156887,   56.3747,    4.0970
37151                         , 1, 43,  0.003063,  142.7442,    1.334770, 20,  75,   1520,  0,    5.709146,    1.481482,   13.981445,   57.1867,    4.5519
37151                         , 1, 43,  0.003063,  142.7442,    1.334770, 20, 125,   2520,  0,    4.944781,    1.481482,   11.316336,   58.3827,    3.9095
37151                         , 1, 43,  0.003063,  142.7442,    1.334770, 20, 200,   4020,  0,    3.495775,    1.481482,    6.733735,   57.7308,    3.0621
37151                         , 1, 43,  0.003063,  142.7442,    1.334770, 20, 500,  10020,  4,    2.577891,    0.948523,    5.100361,   57.8493,    2.2962
37151                         , 2, 47,  0.012331,  142.7442,    1.823354,  4,  10,     44,  0,   42.849301,   42.849300,   42.849302,   60.8686,    0.0000
37151                         , 2, 47,  0.012331,  142.7442,    1.823354,  4,  20,     84,  0,   42.849300,   42.849300,   42.849302,   60.8686,    0.0000
37151                         , 2, 47,  0.012331,  142.7442,    1.823354,  4,  40,    164,  0,   42.849300,   42.849300,   42.849301,   60.8686,    0.0000
37151                         , 2, 47,  0.012331,  142.7442,    1.823354,  4,  75,    304,  0,   42.849300,   42.849300,   42.849301,   60.8686,    0.0000
37151                         , 2, 47,  0.012331,  142.7442,    1.823354,  4, 125,    504,  0,   42.849300,   42.849300,   42.849300,   60.8686,    0.0000
37151                         , 2, 47,  0.012331,  142.7442,    1.823354,  4, 200,    804,  0,   42.849300,   42.849300,   42.849300,   60.8686,    0.0000
37151                         , 2, 47,  0.012331,  142.7442,    1.823354,  4, 500,   2004,  0,   42.849300,   42.849300,   42.849300,   60.8686,    0.0000
37151                         , 2, 47,  0.012331,  142.7442,    1.823354,  6,  10,     66,  0,   42.849264,   42.849234,   42.849292,   60.8686,    0.0000
37151                         , 2, 47,  0.012331,  142.7442,    1.823354,  6,  20,    126,  0,   42.849260,   42.849236,   42.849274,   60.8686,    0.0000
37151                         , 2, 47,  0.012331,  142.7442,    1.823354,  6,  40,    246,  0,   42.849253,   42.849233,   42.849272,   60.8686,    0.0000
37151                         , 2, 47,  0.012331,  142.7442,    1.823354,  6,  75,    456,  0,   42.849245,   42.849231,   42.849270,   60.8686,    0.0000
37151                         , 2, 47,  0.012331,  142.7442,    1.823354,  6, 125,    756,  0,   42.849240,   42.849231,   42.849252,   60.8686,    0.0000
37151                         , 2, 47,  0.012331,  142.7442,    1.823354,  6, 200,   1206,  0,   42.849236,   42.849231,   42.849252,   60.8686,    0.0000
37151                         , 2, 47,  0.012331,  142.7442,    1.823354,  6, 500,   3006,  0,   42.849232,   42.849231,   42.849234,   60.8686,    0.0000
37151                         , 2, 47,  0.012331,  142.7442,    1.823354,  8,  10,     88,  0,   41.026714,   24.660268,   42.845891,   61.1457,    0.8312
37151                         , 2, 47,  0.012331,  142.7442,    1.823354,  8,  20,    168,  0,   41.026722,   24.660268,   42.845891,   61.1457,    0.8312
37151                         , 2, 47,  0.012331,  142.7442,    1.823354,  8,  40,    328,  0,   41.026567,   24.660268,   42.845556,   61.1457,    0.8312
37151                         , 2, 47,  0.012331,  142.7442,    1.823354,  8,  75,    608,  0,   41.026556,   24.660268,   42.845398,   61.1457,    0.8312
37151                         , 2, 47,  0.012331,  142.7442,    1.823354,  8, 125,   1008,  0,   41.026506,   24.660268,   42.845115,   61.1457,    0.8312
37151                         , 2, 47,  0.012331,  142.7442,    1.823354,  8, 200,   1608,  0,   41.026491,   24.660268,   42.845115,   61.1457,    0.8312
37151                         , 2, 47,  0.012331,  142.7442,    1.823354,  8, 500,   4008,  0,   41.026439,   24.660268,   42.844954,   61.1457,    0.8312
37151                         , 2, 47,  0.012331,  142.7442,    1.823354, 10,  10,    110,  0,   41.034367,   24.660268,   42.891538,   61.1457,    0.8312
37151                         , 2, 47,  0.012331,  142.7442,    1.823354, 10,  20,    210,  0,   41.027592,   24.660268,   42.877976,   61.1457,    0.8312
37151                         , 2, 47,  0.012331,  142.7442,    1.823354, 10,  40,    410,  0,   41.017121,   24.660268,   42.876521,   61.1457,    0.8312
37151                         , 2, 47,  0.012331,  142.7442,    1.823354, 10,  75,    760,  0,   41.012048,   24.660268,   42.876521,   61.1457,    0.8312
37151                         , 2, 47,  0.012331,  142.7442,    1.823354, 10, 125,   1260,  0,   41.007692,   24.660268,   42.876521,   61.1457,    0.8312
37151                         , 2, 47,  0.012331,  142.7442,    1.823354, 10, 200,   2010,  0,   41.000867,   24.660268,   42.839595,   61.1457,    0.8312
37151                         , 2, 47,  0.012331,  142.7442,    1.823354, 10, 500,   5010,  0,   40.996049,   24.660268,   42.814359,   61.1457,    0.8312
37151                         , 2, 47,  0.012331,  142.7442,    1.823354, 14,  10,    154,  0,   18.819973,   18.429797,   20.444024,   61.4415,    0.0617
37151                         , 2, 47,  0.012331,  142.7442,    1.823354, 14,  20,    294,  0,   18.558193,   18.464158,   19.027572,   61.4275,    0.0370
37151                         , 2, 47,  0.012331,  142.7442,    1.823354, 14,  40,    574,  0,   18.508882,   18.307525,   18.962880,   61.4118,    0.0581
37151                         , 2, 47,  0.012331,  142.7442,    1.823354, 14,  75,   1064,  0,   18.462769,   18.308808,   18.592019,   61.3997,    0.0339
37151                         , 2, 47,  0.012331,  142.7442,    1.823354, 14, 125,   1764,  0,   18.403669,   18.308148,   18.600052,   61.3774,    0.0363
37151                         , 2, 47,  0.012331,  142.7442,    1.823354, 14, 200,   2814,  0,   18.379288,   18.308839,   18.474609,   61.3700,    0.0339
37151                         , 2, 47,  0.012331,  142.7442,    1.823354, 14, 500,   7014,  0,   18.276764,   17.981981,   18.315049,   61.2999,    0.1438
37151                         , 2, 47,  0.012331,  142.7442,    1.823354, 20,  10,    220,  0,   39.308805,    9.105465,   88.507382,   66.1349,   19.9213
37151                         , 2, 47,  0.012331,  142.7442,    1.823354, 20,  20,    420,  0,   28.159644,    8.954042,   58.655451,   58.6940,   10.4306
37151                         , 2, 47,  0.012331,  142.7442,    1.823354, 20,  40,    820,  0,   24.646837,    3.327124,   54.572828,   54.7102,    8.8459
37151                         , 2, 47,  0.012331,  142.7442,    1.823354, 20,  75,   1520,  0,   18.564599,    2.535938,   32.676022,   55.1469,    7.0491
37151                         , 2, 47,  0.012331,  142.7442,    1.823354, 20, 125,   2520,  1,   13.299410,    1.845396,   30.510546,   54.1885,    6.2129
37151                         , 2, 47,  0.012331,  142.7442,    1.823354, 20, 200,   4020,  2,   11.318479,    1.776425,   28.467399,   54.7409,    4.9561
37151                         , 2, 47,  0.012331,  142.7442,    1.823354, 20, 500,  10020,  3,    7.791202,    1.776425,   25.853238,   55.1573,    4.2987
37151                         , 3, 52,  0.010581,  142.2181,    4.692104,  4,  10,     44,  0,   55.846977,   23.390414,   71.589476,  110.8030,   35.4161
37151                         , 3, 52,  0.010581,  142.2181,    4.692104,  4,  20,     84,  0,   55.846977,   23.390414,   71.589476,  110.8030,   35.4161
37151                         , 3, 52,  0.010581,  142.2181,    4.692104,  4,  40,    164,  0,   55.846977,   23.390414,   71.589476,  110.8030,   35.4161
37151                         , 3, 52,  0.010581,  142.2181,    4.692104,  4,  75,    304,  0,   55.846977,   23.390414,   71.589476,  110.8030,   35.4161
37151                         , 3, 52,  0.010581,  142.2181,    4.692104,  4, 125,    504,  0,   55.846977,   23.390414,   71.589476,  110.8030,   35.4161
37151                         , 3, 52,  0.010581,  142.2181,    4.692104,  4, 200,    804,  0,   55.846977,   23.390414,   71.589476,  110.8030,   35.4161
37151                         , 3, 52,  0.010581,  142.2181,    4.692104,  4, 500,   2004,  0,   55.846977,   23.390414,   71.589475,  110.8030,   35.4161
37151                         , 3, 52,  0.010581,  142.2181,    4.692104,  6,  10,     66,  0,   53.511919,   23.390414,   67.697716,   88.8059,   17.7617
37151                         , 3, 52,  0.010581,  142.2181,    4.692104,  6,  20,    126,  0,   53.511917,   23.390414,   67.697716,   88.8059,   17.7617
37151                         , 3, 52,  0.010581,  142.2181,    4.692104,  6,  40,    246,  0,   53.511913,   23.390414,   67.697709,   88.8059,   17.7617
37151                         , 3, 52,  0.010581,  142.2181,    4.692104,  6,  75,    456,  0,   53.511913,   23.390414,   67.697709,   88.8059,   17.7617
37151                         , 3, 52,  0.010581,  142.2181,    4.692104,  6, 125,    756,  0,   53.511913,   23.390414,   67.697709,   88.8059,   17.7617
37151                         , 3, 52,  0.010581,  142.2181,    4.692104,  6, 200,   1206,  0,   53.511913,   23.390414,   67.697709,   88.8059,   17.7617
37151                         , 3, 52,  0.010581,  142.2181,    4.692104,  6, 500,   3006,  0,   53.511912,   23.390414,   67.697707,   88.8059,   17.7617
37151                         , 3, 52,  0.010581,  142.2181,    4.692104,  8,  10,     88,  0,   51.039913,   23.390414,   67.697725,   88.4346,   19.8233
37151                         , 3, 52,  0.010581,  142.2181,    4.692104,  8,  20,    168,  0,   51.039895,   23.390414,   67.697710,   88.4346,   19.8233
37151                         , 3, 52,  0.010581,  142.2181,    4.692104,  8,  40,    328,  0,   51.039793,   23.390414,   67.697710,   88.4346,   19.8233
37151                         , 3, 52,  0.010581,  142.2181,    4.692104,  8,  75,    608,  0,   51.039621,   23.390414,   67.697337,   88.4346,   19.8233
37151                         , 3, 52,  0.010581,  142.2181,    4.692104,  8, 125,   1008,  0,   51.039540,   23.390414,   67.696599,   88.4346,   19.8233
37151                         , 3, 52,  0.010581,  142.2181,    4.692104,  8, 200,   1608,  0,   51.039488,   23.390414,   67.696224,   88.4346,   19.8233
37151                         , 3, 52,  0.010581,  142.2181,    4.692104,  8, 500,   4008,  0,   51.039468,   23.390414,   67.696220,   88.4346,   19.8233
37151                         , 3, 52,  0.010581,  142.2181,    4.692104, 10,  10,    110,  0,   51.039517,   23.390414,   67.728679,   88.4346,   19.8233
37151                         , 3, 52,  0.010581,  142.2181,    4.692104, 10,  20,    210,  0,   51.038482,   23.390414,   67.728679,   88.4346,   19.8233
37151                         , 3, 52,  0.010581,  142.2181,    4.692104, 10,  40,    410,  0,   51.035461,   23.390414,   67.698462,   88.4346,   19.8233
37151                         , 3, 52,  0.010581,  142.2181,    4.692104, 10,  75,    760,  0,   51.035461,   23.390414,   67.698462,   88.4346,   19.8233
37151                         , 3, 52,  0.010581,  142.2181,    4.692104, 10, 125,   1260,  0,   51.035461,   23.390414,   67.698462,   88.4346,   19.8233
37151                         , 3, 52,  0.010581,  142.2181,    4.692104, 10, 200,   2010,  0,   51.035326,   23.390414,   67.698462,   88.4346,   19.8233
37151                         , 3, 52,  0.010581,  142.2181,    4.692104, 10, 500,   5010,  0,   51.033037,   23.390414,   67.680864,   88.4346,   19.8233
37151                         , 3, 52,  0.010581,  142.2181,    4.692104, 14,  10,    154,  0,   43.919031,   23.390414,   68.644436,   84.4192,   23.3446
37151                         , 3, 52,  0.010581,  142.2181,    4.692104, 14,  20,    294,  0,   42.908508,   23.390414,   65.086518,   80.8637,   16.3475
37151                         , 3, 52,  0.010581,  142.2181,    4.692104, 14,  40,    574,  0,   42.386305,   23.390414,   59.907168,   80.8628,   16.3463
37151                         , 3, 52,  0.010581,  142.2181,    4.692104, 14,  75,   1064,  0,   43.189243,   23.390414,   64.992606,   80.7530,   16.1941
37151                         , 3, 52,  0.010581,  142.2181,    4.692104, 14, 125,   1764,  0,   42.400439,   23.390414,   62.317449,   80.8637,   16.3475
37151                         , 3, 52,  0.010581,  142.2181,    4.692104, 14, 200,   2814,  0,   41.931436,   23.390414,   57.614981,   80.8628,   16.3463
37151                         , 3, 52,  0.010581,  142.2181,    4.692104, 14, 500,   7014,  0,   41.929860,   23.390414,   57.610669,   80.8628,   16.3463
37151                         , 3, 52,  0.010581,  142.2181,    4.692104, 20,  10,    220,  0,   32.497871,   10.385591,   58.242058,   70.9114,   11.7506
37151                         , 3, 52,  0.010581,  142.2181,    4.692104, 20,  20,    420,  0,   28.787957,   10.347174,   55.723015,   70.8755,   10.7136
37151                         , 3, 52,  0.010581,  142.2181,    4.692104, 20,  40,    820,  2,   20.494073,    1.589453,   41.345968,   71.7440,    6.9820
37151                         , 3, 52,  0.010581,  142.2181,    4.692104, 20,  75,   1520,  2,   15.143158,    1.589453,   30.248354,   71.9066,    4.1585
37151                         , 3, 52,  0.010581,  142.2181,    4.692104, 20, 125,   2520,  3,   14.518849,    1.589453,   30.248354,   72.6574,    3.7599
37151                         , 3, 52,  0.010581,  142.2181,    4.692104, 20, 200,   4020,  3,   11.717940,    1.589453,   30.248354,   71.6492,    4.2566
37151                         , 3, 52,  0.010581,  142.2181,    4.692104, 20, 500,  10020,  7,    4.158460,    1.323564,   11.592828,   69.5483,    0.7960
37151                         , 4, 46,  0.008633,   71.3721,    3.099613,  4,  10,     44, 10,    3.099612,    3.099612,    3.099613,   64.1443,    0.0000
37151                         , 4, 46,  0.008633,   71.3721,    3.099613,  4,  20,     84, 10,    3.099612,    3.099612,    3.099613,   64.1443,    0.0000
37151                         , 4, 46,  0.008633,   71.3721,    3.099613,  4,  40,    164, 10,    3.099612,    3.099612,    3.099613,   64.1443,    0.0000
37151                         , 4, 46,  0.008633,   71.3721,    3.099613,  4,  75,    304, 10,    3.099612,    3.099612,    3.099612,   64.1443,    0.0000
37151                         , 4, 46,  0.008633,   71.3721,    3.099613,  4, 125,    504, 10,    3.099612,    3.099612,    3.099612,   64.1443,    0.0000
37151                         , 4, 46,  0.008633,   71.3721,    3.099613,  4, 200,    804, 10,    3.099612,    3.099612,    3.099612,   64.1443,    0.0000
37151                         , 4, 46,  0.008633,   71.3721,    3.099613,  4, 500,   2004, 10,    3.099612,    3.099612,    3.099612,   64.1443,    0.0000
37151                         , 4, 46,  0.008633,   71.3721,    3.099613,  6,  10,     66, 10,    3.099613,    3.099597,    3.099631,   64.1443,    0.0000
37151                         , 4, 46,  0.008633,   71.3721,    3.099613,  6,  20,    126, 10,    3.099611,    3.099597,    3.099624,   64.1443,    0.0000
37151                         , 4, 46,  0.008633,   71.3721,    3.099613,  6,  40,    246, 10,    3.099605,    3.099597,    3.099613,   64.1443,    0.0000
37151                         , 4, 46,  0.008633,   71.3721,    3.099613,  6,  75,    456, 10,    3.099604,    3.099597,    3.099613,   64.1443,    0.0000
37151                         , 4, 46,  0.008633,   71.3721,    3.099613,  6, 125,    756, 10,    3.099602,    3.099597,    3.099611,   64.1443,    0.0000
37151                         , 4, 46,  0.008633,   71.3721,    3.099613,  6, 200,   1206, 10,    3.099601,    3.099594,    3.099611,   64.1443,    0.0000
37151                         , 4, 46,  0.008633,   71.3721,    3.099613,  6, 500,   3006, 10,    3.099598,    3.099594,    3.099600,   64.1443,    0.0000
37151                         , 4, 46,  0.008633,   71.3721,    3.099613,  8,  10,     88, 10,    3.099003,    3.098287,    3.100516,   64.1443,    0.0000
37151                         , 4, 46,  0.008633,   71.3721,    3.099613,  8,  20,    168, 10,    3.098949,    3.098287,    3.099538,   64.1443,    0.0000
37151                         , 4, 46,  0.008633,   71.3721,    3.099613,  8,  40,    328, 10,    3.098873,    3.098287,    3.099538,   64.1443,    0.0000
37151                         , 4, 46,  0.008633,   71.3721,    3.099613,  8,  75,    608, 10,    3.098667,    3.098287,    3.099110,   64.1443,    0.0000
37151                         , 4, 46,  0.008633,   71.3721,    3.099613,  8, 125,   1008, 10,    3.098589,    3.098287,    3.098828,   64.1443,    0.0000
37151                         , 4, 46,  0.008633,   71.3721,    3.099613,  8, 200,   1608, 10,    3.098569,    3.098287,    3.098816,   64.1443,    0.0000
37151                         , 4, 46,  0.008633,   71.3721,    3.099613,  8, 500,   4008, 10,    3.098463,    3.098287,    3.098816,   64.1443,    0.0000
37151                         , 4, 46,  0.008633,   71.3721,    3.099613, 10,  10,    110, 10,    3.079896,    3.063021,    3.098108,   64.1443,    0.0000
37151                         , 4, 46,  0.008633,   71.3721,    3.099613, 10,  20,    210, 10,    3.077957,    3.063021,    3.088950,   64.1443,    0.0000
37151                         , 4, 46,  0.008633,   71.3721,    3.099613, 10,  40,    410, 10,    3.075575,    3.063021,    3.088950,   64.1443,    0.0000
37151                         , 4, 46,  0.008633,   71.3721,    3.099613, 10,  75,    760, 10,    3.073542,    3.062926,    3.088950,   64.1443,    0.0000
37151                         , 4, 46,  0.008633,   71.3721,    3.099613, 10, 125,   1260, 10,    3.067788,    3.062883,    3.080597,   64.1443,    0.0000
37151                         , 4, 46,  0.008633,   71.3721,    3.099613, 10, 200,   2010, 10,    3.066908,    3.062883,    3.078525,   64.1443,    0.0000
37151                         , 4, 46,  0.008633,   71.3721,    3.099613, 10, 500,   5010, 10,    3.064886,    3.062883,    3.071371,   64.1443,    0.0000
37151                         , 4, 46,  0.008633,   71.3721,    3.099613, 14,  10,    154,  0,   13.949319,    4.707766,   20.836969,   58.7056,    4.3012
37151                         , 4, 46,  0.008633,   71.3721,    3.099613, 14,  20,    294,  0,   13.741295,    4.707766,   18.439289,   58.7056,    4.3012
37151                         , 4, 46,  0.008633,   71.3721,    3.099613, 14,  40,    574,  0,   11.060938,    4.707766,   17.160149,   60.1986,    4.1225
37151                         , 4, 46,  0.008633,   71.3721,    3.099613, 14,  75,   1064,  0,   11.565718,    4.707766,   17.157238,   59.5215,    4.3234
37151                         , 4, 46,  0.008633,   71.3721,    3.099613, 14, 125,   1764,  1,    9.888069,    3.220594,   17.162612,   60.5757,    4.3707
37151                         , 4, 46,  0.008633,   71.3721,    3.099613, 14, 200,   2814,  2,    6.389353,    3.116348,   17.151804,   63.2522,    2.6765
37151                         , 4, 46,  0.008633,   71.3721,    3.099613, 14, 500,   7014,  1,    5.494297,    3.194505,    6.815114,   63.9825,    0.4855
37151                         , 4, 46,  0.008633,   71.3721,    3.099613, 20,  10,    220,  1,   13.722086,    2.800403,   27.049357,   62.7094,    7.4915
37151                         , 4, 46,  0.008633,   71.3721,    3.099613, 20,  20,    420,  1,   11.657528,    2.800403,   22.358963,   63.9990,    6.6305
37151                         , 4, 46,  0.008633,   71.3721,    3.099613, 20,  40,    820,  1,   10.515725,    2.800403,   22.358963,   63.2885,    6.3947
37151                         , 4, 46,  0.008633,   71.3721,    3.099613, 20,  75,   1520,  3,    8.103564,    2.157647,   17.773436,   65.3458,    5.5866
37151                         , 4, 46,  0.008633,   71.3721,    3.099613, 20, 125,   2520,  3,    7.129961,    2.157647,   17.355764,   64.8683,    3.1074
37151                         , 4, 46,  0.008633,   71.3721,    3.099613, 20, 200,   4020,  6,    5.597823,    1.748416,   17.355764,   63.9177,    2.7003
37151                         , 4, 46,  0.008633,   71.3721,    3.099613, 20, 500,  10020,  6,    3.886312,    1.439574,   11.237679,   63.7264,    1.8746
37151                         , 5, 40,  0.015628,   35.6861,    9.909864,  4,  10,     44,  0,   50.030226,   24.444144,   57.615870,   56.4967,    5.9401
37151                         , 5, 40,  0.015628,   35.6861,    9.909864,  4,  20,     84,  0,   50.030226,   24.444144,   57.615870,   56.4967,    5.9401
37151                         , 5, 40,  0.015628,   35.6861,    9.909864,  4,  40,    164,  0,   50.030226,   24.444144,   57.615870,   56.4967,    5.9401
37151                         , 5, 40,  0.015628,   35.6861,    9.909864,  4,  75,    304,  0,   50.030226,   24.444144,   57.615870,   56.4967,    5.9401
37151                         , 5, 40,  0.015628,   35.6861,    9.909864,  4, 125,    504,  0,   50.030226,   24.444144,   57.615870,   56.4967,    5.9401
37151                         , 5, 40,  0.015628,   35.6861,    9.909864,  4, 200,    804,  0,   50.030226,   24.444144,   57.615869,   56.4967,    5.9401
37151                         , 5, 40,  0.015628,   35.6861,    9.909864,  4, 500,   2004,  0,   50.030226,   24.444144,   57.615869,   56.4967,    5.9401
37151                         , 5, 40,  0.015628,   35.6861,    9.909864,  6,  10,     66,  0,   49.376251,   24.444144,   57.615906,   55.8329,    4.1953
37151                         , 5, 40,  0.015628,   35.6861,    9.909864,  6,  20,    126,  0,   49.376251,   24.444144,   57.615906,   55.8329,    4.1953
37151                         , 5, 40,  0.015628,   35.6861,    9.909864,  6,  40,    246,  0,   49.376246,   24.444144,   57.615899,   55.8329,    4.1953
37151                         , 5, 40,  0.015628,   35.6861,    9.909864,  6,  75,    456,  0,   49.376241,   24.444144,   57.615888,   55.8329,    4.1953
37151                         , 5, 40,  0.015628,   35.6861,    9.909864,  6, 125,    756,  0,   49.376238,   24.444144,   57.615886,   55.8329,    4.1953
37151                         , 5, 40,  0.015628,   35.6861,    9.909864,  6, 200,   1206,  0,   49.376234,   24.444144,   57.615885,   55.8329,    4.1953
37151                         , 5, 40,  0.015628,   35.6861,    9.909864,  6, 500,   3006,  0,   49.376228,   24.444144,   57.615860,   55.8329,    4.1953
37151                         , 5, 40,  0.015628,   35.6861,    9.909864,  8,  10,     88,  0,   35.019397,   24.444144,   36.750808,   55.2961,    3.2090
37151                         , 5, 40,  0.015628,   35.6861,    9.909864,  8,  20,    168,  0,   35.019348,   24.444144,   36.750808,   55.2961,    3.2090
37151                         , 5, 40,  0.015628,   35.6861,    9.909864,  8,  40,    328,  0,   35.019297,   24.444144,   36.750808,   55.2961,    3.2090
37151                         , 5, 40,  0.015628,   35.6861,    9.909864,  8,  75,    608,  0,   35.019212,   24.444144,   36.750808,   55.2961,    3.2090
37151                         , 5, 40,  0.015628,   35.6861,    9.909864,  8, 125,   1008,  0,   35.019105,   24.444144,   36.750373,   55.2961,    3.2090
37151                         , 5, 40,  0.015628,   35.6861,    9.909864,  8, 200,   1608,  0,   35.019074,   24.444144,   36.750338,   55.2961,    3.2090
37151                         , 5, 40,  0.015628,   35.6861,    9.909864,  8, 500,   4008,  0,   35.018998,   24.444144,   36.749765,   55.2961,    3.2090
37151                         , 5, 40,  0.015628,   35.6861,    9.909864, 10,  10,    110,  0,   35.037568,   24.444144,   36.846043,   55.2961,    3.2090
37151                         , 5, 40,  0.015628,   35.6861,    9.909864, 10,  20,    210,  0,   35.031825,   24.444144,   36.846043,   55.2961,    3.2090
37151                         , 5, 40,  0.015628,   35.6861,    9.909864, 10,  40,    410,  0,   35.018578,   24.444144,   36.791160,   55.2961,    3.2090
37151                         , 5, 40,  0.015628,   35.6861,    9.909864, 10,  75,    760,  0,   35.012758,   24.444144,   36.791160,   55.2961,    3.2090
37151                         , 5, 40,  0.015628,   35.6861,    9.909864, 10, 125,   1260,  0,   35.007928,   24.444144,   36.758151,   55.2961,    3.2090
37151                         , 5, 40,  0.015628,   35.6861,    9.909864, 10, 200,   2010,  0,   35.006734,   24.444144,   36.747575,   55.2961,    3.2090
37151                         , 5, 40,  0.015628,   35.6861,    9.909864, 10, 500,   5010,  0,   35.000567,   24.444144,   36.735209,   55.2961,    3.2090
37151                         , 5, 40,  0.015628,   35.6861,    9.909864, 14,  10,    154,  0,   28.852021,   10.827041,   38.395698,   54.5246,    5.0141
37151                         , 5, 40,  0.015628,   35.6861,    9.909864, 14,  20,    294,  0,   28.760795,   10.827041,   35.105478,   53.4853,    3.2653
37151                         , 5, 40,  0.015628,   35.6861,    9.909864, 14,  40,    574,  0,   28.439844,   10.827041,   35.214336,   53.8968,    2.5290
37151                         , 5, 40,  0.015628,   35.6861,    9.909864, 14,  75,   1064,  0,   25.484034,   10.827041,   29.516259,   54.2273,    2.5489
37151                         , 5, 40,  0.015628,   35.6861,    9.909864, 14, 125,   1764,  0,   25.807992,   10.827041,   29.302954,   54.3271,    2.5959
37151                         , 5, 40,  0.015628,   35.6861,    9.909864, 14, 200,   2814,  0,   25.289112,   10.827041,   28.287754,   54.1650,    2.5155
37151                         , 5, 40,  0.015628,   35.6861,    9.909864, 14, 500,   7014,  0,   24.654354,   10.827041,   27.021440,   54.1121,    2.4862
37151                         , 5, 40,  0.015628,   35.6861,    9.909864, 20,  10,    220,  0,   29.409995,   10.827038,   44.751151,   55.2551,    6.7903
37151                         , 5, 40,  0.015628,   35.6861,    9.909864, 20,  20,    420,  0,   25.838627,   10.827038,   44.751151,   53.1575,    5.0128
37151                         , 5, 40,  0.015628,   35.6861,    9.909864, 20,  40,    820,  1,   21.877486,    9.887132,   40.060516,   51.8119,    4.1421
37151                         , 5, 40,  0.015628,   35.6861,    9.909864, 20,  75,   1520,  1,   17.465746,    9.461950,   35.120958,   50.5977,    4.5241
37151                         , 5, 40,  0.015628,   35.6861,    9.909864, 20, 125,   2520,  1,   13.667377,    9.417423,   23.351518,   48.6734,    2.9698
37151                         , 5, 40,  0.015628,   35.6861,    9.909864, 20, 200,   4020,  1,   12.977427,    9.417423,   17.976550,   47.7701,    1.2772
37151                         , 5, 40,  0.015628,   35.6861,    9.909864, 20, 500,  10020,  3,   11.770240,    9.417423,   16.579428,   47.4682,    1.0544
37151                         , 6, 43,  0.022209,   53.5291,   17.457267,  4,  10,     44,  0,   59.717916,   51.586728,   60.946769,   72.3473,    4.8280
37151                         , 6, 43,  0.022209,   53.5291,   17.457267,  4,  20,     84,  0,   59.717916,   51.586728,   60.946769,   72.3473,    4.8280
37151                         , 6, 43,  0.022209,   53.5291,   17.457267,  4,  40,    164,  0,   59.717916,   51.586728,   60.946768,   72.3473,    4.8280
37151                         , 6, 43,  0.022209,   53.5291,   17.457267,  4,  75,    304,  0,   59.717916,   51.586728,   60.946768,   72.3473,    4.8280
37151                         , 6, 43,  0.022209,   53.5291,   17.457267,  4, 125,    504,  0,   59.717916,   51.586728,   60.946768,   72.3473,    4.8280
37151                         , 6, 43,  0.022209,   53.5291,   17.457267,  4, 200,    804,  0,   59.717916,   51.586728,   60.946767,   72.3473,    4.8280
37151                         , 6, 43,  0.022209,   53.5291,   17.457267,  4, 500,   2004,  0,   59.717915,   51.586728,   60.946767,   72.3473,    4.8280
37151                         , 6, 43,  0.022209,   53.5291,   17.457267,  6,  10,     66,  0,   55.698761,   34.480497,   60.946736,   67.9666,   10.0756
37151                         , 6, 43,  0.022209,   53.5291,   17.457267,  6,  20,    126,  0,   55.698761,   34.480497,   60.946736,   67.9666,   10.0756
37151                         , 6, 43,  0.022209,   53.5291,   17.457267,  6,  40,    246,  0,   55.698760,   34.480497,   60.946736,   67.9666,   10.0756
37151                         , 6, 43,  0.022209,   53.5291,   17.457267,  6,  75,    456,  0,   55.698760,   34.480497,   60.946736,   67.9666,   10.0756
37151                         , 6, 43,  0.022209,   53.5291,   17.457267,  6, 125,    756,  0,   55.698759,   34.480497,   60.946733,   67.9666,   10.0756
37151                         , 6, 43,  0.022209,   53.5291,   17.457267,  6, 200,   1206,  0,   55.698758,   34.480497,   60.946732,   67.9666,   10.0756
37151                         , 6, 43,  0.022209,   53.5291,   17.457267,  6, 500,   3006,  0,   55.698756,   34.480497,   60.946726,   67.9666,   10.0756
37151                         , 6, 43,  0.022209,   53.5291,   17.457267,  8,  10,     88,  0,   53.021627,   32.400840,   60.945161,   63.6039,   13.3873
37151                         , 6, 43,  0.022209,   53.5291,   17.457267,  8,  20,    168,  0,   53.021627,   32.400840,   60.945161,   63.6039,   13.3873
37151                         , 6, 43,  0.022209,   53.5291,   17.457267,  8,  40,    328,  0,   53.021627,   32.400840,   60.945161,   63.6039,   13.3873
37151                         , 6, 43,  0.022209,   53.5291,   17.457267,  8,  75,    608,  0,   53.021576,   32.400840,   60.945161,   63.6039,   13.3873
37151                         , 6, 43,  0.022209,   53.5291,   17.457267,  8, 125,   1008,  0,   53.021501,   32.400840,   60.944711,   63.6039,   13.3873
37151                         , 6, 43,  0.022209,   53.5291,   17.457267,  8, 200,   1608,  0,   53.021520,   32.400840,   60.944591,   63.6039,   13.3873
37151                         , 6, 43,  0.022209,   53.5291,   17.457267,  8, 500,   4008,  0,   53.021400,   32.400840,   60.943594,   63.6039,   13.3873
37151                         , 6, 43,  0.022209,   53.5291,   17.457267, 10,  10,    110,  0,   52.900225,   32.400840,   60.874042,   60.1113,   14.8252
37151                         , 6, 43,  0.022209,   53.5291,   17.457267, 10,  20,    210,  0,   52.897992,   32.400840,   60.874042,   60.1113,   14.8252
37151                         , 6, 43,  0.022209,   53.5291,   17.457267, 10,  40,    410,  0,   52.895977,   32.400840,   60.853910,   60.1113,   14.8252
37151                         , 6, 43,  0.022209,   53.5291,   17.457267, 10,  75,    760,  0,   52.893968,   32.400840,   60.833823,   60.1113,   14.8252
37151                         , 6, 43,  0.022209,   53.5291,   17.457267, 10, 125,   1260,  0,   52.893968,   32.400840,   60.833823,   60.1113,   14.8252
37151                         , 6, 43,  0.022209,   53.5291,   17.457267, 10, 200,   2010,  0,   52.893896,   32.400840,   60.833823,   60.1113,   14.8252
37151                         , 6, 43,  0.022209,   53.5291,   17.457267, 10, 500,   5010,  0,   52.891898,   32.400840,   60.814829,   60.1113,   14.8252
37151                         , 6, 43,  0.022209,   53.5291,   17.457267, 14,  10,    154,  2,   32.757115,    7.340588,   61.559038,   57.7649,   13.9784
37151                         , 6, 43,  0.022209,   53.5291,   17.457267, 14,  20,    294,  2,   32.403857,    7.340588,   61.559038,   60.5469,   14.3302
37151                         , 6, 43,  0.022209,   53.5291,   17.457267, 14,  40,    574,  2,   31.951709,    7.340588,   42.728030,   58.8809,   12.2943
37151                         , 6, 43,  0.022209,   53.5291,   17.457267, 14,  75,   1064,  2,   28.401580,    7.340588,   36.472302,   58.9169,   11.9457
37151                         , 6, 43,  0.022209,   53.5291,   17.457267, 14, 125,   1764,  2,   29.114374,    7.340588,   36.472302,   56.1092,   11.4757
37151                         , 6, 43,  0.022209,   53.5291,   17.457267, 14, 200,   2814,  2,   28.903159,    7.340588,   36.668244,   58.9169,   11.9457
37151                         , 6, 43,  0.022209,   53.5291,   17.457267, 14, 500,   7014,  2,   26.692463,    7.340588,   36.448899,   56.7470,   11.2365
37151                         , 6, 43,  0.022209,   53.5291,   17.457267, 20,  10,    220,  5,   20.081565,    6.712671,   42.939769,   58.5906,    7.5815
37151                         , 6, 43,  0.022209,   53.5291,   17.457267, 20,  20,    420,  5,   17.992556,    1.206085,   42.939769,   58.7667,    7.3330
37151                         , 6, 43,  0.022209,   53.5291,   17.457267, 20,  40,    820,  7,   14.106550,    1.206085,   42.939769,   58.2557,    6.8985
37151                         , 6, 43,  0.022209,   53.5291,   17.457267, 20,  75,   1520,  7,   12.811900,    1.206085,   42.939769,   58.9214,    6.4921
37151                         , 6, 43,  0.022209,   53.5291,   17.457267, 20, 125,   2520,  7,   10.674181,    1.029928,   31.995382,   58.6187,    4.5808
37151                         , 6, 43,  0.022209,   53.5291,   17.457267, 20, 200,   4020,  7,    9.543122,    1.029928,   27.943295,   57.8866,    4.3031
37151                         , 6, 43,  0.022209,   53.5291,   17.457267, 20, 500,  10020,  7,    7.899938,    1.029928,   20.685245,   57.4496,    2.6510
37151                         , 7, 41,  0.034264,   26.7645,   14.392137,  4,  10,     44,  0,   85.012799,   25.705031,  117.518343,   59.2634,    4.5906
37151                         , 7, 41,  0.034264,   26.7645,   14.392137,  4,  20,     84,  0,   85.012799,   25.705031,  117.518343,   59.2634,    4.5906
37151                         , 7, 41,  0.034264,   26.7645,   14.392137,  4,  40,    164,  0,   85.012799,   25.705031,  117.518342,   59.2634,    4.5906
37151                         , 7, 41,  0.034264,   26.7645,   14.392137,  4,  75,    304,  0,   85.012799,   25.705031,  117.518340,   59.2634,    4.5906
37151                         , 7, 41,  0.034264,   26.7645,   14.392137,  4, 125,    504,  0,   85.012799,   25.705031,  117.518340,   59.2634,    4.5906
37151                         , 7, 41,  0.034264,   26.7645,   14.392137,  4, 200,    804,  0,   85.012799,   25.705031,  117.518340,   59.2634,    4.5906
37151                         , 7, 41,  0.034264,   26.7645,   14.392137,  4, 500,   2004,  0,   85.012799,   25.705031,  117.518340,   59.2634,    4.5906
37151                         , 7, 41,  0.034264,   26.7645,   14.392137,  6,  10,     66,  0,   77.346280,   25.705031,  117.518285,   60.1366,    5.0164
37151                         , 7, 41,  0.034264,   26.7645,   14.392137,  6,  20,    126,  0,   77.346280,   25.705031,  117.518285,   60.1366,    5.0164
37151                         , 7, 41,  0.034264,   26.7645,   14.392137,  6,  40,    246,  0,   77.346280,   25.705031,  117.518282,   60.1366,    5.0164
37151                         , 7, 41,  0.034264,   26.7645,   14.392137,  6,  75,    456,  0,   77.346280,   25.705031,  117.518282,   60.1366,    5.0164
37151                         , 7, 41,  0.034264,   26.7645,   14.392137,  6, 125,    756,  0,   77.346280,   25.705031,  117.518282,   60.1366,    5.0164
37151                         , 7, 41,  0.034264,   26.7645,   14.392137,  6, 200,   1206,  0,   77.346280,   25.705031,  117.518282,   60.1366,    5.0164
37151                         , 7, 41,  0.034264,   26.7645,   14.392137,  6, 500,   3006,  0,   77.346280,   25.705031,  117.518281,   60.1366,    5.0164
37151                         , 7, 41,  0.034264,   26.7645,   14.392137,  8,  10,     88,  1,   64.744074,    7.698407,  117.514060,   59.0207,    6.3656
37151                         , 7, 41,  0.034264,   26.7645,   14.392137,  8,  20,    168,  1,   64.744074,    7.698407,  117.514060,   59.0207,    6.3656
37151                         , 7, 41,  0.034264,   26.7645,   14.392137,  8,  40,    328,  1,   64.744074,    7.698407,  117.514060,   59.0207,    6.3656
37151                         , 7, 41,  0.034264,   26.7645,   14.392137,  8,  75,    608,  1,   64.744074,    7.698407,  117.514060,   59.0207,    6.3656
37151                         , 7, 41,  0.034264,   26.7645,   14.392137,  8, 125,   1008,  1,   64.744074,    7.698407,  117.514060,   59.0207,    6.3656
37151                         , 7, 41,  0.034264,   26.7645,   14.392137,  8, 200,   1608,  1,   64.744073,    7.698407,  117.514050,   59.0207,    6.3656
37151                         , 7, 41,  0.034264,   26.7645,   14.392137,  8, 500,   4008,  1,   64.744073,    7.698407,  117.514050,   59.0207,    6.3656
37151                         , 7, 41,  0.034264,   26.7645,   14.392137, 10,  10,    110,  1,   54.961185,    7.698407,  112.528219,   61.1229,    7.2158
37151                         , 7, 41,  0.034264,   26.7645,   14.392137, 10,  20,    210,  1,   54.961185,    7.698407,  112.528219,   61.1229,    7.2158
37151                         , 7, 41,  0.034264,   26.7645,   14.392137, 10,  40,    410,  1,   54.961185,    7.698407,  112.528219,   61.1229,    7.2158
37151                         , 7, 41,  0.034264,   26.7645,   14.392137, 10,  75,    760,  1,   54.961185,    7.698407,  112.528219,   61.1229,    7.2158
37151                         , 7, 41,  0.034264,   26.7645,   14.392137, 10, 125,   1260,  1,   54.961185,    7.698407,  112.528219,   61.1229,    7.2158
37151                         , 7, 41,  0.034264,   26.7645,   14.392137, 10, 200,   2010,  1,   54.961185,    7.698407,  112.528219,   61.1229,    7.2158
37151                         , 7, 41,  0.034264,   26.7645,   14.392137, 10, 500,   5010,  1,   54.961185,    7.698407,  112.528219,   61.1229,    7.2158
37151                         , 7, 41,  0.034264,   26.7645,   14.392137, 14,  10,    154,  1,   41.555850,    7.698407,   69.977983,   62.4871,    5.7300
37151                         , 7, 41,  0.034264,   26.7645,   14.392137, 14,  20,    294,  1,   38.527142,    7.698407,   49.761000,   62.9721,    5.2013
37151                         , 7, 41,  0.034264,   26.7645,   14.392137, 14,  40,    574,  1,   38.474088,    7.698407,   50.079221,   62.9706,    5.2027
37151                         , 7, 41,  0.034264,   26.7645,   14.392137, 14,  75,   1064,  1,   39.478372,    7.698407,   59.291926,   62.7547,    5.4448
37151                         , 7, 41,  0.034264,   26.7645,   14.392137, 14, 125,   1764,  1,   38.719697,    7.698407,   49.982998,   62.9736,    5.1999
37151                         , 7, 41,  0.034264,   26.7645,   14.392137, 14, 200,   2814,  1,   38.769969,    7.698407,   50.146736,   62.9397,    5.2331
37151                         , 7, 41,  0.034264,   26.7645,   14.392137, 14, 500,   7014,  1,   38.601049,    7.698407,   49.385964,   62.9721,    5.2013
37151                         , 7, 41,  0.034264,   26.7645,   14.392137, 20,  10,    220,  2,   35.767610,    7.698407,   86.131080,   65.5341,    7.4174
37151                         , 7, 41,  0.034264,   26.7645,   14.392137, 20,  20,    420,  3,   32.712033,    7.698407,   75.018304,   66.6187,    6.2952
37151                         , 7, 41,  0.034264,   26.7645,   14.392137, 20,  40,    820,  4,   23.757872,    7.698407,   59.836588,   68.6292,    4.8213
37151                         , 7, 41,  0.034264,   26.7645,   14.392137, 20,  75,   1520,  5,   21.672090,    7.281218,   59.836588,   69.4525,    4.7324
37151                         , 7, 41,  0.034264,   26.7645,   14.392137, 20, 125,   2520,  6,   15.283497,    6.666728,   31.000209,   70.4884,    2.3320
37151                         , 7, 41,  0.034264,   26.7645,   14.392137, 20, 200,   4020,  6,   12.508236,    6.622903,   22.873871,   70.4570,    1.8706
37151                         , 7, 41,  0.034264,   26.7645,   14.392137, 20, 500,  10020, 10,    8.436457,    6.622903,   11.527903,   71.6182,    0.5654
37151                         , 8,  9,  0.049006,   40.1468,  423.137888,  4,  10,     44,  0,  476.708737,  456.222209,  496.290136,   60.6013,   10.6281
37151                         , 8,  9,  0.049006,   40.1468,  423.137888,  4,  20,     84,  0,  476.708737,  456.222209,  496.290136,   60.6013,   10.6281
37151                         , 8,  9,  0.049006,   40.1468,  423.137888,  4,  40,    164,  0,  476.708737,  456.222209,  496.290136,   60.6013,   10.6281
37151                         , 8,  9,  0.049006,   40.1468,  423.137888,  4,  75,    304,  0,  476.708737,  456.222209,  496.290136,   60.6013,   10.6281
37151                         , 8,  9,  0.049006,   40.1468,  423.137888,  4, 125,    504,  0,  476.708737,  456.222209,  496.290136,   60.6013,   10.6281
37151                         , 8,  9,  0.049006,   40.1468,  423.137888,  4, 200,    804,  0,  476.708737,  456.222209,  496.290136,   60.6013,   10.6281
37151                         , 8,  9,  0.049006,   40.1468,  423.137888,  4, 500,   2004,  0,  476.708737,  456.222209,  496.290136,   60.6013,   10.6281
37151                         , 8,  9,  0.049006,   40.1468,  423.137888,  6,  10,     66,  1,  464.041654,  434.094529,  494.031953,   66.8236,    9.3206
37151                         , 8,  9,  0.049006,   40.1468,  423.137888,  6,  20,    126,  1,  464.041654,  434.094529,  494.031953,   66.8236,    9.3206
37151                         , 8,  9,  0.049006,   40.1468,  423.137888,  6,  40,    246,  1,  464.041654,  434.094529,  494.031953,   66.8236,    9.3206
37151                         , 8,  9,  0.049006,   40.1468,  423.137888,  6,  75,    456,  1,  464.041654,  434.094529,  494.031953,   66.8236,    9.3206
37151                         , 8,  9,  0.049006,   40.1468,  423.137888,  6, 125,    756,  1,  464.041654,  434.094529,  494.031953,   66.8236,    9.3206
37151                         , 8,  9,  0.049006,   40.1468,  423.137888,  6, 200,   1206,  1,  464.041654,  434.094529,  494.031953,   66.8236,    9.3206
37151                         , 8,  9,  0.049006,   40.1468,  423.137888,  6, 500,   3006,  1,  464.041654,  434.094529,  494.031953,   66.8236,    9.3206
37151                         , 8,  9,  0.049006,   40.1468,  423.137888,  8,  10,     88,  1,  459.987405,  434.094529,  487.198634,   70.1776,    6.5820
37151                         , 8,  9,  0.049006,   40.1468,  423.137888,  8,  20,    168,  1,  459.987405,  434.094529,  487.198634,   70.1776,    6.5820
37151                         , 8,  9,  0.049006,   40.1468,  423.137888,  8,  40,    328,  1,  459.987405,  434.094529,  487.198634,   70.1776,    6.5820
37151                         , 8,  9,  0.049006,   40.1468,  423.137888,  8,  75,    608,  1,  459.987405,  434.094529,  487.198634,   70.1776,    6.5820
37151                         , 8,  9,  0.049006,   40.1468,  423.137888,  8, 125,   1008,  1,  459.987405,  434.094529,  487.198634,   70.1776,    6.5820
37151                         , 8,  9,  0.049006,   40.1468,  423.137888,  8, 200,   1608,  1,  459.987405,  434.094529,  487.198634,   70.1776,    6.5820
37151                         , 8,  9,  0.049006,   40.1468,  423.137888,  8, 500,   4008,  1,  459.987405,  434.094529,  487.198634,   70.1776,    6.5820
37151                         , 8,  9,  0.049006,   40.1468,  423.137888, 10,  10,    110,  1,  457.837604,  434.094529,  487.198634,   70.7838,    6.1785
37151                         , 8,  9,  0.049006,   40.1468,  423.137888, 10,  20,    210,  1,  457.837604,  434.094529,  487.198634,   70.7838,    6.1785
37151                         , 8,  9,  0.049006,   40.1468,  423.137888, 10,  40,    410,  1,  457.837604,  434.094529,  487.198634,   70.7838,    6.1785
37151                         , 8,  9,  0.049006,   40.1468,  423.137888, 10,  75,    760,  1,  457.837604,  434.094529,  487.198634,   70.7838,    6.1785
37151                         , 8,  9,  0.049006,   40.1468,  423.137888, 10, 125,   1260,  1,  457.837604,  434.094529,  487.198634,   70.7838,    6.1785
37151                         , 8,  9,  0.049006,   40.1468,  423.137888, 10, 200,   2010,  1,  457.837604,  434.094529,  487.198634,   70.7838,    6.1785
37151                         , 8,  9,  0.049006,   40.1468,  423.137888, 10, 500,   5010,  1,  457.837604,  434.094529,  487.198634,   70.7838,    6.1785
37151                         , 8,  9,  0.049006,   40.1468,  423.137888, 14,  10,    154,  3,  447.584306,  419.258545,  467.678145,   72.5925,    3.9593
37151                         , 8,  9,  0.049006,   40.1468,  423.137888, 14,  20,    294,  3,  448.051483,  419.258545,  467.678145,   73.1570,    3.8058
37151                         , 8,  9,  0.049006,   40.1468,  423.137888, 14,  40,    574,  3,  446.332732,  419.258545,  461.847310,   71.8489,    3.9149
37151                         , 8,  9,  0.049006,   40.1468,  423.137888, 14,  75,   1064,  3,  447.584306,  419.258545,  467.678145,   72.5925,    3.9593
37151                         , 8,  9,  0.049006,   40.1468,  423.137888, 14, 125,   1764,  3,  446.463486,  419.258545,  461.847310,   71.8757,    3.8961
37151                         , 8,  9,  0.049006,   40.1468,  423.137888, 14, 200,   2814,  3,  445.677034,  419.258545,  461.847310,   71.8489,    3.9149
37151                         , 8,  9,  0.049006,   40.1468,  423.137888, 14, 500,   7014,  3,  445.184328,  419.258545,  456.920246,   71.8424,    3.9196
37151                         , 8,  9,  0.049006,   40.1468,  423.137888, 20,  10,    220,  6,  434.861149,  419.258544,  462.382962,   75.4037,    3.2996
37151                         , 8,  9,  0.049006,   40.1468,  423.137888, 20,  20,    420,  6,  434.861149,  419.258544,  462.382962,   75.4037,    3.2996
37151                         , 8,  9,  0.049006,   40.1468,  423.137888, 20,  40,    820,  7,  431.285486,  419.258544,  456.267465,   76.4214,    1.3700
37151                         , 8,  9,  0.049006,   40.1468,  423.137888, 20,  75,   1520,  7,  431.285486,  419.258544,  456.267465,   76.4214,    1.3700
37151                         , 8,  9,  0.049006,   40.1468,  423.137888, 20, 125,   2520,  7,  431.285486,  419.258544,  456.267465,   76.4214,    1.3700
37151                         , 8,  9,  0.049006,   40.1468,  423.137888, 20, 200,   4020,  7,  431.285486,  419.258544,  456.267465,   76.4214,    1.3700
37151                         , 8,  9,  0.049006,   40.1468,  423.137888, 20, 500,  10020,  7,  431.285486,  419.258544,  456.267465,   76.4214,    1.3700
39615                         , 1, 24,  0.024065,  127.3109,   15.782664,  4,  10,     44,  0,   47.154478,   47.154477,   47.154480,   83.8641,    0.0000
39615                         , 1, 24,  0.024065,  127.3109,   15.782664,  4,  20,     84,  0,   47.154477,   47.154477,   47.154480,   83.8641,    0.0000
39615                         , 1, 24,  0.024065,  127.3109,   15.782664,  4,  40,    164,  0,   47.154477,   47.154477,   47.154480,   83.8641,    0.0000
39615                         , 1, 24,  0.024065,  127.3109,   15.782664,  4,  75,    304,  0,   47.154477,   47.154476,   47.154479,   83.8641,    0.0000
39615                         , 1, 24,  0.024065,  127.3109,   15.782664,  4, 125,    504,  0,   47.154477,   47.154476,   47.154477,   83.8641,    0.0000
39615                         , 1, 24,  0.024065,  127.3109,   15.782664,  4, 200,    804,  0,   47.154477,   47.154476,   47.154477,   83.8641,    0.0000
39615                         , 1, 24,  0.024065,  127.3109,   15.782664,  4, 500,   2004,  0,   47.154477,   47.154476,   47.154477,   83.8641,    0.0000
39615                         , 1, 24,  0.024065,  127.3109,   15.782664,  6,  10,     66,  0,   34.874824,   34.874807,   34.874852,   83.8019,    0.0000
39615                         , 1, 24,  0.024065,  127.3109,   15.782664,  6,  20,    126,  0,   34.874824,   34.874807,   34.874852,   83.8019,    0.0000
39615                         , 1, 24,  0.024065,  127.3109,   15.782664,  6,  40,    246,  0,   34.874814,   34.874744,   34.874852,   83.8019,    0.0000
39615                         , 1, 24,  0.024065,  127.3109,   15.782664,  6,  75,    456,  0,   34.874791,   34.874744,   34.874832,   83.8019,    0.0000
39615                         , 1, 24,  0.024065,  127.3109,   15.782664,  6, 125,    756,  0,   34.874767,   34.874744,   34.874794,   83.8019,    0.0000
39615                         , 1, 24,  0.024065,  127.3109,   15.782664,  6, 200,   1206,  0,   34.874762,   34.874744,   34.874789,   83.8019,    0.0000
39615                         , 1, 24,  0.024065,  127.3109,   15.782664,  6, 500,   3006,  0,   34.874749,   34.874742,   34.874785,   83.8019,    0.0000
39615                         , 1, 24,  0.024065,  127.3109,   15.782664,  8,  10,     88,  0,   34.509391,   34.508578,   34.514271,   83.8019,    0.0000
39615                         , 1, 24,  0.024065,  127.3109,   15.782664,  8,  20,    168,  0,   34.509390,   34.508578,   34.514271,   83.8019,    0.0000
39615                         , 1, 24,  0.024065,  127.3109,   15.782664,  8,  40,    328,  0,   34.508717,   34.508578,   34.509073,   83.8019,    0.0000
39615                         , 1, 24,  0.024065,  127.3109,   15.782664,  8,  75,    608,  0,   34.508634,   34.508578,   34.508710,   83.8019,    0.0000
39615                         , 1, 24,  0.024065,  127.3109,   15.782664,  8, 125,   1008,  0,   34.508633,   34.508578,   34.508710,   83.8019,    0.0000
39615                         , 1, 24,  0.024065,  127.3109,   15.782664,  8, 200,   1608,  0,   34.508633,   34.508578,   34.508710,   83.8019,    0.0000
39615                         , 1, 24,  0.024065,  127.3109,   15.782664,  8, 500,   4008,  0,   34.508613,   34.508578,   34.508627,   83.8019,    0.0000
39615                         , 1, 24,  0.024065,  127.3109,   15.782664, 10,  10,    110,  0,   34.368494,   34.278997,   34.502296,   83.8019,    0.0000
39615                         , 1, 24,  0.024065,  127.3109,   15.782664, 10,  20,    210,  0,   34.355278,   34.278997,   34.438522,   83.8019,    0.0000
39615                         , 1, 24,  0.024065,  127.3109,   15.782664, 10,  40,    410,  0,   34.355138,   34.278997,   34.438522,   83.8019,    0.0000
39615                         , 1, 24,  0.024065,  127.3109,   15.782664, 10,  75,    760,  0,   34.348655,   34.275880,   34.438522,   83.8019,    0.0000
39615                         , 1, 24,  0.024065,  127.3109,   15.782664, 10, 125,   1260,  0,   34.329186,   34.275880,   34.398282,   83.8019,    0.0000
39615                         , 1, 24,  0.024065,  127.3109,   15.782664, 10, 200,   2010,  0,   34.311593,   34.275880,   34.375021,   83.8019,    0.0000
39615                         , 1, 24,  0.024065,  127.3109,   15.782664, 10, 500,   5010,  0,   34.289116,   34.272547,   34.331628,   83.8019,    0.0000
39615                         , 1, 24,  0.024065,  127.3109,   15.782664, 14,  10,    154,  0,   26.453301,   17.499084,   50.217434,   83.3916,    1.1897
39615                         , 1, 24,  0.024065,  127.3109,   15.782664, 14,  20,    294,  0,   26.581062,   22.178366,   43.065439,   83.0062,    1.5914
39615                         , 1, 24,  0.024065,  127.3109,   15.782664, 14,  40,    574,  2,   19.902093,   12.982882,   27.466272,   83.4041,    1.1942
39615                         , 1, 24,  0.024065,  127.3109,   15.782664, 14,  75,   1064,  1,   20.680815,   13.397549,   22.908115,   83.7895,    0.0670
39615                         , 1, 24,  0.024065,  127.3109,   15.782664, 14, 125,   1764,  2,   19.269548,   13.397549,   22.494358,   83.8144,    0.0373
39615                         , 1, 24,  0.024065,  127.3109,   15.782664, 14, 200,   2814,  1,   18.784395,   13.397549,   22.494300,   83.8144,    0.0373
39615                         , 1, 24,  0.024065,  127.3109,   15.782664, 14, 500,   7014,  2,   17.615370,   13.650761,   22.168550,   83.8206,    0.0285
39615                         , 1, 24,  0.024065,  127.3109,   15.782664, 20,  10,    220,  0,   68.721399,   28.442470,  122.615042,   85.8324,   11.4345
39615                         , 1, 24,  0.024065,  127.3109,   15.782664, 20,  20,    420,  2,   61.637340,   14.017870,  110.689087,   95.3123,   15.3697
39615                         , 1, 24,  0.024065,  127.3109,   15.782664, 20,  40,    820,  2,   53.211629,   14.017870,   98.486320,   89.6487,    9.5394
39615                         , 1, 24,  0.024065,  127.3109,   15.782664, 20,  75,   1520,  3,   44.509279,   12.820823,   94.668069,   88.7193,    6.6899
39615                         , 1, 24,  0.024065,  127.3109,   15.782664, 20, 125,   2520,  4,   36.673900,   12.819604,   94.668069,   86.9127,    5.0301
39615                         , 1, 24,  0.024065,  127.3109,   15.782664, 20, 200,   4020,  6,   29.105653,   12.791153,   94.668069,   85.5163,    1.9256
39615                         , 1, 24,  0.024065,  127.3109,   15.782664, 20, 500,  10020,  7,   20.635855,   12.791153,   49.859864,   84.7354,    1.9280
39615                         , 2, 33,  0.022982,   65.4922,   18.685760,  4,  10,     44,  0,   98.662467,   61.372108,  110.808716,   56.4560,    5.4449
39615                         , 2, 33,  0.022982,   65.4922,   18.685760,  4,  20,     84,  0,   98.662467,   61.372108,  110.808715,   56.4560,    5.4449
39615                         , 2, 33,  0.022982,   65.4922,   18.685760,  4,  40,    164,  0,   98.662466,   61.372108,  110.808713,   56.4560,    5.4449
39615                         , 2, 33,  0.022982,   65.4922,   18.685760,  4,  75,    304,  0,   98.662466,   61.372108,  110.808713,   56.4560,    5.4449
39615                         , 2, 33,  0.022982,   65.4922,   18.685760,  4, 125,    504,  0,   98.662466,   61.372108,  110.808713,   56.4560,    5.4449
39615                         , 2, 33,  0.022982,   65.4922,   18.685760,  4, 200,    804,  0,   98.662466,   61.372108,  110.808713,   56.4560,    5.4449
39615                         , 2, 33,  0.022982,   65.4922,   18.685760,  4, 500,   2004,  0,   98.662466,   61.372108,  110.808713,   56.4560,    5.4449
39615                         , 2, 33,  0.022982,   65.4922,   18.685760,  6,  10,     66,  0,   76.938088,   61.372108,   81.455932,   74.4079,    4.9372
39615                         , 2, 33,  0.022982,   65.4922,   18.685760,  6,  20,    126,  0,   76.938088,   61.372108,   81.455932,   74.4079,    4.9372
39615                         , 2, 33,  0.022982,   65.4922,   18.685760,  6,  40,    246,  0,   76.938088,   61.372108,   81.455932,   74.4079,    4.9372
39615                         , 2, 33,  0.022982,   65.4922,   18.685760,  6,  75,    456,  0,   76.938088,   61.372108,   81.455932,   74.4079,    4.9372
39615                         , 2, 33,  0.022982,   65.4922,   18.685760,  6, 125,    756,  0,   76.938088,   61.372108,   81.455932,   74.4079,    4.9372
39615                         , 2, 33,  0.022982,   65.4922,   18.685760,  6, 200,   1206,  0,   76.938087,   61.372108,   81.455931,   74.4079,    4.9372
39615                         , 2, 33,  0.022982,   65.4922,   18.685760,  6, 500,   3006,  0,   76.938087,   61.372108,   81.455930,   74.4079,    4.9372
39615                         , 2, 33,  0.022982,   65.4922,   18.685760,  8,  10,     88,  0,   76.938079,   61.372108,   81.455949,   74.4079,    4.9372
39615                         , 2, 33,  0.022982,   65.4922,   18.685760,  8,  20,    168,  0,   76.938067,   61.372108,   81.455926,   74.4079,    4.9372
39615                         , 2, 33,  0.022982,   65.4922,   18.685760,  8,  40,    328,  0,   76.938067,   61.372108,   81.455926,   74.4079,    4.9372
39615                         , 2, 33,  0.022982,   65.4922,   18.685760,  8,  75,    608,  0,   76.938060,   61.372108,   81.455903,   74.4079,    4.9372
39615                         , 2, 33,  0.022982,   65.4922,   18.685760,  8, 125,   1008,  0,   76.938048,   61.372108,   81.455901,   74.4079,    4.9372
39615                         , 2, 33,  0.022982,   65.4922,   18.685760,  8, 200,   1608,  0,   76.938048,   61.372108,   81.455901,   74.4079,    4.9372
39615                         , 2, 33,  0.022982,   65.4922,   18.685760,  8, 500,   4008,  0,   76.938037,   61.372108,   81.455877,   74.4079,    4.9372
39615                         , 2, 33,  0.022982,   65.4922,   18.685760, 10,  10,    110,  0,   74.335800,   55.432262,   81.457868,   72.9497,    5.8636
39615                         , 2, 33,  0.022982,   65.4922,   18.685760, 10,  20,    210,  0,   74.335497,   55.432262,   81.457071,   72.9497,    5.8636
39615                         , 2, 33,  0.022982,   65.4922,   18.685760, 10,  40,    410,  0,   74.335318,   55.432262,   81.456879,   72.9497,    5.8636
39615                         , 2, 33,  0.022982,   65.4922,   18.685760, 10,  75,    760,  0,   74.335006,   55.432262,   81.456876,   72.9497,    5.8636
39615                         , 2, 33,  0.022982,   65.4922,   18.685760, 10, 125,   1260,  0,   74.334677,   55.432262,   81.455232,   72.9497,    5.8636
39615                         , 2, 33,  0.022982,   65.4922,   18.685760, 10, 200,   2010,  0,   74.334546,   55.432262,   81.454114,   72.9497,    5.8636
39615                         , 2, 33,  0.022982,   65.4922,   18.685760, 10, 500,   5010,  0,   74.334530,   55.432262,   81.454114,   72.9497,    5.8636
39615                         , 2, 33,  0.022982,   65.4922,   18.685760, 14,  10,    154,  0,   35.675416,   23.809713,   59.241464,   53.8229,    1.6885
39615                         , 2, 33,  0.022982,   65.4922,   18.685760, 14,  20,    294,  0,   32.743927,   23.948530,   51.035073,   53.4552,    1.2574
39615                         , 2, 33,  0.022982,   65.4922,   18.685760, 14,  40,    574,  0,   28.152477,   24.655340,   34.758169,   53.8229,    1.6885
39615                         , 2, 33,  0.022982,   65.4922,   18.685760, 14,  75,   1064,  0,   26.200064,   23.763068,   33.676662,   53.4008,    1.2664
39615                         , 2, 33,  0.022982,   65.4922,   18.685760, 14, 125,   1764,  0,   24.756591,   23.818607,   26.808023,   52.9787,    0.0000
39615                         , 2, 33,  0.022982,   65.4922,   18.685760, 14, 200,   2814,  0,   24.274058,   23.809713,   24.655362,   52.9787,    0.0000
39615                         , 2, 33,  0.022982,   65.4922,   18.685760, 14, 500,   7014,  0,   23.991209,   23.756873,   24.655319,   52.9787,    0.0000
39615                         , 2, 33,  0.022982,   65.4922,   18.685760, 20,  10,    220,  0,   58.769525,   23.068653,   99.885068,   62.4573,   11.1963
39615                         , 2, 33,  0.022982,   65.4922,   18.685760, 20,  20,    420,  0,   48.047034,   23.066530,   99.885068,   61.3591,   10.9153
39615                         , 2, 33,  0.022982,   65.4922,   18.685760, 20,  40,    820,  0,   38.281145,   23.066530,   79.907416,   57.6048,    8.1247
39615                         , 2, 33,  0.022982,   65.4922,   18.685760, 20,  75,   1520,  2,   27.780397,   17.820900,   48.160901,   53.8224,    3.5653
39615                         , 2, 33,  0.022982,   65.4922,   18.685760, 20, 125,   2520,  2,   23.289790,   17.042429,   33.722858,   52.2055,    1.9972
39615                         , 2, 33,  0.022982,   65.4922,   18.685760, 20, 200,   4020,  3,   20.647644,   16.556046,   23.525730,   51.0119,    0.9310
39615                         , 2, 33,  0.022982,   65.4922,   18.685760, 20, 500,  10020,  7,   18.885141,   16.556046,   22.188212,   50.6496,    0.6504
39615                         , 3, 32,  0.017785,   97.9030,    6.522648,  4,  10,     44,  0,   25.402332,   25.402331,   25.402333,   55.9781,    0.0000
39615                         , 3, 32,  0.017785,   97.9030,    6.522648,  4,  20,     84,  0,   25.402332,   25.402331,   25.402333,   55.9781,    0.0000
39615                         , 3, 32,  0.017785,   97.9030,    6.522648,  4,  40,    164,  0,   25.402332,   25.402331,   25.402333,   55.9781,    0.0000
39615                         , 3, 32,  0.017785,   97.9030,    6.522648,  4,  75,    304,  0,   25.402332,   25.402331,   25.402332,   55.9781,    0.0000
39615                         , 3, 32,  0.017785,   97.9030,    6.522648,  4, 125,    504,  0,   25.402332,   25.402331,   25.402332,   55.9781,    0.0000
39615                         , 3, 32,  0.017785,   97.9030,    6.522648,  4, 200,    804,  0,   25.402332,   25.402331,   25.402332,   55.9781,    0.0000
39615                         , 3, 32,  0.017785,   97.9030,    6.522648,  4, 500,   2004,  0,   25.402332,   25.402331,   25.402332,   55.9781,    0.0000
39615                         , 3, 32,  0.017785,   97.9030,    6.522648,  6,  10,     66,  0,   25.402323,   25.402310,   25.402343,   55.9781,    0.0000
39615                         , 3, 32,  0.017785,   97.9030,    6.522648,  6,  20,    126,  0,   25.402323,   25.402312,   25.402343,   55.9781,    0.0000
39615                         , 3, 32,  0.017785,   97.9030,    6.522648,  6,  40,    246,  0,   25.402323,   25.402312,   25.402343,   55.9781,    0.0000
39615                         , 3, 32,  0.017785,   97.9030,    6.522648,  6,  75,    456,  0,   25.402322,   25.402312,   25.402337,   55.9781,    0.0000
39615                         , 3, 32,  0.017785,   97.9030,    6.522648,  6, 125,    756,  0,   25.402317,   25.402310,   25.402334,   55.9781,    0.0000
39615                         , 3, 32,  0.017785,   97.9030,    6.522648,  6, 200,   1206,  0,   25.402316,   25.402310,   25.402334,   55.9781,    0.0000
39615                         , 3, 32,  0.017785,   97.9030,    6.522648,  6, 500,   3006,  0,   25.402312,   25.402310,   25.402318,   55.9781,    0.0000
39615                         , 3, 32,  0.017785,   97.9030,    6.522648,  8,  10,     88,  0,   24.219628,   13.581710,   25.403992,   56.9453,    2.9015
39615                         , 3, 32,  0.017785,   97.9030,    6.522648,  8,  20,    168,  0,   24.219564,   13.581710,   25.403806,   56.9453,    2.9015
39615                         , 3, 32,  0.017785,   97.9030,    6.522648,  8,  40,    328,  0,   24.219122,   13.581710,   25.401620,   56.9453,    2.9015
39615                         , 3, 32,  0.017785,   97.9030,    6.522648,  8,  75,    608,  0,   24.218939,   13.581710,   25.401016,   56.9453,    2.9015
39615                         , 3, 32,  0.017785,   97.9030,    6.522648,  8, 125,   1008,  0,   24.218932,   13.581710,   25.401016,   56.9453,    2.9015
39615                         , 3, 32,  0.017785,   97.9030,    6.522648,  8, 200,   1608,  0,   24.218931,   13.581710,   25.401016,   56.9453,    2.9015
39615                         , 3, 32,  0.017785,   97.9030,    6.522648,  8, 500,   4008,  0,   24.218904,   13.581710,   25.400823,   56.9453,    2.9015
39615                         , 3, 32,  0.017785,   97.9030,    6.522648, 10,  10,    110,  0,   23.860101,   13.581710,   25.067095,   57.6337,    2.6720
39615                         , 3, 32,  0.017785,   97.9030,    6.522648, 10,  20,    210,  0,   23.857005,   13.581710,   25.067095,   57.6337,    2.6720
39615                         , 3, 32,  0.017785,   97.9030,    6.522648, 10,  40,    410,  0,   23.837956,   13.581710,   25.035326,   57.6337,    2.6720
39615                         , 3, 32,  0.017785,   97.9030,    6.522648, 10,  75,    760,  0,   23.837955,   13.581710,   25.035326,   57.6337,    2.6720
39615                         , 3, 32,  0.017785,   97.9030,    6.522648, 10, 125,   1260,  0,   23.837277,   13.581710,   25.032804,   57.6337,    2.6720
39615                         , 3, 32,  0.017785,   97.9030,    6.522648, 10, 200,   2010,  0,   23.837194,   13.581710,   25.032804,   57.6337,    2.6720
39615                         , 3, 32,  0.017785,   97.9030,    6.522648, 10, 500,   5010,  0,   23.827792,   13.581710,   24.974048,   57.6337,    2.6720
39615                         , 3, 32,  0.017785,   97.9030,    6.522648, 14,  10,    154,  0,   14.735411,   11.663266,   17.628422,   56.6665,    0.2295
39615                         , 3, 32,  0.017785,   97.9030,    6.522648, 14,  20,    294,  0,   13.135129,   11.650871,   17.459616,   56.6665,    0.2295
39615                         , 3, 32,  0.017785,   97.9030,    6.522648, 14,  40,    574,  0,   12.878211,   11.663266,   17.459535,   56.5900,    0.3060
39615                         , 3, 32,  0.017785,   97.9030,    6.522648, 14,  75,   1064,  0,   12.310985,   11.650210,   13.459795,   56.5135,    0.3505
39615                         , 3, 32,  0.017785,   97.9030,    6.522648, 14, 125,   1764,  0,   11.909084,   11.650871,   13.258563,   56.6665,    0.2295
39615                         , 3, 32,  0.017785,   97.9030,    6.522648, 14, 200,   2814,  0,   11.740294,   11.650871,   12.406563,   56.7430,    0.0000
39615                         , 3, 32,  0.017785,   97.9030,    6.522648, 14, 500,   7014,  0,   11.660883,   11.651276,   11.728480,   56.7430,    0.0000
39615                         , 3, 32,  0.017785,   97.9030,    6.522648, 20,  10,    220,  0,   25.650455,    7.267906,   60.285704,   61.1899,   10.4943
39615                         , 3, 32,  0.017785,   97.9030,    6.522648, 20,  20,    420,  2,   19.402585,    6.603120,   54.602456,   65.3403,    7.2377
39615                         , 3, 32,  0.017785,   97.9030,    6.522648, 20,  40,    820,  2,   15.825533,    6.603120,   54.602456,   63.2719,    7.3288
39615                         , 3, 32,  0.017785,   97.9030,    6.522648, 20,  75,   1520,  2,   10.838715,    6.603120,   20.630838,   60.3367,    3.4573
39615                         , 3, 32,  0.017785,   97.9030,    6.522648, 20, 125,   2520,  2,    9.806232,    6.603120,   18.192924,   60.9144,    2.7143
39615                         , 3, 32,  0.017785,   97.9030,    6.522648, 20, 200,   4020,  4,    9.518154,    6.603120,   18.192924,   61.6899,    2.3832
39615                         , 3, 32,  0.017785,   97.9030,    6.522648, 20, 500,  10020,  7,    8.820844,    6.569809,   18.192924,   61.9389,    1.9118
39615                         , 4, 38,  0.015805,   98.2382,    3.401164,  4,  10,     44,  0,    8.970579,    8.970578,    8.970579,   72.5511,    0.0000
39615                         , 4, 38,  0.015805,   98.2382,    3.401164,  4,  20,     84,  0,    8.970579,    8.970578,    8.970579,   72.5511,    0.0000
39615                         , 4, 38,  0.015805,   98.2382,    3.401164,  4,  40,    164,  0,    8.970579,    8.970578,    8.970579,   72.5511,    0.0000
39615                         , 4, 38,  0.015805,   98.2382,    3.401164,  4,  75,    304,  0,    8.970578,    8.970578,    8.970579,   72.5511,    0.0000
39615                         , 4, 38,  0.015805,   98.2382,    3.401164,  4, 125,    504,  0,    8.970578,    8.970578,    8.970579,   72.5511,    0.0000
39615                         , 4, 38,  0.015805,   98.2382,    3.401164,  4, 200,    804,  0,    8.970578,    8.970578,    8.970579,   72.5511,    0.0000
39615                         , 4, 38,  0.015805,   98.2382,    3.401164,  4, 500,   2004,  0,    8.970578,    8.970578,    8.970578,   72.5511,    0.0000
39615                         , 4, 38,  0.015805,   98.2382,    3.401164,  6,  10,     66,  0,    8.970542,    8.970522,    8.970571,   72.5511,    0.0000
39615                         , 4, 38,  0.015805,   98.2382,    3.401164,  6,  20,    126,  0,    8.970539,    8.970522,    8.970571,   72.5511,    0.0000
39615                         , 4, 38,  0.015805,   98.2382,    3.401164,  6,  40,    246,  0,    8.970534,    8.970522,    8.970554,   72.5511,    0.0000
39615                         , 4, 38,  0.015805,   98.2382,    3.401164,  6,  75,    456,  0,    8.970534,    8.970522,    8.970554,   72.5511,    0.0000
39615                         , 4, 38,  0.015805,   98.2382,    3.401164,  6, 125,    756,  0,    8.970533,    8.970522,    8.970554,   72.5511,    0.0000
39615                         , 4, 38,  0.015805,   98.2382,    3.401164,  6, 200,   1206,  0,    8.970528,    8.970522,    8.970539,   72.5511,    0.0000
39615                         , 4, 38,  0.015805,   98.2382,    3.401164,  6, 500,   3006,  0,    8.970523,    8.970522,    8.970525,   72.5511,    0.0000
39615                         , 4, 38,  0.015805,   98.2382,    3.401164,  8,  10,     88,  0,    8.968225,    8.967864,    8.969944,   72.5511,    0.0000
39615                         , 4, 38,  0.015805,   98.2382,    3.401164,  8,  20,    168,  0,    8.968113,    8.967864,    8.968974,   72.5511,    0.0000
39615                         , 4, 38,  0.015805,   98.2382,    3.401164,  8,  40,    328,  0,    8.967992,    8.967864,    8.968395,   72.5511,    0.0000
39615                         , 4, 38,  0.015805,   98.2382,    3.401164,  8,  75,    608,  0,    8.967989,    8.967864,    8.968395,   72.5511,    0.0000
39615                         , 4, 38,  0.015805,   98.2382,    3.401164,  8, 125,   1008,  0,    8.967976,    8.967857,    8.968395,   72.5511,    0.0000
39615                         , 4, 38,  0.015805,   98.2382,    3.401164,  8, 200,   1608,  0,    8.967919,    8.967850,    8.968379,   72.5511,    0.0000
39615                         , 4, 38,  0.015805,   98.2382,    3.401164,  8, 500,   4008,  0,    8.967877,    8.967849,    8.968004,   72.5511,    0.0000
39615                         , 4, 38,  0.015805,   98.2382,    3.401164, 10,  10,    110,  0,    8.983744,    8.966151,    9.020035,   72.5517,    0.0018
39615                         , 4, 38,  0.015805,   98.2382,    3.401164, 10,  20,    210,  0,    8.976898,    8.965075,    9.007366,   72.5511,    0.0000
39615                         , 4, 38,  0.015805,   98.2382,    3.401164, 10,  40,    410,  0,    8.973457,    8.964024,    9.007366,   72.5511,    0.0000
39615                         , 4, 38,  0.015805,   98.2382,    3.401164, 10,  75,    760,  0,    8.971512,    8.964024,    9.007366,   72.5511,    0.0000
39615                         , 4, 38,  0.015805,   98.2382,    3.401164, 10, 125,   1260,  0,    8.965797,    8.963776,    8.971069,   72.5511,    0.0000
39615                         , 4, 38,  0.015805,   98.2382,    3.401164, 10, 200,   2010,  0,    8.965504,    8.963776,    8.970153,   72.5511,    0.0000
39615                         , 4, 38,  0.015805,   98.2382,    3.401164, 10, 500,   5010,  0,    8.964364,    8.963736,    8.966192,   72.5511,    0.0000
39615                         , 4, 38,  0.015805,   98.2382,    3.401164, 14,  10,    154,  0,    7.498899,    5.822892,    8.862940,   72.6015,    0.2108
39615                         , 4, 38,  0.015805,   98.2382,    3.401164, 14,  20,    294,  0,    7.291668,    5.603129,    8.720905,   72.8013,    0.3876
39615                         , 4, 38,  0.015805,   98.2382,    3.401164, 14,  40,    574,  0,    7.139830,    5.610978,    8.718706,   72.8325,    0.3619
39615                         , 4, 38,  0.015805,   98.2382,    3.401164, 14,  75,   1064,  0,    6.876807,    5.467154,    8.721602,   72.9355,    0.3747
39615                         , 4, 38,  0.015805,   98.2382,    3.401164, 14, 125,   1764,  0,    6.716196,    5.467154,    8.721602,   72.9361,    0.3525
39615                         , 4, 38,  0.015805,   98.2382,    3.401164, 14, 200,   2814,  0,    6.101128,    5.467154,    8.492661,   73.0890,    0.2952
39615                         , 4, 38,  0.015805,   98.2382,    3.401164, 14, 500,   7014,  0,    5.742107,    5.181411,    6.832597,   73.1657,    0.2071
39615                         , 4, 38,  0.015805,   98.2382,    3.401164, 20,  10,    220,  0,   28.261231,    5.240618,   56.090312,   76.7814,   15.7772
39615                         , 4, 38,  0.015805,   98.2382,    3.401164, 20,  20,    420,  0,   24.899891,    5.240618,   55.516591,   84.1456,   16.4863
39615                         , 4, 38,  0.015805,   98.2382,    3.401164, 20,  40,    820,  0,   15.882137,    5.240618,   36.562309,   73.7833,    5.3502
39615                         , 4, 38,  0.015805,   98.2382,    3.401164, 20,  75,   1520,  1,   10.126484,    3.223381,   24.287740,   74.5128,    4.4938
39615                         , 4, 38,  0.015805,   98.2382,    3.401164, 20, 125,   2520,  1,    8.726503,    3.223381,   24.096271,   75.4472,    3.7479
39615                         , 4, 38,  0.015805,   98.2382,    3.401164, 20, 200,   4020,  2,    6.168424,    3.215811,   12.077333,   74.7616,    2.0893
39615                         , 4, 38,  0.015805,   98.2382,    3.401164, 20, 500,  10020,  2,    5.049090,    3.215811,    9.122135,   75.0801,    1.1732
39615                         , 5, 43,  0.020670,   98.2382,    2.694154,  4,  10,     44,  0,    8.897095,    8.897095,    8.897095,   73.0428,    0.0000
39615                         , 5, 43,  0.020670,   98.2382,    2.694154,  4,  20,     84,  0,    8.897095,    8.897095,    8.897095,   73.0428,    0.0000
39615                         , 5, 43,  0.020670,   98.2382,    2.694154,  4,  40,    164,  0,    8.897095,    8.897095,    8.897095,   73.0428,    0.0000
39615                         , 5, 43,  0.020670,   98.2382,    2.694154,  4,  75,    304,  0,    8.897095,    8.897095,    8.897095,   73.0428,    0.0000
39615                         , 5, 43,  0.020670,   98.2382,    2.694154,  4, 125,    504,  0,    8.897095,    8.897095,    8.897095,   73.0428,    0.0000
39615                         , 5, 43,  0.020670,   98.2382,    2.694154,  4, 200,    804,  0,    8.897095,    8.897095,    8.897095,   73.0428,    0.0000
39615                         , 5, 43,  0.020670,   98.2382,    2.694154,  4, 500,   2004,  0,    8.897095,    8.897095,    8.897095,   73.0428,    0.0000
39615                         , 5, 43,  0.020670,   98.2382,    2.694154,  6,  10,     66,  0,    8.897100,    8.897087,    8.897110,   73.0428,    0.0000
39615                         , 5, 43,  0.020670,   98.2382,    2.694154,  6,  20,    126,  0,    8.897100,    8.897089,    8.897108,   73.0428,    0.0000
39615                         , 5, 43,  0.020670,   98.2382,    2.694154,  6,  40,    246,  0,    8.897095,    8.897088,    8.897108,   73.0428,    0.0000
39615                         , 5, 43,  0.020670,   98.2382,    2.694154,  6,  75,    456,  0,    8.897093,    8.897088,    8.897108,   73.0428,    0.0000
39615                         , 5, 43,  0.020670,   98.2382,    2.694154,  6, 125,    756,  0,    8.897090,    8.897088,    8.897102,   73.0428,    0.0000
39615                         , 5, 43,  0.020670,   98.2382,    2.694154,  6, 200,   1206,  0,    8.897089,    8.897088,    8.897097,   73.0428,    0.0000
39615                         , 5, 43,  0.020670,   98.2382,    2.694154,  6, 500,   3006,  0,    8.897087,    8.897083,    8.897089,   73.0428,    0.0000
39615                         , 5, 43,  0.020670,   98.2382,    2.694154,  8,  10,     88,  0,    8.895649,    8.895339,    8.895894,   73.0428,    0.0000
39615                         , 5, 43,  0.020670,   98.2382,    2.694154,  8,  20,    168,  0,    8.895647,    8.895339,    8.895894,   73.0428,    0.0000
39615                         , 5, 43,  0.020670,   98.2382,    2.694154,  8,  40,    328,  0,    8.895584,    8.895339,    8.895894,   73.0428,    0.0000
39615                         , 5, 43,  0.020670,   98.2382,    2.694154,  8,  75,    608,  0,    8.895404,    8.894993,    8.895591,   73.0428,    0.0000
39615                         , 5, 43,  0.020670,   98.2382,    2.694154,  8, 125,   1008,  0,    8.895330,    8.894960,    8.895582,   73.0428,    0.0000
39615                         , 5, 43,  0.020670,   98.2382,    2.694154,  8, 200,   1608,  0,    8.895271,    8.894960,    8.895582,   73.0428,    0.0000
39615                         , 5, 43,  0.020670,   98.2382,    2.694154,  8, 500,   4008,  0,    8.895082,    8.894960,    8.895268,   73.0428,    0.0000
39615                         , 5, 43,  0.020670,   98.2382,    2.694154, 10,  10,    110,  0,    8.844907,    8.831583,    8.870568,   73.0428,    0.0000
39615                         , 5, 43,  0.020670,   98.2382,    2.694154, 10,  20,    210,  0,    8.844711,    8.831565,    8.870568,   73.0428,    0.0000
39615                         , 5, 43,  0.020670,   98.2382,    2.694154, 10,  40,    410,  0,    8.838193,    8.831565,    8.857894,   73.0428,    0.0000
39615                         , 5, 43,  0.020670,   98.2382,    2.694154, 10,  75,    760,  0,    8.835963,    8.831565,    8.847710,   73.0428,    0.0000
39615                         , 5, 43,  0.020670,   98.2382,    2.694154, 10, 125,   1260,  0,    8.833505,    8.831565,    8.836412,   73.0428,    0.0000
39615                         , 5, 43,  0.020670,   98.2382,    2.694154, 10, 200,   2010,  0,    8.833054,    8.831321,    8.836210,   73.0428,    0.0000
39615                         , 5, 43,  0.020670,   98.2382,    2.694154, 10, 500,   5010,  0,    8.832040,    8.831002,    8.834023,   73.0428,    0.0000
39615                         , 5, 43,  0.020670,   98.2382,    2.694154, 14,  10,    154,  0,   10.817011,    7.622416,   19.531779,   72.1537,    2.5566
39615                         , 5, 43,  0.020670,   98.2382,    2.694154, 14,  20,    294,  0,    8.755683,    7.622416,    9.782503,   72.6717,    1.5630
39615                         , 5, 43,  0.020670,   98.2382,    2.694154, 14,  40,    574,  0,    8.494360,    7.622416,    9.782503,   72.5949,    1.5380
39615                         , 5, 43,  0.020670,   98.2382,    2.694154, 14,  75,   1064,  0,    8.309626,    7.622416,    8.828817,   72.5757,    1.5311
39615                         , 5, 43,  0.020670,   98.2382,    2.694154, 14, 125,   1764,  0,    8.256550,    7.622416,    8.843633,   72.5565,    1.5239
39615                         , 5, 43,  0.020670,   98.2382,    2.694154, 14, 200,   2814,  0,    8.252455,    7.622416,    8.815538,   72.5565,    1.5239
39615                         , 5, 43,  0.020670,   98.2382,    2.694154, 14, 500,   7014,  0,    8.191452,    7.622416,    8.261387,   72.5373,    1.5164
39615                         , 5, 43,  0.020670,   98.2382,    2.694154, 20,  10,    220,  0,   23.321772,    5.251720,   37.069149,   69.7040,    7.3030
39615                         , 5, 43,  0.020670,   98.2382,    2.694154, 20,  20,    420,  1,   19.831347,    1.693581,   36.400517,   70.5576,    6.4979
39615                         , 5, 43,  0.020670,   98.2382,    2.694154, 20,  40,    820,  1,   17.383576,    1.693581,   34.301084,   69.1894,    5.8693
39615                         , 5, 43,  0.020670,   98.2382,    2.694154, 20,  75,   1520,  1,   13.558685,    1.693581,   33.613255,   68.9875,    4.4779
39615                         , 5, 43,  0.020670,   98.2382,    2.694154, 20, 125,   2520,  1,    7.314474,    1.693581,   13.839206,   69.8168,    2.0346
39615                         , 5, 43,  0.020670,   98.2382,    2.694154, 20, 200,   4020,  2,    4.770479,    1.492376,   11.198301,   69.4732,    1.2841
39615                         , 5, 43,  0.020670,   98.2382,    2.694154, 20, 500,  10020,  4,    3.049620,    1.452379,    5.779249,   70.0040,    0.8801
39615                         , 6, 35,  0.028853,   49.1191,    0.973546,  4,  10,     44,  0,   44.676404,   23.610168,   49.021779,   60.3193,    8.1070
39615                         , 6, 35,  0.028853,   49.1191,    0.973546,  4,  20,     84,  0,   44.676404,   23.610168,   49.021779,   60.3193,    8.1070
39615                         , 6, 35,  0.028853,   49.1191,    0.973546,  4,  40,    164,  0,   44.676404,   23.610168,   49.021779,   60.3193,    8.1070
39615                         , 6, 35,  0.028853,   49.1191,    0.973546,  4,  75,    304,  0,   44.676404,   23.610168,   49.021778,   60.3193,    8.1070
39615                         , 6, 35,  0.028853,   49.1191,    0.973546,  4, 125,    504,  0,   44.676404,   23.610168,   49.021778,   60.3193,    8.1070
39615                         , 6, 35,  0.028853,   49.1191,    0.973546,  4, 200,    804,  0,   44.676404,   23.610168,   49.021778,   60.3193,    8.1070
39615                         , 6, 35,  0.028853,   49.1191,    0.973546,  4, 500,   2004,  0,   44.676404,   23.610168,   49.021778,   60.3193,    8.1070
39615                         , 6, 35,  0.028853,   49.1191,    0.973546,  6,  10,     66,  0,   43.949379,   23.610168,   49.021775,   59.4057,    5.8798
39615                         , 6, 35,  0.028853,   49.1191,    0.973546,  6,  20,    126,  0,   43.949377,   23.610168,   49.021775,   59.4057,    5.8798
39615                         , 6, 35,  0.028853,   49.1191,    0.973546,  6,  40,    246,  0,   43.949373,   23.610168,   49.021775,   59.4057,    5.8798
39615                         , 6, 35,  0.028853,   49.1191,    0.973546,  6,  75,    456,  0,   43.949366,   23.610168,   49.021755,   59.4057,    5.8798
39615                         , 6, 35,  0.028853,   49.1191,    0.973546,  6, 125,    756,  0,   43.949366,   23.610168,   49.021755,   59.4057,    5.8798
39615                         , 6, 35,  0.028853,   49.1191,    0.973546,  6, 200,   1206,  0,   43.949364,   23.610168,   49.021747,   59.4057,    5.8798
39615                         , 6, 35,  0.028853,   49.1191,    0.973546,  6, 500,   3006,  0,   43.949362,   23.610168,   49.021747,   59.4057,    5.8798
39615                         , 6, 35,  0.028853,   49.1191,    0.973546,  8,  10,     88,  0,   42.322345,   23.610168,   49.020998,   60.0255,    6.2571
39615                         , 6, 35,  0.028853,   49.1191,    0.973546,  8,  20,    168,  0,   42.322304,   23.610168,   49.020267,   60.0255,    6.2571
39615                         , 6, 35,  0.028853,   49.1191,    0.973546,  8,  40,    328,  0,   42.322272,   23.610168,   49.020254,   60.0255,    6.2571
39615                         , 6, 35,  0.028853,   49.1191,    0.973546,  8,  75,    608,  0,   42.322272,   23.610168,   49.020254,   60.0255,    6.2571
39615                         , 6, 35,  0.028853,   49.1191,    0.973546,  8, 125,   1008,  0,   42.322267,   23.610168,   49.020254,   60.0255,    6.2571
39615                         , 6, 35,  0.028853,   49.1191,    0.973546,  8, 200,   1608,  0,   42.322216,   23.610168,   49.020127,   60.0255,    6.2571
39615                         , 6, 35,  0.028853,   49.1191,    0.973546,  8, 500,   4008,  0,   42.322200,   23.610168,   49.020061,   60.0255,    6.2571
39615                         , 6, 35,  0.028853,   49.1191,    0.973546, 10,  10,    110,  0,   42.337237,   23.610168,   49.109235,   60.0255,    6.2571
39615                         , 6, 35,  0.028853,   49.1191,    0.973546, 10,  20,    210,  0,   42.330316,   23.610168,   49.041639,   60.0255,    6.2571
39615                         , 6, 35,  0.028853,   49.1191,    0.973546, 10,  40,    410,  0,   42.330316,   23.610168,   49.041639,   60.0255,    6.2571
39615                         , 6, 35,  0.028853,   49.1191,    0.973546, 10,  75,    760,  0,   42.330316,   23.610168,   49.041639,   60.0255,    6.2571
39615                         , 6, 35,  0.028853,   49.1191,    0.973546, 10, 125,   1260,  0,   42.330316,   23.610168,   49.041639,   60.0255,    6.2571
39615                         , 6, 35,  0.028853,   49.1191,    0.973546, 10, 200,   2010,  0,   42.324236,   23.610168,   49.034942,   60.0255,    6.2571
39615                         , 6, 35,  0.028853,   49.1191,    0.973546, 10, 500,   5010,  0,   42.320748,   23.610168,   49.023812,   60.0255,    6.2571
39615                         , 6, 35,  0.028853,   49.1191,    0.973546, 14,  10,    154,  0,   28.840417,    4.294783,   45.243949,   57.6435,    8.6094
39615                         , 6, 35,  0.028853,   49.1191,    0.973546, 14,  20,    294,  0,   26.959843,    4.294783,   53.744173,   55.7274,    5.3190
39615                         , 6, 35,  0.028853,   49.1191,    0.973546, 14,  40,    574,  0,   27.738004,    4.294783,   45.243949,   57.6817,    8.6203
39615                         , 6, 35,  0.028853,   49.1191,    0.973546, 14,  75,   1064,  0,   26.211041,    4.294783,   49.450279,   56.5499,    5.5240
39615                         , 6, 35,  0.028853,   49.1191,    0.973546, 14, 125,   1764,  0,   27.351697,    4.294783,   45.243949,   59.8625,    7.4744
39615                         , 6, 35,  0.028853,   49.1191,    0.973546, 14, 200,   2814,  0,   24.951684,    4.294783,   45.126425,   56.4691,    5.4714
39615                         , 6, 35,  0.028853,   49.1191,    0.973546, 14, 500,   7014,  0,   19.570047,    4.294783,   23.340445,   58.3420,    4.0097
39615                         , 6, 35,  0.028853,   49.1191,    0.973546, 20,  10,    220,  0,   21.874748,    3.459978,   41.020316,   56.4080,    9.1279
39615                         , 6, 35,  0.028853,   49.1191,    0.973546, 20,  20,    420,  1,   18.647948,    1.007199,   41.020316,   55.6157,    7.0003
39615                         , 6, 35,  0.028853,   49.1191,    0.973546, 20,  40,    820,  1,   15.597786,    0.940210,   30.138059,   53.4592,    5.4855
39615                         , 6, 35,  0.028853,   49.1191,    0.973546, 20,  75,   1520,  1,   13.051741,    0.940210,   30.020603,   51.8890,    4.9138
39615                         , 6, 35,  0.028853,   49.1191,    0.973546, 20, 125,   2520,  1,   11.177335,    0.940210,   24.611736,   50.4673,    3.4600
39615                         , 6, 35,  0.028853,   49.1191,    0.973546, 20, 200,   4020,  1,    8.513326,    0.940210,   24.611736,   50.5540,    3.1963
39615                         , 6, 35,  0.028853,   49.1191,    0.973546, 20, 500,  10020,  2,    4.242459,    0.940210,    7.946661,   49.5916,    1.6735
39615                         , 7, 20,  0.039866,   73.6787,    3.924550,  4,  10,     44,  0,   80.849181,   55.305801,   83.687335,   44.5643,   14.2919
39615                         , 7, 20,  0.039866,   73.6787,    3.924550,  4,  20,     84,  0,   80.849181,   55.305801,   83.687335,   44.5643,   14.2919
39615                         , 7, 20,  0.039866,   73.6787,    3.924550,  4,  40,    164,  0,   80.849181,   55.305801,   83.687335,   44.5643,   14.2919
39615                         , 7, 20,  0.039866,   73.6787,    3.924550,  4,  75,    304,  0,   80.849181,   55.305801,   83.687335,   44.5643,   14.2919
39615                         , 7, 20,  0.039866,   73.6787,    3.924550,  4, 125,    504,  0,   80.849181,   55.305801,   83.687335,   44.5643,   14.2919
39615                         , 7, 20,  0.039866,   73.6787,    3.924550,  4, 200,    804,  0,   80.849181,   55.305801,   83.687335,   44.5643,   14.2919
39615                         , 7, 20,  0.039866,   73.6787,    3.924550,  4, 500,   2004,  0,   80.849181,   55.305801,   83.687335,   44.5643,   14.2919
39615                         , 7, 20,  0.039866,   73.6787,    3.924550,  6,  10,     66,  0,   77.404518,   39.372951,   83.687346,   47.2537,   14.9809
39615                         , 7, 20,  0.039866,   73.6787,    3.924550,  6,  20,    126,  0,   77.404518,   39.372951,   83.687344,   47.2537,   14.9809
39615                         , 7, 20,  0.039866,   73.6787,    3.924550,  6,  40,    246,  0,   77.404515,   39.372951,   83.687344,   47.2537,   14.9809
39615                         , 7, 20,  0.039866,   73.6787,    3.924550,  6,  75,    456,  0,   77.404514,   39.372951,   83.687333,   47.2537,   14.9809
39615                         , 7, 20,  0.039866,   73.6787,    3.924550,  6, 125,    756,  0,   77.404514,   39.372951,   83.687333,   47.2537,   14.9809
39615                         , 7, 20,  0.039866,   73.6787,    3.924550,  6, 200,   1206,  0,   77.404512,   39.372951,   83.687333,   47.2537,   14.9809
39615                         , 7, 20,  0.039866,   73.6787,    3.924550,  6, 500,   3006,  0,   77.404511,   39.372951,   83.687332,   47.2537,   14.9809
39615                         , 7, 20,  0.039866,   73.6787,    3.924550,  8,  10,     88,  0,   64.827138,   23.010296,   83.686777,   58.6401,   22.1115
39615                         , 7, 20,  0.039866,   73.6787,    3.924550,  8,  20,    168,  0,   64.827142,   23.010296,   83.686586,   58.6401,   22.1115
39615                         , 7, 20,  0.039866,   73.6787,    3.924550,  8,  40,    328,  0,   64.827098,   23.010296,   83.686586,   58.6401,   22.1115
39615                         , 7, 20,  0.039866,   73.6787,    3.924550,  8,  75,    608,  0,   64.826984,   23.010296,   83.686586,   58.6401,   22.1115
39615                         , 7, 20,  0.039866,   73.6787,    3.924550,  8, 125,   1008,  0,   64.826954,   23.010296,   83.686285,   58.6401,   22.1115
39615                         , 7, 20,  0.039866,   73.6787,    3.924550,  8, 200,   1608,  0,   64.826952,   23.010296,   83.686285,   58.6401,   22.1115
39615                         , 7, 20,  0.039866,   73.6787,    3.924550,  8, 500,   4008,  0,   64.826814,   23.010296,   83.685623,   58.6401,   22.1115
39615                         , 7, 20,  0.039866,   73.6787,    3.924550, 10,  10,    110,  0,   64.807872,   23.010296,   83.664675,   58.6401,   22.1115
39615                         , 7, 20,  0.039866,   73.6787,    3.924550, 10,  20,    210,  0,   64.806877,   23.010296,   83.659209,   58.6401,   22.1115
39615                         , 7, 20,  0.039866,   73.6787,    3.924550, 10,  40,    410,  0,   64.801599,   23.010296,   83.654717,   58.6401,   22.1115
39615                         , 7, 20,  0.039866,   73.6787,    3.924550, 10,  75,    760,  0,   64.799078,   23.010296,   83.647346,   58.6401,   22.1115
39615                         , 7, 20,  0.039866,   73.6787,    3.924550, 10, 125,   1260,  0,   64.796942,   23.010296,   83.629897,   58.6401,   22.1115
39615                         , 7, 20,  0.039866,   73.6787,    3.924550, 10, 200,   2010,  0,   64.796493,   23.010296,   83.629897,   58.6401,   22.1115
39615                         , 7, 20,  0.039866,   73.6787,    3.924550, 10, 500,   5010,  0,   64.794148,   23.010296,   83.624207,   58.6401,   22.1115
39615                         , 7, 20,  0.039866,   73.6787,    3.924550, 14,  10,    154,  0,   36.825733,    9.254669,   49.338015,   70.9567,    7.5170
39615                         , 7, 20,  0.039866,   73.6787,    3.924550, 14,  20,    294,  0,   36.332179,    9.254669,   49.525183,   70.8230,    7.4823
39615                         , 7, 20,  0.039866,   73.6787,    3.924550, 14,  40,    574,  0,   35.325217,    9.254669,   49.521277,   69.9461,    6.9809
39615                         , 7, 20,  0.039866,   73.6787,    3.924550, 14,  75,   1064,  0,   35.344454,    9.254669,   43.205944,   70.3845,    7.2492
39615                         , 7, 20,  0.039866,   73.6787,    3.924550, 14, 125,   1764,  0,   33.868923,    9.254669,   42.680470,   69.2244,    6.4228
39615                         , 7, 20,  0.039866,   73.6787,    3.924550, 14, 200,   2814,  0,   33.595440,    9.254669,   42.674255,   69.0835,    6.3372
39615                         , 7, 20,  0.039866,   73.6787,    3.924550, 14, 500,   7014,  0,   33.097493,    9.254669,   37.721878,   68.6523,    5.9427
39615                         , 7, 20,  0.039866,   73.6787,    3.924550, 20,  10,    220,  0,   36.220539,    9.254669,   56.334081,   63.9051,   11.3142
39615                         , 7, 20,  0.039866,   73.6787,    3.924550, 20,  20,    420,  0,   34.514346,    9.254669,   55.995251,   62.5237,    7.1150
39615                         , 7, 20,  0.039866,   73.6787,    3.924550, 20,  40,    820,  0,   21.720099,    4.340094,   45.581031,   62.2046,    4.9908
39615                         , 7, 20,  0.039866,   73.6787,    3.924550, 20,  75,   1520,  0,   19.017760,    4.340094,   35.805572,   61.9493,    4.3350
39615                         , 7, 20,  0.039866,   73.6787,    3.924550, 20, 125,   2520,  4,   10.300384,    2.704625,   34.682111,   60.4130,    2.0489
39615                         , 7, 20,  0.039866,   73.6787,    3.924550, 20, 200,   4020,  4,    8.285684,    2.704625,   34.682111,   60.7212,    1.6954
39615                         , 7, 20,  0.039866,   73.6787,    3.924550, 20, 500,  10020,  7,    3.527080,    2.351305,    5.525667,   60.3280,    0.4636
39615                         , 8, 37,  0.175342,   36.8393,   50.436491,  4,  10,     44, 10,   50.951008,   50.951008,   50.951009,   52.2755,    0.0000
39615                         , 8, 37,  0.175342,   36.8393,   50.436491,  4,  20,     84, 10,   50.951008,   50.951008,   50.951009,   52.2755,    0.0000
39615                         , 8, 37,  0.175342,   36.8393,   50.436491,  4,  40,    164, 10,   50.951008,   50.951008,   50.951009,   52.2755,    0.0000
39615                         , 8, 37,  0.175342,   36.8393,   50.436491,  4,  75,    304, 10,   50.951008,   50.951008,   50.951009,   52.2755,    0.0000
39615                         , 8, 37,  0.175342,   36.8393,   50.436491,  4, 125,    504, 10,   50.951008,   50.951008,   50.951008,   52.2755,    0.0000
39615                         , 8, 37,  0.175342,   36.8393,   50.436491,  4, 200,    804, 10,   50.951008,   50.951008,   50.951008,   52.2755,    0.0000
39615                         , 8, 37,  0.175342,   36.8393,   50.436491,  4, 500,   2004, 10,   50.951008,   50.951008,   50.951008,   52.2755,    0.0000
39615                         , 8, 37,  0.175342,   36.8393,   50.436491,  6,  10,     66, 10,   50.950986,   50.950981,   50.950996,   52.2755,    0.0000
39615                         , 8, 37,  0.175342,   36.8393,   50.436491,  6,  20,    126, 10,   50.950986,   50.950981,   50.950996,   52.2755,    0.0000
39615                         , 8, 37,  0.175342,   36.8393,   50.436491,  6,  40,    246, 10,   50.950984,   50.950980,   50.950996,   52.2755,    0.0000
39615                         , 8, 37,  0.175342,   36.8393,   50.436491,  6,  75,    456, 10,   50.950981,   50.950980,   50.950983,   52.2755,    0.0000
39615                         , 8, 37,  0.175342,   36.8393,   50.436491,  6, 125,    756, 10,   50.950981,   50.950980,   50.950983,   52.2755,    0.0000
39615                         , 8, 37,  0.175342,   36.8393,   50.436491,  6, 200,   1206, 10,   50.950981,   50.950980,   50.950983,   52.2755,    0.0000
39615                         , 8, 37,  0.175342,   36.8393,   50.436491,  6, 500,   3006, 10,   50.950980,   50.950980,   50.950981,   52.2755,    0.0000
39615                         , 8, 37,  0.175342,   36.8393,   50.436491,  8,  10,     88, 10,   50.948832,   50.948196,   50.949951,   52.2755,    0.0000
39615                         , 8, 37,  0.175342,   36.8393,   50.436491,  8,  20,    168, 10,   50.948570,   50.948149,   50.949896,   52.2755,    0.0000
39615                         , 8, 37,  0.175342,   36.8393,   50.436491,  8,  40,    328, 10,   50.948350,   50.948143,   50.948731,   52.2755,    0.0000
39615                         , 8, 37,  0.175342,   36.8393,   50.436491,  8,  75,    608, 10,   50.948240,   50.948141,   50.948614,   52.2755,    0.0000
39615                         , 8, 37,  0.175342,   36.8393,   50.436491,  8, 125,   1008, 10,   50.948180,   50.948087,   50.948288,   52.2755,    0.0000
39615                         , 8, 37,  0.175342,   36.8393,   50.436491,  8, 200,   1608, 10,   50.948154,   50.948087,   50.948252,   52.2755,    0.0000
39615                         , 8, 37,  0.175342,   36.8393,   50.436491,  8, 500,   4008, 10,   50.948131,   50.948087,   50.948168,   52.2755,    0.0000
39615                         , 8, 37,  0.175342,   36.8393,   50.436491, 10,  10,    110, 10,   50.915571,   50.888541,   50.975076,   52.2755,    0.0000
39615                         , 8, 37,  0.175342,   36.8393,   50.436491, 10,  20,    210, 10,   50.909804,   50.883885,   50.937963,   52.2755,    0.0000
39615                         , 8, 37,  0.175342,   36.8393,   50.436491, 10,  40,    410, 10,   50.896077,   50.883563,   50.915761,   52.2755,    0.0000
39615                         , 8, 37,  0.175342,   36.8393,   50.436491, 10,  75,    760, 10,   50.895193,   50.883563,   50.915761,   52.2755,    0.0000
39615                         , 8, 37,  0.175342,   36.8393,   50.436491, 10, 125,   1260, 10,   50.887049,   50.883185,   50.893038,   52.2755,    0.0000
39615                         , 8, 37,  0.175342,   36.8393,   50.436491, 10, 200,   2010, 10,   50.885552,   50.883185,   50.889785,   52.2755,    0.0000
39615                         , 8, 37,  0.175342,   36.8393,   50.436491, 10, 500,   5010, 10,   50.884331,   50.883139,   50.889785,   52.2755,    0.0000
39615                         , 8, 37,  0.175342,   36.8393,   50.436491, 14,  10,    154,  9,   50.913693,   50.421699,   53.441452,   52.1280,    0.0044
39615                         , 8, 37,  0.175342,   36.8393,   50.436491, 14,  20,    294, 10,   50.506215,   50.423139,   50.716406,   52.1302,    0.0039
39615                         , 8, 37,  0.175342,   36.8393,   50.436491, 14,  40,    574, 10,   50.450191,   50.421494,   50.492882,   52.1293,    0.0045
39615                         , 8, 37,  0.175342,   36.8393,   50.436491, 14,  75,   1064, 10,   50.446501,   50.421698,   50.491900,   52.1305,    0.0041
39615                         , 8, 37,  0.175342,   36.8393,   50.436491, 14, 125,   1764, 10,   50.443284,   50.421698,   50.489467,   52.1284,    0.0048
39615                         , 8, 37,  0.175342,   36.8393,   50.436491, 14, 200,   2814, 10,   50.424171,   50.421397,   50.431593,   52.1253,    0.0041
39615                         , 8, 37,  0.175342,   36.8393,   50.436491, 14, 500,   7014, 10,   50.423186,   50.421397,   50.425958,   52.1264,    0.0047
39615                         , 8, 37,  0.175342,   36.8393,   50.436491, 20,  10,    220,  1,  103.694919,   51.058106,  309.633657,   52.3887,    5.9115
39615                         , 8, 37,  0.175342,   36.8393,   50.436491, 20,  20,    420,  1,   84.120392,   51.058106,  160.082301,   52.4666,    4.7023
39615                         , 8, 37,  0.175342,   36.8393,   50.436491, 20,  40,    820,  3,   78.754409,   50.578004,  153.902706,   52.7157,    4.5156
39615                         , 8, 37,  0.175342,   36.8393,   50.436491, 20,  75,   1520,  4,   65.388187,   50.578004,   99.722801,   52.7707,    1.8623
39615                         , 8, 37,  0.175342,   36.8393,   50.436491, 20, 125,   2520,  4,   59.115622,   50.578004,   79.127070,   52.7141,    1.4547
39615                         , 8, 37,  0.175342,   36.8393,   50.436491, 20, 200,   4020,  4,   58.744678,   50.400024,   79.127070,   52.9755,    1.5979
39615                         , 8, 37,  0.175342,   36.8393,   50.436491, 20, 500,  10020,  7,   52.213276,   50.400024,   56.705235,   52.4042,    0.6732
27526                         , 1, 25,  0.006241,  135.9069,    3.708850,  4,  10,     44,  0,   48.101867,   21.926008,   60.729441,  115.3317,   35.7442
27526                         , 1, 25,  0.006241,  135.9069,    3.708850,  4,  20,     84,  0,   48.101867,   21.926008,   60.729441,  115.3317,   35.7442
27526                         , 1, 25,  0.006241,  135.9069,    3.708850,  4,  40,    164,  0,   48.101867,   21.926008,   60.729441,  115.3317,   35.7442
27526                         , 1, 25,  0.006241,  135.9069,    3.708850,  4,  75,    304,  0,   48.101867,   21.926008,   60.729441,  115.3317,   35.7442
27526                         , 1, 25,  0.006241,  135.9069,    3.708850,  4, 125,    504,  0,   48.101867,   21.926008,   60.729441,  115.3317,   35.7442
27526                         , 1, 25,  0.006241,  135.9069,    3.708850,  4, 200,    804,  0,   48.101867,   21.926008,   60.729441,  115.3317,   35.7442
27526                         , 1, 25,  0.006241,  135.9069,    3.708850,  4, 500,   2004,  0,   48.101867,   21.926008,   60.729441,  115.3317,   35.7442
27526                         , 1, 25,  0.006241,  135.9069,    3.708850,  6,  10,     66,  0,   45.971851,   21.926008,   60.729449,  107.7144,   32.7917
27526                         , 1, 25,  0.006241,  135.9069,    3.708850,  6,  20,    126,  0,   45.971851,   21.926008,   60.729449,  107.7144,   32.7917
27526                         , 1, 25,  0.006241,  135.9069,    3.708850,  6,  40,    246,  0,   45.971851,   21.926008,   60.729449,  107.7144,   32.7917
27526                         , 1, 25,  0.006241,  135.9069,    3.708850,  6,  75,    456,  0,   45.971850,   21.926008,   60.729441,  107.7144,   32.7917
27526                         , 1, 25,  0.006241,  135.9069,    3.708850,  6, 125,    756,  0,   45.971850,   21.926008,   60.729441,  107.7144,   32.7917
27526                         , 1, 25,  0.006241,  135.9069,    3.708850,  6, 200,   1206,  0,   45.971850,   21.926008,   60.729441,  107.7144,   32.7917
27526                         , 1, 25,  0.006241,  135.9069,    3.708850,  6, 500,   3006,  0,   45.971849,   21.926008,   60.729440,  107.7144,   32.7917
27526                         , 1, 25,  0.006241,  135.9069,    3.708850,  8,  10,     88,  0,   39.182142,   21.926008,   50.880813,   93.5505,   25.6934
27526                         , 1, 25,  0.006241,  135.9069,    3.708850,  8,  20,    168,  0,   39.182142,   21.926008,   50.880813,   93.5505,   25.6934
27526                         , 1, 25,  0.006241,  135.9069,    3.708850,  8,  40,    328,  0,   39.182137,   21.926008,   50.880772,   93.5505,   25.6934
27526                         , 1, 25,  0.006241,  135.9069,    3.708850,  8,  75,    608,  0,   39.182119,   21.926008,   50.880734,   93.5505,   25.6934
27526                         , 1, 25,  0.006241,  135.9069,    3.708850,  8, 125,   1008,  0,   39.182101,   21.926008,   50.880622,   93.5505,   25.6934
27526                         , 1, 25,  0.006241,  135.9069,    3.708850,  8, 200,   1608,  0,   39.182091,   21.926008,   50.880539,   93.5505,   25.6934
27526                         , 1, 25,  0.006241,  135.9069,    3.708850,  8, 500,   4008,  0,   39.182088,   21.926008,   50.880539,   93.5505,   25.6934
27526                         , 1, 25,  0.006241,  135.9069,    3.708850, 10,  10,    110,  0,   39.181632,   21.926008,   50.890218,   93.5472,   25.6898
27526                         , 1, 25,  0.006241,  135.9069,    3.708850, 10,  20,    210,  0,   39.178701,   21.926008,   50.876835,   93.5438,   25.6862
27526                         , 1, 25,  0.006241,  135.9069,    3.708850, 10,  40,    410,  0,   39.176317,   21.926008,   50.863996,   93.5405,   25.6826
27526                         , 1, 25,  0.006241,  135.9069,    3.708850, 10,  75,    760,  0,   39.175521,   21.926008,   50.863996,   93.5405,   25.6826
27526                         , 1, 25,  0.006241,  135.9069,    3.708850, 10, 125,   1260,  0,   39.175438,   21.926008,   50.863996,   93.5405,   25.6826
27526                         , 1, 25,  0.006241,  135.9069,    3.708850, 10, 200,   2010,  0,   39.174915,   21.926008,   50.858765,   93.5405,   25.6826
27526                         , 1, 25,  0.006241,  135.9069,    3.708850, 10, 500,   5010,  0,   39.174881,   21.926008,   50.858765,   93.5405,   25.6826
27526                         , 1, 25,  0.006241,  135.9069,    3.708850, 14,  10,    154,  0,   32.333822,   14.344820,   48.708957,   84.7171,   17.7117
27526                         , 1, 25,  0.006241,  135.9069,    3.708850, 14,  20,    294,  0,   31.863558,   14.344820,   42.522750,   84.7171,   17.7117
27526                         , 1, 25,  0.006241,  135.9069,    3.708850, 14,  40,    574,  0,   31.882008,   14.344820,   43.563666,   85.8301,   19.5407
27526                         , 1, 25,  0.006241,  135.9069,    3.708850, 14,  75,   1064,  0,   32.082426,   14.344820,   44.144581,   85.8069,   19.5133
27526                         , 1, 25,  0.006241,  135.9069,    3.708850, 14, 125,   1764,  0,   31.505433,   14.344820,   40.436101,   84.7171,   17.7117
27526                         , 1, 25,  0.006241,  135.9069,    3.708850, 14, 200,   2814,  0,   31.499756,   14.344820,   40.395982,   84.7436,   17.7502
27526                         , 1, 25,  0.006241,  135.9069,    3.708850, 14, 500,   7014,  0,   31.516972,   14.344820,   40.460730,   84.8233,   17.8657
27526                         , 1, 25,  0.006241,  135.9069,    3.708850, 20,  10,    220,  1,   21.300053,    2.586969,   43.026783,   66.3830,    9.3284
27526                         , 1, 25,  0.006241,  135.9069,    3.708850, 20,  20,    420,  1,   21.046172,    2.586969,   43.026783,   66.3817,    9.3290
27526                         , 1, 25,  0.006241,  135.9069,    3.708850, 20,  40,    820,  1,   18.128147,    2.586969,   43.026783,   68.4222,    9.3315
27526                         , 1, 25,  0.006241,  135.9069,    3.708850, 20,  75,   1520,  1,   11.141879,    2.586969,   34.526695,   71.1395,    4.3596
27526                         , 1, 25,  0.006241,  135.9069,    3.708850, 20, 125,   2520,  1,   10.293796,    2.586969,   31.477120,   71.2384,    5.6847
27526                         , 1, 25,  0.006241,  135.9069,    3.708850, 20, 200,   4020,  4,    8.340181,    1.014372,   28.164359,   71.9711,    2.4507
27526                         , 1, 25,  0.006241,  135.9069,    3.708850, 20, 500,  10020,  9,    2.165114,    1.014372,    4.074824,   69.9269,    0.6770
27526                         , 2, 31,  0.012992,  135.9069,   12.912142,  4,  10,     44,  0,   39.934138,   39.934138,   39.934138,   84.9489,    0.0000
27526                         , 2, 31,  0.012992,  135.9069,   12.912142,  4,  20,     84,  0,   39.934138,   39.934138,   39.934138,   84.9489,    0.0000
27526                         , 2, 31,  0.012992,  135.9069,   12.912142,  4,  40,    164,  0,   39.934138,   39.934138,   39.934138,   84.9489,    0.0000
27526                         , 2, 31,  0.012992,  135.9069,   12.912142,  4,  75,    304,  0,   39.934138,   39.934138,   39.934138,   84.9489,    0.0000
27526                         , 2, 31,  0.012992,  135.9069,   12.912142,  4, 125,    504,  0,   39.934138,   39.934138,   39.934138,   84.9489,    0.0000
27526                         , 2, 31,  0.012992,  135.9069,   12.912142,  4, 200,    804,  0,   39.934138,   39.934138,   39.934138,   84.9489,    0.0000
27526                         , 2, 31,  0.012992,  135.9069,   12.912142,  4, 500,   2004,  0,   39.934138,   39.934138,   39.934138,   84.9489,    0.0000
27526                         , 2, 31,  0.012992,  135.9069,   12.912142,  6,  10,     66,  0,   39.051635,   39.051630,   39.051640,   83.8872,    0.0000
27526                         , 2, 31,  0.012992,  135.9069,   12.912142,  6,  20,    126,  0,   39.051634,   39.051630,   39.051639,   83.8872,    0.0000
27526                         , 2, 31,  0.012992,  135.9069,   12.912142,  6,  40,    246,  0,   39.051633,   39.051629,   39.051639,   83.8872,    0.0000
27526                         , 2, 31,  0.012992,  135.9069,   12.912142,  6,  75,    456,  0,   39.051632,   39.051629,   39.051639,   83.8872,    0.0000
27526                         , 2, 31,  0.012992,  135.9069,   12.912142,  6, 125,    756,  0,   39.051631,   39.051629,   39.051639,   83.8872,    0.0000
27526                         , 2, 31,  0.012992,  135.9069,   12.912142,  6, 200,   1206,  0,   39.051631,   39.051629,   39.051638,   83.8872,    0.0000
27526                         , 2, 31,  0.012992,  135.9069,   12.912142,  6, 500,   3006,  0,   39.051629,   39.051629,   39.051631,   83.8872,    0.0000
27526                         , 2, 31,  0.012992,  135.9069,   12.912142,  8,  10,     88,  0,   36.365317,   15.705189,   39.051062,   82.2959,    4.6811
27526                         , 2, 31,  0.012992,  135.9069,   12.912142,  8,  20,    168,  0,   36.365222,   15.705189,   39.050646,   82.2959,    4.6811
27526                         , 2, 31,  0.012992,  135.9069,   12.912142,  8,  40,    328,  0,   36.365219,   15.705189,   39.050646,   82.2959,    4.6811
27526                         , 2, 31,  0.012992,  135.9069,   12.912142,  8,  75,    608,  0,   36.365206,   15.705189,   39.050646,   82.2959,    4.6811
27526                         , 2, 31,  0.012992,  135.9069,   12.912142,  8, 125,   1008,  0,   36.365131,   15.705189,   39.050631,   82.2959,    4.6811
27526                         , 2, 31,  0.012992,  135.9069,   12.912142,  8, 200,   1608,  0,   36.365049,   15.705189,   39.050348,   82.2959,    4.6811
27526                         , 2, 31,  0.012992,  135.9069,   12.912142,  8, 500,   4008,  0,   36.364867,   15.705189,   39.050077,   82.2959,    4.6811
27526                         , 2, 31,  0.012992,  135.9069,   12.912142, 10,  10,    110,  0,   36.331716,   15.705189,   39.024134,   82.2959,    4.6811
27526                         , 2, 31,  0.012992,  135.9069,   12.912142, 10,  20,    210,  0,   36.328176,   15.705189,   39.020525,   82.2959,    4.6811
27526                         , 2, 31,  0.012992,  135.9069,   12.912142, 10,  40,    410,  0,   36.327828,   15.705189,   39.019937,   82.2959,    4.6811
27526                         , 2, 31,  0.012992,  135.9069,   12.912142, 10,  75,    760,  0,   36.326314,   15.705189,   39.019929,   82.2959,    4.6811
27526                         , 2, 31,  0.012992,  135.9069,   12.912142, 10, 125,   1260,  0,   36.324506,   15.705189,   39.005900,   82.2959,    4.6811
27526                         , 2, 31,  0.012992,  135.9069,   12.912142, 10, 200,   2010,  0,   36.322392,   15.705189,   38.999202,   82.2959,    4.6811
27526                         , 2, 31,  0.012992,  135.9069,   12.912142, 10, 500,   5010,  0,   36.322015,   15.705189,   38.997298,   82.2959,    4.6811
27526                         , 2, 31,  0.012992,  135.9069,   12.912142, 14,  10,    154,  1,   19.396809,   11.923982,   24.334766,   59.8930,    5.1297
27526                         , 2, 31,  0.012992,  135.9069,   12.912142, 14,  20,    294,  1,   20.305871,   11.923982,   36.204230,   62.5458,    8.7296
27526                         , 2, 31,  0.012992,  135.9069,   12.912142, 14,  40,    574,  1,   18.986974,   11.923982,   22.603849,   59.8930,    5.1297
27526                         , 2, 31,  0.012992,  135.9069,   12.912142, 14,  75,   1064,  1,   19.156140,   11.923982,   22.603851,   59.8930,    5.1297
27526                         , 2, 31,  0.012992,  135.9069,   12.912142, 14, 125,   1764,  1,   18.360059,   11.923982,   20.628600,   59.8930,    5.1297
27526                         , 2, 31,  0.012992,  135.9069,   12.912142, 14, 200,   2814,  1,   18.276931,   11.923982,   20.697148,   59.8930,    5.1297
27526                         , 2, 31,  0.012992,  135.9069,   12.912142, 14, 500,   7014,  1,   18.224730,   11.923982,   20.624318,   59.8930,    5.1297
27526                         , 2, 31,  0.012992,  135.9069,   12.912142, 20,  10,    220,  2,   34.504995,    2.862708,   61.287416,   68.3261,   20.0573
27526                         , 2, 31,  0.012992,  135.9069,   12.912142, 20,  20,    420,  3,   26.172033,    2.738834,   53.601676,   66.3932,   13.2322
27526                         , 2, 31,  0.012992,  135.9069,   12.912142, 20,  40,    820,  3,   20.288928,    2.738827,   51.104104,   58.7350,    7.0999
27526                         , 2, 31,  0.012992,  135.9069,   12.912142, 20,  75,   1520,  3,   18.634358,    2.525482,   51.104104,   59.3142,    7.4332
27526                         , 2, 31,  0.012992,  135.9069,   12.912142, 20, 125,   2520,  4,   15.631701,    2.202888,   51.104104,   62.4782,    8.0696
27526                         , 2, 31,  0.012992,  135.9069,   12.912142, 20, 200,   4020,  7,    7.867498,    2.026594,   20.564080,   66.0645,    3.7635
27526                         , 2, 31,  0.012992,  135.9069,   12.912142, 20, 500,  10020,  9,    5.490559,    1.934347,   20.564080,   66.2787,    3.0054
27526                         , 3, 32,  0.035866,   67.9534,    9.205276,  4,  10,     44,  0,   86.254868,   70.544136,   88.000506,   89.1345,    0.1832
27526                         , 3, 32,  0.035866,   67.9534,    9.205276,  4,  20,     84,  0,   86.254868,   70.544136,   88.000505,   89.1345,    0.1832
27526                         , 3, 32,  0.035866,   67.9534,    9.205276,  4,  40,    164,  0,   86.254868,   70.544136,   88.000505,   89.1345,    0.1832
27526                         , 3, 32,  0.035866,   67.9534,    9.205276,  4,  75,    304,  0,   86.254868,   70.544136,   88.000505,   89.1345,    0.1832
27526                         , 3, 32,  0.035866,   67.9534,    9.205276,  4, 125,    504,  0,   86.254868,   70.544136,   88.000505,   89.1345,    0.1832
27526                         , 3, 32,  0.035866,   67.9534,    9.205276,  4, 200,    804,  0,   86.254868,   70.544136,   88.000505,   89.1345,    0.1832
27526                         , 3, 32,  0.035866,   67.9534,    9.205276,  4, 500,   2004,  0,   86.254868,   70.544136,   88.000505,   89.1345,    0.1832
27526                         , 3, 32,  0.035866,   67.9534,    9.205276,  6,  10,     66,  0,   81.083121,   38.455608,   88.000568,   87.1600,    4.2966
27526                         , 3, 32,  0.035866,   67.9534,    9.205276,  6,  20,    126,  0,   81.083117,   38.455608,   88.000568,   87.1600,    4.2966
27526                         , 3, 32,  0.035866,   67.9534,    9.205276,  6,  40,    246,  0,   81.083117,   38.455608,   88.000568,   87.1600,    4.2966
27526                         , 3, 32,  0.035866,   67.9534,    9.205276,  6,  75,    456,  0,   81.083103,   38.455608,   88.000533,   87.1600,    4.2966
27526                         , 3, 32,  0.035866,   67.9534,    9.205276,  6, 125,    756,  0,   81.083095,   38.455608,   88.000499,   87.1600,    4.2966
27526                         , 3, 32,  0.035866,   67.9534,    9.205276,  6, 200,   1206,  0,   81.083089,   38.455608,   88.000499,   87.1600,    4.2966
27526                         , 3, 32,  0.035866,   67.9534,    9.205276,  6, 500,   3006,  0,   81.083081,   38.455608,   88.000468,   87.1600,    4.2966
27526                         , 3, 32,  0.035866,   67.9534,    9.205276,  8,  10,     88,  0,   78.609295,   38.455608,   87.994795,   88.6185,    6.0929
27526                         , 3, 32,  0.035866,   67.9534,    9.205276,  8,  20,    168,  0,   78.609168,   38.455608,   87.994012,   88.6185,    6.0929
27526                         , 3, 32,  0.035866,   67.9534,    9.205276,  8,  40,    328,  0,   78.609123,   38.455608,   87.993821,   88.6185,    6.0929
27526                         , 3, 32,  0.035866,   67.9534,    9.205276,  8,  75,    608,  0,   78.609118,   38.455608,   87.993821,   88.6185,    6.0929
27526                         , 3, 32,  0.035866,   67.9534,    9.205276,  8, 125,   1008,  0,   78.609110,   38.455608,   87.993746,   88.6185,    6.0929
27526                         , 3, 32,  0.035866,   67.9534,    9.205276,  8, 200,   1608,  0,   78.609102,   38.455608,   87.993678,   88.6185,    6.0929
27526                         , 3, 32,  0.035866,   67.9534,    9.205276,  8, 500,   4008,  0,   78.609099,   38.455608,   87.993657,   88.6185,    6.0929
27526                         , 3, 32,  0.035866,   67.9534,    9.205276, 10,  10,    110,  0,   43.909026,   38.455608,   44.646706,   77.6812,    1.4695
27526                         , 3, 32,  0.035866,   67.9534,    9.205276, 10,  20,    210,  0,   43.890601,   38.455608,   44.555518,   77.6812,    1.4695
27526                         , 3, 32,  0.035866,   67.9534,    9.205276, 10,  40,    410,  0,   43.881674,   38.455608,   44.542819,   77.6812,    1.4695
27526                         , 3, 32,  0.035866,   67.9534,    9.205276, 10,  75,    760,  0,   43.875056,   38.455608,   44.542819,   77.6812,    1.4695
27526                         , 3, 32,  0.035866,   67.9534,    9.205276, 10, 125,   1260,  0,   43.868610,   38.455608,   44.521788,   77.6812,    1.4695
27526                         , 3, 32,  0.035866,   67.9534,    9.205276, 10, 200,   2010,  0,   43.863660,   38.455608,   44.489298,   77.6812,    1.4695
27526                         , 3, 32,  0.035866,   67.9534,    9.205276, 10, 500,   5010,  0,   43.852222,   38.455608,   44.476391,   77.6812,    1.4695
27526                         , 3, 32,  0.035866,   67.9534,    9.205276, 14,  10,    154,  0,   31.715438,   29.461214,   39.798072,   76.1575,    3.1017
27526                         , 3, 32,  0.035866,   67.9534,    9.205276, 14,  20,    294,  0,   32.325735,   29.023539,   43.645362,   76.1575,    3.1017
27526                         , 3, 32,  0.035866,   67.9534,    9.205276, 14,  40,    574,  0,   30.606614,   29.461214,   31.850657,   76.1575,    3.1017
27526                         , 3, 32,  0.035866,   67.9534,    9.205276, 14,  75,   1064,  0,   30.117298,   29.043836,   30.993505,   76.1575,    3.1017
27526                         , 3, 32,  0.035866,   67.9534,    9.205276, 14, 125,   1764,  0,   30.065394,   29.029429,   30.549845,   76.1575,    3.1017
27526                         , 3, 32,  0.035866,   67.9534,    9.205276, 14, 200,   2814,  0,   30.124929,   29.043835,   30.633968,   76.1575,    3.1017
27526                         , 3, 32,  0.035866,   67.9534,    9.205276, 14, 500,   7014,  0,   29.984684,   29.043836,   30.438998,   76.1575,    3.1017
27526                         , 3, 32,  0.035866,   67.9534,    9.205276, 20,  10,    220,  0,   33.983369,   10.490096,   80.384245,   70.9051,    8.7226
27526                         , 3, 32,  0.035866,   67.9534,    9.205276, 20,  20,    420,  1,   27.102318,    9.290571,   80.384245,   70.1204,    6.8986
27526                         , 3, 32,  0.035866,   67.9534,    9.205276, 20,  40,    820,  2,   21.283082,    9.290571,   42.442049,   71.4660,    2.7648
27526                         , 3, 32,  0.035866,   67.9534,    9.205276, 20,  75,   1520,  2,   16.199515,    9.174350,   27.675030,   71.0057,    2.5977
27526                         , 3, 32,  0.035866,   67.9534,    9.205276, 20, 125,   2520,  2,   15.566586,    9.174350,   27.675030,   70.6140,    2.4852
27526                         , 3, 32,  0.035866,   67.9534,    9.205276, 20, 200,   4020,  2,   13.806617,    9.174350,   22.594705,   69.9335,    1.6002
27526                         , 3, 32,  0.035866,   67.9534,    9.205276, 20, 500,  10020,  2,   10.109552,    9.174350,   11.596909,   69.1468,    0.5936
27526                         , 4, 29,  0.037013,   33.9767,    4.930085,  4,  10,     44,  0,   13.820119,   13.820118,   13.820121,   82.3663,    0.0000
27526                         , 4, 29,  0.037013,   33.9767,    4.930085,  4,  20,     84,  0,   13.820119,   13.820118,   13.820121,   82.3663,    0.0000
27526                         , 4, 29,  0.037013,   33.9767,    4.930085,  4,  40,    164,  0,   13.820119,   13.820118,   13.820121,   82.3663,    0.0000
27526                         , 4, 29,  0.037013,   33.9767,    4.930085,  4,  75,    304,  0,   13.820118,   13.820117,   13.820120,   82.3663,    0.0000
27526                         , 4, 29,  0.037013,   33.9767,    4.930085,  4, 125,    504,  0,   13.820118,   13.820117,   13.820119,   82.3663,    0.0000
27526                         , 4, 29,  0.037013,   33.9767,    4.930085,  4, 200,    804,  0,   13.820118,   13.820117,   13.820119,   82.3663,    0.0000
27526                         , 4, 29,  0.037013,   33.9767,    4.930085,  4, 500,   2004,  0,   13.820118,   13.820117,   13.820118,   82.3663,    0.0000
27526                         , 4, 29,  0.037013,   33.9767,    4.930085,  6,  10,     66,  0,   13.820031,   13.820018,   13.820054,   82.3663,    0.0000
27526                         , 4, 29,  0.037013,   33.9767,    4.930085,  6,  20,    126,  0,   13.820031,   13.820018,   13.820054,   82.3663,    0.0000
27526                         , 4, 29,  0.037013,   33.9767,    4.930085,  6,  40,    246,  0,   13.820026,   13.820018,   13.820051,   82.3663,    0.0000
27526                         , 4, 29,  0.037013,   33.9767,    4.930085,  6,  75,    456,  0,   13.820021,   13.820016,   13.820033,   82.3663,    0.0000
27526                         , 4, 29,  0.037013,   33.9767,    4.930085,  6, 125,    756,  0,   13.820019,   13.820016,   13.820025,   82.3663,    0.0000
27526                         , 4, 29,  0.037013,   33.9767,    4.930085,  6, 200,   1206,  0,   13.820018,   13.820016,   13.820021,   82.3663,    0.0000
27526                         , 4, 29,  0.037013,   33.9767,    4.930085,  6, 500,   3006,  0,   13.820017,   13.820016,   13.820020,   82.3663,    0.0000
27526                         , 4, 29,  0.037013,   33.9767,    4.930085,  8,  10,     88,  0,   13.815312,   13.813217,   13.818260,   82.3663,    0.0000
27526                         , 4, 29,  0.037013,   33.9767,    4.930085,  8,  20,    168,  0,   13.814463,   13.812336,   13.815378,   82.3663,    0.0000
27526                         , 4, 29,  0.037013,   33.9767,    4.930085,  8,  40,    328,  0,   13.814515,   13.812336,   13.815378,   82.3663,    0.0000
27526                         , 4, 29,  0.037013,   33.9767,    4.930085,  8,  75,    608,  0,   13.814460,   13.812336,   13.815361,   82.3663,    0.0000
27526                         , 4, 29,  0.037013,   33.9767,    4.930085,  8, 125,   1008,  0,   13.813951,   13.812070,   13.815310,   82.3663,    0.0000
27526                         , 4, 29,  0.037013,   33.9767,    4.930085,  8, 200,   1608,  0,   13.813537,   13.812070,   13.814365,   82.3663,    0.0000
27526                         , 4, 29,  0.037013,   33.9767,    4.930085,  8, 500,   4008,  0,   13.812485,   13.811997,   13.813400,   82.3663,    0.0000
27526                         , 4, 29,  0.037013,   33.9767,    4.930085, 10,  10,    110,  0,   13.679183,   13.298959,   13.804369,   81.7564,    1.8296
27526                         , 4, 29,  0.037013,   33.9767,    4.930085, 10,  20,    210,  0,   13.675164,   13.298959,   13.804369,   81.7564,    1.8296
27526                         , 4, 29,  0.037013,   33.9767,    4.930085, 10,  40,    410,  0,   13.671847,   13.298959,   13.804369,   81.7564,    1.8296
27526                         , 4, 29,  0.037013,   33.9767,    4.930085, 10,  75,    760,  0,   13.652896,   13.298959,   13.737980,   81.7564,    1.8296
27526                         , 4, 29,  0.037013,   33.9767,    4.930085, 10, 125,   1260,  0,   13.637456,   13.298959,   13.687101,   81.7564,    1.8296
27526                         , 4, 29,  0.037013,   33.9767,    4.930085, 10, 200,   2010,  0,   13.635688,   13.298959,   13.682918,   81.7564,    1.8296
27526                         , 4, 29,  0.037013,   33.9767,    4.930085, 10, 500,   5010,  0,   13.631465,   13.298959,   13.673692,   81.7564,    1.8296
27526                         , 4, 29,  0.037013,   33.9767,    4.930085, 14,  10,    154,  0,   18.518023,   12.714701,   48.470287,   83.4682,    2.4116
27526                         , 4, 29,  0.037013,   33.9767,    4.930085, 14,  20,    294,  0,   13.027229,   12.714701,   13.447261,   83.2192,    2.3172
27526                         , 4, 29,  0.037013,   33.9767,    4.930085, 14,  40,    574,  0,   13.465219,   12.720151,   16.731226,   83.3188,    2.3585
27526                         , 4, 29,  0.037013,   33.9767,    4.930085, 14,  75,   1064,  0,   15.027245,   12.714701,   34.105547,   83.2691,    2.3385
27526                         , 4, 29,  0.037013,   33.9767,    4.930085, 14, 125,   1764,  0,   12.950045,   12.714701,   14.131339,   84.0414,    0.1493
27526                         , 4, 29,  0.037013,   33.9767,    4.930085, 14, 200,   2814,  0,   12.829097,   12.714701,   12.922303,   83.9916,    0.0000
27526                         , 4, 29,  0.037013,   33.9767,    4.930085, 14, 500,   7014,  0,   12.750182,   12.714674,   12.920378,   83.9916,    0.0000
27526                         , 4, 29,  0.037013,   33.9767,    4.930085, 20,  10,    220,  0,   26.772182,   10.841158,  100.085084,   77.2095,    6.2909
27526                         , 4, 29,  0.037013,   33.9767,    4.930085, 20,  20,    420,  1,   23.080880,    4.852328,  100.085084,   77.0330,    5.5569
27526                         , 4, 29,  0.037013,   33.9767,    4.930085, 20,  40,    820,  1,   11.493596,    4.852328,   22.557685,   78.4517,    2.7261
27526                         , 4, 29,  0.037013,   33.9767,    4.930085, 20,  75,   1520,  1,   10.142040,    4.852328,   22.557685,   78.8477,    2.7939
27526                         , 4, 29,  0.037013,   33.9767,    4.930085, 20, 125,   2520,  4,    8.370455,    4.664323,   22.557685,   79.5444,    2.5443
27526                         , 4, 29,  0.037013,   33.9767,    4.930085, 20, 200,   4020,  4,    6.516735,    4.219389,   10.841158,   80.2480,    1.2264
27526                         , 4, 29,  0.037013,   33.9767,    4.930085, 20, 500,  10020,  9,    4.612379,    4.219389,    5.622611,   79.9193,    0.5944
27526                         , 5, 37,  0.035691,   16.9884,    2.640151,  4,  10,     44,  0,   90.052961,    5.756171,  110.871095,   83.5795,    5.7802
27526                         , 5, 37,  0.035691,   16.9884,    2.640151,  4,  20,     84,  0,   90.052961,    5.756171,  110.871095,   83.5795,    5.7802
27526                         , 5, 37,  0.035691,   16.9884,    2.640151,  4,  40,    164,  0,   90.052961,    5.756171,  110.871095,   83.5795,    5.7802
27526                         , 5, 37,  0.035691,   16.9884,    2.640151,  4,  75,    304,  0,   90.052961,    5.756171,  110.871093,   83.5795,    5.7802
27526                         , 5, 37,  0.035691,   16.9884,    2.640151,  4, 125,    504,  0,   90.052961,    5.756171,  110.871093,   83.5795,    5.7802
27526                         , 5, 37,  0.035691,   16.9884,    2.640151,  4, 200,    804,  0,   90.052961,    5.756171,  110.871093,   83.5795,    5.7802
27526                         , 5, 37,  0.035691,   16.9884,    2.640151,  4, 500,   2004,  0,   90.052961,    5.756171,  110.871093,   83.5795,    5.7802
27526                         , 5, 37,  0.035691,   16.9884,    2.640151,  6,  10,     66,  0,   80.236426,    5.756171,  100.736968,   82.9359,    5.9450
27526                         , 5, 37,  0.035691,   16.9884,    2.640151,  6,  20,    126,  0,   80.236421,    5.756171,  100.736961,   82.9359,    5.9450
27526                         , 5, 37,  0.035691,   16.9884,    2.640151,  6,  40,    246,  0,   80.236412,    5.756171,  100.736961,   82.9359,    5.9450
27526                         , 5, 37,  0.035691,   16.9884,    2.640151,  6,  75,    456,  0,   80.236402,    5.756171,  100.736935,   82.9359,    5.9450
27526                         , 5, 37,  0.035691,   16.9884,    2.640151,  6, 125,    756,  0,   80.236394,    5.756171,  100.736935,   82.9359,    5.9450
27526                         , 5, 37,  0.035691,   16.9884,    2.640151,  6, 200,   1206,  0,   80.236386,    5.756171,  100.736935,   82.9359,    5.9450
27526                         , 5, 37,  0.035691,   16.9884,    2.640151,  6, 500,   3006,  0,   80.236378,    5.756171,  100.736891,   82.9359,    5.9450
27526                         , 5, 37,  0.035691,   16.9884,    2.640151,  8,  10,     88,  0,   75.055081,    5.756171,   99.937011,   82.3315,    5.8477
27526                         , 5, 37,  0.035691,   16.9884,    2.640151,  8,  20,    168,  0,   75.055081,    5.756171,   99.937011,   82.3315,    5.8477
27526                         , 5, 37,  0.035691,   16.9884,    2.640151,  8,  40,    328,  0,   75.054894,    5.756171,   99.935976,   82.3315,    5.8477
27526                         , 5, 37,  0.035691,   16.9884,    2.640151,  8,  75,    608,  0,   75.054840,    5.756171,   99.935441,   82.3315,    5.8477
27526                         , 5, 37,  0.035691,   16.9884,    2.640151,  8, 125,   1008,  0,   75.054840,    5.756171,   99.935441,   82.3315,    5.8477
27526                         , 5, 37,  0.035691,   16.9884,    2.640151,  8, 200,   1608,  0,   75.054729,    5.756171,   99.935441,   82.3315,    5.8477
27526                         , 5, 37,  0.035691,   16.9884,    2.640151,  8, 500,   4008,  0,   75.054335,    5.756171,   99.934126,   82.3315,    5.8477
27526                         , 5, 37,  0.035691,   16.9884,    2.640151, 10,  10,    110,  0,   65.032233,    5.756171,   99.191101,   82.2777,    5.4743
27526                         , 5, 37,  0.035691,   16.9884,    2.640151, 10,  20,    210,  0,   65.009928,    5.756171,   99.044235,   82.2777,    5.4743
27526                         , 5, 37,  0.035691,   16.9884,    2.640151, 10,  40,    410,  0,   65.008471,    5.756171,   99.032490,   82.2777,    5.4743
27526                         , 5, 37,  0.035691,   16.9884,    2.640151, 10,  75,    760,  0,   65.008471,    5.756171,   99.032490,   82.2777,    5.4743
27526                         , 5, 37,  0.035691,   16.9884,    2.640151, 10, 125,   1260,  0,   65.008471,    5.756171,   99.032490,   82.2777,    5.4743
27526                         , 5, 37,  0.035691,   16.9884,    2.640151, 10, 200,   2010,  0,   65.004550,    5.756171,   99.031406,   82.2777,    5.4743
27526                         , 5, 37,  0.035691,   16.9884,    2.640151, 10, 500,   5010,  0,   65.000755,    5.756171,   98.993486,   82.2777,    5.4743
27526                         , 5, 37,  0.035691,   16.9884,    2.640151, 14,  10,    154,  0,   23.949847,    5.756171,   48.084521,   76.8231,    4.5904
27526                         , 5, 37,  0.035691,   16.9884,    2.640151, 14,  20,    294,  0,   22.546191,    5.756171,   33.934173,   78.2950,    4.8868
27526                         , 5, 37,  0.035691,   16.9884,    2.640151, 14,  40,    574,  0,   24.948884,    5.756171,   46.641940,   77.6247,    4.2627
27526                         , 5, 37,  0.035691,   16.9884,    2.640151, 14,  75,   1064,  0,   21.538916,    5.756171,   27.711013,   76.7745,    2.8468
27526                         , 5, 37,  0.035691,   16.9884,    2.640151, 14, 125,   1764,  0,   20.726928,    5.756171,   27.674208,   76.7745,    2.8468
27526                         , 5, 37,  0.035691,   16.9884,    2.640151, 14, 200,   2814,  0,   19.991328,    5.756171,   27.707873,   76.7745,    2.8468
27526                         , 5, 37,  0.035691,   16.9884,    2.640151, 14, 500,   7014,  0,   18.480292,    5.756171,   26.379803,   77.0031,    2.9132
27526                         , 5, 37,  0.035691,   16.9884,    2.640151, 20,  10,    220,  0,   12.810968,    4.993007,   34.024638,   75.4582,    2.2934
27526                         , 5, 37,  0.035691,   16.9884,    2.640151, 20,  20,    420,  0,    9.641556,    4.993007,   17.182451,   74.3058,    2.6455
27526                         , 5, 37,  0.035691,   16.9884,    2.640151, 20,  40,    820,  0,    8.088172,    3.446511,   17.182451,   74.5923,    2.3627
27526                         , 5, 37,  0.035691,   16.9884,    2.640151, 20,  75,   1520,  1,    7.283467,    2.413872,   17.182451,   74.0221,    2.3135
27526                         , 5, 37,  0.035691,   16.9884,    2.640151, 20, 125,   2520,  3,    6.247945,    2.377924,   11.973991,   73.6271,    1.4037
27526                         , 5, 37,  0.035691,   16.9884,    2.640151, 20, 200,   4020,  3,    6.198253,    2.301456,   11.973991,   73.4984,    1.4935
27526                         , 5, 37,  0.035691,   16.9884,    2.640151, 20, 500,  10020,  4,    5.875451,    2.301456,   11.973991,   73.6671,    1.5867
27526                         , 6, 33,  0.042284,   25.4825,   44.698950,  4,  10,     44,  0,  118.596556,   71.097748,  140.020985,   76.8468,    5.2242
27526                         , 6, 33,  0.042284,   25.4825,   44.698950,  4,  20,     84,  0,  118.596555,   71.097748,  140.020984,   76.8468,    5.2242
27526                         , 6, 33,  0.042284,   25.4825,   44.698950,  4,  40,    164,  0,  118.596555,   71.097748,  140.020984,   76.8468,    5.2242
27526                         , 6, 33,  0.042284,   25.4825,   44.698950,  4,  75,    304,  0,  118.596555,   71.097748,  140.020984,   76.8468,    5.2242
27526                         , 6, 33,  0.042284,   25.4825,   44.698950,  4, 125,    504,  0,  118.596555,   71.097748,  140.020983,   76.8468,    5.2242
27526                         , 6, 33,  0.042284,   25.4825,   44.698950,  4, 200,    804,  0,  118.596555,   71.097748,  140.020983,   76.8468,    5.2242
27526                         , 6, 33,  0.042284,   25.4825,   44.698950,  4, 500,   2004,  0,  118.596555,   71.097748,  140.020982,   76.8468,    5.2242
27526                         , 6, 33,  0.042284,   25.4825,   44.698950,  6,  10,     66,  0,  117.247598,   71.097748,  139.947686,   76.3725,    4.6154
27526                         , 6, 33,  0.042284,   25.4825,   44.698950,  6,  20,    126,  0,  117.247591,   71.097748,  139.947686,   76.3725,    4.6154
27526                         , 6, 33,  0.042284,   25.4825,   44.698950,  6,  40,    246,  0,  117.247590,   71.097748,  139.947685,   76.3725,    4.6154
27526                         , 6, 33,  0.042284,   25.4825,   44.698950,  6,  75,    456,  0,  117.247573,   71.097748,  139.947681,   76.3725,    4.6154
27526                         , 6, 33,  0.042284,   25.4825,   44.698950,  6, 125,    756,  0,  117.247569,   71.097748,  139.947681,   76.3725,    4.6154
27526                         , 6, 33,  0.042284,   25.4825,   44.698950,  6, 200,   1206,  0,  117.247565,   71.097748,  139.947645,   76.3725,    4.6154
27526                         , 6, 33,  0.042284,   25.4825,   44.698950,  6, 500,   3006,  0,  117.247561,   71.097748,  139.947612,   76.3725,    4.6154
27526                         , 6, 33,  0.042284,   25.4825,   44.698950,  8,  10,     88,  0,  107.028308,   71.097748,  139.947735,   78.4365,    6.5476
27526                         , 6, 33,  0.042284,   25.4825,   44.698950,  8,  20,    168,  0,  107.028290,   71.097748,  139.947698,   78.4365,    6.5476
27526                         , 6, 33,  0.042284,   25.4825,   44.698950,  8,  40,    328,  0,  107.028290,   71.097748,  139.947698,   78.4365,    6.5476
27526                         , 6, 33,  0.042284,   25.4825,   44.698950,  8,  75,    608,  0,  107.027940,   71.097748,  139.944258,   78.4365,    6.5476
27526                         , 6, 33,  0.042284,   25.4825,   44.698950,  8, 125,   1008,  0,  107.027930,   71.097748,  139.944162,   78.4365,    6.5476
27526                         , 6, 33,  0.042284,   25.4825,   44.698950,  8, 200,   1608,  0,  107.027786,   71.097748,  139.943017,   78.4365,    6.5476
27526                         , 6, 33,  0.042284,   25.4825,   44.698950,  8, 500,   4008,  0,  107.027757,   71.097748,  139.942880,   78.4365,    6.5476
27526                         , 6, 33,  0.042284,   25.4825,   44.698950, 10,  10,    110,  0,  106.281626,   71.097748,  139.894675,   80.3743,    7.1471
27526                         , 6, 33,  0.042284,   25.4825,   44.698950, 10,  20,    210,  0,  106.272041,   71.097748,  139.828160,   80.3756,    7.1470
27526                         , 6, 33,  0.042284,   25.4825,   44.698950, 10,  40,    410,  0,  106.267324,   71.097748,  139.798827,   80.3768,    7.1469
27526                         , 6, 33,  0.042284,   25.4825,   44.698950, 10,  75,    760,  0,  106.267324,   71.097748,  139.798827,   80.3768,    7.1469
27526                         , 6, 33,  0.042284,   25.4825,   44.698950, 10, 125,   1260,  0,  106.264335,   71.097748,  139.794333,   80.3768,    7.1469
27526                         , 6, 33,  0.042284,   25.4825,   44.698950, 10, 200,   2010,  0,  106.264335,   71.097748,  139.794333,   80.3768,    7.1469
27526                         , 6, 33,  0.042284,   25.4825,   44.698950, 10, 500,   5010,  0,  106.261988,   71.097748,  139.780353,   80.3768,    7.1469
27526                         , 6, 33,  0.042284,   25.4825,   44.698950, 14,  10,    154,  0,   71.823832,   49.972681,   86.764979,   77.6346,    4.5214
27526                         , 6, 33,  0.042284,   25.4825,   44.698950, 14,  20,    294,  0,   71.569476,   49.972681,   87.426124,   77.6324,    4.5203
27526                         , 6, 33,  0.042284,   25.4825,   44.698950, 14,  40,    574,  0,   73.232672,   49.972681,   87.426124,   77.6343,    4.5212
27526                         , 6, 33,  0.042284,   25.4825,   44.698950, 14,  75,   1064,  0,   72.160621,   49.972681,   88.426531,   77.6340,    4.5211
27526                         , 6, 33,  0.042284,   25.4825,   44.698950, 14, 125,   1764,  0,   71.198369,   49.972681,   82.391573,   77.7933,    4.6237
27526                         , 6, 33,  0.042284,   25.4825,   44.698950, 14, 200,   2814,  0,   70.164472,   49.972681,   73.701611,   77.6343,    4.5212
27526                         , 6, 33,  0.042284,   25.4825,   44.698950, 14, 500,   7014,  0,   69.955461,   49.972681,   72.660764,   77.6356,    4.5218
27526                         , 6, 33,  0.042284,   25.4825,   44.698950, 20,  10,    220,  1,   65.276548,   45.070638,   93.917516,   71.5763,    5.5938
27526                         , 6, 33,  0.042284,   25.4825,   44.698950, 20,  20,    420,  1,   59.486064,   43.682184,   81.076570,   70.5999,    3.8344
27526                         , 6, 33,  0.042284,   25.4825,   44.698950, 20,  40,    820,  4,   50.506943,   42.383346,   60.115810,   68.4261,    2.3139
27526                         , 6, 33,  0.042284,   25.4825,   44.698950, 20,  75,   1520,  6,   47.263385,   41.793279,   55.714208,   67.3666,    1.7103
27526                         , 6, 33,  0.042284,   25.4825,   44.698950, 20, 125,   2520,  7,   45.112154,   41.793279,   51.313274,   66.8789,    0.6206
27526                         , 6, 33,  0.042284,   25.4825,   44.698950, 20, 200,   4020,  7,   45.103265,   41.793279,   51.313274,   66.8274,    0.6056
27526                         , 6, 33,  0.042284,   25.4825,   44.698950, 20, 500,  10020,  8,   44.262896,   41.793279,   49.797750,   66.7366,    0.3227
27526                         , 7, 49,  0.057202,   38.2238,  190.433431,  4,  10,     44,  0,  225.529036,  225.529035,  225.529038,   95.8278,    0.0000
27526                         , 7, 49,  0.057202,   38.2238,  190.433431,  4,  20,     84,  0,  225.529036,  225.529035,  225.529038,   95.8278,    0.0000
27526                         , 7, 49,  0.057202,   38.2238,  190.433431,  4,  40,    164,  0,  225.529036,  225.529035,  225.529037,   95.8278,    0.0000
27526                         , 7, 49,  0.057202,   38.2238,  190.433431,  4,  75,    304,  0,  225.529035,  225.529035,  225.529036,   95.8278,    0.0000
27526                         , 7, 49,  0.057202,   38.2238,  190.433431,  4, 125,    504,  0,  225.529035,  225.529035,  225.529036,   95.8278,    0.0000
27526                         , 7, 49,  0.057202,   38.2238,  190.433431,  4, 200,    804,  0,  225.529035,  225.529035,  225.529036,   95.8278,    0.0000
27526                         , 7, 49,  0.057202,   38.2238,  190.433431,  4, 500,   2004,  0,  225.529035,  225.529035,  225.529035,   95.8278,    0.0000
27526                         , 7, 49,  0.057202,   38.2238,  190.433431,  6,  10,     66,  0,  225.528980,  225.528956,  225.529006,   95.8278,    0.0000
27526                         , 7, 49,  0.057202,   38.2238,  190.433431,  6,  20,    126,  0,  225.528968,  225.528956,  225.529000,   95.8278,    0.0000
27526                         , 7, 49,  0.057202,   38.2238,  190.433431,  6,  40,    246,  0,  225.528972,  225.528956,  225.529000,   95.8278,    0.0000
27526                         , 7, 49,  0.057202,   38.2238,  190.433431,  6,  75,    456,  0,  225.528967,  225.528952,  225.529000,   95.8278,    0.0000
27526                         , 7, 49,  0.057202,   38.2238,  190.433431,  6, 125,    756,  0,  225.528965,  225.528949,  225.528983,   95.8278,    0.0000
27526                         , 7, 49,  0.057202,   38.2238,  190.433431,  6, 200,   1206,  0,  225.528960,  225.528949,  225.528983,   95.8278,    0.0000
27526                         , 7, 49,  0.057202,   38.2238,  190.433431,  6, 500,   3006,  0,  225.528953,  225.528949,  225.528974,   95.8278,    0.0000
27526                         , 7, 49,  0.057202,   38.2238,  190.433431,  8,  10,     88,  0,  224.602471,  216.255493,  225.532133,   95.9984,    0.5120
27526                         , 7, 49,  0.057202,   38.2238,  190.433431,  8,  20,    168,  0,  224.602095,  216.255493,  225.532133,   95.9984,    0.5120
27526                         , 7, 49,  0.057202,   38.2238,  190.433431,  8,  40,    328,  0,  224.602083,  216.255493,  225.530647,   95.9984,    0.5120
27526                         , 7, 49,  0.057202,   38.2238,  190.433431,  8,  75,    608,  0,  224.602045,  216.255493,  225.530647,   95.9984,    0.5120
27526                         , 7, 49,  0.057202,   38.2238,  190.433431,  8, 125,   1008,  0,  224.601325,  216.255493,  225.529982,   95.9984,    0.5120
27526                         , 7, 49,  0.057202,   38.2238,  190.433431,  8, 200,   1608,  0,  224.601225,  216.255493,  225.529599,   95.9984,    0.5120
27526                         , 7, 49,  0.057202,   38.2238,  190.433431,  8, 500,   4008,  0,  224.600705,  216.255493,  225.528225,   95.9984,    0.5120
27526                         , 7, 49,  0.057202,   38.2238,  190.433431, 10,  10,    110,  0,  203.327000,  203.323942,  203.333167,   95.8319,    0.0000
27526                         , 7, 49,  0.057202,   38.2238,  190.433431, 10,  20,    210,  0,  203.325312,  203.322423,  203.329968,   95.8319,    0.0000
27526                         , 7, 49,  0.057202,   38.2238,  190.433431, 10,  40,    410,  0,  203.324882,  203.322423,  203.329968,   95.8319,    0.0000
27526                         , 7, 49,  0.057202,   38.2238,  190.433431, 10,  75,    760,  0,  203.324548,  203.322423,  203.329968,   95.8319,    0.0000
27526                         , 7, 49,  0.057202,   38.2238,  190.433431, 10, 125,   1260,  0,  203.323748,  203.322423,  203.327170,   95.8319,    0.0000
27526                         , 7, 49,  0.057202,   38.2238,  190.433431, 10, 200,   2010,  0,  203.323290,  203.322395,  203.324804,   95.8319,    0.0000
27526                         , 7, 49,  0.057202,   38.2238,  190.433431, 10, 500,   5010,  0,  203.322654,  203.322053,  203.323788,   95.8319,    0.0000
27526                         , 7, 49,  0.057202,   38.2238,  190.433431, 14,  10,    154,  1,  204.295551,  192.965833,  215.348897,   96.0666,    0.7182
27526                         , 7, 49,  0.057202,   38.2238,  190.433431, 14,  20,    294,  0,  205.288257,  203.163747,  219.338367,   95.8323,    0.0003
27526                         , 7, 49,  0.057202,   38.2238,  190.433431, 14,  40,    574,  0,  203.827077,  203.167549,  206.606081,   95.8317,    0.0014
27526                         , 7, 49,  0.057202,   38.2238,  190.433431, 14,  75,   1064,  1,  203.404490,  195.457274,  206.534665,   96.0711,    0.7166
27526                         , 7, 49,  0.057202,   38.2238,  190.433431, 14, 125,   1764,  1,  202.266068,  190.627834,  206.534665,   96.0711,    0.7166
27526                         , 7, 49,  0.057202,   38.2238,  190.433431, 14, 200,   2814,  1,  202.032265,  190.590198,  203.837908,   96.0632,    0.7196
27526                         , 7, 49,  0.057202,   38.2238,  190.433431, 14, 500,   7014,  3,  199.765479,  190.589955,  206.533988,   96.5488,    1.0946
27526                         , 7, 49,  0.057202,   38.2238,  190.433431, 20,  10,    220,  2,  219.595731,  193.378240,  261.269218,   95.0608,    2.7689
27526                         , 7, 49,  0.057202,   38.2238,  190.433431, 20,  20,    420,  3,  214.764780,  192.135364,  261.269218,   95.3812,    2.9061
27526                         , 7, 49,  0.057202,   38.2238,  190.433431, 20,  40,    820,  3,  213.124234,  192.135364,  261.269218,   95.3316,    2.8888
27526                         , 7, 49,  0.057202,   38.2238,  190.433431, 20,  75,   1520,  4,  209.611689,  190.593885,  250.610431,   95.8877,    3.1983
27526                         , 7, 49,  0.057202,   38.2238,  190.433431, 20, 125,   2520,  4,  206.612480,  190.593885,  229.121490,   96.0642,    2.0011
27526                         , 7, 49,  0.057202,   38.2238,  190.433431, 20, 200,   4020,  7,  198.656880,  190.593885,  214.715898,   96.8679,    1.3054
27526                         , 7, 49,  0.057202,   38.2238,  190.433431, 20, 500,  10020, 10,  192.014238,  190.287225,  194.421914,   98.0147,    0.2069
27526                         , 8, 64,  0.245045,   57.3357,   68.891637,  4,  10,     44, 10,   72.049056,   72.049055,   72.049056,   95.1286,    0.0000
27526                         , 8, 64,  0.245045,   57.3357,   68.891637,  4,  20,     84, 10,   72.049056,   72.049055,   72.049056,   95.1286,    0.0000
27526                         , 8, 64,  0.245045,   57.3357,   68.891637,  4,  40,    164, 10,   72.049056,   72.049055,   72.049056,   95.1286,    0.0000
27526                         , 8, 64,  0.245045,   57.3357,   68.891637,  4,  75,    304, 10,   72.049056,   72.049055,   72.049056,   95.1286,    0.0000
27526                         , 8, 64,  0.245045,   57.3357,   68.891637,  4, 125,    504, 10,   72.049056,   72.049055,   72.049056,   95.1286,    0.0000
27526                         , 8, 64,  0.245045,   57.3357,   68.891637,  4, 200,    804, 10,   72.049055,   72.049055,   72.049056,   95.1286,    0.0000
27526                         , 8, 64,  0.245045,   57.3357,   68.891637,  4, 500,   2004, 10,   72.049055,   72.049055,   72.049055,   95.1286,    0.0000
27526                         , 8, 64,  0.245045,   57.3357,   68.891637,  6,  10,     66, 10,   72.049045,   72.049030,   72.049058,   95.1286,    0.0000
27526                         , 8, 64,  0.245045,   57.3357,   68.891637,  6,  20,    126, 10,   72.049043,   72.049030,   72.049058,   95.1286,    0.0000
27526                         , 8, 64,  0.245045,   57.3357,   68.891637,  6,  40,    246, 10,   72.049041,   72.049030,   72.049058,   95.1286,    0.0000
27526                         , 8, 64,  0.245045,   57.3357,   68.891637,  6,  75,    456, 10,   72.049034,   72.049029,   72.049049,   95.1286,    0.0000
27526                         , 8, 64,  0.245045,   57.3357,   68.891637,  6, 125,    756, 10,   72.049032,   72.049029,   72.049043,   95.1286,    0.0000
27526                         , 8, 64,  0.245045,   57.3357,   68.891637,  6, 200,   1206, 10,   72.049031,   72.049026,   72.049039,   95.1286,    0.0000
27526                         , 8, 64,  0.245045,   57.3357,   68.891637,  6, 500,   3006, 10,   72.049029,   72.049025,   72.049032,   95.1286,    0.0000
27526                         , 8, 64,  0.245045,   57.3357,   68.891637,  8,  10,     88, 10,   72.048967,   72.048328,   72.050143,   95.1286,    0.0000
27526                         , 8, 64,  0.245045,   57.3357,   68.891637,  8,  20,    168, 10,   72.048965,   72.048328,   72.050143,   95.1286,    0.0000
27526                         , 8, 64,  0.245045,   57.3357,   68.891637,  8,  40,    328, 10,   72.048927,   72.048328,   72.050143,   95.1286,    0.0000
27526                         , 8, 64,  0.245045,   57.3357,   68.891637,  8,  75,    608, 10,   72.048817,   72.048328,   72.049101,   95.1286,    0.0000
27526                         , 8, 64,  0.245045,   57.3357,   68.891637,  8, 125,   1008, 10,   72.048796,   72.048328,   72.049082,   95.1286,    0.0000
27526                         , 8, 64,  0.245045,   57.3357,   68.891637,  8, 200,   1608, 10,   72.048660,   72.048328,   72.049082,   95.1286,    0.0000
27526                         , 8, 64,  0.245045,   57.3357,   68.891637,  8, 500,   4008, 10,   72.048499,   72.048328,   72.048877,   95.1286,    0.0000
27526                         , 8, 64,  0.245045,   57.3357,   68.891637, 10,  10,    110, 10,   72.009449,   71.992547,   72.028446,   95.1286,    0.0000
27526                         , 8, 64,  0.245045,   57.3357,   68.891637, 10,  20,    210, 10,   72.007186,   71.992547,   72.026132,   95.1286,    0.0000
27526                         , 8, 64,  0.245045,   57.3357,   68.891637, 10,  40,    410, 10,   72.004072,   71.992547,   72.018903,   95.1286,    0.0000
27526                         , 8, 64,  0.245045,   57.3357,   68.891637, 10,  75,    760, 10,   71.999768,   71.991254,   72.017216,   95.1286,    0.0000
27526                         , 8, 64,  0.245045,   57.3357,   68.891637, 10, 125,   1260, 10,   71.995518,   71.991096,   72.006066,   95.1286,    0.0000
27526                         , 8, 64,  0.245045,   57.3357,   68.891637, 10, 200,   2010, 10,   71.994830,   71.991096,   72.006066,   95.1286,    0.0000
27526                         , 8, 64,  0.245045,   57.3357,   68.891637, 10, 500,   5010, 10,   71.992422,   71.991096,   71.996319,   95.1286,    0.0000
27526                         , 8, 64,  0.245045,   57.3357,   68.891637, 14,  10,    154,  0,  151.673332,   94.384018,  280.189104,   88.0663,    6.7291
27526                         , 8, 64,  0.245045,   57.3357,   68.891637, 14,  20,    294,  0,  170.628726,   94.384018,  329.843916,   87.3977,    6.2040
27526                         , 8, 64,  0.245045,   57.3357,   68.891637, 14,  40,    574,  0,  141.739551,   74.946172,  179.049165,   89.4998,    6.5517
27526                         , 8, 64,  0.245045,   57.3357,   68.891637, 14,  75,   1064,  0,  143.081964,   89.358476,  188.459520,   87.6296,    7.0652
27526                         , 8, 64,  0.245045,   57.3357,   68.891637, 14, 125,   1764,  0,  123.850215,   74.854543,  172.905757,   87.1605,    6.2234
27526                         , 8, 64,  0.245045,   57.3357,   68.891637, 14, 200,   2814,  0,  132.329490,   75.038912,  150.582413,   86.2970,    6.7626
27526                         , 8, 64,  0.245045,   57.3357,   68.891637, 14, 500,   7014,  0,  115.127997,   88.977482,  149.885958,   90.5111,    6.4188
27526                         , 8, 64,  0.245045,   57.3357,   68.891637, 20,  10,    220,  1,  128.477304,   70.670369,  205.268434,   94.5611,    8.3340
27526                         , 8, 64,  0.245045,   57.3357,   68.891637, 20,  20,    420,  2,  107.524935,   69.298511,  169.291177,   90.4002,    9.2268
27526                         , 8, 64,  0.245045,   57.3357,   68.891637, 20,  40,    820,  2,   92.522632,   69.298511,  136.470173,   89.7131,    8.5969
27526                         , 8, 64,  0.245045,   57.3357,   68.891637, 20,  75,   1520,  5,   82.722804,   69.298511,  136.470173,   90.7037,    6.4526
27526                         , 8, 64,  0.245045,   57.3357,   68.891637, 20, 125,   2520,  5,   80.346078,   68.925354,  136.404277,   90.8766,    5.7199
27526                         , 8, 64,  0.245045,   57.3357,   68.891637, 20, 200,   4020,  6,   73.338494,   68.925354,   81.191814,   93.1377,    0.9210
27526                         , 8, 64,  0.245045,   57.3357,   68.891637, 20, 500,  10020,  6,   72.140767,   68.919130,   77.072114,   93.1948,    0.5289
32007                         , 1, 59,  0.007126,  135.5717,    2.055178,  4,  10,     44,  0,   27.627450,    9.596324,   46.693941,   82.2981,   35.3503
32007                         , 1, 59,  0.007126,  135.5717,    2.055178,  4,  20,     84,  0,   27.627450,    9.596324,   46.693941,   82.2981,   35.3503
32007                         , 1, 59,  0.007126,  135.5717,    2.055178,  4,  40,    164,  0,   27.627450,    9.596324,   46.693941,   82.2981,   35.3503
32007                         , 1, 59,  0.007126,  135.5717,    2.055178,  4,  75,    304,  0,   27.627450,    9.596324,   46.693941,   82.2981,   35.3503
32007                         , 1, 59,  0.007126,  135.5717,    2.055178,  4, 125,    504,  0,   27.627450,    9.596324,   46.693941,   82.2981,   35.3503
32007                         , 1, 59,  0.007126,  135.5717,    2.055178,  4, 200,    804,  0,   27.627450,    9.596324,   46.693941,   82.2981,   35.3503
32007                         , 1, 59,  0.007126,  135.5717,    2.055178,  4, 500,   2004,  0,   27.627450,    9.596324,   46.693941,   82.2981,   35.3503
32007                         , 1, 59,  0.007126,  135.5717,    2.055178,  6,  10,     66,  0,   22.025616,    9.596324,   37.462831,   91.8099,   33.0356
32007                         , 1, 59,  0.007126,  135.5717,    2.055178,  6,  20,    126,  0,   22.025616,    9.596324,   37.462831,   91.8099,   33.0356
32007                         , 1, 59,  0.007126,  135.5717,    2.055178,  6,  40,    246,  0,   22.025616,    9.596324,   37.462831,   91.8099,   33.0356
32007                         , 1, 59,  0.007126,  135.5717,    2.055178,  6,  75,    456,  0,   22.025616,    9.596324,   37.462831,   91.8099,   33.0356
32007                         , 1, 59,  0.007126,  135.5717,    2.055178,  6, 125,    756,  0,   22.025616,    9.596324,   37.462831,   91.8099,   33.0356
32007                         , 1, 59,  0.007126,  135.5717,    2.055178,  6, 200,   1206,  0,   22.025616,    9.596324,   37.462831,   91.8099,   33.0356
32007                         , 1, 59,  0.007126,  135.5717,    2.055178,  6, 500,   3006,  0,   22.025616,    9.596324,   37.462831,   91.8099,   33.0356
32007                         , 1, 59,  0.007126,  135.5717,    2.055178,  8,  10,     88,  0,   15.693887,    9.596324,   20.627227,   83.3709,   22.7444
32007                         , 1, 59,  0.007126,  135.5717,    2.055178,  8,  20,    168,  0,   15.693870,    9.596324,   20.627227,   83.3709,   22.7444
32007                         , 1, 59,  0.007126,  135.5717,    2.055178,  8,  40,    328,  0,   15.693863,    9.596324,   20.627216,   83.3709,   22.7444
32007                         , 1, 59,  0.007126,  135.5717,    2.055178,  8,  75,    608,  0,   15.693832,    9.596324,   20.626915,   83.3709,   22.7444
32007                         , 1, 59,  0.007126,  135.5717,    2.055178,  8, 125,   1008,  0,   15.693812,    9.596324,   20.626882,   83.3709,   22.7444
32007                         , 1, 59,  0.007126,  135.5717,    2.055178,  8, 200,   1608,  0,   15.693809,    9.596324,   20.626881,   83.3709,   22.7444
32007                         , 1, 59,  0.007126,  135.5717,    2.055178,  8, 500,   4008,  0,   15.693809,    9.596324,   20.626881,   83.3709,   22.7444
32007                         , 1, 59,  0.007126,  135.5717,    2.055178, 10,  10,    110,  0,   15.688157,    9.596324,   20.617076,   83.3709,   22.7444
32007                         , 1, 59,  0.007126,  135.5717,    2.055178, 10,  20,    210,  0,   15.686912,    9.596324,   20.617076,   83.3709,   22.7444
32007                         , 1, 59,  0.007126,  135.5717,    2.055178, 10,  40,    410,  0,   15.686902,    9.596324,   20.616983,   83.3709,   22.7444
32007                         , 1, 59,  0.007126,  135.5717,    2.055178, 10,  75,    760,  0,   15.686209,    9.596324,   20.614210,   83.3709,   22.7444
32007                         , 1, 59,  0.007126,  135.5717,    2.055178, 10, 125,   1260,  0,   15.684684,    9.596324,   20.598957,   83.3709,   22.7444
32007                         , 1, 59,  0.007126,  135.5717,    2.055178, 10, 200,   2010,  0,   15.684512,    9.596324,   20.598957,   83.3709,   22.7444
32007                         , 1, 59,  0.007126,  135.5717,    2.055178, 10, 500,   5010,  0,   15.684014,    9.596324,   20.594625,   83.3709,   22.7444
32007                         , 1, 59,  0.007126,  135.5717,    2.055178, 14,  10,    154,  0,    5.214065,    2.302575,   11.915204,   63.1486,    3.8734
32007                         , 1, 59,  0.007126,  135.5717,    2.055178, 14,  20,    294,  0,    4.185000,    2.681905,    9.327714,   62.9343,    3.6745
32007                         , 1, 59,  0.007126,  135.5717,    2.055178, 14,  40,    574,  2,    4.041204,    1.492908,    9.740102,   63.6343,    4.0425
32007                         , 1, 59,  0.007126,  135.5717,    2.055178, 14,  75,   1064,  1,    3.242329,    1.814435,    4.209154,   64.6253,    0.9308
32007                         , 1, 59,  0.007126,  135.5717,    2.055178, 14, 125,   1764,  2,    3.006993,    1.486789,    3.881365,   64.8584,    1.0661
32007                         , 1, 59,  0.007126,  135.5717,    2.055178, 14, 200,   2814,  2,    2.894658,    1.487145,    3.925388,   64.8584,    1.0661
32007                         , 1, 59,  0.007126,  135.5717,    2.055178, 14, 500,   7014,  3,    2.889563,    1.568848,    3.928121,   65.0909,    1.1398
32007                         , 1, 59,  0.007126,  135.5717,    2.055178, 20,  10,    220,  0,    9.543372,    5.384056,   13.831616,   69.6172,   13.4171
32007                         , 1, 59,  0.007126,  135.5717,    2.055178, 20,  20,    420,  0,    8.291345,    2.954213,   13.831616,   69.8038,   13.2567
32007                         , 1, 59,  0.007126,  135.5717,    2.055178, 20,  40,    820,  0,    7.217900,    2.954213,   13.400616,   71.8922,   10.5489
32007                         , 1, 59,  0.007126,  135.5717,    2.055178, 20,  75,   1520,  0,    6.002725,    2.954213,   11.395498,   69.0767,    7.7310
32007                         , 1, 59,  0.007126,  135.5717,    2.055178, 20, 125,   2520,  1,    4.639811,    1.742632,    6.380393,   67.2709,    5.3167
32007                         , 1, 59,  0.007126,  135.5717,    2.055178, 20, 200,   4020,  2,    3.625958,    1.469645,    6.380393,   67.9916,    4.9503
32007                         , 1, 59,  0.007126,  135.5717,    2.055178, 20, 500,  10020,  6,    2.578692,    0.942421,    5.346022,   69.5394,    3.1804
32007                         , 2, 60,  0.004864,   67.7859,    2.527602,  4,  10,     44,  0,   12.041485,    8.455314,   14.127513,   81.4514,   16.2681
32007                         , 2, 60,  0.004864,   67.7859,    2.527602,  4,  20,     84,  0,   12.041485,    8.455314,   14.127513,   81.4514,   16.2681
32007                         , 2, 60,  0.004864,   67.7859,    2.527602,  4,  40,    164,  0,   12.041485,    8.455314,   14.127513,   81.4514,   16.2681
32007                         , 2, 60,  0.004864,   67.7859,    2.527602,  4,  75,    304,  0,   12.041485,    8.455314,   14.127513,   81.4514,   16.2681
32007                         , 2, 60,  0.004864,   67.7859,    2.527602,  4, 125,    504,  0,   12.041485,    8.455314,   14.127513,   81.4514,   16.2681
32007                         , 2, 60,  0.004864,   67.7859,    2.527602,  4, 200,    804,  0,   12.041485,    8.455314,   14.127513,   81.4514,   16.2681
32007                         , 2, 60,  0.004864,   67.7859,    2.527602,  4, 500,   2004,  0,   12.041485,    8.455314,   14.127513,   81.4514,   16.2681
32007                         , 2, 60,  0.004864,   67.7859,    2.527602,  6,  10,     66,  0,   11.162986,    5.342516,   14.127514,   76.1676,   19.1318
32007                         , 2, 60,  0.004864,   67.7859,    2.527602,  6,  20,    126,  0,   11.162986,    5.342516,   14.127513,   76.1676,   19.1318
32007                         , 2, 60,  0.004864,   67.7859,    2.527602,  6,  40,    246,  0,   11.162986,    5.342516,   14.127513,   76.1676,   19.1318
32007                         , 2, 60,  0.004864,   67.7859,    2.527602,  6,  75,    456,  0,   11.162985,    5.342516,   14.127513,   76.1676,   19.1318
32007                         , 2, 60,  0.004864,   67.7859,    2.527602,  6, 125,    756,  0,   11.162985,    5.342516,   14.127513,   76.1676,   19.1318
32007                         , 2, 60,  0.004864,   67.7859,    2.527602,  6, 200,   1206,  0,   11.162985,    5.342516,   14.127513,   76.1676,   19.1318
32007                         , 2, 60,  0.004864,   67.7859,    2.527602,  6, 500,   3006,  0,   11.162985,    5.342516,   14.127512,   76.1676,   19.1318
32007                         , 2, 60,  0.004864,   67.7859,    2.527602,  8,  10,     88,  0,    9.999123,    5.342516,   14.127509,   68.2019,   18.5808
32007                         , 2, 60,  0.004864,   67.7859,    2.527602,  8,  20,    168,  0,    9.999123,    5.342516,   14.127509,   68.2019,   18.5808
32007                         , 2, 60,  0.004864,   67.7859,    2.527602,  8,  40,    328,  0,    9.999123,    5.342516,   14.127509,   68.2019,   18.5808
32007                         , 2, 60,  0.004864,   67.7859,    2.527602,  8,  75,    608,  0,    9.999123,    5.342516,   14.127509,   68.2019,   18.5808
32007                         , 2, 60,  0.004864,   67.7859,    2.527602,  8, 125,   1008,  0,    9.999123,    5.342516,   14.127509,   68.2019,   18.5808
32007                         , 2, 60,  0.004864,   67.7859,    2.527602,  8, 200,   1608,  0,    9.999120,    5.342516,   14.127481,   68.2019,   18.5808
32007                         , 2, 60,  0.004864,   67.7859,    2.527602,  8, 500,   4008,  0,    9.999115,    5.342516,   14.127422,   68.2019,   18.5808
32007                         , 2, 60,  0.004864,   67.7859,    2.527602, 10,  10,    110,  0,    9.054639,    4.680323,   14.129766,   62.5927,   17.9070
32007                         , 2, 60,  0.004864,   67.7859,    2.527602, 10,  20,    210,  0,    9.054639,    4.680323,   14.129766,   62.5927,   17.9070
32007                         , 2, 60,  0.004864,   67.7859,    2.527602, 10,  40,    410,  0,    9.054639,    4.680323,   14.129766,   62.5927,   17.9070
32007                         , 2, 60,  0.004864,   67.7859,    2.527602, 10,  75,    760,  0,    9.054639,    4.680323,   14.129766,   62.5927,   17.9070
32007                         , 2, 60,  0.004864,   67.7859,    2.527602, 10, 125,   1260,  0,    9.054355,    4.680323,   14.126925,   62.5927,   17.9070
32007                         , 2, 60,  0.004864,   67.7859,    2.527602, 10, 200,   2010,  0,    9.054355,    4.680323,   14.126925,   62.5927,   17.9070
32007                         , 2, 60,  0.004864,   67.7859,    2.527602, 10, 500,   5010,  0,    9.054244,    4.680323,   14.125813,   62.5927,   17.9070
32007                         , 2, 60,  0.004864,   67.7859,    2.527602, 14,  10,    154,  0,    7.736694,    4.680323,   13.311668,   58.0462,   13.8670
32007                         , 2, 60,  0.004864,   67.7859,    2.527602, 14,  20,    294,  0,    7.188329,    4.680323,   13.311668,   56.6328,   13.2503
32007                         , 2, 60,  0.004864,   67.7859,    2.527602, 14,  40,    574,  0,    6.601987,    4.680323,    8.765905,   53.4374,    7.7994
32007                         , 2, 60,  0.004864,   67.7859,    2.527602, 14,  75,   1064,  0,    6.474097,    4.680323,    7.668765,   53.3314,    7.7288
32007                         , 2, 60,  0.004864,   67.7859,    2.527602, 14, 125,   1764,  0,    6.405176,    4.680323,    7.078988,   53.4374,    7.7994
32007                         , 2, 60,  0.004864,   67.7859,    2.527602, 14, 200,   2814,  0,    6.321201,    4.680323,    6.825832,   53.5367,    7.8642
32007                         , 2, 60,  0.004864,   67.7859,    2.527602, 14, 500,   7014,  0,    6.229166,    4.680323,    6.751991,   53.1196,    7.5810
32007                         , 2, 60,  0.004864,   67.7859,    2.527602, 20,  10,    220,  1,    6.461966,    1.721721,   10.170942,   51.8031,    8.4683
32007                         , 2, 60,  0.004864,   67.7859,    2.527602, 20,  20,    420,  2,    4.893708,    0.887422,   10.170942,   50.2003,    6.9882
32007                         , 2, 60,  0.004864,   67.7859,    2.527602, 20,  40,    820,  2,    4.881677,    0.887422,   10.170942,   50.2881,    6.9508
32007                         , 2, 60,  0.004864,   67.7859,    2.527602, 20,  75,   1520,  2,    4.881677,    0.887422,   10.170942,   50.2881,    6.9508
32007                         , 2, 60,  0.004864,   67.7859,    2.527602, 20, 125,   2520,  5,    3.662562,    0.887422,    8.455314,   47.0733,    8.5421
32007                         , 2, 60,  0.004864,   67.7859,    2.527602, 20, 200,   4020,  6,    2.972477,    0.887422,    8.455314,   45.2197,    7.8220
32007                         , 2, 60,  0.004864,   67.7859,    2.527602, 20, 500,  10020,  9,    1.565226,    0.883210,    3.605538,   40.6554,    2.6493
32007                         , 3, 56,  0.005524,  101.6788,    1.249215,  4,  10,     44,  0,   20.175458,    6.907725,   41.586657,   59.4014,   19.7860
32007                         , 3, 56,  0.005524,  101.6788,    1.249215,  4,  20,     84,  0,   20.175458,    6.907725,   41.586657,   59.4014,   19.7860
32007                         , 3, 56,  0.005524,  101.6788,    1.249215,  4,  40,    164,  0,   20.175458,    6.907725,   41.586657,   59.4014,   19.7860
32007                         , 3, 56,  0.005524,  101.6788,    1.249215,  4,  75,    304,  0,   20.175458,    6.907725,   41.586657,   59.4014,   19.7860
32007                         , 3, 56,  0.005524,  101.6788,    1.249215,  4, 125,    504,  0,   20.175458,    6.907725,   41.586657,   59.4014,   19.7860
32007                         , 3, 56,  0.005524,  101.6788,    1.249215,  4, 200,    804,  0,   20.175458,    6.907725,   41.586657,   59.4014,   19.7860
32007                         , 3, 56,  0.005524,  101.6788,    1.249215,  4, 500,   2004,  0,   20.175458,    6.907725,   41.586657,   59.4014,   19.7860
32007                         , 3, 56,  0.005524,  101.6788,    1.249215,  6,  10,     66,  0,   13.726535,    6.907725,   21.540569,   64.7508,   18.7663
32007                         , 3, 56,  0.005524,  101.6788,    1.249215,  6,  20,    126,  0,   13.726535,    6.907725,   21.540566,   64.7508,   18.7663
32007                         , 3, 56,  0.005524,  101.6788,    1.249215,  6,  40,    246,  0,   13.726534,    6.907725,   21.540566,   64.7508,   18.7663
32007                         , 3, 56,  0.005524,  101.6788,    1.249215,  6,  75,    456,  0,   13.726534,    6.907725,   21.540566,   64.7508,   18.7663
32007                         , 3, 56,  0.005524,  101.6788,    1.249215,  6, 125,    756,  0,   13.726534,    6.907725,   21.540563,   64.7508,   18.7663
32007                         , 3, 56,  0.005524,  101.6788,    1.249215,  6, 200,   1206,  0,   13.726534,    6.907725,   21.540561,   64.7508,   18.7663
32007                         , 3, 56,  0.005524,  101.6788,    1.249215,  6, 500,   3006,  0,   13.726534,    6.907725,   21.540560,   64.7508,   18.7663
32007                         , 3, 56,  0.005524,  101.6788,    1.249215,  8,  10,     88,  0,   13.675501,    6.907725,   21.353685,   69.2271,   25.4124
32007                         , 3, 56,  0.005524,  101.6788,    1.249215,  8,  20,    168,  0,   13.675501,    6.907725,   21.353685,   69.2271,   25.4124
32007                         , 3, 56,  0.005524,  101.6788,    1.249215,  8,  40,    328,  0,   13.675501,    6.907725,   21.353685,   69.2271,   25.4124
32007                         , 3, 56,  0.005524,  101.6788,    1.249215,  8,  75,    608,  0,   13.675501,    6.907725,   21.353685,   69.2271,   25.4124
32007                         , 3, 56,  0.005524,  101.6788,    1.249215,  8, 125,   1008,  0,   13.675501,    6.907725,   21.353685,   69.2271,   25.4124
32007                         , 3, 56,  0.005524,  101.6788,    1.249215,  8, 200,   1608,  0,   13.675501,    6.907725,   21.353685,   69.2271,   25.4124
32007                         , 3, 56,  0.005524,  101.6788,    1.249215,  8, 500,   4008,  0,   13.675499,    6.907725,   21.353674,   69.2271,   25.4124
32007                         , 3, 56,  0.005524,  101.6788,    1.249215, 10,  10,    110,  0,   13.675119,    6.907725,   21.349866,   69.2271,   25.4124
32007                         , 3, 56,  0.005524,  101.6788,    1.249215, 10,  20,    210,  0,   13.675119,    6.907725,   21.349866,   69.2271,   25.4124
32007                         , 3, 56,  0.005524,  101.6788,    1.249215, 10,  40,    410,  0,   13.675119,    6.907725,   21.349866,   69.2271,   25.4124
32007                         , 3, 56,  0.005524,  101.6788,    1.249215, 10,  75,    760,  0,   13.675119,    6.907725,   21.349866,   69.2271,   25.4124
32007                         , 3, 56,  0.005524,  101.6788,    1.249215, 10, 125,   1260,  0,   13.675119,    6.907725,   21.349866,   69.2271,   25.4124
32007                         , 3, 56,  0.005524,  101.6788,    1.249215, 10, 200,   2010,  0,   13.675119,    6.907725,   21.349866,   69.2271,   25.4124
32007                         , 3, 56,  0.005524,  101.6788,    1.249215, 10, 500,   5010,  0,   13.675060,    6.907725,   21.349275,   69.2271,   25.4124
32007                         , 3, 56,  0.005524,  101.6788,    1.249215, 14,  10,    154,  0,   10.867377,    6.907725,   16.713106,   43.7821,   12.2440
32007                         , 3, 56,  0.005524,  101.6788,    1.249215, 14,  20,    294,  0,   10.629225,    6.907725,   14.264977,   44.4127,   11.4824
32007                         , 3, 56,  0.005524,  101.6788,    1.249215, 14,  40,    574,  0,   10.578579,    6.907725,   13.758520,   44.4127,   11.4824
32007                         , 3, 56,  0.005524,  101.6788,    1.249215, 14,  75,   1064,  0,   10.650284,    6.907725,   14.479010,   45.1846,   10.9300
32007                         , 3, 56,  0.005524,  101.6788,    1.249215, 14, 125,   1764,  0,   10.441856,    6.907725,   12.445172,   44.4127,   11.4824
32007                         , 3, 56,  0.005524,  101.6788,    1.249215, 14, 200,   2814,  0,   10.437328,    6.907725,   12.441767,   44.4127,   11.4824
32007                         , 3, 56,  0.005524,  101.6788,    1.249215, 14, 500,   7014,  0,   10.437157,    6.907725,   12.441739,   44.4127,   11.4824
32007                         , 3, 56,  0.005524,  101.6788,    1.249215, 20,  10,    220,  0,    8.732473,    5.390002,   14.479010,   50.2794,    9.0288
32007                         , 3, 56,  0.005524,  101.6788,    1.249215, 20,  20,    420,  0,    7.366479,    2.678519,   14.479010,   46.5148,    5.5430
32007                         , 3, 56,  0.005524,  101.6788,    1.249215, 20,  40,    820,  0,    6.854710,    2.678519,   14.479010,   44.1302,    3.9677
32007                         , 3, 56,  0.005524,  101.6788,    1.249215, 20,  75,   1520,  0,    5.989186,    1.540788,   14.479010,   48.0470,    5.8049
32007                         , 3, 56,  0.005524,  101.6788,    1.249215, 20, 125,   2520,  0,    3.949372,    1.540788,   10.447740,   50.0815,    4.6136
32007                         , 3, 56,  0.005524,  101.6788,    1.249215, 20, 200,   4020,  1,    3.347813,    1.103479,   10.447740,   49.8047,    3.9277
32007                         , 3, 56,  0.005524,  101.6788,    1.249215, 20, 500,  10020,  2,    2.201805,    0.875764,    3.724996,   51.0879,    2.8944
32007                         , 4, 53,  0.006382,   50.8394,    2.169676,  4,  10,     44,  1,   18.306909,    1.886877,   33.256660,   43.4570,   15.3113
32007                         , 4, 53,  0.006382,   50.8394,    2.169676,  4,  20,     84,  1,   18.306909,    1.886877,   33.256660,   43.4570,   15.3113
32007                         , 4, 53,  0.006382,   50.8394,    2.169676,  4,  40,    164,  1,   18.306909,    1.886877,   33.256660,   43.4570,   15.3113
32007                         , 4, 53,  0.006382,   50.8394,    2.169676,  4,  75,    304,  1,   18.306909,    1.886877,   33.256660,   43.4570,   15.3113
32007                         , 4, 53,  0.006382,   50.8394,    2.169676,  4, 125,    504,  1,   18.306909,    1.886877,   33.256660,   43.4570,   15.3113
32007                         , 4, 53,  0.006382,   50.8394,    2.169676,  4, 200,    804,  1,   18.306909,    1.886877,   33.256660,   43.4570,   15.3113
32007                         , 4, 53,  0.006382,   50.8394,    2.169676,  4, 500,   2004,  1,   18.306909,    1.886877,   33.256660,   43.4570,   15.3113
32007                         , 4, 53,  0.006382,   50.8394,    2.169676,  6,  10,     66,  1,   13.474525,    1.886877,   33.256655,   49.7972,   14.2464
32007                         , 4, 53,  0.006382,   50.8394,    2.169676,  6,  20,    126,  1,   13.474525,    1.886877,   33.256656,   49.7972,   14.2464
32007                         , 4, 53,  0.006382,   50.8394,    2.169676,  6,  40,    246,  1,   13.474525,    1.886877,   33.256655,   49.7972,   14.2464
32007                         , 4, 53,  0.006382,   50.8394,    2.169676,  6,  75,    456,  1,   13.474525,    1.886877,   33.256656,   49.7972,   14.2464
32007                         , 4, 53,  0.006382,   50.8394,    2.169676,  6, 125,    756,  1,   13.474525,    1.886877,   33.256656,   49.7972,   14.2464
32007                         , 4, 53,  0.006382,   50.8394,    2.169676,  6, 200,   1206,  1,   13.474525,    1.886877,   33.256655,   49.7972,   14.2464
32007                         , 4, 53,  0.006382,   50.8394,    2.169676,  6, 500,   3006,  1,   13.474525,    1.886877,   33.256655,   49.7972,   14.2464
32007                         , 4, 53,  0.006382,   50.8394,    2.169676,  8,  10,     88,  1,   10.699654,    1.886877,   19.664369,   51.7623,   12.6608
32007                         , 4, 53,  0.006382,   50.8394,    2.169676,  8,  20,    168,  1,   10.699654,    1.886877,   19.664369,   51.7623,   12.6608
32007                         , 4, 53,  0.006382,   50.8394,    2.169676,  8,  40,    328,  1,   10.699654,    1.886877,   19.664369,   51.7623,   12.6608
32007                         , 4, 53,  0.006382,   50.8394,    2.169676,  8,  75,    608,  1,   10.699654,    1.886877,   19.664369,   51.7623,   12.6608
32007                         , 4, 53,  0.006382,   50.8394,    2.169676,  8, 125,   1008,  1,   10.699654,    1.886877,   19.664369,   51.7623,   12.6608
32007                         , 4, 53,  0.006382,   50.8394,    2.169676,  8, 200,   1608,  1,   10.699654,    1.886877,   19.664369,   51.7623,   12.6608
32007                         , 4, 53,  0.006382,   50.8394,    2.169676,  8, 500,   4008,  1,   10.699654,    1.886877,   19.664369,   51.7623,   12.6608
32007                         , 4, 53,  0.006382,   50.8394,    2.169676, 10,  10,    110,  1,   10.699654,    1.886877,   19.664369,   51.7623,   12.6608
32007                         , 4, 53,  0.006382,   50.8394,    2.169676, 10,  20,    210,  1,   10.699654,    1.886877,   19.664369,   51.7623,   12.6608
32007                         , 4, 53,  0.006382,   50.8394,    2.169676, 10,  40,    410,  1,   10.699654,    1.886877,   19.664369,   51.7623,   12.6608
32007                         , 4, 53,  0.006382,   50.8394,    2.169676, 10,  75,    760,  1,   10.699654,    1.886877,   19.664369,   51.7623,   12.6608
32007                         , 4, 53,  0.006382,   50.8394,    2.169676, 10, 125,   1260,  1,   10.699654,    1.886877,   19.664369,   51.7623,   12.6608
32007                         , 4, 53,  0.006382,   50.8394,    2.169676, 10, 200,   2010,  1,   10.699654,    1.886877,   19.664369,   51.7623,   12.6608
32007                         , 4, 53,  0.006382,   50.8394,    2.169676, 10, 500,   5010,  1,   10.699654,    1.886877,   19.664369,   51.7623,   12.6608
32007                         , 4, 53,  0.006382,   50.8394,    2.169676, 14,  10,    154,  1,    7.165076,    1.886877,   12.513696,   42.4709,   10.1228
32007                         , 4, 53,  0.006382,   50.8394,    2.169676, 14,  20,    294,  1,    7.065301,    1.886877,   12.513696,   40.5776,   10.8909
32007                         , 4, 53,  0.006382,   50.8394,    2.169676, 14,  40,    574,  1,    7.294550,    1.886877,   12.513696,   41.9148,   10.7420
32007                         , 4, 53,  0.006382,   50.8394,    2.169676, 14,  75,   1064,  1,    6.879471,    1.886877,   12.513696,   40.5280,   10.9500
32007                         , 4, 53,  0.006382,   50.8394,    2.169676, 14, 125,   1764,  1,    6.605709,    1.886877,   10.400169,   38.7998,    7.8726
32007                         , 4, 53,  0.006382,   50.8394,    2.169676, 14, 200,   2814,  1,    6.430611,    1.886877,    9.522332,   36.9562,    7.9553
32007                         , 4, 53,  0.006382,   50.8394,    2.169676, 14, 500,   7014,  1,    5.763301,    1.886877,    8.697713,   38.0684,    6.9180
32007                         , 4, 53,  0.006382,   50.8394,    2.169676, 20,  10,    220,  2,    4.340249,    1.023655,    8.806010,   41.5488,    4.3001
32007                         , 4, 53,  0.006382,   50.8394,    2.169676, 20,  20,    420,  4,    4.032517,    1.023655,    8.806010,   41.2075,    4.2728
32007                         , 4, 53,  0.006382,   50.8394,    2.169676, 20,  40,    820,  4,    3.753632,    0.900412,    8.806010,   41.0481,    4.3598
32007                         , 4, 53,  0.006382,   50.8394,    2.169676, 20,  75,   1520,  4,    3.105797,    0.900412,    8.806010,   40.0791,    3.3936
32007                         , 4, 53,  0.006382,   50.8394,    2.169676, 20, 125,   2520,  6,    2.150875,    0.894477,    5.332741,   39.7980,    2.3776
32007                         , 4, 53,  0.006382,   50.8394,    2.169676, 20, 200,   4020,  6,    1.836661,    0.894477,    3.558044,   39.3235,    1.6947
32007                         , 4, 53,  0.006382,   50.8394,    2.169676, 20, 500,  10020,  8,    1.459389,    0.894477,    2.984583,   40.3085,    0.9460
32007                         , 5, 58,  0.009261,   25.4197,   10.262146,  4,  10,     44,  0,   28.419044,   15.013709,   31.404099,   49.0098,    3.3848
32007                         , 5, 58,  0.009261,   25.4197,   10.262146,  4,  20,     84,  0,   28.419044,   15.013709,   31.404099,   49.0098,    3.3848
32007                         , 5, 58,  0.009261,   25.4197,   10.262146,  4,  40,    164,  0,   28.419044,   15.013709,   31.404099,   49.0098,    3.3848
32007                         , 5, 58,  0.009261,   25.4197,   10.262146,  4,  75,    304,  0,   28.419044,   15.013709,   31.404099,   49.0098,    3.3848
32007                         , 5, 58,  0.009261,   25.4197,   10.262146,  4, 125,    504,  0,   28.419044,   15.013709,   31.404099,   49.0098,    3.3848
32007                         , 5, 58,  0.009261,   25.4197,   10.262146,  4, 200,    804,  0,   28.419044,   15.013709,   31.404099,   49.0098,    3.3848
32007                         , 5, 58,  0.009261,   25.4197,   10.262146,  4, 500,   2004,  0,   28.419044,   15.013709,   31.404098,   49.0098,    3.3848
32007                         , 5, 58,  0.009261,   25.4197,   10.262146,  6,  10,     66,  0,   25.311934,   13.051749,   31.404104,   50.2784,    4.1498
32007                         , 5, 58,  0.009261,   25.4197,   10.262146,  6,  20,    126,  0,   25.311934,   13.051749,   31.404103,   50.2784,    4.1498
32007                         , 5, 58,  0.009261,   25.4197,   10.262146,  6,  40,    246,  0,   25.311933,   13.051749,   31.404103,   50.2784,    4.1498
32007                         , 5, 58,  0.009261,   25.4197,   10.262146,  6,  75,    456,  0,   25.311931,   13.051749,   31.404098,   50.2784,    4.1498
32007                         , 5, 58,  0.009261,   25.4197,   10.262146,  6, 125,    756,  0,   25.311931,   13.051749,   31.404098,   50.2784,    4.1498
32007                         , 5, 58,  0.009261,   25.4197,   10.262146,  6, 200,   1206,  0,   25.311931,   13.051749,   31.404098,   50.2784,    4.1498
32007                         , 5, 58,  0.009261,   25.4197,   10.262146,  6, 500,   3006,  0,   25.311930,   13.051749,   31.404093,   50.2784,    4.1498
32007                         , 5, 58,  0.009261,   25.4197,   10.262146,  8,  10,     88,  0,   22.605962,   12.295180,   31.404350,   51.9808,    2.1598
32007                         , 5, 58,  0.009261,   25.4197,   10.262146,  8,  20,    168,  0,   22.605957,   12.295180,   31.404339,   51.9808,    2.1598
32007                         , 5, 58,  0.009261,   25.4197,   10.262146,  8,  40,    328,  0,   22.605944,   12.295180,   31.404215,   51.9808,    2.1598
32007                         , 5, 58,  0.009261,   25.4197,   10.262146,  8,  75,    608,  0,   22.605880,   12.295180,   31.404184,   51.9808,    2.1598
32007                         , 5, 58,  0.009261,   25.4197,   10.262146,  8, 125,   1008,  0,   22.605879,   12.295180,   31.404173,   51.9808,    2.1598
32007                         , 5, 58,  0.009261,   25.4197,   10.262146,  8, 200,   1608,  0,   22.605875,   12.295180,   31.404173,   51.9808,    2.1598
32007                         , 5, 58,  0.009261,   25.4197,   10.262146,  8, 500,   4008,  0,   22.605865,   12.295180,   31.404173,   51.9808,    2.1598
32007                         , 5, 58,  0.009261,   25.4197,   10.262146, 10,  10,    110,  0,   20.468521,   11.719013,   31.385788,   52.0118,    2.7438
32007                         , 5, 58,  0.009261,   25.4197,   10.262146, 10,  20,    210,  0,   20.467346,   11.719013,   31.376243,   52.0118,    2.7438
32007                         , 5, 58,  0.009261,   25.4197,   10.262146, 10,  40,    410,  0,   20.467086,   11.719013,   31.376243,   52.0118,    2.7438
32007                         , 5, 58,  0.009261,   25.4197,   10.262146, 10,  75,    760,  0,   20.467086,   11.719013,   31.376243,   52.0118,    2.7438
32007                         , 5, 58,  0.009261,   25.4197,   10.262146, 10, 125,   1260,  0,   20.467086,   11.719013,   31.376243,   52.0118,    2.7438
32007                         , 5, 58,  0.009261,   25.4197,   10.262146, 10, 200,   2010,  0,   20.466708,   11.719013,   31.372467,   52.0118,    2.7438
32007                         , 5, 58,  0.009261,   25.4197,   10.262146, 10, 500,   5010,  0,   20.466610,   11.719013,   31.371485,   52.0118,    2.7438
32007                         , 5, 58,  0.009261,   25.4197,   10.262146, 14,  10,    154,  0,   12.814130,   11.719013,   13.424295,   52.3849,    1.0600
32007                         , 5, 58,  0.009261,   25.4197,   10.262146, 14,  20,    294,  0,   12.788737,   11.719013,   13.384578,   52.3501,    1.0841
32007                         , 5, 58,  0.009261,   25.4197,   10.262146, 14,  40,    574,  0,   12.764402,   11.719013,   13.123659,   52.4233,    1.0306
32007                         , 5, 58,  0.009261,   25.4197,   10.262146, 14,  75,   1064,  0,   12.737194,   11.719013,   13.110843,   52.4233,    1.0306
32007                         , 5, 58,  0.009261,   25.4197,   10.262146, 14, 125,   1764,  0,   12.698538,   11.719013,   13.112123,   52.4233,    1.0306
32007                         , 5, 58,  0.009261,   25.4197,   10.262146, 14, 200,   2814,  0,   12.699594,   11.719013,   12.979668,   52.4184,    1.0335
32007                         , 5, 58,  0.009261,   25.4197,   10.262146, 14, 500,   7014,  0,   12.682083,   11.719013,   12.979608,   52.4233,    1.0306
32007                         , 5, 58,  0.009261,   25.4197,   10.262146, 20,  10,    220,  0,   15.092032,   11.544602,   27.381447,   51.3841,    4.8194
32007                         , 5, 58,  0.009261,   25.4197,   10.262146, 20,  20,    420,  0,   14.809634,   11.544602,   27.381447,   52.0175,    4.8104
32007                         , 5, 58,  0.009261,   25.4197,   10.262146, 20,  40,    820,  1,   14.277539,   10.240198,   27.381447,   51.8845,    5.2253
32007                         , 5, 58,  0.009261,   25.4197,   10.262146, 20,  75,   1520,  2,   12.889489,   10.189500,   17.441536,   53.3206,    2.4051
32007                         , 5, 58,  0.009261,   25.4197,   10.262146, 20, 125,   2520,  2,   12.828790,   10.189500,   17.441536,   53.1662,    2.4489
32007                         , 5, 58,  0.009261,   25.4197,   10.262146, 20, 200,   4020,  4,   11.862631,   10.189500,   17.441536,   53.6833,    2.4041
32007                         , 5, 58,  0.009261,   25.4197,   10.262146, 20, 500,  10020,  7,   10.998564,   10.189500,   12.570507,   54.2607,    0.9288
32007                         , 6, 59,  0.007405,   38.1295,    2.030934,  4,  10,     44,  1,    9.012968,    1.791570,    9.815346,   32.5208,    2.0741
32007                         , 6, 59,  0.007405,   38.1295,    2.030934,  4,  20,     84,  1,    9.012968,    1.791570,    9.815346,   32.5208,    2.0741
32007                         , 6, 59,  0.007405,   38.1295,    2.030934,  4,  40,    164,  1,    9.012968,    1.791570,    9.815346,   32.5208,    2.0741
32007                         , 6, 59,  0.007405,   38.1295,    2.030934,  4,  75,    304,  1,    9.012968,    1.791570,    9.815346,   32.5208,    2.0741
32007                         , 6, 59,  0.007405,   38.1295,    2.030934,  4, 125,    504,  1,    9.012968,    1.791570,    9.815346,   32.5208,    2.0741
32007                         , 6, 59,  0.007405,   38.1295,    2.030934,  4, 200,    804,  1,    9.012968,    1.791570,    9.815346,   32.5208,    2.0741
32007                         , 6, 59,  0.007405,   38.1295,    2.030934,  4, 500,   2004,  1,    9.012968,    1.791570,    9.815346,   32.5208,    2.0741
32007                         , 6, 59,  0.007405,   38.1295,    2.030934,  6,  10,     66,  1,    9.012965,    1.791570,    9.815344,   32.5208,    2.0741
32007                         , 6, 59,  0.007405,   38.1295,    2.030934,  6,  20,    126,  1,    9.012965,    1.791570,    9.815344,   32.5208,    2.0741
32007                         , 6, 59,  0.007405,   38.1295,    2.030934,  6,  40,    246,  1,    9.012965,    1.791570,    9.815344,   32.5208,    2.0741
32007                         , 6, 59,  0.007405,   38.1295,    2.030934,  6,  75,    456,  1,    9.012965,    1.791570,    9.815344,   32.5208,    2.0741
32007                         , 6, 59,  0.007405,   38.1295,    2.030934,  6, 125,    756,  1,    9.012964,    1.791570,    9.815342,   32.5208,    2.0741
32007                         , 6, 59,  0.007405,   38.1295,    2.030934,  6, 200,   1206,  1,    9.012964,    1.791570,    9.815342,   32.5208,    2.0741
32007                         , 6, 59,  0.007405,   38.1295,    2.030934,  6, 500,   3006,  1,    9.012964,    1.791570,    9.815342,   32.5208,    2.0741
32007                         , 6, 59,  0.007405,   38.1295,    2.030934,  8,  10,     88,  1,    9.012844,    1.791570,    9.815359,   32.5208,    2.0741
32007                         , 6, 59,  0.007405,   38.1295,    2.030934,  8,  20,    168,  1,    9.012844,    1.791570,    9.815359,   32.5208,    2.0741
32007                         , 6, 59,  0.007405,   38.1295,    2.030934,  8,  40,    328,  1,    9.012811,    1.791570,    9.815219,   32.5208,    2.0741
32007                         , 6, 59,  0.007405,   38.1295,    2.030934,  8,  75,    608,  1,    9.012811,    1.791570,    9.815219,   32.5208,    2.0741
32007                         , 6, 59,  0.007405,   38.1295,    2.030934,  8, 125,   1008,  1,    9.012801,    1.791570,    9.815217,   32.5208,    2.0741
32007                         , 6, 59,  0.007405,   38.1295,    2.030934,  8, 200,   1608,  1,    9.012784,    1.791570,    9.815206,   32.5208,    2.0741
32007                         , 6, 59,  0.007405,   38.1295,    2.030934,  8, 500,   4008,  1,    9.012768,    1.791570,    9.815144,   32.5208,    2.0741
32007                         , 6, 59,  0.007405,   38.1295,    2.030934, 10,  10,    110,  1,    9.010210,    1.791570,    9.815711,   32.5208,    2.0741
32007                         , 6, 59,  0.007405,   38.1295,    2.030934, 10,  20,    210,  1,    9.010074,    1.791570,    9.815711,   32.5208,    2.0741
32007                         , 6, 59,  0.007405,   38.1295,    2.030934, 10,  40,    410,  1,    9.009917,    1.791570,    9.815519,   32.5208,    2.0741
32007                         , 6, 59,  0.007405,   38.1295,    2.030934, 10,  75,    760,  1,    9.009898,    1.791570,    9.815519,   32.5208,    2.0741
32007                         , 6, 59,  0.007405,   38.1295,    2.030934, 10, 125,   1260,  1,    9.009867,    1.791570,    9.815519,   32.5208,    2.0741
32007                         , 6, 59,  0.007405,   38.1295,    2.030934, 10, 200,   2010,  1,    9.009565,    1.791570,    9.813964,   32.5208,    2.0741
32007                         , 6, 59,  0.007405,   38.1295,    2.030934, 10, 500,   5010,  1,    9.009288,    1.791570,    9.812826,   32.5208,    2.0741
32007                         , 6, 59,  0.007405,   38.1295,    2.030934, 14,  10,    154,  3,    3.104081,    1.791570,    7.012533,   41.1012,    0.7860
32007                         , 6, 59,  0.007405,   38.1295,    2.030934, 14,  20,    294,  5,    3.346073,    1.791570,    7.012533,   41.1012,    0.7860
32007                         , 6, 59,  0.007405,   38.1295,    2.030934, 14,  40,    574,  5,    3.201145,    1.791570,    7.012533,   41.1012,    0.7860
32007                         , 6, 59,  0.007405,   38.1295,    2.030934, 14,  75,   1064,  6,    2.368926,    1.791570,    3.353359,   41.1012,    0.7860
32007                         , 6, 59,  0.007405,   38.1295,    2.030934, 14, 125,   1764,  7,    2.278119,    1.791570,    3.331094,   41.1012,    0.7860
32007                         , 6, 59,  0.007405,   38.1295,    2.030934, 14, 200,   2814,  9,    2.206323,    1.791570,    3.353359,   41.1012,    0.7860
32007                         , 6, 59,  0.007405,   38.1295,    2.030934, 14, 500,   7014, 10,    2.082261,    1.791570,    2.130000,   41.1012,    0.7860
32007                         , 6, 59,  0.007405,   38.1295,    2.030934, 20,  10,    220,  2,    6.721850,    1.504938,   15.943122,   46.6367,    8.1845
32007                         , 6, 59,  0.007405,   38.1295,    2.030934, 20,  20,    420,  2,    5.420711,    1.261531,    8.420955,   43.1093,    6.5349
32007                         , 6, 59,  0.007405,   38.1295,    2.030934, 20,  40,    820,  2,    5.027629,    1.136680,    8.240707,   43.2628,    6.0474
32007                         , 6, 59,  0.007405,   38.1295,    2.030934, 20,  75,   1520,  2,    4.809489,    1.136680,    8.240707,   42.6461,    5.7850
32007                         , 6, 59,  0.007405,   38.1295,    2.030934, 20, 125,   2520,  4,    3.469287,    1.136680,    6.790727,   41.1737,    3.4007
32007                         , 6, 59,  0.007405,   38.1295,    2.030934, 20, 200,   4020,  4,    2.751197,    1.136680,    4.580561,   39.9720,    1.6648
32007                         , 6, 59,  0.007405,   38.1295,    2.030934, 20, 500,  10020,  7,    1.877720,    0.948061,    3.157732,   40.0033,    1.1809
32007                         , 7, 51,  0.011382,   19.0648,    7.926652,  4,  10,     44,  0,   30.164510,   12.438711,   41.894239,   36.6204,    5.1936
32007                         , 7, 51,  0.011382,   19.0648,    7.926652,  4,  20,     84,  0,   30.164510,   12.438711,   41.894239,   36.6204,    5.1936
32007                         , 7, 51,  0.011382,   19.0648,    7.926652,  4,  40,    164,  0,   30.164510,   12.438711,   41.894239,   36.6204,    5.1936
32007                         , 7, 51,  0.011382,   19.0648,    7.926652,  4,  75,    304,  0,   30.164510,   12.438711,   41.894239,   36.6204,    5.1936
32007                         , 7, 51,  0.011382,   19.0648,    7.926652,  4, 125,    504,  0,   30.164510,   12.438711,   41.894239,   36.6204,    5.1936
32007                         , 7, 51,  0.011382,   19.0648,    7.926652,  4, 200,    804,  0,   30.164510,   12.438711,   41.894239,   36.6204,    5.1936
32007                         , 7, 51,  0.011382,   19.0648,    7.926652,  4, 500,   2004,  0,   30.164510,   12.438711,   41.894239,   36.6204,    5.1936
32007                         , 7, 51,  0.011382,   19.0648,    7.926652,  6,  10,     66,  0,   25.160033,   11.512503,   39.746961,   40.2526,    5.9224
32007                         , 7, 51,  0.011382,   19.0648,    7.926652,  6,  20,    126,  0,   25.160033,   11.512503,   39.746961,   40.2526,    5.9224
32007                         , 7, 51,  0.011382,   19.0648,    7.926652,  6,  40,    246,  0,   25.160033,   11.512503,   39.746961,   40.2526,    5.9224
32007                         , 7, 51,  0.011382,   19.0648,    7.926652,  6,  75,    456,  0,   25.160033,   11.512503,   39.746961,   40.2526,    5.9224
32007                         , 7, 51,  0.011382,   19.0648,    7.926652,  6, 125,    756,  0,   25.160033,   11.512503,   39.746961,   40.2526,    5.9224
32007                         , 7, 51,  0.011382,   19.0648,    7.926652,  6, 200,   1206,  0,   25.160033,   11.512503,   39.746961,   40.2526,    5.9224
32007                         , 7, 51,  0.011382,   19.0648,    7.926652,  6, 500,   3006,  0,   25.160033,   11.512503,   39.746961,   40.2526,    5.9224
32007                         , 7, 51,  0.011382,   19.0648,    7.926652,  8,  10,     88,  0,   21.062401,    9.555965,   33.942071,   42.1428,    5.3862
32007                         , 7, 51,  0.011382,   19.0648,    7.926652,  8,  20,    168,  0,   21.062401,    9.555965,   33.942071,   42.1428,    5.3862
32007                         , 7, 51,  0.011382,   19.0648,    7.926652,  8,  40,    328,  0,   21.062401,    9.555965,   33.942071,   42.1428,    5.3862
32007                         , 7, 51,  0.011382,   19.0648,    7.926652,  8,  75,    608,  0,   21.062401,    9.555965,   33.942071,   42.1428,    5.3862
32007                         , 7, 51,  0.011382,   19.0648,    7.926652,  8, 125,   1008,  0,   21.062401,    9.555965,   33.942071,   42.1428,    5.3862
32007                         , 7, 51,  0.011382,   19.0648,    7.926652,  8, 200,   1608,  0,   21.062401,    9.555965,   33.942071,   42.1428,    5.3862
32007                         , 7, 51,  0.011382,   19.0648,    7.926652,  8, 500,   4008,  0,   21.062401,    9.555965,   33.942071,   42.1428,    5.3862
32007                         , 7, 51,  0.011382,   19.0648,    7.926652, 10,  10,    110,  0,   18.871103,    9.555965,   33.942071,   43.2444,    5.1701
32007                         , 7, 51,  0.011382,   19.0648,    7.926652, 10,  20,    210,  0,   18.871103,    9.555965,   33.942071,   43.2444,    5.1701
32007                         , 7, 51,  0.011382,   19.0648,    7.926652, 10,  40,    410,  0,   18.871103,    9.555965,   33.942071,   43.2444,    5.1701
32007                         , 7, 51,  0.011382,   19.0648,    7.926652, 10,  75,    760,  0,   18.871103,    9.555965,   33.942071,   43.2444,    5.1701
32007                         , 7, 51,  0.011382,   19.0648,    7.926652, 10, 125,   1260,  0,   18.871103,    9.555965,   33.942071,   43.2444,    5.1701
32007                         , 7, 51,  0.011382,   19.0648,    7.926652, 10, 200,   2010,  0,   18.871103,    9.555965,   33.942071,   43.2444,    5.1701
32007                         , 7, 51,  0.011382,   19.0648,    7.926652, 10, 500,   5010,  0,   18.871103,    9.555965,   33.942071,   43.2444,    5.1701
32007                         , 7, 51,  0.011382,   19.0648,    7.926652, 14,  10,    154,  0,   16.243652,    9.555965,   26.884971,   43.1860,    5.0377
32007                         , 7, 51,  0.011382,   19.0648,    7.926652, 14,  20,    294,  0,   16.243652,    9.555965,   26.884971,   43.1860,    5.0377
32007                         , 7, 51,  0.011382,   19.0648,    7.926652, 14,  40,    574,  0,   14.647154,    9.555965,   25.873760,   43.4158,    4.7393
32007                         , 7, 51,  0.011382,   19.0648,    7.926652, 14,  75,   1064,  0,   13.705299,    9.555965,   17.860009,   43.8506,    3.9699
32007                         , 7, 51,  0.011382,   19.0648,    7.926652, 14, 125,   1764,  0,   13.845051,    9.555965,   19.257530,   43.8506,    3.9699
32007                         , 7, 51,  0.011382,   19.0648,    7.926652, 14, 200,   2814,  0,   13.697228,    9.555965,   17.852736,   43.8506,    3.9699
32007                         , 7, 51,  0.011382,   19.0648,    7.926652, 14, 500,   7014,  0,   13.706750,    9.555965,   17.852736,   43.8506,    3.9699
32007                         , 7, 51,  0.011382,   19.0648,    7.926652, 20,  10,    220,  0,   12.830623,    8.457178,   16.107109,   45.1622,    2.2297
32007                         , 7, 51,  0.011382,   19.0648,    7.926652, 20,  20,    420,  0,   11.860800,    8.457178,   16.022283,   45.7019,    2.2715
32007                         , 7, 51,  0.011382,   19.0648,    7.926652, 20,  40,    820,  0,   11.252739,    8.457178,   16.022283,   46.3644,    2.0146
32007                         , 7, 51,  0.011382,   19.0648,    7.926652, 20,  75,   1520,  1,   10.338166,    7.900861,   16.022283,   46.4426,    2.0312
32007                         , 7, 51,  0.011382,   19.0648,    7.926652, 20, 125,   2520,  2,    9.608885,    7.846725,   14.549245,   46.5136,    1.8651
32007                         , 7, 51,  0.011382,   19.0648,    7.926652, 20, 200,   4020,  2,    9.293080,    7.846725,   12.488837,   47.0501,    1.1357
32007                         , 7, 51,  0.011382,   19.0648,    7.926652, 20, 500,  10020,  4,    8.791710,    7.835678,    9.967661,   47.2799,    0.6735
32007                         , 8, 56,  0.082614,   28.5972,   80.609651,  4,  10,     44,  0,   90.705608,   90.705608,   90.705610,   52.0819,    0.0000
32007                         , 8, 56,  0.082614,   28.5972,   80.609651,  4,  20,     84,  0,   90.705608,   90.705608,   90.705609,   52.0819,    0.0000
32007                         , 8, 56,  0.082614,   28.5972,   80.609651,  4,  40,    164,  0,   90.705608,   90.705608,   90.705609,   52.0819,    0.0000
32007                         , 8, 56,  0.082614,   28.5972,   80.609651,  4,  75,    304,  0,   90.705608,   90.705608,   90.705608,   52.0819,    0.0000
32007                         , 8, 56,  0.082614,   28.5972,   80.609651,  4, 125,    504,  0,   90.705608,   90.705608,   90.705608,   52.0819,    0.0000
32007                         , 8, 56,  0.082614,   28.5972,   80.609651,  4, 200,    804,  0,   90.705608,   90.705608,   90.705608,   52.0819,    0.0000
32007                         , 8, 56,  0.082614,   28.5972,   80.609651,  4, 500,   2004,  0,   90.705608,   90.705608,   90.705608,   52.0819,    0.0000
32007                         , 8, 56,  0.082614,   28.5972,   80.609651,  6,  10,     66,  0,   90.705600,   90.705588,   90.705636,   52.0819,    0.0000
32007                         , 8, 56,  0.082614,   28.5972,   80.609651,  6,  20,    126,  0,   90.705598,   90.705588,   90.705631,   52.0819,    0.0000
32007                         , 8, 56,  0.082614,   28.5972,   80.609651,  6,  40,    246,  0,   90.705594,   90.705588,   90.705611,   52.0819,    0.0000
32007                         , 8, 56,  0.082614,   28.5972,   80.609651,  6,  75,    456,  0,   90.705589,   90.705588,   90.705591,   52.0819,    0.0000
32007                         , 8, 56,  0.082614,   28.5972,   80.609651,  6, 125,    756,  0,   90.705589,   90.705588,   90.705591,   52.0819,    0.0000
32007                         , 8, 56,  0.082614,   28.5972,   80.609651,  6, 200,   1206,  0,   90.705589,   90.705588,   90.705591,   52.0819,    0.0000
32007                         , 8, 56,  0.082614,   28.5972,   80.609651,  6, 500,   3006,  0,   90.705588,   90.705588,   90.705589,   52.0819,    0.0000
32007                         , 8, 56,  0.082614,   28.5972,   80.609651,  8,  10,     88,  0,   90.263721,   86.297486,   90.706327,   51.8687,    0.6396
32007                         , 8, 56,  0.082614,   28.5972,   80.609651,  8,  20,    168,  0,   90.263666,   86.297486,   90.706324,   51.8687,    0.6396
32007                         , 8, 56,  0.082614,   28.5972,   80.609651,  8,  40,    328,  0,   90.263465,   86.297486,   90.706324,   51.8686,    0.6396
32007                         , 8, 56,  0.082614,   28.5972,   80.609651,  8,  75,    608,  0,   90.263087,   86.297486,   90.704542,   51.8687,    0.6396
32007                         , 8, 56,  0.082614,   28.5972,   80.609651,  8, 125,   1008,  0,   90.263075,   86.297486,   90.704432,   51.8687,    0.6396
32007                         , 8, 56,  0.082614,   28.5972,   80.609651,  8, 200,   1608,  0,   90.262878,   86.297486,   90.703784,   51.8687,    0.6396
32007                         , 8, 56,  0.082614,   28.5972,   80.609651,  8, 500,   4008,  0,   90.262229,   86.297486,   90.703734,   51.8687,    0.6396
32007                         , 8, 56,  0.082614,   28.5972,   80.609651, 10,  10,    110,  0,   90.208536,   86.297486,   90.734534,   51.8684,    0.6395
32007                         , 8, 56,  0.082614,   28.5972,   80.609651, 10,  20,    210,  0,   90.201145,   86.297486,   90.693219,   51.8683,    0.6395
32007                         , 8, 56,  0.082614,   28.5972,   80.609651, 10,  40,    410,  0,   90.189306,   86.297486,   90.652790,   51.8684,    0.6395
32007                         , 8, 56,  0.082614,   28.5972,   80.609651, 10,  75,    760,  0,   90.188420,   86.297486,   90.647699,   51.8685,    0.6395
32007                         , 8, 56,  0.082614,   28.5972,   80.609651, 10, 125,   1260,  0,   90.185872,   86.297486,   90.642108,   51.8686,    0.6396
32007                         , 8, 56,  0.082614,   28.5972,   80.609651, 10, 200,   2010,  0,   90.181976,   86.297486,   90.624273,   51.8686,    0.6396
32007                         , 8, 56,  0.082614,   28.5972,   80.609651, 10, 500,   5010,  0,   90.180830,   86.297486,   90.616055,   51.8687,    0.6396
32007                         , 8, 56,  0.082614,   28.5972,   80.609651, 14,  10,    154,  8,   83.713337,   81.198320,   85.747164,   50.8213,    0.8049
32007                         , 8, 56,  0.082614,   28.5972,   80.609651, 14,  20,    294,  7,   84.770951,   81.198320,   92.950866,   50.6426,    0.6962
32007                         , 8, 56,  0.082614,   28.5972,   80.609651, 14,  40,    574,  9,   83.642727,   81.198320,   84.684158,   50.8212,    0.8048
32007                         , 8, 56,  0.082614,   28.5972,   80.609651, 14,  75,   1064,  8,   82.837063,   81.043537,   85.781323,   51.3571,    0.8680
32007                         , 8, 56,  0.082614,   28.5972,   80.609651, 14, 125,   1764, 10,   82.728007,   81.198320,   84.406936,   51.3349,    0.8518
32007                         , 8, 56,  0.082614,   28.5972,   80.609651, 14, 200,   2814, 10,   82.559629,   81.198320,   84.402830,   51.5135,    0.8007
32007                         , 8, 56,  0.082614,   28.5972,   80.609651, 14, 500,   7014, 10,   81.606193,   81.188734,   83.099451,   52.0717,    0.0280
32007                         , 8, 56,  0.082614,   28.5972,   80.609651, 20,  10,    220,  1,  100.883910,   80.621142,  145.750819,   48.0477,    6.5096
32007                         , 8, 56,  0.082614,   28.5972,   80.609651, 20,  20,    420,  1,   97.569089,   80.607952,  122.767354,   48.7340,    4.5088
32007                         , 8, 56,  0.082614,   28.5972,   80.609651, 20,  40,    820,  2,   93.155535,   80.575380,  109.093051,   48.9892,    2.6482
32007                         , 8, 56,  0.082614,   28.5972,   80.609651, 20,  75,   1520,  4,   89.846501,   80.575380,  101.815352,   50.5682,    2.0126
32007                         , 8, 56,  0.082614,   28.5972,   80.609651, 20, 125,   2520,  6,   84.803615,   80.575380,  100.944049,   51.2870,    1.1182
32007                         , 8, 56,  0.082614,   28.5972,   80.609651, 20, 200,   4020,  7,   84.329777,   80.514125,  100.792254,   50.8663,    2.3692
32007                         , 8, 56,  0.082614,   28.5972,   80.609651, 20, 500,  10020,  9,   82.041230,   80.436854,   88.325327,   51.7845,    1.1872
37819                         , 1, 59,  0.014577,  131.4060,    7.652356,  4,  10,     44,  0,   56.831518,   22.532760,   80.069222,   94.4616,   38.4411
37819                         , 1, 59,  0.014577,  131.4060,    7.652356,  4,  20,     84,  0,   56.831518,   22.532760,   80.069222,   94.4616,   38.4411
37819                         , 1, 59,  0.014577,  131.4060,    7.652356,  4,  40,    164,  0,   56.831518,   22.532760,   80.069222,   94.4616,   38.4411
37819                         , 1, 59,  0.014577,  131.4060,    7.652356,  4,  75,    304,  0,   56.831518,   22.532760,   80.069222,   94.4616,   38.4411
37819                         , 1, 59,  0.014577,  131.4060,    7.652356,  4, 125,    504,  0,   56.831518,   22.532760,   80.069222,   94.4616,   38.4411
37819                         , 1, 59,  0.014577,  131.4060,    7.652356,  4, 200,    804,  0,   56.831518,   22.532760,   80.069222,   94.4616,   38.4411
37819                         , 1, 59,  0.014577,  131.4060,    7.652356,  4, 500,   2004,  0,   56.831518,   22.532760,   80.069222,   94.4616,   38.4411
37819                         , 1, 59,  0.014577,  131.4060,    7.652356,  6,  10,     66,  0,   52.268772,   22.532760,   80.069222,   82.8143,   29.8907
37819                         , 1, 59,  0.014577,  131.4060,    7.652356,  6,  20,    126,  0,   52.268772,   22.532760,   80.069222,   82.8143,   29.8907
37819                         , 1, 59,  0.014577,  131.4060,    7.652356,  6,  40,    246,  0,   52.268772,   22.532760,   80.069222,   82.8143,   29.8907
37819                         , 1, 59,  0.014577,  131.4060,    7.652356,  6,  75,    456,  0,   52.268772,   22.532760,   80.069222,   82.8143,   29.8907
37819                         , 1, 59,  0.014577,  131.4060,    7.652356,  6, 125,    756,  0,   52.268772,   22.532760,   80.069222,   82.8143,   29.8907
37819                         , 1, 59,  0.014577,  131.4060,    7.652356,  6, 200,   1206,  0,   52.268772,   22.532760,   80.069222,   82.8143,   29.8907
37819                         , 1, 59,  0.014577,  131.4060,    7.652356,  6, 500,   3006,  0,   52.268772,   22.532760,   80.069222,   82.8143,   29.8907
37819                         , 1, 59,  0.014577,  131.4060,    7.652356,  8,  10,     88,  0,   49.103577,   22.532760,   66.992029,   94.2012,   33.5319
37819                         , 1, 59,  0.014577,  131.4060,    7.652356,  8,  20,    168,  0,   49.103577,   22.532760,   66.992029,   94.2012,   33.5319
37819                         , 1, 59,  0.014577,  131.4060,    7.652356,  8,  40,    328,  0,   49.103577,   22.532760,   66.992029,   94.2012,   33.5319
37819                         , 1, 59,  0.014577,  131.4060,    7.652356,  8,  75,    608,  0,   49.103577,   22.532760,   66.992029,   94.2012,   33.5319
37819                         , 1, 59,  0.014577,  131.4060,    7.652356,  8, 125,   1008,  0,   49.103577,   22.532760,   66.992029,   94.2012,   33.5319
37819                         , 1, 59,  0.014577,  131.4060,    7.652356,  8, 200,   1608,  0,   49.103577,   22.532760,   66.992029,   94.2012,   33.5319
37819                         , 1, 59,  0.014577,  131.4060,    7.652356,  8, 500,   4008,  0,   49.103577,   22.532760,   66.992029,   94.2012,   33.5319
37819                         , 1, 59,  0.014577,  131.4060,    7.652356, 10,  10,    110,  0,   47.876152,   22.532760,   66.992029,   82.4315,   32.7902
37819                         , 1, 59,  0.014577,  131.4060,    7.652356, 10,  20,    210,  0,   47.876152,   22.532760,   66.992029,   82.4315,   32.7902
37819                         , 1, 59,  0.014577,  131.4060,    7.652356, 10,  40,    410,  0,   47.876152,   22.532760,   66.992029,   82.4315,   32.7902
37819                         , 1, 59,  0.014577,  131.4060,    7.652356, 10,  75,    760,  0,   47.876152,   22.532760,   66.992029,   82.4315,   32.7902
37819                         , 1, 59,  0.014577,  131.4060,    7.652356, 10, 125,   1260,  0,   47.876152,   22.532760,   66.992029,   82.4315,   32.7902
37819                         , 1, 59,  0.014577,  131.4060,    7.652356, 10, 200,   2010,  0,   47.876152,   22.532760,   66.992029,   82.4315,   32.7902
37819                         , 1, 59,  0.014577,  131.4060,    7.652356, 10, 500,   5010,  0,   47.876152,   22.532760,   66.992029,   82.4315,   32.7902
37819                         , 1, 59,  0.014577,  131.4060,    7.652356, 14,  10,    154,  0,   13.213608,   12.865776,   13.601030,   50.9837,    0.1235
37819                         , 1, 59,  0.014577,  131.4060,    7.652356, 14,  20,    294,  0,   13.260977,   12.869229,   13.637622,   50.9219,    0.1513
37819                         , 1, 59,  0.014577,  131.4060,    7.652356, 14,  40,    574,  0,   13.176285,   13.036654,   13.376930,   51.0454,    0.0000
37819                         , 1, 59,  0.014577,  131.4060,    7.652356, 14,  75,   1064,  0,   13.132213,   12.965916,   13.551084,   51.0146,    0.0926
37819                         , 1, 59,  0.014577,  131.4060,    7.652356, 14, 125,   1764,  0,   13.114089,   12.871810,   13.405840,   51.0146,    0.0926
37819                         , 1, 59,  0.014577,  131.4060,    7.652356, 14, 200,   2814,  0,   13.063548,   12.874486,   13.143847,   51.0454,    0.0000
37819                         , 1, 59,  0.014577,  131.4060,    7.652356, 14, 500,   7014,  0,   13.106441,   12.945745,   13.129202,   51.0454,    0.0000
37819                         , 1, 59,  0.014577,  131.4060,    7.652356, 20,  10,    220,  2,   24.620100,    5.830018,   45.853891,   61.3339,   18.7929
37819                         , 1, 59,  0.014577,  131.4060,    7.652356, 20,  20,    420,  2,   19.717490,    4.567074,   40.922920,   60.6923,   12.8011
37819                         , 1, 59,  0.014577,  131.4060,    7.652356, 20,  40,    820,  4,   14.860087,    3.651201,   32.412186,   59.4391,   10.1317
37819                         , 1, 59,  0.014577,  131.4060,    7.652356, 20,  75,   1520,  4,   10.540916,    2.789025,   20.829728,   62.1586,    4.0694
37819                         , 1, 59,  0.014577,  131.4060,    7.652356, 20, 125,   2520,  6,    9.680572,    2.789025,   20.829728,   62.5242,    4.5334
37819                         , 1, 59,  0.014577,  131.4060,    7.652356, 20, 200,   4020,  8,    5.653395,    2.617727,   12.112831,   62.1839,    2.9118
37819                         , 1, 59,  0.014577,  131.4060,    7.652356, 20, 500,  10020, 10,    2.030044,    0.966928,    5.493164,   60.6021,    1.5258
37819                         , 2, 57,  0.021392,   68.0055,    1.892031,  4,  10,     44,  0,   29.560434,   12.232213,   32.087523,   53.0993,    8.8114
37819                         , 2, 57,  0.021392,   68.0055,    1.892031,  4,  20,     84,  0,   29.560434,   12.232213,   32.087523,   53.0993,    8.8114
37819                         , 2, 57,  0.021392,   68.0055,    1.892031,  4,  40,    164,  0,   29.560434,   12.232213,   32.087523,   53.0993,    8.8114
37819                         , 2, 57,  0.021392,   68.0055,    1.892031,  4,  75,    304,  0,   29.560434,   12.232213,   32.087523,   53.0993,    8.8114
37819                         , 2, 57,  0.021392,   68.0055,    1.892031,  4, 125,    504,  0,   29.560434,   12.232213,   32.087523,   53.0993,    8.8114
37819                         , 2, 57,  0.021392,   68.0055,    1.892031,  4, 200,    804,  0,   29.560434,   12.232213,   32.087523,   53.0993,    8.8114
37819                         , 2, 57,  0.021392,   68.0055,    1.892031,  4, 500,   2004,  0,   29.560434,   12.232213,   32.087522,   53.0993,    8.8114
37819                         , 2, 57,  0.021392,   68.0055,    1.892031,  6,  10,     66,  0,   29.560435,   12.232213,   32.087529,   53.0993,    8.8114
37819                         , 2, 57,  0.021392,   68.0055,    1.892031,  6,  20,    126,  0,   29.560434,   12.232213,   32.087529,   53.0993,    8.8114
37819                         , 2, 57,  0.021392,   68.0055,    1.892031,  6,  40,    246,  0,   29.560434,   12.232213,   32.087529,   53.0993,    8.8114
37819                         , 2, 57,  0.021392,   68.0055,    1.892031,  6,  75,    456,  0,   29.560433,   12.232213,   32.087527,   53.0993,    8.8114
37819                         , 2, 57,  0.021392,   68.0055,    1.892031,  6, 125,    756,  0,   29.560432,   12.232213,   32.087523,   53.0993,    8.8114
37819                         , 2, 57,  0.021392,   68.0055,    1.892031,  6, 200,   1206,  0,   29.560431,   12.232213,   32.087523,   53.0993,    8.8114
37819                         , 2, 57,  0.021392,   68.0055,    1.892031,  6, 500,   3006,  0,   29.560430,   12.232213,   32.087518,   53.0993,    8.8114
37819                         , 2, 57,  0.021392,   68.0055,    1.892031,  8,  10,     88,  0,   29.560707,   12.232213,   32.088368,   53.0993,    8.8114
37819                         , 2, 57,  0.021392,   68.0055,    1.892031,  8,  20,    168,  0,   29.560668,   12.232213,   32.088477,   53.0993,    8.8114
37819                         , 2, 57,  0.021392,   68.0055,    1.892031,  8,  40,    328,  0,   29.560606,   12.232213,   32.087976,   53.0993,    8.8114
37819                         , 2, 57,  0.021392,   68.0055,    1.892031,  8,  75,    608,  0,   29.560517,   12.232213,   32.087920,   53.0993,    8.8114
37819                         , 2, 57,  0.021392,   68.0055,    1.892031,  8, 125,   1008,  0,   29.560407,   12.232213,   32.087710,   53.0993,    8.8114
37819                         , 2, 57,  0.021392,   68.0055,    1.892031,  8, 200,   1608,  0,   29.560305,   12.232213,   32.087699,   53.0993,    8.8114
37819                         , 2, 57,  0.021392,   68.0055,    1.892031,  8, 500,   4008,  0,   29.560262,   12.232213,   32.087470,   53.0993,    8.8114
37819                         , 2, 57,  0.021392,   68.0055,    1.892031, 10,  10,    110,  0,   12.204193,   12.195896,   12.223004,   49.3548,    0.0000
37819                         , 2, 57,  0.021392,   68.0055,    1.892031, 10,  20,    210,  0,   12.202057,   12.195896,   12.220508,   49.3548,    0.0000
37819                         , 2, 57,  0.021392,   68.0055,    1.892031, 10,  40,    410,  0,   12.200739,   12.195896,   12.214210,   49.3548,    0.0000
37819                         , 2, 57,  0.021392,   68.0055,    1.892031, 10,  75,    760,  0,   12.199144,   12.195300,   12.212403,   49.3548,    0.0000
37819                         , 2, 57,  0.021392,   68.0055,    1.892031, 10, 125,   1260,  0,   12.198328,   12.195300,   12.204247,   49.3548,    0.0000
37819                         , 2, 57,  0.021392,   68.0055,    1.892031, 10, 200,   2010,  0,   12.197193,   12.195300,   12.203947,   49.3548,    0.0000
37819                         , 2, 57,  0.021392,   68.0055,    1.892031, 10, 500,   5010,  0,   12.195841,   12.195300,   12.197341,   49.3548,    0.0000
37819                         , 2, 57,  0.021392,   68.0055,    1.892031, 14,  10,    154,  0,   21.923466,   12.211794,   36.295092,   48.2546,    5.0782
37819                         , 2, 57,  0.021392,   68.0055,    1.892031, 14,  20,    294,  0,   19.547236,   12.098191,   42.802355,   48.3031,    3.1551
37819                         , 2, 57,  0.021392,   68.0055,    1.892031, 14,  40,    574,  0,   14.335843,   12.211786,   22.486366,   47.3865,    3.9482
37819                         , 2, 57,  0.021392,   68.0055,    1.892031, 14,  75,   1064,  0,   14.407412,   11.990205,   22.787813,   48.3031,    3.1551
37819                         , 2, 57,  0.021392,   68.0055,    1.892031, 14, 125,   1764,  0,   12.128688,   11.990233,   12.232213,   48.3031,    3.1551
37819                         , 2, 57,  0.021392,   68.0055,    1.892031, 14, 200,   2814,  0,   12.166398,   11.990204,   12.245548,   49.3548,    0.0000
37819                         , 2, 57,  0.021392,   68.0055,    1.892031, 14, 500,   7014,  0,   12.063742,   11.990225,   12.211784,   49.3548,    0.0000
37819                         , 2, 57,  0.021392,   68.0055,    1.892031, 20,  10,    220,  0,   22.686839,    6.762000,   41.140051,   47.0908,    9.2412
37819                         , 2, 57,  0.021392,   68.0055,    1.892031, 20,  20,    420,  0,   20.028366,    6.762000,   41.140051,   46.2589,    8.6308
37819                         , 2, 57,  0.021392,   68.0055,    1.892031, 20,  40,    820,  0,   16.222619,    6.762000,   41.140051,   46.5751,    6.8258
37819                         , 2, 57,  0.021392,   68.0055,    1.892031, 20,  75,   1520,  1,   10.451382,    1.981138,   24.586726,   45.0257,    2.9451
37819                         , 2, 57,  0.021392,   68.0055,    1.892031, 20, 125,   2520,  1,    8.134130,    1.981138,   24.586726,   44.9637,    2.2158
37819                         , 2, 57,  0.021392,   68.0055,    1.892031, 20, 200,   4020,  1,    6.520117,    1.981138,   11.051516,   44.3209,    2.3261
37819                         , 2, 57,  0.021392,   68.0055,    1.892031, 20, 500,  10020,  1,    4.312845,    1.981138,    6.632410,   44.1571,    1.4054
37819                         , 3, 58,  0.018746,   30.6650,    1.453209,  4,  10,     44,  0,   34.863999,   11.201124,   42.571554,   49.3637,    8.7485
37819                         , 3, 58,  0.018746,   30.6650,    1.453209,  4,  20,     84,  0,   34.863999,   11.201124,   42.571554,   49.3637,    8.7485
37819                         , 3, 58,  0.018746,   30.6650,    1.453209,  4,  40,    164,  0,   34.863998,   11.201124,   42.571554,   49.3637,    8.7485
37819                         , 3, 58,  0.018746,   30.6650,    1.453209,  4,  75,    304,  0,   34.863998,   11.201124,   42.571554,   49.3637,    8.7485
37819                         , 3, 58,  0.018746,   30.6650,    1.453209,  4, 125,    504,  0,   34.863998,   11.201124,   42.571553,   49.3637,    8.7485
37819                         , 3, 58,  0.018746,   30.6650,    1.453209,  4, 200,    804,  0,   34.863998,   11.201124,   42.571553,   49.3637,    8.7485
37819                         , 3, 58,  0.018746,   30.6650,    1.453209,  4, 500,   2004,  0,   34.863998,   11.201124,   42.571553,   49.3637,    8.7485
37819                         , 3, 58,  0.018746,   30.6650,    1.453209,  6,  10,     66,  0,   34.163257,   11.201124,   42.571583,   48.7934,    8.6239
37819                         , 3, 58,  0.018746,   30.6650,    1.453209,  6,  20,    126,  0,   34.163258,   11.201124,   42.571583,   48.7934,    8.6239
37819                         , 3, 58,  0.018746,   30.6650,    1.453209,  6,  40,    246,  0,   34.163256,   11.201124,   42.571579,   48.7934,    8.6239
37819                         , 3, 58,  0.018746,   30.6650,    1.453209,  6,  75,    456,  0,   34.163252,   11.201124,   42.571565,   48.7934,    8.6239
37819                         , 3, 58,  0.018746,   30.6650,    1.453209,  6, 125,    756,  0,   34.163248,   11.201124,   42.571555,   48.7934,    8.6239
37819                         , 3, 58,  0.018746,   30.6650,    1.453209,  6, 200,   1206,  0,   34.163247,   11.201124,   42.571555,   48.7934,    8.6239
37819                         , 3, 58,  0.018746,   30.6650,    1.453209,  6, 500,   3006,  0,   34.163245,   11.201124,   42.571552,   48.7934,    8.6239
37819                         , 3, 58,  0.018746,   30.6650,    1.453209,  8,  10,     88,  0,   22.410507,   11.201124,   27.488032,   45.6769,    6.2083
37819                         , 3, 58,  0.018746,   30.6650,    1.453209,  8,  20,    168,  0,   22.410493,   11.201124,   27.488032,   45.6769,    6.2083
37819                         , 3, 58,  0.018746,   30.6650,    1.453209,  8,  40,    328,  0,   22.410447,   11.201124,   27.487580,   45.6769,    6.2083
37819                         , 3, 58,  0.018746,   30.6650,    1.453209,  8,  75,    608,  0,   22.410442,   11.201124,   27.487580,   45.6769,    6.2083
37819                         , 3, 58,  0.018746,   30.6650,    1.453209,  8, 125,   1008,  0,   22.410431,   11.201124,   27.487479,   45.6769,    6.2083
37819                         , 3, 58,  0.018746,   30.6650,    1.453209,  8, 200,   1608,  0,   22.410428,   11.201124,   27.487478,   45.6769,    6.2083
37819                         , 3, 58,  0.018746,   30.6650,    1.453209,  8, 500,   4008,  0,   22.410420,   11.201124,   27.487478,   45.6769,    6.2083
37819                         , 3, 58,  0.018746,   30.6650,    1.453209, 10,  10,    110,  0,   22.413752,   11.201124,   27.507168,   45.6769,    6.2083
37819                         , 3, 58,  0.018746,   30.6650,    1.453209, 10,  20,    210,  0,   22.406907,   11.201124,   27.494733,   45.6769,    6.2083
37819                         , 3, 58,  0.018746,   30.6650,    1.453209, 10,  40,    410,  0,   22.394029,   11.201124,   27.494733,   45.6769,    6.2083
37819                         , 3, 58,  0.018746,   30.6650,    1.453209, 10,  75,    760,  0,   22.392782,   11.201124,   27.484987,   45.6769,    6.2083
37819                         , 3, 58,  0.018746,   30.6650,    1.453209, 10, 125,   1260,  0,   22.391845,   11.201124,   27.478168,   45.6769,    6.2083
37819                         , 3, 58,  0.018746,   30.6650,    1.453209, 10, 200,   2010,  0,   22.389787,   11.201124,   27.478168,   45.6769,    6.2083
37819                         , 3, 58,  0.018746,   30.6650,    1.453209, 10, 500,   5010,  0,   22.384576,   11.201124,   27.436205,   45.6769,    6.2083
37819                         , 3, 58,  0.018746,   30.6650,    1.453209, 14,  10,    154,  1,    5.725990,    1.412866,    9.615255,   40.3379,    0.0000
37819                         , 3, 58,  0.018746,   30.6650,    1.453209, 14,  20,    294,  0,    5.683828,    4.111783,    9.580637,   40.3379,    0.0000
37819                         , 3, 58,  0.018746,   30.6650,    1.453209, 14,  40,    574,  1,    4.442239,    1.412866,    8.315833,   40.3379,    0.0000
37819                         , 3, 58,  0.018746,   30.6650,    1.453209, 14,  75,   1064,  1,    4.362474,    1.442268,    7.242933,   40.3379,    0.0000
37819                         , 3, 58,  0.018746,   30.6650,    1.453209, 14, 125,   1764,  0,    4.625500,    3.944384,    6.162934,   40.3379,    0.0000
37819                         , 3, 58,  0.018746,   30.6650,    1.453209, 14, 200,   2814,  1,    3.468316,    1.481568,    5.047893,   40.3379,    0.0000
37819                         , 3, 58,  0.018746,   30.6650,    1.453209, 14, 500,   7014,  4,    2.191824,    1.442029,    4.075485,   40.3379,    0.0000
37819                         , 3, 58,  0.018746,   30.6650,    1.453209, 20,  10,    220,  0,   15.278657,    8.535416,   23.737656,   39.0975,    4.2792
37819                         , 3, 58,  0.018746,   30.6650,    1.453209, 20,  20,    420,  0,   11.425755,    1.828787,   20.302697,   39.5031,    3.7325
37819                         , 3, 58,  0.018746,   30.6650,    1.453209, 20,  40,    820,  0,    9.637471,    1.828583,   15.935766,   39.6686,    3.3778
37819                         , 3, 58,  0.018746,   30.6650,    1.453209, 20,  75,   1520,  0,    7.342993,    1.828583,   15.187237,   39.5639,    2.5900
37819                         , 3, 58,  0.018746,   30.6650,    1.453209, 20, 125,   2520,  0,    6.326394,    1.716642,   15.187237,   39.2736,    2.4200
37819                         , 3, 58,  0.018746,   30.6650,    1.453209, 20, 200,   4020,  0,    5.776614,    1.716642,   14.055414,   38.9881,    2.1374
37819                         , 3, 58,  0.018746,   30.6650,    1.453209, 20, 500,  10020,  1,    3.473434,    1.412877,    6.176429,   40.7276,    1.3379
37819                         , 4, 57,  0.020487,   17.0481,    4.310983,  4,  10,     44,  0,   38.694085,   32.834780,   39.804889,   35.1671,    3.4223
37819                         , 4, 57,  0.020487,   17.0481,    4.310983,  4,  20,     84,  0,   38.694084,   32.834780,   39.804889,   35.1671,    3.4223
37819                         , 4, 57,  0.020487,   17.0481,    4.310983,  4,  40,    164,  0,   38.694084,   32.834780,   39.804889,   35.1671,    3.4223
37819                         , 4, 57,  0.020487,   17.0481,    4.310983,  4,  75,    304,  0,   38.694084,   32.834780,   39.804889,   35.1671,    3.4223
37819                         , 4, 57,  0.020487,   17.0481,    4.310983,  4, 125,    504,  0,   38.694084,   32.834780,   39.804889,   35.1671,    3.4223
37819                         , 4, 57,  0.020487,   17.0481,    4.310983,  4, 200,    804,  0,   38.694084,   32.834780,   39.804889,   35.1671,    3.4223
37819                         , 4, 57,  0.020487,   17.0481,    4.310983,  4, 500,   2004,  0,   38.694084,   32.834780,   39.804889,   35.1671,    3.4223
37819                         , 4, 57,  0.020487,   17.0481,    4.310983,  6,  10,     66,  0,   33.233784,   20.892991,   35.721372,   36.8488,    4.2266
37819                         , 4, 57,  0.020487,   17.0481,    4.310983,  6,  20,    126,  0,   33.233784,   20.892991,   35.721372,   36.8488,    4.2266
37819                         , 4, 57,  0.020487,   17.0481,    4.310983,  6,  40,    246,  0,   33.233784,   20.892991,   35.721372,   36.8488,    4.2266
37819                         , 4, 57,  0.020487,   17.0481,    4.310983,  6,  75,    456,  0,   33.233784,   20.892991,   35.721370,   36.8488,    4.2266
37819                         , 4, 57,  0.020487,   17.0481,    4.310983,  6, 125,    756,  0,   33.233784,   20.892991,   35.721370,   36.8488,    4.2266
37819                         , 4, 57,  0.020487,   17.0481,    4.310983,  6, 200,   1206,  0,   33.233784,   20.892991,   35.721370,   36.8488,    4.2266
37819                         , 4, 57,  0.020487,   17.0481,    4.310983,  6, 500,   3006,  0,   33.233784,   20.892991,   35.721370,   36.8488,    4.2266
37819                         , 4, 57,  0.020487,   17.0481,    4.310983,  8,  10,     88,  0,   33.058657,   20.892991,   35.721354,   38.3547,    5.3378
37819                         , 4, 57,  0.020487,   17.0481,    4.310983,  8,  20,    168,  0,   33.058657,   20.892991,   35.721354,   38.3547,    5.3378
37819                         , 4, 57,  0.020487,   17.0481,    4.310983,  8,  40,    328,  0,   33.058653,   20.892991,   35.721315,   38.3547,    5.3378
37819                         , 4, 57,  0.020487,   17.0481,    4.310983,  8,  75,    608,  0,   33.058650,   20.892991,   35.721304,   38.3547,    5.3378
37819                         , 4, 57,  0.020487,   17.0481,    4.310983,  8, 125,   1008,  0,   33.058649,   20.892991,   35.721300,   38.3547,    5.3378
37819                         , 4, 57,  0.020487,   17.0481,    4.310983,  8, 200,   1608,  0,   33.058648,   20.892991,   35.721300,   38.3547,    5.3378
37819                         , 4, 57,  0.020487,   17.0481,    4.310983,  8, 500,   4008,  0,   33.058647,   20.892991,   35.721298,   38.3547,    5.3378
37819                         , 4, 57,  0.020487,   17.0481,    4.310983, 10,  10,    110,  0,   27.879914,    6.673180,   35.721484,   41.0458,    5.5883
37819                         , 4, 57,  0.020487,   17.0481,    4.310983, 10,  20,    210,  0,   27.879166,    6.673180,   35.715921,   41.0458,    5.5883
37819                         , 4, 57,  0.020487,   17.0481,    4.310983, 10,  40,    410,  0,   27.879123,    6.673180,   35.715921,   41.0458,    5.5883
37819                         , 4, 57,  0.020487,   17.0481,    4.310983, 10,  75,    760,  0,   27.879123,    6.673180,   35.715921,   41.0458,    5.5883
37819                         , 4, 57,  0.020487,   17.0481,    4.310983, 10, 125,   1260,  0,   27.878550,    6.673180,   35.714208,   41.0458,    5.5883
37819                         , 4, 57,  0.020487,   17.0481,    4.310983, 10, 200,   2010,  0,   27.878132,    6.673180,   35.711238,   41.0458,    5.5883
37819                         , 4, 57,  0.020487,   17.0481,    4.310983, 10, 500,   5010,  0,   27.877916,    6.673180,   35.710038,   41.0458,    5.5883
37819                         , 4, 57,  0.020487,   17.0481,    4.310983, 14,  10,    154,  0,   12.299890,    6.673180,   18.755211,   43.2540,    2.1546
37819                         , 4, 57,  0.020487,   17.0481,    4.310983, 14,  20,    294,  0,   11.570270,    6.673180,   19.756134,   43.5751,    1.6693
37819                         , 4, 57,  0.020487,   17.0481,    4.310983, 14,  40,    574,  0,   11.270902,    6.673180,   16.382731,   43.5743,    1.6695
37819                         , 4, 57,  0.020487,   17.0481,    4.310983, 14,  75,   1064,  0,   10.613150,    6.673180,   15.981806,   43.4682,    1.7237
37819                         , 4, 57,  0.020487,   17.0481,    4.310983, 14, 125,   1764,  0,    9.891332,    6.673180,   12.474905,   43.6808,    1.6064
37819                         , 4, 57,  0.020487,   17.0481,    4.310983, 14, 200,   2814,  0,    9.372412,    6.673180,   12.002737,   43.5743,    1.6695
37819                         , 4, 57,  0.020487,   17.0481,    4.310983, 14, 500,   7014,  0,    9.722685,    6.673180,   12.320852,   43.5747,    1.6694
37819                         , 4, 57,  0.020487,   17.0481,    4.310983, 20,  10,    220,  2,   11.874189,    1.601912,   27.300986,   45.2734,    2.4369
37819                         , 4, 57,  0.020487,   17.0481,    4.310983, 20,  20,    420,  2,    9.683941,    1.593267,   18.682522,   45.1622,    2.3877
37819                         , 4, 57,  0.020487,   17.0481,    4.310983, 20,  40,    820,  2,    8.008125,    1.593267,   16.006424,   45.0570,    2.2741
37819                         , 4, 57,  0.020487,   17.0481,    4.310983, 20,  75,   1520,  2,    7.107300,    1.593267,   15.211350,   44.4602,    2.0764
37819                         , 4, 57,  0.020487,   17.0481,    4.310983, 20, 125,   2520,  4,    5.354511,    1.246718,   11.790209,   44.7744,    1.5346
37819                         , 4, 57,  0.020487,   17.0481,    4.310983, 20, 200,   4020,  6,    3.876174,    1.202836,    8.807384,   45.5104,    1.1829
37819                         , 4, 57,  0.020487,   17.0481,    4.310983, 20, 500,  10020,  7,    2.803716,    1.073576,    5.186173,   46.0384,    0.9525
37819                         , 5, 61,  0.026719,    8.6272,    1.770002,  4,  10,     44,  0,   14.782500,   14.782499,   14.782501,   45.8544,    0.0000
37819                         , 5, 61,  0.026719,    8.6272,    1.770002,  4,  20,     84,  0,   14.782500,   14.782499,   14.782501,   45.8544,    0.0000
37819                         , 5, 61,  0.026719,    8.6272,    1.770002,  4,  40,    164,  0,   14.782499,   14.782499,   14.782500,   45.8544,    0.0000
37819                         , 5, 61,  0.026719,    8.6272,    1.770002,  4,  75,    304,  0,   14.782499,   14.782499,   14.782500,   45.8544,    0.0000
37819                         , 5, 61,  0.026719,    8.6272,    1.770002,  4, 125,    504,  0,   14.782499,   14.782499,   14.782499,   45.8544,    0.0000
37819                         , 5, 61,  0.026719,    8.6272,    1.770002,  4, 200,    804,  0,   14.782499,   14.782499,   14.782499,   45.8544,    0.0000
37819                         , 5, 61,  0.026719,    8.6272,    1.770002,  4, 500,   2004,  0,   14.782499,   14.782499,   14.782499,   45.8544,    0.0000
37819                         , 5, 61,  0.026719,    8.6272,    1.770002,  6,  10,     66,  0,   14.038593,    7.343948,   14.782474,   45.9109,    0.1695
37819                         , 5, 61,  0.026719,    8.6272,    1.770002,  6,  20,    126,  0,   14.038593,    7.343948,   14.782474,   45.9109,    0.1695
37819                         , 5, 61,  0.026719,    8.6272,    1.770002,  6,  40,    246,  0,   14.038592,    7.343948,   14.782474,   45.9109,    0.1695
37819                         , 5, 61,  0.026719,    8.6272,    1.770002,  6,  75,    456,  0,   14.038591,    7.343948,   14.782456,   45.9109,    0.1695
37819                         , 5, 61,  0.026719,    8.6272,    1.770002,  6, 125,    756,  0,   14.038591,    7.343948,   14.782456,   45.9109,    0.1695
37819                         , 5, 61,  0.026719,    8.6272,    1.770002,  6, 200,   1206,  0,   14.038589,    7.343948,   14.782456,   45.9109,    0.1695
37819                         , 5, 61,  0.026719,    8.6272,    1.770002,  6, 500,   3006,  0,   14.038584,    7.343948,   14.782436,   45.9109,    0.1695
37819                         , 5, 61,  0.026719,    8.6272,    1.770002,  8,  10,     88,  0,   14.036507,    7.343948,   14.781969,   45.9109,    0.1695
37819                         , 5, 61,  0.026719,    8.6272,    1.770002,  8,  20,    168,  0,   14.036000,    7.343948,   14.780660,   45.9109,    0.1695
37819                         , 5, 61,  0.026719,    8.6272,    1.770002,  8,  40,    328,  0,   14.035854,    7.343948,   14.780660,   45.9109,    0.1695
37819                         , 5, 61,  0.026719,    8.6272,    1.770002,  8,  75,    608,  0,   14.035582,    7.343948,   14.779443,   45.9109,    0.1695
37819                         , 5, 61,  0.026719,    8.6272,    1.770002,  8, 125,   1008,  0,   14.035460,    7.343948,   14.779443,   45.9109,    0.1695
37819                         , 5, 61,  0.026719,    8.6272,    1.770002,  8, 200,   1608,  0,   14.035067,    7.343948,   14.779272,   45.9109,    0.1695
37819                         , 5, 61,  0.026719,    8.6272,    1.770002,  8, 500,   4008,  0,   14.034747,    7.343948,   14.779212,   45.9109,    0.1695
37819                         , 5, 61,  0.026719,    8.6272,    1.770002, 10,  10,    110,  0,   14.053511,    7.343948,   14.857337,   45.9109,    0.1695
37819                         , 5, 61,  0.026719,    8.6272,    1.770002, 10,  20,    210,  0,   14.044769,    7.343948,   14.850171,   45.9109,    0.1695
37819                         , 5, 61,  0.026719,    8.6272,    1.770002, 10,  40,    410,  0,   14.037507,    7.343948,   14.850171,   45.9109,    0.1695
37819                         , 5, 61,  0.026719,    8.6272,    1.770002, 10,  75,    760,  0,   14.033255,    7.343948,   14.816982,   45.9109,    0.1695
37819                         , 5, 61,  0.026719,    8.6272,    1.770002, 10, 125,   1260,  0,   14.029124,    7.343948,   14.798929,   45.9109,    0.1695
37819                         , 5, 61,  0.026719,    8.6272,    1.770002, 10, 200,   2010,  0,   14.025270,    7.343948,   14.798929,   45.9109,    0.1695
37819                         , 5, 61,  0.026719,    8.6272,    1.770002, 10, 500,   5010,  0,   14.015422,    7.343948,   14.763292,   45.9109,    0.1695
37819                         , 5, 61,  0.026719,    8.6272,    1.770002, 14,  10,    154,  0,   12.924399,    7.343948,   27.143289,   46.8415,    2.0533
37819                         , 5, 61,  0.026719,    8.6272,    1.770002, 14,  20,    294,  0,   12.432526,    6.212809,   27.143289,   46.6798,    2.0609
37819                         , 5, 61,  0.026719,    8.6272,    1.770002, 14,  40,    574,  0,   12.446527,    7.343948,   26.685821,   46.7817,    2.0251
37819                         , 5, 61,  0.026719,    8.6272,    1.770002, 14,  75,   1064,  0,    9.238105,    6.235112,   11.590414,   46.2866,    0.8626
37819                         , 5, 61,  0.026719,    8.6272,    1.770002, 14, 125,   1764,  0,    8.567316,    6.422468,   11.427946,   45.9730,    1.8135
37819                         , 5, 61,  0.026719,    8.6272,    1.770002, 14, 200,   2814,  0,    7.922688,    6.212809,   11.590414,   46.3430,    0.8509
37819                         , 5, 61,  0.026719,    8.6272,    1.770002, 14, 500,   7014,  0,    7.259311,    6.206113,   11.098028,   46.0709,    0.6469
37819                         , 5, 61,  0.026719,    8.6272,    1.770002, 20,  10,    220,  0,   15.245668,    3.699342,   59.171662,   44.7206,    2.5420
37819                         , 5, 61,  0.026719,    8.6272,    1.770002, 20,  20,    420,  0,    7.339919,    2.759034,   16.057366,   44.2112,    1.8647
37819                         , 5, 61,  0.026719,    8.6272,    1.770002, 20,  40,    820,  0,    5.086992,    2.587290,    9.058113,   43.0795,    1.1442
37819                         , 5, 61,  0.026719,    8.6272,    1.770002, 20,  75,   1520,  1,    4.770601,    1.839352,    9.058113,   42.8213,    1.0883
37819                         , 5, 61,  0.026719,    8.6272,    1.770002, 20, 125,   2520,  2,    4.100056,    1.497060,    8.398078,   42.9473,    1.0198
37819                         , 5, 61,  0.026719,    8.6272,    1.770002, 20, 200,   4020,  3,    3.369008,    1.359834,    7.262578,   43.1758,    0.8277
37819                         , 5, 61,  0.026719,    8.6272,    1.770002, 20, 500,  10020,  6,    1.776718,    1.359834,    2.611957,   43.2285,    0.3582
37819                         , 6, 44,  0.034064,    4.3136,    4.717903,  4,  10,     44,  0,   21.926182,   21.258704,   22.045035,   41.5971,    0.1091
37819                         , 6, 44,  0.034064,    4.3136,    4.717903,  4,  20,     84,  0,   21.926182,   21.258704,   22.045035,   41.5971,    0.1091
37819                         , 6, 44,  0.034064,    4.3136,    4.717903,  4,  40,    164,  0,   21.926181,   21.258704,   22.045035,   41.5971,    0.1091
37819                         , 6, 44,  0.034064,    4.3136,    4.717903,  4,  75,    304,  0,   21.926181,   21.258704,   22.045035,   41.5971,    0.1091
37819                         , 6, 44,  0.034064,    4.3136,    4.717903,  4, 125,    504,  0,   21.926181,   21.258704,   22.045034,   41.5971,    0.1091
37819                         , 6, 44,  0.034064,    4.3136,    4.717903,  4, 200,    804,  0,   21.926181,   21.258704,   22.045034,   41.5971,    0.1091
37819                         , 6, 44,  0.034064,    4.3136,    4.717903,  4, 500,   2004,  0,   21.926181,   21.258704,   22.045034,   41.5971,    0.1091
37819                         , 6, 44,  0.034064,    4.3136,    4.717903,  6,  10,     66,  0,   21.926151,   21.258704,   22.045028,   41.5971,    0.1091
37819                         , 6, 44,  0.034064,    4.3136,    4.717903,  6,  20,    126,  0,   21.926150,   21.258704,   22.045028,   41.5971,    0.1091
37819                         , 6, 44,  0.034064,    4.3136,    4.717903,  6,  40,    246,  0,   21.926147,   21.258704,   22.045015,   41.5971,    0.1091
37819                         , 6, 44,  0.034064,    4.3136,    4.717903,  6,  75,    456,  0,   21.926144,   21.258704,   22.045001,   41.5971,    0.1091
37819                         , 6, 44,  0.034064,    4.3136,    4.717903,  6, 125,    756,  0,   21.926144,   21.258704,   22.045001,   41.5971,    0.1091
37819                         , 6, 44,  0.034064,    4.3136,    4.717903,  6, 200,   1206,  0,   21.926143,   21.258704,   22.045001,   41.5971,    0.1091
37819                         , 6, 44,  0.034064,    4.3136,    4.717903,  6, 500,   3006,  0,   21.926141,   21.258704,   22.044984,   41.5971,    0.1091
37819                         , 6, 44,  0.034064,    4.3136,    4.717903,  8,  10,     88,  0,   12.640004,   12.639818,   12.640271,   43.1832,    0.0000
37819                         , 6, 44,  0.034064,    4.3136,    4.717903,  8,  20,    168,  0,   12.639924,   12.639818,   12.640271,   43.1832,    0.0000
37819                         , 6, 44,  0.034064,    4.3136,    4.717903,  8,  40,    328,  0,   12.639866,   12.639774,   12.640262,   43.1832,    0.0000
37819                         , 6, 44,  0.034064,    4.3136,    4.717903,  8,  75,    608,  0,   12.639866,   12.639774,   12.640262,   43.1832,    0.0000
37819                         , 6, 44,  0.034064,    4.3136,    4.717903,  8, 125,   1008,  0,   12.639810,   12.639774,   12.639825,   43.1832,    0.0000
37819                         , 6, 44,  0.034064,    4.3136,    4.717903,  8, 200,   1608,  0,   12.639801,   12.639763,   12.639823,   43.1832,    0.0000
37819                         , 6, 44,  0.034064,    4.3136,    4.717903,  8, 500,   4008,  0,   12.639789,   12.639762,   12.639821,   43.1832,    0.0000
37819                         , 6, 44,  0.034064,    4.3136,    4.717903, 10,  10,    110,  0,   12.258309,    8.927004,   12.634298,   43.3019,    0.3560
37819                         , 6, 44,  0.034064,    4.3136,    4.717903, 10,  20,    210,  0,   12.257262,    8.927004,   12.633991,   43.3019,    0.3560
37819                         , 6, 44,  0.034064,    4.3136,    4.717903, 10,  40,    410,  0,   12.256824,    8.927004,   12.633991,   43.3019,    0.3560
37819                         , 6, 44,  0.034064,    4.3136,    4.717903, 10,  75,    760,  0,   12.256400,    8.927004,   12.633991,   43.3019,    0.3560
37819                         , 6, 44,  0.034064,    4.3136,    4.717903, 10, 125,   1260,  0,   12.256253,    8.927004,   12.633991,   43.3019,    0.3560
37819                         , 6, 44,  0.034064,    4.3136,    4.717903, 10, 200,   2010,  0,   12.256080,    8.927004,   12.633991,   43.3019,    0.3560
37819                         , 6, 44,  0.034064,    4.3136,    4.717903, 10, 500,   5010,  0,   12.254797,    8.927004,   12.625033,   43.3019,    0.3560
37819                         , 6, 44,  0.034064,    4.3136,    4.717903, 14,  10,    154,  0,   16.564129,    8.927004,   22.210309,   42.8109,    1.2835
37819                         , 6, 44,  0.034064,    4.3136,    4.717903, 14,  20,    294,  0,   15.658268,    8.927004,   19.195391,   42.6023,    0.9320
37819                         , 6, 44,  0.034064,    4.3136,    4.717903, 14,  40,    574,  0,   14.989058,    8.927004,   18.731457,   42.7640,    0.8768
37819                         , 6, 44,  0.034064,    4.3136,    4.717903, 14,  75,   1064,  0,   15.006283,    8.927004,   18.602162,   42.7638,    0.8771
37819                         , 6, 44,  0.034064,    4.3136,    4.717903, 14, 125,   1764,  0,   13.819848,    8.927004,   18.602100,   43.0876,    0.6419
37819                         , 6, 44,  0.034064,    4.3136,    4.717903, 14, 200,   2814,  0,   13.888795,    8.927004,   18.602100,   42.9366,    0.7879
37819                         , 6, 44,  0.034064,    4.3136,    4.717903, 14, 500,   7014,  0,   12.912740,    8.927004,   18.595732,   43.1401,    0.6330
37819                         , 6, 44,  0.034064,    4.3136,    4.717903, 20,  10,    220,  0,   12.319149,    6.021145,   30.090065,   44.5969,    1.0350
37819                         , 6, 44,  0.034064,    4.3136,    4.717903, 20,  20,    420,  1,    9.786898,    4.715160,   29.741877,   44.9139,    0.5874
37819                         , 6, 44,  0.034064,    4.3136,    4.717903, 20,  40,    820,  1,    7.399876,    4.715160,   12.273991,   44.9520,    0.6000
37819                         , 6, 44,  0.034064,    4.3136,    4.717903, 20,  75,   1520,  1,    6.507783,    4.715160,    8.592029,   45.2485,    0.2106
37819                         , 6, 44,  0.034064,    4.3136,    4.717903, 20, 125,   2520,  1,    6.198503,    4.715160,    7.468922,   45.2688,    0.2038
37819                         , 6, 44,  0.034064,    4.3136,    4.717903, 20, 200,   4020,  2,    5.765109,    4.715160,    7.468922,   45.4367,    0.0985
37819                         , 6, 44,  0.034064,    4.3136,    4.717903, 20, 500,  10020,  4,    5.288535,    4.715160,    6.271215,   45.4683,    0.0981
37819                         , 7, 59,  0.041449,    6.4704,    1.970719,  4,  10,     44,  0,   43.176136,   11.573105,   49.162239,   43.7051,    1.4183
37819                         , 7, 59,  0.041449,    6.4704,    1.970719,  4,  20,     84,  0,   43.176136,   11.573105,   49.162239,   43.7051,    1.4183
37819                         , 7, 59,  0.041449,    6.4704,    1.970719,  4,  40,    164,  0,   43.176136,   11.573105,   49.162239,   43.7051,    1.4183
37819                         , 7, 59,  0.041449,    6.4704,    1.970719,  4,  75,    304,  0,   43.176135,   11.573105,   49.162237,   43.7051,    1.4183
37819                         , 7, 59,  0.041449,    6.4704,    1.970719,  4, 125,    504,  0,   43.176135,   11.573105,   49.162237,   43.7051,    1.4183
37819                         , 7, 59,  0.041449,    6.4704,    1.970719,  4, 200,    804,  0,   43.176135,   11.573105,   49.162237,   43.7051,    1.4183
37819                         , 7, 59,  0.041449,    6.4704,    1.970719,  4, 500,   2004,  0,   43.176135,   11.573105,   49.162237,   43.7051,    1.4183
37819                         , 7, 59,  0.041449,    6.4704,    1.970719,  6,  10,     66,  0,   43.126578,   11.573105,   49.162288,   43.6444,    1.3997
37819                         , 7, 59,  0.041449,    6.4704,    1.970719,  6,  20,    126,  0,   43.126570,   11.573105,   49.162285,   43.6444,    1.3997
37819                         , 7, 59,  0.041449,    6.4704,    1.970719,  6,  40,    246,  0,   43.126568,   11.573105,   49.162285,   43.6444,    1.3997
37819                         , 7, 59,  0.041449,    6.4704,    1.970719,  6,  75,    456,  0,   43.126555,   11.573105,   49.162264,   43.6444,    1.3997
37819                         , 7, 59,  0.041449,    6.4704,    1.970719,  6, 125,    756,  0,   43.126551,   11.573105,   49.162264,   43.6444,    1.3997
37819                         , 7, 59,  0.041449,    6.4704,    1.970719,  6, 200,   1206,  0,   43.126548,   11.573105,   49.162264,   43.6444,    1.3997
37819                         , 7, 59,  0.041449,    6.4704,    1.970719,  6, 500,   3006,  0,   43.126539,   11.573105,   49.162201,   43.6444,    1.3997
37819                         , 7, 59,  0.041449,    6.4704,    1.970719,  8,  10,     88,  0,   42.698331,   11.573105,   49.164007,   43.8639,    1.6521
37819                         , 7, 59,  0.041449,    6.4704,    1.970719,  8,  20,    168,  0,   42.698385,   11.573105,   49.163788,   43.8639,    1.6521
37819                         , 7, 59,  0.041449,    6.4704,    1.970719,  8,  40,    328,  0,   42.698384,   11.573105,   49.163788,   43.8639,    1.6521
37819                         , 7, 59,  0.041449,    6.4704,    1.970719,  8,  75,    608,  0,   42.698375,   11.573105,   49.163741,   43.8639,    1.6521
37819                         , 7, 59,  0.041449,    6.4704,    1.970719,  8, 125,   1008,  0,   42.697998,   11.573105,   49.163038,   43.8639,    1.6521
37819                         , 7, 59,  0.041449,    6.4704,    1.970719,  8, 200,   1608,  0,   42.697727,   11.573105,   49.162662,   43.8639,    1.6521
37819                         , 7, 59,  0.041449,    6.4704,    1.970719,  8, 500,   4008,  0,   42.697386,   11.573105,   49.162662,   43.8639,    1.6521
37819                         , 7, 59,  0.041449,    6.4704,    1.970719, 10,  10,    110,  0,   33.830823,    9.233703,   46.523131,   43.8978,    1.8247
37819                         , 7, 59,  0.041449,    6.4704,    1.970719, 10,  20,    210,  0,   33.827707,    9.233703,   46.523131,   43.8978,    1.8247
37819                         , 7, 59,  0.041449,    6.4704,    1.970719, 10,  40,    410,  0,   33.807824,    9.233703,   46.462826,   43.8978,    1.8247
37819                         , 7, 59,  0.041449,    6.4704,    1.970719, 10,  75,    760,  0,   33.801134,    9.233703,   46.431405,   43.8978,    1.8247
37819                         , 7, 59,  0.041449,    6.4704,    1.970719, 10, 125,   1260,  0,   33.789996,    9.233703,   46.396183,   43.8978,    1.8247
37819                         , 7, 59,  0.041449,    6.4704,    1.970719, 10, 200,   2010,  0,   33.787522,    9.233703,   46.394408,   43.8978,    1.8247
37819                         , 7, 59,  0.041449,    6.4704,    1.970719, 10, 500,   5010,  0,   33.783275,    9.233703,   46.368183,   43.8978,    1.8247
37819                         , 7, 59,  0.041449,    6.4704,    1.970719, 14,  10,    154,  1,    4.546197,    2.051224,   13.430649,   44.3440,    0.2766
37819                         , 7, 59,  0.041449,    6.4704,    1.970719, 14,  20,    294,  0,    4.230050,    2.290770,   12.110421,   44.3342,    0.2597
37819                         , 7, 59,  0.041449,    6.4704,    1.970719, 14,  40,    574,  0,    2.345979,    2.288896,    2.459400,   44.4111,    0.0000
37819                         , 7, 59,  0.041449,    6.4704,    1.970719, 14,  75,   1064,  0,    2.325465,    2.289091,    2.421854,   44.4111,    0.0000
37819                         , 7, 59,  0.041449,    6.4704,    1.970719, 14, 125,   1764,  0,    2.309595,    2.290474,    2.421232,   44.4111,    0.0000
37819                         , 7, 59,  0.041449,    6.4704,    1.970719, 14, 200,   2814,  0,    2.299450,    2.288640,    2.352984,   44.4111,    0.0000
37819                         , 7, 59,  0.041449,    6.4704,    1.970719, 14, 500,   7014,  0,    2.290732,    2.288836,    2.293816,   44.4111,    0.0000
37819                         , 7, 59,  0.041449,    6.4704,    1.970719, 20,  10,    220,  0,   16.310462,    2.434963,   62.004917,   42.9681,    1.4919
37819                         , 7, 59,  0.041449,    6.4704,    1.970719, 20,  20,    420,  0,   11.954855,    2.082781,   62.004917,   43.7038,    0.9705
37819                         , 7, 59,  0.041449,    6.4704,    1.970719, 20,  40,    820,  0,    4.876499,    2.082781,    9.021744,   43.5316,    0.9658
37819                         , 7, 59,  0.041449,    6.4704,    1.970719, 20,  75,   1520,  0,    3.445089,    2.082781,    9.021744,   43.8201,    0.6139
37819                         , 7, 59,  0.041449,    6.4704,    1.970719, 20, 125,   2520,  1,    2.774033,    1.960390,    3.708381,   44.0474,    0.4998
37819                         , 7, 59,  0.041449,    6.4704,    1.970719, 20, 200,   4020,  2,    2.569900,    1.960390,    3.570012,   43.9587,    0.4587
37819                         , 7, 59,  0.041449,    6.4704,    1.970719, 20, 500,  10020,  4,    2.228205,    1.941982,    3.081199,   44.0287,    0.3216
37819                         , 8, 26,  0.072277,    3.2352,   68.127541,  4,  10,     44,  2,   72.548166,   68.939813,   73.458538,   44.3592,    0.4630
37819                         , 8, 26,  0.072277,    3.2352,   68.127541,  4,  20,     84,  2,   72.548166,   68.939813,   73.458538,   44.3592,    0.4630
37819                         , 8, 26,  0.072277,    3.2352,   68.127541,  4,  40,    164,  2,   72.548166,   68.939813,   73.458537,   44.3592,    0.4630
37819                         , 8, 26,  0.072277,    3.2352,   68.127541,  4,  75,    304,  2,   72.548165,   68.939813,   73.458537,   44.3592,    0.4630
37819                         , 8, 26,  0.072277,    3.2352,   68.127541,  4, 125,    504,  2,   72.548165,   68.939813,   73.458537,   44.3592,    0.4630
37819                         , 8, 26,  0.072277,    3.2352,   68.127541,  4, 200,    804,  2,   72.548165,   68.939813,   73.458537,   44.3592,    0.4630
37819                         , 8, 26,  0.072277,    3.2352,   68.127541,  4, 500,   2004,  2,   72.548165,   68.939813,   73.458537,   44.3592,    0.4630
37819                         , 8, 26,  0.072277,    3.2352,   68.127541,  6,  10,     66,  3,   72.292254,   68.939813,   73.458567,   44.4810,    0.5996
37819                         , 8, 26,  0.072277,    3.2352,   68.127541,  6,  20,    126,  3,   72.292256,   68.939813,   73.458567,   44.4810,    0.5996
37819                         , 8, 26,  0.072277,    3.2352,   68.127541,  6,  40,    246,  3,   72.292253,   68.939813,   73.458565,   44.4810,    0.5996
37819                         , 8, 26,  0.072277,    3.2352,   68.127541,  6,  75,    456,  3,   72.292247,   68.939813,   73.458552,   44.4810,    0.5996
37819                         , 8, 26,  0.072277,    3.2352,   68.127541,  6, 125,    756,  3,   72.292247,   68.939813,   73.458545,   44.4810,    0.5996
37819                         , 8, 26,  0.072277,    3.2352,   68.127541,  6, 200,   1206,  3,   72.292245,   68.939813,   73.458537,   44.4810,    0.5996
37819                         , 8, 26,  0.072277,    3.2352,   68.127541,  6, 500,   3006,  3,   72.292244,   68.939813,   73.458537,   44.4810,    0.5996
37819                         , 8, 26,  0.072277,    3.2352,   68.127541,  8,  10,     88,  4,   71.891511,   68.939813,   73.461649,   44.4300,    0.6250
37819                         , 8, 26,  0.072277,    3.2352,   68.127541,  8,  20,    168,  4,   71.891498,   68.939813,   73.461649,   44.4300,    0.6250
37819                         , 8, 26,  0.072277,    3.2352,   68.127541,  8,  40,    328,  4,   71.891394,   68.939813,   73.461559,   44.4300,    0.6250
37819                         , 8, 26,  0.072277,    3.2352,   68.127541,  8,  75,    608,  4,   71.891200,   68.939813,   73.460009,   44.4300,    0.6250
37819                         , 8, 26,  0.072277,    3.2352,   68.127541,  8, 125,   1008,  4,   71.890981,   68.939813,   73.459614,   44.4300,    0.6250
37819                         , 8, 26,  0.072277,    3.2352,   68.127541,  8, 200,   1608,  4,   71.890885,   68.939813,   73.459614,   44.4300,    0.6250
37819                         , 8, 26,  0.072277,    3.2352,   68.127541,  8, 500,   4008,  4,   71.890735,   68.939813,   73.459028,   44.4300,    0.6250
37819                         , 8, 26,  0.072277,    3.2352,   68.127541, 10,  10,    110,  4,   71.864336,   68.939813,   73.412939,   44.4300,    0.6250
37819                         , 8, 26,  0.072277,    3.2352,   68.127541, 10,  20,    210,  4,   71.864330,   68.939813,   73.412939,   44.4300,    0.6250
37819                         , 8, 26,  0.072277,    3.2352,   68.127541, 10,  40,    410,  4,   71.862651,   68.939813,   73.411254,   44.4300,    0.6250
37819                         , 8, 26,  0.072277,    3.2352,   68.127541, 10,  75,    760,  4,   71.862651,   68.939813,   73.411254,   44.4300,    0.6250
37819                         , 8, 26,  0.072277,    3.2352,   68.127541, 10, 125,   1260,  4,   71.861685,   68.939813,   73.406314,   44.4300,    0.6250
37819                         , 8, 26,  0.072277,    3.2352,   68.127541, 10, 200,   2010,  4,   71.861685,   68.939813,   73.406314,   44.4300,    0.6250
37819                         , 8, 26,  0.072277,    3.2352,   68.127541, 10, 500,   5010,  4,   71.860740,   68.939813,   73.400609,   44.4300,    0.6250
37819                         , 8, 26,  0.072277,    3.2352,   68.127541, 14,  10,    154,  9,   69.383366,   68.115863,   76.482051,   44.2402,    0.2381
37819                         , 8, 26,  0.072277,    3.2352,   68.127541, 14,  20,    294, 10,   68.644067,   68.115863,   69.723089,   44.3239,    0.1494
37819                         , 8, 26,  0.072277,    3.2352,   68.127541, 14,  40,    574, 10,   68.177795,   68.115827,   68.354189,   44.3866,    0.0404
37819                         , 8, 26,  0.072277,    3.2352,   68.127541, 14,  75,   1064, 10,   68.270362,   68.120511,   69.442624,   44.3254,    0.1502
37819                         , 8, 26,  0.072277,    3.2352,   68.127541, 14, 125,   1764, 10,   68.152531,   68.120794,   68.257722,   44.3749,    0.0457
37819                         , 8, 26,  0.072277,    3.2352,   68.127541, 14, 200,   2814, 10,   68.134691,   68.117355,   68.180416,   44.3865,    0.0404
37819                         , 8, 26,  0.072277,    3.2352,   68.127541, 14, 500,   7014, 10,   68.121846,   68.115838,   68.131423,   44.4067,    0.0001
37819                         , 8, 26,  0.072277,    3.2352,   68.127541, 20,  10,    220,  8,   70.234499,   68.153206,   77.845480,   44.7684,    0.7316
37819                         , 8, 26,  0.072277,    3.2352,   68.127541, 20,  20,    420,  8,   70.232352,   68.138799,   77.845480,   44.7683,    0.7316
37819                         , 8, 26,  0.072277,    3.2352,   68.127541, 20,  40,    820,  8,   70.180981,   68.135134,   77.845480,   44.5876,    0.6671
37819                         , 8, 26,  0.072277,    3.2352,   68.127541, 20,  75,   1520,  9,   69.472725,   68.124798,   77.845480,   44.5239,    0.4780
37819                         , 8, 26,  0.072277,    3.2352,   68.127541, 20, 125,   2520, 10,   68.434200,   68.124798,   69.442608,   44.5080,    0.4461
37819                         , 8, 26,  0.072277,    3.2352,   68.127541, 20, 200,   4020, 10,   68.368433,   68.124798,   69.442608,   44.4710,    0.4404
37819                         , 8, 26,  0.072277,    3.2352,   68.127541, 20, 500,  10020, 10,   68.160371,   68.124798,   68.310443,   44.5365,    0.1826
