object,zone,it,tobs,apobs,e1,e2,e3,bn1,bn2,bn3,rms_baseline,s11,s21,s31,s12,s22,s32,s13,s23,s33
42928                         , 1,  1,    0.0000,   6344.6951,  0.315762,  0.320280,  0.324799,   38.6430,   99.3215,  160.0000,    4.420432,     6182.0722,     6308.9849,     6437.5961,     6182.0722,     6308.9849,     6437.5961,     6182.0722,     6308.9849,     6437.5961,
42928                         , 1,  2,    0.2296,   6342.7931,  0.315762,  0.320280,  0.324799,   38.6430,   99.3215,  160.0000,    4.420432,     6178.7669,     6305.6737,     6434.2788,     6180.7696,     6307.6794,     6436.2877,     6181.2533,     6308.1639,     6436.7730,
42928                         , 1,  3,    0.7317,   6339.0774,  0.315762,  0.320280,  0.324799,   38.6430,   99.3215,  160.0000,    4.420432,     6171.5601,     6298.4550,     6427.0474,     6177.9317,     6304.8360,     6433.4383,     6179.4706,     6306.3771,     6434.9819,
42928                         , 1,  4,    0.9787,   6337.5335,  0.315762,  0.320280,  0.324799,   38.6430,   99.3215,  160.0000,    4.420432,     6168.0241,     6294.9135,     6423.5000,     6176.5409,     6303.4425,     6432.0421,     6178.5978,     6305.5024,     6434.1051,
42928                         , 1,  5,    1.3166,   6335.2277,  0.315762,  0.320280,  0.324799,   38.6430,   99.3215,  160.0000,    4.420432,     6163.1977,     6290.0800,     6418.6588,     6174.6445,     6301.5427,     6430.1386,     6177.4087,     6304.3109,     6432.9110,
42928                         , 1,  6,    1.4518,   6334.2352,  0.315762,  0.320280,  0.324799,   38.6430,   99.3215,  160.0000,    4.420432,     6161.2712,     6288.1508,     6416.7267,     6173.8881,     6300.7851,     6429.3797,     6176.9349,     6303.8362,     6432.4353,
42928                         , 1,  7,    1.7102,   6332.5449,  0.315762,  0.320280,  0.324799,   38.6430,   99.3215,  160.0000,    4.420432,     6157.5909,     6284.4655,     6413.0360,     6172.4444,     6299.3390,     6427.9311,     6176.0311,     6302.9307,     6431.5280,
42928                         , 1,  8,    2.2929,   6328.6036,  0.315762,  0.320280,  0.324799,   38.6430,   99.3215,  160.0000,    4.420432,     6149.3164,     6276.1799,     6404.7385,     6169.2039,     6296.0934,     6424.6801,     6174.0058,     6300.9018,     6429.4954,
42928                         , 1,  9,    2.7993,   6325.1774,  0.315762,  0.320280,  0.324799,   38.6430,   99.3215,  160.0000,    4.420432,     6142.1434,     6268.9982,     6397.5473,     6166.4014,     6293.2871,     6421.8696,     6172.2583,     6299.1517,     6427.7424,
42928                         , 1, 10,    3.2687,   6321.9305,  0.315762,  0.320280,  0.324799,   38.6430,   99.3215,  160.0000,    4.420432,     6135.5079,     6262.3549,     6390.8957,     6163.8147,     6290.6971,     6419.2760,     6170.6488,     6297.5399,     6426.1283,
42928                         , 1, 11,    3.5225,   6320.1170,  0.315762,  0.320280,  0.324799,   38.6430,   99.3215,  160.0000,    4.420432,     6131.9242,     6258.7674,     6387.3038,     6162.4200,     6289.3007,     6417.8778,     6169.7823,     6296.6723,     6425.2595,
42928                         , 1, 12,    4.2450,   6315.1552,  0.315762,  0.320280,  0.324799,   38.6430,   99.3215,  160.0000,    4.420432,     6121.7340,     6248.5663,     6377.0909,     6158.4623,     6285.3387,     6413.9111,     6167.3284,     6294.2158,     6422.8001,
42928                         , 1, 13,    4.7526,   6310.7812,  0.315762,  0.320280,  0.324799,   38.6430,   99.3215,  160.0000,    4.420432,     6114.5777,     6241.4027,     6369.9193,     6155.6897,     6282.5633,     6411.1327,     6165.6133,     6292.4991,     6421.0817,
42928                         , 1, 14,    5.2220,   6307.3904,  0.315762,  0.320280,  0.324799,   38.6430,   99.3215,  160.0000,    4.420432,     6107.9605,     6234.7789,     6363.2882,     6153.1302,     6280.0014,     6408.5681,     6164.0326,     6290.9170,     6419.4982,
42928                         , 1, 15,    5.3292,   6306.8451,  0.315762,  0.320280,  0.324799,   38.6430,   99.3215,  160.0000,    4.420432,     6106.4486,     6233.2656,     6361.7734,     6152.5460,     6279.4166,     6407.9828,     6163.6720,     6290.5562,     6419.1371,
42928                         , 1, 16,    7.2831,   6289.3375,  0.315762,  0.320280,  0.324799,   38.6430,   99.3215,  160.0000,    4.420432,     6078.7994,     6205.5889,     6334.0663,     6141.8830,     6268.7438,     6397.2991,     6157.1031,     6283.9824,     6412.5577,
42928                         , 1, 17,    7.5315,   6287.0432,  0.315762,  0.320280,  0.324799,   38.6430,   99.3215,  160.0000,    4.420432,     6075.2670,     6202.0527,     6330.5259,     6140.5214,     6267.3808,     6395.9346,     6156.2645,     6283.1431,     6411.7176,
42928                         , 1, 18,    8.2562,   6284.1029,  0.315762,  0.320280,  0.324799,   38.6430,   99.3215,  160.0000,    4.420432,     6064.9357,     6191.7095,     6320.1697,     6136.5363,     6263.3913,     6391.9402,     6153.8083,     6280.6845,     6409.2564,
42928                         , 1, 19,    8.6389,   6280.9882,  0.315762,  0.320280,  0.324799,   38.6430,   99.3215,  160.0000,    4.420432,     6059.4637,     6186.2310,     6314.6838,     6134.4229,     6261.2754,     6389.8216,     6152.5040,     6279.3788,     6407.9491,
42928                         , 1, 20,    8.7805,   6279.9089,  0.315762,  0.320280,  0.324799,   38.6430,   99.3215,  160.0000,    4.420432,     6057.4366,     6184.2013,     6312.6515,     6133.6394,     6260.4909,     6389.0360,     6152.0201,     6278.8943,     6407.4639,
42928                         , 1, 21,    9.2285,   6274.8676,  0.315762,  0.320280,  0.324799,   38.6430,   99.3215,  160.0000,    4.420432,     6051.0138,     6177.7704,     6306.2117,     6131.1544,     6258.0025,     6386.5440,     6150.4835,     6277.3556,     6405.9231,
42928                         , 1, 22,    9.7341,   6271.5546,  0.315762,  0.320280,  0.324799,   38.6430,   99.3215,  160.0000,    4.420432,     6043.7491,     6170.4962,     6298.9272,     6128.3381,     6255.1822,     6383.7193,     6148.7384,     6275.6080,     6404.1728,
42928                         , 1, 23,   10.2010,   6268.1810,  0.315762,  0.320280,  0.324799,   38.6430,   99.3215,  160.0000,    4.420432,     6037.0284,     6163.7666,     6292.1879,     6125.7269,     6252.5669,     6381.0996,     6147.1165,     6273.9835,     6402.5454,
42928                         , 1, 24,   10.4367,   6266.4738,  0.315762,  0.320280,  0.324799,   38.6430,   99.3215,  160.0000,    4.420432,     6033.6314,     6160.3650,     6288.7813,     6124.4047,     6251.2425,     6379.7730,     6146.2938,     6273.1593,     6401.7197,
42928                         , 1, 25,   10.7035,   6264.6776,  0.315762,  0.320280,  0.324799,   38.6430,   99.3215,  160.0000,    4.420432,     6029.7853,     6156.5138,     6284.9245,     6122.9058,     6249.7411,     6378.2690,     6145.3598,     6272.2236,     6400.7822,
42928                         , 1, 26,   11.3956,   6259.8272,  0.315762,  0.320280,  0.324799,   38.6430,   99.3215,  160.0000,    4.420432,     6019.8031,     6146.5183,     6274.9144,     6119.0055,     6245.8342,     6374.3548,     6142.9232,     6269.7822,     6398.3357,
42928                         , 1, 27,   11.5127,   6258.8247,  0.315762,  0.320280,  0.324799,   38.6430,   99.3215,  160.0000,    4.420432,     6018.1137,     6144.8266,     6273.2204,     6118.3441,     6245.1715,     6373.6909,     6142.5091,     6269.3672,     6397.9198,
42928                         , 1, 28,   12.3663,   6253.1521,  0.315762,  0.320280,  0.324799,   38.6430,   99.3215,  160.0000,    4.420432,     6005.8150,     6132.5126,     6260.8895,     6113.5180,     6240.3368,     6368.8470,     6139.4804,     6266.3319,     6394.8776,
42928                         , 1, 29,   13.2288,   6246.8966,  0.315762,  0.320280,  0.324799,   38.6430,   99.3215,  160.0000,    4.420432,     5993.4314,     6120.1154,     6248.4772,     6108.6439,     6235.4541,     6363.9550,     6136.4113,     6263.2560,     6391.7944,
42928                         , 1, 30,   13.3367,   6246.0900,  0.315762,  0.320280,  0.324799,   38.6430,   99.3215,  160.0000,    4.420432,     5991.8875,     6118.5699,     6246.9301,     6108.0355,     6234.8446,     6363.3444,     6136.0277,     6262.8715,     6391.4090,
42928                         , 1, 31,   14.2011,   6237.5411,  0.315762,  0.320280,  0.324799,   38.6430,   99.3215,  160.0000,    4.420432,     5979.5589,     6106.2298,     6234.5769,     6103.1742,     6229.9752,     6358.4663,     6132.9619,     6259.7990,     6388.3295,
42928                         , 1, 32,   14.5383,   6235.0891,  0.315762,  0.320280,  0.324799,   38.6430,   99.3215,  160.0000,    4.420432,     5974.7723,     6101.4392,     6229.7819,     6101.2880,     6228.0862,     6356.5743,     6131.7729,     6258.6077,     6387.1356,
42928                         , 1, 33,   15.1672,   6231.4262,  0.315762,  0.320280,  0.324799,   38.6430,   99.3215,  160.0000,    4.420432,     5965.8793,     6092.5402,     6220.8762,     6097.7893,     6224.5829,     6353.0661,     6129.5706,     6256.4014,     6384.9252,
42928                         , 1, 34,   15.3979,   6229.8521,  0.315762,  0.320280,  0.324799,   38.6430,   99.3215,  160.0000,    4.420432,     5962.6297,     6089.2890,     6217.6228,     6096.5134,     6223.3056,     6351.7871,     6128.7689,     6255.5985,     6384.1209,
42928                         , 1, 35,   15.5211,   6229.6024,  0.315762,  0.320280,  0.324799,   38.6430,   99.3215,  160.0000,    4.420432,     5960.8970,     6087.5556,     6215.8882,     6095.8338,     6222.6252,     6351.1059,     6128.3422,     6255.1712,     6383.6929,
42928                         , 1, 36,   16.0390,   6225.7721,  0.315762,  0.320280,  0.324799,   38.6430,   99.3215,  160.0000,    4.420432,     5953.6311,     6080.2867,     6208.6160,     6092.9895,     6219.7783,     6348.2561,     6126.5599,     6253.3866,     6381.9058,
42928                         , 1, 37,   16.2492,   6224.2819,  0.315762,  0.320280,  0.324799,   38.6430,   99.3215,  160.0000,    4.420432,     5950.6899,     6077.3447,     6205.6729,     6091.8410,     6218.6289,     6347.1057,     6125.8420,     6252.6678,     6381.1862,
42928                         , 1, 38,   18.0885,   6212.3213,  0.315762,  0.320280,  0.324799,   38.6430,   99.3215,  160.0000,    4.420432,     5925.1019,     6051.7552,     6180.0793,     6081.9247,     6208.7090,     6337.1814,     6119.6872,     6246.5102,     6375.0252,
42928                         , 1, 39,   18.2997,   6210.0123,  0.315762,  0.320280,  0.324799,   38.6430,   99.3215,  160.0000,    4.420432,     5922.1707,     6048.8242,     6177.1482,     6080.7967,     6207.5809,     6336.0531,     6118.9919,     6245.8149,     6374.3299,
42928                         , 1, 40,   19.0559,   6201.7947,  0.315762,  0.320280,  0.324799,   38.6430,   99.3215,  160.0000,    4.420432,     5911.6759,     6038.3303,     6166.6541,     6076.7672,     6203.5514,     6332.0234,     6116.5136,     6243.3370,     6371.8523,
42928                         , 1, 41,   19.2690,   6200.6099,  0.315762,  0.320280,  0.324799,   38.6430,   99.3215,  160.0000,    4.420432,     5908.7159,     6035.3705,     6163.6943,     6075.6327,     6202.4169,     6330.8888,     6115.8170,     6242.6406,     6371.1559,
42928                         , 1, 42,   19.4808,   6197.2987,  0.315762,  0.320280,  0.324799,   38.6430,   99.3215,  160.0000,    4.420432,     5906.2397,     6033.1590,     6161.7623,     6074.5044,     6201.2887,     6329.7605,     6115.1245,     6241.9483,     6370.4638,
42928                         , 2,  1,    0.0000,   5608.2901,  0.287662,  0.294900,  0.302138,   50.8560,   81.1953,  111.5345,    6.387748,     5411.3566,     5599.3235,     5791.1895,     5411.3566,     5599.3235,     5791.1895,     5411.3566,     5599.3235,     5791.1895,
42928                         , 2,  2,    0.4666,   5604.5530,  0.287662,  0.294900,  0.302138,   50.8560,   81.1953,  111.5345,    6.387748,     5401.2975,     5589.2488,     5781.0960,     5405.0429,     5592.9994,     5784.8529,     5406.7506,     5594.7095,     5786.5658,
42928                         , 2,  3,    0.6666,   5602.4999,  0.287662,  0.294900,  0.302138,   50.8560,   81.1953,  111.5345,    6.387748,     5396.9925,     5584.9375,     5776.7771,     5402.3408,     5590.2930,     5782.1414,     5404.7792,     5592.7347,     5784.5871,
42928                         , 2,  4,    0.8996,   5601.0770,  0.287662,  0.294900,  0.302138,   50.8560,   81.1953,  111.5345,    6.387748,     5391.9809,     5579.9190,     5771.7500,     5399.1951,     5587.1426,     5778.9852,     5402.4841,     5590.4359,     5782.2838,
42928                         , 2,  5,    1.3846,   5596.1829,  0.287662,  0.294900,  0.302138,   50.8560,   81.1953,  111.5345,    6.387748,     5381.5644,     5569.4892,     5761.3037,     5392.6573,     5580.5955,     5772.4267,     5397.7140,     5585.6584,     5777.4974,
42928                         , 2,  6,    1.6870,   5593.5270,  0.287662,  0.294900,  0.302138,   50.8560,   81.1953,  111.5345,    6.387748,     5375.0811,     5562.9984,     5754.8034,     5388.5885,     5576.5213,     5768.3459,     5394.7453,     5582.6854,     5774.5192,
42928                         , 2,  7,    2.4107,   5587.8279,  0.287662,  0.294900,  0.302138,   50.8560,   81.1953,  111.5345,    6.387748,     5359.6051,     5547.5070,     5739.2918,     5378.8775,     5566.7990,     5758.6093,     5387.6607,     5575.5916,     5767.4139,
42928                         , 2,  8,    2.5032,   5586.9346,  0.287662,  0.294900,  0.302138,   50.8560,   81.1953,  111.5345,    6.387748,     5357.6288,     5545.5290,     5737.3114,     5377.6377,     5565.5579,     5757.3665,     5386.7564,     5574.6861,     5766.5071,
42928                         , 2,  9,    2.8348,   5584.1490,  0.287662,  0.294900,  0.302138,   50.8560,   81.1953,  111.5345,    6.387748,     5350.5591,     5538.4536,     5730.2285,     5373.2030,     5561.1188,     5752.9219,     5383.5218,     5571.4479,     5763.2644,
42928                         , 2, 10,    3.4364,   5579.2493,  0.287662,  0.294900,  0.302138,   50.8560,   81.1953,  111.5345,    6.387748,     5337.7575,     5525.6439,     5717.4067,     5365.1756,     5553.0848,     5744.8788,     5377.6681,     5565.5886,     5757.3977,
42928                         , 2, 11,    3.6357,   5578.0955,  0.287662,  0.294900,  0.302138,   50.8560,   81.1953,  111.5345,    6.387748,     5333.5252,     5521.4095,     5713.1690,     5362.5226,     5550.4299,     5742.2213,     5375.7340,     5563.6529,     5755.4598,
42928                         , 2, 12,    3.8478,   5576.5450,  0.287662,  0.294900,  0.302138,   50.8560,   81.1953,  111.5345,    6.387748,     5329.0240,     5516.9063,     5708.6625,     5359.7014,     5547.6070,     5739.3958,     5373.6776,     5561.5949,     5753.3996,
42928                         , 2, 13,    4.7718,   5569.8653,  0.287662,  0.294900,  0.302138,   50.8560,   81.1953,  111.5345,    6.387748,     5309.4564,     5497.3334,     5689.0787,     5347.4444,     5535.3444,     5727.1240,     5364.7472,     5552.6593,     5744.4563,
42928                         , 2, 14,    5.0178,   5567.0655,  0.287662,  0.294900,  0.302138,   50.8560,   81.1953,  111.5345,    6.387748,     5304.2568,     5492.1333,     5683.8766,     5344.1895,     5532.0884,     5723.8663,     5362.3769,     5550.2880,     5742.0834,
42928                         , 2, 15,    5.6849,   5560.6670,  0.287662,  0.294900,  0.302138,   50.8560,   81.1953,  111.5345,    6.387748,     5290.1691,     5478.0455,     5669.7846,     5335.3749,     5523.2722,     5715.0459,     5355.9606,     5543.8699,     5735.6616,
42928                         , 2, 16,    5.7978,   5559.5709,  0.287662,  0.294900,  0.302138,   50.8560,   81.1953,  111.5345,    6.387748,     5287.7867,     5475.6633,     5667.4018,     5333.8850,     5521.7821,     5713.5552,     5354.8764,     5542.7854,     5734.5767,
42928                         , 2, 17,    6.0373,   5557.2907,  0.287662,  0.294900,  0.302138,   50.8560,   81.1953,  111.5345,    6.387748,     5282.7348,     5470.6119,     5662.3495,     5330.7260,     5518.6229,     5710.3949,     5352.5781,     5540.4868,     5732.2771,
42928                         , 2, 18,    6.5999,   5551.3448,  0.287662,  0.294900,  0.302138,   50.8560,   81.1953,  111.5345,    6.387748,     5270.8688,     5458.7479,     5650.4840,     5323.3096,     5511.2064,     5702.9762,     5347.1844,     5535.0926,     5726.8809,
42928                         , 2, 19,    6.8206,   5549.6460,  0.287662,  0.294900,  0.302138,   50.8560,   81.1953,  111.5345,    6.387748,     5266.2124,     5454.0924,     5645.8282,     5320.4005,     5508.2974,     5700.0664,     5345.0695,     5532.9775,     5724.7652,
42928                         , 2, 20,    7.5188,   5542.8748,  0.287662,  0.294900,  0.302138,   50.8560,   81.1953,  111.5345,    6.387748,     5251.4823,     5439.3660,     5631.1009,     5311.2021,     5499.0995,     5690.8666,     5338.3846,     5526.2927,     5718.0785,
42928                         , 2, 21,    7.7309,   5540.9437,  0.287662,  0.294900,  0.302138,   50.8560,   81.1953,  111.5345,    6.387748,     5247.0044,     5434.8893,     5626.6240,     5308.4070,     5496.3047,     5688.0712,     5336.3539,     5524.2621,     5716.0475,
42928                         , 2, 22,    8.5385,   5535.5197,  0.287662,  0.294900,  0.302138,   50.8560,   81.1953,  111.5345,    6.387748,     5229.9364,     5417.8258,     5609.5598,     5297.7574,     5485.6559,     5677.4202,     5328.6195,     5516.5279,     5708.3114,
42928                         , 2, 23,    8.7530,   5533.0673,  0.287662,  0.294900,  0.302138,   50.8560,   81.1953,  111.5345,    6.387748,     5225.3961,     5413.2867,     5605.0203,     5294.9254,     5482.8241,     5674.5878,     5326.5633,     5514.4718,     5706.2547,
42928                         , 2, 24,    8.8680,   5532.1077,  0.287662,  0.294900,  0.302138,   50.8560,   81.1953,  111.5345,    6.387748,     5222.9605,     5410.8515,     5602.5851,     5293.4063,     5481.3051,     5673.0684,     5325.4604,     5513.3689,     5705.1515,
42928                         , 2, 25,    9.7658,   5524.0347,  0.287662,  0.294900,  0.302138,   50.8560,   81.1953,  111.5345,    6.387748,     5203.9145,     5391.8095,     5583.5407,     5281.5302,     5469.4290,     5661.1887,     5316.8392,     5504.7472,     5696.5270,
42928                         , 2, 26,   10.1141,   5522.6508,  0.287662,  0.294900,  0.302138,   50.8560,   81.1953,  111.5345,    6.387748,     5196.5097,     5384.4059,     5576.1360,     5276.9139,     5464.8122,     5656.5702,     5313.4883,     5501.3959,     5693.1742,
42928                         , 2, 27,   10.5844,   5518.3739,  0.287662,  0.294900,  0.302138,   50.8560,   81.1953,  111.5345,    6.387748,     5186.4913,     5374.3895,     5566.1177,     5270.6690,     5458.5666,     5650.3218,     5308.9552,     5496.8619,     5688.6380,
42928                         , 2, 28,   10.7951,   5517.1710,  0.287662,  0.294900,  0.302138,   50.8560,   81.1953,  111.5345,    6.387748,     5181.9971,     5369.8959,     5561.6232,     5267.8678,     5455.7648,     5647.5186,     5306.9217,     5494.8278,     5686.6027,
42928                         , 2, 29,   11.5980,   5509.4465,  0.287662,  0.294900,  0.302138,   50.8560,   81.1953,  111.5345,    6.387748,     5164.8331,     5352.7338,     5544.4570,     5257.1693,     5445.0640,     5636.8118,     5299.1543,     5487.0577,     5678.8275,
42928                         , 2, 30,   11.8170,   5508.3094,  0.287662,  0.294900,  0.302138,   50.8560,   81.1953,  111.5345,    6.387748,     5160.1424,     5348.0435,     5539.7653,     5254.2453,     5442.1391,     5633.8852,     5297.0310,     5484.9335,     5676.7016,
42928                         , 2, 31,   12.7322,   5499.9455,  0.287662,  0.294900,  0.302138,   50.8560,   81.1953,  111.5345,    6.387748,     5140.5051,     5328.4070,     5520.1226,     5242.0006,     5429.8903,     5621.6281,     5288.1365,     5476.0345,     5667.7953,
42928                         , 2, 32,   12.8347,   5499.1411,  0.287662,  0.294900,  0.302138,   50.8560,   81.1953,  111.5345,    6.387748,     5138.3031,     5326.2051,     5517.9200,     5240.6272,     5428.5164,     5620.2532,     5287.1385,     5475.0360,     5666.7958,
42928                         , 2, 33,   13.7411,   5489.5557,  0.287662,  0.294900,  0.302138,   50.8560,   81.1953,  111.5345,    6.387748,     5118.8150,     5306.7182,     5498.4271,     5228.4694,     5416.3536,     5608.0814,     5278.3006,     5466.1926,     5657.9438,
42928                         , 2, 34,   14.6483,   5480.8454,  0.287662,  0.294900,  0.302138,   50.8560,   81.1953,  111.5345,    6.387748,     5099.3046,     5287.2112,     5478.9160,     5216.2924,     5404.1721,     5595.8909,     5269.4423,     5457.3281,     5649.0703,
42928                         , 2, 35,   14.7582,   5479.9645,  0.287662,  0.294900,  0.302138,   50.8560,   81.1953,  111.5345,    6.387748,     5096.9419,     5284.8491,     5476.5537,     5214.8175,     5402.6967,     5594.4143,     5268.3689,     5456.2540,     5647.9950,
42928                         , 2, 36,   15.3405,   5474.5044,  0.287662,  0.294900,  0.302138,   50.8560,   81.1953,  111.5345,    6.387748,     5084.4373,     5272.3490,     5464.0533,     5207.0107,     5394.8872,     5586.5997,     5262.6861,     5450.5675,     5642.3030,
42928                         , 2, 37,   15.5602,   5471.6562,  0.287662,  0.294900,  0.302138,   50.8560,   81.1953,  111.5345,    6.387748,     5079.7248,     5267.6386,     5459.3434,     5204.0682,     5391.9440,     5583.6547,     5260.5438,     5448.4239,     5640.1575,
42928                         , 2, 38,   15.7747,   5470.4871,  0.287662,  0.294900,  0.302138,   50.8560,   81.1953,  111.5345,    6.387748,     5075.1263,     5263.0426,     5454.7479,     5201.1967,     5389.0720,     5580.7811,     5258.4531,     5446.3322,     5638.0639,
42928                         , 2, 39,   16.0200,   5468.5823,  0.287662,  0.294900,  0.302138,   50.8560,   81.1953,  111.5345,    6.387748,     5069.8723,     5257.7919,     5449.4978,     5197.9159,     5385.7908,     5577.4984,     5256.0644,     5443.9423,     5635.6720,
42928                         , 2, 40,   16.3570,   5465.7827,  0.287662,  0.294900,  0.302138,   50.8560,   81.1953,  111.5345,    6.387748,     5062.6656,     5250.5897,     5442.2974,     5193.4160,     5381.2905,     5572.9965,     5252.7879,     5440.6645,     5632.3919,
42928                         , 2, 41,   16.5759,   5463.3898,  0.287662,  0.294900,  0.302138,   50.8560,   81.1953,  111.5345,    6.387748,     5057.9893,     5245.9167,     5437.6260,     5190.4964,     5378.3711,     5570.0761,     5250.6624,     5438.5383,     5630.2643,
42928                         , 2, 42,   16.7908,   5461.5516,  0.287662,  0.294900,  0.302138,   50.8560,   81.1953,  111.5345,    6.387748,     5053.4011,     5241.3322,     5433.0433,     5187.6322,     5375.5074,     5567.2117,     5248.5773,     5436.4527,     5628.1776,
42928                         , 2, 43,   17.2673,   5457.4467,  0.287662,  0.294900,  0.302138,   50.8560,   81.1953,  111.5345,    6.387748,     5043.2477,     5231.1881,     5422.9049,     5181.2963,     5369.1729,     5560.8768,     5243.9658,     5431.8407,     5623.5635,
42928                         , 2, 44,   17.5909,   5454.4843,  0.287662,  0.294900,  0.302138,   50.8560,   81.1953,  111.5345,    6.387748,     5036.3656,     5224.3135,     5416.0352,     5177.0037,     5364.8822,     5556.5863,     5240.8426,     5428.7176,     5620.4396,
42928                         , 2, 45,   18.3821,   5447.8889,  0.287662,  0.294900,  0.302138,   50.8560,   81.1953,  111.5345,    6.387748,     5019.5787,     5207.5482,     5399.2853,     5166.5422,     5354.4270,     5546.1342,     5233.2359,     5421.1130,     5612.8347,
42928                         , 2, 46,   19.4026,   5438.0711,  0.287662,  0.294900,  0.302138,   50.8560,   81.1953,  111.5345,    6.387748,     4997.9933,     5185.9967,     5377.7599,     5153.1123,     5341.0095,     5532.7249,     5223.4841,     5411.3673,     5603.0924,
42928                         , 2, 47,   19.7226,   5435.2772,  0.287662,  0.294900,  0.302138,   50.8560,   81.1953,  111.5345,    6.387748,     4993.0417,     5180.9616,     5372.6737,     5148.9100,     5336.8118,     5528.5305,     5220.4360,     5408.3219,     5600.0486,
42928                         , 2, 48,   19.8337,   5434.2471,  0.287662,  0.294900,  0.302138,   50.8560,   81.1953,  111.5345,    6.387748,     4993.0417,     5180.9616,     5372.6737,     5148.3609,     5336.2228,     5527.9223,     5219.4816,     5407.3443,     5599.0628,
42928                         , 3,  1,    0.0000,   5427.6526,  0.280294,  0.286411,  0.292528,   35.6864,   81.1953,  126.7041,    1.155043,     5236.3147,     5391.8496,     5550.0742,     5236.3147,     5391.8496,     5550.0742,     5236.3147,     5391.8496,     5550.0742,
42928                         , 3,  2,    0.2119,   5426.1718,  0.280294,  0.286411,  0.292528,   35.6864,   81.1953,  126.7041,    1.155043,     5232.4915,     5388.0221,     5546.2415,     5234.6208,     5390.1533,     5548.3751,     5235.2206,     5390.7535,     5548.9760,
42928                         , 3,  3,    0.4308,   5424.0529,  0.280294,  0.286411,  0.292528,   35.6864,   81.1953,  126.7041,    1.155043,     5228.5475,     5384.0741,     5542.2885,     5232.8744,     5388.4045,     5546.6235,     5234.0929,     5389.6241,     5547.8444,
42928                         , 3,  4,    1.0114,   5418.9260,  0.280294,  0.286411,  0.292528,   35.6864,   81.1953,  126.7041,    1.155043,     5218.1157,     5373.6329,     5531.8356,     5228.2604,     5383.7851,     5541.9976,     5231.1170,     5386.6439,     5544.8592,
42928                         , 3,  5,    2.0208,   5409.7341,  0.280294,  0.286411,  0.292528,   35.6864,   81.1953,  126.7041,    1.155043,     5200.0648,     5355.5700,     5513.7566,     5220.2989,     5375.8167,     5534.0205,     5225.9950,     5381.5166,     5539.7255,
42928                         , 3,  6,    2.5798,   5403.9001,  0.280294,  0.286411,  0.292528,   35.6864,   81.1953,  126.7041,    1.155043,     5190.1013,     5345.6020,     5503.7816,     5215.9175,     5371.4328,     5529.6331,     5223.1841,     5378.7040,     5536.9104,
42928                         , 3,  7,    2.8200,   5402.0723,  0.280294,  0.286411,  0.292528,   35.6864,   81.1953,  126.7041,    1.155043,     5185.8241,     5341.3230,     5499.5000,     5214.0394,     5369.5537,     5527.7527,     5221.9808,     5377.5000,     5535.7056,
42928                         , 3,  8,    3.0925,   5399.6294,  0.280294,  0.286411,  0.292528,   35.6864,   81.1953,  126.7041,    1.155043,     5180.9741,     5336.4714,     5494.6455,     5211.9116,     5367.4251,     5525.6227,     5220.6186,     5376.1373,     5534.3420,
42928                         , 3,  9,    3.1221,   5399.5233,  0.280294,  0.286411,  0.292528,   35.6864,   81.1953,  126.7041,    1.155043,     5180.4470,     5335.9440,     5494.1179,     5211.6805,     5367.1939,     5525.3914,     5220.4707,     5375.9893,     5534.1940,
42928                         , 3, 10,    3.7206,   5394.0270,  0.280294,  0.286411,  0.292528,   35.6864,   81.1953,  126.7041,    1.155043,     5169.7971,     5325.2908,     5483.4589,     5207.0145,     5362.5264,     5520.7213,     5217.4873,     5373.0051,     5531.2083,
42928                         , 3, 11,    3.9336,   5392.7990,  0.280294,  0.286411,  0.292528,   35.6864,   81.1953,  126.7041,    1.155043,     5166.0060,     5321.4987,     5479.6647,     5205.3553,     5360.8666,     5519.0607,     5216.4273,     5371.9449,     5530.1476,
42928                         , 3, 12,    4.1319,   5391.1088,  0.280294,  0.286411,  0.292528,   35.6864,   81.1953,  126.7041,    1.155043,     5162.4765,     5317.9682,     5476.1324,     5203.8111,     5359.3221,     5517.5153,     5215.4412,     5370.9586,     5529.1609,
42928                         , 3, 13,    4.4757,   5388.0899,  0.280294,  0.286411,  0.292528,   35.6864,   81.1953,  126.7041,    1.155043,     5156.3532,     5311.8432,     5470.0044,     5201.1334,     5356.6437,     5514.8356,     5213.7319,     5369.2490,     5527.4507,
42928                         , 3, 14,    4.7606,   5385.5067,  0.280294,  0.286411,  0.292528,   35.6864,   81.1953,  126.7041,    1.155043,     5151.2746,     5306.7634,     5464.9222,     5198.9138,     5354.4234,     5512.6142,     5212.3155,     5367.8324,     5526.0335,
42928                         , 3, 15,    4.9416,   5383.7708,  0.280294,  0.286411,  0.292528,   35.6864,   81.1953,  126.7041,    1.155043,     5148.0454,     5303.5336,     5461.6908,     5197.5030,     5353.0122,     5511.2023,     5211.4153,     5366.9320,     5525.1328,
42928                         , 3, 16,    5.0921,   5382.4412,  0.280294,  0.286411,  0.292528,   35.6864,   81.1953,  126.7041,    1.155043,     5145.3594,     5300.8469,     5459.0028,     5196.3297,     5351.8385,     5510.0280,     5210.6667,     5366.1833,     5524.3838,
42928                         , 3, 17,    5.9498,   5374.7967,  0.280294,  0.286411,  0.292528,   35.6864,   81.1953,  126.7041,    1.155043,     5130.0230,     5285.5060,     5443.6538,     5189.6309,     5345.1376,     5503.3233,     5206.3929,     5361.9086,     5520.1071,
42928                         , 3, 18,    6.1471,   5373.0445,  0.280294,  0.286411,  0.292528,   35.6864,   81.1953,  126.7041,    1.155043,     5126.4872,     5281.9691,     5440.1148,     5188.0863,     5343.5924,     5501.7771,     5205.4072,     5360.9225,     5519.1206,
42928                         , 3, 19,    6.9572,   5365.3229,  0.280294,  0.286411,  0.292528,   35.6864,   81.1953,  126.7041,    1.155043,     5111.9417,     5267.4183,     5425.5550,     5181.7297,     5337.2326,     5495.4128,     5201.3483,     5356.8618,     5515.0572,
42928                         , 3, 20,    7.0561,   5363.3290,  0.280294,  0.286411,  0.292528,   35.6864,   81.1953,  126.7041,    1.155043,     5110.1619,     5265.6378,     5423.7733,     5180.9515,     5336.4540,     5494.6335,     5200.8510,     5356.3643,     5514.5593,
42928                         , 3, 21,    7.9618,   5354.5804,  0.280294,  0.286411,  0.292528,   35.6864,   81.1953,  126.7041,    1.155043,     5093.8452,     5249.3142,     5407.4386,     5173.8124,     5329.3104,     5487.4836,     5196.2857,     5351.7960,     5509.9868,
42928                         , 3, 22,    8.0668,   5353.5773,  0.280294,  0.286411,  0.292528,   35.6864,   81.1953,  126.7041,    1.155043,     5091.9502,     5247.4184,     5405.5415,     5172.9827,     5328.4800,     5486.6525,     5195.7546,     5351.2645,     5509.4548,
42928                         , 3, 23,    8.6860,   5347.5820,  0.280294,  0.286411,  0.292528,   35.6864,   81.1953,  126.7041,    1.155043,     5080.7694,     5236.2328,     5394.3480,     5168.0843,     5323.5780,     5481.7455,     5192.6171,     5348.1243,     5506.3111,
42928                         , 3, 24,    8.8596,   5346.8267,  0.280294,  0.286411,  0.292528,   35.6864,   81.1953,  126.7041,    1.155043,     5077.6342,     5233.0962,     5391.2093,     5166.7099,     5322.2025,     5480.3686,     5191.7361,     5347.2425,     5505.4283,
42928                         , 3, 25,    9.0674,   5345.5491,  0.280294,  0.286411,  0.292528,   35.6864,   81.1953,  126.7041,    1.155043,     5073.8785,     5229.3389,     5387.4494,     5165.0631,     5320.5543,     5478.7186,     5190.6800,     5346.1854,     5504.3699,
42928                         , 3, 26,    9.9715,   5337.4199,  0.280294,  0.286411,  0.292528,   35.6864,   81.1953,  126.7041,    1.155043,     5057.5341,     5212.9885,     5371.0884,     5157.8904,     5313.3757,     5471.5322,     5186.0760,     5341.5765,     5499.7551,
42928                         , 3, 27,   10.0715,   5336.5183,  0.280294,  0.286411,  0.292528,   35.6864,   81.1953,  126.7041,    1.155043,     5055.7263,     5211.1801,     5369.2789,     5157.0966,     5312.5811,     5470.7368,     5185.5660,     5341.0660,     5499.2439,
42928                         , 3, 28,   10.9749,   5328.7065,  0.280294,  0.286411,  0.292528,   35.6864,   81.1953,  126.7041,    1.155043,     5039.4078,     5194.8576,     5352.9480,     5149.9271,     5305.4058,     5463.5538,     5180.9567,     5336.4516,     5494.6234,
42928                         , 3, 29,   11.6417,   5322.8101,  0.280294,  0.286411,  0.292528,   35.6864,   81.1953,  126.7041,    1.155043,     5027.3815,     5182.8301,     5340.9159,     5144.6406,     5300.1152,     5458.2578,     5177.5545,     5333.0457,     5491.2127,
42928                         , 3, 30,   11.8701,   5320.7395,  0.280294,  0.286411,  0.292528,   35.6864,   81.1953,  126.7041,    1.155043,     5023.2669,     5178.7154,     5336.8001,     5142.8313,     5298.3047,     5456.4454,     5176.3896,     5331.8795,     5490.0450,
42928                         , 3, 31,   12.0774,   5318.1162,  0.280294,  0.286411,  0.292528,   35.6864,   81.1953,  126.7041,    1.155043,     5019.5366,     5174.9853,     5333.0692,     5141.1909,     5296.6630,     5454.8022,     5175.3333,     5330.8221,     5488.9862,
42928                         , 3, 32,   12.9818,   5308.3510,  0.280294,  0.286411,  0.292528,   35.6864,   81.1953,  126.7041,    1.155043,     5003.2913,     5158.7429,     5316.8248,     5134.0458,     5289.5136,     5447.6466,     5170.7321,     5326.2164,     5484.3749,
42928                         , 3, 33,   13.0789,   5307.3729,  0.280294,  0.286411,  0.292528,   35.6864,   81.1953,  126.7041,    1.155043,     5001.5503,     5157.0023,     5315.0840,     5133.2801,     5288.7475,     5446.8799,     5170.2390,     5325.7229,     5483.8808,
42928                         , 3, 34,   13.5266,   5303.4346,  0.280294,  0.286411,  0.292528,   35.6864,   81.1953,  126.7041,    1.155043,     4993.5327,     5148.9867,     5307.0683,     5129.7548,     5285.2206,     5443.3505,     5167.9693,     5323.4513,     5481.6068,
42928                         , 3, 35,   13.9800,   5299.4171,  0.280294,  0.286411,  0.292528,   35.6864,   81.1953,  126.7041,    1.155043,     4985.4271,     5140.8842,     5298.9666,     5126.1929,     5281.6575,     5439.7854,     5165.6769,     5321.1573,     5479.3106,
42928                         , 3, 36,   14.0799,   5298.4315,  0.280294,  0.286411,  0.292528,   35.6864,   81.1953,  126.7041,    1.155043,     4983.6424,     5139.1003,     5297.1830,     5125.4090,     5280.8734,     5439.0008,     5165.1725,     5320.6525,     5478.8054,
42928                         , 3, 37,   14.9801,   5290.1642,  0.280294,  0.286411,  0.292528,   35.6864,   81.1953,  126.7041,    1.155043,     4967.5954,     5123.0624,     5281.1499,     5118.3669,     5273.8303,     5431.9551,     5160.6446,     5316.1225,     5474.2722,
42928                         , 3, 38,   15.0798,   5289.0343,  0.280294,  0.286411,  0.292528,   35.6864,   81.1953,  126.7041,    1.155043,     4965.8209,     5121.2891,     5279.3774,     5117.5890,     5273.0524,     5431.1770,     5160.1448,     5315.6226,     5473.7720,
42928                         , 3, 39,   15.7626,   5282.9713,  0.280294,  0.286411,  0.292528,   35.6864,   81.1953,  126.7041,    1.155043,     4953.6862,     5109.1639,     5267.2585,     5112.2744,     5267.7384,     5425.8623,     5156.7332,     5312.2103,     5470.3583,
42928                         , 3, 40,   15.9724,   5283.2337,  0.280294,  0.286411,  0.292528,   35.6864,   81.1953,  126.7041,    1.155043,     4949.9628,     5105.4438,     5263.5407,     5110.6456,     5266.1099,     5424.2339,     5155.6885,     5311.1657,     5469.3134,
42928                         , 3, 41,   16.9782,   5271.7942,  0.280294,  0.286411,  0.292528,   35.6864,   81.1953,  126.7041,    1.155043,     4932.1375,     5087.6365,     5245.7466,     5102.8608,     5258.3281,     5416.4531,     5150.7029,     5306.1808,     5464.3283,
42928                         , 3, 42,   17.0775,   5270.6404,  0.280294,  0.286411,  0.292528,   35.6864,   81.1953,  126.7041,    1.155043,     4930.3781,     5085.8790,     5243.9906,     5102.0936,     5257.5612,     5415.6865,     5150.2122,     5305.6903,     5463.8378,
42928                         , 3, 43,   17.6953,   5266.3117,  0.280294,  0.286411,  0.292528,   35.6864,   81.1953,  126.7041,    1.155043,     4919.4422,     5074.9557,     5233.0769,     5097.3296,     5252.7999,     5410.9268,     5147.1678,     5302.6472,     5460.7954,
42928                         , 3, 44,   17.9760,   5263.9650,  0.280294,  0.286411,  0.292528,   35.6864,   81.1953,  126.7041,    1.155043,     4914.4732,     5069.9926,     5228.1184,     5095.1675,     5250.6392,     5408.7670,     5145.7875,     5301.2677,     5459.4164,
42928                         , 3, 45,   18.0755,   5263.1383,  0.280294,  0.286411,  0.292528,   35.6864,   81.1953,  126.7041,    1.155043,     4912.7124,     5068.2339,     5226.3614,     5094.4017,     5249.8739,     5408.0020,     5145.2989,     5300.7793,     5458.9282,
42928                         , 3, 46,   18.6926,   5257.8002,  0.280294,  0.286411,  0.292528,   35.6864,   81.1953,  126.7041,    1.155043,     4901.7870,     5057.3221,     5215.4601,     5089.6541,     5245.1297,     5403.2600,     5142.2715,     5297.7539,     5455.9040,
42928                         , 3, 47,   18.8656,   5256.3257,  0.280294,  0.286411,  0.292528,   35.6864,   81.1953,  126.7041,    1.155043,     4898.7231,     5054.2620,     5212.4030,     5088.3238,     5243.8003,     5401.9314,     5141.4238,     5296.9068,     5455.0574,
42928                         , 3, 48,   19.0725,   5254.5583,  0.280294,  0.286411,  0.292528,   35.6864,   81.1953,  126.7041,    1.155043,     4895.0579,     5050.6015,     5208.7461,     5086.7330,     5242.2107,     5400.3425,     5140.4104,     5295.8942,     5454.0453,
42928                         , 3, 49,   19.5207,   5250.6905,  0.280294,  0.286411,  0.292528,   35.6864,   81.1953,  126.7041,    1.155043,     4887.1110,     5042.6645,     5200.8169,     5083.2856,     5238.7658,     5396.8995,     5138.2154,     5293.7007,     5451.8530,
42928                         , 3, 50,   19.9613,   5247.0532,  0.280294,  0.286411,  0.292528,   35.6864,   81.1953,  126.7041,    1.155043,     4882.0250,     5036.5529,     5195.4316,     5079.8948,     5235.3775,     5393.5129,     5136.0574,     5291.5443,     5449.6977,
42928                         , 4,  1,    0.0000,   5246.0844,  0.273801,  0.279613,  0.285425,   52.1292,   74.8837,   97.6381,    0.927419,     5075.0433,     5220.1220,     5367.5606,     5075.0433,     5220.1220,     5367.5606,     5075.0433,     5220.1220,     5367.5606,
42928                         , 4,  2,    0.5532,   5241.4342,  0.273801,  0.279613,  0.285425,   52.1292,   74.8837,   97.6381,    0.927419,     5068.0945,     5213.1681,     5360.6001,     5070.1981,     5215.2729,     5362.7066,     5071.3212,     5216.3966,     5363.8312,
42928                         , 4,  3,    0.7939,   5239.3586,  0.273801,  0.279613,  0.285425,   52.1292,   74.8837,   97.6381,    0.927419,     5065.0758,     5210.1475,     5357.5769,     5068.0944,     5213.1677,     5360.5995,     5069.7059,     5214.7801,     5362.2131,
42928                         , 4,  4,    0.9920,   5237.6496,  0.273801,  0.279613,  0.285425,   52.1292,   74.8837,   97.6381,    0.927419,     5062.5943,     5207.6645,     5355.0920,     5066.3656,     5211.4379,     5358.8682,     5068.3789,     5213.4522,     5360.8841,
42928                         , 4,  5,    1.4363,   5233.8125,  0.273801,  0.279613,  0.285425,   52.1292,   74.8837,   97.6381,    0.927419,     5057.0348,     5202.1022,     5349.5256,     5062.4943,     5207.5644,     5354.9918,     5065.4086,     5210.4803,     5357.9097,
42928                         , 4,  6,    1.8930,   5229.7963,  0.273801,  0.279613,  0.285425,   52.1292,   74.8837,   97.6381,    0.927419,     5051.3276,     5196.3925,     5343.8122,     5058.5228,     5203.5912,     5351.0159,     5062.3635,     5207.4337,     5354.8611,
42928                         , 4,  7,    2.4265,   5225.1448,  0.273801,  0.279613,  0.285425,   52.1292,   74.8837,   97.6381,    0.927419,     5044.6660,     5189.7286,     5337.1444,     5053.8906,     5198.9573,     5346.3793,     5058.8140,     5203.8831,     5351.3085,
42928                         , 4,  8,    2.8860,   5221.5084,  0.273801,  0.279613,  0.285425,   52.1292,   74.8837,   97.6381,    0.927419,     5038.9301,     5183.9908,     5331.4035,     5049.9046,     5194.9700,     5342.3900,     5055.7616,     5200.8298,     5348.2538,
42928                         , 4,  9,    3.4233,   5217.5651,  0.273801,  0.279613,  0.285425,   52.1292,   74.8837,   97.6381,    0.927419,     5032.2196,     5177.2783,     5324.6875,     5045.2439,     5190.3080,     5337.7257,     5052.1944,     5197.2617,     5344.6841,
42928                         , 4, 10,    3.8791,   5212.9168,  0.273801,  0.279613,  0.285425,   52.1292,   74.8837,   97.6381,    0.927419,     5026.5220,     5171.5788,     5318.9850,     5041.2881,     5186.3512,     5333.7669,     5049.1678,     5194.2345,     5341.6555,
42928                         , 4, 11,    4.4126,   5208.5248,  0.273801,  0.279613,  0.285425,   52.1292,   74.8837,   97.6381,    0.927419,     5019.8425,     5164.8969,     5312.2994,     5036.6517,     5181.7133,     5329.1265,     5045.6210,     5190.6867,     5338.1061,
42928                         , 4, 12,    4.8710,   5204.7202,  0.273801,  0.279613,  0.285425,   52.1292,   74.8837,   97.6381,    0.927419,     5014.0899,     5159.1421,     5306.5408,     5032.6586,     5177.7188,     5325.1295,     5042.5661,     5187.6310,     5335.0486,
42928                         , 4, 13,    5.8631,   5196.8349,  0.273801,  0.279613,  0.285425,   52.1292,   74.8837,   97.6381,    0.927419,     5001.5926,     5146.6385,     5294.0280,     5023.9801,     5169.0357,     5316.4400,     5035.9235,     5180.9851,     5328.3980,
42928                         , 4, 14,    5.9671,   5195.9825,  0.273801,  0.279613,  0.285425,   52.1292,   74.8837,   97.6381,    0.927419,     5000.2789,     5145.3240,     5292.7124,     5023.0673,     5168.1223,     5315.5258,     5035.2244,     5180.2855,     5327.6978,
42928                         , 4, 15,    6.5052,   5191.3232,  0.273801,  0.279613,  0.285425,   52.1292,   74.8837,   97.6381,    0.927419,     4993.4688,     5138.5096,     5285.8921,     5018.3332,     5163.3849,     5310.7840,     5031.5969,     5176.6553,     5324.0642,
42928                         , 4, 16,    6.7427,   5189.4515,  0.273801,  0.279613,  0.285425,   52.1292,   74.8837,   97.6381,    0.927419,     4990.4578,     5135.4965,     5282.8761,     5016.2388,     5161.2889,     5308.6858,     5029.9910,     5175.0480,     5322.4551,
42928                         , 4, 17,    6.9521,   5188.0948,  0.273801,  0.279613,  0.285425,   52.1292,   74.8837,   97.6381,    0.927419,     4987.7998,     5132.8366,     5280.2137,     5014.3892,     5159.4377,     5306.8327,     5028.5722,     5173.6280,     5321.0335,
42928                         , 4, 18,    7.4951,   5183.7097,  0.273801,  0.279613,  0.285425,   52.1292,   74.8837,   97.6381,    0.927419,     4980.9000,     5125.9317,     5273.3020,     5009.5848,     5154.6290,     5302.0185,     5024.8843,     5169.9364,     5317.3373,
42928                         , 4, 19,    7.9422,   5180.3255,  0.273801,  0.279613,  0.285425,   52.1292,   74.8837,   97.6381,    0.927419,     4975.2134,     5120.2409,     5267.6055,     5005.6218,     5150.6623,     5298.0471,     5021.8396,     5166.8884,     5314.2852,
42928                         , 4, 20,    8.4845,   5176.0561,  0.273801,  0.279613,  0.285425,   52.1292,   74.8837,   97.6381,    0.927419,     4968.3166,     5113.3392,     5260.6971,     5000.8117,     5145.8476,     5293.2266,     5018.1410,     5163.1856,     5310.5773,
42928                         , 4, 21,    8.9389,   5172.5680,  0.273801,  0.279613,  0.285425,   52.1292,   74.8837,   97.6381,    0.927419,     4962.5410,     5107.5598,     5254.9126,     4996.7811,     5141.8132,     5289.1875,     5015.0398,     5160.0808,     5307.4682,
42928                         , 4, 22,    9.4432,   5168.7701,  0.273801,  0.279613,  0.285425,   52.1292,   74.8837,   97.6381,    0.927419,     4956.1441,     5101.1595,     5248.5072,     4992.3152,     5137.3436,     5284.7131,     5011.6021,     5156.6394,     5304.0222,
42928                         , 4, 23,    9.9276,   5164.6711,  0.273801,  0.279613,  0.285425,   52.1292,   74.8837,   97.6381,    0.927419,     4950.0153,     5095.0282,     5242.3720,     4988.0358,     5133.0611,     5280.4264,     5008.3072,     5153.3412,     5300.7200,
42928                         , 4, 24,   10.4576,   5160.5980,  0.273801,  0.279613,  0.285425,   52.1292,   74.8837,   97.6381,    0.927419,     4943.3339,     5088.3454,     5235.6862,     4983.3710,     5128.3938,     5275.7555,     5004.7156,     5149.7468,     5297.1218,
42928                         , 4, 25,   10.9135,   5156.9448,  0.273801,  0.279613,  0.285425,   52.1292,   74.8837,   97.6381,    0.927419,     4937.6085,     5082.6199,     5229.9591,     4979.3750,     5124.3963,     5271.7556,     5001.6397,     5146.6690,     5294.0414,
42928                         , 4, 26,   11.4489,   5152.9534,  0.273801,  0.279613,  0.285425,   52.1292,   74.8837,   97.6381,    0.927419,     4930.9130,     5075.9255,     5223.2644,     4974.7042,     5119.7249,     5267.0825,     4998.0461,     5143.0740,     5290.4442,
42928                         , 4, 27,   11.9049,   5149.3957,  0.273801,  0.279613,  0.285425,   52.1292,   74.8837,   97.6381,    0.927419,     4925.2339,     5070.2488,     5217.5885,     4970.7454,     5115.7665,     5263.1234,     4995.0022,     5140.0296,     5287.3986,
42928                         , 4, 28,   12.3363,   5145.8851,  0.273801,  0.279613,  0.285425,   52.1292,   74.8837,   97.6381,    0.927419,     4919.8807,     5064.8985,     5212.2402,     4967.0163,     5112.0383,     5259.3955,     4992.1366,     5137.1642,     5284.5327,
42928                         , 4, 29,   12.5450,   5144.3744,  0.273801,  0.279613,  0.285425,   52.1292,   74.8837,   97.6381,    0.927419,     4917.2976,     5062.3171,     5209.6600,     4965.2179,     5110.2406,     5257.5982,     4990.7554,     5135.7832,     5283.1518,
42928                         , 4, 30,   12.7811,   5142.2584,  0.273801,  0.279613,  0.285425,   52.1292,   74.8837,   97.6381,    0.927419,     4914.3787,     5059.4006,     5206.7450,     4963.1865,     5108.2102,     5255.5684,     4989.1958,     5134.2240,     5281.5928,
42928                         , 4, 31,   13.3221,   5138.3934,  0.273801,  0.279613,  0.285425,   52.1292,   74.8837,   97.6381,    0.927419,     4907.7062,     5052.7340,     5200.0830,     4958.5458,     5103.5725,     5250.9326,     4985.6350,     5130.6650,     5278.0344,
42928                         , 4, 32,   13.5334,   5136.7749,  0.273801,  0.279613,  0.285425,   52.1292,   74.8837,   97.6381,    0.927419,     4905.1065,     5050.1369,     5197.4880,     4956.7389,     5101.7670,     5249.1281,     4984.2494,     5129.2802,     5276.6499,
42928                         , 4, 33,   13.7657,   5135.0677,  0.273801,  0.279613,  0.285425,   52.1292,   74.8837,   97.6381,    0.927419,     4902.2495,     5047.2830,     5194.6364,     4954.7538,     5099.7836,     5247.1459,     4982.7277,     5127.7594,     5275.1297,
42928                         , 4, 34,   13.8722,   5134.2864,  0.273801,  0.279613,  0.285425,   52.1292,   74.8837,   97.6381,    0.927419,     4900.9417,     5045.9766,     5193.3311,     4953.8453,     5098.8759,     5246.2387,     4982.0314,     5127.0636,     5274.4341,
42928                         , 4, 35,   14.5156,   5129.0850,  0.273801,  0.279613,  0.285425,   52.1292,   74.8837,   97.6381,    0.927419,     4893.0445,     5038.0887,     5185.4508,     4948.3627,     5093.3986,     5240.7649,     4977.8316,     5122.8668,     5270.2391,
42928                         , 4, 36,   15.3940,   5122.4410,  0.273801,  0.279613,  0.285425,   52.1292,   74.8837,   97.6381,    0.927419,     4882.2770,     5027.3349,     5174.7084,     4940.8942,     5085.9382,     5233.3104,     4972.1154,     5117.1554,     5264.5312,
42928                         , 4, 37,   15.8472,   5118.3103,  0.273801,  0.279613,  0.285425,   52.1292,   74.8837,   97.6381,    0.927419,     4876.7224,     5021.7878,     5169.1674,     4937.0438,     5082.0922,     5229.4680,     4969.1699,     5114.2130,     5261.5908,
42928                         , 4, 38,   16.3803,   5113.6699,  0.273801,  0.279613,  0.285425,   52.1292,   74.8837,   97.6381,    0.927419,     4870.1846,     5015.2587,     5162.6456,     4932.5130,     5077.5666,     5224.9467,     4965.7047,     5110.7516,     5258.1320,
42928                         , 4, 39,   16.5943,   5111.9857,  0.273801,  0.279613,  0.285425,   52.1292,   74.8837,   97.6381,    0.927419,     4867.5592,     5012.6368,     5160.0266,     4930.6938,     5075.7495,     5223.1313,     4964.3136,     5109.3619,     5256.7436,
42928                         , 4, 40,   16.7127,   5111.0706,  0.273801,  0.279613,  0.285425,   52.1292,   74.8837,   97.6381,    0.927419,     4866.1054,     5011.1849,     5158.5763,     4929.6865,     5074.7433,     5222.1261,     4963.5433,     5108.5924,     5255.9747,
42928                         , 4, 41,   17.5770,   5104.2527,  0.273801,  0.279613,  0.285425,   52.1292,   74.8837,   97.6381,    0.927419,     4855.4845,     5000.5780,     5147.9810,     4922.3276,     5067.3927,     5214.7821,     4957.9159,     5102.9708,     5250.3578,
42928                         , 4, 42,   17.8126,   5102.4362,  0.273801,  0.279613,  0.285425,   52.1292,   74.8837,   97.6381,    0.927419,     4852.5844,     4997.6817,     5145.0878,     4920.3181,     5065.3853,     5212.7765,     4956.3790,     5101.4355,     5248.8237,
42928                         , 4, 43,   18.4543,   5097.2091,  0.273801,  0.279613,  0.285425,   52.1292,   74.8837,   97.6381,    0.927419,     4844.6775,     4989.7848,     5137.1991,     4914.8385,     5059.9115,     5207.3072,     4952.1875,     5097.2479,     5244.6392,
42928                         , 4, 44,   18.7929,   5094.5632,  0.273801,  0.279613,  0.285425,   52.1292,   74.8837,   97.6381,    0.927419,     4840.4990,     4985.6115,     5133.0300,     4911.9421,     5057.0180,     5204.4159,     4949.9714,     5095.0337,     5242.4264,
42928                         , 4, 45,   19.2411,   5090.9741,  0.273801,  0.279613,  0.285425,   52.1292,   74.8837,   97.6381,    0.927419,     4834.9631,     4980.0825,     5127.5066,     4908.1040,     5053.1836,     5200.5844,     4947.0339,     5092.0987,     5239.4932,
42928                         , 4, 46,   19.4355,   5089.5500,  0.273801,  0.279613,  0.285425,   52.1292,   74.8837,   97.6381,    0.927419,     4832.5604,     4977.6826,     5125.1091,     4906.4378,     5051.5189,     5198.9209,     4945.7584,     5090.8241,     5238.2194,
42928                         , 4, 47,   19.9664,   5085.1527,  0.273801,  0.279613,  0.285425,   52.1292,   74.8837,   97.6381,    0.927419,     4826.5500,     4972.3139,     5119.1912,     4901.8831,     5047.2543,     5194.3736,     4942.2706,     5087.3390,     5234.7361,
42928                         , 5,  1,    0.0000,   5083.2277,  0.267251,  0.273626,  0.280001,   71.3274,   82.7046,   94.0818,    9.090547,     4908.1477,     5064.4766,     5223.5739,     4908.1477,     5064.4766,     5223.5739,     4908.1477,     5064.4766,     5223.5739,
42928                         , 5,  2,    0.1900,   5081.7578,  0.267251,  0.273626,  0.280001,   71.3274,   82.7046,   94.0818,    9.090547,     4905.8966,     5062.2253,     5221.3216,     4906.2085,     5062.5372,     5221.6338,     4906.4449,     5062.7738,     5221.8705,
42928                         , 5,  3,    0.4878,   5079.3491,  0.267251,  0.273626,  0.280001,   71.3274,   82.7046,   94.0818,    9.090547,     4902.3638,     5058.6919,     5217.7867,     4903.1653,     5059.4937,     5218.5891,     4903.7729,     5060.1016,     5219.1975,
42928                         , 5,  4,    0.8339,   5077.1316,  0.267251,  0.273626,  0.280001,   71.3274,   82.7046,   94.0818,    9.090547,     4898.2514,     5054.5785,     5213.6715,     4899.6230,     5055.9509,     5215.0448,     4900.6629,     5056.9912,     5216.0860,
42928                         , 5,  5,    1.2765,   5073.7801,  0.267251,  0.273626,  0.280001,   71.3274,   82.7046,   94.0818,    9.090547,     4892.9799,     5049.3057,     5208.3957,     4895.0828,     5051.4097,     5210.5013,     4896.6770,     5053.0047,     5212.0976,
42928                         , 5,  6,    1.6207,   5070.9987,  0.267251,  0.273626,  0.280001,   71.3274,   82.7046,   94.0818,    9.090547,     4888.8711,     5045.1953,     5204.2828,     4891.5441,     5047.8698,     5206.9595,     4893.5705,     5049.8973,     5208.9887,
42928                         , 5,  7,    1.9618,   5068.4544,  0.267251,  0.273626,  0.280001,   71.3274,   82.7046,   94.0818,    9.090547,     4884.7905,     5041.1131,     5200.1976,     4888.0299,     5044.3543,     5203.4416,     4890.4855,     5046.8113,     5205.9007,
42928                         , 5,  8,    2.2587,   5066.3841,  0.267251,  0.273626,  0.280001,   71.3274,   82.7046,   94.0818,    9.090547,     4881.2303,     5037.5511,     5196.6328,     4884.9637,     5041.2868,     5200.3718,     4887.7938,     5044.1186,     5203.2061,
42928                         , 5,  9,    2.5552,   5064.2083,  0.267251,  0.273626,  0.280001,   71.3274,   82.7046,   94.0818,    9.090547,     4877.6679,     5033.9867,     5193.0654,     4881.8957,     5038.2171,     5197.2996,     4885.1005,     5041.4239,     5200.5094,
42928                         , 5, 10,    2.7862,   5062.4680,  0.267251,  0.273626,  0.280001,   71.3274,   82.7046,   94.0818,    9.090547,     4874.8865,     5031.2035,     5190.2798,     4879.5003,     5035.8202,     5194.9007,     4882.9976,     5039.3198,     5198.4036,
42928                         , 5, 11,    3.2361,   5059.3305,  0.267251,  0.273626,  0.280001,   71.3274,   82.7046,   94.0818,    9.090547,     4869.4570,     5025.7702,     5184.8409,     4874.8239,     5031.1408,     5190.2166,     4878.8920,     5035.2116,     5194.2914,
42928                         , 5, 12,    3.4551,   5057.7326,  0.267251,  0.273626,  0.280001,   71.3274,   82.7046,   94.0818,    9.090547,     4866.8080,     5023.1191,     5182.1870,     4872.5424,     5028.8573,     5187.9308,     4876.8888,     5033.2069,     5192.2847,
42928                         , 5, 13,    4.0606,   5053.1008,  0.267251,  0.273626,  0.280001,   71.3274,   82.7046,   94.0818,    9.090547,     4859.4621,     5015.7666,     5174.8259,     4866.2145,     5022.5239,     5181.5900,     4871.3324,     5027.6456,     5186.7171,
42928                         , 5, 14,    4.2190,   5051.8930,  0.267251,  0.273626,  0.280001,   71.3274,   82.7046,   94.0818,    9.090547,     4857.5355,     5013.8384,     5172.8951,     4864.5547,     5020.8627,     5179.9267,     4869.8748,     5026.1868,     5185.2564,
42928                         , 5, 15,    4.3132,   5051.2164,  0.267251,  0.273626,  0.280001,   71.3274,   82.7046,   94.0818,    9.090547,     4856.3892,     5012.6909,     5171.7461,     4863.5671,     5019.8741,     5178.9368,     4869.0075,     5025.3186,     5184.3871,
42928                         , 5, 16,    5.1360,   5045.1543,  0.267251,  0.273626,  0.280001,   71.3274,   82.7046,   94.0818,    9.090547,     4846.3446,     5002.6355,     5161.6769,     4854.9121,     5011.2097,     5170.2604,     4861.4053,     5017.7081,     5176.7661,
42928                         , 5, 17,    5.2989,   5043.7427,  0.267251,  0.273626,  0.280001,   71.3274,   82.7046,   94.0818,    9.090547,     4844.3513,     5000.6399,     5159.6784,     4853.1943,     5009.4899,     5168.5380,     4859.8961,     5016.1972,     5175.2529,
42928                         , 5, 18,    6.0832,   5037.2957,  0.267251,  0.273626,  0.280001,   71.3274,   82.7046,   94.0818,    9.090547,     4834.7317,     4991.0088,     5150.0327,     4844.9026,     5001.1879,     5160.2232,     4852.6104,     5008.9023,     5167.9464,
42928                         , 5, 19,    6.3850,   5034.8465,  0.267251,  0.273626,  0.280001,   71.3274,   82.7046,   94.0818,    9.090547,     4831.0232,     4987.2958,     5146.3138,     4841.7054,     4997.9867,     5157.0168,     4849.8005,     5006.0887,     5165.1282,
42928                         , 5, 20,    6.6152,   5033.0272,  0.267251,  0.273626,  0.280001,   71.3274,   82.7046,   94.0818,    9.090547,     4828.1923,     4984.4614,     5143.4750,     4839.2646,     4995.5427,     5154.5689,     4847.6552,     5003.9405,     5162.9765,
42928                         , 5, 21,    6.7012,   5032.3349,  0.267251,  0.273626,  0.280001,   71.3274,   82.7046,   94.0818,    9.090547,     4827.1343,     4983.4021,     5142.4140,     4838.3524,     4994.6293,     5153.6539,     4846.8533,     5003.1375,     5162.1722,
42928                         , 5, 22,    7.0982,   5028.8590,  0.267251,  0.273626,  0.280001,   71.3274,   82.7046,   94.0818,    9.090547,     4822.2487,     4978.5103,     5137.5146,     4834.1394,     4990.4108,     5149.4286,     4843.1499,     4999.4291,     5158.4574,
42928                         , 5, 23,    7.3592,   5026.4604,  0.267251,  0.273626,  0.280001,   71.3274,   82.7046,   94.0818,    9.090547,     4819.0364,     4975.2941,     5134.2934,     4831.3692,     4987.6370,     5146.6502,     4840.7144,     4996.9903,     5156.0145,
42928                         , 5, 24,    7.5925,   5024.6071,  0.267251,  0.273626,  0.280001,   71.3274,   82.7046,   94.0818,    9.090547,     4816.1647,     4972.4189,     5131.4138,     4828.8925,     4985.1572,     5144.1664,     4838.5370,     4994.8099,     5153.8305,
42928                         , 5, 25,    8.2310,   5019.7471,  0.267251,  0.273626,  0.280001,   71.3274,   82.7046,   94.0818,    9.090547,     4808.3071,     4964.5522,     5123.5354,     4822.1154,     4978.3716,     5137.3701,     4832.5781,     4988.8431,     5147.8538,
42928                         , 5, 26,    8.4438,   5018.1085,  0.267251,  0.273626,  0.280001,   71.3274,   82.7046,   94.0818,    9.090547,     4805.6894,     4961.9316,     5120.9110,     4819.8576,     4976.1110,     5135.1061,     4830.5927,     4986.8552,     5145.8627,
42928                         , 5, 27,    9.2051,   5012.3617,  0.267251,  0.273626,  0.280001,   71.3274,   82.7046,   94.0818,    9.090547,     4796.3386,     4952.5715,     5111.5383,     4811.7923,     4968.0368,     5127.0203,     4823.5007,     4979.7547,     5138.7515,
42928                         , 5, 28,    9.4174,   5010.6467,  0.267251,  0.273626,  0.280001,   71.3274,   82.7046,   94.0818,    9.090547,     4793.7353,     4949.9659,     5108.9295,     4809.5471,     4965.7893,     5124.7699,     4821.5264,     4977.7783,     5136.7723,
42928                         , 5, 29,   10.5045,   5002.3710,  0.267251,  0.273626,  0.280001,   71.3274,   82.7046,   94.0818,    9.090547,     4780.4367,     4936.6576,     5095.6073,     4798.0793,     4954.3121,     5113.2794,     4811.4445,     4967.6872,     5126.6687,
42928                         , 5, 30,   11.4745,   4994.5810,  0.267251,  0.273626,  0.280001,   71.3274,   82.7046,   94.0818,    9.090547,     4768.6222,     4924.8378,     5083.7783,     4787.8960,     4944.1232,     5103.0817,     4802.4956,     4958.7328,     5117.7058,
42928                         , 5, 31,   12.0797,   4989.3288,  0.267251,  0.273626,  0.280001,   71.3274,   82.7046,   94.0818,    9.090547,     4761.2714,     4917.4852,     5076.4216,     4781.5631,     4937.7882,     5096.7427,     4796.9330,     4953.1679,     5112.1370,
42928                         , 5, 32,   12.3370,   4987.9081,  0.267251,  0.273626,  0.280001,   71.3274,   82.7046,   94.0818,    9.090547,     4758.1497,     4914.3630,     5073.2979,     4778.8745,     4935.0990,     5094.0519,     4794.5720,     4950.8062,     5109.7739,
42928                         , 5, 33,   12.4454,   4987.0675,  0.267251,  0.273626,  0.280001,   71.3274,   82.7046,   94.0818,    9.090547,     4756.8353,     4913.0484,     5071.9828,     4777.7426,     4933.9668,     5092.9192,     4793.5782,     4949.8121,     5108.7793,
42928                         , 5, 34,   13.2056,   4980.7992,  0.267251,  0.273626,  0.280001,   71.3274,   82.7046,   94.0818,    9.090547,     4747.6203,     4903.8328,     5062.7636,     4769.8093,     4926.0325,     5084.9813,     4786.6145,     4942.8472,     5101.8110,
42928                         , 5, 35,   13.5326,   4977.9806,  0.267251,  0.273626,  0.280001,   71.3274,   82.7046,   94.0818,    9.090547,     4743.6547,     4899.8672,     5058.7967,     4766.3965,     4922.6194,     5081.5669,     4783.6198,     4939.8522,     5098.8147,
42928                         , 5, 36,   14.3872,   4970.8437,  0.267251,  0.273626,  0.280001,   71.3274,   82.7046,   94.0818,    9.090547,     4733.2790,     4889.4912,     5048.4169,     4757.4697,     4913.6919,     5072.6357,     4775.7890,     4932.0205,     5090.9797,
42928                         , 5, 37,   15.1506,   4964.8097,  0.267251,  0.273626,  0.280001,   71.3274,   82.7046,   94.0818,    9.090547,     4723.9759,     4880.1869,     5039.1084,     4749.4679,     4905.6888,     5064.6286,     4768.7716,     4925.0017,     5083.9573,
42928                         , 5, 38,   15.4671,   4962.2046,  0.267251,  0.273626,  0.280001,   71.3274,   82.7046,   94.0818,    9.090547,     4720.1059,     4876.3161,     5035.2353,     4746.1395,     4902.3594,     5061.2972,     4765.8527,     4922.0819,     5081.0357,
42928                         , 5, 39,   15.8113,   4958.9360,  0.267251,  0.273626,  0.280001,   71.3274,   82.7046,   94.0818,    9.090547,     4715.8871,     4872.0959,     5031.0124,     4742.5110,     4898.7295,     5057.6649,     4762.6706,     4918.8986,     5077.8501,
42928                         , 5, 40,   16.2242,   4955.9578,  0.267251,  0.273626,  0.280001,   71.3274,   82.7046,   94.0818,    9.090547,     4710.8119,     4867.0186,     5025.9312,     4738.1456,     4894.3620,     5053.2937,     4758.8420,     4915.0680,     5074.0163,
42928                         , 5, 41,   16.3281,   4955.0830,  0.267251,  0.273626,  0.280001,   71.3274,   82.7046,   94.0818,    9.090547,     4709.5310,     4865.7371,     5024.6486,     4737.0438,     4893.2596,     5052.1903,     4757.8756,     4914.1011,     5073.0484,
42928                         , 5, 42,   17.1952,   4946.7455,  0.267251,  0.273626,  0.280001,   71.3274,   82.7046,   94.0818,    9.090547,     4698.8075,     4855.0069,     5013.9078,     4727.8176,     4884.0269,     5042.9478,     4749.7817,     4906.0010,     5064.9394,
42928                         , 5, 43,   17.4060,   4944.8941,  0.267251,  0.273626,  0.280001,   71.3274,   82.7046,   94.0818,    9.090547,     4696.1893,     4852.3869,     5011.2847,     4725.5644,     4881.7718,     5040.6899,     4747.8046,     4904.0219,     5062.9577,
42928                         , 5, 44,   17.6370,   4943.0704,  0.267251,  0.273626,  0.280001,   71.3274,   82.7046,   94.0818,    9.090547,     4693.3159,     4849.5109,     5008.4055,     4723.0912,     4879.2962,     5038.2112,     4745.6339,     4901.8492,     5060.7820,
42928                         , 5, 45,   17.9593,   4940.6451,  0.267251,  0.273626,  0.280001,   71.3274,   82.7046,   94.0818,    9.090547,     4689.2996,     4845.4911,     5004.3806,     4719.6338,     4875.8354,     5034.7456,     4742.5991,     4898.8110,     5057.7395,
42928                         , 5, 46,   18.1643,   4938.4267,  0.267251,  0.273626,  0.280001,   71.3274,   82.7046,   94.0818,    9.090547,     4686.7408,     4842.9300,     5001.8161,     4717.4308,     4873.6300,     5032.5371,     4740.6651,     4896.8748,     5055.8003,
42928                         , 5, 47,   18.6035,   4934.7146,  0.267251,  0.273626,  0.280001,   71.3274,   82.7046,   94.0818,    9.090547,     4681.2496,     4837.4333,     4996.3120,     4712.7021,     4868.8960,     5027.7960,     4736.5129,     4892.7175,     5051.6363,
42928                         , 5, 48,   18.9290,   4931.7554,  0.267251,  0.273626,  0.280001,   71.3274,   82.7046,   94.0818,    9.090547,     4677.1749,     4833.3546,     4992.2275,     4709.1926,     4865.3824,     5024.2770,     4733.4307,     4889.6313,     5048.5450,
42928                         , 5, 49,   19.6855,   4925.1494,  0.267251,  0.273626,  0.280001,   71.3274,   82.7046,   94.0818,    9.090547,     4667.6911,     4823.8611,     4982.7207,     4701.0223,     4857.2023,     5016.0840,     4726.2531,     4882.4441,     5041.3456,
42928                         , 5, 50,   19.8972,   4923.4287,  0.267251,  0.273626,  0.280001,   71.3274,   82.7046,   94.0818,    9.090547,     4665.7965,     4822.3117,     4980.3174,     4699.0885,     4855.5688,     5013.7895,     4724.3530,     4880.8096,     5039.3289,
42928                         , 6,  1,    0.0000,   3961.4601,  0.218105,  0.225514,  0.232924,   65.6388,   82.7046,   99.7704,    4.043972,     3784.4600,     3944.0941,     4106.8122,     3784.4600,     3944.0941,     4106.8122,     3784.4600,     3944.0941,     4106.8122,
42928                         , 6,  2,    0.1782,   3961.5272,  0.218105,  0.225514,  0.232924,   65.6388,   82.7046,   99.7704,    4.043972,     3782.0574,     3941.6979,     4104.4210,     3782.5541,     3942.1933,     4104.9154,     3782.8808,     3942.5192,     4105.2407,
42928                         , 6,  3,    0.8019,   3956.3850,  0.218105,  0.225514,  0.232924,   65.6388,   82.7046,   99.7704,    4.043972,     3773.6468,     3933.3098,     4096.0509,     3775.8838,     3935.5411,     4098.2777,     3777.3553,     3937.0089,     4099.7426,
42928                         , 6,  4,    1.2471,   3953.0171,  0.218105,  0.225514,  0.232924,   65.6388,   82.7046,   99.7704,    4.043972,     3767.6344,     3927.3136,     4090.0677,     3771.1168,     3930.7871,     4093.5341,     3773.4074,     3933.0718,     4095.8143,
42928                         , 6,  5,    1.8702,   3948.8290,  0.218105,  0.225514,  0.232924,   65.6388,   82.7046,   99.7704,    4.043972,     3759.2055,     3918.9074,     4081.6795,     3764.4352,     3924.1235,     4086.8850,     3767.8745,     3927.5540,     4090.3086,
42928                         , 6,  6,    2.3151,   3945.7500,  0.218105,  0.225514,  0.232924,   65.6388,   82.7046,   99.7704,    4.043972,     3753.1747,     3912.8927,     4075.6775,     3759.6550,     3919.3561,     4082.1277,     3763.9163,     3923.6065,     4086.3695,
42928                         , 6,  7,    2.6710,   3942.9543,  0.218105,  0.225514,  0.232924,   65.6388,   82.7046,   99.7704,    4.043972,     3748.3434,     3908.0741,     4070.8690,     3755.8256,     3915.5367,     4078.3162,     3760.7453,     3920.4439,     4083.2135,
42928                         , 6,  8,    2.8488,   3941.3327,  0.218105,  0.225514,  0.232924,   65.6388,   82.7046,   99.7704,    4.043972,     3745.9255,     3905.6626,     4068.4624,     3753.9091,     3913.6252,     4076.4086,     3759.1583,     3918.8610,     4081.6338,
42928                         , 6,  9,    3.6489,   3934.4207,  0.218105,  0.225514,  0.232924,   65.6388,   82.7046,   99.7704,    4.043972,     3735.0278,     3894.7930,     4057.6146,     3745.2707,     3905.0087,     4067.8090,     3752.0043,     3911.7249,     4074.5117,
42928                         , 6, 10,    3.9154,   3932.0925,  0.218105,  0.225514,  0.232924,   65.6388,   82.7046,   99.7704,    4.043972,     3731.3895,     3891.1639,     4053.9927,     3742.3864,     3902.1315,     4064.9374,     3749.6153,     3909.3417,     4072.1330,
42928                         , 6, 11,    4.3596,   3928.2991,  0.218105,  0.225514,  0.232924,   65.6388,   82.7046,   99.7704,    4.043972,     3725.3205,     3885.1104,     4047.9510,     3737.5748,     3897.3317,     4060.1466,     3745.6295,     3905.3654,     4068.1639,
42928                         , 6, 12,    4.6260,   3926.1756,  0.218105,  0.225514,  0.232924,   65.6388,   82.7046,   99.7704,    4.043972,     3721.6765,     3881.4756,     4044.3233,     3734.6855,     3894.4495,     4057.2697,     3743.2358,     3902.9774,     4065.7801,
42928                         , 6, 13,    4.8923,   3923.9620,  0.218105,  0.225514,  0.232924,   65.6388,   82.7046,   99.7704,    4.043972,     3718.0310,     3877.8394,     4040.6943,     3731.7950,     3891.5659,     4054.3914,     3740.8409,     3900.5880,     4063.3950,
42928                         , 6, 14,    5.6910,   3917.7523,  0.218105,  0.225514,  0.232924,   65.6388,   82.7046,   99.7704,    4.043972,     3707.0900,     3866.9268,     4029.8035,     3723.1189,     3882.9110,     4045.7526,     3733.6514,     3893.4153,     4056.2348,
42928                         , 6, 15,    5.8684,   3916.2728,  0.218105,  0.225514,  0.232924,   65.6388,   82.7046,   99.7704,    4.043972,     3704.6586,     3864.5019,     4027.3835,     3721.1907,     3880.9876,     4043.8328,     3732.0534,     3891.8211,     4054.6434,
42928                         , 6, 16,    6.9323,   3908.2052,  0.218105,  0.225514,  0.232924,   65.6388,   82.7046,   99.7704,    4.043972,     3690.0793,     3849.9630,     4012.8760,     3709.6286,     3869.4552,     4032.3230,     3722.4706,     3882.2614,     4045.1011,
42928                         , 6, 17,    7.6411,   3902.7473,  0.218105,  0.225514,  0.232924,   65.6388,   82.7046,   99.7704,    4.043972,     3680.3761,     3840.2887,     4003.2246,     3701.9342,     3861.7819,     4024.6661,     3716.0934,     3875.9005,     4038.7528,
42928                         , 6, 18,    7.8182,   3901.3731,  0.218105,  0.225514,  0.232924,   65.6388,   82.7046,   99.7704,    4.043972,     3677.9532,     3837.8734,     4000.8153,     3700.0131,     3859.8662,     4022.7548,     3714.5012,     3874.3126,     4037.1681,
42928                         , 6, 19,    8.6149,   3894.2020,  0.218105,  0.225514,  0.232924,   65.6388,   82.7046,   99.7704,    4.043972,     3667.0671,     3827.0228,     3989.9934,     3691.3829,     3851.2619,     4014.1711,     3707.3495,     3867.1809,     4030.0522,
42928                         , 6, 20,    8.8804,   3891.7801,  0.218105,  0.225514,  0.232924,   65.6388,   82.7046,   99.7704,    4.043972,     3663.4449,     3823.4131,     3986.3940,     3688.5120,     3848.4001,     4011.3166,     3704.9708,     3864.8092,     4027.6862,
42928                         , 6, 21,    9.6764,   3884.9176,  0.218105,  0.225514,  0.232924,   65.6388,   82.7046,   99.7704,    4.043972,     3652.5988,     3812.6063,     3975.6196,     3679.9177,     3839.8346,     4002.7745,     3697.8514,     3857.7122,     4020.6072,
42928                         , 6, 22,    9.9416,   3882.5960,  0.218105,  0.225514,  0.232924,   65.6388,   82.7046,   99.7704,    4.043972,     3648.9900,     3809.0112,     3972.0360,     3677.0591,     3836.9859,     3999.9342,     3695.4839,     3855.3525,     4018.2539,
42928                         , 6, 23,   10.6486,   3876.2172,  0.218105,  0.225514,  0.232924,   65.6388,   82.7046,   99.7704,    4.043972,     3639.3813,     3799.4407,     3962.4975,     3669.4500,     3829.4048,     3992.3764,     3689.1838,     3849.0742,     4011.9937,
42928                         , 6, 24,   10.9136,   3873.5780,  0.218105,  0.225514,  0.232924,   65.6388,   82.7046,   99.7704,    4.043972,     3635.7833,     3795.8575,     3958.9268,     3666.6017,     3826.5674,     3989.5480,     3686.8261,     3846.7250,     4009.6516,
42928                         , 6, 25,   11.8847,   3864.1073,  0.218105,  0.225514,  0.232924,   65.6388,   82.7046,   99.7704,    4.043972,     3622.6101,     3782.7409,     3945.8583,     3656.1779,     3816.1852,     3979.2010,     3678.2008,     3838.1325,     4001.0865,
42928                         , 6, 26,   12.5905,   3857.9656,  0.218105,  0.225514,  0.232924,   65.6388,   82.7046,   99.7704,    4.043972,     3613.0427,     3773.2166,     3936.3707,     3648.6117,     3808.6507,     3971.6935,     3671.9432,     3831.8998,     3994.8751,
42928                         , 6, 27,   12.8550,   3855.7096,  0.218105,  0.225514,  0.232924,   65.6388,   82.7046,   99.7704,    4.043972,     3609.4563,     3769.6466,     3932.8149,     3645.7764,     3805.8275,     3968.8807,     3669.5988,     3829.5651,     3992.5485,
42928                         , 6, 28,   12.9432,   3855.1019,  0.218105,  0.225514,  0.232924,   65.6388,   82.7046,   99.7704,    4.043972,     3608.2609,     3768.4568,     3931.6297,     3644.8314,     3804.8866,     3967.9433,     3668.8176,     3828.7871,     3991.7733,
42928                         , 6, 29,   13.6484,   3849.1319,  0.218105,  0.225514,  0.232924,   65.6388,   82.7046,   99.7704,    4.043972,     3598.6973,     3758.9379,     3922.1492,     3637.2734,     3797.3616,     3960.4464,     3662.5703,     3822.5658,     3985.5742,
42928                         , 6, 30,   13.9127,   3846.7929,  0.218105,  0.225514,  0.232924,   65.6388,   82.7046,   99.7704,    4.043972,     3595.1099,     3755.3675,     3918.5934,     3634.4391,     3794.5398,     3957.6354,     3660.2281,     3820.2335,     3983.2503,
42928                         , 6, 31,   14.6174,   3840.8093,  0.218105,  0.225514,  0.232924,   65.6388,   82.7046,   99.7704,    4.043972,     3585.5380,     3745.8413,     3909.1065,     3626.8786,     3787.0129,     3950.1373,     3653.9814,     3814.0133,     3977.0529,
42928                         , 6, 32,   14.8816,   3838.6642,  0.218105,  0.225514,  0.232924,   65.6388,   82.7046,   99.7704,    4.043972,     3581.9456,     3742.2662,     3905.5462,     3624.0417,     3784.1887,     3947.3239,     3651.6379,     3811.6798,     3974.7279,
42928                         , 6, 33,   15.5857,   3832.7579,  0.218105,  0.225514,  0.232924,   65.6388,   82.7046,   99.7704,    4.043972,     3572.3560,     3732.7227,     3896.0422,     3616.4702,     3776.6510,     3939.8151,     3645.3840,     3805.4526,     3968.5234,
42928                         , 6, 34,   15.8497,   3830.7764,  0.218105,  0.225514,  0.232924,   65.6388,   82.7046,   99.7704,    4.043972,     3568.7555,     3729.1396,     3892.4740,     3613.6279,     3773.8214,     3936.9963,     3643.0367,     3803.1152,     3966.1944,
42928                         , 6, 35,   15.9377,   3830.0135,  0.218105,  0.225514,  0.232924,   65.6388,   82.7046,   99.7704,    4.043972,     3567.5548,     3727.9447,     3891.2840,     3612.6801,     3772.8778,     3936.0562,     3642.2539,     3802.3357,     3965.4178,
42928                         , 6, 36,   16.6414,   3824.6267,  0.218105,  0.225514,  0.232924,   65.6388,   82.7046,   99.7704,    4.043972,     3557.9379,     3718.3742,     3881.7529,     3605.0894,     3765.3208,     3928.5278,     3635.9854,     3796.0936,     3959.1979,
42928                         , 6, 37,   16.9052,   3822.5664,  0.218105,  0.225514,  0.232924,   65.6388,   82.7046,   99.7704,    4.043972,     3554.3264,     3714.7800,     3878.1734,     3602.2390,     3762.4829,     3925.7005,     3633.6315,     3793.7495,     3956.8622,
42928                         , 6, 38,   17.6085,   3817.2216,  0.218105,  0.225514,  0.232924,   65.6388,   82.7046,   99.7704,    4.043972,     3544.6813,     3705.1812,     3868.6138,     3594.6271,     3754.9043,     3918.1499,     3627.3457,     3787.4896,     3950.6240,
42928                         , 6, 39,   17.8722,   3815.2455,  0.218105,  0.225514,  0.232924,   65.6388,   82.7046,   99.7704,    4.043972,     3541.0591,     3701.5763,     3865.0235,     3591.7685,     3752.0581,     3915.3142,     3624.9851,     3785.1386,     3948.2811,
42928                         , 6, 40,   18.3115,   3812.0895,  0.218105,  0.225514,  0.232924,   65.6388,   82.7046,   99.7704,    4.043972,     3535.0159,     3695.5620,     3859.0336,     3586.9994,     3747.3096,     3910.5830,     3621.0466,     3781.2160,     3944.3718,
42928                         , 6, 41,   18.6629,   3809.2634,  0.218105,  0.225514,  0.232924,   65.6388,   82.7046,   99.7704,    4.043972,     3530.1762,     3690.7455,     3854.2366,     3583.1800,     3743.5067,     3906.7939,     3617.8923,     3778.0744,     3941.2407,
42928                         , 6, 42,   18.9264,   3807.2237,  0.218105,  0.225514,  0.232924,   65.6388,   82.7046,   99.7704,    4.043972,     3526.5436,     3687.1302,     3850.6360,     3580.3133,     3740.6523,     3903.9497,     3615.5247,     3775.7161,     3938.8903,
42928                         , 6, 43,   19.0142,   3806.5530,  0.218105,  0.225514,  0.232924,   65.6388,   82.7046,   99.7704,    4.043972,     3525.3322,     3685.9247,     3849.4353,     3579.3573,     3739.7004,     3903.0012,     3614.7351,     3774.9297,     3938.1064,
42928                         , 6, 44,   19.2777,   3804.5083,  0.218105,  0.225514,  0.232924,   65.6388,   82.7046,   99.7704,    4.043972,     3521.6967,     3682.3066,     3845.8319,     3576.4882,     3736.8436,     3900.1547,     3612.3654,     3772.5694,     3935.7539,
42928                         , 6, 45,   19.6289,   3801.6982,  0.218105,  0.225514,  0.232924,   65.6388,   82.7046,   99.7704,    4.043972,     3516.8464,     3677.4797,     3841.0246,     3572.6605,     3733.0322,     3896.3569,     3609.2037,     3769.4201,     3932.6150,
42928                         , 6, 46,   19.8044,   3800.3000,  0.218105,  0.225514,  0.232924,   65.6388,   82.7046,   99.7704,    4.043972,     3514.9031,     3675.2248,     3838.6199,     3570.7457,     3731.1257,     3894.4572,     3607.6220,     3767.8447,     3931.0446,
42928                         , 6, 47,   19.8922,   3799.6015,  0.218105,  0.225514,  0.232924,   65.6388,   82.7046,   99.7704,    4.043972,     3514.9031,     3675.2248,     3838.4718,     3570.5794,     3730.7127,     3893.8088,     3607.1871,     3767.2102,     3930.2593,
42928                         , 7,  1,    0.0000,   2273.6269,  0.123481,  0.138498,  0.153514,   57.1059,   82.7046,  108.3033,    2.242350,     1987.1807,     2246.7567,     2515.5425,     1987.1807,     2246.7567,     2515.5425,     1987.1807,     2246.7567,     2515.5425,
42928                         , 7,  2,    0.6082,   2265.9240,  0.123481,  0.138498,  0.153514,   57.1059,   82.7046,  108.3033,    2.242350,     1977.3198,     2237.1653,     2506.1593,     1980.3731,     2240.1343,     2509.0631,     1981.9821,     2241.6990,     2510.5936,
42928                         , 7,  3,    0.8362,   2262.9060,  0.123481,  0.138498,  0.153514,   57.1059,   82.7046,  108.3033,    2.242350,     1973.6159,     2233.5642,     2502.6375,     1977.8176,     2237.6489,     2506.6319,     1980.0310,     2239.8012,     2508.7369,
42928                         , 7,  4,    0.9881,   2260.8532,  0.123481,  0.138498,  0.153514,   57.1059,   82.7046,  108.3033,    2.242350,     1971.1450,     2231.1624,     2500.2890,     1976.1132,     2235.9916,     2505.0109,     1978.7300,     2238.5358,     2507.4989,
42928                         , 7,  5,    1.5955,   2252.7997,  0.123481,  0.138498,  0.153514,   57.1059,   82.7046,  108.3033,    2.242350,     1961.2488,     2221.5471,     2490.8902,     1969.2909,     2229.3597,     2498.5257,     1973.5236,     2233.4732,     2502.5471,
42928                         , 7,  6,    1.8232,   2249.9116,  0.123481,  0.138498,  0.153514,   57.1059,   82.7046,  108.3033,    2.242350,     1957.5328,     2217.9384,     2487.3642,     1966.7309,     2226.8720,     2496.0937,     1971.5706,     2231.5746,     2500.6904,
42928                         , 7,  7,    1.9749,   2247.8568,  0.123481,  0.138498,  0.153514,   57.1059,   82.7046,  108.3033,    2.242350,     1955.0540,     2215.5318,     2485.0131,     1965.0237,     2225.2133,     2494.4725,     1970.2684,     2230.3089,     2499.4529,
42928                         , 7,  8,    2.5816,   2239.7247,  0.123481,  0.138498,  0.153514,   57.1059,   82.7046,  108.3033,    2.242350,     1945.1278,     2205.8991,     2475.6066,     1958.1920,     2218.5781,     2487.9887,     1965.0593,     2225.2472,     2494.5048,
42928                         , 7,  9,    2.8089,   2236.4901,  0.123481,  0.138498,  0.153514,   57.1059,   82.7046,  108.3033,    2.242350,     1941.4010,     2202.2846,     2472.0783,     1955.6290,     2216.0898,     2485.5580,     1963.1058,     2223.3496,     2492.6504,
42928                         , 7, 10,    2.8847,   2235.4263,  0.123481,  0.138498,  0.153514,   57.1059,   82.7046,  108.3033,    2.242350,     1940.1582,     2201.0794,     2470.9022,     1954.7745,     2215.2604,     2484.7479,     1962.4546,     2222.7172,     2492.0324,
42928                         , 7, 11,    3.8689,   2221.7295,  0.123481,  0.138498,  0.153514,   57.1059,   82.7046,  108.3033,    2.242350,     1923.9762,     2185.3988,     2455.6072,     1943.6603,     2204.4776,     2474.2207,     1953.9899,     2214.4996,     2484.0057,
42928                         , 7, 12,    4.6251,   2211.3799,  0.123481,  0.138498,  0.153514,   57.1059,   82.7046,  108.3033,    2.242350,     1911.4938,     2173.3169,     2443.8329,     1935.1021,     2196.1818,     2466.1274,     1947.4786,     2208.1832,     2477.8398,
42928                         , 7, 13,    4.7763,   2209.0934,  0.123481,  0.138498,  0.153514,   57.1059,   82.7046,  108.3033,    2.242350,     1908.9932,     2170.8980,     2441.4766,     1933.3894,     2194.5223,     2464.5089,     1946.1762,     2206.9202,     2476.6074,
42928                         , 7, 14,    5.6824,   2196.6351,  0.123481,  0.138498,  0.153514,   57.1059,   82.7046,  108.3033,    2.242350,     1893.9580,     2156.3629,     2427.3248,     1923.1022,     2184.5594,     2454.7960,     1938.3588,     2199.3425,     2469.2151,
42928                         , 7, 15,    6.5873,   2183.7639,  0.123481,  0.138498,  0.153514,   57.1059,   82.7046,  108.3033,    2.242350,     1878.8610,     2141.7834,     2413.1404,     1912.7922,     2174.5818,     2445.0740,     1930.5324,     2191.7606,     2461.8222,
42928                         , 7, 16,    6.7380,   2181.6056,  0.123481,  0.138498,  0.153514,   57.1059,   82.7046,  108.3033,    2.242350,     1876.3382,     2139.3485,     2410.7724,     1911.0712,     2172.9168,     2443.4521,     1929.2268,     2190.4961,     2460.5894,
42928                         , 7, 17,    7.6414,   2167.9691,  0.123481,  0.138498,  0.153514,   57.1059,   82.7046,  108.3033,    2.242350,     1861.1590,     2124.7056,     2396.5370,     1900.7271,     2162.9131,     2433.7093,     1921.3836,     2182.9019,     2453.1871,
42928                         , 7, 18,    8.5436,   2154.1488,  0.123481,  0.138498,  0.153514,   57.1059,   82.7046,  108.3033,    2.242350,     1845.9024,     2110.0013,     2382.2500,     1890.3483,     2152.8810,     2423.9416,     1913.5211,     2175.2915,     2445.7702,
42928                         , 7, 19,    8.6187,   2153.0688,  0.123481,  0.138498,  0.153514,   57.1059,   82.7046,  108.3033,    2.242350,     1844.6273,     2108.7730,     2381.0569,     1889.4818,     2152.0435,     2423.1264,     1912.8649,     2174.6565,     2445.1513,
42928                         , 7, 20,    9.4443,   2139.8393,  0.123481,  0.138498,  0.153514,   57.1059,   82.7046,  108.3033,    2.242350,     1830.5649,     2095.2320,     2367.9075,     1879.9320,     2142.8170,     2414.1451,     1905.6364,     2167.6614,     2438.3345,
42928                         , 7, 21,    9.5943,   2137.6333,  0.123481,  0.138498,  0.153514,   57.1059,   82.7046,  108.3033,    2.242350,     1828.0007,     2092.7640,     2365.5116,     1878.1922,     2141.1365,     2412.5095,     1904.3201,     2166.3877,     2437.0933,
42928                         , 7, 22,   10.3438,   2125.7807,  0.123481,  0.138498,  0.153514,   57.1059,   82.7046,  108.3033,    2.242350,     1815.1458,     2080.3972,     2353.5092,     1869.4772,     2132.7203,     2404.3189,     1897.7283,     2160.0103,     2430.8787,
42928                         , 7, 23,   11.4661,   2108.6346,  0.123481,  0.138498,  0.153514,   57.1059,   82.7046,  108.3033,    2.242350,     1795.7591,     2061.7655,     2335.4381,     1856.3564,     2120.0557,     2391.9971,     1887.8112,     2150.4178,     2421.5316,
42928                         , 7, 24,   12.3626,   2094.6735,  0.123481,  0.138498,  0.153514,   57.1059,   82.7046,  108.3033,    2.242350,     1780.1642,     2046.7959,     2320.9304,     1845.8217,     2109.8938,     2382.1138,     1879.8549,     2142.7246,     2414.0363,
42928                         , 7, 25,   13.4067,   2077.2181,  0.123481,  0.138498,  0.153514,   57.1059,   82.7046,  108.3033,    2.242350,     1761.8826,     2029.2701,     2303.9605,     1833.4960,     2098.0128,     2370.5642,     1870.5533,     2133.7346,     2405.2800,
42928                         , 7, 26,   14.2257,   2063.9495,  0.123481,  0.138498,  0.153514,   57.1059,   82.7046,  108.3033,    2.242350,     1747.4574,     2015.4602,     2290.6017,     1823.7896,     2088.6642,     2361.4817,     1863.2346,     2126.6650,     2398.3967,
42928                         , 7, 27,   14.3001,   2062.7332,  0.123481,  0.138498,  0.153514,   57.1059,   82.7046,  108.3033,    2.242350,     1746.1434,     2014.2032,     2289.3863,     1822.9063,     2087.8139,     2360.6558,     1862.5689,     2126.0221,     2397.7709,
42928                         , 7, 28,   15.1921,   2048.4444,  0.123481,  0.138498,  0.153514,   57.1059,   82.7046,  108.3033,    2.242350,     1730.3437,     1999.0998,     2274.7921,     1812.2977,     2077.6057,     2350.7450,     1854.5776,     2118.3078,     2390.2636,
42928                         , 7, 29,   15.4149,   2044.8756,  0.123481,  0.138498,  0.153514,   57.1059,   82.7046,  108.3033,    2.242350,     1726.3845,     1995.3185,     2271.1408,     1809.6428,     2075.0526,     2348.2674,     1852.5789,     2116.3793,     2388.3875,
42928                         , 7, 30,   16.2312,   2032.2065,  0.123481,  0.138498,  0.153514,   57.1059,   82.7046,  108.3033,    2.242350,     1711.8351,     1981.4359,     2257.7441,     1799.8997,     2065.6882,     2339.1839,     1845.2485,     2109.3092,     2381.5119,
42928                         , 7, 31,   16.3795,   2030.0214,  0.123481,  0.138498,  0.153514,   57.1059,   82.7046,  108.3033,    2.242350,     1709.1843,     1978.9087,     2255.3069,     1798.1268,     2063.9852,     2337.5326,     1843.9154,     2108.0240,     2380.2625,
42928                         , 7, 32,   17.1945,   2018.1784,  0.123481,  0.138498,  0.153514,   57.1059,   82.7046,  108.3033,    2.242350,     1694.5735,     1964.9914,     2241.8938,     1788.3673,     2054.6155,     2328.4519,     1836.5816,     2100.9566,     2373.3943,
42928                         , 7, 33,   17.2685,   2017.0738,  0.123481,  0.138498,  0.153514,   57.1059,   82.7046,  108.3033,    2.242350,     1693.2426,     1963.7246,     2240.6736,     1787.4794,     2053.7635,     2327.6265,     1835.9147,     2100.3143,     2372.7703,
42928                         , 7, 34,   18.1565,   2004.7139,  0.123481,  0.138498,  0.153514,   57.1059,   82.7046,  108.3033,    2.242350,     1677.2350,     1948.5024,     2226.0209,     1776.8143,     2043.5355,     2317.7221,     1827.9103,     2092.6072,     2365.2856,
42928                         , 7, 35,   18.3044,   2002.6044,  0.123481,  0.138498,  0.153514,   57.1059,   82.7046,  108.3033,    2.242350,     1674.5602,     1945.9613,     2223.5766,     1775.0348,     2041.8300,     2316.0714,     1826.5757,     2091.3228,     2364.0388,
42928                         , 7, 36,   19.1910,   1990.8359,  0.123481,  0.138498,  0.153514,   57.1059,   82.7046,  108.3033,    2.242350,     1659.2607,     1931.5048,     2209.8830,     1764.3458,     2031.5915,     2306.1661,     1818.5649,     2083.6170,     2356.5609,
42928                         , 7, 37,   19.3387,   1988.9297,  0.123481,  0.138498,  0.153514,   57.1059,   82.7046,  108.3033,    2.242350,     1659.2607,     1931.5048,     2209.8830,     1763.6703,     2031.0551,     2305.8369,     1817.5900,     2082.7870,     2355.9184,
42928                         , 8,  1,    0.0000,    958.1426,  0.025503,  0.060017,  0.094532,   44.3065,   82.7046,  121.1027,  133.050883,      464.7592,      954.7780,     1482.1535,      464.7592,      954.7780,     1482.1535,      464.7592,      954.7780,     1482.1535,
42928                         , 8,  2,    0.7279,    935.4343,  0.025503,  0.060017,  0.094532,   44.3065,   82.7046,  121.1027,  133.050883,      247.5526,      834.0168,     1381.6057,      366.8118,      891.5976,     1428.8119,      400.6839,      911.9771,     1445.8519,
42928                         , 8,  3,    0.7940,    933.9906,  0.025503,  0.060017,  0.094532,   44.3065,   82.7046,  121.1027,  133.050883,      213.1374,      822.3020,     1372.2327,      356.3219,      885.6800,     1423.9025,      394.2555,      908.0098,     1442.5257,
42928                         , 8,  4,    1.7834,    904.0605,  0.025503,  0.060017,  0.094532,   44.3065,   82.7046,  121.1027,  133.050883,      101.3893,      623.5394,     1225.8043,       97.7391,      792.4763,     1348.9473,      274.5991,      846.7684,     1392.0741,
42928                         , 8,  5,    2.7698,    874.0631,  0.025503,  0.060017,  0.094532,   44.3065,   82.7046,  121.1027,  133.050883,      101.3893,      319.5929,     1065.0135,       97.7391,      688.3241,     1271.1918,       91.8538,      781.4851,     1340.5272,
42928                         , 8,  6,    3.7531,    846.0129,  0.025503,  0.060017,  0.094532,   44.3065,   82.7046,  121.1027,  133.050883,      101.3893,       96.2931,      882.4187,       97.7391,      566.6194,     1189.9228,       91.8538,      711.0295,     1287.7575,
42928                         , 8,  7,    4.7335,    818.8536,  0.025503,  0.060017,  0.094532,   44.3065,   82.7046,  121.1027,  133.050883,      101.3893,       96.2931,      659.4186,       97.7391,      409.3237,     1104.5001,       91.8538,      633.5839,     1233.5360,
42928                         , 8,  8,    6.4906,    769.1410,  0.025503,  0.060017,  0.094532,   44.3065,   82.7046,  121.1027,  133.050883,      101.3893,       96.2931,       90.8594,       97.7391,       95.1422,      936.8714,       91.8538,      463.0899,     1131.7363,
42928                         , 8,  9,    6.5555,    767.3107,  0.025503,  0.060017,  0.094532,   44.3065,   82.7046,  121.1027,  133.050883,      101.3893,       96.2931,       90.8594,       97.7391,       95.1422,      930.2074,       91.8538,      455.4945,     1127.8485,
42928                         , 8, 10,    6.6094,    765.8260,  0.025503,  0.060017,  0.094532,   44.3065,   82.7046,  121.1027,  133.050883,      101.3893,       96.2931,       90.8594,       97.7391,       95.1422,      924.6362,       91.8538,      449.0759,     1124.6086,
42928                         , 8, 11,    7.5272,    738.0020,  0.025503,  0.060017,  0.094532,   44.3065,   82.7046,  121.1027,  133.050883,      101.3893,       96.2931,       90.8594,       97.7391,       95.1422,      825.0015,       91.8538,      316.3020,     1068.3739,
42928                         , 8, 12,    7.5478,    737.5851,  0.025503,  0.060017,  0.094532,   44.3065,   82.7046,  121.1027,  133.050883,      101.3893,       96.2931,       90.8594,       97.7391,       95.1422,      822.6465,       91.8538,      312.4575,     1067.0891,
42928                         , 8, 13,    8.7343,    699.1598,  0.025503,  0.060017,  0.094532,   44.3065,   82.7046,  121.1027,  133.050883,      101.3893,       96.2931,       90.8594,       97.7391,       95.1422,      674.6742,       91.8538,       95.8198,      990.7545,
42928                         , 8, 14,    8.8178,    696.4937,  0.025503,  0.060017,  0.094532,   44.3065,   82.7046,  121.1027,  133.050883,      101.3893,       96.2931,       90.8594,       97.7391,       95.1422,      663.1149,       91.8538,       95.8198,      985.2043,
42928                         , 8, 15,    8.8325,    695.2563,  0.025503,  0.060017,  0.094532,   44.3065,   82.7046,  121.1027,  133.050883,      101.3893,       96.2931,       90.8594,       97.7391,       95.1422,      661.0621,       91.8538,       95.8198,      984.2233,
42928                         , 8, 16,    9.1451,    686.0755,  0.025503,  0.060017,  0.094532,   44.3065,   82.7046,  121.1027,  133.050883,      101.3893,       96.2931,       90.8594,       97.7391,       95.1422,      615.8339,       91.8538,       95.8198,      963.1818,
42928                         , 8, 17,    9.4609,    675.3284,  0.025503,  0.060017,  0.094532,   44.3065,   82.7046,  121.1027,  133.050883,      101.3893,       96.2931,       90.8594,       97.7391,       95.1422,      566.4779,       91.8538,       95.8198,      941.5133,
42928                         , 8, 18,    9.5597,    674.2315,  0.025503,  0.060017,  0.094532,   44.3065,   82.7046,  121.1027,  133.050883,      101.3893,       96.2931,       90.8594,       97.7391,       95.1422,      550.0896,       91.8538,       95.8198,      934.6448,
42928                         , 8, 19,    9.6535,    668.7272,  0.025503,  0.060017,  0.094532,   44.3065,   82.7046,  121.1027,  133.050883,      101.3893,       96.2931,       90.8594,       97.7391,       95.1422,      534.1021,       91.8538,       95.8198,      928.0814,
42928                         , 8, 20,    9.6741,    668.1515,  0.025503,  0.060017,  0.094532,   44.3065,   82.7046,  121.1027,  133.050883,      101.3893,       96.2931,       90.8594,       97.7391,       95.1422,      530.5006,       91.8538,       95.8198,      926.6375,
42928                         , 8, 21,    9.6782,    668.0385,  0.025503,  0.060017,  0.094532,   44.3065,   82.7046,  121.1027,  133.050883,      101.3893,       96.2931,       90.8594,       97.7391,       95.1422,      529.7810,       91.8538,       95.8198,      926.3494,
42928                         , 8, 22,   10.4505,    641.4725,  0.025503,  0.060017,  0.094532,   44.3065,   82.7046,  121.1027,  133.050883,      101.3893,       96.2931,       90.8594,       97.7391,       95.1422,      368.8366,       91.8538,       95.8198,      870.5985,
42928                         , 8, 23,   10.4864,    637.7403,  0.025503,  0.060017,  0.094532,   44.3065,   82.7046,  121.1027,  133.050883,      101.3893,       96.2931,       90.8594,       97.7391,       95.1422,      359.3555,       91.8538,       95.8198,      867.9340,
42928                         , 8, 24,   10.6204,    633.2152,  0.025503,  0.060017,  0.094532,   44.3065,   82.7046,  121.1027,  133.050883,      101.3893,       96.2931,       90.8594,       97.7391,       95.1422,      320.9339,       91.8538,       95.8198,      857.9186,
42928                         , 8, 25,   10.8698,    622.6749,  0.025503,  0.060017,  0.094532,   44.3065,   82.7046,  121.1027,  133.050883,      101.3893,       96.2931,       90.8594,       97.7391,       95.1422,      226.8339,       91.8538,       95.8198,      838.9914,
42928                         , 8, 26,   10.9600,    619.6810,  0.025503,  0.060017,  0.094532,   44.3065,   82.7046,  121.1027,  133.050883,      101.3893,       96.2931,       90.8594,       97.7391,       95.1422,      176.2845,       91.8538,       95.8198,      832.0571,
42928                         , 8, 27,   10.9975,    617.1783,  0.025503,  0.060017,  0.094532,   44.3065,   82.7046,  121.1027,  133.050883,      101.3893,       96.2931,       90.8594,       97.7391,       95.1422,      145.2123,       91.8538,       95.8198,      829.1604,
42928                         , 8, 28,   11.5402,    594.5547,  0.025503,  0.060017,  0.094532,   44.3065,   82.7046,  121.1027,  133.050883,      101.3893,       96.2931,       90.8594,       97.7391,       95.1422,       91.2628,       91.8538,       95.8198,      786.1673,
42928                         , 8, 29,   11.6424,    589.6752,  0.025503,  0.060017,  0.094532,   44.3065,   82.7046,  121.1027,  133.050883,      101.3893,       96.2931,       90.8594,       97.7391,       95.1422,       91.2628,       91.8538,       95.8198,      777.8293,
42928                         , 8, 30,   11.8253,    580.8219,  0.025503,  0.060017,  0.094532,   44.3065,   82.7046,  121.1027,  133.050883,      101.3893,       96.2931,       90.8594,       97.7391,       95.1422,       91.2628,       91.8538,       95.8198,      762.6992,
42928                         , 8, 31,   11.9523,    575.0789,  0.025503,  0.060017,  0.094532,   44.3065,   82.7046,  121.1027,  133.050883,      101.3893,       96.2931,       90.8594,       97.7391,       95.1422,       91.2628,       91.8538,       95.8198,      752.0189,
42928                         , 8, 32,   12.4251,    553.9840,  0.025503,  0.060017,  0.094532,   44.3065,   82.7046,  121.1027,  133.050883,      101.3893,       96.2931,       90.8594,       97.7391,       95.1422,       91.2628,       91.8538,       95.8198,      710.9540,
42928                         , 8, 33,   12.4597,    551.2406,  0.025503,  0.060017,  0.094532,   44.3065,   82.7046,  121.1027,  133.050883,      101.3893,       96.2931,       90.8594,       97.7391,       95.1422,       91.2628,       91.8538,       95.8198,      707.8555,
42928                         , 8, 34,   12.6283,    543.6665,  0.025503,  0.060017,  0.094532,   44.3065,   82.7046,  121.1027,  133.050883,      101.3893,       96.2931,       90.8594,       97.7391,       95.1422,       91.2628,       91.8538,       95.8198,      692.5913,
42928                         , 8, 35,   12.7760,    536.1629,  0.025503,  0.060017,  0.094532,   44.3065,   82.7046,  121.1027,  133.050883,      101.3893,       96.2931,       90.8594,       97.7391,       95.1422,       91.2628,       91.8538,       95.8198,      678.9464,
42928                         , 8, 36,   12.9971,    525.5943,  0.025503,  0.060017,  0.094532,   44.3065,   82.7046,  121.1027,  133.050883,      101.3893,       96.2931,       90.8594,       97.7391,       95.1422,       91.2628,       91.8538,       95.8198,      658.0433,
42928                         , 8, 37,   13.4070,    501.6169,  0.025503,  0.060017,  0.094532,   44.3065,   82.7046,  121.1027,  133.050883,      101.3893,       96.2931,       90.8594,       97.7391,       95.1422,       91.2628,       91.8538,       95.8198,      619.6951,
42928                         , 8, 38,   13.5718,    492.9241,  0.025503,  0.060017,  0.094532,   44.3065,   82.7046,  121.1027,  133.050883,      101.3893,       96.2931,       90.8594,       97.7391,       95.1422,       91.2628,       91.8538,       95.8198,      619.6951,
42928                         , 8, 39,   13.8471,    474.6923,  0.025503,  0.060017,  0.094532,   44.3065,   82.7046,  121.1027,  133.050883,      101.3893,       96.2931,       90.8594,       97.7391,       95.1422,       91.2628,       91.8538,       95.8198,      619.6951,
35497                         , 1,  1,    0.0000,  20363.3595,  0.604630,  0.605022,  0.605414,   29.3155,   94.6577,  160.0000,    1.539968,    20316.2294,    20349.2736,    20382.3836,    20316.2294,    20349.2736,    20382.3836,    20316.2294,    20349.2736,    20382.3836,
35497                         , 1,  2,    0.6118,  20362.5195,  0.604630,  0.605022,  0.605414,   29.3155,   94.6577,  160.0000,    1.539968,    20314.4381,    20347.4824,    20380.5924,    20315.9990,    20349.0442,    20382.1551,    20316.2850,    20349.3303,    20382.4414,
35497                         , 1,  3,    1.4276,  20361.2316,  0.604630,  0.605022,  0.605414,   29.3155,   94.6577,  160.0000,    1.539968,    20311.7287,    20344.7720,    20377.8811,    20315.4057,    20348.4512,    20381.5624,    20316.0794,    20349.1253,    20382.2369,
35497                         , 1,  4,    2.1688,  20359.9124,  0.604630,  0.605022,  0.605414,   29.3155,   94.6577,  160.0000,    1.539968,    20308.9755,    20342.0172,    20375.1245,    20314.5937,    20347.6388,    20380.7496,    20315.6231,    20348.6688,    20381.7803,
35497                         , 1,  5,    2.2253,  20359.8208,  0.604630,  0.605022,  0.605414,   29.3155,   94.6577,  160.0000,    1.539968,    20308.7580,    20341.7995,    20374.9066,    20314.5245,    20347.5696,    20380.6802,    20315.5811,    20348.6268,    20381.7381,
35497                         , 1,  6,    3.0070,  20358.2944,  0.604630,  0.605022,  0.605414,   29.3155,   94.6577,  160.0000,    1.539968,    20305.6257,    20338.6649,    20371.7698,    20313.4373,    20346.4814,    20379.5911,    20314.8687,    20347.9136,    20381.0243,
35497                         , 1,  7,    4.1303,  20356.1381,  0.604630,  0.605022,  0.605414,   29.3155,   94.6577,  160.0000,    1.539968,    20300.9635,    20333.9987,    20367.0996,    20311.6823,    20344.7241,    20377.8315,    20313.6463,    20346.6893,    20379.7980,
35497                         , 1,  8,    5.1548,  20354.2365,  0.604630,  0.605022,  0.605414,   29.3155,   94.6577,  160.0000,    1.539968,    20296.7594,    20329.7913,    20362.8889,    20310.0883,    20343.1283,    20376.2340,    20312.5307,    20345.5722,    20378.6793,
35497                         , 1,  9,    5.9360,  20353.0394,  0.604630,  0.605022,  0.605414,   29.3155,   94.6577,  160.0000,    1.539968,    20293.6851,    20326.7146,    20359.8101,    20308.9833,    20342.0220,    20375.1267,    20311.7866,    20344.8269,    20377.9333,
35497                         , 1, 10,    6.6360,  20351.5630,  0.604630,  0.605022,  0.605414,   29.3155,   94.6577,  160.0000,    1.539968,    20291.0658,    20324.0942,    20357.1882,    20308.1202,    20341.1586,    20374.2626,    20311.2453,    20344.2855,    20377.3913,
35497                         , 1, 11,    7.1637,  20350.6465,  0.604630,  0.605022,  0.605414,   29.3155,   94.6577,  160.0000,    1.539968,    20289.1805,    20322.2081,    20355.3013,    20307.5581,    20340.5963,    20373.7003,    20310.9256,    20343.9659,    20377.0717,
35497                         , 1, 12,    7.6281,  20349.7344,  0.604630,  0.605022,  0.605414,   29.3155,   94.6577,  160.0000,    1.539968,    20287.5868,    20320.6136,    20353.7062,    20307.1312,    20340.1694,    20373.2733,    20310.7127,    20343.7529,    20376.8588,
35497                         , 1, 13,    8.7988,  20347.4781,  0.604630,  0.605022,  0.605414,   29.3155,   94.6577,  160.0000,    1.539968,    20283.7977,    20316.8235,    20349.9149,    20306.3123,    20339.3510,    20372.4554,    20310.4381,    20343.4792,    20376.5859,
35497                         , 1, 14,    9.9738,  20345.5356,  0.604630,  0.605022,  0.605414,   29.3155,   94.6577,  160.0000,    1.539968,    20280.2127,    20313.2380,    20346.3291,    20305.7848,    20338.8249,    20371.9307,    20310.4709,    20343.5137,    20376.6222,
35497                         , 1, 15,   10.3390,  20344.8251,  0.604630,  0.605022,  0.605414,   29.3155,   94.6577,  160.0000,    1.539968,    20279.1145,    20312.1398,    20345.2308,    20305.6594,    20338.7002,    20371.8067,    20310.5238,    20343.5675,    20376.6769,
35497                         , 1, 16,   11.2333,  20343.3103,  0.604630,  0.605022,  0.605414,   29.3155,   94.6577,  160.0000,    1.539968,    20276.4058,    20309.4308,    20342.5215,    20305.3862,    20338.4283,    20371.5362,    20310.6971,    20343.7424,    20376.8534,
35497                         , 1, 17,   12.2227,  20341.7904,  0.604630,  0.605022,  0.605414,   29.3155,   94.6577,  160.0000,    1.539968,    20273.3052,    20306.3295,    20339.4195,    20305.0696,    20338.1134,    20371.2229,    20310.8910,    20343.9383,    20377.0513,
35497                         , 1, 18,   13.0453,  20340.3809,  0.604630,  0.605022,  0.605414,   29.3155,   94.6577,  160.0000,    1.539968,    20270.5836,    20303.6064,    20336.6951,    20304.7336,    20337.7781,    20370.8885,    20310.9923,    20344.0409,    20377.1552,
35497                         , 1, 19,   13.3646,  20339.8040,  0.604630,  0.605022,  0.605414,   29.3155,   94.6577,  160.0000,    1.539968,    20269.4820,    20302.5053,    20335.5939,    20304.5750,    20337.6205,    20370.7311,    20311.0066,    20344.0562,    20377.1708,
35497                         , 1, 20,   14.2042,  20338.1410,  0.604630,  0.605022,  0.605414,   29.3155,   94.6577,  160.0000,    1.539968,    20266.4489,    20299.4697,    20332.5564,    20304.0592,    20337.1049,    20370.2165,    20310.9525,    20344.0028,    20377.1189,
35497                         , 1, 21,   15.1933,  20336.2860,  0.604630,  0.605022,  0.605414,   29.3155,   94.6577,  160.0000,    1.539968,    20262.6078,    20295.6258,    20328.7095,    20303.2435,    20336.2894,    20369.4011,    20310.6917,    20343.7427,    20376.8595,
35497                         , 1, 22,   15.7200,  20335.3149,  0.604630,  0.605022,  0.605414,   29.3155,   94.6577,  160.0000,    1.539968,    20260.4415,    20293.4571,    20326.5387,    20302.7084,    20335.7538,    20368.8651,    20310.4557,    20343.5066,    20376.6234,
35497                         , 1, 23,   16.1815,  20334.3837,  0.604630,  0.605022,  0.605414,   29.3155,   94.6577,  160.0000,    1.539968,    20258.4749,    20291.4888,    20324.5685,    20302.1803,    20335.2256,    20368.3367,    20310.1916,    20343.2426,    20376.3594,
35497                         , 1, 24,   16.7086,  20333.4883,  0.604630,  0.605022,  0.605414,   29.3155,   94.6577,  160.0000,    1.539968,    20256.1575,    20289.1686,    20322.2456,    20301.5124,    20334.5568,    20367.6671,    20309.8263,    20342.8767,    20375.9931,
35497                         , 1, 25,   18.1598,  20330.5462,  0.604630,  0.605022,  0.605414,   29.3155,   94.6577,  160.0000,    1.539968,    20249.4582,    20282.4618,    20315.5311,    20299.3607,    20332.4027,    20365.5105,    20308.5089,    20341.5579,    20374.6728,
35497                         , 1, 26,   19.1487,  20328.4800,  0.604630,  0.605022,  0.605414,   29.3155,   94.6577,  160.0000,    1.539968,    20244.7331,    20277.7310,    20310.7946,    20297.7131,    20330.7527,    20363.8582,    20307.4258,    20340.4731,    20373.5862,
35497                         , 1, 27,   19.6741,  20327.2672,  0.604630,  0.605022,  0.605414,   29.3155,   94.6577,  160.0000,    1.539968,    20242.2128,    20275.2078,    20308.2683,    20296.8152,    20329.8536,    20362.9578,    20306.8255,    20339.8720,    20372.9841,
35497                         , 2,  1,    0.0000,  20112.3145,  0.601467,  0.602216,  0.602966,   29.3155,   94.6577,  160.0000,   12.361606,    19963.1555,    20025.1483,    20087.3751,    19963.1555,    20025.1483,    20087.3751,    19963.1555,    20025.1483,    20087.3751,
35497                         , 2,  2,    0.4843,  20110.1851,  0.601467,  0.602216,  0.602966,   29.3155,   94.6577,  160.0000,   12.361606,    19958.9391,    20020.9276,    20083.1502,    19961.8679,    20023.8595,    20086.0852,    19962.4046,    20024.3967,    20086.6229,
35497                         , 2,  3,    0.9734,  20107.9232,  0.601467,  0.602216,  0.602966,   29.3155,   94.6577,  160.0000,   12.361606,    19954.7597,    20016.7442,    20078.9629,    19960.6503,    20022.6409,    20084.8658,    19961.7296,    20023.7214,    20085.9474,
35497                         , 2,  4,    1.9514,  20103.2902,  0.601467,  0.602216,  0.602966,   29.3155,   94.6577,  160.0000,   12.361606,    19946.5845,    20008.5618,    20070.7733,    19958.4579,    20020.4478,    20082.6720,    19960.6335,    20022.6257,    20084.8522,
35497                         , 2,  5,    2.9291,  20099.0626,  0.601467,  0.602216,  0.602966,   29.3155,   94.6577,  160.0000,   12.361606,    19938.4976,    20000.4682,    20062.6727,    19956.5123,    20018.5028,    20080.7275,    19959.8134,    20021.8076,    20084.0359,
35497                         , 2,  6,    3.4179,  20096.8942,  0.601467,  0.602216,  0.602966,   29.3155,   94.6577,  160.0000,   12.361606,    19934.4038,    19996.3706,    20058.5713,    19955.5795,    20017.5705,    20079.7956,    19959.4600,    20021.4554,    20083.6850,
35497                         , 2,  7,    4.3953,  20092.7228,  0.601467,  0.602216,  0.602966,   29.3155,   94.6577,  160.0000,   12.361606,    19925.9372,    19987.8943,    20050.0855,    19953.6594,    20015.6510,    20077.8767,    19958.7399,    20020.7378,    20082.9699,
35497                         , 2,  8,    4.6396,  20091.7028,  0.601467,  0.602216,  0.602966,   29.3155,   94.6577,  160.0000,   12.361606,    19923.7408,    19985.6951,    20047.8834,    19953.1489,    20015.1405,    20077.3662,    19958.5384,    20020.5369,    20082.7695,
35497                         , 2,  9,    5.3725,  20088.3502,  0.601467,  0.602216,  0.602966,   29.3155,   94.6577,  160.0000,   12.361606,    19916.9203,    19978.8641,    20041.0419,    19951.5004,    20013.4912,    20075.7161,    19957.8382,    20019.8377,    20082.0712,
35497                         , 2, 10,    5.6168,  20087.1951,  0.601467,  0.602216,  0.602966,   29.3155,   94.6577,  160.0000,   12.361606,    19914.5660,    19976.5058,    20038.6797,    19950.9055,    20012.8958,    20075.1203,    19957.5660,    20019.5656,    20081.7992,
35497                         , 2, 11,    6.1052,  20084.6271,  0.601467,  0.602216,  0.602966,   29.3155,   94.6577,  160.0000,   12.361606,    19909.7362,    19971.6670,    20033.8319,    19949.6405,    20011.6293,    20073.8522,    19956.9547,    20018.9542,    20081.1876,
35497                         , 2, 12,    6.3495,  20083.4948,  0.601467,  0.602216,  0.602966,   29.3155,   94.6577,  160.0000,   12.361606,    19907.2622,    19969.1882,    20031.3482,    19948.9693,    20010.9571,    20073.1791,    19956.6142,    20018.6134,    20080.8466,
35497                         , 2, 13,    6.5937,  20082.2719,  0.601467,  0.602216,  0.602966,   29.3155,   94.6577,  160.0000,   12.361606,    19904.7514,    19966.6723,    20028.8273,    19948.2726,    20010.2593,    20072.4800,    19956.2502,    20018.2489,    20080.4817,
35497                         , 2, 14,    7.0820,  20079.5964,  0.601467,  0.602216,  0.602966,   29.3155,   94.6577,  160.0000,   12.361606,    19899.6292,    19961.5395,    20023.6836,    19946.8051,    20008.7891,    20071.0072,    19955.4532,    20017.4506,    20079.6822,
35497                         , 2, 15,    7.3261,  20078.5237,  0.601467,  0.602216,  0.602966,   29.3155,   94.6577,  160.0000,   12.361606,    19897.0236,    19958.9283,    20021.0668,    19946.0366,    20008.0190,    20070.2356,    19955.0216,    20017.0183,    20079.2491,
35497                         , 2, 16,    8.0585,  20074.6567,  0.601467,  0.602216,  0.602966,   29.3155,   94.6577,  160.0000,   12.361606,    19889.0681,    19950.9551,    20013.0757,    19943.6104,    20005.5875,    20067.7987,    19953.6098,    20015.6035,    20077.8312,
35497                         , 2, 17,    8.3026,  20073.3953,  0.601467,  0.602216,  0.602966,   29.3155,   94.6577,  160.0000,   12.361606,    19886.3815,    19948.2625,    20010.3769,    19942.7678,    20004.7429,    20066.9521,    19953.1055,    20015.0979,    20077.3244,
35497                         , 2, 18,    9.0347,  20069.2765,  0.601467,  0.602216,  0.602966,   29.3155,   94.6577,  160.0000,   12.361606,    19878.2654,    19940.1280,    20002.2239,    19940.1674,    20002.1363,    20064.3392,    19951.5170,    20013.5055,    20075.7280,
35497                         , 2, 19,    9.2787,  20068.1249,  0.601467,  0.602216,  0.602966,   29.3155,   94.6577,  160.0000,   12.361606,    19875.5522,    19937.4086,    19999.4983,    19939.2837,    20001.2505,    20063.4512,    19950.9691,    20012.9561,    20075.1772,
35497                         , 2, 20,   10.0107,  20064.1489,  0.601467,  0.602216,  0.602966,   29.3155,   94.6577,  160.0000,   12.361606,    19867.4292,    19929.2673,    19991.3385,    19936.6118,    19998.5720,    20060.7661,    19949.2972,    20011.2799,    20073.4965,
35497                         , 2, 21,   10.9864,  20059.1540,  0.601467,  0.602216,  0.602966,   29.3155,   94.6577,  160.0000,   12.361606,    19856.7214,    19918.5362,    19980.5837,    19933.0707,    19995.0224,    20057.2079,    19947.0710,    20009.0479,    20071.2587,
35497                         , 2, 22,   11.9618,  20054.1394,  0.601467,  0.602216,  0.602966,   29.3155,   94.6577,  160.0000,   12.361606,    19846.2378,    19908.0310,    19970.0568,    19929.6423,    19991.5863,    20053.7640,    19944.9369,    20006.9087,    20069.1144,
35497                         , 2, 23,   13.4246,  20047.6488,  0.601467,  0.602216,  0.602966,   29.3155,   94.6577,  160.0000,   12.361606,    19830.9740,    19892.7380,    19954.7345,    19924.8337,    19986.7683,    20048.9365,    19942.0466,    20004.0125,    20066.2124,
35497                         , 2, 24,   13.9120,  20045.2590,  0.601467,  0.602216,  0.602966,   29.3155,   94.6577,  160.0000,   12.361606,    19825.9926,    19887.7474,    19949.7347,    19923.3304,    19985.2624,    20047.4280,    19941.1814,    20003.1459,    20065.3445,
35497                         , 2, 25,   14.3994,  20043.0778,  0.601467,  0.602216,  0.602966,   29.3155,   94.6577,  160.0000,   12.361606,    19821.0492,    19882.7951,    19944.7734,    19921.8750,    19983.8047,    20045.9678,    19940.3660,    20002.3294,    20064.5268,
35497                         , 2, 26,   14.8867,  20040.5075,  0.601467,  0.602216,  0.602966,   29.3155,   94.6577,  160.0000,   12.361606,    19816.1314,    19877.8684,    19939.8378,    19920.4634,    19982.3909,    20044.5520,    19939.5978,    20001.5603,    20063.7568,
35497                         , 2, 27,   15.3740,  20038.0631,  0.601467,  0.602216,  0.602966,   29.3155,   94.6577,  160.0000,   12.361606,    19811.2245,    19872.9523,    19934.9128,    19919.0896,    19981.0151,    20043.1742,    19938.8725,    20000.8343,    20063.0301,
35497                         , 2, 28,   15.8612,  20035.5090,  0.601467,  0.602216,  0.602966,   29.3155,   94.6577,  160.0000,   12.361606,    19806.3112,    19868.0297,    19929.9810,    19917.7455,    19979.6691,    20041.8264,    19938.1836,    20000.1448,    20062.3400,
35497                         , 2, 29,   16.8354,  20030.5573,  0.601467,  0.602216,  0.602966,   29.3155,   94.6577,  160.0000,   12.361606,    19796.3992,    19858.0982,    19920.0304,    19915.1092,    19977.0292,    20039.1830,    19936.8832,    19998.8437,    20061.0382,
35497                         , 2, 30,   17.3224,  20028.1201,  0.601467,  0.602216,  0.602966,   29.3155,   94.6577,  160.0000,   12.361606,    19791.3629,    19853.0510,    19914.9725,    19913.7943,    19975.7123,    20037.8640,    19936.2519,    19998.2120,    20060.4059,
35497                         , 2, 31,   18.0527,  20024.5284,  0.601467,  0.602216,  0.602966,   29.3155,   94.6577,  160.0000,   12.361606,    19783.6551,    19845.3257,    19907.2299,    19911.7905,    19973.7051,    20035.8537,    19935.2962,    19997.2555,    20059.4486,
35497                         , 2, 32,   18.2961,  20023.3569,  0.601467,  0.602216,  0.602966,   29.3155,   94.6577,  160.0000,   12.361606,    19781.0376,    19842.7019,    19904.5999,    19911.1081,    19973.0215,    20035.1688,    19934.9694,    19996.9284,    20059.1212,
35497                         , 2, 33,   18.5395,  20022.0000,  0.601467,  0.602216,  0.602966,   29.3155,   94.6577,  160.0000,   12.361606,    19778.3927,    19840.0506,    19901.9422,    19910.4158,    19972.3278,    20034.4738,    19934.6361,    19996.5947,    20058.7870,
35497                         , 2, 34,   19.0263,  20019.3299,  0.601467,  0.602216,  0.602966,   29.3155,   94.6577,  160.0000,   12.361606,    19773.0166,    19834.6611,    19896.5392,    19908.9961,    19970.9053,    20033.0484,    19933.9438,    19995.9015,    20058.0929,
35497                         , 2, 35,   19.2696,  20018.1022,  0.601467,  0.602216,  0.602966,   29.3155,   94.6577,  160.0000,   12.361606,    19770.2837,    19831.9211,    19893.7922,    19908.2661,    19970.1738,    20032.3154,    19933.5822,    19995.5394,    20057.7302,
35497                         , 2, 36,   19.9996,  20013.8378,  0.601467,  0.602216,  0.602966,   29.3155,   94.6577,  160.0000,   12.361606,    19761.8959,    19823.5108,    19885.3593,    19905.9815,    19967.8838,    20030.0201,    19932.4203,    19994.3753,    20056.5637,
35497                         , 3,  1,    0.0000,  20012.7031,  0.600789,  0.601962,  0.603135,   29.3155,   94.6577,  160.0000,    2.069848,    19876.7320,    19973.4107,    20070.6610,    19876.7320,    19973.4107,    20070.6610,    19876.7320,    19973.4107,    20070.6610,
35497                         , 3,  2,    0.7297,  20008.3430,  0.600789,  0.601962,  0.603135,   29.3155,   94.6577,  160.0000,    2.069848,    19868.2463,    19964.9143,    20062.1535,    19874.4769,    19971.1553,    20068.4051,    19875.6186,    19972.2989,    20069.5506,
35497                         , 3,  3,    1.2161,  20005.8474,  0.600789,  0.601962,  0.603135,   29.3155,   94.6577,  160.0000,    2.069848,    19862.4204,    19959.0796,    20056.3097,    19872.8886,    19969.5660,    20066.8146,    19874.8067,    19971.4874,    20068.7395,
35497                         , 3,  4,    1.7024,  20002.7413,  0.600789,  0.601962,  0.603135,   29.3155,   94.6577,  160.0000,    2.069848,    19856.4555,    19953.1046,    20050.3243,    19871.2223,    19967.8980,    20065.1448,    19873.9282,    19970.6088,    20067.8606,
35497                         , 3,  5,    2.1886,  20000.1739,  0.600789,  0.601962,  0.603135,   29.3155,   94.6577,  160.0000,    2.069848,    19850.3599,    19946.9977,    20044.2060,    19869.4747,    19966.1481,    20063.3924,    19872.9774,    19969.6574,    20066.9083,
35497                         , 3,  6,    2.6747,  19997.2321,  0.600789,  0.601962,  0.603135,   29.3155,   94.6577,  160.0000,    2.069848,    19844.1465,    19940.7719,    20037.9677,    19867.6456,    19964.3160,    20061.5572,    19871.9519,    19968.6306,    20065.8801,
35497                         , 3,  7,    4.1326,  19988.1147,  0.600789,  0.601962,  0.603135,   29.3155,   94.6577,  160.0000,    2.069848,    19824.9913,    19921.5745,    20018.7281,    19861.7191,    19958.3768,    20055.6051,    19868.4504,    19965.1217,    20062.3637,
35497                         , 3,  8,    4.6185,  19985.2733,  0.600789,  0.601962,  0.603135,   29.3155,   94.6577,  160.0000,    2.069848,    19818.5133,    19915.0816,    20012.2207,    19859.6298,    19956.2822,    20053.5055,    19867.1656,    19963.8335,    20061.0722,
35497                         , 3,  9,    5.1042,  19982.2695,  0.600789,  0.601962,  0.603135,   29.3155,   94.6577,  160.0000,    2.069848,    19812.0330,    19908.5865,    20005.7110,    19857.5071,    19954.1541,    20051.3721,    19865.8418,    19962.5059,    20059.7410,
35497                         , 3, 10,    6.0754,  19977.0291,  0.600789,  0.601962,  0.603135,   29.3155,   94.6577,  160.0000,    2.069848,    19799.1672,    19895.6920,    19992.7882,    19853.2308,    19949.8664,    20047.0738,    19863.1403,    19959.7962,    20057.0239,
35497                         , 3, 11,    6.5609,  19974.3331,  0.600789,  0.601962,  0.603135,   29.3155,   94.6577,  160.0000,    2.069848,    19792.8273,    19889.3388,    19986.4217,    19851.1137,    19947.7439,    20044.9461,    19861.7974,    19958.4493,    20055.6733,
35497                         , 3, 12,    7.0463,  19971.6005,  0.600789,  0.601962,  0.603135,   29.3155,   94.6577,  160.0000,    2.069848,    19786.5698,    19883.0688,    19980.1392,    19849.0332,    19945.6582,    20042.8557,    19860.4827,    19957.1309,    20054.3515,
35497                         , 3, 13,    7.7743,  19967.9405,  0.600789,  0.601962,  0.603135,   29.3155,   94.6577,  160.0000,    2.069848,    19777.3579,    19873.8397,    19970.8929,    19846.0141,    19942.6321,    20039.8232,    19858.5990,    19955.2420,    20052.4583,
35497                         , 3, 14,    8.5021,  19963.8182,  0.600789,  0.601962,  0.603135,   29.3155,   94.6577,  160.0000,    2.069848,    19768.3633,    19864.8300,    19961.8679,    19843.1518,    19939.7642,    20036.9501,    19856.8609,    19953.5001,    20050.7131,
35497                         , 3, 15,    8.7446,  19961.9298,  0.600789,  0.601962,  0.603135,   29.3155,   94.6577,  160.0000,    2.069848,    19765.4106,    19861.8726,    19958.9058,    19842.2367,    19938.8476,    20036.0320,    19856.3194,    19952.9576,    20050.1698,
35497                         , 3, 16,    9.7146,  19955.0328,  0.600789,  0.601962,  0.603135,   29.3155,   94.6577,  160.0000,    2.069848,    19753.7763,    19850.2216,    19947.2375,    19838.7715,    19935.3781,    20032.5581,    19854.3520,    19950.9882,    20048.1983,
35497                         , 3, 17,   10.1995,  19951.9342,  0.600789,  0.601962,  0.603135,   29.3155,   94.6577,  160.0000,    2.069848,    19748.0255,    19844.4631,    19941.4709,    19837.1441,    19933.7495,    20030.9280,    19853.4808,    19950.1171,    20047.3269,
35497                         , 3, 18,   10.6843,  19948.9215,  0.600789,  0.601962,  0.603135,   29.3155,   94.6577,  160.0000,    2.069848,    19742.2810,    19838.7108,    19935.7105,    19835.5698,    19932.1746,    20029.3519,    19852.6714,    19949.3083,    20046.5183,
35497                         , 3, 19,   11.6536,  19943.5699,  0.600789,  0.601962,  0.603135,   29.3155,   94.6577,  160.0000,    2.069848,    19730.6665,    19827.0794,    19924.0612,    19832.4988,    19929.1031,    20026.2781,    19851.1678,    19947.8071,    20045.0180,
35497                         , 3, 20,   12.6225,  19937.9107,  0.600789,  0.601962,  0.603135,   29.3155,   94.6577,  160.0000,    2.069848,    19718.6551,    19815.0463,    19912.0062,    19829.3730,    19925.9763,    20023.1482,    19849.6731,    19946.3149,    20043.5264,
35497                         , 3, 21,   13.1069,  19935.2715,  0.600789,  0.601962,  0.603135,   29.3155,   94.6577,  160.0000,    2.069848,    19712.4298,    19808.8081,    19905.7543,    19827.7312,    19924.3331,    20021.5026,    19848.8730,    19945.5154,    20042.7268,
35497                         , 3, 22,   13.5911,  19932.2307,  0.600789,  0.601962,  0.603135,   29.3155,   94.6577,  160.0000,    2.069848,    19706.0335,    19802.3964,    19899.3272,    19826.0105,    19922.6101,    20019.7766,    19848.0112,    19944.6536,    20041.8644,
35497                         , 3, 23,   14.0753,  19929.4781,  0.600789,  0.601962,  0.603135,   29.3155,   94.6577,  160.0000,    2.069848,    19699.4627,    19795.8084,    19892.7221,    19824.1985,    19920.7948,    20017.9577,    19847.0738,    19943.7153,    20040.9250,
35497                         , 3, 24,   15.2853,  19922.6650,  0.600789,  0.601962,  0.603135,   29.3155,   94.6577,  160.0000,    2.069848,    19682.3373,    19778.6324,    19875.4957,    19819.2410,    19915.8246,    20012.9748,    19844.3531,    19940.9890,    20038.1929,
35497                         , 3, 25,   15.7692,  19919.6474,  0.600789,  0.601962,  0.603135,   29.3155,   94.6577,  160.0000,    2.069848,    19675.2614,    19771.5342,    19868.3752,    19817.0959,    19913.6728,    20010.8169,    19843.1148,    19939.7469,    20036.9475,
35497                         , 3, 26,   16.7366,  19914.1329,  0.600789,  0.601962,  0.603135,   29.3155,   94.6577,  160.0000,    2.069848,    19660.8814,    19757.1075,    19853.9015,    19812.5878,    19909.1493,    20006.2794,    19840.4223,    19937.0451,    20034.2372,
35497                         , 3, 27,   17.2202,  19911.6109,  0.600789,  0.601962,  0.603135,   29.3155,   94.6577,  160.0000,    2.069848,    19653.6395,    19749.8420,    19846.6121,    19810.2556,    19906.8088,    20003.9312,    19838.9931,    19935.6105,    20032.7978,
35497                         , 3, 28,   18.6705,  19903.4696,  0.600789,  0.601962,  0.603135,   29.3155,   94.6577,  160.0000,    2.069848,    19632.0473,    19728.1811,    19824.8815,    19803.1484,    19899.6759,    19996.7747,    19834.5495,    19931.1497,    20028.3213,
35497                         , 3, 29,   19.1538,  19900.8824,  0.600789,  0.601962,  0.603135,   29.3155,   94.6577,  160.0000,    2.069848,    19624.9656,    19721.0782,    19817.7568,    19800.7940,    19897.3133,    19994.4044,    19833.0641,    19929.6587,    20026.8251,
35497                         , 3, 30,   19.6370,  19898.0045,  0.600789,  0.601962,  0.603135,   29.3155,   94.6577,  160.0000,    2.069848,    19617.9664,    19714.0585,    19810.7163,    19798.4687,    19894.9802,    19992.0639,    19831.5979,    19928.1872,    20025.3484,
35497                         , 4,  1,    0.0000,  19615.1484,  0.595611,  0.597785,  0.599960,   29.3155,   94.6577,  160.0000,    2.051396,    19412.3140,    19587.1108,    19763.8082,    19412.3140,    19587.1108,    19763.8082,    19412.3140,    19587.1108,    19763.8082,
35497                         , 4,  2,    0.4771,  19610.6089,  0.595611,  0.597785,  0.599960,   29.3155,   94.6577,  160.0000,    2.051396,    19402.3656,    19577.1339,    19753.8021,    19409.3048,    19584.0939,    19760.7832,    19410.5764,    19585.3694,    19762.0626,
35497                         , 4,  3,    0.9542,  19605.9730,  0.595611,  0.597785,  0.599960,   29.3155,   94.6577,  160.0000,    2.051396,    19392.2932,    19567.0308,    19743.6679,    19406.2037,    19580.9837,    19757.6636,    19408.7530,    19583.5408,    19760.2285,
35497                         , 4,  4,    1.1927,  19603.9569,  0.595611,  0.597785,  0.599960,   29.3155,   94.6577,  160.0000,    2.051396,    19387.2252,    19561.9468,    19738.5678,    19404.6245,    19579.3995,    19756.0742,    19407.8133,    19582.5980,    19759.2826,
35497                         , 4,  5,    1.6696,  19598.9232,  0.595611,  0.597785,  0.599960,   29.3155,   94.6577,  160.0000,    2.051396,    19377.0545,    19551.7435,    19728.3319,    19401.4217,    19576.1859,    19752.8498,    19405.8877,    19580.6656,    19757.3434,
35497                         , 4,  6,    2.3848,  19591.8910,  0.595611,  0.597785,  0.599960,   29.3155,   94.6577,  160.0000,    2.051396,    19361.7987,    19536.4385,    19712.9784,    19396.5503,    19571.2972,    19747.9441,    19402.9199,    19577.6864,    19754.3529,
35497                         , 4,  7,    2.8615,  19587.6395,  0.595611,  0.597785,  0.599960,   29.3155,   94.6577,  160.0000,    2.051396,    19351.6881,    19526.2961,    19702.8046,    19393.2919,    19568.0271,    19744.6626,    19400.9178,    19575.6762,    19752.3350,
35497                         , 4,  8,    3.0998,  19585.5501,  0.595611,  0.597785,  0.599960,   29.3155,   94.6577,  160.0000,    2.051396,    19346.6639,    19521.2565,    19697.7499,    19391.6680,    19566.3973,    19743.0273,    19399.9172,    19574.6717,    19751.3266,
35497                         , 4,  9,    3.5764,  19581.3453,  0.595611,  0.597785,  0.599960,   29.3155,   94.6577,  160.0000,    2.051396,    19336.6938,    19511.2570,    19687.7215,    19388.4431,    19563.1613,    19739.7805,    19397.9290,    19572.6757,    19749.3232,
35497                         , 4, 10,    4.0528,  19577.1403,  0.595611,  0.597785,  0.599960,   29.3155,   94.6577,  160.0000,    2.051396,    19326.8431,    19501.3792,    19677.8164,    19385.2635,    19559.9712,    19736.5803,    19395.9726,    19570.7119,    19747.3525,
35497                         , 4, 11,    4.5293,  19572.6955,  0.595611,  0.597785,  0.599960,   29.3155,   94.6577,  160.0000,    2.051396,    19317.1161,    19491.6269,    19668.0389,    19382.1414,    19556.8396,    19733.4396,    19394.0617,    19568.7943,    19745.4286,
35497                         , 4, 12,    5.0056,  19568.2357,  0.595611,  0.597785,  0.599960,   29.3155,   94.6577,  160.0000,    2.051396,    19307.5109,    19481.9987,    19658.3874,    19379.0861,    19553.7759,    19730.3676,    19392.2074,    19566.9343,    19743.5632,
35497                         , 4, 13,    5.4818,  19564.0662,  0.595611,  0.597785,  0.599960,   29.3155,   94.6577,  160.0000,    2.051396,    19298.0168,    19472.4837,    19648.8510,    19376.1020,    19550.7845,    19727.3691,    19390.4170,    19565.1392,    19741.7636,
35497                         , 4, 14,    5.9580,  19560.0456,  0.595611,  0.597785,  0.599960,   29.3155,   94.6577,  160.0000,    2.051396,    19288.6151,    19463.0628,    19639.4101,    19373.1889,    19547.8654,    19724.4439,    19388.6938,    19563.4124,    19740.0332,
35497                         , 4, 15,    6.1961,  19556.7512,  0.595611,  0.597785,  0.599960,   29.3155,   94.6577,  160.0000,    2.051396,    19283.9412,    19458.3798,    19634.7175,    19371.7577,    19546.4315,    19723.0074,    19387.8573,    19562.5745,    19739.1938,
35497                         , 4, 16,    6.6721,  19551.5641,  0.595611,  0.597785,  0.599960,   29.3155,   94.6577,  160.0000,    2.051396,    19274.6275,    19449.0486,    19625.3677,    19368.9408,    19543.6102,    19720.1812,    19386.2319,    19560.9470,    19737.5642,
35497                         , 4, 17,    7.1480,  19547.0237,  0.595611,  0.597785,  0.599960,   29.3155,   94.6577,  160.0000,    2.051396,    19265.3313,    19439.7351,    19616.0359,    19366.1751,    19540.8409,    19717.4078,    19384.6641,    19559.3781,    19735.9939,
35497                         , 4, 18,    7.3859,  19544.4862,  0.595611,  0.597785,  0.599960,   29.3155,   94.6577,  160.0000,    2.051396,    19260.6781,    19435.0732,    19611.3646,    19364.8071,    19539.4713,    19716.0364,    19383.8988,    19558.6126,    19735.2279,
35497                         , 4, 19,    8.0995,  19537.1914,  0.595611,  0.597785,  0.599960,   29.3155,   94.6577,  160.0000,    2.051396,    19246.6406,    19421.0086,    19597.2705,    19360.7377,    19535.3980,    19711.9578,    19381.6585,    19556.3724,    19732.9871,
35497                         , 4, 20,    8.5752,  19532.4241,  0.595611,  0.597785,  0.599960,   29.3155,   94.6577,  160.0000,    2.051396,    19237.1640,    19411.5116,    19587.7519,    19358.0289,    19532.6865,    19709.2428,    19380.1919,    19554.9064,    19731.5210,
35497                         , 4, 21,    9.5262,  19523.0522,  0.595611,  0.597785,  0.599960,   29.3155,   94.6577,  160.0000,    2.051396,    19217.7681,    19392.0668,    19568.2549,    19352.5348,    19527.1858,    19703.7330,    19377.2507,    19551.9660,    19728.5799,
35497                         , 4, 22,   10.4768,  19514.2233,  0.595611,  0.597785,  0.599960,   29.3155,   94.6577,  160.0000,    2.051396,    19197.5605,    19371.7938,    19547.9148,    19346.8070,    19521.4466,    19697.9806,    19374.1840,    19548.8976,    19725.5085,
35497                         , 4, 23,   12.8518,  19491.6096,  0.595611,  0.597785,  0.599960,   29.3155,   94.6577,  160.0000,    2.051396,    19142.8879,    19316.8659,    19492.7307,    19330.8236,    19505.4000,    19681.8690,    19365.3217,    19540.0072,    19716.5887,
35497                         , 4, 24,   13.0891,  19488.9262,  0.595611,  0.597785,  0.599960,   29.3155,   94.6577,  160.0000,    2.051396,    19137.1188,    19311.0648,    19486.8976,    19329.0816,    19503.6487,    19680.1086,    19364.3217,    19539.0022,    19715.5788,
35497                         , 4, 25,   13.5638,  19483.8784,  0.595611,  0.597785,  0.599960,   29.3155,   94.6577,  160.0000,    2.051396,    19125.4637,    19299.3438,    19475.1105,    19325.5299,    19500.0773,    19676.5180,    19362.2633,    19536.9329,    19713.4987,
35497                         , 4, 26,   14.0383,  19478.6982,  0.595611,  0.597785,  0.599960,   29.3155,   94.6577,  160.0000,    2.051396,    19113.6869,    19287.4991,    19463.1974,    19321.8991,    19496.4255,    19672.8456,    19360.1340,    19534.7914,    19711.3454,
35497                         , 4, 27,   14.5127,  19475.1941,  0.595611,  0.597785,  0.599960,   29.3155,   94.6577,  160.0000,    2.051396,    19101.8312,    19275.5742,    19451.2026,    19318.2044,    19492.7087,    19669.1072,    19357.9438,    19532.5880,    19709.1292,
35497                         , 4, 28,   15.2242,  19465.8301,  0.595611,  0.597785,  0.599960,   29.3155,   94.6577,  160.0000,    2.051396,    19083.9871,    19257.6259,    19433.1484,    19312.5775,    19487.0473,    19663.4120,    19354.5694,    19529.1924,    19705.7129,
35497                         , 4, 29,   15.4613,  19463.2391,  0.595611,  0.597785,  0.599960,   29.3155,   94.6577,  160.0000,    2.051396,    19078.0436,    19251.6478,    19427.1350,    19310.6880,    19485.1460,    19661.4993,    19353.4273,    19528.0430,    19704.5563,
35497                         , 4, 30,   15.9354,  19458.1396,  0.595611,  0.597785,  0.599960,   29.3155,   94.6577,  160.0000,    2.051396,    19066.1906,    19239.7266,    19415.1439,    19306.9009,    19481.3355,    19657.6657,    19351.1272,    19525.7281,    19702.2267,
35497                         , 4, 31,   16.4094,  19453.2356,  0.595611,  0.597785,  0.599960,   29.3155,   94.6577,  160.0000,    2.051396,    19054.4098,    19227.8791,    19403.2279,    19303.1166,    19477.5279,    19653.8351,    19348.8170,    19523.4030,    19699.8869,
35497                         , 4, 32,   16.6464,  19450.5726,  0.595611,  0.597785,  0.599960,   29.3155,   94.6577,  160.0000,    2.051396,    19048.5555,    19221.9923,    19397.3074,    19301.2305,    19475.6302,    19651.9261,    19347.6623,    19522.2408,    19698.7173,
35497                         , 4, 33,   17.1202,  19445.3859,  0.595611,  0.597785,  0.599960,   29.3155,   94.6577,  160.0000,    2.051396,    19036.9341,    19210.3073,    19385.5568,    19297.4791,    19471.8563,    19648.1298,    19345.3613,    19519.9252,    19696.3871,
35497                         , 4, 34,   17.5940,  19440.6046,  0.595611,  0.597785,  0.599960,   29.3155,   94.6577,  160.0000,    2.051396,    19025.4437,    19198.7559,    19373.9422,    19293.7663,    19468.1217,    19644.3734,    19343.0814,    19517.6312,    19694.0789,
35497                         , 4, 35,   18.0676,  19435.6267,  0.595611,  0.597785,  0.599960,   29.3155,   94.6577,  160.0000,    2.051396,    19014.0958,    19187.3494,    19362.4763,    19290.1022,    19464.4374,    19640.6682,    19340.8330,    19515.3695,    19691.8035,
35497                         , 4, 36,   18.5412,  19430.7464,  0.595611,  0.597785,  0.599960,   29.3155,   94.6577,  160.0000,    2.051396,    19002.8808,    19176.0804,    19351.1529,    19286.4909,    19460.8075,    19637.0194,    19338.6224,    19513.1467,    19689.5684,
35497                         , 4, 37,   19.0146,  19426.0673,  0.595611,  0.597785,  0.599960,   29.3155,   94.6577,  160.0000,    2.051396,    18991.7937,    19164.9417,    19339.9622,    19282.9374,    19457.2364,    19633.4305,    19336.4564,    19510.9693,    19687.3794,
35497                         , 4, 38,   19.4880,  19421.2541,  0.595611,  0.597785,  0.599960,   29.3155,   94.6577,  160.0000,    2.051396,    18980.8278,    19153.9262,    19328.8972,    19279.4455,    19453.7280,    19629.9054,    19334.3409,    19508.8433,    19685.2426,
35497                         , 5,  1,    0.0000,  18323.7721,  0.574469,  0.581017,  0.587564,   29.3155,   94.6577,  160.0000,    2.311095,    17741.8081,    18220.6005,    18714.5946,    17741.8081,    18220.6005,    18714.5946,    17741.8081,    18220.6005,    18714.5946,
35497                         , 5,  2,    0.4491,  18312.0144,  0.574469,  0.581017,  0.587564,   29.3155,   94.6577,  160.0000,    2.311095,    17716.3531,    18194.9329,    18688.7068,    17734.0285,    18212.7597,    18706.6908,    17737.2673,    18216.0261,    18709.9860,
35497                         , 5,  3,    0.6736,  18306.0113,  0.574469,  0.581017,  0.587564,   29.3155,   94.6577,  160.0000,    2.311095,    17703.5501,    18182.0192,    18675.6777,    17730.1302,    18208.8300,    18702.7285,    17735.0008,    18213.7429,    18707.6854,
35497                         , 5,  4,    0.8980,  18299.8722,  0.574469,  0.581017,  0.587564,   29.3155,   94.6577,  160.0000,    2.311095,    17690.6779,    18169.0323,    18662.5708,    17726.2198,    18204.8874,    18698.7523,    17732.7331,    18211.4581,    18705.3829,
35497                         , 5,  5,    1.3466,  18288.2326,  0.574469,  0.581017,  0.587564,   29.3155,   94.6577,  160.0000,    2.311095,    17664.6702,    18142.7801,    18636.0621,    17718.3436,    18196.9432,    18690.7367,    17728.1811,    18206.8704,    18700.7578,
35497                         , 5,  6,    1.7950,  18276.4544,  0.574469,  0.581017,  0.587564,   29.3155,   94.6577,  160.0000,    2.311095,    17638.2198,    18116.0559,    18609.0499,    17710.3599,    18188.8837,    18682.5967,    17723.5841,    18202.2339,    18696.0792,
35497                         , 5,  7,    2.0191,  18270.9923,  0.574469,  0.581017,  0.587564,   29.3155,   94.6577,  160.0000,    2.311095,    17624.7782,    18102.4631,    18595.2980,    17706.3096,    18184.7914,    18678.4598,    17721.2566,    18199.8844,    18693.7063,
35497                         , 5,  8,    2.4671,  18259.8489,  0.574469,  0.581017,  0.587564,   29.3155,   94.6577,  160.0000,    2.311095,    17597.3982,    18074.7530,    18567.2415,    17698.0659,    18176.4555,    18670.0263,    17716.5248,    18195.1042,    18688.8744,
35497                         , 5,  9,    2.6910,  18253.7537,  0.574469,  0.581017,  0.587564,   29.3155,   94.6577,  160.0000,    2.311095,    17583.4457,    18060.6205,    18552.9214,    17693.8654,    18172.2045,    18665.7220,    17714.1147,    18192.6674,    18686.4091,
35497                         , 5, 10,    2.9148,  18248.4197,  0.574469,  0.581017,  0.587564,   29.3155,   94.6577,  160.0000,    2.311095,    17569.3081,    18046.2912,    18538.3866,    17689.6075,    18167.8924,    18661.3511,    17711.6712,    18190.1949,    18683.9049,
35497                         , 5, 11,    3.3623,  18237.2922,  0.574469,  0.581017,  0.587564,   29.3155,   94.6577,  160.0000,    2.311095,    17540.4408,    18016.9990,    18508.6516,    17680.9018,    18159.0653,    18652.3960,    17706.6700,    18185.1281,    18678.7684,
35497                         , 5, 12,    3.5860,  18231.2197,  0.574469,  0.581017,  0.587564,   29.3155,   94.6577,  160.0000,    2.311095,    17525.7089,    18002.0387,    18493.4537,    17676.4506,    18154.5482,    18647.8096,    17704.1087,    18182.5307,    18676.1330,
35497                         , 5, 13,    4.2565,  18212.7641,  0.574469,  0.581017,  0.587564,   29.3155,   94.6577,  160.0000,    2.311095,    17480.3645,    17955.9253,    18446.5298,    17662.7003,    18140.5724,    18633.5937,    17696.1707,    18174.4676,    18667.9355,
35497                         , 5, 14,    4.7032,  18199.4504,  0.574469,  0.581017,  0.587564,   29.3155,   94.6577,  160.0000,    2.311095,    17449.2029,    17924.1877,    18414.1942,    17653.1996,    18130.8996,    18623.7417,    17690.6586,    18168.8581,    18662.2244,
35497                         , 5, 15,    4.9265,  18192.1487,  0.574469,  0.581017,  0.587564,   29.3155,   94.6577,  160.0000,    2.311095,    17433.3765,    17908.0612,    18397.7556,    17648.3570,    18125.9664,    18618.7145,    17687.8397,    18165.9874,    18659.2999,
35497                         , 5, 16,    5.1496,  18185.1933,  0.574469,  0.581017,  0.587564,   29.3155,   94.6577,  160.0000,    2.311095,    17417.4079,    17891.7854,    18381.1533,    17643.4588,    18120.9750,    18613.6234,    17684.9817,    18163.0759,    18656.3310,
35497                         , 5, 17,    5.8186,  18165.0067,  0.574469,  0.581017,  0.587564,   29.3155,   94.6577,  160.0000,    2.311095,    17368.8218,    17842.2084,    18330.5031,    17628.4808,    18105.6909,    18598.0095,    17676.2015,    18154.1178,    18647.1813,
35497                         , 5, 18,    6.0415,  18158.3375,  0.574469,  0.581017,  0.587564,   29.3155,   94.6577,  160.0000,    2.311095,    17352.4550,    17825.4890,    18313.4136,    17623.4103,    18100.5105,    18592.7148,    17673.2156,    18151.0674,    18644.0641,
35497                         , 5, 19,    6.7096,  18135.1969,  0.574469,  0.581017,  0.587564,   29.3155,   94.6577,  160.0000,    2.311095,    17303.0959,    17775.0621,    18261.8616,    17608.0509,    18084.8148,    18576.6691,    17664.1329,    18141.7859,    18634.5762,
35497                         , 5, 20,    6.9322,  18126.8040,  0.574469,  0.581017,  0.587564,   29.3155,   94.6577,  160.0000,    2.311095,    17286.6274,    17758.2365,    18244.6594,    17602.9054,    18079.5562,    18571.2924,    17661.0785,    18138.6642,    18631.3845,
35497                         , 5, 21,    7.5992,  18103.4003,  0.574469,  0.581017,  0.587564,   29.3155,   94.6577,  160.0000,    2.311095,    17237.4355,    17707.9799,    18193.2818,    17587.4836,    18063.7965,    18555.1787,    17651.8952,    18129.2784,    18621.7875,
35497                         , 5, 22,    8.0435,  18089.1397,  0.574469,  0.581017,  0.587564,   29.3155,   94.6577,  160.0000,    2.311095,    17204.9490,    17674.8206,    18159.3903,    17577.2659,    18053.3641,    18544.5132,    17645.7916,    18123.0452,    18615.4145,
35497                         , 5, 23,    8.2656,  18081.9905,  0.574469,  0.581017,  0.587564,   29.3155,   94.6577,  160.0000,    2.311095,    17188.8254,    17658.3791,    18142.5939,    17572.1876,    18048.1850,    18539.2199,    17642.7538,    18119.9464,    18612.2468,
35497                         , 5, 24,    8.7094,  18066.8242,  0.574469,  0.581017,  0.587564,   29.3155,   94.6577,  160.0000,    2.311095,    17156.8595,    17625.7940,    18109.3462,    17562.1120,    18037.9103,    18528.7329,    17636.7201,    18113.7927,    18605.9648,
35497                         , 5, 25,    8.9312,  18059.3501,  0.574469,  0.581017,  0.587564,   29.3155,   94.6577,  160.0000,    2.311095,    17141.0285,    17609.6607,    18092.8957,    17557.1199,    18032.8207,    18523.5411,    17633.7287,    18110.7426,    18602.8528,
35497                         , 5, 26,    9.1529,  18053.4221,  0.574469,  0.581017,  0.587564,   29.3155,   94.6577,  160.0000,    2.311095,    17125.3031,    17593.6382,    18076.5613,    17552.1609,    18027.7657,    18518.3854,    17630.7570,    18107.7126,    18599.7618,
35497                         , 5, 27,    9.5961,  18040.6309,  0.574469,  0.581017,  0.587564,   29.3155,   94.6577,  160.0000,    2.311095,    17094.1734,    17561.9303,    18044.2464,    17542.3474,    18017.7652,    18508.1886,    17624.8770,    18101.7190,    18593.6490,
35497                         , 5, 28,   10.0391,  18028.9678,  0.574469,  0.581017,  0.587564,   29.3155,   94.6577,  160.0000,    2.311095,    17063.4672,    17530.6673,    18012.3984,    17532.6772,    18007.9148,    18498.1490,    17619.0869,    18095.8195,    18587.6347,
35497                         , 5, 29,   10.7030,  18008.0869,  0.574469,  0.581017,  0.587564,   29.3155,   94.6577,  160.0000,    2.311095,    17018.1343,    17484.5450,    17965.4374,    17518.4278,    17993.4140,    18483.3781,    17610.5697,    18087.1503,    18578.8037,
35497                         , 5, 30,   11.3663,  17989.8614,  0.574469,  0.581017,  0.587564,   29.3155,   94.6577,  160.0000,    2.311095,    16973.4810,    17439.1684,    17919.2829,    17504.4373,    17979.1929,    18468.9139,    17602.2331,    18078.6747,    18570.1820,
35497                         , 5, 31,   11.5873,  17982.6516,  0.574469,  0.581017,  0.587564,   29.3155,   94.6577,  160.0000,    2.311095,    16958.7115,    17424.1624,    17904.0308,    17499.8216,    17974.5027,    18464.1459,    17599.4897,    18075.8866,    18567.3473,
35497                         , 5, 32,   11.8081,  17976.3656,  0.574469,  0.581017,  0.587564,   29.3155,   94.6577,  160.0000,    2.311095,    16943.9838,    17409.2010,    17888.8253,    17495.2255,    17969.8331,    18459.3994,    17596.7618,    18073.1148,    18564.5295,
35497                         , 5, 33,   12.2497,  17964.6857,  0.574469,  0.581017,  0.587564,   29.3155,   94.6577,  160.0000,    2.311095,    16914.6156,    17379.3715,    17858.5121,    17486.0802,    17960.5430,    18449.9578,    17591.3456,    18067.6126,    18558.9370,
35497                         , 5, 34,   12.4704,  17958.1180,  0.574469,  0.581017,  0.587564,   29.3155,   94.6577,  160.0000,    2.311095,    16899.9562,    17364.4835,    17843.3833,    17481.5250,    17955.9162,    18445.2560,    17588.6537,    18064.8786,    18556.1585,
35497                         , 5, 35,   12.9116,  17945.3832,  0.574469,  0.581017,  0.587564,   29.3155,   94.6577,  160.0000,    2.311095,    16870.6386,    17334.7097,    17813.1276,    17472.4333,    17946.6822,    18435.8726,    17583.2930,    18059.4346,    18550.6263,
35497                         , 5, 36,   13.3525,  17932.6320,  0.574469,  0.581017,  0.587564,   29.3155,   94.6577,  160.0000,    2.311095,    16841.2571,    17304.8676,    17782.7949,    17463.3442,    17937.4506,    18426.4912,    17577.9490,    18054.0079,    18545.1121,
35497                         , 5, 37,   14.0133,  17913.0441,  0.574469,  0.581017,  0.587564,   29.3155,   94.6577,  160.0000,    2.311095,    16796.8991,    17259.7822,    17736.9280,    17449.6567,    17923.5438,    18412.3461,    17569.9276,    18045.8604,    18536.8269,
35497                         , 5, 38,   14.4535,  17900.2850,  0.574469,  0.581017,  0.587564,   29.3155,   94.6577,  160.0000,    2.311095,    16767.0094,    17229.3728,    17705.9787,    17440.4531,    17914.1824,    18402.8182,    17564.5490,    18040.3915,    18531.2621,
35497                         , 5, 39,   15.7723,  17860.4568,  0.574469,  0.581017,  0.587564,   29.3155,   94.6577,  160.0000,    2.311095,    16675.0414,    17135.7296,    17610.5709,    17412.1530,    17885.3702,    18373.4623,    17548.0540,    18023.6047,    18514.1652,
35497                         , 5, 40,   17.3078,  17815.2626,  0.574469,  0.581017,  0.587564,   29.3155,   94.6577,  160.0000,    2.311095,    16562.0625,    17020.3548,    17492.6468,    17377.2508,    17849.7188,    18337.0169,    17527.7098,    18002.8304,    18492.9376,
35497                         , 5, 41,   17.7459,  17801.5206,  0.574469,  0.581017,  0.587564,   29.3155,   94.6577,  160.0000,    2.311095,    16528.5400,    16986.0635,    17457.5129,    17366.8339,    17839.0562,    18326.0893,    17521.6208,    17996.5983,    18486.5513,
35497                         , 5, 42,   17.9648,  17794.5929,  0.574469,  0.581017,  0.587564,   29.3155,   94.6577,  160.0000,    2.311095,    16511.5842,    16968.6974,    17439.7123,    17361.5497,    17833.6424,    18320.5389,    17518.5279,    17993.4295,    18483.3022,
35497                         , 5, 43,   18.4024,  17780.5151,  0.574469,  0.581017,  0.587564,   29.3155,   94.6577,  160.0000,    2.311095,    16477.2888,    16933.5571,    17403.6818,    17350.8331,    17822.6591,    18309.2745,    17512.2448,    17986.9897,    18476.6969,
35497                         , 5, 44,   18.6211,  17773.3935,  0.574469,  0.581017,  0.587564,   29.3155,   94.6577,  160.0000,    2.311095,    16459.9636,    16915.8001,    17385.4701,    17345.4052,    17817.0942,    18303.5655,    17509.0568,    17983.7210,    18473.3432,
35497                         , 5, 45,   19.0582,  17758.5727,  0.574469,  0.581017,  0.587564,   29.3155,   94.6577,  160.0000,    2.311095,    16424.9930,    16879.9552,    17348.7037,    17334.4238,    17805.8325,    18292.0046,    17502.5945,    17977.0932,    18466.5376,
35497                         , 5, 46,   19.2767,  17752.0898,  0.574469,  0.581017,  0.587564,   29.3155,   94.6577,  160.0000,    2.311095,    16407.3749,    16861.8916,    17330.1676,    17328.8764,    17800.1421,    18286.1548,    17499.3236,    17973.7376,    18463.0866,
35497                         , 5, 47,   19.7134,  17737.6898,  0.574469,  0.581017,  0.587564,   29.3155,   94.6577,  160.0000,    2.311095,    16394.2065,    16846.4625,    17312.5700,    17317.6863,    17788.6598,    18274.3372,    17492.7117,    17966.9516,    18456.1007,
35497                         , 6,  1,    0.0000,  16119.8133,  0.534818,  0.551523,  0.568228,   51.5065,   84.1776,  116.8488,  312.604905,    15061.7410,    16102.3736,    17223.5282,    15061.7410,    16102.3736,    17223.5282,    15061.7410,    16102.3736,    17223.5282,
35497                         , 6,  2,    0.4011,  16102.6267,  0.534818,  0.551523,  0.568228,   51.5065,   84.1776,  116.8488,  312.604905,    14986.7292,    16025.8800,    17145.3900,    15015.9187,    16055.6544,    17175.8129,    15028.7902,    16068.7836,    17189.2287,
35497                         , 6,  3,    0.6016,  16093.3123,  0.534818,  0.551523,  0.568228,   51.5065,   84.1776,  116.8488,  312.604905,    14948.4722,    15986.7731,    17105.3392,    14992.5443,    16031.7649,    17151.3499,    15011.9810,    16051.6070,    17171.6428,
35497                         , 6,  4,    1.0021,  16074.3009,  0.534818,  0.551523,  0.568228,   51.5065,   84.1776,  116.8488,  312.604905,    14870.3536,    15906.7229,    17023.1478,    14944.8002,    15982.8478,    17101.1291,    14977.6429,    16016.4314,    17135.5348,
35497                         , 6,  5,    1.8020,  16036.8264,  0.534818,  0.551523,  0.568228,   51.5065,   84.1776,  116.8488,  312.604905,    14707.6025,    15739.1159,    16850.0744,    14845.2358,    15880.3251,    16995.2629,    14906.0026,    15942.6735,    17059.3787,
35497                         , 6,  6,    2.0017,  16026.2369,  0.534818,  0.551523,  0.568228,   51.5065,   84.1776,  116.8488,  312.604905,    14665.5295,    15695.5315,    16804.8217,    14819.4724,    15853.6365,    16967.5507,    14887.4557,    15923.4622,    17039.4317,
35497                         , 6,  7,    2.6001,  15996.4333,  0.534818,  0.551523,  0.568228,   51.5065,   84.1776,  116.8488,  312.604905,    14535.7259,    15560.6941,    16664.4291,    14739.9060,    15770.9793,    16881.4785,    14830.1450,    15863.9280,    16977.4392,
35497                         , 6,  8,    2.9985,  15976.1214,  0.534818,  0.551523,  0.568228,   51.5065,   84.1776,  116.8488,  312.604905,    14446.4839,    15467.7416,    16567.3162,    14685.1376,    15713.9151,    16821.8530,    14790.6668,    15822.7945,    16934.4575,
35497                         , 6,  9,    3.5953,  15945.6589,  0.534818,  0.551523,  0.568228,   51.5065,   84.1776,  116.8488,  312.604905,    14309.2472,    15324.4034,    16416.5844,    14600.8033,    15625.7731,    16729.1317,    14729.8397,    15759.2024,    16867.5539,
35497                         , 6, 10,    3.7940,  15934.6567,  0.534818,  0.551523,  0.568228,   51.5065,   84.1776,  116.8488,  312.604905,    14262.7793,    15275.6379,    16365.1861,    14572.2097,    15595.7477,    16697.4724,    14709.2008,    15737.5243,    16844.6930,
35497                         , 6, 11,    4.9838,  15869.1355,  0.534818,  0.551523,  0.568228,   51.5065,   84.1776,  116.8488,  312.604905,    13978.3212,    14976.4038,    16049.2214,    14396.8476,    15411.1497,    16502.4151,    14582.4843,    15604.0972,    16703.6614,
35497                         , 6, 12,    5.7746,  15825.4381,  0.534818,  0.551523,  0.568228,   51.5065,   84.1776,  116.8488,  312.604905,    13786.5630,    14774.5292,    15835.8429,    14278.4199,    15286.3550,    16370.3984,    14496.8156,    15513.7820,    16608.0908,
35497                         , 6, 13,    6.5635,  15781.2604,  0.534818,  0.551523,  0.568228,   51.5065,   84.1776,  116.8488,  312.604905,    13596.1294,    14574.1293,    15624.1350,    14160.7351,    15162.3776,    16239.2858,    14411.6333,    15424.0064,    16513.1075,
35497                         , 6, 14,    6.7604,  15770.0921,  0.534818,  0.551523,  0.568228,   51.5065,   84.1776,  116.8488,  312.604905,    13548.9557,    14524.5285,    15571.7666,    14131.5837,    15131.6848,    16206.8452,    14390.5323,    15401.7775,    16489.6004,
35497                         , 6, 15,    7.5469,  15722.6581,  0.534818,  0.551523,  0.568228,   51.5065,   84.1776,  116.8488,  312.604905,    13362.7176,    14328.8647,    15365.3689,    14016.4967,    15010.6266,    16079.0061,    14307.2385,    15314.1072,    16396.9626,
35497                         , 6, 16,    7.9394,  15699.1408,  0.534818,  0.551523,  0.568228,   51.5065,   84.1776,  116.8488,  312.604905,    13271.1907,    14232.8503,    15264.2328,    13959.9821,    14951.2623,    16016.3988,    14266.3485,    15271.1267,    16351.6021,
35497                         , 6, 17,    8.1354,  15687.9440,  0.534818,  0.551523,  0.568228,   51.5065,   84.1776,  116.8488,  312.604905,    13225.8508,    14185.3273,    15214.2158,    13932.0058,    14921.8950,    15985.4503,    14246.0953,    15249.8689,    16329.1832,
35497                         , 6, 18,    8.7229,  15654.2528,  0.534818,  0.551523,  0.568228,   51.5065,   84.1776,  116.8488,  312.604905,    13091.4723,    14044.6970,    15066.3743,    13849.0420,    14835.0656,    15894.0429,    14186.0477,    15187.0398,    16262.9921,
35497                         , 6, 19,    8.9185,  15642.8391,  0.534818,  0.551523,  0.568228,   51.5065,   84.1776,  116.8488,  312.604905,    13047.1610,    13998.4517,    15017.8141,    13821.7025,    14806.5399,    15864.0460,    14166.2692,    15166.4014,    16241.2848,
35497                         , 6, 20,    9.1140,  15632.2721,  0.534818,  0.551523,  0.568228,   51.5065,   84.1776,  116.8488,  312.604905,    13003.0797,    13952.5097,    14969.5995,    13794.5153,    14778.2013,    15834.2772,    14146.6084,    15145.8960,    16219.7474,
35497                         , 6, 21,   10.0897,  15579.5031,  0.534818,  0.551523,  0.568228,   51.5065,   84.1776,  116.8488,  312.604905,    12785.8018,    13726.6288,    14733.1352,    13660.6341,    14638.8562,    15688.4912,    14049.8338,    15045.1022,    16114.3213,
35497                         , 6, 22,   11.0626,  15523.2409,  0.534818,  0.551523,  0.568228,   51.5065,   84.1776,  116.8488,  312.604905,    12572.4161,    13505.1588,    14502.3700,    13529.3498,    14502.4295,    15546.2588,    13954.9937,    14946.4998,    16011.4822,
35497                         , 6, 23,   12.0326,  15471.1761,  0.534818,  0.551523,  0.568228,   51.5065,   84.1776,  116.8488,  312.604905,    12360.6763,    13285.5811,    14273.8318,    13399.1169,    14367.1937,    15405.3806,    13860.9502,    14848.7955,    15909.6509,
35497                         , 6, 24,   12.6134,  15441.1396,  0.534818,  0.551523,  0.568228,   51.5065,   84.1776,  116.8488,  312.604905,    12233.3508,    13153.5305,    14136.1020,    13320.7299,    14285.7789,    15320.5310,    13804.3303,    14789.9567,    15848.3023,
35497                         , 6, 25,   13.0000,  15419.1730,  0.534818,  0.551523,  0.568228,   51.5065,   84.1776,  116.8488,  312.604905,    12148.0045,    13064.9430,    14043.4987,    13268.1289,    14231.1096,    15263.4210,    13766.3162,    14750.4197,    15807.0229,
35497                         , 6, 26,   13.5790,  15384.6962,  0.534818,  0.551523,  0.568228,   51.5065,   84.1776,  116.8488,  312.604905,    12018.9411,    12930.5724,    13902.8555,    13188.4295,    14148.1457,    15176.4602,    13708.6777,    14690.4017,    15744.1080,
35497                         , 6, 27,   13.9645,  15362.9553,  0.534818,  0.551523,  0.568228,   51.5065,   84.1776,  116.8488,  312.604905,    11931.8584,    12839.7076,    13807.6227,    13134.6048,    14091.8888,    15117.3846,    13669.7132,    14649.6771,    15701.3097,
35497                         , 6, 28,   14.5418,  15330.5423,  0.534818,  0.551523,  0.568228,   51.5065,   84.1776,  116.8488,  312.604905,    11799.1626,    12700.9792,    13662.0865,    13052.4154,    14005.7481,    15026.7718,    13610.1672,    14587.2156,    15635.5531,
35497                         , 6, 29,   14.9261,  15307.4744,  0.534818,  0.551523,  0.568228,   51.5065,   84.1776,  116.8488,  312.604905,    11709.1374,    12606.7824,    13563.0616,    12996.4612,    13947.0166,    14964.8748,    13569.5713,    14544.5479,    15590.5494,
35497                         , 6, 30,   15.1181,  15297.1209,  0.534818,  0.551523,  0.568228,   51.5065,   84.1776,  116.8488,  312.604905,    11663.6379,    12559.1400,    13512.9178,    12968.1027,    13917.2323,    14933.4474,    13548.9840,    14522.8833,    15567.6688,
35497                         , 6, 31,   15.6936,  15267.8121,  0.534818,  0.551523,  0.568228,   51.5065,   84.1776,  116.8488,  312.604905,    11525.1009,    12413.8129,    13359.4119,    12881.4889,    13826.1173,    14836.8387,    13485.9713,    14456.4961,    15497.1982,
35497                         , 6, 32,   16.0767,  15248.0649,  0.534818,  0.551523,  0.568228,   51.5065,   84.1776,  116.8488,  312.604905,    11431.0329,    12314.8923,    13254.3980,    12822.4584,    13763.7510,    14770.3741,    13442.9183,    14410.9665,    15448.5901,
35497                         , 6, 33,   17.4141,  15172.9177,  0.534818,  0.551523,  0.568228,   51.5065,   84.1776,  116.8488,  312.604905,    11149.7315,    12002.5812,    12910.8840,    12607.2393,    13534.7312,    14525.3930,    13285.3832,    14243.0256,    15268.5170,
35497                         , 6, 34,   17.9857,  15140.4882,  0.534818,  0.551523,  0.568228,   51.5065,   84.1776,  116.8488,  312.604905,    11149.7315,    12002.5812,    12910.8840,    12523.2670,    13434.2384,    14414.8813,    13214.7713,    14167.5164,    15186.7976,
35497                         , 6, 35,   18.9359,  15078.3009,  0.534818,  0.551523,  0.568228,   51.5065,   84.1776,  116.8488,  312.604905,    11149.7315,    12002.5812,    12910.8840,    12523.2670,    13434.2384,    14407.9752,    13180.8599,    14122.4495,    15130.3737,
35497                         , 7,  1,    0.0000,  11494.1092,  0.404739,  0.465709,  0.526679,   35.1710,   84.1776,  133.1843,  250.315083,     8941.4031,    11430.3695,    14560.5604,     8941.4031,    11430.3695,    14560.5604,     8941.4031,    11430.3695,    14560.5604,
35497                         , 7,  2,    2.7572,  11147.9162,  0.404739,  0.465709,  0.526679,   35.1710,   84.1776,  133.1843,  250.315083,     7359.2070,     9748.3268,    12727.4292,     8279.3729,    10723.0536,    13786.9865,     8522.8342,    10982.7333,    14070.6479,
35497                         , 7,  3,    3.0599,  11110.9594,  0.404739,  0.465709,  0.526679,   35.1710,   84.1776,  133.1843,  250.315083,     7177.2327,     9553.2874,    12510.5536,     8203.5456,    10640.5883,    13694.4474,     8474.8982,    10930.4384,    14011.8168,
35497                         , 7,  4,    3.6632,  11030.3471,  0.404739,  0.465709,  0.526679,   35.1710,   84.1776,  133.1843,  250.315083,     6810.4023,     9160.4902,    12073.1523,     8050.9376,    10474.2887,    13507.0764,     8378.4312,    10824.9053,    13892.6195,
35497                         , 7,  5,    4.7113,  10890.2303,  0.404739,  0.465709,  0.526679,   35.1710,   84.1776,  133.1843,  250.315083,     6161.1620,     8469.1126,    11302.3022,     7782.3733,    10181.1382,    13175.3302,     8208.6983,    10638.6737,    13681.1490,
35497                         , 7,  6,    5.0092,  10852.2646,  0.404739,  0.465709,  0.526679,   35.1710,   84.1776,  133.1843,  250.315083,     5974.1135,     8271.2973,    11081.7062,     7705.5322,    10097.2863,    13080.1612,     8160.1563,    10585.3729,    13620.4053,
35497                         , 7,  7,    6.7800,  10601.9681,  0.404739,  0.465709,  0.526679,   35.1710,   84.1776,  133.1843,  250.315083,     4836.9010,     7089.3087,     9772.3794,     7247.0722,     9598.9315,    12515.4052,     7871.0415,    10268.5893,    13259.6964,
35497                         , 7,  8,    8.6681,  10348.4519,  0.404739,  0.465709,  0.526679,   35.1710,   84.1776,  133.1843,  250.315083,     3540.7075,     5813.4135,     8395.8811,     6759.0482,     9074.6973,    11928.7411,     7564.9591,     9936.0854,    12885.1126,
35497                         , 7,  9,    8.9559,  10317.2610,  0.404739,  0.465709,  0.526679,   35.1710,   84.1776,  133.1843,  250.315083,     3329.4536,     5615.7207,     8187.3996,     6684.7489,     8995.5517,    11840.8972,     7518.5641,     9886.0010,    12829.0807,
35497                         , 7, 10,    9.9576,  10182.0133,  0.404739,  0.465709,  0.526679,   35.1710,   84.1776,  133.1843,  250.315083,     2543.0850,     4916.0111,     7461.0621,     6425.8030,     8720.9452,    11537.2539,     7357.3121,     9712.4558,    12635.4860,
35497                         , 7, 11,   11.7945,   9930.3349,  0.404739,  0.465709,  0.526679,   35.1710,   84.1776,  133.1843,  250.315083,      188.4598,     3548.3205,     6103.1773,     5944.7981,     8214.0450,    10977.7998,     7059.2516,     9392.3912,    12278.7369,
35497                         , 7, 12,   13.0491,   9769.4121,  0.404739,  0.465709,  0.526679,   35.1710,   84.1776,  133.1843,  250.315083,       89.9866,     2472.1698,     5127.6555,     5606.4629,     7857.3111,    10578.2452,     6850.0555,     9166.4357,    12022.2927,
35497                         , 7, 13,   14.0158,   9642.5020,  0.404739,  0.465709,  0.526679,   35.1710,   84.1776,  133.1843,  250.315083,       89.9866,     1944.4288,     4516.3462,     5337.0461,     7570.8775,    10252.9476,     6683.7466,     8984.2843,    11811.0258,
35497                         , 7, 14,   15.9240,   9377.8080,  0.404739,  0.465709,  0.526679,   35.1710,   84.1776,  133.1843,  250.315083,       89.9866,     1944.4288,     4516.3462,     4775.9364,     6970.8744,     9553.1352,     6338.6100,     8597.9652,    11347.0283,
35497                         , 7, 15,   17.1324,   9196.8556,  0.404739,  0.465709,  0.526679,   35.1710,   84.1776,  133.1843,  250.315083,       89.9866,     1944.4288,     4516.3462,     4695.5509,     6835.6675,     9357.4862,     6115.0730,     8337.3902,    11024.0557,
35497                         , 7, 16,   18.7201,   8944.6129,  0.404739,  0.465709,  0.526679,   35.1710,   84.1776,  133.1843,  250.315083,       89.9866,     1944.4288,     4516.3462,     4695.5509,     6835.6675,     9357.4862,     6115.0730,     8319.0679,    10980.3678,
35497                         , 8,  1,    0.0000,   4522.1114,  0.046725,  0.254372,  0.462018,   21.8782,   89.7829,  157.6877, 2443.547723,      732.2665,     4515.7717,    11219.9435,      732.2665,     4515.7717,    11219.9435,      732.2665,     4515.7717,    11219.9435,
35497                         , 8,  2,    0.8322,   4366.4971,  0.046725,  0.254372,  0.462018,   21.8782,   89.7829,  157.6877, 2443.547723,       87.7326,      106.8348,      217.9380,       88.8283,     1831.8501,     8641.8689,       97.4731,     3089.0895,     9742.4683,
35497                         , 8,  3,    1.8345,   4181.1820,  0.046725,  0.254372,  0.462018,   21.8782,   89.7829,  157.6877, 2443.547723,       87.7326,      106.8348,      114.1396,       88.8283,       80.6855,     5565.6034,       97.4731,      593.5039,     8013.3060,
35497                         , 8,  4,    3.7910,   3815.5667,  0.046725,  0.254372,  0.462018,   21.8782,   89.7829,  157.6877, 2443.547723,       87.7326,      106.8348,      114.1396,       88.8283,       80.6855,       80.5676,       97.4731,       80.2857,     4523.7090,
35497                         , 8,  5,    3.9657,   3779.1798,  0.046725,  0.254372,  0.462018,   21.8782,   89.7829,  157.6877, 2443.547723,       87.7326,      106.8348,      114.1396,       88.8283,       80.6855,       80.5676,       97.4731,       80.2857,     4183.4708,
35497                         , 8,  6,    4.6594,   3648.3648,  0.046725,  0.254372,  0.462018,   21.8782,   89.7829,  157.6877, 2443.547723,       87.7326,      106.8348,      114.1396,       88.8283,       80.6855,       80.5676,       97.4731,       80.2857,     2710.1319,
35497                         , 8,  7,    4.9174,   3596.0324,  0.046725,  0.254372,  0.462018,   21.8782,   89.7829,  157.6877, 2443.547723,       87.7326,      106.8348,      114.1396,       88.8283,       80.6855,       80.5676,       97.4731,       80.2857,     2064.7536,
35497                         , 8,  8,    4.9566,   3591.3056,  0.046725,  0.254372,  0.462018,   21.8782,   89.7829,  157.6877, 2443.547723,       87.7326,      106.8348,      114.1396,       88.8283,       80.6855,       80.5676,       97.4731,       80.2857,     1957.2439,
35497                         , 8,  9,    5.2596,   3534.4291,  0.046725,  0.254372,  0.462018,   21.8782,   89.7829,  157.6877, 2443.547723,       87.7326,      106.8348,      114.1396,       88.8283,       80.6855,       80.5676,       97.4731,       80.2857,      955.4620,
35497                         , 8, 10,    5.6000,   3470.4173,  0.046725,  0.254372,  0.462018,   21.8782,   89.7829,  157.6877, 2443.547723,       87.7326,      106.8348,      114.1396,       88.8283,       80.6855,       80.5676,       97.4731,       80.2857,       99.4258,
35497                         , 8, 11,    5.9382,   3401.4504,  0.046725,  0.254372,  0.462018,   21.8782,   89.7829,  157.6877, 2443.547723,       87.7326,      106.8348,      114.1396,       88.8283,       80.6855,       80.5676,       97.4731,       80.2857,       99.4258,
35497                         , 8, 12,    6.0225,   3383.9671,  0.046725,  0.254372,  0.462018,   21.8782,   89.7829,  157.6877, 2443.547723,       87.7326,      106.8348,      114.1396,       88.8283,       80.6855,       80.5676,       97.4731,       80.2857,       99.4258,
35497                         , 8, 13,    6.2744,   3335.6495,  0.046725,  0.254372,  0.462018,   21.8782,   89.7829,  157.6877, 2443.547723,       87.7326,      106.8348,      114.1396,       88.8283,       80.6855,       80.5676,       97.4731,       80.2857,       99.4258,
35497                         , 8, 14,    6.6085,   3266.0328,  0.046725,  0.254372,  0.462018,   21.8782,   89.7829,  157.6877, 2443.547723,       87.7326,      106.8348,      114.1396,       88.8283,       80.6855,       80.5676,       97.4731,       80.2857,       99.4258,
35497                         , 8, 15,    6.7096,   3245.5230,  0.046725,  0.254372,  0.462018,   21.8782,   89.7829,  157.6877, 2443.547723,       87.7326,      106.8348,      114.1396,       88.8283,       80.6855,       80.5676,       97.4731,       80.2857,       99.4258,
35497                         , 8, 16,    6.8491,   3214.5729,  0.046725,  0.254372,  0.462018,   21.8782,   89.7829,  157.6877, 2443.547723,       87.7326,      106.8348,      114.1396,       88.8283,       80.6855,       80.5676,       97.4731,       80.2857,       99.4258,
35497                         , 8, 17,    6.9404,   3191.7297,  0.046725,  0.254372,  0.462018,   21.8782,   89.7829,  157.6877, 2443.547723,       87.7326,      106.8348,      114.1396,       88.8283,       80.6855,       80.5676,       97.4731,       80.2857,       99.4258,
35497                         , 8, 18,    7.1879,   3139.8368,  0.046725,  0.254372,  0.462018,   21.8782,   89.7829,  157.6877, 2443.547723,       87.7326,      106.8348,      114.1396,       88.8283,       80.6855,       80.5676,       97.4731,       80.2857,       99.4258,
35497                         , 8, 19,    7.3522,   3104.3453,  0.046725,  0.254372,  0.462018,   21.8782,   89.7829,  157.6877, 2443.547723,       87.7326,      106.8348,      114.1396,       88.8283,       80.6855,       80.5676,       97.4731,       80.2857,       99.4258,
35497                         , 8, 20,    7.8084,   2994.9792,  0.046725,  0.254372,  0.462018,   21.8782,   89.7829,  157.6877, 2443.547723,       87.7326,      106.8348,      114.1396,       88.8283,       80.6855,       80.5676,       97.4731,       80.2857,       99.4258,
35497                         , 8, 21,    7.8415,   2987.6956,  0.046725,  0.254372,  0.462018,   21.8782,   89.7829,  157.6877, 2443.547723,       87.7326,      106.8348,      114.1396,       88.8283,       80.6855,       80.5676,       97.4731,       80.2857,       99.4258,
35497                         , 8, 22,    7.9226,   2970.0783,  0.046725,  0.254372,  0.462018,   21.8782,   89.7829,  157.6877, 2443.547723,       87.7326,      106.8348,      114.1396,       88.8283,       80.6855,       80.5676,       97.4731,       80.2857,       99.4258,
35497                         , 8, 23,    8.2455,   2903.6240,  0.046725,  0.254372,  0.462018,   21.8782,   89.7829,  157.6877, 2443.547723,       87.7326,      106.8348,      114.1396,       88.8283,       80.6855,       80.5676,       97.4731,       80.2857,       99.4258,
35497                         , 8, 24,    8.5664,   2830.0130,  0.046725,  0.254372,  0.462018,   21.8782,   89.7829,  157.6877, 2443.547723,       87.7326,      106.8348,      114.1396,       88.8283,       80.6855,       80.5676,       97.4731,       80.2857,       99.4258,
35497                         , 8, 25,    9.0244,   2725.9063,  0.046725,  0.254372,  0.462018,   21.8782,   89.7829,  157.6877, 2443.547723,       87.7326,      106.8348,      114.1396,       88.8283,       80.6855,       80.5676,       97.4731,       80.2857,       99.4258,
35497                         , 8, 26,    9.3608,   2652.9816,  0.046725,  0.254372,  0.462018,   21.8782,   89.7829,  157.6877, 2443.547723,       87.7326,      106.8348,      114.1396,       88.8283,       80.6855,       80.5676,       97.4731,       80.2857,       99.4258,
35497                         , 8, 27,    9.4080,   2643.0860,  0.046725,  0.254372,  0.462018,   21.8782,   89.7829,  157.6877, 2443.547723,       87.7326,      106.8348,      114.1396,       88.8283,       80.6855,       80.5676,       97.4731,       80.2857,       99.4258,
35497                         , 8, 28,    9.6049,   2593.2811,  0.046725,  0.254372,  0.462018,   21.8782,   89.7829,  157.6877, 2443.547723,       87.7326,      106.8348,      114.1396,       88.8283,       80.6855,       80.5676,       97.4731,       80.2857,       99.4258,
35497                         , 8, 29,    9.6720,   2571.1105,  0.046725,  0.254372,  0.462018,   21.8782,   89.7829,  157.6877, 2443.547723,       87.7326,      106.8348,      114.1396,       88.8283,       80.6855,       80.5676,       97.4731,       80.2857,       99.4258,
35497                         , 8, 30,   10.0599,   2470.9706,  0.046725,  0.254372,  0.462018,   21.8782,   89.7829,  157.6877, 2443.547723,       87.7326,      106.8348,      114.1396,       88.8283,       80.6855,       80.5676,       97.4731,       80.2857,       99.4258,
35497                         , 8, 31,   10.4172,   2361.7688,  0.046725,  0.254372,  0.462018,   21.8782,   89.7829,  157.6877, 2443.547723,       87.7326,      106.8348,      114.1396,       88.8283,       80.6855,       80.5676,       97.4731,       80.2857,       99.4258,
35497                         , 8, 32,   10.5256,   2332.2836,  0.046725,  0.254372,  0.462018,   21.8782,   89.7829,  157.6877, 2443.547723,       87.7326,      106.8348,      114.1396,       88.8283,       80.6855,       80.5676,       97.4731,       80.2857,       99.4258,
35497                         , 8, 33,   10.8592,   2234.8611,  0.046725,  0.254372,  0.462018,   21.8782,   89.7829,  157.6877, 2443.547723,       87.7326,      106.8348,      114.1396,       88.8283,       80.6855,       80.5676,       97.4731,       80.2857,       99.4258,
35497                         , 8, 34,   10.8984,   2221.6221,  0.046725,  0.254372,  0.462018,   21.8782,   89.7829,  157.6877, 2443.547723,       87.7326,      106.8348,      114.1396,       88.8283,       80.6855,       80.5676,       97.4731,       80.2857,       99.4258,
35497                         , 8, 35,   10.9736,   2200.2647,  0.046725,  0.254372,  0.462018,   21.8782,   89.7829,  157.6877, 2443.547723,       87.7326,      106.8348,      114.1396,       88.8283,       80.6855,       80.5676,       97.4731,       80.2857,       99.4258,
35497                         , 8, 36,   11.1984,   2136.3362,  0.046725,  0.254372,  0.462018,   21.8782,   89.7829,  157.6877, 2443.547723,       87.7326,      106.8348,      114.1396,       88.8283,       80.6855,       80.5676,       97.4731,       80.2857,       99.4258,
35497                         , 8, 37,   11.5699,   2027.1197,  0.046725,  0.254372,  0.462018,   21.8782,   89.7829,  157.6877, 2443.547723,       87.7326,      106.8348,      114.1396,       88.8283,       80.6855,       80.5676,       97.4731,       80.2857,       99.4258,
35497                         , 8, 38,   11.7123,   1982.4840,  0.046725,  0.254372,  0.462018,   21.8782,   89.7829,  157.6877, 2443.547723,       87.7326,      106.8348,      114.1396,       88.8283,       80.6855,       80.5676,       97.4731,       80.2857,       99.4258,
35497                         , 8, 39,   11.8403,   1933.1554,  0.046725,  0.254372,  0.462018,   21.8782,   89.7829,  157.6877, 2443.547723,       87.7326,      106.8348,      114.1396,       88.8283,       80.6855,       80.5676,       97.4731,       80.2857,       99.4258,
35497                         , 8, 40,   11.8639,   1927.0745,  0.046725,  0.254372,  0.462018,   21.8782,   89.7829,  157.6877, 2443.547723,       87.7326,      106.8348,      114.1396,       88.8283,       80.6855,       80.5676,       97.4731,       80.2857,       99.4258,
35497                         , 8, 41,   12.1550,   1831.9175,  0.046725,  0.254372,  0.462018,   21.8782,   89.7829,  157.6877, 2443.547723,       87.7326,      106.8348,      114.1396,       88.8283,       80.6855,       80.5676,       97.4731,       80.2857,       99.4258,
35497                         , 8, 42,   12.7535,   1601.3807,  0.046725,  0.254372,  0.462018,   21.8782,   89.7829,  157.6877, 2443.547723,       87.7326,      106.8348,      114.1396,       88.8283,       80.6855,       80.5676,       97.4731,       80.2857,       99.4258,
35497                         , 8, 43,   13.3569,   1366.5189,  0.046725,  0.254372,  0.462018,   21.8782,   89.7829,  157.6877, 2443.547723,       87.7326,      106.8348,      114.1396,       88.8283,       80.6855,       80.5676,       97.4731,       80.2857,       99.4258,
35497                         , 8, 44,   13.9090,   1059.4590,  0.046725,  0.254372,  0.462018,   21.8782,   89.7829,  157.6877, 2443.547723,       87.7326,      106.8348,      114.1396,       88.8283,       80.6855,       80.5676,       97.4731,       80.2857,       99.4258,
35497                         , 8, 45,   14.0339,    998.6463,  0.046725,  0.254372,  0.462018,   21.8782,   89.7829,  157.6877, 2443.547723,       87.7326,      106.8348,      114.1396,       88.8283,       80.6855,       80.5676,       97.4731,       80.2857,       99.4258,
35497                         , 8, 46,   14.0517,    993.1863,  0.046725,  0.254372,  0.462018,   21.8782,   89.7829,  157.6877, 2443.547723,       87.7326,      106.8348,      114.1396,       88.8283,       80.6855,       80.5676,       97.4731,       80.2857,       99.4258,
35497                         , 8, 47,   14.4070,    727.4185,  0.046725,  0.254372,  0.462018,   21.8782,   89.7829,  157.6877, 2443.547723,       87.7326,      106.8348,      114.1396,       88.8283,       80.6855,       80.5676,       97.4731,       80.2857,       99.4258,
37151                         , 1,  1,    0.0000,  16731.8915,  0.555656,  0.557187,  0.558719,   17.2558,   88.6279,  160.0000,    1.334770,    16563.3608,    16665.3563,    16768.0597,    16563.3608,    16665.3563,    16768.0597,    16563.3608,    16665.3563,    16768.0597,
37151                         , 1,  2,    0.1645,  16730.6262,  0.555656,  0.557187,  0.558719,   17.2558,   88.6279,  160.0000,    1.334770,    16560.8718,    16662.8626,    16765.5613,    16562.8780,    16664.8726,    16767.5751,    16563.0944,    16665.0894,    16767.7923,
37151                         , 1,  3,    0.8221,  16725.2329,  0.555656,  0.557187,  0.558719,   17.2558,   88.6279,  160.0000,    1.334770,    16550.8703,    16652.8419,    16755.5213,    16560.8933,    16662.8837,    16765.5819,    16561.9743,    16663.9667,    16766.6670,
37151                         , 1,  4,    1.0422,  16723.4074,  0.555656,  0.557187,  0.558719,   17.2558,   88.6279,  160.0000,    1.334770,    16547.5085,    16649.4736,    16752.1465,    16560.2098,    16662.1988,    16764.8957,    16561.5797,    16663.5713,    16766.2707,
37151                         , 1,  5,    1.5003,  16719.7663,  0.555656,  0.557187,  0.558719,   17.2558,   88.6279,  160.0000,    1.334770,    16540.5014,    16642.4529,    16745.1119,    16558.7622,    16660.7478,    16763.4412,    16560.7318,    16662.7211,    16765.4181,
37151                         , 1,  6,    2.0790,  16714.9950,  0.555656,  0.557187,  0.558719,   17.2558,   88.6279,  160.0000,    1.334770,    16531.6562,    16633.5905,    16736.2324,    16556.8991,    16658.8801,    16761.5688,    16559.6219,    16661.6079,    16764.3016,
37151                         , 1,  7,    2.7670,  16709.5615,  0.555656,  0.557187,  0.558719,   17.2558,   88.6279,  160.0000,    1.334770,    16521.1955,    16623.1102,    16725.7323,    16554.6592,    16656.6344,    16759.3174,    16558.2688,    16660.2506,    16762.9401,
37151                         , 1,  8,    3.1201,  16706.4859,  0.555656,  0.557187,  0.558719,   17.2558,   88.6279,  160.0000,    1.334770,    16515.8614,    16617.7661,    16720.3782,    16553.5095,    16655.4817,    16758.1617,    16557.5705,    16659.5501,    16762.2374,
37151                         , 1,  9,    3.4733,  16703.7809,  0.555656,  0.557187,  0.558719,   17.2558,   88.6279,  160.0000,    1.334770,    16510.5574,    16612.4534,    16715.0567,    16552.3655,    16654.3351,    16757.0124,    16556.8754,    16658.8529,    16761.5382,
37151                         , 1, 10,    3.9991,  16699.5779,  0.555656,  0.557187,  0.558719,   17.2558,   88.6279,  160.0000,    1.334770,    16502.7293,    16604.6118,    16707.2013,    16550.6832,    16652.6486,    16755.3217,    16555.8562,    16657.8306,    16760.5126,
37151                         , 1, 11,    4.7673,  16693.5464,  0.555656,  0.557187,  0.558719,   17.2558,   88.6279,  160.0000,    1.334770,    16491.4464,    16593.3109,    16695.8836,    16548.2901,    16650.2501,    16752.9184,    16554.4223,    16656.3926,    16759.0712,
37151                         , 1, 12,    4.9890,  16691.8002,  0.555656,  0.557187,  0.558719,   17.2558,   88.6279,  160.0000,    1.334770,    16488.2263,    16590.0863,    16692.6535,    16547.6180,    16649.5766,    16752.2432,    16554.0250,    16655.9943,    16758.6716,
37151                         , 1, 13,    5.1514,  16690.6273,  0.555656,  0.557187,  0.558719,   17.2558,   88.6279,  160.0000,    1.334770,    16485.8759,    16587.7337,    16690.2987,    16547.1305,    16649.0891,    16751.7551,    16553.7386,    16655.7080,    16758.3850,
37151                         , 1, 14,    6.1002,  16683.1436,  0.555656,  0.557187,  0.558719,   17.2558,   88.6279,  160.0000,    1.334770,    16472.3096,    16574.1496,    16676.6964,    16544.3901,    16646.3439,    16749.0051,    16552.1664,    16654.1324,    16756.8060,
37151                         , 1, 15,    6.7658,  16677.6936,  0.555656,  0.557187,  0.558719,   17.2558,   88.6279,  160.0000,    1.334770,    16462.9214,    16564.7508,    16667.2870,    16542.5717,    16644.5237,    16747.1832,    16551.1648,    16653.1300,    16755.8028,
37151                         , 1, 16,    7.0636,  16675.7817,  0.555656,  0.557187,  0.558719,   17.2558,   88.6279,  160.0000,    1.334770,    16458.7452,    16560.5693,    16663.1005,    16541.7844,    16643.7351,    16746.3938,    16550.7432,    16652.7075,    16755.3800,
37151                         , 1, 17,    7.2337,  16674.3950,  0.555656,  0.557187,  0.558719,   17.2558,   88.6279,  160.0000,    1.334770,    16456.3655,    16558.1871,    16660.7162,    16541.3412,    16643.2919,    16745.9507,    16550.5089,    16652.4737,    16755.1465,
37151                         , 1, 18,    7.8231,  16671.5658,  0.555656,  0.557187,  0.558719,   17.2558,   88.6279,  160.0000,    1.334770,    16448.1313,    16549.9443,    16652.4643,    16539.8387,    16641.7890,    16744.4468,    16549.7331,    16651.6982,    16754.3708,
37151                         , 1, 19,    8.1016,  16667.8820,  0.555656,  0.557187,  0.558719,   17.2558,   88.6279,  160.0000,    1.334770,    16444.2429,    16546.0517,    16648.5676,    16539.1442,    16641.0937,    16743.7511,    16549.3833,    16651.3479,    16754.0207,
37151                         , 1, 20,    8.7036,  16663.2464,  0.555656,  0.557187,  0.558719,   17.2558,   88.6279,  160.0000,    1.334770,    16435.8231,    16537.6228,    16640.1293,    16537.6653,    16639.6146,    16742.2719,    16548.6537,    16650.6191,    16753.2927,
37151                         , 1, 21,    8.9713,  16661.2905,  0.555656,  0.557187,  0.558719,   17.2558,   88.6279,  160.0000,    1.334770,    16432.0657,    16533.8607,    16636.3631,    16537.0142,    16638.9636,    16741.6205,    16548.3381,    16650.3040,    16752.9776,
37151                         , 1, 22,    9.7455,  16654.8827,  0.555656,  0.557187,  0.558719,   17.2558,   88.6279,  160.0000,    1.334770,    16421.1269,    16522.9090,    16625.3981,    16535.1351,    16637.0844,    16739.7411,    16547.4372,    16649.4045,    16752.0794,
37151                         , 1, 23,   10.0042,  16652.6430,  0.555656,  0.557187,  0.558719,   17.2558,   88.6279,  160.0000,    1.334770,    16417.4414,    16519.2179,    16621.7022,    16534.5036,    16636.4526,    16739.1095,    16547.1356,    16649.1032,    16751.7787,
37151                         , 1, 24,   10.7851,  16646.0036,  0.555656,  0.557187,  0.558719,   17.2558,   88.6279,  160.0000,    1.334770,    16406.2050,    16507.9663,    16610.4350,    16532.5680,    16634.5167,    16737.1723,    16546.2047,    16648.1736,    16750.8496,
37151                         , 1, 25,   11.0061,  16644.3357,  0.555656,  0.557187,  0.558719,   17.2558,   88.6279,  160.0000,    1.334770,    16402.9896,    16504.7457,    16607.2099,    16532.0084,    16633.9567,    16736.6122,    16545.9321,    16647.9011,    16750.5774,
37151                         , 1, 26,   12.0372,  16636.0730,  0.555656,  0.557187,  0.558719,   17.2558,   88.6279,  160.0000,    1.334770,    16387.7668,    16489.4975,    16591.9363,    16529.3039,    16631.2499,    16733.9028,    16544.5805,    16646.5497,    16749.2258,
37151                         , 1, 27,   12.7049,  16630.7793,  0.555656,  0.557187,  0.558719,   17.2558,   88.6279,  160.0000,    1.334770,    16377.7253,    16479.4365,    16581.8557,    16527.4583,    16629.4011,    16732.0524,    16543.6208,    16645.5887,    16748.2650,
37151                         , 1, 28,   13.0748,  16627.7652,  0.555656,  0.557187,  0.558719,   17.2558,   88.6279,  160.0000,    1.334770,    16372.1079,    16473.8090,    16576.2178,    16526.4019,    16628.3435,    16730.9920,    16543.0577,    16645.0252,    16747.6996,
37151                         , 1, 29,   13.7459,  16622.2636,  0.555656,  0.557187,  0.558719,   17.2558,   88.6279,  160.0000,    1.334770,    16361.8367,    16463.5165,    16565.9037,    16524.4252,    16626.3623,    16729.0079,    16541.9778,    16643.9428,    16746.6162,
37151                         , 1, 30,   14.1104,  16619.3736,  0.555656,  0.557187,  0.558719,   17.2558,   88.6279,  160.0000,    1.334770,    16356.2227,    16457.8916,    16560.2676,    16523.3205,    16625.2557,    16727.8979,    16541.3608,    16643.3249,    16745.9958,
37151                         , 1, 31,   14.3677,  16617.4702,  0.555656,  0.557187,  0.558719,   17.2558,   88.6279,  160.0000,    1.334770,    16352.2506,    16453.9110,    16556.2783,    16522.5291,    16624.4620,    16727.1032,    16540.9133,    16642.8757,    16745.5465,
37151                         , 1, 32,   14.7113,  16614.6013,  0.555656,  0.557187,  0.558719,   17.2558,   88.6279,  160.0000,    1.334770,    16346.9369,    16448.5867,    16550.9429,    16521.4580,    16623.3889,    16726.0264,    16540.3011,    16642.2625,    16744.9304,
37151                         , 1, 33,   15.0928,  16611.7640,  0.555656,  0.557187,  0.558719,   17.2558,   88.6279,  160.0000,    1.334770,    16341.0285,    16442.6660,    16545.0096,    16520.2518,    16622.1793,    16724.8140,    16539.6034,    16641.5623,    16744.2286,
37151                         , 1, 34,   15.7510,  16606.5132,  0.555656,  0.557187,  0.558719,   17.2558,   88.6279,  160.0000,    1.334770,    16330.8422,    16432.4587,    16534.7807,    16518.1383,    16620.0606,    16722.6898,    16538.3630,    16640.3185,    16742.9809,
37151                         , 1, 35,   15.9713,  16604.9247,  0.555656,  0.557187,  0.558719,   17.2558,   88.6279,  160.0000,    1.334770,    16327.4373,    16429.0471,    16531.3621,    16517.4238,    16619.3440,    16721.9715,    16537.9394,    16639.8934,    16742.5546,
37151                         , 1, 36,   16.7869,  16598.4499,  0.555656,  0.557187,  0.558719,   17.2558,   88.6279,  160.0000,    1.334770,    16314.8902,    16416.4752,    16518.7646,    16514.7643,    16616.6773,    16719.2979,    16536.3490,    16638.2978,    16740.9540,
37151                         , 1, 37,   17.0860,  16596.2440,  0.555656,  0.557187,  0.558719,   17.2558,   88.6279,  160.0000,    1.334770,    16310.3194,    16411.8942,    16514.1765,    16513.7880,    16615.6986,    16718.3164,    16535.7615,    16637.7083,    16740.3627,
37151                         , 1, 38,   17.3524,  16594.0083,  0.555656,  0.557187,  0.558719,   17.2558,   88.6279,  160.0000,    1.334770,    16306.2624,    16407.8302,    16510.1038,    16512.9200,    16614.8282,    16717.4440,    16535.2382,    16637.1834,    16739.8361,
37151                         , 1, 39,   17.7361,  16591.0100,  0.555656,  0.557187,  0.558719,   17.2558,   88.6279,  160.0000,    1.334770,    16300.4498,    16402.0064,    16504.2701,    16511.6751,    16613.5804,    16716.1927,    16534.4872,    16636.4302,    16739.0804,
37151                         , 1, 40,   18.0360,  16588.7740,  0.555656,  0.557187,  0.558719,   17.2558,   88.6279,  160.0000,    1.334770,    16295.9307,    16397.4810,    16499.7353,    16510.7087,    16612.6110,    16715.2213,    16533.9047,    16635.8454,    16738.4942,
37151                         , 1, 41,   18.2076,  16587.5309,  0.555656,  0.557187,  0.558719,   17.2558,   88.6279,  160.0000,    1.334770,    16293.3562,    16394.9017,    16497.1510,    16510.1586,    16612.0596,    16714.6686,    16533.5736,    16635.5134,    16738.1611,
37151                         , 1, 42,   18.7099,  16583.7831,  0.555656,  0.557187,  0.558719,   17.2558,   88.6279,  160.0000,    1.334770,    16285.8628,    16387.3943,    16489.6329,    16508.5643,    16610.4620,    16713.0666,    16532.6171,    16634.5544,    16737.1989,
37151                         , 1, 43,   19.0706,  16581.2606,  0.555656,  0.557187,  0.558719,   17.2558,   88.6279,  160.0000,    1.334770,    16280.5223,    16382.0466,    16484.2753,    16507.4373,    16609.3319,    16711.9348,    16531.9454,    16633.8802,    16736.5237,
37151                         , 2,  1,    0.0000,  14913.0436,  0.523476,  0.529641,  0.535807,   17.2558,   88.6279,  160.0000,    1.823354,    14505.8783,    14865.2523,    15234.1729,    14505.8783,    14865.2523,    15234.1729,    14505.8783,    14865.2523,    15234.1729,
37151                         , 2,  2,    0.2016,  14909.0208,  0.523476,  0.529641,  0.535807,   17.2558,   88.6279,  160.0000,    1.823354,    14499.0165,    14858.3407,    15227.2101,    14504.4927,    14863.8551,    15232.7637,    14505.0835,    14864.4500,    15233.3628,
37151                         , 2,  3,    0.5412,  14902.1662,  0.523476,  0.529641,  0.535807,   17.2558,   88.6279,  160.0000,    1.823354,    14487.4981,    14846.7415,    15215.5279,    14502.1559,    14861.4987,    15230.3871,    14503.7373,    14863.0908,    15231.9903,
37151                         , 2,  4,    0.9409,  14894.3255,  0.523476,  0.529641,  0.535807,   17.2558,   88.6279,  160.0000,    1.823354,    14474.0214,    14833.1711,    15201.8636,    14499.4068,    14858.7266,    15227.5916,    14502.1457,    14861.4839,    15230.3675,
37151                         , 2,  5,    1.1401,  14890.1402,  0.523476,  0.529641,  0.535807,   17.2558,   88.6279,  160.0000,    1.823354,    14467.3415,    14826.4469,    15195.0933,    14498.0395,    14857.3481,    15226.2014,    14501.3517,    14860.6822,    15229.5579,
37151                         , 2,  6,    1.3462,  14886.3769,  0.523476,  0.529641,  0.535807,   17.2558,   88.6279,  160.0000,    1.823354,    14460.4591,    14819.5204,    15188.1198,    14496.6285,    14855.9256,    15224.7670,    14500.5311,    14859.8537,    15228.7212,
37151                         , 2,  7,    1.6844,  14879.7086,  0.523476,  0.529641,  0.535807,   17.2558,   88.6279,  160.0000,    1.823354,    14449.2288,    14808.2210,    15176.7531,    14494.3231,    14853.6021,    15222.4255,    14499.1889,    14858.4989,    15227.3538,
37151                         , 2,  8,    2.0860,  14871.6015,  0.523476,  0.529641,  0.535807,   17.2558,   88.6279,  160.0000,    1.823354,    14436.0120,    14794.9264,    15163.3793,    14491.6091,    14850.8674,    15219.6698,    14497.6084,    14856.9039,    15225.7440,
37151                         , 2,  9,    2.8223,  14856.6391,  0.523476,  0.529641,  0.535807,   17.2558,   88.6279,  160.0000,    1.823354,    14412.1099,    14770.8993,    15139.2282,    14486.7174,    14845.9422,    15214.7112,    14494.7685,    14854.0403,    15222.8569,
37151                         , 2, 10,    3.0249,  14852.5424,  0.523476,  0.529641,  0.535807,   17.2558,   88.6279,  160.0000,    1.823354,    14405.6102,    14764.3689,    15132.6645,    14485.3947,    14844.6111,    15213.3715,    14494.0045,    14853.2705,    15222.0811,
37151                         , 2, 11,    3.5611,  14841.8581,  0.523476,  0.529641,  0.535807,   17.2558,   88.6279,  160.0000,    1.823354,    14388.5390,    14747.2210,    15115.4401,    14481.9431,    14841.1401,    15209.8806,    14492.0231,    14851.2758,    15220.0727,
37151                         , 2, 12,    3.7610,  14838.0858,  0.523476,  0.529641,  0.535807,   17.2558,   88.6279,  160.0000,    1.823354,    14382.2227,    14740.8778,    15109.0705,    14480.6761,    14839.8662,    15208.6004,    14491.3012,    14850.5492,    15219.3420,
37151                         , 2, 13,    4.1589,  14830.9202,  0.523476,  0.529641,  0.535807,   17.2558,   88.6279,  160.0000,    1.823354,    14369.7156,    14728.3223,    15096.4637,    14478.1857,    14837.3643,    15206.0865,    14489.8921,    14849.1326,    15217.9176,
37151                         , 2, 14,    5.0944,  14812.3759,  0.523476,  0.529641,  0.535807,   17.2558,   88.6279,  160.0000,    1.823354,    14340.5516,    14699.0526,    15067.0879,    14472.4834,    14831.6410,    15200.3421,    14486.7228,    14845.9514,    15214.7247,
37151                         , 2, 15,    5.6998,  14800.7391,  0.523476,  0.529641,  0.535807,   17.2558,   88.6279,  160.0000,    1.823354,    14321.7546,    14680.1892,    15048.1586,    14468.8867,    14828.0348,    15196.7253,    14484.7675,    14843.9929,    15212.7616,
37151                         , 2, 16,    6.2385,  14790.7571,  0.523476,  0.529641,  0.535807,   17.2558,   88.6279,  160.0000,    1.823354,    14304.9985,    14663.3717,    15031.2799,    14465.7266,    14824.8667,    15193.5497,    14483.0760,    14842.2991,    15211.0662,
37151                         , 2, 17,    7.1664,  14772.6518,  0.523476,  0.529641,  0.535807,   17.2558,   88.6279,  160.0000,    1.823354,    14275.9077,    14634.1640,    15001.9550,    14460.3129,    14819.4403,    15188.1103,    14480.2210,    14839.4426,    15208.2081,
37151                         , 2, 18,    8.0665,  14752.3190,  0.523476,  0.529641,  0.535807,   17.2558,   88.6279,  160.0000,    1.823354,    14247.2169,    14605.3417,    14972.9975,    14455.0105,    14814.1227,    15182.7783,    14477.4476,    14836.6670,    15205.4308,
37151                         , 2, 19,    8.0990,  14753.8934,  0.523476,  0.529641,  0.535807,   17.2558,   88.6279,  160.0000,    1.823354,    14246.1677,    14604.2862,    14971.9372,    14454.8168,    14813.9285,    15182.5826,    14477.3462,    14836.5656,    15205.3288,
37151                         , 2, 20,    8.8354,  14739.6166,  0.523476,  0.529641,  0.535807,   17.2558,   88.6279,  160.0000,    1.823354,    14222.2505,    14580.2393,    14947.7578,    14450.3783,    14809.4726,    15178.1099,    14475.0154,    14834.2298,    15202.9888,
37151                         , 2, 21,    9.2412,  14731.2943,  0.523476,  0.529641,  0.535807,   17.2558,   88.6279,  160.0000,    1.823354,    14208.9056,    14566.8153,    14934.2529,    14447.8832,    14806.9655,    15175.5906,    14473.6948,    14832.9048,    15201.6591,
37151                         , 2, 22,    9.5468,  14725.3177,  0.523476,  0.529641,  0.535807,   17.2558,   88.6279,  160.0000,    1.823354,    14198.7807,    14556.6278,    14924.0013,    14445.9769,    14805.0494,    15173.6646,    14472.6786,    14831.8847,    15200.6351,
37151                         , 2, 23,    9.9131,  14718.0179,  0.523476,  0.529641,  0.535807,   17.2558,   88.6279,  160.0000,    1.823354,    14186.5603,    14544.3286,    14911.6212,    14443.6613,    14802.7207,    15171.3224,    14471.4358,    14830.6360,    15199.3804,
37151                         , 2, 24,   10.1689,  14713.1361,  0.523476,  0.529641,  0.535807,   17.2558,   88.6279,  160.0000,    1.823354,    14177.9794,    14535.6898,    14902.9233,    14442.0250,    14801.0748,    15169.6665,    14470.5517,    14829.7474,    15198.4869,
37151                         , 2, 25,   10.4999,  14706.8391,  0.523476,  0.529641,  0.535807,   17.2558,   88.6279,  160.0000,    1.823354,    14166.8267,    14524.4610,    14891.6164,    14439.8828,    14798.9182,    15167.4954,    14469.3855,    14828.5739,    15197.3064,
37151                         , 2, 26,   10.8977,  14699.2383,  0.523476,  0.529641,  0.535807,   17.2558,   88.6279,  160.0000,    1.823354,    14153.3705,    14510.9101,    14877.9684,    14437.2763,    14796.2940,    15164.8527,    14467.9550,    14827.1339,    15195.8565,
37151                         , 2, 27,   11.0934,  14695.4820,  0.523476,  0.529641,  0.535807,   17.2558,   88.6279,  160.0000,    1.823354,    14146.7313,    14504.2237,    14871.2333,    14435.9811,    14794.9898,    15163.5389,    14467.2390,    14826.4131,    15195.1304,
37151                         , 2, 28,   11.8227,  14681.1829,  0.523476,  0.529641,  0.535807,   17.2558,   88.6279,  160.0000,    1.823354,    14121.9504,    14479.2652,    14846.0919,    14431.0970,    14790.0685,    15158.5800,    14464.5117,    14823.6642,    15192.3599,
37151                         , 2, 29,   12.5593,  14666.9344,  0.523476,  0.529641,  0.535807,   17.2558,   88.6279,  160.0000,    1.823354,    14096.9471,    14454.0845,    14820.7277,    14426.0949,    14785.0270,    15153.4981,    14461.6778,    14820.8061,    15189.4771,
37151                         , 2, 30,   12.8019,  14661.4300,  0.523476,  0.529641,  0.535807,   17.2558,   88.6279,  160.0000,    1.823354,    14088.7412,    14445.8227,    14812.4086,    14424.4394,    14783.3584,    15151.8158,    14460.7319,    14819.8524,    15188.5145,
37151                         , 2, 31,   13.1114,  14655.4335,  0.523476,  0.529641,  0.535807,   17.2558,   88.6279,  160.0000,    1.823354,    14078.3086,    14435.3182,    14801.8293,    14422.3257,    14781.2277,    15149.6678,    14459.5200,    14818.6292,    15187.2804,
37151                         , 2, 32,   13.6801,  14643.4645,  0.523476,  0.529641,  0.535807,   17.2558,   88.6279,  160.0000,    1.823354,    14059.2532,    14416.1382,    14782.5194,    14418.4440,    14777.3151,    15145.7236,    14457.2826,    14816.3716,    15185.0018,
37151                         , 2, 33,   13.8004,  14641.1832,  0.523476,  0.529641,  0.535807,   17.2558,   88.6279,  160.0000,    1.823354,    14055.2415,    14412.0979,    14778.4566,    14417.6237,    14776.4884,    15144.8899,    14456.8082,    14815.8929,    15184.5186,
37151                         , 2, 34,   14.4281,  14628.5933,  0.523476,  0.529641,  0.535807,   17.2558,   88.6279,  160.0000,    1.823354,    14034.4540,    14391.1866,    14757.4106,    14413.3643,    14772.1962,    15140.5643,    14454.3392,    14813.4017,    15182.0045,
37151                         , 2, 35,   14.8653,  14620.7869,  0.523476,  0.529641,  0.535807,   17.2558,   88.6279,  160.0000,    1.823354,    14020.1235,    14376.7704,    14742.9151,    14410.4218,    14769.2315,    15137.5780,    14452.6301,    14811.6773,    15180.2651,
37151                         , 2, 36,   15.0050,  14618.3484,  0.523476,  0.529641,  0.535807,   17.2558,   88.6279,  160.0000,    1.823354,    14015.5697,    14372.1939,    14738.3097,    14409.4869,    14768.2902,    15136.6294,    14452.0869,    14811.1297,    15179.7123,
37151                         , 2, 37,   15.5237,  14608.6282,  0.523476,  0.529641,  0.535807,   17.2558,   88.6279,  160.0000,    1.823354,    13998.7807,    14355.3194,    14721.3479,    14406.0420,    14764.8222,    15133.1366,    14450.0862,    14809.1127,    15177.6781,
37151                         , 2, 38,   15.7308,  14605.2686,  0.523476,  0.529641,  0.535807,   17.2558,   88.6279,  160.0000,    1.823354,    13992.1314,    14348.6369,    14714.6320,    14404.6797,    14763.4508,    15131.7560,    14449.2960,    14808.3161,    15176.8749,
37151                         , 2, 39,   16.1320,  14597.7352,  0.523476,  0.529641,  0.535807,   17.2558,   88.6279,  160.0000,    1.823354,    13979.3305,    14335.7755,    14701.7110,    14402.0622,    14760.8164,    15129.1052,    14447.7803,    14806.7885,    15175.3352,
37151                         , 2, 40,   16.3284,  14593.3200,  0.523476,  0.529641,  0.535807,   17.2558,   88.6279,  160.0000,    1.823354,    13973.1020,    14329.5189,    14695.4274,    14400.7918,    14759.5382,    15127.8195,    14447.0463,    14806.0489,    15174.5903,
37151                         , 2, 41,   16.8559,  14584.0005,  0.523476,  0.529641,  0.535807,   17.2558,   88.6279,  160.0000,    1.823354,    13956.4893,    14312.8378,    14678.6753,    14397.4164,    14756.1443,    15124.4059,    14445.1025,    14804.0921,    15172.6199,
37151                         , 2, 42,   17.0539,  14580.3521,  0.523476,  0.529641,  0.535807,   17.2558,   88.6279,  160.0000,    1.823354,    13950.2959,    14306.6203,    14672.4341,    14396.1639,    14754.8852,    15123.1402,    14444.3842,    14803.3691,    15171.8923,
37151                         , 2, 43,   17.5851,  14570.1284,  0.523476,  0.529641,  0.535807,   17.2558,   88.6279,  160.0000,    1.823354,    13933.7737,    14290.0391,    14655.7943,    14392.8400,    14751.5457,    15119.7852,    14442.4869,    14801.4610,    15169.9733,
37151                         , 2, 44,   17.9250,  14563.7013,  0.523476,  0.529641,  0.535807,   17.2558,   88.6279,  160.0000,    1.823354,    13923.2710,    14279.5019,    14645.2232,    14390.7416,    14749.4386,    15117.6694,    14441.2968,    14800.2649,    15168.7713,
37151                         , 2, 45,   18.8942,  14545.6382,  0.523476,  0.529641,  0.535807,   17.2558,   88.6279,  160.0000,    1.823354,    13893.5403,    14249.6829,    14615.3172,    14384.8707,    14743.5468,    15111.7572,    14438.0040,    14796.9587,    15165.4518,
37151                         , 2, 46,   19.6006,  14532.4676,  0.523476,  0.529641,  0.535807,   17.2558,   88.6279,  160.0000,    1.823354,    13871.9986,    14228.0826,    14593.6596,    14380.6811,    14739.3458,    15107.5450,    14435.6892,    14794.6377,    15163.1248,
37151                         , 2, 47,   19.8173,  14528.6286,  0.523476,  0.529641,  0.535807,   17.2558,   88.6279,  160.0000,    1.823354,    13865.9414,    14221.4622,    14587.0220,    14379.4074,    14738.0692,    15106.2656,    14434.9916,    14793.9387,    15162.4245,
37151                         , 3,  1,    0.0000,  14111.4542,  0.510383,  0.515673,  0.520964,   17.7819,   88.8909,  160.0000,    4.692104,    13770.8892,    14062.3415,    14360.2315,    13770.8892,    14062.3415,    14360.2315,    13770.8892,    14062.3415,    14360.2315,
37151                         , 3,  2,    0.4561,  14102.8870,  0.510383,  0.515673,  0.520964,   17.7819,   88.8909,  160.0000,    4.692104,    13752.5151,    14043.8625,    14341.6455,    13767.2241,    14058.6558,    14356.5249,    13768.8589,    14060.3000,    14358.1786,
37151                         , 3,  3,    0.7097,  14099.0662,  0.510383,  0.515673,  0.520964,   17.7819,   88.8909,  160.0000,    4.692104,    13742.2885,    14033.5773,    14331.3003,    13765.1758,    14056.5957,    14354.4527,    13767.7197,    14059.1542,    14357.0261,
37151                         , 3,  4,    0.8985,  14095.6630,  0.510383,  0.515673,  0.520964,   17.7819,   88.8909,  160.0000,    4.692104,    13734.6717,    14025.9167,    14323.5950,    13763.6460,    14055.0572,    14352.9051,    13766.8666,    14058.2962,    14356.1630,
37151                         , 3,  5,    1.8022,  14079.4478,  0.510383,  0.515673,  0.520964,   17.7819,   88.8909,  160.0000,    4.692104,    13698.2452,    13989.2817,    14286.7477,    13756.2900,    14047.6575,    14345.4609,    13762.7429,    14054.1472,    14351.9882,
37151                         , 3,  6,    2.0920,  14074.9248,  0.510383,  0.515673,  0.520964,   17.7819,   88.8909,  160.0000,    4.692104,    13686.5907,    13977.5625,    14274.9612,    13753.9246,    14045.2779,    14343.0669,    13761.4105,    14052.8063,    14350.6387,
37151                         , 3,  7,    2.6943,  14064.8222,  0.510383,  0.515673,  0.520964,   17.7819,   88.8909,  160.0000,    4.692104,    13662.4481,    13953.2853,    14250.5490,    13749.0112,    14040.3353,    14338.0945,    13758.6358,    14050.0140,    14347.8285,
37151                         , 3,  8,    2.8910,  14061.2013,  0.510383,  0.515673,  0.520964,   17.7819,   88.8909,  160.0000,    4.692104,    13654.5932,    13945.3881,    14242.6079,    13747.4097,    14038.7243,    14336.4739,    13757.7298,    14049.1023,    14346.9109,
37151                         , 3,  9,    3.2289,  14055.7782,  0.510383,  0.515673,  0.520964,   17.7819,   88.8909,  160.0000,    4.692104,    13641.1312,    13931.8545,    14229.0023,    13744.6628,    14035.9614,    14333.6948,    13756.1749,    14047.5376,    14345.3363,
37151                         , 3, 10,    3.7857,  14046.3414,  0.510383,  0.515673,  0.520964,   17.7819,   88.8909,  160.0000,    4.692104,    13619.0523,    13909.6620,    14206.6935,    13740.1550,    14031.4278,    14329.1352,    13753.6218,    14044.9686,    14342.7513,
37151                         , 3, 11,    4.1075,  14040.9660,  0.510383,  0.515673,  0.520964,   17.7819,   88.8909,  160.0000,    4.692104,    13606.3544,    13896.9016,    14193.8691,    13737.5630,    14028.8219,    14326.5146,    13752.1541,    14043.4923,    14341.2659,
37151                         , 3, 12,    4.3118,  14037.5798,  0.510383,  0.515673,  0.520964,   17.7819,   88.8909,  160.0000,    4.692104,    13598.3175,    13888.8246,    14185.7528,    13735.9234,    14027.1732,    14324.8570,    13751.2263,    14042.5588,    14340.3270,
37151                         , 3, 13,    4.7749,  14029.9078,  0.510383,  0.515673,  0.520964,   17.7819,   88.8909,  160.0000,    4.692104,    13580.1665,    13870.5906,    14167.4292,    13732.2248,    14023.4559,    14321.1192,    13749.1356,    14040.4567,    14338.2122,
37151                         , 3, 14,    5.0567,  14025.2412,  0.510383,  0.515673,  0.520964,   17.7819,   88.8909,  160.0000,    4.692104,    13569.1692,    13859.5412,    14156.3294,    13729.9882,    14021.2071,    14318.8598,    13747.8737,    14039.1873,    14336.9364,
37151                         , 3, 15,    5.7651,  14013.1569,  0.510383,  0.515673,  0.520964,   17.7819,   88.8909,  160.0000,    4.692104,    13541.6547,    13831.9054,    14128.5706,    13724.4110,    14015.6031,    14313.2288,    13744.7375,    14036.0349,    14333.7678,
37151                         , 3, 16,    6.0922,  14007.7386,  0.510383,  0.515673,  0.520964,   17.7819,   88.8909,  160.0000,    4.692104,    13529.0039,    13819.2001,    14115.8113,    13721.8579,    14013.0388,    14310.6523,    13743.3081,    14034.5991,    14332.3246,
37151                         , 3, 17,    6.7252,  13997.5666,  0.510383,  0.515673,  0.520964,   17.7819,   88.8909,  160.0000,    4.692104,    13504.5982,    13794.6943,    14091.2014,    13716.9567,    14008.1171,    14305.7092,    13740.5776,    14031.8570,    14329.5704,
37151                         , 3, 18,    7.0348,  13992.4614,  0.510383,  0.515673,  0.520964,   17.7819,   88.8909,  160.0000,    4.692104,    13492.6848,    13782.7322,    14079.1905,    13714.5774,    14005.7276,    14303.3103,    13739.2595,    14030.5330,    14328.2415,
37151                         , 3, 19,    7.7458,  13980.7614,  0.510383,  0.515673,  0.520964,   17.7819,   88.8909,  160.0000,    4.692104,    13465.3320,    13755.2676,    14051.6131,    13709.1481,    14000.2773,    14297.8387,    13736.2708,    14027.5335,    14325.2310,
37151                         , 3, 20,    7.9273,  13977.7994,  0.510383,  0.515673,  0.520964,   17.7819,   88.8909,  160.0000,    4.692104,    13458.3428,    13748.2497,    14044.5662,    13707.7685,    13998.8926,    14296.4488,    13735.5159,    14026.7761,    14324.4711,
37151                         , 3, 21,    8.2730,  13972.1829,  0.510383,  0.515673,  0.520964,   17.7819,   88.8909,  160.0000,    4.692104,    13445.0143,    13734.8656,    14031.1258,    13705.1463,    13996.2608,    14293.8072,    13734.0861,    14025.3419,    14323.0322,
37151                         , 3, 22,    8.8076,  13963.1161,  0.510383,  0.515673,  0.520964,   17.7819,   88.8909,  160.0000,    4.692104,    13424.3455,    13714.1086,    14010.2792,    13701.1015,    13992.2014,    14289.7328,    13731.8932,    14023.1427,    14320.8265,
37151                         , 3, 23,    9.0086,  13960.1671,  0.510383,  0.515673,  0.520964,   17.7819,   88.8909,  160.0000,    4.692104,    13416.5447,    13706.2738,    14002.4099,    13699.5813,    13990.6756,    14288.2014,    13731.0727,    14022.3200,    14320.0015,
37151                         , 3, 24,    9.2930,  13955.4935,  0.510383,  0.515673,  0.520964,   17.7819,   88.8909,  160.0000,    4.692104,    13405.4767,    13695.1564,    13991.2409,    13697.4292,    13988.5157,    14286.0335,    13729.9146,    14021.1588,    14318.8371,
37151                         , 3, 25,    9.6583,  13949.1654,  0.510383,  0.515673,  0.520964,   17.7819,   88.8909,  160.0000,    4.692104,    13391.2042,    13680.8164,    13976.8333,    13694.6623,    13985.7383,    14283.2455,    13728.4306,    14019.6707,    14317.3450,
37151                         , 3, 26,    9.9557,  13943.4485,  0.510383,  0.515673,  0.520964,   17.7819,   88.8909,  160.0000,    4.692104,    13379.5185,    13669.0752,    13965.0357,    13692.4027,    13983.4698,    14280.9681,    13727.2221,    14018.4589,    14316.1298,
37151                         , 3, 27,   10.7690,  13929.9842,  0.510383,  0.515673,  0.520964,   17.7819,   88.8909,  160.0000,    4.692104,    13347.2647,    13636.6529,    13932.4410,    13686.1796,    13977.2209,    14274.6929,    13723.9043,    14015.1313,    14312.7924,
37151                         , 3, 28,   11.0673,  13924.8943,  0.510383,  0.515673,  0.520964,   17.7819,   88.8909,  160.0000,    4.692104,    13335.3109,    13624.6327,    13920.3527,    13683.8736,    13974.9043,    14272.3655,    13722.6762,    14013.8991,    14311.5561,
37151                         , 3, 29,   11.2544,  13921.8850,  0.510383,  0.515673,  0.520964,   17.7819,   88.8909,  160.0000,    4.692104,    13327.7742,    13617.0526,    13912.7281,    13682.4191,    13973.4429,    14270.8971,    13721.9012,    14013.1215,    14310.7757,
37151                         , 3, 30,   11.6121,  13915.7251,  0.510383,  0.515673,  0.520964,   17.7819,   88.8909,  160.0000,    4.692104,    13313.2878,    13602.4799,    13898.0671,    13679.6195,    13970.6293,    14268.0692,    13720.4079,    14011.6224,    14309.2709,
37151                         , 3, 31,   12.0557,  13907.7662,  0.510383,  0.515673,  0.520964,   17.7819,   88.8909,  160.0000,    4.692104,    13295.1794,    13584.2560,    13879.7250,    13676.1091,    13967.1005,    14264.5209,    13718.5302,    14009.7366,    14307.3767,
37151                         , 3, 32,   12.7641,  13895.2019,  0.510383,  0.515673,  0.520964,   17.7819,   88.8909,  160.0000,    4.692104,    13265.9130,    13554.7899,    13850.0538,    13670.3971,    13961.3533,    14258.7373,    13715.4540,    14006.6440,    14304.2673,
37151                         , 3, 33,   12.9445,  13891.9982,  0.510383,  0.515673,  0.520964,   17.7819,   88.8909,  160.0000,    4.692104,    13258.3934,    13547.2170,    13842.4258,    13668.9195,    13959.8660,    14257.2399,    13714.6529,    14005.8382,    14303.4565,
37151                         , 3, 34,   13.8075,  13877.2463,  0.510383,  0.515673,  0.520964,   17.7819,   88.8909,  160.0000,    4.692104,    13222.1356,    13510.6927,    13805.6269,    13661.7277,    13952.6217,    14249.9429,    13710.7166,    14001.8750,    14299.4663,
37151                         , 3, 35,   14.0596,  13872.6274,  0.510383,  0.515673,  0.520964,   17.7819,   88.8909,  160.0000,    4.692104,    13211.4751,    13499.9530,    13794.8045,    13659.5894,    13950.4680,    14247.7729,    13709.5335,    14000.6841,    14298.2661,
37151                         , 3, 36,   14.4169,  13866.5109,  0.510383,  0.515673,  0.520964,   17.7819,   88.8909,  160.0000,    4.692104,    13196.3385,    13484.7007,    13779.4330,    13656.5355,    13947.3900,    14244.6701,    13707.8339,    13998.9711,    14296.5392,
37151                         , 3, 37,   14.7197,  13861.1762,  0.510383,  0.515673,  0.520964,   17.7819,   88.8909,  160.0000,    4.692104,    13183.4983,    13471.7620,    13766.3930,    13653.9285,    13944.7618,    14242.0197,    13706.3741,    13997.4984,    14295.0543,
37151                         , 3, 38,   14.9057,  13858.1022,  0.510383,  0.515673,  0.520964,   17.7819,   88.8909,  160.0000,    4.692104,    13175.6157,    13463.8189,    13758.3880,    13652.3204,    13943.1407,    14240.3851,    13705.4694,    13996.5862,    14294.1342,
37151                         , 3, 39,   15.3043,  13851.0162,  0.510383,  0.515673,  0.520964,   17.7819,   88.8909,  160.0000,    4.692104,    13158.7361,    13446.8117,    13741.2475,    13648.8597,    13939.6514,    14236.8666,    13703.5126,    13994.6131,    14292.1433,
37151                         , 3, 40,   15.7969,  13842.4133,  0.510383,  0.515673,  0.520964,   17.7819,   88.8909,  160.0000,    4.692104,    13137.9513,    13425.8708,    13720.1480,    13644.5698,    13935.3257,    14232.5045,    13701.0713,    13992.1496,    14289.6580,
37151                         , 3, 41,   16.1221,  13837.2656,  0.510383,  0.515673,  0.520964,   17.7819,   88.8909,  160.0000,    4.692104,    13124.2973,    13412.1159,    13706.2923,    13641.7380,    13932.4706,    14229.6252,    13699.4519,    13990.5157,    14288.0092,
37151                         , 3, 42,   16.8700,  13824.0489,  0.510383,  0.515673,  0.520964,   17.7819,   88.8909,  160.0000,    4.692104,    13093.1752,    13380.7818,    13674.7322,    13635.2587,    13925.9394,    14223.0411,    13695.7320,    13986.7633,    14284.2231,
37151                         , 3, 43,   17.0511,  13821.0250,  0.510383,  0.515673,  0.520964,   17.7819,   88.8909,  160.0000,    4.692104,    13085.6998,    13373.2582,    13667.1579,    13633.7000,    13924.3687,    14221.4583,    13694.8358,    13985.8594,    14283.3114,
37151                         , 3, 44,   17.4473,  13814.5827,  0.510383,  0.515673,  0.520964,   17.7819,   88.8909,  160.0000,    4.692104,    13069.4335,    13356.8865,    13650.6780,    13630.3096,    13920.9531,    14218.0169,    13692.8870,    13983.8942,    14281.3300,
37151                         , 3, 45,   17.7557,  13809.2079,  0.510383,  0.515673,  0.520964,   17.7819,   88.8909,  160.0000,    4.692104,    13056.8554,    13344.2328,    13637.9468,    13627.6934,    13918.3181,    14215.3623,    13691.3851,    13982.3808,    14279.8033,
37151                         , 3, 46,   18.0043,  13805.2821,  0.510383,  0.515673,  0.520964,   17.7819,   88.8909,  160.0000,    4.692104,    13046.7707,    13334.0849,    13627.7387,    13625.5994,    13916.2102,    14213.2397,    13690.1857,    13981.1715,    14278.5858,
37151                         , 3, 47,   18.2066,  13802.0963,  0.510383,  0.515673,  0.520964,   17.7819,   88.8909,  160.0000,    4.692104,    13038.5979,    13325.8644,    13619.4712,    13623.9068,    13914.5069,    14211.5243,    13689.2180,    13980.1971,    14277.6038,
37151                         , 3, 48,   18.5632,  13795.7823,  0.510383,  0.515673,  0.520964,   17.7819,   88.8909,  160.0000,    4.692104,    13024.2597,    13311.4467,    13604.9701,    13620.9485,    13911.5293,    14208.5272,    13687.5318,    13978.4989,    14275.8933,
37151                         , 3, 49,   18.8265,  13791.8327,  0.510383,  0.515673,  0.520964,   17.7819,   88.8909,  160.0000,    4.692104,    13013.7274,    13300.8575,    13594.3194,    13618.7857,    13909.3520,    14206.3358,    13686.3039,    13977.2628,    14274.6477,
37151                         , 3, 50,   19.0055,  13788.8263,  0.510383,  0.515673,  0.520964,   17.7819,   88.8909,  160.0000,    4.692104,    13006.5892,    13293.6810,    13587.1038,    13617.3245,    13907.8821,    14204.8569,    13685.4772,    13976.4307,    14273.8103,
37151                         , 3, 51,   19.7074,  13777.6143,  0.510383,  0.515673,  0.520964,   17.7819,   88.8909,  160.0000,    4.692104,    12978.7398,    13265.6875,    13558.9636,    13611.6667,    13902.1927,    14199.1350,    13682.2989,    13973.2338,    14270.5946,
37151                         , 3, 52,   19.8933,  13774.8639,  0.510383,  0.515673,  0.520964,   17.7819,   88.8909,  160.0000,    4.692104,    12975.8954,    13263.8108,    13558.1718,    13610.1865,    13900.7047,    14197.6390,    13681.4739,    13972.4043,    14269.7605,
37151                         , 4,  1,    0.0000,  13760.2930,  0.505333,  0.509649,  0.513966,   34.7253,   70.4114,  106.0974,    3.099613,    13491.6509,    13724.0361,    13960.5488,    13491.6509,    13724.0361,    13960.5488,    13491.6509,    13724.0361,    13960.5488,
37151                         , 4,  2,    0.1827,  13757.5458,  0.505333,  0.509649,  0.513966,   34.7253,   70.4114,  106.0974,    3.099613,    13487.6397,    13720.0067,    13956.5010,    13489.6771,    13722.0535,    13958.5573,    13490.3440,    13722.7234,    13959.2303,
37151                         , 4,  3,    1.0684,  13744.6263,  0.505333,  0.509649,  0.513966,   34.7253,   70.4114,  106.0974,    3.099613,    13468.2246,    13700.5041,    13936.9093,    13480.1585,    13712.4933,    13948.9548,    13484.0647,    13716.4175,    13952.8975,
37151                         , 4,  4,    1.2495,  13741.7020,  0.505333,  0.509649,  0.513966,   34.7253,   70.4114,  106.0974,    3.099613,    13464.2506,    13696.5122,    13932.8990,    13478.2170,    13710.5433,    13946.9963,    13482.7885,    13715.1361,    13951.6107,
37151                         , 4,  5,    1.9312,  13731.8197,  0.505333,  0.509649,  0.513966,   34.7253,   70.4114,  106.0974,    3.099613,    13449.2520,    13681.4437,    13917.7590,    13470.9064,    13703.2008,    13939.6210,    13477.9949,    13710.3229,    13946.7774,
37151                         , 4,  6,    2.1348,  13729.1739,  0.505333,  0.509649,  0.513966,   34.7253,   70.4114,  106.0974,    3.099613,    13444.7504,    13676.9211,    13913.2147,    13468.7170,    13701.0017,    13937.4120,    13476.5624,    13708.8845,    13945.3330,
37151                         , 4,  7,    3.0126,  13717.2272,  0.505333,  0.509649,  0.513966,   34.7253,   70.4114,  106.0974,    3.099613,    13425.1849,    13657.2563,    13893.4472,    13459.2166,    13691.4564,    13927.8202,    13470.3576,    13702.6527,    13939.0731,
37151                         , 4,  8,    3.3058,  13712.9480,  0.505333,  0.509649,  0.513966,   34.7253,   70.4114,  106.0974,    3.099613,    13418.5749,    13650.6081,    13886.7627,    13456.0102,    13688.2328,    13924.5802,    13468.2659,    13700.5505,    13936.9611,
37151                         , 4,  9,    3.5854,  13709.1800,  0.505333,  0.509649,  0.513966,   34.7253,   70.4114,  106.0974,    3.099613,    13412.2326,    13644.2320,    13880.3523,    13452.9342,    13685.1414,    13921.4734,    13466.2596,    13698.5349,    13934.9362,
37151                         , 4, 10,    3.8376,  13705.7956,  0.505333,  0.509649,  0.513966,   34.7253,   70.4114,  106.0974,    3.099613,    13406.4815,    13638.4464,    13874.5310,    13450.1448,    13682.3360,    13918.6516,    13464.4400,    13696.7056,    13933.0970,
37151                         , 4, 11,    4.3022,  13698.9864,  0.505333,  0.509649,  0.513966,   34.7253,   70.4114,  106.0974,    3.099613,    13395.7932,    13627.6958,    13863.7175,    13444.9579,    13677.1209,    13913.4079,    13461.0553,    13693.3037,    13929.6777,
37151                         , 4, 12,    5.1354,  13687.0324,  0.505333,  0.509649,  0.513966,   34.7253,   70.4114,  106.0974,    3.099613,    13376.3452,    13608.1241,    13844.0144,    13435.5057,    13667.6116,    13903.8371,    13454.8780,    13687.0911,    13923.4267,
37151                         , 4, 13,    5.5273,  13681.1294,  0.505333,  0.509649,  0.513966,   34.7253,   70.4114,  106.0974,    3.099613,    13367.0655,    13598.7786,    13834.6053,    13430.9859,    13663.0607,    13899.2566,    13451.9179,    13684.1114,    13920.4285,
37151                         , 4, 14,    6.0205,  13674.6290,  0.505333,  0.509649,  0.513966,   34.7253,   70.4114,  106.0974,    3.099613,    13355.2734,    13586.9035,    13822.6418,    13425.2316,    13657.2672,    13893.4208,    13448.1422,    13680.3110,    13916.6011,
37151                         , 4, 15,    6.1983,  13672.1635,  0.505333,  0.509649,  0.513966,   34.7253,   70.4114,  106.0974,    3.099613,    13350.9944,    13582.5932,    13818.2995,    13423.1402,    13655.1608,    13891.2992,    13446.7679,    13678.9271,    13915.2074,
37151                         , 4, 16,    6.8854,  13662.9777,  0.505333,  0.509649,  0.513966,   34.7253,   70.4114,  106.0974,    3.099613,    13334.3309,    13565.8054,    13801.3837,    13414.9783,    13646.9392,    13883.0159,    13441.3928,    13673.5133,    13909.7540,
37151                         , 4, 17,    7.2582,  13657.7144,  0.505333,  0.509649,  0.513966,   34.7253,   70.4114,  106.0974,    3.099613,    13325.2194,    13556.6236,    13792.1311,    13410.5033,    13642.4299,    13878.4723,    13438.4379,    13670.5362,    13906.7543,
37151                         , 4, 18,    7.6492,  13652.2290,  0.505333,  0.509649,  0.513966,   34.7253,   70.4114,  106.0974,    3.099613,    13315.6247,    13546.9540,    13782.3860,    13405.7820,    13637.6716,    13873.6772,    13435.3144,    13667.3882,    13903.5824,
37151                         , 4, 19,    7.9517,  13647.8536,  0.505333,  0.509649,  0.513966,   34.7253,   70.4114,  106.0974,    3.099613,    13308.1781,    13539.4502,    13774.8220,    13402.1112,    13633.9729,    13869.9486,    13432.8817,    13664.9373,    13901.1116,
37151                         , 4, 20,    8.1348,  13645.2146,  0.505333,  0.509649,  0.513966,   34.7253,   70.4114,  106.0974,    3.099613,    13303.6637,    13534.9004,    13770.2360,    13399.8834,    13631.7274,    13867.6853,    13431.4036,    13663.4474,    13899.6100,
37151                         , 4, 21,    9.0139,  13633.2236,  0.505333,  0.509649,  0.513966,   34.7253,   70.4114,  106.0974,    3.099613,    13281.9501,    13513.0164,    13748.1771,    13389.1418,    13620.9006,    13856.7714,    13424.2601,    13656.2469,    13892.3512,
37151                         , 4, 22,    9.2828,  13629.3479,  0.505333,  0.509649,  0.513966,   34.7253,   70.4114,  106.0974,    3.099613,    13275.3080,    13506.3220,    13741.4290,    13385.8483,    13617.5808,    13853.4247,    13422.0647,    13654.0337,    13890.1201,
37151                         , 4, 23,    9.8810,  13621.0285,  0.505333,  0.509649,  0.513966,   34.7253,   70.4114,  106.0974,    3.099613,    13260.5564,    13491.4557,    13726.4448,    13378.5231,    13610.1972,    13845.9815,    13417.1749,    13649.1044,    13885.1504,
37151                         , 4, 24,   10.1407,  13617.0916,  0.505333,  0.509649,  0.513966,   34.7253,   70.4114,  106.0974,    3.099613,    13254.1683,    13485.0178,    13719.9554,    13375.3467,    13606.9959,    13842.7542,    13415.0519,    13646.9645,    13882.9928,
37151                         , 4, 25,   10.6423,  13610.2505,  0.505333,  0.509649,  0.513966,   34.7253,   70.4114,  106.0974,    3.099613,    13241.8696,    13472.6251,    13707.4662,    13369.2267,    13600.8280,    13836.5370,    13410.9581,    13642.8380,    13878.8328,
37151                         , 4, 26,   10.9435,  13605.8722,  0.505333,  0.509649,  0.513966,   34.7253,   70.4114,  106.0974,    3.099613,    13234.5135,    13465.2137,    13699.9982,    13365.5640,    13597.1366,    13832.8166,    13408.5066,    13640.3667,    13876.3416,
37151                         , 4, 27,   11.5161,  13598.3747,  0.505333,  0.509649,  0.513966,   34.7253,   70.4114,  106.0974,    3.099613,    13220.6005,    13451.1968,    13685.8746,    13358.6335,    13590.1533,    13825.7787,    13403.8655,    13635.6896,    13871.6271,
37151                         , 4, 28,   12.0031,  13591.2643,  0.505333,  0.509649,  0.513966,   34.7253,   70.4114,  106.0974,    3.099613,    13208.8458,    13439.3568,    13673.9471,    13352.7779,    13584.2538,    13819.8342,    13399.9444,    13631.7380,    13867.6447,
37151                         , 4, 29,   12.3033,  13586.9671,  0.505333,  0.509649,  0.513966,   34.7253,   70.4114,  106.0974,    3.099613,    13201.6370,    13432.0966,    13666.6342,    13349.1890,    13580.6382,    13816.1911,    13397.5415,    13629.3171,    13865.2050,
37151                         , 4, 30,   12.5679,  13583.6694,  0.505333,  0.509649,  0.513966,   34.7253,   70.4114,  106.0974,    3.099613,    13195.3118,    13425.7265,    13660.2181,    13346.0398,    13577.4663,    13812.9960,    13395.4337,    13627.1937,    13863.0656,
37151                         , 4, 31,   12.7871,  13580.4519,  0.505333,  0.509649,  0.513966,   34.7253,   70.4114,  106.0974,    3.099613,    13190.0847,    13420.4629,    13654.9170,    13343.4393,    13574.8472,    13810.3577,    13393.6940,    13625.4414,    13861.3001,
37151                         , 4, 32,   13.0614,  13576.7944,  0.505333,  0.509649,  0.513966,   34.7253,   70.4114,  106.0974,    3.099613,    13183.5675,    13413.9019,    13648.3103,    13340.1971,    13571.5828,    13807.0701,    13391.5258,    13623.2580,    13859.1009,
37151                         , 4, 33,   13.6269,  13569.0481,  0.505333,  0.509649,  0.513966,   34.7253,   70.4114,  106.0974,    3.099613,    13170.1957,    13400.4429,    13634.7616,    13333.5544,    13564.8956,    13800.3372,    13387.0891,    13618.7910,    13854.6027,
37151                         , 4, 34,   13.9281,  13564.5257,  0.505333,  0.509649,  0.513966,   34.7253,   70.4114,  106.0974,    3.099613,    13163.1072,    13393.3090,    13627.5810,    13330.0376,    13561.3556,    13796.7735,    13384.7434,    13616.4297,    13852.2255,
37151                         , 4, 35,   14.1149,  13561.8371,  0.505333,  0.509649,  0.513966,   34.7253,   70.4114,  106.0974,    3.099613,    13158.7222,    13388.8962,    13623.1397,    13327.8645,    13559.1685,    13794.5720,    13383.2954,    13614.9720,    13850.7581,
37151                         , 4, 36,   14.9859,  13550.2532,  0.505333,  0.509649,  0.513966,   34.7253,   70.4114,  106.0974,    3.099613,    13138.3541,    13368.4011,    13602.5144,    13317.7937,    13549.0339,    13784.3721,    13376.6004,    13608.2343,    13843.9767,
37151                         , 4, 37,   15.2828,  13545.8762,  0.505333,  0.509649,  0.513966,   34.7253,   70.4114,  106.0974,    3.099613,    13131.4329,    13361.4371,    13595.5067,    13314.3810,    13545.6003,    13780.9172,    13374.3383,    13605.9584,    13841.6864,
37151                         , 4, 38,   15.5496,  13542.3689,  0.505333,  0.509649,  0.513966,   34.7253,   70.4114,  106.0974,    3.099613,    13125.2203,    13355.1865,    13589.2172,    13311.3224,    13542.5228,    13777.8202,    13372.3136,    13603.9212,    13839.6362,
37151                         , 4, 39,   16.0447,  13535.3986,  0.505333,  0.509649,  0.513966,   34.7253,   70.4114,  106.0974,    3.099613,    13113.6903,    13343.5856,    13577.5438,    13305.6565,    13536.8224,    13772.0845,    13368.5706,    13600.1556,    13835.8480,
37151                         , 4, 40,   16.6036,  13527.8552,  0.505333,  0.509649,  0.513966,   34.7253,   70.4114,  106.0974,    3.099613,    13100.6575,    13330.4726,    13564.3472,    13299.2690,    13530.3961,    13765.6185,    13364.3627,    13595.9228,    13831.5894,
37151                         , 4, 41,   16.9030,  13523.4570,  0.505333,  0.509649,  0.513966,   34.7253,   70.4114,  106.0974,    3.099613,    13093.6584,    13323.4279,    13557.2565,    13295.8457,    13526.9519,    13762.1521,    13362.1123,    13593.6592,    13829.3118,
37151                         , 4, 42,   17.0931,  13520.9501,  0.505333,  0.509649,  0.513966,   34.7253,   70.4114,  106.0974,    3.099613,    13089.2051,    13318.9452,    13552.7438,    13293.6701,    13524.7624,    13759.9484,    13360.6839,    13592.2220,    13827.8655,
37151                         , 4, 43,   17.6593,  13513.5823,  0.505333,  0.509649,  0.513966,   34.7253,   70.4114,  106.0974,    3.099613,    13075.8751,    13305.5283,    13539.2349,    13287.1677,    13518.2177,    13753.3611,    13356.4211,    13587.9326,    13823.5490,
37151                         , 4, 44,   17.9579,  13509.0591,  0.505333,  0.509649,  0.513966,   34.7253,   70.4114,  106.0974,    3.099613,    13068.8016,    13298.4046,    13532.0627,    13283.7207,    13514.7484,    13749.8676,    13354.1647,    13585.6619,    13821.2634,
37151                         , 4, 45,   18.5246,  13501.2721,  0.505333,  0.509649,  0.513966,   34.7253,   70.4114,  106.0974,    3.099613,    13055.2688,    13284.7795,    13518.3385,    13277.1321,    13508.1145,    13743.1887,    13349.8553,    13581.3248,    13816.8975,
37151                         , 4, 46,   19.0157,  13494.3627,  0.505333,  0.509649,  0.513966,   34.7253,   70.4114,  106.0974,    3.099613,    13044.5515,    13272.8431,    13506.3145,    13271.3630,    13502.3053,    13737.3367,    13346.0836,    13577.5276,    13813.0740,
37151                         , 5,  1,    0.0000,  12276.3402,  0.473331,  0.481145,  0.488958,   46.3013,   64.1443,   81.9873,    9.909864,    11878.4563,    12251.6834,    12636.3241,    11878.4563,    12251.6834,    12636.3241,    11878.4563,    12251.6834,    12636.3241,
37151                         , 5,  2,    0.4587,  12267.9599,  0.473331,  0.481145,  0.488958,   46.3013,   64.1443,   81.9873,    9.909864,    11870.8087,    12243.9760,    12628.5547,    11872.9148,    12246.0978,    12630.6927,    11874.1044,    12247.2962,    12631.9002,
37151                         , 5,  3,    0.6310,  12264.8728,  0.473331,  0.481145,  0.488958,   46.3013,   64.1443,   81.9873,    9.909864,    11867.9472,    12241.0928,    12625.6490,    11870.8423,    12244.0093,    12628.5875,    11872.4775,    12245.6565,    12630.2472,
37151                         , 5,  4,    1.4337,  12250.0450,  0.473331,  0.481145,  0.488958,   46.3013,   64.1443,   81.9873,    9.909864,    11854.7059,    12227.7547,    12612.2108,    11861.2610,    12234.3569,    12618.8617,    11864.9632,    12238.0858,    12622.6181,
37151                         , 5,  5,    1.7763,  12243.3376,  0.473331,  0.481145,  0.488958,   46.3013,   64.1443,   81.9873,    9.909864,    11849.0911,    12222.1003,    12606.5158,    11857.2038,    12230.2707,    12614.7460,    11861.7857,    12234.8854,    12619.3944,
37151                         , 5,  6,    1.9803,  12239.2804,  0.473331,  0.481145,  0.488958,   46.3013,   64.1443,   81.9873,    9.909864,    11845.7584,    12218.7446,    12603.1358,    11854.7974,    12227.8478,    12612.3052,    11859.9026,    12232.9892,    12617.4842,
37151                         , 5,  7,    3.3813,  12213.2117,  0.473331,  0.481145,  0.488958,   46.3013,   64.1443,   81.9873,    9.909864,    11822.9604,    12195.7949,    12580.0290,    11838.3765,    12211.3190,    12595.6649,    11847.0838,    12220.0872,    12604.4964,
37151                         , 5,  8,    4.3467,  12194.7726,  0.473331,  0.481145,  0.488958,   46.3013,   64.1443,   81.9873,    9.909864,    11807.2162,    12179.9438,    12564.0674,    11827.0760,    12199.9443,    12584.2136,    11838.2932,    12211.2412,    12595.5930,
37151                         , 5,  9,    4.4843,  12192.4218,  0.473331,  0.481145,  0.488958,   46.3013,   64.1443,   81.9873,    9.909864,    11804.9611,    12177.6724,    12561.7801,    11825.4593,    12198.3164,    12582.5748,    11837.0373,    12209.9769,    12594.3206,
37151                         , 5, 10,    5.0267,  12182.0163,  0.473331,  0.481145,  0.488958,   46.3013,   64.1443,   81.9873,    9.909864,    11796.0245,    12168.6710,    12552.7093,    11819.0562,    12191.8688,    12576.0796,    11832.0654,    12204.9720,    12589.2805,
37151                         , 5, 11,    5.4058,  12175.2678,  0.473331,  0.481145,  0.488958,   46.3013,   64.1443,   81.9873,    9.909864,    11789.7291,    12162.3255,    12546.3139,    11814.5472,    12187.3254,    12571.5020,    11828.5657,    12201.4468,    12585.7299,
37151                         , 5, 12,    5.6610,  12170.3026,  0.473331,  0.481145,  0.488958,   46.3013,   64.1443,   81.9873,    9.909864,    11785.4628,    12158.0260,    12541.9785,    11811.4914,    12184.2469,    12568.3989,    11826.1939,    12199.0582,    12583.3232,
37151                         , 5, 13,    6.0039,  12163.9940,  0.473331,  0.481145,  0.488958,   46.3013,   64.1443,   81.9873,    9.909864,    11779.6973,    12152.2118,    12536.1136,    11807.3612,    12180.0832,    12564.2001,    11822.9877,    12195.8272,    12580.0659,
37151                         , 5, 14,    6.4594,  12155.1163,  0.473331,  0.481145,  0.488958,   46.3013,   64.1443,   81.9873,    9.909864,    11771.9651,    12144.4100,    12528.2399,    11801.8193,    12174.4928,    12558.5599,    11818.6834,    12191.4864,    12575.6878,
37151                         , 5, 15,    6.6683,  12151.0656,  0.473331,  0.481145,  0.488958,   46.3013,   64.1443,   81.9873,    9.909864,    11768.3911,    12140.8015,    12524.5951,    11799.2563,    12171.9057,    12555.9474,    11816.6916,    12189.4764,    12573.6587,
37151                         , 5, 16,    6.8021,  12148.5471,  0.473331,  0.481145,  0.488958,   46.3013,   64.1443,   81.9873,    9.909864,    11766.0922,    12138.4809,    12522.2514,    11797.6066,    12170.2409,    12554.2667,    11815.4089,    12188.1822,    12572.3526,
37151                         , 5, 17,    7.4265,  12136.1447,  0.473331,  0.481145,  0.488958,   46.3013,   64.1443,   81.9873,    9.909864,    11755.2637,    12127.5425,    12511.1987,    11789.8286,    12162.3854,    12546.3304,    11809.3549,    12182.0691,    12566.1777,
37151                         , 5, 18,    7.6962,  12131.1848,  0.473331,  0.481145,  0.488958,   46.3013,   64.1443,   81.9873,    9.909864,    11750.5393,    12122.7683,    12506.3724,    11786.4302,    12158.9515,    12542.8595,    11806.7058,    12179.3928,    12563.4729,
37151                         , 5, 19,    7.9371,  12126.5978,  0.473331,  0.481145,  0.488958,   46.3013,   64.1443,   81.9873,    9.909864,    11746.3011,    12118.4848,    12502.0411,    11783.3789,    12155.8679,    12539.7414,    11804.3252,    12176.9871,    12561.0406,
37151                         , 5, 20,    8.3957,  12117.9841,  0.473331,  0.481145,  0.488958,   46.3013,   64.1443,   81.9873,    9.909864,    11738.1830,    12110.2767,    12493.7389,    11777.5262,    12149.9502,    12533.7564,    11799.7528,    12172.3642,    12556.3654,
37151                         , 5, 21,    8.6699,  12112.5556,  0.473331,  0.481145,  0.488958,   46.3013,   64.1443,   81.9873,    9.909864,    11733.3068,    12105.3457,    12488.7508,    11774.0056,    12146.3902,    12530.1552,    11796.9986,    12169.5792,    12553.5482,
37151                         , 5, 22,    9.3559,  12099.5539,  0.473331,  0.481145,  0.488958,   46.3013,   64.1443,   81.9873,    9.909864,    11721.0595,    12092.9590,    12476.2179,    11765.1488,    12137.4316,    12521.0900,    11790.0582,    12162.5585,    12546.4433,
37151                         , 5, 23,    9.5585,  12095.6206,  0.473331,  0.481145,  0.488958,   46.3013,   64.1443,   81.9873,    9.909864,    11717.4372,    12089.2952,    12472.5107,    11762.5253,    12134.7779,    12518.4044,    11787.9993,    12160.4758,    12544.3352,
37151                         , 5, 24,   10.2536,  12081.4477,  0.473331,  0.481145,  0.488958,   46.3013,   64.1443,   81.9873,    9.909864,    11705.0267,    12076.7439,    12459.8112,    11753.5268,    12125.6754,    12509.1928,    11780.9293,    12153.3226,    12537.0953,
37151                         , 5, 25,   10.3178,  12080.4519,  0.473331,  0.481145,  0.488958,   46.3013,   64.1443,   81.9873,    9.909864,    11703.8827,    12075.5867,    12458.6412,    11752.6965,    12124.8355,    12508.3432,    11780.2763,    12152.6621,    12536.4268,
37151                         , 5, 26,   10.5250,  12076.0395,  0.473331,  0.481145,  0.488958,   46.3013,   64.1443,   81.9873,    9.909864,    11700.1962,    12071.8588,    12454.8702,    11750.0206,    12122.1287,    12505.6047,    11778.1717,    12150.5327,    12534.2720,
37151                         , 5, 27,   11.4585,  12058.0367,  0.473331,  0.481145,  0.488958,   46.3013,   64.1443,   81.9873,    9.909864,    11683.7093,    12055.1933,    12438.0186,    11738.0462,    12110.0217,    12493.3586,    11768.7473,    12141.0018,    12524.6291,
37151                         , 5, 28,   11.6192,  12054.6740,  0.473331,  0.481145,  0.488958,   46.3013,   64.1443,   81.9873,    9.909864,    11680.8951,    12052.3499,    12435.1446,    11736.0017,    12107.9556,    12491.2696,    11767.1378,    12139.3749,    12522.9837,
37151                         , 5, 29,   11.9691,  12048.1782,  0.473331,  0.481145,  0.488958,   46.3013,   64.1443,   81.9873,    9.909864,    11674.7935,    12046.1880,    12428.9187,    11731.5693,    12103.4775,    12486.7445,    11763.6487,    12135.8489,    12519.4199,
37151                         , 5, 30,   12.4019,  12040.0233,  0.473331,  0.481145,  0.488958,   46.3013,   64.1443,   81.9873,    9.909864,    11667.2954,    12038.6177,    12421.2721,    11726.1237,    12097.9786,    12481.1883,    11759.3630,    12131.5203,    12515.0454,
37151                         , 5, 31,   12.6387,  12034.6925,  0.473331,  0.481145,  0.488958,   46.3013,   64.1443,   81.9873,    9.909864,    11663.2172,    12034.5023,    12417.1177,    11723.1631,    12094.9898,    12478.1709,    11757.0342,    12129.1683,    12512.6703,
37151                         , 5, 32,   12.9270,  12029.2287,  0.473331,  0.481145,  0.488958,   46.3013,   64.1443,   81.9873,    9.909864,    11658.2728,    12029.5122,    12412.0808,    11719.5754,    12091.3680,    12474.5139,    11754.2128,    12126.3199,    12509.7931,
37151                         , 5, 33,   13.5907,  12017.4349,  0.473331,  0.481145,  0.488958,   46.3013,   64.1443,   81.9873,    9.909864,    11646.9822,    12018.1232,    12400.5886,    11711.3890,    12083.1088,    12466.1784,    11747.7807,    12119.8291,    12503.2415,
37151                         , 5, 34,   14.7458,  11996.0487,  0.473331,  0.481145,  0.488958,   46.3013,   64.1443,   81.9873,    9.909864,    11627.5763,    11998.5587,    12380.8593,    11697.3476,    12068.9510,    12451.8994,    11736.7697,    12108.7259,    12492.0421,
37151                         , 5, 35,   15.7288,  11978.5236,  0.473331,  0.481145,  0.488958,   46.3013,   64.1443,   81.9873,    9.909864,    11611.2104,    11982.0661,    12364.2350,    11685.5344,    12057.0460,    12439.8991,    11727.5287,    12099.4130,    12482.6546,
37151                         , 5, 36,   16.5845,  11962.2929,  0.473331,  0.481145,  0.488958,   46.3013,   64.1443,   81.9873,    9.909864,    11596.9962,    11967.7428,    12349.7981,    11675.2925,    12046.7258,    12429.4977,    11719.5312,    12091.3549,    12474.5337,
37151                         , 5, 37,   17.3164,  11948.6478,  0.473331,  0.481145,  0.488958,   46.3013,   64.1443,   81.9873,    9.909864,    11584.8124,    11955.4634,    12337.4200,    11666.5230,    12037.8886,    12420.5900,    11712.6913,    12084.4629,    12467.5875,
37151                         , 5, 38,   18.3268,  11930.0810,  0.473331,  0.481145,  0.488958,   46.3013,   64.1443,   81.9873,    9.909864,    11567.8915,    11938.4053,    12320.2181,    11654.3523,    12025.6198,    12408.2199,    11703.2051,    12074.9014,    12457.9482,
37151                         , 5, 39,   19.4535,  11909.4177,  0.473331,  0.481145,  0.488958,   46.3013,   64.1443,   81.9873,    9.909864,    11548.8246,    11919.1729,    12300.8120,    11640.6368,    12011.7869,    12394.2636,    11692.5152,    12064.1213,    12447.0736,
37151                         , 5, 40,   19.7016,  11904.1509,  0.473331,  0.481145,  0.488958,   46.3013,   64.1443,   81.9873,    9.909864,    11544.5938,    11914.9024,    12296.5008,    11637.5927,    12008.7148,    12391.1617,    11690.1414,    12061.7266,    12444.6561,
37151                         , 6,  1,    0.0000,   9464.4940,  0.405052,  0.416157,  0.427261,   37.3798,   64.1443,   90.9089,   17.457267,     9018.2315,     9435.0624,     9868.0568,     9018.2315,     9435.0624,     9868.0568,     9018.2315,     9435.0624,     9868.0568,
37151                         , 6,  2,    0.5040,   9453.5842,  0.405052,  0.416157,  0.427261,   37.3798,   64.1443,   90.9089,   17.457267,     9002.5597,     9419.2636,     9852.1229,     9009.1027,     9425.8598,     9858.7757,     9011.7935,     9428.5725,     9861.5117,
37151                         , 6,  3,    0.5180,   9453.2663,  0.405052,  0.416157,  0.427261,   37.3798,   64.1443,   90.9089,   17.457267,     9002.1238,     9418.8242,     9851.6797,     9008.8487,     9425.6037,     9858.5174,     9011.6142,     9428.3918,     9861.3294,
37151                         , 6,  4,    1.4660,   9432.5420,  0.405052,  0.416157,  0.427261,   37.3798,   64.1443,   90.9089,   17.457267,     8972.5904,     9389.0496,     9821.6485,     8991.6167,     9408.2294,     9840.9917,     8999.4411,     9416.1171,     9848.9467,
37151                         , 6,  5,    1.7505,   9426.2741,  0.405052,  0.416157,  0.427261,   37.3798,   64.1443,   90.9089,   17.457267,     8963.7369,     9380.1246,     9812.6478,     8986.4445,     9403.0146,     9835.7315,     8995.7827,     9412.4280,     9845.2249,
37151                         , 6,  6,    2.5598,   9408.2193,  0.405052,  0.416157,  0.427261,   37.3798,   64.1443,   90.9089,   17.457267,     8938.6257,     9354.8175,     9787.1322,     8971.7623,     9388.2140,     9820.8053,     8985.3889,     9401.9481,     9834.6537,
37151                         , 6,  7,    2.8403,   9402.2249,  0.405052,  0.416157,  0.427261,   37.3798,   64.1443,   90.9089,   17.457267,     8929.9631,     9346.0898,     9778.3357,     8966.6941,     9383.1063,     9815.6557,     8981.7987,     9398.3290,     9831.0040,
37151                         , 6,  8,    3.1446,   9395.5414,  0.405052,  0.416157,  0.427261,   37.3798,   64.1443,   90.9089,   17.457267,     8920.5896,     9336.6489,     9768.8221,     8961.2091,     9377.5799,     9810.0852,     8977.9126,     9394.4125,     9827.0550,
37151                         , 6,  9,    3.5053,   9388.1443,  0.405052,  0.416157,  0.427261,   37.3798,   64.1443,   90.9089,   17.457267,     8909.5172,     9325.4985,     9757.5892,     8954.7292,     9371.0524,     9803.5069,     8973.3209,     9389.7858,     9822.3909,
37151                         , 6, 10,    4.4483,   9366.2707,  0.405052,  0.416157,  0.427261,   37.3798,   64.1443,   90.9089,   17.457267,     8880.7881,     9296.5858,     9728.4808,     8937.9187,     9354.1285,     9786.4627,     8961.4103,     9377.7913,     9810.3075,
37151                         , 6, 11,    5.1896,   9350.3891,  0.405052,  0.416157,  0.427261,   37.3798,   64.1443,   90.9089,   17.457267,     8858.4204,     9274.0922,     9705.8539,     8924.8393,     9340.9712,     9773.2229,     8952.1487,     9368.4720,     9800.9273,
37151                         , 6, 12,    5.5373,   9342.6824,  0.405052,  0.416157,  0.427261,   37.3798,   64.1443,   90.9089,   17.457267,     8847.9896,     9263.6073,     9695.3124,     8918.7441,     9334.8428,     9767.0596,     8947.8355,     9364.1343,     9796.5638,
37151                         , 6, 13,    6.4779,   9322.3237,  0.405052,  0.416157,  0.427261,   37.3798,   64.1443,   90.9089,   17.457267,     8819.9350,     9235.4208,     9666.9867,     8902.3673,     9318.3847,     9750.5159,     8936.2575,     9352.4966,     9784.8634,
37151                         , 6, 14,    6.5923,   9319.0479,  0.405052,  0.416157,  0.427261,   37.3798,   64.1443,   90.9089,   17.457267,     8816.5343,     9232.0056,     9663.5555,     8900.3839,     9316.3923,     9748.5137,     8934.8564,     9351.0890,     9783.4486,
37151                         , 6, 15,    6.7642,   9315.6858,  0.405052,  0.416157,  0.427261,   37.3798,   64.1443,   90.9089,   17.457267,     8811.4284,     9226.8775,     9658.4042,     8897.4068,     9313.4013,     9745.5089,     8932.7540,     9348.9765,     9781.3260,
37151                         , 6, 16,    7.5631,   9300.3707,  0.405052,  0.416157,  0.427261,   37.3798,   64.1443,   90.9089,   17.457267,     8787.7506,     9203.1019,     9634.5251,     8883.6114,     9299.5466,     9731.5916,     8923.0189,     9339.1987,     9771.5033,
37151                         , 6, 17,    7.7070,   9297.2636,  0.405052,  0.416157,  0.427261,   37.3798,   64.1443,   90.9089,   17.457267,     8783.4898,     9198.8240,     9630.2291,     8881.1308,     9297.0557,     9729.0898,     8921.2696,     9337.4421,     9769.7390,
37151                         , 6, 18,    8.5009,   9280.6918,  0.405052,  0.416157,  0.427261,   37.3798,   64.1443,   90.9089,   17.457267,     8759.9825,     9175.2227,     9606.5283,     8867.4537,     9283.3226,     9715.2978,     8911.6313,     9327.7642,     9760.0196,
37151                         , 6, 19,    8.6451,   9277.6316,  0.405052,  0.416157,  0.427261,   37.3798,   64.1443,   90.9089,   17.457267,     8755.7110,     9170.9340,     9602.2214,     8864.9699,     9280.8287,     9712.7931,     8909.8820,     9326.0078,     9758.2557,
37151                         , 6, 20,    9.4358,   9260.5334,  0.405052,  0.416157,  0.427261,   37.3798,   64.1443,   90.9089,   17.457267,     8732.2414,     9147.3676,     9578.5525,     8851.3288,     9267.1303,     9699.0347,     8900.2789,     9316.3650,     9748.5713,
37151                         , 6, 21,    9.7262,   9254.0852,  0.405052,  0.416157,  0.427261,   37.3798,   64.1443,   90.9089,   17.457267,     8723.6024,     9138.6916,     9569.8371,     8846.3096,     9262.0894,     9693.9707,     8896.7469,     9312.8180,     9745.0084,
37151                         , 6, 22,   10.5178,   9235.8009,  0.405052,  0.416157,  0.427261,   37.3798,   64.1443,   90.9089,   17.457267,     8699.9657,     9114.9480,     9545.9800,     8832.5788,     9248.2957,     9680.1105,     8887.0866,     9303.1142,     9735.2589,
37151                         , 6, 23,   10.6609,   9232.3893,  0.405052,  0.416157,  0.427261,   37.3798,   64.1443,   90.9089,   17.457267,     8695.6808,     9110.6427,     9541.6530,     8830.0896,     9245.7947,     9677.5968,     8885.3355,     9301.3549,     9733.4909,
37151                         , 6, 24,   11.5956,   9211.4359,  0.405052,  0.416157,  0.427261,   37.3798,   64.1443,   90.9089,   17.457267,     8667.5726,     9082.3931,     9513.2522,     8813.7586,     9229.3804,     9661.0938,     8873.8450,     9289.8066,     9721.8814,
37151                         , 6, 25,   12.6238,   9187.0276,  0.405052,  0.416157,  0.427261,   37.3798,   64.1443,   90.9089,   17.457267,     8636.4321,     9051.0815,     9481.7561,     8795.6537,     9211.1728,     9642.7776,     8861.0988,     9276.9884,     9708.9870,
37151                         , 6, 26,   12.6708,   9187.3163,  0.405052,  0.416157,  0.427261,   37.3798,   64.1443,   90.9089,   17.457267,     8635.0029,     9049.6438,     9480.3099,     8794.8222,     9210.3367,     9641.9358,     8860.5130,     9276.3993,     9708.3943,
37151                         , 6, 27,   13.4560,   9170.2173,  0.405052,  0.416157,  0.427261,   37.3798,   64.1443,   90.9089,   17.457267,     8611.0850,     9025.5855,     9456.1001,     8780.9021,     9196.3311,     9627.8395,     8850.7031,     9266.5288,     9698.4592,
37151                         , 6, 28,   13.7422,   9164.2459,  0.405052,  0.416157,  0.427261,   37.3798,   64.1443,   90.9089,   17.457267,     8602.3466,     9016.7944,     9447.2525,     8775.8129,     9191.2097,     9622.6835,     8847.1141,     9262.9168,     9694.8225,
37151                         , 6, 29,   14.1848,   9154.3068,  0.405052,  0.416157,  0.427261,   37.3798,   64.1443,   90.9089,   17.457267,     8588.8200,     9003.1856,     9433.5550,     8767.9309,     9183.2770,     9614.6967,     8841.5531,     9257.3192,     9689.1860,
37151                         , 6, 30,   14.5303,   9146.7478,  0.405052,  0.416157,  0.427261,   37.3798,   64.1443,   90.9089,   17.457267,     8578.2513,     8992.5525,     9422.8524,     8761.7693,     9177.0754,     9608.4523,     8837.2032,     9252.9403,     9684.7762,
37151                         , 6, 31,   14.6727,   9143.7339,  0.405052,  0.416157,  0.427261,   37.3798,   64.1443,   90.9089,   17.457267,     8573.8972,     8988.1719,     9418.4431,     8759.2300,     9174.5196,     9605.8787,     8835.4100,     9251.1350,     9682.9580,
37151                         , 6, 32,   15.1107,   9133.8027,  0.405052,  0.416157,  0.427261,   37.3798,   64.1443,   90.9089,   17.457267,     8560.4998,     8974.6932,     9404.8769,     8751.4137,     9166.6522,     9597.9569,     8829.8879,     9245.5757,     9677.3589,
37151                         , 6, 33,   15.4559,   9126.1505,  0.405052,  0.416157,  0.427261,   37.3798,   64.1443,   90.9089,   17.457267,     8549.9462,     8964.0766,     9394.1920,     8745.2534,     9160.4521,     9591.7140,     8825.5335,     9241.1919,     9672.9437,
37151                         , 6, 34,   15.7410,   9119.7621,  0.405052,  0.416157,  0.427261,   37.3798,   64.1443,   90.9089,   17.457267,     8541.2412,     8955.3203,     9385.3804,     8740.1704,     9155.3363,     9586.5633,     8821.9390,     9237.5732,     9669.2993,
37151                         , 6, 35,   16.5312,   9101.7946,  0.405052,  0.416157,  0.427261,   37.3798,   64.1443,   90.9089,   17.457267,     8517.1655,     8931.1084,     9361.0212,     8726.1047,     9141.1827,     9572.3157,     8811.9861,     9227.5548,     9659.2107,
37151                         , 6, 36,   16.6708,   9098.8180,  0.405052,  0.416157,  0.427261,   37.3798,   64.1443,   90.9089,   17.457267,     8512.9210,     8926.8408,     9356.7289,     8723.6239,     9138.6869,     9569.8040,     8810.2300,     9225.7873,     9657.4312,
37151                         , 6, 37,   17.4554,   9081.5232,  0.405052,  0.416157,  0.427261,   37.3798,   64.1443,   90.9089,   17.457267,     8489.1679,     8902.9671,     9332.7242,     8709.7384,     9124.7216,     9555.7530,     8800.3965,     9215.8932,     9647.4727,
37151                         , 6, 38,   17.7343,   9075.4364,  0.405052,  0.416157,  0.427261,   37.3798,   64.1443,   90.9089,   17.457267,     8480.7628,     8894.5227,     9324.2379,     8704.8243,     9119.7811,     9550.7846,     8796.9155,     9212.3920,     9643.9500,
37151                         , 6, 39,   18.5210,   9058.6499,  0.405052,  0.416157,  0.427261,   37.3798,   64.1443,   90.9089,   17.457267,     8457.1836,     8870.8451,     9300.4537,     8691.0398,     9105.9292,     9536.8606,     8787.1498,     9202.5738,     9634.0764,
37151                         , 6, 40,   18.6608,   9055.7565,  0.405052,  0.416157,  0.427261,   37.3798,   64.1443,   90.9089,   17.457267,     8453.0143,     8866.6602,     9296.2520,     8688.6030,     9103.4814,     9534.4014,     8785.4235,     9200.8390,     9632.3325,
37151                         , 6, 41,   19.0942,   9046.9186,  0.405052,  0.416157,  0.427261,   37.3798,   64.1443,   90.9089,   17.457267,     8440.1351,     8853.7365,     9283.2801,     8681.0766,     9095.9235,     9526.8100,     8780.0921,     9195.4828,     9626.9502,
37151                         , 6, 42,   19.4500,   9039.3319,  0.405052,  0.416157,  0.427261,   37.3798,   64.1443,   90.9089,   17.457267,     8429.6075,     8843.1764,     9272.6858,     8674.9270,     9089.7510,     9520.6133,     8775.7372,     9191.1094,     9622.5572,
37151                         , 6, 43,   19.7212,   9033.6289,  0.405052,  0.416157,  0.427261,   37.3798,   64.1443,   90.9089,   17.457267,     8426.7216,     8839.3276,     9271.9680,     8670.3768,     9085.0650,     9517.4032,     8772.4308,     9187.7901,     9619.4624,
37151                         , 7,  1,    0.0000,   7730.7388,  0.350581,  0.367713,  0.384845,   45.3895,   58.7718,   72.1541,   14.392137,     7163.9366,     7707.2974,     8280.9233,     7163.9366,     7707.2974,     8280.9233,     7163.9366,     7707.2974,     8280.9233,
37151                         , 7,  2,    0.3644,   7720.4479,  0.350581,  0.367713,  0.384845,   45.3895,   58.7718,   72.1541,   14.392137,     7147.9281,     7691.1412,     8264.5985,     7151.5646,     7694.8104,     8268.3050,     7153.8525,     7697.1189,     8270.6370,
37151                         , 7,  3,    0.5283,   7715.8713,  0.350581,  0.367713,  0.384845,   45.3895,   58.7718,   72.1541,   14.392137,     7140.7413,     7683.8906,     8257.2741,     7146.0107,     7689.2067,     8262.6438,     7149.3259,     7692.5512,     8266.0221,
37151                         , 7,  4,    1.0828,   7698.8412,  0.350581,  0.367713,  0.384845,   45.3895,   58.7718,   72.1541,   14.392137,     7116.4816,     7659.4229,     8232.5688,     7127.2648,     7670.2983,     8243.5500,     7134.0484,     7677.1401,     8250.4586,
37151                         , 7,  5,    1.6031,   7685.1993,  0.350581,  0.367713,  0.384845,   45.3895,   58.7718,   72.1541,   14.392137,     7093.7857,     7636.5459,     8209.4814,     7109.7311,     7652.6229,     8225.7102,     7119.7615,     7662.7365,     8235.9199,
37151                         , 7,  6,    2.0502,   7671.8689,  0.350581,  0.367713,  0.384845,   45.3895,   58.7718,   72.1541,   14.392137,     7074.3315,     7616.9435,     8189.7079,     7094.7055,     7637.4811,     8210.4350,     7107.5209,     7650.4004,     8223.4742,
37151                         , 7,  7,    3.0070,   7644.8937,  0.350581,  0.367713,  0.384845,   45.3895,   58.7718,   72.1541,   14.392137,     7032.7457,     7575.0571,     8147.4711,     7062.6006,     7605.1408,     8177.8211,     7081.3772,     7624.0633,     8196.9130,
37151                         , 7,  8,    3.1388,   7641.2154,  0.350581,  0.367713,  0.384845,   45.3895,   58.7718,   72.1541,   14.392137,     7027.0160,     7569.2866,     8141.6530,     7058.1788,     7600.6870,     8173.3303,     7077.7776,     7620.4376,     8193.2569,
37151                         , 7,  9,    3.9623,   7619.8094,  0.350581,  0.367713,  0.384845,   45.3895,   58.7718,   72.1541,   14.392137,     6991.1377,     7533.1498,     8105.2122,     7030.4984,     7572.8045,     8145.2112,     7055.2506,     7597.7452,     8170.3715,
37151                         , 7, 10,    4.0915,   7616.2151,  0.350581,  0.367713,  0.384845,   45.3895,   58.7718,   72.1541,   14.392137,     6985.4905,     7527.4605,     8099.4739,     7026.1428,     7568.4160,     8140.7844,     7051.7068,     7594.1745,     8166.7698,
37151                         , 7, 11,    4.9126,   7594.1380,  0.350581,  0.367713,  0.384845,   45.3895,   58.7718,   72.1541,   14.392137,     6949.4448,     7491.1328,     8062.8137,     6998.3471,     7540.4000,     8112.5101,     7029.0966,     7571.3846,     8143.7696,
37151                         , 7, 12,    5.1779,   7586.8679,  0.350581,  0.367713,  0.384845,   45.3895,   58.7718,   72.1541,   14.392137,     6937.7272,     7479.3163,     8050.8823,     6989.3134,     7531.2886,     8103.3094,     7021.7497,     7563.9741,     8136.2864,
37151                         , 7, 13,    6.0046,   7564.2363,  0.350581,  0.367713,  0.384845,   45.3895,   58.7718,   72.1541,   14.392137,     6900.9394,     7442.1956,     8013.3696,     6960.9536,     7502.6680,     8074.3839,     6998.6869,     7540.6983,     8112.7626,
37151                         , 7, 14,    6.1248,   7560.9917,  0.350581,  0.367713,  0.384845,   45.3895,   58.7718,   72.1541,   14.392137,     6895.5504,     7436.7543,     8007.8670,     6956.7993,     7498.4727,     8070.1408,     6995.3086,     7537.2865,     8109.3119,
37151                         , 7, 15,    6.9464,   7538.2244,  0.350581,  0.367713,  0.384845,   45.3895,   58.7718,   72.1541,   14.392137,     6858.4818,     7399.2960,     7969.9499,     6928.2243,     7469.5923,     8040.9018,     6972.0711,     7513.7995,     8085.5319,
37151                         , 7, 16,    7.0726,   7534.3007,  0.350581,  0.367713,  0.384845,   45.3895,   58.7718,   72.1541,   14.392137,     6852.7448,     7393.4933,     7964.0708,     6923.8021,     7465.1183,     8036.3679,     6968.4750,     7510.1608,     8081.8442,
37151                         , 7, 17,    8.0194,   7507.6037,  0.350581,  0.367713,  0.384845,   45.3895,   58.7718,   72.1541,   14.392137,     6809.3366,     7349.5595,     7919.5188,     6890.3390,     7431.2378,     8002.0018,     6941.2595,     7482.6014,     8053.8865,
37151                         , 7, 18,    8.1501,   7503.6424,  0.350581,  0.367713,  0.384845,   45.3895,   58.7718,   72.1541,   14.392137,     6803.3019,     7343.4480,     7913.3170,     6885.6858,     7426.5236,     7997.2165,     6937.4747,     7478.7658,     8049.9925,
37151                         , 7, 19,    8.8412,   7482.6097,  0.350581,  0.367713,  0.384845,   45.3895,   58.7718,   72.1541,   14.392137,     6771.2111,     7310.9345,     7880.3074,     6860.9390,     7401.4403,     7971.7418,     6917.3419,     7458.3546,     8029.2590,
37151                         , 7, 20,    8.9708,   7480.1337,  0.350581,  0.367713,  0.384845,   45.3895,   58.7718,   72.1541,   14.392137,     6765.1629,     7304.8045,     7874.0814,     6856.2741,     7396.7102,     7966.9358,     6913.5461,     7454.5047,     8025.3465,
37151                         , 7, 21,    9.2355,   7472.1120,  0.350581,  0.367713,  0.384845,   45.3895,   58.7718,   72.1541,   14.392137,     6752.7960,     7292.2689,     7861.3477,     6846.7356,     7387.0365,     7957.1052,     6905.7842,     7446.6307,     8017.3430,
37151                         , 7, 22,   10.0323,   7449.3590,  0.350581,  0.367713,  0.384845,   45.3895,   58.7718,   72.1541,   14.392137,     6715.4069,     7254.3604,     7822.8295,     6817.8939,     7357.7783,     7927.3626,     6882.3114,     7422.8113,     7993.1223,
37151                         , 7, 23,   10.6026,   7433.3830,  0.350581,  0.367713,  0.384845,   45.3895,   58.7718,   72.1541,   14.392137,     6688.5499,     7227.1264,     7795.1520,     6797.1740,     7336.7546,     7905.9846,     6865.4456,     7405.6919,     7975.7090,
37151                         , 7, 24,   10.9729,   7423.2564,  0.350581,  0.367713,  0.384845,   45.3895,   58.7718,   72.1541,   14.392137,     6671.0822,     7209.4137,     7777.1503,     6783.6971,     7323.0797,     7892.0788,     6854.4748,     7394.5551,     7964.3803,
37151                         , 7, 25,   11.1021,   7419.3725,  0.350581,  0.367713,  0.384845,   45.3895,   58.7718,   72.1541,   14.392137,     6664.9840,     7203.2302,     7770.8661,     6778.9921,     7318.3056,     7887.2242,     6850.6445,     7390.6670,     7960.4251,
37151                         , 7, 26,   11.6649,   7404.0190,  0.350581,  0.367713,  0.384845,   45.3895,   58.7718,   72.1541,   14.392137,     6638.4120,     7176.2891,     7743.4888,     6758.4911,     7297.5051,     7866.0738,     6833.9544,     7373.7256,     7943.1922,
37151                         , 7, 27,   12.0383,   7393.5728,  0.350581,  0.367713,  0.384845,   45.3895,   58.7718,   72.1541,   14.392137,     6620.7853,     7158.4209,     7725.3345,     6744.8923,     7283.7096,     7852.0482,     6822.8834,     7362.4893,     7931.7637,
37151                         , 7, 28,   12.6040,   7377.2139,  0.350581,  0.367713,  0.384845,   45.3895,   58.7718,   72.1541,   14.392137,     6594.0948,     7131.3714,     7697.8583,     6724.3028,     7262.8266,     7830.8208,     6806.1215,     7345.4800,     7914.4667,
37151                         , 7, 29,   12.9741,   7367.0199,  0.350581,  0.367713,  0.384845,   45.3895,   58.7718,   72.1541,   14.392137,     6576.6501,     7113.6970,     7679.9101,     6710.8472,     7249.1827,     7816.9555,     6795.1681,     7334.3675,     7903.1687,
37151                         , 7, 30,   13.6634,   7347.8222,  0.350581,  0.367713,  0.384845,   45.3895,   58.7718,   72.1541,   14.392137,     6544.1964,     7080.8279,     7646.5434,     6685.8199,     7223.8129,     7791.1823,     6774.7965,     7313.7061,     7882.1690,
37151                         , 7, 31,   14.0370,   7337.8168,  0.350581,  0.367713,  0.384845,   45.3895,   58.7718,   72.1541,   14.392137,     6526.6312,     7063.0445,     7628.4974,     6672.2771,     7210.0894,     7777.2453,     6763.7747,     7302.5311,     7870.8145,
37151                         , 7, 32,   14.5977,   7322.3824,  0.350581,  0.367713,  0.384845,   45.3895,   58.7718,   72.1541,   14.392137,     6500.2943,     7036.3891,     7601.4571,     6651.9760,     7189.5236,     7756.3660,     6747.2550,     7285.7864,     7853.8058,
37151                         , 7, 33,   14.9678,   7311.3287,  0.350581,  0.367713,  0.384845,   45.3895,   58.7718,   72.1541,   14.392137,     6482.9328,     7018.8230,     7583.6429,     6638.5964,     7175.9735,     7742.6131,     6736.3696,     7274.7557,     7842.6043,
37151                         , 7, 34,   15.4002,   7299.1928,  0.350581,  0.367713,  0.384845,   45.3895,   58.7718,   72.1541,   14.392137,     6462.6571,     6998.3132,     7562.8483,     6622.9747,     7160.1559,     7726.5622,     6723.6618,     7261.8808,     7829.5330,
37151                         , 7, 35,   15.6520,   7291.6336,  0.350581,  0.367713,  0.384845,   45.3895,   58.7718,   72.1541,   14.392137,     6450.8501,     6986.3722,     7550.7435,     6613.8796,     7150.9483,     7717.2204,     6716.2642,     7254.3873,     7821.9262,
37151                         , 7, 36,   15.8972,   7284.5361,  0.350581,  0.367713,  0.384845,   45.3895,   58.7718,   72.1541,   14.392137,     6439.3571,     6974.7500,     7538.9634,     6605.0276,     7141.9877,     7708.1301,     6709.0651,     7247.0955,     7814.5249,
37151                         , 7, 37,   17.6324,   7234.3982,  0.350581,  0.367713,  0.384845,   45.3895,   58.7718,   72.1541,   14.392137,     6357.8747,     6892.3718,     7455.4814,     6542.3012,     7078.5040,     7643.7373,     6658.0720,     7195.4543,     7762.1164,
37151                         , 7, 38,   17.7545,   7230.9910,  0.350581,  0.367713,  0.384845,   45.3895,   58.7718,   72.1541,   14.392137,     6352.1183,     6886.5525,     7449.5838,     6537.8718,     7074.0210,     7639.1897,     6654.4724,     7191.8087,     7758.4163,
37151                         , 7, 39,   18.6803,   7204.7262,  0.350581,  0.367713,  0.384845,   45.3895,   58.7718,   72.1541,   14.392137,     6308.3397,     6842.2855,     7404.7116,     6504.1895,     7039.9241,     7604.5928,     6627.1041,     7164.0849,     7730.2705,
37151                         , 7, 40,   18.8015,   7201.5607,  0.350581,  0.367713,  0.384845,   45.3895,   58.7718,   72.1541,   14.392137,     6302.5852,     6836.4651,     7398.8101,     6499.7626,     7035.4414,     7600.0429,     6623.5075,     7160.4404,     7726.5693,
37151                         , 7, 41,   19.5976,   7179.2601,  0.350581,  0.367713,  0.384845,   45.3895,   58.7718,   72.1541,   14.392137,     6286.5791,     6821.2923,     7379.3932,     6482.2270,     7018.5731,     7579.8497,     6606.5627,     7144.0468,     7707.4382,
37151                         , 8,  1,    0.0000,    824.7785,  0.027525,  0.052028,  0.076531,   38.6984,   58.7718,   78.8452,  423.137888,      476.4419,      821.3022,     1184.4632,      476.4419,      821.3022,     1184.4632,      476.4419,      821.3022,     1184.4632,
37151                         , 8,  2,    0.2724,    790.5862,  0.027525,  0.052028,  0.076531,   38.6984,   58.7718,   78.8452,  423.137888,       93.7722,      370.3300,      840.1119,       94.5469,      551.6381,      965.3743,      161.6591,      627.5745,     1023.5524,
37151                         , 8,  3,    0.9236,    711.4254,  0.027525,  0.052028,  0.076531,   38.6984,   58.7718,   78.8452,  423.137888,       93.7722,       93.2511,       81.2342,       94.5469,       86.3457,       89.1533,       94.7592,       92.4811,      501.1701,
37151                         , 8,  4,    1.0353,    687.2351,  0.027525,  0.052028,  0.076531,   38.6984,   58.7718,   78.8452,  423.137888,       93.7722,       93.2511,       81.2342,       94.5469,       86.3457,       89.1533,       94.7592,       92.4811,      352.5768,
37151                         , 8,  5,    1.1235,    673.9560,  0.027525,  0.052028,  0.076531,   38.6984,   58.7718,   78.8452,  423.137888,       93.7722,       93.2511,       81.2342,       94.5469,       86.3457,       89.1533,       94.7592,       92.4811,      186.3096,
37151                         , 8,  6,    1.2916,    651.2575,  0.027525,  0.052028,  0.076531,   38.6984,   58.7718,   78.8452,  423.137888,       93.7722,       93.2511,       81.2342,       94.5469,       86.3457,       89.1533,       94.7592,       92.4811,       93.1402,
37151                         , 8,  7,    1.3106,    650.6392,  0.027525,  0.052028,  0.076531,   38.6984,   58.7718,   78.8452,  423.137888,       93.7722,       93.2511,       81.2342,       94.5469,       86.3457,       89.1533,       94.7592,       92.4811,       93.1402,
37151                         , 8,  8,    1.9442,    549.5734,  0.027525,  0.052028,  0.076531,   38.6984,   58.7718,   78.8452,  423.137888,       93.7722,       93.2511,       81.2342,       94.5469,       86.3457,       89.1533,       94.7592,       92.4811,       93.1402,
37151                         , 8,  9,    2.2581,    485.0227,  0.027525,  0.052028,  0.076531,   38.6984,   58.7718,   78.8452,  423.137888,       93.7722,       93.2511,       81.2342,       94.5469,       86.3457,       89.1533,       94.7592,       92.4811,       93.1402,
39615                         , 1,  1,    0.0000,  16268.7850,  0.541448,  0.553481,  0.565513,   32.6891,   96.3446,  160.0000,   15.782664,    15495.5319,    16260.3093,    17067.4453,    15495.5319,    16260.3093,    17067.4453,    15495.5319,    16260.3093,    17067.4453,
39615                         , 1,  2,    0.2025,  16261.1162,  0.541448,  0.553481,  0.565513,   32.6891,   96.3446,  160.0000,   15.782664,    15480.5108,    16245.0726,    17051.9827,    15490.4272,    16255.1310,    17062.1899,    15492.4542,    16257.1870,    17064.2764,
39615                         , 1,  3,    1.0118,  16229.1276,  0.541448,  0.553481,  0.565513,   32.6891,   96.3446,  160.0000,   15.782664,    15420.6424,    16184.3571,    16990.3768,    15470.1048,    16234.5215,    17041.2792,    15480.2181,    16244.7785,    17051.6874,
39615                         , 1,  4,    3.0292,  16148.8634,  0.541448,  0.553481,  0.565513,   32.6891,   96.3446,  160.0000,   15.782664,    15270.5695,    16032.0764,    16835.7518,    15419.3911,    16183.0801,    16989.0666,    15449.8416,    16213.9785,    17020.4395,
39615                         , 1,  5,    4.0346,  16102.8886,  0.541448,  0.553481,  0.565513,   32.6891,   96.3446,  160.0000,   15.782664,    15193.6750,    15953.8340,    16756.0734,    15393.5152,    16156.7685,    16962.2902,    15434.4238,    16198.3125,    17004.5094,
39615                         , 1,  6,    4.8372,  16066.0513,  0.541448,  0.553481,  0.565513,   32.6891,   96.3446,  160.0000,   15.782664,    15130.4203,    15889.3158,    16690.2082,    15372.2455,    16135.0862,    16940.1709,    15421.7708,    16185.4243,    16991.3717,
39615                         , 1,  7,    5.0376,  16057.1260,  0.541448,  0.553481,  0.565513,   32.6891,   96.3446,  160.0000,   15.782664,    15114.3285,    15872.8821,    16673.4037,    15366.8337,    16129.5614,    16934.5226,    15418.5523,    16182.1410,    16988.0178,
39615                         , 1,  8,    6.0383,  16012.5691,  0.541448,  0.553481,  0.565513,   32.6891,   96.3446,  160.0000,   15.782664,    15032.0147,    15788.5916,    16586.9576,    15339.1104,    16101.1840,    16905.4279,    15402.0580,    16165.2681,    16970.7312,
39615                         , 1,  9,    6.8372,  15977.4825,  0.541448,  0.553481,  0.565513,   32.6891,   96.3446,  160.0000,   15.782664,    14963.8429,    15718.5902,    16514.9331,    15316.0805,    16077.5444,    16881.1101,    15388.3329,    16151.1876,    16956.2553,
39615                         , 1, 10,    7.0367,  15968.8715,  0.541448,  0.553481,  0.565513,   32.6891,   96.3446,  160.0000,   15.782664,    14946.4999,    15700.7497,    16496.5240,    15310.2098,    16071.5052,    16874.8798,    15384.8296,    16147.5853,    16952.5409,
39615                         , 1, 11,    8.8281,  15890.3668,  0.541448,  0.553481,  0.565513,   32.6891,   96.3446,  160.0000,   15.782664,    14785.5644,    15534.6386,    16324.7436,    15255.4736,    16014.9993,    16816.4382,    15352.0607,    16113.7665,    16917.5729,
39615                         , 1, 12,    9.8201,  15848.8693,  0.541448,  0.553481,  0.565513,   32.6891,   96.3446,  160.0000,   15.782664,    14693.4660,    15439.3959,    16225.8306,    15223.9575,    15982.3829,    16782.5350,    15333.1093,    16094.1537,    16897.1846,
39615                         , 1, 13,   11.0079,  15799.5440,  0.541448,  0.553481,  0.565513,   32.6891,   96.3446,  160.0000,   15.782664,    14581.9793,    15323.8892,    16105.7094,    15185.6549,    15942.6521,    16741.1864,    15310.0105,    16070.1892,    16872.2423,
39615                         , 1, 14,   11.4031,  15781.8291,  0.541448,  0.553481,  0.565513,   32.6891,   96.3446,  160.0000,   15.782664,    14544.7939,    15285.3402,    16065.6137,    15172.8518,    15929.3628,    16727.3524,    15302.2771,    16062.1598,    16863.8824,
39615                         , 1, 15,   11.9952,  15756.0226,  0.541448,  0.553481,  0.565513,   32.6891,   96.3446,  160.0000,   15.782664,    14489.1273,    15227.6359,    16005.5967,    15153.6675,    15909.4510,    16706.6237,    15290.6806,    16050.1203,    16851.3462,
39615                         , 1, 16,   12.9804,  15713.7931,  0.541448,  0.553481,  0.565513,   32.6891,   96.3446,  160.0000,   15.782664,    14396.8511,    15132.0369,    15906.1876,    15121.8384,    15876.4342,    16672.2553,    15271.4274,    16030.1430,    16830.5466,
39615                         , 1, 17,   13.3738,  15697.3155,  0.541448,  0.553481,  0.565513,   32.6891,   96.3446,  160.0000,   15.782664,    14360.1541,    15094.0472,    15866.6946,    15109.1771,    15863.3107,    16658.5976,    15263.7676,    16022.2011,    16822.2797,
39615                         , 1, 18,   15.1402,  15624.1564,  0.541448,  0.553481,  0.565513,   32.6891,   96.3446,  160.0000,   15.782664,    14196.4522,    14924.7554,    15690.7813,    15052.7286,    15804.8690,    16597.8044,    15229.6432,    15986.8624,    16785.5095,
39615                         , 1, 19,   15.9231,  15590.5943,  0.541448,  0.553481,  0.565513,   32.6891,   96.3446,  160.0000,   15.782664,    14124.1459,    14850.0059,    15613.1339,    15027.8300,    15779.1033,    16571.0100,    15214.6189,    15971.3126,    16769.3361,
39615                         , 1, 20,   16.1186,  15583.2815,  0.541448,  0.553481,  0.565513,   32.6891,   96.3446,  160.0000,   15.782664,    14106.0691,    14831.3109,    15593.7140,    15021.6089,    15772.6633,    16564.3129,    15210.8685,    15967.4300,    16765.2979,
39615                         , 1, 21,   16.8999,  15552.5405,  0.541448,  0.553481,  0.565513,   32.6891,   96.3446,  160.0000,   15.782664,    14033.6073,    14756.3096,    15515.7941,    14996.6838,    15746.8392,    16537.4556,    15195.8578,    15951.8780,    16749.1201,
39615                         , 1, 22,   17.0950,  15544.8359,  0.541448,  0.553481,  0.565513,   32.6891,   96.3446,  160.0000,   15.782664,    14015.4253,    14737.4707,    15496.2177,    14990.4323,    15740.3546,    16530.7105,    15192.0969,    15947.9771,    16745.0614,
39615                         , 1, 23,   18.0693,  15504.1576,  0.541448,  0.553481,  0.565513,   32.6891,   96.3446,  160.0000,   15.782664,    13923.7854,    14642.4075,    15397.3862,    14958.9226,    15707.6278,    16496.6488,    15173.1619,    15928.3116,    16724.5945,
39615                         , 1, 24,   18.8473,  15473.8905,  0.541448,  0.553481,  0.565513,   32.6891,   96.3446,  160.0000,   15.782664,    13900.5818,    14602.8336,    15359.9261,    14934.4103,    15680.9156,    16468.8070,    15157.7431,    15912.2814,    16707.8904,
39615                         , 2,  1,    0.0000,  14582.5571,  0.514537,  0.526028,  0.537519,   49.8747,   82.6208,  115.3669,   18.685760,    13921.6863,    14571.6013,    15253.8130,    13921.6863,    14571.6013,    15253.8130,    13921.6863,    14571.6013,    15253.8130,
39615                         , 2,  2,    1.1104,  14542.1499,  0.514537,  0.526028,  0.537519,   49.8747,   82.6208,  115.3669,   18.685760,    13884.0595,    14533.5047,    15215.2274,    13898.8643,    14548.4875,    15230.3952,    13905.2663,    14554.9665,    15236.9542,
39615                         , 2,  3,    1.4799,  14528.3435,  0.514537,  0.526028,  0.537519,   49.8747,   82.6208,  115.3669,   18.685760,    13871.6877,    14520.9907,    15202.5657,    13891.3624,    14540.8972,    15222.7130,    13899.8706,    14549.5057,    15231.4257,
39615                         , 2,  4,    2.4027,  14496.0446,  0.514537,  0.526028,  0.537519,   49.8747,   82.6208,  115.3669,   18.685760,    13841.1021,    14490.0789,    15171.3155,    13872.8256,    14522.1578,    15203.7632,    13886.5449,    14536.0310,    15217.7961,
39615                         , 2,  5,    3.1398,  14471.7217,  0.514537,  0.526028,  0.537519,   49.8747,   82.6208,  115.3669,   18.685760,    13816.9427,    14465.6849,    15146.6785,    13858.1964,    14507.3835,    15188.8384,    13876.0379,    14525.4177,    15207.0724,
39615                         , 2,  6,    3.5080,  14460.0872,  0.514537,  0.526028,  0.537519,   49.8747,   82.6208,  115.3669,   18.685760,    13804.9475,    14453.5795,    15134.4593,    13850.9381,    14500.0572,    15181.4420,    13870.8286,    14520.1588,    15201.7623,
39615                         , 2,  7,    4.4273,  14428.1766,  0.514537,  0.526028,  0.537519,   49.8747,   82.6208,  115.3669,   18.685760,    13775.1461,    14423.5174,    15104.1293,    13832.9212,    14481.8808,    15163.1014,    13857.9096,    14507.1242,    15188.6087,
39615                         , 2,  8,    5.1617,  14403.1161,  0.514537,  0.526028,  0.537519,   49.8747,   82.6208,  115.3669,   18.685760,    13751.4289,    14399.6004,    15080.0086,    13818.5988,    14467.4372,    15148.5345,    13847.6518,    14496.7795,    15178.1755,
39615                         , 2,  9,    6.0782,  14371.3249,  0.514537,  0.526028,  0.537519,   49.8747,   82.6208,  115.3669,   18.685760,    13721.8279,    14369.7508,    15049.9056,    13800.7406,    14449.4295,    15130.3748,    13834.8747,    14483.8962,    15165.1842,
39615                         , 2, 10,    7.1759,  14332.9376,  0.514537,  0.526028,  0.537519,   49.8747,   82.6208,  115.3669,   18.685760,    13686.2259,    14333.8387,    15013.6756,    13779.2770,    14427.7806,    15108.5365,    13819.5303,    14468.4209,    15149.5756,
39615                         , 2, 11,    8.0888,  14301.5616,  0.514537,  0.526028,  0.537519,   49.8747,   82.6208,  115.3669,   18.685760,    13656.3992,    14303.7344,    14983.2863,    13761.2940,    14409.6318,    15090.2179,    13806.6749,    14455.4485,    15136.4836,
39615                         , 2, 12,    8.4536,  14289.1023,  0.514537,  0.526028,  0.537519,   49.8747,   82.6208,  115.3669,   18.685760,    13644.4216,    14291.6403,    14971.0723,    13754.0689,    14402.3368,    15082.8512,    13801.5077,    14450.2318,    15131.2162,
39615                         , 2, 13,   10.0918,  14231.6527,  0.514537,  0.526028,  0.537519,   49.8747,   82.6208,  115.3669,   18.685760,    13590.2921,    14236.9573,    14915.8180,    13721.3623,    14369.2939,    15049.4607,    13778.0799,    14426.5627,    15107.2975,
39615                         , 2, 14,   10.4552,  14215.6974,  0.514537,  0.526028,  0.537519,   49.8747,   82.6208,  115.3669,   18.685760,    13578.2556,    14224.7957,    14903.5268,    13714.0734,    14361.9277,    15042.0144,    13772.8476,    14421.2740,    15101.9504,
39615                         , 2, 15,   12.0866,  14154.5385,  0.514537,  0.526028,  0.537519,   49.8747,   82.6208,  115.3669,   18.685760,    13524.5634,    14170.5746,    14848.7631,    13681.4798,    14329.0025,    15008.7457,    13749.3934,    14397.5738,    15077.9945,
39615                         , 2, 16,   12.8100,  14130.2116,  0.514537,  0.526028,  0.537519,   49.8747,   82.6208,  115.3669,   18.685760,    13501.1518,    14146.9668,    14824.9543,    13667.2378,    14314.6334,    14994.2444,    13739.1209,    14387.2050,    15067.5246,
39615                         , 2, 17,   13.1713,  14116.3227,  0.514537,  0.526028,  0.537519,   49.8747,   82.6208,  115.3669,   18.685760,    13489.5918,    14135.3176,    14813.2124,    13660.2019,    14307.5383,    14987.0878,    13734.0433,    14382.0817,    15062.3552,
39615                         , 2, 18,   13.3519,  14110.7153,  0.514537,  0.526028,  0.537519,   49.8747,   82.6208,  115.3669,   18.685760,    13483.8498,    14129.5331,    14807.3850,    13656.7064,    14304.0149,    14983.5365,    13731.5203,    14379.5372,    15059.7892,
39615                         , 2, 19,   13.7128,  14098.4298,  0.514537,  0.526028,  0.537519,   49.8747,   82.6208,  115.3669,   18.685760,    13472.4417,    14118.0470,    14795.8202,    13649.7623,    14297.0191,    14976.4897,    13726.5082,    14374.4851,    15054.6974,
39615                         , 2, 20,   14.0735,  14085.8502,  0.514537,  0.526028,  0.537519,   49.8747,   82.6208,  115.3669,   18.685760,    13461.1370,    14106.6735,    14784.3780,    13642.8831,    14290.0940,    14969.5198,    13721.5439,    14369.4850,    15049.6620,
39615                         , 2, 21,   14.4339,  14071.8375,  0.514537,  0.526028,  0.537519,   49.8747,   82.6208,  115.3669,   18.685760,    13449.9368,    14095.4138,    14773.0595,    13636.0708,    14283.2415,    14962.6288,    13716.6297,    14364.5392,    15044.6858,
39615                         , 2, 22,   14.7941,  14059.0350,  0.514537,  0.526028,  0.537519,   49.8747,   82.6208,  115.3669,   18.685760,    13438.8386,    14084.2651,    14761.8623,    13629.3249,    14276.4612,    14955.8162,    13711.7661,    14359.6484,    15039.7691,
39615                         , 2, 23,   15.1540,  14046.8121,  0.514537,  0.526028,  0.537519,   49.8747,   82.6208,  115.3669,   18.685760,    13427.8366,    14073.2209,    14750.7803,    13622.6427,    14269.7501,    14949.0784,    13706.9519,    14354.8112,    15034.9101,
39615                         , 2, 24,   16.0526,  14015.4778,  0.514537,  0.526028,  0.537519,   49.8747,   82.6208,  115.3669,   18.685760,    13400.7055,    14046.0135,    14723.4943,    13606.1900,    14253.2441,    14932.5138,    13695.1161,    14342.9321,    15022.9834,
39615                         , 2, 25,   16.5912,  13998.8664,  0.514537,  0.526028,  0.537519,   49.8747,   82.6208,  115.3669,   18.685760,    13384.6294,    14029.9020,    14707.3430,    13596.4609,    14243.4875,    14922.7311,    13688.1302,    14335.9238,    15015.9562,
39615                         , 2, 26,   17.1292,  13982.8268,  0.514537,  0.526028,  0.537519,   49.8747,   82.6208,  115.3669,   18.685760,    13368.6574,    14013.8966,    14691.3057,    13586.8079,    14233.8096,    14913.0339,    13681.2073,    14328.9825,    15009.0005,
39615                         , 2, 27,   17.4876,  13971.4376,  0.514537,  0.526028,  0.537519,   49.8747,   82.6208,  115.3669,   18.685760,    13358.0485,    14003.2668,    14680.6571,    13580.4022,    14227.3892,    14906.6028,    13676.6178,    14324.3826,    15004.3928,
39615                         , 2, 28,   18.0248,  13954.2109,  0.514537,  0.526028,  0.537519,   49.8747,   82.6208,  115.3669,   18.685760,    13342.1670,    13987.3557,    14664.7197,    13570.8211,    14217.7876,    14896.9864,    13669.7593,    14317.5099,    14997.5097,
39615                         , 2, 29,   18.2037,  13948.1060,  0.514537,  0.526028,  0.537519,   49.8747,   82.6208,  115.3669,   18.685760,    13336.8772,    13982.0565,    14659.4118,    13567.6319,    14214.5916,    14893.7856,    13667.4775,    14315.2237,    14995.2202,
39615                         , 2, 30,   18.3826,  13941.9464,  0.514537,  0.526028,  0.537519,   49.8747,   82.6208,  115.3669,   18.685760,    13331.5878,    13976.7580,    14654.1044,    13564.4437,    14211.3967,    14890.5857,    13665.1971,    14312.9387,    14992.9319,
39615                         , 2, 31,   19.0975,  13917.5596,  0.514537,  0.526028,  0.537519,   49.8747,   82.6208,  115.3669,   18.685760,    13310.4149,    13955.5510,    14632.8587,    13551.6862,    14198.6137,    14877.7811,    13656.0769,    14303.8001,    14983.7795,
39615                         , 2, 32,   19.2761,  13911.5023,  0.514537,  0.526028,  0.537519,   49.8747,   82.6208,  115.3669,   18.685760,    13305.1146,    13950.2428,    14627.5396,    13548.4930,    14195.4146,    14874.5759,    13653.7947,    14301.5134,    14981.4891,
39615                         , 2, 33,   19.4546,  13905.4841,  0.514537,  0.526028,  0.537519,   49.8747,   82.6208,  115.3669,   18.685760,    13303.8898,    13944.9306,    14622.2162,    13545.3398,    14192.2131,    14871.3681,    13651.5108,    14299.2252,    14979.1967,
39615                         , 3,  1,    0.0000,  12848.9790,  0.484794,  0.493687,  0.502579,   33.8370,   82.7884,  131.7399,    6.522648,    12395.3724,    12839.5019,    13299.5108,    12395.3724,    12839.5019,    13299.5108,    12395.3724,    12839.5019,    13299.5108,
39615                         , 3,  2,    0.6722,  12834.5532,  0.484794,  0.493687,  0.502579,   33.8370,   82.7884,  131.7399,    6.522648,    12369.1450,    12813.0432,    13272.8119,    12384.6290,    12828.6625,    13288.5716,    12388.6074,    12832.6757,    13292.6209,
39615                         , 3,  3,    1.0080,  12826.9359,  0.484794,  0.493687,  0.502579,   33.8370,   82.7884,  131.7399,    6.522648,    12356.0573,    12799.8412,    13259.4913,    12379.2649,    12823.2508,    13283.1104,    12385.2280,    12829.2658,    13289.1793,
39615                         , 3,  4,    2.0147,  12804.3090,  0.484794,  0.493687,  0.502579,   33.8370,   82.7884,  131.7399,    6.522648,    12316.9176,    12760.3657,    13219.6679,    12363.2019,    12807.0464,    13266.7593,    12375.0958,    12819.0424,    13278.8610,
39615                         , 3,  5,    2.8526,  12786.0834,  0.484794,  0.493687,  0.502579,   33.8370,   82.7884,  131.7399,    6.522648,    12284.5003,    12727.6806,    13186.7061,    12349.8627,    12793.5921,    13253.1859,    12366.6603,    12810.5313,    13270.2716,
39615                         , 3,  6,    3.6897,  12767.6517,  0.484794,  0.493687,  0.502579,   33.8370,   82.7884,  131.7399,    6.522648,    12252.3694,    12695.3006,    13154.0693,    12336.6003,    12780.2198,    13239.7001,    12358.2481,    12802.0453,    13261.7092,
39615                         , 3,  7,    4.0243,  12760.0963,  0.484794,  0.493687,  0.502579,   33.8370,   82.7884,  131.7399,    6.522648,    12239.6266,    12682.4656,    13141.1393,    12331.3282,    12774.9059,    13234.3433,    12354.8963,    12798.6649,    13258.2993,
39615                         , 3,  8,    4.6929,  12744.3112,  0.484794,  0.493687,  0.502579,   33.8370,   82.7884,  131.7399,    6.522648,    12214.3791,    12657.0478,    13115.5448,    12320.8611,    12764.3597,    13223.7152,    12348.2283,    12791.9417,    13251.5189,
39615                         , 3,  9,    5.0270,  12736.1446,  0.484794,  0.493687,  0.502579,   33.8370,   82.7884,  131.7399,    6.522648,    12201.8881,    12644.4797,    13102.8973,    12315.6728,    12759.1346,    13218.4523,    12344.9169,    12788.6042,    13248.1544,
39615                         , 3, 10,    5.6948,  12720.0313,  0.484794,  0.493687,  0.502579,   33.8370,   82.7884,  131.7399,    6.522648,    12177.2119,    12619.6709,    13077.9516,    12305.4079,    12748.8042,    13208.0544,    12338.3554,    12781.9948,    13241.4956,
39615                         , 3, 11,    6.0284,  12711.7844,  0.484794,  0.493687,  0.502579,   33.8370,   82.7884,  131.7399,    6.522648,    12165.0443,    12607.4471,    13065.6717,    12300.3403,    12743.7085,    13202.9296,    12335.1123,    12778.7306,    13238.2095,
39615                         , 3, 12,    6.6952,  12696.0281,  0.484794,  0.493687,  0.502579,   33.8370,   82.7884,  131.7399,    6.522648,    12141.0771,    12583.3922,    13041.5273,    12290.3546,    12733.6759,    13192.8491,    12328.7181,    12772.2999,    13231.7413,
39615                         , 3, 13,    7.0284,  12688.6422,  0.484794,  0.493687,  0.502579,   33.8370,   82.7884,  131.7399,    6.522648,    12129.2818,    12571.5612,    13029.6616,    12285.4409,    12728.7420,    13187.8959,    12325.5714,    12769.1374,    13228.5631,
39615                         , 3, 14,    7.6944,  12674.1398,  0.484794,  0.493687,  0.502579,   33.8370,   82.7884,  131.7399,    6.522648,    12106.0514,    12548.2843,    13006.3437,    12275.7742,    12719.0458,    13178.1727,    12319.3867,    12762.9279,    13222.3299,
39615                         , 3, 15,    7.8608,  12670.1754,  0.484794,  0.493687,  0.502579,   33.8370,   82.7884,  131.7399,    6.522648,    12100.3174,    12542.5438,    13000.5987,    12273.3915,    12716.6581,    13175.7806,    12317.8640,    12761.4006,    13220.7984,
39615                         , 3, 16,    8.0271,  12666.5378,  0.484794,  0.493687,  0.502579,   33.8370,   82.7884,  131.7399,    6.522648,    12094.6117,    12536.8337,    12994.8860,    12271.0222,    12714.2847,    13173.4039,    12316.3509,    12759.8835,    13219.2777,
39615                         , 3, 17,    9.0246,  12645.0199,  0.484794,  0.493687,  0.502579,   33.8370,   82.7884,  131.7399,    6.522648,    12060.9248,    12503.1570,    12961.2164,    12257.0762,    12700.3295,    13159.4352,    12307.4681,    12750.9876,    13210.3654,
39615                         , 3, 18,    9.6888,  12630.1654,  0.484794,  0.493687,  0.502579,   33.8370,   82.7884,  131.7399,    6.522648,    12038.9043,    12481.1503,    12939.2192,    12248.0014,    12691.2513,    13150.3558,    12301.7132,    12745.2273,    13204.6011,
39615                         , 3, 19,   10.0207,  12622.4962,  0.484794,  0.493687,  0.502579,   33.8370,   82.7884,  131.7399,    6.522648,    12027.9895,    12470.2416,    12928.3213,    12243.5142,    12686.7651,    13145.8723,    12298.8754,    12742.3890,    13201.7634,
39615                         , 3, 20,   10.6841,  12607.4806,  0.484794,  0.493687,  0.502579,   33.8370,   82.7884,  131.7399,    6.522648,    12006.2895,    12448.5617,    12906.6714,    12234.6157,    12677.8731,    13136.9904,    12293.2615,    12736.7779,    13196.1574,
39615                         , 3, 21,   12.0090,  12574.0653,  0.484794,  0.493687,  0.502579,   33.8370,   82.7884,  131.7399,    6.522648,    11963.1760,    12405.5028,    12863.6884,    12216.9940,    12660.2735,    13119.4215,    12282.1810,    12725.7106,    13185.1091,
39615                         , 3, 22,   12.8358,  12552.6277,  0.484794,  0.493687,  0.502579,   33.8370,   82.7884,  131.7399,    6.522648,    11936.2943,    12378.6569,    12836.8913,    12206.0165,    12649.3105,    13108.4788,    12275.2851,    12718.8238,    13178.2349,
39615                         , 3, 23,   13.1662,  12544.9563,  0.484794,  0.493687,  0.502579,   33.8370,   82.7884,  131.7399,    6.522648,    11925.5440,    12367.9206,    12826.1741,    12201.6235,    12644.9230,    13104.0989,    12272.5237,    12716.0658,    13175.4816,
39615                         , 3, 24,   13.6615,  12532.5754,  0.484794,  0.493687,  0.502579,   33.8370,   82.7884,  131.7399,    6.522648,    11909.4224,    12351.8195,    12810.1014,    12195.0297,    12638.3370,    13097.5239,    12268.3756,    12711.9221,    13171.3445,
39615                         , 3, 25,   14.8160,  12506.2661,  0.484794,  0.493687,  0.502579,   33.8370,   82.7884,  131.7399,    6.522648,    11871.8638,    12314.3117,    12772.6620,    12179.6327,    12622.9571,    13082.1687,    12258.6673,    12702.2223,    13161.6579,
39615                         , 3, 26,   15.9688,  12481.5181,  0.484794,  0.493687,  0.502579,   33.8370,   82.7884,  131.7399,    6.522648,    11834.5236,    12277.0351,    12735.4676,    12164.2713,    12607.6152,    13066.8541,    12248.9464,    12692.5097,    13151.9580,
39615                         , 3, 27,   16.6267,  12467.3369,  0.484794,  0.493687,  0.502579,   33.8370,   82.7884,  131.7399,    6.522648,    11813.3598,    12255.9188,    12714.4106,    12155.5436,    12598.9021,    13058.1601,    12243.4087,    12686.9781,    13146.4354,
39615                         , 3, 28,   16.7911,  12463.6793,  0.484794,  0.493687,  0.502579,   33.8370,   82.7884,  131.7399,    6.522648,    11808.0944,    12250.6670,    12709.1755,    12153.3703,    12596.7331,    13055.9964,    12242.0283,    12685.5995,    13145.0590,
39615                         , 3, 29,   17.9410,  12437.3839,  0.484794,  0.493687,  0.502579,   33.8370,   82.7884,  131.7399,    6.522648,    11771.5787,    12214.2703,    12672.9094,    12138.2835,    12581.6826,    13040.9812,    12232.4334,    12676.0200,    13135.4937,
39615                         , 3, 30,   18.7612,  12418.7258,  0.484794,  0.493687,  0.502579,   33.8370,   82.7884,  131.7399,    6.522648,    11745.9144,    12188.7070,    12647.4473,    12127.6701,    12571.0964,    13030.4284,    12225.6739,    12669.2718,    13128.7609,
39615                         , 3, 31,   18.9251,  12414.7528,  0.484794,  0.493687,  0.502579,   33.8370,   82.7884,  131.7399,    6.522648,    11740.8270,    12183.6395,    12642.4031,    12125.5651,    12568.9979,    13028.3378,    12224.3328,    12667.9337,    13127.4266,
39615                         , 3, 32,   19.9080,  12392.4879,  0.484794,  0.493687,  0.502579,   33.8370,   82.7884,  131.7399,    6.522648,    11716.2264,    12158.1379,    12616.1230,    12113.0684,    12556.5490,    13015.9459,    12216.3715,    12659.9960,    13119.5184,
39615                         , 4,  1,    0.0000,  12351.6420,  0.475664,  0.483567,  0.491470,   33.5017,   82.6208,  131.7399,    3.401164,    11963.9369,    12344.3433,    12736.5727,    11963.9369,    12344.3433,    12736.5727,    11963.9369,    12344.3433,    12736.5727,
39615                         , 4,  2,    0.1633,  12347.5992,  0.475664,  0.483567,  0.491470,   33.5017,   82.6208,  131.7399,    3.401164,    11957.1898,    12337.5438,    12729.7193,    11961.1869,    12341.5714,    12733.7783,    11962.2037,    12342.5959,    12734.8108,
39615                         , 4,  3,    0.8161,  12334.1073,  0.475664,  0.483567,  0.491470,   33.5017,   82.6208,  131.7399,    3.401164,    11930.3297,    12310.4812,    12702.4480,    11950.2480,    12330.5480,    12722.6678,    11955.3151,    12335.6529,    12727.8118,
39615                         , 4,  4,    1.1423,  12327.3865,  0.475664,  0.483567,  0.491470,   33.5017,   82.6208,  131.7399,    3.401164,    11916.9665,    12297.0206,    12688.8867,    11944.8109,    12325.0705,    12717.1486,    11951.8947,    12332.2067,    12724.3388,
39615                         , 4,  5,    1.7944,  12314.8219,  0.475664,  0.483567,  0.491470,   33.5017,   82.6208,  131.7399,    3.401164,    11890.3428,    12270.2078,    12661.8784,    11933.9892,    12314.1706,    12706.1680,    11945.0937,    12325.3559,    12717.4366,
39615                         , 4,  6,    2.1203,  12308.1503,  0.475664,  0.483567,  0.491470,   33.5017,   82.6208,  131.7399,    3.401164,    11877.0709,    12256.8435,    12648.4184,    11928.5994,    12308.7429,    12700.7010,    11941.7097,    12321.9479,    12714.0038,
39615                         , 4,  7,    2.7716,  12295.0742,  0.475664,  0.483567,  0.491470,   33.5017,   82.6208,  131.7399,    3.401164,    11850.5787,    12230.1691,    12621.5555,    11917.8495,    12297.9185,    12689.7996,    11934.9660,    12315.1574,    12707.1648,
39615                         , 4,  8,    3.0971,  12288.0080,  0.475664,  0.483567,  0.491470,   33.5017,   82.6208,  131.7399,    3.401164,    11837.3485,    12216.8485,    12608.1412,    11912.4845,    12292.5168,    12684.3597,    11931.6029,    12311.7712,    12703.7548,
39615                         , 4,  9,    3.7476,  12274.6561,  0.475664,  0.483567,  0.491470,   33.5017,   82.6208,  131.7399,    3.401164,    11810.8972,    12190.2163,    12581.3218,    11901.7633,    12281.7221,    12673.4890,    11924.8857,    12305.0082,    12696.9443,
39615                         , 4, 10,    3.9102,  12271.4053,  0.475664,  0.483567,  0.491470,   33.5017,   82.6208,  131.7399,    3.401164,    11804.2835,    12183.5572,    12574.6157,    11899.0833,    12279.0237,    12670.7716,    11923.2071,    12303.3181,    12695.2423,
39615                         , 4, 11,    4.8849,  12252.0988,  0.475664,  0.483567,  0.491470,   33.5017,   82.6208,  131.7399,    3.401164,    11764.5687,    12143.5669,    12534.3407,    11882.9899,    12262.8184,    12654.4506,    11913.1277,    12293.1690,    12685.0212,
39615                         , 4, 12,    5.0472,  12249.0374,  0.475664,  0.483567,  0.491470,   33.5017,   82.6208,  131.7399,    3.401164,    11757.9426,    12136.8942,    12527.6199,    11880.3040,    12260.1136,    12651.7262,    11911.4452,    12291.4747,    12683.3146,
39615                         , 4, 13,    5.8585,  12233.0905,  0.475664,  0.483567,  0.491470,   33.5017,   82.6208,  131.7399,    3.401164,    11724.7823,    12103.4991,    12493.9820,    11866.8548,    12246.5682,    12638.0814,    11903.0158,    12282.9850,    12674.7626,
39615                         , 4, 14,    6.0207,  12229.8902,  0.475664,  0.483567,  0.491470,   33.5017,   82.6208,  131.7399,    3.401164,    11718.1458,    12096.8152,    12487.2491,    11864.1610,    12243.8548,    12635.3479,    11901.3262,    12281.2830,    12673.0479,
39615                         , 4, 15,    6.8310,  12214.0748,  0.475664,  0.483567,  0.491470,   33.5017,   82.6208,  131.7399,    3.401164,    11684.9610,    12063.3931,    12453.5814,    11850.6766,    12230.2717,    12621.6626,    11892.8600,    12272.7540,    12664.4540,
39615                         , 4, 16,    6.9930,  12211.2114,  0.475664,  0.483567,  0.491470,   33.5017,   82.6208,  131.7399,    3.401164,    11678.3273,    12056.7121,    12446.8513,    11847.9778,    12227.5529,    12618.9233,    11891.1634,    12271.0447,    12662.7316,
39615                         , 4, 17,    7.8025,  12195.7292,  0.475664,  0.483567,  0.491470,   33.5017,   82.6208,  131.7399,    3.401164,    11645.2139,    12023.3647,    12413.2613,    11834.4865,    12213.9623,    12605.2299,    11882.6711,    12262.4881,    12654.1083,
39615                         , 4, 18,    8.1261,  12189.7255,  0.475664,  0.483567,  0.491470,   33.5017,   82.6208,  131.7399,    3.401164,    11632.0097,    12010.0691,    12399.8711,    11829.0975,    12208.5339,    12599.7609,    11879.2728,    12259.0641,    12650.6578,
39615                         , 4, 19,    8.7729,  12177.3450,  0.475664,  0.483567,  0.491470,   33.5017,   82.6208,  131.7399,    3.401164,    11605.7125,    11983.5958,    12373.2150,    11818.3486,    12197.7081,    12588.8558,    11872.4845,    12252.2249,    12643.7659,
39615                         , 4, 20,    8.9345,  12173.8309,  0.475664,  0.483567,  0.491470,   33.5017,   82.6208,  131.7399,    3.401164,    11599.1673,    11977.0084,    12366.5837,    11815.6701,    12195.0108,    12586.1393,    11870.7907,    12250.5186,    12642.0467,
39615                         , 4, 21,    9.9036,  12153.8802,  0.475664,  0.483567,  0.491470,   33.5017,   82.6208,  131.7399,    3.401164,    11560.2177,    11937.8250,    12327.1577,    11799.7072,    12178.9417,    12569.9608,    11860.6803,    12240.3361,    12631.7897,
39615                         , 4, 22,   10.8716,  12134.0963,  0.475664,  0.483567,  0.491470,   33.5017,   82.6208,  131.7399,    3.401164,    11521.9327,    11899.3368,    12288.4587,    11783.9823,    12163.1213,    12554.0430,    11850.6985,    12230.2881,    12621.6737,
39615                         , 4, 23,   11.0328,  12130.7248,  0.475664,  0.483567,  0.491470,   33.5017,   82.6208,  131.7399,    3.401164,    11515.6229,    11892.9966,    12282.0878,    11781.3891,    12160.5140,    12551.4212,    11849.0513,    12228.6309,    12620.0063,
39615                         , 4, 24,   11.1940,  12127.5221,  0.475664,  0.483567,  0.491470,   33.5017,   82.6208,  131.7399,    3.401164,    11509.3344,    11886.6790,    12275.7410,    11778.8048,    12157.9160,    12548.8093,    11847.4096,    12226.9796,    12618.3450,
39615                         , 4, 25,   11.9994,  12110.6483,  0.475664,  0.483567,  0.491470,   33.5017,   82.6208,  131.7399,    3.401164,    11478.2228,    11855.4421,    12244.3793,    11766.0248,    12145.0762,    12535.9087,    11839.2923,    12218.8194,    12610.1408,
39615                         , 4, 26,   12.6432,  12097.5490,  0.475664,  0.483567,  0.491470,   33.5017,   82.6208,  131.7399,    3.401164,    11453.7313,    11830.8748,    12219.7379,    11755.9795,    12134.9938,    12525.7885,    11832.9187,    12212.4186,    12603.7123,
39615                         , 4, 27,   13.1257,  12087.7179,  0.475664,  0.483567,  0.491470,   33.5017,   82.6208,  131.7399,    3.401164,    11435.5840,    11812.6841,    12201.5032,    11748.5506,    12127.5419,    12518.3123,    11828.2122,    12207.6949,    12598.9712,
39615                         , 4, 28,   13.4472,  12080.9808,  0.475664,  0.483567,  0.491470,   33.5017,   82.6208,  131.7399,    3.401164,    11423.5823,    11800.6572,    12189.4499,    11743.6447,    12122.6224,    12513.3794,    11825.1084,    12204.5812,    12595.8479,
39615                         , 4, 29,   13.9292,  12071.1817,  0.475664,  0.483567,  0.491470,   33.5017,   82.6208,  131.7399,    3.401164,    11405.7058,    11782.7466,    12171.5072,    11736.3496,    12115.3106,    12506.0520,    11820.5008,    12199.9614,    12591.2166,
39615                         , 4, 30,   14.8925,  12052.9052,  0.475664,  0.483567,  0.491470,   33.5017,   82.6208,  131.7399,    3.401164,    11370.2968,    11747.2886,    12136.0056,    11721.9506,    12100.8886,    12491.6094,    11811.4361,    12190.8803,    12582.1206,
39615                         , 4, 31,   15.2134,  12046.6326,  0.475664,  0.483567,  0.491470,   33.5017,   82.6208,  131.7399,    3.401164,    11358.5648,    11735.5437,    12124.2501,    11717.1939,    12096.1262,    12486.8423,    11808.4499,    12187.8904,    12579.1276,
39615                         , 4, 32,   15.8547,  12033.8716,  0.475664,  0.483567,  0.491470,   33.5017,   82.6208,  131.7399,    3.401164,    11335.1551,    11712.1112,    12100.7988,    11707.7192,    12086.6420,    12477.3506,    11802.5126,    12181.9472,    12573.1799,
39615                         , 4, 33,   16.0150,  12030.7243,  0.475664,  0.483567,  0.491470,   33.5017,   82.6208,  131.7399,    3.401164,    11329.3082,    11706.2589,    12094.9419,    11705.3556,    12084.2761,    12474.9830,    11801.0332,    12180.4666,    12571.6983,
39615                         , 4, 34,   16.1752,  12027.6593,  0.475664,  0.483567,  0.491470,   33.5017,   82.6208,  131.7399,    3.401164,    11323.4618,    11700.4070,    12089.0853,    11702.9929,    12081.9113,    12472.6164,    11799.5549,    12178.9871,    12570.2179,
39615                         , 4, 35,   16.8158,  12015.1404,  0.475664,  0.483567,  0.491470,   33.5017,   82.6208,  131.7399,    3.401164,    11300.0666,    11676.9882,    12065.6468,    11693.5432,    12072.4526,    12463.1505,    11793.6466,    12173.0736,    12564.3008,
39615                         , 4, 36,   17.1360,  12009.2486,  0.475664,  0.483567,  0.491470,   33.5017,   82.6208,  131.7399,    3.401164,    11288.3552,    11665.2637,    12053.9111,    11688.8137,    12067.7181,    12458.4119,    11790.6905,    12170.1147,    12561.3397,
39615                         , 4, 37,   17.9358,  11992.2273,  0.475664,  0.483567,  0.491470,   33.5017,   82.6208,  131.7399,    3.401164,    11259.0182,    11635.8889,    12024.5032,    11676.9600,    12055.8494,    12446.5305,    11783.2790,    12162.6944,    12553.9123,
39615                         , 4, 38,   19.0541,  11966.6681,  0.475664,  0.483567,  0.491470,   33.5017,   82.6208,  131.7399,    3.401164,    11224.4013,    11602.6591,    11986.9491,    11660.2795,    12039.1419,    12429.7987,    11772.8301,    12152.2287,    12543.4311,
39615                         , 5,  1,    0.0000,  10523.2978,  0.433282,  0.443617,  0.453952,   33.5017,   82.6208,  131.7399,    2.694154,    10098.4304,    10525.5053,    10968.7468,    10098.4304,    10525.5053,    10968.7468,    10098.4304,    10525.5053,    10968.7468,
39615                         , 5,  2,    1.0209,  10501.6414,  0.433282,  0.443617,  0.453952,   33.5017,   82.6208,  131.7399,    2.694154,    10061.5760,    10488.3411,    10931.2557,    10083.5282,    10510.4800,    10953.5916,    10089.1109,    10516.1102,    10959.2721,
39615                         , 5,  3,    1.6036,  10488.7785,  0.433282,  0.443617,  0.453952,   33.5017,   82.6208,  131.7399,    2.694154,    10040.4706,    10467.0541,    10909.7766,    10075.0084,    10501.8887,    10944.9248,    10083.7920,    10510.7480,    10953.8641,
39615                         , 5,  4,    2.3314,  10473.3313,  0.433282,  0.443617,  0.453952,   33.5017,   82.6208,  131.7399,    2.694154,    10013.9920,    10440.3400,    10882.8132,    10064.3300,    10491.1182,    10934.0567,    10077.1323,    10504.0328,    10947.0902,
39615                         , 5,  5,    3.2037,  10454.6352,  0.433282,  0.443617,  0.453952,   33.5017,   82.6208,  131.7399,    2.694154,     9982.0265,    10408.0757,    10850.2325,    10051.4469,    10478.1182,    10920.9331,    10069.1032,    10495.9337,    10938.9170,
39615                         , 5,  6,    3.3490,  10451.3248,  0.433282,  0.443617,  0.453952,   33.5017,   82.6208,  131.7399,    2.694154,     9976.6759,    10402.6733,    10844.7753,    10049.2906,    10475.9416,    10918.7350,    10067.7595,    10494.5779,    10937.5483,
39615                         , 5,  7,    3.4942,  10448.1169,  0.433282,  0.443617,  0.453952,   33.5017,   82.6208,  131.7399,    2.694154,     9971.3184,    10397.2635,    10839.3101,    10047.1313,    10473.7618,    10916.5336,    10066.4140,    10493.2200,    10936.1774,
39615                         , 5,  8,    3.9298,  10439.0015,  0.433282,  0.443617,  0.453952,   33.5017,   82.6208,  131.7399,    2.694154,     9955.2039,    10380.9883,    10822.8650,    10040.6356,    10467.2029,    10909.9079,    10062.3655,    10489.1335,    10932.0507,
39615                         , 5,  9,    4.3651,  10429.6141,  0.433282,  0.443617,  0.453952,   33.5017,   82.6208,  131.7399,    2.694154,     9939.0269,    10364.6456,    10806.3468,    10034.1116,    10460.6135,    10903.2493,    10058.2978,    10485.0263,    10927.9017,
39615                         , 5, 10,    5.3799,  10408.5470,  0.433282,  0.443617,  0.453952,   33.5017,   82.6208,  131.7399,    2.694154,     9901.0567,    10326.2709,    10767.5425,    10018.7792,    10445.1191,    10887.5835,    10048.7265,    10475.3561,    10918.1269,
39615                         , 5, 11,    5.6696,  10402.6520,  0.433282,  0.443617,  0.453952,   33.5017,   82.6208,  131.7399,    2.694154,     9890.1593,    10315.2540,    10756.3984,    10014.3717,    10440.6634,    10883.0763,    10045.9711,    10472.5708,    10915.3099,
39615                         , 5, 12,    6.2486,  10390.8956,  0.433282,  0.443617,  0.453952,   33.5017,   82.6208,  131.7399,    2.694154,     9868.3189,    10293.1704,    10734.0557,    10005.5269,    10431.7196,    10874.0270,    10040.4345,    10466.9726,    10909.6462,
39615                         , 5, 13,    6.6826,  10382.2691,  0.433282,  0.443617,  0.453952,   33.5017,   82.6208,  131.7399,    2.694154,     9851.9136,    10276.5804,    10717.2688,     9998.8723,    10424.9889,    10867.2155,    10036.2622,    10462.7526,    10905.3754,
39615                         , 5, 14,    7.4053,  10367.3245,  0.433282,  0.443617,  0.453952,   33.5017,   82.6208,  131.7399,    2.694154,     9824.5675,    10248.9255,    10689.2848,     9987.7581,    10413.7458,    10855.8355,    10029.2803,    10455.6890,    10898.2250,
39615                         , 5, 15,    7.9830,  10355.5329,  0.433282,  0.443617,  0.453952,   33.5017,   82.6208,  131.7399,    2.694154,     9802.7301,    10226.8438,    10666.9424,     9978.8639,    10404.7481,    10846.7279,    10023.6811,    10450.0233,    10892.4886,
39615                         , 5, 16,    9.5693,  10321.2607,  0.433282,  0.443617,  0.453952,   33.5017,   82.6208,  131.7399,    2.694154,     9743.1860,    10166.6638,    10606.0843,     9954.5483,    10380.1576,    10821.8451,    10008.3309,    10434.4934,    10876.7678,
39615                         , 5, 17,   10.2892,  10306.3606,  0.433282,  0.443617,  0.453952,   33.5017,   82.6208,  131.7399,    2.694154,     9716.4901,    10139.7053,    10578.8462,     9943.6351,    10369.1294,    10810.6946,    10001.4320,    10427.5185,    10869.7123,
39615                         , 5, 18,   10.4331,  10303.4060,  0.433282,  0.443617,  0.453952,   33.5017,   82.6208,  131.7399,    2.694154,     9711.1830,    10134.3481,    10573.4356,     9941.4662,    10366.9385,    10808.4804,    10000.0612,    10426.1331,    10868.3114,
39615                         , 5, 19,   11.2960,  10285.8033,  0.433282,  0.443617,  0.453952,   33.5017,   82.6208,  131.7399,    2.694154,     9679.5643,    10102.4452,    10541.2298,     9928.5571,    10353.9045,    10795.3140,     9991.9081,    10417.8974,    10859.9882,
39615                         , 5, 20,   11.5834,  10280.3975,  0.433282,  0.443617,  0.453952,   33.5017,   82.6208,  131.7399,    2.694154,     9669.1053,    10091.8974,    10530.5873,     9924.2938,    10349.6021,    10790.9704,     9989.2189,    10415.1826,    10857.2463,
39615                         , 5, 21,   11.8707,  10274.9011,  0.433282,  0.443617,  0.453952,   33.5017,   82.6208,  131.7399,    2.694154,     9658.6820,    10081.3880,    10519.9860,     9920.0493,    10345.3198,    10786.6482,     9986.5439,    10412.4830,    10854.5205,
39615                         , 5, 22,   12.3014,  10266.4845,  0.433282,  0.443617,  0.453952,   33.5017,   82.6208,  131.7399,    2.694154,     9643.1062,    10065.6869,    10504.1515,     9913.7146,    10338.9306,    10780.2013,     9982.5565,    10408.4602,    10850.4603,
39615                         , 5, 23,   12.4449,  10263.7796,  0.433282,  0.443617,  0.453952,   33.5017,   82.6208,  131.7399,    2.694154,     9637.9280,    10060.4678,    10498.8889,     9911.6107,    10336.8091,    10778.0611,     9981.2336,    10407.1260,    10849.1140,
39615                         , 5, 24,   12.8754,  10255.3333,  0.433282,  0.443617,  0.453952,   33.5017,   82.6208,  131.7399,    2.694154,     9622.4258,    10044.8449,    10483.1381,     9905.3195,    10330.4661,    10771.6633,     9977.2825,    10403.1417,    10845.0946,
39615                         , 5, 25,   13.3056,  10246.5985,  0.433282,  0.443617,  0.453952,   33.5017,   82.6208,  131.7399,    2.694154,     9606.9588,    10029.2596,    10467.4270,     9899.0534,    10324.1497,    10765.2938,     9973.3540,    10399.1813,    10841.1007,
39615                         , 5, 26,   14.0220,  10231.7019,  0.433282,  0.443617,  0.453952,   33.5017,   82.6208,  131.7399,    2.694154,     9581.2095,    10003.3144,    10441.2736,     9888.6450,    10313.6593,    10754.7167,     9966.8428,    10392.6190,    10834.4848,
39615                         , 5, 27,   14.3084,  10225.3187,  0.433282,  0.443617,  0.453952,   33.5017,   82.6208,  131.7399,    2.694154,     9570.9052,     9992.9310,    10430.8059,     9884.4871,    10309.4688,    10750.4915,     9964.2462,    10390.0023,    10831.8469,
39615                         , 5, 28,   15.1668,  10205.5274,  0.433282,  0.443617,  0.453952,   33.5017,   82.6208,  131.7399,    2.694154,     9539.9178,     9961.6990,    10399.3127,     9871.9997,    10296.8811,    10737.7977,     9956.4598,    10382.1550,    10823.9352,
39615                         , 5, 29,   15.5956,  10196.0117,  0.433282,  0.443617,  0.453952,   33.5017,   82.6208,  131.7399,    2.694154,     9524.3593,     9946.0123,    10383.4890,     9865.7346,    10290.5637,    10731.4248,     9952.5573,    10378.2210,    10819.9678,
39615                         , 5, 30,   16.1670,  10184.3888,  0.433282,  0.443617,  0.453952,   33.5017,   82.6208,  131.7399,    2.694154,     9503.5251,     9925.0008,    10362.2867,     9857.3453,    10282.1016,    10722.8853,     9947.3328,    10372.9527,    10814.6530,
39615                         , 5, 31,   16.3097,  10181.4310,  0.433282,  0.443617,  0.453952,   33.5017,   82.6208,  131.7399,    2.694154,     9498.2995,     9919.7295,    10356.9662,     9855.2405,    10279.9780,    10720.7418,     9946.0220,    10371.6304,    10813.3187,
39615                         , 5, 32,   16.5952,  10175.3066,  0.433282,  0.443617,  0.453952,   33.5017,   82.6208,  131.7399,    2.694154,     9487.8275,     9909.1641,    10346.3008,     9851.0214,    10275.7204,    10716.4434,     9943.3938,    10368.9790,    10810.6426,
39615                         , 5, 33,   16.8805,  10169.6272,  0.433282,  0.443617,  0.453952,   33.5017,   82.6208,  131.7399,    2.694154,     9477.3277,     9898.5686,    10335.6029,     9846.7890,    10271.4485,    10712.1295,     9940.7564,    10366.3176,    10807.9558,
39615                         , 5, 34,   17.1657,  10163.9344,  0.433282,  0.443617,  0.453952,   33.5017,   82.6208,  131.7399,    2.694154,     9466.8007,     9887.9438,    10324.8733,     9842.5430,    10267.1619,    10707.7999,     9938.1092,    10363.6457,    10805.2576,
39615                         , 5, 35,   17.5934,  10155.2436,  0.433282,  0.443617,  0.453952,   33.5017,   82.6208,  131.7399,    2.694154,     9450.9623,     9871.9545,    10308.7227,     9836.1487,    10260.7048,    10701.2761,     9934.1197,    10359.6176,    10801.1884,
39615                         , 5, 36,   17.8783,  10149.6797,  0.433282,  0.443617,  0.453952,   33.5017,   82.6208,  131.7399,    2.694154,     9440.3741,     9861.2635,    10297.9216,     9831.8695,    10256.3826,    10696.9081,     9931.4475,    10356.9188,    10798.4611,
39615                         , 5, 37,   18.1632,  10144.1651,  0.433282,  0.443617,  0.453952,   33.5017,   82.6208,  131.7399,    2.694154,     9429.7655,     9850.5503,    10287.0966,     9827.5782,    10252.0474,    10692.5261,     9928.7656,    10354.2096,    10795.7227,
39615                         , 5, 38,   18.3056,  10141.2998,  0.433282,  0.443617,  0.453952,   33.5017,   82.6208,  131.7399,    2.694154,     9424.4544,     9845.1865,    10281.6763,     9825.4284,    10249.8752,    10690.3302,     9927.4211,    10352.8512,    10794.3495,
39615                         , 5, 39,   18.8749,  10130.1636,  0.433282,  0.443617,  0.453952,   33.5017,   82.6208,  131.7399,    2.694154,     9403.1749,     9823.6934,    10259.9540,     9816.8043,    10241.1601,    10681.5178,     9922.0218,    10347.3946,    10788.8319,
39615                         , 5, 40,   19.1594,  10124.5827,  0.433282,  0.443617,  0.453952,   33.5017,   82.6208,  131.7399,    2.694154,     9392.5203,     9812.9310,    10249.0757,     9812.4802,    10236.7895,    10677.0974,     9919.3108,    10344.6541,    10786.0601,
39615                         , 5, 41,   19.3016,  10121.7220,  0.433282,  0.443617,  0.453952,   33.5017,   82.6208,  131.7399,    2.694154,     9387.1912,     9807.5478,    10243.6343,     9810.3158,    10234.6016,    10674.8846,     9917.9529,    10343.2812,    10784.6714,
39615                         , 5, 42,   19.4437,  10118.9169,  0.433282,  0.443617,  0.453952,   33.5017,   82.6208,  131.7399,    2.694154,     9381.8614,     9802.1638,    10238.1921,     9808.1501,    10232.4124,    10672.6702,     9916.5935,    10341.9068,    10783.2810,
39615                         , 5, 43,   19.8701,  10110.7867,  0.433282,  0.443617,  0.453952,   33.5017,   82.6208,  131.7399,    2.694154,     9378.1627,     9793.8517,    10230.5866,     9802.3733,    10225.8391,    10666.0212,     9912.5084,    10337.7761,    10779.1019,
39615                         , 6,  1,    0.0000,   6758.0750,  0.321948,  0.336375,  0.350801,   44.9995,   69.5591,   94.1187,    0.973546,     6334.5155,     6752.6249,     7189.3167,     6334.5155,     6752.6249,     7189.3167,     6334.5155,     6752.6249,     7189.3167,
39615                         , 6,  2,    0.7848,   6740.9358,  0.321948,  0.336375,  0.350801,   44.9995,   69.5591,   94.1187,    0.973546,     6315.9656,     6733.9708,     7170.5398,     6322.5135,     6740.5551,     7177.1670,     6325.6442,     6743.7032,     7180.3357,
39615                         , 6,  3,    1.0088,   6735.4704,  0.321948,  0.336375,  0.350801,   44.9995,   69.5591,   94.1187,    0.973546,     6310.6711,     6728.6473,     7165.1817,     6319.0892,     6737.1118,     7173.7013,     6323.1139,     6741.1589,     7177.7748,
39615                         , 6,  4,    1.7921,   6716.9776,  0.321948,  0.336375,  0.350801,   44.9995,   69.5591,   94.1187,    0.973546,     6292.1486,     6710.0242,     7146.4390,     6307.1117,     6725.0688,     7161.5803,     6314.2648,     6732.2611,     7168.8193,
39615                         , 6,  5,    2.0157,   6711.2629,  0.321948,  0.336375,  0.350801,   44.9995,   69.5591,   94.1187,    0.973546,     6286.8574,     6704.7045,     7141.0853,     6303.6906,     6721.6289,     7158.1182,     6311.7373,     6729.7197,     7166.2614,
39615                         , 6,  6,    2.7976,   6692.7662,  0.321948,  0.336375,  0.350801,   44.9995,   69.5591,   94.1187,    0.973546,     6268.3383,     6686.0859,     7122.3479,     6291.7160,     6709.5886,     7145.9999,     6302.8898,     6720.8231,     7157.3067,
39615                         , 6,  7,    3.1323,   6684.9007,  0.321948,  0.336375,  0.350801,   44.9995,   69.5591,   94.1187,    0.973546,     6260.4020,     6678.1073,     7114.3186,     6286.5835,     6704.4279,     7140.8056,     6299.0967,     6717.0089,     7153.4673,
39615                         , 6,  8,    3.2439,   6682.4329,  0.321948,  0.336375,  0.350801,   44.9995,   69.5591,   94.1187,    0.973546,     6257.7568,     6675.4480,     7111.6425,     6284.8727,     6702.7076,     7139.0742,     6297.8322,     6715.7373,     7152.1872,
39615                         , 6,  9,    3.8013,   6670.0351,  0.321948,  0.336375,  0.350801,   44.9995,   69.5591,   94.1187,    0.973546,     6244.5346,     6662.1561,     7098.2668,     6276.3193,     6694.1073,     7130.4178,     6291.5088,     6709.3782,     7145.7860,
39615                         , 6, 10,    4.1355,   6662.6508,  0.321948,  0.336375,  0.350801,   44.9995,   69.5591,   94.1187,    0.973546,     6236.6063,     6654.1868,     7090.2481,     6271.1891,     6688.9492,     7125.2263,     6287.7150,     6705.5630,     7141.9453,
39615                         , 6, 11,    5.1369,   6639.9788,  0.321948,  0.336375,  0.350801,   44.9995,   69.5591,   94.1187,    0.973546,     6212.8670,     6630.3300,     7066.2487,     6255.8215,     6673.4999,     7109.6794,     6276.3442,     6694.1289,     7130.4360,
39615                         , 6, 12,    5.6924,   6627.1792,  0.321948,  0.336375,  0.350801,   44.9995,   69.5591,   94.1187,    0.973546,     6199.7250,     6617.1278,     7052.9724,     6247.3096,     6664.9449,     7101.0723,     6270.0421,     6687.7927,     7124.0592,
39615                         , 6, 13,    6.1365,   6616.8883,  0.321948,  0.336375,  0.350801,   44.9995,   69.5591,   94.1187,    0.973546,     6189.2437,     6606.6012,     7042.3897,     6240.5188,     6658.1212,     7094.2089,     6265.0125,     6682.7370,     7118.9721,
39615                         , 6, 14,    6.2475,   6614.4518,  0.321948,  0.336375,  0.350801,   44.9995,   69.5591,   94.1187,    0.973546,     6186.6284,     6603.9751,     7039.7501,     6238.8241,     6656.4186,     7092.4967,     6263.7571,     6681.4753,     7117.7028,
39615                         , 6, 15,    6.6911,   6604.1937,  0.321948,  0.336375,  0.350801,   44.9995,   69.5591,   94.1187,    0.973546,     6176.1890,     6593.4950,     7029.2189,     6232.0592,     6649.6235,     7085.6647,     6258.7453,     6676.4390,     7112.6371,
39615                         , 6, 16,    7.1344,   6594.4064,  0.321948,  0.336375,  0.350801,   44.9995,   69.5591,   94.1187,    0.973546,     6165.7879,     6583.0573,     7018.7345,     6225.3185,     6642.8551,     7078.8623,     6253.7507,     6671.4217,     7107.5923,
39615                         , 6, 17,    7.6881,   6582.3288,  0.321948,  0.336375,  0.350801,   44.9995,   69.5591,   94.1187,    0.973546,     6152.8451,     6570.0751,     7005.7012,     6216.9309,     6634.4368,     7070.4055,     6247.5354,     6665.1807,     7101.3199,
39615                         , 6, 18,    8.1306,   6572.5901,  0.321948,  0.336375,  0.350801,   44.9995,   69.5591,   94.1187,    0.973546,     6142.5408,     6559.7447,     6995.3356,     6210.2541,     6627.7388,     7063.6804,     6242.5880,     6660.2152,     7096.3319,
39615                         , 6, 19,    8.6834,   6560.7483,  0.321948,  0.336375,  0.350801,   44.9995,   69.5591,   94.1187,    0.973546,     6129.7243,     6546.9029,     6982.4573,     6201.9518,     6619.4143,     7055.3268,     6236.4371,     6654.0449,     7090.1369,
39615                         , 6, 20,    9.1252,   6551.2056,  0.321948,  0.336375,  0.350801,   44.9995,   69.5591,   94.1187,    0.973546,     6119.5226,     6536.6866,     6972.2180,     6195.3456,     6612.7941,     7048.6873,     6231.5439,     6649.1390,     7085.2143,
39615                         , 6, 21,    9.6770,   6539.1938,  0.321948,  0.336375,  0.350801,   44.9995,   69.5591,   94.1187,    0.973546,     6106.8336,     6523.9863,     6959.4963,     6187.1324,     6604.5680,     7040.4420,     6225.4625,     6643.0451,     7079.1035,
39615                         , 6, 22,   10.1181,   6529.8535,  0.321948,  0.336375,  0.350801,   44.9995,   69.5591,   94.1187,    0.973546,     6096.7301,     6513.8791,     6949.3777,     6180.5962,     6598.0249,     7033.8876,     6220.6248,     6638.2001,     7074.2479,
39615                         , 6, 23,   11.1094,   6507.9214,  0.321948,  0.336375,  0.350801,   44.9995,   69.5591,   94.1187,    0.973546,     6074.1367,     6491.2926,     6926.7826,     6165.9916,     6583.4155,     7019.2637,     6209.8226,     6627.3897,     7063.4224,
39615                         , 6, 24,   11.2194,   6505.2125,  0.321948,  0.336375,  0.350801,   44.9995,   69.5591,   94.1187,    0.973546,     6071.6369,     6488.7948,     6924.2850,     6164.3768,     6581.8010,     7017.6484,     6208.6289,     6626.1957,     7062.2274,
39615                         , 6, 25,   11.6594,   6495.0997,  0.321948,  0.336375,  0.350801,   44.9995,   69.5591,   94.1187,    0.973546,     6061.6558,     6478.8236,     6914.3172,     6157.9315,     6575.3580,     7011.2040,     6203.8655,     6621.4324,     7057.4613,
39615                         , 6, 26,   12.0990,   6485.4780,  0.321948,  0.336375,  0.350801,   44.9995,   69.5591,   94.1187,    0.973546,     6051.7003,     6468.8810,     6904.3810,     6151.5062,     6568.9370,     7004.7836,     6199.1189,     6616.6874,     7052.7153,
39615                         , 6, 27,   12.2088,   6483.0344,  0.321948,  0.336375,  0.350801,   44.9995,   69.5591,   94.1187,    0.973546,     6049.2150,     6466.3993,     6901.9013,     6149.9026,     6567.3347,     7003.1818,     6197.9346,     6615.5037,     7051.5316,
39615                         , 6, 28,   12.6480,   6473.1056,  0.321948,  0.336375,  0.350801,   44.9995,   69.5591,   94.1187,    0.973546,     6039.2854,     6456.4856,     6891.9972,     6143.4978,     6560.9364,     6996.7863,     6193.2057,     6610.7780,     7046.8068,
39615                         , 6, 29,   13.3062,   6459.0930,  0.321948,  0.336375,  0.350801,   44.9995,   69.5591,   94.1187,    0.973546,     6024.4196,     6441.6470,     6877.1764,     6133.9140,     6551.3646,     6987.2214,     6186.1328,     6603.7118,     7039.7437,
39615                         , 6, 30,   14.1826,   6440.0861,  0.321948,  0.336375,  0.350801,   44.9995,   69.5591,   94.1187,    0.973546,     6004.6323,     6421.9003,     6857.4579,     6121.1653,     6538.6345,     6974.5033,     6176.7286,     6594.3189,     7030.3574,
39615                         , 6, 31,   15.0578,   6421.0591,  0.321948,  0.336375,  0.350801,   44.9995,   69.5591,   94.1187,    0.973546,     5984.8627,     6402.1738,     6837.7620,     6108.4339,     6525.9234,     6961.8055,     6167.3406,     6584.9433,     7020.9896,
39615                         , 6, 32,   16.1498,   6396.5673,  0.321948,  0.336375,  0.350801,   44.9995,   69.5591,   94.1187,    0.973546,     5960.1556,     6377.5223,     6813.1496,     6092.5270,     6510.0420,     6945.9406,     6155.6123,     6573.2305,     7009.2862,
39615                         , 6, 33,   17.1309,   6375.0614,  0.321948,  0.336375,  0.350801,   44.9995,   69.5591,   94.1187,    0.973546,     5937.9188,     6355.3365,     6790.9997,     6078.2106,     6495.7480,     6931.6609,     6145.0552,     6562.6864,     6998.7495,
39615                         , 6, 34,   18.2191,   6351.2343,  0.321948,  0.336375,  0.350801,   44.9995,   69.5591,   94.1187,    0.973546,     5913.2241,     6330.7012,     6766.4062,     6062.3086,     6479.8712,     6915.7996,     6133.3247,     6550.9696,     6987.0400,
39615                         , 6, 35,   19.1968,   6329.8977,  0.321948,  0.336375,  0.350801,   44.9995,   69.5591,   94.1187,    0.973546,     5895.4455,     6311.2340,     6747.8288,     6049.1515,     6465.6372,     6902.1698,     6123.0090,     6540.4337,     6976.5112,
39615                         , 7,  1,    0.0000,   5744.5039,  0.281159,  0.301093,  0.321026,   32.7198,   69.5591,  106.3984,    3.924550,     5229.7621,     5746.5793,     6293.7417,     5229.7621,     5746.5793,     6293.7417,     5229.7621,     5746.5793,     6293.7417,
39615                         , 7,  2,    0.9316,   5721.0918,  0.281159,  0.301093,  0.321026,   32.7198,   69.5591,  106.3984,    3.924550,     5190.8101,     5707.4990,     6254.4411,     5211.5053,     5728.2683,     6275.3345,     5217.8662,     5734.6528,     6281.7578,
39615                         , 7,  3,    1.9645,   5694.0911,  0.281159,  0.301093,  0.321026,   32.7198,   69.5591,  106.3984,    3.924550,     5147.1778,     5663.6921,     6210.3487,     5191.0749,     5707.7580,     6254.6943,     5204.5582,     5721.2971,     6268.3226,
39615                         , 7,  4,    2.8922,   5670.5282,  0.281159,  0.301093,  0.321026,   32.7198,   69.5591,  106.3984,    3.924550,     5107.5936,     5623.9237,     6170.2867,     5172.5523,     5689.1452,     6235.9427,     5192.4929,     5709.1756,     6256.1141,
39615                         , 7,  5,    3.9209,   5642.8374,  0.281159,  0.301093,  0.321026,   32.7198,   69.5591,  106.3984,    3.924550,     5063.2977,     5579.3984,     6125.4004,     5151.8330,     5668.3075,     6214.9286,     5178.9933,     5695.5997,     6242.4251,
39615                         , 7,  6,    5.5619,   5599.1330,  0.281159,  0.301093,  0.321026,   32.7198,   69.5591,  106.3984,    3.924550,     4991.9140,     5507.6202,     6052.9997,     5118.4561,     5634.7114,     6181.0139,     5157.2346,     5673.6943,     6220.3099,
39615                         , 7,  7,    5.7666,   5593.5427,  0.281159,  0.301093,  0.321026,   32.7198,   69.5591,  106.3984,    3.924550,     4982.9600,     5498.6166,     6043.9167,     5114.2706,     5630.4969,     6176.7575,     5154.5049,     5670.9447,     6217.5323,
39615                         , 7,  8,    6.8910,   5564.6746,  0.281159,  0.301093,  0.321026,   32.7198,   69.5591,  106.3984,    3.924550,     4933.6453,     5449.0376,     5993.9052,     5091.2259,     5607.2906,     6153.3178,     5139.4721,     5655.7998,     6202.2294,
39615                         , 7,  9,    8.5217,   5523.0738,  0.281159,  0.301093,  0.321026,   32.7198,   69.5591,  106.3984,    3.924550,     4861.8541,     5376.9101,     5921.1872,     5057.7119,     5573.5476,     6119.2388,     5117.6055,     5633.7693,     6179.9673,
39615                         , 7, 10,    9.5381,   5495.0985,  0.281159,  0.301093,  0.321026,   32.7198,   69.5591,  106.3984,    3.924550,     4817.0264,     5331.9136,     5875.8589,     5036.8182,     5552.5214,     6098.0128,     5103.9770,     5620.0435,     6166.1020,
39615                         , 7, 11,    9.9439,   5484.0496,  0.281159,  0.301093,  0.321026,   32.7198,   69.5591,  106.3984,    3.924550,     4799.1095,     5313.9389,     5857.7602,     5028.4768,     5544.1299,     6089.5444,     5098.5383,     5614.5676,     6160.5720,
39615                         , 7, 12,   10.8558,   5459.6407,  0.281159,  0.301093,  0.321026,   32.7198,   69.5591,  106.3984,    3.924550,     4758.8126,     5273.5312,     5817.0907,     5009.7397,     5525.2860,     6070.5330,     5086.3287,     5602.2780,     6148.1646,
39615                         , 7, 13,   12.4723,   5414.0807,  0.281159,  0.301093,  0.321026,   32.7198,   69.5591,  106.3984,    3.924550,     4687.1242,     5201.6936,     5744.8187,     4976.4960,     5491.8657,     6036.8272,     5064.6981,     5580.5148,     6126.2016,
39615                         , 7, 14,   12.8755,   5402.0124,  0.281159,  0.301093,  0.321026,   32.7198,   69.5591,  106.3984,    3.924550,     4669.1560,     5183.6894,     5726.7028,     4968.1838,     5483.5097,     6028.3998,     5059.2968,     5575.0809,     6120.7181,
39615                         , 7, 15,   13.9822,   5371.2388,  0.281159,  0.301093,  0.321026,   32.7198,   69.5591,  106.3984,    3.924550,     4619.5223,     5133.9512,     5676.6431,     4945.2755,     5460.4750,     6005.1533,     5044.4247,     5560.1157,     6105.6105,
39615                         , 7, 16,   15.4871,   5332.6431,  0.281159,  0.301093,  0.321026,   32.7198,   69.5591,  106.3984,    3.924550,     4551.1055,     5065.3501,     5607.5368,     4913.7883,     5428.7627,     5973.0949,     5024.0110,     5539.5423,     6084.8001,
39615                         , 7, 17,   16.3877,   5310.2073,  0.281159,  0.301093,  0.321026,   32.7198,   69.5591,  106.3984,    3.924550,     4509.5766,     5023.6780,     5565.5129,     4894.6881,     5409.4999,     5953.5919,     5011.6312,     5527.0439,     6072.1363,
39615                         , 7, 18,   16.9872,   5295.2713,  0.281159,  0.301093,  0.321026,   32.7198,   69.5591,  106.3984,    3.924550,     4481.6956,     4995.6906,     5537.2728,     4881.8654,     5396.5574,     5940.4760,     5003.3164,     5518.6411,     6063.6131,
39615                         , 7, 19,   18.4827,   5258.6445,  0.281159,  0.301093,  0.321026,   32.7198,   69.5591,  106.3984,    3.924550,     4411.4451,     4925.1533,     5466.0666,     4849.5540,     5363.9154,     5907.3626,     4982.3439,     5497.4229,     6042.0636,
39615                         , 7, 20,   19.4772,   5233.9270,  0.281159,  0.301093,  0.321026,   32.7198,   69.5591,  106.3984,    3.924550,     4387.5133,     4904.1676,     5444.0994,     4830.7587,     5346.5828,     5889.5693,     4968.5539,     5484.5928,     6028.9219,
39615                         , 8,  1,    0.0000,   1755.2193,  0.024119,  0.111790,  0.199461,   41.9536,   60.3733,   78.7930,   50.436491,      443.8568,     1758.8735,     3361.9183,      443.8568,     1758.8735,     3361.9183,      443.8568,     1758.8735,     3361.9183,
39615                         , 8,  2,    0.6474,   1717.4528,  0.024119,  0.111790,  0.199461,   41.9536,   60.3733,   78.7930,   50.436491,      335.3835,     1709.3209,     3318.5171,      372.6802,     1724.5248,     3331.7753,      390.7459,     1732.5884,     3338.8273,
39615                         , 8,  3,    1.9343,   1638.4779,  0.024119,  0.111790,  0.199461,   41.9536,   60.3733,   78.7930,   50.436491,       89.5995,     1607.9613,     3231.6764,       95.2288,     1654.9272,     3271.6203,      230.0952,     1679.5892,     3292.8102,
39615                         , 8,  4,    2.5740,   1601.8595,  0.024119,  0.111790,  0.199461,   41.9536,   60.3733,   78.7930,   50.436491,       89.5995,     1555.9850,     3188.1754,       95.2288,     1619.6171,     3241.5705,       93.1492,     1652.8425,     3269.8569,
39615                         , 8,  5,    2.9283,   1580.3363,  0.024119,  0.111790,  0.199461,   41.9536,   60.3733,   78.7930,   50.436491,       89.5995,     1526.6669,     3163.9704,       95.2288,     1599.8378,     3224.8752,       93.1492,     1637.9045,     3257.1145,
39615                         , 8,  6,    4.9674,   1453.9539,  0.024119,  0.111790,  0.199461,   41.9536,   60.3733,   78.7930,   50.436491,       89.5995,     1349.0147,     3022.8141,       95.2288,     1482.4241,     3127.8839,       93.1492,     1550.0317,     3183.2327,
39615                         , 8,  7,    4.9951,   1453.3609,  0.024119,  0.111790,  0.199461,   41.9536,   60.3733,   78.7930,   50.436491,       89.5995,     1346.4763,     3020.8673,       95.2288,     1480.7771,     3126.5511,       93.1492,     1548.8107,     3182.2191,
39615                         , 8,  8,    5.7338,   1406.7726,  0.024119,  0.111790,  0.199461,   41.9536,   60.3733,   78.7930,   50.436491,       89.5995,     1277.5486,     2968.8039,       95.2288,     1436.4419,     3090.9456,       93.1492,     1516.0326,     3155.1601,
39615                         , 8,  9,    6.5016,   1349.6736,  0.024119,  0.111790,  0.199461,   41.9536,   60.3733,   78.7930,   50.436491,       89.5995,     1202.6478,     2914.0551,       95.2288,     1389.2114,     3053.6328,       93.1492,     1481.3595,     3126.8391,
39615                         , 8, 10,    6.6340,   1339.5827,  0.024119,  0.111790,  0.199461,   41.9536,   60.3733,   78.7930,   50.436491,       89.5995,     1189.3412,     2904.5431,       95.2288,     1380.9400,     3047.1656,       93.1492,     1475.3149,     3121.9336,
39615                         , 8, 11,    6.6419,   1342.6394,  0.024119,  0.111790,  0.199461,   41.9536,   60.3733,   78.7930,   50.436491,       89.5995,     1188.5509,     2903.9796,       95.2288,     1380.4498,     3046.7828,       93.1492,     1474.9565,     3121.6432,
39615                         , 8, 12,    6.8409,   1322.5534,  0.024119,  0.111790,  0.199461,   41.9536,   60.3733,   78.7930,   50.436491,       89.5995,     1168.3142,     2889.6483,       95.2288,     1367.9464,     3037.0465,       93.1492,     1465.8359,     3114.2611,
39615                         , 8, 13,    7.4033,   1257.4147,  0.024119,  0.111790,  0.199461,   41.9536,   60.3733,   78.7930,   50.436491,       89.5995,     1109.5029,     2848.8844,       95.2288,     1332.1228,     3009.4016,       93.1492,     1439.8120,     3093.3201,
39615                         , 8, 14,    7.6021,   1242.6908,  0.024119,  0.111790,  0.199461,   41.9536,   60.3733,   78.7930,   50.436491,       89.5995,     1088.0932,     2834.3820,       95.2288,     1319.2796,     2999.5824,       93.1492,     1430.5236,     3085.8901,
39615                         , 8, 15,    7.8935,   1218.4325,  0.024119,  0.111790,  0.199461,   41.9536,   60.3733,   78.7930,   50.436491,       89.5995,     1056.0826,     2813.0504,       95.2288,     1300.2893,     2985.1530,       93.1492,     1416.8287,     3074.9799,
39615                         , 8, 16,    8.1681,   1197.6202,  0.024119,  0.111790,  0.199461,   41.9536,   60.3733,   78.7930,   50.436491,       89.5995,     1025.1603,     2792.8497,       95.2288,     1282.1920,     2971.5061,       93.1492,     1403.8258,     3064.6671,
39615                         , 8, 17,    8.2394,   1191.9056,  0.024119,  0.111790,  0.199461,   41.9536,   60.3733,   78.7930,   50.436491,       89.5995,     1016.9983,     2787.5902,       95.2288,     1277.4595,     2967.9555,       93.1492,     1400.4343,     3061.9850,
39615                         , 8, 18,    8.4972,   1170.1938,  0.024119,  0.111790,  0.199461,   41.9536,   60.3733,   78.7930,   50.436491,       89.5995,      987.0027,     2768.5276,       95.2288,     1260.2312,     2955.0965,       93.1492,     1388.1221,     3052.2738,
39615                         , 8, 19,    8.8355,   1144.0788,  0.024119,  0.111790,  0.199461,   41.9536,   60.3733,   78.7930,   50.436491,       89.5995,      946.3795,     2743.3912,       95.2288,     1237.3240,     2938.1635,       93.1492,     1371.8344,     3039.4932,
39615                         , 8, 20,    9.4411,   1095.7353,  0.024119,  0.111790,  0.199461,   41.9536,   60.3733,   78.7930,   50.436491,       89.5995,      869.5802,     2698.0706,       95.2288,     1195.4390,     2907.7034,       93.1492,     1342.3093,     3016.5254,
39615                         , 8, 21,    9.7141,   1070.9271,  0.024119,  0.111790,  0.199461,   41.9536,   60.3733,   78.7930,   50.436491,       89.5995,      832.9349,     2677.5038,       95.2288,     1176.1636,     2893.9108,       93.1492,     1328.8381,     3006.1347,
39615                         , 8, 22,    9.9165,   1051.5999,  0.024119,  0.111790,  0.199461,   41.9536,   60.3733,   78.7930,   50.436491,       89.5995,      804.7696,     2662.2032,       95.2288,     1161.7094,     2883.6635,       93.1492,     1318.7862,     2998.4189,
39615                         , 8, 23,   10.3762,   1011.6223,  0.024119,  0.111790,  0.199461,   41.9536,   60.3733,   78.7930,   50.436491,       89.5995,      737.0577,     2627.2846,       95.2288,     1128.3294,     2860.3193,       93.1492,     1295.7415,     2980.8547,
39615                         , 8, 24,   10.4278,   1005.0553,  0.024119,  0.111790,  0.199461,   41.9536,   60.3733,   78.7930,   50.436491,       89.5995,      729.0833,     2623.3513,       95.2288,     1124.5337,     2857.6928,       93.1492,     1293.1364,     2978.8801,
39615                         , 8, 25,   11.1569,    928.4007,  0.024119,  0.111790,  0.199461,   41.9536,   60.3733,   78.7930,   50.436491,       89.5995,      605.4117,     2567.4646,       95.2288,     1069.7575,     2820.4727,       93.1492,     1255.8762,     2950.9195,
39615                         , 8, 26,   11.3697,    906.6065,  0.024119,  0.111790,  0.199461,   41.9536,   60.3733,   78.7930,   50.436491,       89.5995,      563.9994,     2551.0450,       95.2288,     1053.3405,     2809.5690,       93.1492,     1244.8366,     2942.7383,
39615                         , 8, 27,   11.4381,    897.9634,  0.024119,  0.111790,  0.199461,   41.9536,   60.3733,   78.7930,   50.436491,       89.5995,      550.0032,     2545.7636,       95.2288,     1048.0270,     2806.0652,       93.1492,     1241.2764,     2940.1102,
39615                         , 8, 28,   11.7517,    854.1316,  0.024119,  0.111790,  0.199461,   41.9536,   60.3733,   78.7930,   50.436491,       89.5995,      480.0451,     2521.4516,       95.2288,     1023.3364,     2789.9565,       93.1492,     1224.8277,     2928.0343,
39615                         , 8, 29,   11.9033,    834.3819,  0.024119,  0.111790,  0.199461,   41.9536,   60.3733,   78.7930,   50.436491,       89.5995,      441.8170,     2509.6608,       95.2288,     1011.2132,     2782.1567,       93.1492,     1216.8146,     2922.1909,
39615                         , 8, 30,   12.4170,    758.8892,  0.024119,  0.111790,  0.199461,   41.9536,   60.3733,   78.7930,   50.436491,       89.5995,      257.8021,     2469.5242,       95.2288,      969.1827,     2755.6679,       93.1492,     1189.3542,     2902.3654,
39615                         , 8, 31,   12.7255,    710.8398,  0.024119,  0.111790,  0.199461,   41.9536,   60.3733,   78.7930,   50.436491,       89.5995,       94.9552,     2445.2826,       95.2288,      943.1709,     2739.7174,       93.1492,     1172.6251,     2890.4417,
39615                         , 8, 32,   12.8748,    683.8075,  0.024119,  0.111790,  0.199461,   41.9536,   60.3733,   78.7930,   50.436491,       89.5995,       94.9552,     2433.5072,       95.2288,      930.3564,     2731.9829,       93.1492,     1164.4595,     2884.6639,
39615                         , 8, 33,   13.3785,    571.7172,  0.024119,  0.111790,  0.199461,   41.9536,   60.3733,   78.7930,   50.436491,       89.5995,       94.9552,     2393.6613,       95.2288,      889.0898,     2705.8314,       93.1492,     1136.5747,     2865.1480,
39615                         , 8, 34,   13.6269,    497.5561,  0.024119,  0.111790,  0.199461,   41.9536,   60.3733,   78.7930,   50.436491,       89.5995,       94.9552,     2393.6613,       95.2288,      889.0898,     2696.0734,       93.1492,     1130.3167,     2855.5064,
39615                         , 8, 35,   13.7641,    452.0397,  0.024119,  0.111790,  0.199461,   41.9536,   60.3733,   78.7930,   50.436491,       89.5995,       94.9552,     2393.6613,       95.2288,      889.0898,     2696.0734,       93.1492,     1130.3167,     2854.0011,
39615                         , 8, 36,   13.8025,    441.7131,  0.024119,  0.111790,  0.199461,   41.9536,   60.3733,   78.7930,   50.436491,       89.5995,       94.9552,     2393.6613,       95.2288,      889.0898,     2696.0734,       93.1492,     1130.3167,     2854.0011,
39615                         , 8, 37,   13.8236,    433.1110,  0.024119,  0.111790,  0.199461,   41.9536,   60.3733,   78.7930,   50.436491,       89.5995,       94.9552,     2393.6613,       95.2288,      889.0898,     2696.0734,       93.1492,     1130.3167,     2854.0011,
27526                         , 1,  1,    0.0000,  17578.0152,  0.567679,  0.570800,  0.573921,   24.0931,   92.0466,  160.0000,    3.708850,    17320.7975,    17540.6336,    17763.6900,    17320.7975,    17540.6336,    17763.6900,    17320.7975,    17540.6336,    17763.6900,
27526                         , 1,  2,    0.6500,  17568.9115,  0.567679,  0.570800,  0.573921,   24.0931,   92.0466,  160.0000,    3.708850,    17305.2266,    17524.9995,    17747.9924,    17316.6343,    17536.4521,    17759.4903,    17318.3525,    17538.1771,    17761.2221,
27526                         , 1,  3,    0.8666,  17566.7223,  0.567679,  0.570800,  0.573921,   24.0931,   92.0466,  160.0000,    3.708850,    17300.0799,    17519.8327,    17742.8053,    17315.2729,    17535.0851,    17758.1178,    17317.5613,    17537.3825,    17760.4243,
27526                         , 1,  4,    1.9491,  17553.4849,  0.567679,  0.570800,  0.573921,   24.0931,   92.0466,  160.0000,    3.708850,    17274.5525,    17494.2099,    17717.0856,    17308.6431,    17528.4317,    17751.4407,    17313.7785,    17533.5868,    17756.6160,
27526                         , 1,  5,    3.0309,  17540.4800,  0.567679,  0.570800,  0.573921,   24.0931,   92.0466,  160.0000,    3.708850,    17249.0814,    17468.6440,    17691.4219,    17302.2286,    17521.9978,    17744.9868,    17310.2357,    17530.0361,    17753.0570,
27526                         , 1,  6,    3.4634,  17535.0423,  0.567679,  0.570800,  0.573921,   24.0931,   92.0466,  160.0000,    3.708850,    17238.8077,    17458.3298,    17681.0657,    17299.6855,    17519.4473,    17742.4284,    17308.8580,    17528.6559,    17751.6740,
27526                         , 1,  7,    3.8959,  17529.8465,  0.567679,  0.570800,  0.573921,   24.0931,   92.0466,  160.0000,    3.708850,    17228.4427,    17447.9218,    17670.6133,    17297.1354,    17516.8894,    17739.8620,    17307.4859,    17527.2814,    17750.2966,
27526                         , 1,  8,    4.7604,  17519.2313,  0.567679,  0.570800,  0.573921,   24.0931,   92.0466,  160.0000,    3.708850,    17207.3545,    17426.7375,    17649.3300,    17291.9583,    17511.6945,    17734.6478,    17304.7083,    17524.4977,    17747.5056,
27526                         , 1,  9,    4.9765,  17517.3114,  0.567679,  0.570800,  0.573921,   24.0931,   92.0466,  160.0000,    3.708850,    17201.9922,    17421.3483,    17643.9134,    17290.6373,    17510.3683,    17733.3159,    17303.9969,    17523.7844,    17746.7899,
27526                         , 1, 10,    5.8406,  17507.0469,  0.567679,  0.570800,  0.573921,   24.0931,   92.0466,  160.0000,    3.708850,    17180.1474,    17399.3857,    17621.8310,    17285.2029,    17504.9091,    17727.8304,    17301.0385,    17520.8152,    17743.8086,
27526                         , 1, 11,    7.9990,  17478.5414,  0.567679,  0.570800,  0.573921,   24.0931,   92.0466,  160.0000,    3.708850,    17123.4072,    17342.2937,    17564.3845,    17270.4456,    17490.0613,    17712.8915,    17292.6198,    17512.3458,    17735.2878,
27526                         , 1, 12,    8.8612,  17466.8728,  0.567679,  0.570800,  0.573921,   24.0931,   92.0466,  160.0000,    3.708850,    17100.5015,    17319.2441,    17541.1893,    17264.2072,    17483.7798,    17706.5676,    17288.8986,    17508.5969,    17731.5121,
27526                         , 1, 13,    9.7231,  17455.4603,  0.567679,  0.570800,  0.573921,   24.0931,   92.0466,  160.0000,    3.708850,    17077.8987,    17296.5061,    17518.3139,    17257.9376,    17477.4669,    17700.2125,    17285.0953,    17504.7646,    17727.6518,
27526                         , 1, 14,   10.3693,  17446.8992,  0.567679,  0.570800,  0.573921,   24.0931,   92.0466,  160.0000,    3.708850,    17061.2939,    17279.8092,    17501.5225,    17253.2912,    17472.7899,    17695.5054,    17282.2541,    17501.9024,    17724.7689,
27526                         , 1, 15,   11.0153,  17440.2337,  0.567679,  0.570800,  0.573921,   24.0931,   92.0466,  160.0000,    3.708850,    17045.0299,    17263.4631,    17485.0918,    17248.7345,    17468.2051,    17690.8928,    17279.4643,    17499.0930,    17721.9402,
27526                         , 1, 16,   11.6611,  17431.7316,  0.567679,  0.570800,  0.573921,   24.0931,   92.0466,  160.0000,    3.708850,    17029.1287,    17247.4885,    17469.0415,    17244.2984,    17463.7440,    17686.4064,    17276.7581,    17496.3691,    17719.1986,
27526                         , 1, 17,   11.8763,  17429.2089,  0.567679,  0.570800,  0.573921,   24.0931,   92.0466,  160.0000,    3.708850,    17023.9069,    17242.2440,    17463.7737,    17242.8494,    17462.2873,    17684.9420,    17275.8782,    17495.4839,    17718.3080,
27526                         , 1, 18,   14.6714,  17396.7935,  0.567679,  0.570800,  0.573921,   24.0931,   92.0466,  160.0000,    3.708850,    16958.6688,    17176.7713,    17398.0645,    17225.3165,    17444.6851,    17667.2672,    17265.5391,    17485.0996,    17707.8763,
27526                         , 1, 19,   14.8864,  17394.7126,  0.567679,  0.570800,  0.573921,   24.0931,   92.0466,  160.0000,    3.708850,    16953.7640,    17171.8512,    17393.1291,    17224.0458,    17443.4108,    17665.9891,    17264.8164,    17484.3750,    17707.1496,
27526                         , 1, 20,   15.7454,  17384.2362,  0.567679,  0.570800,  0.573921,   24.0931,   92.0466,  160.0000,    3.708850,    16934.1671,    17152.1932,    17373.4099,    17219.0224,    17438.3742,    17660.9384,    17261.9910,    17481.5433,    17704.3113,
27526                         , 1, 21,   16.6040,  17374.5184,  0.567679,  0.570800,  0.573921,   24.0931,   92.0466,  160.0000,    3.708850,    16914.4740,    17132.4364,    17353.5889,    17214.0362,    17433.3751,    17655.9262,    17259.2240,    17478.7710,    17701.5338,
27526                         , 1, 22,   17.6766,  17361.0200,  0.567679,  0.570800,  0.573921,   24.0931,   92.0466,  160.0000,    3.708850,    16889.5433,    17107.4178,    17328.4812,    17207.7549,    17427.0762,    17649.6096,    17255.7589,    17475.2990,    17698.0547,
27526                         , 1, 23,   17.8910,  17358.4362,  0.567679,  0.570800,  0.573921,   24.0931,   92.0466,  160.0000,    3.708850,    16884.5026,    17102.3580,    17323.4020,    17206.4832,    17425.8005,    17648.3301,    17255.0567,    17474.5950,    17697.3492,
27526                         , 1, 24,   18.7485,  17347.3414,  0.567679,  0.570800,  0.573921,   24.0931,   92.0466,  160.0000,    3.708850,    16864.1365,    17081.9102,    17302.8713,    17201.3202,    17420.6197,    17643.1312,    17252.1915,    17471.7219,    17694.4679,
27526                         , 1, 25,   19.6055,  17336.5620,  0.567679,  0.570800,  0.573921,   24.0931,   92.0466,  160.0000,    3.708850,    16843.4610,    17061.1448,    17282.0144,    17196.0147,    17415.2929,    17637.7828,    17249.2109,    17468.7305,    17691.4657,
27526                         , 2,  1,    0.0000,  13139.2428,  0.491747,  0.498243,  0.504739,   24.0931,   92.0466,  160.0000,   12.912142,    12783.8206,    13116.4311,    13457.7671,    12783.8206,    13116.4311,    13457.7671,    12783.8206,    13116.4311,    13457.7671,
27526                         , 2,  2,    0.1699,  13136.2185,  0.491747,  0.498243,  0.504739,   24.0931,   92.0466,  160.0000,   12.912142,    12778.4951,    13111.0723,    13452.3737,    12782.4647,    13115.0680,    13456.3965,    12783.0624,    13115.6697,    13457.0023,
27526                         , 2,  3,    1.1954,  13117.0065,  0.491747,  0.498243,  0.504739,   24.0931,   92.0466,  160.0000,   12.912142,    12745.9878,    13078.3465,    13419.4217,    12774.1423,    13106.6962,    13447.9732,    12778.3825,    13110.9658,    13452.2732,
27526                         , 2,  4,    1.5370,  13111.2096,  0.491747,  0.498243,  0.504739,   24.0931,   92.0466,  160.0000,   12.912142,    12735.0336,    13067.3135,    13408.3074,    12771.3174,    13103.8523,    13445.1098,    12776.7821,    13109.3555,    13450.6528,
27526                         , 2,  5,    2.2198,  13100.0640,  0.491747,  0.498243,  0.504739,   24.0931,   92.0466,  160.0000,   12.912142,    12712.9999,    13045.1158,    13385.9410,    12765.5997,    13098.0939,    13439.3092,    12773.5225,    13106.0737,    13447.3480,
27526                         , 2,  6,    2.9021,  13089.0683,  0.491747,  0.498243,  0.504739,   24.0931,   92.0466,  160.0000,   12.912142,    12690.8650,    13022.8115,    13363.4630,    12759.8059,    13092.2559,    13433.4258,    12770.1910,    13102.7169,    13443.9651,
27526                         , 2,  7,    3.0727,  13086.9515,  0.491747,  0.498243,  0.504739,   24.0931,   92.0466,  160.0000,   12.912142,    12685.3243,    13017.2283,    13357.8360,    12758.3479,    13090.7863,    13431.9445,    12769.3481,    13101.8673,    13443.1086,
27526                         , 2,  8,    4.0949,  13068.4392,  0.491747,  0.498243,  0.504739,   24.0931,   92.0466,  160.0000,   12.912142,    12652.1542,    12983.8049,    13324.1529,    12749.5577,    13081.9254,    13423.0112,    12764.2319,    13096.7081,    13437.9055,
27526                         , 2,  9,    4.9459,  13053.8557,  0.491747,  0.498243,  0.504739,   24.0931,   92.0466,  160.0000,   12.912142,    12624.7388,    12956.1891,    13296.3313,    12742.2261,    13074.5348,    13415.5603,    12759.9271,    13092.3658,    13433.5249,
27526                         , 2, 10,    5.1161,  13051.0639,  0.491747,  0.498243,  0.504739,   24.0931,   92.0466,  160.0000,   12.912142,    12619.2929,    12950.7049,    13290.8078,    12740.7644,    13073.0617,    13414.0753,    12759.0659,    13091.4972,    13432.6486,
27526                         , 2, 11,    6.1361,  13032.9820,  0.491747,  0.498243,  0.504739,   24.0931,   92.0466,  160.0000,   12.912142,    12586.9476,    12918.1454,    13258.0272,    12732.0661,    13064.2974,    13405.2432,    12753.9317,    13086.3197,    13427.4266,
27526                         , 2, 12,    7.1549,  13015.0249,  0.491747,  0.498243,  0.504739,   24.0931,   92.0466,  160.0000,   12.912142,    12555.1909,    12886.2019,    13225.8905,    12723.5416,    13055.7147,    13396.6004,    12748.9082,    13081.2577,    13422.3248,
27526                         , 2, 13,    7.4942,  13009.6257,  0.491747,  0.498243,  0.504739,   24.0931,   92.0466,  160.0000,   12.912142,    12544.7361,    12875.6906,    13215.3211,    12720.7491,    13052.9050,    13393.7728,    12747.2703,    13079.6085,    13420.6639,
27526                         , 2, 14,    8.1725,  12997.1179,  0.491747,  0.498243,  0.504739,   24.0931,   92.0466,  160.0000,   12.912142,    12523.9938,    12854.8421,    13194.3643,    12715.2419,    13047.3666,    13388.2023,    12744.0587,    13076.3771,    13417.4121,
27526                         , 2, 15,    9.5276,  12972.3987,  0.491747,  0.498243,  0.504739,   24.0931,   92.0466,  160.0000,   12.912142,    12482.9434,    12813.5992,    13152.9257,    12704.5121,    13036.5865,    13377.3711,    12737.8976,    13070.1873,    13411.1931,
27526                         , 2, 16,   10.0354,  12964.9184,  0.491747,  0.498243,  0.504739,   24.0931,   92.0466,  160.0000,   12.912142,    12467.5786,    12798.1633,    13137.4175,    12700.5585,    13032.6167,    13373.3849,    12735.6638,    13067.9458,    13408.9439,
27526                         , 2, 17,   10.8809,  12950.2384,  0.491747,  0.498243,  0.504739,   24.0931,   92.0466,  160.0000,   12.912142,    12441.8569,    12772.3159,    13111.4428,    12694.0030,    13026.0350,    13366.7768,    12731.9985,    13064.2696,    13405.2570,
27526                         , 2, 18,   11.0499,  12947.4936,  0.491747,  0.498243,  0.504739,   24.0931,   92.0466,  160.0000,   12.912142,    12436.6809,    12767.1131,    13106.2128,    12692.6911,    13024.7177,    13365.4541,    12731.2695,    13063.5386,    13404.5239,
27526                         , 2, 19,   11.8945,  12932.7467,  0.491747,  0.498243,  0.504739,   24.0931,   92.0466,  160.0000,   12.912142,    12410.5789,    12740.8643,    13079.8155,    12686.0926,    13018.0905,    13358.7974,    12727.6153,    13059.8735,    13400.8481,
27526                         , 2, 20,   12.4009,  12924.9404,  0.491747,  0.498243,  0.504739,   24.0931,   92.0466,  160.0000,   12.912142,    12394.6954,    12724.8816,    13063.7311,    12682.0790,    13014.0568,    13354.7433,    12725.3944,    13057.6446,    13398.6114,
27526                         , 2, 21,   12.7383,  12918.4871,  0.491747,  0.498243,  0.504739,   24.0931,   92.0466,  160.0000,   12.912142,    12383.9989,    12714.1133,    13052.8890,    12679.3696,    13011.3324,    13352.0036,    12723.8919,    13056.1358,    13397.0963,
27526                         , 2, 22,   13.9183,  12898.3084,  0.491747,  0.498243,  0.504739,   24.0931,   92.0466,  160.0000,   12.912142,    12345.9116,    12675.7433,    13014.2254,    12669.6386,    13001.5370,    13342.1424,    12718.4493,    13050.6628,    13391.5928,
27526                         , 2, 23,   14.0867,  12895.6550,  0.491747,  0.498243,  0.504739,   24.0931,   92.0466,  160.0000,   12.912142,    12340.3987,    12670.1866,    13008.6229,    12668.2161,    13000.1037,    13340.6982,    12717.6458,    13049.8537,    13390.7779,
27526                         , 2, 24,   14.9286,  12881.2670,  0.491747,  0.498243,  0.504739,   24.0931,   92.0466,  160.0000,   12.912142,    12312.6478,    12642.2067,    12980.4038,    12660.9925,    12992.8213,    13333.3548,    12713.5297,    13045.7057,    13386.5961,
27526                         , 2, 25,   15.0968,  12878.6515,  0.491747,  0.498243,  0.504739,   24.0931,   92.0466,  160.0000,   12.912142,    12307.0720,    12636.5837,    12974.7315,    12659.5283,    12991.3445,    13331.8647,    12712.6882,    13044.8569,    13385.7398,
27526                         , 2, 26,   16.1058,  12861.8101,  0.491747,  0.498243,  0.504739,   24.0931,   92.0466,  160.0000,   12.912142,    12273.5820,    12602.8078,    12940.6583,    12650.6503,    12982.3864,    13322.8231,    12707.5373,    13039.6583,    13380.4913,
27526                         , 2, 27,   16.9458,  12847.7188,  0.491747,  0.498243,  0.504739,   24.0931,   92.0466,  160.0000,   12.912142,    12245.8170,    12574.8112,    12912.4215,    12643.1995,    12974.8666,    13315.2317,    12703.1618,    13035.2394,    13376.0273,
27526                         , 2, 28,   17.6173,  12836.5305,  0.491747,  0.498243,  0.504739,   24.0931,   92.0466,  160.0000,   12.912142,    12223.8312,    12552.6515,    12890.0815,    12637.2615,    12968.8746,    13309.1839,    12699.6516,    13031.6942,    13372.4458,
27526                         , 2, 29,   18.1205,  12828.1045,  0.491747,  0.498243,  0.504739,   24.0931,   92.0466,  160.0000,   12.912142,    12207.5187,    12536.2176,    12873.5216,    12632.8447,    12964.4193,    13304.6886,    12697.0333,    13029.0503,    13369.7755,
27526                         , 2, 30,   18.9587,  12813.5811,  0.491747,  0.498243,  0.504739,   24.0931,   92.0466,  160.0000,   12.912142,    12180.7179,    12509.2320,    12846.3457,    12625.5862,    12957.1014,    13297.3092,    12692.7273,    13024.7046,    13365.3884,
27526                         , 2, 31,   19.1263,  12811.0596,  0.491747,  0.498243,  0.504739,   24.0931,   92.0466,  160.0000,   12.912142,    12176.0729,    12508.6048,    12844.6356,    12624.1516,    12955.6557,    13295.8520,    12691.8770,    13023.8468,    13364.5229,
27526                         , 3,  1,    0.0000,  10643.3234,  0.428173,  0.446106,  0.464039,   38.1167,   72.0934,  106.0701,    9.205276,     9882.6843,    10619.9406,    11406.5334,     9882.6843,    10619.9406,    11406.5334,     9882.6843,    10619.9406,    11406.5334,
27526                         , 3,  2,    0.8806,  10610.6005,  0.428173,  0.446106,  0.464039,   38.1167,   72.0934,  106.0701,    9.205276,     9830.1201,    10566.5951,    11352.3357,     9854.8935,    10591.7365,    11377.8786,     9863.7968,    10600.7723,    11387.0588,
27526                         , 3,  3,    1.0271,  10603.7130,  0.428173,  0.446106,  0.464039,   38.1167,   72.0934,  106.0701,    9.205276,     9821.3680,    10557.7132,    11343.3123,     9850.2636,    10587.0374,    11373.1042,     9860.6483,    10597.5766,    11383.8117,
27526                         , 3,  4,    1.3201,  10593.3154,  0.428173,  0.446106,  0.464039,   38.1167,   72.0934,  106.0701,    9.205276,     9803.8839,    10539.9713,    11325.2892,     9841.0125,    10577.6487,    11363.5655,     9854.3562,    10591.1903,    11377.3228,
27526                         , 3,  5,    1.9054,  10570.7635,  0.428173,  0.446106,  0.464039,   38.1167,   72.0934,  106.0701,    9.205276,     9769.0001,    10504.5819,    11289.3479,     9822.5497,    10558.9147,    11344.5359,     9841.7953,    10578.4432,    11364.3730,
27526                         , 3,  6,    4.0929,  10486.9283,  0.428173,  0.446106,  0.464039,   38.1167,   72.0934,  106.0701,    9.205276,     9639.5972,    10373.4493,    11156.3266,     9754.0609,    10489.4907,    11274.0936,     9795.1984,    10531.2022,    11316.4312,
27526                         , 3,  7,    4.9640,  10461.1224,  0.428173,  0.446106,  0.464039,   38.1167,   72.0934,  106.0701,    9.205276,     9588.4000,    10321.6226,    11103.8128,     9726.9894,    10462.0782,    11246.3104,     9776.7965,    10512.5663,    11297.5414,
27526                         , 3,  8,    5.1089,  10446.4128,  0.428173,  0.446106,  0.464039,   38.1167,   72.0934,  106.0701,    9.205276,     9579.8858,    10313.0050,    11095.0822,     9722.4894,    10457.5223,    11241.6937,     9773.7390,    10509.4706,    11294.4042,
27526                         , 3,  9,    5.8333,  10416.4573,  0.428173,  0.446106,  0.464039,   38.1167,   72.0934,  106.0701,    9.205276,     9537.2908,    10269.8919,    11051.4031,     9699.9864,    10434.7396,    11218.6071,     9758.4564,    10493.9972,    11278.7241,
27526                         , 3, 10,    5.9781,  10410.6859,  0.428173,  0.446106,  0.464039,   38.1167,   72.0934,  106.0701,    9.205276,     9528.7667,    10261.2634,    11042.6603,     9695.4850,    10430.1818,    11213.9881,     9755.4006,    10490.9031,    11275.5884,
27526                         , 3, 11,    6.4119,  10394.2106,  0.428173,  0.446106,  0.464039,   38.1167,   72.0934,  106.0701,    9.205276,     9503.1747,    10235.3539,    11016.4034,     9681.9733,    10416.4992,    11200.1191,     9746.2310,    10481.6175,    11266.1767,
27526                         , 3, 12,    6.9897,  10375.9150,  0.428173,  0.446106,  0.464039,   38.1167,   72.0934,  106.0701,    9.205276,     9468.9621,    10200.7037,    10981.2731,     9663.9166,    10398.2076,    11181.5703,     9733.9824,    10469.2100,    11253.5961,
27526                         , 3, 13,    7.9988,  10339.2011,  0.428173,  0.446106,  0.464039,   38.1167,   72.0934,  106.0701,    9.205276,     9408.6915,    10139.6072,    10919.2646,     9632.1183,    10365.9666,    11148.8438,     9712.4245,    10447.3540,    11231.4147,
27526                         , 3, 14,    8.8620,  10307.7696,  0.428173,  0.446106,  0.464039,   38.1167,   72.0934,  106.0701,    9.205276,     9356.4543,    10086.5790,    10865.3544,     9604.5669,    10337.9888,    11120.3974,     9693.7537,    10428.3969,    11212.1427,
27526                         , 3, 15,    9.0057,  10302.8824,  0.428173,  0.446106,  0.464039,   38.1167,   72.0934,  106.0701,    9.205276,     9347.6800,    10077.6627,    10856.2797,     9599.9396,    10333.2845,    11115.6078,     9690.6185,    10425.2099,    11208.8986,
27526                         , 3, 16,    9.8666,  10275.4516,  0.428173,  0.446106,  0.464039,   38.1167,   72.0934,  106.0701,    9.205276,     9294.6135,    10023.6809,    10801.2757,     9571.9412,    10304.7921,    11086.5642,     9671.6490,    10405.9057,    11189.2244,
27526                         , 3, 17,   10.0099,  10270.2155,  0.428173,  0.446106,  0.464039,   38.1167,   72.0934,  106.0701,    9.205276,     9285.6967,    10014.6008,    10792.0131,     9567.2344,    10299.9970,    11081.6706,     9668.4592,    10402.6563,    11185.9089,
27526                         , 3, 18,   11.0117,  10234.1214,  0.428173,  0.446106,  0.464039,   38.1167,   72.0934,  106.0701,    9.205276,     9222.6559,     9950.3389,    10726.3739,     9533.9401,    10266.0355,    11046.9651,     9645.8882,    10379.6339,    11162.3845,
27526                         , 3, 19,   12.0110,  10195.9333,  0.428173,  0.446106,  0.464039,   38.1167,   72.0934,  106.0701,    9.205276,     9158.6436,     9884.9648,    10659.4431,     9500.0847,    10231.4317,    11011.5186,     9622.9180,    10356.1549,    11138.3320,
27526                         , 3, 20,   12.8657,  10164.1424,  0.428173,  0.446106,  0.464039,   38.1167,   72.0934,  106.0701,    9.205276,     9103.1265,     9828.1507,    10601.1236,     9470.6819,    10201.3165,    10980.5767,     9602.9509,    10335.7007,    11117.3142,
27526                         , 3, 21,   13.0079,  10161.4477,  0.428173,  0.446106,  0.464039,   38.1167,   72.0934,  106.0701,    9.205276,     9093.8248,     9818.6209,    10591.3342,     9465.7533,    10196.2607,    10975.3778,     9599.6024,    10332.2648,    11113.7803,
27526                         , 3, 22,   14.0023,  10125.1134,  0.428173,  0.446106,  0.464039,   38.1167,   72.0934,  106.0701,    9.205276,     9028.3871,     9751.5406,    10522.3867,     9431.0513,    10160.6401,    10938.7227,     9576.0104,    10308.0392,    11088.8420,
27526                         , 3, 23,   14.8528,  10094.5679,  0.428173,  0.446106,  0.464039,   38.1167,   72.0934,  106.0701,    9.205276,     8972.0263,     9693.7376,    10462.9403,     9401.1295,    10129.9047,    10907.0693,     9555.6476,    10287.1131,    11067.2819,
27526                         , 3, 24,   14.9943,  10086.0361,  0.428173,  0.446106,  0.464039,   38.1167,   72.0934,  106.0701,    9.205276,     8962.6273,     9684.0973,    10453.0247,     9396.1371,    10124.7757,    10901.7861,     9552.2485,    10283.6192,    11063.6813,
27526                         , 3, 25,   15.9839,  10050.2488,  0.428173,  0.446106,  0.464039,   38.1167,   72.0934,  106.0701,    9.205276,     8896.8691,     9616.6583,    10383.6656,     9361.1965,    10088.8790,    10864.8101,     9528.4495,    10259.1541,    11038.4669,
27526                         , 3, 26,   16.8302,  10018.2213,  0.428173,  0.446106,  0.464039,   38.1167,   72.0934,  106.0701,    9.205276,     8840.7224,     9559.1016,    10324.4967,     9331.3564,    10058.2314,    10833.2501,     9508.1149,    10238.2548,    11016.9328,
27526                         , 3, 27,   17.1118,  10009.7030,  0.428173,  0.446106,  0.464039,   38.1167,   72.0934,  106.0701,    9.205276,     8822.0744,     9539.9935,    10304.8619,     9321.4469,    10048.0571,    10822.7768,     9501.3612,    10231.3157,    11009.7853,
27526                         , 3, 28,   17.8152,   9984.6397,  0.428173,  0.446106,  0.464039,   38.1167,   72.0934,  106.0701,    9.205276,     8775.6262,     9492.4198,    10255.9991,     9296.7714,    10022.7323,    10796.7188,     9484.5447,    10214.0440,    10992.0009,
27526                         , 3, 29,   17.9558,   9980.8103,  0.428173,  0.446106,  0.464039,   38.1167,   72.0934,  106.0701,    9.205276,     8766.3641,     9482.9367,    10246.2629,     9291.8524,    10017.6856,    10791.5280,     9481.1927,    10210.6025,    10988.4587,
27526                         , 3, 30,   18.9382,   9946.3036,  0.428173,  0.446106,  0.464039,   38.1167,   72.0934,  106.0701,    9.205276,     8701.8287,     9416.8959,    10178.4945,     9257.5999,     9982.5601,    10755.4155,     9457.8596,    10186.6568,    10963.8235,
27526                         , 3, 31,   19.0784,   9940.9391,  0.428173,  0.446106,  0.464039,   38.1167,   72.0934,  106.0701,    9.205276,     8692.6408,     9407.4982,    10168.8554,     9252.7268,     9977.5650,    10750.2822,     9454.5414,    10183.2530,    10960.3232,
27526                         , 3, 32,   19.9185,   9910.8309,  0.428173,  0.446106,  0.464039,   38.1167,   72.0934,  106.0701,    9.205276,     8674.1647,     9390.3538,    10144.6598,     9230.2824,     9955.7414,    10724.4188,     9436.0927,    10165.1976,    10939.4337,
27526                         , 4,  1,    0.0000,   9906.5494,  0.410108,  0.428615,  0.447121,   51.7014,   68.6898,   85.6782,    4.930085,     9184.2670,     9899.1676,    10661.9274,     9184.2670,     9899.1676,    10661.9274,     9184.2670,     9899.1676,    10661.9274,
27526                         , 4,  2,    0.4193,   9892.9728,  0.410108,  0.428615,  0.447121,   51.7014,   68.6898,   85.6782,    4.930085,     9162.5974,     9877.1853,    10639.6026,     9167.9394,     9882.6025,    10645.1021,     9171.1633,     9885.8717,    10648.4210,
27526                         , 4,  3,    0.9777,   9871.7515,  0.410108,  0.428615,  0.447121,   51.7014,   68.6898,   85.6782,    4.930085,     9133.9000,     9848.0972,    10610.0861,     9146.3187,     9860.6847,    10622.8587,     9153.8134,     9868.2814,    10630.5672,
27526                         , 4,  4,    1.9532,   9838.8935,  0.410108,  0.428615,  0.447121,   51.7014,   68.6898,   85.6782,    4.930085,     9084.1451,     9797.7202,    10559.0257,     9108.8455,     9822.7387,    10584.3936,     9123.7519,     9837.8378,    10599.7042,
27526                         , 4,  5,    2.7875,   9808.4500,  0.410108,  0.428615,  0.447121,   51.7014,   68.6898,   85.6782,    4.930085,     9041.8049,     9754.8850,    10515.6467,     9076.9753,     9790.4932,    10551.7366,     9098.1998,     9811.9836,    10573.5189,
27526                         , 4,  6,    2.9264,   9803.6637,  0.410108,  0.428615,  0.447121,   51.7014,   68.6898,   85.6782,    4.930085,     9034.7628,     9747.7614,    10508.4339,     9071.6765,     9785.1328,    10546.3087,     9093.9530,     9807.6873,    10569.1685,
27526                         , 4,  7,    5.0045,   9724.6555,  0.410108,  0.428615,  0.447121,   51.7014,   68.6898,   85.6782,    4.930085,     8928.4806,     9640.1584,    10399.3680,     8991.7589,     9704.2202,    10464.2967,     9029.9468,     9742.8860,    10503.4908,
27526                         , 4,  8,    5.4184,   9709.6343,  0.410108,  0.428615,  0.447121,   51.7014,   68.6898,   85.6782,    4.930085,     8906.9262,     9618.2911,    10377.1537,     8975.5590,     9687.7847,    10447.6006,     9016.9788,     9729.7299,    10490.1273,
27526                         , 4,  9,    5.9701,   9692.0662,  0.410108,  0.428615,  0.447121,   51.7014,   68.6898,   85.6782,    4.930085,     8877.9007,     9588.8140,    10347.1713,     8953.7437,     9665.6271,    10425.0606,     8999.5155,     9711.9923,    10472.0839,
27526                         , 4, 10,    6.9341,   9657.5683,  0.410108,  0.428615,  0.447121,   51.7014,   68.6898,   85.6782,    4.930085,     8826.3893,     9536.4118,    10293.7641,     8915.0122,     9626.2211,    10384.8955,     8968.5012,     9680.4372,    10439.9217,
27526                         , 4, 11,    7.8960,   9624.3809,  0.410108,  0.428615,  0.447121,   51.7014,   68.6898,   85.6782,    4.930085,     8774.1073,     9483.1297,    10239.3553,     8875.6762,     9586.1237,    10343.9431,     8936.9850,     9648.3081,    10407.1056,
27526                         , 4, 12,    8.4447,   9604.4052,  0.410108,  0.428615,  0.447121,   51.7014,   68.6898,   85.6782,    4.930085,     8743.9908,     9452.4099,    10207.9531,     8853.0060,     9562.9908,    10320.2901,     8918.8124,     9629.7617,    10388.1387,
27526                         , 4, 13,    8.8557,   9592.4284,  0.410108,  0.428615,  0.447121,   51.7014,   68.6898,   85.6782,    4.930085,     8721.3381,     9429.2952,    10184.3153,     8835.9480,     9545.5783,    10302.4769,     8905.1347,     9615.7966,    10373.8498,
27526                         , 4, 14,    8.9928,   9587.7209,  0.410108,  0.428615,  0.447121,   51.7014,   68.6898,   85.6782,    4.930085,     8713.7756,     9421.5775,    10176.4217,     8830.2522,     9539.7633,    10296.5272,     8900.5669,     9611.1320,    10369.0763,
27526                         , 4, 15,    9.8136,   9560.2449,  0.410108,  0.428615,  0.447121,   51.7014,   68.6898,   85.6782,    4.930085,     8668.4137,     9375.2832,    10129.0634,     8796.0800,     9504.8726,    10260.8251,     8873.1547,     9583.1363,    10340.4227,
27526                         , 4, 16,    9.9503,   9555.6018,  0.410108,  0.428615,  0.447121,   51.7014,   68.6898,   85.6782,    4.930085,     8660.8576,     9367.5725,    10121.1764,     8790.3868,     9499.0600,    10254.8776,     8868.5869,     9578.4713,    10335.6480,
27526                         , 4, 17,   10.3601,   9546.1344,  0.410108,  0.428615,  0.447121,   51.7014,   68.6898,   85.6782,    4.930085,     8638.2228,     9344.4779,    10097.5587,     8773.3315,     9481.6487,    10237.0640,     8854.9018,     9564.4961,    10321.3456,
27526                         , 4, 18,   10.9059,   9520.2337,  0.410108,  0.428615,  0.447121,   51.7014,   68.6898,   85.6782,    4.930085,     8608.1318,     9313.7848,    10066.1812,     8750.6560,     9458.5068,    10213.3941,     8836.7053,     9545.9189,    10302.3383,
27526                         , 4, 19,   11.9953,   9476.0822,  0.410108,  0.428615,  0.447121,   51.7014,   68.6898,   85.6782,    4.930085,     8548.3753,     9252.8808,    10003.9690,     8705.6298,     9412.5874,    10166.4638,     8800.5714,     9509.0550,    10264.6501,
27526                         , 4, 20,   12.9455,   9442.3407,  0.410108,  0.428615,  0.447121,   51.7014,   68.6898,   85.6782,    4.930085,     8496.6483,     9200.2211,     9950.2437,     8666.6660,     9372.8952,    10125.9457,     8769.3092,     9477.1949,    10232.1146,
27526                         , 4, 21,   14.8405,   9371.5536,  0.410108,  0.428615,  0.447121,   51.7014,   68.6898,   85.6782,    4.930085,     8394.4197,     9096.3015,     9844.3887,     8589.7167,     9294.6203,    10046.1642,     8707.6021,     9414.3985,    10168.0872,
27526                         , 4, 22,   15.3804,   9355.6869,  0.410108,  0.428615,  0.447121,   51.7014,   68.6898,   85.6782,    4.930085,     8365.4055,     9066.8315,     9814.3948,     8567.8913,     9272.4367,    10023.5727,     8690.1094,     9396.6113,    10149.9666,
27526                         , 4, 23,   16.3237,   9321.7474,  0.410108,  0.428615,  0.447121,   51.7014,   68.6898,   85.6782,    4.930085,     8314.6604,     9015.2943,     9761.9451,     8529.7310,     9233.6530,     9984.0782,     8659.5329,     9365.5231,    10118.2982,
27526                         , 4, 24,   17.2650,   9289.7254,  0.410108,  0.428615,  0.447121,   51.7014,   68.6898,   85.6782,    4.930085,     8263.7981,     8963.6237,     9709.3412,     8491.4913,     9194.7770,     9944.4755,     8628.9014,     9334.3690,    10086.5504,
27526                         , 4, 25,   18.3382,   9253.8592,  0.410108,  0.428615,  0.447121,   51.7014,   68.6898,   85.6782,    4.930085,     8205.3004,     8904.1474,     9648.7334,     8447.5100,     9150.0253,     9898.8417,     8593.6739,     9298.5093,    10049.9732,
27526                         , 4, 26,   18.8739,   9234.0716,  0.410108,  0.428615,  0.447121,   51.7014,   68.6898,   85.6782,    4.930085,     8175.8302,     8874.1561,     9618.1218,     8425.3501,     9127.4555,     9875.7952,     8575.9225,     9280.4224,    10031.5004,
27526                         , 4, 27,   19.2752,   9219.4833,  0.410108,  0.428615,  0.447121,   51.7014,   68.6898,   85.6782,    4.930085,     8153.6212,     8851.5258,     9594.9997,     8408.6489,     9110.4285,     9858.3838,     8562.5434,     9266.7786,    10017.5431,
27526                         , 4, 28,   19.5426,   9210.1452,  0.410108,  0.428615,  0.447121,   51.7014,   68.6898,   85.6782,    4.930085,     8143.5084,     8840.2232,     9583.3262,     8397.4691,     9099.0185,     9846.7092,     8553.5882,     9257.6354,    10008.1832,
27526                         , 4, 29,   19.9433,   9196.8403,  0.410108,  0.428615,  0.447121,   51.7014,   68.6898,   85.6782,    4.930085,     8143.5084,     8840.2232,     9583.3262,     8393.8869,     9094.7245,     9842.3440,     8547.2059,     9250.6584,    10001.1201,
27526                         , 5,  1,    0.0000,   9182.2226,  0.391574,  0.409419,  0.427265,   70.6183,   79.1125,   87.6067,    2.640151,     8511.8629,     9158.5199,     9845.4751,     8511.8629,     9158.5199,     9845.4751,     8511.8629,     9158.5199,     9845.4751,
27526                         , 5,  2,    1.1989,   9141.1790,  0.391574,  0.409419,  0.427265,   70.6183,   79.1125,   87.6067,    2.640151,     8472.4964,     9118.6574,     9805.0597,     8476.7446,     9122.9612,     9809.4255,     8480.1692,     9126.4306,     9812.9449,
27526                         , 5,  3,    1.9965,   9113.5919,  0.391574,  0.409419,  0.427265,   70.6183,   79.1125,   87.6067,    2.640151,     8445.9272,     9091.7128,     9777.6966,     8453.0453,     9098.9284,     9785.0209,     8458.7834,     9104.7451,     9790.9254,
27526                         , 5,  4,    2.3946,   9099.3698,  0.391574,  0.409419,  0.427265,   70.6183,   79.1125,   87.6067,    2.640151,     8432.5334,     9078.1157,     9763.8729,     8441.0985,     9086.8008,     9772.6920,     8448.0030,     9093.8022,     9779.8015,
27526                         , 5,  5,    2.5272,   9094.0549,  0.391574,  0.409419,  0.427265,   70.6183,   79.1125,   87.6067,    2.640151,     8428.0510,     9073.5630,     9759.2421,     8437.1003,     9082.7402,     9768.5618,     8444.3951,     9090.1382,     9776.0750,
27526                         , 5,  6,    3.1899,   9071.5735,  0.391574,  0.409419,  0.427265,   70.6183,   79.1125,   87.6067,    2.640151,     8405.5061,     9050.6499,     9735.9168,     8416.9905,     9062.3026,     9747.7574,     8426.2482,     9071.6963,     9757.3031,
27526                         , 5,  7,    3.4545,   9063.2945,  0.391574,  0.409419,  0.427265,   70.6183,   79.1125,   87.6067,    2.640151,     8396.4300,     9041.4186,     9726.5055,     8408.8943,     9054.0681,     9739.3629,     8418.9419,     9064.2654,     9749.7283,
27526                         , 5,  8,    4.2478,   9034.0257,  0.391574,  0.409419,  0.427265,   70.6183,   79.1125,   87.6067,    2.640151,     8368.9934,     9013.4693,     9697.9730,     8384.4181,     9029.1351,     9713.9100,     8396.8522,     9041.7640,     9726.7582,
27526                         , 5,  9,    4.5118,   9025.6414,  0.391574,  0.409419,  0.427265,   70.6183,   79.1125,   87.6067,    2.640151,     8359.7808,     9004.0748,     9688.3736,     8376.1988,     9020.7533,     9705.3455,     8389.4337,     9034.1988,     9719.0282,
27526                         , 5, 10,    5.4349,   8993.4508,  0.391574,  0.409419,  0.427265,   70.6183,   79.1125,   87.6067,    2.640151,     8327.3121,     8970.9391,     9654.4875,     8347.2268,     8991.1851,     9675.1069,     8363.2804,     9007.5068,     9691.7306,
27526                         , 5, 11,    5.9615,   8976.5725,  0.391574,  0.409419,  0.427265,   70.6183,   79.1125,   87.6067,    2.640151,     8308.6465,     8951.8775,     9634.9795,     8330.5683,     8974.1720,     9657.6942,     8348.2400,     8992.1453,     9676.0077,
27526                         , 5, 12,    6.2245,   8968.1285,  0.391574,  0.409419,  0.427265,   70.6183,   79.1125,   87.6067,    2.640151,     8299.2973,     8942.3280,     9625.2034,     8322.2236,     8965.6477,     9648.9671,     8340.7049,     8984.4477,     9668.1264,
27526                         , 5, 13,    7.1438,   8931.9616,  0.391574,  0.409419,  0.427265,   70.6183,   79.1125,   87.6067,    2.640151,     8266.5454,     8908.8707,     9590.9490,     8292.9862,     8935.7774,     9618.3824,     8314.3006,     8957.4695,     9640.5009,
27526                         , 5, 14,    7.5371,   8918.9204,  0.391574,  0.409419,  0.427265,   70.6183,   79.1125,   87.6067,    2.640151,     8252.5327,     8894.5581,     9576.2975,     8280.4756,     8922.9973,     9605.2981,     8303.0007,     8945.9250,     9628.6802,
27526                         , 5, 15,    7.9301,   8905.4469,  0.391574,  0.409419,  0.427265,   70.6183,   79.1125,   87.6067,    2.640151,     8238.5482,     8880.2776,     9561.6822,     8267.9893,     8910.2449,     9592.2449,     8291.7222,     8934.4046,     9616.8868,
27526                         , 5, 16,    8.1919,   8896.0117,  0.391574,  0.409419,  0.427265,   70.6183,   79.1125,   87.6067,    2.640151,     8229.2481,     8870.7832,     9551.9678,     8259.6854,     8901.7662,     9583.5684,     8284.2211,     8926.7446,     9609.0472,
27526                         , 5, 17,    8.5843,   8881.7250,  0.391574,  0.409419,  0.427265,   70.6183,   79.1125,   87.6067,    2.640151,     8215.3398,     8856.5889,     9537.4492,     8247.2666,     8889.0900,     9570.6006,     8273.0028,     8915.2922,     9597.3297,
27526                         , 5, 18,    9.4984,   8849.9153,  0.391574,  0.409419,  0.427265,   70.6183,   79.1125,   87.6067,    2.640151,     8183.1215,     8823.7325,     9503.8707,     8218.4994,     8859.7480,     9540.6094,     8247.0166,     8888.7831,     9570.2305,
27526                         , 5, 19,   10.1502,   8826.9185,  0.391574,  0.409419,  0.427265,   70.6183,   79.1125,   87.6067,    2.640151,     8160.3261,     8800.5098,     9480.1637,     8198.1484,     8839.0118,     9519.4371,     8228.6352,     8870.0509,     9551.1017,
27526                         , 5, 20,   10.5408,   8813.7157,  0.391574,  0.409419,  0.427265,   70.6183,   79.1125,   87.6067,    2.640151,     8146.7303,     8786.6684,     9466.0433,     8186.0123,     8826.6542,     9506.8284,     8217.6751,     8858.8890,     9539.7115,
27526                         , 5, 21,   11.1909,   8790.3960,  0.391574,  0.409419,  0.427265,   70.6183,   79.1125,   87.6067,    2.640151,     8124.1853,     8763.7285,     9442.6544,     8165.8911,     8806.1774,     9485.9475,     8199.5055,     8840.3968,     9520.8521,
27526                         , 5, 22,   11.5806,   8777.0994,  0.391574,  0.409419,  0.427265,   70.6183,   79.1125,   87.6067,    2.640151,     8110.7074,     8750.0195,     9428.6827,     8153.8640,     8793.9429,     9473.4769,     8188.6464,     8829.3503,     9509.5914,
27526                         , 5, 23,   12.2291,   8755.3818,  0.391574,  0.409419,  0.427265,   70.6183,   79.1125,   87.6067,    2.640151,     8088.2787,     8727.2096,     9405.4389,     8133.8549,     8773.5906,     9452.7349,     8170.5856,     8810.9782,     9490.8658,
27526                         , 5, 24,   12.4883,   8745.6707,  0.391574,  0.409419,  0.427265,   70.6183,   79.1125,   87.6067,    2.640151,     8079.3052,     8718.0830,     9396.1377,     8125.8508,     8765.4487,     9444.4363,     8163.3623,     8803.6298,     9483.3753,
27526                         , 5, 25,   13.1354,   8722.1458,  0.391574,  0.409419,  0.427265,   70.6183,   79.1125,   87.6067,    2.640151,     8056.8152,     8695.2020,     9372.8105,     8105.7928,     8745.0395,     9423.6270,     8145.2635,     8785.2121,     9464.5955,
27526                         , 5, 26,   13.5232,   8708.0483,  0.391574,  0.409419,  0.427265,   70.6183,   79.1125,   87.6067,    2.640151,     8043.2604,     8681.4036,     9358.7344,     8093.7050,     8732.7330,     9411.0717,     8134.3576,     8774.1079,     9453.2665,
27526                         , 5, 27,   14.0397,   8689.9902,  0.391574,  0.409419,  0.427265,   70.6183,   79.1125,   87.6067,    2.640151,     8025.0797,     8662.8833,     9339.8274,     8077.4927,     8716.2158,     9394.2085,     8119.7312,     8759.2052,     9438.0504,
27526                         , 5, 28,   14.2977,   8681.1214,  0.391574,  0.409419,  0.427265,   70.6183,   79.1125,   87.6067,    2.640151,     8015.9349,     8653.5621,     9330.3048,     8069.3388,     8707.9028,     9385.7151,     8112.3750,     8751.7048,     9430.3859,
27526                         , 5, 29,   14.4266,   8676.6859,  0.391574,  0.409419,  0.427265,   70.6183,   79.1125,   87.6067,    2.640151,     8011.3478,     8648.8847,     9325.5245,     8065.2486,     8703.7312,     9381.4508,     8108.6850,     8747.9410,     9426.5382,
27526                         , 5, 30,   15.0707,   8653.4150,  0.391574,  0.409419,  0.427265,   70.6183,   79.1125,   87.6067,    2.640151,     7988.2518,     8625.3162,     9301.4163,     8044.6523,     8682.7101,     9359.9443,     8090.1041,     8728.9738,     9407.1321,
27526                         , 5, 31,   15.4566,   8640.8601,  0.391574,  0.409419,  0.427265,   70.6183,   79.1125,   87.6067,    2.640151,     7974.2633,     8611.0265,     9286.7804,     8032.1759,     8669.9631,     9346.8876,     8078.8469,     8717.4711,     9395.3493,
27526                         , 5, 32,   16.2275,   8613.5940,  0.391574,  0.409419,  0.427265,   70.6183,   79.1125,   87.6067,    2.640151,     7945.9876,     8582.0996,     9257.0738,     8006.9520,     8644.1554,     9320.3818,     8056.0837,     8694.1790,     9371.4262,
27526                         , 5, 33,   17.1251,   8582.9822,  0.391574,  0.409419,  0.427265,   70.6183,   79.1125,   87.6067,    2.640151,     7912.5229,     8547.7651,     9221.7439,     7977.0939,     8613.5137,     9288.8450,     8029.1323,     8666.5165,     9342.9488,
27526                         , 5, 34,   18.0208,   8551.6911,  0.391574,  0.409419,  0.427265,   70.6183,   79.1125,   87.6067,    2.640151,     7878.6215,     8512.9369,     9185.8567,     7946.8365,     8582.4193,     9256.7953,     8001.8137,     8638.4350,     9313.9996,
27526                         , 5, 35,   18.1485,   8547.5181,  0.391574,  0.409419,  0.427265,   70.6183,   79.1125,   87.6067,    2.640151,     7873.7542,     8507.9339,     9180.6986,     7942.4915,     8577.9517,     9252.1881,     7997.8901,     8634.3997,     9309.8371,
27526                         , 5, 36,   19.0419,   8517.6310,  0.391574,  0.409419,  0.427265,   70.6183,   79.1125,   87.6067,    2.640151,     7843.7543,     8478.7034,     9147.5371,     7914.0986,     8550.2193,     9220.8892,     7971.0699,     8608.1563,     9280.5717,
27526                         , 5, 37,   19.1693,   8513.3687,  0.391574,  0.409419,  0.427265,   70.6183,   79.1125,   87.6067,    2.640151,     7843.7543,     8478.7034,     9147.5371,     7914.0986,     8550.2193,     9220.8892,     7971.0699,     8608.1563,     9280.3295,
27526                         , 6,  1,    0.0000,   8475.7350,  0.367914,  0.389056,  0.410198,   66.3712,   79.1125,   91.8538,   44.698950,     7715.2246,     8428.2871,     9192.4700,     7715.2246,     8428.2871,     9192.4700,     7715.2246,     8428.2871,     9192.4700,
27526                         , 6,  2,    0.2540,   8465.0950,  0.367914,  0.389056,  0.410198,   66.3712,   79.1125,   91.8538,   44.698950,     7707.1717,     8420.1317,     9184.1964,     7708.4714,     8421.4483,     9185.5325,     7709.4107,     8422.3997,     9186.4979,
27526                         , 6,  3,    1.0155,   8433.6909,  0.367914,  0.389056,  0.410198,   66.3712,   79.1125,   91.8538,   44.698950,     7682.9453,     8395.5874,     9159.2865,     7688.1520,     8400.8626,     9164.6405,     7691.9144,     8404.6746,     9168.5095,
27526                         , 6,  4,    1.1422,   8428.8071,  0.367914,  0.389056,  0.410198,   66.3712,   79.1125,   91.8538,   44.698950,     7678.9063,     8391.4945,     9155.1316,     7684.7639,     8397.4293,     9161.1551,     7688.9967,     8401.7178,     9165.5079,
27526                         , 6,  5,    2.0357,   8396.0193,  0.367914,  0.389056,  0.410198,   66.3712,   79.1125,   91.8538,   44.698950,     7650.3711,     8362.5774,     9125.7747,     7660.8240,     8373.1677,     9136.5236,     7668.3769,     8380.8203,     9144.2910,
27526                         , 6,  6,    2.3237,   8385.0675,  0.367914,  0.389056,  0.410198,   66.3712,   79.1125,   91.8538,   44.698950,     7641.1687,     8353.2530,     9116.3092,     7653.1023,     8365.3430,     9128.5799,     7661.7251,     8374.0792,     9137.4470,
27526                         , 6,  7,    3.0468,   8357.8667,  0.367914,  0.389056,  0.410198,   66.3712,   79.1125,   91.8538,   44.698950,     7618.0881,     8329.8724,     9092.5819,     7633.7337,     8345.7204,     9108.6641,     7645.0381,     8357.1718,     9120.2855,
27526                         , 6,  8,    3.3378,   8346.9579,  0.367914,  0.389056,  0.410198,   66.3712,   79.1125,   91.8538,   44.698950,     7608.8170,     8320.4848,     9083.0587,     7625.9529,     8337.8407,     9100.6697,     7638.3341,     8350.3818,     9113.3957,
27526                         , 6,  9,    4.0589,   8317.8302,  0.367914,  0.389056,  0.410198,   66.3712,   79.1125,   91.8538,   44.698950,     7585.9062,     8297.2974,     9059.5514,     7606.7244,     8318.3768,     9080.9342,     7621.7653,     8333.6079,     9096.3855,
27526                         , 6, 10,    4.1916,   8312.5509,  0.367914,  0.389056,  0.410198,   66.3712,   79.1125,   91.8538,   44.698950,     7581.7004,     8293.0432,     9055.2406,     7603.1944,     8314.8056,     9077.3149,     7618.7236,     8330.5301,     9093.2659,
27526                         , 6, 11,    5.0644,   8280.3479,  0.367914,  0.389056,  0.410198,   66.3712,   79.1125,   91.8538,   44.698950,     7554.1482,     8265.1909,     9027.0393,     7580.0704,     8291.4252,     9053.6368,     7598.7977,     8310.3801,     9072.8557,
27526                         , 6, 12,    5.1965,   8275.3744,  0.367914,  0.389056,  0.410198,   66.3712,   79.1125,   91.8538,   44.698950,     7549.9918,     8260.9923,     9022.7906,     7576.5822,     8287.9009,     9050.0694,     7595.7921,     8307.3427,     9069.7806,
27526                         , 6, 13,    6.1986,   8235.5084,  0.367914,  0.389056,  0.410198,   66.3712,   79.1125,   91.8538,   44.698950,     7518.6261,     8229.3238,     8990.7636,     7550.2603,     8261.3179,     9023.1801,     7573.1123,     8284.4332,     9046.6034,
27526                         , 6, 14,    7.0623,   8201.0005,  0.367914,  0.389056,  0.410198,   66.3712,   79.1125,   91.8538,   44.698950,     7491.7612,     8202.2261,     8963.3932,     7527.7192,     8238.5768,     9000.2058,     7553.6935,     8264.8388,     9026.8049,
27526                         , 6, 15,    7.3482,   8192.9111,  0.367914,  0.389056,  0.410198,   66.3712,   79.1125,   91.8538,   44.698950,     7482.8981,     8193.2917,     8954.3750,     7520.2842,     8231.0804,     8992.6377,     7547.2896,     8258.3810,     9020.2844,
27526                         , 6, 16,    8.0591,   8166.3213,  0.367914,  0.389056,  0.410198,   66.3712,   79.1125,   91.8538,   44.698950,     7460.9039,     8171.1300,     8932.0158,     7501.8373,     8212.4892,     8973.8779,     7531.4037,     8242.3685,     9004.1247,
27526                         , 6, 17,    8.1937,   8161.4153,  0.367914,  0.389056,  0.410198,   66.3712,   79.1125,   91.8538,   44.698950,     7456.7434,     8166.9390,     8927.7887,     7498.3484,     8208.9742,     8970.3320,     7528.3997,     8239.3416,     9001.0708,
27526                         , 6, 18,    9.0538,   8127.1230,  0.367914,  0.389056,  0.410198,   66.3712,   79.1125,   91.8538,   44.698950,     7430.1698,     8140.1752,     8900.7995,     7476.0694,     8186.5319,     8947.6975,     7509.2210,     8220.0200,     8981.5820,
27526                         , 6, 19,    9.3325,   8116.8770,  0.367914,  0.389056,  0.410198,   66.3712,   79.1125,   91.8538,   44.698950,     7421.5535,     8131.4977,     8892.0492,     7468.8474,     8179.2574,     8940.3611,     7503.0055,     8213.7587,     8975.2669,
27526                         , 6, 20,   10.0443,   8087.0482,  0.367914,  0.389056,  0.410198,   66.3712,   79.1125,   91.8538,   44.698950,     7399.5070,     8109.2917,     8869.6525,     7450.3724,     8160.6456,     8921.5873,     7487.1084,     8197.7424,     8959.1104,
27526                         , 6, 21,   10.3196,   8076.6600,  0.367914,  0.389056,  0.410198,   66.3712,   79.1125,   91.8538,   44.698950,     7390.9530,     8100.6758,     8860.9594,     7443.2067,     8153.4256,     8914.3023,     7480.9441,     8191.5306,     8952.8423,
27526                         , 6, 22,   11.0318,   8047.5087,  0.367914,  0.389056,  0.410198,   66.3712,   79.1125,   91.8538,   44.698950,     7368.7236,     8078.2808,     8838.3587,     7424.5877,     8134.6644,     8895.3655,     7464.9307,     8175.3925,     8936.5524,
27526                         , 6, 23,   11.1640,   8042.6821,  0.367914,  0.389056,  0.410198,   66.3712,   79.1125,   91.8538,   44.698950,     7364.5781,     8074.1017,     8834.1396,     7421.1158,     8131.1642,     8891.8311,     7461.9449,     8172.3821,     8933.5125,
27526                         , 6, 24,   12.1528,   8002.1386,  0.367914,  0.389056,  0.410198,   66.3712,   79.1125,   91.8538,   44.698950,     7333.3362,     8042.5786,     8802.2784,     7394.9524,     8104.7602,     8865.1416,     7439.4463,     8149.6747,     8910.5585,
27526                         , 6, 25,   13.0013,   7966.3566,  0.367914,  0.389056,  0.410198,   66.3712,   79.1125,   91.8538,   44.698950,     7306.1641,     8015.1143,     8774.4615,     7372.1951,     8081.7531,     8841.8362,     7419.8765,     8129.8878,     8890.5148,
27526                         , 6, 26,   14.1110,   7927.3754,  0.367914,  0.389056,  0.410198,   66.3712,   79.1125,   91.8538,   44.698950,     7270.0982,     7978.5898,     8737.3878,     7341.9811,     8051.1474,     8810.7652,     7393.8877,     8103.5586,     8863.7821,
27526                         , 6, 27,   14.9587,   7899.9335,  0.367914,  0.389056,  0.410198,   66.3712,   79.1125,   91.8538,   44.698950,     7242.1818,     7950.2735,     8708.5910,     7318.5861,     8027.4080,     8786.6161,     7373.7568,     8083.1274,     8842.9954,
27526                         , 6, 28,   16.0577,   7851.5487,  0.367914,  0.389056,  0.410198,   66.3712,   79.1125,   91.8538,   44.698950,     7205.6478,     7913.1744,     8670.8025,     7287.9534,     7996.2899,     8754.9110,     7347.3868,     8056.3314,     8815.6887,
27526                         , 6, 29,   16.3256,   7841.5059,  0.367914,  0.389056,  0.410198,   66.3712,   79.1125,   91.8538,   44.698950,     7196.7057,     7904.0888,     8661.5418,     7280.4537,     7988.6676,     8747.1379,     7340.9284,     8049.7655,     8808.9914,
27526                         , 6, 30,   17.0284,   7806.6180,  0.367914,  0.389056,  0.410198,   66.3712,   79.1125,   91.8538,   44.698950,     7173.2223,     7880.2288,     8637.2216,     7260.7544,     7968.6453,     8726.7190,     7323.9615,     8032.5148,     8791.3939,
27526                         , 6, 31,   17.9970,   7766.5642,  0.367914,  0.389056,  0.410198,   66.3712,   79.1125,   91.8538,   44.698950,     7140.8933,     7847.4026,     8603.7857,     7233.6295,     7941.0879,     8698.6376,     7300.5936,     8008.7635,     8767.1841,
27526                         , 6, 32,   18.9619,   7724.7815,  0.367914,  0.389056,  0.410198,   66.3712,   79.1125,   91.8538,   44.698950,     7112.3679,     7818.3128,     8574.6686,     7207.8576,     7914.8441,     8672.3729,     7277.4328,     7985.2461,     8743.4046,
27526                         , 6, 33,   19.0861,   7719.3244,  0.367914,  0.389056,  0.410198,   66.3712,   79.1125,   91.8538,   44.698950,     7112.3679,     7818.3128,     8574.6686,     7207.8576,     7914.8441,     8672.3729,     7277.2399,     7985.0034,     8743.4046,
27526                         , 7,  1,    0.0000,   7686.1172,  0.338303,  0.366904,  0.395505,   60.0006,   79.1125,   98.2244,  190.433431,     6762.8324,     7650.0157,     8621.1511,     6762.8324,     7650.0157,     8621.1511,     6762.8324,     7650.0157,     8621.1511,
27526                         , 7,  2,    0.9646,   7628.6806,  0.338303,  0.366904,  0.395505,   60.0006,   79.1125,   98.2244,  190.433431,     6634.3204,     7519.8729,     8488.9343,     6665.3250,     7551.2516,     8520.7953,     6684.2649,     7570.4238,     8540.2651,
27526                         , 7,  3,    1.2134,   7618.2261,  0.338303,  0.366904,  0.395505,   60.0006,   79.1125,   98.2244,  190.433431,     6601.5099,     7486.7546,     8455.4023,     6640.4400,     7526.1239,     8495.3458,     6664.2178,     7550.1760,     8519.7532,
27526                         , 7,  4,    2.0381,   7580.2867,  0.338303,  0.366904,  0.395505,   60.0006,   79.1125,   98.2244,  190.433431,     6493.8355,     7378.3932,     8346.0642,     6558.8143,     7443.9351,     8412.3812,     6598.4794,     7483.9613,     8452.8944,
27526                         , 7,  5,    2.1631,   7574.8951,  0.338303,  0.366904,  0.395505,   60.0006,   79.1125,   98.2244,  190.433431,     6477.6490,     7362.1502,     8329.7270,     6546.5500,     7431.6202,     8399.9888,     6588.6053,     7474.0422,     8442.9095,
27526                         , 7,  6,    2.9885,   7532.3745,  0.338303,  0.366904,  0.395505,   60.0006,   79.1125,   98.2244,  190.433431,     6371.6950,     7256.1196,     8223.4251,     6466.3182,     7351.2696,     8319.3856,     6524.0337,     7409.3432,     8377.9815,
27526                         , 7,  7,    3.2433,   7522.1492,  0.338303,  0.366904,  0.395505,   60.0006,   79.1125,   98.2244,  190.433431,     6339.2715,     7223.7675,     8191.0965,     6441.7847,     7326.7687,     8294.8857,     6504.2974,     7389.6229,     8358.2531,
27526                         , 7,  8,    3.5508,   7509.1731,  0.338303,  0.366904,  0.395505,   60.0006,   79.1125,   98.2244,  190.433431,     6300.2662,     7184.9037,     8152.3219,     6412.2829,     7297.3449,     8265.5005,     6480.5710,     7365.9455,     8334.5890,
27526                         , 7,  9,    3.9322,   7492.5121,  0.338303,  0.366904,  0.395505,   60.0006,   79.1125,   98.2244,  190.433431,     6252.0538,     7136.9444,     8104.5312,     6375.8377,     7261.0527,     8229.2824,     6451.2708,     7336.7487,     8305.4252,
27526                         , 7, 10,    4.0609,   7485.6216,  0.338303,  0.366904,  0.395505,   60.0006,   79.1125,   98.2244,  190.433431,     6235.8250,     7120.8180,     8088.4712,     6363.5745,     7248.8532,     8217.1141,     6441.4141,     7326.9367,     8295.6283,
27526                         , 7, 11,    5.0005,   7444.8430,  0.338303,  0.366904,  0.395505,   60.0006,   79.1125,   98.2244,  190.433431,     6117.5780,     7003.5143,     7971.7799,     6274.2901,     7160.1684,     8128.7374,     6369.6848,     7255.6358,     8224.5002,
27526                         , 7, 12,    5.2571,   7433.3635,  0.338303,  0.366904,  0.395505,   60.0006,   79.1125,   98.2244,  190.433431,     6085.2906,     6971.5313,     7940.0011,     6249.9314,     7136.0038,     8104.6790,     6350.1256,     7236.2161,     8205.1429,
27526                         , 7, 13,    6.0655,   7398.9740,  0.338303,  0.366904,  0.395505,   60.0006,   79.1125,   98.2244,  190.433431,     5983.3529,     6870.6220,     7839.8280,     6173.0765,     7059.7978,     8028.8618,     6288.4389,     7174.9915,     8144.1526,
27526                         , 7, 14,    6.1926,   7393.5115,  0.338303,  0.366904,  0.395505,   60.0006,   79.1125,   98.2244,  190.433431,     5967.2636,     6854.6983,     7824.0328,     6160.9516,     7047.7771,     8016.9088,     6278.7096,     7165.3358,     8134.5381,
27526                         , 7, 15,    6.6292,   7375.0904,  0.338303,  0.366904,  0.395505,   60.0006,   79.1125,   98.2244,  190.433431,     5911.8692,     6799.8813,     7769.6771,     6119.2215,     7006.3989,     7975.7783,     6245.2305,     7132.1028,     8101.4545,
27526                         , 7, 16,    7.2578,   7347.5986,  0.338303,  0.366904,  0.395505,   60.0006,   79.1125,   98.2244,  190.433431,     5831.6211,     6720.4547,     7690.8952,     6058.7963,     6946.4602,     7916.2185,     6196.7656,     7083.9687,     8053.5560,
27526                         , 7, 17,    7.6894,   7333.8607,  0.338303,  0.366904,  0.395505,   60.0006,   79.1125,   98.2244,  190.433431,     5776.1514,     6665.5359,     7636.3823,     6017.0471,     6905.0235,     7875.0091,     6163.2864,     7050.6924,     8020.4344,
27526                         , 7, 18,    7.8133,   7327.5786,  0.338303,  0.366904,  0.395505,   60.0006,   79.1125,   98.2244,  190.433431,     5760.1604,     6649.7012,     7620.6555,     6005.0146,     6893.0752,     7863.1213,     6153.6376,     7041.0987,     8010.8786,
27526                         , 7, 19,    8.1842,   7310.0367,  0.338303,  0.366904,  0.395505,   60.0006,   79.1125,   98.2244,  190.433431,     5712.1467,     6602.1455,     7573.4034,     5968.8888,     6857.1935,     7827.4015,     6124.6738,     7012.2879,     7982.1641,
27526                         , 7, 20,    8.9917,   7276.7909,  0.338303,  0.366904,  0.395505,   60.0006,   79.1125,   98.2244,  190.433431,     5606.7555,     6497.7161,     7469.5506,     5889.6311,     6778.4131,     7748.8782,     6061.1362,     6949.0260,     7919.0310,
27526                         , 7, 21,    9.1153,   7271.5137,  0.338303,  0.366904,  0.395505,   60.0006,   79.1125,   98.2244,  190.433431,     5590.5233,     6481.6289,     7453.5402,     5877.4276,     6766.2779,     7736.7715,     6051.3555,     6939.2806,     7909.2961,
27526                         , 7, 22,    9.5474,   7251.8797,  0.338303,  0.366904,  0.395505,   60.0006,   79.1125,   98.2244,  190.433431,     5533.5774,     6425.1871,     7397.3492,     5834.6274,     6723.7035,     7694.2794,     6017.0534,     6905.0927,     7875.1240,
27526                         , 7, 23,    9.6731,   7244.2647,  0.338303,  0.366904,  0.395505,   60.0006,   79.1125,   98.2244,  190.433431,     5516.9575,     6408.7137,     7380.9455,     5822.1389,     6711.2785,     7681.8733,     6007.0460,     6895.1150,     7865.1464,
27526                         , 7, 24,   10.1672,   7222.9782,  0.338303,  0.366904,  0.395505,   60.0006,   79.1125,   98.2244,  190.433431,     5451.3789,     6343.7170,     7316.2091,     5772.8782,     6662.2602,     7632.9101,     5967.5733,     6855.7507,     7825.7664,
27526                         , 7, 25,   10.5975,   7205.0410,  0.338303,  0.366904,  0.395505,   60.0006,   79.1125,   98.2244,  190.433431,     5393.9876,     6286.8463,     7259.5552,     5729.7896,     6619.3790,     7590.0603,     5933.0544,     6821.3183,     7791.3031,
27526                         , 7, 26,   10.8439,   7194.7332,  0.338303,  0.366904,  0.395505,   60.0006,   79.1125,   98.2244,  190.433431,     5361.0275,     6254.1936,     7227.0303,     5705.0549,     6594.7637,     7565.4610,     5913.2429,     6801.5541,     7771.5160,
27526                         , 7, 27,   11.2164,   7179.4497,  0.338303,  0.366904,  0.395505,   60.0006,   79.1125,   98.2244,  190.433431,     5311.0569,     6204.7092,     7177.7451,     5667.5710,     6557.4672,     7528.1882,     5883.2246,     6771.6106,     7741.5346,
27526                         , 7, 28,   11.6434,   7159.3525,  0.338303,  0.366904,  0.395505,   60.0006,   79.1125,   98.2244,  190.433431,     5253.6231,     6147.8695,     7121.1535,     5624.5183,     6514.6438,     7485.3975,     5848.7569,     6737.2339,     7707.1167,
27526                         , 7, 29,   11.7663,   7153.6071,  0.338303,  0.366904,  0.395505,   60.0006,   79.1125,   98.2244,  190.433431,     5237.0633,     6131.4899,     7104.8511,     5612.1114,     6502.3067,     7473.0724,     5838.8262,     6727.3315,     7697.2037,
27526                         , 7, 30,   12.1334,   7138.3806,  0.338303,  0.366904,  0.395505,   60.0006,   79.1125,   98.2244,  190.433431,     5187.5262,     6082.5155,     7056.1280,     5575.0142,     6465.4317,     7436.2432,     5809.1397,     6697.7375,     7667.5843,
27526                         , 7, 31,   12.5599,   7119.0894,  0.338303,  0.366904,  0.395505,   60.0006,   79.1125,   98.2244,  190.433431,     5129.8701,     6025.5728,     6999.5213,     5531.8753,     6422.5803,     7393.4702,     5774.6322,     6663.3560,     7633.1901,
27526                         , 7, 32,   12.8060,   7108.5353,  0.338303,  0.366904,  0.395505,   60.0006,   79.1125,   98.2244,  190.433431,     5096.5668,     5992.7128,     6966.8813,     5506.9773,     6397.8655,     7368.8164,     5754.7235,     6643.5313,     7613.3690,
27526                         , 7, 33,   13.1745,   7091.4539,  0.338303,  0.366904,  0.395505,   60.0006,   79.1125,   98.2244,  190.433431,     5046.6532,     5943.5169,     6918.0570,     5469.6949,     6360.8857,     7331.9531,     5724.9238,     6613.8767,     7583.7376,
27526                         , 7, 34,   13.5990,   7073.4950,  0.338303,  0.366904,  0.395505,   60.0006,   79.1125,   98.2244,  190.433431,     4989.1060,     5886.8850,     6861.9238,     5426.7657,     6318.3511,     7289.5965,     5690.6298,     6579.7812,     7549.7009,
27526                         , 7, 35,   13.8433,   7062.7983,  0.338303,  0.366904,  0.395505,   60.0006,   79.1125,   98.2244,  190.433431,     4955.9725,     5854.3239,     6829.6870,     5402.0768,     6293.9142,     7265.2873,     5670.9170,     6560.2008,     7530.1727,
27526                         , 7, 36,   14.6338,   7028.9367,  0.338303,  0.366904,  0.395505,   60.0006,   79.1125,   98.2244,  190.433431,     4848.7218,     5749.1663,     6725.7950,     5322.3081,     6215.1003,     7187.0253,     5607.2835,     6497.0939,     7467.3412,
27526                         , 7, 37,   14.7559,   7022.9055,  0.338303,  0.366904,  0.395505,   60.0006,   79.1125,   98.2244,  190.433431,     4832.1630,     5732.9652,     6709.8210,     5310.0138,     6202.9735,     7175.0050,     5597.4839,     6487.3905,     7457.6959,
27526                         , 7, 38,   15.1187,   7006.8546,  0.338303,  0.366904,  0.395505,   60.0006,   79.1125,   98.2244,  190.433431,     4782.9422,     5684.8629,     6662.4472,     5273.5028,     6166.9978,     7139.3797,     5568.3975,     6458.6136,     7429.1194,
27526                         , 7, 39,   15.6676,   6984.2468,  0.338303,  0.366904,  0.395505,   60.0006,   79.1125,   98.2244,  190.433431,     4708.5123,     5612.2928,     6591.1306,     5218.3979,     6112.8012,     7085.8161,     5524.5400,     6415.2991,     7386.1880,
27526                         , 7, 40,   15.7857,   6978.9232,  0.338303,  0.366904,  0.395505,   60.0006,   79.1125,   98.2244,  190.433431,     4692.5104,     5596.7177,     6575.8503,     5206.5677,     6101.1828,     7074.3507,     5515.1314,     6406.0197,     7377.0034,
27526                         , 7, 41,   16.5742,   6947.4476,  0.338303,  0.366904,  0.395505,   60.0006,   79.1125,   98.2244,  190.433431,     4585.6217,     5492.9309,     6474.2639,     5127.7108,     6023.8909,     6998.2376,     5452.4842,     6344.3421,     7316.0775,
27526                         , 7, 42,   16.8119,   6935.8823,  0.338303,  0.366904,  0.395505,   60.0006,   79.1125,   98.2244,  190.433431,     4553.3847,     5461.7175,     6443.7917,     5103.9867,     6000.6910,     6975.4437,     5433.6596,     6325.8476,     7297.8498,
27526                         , 7, 43,   17.5977,   6903.2066,  0.338303,  0.366904,  0.395505,   60.0006,   79.1125,   98.2244,  190.433431,     4446.7388,     5358.7509,     6343.5256,     5025.7110,     5924.3068,     6900.5685,     5371.6290,     6265.0204,     7238.0282,
27526                         , 7, 44,   17.8340,   6893.2642,  0.338303,  0.366904,  0.395505,   60.0006,   79.1125,   98.2244,  190.433431,     4414.6264,     5327.8351,     6313.4935,     5002.2059,     5901.4166,     6878.1770,     5353.0252,     6246.8107,     7220.1561,
27526                         , 7, 45,   18.6130,   6858.0294,  0.338303,  0.366904,  0.395505,   60.0006,   79.1125,   98.2244,  190.433431,     4360.4616,     5271.7951,     6246.9186,     4924.7119,     5826.0863,     6804.6186,     5291.7634,     6186.9425,     7161.4656,
27526                         , 7, 46,   18.8535,   6847.7071,  0.338303,  0.366904,  0.395505,   60.0006,   79.1125,   98.2244,  190.433431,     4360.4616,     5271.7951,     6246.9186,     4920.5747,     5821.3565,     6792.6024,     5272.8568,     6168.4906,     7143.3949,
27526                         , 7, 47,   19.5038,   6820.9881,  0.338303,  0.366904,  0.395505,   60.0006,   79.1125,   98.2244,  190.433431,     4360.4616,     5271.7951,     6246.9186,     4920.5747,     5821.3565,     6792.6024,     5267.7675,     6164.0147,     7133.9161,
27526                         , 7, 48,   19.7506,   6809.8769,  0.338303,  0.366904,  0.395505,   60.0006,   79.1125,   98.2244,  190.433431,     4360.4616,     5271.7951,     6246.9186,     4920.5747,     5821.3565,     6792.6024,     5267.7675,     6164.0147,     7133.9161,
27526                         , 7, 49,   19.8687,   6804.8091,  0.338303,  0.366904,  0.395505,   60.0006,   79.1125,   98.2244,  190.433431,     4360.4616,     5271.7951,     6246.9186,     4920.5747,     5821.3565,     6792.6024,     5267.7675,     6164.0147,     7133.9161,
27526                         , 8,  1,    0.0000,   2151.9711,  0.011307,  0.133829,  0.256351,   50.4446,   79.1125,  107.7803,   68.891637,      269.9346,     2129.6839,     4602.2519,      269.9346,     2129.6839,     4602.2519,      269.9346,     2129.6839,     4602.2519,
27526                         , 8,  2,    0.9703,   2068.9052,  0.011307,  0.133829,  0.256351,   50.4446,   79.1125,  107.7803,   68.891637,       99.3013,     1997.7936,     4483.3524,      101.2383,     2046.1021,     4526.5070,       98.8404,     2068.5033,     4546.6700,
27526                         , 8,  3,    1.8554,   1995.2513,  0.011307,  0.133829,  0.256351,   50.4446,   79.1125,  107.7803,   68.891637,       99.3013,     1873.0757,     4374.7187,      101.2383,     1968.2284,     4457.4960,       98.8404,     2011.8713,     4496.0930,
27526                         , 8,  4,    2.9558,   1890.4741,  0.011307,  0.133829,  0.256351,   50.4446,   79.1125,  107.7803,   68.891637,       99.3013,     1710.6920,     4239.3923,      101.2383,     1868.9889,     4371.8271,       98.8404,     1940.2819,     4433.4047,
27526                         , 8,  5,    3.9679,   1796.2748,  0.011307,  0.133829,  0.256351,   50.4446,   79.1125,  107.7803,   68.891637,       99.3013,     1551.9398,     4114.4986,      101.2383,     1774.9596,     4293.0954,       98.8404,     1873.1604,     4375.8986,
27526                         , 8,  6,    4.3006,   1764.8915,  0.011307,  0.133829,  0.256351,   50.4446,   79.1125,  107.7803,   68.891637,       99.3013,     1497.3442,     4073.3022,      101.2383,     1743.3540,     4267.2016,       98.8404,     1850.8002,     4357.0095,
27526                         , 8,  7,    4.3818,   1751.8630,  0.011307,  0.133829,  0.256351,   50.4446,   79.1125,  107.7803,   68.891637,       99.3013,     1483.8060,     4063.2299,      101.2383,     1735.5809,     4260.8768,       98.8404,     1845.3167,     4352.3975,
27526                         , 8,  8,    4.9833,   1694.5205,  0.011307,  0.133829,  0.256351,   50.4446,   79.1125,  107.7803,   68.891637,       99.3013,     1380.8125,     3988.4753,      101.2383,     1677.2998,     4214.0090,       98.8404,     1804.4143,     4318.2447,
27526                         , 8,  9,    5.0636,   1687.4075,  0.011307,  0.133829,  0.256351,   50.4446,   79.1125,  107.7803,   68.891637,       99.3013,     1366.6584,     3978.4703,      101.2383,     1669.4181,     4207.7462,       98.8404,     1798.9108,     4313.6841,
27526                         , 8, 10,    5.8370,   1608.6813,  0.011307,  0.133829,  0.256351,   50.4446,   79.1125,  107.7803,   68.891637,       99.3013,     1224.0426,     3881.6870,      101.2383,     1592.1615,     4147.2900,       98.8404,     1745.3033,     4269.6971,
27526                         , 8, 11,    5.9810,   1595.0040,  0.011307,  0.133829,  0.256351,   50.4446,   79.1125,  107.7803,   68.891637,       99.3013,     1196.0612,     3863.5799,      101.2383,     1577.4958,     4136.0059,       98.8404,     1735.2014,     4261.4941,
27526                         , 8, 12,    6.0601,   1588.1691,  0.011307,  0.133829,  0.256351,   50.4446,   79.1125,  107.7803,   68.891637,       99.3013,     1180.4553,     3853.6078,      101.2383,     1569.3883,     4129.7944,       98.8404,     1729.6279,     4256.9799,
27526                         , 8, 13,    6.3012,   1565.6965,  0.011307,  0.133829,  0.256351,   50.4446,   79.1125,  107.7803,   68.891637,       99.3013,     1131.9128,     3823.1943,      101.2383,     1544.5314,     4110.8651,       98.8404,     1712.5871,     4243.2278,
27526                         , 8, 14,    6.3785,   1557.2417,  0.011307,  0.133829,  0.256351,   50.4446,   79.1125,  107.7803,   68.891637,       99.3013,     1115.9943,     3813.4189,      101.2383,     1536.4996,     4104.7859,       98.8404,     1707.0959,     4238.8122,
27526                         , 8, 15,    6.5319,   1541.3634,  0.011307,  0.133829,  0.256351,   50.4446,   79.1125,  107.7803,   68.891637,       99.3013,     1083.8930,     3794.0009,      101.2383,     1520.4827,     4092.7173,       98.8404,     1696.1673,     4230.0483,
27526                         , 8, 16,    6.8998,   1506.9373,  0.011307,  0.133829,  0.256351,   50.4446,   79.1125,  107.7803,   68.891637,       99.3013,     1003.5889,     3747.2550,      101.2383,     1481.5692,     4063.7025,       98.8404,     1669.7521,     4208.9906,
27526                         , 8, 17,    6.9714,   1499.5882,  0.011307,  0.133829,  0.256351,   50.4446,   79.1125,  107.7803,   68.891637,       99.3013,      987.3201,     3738.1264,      101.2383,     1473.9100,     4058.0425,       98.8404,     1664.5756,     4204.8847,
27526                         , 8, 18,    7.2855,   1468.4866,  0.011307,  0.133829,  0.256351,   50.4446,   79.1125,  107.7803,   68.891637,       99.3013,      913.1072,     3697.9670,      101.2383,     1439.9784,     4033.1694,       98.8404,     1641.7351,     4186.8477,
27526                         , 8, 19,    7.3631,   1461.4596,  0.011307,  0.133829,  0.256351,   50.4446,   79.1125,  107.7803,   68.891637,       99.3013,      893.9429,     3688.0106,      101.2383,     1431.5049,     4027.0091,       98.8404,     1636.0549,     4182.3818,
27526                         , 8, 20,    7.6470,   1436.2567,  0.011307,  0.133829,  0.256351,   50.4446,   79.1125,  107.7803,   68.891637,       99.3013,      820.7098,     3651.4992,      101.2383,     1400.2107,     4004.4391,       98.8404,     1615.1631,     4166.0266,
27526                         , 8, 21,    7.7270,   1428.2530,  0.011307,  0.133829,  0.256351,   50.4446,   79.1125,  107.7803,   68.891637,       99.3013,      799.0740,     3641.1829,      101.2383,     1391.3058,     3998.0684,       98.8404,     1609.2436,     4161.4114,
27526                         , 8, 22,    7.9401,   1409.5986,  0.011307,  0.133829,  0.256351,   50.4446,   79.1125,  107.7803,   68.891637,       99.3013,      738.4939,     3613.6195,      101.2383,     1367.3635,     3981.0597,       98.8404,     1593.3878,     4149.0938,
27526                         , 8, 23,    8.0879,   1396.3389,  0.011307,  0.133829,  0.256351,   50.4446,   79.1125,  107.7803,   68.891637,       99.3013,      693.5575,     3594.4396,      101.2383,     1350.5670,     3969.2399,       98.8404,     1582.3262,     4140.5363,
27526                         , 8, 24,    8.6169,   1345.4754,  0.011307,  0.133829,  0.256351,   50.4446,   79.1125,  107.7803,   68.891637,       99.3013,      502.3778,     3525.3161,      101.2383,     1289.0461,     3926.7562,       98.8404,     1542.2623,     4109.7984,
27526                         , 8, 25,    8.6188,   1342.4990,  0.011307,  0.133829,  0.256351,   50.4446,   79.1125,  107.7803,   68.891637,       99.3013,      501.5909,     3525.0724,      101.2383,     1288.8270,     3926.6068,       98.8404,     1542.1206,     4109.6904,
27526                         , 8, 26,    8.9119,   1315.2550,  0.011307,  0.133829,  0.256351,   50.4446,   79.1125,  107.7803,   68.891637,       99.3013,      351.1112,     3486.4339,      101.2383,     1253.7040,     3902.9407,       98.8404,     1519.5905,     4092.5806,
27526                         , 8, 27,    9.2223,   1286.6102,  0.011307,  0.133829,  0.256351,   50.4446,   79.1125,  107.7803,   68.891637,       99.3013,       89.9506,     3445.2710,      101.2383,     1215.6560,     3877.7900,       98.8404,     1495.4730,     4074.4068,
27526                         , 8, 28,    9.2948,   1281.2794,  0.011307,  0.133829,  0.256351,   50.4446,   79.1125,  107.7803,   68.891637,       99.3013,       89.9506,     3435.6115,      101.2383,     1206.6279,     3871.8977,       98.8404,     1489.7952,     4070.1506,
27526                         , 8, 29,    9.6529,   1250.2854,  0.011307,  0.133829,  0.256351,   50.4446,   79.1125,  107.7803,   68.891637,       99.3013,       89.9506,     3387.6965,      101.2383,     1161.2431,     3842.7250,       98.8404,     1461.5313,     4049.0869,
27526                         , 8, 30,    9.7258,   1240.2406,  0.011307,  0.133829,  0.256351,   50.4446,   79.1125,  107.7803,   68.891637,       99.3013,       89.9506,     3377.8969,      101.2383,     1151.8285,     3836.7688,       98.8404,     1455.7280,     4044.7881,
27526                         , 8, 31,    9.7996,   1234.7984,  0.011307,  0.133829,  0.256351,   50.4446,   79.1125,  107.7803,   68.891637,       99.3013,       89.9506,     3367.9686,      101.2383,     1142.2441,     3830.7388,       98.8404,     1449.8414,     4040.4366,
27526                         , 8, 32,   10.0698,   1209.3489,  0.011307,  0.133829,  0.256351,   50.4446,   79.1125,  107.7803,   68.891637,       99.3013,       89.9506,     3331.4613,      101.2383,     1106.5783,     3808.6029,       98.8404,     1428.1274,     4024.4675,
27526                         , 8, 33,   10.2481,   1194.0590,  0.011307,  0.133829,  0.256351,   50.4446,   79.1125,  107.7803,   68.891637,       99.3013,       89.9506,     3307.2478,      101.2383,     1082.5351,     3793.9516,       98.8404,     1413.6629,     4013.9026,
27526                         , 8, 34,   10.3931,   1181.8134,  0.011307,  0.133829,  0.256351,   50.4446,   79.1125,  107.7803,   68.891637,       99.3013,       89.9506,     3287.5060,      101.2383,     1062.6743,     3782.0213,       98.8404,     1401.8300,     4005.3036,
27526                         , 8, 35,   10.7608,   1137.4208,  0.011307,  0.133829,  0.256351,   50.4446,   79.1125,  107.7803,   68.891637,       99.3013,       89.9506,     3237.1414,      101.2383,     1010.8361,     3751.6544,       98.8404,     1371.4646,     3983.4356,
27526                         , 8, 36,   10.8615,   1125.6652,  0.011307,  0.133829,  0.256351,   50.4446,   79.1125,  107.7803,   68.891637,       99.3013,       89.9506,     3223.2956,      101.2383,      996.2578,     3743.3226,       98.8404,     1363.0637,     3977.4405,
27526                         , 8, 37,   10.9347,   1121.4961,  0.011307,  0.133829,  0.256351,   50.4446,   79.1125,  107.7803,   68.891637,       99.3013,       89.9506,     3213.2059,      101.2383,      985.5319,     3737.2553,       98.8404,     1356.9278,     3973.0766,
27526                         , 8, 38,   11.0855,   1104.4450,  0.011307,  0.133829,  0.256351,   50.4446,   79.1125,  107.7803,   68.891637,       99.3013,       89.9506,     3192.3650,      101.2383,      963.1077,     3724.7359,       98.8404,     1344.2136,     3964.0755,
27526                         , 8, 39,   11.2610,   1088.9647,  0.011307,  0.133829,  0.256351,   50.4446,   79.1125,  107.7803,   68.891637,       99.3013,       89.9506,     3168.0438,      101.2383,      936.4583,     3710.1484,       98.8404,     1329.3030,     3953.5933,
27526                         , 8, 40,   11.4764,   1068.3236,  0.011307,  0.133829,  0.256351,   50.4446,   79.1125,  107.7803,   68.891637,       99.3013,       89.9506,     3138.0781,      101.2383,      902.8235,     3692.2085,       98.8404,     1310.8231,     3940.7107,
27526                         , 8, 41,   11.8152,   1036.2131,  0.011307,  0.133829,  0.256351,   50.4446,   79.1125,  107.7803,   68.891637,       99.3013,       89.9506,     3090.6984,      101.2383,      847.6565,     3663.9248,       98.8404,     1281.3465,     3920.4215,
27526                         , 8, 42,   11.9807,   1021.3899,  0.011307,  0.133829,  0.256351,   50.4446,   79.1125,  107.7803,   68.891637,       99.3013,       89.9506,     3067.4319,      101.2383,      819.5570,     3650.0732,       98.8404,     1266.7505,     3910.4943,
27526                         , 8, 43,   12.1941,    997.0684,  0.011307,  0.133829,  0.256351,   50.4446,   79.1125,  107.7803,   68.891637,       99.3013,       89.9506,     3037.3437,      101.2383,      781.9944,     3632.1993,       98.8404,     1247.7471,     3897.6928,
27526                         , 8, 44,   12.2660,    995.3756,  0.011307,  0.133829,  0.256351,   50.4446,   79.1125,  107.7803,   68.891637,       99.3013,       89.9506,     3027.1781,      101.2383,      768.9509,     3626.1709,       98.8404,     1241.2928,     3893.3775,
27526                         , 8, 45,   12.3349,    989.3312,  0.011307,  0.133829,  0.256351,   50.4446,   79.1125,  107.7803,   68.891637,       99.3013,       89.9506,     3017.4323,      101.2383,      756.2646,     3620.3959,       98.8404,     1235.0892,     3889.2448,
27526                         , 8, 46,   12.4067,    976.7139,  0.011307,  0.133829,  0.256351,   50.4446,   79.1125,  107.7803,   68.891637,       99.3013,       89.9506,     3007.2528,      101.2383,      742.8155,     3614.3690,       98.8404,     1228.5917,     3884.9330,
27526                         , 8, 47,   12.9357,    922.9116,  0.011307,  0.133829,  0.256351,   50.4446,   79.1125,  107.7803,   68.891637,       99.3013,       89.9506,     2931.8586,      101.2383,      635.6004,     3569.9040,       98.8404,     1179.8965,     3853.1566,
27526                         , 8, 48,   13.1857,    888.5342,  0.011307,  0.133829,  0.256351,   50.4446,   79.1125,  107.7803,   68.891637,       99.3013,       89.9506,     2895.9884,      101.2383,      578.2647,     3548.8611,       98.8404,     1156.3477,     3838.1413,
27526                         , 8, 49,   13.3255,    883.5327,  0.011307,  0.133829,  0.256351,   50.4446,   79.1125,  107.7803,   68.891637,       99.3013,       89.9506,     2875.8502,      101.2383,      543.5037,     3537.0817,       98.8404,     1143.0150,     3829.7425,
27526                         , 8, 50,   13.3952,    864.4764,  0.011307,  0.133829,  0.256351,   50.4446,   79.1125,  107.7803,   68.891637,       99.3013,       89.9506,     2865.7993,      101.2383,      525.2752,     3531.2117,       98.8404,     1136.3285,     3825.5589,
27526                         , 8, 51,   13.8159,    813.9357,  0.011307,  0.133829,  0.256351,   50.4446,   79.1125,  107.7803,   68.891637,       99.3013,       89.9506,     2804.8381,      101.2383,      396.4559,     3495.7418,       98.8404,     1095.2958,     3800.3050,
27526                         , 8, 52,   14.0560,    779.3778,  0.011307,  0.133829,  0.256351,   50.4446,   79.1125,  107.7803,   68.891637,       99.3013,       89.9506,     2769.8324,      101.2383,      294.1475,     3475.4828,       98.8404,     1071.3375,     3785.9014,
27526                         , 8, 53,   14.1247,    770.1469,  0.011307,  0.133829,  0.256351,   50.4446,   79.1125,  107.7803,   68.891637,       99.3013,       89.9506,     2759.7861,      101.2383,      255.7036,     3469.6842,       98.8404,     1064.4073,     3781.7816,
27526                         , 8, 54,   14.3690,    736.4744,  0.011307,  0.133829,  0.256351,   50.4446,   79.1125,  107.7803,   68.891637,       99.3013,       89.9506,     2723.9554,      101.2383,       91.3584,     3449.0576,       98.8404,     1039.4693,     3767.1370,
27526                         , 8, 55,   14.8874,    650.0206,  0.011307,  0.133829,  0.256351,   50.4446,   79.1125,  107.7803,   68.891637,       99.3013,       89.9506,     2675.0172,      101.2383,       91.3584,     3405.2608,       98.8404,      984.8297,     3736.0966,
27526                         , 8, 56,   15.0211,    616.1634,  0.011307,  0.133829,  0.256351,   50.4446,   79.1125,  107.7803,   68.891637,       99.3013,       89.9506,     2675.0172,      101.2383,       91.3584,     3393.9589,       98.8404,      970.3230,     3728.0991,
27526                         , 8, 57,   15.0872,    604.0867,  0.011307,  0.133829,  0.256351,   50.4446,   79.1125,  107.7803,   68.891637,       99.3013,       89.9506,     2675.0172,      101.2383,       91.3584,     3388.3637,       98.8404,      963.0748,     3724.1418,
27526                         , 8, 58,   15.1916,    581.0791,  0.011307,  0.133829,  0.256351,   50.4446,   79.1125,  107.7803,   68.891637,       99.3013,       89.9506,     2675.0172,      101.2383,       91.3584,     3381.6631,       98.8404,      955.7116,     3717.9006,
27526                         , 8, 59,   15.3268,    550.9043,  0.011307,  0.133829,  0.256351,   50.4446,   79.1125,  107.7803,   68.891637,       99.3013,       89.9506,     2675.0172,      101.2383,       91.3584,     3381.6631,       98.8404,      955.7116,     3709.8157,
27526                         , 8, 60,   15.6500,    437.8747,  0.011307,  0.133829,  0.256351,   50.4446,   79.1125,  107.7803,   68.891637,       99.3013,       89.9506,     2675.0172,      101.2383,       91.3584,     3381.6631,       98.8404,      955.7116,     3706.3090,
27526                         , 8, 61,   15.7161,    398.1980,  0.011307,  0.133829,  0.256351,   50.4446,   79.1125,  107.7803,   68.891637,       99.3013,       89.9506,     2675.0172,      101.2383,       91.3584,     3381.6631,       98.8404,      955.7116,     3706.3090,
27526                         , 8, 62,   15.7808,    342.0144,  0.011307,  0.133829,  0.256351,   50.4446,   79.1125,  107.7803,   68.891637,       99.3013,       89.9506,     2675.0172,      101.2383,       91.3584,     3381.6631,       98.8404,      955.7116,     3706.3090,
27526                         , 8, 63,   15.8276,    318.8457,  0.011307,  0.133829,  0.256351,   50.4446,   79.1125,  107.7803,   68.891637,       99.3013,       89.9506,     2675.0172,      101.2383,       91.3584,     3381.6631,       98.8404,      955.7116,     3706.3090,
27526                         , 8, 64,   15.8931,    259.7290,  0.011307,  0.133829,  0.256351,   50.4446,   79.1125,  107.7803,   68.891637,       99.3013,       89.9506,     2675.0172,      101.2383,       91.3584,     3381.6631,       98.8404,      955.7116,     3706.3090,
32007                         , 1,  1,    0.0000,   5406.5594,  0.281238,  0.284801,  0.288364,   24.4283,   92.2141,  160.0000,    2.055178,     5298.3959,     5389.1960,     5480.9053,     5298.3959,     5389.1960,     5480.9053,     5298.3959,     5389.1960,     5480.9053,
32007                         , 1,  2,    0.7074,   5402.6968,  0.281238,  0.284801,  0.288364,   24.4283,   92.2141,  160.0000,    2.055178,     5292.3873,     5383.1857,     5474.8928,     5296.8436,     5387.6443,     5479.3540,     5297.5240,     5388.3250,     5480.0351,
32007                         , 1,  3,    1.0104,   5400.5325,  0.281238,  0.284801,  0.288364,   24.4283,   92.2141,  160.0000,    2.055178,     5289.8144,     5380.6121,     5472.3184,     5296.1834,     5386.9844,     5478.6944,     5297.1556,     5387.9571,     5479.6678,
32007                         , 1,  4,    1.1114,   5400.2208,  0.281238,  0.284801,  0.288364,   24.4283,   92.2141,  160.0000,    2.055178,     5288.9566,     5379.7541,     5471.4600,     5295.9637,     5386.7648,     5478.4749,     5297.0333,     5387.8350,     5479.5458,
32007                         , 1,  5,    1.4145,   5399.2218,  0.281238,  0.284801,  0.288364,   24.4283,   92.2141,  160.0000,    2.055178,     5286.3823,     5377.1790,     5468.8840,     5295.3053,     5386.1068,     5477.8173,     5296.6674,     5387.4697,     5479.1810,
32007                         , 1,  6,    1.8185,   5397.4537,  0.281238,  0.284801,  0.288364,   24.4283,   92.2141,  160.0000,    2.055178,     5282.9465,     5373.7422,     5465.4459,     5294.4282,     5385.2302,     5476.9412,     5296.1808,     5386.9838,     5478.6959,
32007                         , 1,  7,    2.0205,   5396.5828,  0.281238,  0.284801,  0.288364,   24.4283,   92.2141,  160.0000,    2.055178,     5281.2265,     5372.0216,     5463.7246,     5293.9894,     5384.7916,     5476.5028,     5295.9374,     5386.7408,     5478.4532,
32007                         , 1,  8,    2.5253,   5394.4997,  0.281238,  0.284801,  0.288364,   24.4283,   92.2141,  160.0000,    2.055178,     5276.9177,     5367.7112,     5459.4121,     5292.8893,     5383.6921,     5475.4037,     5295.3269,     5386.1311,     5477.8444,
32007                         , 1,  9,    2.7272,   5393.8384,  0.281238,  0.284801,  0.288364,   24.4283,   92.2141,  160.0000,    2.055178,     5275.1901,     5365.9829,     5457.6829,     5292.4475,     5383.2505,     5474.9622,     5295.0812,     5385.8858,     5477.5994,
32007                         , 1, 10,    3.0301,   5392.6894,  0.281238,  0.284801,  0.288364,   24.4283,   92.2141,  160.0000,    2.055178,     5272.5941,     5363.3856,     5455.0841,     5291.7824,     5382.5855,     5474.2974,     5294.7106,     5385.5156,     5477.2296,
32007                         , 1, 11,    3.7366,   5389.1635,  0.281238,  0.284801,  0.288364,   24.4283,   92.2141,  160.0000,    2.055178,     5266.5136,     5357.3017,     5448.9963,     5290.2167,     5381.0200,     5472.7319,     5293.8336,     5384.6393,     5476.3539,
32007                         , 1, 12,    3.8374,   5388.7118,  0.281238,  0.284801,  0.288364,   24.4283,   92.2141,  160.0000,    2.055178,     5265.6425,     5356.4301,     5448.1241,     5289.9914,     5380.7947,     5472.5065,     5293.7067,     5384.5125,     5476.2271,
32007                         , 1, 13,    4.7454,   5382.8370,  0.281238,  0.284801,  0.288364,   24.4283,   92.2141,  160.0000,    2.055178,     5257.7726,     5348.5545,     5440.2423,     5287.9421,     5378.7446,     5470.4555,     5292.5449,     5383.3507,     5475.0653,
32007                         , 1, 14,    4.9470,   5382.6862,  0.281238,  0.284801,  0.288364,   24.4283,   92.2141,  160.0000,    2.055178,     5256.0179,     5346.7985,     5438.4847,     5287.4818,     5378.2841,     5469.9947,     5292.2819,     5383.0876,     5474.8021,
32007                         , 1, 15,    5.3503,   5380.5348,  0.281238,  0.284801,  0.288364,   24.4283,   92.2141,  160.0000,    2.055178,     5252.5020,     5343.2797,     5434.9627,     5286.5559,     5377.3574,     5469.0673,     5291.7508,     5382.5562,     5474.2703,
32007                         , 1, 16,    5.8544,   5378.0011,  0.281238,  0.284801,  0.288364,   24.4283,   92.2141,  160.0000,    2.055178,     5248.0979,     5338.8718,     5430.5506,     5285.3896,     5376.1901,     5467.8988,     5291.0780,     5381.8827,     5473.5962,
32007                         , 1, 17,    6.4591,   5374.9777,  0.281238,  0.284801,  0.288364,   24.4283,   92.2141,  160.0000,    2.055178,     5242.8038,     5333.5729,     5425.2465,     5283.9794,     5374.7783,     5466.4853,     5290.2595,     5381.0633,     5472.7756,
32007                         , 1, 18,    6.7614,   5373.8304,  0.281238,  0.284801,  0.288364,   24.4283,   92.2141,  160.0000,    2.055178,     5240.1545,     5330.9212,     5422.5921,     5283.2709,     5374.0689,     5465.7749,     5289.8466,     5380.6498,     5472.3615,
32007                         , 1, 19,    6.8622,   5373.3247,  0.281238,  0.284801,  0.288364,   24.4283,   92.2141,  160.0000,    2.055178,     5239.2711,     5330.0370,     5421.7070,     5283.0342,     5373.8319,     5465.5377,     5289.7085,     5380.5115,     5472.2229,
32007                         , 1, 20,    7.4666,   5370.3783,  0.281238,  0.284801,  0.288364,   24.4283,   92.2141,  160.0000,    2.055178,     5233.9712,     5324.7322,     5416.3969,     5281.6115,     5372.4074,     5464.1111,     5288.8764,     5379.6780,     5471.3880,
32007                         , 1, 21,    7.6680,   5370.1392,  0.281238,  0.284801,  0.288364,   24.4283,   92.2141,  160.0000,    2.055178,     5232.2050,     5322.9644,     5414.6273,     5281.1365,     5371.9317,     5463.6348,     5288.5980,     5379.3991,     5471.1087,
32007                         , 1, 22,    7.8694,   5368.6759,  0.281238,  0.284801,  0.288364,   24.4283,   92.2141,  160.0000,    2.055178,     5230.4391,     5321.1970,     5412.8582,     5280.6613,     5371.4559,     5463.1582,     5288.3193,     5379.1199,     5470.8290,
32007                         , 1, 23,    7.9702,   5368.2105,  0.281238,  0.284801,  0.288364,   24.4283,   92.2141,  160.0000,    2.055178,     5229.5564,     5320.3135,     5411.9739,     5280.4237,     5371.2179,     5462.9199,     5288.1799,     5378.9803,     5470.6891,
32007                         , 1, 24,    8.7756,   5364.5261,  0.281238,  0.284801,  0.288364,   24.4283,   92.2141,  160.0000,    2.055178,     5222.5032,     5313.2542,     5404.9079,     5278.5242,     5369.3158,     5461.0150,     5287.0650,     5377.8634,     5469.5701,
32007                         , 1, 25,    8.9770,   5363.6043,  0.281238,  0.284801,  0.288364,   24.4283,   92.2141,  160.0000,    2.055178,     5220.7425,     5311.4921,     5403.1442,     5278.0502,     5368.8412,     5460.5397,     5286.7869,     5377.5847,     5469.2910,
32007                         , 1, 26,    9.4802,   5361.3242,  0.281238,  0.284801,  0.288364,   24.4283,   92.2141,  160.0000,    2.055178,     5216.3467,     5307.0929,     5398.7412,     5276.8681,     5367.6575,     5459.3544,     5286.0938,     5376.8905,     5468.5955,
32007                         , 1, 27,    9.6814,   5360.4805,  0.281238,  0.284801,  0.288364,   24.4283,   92.2141,  160.0000,    2.055178,     5214.5909,     5305.3358,     5396.9826,     5276.3966,     5367.1854,     5458.8817,     5285.8177,     5376.6140,     5468.3185,
32007                         , 1, 28,    9.8827,   5359.5884,  0.281238,  0.284801,  0.288364,   24.4283,   92.2141,  160.0000,    2.055178,     5212.8365,     5303.5802,     5395.2255,     5275.9259,     5366.7142,     5458.4099,     5285.5424,     5376.3383,     5468.0424,
32007                         , 1, 29,   10.4863,   5356.8957,  0.281238,  0.284801,  0.288364,   24.4283,   92.2141,  160.0000,    2.055178,     5207.5827,     5298.3228,     5389.9642,     5274.5202,     5365.3069,     5457.0010,     5284.7220,     5375.5168,     5467.2196,
32007                         , 1, 30,   10.6874,   5356.0841,  0.281238,  0.284801,  0.288364,   24.4283,   92.2141,  160.0000,    2.055178,     5205.8346,     5296.5737,     5388.2137,     5274.0538,     5364.8401,     5456.5337,     5284.4506,     5375.2450,     5466.9476,
32007                         , 1, 31,   10.9892,   5354.6370,  0.281238,  0.284801,  0.288364,   24.4283,   92.2141,  160.0000,    2.055178,     5203.2153,     5293.9528,     5385.5911,     5273.3565,     5364.1422,     5455.8350,     5284.0456,     5374.8396,     5466.5416,
32007                         , 1, 32,   11.2908,   5353.2465,  0.281238,  0.284801,  0.288364,   24.4283,   92.2141,  160.0000,    2.055178,     5200.5994,     5291.3354,     5382.9719,     5272.6620,     5363.4471,     5455.1393,     5283.6433,     5374.4369,     5466.1385,
32007                         , 1, 33,   11.6930,   5351.9767,  0.281238,  0.284801,  0.288364,   24.4283,   92.2141,  160.0000,    2.055178,     5197.1165,     5287.8507,     5379.4851,     5271.7405,     5362.5250,     5454.2164,     5283.1112,     5373.9044,     5465.6056,
32007                         , 1, 34,   11.7936,   5351.6002,  0.281238,  0.284801,  0.288364,   24.4283,   92.2141,  160.0000,    2.055178,     5196.2463,     5286.9801,     5378.6140,     5271.5109,     5362.2952,     5453.9865,     5282.9790,     5373.7721,     5465.4731,
32007                         , 1, 35,   11.8941,   5351.0764,  0.281238,  0.284801,  0.288364,   24.4283,   92.2141,  160.0000,    2.055178,     5195.3767,     5286.1100,     5377.7435,     5271.2816,     5362.0658,     5453.7569,     5282.8470,     5373.6401,     5465.3411,
32007                         , 1, 36,   12.5977,   5348.4894,  0.281238,  0.284801,  0.288364,   24.4283,   92.2141,  160.0000,    2.055178,     5189.2975,     5280.0281,     5371.6582,     5269.6857,     5360.4692,     5452.1594,     5281.9326,     5372.7254,     5464.4259,
32007                         , 1, 37,   12.7987,   5347.4698,  0.281238,  0.284801,  0.288364,   24.4283,   92.2141,  160.0000,    2.055178,     5187.5627,     5278.2927,     5369.9219,     5269.2325,     5360.0158,     5451.7059,     5281.6742,     5372.4669,     5464.1675,
32007                         , 1, 38,   12.8992,   5347.0897,  0.281238,  0.284801,  0.288364,   24.4283,   92.2141,  160.0000,    2.055178,     5186.6957,     5277.4252,     5369.0541,     5269.0064,     5359.7896,     5451.4796,     5281.5455,     5372.3382,     5464.0387,
32007                         , 1, 39,   13.4016,   5344.9596,  0.281238,  0.284801,  0.288364,   24.4283,   92.2141,  160.0000,    2.055178,     5182.3628,     5273.0907,     5364.7175,     5267.8799,     5358.6629,     5450.3525,     5280.9061,     5371.6990,     5463.3995,
32007                         , 1, 40,   13.7029,   5343.3821,  0.281238,  0.284801,  0.288364,   24.4283,   92.2141,  160.0000,    2.055178,     5179.7645,     5270.4915,     5362.1171,     5267.2070,     5357.9900,     5449.6795,     5280.5259,     5371.3188,     5463.0195,
32007                         , 1, 41,   13.9038,   5342.6656,  0.281238,  0.284801,  0.288364,   24.4283,   92.2141,  160.0000,    2.055178,     5178.0328,     5268.7591,     5360.3840,     5266.7597,     5357.5426,     5449.2321,     5280.2737,     5371.0668,     5462.7676,
32007                         , 1, 42,   14.3056,   5340.8790,  0.281238,  0.284801,  0.288364,   24.4283,   92.2141,  160.0000,    2.055178,     5174.5691,     5265.2943,     5356.9176,     5265.8674,     5356.6504,     5448.3398,     5279.7720,     5370.5654,     5462.2665,
32007                         , 1, 43,   14.6068,   5339.1639,  0.281238,  0.284801,  0.288364,   24.4283,   92.2141,  160.0000,    2.055178,     5171.9710,     5262.6952,     5354.3174,     5265.2000,     5355.9830,     5447.6725,     5279.3979,     5370.1916,     5461.8929,
32007                         , 1, 44,   15.0084,   5337.4516,  0.281238,  0.284801,  0.288364,   24.4283,   92.2141,  160.0000,    2.055178,     5168.5054,     5259.2284,     5350.8490,     5264.3120,     5355.0951,     5446.7847,     5278.9014,     5369.6955,     5461.3972,
32007                         , 1, 45,   15.4099,   5335.5809,  0.281238,  0.284801,  0.288364,   24.4283,   92.2141,  160.0000,    2.055178,     5165.0369,     5255.7587,     5347.3777,     5263.4253,     5354.2086,     5445.8983,     5278.4068,     5369.2014,     5460.9036,
32007                         , 1, 46,   15.7110,   5334.2849,  0.281238,  0.284801,  0.288364,   24.4283,   92.2141,  160.0000,    2.055178,     5162.4331,     5253.1539,     5344.7717,     5262.7607,     5353.5441,     5445.2339,     5278.0367,     5368.8317,     5460.5342,
32007                         , 1, 47,   16.0121,   5332.7716,  0.281238,  0.284801,  0.288364,   24.4283,   92.2141,  160.0000,    2.055178,     5159.8267,     5250.5464,     5342.1629,     5262.0960,     5352.8796,     5444.5694,     5277.6669,     5368.4622,     5460.1651,
32007                         , 1, 48,   16.2128,   5331.8486,  0.281238,  0.284801,  0.288364,   24.4283,   92.2141,  160.0000,    2.055178,     5158.0874,     5248.8064,     5340.4219,     5261.6527,     5352.4363,     5444.1262,     5277.4203,     5368.2159,     5459.9191,
32007                         , 1, 49,   16.6141,   5330.9524,  0.281238,  0.284801,  0.288364,   24.4283,   92.2141,  160.0000,    2.055178,     5154.6044,     5245.3218,     5336.9355,     5260.7650,     5351.5488,     5443.2387,     5276.9268,     5367.7229,     5459.4265,
32007                         , 1, 50,   16.7145,   5330.0545,  0.281238,  0.284801,  0.288364,   24.4283,   92.2141,  160.0000,    2.055178,     5153.7325,     5244.4494,     5336.0626,     5260.5428,     5351.3266,     5443.0165,     5276.8032,     5367.5994,     5459.3031,
32007                         , 1, 51,   17.2161,   5328.0978,  0.281238,  0.284801,  0.288364,   24.4283,   92.2141,  160.0000,    2.055178,     5149.3668,     5240.0815,     5331.6920,     5259.4294,     5350.2132,     5441.9032,     5276.1836,     5366.9803,     5458.6846,
32007                         , 1, 52,   17.7176,   5326.6625,  0.281238,  0.284801,  0.288364,   24.4283,   92.2141,  160.0000,    2.055178,     5144.9891,     5235.7013,     5327.3089,     5258.3109,     5349.0947,     5440.7845,     5275.5599,     5366.3571,     5458.0618,
32007                         , 1, 53,   17.8179,   5326.2586,  0.281238,  0.284801,  0.288364,   24.4283,   92.2141,  160.0000,    2.055178,     5144.1120,     5234.8237,     5326.4307,     5258.0865,     5348.8703,     5440.5600,     5275.4345,     5366.2318,     5457.9366,
32007                         , 1, 54,   18.3192,   5323.8279,  0.281238,  0.284801,  0.288364,   24.4283,   92.2141,  160.0000,    2.055178,     5139.7188,     5230.4277,     5322.0314,     5256.9601,     5347.7437,     5439.4331,     5274.8041,     5365.6017,     5457.3067,
32007                         , 1, 55,   18.7203,   5321.6487,  0.281238,  0.284801,  0.288364,   24.4283,   92.2141,  160.0000,    2.055178,     5136.1947,     5226.9011,     5318.5019,     5256.0535,     5346.8367,     5438.5257,     5274.2947,     5365.0924,     5456.7975,
32007                         , 1, 56,   18.8205,   5321.2832,  0.281238,  0.284801,  0.288364,   24.4283,   92.2141,  160.0000,    2.055178,     5135.3127,     5226.0184,     5317.6185,     5255.8261,     5346.6092,     5438.2981,     5274.1667,     5364.9644,     5456.6695,
32007                         , 1, 57,   19.3216,   5318.7914,  0.281238,  0.284801,  0.288364,   24.4283,   92.2141,  160.0000,    2.055178,     5130.8931,     5221.5955,     5313.1917,     5254.6833,     5345.4658,     5437.1539,     5273.5212,     5364.3188,     5456.0237,
32007                         , 1, 58,   19.6223,   5317.0606,  0.281238,  0.284801,  0.288364,   24.4283,   92.2141,  160.0000,    2.055178,     5128.2352,     5218.9354,     5310.5292,     5253.9932,     5344.7752,     5436.4627,     5273.1297,     5363.9271,     5455.6319,
32007                         , 1, 59,   19.7225,   5316.6101,  0.281238,  0.284801,  0.288364,   24.4283,   92.2141,  160.0000,    2.055178,     5127.5323,     5218.0479,     5309.8704,     5253.7625,     5344.5442,     5436.2316,     5272.9985,     5363.7959,     5455.5006,
32007                         , 2,  1,    0.0000,   5240.4533,  0.275057,  0.277489,  0.279921,   38.0139,   71.9068,  105.7998,    2.527602,     5155.3253,     5216.2155,     5277.5170,     5155.3253,     5216.2155,     5277.5170,     5155.3253,     5216.2155,     5277.5170,
32007                         , 2,  2,    0.4985,   5238.9923,  0.275057,  0.277489,  0.279921,   38.0139,   71.9068,  105.7998,    2.527602,     5153.2419,     5214.1311,     5275.4314,     5154.2078,     5215.0972,     5276.3979,     5154.5549,     5215.4444,     5276.7451,
32007                         , 2,  3,    0.6979,   5238.4235,  0.275057,  0.277489,  0.279921,   38.0139,   71.9068,  105.7998,    2.527602,     5152.4076,     5213.2964,     5274.5963,     5153.7595,     5214.6486,     5275.9489,     5154.2453,     5215.1345,     5276.4349,
32007                         , 2,  4,    0.9969,   5237.4468,  0.275057,  0.277489,  0.279921,   38.0139,   71.9068,  105.7998,    2.527602,     5151.1554,     5212.0435,     5273.3428,     5153.0859,     5213.9744,     5275.2742,     5153.7795,     5214.6682,     5275.9681,
32007                         , 2,  5,    1.5949,   5235.6008,  0.275057,  0.277489,  0.279921,   38.0139,   71.9068,  105.7998,    2.527602,     5148.6490,     5209.5358,     5270.8337,     5151.7349,     5212.6223,     5273.9209,     5152.8436,     5213.7312,     5275.0300,
32007                         , 2,  6,    1.9936,   5233.9550,  0.275057,  0.277489,  0.279921,   38.0139,   71.9068,  105.7998,    2.527602,     5146.9775,     5207.8634,     5269.1603,     5150.8322,     5211.7188,     5273.0166,     5152.2170,     5213.1040,     5274.4020,
32007                         , 2,  7,    2.4919,   5232.3456,  0.275057,  0.277489,  0.279921,   38.0139,   71.9068,  105.7998,    2.527602,     5144.8886,     5205.7735,     5267.0692,     5149.7025,     5210.5882,     5271.8849,     5151.4320,     5212.3179,     5273.6150,
32007                         , 2,  8,    2.7908,   5231.4753,  0.275057,  0.277489,  0.279921,   38.0139,   71.9068,  105.7998,    2.527602,     5143.6361,     5204.5203,     5265.8154,     5149.0246,     5209.9097,     5271.2057,     5150.9604,     5211.8458,     5273.1422,
32007                         , 2,  9,    2.9901,   5230.5984,  0.275057,  0.277489,  0.279921,   38.0139,   71.9068,  105.7998,    2.527602,     5142.8016,     5203.6854,     5264.9801,     5148.5727,     5209.4574,     5270.7530,     5150.6459,     5211.5309,     5272.8270,
32007                         , 2, 10,    3.4882,   5228.7887,  0.275057,  0.277489,  0.279921,   38.0139,   71.9068,  105.7998,    2.527602,     5140.7179,     5201.6007,     5262.8943,     5147.4439,     5208.3277,     5269.6223,     5149.8602,     5210.7442,     5272.0393,
32007                         , 2, 11,    3.6875,   5228.2150,  0.275057,  0.277489,  0.279921,   38.0139,   71.9068,  105.7998,    2.527602,     5139.8856,     5200.7681,     5262.0613,     5146.9931,     5207.8764,     5269.1707,     5149.5463,     5210.4300,     5271.7246,
32007                         , 2, 12,    3.9863,   5227.1454,  0.275057,  0.277489,  0.279921,   38.0139,   71.9068,  105.7998,    2.527602,     5138.6389,     5199.5209,     5260.8134,     5146.3177,     5207.2005,     5268.4942,     5149.0762,     5209.9593,     5271.2534,
32007                         , 2, 13,    4.0859,   5226.2791,  0.275057,  0.277489,  0.279921,   38.0139,   71.9068,  105.7998,    2.527602,     5138.2238,     5199.1056,     5260.3980,     5146.0929,     5206.9755,     5268.2690,     5148.9197,     5209.8026,     5271.0965,
32007                         , 2, 14,    4.5839,   5224.7713,  0.275057,  0.277489,  0.279921,   38.0139,   71.9068,  105.7998,    2.527602,     5136.1522,     5197.0332,     5258.3247,     5144.9715,     5205.8533,     5267.1459,     5148.1395,     5209.0215,     5270.3146,
32007                         , 2, 15,    4.9823,   5223.2943,  0.275057,  0.277489,  0.279921,   38.0139,   71.9068,  105.7998,    2.527602,     5134.5002,     5195.3807,     5256.6717,     5144.0783,     5204.9594,     5266.2514,     5147.5187,     5208.4001,     5269.6924,
32007                         , 2, 16,    5.4802,   5221.6280,  0.275057,  0.277489,  0.279921,   38.0139,   71.9068,  105.7998,    2.527602,     5132.4429,     5193.3229,     5254.6133,     5142.9675,     5203.8480,     5265.1392,     5146.7478,     5207.6285,     5268.9201,
32007                         , 2, 17,    5.6793,   5220.6308,  0.275057,  0.277489,  0.279921,   38.0139,   71.9068,  105.7998,    2.527602,     5131.6226,     5192.5025,     5253.7926,     5142.5253,     5203.4055,     5264.6965,     5146.4413,     5207.3217,     5268.6131,
32007                         , 2, 18,    6.0776,   5218.1096,  0.275057,  0.277489,  0.279921,   38.0139,   71.9068,  105.7998,    2.527602,     5129.9865,     5190.8661,     5252.1560,     5141.6446,     5202.5244,     5263.8149,     5145.8318,     5206.7118,     5268.0026,
32007                         , 2, 19,    6.5753,   5216.3429,  0.275057,  0.277489,  0.279921,   38.0139,   71.9068,  105.7998,    2.527602,     5127.9504,     5188.8298,     5250.1194,     5140.5512,     5201.4307,     5262.7208,     5145.0770,     5205.9565,     5267.2468,
32007                         , 2, 20,    6.7743,   5215.4575,  0.275057,  0.277489,  0.279921,   38.0139,   71.9068,  105.7998,    2.527602,     5127.1389,     5188.0183,     5249.3079,     5140.1165,     5200.9958,     5262.2858,     5144.7774,     5205.6568,     5266.9470,
32007                         , 2, 21,    6.9734,   5214.6960,  0.275057,  0.277489,  0.279921,   38.0139,   71.9068,  105.7998,    2.527602,     5126.3290,     5187.2084,     5248.4979,     5139.6831,     5200.5623,     5261.8522,     5144.4792,     5205.3584,     5266.6485,
32007                         , 2, 22,    7.7694,   5211.0352,  0.275057,  0.277489,  0.279921,   38.0139,   71.9068,  105.7998,    2.527602,     5123.1050,     5183.9847,     5245.2745,     5137.9638,     5198.8429,     5260.1326,     5143.3000,     5204.1790,     5265.4688,
32007                         , 2, 23,    7.8689,   5210.6393,  0.275057,  0.277489,  0.279921,   38.0139,   71.9068,  105.7998,    2.527602,     5122.7038,     5183.5836,     5244.8733,     5137.7505,     5198.6296,     5259.9193,     5143.1542,     5204.0332,     5265.3229,
32007                         , 2, 24,    8.4658,   5208.1877,  0.275057,  0.277489,  0.279921,   38.0139,   71.9068,  105.7998,    2.527602,     5120.3035,     5181.1838,     5242.4740,     5136.4776,     5197.3569,     5258.6467,     5142.2859,     5203.1650,     5264.4548,
32007                         , 2, 25,    8.7642,   5206.6991,  0.275057,  0.277489,  0.279921,   38.0139,   71.9068,  105.7998,    2.527602,     5119.1076,     5179.9882,     5241.2788,     5135.8453,     5196.7247,     5258.0147,     5141.8558,     5202.7350,     5264.0249,
32007                         , 2, 26,    9.0626,   5205.7547,  0.275057,  0.277489,  0.279921,   38.0139,   71.9068,  105.7998,    2.527602,     5117.9142,     5178.7952,     5240.0860,     5135.2154,     5196.0951,     5257.3852,     5141.4282,     5202.3075,     5263.5975,
32007                         , 2, 27,    9.4604,   5203.4749,  0.275057,  0.277489,  0.279921,   38.0139,   71.9068,  105.7998,    2.527602,     5116.3262,     5177.2077,     5238.4991,     5134.3789,     5195.2589,     5256.5493,     5140.8614,     5201.7410,     5263.0312,
32007                         , 2, 28,    9.6592,   5202.7510,  0.275057,  0.277489,  0.279921,   38.0139,   71.9068,  105.7998,    2.527602,     5115.5332,     5176.4151,     5237.7067,     5133.9618,     5194.8419,     5256.1326,     5140.5792,     5201.4589,     5262.7492,
32007                         , 2, 29,    9.8581,   5202.2960,  0.275057,  0.277489,  0.279921,   38.0139,   71.9068,  105.7998,    2.527602,     5114.7409,     5175.6231,     5236.9150,     5133.5453,     5194.4257,     5255.7165,     5140.2976,     5201.1774,     5262.4679,
32007                         , 2, 30,   10.4547,   5200.1180,  0.275057,  0.277489,  0.279921,   38.0139,   71.9068,  105.7998,    2.527602,     5112.3660,     5173.2492,     5234.5419,     5132.2985,     5193.1795,     5254.4708,     5139.4556,     5200.3359,     5261.6269,
32007                         , 2, 31,   10.6535,   5199.4876,  0.275057,  0.277489,  0.279921,   38.0139,   71.9068,  105.7998,    2.527602,     5111.5746,     5172.4581,     5233.7511,     5131.8833,     5192.7645,     5254.0560,     5139.1753,     5200.0559,     5261.3470,
32007                         , 2, 32,   10.9517,   5198.3329,  0.275057,  0.277489,  0.279921,   38.0139,   71.9068,  105.7998,    2.527602,     5110.3873,     5171.2712,     5232.5647,     5131.2604,     5192.1419,     5253.4337,     5138.7549,     5199.6357,     5260.9271,
32007                         , 2, 33,   11.0511,   5197.8945,  0.275057,  0.277489,  0.279921,   38.0139,   71.9068,  105.7998,    2.527602,     5109.9913,     5170.8754,     5232.1691,     5131.0526,     5191.9342,     5253.2261,     5138.6147,     5199.4956,     5260.7870,
32007                         , 2, 34,   11.5481,   5195.8528,  0.275057,  0.277489,  0.279921,   38.0139,   71.9068,  105.7998,    2.527602,     5108.0097,     5168.8946,     5230.1889,     5130.0122,     5190.8943,     5252.1867,     5137.9121,     5198.7933,     5260.0851,
32007                         , 2, 35,   11.8462,   5194.7307,  0.275057,  0.277489,  0.279921,   38.0139,   71.9068,  105.7998,    2.527602,     5106.8186,     5167.7038,     5228.9985,     5129.3861,     5190.2684,     5251.5610,     5137.4886,     5198.3701,     5259.6620,
32007                         , 2, 36,   11.9456,   5194.5035,  0.275057,  0.277489,  0.279921,   38.0139,   71.9068,  105.7998,    2.527602,     5106.4211,     5167.3065,     5228.6013,     5129.1769,     5190.0594,     5251.3520,     5137.3470,     5198.2285,     5259.5206,
32007                         , 2, 37,   12.5418,   5192.2827,  0.275057,  0.277489,  0.279921,   38.0139,   71.9068,  105.7998,    2.527602,     5104.0303,     5164.9164,     5226.2118,     5127.9163,     5188.7991,     5250.0921,     5136.4918,     5197.3736,     5258.6659,
32007                         , 2, 38,   12.7404,   5191.3650,  0.275057,  0.277489,  0.279921,   38.0139,   71.9068,  105.7998,    2.527602,     5103.2311,     5164.1173,     5225.4129,     5127.4937,     5188.3766,     5249.6696,     5136.2043,     5197.0862,     5258.3785,
32007                         , 2, 39,   13.0384,   5189.4532,  0.275057,  0.277489,  0.279921,   38.0139,   71.9068,  105.7998,    2.527602,     5102.0295,     5162.9160,     5224.2118,     5126.8570,     5187.7400,     5249.0330,     5135.7703,     5196.6522,     5257.9445,
32007                         , 2, 40,   13.4357,   5187.3588,  0.275057,  0.277489,  0.279921,   38.0139,   71.9068,  105.7998,    2.527602,     5100.4222,     5161.3090,     5222.6049,     5126.0027,     5186.8857,     5248.1787,     5135.1861,     5196.0679,     5257.3601,
32007                         , 2, 41,   13.7336,   5185.9109,  0.275057,  0.277489,  0.279921,   38.0139,   71.9068,  105.7998,    2.527602,     5099.2129,     5160.0998,     5221.3958,     5125.3578,     5186.2407,     5247.5336,     5134.7436,     5195.6253,     5256.9174,
32007                         , 2, 42,   14.0315,   5184.8219,  0.275057,  0.277489,  0.279921,   38.0139,   71.9068,  105.7998,    2.527602,     5098.0004,     5158.8873,     5220.1833,     5124.7092,     5185.5920,     5246.8848,     5134.2973,     5195.1788,     5256.4707,
32007                         , 2, 43,   14.5279,   5182.7201,  0.275057,  0.277489,  0.279921,   38.0139,   71.9068,  105.7998,    2.527602,     5095.9726,     5156.8595,     5218.1554,     5123.6204,     5184.5027,     5245.7951,     5133.5451,     5194.4262,     5255.7176,
32007                         , 2, 44,   14.7264,   5181.9040,  0.275057,  0.277489,  0.279921,   38.0139,   71.9068,  105.7998,    2.527602,     5095.1594,     5156.0462,     5217.3421,     5123.1822,     5184.0644,     5245.3566,     5133.2415,     5194.1224,     5255.4135,
32007                         , 2, 45,   15.0242,   5180.7143,  0.275057,  0.277489,  0.279921,   38.0139,   71.9068,  105.7998,    2.527602,     5093.9377,     5154.8244,     5216.1202,     5122.5226,     5183.4045,     5244.6964,     5132.7835,     5193.6639,     5254.9547,
32007                         , 2, 46,   15.4212,   5178.9599,  0.275057,  0.277489,  0.279921,   38.0139,   71.9068,  105.7998,    2.527602,     5092.3062,     5153.1928,     5214.4883,     5121.6393,     5182.5207,     5243.8121,     5132.1685,     5193.0483,     5254.3385,
32007                         , 2, 47,   15.7189,   5177.5852,  0.275057,  0.277489,  0.279921,   38.0139,   71.9068,  105.7998,    2.527602,     5091.0815,     5151.9679,     5213.2632,     5120.9747,     5181.8557,     5243.1466,     5131.7047,     5192.5841,     5253.8738,
32007                         , 2, 48,   16.1158,   5176.3744,  0.275057,  0.277489,  0.279921,   38.0139,   71.9068,  105.7998,    2.527602,     5089.4483,     5150.3345,     5211.6295,     5120.0870,     5180.9674,     5242.2577,     5131.0842,     5191.9629,     5253.2519,
32007                         , 2, 49,   16.4134,   5175.2580,  0.275057,  0.277489,  0.279921,   38.0139,   71.9068,  105.7998,    2.527602,     5088.2241,     5149.1102,     5210.4051,     5119.4208,     5180.3008,     5241.5907,     5130.6181,     5191.4963,     5252.7848,
32007                         , 2, 50,   16.7111,   5174.0612,  0.275057,  0.277489,  0.279921,   38.0139,   71.9068,  105.7998,    2.527602,     5087.0015,     5147.8875,     5209.1822,     5118.7552,     5179.6348,     5240.9243,     5130.1523,     5191.0299,     5252.3178,
32007                         , 2, 51,   17.1078,   5173.2706,  0.275057,  0.277489,  0.279921,   38.0139,   71.9068,  105.7998,    2.527602,     5085.3749,     5146.2608,     5207.5554,     5117.8699,     5178.7490,     5240.0379,     5129.5326,     5190.4096,     5251.6969,
32007                         , 2, 52,   17.4054,   5171.4667,  0.275057,  0.277489,  0.279921,   38.0139,   71.9068,  105.7998,    2.527602,     5084.1585,     5145.0445,     5206.3390,     5117.2084,     5178.0871,     5239.3757,     5129.0700,     5189.9465,     5251.2333,
32007                         , 2, 53,   17.7029,   5170.1696,  0.275057,  0.277489,  0.279921,   38.0139,   71.9068,  105.7998,    2.527602,     5082.9459,     5143.8319,     5205.1265,     5116.5497,     5177.4281,     5238.7164,     5128.6098,     5189.4859,     5250.7723,
32007                         , 2, 54,   17.9013,   5169.6301,  0.275057,  0.277489,  0.279921,   38.0139,   71.9068,  105.7998,    2.527602,     5082.1398,     5143.0259,     5204.3206,     5116.1124,     5176.9907,     5238.2787,     5128.3047,     5189.1806,     5250.4667,
32007                         , 2, 55,   18.3971,   5168.0111,  0.275057,  0.277489,  0.279921,   38.0139,   71.9068,  105.7998,    2.527602,     5080.1336,     5141.0201,     5202.3150,     5115.0266,     5175.9046,     5237.1923,     5127.5488,     5188.4242,     5249.7097,
32007                         , 2, 56,   18.5954,   5167.3909,  0.275057,  0.277489,  0.279921,   38.0139,   71.9068,  105.7998,    2.527602,     5079.3348,     5140.2215,     5201.5167,     5114.5955,     5175.4735,     5236.7611,     5127.2495,     5188.1247,     5249.4101,
32007                         , 2, 57,   18.8928,   5166.2657,  0.275057,  0.277489,  0.279921,   38.0139,   71.9068,  105.7998,    2.527602,     5078.1410,     5139.0281,     5200.3236,     5113.9526,     5174.8306,     5236.1181,     5126.8040,     5187.6791,     5248.9642,
32007                         , 2, 58,   18.9919,   5165.6512,  0.275057,  0.277489,  0.279921,   38.0139,   71.9068,  105.7998,    2.527602,     5077.7442,     5138.6314,     5199.9271,     5113.7393,     5174.6173,     5235.9049,     5126.6564,     5187.5315,     5248.8166,
32007                         , 2, 59,   19.5866,   5163.6518,  0.275057,  0.277489,  0.279921,   38.0139,   71.9068,  105.7998,    2.527602,     5075.3749,     5136.2633,     5197.5600,     5112.4701,     5173.3482,     5234.6360,     5125.7813,     5186.6563,     5247.9413,
32007                         , 2, 60,   19.8840,   5162.5073,  0.275057,  0.277489,  0.279921,   38.0139,   71.9068,  105.7998,    2.527602,     5074.1975,     5135.0865,     5196.3838,     5111.8420,     5172.7204,     5234.0084,     5125.3501,     5186.2251,     5247.5103,
32007                         , 3,  1,    0.0000,   4928.6214,  0.261788,  0.264550,  0.267313,   21.0674,   71.9068,  122.7462,    1.249215,     4832.0483,     4898.7804,     4966.0158,     4832.0483,     4898.7804,     4966.0158,     4832.0483,     4898.7804,     4966.0158,
32007                         , 3,  2,    0.3887,   4927.4228,  0.261788,  0.264550,  0.267313,   21.0674,   71.9068,  122.7462,    1.249215,     4828.8642,     4895.5963,     4962.8315,     4831.1222,     4897.8545,     4965.0898,     4831.5097,     4898.2420,     4965.4775,
32007                         , 3,  3,    0.6802,   4926.2433,  0.261788,  0.264550,  0.267313,   21.0674,   71.9068,  122.7462,    1.249215,     4826.4723,     4893.2044,     4960.4393,     4830.4245,     4897.1568,     4964.3921,     4831.1028,     4897.8351,     4965.0706,
32007                         , 3,  4,    1.1660,   4924.4913,  0.261788,  0.264550,  0.267313,   21.0674,   71.9068,  122.7462,    1.249215,     4822.4798,     4889.2117,     4956.4461,     4829.2564,     4895.9886,     4963.2238,     4830.4193,     4897.1516,     4964.3870,
32007                         , 3,  5,    1.4574,   4923.4213,  0.261788,  0.264550,  0.267313,   21.0674,   71.9068,  122.7462,    1.249215,     4820.0814,     4886.8131,     4954.0472,     4828.5527,     4895.2849,     4962.5200,     4830.0064,     4896.7387,     4963.9740,
32007                         , 3,  6,    1.9430,   4921.5509,  0.261788,  0.264550,  0.267313,   21.0674,   71.9068,  122.7462,    1.249215,     4816.0802,     4882.8116,     4950.0452,     4827.3763,     4894.1082,     4961.3430,     4829.3145,     4896.0466,     4963.2816,
32007                         , 3,  7,    2.3315,   4919.9486,  0.261788,  0.264550,  0.267313,   21.0674,   71.9068,  122.7462,    1.249215,     4812.8771,     4879.6082,     4946.8414,     4826.4326,     4893.1643,     4960.3988,     4828.7583,     4895.4902,     4962.7250,
32007                         , 3,  8,    2.8170,   4917.9391,  0.261788,  0.264550,  0.267313,   21.0674,   71.9068,  122.7462,    1.249215,     4808.8719,     4875.6027,     4942.8353,     4825.2508,     4891.9822,     4959.2164,     4828.0607,     4894.7923,     4962.0267,
32007                         , 3,  9,    3.2054,   4916.5298,  0.261788,  0.264550,  0.267313,   21.0674,   71.9068,  122.7462,    1.249215,     4805.6677,     4872.3982,     4939.6304,     4824.3046,     4891.0357,     4958.2695,     4827.5017,     4894.2330,     4961.4671,
32007                         , 3, 10,    3.4966,   4915.3824,  0.261788,  0.264550,  0.267313,   21.0674,   71.9068,  122.7462,    1.249215,     4803.2650,     4869.9954,     4937.2274,     4823.5949,     4890.3258,     4957.5594,     4827.0822,     4893.8133,     4961.0473,
32007                         , 3, 11,    3.8848,   4913.4844,  0.261788,  0.264550,  0.267313,   21.0674,   71.9068,  122.7462,    1.249215,     4800.0627,     4866.7930,     4934.0246,     4822.6492,     4889.3799,     4956.6132,     4826.5233,     4893.2541,     4960.4878,
32007                         , 3, 12,    4.0789,   4911.9716,  0.261788,  0.264550,  0.267313,   21.0674,   71.9068,  122.7462,    1.249215,     4798.4624,     4865.1925,     4932.4240,     4822.1768,     4888.9073,     4956.1405,     4826.2442,     4892.9749,     4960.2084,
32007                         , 3, 13,    4.4671,   4909.9890,  0.261788,  0.264550,  0.267313,   21.0674,   71.9068,  122.7462,    1.249215,     4795.2635,     4861.9936,     4929.2249,     4821.2332,     4887.9635,     4955.1964,     4825.6871,     4892.4176,     4959.6509,
32007                         , 3, 14,    4.5641,   4909.5082,  0.261788,  0.264550,  0.267313,   21.0674,   71.9068,  122.7462,    1.249215,     4794.4642,     4861.1944,     4928.4256,     4820.9976,     4887.7279,     4954.9607,     4825.5481,     4892.2786,     4959.5118,
32007                         , 3, 15,    5.0492,   4908.6712,  0.261788,  0.264550,  0.267313,   21.0674,   71.9068,  122.7462,    1.249215,     4790.4704,     4857.2006,     4924.4317,     4819.8219,     4886.5520,     4953.7846,     4824.8553,     4891.5855,     4958.8185,
32007                         , 3, 16,    5.4371,   4903.8454,  0.261788,  0.264550,  0.267313,   21.0674,   71.9068,  122.7462,    1.249215,     4787.2797,     4854.0101,     4921.2412,     4818.8848,     4885.6148,     4952.8473,     4824.3042,     4891.0343,     4958.2672,
32007                         , 3, 17,    5.8250,   4902.1258,  0.261788,  0.264550,  0.267313,   21.0674,   71.9068,  122.7462,    1.249215,     4784.0923,     4850.8230,     4918.0541,     4817.9511,     4884.6810,     4951.9134,     4823.7564,     4890.4865,     4957.7193,
32007                         , 3, 18,    6.2129,   4900.0500,  0.261788,  0.264550,  0.267313,   21.0674,   71.9068,  122.7462,    1.249215,     4780.9086,     4847.6396,     4914.8709,     4817.0211,     4883.7511,     4950.9835,     4823.2124,     4889.9425,     4957.1753,
32007                         , 3, 19,    6.4067,   4899.4830,  0.261788,  0.264550,  0.267313,   21.0674,   71.9068,  122.7462,    1.249215,     4779.3181,     4846.0493,     4913.2808,     4816.5576,     4883.2877,     4950.5201,     4822.9419,     4889.6721,     4956.9049,
32007                         , 3, 20,    6.8914,   4896.9770,  0.261788,  0.264550,  0.267313,   21.0674,   71.9068,  122.7462,    1.249215,     4775.3455,     4842.0774,     4909.3092,     4815.4035,     4882.1339,     4949.3665,     4822.2704,     4889.0008,     4956.2338,
32007                         , 3, 21,    7.1821,   4895.8279,  0.261788,  0.264550,  0.267313,   21.0674,   71.9068,  122.7462,    1.249215,     4772.9644,     4839.6966,     4906.9288,     4814.7144,     4881.4449,     4948.6776,     4821.8709,     4888.6015,     4955.8347,
32007                         , 3, 22,    7.5698,   4894.3998,  0.261788,  0.264550,  0.267313,   21.0674,   71.9068,  122.7462,    1.249215,     4769.7918,     4836.5247,     4903.7574,     4813.7992,     4880.5301,     4947.7632,     4821.3422,     4888.0731,     4955.3066,
32007                         , 3, 23,    7.9573,   4892.0850,  0.261788,  0.264550,  0.267313,   21.0674,   71.9068,  122.7462,    1.249215,     4766.6216,     4833.3553,     4900.5884,     4812.8884,     4879.6197,     4946.8531,     4820.8180,     4887.5494,     4954.7832,
32007                         , 3, 24,    8.1511,   4891.2052,  0.261788,  0.264550,  0.267313,   21.0674,   71.9068,  122.7462,    1.249215,     4765.0372,     4831.7712,     4899.0047,     4812.4345,     4879.1661,     4946.3997,     4820.5576,     4887.2892,     4954.5233,
32007                         , 3, 25,    8.3448,   4890.4779,  0.261788,  0.264550,  0.267313,   21.0674,   71.9068,  122.7462,    1.249215,     4763.4532,     4830.1876,     4897.4213,     4811.9817,     4878.7135,     4945.9474,     4820.2983,     4887.0301,     4954.2645,
32007                         , 3, 26,    9.1195,   4886.7525,  0.261788,  0.264550,  0.267313,   21.0674,   71.9068,  122.7462,    1.249215,     4757.1180,     4823.8540,     4891.0890,     4810.1787,     4876.9117,     4944.1467,     4819.2708,     4886.0038,     4953.2393,
32007                         , 3, 27,    9.3132,   4885.8552,  0.261788,  0.264550,  0.267313,   21.0674,   71.9068,  122.7462,    1.249215,     4755.5338,     4822.2702,     4889.5056,     4809.7297,     4876.4630,     4943.6983,     4819.0160,     4885.7494,     4952.9852,
32007                         , 3, 28,    9.5068,   4885.7308,  0.261788,  0.264550,  0.267313,   21.0674,   71.9068,  122.7462,    1.249215,     4753.9492,     4820.6860,     4887.9217,     4809.2812,     4876.0149,     4943.2505,     4818.7619,     4885.4956,     4952.7318,
32007                         , 3, 29,   10.0876,   4882.1125,  0.261788,  0.264550,  0.267313,   21.0674,   71.9068,  122.7462,    1.249215,     4749.1916,     4815.9296,     4883.1662,     4807.9378,     4874.6726,     4941.9092,     4818.0024,     4884.7373,     4951.9745,
32007                         , 3, 30,   10.2812,   4881.4497,  0.261788,  0.264550,  0.267313,   21.0674,   71.9068,  122.7462,    1.249215,     4747.6037,     4814.3420,     4881.5789,     4807.4902,     4874.2253,     4941.4623,     4817.7498,     4884.4851,     4951.7227,
32007                         , 3, 31,   10.7651,   4879.1230,  0.261788,  0.264550,  0.267313,   21.0674,   71.9068,  122.7462,    1.249215,     4743.6290,     4810.3682,     4877.6057,     4806.3706,     4873.1066,     4940.3444,     4817.1184,     4883.8546,     4951.0932,
32007                         , 3, 32,   11.0554,   4877.7690,  0.261788,  0.264550,  0.267313,   21.0674,   71.9068,  122.7462,    1.249215,     4741.2399,     4807.9795,     4875.2173,     4805.6976,     4872.4341,     4939.6723,     4816.7389,     4883.4756,     4950.7147,
32007                         , 3, 33,   11.2489,   4876.8760,  0.261788,  0.264550,  0.267313,   21.0674,   71.9068,  122.7462,    1.249215,     4739.6449,     4806.3848,     4873.6228,     4805.2481,     4871.9849,     4939.2235,     4816.4852,     4883.2223,     4950.4618,
32007                         , 3, 34,   11.4423,   4875.9814,  0.261788,  0.264550,  0.267313,   21.0674,   71.9068,  122.7462,    1.249215,     4738.0481,     4804.7882,     4872.0263,     4804.7978,     4871.5349,     4938.7737,     4816.2309,     4882.9684,     4950.2081,
32007                         , 3, 35,   12.0227,   4873.3309,  0.261788,  0.264550,  0.267313,   21.0674,   71.9068,  122.7462,    1.249215,     4733.2448,     4799.9853,     4867.2234,     4803.4406,     4870.1785,     4937.4180,     4815.4627,     4882.2010,     4949.4417,
32007                         , 3, 36,   12.3128,   4871.8275,  0.261788,  0.264550,  0.267313,   21.0674,   71.9068,  122.7462,    1.249215,     4730.8349,     4797.5754,     4864.8134,     4802.7576,     4869.4958,     4936.7356,     4815.0746,     4881.8134,     4949.0544,
32007                         , 3, 37,   13.0863,   4869.2088,  0.261788,  0.264550,  0.267313,   21.0674,   71.9068,  122.7462,    1.249215,     4724.3801,     4791.1203,     4858.3575,     4800.9183,     4867.6569,     4934.8970,     4814.0236,     4880.7631,     4948.0047,
32007                         , 3, 38,   13.1830,   4868.7625,  0.261788,  0.264550,  0.267313,   21.0674,   71.9068,  122.7462,    1.249215,     4723.5701,     4790.3101,     4857.5473,     4800.6863,     4867.4249,     4934.6650,     4813.8903,     4880.6298,     4947.8715,
32007                         , 3, 39,   14.2460,   4862.3729,  0.261788,  0.264550,  0.267313,   21.0674,   71.9068,  122.7462,    1.249215,     4714.6241,     4781.3625,     4848.5974,     4798.1043,     4864.8424,     4932.0819,     4812.3946,     4879.1340,     4946.3756,
32007                         , 3, 40,   14.4392,   4860.4285,  0.261788,  0.264550,  0.267313,   21.0674,   71.9068,  122.7462,    1.249215,     4712.9910,     4779.7290,     4846.9633,     4797.6290,     4864.3669,     4931.6062,     4812.1169,     4878.8562,     4946.0977,
32007                         , 3, 41,   15.0187,   4857.5314,  0.261788,  0.264550,  0.267313,   21.0674,   71.9068,  122.7462,    1.249215,     4708.0817,     4774.8183,     4842.0509,     4796.1935,     4862.9307,     4930.1691,     4811.2741,     4878.0130,     4945.2539,
32007                         , 3, 42,   15.1153,   4856.7802,  0.261788,  0.264550,  0.267313,   21.0674,   71.9068,  122.7462,    1.249215,     4707.2625,     4773.9989,     4841.2312,     4795.9531,     4862.6901,     4929.9283,     4811.1324,     4877.8712,     4945.1120,
32007                         , 3, 43,   15.8876,   4854.0806,  0.261788,  0.264550,  0.267313,   21.0674,   71.9068,  122.7462,    1.249215,     4700.7008,     4767.4351,     4834.6649,     4794.0197,     4860.7553,     4927.9921,     4809.9885,     4876.7262,     4943.9658,
32007                         , 3, 44,   16.0807,   4853.2028,  0.261788,  0.264550,  0.267313,   21.0674,   71.9068,  122.7462,    1.249215,     4699.0589,     4765.7927,     4833.0219,     4793.5343,     4860.2695,     4927.5059,     4809.7003,     4876.4376,     4943.6770,
32007                         , 3, 45,   16.1773,   4852.7215,  0.261788,  0.264550,  0.267313,   21.0674,   71.9068,  122.7462,    1.249215,     4698.2381,     4764.9717,     4832.2006,     4793.2915,     4860.0265,     4927.2627,     4809.5560,     4876.2932,     4943.5323,
32007                         , 3, 46,   16.7563,   4849.9426,  0.261788,  0.264550,  0.267313,   21.0674,   71.9068,  122.7462,    1.249215,     4693.3151,     4760.0472,     4827.2742,     4791.8335,     4858.5674,     4925.8022,     4808.6888,     4875.4250,     4942.6631,
32007                         , 3, 47,   17.0457,   4848.1323,  0.261788,  0.264550,  0.267313,   21.0674,   71.9068,  122.7462,    1.249215,     4690.8556,     4757.5870,     4824.8132,     4791.1048,     4857.8381,     4925.0723,     4808.2551,     4874.9908,     4942.2283,
32007                         , 3, 48,   17.1422,   4847.3648,  0.261788,  0.264550,  0.267313,   21.0674,   71.9068,  122.7462,    1.249215,     4690.0362,     4756.7674,     4823.9934,     4790.8621,     4857.5952,     4924.8292,     4808.1107,     4874.8462,     4942.0836,
32007                         , 3, 49,   17.7210,   4844.4021,  0.261788,  0.264550,  0.267313,   21.0674,   71.9068,  122.7462,    1.249215,     4685.1257,     4751.8557,     4819.0802,     4789.4091,     4856.1412,     4923.3740,     4807.2467,     4873.9813,     4941.2177,
32007                         , 3, 50,   18.0103,   4843.4635,  0.261788,  0.264550,  0.267313,   21.0674,   71.9068,  122.7462,    1.249215,     4682.6748,     4749.4044,     4816.6282,     4788.6854,     4855.4170,     4922.6493,     4806.8172,     4873.5514,     4940.7874,
32007                         , 3, 51,   18.4924,   4841.2913,  0.261788,  0.264550,  0.267313,   21.0674,   71.9068,  122.7462,    1.249215,     4678.5969,     4745.3259,     4812.5489,     4787.4847,     4854.2156,     4921.4472,     4806.1065,     4872.8401,     4940.0755,
32007                         , 3, 52,   18.7816,   4839.9269,  0.261788,  0.264550,  0.267313,   21.0674,   71.9068,  122.7462,    1.249215,     4676.1548,     4742.8836,     4810.1062,     4786.7681,     4853.4987,     4920.7299,     4805.6837,     4872.4171,     4939.6522,
32007                         , 3, 53,   18.9744,   4838.9562,  0.261788,  0.264550,  0.267313,   21.0674,   71.9068,  122.7462,    1.249215,     4674.5285,     4741.2572,     4808.4796,     4786.2921,     4853.0224,     4920.2534,     4805.4035,     4872.1368,     4939.3717,
32007                         , 3, 54,   19.0708,   4838.5114,  0.261788,  0.264550,  0.267313,   21.0674,   71.9068,  122.7462,    1.249215,     4673.7161,     4740.4447,     4807.6670,     4786.0546,     4852.7849,     4920.0158,     4805.2640,     4871.9971,     4939.2320,
32007                         , 3, 55,   19.7454,   4835.4349,  0.261788,  0.264550,  0.267313,   21.0674,   71.9068,  122.7462,    1.249215,     4668.0386,     4734.7671,     4801.9889,     4784.4027,     4851.1326,     4918.3630,     4804.2974,     4871.0302,     4938.2647,
32007                         , 3, 56,   19.9382,   4834.4501,  0.261788,  0.264550,  0.267313,   21.0674,   71.9068,  122.7462,    1.249215,     4666.5400,     4733.1479,     4800.3697,     4783.9341,     4850.6639,     4917.8942,     4804.0245,     4870.7574,     4937.9919,
32007                         , 4,  1,    0.0000,   4017.4593,  0.221948,  0.225139,  0.228330,   26.9248,   52.3445,   77.7642,    2.169676,     3921.0025,     3990.4166,     4060.4048,     3921.0025,     3990.4166,     4060.4048,     3921.0025,     3990.4166,     4060.4048,
32007                         , 4,  2,    0.3592,   4016.7108,  0.221948,  0.225139,  0.228330,   26.9248,   52.3445,   77.7642,    2.169676,     3918.7174,     3988.1343,     4058.1250,     3919.8366,     3989.2524,     4059.2422,     3920.2242,     3989.6396,     4059.6290,
32007                         , 4,  3,    0.8082,   4014.9749,  0.221948,  0.225139,  0.228330,   26.9248,   52.3445,   77.7642,    2.169676,     3915.8612,     3985.2816,     4055.2755,     3918.3812,     3987.7991,     4057.7908,     3919.2537,     3988.6707,     4058.6616,
32007                         , 4,  4,    1.0776,   4013.8481,  0.221948,  0.225139,  0.228330,   26.9248,   52.3445,   77.7642,    2.169676,     3914.1472,     3983.5697,     4053.5655,     3917.5087,     3986.9278,     4056.9207,     3918.6724,     3988.0904,     4058.0822,
32007                         , 4,  5,    1.2572,   4013.0183,  0.221948,  0.225139,  0.228330,   26.9248,   52.3445,   77.7642,    2.169676,     3913.0043,     3982.4281,     4052.4252,     3916.9272,     3986.3472,     4056.3408,     3918.2852,     3987.7038,     4057.6963,
32007                         , 4,  6,    1.8856,   4009.7684,  0.221948,  0.225139,  0.228330,   26.9248,   52.3445,   77.7642,    2.169676,     3909.0015,     3978.4302,     4048.4317,     3914.8920,     3984.3150,     4054.3115,     3916.9309,     3986.3519,     4056.3467,
32007                         , 4,  7,    2.3343,   4007.7811,  0.221948,  0.225139,  0.228330,   26.9248,   52.3445,   77.7642,    2.169676,     3906.1389,     3975.5710,     4045.5757,     3913.4375,     3982.8627,     4052.8611,     3915.9636,     3985.3864,     4055.3827,
32007                         , 4,  8,    2.4240,   4007.4028,  0.221948,  0.225139,  0.228330,   26.9248,   52.3445,   77.7642,    2.169676,     3905.5659,     3974.9987,     4045.0040,     3913.1465,     3982.5720,     4052.5709,     3915.7701,     3985.1932,     4055.1898,
32007                         , 4,  9,    3.0521,   4004.2660,  0.221948,  0.225139,  0.228330,   26.9248,   52.3445,   77.7642,    2.169676,     3901.5499,     3970.9874,     4040.9970,     3911.1065,     3980.5350,     4050.5365,     3914.4136,     3983.8390,     4053.8379,
32007                         , 4, 10,    3.4109,   4002.3223,  0.221948,  0.225139,  0.228330,   26.9248,   52.3445,   77.7642,    2.169676,     3899.2506,     3968.6907,     4038.7027,     3909.9384,     3979.3685,     4049.3715,     3913.6367,     3983.0634,     4053.0635,
32007                         , 4, 11,    3.8594,   4000.2462,  0.221948,  0.225139,  0.228330,   26.9248,   52.3445,   77.7642,    2.169676,     3896.3713,     3965.8146,     4035.8294,     3908.4750,     3977.9071,     4047.9119,     3912.6630,     3982.0912,     4052.0928,
32007                         , 4, 12,    4.0387,   3999.4555,  0.221948,  0.225139,  0.228330,   26.9248,   52.3445,   77.7642,    2.169676,     3895.2179,     3964.6624,     4034.6784,     3907.8886,     3977.3214,     4047.3270,     3912.2726,     3981.7015,     4051.7035,
32007                         , 4, 13,    4.3974,   3997.0581,  0.221948,  0.225139,  0.228330,   26.9248,   52.3445,   77.7642,    2.169676,     3892.9080,     3962.3549,     4032.3731,     3906.7137,     3976.1479,     4046.1549,     3911.4901,     3980.9201,     4050.9233,
32007                         , 4, 14,    4.8456,   3995.1221,  0.221948,  0.225139,  0.228330,   26.9248,   52.3445,   77.7642,    2.169676,     3890.0149,     3959.4648,     4029.4856,     3905.2411,     3974.6771,     4044.6856,     3910.5084,     3979.9398,     4049.9443,
32007                         , 4, 15,    5.0249,   3994.4275,  0.221948,  0.225139,  0.228330,   26.9248,   52.3445,   77.7642,    2.169676,     3888.8559,     3958.3069,     4028.3288,     3904.6507,     3974.0874,     4044.0965,     3910.1146,     3979.5465,     4049.5515,
32007                         , 4, 16,    5.5626,   3990.7850,  0.221948,  0.225139,  0.228330,   26.9248,   52.3445,   77.7642,    2.169676,     3885.3727,     3954.8270,     4024.8517,     3902.8750,     3972.3136,     4042.3245,     3908.9290,     3978.3624,     4048.3687,
32007                         , 4, 17,    5.9209,   3988.7302,  0.221948,  0.225139,  0.228330,   26.9248,   52.3445,   77.7642,    2.169676,     3883.0456,     3952.5021,     4022.5287,     3901.6875,     3971.1273,     4041.1392,     3908.1352,     3977.5695,     4047.5766,
32007                         , 4, 18,    6.3688,   3985.9981,  0.221948,  0.225139,  0.228330,   26.9248,   52.3445,   77.7642,    2.169676,     3880.1314,     3949.5903,     4019.6192,     3900.1987,     3969.6399,     4039.6530,     3907.1389,     3976.5742,     4046.5822,
32007                         , 4, 19,    6.4584,   3985.5109,  0.221948,  0.225139,  0.228330,   26.9248,   52.3445,   77.7642,    2.169676,     3879.5477,     3949.0072,     4019.0365,     3899.9004,     3969.3418,     4039.3551,     3906.9391,     3976.3746,     4046.3828,
32007                         , 4, 20,    6.9957,   3982.8804,  0.221948,  0.225139,  0.228330,   26.9248,   52.3445,   77.7642,    2.169676,     3876.0419,     3945.5043,     4015.5361,     3898.1068,     3967.5497,     4037.5644,     3905.7369,     3975.1735,     4045.1826,
32007                         , 4, 21,    7.3538,   3981.1141,  0.221948,  0.225139,  0.228330,   26.9248,   52.3445,   77.7642,    2.169676,     3873.7008,     3943.1650,     4013.1985,     3896.9077,     3966.3516,     4036.3671,     3904.9323,     3974.3695,     4044.3792,
32007                         , 4, 22,    7.8909,   3978.9529,  0.221948,  0.225139,  0.228330,   26.9248,   52.3445,   77.7642,    2.169676,     3870.1838,     3939.6508,     4009.6866,     3895.1047,     3964.5498,     4034.5664,     3903.7210,     3973.1591,     4043.1695,
32007                         , 4, 23,    8.1594,   3977.7032,  0.221948,  0.225139,  0.228330,   26.9248,   52.3445,   77.7642,    2.169676,     3868.4232,     3937.8915,     4007.9285,     3894.2013,     3963.6471,     4033.6642,     3903.1135,     3972.5520,     4042.5628,
32007                         , 4, 24,    8.5174,   3975.7498,  0.221948,  0.225139,  0.228330,   26.9248,   52.3445,   77.7642,    2.169676,     3866.0741,     3935.5442,     4005.5827,     3892.9953,     3962.4418,     4032.4596,     3902.3021,     3971.7411,     4041.7523,
32007                         , 4, 25,    9.0542,   3973.0025,  0.221948,  0.225139,  0.228330,   26.9248,   52.3445,   77.7642,    2.169676,     3862.5475,     3932.0202,     4002.0610,     3891.1836,     3960.6312,     4030.6499,     3901.0822,     3970.5218,     4040.5335,
32007                         , 4, 26,    9.4120,   3971.2769,  0.221948,  0.225139,  0.228330,   26.9248,   52.3445,   77.7642,    2.169676,     3860.1951,     3929.6696,     3999.7118,     3889.9744,     3959.4228,     4029.4420,     3900.2675,     3969.7075,     4039.7196,
32007                         , 4, 27,    9.8592,   3968.7471,  0.221948,  0.225139,  0.228330,   26.9248,   52.3445,   77.7642,    2.169676,     3857.2537,     3926.7304,     3996.7745,     3888.4620,     3957.9113,     4027.9313,     3899.2481,     3968.6887,     4038.7011,
32007                         , 4, 28,   10.1275,   3967.3199,  0.221948,  0.225139,  0.228330,   26.9248,   52.3445,   77.7642,    2.169676,     3855.4887,     3924.9668,     3995.0120,     3887.5544,     3957.0042,     4027.0246,     3898.6362,     3968.0770,     4038.0897,
32007                         , 4, 29,   10.2169,   3966.8748,  0.221948,  0.225139,  0.228330,   26.9248,   52.3445,   77.7642,    2.169676,     3854.9004,     3924.3789,     3994.4245,     3887.2518,     3956.7018,     4026.7223,     3898.4322,     3967.8731,     4037.8859,
32007                         , 4, 30,   10.9320,   3964.9574,  0.221948,  0.225139,  0.228330,   26.9248,   52.3445,   77.7642,    2.169676,     3850.1947,     3919.6768,     3989.7255,     3884.8320,     3954.2834,     4024.3051,     3896.8007,     3966.2425,     4036.2558,
32007                         , 4, 31,   11.4683,   3961.6630,  0.221948,  0.225139,  0.228330,   26.9248,   52.3445,   77.7642,    2.169676,     3846.6668,     3916.1518,     3986.2030,     3883.0187,     3952.4712,     4022.4939,     3895.5785,     3965.0209,     4035.0348,
32007                         , 4, 32,   11.8258,   3960.6319,  0.221948,  0.225139,  0.228330,   26.9248,   52.3445,   77.7642,    2.169676,     3844.3165,     3913.8034,     3983.8563,     3881.8113,     3951.2646,     4021.2880,     3894.7652,     3964.2080,     4034.2222,
32007                         , 4, 33,   12.0938,   3959.4555,  0.221948,  0.225139,  0.228330,   26.9248,   52.3445,   77.7642,    2.169676,     3842.5548,     3912.0433,     3982.0974,     3880.9069,     3950.3608,     4020.3846,     3894.1561,     3963.5993,     4033.6139,
32007                         , 4, 34,   12.8085,   3956.0665,  0.221948,  0.225139,  0.228330,   26.9248,   52.3445,   77.7642,    2.169676,     3837.8615,     3907.3542,     3977.4121,     3878.4999,     3947.9556,     4017.9810,     3892.5370,     3961.9813,     4031.9968,
32007                         , 4, 35,   12.9871,   3955.2562,  0.221948,  0.225139,  0.228330,   26.9248,   52.3445,   77.7642,    2.169676,     3836.6894,     3906.1832,     3976.2421,     3877.8995,     3947.3557,     4017.3815,     3892.1336,     3961.5781,     4031.5939,
32007                         , 4, 36,   13.2550,   3954.0698,  0.221948,  0.225139,  0.228330,   26.9248,   52.3445,   77.7642,    2.169676,     3834.9321,     3904.4276,     3974.4879,     3876.9999,     3946.4569,     4016.4833,     3891.5295,     3960.9745,     4030.9907,
32007                         , 4, 37,   13.8800,   3951.6176,  0.221948,  0.225139,  0.228330,   26.9248,   52.3445,   77.7642,    2.169676,     3830.8361,     3900.3357,     3970.3996,     3874.9062,     3944.3651,     4014.3932,     3890.1254,     3959.5718,     4029.5891,
32007                         , 4, 38,   14.1478,   3950.2020,  0.221948,  0.225139,  0.228330,   26.9248,   52.3445,   77.7642,    2.169676,     3829.0828,     3898.5842,     3968.6498,     3874.0114,     3943.4711,     4013.5000,     3889.5263,     3958.9733,     4028.9911,
32007                         , 4, 39,   14.3263,   3948.5458,  0.221948,  0.225139,  0.228330,   26.9248,   52.3445,   77.7642,    2.169676,     3827.9144,     3897.4170,     3967.4837,     3873.4157,     3942.8759,     4012.9054,     3889.1277,     3958.5751,     4028.5933,
32007                         , 4, 40,   14.8617,   3946.0781,  0.221948,  0.225139,  0.228330,   26.9248,   52.3445,   77.7642,    2.169676,     3824.4118,     3893.9182,     3963.9883,     3871.6321,     3941.0943,     4011.1254,     3887.9360,     3957.3847,     4027.4042,
32007                         , 4, 41,   15.1293,   3944.6276,  0.221948,  0.225139,  0.228330,   26.9248,   52.3445,   77.7642,    2.169676,     3822.6618,     3892.1702,     3962.2420,     3870.7423,     3940.2055,     4010.2375,     3887.3424,     3956.7919,     4026.8120,
32007                         , 4, 42,   15.2185,   3944.1202,  0.221948,  0.225139,  0.228330,   26.9248,   52.3445,   77.7642,    2.169676,     3822.0786,     3891.5876,     3961.6600,     3870.4460,     3939.9095,     4009.9418,     3887.1448,     3956.5945,     4026.6149,
32007                         , 4, 43,   15.8429,   3940.8218,  0.221948,  0.225139,  0.228330,   26.9248,   52.3445,   77.7642,    2.169676,     3817.9975,     3887.5112,     3957.5878,     3868.3751,     3937.8411,     4007.8757,     3885.7658,     3955.2174,     4025.2395,
32007                         , 4, 44,   16.1104,   3939.3783,  0.221948,  0.225139,  0.228330,   26.9248,   52.3445,   77.7642,    2.169676,     3816.2487,     3885.7645,     3955.8429,     3867.4890,     3936.9561,     4006.9917,     3885.1766,     3954.6290,     4024.6519,
32007                         , 4, 45,   16.4670,   3937.2407,  0.221948,  0.225139,  0.228330,   26.9248,   52.3445,   77.7642,    2.169676,     3813.9167,     3883.4352,     3953.5160,     3866.3084,     3935.7770,     4005.8140,     3884.3922,     3953.8458,     4023.8698,
32007                         , 4, 46,   16.9127,   3934.6684,  0.221948,  0.225139,  0.228330,   26.9248,   52.3445,   77.7642,    2.169676,     3810.9996,     3880.5213,     3950.6051,     3864.8332,     3934.3037,     4004.3423,     3883.4128,     3952.8679,     4022.8933,
32007                         , 4, 47,   17.0909,   3933.6820,  0.221948,  0.225139,  0.228330,   26.9248,   52.3445,   77.7642,    2.169676,     3809.8319,     3879.3549,     3949.4398,     3864.2431,     3933.7143,     4003.7536,     3883.0212,     3952.4769,     4022.5028,
32007                         , 4, 48,   17.7146,   3930.8139,  0.221948,  0.225139,  0.228330,   26.9248,   52.3445,   77.7642,    2.169676,     3805.7386,     3875.2660,     3945.3549,     3862.1753,     3931.6490,     4001.6906,     3881.6494,     3951.1071,     4021.1349,
32007                         , 4, 49,   17.8928,   3929.5029,  0.221948,  0.225139,  0.228330,   26.9248,   52.3445,   77.7642,    2.169676,     3804.5668,     3874.0955,     3944.1855,     3861.5833,     3931.0577,     4001.0999,     3881.2566,     3950.7149,     4020.7432,
32007                         , 4, 50,   18.8724,   3925.3822,  0.221948,  0.225139,  0.228330,   26.9248,   52.3445,   77.7642,    2.169676,     3798.1012,     3867.6363,     3937.7318,     3858.3135,     3927.7913,     3997.8365,     3879.0848,     3948.5457,     4018.5764,
32007                         , 4, 51,   18.9615,   3924.9437,  0.221948,  0.225139,  0.228330,   26.9248,   52.3445,   77.7642,    2.169676,     3797.5110,     3867.0466,     3937.1426,     3858.0146,     3927.4926,     3997.5380,     3878.8859,     3948.3471,     4018.3780,
32007                         , 4, 52,   19.6736,   3921.8123,  0.221948,  0.225139,  0.228330,   26.9248,   52.3445,   77.7642,    2.169676,     3792.7788,     3862.3185,     3932.4180,     3855.6140,     3925.0940,     3995.1411,     3877.2860,     3946.7487,     4016.7809,
32007                         , 4, 53,   19.9407,   3921.0331,  0.221948,  0.225139,  0.228330,   26.9248,   52.3445,   77.7642,    2.169676,     3791.0142,     3860.5391,     3930.7896,     3854.7086,     3924.1892,     3994.2368,     3876.6813,     3946.1443,     4016.1769,
32007                         , 5,  1,    0.0000,   3441.2636,  0.195240,  0.199870,  0.204501,   29.6293,   42.3392,   55.0490,   10.262146,     3342.6922,     3436.8289,     3532.0615,     3342.6922,     3436.8289,     3532.0615,     3342.6922,     3436.8289,     3532.0615,
32007                         , 5,  2,    0.1703,   3440.5351,  0.195240,  0.199870,  0.204501,   29.6293,   42.3392,   55.0490,   10.262146,     3340.8590,     3435.0007,     3530.2379,     3341.4095,     3435.5498,     3530.7856,     3341.7058,     3435.8453,     3531.0804,
32007                         , 5,  3,    0.3406,   3439.8260,  0.195240,  0.199870,  0.204501,   29.6293,   42.3392,   55.0490,   10.262146,     3339.0250,     3433.1717,     3528.4135,     3340.1263,     3434.2700,     3529.5090,     3340.7190,     3434.8611,     3530.0987,
32007                         , 5,  4,    0.6811,   3438.3796,  0.195240,  0.199870,  0.204501,   29.6293,   42.3392,   55.0490,   10.262146,     3335.3551,     3429.5120,     3524.7628,     3337.5583,     3431.7091,     3526.9545,     3338.7440,     3432.8915,     3528.1340,
32007                         , 5,  5,    1.1918,   3436.1061,  0.195240,  0.199870,  0.204501,   29.6293,   42.3392,   55.0490,   10.262146,     3329.8455,     3424.0176,     3519.2822,     3333.7029,     3427.8642,     3523.1191,     3335.7783,     3429.9339,     3525.1836,
32007                         , 5,  6,    1.3620,   3435.8096,  0.195240,  0.199870,  0.204501,   29.6293,   42.3392,   55.0490,   10.262146,     3328.0078,     3422.1850,     3517.4542,     3332.4168,     3426.5817,     3521.8397,     3334.7890,     3428.9472,     3524.1993,
32007                         , 5,  7,    2.0427,   3433.0644,  0.195240,  0.199870,  0.204501,   29.6293,   42.3392,   55.0490,   10.262146,     3320.6525,     3414.8502,     3510.1379,     3327.2693,     3421.4482,     3516.7189,     3330.8284,     3424.9973,     3520.2590,
32007                         , 5,  8,    2.3830,   3431.6654,  0.195240,  0.199870,  0.204501,   29.6293,   42.3392,   55.0490,   10.262146,     3316.9727,     3411.1808,     3506.4779,     3324.6939,     3418.8798,     3514.1568,     3328.8466,     3423.0208,     3518.2872,
32007                         , 5,  9,    2.9785,   3429.1159,  0.195240,  0.199870,  0.204501,   29.6293,   42.3392,   55.0490,   10.262146,     3310.5308,     3404.7573,     3500.0711,     3320.1853,     3414.3836,     3509.6718,     3325.3768,     3419.5602,     3514.8350,
32007                         , 5, 10,    3.3187,   3427.6291,  0.195240,  0.199870,  0.204501,   29.6293,   42.3392,   55.0490,   10.262146,     3306.8492,     3401.0864,     3496.4098,     3317.6086,     3411.8140,     3507.1086,     3323.3936,     3417.5824,     3512.8619,
32007                         , 5, 11,    3.8289,   3425.7750,  0.195240,  0.199870,  0.204501,   29.6293,   42.3392,   55.0490,   10.262146,     3301.3266,     3395.5800,     3490.9181,     3313.7435,     3407.9598,     3503.2642,     3320.4187,     3414.6155,     3509.9023,
32007                         , 5, 12,    4.1690,   3424.3567,  0.195240,  0.199870,  0.204501,   29.6293,   42.3392,   55.0490,   10.262146,     3297.6453,     3391.9097,     3487.2578,     3311.1673,     3405.3909,     3500.7019,     3318.4359,     3412.6381,     3507.9298,
32007                         , 5, 13,    4.3390,   3423.6080,  0.195240,  0.199870,  0.204501,   29.6293,   42.3392,   55.0490,   10.262146,     3295.8048,     3390.0748,     3485.4279,     3309.8795,     3404.1067,     3499.4211,     3317.4447,     3411.6496,     3506.9437,
32007                         , 5, 14,    4.9341,   3421.1863,  0.195240,  0.199870,  0.204501,   29.6293,   42.3392,   55.0490,   10.262146,     3289.3650,     3383.6548,     3479.0259,     3305.3738,     3399.6141,     3494.9403,     3313.9770,     3408.1916,     3503.4945,
32007                         , 5, 15,    5.1041,   3420.2902,  0.195240,  0.199870,  0.204501,   29.6293,   42.3392,   55.0490,   10.262146,     3287.5257,     3381.8213,     3477.1976,     3304.0871,     3398.3313,     3493.6609,     3312.9869,     3407.2043,     3502.5096,
32007                         , 5, 16,    5.7840,   3416.7325,  0.195240,  0.199870,  0.204501,   29.6293,   42.3392,   55.0490,   10.262146,     3280.1722,     3374.4912,     3469.8889,     3298.9442,     3393.2039,     3488.5475,     3309.0297,     3403.2585,     3498.5742,
32007                         , 5, 17,    6.0389,   3415.4969,  0.195240,  0.199870,  0.204501,   29.6293,   42.3392,   55.0490,   10.262146,     3277.4163,     3371.7443,     3467.1502,     3297.0174,     3391.2829,     3486.6320,     3307.5474,     3401.7806,     3497.1002,
32007                         , 5, 18,    6.2938,   3414.8515,  0.195240,  0.199870,  0.204501,   29.6293,   42.3392,   55.0490,   10.262146,     3274.6613,     3368.9985,     3464.4127,     3295.0916,     3389.3631,     3484.7176,     3306.0662,     3400.3038,     3495.6274,
32007                         , 5, 19,    6.8885,   3412.3054,  0.195240,  0.199870,  0.204501,   29.6293,   42.3392,   55.0490,   10.262146,     3268.2370,     3362.5959,     3458.0299,     3290.6024,     3384.8882,     3480.2557,     3302.6141,     3396.8622,     3492.1954,
32007                         , 5, 20,    7.1433,   3411.2582,  0.195240,  0.199870,  0.204501,   29.6293,   42.3392,   55.0490,   10.262146,     3265.4851,     3359.8536,     3455.2963,     3288.6802,     3382.9723,     3478.3455,     3301.1364,     3395.3892,     3490.7266,
32007                         , 5, 21,    7.3132,   3410.5280,  0.195240,  0.199870,  0.204501,   29.6293,   42.3392,   55.0490,   10.262146,     3263.6511,     3358.0259,     3453.4745,     3287.3993,     3381.6956,     3477.0727,     3300.1519,     3394.4078,     3489.7481,
32007                         , 5, 22,    7.9077,   3408.1196,  0.195240,  0.199870,  0.204501,   29.6293,   42.3392,   55.0490,   10.262146,     3257.2354,     3351.6331,     3447.1026,     3282.9207,     3377.2321,     3472.6229,     3296.7108,     3390.9778,     3486.3282,
32007                         , 5, 23,    8.0775,   3407.3816,  0.195240,  0.199870,  0.204501,   29.6293,   42.3392,   55.0490,   10.262146,     3255.4033,     3349.8076,     3445.2832,     3281.6422,     3375.9580,     3471.3528,     3295.7288,     3389.9991,     3485.3525,
32007                         , 5, 24,    8.3322,   3405.7790,  0.195240,  0.199870,  0.204501,   29.6293,   42.3392,   55.0490,   10.262146,     3252.6556,     3347.0700,     3442.5548,     3279.7254,     3374.0478,     3469.4487,     3294.2568,     3388.5320,     3483.8899,
32007                         , 5, 25,    8.9265,   3403.0820,  0.195240,  0.199870,  0.204501,   29.6293,   42.3392,   55.0490,   10.262146,     3246.2467,     3340.6850,     3436.1917,     3275.2568,     3369.5949,     3465.0102,     3290.8266,     3385.1135,     3480.4822,
32007                         , 5, 26,    9.0963,   3402.4677,  0.195240,  0.199870,  0.204501,   29.6293,   42.3392,   55.0490,   10.262146,     3244.4161,     3338.8612,     3434.3743,     3273.9809,     3368.3236,     3463.7431,     3289.8475,     3384.1379,     3479.5098,
32007                         , 5, 27,    9.2661,   3401.6642,  0.195240,  0.199870,  0.204501,   29.6293,   42.3392,   55.0490,   10.262146,     3242.5854,     3337.0375,     3432.5570,     3272.7053,     3367.0526,     3462.4764,     3288.8689,     3383.1627,     3478.5377,
32007                         , 5, 28,    9.8602,   3399.0430,  0.195240,  0.199870,  0.204501,   29.6293,   42.3392,   55.0490,   10.262146,     3236.1784,     3330.6551,     3426.1973,     3268.2428,     3362.6064,     3458.0452,     3285.4465,     3379.7526,     3475.1388,
32007                         , 5, 29,   10.1148,   3398.1564,  0.195240,  0.199870,  0.204501,   29.6293,   42.3392,   55.0490,   10.262146,     3233.4321,     3327.9195,     3423.4716,     3266.3310,     3360.7016,     3456.1469,     3283.9809,     3378.2922,     3473.6833,
32007                         , 5, 30,   10.2845,   3397.6187,  0.195240,  0.199870,  0.204501,   29.6293,   42.3392,   55.0490,   10.262146,     3231.6007,     3326.0954,     3421.6541,     3265.0564,     3359.4318,     3454.8815,     3283.0039,     3377.3188,     3472.7132,
32007                         , 5, 31,   10.8785,   3395.2716,  0.195240,  0.199870,  0.204501,   29.6293,   42.3392,   55.0490,   10.262146,     3225.1883,     3319.7086,     3415.2907,     3260.5953,     3354.9874,     3450.4525,     3279.5855,     3373.9130,     3469.3190,
32007                         , 5, 32,   11.1330,   3394.2862,  0.195240,  0.199870,  0.204501,   29.6293,   42.3392,   55.0490,   10.262146,     3222.4380,     3316.9693,     3412.5617,     3258.6828,     3353.0821,     3448.5538,     3278.1204,     3372.4533,     3467.8643,
32007                         , 5, 33,   11.3027,   3393.5662,  0.195240,  0.199870,  0.204501,   29.6293,   42.3392,   55.0490,   10.262146,     3220.6036,     3315.1423,     3410.7415,     3257.4074,     3351.8115,     3447.2877,     3277.1435,     3371.4800,     3466.8944,
32007                         , 5, 34,   11.8116,   3391.5120,  0.195240,  0.199870,  0.204501,   29.6293,   42.3392,   55.0490,   10.262146,     3215.0958,     3309.6568,     3405.2764,     3253.5791,     3347.9978,     3443.4873,     3274.2116,     3368.5590,     3463.9834,
32007                         , 5, 35,   12.0661,   3390.7001,  0.195240,  0.199870,  0.204501,   29.6293,   42.3392,   55.0490,   10.262146,     3212.3389,     3306.9110,     3402.5409,     3251.6632,     3346.0892,     3441.5854,     3272.7446,     3367.0974,     3462.5268,
32007                         , 5, 36,   12.3205,   3389.8044,  0.195240,  0.199870,  0.204501,   29.6293,   42.3392,   55.0490,   10.262146,     3209.5796,     3304.1629,     3399.8030,     3249.7459,     3344.1791,     3439.6821,     3271.2765,     3365.6347,     3461.0691,
32007                         , 5, 37,   12.9141,   3387.5190,  0.195240,  0.199870,  0.204501,   29.6293,   42.3392,   55.0490,   10.262146,     3203.1319,     3297.7412,     3393.4052,     3245.2659,     3339.7162,     3435.2347,     3267.8465,     3362.2173,     3457.6632,
32007                         , 5, 38,   13.0837,   3386.7642,  0.195240,  0.199870,  0.204501,   29.6293,   42.3392,   55.0490,   10.262146,     3201.2871,     3295.9039,     3391.5747,     3243.9842,     3338.4392,     3433.9621,     3266.8650,     3361.2394,     3456.6886,
32007                         , 5, 39,   13.2533,   3386.2241,  0.195240,  0.199870,  0.204501,   29.6293,   42.3392,   55.0490,   10.262146,     3199.4411,     3294.0653,     3389.7429,     3242.7016,     3337.1614,     3432.6887,     3265.8829,     3360.2608,     3455.7133,
32007                         , 5, 40,   14.0162,   3383.1125,  0.195240,  0.199870,  0.204501,   29.6293,   42.3392,   55.0490,   10.262146,     3191.1194,     3285.7769,     3381.4850,     3236.9190,     3331.4002,     3426.9471,     3261.4541,     3355.8478,     3451.3148,
32007                         , 5, 41,   14.2705,   3381.9980,  0.195240,  0.199870,  0.204501,   29.6293,   42.3392,   55.0490,   10.262146,     3188.3400,     3283.0086,     3378.7269,     3234.9874,     3329.4757,     3425.0290,     3259.9743,     3354.3732,     3449.8449,
32007                         , 5, 42,   14.8638,   3379.7345,  0.195240,  0.199870,  0.204501,   29.6293,   42.3392,   55.0490,   10.262146,     3181.8452,     3276.5397,     3372.2816,     3230.4728,     3324.9774,     3420.5457,     3256.5148,     3350.9256,     3446.4081,
32007                         , 5, 43,   15.1180,   3378.9025,  0.195240,  0.199870,  0.204501,   29.6293,   42.3392,   55.0490,   10.262146,     3179.0578,     3273.7634,     3369.5155,     3228.5350,     3323.0466,     3418.6212,     3255.0294,     3349.4452,     3444.9323,
32007                         , 5, 44,   15.2875,   3378.5104,  0.195240,  0.199870,  0.204501,   29.6293,   42.3392,   55.0490,   10.262146,     3177.1984,     3271.9114,     3367.6702,     3227.2422,     3321.7583,     3417.3371,     3254.0383,     3348.4574,     3443.9475,
32007                         , 5, 45,   15.7959,   3376.5926,  0.195240,  0.199870,  0.204501,   29.6293,   42.3392,   55.0490,   10.262146,     3171.6152,     3266.3505,     3362.1296,     3223.3597,     3317.8897,     3413.4811,     3251.0613,     3345.4903,     3440.9894,
32007                         , 5, 46,   16.0500,   3375.7322,  0.195240,  0.199870,  0.204501,   29.6293,   42.3392,   55.0490,   10.262146,     3168.8214,     3263.5678,     3359.3571,     3221.4167,     3315.9535,     3411.5512,     3249.5710,     3344.0049,     3439.5085,
32007                         , 5, 47,   16.3042,   3374.9091,  0.195240,  0.199870,  0.204501,   29.6293,   42.3392,   55.0490,   10.262146,     3166.0263,     3260.7839,     3356.5834,     3219.4726,     3314.0164,     3409.6202,     3248.0798,     3342.5186,     3438.0265,
32007                         , 5, 48,   16.8124,   3373.0987,  0.195240,  0.199870,  0.204501,   29.6293,   42.3392,   55.0490,   10.262146,     3160.4334,     3255.2137,     3351.0338,     3215.5824,     3310.1400,     3405.7564,     3245.0952,     3339.5438,     3435.0606,
32007                         , 5, 49,   17.0665,   3372.0657,  0.195240,  0.199870,  0.204501,   29.6293,   42.3392,   55.0490,   10.262146,     3157.6361,     3252.4278,     3348.2583,     3213.6366,     3308.2012,     3403.8239,     3243.6023,     3338.0558,     3433.5770,
32007                         , 5, 50,   17.2359,   3371.4464,  0.195240,  0.199870,  0.204501,   29.6293,   42.3392,   55.0490,   10.262146,     3155.7711,     3250.5705,     3346.4080,     3212.3394,     3306.9087,     3402.5356,     3242.6070,     3337.0637,     3432.5879,
32007                         , 5, 51,   17.8286,   3369.1837,  0.195240,  0.199870,  0.204501,   29.6293,   42.3392,   55.0490,   10.262146,     3149.2440,     3244.0706,     3339.9329,     3207.7999,     3302.3856,     3398.0275,     3239.1238,     3333.5921,     3429.1267,
32007                         , 5, 52,   18.0827,   3368.2279,  0.195240,  0.199870,  0.204501,   29.6293,   42.3392,   55.0490,   10.262146,     3146.4474,     3241.2858,     3337.1589,     3205.8552,     3300.4481,     3396.0965,     3237.6317,     3332.1050,     3427.6441,
32007                         , 5, 53,   18.4213,   3366.4029,  0.195240,  0.199870,  0.204501,   29.6293,   42.3392,   55.0490,   10.262146,     3142.7197,     3237.5741,     3333.4617,     3203.2636,     3297.8661,     3393.5233,     3235.6434,     3330.1235,     3425.6687,
32007                         , 5, 54,   18.7599,   3364.9171,  0.195240,  0.199870,  0.204501,   29.6293,   42.3392,   55.0490,   10.262146,     3138.9937,     3233.8643,     3329.7668,     3200.6738,     3295.2861,     3390.9522,     3233.6569,     3328.1437,     3423.6951,
32007                         , 5, 55,   19.0138,   3363.8969,  0.195240,  0.199870,  0.204501,   29.6293,   42.3392,   55.0490,   10.262146,     3136.2005,     3231.0834,     3326.9971,     3198.7329,     3293.3526,     3389.0255,     3232.1683,     3326.6603,     3422.2163,
32007                         , 5, 56,   19.3524,   3361.9974,  0.195240,  0.199870,  0.204501,   29.6293,   42.3392,   55.0490,   10.262146,     3132.4781,     3227.3776,     3323.3066,     3196.1471,     3290.7769,     3386.4589,     3230.1855,     3324.6845,     3420.2469,
32007                         , 5, 57,   19.7755,   3360.4465,  0.195240,  0.199870,  0.204501,   29.6293,   42.3392,   55.0490,   10.262146,     3127.8282,     3222.7489,     3318.6973,     3192.9184,     3287.5610,     3383.2548,     3227.7106,     3322.2184,     3417.7889,
32007                         , 5, 58,   19.9447,   3359.8375,  0.195240,  0.199870,  0.204501,   29.6293,   42.3392,   55.0490,   10.262146,     3126.3844,     3221.2450,     3317.1386,     3191.6281,     3286.2759,     3381.9745,     3226.7218,     3321.2332,     3416.8070,
32007                         , 6,  1,    0.0000,   3358.5564,  0.190321,  0.194023,  0.197726,   23.2744,   42.3392,   61.4039,    2.030934,     3258.9157,     3333.3005,     3408.3719,     3258.9157,     3333.3005,     3408.3719,     3258.9157,     3333.3005,     3408.3719,
32007                         , 6,  2,    0.4230,   3356.6715,  0.190321,  0.194023,  0.197726,   23.2744,   42.3392,   61.4039,    2.030934,     3255.3661,     3329.7590,     3404.8379,     3256.9551,     3331.3441,     3406.4193,     3257.5573,     3331.9449,     3407.0187,
32007                         , 6,  3,    0.7613,   3355.2118,  0.190321,  0.194023,  0.197726,   23.2744,   42.3392,   61.4039,    2.030934,     3252.5253,     3326.9248,     3402.0097,     3255.3850,     3329.7774,     3404.8556,     3256.4688,     3330.8584,     3405.9342,
32007                         , 6,  4,    0.9304,   3354.3987,  0.190321,  0.194023,  0.197726,   23.2744,   42.3392,   61.4039,    2.030934,     3251.1048,     3325.5076,     3400.5955,     3254.5997,     3328.9937,     3404.0735,     3255.9241,     3330.3147,     3405.3914,
32007                         , 6,  5,    1.0996,   3353.6404,  0.190321,  0.194023,  0.197726,   23.2744,   42.3392,   61.4039,    2.030934,     3249.6843,     3324.0903,     3399.1813,     3253.8142,     3328.2098,     3403.2911,     3255.3791,     3329.7708,     3404.8484,
32007                         , 6,  6,    1.6069,   3351.3490,  0.190321,  0.194023,  0.197726,   23.2744,   42.3392,   61.4039,    2.030934,     3245.4235,     3319.8395,     3394.9397,     3251.4574,     3325.8580,     3400.9438,     3253.7433,     3328.1381,     3403.2185,
32007                         , 6,  7,    1.8605,   3350.1863,  0.190321,  0.194023,  0.197726,   23.2744,   42.3392,   61.4039,    2.030934,     3243.2941,     3317.7152,     3392.8200,     3250.2793,     3324.6824,     3399.7705,     3252.9255,     3327.3218,     3402.4036,
32007                         , 6,  8,    2.1987,   3348.3123,  0.190321,  0.194023,  0.197726,   23.2744,   42.3392,   61.4039,    2.030934,     3240.4563,     3314.8843,     3389.9954,     3248.7093,     3323.1158,     3398.2069,     3251.8353,     3326.2338,     3401.3174,
32007                         , 6,  9,    2.6213,   3346.2937,  0.190321,  0.194023,  0.197726,   23.2744,   42.3392,   61.4039,    2.030934,     3236.9122,     3311.3489,     3386.4682,     3246.7488,     3321.1595,     3396.2546,     3250.4741,     3324.8751,     3399.9612,
32007                         , 6, 10,    2.8748,   3345.1234,  0.190321,  0.194023,  0.197726,   23.2744,   42.3392,   61.4039,    2.030934,     3234.7877,     3309.2298,     3384.3540,     3245.5738,     3319.9872,     3395.0847,     3249.6584,     3324.0610,     3399.1486,
32007                         , 6, 11,    3.0438,   3344.9344,  0.190321,  0.194023,  0.197726,   23.2744,   42.3392,   61.4039,    2.030934,     3233.3722,     3307.8180,     3382.9456,     3244.7912,     3319.2063,     3394.3054,     3249.1151,     3323.5189,     3398.6074,
32007                         , 6, 12,    3.5507,   3343.0712,  0.190321,  0.194023,  0.197726,   23.2744,   42.3392,   61.4039,    2.030934,     3229.1307,     3303.5876,     3378.7255,     3242.4470,     3316.8676,     3391.9718,     3247.4885,     3321.8956,     3396.9872,
32007                         , 6, 13,    3.8887,   3341.5774,  0.190321,  0.194023,  0.197726,   23.2744,   42.3392,   61.4039,    2.030934,     3226.3074,     3300.7718,     3375.9168,     3240.8877,     3315.3121,     3390.4197,     3246.4070,     3320.8166,     3395.9103,
32007                         , 6, 14,    3.9731,   3341.2143,  0.190321,  0.194023,  0.197726,   23.2744,   42.3392,   61.4039,    2.030934,     3225.6021,     3300.0685,     3375.2153,     3240.4983,     3314.9237,     3390.0322,     3246.1371,     3320.5472,     3395.6416,
32007                         , 6, 15,    4.5644,   3337.7639,  0.190321,  0.194023,  0.197726,   23.2744,   42.3392,   61.4039,    2.030934,     3220.6715,     3295.1517,     3370.3114,     3237.7783,     3312.2105,     3387.3254,     3244.2524,     3318.6669,     3393.7653,
32007                         , 6, 16,    4.7332,   3337.2393,  0.190321,  0.194023,  0.197726,   23.2744,   42.3392,   61.4039,    2.030934,     3219.2651,     3293.7493,     3368.9128,     3237.0031,     3311.4373,     3386.5541,     3243.7157,     3318.1315,     3393.2311,
32007                         , 6, 17,    4.9866,   3335.6923,  0.190321,  0.194023,  0.197726,   23.2744,   42.3392,   61.4039,    2.030934,     3217.1567,     3291.6472,     3366.8164,     3235.8416,     3310.2789,     3385.3986,     3242.9119,     3317.3297,     3392.4311,
32007                         , 6, 18,    5.6619,   3332.4338,  0.190321,  0.194023,  0.197726,   23.2744,   42.3392,   61.4039,    2.030934,     3211.5439,     3286.0512,     3361.2362,     3232.7531,     3307.1990,     3382.3266,     3240.7766,     3315.2000,     3390.3066,
32007                         , 6, 19,    5.8307,   3331.4823,  0.190321,  0.194023,  0.197726,   23.2744,   42.3392,   61.4039,    2.030934,     3210.1427,     3284.6543,     3359.8433,     3231.9829,     3306.4310,     3381.5607,     3240.2446,     3314.6695,     3389.7774,
32007                         , 6, 20,    6.0839,   3330.5593,  0.190321,  0.194023,  0.197726,   23.2744,   42.3392,   61.4039,    2.030934,     3208.0422,     3282.5603,     3357.7554,     3230.8290,     3305.2804,     3380.4132,     3239.4479,     3313.8750,     3388.9850,
32007                         , 6, 21,    6.4214,   3328.9387,  0.190321,  0.194023,  0.197726,   23.2744,   42.3392,   61.4039,    2.030934,     3205.2435,     3279.7705,     3354.9739,     3229.2926,     3303.7486,     3378.8857,     3238.3879,     3312.8180,     3387.9309,
32007                         , 6, 22,    6.7589,   3327.3982,  0.190321,  0.194023,  0.197726,   23.2744,   42.3392,   61.4039,    2.030934,     3202.4471,     3276.9830,     3352.1949,     3227.7588,     3302.2195,     3377.3609,     3237.3304,     3311.7636,     3386.8794,
32007                         , 6, 23,    7.0963,   3325.6418,  0.190321,  0.194023,  0.197726,   23.2744,   42.3392,   61.4039,    2.030934,     3199.6525,     3274.1975,     3349.4180,     3226.2272,     3300.6926,     3375.8384,     3236.2751,     3310.7115,     3385.8303,
32007                         , 6, 24,    7.7710,   3322.4326,  0.190321,  0.194023,  0.197726,   23.2744,   42.3392,   61.4039,    2.030934,     3194.0672,     3268.6307,     3343.8685,     3223.1693,     3297.6444,     3372.7993,     3234.1702,     3308.6131,     3383.7381,
32007                         , 6, 25,    7.9396,   3321.6025,  0.190321,  0.194023,  0.197726,   23.2744,   42.3392,   61.4039,    2.030934,     3192.6714,     3267.2395,     3342.4817,     3222.4058,     3296.8833,     3372.0405,     3233.6450,     3308.0896,     3383.2161,
32007                         , 6, 26,    8.1082,   3320.7573,  0.190321,  0.194023,  0.197726,   23.2744,   42.3392,   61.4039,    2.030934,     3191.2757,     3265.8485,     3341.0951,     3221.6425,     3296.1224,     3371.2820,     3233.1200,     3307.5663,     3382.6944,
32007                         , 6, 27,    8.6140,   3317.2796,  0.190321,  0.194023,  0.197726,   23.2744,   42.3392,   61.4039,    2.030934,     3187.0887,     3261.6757,     3336.9357,     3219.3539,     3293.8413,     3369.0079,     3231.5467,     3305.9981,     3381.1309,
32007                         , 6, 28,    8.8668,   3315.9600,  0.190321,  0.194023,  0.197726,   23.2744,   42.3392,   61.4039,    2.030934,     3184.9952,     3259.5894,     3334.8561,     3218.2103,     3292.7014,     3367.8715,     3230.7608,     3305.2147,     3380.3500,
32007                         , 6, 29,    9.1196,   3314.4097,  0.190321,  0.194023,  0.197726,   23.2744,   42.3392,   61.4039,    2.030934,     3182.9013,     3257.5027,     3332.7761,     3217.0667,     3291.5615,     3366.7351,     3229.9750,     3304.4315,     3379.5693,
32007                         , 6, 30,    9.6252,   3312.3000,  0.190321,  0.194023,  0.197726,   23.2744,   42.3392,   61.4039,    2.030934,     3178.7119,     3253.3276,     3328.6147,     3214.7793,     3289.2817,     3364.4624,     3228.4038,     3302.8655,     3378.0081,
32007                         , 6, 31,    9.8779,   3310.9951,  0.190321,  0.194023,  0.197726,   23.2744,   42.3392,   61.4039,    2.030934,     3176.6162,     3251.2392,     3326.5331,     3213.6354,     3288.1416,     3363.3259,     3227.6182,     3302.0824,     3377.2274,
32007                         , 6, 32,   10.5516,   3307.6685,  0.190321,  0.194023,  0.197726,   23.2744,   42.3392,   61.4039,    2.030934,     3171.0237,     3245.6660,     3320.9781,     3210.5833,     3285.0994,     3360.2932,     3225.5218,     3299.9929,     3375.1444,
32007                         , 6, 33,   11.0568,   3304.8341,  0.190321,  0.194023,  0.197726,   23.2744,   42.3392,   61.4039,    2.030934,     3166.8244,     3241.4813,     3316.8070,     3208.2915,     3282.8152,     3358.0160,     3223.9475,     3298.4237,     3373.5800,
32007                         , 6, 34,   11.5618,   3302.3900,  0.190321,  0.194023,  0.197726,   23.2744,   42.3392,   61.4039,    2.030934,     3162.6207,     3237.2922,     3312.6315,     3205.9970,     3280.5281,     3355.7359,     3222.3707,     3296.8519,     3372.0129,
32007                         , 6, 35,   11.8142,   3301.0672,  0.190321,  0.194023,  0.197726,   23.2744,   42.3392,   61.4039,    2.030934,     3160.5171,     3235.1958,     3310.5420,     3204.8485,     3279.3833,     3354.5946,     3221.5812,     3296.0649,     3371.2283,
32007                         , 6, 36,   11.9825,   3300.2138,  0.190321,  0.194023,  0.197726,   23.2744,   42.3392,   61.4039,    2.030934,     3159.1140,     3233.7976,     3309.1484,     3204.0824,     3278.6196,     3353.8332,     3221.0545,     3295.5398,     3370.7047,
32007                         , 6, 37,   12.5714,   3296.9543,  0.190321,  0.194023,  0.197726,   23.2744,   42.3392,   61.4039,    2.030934,     3154.1989,     3228.8995,     3304.2662,     3201.3978,     3275.9435,     3351.1651,     3219.2077,     3293.6987,     3368.8690,
32007                         , 6, 38,   12.8237,   3295.9681,  0.190321,  0.194023,  0.197726,   23.2744,   42.3392,   61.4039,    2.030934,     3152.0906,     3226.7985,     3302.1720,     3200.2457,     3274.7951,     3350.0200,     3218.4149,     3292.9082,     3368.0807,
32007                         , 6, 39,   12.9919,   3294.9240,  0.190321,  0.194023,  0.197726,   23.2744,   42.3392,   61.4039,    2.030934,     3150.6844,     3225.3971,     3300.7752,     3199.4772,     3274.0289,     3349.2561,     3217.8857,     3292.3807,     3367.5546,
32007                         , 6, 40,   13.4964,   3291.4295,  0.190321,  0.194023,  0.197726,   23.2744,   42.3392,   61.4039,    2.030934,     3146.4630,     3221.1903,     3296.5821,     3197.1691,     3271.7280,     3346.9618,     3216.2959,     3290.7955,     3365.9738,
32007                         , 6, 41,   13.7485,   3290.0696,  0.190321,  0.194023,  0.197726,   23.2744,   42.3392,   61.4039,    2.030934,     3144.3510,     3219.0857,     3294.4843,     3196.0138,     3270.5763,     3345.8134,     3215.4996,     3290.0016,     3365.1820,
32007                         , 6, 42,   14.0007,   3288.9541,  0.190321,  0.194023,  0.197726,   23.2744,   42.3392,   61.4039,    2.030934,     3142.2381,     3216.9800,     3292.3855,     3194.8577,     3269.4236,     3344.6641,     3214.7025,     3289.2066,     3364.3892,
32007                         , 6, 43,   14.4208,   3286.5230,  0.190321,  0.194023,  0.197726,   23.2744,   42.3392,   61.4039,    2.030934,     3138.7148,     3213.4689,     3288.8858,     3192.9290,     3267.5008,     3342.7466,     3213.3719,     3287.8798,     3363.0658,
32007                         , 6, 44,   14.7569,   3284.6712,  0.190321,  0.194023,  0.197726,   23.2744,   42.3392,   61.4039,    2.030934,     3135.8949,     3210.6589,     3286.0850,     3191.3847,     3265.9611,     3341.2113,     3212.3059,     3286.8168,     3362.0055,
32007                         , 6, 45,   14.9249,   3283.8959,  0.190321,  0.194023,  0.197726,   23.2744,   42.3392,   61.4039,    2.030934,     3134.4845,     3209.2534,     3284.6841,     3190.6121,     3265.1908,     3340.4431,     3211.7724,     3286.2847,     3361.4747,
32007                         , 6, 46,   15.5128,   3281.7090,  0.190321,  0.194023,  0.197726,   23.2744,   42.3392,   61.4039,    2.030934,     3129.5475,     3204.3337,     3279.7807,     3187.9066,     3262.4933,     3337.7532,     3209.9032,     3284.4205,     3359.6152,
32007                         , 6, 47,   15.7648,   3280.5955,  0.190321,  0.194023,  0.197726,   23.2744,   42.3392,   61.4039,    2.030934,     3127.4313,     3202.2249,     3277.6789,     3186.7465,     3261.3367,     3336.5997,     3209.1013,     3283.6207,     3358.8174,
32007                         , 6, 48,   15.9327,   3279.7195,  0.190321,  0.194023,  0.197726,   23.2744,   42.3392,   61.4039,    2.030934,     3126.0207,     3200.8193,     3276.2780,     3185.9731,     3260.5656,     3335.8308,     3208.5666,     3283.0874,     3358.2854,
32007                         , 6, 49,   16.5203,   3276.4537,  0.190321,  0.194023,  0.197726,   23.2744,   42.3392,   61.4039,    2.030934,     3121.0848,     3195.9012,     3271.3765,     3183.2665,     3257.8671,     3333.1399,     3206.6947,     3281.2205,     3356.4231,
32007                         , 6, 50,   16.7721,   3274.8326,  0.190321,  0.194023,  0.197726,   23.2744,   42.3392,   61.4039,    2.030934,     3118.9707,     3193.7947,     3269.2772,     3182.1072,     3256.7113,     3331.9873,     3205.8928,     3280.4207,     3355.6253,
32007                         , 6, 51,   17.0238,   3274.0590,  0.190321,  0.194023,  0.197726,   23.2744,   42.3392,   61.4039,    2.030934,     3116.8572,     3191.6890,     3267.1787,     3180.9483,     3255.5560,     3330.8353,     3205.0911,     3279.6212,     3354.8278,
32007                         , 6, 52,   17.4433,   3272.0172,  0.190321,  0.194023,  0.197726,   23.2744,   42.3392,   61.4039,    2.030934,     3113.3371,     3188.1819,     3263.6839,     3179.0186,     3253.6321,     3328.9169,     3203.7563,     3278.2900,     3353.4999,
32007                         , 6, 53,   17.6950,   3270.8128,  0.190321,  0.194023,  0.197726,   23.2744,   42.3392,   61.4039,    2.030934,     3111.2268,     3186.0796,     3261.5890,     3177.8621,     3252.4792,     3327.7674,     3202.9565,     3277.4923,     3352.7043,
32007                         , 6, 54,   18.3659,   3267.7074,  0.190321,  0.194023,  0.197726,   23.2744,   42.3392,   61.4039,    2.030934,     3105.6069,     3180.4813,     3256.0110,     3174.7843,     3249.4113,     3324.7087,     3200.8289,     3275.3709,     3350.5885,
32007                         , 6, 55,   18.7013,   3266.0210,  0.190321,  0.194023,  0.197726,   23.2744,   42.3392,   61.4039,    2.030934,     3102.8016,     3177.6870,     3253.2271,     3173.2495,     3247.8816,     3323.1837,     3199.7688,     3274.3139,     3349.5344,
32007                         , 6, 56,   18.7851,   3265.8529,  0.190321,  0.194023,  0.197726,   23.2744,   42.3392,   61.4039,    2.030934,     3102.1007,     3176.9890,     3252.5317,     3172.8663,     3247.4996,     3322.8030,     3199.5042,     3274.0501,     3349.2714,
32007                         , 6, 57,   19.2881,   3263.2529,  0.190321,  0.194023,  0.197726,   23.2744,   42.3392,   61.4039,    2.030934,     3097.9002,     3172.8054,     3248.3641,     3170.5712,     3245.2124,     3320.5231,     3197.9207,     3272.4715,     3347.6974,
32007                         , 6, 58,   19.5395,   3261.8284,  0.190321,  0.194023,  0.197726,   23.2744,   42.3392,   61.4039,    2.030934,     3095.8031,     3170.7169,     3246.2837,     3169.4266,     3244.0718,     3319.3864,     3197.1318,     3271.6851,     3346.9134,
32007                         , 6, 59,   19.6233,   3261.4375,  0.190321,  0.194023,  0.197726,   23.2744,   42.3392,   61.4039,    2.030934,     3095.5436,     3170.0275,     3245.8576,     3169.0456,     3243.6922,     3319.0080,     3196.8693,     3271.4235,     3346.6525,
32007                         , 7,  1,    0.0000,   2685.4387,  0.155329,  0.161020,  0.166711,   28.7244,   38.2568,   47.7892,    7.926652,     2571.3326,     2676.4202,     2782.9431,     2571.3326,     2676.4202,     2782.9431,     2571.3326,     2676.4202,     2782.9431,
32007                         , 7,  2,    0.0793,   2685.0275,  0.155329,  0.161020,  0.166711,   28.7244,   38.2568,   47.7892,    7.926652,     2570.4847,     2675.5780,     2782.1060,     2570.6951,     2675.7868,     2782.3136,     2570.8215,     2675.9124,     2782.4383,
32007                         , 7,  3,    1.1105,   2680.1376,  0.155329,  0.161020,  0.166711,   28.7244,   38.2568,   47.7892,    7.926652,     2559.4615,     2664.6306,     2771.2273,     2562.4080,     2667.5559,     2774.1333,     2564.1783,     2669.3135,     2775.8793,
32007                         , 7,  4,    1.2692,   2679.4276,  0.155329,  0.161020,  0.166711,   28.7244,   38.2568,   47.7892,    7.926652,     2557.7661,     2662.9472,     2769.5547,     2561.1339,     2666.2906,     2772.8759,     2563.1571,     2668.2992,     2774.8713,
32007                         , 7,  5,    1.8242,   2677.2267,  0.155329,  0.161020,  0.166711,   28.7244,   38.2568,   47.7892,    7.926652,     2551.8356,     2657.0592,     2763.7051,     2556.6780,     2661.8660,     2768.4796,     2559.5863,     2664.7531,     2771.3474,
32007                         , 7,  6,    2.0620,   2675.7484,  0.155329,  0.161020,  0.166711,   28.7244,   38.2568,   47.7892,    7.926652,     2549.2955,     2654.5377,     2761.2004,     2554.7702,     2659.9718,     2766.5977,     2558.0579,     2663.2353,     2769.8393,
32007                         , 7,  7,    2.1412,   2675.3761,  0.155329,  0.161020,  0.166711,   28.7244,   38.2568,   47.7892,    7.926652,     2548.4490,     2653.6974,     2760.3658,     2554.1345,     2659.3407,     2765.9707,     2557.5486,     2662.7297,     2769.3369,
32007                         , 7,  8,    2.6960,   2672.6763,  0.155329,  0.161020,  0.166711,   28.7244,   38.2568,   47.7892,    7.926652,     2542.5266,     2647.8193,     2754.5278,     2549.6883,     2654.9269,     2761.5864,     2553.9878,     2659.1944,     2765.8247,
32007                         , 7,  9,    3.0129,   2670.9470,  0.155329,  0.161020,  0.166711,   28.7244,   38.2568,   47.7892,    7.926652,     2539.1448,     2644.4633,     2751.1952,     2547.1507,     2652.4082,     2759.0848,     2551.9563,     2657.1777,     2763.8214,
32007                         , 7, 10,    3.0921,   2670.5597,  0.155329,  0.161020,  0.166711,   28.7244,   38.2568,   47.7892,    7.926652,     2538.2998,     2643.6247,     2750.3625,     2546.5167,     2651.7790,     2758.4599,     2551.4488,     2656.6739,     2763.3210,
32007                         , 7, 11,    3.8049,   2667.0744,  0.155329,  0.161020,  0.166711,   28.7244,   38.2568,   47.7892,    7.926652,     2530.6970,     2636.0814,     2742.8734,     2540.8157,     2646.1216,     2752.8420,     2546.8873,     2652.1466,     2758.8246,
32007                         , 7, 12,    4.0424,   2665.4863,  0.155329,  0.161020,  0.166711,   28.7244,   38.2568,   47.7892,    7.926652,     2528.1639,     2633.5686,     2740.3790,     2538.9174,     2644.2381,     2750.9719,     2545.3692,     2650.6400,     2757.3286,
32007                         , 7, 13,    4.1216,   2664.8909,  0.155329,  0.161020,  0.166711,   28.7244,   38.2568,   47.7892,    7.926652,     2527.3197,     2632.7312,     2739.5477,     2538.2849,     2643.6105,     2750.3488,     2544.8634,     2650.1381,     2756.8302,
32007                         , 7, 14,    4.8340,   2661.6429,  0.155329,  0.161020,  0.166711,   28.7244,   38.2568,   47.7892,    7.926652,     2519.7222,     2625.1957,     2732.0686,     2532.5950,     2637.9659,     2744.7455,     2540.3153,     2645.6257,     2752.3501,
32007                         , 7, 15,    4.9923,   2660.7839,  0.155329,  0.161020,  0.166711,   28.7244,   38.2568,   47.7892,    7.926652,     2518.0336,     2623.5210,     2730.4067,     2531.3310,     2636.7122,     2743.5010,     2539.3054,     2644.6238,     2751.3555,
32007                         , 7, 16,    5.1505,   2660.0370,  0.155329,  0.161020,  0.166711,   28.7244,   38.2568,   47.7892,    7.926652,     2516.3450,     2621.8464,     2728.7449,     2530.0672,     2635.4587,     2742.2568,     2538.2958,     2643.6222,     2750.3613,
32007                         , 7, 17,    5.6252,   2657.2142,  0.155329,  0.161020,  0.166711,   28.7244,   38.2568,   47.7892,    7.926652,     2511.2775,     2616.8215,     2723.7587,     2526.2760,     2631.6984,     2738.5249,     2535.2678,     2640.6187,     2747.3801,
32007                         , 7, 18,    5.9416,   2655.9560,  0.155329,  0.161020,  0.166711,   28.7244,   38.2568,   47.7892,    7.926652,     2507.8973,     2613.4699,     2720.4332,     2523.7481,     2629.1914,     2736.0370,     2533.2494,     2638.6168,     2745.3931,
32007                         , 7, 19,    6.0998,   2655.2793,  0.155329,  0.161020,  0.166711,   28.7244,   38.2568,   47.7892,    7.926652,     2506.2064,     2611.7934,     2718.7698,     2522.4838,     2627.9376,     2734.7927,     2532.2401,     2637.6157,     2744.3996,
32007                         , 7, 20,    6.7324,   2652.5890,  0.155329,  0.161020,  0.166711,   28.7244,   38.2568,   47.7892,    7.926652,     2499.4371,     2605.0822,     2712.1115,     2517.4242,     2622.9203,     2729.8139,     2528.2019,     2633.6107,     2740.4250,
32007                         , 7, 21,    7.0486,   2649.8616,  0.155329,  0.161020,  0.166711,   28.7244,   38.2568,   47.7892,    7.926652,     2496.0487,     2601.7230,     2708.7790,     2514.8925,     2620.4097,     2727.3227,     2526.1817,     2631.6072,     2738.4367,
32007                         , 7, 22,    7.7598,   2646.0572,  0.155329,  0.161020,  0.166711,   28.7244,   38.2568,   47.7892,    7.926652,     2488.4131,     2594.1539,     2701.2703,     2509.1892,     2614.7545,     2721.7112,     2521.6317,     2627.0949,     2733.9588,
32007                         , 7, 23,    7.9178,   2645.3549,  0.155329,  0.161020,  0.166711,   28.7244,   38.2568,   47.7892,    7.926652,     2486.7140,     2592.4696,     2699.5995,     2507.9203,     2613.4963,     2720.4629,     2520.6195,     2626.0912,     2732.9627,
32007                         , 7, 24,    8.7077,   2641.7730,  0.155329,  0.161020,  0.166711,   28.7244,   38.2568,   47.7892,    7.926652,     2478.2040,     2584.0344,     2691.2322,     2501.5667,     2607.1965,     2714.2119,     2515.5517,     2621.0654,     2727.9752,
32007                         , 7, 25,    9.0236,   2639.4474,  0.155329,  0.161020,  0.166711,   28.7244,   38.2568,   47.7892,    7.926652,     2474.7934,     2580.6539,     2687.8791,     2499.0209,     2604.6722,     2711.7072,     2513.5213,     2619.0517,     2725.9768,
32007                         , 7, 26,    9.7340,   2636.2689,  0.155329,  0.161020,  0.166711,   28.7244,   38.2568,   47.7892,    7.926652,     2467.1059,     2573.0346,     2680.3215,     2493.2834,     2598.9833,     2706.0624,     2508.9454,     2614.5136,     2721.4729,
32007                         , 7, 27,   10.0498,   2634.6526,  0.155329,  0.161020,  0.166711,   28.7244,   38.2568,   47.7892,    7.926652,     2463.6830,     2569.6422,     2676.9567,     2490.7291,     2596.4507,     2703.5494,     2506.9082,     2612.4932,     2719.4678,
32007                         , 7, 28,   10.5232,   2632.3442,  0.155329,  0.161020,  0.166711,   28.7244,   38.2568,   47.7892,    7.926652,     2458.5423,     2564.5475,     2671.9037,     2486.8933,     2592.6475,     2699.7757,     2503.8490,     2609.4591,     2716.4565,
32007                         , 7, 29,   10.9966,   2630.4547,  0.155329,  0.161020,  0.166711,   28.7244,   38.2568,   47.7892,    7.926652,     2453.3942,     2559.4457,     2666.8438,     2483.0525,     2588.8393,     2695.9971,     2500.7858,     2606.4210,     2713.4412,
32007                         , 7, 30,   11.6275,   2627.4295,  0.155329,  0.161020,  0.166711,   28.7244,   38.2568,   47.7892,    7.926652,     2446.5197,     2552.6336,     2660.0881,     2477.9245,     2583.7550,     2690.9524,     2496.6959,     2602.3647,     2709.4152,
32007                         , 7, 31,   12.0218,   2625.3071,  0.155329,  0.161020,  0.166711,   28.7244,   38.2568,   47.7892,    7.926652,     2442.2178,     2548.3711,     2655.8612,     2474.7160,     2580.5740,     2687.7962,     2494.1369,     2599.8268,     2706.8964,
32007                         , 7, 32,   12.4948,   2622.9968,  0.155329,  0.161020,  0.166711,   28.7244,   38.2568,   47.7892,    7.926652,     2437.0508,     2543.2518,     2650.7849,     2470.8629,     2576.7540,     2684.0062,     2491.0639,     2596.7791,     2703.8715,
32007                         , 7, 33,   12.8101,   2620.9848,  0.155329,  0.161020,  0.166711,   28.7244,   38.2568,   47.7892,    7.926652,     2433.6037,     2539.8367,     2647.3987,     2468.2926,     2574.2060,     2681.4783,     2489.0141,     2594.7462,     2701.8540,
32007                         , 7, 34,   12.9677,   2619.9084,  0.155329,  0.161020,  0.166711,   28.7244,   38.2568,   47.7892,    7.926652,     2431.8796,     2538.1287,     2645.7053,     2467.0072,     2572.9318,     2680.2141,     2487.9890,     2593.7296,     2700.8451,
32007                         , 7, 35,   13.5981,   2616.3890,  0.155329,  0.161020,  0.166711,   28.7244,   38.2568,   47.7892,    7.926652,     2424.9790,     2531.2932,     2638.9285,     2461.8634,     2567.8330,     2675.1560,     2483.8872,     2589.6620,     2696.8082,
32007                         , 7, 36,   13.9919,   2613.8951,  0.155329,  0.161020,  0.166711,   28.7244,   38.2568,   47.7892,    7.926652,     2420.6643,     2527.0197,     2634.6922,     2458.6480,     2564.6460,     2671.9946,     2481.3234,     2587.1197,     2694.2853,
32007                         , 7, 37,   14.4644,   2610.9913,  0.155329,  0.161020,  0.166711,   28.7244,   38.2568,   47.7892,    7.926652,     2415.4847,     2521.8902,     2629.6079,     2454.7892,     2560.8215,     2668.2012,     2478.2470,     2584.0692,     2691.2583,
32007                         , 7, 38,   14.7794,   2609.5181,  0.155329,  0.161020,  0.166711,   28.7244,   38.2568,   47.7892,    7.926652,     2412.0309,     2518.4701,     2626.2183,     2452.2167,     2558.2721,     2665.6727,     2476.1963,     2582.0360,     2689.2410,
32007                         , 7, 39,   15.0155,   2608.4967,  0.155329,  0.161020,  0.166711,   28.7244,   38.2568,   47.7892,    7.926652,     2409.4400,     2515.9047,     2623.6759,     2450.2873,     2556.3602,     2663.7766,     2474.6585,     2580.5114,     2687.7282,
32007                         , 7, 40,   15.5666,   2605.3051,  0.155329,  0.161020,  0.166711,   28.7244,   38.2568,   47.7892,    7.926652,     2403.3939,     2509.9189,     2617.7445,     2445.7863,     2551.9004,     2659.3541,     2471.0717,     2576.9556,     2684.2005,
32007                         , 7, 41,   16.0388,   2603.5976,  0.155329,  0.161020,  0.166711,   28.7244,   38.2568,   47.7892,    7.926652,     2398.2108,     2504.7882,     2612.6612,     2441.9295,     2548.0794,     2655.5654,     2467.9990,     2573.9099,     2681.1792,
32007                         , 7, 42,   16.4322,   2601.5951,  0.155329,  0.161020,  0.166711,   28.7244,   38.2568,   47.7892,    7.926652,     2393.8913,     2500.5130,     2608.4261,     2438.7166,     2544.8967,     2652.4100,     2465.4401,     2571.3737,     2678.6636,
32007                         , 7, 43,   16.7469,   2600.2176,  0.155329,  0.161020,  0.166711,   28.7244,   38.2568,   47.7892,    7.926652,     2390.4355,     2497.0931,     2605.0386,     2436.1471,     2542.3516,     2649.8870,     2463.3941,     2569.3460,     2676.6525,
32007                         , 7, 44,   16.9829,   2599.1552,  0.155329,  0.161020,  0.166711,   28.7244,   38.2568,   47.7892,    7.926652,     2387.8435,     2494.5282,     2602.4982,     2434.2203,     2540.4433,     2647.9954,     2461.8602,     2567.8260,     2675.1451,
32007                         , 7, 45,   17.6122,   2596.2795,  0.155329,  0.161020,  0.166711,   28.7244,   38.2568,   47.7892,    7.926652,     2380.9311,     2487.6891,     2595.7253,     2429.0847,     2535.3574,     2642.9547,     2457.7731,     2563.7764,     2671.1295,
32007                         , 7, 46,   18.0053,   2594.5339,  0.155329,  0.161020,  0.166711,   28.7244,   38.2568,   47.7892,    7.926652,     2376.6105,     2483.4150,     2591.4934,     2425.8766,     2532.1809,     2639.8068,     2455.2211,     2561.2481,     2668.6228,
32007                         , 7, 47,   18.5557,   2591.8782,  0.155329,  0.161020,  0.166711,   28.7244,   38.2568,   47.7892,    7.926652,     2370.5599,     2477.4305,     2585.5686,     2421.3864,     2527.7356,     2635.4021,     2451.6508,     2557.7115,     2665.1168,
32007                         , 7, 48,   18.7915,   2590.9082,  0.155329,  0.161020,  0.166711,   28.7244,   38.2568,   47.7892,    7.926652,     2367.9658,     2474.8650,     2583.0290,     2419.4623,     2525.8308,     2633.5150,     2450.1213,     2556.1966,     2663.6152,
32007                         , 7, 49,   18.9488,   2590.4014,  0.155329,  0.161020,  0.166711,   28.7244,   38.2568,   47.7892,    7.926652,     2366.2359,     2473.1542,     2581.3356,     2418.1794,     2524.5610,     2632.2569,     2449.1018,     2555.1869,     2662.6143,
32007                         , 7, 50,   19.5776,   2587.8397,  0.155329,  0.161020,  0.166711,   28.7244,   38.2568,   47.7892,    7.926652,     2359.3137,     2466.3096,     2574.5611,     2413.0487,     2519.4827,     2627.2263,     2445.0257,     2551.1503,     2658.6136,
32007                         , 7, 51,   19.9705,   2586.1681,  0.155329,  0.161020,  0.166711,   28.7244,   38.2568,   47.7892,    7.926652,     2355.8265,     2463.1806,     2570.9501,     2410.0370,     2516.7466,     2624.1387,     2442.4788,     2548.7782,     2656.1144,
32007                         , 8,  1,    0.0000,    793.7038,  0.005461,  0.046768,  0.088075,   23.9582,   38.2568,   52.5554,   80.609651,      219.8038,      788.5240,     1408.7663,      219.8038,      788.5240,     1408.7663,      219.8038,      788.5240,     1408.7663,
32007                         , 8,  2,    0.0652,    792.6876,  0.005461,  0.046768,  0.088075,   23.9582,   38.2568,   52.5554,   80.609651,      211.4491,      785.1741,     1406.1006,      214.5894,      786.4260,     1407.0969,      216.0138,      786.9967,     1407.5512,
32007                         , 8,  3,    0.2609,    789.6508,  0.005461,  0.046768,  0.088075,   23.9582,   38.2568,   52.5554,   80.609651,      178.3278,      775.0447,     1398.0838,      196.3294,      780.1020,     1402.0814,      203.3418,      782.3995,     1403.9020,
32007                         , 8,  4,    0.3912,    787.7163,  0.005461,  0.046768,  0.088075,   23.9582,   38.2568,   52.5554,   80.609651,      134.8124,      768.2188,     1392.7219,      180.4690,      775.8587,     1398.7313,      193.4020,      779.3210,     1401.4660,
32007                         , 8,  5,    0.7171,    783.2937,  0.005461,  0.046768,  0.088075,   23.9582,   38.2568,   52.5554,   80.609651,      102.5939,      750.8855,     1379.2496,       83.2759,      765.1497,     1390.3321,      154.8408,      771.5726,     1395.3640,
32007                         , 8,  6,    1.0428,    776.9622,  0.005461,  0.046768,  0.088075,   23.9582,   38.2568,   52.5554,   80.609651,      102.5939,      733.1476,     1365.6790,       83.2759,      754.2921,     1381.8963,       98.9340,      763.7484,     1389.2439,
32007                         , 8,  7,    1.3031,    772.7092,  0.005461,  0.046768,  0.088075,   23.9582,   38.2568,   52.5554,   80.609651,      102.5939,      718.6499,     1354.7521,       83.2759,      745.4972,     1375.1224,       98.9340,      757.4345,     1384.3352,
32007                         , 8,  8,    1.3682,    771.7010,  0.005461,  0.046768,  0.088075,   23.9582,   38.2568,   52.5554,   80.609651,      102.5939,      714.9797,     1352.0099,       83.2759,      743.2824,     1373.4250,       98.9340,      755.8479,     1383.1061,
32007                         , 8,  9,    2.0186,    761.8029,  0.005461,  0.046768,  0.088075,   23.9582,   38.2568,   52.5554,   80.609651,      102.5939,      677.2021,     1324.3612,       83.2759,      720.7702,     1356.3701,       98.9340,      739.8028,     1370.7740,
32007                         , 8, 10,    2.0836,    760.8892,  0.005461,  0.046768,  0.088075,   23.9582,   38.2568,   52.5554,   80.609651,      102.5939,      673.3074,     1321.5716,       83.2759,      718.4800,     1354.6554,       98.9340,      738.1790,     1369.5360,
32007                         , 8, 11,    2.2786,    757.8449,  0.005461,  0.046768,  0.088075,   23.9582,   38.2568,   52.5554,   80.609651,      102.5939,      661.4935,     1313.1804,       83.2759,      711.5698,     1349.5046,       98.9340,      733.2894,     1365.8193,
32007                         , 8, 12,    2.3436,    758.2141,  0.005461,  0.046768,  0.088075,   23.9582,   38.2568,   52.5554,   80.609651,      102.5939,      657.5090,     1310.3747,       83.2759,      709.2518,     1347.7847,       98.9340,      731.6525,     1364.5790,
32007                         , 8, 13,    2.9929,    748.0458,  0.005461,  0.046768,  0.088075,   23.9582,   38.2568,   52.5554,   80.609651,      102.5939,      616.2691,     1282.0734,       83.2759,      685.6534,     1330.5023,       98.9340,      715.0871,     1352.1353,
32007                         , 8, 14,    3.2525,    744.2167,  0.005461,  0.046768,  0.088075,   23.9582,   38.2568,   52.5554,   80.609651,      102.5939,      598.9714,     1270.6244,       83.2759,      675.9890,     1323.5456,       98.9340,      708.3565,     1347.1368,
32007                         , 8, 15,    3.9657,    734.6270,  0.005461,  0.046768,  0.088075,   23.9582,   38.2568,   52.5554,   80.609651,      102.5939,      548.4913,     1238.7451,       83.2759,      648.6915,     1304.2867,       98.9340,      689.5247,     1333.3310,
32007                         , 8, 16,    4.2250,    731.3657,  0.005461,  0.046768,  0.088075,   23.9582,   38.2568,   52.5554,   80.609651,      102.5939,      528.8386,     1226.9997,       83.2759,      638.4791,     1297.2330,       98.9340,      682.5507,     1328.2865,
32007                         , 8, 17,    4.5488,    727.0757,  0.005461,  0.046768,  0.088075,   23.9582,   38.2568,   52.5554,   80.609651,      102.5939,      503.0576,     1212.2044,       83.2759,      625.4875,     1288.3810,       98.9340,      673.7379,     1321.9654,
32007                         , 8, 18,    4.9372,    721.9299,  0.005461,  0.046768,  0.088075,   23.9582,   38.2568,   52.5554,   80.609651,      102.5939,      469.9723,     1194.2706,       83.2759,      609.5341,     1277.7028,       98.9340,      663.0129,     1314.3545,
32007                         , 8, 19,    5.0020,    721.1137,  0.005461,  0.046768,  0.088075,   23.9582,   38.2568,   52.5554,   80.609651,      102.5939,      464.1896,     1191.2624,       83.2759,      606.8335,     1275.9173,       98.9340,      661.2091,     1313.0834,
32007                         , 8, 20,    5.2608,    717.4106,  0.005461,  0.046768,  0.088075,   23.9582,   38.2568,   52.5554,   80.609651,      102.5939,      440.1605,     1179.1734,       83.2759,      595.9053,     1268.7579,       98.9340,      653.9460,     1307.9909,
32007                         , 8, 21,    5.9073,    709.1733,  0.005461,  0.046768,  0.088075,   23.9582,   38.2568,   52.5554,   80.609651,      102.5939,      371.6419,     1148.5391,       83.2759,      567.6348,     1250.7351,       98.9340,      635.4371,     1295.2042,
32007                         , 8, 22,    6.0366,    707.3122,  0.005461,  0.046768,  0.088075,   23.9582,   38.2568,   52.5554,   80.609651,      102.5939,      355.8688,     1142.3381,       83.2759,      561.8038,     1247.1087,       98.9340,      631.6719,     1292.6370,
32007                         , 8, 23,    6.1658,    705.4219,  0.005461,  0.046768,  0.088075,   23.9582,   38.2568,   52.5554,   80.609651,      102.5939,      339.0826,     1136.1118,       83.2759,      555.9096,     1243.4749,       98.9340,      627.8848,     1290.0664,
32007                         , 8, 24,    6.9406,    695.5152,  0.005461,  0.046768,  0.088075,   23.9582,   38.2568,   52.5554,   80.609651,      102.5939,      185.3382,     1098.2000,       83.2759,      518.9829,     1221.5124,       98.9340,      604.6695,     1274.5722,
32007                         , 8, 25,    7.1986,    690.7407,  0.005461,  0.046768,  0.088075,   23.9582,   38.2568,   52.5554,   80.609651,      102.5939,      110.1396,     1085.3413,       83.2759,      505.9972,     1214.1294,       98.9340,      596.7270,     1269.3801,
32007                         , 8, 26,    7.9078,    680.6187,  0.005461,  0.046768,  0.088075,   23.9582,   38.2568,   52.5554,   80.609651,      102.5939,      110.1396,     1049.3583,       83.2759,      468.1366,     1193.6554,       98.9340,      574.3027,     1255.0256,
32007                         , 8, 27,    8.0365,    678.3873,  0.005461,  0.046768,  0.088075,   23.9582,   38.2568,   52.5554,   80.609651,      102.5939,      110.1396,     1042.7160,       83.2759,      460.8635,     1189.9074,       98.9340,      570.1303,     1252.4051,
32007                         , 8, 28,    8.1653,    676.0002,  0.005461,  0.046768,  0.088075,   23.9582,   38.2568,   52.5554,   80.609651,      102.5939,      110.1396,     1036.0367,       83.2759,      453.4503,     1186.1492,       98.9340,      565.9246,     1249.7797,
32007                         , 8, 29,    9.0019,    663.5106,  0.005461,  0.046768,  0.088075,   23.9582,   38.2568,   52.5554,   80.609651,      102.5939,      110.1396,      991.7367,       83.2759,      401.2011,     1161.5047,       98.9340,      537.7388,     1232.6197,
32007                         , 8, 30,    9.3233,    657.2794,  0.005461,  0.046768,  0.088075,   23.9582,   38.2568,   52.5554,   80.609651,      102.5939,      110.1396,      974.2630,       83.2759,      378.6706,     1151.9227,       98.9340,      526.4506,     1225.9749,
32007                         , 8, 31,    9.5160,    653.7993,  0.005461,  0.046768,  0.088075,   23.9582,   38.2568,   52.5554,   80.609651,      102.5939,      110.1396,      963.6567,       83.2759,      364.2743,     1146.1459,       98.9340,      519.5464,     1221.9762,
32007                         , 8, 32,   10.0296,    643.7888,  0.005461,  0.046768,  0.088075,   23.9582,   38.2568,   52.5554,   80.609651,      102.5939,      110.1396,      934.8939,       83.2759,      321.4216,     1130.6336,       98.9340,      500.6108,     1211.2668,
32007                         , 8, 33,   10.0937,    642.3106,  0.005461,  0.046768,  0.088075,   23.9582,   38.2568,   52.5554,   80.609651,      102.5939,      110.1396,      931.2500,       83.2759,      315.4704,     1128.6847,       98.9340,      498.1884,     1209.9243,
32007                         , 8, 34,   10.4785,    635.1227,  0.005461,  0.046768,  0.088075,   23.9582,   38.2568,   52.5554,   80.609651,      102.5939,      110.1396,      909.1185,       83.2759,      275.4659,     1116.9319,       98.9340,      483.3503,     1201.8424,
32007                         , 8, 35,   11.0550,    623.8499,  0.005461,  0.046768,  0.088075,   23.9582,   38.2568,   52.5554,   80.609651,      102.5939,      110.1396,      874.9947,       83.2759,      182.6777,     1099.1312,       98.9340,      460.0450,     1189.6479,
32007                         , 8, 36,   11.2469,    619.8419,  0.005461,  0.046768,  0.088075,   23.9582,   38.2568,   52.5554,   80.609651,      102.5939,      110.1396,      863.3586,       83.2759,       95.0512,     1093.1528,       98.9340,      451.9682,     1185.5655,
32007                         , 8, 37,   12.1410,    588.5712,  0.005461,  0.046768,  0.088075,   23.9582,   38.2568,   52.5554,   80.609651,      102.5939,      110.1396,      807.1114,       83.2759,       87.9469,     1064.9372,       98.9340,      411.7618,     1166.3877,
32007                         , 8, 38,   12.9049,    559.2822,  0.005461,  0.046768,  0.088075,   23.9582,   38.2568,   52.5554,   80.609651,      102.5939,      110.1396,      755.9559,       83.2759,       87.9469,     1040.3314,       98.9340,      372.9982,     1149.7928,
32007                         , 8, 39,   13.0320,    559.3801,  0.005461,  0.046768,  0.088075,   23.9582,   38.2568,   52.5554,   80.609651,      102.5939,      110.1396,      747.1202,       83.2759,       87.9469,     1036.1890,       98.9340,      366.0179,     1147.0123,
32007                         , 8, 40,   13.4129,    545.6600,  0.005461,  0.046768,  0.088075,   23.9582,   38.2568,   52.5554,   80.609651,      102.5939,      110.1396,      720.0244,       83.2759,       87.9469,     1023.6911,       98.9340,      343.9083,     1138.6474,
32007                         , 8, 41,   13.9831,    524.7730,  0.005461,  0.046768,  0.088075,   23.9582,   38.2568,   52.5554,   80.609651,      102.5939,      110.1396,      677.5041,       83.2759,       87.9469,     1004.7328,       98.9340,      306.3959,     1126.0288,
32007                         , 8, 42,   14.0464,    522.2421,  0.005461,  0.046768,  0.088075,   23.9582,   38.2568,   52.5554,   80.609651,      102.5939,      110.1396,      672.6233,       83.2759,       87.9469,     1002.6106,       98.9340,      301.7969,     1124.6217,
32007                         , 8, 43,   14.9934,    489.4248,  0.005461,  0.046768,  0.088075,   23.9582,   38.2568,   52.5554,   80.609651,      102.5939,      110.1396,      594.8224,       83.2759,       87.9469,      970.3775,       98.9340,      210.2541,     1103.3859,
32007                         , 8, 44,   15.3084,    478.3608,  0.005461,  0.046768,  0.088075,   23.9582,   38.2568,   52.5554,   80.609651,      102.5939,      110.1396,      566.5025,       83.2759,       87.9469,      959.4548,       98.9340,      143.0654,     1096.2501,
32007                         , 8, 45,   15.3713,    474.3718,  0.005461,  0.046768,  0.088075,   23.9582,   38.2568,   52.5554,   80.609651,      102.5939,      110.1396,      560.6665,       83.2759,       87.9469,      957.2605,       98.9340,      113.7395,     1094.8203,
32007                         , 8, 46,   16.3129,    439.1553,  0.005461,  0.046768,  0.088075,   23.9582,   38.2568,   52.5554,   80.609651,      102.5939,      110.1396,      463.6301,       83.2759,       87.9469,      923.8965,       98.9340,       98.1479,     1073.2390,
32007                         , 8, 47,   16.3755,    435.3051,  0.005461,  0.046768,  0.088075,   23.9582,   38.2568,   52.5554,   80.609651,      102.5939,      110.1396,      456.3384,       83.2759,       87.9469,      921.6408,       98.9340,       98.1479,     1071.7912,
32007                         , 8, 48,   17.2502,    399.7748,  0.005461,  0.046768,  0.088075,   23.9582,   38.2568,   52.5554,   80.609651,      102.5939,      110.1396,      333.7424,       83.2759,       87.9469,      889.5918,       98.9340,       98.1479,     1051.4058,
32007                         , 8, 49,   17.3124,    394.1424,  0.005461,  0.046768,  0.088075,   23.9582,   38.2568,   52.5554,   80.609651,      102.5939,      110.1396,      322.6381,       83.2759,       87.9469,      887.2726,       98.9340,       98.1479,     1049.9441,
32007                         , 8, 50,   17.8720,    361.1877,  0.005461,  0.046768,  0.088075,   23.9582,   38.2568,   52.5554,   80.609651,      102.5939,      110.1396,      167.6641,       83.2759,       87.9469,      866.1531,       98.9340,       98.1479,     1036.7166,
32007                         , 8, 51,   18.2439,    335.9184,  0.005461,  0.046768,  0.088075,   23.9582,   38.2568,   52.5554,   80.609651,      102.5939,      110.1396,       97.2187,       83.2759,       87.9469,      851.8541,       98.9340,       98.1479,     1027.8479,
32007                         , 8, 52,   18.6761,    304.1831,  0.005461,  0.046768,  0.088075,   23.9582,   38.2568,   52.5554,   80.609651,      102.5939,      110.1396,       97.2187,       83.2759,       87.9469,      834.9556,       98.9340,       98.1479,     1017.4619,
32007                         , 8, 53,   18.8610,    292.4704,  0.005461,  0.046768,  0.088075,   23.9582,   38.2568,   52.5554,   80.609651,      102.5939,      110.1396,       97.2187,       83.2759,       87.9469,      827.6293,       98.9340,       98.1479,     1012.9912,
32007                         , 8, 54,   19.1683,    266.4780,  0.005461,  0.046768,  0.088075,   23.9582,   38.2568,   52.5554,   80.609651,      102.5939,      110.1396,       97.2187,       83.2759,       87.9469,      815.5999,       98.9340,       98.1479,     1005.5246,
32007                         , 8, 55,   19.2907,    250.3096,  0.005461,  0.046768,  0.088075,   23.9582,   38.2568,   52.5554,   80.609651,      102.5939,      110.1396,       97.2187,       83.2759,       87.9469,      815.5999,       98.9340,       98.1479,     1002.5368,
32007                         , 8, 56,   19.6571,    197.9565,  0.005461,  0.046768,  0.088075,   23.9582,   38.2568,   52.5554,   80.609651,      102.5939,      110.1396,       97.2187,       83.2759,       87.9469,      815.5999,       98.9340,       98.1479,     1001.5748,
37819                         , 1,  1,    0.0000,   9232.6280,  0.402983,  0.410272,  0.417560,   28.5940,   94.2970,  160.0000,    7.652356,     8964.9003,     9235.2103,     9512.2853,     8964.9003,     9235.2103,     9512.2853,     8964.9003,     9235.2103,     9512.2853,
37819                         , 1,  2,    0.2746,   9229.1526,  0.402983,  0.410272,  0.417560,   28.5940,   94.2970,  160.0000,    7.652356,     8959.0504,     9229.3313,     9506.3759,     8963.1408,     9233.4426,     9510.5090,     8963.8718,     9234.1773,     9511.2476,
37819                         , 1,  3,    0.9389,   9220.0667,  0.402983,  0.410272,  0.417560,   28.5940,   94.2970,  160.0000,    7.652356,     8944.8582,     9215.0669,     9492.0361,     8958.8651,     9229.1462,     9506.1909,     8961.3683,     9231.6623,     9508.7205,
37819                         , 1,  4,    1.2096,   9216.3714,  0.402983,  0.410272,  0.417560,   28.5940,   94.2970,  160.0000,    7.652356,     8939.0614,     9209.2402,     9486.1780,     8957.1154,     9227.3877,     9504.4231,     8960.3417,     9230.6308,     9507.6838,
37819                         , 1,  5,    1.3437,   9214.4010,  0.402983,  0.410272,  0.417560,   28.5940,   94.2970,  160.0000,    7.652356,     8936.1868,     9206.3507,     9483.2729,     8956.2469,     9226.5147,     9503.5456,     8959.8317,     9230.1182,     9507.1686,
37819                         , 1,  6,    1.9571,   9205.6305,  0.402983,  0.410272,  0.417560,   28.5940,   94.2970,  160.0000,    7.652356,     8923.0192,     9193.1138,     9469.9639,     8952.2613,     9222.5083,     9499.5175,     8957.4870,     9227.7613,     9504.7991,
37819                         , 1,  7,    2.2847,   9200.6501,  0.402983,  0.410272,  0.417560,   28.5940,   94.2970,  160.0000,    7.652356,     8915.9799,     9186.0373,     9462.8486,     8950.1257,     9220.3613,     9497.3586,     8956.2275,     9226.4952,     9503.5258,
37819                         , 1,  8,    2.9417,   9190.8724,  0.402983,  0.410272,  0.417560,   28.5940,   94.2970,  160.0000,    7.652356,     8901.8499,     9171.8326,     9448.5659,     8945.8286,     9216.0408,     9493.0136,     8953.6874,     9223.9408,     9500.9567,
37819                         , 1,  9,    3.2184,   9187.0204,  0.402983,  0.410272,  0.417560,   28.5940,   94.2970,  160.0000,    7.652356,     8895.8992,     9165.8506,     9442.5512,     8944.0150,     9214.2172,     9491.1796,     8952.6130,     9222.8603,     9499.8698,
37819                         , 1, 10,    3.3511,   9185.4928,  0.402983,  0.410272,  0.417560,   28.5940,   94.2970,  160.0000,    7.652356,     8893.0469,     9162.9834,     9439.6684,     8943.1450,     9213.3424,     9490.2998,     8952.0972,     9222.3415,     9499.3478,
37819                         , 1, 11,    4.0160,   9175.7503,  0.402983,  0.410272,  0.417560,   28.5940,   94.2970,  160.0000,    7.652356,     8878.7659,     9148.6284,     9425.2363,     8938.7828,     9208.9560,     9485.8881,     8949.5070,     9219.7362,     9496.7268,
37819                         , 1, 12,    4.2855,   9171.7247,  0.402983,  0.410272,  0.417560,   28.5940,   94.2970,  160.0000,    7.652356,     8872.9846,     9142.8176,     9419.3948,     8937.0144,     9207.1778,     9484.0998,     8948.4555,     9218.6785,     9495.6626,
37819                         , 1, 13,    4.7399,   9167.2492,  0.402983,  0.410272,  0.417560,   28.5940,   94.2970,  160.0000,    7.652356,     8863.2551,     9133.0398,     9409.5659,     8934.0361,     9204.1833,     9481.0883,     8946.6832,     9216.8958,     9493.8692,
37819                         , 1, 14,    4.7654,   9164.8933,  0.402983,  0.410272,  0.417560,   28.5940,   94.2970,  160.0000,    7.652356,     8862.7095,     9132.4914,     9409.0146,     8933.8691,     9204.0153,     9480.9194,     8946.5837,     9216.7958,     9493.7685,
37819                         , 1, 15,    4.9501,   9162.5179,  0.402983,  0.410272,  0.417560,   28.5940,   94.2970,  160.0000,    7.652356,     8858.7619,     9128.5242,     9405.0276,     8932.6601,     9202.7998,     9479.6971,     8945.8640,     9216.0718,     9493.0402,
37819                         , 1, 16,    5.2221,   9158.6267,  0.402983,  0.410272,  0.417560,   28.5940,   94.2970,  160.0000,    7.652356,     8852.9546,     9122.6890,     9399.1630,     8930.8814,     9201.0115,     9477.8989,     8944.8048,     9215.0065,     9491.9685,
37819                         , 1, 17,    5.8362,   9149.9371,  0.402983,  0.410272,  0.417560,   28.5940,   94.2970,  160.0000,    7.652356,     8839.8789,     9109.5519,     9385.9614,     8926.8765,     9196.9858,     9473.8513,     8942.4199,     9212.6082,     9489.5561,
37819                         , 1, 18,    6.0187,   9147.3961,  0.402983,  0.410272,  0.417560,   28.5940,   94.2970,  160.0000,    7.652356,     8836.0024,     9105.6577,     9382.0490,     8925.6896,     9195.7928,     9472.6520,     8941.7133,     9211.8976,     9488.8415,
37819                         , 1, 19,    6.2870,   9143.5701,  0.402983,  0.410272,  0.417560,   28.5940,   94.2970,  160.0000,    7.652356,     8830.3107,     9099.9404,     9376.3049,     8923.9475,     9194.0420,     9470.8921,     8940.6765,     9210.8552,     9487.7931,
37819                         , 1, 20,    6.9497,   9134.2883,  0.402983,  0.410272,  0.417560,   28.5940,   94.2970,  160.0000,    7.652356,     8816.2954,     9085.8640,     9362.1639,     8919.6614,     9189.7346,     9466.5625,     8938.1278,     9208.2928,     9485.2166,
37819                         , 1, 21,    7.2195,   9130.5617,  0.402983,  0.410272,  0.417560,   28.5940,   94.2970,  160.0000,    7.652356,     8810.6049,     9080.1488,     9356.4227,     8917.9229,     9187.9878,     9464.8070,     8937.0952,     9207.2550,     9484.1732,
37819                         , 1, 22,    7.6931,   9123.6446,  0.402983,  0.410272,  0.417560,   28.5940,   94.2970,  160.0000,    7.652356,     8800.6324,     9070.1338,     9346.3634,     8914.8799,     9184.9306,     9461.7350,     8935.2900,     9205.4408,     9482.3496,
37819                         , 1, 23,    7.8824,   9120.9827,  0.402983,  0.410272,  0.417560,   28.5940,   94.2970,  160.0000,    7.652356,     8796.6536,     9066.1383,     9342.3504,     8913.6672,     9183.7124,     9460.5111,     8934.5713,     9204.7187,     9481.6240,
37819                         , 1, 24,    8.1551,   9117.4298,  0.402983,  0.410272,  0.417560,   28.5940,   94.2970,  160.0000,    7.652356,     8790.9235,     9060.3845,     9336.5718,     8911.9222,     9181.9596,     9458.7502,     8933.5381,     9203.6806,     9480.5809,
37819                         , 1, 25,    8.2847,   9115.9326,  0.402983,  0.410272,  0.417560,   28.5940,   94.2970,  160.0000,    7.652356,     8788.2031,     9057.6530,     9333.8287,     8911.0945,     9181.1282,     9457.9150,     8933.0483,     9203.1886,     9480.0865,
37819                         , 1, 26,    8.8117,   9108.4464,  0.402983,  0.410272,  0.417560,   28.5940,   94.2970,  160.0000,    7.652356,     8777.1522,     9046.5574,     9322.6866,     8907.7361,     9177.7554,     9454.5270,     8931.0638,     9201.1952,     9478.0839,
37819                         , 1, 27,    9.0804,   9104.6918,  0.402983,  0.410272,  0.417560,   28.5940,   94.2970,  160.0000,    7.652356,     8771.5244,     9040.9072,     9317.0130,     8906.0284,     9176.0405,     9452.8047,     8930.0562,     9200.1833,     9477.0674,
37819                         , 1, 28,    9.2180,   9102.9351,  0.402983,  0.410272,  0.417560,   28.5940,   94.2970,  160.0000,    7.652356,     8768.6419,     9038.0133,     9314.1071,     8905.1544,     9175.1629,     9451.9233,     8929.5409,     9199.6658,     9476.5477,
37819                         , 1, 29,    9.6887,   9096.2819,  0.402983,  0.410272,  0.417560,   28.5940,   94.2970,  160.0000,    7.652356,     8758.7896,     9028.1223,     9304.1757,     8902.1705,     9172.1668,     9448.9145,     8927.7836,     9197.9013,     9474.7756,
37819                         , 1, 30,    9.8769,   9093.4671,  0.402983,  0.410272,  0.417560,   28.5940,   94.2970,  160.0000,    7.652356,     8754.8527,     9024.1701,     9300.2074,     8900.9796,     9170.9711,     9447.7138,     8927.0830,     9197.1979,     9474.0694,
37819                         , 1, 31,   10.1462,   9089.6727,  0.402983,  0.410272,  0.417560,   28.5940,   94.2970,  160.0000,    7.652356,     8749.2164,     9018.5118,     9294.5261,     8899.2758,     9169.2605,     9445.9962,     8926.0814,     9196.1924,     9473.0598,
37819                         , 1, 32,   10.2786,   9087.8304,  0.402983,  0.410272,  0.417560,   28.5940,   94.2970,  160.0000,    7.652356,     8746.4465,     9015.7312,     9291.7342,     8898.4390,     9168.4204,     9445.1526,     8925.5899,     9195.6990,     9472.5644,
37819                         , 1, 33,   10.9390,   9078.1675,  0.402983,  0.410272,  0.417560,   28.5940,   94.2970,  160.0000,    7.652356,     8732.6234,     9001.8542,     9277.8008,     8894.2675,     9164.2326,     9440.9478,     8923.1420,     9193.2418,     9470.0976,
37819                         , 1, 34,   11.2127,   9074.9207,  0.402983,  0.410272,  0.417560,   28.5940,   94.2970,  160.0000,    7.652356,     8726.8918,     8996.1001,     9272.0232,     8892.5398,     9162.4981,     9439.2063,     8922.1293,     9192.2253,     9469.0772,
37819                         , 1, 35,   11.8676,   9064.8068,  0.402983,  0.410272,  0.417560,   28.5940,   94.2970,  160.0000,    7.652356,     8713.1588,     8982.3148,     9258.1820,     8888.4041,     9158.3463,     9435.0376,     8919.7071,     9189.7942,     9466.6367,
37819                         , 1, 36,   12.1364,   9060.7005,  0.402983,  0.410272,  0.417560,   28.5940,   94.2970,  160.0000,    7.652356,     8707.5155,     8976.6499,     9252.4944,     8886.7060,     9156.6415,     9433.3259,     8918.7131,     9188.7965,     9465.6352,
37819                         , 1, 37,   12.2685,   9059.0458,  0.402983,  0.410272,  0.417560,   28.5940,   94.2970,  160.0000,    7.652356,     8704.7386,     8973.8624,     9249.6957,     8885.8707,     9155.8029,     9432.4838,     8918.2242,     9188.3058,     9465.1426,
37819                         , 1, 38,   12.8779,   9049.7692,  0.402983,  0.410272,  0.417560,   28.5940,   94.2970,  160.0000,    7.652356,     8691.9140,     8960.9879,     9236.7687,     8882.0134,     9151.9305,     9428.5955,     8915.9670,     9186.0402,     9462.8682,
37819                         , 1, 39,   13.2008,   9045.4762,  0.402983,  0.410272,  0.417560,   28.5940,   94.2970,  160.0000,    7.652356,     8685.1063,     8954.1529,     9229.9053,     8879.9654,     9149.8744,     9426.5310,     8914.7685,     9184.8372,     9461.6606,
37819                         , 1, 40,   13.9882,   9034.1805,  0.402983,  0.410272,  0.417560,   28.5940,   94.2970,  160.0000,    7.652356,     8668.4652,     8937.4441,     9213.1253,     8874.9563,     9144.8448,     9421.4799,     8911.8352,     9181.8926,     9458.7040,
37819                         , 1, 41,   14.2545,   9030.8839,  0.402983,  0.410272,  0.417560,   28.5940,   94.2970,  160.0000,    7.652356,     8662.8234,     8931.7789,     9207.4355,     8873.2566,     9143.1379,     9419.7655,     8910.8390,     9180.8923,     9457.6995,
37819                         , 1, 42,   14.7309,   9023.8921,  0.402983,  0.410272,  0.417560,   28.5940,   94.2970,  160.0000,    7.652356,     8652.7197,     8921.6327,     9197.2446,     8870.2099,     9140.0780,     9416.6919,     8909.0518,     9179.0975,     9455.8969,
37819                         , 1, 43,   14.9124,   9022.4366,  0.402983,  0.410272,  0.417560,   28.5940,   94.2970,  160.0000,    7.652356,     8648.8660,     8917.7627,     9193.3574,     8869.0468,     9138.9098,     9415.5183,     8908.3688,     9178.4117,     9455.2080,
37819                         , 1, 44,   15.1836,   9018.7719,  0.402983,  0.410272,  0.417560,   28.5940,   94.2970,  160.0000,    7.652356,     8643.1013,     8911.9733,     9187.5421,     8867.3059,     9137.1610,     9413.7614,     8907.3459,     9177.3842,     9454.1759,
37819                         , 1, 45,   15.6969,   9011.7255,  0.402983,  0.410272,  0.417560,   28.5940,   94.2970,  160.0000,    7.652356,     8632.1826,     8901.0076,     9176.5270,     8864.0042,     9133.8443,     9410.4289,     8905.4036,     9175.4331,     9452.2155,
37819                         , 1, 46,   15.9132,   9008.7994,  0.402983,  0.410272,  0.417560,   28.5940,   94.2970,  160.0000,    7.652356,     8627.5774,     8896.3824,     9171.8807,     8862.6099,     9132.4436,     9409.0214,     8904.5823,     9174.6079,     9451.3862,
37819                         , 1, 47,   16.2368,   9004.7414,  0.402983,  0.410272,  0.417560,   28.5940,   94.2970,  160.0000,    7.652356,     8620.6833,     8889.4584,     9164.9252,     8860.5206,     9130.3444,     9406.9120,     8903.3504,     9173.3701,     9450.1424,
37819                         , 1, 48,   16.7119,   8998.5092,  0.402983,  0.410272,  0.417560,   28.5940,   94.2970,  160.0000,    7.652356,     8610.5594,     8879.2905,     9154.7111,     8857.4480,     9127.2572,     9403.8094,     8901.5361,     9171.5468,     9448.3097,
37819                         , 1, 49,   16.8884,   8996.0757,  0.402983,  0.410272,  0.417560,   28.5940,   94.2970,  160.0000,    7.652356,     8606.7988,     8875.5137,     9150.9170,     8856.3054,     9126.1090,     9402.6555,     8900.8604,     9170.8678,     9447.6272,
37819                         , 1, 50,   17.1644,   8992.2602,  0.402983,  0.410272,  0.417560,   28.5940,   94.2970,  160.0000,    7.652356,     8600.9167,     8869.6062,     9144.9828,     8854.5166,     9124.3115,     9400.8490,     8899.8020,     9169.8040,     9446.5577,
37819                         , 1, 51,   17.6285,   8986.0835,  0.402983,  0.410272,  0.417560,   28.5940,   94.2970,  160.0000,    7.652356,     8591.0290,     8859.6761,     9135.0082,     8851.5059,     9121.2862,     9397.8082,     8898.0181,     9168.0109,     9444.7550,
37819                         , 1, 52,   17.8940,   8982.4048,  0.402983,  0.410272,  0.417560,   28.5940,   94.2970,  160.0000,    7.652356,     8585.3758,     8853.9989,     9129.3058,     8849.7826,     9119.5545,     9396.0677,     8896.9958,     9166.9832,     9443.7218,
37819                         , 1, 53,   18.0849,   8979.7408,  0.402983,  0.410272,  0.417560,   28.5940,   94.2970,  160.0000,    7.652356,     8581.3146,     8849.9208,     9125.2095,     8848.5438,     9118.3096,     9394.8165,     8896.2604,     9166.2440,     9442.9784,
37819                         , 1, 54,   18.2155,   8978.1990,  0.402983,  0.410272,  0.417560,   28.5940,   94.2970,  160.0000,    7.652356,     8578.5367,     8847.1313,     9122.4078,     8847.6961,     9117.4578,     9393.9604,     8895.7569,     9165.7378,     9442.4695,
37819                         , 1, 55,   18.8728,   8968.9008,  0.402983,  0.410272,  0.417560,   28.5940,   94.2970,  160.0000,    7.652356,     8564.5728,     8833.1105,     9108.3269,     8843.4312,     9113.1722,     9389.6533,     8893.2214,     9163.1889,     9439.9067,
37819                         , 1, 56,   19.2702,   8963.1559,  0.402983,  0.410272,  0.417560,   28.5940,   94.2970,  160.0000,    7.652356,     8556.1496,     8824.6540,     9099.8354,     8840.8564,     9110.5852,     9387.0532,     8891.6891,     9161.6485,     9438.3578,
37819                         , 1, 57,   19.6031,   8958.6678,  0.402983,  0.410272,  0.417560,   28.5940,   94.2970,  160.0000,    7.652356,     8549.1075,     8817.5850,     9092.7382,     8838.7032,     9108.4215,     9384.8787,     8890.4071,     9160.3597,     9437.0618,
37819                         , 1, 58,   19.7921,   8956.0800,  0.402983,  0.410272,  0.417560,   28.5940,   94.2970,  160.0000,    7.652356,     8545.1149,     8813.5773,     9088.7144,     8837.4819,     9107.1944,     9383.6456,     8889.6799,     9159.6287,     9436.3268,
37819                         , 1, 59,   19.9254,   8954.2544,  0.402983,  0.410272,  0.417560,   28.5940,   94.2970,  160.0000,    7.652356,     8543.6588,     8812.6403,     9088.3718,     8836.6211,     9106.3296,     9382.7765,     8889.1673,     9159.1134,     9435.8088,
37819                         , 2,  1,    0.0000,   8046.6113,  0.366453,  0.377149,  0.387846,   28.2563,   62.2590,   96.2618,    1.892031,     7698.2046,     8052.0152,     8418.1900,     7698.2046,     8052.0152,     8418.1900,     7698.2046,     8052.0152,     8418.1900,
37819                         , 2,  2,    0.4870,   8037.4046,  0.366453,  0.377149,  0.387846,   28.2563,   62.2590,   96.2618,    1.892031,     7686.4653,     8040.2036,     8406.3002,     7692.8600,     8046.6366,     8412.7748,     7694.7370,     8048.5249,     8414.6753,
37819                         , 2,  3,    0.7386,   8032.8554,  0.366453,  0.377149,  0.387846,   28.2563,   62.2590,   96.2618,    1.892031,     7680.4069,     8034.1082,     8400.1650,     7690.1002,     8043.8593,     8409.9787,     7692.9454,     8046.7216,     8412.8593,
37819                         , 2,  4,    0.9868,   8028.6828,  0.366453,  0.377149,  0.387846,   28.2563,   62.2590,   96.2618,    1.892031,     7674.4315,     8028.0968,     8394.1147,     7687.3775,     8041.1195,     8407.2204,     7691.1774,     8044.9421,     8411.0674,
37819                         , 2,  5,    1.4274,   8020.7588,  0.366453,  0.377149,  0.387846,   28.2563,   62.2590,   96.2618,    1.892031,     7663.8426,     8017.4457,     8383.3957,     7682.5522,     8036.2645,     8402.3331,     7688.0437,     8041.7882,     8407.8917,
37819                         , 2,  6,    1.6717,   8016.4484,  0.366453,  0.377149,  0.387846,   28.2563,   62.2590,   96.2618,    1.892031,     7657.9770,     8011.5462,     8377.4595,     7679.8795,     8033.5756,     8399.6266,     7686.3081,     8040.0417,     8406.1332,
37819                         , 2,  7,    1.9724,   8010.4377,  0.366453,  0.377149,  0.387846,   28.2563,   62.2590,   96.2618,    1.892031,     7650.7700,     8004.2980,     8370.1672,     7676.5965,     8030.2728,     8396.3028,     7684.1766,     8037.8967,     8403.9741,
37819                         , 2,  8,    2.5413,   7999.8744,  0.366453,  0.377149,  0.387846,   28.2563,   62.2590,   96.2618,    1.892031,     7637.1601,     7990.6135,     8356.4011,     7670.4007,     8024.0414,     8390.0324,     7680.1564,     8033.8526,     8399.9037,
37819                         , 2,  9,    2.7091,   7996.7560,  0.366453,  0.377149,  0.387846,   28.2563,   62.2590,   96.2618,    1.892031,     7633.1532,     7986.5849,     8352.3495,     7668.5780,     8022.2084,     8388.1886,     7678.9746,     8032.6638,     8398.7077,
37819                         , 2, 10,    2.9606,   7992.3572,  0.366453,  0.377149,  0.387846,   28.2563,   62.2590,   96.2618,    1.892031,     7627.1546,     7980.5547,     8346.2848,     7665.8506,     8019.4660,     8385.4299,     7677.2071,     8030.8863,     8396.9194,
37819                         , 2, 11,    3.3943,   7984.1910,  0.366453,  0.377149,  0.387846,   28.2563,   62.2590,   96.2618,    1.892031,     7616.8197,     7970.1666,     8335.8383,     7661.1562,     8014.7466,     8380.6832,     7674.1675,     8027.8303,     8393.8453,
37819                         , 2, 12,    3.6425,   7979.4593,  0.366453,  0.377149,  0.387846,   28.2563,   62.2590,   96.2618,    1.892031,     7610.9110,     7964.2279,     8329.8671,     7658.4750,     8012.0515,     8377.9729,     7672.4332,     8026.0869,     8392.0920,
37819                         , 2, 13,    3.9398,   7974.5885,  0.366453,  0.377149,  0.387846,   28.2563,   62.2590,   96.2618,    1.892031,     7603.8404,     7957.1217,     8322.7224,     7655.2693,     8008.8294,     8374.7332,     7670.3614,     8024.0044,     8389.9981,
37819                         , 2, 14,    4.3756,   7966.5298,  0.366453,  0.377149,  0.387846,   28.2563,   62.2590,   96.2618,    1.892031,     7593.4788,     7946.7089,     8312.2536,     7650.5772,     8004.1140,     8369.9923,     7667.3323,     8020.9605,     8386.9381,
37819                         , 2, 15,    4.6260,   7961.8616,  0.366453,  0.377149,  0.387846,   28.2563,   62.2590,   96.2618,    1.892031,     7587.5250,     7940.7259,     8306.2385,     7647.8840,     8001.4076,     8367.2716,     7665.5956,     8019.2155,     8385.1841,
37819                         , 2, 16,    4.9256,   7957.0879,  0.366453,  0.377149,  0.387846,   28.2563,   62.2590,   96.2618,    1.892031,     7580.4015,     7933.5673,     8299.0416,     7644.6643,     7998.1723,     8364.0193,     7663.5210,     8017.1313,     8383.0893,
37819                         , 2, 17,    5.7777,   7940.7998,  0.366453,  0.377149,  0.387846,   28.2563,   62.2590,   96.2618,    1.892031,     7560.1132,     7913.1781,     8278.5419,     7635.5093,     7988.9731,     8354.7719,     7657.6316,     8011.2150,     8377.1438,
37819                         , 2, 18,    6.0259,   7936.5495,  0.366453,  0.377149,  0.387846,   28.2563,   62.2590,   96.2618,    1.892031,     7554.1923,     7907.2271,     8272.5579,     7632.8409,     7986.2917,     8352.0764,     7655.9172,     8009.4929,     8375.4133,
37819                         , 2, 19,    6.4670,   7928.5803,  0.366453,  0.377149,  0.387846,   28.2563,   62.2590,   96.2618,    1.892031,     7543.6478,     7896.6274,     8261.8983,     7628.0916,     7981.5189,     8347.2779,     7652.8678,     8006.4296,     8372.3348,
37819                         , 2, 20,    6.6336,   7925.5625,  0.366453,  0.377149,  0.387846,   28.2563,   62.2590,   96.2618,    1.892031,     7539.6573,     7892.6163,     8257.8638,     7626.2952,     7979.7135,     8345.4625,     7651.7149,     8005.2713,     8371.1706,
37819                         , 2, 21,    7.0047,   7918.8517,  0.366453,  0.377149,  0.387846,   28.2563,   62.2590,   96.2618,    1.892031,     7530.7530,     7883.6637,     8248.8584,     7622.2876,     7975.6852,     8341.4117,     7649.1435,     8002.6878,     8368.5739,
37819                         , 2, 22,    7.4448,   7910.9171,  0.366453,  0.377149,  0.387846,   28.2563,   62.2590,   96.2618,    1.892031,     7520.1647,     7873.0158,     8238.1461,     7617.5232,     7970.8952,     8336.5943,     7646.0873,     7999.6166,     8365.4865,
37819                         , 2, 23,    7.5682,   7908.5015,  0.366453,  0.377149,  0.387846,   28.2563,   62.2590,   96.2618,    1.892031,     7517.1867,     7870.0208,     8235.1325,     7616.1832,     7969.5480,     8335.2390,     7645.2279,     7998.7528,     8364.6180,
37819                         , 2, 24,    7.9109,   7902.2210,  0.366453,  0.377149,  0.387846,   28.2563,   62.2590,   96.2618,    1.892031,     7508.9068,     7861.6923,     8226.7509,     7612.4574,     7965.8013,     8331.4695,     7642.8379,     7996.3506,     8362.2022,
37819                         , 2, 25,    7.9823,   7899.2463,  0.366453,  0.377149,  0.387846,   28.2563,   62.2590,   96.2618,    1.892031,     7507.1786,     7859.9543,     8225.0011,     7611.6796,     7965.0193,     8330.6826,     7642.3390,     7995.8491,     8361.6979,
37819                         , 2, 26,    8.5460,   7888.8495,  0.366453,  0.377149,  0.387846,   28.2563,   62.2590,   96.2618,    1.892031,     7493.5002,     7846.1917,     8211.1467,     7605.5228,     7958.8259,     8324.4495,     7638.3884,     7991.8767,     8357.7018,
37819                         , 2, 27,    8.8317,   7883.7114,  0.366453,  0.377149,  0.387846,   28.2563,   62.2590,   96.2618,    1.892031,     7486.5411,     7839.1876,     8204.0929,     7602.3895,     7955.6731,     8321.2753,     7636.3770,     7989.8536,     8355.6658,
37819                         , 2, 28,    8.9587,   7881.4579,  0.366453,  0.377149,  0.387846,   28.2563,   62.2590,   96.2618,    1.892031,     7483.4414,     7836.0673,     8200.9503,     7600.9936,     7954.2682,     8319.8605,     7635.4807,     7988.9519,     8354.7580,
37819                         , 2, 29,    9.3956,   7873.2233,  0.366453,  0.377149,  0.387846,   28.2563,   62.2590,   96.2618,    1.892031,     7472.7489,     7825.3029,     8190.1072,     7596.1765,     7949.4189,     8314.9761,     7632.3863,     7985.8378,     8351.6225,
37819                         , 2, 30,    9.5222,   7870.7506,  0.366453,  0.377149,  0.387846,   28.2563,   62.2590,   96.2618,    1.892031,     7469.6446,     7822.1772,     8186.9581,     7594.7772,     7948.0100,     8313.5567,     7631.4869,     7984.9325,     8350.7107,
37819                         , 2, 31,    9.9377,   7863.2167,  0.366453,  0.377149,  0.387846,   28.2563,   62.2590,   96.2618,    1.892031,     7459.4281,     7811.8893,     8176.5917,     7590.1696,     7943.3699,     8308.8812,     7628.5238,     7981.9492,     8347.7055,
37819                         , 2, 32,   10.4967,   7852.9438,  0.366453,  0.377149,  0.387846,   28.2563,   62.2590,   96.2618,    1.892031,     7445.6329,     7797.9941,     8162.5872,     7583.9409,     7937.0956,     8302.5573,     7624.5139,     7977.9106,     8343.6358,
37819                         , 2, 33,   10.9111,   7845.4820,  0.366453,  0.377149,  0.387846,   28.2563,   62.2590,   96.2618,    1.892031,     7435.3766,     7787.6623,     8152.1723,     7579.3053,     7932.4245,     8297.8478,     7621.5261,     7974.9002,     8340.6008,
37819                         , 2, 34,   11.4697,   7834.8133,  0.366453,  0.377149,  0.387846,   28.2563,   62.2590,   96.2618,    1.892031,     7421.5129,     7773.6942,     8138.0898,     7573.0314,     7926.1017,     8291.4716,     7617.4776,     7970.8202,     8336.4864,
37819                         , 2, 35,   11.5875,   7832.7094,  0.366453,  0.377149,  0.387846,   28.2563,   62.2590,   96.2618,    1.892031,     7418.5867,     7770.7458,     8135.1170,     7571.7062,     7924.7659,     8290.1243,     7616.6218,     7969.9575,     8335.6162,
37819                         , 2, 36,   11.8834,   7828.0020,  0.366453,  0.377149,  0.387846,   28.2563,   62.2590,   96.2618,    1.892031,     7411.2258,     7763.3289,     8127.6387,     7568.3711,     7921.4040,     8286.7333,     7614.4669,     7967.7850,     8333.4250,
37819                         , 2, 37,   12.4410,   7817.2430,  0.366453,  0.377149,  0.387846,   28.2563,   62.2590,   96.2618,    1.892031,     7397.3453,     7749.3423,     8113.5357,     7562.0763,     7915.0581,     8280.3317,     7610.3957,     7963.6803,     8329.2835,
37819                         , 2, 38,   12.7277,   7812.7694,  0.366453,  0.377149,  0.387846,   28.2563,   62.2590,   96.2618,    1.892031,     7390.2040,     7742.1464,     8106.2798,     7558.8351,     7911.7903,     8277.0350,     7608.2977,     7961.5645,     8327.1487,
37819                         , 2, 39,   12.9742,   7808.5289,  0.366453,  0.377149,  0.387846,   28.2563,   62.2590,   96.2618,    1.892031,     7384.0651,     7735.9608,     8100.0428,     7556.0476,     7908.9799,     8274.1997,     7606.4924,     7959.7440,     8325.3116,
37819                         , 2, 40,   13.4107,   7800.4054,  0.366453,  0.377149,  0.387846,   28.2563,   62.2590,   96.2618,    1.892031,     7373.1927,     7725.0059,     8088.9973,     7551.1082,     7903.9999,     8269.1754,     7603.2916,     7956.5160,     8322.0541,
37819                         , 2, 41,   13.5332,   7798.0295,  0.366453,  0.377149,  0.387846,   28.2563,   62.2590,   96.2618,    1.892031,     7370.1425,     7721.9328,     8085.8990,     7549.7220,     7902.6023,     8267.7655,     7602.3930,     7955.6097,     8321.1395,
37819                         , 2, 42,   13.9440,   7791.9876,  0.366453,  0.377149,  0.387846,   28.2563,   62.2590,   96.2618,    1.892031,     7359.9210,     7711.6349,     8075.5172,     7545.0754,     7897.9177,     8263.0395,     7599.3797,     7952.5708,     8318.0728,
37819                         , 2, 43,   14.3788,   7783.9683,  0.366453,  0.377149,  0.387846,   28.2563,   62.2590,   96.2618,    1.892031,     7349.1108,     7700.7452,     8064.5399,     7540.1597,     7892.9620,     8258.0403,     7596.1905,     7949.3546,     8314.8272,
37819                         , 2, 44,   14.6142,   7780.2985,  0.366453,  0.377149,  0.387846,   28.2563,   62.2590,   96.2618,    1.892031,     7343.2643,     7694.8563,     8058.6042,     7537.5006,     7890.2816,     8255.3367,     7594.4651,     7947.6146,     8313.0715,
37819                         , 2, 45,   14.9126,   7774.7658,  0.366453,  0.377149,  0.387846,   28.2563,   62.2590,   96.2618,    1.892031,     7335.8592,     7687.3981,     8051.0875,     7534.1327,     7886.8868,     8251.9126,     7592.2793,     7945.4105,     8310.8475,
37819                         , 2, 46,   15.3451,   7766.9584,  0.366453,  0.377149,  0.387846,   28.2563,   62.2590,   96.2618,    1.892031,     7325.1434,     7676.6069,     8040.2134,     7529.2591,     7881.9749,     8246.9591,     7589.1162,     7942.2213,     8307.6300,
37819                         , 2, 47,   15.5860,   7763.2603,  0.366453,  0.377149,  0.387846,   28.2563,   62.2590,   96.2618,    1.892031,     7319.1820,     7670.6044,     8034.1654,     7526.5483,     7879.2431,     8244.2044,     7587.3569,     7940.4477,     8305.8408,
37819                         , 2, 48,   16.3510,   7746.9512,  0.366453,  0.377149,  0.387846,   28.2563,   62.2590,   96.2618,    1.892031,     7300.2926,     7651.5885,     8015.0093,     7517.9622,     7870.5922,     8235.4829,     7581.7860,     7934.8324,     8300.1776,
37819                         , 2, 49,   16.6035,   7741.0279,  0.366453,  0.377149,  0.387846,   28.2563,   62.2590,   96.2618,    1.892031,     7294.0729,     7645.3285,     8008.7044,     7515.1368,     7867.7461,     8232.6141,     7579.9536,     7932.9859,     8298.3157,
37819                         , 2, 50,   16.8499,   7736.0596,  0.366453,  0.377149,  0.387846,   28.2563,   62.2590,   96.2618,    1.892031,     7288.0081,     7639.2249,     8002.5577,     7512.3826,     7864.9720,     8229.8183,     7578.1679,     7931.1866,     8296.5017,
37819                         , 2, 51,   17.4031,   7725.4319,  0.366453,  0.377149,  0.387846,   28.2563,   62.2590,   96.2618,    1.892031,     7274.4144,     7625.5459,     7988.7845,     7506.2137,     7858.7595,     8223.5581,     7574.1695,     7927.1593,     8292.4424,
37819                         , 2, 52,   17.9329,   7718.9419,  0.366453,  0.377149,  0.387846,   28.2563,   62.2590,   96.2618,    1.892031,     7261.4191,     7612.4718,     7975.6224,     7500.3216,     7852.8277,     8217.5825,     7570.3540,     7923.3170,     8288.5709,
37819                         , 2, 53,   18.3660,   7710.6596,  0.366453,  0.377149,  0.387846,   28.2563,   62.2590,   96.2618,    1.892031,     7250.8104,     7601.8000,     7964.8804,     7495.5163,     7847.9907,     8212.7108,     7567.2451,     7920.1869,     8285.4178,
37819                         , 2, 54,   18.7765,   7704.8838,  0.366453,  0.377149,  0.387846,   28.2563,   62.2590,   96.2618,    1.892031,     7240.7610,     7591.6917,     7954.7064,     7490.9685,     7843.4135,     8208.1014,     7564.3054,     7917.2277,     8282.4373,
37819                         , 2, 55,   18.8964,   7703.0189,  0.366453,  0.377149,  0.387846,   28.2563,   62.2590,   96.2618,    1.892031,     7237.8280,     7588.7417,     7951.7374,     7489.6421,     7842.0786,     8206.7572,     7563.4485,     7916.3652,     8281.5686,
37819                         , 2, 56,   19.3270,   7694.9096,  0.366453,  0.377149,  0.387846,   28.2563,   62.2590,   96.2618,    1.892031,     7227.2919,     7578.1448,     7941.0724,     7484.8805,     7837.2868,     8201.9323,     7560.3743,     7913.2711,     8278.4530,
37819                         , 2, 57,   19.8589,   7685.7764,  0.366453,  0.377149,  0.387846,   28.2563,   62.2590,   96.2618,    1.892031,     7219.5682,     7569.7391,     7932.0533,     7479.3028,     7831.4039,     8195.9796,     7556.5855,     7909.4585,     8274.6142,
37819                         , 3,  1,    0.0000,   7312.8419,  0.345158,  0.354531,  0.363904,   31.0526,   46.3851,   61.7175,    1.453209,     7034.3388,     7323.9260,     7622.0477,     7034.3388,     7323.9260,     7622.0477,     7034.3388,     7323.9260,     7622.0477,
37819                         , 3,  2,    0.4109,   7307.7281,  0.345158,  0.354531,  0.363904,   31.0526,   46.3851,   61.7175,    1.453209,     7026.8134,     7316.3665,     7614.4511,     7029.2947,     7318.8588,     7616.9552,     7030.5432,     7320.1127,     7618.2152,
37819                         , 3,  3,    0.6510,   7304.5827,  0.345158,  0.354531,  0.363904,   31.0526,   46.3851,   61.7175,    1.453209,     7022.4208,     7311.9544,     7610.0176,     7026.3513,     7315.9021,     7613.9840,     7028.3288,     7317.8882,     7615.9796,
37819                         , 3,  4,    0.9335,   7301.2422,  0.345158,  0.354531,  0.363904,   31.0526,   46.3851,   61.7175,    1.453209,     7017.2560,     7306.7669,     7604.8055,     7022.8911,     7312.4265,     7610.4918,     7025.7262,     7315.2740,     7613.3527,
37819                         , 3,  5,    1.0487,   7299.2523,  0.345158,  0.354531,  0.363904,   31.0526,   46.3851,   61.7175,    1.453209,     7015.1514,     7304.6533,     7602.6818,     7021.4814,     7311.0107,     7609.0692,     7024.6661,     7314.2092,     7612.2828,
37819                         , 3,  6,    1.5885,   7289.4865,  0.345158,  0.354531,  0.363904,   31.0526,   46.3851,   61.7175,    1.453209,     7005.2999,     7294.7597,     7592.7422,     7014.8847,     7304.3857,     7602.4131,     7019.7068,     7309.2285,     7607.2786,
37819                         , 3,  7,    1.9865,   7283.4842,  0.345158,  0.354531,  0.363904,   31.0526,   46.3851,   61.7175,    1.453209,     6998.0435,     7287.4729,     7585.4221,     7010.0282,     7299.5086,     7597.5137,     7016.0573,     7305.5636,     7603.5970,
37819                         , 3,  8,    2.3972,   7276.6489,  0.345158,  0.354531,  0.363904,   31.0526,   46.3851,   61.7175,    1.453209,     6990.5588,     7279.9573,     7577.8724,     7005.0209,     7294.4807,     7592.4630,     7012.2962,     7301.7870,     7599.8033,
37819                         , 3,  9,    2.6370,   7274.2240,  0.345158,  0.354531,  0.363904,   31.0526,   46.3851,   61.7175,    1.453209,     6986.1887,     7275.5692,     7573.4646,     7002.0984,     7291.5462,     7589.5154,     7010.1017,     7299.5836,     7597.5901,
37819                         , 3, 10,    2.9188,   7270.1366,  0.345158,  0.354531,  0.363904,   31.0526,   46.3851,   61.7175,    1.453209,     6981.0553,     7270.4147,     7568.2870,     6998.6663,     7288.1001,     7586.0540,     7007.5254,     7296.9968,     7594.9920,
37819                         , 3, 11,    3.4519,   7261.4673,  0.345158,  0.354531,  0.363904,   31.0526,   46.3851,   61.7175,    1.453209,     6971.3407,     7260.6603,     7558.4889,     6992.1742,     7281.5816,     7579.5065,     7002.6539,     7292.1059,     7590.0796,
37819                         , 3, 12,    3.5723,   7259.8322,  0.345158,  0.354531,  0.363904,   31.0526,   46.3851,   61.7175,    1.453209,     6969.1454,     7258.4559,     7556.2746,     6990.7076,     7280.1090,     7578.0274,     7001.5537,     7291.0013,     7588.9703,
37819                         , 3, 13,    3.9698,   7254.0159,  0.345158,  0.354531,  0.363904,   31.0526,   46.3851,   61.7175,    1.453209,     6961.8951,     7251.1758,     7548.9614,     6985.8652,     7275.2469,     7573.1435,     6997.9221,     7287.3552,     7585.3083,
37819                         , 3, 14,    4.6188,   7244.0456,  0.345158,  0.354531,  0.363904,   31.0526,   46.3851,   61.7175,    1.453209,     6950.0392,     7239.2701,     7537.0010,     6977.9502,     7267.2992,     7565.1600,     6991.9889,     7281.3981,     7579.3249,
37819                         , 3, 15,    5.0140,   7238.4733,  0.345158,  0.354531,  0.363904,   31.0526,   46.3851,   61.7175,    1.453209,     6942.8069,     7232.0068,     7529.7036,     6973.1238,     7262.4525,     7560.2909,     6988.3722,     7277.7666,     7575.6771,
37819                         , 3, 16,    5.4154,   7232.5360,  0.345158,  0.354531,  0.363904,   31.0526,   46.3851,   61.7175,    1.453209,     6935.4479,     7224.6155,     7522.2767,     6968.2140,     7257.5216,     7555.3367,     6984.6938,     7274.0729,     7571.9665,
37819                         , 3, 17,    5.6611,   7229.7759,  0.345158,  0.354531,  0.363904,   31.0526,   46.3851,   61.7175,    1.453209,     6930.9354,     7220.0829,     7517.7220,     6965.2038,     7254.4982,     7552.2988,     6982.4389,     7271.8084,     7569.6914,
37819                         , 3, 18,    5.9480,   7224.0808,  0.345158,  0.354531,  0.363904,   31.0526,   46.3851,   61.7175,    1.453209,     6925.6610,     7214.7845,     7512.3972,     6961.6856,     7250.9642,     7548.7476,     6979.8037,     7269.1617,     7567.0322,
37819                         , 3, 19,    6.4665,   7215.5217,  0.345158,  0.354531,  0.363904,   31.0526,   46.3851,   61.7175,    1.453209,     6916.1014,     7205.1802,     7502.7439,     6955.3096,     7244.5589,     7542.3102,     6975.0282,     7264.3650,     7562.2121,
37819                         , 3, 20,    6.5963,   7213.6280,  0.345158,  0.354531,  0.363904,   31.0526,   46.3851,   61.7175,    1.453209,     6913.7040,     7202.7714,     7500.3225,     6953.7106,     7242.9524,     7540.6954,     6973.8307,     7263.1619,     7561.0030,
37819                         , 3, 21,    6.8749,   7208.5108,  0.345158,  0.354531,  0.363904,   31.0526,   46.3851,   61.7175,    1.453209,     6908.5523,     7197.5950,     7495.1185,     6950.2746,     7239.5001,     7537.2250,     6971.2572,     7260.5765,     7558.4043,
37819                         , 3, 22,    6.9898,   7206.6185,  0.345158,  0.354531,  0.363904,   31.0526,   46.3851,   61.7175,    1.453209,     6906.4243,     7195.4565,     7492.9685,     6948.8552,     7238.0738,     7535.7912,     6970.1941,     7259.5083,     7557.3307,
37819                         , 3, 23,    7.5263,   7198.4160,  0.345158,  0.354531,  0.363904,   31.0526,   46.3851,   61.7175,    1.453209,     6896.4684,     7185.4504,     7482.9077,     6942.2140,     7231.3995,     7529.0808,     6965.2193,     7254.5093,     7552.3053,
37819                         , 3, 24,    7.6371,   7196.6132,  0.345158,  0.354531,  0.363904,   31.0526,   46.3851,   61.7175,    1.453209,     6894.4064,     7183.3779,     7480.8237,     6940.8384,     7230.0169,     7527.6906,     6964.1887,     7253.4736,     7551.2639,
37819                         , 3, 25,    8.4519,   7183.6184,  0.345158,  0.354531,  0.363904,   31.0526,   46.3851,   61.7175,    1.453209,     6879.2064,     7168.0954,     7465.4496,     6930.6961,     7219.8201,     7517.4332,     6956.5882,     7245.8331,     7543.5790,
37819                         , 3, 26,    8.9610,   7176.8285,  0.345158,  0.354531,  0.363904,   31.0526,   46.3851,   61.7175,    1.453209,     6869.6648,     7158.4991,     7455.7927,     6924.3272,     7213.4144,     7510.9870,     6951.8135,     7241.0310,     7538.7468,
37819                         , 3, 27,    9.4962,   7169.2850,  0.345158,  0.354531,  0.363904,   31.0526,   46.3851,   61.7175,    1.453209,     6859.6002,     7148.3748,     7445.6032,     6917.6061,     7206.6527,     7504.1812,     6946.7723,     7235.9593,     7533.6419,
37819                         , 3, 28,   10.0036,   7162.1079,  0.345158,  0.354531,  0.363904,   31.0526,   46.3851,   61.7175,    1.453209,     6850.0326,     7138.7495,     7435.9144,     6911.2133,     7200.2205,     7497.7058,     6941.9745,     7231.1318,     7528.7819,
37819                         , 3, 29,   10.3350,   7157.1705,  0.345158,  0.354531,  0.363904,   31.0526,   46.3851,   61.7175,    1.453209,     6843.7718,     7132.4503,     7429.5733,     6907.0281,     7196.0090,     7493.4655,     6938.8321,     7227.9694,     7525.5977,
37819                         , 3, 30,   10.5783,   7154.1859,  0.345158,  0.354531,  0.363904,   31.0526,   46.3851,   61.7175,    1.453209,     6839.1722,     7127.8224,     7424.9143,     6903.9525,     7192.9138,     7490.3490,     6936.5220,     7225.6444,     7523.2564,
37819                         , 3, 31,   10.9326,   7148.8749,  0.345158,  0.354531,  0.363904,   31.0526,   46.3851,   61.7175,    1.453209,     6832.4678,     7121.0766,     7418.1231,     6899.4681,     7188.4007,     7485.8046,     6933.1526,     7222.2530,     7519.8412,
37819                         , 3, 32,   11.3769,   7142.1467,  0.345158,  0.354531,  0.363904,   31.0526,   46.3851,   61.7175,    1.453209,     6824.0551,     7112.6119,     7409.6014,     6893.8387,     7182.7351,     7480.0994,     6928.9211,     7217.9938,     7515.5516,
37819                         , 3, 33,   11.6177,   7139.0161,  0.345158,  0.354531,  0.363904,   31.0526,   46.3851,   61.7175,    1.453209,     6819.4952,     7108.0239,     7404.9825,     6890.7866,     7179.6633,     7477.0061,     6926.6262,     7215.6836,     7513.2250,
37819                         , 3, 34,   11.8540,   7135.3962,  0.345158,  0.354531,  0.363904,   31.0526,   46.3851,   61.7175,    1.453209,     6815.0203,     7103.5215,     7400.4499,     6887.7907,     7176.6482,     7473.9699,     6924.3731,     7213.4156,     7510.9407,
37819                         , 3, 35,   12.3813,   7127.8275,  0.345158,  0.354531,  0.363904,   31.0526,   46.3851,   61.7175,    1.453209,     6805.0418,     7093.4824,     7390.3441,     6881.1091,     7169.9237,     7467.1987,     6919.3467,     7208.3560,     7505.8450,
37819                         , 3, 36,   12.5016,   7125.7872,  0.345158,  0.354531,  0.363904,   31.0526,   46.3851,   61.7175,    1.453209,     6802.7659,     7091.1928,     7388.0394,     6879.5849,     7168.3899,     7465.6543,     6918.1999,     7207.2017,     7504.6826,
37819                         , 3, 37,   12.8948,   7120.3333,  0.345158,  0.354531,  0.363904,   31.0526,   46.3851,   61.7175,    1.453209,     6795.3364,     7083.7189,     7380.5169,     6874.6092,     7163.3828,     7460.6130,     6914.4561,     7203.4335,     7500.8877,
37819                         , 3, 38,   13.4222,   7112.5928,  0.345158,  0.354531,  0.363904,   31.0526,   46.3851,   61.7175,    1.453209,     6785.3880,     7073.7128,     7370.4468,     6867.9473,     7156.6797,     7453.8649,     6909.4432,     7198.3890,     7495.8083,
37819                         , 3, 39,   13.6932,   7108.4557,  0.345158,  0.354531,  0.363904,   31.0526,   46.3851,   61.7175,    1.453209,     6780.2851,     7068.5807,     7365.2829,     6864.5304,     7153.2426,     7450.4050,     6906.8721,     7195.8026,     7493.2044,
37819                         , 3, 40,   13.9285,   7104.3166,  0.345158,  0.354531,  0.363904,   31.0526,   46.3851,   61.7175,    1.453209,     6775.8613,     7064.1321,     7360.8069,     6861.5684,     7150.2637,     7447.4069,     6904.6438,     7193.5611,     7490.9485,
37819                         , 3, 41,   14.3765,   7097.5955,  0.345158,  0.354531,  0.363904,   31.0526,   46.3851,   61.7175,    1.453209,     6767.4479,     7055.6726,     7352.2964,     6855.9366,     7144.6003,     7441.7087,     6900.4084,     7189.3011,     7486.6617,
37819                         , 3, 42,   14.6172,   7094.0242,  0.345158,  0.354531,  0.363904,   31.0526,   46.3851,   61.7175,    1.453209,     6762.9362,     7051.1371,     7347.7340,     6852.9179,     7141.5650,     7438.6551,     6898.1393,     7187.0191,     7484.3656,
37819                         , 3, 43,   14.8523,   7090.5492,  0.345158,  0.354531,  0.363904,   31.0526,   46.3851,   61.7175,    1.453209,     6758.5335,     7046.7116,     7343.2826,     6849.9732,     7138.6043,     7435.6769,     6895.9264,     7184.7939,     7482.1269,
37819                         , 3, 44,   15.3778,   7082.5529,  0.345158,  0.354531,  0.363904,   31.0526,   46.3851,   61.7175,    1.453209,     6748.7032,     7036.8315,     7333.3458,     6843.4025,     7131.9990,     7429.0334,     6890.9922,     7179.8329,     7477.1367,
37819                         , 3, 45,   15.5369,   7080.6637,  0.345158,  0.354531,  0.363904,   31.0526,   46.3851,   61.7175,    1.453209,     6745.7307,     7033.8439,     7330.3413,     6841.4171,     7130.0032,     7427.0263,     6889.5021,     7178.3350,     7475.6301,
37819                         , 3, 46,   15.8878,   7075.4107,  0.345158,  0.354531,  0.363904,   31.0526,   46.3851,   61.7175,    1.453209,     6739.1766,     7027.2565,     7323.7169,     6837.0415,     7125.6052,     7422.6036,     6886.2200,     7175.0358,     7472.3122,
37819                         , 3, 47,   16.4148,   7067.9408,  0.345158,  0.354531,  0.363904,   31.0526,   46.3851,   61.7175,    1.453209,     6729.3330,     7017.3632,     7313.7682,     6830.4774,     7119.0077,     7415.9683,     6881.3003,     7170.0912,     7467.3398,
37819                         , 3, 48,   16.6879,   7063.5580,  0.345158,  0.354531,  0.363904,   31.0526,   46.3851,   61.7175,    1.453209,     6724.2279,     7012.2323,     7308.6085,     6827.0764,     7115.5889,     7412.5298,     6878.7535,     7167.5314,     7464.7654,
37819                         , 3, 49,   16.9190,   7060.0229,  0.345158,  0.354531,  0.363904,   31.0526,   46.3851,   61.7175,    1.453209,     6719.9040,     7007.8865,     7304.2380,     6824.1972,     7112.6944,     7409.6186,     6876.5987,     7165.3653,     7462.5867,
37819                         , 3, 50,   17.0330,   7058.4168,  0.345158,  0.354531,  0.363904,   31.0526,   46.3851,   61.7175,    1.453209,     6717.7706,     7005.7421,     7302.0815,     6822.7769,     7111.2667,     7408.1825,     6875.5361,     7164.2971,     7461.5124,
37819                         , 3, 51,   17.7197,   7047.9958,  0.345158,  0.354531,  0.363904,   31.0526,   46.3851,   61.7175,    1.453209,     6704.8854,     6992.7894,     7289.0533,     6814.2034,     7102.6469,     7399.5117,     6869.1248,     7157.8516,     7455.0291,
37819                         , 3, 52,   17.9528,   7044.7695,  0.345158,  0.354531,  0.363904,   31.0526,   46.3851,   61.7175,    1.453209,     6700.4972,     6988.3774,     7284.6149,     6811.2848,     7099.7121,     7396.5591,     6866.9433,     7155.6581,     7452.8224,
37819                         , 3, 53,   18.0629,   7043.0658,  0.345158,  0.354531,  0.363904,   31.0526,   46.3851,   61.7175,    1.453209,     6698.4210,     6986.2898,     7282.5145,     6809.9041,     7098.3236,     7395.1621,     6865.9114,     7154.6205,     7451.7785,
37819                         , 3, 54,   18.6381,   7034.3293,  0.345158,  0.354531,  0.363904,   31.0526,   46.3851,   61.7175,    1.453209,     6687.5432,     6975.3504,     7271.5066,     6802.6709,     7091.0484,     7387.8406,     6860.5061,     7149.1843,     7446.3082,
37819                         , 3, 55,   18.8684,   7029.9839,  0.345158,  0.354531,  0.363904,   31.0526,   46.3851,   61.7175,    1.453209,     6683.1711,     6970.9526,     7267.0802,     6799.7637,     7088.1236,     7384.8965,     6858.3336,     7146.9989,     7444.1085,
37819                         , 3, 56,   19.0953,   7026.5626,  0.345158,  0.354531,  0.363904,   31.0526,   46.3851,   61.7175,    1.453209,     6678.8514,     6966.6069,     7262.7056,     6796.8910,     7085.2332,     7381.9866,     6856.1868,     7144.8390,     7441.9343,
37819                         , 3, 57,   19.6705,   7017.3404,  0.345158,  0.354531,  0.363904,   31.0526,   46.3851,   61.7175,    1.453209,     6667.8549,     6955.5416,     7251.5642,     6789.5763,     7077.8717,     7374.5734,     6850.7194,     7139.3368,     7436.3939,
37819                         , 3, 58,   19.8990,   7013.6334,  0.345158,  0.354531,  0.363904,   31.0526,   46.3851,   61.7175,    1.453209,     6665.5503,     6953.7369,     7248.0857,     6786.8720,     7075.5069,     7371.6136,     6848.5370,     7137.1399,     7434.1810,
37819                         , 4,  1,    0.0000,   7011.8508,  0.334585,  0.344829,  0.355072,   31.7089,   40.2329,   48.7569,    4.310983,     6709.2557,     7015.8963,     7332.2777,     6709.2557,     7015.8963,     7332.2777,     6709.2557,     7015.8963,     7332.2777,
37819                         , 4,  2,    0.6846,   6999.3510,  0.334585,  0.344829,  0.355072,   31.7089,   40.2329,   48.7569,    4.310983,     6694.1472,     7000.7252,     7317.0364,     6697.3628,     7003.9550,     7320.2821,     6699.4539,     7006.0554,     7322.3929,
37819                         , 4,  3,    0.9162,   6996.0747,  0.334585,  0.344829,  0.355072,   31.7089,   40.2329,   48.7569,    4.310983,     6689.0169,     6995.5727,     7311.8591,     6693.3235,     6999.8985,     7316.2063,     6696.1242,     7002.7116,     7319.0334,
37819                         , 4,  4,    1.5571,   6984.8533,  0.334585,  0.344829,  0.355072,   31.7089,   40.2329,   48.7569,    4.310983,     6674.7893,     6981.2812,     7297.4967,     6682.1195,     6988.6446,     7304.8970,     6686.8863,     6993.4329,     7309.7094,
37819                         , 4,  5,    1.9450,   6978.5055,  0.334585,  0.344829,  0.355072,   31.7089,   40.2329,   48.7569,    4.310983,     6666.1555,     6972.6080,     7288.7791,     6675.3194,     6981.8135,     7298.0310,     6681.2784,     6987.7996,     7304.0474,
37819                         , 4,  6,    2.3542,   6971.3322,  0.334585,  0.344829,  0.355072,   31.7089,   40.2329,   48.7569,    4.310983,     6657.0366,     6963.4464,     7279.5703,     6668.1364,     6974.5968,     7290.7772,     6675.3541,     6981.8476,     7298.0648,
37819                         , 4,  7,    2.5107,   6968.3954,  0.334585,  0.344829,  0.355072,   31.7089,   40.2329,   48.7569,    4.310983,     6653.5454,     6959.9390,     7276.0445,     6665.3862,     6971.8338,     7287.9996,     6673.0856,     6979.5686,     7295.7738,
37819                         , 4,  8,    2.8550,   6963.9103,  0.334585,  0.344829,  0.355072,   31.7089,   40.2329,   48.7569,    4.310983,     6645.8612,     6952.2186,     7268.2838,     6659.3328,     6965.7518,     7281.8857,     6668.0924,     6974.5517,     7290.7306,
37819                         , 4,  9,    3.9907,   6945.8972,  0.334585,  0.344829,  0.355072,   31.7089,   40.2329,   48.7569,    4.310983,     6620.4883,     6926.7261,     7242.6575,     6639.3441,     6945.6680,     7261.6958,     6651.6035,     6957.9840,     7274.0751,
37819                         , 4, 10,    4.2876,   6941.5490,  0.334585,  0.344829,  0.355072,   31.7089,   40.2329,   48.7569,    4.310983,     6613.8516,     6920.0582,     7235.9547,     6634.1159,     6940.4150,     7256.4150,     6647.2909,     6953.6507,     7269.7188,
37819                         , 4, 11,    4.5614,   6937.2464,  0.334585,  0.344829,  0.355072,   31.7089,   40.2329,   48.7569,    4.310983,     6607.7281,     6913.9061,     7229.7705,     6629.2923,     6935.5685,     7251.5430,     6643.3121,     6949.6530,     7265.6998,
37819                         , 4, 12,    4.9077,   6931.7030,  0.334585,  0.344829,  0.355072,   31.7089,   40.2329,   48.7569,    4.310983,     6599.9848,     6906.1266,     7221.9504,     6623.1931,     6929.4404,     7245.3827,     6638.2814,     6944.5983,     7260.6184,
37819                         , 4, 13,    5.2311,   6926.5343,  0.334585,  0.344829,  0.355072,   31.7089,   40.2329,   48.7569,    4.310983,     6592.7510,     6898.8592,     7214.6452,     6617.4956,     6923.7162,     7239.6283,     6633.5824,     6939.8770,     7255.8722,
37819                         , 4, 14,    5.5846,   6922.5012,  0.334585,  0.344829,  0.355072,   31.7089,   40.2329,   48.7569,    4.310983,     6584.8429,     6890.9145,     7206.6593,     6611.2678,     6917.4590,     7233.3384,     6628.4464,     6934.7167,     7250.6847,
37819                         , 4, 15,    6.0378,   6915.8254,  0.334585,  0.344829,  0.355072,   31.7089,   40.2329,   48.7569,    4.310983,     6574.7002,     6880.7249,     7196.4169,     6603.2811,     6909.4350,     7225.2723,     6621.8607,     6928.1000,     7244.0331,
37819                         , 4, 16,    6.3378,   6910.9318,  0.334585,  0.344829,  0.355072,   31.7089,   40.2329,   48.7569,    4.310983,     6567.9830,     6873.9766,     7189.6336,     6597.9925,     6904.1215,     7219.9310,     6617.5004,     6923.7190,     7239.6291,
37819                         , 4, 17,    6.6023,   6906.8032,  0.334585,  0.344829,  0.355072,   31.7089,   40.2329,   48.7569,    4.310983,     6562.0583,     6868.0246,     7183.6506,     6593.3284,     6899.4355,     7215.2204,     6613.6553,     6919.8558,     7235.7455,
37819                         , 4, 18,    7.0589,   6899.8088,  0.334585,  0.344829,  0.355072,   31.7089,   40.2329,   48.7569,    4.310983,     6551.8259,     6857.7447,     7173.3171,     6585.2742,     6891.3435,     7207.0857,     6607.0163,     6913.1854,     7229.0399,
37819                         , 4, 19,    7.3594,   6895.5956,  0.334585,  0.344829,  0.355072,   31.7089,   40.2329,   48.7569,    4.310983,     6545.0853,     6850.9726,     7166.5095,     6579.9693,     6886.0134,     7201.7276,     6602.6442,     6908.7925,     7224.6237,
37819                         , 4, 20,    7.5097,   6892.8912,  0.334585,  0.344829,  0.355072,   31.7089,   40.2329,   48.7569,    4.310983,     6541.7115,     6847.5830,     7163.1020,     6577.3144,     6883.3460,     7199.0458,     6600.4562,     6906.5941,     7222.4136,
37819                         , 4, 21,    7.9670,   6885.2859,  0.334585,  0.344829,  0.355072,   31.7089,   40.2329,   48.7569,    4.310983,     6531.4359,     6837.2588,     7152.7228,     6569.2292,     6875.2220,     7190.8782,     6593.7940,     6899.8999,     7215.6834,
37819                         , 4, 22,    8.2971,   6880.1477,  0.334585,  0.344829,  0.355072,   31.7089,   40.2329,   48.7569,    4.310983,     6524.0096,     6829.7969,     7145.2206,     6563.3868,     6869.3512,     7184.9756,     6588.9805,     6895.0630,     7210.8203,
37819                         , 4, 23,    8.5331,   6876.5418,  0.334585,  0.344829,  0.355072,   31.7089,   40.2329,   48.7569,    4.310983,     6518.6942,     6824.4556,     7139.8502,     6559.2055,     6865.1495,     7180.7507,     6585.5360,     6891.6016,     7207.3398,
37819                         , 4, 24,    8.9847,   6869.2725,  0.334585,  0.344829,  0.355072,   31.7089,   40.2329,   48.7569,    4.310983,     6508.5052,     6814.2154,     7129.5516,     6551.1918,     6857.0955,     7172.6509,     6578.9351,     6884.9677,     7200.6685,
37819                         , 4, 25,    9.3172,   6864.1815,  0.334585,  0.344829,  0.355072,   31.7089,   40.2329,   48.7569,    4.310983,     6500.9864,     6806.6575,     7121.9494,     6545.2799,     6851.1524,     7166.6727,     6574.0666,     6880.0735,     7195.7453,
37819                         , 4, 26,    9.5520,   6860.1717,  0.334585,  0.344829,  0.355072,   31.7089,   40.2329,   48.7569,    4.310983,     6495.6672,     6801.3100,     7116.5701,     6541.0980,     6846.9480,     7162.4429,     6570.6231,     6876.6114,     7192.2624,
37819                         , 4, 27,   10.0032,   6852.9240,  0.334585,  0.344829,  0.355072,   31.7089,   40.2329,   48.7569,    4.310983,     6485.4208,     6791.0078,     7106.2051,     6533.0430,     6838.8485,     7154.2935,     6563.9911,     6869.9426,     7185.5525,
37819                         , 4, 28,   10.3007,   6848.2326,  0.334585,  0.344829,  0.355072,   31.7089,   40.2329,   48.7569,    4.310983,     6478.6439,     6784.1929,     7099.3472,     6527.7158,     6833.4910,     7148.9020,     6559.6053,     6865.5319,     7181.1138,
37819                         , 4, 29,   10.5660,   6844.3556,  0.334585,  0.344829,  0.355072,   31.7089,   40.2329,   48.7569,    4.310983,     6472.5872,     6778.1018,     7093.2172,     6522.9554,     6828.7030,     7144.0829,     6555.6864,     6861.5902,     7177.1464,
37819                         , 4, 30,   10.7970,   6840.9666,  0.334585,  0.344829,  0.355072,   31.7089,   40.2329,   48.7569,    4.310983,     6467.3047,     6772.7884,     7087.8692,     6518.8033,     6824.5265,     7139.8787,     6552.2685,     6858.1520,     7173.6855,
37819                         , 4, 31,   11.2349,   6834.2391,  0.334585,  0.344829,  0.355072,   31.7089,   40.2329,   48.7569,    4.310983,     6457.2572,     6762.6807,     7077.6934,     6510.9064,     6816.5814,     7131.8798,     6545.7680,     6851.6117,     7167.1009,
37819                         , 4, 32,   11.7027,   6827.0447,  0.334585,  0.344829,  0.355072,   31.7089,   40.2329,   48.7569,    4.310983,     6446.4823,     6751.8386,     7066.7762,     6502.4380,     6808.0595,     7123.2979,     6538.7972,     6844.5968,     7160.0365,
37819                         , 4, 33,   11.9252,   6823.8131,  0.334585,  0.344829,  0.355072,   31.7089,   40.2329,   48.7569,    4.310983,     6441.3409,     6746.6643,     7061.5649,     6498.3972,     6803.9925,     7119.2014,     6535.4710,     6841.2488,     7156.6644,
37819                         , 4, 34,   12.2508,   6818.9753,  0.334585,  0.344829,  0.355072,   31.7089,   40.2329,   48.7569,    4.310983,     6433.7970,     6739.0712,     7053.9163,     6492.4681,     6798.0238,     7113.1889,     6530.5904,     6836.3355,     7151.7148,
37819                         , 4, 35,   12.4862,   6815.1375,  0.334585,  0.344829,  0.355072,   31.7089,   40.2329,   48.7569,    4.310983,     6428.3282,     6733.5657,     7048.3699,     6488.1698,     6793.6963,     7108.8286,     6527.0520,     6832.7730,     7148.1253,
37819                         , 4, 36,   12.9355,   6808.0594,  0.334585,  0.344829,  0.355072,   31.7089,   40.2329,   48.7569,    4.310983,     6417.8568,     6723.0224,     7037.7461,     6479.9392,     6785.4081,     7100.4762,     6520.2764,     6825.9496,     7141.2489,
37819                         , 4, 37,   13.3482,   6801.7115,  0.334585,  0.344829,  0.355072,   31.7089,   40.2329,   48.7569,    4.310983,     6408.2014,     6713.2991,     7027.9464,     6472.3495,     6777.7635,     7092.7709,     6514.0280,     6819.6556,     7134.9044,
37819                         , 4, 38,   13.5005,   6798.9659,  0.334585,  0.344829,  0.355072,   31.7089,   40.2329,   48.7569,    4.310983,     6404.6276,     6709.6993,     7024.3178,     6469.5401,     6774.9335,     7089.9176,     6511.7148,     6817.3253,     7132.5551,
37819                         , 4, 39,   13.8419,   6794.0880,  0.334585,  0.344829,  0.355072,   31.7089,   40.2329,   48.7569,    4.310983,     6396.6027,     6701.6158,     7016.1686,     6463.2315,     6768.5775,     7083.5090,     6506.5202,     6812.0914,     7127.2775,
37819                         , 4, 40,   14.3609,   6785.1131,  0.334585,  0.344829,  0.355072,   31.7089,   40.2329,   48.7569,    4.310983,     6384.3563,     6689.2775,     7003.7276,     6453.6023,     6758.8741,     7073.7233,     6498.5907,     6804.1000,     7119.2175,
37819                         , 4, 41,   14.5132,   6782.3069,  0.334585,  0.344829,  0.355072,   31.7089,   40.2329,   48.7569,    4.310983,     6380.7531,     6685.6467,     7000.0660,     6450.7692,     6756.0189,     7070.8433,     6496.2573,     6801.7481,     7116.8450,
37819                         , 4, 42,   14.8551,   6776.9242,  0.334585,  0.344829,  0.355072,   31.7089,   40.2329,   48.7569,    4.310983,     6372.6473,     6677.4782,     6991.8262,     6444.3947,     6749.5936,     7064.3616,     6491.0070,     6796.4554,     7111.5053,
37819                         , 4, 43,   15.3721,   6768.3338,  0.334585,  0.344829,  0.355072,   31.7089,   40.2329,   48.7569,    4.310983,     6360.3532,     6665.0869,     6979.3204,     6434.7250,     6739.8452,     7054.5225,     6483.0411,     6788.4238,     7103.3992,
37819                         , 4, 44,   15.5245,   6766.6525,  0.334585,  0.344829,  0.355072,   31.7089,   40.2329,   48.7569,    4.310983,     6356.7231,     6661.4270,     6975.6261,     6431.8695,     6736.9663,     7051.6158,     6480.6886,     6786.0515,     7101.0039,
37819                         , 4, 45,   15.8660,   6761.3400,  0.334585,  0.344829,  0.355072,   31.7089,   40.2329,   48.7569,    4.310983,     6348.5730,     6653.2083,     6967.3292,     6425.4579,     6730.5004,     7045.0867,     6475.4056,     6780.7236,     7095.6233,
37819                         , 4, 46,   16.1859,   6756.2473,  0.334585,  0.344829,  0.355072,   31.7089,   40.2329,   48.7569,    4.310983,     6340.9223,     6645.4913,     6959.5381,     6419.4386,     6724.4286,     7038.9546,     6470.4454,     6775.7198,     7090.5693,
37819                         , 4, 47,   16.6445,   6748.8308,  0.334585,  0.344829,  0.355072,   31.7089,   40.2329,   48.7569,    4.310983,     6329.9344,     6634.4069,     6948.3460,     6410.7939,     6715.7059,     7030.1447,     6463.3205,     6768.5306,     7083.3069,
37819                         , 4, 48,   16.7655,   6747.0474,  0.334585,  0.344829,  0.355072,   31.7089,   40.2329,   48.7569,    4.310983,     6327.0324,     6631.4793,     6945.3898,     6408.5109,     6713.4018,     7027.8176,     6461.4388,     6766.6314,     7081.3882,
37819                         , 4, 49,   17.1955,   6740.1784,  0.334585,  0.344829,  0.355072,   31.7089,   40.2329,   48.7569,    4.310983,     6316.7058,     6621.0611,     6934.8695,     6400.3860,     6705.2021,     7019.5349,     6454.7421,     6759.8719,     7074.5591,
37819                         , 4, 50,   17.6578,   6732.0403,  0.334585,  0.344829,  0.355072,   31.7089,   40.2329,   48.7569,    4.310983,     6305.5843,     6609.8408,     6923.5386,     6391.6352,     6696.3701,     7010.6130,     6447.5290,     6752.5904,     7067.2019,
37819                         , 4, 51,   17.8806,   6728.1584,  0.334585,  0.344829,  0.355072,   31.7089,   40.2329,   48.7569,    4.310983,     6300.2228,     6604.4316,     6918.0761,     6387.4164,     6692.1121,     7006.3115,     6444.0514,     6749.0796,     7063.6545,
37819                         , 4, 52,   18.2038,   6722.4859,  0.334585,  0.344829,  0.355072,   31.7089,   40.2329,   48.7569,    4.310983,     6292.4372,     6596.5766,     6910.1435,     6381.2899,     6685.9287,     7000.0648,     6439.0011,     6743.9811,     7058.5027,
37819                         , 4, 53,   18.6648,   6715.0567,  0.334585,  0.344829,  0.355072,   31.7089,   40.2329,   48.7569,    4.310983,     6281.3293,     6585.3698,     6898.8263,     6372.5492,     6677.1067,     6991.1526,     6431.7957,     6736.7068,     7051.1523,
37819                         , 4, 54,   18.7764,   6713.3124,  0.334585,  0.344829,  0.355072,   31.7089,   40.2329,   48.7569,    4.310983,     6278.6391,     6582.6558,     6896.0855,     6370.4324,     6674.9702,     6988.9942,     6430.0507,     6734.9451,     7049.3722,
37819                         , 4, 55,   19.2930,   6704.6881,  0.334585,  0.344829,  0.355072,   31.7089,   40.2329,   48.7569,    4.310983,     6266.1844,     6570.0908,     6883.3971,     6360.6327,     6665.0795,     6979.0027,     6421.9726,     6726.7899,     7041.1318,
37819                         , 4, 56,   19.4367,   6702.2803,  0.334585,  0.344829,  0.355072,   31.7089,   40.2329,   48.7569,    4.310983,     6262.7194,     6566.5953,     6879.8674,     6357.9066,     6662.3282,     6976.2233,     6419.7255,     6724.5215,     7038.8397,
37819                         , 4, 57,   19.7823,   6695.6907,  0.334585,  0.344829,  0.355072,   31.7089,   40.2329,   48.7569,    4.310983,     6259.5032,     6563.0158,     6875.9950,     6354.0228,     6658.1574,     6971.8192,     6415.7956,     6720.3536,     7034.4775,
37819                         , 5,  1,    0.0000,   6314.9441,  0.308052,  0.321412,  0.334771,   40.8365,   45.1501,   49.4638,    1.770002,     5952.5329,     6323.7088,     6709.7933,     5952.5329,     6323.7088,     6709.7933,     5952.5329,     6323.7088,     6709.7933,
37819                         , 5,  2,    0.2102,   6310.9616,  0.308052,  0.321412,  0.334771,   40.8365,   45.1501,   49.4638,    1.770002,     5948.4529,     6319.6125,     6705.6768,     5948.8427,     6320.0039,     6706.0701,     5949.1645,     6320.3270,     6706.3948,
37819                         , 5,  3,    0.7093,   6300.2559,  0.308052,  0.321412,  0.334771,   40.8365,   45.1501,   49.4638,    1.770002,     5938.7635,     6309.8843,     6695.9009,     5940.0789,     6311.2050,     6697.2280,     5941.1649,     6312.2953,     6698.3236,
37819                         , 5,  4,    0.9109,   6296.8378,  0.308052,  0.321412,  0.334771,   40.8365,   45.1501,   49.4638,    1.770002,     5934.8478,     6305.9532,     6691.9506,     5936.5374,     6307.6494,     6693.6550,     5937.9322,     6309.0497,     6695.0621,
37819                         , 5,  5,    0.9749,   6295.9738,  0.308052,  0.321412,  0.334771,   40.8365,   45.1501,   49.4638,    1.770002,     5933.6034,     6304.7038,     6690.6951,     5935.4118,     6306.5194,     6692.5195,     5936.9048,     6308.0182,     6694.0256,
37819                         , 5,  6,    1.4673,   6284.0615,  0.308052,  0.321412,  0.334771,   40.8365,   45.1501,   49.4638,    1.770002,     5924.0398,     6295.1028,     6681.0478,     5926.7620,     6297.8356,     6683.7937,     5929.0093,     6300.0916,     6686.0605,
37819                         , 5,  7,    1.7258,   6279.7536,  0.308052,  0.321412,  0.334771,   40.8365,   45.1501,   49.4638,    1.770002,     5919.0182,     6290.0619,     6675.9829,     5922.2203,     6293.2763,     6679.2126,     5924.8637,     6295.9299,     6681.8788,
37819                         , 5,  8,    1.9486,   6275.8950,  0.308052,  0.321412,  0.334771,   40.8365,   45.1501,   49.4638,    1.770002,     5914.6912,     6285.7184,     6671.6188,     5918.3069,     6289.3479,     6675.2655,     5921.2917,     6292.3441,     6678.2759,
37819                         , 5,  9,    2.4720,   6265.9034,  0.308052,  0.321412,  0.334771,   40.8365,   45.1501,   49.4638,    1.770002,     5904.5255,     6275.5148,     6661.3675,     5909.1131,     6280.1196,     6665.9939,     5912.9001,     6283.9209,     6669.8130,
37819                         , 5, 10,    2.6974,   6261.5726,  0.308052,  0.321412,  0.334771,   40.8365,   45.1501,   49.4638,    1.770002,     5900.1491,     6271.1224,     6656.9550,     5905.1554,     6276.1472,     6662.0031,     5909.2879,     6280.2952,     6666.1705,
37819                         , 5, 11,    2.9173,   6256.9667,  0.308052,  0.321412,  0.334771,   40.8365,   45.1501,   49.4638,    1.770002,     5895.8790,     6266.8367,     6652.6498,     5901.2938,     6272.2715,     6658.1097,     5905.7635,     6276.7578,     6662.6168,
37819                         , 5, 12,    3.5229,   6245.3912,  0.308052,  0.321412,  0.334771,   40.8365,   45.1501,   49.4638,    1.770002,     5884.1201,     6255.0361,     6640.7962,     5890.6606,     6261.6003,     6647.3903,     5896.0594,     6267.0187,     6652.8335,
37819                         , 5, 13,    3.7749,   6240.5647,  0.308052,  0.321412,  0.334771,   40.8365,   45.1501,   49.4638,    1.770002,     5879.2285,     6250.1275,     6635.8658,     5886.2376,     6257.1617,     6642.9320,     5892.0232,     6262.9682,     6648.7649,
37819                         , 5, 14,    4.0000,   6236.6450,  0.308052,  0.321412,  0.334771,   40.8365,   45.1501,   49.4638,    1.770002,     5874.8573,     6245.7412,     6631.4603,     5882.2854,     6253.1957,     6638.9484,     5888.4166,     6259.3490,     6645.1297,
37819                         , 5, 15,    4.6385,   6225.0171,  0.308052,  0.321412,  0.334771,   40.8365,   45.1501,   49.4638,    1.770002,     5862.4532,     6233.2948,     6618.9595,     5871.0712,     6241.9429,     6627.6462,     5878.1843,     6249.0812,     6634.8166,
37819                         , 5, 16,    4.9666,   6219.0903,  0.308052,  0.321412,  0.334771,   40.8365,   45.1501,   49.4638,    1.770002,     5856.0764,     6226.8963,     6612.5332,     5865.3066,     6236.1587,     6621.8366,     5872.9250,     6243.8039,     6629.5161,
37819                         , 5, 17,    5.3795,   6211.7002,  0.308052,  0.321412,  0.334771,   40.8365,   45.1501,   49.4638,    1.770002,     5848.0443,     6218.8369,     6604.4386,     5858.0464,     6228.8735,     6614.5196,     5866.3017,     6237.1577,     6622.8407,
37819                         , 5, 18,    5.6729,   6206.4350,  0.308052,  0.321412,  0.334771,   40.8365,   45.1501,   49.4638,    1.770002,     5842.3339,     6213.1068,     6598.6834,     5852.8851,     6223.6944,     6609.3175,     5861.5935,     6232.4331,     6618.0952,
37819                         , 5, 19,    6.0404,   6199.7965,  0.308052,  0.321412,  0.334771,   40.8365,   45.1501,   49.4638,    1.770002,     5835.1702,     6205.9184,     6591.4627,     5846.4108,     6217.1975,     6602.7915,     5855.6880,     6226.5069,     6612.1423,
37819                         , 5, 20,    6.4242,   6192.9494,  0.308052,  0.321412,  0.334771,   40.8365,   45.1501,   49.4638,    1.770002,     5827.6782,     6198.3997,     6583.9098,     5839.6403,     6210.4027,     6595.9656,     5849.5127,     6220.3094,     6605.9165,
37819                         , 5, 21,    6.6775,   6187.8174,  0.308052,  0.321412,  0.334771,   40.8365,   45.1501,   49.4638,    1.770002,     5822.7266,     6193.4302,     6578.9173,     5835.1658,     6205.9119,     6591.4539,     5845.4317,     6216.2136,     6601.8016,
37819                         , 5, 22,    7.0063,   6181.4935,  0.308052,  0.321412,  0.334771,   40.8365,   45.1501,   49.4638,    1.770002,     5816.2888,     6186.9685,     6572.4249,     5829.3486,     6200.0729,     6585.5871,     5840.1265,     6210.8884,     6596.4510,
37819                         , 5, 23,    7.4214,   6173.3763,  0.308052,  0.321412,  0.334771,   40.8365,   45.1501,   49.4638,    1.770002,     5808.1440,     6178.7923,     6564.2084,     5821.9893,     6192.6850,     6578.1628,     5833.4153,     6204.1510,     6589.6804,
37819                         , 5, 24,    7.6478,   6169.2188,  0.308052,  0.321412,  0.334771,   40.8365,   45.1501,   49.4638,    1.770002,     5803.6935,     6174.3241,     6559.7176,     5817.9682,     6188.6477,     6574.1050,     5829.7483,     6200.4693,     6585.9800,
37819                         , 5, 25,    7.9758,   6163.0212,  0.308052,  0.321412,  0.334771,   40.8365,   45.1501,   49.4638,    1.770002,     5797.2324,     6167.8366,     6553.1964,     5812.1306,     6182.7861,     6568.2128,     5824.4252,     6195.1240,     6580.6068,
37819                         , 5, 26,    8.3848,   6155.2103,  0.308052,  0.321412,  0.334771,   40.8365,   45.1501,   49.4638,    1.770002,     5789.1533,     6159.7227,     6545.0389,     5804.8312,     6175.4551,     6560.8422,     5817.7690,     6188.4389,     6573.8856,
37819                         , 5, 27,    8.6028,   6151.1224,  0.308052,  0.321412,  0.334771,   40.8365,   45.1501,   49.4638,    1.770002,     5784.8380,     6155.3884,     6540.6804,     5800.9325,     6171.5389,     6556.9042,     5814.2139,     6184.8678,     6570.2944,
37819                         , 5, 28,    9.0426,   6143.1324,  0.308052,  0.321412,  0.334771,   40.8365,   45.1501,   49.4638,    1.770002,     5776.1105,     6146.6209,     6531.8624,     5793.0473,     6163.6173,     6548.9367,     5807.0236,     6177.6440,     6563.0288,
37819                         , 5, 29,    9.4257,   6136.1950,  0.308052,  0.321412,  0.334771,   40.8365,   45.1501,   49.4638,    1.770002,     5768.4829,     6138.9563,     6524.1522,     5786.1559,     6156.6920,     6541.9698,     5800.7392,     6171.3287,     6556.6753,
37819                         , 5, 30,    9.6396,   6132.2308,  0.308052,  0.321412,  0.334771,   40.8365,   45.1501,   49.4638,    1.770002,     5764.2145,     6134.6666,     6519.8361,     5782.2992,     6152.8160,     6538.0697,     5797.2223,     6167.7939,     6553.1185,
37819                         , 5, 31,   10.0041,   6125.0732,  0.308052,  0.321412,  0.334771,   40.8365,   45.1501,   49.4638,    1.770002,     5756.9267,     6127.3418,     6512.4649,     5775.7144,     6146.1973,     6531.4089,     5791.2173,     6161.7577,     6547.0437,
37819                         , 5, 32,   10.3849,   6117.5059,  0.308052,  0.321412,  0.334771,   40.8365,   45.1501,   49.4638,    1.770002,     5749.2908,     6119.6654,     6504.7385,     5768.8148,     6139.2605,     6524.4264,     5784.9249,     6155.4311,     6540.6751,
37819                         , 5, 33,   10.6400,   6112.7260,  0.308052,  0.321412,  0.334771,   40.8365,   45.1501,   49.4638,    1.770002,     5744.1652,     6114.5120,     6499.5508,     5764.1831,     6134.6033,     6519.7379,     5780.7007,     6151.1834,     6536.3986,
37819                         , 5, 34,   10.9643,   6106.7783,  0.308052,  0.321412,  0.334771,   40.8365,   45.1501,   49.4638,    1.770002,     5737.6354,     6107.9460,     6492.9401,     5758.2824,     6128.6694,     6513.7632,     5775.3188,     6145.7708,     6530.9485,
37819                         , 5, 35,   11.3768,   6098.8639,  0.308052,  0.321412,  0.334771,   40.8365,   45.1501,   49.4638,    1.770002,     5729.3148,     6099.5783,     6484.5143,     5750.7631,     6121.1067,     6506.1473,     5768.4603,     6138.8722,     6524.0010,
37819                         , 5, 36,   11.5942,   6094.7719,  0.308052,  0.321412,  0.334771,   40.8365,   45.1501,   49.4638,    1.770002,     5724.9207,     6095.1589,     6480.0639,     5746.7919,     6117.1123,     6502.1244,     5764.8380,     6135.2283,     6520.3308,
37819                         , 5, 37,   11.9234,   6088.6394,  0.308052,  0.321412,  0.334771,   40.8365,   45.1501,   49.4638,    1.770002,     5718.2606,     6088.4603,     6473.3176,     5740.7728,     6111.0575,     6496.0259,     5759.3475,     6129.7046,     6514.7668,
37819                         , 5, 38,   12.3340,   6080.8846,  0.308052,  0.321412,  0.334771,   40.8365,   45.1501,   49.4638,    1.770002,     5709.9429,     6080.0937,     6464.8910,     5733.2552,     6103.4947,     6488.4080,     5752.4896,     6122.8049,     6507.8162,
37819                         , 5, 39,   12.8852,   6070.4883,  0.308052,  0.321412,  0.334771,   40.8365,   45.1501,   49.4638,    1.770002,     5698.7607,     6068.8454,     6453.5614,     5723.1481,     6093.3266,     6478.1651,     5743.2691,     6113.5276,     6498.4697,
37819                         , 5, 40,   12.9883,   6068.5419,  0.308052,  0.321412,  0.334771,   40.8365,   45.1501,   49.4638,    1.770002,     5696.6673,     6066.7397,     6451.4404,     5721.2560,     6091.4230,     6476.2475,     5741.5430,     6111.7908,     6496.7199,
37819                         , 5, 41,   13.2904,   6062.8413,  0.308052,  0.321412,  0.334771,   40.8365,   45.1501,   49.4638,    1.770002,     5690.5307,     6060.5668,     6445.2229,     5715.7093,     6085.8426,     6470.6260,     5736.4827,     6106.6992,     6491.5901,
37819                         , 5, 42,   13.8391,   6051.9617,  0.308052,  0.321412,  0.334771,   40.8365,   45.1501,   49.4638,    1.770002,     5679.3832,     6049.3539,     6433.9292,     5705.6334,     6075.7060,     6460.4148,     5727.2903,     6097.4501,     6482.2720,
37819                         , 5, 43,   13.9441,   6050.0578,  0.308052,  0.321412,  0.334771,   40.8365,   45.1501,   49.4638,    1.770002,     5677.2475,     6047.2058,     6431.7656,     5703.7030,     6073.7641,     6458.4586,     5725.5292,     6095.6783,     6480.4869,
37819                         , 5, 44,   14.3543,   6041.9630,  0.308052,  0.321412,  0.334771,   40.8365,   45.1501,   49.4638,    1.770002,     5668.9110,     6038.8210,     6423.3211,     5696.1681,     6066.1842,     6450.8236,     5718.6551,     6088.7622,     6473.5196,
37819                         , 5, 45,   14.8989,   6031.8660,  0.308052,  0.321412,  0.334771,   40.8365,   45.1501,   49.4638,    1.770002,     5657.8409,     6027.6879,     6412.1094,     5686.1629,     6056.1202,     6440.6870,     5709.5277,     6079.5799,     6464.2699,
37819                         , 5, 46,   15.0061,   6029.7660,  0.308052,  0.321412,  0.334771,   40.8365,   45.1501,   49.4638,    1.770002,     5655.6622,     6025.4970,     6409.9032,     5684.1939,     6054.1398,     6438.6924,     5707.7316,     6077.7730,     6462.4498,
37819                         , 5, 47,   15.3858,   6022.5810,  0.308052,  0.321412,  0.334771,   40.8365,   45.1501,   49.4638,    1.770002,     5647.9453,     6017.7370,     6402.0893,     5677.2198,     6047.1255,     6431.6283,     5701.3698,     6071.3735,     6456.0041,
37819                         , 5, 48,   15.8528,   6014.5689,  0.308052,  0.321412,  0.334771,   40.8365,   45.1501,   49.4638,    1.770002,     5638.4538,     6008.1933,     6392.4801,     5668.6425,     6038.4994,     6422.9416,     5693.5460,     6063.5041,     6448.0783,
37819                         , 5, 49,   15.9589,   6012.5907,  0.308052,  0.321412,  0.334771,   40.8365,   45.1501,   49.4638,    1.770002,     5636.2980,     6006.0257,     6390.2978,     5666.6944,     6036.5404,     6420.9689,     5691.7692,     6061.7170,     6446.2784,
37819                         , 5, 50,   16.3693,   6004.6348,  0.308052,  0.321412,  0.334771,   40.8365,   45.1501,   49.4638,    1.770002,     5627.9557,     5997.6384,     6381.8537,     5659.1565,     6028.9602,     6413.3361,     5684.8940,     6054.8024,     6439.3149,
37819                         , 5, 51,   16.5843,   6000.6272,  0.308052,  0.321412,  0.334771,   40.8365,   45.1501,   49.4638,    1.770002,     5623.5850,     5993.2443,     6377.4300,     5655.2074,     6024.9892,     6409.3377,     5681.2924,     6051.1802,     6435.6672,
37819                         , 5, 52,   16.9157,   5994.5216,  0.308052,  0.321412,  0.334771,   40.8365,   45.1501,   49.4638,    1.770002,     5616.8454,     5986.4688,     6370.6090,     5649.1182,     6018.8664,     6403.1728,     5675.7392,     6045.5954,     6430.0433,
37819                         , 5, 53,   17.3974,   5985.5402,  0.308052,  0.321412,  0.334771,   40.8365,   45.1501,   49.4638,    1.770002,     5607.0442,     5976.6156,     6360.6898,     5640.2634,     6009.9630,     6394.2083,     5667.6645,     6037.4751,     6421.8662,
37819                         , 5, 54,   17.8651,   5976.8646,  0.308052,  0.321412,  0.334771,   40.8365,   45.1501,   49.4638,    1.770002,     5597.5193,     5967.0403,     6351.0506,     5631.6590,     6001.3115,     6385.4975,     5659.8186,     6029.5850,     6413.9210,
37819                         , 5, 55,   17.9677,   5974.9113,  0.308052,  0.321412,  0.334771,   40.8365,   45.1501,   49.4638,    1.770002,     5595.4282,     5964.9382,     6348.9343,     5629.7701,     5999.4122,     6383.5852,     5658.0963,     6027.8530,     6412.1768,
37819                         , 5, 56,   18.3447,   5967.8191,  0.308052,  0.321412,  0.334771,   40.8365,   45.1501,   49.4638,    1.770002,     5587.7396,     5957.2088,     6341.1531,     5622.8253,     5992.4292,     6376.5540,     5651.7643,     6021.4852,     6405.7642,
37819                         , 5, 57,   18.5966,   5962.8927,  0.308052,  0.321412,  0.334771,   40.8365,   45.1501,   49.4638,    1.770002,     5582.5990,     5952.0408,     6335.9501,     5618.1821,     5987.7603,     6371.8528,     5647.5308,     6017.2277,     6401.4767,
37819                         , 5, 58,   18.9163,   5956.5086,  0.308052,  0.321412,  0.334771,   40.8365,   45.1501,   49.4638,    1.770002,     5576.0661,     5945.4730,     6329.3376,     5612.2816,     5981.8270,     6365.8781,     5642.1514,     6011.8175,     6396.0281,
37819                         , 5, 59,   19.4023,   5947.1926,  0.308052,  0.321412,  0.334771,   40.8365,   45.1501,   49.4638,    1.770002,     5566.1214,     5935.4742,     6319.2703,     5603.2999,     5972.7948,     6356.7823,     5633.9632,     6003.5819,     6387.7333,
37819                         , 5, 60,   19.6518,   5942.5863,  0.308052,  0.321412,  0.334771,   40.8365,   45.1501,   49.4638,    1.770002,     5561.0083,     5930.3332,     6314.0934,     5598.6822,     5968.1507,     6352.1052,     5629.7536,     5999.3475,     6383.4683,
37819                         , 5, 61,   19.8690,   5938.6067,  0.308052,  0.321412,  0.334771,   40.8365,   45.1501,   49.4638,    1.770002,     5559.6497,     5927.8400,     6312.7628,     5596.9074,     5965.3532,     6350.3651,     5627.7226,     5996.3854,     6381.4756,
37819                         , 6,  1,    0.0000,   5529.6201,  0.275554,  0.292586,  0.309618,   41.2511,   43.4079,   45.5647,    4.717903,     5099.7808,     5533.0846,     5987.7683,     5099.7808,     5533.0846,     5987.7683,     5099.7808,     5533.0846,     5987.7683,
37819                         , 6,  2,    0.4694,   5519.8539,  0.275554,  0.292586,  0.309618,   41.2511,   43.4079,   45.5647,    4.717903,     5088.6487,     5521.9334,     5976.5789,     5089.2042,     5522.4900,     5977.1377,     5089.7070,     5522.9940,     5977.6436,
37819                         , 6,  3,    0.7097,   5514.6269,  0.275554,  0.292586,  0.309618,   41.2511,   43.4079,   45.5647,    4.717903,     5082.9364,     5516.2108,     5970.8356,     5083.7770,     5517.0532,     5971.6814,     5084.5381,     5517.8159,     5972.4470,
37819                         , 6,  4,    1.0175,   5508.4984,  0.275554,  0.292586,  0.309618,   41.2511,   43.4079,   45.5647,    4.717903,     5075.6075,     5508.8677,     5963.4651,     5076.8143,     5510.0770,     5964.6793,     5077.9067,     5511.1719,     5965.7785,
37819                         , 6,  5,    1.4096,   5500.4149,  0.275554,  0.292586,  0.309618,   41.2511,   43.4079,   45.5647,    4.717903,     5066.2504,     5499.4907,     5954.0515,     5067.9248,     5501.1689,     5955.7365,     5069.4406,     5502.6881,     5957.2619,
37819                         , 6,  6,    2.0334,   5487.8392,  0.275554,  0.292586,  0.309618,   41.2511,   43.4079,   45.5647,    4.717903,     5051.3046,     5484.5095,     5939.0066,     5053.7266,     5486.9372,     5941.4446,     5055.9191,     5489.1349,     5943.6517,
37819                         , 6,  7,    2.3205,   5481.6554,  0.275554,  0.292586,  0.309618,   41.2511,   43.4079,   45.5647,    4.717903,     5044.3999,     5477.5864,     5932.0525,     5047.1675,     5480.3607,     5934.8387,     5049.6728,     5482.8721,     5937.3609,
37819                         , 6,  8,    3.4102,   5459.0184,  0.275554,  0.292586,  0.309618,   41.2511,   43.4079,   45.5647,    4.717903,     5018.0475,     5451.1533,     5905.4858,     5022.1350,     5455.2515,     5909.6027,     5025.8349,     5458.9612,     5913.3296,
37819                         , 6,  9,    3.6502,   5453.4127,  0.275554,  0.292586,  0.309618,   41.2511,   43.4079,   45.5647,    4.717903,     5012.2105,     5445.2963,     5899.5953,     5016.5905,     5449.6879,     5904.0075,     5020.5552,     5453.6632,     5908.0015,
37819                         , 6, 10,    3.9570,   5447.0731,  0.275554,  0.292586,  0.309618,   41.2511,   43.4079,   45.5647,    4.717903,     5004.7323,     5437.7901,     5892.0423,     5009.4871,     5442.5580,     5896.8331,     5013.7910,     5446.8739,     5901.1698,
37819                         , 6, 11,    4.4343,   5437.0555,  0.275554,  0.292586,  0.309618,   41.2511,   43.4079,   45.5647,    4.717903,     4993.0541,     5426.0606,     5880.2360,     4998.3947,     5431.4167,     5885.6186,     5003.2287,     5436.2648,     5890.4911,
37819                         , 6, 12,    4.6618,   5431.9692,  0.275554,  0.292586,  0.309618,   41.2511,   43.4079,   45.5647,    4.717903,     4987.4697,     5420.4506,     5874.5869,     4993.0906,     5426.0880,     5880.2528,     4998.1780,     5431.1907,     5885.3815,
37819                         , 6, 13,    4.9674,   5425.5538,  0.275554,  0.292586,  0.309618,   41.2511,   43.4079,   45.5647,    4.717903,     4979.9478,     5412.8923,     5866.9751,     4985.9461,     5418.9088,     5873.0225,     4991.3751,     5424.3546,     5878.4966,
37819                         , 6, 14,    5.4328,   5415.7067,  0.275554,  0.292586,  0.309618,   41.2511,   43.4079,   45.5647,    4.717903,     4968.4547,     5401.3408,     5855.3384,     4975.0298,     5407.9366,     5861.9690,     4980.9808,     5413.9066,     5867.9709,
37819                         , 6, 15,    7.9881,   5358.0801,  0.275554,  0.292586,  0.309618,   41.2511,   43.4079,   45.5647,    4.717903,     4904.5707,     5337.0853,     5790.5494,     4914.3539,     5346.9036,     5800.4258,     4923.2070,     5355.7892,     5809.3650,
37819                         , 6, 16,   10.3500,   5302.4400,  0.275554,  0.292586,  0.309618,   41.2511,   43.4079,   45.5647,    4.717903,     4844.6476,     5276.7778,     5729.6928,     4857.4443,     5289.6221,     5742.6172,     4869.0227,     5301.2451,     5754.3142,
37819                         , 6, 17,   10.5811,   5297.3026,  0.275554,  0.292586,  0.309618,   41.2511,   43.4079,   45.5647,    4.717903,     4838.7511,     5270.8431,     5723.7030,     4851.8447,     5283.9854,     5736.9276,     4863.6915,     5295.8780,     5748.8961,
37819                         , 6, 18,   10.8902,   5288.1736,  0.275554,  0.292586,  0.309618,   41.2511,   43.4079,   45.5647,    4.717903,     4830.8563,     5262.8971,     5715.6833,     4844.3475,     5276.4386,     5729.3099,     4856.5539,     5288.6922,     5741.6420,
37819                         , 6, 19,   11.3486,   5277.1939,  0.275554,  0.292586,  0.309618,   41.2511,   43.4079,   45.5647,    4.717903,     4819.1285,     5251.0935,     5703.7700,     4833.2108,     5265.2281,     5717.9938,     4845.9516,     5278.0182,     5730.8662,
37819                         , 6, 20,   11.5768,   5274.1710,  0.275554,  0.292586,  0.309618,   41.2511,   43.4079,   45.5647,    4.717903,     4813.2837,     5245.2110,     5697.8327,     4827.6607,     5259.6413,     5712.3542,     4840.6679,     5272.6988,     5725.4959,
37819                         , 6, 21,   11.8875,   5267.8841,  0.275554,  0.292586,  0.309618,   41.2511,   43.4079,   45.5647,    4.717903,     4805.3180,     5237.1939,     5689.7409,     4820.0967,     5252.0274,     5704.6683,     4833.4672,     5265.4495,     5718.1773,
37819                         , 6, 22,   12.3453,   5257.4527,  0.275554,  0.292586,  0.309618,   41.2511,   43.4079,   45.5647,    4.717903,     4793.5618,     5225.3618,     5677.7984,     4808.9339,     5240.7906,     5693.3252,     4822.8407,     5254.7510,     5707.3763,
37819                         , 6, 23,   12.8830,   5245.0715,  0.275554,  0.292586,  0.309618,   41.2511,   43.4079,   45.5647,    4.717903,     4779.7286,     5211.4397,     5663.7458,     4795.7994,     5227.5695,     5679.9782,     4810.3378,     5242.1637,     5694.6675,
37819                         , 6, 24,   13.3400,   5234.6643,  0.275554,  0.292586,  0.309618,   41.2511,   43.4079,   45.5647,    4.717903,     4767.9450,     5199.5801,     5651.7744,     4784.6115,     5216.3073,     5668.6084,     4799.6883,     5231.4419,     5683.8419,
37819                         , 6, 25,   13.6766,   5226.8532,  0.275554,  0.292586,  0.309618,   41.2511,   43.4079,   45.5647,    4.717903,     4759.2522,     5190.8311,     5642.9410,     4776.3585,     5207.9995,     5660.2195,     4791.8327,     5223.5328,     5675.8549,
37819                         , 6, 26,   13.8765,   5222.2413,  0.275554,  0.292586,  0.309618,   41.2511,   43.4079,   45.5647,    4.717903,     4754.0808,     5185.6262,     5637.6851,     4771.4488,     5203.0570,     5655.2281,     4787.1597,     5218.8278,     5671.1027,
37819                         , 6, 27,   14.3330,   5212.2185,  0.275554,  0.292586,  0.309618,   41.2511,   43.4079,   45.5647,    4.717903,     4742.2555,     5173.7237,     5625.6633,     4760.2223,     5191.7551,     5643.8116,     4776.4744,     5208.0688,     5660.2336,
37819                         , 6, 28,   14.6684,   5204.5106,  0.275554,  0.292586,  0.309618,   41.2511,   43.4079,   45.5647,    4.717903,     4733.5505,     5164.9608,     5616.8110,     4751.9586,     5183.4351,     5635.4052,     4768.6094,     5200.1491,     5652.2305,
37819                         , 6, 29,   14.8731,   5199.8766,  0.275554,  0.292586,  0.309618,   41.2511,   43.4079,   45.5647,    4.717903,     4728.2268,     5159.6005,     5611.3956,     4746.9048,     5178.3459,     5630.2627,     4763.7995,     5195.3049,     5647.3349,
37819                         , 6, 30,   15.3512,   5189.4285,  0.275554,  0.292586,  0.309618,   41.2511,   43.4079,   45.5647,    4.717903,     4715.7708,     5147.0560,     5598.7204,     4735.0808,     5166.4360,     5618.2267,     4752.5466,     5183.9685,     5635.8768,
37819                         , 6, 31,   15.6591,   5182.5205,  0.275554,  0.292586,  0.309618,   41.2511,   43.4079,   45.5647,    4.717903,     4707.7285,     5138.9546,     5590.5336,     4727.4472,     5158.7448,     5610.4528,     4745.2821,     5176.6481,     5628.4764,
37819                         , 6, 32,   15.8618,   5178.3976,  0.275554,  0.292586,  0.309618,   41.2511,   43.4079,   45.5647,    4.717903,     4702.4247,     5133.6115,     5585.1335,     4722.4132,     5153.6722,     5605.3252,     4740.4917,     5171.8201,     5623.5952,
37819                         , 6, 33,   16.3403,   5167.5282,  0.275554,  0.292586,  0.309618,   41.2511,   43.4079,   45.5647,    4.717903,     4689.8687,     5120.9610,     5572.3459,     4710.4960,     5141.6625,     5593.1832,     4729.1517,     5160.3895,     5612.0368,
37819                         , 6, 34,   16.5451,   5162.9262,  0.275554,  0.292586,  0.309618,   41.2511,   43.4079,   45.5647,    4.717903,     4684.4789,     5115.5299,     5566.8551,     4705.3807,     5136.5067,     5587.9696,     4724.2843,     5155.4825,     5607.0739,
37819                         , 6, 35,   16.8463,   5156.1365,  0.275554,  0.292586,  0.309618,   41.2511,   43.4079,   45.5647,    4.717903,     4676.5383,     5107.5275,     5558.7634,     4697.8444,     5128.9098,     5580.2866,     4717.1133,     5148.2523,     5599.7602,
37819                         , 6, 36,   17.3271,   5145.9738,  0.275554,  0.292586,  0.309618,   41.2511,   43.4079,   45.5647,    4.717903,     4663.8186,     5094.7062,     5545.7960,     4685.7726,     5116.7386,     5567.9739,     4705.6268,     5136.6686,     5588.0399,
37819                         , 6, 37,   17.6343,   5139.6414,  0.275554,  0.292586,  0.309618,   41.2511,   43.4079,   45.5647,    4.717903,     4655.6622,     5086.4829,     5537.4771,     4678.0318,     5108.9324,     5560.0751,     4698.2614,     5129.2394,     5580.5211,
37819                         , 6, 38,   17.8357,   5134.5781,  0.275554,  0.292586,  0.309618,   41.2511,   43.4079,   45.5647,    4.717903,     4650.2999,     5081.0758,     5532.0061,     4672.9428,     5103.7996,     5554.8806,     4693.4193,     5124.3545,     5575.5765,
37819                         , 6, 39,   18.3123,   5123.7846,  0.275554,  0.292586,  0.309618,   41.2511,   43.4079,   45.5647,    4.717903,     4637.5781,     5068.2457,     5519.0212,     4660.8696,     5091.6203,     5542.5518,     4681.9319,     5112.7631,     5563.8409,
37819                         , 6, 40,   18.6188,   5117.1872,  0.275554,  0.292586,  0.309618,   41.2511,   43.4079,   45.5647,    4.717903,     4629.3644,     5059.9601,     5510.6338,     4653.0749,     5083.7550,     5534.5879,     4674.5154,     5105.2779,     5556.2601,
37819                         , 6, 41,   18.9165,   5109.3010,  0.275554,  0.292586,  0.309618,   41.2511,   43.4079,   45.5647,    4.717903,     4621.3642,     5051.8887,     5502.4615,     4645.4828,     5076.0930,     5526.8284,     4667.2919,     5097.9860,     5548.8738,
37819                         , 6, 42,   19.2952,   5100.5988,  0.275554,  0.292586,  0.309618,   41.2511,   43.4079,   45.5647,    4.717903,     4611.1534,     5041.5851,     5492.0267,     4635.7928,     5066.3121,     5516.9207,     4658.0722,     5088.6771,     5539.4422,
37819                         , 6, 43,   19.6016,   5093.7109,  0.275554,  0.292586,  0.309618,   41.2511,   43.4079,   45.5647,    4.717903,     4602.8696,     5033.2244,     5483.5579,     4627.9314,     5058.3753,     5508.8793,     4650.5925,     5081.1238,     5531.7874,
37819                         , 6, 44,   19.8987,   5086.1727,  0.275554,  0.292586,  0.309618,   41.2511,   43.4079,   45.5647,    4.717903,     4601.6963,     5031.4318,     5481.3591,     4626.2967,     5056.1565,     5506.2759,     4648.5874,     5078.5659,     5528.8645,
37819                         , 7,  1,    0.0000,   5074.1634,  0.253798,  0.274522,  0.295247,   40.1727,   43.4079,   46.6431,    1.970719,     4571.7389,     5070.7113,     5599.0303,     4571.7389,     5070.7113,     5599.0303,     4571.7389,     5070.7113,     5599.0303,
37819                         , 7,  2,    0.2142,   5068.6799,  0.253798,  0.274522,  0.295247,   40.1727,   43.4079,   46.6431,    1.970719,     4565.8821,     5064.8567,     5593.1611,     4566.3189,     5065.2934,     5593.5989,     4566.6952,     5065.6695,     5593.9760,
37819                         , 7,  3,    0.4157,   5063.5218,  0.253798,  0.274522,  0.295247,   40.1727,   43.4079,   46.6431,    1.970719,     4560.3668,     5059.3436,     5587.6343,     4561.2151,     5060.1916,     5588.4845,     4561.9457,     5060.9220,     5589.2167,
37819                         , 7,  4,    0.8873,   5050.2945,  0.253798,  0.274522,  0.295247,   40.1727,   43.4079,   46.6431,    1.970719,     4547.4499,     5046.4328,     5574.6918,     4549.2623,     5048.2444,     5576.5077,     4550.8231,     5049.8045,     5578.0717,
37819                         , 7,  5,    1.2900,   5040.3504,  0.253798,  0.274522,  0.295247,   40.1727,   43.4079,   46.6431,    1.970719,     4536.4046,     5035.3939,     5563.6265,     4539.0419,     5038.0296,     5566.2684,     4541.3131,     5040.2994,     5568.5436,
37819                         , 7,  6,    1.4887,   5034.8925,  0.253798,  0.274522,  0.295247,   40.1727,   43.4079,   46.6431,    1.970719,     4530.9528,     5029.9458,     5558.1657,     4533.9975,     5032.9884,     5561.2153,     4536.6194,     5035.6086,     5563.8416,
37819                         , 7,  7,    1.9541,   5023.7584,  0.253798,  0.274522,  0.295247,   40.1727,   43.4079,   46.6431,    1.970719,     4518.1670,     5017.1698,     5545.3609,     4522.1676,     5021.1670,     5549.3669,     4525.6124,     5024.6092,     5552.8167,
37819                         , 7,  8,    2.2665,   5015.5574,  0.253798,  0.274522,  0.295247,   40.1727,   43.4079,   46.6431,    1.970719,     4509.5783,     5008.5888,     5536.7613,     4514.2215,     5013.2276,     5541.4099,     4518.2195,     5017.2221,     5545.4129,
37819                         , 7,  9,    2.4647,   5010.5466,  0.253798,  0.274522,  0.295247,   40.1727,   43.4079,   46.6431,    1.970719,     4504.1249,     5003.1408,     5531.3018,     4509.1763,     5008.1870,     5536.3584,     4513.5257,     5012.5323,     5540.7128,
37819                         , 7, 10,    2.9401,   4997.7937,  0.253798,  0.274522,  0.295247,   40.1727,   43.4079,   46.6431,    1.970719,     4491.0325,     4990.0626,     5518.1969,     4497.0646,     4996.0875,     5524.2335,     4502.2581,     5001.2753,     5529.4317,
37819                         , 7, 11,    3.3421,   4987.3829,  0.253798,  0.274522,  0.295247,   40.1727,   43.4079,   46.6431,    1.970719,     4479.9505,     4978.9938,     5507.1066,     4486.8134,     4985.8478,     5513.9731,     4492.7219,     4991.7491,     5519.8858,
37819                         , 7, 12,    3.4387,   4985.0187,  0.253798,  0.274522,  0.295247,   40.1727,   43.4079,   46.6431,    1.970719,     4477.2846,     4976.3314,     5504.4390,     4484.3475,     4983.3848,     5511.5053,     4490.4281,     4989.4579,     5517.5899,
37819                         , 7, 13,    3.9866,   4971.4028,  0.253798,  0.274522,  0.295247,   40.1727,   43.4079,   46.6431,    1.970719,     4462.1513,     4961.2185,     5489.2978,     4470.3502,     4969.4050,     5497.4982,     4477.4084,     4976.4533,     5504.5591,
37819                         , 7, 14,    4.3150,   4963.3866,  0.253798,  0.274522,  0.295247,   40.1727,   43.4079,   46.6431,    1.970719,     4453.0677,     4952.1478,     5480.2102,     4461.9492,     4961.0149,     5489.0919,     4469.5947,     4968.6490,     5496.7392,
37819                         , 7, 15,    4.6015,   4955.6785,  0.253798,  0.274522,  0.295247,   40.1727,   43.4079,   46.6431,    1.970719,     4445.1325,     4944.2241,     5472.2720,     4454.6107,     4953.6862,     5481.7490,     4462.7695,     4961.8323,     5489.9087,
37819                         , 7, 16,    4.9572,   4946.7898,  0.253798,  0.274522,  0.295247,   40.1727,   43.4079,   46.6431,    1.970719,     4435.2688,     4934.3750,     5462.4045,     4445.4892,     4944.5771,     5472.6219,     4454.2865,     4953.3599,     5481.4190,
37819                         , 7, 17,    5.1851,   4941.4970,  0.253798,  0.274522,  0.295247,   40.1727,   43.4079,   46.6431,    1.970719,     4428.9393,     4928.0551,     5456.0727,     4439.6363,     4938.7323,     5466.7655,     4448.8436,     4947.9238,     5475.9717,
37819                         , 7, 18,    5.4785,   4933.7607,  0.253798,  0.274522,  0.295247,   40.1727,   43.4079,   46.6431,    1.970719,     4420.7815,     4919.9094,     5447.9112,     4432.0931,     4931.1992,     5459.2170,     4441.8290,     4940.9179,     5468.9507,
37819                         , 7, 19,    5.9518,   4921.2252,  0.253798,  0.274522,  0.295247,   40.1727,   43.4079,   46.6431,    1.970719,     4407.5953,     4906.7426,     5434.7176,     4419.9011,     4919.0232,     5447.0149,     4430.4921,     4929.5944,     5457.6019,
37819                         , 7, 20,    6.2470,   4914.2777,  0.253798,  0.274522,  0.295247,   40.1727,   43.4079,   46.6431,    1.970719,     4399.3537,     4898.5127,     5426.4703,     4412.2815,     4911.4131,     5439.3877,     4423.4073,     4922.5174,     5450.5084,
37819                         , 7, 21,    6.9905,   4894.7782,  0.253798,  0.274522,  0.295247,   40.1727,   43.4079,   46.6431,    1.970719,     4378.5327,     4877.7194,     5405.6296,     4393.0331,     4892.1868,     5420.1149,     4405.5112,     4904.6391,     5432.5847,
37819                         , 7, 22,    7.3158,   4886.3328,  0.253798,  0.274522,  0.295247,   40.1727,   43.4079,   46.6431,    1.970719,     4369.3919,     4868.5899,     5396.4775,     4384.5834,     4883.7458,     5411.6518,     4397.6556,     4896.7903,     5424.7143,
37819                         , 7, 23,    7.4117,   4883.7044,  0.253798,  0.274522,  0.295247,   40.1727,   43.4079,   46.6431,    1.970719,     4366.6950,     4865.8962,     5393.7769,     4382.0905,     4881.2553,     5409.1544,     4395.3380,     4894.4745,     5422.3919,
37819                         , 7, 24,    7.9549,   4870.1837,  0.253798,  0.274522,  0.295247,   40.1727,   43.4079,   46.6431,    1.970719,     4351.3803,     4850.5984,     5378.4375,     4367.9346,     4867.1118,     5394.9702,     4382.1783,     4881.3238,     5409.2015,
37819                         , 7, 25,    8.1813,   4864.4672,  0.253798,  0.274522,  0.295247,   40.1727,   43.4079,   46.6431,    1.970719,     4344.9833,     4844.2076,     5372.0285,     4362.0219,     4861.2036,     5389.0439,     4376.6818,     4875.8305,     5403.6906,
37819                         , 7, 26,    8.4727,   4856.0883,  0.253798,  0.274522,  0.295247,   40.1727,   43.4079,   46.6431,    1.970719,     4336.7357,     4835.9676,     5363.7640,     4354.3990,     4853.5858,     5381.4021,     4369.5958,     4868.7477,     5396.5843,
37819                         , 7, 27,    8.9428,   4843.4675,  0.253798,  0.274522,  0.295247,   40.1727,   43.4079,   46.6431,    1.970719,     4323.3960,     4822.6394,     5350.3943,     4342.0702,     4841.2643,     5369.0397,     4358.1358,     4857.2919,     5385.0885,
37819                         , 7, 28,    9.3408,   4833.7041,  0.253798,  0.274522,  0.295247,   40.1727,   43.4079,   46.6431,    1.970719,     4312.0708,     4811.3228,     5339.0405,     4331.6037,     4830.8027,     5358.5415,     4348.4070,     4847.5654,     5375.3263,
37819                         , 7, 29,    9.4337,   4831.1247,  0.253798,  0.274522,  0.295247,   40.1727,   43.4079,   46.6431,    1.970719,     4309.4240,     4808.6778,     5336.3867,     4329.1576,     4828.3577,     5356.0877,     4346.1334,     4845.2922,     5373.0445,
37819                         , 7, 30,    9.9745,   4816.2468,  0.253798,  0.274522,  0.295247,   40.1727,   43.4079,   46.6431,    1.970719,     4293.9857,     4793.2498,     5320.9032,     4314.8907,     4814.0957,     5341.7717,     4332.8728,     4832.0328,     5359.7326,
37819                         , 7, 31,   10.2976,   4808.1214,  0.253798,  0.274522,  0.295247,   40.1727,   43.4079,   46.6431,    1.970719,     4284.7407,     4784.0094,     5311.6279,     4306.3474,     4805.5546,     5333.1960,     4324.9324,     4824.0924,     5351.7585,
37819                         , 7, 32,   10.6512,   4799.4291,  0.253798,  0.274522,  0.295247,   40.1727,   43.4079,   46.6431,    1.970719,     4274.6016,     4773.8752,     5301.4543,     4296.9790,     4796.1873,     5323.7899,     4316.2254,     4815.3843,     5343.0123,
37819                         , 7, 33,   10.9623,   4790.8523,  0.253798,  0.274522,  0.295247,   40.1727,   43.4079,   46.6431,    1.970719,     4265.6636,     4764.9409,     5292.4850,     4288.7209,     4787.9296,     5315.4971,     4308.5509,     4807.7079,     5335.3013,
37819                         , 7, 34,   11.2539,   4782.6093,  0.253798,  0.274522,  0.295247,   40.1727,   43.4079,   46.6431,    1.970719,     4257.2746,     4756.5557,     5284.0665,     4280.9702,     4780.1793,     5307.7137,     4301.3483,     4800.5033,     5328.0641,
37819                         , 7, 35,   11.4467,   4776.8944,  0.253798,  0.274522,  0.295247,   40.1727,   43.4079,   46.6431,    1.970719,     4251.7211,     4751.0047,     5278.4933,     4275.8393,     4775.0487,     5302.5611,     4296.5804,     4795.7339,     5323.2729,
37819                         , 7, 36,   12.3102,   4754.4904,  0.253798,  0.274522,  0.295247,   40.1727,   43.4079,   46.6431,    1.970719,     4226.7896,     4726.0862,     5253.4751,     4252.8070,     4752.0185,     5279.4307,     4275.1783,     4774.3259,     5301.7656,
37819                         , 7, 37,   12.4013,   4752.5647,  0.253798,  0.274522,  0.295247,   40.1727,   43.4079,   46.6431,    1.970719,     4224.1556,     4723.4539,     5250.8323,     4250.3738,     4749.5857,     5276.9873,     4272.9174,     4772.0646,     5299.4937,
37819                         , 7, 38,   12.9685,   4737.1400,  0.253798,  0.274522,  0.295247,   40.1727,   43.4079,   46.6431,    1.970719,     4207.7260,     4707.0358,     5234.3495,     4235.1975,     4734.4128,     5261.7490,     4258.8165,     4757.9612,     5285.3250,
37819                         , 7, 39,   13.2599,   4729.2471,  0.253798,  0.274522,  0.295247,   40.1727,   43.4079,   46.6431,    1.970719,     4199.2735,     4698.5904,     5225.8715,     4227.3902,     4726.6082,     5253.9112,     4251.5629,     4750.7069,     5278.0376,
37819                         , 7, 40,   13.6137,   4719.6489,  0.253798,  0.274522,  0.295247,   40.1727,   43.4079,   46.6431,    1.970719,     4189.0001,     4688.3267,     5215.5691,     4217.9015,     4717.1236,     5244.3869,     4242.7473,     4741.8914,     5269.1821,
37819                         , 7, 41,   14.0082,   4709.8701,  0.253798,  0.274522,  0.295247,   40.1727,   43.4079,   46.6431,    1.970719,     4177.5305,     4676.8698,     5204.0700,     4207.3087,     4706.5369,     5233.7568,     4232.9066,     4732.0518,     5259.2986,
37819                         , 7, 42,   14.3070,   4702.7732,  0.253798,  0.274522,  0.295247,   40.1727,   43.4079,   46.6431,    1.970719,     4168.8354,     4668.1855,     5195.3547,     4199.2787,     4698.5124,     5225.7002,     4225.4470,     4724.5940,     5251.8082,
37819                         , 7, 43,   14.4006,   4699.9696,  0.253798,  0.274522,  0.295247,   40.1727,   43.4079,   46.6431,    1.970719,     4166.1090,     4665.4627,     5192.6224,     4196.7610,     4695.9967,     5223.1745,     4223.1082,     4722.2559,     5249.4600,
37819                         , 7, 44,   14.9664,   4685.2902,  0.253798,  0.274522,  0.295247,   40.1727,   43.4079,   46.6431,    1.970719,     4149.6222,     4649.0005,     5176.1044,     4181.5369,     4680.7865,     5207.9059,     4208.9668,     4708.1206,     5235.2649,
37819                         , 7, 45,   15.2550,   4678.4187,  0.253798,  0.274522,  0.295247,   40.1727,   43.4079,   46.6431,    1.970719,     4141.2027,     4640.5954,     5167.6721,     4173.7629,     4673.0212,     5200.1118,     4201.7462,     4700.9043,     5228.0191,
37819                         , 7, 46,   15.6044,   4668.1868,  0.253798,  0.274522,  0.295247,   40.1727,   43.4079,   46.6431,    1.970719,     4131.0007,     4630.4123,     5157.4574,     4164.3436,     4663.6136,     5190.6706,     4192.9977,     4692.1623,     5219.2422,
37819                         , 7, 47,   15.9772,   4658.2672,  0.253798,  0.274522,  0.295247,   40.1727,   43.4079,   46.6431,    1.970719,     4120.1052,     4619.5392,     5146.5521,     4154.2849,     4653.5692,     5180.5913,     4183.6561,     4682.8290,     5209.8726,
37819                         , 7, 48,   16.2996,   4650.9091,  0.253798,  0.274522,  0.295247,   40.1727,   43.4079,   46.6431,    1.970719,     4110.6762,     4610.1311,     5137.1173,     4145.5805,     4644.8786,     5171.8718,     4175.5728,     4674.7541,     5201.7673,
37819                         , 7, 49,   16.6486,   4641.7989,  0.253798,  0.274522,  0.295247,   40.1727,   43.4079,   46.6431,    1.970719,     4100.4594,     4599.9387,     5126.8975,     4136.1497,     4635.4641,     5162.4270,     4166.8155,     4666.0069,     5192.9882,
37819                         , 7, 50,   16.9545,   4633.6098,  0.253798,  0.274522,  0.295247,   40.1727,   43.4079,   46.6431,    1.970719,     4091.4987,     4591.0009,     5117.9366,     4127.8790,     4627.2089,     5154.1460,     4159.1358,     4658.3373,     5185.2912,
37819                         , 7, 51,   17.1446,   4629.2675,  0.253798,  0.274522,  0.295247,   40.1727,   43.4079,   46.6431,    1.970719,     4085.9240,     4585.4411,     5112.3629,     4122.7339,     4622.0739,     5148.9955,     4154.3586,     4653.5668,     5180.5040,
37819                         , 7, 52,   17.5895,   4618.7430,  0.253798,  0.274522,  0.295247,   40.1727,   43.4079,   46.6431,    1.970719,     4072.8679,     4572.4218,     5099.3126,     4110.6846,     4610.0502,     5136.9365,     4143.1717,     4642.3968,     5169.2960,
37819                         , 7, 53,   17.9609,   4609.3310,  0.253798,  0.274522,  0.295247,   40.1727,   43.4079,   46.6431,    1.970719,     4061.9531,     4561.5398,     5088.4060,     4100.6126,     4600.0010,     5126.8588,     4133.8212,     4633.0619,     5159.9302,
37819                         , 7, 54,   18.2782,   4601.3831,  0.253798,  0.274522,  0.295247,   40.1727,   43.4079,   46.6431,    1.970719,     4052.6185,     4552.2344,     5079.0804,     4091.9993,     4591.4084,     5118.2426,     4125.8255,     4625.0804,     5151.9229,
37819                         , 7, 55,   18.6288,   4593.0205,  0.253798,  0.274522,  0.295247,   40.1727,   43.4079,   46.6431,    1.970719,     4042.2941,     4541.9438,     5068.7683,     4082.4735,     4581.9065,     5108.7152,     4116.9834,     4616.2547,     5143.0692,
37819                         , 7, 56,   18.9336,   4585.3587,  0.253798,  0.274522,  0.295247,   40.1727,   43.4079,   46.6431,    1.970719,     4033.3047,     4532.9848,     5059.7913,     4074.1800,     4573.6346,     5100.4216,     4109.2855,     4608.5721,     5135.3623,
37819                         , 7, 57,   19.3132,   4576.2511,  0.253798,  0.274522,  0.295247,   40.1727,   43.4079,   46.6431,    1.970719,     4022.0974,     4521.8166,     5048.6012,     4063.8413,     4563.3237,     5090.0841,     4099.6899,     4598.9959,     5125.7566,
37819                         , 7, 58,   19.5659,   4569.9503,  0.253798,  0.274522,  0.295247,   40.1727,   43.4079,   46.6431,    1.970719,     4014.6244,     4514.3705,     5041.1406,     4056.9478,     4556.4494,     5083.1924,     4093.2925,     4592.6118,     5119.3528,
37819                         , 7, 59,   19.9694,   4560.9314,  0.253798,  0.274522,  0.295247,   40.1727,   43.4079,   46.6431,    1.970719,     4012.4828,     4512.2444,     5039.4678,     4054.0051,     4553.5528,     5080.7387,     4089.7874,     4589.1736,     5116.3447,
37819                         , 8,  1,    0.0000,    733.6873,  0.008182,  0.044321,  0.080459,   42.4102,   44.0278,   45.6454,   68.127541,      232.8578,      728.7802,     1263.6825,      232.8578,      728.7802,     1263.6825,      232.8578,      728.7802,     1263.6825,
37819                         , 8,  2,    0.3670,    707.7385,  0.008182,  0.044321,  0.080459,   42.4102,   44.0278,   45.6454,   68.127541,       81.4652,      697.4616,     1239.4133,       94.0416,      698.6332,     1240.3105,      106.8754,      699.7203,     1241.1437,
37819                         , 8,  3,    0.6247,    691.6033,  0.008182,  0.044321,  0.080459,   42.4102,   44.0278,   45.6454,   68.127541,       81.4652,      674.6130,     1222.1457,       89.3683,      676.6724,     1223.6894,       99.1663,      678.5809,     1225.1225,
37819                         , 8,  4,    0.6480,    693.6310,  0.008182,  0.044321,  0.080459,   42.4102,   44.0278,   45.6454,   68.127541,       81.4652,      672.5096,     1220.5712,       89.3683,      674.6522,     1222.1743,       99.1663,      676.6374,     1223.6625,
37819                         , 8,  5,    0.8176,    679.2821,  0.008182,  0.044321,  0.080459,   42.4102,   44.0278,   45.6454,   68.127541,       81.4652,      656.9875,     1209.0876,       89.3683,      659.7531,     1211.1251,       99.1663,      662.3130,     1213.0159,
37819                         , 8,  6,    0.9623,    673.1281,  0.008182,  0.044321,  0.080459,   42.4102,   44.0278,   45.6454,   68.127541,       81.4652,      643.4613,     1199.2214,       89.3683,      646.7821,     1201.6348,       99.1663,      649.8532,     1203.8739,
37819                         , 8,  7,    1.5864,    625.4755,  0.008182,  0.044321,  0.080459,   42.4102,   44.0278,   45.6454,   68.127541,       81.4652,      581.4351,     1155.8939,       89.3683,      587.4935,     1159.9884,       99.1663,      593.0662,     1163.7828,
37819                         , 8,  8,    1.6651,    628.2750,  0.008182,  0.044321,  0.080459,   42.4102,   44.0278,   45.6454,   68.127541,       81.4652,      573.1154,     1150.3346,       89.3683,      579.5685,     1154.6486,       99.1663,      585.4993,     1158.6457,
37819                         , 8,  9,    1.9690,    595.3591,  0.008182,  0.044321,  0.080459,   42.4102,   44.0278,   45.6454,   68.127541,       81.4652,      539.6969,     1128.6825,       89.3683,      547.8140,     1133.8596,       99.1663,      555.2460,     1138.6535,
37819                         , 8, 10,    2.2869,    570.5802,  0.008182,  0.044321,  0.080459,   42.4102,   44.0278,   45.6454,   68.127541,       81.4652,      502.1654,     1105.6602,       89.3683,      512.3345,     1111.7710,       99.1663,      521.5871,     1117.4254,
37819                         , 8, 11,    2.2972,    576.8001,  0.008182,  0.044321,  0.080459,   42.4102,   44.0278,   45.6454,   68.127541,       81.4652,      500.9064,     1104.9094,       89.3683,      511.1480,     1111.0509,       99.1663,      520.4644,     1116.7335,
37819                         , 8, 12,    2.4773,    555.9334,  0.008182,  0.044321,  0.080459,   42.4102,   44.0278,   45.6454,   68.127541,       81.4652,      478.0974,     1091.6925,       89.3683,      489.7177,     1098.3780,       99.1663,      500.2456,     1104.5614,
37819                         , 8, 13,    2.6821,    543.8735,  0.008182,  0.044321,  0.080459,   42.4102,   44.0278,   45.6454,   68.127541,       81.4652,      450.5409,     1076.4965,       89.3683,      463.9656,     1083.8147,       99.1663,      476.0581,     1090.5798,
37819                         , 8, 14,    2.7304,    534.3743,  0.008182,  0.044321,  0.080459,   42.4102,   44.0278,   45.6454,   68.127541,       81.4652,      443.7605,     1072.8947,       89.3683,      457.6515,     1080.3641,       99.1663,      470.1453,     1087.2680,
37819                         , 8, 15,    3.0104,    512.4727,  0.008182,  0.044321,  0.080459,   42.4102,   44.0278,   45.6454,   68.127541,       81.4652,      401.6278,     1051.7805,       89.3683,      418.7936,     1060.1451,       99.1663,      434.0125,     1067.8706,
37819                         , 8, 16,    3.0459,    505.1845,  0.008182,  0.044321,  0.080459,   42.4102,   44.0278,   45.6454,   68.127541,       81.4652,      395.9175,     1049.0842,       89.3683,      413.5665,     1057.5640,       99.1663,      429.1846,     1065.3952,
37819                         , 8, 17,    3.1718,    493.9617,  0.008182,  0.044321,  0.080459,   42.4102,   44.0278,   45.6454,   68.127541,       81.4652,      374.6714,     1039.4533,       89.3683,      394.2589,     1048.3503,       99.1663,      411.4482,     1056.5616,
37819                         , 8, 18,    3.2035,    491.9030,  0.008182,  0.044321,  0.080459,   42.4102,   44.0278,   45.6454,   68.127541,       81.4652,      369.0306,     1037.0145,       89.3683,      389.1817,     1046.0184,       99.1663,      406.8142,     1054.3268,
37819                         , 8, 19,    3.4857,    457.6395,  0.008182,  0.044321,  0.080459,   42.4102,   44.0278,   45.6454,   68.127541,       81.4652,      313.1746,     1015.1087,       89.3683,      339.9070,     1025.0813,       99.1663,      362.4403,     1034.2746,
37819                         , 8, 20,    3.6735,    436.2480,  0.008182,  0.044321,  0.080459,   42.4102,   44.0278,   45.6454,   68.127541,       81.4652,      266.1280,     1000.3077,       89.3683,      300.8042,     1010.9469,       99.1663,      328.4127,     1020.7483,
37819                         , 8, 21,    3.9853,    396.8896,  0.008182,  0.044321,  0.080459,   42.4102,   44.0278,   45.6454,   68.127541,       81.4652,       91.6029,      975.2956,       89.3683,      208.1469,      987.0842,       99.1663,      256.7994,      997.9314,
37819                         , 8, 22,    4.2337,    359.8331,  0.008182,  0.044321,  0.080459,   42.4102,   44.0278,   45.6454,   68.127541,       81.4652,       91.6029,      954.9700,       89.3683,       97.1669,      967.7144,       99.1663,      147.7289,      979.4297,
37819                         , 8, 23,    4.2954,    280.6837,  0.008182,  0.044321,  0.080459,   42.4102,   44.0278,   45.6454,   68.127541,       81.4652,       91.6029,      949.8615,       89.3683,       97.1669,      962.8497,       99.1663,       86.6138,      974.7859,
37819                         , 8, 24,    4.4203,    385.6708,  0.008182,  0.044321,  0.080459,   42.4102,   44.0278,   45.6454,   68.127541,       81.4652,       91.6029,      939.4436,       89.3683,       97.1669,      952.9333,       99.1663,       86.6138,      965.3234,
37819                         , 8, 25,    4.5420,    412.6700,  0.008182,  0.044321,  0.080459,   42.4102,   44.0278,   45.6454,   68.127541,       81.4652,       91.6029,      929.2017,       89.3683,       97.1669,      943.1902,       99.1663,       86.6138,      956.0313,
37819                         , 8, 26,    4.6034,    279.7494,  0.008182,  0.044321,  0.080459,   42.4102,   44.0278,   45.6454,   68.127541,       81.4652,       91.6029,      923.9997,       89.3683,       97.1669,      938.2438,       99.1663,       86.6138,      951.3157,
