jd,year,a_km,e,i_deg,raan_deg,argp_deg,hp_km,azimuth_deg,lambda
2455683.7181575,2011.3311927652294,21156.53636149464,0.6912351,24.72,127.5038,344.8724,154.2595340032567,72.68680451742637,14595.05241309095
2455684.07253543,2011.3321629991242,21154.327717315304,0.6912071,24.7214,127.3308,345.1705,154.1699033801733,72.46262031532035,14594.146899694146
2455685.48952651,2011.336042509267,21145.46085596218,0.6910319,24.7243,126.6226,346.3877,155.13656429100774,71.57499666387878,14591.894915749972
2455686.5516872,2011.338950546749,21138.978622029194,0.6908722,24.7276,126.0744,347.3197,156.50965567491494,70.91190317034443,14590.94232149613
2455686.90564276,2011.3399196242574,21136.783684553637,0.6908353,24.7279,125.8931,347.6332,156.61108679991867,70.69523526736475,14590.240466955976
2455687.61337261,2011.3418572829842,21132.366006405126,0.6907476,24.7269,125.5186,348.2689,157.0986051591999,70.25887812571597,14589.123001027712
2455688.67455111,2011.3447626313753,21125.808920093863,0.6906452,24.744,125.0154,349.1392,157.23409331385392,69.58005270493703,14586.850726556208
2455689.3817408,2011.3466988112255,21121.43361627279,0.6905586,24.7461,124.663,349.7485,157.70968822651412,69.13992795882933,14585.735492529031
2455690.44203542,2011.3496017396849,21114.329484728936,0.6904862,24.734,124.1419,350.6459,157.04005327049344,68.47117371347935,14582.422067361553
2455690.44210897,2011.3496019410545,21114.388731201696,0.6904707,24.7298,124.1247,350.6618,157.38566389674907,68.46980122040065,14582.803871435053
2455691.50186513,2011.3525033952906,21107.52557174481,0.6903321,24.7492,123.6288,351.5341,158.18681799851402,67.80167769535888,14581.11036576094
2455691.50186513,2011.3525033952906,21107.52557174481,0.6903321,24.7492,123.6288,351.5341,158.18681799851402,67.80167769535888,14581.11036576094
2455691.85501134,2011.3534702569204,21105.284376635085,0.6902911,24.7473,123.4455,351.8495,158.35810847483663,67.58570750860224,14580.463066756507
2455692.56116413,2011.3554035978918,21100.605111602144,0.6902399,24.7509,123.0751,352.479,157.98924943039128,67.1488047589416,14578.355094291308
2455693.61993685,2011.3583023596166,21093.822469562412,0.6900866,24.742,122.5449,353.3976,159.1219405384836,66.49365053806457,14577.034435938382
2455693.61993733,2011.358302360931,21093.822469562412,0.6900866,24.742,122.5449,353.3976,159.1219405384836,66.49365006486903,14577.034435938382
2455694.67820905,2011.3611997509927,21087.16239470954,0.6899353,24.7423,122.0147,354.3191,160.24838176689445,65.84188964261978,14575.751137211131
2455694.67822282,2011.361199788693,21087.37571257696,0.6900115,24.7533,122.0247,354.3036,158.70766607816222,65.83637607047683,14574.227068294478
2455696.44093803,2011.3660258399177,21077.424939681317,0.6898704,24.7625,121.1329,355.8581,158.59706557339086,64.76169762966401,14570.443178493764
2455696.79350725,2011.3669911218344,21075.305263744616,0.6898456,24.7642,120.9639,356.136,158.46235889355376,64.5230961396054,14569.521422566018
2455698.55471649,2011.371813049939,21066.790236237932,0.68963,24.7422,120.0024,357.7283,160.36338562116725,63.41800202197089,14568.356817783704
2455699.2591727,2011.3737417459272,21063.056818191162,0.6895966,24.7501,119.6783,358.3184,159.9081507597184,62.98967146623755,14566.506176140403
2455699.61123048,2011.3747056275977,21061.146882769102,0.6895655,24.7528,119.5129,358.6103,159.97030197898403,62.76917406486882,14565.865998556845
2455699.61123048,2011.3747056275977,21061.146882769102,0.6895655,24.7528,119.5129,358.6103,159.97030197898403,62.76917406486882,14565.865998556845
2455701.37074995,2011.3795229293632,21050.199155028953,0.6893846,24.7639,118.6559,0.0977,160.37973061897992,61.66534542921454,14562.250689831682
2455701.72229346,2011.3804854030384,21048.11938532976,0.6892797,24.7507,118.4738,0.4229,161.941669845477,61.461954906141486,14563.104934360175
2455702.4255857,2011.3824109122525,21043.859764247,0.689228,24.7571,118.1325,1.0209,161.70608665456984,61.02547158912678,14561.287370615297
2455702.77712979,2011.383373387515,21041.807205715453,0.6891945,24.7582,117.9575,1.3226,161.7731094759929,60.805680494639134,14560.598930436889
2455703.48011147,2011.3852980464612,21037.313134061867,0.6891184,24.7622,117.6154,1.9158,161.97726681816766,60.36390327394166,14559.150961859756
2455704.18283454,2011.3872219973719,21033.12893773439,0.6890357,24.7622,117.2539,2.5417,162.4159169323175,59.93568094617385,14558.060492738165
2455704.53413212,2011.388183797728,21030.87719489869,0.6890329,24.764,117.0558,2.8649,161.77459175378135,59.71453281787342,14556.563059005215
2455705.23654886,2011.3901069099522,21026.668628542546,0.6889542,24.7661,116.7046,3.473,162.12066489991957,59.27911241715812,14555.367137785048
2455705.58768527,2011.391068269048,21024.407245081486,0.6889707,24.7685,116.517,3.7895,161.0703683526217,59.06192314273298,14553.441809012314
2455706.2897779,2011.3929904939084,21020.157887206347,0.6888763,24.7692,116.1638,4.4013,161.73299645182124,58.62852219292765,14552.558906982063
2455706.64074912,2011.3939514007398,21018.10047999315,0.6888347,24.7697,115.9863,4.7099,161.96724128721235,58.41369573373018,14552.04145466596
2455707.693355,2011.3968332785767,21012.69948342842,0.6886707,24.7662,115.4439,5.6372,163.7327212861319,57.761119712414825,14551.87552814928
2455709.44684147,2011.4016340628884,21001.817624210642,0.6884679,24.7658,114.5797,7.1456,164.60404828735136,56.677037360198426,14548.754097074656
2455710.84845411,2011.4054714691576,20993.891939406672,0.6883315,24.7664,113.8761,8.3663,164.99850991696894,55.812671103219046,14546.23041893059
2455711.54905123,2011.407389599534,20988.972304804945,0.6883027,24.7695,113.5092,8.9893,164.06969718247728,55.378244167712495,14543.447835892106
2455712.59935832,2011.410265183627,20981.91465957647,0.6881332,24.7661,112.9747,9.9044,165.42628275520292,54.723633894271074,14542.240382751286
2455712.94926341,2011.4112231715542,20979.72638579683,0.6880879,24.7661,112.7965,10.2137,165.694214419299,54.509858240482856,14541.70761624575
2455713.64911474,2011.4131392600686,20974.83637663861,0.6880249,24.7652,112.4432,10.8137,165.49037608546678,54.066766375279855,14539.68601457175
2455713.64911474,2011.4131392600686,20974.83637663861,0.6880249,24.7652,112.4432,10.8137,165.49037608546678,54.066766375279855,14539.68601457175
2455715.04805328,2011.4169693450513,20965.41345242945,0.6881242,24.7501,111.7484,12.0107,160.46879280719713,53.19013578153478,14530.999002447867
2455715.04806324,2011.4169693723204,20965.732938049263,0.6878451,24.7681,111.7309,12.0523,166.4199687034743,53.21422596466816,14537.276335833287
2455715.39765373,2011.4179264989189,20963.230259947693,0.687848,24.7596,111.5506,12.3606,165.57795210319182,52.99766038920416,14535.478127944478
2455716.44608974,2011.4207969602735,20955.471253992437,0.6877672,24.7631,111.0379,13.2621,164.84916495356902,52.35309430152465,14531.849729501959
2455717.14467073,2011.4227095707872,20950.732990713303,0.6876815,24.7641,110.6792,13.8794,165.16520156009392,51.92315451664187,14530.42085838371
2455717.4939022,2011.423665714442,20947.617837403097,0.6876766,24.7682,110.4831,14.183,164.29492487838252,51.686442800918115,14528.366482493098
2455718.19210089,2011.4255772782751,20942.608725088667,0.6875869,24.769,110.129,14.7961,164.60901389199807,51.257279820963575,14526.834773382974
2455718.54112812,2011.4265328627514,20939.966815937172,0.6875513,24.7727,109.9491,15.1029,164.52910968270953,51.04016940952475,14525.772887424484
2455718.89007704,2011.427488232827,20937.44824379158,0.6875092,24.7732,109.7734,15.4075,164.62365166102427,50.82513618227647,14524.93697365424
2455720.63393271,2011.432262649446,20920.422047055763,0.6871999,24.7721,108.8929,16.9329,165.77380836124757,49.75124619943237,14519.811217764844
2455720.63393271,2011.432262649446,20920.422047055763,0.6871999,24.7721,108.8929,16.9329,165.77380836124757,49.75124619943237,14519.811217764844
2455722.72312846,2011.437982555674,20907.061951618063,0.6869976,24.7775,107.8332,18.7758,165.82426780513742,48.47527995740583,14514.905898772884
2455723.42005452,2011.4398906352362,20901.479590941282,0.6870266,24.7772,107.447,19.401,163.4708326075015,48.02737131497547,14510.404552189691
2455724.11595935,2011.441795918823,20896.130310756453,0.6869302,24.7765,107.0905,20.0116,163.8110371624598,47.59556922380028,14508.770279579277
2455724.4638147,2011.4427482948665,20893.86504538343,0.6868856,24.77,106.94,20.2991,164.03371736620556,47.3897138480272,14508.159186788476
2455725.15937935,2011.444652647091,20889.36575310685,0.6867976,24.7712,106.5754,20.9364,164.46318835087277,46.976847047207,14506.93187538525
2455725.85474865,2011.4465564644763,20884.9614320825,0.6867606,24.7763,106.226,21.536,163.85648800866147,46.54167278851247,14504.67048477975
2455726.54991149,2011.4484597166056,20880.27259476257,0.6867142,24.7798,105.8701,22.1481,163.35660406826628,46.112702022003305,14502.413543092698
2455726.89739309,2011.4494110693777,20877.861162936366,0.686637,24.7805,105.6868,22.4693,164.21290760122702,45.90811502404799,14502.401136580651
2455727.59213997,2011.4513131826695,20873.118498557276,0.686613,24.7809,105.3375,23.0632,163.22768690736848,45.46795423896933,14499.623377841503
2455728.63381796,2011.4541651415743,20865.809271576436,0.6864783,24.7794,104.8077,23.9764,163.7476947004061,44.82464903322321,14497.44402571926
2455728.63383506,2011.4541651883917,20865.809126694145,0.6864783,24.7794,104.8077,23.9765,163.74764927666365,44.824732179000364,14497.443925055879
2455728.63383506,2011.4541651883917,20865.809126694145,0.6864783,24.7794,104.8077,23.9765,163.74764927666365,44.824732179000364,14497.443925055879
2455728.63383506,2011.4541651883917,20865.809126694145,0.6864783,24.7794,104.8077,23.9765,163.74764927666365,44.824732179000364,14497.443925055879
2455729.6749586,2011.4570156292955,20858.59725047474,0.6863167,24.7803,104.2674,24.9166,164.85731889984345,44.198373453605,14495.907419690122
2455730.36875166,2011.4589151311704,20851.89291275228,0.6861951,24.7765,103.913,25.5022,165.28987029693872,43.745752778655145,14493.86067506325
2455732.44809306,2011.464608057659,20831.47949521022,0.6858313,24.7785,102.8308,27.4106,166.46253208684993,42.52249924277123,14487.475112105882
2455733.83209712,2011.4683972542646,20819.394312183802,0.6858349,24.7972,102.0595,28.657,162.59079602665497,41.633488464771744,14478.993202770198
2455735.21542412,2011.4721845971799,20806.26068683645,0.6854258,24.7782,101.389,29.8681,166.97651055302686,40.810645015233774,14478.615301121758
2455735.56091443,2011.4731304980967,20803.134820380248,0.6854116,24.782,101.2142,30.1652,166.28859812770952,40.59242068517253,14476.743791928155
2455736.59728263,2011.475967919589,20793.82884899299,0.6852733,24.7838,100.6731,31.0922,166.23683400836308,39.956848947916995,14473.223918324138
2455737.28781541,2011.477858495305,20787.655270363994,0.6851417,24.7768,100.3184,31.7017,167.02949941284805,39.531041690173225,14471.737957895924
2455737.63296468,2011.478803462505,20784.549299298116,0.6851034,24.7795,100.1366,32.0115,166.84760688135884,39.3188534981806,14470.393487603458
2455738.66792759,2011.4816370365236,20775.805651632014,0.6849291,24.7797,99.6108,32.9299,167.71548488478584,38.691366851549446,14468.02529614363
2455739.35763322,2011.483525347625,20769.475774047394,0.6849846,24.7817,99.2566,33.5286,164.56841875184818,38.25607485499924,14462.433525680337
2455740.73590495,2011.4872988499662,20757.91794592583,0.6847726,24.7786,98.5307,34.7446,165.32820350754082,37.387714012140094,14458.903617990924
2455741.76895052,2011.490127174593,20749.133647438357,0.6846599,24.7778,98.0034,35.6706,164.89757929657662,36.76821714653036,14455.184784196796
2455742.45726795,2011.4920116850099,20743.380736632735,0.6845784,24.7754,97.6455,36.2884,164.77404135787492,36.34969339647796,14452.911501479715
2455742.80132832,2011.4929536709653,20740.44007913286,0.6845283,24.7756,97.4661,36.5987,164.88559051217817,36.14147845251125,14451.92855203332
2455743.83302195,2011.495778294182,20731.598076819813,0.6843822,24.776,96.9251,37.5307,165.12507549009933,35.51561409447942,14448.873825714514
2455744.52044936,2011.4976603678574,20724.190826352326,0.6841394,24.7299,96.4991,38.1879,167.8190489261424,35.06926757135,14448.869340989375
2455744.52044936,2011.4976603678574,20724.190826352326,0.6841394,24.7299,96.4991,38.1879,167.8190489261424,35.06926757135,14448.869340989375
2455744.52044936,2011.4976603678574,20724.190826352326,0.6841394,24.7299,96.4991,38.1879,167.8190489261424,35.06926757135,14448.869340989375
2455751.37703259,2011.5164326696513,20643.672047368676,0.6830017,24.7827,92.957,44.3944,165.87264477338886,30.975638925570337,14416.764401937255
2455751.71317512,2011.5173529777408,20639.46412026515,0.6828912,24.7922,92.6978,44.7645,166.8193998203369,30.755228013307573,14416.15572459795
2455752.39593973,2011.5192222853666,20631.995617472687,0.6826916,24.7613,92.4158,45.3113,168.56921818727096,30.347077268066585,14415.144692044692
2455753.41944604,2011.5220244929226,20621.379250505084,0.6825542,24.7524,91.9814,46.1436,168.03393327998674,29.736182547898352,14410.619510665945
2455754.10145562,2011.5238917333882,20614.228155170174,0.6826868,24.7752,91.5609,46.7478,163.03040144714396,29.24767598026341,14402.831958492308
2455754.4422867,2011.5248248780288,20610.31847967583,0.6826652,24.7777,91.4143,47.0049,162.23499268423348,29.02224390964119,14400.554825853087
2455754.44229706,2011.524824906393,20610.321804557338,0.6826653,24.7807,91.3698,47.0687,162.2339867526607,29.041533698520453,14400.555044881225
2455754.78300658,2011.5257577182206,20606.759096931768,0.6825838,24.7757,91.2034,47.3614,162.78286686351385,28.832021440577478,14399.780115396763
2455754.78300658,2011.5257577182206,20606.759096931768,0.6825838,24.7757,91.2034,47.3614,162.78286686351385,28.832021440577478,14399.780115396763
2455757.16496064,2011.5322791530186,20576.15637753466,0.6823701,24.7772,89.917,49.548,157.46619258069586,27.38450491333046,14382.882082544167
2455757.84535531,2011.5341419721012,20564.853030934057,0.6820894,24.7777,89.5294,50.1865,159.64846597606538,26.964790043520082,14380.86753663173
2455758.18406697,2011.535069314086,20558.493733144085,0.6819822,24.7804,89.3402,50.4932,159.8306483282695,26.748446929049805,14378.666807661992
2455759.54080011,2011.5387838469815,20541.898351242995,0.6818245,24.7758,88.6463,51.7448,157.79247885591667,25.96891508668176,14370.360637510883
2455762.25011473,2011.5462015461467,20500.679058855563,0.6809379,24.7802,87.1988,54.2481,162.85341194447938,24.3543433871765,14360.019850025088
2455762.58758012,2011.5471254760307,20495.5170590377,0.6809009,24.7715,87.0313,54.5488,161.96474757357555,24.15492862896997,14357.174771831145
2455763.26316621,2011.5489751299388,20485.541618814586,0.6807437,24.7731,86.668,55.17,162.00192071875608,23.746953222030527,14353.459077659276
2455763.26316621,2011.5489751299388,20485.541618814586,0.6807437,24.7731,86.668,55.17,162.00192071875608,23.746953222030527,14353.459077659276
2455765.28682619,2011.5545156090077,20454.371999432926,0.6805412,24.7817,85.573,57.0078,156.19283369244386,22.49518075721727,14335.826391037559
2455765.2869582,2011.554515970431,20454.332897351414,0.6803206,24.7774,85.5674,57.0289,160.69256802556083,22.510550644837025,14340.37921614282
2455767.30589573,2011.5600435201368,20426.216001374458,0.6798227,24.78,84.4866,58.8834,161.87438853687036,21.29433275079566,14330.980689957214
2455768.31419116,2011.562804082573,20414.32228281371,0.6797567,24.7676,83.8794,59.8156,159.41363511179588,20.625530273716606,14324.001500173536
2455768.64992482,2011.5637232712384,20405.954569345588,0.6796042,24.79,83.7811,60.1197,159.8458390091355,20.500422354178795,14321.282931826776
2455769.32099232,2011.5655605539216,20396.164538652418,0.6794451,24.7885,83.4195,60.7371,159.9541840712709,20.094800588243487,14317.698422950914
2455769.65638532,2011.5664788099104,20391.232114413855,0.6793494,24.7813,83.2284,61.0601,160.32451222607142,19.896128432256205,14316.211587883934
2455770.32680834,2011.5683143281037,20381.012397716753,0.6791076,24.7478,82.8862,61.664,161.97568273308298,19.497041882629105,14314.023622369266
2455773.67154501,2011.5774717180288,20320.001405863844,0.6783109,24.7813,81.0577,64.7754,158.58666425107367,17.483281509591677,14287.535131168395
2455774.33705299,2011.5792937795761,20306.553329008097,0.6781464,24.7823,80.7605,65.2821,157.60099253323915,17.0368393525589,14281.45118877522
2455776.34787111,2011.5847990995478,20265.309469068943,0.6774563,24.7783,79.7086,67.1267,158.3115977985317,15.847624162783461,14266.545570289416
2455778.33783705,2011.590247329364,20226.25406258971,0.6769246,24.8022,78.4341,69.1478,156.4688217727953,14.632861428957654,14249.877482294329
2455778.72517319,2011.5913077979187,20218.580621801808,0.6767759,24.807,78.2111,69.5244,156.9962247593303,14.404692749302058,14247.495416708443
2455782.30965461,2011.6011215731971,20152.184153382303,0.6755485,24.7819,76.2604,73.1336,160.27007684111777,12.530233649052889,14225.543240916892
2455788.54693385,2011.6181983130728,20015.01641377024,0.6736125,24.7815,72.7801,78.9612,154.514869749436,8.72990729382434,14167.466537568029
2455789.86157616,2011.6217976075563,19982.91088743412,0.6723974,24.8314,71.9806,80.5177,168.31726229172364,8.191161279721001,14168.926145088388
2455790.22434285,2011.6227908086244,19976.684958026282,0.6727064,24.8254,71.7899,80.6682,160.10483597826988,7.793408895240816,14158.370317734905
2455790.99691852,2011.6249060055304,19969.34692507792,0.6722493,24.8153,71.3817,81.5229,166.83113323713496,7.478438009075205,14162.249260374281
2455794.3790445,2011.6341657618075,19876.14010368661,0.6714588,24.7687,69.5583,84.516,151.9946210333219,5.314625749309698,14111.751337012647
2455797.64638005,2011.6431112390146,19808.146483844783,0.6704377,24.813,67.4309,87.7057,149.88201395279884,3.1565539547193,14083.518154227919
2455799.52031707,2011.64824179896,19768.387184019783,0.6695465,24.7944,66.5555,89.6615,154.39643431447985,2.389952374354266,14072.663733347517
2455800.26654144,2011.6502848499385,19743.51731735228,0.6690786,24.797,66.1243,90.404,155.4160915824623,1.9657540221379008,14064.075122826629
2455801.38930253,2011.6533588022721,19712.20641749756,0.6686223,24.8061,65.5084,91.4423,154.04932455558082,1.2815311820683064,14050.636358398162
2455802.03538899,2011.655127690595,19693.690877535653,0.6684807,24.8108,65.142,92.0094,150.70231413700458,0.8454313857839963,14040.18509837447
2455802.0577911,2011.6551890242297,19693.060049876378,0.6684678,24.8073,65.1355,92.024,150.7472230676267,0.8314512773224578,14039.985508931615
2455806.16511859,2011.6664342740314,19575.50224869276,0.6665547,24.8118,62.7213,96.1851,149.22291996603053,358.5300613486681,13992.959716601908
2455806.35932271,2011.666965975934,19569.169668721486,0.6662609,24.8099,62.68,96.346,152.86077298640612,358.458248663692,13994.06480916456
2455806.51430361,2011.6673902905138,19564.841728711042,0.6662143,24.8141,62.5452,96.5515,152.32809180702498,358.3761954150031,13991.862542727096
2455811.79915991,2011.6818594384943,19437.695643030936,0.6640985,24.795,59.4471,101.8616,151.0148230375553,355.379302142031,13941.090992959496
2455814.06990919,2011.6880764111972,19376.722779268413,0.6632863,24.7991,58.0418,104.2496,146.2717208817503,354.1238919689585,13912.67037835222
2455814.25997606,2011.6885967859278,19372.566467010358,0.6631814,24.8082,57.9548,104.4152,146.9044158253746,354.01515706599105,13911.660804101308
2455814.93443839,2011.6904433631491,19348.4199206153,0.6627057,24.8089,57.546,105.0993,147.97545322999395,353.6256892663413,13903.258033656986
2455815.59175505,2011.692242998083,19325.63874443853,0.6622269,24.8134,57.1359,105.7944,149.54460818911048,353.26282069016634,13895.862070778556
2455816.21189338,2011.6939408442988,19306.34353661212,0.661874,24.8148,56.7634,106.4334,149.84041466050985,352.9180960524148,13888.588843922644
2455816.8387245,2011.6956570143739,19286.367379706317,0.6614794,24.8155,56.3844,107.0829,150.6963571986089,352.57077482542877,13881.584550353724
2455818.34748844,2011.6997877849146,19238.84981973162,0.660522,24.8133,55.4474,108.6755,153.0299591028488,351.73929743069465,13865.181014606786
2455818.9407551,2011.7014120605065,19220.297335712905,0.6602955,24.8111,55.1338,109.2508,151.08519627968326,351.4162582176692,13856.01072588209
2455819.59670851,2011.7032079630667,19200.028785336486,0.6597513,24.8094,54.7553,109.9464,154.64853417331778,351.08683329602843,13851.470303431526
2455821.09479884,2011.7073095108558,19163.577974644224,0.6594233,24.8135,53.818,111.4775,148.5318467970128,350.20407609187697,13831.225593045763
2455822.91201942,2011.7122847896508,19115.453095790464,0.6583425,24.7809,52.6819,113.3848,152.80161607502941,349.18417572571764,13816.348411030667
2455824.14078684,2011.7156489714994,19083.686466066036,0.6579351,24.8162,51.9747,114.6355,149.7230026462321,348.516570260257,13800.846434497855
2455824.46124295,2011.716526332512,19075.13159397208,0.6576837,24.805,51.7763,114.9893,151.5921692616248,348.3561202956328,13799.25637770051
2455824.46124295,2011.716526332512,19075.13159397208,0.6576837,24.805,51.7763,114.9893,151.5921692616248,348.3561202956328,13799.25637770051
2455826.85088865,2011.7230688258726,19018.51010292281,0.6567362,24.822,50.3067,117.5416,150.22974826767495,347.0835226858975,13775.54220556953
2455837.017421,2011.75090327447,18741.32361406689,0.6516442,24.8344,43.912,128.4643,150.5124806371623,341.5911211907961,13665.415955255176
2455838.98719005,2011.7562962082138,18697.609805106586,0.6507462,24.8395,42.6557,130.6469,152.07497535073344,340.5759650430491,13649.370834713958
2455839.96399265,2011.7589705479813,18675.46719390672,0.6505259,24.8517,42.0388,131.6701,148.45578967007623,340.01950272674674,13637.079835672075
2455841.10073937,2011.7620827908831,18648.14814970909,0.6500991,24.8465,41.304,132.9518,146.86752091654398,339.4459952820372,13624.617915370498
2455841.14421925,2011.7622018323066,18648.261269955525,0.6497702,24.8606,41.2932,132.9848,153.0405149242697,339.4253403696564,13630.46462281013
2455842.01767288,2011.7645932180153,18624.860154503385,0.6494561,24.8466,40.7142,133.9245,150.69481551421904,338.92514151449313,13618.853538504201
2455842.88709171,2011.7669735570437,18603.609468963816,0.6489857,24.8474,40.1558,134.8801,151.99665522170562,338.46541946424725,13611.524099980747
2455843.71295603,2011.7692346503216,18583.460992209417,0.6485481,24.8487,39.6282,135.7931,153.05637428788577,338.03682588426636,13604.402365731707
2455844.06693885,2011.7702038024643,18574.60489340721,0.648407,24.8481,39.3961,136.1803,152.56475828772182,337.8430311128405,13600.373161774869
2455844.93556704,2011.7725819768377,18553.13450753795,0.6479371,24.8499,38.8398,137.1536,153.73403881388185,337.4038883384025,13592.809552685745
2455845.67483144,2011.7746059724577,18541.043678881142,0.6479659,24.8564,38.3601,137.9754,148.94332455561198,337.01734991519686,13583.451959148104
2455845.67483144,2011.7746059724577,18541.043678881142,0.6479659,24.8564,38.3601,137.9754,148.94332455561198,337.01734991519686,13583.451959148104
2455847.79211536,2011.7804027799043,18484.27539159257,0.6469275,24.8571,36.9727,140.3634,148.1530231980687,335.9310992344649,13559.788941217537
2455848.08103037,2011.7811937860922,18479.44030675223,0.6469034,24.859,36.7774,140.7178,146.89124221716884,335.8054370067827,13556.657381619734
2455848.12959674,2011.781326753566,18478.37509623199,0.6465453,24.8641,36.7739,140.6448,153.13222612614936,335.68106871621495,13562.044829010561
2455848.96428933,2011.7836120173304,18459.92877702363,0.646241,24.8666,36.2296,141.6271,152.2296442311026,335.2963737610387,13553.738841324453
2455848.99495602,2011.7836959781514,18459.25215588379,0.6462263,24.8667,36.2096,141.6613,152.26163441998506,335.2803478654952,13553.494710188788
2455851.87833088,2011.7915902282816,18405.861020811382,0.6454434,24.8942,34.3625,144.8891,147.78320361141323,333.81911781863386,13527.696943539298
2455853.03098698,2011.7947460286928,18385.292287038217,0.6449683,24.8798,33.5646,146.2247,149.22527566406552,333.22072967056795,13520.691967730376
2455855.03642398,2011.800236615961,18350.022333426066,0.6438535,24.855,32.2115,148.5167,157.15992897152682,332.18301825400295,13513.715252233058
2455855.89088211,2011.8025759948262,18334.894764922246,0.6437833,24.8674,31.6505,149.479,153.05940800787903,331.7421418626136,13503.765935122137
2455856.18340353,2011.803376874826,18329.2330426199,0.6437563,24.8997,31.4736,149.7938,151.53749726517162,331.59172506267834,13500.054016843571
2455856.43854252,2011.8040754073104,18324.800240208326,0.6439982,24.9067,31.2364,150.1471,145.5255701545966,331.45635336821863,13492.685885394865
2455857.88925146,2011.808047231923,18293.97851865313,0.6431407,24.8673,30.348,151.7402,150.2400683815922,330.73119650774044,13484.501373280737
2455859.8841377,2011.8135089327855,18256.14310187543,0.6421017,24.8777,29.0353,153.9796,155.70628071794363,329.6916841972769,13474.115959086068
2455860.49357063,2011.8151774692128,18244.209349012912,0.6420146,24.8898,28.6368,154.6918,153.02428149012667,329.4047110833946,13466.772419379029
2455862.0779699,2011.819515318001,18213.435288320507,0.6415927,24.8729,27.5419,156.536,149.69186541167346,328.5923855196386,13451.133163615421
2455862.07797811,2011.819515340479,18213.642524256622,0.6415875,24.8734,27.5426,156.5342,149.86085122512668,328.5912774275741,13451.37338445498
2455866.41940183,2011.8314015108283,18152.257282605267,0.6401607,24.8981,24.6588,161.5359,153.75925399258085,326.43015610178645,13429.8337173799
2455868.08111662,2011.835951037974,18129.206483951097,0.6396643,24.8876,23.5316,163.4208,154.4640088390579,325.55002632937783,13421.028095521626
2455868.08111662,2011.835951037974,18129.206483951097,0.6396643,24.8876,23.5316,163.4208,154.4640088390579,325.55002632937783,13421.028095521626
2455868.63510044,2011.837467763012,18121.550607487792,0.6394746,24.9032,23.169,164.0462,155.14298138477898,325.2668053156907,13418.50856275201
2455868.82853432,2011.8379973561123,18117.52835649499,0.6396135,24.8866,23.0067,164.3153,151.17633304798255,325.18295179959284,13413.225785938828
2455869.7478719,2011.8405143652292,18104.110710994115,0.6390891,24.9172,22.3734,165.384,155.83459040452635,324.712228517476,13411.981502254632
2455870.87703494,2011.8436058451466,18087.375577032057,0.6387571,24.9135,21.6234,166.6766,155.79970683623378,324.14189574719495,13405.074050964116
2455871.16675818,2011.844399064148,18083.13153214887,0.638659,24.9144,21.422,167.0142,156.04053095820473,323.9925369066476,13403.549719640276
2455871.99910146,2011.846677895852,18070.939232232067,0.6383518,24.9122,20.8565,167.9841,157.18634564610875,323.5765574932434,13399.582903743576
2455873.58371439,2011.8510163296103,18047.75797234332,0.6379057,24.9099,19.8153,169.8186,156.85398956507288,322.80802134028113,13389.740573197556
2455875.07948836,2011.8551115355506,18025.294034080714,0.6374969,24.9139,18.8348,171.5269,156.08866576576384,322.0615472017831,13379.791189414078
2455875.8004685,2011.8570854715942,18015.935360677453,0.6375722,24.8951,18.2818,172.4128,151.33951771253487,321.6838302260969,13371.608392272321
2455875.90363741,2011.8573679326767,18013.586503483682,0.6371462,24.9129,18.2621,172.499,158.16201441776775,321.6486442364106,13376.853897313997
2455876.31364792,2011.8584904802733,18007.59716171694,0.6369414,24.9116,17.9762,172.9635,159.67671489692657,321.42312710163435,13375.76236910603
2455876.31364792,2011.8584904802733,18007.59716171694,0.6369414,24.9116,17.9762,172.9635,159.67671489692657,321.42312710163435,13375.76236910603
2455877.00736771,2011.8603897815472,17998.321702980553,0.6369721,24.9163,17.4973,173.7568,155.75663135745253,321.0537786430058,13368.369977027482
2455878.56452527,2011.864653046598,17980.066038902794,0.6364392,24.9078,16.4029,175.6533,158.71089315633162,320.32110322473636,13363.522639397688
2455881.72598508,2011.8733086518275,17945.976686447244,0.6360746,24.9195,14.2386,179.3775,152.86044400598712,318.76498534209054,13344.128797256199
2455882.02318894,2011.874122351649,17943.99481484093,0.635842,24.9315,14.0559,179.6589,156.31296378284333,318.57075340637334,13346.443140404102
2455882.84652524,2011.8763765235872,17935.679962399725,0.6357088,24.9342,13.5051,180.627,155.67407631855076,318.17655150860924,13342.425929614896
2455882.84652524,2011.8763765235872,17935.679962399725,0.6357088,24.9342,13.5051,180.627,155.67407631855076,318.17655150860924,13342.425929614896
2455883.12902576,2011.877149967858,17932.747881950592,0.6356348,24.9339,13.3069,180.9744,155.9329685565026,318.0473115711478,13341.448256658778
2455883.95563684,2011.8794131056532,17924.244297953068,0.6354344,24.9409,12.7159,181.9763,156.4265770298398,317.64348196483166,13338.378423153721
2455884.77480821,2011.8816558746335,17915.721227899947,0.6351584,24.9293,12.1615,182.9131,158.26409794098072,317.2184851319708,13336.516289502386
2455885.06109774,2011.8824396926493,17912.713271104156,0.6351076,24.9344,11.9746,183.2336,158.07663600504566,317.06991064621434,13335.101325154948
2455886.02667932,2011.8850833109373,17902.605410507065,0.6348649,24.9355,11.3118,184.3764,158.7333168260393,316.5982080626249,13331.510390446634
2455886.69557551,2011.8869146488985,17895.802726428043,0.6347291,24.9361,10.8641,185.1587,158.67966810482358,316.2735263965654,13328.643914367174
2455886.99415433,2011.887732113155,17892.480031269726,0.6346285,24.9372,10.6522,185.5108,159.2659677450656,316.1194392641869,13327.797626527952
2455887.8148258,2011.8899789891848,17883.902758518223,0.634412,24.9379,10.0888,186.4801,160.00394168116054,315.7164638934389,13324.910023203216
2455888.09613127,2011.8907491615876,17880.936700405928,0.6343288,24.9358,9.8888,186.8163,160.4072803614754,315.57540182851415,13324.044947974717
2455888.92151713,2011.8930089449143,17872.200637586873,0.6343159,24.9382,9.3267,187.8008,157.44330517538128,315.18427983081295,13317.743631861618
2455889.73024236,2011.8952231139217,17863.75463922698,0.6341387,24.9377,8.7762,188.7497,157.5201951886129,314.7855789881718,13314.310512657881
2455890.02397031,2011.8960272972213,17860.80462051049,0.6339843,24.9383,8.5697,189.0822,159.1986057393824,314.62207300030167,13314.60283455075
2455890.84232332,2011.8982678256536,17852.65473782559,0.6340204,24.937,8.0421,190.0579,155.5711398875128,314.2635827646951,13307.945307307647
2455894.96351831,2011.9095510426007,17821.6246130053,0.6333192,24.9448,5.1252,194.969,156.711270396474,312.19582466378097,13296.091611488964
2455895.77123789,2011.9117624582882,17814.603514649156,0.6331164,24.9426,4.609,195.9373,157.74957002713472,311.85181501624265,13294.110032663775
2455896.05757594,2011.9125464091449,17812.86840099164,0.6332503,24.9432,4.4436,196.2555,154.72784220316225,311.722392707856,13290.665398772046
2455896.05757594,2011.9125464091449,17812.86840099164,0.6332503,24.9432,4.4436,196.2555,154.72784220316225,311.722392707856,13290.665398772046
2455896.87811336,2011.914792918166,17806.9469268446,0.6329216,24.9566,3.7977,197.2694,158.40928679103308,311.2816494602273,13291.521582614007
2455897.67467947,2011.9169737973164,17800.910510669735,0.6328552,24.9533,3.2563,198.2089,157.3754292577387,310.8946329661279,13288.080438220448
2455897.97609086,2011.9177990167284,17798.464357942466,0.6328183,24.9524,3.0573,198.5547,157.13410033872424,310.74435397773766,13286.845879367367
2455898.78271329,2011.9200074285827,17792.2231276292,0.6326487,24.9521,2.4995,199.5113,157.8599958246532,310.3481257102212,13284.903488065554
2455899.06721183,2011.920786343135,17789.974120409825,0.6325807,24.9532,2.3049,199.8426,158.243538339093,310.2044164714016,13284.313043525346
2455899.8830798,2011.9230200678983,17783.568746968307,0.632386,24.953,1.7415,200.821,159.35254134800743,309.8152755566425,13282.645364540374
2455900.58156554,2011.9249324176312,17778.162487528745,0.6322368,24.9539,1.2523,201.6596,160.01762653353035,309.476229652746,13280.99301348125
2455900.98031431,2011.926024132266,17774.94878665755,0.6321817,24.9534,0.9867,202.1239,159.81514529544347,309.2819123842228,13279.472882825003
2455901.78727509,2011.928233470472,17768.625051281317,0.6320378,24.9544,0.4288,203.0845,160.046064844586,308.8892506300957,13277.046972267046
2455902.16814788,2011.9292762433406,17765.68578200818,0.6319897,24.9559,0.156,203.553,159.8190543425644,308.7095523974196,13275.61867640677
2455902.88737837,2011.9312453891032,17760.317084377944,0.6319396,24.9587,359.6548,204.4176,158.73311020297933,308.36405992286836,13272.406427840659
2455902.88737837,2011.9312453891032,17760.317084377944,0.6319396,24.9587,359.6548,204.4176,158.73311020297933,308.36405992286836,13272.406427840659
2455903.98012066,2011.9342371544417,17752.60413963484,0.6317677,24.9606,358.9114,205.7014,158.94595332725748,307.82742440101276,13269.38399319046
2455905.06957714,2011.937219923723,17745.263706029455,0.6314427,24.9505,358.1175,207.0308,162.0101792822088,307.28912745974344,13269.075140369967
2455905.87662766,2011.9394295076247,17740.02957860837,0.6314987,24.956,357.5962,207.9488,159.08766175563687,306.89037725513845,13264.2696855694
2455906.42446698,2011.940929409939,17736.850872488707,0.6315161,24.9559,357.217,208.6119,157.60768321304113,306.6343124220234,13261.615943429935
2455906.97468543,2011.942435825955,17733.64554730242,0.6313662,24.9628,356.8574,209.2452,159.08484595517166,306.365702656203,13261.60500468539
2455907.77922641,2011.9446385391107,17728.742272270043,0.6312097,24.9673,356.2674,210.2357,160.05188121315132,305.97322592012927,13260.427273310823
2455908.87547958,2011.9476399167143,17723.009063805865,0.6307102,24.9474,355.494,211.5182,166.79017257105443,305.4018299828475,13264.074280788098
2455909.41460376,2011.9491159582751,17720.401320666362,0.6308522,24.9442,355.1272,212.186,163.31086264108217,305.1714550209449,13259.868092046154
2455909.9439235,2011.9505651567417,17718.896524483655,0.6308892,24.9486,354.7753,212.7772,162.09977126938065,304.88904357299293,13258.154551086054
2455911.86214708,2011.9558169666798,17708.846675185086,0.6303616,24.9586,353.4465,215.0554,167.7334508607355,303.9477919952885,13259.002740780072
2455912.65012183,2011.9579743239697,17704.97749888011,0.6304852,24.9575,352.8976,216.0261,164.11491950318486,303.5929433709032,13254.146860647472
2455912.95070528,2011.9587972766053,17703.78967205568,0.6305543,24.9529,352.6672,216.4168,162.45266804538005,303.45698042211563,13252.16228200403
2455914.03452916,2011.9617646246675,17698.768086545795,0.6304925,24.9507,351.9186,217.7139,161.69124873932014,302.93723511972746,13249.382747886344
2455915.90608583,2011.9668886675706,17689.759011992635,0.6302447,24.9465,350.622,219.9554,162.74585040704096,302.03747967456445,13246.561996767083
2455918.91112625,2011.9751160198493,17674.88853862669,0.6296903,24.9531,348.5221,223.5159,167.04637227228704,300.53623285427284,13244.18844979525
2455919.99330291,2011.9780788580701,17670.58863799144,0.6294472,24.9403,347.7811,224.7442,169.74979745591463,299.9569110947457,13244.803708570744
2455921.88709965,2011.9832637909658,17662.83500698798,0.6287826,24.9745,346.4276,226.9007,178.61538792306055,298.89333525234713,13249.466186178366
2455923.15293392,2011.986729456317,17658.39908683356,0.6293698,24.9551,345.5419,228.6367,166.59968523293992,298.49599572586226,13236.887569325107
2455923.15293392,2011.986729456317,17658.39908683356,0.6293698,24.9551,345.5419,228.6367,166.59968523293992,298.49599572586226,13236.887569325107
2455924.85729307,2011.9913957373576,17652.5337159169,0.6292865,24.9487,344.3427,230.7178,165.89625769556005,297.69803455129886,13233.803578036148
2455925.94090563,2011.9943625068586,17648.699160724518,0.6291823,24.9574,343.578,232.0169,166.31373077179614,297.16439753088514,13232.570247015088
2455926.74137457,2011.9965540713756,17645.752502739364,0.6291818,24.9588,343.0161,232.9851,165.22988071130567,296.7817343047775,13230.3687874294
2455927.76393716,2011.9993536951674,17641.946421117704,0.6292164,24.9585,342.3001,234.2332,163.2081050291381,296.30596973972206,13226.970310593913
2455927.82613105,2011.9995239727584,17641.552638195684,0.6291537,24.9587,342.2566,234.3004,164.1682221301071,296.2683698069725,13227.662209913353
2455928.90980656,2012.002490914606,17637.19417852224,0.6290718,24.9587,341.4939,235.6047,163.99638968973431,295.74187074188717,13225.683097823989
2455930.7914899,2012.0076426828202,17630.02002816328,0.6288933,24.9575,340.1718,237.8803,164.48225358558193,294.840734184717,13223.110405183032
2455931.56460495,2012.0097593564685,17627.081128091257,0.6288152,24.9569,339.6302,238.8092,164.76828311432746,294.4660316713223,13222.133704788575
2455931.56460495,2012.0097593564685,17627.081128091257,0.6288152,24.9569,339.6302,238.8092,164.76828311432746,294.4660316713223,13222.133704788575
2455931.73287545,2012.0102200559893,17626.436384697594,0.6288129,24.9598,339.5061,239.0217,164.5695049703836,294.3885798438953,13221.686226984384
2455933.75376624,2012.0157529534295,17619.120617017787,0.6286095,24.9615,338.0836,241.4672,165.43771551454302,293.41973676541784,13219.393087904264
2455934.83639189,2012.0187170209172,17615.540042095337,0.6285569,24.963,337.3233,242.7776,165.03450141002304,292.90277246985863,13217.53229853914
2455935.37892148,2012.020202385982,17614.310715639378,0.6285123,24.9642,336.9397,243.4181,165.36347483822647,292.62494104648727,13217.309851911412
2455935.91579454,2012.0216722643127,17612.68528808457,0.6284992,24.9656,336.5612,244.0671,164.99037467164726,292.3662848474447,13216.295733808443
2455936.71231455,2012.023853017248,17609.59251024361,0.6285221,24.9707,335.9921,245.0338,163.4381455610246,291.9788137907184,13213.615681511119
2455937.68566098,2012.0265178945385,17607.042771423115,0.6282992,24.9673,335.3105,246.1953,166.41558377219008,291.49935796615057,13215.19815130018
2455938.56324904,2012.0289205996987,17605.4779813596,0.6281919,24.9602,334.7,247.2632,167.72301784114734,291.09178410848915,13215.705606783138
2455939.62102483,2012.0318166319776,17602.547560920382,0.6280825,24.9586,333.9538,248.5435,168.55918248860598,290.583312488081,13215.219961622719
2455940.25116668,2012.0335418663378,17600.91824938977,0.6281623,24.9575,333.4878,249.3394,166.54865974112,290.2921281183774,13212.746585756815
2455941.73947645,2012.0376166364128,17597.134464496816,0.6281195,24.9571,332.4437,251.1291,165.8948632243073,289.57081089137955,13210.576553587198
2455941.83292301,2012.0378724791512,17597.021318616236,0.6281154,24.9567,332.3872,251.2328,165.9249342650719,289.52590750555294,13210.555828636534
2455943.70676192,2012.0430027704856,17591.877862319958,0.6280206,24.9562,331.0673,253.5025,165.67987209906005,288.6288026251566,13208.178687717527
2455944.28136287,2012.0445759421486,17590.234505841283,0.6280168,24.954,330.6404,254.2199,165.13542023325863,288.35296082650325,13207.004317290779
2455945.36265542,2012.047536359808,17587.04828916684,0.6278701,24.9553,329.8631,255.5452,166.53022114282703,287.83521046913563,13206.907455945566
2455945.36265542,2012.047536359808,17587.04828916684,0.6278701,24.9553,329.8631,255.5452,166.53022114282703,287.83521046913563,13206.907455945566
2455945.36265542,2012.047536359808,17587.04828916684,0.6278701,24.9553,329.8631,255.5452,166.53022114282703,287.83521046913563,13206.907455945566
2455945.86461884,2012.0489106607533,17585.528435510827,0.6278503,24.9596,329.4948,256.1682,166.31283161682404,287.5951621287936,13206.075846682783
2455949.84702946,2012.0598139068038,17575.546328761437,0.6275243,24.9705,326.6593,261.0215,168.32762168784575,285.6877935505926,13203.67396368189
2455950.68730466,2012.0621144549218,17573.17012970707,0.627487,24.9658,326.0997,261.9982,168.09802452756867,285.2766962281278,13202.471372892083
2455951.13695927,2012.0633455421496,17571.8530097642,0.6274148,24.9598,325.7785,262.5408,168.8760680135956,285.0549048261763,13202.609189350595
2455952.7700512,2012.0678167041751,17567.922920310724,0.6272618,24.948,324.6899,264.4529,170.09966705536317,284.2687864969762,13202.044098167527
2455952.7700512,2012.0678167041751,17567.922920310724,0.6272618,24.948,324.6899,264.4529,170.09966705536317,284.2687864969762,13202.044098167527
2455952.80540584,2012.0679134999036,17567.958197003976,0.6272711,24.9474,324.6611,264.5019,169.94943401527598,284.2541400346822,13201.925494050509
2455952.84166402,2012.0680127693909,17567.784956528914,0.6273037,24.9487,324.6288,264.5491,169.312152493987,284.2333030193298,13201.28660695093
2455954.68585932,2012.073061900945,17563.157828397336,0.6271074,24.9471,323.3246,266.7892,171.03528684143657,283.3515156597422,13200.871257432897
2455955.28593346,2012.0747048144015,17561.55710551241,0.6273079,24.9552,322.8551,267.571,166.91729692334047,283.0723668154982,13196.541179414466
2455956.86348368,2012.0790239115124,17557.762503956794,0.6273095,24.957,321.7251,269.5076,165.47498648091005,282.3240918554943,13193.664791734078
2455958.23036741,2012.0827662352087,17554.883532932003,0.6271769,24.9665,320.7176,271.203,166.72979888666032,281.664755324849,13193.56879435709
2455959.78467481,2012.0870216969467,17551.27880817306,0.6270542,24.9718,319.6154,273.0984,167.5394161371487,280.92598909919025,13192.771658866182
2455959.78467481,2012.0870216969467,17551.27880817306,0.6270542,24.9718,319.6154,273.0984,167.5394161371487,280.92598909919025,13192.771658866182
2455959.78467481,2012.0870216969467,17551.27880817306,0.6270542,24.9718,319.6154,273.0984,167.5394161371487,280.92598909919025,13192.771658866182
2455959.80975436,2012.087090361013,17551.008801044118,0.6270167,24.9627,319.6235,273.0903,168.0968809424785,280.90127003531734,13193.152940470298
2455961.67689633,2012.0922023171252,17546.55079772013,0.6269118,24.9561,318.3052,275.3554,168.2747533299671,280.007765834938,13191.435448707742
2455961.84058196,2012.0926504639563,17546.16150220884,0.6269015,24.9535,318.1891,275.5554,168.31023723186536,279.93033297572606,13191.303152815375
2455962.75291447,2012.0951482942373,17544.043099731927,0.626813,24.9477,317.5531,276.6508,169.07251225965956,279.4905140745909,13191.088171021815
2455965.67798961,2012.1031567135112,17537.88615267605,0.6266441,24.9557,315.4837,280.2048,169.73696862990255,278.09208313592967,13189.086299205306
2455966.26577189,2012.1047659736894,17536.884022507587,0.6266711,24.9696,315.0259,280.9626,168.88932155033217,277.81274947181055,13187.912744253623
2455966.76711663,2012.1061385807802,17535.818526819647,0.626631,24.9567,314.6813,281.5652,169.1947275401235,277.57661091911245,13187.735090281503
2455966.76711663,2012.1061385807802,17535.818526819647,0.626631,24.9567,314.6813,281.5652,169.1947275401235,277.57661091911245,13187.735090281503
2455967.52435736,2012.1082117929086,17534.361206330574,0.6265543,24.9588,314.1532,282.4761,169.995494750965,277.21305455291395,13187.831636156174
2455967.7431272,2012.108810752087,17533.924819488377,0.626539,24.9576,313.997,282.7419,170.10079701094946,277.1070292486363,13187.741272170273
2455969.66344115,2012.1140682851471,17530.39939459677,0.6264529,24.964,312.6148,285.0977,170.29355569337986,276.18791734703916,13186.427747693051
2455969.92529278,2012.114785195839,17529.893081849106,0.6264403,24.9639,312.4281,285.418,170.32530068762844,276.0634294979975,13186.242679078883
2455970.78135248,2012.1171289595618,17528.07087726166,0.6264106,24.9656,311.8245,286.4514,170.16518219365662,275.6494745577578,13185.333403102328
2455971.35100384,2012.1186885799866,17526.872555828286,0.6263933,24.9656,311.4218,287.1461,170.02071690357116,275.3800112048293,13184.700711774187
2455972.14217495,2012.1208546884322,17525.14561301887,0.6263421,24.9643,310.8524,288.1185,170.27280695484387,275.00321216439966,13184.196794058786
2455972.62379529,2012.1221732930596,17524.12076488454,0.6263703,24.9594,310.5314,288.6918,169.39568414758105,274.78081449855074,13182.98786366787
2455972.62379529,2012.1221732930596,17524.12076488454,0.6263703,24.9594,310.5314,288.6918,169.39568414758105,274.78081449855074,13182.98786366787
2455972.62379529,2012.1221732930596,17524.12076488454,0.6263703,24.9594,310.5314,288.6918,169.39568414758105,274.78081449855074,13182.98786366787
2455972.62379529,2012.1221732930596,17524.12076488454,0.6263703,24.9594,310.5314,288.6918,169.39568414758105,274.78081449855074,13182.98786366787
2455974.78760811,2012.1280974896918,17518.247021632145,0.6262539,24.9588,308.9964,291.3242,169.24020317162922,273.7455037110012,13180.376028177034
2455976.10043397,2012.1316918110058,17515.112161552002,0.6261147,24.9622,308.0658,292.9169,170.50666505551817,273.1136480379105,13180.177114153072
2455977.21842307,2012.1347526983434,17512.96072928847,0.626024,24.9615,307.274,294.288,171.29070169638362,272.5910285963829,13179.964793498932
2455978.75807097,2012.1389680245584,17509.902971595733,0.625964,24.9661,306.1877,296.1568,171.19776788378203,271.8560111589775,13178.593761181333
2455980.15129818,2012.1427824727728,17507.077863828872,0.62583,24.9648,305.1818,297.8611,172.48702430884896,271.18120980183414,13178.544061440454
2455981.21719137,2012.1457007292818,17504.92307600075,0.6258706,24.9393,304.4413,299.1641,170.97006747031355,270.69313745852617,13176.29301129542
2455981.22187241,2012.14571354527,17504.97830431966,0.6258008,25.0265,304.3991,299.1914,172.2125774937722,270.6736237028615,13177.415969694735
2455981.72394166,2012.1470881359617,17504.02830718252,0.6258146,24.9886,304.0496,299.7976,171.61553373441438,270.4354710537789,13176.487057725362
2455982.29379034,2012.1486482966186,17502.89113863554,0.6257874,24.9955,303.6418,300.4984,171.66610050576583,270.16681321729016,13176.052346264316
2455982.78147119,2012.149983494018,17501.96230532192,0.6258211,24.9784,303.2891,301.0942,170.72870324681935,269.9292421535515,13174.83115548551
2455985.22235152,2012.1566662601501,17497.041445734478,0.6257038,24.9742,301.5454,304.0837,170.93982438092098,268.7692463459324,13172.943048030895
2455986.77911142,2012.1609284364677,17493.42161089684,0.6255262,24.9771,300.4453,306.0055,172.69176563466044,268.0565628716507,13172.965968080396
2455986.77911142,2012.1609284364677,17493.42161089684,0.6255262,24.9771,300.4453,306.0055,172.69176563466044,268.0565628716507,13172.965968080396
2455989.21989663,2012.1676109421765,17486.246733665306,0.6252559,25.0303,298.7459,308.9732,174.731494585345,266.9191608165081,13171.741686281606
2455989.70743969,2012.168945762327,17485.513488092594,0.6254636,24.9669,298.3612,309.5787,170.82497398164287,266.65942556231926,13167.978905156337
2455991.23679934,2012.1731329208494,17481.746233612645,0.6253551,24.967,297.2695,311.4517,171.31076951718478,265.9333484942299,13166.818811564832
2455992.09988596,2012.175495923231,17479.362866693795,0.6253093,24.9651,296.6869,312.474,171.21840807550507,265.52236763685335,13165.731359622196
2455992.1444364,2012.1756178956878,17479.2491229936,0.6253066,24.9651,296.655,312.5288,171.22298334148854,265.50135755244196,13165.687400127705
2455993.21280784,2012.1785429372765,17476.772159197204,0.6252556,24.9701,295.8707,313.8472,171.18619673506055,264.9824425804994,13164.609474066956
2455993.70500094,2012.1798904885416,17475.574277339623,0.6252189,24.9626,295.5212,314.4517,171.3786507930481,264.752324125064,13164.273937279686
2455994.2822701,2012.181470965366,17474.13049423359,0.6251891,24.9645,295.1081,315.1616,171.3582772611353,264.48015246820455,13163.646487862808
2455994.2822701,2012.181470965366,17474.13049423359,0.6251891,24.9645,295.1081,315.1616,171.3582772611353,264.48015246820455,13163.646487862808
2455996.13572528,2012.1865454490892,17469.13504238096,0.6250345,24.967,293.7795,317.4338,172.18665573389717,263.596938327914,13162.2692772507
2455997.2239677,2012.1895248944552,17466.064859369704,0.6249774,24.9576,292.9882,318.7917,172.0327553294601,263.0909379960908,13160.836871365173
2455998.27084125,2012.1923910780292,17463.094650179508,0.6248968,24.9451,292.2158,320.1075,172.32638518521344,262.60251190945746,13159.841739564165
2455998.71878292,2012.1936174754824,17461.734939376573,0.6248852,24.9521,291.9064,320.6399,172.01890943725448,262.3840088263578,13158.995939851353
2456000.13365928,2012.1974911958382,17458.01325666168,0.6248673,24.9454,290.875,322.3918,170.93534960728903,261.70996949824587,13156.467232726012
2456001.18822939,2012.200378451444,17455.204980656184,0.624811,24.9453,290.1256,323.6844,170.86460148741298,261.2137574801268,13155.218508255375
2456001.47664057,2012.2011680782202,17454.427911864128,0.6247931,24.9451,289.9185,324.0399,170.88548808401265,261.07789184067906,13154.908675626184
2456002.24237068,2012.2032645330048,17451.684536971734,0.624791,24.9295,289.4684,324.8921,169.89280343262726,260.72526811830016,13152.873423251183
2456002.25529829,2012.2032999268718,17452.003914102497,0.6247328,24.9355,289.3531,325.0057,171.02834323428488,260.7108263261416,13154.010682842027
2456002.95471308,2012.2052148202056,17449.89691896216,0.6246515,24.946,288.892,325.8273,171.65633368706767,260.3819647260009,13153.674622378
2456004.104838,2012.2083636906232,17445.950038613853,0.624548,24.9608,288.0892,327.2135,171.98053389764846,259.83177137562757,13152.292669782966
2456004.11506808,2012.2083916990553,17445.917038212756,0.6245562,24.9598,288.0803,327.2288,171.82508731134203,259.8280883401362,13152.141582355522
2456005.1697737,2012.2112793256679,17442.55157001486,0.6244969,24.9514,287.3131,328.5401,171.59588645044641,259.33264275957526,13150.516891948888
2456005.45393163,2012.21205730768,17441.673141551928,0.6244827,24.9454,287.1009,328.9013,171.51370559809857,259.2015692351971,13150.073085489927
2456006.22861579,2012.2141782773174,17439.55100429356,0.6244677,24.9533,286.5484,329.857,170.97839960967121,258.8412201657761,13148.703850957912
2456008.08337169,2012.2192563222177,17435.016466221332,0.6244087,24.9372,285.2109,332.1357,170.30420006947497,257.95432400163384,13146.192260114743
2456009.13957015,2012.2221480360029,17432.685381590596,0.6242867,24.9176,284.4962,333.4303,171.5554525791622,257.49320703895637,13146.3099633517
2456009.16025311,2012.2222046628608,17432.48954470238,0.6241957,24.9386,284.4287,333.4937,173.0682306041963,257.46872137014316,13147.56073310609
2456010.50628995,2012.2258899108833,17428.995939212105,0.6241176,24.9371,283.4603,335.1565,173.11652322129976,256.83643208203125,13146.125580043858
2456010.95395765,2012.2271155582475,17428.053230295278,0.6241545,24.9352,283.1367,335.7075,172.11908036694513,256.6225990309199,13144.847751970316
2456012.06616279,2012.2301606099663,17424.953634838523,0.6241134,24.9364,282.3499,337.0408,171.67027695709294,256.0728804121509,13143.14109717022
2456013.13159943,2012.2330776165093,17421.78075349035,0.6240668,24.9283,281.565,338.4007,171.2894883580384,255.5977580566789,13141.463307538594
2456014.20590101,2012.2360188939356,17418.661867399063,0.623997,24.9298,280.8081,339.7085,171.33281812764926,255.0897981831996,13140.181947008836
2456014.6621542,2012.237268047091,17417.31091163129,0.6239819,24.9273,280.5053,340.2347,171.0878561008667,254.86350304720713,13139.394525868012
2456015.23184714,2012.2388277813552,17415.38488906428,0.6242856,24.9197,280.1847,340.8373,165.0745843638524,254.58399871210815,13133.280232145386
2456015.24811003,2012.238872306721,17415.364357856688,0.6239441,24.9266,280.1016,340.926,171.01421742171897,254.5735695804393,13138.505996418333
2456015.66055309,2012.2400015142773,17414.12731059214,0.6239191,24.9293,279.8093,341.4369,170.98437168207238,254.3856548601475,13137.956234318259
2456015.66055309,2012.2400015142773,17414.12731059214,0.6239191,24.9293,279.8093,341.4369,170.98437168207238,254.3856548601475,13137.956234318259
2456016.03017126,2012.241013473675,17412.142200137376,0.6239559,24.935,279.5343,341.8954,169.59704272267936,254.20484947702175,13135.894139283953
2456017.09348654,2012.243924672252,17408.513357846175,0.6238891,24.9376,278.7638,343.2195,169.39532668154789,253.7104179893032,13134.180840448518
2456017.58658683,2012.2452747072696,17406.87104484882,0.6238209,24.9346,278.4087,343.8379,169.96478346728873,253.48770538295912,13133.987297071431
2456018.16643454,2012.2468622437782,17404.881434039817,0.6237711,24.9305,277.9825,344.5674,170.0830965592222,253.2194922398876,13133.24933129885
2456019.21371154,2012.2497295319376,17401.345018779644,0.6236766,24.926,277.232,345.8533,170.39702204021887,252.7226685024582,13132.028637210367
2456019.99847023,2012.2518780841342,17398.93005475128,0.6236341,24.9259,276.6662,346.8275,170.22766909351503,252.35758971167706,13130.857091169986
2456021.06239737,2012.254790957892,17395.391451302672,0.6235179,24.927,275.9037,348.1475,170.91720390847877,251.86645515881912,13129.965513242885
2456022.39155973,2012.2584300061048,17390.914623972043,0.6233384,24.9176,274.9114,349.8675,172.353427728709,251.28409780223296,13129.332794016793
2456022.81232721,2012.2595820046813,17389.522435580344,0.6233845,24.9156,274.6213,350.3508,171.02738683730877,251.06257831471703,13127.576594215245
2456023.45909622,2012.2613527617245,17387.023626637867,0.6234163,24.919,274.1702,351.1189,169.53338930670543,250.74210577919712,13125.203809534944
2456024.64824412,2012.2646084712394,17382.839647152185,0.6233556,24.914,273.3205,352.5764,169.01290919784606,250.17785035382644,13122.973574693899
2456025.01792022,2012.2656205892397,17381.813453252962,0.6232855,24.916,273.0598,353.0482,169.84486413546165,250.02458787370392,13123.27055239699
2456026.08128823,2012.2685319321838,17378.312649578253,0.6232349,24.9045,272.2776,354.3724,169.4054032496142,249.51850441382567,13121.400748204323
2456026.77785929,2012.2704390398087,17375.97061137013,0.6231887,24.9049,271.7852,355.2253,169.3257748321721,249.1924456688654,13120.338284268928
2456027.40991472,2012.2721695132645,17373.711973794456,0.6231383,24.8981,271.3186,356.0116,169.35032975453305,248.88917522476697,13119.402678378176
2456028.15064536,2012.2741975232304,17371.192636093292,0.623089,24.896,270.7809,356.9343,169.25728766255907,248.54409163707476,13118.253105387595
2456028.19093461,2012.2743078291858,17370.983251686717,0.6231004,24.8975,270.7498,356.9782,168.98033916742315,248.5171814931382,13117.920906467856
2456029.25099789,2012.2772101242704,17367.251611714568,0.6230626,24.8966,269.9681,358.3089,168.2303676654983,248.02135526263282,13115.679972130602
2456031.09266987,2012.2822523473505,17360.39094705095,0.622947,24.8954,268.6165,0.6299,167.65118775840074,247.17555495381748,13112.262562841634
2456031.82941552,2012.2842694470094,17357.579452696973,0.6228032,24.8899,268.1,1.5357,169.0871253030491,246.83869907661233,13112.331979535438
2456032.13658422,2012.285110429076,17355.977130722942,0.6226292,24.8793,267.9237,1.8372,171.50267460262148,246.66114553266084,13113.773735679677
2456033.06810707,2012.2876607996438,17352.226984306497,0.6226288,24.884,267.2112,3.0508,170.09441974012407,246.24411212819479,13110.946306385757
2456033.63341519,2012.2892085289254,17349.375683528564,0.6227073,24.8944,266.8011,3.754,167.65649495283833,245.98002958682127,13107.595993089068
2456034.24715338,2012.290888852512,17347.0537902907,0.6226537,24.8939,266.3551,4.5212,167.7102636671725,245.696313095733,13106.65828740634
2456035.03706517,2012.2930515131275,17344.224844765842,0.6226799,24.891,265.7287,5.554,166.18835284953275,245.3241552741449,13104.121829368836
2456036.09548503,2012.2959493087753,17340.71587172315,0.622541,24.8917,264.9965,6.8555,167.27297222474863,244.85024884086323,13103.585449267068
2456037.14109531,2012.298812033703,17336.85568318555,0.6224433,24.8872,264.224,8.1745,167.50972011978047,244.36616786695663,13102.155203889173
2456038.19698632,2012.3017029057357,17332.98342757585,0.622297,24.879,263.4493,9.5058,168.58353954568156,243.88205393514988,13101.453894931288
2456038.97477628,2012.3038323785904,17329.699141024994,0.6221831,24.8729,262.9079,10.4313,169.3169073947265,243.4995437074864,13100.702850816922
2456039.2538253,2012.3045963731688,17328.645075142736,0.622158,24.8742,262.7096,10.7812,169.3536124820821,243.37610565922887,13100.287477734126
2456040.03185032,2012.306726489582,17325.299524268437,0.622202,24.8786,262.1623,11.7561,167.3272096695664,243.03686375048392,13097.089679599212
2456040.29542093,2012.307448106584,17324.261355347822,0.6221825,24.8781,261.9752,12.0882,167.2728146241261,242.92208162977659,13096.601174041918
2456043.96254638,2012.3174881488837,17304.448255706175,0.6218147,24.8692,259.2792,16.6664,166.1516549187154,241.18986640186813,13087.202694000232
2456044.22989668,2012.3182201141135,17303.417441582198,0.6217304,24.9136,259.1058,17.0877,167.22049426032117,241.17425891911046,13087.701155360815
2456046.07069771,2012.3232599526623,17293.58124294975,0.6215176,24.8605,257.6543,19.4401,167.1798334266041,240.26081704155968,13083.484600068537
2456047.11145804,2012.326109399151,17288.664761594064,0.6215202,24.8609,256.9522,20.637,165.27408123516943,239.72981630569996,13079.725669005033
2456048.16198743,2012.3289855918686,17283.40837365255,0.6212489,24.8567,256.1612,22.0632,167.97363327011408,239.32958692735878,13079.853380273718
2456048.93535521,2012.3311029574543,17280.464499761838,0.6213767,24.84,255.6681,22.8317,164.65019443267647,238.8427353164247,13075.692715487192
2456049.20474388,2012.3318405034356,17279.2312258388,0.6211857,24.8368,255.5038,23.1715,167.4835813542677,238.7527187631896,13077.64767982846
2456049.98393557,2012.3339738140176,17275.87919648847,0.6209782,24.8377,254.8759,24.2981,169.7985296356128,238.4834269537132,13078.24621854368
2456050.25399711,2012.3347132022172,17274.678063461877,0.6209603,24.8403,254.6842,24.6392,169.65249077117005,238.3666472018101,13077.607322033326
2456051.03986307,2012.336864785955,17271.45230013387,0.6209732,24.8442,254.0509,25.6901,168.20699667238023,238.0096770562559,13074.97046891907
2456052.07560465,2012.3397004918554,17266.68037457581,0.6208329,24.836,253.2937,26.9817,168.8208242548235,237.52322293204952,13073.47596896154
2456053.12842875,2012.3425829671464,17261.930532960672,0.620705,24.8325,252.5159,28.3275,169.22764149931936,237.05353182731255,13071.809240992477
2456054.17046155,2012.3454358974673,17257.21808449931,0.6206618,24.8197,251.7261,29.6126,168.18574518141486,236.52177691181328,13068.89212040398
2456055.22533127,2012.3483239733612,17252.48936681142,0.6205939,24.818,250.9492,30.931,167.56340595338952,236.02356959000957,13066.334546133077
2456055.99889519,2012.3504418759485,17248.869188211076,0.6204377,24.8191,250.4164,31.8873,168.8841614765288,235.6846246585397,13065.946087892129
2456057.03905635,2012.3532896819986,17242.640362922477,0.6205048,24.8201,249.6317,33.2042,165.36295305533804,235.19161448048175,13060.21732304402
2456057.03905635,2012.3532896819986,17242.640362922477,0.6205048,24.8201,249.6317,33.2042,165.36295305533804,235.19161448048175,13060.21732304402
2456058.06935193,2012.3561104775638,17235.837404553844,0.6208189,24.8174,248.8524,34.4646,157.36748647987224,234.65722807703878,13050.334125620817
2456058.08434373,2012.3561515228748,17235.934470979726,0.6203773,24.8181,248.8573,34.5311,165.01568089639477,234.71385176508664,13057.057157373612
2456058.08434373,2012.3561515228748,17235.934470979726,0.6203773,24.8181,248.8573,34.5311,165.01568089639477,234.71385176508664,13057.057157373612
2456060.1742445,2012.3618733593435,17223.43619186489,0.6196961,24.8377,247.0969,37.5502,172.00365516736656,233.9126906363225,13057.824819377025
2456060.94672016,2012.3639882824368,17218.404438929883,0.6199846,24.8224,246.7091,38.2077,165.12255022171485,233.42101832271607,13049.678402635813
2456061.21908759,2012.3647339838194,17216.765705900114,0.619941,24.821,246.4967,38.5751,165.25045741869235,233.30756582505393,13049.091181399735
2456061.99120257,2012.3668479194253,17211.898821896215,0.6199475,24.8214,245.8206,39.6332,163.2888770087111,232.92854900694942,13045.304846153296
2456063.02710172,2012.3696840567288,17205.584424694185,0.6197918,24.8178,245.0441,40.9665,163.56798406101188,232.46433957760877,13042.855172705575
2456064.06889184,2012.3725363226285,17199.43418502283,0.6197111,24.8236,244.2511,42.3098,162.61760684472938,231.9878238537445,13039.402979358127
2456065.11090668,2012.3753892037785,17193.33116892569,0.619713,24.8221,243.4026,43.6315,160.2640302372447,231.4339866397233,13034.747624599717
2456066.91794041,2012.380336592498,17183.575139916004,0.6192234,24.7989,242.2684,45.8144,164.96701762174052,230.70162670076013,13034.680686443668
2456067.18479556,2012.3810672020804,17182.12669219157,0.6193779,24.808,241.9911,46.1856,161.76084404800804,230.53250725107227,13031.270226987619
2456067.9594801,2012.3831881727579,17177.4986216812,0.6194446,24.8211,241.3569,47.2136,158.85355897333739,230.16275780713403,13026.762190696005
2456068.23380867,2012.3839392434502,17175.78932355802,0.6193251,24.8122,241.1933,47.5392,160.25558316651768,230.05437235792118,13027.253676319922
2456070.0190355,2012.3888269281315,17163.73251967491,0.6191031,24.7972,239.9923,49.6922,159.4762091733628,229.24680587268148,13021.426445566112
2456070.0344299,2012.3888690757012,17163.654456065946,0.6190048,24.7968,239.9043,49.7688,161.13366221973592,229.22023274754883,13022.83557409711
2456073.91178978,2012.3994847085012,17134.67661961964,0.6183656,24.7977,236.9898,54.7861,161.04573092257033,227.5014049396135,13010.371995204949
2456075.97723736,2012.405139595784,17120.31385707654,0.6179691,24.7582,235.5493,57.3116,162.35261110142073,226.55064551777957,13005.361134836357
2456076.74076869,2012.4072300306368,17115.33729085679,0.6182036,24.8004,234.8725,58.3344,156.43786243487648,226.14408897071633,12998.096094184362
2456078.81994922,2012.412922516687,17102.28562131193,0.6174887,24.8027,233.3397,61.1698,163.68120597933375,225.39739399267262,12998.792959060393
2456078.81994922,2012.412922516687,17102.28562131193,0.6174887,24.8027,233.3397,61.1698,163.68120597933375,225.39739399267262,12998.792959060393
2456080.87286703,2012.4185430993296,17089.797490404068,0.6173984,24.787,231.6981,63.7769,160.4475635045801,224.33948424138873,12990.638913856248
2456081.90181451,2012.4213602039977,17083.150162001213,0.617278,24.7991,230.9091,65.1653,159.96109630142837,223.9247265608733,12987.368462058383
2456083.20483721,2012.4249276857222,17072.32947482727,0.6169494,24.7751,229.8973,66.8942,161.42974873027106,223.3575331400304,12984.00103656981
2456083.95963699,2012.426994214894,17066.200269743797,0.6168505,24.775,229.2279,67.9216,160.7698002522011,222.9715826382121,12980.80071445829
2456084.98867955,2012.4298115798772,17057.417402026822,0.6165941,24.7735,228.5713,69.1661,161.7781706997548,222.54523124423304,12977.904692617667
2456085.74438789,2012.4318805965509,17051.17428302338,0.6162101,24.7235,228.1152,70.0493,165.93217296411513,222.22748524168048,12978.81581598052
2456085.74438789,2012.4318805965509,17051.17428302338,0.6162101,24.7235,228.1152,70.0493,165.93217296411513,222.22748524168048,12978.81581598052
2456086.01591462,2012.4326239962215,17048.857900698742,0.6162653,24.7493,227.8331,70.4654,164.10207186726075,222.09386136026308,12976.239314964367
2456086.77230723,2012.434694886325,17042.29012943867,0.6161458,24.7191,227.0611,71.3927,163.61834380357686,221.50364092304585,12973.000401374977
2456087.04015679,2012.4354282184534,17039.669384214947,0.6162069,24.7643,227.0234,71.757,161.57123594294535,221.56624135682466,12970.105771597138
2456087.79679534,2012.4374997819023,17033.47679973369,0.6160491,24.7584,226.4248,72.7493,161.882447386869,221.21417851519783,12967.714529098754
2456088.06610281,2012.4382371055722,17031.207379682928,0.6159829,24.7603,226.1924,73.1144,162.13856744443729,221.0814419940495,12966.960681539907
2456088.82342384,2012.44031053755,17025.502412951446,0.6157622,24.7245,225.7458,73.9831,163.70529104715388,220.75710648203125,12965.861635683072
2456088.82342384,2012.44031053755,17025.502412951446,0.6157622,24.7245,225.7458,73.9831,163.70529104715388,220.75710648203125,12965.861635683072
2456091.62729391,2012.4479871154276,17003.61045075881,0.6154024,24.766,223.6036,77.7592,161.4114706967557,219.62743844609497,12954.46852861932
2456092.15614501,2012.4494350308287,16998.99203999851,0.6152841,24.7622,223.195,78.441,161.64622176086232,219.37938890170653,12952.684069599803
2456092.64909654,2012.4507846585632,16995.011832528224,0.6151905,24.7643,222.8252,79.0803,161.70570576927003,219.16302291728073,12951.022673726979
2456093.18794601,2012.452259948008,16990.5122643844,0.6150901,24.7678,222.3477,79.7737,161.6800766329734,218.84781871712676,12949.06406752684
2456093.66911104,2012.4535773060643,16986.62804217614,0.6150598,24.7864,222.0093,80.4139,160.69969588089134,218.6753698168821,12946.547313483798
2456093.93596089,2012.4543079011357,16984.54755270039,0.6150059,24.7792,221.8105,80.7874,160.81429895908968,218.5870555911681,12945.750483621649
2456095.97612095,2012.459893554963,16969.86208201844,0.6148273,24.7775,220.2421,83.4204,158.19129675866498,217.64082021336674,12937.16794608787
2456100.79725359,2012.4730930967557,16925.449804571992,0.6135781,24.7483,216.4746,89.7862,162.22817183733787,215.48728516789106,12921.491075838501
2456101.55006716,2012.4751541879803,16921.305276778483,0.6132703,24.73,215.8834,90.6016,165.835013296959,214.9694923270839,12922.797120757381
2456103.08932692,2012.4793684515264,16910.37630393126,0.6133177,24.7724,214.691,92.8891,160.8069030696397,214.54745745052594,12913.762950878616
2456103.83990115,2012.4814234117732,16904.69093202034,0.613178,24.7718,214.1097,93.885,160.9700557059723,214.22227176160578,12911.447227354383
2456104.1067265,2012.4821539397678,16902.666727903557,0.6131378,24.775,213.9035,94.2387,160.86653622357244,214.1067816835755,12910.483973308019
2456104.84852456,2012.4841848721703,16896.856624164382,0.6130179,24.7824,213.3605,95.1886,160.64475981804298,213.78254601867394,12907.78341984845
2456105.11251774,2012.4849076461057,16894.79277028946,0.6129887,24.7887,213.1591,95.5417,160.33941326032436,213.67404740194382,12906.629769819476
2456105.86494506,2012.486967679836,16888.800906128305,0.6128822,24.8016,212.599,96.5279,159.81915141839454,213.35853525903144,12903.594182191855
2456106.12480564,2012.4876791393292,16886.797191159578,0.612827,24.8012,212.3953,96.8748,159.97562889282653,213.24560984151435,12902.862177467487
2456106.87631586,2012.4897366621767,16881.1635699791,0.6126528,24.7978,211.7934,97.8728,160.73514157340833,212.90100161635053,12901.077247461848
2456107.62247484,2012.491779534127,16875.591945432803,0.6126249,24.8132,211.2013,98.8222,159.04781742122577,212.52286771425656,12897.222557650004
2456107.88775598,2012.4925058343047,16873.841733204732,0.6126049,24.8066,211.0025,99.2069,158.7073056190202,212.44729965031576,12896.17401524267
2456108.63310236,2012.494546481479,16868.394285533184,0.6124914,24.8098,210.4397,100.179,158.5115538349637,212.12196666758337,12893.65032356403
2456108.89712846,2012.495269345544,16866.7105403298,0.6124846,24.8412,210.3078,100.5339,157.9737817201185,212.08473560410954,12892.4615325882
2456109.64262081,2012.497310392361,16861.344904640704,0.6121633,24.7874,209.7164,101.4616,161.31206537766593,211.68625875005375,12892.99719894934
2456109.90668564,2012.4980333624644,16859.360006975545,0.6121325,24.7994,209.5092,101.8158,161.0615175055873,211.57298951283354,12891.923711556485
2456110.91763917,2012.5008012023816,16851.339945786203,0.6119145,24.7655,208.6781,103.188,161.62438853041112,211.11766714266088,12888.932957481382
2456111.92391917,2012.5035562468724,16841.448008406896,0.6117259,24.7824,207.8494,104.5631,160.96176816097886,210.67225112591734,12884.082286691335
2456113.67298574,2012.5083449301574,16826.855498761823,0.611304,24.7613,206.3693,106.9182,162.39512494672636,209.82332514332086,12878.982972459771
2456114.15795046,2012.5096726911977,16822.25169872181,0.6114431,24.7916,206.1072,107.5637,158.26567107508072,209.72873116880868,12873.461162674113
2456114.21267251,2012.509822512006,16822.03924439862,0.6112364,24.7879,206.0615,107.6265,161.6602359936869,209.69189567784713,12876.267493914493
2456114.67890198,2012.5110989787274,16817.972733612056,0.6111203,24.7882,205.6662,108.2573,162.0318912552366,209.46786765815352,12874.821344990096
2456114.94212878,2012.511819654428,16815.70145118512,0.6110915,24.7934,205.4842,108.6034,161.63292782822737,209.37252440591521,12873.495859785751
2456115.68335154,2012.5138490117454,16809.095043403882,0.6108867,24.7785,204.9023,109.616,162.5061423525276,209.07265577165646,12871.375045440478
2456115.9468941,2012.5145705519506,16806.770291468245,0.6108405,24.7799,204.7498,109.9637,162.37802324263612,209.00810129780456,12870.257099589622
2456116.95054479,2012.517318397782,16797.65061337485,0.6105458,24.7721,204.0083,111.3165,163.77928151141168,208.63017679845655,12867.493455216214
2456117.69021351,2012.5193435003691,16791.196970622597,0.610496,24.7863,203.3619,112.3159,162.10208484538362,208.25413986710333,12863.26231731394
2456117.95343208,2012.5200641535382,16788.905268965707,0.6103977,24.7791,203.1348,112.683,162.85980727115748,208.13470472620634,12862.912743232264
2456118.69245329,2012.5220874833399,16782.28392637719,0.6102233,24.7798,202.5297,113.6822,163.20694728634317,207.80040599766448,12860.332470908861
2456118.95672303,2012.5228110144565,16779.940788607695,0.6102179,24.7875,202.3517,114.0254,162.3842584591639,207.7051347957052,12858.614069383995
2456121.95541898,2012.5310209965235,16751.80456322649,0.6094428,24.7731,199.9785,118.1131,164.401585160962,206.4640412515339,12848.098333459811
2456126.40092456,2012.5431921274746,16712.093308391773,0.6085535,24.7979,196.5261,124.03,163.75413324338115,204.54693410909408,12830.257715391317
2456127.64420467,2012.5465960429024,16701.717467942028,0.6080022,24.7807,195.627,125.5888,168.90020365484452,203.98122455514027,12830.094566876345
2456128.63735881,2012.5493151507455,16693.493815173715,0.6077515,24.7813,194.8435,126.9324,169.8616087611672,203.5624457315929,12827.320168116208
2456131.36396174,2012.556780182724,16672.314461628364,0.60732,24.782,192.589,130.7276,168.74814279222664,202.41573421937017,12817.131057229679
2456137.54057459,2012.5736908270778,16629.018614406,0.606371,24.7977,187.6658,139.1683,167.52766817001884,199.845402251949,12797.172230379572
2456138.03532546,2012.5750453811365,16625.564529037856,0.606285,24.8004,187.264,139.8459,167.5978385501403,199.63356279083166,12795.719869533455
2456138.52826766,2012.576394983327,16621.95495288893,0.6061345,24.7857,186.8438,140.5607,168.67829849707414,199.44230600228855,12795.050857911388
2456139.26729574,2012.5784183319372,16616.475372633082,0.6059285,24.759,186.2057,141.6624,169.9430748065779,199.17750050259144,12793.71745849168
2456139.75964826,2012.579766319672,16612.96084324339,0.6061288,24.8087,185.8462,142.2682,165.23052288128474,198.93852491808377,12788.207298779564
2456140.25207272,2012.5811145043665,16608.593128965556,0.6058517,24.8095,185.5149,142.8776,168.1124471734547,198.73127842806673,12788.723130851235
2456140.74420155,2012.582461879671,16604.706611008336,0.6057056,24.8109,185.1525,143.5097,169.00653036356562,198.51592331847792,12787.773591500412
2456141.23616307,2012.5838087969062,16600.973724201507,0.6055926,24.81,184.7609,144.1793,169.4105840306329,198.30903311379734,12786.478148985796
2456141.72791984,2012.5851551535654,16597.17082667214,0.6054874,24.8121,184.3768,144.842,169.65671547457532,198.10294471643044,12785.018676282352
2456142.21944634,2012.5865008797812,16593.446258427888,0.6057787,24.7982,183.9466,145.6138,163.35365547757738,197.96008327874154,12778.080196309953
2456142.46521116,2012.5871737471869,16591.572477652702,0.6053256,24.812,183.7883,145.8584,170.13261267409325,197.8041510127157,12782.964984384696
2456142.71087303,2012.5878463327313,16589.659837264608,0.605302,24.8143,183.5992,146.1863,169.76925844866582,197.7008202167135,12781.820743580036
2456143.69311496,2012.5905355645725,16582.010733129646,0.6052456,24.8003,182.7959,147.6031,167.68539775015233,197.3461967539048,12776.713998815962
2456144.42917799,2012.5925507953189,16576.31632818218,0.6051805,24.8363,182.3075,148.5131,166.51662453472363,197.04231368524052,12773.233916768135
2456144.67462409,2012.5932227901167,16574.156437979218,0.6051219,24.8196,182.098,148.8754,166.63510333200156,196.9531955580298,12772.38627164572
2456145.65525665,2012.5959076157426,16566.526786224083,0.6049692,24.8477,181.3346,150.1991,166.15202958352893,196.54695833270307,12768.63333977938
2456146.39034923,2012.597920189541,16560.850730057784,0.604746,24.8306,180.7154,151.256,167.60619445825887,196.26013176529216,12767.364497711731
2456146.63519889,2012.5985905513764,16558.90170920102,0.6046311,24.8284,180.4777,151.6177,168.73845397492823,196.14280150449474,12767.459978351064
2456147.36965078,2012.6006013710614,16553.129688336416,0.6045353,24.817,179.8546,152.6738,168.04216625905428,195.85190641784982,12764.341153969248
2456147.61431041,2012.6012712126212,16551.202613128495,0.604448,24.813,179.6615,153.0021,168.72499602820244,195.74596345638759,12764.068191220063
2456148.34826633,2012.603280674415,16545.437730090736,0.6043456,24.8133,179.0304,154.0178,168.13893783641106,195.40715721059655,12761.044405852259
2456148.59280729,2012.603950191075,16543.602746990724,0.6042746,24.811,178.8923,154.3297,168.5875144940028,195.33993121299977,12760.61478113867
2456149.57063346,2012.6066273332233,16536.093737111612,0.6040549,24.8058,178.1072,155.6705,169.24898835003205,194.9318600395867,12757.870315306878
2456150.30351583,2012.6086338557975,16530.517546430136,0.6039607,24.7884,177.5704,156.7107,168.5982977259082,194.71291191286025,12754.873900300425
2456150.54769294,2012.6093023762905,16528.792371412677,0.6036548,24.7852,177.2262,157.1243,172.97121820603115,194.5416445354208,12757.780312910383
2456152.49955185,2012.614646274743,16517.009545008055,0.6035229,24.8132,175.769,159.6217,170.47974507711388,193.65804109249632,12750.510600853371
2456153.47559245,2012.6173185282678,16509.866435021857,0.6033551,24.8237,174.9445,161.0176,170.4180211326002,193.2674298236327,12747.31610046515
2456154.93694869,2012.6213195036005,16500.373234123235,0.603233,24.8132,173.7343,163.1297,168.66728698337283,192.72897870380484,12741.672740767934
2456154.93702299,2012.6213197070228,16499.86653564994,0.6029964,24.8123,173.7208,163.0839,172.37011417255508,192.66960547178894,12744.547688194492
2456157.36988851,2012.6279805298018,16483.875377952452,0.6029497,24.8451,171.7584,166.5035,166.79136397863385,191.7289092713704,12732.839904130984
2456157.61296078,2012.6286460254073,16482.52988385761,0.602701,24.818,171.5689,166.8596,170.35634032674352,191.65593085334967,12735.227790628129
2456158.34198896,2012.6306419957832,16477.630557472752,0.6025556,24.8168,170.9715,167.8913,170.80569033642405,191.371681518047,12733.444435586534
2456158.58487291,2012.6313069757969,16475.887815064198,0.6025353,24.8218,170.773,168.2135,170.4475076481467,191.25598871311195,12732.37713130498
2456159.31341789,2012.6333016232447,16470.97759384746,0.6023919,24.8211,170.1767,169.2408,170.85780623226037,190.96891563192594,12730.55553894894
2456159.55615578,2012.6339662033672,16468.957026004027,0.6025145,24.8374,169.9799,169.5754,168.03531795972413,190.8674667878131,12727.307282241843
2456160.52677701,2012.636623619466,16461.920019540103,0.6022516,24.8207,169.1503,170.9879,169.56604870004412,190.49369699225156,12725.483445888516
2456161.25414584,2012.6386150467904,16456.89760331743,0.602112,24.821,168.5571,172.0059,169.86577358876548,190.20158315546712,12723.518700775963
2456161.49657361,2012.6392787778514,16455.211548421412,0.6020673,24.8198,168.3604,172.3459,169.93046053451326,190.10593997348877,12722.828990266238
2456162.22366334,2012.64126944104,16450.18486465579,0.6019844,24.812,167.8112,173.3275,169.29389901689228,189.8217012256032,12720.080371765036
2456162.46601743,2012.641932970377,16448.546065544295,0.6019198,24.8157,167.6062,173.6606,169.7042074810861,189.7109306642966,12719.69964125061
2456162.46610164,2012.6419332009307,16449.01800189103,0.6022108,24.7984,167.608,173.6507,165.10541175782964,189.70274766498153,12716.070134661464
2456163.19267552,2012.6439224518008,16443.75342371782,0.6018085,24.8088,167.0559,174.6345,169.62654142033443,189.41831735175361,12717.520008716712
2456166.57941374,2012.6531948357015,16423.6499745466,0.6018576,24.8309,164.1818,179.5557,160.81511762592163,188.127359147469,12701.299544330943
2456167.54616995,2012.6558416699525,16417.273654149867,0.6011196,24.8224,163.515,180.671,170.39238207676135,187.62299881709015,12706.464716823977
2456168.27119193,2012.6578266719505,16412.242895507465,0.6000432,24.8096,162.7467,181.7145,186.0518493098998,187.18359809780782,12717.259461836771
2456168.51255354,2012.6584874840248,16410.756800365107,0.6002114,24.8121,162.5768,182.0643,182.69718615844613,187.125605751072,12713.815488731803
2456169.23667483,2012.660470020068,16406.40585020697,0.6007315,24.8175,162.1109,183.0777,172.42475420336268,186.95939277550542,12703.351944721348
2456169.47800605,2012.661130748939,16404.776555538025,0.6004569,24.8161,161.8953,183.3792,176.27897980698526,186.80743038193987,12705.83595884871
2456170.20153251,2012.6631116564274,16399.64602620134,0.6010326,24.8042,161.2896,184.4981,164.78783599387953,186.60750368613492,12694.009203466889
2456170.20181378,2012.6631124265018,16400.153344121387,0.6001062,24.8205,161.2667,184.3739,180.18334136340854,186.4601264593632,12707.033720569607
2456170.44303085,2012.6637728428475,16398.504605150578,0.5999668,24.82,161.063,184.7075,181.8099724131216,186.35227657491885,12707.654340596453
2456171.16637109,2012.6657532404924,16393.170531719603,0.6005602,24.8284,160.537,185.7658,169.94845855597214,186.17163342271363,12695.439130450242
2456171.64820084,2012.6670724184537,16390.271875519196,0.6002765,24.8397,160.0548,186.4741,173.44054003409747,185.92282935665912,12697.058899008456
2456173.5750181,2012.672347756605,16376.730056948694,0.6004074,24.8168,158.6216,189.1818,165.88384295427568,185.29820762220174,12684.787129908822
2456175.25889523,2012.6769579609308,16361.671022724566,0.5995114,24.8216,157.2644,191.393,174.52642155152898,184.49253406487327,12685.293274915755
2456176.21999285,2012.6795893028063,16354.354212270111,0.5995994,24.8207,156.4146,192.8536,170.15693920547983,184.15605098975675,12678.426941279997
2456176.46000522,2012.6802464208624,16353.260414855777,0.5998413,24.8386,156.1375,193.3129,165.76312837014757,184.1016884895028,12674.29691414529
2456177.18013041,2012.6822180161807,16346.826768508137,0.5997803,24.8088,155.542,194.3353,164.1858052442949,183.81881417494048,12670.138135976962
2456177.1802763,2012.6822184156053,16346.832723973252,0.5994489,24.8214,155.6092,194.2319,169.6055291034827,183.782470382101,12674.636219387023
2456178.140392,2012.6848470691302,16339.728092064817,0.5992461,24.8213,154.8214,195.5854,170.07345783453457,183.40185511307868,12671.874357348928
2456179.33964605,2012.688130447775,16330.687258023241,0.5994022,24.8323,153.8375,197.3419,163.90108805214277,182.99243880104314,12662.750000990756
2456179.57929911,2012.6887865820945,16329.125701714318,0.5991228,24.8375,153.6077,197.6618,167.83788975127118,182.84633044600798,12665.320179896176
2456180.298385,2012.690755331964,16324.327708247476,0.5993014,24.826,153.0815,198.6641,162.99895863597249,182.61368049295447,12659.182815664644
2456181.49610957,2012.694034523121,16317.786311760965,0.5988232,24.8287,152.0378,200.3637,168.18099563606575,182.08907167647436,12660.573686230147
2456182.45409788,2012.69665735217,16311.994661775285,0.5986985,24.8273,151.2562,201.7123,167.89162576241415,181.71185321884155,12657.763740773931
2456183.4114323,2012.6992783909657,16305.693803293252,0.5986156,24.8116,150.4438,203.1651,166.71482381857913,181.40867925234198,12653.992974580586
2456184.12887054,2012.7012426298147,16301.540745582628,0.5987651,24.809,149.8069,204.2003,162.6107708997706,181.09985326669448,12648.753153640424
2456184.12890732,2012.7012427305135,16301.284221051561,0.5985678,24.8254,149.8763,204.1159,165.72408768201421,181.08481701510698,12651.215614673662
2456184.36819218,2012.7018978567557,16300.000577595294,0.5984774,24.8275,149.6624,204.4725,166.6823119175633,180.99167156790827,12651.438329156965
2456185.32453745,2012.704516187406,16293.912998581696,0.5982659,24.8207,148.8709,205.8361,167.68417396351833,180.62117253389863,12649.563073949566
2456185.56353098,2012.7051705160304,16291.997569584675,0.5982839,24.8182,148.6522,206.242,166.62142486303492,180.57281422901656,12647.833615615538
2456186.28022156,2012.7071327078988,16287.50434735835,0.5981677,24.8138,148.0836,207.2316,166.70903315900523,180.2874251564299,12645.909895494133
2456186.5191627,2012.7077868930871,16285.92341008767,0.5980544,24.8111,147.8889,207.539,167.91895662173465,180.16461848866163,12646.207269264058
2456187.47445342,2012.7104023365364,16279.738107662113,0.5979145,24.8022,147.1119,208.8825,167.7103368883745,179.78955884690316,12643.2858434409
2456188.19056021,2012.7123629300754,16275.169567863493,0.5978238,24.802,146.52,209.9139,167.34955115898174,179.52324517286524,12640.956937801813
2456188.42918714,2012.7130162550034,16273.179198494832,0.5978179,24.8274,146.3048,210.2374,166.64508372696855,179.39634819880587,12639.490299740346
2456189.14488175,2012.7149757200548,16269.042713482371,0.5976688,24.8023,145.7275,211.287,167.4071777666186,179.16324078029606,12638.28021762807
2456189.38344394,2012.7156288677343,16267.266243895574,0.5977312,24.7922,145.5817,211.575,165.6773712123795,179.0703076156401,12636.062209223643
2456190.09882191,2012.717587465873,16262.386287822768,0.5976082,24.8224,144.9466,212.6138,165.71459065232102,178.76891228573515,12633.922759529072
2456190.33715309,2012.718239981082,16260.667093296734,0.597496,24.8307,144.7068,212.9625,166.84724772030768,178.6429068105158,12634.0927671544
2456191.29037919,2012.7208497719093,16254.383414407086,0.5972075,24.8359,143.9078,214.3088,169.00743144756598,178.2506821126383,12633.078501124484
2456191.52863489,2012.7215020804654,16252.673884945796,0.5972367,24.8407,143.7025,214.672,167.84426772458937,178.17375103246115,12631.358512740751
2456192.48118369,2012.7241100169474,16246.315175982041,0.5969737,24.8391,142.8928,216.0462,169.55599400989013,177.79939389895446,12629.938810488813
2456193.1952953,2012.7260651479805,16241.601183230387,0.5968156,24.8405,142.2858,217.0821,170.22392810003294,177.52444672702836,12628.389760026903
2456193.43326037,2012.726716660835,16239.922601825789,0.5967916,24.8288,142.112,217.3959,169.93690840601357,177.4299020993389,12627.405658457848
2456194.14702871,2012.7286708520471,16235.195784041971,0.5966182,24.8286,141.5134,218.4163,170.84619871926134,177.14819326302074,12626.048664330114
2456194.38488773,2012.729322074551,16233.520893903547,0.5966262,24.8306,141.3302,218.7378,170.0407103532707,177.05205316162187,12624.639181626599
2456195.09801895,2012.7312745214233,16228.710720980127,0.5971036,24.8182,140.6643,219.8865,160.3528261242982,176.83197228762128,12614.515547709814
2456195.09826081,2012.7312751836007,16228.750784376154,0.5967896,24.8294,140.7451,219.7739,165.46479526862186,176.79993390377035,12618.745709814295
2456201.26885495,2012.7481693496238,16183.8186109427,0.5949547,24.8409,135.5523,228.5903,177.04336441486976,174.3416341354358,12608.213229269246
2456204.34346316,2012.7565871681318,16157.529885639373,0.5944962,24.7993,133.075,232.9054,173.80346724033097,173.14901947259347,12593.803722092756
2456204.81471979,2012.7578773984671,16153.483168600676,0.5952355,24.8613,132.4897,233.9077,160.22023799706767,173.1015365518253,12580.859433030251
2456204.81508201,2012.7578783901708,16153.790277961345,0.5952852,24.8707,132.5268,233.8971,159.54170158707075,173.12767953851494,12580.439817426815
2456205.52322668,2012.7598171846128,16148.445516723386,0.5951425,24.8668,131.9566,234.9059,159.68298078683802,172.86831353944837,12578.168089472456
2456205.75934042,2012.760463628802,16146.459039653077,0.5949674,24.8446,131.7476,235.2611,161.70598562418763,172.78179363131096,12578.939626883554
2456210.2385009,2012.7727269018483,16114.765257731318,0.5949568,24.9067,127.8871,241.8076,149.03978724031822,171.0530153346026,12554.388572648024
2456210.47303122,2012.7733690108694,16113.073623744569,0.5945152,24.8854,127.7393,242.0978,155.47013570934178,170.96425608703822,12558.902038771554
2456212.35583115,2012.7785238361396,16097.231970152423,0.5936484,24.841,126.2064,244.7396,162.99966664258955,170.217418989767,12557.971114267531
2456213.06055634,2012.780453268556,16091.801933877081,0.5936251,24.8731,125.5839,245.8449,161.16810169910514,170.00562331988692,12554.041405774433
2456214.93871383,2012.785595383518,16077.677080153431,0.5933869,24.8658,123.9871,248.5993,159.25781836013448,169.3120619335058,12546.150894492463
2456216.34588305,2012.7894480028747,16065.347340057451,0.5929943,24.8419,122.7519,250.6486,160.55163988322147,168.73921896509023,12541.678685416666
2456217.04848478,2012.791371621574,16059.772668093165,0.5928421,24.8402,122.151,251.6891,160.72701401820905,168.48631623336917,12539.320911900799
2456219.38906608,2012.7977797839292,16034.299906021934,0.5919361,24.8355,120.1011,255.2475,164.88265342094383,167.68787778553065,12531.268489256996
2456224.97740587,2012.8130798244213,15999.645610837108,0.5915894,24.8414,115.3732,263.3572,156.28856370934864,165.56166320834433,12508.697854257485
2456225.22401439,2012.8137550017516,15997.667960509525,0.5915065,24.836,115.1435,263.7404,156.80707702639666,165.47209936940203,12508.230038283798
2456225.68980315,2012.8150302618756,15994.125335929253,0.591405,24.8355,114.7408,264.4282,156.9833416340134,165.29810572482995,12506.779818492449
2456226.15544899,2012.816305130705,15990.639818363516,0.5913013,24.8391,114.343,265.1307,157.21740593340473,165.143852946258,12505.401930326027
2456226.85364572,2012.818216689172,15985.14293544476,0.5911436,24.8337,113.7408,266.1283,157.49169407137651,164.8510918980993,12503.151169763903
2456228.01650093,2012.8214004132233,15975.785466580637,0.5909088,24.8136,112.7364,267.8631,157.41694746603207,164.43535123958708,12498.8780933615
2456228.24889453,2012.8220366722242,15973.986205622561,0.5908643,24.8081,112.5387,268.2047,157.3917280277301,164.35019799929404,12498.047455606662
2456229.64279787,2012.8258529715813,15963.053400541188,0.5905861,24.8045,111.3337,270.284,157.35964862383025,163.8506302307062,12493.097189672999
2456232.65810482,2012.834108432088,15940.341460848671,0.5898611,24.8101,108.7253,274.7687,159.61781237686682,162.75496444828548,12484.688286029546
2456234.27938134,2012.8385472452837,15928.309433404616,0.5895846,24.8158,107.3254,277.1748,159.08718743452846,162.16319169783634,12478.829547814856
2456237.28522421,2012.8467767945517,15909.233584453526,0.5896768,24.7737,104.6385,281.7151,149.7913339204415,161.05395396139158,12462.697780902416
2456239.13312855,2012.8518360809032,15897.757829154249,0.5889541,24.7966,103.0401,284.4318,156.57187486675411,160.35091087483806,12462.998626311894
2456239.8255332,2012.8537317815196,15893.31103456598,0.5888348,24.848,102.4492,285.4731,156.64011018952806,160.11885865292317,12461.04418889086
2456240.97866735,2012.8568888907598,15885.700902926323,0.5884587,24.8601,101.4502,287.2158,159.48570100147208,159.72599932646864,12459.900749855933
2456241.90055014,2012.859412868282,15879.577998272032,0.5882486,24.8671,100.6415,288.5849,160.30217219770657,159.37776741841344,12457.78967345567
2456242.82190153,2012.8619353909105,15873.512036369335,0.5880024,24.8674,99.837,289.9668,161.71256255527805,159.0470592722525,12456.181695391406
2456244.89311219,2012.8676060566463,15859.057093801162,0.5873627,24.8504,98.0204,293.1301,165.9021997319578,158.3523196073259,12453.009167225307
2456247.87971449,2012.8757829281037,15836.742148807876,0.5875638,24.8574,95.353,297.6372,153.5094522341551,157.24834588263076,12432.923282121026
2456250.85938794,2012.8839408294039,15814.74427830258,0.5867448,24.8482,92.7338,302.158,157.38900967878908,156.2131014145749,12426.071182472986
2456252.00381572,2012.8870741019025,15807.875836382764,0.5864257,24.8658,91.7393,303.8487,159.59488351891468,155.78132331513035,12424.725968872335
2456253.83382665,2012.8920843987678,15794.897642351414,0.5858946,24.8752,90.1421,306.616,162.6161061449884,155.14771644359735,12421.25591481937
2456254.97624919,2012.8952121812185,15786.964470462732,0.5857126,24.8672,89.1182,308.3671,162.20416436038158,154.74891476134934,12417.32047673248
2456256.80248733,2012.9002121487476,15774.082090157008,0.5851004,24.8869,87.5541,311.0963,166.5240495733069,154.114026450879,12414.921492716912
2456257.94269956,2012.9033338796987,15765.790689443033,0.5851306,24.8688,86.4944,312.8767,162.60782385481798,153.71090330845408,12408.014750579901
2456258.85421119,2012.905829462532,15759.375454517845,0.5850648,24.8619,85.6772,314.2461,160.98330609545246,153.3646934885088,12403.795644386842
2456259.99288902,2012.9089469925261,15751.674336310354,0.5842139,24.8894,84.7301,316.015,171.19094076457077,153.06418269063568,12408.44783002527
2456259.99295705,2012.9089471787815,15751.683733882404,0.584304,24.884,84.7264,315.9909,169.77562143997875,153.03631563862268,12407.32186507168
2456260.90331309,2012.9114395977826,15746.324993652428,0.5850566,24.8734,83.8733,317.3156,155.69733037111655,152.61064479826553,12393.627282409825
2456261.81333818,2012.9139311106915,15741.263674501988,0.5845608,24.8565,83.0342,318.7602,161.40168792416625,152.3192001510581,12395.884634339493
2456262.72290771,2012.9164213763447,15735.729936679043,0.5843317,24.8627,82.25,320.1287,162.70781203848492,152.0070045159207,12394.407205929083
2456262.95023538,2012.9170437655848,15734.761146543015,0.5841794,24.8552,82.0309,320.5138,164.70152081220385,151.9489443894605,12395.557836040503
2456263.8592072,2012.9195323947977,15729.54826802332,0.5843668,24.8505,81.2002,321.8846,159.5861811929908,151.59313787280223,12389.097151070102
2456264.7677352,2012.922019808898,15724.701941996647,0.5839037,24.8831,80.471,323.2484,164.85399666761896,151.33226879671207,12391.093608045481
2456264.99488483,2012.9226417106913,15723.699876643735,0.5838549,24.8752,80.2527,323.613,165.20435753589572,151.25468415116092,12390.91616859707
2456265.90289817,2012.925127715729,15718.676957436277,0.5838133,24.8729,79.4447,324.9669,163.76799128144467,150.90562233752428,12387.479545372187
2456266.81047514,2012.9276125260503,15714.182684868445,0.5836755,24.8594,78.5982,326.3928,164.06294918651292,150.59049062188575,12385.664787637163
2456267.94445378,2012.9307171903629,15708.18249213726,0.5835124,24.8593,77.5835,328.1264,164.12692651226553,150.19171146933166,12382.978141127543
2456268.85114558,2012.9331995772209,15703.473623881899,0.5834597,24.8528,76.7631,329.4977,162.99331433385305,149.84895220046474,12379.925697852352
2456269.07778438,2012.933820080438,15702.263730770386,0.5834569,24.8558,76.5669,329.8301,162.53331143266314,149.76177104235478,12379.006912782137
2456269.75744212,2012.9356808819166,15698.772337773371,0.5834072,24.8587,75.9618,330.8802,161.85922475555435,149.5368825100644,12376.8762487541
2456269.9839783,2012.9363011041748,15697.576863262344,0.5833194,24.8597,75.7635,331.2328,162.73944593027045,149.4679024970285,12377.031947664873
2456270.8897351,2012.9387809311427,15692.779567792217,0.5831789,24.8623,74.9593,332.6155,162.94534150467734,149.15366478863928,12375.005785893964
2456271.7950815,2012.9412596344969,15687.925858137614,0.5830053,24.8657,74.1607,333.9965,163.64563683633787,148.8437315811447,12373.346860478723
2456272.02134054,2012.941879097988,15686.755522408188,0.5829566,24.8697,73.9682,334.3416,163.92155803388596,148.77332472429316,12373.031943634716
2456272.92616746,2012.9443563790833,15681.650005900967,0.5832072,24.859,73.1005,335.7254,157.86251457947947,148.39760353002856,12365.875770120498
2456273.15222827,2012.9449752998498,15680.388680091068,0.5832186,24.8585,72.888,336.0818,157.15804663250674,148.3186920540203,12364.738759871296
2456273.83046678,2012.9468322156877,15675.755750227416,0.582625,24.867,72.3378,337.1121,164.5322562511683,148.1303023524801,12368.491852021572
2456274.9601205,2012.9499250390145,15669.294232373813,0.5823971,24.8689,71.3321,338.8472,165.4064123925782,147.74628595476156,12366.233045731624
2456275.18598404,2012.9505434196856,15667.957050540279,0.5823831,24.8711,71.1316,339.1949,165.0673527797735,147.67086891320457,12365.352102091289
2456276.08916575,2012.9530161964408,15663.036755847163,0.5821425,24.8772,70.3352,340.5833,166.78108120640536,147.37266928135455,12364.46360273917
2456276.76631222,2012.9548701224371,15659.298613713336,0.5820664,24.8719,69.703,341.6528,166.4107431042239,147.14255592266068,12362.459290543675
2456276.99198007,2012.955487967337,15658.040670062388,0.5819616,24.8722,69.5074,342.0041,167.52596884780905,147.07583175873646,12362.76937800478
2456277.89431313,2012.9579584206163,15653.171751552489,0.5816153,24.8777,68.7274,343.4014,170.91126732176326,146.80376857817333,12363.227640242596
2456278.11988213,2012.9585759948804,15651.908259685113,0.5815784,24.8779,68.5275,343.7433,170.9601970706599,146.7234418430578,12362.687905266886
2456278.79627429,2012.9604278556878,15648.284811431866,0.5816129,24.8724,67.8874,344.7971,168.90420222902503,146.47047195240674,12359.397620812273
2456279.02172205,2012.961045098015,15647.095585393548,0.5815664,24.8689,67.6805,345.1306,169.13423534032881,146.37486471466048,12359.035558916534
2456279.92311622,2012.9635129807534,15642.259161692302,0.5814638,24.8799,66.8964,346.4873,168.71540894988175,146.05902692879374,12356.488429890675
2456280.59894847,2012.9653633086102,15638.769128329275,0.5811223,24.8779,66.3097,347.5537,172.595343305572,145.87260890035196,12357.965279276807
2456281.04935215,2012.9665964466801,15636.404117804243,0.5811692,24.8816,65.9102,348.2147,170.87134578324458,145.69017919512612,12355.51526908159
2456281.72476073,2012.9684456145922,15632.742871378558,0.5810763,24.882,65.3029,349.2583,170.79018482652918,145.4607787467902,12353.7730462846
2456282.39991939,2012.970294098262,15629.107076570872,0.5811715,24.8823,64.6769,350.2762,167.77917321956375,145.18722462566285,12349.720832171352
2456282.39993595,2012.9702941436005,15629.165279547282,0.5814219,24.8608,64.702,350.2149,163.89000729886902,145.15100830384273,12346.664345474263
2456283.09548171,2012.9721984441069,15625.397954043723,0.5811458,24.8661,64.0882,351.2838,166.62725972261978,144.92056012151863,12347.108218137171
2456283.76228274,2012.9740240458311,15621.932916221533,0.5810435,24.8664,63.4878,352.3135,166.7740378149656,144.69264350075525,12345.636449527272
2456283.99052054,2012.9746489268725,15621.063631280109,0.5810134,24.8664,63.2825,352.665,166.88003925370595,144.61388632592093,12345.32197566535
2456284.66589045,2012.9764979889121,15617.500674792462,0.5809005,24.8666,62.6731,353.7099,167.15042405518216,144.3837239916649,12343.90279485531
2456284.89212206,2012.9771173773033,15616.34609646696,0.5808665,24.8667,62.4699,354.0594,167.1974966235348,144.30704417078215,12343.410716168448
2456285.13444942,2012.9777808334566,15615.14671438039,0.5808294,24.8667,62.2515,354.4332,167.27411735485566,144.22359995561624,12342.921455772981
2456286.68351443,2012.982021942314,15607.162408835808,0.5805882,24.8676,60.8551,356.8263,167.69177878216215,143.69350076696134,12339.590243579489
2456286.90419046,2012.9826261203566,15605.995885718488,0.5805533,24.8678,60.6559,357.1679,167.74717447819603,143.61839667165157,12339.098946450506
2456287.14811006,2012.9832939358248,15604.682654403186,0.5805144,24.8678,60.4358,357.5453,167.80336609191363,143.53528310305956,12338.540934063243
2456288.03188005,2012.9857135661875,15600.624818876393,0.5803919,24.8685,59.6384,358.9102,168.01223906156793,143.23171617251762,12336.844281312584
2456288.69738389,2012.9875356163996,15597.188707868363,0.5802998,24.8697,59.0415,359.9331,168.00692013009302,143.00177809616935,12335.263150740333
2456288.93606008,2012.988189076194,15596.104872606627,0.5802596,24.8691,58.8244,0.3064,168.17899766985465,142.9227325701796,12334.901763209373
2456289.17111811,2012.9888326300068,15594.856385953286,0.5802212,24.8692,58.6119,0.6703,168.25379986780717,142.8424531975828,12334.387836037602
2456289.602147,2012.9900127227925,15593.010120273217,0.5801628,24.8698,58.2226,1.3383,168.38940846717105,142.6963197947494,12333.64751280931
2456290.05345185,2012.9912483281316,15590.560150699199,0.5800862,24.8701,57.8149,2.0381,168.55505700867343,142.54360187261221,12332.653649074706
2456290.7152786,2012.9930603110195,15587.58927805195,0.5799803,24.8709,57.2151,3.0658,168.95827229059614,142.3191880329753,12331.608126636402
2456290.95397194,2012.9937138177688,15586.362361072912,0.5799492,24.8709,57.0002,3.434,168.92767885856483,142.23722560319433,12331.020504268074
2456291.61585718,2012.9955259607946,15583.503876689498,0.5798583,24.8715,56.402,4.4601,169.14351070891462,142.01275411396335,12329.878144630069
2456292.07263545,2012.9967765515398,15581.739280889906,0.5798044,24.8714,55.9884,5.1688,169.24198617710226,141.85764144564962,12329.145363280517
2456292.22971705,2012.9972066175228,15581.002791622599,0.5797848,24.8719,55.8477,5.4078,169.23790428224856,141.80111769178146,12328.803811319864
2456292.73732109,2012.9985963616425,15578.741460863155,0.5797125,24.872,55.3882,6.1975,169.4140017325235,141.63100980867094,12327.903985717836
2456292.96209678,2012.9992117639426,15577.742135781858,0.5796787,24.8721,55.1849,6.5457,169.52052557660772,141.55436498062602,12327.528948605097
2456293.63263457,2013.0010475963584,15574.765718302158,0.5795865,24.8727,54.5785,7.5855,169.7054673114244,141.32686531099102,12326.307258995612
2456293.63263457,2013.0010475963584,15574.827298898495,0.5795866,24.8727,54.5785,7.5855,169.7297991427331,141.32686531099102,12326.354766120323
2456294.08974211,2013.002299088597,15572.905499461162,0.5795272,24.8731,54.1656,8.2939,169.8468794938326,141.17182810502442,12325.563973419872
2456294.74980825,2013.0041062511978,15570.298158339652,0.5794459,24.8738,53.5683,9.3178,170.01642871219065,140.94784956879386,12324.4993656694
2456294.75329785,2013.004115805202,15570.33172570992,0.5794454,24.8737,53.5652,9.3232,170.03833077324543,140.94671012728685,12324.532079087232
2456295.64716028,2013.0065630671595,15566.597077745668,0.5793257,24.8745,52.7559,10.7103,170.33102906270324,140.64349582255744,12323.046148215317
2456295.87627534,2013.007190350007,15565.575233134017,0.5792954,24.8746,52.5483,11.0662,170.37280222555273,140.565973997442,12322.609281364053
2456296.10564242,2013.0078183228468,15564.700653605527,0.5792653,24.8748,52.3408,11.4218,170.47336008452567,140.4880037751718,12322.28646942599
2456296.76790475,2013.009631498289,15561.781496696507,0.579177,24.8756,51.741,12.4509,170.61927478431335,140.264560615946,12321.059176840696
2456297.66020749,2013.0120744900478,15557.804833022461,0.5790626,24.8765,50.9326,13.8371,170.72561611990932,139.96288358277997,12319.314026404636
2456297.87859878,2013.012672412813,15557.019499172367,0.579035,24.8768,50.7347,14.1765,170.82441346909582,139.88913138736234,12319.030667160043
2456298.16352483,2013.0134524978228,15555.833352409776,0.5790012,24.8771,50.4771,14.6145,170.85087436449248,139.7887007837874,12318.505878756028
2456299.00505267,2013.0157564754822,15552.123326231947,0.5788889,24.8781,49.7143,15.9283,171.0354612451938,139.51026882637677,12316.944465086446
2456299.66279736,2013.0175572823005,15548.939544166738,0.5787961,24.879,49.1176,16.952,171.13767686725168,139.28897837186216,12315.559954215734
2456299.89225506,2013.018185503244,15547.792086235639,0.5787664,24.879,48.9115,17.3074,171.11613253654832,139.21211883212268,12315.014907694438
2456300.12974809,2013.018835723724,15546.615658199793,0.5787293,24.8793,48.6961,17.6768,171.1973609607876,139.13203945938102,12314.537459472043
2456300.99593113,2013.021207203641,15542.919381267908,0.5785746,24.8871,47.8938,19.0603,172.04471741857924,138.8595066892131,12313.503364327362
2456301.01465339,2013.021258462395,15542.867297303656,0.5786096,24.8806,47.8911,19.058,171.47876755770722,138.8360535377662,12313.03371877684
2456301.67384137,2013.023063220725,15539.77794009177,0.5785159,24.8812,47.293,20.0842,171.63301927943394,138.61444053900243,12311.732867165196
2456301.90803869,2013.023704418043,15538.83160839574,0.5784817,24.8815,47.08,20.4493,171.76558355723773,138.53570950450543,12311.401501343424
2456303.68276825,2013.028563362765,15530.840264076229,0.578211,24.8833,45.4675,23.2183,172.60128414444807,137.9429894046314,12308.378629698951
2456305.0487999,2013.032303353593,15525.223464442688,0.5780181,24.8845,44.226,25.3494,173.226995450108,137.48619270649152,12306.282787300186
2456305.68969861,2013.034058038631,15522.435594295552,0.5779317,24.8849,43.6434,26.3488,173.39170314381226,137.2713060928239,12305.127436777215
2456305.9137612,2013.0346714885693,15521.766481464034,0.577913,24.8849,43.4399,26.6961,173.39954886170926,137.19426411507132,12304.82519972908
2456307.03530792,2013.0377421161397,15517.28727940414,0.5777739,24.8855,42.4209,28.4448,173.66739056242113,136.81853818966164,12302.970898614147
2456307.69164572,2013.0395390711021,15514.760365971446,0.5776967,24.886,41.8237,29.4687,173.79820125895003,136.59833440324354,12301.908605952001
2456307.91801008,2013.0401588229427,15513.849283476084,0.5776681,24.8862,41.6177,29.8217,173.85714420409295,136.5222237406813,12301.534804992862
2456308.8127915,2013.0426086009577,15510.774093172717,0.577563,24.8869,40.803,31.2199,174.1885755976018,136.22380365525265,12300.376986862204
2456309.69232303,2013.0450166270498,15507.375277811785,0.5774571,24.8875,40.0022,32.5947,174.39502127489777,135.9309142620391,12298.971401566256
2456309.92880644,2013.0456640833402,15506.623286210644,0.5774357,24.8875,39.7872,32.9623,174.40911430130018,135.85042999756217,12298.635568872634
2456311.04997124,2013.0487336652707,15502.482975655304,0.5773022,24.8882,38.7658,34.7139,174.72914834695075,135.47558050256444,12296.976606102919
2456311.69720203,2013.0505056865984,15499.865640228638,0.5772289,24.8881,38.1768,35.7252,174.75894657166464,135.25995282453908,12295.792210241365
2456311.93094292,2013.051145634278,15499.22265754433,0.5772096,24.8881,37.9641,36.0889,174.78624707223025,135.18057165992298,12295.51690321895
2456313.04388595,2013.0541927062286,15495.069910742975,0.5770808,24.8886,36.9494,37.8293,175.02627059549104,134.8093257577013,12293.788520162216
2456313.69696075,2013.055980727584,15492.576440801446,0.577004,24.889,36.3537,38.8508,175.16156415324895,134.5914380697797,12292.743569355576
2456313.93059709,2013.0566203890216,15491.742861525407,0.5769788,24.889,36.1409,39.2155,175.1993553739112,134.51305995220116,12292.388363668979
2456314.18448236,2013.057315489007,15490.803619167267,0.5769477,24.8893,35.9099,39.6098,175.28379993703675,134.42612395749364,12292.02094189516
2456315.04175197,2013.0596625652843,15487.670400742658,0.5768528,24.8896,35.127,40.9544,175.42806459713302,134.1428764976708,12290.687290307516
2456315.69476073,2013.0614504058317,15485.392778817533,0.5767816,24.8902,34.531,41.9764,175.56685522270982,133.92525390059248,12289.744244845073
2456315.93732079,2013.0621144990823,15484.572056530338,0.5767525,24.8904,34.3099,42.3552,175.67011149632435,133.84388033039414,12289.446126779469
2456316.37394529,2013.0633099118145,15483.110038483961,0.5767086,24.8905,33.9112,43.0392,175.73102454392938,133.69883174680336,12288.818574847355
2456317.05349249,2013.0651704106508,15480.776184611046,0.5766332,24.891,33.291,44.1031,175.91037479498846,133.4727521657146,12287.881028388785
2456317.70141303,2013.0669443204101,15478.776091674106,0.576568,24.8915,32.699,45.1188,176.07281804975082,133.25784465234867,12287.084272553391
2456317.92597828,2013.0675591465576,15477.98615923865,0.5765437,24.8916,32.4941,45.4702,176.11445044240918,133.18300723928897,12286.751912961989
2456318.37115721,2013.0687779800407,15476.547295580893,0.5764986,24.8919,32.0876,46.1675,176.20314684472214,133.03502718535916,12286.156550513339
2456318.58064677,2013.069351531198,15475.777003068824,0.5764715,24.8925,31.8959,46.4964,176.29632044423397,132.96574876871503,12285.873590869702
2456319.03224105,2013.0705879289533,15474.246838430185,0.5764239,24.8927,31.4835,47.2039,176.3848262595875,132.81574557685073,12285.23578707527
2456319.6879289,2013.0723831044493,15471.755997269616,0.5763504,24.8928,30.8848,48.2311,176.46693954087368,132.59798239823635,12284.148887880232
2456319.92104178,2013.0730213327315,15470.931959694293,0.5763207,24.8931,30.6721,48.5963,176.57732303090597,132.52072021668852,12283.854441481184
2456320.57575956,2013.07481385232,15468.950082351104,0.5762536,24.8934,30.0739,49.6224,176.77560917598294,132.30331316481028,12283.093557166774
2456321.02938891,2013.0760558217937,15467.623379740673,0.5762109,24.8935,29.6593,50.3331,176.87389123925823,132.15230415425768,12282.557160714356
2456321.68219015,2013.077843094182,15465.650053764391,0.57615,24.8935,29.0632,51.3554,176.97947528803616,131.93508609443418,12281.72744978354
2456321.91461041,2013.0784794261742,15464.969046254037,0.5761256,24.8937,28.8509,51.7201,177.0681754995012,131.85840657730577,12281.481990232967
2456322.55251284,2013.0802259078437,15462.361304497315,0.5760686,24.8939,28.268,52.7213,176.84417512137225,131.64797317627728,12280.100823751378
2456322.57367878,2013.0802838570291,15463.169017653185,0.576061,24.8945,28.2478,52.7551,177.30411017487222,131.6407114695217,12280.834270457444
2456323.04027299,2013.081561322354,15461.973786658655,0.5760195,24.8946,27.822,53.4855,177.43907705442962,131.4854239525822,12280.387135197945
2456323.67216227,2013.0832913409176,15460.167691733626,0.5759642,24.8946,27.2435,54.4781,177.52827529842125,131.27671726964414,12279.621604157397
2456323.91208738,2013.0839482200684,15459.56452984192,0.5759457,24.8947,27.0238,54.8543,177.55851500694462,131.19674077540378,12279.366280621343
2456324.35014282,2013.0851475504992,15458.398901533783,0.5759095,24.8948,26.6231,55.5419,177.62381935091344,131.05188182031364,12278.878201628871
2456324.55166164,2013.0856992789595,15457.923823746343,0.5758918,24.8946,26.4386,55.8581,177.69594862617942,130.98495957459738,12278.714864459604
2456325.02111168,2013.0869845631216,15456.744705367377,0.5758562,24.8948,26.0093,56.5945,177.74613496439906,130.82935727619417,12278.208661752997
2456325.66564009,2013.088749185736,15454.867147929477,0.5758006,24.8952,25.4192,57.6069,177.80907123139514,130.6163931349883,12277.389259453004
2456326.77495976,2013.0917863374668,15451.354798735532,0.5756966,24.8957,24.4038,59.35,177.9260757098018,130.25071851191439,12275.855582970604
2456327.42066645,2013.0935541860374,15449.327106151162,0.5756388,24.8959,23.8125,60.3638,177.95868995883484,130.03679302652736,12274.942730205212
2456327.65643545,2013.0941996863794,15448.663930397855,0.5756187,24.8961,23.5963,60.735,177.9877820453503,129.9594129034187,12274.658554527006
2456327.88084744,2013.094814092923,15447.880635469603,0.5755951,24.8962,23.3916,61.0885,178.01993630841298,129.88702654774465,12274.32116609195
2456328.76657465,2013.097239081862,15445.002118375327,0.5755162,24.8963,22.58,62.4798,178.0168902160076,129.59373052970386,12272.986436265703
2456329.02660843,2013.0979510155505,15444.268363758607,0.5754884,24.8968,22.3425,62.8868,178.13477392854838,129.50693440179114,12272.73890150088
2456329.64644447,2013.0996480341414,15442.334358113589,0.5754303,24.8969,21.7729,63.8648,178.21096572397983,129.30440770908695,12271.903110969515
2456329.88216638,2013.100293405558,15441.637052005097,0.5754128,24.8965,21.5566,64.2361,178.18513932709902,129.22707399911727,12271.56010086232
2456330.51469569,2013.102025176427,15439.777908335574,0.5753091,24.8944,20.9892,65.2271,178.99687569115213,129.02723648622936,12271.333407773474
2456330.52235212,2013.1020461385897,15439.726138231379,0.575348,24.8966,20.9689,65.2446,178.37428405223181,129.01689010768877,12270.823107745211
2456331.02714655,2013.1034281904172,15438.343245525626,0.5753004,24.897,20.5074,66.0369,178.52190103743396,128.85015144979525,12270.29806740448
2456331.39715977,2013.1044412314036,15437.250459895025,0.5752627,24.8968,20.1662,66.6219,178.63977975957096,128.7292566947374,12269.884083685947
2456331.86924699,2013.10573373577,15435.683292019394,0.5752165,24.8971,19.7334,67.3652,178.68727367551946,128.57445512283786,12269.195389385624
2456332.74381522,2013.108128173087,15433.195486996732,0.5751295,24.8973,18.9307,68.742,178.97318315804569,128.28655768874518,12268.266351368577
2456333.38618601,2013.1098868884606,15431.50527341074,0.5750667,24.8974,18.3414,69.7529,179.22415979782727,128.0750201542135,12267.679319708206
2456333.61901552,2013.1105243409172,15430.843645072979,0.5750442,24.8974,18.1277,70.1194,179.2902058669033,127.99833726984201,12267.424363007725
2456333.85185149,2013.1111618110606,15430.160285260783,0.5750233,24.8975,17.9142,70.4859,179.3222985011862,127.9218480182073,12267.132820948225
2456334.72994226,2013.1135658925664,15427.895958875704,0.5749457,24.8976,17.1081,71.8681,179.55721727274067,127.63247867612876,12266.267041022224
2456334.96163654,2013.1142002369336,15427.318594468206,0.5749248,24.8977,16.8956,72.233,179.63423700729163,127.55651470388784,12266.059612542858
2456335.60881513,2013.1159721153451,15425.551967480784,0.5748684,24.8976,16.3004,73.2527,179.75328881825408,127.34313847571676,12265.33385252537
2456335.8395252,2013.1166037650923,15424.979996053518,0.5748497,24.8977,16.089,73.6157,179.79857281615205,127.267344566774,12265.104114761416
2456336.47411444,2013.1183411757424,15423.28225329646,0.574807,24.897,15.488,74.6487,179.73535112588252,127.07387673273206,12264.267960885825
2456336.71308944,2013.1189954536346,15422.774595801147,0.5747805,24.8976,15.2861,74.9909,179.92820223926537,126.97863669156317,12264.183112626955
2456336.95682502,2013.1196627652835,15422.152869258658,0.5747601,24.8977,15.0632,75.3742,179.97844390826504,126.89880449794711,12263.93413096571
2456337.35900992,2013.1207638875296,15421.062946266931,0.5747245,24.8976,14.6932,76.0083,180.06395500514282,126.76650048937597,12263.495620644362
2456337.59006444,2013.1213964803283,15420.46470218733,0.5747061,24.8977,14.4808,76.3722,180.09327300558834,126.69026708180166,12263.241171437518
2456337.82188498,2013.1220311703764,15419.847742973252,0.5746881,24.8977,14.268,76.7373,180.10844127466498,126.61407866451665,12262.967001001178
2456338.45847488,2013.1237740585354,15418.242668427834,0.5745957,24.8856,13.6923,77.7567,180.85042959267412,126.43033892722673,12262.801481335284
2456338.69747263,2013.1244283987135,15417.4974693249,0.5746146,24.8977,13.4629,78.1172,180.2420279877606,126.32587646317722,12261.981583729683
2456338.94958271,2013.125118638494,15416.794374780637,0.5745921,24.8978,13.2322,78.5135,180.2898197072427,126.24299014216245,12261.692864750743
2456339.34416028,2013.1261989330053,15415.742919388136,0.5745591,24.8977,12.8687,79.1364,180.35124179311606,126.113484118088,12261.253232037901
2456339.80544044,2013.1274618492535,15414.57640391564,0.5745224,24.8977,12.4442,79.8638,180.42067335465708,125.96173426873884,12260.76645685417
2456340.91679795,2013.1305045802874,15411.746931109348,0.5744319,24.8978,11.4219,81.6165,180.61155915303607,125.59675109657618,12259.60309628649
2456341.32504456,2013.1316222985895,15410.54608134233,0.5743933,24.8978,11.0463,82.2606,180.69536287804112,125.4628725078141,12259.11145816909
2456341.78830991,2013.1328906499928,15409.272855162106,0.5743541,24.8979,10.6198,82.9917,180.75751278104417,125.31086600259368,12258.569330422968
2456342.43223454,2013.1346536195485,15407.69177871545,0.574301,24.8977,10.027,84.0077,180.90268250738973,125.09939696251405,12257.949036203163
2456342.66374441,2013.1352874590282,15407.086662574126,0.5742822,24.898,9.8135,84.3731,180.9347384003995,125.02311474986345,12257.69330012774
2456342.89730652,2013.1359269172349,15406.33729061054,0.5742612,24.898,9.5995,84.7411,180.93925049978225,124.94690979545658,12257.349171458764
2456343.30643937,2013.13704706193,15405.255701355258,0.5742248,24.898,9.223,85.3866,181.03952729567573,124.81265770521554,12256.925501249818
2456343.53870728,2013.1376829768105,15404.705467355858,0.5742059,24.898,9.0086,85.7539,181.09640023786596,124.73662834818987,12256.714517811357
2456343.76945745,2013.1383147363454,15404.117628269982,0.5741894,24.898,8.7962,86.1181,181.10026976421796,124.66099491567692,12256.444789555739
2456344.65143963,2013.1407294719506,15401.681900761374,0.574114,24.8979,7.9832,87.511,181.22439798765845,124.37159009778031,12255.41126068434
2456344.8781328,2013.141350124025,15401.089738860457,0.5740947,24.8979,7.7747,87.869,181.26944555628506,124.2976553510247,12255.171548961825
2456345.28631235,2013.1424676587271,15399.998877730482,0.5740618,24.8974,7.3989,88.5143,181.31150198254272,124.16484285824578,12254.698060324132
2456345.74995154,2013.1437370336482,15398.728868217855,0.574021,24.8976,6.9706,89.2479,181.39882455457337,124.01316788662649,12254.176638874576
2456346.39381882,2013.1454998461872,15397.050017520076,0.5739644,24.8976,6.3775,90.2643,181.55514244417554,123.80185537258751,12253.519114405968
2456346.62543157,2013.146133967338,15396.381121514072,0.5739428,24.8979,6.1635,90.631,181.60273076514568,123.72627175830078,12253.245676155366
2456346.8589438,2013.14677328898,15395.835247970852,0.5739245,24.898,5.9486,91.0001,181.65190119680574,123.65031596716935,12253.030562671289
2456347.7321665,2013.1491640424363,15393.581866425444,0.5738529,24.8978,5.1441,92.3789,181.79397098979007,123.36394472295964,12252.095059900888
2456348.37281939,2013.1509180544563,15392.08360617488,0.5737993,24.8978,4.5528,93.3934,181.98050741025781,123.15570039574746,12251.544617158988
2456348.60443654,2013.1515521876524,15391.611237237592,0.5737823,24.8979,4.3393,93.7592,182.0408408295616,123.07971244513095,12251.372241602128
2456349.50417197,2013.154015529007,15389.556789696691,0.573713,24.8979,3.5109,95.1793,182.23169520943247,122.78460955745231,12250.566771549487
2456350.40055631,2013.1564696955786,15387.513988903418,0.5736466,24.8978,2.6853,96.5948,182.3826067165346,122.49100959170761,12249.73549714788
2456350.81304615,2013.1575990312112,15386.721170161469,0.5736192,24.8978,2.3036,97.2486,182.46618191038306,122.35654876394975,12249.432291700026
2456351.68888341,2013.1599969429428,15384.799357040009,0.5735578,24.8978,1.495,98.6342,182.59138437472666,122.0703005406146,12248.637037423818
2456352.33047841,2013.1617535343182,15383.357821841744,0.573514,24.8976,0.9026,99.6492,182.6504440059989,121.86052764540074,12248.01334753412
2456352.55984785,2013.1623815136204,15382.77539765428,0.5734973,24.8976,0.6909,100.0116,182.6589405931245,121.78515509662122,12247.749393604616
2456352.78982995,2013.1630111702939,15382.227394091973,0.573483,24.8976,0.4788,100.3754,182.64518144592694,121.71017869419506,12247.48411651572
2456353.66459956,2013.1654061589602,15379.97761379744,0.5734132,24.8976,359.6714,101.7595,182.75913434148606,121.42468277433971,12246.527489867985
2456354.3036387,2013.1671557527718,15378.423138380464,0.5733647,24.8974,359.0812,102.7714,182.84186916989165,121.21652900212291,12245.869537837227
2456354.53545235,2013.1677904239564,15377.870455596685,0.5733485,24.8975,358.8669,103.1383,182.85519668600864,121.14064737572829,12245.623085206977
2456354.7658147,2013.168421121698,15377.322033117836,0.5733338,24.8975,358.6544,103.503,182.8472580466614,121.06579618874997,12245.36207463479
2456355.40987635,2013.1701844663924,15375.726087808007,0.5732848,24.8975,358.0588,104.5237,182.91973270421022,120.85609209871251,12244.676762396994
2456355.63992484,2013.1708143048324,15375.172566876503,0.5732695,24.8976,357.8462,104.8882,182.91877704949366,120.78125026030074,12244.418781592036
2456355.87435345,2013.171456135386,15374.508677590884,0.5732503,24.8976,357.6307,105.2589,182.93066580930645,120.70539126098583,12244.119481834448
2456356.2786865,2013.1725631389463,15373.429402765378,0.5732168,24.8976,357.2557,105.9017,182.9850954862968,120.57466997931436,12243.660168167533
2456356.74082263,2013.173828398713,15372.201670477016,0.5731817,24.8977,356.8281,106.6351,183.0006842501598,120.42497646324125,12243.101637817417
2456358.02540319,2013.1773453886103,15368.506385607703,0.5730763,24.8978,355.6407,108.6736,183.04330961726737,120.00996010026574,12241.41699177658
2456358.11816359,2013.1775993527442,15368.665421228914,0.573069,24.8972,355.558,108.8142,183.22339695068058,119.97643301205358,12241.630816214341
2456358.71572528,2013.1792353874878,15367.17411517452,0.5730266,24.8974,355.0013,109.7673,183.238280348055,119.78386050443135,12240.949040308897
2456359.3874544,2013.1810744815875,15365.353055101496,0.5729678,24.8974,354.3798,110.8346,183.36421889671237,119.56758662849563,12240.200128185605
2456359.58791391,2013.181623309815,15364.861746084927,0.5729484,24.8977,354.1933,111.1536,183.45249244436127,119.50250846660174,12240.040223199205
2456360.06762535,2013.1829366881584,15363.66641323496,0.5729059,24.8973,353.7517,111.9122,183.5949794608132,119.3466922629782,12239.595013722303
2456360.69313721,2013.1846492462967,15362.166369084067,0.5728559,24.8977,353.1709,112.9081,183.72242777268184,119.1452713331949,12238.996362076054
2456361.3322914,2013.1863991550995,15360.544150209213,0.572796,24.8978,352.5791,113.923,183.94960314597665,118.93840416421182,12238.418224776266
2456361.78917315,2013.187650029158,15359.45520049866,0.5727607,24.8979,352.1565,114.6476,184.02658824240643,118.79008950311044,12237.971467740965
2456361.79480521,2013.1876654488983,15359.452932896816,0.5727603,24.8979,352.1519,114.6561,184.0317632149563,118.78843839663205,12237.974429686205
2456362.40846694,2013.189345563148,15357.961436347532,0.57269,24.8877,351.5844,115.6396,184.47420136566325,118.5995972667132,12237.623992905552
2456362.66145318,2013.190038201725,15357.33098162317,0.5726873,24.898,351.3491,116.0319,184.24626655104748,118.50724737904119,12237.153808733576
2456363.53211656,2013.1924219481446,15355.3104342226,0.5726155,24.898,350.5428,117.4137,184.48537227500765,118.22459866795975,12236.399300174144
2456363.7636783,2013.1930559296377,15354.811065928627,0.5726016,24.898,350.329,117.7808,184.48538188018847,118.1496653304037,12236.166961722507
2456364.59804033,2013.1953402883785,15352.805633320486,0.5724527,24.8887,349.5623,119.0621,185.9142959509627,117.8418961837636,12236.342200249917
2456364.63072446,2013.1954297726486,15352.790203415521,0.5725272,24.8985,349.5249,119.1578,184.76391606660218,117.8679818465186,12235.442711078025
2456365.30879575,2013.1972862306643,15351.25187055865,0.57248,24.8982,348.8981,120.2333,184.83089970123365,117.64835696084697,12234.778782075817
2456365.50261315,2013.1978168737853,15350.855201454471,0.5724653,24.8983,348.7178,120.5418,184.8869732972771,117.58552543732333,12234.637668156776
2456366.34877852,2013.2001335483087,15348.778331092106,0.5723289,24.8911,347.9625,121.82,186.09261251432417,117.27442260884135,12234.605938092269
2456369.41063061,2013.2085164424636,15341.299732177229,0.5722153,24.9092,345.1516,126.6976,184.63700353951663,116.32328071309382,12229.995777068334
2456370.50341173,2013.2115083141132,15338.028556665213,0.5719384,24.8929,344.0623,128.4465,187.48474481180256,115.90580691927369,12230.678969266413
2456370.53938108,2013.2116067928264,15338.21613718843,0.5720679,24.8987,344.0476,128.5468,185.57874184093362,115.95595458249772,12229.289703215018
2456371.47105867,2013.2141575870498,15335.39097735553,0.5719851,24.8981,343.1858,130.0248,185.63953563372888,115.65386866204665,12228.020964793466
2456372.31727398,2013.2164743983026,15333.801014550829,0.571935,24.8986,342.3988,131.3743,185.72723129370115,115.38231661108205,12227.348273790743
2456372.50046223,2013.2169759403964,15333.169884193056,0.5719135,24.8988,342.2275,131.6666,185.78672962961082,115.32276145725291,12227.100353083963
2456374.43444954,2013.2222709090759,15328.531671917724,0.5717618,24.9041,340.4297,134.7652,186.1265118250367,114.71737273266314,12225.202482101258
2456374.50133235,2013.2224540242303,15328.255884865166,0.5717605,24.8989,340.37,134.8526,186.02833600671602,114.67915127713326,12224.997957936253
2456375.12471095,2013.224160741821,15326.61524631217,0.5717076,24.8993,339.7898,135.8461,186.13652771963098,114.4780329444909,12224.317187311612
2456375.37316838,2013.224840981191,15326.28659961949,0.5716965,24.8992,339.5599,136.2417,186.1658926201253,114.39884677125269,12224.186762905623
2456376.20705307,2013.2271240330458,15324.44289167607,0.5716274,24.9001,338.7863,137.5703,186.43514505879648,114.13194810353332,12223.535911317307
2456376.51185523,2013.2279585358801,15323.777589869742,0.5716101,24.8987,338.5011,138.0548,186.4152493465399,114.03082708316987,12223.210419958139
2456377.34592731,2013.2302421007807,15321.926312975038,0.5715504,24.899,337.7251,139.3858,186.53690002362964,113.76374371892268,12222.441642690508
2456378.18259524,2013.2325327727308,15320.250156741555,0.5714931,24.8994,336.9454,140.721,186.69660188983835,113.49460181688477,12221.783843467114
2456378.403481,2013.2331375249832,15319.815000031116,0.5714774,24.8996,336.7391,141.074,186.75065533233374,113.42359100605853,12221.622795546718
2456379.26814803,2013.235504854292,15318.150549237362,0.5714236,24.8997,335.9349,142.4525,186.86151705017073,113.14565245487887,12220.93254771917
2456379.50042001,2013.2361407803153,15317.608126877132,0.5714058,24.8998,335.7202,142.8212,186.90170105240304,113.0707190864731,12220.710724160657
2456380.36764826,2013.2385151218623,15315.779555805308,0.5713484,24.8999,334.9137,144.2045,186.99711184323496,112.79275612957474,12219.931880836466
2456380.59039178,2013.2391249603827,15315.271848743367,0.5713195,24.9003,334.7075,144.5578,187.22209375523107,112.7203142622256,12219.869135004345
2456381.46376279,2013.2415161198903,15312.998204692969,0.5712602,24.9001,333.8953,145.9498,187.155487680423,112.43929683945998,12218.757281590519
2456382.3285761,2013.243883849692,15310.981002120507,0.5712022,24.8997,333.0925,147.3264,187.1786695510682,112.16071411082555,12217.83436170841
2456382.5533028,2013.244499117864,15310.798485250925,0.5712002,24.9003,332.8799,147.693,187.13102831589913,112.0932175689685,12217.712393534817
2456383.19711594,2013.2462617821768,15309.2440602439,0.5711586,24.9005,332.2799,148.7216,187.10135573667867,111.88725841638609,12216.964385284045
2456383.42486324,2013.2468853203018,15308.946917012361,0.5711476,24.9004,332.0679,149.0851,187.14232683335194,111.81428469136858,12216.857450130765
2456384.2926433,2013.249261172621,15306.603633807503,0.5710863,24.9007,331.2598,150.4711,187.0756990098207,111.53687785646844,12215.712792079152
2456385.38395815,2013.2522490298431,15304.105162854285,0.5710119,24.9007,330.2436,152.2152,187.14269601304932,111.18914925650881,12214.598886344053
2456386.48035378,2013.2552507974815,15301.238393124324,0.5709293,24.9006,329.2227,153.9671,187.17676820472934,110.83951290668654,12213.287509388283
2456387.34664816,2013.257622582231,15299.309587628559,0.5708686,24.9003,328.4152,155.3528,187.2778423724667,110.56387039681067,12212.465458358585
2456388.21295819,2013.2599944098292,15296.996703274366,0.570795,24.9,327.6081,156.7374,187.41117002887313,110.28751246147897,12211.488938716042
2456388.49885115,2013.260777142094,15296.335776230171,0.5707761,24.9008,327.3414,157.1945,187.41659758304104,110.19612884618454,12211.184625434591
2456389.30477655,2013.2629836455847,15294.241508447676,0.5707097,24.9013,326.5889,158.4865,187.53322543395552,109.94128758951445,12210.2970695472
2456389.52948388,2013.2635988607253,15293.623591925241,0.5706908,24.9008,326.3804,158.8457,187.5570093505512,109.87051013889152,12210.026963792712
2456390.17007029,2013.2653526907327,15292.342377045386,0.5706461,24.9008,325.7836,159.8706,187.69053971970607,109.66723133624691,12209.531907421437
2456390.40025014,2013.265982888816,15291.537024514477,0.5706227,24.9007,325.5691,160.2382,187.70258043605918,109.59346002617309,12209.16518416386
2456391.26680299,2013.268355381218,15289.732227984903,0.5705656,24.8992,324.7674,161.6186,187.8006854853602,109.31806276151701,12208.398203056828
2456391.49198325,2013.26897189117,15289.155317830087,0.5705458,24.8994,324.5564,161.98,187.85566569446564,109.24651917885785,12208.171248104123
2456392.35835574,2013.2713438897745,15286.8190231198,0.5704705,24.8991,323.7506,163.3611,188.00343159113618,108.9678996812305,12207.194242661024
2456393.2227065,2013.2737103531827,15285.355942645032,0.5704303,24.8984,322.942,164.7498,187.98946667524433,108.69607285423393,12206.50013016297
2456393.45024951,2013.2743333319916,15284.568010630237,0.5703937,24.899,322.7302,165.1087,188.21041014521688,108.6189004830697,12206.302597909405
2456394.31348581,2013.2766967441753,15282.302018946459,0.5703315,24.9005,321.9201,166.4961,188.1874850276963,108.34537209685402,12205.226409282439
2456394.38811456,2013.276901066557,15282.282464487003,0.570332,24.9003,321.8503,166.615,188.17144195120272,108.32091603949465,12205.204896737461
2456394.8347188,2013.2781238023276,15281.445516879907,0.5703045,24.9012,321.432,167.332,188.23207209846987,108.1794311620705,12204.86068393709
2456395.17712163,2013.2790612501847,15280.599020146674,0.5702802,24.9011,321.1122,167.8824,188.2396548176239,108.07254993353126,12204.471065559595
2456395.4065627,2013.2796894255987,15280.19329122052,0.5702675,24.9011,320.8978,168.2494,188.25936351942073,107.99900678445704,12204.29671375523
2456396.26844373,2013.2820491272557,15277.868482521693,0.5702062,24.9,320.0946,169.6271,188.19685100323204,107.72401418789923,12203.162280027853
2456396.49782859,2013.2826771487755,15277.386219192582,0.5701918,24.8999,319.8805,169.9949,188.20957157596877,107.65162644085297,12202.946749324137
2456397.36195088,2013.2850429866664,15275.365221210077,0.5701325,24.8991,319.0747,171.3781,188.24675922852202,107.37732480008253,12202.03103844413
2456397.83531395,2013.286338984121,15274.11016678308,0.5700986,24.8988,318.6324,172.1368,188.22504445427967,107.22716571643588,12201.427772674102
2456398.45302632,2013.2880301884186,15273.104431592927,0.5700641,24.8992,318.0547,173.1275,188.31959959089363,107.03133216934367,12201.030643618033
2456398.9637501,2013.2894284739225,15272.021084837284,0.5700371,24.8992,317.5767,173.9463,188.26617449778496,106.86874938786502,12200.483118058777
2456399.35680966,2013.2905046123474,15271.019743226661,0.570006,24.9009,317.2064,174.5794,188.3105634690046,106.74413955496254,12200.049307505024
2456400.17823941,2013.2927535644349,15269.367739023965,0.5699547,24.9012,316.4383,175.8968,188.38353013888172,106.48381680347097,12199.333344230097
2456400.52053214,2013.2936907108558,15268.68216269062,0.5699351,24.9011,316.1187,176.4428,188.38796742932482,106.37284409194967,12199.016279810761
2456404.07473103,2013.3034215770842,15261.672774242328,0.5697277,24.9012,312.7926,182.1509,188.53874642062783,105.25173224965658,12195.855151394524
2456407.35173054,2013.312393512772,15255.323004196916,0.5695297,24.9002,309.7248,187.4133,188.8271702135471,104.21643540212324,12193.107330930761
2456408.32511608,2013.3150584971395,15253.282396343777,0.5695286,24.9137,308.8524,188.9448,187.9655277494594,103.91614102975109,12191.489255705337
2456408.47494617,2013.3154687095691,15252.99180030596,0.5694682,24.9004,308.6732,189.2172,188.76171517096554,103.86166455512443,12191.966318659064
2456409.36045668,2013.3178931052155,15251.256146818689,0.5694133,24.9003,307.8447,190.6382,188.85175511337457,103.58138212243375,12191.223553438354
2456410.16425675,2013.3200937898703,15249.65958491757,0.569366,24.8996,307.0928,191.9302,188.8856056913919,103.32923564667897,12190.502540232023
2456410.39487171,2013.3207251792194,15249.278111947684,0.5693563,24.8993,306.8768,192.301,188.8692484581643,103.2567354810331,12190.31144135166
2456411.00224903,2013.322388087693,15248.024087634814,0.5693311,24.9,306.3052,193.2779,188.71346099518905,103.06338843045904,12189.604705986381
2456411.25755645,2013.3230870813145,15247.459723021833,0.5693134,24.8997,306.066,193.6896,188.7402867452156,102.98425072681357,12189.361240330065
2456411.47087983,2013.3236711288978,15246.939253184142,0.5692997,24.8997,305.8661,194.033,188.72501042818658,102.91749359675975,12189.105908481743
2456411.95988265,2013.3250099456538,15246.186743492182,0.5692783,24.8997,305.4087,194.8178,188.72717267441658,102.76291956462433,12188.755393152795
2456412.21370694,2013.3257048786857,15245.557096857288,0.5692637,24.8997,305.1703,195.2246,188.67855533904913,102.68114367315297,12188.423294097647
2456413.52310502,2013.3292898152504,15242.78795243878,0.5691916,24.8997,303.9414,197.3328,188.5847893294267,102.26986650989522,12187.05503213546
2456414.04691245,2013.330723921834,15241.615536515033,0.5691608,24.8995,303.4493,198.1795,188.54914445970735,102.10818813975084,12186.478803106893
2456414.38030937,2013.3316367128539,15240.691660696015,0.5691342,24.8994,303.1369,198.7138,188.55650493911617,102.00148337260276,12186.051978208154
2456417.32699062,2013.3397042864333,15234.318150902296,0.5689541,24.8969,300.3681,203.4653,188.55407824201575,101.07985688400782,12183.06598739404
2456418.1837502,2013.3420499663246,15232.45337629818,0.5688996,24.8958,299.5635,204.8452,188.5804435034961,100.81071212311963,12182.212977231424
2456418.41288551,2013.342677304613,15232.001470954852,0.5688844,24.8964,299.3477,205.2157,188.61715335158442,100.73957033932129,12182.029557112377
2456419.02171961,2013.3443442015327,15230.76121789614,0.5688478,24.8966,298.7761,206.1956,188.63990677059974,100.54778744819481,12181.466171266948
2456419.27261841,2013.3450311250108,15230.296380431371,0.5688264,24.8976,298.5406,206.6005,188.76541941756477,100.46989499612954,12181.344930347808
2456420.21517611,2013.3476117073515,15228.399850660011,0.5686628,24.9033,297.7079,208.0408,190.43905206410636,100.14848535344015,12181.742679833875
2456420.36064466,2013.3480099785352,15228.084859889335,0.5687599,24.8968,297.5177,208.3542,188.82453778716263,100.12830772735094,12180.354461894558
2456421.07826677,2013.3499747207943,15226.629881627181,0.5687226,24.8973,296.8431,209.5114,188.76504611047858,99.90360051405662,12179.627149288344
2456421.44087069,2013.3509674762222,15225.90353327954,0.5687025,24.8964,296.5014,210.0981,188.75782914463161,99.79120856000708,12179.28132393935
2456421.92721622,2013.3522990177144,15225.02769839288,0.5686704,24.8972,296.046,210.8798,188.86880713672144,99.63815362281912,12178.956268387994
2456422.34319962,2013.353437918193,15224.252876013546,0.5686484,24.8971,295.6548,211.55,188.86953687304413,99.50714945049054,12178.593806575835
2456423.38985063,2013.3563034924846,15222.382859179543,0.5685913,24.8966,294.67,213.2386,188.9321001809294,99.17934270558476,12177.765663969854
2456424.25161527,2013.3586628754827,15220.944145630538,0.5685499,24.8958,293.8606,214.6274,188.94157372670907,98.90936482624295,12177.098765173
2456424.47094878,2013.3592633779053,15220.377652580963,0.5685336,24.896,293.6538,214.9816,188.94525239955874,98.84058395404816,12176.836120746677
2456425.33592903,2013.3616315647641,15218.870319254518,0.5684907,24.8957,292.8404,216.3766,188.94777825229357,98.5696366849246,12176.131657308
2456426.1902667,2013.363970613826,15217.364982318642,0.5684328,24.8961,292.037,217.7527,189.17929679730696,98.30027902259161,12175.603924266057
2456427.02528128,2013.3662567591507,15215.78343697317,0.5684039,24.8966,291.2494,219.1038,188.93648984221636,98.0407667057284,12174.676173778784
2456427.2775816,2013.366947519781,15215.38127307942,0.5683932,24.8968,291.0105,219.5135,188.9257220537338,97.96289287884395,12174.479396415822
2456428.33825911,2013.3698514965372,15213.237373796817,0.568327,24.8968,290.013,221.2234,189.00751685899286,97.62986124659369,12173.537201413566
2456428.36310567,2013.3699195227107,15213.267274095082,0.5683298,24.8967,289.9881,221.2664,188.97782686207847,97.62347182414851,12173.528425324637
2456428.93204743,2013.371477200356,15212.210856771246,0.5682917,24.8953,289.4554,222.1785,189.10138821825876,97.44210787190809,12173.12802112658
2456429.21879697,2013.3722622778093,15211.652386059961,0.5682833,24.8949,289.1846,222.6457,188.98806965693166,97.35587998864173,12172.779207230258
2456430.30886833,2013.3752467305405,15209.470037837018,0.5682192,24.8944,288.157,224.4076,189.02084051329712,97.01577700536677,12171.781147613963
2456430.77231488,2013.3765155780425,15208.603223085487,0.5681931,24.8947,287.7211,225.156,189.04351109055278,96.87149190467994,12171.392100835066
2456431.15742521,2013.3775699526623,15207.787561780071,0.5681702,24.8943,287.3578,225.7785,189.03956124597607,96.75111704159724,12171.00659297617
2456431.38822508,2013.3782018482682,15207.317379666454,0.5681568,24.8941,287.1397,226.1523,189.04030065077586,96.67933462342864,12170.786677461472
2456431.97873637,2013.379818580068,15206.049805747187,0.5681257,24.8941,286.5825,227.1068,188.96581562220308,96.49461117548708,12170.135093555144
2456432.24861028,2013.3805574545654,15205.400212718476,0.5680968,24.8952,286.3284,227.5426,189.12470915379072,96.41031635647948,12169.952369407914
2456432.4670853,2013.381155606571,15204.985468424442,0.5680734,24.8955,286.1229,227.8929,189.30137642597674,96.33978163448398,12169.893403153092
2456432.96904058,2013.3825298852296,15204.062580518803,0.5680602,24.894,285.6501,228.7064,189.10345021677495,96.18574131736125,12169.30870838214
2456433.33016405,2013.3835185874066,15203.432174551626,0.5680449,24.8937,285.3089,229.2926,189.06376530166563,96.07480853366656,12168.982588520108
2456433.88399057,2013.3850348817796,15202.475648514237,0.5680138,24.8937,284.7872,230.1861,189.12338599420036,95.90074255937122,12168.579675754945
2456434.49451104,2013.3867063957287,15201.33925682459,0.5679757,24.8936,284.2118,231.1743,189.2116514921645,95.71179753764886,12168.1143350024
2456435.01364622,2013.3881277103897,15200.498559495745,0.5679494,24.8934,283.7217,232.0148,189.24822292927183,95.55052425968915,12167.748017924408
2456435.27296495,2013.3888376863797,15199.986878082762,0.5679312,24.8931,283.4765,232.436,189.30379042896584,95.47093290330815,12167.550599380502
2456436.35358485,2013.3917962624237,15198.088420268417,0.5678664,24.8922,282.4566,234.185,189.4683621689046,95.13494552751672,12166.786149306701
2456436.8177233,2013.3930670042432,15197.329701601491,0.5678396,24.8928,282.02,234.9349,189.54778277598143,94.99077847243484,12166.491069034906
2456437.46884552,2013.3948496797266,15196.153197137253,0.5678006,24.893,281.4062,235.9873,189.63199411080222,94.7876152983971,12166.003605981605
2456438.34326498,2013.3972437097325,15194.536465279465,0.5677508,24.8928,280.581,237.4019,189.6899314878765,94.51516449631981,12165.289373331347
2456439.35021912,2013.4000005999173,15192.828250069539,0.5677008,24.8915,279.6293,239.0325,189.71119824246125,94.20158402976006,12164.504026374752
2456439.41181666,2013.4001692447907,15192.716500928158,0.5677036,24.8918,279.572,239.132,189.62034957184005,94.18307187530286,12164.381944450515
2456439.95631068,2013.401659988173,15191.855260367296,0.567681,24.8918,279.0567,240.0137,189.59137430672945,94.01280425777111,12163.955539255174
2456440.27482215,2013.402532025051,15191.297258076464,0.5676681,24.8917,278.7565,240.5298,189.54610704898732,93.91477098162636,12163.658954879204
2456440.96475648,2013.4044209622996,15190.215627479205,0.5676362,24.8913,278.1036,241.6467,189.56305151629294,93.69875357212118,12163.164277025946
2456441.27270071,2013.405264067653,15189.765297857903,0.5676262,24.8912,277.8121,242.1472,189.5202429429537,93.60423564495568,12162.920098926115
2456442.16571587,2013.407709009911,15188.318843574596,0.5675822,24.8911,276.9672,243.5967,189.5631200370699,93.32865643205139,12162.27400510751
2456442.48319751,2013.4085782272684,15187.841476583224,0.5675623,24.8912,276.6676,244.1093,189.65893609825343,93.22873818338223,12162.123341942823
2456442.98361882,2013.4099483061468,15187.124590598403,0.5675427,24.8911,276.1943,244.9211,189.64659521379144,93.07400978718431,12161.777356094059
2456443.2497765,2013.4106770061596,15186.681474169203,0.5675274,24.8909,275.9421,245.3549,189.68732250578796,92.99327778252655,12161.60054148291
2456443.51659942,2013.4114075275018,15186.288781556073,0.5675177,24.8911,275.6909,245.7861,189.6648007115682,92.91029009939132,12161.398933358878
2456443.94339523,2013.412576030746,15185.680728812009,0.5674978,24.891,275.2872,246.4782,189.70402370879674,92.77802893142939,12161.143521587184
2456444.33186373,2013.4136395995351,15185.075573487456,0.5674781,24.8908,274.9185,247.11,189.74143868838473,92.65824416734506,12160.888073607866
2456444.87442855,2013.4151250610535,15184.050462342175,0.5674424,24.8906,274.4064,247.9873,189.84012626962158,92.48867802074938,12160.482375223319
2456445.1850239,2013.4159754247778,15183.510038680259,0.5674276,24.8906,274.112,248.4932,189.8310778560117,92.39404707996255,12160.221699237774
2456445.52537353,2013.4169072512802,15182.82051368736,0.567404,24.8904,273.7905,249.0431,189.89112293909693,92.28698953911328,12159.94392889985
2456446.02212373,2013.4182672792056,15181.960086005218,0.567375,24.8901,273.3203,249.8501,189.9591822080074,92.1341794860191,12159.5920286663
2456446.32409333,2013.4190940269136,15181.404583752748,0.5673541,24.89,273.0356,250.3394,190.03614940183343,92.04115031111087,12159.390119041054
2456446.96529355,2013.4208495374398,15180.473038131722,0.5673227,24.8899,272.429,251.3801,190.1097868616307,91.84326652162736,12159.00905038165
2456447.34761895,2013.4218962873376,15179.781677804604,0.5673019,24.8897,272.0667,252.0012,190.12639040086378,91.72523655845725,12158.697081222517
2456447.92384571,2013.4234739102253,15178.82182668257,0.5672737,24.8896,271.522,252.9343,190.1391074195899,91.54569231891514,12158.25602454494
2456448.2479586,2013.424361282957,15178.374280829406,0.5672576,24.8895,271.2163,253.4609,190.18981438439096,91.44713813546957,12158.084651951549
2456449.32417921,2013.4273078144004,15176.877934742917,0.5672011,24.8893,270.1985,255.2063,190.3997755910059,91.1139868158341,12157.542570552363
2456449.79584807,2013.4285991733611,15176.117285001179,0.5671739,24.8891,269.7522,255.9707,190.48335760964892,90.96719758996846,12157.249253636726
2456451.22132105,2013.4325019056812,15173.808291378842,0.5671005,24.8889,268.4029,258.2844,190.59772243375483,90.52661395474888,12156.252087866116
2456451.68338079,2013.433766956304,15173.120433474045,0.5670774,24.8894,267.9669,259.033,190.65044817271155,90.38379573054158,12155.96927644302
2456452.29915824,2013.4354528630806,15172.29223273978,0.5670477,24.8893,267.3835,260.0329,190.74251843682214,90.19336929097062,12155.65061982136
2456452.38099903,2013.4356769309516,15172.133569225562,0.5670408,24.8889,267.3065,260.1636,190.77851242504312,90.16640485741618,12155.603616672692
2456452.76211237,2013.43672036241,15171.697663281617,0.5670255,24.8888,266.9463,260.7828,190.8219099105272,90.04976953242613,12155.432011783178
2456453.15125772,2013.4377857843117,15171.115538940121,0.5670062,24.889,266.5783,261.4142,190.8626674447305,89.9296176477917,12155.189674948204
2456453.96583112,2013.4400159647366,15169.96046863403,0.566968,24.889,265.8074,262.735,190.9420216535309,89.67665269483473,12154.70762882611
2456454.69656209,2013.4420165970978,15169.026390365076,0.5669347,24.889,265.1162,263.9221,191.04266445136818,89.45232504480623,12154.345681168003
2456454.92229603,2013.4426346229432,15168.716245239106,0.5669237,24.8889,264.9024,264.2882,191.07520723804373,89.38213574047052,12154.224826794958
2456455.26814,2013.4435814921283,15168.260587850415,0.5669108,24.8888,264.5739,264.85,191.0735433836653,89.27456283384731,12154.009415498129
2456455.77547795,2013.4449705077345,15167.584650293466,0.5668863,24.8889,264.0942,265.6746,191.15240795180944,89.11941721561038,12153.752075559607
2456456.84988402,2013.4479120712392,15165.945010693087,0.5670165,24.8833,263.0165,267.4772,188.46765153742945,88.7853543538422,12150.927484490809
2456456.90649481,2013.4480670631342,15166.068122727927,0.5668328,24.8888,263.0231,267.5102,191.30696373131195,88.76915727167489,12153.157526315057
2456457.15582951,2013.4487497043401,15165.759390309546,0.566823,24.8888,262.7868,267.9149,191.32185541611852,88.6918064375991,12153.02380333834
2456457.51600424,2013.449735809008,15165.261349337687,0.5668105,24.8888,262.4457,268.5013,191.29568128891788,88.5821087571511,12152.769686555035
2456457.96508516,2013.4509653255577,15164.672448370102,0.5667894,24.8886,262.0204,269.2308,191.36055016188038,88.44368279919149,12152.542484814
2456458.85021444,2013.4533886774536,15163.438070952676,0.5667487,24.8886,261.1824,270.6684,191.4429567097386,88.17087611672173,12152.025252755271
2456459.17758031,2013.4542849563588,15162.991375557815,0.5667377,24.8886,260.8717,271.2017,191.4162182543423,88.07081571085178,12151.794815432077
2456459.64492567,2013.455564478221,15162.332502289279,0.5667125,24.8883,260.4293,271.9615,191.51284408566607,87.92758784042769,12151.558956693332
2456459.87289593,2013.456188626776,15162.058956562149,0.5667021,24.8883,260.2133,272.3319,191.55200555457031,87.85729436061183,12151.460299276552
2456460.30909421,2013.4573828725809,15161.407552654073,0.5666802,24.8881,259.7995,273.0415,191.60178843455287,87.72316587089392,12151.192111634084
2456461.02784686,2013.4593507100883,15160.391146729613,0.5666434,24.888,259.1181,274.2091,191.7192620168462,87.50094436819586,12150.804046726234
2456461.43095766,2013.4604543673104,15159.785270070059,0.5666217,24.8878,258.736,274.8652,191.78566870800296,87.37762776830004,12150.569937247705
2456462.00858804,2013.4620358331001,15158.983438168554,0.5666961,24.8875,258.1783,275.8139,190.31034379384255,87.1993000839932,12149.065004316231
2456464.11823867,2013.467811741738,15155.838167089683,0.5664723,24.8872,256.1869,279.24,192.33936215060567,86.55467297430505,12149.136976900727
2456464.80149118,2013.4696823851607,15154.806020124788,0.5665771,24.8867,255.5304,280.3602,190.30367417994512,86.34494134212514,12147.095744199703
2456464.89702557,2013.469943944065,15154.608821362925,0.566423,24.887,255.4485,280.5054,192.55352894007228,86.31408013653481,12148.722417830211
2456465.04872128,2013.4703592642845,15154.382928870025,0.566414,24.887,255.3048,280.7534,192.59197659703932,86.2688648575454,12148.645543047725
2456465.66002845,2013.472032932102,15153.498674930086,0.5663797,24.8869,254.725,281.7489,192.72834147278536,86.08204444334388,12148.333793510677
2456465.9655922,2013.4728695200545,15153.02330119559,0.5663614,24.8868,254.4348,282.2445,192.79951009783326,85.98627278035042,12148.164547788481
2456466.32339252,2013.473849123943,15152.481380245088,0.5663432,24.8867,254.0956,282.8283,192.8402874166677,85.87821538050798,12147.940769833547
2456466.77398554,2013.475082780397,15151.801925978907,0.5663163,24.8866,253.6677,283.5616,192.95322092565857,85.73949905705649,12147.707400184005
2456467.38786679,2013.4767634956604,15150.891187423354,0.5662852,24.8866,253.0857,284.561,193.02944117508196,85.5518415622762,12147.337154139692
2456467.81911931,2013.4779442007118,15150.203624049691,0.5662633,24.8865,252.6762,285.2631,193.06302422335284,85.41938774373102,12147.039318054582
2456468.20688851,2013.479005854921,15149.608938465852,0.5662421,24.8865,252.3078,285.8947,193.12625897017733,85.30039222842117,12146.807814449488
2456468.66884157,2013.4802706134706,15148.909287384686,0.5662184,24.8864,251.8692,286.6473,193.18180893658882,85.15907915057073,12146.521039842472
2456468.95941139,2013.4810661502809,15148.477259835812,0.566201,24.8864,251.5931,287.1189,193.25798683951598,85.0681858988496,12146.375931056684
2456469.32311902,2013.482061927502,15147.958732977144,0.5661846,24.8862,251.2481,287.7127,193.2814769299721,84.95850609929596,12146.14987642144
2456469.78870941,2013.4833366445175,15147.349001815062,0.566164,24.8864,250.8055,288.4707,193.32900155143943,84.81500797371586,12145.89924866918
2456470.59807971,2013.48555257963,15146.240986547822,0.5661269,24.8863,250.0365,289.7918,193.41023018056148,84.56937133325471,12145.43985192777
2456470.92591578,2013.4864501458728,15145.79928532104,0.5661137,24.8862,249.7248,290.3246,193.41851245058933,84.46734748582014,12145.238306671698
2456471.69404446,2013.488553167584,15144.700440132176,0.5660742,24.8862,248.9953,291.5785,193.53995424470668,84.2346596697397,12144.813872175217
2456472.28498317,2013.4901710695967,15143.766907819525,0.5660446,24.8861,248.4338,292.5422,193.58312598958491,84.0544149451647,12144.40745335706
2456472.39347666,2013.490468108583,15143.532555781738,0.5660353,24.8862,248.3309,292.7174,193.6222625100545,84.01978091016247,12144.327024886268
2456472.78901236,2013.4915510263106,15142.769099986617,0.5660097,24.886,247.9552,293.3635,193.67860453392223,83.90033052820968,12144.010681336118
2456473.13984299,2013.492511548227,15142.168015599305,0.5659903,24.886,247.6215,293.9362,193.7114977998508,83.79354263833613,12143.752852756703
2456473.60456764,2013.493783894976,15141.356184866616,0.5659603,24.8858,247.1807,294.694,193.8133960726509,83.65249780862882,12143.448473432254
2456473.83203109,2013.4944066559613,15141.080789840684,0.5659498,24.8857,246.9647,295.0645,193.85284504650735,83.58280385398393,12143.348939983045
2456474.26409576,2013.4955895845583,15140.364123940903,0.5659245,24.8857,246.554,295.7695,193.92482728170853,83.45124955898109,12143.066496709665
2456474.69876921,2013.4967796556055,15139.683363383445,0.5658977,24.8855,246.1414,296.478,194.03506931649008,83.31872398202222,12142.830134880465
2456475.79522072,2013.4997815762358,15138.222191424433,0.5658417,24.8851,245.0996,298.2656,194.24851165110613,82.98383255512158,12142.305057321988
2456477.22116505,2013.5036855990413,15136.351573634427,0.5657713,24.886,243.7465,300.5906,194.50196656223216,82.5502843451452,12141.617609993125
2456478.321074,2013.5066969856266,15134.453576884936,0.565609,24.8871,242.613,302.5043,196.13412371662344,82.24638517444521,12141.968570169061
2456481.34374938,2013.5149726197951,15130.317468835821,0.5655569,24.8842,239.8283,307.3154,195.12572514518706,81.29355687372072,12139.251349764882
2456482.60774246,2013.5184332442436,15128.269291144847,0.5655859,24.8876,238.5603,309.4479,193.79718867032716,80.91223207230064,12137.273556877348
2456483.67895997,2013.5213660779464,15126.81435080612,0.565515,24.8903,237.5339,311.207,194.2376332099975,80.58911193932204,12136.923977284117
2456486.24934225,2013.5284034010956,15122.61847630458,0.5653447,24.8936,235.089,315.403,194.98997060370948,79.80677560558047,12135.520414867431
2456488.60450504,2013.5348514853943,15118.687962956157,0.5652183,24.8967,232.8544,319.2478,195.1925543036159,79.09566525810237,12133.822321900747
2456489.88876657,2013.5383676018344,15116.466571160887,0.5651729,24.8955,231.6271,321.3561,194.91302138483206,78.7108633396141,12132.56228691056
2456490.24285671,2013.5393370478034,15115.681089415535,0.5650814,24.881,231.361,321.8568,195.95455745508025,78.59646279075025,12132.985261568412
2456490.75851228,2013.540748835811,15114.93455459725,0.5650511,24.8805,230.8699,322.7037,196.08785809406345,78.44401910805789,12132.73479957363
2456490.99352102,2013.5413922546743,15114.544046406743,0.5650372,24.8803,230.6462,323.0879,196.12809914840636,78.37288831722469,12132.58131999011
2456491.14509663,2013.5418072460777,15114.366658854547,0.5650308,24.8802,230.5016,323.3365,196.14767410863442,78.32749141204931,12132.512586874684
2456491.82547567,2013.5436700223681,15113.390203911518,0.564996,24.8797,229.8532,324.4508,196.24889226232517,78.12279194750124,12132.12923908863
2456492.02858867,2013.5442261154546,15112.984335753301,0.5651307,24.8795,229.658,324.7841,194.03661900000316,78.06069843629734,12130.253201456675
2456492.45647306,2013.545397599069,15112.082307641125,0.5650526,24.8987,229.1905,325.5487,194.82460829450702,77.93606433516015,12130.428043686883
2456492.69541667,2013.5460517910194,15112.008793905346,0.5649475,24.8789,229.0246,325.8744,196.38090581050528,77.86035523302473,12131.578337740264
2456492.91758382,2013.5466600515263,15111.636991940813,0.5649352,24.8788,228.8128,326.2382,196.40502557133186,77.79338145056829,12131.421365911687
2456493.52920686,2013.5483345841476,15110.569010374591,0.5648983,24.8784,228.2298,327.2407,196.49796438130215,77.61004970689521,12130.988455690705
2456493.99979839,2013.5496229935388,15109.864418734342,0.5648736,24.878,227.7815,328.0107,196.56460901196715,77.46792232599648,12130.706881866103
2456494.17521019,2013.5501032448733,15109.560197949646,0.5648647,24.8781,227.614,328.2989,196.5667096028783,77.41573184557978,12130.564998678567
2456494.6100669,2013.5512938176591,15108.868522774976,0.5648414,24.8777,227.1997,329.011,196.61777395482568,77.28492564268117,12130.277635298677
2456494.82054762,2013.5518700824637,15108.59845931907,0.5648323,24.8775,226.9993,329.3555,196.63774176542393,77.22157031309962,12130.165453218253
2456495.27003538,2013.5531007128816,15107.887806668512,0.5648104,24.877,226.571,330.0907,196.65935142894614,77.08544336259672,12129.846700792941
2456495.68933263,2013.5542486861875,15107.263940411684,0.5647905,24.8769,226.1712,330.7777,196.68848587459888,76.9593729724653,12129.574598458497
2456495.89321977,2013.5548068987541,15107.067401414683,0.5647847,24.8768,225.9767,331.1116,196.69057122691083,76.89781644852667,12129.483476989864
2456496.32125093,2013.5559787842026,15106.401684908107,0.5647668,24.8766,225.5685,331.8124,196.67124580794643,76.76853768710032,12129.154742661369
2456496.52326274,2013.556531862396,15106.035633469282,0.5647563,24.8765,225.3757,332.1438,196.67054144301437,76.7080295374659,12128.981530580755
2456497.03008551,2013.5579194675156,15105.334412693443,0.5647378,24.876,224.8922,332.9727,196.64478820465592,76.5538916943492,12128.631141834556
2456497.13386698,2013.5582036056953,15105.189423630203,0.5647331,24.876,224.7933,333.1447,196.6526743363056,76.52470194969453,12128.568744092006
2456497.6032747,2013.559488773991,15104.458566344434,0.5647145,24.8759,224.3454,333.914,196.61549928051954,76.38344136322132,12128.195671274692
2456497.90186538,2013.5603062707185,15104.002681233884,0.5647024,24.8756,224.0606,334.4012,196.599817534674,76.29154254138666,12127.968667000003
2456498.24867948,2013.5612557959755,15103.53520542103,0.5646891,24.8755,223.7295,334.9716,196.59720345351252,76.18901344882192,12127.74613222868
2456498.68175253,2013.562441485366,15102.928535428458,0.5646726,24.8751,223.3162,335.6816,196.58231171387888,76.05886526824531,12127.448580263634
2456499.31452615,2013.5641739251198,15101.942283174,0.5646447,24.8746,222.7121,336.7194,196.57431327390168,75.86888695687628,12126.977170894203
2456499.97117966,2013.565971744449,15100.817311479974,0.5646148,24.8739,222.0852,337.7972,196.53606532217054,75.67257199841288,12126.41727520969
2456500.25849939,2013.566758382998,15100.304036759058,0.5646028,24.8736,221.8109,338.2669,196.4937967535916,75.58478212075897,12126.142933710375
2456500.59509437,2013.5676799298294,15099.758835038107,0.5645881,24.8733,221.4894,338.8213,196.47838390572815,75.4859252614142,12125.873949787483
2456500.80676604,2013.5682594552777,15099.386581331319,0.5645778,24.8731,221.2872,339.1686,196.4718238937612,75.42239610005015,12125.693303679884
2456501.67266876,2013.5706301677212,15097.997098503625,0.56454,24.8721,220.4601,340.5891,196.43751651438834,75.16233962035994,12125.011523740415
2456501.87875428,2013.571194399124,15097.564798900985,0.5645275,24.8718,220.2632,340.9272,196.43798688940933,75.10041631535898,12124.807873433947
2456502.35950005,2013.572510609309,15096.762287704385,0.5645043,24.8713,219.8037,341.7152,196.4387602174229,74.95508064879323,12124.429733866788
2456502.50981466,2013.5729221482823,15096.454059882482,0.5644966,24.8714,219.66,341.9636,196.42077102262465,74.91162661841656,12124.270588627292
2456502.96048109,2013.5741560057222,15095.858657481009,0.5644786,24.871,219.2293,342.7037,196.43319670824894,74.77683794003588,12123.999036431014
2456503.29266326,2013.5750654709375,15095.28515627556,0.5644646,24.8707,218.9118,343.248,196.39475865253917,74.67623046252413,12123.699135944542
2456503.58542122,2013.5758669985487,15094.760399336563,0.5644474,24.8706,218.6317,343.7304,196.4258383080778,74.58998052244772,12123.475094496238
2456503.90128105,2013.5767317756329,15094.29028508809,0.5644343,24.8701,218.3298,344.2466,196.4188140275919,74.4929607721325,12123.247864486098
2456504.32064975,2013.5778799445586,15093.647919285411,0.5644157,24.8698,217.9288,344.9351,196.41976336839252,74.36711995886856,12122.945387749473
2456504.66199596,2013.5788144995481,15093.116771401508,0.5644014,24.8695,217.6026,345.4975,196.40423525901588,74.26688016269361,12122.682871528054
2456504.89375425,2013.5794490191647,15092.757562764866,0.5643892,24.8691,217.381,345.8768,196.43189612205242,74.1961531007106,12122.534344513302
2456505.94827934,2013.5823361515122,15091.09705667686,0.5643421,24.8683,216.3725,347.6101,196.41935240802195,73.88158545561942,12121.740964104067
2456506.34751955,2013.5834292116358,15090.372284903948,0.5644452,24.8654,215.9919,348.2663,194.54778247688228,73.76368381108182,12119.975988727996
2456506.56098763,2013.5840136553866,15090.018287288402,0.5644084,24.8833,215.7633,348.638,194.94890978921376,73.69638406085187,12120.113883747701
2456506.83943601,2013.584776005503,15089.61838947114,0.5642999,24.8674,215.5199,349.0729,196.41194125441507,73.61343801889927,12121.037269169934
2456507.21854091,2013.5858139381523,15089.007467731164,0.564284,24.8673,215.1575,349.6964,196.38567780995163,73.50088226513424,12120.728883762435
2456507.6497725,2013.5869945859006,15088.34036758005,0.5642646,24.8671,214.7453,350.4048,196.3877254036397,73.3720490758244,12120.41548414728
2456507.86507797,2013.587584060151,15087.973755889234,0.5642546,24.8669,214.5395,350.7581,196.37885944945538,73.30733834570776,12120.235654419403
2456508.93465038,2013.5905123898156,15086.298164683527,0.5642154,24.8657,213.5163,352.5159,196.24011117734426,72.98773966636816,12119.339066893108
2456509.35819377,2013.591671988419,15085.565426272497,0.5641985,24.8651,213.1118,353.2111,196.17574111769227,72.86098416914945,12118.944166203304
2456509.5616535,2013.5922290308008,15085.130496151065,0.5641892,24.8651,212.917,353.5461,196.12648963199354,72.80064891174709,12118.70137037939
2456509.77451897,2013.5928118246952,15084.717895263602,0.5641799,24.8648,212.7134,353.8958,196.0869615855736,72.73694310971598,12118.476504387227
2456510.61552939,2013.595114385736,15083.226135843612,0.5640914,24.8754,211.8522,355.3555,196.7716883589983,72.50652113506214,12118.29226562751
2456510.63599307,2013.595170412238,15083.163399862366,0.5641402,24.8637,211.8884,355.3116,196.0082828313307,72.47865159428079,12117.68265862154
2456510.8865084,2013.5958562858318,15082.720533288046,0.5641264,24.8635,211.6481,355.7224,196.0233966381802,72.40223710053124,12117.4850009951
2456511.36403344,2013.5971636781387,15081.886701314808,0.5641077,24.8629,211.1905,356.5078,195.9419825755249,72.25937587009957,12117.029366212502
2456512.0153256,2013.5989468188907,15080.891827071526,0.5640835,24.8621,210.5668,357.5799,195.87328213562523,72.06584519936018,12116.507322397023
2456512.54749101,2013.6004038083772,15079.946244844756,0.5640592,24.8616,210.0565,358.4581,195.82752993461872,71.90922898416784,12116.025974660939
2456512.84329123,2013.601213665243,15079.510111433605,0.5640504,24.8611,209.7728,358.9426,195.770101275436,71.81848051249199,12115.776362246774
2456513.62057947,2013.6033417644626,15078.23521478766,0.5640186,24.8601,209.0274,0.2242,195.69379847242453,71.58856479347963,12115.11624057154
2456513.83728869,2013.6039350819708,15077.81333164895,0.5640091,24.8598,208.8196,0.581,195.65310449762273,71.52397049054713,12114.886059466084
2456514.27686983,2013.605138589542,15077.137479776467,0.563995,24.8591,208.3977,1.3045,195.57102686993858,71.39230776488537,12114.50448152134
2456514.68171285,2013.6062469893225,15076.461660772105,0.5639777,24.8587,208.0093,1.9724,195.53718919167295,71.27278384394566,12114.159550210752
2456514.90302513,2013.6068529093218,15076.130037347679,0.5639704,24.8583,207.7968,2.3371,195.5026497326935,71.20685264413004,12113.976668763493
2456515.32958295,2013.608020760986,15075.342692287699,0.5639522,24.8578,207.3872,3.0398,195.43371521812787,71.07952604507625,12113.552388232054
2456515.53181985,2013.608574455442,15074.997053234489,0.5639429,24.8576,207.1932,3.3734,195.42319754197615,71.01979604086489,12113.38112273801
2456516.5855817,2013.6114594981516,15073.06564469736,0.5639002,24.8721,206.1527,5.1543,195.22461303939053,70.72158066544421,12112.317895897591
2456516.60366995,2013.611509021081,15073.092312072318,0.5639023,24.8564,206.1638,5.1397,195.20458918242093,70.70025241086753,12112.315289897224
2456516.96015569,2013.6124850258454,15072.466677268769,0.5638912,24.8558,205.8214,5.7258,195.0990556636698,70.59259069560088,12111.939583776642
2456517.24700823,2013.613270385298,15071.953923609659,0.5638777,24.8556,205.5459,6.2001,195.07891065866806,70.50866129274243,12111.68203884357
2456517.66518453,2013.6144152896097,15071.234681375865,0.5638619,24.855,205.1438,6.8907,195.00335858937433,70.38499574048754,12111.284862333012
2456517.88509316,2013.6150173666256,15070.904908370178,0.5638549,24.8547,204.9325,7.2537,194.96502835160118,70.31994801481042,12111.099953040897
2456518.95890126,2013.6179572929775,15068.892101799054,0.5638082,24.8534,203.8999,9.0252,194.79086988951258,70.00047452808448,12110.016701227569
2456519.58523919,2013.6196721127724,15067.637873664095,0.5637801,24.8525,203.2973,10.0599,194.6671864859636,69.81523940191309,12109.330161003765
2456520.24542969,2013.6214796158522,15066.325303664878,0.5637483,24.8515,202.6626,11.1484,194.5737264768195,69.61833829322799,12108.638969157082
2456520.64260894,2013.6225670333747,15065.525910350374,0.5637325,24.8511,202.2808,11.8055,194.46302509378256,69.50216798508251,12108.177178931304
2456520.90875098,2013.6232956905685,15064.83483562956,0.5637117,24.8508,202.0243,12.2443,194.4748802175991,69.42215139532405,12107.859588266369
2456521.35900516,2013.6245284193296,15063.940616238191,0.5636909,24.85,201.5916,12.9865,194.39807272433063,69.28786904131658,12107.378689529132
2456521.49174779,2013.6248918488434,15063.746573951214,0.5636861,24.8499,201.464,13.2081,194.38571629229318,69.25103441641136,12107.277605986386
2456521.70926947,2013.6254873907462,15063.348606847376,0.5636766,24.8497,201.2546,13.5673,194.35517952491045,69.18643933134817,12107.066346524205
2456522.77766313,2013.6284124931688,15061.279682770897,0.5636314,24.8477,200.2259,15.3316,194.1332293791802,68.86900245928803,12105.92006902862
2456523.21260833,2013.6296033082272,15060.416235842487,0.5636116,24.847,199.807,16.0499,194.05464449332612,68.73970903824033,12105.45231952265
2456523.63035966,2013.6307470490347,15059.737522998192,0.5635967,24.8465,199.4047,16.7405,193.9828521702375,68.61626234752936,12105.077033870357
2456524.25197424,2013.632448937002,15058.59374803124,0.5636724,24.8549,198.792,17.7876,192.34376945347594,68.43798267931467,12103.2926574858
2456524.68988413,2013.6336478689389,15057.808818641908,0.5635563,24.8451,198.3837,18.4915,193.7494947007035,68.30196718201711,12103.988284031679
2456525.20208654,2013.6350502027103,15056.794348103489,0.563538,24.8444,197.8899,19.3361,193.58227476194497,68.1479270242902,12103.381856784932
2456525.5433392,2013.6359845015738,15056.085179026735,0.5635239,24.8441,197.561,19.9023,193.48504020939163,68.04887943341112,12102.972841284483
2456525.75650098,2013.6365681067211,15055.660870979254,0.5635176,24.8438,197.3555,20.2545,193.39469055111567,67.98548158040046,12102.703711569344
2456526.10819752,2013.6375309993703,15054.930779128728,0.5635063,24.8434,197.0164,20.8347,193.2461390257813,67.87994022667331,12102.245868682372
2456526.65145619,2013.639018360547,15053.78766034889,0.5634833,24.8424,196.4922,21.7333,193.09341199621758,67.71889020306435,12101.589587258673
2456526.83925321,2013.6395325207666,15053.403587492838,0.5634769,24.842,196.3107,22.0456,193.02209956349543,67.66459252402782,12101.353912941011
2456527.68181941,2013.6418393413007,15051.508028327169,0.563439,24.841,195.4973,23.4404,192.76509635453658,67.41553713176523,12100.262763245531
2456528.34172953,2013.6436460767422,15050.092319719084,0.5634108,24.8402,194.8597,24.5326,192.57146579229902,67.21971237276423,12099.44652673149
2456528.51477963,2013.6441198620948,15049.711875044646,0.5634022,24.8401,194.6929,24.8197,192.5347952783677,67.16944964588038,12099.238826703157
2456529.07914125,2013.6456649999998,15048.374492392946,0.5633794,24.8392,194.1477,25.7519,192.29399989330432,67.00020000011799,12098.423831651251
2456529.59367612,2013.647073719699,15047.162982574913,0.563351,24.8384,193.65,26.6067,192.19236917835224,66.85016090837698,12097.773872354284
2456530.65456537,2013.6499782761675,15044.697971076414,0.5632977,24.8371,192.6245,28.3651,191.91790677440258,66.53742057970354,12096.400042654283
2456531.49040135,2013.6522666703627,15042.813121805702,0.5632596,24.8363,191.8171,29.7493,191.6679199426717,66.29039866944217,12095.319085000829
2456532.03502078,2013.6537577570973,15041.562800014013,0.5632295,24.8359,191.2907,30.6499,191.57460494351926,66.12780744494293,12094.65697564039
2456532.54378139,2013.6551506677342,15040.38048307155,0.5631289,24.8382,190.7802,31.542,192.5712660579993,66.00795961565694,12094.853139632014
2456532.60260191,2013.6553117095414,15040.188178531345,0.5631977,24.8351,190.7406,31.5931,191.45248881530188,65.96148456508294,12093.914214292598
2456532.8021255,2013.6558579753594,15039.753976764641,0.5631905,24.8347,190.5471,31.9251,191.37111471357366,65.90332887058759,12093.647149722834
2456533.62110207,2013.658100211006,15037.964820140787,0.5631496,24.8338,189.7547,33.2839,191.2046468644303,65.6625240378118,12092.674643630742
2456534.4550608,2013.6603834655716,15036.04178006643,0.562959,24.8357,188.9331,34.7331,193.23043560201313,65.46815239418027,12093.299792288617
2456534.68740664,2013.6610195938126,15035.754885278306,0.5631035,24.8327,188.7225,35.0526,190.9323842359936,65.34804622748214,12091.422851590365
2456535.75464719,2013.6639415391928,15033.418661590644,0.5630574,24.8315,187.6893,36.8223,190.6047368839354,65.03264589054578,12090.06928191849
2456536.59234924,2013.6662350424097,15031.610562482523,0.5630223,24.8311,186.8831,38.2062,190.34231088931938,64.78468473255944,12089.014955144525
2456536.81120109,2013.6668342261191,15031.109125323197,0.5630134,24.8308,186.6709,38.5697,190.25697090395806,64.72027859713205,12088.71303680385
2456537.66129279,2013.669161650349,15029.244051746915,0.562965,24.8306,185.8434,39.9864,190.1693741552117,64.47160587436295,12087.764151906636
2456538.48732642,2013.671423207173,15027.266892417932,0.5629146,24.83,185.0428,41.3599,190.0626605792486,64.23034541774578,12086.747676560792
2456538.49783755,2013.6714519850786,15027.457933874952,0.56293,24.8298,185.0323,41.3756,189.91473915872484,64.22518537165689,12086.726037253411
2456539.1024759,2013.6731073946617,15026.113311319512,0.5629027,24.8296,184.4473,42.3782,189.73725787181866,64.04683792177102,12085.955267774647
2456539.56168947,2013.674364652895,15025.09023085282,0.5628834,24.8287,184.0001,43.1432,189.58005640359897,63.912024957736605,12085.352014416527
2456540.628689,2013.6772859383982,15022.78650425035,0.5628366,24.8272,182.9615,44.9213,189.27612567219785,63.5998621766727,12084.031499845776
2456541.68478072,2013.6801773599457,15020.539567810942,0.5627929,24.8261,181.9361,46.6775,188.95024487787487,63.289750419559255,12082.721183456088
2456542.35709502,2013.6820180561804,15018.982617202311,0.5627588,24.8258,181.2836,47.7945,188.78168232467942,63.09159977505561,12081.856551605322
2456542.75625014,2013.6831108833396,15018.028540806883,0.5627406,24.8255,180.8954,48.4598,188.63784893609227,62.97528199774118,12081.296006908016
2456543.42454095,2013.6849405638604,15016.576342288256,0.5627103,24.8252,180.2465,49.571,188.45786374632826,62.77889701028187,12080.472267966234
2456544.30591263,2013.6873536280086,15014.4449973589,0.5626624,24.8254,179.3897,51.0372,188.245040476947,62.51959391687848,12079.302106362815
2456544.65561865,2013.68831107091,15013.775121085337,0.5626462,24.8254,179.0484,51.623,188.19530155213215,62.41941447237039,12078.947296733533
2456545.49455525,2013.6906079541404,15011.691541651775,0.5625968,24.8255,178.2328,53.0203,188.02561773141952,62.174236509427914,12077.832316549524
2456545.71964334,2013.6912242117453,15011.090956966735,0.5625822,24.8256,178.0141,53.3952,187.98208199628334,62.10858377168256,12077.514982571296
2456546.54093334,2013.693472781218,15009.154476292551,0.5624812,24.8176,177.1933,54.8074,188.65095548214504,61.890498761538254,12077.104111111443
2456546.77444985,2013.694112114579,15008.616871252389,0.5625373,24.8242,176.985,55.1561,187.57375976362164,61.80073875157288,12076.034396549117
2456547.6189099,2013.6964241201918,15006.63549358603,0.562495,24.8234,176.1627,56.5653,187.34176162135645,61.55531673093077,12074.92051518138
2456548.44609841,2013.6986888389051,15004.539968570643,0.5623761,24.8169,175.3496,57.9738,188.208998751762,61.33541799419322,12074.58411520641
2456548.67570251,2013.6993174606705,15004.035449779709,0.5624415,24.8227,175.1316,58.3294,187.00694535243383,61.24671415858458,12073.435774599511
2456549.06752745,2013.7003902188917,15003.103456242694,0.5624199,24.8227,174.7513,58.9817,186.92321069302398,61.13252119902589,12072.930993319827
2456549.5189936,2013.7016262658449,15002.034246212757,0.5624021,24.8222,174.313,59.7304,186.72238187078528,60.997944295879705,12072.27262246095
2456549.74506914,2013.7022452269407,15001.431833044524,0.5623849,24.8224,174.0918,60.1096,186.71679176096313,60.93311830133652,12071.983046952826
2456550.56188645,2013.704481550855,14999.469075753334,0.5622863,24.8172,173.2824,61.5087,187.33680718357118,60.717741692179146,12071.522214062052
2456550.58016457,2013.7045315936205,14999.586086314644,0.5623375,24.8224,173.2774,61.5044,186.6200455016824,60.69042629661206,12071.035536861735
2456550.81098372,2013.7051635420116,14999.076736740619,0.562325,24.8224,173.0526,61.8889,186.58461075295054,60.6226248757913,12070.767444088522
2456551.19491035,2013.7062146758378,14998.186785315713,0.5623035,24.8221,172.6781,62.5313,186.5175622789393,60.51211669835931,12070.29512921723
2456551.64160356,2013.7074376551957,14997.257899440341,0.5622818,24.822,172.2391,63.2814,186.43643267880634,60.382944129589674,12069.793706353323
2456551.89656931,2013.708135713375,14996.602416331974,0.5622666,24.8221,171.9911,63.705,186.37746414921094,60.307243184996764,12069.438562008441
2456552.69592167,2013.710324220863,14994.833887228697,0.5622292,24.8217,171.2098,65.0427,186.16412667921668,60.07578048935051,12068.439318075738
2456553.33174556,2013.7120650117997,14993.236537581142,0.5622004,24.8213,170.5889,66.1047,185.89665885840805,59.890195752133366,12067.480216819835
2456554.22126182,2013.7145003745923,14990.99771715265,0.5621508,24.8213,169.7212,67.5888,185.66005765711452,59.62986514678465,12066.240459188472
2456554.59437102,2013.7155218919092,14990.134652897817,0.5621333,24.8211,169.3551,68.2162,185.54449302001376,59.523418912661725,12065.74410244526
2456555.21704619,2013.7172266836142,14988.573170940645,0.5620957,24.821,168.7472,69.2574,185.4243424195438,59.342993898920895,12064.913283740438
2456556.27671597,2013.7201279013557,14985.744815354423,0.5620296,24.8216,167.7115,71.0298,185.17635107870228,59.03525551198467,12063.385351959201
2456556.49680336,2013.7207304677893,14985.105724193074,0.5620183,24.8217,167.4962,71.3979,185.06577976181416,58.97113159583432,12062.998868934164
2456556.72163226,2013.7213460157698,14984.512754981017,0.5620065,24.8218,167.2766,71.7741,184.9828873487786,58.90613432289342,12062.655162270437
2456557.33566744,2013.7230271524716,14982.839215161779,0.5619647,24.8217,166.6744,72.8054,184.87617046515425,58.73002511027329,12061.78124297066
2456557.55595532,2013.7236302678168,14982.28518571742,0.5619508,24.8226,166.4598,73.1724,184.8417397753674,58.66530358590808,12061.492597750628
2456558.17225216,2013.7253175966052,14980.649559553118,0.5619204,24.8217,165.8567,74.2041,184.58066678920568,58.486465222145625,12060.519957204853
2456558.61519928,2013.7265303197262,14979.491997423629,0.5618935,24.822,165.4227,74.946,184.47651076927468,58.35778489859058,12059.892491289589
2456558.88449628,2013.7272676147297,14978.726043502904,0.561876,24.8219,165.1601,75.3946,184.4030690836653,58.278358697338575,12059.473872087283
2456559.23056508,2013.728215099466,14977.848236452062,0.5618532,24.8219,164.8202,75.9774,184.35997568711355,58.18016419224307,12059.025140464983
2456559.67483138,2013.7294314343058,14976.549651886186,0.5618249,24.8222,164.385,76.7218,184.21484137019524,58.051483649968276,12058.299803628777
2456560.28330811,2013.7310973528,14974.702508765751,0.5617793,24.8221,163.7898,77.7411,184.08831568308415,57.87585299199992,12057.328389999924
2456561.34227696,2013.7339966514994,14971.675910192173,0.5616941,24.8229,162.7536,79.5162,184.0375843250995,57.571005460225905,12055.85482375732
2456561.56779841,2013.7346140955785,14971.134557873489,0.5616906,24.8225,162.5329,79.894,183.85270538079385,57.5058255917107,12055.458473041026
2456561.8167738,2013.7352957530463,14970.38167407538,0.5616707,24.8226,162.2898,80.3099,183.82061993028947,57.4332289033139,12055.077182104913
2456562.38921191,2013.7368630031756,14968.805353188623,0.5615476,24.8094,161.7241,81.2813,184.97233223839885,57.27471885682644,12055.199063419697
2456562.62519666,2013.7375090942094,14968.23264457134,0.561623,24.8225,161.4957,81.6686,183.59262202925038,57.20102608466149,12053.885768912278
2456562.8709052,2013.7381818075291,14967.604889868384,0.5616063,24.8226,161.2559,82.0789,183.5673878074931,57.129349289508724,12053.568964287892
2456563.24073692,2013.7391943515945,14966.540940724235,0.5615788,24.8226,160.8924,82.7011,183.51253908144736,57.023533425950575,12053.022890282547
2456563.68494931,2013.7404105388364,14965.326456598084,0.5615535,24.8229,160.4576,83.4456,183.35870625283133,56.895406018861024,12052.330662892788
2456564.29757212,2013.7420878086793,14963.73167371193,0.5615138,24.823,159.8567,84.4741,183.25353942558468,56.71918887547355,12051.494743049338
2456564.51813852,2013.7426916865707,14963.16603302865,0.5615013,24.8232,159.6404,84.8439,183.19255336722017,56.65529283454265,12051.180368880554
2456565.18883193,2013.7445279450515,14961.372169539673,0.5614562,24.8232,158.984,85.967,183.08070444417262,56.46093978147201,12050.24489569376
2456566.18243613,2013.7472482850924,14958.70251499259,0.5613659,24.8124,158.0352,87.6018,183.2607148315119,56.16761736672589,12049.114040419467
2456566.24255906,2013.7474128927036,14958.578755689365,0.5613869,24.8239,157.949,87.7378,182.89229962705485,56.1581586267053,12048.777317995115
2456566.63208318,2013.7484793516219,14957.675531097871,0.5613644,24.8241,157.5658,88.3934,182.83268118843353,56.0466334161199,12048.30374278599
2456567.01695713,2013.7495330790687,14956.661937712679,0.5613395,24.8238,157.1894,89.0395,182.76050392801244,55.936991535292634,12047.768303420951
2456567.68206132,2013.7513540350997,14954.86590636766,0.5612959,24.8244,156.5354,90.1574,182.62468807370897,55.7453473641028,12046.813515463295
2456567.69041508,2013.751376906448,14954.76007782783,0.5612953,24.8246,156.5277,90.1712,182.58723351543358,55.743213678681656,12046.735035189695
2456568.30230479,2013.7530521691715,14952.789938113063,0.5612457,24.8244,155.9255,91.2008,182.46458234384045,55.56751909826119,12045.707489583909
2456568.52501797,2013.7536619246264,14952.046096927968,0.5612276,24.8248,155.7064,91.5761,182.40885085971604,55.50420713451305,12045.312405822186
2456569.35693302,2013.7559395839016,14949.519109396795,0.5611616,24.8258,154.8883,92.9755,182.2867467371134,55.26554979542823,12044.020854891449
2456569.5844306,2013.75656243833,14948.840568573527,0.5611452,24.826,154.6649,93.3581,182.23413795322085,55.20052220118197,12043.659081494405
2456570.39218861,2013.7587739592336,14946.3956990256,0.5610511,24.8141,153.8424,94.7457,182.56765105201703,54.96947467593242,12042.749897353871
2456570.63348668,2013.7594345973448,14945.924280078776,0.5610723,24.8266,153.6331,95.1237,182.0438686291336,54.900344955840296,12042.131157747048
2456571.24625322,2013.761112260698,14944.233777421061,0.5610289,24.827,153.0297,96.1562,181.95043993167747,54.725486148765015,12041.258104406912
2456571.69031428,2013.7623280336204,14943.036201024503,0.5610009,24.8274,152.594,96.9017,181.84314351717512,54.597607896638294,12040.608597196706
2456572.29588037,2013.7639859832166,14941.288638389455,0.560958,24.8275,151.998,97.9218,181.71694637578366,54.42484604204526,12039.68366139773
2456572.52525764,2013.7646139839562,14940.599339834938,0.5609421,24.8278,151.7722,98.308,181.65187088931452,54.35916577571845,12039.307289061508
2456573.35486201,2013.766885316934,14938.190153953119,0.5608739,24.8291,150.9535,99.7101,181.61288336383222,54.12488590379701,12038.133796452112
2456573.57536834,2013.767489030363,14937.52401766637,0.5608586,24.8292,150.7367,100.0816,181.54890965163486,54.062249069279574,12037.769217571718
2456574.62998896,2013.7703764242574,14933.861092801617,0.5607716,24.8298,149.6968,101.8627,181.23961361350484,53.763987267360505,12035.796374639689
2456575.23650745,2013.7720369813833,14931.829645389478,0.560713,24.8301,149.0987,102.8858,181.222349434207,53.59118670203179,12034.818369208273
2456575.6858078,2013.7732670986993,14930.218462813215,0.5606707,24.8305,148.6559,103.6449,181.14612611480607,53.46464446825124,12033.995523444917
2456576.29020124,2013.7749218377555,14928.284475694854,0.5606171,24.831,148.0586,104.6666,181.09662495578505,53.29333840799808,12033.039380256198
2456576.51971853,2013.7755502218483,14927.517461849046,0.5605969,24.8312,147.8324,105.0541,181.06114804060326,53.228420134582336,12032.648221286323
2456577.56782118,2013.7784197705132,14924.201009360657,0.5605014,24.832,146.7981,106.8247,181.02914973259522,52.93168261521251,12031.048184059864
2456578.20629225,2013.7801678090354,14922.16087664728,0.5604435,24.8326,146.1686,107.9031,180.9965073760104,52.751288747242626,12030.054030941286
2456578.62468076,2013.7813132943459,14920.910184067769,0.560406,24.8331,145.7556,108.6101,181.0062914550872,52.63291403546526,12029.46695311073
2456579.23191444,2013.7829758095556,14918.98793592366,0.5603458,24.8337,145.1555,109.6374,181.05940577816818,52.46160855999693,12028.593227526255
2456579.67724528,2013.7841950589452,14917.59627254464,0.5603071,24.8341,144.7163,110.3899,181.02486610434426,52.33597877968879,12027.905674685886
2456580.27886125,2013.7858421937024,14915.65045021727,0.5602488,24.8348,144.1216,111.4078,181.0388842635848,52.1662102671404,12026.991156455559
2456580.50828514,2013.7864703220812,14914.955509476707,0.560231,24.8351,143.8956,111.7956,180.99876944706193,52.10188405077383,12026.630567221775
2456580.73335574,2013.7870865318005,14914.194566171238,0.560206,24.8353,143.6735,112.1762,181.03698503471333,52.0385485518666,12026.297522246512
2456581.55743493,2013.7893427376591,14911.280173234192,0.5601277,24.8365,142.8581,113.5717,180.9228057449227,51.80641444270998,12024.825820281882
2456582.25283895,2013.791246650103,14909.016359418827,0.5600727,24.8361,142.1722,114.7436,180.74701265495423,51.60700596290303,12023.617015832011
2456582.50323655,2013.7919322013686,14908.139206236961,0.5600498,24.8365,141.9255,115.1662,180.7025254117916,51.53610750727972,12023.166390907963
2456582.98932999,2013.7932630526761,14906.520802386185,0.5600037,24.8372,141.4431,115.9934,180.6776989229529,51.40180103655092,12022.377977331083
2456583.21915572,2013.793892281232,14905.764829635185,0.5599826,24.8375,141.2155,116.3827,180.65958534751735,51.336978756498524,12022.004780635443
2456583.66231567,2013.7951055870499,14904.288115803358,0.5599414,24.8379,140.7783,117.1319,180.6238622370629,51.21218866207687,12021.27548834065
2456584.49134841,2013.7973753549898,14901.541624633,0.5598675,24.839,139.9576,118.5372,180.5164691037844,50.97967220367133,12019.888189623902
2456585.31729874,2013.7996366837513,14898.793568803743,0.559786,24.8406,139.1389,119.9385,180.52121209737106,50.7481938495456,12018.584276743639
2456585.53634005,2013.8002363861738,14898.043110420866,0.5597669,24.8408,138.9223,120.3097,180.4754024342201,50.686900977478274,12018.192760638907
2456586.6406202,2013.8032597404517,14894.18982461754,0.5596633,24.8417,137.8294,122.1795,180.32209654566668,50.37539343740826,12016.243874693586
2456587.19687922,2013.804782694648,14892.319253352674,0.5596105,24.8428,137.2774,123.127,180.28472982435778,50.22262992670733,12015.32552232846
2456587.64223891,2013.8060020230248,14890.817151983596,0.5595687,24.8432,136.8367,123.8823,180.24565631043242,50.098271711036375,12014.581201851068
2456588.24648299,2013.807656353156,14888.642951355348,0.5595052,24.844,136.2374,124.909,180.23349912868343,49.930112863853026,12013.537104488867
2456588.69473241,2013.8088835931824,14887.074664296733,0.5594608,24.8442,135.795,125.669,180.20366294955147,49.8059064543059,12012.768088953531
2456589.28792032,2013.810507653169,14884.930287688137,0.5593983,24.8452,135.2032,126.6802,180.1892891368825,49.64064485919636,12011.7363369703
2456589.51262987,2013.811122874387,14884.315111596265,0.5593772,24.8454,134.9805,127.0614,180.2323005538583,49.577665220672145,12011.475720054119
2456590.30579402,2013.8132944394804,14881.379775927619,0.5592599,24.8455,134.188,128.4325,180.68451058031587,49.374501787088775,12010.417397647154
2456590.33586021,2013.8133767562217,14881.368096489547,0.5592904,24.8468,134.1617,128.4641,180.2254812566698,49.35016776015914,12010.067266359674
2456591.17173078,2013.8156652451198,14878.072506413931,0.559202,24.8479,133.3343,129.8807,180.08830468224824,49.11551175683678,12008.394743775152
2456591.6109209,2013.8168676821356,14876.732837602725,0.5591552,24.8486,132.8955,130.6312,180.1940124464063,48.994334431198354,12007.835968416044
2456592.2528223,2013.8186251123886,14874.241794621572,0.5590882,24.8485,132.2635,131.7176,180.09242330182678,48.816059540086826,12006.573099932635
2456592.42955659,2013.8191089845038,14873.785657819331,0.5590694,24.8491,132.0859,132.0205,180.17093437367203,48.76716557860652,12006.414702649761
2456593.36461466,2013.8216690339766,14870.563632635196,0.5589762,24.8497,131.1588,133.6075,180.13618140657763,48.50544776845686,12004.85351714886
2456593.42463119,2013.8218333502807,14870.382052642355,0.5589728,24.8498,131.1005,133.7096,180.10665960710958,48.49009389895343,12004.74485333068
2456594.11961545,2013.823736113484,14868.013965332153,0.5588998,24.8512,130.4089,134.8954,180.14763371080608,48.299299145755185,12003.64715504173
2456594.47869152,2013.8247192101853,14866.610256841237,0.5588997,24.8563,130.0423,135.5215,179.52994427574686,48.20488433330331,12002.514990055302
2456594.62138176,2013.825109874771,14866.293094624065,0.5588487,24.8515,129.9113,135.7455,180.14822487442962,48.157245082438976,12002.827489570887
2456595.35404903,2013.8271158084333,14863.666204947802,0.5587718,24.8532,129.1817,136.9968,180.13238500994885,47.95680896404883,12001.563588116009
2456595.57893036,2013.8277314999584,14862.940801456565,0.5587508,24.8534,128.9584,137.3797,180.1244382900686,47.89476001498235,12001.21186039512
2456595.91857153,2013.8286613868033,14861.672664476806,0.5587143,24.8536,128.6213,137.9564,180.107324914512,47.79960075080743,12000.59453262907
2456596.27726741,2013.8296434426009,14860.307640338266,0.5586743,24.854,128.2647,138.5664,180.09937158763387,47.699460663700506,11999.937844756929
2456596.47730318,2013.830191110691,14859.57611509326,0.558651,24.8542,128.0654,138.9082,180.12275882029462,47.64480015121603,11999.606626123112
2456597.25834566,2013.8323294884594,14856.688823432494,0.558569,24.8553,127.2878,140.2427,180.06670401662996,47.43188415459025,11998.188005261149
2456597.99367698,2013.8343427158934,14853.938166084208,0.5584895,24.8563,126.5568,141.4946,180.03336667692201,47.22802227841356,11996.851376365712
2456598.62431973,2013.8360693216423,14851.645726757562,0.5584243,24.8577,125.9286,142.5708,179.98955794497942,47.05444420876148,11995.725272429625
2456599.31639867,2013.8379641305132,14849.002626937228,0.5583457,24.8595,125.2382,143.7551,179.98956089812327,46.86621301522962,11994.464599218963
2456600.35523544,2013.8408083105824,14845.124656335467,0.5582319,24.8614,124.2031,145.5302,179.96621369247168,46.58230819036646,11992.597139910882
2456601.03754463,2013.8426763713346,14842.580539887444,0.5581585,24.8619,123.5241,146.6944,179.93174961467776,46.395006319505285,11991.357478323658
2456601.18652716,2013.8430842632717,14842.000085578327,0.5581424,24.8622,123.3753,146.951,179.9142370134332,46.35596522218049,11991.067398839514
2456601.63270567,2013.844305833456,14840.249215341459,0.5580891,24.8628,122.9285,147.7171,179.9315869758375,46.235499955794864,11990.244887362018
2456602.00456858,2013.8453239386176,14838.82212292212,0.5580435,24.8636,122.557,148.3537,179.97758956922917,46.134082097669875,11989.59826325088
2456602.38911216,2013.8463767615608,14837.353489402545,0.5580064,24.8632,122.1764,149.0066,179.8789832535922,46.027365838118385,11988.823547551967
2456603.27139796,2013.8487923284324,14834.03219908469,0.557906,24.8644,121.2952,150.5198,179.90033102214602,45.78976176436339,11987.254197544718
2456603.4359398,2013.8492428194388,14833.379053981469,0.5578893,24.8646,121.1314,150.7994,179.85929692108402,45.743385002059654,11986.911709275788
2456604.04823978,2013.8509192054212,14830.90772201635,0.5579386,24.8609,120.5281,151.8422,178.03553086535976,45.57938604833765,11984.367624400329
2456604.09352456,2013.8510431883913,14830.712005742182,0.5578058,24.8659,120.4742,151.9277,179.91853080955934,45.566352179186765,11985.682738579948
2456604.31358796,2013.851645689144,14829.840997511581,0.5577742,24.8669,120.2546,152.3037,180.00199899735708,45.505851908150646,11985.329293096303
2456604.77166715,2013.852899841615,14828.041447861942,0.5577177,24.8674,119.7978,153.0871,180.04397605571012,45.38095701862949,11984.501409160666
2456605.35037115,2013.8544842468168,14825.66085237627,0.557646,24.8685,119.2193,154.0802,180.0540806920526,45.22517114595382,11983.372118405801
2456606.03841675,2013.8563680130042,14822.956701034474,0.5575636,24.8689,118.5325,155.2574,180.07930016156843,45.03741531847504,11982.099440660437
2456606.39152641,2013.857334774565,14821.42076798443,0.5575175,24.8696,118.1783,155.8657,180.08301496967033,44.94348115657624,11981.368558740685
2456606.74471968,2013.8583017650374,14820.05513233074,0.5574785,24.87,117.8262,156.4688,180.05672724169835,44.846364586513914,11980.696551475585
2456607.2704595,2013.8597411622181,14817.990140572576,0.5574119,24.8705,117.2999,157.371,180.1298021347502,44.70408160150322,11979.764623778621
2456608.03867186,2013.8618444130323,14814.990664469206,0.5573201,24.872,116.5316,158.6894,180.16228584816145,44.49701130841322,11978.355722671999
2456608.26038639,2013.862451434333,14814.122393329546,0.5572935,24.8724,116.3097,159.0698,180.17197532254613,44.43698364010288,11977.948052589034
2456608.42281403,2013.8628961369752,14813.51854728075,0.5572778,24.8726,116.148,159.346,180.13722099293682,44.391390688919614,11977.633531550604
2456609.37158417,2013.8654937280494,14809.802765198463,0.5571632,24.8743,115.1996,160.9726,180.1893651716391,44.13445790222704,11975.896604145435
2456610.03717513,2013.8673160167832,14807.075927071137,0.5570819,24.8754,114.5344,162.1138,180.18563617408654,43.95443395801374,11974.59037268672
2456610.33502541,2013.868131486407,14806.14089038228,0.5570511,24.8761,114.2355,162.6299,180.2275206398508,43.878064893469286,11974.174643925491
2456610.50505251,2013.8685969952367,14805.420539187911,0.5570332,24.8763,114.0657,162.9207,180.1734588983436,43.83148171480957,11973.789906899618
2456611.0945042,2013.8702108260093,14803.063465554378,0.55709,24.8741,113.4814,163.93,178.2885395286903,43.6755026366273,11971.25594816502
2456611.37299304,2013.870973286899,14802.185395680508,0.5569335,24.8772,113.1963,164.4137,180.2161756152782,43.59961671632152,11972.274998794795
2456611.97495517,2013.8726213693908,14799.860077271585,0.5568649,24.878,112.5935,165.4483,180.20117532775203,43.438107019351264,11971.151859939218
2456612.24267153,2013.8733543368385,14798.868015017051,0.5568371,24.8779,112.3254,165.9072,180.17296625220024,43.36503873817372,11970.65637801627
2456613.01689411,2013.8754740427378,14795.64834968207,0.5567428,24.8795,111.5488,167.2398,180.1413596646953,43.157944614361554,11969.092895966542
2456613.27562384,2013.8761824061323,14794.514662851978,0.5567107,24.8797,111.2898,167.6831,180.11374873538898,43.0872337923804,11968.530021698492
2456614.056457,2013.878320210814,14791.16369646542,0.5566145,24.8814,110.5068,169.0274,180.05121113916812,42.87892410692069,11966.880329453805
2456614.27745353,2013.8789252663385,14790.332579251544,0.5565892,24.8817,110.2854,169.4074,180.0569012319902,42.81970411816309,11966.486936741045
2456615.30855514,2013.8817482686932,14786.157614465756,0.5564699,24.8834,109.2509,171.1831,179.96966535975844,42.54462327047872,11964.424200883279
2456615.97631623,2013.8835764989183,14783.48980281564,0.5563927,24.8839,108.5811,172.3316,179.92769600457905,42.365160389415166,11963.116169662084
2456616.3461958,2013.8845891739911,14781.976802119854,0.5563481,24.8845,108.2091,172.9715,179.91579401639683,42.268497363223446,11962.383139048543
2456617.01730912,2013.8864265821217,14779.204414468988,0.5562678,24.8851,107.5353,174.1272,179.87258908203603,42.08893043621413,11961.02386795731
2456617.38182836,2013.8874245814095,14777.760455355505,0.5562243,24.8856,107.1681,174.7583,179.87469050770778,41.99355069260554,11960.334170187269
2456617.63911476,2013.8881289931824,14776.80225821726,0.5561964,24.8857,106.9099,175.2,179.86173868494916,41.92346245434561,11959.865778014198
2456617.98265319,2013.8890695501434,14775.3517943599,0.556155,24.8865,106.5642,175.7942,179.82971716767042,41.833361948337256,11959.147464412377
2456618.36423763,2013.8901142714026,14773.901666014846,0.5561157,24.8871,106.1808,176.4498,179.76669928783394,41.729462295055384,11958.40617934913
2456619.02234801,2013.891916079425,14771.29148835434,0.5560352,24.8881,105.5186,177.5885,179.7971713689376,41.5573114070001,11957.178940946751
2456619.24270999,2013.8925193976459,14770.485128928469,0.5560126,24.8882,105.2967,177.9689,179.77298913161576,41.49861684751551,11956.774760774031
2456620.05830103,2013.8947523642169,14767.227519866843,0.5559174,24.8897,104.4767,179.3757,179.73249181401934,41.281548881946264,11955.184349667725
2456620.35735141,2013.8955711195351,14766.119146788948,0.5558848,24.8899,104.1766,179.8893,179.72165810000297,41.20029696735713,11954.64536181424
2456620.62381756,2013.8963006640925,14764.9896634448,0.5558524,24.8907,103.9088,180.3494,179.69842304381473,41.12996092668868,11954.087001855185
2456621.00754698,2013.8973512579876,14763.499999389016,0.5558063,24.891,103.5227,181.0109,179.7173896786053,41.02714712450074,11953.387463398343
2456621.30741718,2013.8981722578505,14762.40720922442,0.55577,24.8916,103.2199,181.5338,179.76785455376466,40.95168717379215,11952.901456965283
2456621.47898081,2013.89864197347,14761.756206576581,0.5557544,24.8919,103.0475,181.8292,179.7089430443375,40.90558955080195,11952.54570770576
2456621.98125534,2013.9000171261873,14759.920269295219,0.555694,24.8922,102.5418,182.696,179.78483516948108,40.77163457255949,11951.722472678708
2456622.34196865,2013.9010047054073,14758.660255322011,0.5556559,24.8927,102.1782,183.3224,179.78730835682927,40.678906053389824,11951.120516956873
2456623.0374336,2013.9029087846682,14756.197987103084,0.5555858,24.8932,101.4777,184.5216,179.72762348002652,40.49213751945496,11949.896097430015
2456623.52992036,2013.9042571399318,14754.44142496091,0.5555375,24.8941,100.9816,185.3735,179.65962184168802,40.362529624568424,11949.003617396998
2456623.97390699,2013.9054727090763,14752.927176847586,0.5554907,24.895,100.5337,186.1436,179.67703233149678,40.24712473251083,11948.290740425482
2456624.33498138,2013.9064612768789,14751.661064030433,0.5554571,24.8958,100.1703,186.7652,179.60988922117394,40.1494403235842,11947.63388627401
2456624.91626668,2013.9080527492956,14749.516299137298,0.555525,24.8864,99.585,187.7725,177.6549570590496,39.998510253572874,11945.152077777433
2456625.00996808,2013.908309289747,14749.345451961673,0.5553899,24.8968,99.4899,187.9349,179.5716563312244,39.97345569108006,11946.495345750565
2456625.26810612,2013.9090160331832,14748.416804246383,0.5553623,24.897,99.2299,188.3807,179.56582648146195,39.90482805403917,11946.045777761974
2456626.04975213,2013.9111560633269,14745.62403335432,0.5552847,24.8986,98.4416,189.7339,179.4683156803767,39.699317202293685,11944.634200899363
2456626.34196752,2013.9119561054615,14744.48429536297,0.5552531,24.899,98.1475,190.2375,179.4273824613647,39.62080203383516,11944.057238721556
2456626.72968074,2013.9130176064061,14743.006951527079,0.5552122,24.8992,97.7562,190.911,179.37332735443488,39.52086169382267,11943.308591180945
2456627.01706539,2013.9138044226968,14742.102927810176,0.5551909,24.9,97.4666,191.4062,179.28523542660878,39.443207829145535,11942.809573777013
2456627.29143244,2013.91455559874,14741.001045663776,0.5551584,24.9001,97.1891,191.886,179.2741907547461,39.37508445357071,11942.272894462476
2456627.46023815,2013.915017763586,14740.358193842829,0.5551463,24.9004,97.0191,192.1775,179.16658185629967,39.330205108971995,11941.884612820326
2456627.90851348,2013.9162450745514,14738.583559007113,0.5550905,24.9004,96.5661,192.9563,179.19954194607453,39.21417316152855,11941.057886452189
2456628.32368105,2013.9173817414098,14737.074145372704,0.5550477,24.9008,96.1468,193.6769,179.1587362541186,39.10627309242233,11940.303514854382
2456628.65852515,2013.9182984945921,14735.755301700416,0.5550144,24.9014,95.8093,194.2543,179.06261438034016,39.016141946805476,11939.599433592948
2456629.01242103,2013.9192674087067,14734.433677073413,0.5549747,24.9017,95.4512,194.8683,179.05946746969857,38.9232328656239,11938.963037265672
2456629.35399039,2013.9202025746474,14733.13739620831,0.5549428,24.9022,95.1055,195.4653,178.95257677176232,38.83787312693363,11938.261718479878
2456629.48609875,2013.920564267625,14732.585992166703,0.5549294,24.9027,94.9728,195.6907,178.90458708522965,38.80036365500234,11937.961515208106
2456629.95004948,2013.9218344954961,14730.731140604794,0.5548693,24.9035,94.503,196.4996,178.96436412921048,38.68218162139709,11937.115876982101
2456630.16898095,2013.9224338971937,14730.039723122796,0.5548555,24.9037,94.2814,196.8799,178.85986752963618,38.62509701024305,11936.70650539767
2456630.62295523,2013.9236768110336,14728.15585541022,0.5548016,24.9041,93.8222,197.6676,178.81512177926106,38.50614802786248,11935.769229927766
2456630.98442,2013.9246664476389,14726.596503633717,0.5547591,24.9049,93.4564,198.2954,178.7467812147297,38.41187884999454,11934.970115372047
2456631.35412097,2013.9256786337296,14725.124747376723,0.55472,24.9054,93.0824,198.9368,178.6672475119076,38.31489185730908,11934.204688760065
2456631.66663468,2013.9265342496367,14723.84103718972,0.5546816,24.9055,92.7659,199.4812,178.6610325356669,38.23477013082032,11933.583896650685
2456632.0222509,2013.927507873785,14722.41569156403,0.5546398,24.9062,92.4062,200.0987,178.641696878095,38.142065437327915,11932.885336507554
2456632.10879704,2013.9277448242021,14722.179914332297,0.5547674,24.9004,92.3158,200.2529,176.6581409259452,38.12056328722451,11931.300049602847
2456632.38628463,2013.9285045438187,14721.006802937436,0.5546011,24.9068,92.0383,200.7297,178.58393692085156,38.046364225234356,11932.166119981313
2456633.36352237,2013.9311800749347,14717.271349540122,0.5544924,24.9082,91.0494,202.429,178.51993748238056,37.79357302352679,11930.325153313188
2456633.57162348,2013.9317498247226,14716.45210638505,0.5544664,24.9086,90.8393,202.791,178.53758618531356,37.740363099846206,11929.944859005549
2456634.06011772,2013.9330872490627,14714.560337342175,0.5544146,24.909,90.3437,203.644,178.45695373874787,37.61629033741917,11928.976603620655
2456634.29093378,2013.9337191889936,14713.657058285291,0.5543888,24.909,90.1097,204.0465,178.43407813097838,37.557291962309705,11928.525843676809
2456634.90561677,2013.9354020993019,14711.123877386826,0.5543155,24.9096,89.4863,205.1163,178.3835897312092,37.39784425130239,11927.27175499113
2456635.31968346,2013.936535752115,14709.371528678039,0.554265,24.9101,89.0666,205.8372,178.3454183353051,37.290929238551996,11926.401737279028
2456635.63707115,2013.9374047122517,14708.094895350667,0.5542302,24.9109,88.746,206.386,178.28821988148775,37.206303589432025,11925.74607629591
2456636.01596119,2013.9384420566466,14706.633255551375,0.5541874,24.9115,88.3619,207.0451,178.2661089038229,37.1078596071755,11925.027509274101
2456636.34600998,2013.9393456809855,14705.301436996931,0.5541498,24.9117,88.0262,207.6239,178.22528674536898,37.025654845218185,11924.357398271268
2456636.8515212,2013.9407296952772,14703.217343729639,0.5540919,24.9128,87.5147,208.5,178.14740962953056,36.892009700171286,11923.298327639524
2456637.16968544,2013.9416007814925,14701.871425892205,0.5540563,24.9128,87.1909,209.0581,178.07064058664582,36.81271866269822,11922.594708752533
2456637.61135622,2013.9428100101854,14700.107546418789,0.5540107,24.9135,86.7429,209.8272,177.9543745520332,36.698496333265325,11921.660935803231
2456637.97294296,2013.9437999807255,14698.626649657204,0.553968,24.9144,86.3764,210.4559,177.92154179990212,36.604306938826085,11920.92491609164
2456638.1942526,2013.9444058934976,14697.751254129178,0.5539416,24.9145,86.1515,210.8421,177.91910801485392,36.54747834090017,11920.502386883694
2456639.00193176,2013.9466171985216,14694.464973001255,0.5538527,24.9155,85.3324,212.2495,177.75957264908357,36.33970853224389,11918.804638997488
2456639.21585277,2013.9472028823272,14693.63366637567,0.5538276,24.9157,85.1154,212.6228,177.7574976476326,36.2851623621948,11918.403487275598
2456639.66288051,2013.9484267775772,14692.592759406594,0.5538012,24.9159,84.6611,213.4032,177.68095813591117,36.170660072189094,11917.846414902728
2456640.03014531,2013.9494322937985,14690.329921749168,0.5537358,24.9167,84.2886,214.0431,177.6320302654549,36.07607423257679,11916.722291405187
2456640.2446384,2013.9500195438745,14689.458090532473,0.5537117,24.9168,84.0704,214.4181,177.59697914498247,36.02146420518932,11916.277162267867
2456640.69887168,2013.9512631668174,14687.610358134116,0.5536629,24.9173,83.6087,215.2107,177.48911317954298,35.904659945722074,11915.308860274943
2456641.05770391,2013.9522455959204,14686.108802098766,0.5536216,24.9178,83.2441,215.8372,177.42544930676286,35.812885468652155,11914.539682987861
2456641.26968936,2013.9528259804522,14685.158869977799,0.5535954,24.9179,83.0281,216.2081,177.386171288892,35.758847037206294,11914.053791579187
2456641.7199275,2013.9540586652977,14683.212081543716,0.5535429,24.9184,82.57,216.994,177.28798461097176,35.642880492811514,11913.044857718032
2456641.92309694,2013.9546149129087,14682.372215889574,0.5535187,24.9187,82.363,217.3487,177.26833403425735,35.59033135284989,11912.626373166358
2456642.34511267,2013.9557703290081,14680.490717313165,0.553471,24.9194,81.9338,218.0858,177.12853951112993,35.48228155708006,11911.617950732554
2456642.58966227,2013.9564398693228,14679.464285665563,0.5534416,24.92,81.6861,218.5104,177.1017842639567,35.41814704378976,11911.104418409535
2456642.94874366,2013.9574229805887,14677.948415147293,0.5534046,24.92,81.3189,219.1416,176.96794364207108,35.328226988087295,11910.276193547934
2456643.31910204,2013.9584369665708,14676.368513662572,0.5533586,24.9209,80.9417,219.7896,176.93747985816935,35.233992034470816,11909.493592785178
2456643.97875687,2013.9602430030668,14673.603371887608,0.5532859,24.9221,80.2701,220.9414,176.76922402973833,35.064018895957474,11908.038747109627
2456644.13773653,2013.9606782656538,14672.93115456423,0.5532661,24.9222,80.1079,221.2205,176.75945910998144,35.02422436463951,11907.708073964593
2456644.58046332,2013.9618903855442,14670.954362556417,0.5532108,24.9229,79.6569,221.9942,176.68766288309143,34.91056120409024,11906.703746962196
2456645.03480065,2013.963134293361,14669.022584522216,0.5531544,24.924,79.1958,222.7844,176.6518981943791,34.791854390058745,11905.747639437599
2456645.03734743,2013.963141266064,14669.022444432272,0.5531543,24.9241,79.1933,222.788,176.65330249804992,34.79044421693891,11905.748610220246
2456645.70729481,2013.9649754820264,14666.087873907829,0.5530751,24.9247,78.5093,223.9622,176.50355643746843,34.62032647054036,11904.22549279531
2456646.44033988,2013.9669824500481,14662.841711059544,0.5530443,24.9109,77.724,225.2762,175.50438095581558,34.426517982688495,11901.924436463227
2456646.62583113,2013.9674902974127,14661.965796885695,0.5529643,24.9255,77.5717,225.5765,176.28584338685505,34.39169293145591,11902.080296308177
2456646.99008508,2013.9684875703758,14660.378741888058,0.552917,24.926,77.2004,226.2138,176.2698090595386,34.29867466467368,11901.304365004491
2456647.20722426,2013.9690820650517,14659.405472170594,0.5528961,24.9261,76.9787,226.595,176.14105828881384,34.24415658143619,11900.740632663958
2456648.017904,2013.9713015852153,14655.908884911985,0.5527984,24.927,76.1515,228.0161,176.00960278685488,34.03902932248934,11898.959830337375
2456648.27417758,2013.9720032240386,14654.815011809571,0.5527702,24.9274,75.8898,228.4656,175.93368676859245,33.97423934606246,11898.376974177714
2456648.67314454,2013.9730955360433,14653.181989531742,0.5527244,24.9276,75.4819,229.1668,175.8744662770032,33.87430702440929,11897.546762675674
2456649.03955248,2013.9740987063108,14651.653040541749,0.5526794,24.9281,75.1076,229.8092,175.84992908695858,33.78126572814932,11896.79223389818
2456650.05520966,2013.9768794241204,14647.552841074823,0.5525647,24.9293,74.0695,231.5921,175.69589971216556,33.525007316661345,11894.703405493587
2456650.27031358,2013.9774683465573,14646.67424404838,0.5525397,24.9295,73.849,231.9707,175.6689512441617,33.47109523937161,11894.260233245463
2456650.92166057,2013.9792516374264,14644.09974422911,0.5524677,24.9306,73.1835,233.113,175.57133996426546,33.305910526526134,11892.947774101389
2456651.11619565,2013.979784245448,14643.304393940993,0.5524465,24.9308,72.9844,233.4554,175.52583307367058,33.25747163876156,11892.530953392139
2456651.85365015,2013.9818032858313,14640.535379551697,0.5523716,24.9321,72.231,234.7478,175.38312709211914,33.06961710072494,11891.091300338747
2456652.10411409,2013.9824890187272,14639.415659409491,0.5523391,24.9321,71.9743,235.1903,175.35768956534685,33.00855325822516,11890.532906103366
2456652.4835688,2013.9835279091037,14637.881280852107,0.5522966,24.933,71.5866,235.8566,175.292918233843,32.91315272264757,11889.745611339955
2456652.89316854,2013.9846493320745,14636.288754101732,0.5522528,24.9334,71.1672,236.576,175.22100804053935,32.80944045318586,11888.924973845988
2456653.56704311,2013.9864943000953,14633.488223883664,0.552177,24.9342,70.4772,237.7615,175.07629688425368,32.640751965703316,11887.468258282886
2456653.91019486,2013.9874337983842,14632.29437586702,0.5521473,24.9347,70.1264,238.363,174.97624342685958,32.55323258167715,11886.818931402171
2456654.25554641,2013.988379319398,14630.971965744631,0.5521113,24.935,69.7729,238.9688,174.91071347380785,32.46514501673704,11886.133054739348
2456654.58394679,2013.9892784306367,14629.622342132161,0.5520748,24.9353,69.4356,239.5505,174.8402135240167,32.385864970762555,11885.430357519539
2456654.80141418,2013.9898738239017,14628.922910848587,0.5520565,24.9358,69.2133,239.9316,174.79462991570472,32.33032339540273,11885.059505779047
2456655.21478397,2013.9910055687058,14627.329977797259,0.5520157,24.9362,68.7907,240.658,174.67788097252014,32.226695265904766,11884.205334047245
2456655.60307687,2013.9920686567284,14625.889511275183,0.5519792,24.9364,68.3913,241.3443,174.56641955311625,32.13088357773722,11883.428540711979
2456655.96765454,2013.9930668159896,14624.432219450207,0.5519408,24.9366,68.0176,241.9863,174.47510070108456,32.039846243741806,11882.6584437544
2456656.28326998,2013.9939309239699,14623.086922991986,0.5519078,24.9371,67.6951,242.5385,174.35489011471054,31.95846737085094,11881.921029171857
2456656.69043372,2013.9950456775364,14621.586834433934,0.5518662,24.9374,67.2775,243.2563,174.29097014484978,31.85735608693892,11881.150407594381
2456656.98768359,2013.9958595033265,14620.304730075333,0.5518345,24.9375,66.9717,243.7839,174.17987950657698,31.78617880242882,11880.450128351384
2456657.2012303,2013.996444162355,14619.456407504618,0.5518129,24.9377,66.7521,244.1611,174.11547085591246,31.733301552239084,11879.993466092576
2456658.0068661,2013.9986498729631,14616.072875469383,0.5517243,24.9385,65.9254,245.5816,173.89399950205097,31.533045733277902,11878.198040136376
2456658.37131421,2013.9996476775082,14614.586422065206,0.551688,24.939,65.5514,246.2224,173.75816804889655,31.440636097032495,11877.380822182951
2456658.66199432,2014.0004435162762,14613.386453963514,0.5516531,24.9393,65.2526,246.7378,173.73021513653384,31.370734140575564,11876.781257053304
2456659.02585671,2014.0014397172074,14611.760349682545,0.5516091,24.9394,64.8775,247.3816,173.64407377847147,31.280801805300825,11875.933177742514
2456659.23542174,2014.0020134749898,14610.77773126853,0.5515842,24.9396,64.6618,247.7523,173.56728498896337,31.22924900371163,11875.402461679922
2456659.67966133,2014.0032297367004,14608.843771845655,0.551532,24.9404,64.206,248.5364,173.4626486720772,31.119694787841468,11874.392110804734
2456660.04423032,2014.0042278721971,14607.211405853468,0.5514838,24.9405,63.8305,249.181,173.43465235005533,31.02946600900981,11873.583674737369
2456660.43136949,2014.0052878014785,14605.55409607393,0.5514433,24.9412,63.4328,249.8645,173.28284700640597,30.933691467771325,11872.67199453539
2456661.10899326,2014.007143034251,14602.395673097699,0.5513537,24.9422,62.7363,251.0617,173.1744898712932,30.7665076696278,11871.0676126478
2456661.77675977,2014.008971279315,14599.573551464075,0.551273,24.9428,62.0491,252.2402,173.0865410278193,30.599639446636104,11869.640406939809
2456662.11322663,2014.0098924753725,14598.101313449964,0.5512344,24.9433,61.7017,252.8391,172.98939479116143,30.519508865912258,11868.85807681127
2456662.51776219,2014.011000033375,14596.400709043392,0.5511869,24.9438,61.2851,253.5553,172.91955106796195,30.420387985021932,11867.985517902349
2456662.85529402,2014.0119241451607,14595.017089679835,0.5511482,24.9441,60.9384,254.1492,172.86339173355555,30.334907742178245,11867.27604529042
2456663.33608059,2014.0132404670494,14592.897413303655,0.5512376,24.9502,60.4231,255.0146,170.6073661479404,30.211131862212426,11864.592732768451
2456663.53341734,2014.013780745626,14592.174196991107,0.5510667,24.9448,60.24,255.3511,172.7766164300674,30.17003157463421,11865.839226184302
2456664.05776567,2014.0152163331147,14590.022006576293,0.5510099,24.9453,59.7005,256.2756,172.6391397348898,30.038220078730888,11864.69858797683
2456664.14518792,2014.0154556821901,14589.687031229663,0.5509925,24.9454,59.6105,256.4325,172.7425996748534,30.01895441153954,11864.612859077828
2456664.89817568,2014.0175172503218,14586.629685559476,0.5509086,24.9458,58.8347,257.7655,172.5936467694646,29.833989884111475,11863.026382465152
2456665.17572037,2014.0182771262694,14585.108823791172,0.5508732,24.9462,58.5499,258.2572,172.42695368109344,29.767334543005745,11862.16905860505
2456665.49029903,2014.0191383957022,14583.431663424373,0.5508206,24.9464,58.2248,258.8115,172.44078451796213,29.6864775472298,11861.368870594897
2456666.14166161,2014.0209217292538,14581.220829650461,0.5507464,24.9466,57.552,259.9684,172.52965011545712,29.528577468594108,11860.365856837072
2456666.85314186,2014.0228696560166,14578.474387378456,0.5506865,24.9471,56.8195,261.2262,172.16905165336993,29.352623833983102,11858.773585606175
2456667.15561368,2014.0236977787267,14576.981595680887,0.5506348,24.9471,56.5061,261.7659,172.25195013946086,29.280799658410672,11858.112990997688
2456667.93967475,2014.0258444209444,14573.991192220787,0.5505599,24.9475,55.6978,263.1551,171.9997588308297,29.088908459988602,11856.48224067394
2456668.29249663,2014.0268103946064,14572.506634531632,0.550511,24.9478,55.3336,263.7787,172.045134648989,29.00055794169316,11855.797893649098
2456668.60666529,2014.0276705415195,14571.234139666283,0.5504677,24.9479,55.009,264.3391,172.10409664270537,28.92670505301595,11855.225989177074
2456668.94945464,2014.0286090476113,14569.759570998773,0.5504301,24.948,54.6548,264.9469,171.98905335796098,28.84244285992179,11854.428557752535
2456669.18134736,2014.029243935277,14568.813094249408,0.5503978,24.948,54.4139,265.3613,172.0341185633406,28.78738330030137,11854.004000721745
2456669.68906725,2014.030633996578,14566.58852405676,0.5503399,24.9484,53.8903,266.2583,171.87735238621553,28.660361231917307,11852.813182782436
2456669.98180041,2014.0314354562902,14565.295123421256,0.5503056,24.9485,53.5869,266.7818,171.79535134984872,28.591935735557854,11852.127494426999
2456670.62960828,2014.033209057577,14562.391435328493,0.5503494,24.9492,52.9104,267.9372,169.85174633031784,28.43233927225441,11849.296454140265
2456670.99498505,2014.0342094046546,14560.821835228951,0.5501897,24.9491,52.5386,268.5817,171.47133795088484,28.34491432438017,11849.726112079721
2456672.00765601,2014.036981946639,14556.362855498928,0.5500687,24.9498,51.4892,270.383,171.2269628463455,28.09869920998716,11847.389720119061
2456672.65934446,2014.0387661723748,14553.347362995684,0.5499968,24.9503,50.8157,271.5423,170.9165840596197,27.94217794508387,11845.70301677367
2456673.01982424,2014.0397531122242,14551.829923742816,0.5499479,24.9505,50.44,272.1855,170.94531602329334,27.85437959928629,11844.989816112207
2456673.73627155,2014.041714638056,14548.756432896387,0.5498629,24.9509,49.6988,273.4565,170.79872931032332,27.678030299846455,11843.39491596484
2456674.03117182,2014.0425220309928,14547.450188858931,0.5498337,24.9509,49.3932,273.9855,170.6355259529264,27.61076884258614,11842.643037174534
2456674.40806831,2014.0435539173443,14545.798293892021,0.5497965,24.9511,49.0027,274.6562,170.43300220421588,27.51948975605376,11841.695001968008
2456675.04254866,2014.0452910298704,14543.150721584423,0.5497067,24.9516,48.3435,275.7882,170.5470308196309,27.36692924663123,11840.496975256305
2456675.69541201,2014.0470784723066,14540.30973818444,0.5496246,24.9519,47.668,276.9496,170.46151445871237,27.209349969655193,11839.05885806936
2456676.05438002,2014.0480612731558,14538.657090227372,0.5495779,24.9521,47.2933,277.5926,170.39615776010305,27.123841663941448,11838.210760257363
2456676.70123416,2014.0498322632718,14535.764271630665,0.5494951,24.9524,46.6231,278.7454,170.29672961454526,26.96888522218569,11836.737067357622
2456677.04611885,2014.0507765060913,14534.278007912557,0.5494535,24.9526,46.2637,279.3611,170.23178649197416,26.88525780709142,11835.969694920866
2456677.09559983,2014.0509119776323,14534.088528724396,0.5494484,24.9526,46.2133,279.4493,170.22054115842366,26.874288052418137,11835.869689110006
2456677.71703838,2014.052613383655,14531.310607385698,0.549365,24.9526,45.5683,280.5581,170.18085555925427,26.725581884206747,11834.495118912844
2456678.11511473,2014.053703257303,14529.576177192635,0.5493166,24.9529,45.1543,281.2694,170.10249209617905,26.630527370988318,11833.597556722432
2456678.84013277,2014.055688248515,14526.539264178737,0.5492297,24.9533,44.3998,282.5639,169.99616207562758,26.455930534575373,11832.048422148417
2456679.38894352,2014.0571908104585,14524.099412593123,0.5491562,24.9533,43.8291,283.5443,169.9638707512513,26.324708234997672,11830.842597126806
2456679.43951977,2014.0573292806844,14523.862671559156,0.5491511,24.9532,43.7762,283.6363,169.9312092235068,26.313958953615497,11830.703973728343
2456680.12358286,2014.0592021433538,14520.717549337412,0.5490596,24.9534,43.0647,284.86,169.84187998523248,26.15192839261863,11829.114456004678
2456682.75001139,2014.0663929127722,14509.166273222349,0.5487132,24.9533,40.328,289.5624,169.65891811043912,25.528951401979384,11823.380743582105
2456683.14130957,2014.0674642288022,14507.360792210915,0.5486698,24.9536,39.92,290.2633,169.47374782071074,25.43617763115742,11822.369802568755
2456683.54389944,2014.0685664597952,14505.660957497363,0.548615,24.9535,39.4999,290.9858,169.5014712999473,25.341774473718715,11821.565674164749
2456683.82847611,2014.0693455882547,14504.440184916928,0.5485785,24.9534,39.2024,291.4931,169.47984493547756,25.27108822832929,11820.957763550543
2456684.17099083,2014.0702833424498,14502.917099242899,0.5485323,24.9533,38.8449,292.1092,169.46232608586342,25.192096718040432,11820.206175959293
2456684.55022995,2014.0713216425731,14501.174385974819,0.5484817,24.9533,38.449,292.7909,169.40930675889467,25.10410867363271,11819.32204532947
2456685.14875603,2014.0729603176728,14498.505165059752,0.5484745,24.9667,37.7732,293.9261,168.30849390618732,24.9735856377672,11817.222751637515
2456685.23046672,2014.0731840293502,14498.320192549034,0.5484022,24.953,37.738,294.0085,169.27320265072103,24.94024943390633,11817.8378852298
2456685.56996701,2014.074113530486,14496.665711920376,0.5483512,24.9529,37.3833,294.621,169.2653727899824,24.86342902499422,11817.029404107032
2456686.57501014,2014.0768651886103,14491.915217246495,0.5482162,24.9525,36.3325,296.4262,169.07622612544583,24.627232100243987,11814.585931629073
2456687.3586829,2014.079010767694,14488.293767715097,0.548219,24.9646,35.4655,297.8815,167.3995466720935,24.443123630191906,11811.60390738906
2456687.56636809,2014.0795793787543,14486.983904317647,0.5480765,24.9524,35.2945,298.2106,168.87217048289676,24.396523648471543,11812.043315690367
2456687.90836574,2014.0805157172895,14485.395331568237,0.5480314,24.9523,34.9356,298.8262,168.80754845543288,24.31614177579445,11811.224939822545
2456687.96096199,2014.0806597179742,14484.992623314876,0.5481853,24.9534,34.8851,298.9125,166.39629660522405,24.30010152930589,11809.269101370142
2456688.12511887,2014.0811091550165,14484.336835200367,0.547998,24.9523,34.7085,299.2171,168.81291818423688,24.266304194015447,11810.714956654461
2456688.57824348,2014.0823497425874,14482.0354843747,0.5479307,24.952,34.2344,300.0317,168.7473439964324,24.160192668519983,11809.549694268113
2456688.92885295,2014.0833096590013,14480.255965494505,0.5478804,24.952,33.8666,300.6638,168.67123501698916,24.07892275953452,11808.630037889952
2456689.12705108,2014.0838522959073,14479.336025748986,0.5478563,24.952,33.6585,301.0212,168.60426422544242,24.032873473401537,11808.134430841834
2456689.5684651,2014.0850608216294,14477.06700473507,0.5477883,24.9518,33.1963,301.8162,168.56278122515414,23.93060421341869,11807.002192953087
2456689.86667035,2014.0858772631077,14475.707656605593,0.5477483,24.9517,32.8832,302.35,168.52709640289595,23.85738528123727,11806.315920549143
2456690.571485,2014.0878069404523,14472.085603395111,0.547639,24.9514,32.1437,303.6249,168.4708156374163,23.69810143717831,11804.515401939601
2456691.28672698,2014.0897651662697,14468.74300042976,0.5475394,24.9512,31.3929,304.9109,168.3998392202493,23.528340142911816,11802.839639359874
2456691.58964878,2014.0905945209581,14467.195360326767,0.5474878,24.951,31.0749,305.4601,168.4461003312581,23.46097245508298,11802.121341017979
2456692.59276914,2014.0933409148251,14462.210372440319,0.5473389,24.9507,30.0209,307.2708,168.34375562024434,23.22897066292103,11799.624061084076
2456693.58635307,2014.0960611993705,14457.545733175806,0.5471948,24.9503,28.9765,309.0642,168.31558721981764,22.998668226593054,11797.335973653066
2456693.94084808,2014.0970317538124,14455.781367377529,0.5471451,24.95,28.6031,309.7063,168.2351255456133,22.917968627539153,11796.419538290664
2456694.58461288,2014.0987942857766,14452.468242206733,0.547042,24.9498,27.9251,310.8699,168.22481005347709,22.7690571204256,11794.800983140922
2456695.17424626,2014.1004086139903,14449.371161989824,0.54708,24.947,27.3127,311.924,166.27288668843084,22.62959896348417,11791.87361500447
2456695.2967406,2014.1007439852153,14448.806729916445,0.5469337,24.9495,27.1751,312.1545,168.1311045383436,22.601765322472545,11792.951994707422
2456695.58778487,2014.1015408209994,14447.359064998529,0.546894,24.9494,26.8685,312.6845,168.04877650522303,22.538304440185243,11792.187912315872
2456696.37922405,2014.1037076633809,14443.278580709495,0.5467654,24.9493,26.034,314.1155,168.05729021643583,22.354741182890848,11790.209041265078
2456696.58728287,2014.1042772973854,14441.585848163915,0.5467271,24.9489,25.8152,314.4947,167.843197996217,22.310072941307965,11789.229678300975
2456696.91322752,2014.1051696852019,14440.646675355614,0.5466875,24.949,25.4707,315.0809,167.98934602214194,22.230513327357812,11788.87902045506
2456697.29247204,2014.106208000109,14438.440002798097,0.5466213,24.9487,25.0709,315.7656,167.9448584965976,22.14161996075711,11787.772842922917
2456697.58400959,2014.1070061864204,14436.90720259211,0.5465724,24.9488,24.7629,316.2981,167.95588429405507,22.07877288861465,11787.034894189701
2456697.90199905,2014.107876794113,14435.015016352843,0.5465187,24.9483,24.4278,316.8699,167.87307513520773,22.00205411927425,11786.053723907424
2456698.12711312,2014.108493122848,14433.832770015539,0.5464853,24.9481,24.1902,317.2796,167.8190385437665,21.95227577478653,11785.438975781657
2456698.58501911,2014.109746801122,14431.437456652417,0.5464107,24.9481,23.7063,318.1117,167.80931395674907,21.849151596119327,11784.26588481557
2456698.9704293,2014.1108019967141,14429.204590106989,0.546506,24.9624,23.2924,318.8164,165.42140638597812,21.760081182885187,11781.442817353187
2456699.58346021,2014.1124803838738,14425.80632422849,0.5462439,24.9478,22.6515,319.9226,167.66131703725478,21.62116180544598,11781.416564531799
2456699.89475381,2014.113332659302,14423.991702077548,0.54619,24.9474,22.3223,320.4843,167.61537431981287,21.546842651317206,11780.499491744624
2456700.13231362,2014.1139830626141,14422.644528446086,0.5461491,24.9473,22.0712,320.9174,167.59389961533088,21.49469745889138,11779.827786550446
2456700.59399194,2014.1152470689663,14420.088202025128,0.5460716,24.9473,21.5825,321.7555,167.55126540414312,21.38905517216267,11778.551704275718
2456700.91152468,2014.1161164262285,14418.394089430434,0.5460256,24.9471,21.2466,322.3307,167.44550571272794,21.315386557722434,11777.649650877605
2456701.57664954,2014.1179374388503,14414.648256739081,0.5459127,24.9471,20.5415,323.5436,167.37240735235537,21.16762201386041,11775.771648100992
2456701.79475177,2014.1185345702118,14413.343597859866,0.545874,24.9467,20.3107,323.9385,167.33777472171005,21.116754723748954,11775.11080940892
2456702.57260541,2014.1206642174132,14408.590554596141,0.545734,24.9464,19.4858,325.3562,167.1964968741695,20.94288173129405,11772.691992671107
2456702.92515009,2014.121629432142,14406.876304964171,0.5456708,24.9461,19.1117,325.9946,167.3282861333273,20.8597044288486,11771.95209328531
2456703.11249249,2014.12214234768,14405.561182106481,0.5456358,24.946,18.9134,326.3354,167.23498205886517,20.81755483522528,11771.243339310828
2456703.56813853,2014.123389838549,14402.981733672024,0.5455645,24.9459,18.4294,327.1703,167.0899056321132,20.719358122370295,11769.880628640098
2456704.35734582,2014.1255505703489,14399.5186367102,0.5454526,24.9456,17.5911,328.6082,167.1274575681664,20.54109467439298,11768.219376503434
2456704.58448929,2014.1261724552776,14398.191018592779,0.5454099,24.9452,17.3503,329.0209,167.13879496119353,20.48911610007093,11767.580211741673
2456705.5574151,2014.1288361809713,14392.197718781548,0.5452271,24.945,16.3156,330.7982,167.0451939436698,20.272774850285657,11764.589282027055
2456706.05166399,2014.1301893606849,14389.39447405746,0.5451414,24.9446,15.7902,331.6957,167.00352531751287,20.15773015346292,11763.191565970339
2456706.34779534,2014.1310001241347,14387.607581859551,0.5450868,24.9447,15.4747,332.2416,166.97630540799037,20.096255311474977,11762.300032639077
2456706.5511106,2014.1315567709792,14386.336196639482,0.5450485,24.9446,15.2583,332.6134,166.9489321654264,20.05126244751898,11761.659853255664
2456706.90274639,2014.1325194973035,14384.300769319318,0.5449832,24.9441,14.8839,333.2536,166.96220629321397,19.970480970757478,11760.676237410746
2456707.56432277,2014.1343307947163,14380.443733355689,0.5448643,24.9438,14.1792,334.4653,166.91702489145518,19.82541390215249,11758.761094326755
2456707.74797854,2014.1348336168107,14379.23302696269,0.5448153,24.9438,13.9834,334.7971,167.07057160810382,19.78039794811974,11758.281314097698
2456708.53667404,2014.1369929474056,14374.764927130731,0.5446637,24.9435,13.142,336.2415,167.21597528947677,19.606038933975526,11756.205251522175
2456708.92092218,2014.138044961479,14371.631191417739,0.5447025,24.9414,12.7401,336.94,165.23145237451808,19.523913867592853,11753.238742282254
2456709.08075569,2014.13848256178,14370.381847958724,0.5445486,24.9429,12.5618,337.2376,166.87423118738752,19.485677759232317,11753.81763094123
2456709.52855692,2014.1397085747299,14367.567191024773,0.5444603,24.9428,12.0837,338.0598,166.86094792926724,19.38841309720999,11752.433359814377
2456709.75708745,2014.1403342572212,14366.097332572252,0.5444093,24.9425,11.8397,338.477,166.9240400147246,19.336367400401855,11751.761046114545
2456710.31975432,2014.1418747551545,14362.641514924193,0.5443043,24.9424,11.2386,339.5094,166.85767899244092,19.213088144364974,11750.024830949731
2456710.73484799,2014.1430112196847,14359.935255579881,0.5442195,24.9419,10.7954,340.2688,166.84217075582637,19.12016091348073,11748.691356705456
2456711.21772069,2014.1443332530873,14356.88627021397,0.5441221,24.9415,10.2793,341.1507,166.8508634039763,19.010028888525653,11747.207697583823
2456711.5031677,2014.145114764408,14355.227664696169,0.5440658,24.9416,9.9735,341.679,166.90294112111496,18.951184813119482,11746.434724641542
2456712.0519022,2014.146617117591,14351.77275136628,0.5439588,24.9409,9.3863,342.6843,166.8633676603804,18.828437667257276,11744.7173693117
2456712.50019904,2014.1478444874467,14348.80816765578,0.5438668,24.9406,8.9063,343.5097,166.8314856989673,18.731984519163063,11743.245007419624
2456712.99089172,2014.1491879307875,14345.659426652815,0.5437664,24.9402,8.3805,344.4075,166.83554459575043,18.620344916466365,11741.708329543617
2456713.18347589,2014.149715197509,14344.465224992915,0.5437289,24.94,8.1742,344.7614,166.82862711926555,18.578128896725673,11741.119348995568
2456713.69073093,2014.1511039861186,14341.28334562522,0.5436278,24.9396,7.6302,345.6983,166.826731266342,18.471064997282554,11739.561804838808
2456714.01593547,2014.1519943476246,14339.279224035909,0.5435699,24.9391,7.2814,346.2948,166.7423501546309,18.39823485514495,11738.520596329783
2456714.47279881,2014.1532451712797,14336.262789007602,0.5434802,24.9388,6.7912,347.1382,166.6515211851929,18.301138339343197,11736.979399158668
2456715.03560108,2014.1547860399178,14332.842559367953,0.5433709,24.9384,6.1868,348.1737,166.65669832588537,18.177525629638012,11735.309676065292
2456715.36065183,2014.1556759803702,14330.67662803781,0.5433083,24.9377,5.8381,348.7682,166.56477140885545,18.10294706673227,11734.18345314384
2456715.68265984,2014.156557590254,14328.549107139082,0.5432375,24.9374,5.4918,349.3651,166.60761154961438,18.036167508621702,11733.17312682342
2456715.953879,2014.1573001478444,14326.733406763913,0.5431889,24.9372,5.2007,349.8621,166.47454695057058,17.974746776030145,11732.188454666793
2456716.38640608,2014.15848434245,14323.573813169302,0.5430935,24.9369,4.7355,350.6646,166.39767846683935,17.885736717996394,11730.586354024372
2456716.65264611,2014.159213267926,14322.199366919325,0.5430227,24.9366,4.4489,351.1522,166.78369675650265,17.82432354668356,11730.191727013578
2456717.00496936,2014.160177876413,14319.903062056375,0.5429666,24.9365,4.0697,351.8069,166.5376841220368,17.752564491327064,11728.890046601464
2456717.34648076,2014.1611128836682,14317.14853756584,0.5428933,24.9357,3.7026,352.4333,166.3282214165465,17.675261879466007,11727.390226955746
2456717.6383841,2014.1619120714581,14314.40162492332,0.5428015,24.9354,3.3877,352.9784,166.3866513125031,17.617754275105483,11726.087001887288
2456717.99214362,2014.1628806122376,14311.622724986355,0.542725,24.9351,3.0066,353.6321,166.21098156813514,17.541679594442485,11724.59927048538
2456718.22892477,2014.1635288836958,14309.940310430089,0.5426733,24.9345,2.7514,354.0708,166.1814793659678,17.491801869495646,11723.753838151652
2456718.6234744,2014.1646091017112,14307.02275425598,0.5425832,24.9341,2.3263,354.8016,166.13626577895593,17.408623383959423,11722.291852300781
2456718.93322822,2014.1654571614506,14304.828562140852,0.5425132,24.9336,1.9926,355.3708,166.13394344241897,17.338821877757027,11721.215013919267
2456719.60757932,2014.1673034341416,14300.062657554043,0.5423631,24.9327,1.265,356.6236,166.10004440879402,17.199363709039744,11718.8548619153
2456720.39002407,2014.1694456511161,14294.64960733546,0.542194,24.9313,0.4204,358.0737,166.04005813581807,17.033665598197388,11716.158074300183
2456720.59109263,2014.1699961468305,14293.275955631594,0.5421509,24.9311,0.2033,358.4467,166.0272323375657,16.991387141036682,11715.475326257403
2456720.91940586,2014.170895019466,14290.960571803687,0.5420695,24.9324,359.8489,359.0525,166.13042012634833,16.919192992301078,11714.414151678913
2456721.37359385,2014.172138518412,14287.939648164678,0.5419742,24.9318,359.3572,359.8975,166.10868770234538,16.82483337160329,11712.916945455074
2456721.58618745,2014.1727205679676,14286.313189782491,0.541926,24.9313,359.1273,0.2926,166.0523280964244,16.780495531615202,11712.078652759235
2456722.35817954,2014.1748341671182,14281.002710026369,0.5417545,24.931,358.2924,1.7262,166.06892735738802,16.61829983746304,11709.48531976312
2456722.56782319,2014.17540814015,14279.140984070122,0.5416965,24.9308,358.0656,2.1161,166.04398999278055,16.574769546011282,11708.553883791017
2456723.52856953,2014.1780385202744,14272.535091813805,0.5414614,24.9309,357.0277,3.8967,166.371959451174,16.370532701210436,11705.547243580872
2456723.53793227,2014.1780641540595,14272.485326350527,0.5414857,24.9305,357.015,3.9199,166.0023186718836,16.371804538605602,11705.257393575443
2456724.32780812,2014.1802267162761,14267.355289842217,0.5413223,24.9302,356.159,5.3895,165.98140942766076,16.2068821406275,11702.723798122723
2456724.52458919,2014.1807654734835,14265.63846243198,0.5412698,24.93,355.9454,5.7558,165.94288499911454,16.16562954599391,11701.853121177039
2456725.30773035,2014.1829095971257,14260.363933950288,0.5410999,24.9299,355.0952,7.2142,165.9461353261804,16.001945034732557,11699.264978290235
2456725.50757713,2014.1834567477895,14258.62758364809,0.5410463,24.9296,354.8779,7.587,165.9135864373511,15.960470795789718,11698.388697641078
2456725.79215992,2014.184235893005,14256.614678649721,0.5409855,24.9292,354.5691,8.1129,165.85655841306198,15.89707851818389,11697.35891874115
2456726.11782429,2014.1851275134563,14254.271955937369,0.5409084,24.9295,354.2152,8.7226,165.88021908641713,15.83189515569876,11696.224846879952
2456726.48351514,2014.1861287204383,14251.561392066636,0.5408252,24.9292,353.8177,9.4062,165.82155188991874,15.757560642166993,11694.850837058339
2456726.68580047,2014.1866825474879,14250.133958703927,0.5407809,24.9293,353.5978,9.7833,165.79739139545472,15.715382904365867,11694.132014214669
2456727.2659499,2014.188270910061,14246.162469174498,0.5406561,24.9288,352.9661,10.8667,165.7515286242442,15.595272378024504,11692.147103331457
2456727.6944098,2014.1894439693367,14243.113475461796,0.5405587,24.9287,352.4999,11.6645,165.73827121368595,15.504571038789777,11690.638703188735
2456728.65159634,2014.1920646032577,14236.034339719072,0.5403456,24.9277,351.457,13.4531,165.5195228029661,15.306842827218077,11687.00098595162
2456728.94719204,2014.1928739001773,14233.694715939366,0.5402771,24.9279,351.1351,14.0012,165.41911252632235,15.241695936125211,11685.77835356424
2456729.22517515,2014.193634976455,14231.842152433372,0.540216,24.9273,350.831,14.5264,165.4370122144246,15.188808476185102,11684.879885977727
2456729.62684639,2014.1947346923746,14228.752856723642,0.5401154,24.9275,350.3919,15.2789,165.44801601320887,15.106310745122016,11683.367922552152
2456730.09713744,2014.1960222790965,14225.03119744107,0.5400004,24.9273,349.8792,16.1551,165.37236081041283,15.006279525260425,11681.482517452785
2456730.6028634,2014.1974068813136,14221.305210772074,0.5398802,24.9268,349.3262,17.1067,165.36780931940393,14.906422727118468,11679.645498076781
2456730.88679801,2014.1981842519103,14218.887751490858,0.5398094,24.9268,349.0168,17.6342,165.2621856912292,14.844669312320718,11678.380008273605
2456731.57580321,2014.2000706453389,14213.697545639165,0.5396441,24.9259,348.2625,18.9319,165.223225950509,14.708967678002068,11675.79685478062
2456732.34189248,2014.2021680834496,14207.913386834754,0.5394614,24.9254,347.424,20.3709,165.1562400941366,14.554389958190882,11672.900434465368
2456732.55778245,2014.2027591579747,14206.210560386166,0.5394073,24.9252,347.1876,20.7759,165.14057877677624,14.510203129141814,11672.050480928881
2456732.87231355,2014.2036202971942,14203.793675471716,0.5393343,24.9255,346.8441,21.3641,165.06425616675006,14.444893010062515,11670.805348046775
2456733.32531329,2014.2048605428888,14200.521073710956,0.539228,24.9248,346.3461,22.2204,165.06619617594333,14.356704560050332,11669.194326939007
2456733.52900122,2014.2054182100483,14198.628426288104,0.5391667,24.9246,346.1224,22.6035,165.0644931601537,14.31534438262463,11668.26047541231
2456733.81584023,2014.2062035324568,14196.60124068702,0.5391067,24.9249,345.8092,23.1389,164.98209460433372,14.254828315540522,11667.202621362661
2456734.29832863,2014.2075245137034,14192.952809859564,0.5389901,24.9244,345.2785,24.0536,164.955455578076,14.16327506678266,11665.385331895834
2456734.48790094,2014.2080435344005,14191.117121010684,0.538935,24.9244,345.07,24.4108,164.89111539879013,14.125127615832469,11664.434498429155
2456735.27064428,2014.210186568871,14185.56307511582,0.538764,24.9238,344.2092,25.8878,164.75607051412044,13.969835206444486,11661.599717019895
2456735.46006951,2014.2107051868861,14183.717889127338,0.5387,24.9237,344.0011,26.2458,164.81276225444162,13.933032720998085,11660.730189718637
2456735.66554091,2014.2112677369196,14181.739113201833,0.5386332,24.9234,343.7744,26.6361,164.84729309276645,13.894114708967265,11659.77886786768
2456736.24235485,2014.2128469674192,14177.755106519005,0.5385073,24.9231,343.1398,27.7242,164.79418404624266,13.779091729130812,11657.775759132115
2456737.58908712,2014.2165341194245,14166.414814088495,0.5383831,24.925,341.6961,30.1885,161.32019059360755,13.472317007187144,11649.704948050248
2456737.60631368,2014.2165812831754,14166.178403987007,0.538158,24.92,341.6345,30.3029,164.39986645416684,13.508138056838334,11651.781958758957
2456738.18562785,2014.2181673589316,14161.536299113162,0.5380109,24.9201,341.0,31.3927,164.3391094446215,13.39245078461829,11649.446961347448
2456738.58217575,2014.219253047912,14158.434510137198,0.5379179,24.9198,340.5623,32.1407,164.22285115666818,13.311902751718208,11647.832597602906
2456738.86083104,2014.2200159645174,14155.653090001078,0.5378235,24.9201,340.2541,32.664,164.2739003508832,13.252352773758616,11646.495287031816
2456739.34404134,2014.221338922218,14152.170120688339,0.5376747,24.924,339.7276,33.5777,164.76999669827273,13.163288001590445,11645.12774545875
2456739.54945297,2014.22190130861,14150.355252741367,0.5375967,24.9249,339.5047,33.965,165.0346650399415,13.125228900398156,11644.419326079276
2456739.82829196,2014.2226647281589,14147.980827685418,0.5375398,24.924,339.1938,34.4892,164.74174316756398,13.063697862774461,11643.037811796978
2456740.31216321,2014.2239894954414,14144.372574425113,0.537412,24.9242,338.6596,35.4112,164.88072045816443,12.97458164106007,11641.353456588295
2456740.5161065,2014.224547861738,14142.694876520112,0.5373642,24.9226,338.4314,35.8002,164.78065835478355,12.934369774300592,11640.453120232372
2456740.73666719,2014.225151723998,14140.842690375157,0.5373058,24.9221,338.1872,36.2169,164.74959594898155,12.889479360776306,11639.515503761791
2456741.28848608,2014.226662521779,14136.46652374628,0.5371676,24.9216,337.577,37.2671,164.67842870514778,12.785592159561702,11637.301432229573
2456741.48478817,2014.2271999676116,14135.169428610165,0.5371237,24.9217,337.36,37.6393,164.69862498818748,12.747311659876289,11636.674416390053
2456741.70828564,2014.2278118703355,14133.203601245183,0.5370615,24.9218,337.1127,38.062,164.66777535504298,12.702426679267319,11635.680398156903
2456742.08948186,2014.2288555287062,14129.906822686695,0.536958,24.9217,336.6906,38.787,164.60401499049203,12.629609665774126,11634.00463049994
2456742.44769256,2014.2298362561535,14126.890680745131,0.5368672,24.9213,336.2939,39.4698,164.49013626739907,12.562647784773219,11632.431848688077
2456742.64643188,2014.2303803747573,14125.222586367518,0.5368138,24.9213,336.0737,39.8479,164.47187393374224,12.524665087403548,11631.593661415322
2456743.59235246,2014.232970164162,14117.674578674008,0.5365421,24.9291,334.9959,41.687,164.81151311564008,12.353640901711742,11628.099527816083
2456743.62296922,2014.2330539882819,14117.12534489698,0.5365578,24.9211,334.9912,41.7045,164.33532751481562,12.336264218552742,11627.489952584774
2456744.17170025,2014.234556331964,14112.62087671455,0.5365142,24.9172,334.3842,42.7501,162.86307714074428,12.234020492919967,11624.216262294314
2456744.31093844,2014.2349375453518,14111.411566752933,0.5363815,24.9215,334.227,43.0137,164.1751634606453,12.203183673300032,11624.547960899159
2456744.50434244,2014.2354670566463,14109.665539576708,0.5363291,24.9218,334.0115,43.381,164.105019434518,12.164359607342817,11623.633757565485
2456745.32933747,2014.2377257699377,14102.433879905488,0.5360885,24.925,333.0871,44.9625,164.14495487777458,12.008322822405432,11620.080704182195
2456745.33980138,2014.2377544185624,14102.392511874277,0.5360973,24.9211,333.0811,44.9785,164.00166271825947,12.008009317507856,11619.958700970257
2456745.76570639,2014.2389204829299,14098.70184035941,0.5359784,24.921,332.6078,45.7889,163.96588588651866,11.925326145239296,11618.105097990367
2456746.30476322,2014.2403963400952,14093.919190388076,0.5358274,24.9206,332.0066,46.8214,163.87481479232883,11.825317565715068,11615.670880457174
2456746.49938769,2014.2409291928539,14092.1289483874,0.5357689,24.9205,331.7895,47.1941,163.8682230517261,11.789090572616658,11614.77902154114
2456747.26450514,2014.243023970267,14085.183988860497,0.5355485,24.9206,330.9368,48.6569,163.7485314022415,11.645070703884471,11611.251799126994
2456747.46583084,2014.2435751699936,14083.50567424527,0.5355041,24.9197,330.7119,49.0421,163.59434331366356,11.606938802296213,11610.310621934652
2456747.97749843,2014.2449760395068,14078.68276598586,0.5353504,24.9201,330.1421,50.0182,163.51801574222372,11.508925777583045,11607.865068703859
2456748.66211696,2014.2468504228889,14072.155162799063,0.5351379,24.9196,329.3795,51.3285,163.4753005046132,11.381847760010203,11604.596995968448
2456748.84125626,2014.2473408795618,14071.11088561521,0.5350984,24.9197,329.1781,51.6768,163.54566449992853,11.35218335775943,11604.128622391605
2456749.1969033,2014.2483145880904,14067.808211607573,0.5349941,24.9196,328.7802,52.3609,163.4775184659693,11.287848287468648,11602.441713072969
2456749.64151605,2014.2495318714575,14063.64526864278,0.5348554,24.9198,328.2849,53.2091,163.4923530247388,11.20252627529436,11600.386156589839
2456749.86213344,2014.250135888953,14061.730878156708,0.5347931,24.9202,328.0377,53.6316,163.47793046155948,11.160379976907677,11599.425716424019
2456750.34401931,2014.2514552205614,14057.200958173711,0.534649,24.9198,327.4966,54.5628,163.39622308709386,11.075520597864738,11597.119107463483
2456750.54096201,2014.251994420288,14055.399079557354,0.5345931,24.9196,327.2761,54.941,163.34341387964014,11.039108696355584,11596.187124511333
2456751.09851675,2014.2535209219716,14050.542257637302,0.5345167,24.9175,326.648,56.0186,162.156476874462,10.939068090202,11592.937620384515
2456751.30329572,2014.2540815762352,14048.396017697736,0.5343763,24.9198,326.4218,56.4086,163.1298328256853,10.901032555331938,11592.558321308985
2456751.50291186,2014.2546280954418,14046.275717523818,0.5343155,24.9198,326.1981,56.7945,162.99658437721973,10.866485640946394,11591.411036755442
2456752.01109397,2014.2560194222312,14041.29080188038,0.5341349,24.92,325.6291,57.7666,163.21104354708314,10.768707996790852,11589.085404241641
2456752.27065553,2014.2567300630528,14039.063287247138,0.5340738,24.9197,325.3371,58.2699,163.03110898656632,10.724177300988288,11587.851562743574
2456752.65567398,2014.2577841861184,14036.088499776251,0.5339509,24.9196,324.9048,59.0055,163.3701128410721,10.64799299734068,11586.611868878892
2456752.96093926,2014.2586199569068,14034.742647048322,0.5339045,24.92,324.5629,59.5878,163.39409144731144,10.587515513560788,11585.959720768216
2456753.22696291,2014.2593482899658,14031.676856876502,0.5338196,24.9196,324.2633,60.1106,163.15642980943085,10.54851561228719,11584.26807948757
2456753.62003648,2014.2604244667489,14028.009628633781,0.533698,24.9196,323.8221,60.8681,163.15264585118894,10.477391970414828,11582.441870342594
2456754.57156546,2014.2630296111156,14019.407776975624,0.5334125,24.9195,322.7531,62.7024,163.14412613961485,10.30483999840908,11578.157122529024
2456754.77506205,2014.2635867544154,14017.340054369979,0.5333458,24.9195,322.5242,63.0949,163.1143091999793,10.267868410475899,11577.107311468098
2456755.32453414,2014.265091127009,14012.760847656536,0.5331966,24.9192,321.904,64.1571,163.06810707295244,10.168294276736674,11574.795939757385
2456755.5247065,2014.2656391690625,14011.29488221971,0.5331442,24.9193,321.6786,64.5437,163.1179812745895,10.13219913746218,11574.101344508777
2456755.74635564,2014.266246011334,14008.867857265113,0.5330606,24.9195,321.4303,64.9677,163.15605195065746,10.08943591973349,11572.919950198633
2456756.4018291,2014.2680405998638,14003.201412060618,0.5328804,24.9193,320.6895,66.236,163.0335423211909,9.97088404907089,11570.012489290142
2456756.94614559,2014.2695308571936,13998.292962905145,0.5327207,24.919,320.075,67.2894,162.97623690124146,9.873291410337117,11567.5275984965
2456757.02371182,2014.269743221958,13997.611931997668,0.5326973,24.9188,319.9866,67.4452,162.98554937472545,9.864240095146386,11567.194904405595
2456757.62167568,2014.2713803577822,13992.150908920943,0.5325233,24.9187,319.3105,68.6041,162.86823280436238,9.75767119843016,11564.391825306959
2456758.32150051,2014.273296373744,13986.146208190636,0.5323334,24.9189,318.5205,69.9583,162.71714428740688,9.632105452178791,11561.293314981545
2456758.57991127,2014.2740038638472,13983.844483441564,0.5322538,24.9188,318.2273,70.4626,162.75381852075407,9.58850901501927,11560.17172365819
2456759.23549976,2014.2757987673103,13977.739794526246,0.5320537,24.9188,317.4862,71.7314,162.69531921131693,9.470043768244125,11557.087020336205
2456759.52788601,2014.2765992772343,13975.055352787967,0.5319675,24.9187,317.1537,72.305,162.6437944037334,9.422960195704832,11555.712167994085
2456759.72495024,2014.277138809692,13972.78142138316,0.531883,24.9187,316.9307,72.6832,162.76022063362143,9.383928510889461,11554.659625419117
2456761.22381772,2014.281242485202,13957.371229290971,0.5313897,24.9179,315.2287,75.6073,162.43161896941092,9.12870532723332,11546.739649433131
2456761.96828094,2014.2832807144143,13949.770764589037,0.5311489,24.9172,314.3825,77.0611,162.22906772541046,9.002542810825105,11542.802904510165
2456762.20234213,2014.2839215390275,13947.746545511418,0.5310756,24.9176,314.1179,77.5145,162.30238020601428,8.960645950116088,11541.843221740195
2456762.5711711,2014.2849313377133,13944.032203106157,0.5309557,24.9176,313.6975,78.2362,162.2325238833846,8.898418423208966,11539.93897832188
2456762.68698161,2014.28524840961,13942.770301327684,0.5309163,24.9176,313.5655,78.4603,162.18998119690514,8.876372540430225,11539.27880170861
2456763.31521448,2014.286968417467,13936.557598275234,0.530709,24.9176,312.8488,79.6929,162.16475185218314,8.773069711894323,11536.156762877912
2456763.51560334,2014.2875170522661,13934.501118613844,0.530639,24.9177,312.621,80.0845,162.17507953371296,8.73936118416708,11535.136150593917
2456764.25987884,2014.2895547675287,13927.263829750043,0.5303924,24.9173,311.7711,81.5421,162.21264165572666,8.613483689693965,11531.544243142378
2456764.45785656,2014.290096800986,13925.379430894827,0.5303307,24.9173,311.5453,81.9299,162.186909542771,8.580351645050655,11530.583964690288
2456764.7976776,2014.291027180287,13921.781195547344,0.5302079,24.917,311.1571,82.5955,162.2065235966984,8.522815096681597,11528.798055327723
2456765.40321708,2014.2926850570295,13915.719277987215,0.5300093,24.9171,310.465,83.7848,162.12234446470575,8.423179469356398,11525.706730726897
2456765.6048128,2014.29323699603,13913.698409735081,0.5299424,24.9169,310.2345,84.1807,162.103381603888,8.38988142920482,11524.682305703756
2456765.94443459,2014.2941668298156,13910.330044849556,0.5298201,24.9166,309.8452,84.8479,162.22128945435907,8.333041266360397,11523.078824899862
2456766.34414854,2014.2952611869678,13906.393804561858,0.5296893,24.9165,309.3885,85.6318,162.18950469915035,8.266272691642257,11521.086340252315
2456766.54335771,2014.2958065919504,13904.25948666405,0.5296231,24.9164,309.1606,86.024,162.10617413262662,8.234226897851329,11519.959726939467
2456766.74944542,2014.2963708293503,13902.421795603379,0.5295546,24.9163,308.9249,86.4277,162.1940826013497,8.199101433865337,11519.100867815348
2456767.08764326,2014.2972967645726,13899.121690064094,0.529438,24.9162,308.5364,87.094,162.26220071994067,8.143564753870123,11517.495726621715
2456767.48920051,2014.2983961684054,13895.074739677115,0.5293,24.9159,308.0769,87.8814,162.27537996601768,8.075679374044512,11515.477877101353
2456768.22553624,2014.3004121457627,13887.558469017567,0.5290503,24.9156,307.2313,89.3331,162.20519471628268,7.956027525455056,11511.663073255202
2456768.42808749,2014.3009667008628,13885.49941110609,0.528982,24.9155,306.999,89.732,162.1838616203686,7.922987689385309,11510.616289372785
2456768.96435877,2014.302434931608,13880.181037706368,0.5287981,24.9151,306.3818,90.791,162.23137731121187,7.8362246211196975,11507.983384993508
2456769.16426341,2014.3029822406845,13878.304507955656,0.528733,24.9152,306.1524,91.1845,162.2506305507377,7.803293353565778,11507.055927177264
2456769.56214718,2014.3040715870775,13874.726308477122,0.5286108,24.915,305.6952,91.9683,162.25983477198315,7.737728652073542,11505.268024458292
2456770.4976562,2014.3066328711843,13865.441234679796,0.528297,24.9147,304.618,93.8154,162.23392672216323,7.585566373636652,11500.592309885184
2456771.10304139,2014.3082903255029,13859.59174284381,0.5281024,24.9141,303.9199,95.0109,162.17178042781143,7.486282818933319,11497.613616011095
2456771.64175082,2014.30976523154,13854.588074605093,0.5279338,24.9139,303.2984,96.0782,162.1464449441428,7.401116645604304,11495.084216316016
2456772.34502818,2014.3116907000142,13847.47438795506,0.5276175,24.91,302.4787,97.5037,163.1682700681822,7.313747994911068,11492.220664001228
2456772.56966279,2014.312305716057,13845.46969796659,0.5276324,24.9134,302.2262,97.9196,162.01499210120255,7.255742219484773,11490.41387599575
2456773.46968563,2014.3147698442983,13836.086885055389,0.5271988,24.9295,301.1739,99.7627,163.58218255844986,7.159456052624591,11486.785356122686
2456773.50225182,2014.3148590056678,13836.029718794527,0.5273189,24.913,301.1478,99.7703,161.89344711248668,7.108857959583645,11485.586571980457
2456774.23862983,2014.3168750987818,13828.906767604858,0.5270732,24.9129,300.2944,101.2338,161.92432510170875,6.993164438535359,11482.027445139427
2456774.64436716,2014.3179859470495,13824.694498956304,0.5269365,24.9128,299.8238,102.0422,161.8220661070145,6.931059062199893,11479.838579181156
2456774.94997016,2014.3188226424645,13821.684665848783,0.5268366,24.9124,299.4708,102.647,161.77901022087372,6.8816487127933215,11478.295043110811
2456775.31629087,2014.3198255739078,13818.024090049781,0.5267128,24.9124,299.0464,103.3752,161.7576311122093,6.824393393172954,11476.438900287381
2456775.57207549,2014.3205258740313,13815.591162425055,0.5266283,24.9124,298.7488,103.8878,161.7735750621232,6.787285348755404,11475.225906530359
2456775.90315316,2014.3214323152913,13812.43713687182,0.526521,24.912,298.3654,104.5471,161.76262312893232,6.736866495157869,11473.631267513982
2456776.30089602,2014.3225212758937,13808.603200762062,0.5263944,24.9117,297.9022,105.34,161.69550405883638,6.674540678301469,11471.655301034129
2456776.49664174,2014.3230571984673,13806.721200357335,0.5263304,24.9117,297.6745,105.7307,161.68780828477884,6.644608551750821,11470.702653177812
2456777.22588388,2014.3250537546342,13799.54988564868,0.5260874,24.9108,296.8269,107.1861,161.6442651374682,6.533648331666086,11467.061885629573
2456777.96255993,2014.3270706637372,13792.543221465678,0.5258296,24.9103,295.9687,108.6544,161.87943633966825,6.417661054572136,11463.69506328534
2456778.2051658,2014.3277348824097,13789.579232395918,0.5257584,24.91,295.6864,109.1438,161.45581849821247,6.385642332478369,11461.909287661712
2456778.51463259,2014.3285821563043,13786.58783844179,0.5256545,24.9096,295.3261,109.7632,161.46960151958956,6.339723730481978,11460.41142375541
2456779.08327021,2014.3301390012589,13780.598872790073,0.525449,24.9094,294.6616,110.9038,161.46067568140097,6.255359546768489,11457.386634899702
2456779.20365939,2014.330468608871,13779.43492666337,0.5254123,24.9094,294.5213,111.1404,161.4140291448366,6.233000806473115,11456.767681574212
2456779.83128146,2014.3321869444487,13773.154367965852,0.5251938,24.9089,293.7874,112.4039,161.4427874672674,6.1439999984654605,11453.620614456742
2456780.2684922,2014.3333839622176,13769.237658965141,0.5250607,24.9086,293.2765,113.2775,161.4157952825417,6.075773601695687,11451.626491652447
2456780.40820597,2014.3337664776734,13768.002512758268,0.5250204,24.9088,293.1118,113.5612,161.38402630891596,6.057068037595172,11450.981527948275
2456780.92694885,2014.3351867182753,13763.152084538904,0.5248516,24.9081,292.5066,114.6006,161.4033919253252,5.979981420902334,11448.547626774405
2456781.13404097,2014.3357537055986,13761.489457928616,0.5247917,24.908,292.2633,115.0183,161.43771077017936,5.9502659845036305,11447.73223835776
2456781.53526628,2014.3368522006301,13757.680303448476,0.5246663,24.9078,291.7933,115.8254,161.3527820552863,5.891907773134335,11445.751242825914
2456781.73166311,2014.3373899058458,13755.465622814436,0.5245908,24.9076,291.5636,116.2204,161.338607369712,5.86363389549058,11444.623526563633
2456782.2591381,2014.3388340536615,13750.814877038842,0.5244287,24.9073,290.9442,117.2803,161.35660713270227,5.784240681873371,11442.287780523598
2456782.45707691,2014.3393759805886,13748.987072439686,0.524366,24.9072,290.7122,117.6783,161.34941721277755,5.755146988137767,11441.359818400342
2456782.98833257,2014.3408304793156,13743.868867958996,0.5241898,24.9066,290.0891,118.7494,161.3366948373432,5.679527446343059,11438.765940859183
2456783.3282227,2014.3417610477752,13740.638343480952,0.5240804,24.9063,289.6912,119.4312,161.30280417411723,5.628422800891485,11437.110572772131
2456784.29746281,2014.3444146825732,13731.61653867582,0.5237663,24.9059,288.5502,121.389,161.3222511947788,5.4899142736778686,11432.564510225446
2456785.00380449,2014.346348540698,13724.964574417556,0.5235452,24.9047,287.7207,122.8116,161.18895131120098,5.386825348694572,11429.109759496549
2456785.22054216,2014.3469419360981,13723.07077316825,0.5234757,24.905,287.4637,123.252,161.2403940344593,5.356603004652527,11428.18733366538
2456786.85020872,2014.3514037199732,13706.883991593899,0.5229314,24.9031,285.5426,126.5488,160.98765623211239,5.126060809667024,11419.823927793534
2456787.26135082,2014.3525293656944,13703.101717850752,0.5227918,24.9037,285.0555,127.384,161.09620519246437,5.068928350053795,11417.983506618835
2456788.18246889,2014.3550512495283,13694.07430184405,0.5224803,24.9031,283.9659,129.2531,161.0539523942798,4.94055016981099,11413.382703042167
2456788.88742721,2014.3569813202187,13687.12581373742,0.522251,24.9023,283.1317,130.685,160.87437038723874,4.843424721271447,11409.73924261864
2456789.09971774,2014.3575625400135,13684.841049463485,0.5221703,24.9024,282.8792,131.1193,160.88719321282224,4.815985595102006,11408.590108513916
2456789.49191346,2014.358636313375,13680.849161803766,0.5220357,24.9018,282.4144,131.9165,160.82119302712363,4.761827185023435,11406.521549706886
2456790.9312719,2014.3625770620122,13666.214000745777,0.5215426,24.9007,280.704,134.8524,160.56491864042255,4.56865767560663,11398.924305820634
2456791.12776106,2014.3631150200135,13664.275135146772,0.5214765,24.9002,280.4707,135.2531,160.5404626334066,4.54239279516446,11397.923875053097
2456791.82108913,2014.3650132488156,13657.24680017086,0.5212407,24.8993,279.646,136.6685,160.39761797704068,4.449730426387362,11394.25949466004
2456792.23506692,2014.3661466582341,13653.089861410146,0.5210946,24.8994,279.152,137.5167,160.40216131457055,4.395903035677065,11392.152294755844
2456792.95487468,2014.3681173844761,13645.795171761702,0.5208427,24.8985,278.2935,138.9909,160.34607085437347,4.302141588588256,11388.409642936074
2456793.33508549,2014.3691583449413,13637.26545345178,0.5205477,24.898,277.8394,139.7708,160.28198736800005,4.253195821154748,11384.032466768418
2456794.06724953,2014.371162900835,13634.585245495366,0.5204407,24.8979,276.965,141.2692,160.45585612008563,4.155555699389083,11382.788770492041
2456794.97323569,2014.3736433557565,13625.35134814301,0.5201282,24.8969,275.8811,143.133,160.2855770658116,4.042491927686228,11377.978452749483
2456795.16859646,2014.3741782243942,13623.548444928458,0.5200638,24.8967,275.6469,143.5334,160.29777117487356,4.016139218051649,11377.06989476867
2456795.51664468,2014.3751311284873,13620.024739787774,0.5199377,24.8966,275.2301,144.249,160.32410263942074,3.971893744616409,11375.29557111865
2456795.82917468,2014.3759867889944,13617.127945314687,0.5198355,24.8959,274.8562,144.8887,160.32513129805375,3.929655962051015,11373.82262210571
2456796.26553204,2014.3771814703355,13612.917449129445,0.5196901,24.8954,274.3312,145.7915,160.28271869961827,3.877370679224555,11371.651405723092
2456796.99155954,2014.3791692252976,13606.012150641143,0.5194486,24.8948,273.4595,147.2864,160.25188740761132,3.784978892890763,11368.115800122698
2456797.18059687,2014.3796867813003,13604.291292514086,0.5193867,24.8947,273.2321,147.6751,160.26703225646088,3.759958731922211,11367.249989794147
2456797.58025427,2014.3807809836283,13600.536112718948,0.5192584,24.8939,272.7525,148.4983,160.20719168628693,3.709645893818788,11365.297276216332
2456797.8995334,2014.3816551222446,13597.729188811398,0.5191638,24.8936,272.3688,149.1579,160.14413177715596,3.6708559919376285,11363.824966094975
2456798.27599384,2014.3826858147565,13594.208501583666,0.5190447,24.8931,271.9156,149.9354,160.0703281417218,3.624106687634935,11361.981561846413
2456799.33654888,2014.3855894562087,13584.57575247993,0.5187181,24.8927,270.6382,152.1233,159.87412884747118,3.4892957648875154,11356.940118265957
2456799.90651403,2014.3871499357424,13579.522827921453,0.5185401,24.8923,269.9506,153.305,159.85940277878035,3.4216231326986986,11354.354368805656
2456800.28216854,2014.388178421739,13576.148971194329,0.5184258,24.8919,269.4968,154.0831,159.78677988373147,3.375668173958104,11352.584898959336
2456801.00502575,2014.39015749692,13569.479747510168,0.5181967,24.8918,268.6234,155.5816,159.68382163356637,3.288301108804376,11349.113718181381
2456801.19455693,2014.3906764050105,13567.636223519006,0.5181377,24.8917,268.3946,155.9739,159.59609622818152,3.2649941962031335,11348.113863842915
2456801.19455693,2014.3906764050105,13567.718599434622,0.5181388,24.8917,268.3946,155.9738,159.62086558588635,3.2648941962031586,11348.172659244803
2456801.90927647,2014.3926332004658,13560.935626264982,0.5179016,24.8913,267.5303,157.4573,159.56906792534573,3.1796478323682322,11344.67650939913
2456802.28380341,2014.3936585993426,13557.330516718364,0.5177792,24.891,267.0759,158.2363,159.49046763634306,3.135104236651955,11342.783247531874
2456803.00569704,2014.3956350363858,13550.612660335646,0.5175478,24.8911,266.2021,159.7361,159.38658932678482,3.0495869011377863,11339.28315350417
2456803.29757017,2014.3964341414644,13548.012191491765,0.517462,24.8909,265.849,160.3374,159.29440685805366,3.0101090727852693,11337.89281265099
2456803.90239825,2014.3980900704998,13542.544238994706,0.5172731,24.8905,265.1142,161.6026,159.21409860277254,2.944374620058454,11335.045505711681
2456804.28167583,2014.3991284759206,13539.156446950268,0.5171594,24.8896,264.6536,162.3929,159.11812233933506,2.900248668565439,11333.249761739604
2456804.99863573,2014.4010914051466,13532.589752211989,0.5169312,24.8899,263.7822,163.8877,159.03559249334194,2.8169941472443725,11329.83800779839
2456805.32877015,2014.4019952639287,13529.645481161946,0.516835,24.8896,263.381,164.5735,158.91485890561125,2.7762049856611384,11328.251404730063
2456805.58545497,2014.4026980286656,13527.185390316508,0.5167467,24.8892,263.0687,165.1117,158.92067958224015,2.749109680362153,11326.997538676655
2456805.88759279,2014.403525236934,13524.658250668857,0.5166638,24.8893,262.7003,165.7428,158.82062517693248,2.7140147037212614,11325.637789147935
2456806.19473859,2014.4043661563044,13521.925932013106,0.5165732,24.8892,262.3268,166.3808,158.7250831501142,2.6757837304396617,11324.17598327561
2456807.17622498,2014.4070533195895,13513.135586780252,0.5162721,24.8893,261.1292,168.4394,158.54439980847928,2.5694049478074703,11319.557181421342
2456807.63235213,2014.408302127666,13508.773700981163,0.5161275,24.889,260.5731,169.3912,158.3878026280081,2.5155340402246793,11317.219400676615
2456807.88592622,2014.408996375688,13506.843380245633,0.5160613,24.889,260.2628,169.9257,158.34792653967816,2.489804752262728,11316.20449597925
2456808.07472508,2014.4095132787947,13505.18205794742,0.5159958,24.8892,260.0323,170.3207,158.42853781119447,2.4682196338571316,11315.408334273154
2456808.97837683,2014.4119873424504,13496.994897039816,0.515714,24.8894,258.9285,172.2161,158.26937070782424,2.369156717867895,11311.108921872741
2456809.26821642,2014.41278088,13494.713251120027,0.5156351,24.8894,258.5746,172.8191,158.2291344074265,2.3325832000349465,11309.91318228004
2456809.87054476,2014.4144299651198,13489.653296576278,0.5154547,24.8894,257.8367,174.0883,158.21180348554117,2.270212556857416,11307.309254944714
2456810.06719381,2014.4149683608757,13487.83716864286,0.5153903,24.8893,257.5959,174.5017,158.2004239448661,2.248990084701177,11306.37099689932
2456810.40508362,2014.4158934527584,13485.077158393193,0.5152983,24.8894,257.182,175.2111,158.10352330434944,2.2114570069923047,11304.89141163946
2456810.96191528,2014.4174179747577,13480.340498953297,0.5151307,24.8894,256.4994,176.3828,158.06696148913488,2.151729087273452,11302.438901578631
2456811.28372402,2014.4182990390684,13477.585260831194,0.5150416,24.8892,256.1049,177.0567,157.9318839562784,2.113945935340439,11300.935567352291
2456811.4880348,2014.4188584114995,13475.88034029906,0.514982,24.8892,255.8539,177.4898,157.9082308911684,2.094671860211406,11300.045477297695
2456811.95114872,2014.4201263483094,13472.035409411512,0.5148449,24.8893,255.2865,178.4614,157.89038625658213,2.042414608632157,11298.061682838827
2456812.23293263,2014.4208978306092,13469.697304672905,0.5147614,24.8892,254.9399,179.0591,157.8807625432537,2.015780980703539,11296.855948839508
2456812.94131681,2014.4228372807938,13463.587027310456,0.5145513,24.8894,254.0694,180.5517,157.74451974472413,1.9396789141971453,11293.629658309532
2456813.26846078,2014.4237329521695,13460.826279876386,0.5144594,24.8893,253.6675,181.2384,157.64136842694825,1.9020372189736463,11292.143722514342
2456813.90142963,2014.4254659264336,13455.737381348283,0.5142762,24.8894,252.889,182.574,157.63559267053733,1.8352664838924397,11289.527789142061
2456814.21098668,2014.4263134474465,13453.16026227706,0.5141868,24.8893,252.5076,183.231,157.5865371296568,1.8057589192097794,11288.171813887866
2456814.92199146,2014.4282600724437,13447.246820803326,0.5139826,24.8894,251.6313,184.7338,157.45963700509856,1.7314739203038698,11285.050102696378
2456815.1035156,2014.4287570584527,13445.746902283043,0.5139312,24.8894,251.4076,185.1173,157.42176189643487,1.7123589570225022,11284.254332508337
2456815.44927295,2014.4297036904863,13442.878786025007,0.5138364,24.8896,250.9811,185.8489,157.30204497754767,1.6766714248743142,11282.700835373133
2456815.98378251,2014.431167097905,13438.292915503263,0.5136783,24.8896,250.3216,186.9787,157.19715576550243,1.6201447541944844,11280.274423772506
2456816.18480654,2014.4317174717048,13436.820531156818,0.5136247,24.8895,250.0735,187.4059,157.20131688755646,1.6011101863066983,11279.520581193032
2456816.46926794,2014.4324962845726,13434.433111873928,0.5135458,24.8895,249.7226,188.0049,157.1001118901413,1.56883755385752,11278.22587158108
2456816.83448657,2014.4334961986865,13431.216707741927,0.5134371,24.8894,249.2711,188.7788,156.99545184736508,1.5312684728942259,11276.502572671136
2456817.13197079,2014.4343106660924,13428.33192686467,0.5133365,24.8895,248.9033,189.4107,156.9427146897042,1.502160206769645,11274.984233270732
2456817.94525012,2014.4365373035455,13421.468426930178,0.5131072,24.8895,247.8966,191.1362,156.68004249962996,1.419370723600025,11271.279144053098
2456818.24353726,2014.4373539692272,13418.898264279043,0.5130177,24.8894,247.5278,191.768,156.6296402046164,1.388371078223031,11269.92344842132
2456818.43065637,2014.4378662734287,13417.366941485212,0.5129661,24.8894,247.296,192.1652,156.57624924261472,1.3693415657246533,11269.10001751338
2456818.78836497,2014.4388456262016,13414.259290942227,0.5128574,24.8895,246.8527,192.9254,156.52084806375296,1.3336745674328085,11267.464140630607
2456819.23196788,2014.4400601447774,13410.223470272978,0.5127192,24.8893,246.3021,193.8743,156.4081207733925,1.2947478801567627,11265.312037509026
2456819.9402928,2014.4419994327168,13403.8448771121,0.5125017,24.8895,245.4229,195.3827,156.21529105585796,1.2258042219185654,11261.899973459573
2456820.12070918,2014.442493385845,13402.199905179898,0.5124483,24.8893,245.1987,195.7674,156.12904751029782,1.2084810957861691,11260.995495777852
2456820.98367576,2014.4448560595763,13394.70728505199,0.512193,24.8895,244.1263,197.6051,155.8956765993562,1.1232185525581144,11256.981245277106
2456821.23578792,2014.445546305052,13392.383488432362,0.5121105,24.8895,243.8127,198.1446,155.86698397952023,1.1006301813340542,11255.765073223085
2456821.59312319,2014.446524635702,13389.287684995055,0.5120033,24.8896,243.3679,198.91,155.79190562822532,1.0690311473298948,11254.120060850359
2456821.89597111,2014.4473537881179,13386.578427505558,0.5119108,24.8896,242.9905,199.5571,155.70805541844584,1.0402362775286065,11252.668139340107
2456822.08191294,2014.4478628691031,13385.029504006763,0.5118561,24.8895,242.7591,199.9547,155.68420370092645,1.0231671228889354,11251.854016054052
2456822.48053771,2014.4489542442432,13381.434736043944,0.5117327,24.8897,242.2626,200.8069,155.5807086943887,0.9859720724966223,11249.932256423022
2456822.97314176,2014.45030292063,13377.092568243947,0.5115803,24.8897,241.648,201.8611,155.49923905393825,0.940048573208287,11247.639469780117
2456823.29835704,2014.4511933115405,13374.477177210143,0.511491,24.8899,241.242,202.5558,155.41617136174955,0.9082078454318321,11246.235583583726
2456824.04617905,2014.4532407366191,13367.838836252535,0.5112529,24.8898,240.3086,204.1591,155.35616448580095,0.8410348171363466,11242.771802099885
2456824.2272969,2014.453736610267,13366.31818326934,0.5111986,24.8899,240.0822,204.5475,155.33874082751117,0.8245203038973727,11241.97572180398
2456824.6235686,2014.4548215430527,13363.067645827043,0.5110841,24.8903,239.5877,205.3961,155.27994482040958,0.7880445009841424,11240.259469870081
2456824.93195652,2014.4556658631618,13360.365689280388,0.5109874,24.8903,239.2021,206.0572,155.25086266579456,0.7595892617612776,11238.845795245004
2456825.18057233,2014.4563465361534,13358.379280347544,0.5109182,24.8906,238.8918,206.5878,155.20388351508154,0.734846984785122,11237.789346614565
2456825.38283784,2014.4569003089389,13356.764053790626,0.5108624,24.8906,238.6387,207.0208,155.15921303741743,0.7153887820388718,11236.925926941989
2456825.73942613,2014.4578765944696,13353.589892920283,0.5107487,24.8907,238.193,207.7858,155.12491477810818,0.6832259910016774,11235.264511915437
2456826.00270466,2014.4585974118,13351.584473631028,0.5106798,24.8907,237.8633,208.3543,155.06368495402876,0.66253175200751,11234.188406155396
2456826.06843166,2014.458777362519,13350.959165153698,0.5107905,24.8861,237.7815,208.4992,153.279757705257,0.6608494931576843,11232.680277745212
2456826.18170113,2014.4590874774258,13350.057464339101,0.5106274,24.8908,237.6394,208.7393,155.01603147303376,0.6472081267172598,11233.368258093682
2456826.88367468,2014.4610093762622,13344.373841206852,0.5104306,24.8913,236.7608,210.247,154.86079481533488,0.5844245455870123,11230.329764267355
2456827.06950403,2014.4615181492952,13342.976032643817,0.5103827,24.8913,236.5279,210.6463,154.81559906777784,0.5676662537512698,11229.57769616119
2456827.94925704,2014.4639267817656,13335.565342012502,0.5101294,24.8916,235.4253,212.539,154.56509543087031,0.49065856433969657,11225.582402976572
2456828.13200326,2014.4644271136478,13334.176208287567,0.5100807,24.8917,235.196,212.9327,154.5339740408981,0.47493908680621644,11224.843828050623
2456829.01762505,2014.4668518139636,13327.655044859432,0.5098502,24.8921,234.0837,214.8405,154.41115470684053,0.39754697315453313,11221.391369831026
2456829.1987516,2014.4673477114304,13326.136552179883,0.5098028,24.8921,233.8562,215.2315,154.29852469623256,0.3825238850167807,11220.531572836837
2456829.88041986,2014.4692140174132,13321.139568141041,0.5096273,24.8926,232.9996,216.699,154.18687710615632,0.32155373129018017,11217.873433443807
2456830.08410647,2014.4697716809583,13319.838717498465,0.5095761,24.8927,232.7434,217.1397,154.23095120659582,0.30529485503848264,11217.229785845428
2456830.9618206,2014.4721747312801,13313.793653239189,0.5093642,24.8934,231.6395,219.0352,154.08750009193136,0.23179673913227816,11214.007395729548
2456831.25510416,2014.4729776979054,13311.596187545607,0.5092919,24.8936,231.2703,219.6653,153.97177315774843,0.20362875406704006,11212.7936722841
2456831.53467753,2014.473743128077,13309.715189778472,0.5092221,24.8938,230.9183,220.2726,153.97777043757924,0.18337389223182754,11211.82418437323
2456831.78684159,2014.4744335156468,13307.945302779366,0.5091685,24.8939,230.6,220.815,153.8224548811504,0.15893436718761222,11210.805347733198
2456832.25150542,2014.4757056958797,13304.534554337442,0.5090436,24.8942,230.0142,221.822,153.81008847311477,0.12214948329096842,11209.031601107765
2456833.08464385,2014.477986704586,13298.48653697507,0.508831,24.8953,228.9642,223.6266,153.66803387950768,0.055586348974486555,11205.806063409129
2456833.47655171,2014.4790596898292,13295.487979994345,0.5087273,24.8955,228.4694,224.476,153.57397774936726,0.023911661441559318,11204.190874036634
2456833.96973964,2014.4804099647915,13292.190883814352,0.5086125,24.8959,227.8475,225.5443,153.48014792032427,359.9842126750242,11202.420933925896
2456834.14751508,2014.4808966874193,13290.938921291803,0.5085691,24.896,227.6229,225.9302,153.4417759354601,359.9702925290138,11201.746967981515
2456834.83465209,2014.4827779660231,13286.25023682418,0.5084101,24.8962,226.7538,227.4211,153.25012529537526,359.9148322316423,11199.190877149484
2456835.20749155,2014.4837987448327,13283.59048266349,0.5083159,24.8964,226.2826,228.2303,153.19393123696318,359.885351860243,11197.775312556414
2456835.59843538,2014.4848690907052,13280.80515891125,0.5082192,24.8966,225.788,229.0791,153.10868569350168,359.85422734617134,11196.275277058176
2456835.90091213,2014.4856972269124,13278.604006574764,0.5081397,24.897,225.406,229.7344,153.08185025506555,359.8293983115052,11195.116451013191
2456836.08400742,2014.4861985144971,13277.265331247077,0.508093,24.897,225.1742,230.133,153.0434572977556,359.8157347809991,11194.397051427151
2456836.9631594,2014.4886055014374,13271.222039501763,0.5078762,24.8975,224.0612,232.0439,152.94792072335804,359.74711948250865,11191.200104889589
2456837.23207796,2014.4893417603284,13269.276570159976,0.5078052,24.8975,223.7202,232.6266,152.93262759457593,359.7237662817995,11190.180910085495
2456837.83025576,2014.4909794818889,13265.088352779263,0.5076541,24.8981,222.9625,233.9297,152.87556362862324,359.6795865200363,11187.970484962532
2456838.08997978,2014.4916905675016,13263.094601821362,0.5075839,24.898,222.6327,234.4942,152.82501775992841,359.65829569947596,11186.902648517997
2456838.59155606,2014.493063808515,13259.628949301496,0.507462,24.8983,221.9964,235.5893,152.73482343106025,359.62272893457646,11185.044674724213
2456838.89273617,2014.493888394716,13257.432519283899,0.5073815,24.8987,221.6154,236.2431,152.72022150085468,359.598677902283,11183.895010229684
2456839.46532978,2014.4954560705812,13253.64388495798,0.5072467,24.8988,220.8874,237.4942,152.6404613378645,359.5574145907734,11181.875669388495
2456839.95235208,2014.4967894649692,13250.0797432308,0.5071155,24.8989,220.2696,238.5546,152.6226292024412,359.51999261106084,11180.013269482663
2456840.25258979,2014.4976114710203,13247.890429586127,0.5070402,24.8989,219.8875,239.2074,152.54111659068985,359.49477043270593,11178.822638706
2456840.5171227,2014.4983357226554,13246.242733975323,0.5069787,24.899,219.5506,239.789,152.54351282006792,359.4787398440619,11177.968425178218
2456840.73639214,2014.4989360496645,13244.715867139252,0.5069095,24.8991,219.2725,240.2626,152.70726928562726,359.4581221208154,11177.283064041436
2456841.01069093,2014.4996870388222,13242.871375675886,0.5068432,24.8992,218.9239,240.8635,152.67577043991696,359.4400660239833,11176.304133351123
2456841.57620258,2014.5012353253383,13238.872781603834,0.5067132,24.8993,218.2033,242.1015,152.42489004445451,359.40008287825196,11174.061536191015
2456841.87739601,2014.5020599480079,13236.604846176515,0.5066297,24.8995,217.8211,242.758,152.41140393956175,359.37751871717876,11172.874097522696
2456842.06414897,2014.5025712497466,13235.241972898168,0.5065817,24.8994,217.583,243.1665,152.37429435605918,359.36385009122125,11172.141385391733
2456842.93515645,2014.504955938262,13229.438450356876,0.506367,24.9,216.4736,245.072,152.3510905650155,359.30146222573387,11169.109288122421
2456843.23208155,2014.5057688748807,13227.215051532596,0.5062893,24.8999,216.0943,245.7196,152.28130214269277,359.27710504295,11167.907378184496
2456843.49880907,2014.5064991350305,13225.450295162616,0.5062251,24.9001,215.7532,246.3083,152.25909694889106,359.2618113890496,11166.975100421125
2456843.99393646,2014.5078547199453,13222.019086983792,0.5060888,24.9003,215.1223,247.391,152.36701367506885,359.2256008197131,11165.261419337663
2456844.5528577,2014.5093849629015,13218.215498343156,0.5059515,24.9005,214.4078,248.6167,152.30323963318824,359.1859133554294,11163.24089926687
2456844.8522659,2014.5102046978782,13216.009316187194,0.5058701,24.9007,214.0276,249.2704,152.2890618066467,359.1643087638597,11162.083722385065
2456845.04233684,2014.5107250837514,13214.760569192114,0.5058227,24.9005,213.7838,249.6889,152.29839822982285,359.15166984951225,11161.440061408197
2456845.60853635,2014.512275253525,13211.058182531726,0.505687,24.9008,213.0594,250.9314,152.2615033818047,359.1117087309326,11159.489033933043
2456845.90712426,2014.5130927426694,13208.790143997625,0.5056031,24.9007,212.6795,251.5862,152.24859994298004,359.092312639039,11158.30001518002
2456846.473867,2014.5146443997264,13204.855671739422,0.505462,24.9011,211.9533,252.8322,152.16661419067077,359.0535160984837,11156.197927986568
2456846.96492573,2014.515988845257,13201.398193180055,0.5053329,24.9007,211.3235,253.9118,152.16106016561844,359.0193157074643,11154.393895413245
2456848.01163499,2014.5188545790284,13193.920331485075,0.5050584,24.9008,209.9814,256.2146,152.08373913775267,358.9483515497915,11150.448088509085
2456848.32955432,2014.5197249947155,13191.675986051701,0.5049777,24.9011,209.5747,256.912,152.03748747008103,358.92570190240946,11149.248412014675
2456848.5750539,2014.5203971359342,13189.895886090537,0.504913,24.901,209.2573,257.4569,152.009684556906,358.9112310636407,11148.302601480165
2456848.87372375,2014.5212148494181,13187.652269955788,0.5048295,24.9009,208.8753,258.1136,152.0000683401422,358.8915542094435,11147.127022340426
2456849.09381172,2014.5218174174406,13186.120994857147,0.5048312,24.9007,208.5851,258.6085,151.21940967821865,358.8793297214192,11145.818010507788
2456849.10050941,2014.5218357547153,13186.06258028621,0.5047726,24.9011,208.5824,258.615,151.96318787243126,358.87652830246316,11146.274310228291
2456849.62733111,2014.5232781139225,13182.247808093083,0.5046381,24.9012,207.9058,259.778,151.84702048782492,358.8436789879099,11144.209670918042
2456849.92385248,2014.5240899451883,13179.892449210147,0.5045508,24.901,207.5253,260.4316,151.830870047208,358.82451973222203,11142.971045176835
2456850.48521646,2014.5256268760033,13175.894374721325,0.5044003,24.9013,206.8021,261.673,151.83299934357638,358.7894246388263,11140.887484152641
2456850.97286942,2014.526961997043,13172.37796637857,0.5042678,24.9011,206.1749,262.7493,151.83560850437425,358.75788106451785,11139.0550069544
2456851.28477066,2014.527815936099,13170.087971147756,0.5041833,24.9011,205.7745,263.4365,151.8132565641754,358.7372630044172,11137.845717414344
2456851.53393615,2014.5284981140312,13168.503018773357,0.5041203,24.9011,205.4517,263.9908,151.85702639842748,358.72317894875766,11137.04735194702
2456852.02030947,2014.5298297316087,13165.001373224954,0.5039754,24.901,204.8261,265.0664,152.02824015335864,358.693796620818,11135.331867754569
2456852.58189955,2014.5313672814505,13161.165845298216,0.5038294,24.901,204.102,266.3103,152.0472541611225,358.66007867780354,11133.342270114392
2456852.87994536,2014.532183286407,13159.012841904407,0.5037444,24.9008,203.7183,266.9682,152.09751326697642,358.64051689351277,11132.251076049153
2456853.63107286,2014.5342397614243,13154.323697984639,0.5035586,24.9008,202.7487,268.6324,152.21457268067115,358.5947858872664,11129.878910068903
2456853.93030759,2014.5350590214646,13152.176934155985,0.5034748,24.9006,202.3624,269.2953,152.2509826671867,358.5764522727525,11128.78143566311
2456854.50706167,2014.5366380880769,13148.69339113189,0.5033433,24.9014,201.6182,270.5732,152.25036895137328,358.54168829233487,11126.961320044787
2456854.68111741,2014.537114626721,13147.631101008166,0.5032999,24.9012,201.3933,270.9579,152.2933826338658,358.52993438044535,11126.434371800622
2456855.53092336,2014.5394412686105,13142.508355994729,0.5031017,24.8997,200.2947,272.845,152.3537598295752,358.48084330017844,11123.796842999944
2456855.82552071,2014.5402478321973,13140.809670720293,0.5030359,24.8995,199.9147,273.4971,152.37435128080688,358.4625804089484,11122.922428282787
2456856.5754116,2014.5423009215608,13136.633986855992,0.5028708,24.8993,198.9441,275.1641,152.46804457852977,358.4198682381333,11120.800600921079
2456856.87131579,2014.5431110630798,13134.956011502205,0.5028054,24.8993,198.5611,275.8211,152.4929001564351,358.4022172912946,11119.939457498735
2456857.0551698,2014.5436144279256,13133.996231385052,0.5027665,24.8994,198.3223,276.2308,152.5266151183987,358.3919059467788,11119.459545950805
2456857.61990331,2014.5451605840115,13130.908246262428,0.5026447,24.8992,197.5918,277.4845,152.5905100923228,358.35848975585884,11117.88624632514
2456857.91554683,2014.5459700118545,13129.161814390958,0.5025784,24.8992,197.2084,278.1428,152.5923763732535,358.34199573242313,11116.974011957373
2456858.47347611,2014.5474975389734,13126.05782815829,0.5024573,24.8991,196.4854,279.3841,152.6379521780109,358.3103859695841,11115.37992182919
2456858.95805184,2014.5488242350166,13123.39339536447,0.5023479,24.8989,195.8569,280.4627,152.74798232925878,358.28287539399406,11114.057426680132
2456859.51053719,2014.5503368574673,13120.464038075086,0.5022345,24.8987,195.1406,281.6926,152.77804214446405,358.2519313118055,11112.544029976661
2456859.99964426,2014.551675959644,13117.856698914373,0.5021318,24.8984,194.5063,282.7827,152.82740254644068,358.2256545282082,11111.211453226611
2456860.55664563,2014.5532009462831,13114.83808708529,0.5020113,24.8982,193.7838,284.0233,152.9048696980899,358.19475933805916,11109.681595599634
2456861.41465286,2014.5555500420528,13110.233146362982,0.5018304,24.8916,192.6662,285.9413,152.983302430388,358.1494848609854,11107.321348718355
2456861.89348362,2014.5568610092269,13107.715776218149,0.5017377,24.8971,192.047,287.0065,152.94431040474046,358.12353667830484,11105.977619492483
2456862.64164897,2014.5589093743192,13103.812411084651,0.5015817,24.8965,191.0745,288.6764,153.0436054517122,358.083525245097,11103.99738749279
2456862.93429829,2014.55971060449,13102.224400879943,0.5015179,24.8964,190.6931,289.3311,153.0880340218764,358.06838238363264,11103.194232085614
2456863.48965281,2014.5612310823003,13099.096451330277,0.5013941,24.896,189.9705,290.572,153.15047530233915,358.0393103719239,11101.595709428191
2456863.97271209,2014.562553626529,13096.3019165315,0.5012854,24.8956,189.3416,291.6525,153.1806717822401,358.01479444950485,11100.150697930965
2456864.52820013,2014.5640744698974,13093.408409515318,0.5011669,24.895,188.6182,292.8947,153.28920648459552,357.9860908369822,11098.7043352403
2456864.81312612,2014.5648545547429,13091.652658460545,0.5011013,24.8947,188.2476,293.5311,153.2721921575103,357.9710602926144,11097.77282686056
2456865.56752047,2014.566919973908,13087.396209513698,0.500932,24.8939,187.2636,295.2221,153.36435148958117,357.9345093931241,11095.600634611457
2456865.83445398,2014.5676507980286,13085.706084316249,0.5008642,24.8935,186.9162,295.8172,153.4080749600589,357.91911270967825,11094.742558988819
2456866.63919706,2014.5698540645035,13081.211113161491,0.5006771,24.8928,185.8653,297.6205,153.6119685360236,357.8783367787369,11092.516707391733
2456867.64682473,2014.5726127987134,13075.038963498371,0.5004332,24.8919,184.5483,299.8841,153.7190748701978,357.8317924631514,11089.347232245274
2456868.89094244,2014.5760190073645,13067.373176085493,0.5001253,24.8904,182.9217,302.6761,153.91294618378288,357.7709573487614,11085.448296483273
2456869.21411535,2014.576903806571,13065.350363439298,0.5000444,24.8901,182.4982,303.404,153.95878016351162,357.7568296344566,11084.415677742374
2456869.45548027,2014.5775646277073,13063.917373502303,0.4999892,24.8899,182.1818,303.947,153.96347705878543,357.745534025376,11083.666117671077
2456870.00267206,2014.5790627571798,13060.459468807287,0.4998472,24.8893,181.464,305.1806,154.08907261047625,357.7220074152669,11081.930935874214
2456870.37425715,2014.5800801017115,13058.195535205652,0.4997622,24.8889,180.9767,306.0176,154.06670650109845,357.7054633838795,11080.727084275188
2456871.63685346,2014.5835369020128,13050.015284484538,0.4994291,24.8872,179.3213,308.8579,154.321595968182,357.64591527534543,11076.592602049432
2456871.88623994,2014.5842196849824,13048.502873119089,0.499371,24.8873,178.9927,309.4222,154.32264486673557,357.6358134063232,11075.798195839858
2456872.43862397,2014.585732030034,13044.682547819415,0.4992115,24.8863,178.2673,310.6691,154.4907060986643,357.6128691877698,11073.897922172628
2456872.91811869,2014.5870448150313,13041.510905194602,0.4990819,24.8853,177.6396,311.7491,154.59256375936002,357.592566588773,11072.295601147522
2456873.47705928,2014.5885751109652,13037.837926993525,0.498933,24.8845,176.9054,313.0112,154.69403656486338,357.56956005253363,11070.428922764015
2456873.73080874,2014.589269839124,13035.953716641752,0.4988528,24.8849,176.5683,313.5838,154.79540442460802,357.55495791538465,11069.502927117
2456874.50398509,2014.591386680603,13030.544091036465,0.4986313,24.884,175.5495,315.3358,154.97065121563446,357.52609498298364,11066.769012520746
2456875.53199472,2014.594201217577,13023.455512745008,0.4983361,24.8831,174.1933,317.6643,155.26118400016094,357.4851616722897,11063.224178835982
2456875.8096669,2014.5949614425735,13021.614961756337,0.4982627,24.8827,173.8271,318.2916,155.29363255122826,357.4725806735469,11062.275790130065
2456876.59582707,2014.597113831814,13016.355964512422,0.4980488,24.8815,172.7894,320.071,155.43919601416655,357.43942054695935,11059.599313527688
2456876.99183575,2014.5981980444906,13013.608859157082,0.4979461,24.8812,172.2657,320.9678,155.3967808143634,357.4222039834019,11058.124664836556
2456878.61842153,2014.6026513936479,13002.312268236068,0.4974867,24.8795,170.1124,324.667,155.69854554179074,357.3648982867659,11052.364091472726
2456878.90694781,2014.6034413355515,13000.262627484311,0.4974036,24.8794,169.7293,325.3244,155.7488956281568,357.35481920144287,11051.315585801154
2456879.4611378,2014.6049586250513,12996.615482140958,0.4972523,24.8785,168.9951,326.5851,155.88224143075786,357.3350949815082,11049.477582631866
2456879.63138811,2014.605424744997,12995.262125347306,0.4971999,24.8784,168.7692,326.9744,155.88279615083775,357.3306918011251,11048.76402515295
2456880.30596642,2014.607271639754,12990.57778364046,0.4969996,24.879,167.8729,328.5129,156.1295214022648,357.30800968860876,11046.450780047306
2456880.48330477,2014.6077571656954,12989.130255814833,0.4969488,24.877,167.639,328.9165,156.06126214395863,357.3029203497022,11045.643105853662
2456881.2089584,2014.6097438970567,12984.29563788662,0.4967429,24.8758,166.6757,330.5677,156.30266826547086,357.27559705959965,11043.246037240535
2456881.50620159,2014.6105577045585,12982.237266437704,0.4966603,24.8756,166.2799,331.2505,156.33911101757258,357.26962635898633,11042.182678985628
2456881.96172466,2014.6118048587539,12979.209193573897,0.496535,24.8751,165.6737,332.2871,156.44125664268267,357.25105084856494,11040.649199826388
2456882.26541789,2014.6126363255034,12977.254605120615,0.4964495,24.8747,165.2701,332.9787,156.5667450357887,357.2397228187362,11039.697323041299
2456882.56131589,2014.6134464500751,12975.272065229363,0.4963671,24.8741,164.8763,333.656,156.63759850045244,357.2315779729589,11038.695537263135
2456882.71800057,2014.6138754293493,12974.347181248733,0.4963245,24.8738,164.6675,334.0151,156.72450368904538,357.22744543423767,11038.2626216907
2456883.20754338,2014.6152157245176,12970.963902285486,0.4961892,24.8735,164.0153,335.1342,156.77540038157258,357.2118391736253,11036.507754429442
2456883.55276443,2014.6161608882414,12968.715030262929,0.4960939,24.873,163.5554,335.9234,156.87831291117436,357.2008802330912,11035.385281893181
2456884.07281372,2014.6175847055988,12965.054089677516,0.4959443,24.8724,162.8622,337.1115,156.97311471026296,357.1832059844178,11033.51106771208
2456884.86283197,2014.6197476576872,12960.144572918487,0.4957395,24.8719,161.8082,338.9203,157.1526824121629,357.1593432326461,11031.030417868822
2456885.24478998,2014.6207934017245,12957.820646425658,0.4956498,24.8715,161.2986,339.795,157.14313458890956,357.1479753791681,11029.795451924905
2456885.88551413,2014.622547608843,12953.750476869764,0.4954813,24.8712,160.4424,341.2631,157.27305071471255,357.1283608165413,11027.725786841882
2456887.2794058,2014.6263638762496,12944.838559284386,0.4951183,24.869,158.5795,344.4623,157.4757980370514,357.09080455015015,11023.139832902849
2456887.6260751,2014.6273130050654,12942.599426731284,0.4950228,24.8684,158.1156,345.2584,157.58131923236851,357.08131817643994,11022.02199479006
2456888.11877223,2014.6286619362904,12939.30084326139,0.4949763,24.8671,157.463,346.3882,156.51728727698628,357.07290293541416,11019.596844824451
2456888.42566211,2014.62950215499,12937.543575831181,0.4948201,24.8674,157.0432,347.0979,157.6506698840385,357.06032420360333,11019.389519709655
2456889.25997475,2014.6317863785084,12931.896547848948,0.494596,24.8667,155.9256,349.0124,157.69594286904885,357.034903736945,11016.427677133046
2456889.48793546,2014.6324105009176,12930.096610219915,0.4945237,24.8664,155.62,349.5397,157.72109317650393,357.03191966964533,11015.490224833813
2456889.70357315,2014.6330008847367,12928.654559866229,0.4944621,24.8664,155.3308,350.0308,157.78857602019707,357.0212814947734,11014.769251976519
2456890.16276498,2014.6342580834496,12925.485386253536,0.4943365,24.8659,154.7142,351.0919,157.80987961181563,357.0131899581186,11013.103591494064
2456891.17867963,2014.6370395061742,12917.928401665478,0.4940354,24.8651,153.3491,353.434,157.87817657731284,356.9888777772552,11009.14155973437
2456891.73132894,2014.6385525775222,12913.688071001468,0.4938608,24.8652,152.6055,354.7061,157.98744930622615,356.97267209197344,11006.962706244507
2456892.19338022,2014.6398176049825,12910.284070622396,0.4937269,24.8644,151.9835,355.7764,157.9932383146197,356.96556220629645,11005.161013124572
2456893.2076151,2014.642594428747,12902.745645270179,0.4934221,24.8636,150.6168,358.1208,158.1094932151127,356.9436056510745,11001.235404255252
2456893.55195644,2014.643537183956,12900.057951914423,0.4933147,24.8635,150.1522,358.9174,158.13343338314462,356.9362137759119,10999.82419628939
2456893.65557661,2014.6438208805203,12899.444527946176,0.4932937,24.8635,150.0122,359.1556,158.09350881085447,356.93228301272467,10999.473239463561
2456894.21617985,2014.6453557285422,12895.563377436005,0.4931377,24.8627,149.256,0.4545,158.13861328298117,356.92243772480094,10997.44158047425
2456894.55511707,2014.6462836880773,12892.601859826242,0.493019,24.8618,148.7975,1.2411,158.1678834965678,356.9164722921961,10995.88770558846
2456894.82889069,2014.647033239398,12890.802349809019,0.49295,24.8616,148.4269,1.874,158.14503147066262,356.9089338167248,10994.917582184238
2456895.22796926,2014.6481258569745,12887.915108653571,0.4928326,24.861,147.8877,2.8015,158.19409707654813,356.9038914891619,10993.415250288313
2456896.3948974,2014.651320732101,12879.28137698287,0.4925632,24.8631,146.3213,5.4877,157.28502823578128,356.87353644359496,10988.251644788392
2456897.40426727,2014.6540842361946,12871.636561224688,0.4922258,24.8601,144.9546,7.8494,157.74865756661802,356.8736749699045,10984.4820380396
2456897.40427727,2014.6540842635734,12871.64286894029,0.4921264,24.8725,144.9377,7.8747,159.03130176303148,356.8820651135668,10985.297936704712
2456898.41260948,2014.6568449267074,12862.816270530497,0.4917975,24.8616,143.5917,10.1951,158.7790857242744,356.86262638535766,10980.443433352655
2456898.42514571,2014.6568792490345,12862.166850670952,0.4917843,24.8592,143.5584,10.2309,158.61882953053373,356.8527703475444,10979.996498459375
2456898.74849412,2014.6577645287334,12859.893979272421,0.4916734,24.8766,143.139,10.9727,158.88988284401967,356.8564696560012,10978.95864180233
2456898.86603735,2014.658086344559,12858.411010856255,0.4916371,24.86,142.9588,11.2557,158.60281087081785,356.8434159587868,10977.987868213148
2456899.61734264,2014.6601433063386,12852.435638022576,0.4913945,24.8597,141.9376,13.009,158.68315389429154,356.83500971809804,10974.858192417223
2456900.90061178,2014.6636567057635,12842.520994138193,0.4909956,24.8592,140.1888,16.0042,158.7633931087148,356.8165859251401,10969.629021797457
2456901.10920808,2014.6642278113072,12840.8462570677,0.490934,24.8577,139.9016,16.4969,158.70194070042635,356.816487929377,10968.698040528092
2456901.63264605,2014.665660906365,12836.659895274855,0.4907565,24.8596,139.193,17.7135,158.84931337939997,356.8085737085785,10966.56048398393
2456901.90297499,2014.6664010266672,12834.620679646356,0.4906783,24.8596,138.8241,18.3447,158.81452341263685,356.80443039980634,10965.451767386921
2456902.27591498,2014.6674220807122,12831.792861376725,0.4905604,24.8596,138.3156,19.2186,158.8871225826142,356.80225094364044,10963.990311238767
2456902.62317986,2014.6683728401367,12828.902556208972,0.490446,24.8596,137.8417,20.0314,158.88231312650714,356.7988775507704,10962.446429645357
2456903.17189413,2014.6698751379324,12824.765539318536,0.4902791,24.8597,137.0923,21.3121,158.9147329904299,356.78935034431436,10960.260904963365
2456903.64014985,2014.6711571522244,12821.00577968415,0.4901303,24.8598,136.4524,22.4131,158.90607058582373,356.7889251992457,10958.250148241324
2456904.28528145,2014.6729234262834,12815.859211411718,0.4899273,24.8599,135.5702,23.9267,158.8836107846464,356.78446653796607,10955.490282527218
2456904.64391512,2014.6739053117592,12812.93425918432,0.4898119,24.8602,135.0794,24.7675,158.87028511815424,356.7809877666891,10953.921028384342
2456904.67429079,2014.6739884758117,12812.611978769564,0.4897988,24.8603,135.0375,24.8361,158.8737067026068,356.7777487077893,10953.751184646233
2456904.9435373,2014.6747256325805,12810.364998308176,0.4897873,24.8572,134.6724,25.4722,157.87461377231102,356.7833722710606,10951.922948352983
2456905.28794823,2014.6756685783157,12807.680043133429,0.489606,24.8606,134.197,26.2812,158.8267479350434,356.7775118063423,10951.089076287093
2456905.64675388,2014.676650934648,12804.873521162877,0.4894942,24.8607,133.7051,27.1236,158.82590082007118,356.774363526707,10949.590132131609
2456906.1380383,2014.6779959980834,12801.018950929396,0.4893408,24.8611,133.0318,28.2787,158.82179666644424,356.7719406899609,10947.529157282597
2456906.82298436,2014.6798712781936,12795.221853863366,0.4891148,24.8613,132.0914,29.8915,158.75317585535595,356.76923985035774,10944.389371650948
2456907.29624148,2014.6811669855713,12791.510051234958,0.4889685,24.8615,131.4412,31.0097,158.72826874767816,356.7707851943235,10942.390404687727
2456907.64649047,2014.6821259150447,12788.024995628915,0.4888299,24.8616,130.9598,31.8344,158.7197158181316,356.7688705839434,10940.522459406104
2456908.29532434,2014.6839023253663,12782.772594015654,0.4886264,24.8617,130.0671,33.3685,158.636139383123,356.7707628681758,10937.66211345289
2456908.64746078,2014.684866422396,12779.404915010793,0.4884894,24.8618,129.5821,34.199,158.6647757201199,356.7691879374723,10935.879285476522
2456909.29405052,2014.6866366886238,12774.073310569956,0.4882852,24.8619,128.6918,35.7293,158.54606930364298,356.7718920954544,10932.953093302383
2456909.64364825,2014.6875938350445,12770.972965030902,0.4881569,24.862,128.2095,36.5548,158.5980924376081,356.7705193839558,10931.326994521085
2456909.79856873,2014.688017984202,12769.539409742787,0.4881027,24.8621,127.9956,36.9223,158.55644609092633,356.7714256872838,10930.533810475763
2456910.12050071,2014.688899385927,12766.872072562197,0.4879955,24.8622,127.5517,37.6843,158.559652076171,356.77222106625607,10929.10838293116
2456911.2870067,2014.6920931052703,12757.159044260796,0.487601,24.8629,125.9401,40.4506,158.6192371201878,356.7771821027228,10923.945703946178
2456911.72722014,2014.6932983439833,12753.26430598576,0.4874451,24.8632,125.3324,41.4916,158.61181102810133,356.77659616598106,10921.855062098697
2456912.2823491,2014.6948182042433,12748.68837333096,0.4872619,24.8625,124.563,42.8109,158.60195403380658,356.77934647240676,10919.397411786616
2456912.44659554,2014.6952678864882,12747.270290633443,0.4872034,24.8629,124.3359,43.2008,158.62056431784094,356.78026086425814,10918.649192719738
2456912.63180226,2014.6957749548526,12745.5580282955,0.4871385,24.8633,124.08,43.6397,158.5697087286735,356.780716253032,10917.699813605115
2456913.26829326,2014.6975175722384,12740.042517051605,0.4869201,24.8637,123.1969,45.1547,158.5234406445843,356.7852739941218,10914.7145529609
2456913.60942117,2014.6984515295546,12736.55510748244,0.4867562,24.8636,122.723,45.957,158.82164227369503,356.77744936031166,10913.031039670062
2456914.2693705,2014.7002583723477,12730.52967110905,0.486538,24.8642,121.8098,47.5352,158.50692598699516,356.79198595482717,10909.602927871409
2456914.61583157,2014.7012069310604,12727.503906762808,0.4864151,24.8644,121.329,48.3582,158.51752120438596,356.7927048182979,10907.98632317224
2456915.26145997,2014.7029745652837,12721.75012444551,0.486185,24.8645,120.431,49.9017,158.48974019197067,356.80185649782476,10904.881437942873
2456915.59313708,2014.7038826477203,12718.880497268903,0.4860675,24.8642,119.9692,50.6941,158.5097511626509,356.80554682068197,10903.35362290006
2456916.25228399,2014.7056872936068,12713.457300280535,0.4858568,24.8642,119.0528,52.2669,158.4013194295958,356.8122743015192,10900.37434664838
2456916.59509127,2014.706625848788,12710.528496881341,0.4857346,24.8656,118.5798,53.0766,158.448721660081,356.81109443631993,10898.831017176391
2456917.57242895,2014.7093016535252,12702.174303358066,0.4853995,24.8659,117.2221,55.4089,158.40894759521234,356.82240473089917,10894.31817545332
2456918.23303147,2014.711110284654,12696.472570378084,0.4851745,24.8664,116.3003,56.9904,158.331539281181,356.83099752457065,10891.205566944727
2456918.57246146,2014.712039593319,12693.678497498931,0.4850724,24.8657,115.825,57.8052,158.18910388873155,356.8359464051395,10889.61489544334
2456918.77602199,2014.7125969116769,12691.574200622475,0.484989,24.8658,115.5391,58.2919,158.16402063678197,356.8361117963103,10888.46787697565
2456919.21897237,2014.7138096437236,12687.996260633123,0.4848468,24.866,114.9185,59.358,158.12557525318698,356.84502825952046,10886.519883661123
2456919.55645775,2014.714733628337,12684.902405910663,0.4847217,24.8669,114.4483,60.1657,158.1186473835578,356.8498937987347,10884.851464539855
2456920.20822328,2014.7165180651061,12679.184207095399,0.4844866,24.8681,113.5367,61.728,158.15305982605332,356.8581965617762,10881.796292158248
2456920.54352321,2014.7174360662837,12676.071478686285,0.4843575,24.8686,113.0678,62.5313,158.1848874484922,356.8621161378884,10880.140846365193
2456920.65528727,2014.7177420596029,12675.268843200749,0.4843258,24.8686,112.9128,62.799,158.17282050247286,356.8646585429469,10879.701340318634
2456921.13954652,2014.719067889172,12671.043479271955,0.4841632,24.8689,112.2349,63.9616,158.05422100851138,356.87205989807626,10877.353110886714
2456921.52682024,2014.720128186831,12667.516962192023,0.4840176,24.8691,111.6902,64.8953,158.07950419254848,356.8793527407869,10875.469919814774
2456921.98744191,2014.7213893002327,12663.461833984935,0.4838574,24.869,111.0427,66.0075,158.01581599375277,356.89005191625654,10873.246402109336
2456922.50267844,2014.7227999409718,12659.17979844565,0.4836828,24.8693,110.3186,67.248,158.01596783002242,356.8986212501494,10870.93966320132
2456922.96979273,2014.724078830199,12655.206945283626,0.4835234,24.8694,109.6622,68.3741,157.9819553964735,356.90792112836994,10868.777768326307
2456923.48686623,2014.7254945002878,12650.843055000754,0.483347,24.87,108.9352,69.6199,157.95971689530506,356.9170798963664,10866.4118469281
2456924.30107997,2014.727723696016,12643.6191199922,0.4830571,24.8705,107.79,71.5849,157.89283438421535,356.9343694342308,10862.475325871561
2456924.30107997,2014.727723696016,12643.6191199922,0.4830571,24.8705,107.79,71.5849,157.89283438421535,356.9343694342308,10862.475325871561
2456924.4765797,2014.7282041880908,12641.87936901322,0.4829893,24.8706,107.5432,72.0096,157.850601889083,356.9392922873454,10861.510871608361
2456924.4765797,2014.7282041880908,12641.87936901322,0.4829893,24.8706,107.5432,72.0096,157.850601889083,356.9392922873454,10861.510871608361
2456924.67918771,2014.7287588985898,12640.056819411842,0.4829144,24.8703,107.2581,72.4963,157.85506449966306,356.9411965076654,10860.530536623724
2456925.28291537,2014.7304118148393,12634.210984733218,0.4826809,24.8709,106.4064,73.9588,157.7823558323007,356.95694665783395,10857.33155215872
2456925.45453876,2014.730881694072,12632.849849985374,0.4826303,24.8708,106.164,74.3735,157.71743703197717,356.9600901341024,10856.556890486469
2456926.26291337,2014.733094903135,12625.184926541371,0.4823129,24.8713,105.0235,76.3302,157.75907158491646,356.9795348714191,10852.44502628652
2456926.60134966,2014.7340214911983,12621.956292810819,0.4821812,24.8713,104.545,77.1508,157.74996119574735,356.98806316859606,10850.695956334135
2456927.07110245,2014.735307604244,12617.84361200156,0.4820096,24.8713,103.8807,78.2909,157.7855597181324,357.0008624721453,10848.496576901802
2456927.57863206,2014.7366971445858,12613.09548200398,0.4818154,24.8716,103.1619,79.5254,157.77553710403936,357.01632794910296,10845.925102632871
2456928.21892317,2014.7384501661056,12607.085489753325,0.4815672,24.8718,102.2543,81.0839,157.79033029218772,357.03614020193606,10842.68606789265
2456928.56504538,2014.7393977970705,12604.08393738384,0.4814461,24.8721,101.7643,81.924,157.76058165774612,357.0450930545869,10841.045059507489
2456929.19563078,2014.741124245804,12597.977889968537,0.4812041,24.8724,100.8708,83.4575,157.6429776063278,357.0635715105162,10837.67069655555
2456929.54097657,2014.7420697510472,12595.152617522725,0.4810838,24.8727,100.3822,84.2943,157.6924347049462,357.0713896230104,10836.17290554557
2456929.99963157,2014.7433254800005,12590.99314246001,0.4809075,24.8731,99.7299,85.4138,157.75380780242267,357.0865271998167,10833.96022817633
2456930.17197154,2014.7437973211224,12589.443293729399,0.4808446,24.8733,99.4848,85.8326,157.74116893340397,357.0903643959265,10833.113768649764
2456930.97464348,2014.7459949171252,12582.032729820396,0.4805383,24.8738,98.3427,87.7919,157.74781128814357,357.1164298348755,10829.106558819365
2456931.31731578,2014.7469331027519,12578.600850634084,0.480409,24.874,97.8545,88.6295,157.5914945818149,357.1280830093552,10827.152223607898
2456931.52125949,2014.7474914701984,12576.628258724431,0.4803186,24.8741,97.5651,89.124,157.70348077347535,357.13217072860647,10826.152726142906
2456932.92229968,2014.751327309185,12563.525517719272,0.4797875,24.8743,95.5659,92.5547,157.5667183865362,357.1827686933873,10818.96935697406
2456933.88768579,2014.753970392307,12554.257302422033,0.4794112,24.8748,94.1857,94.9202,157.46944395912396,357.2165587694203,10813.88443387178
2456934.02524142,2014.754346999097,12553.118017212793,0.4793582,24.8748,93.9905,95.2535,157.54166009409892,357.21908032512,10813.310751554198
2456934.56763889,2014.7558320024364,12547.885803393541,0.4791458,24.8751,93.2133,96.5878,157.4827218179007,357.24157912290445,10810.436191649096
2456934.94674619,2014.7568699416565,12544.509003347326,0.479006,24.875,92.6727,97.5138,157.47762368993608,357.25332100361925,10808.600670608048
2456935.20201675,2014.7575688343597,12541.987170314716,0.4789075,24.8754,92.304,98.1457,157.399149547221,357.26491963050364,10807.183931892612
2456935.54486103,2014.7585074908413,12538.799881982577,0.4787803,24.8756,91.8128,98.9888,157.33321284699468,357.2789032970843,10805.413406624635
2456936.00039597,2014.7597546775357,12534.355277099063,0.4785964,24.8759,91.1585,100.1118,157.321665158448,357.2986160871095,10802.993066762669
2456936.20925641,2014.7603265062564,12532.294671132151,0.4785163,24.8762,90.8597,100.6239,157.2510945922768,357.3060577477131,10801.83084915002
2456936.34302944,2014.7606927568513,12531.01671321752,0.4784661,24.8764,90.6663,100.956,157.21371740951417,357.3129075335546,10801.113899681062
2456936.96743478,2014.7624022855036,12524.808598587962,0.4782087,24.8767,89.7684,102.4971,157.1998609083921,357.3406772186877,10797.73280558551
2456937.23717375,2014.7631407905546,12522.295265498311,0.4781093,24.8771,89.3812,103.1583,157.13314171759794,357.3488154003463,10796.32628429911
2456937.47802814,2014.7638002139358,12520.000878350236,0.4780138,24.8772,89.0337,103.7575,157.1313824867011,357.36312298313203,10795.078229799921
2456937.93669522,2014.7650559759616,12515.698931359331,0.4778336,24.8774,88.3727,104.8919,157.14115447174754,357.38444865384963,10792.745626579213
2456938.21085625,2014.7658065879534,12512.943442264563,0.4777252,24.8775,87.9787,105.5651,157.05873372003498,357.3934283367349,10791.197100813428
2456938.89691174,2014.7676849055163,12506.456363411491,0.4774521,24.8776,86.9886,107.2666,157.0862091423105,357.4286340141238,10787.685619259899
2456939.09952288,2014.7682396245855,12504.47204025309,0.477372,24.8778,86.6965,107.7677,157.05091345339133,357.4379351492604,10786.584563148688
2456939.79453755,2014.7701424710467,12497.413946649047,0.4770723,24.8779,85.6937,109.4854,157.10763106910872,357.4678104231577,10782.778151760878
2456939.85876568,2014.7703183180831,12496.918286177104,0.4770512,24.878,85.6,109.6483,157.11212145437275,357.4737054900595,10782.51108483754
2456940.06598032,2014.7708856408483,12494.640716693406,0.4769673,24.8785,85.3016,110.1614,156.96936958208698,357.4841692945895,10781.184314316424
2456940.99943513,2014.7734413008352,12485.704636795414,0.4765825,24.8789,83.9504,112.4774,157.1000067298628,357.52893169934356,10776.397517253183
2456941.16013929,2014.7738812848463,12484.031785924191,0.476511,24.8789,83.7174,112.8768,157.11701558166897,357.53693745529336,10775.49656269933
2456941.51002735,2014.7748392261462,12480.77943518853,0.4763753,24.879,83.2117,113.7473,157.1080875167636,357.55687858734126,10773.71910755373
2456941.9428867,2014.7760243304583,12476.731414711156,0.4762007,24.8792,82.5829,114.8238,157.16688131371393,357.57794103498463,10771.548772987027
2456942.17963475,2014.7766725112933,12474.061536801813,0.4760893,24.8789,82.2408,115.4118,157.15801158891463,357.59049593440125,10770.088049090578
2456942.46802091,2014.7774620695686,12471.299560984822,0.4759781,24.8793,81.8213,116.1325,157.0977914164314,357.60745495530387,10768.54567852556
2456943.13170338,2014.7792791331417,12465.448286249757,0.4757248,24.8791,80.8584,117.7824,157.1890933632476,357.6403120689646,10765.410173921882
2456944.28673942,2014.7824414494733,12454.783762898729,0.4752713,24.8795,79.1779,120.6618,157.24619268695915,357.7007781895895,10759.62586500908
2456945.26981191,2014.7851329552639,12446.026850725239,0.4749012,24.8798,77.746,123.1157,157.25746408360192,357.75383610502337,10754.851596052173
2456946.12549997,2014.7874757014915,12437.879309246297,0.4745624,24.8804,76.4971,125.2612,157.19315334003204,357.8070474630172,10750.361858552162
2456946.85740312,2014.7894795431075,12431.072172575567,0.4742722,24.8808,75.4285,127.0942,157.22392492937342,357.8500644812889,10746.66009916958
2456947.86781368,2014.792245896454,12421.82415440095,0.4738751,24.8817,73.9473,129.6332,157.29469105178487,357.91197727652883,10741.645791793273
2456948.99449242,2014.7953305747296,12411.446520729547,0.4734426,24.8809,72.3012,132.4579,157.20271019439588,357.98009309733493,10735.911897488486
2456949.24254462,2014.7960097046403,12408.815245609021,0.4733306,24.8812,71.9365,133.0806,157.20698011575678,357.99360632952903,10734.474106849097
2456949.89967288,2014.7978088237642,12402.982153251221,0.473076,24.8821,70.9701,134.737,157.29266811974594,358.0359234449246,10731.33182228309
2456950.11527481,2014.798399109679,12400.825077456184,0.4729816,24.882,70.6534,135.2834,157.32669100083422,358.05312051558263,10730.170889812443
2456950.40794222,2014.7992003893773,12397.88138416996,0.472862,24.8823,70.2225,136.0223,157.25809708858378,358.0726598241286,10728.517037430798
2456950.74627984,2014.8001267072962,12394.432861371128,0.4727105,24.8825,69.7247,136.8793,157.31800625595042,358.098385373413,10726.663652587411
2456951.06957269,2014.80101183488,12391.291408673,0.4725764,24.8828,69.2488,137.6947,157.3232234113848,358.11923944317795,10724.94520029305
2456951.35354012,2014.8017892953324,12388.406139478477,0.4724581,24.8829,68.8303,138.4112,157.26701279214103,358.13735368031473,10723.329870932683
2456951.99562323,2014.8035472230802,12381.64516435813,0.4721726,24.8832,67.8841,140.0359,157.23527482572445,358.1829996911683,10719.603744837383
2456952.00877916,2014.803583242054,12381.503011558954,0.4721601,24.8833,67.8645,140.0705,157.31501147097788,358.1850328605711,10719.57372430885
2456952.48109696,2014.8048763777142,12376.731471577268,0.4719574,24.8837,67.1676,141.2652,157.30516575348702,358.21730402286124,10716.950549815174
2456952.78578947,2014.8057105803427,12373.708083791866,0.4718278,24.8838,66.7177,142.0374,157.3123207741337,358.2392910766117,10715.296057105714
2456953.12754473,2014.8066462552497,12370.225686095211,0.4716745,24.884,66.2128,142.9027,157.36937071909506,358.2628481100911,10713.41927811719
2456954.04309812,2014.8091529038193,12360.776305256777,0.4712836,24.8818,64.8676,145.225,157.20884932066383,358.33755462503274,10708.135238507579
2456954.24104679,2014.8096948577413,12358.698956392269,0.4711758,24.8843,64.5651,145.7294,157.44278865497745,358.3443512131089,10707.134643308933
2456954.36153387,2014.810024733388,12357.462067357128,0.4711278,24.8842,64.3867,146.0328,157.38184997971257,358.3505959802979,10706.418713046918
2456954.96812161,2014.8116854801099,12351.348464517241,0.4708583,24.8843,63.4876,147.5731,157.47722380704272,358.3939271604604,10703.117022748664
2456955.25505414,2014.8124710585626,12347.9264647295,0.4707168,24.8849,63.0617,148.3054,157.41373261671743,358.4175189174562,10701.198330685107
2456955.45090788,2014.8130072768788,12346.091621868465,0.4706406,24.8851,62.7711,148.8049,157.38335329731672,358.43338032363954,10700.171579548081
2456955.97037047,2014.81442948794,12340.737423455721,0.4704048,24.8855,61.9991,150.1325,157.45900392251588,358.4769843416046,10697.273123640078
2456956.13919669,2014.8148917089395,12339.002962389925,0.4703293,24.8857,61.7481,150.562,157.4720363911456,358.4890847817609,10696.327087878703
2456956.91297937,2014.8170102104586,12330.994236920653,0.4699886,24.8864,60.5971,152.5384,157.43121890224666,358.5518242349241,10691.897034131953
2456958.00439153,2014.8199983341,12319.977794617846,0.4695007,24.8874,58.9705,155.3261,157.60329606031064,358.63719972396245,10685.935802436097
2456959.13294353,2014.8230881410818,12308.411470940207,0.4690086,24.8881,57.285,158.2191,157.5243387306,358.7323692105782,10679.51723357312
2456960.07158681,2014.8256580063246,12298.824169339148,0.468594,24.8889,55.8811,160.6288,157.53265653184008,358.81301772315146,10674.237255479551
2456961.01093758,2014.8282298085692,12289.851034912896,0.4681993,24.8903,54.474,163.0427,157.61508326240255,358.893968915081,10669.336897784353
2456961.17552219,2014.8286804166737,12288.298461234099,0.4681326,24.8907,54.2271,163.4663,157.6090530005804,358.9084499974841,10668.476637741744
2456961.42765125,2014.8293707084183,12285.95622666709,0.468036,24.8906,53.8494,164.1128,157.55011816273145,358.928744969393,10667.149036405603
2456962.11491479,2014.8312523334423,12279.575341850963,0.4677543,24.8916,52.8171,165.885,157.61487352620588,358.99125996077646,10663.665264696952
2456963.05005563,2014.8338126095277,12270.67865152587,0.4673706,24.8927,51.4114,168.2984,157.58790775503348,359.0772605699816,10658.735768045091
2456964.15032804,2014.8368249912119,12260.31894787671,0.4669159,24.8941,49.7553,171.138,157.64479204180225,359.17630316373953,10653.044398779171
2456966.3035795,2014.842720272416,12240.121409734915,0.4664012,24.9011,46.498,176.7205,153.1777960888594,359.3792019302391,10639.227557932245
2456966.94805738,2014.8444847566873,12233.849551622217,0.4661297,24.9027,45.5227,178.3969,153.1526302794191,359.44508759256934,10635.742006093407
2456968.0334587,2014.8474564235453,12223.703777733077,0.465699,24.9037,43.8785,181.2242,153.00085214656065,359.55838752367583,10630.034899898512
2456968.81993854,2014.8496096879944,12216.244126997775,0.4653688,24.9048,42.6855,183.2758,153.04895710977235,359.6418123219783,10625.93079532651
2456969.75390911,2014.852166760055,12207.538199702702,0.4649787,24.906,41.2667,185.7145,153.15665740459826,359.7411663801975,10621.168788665836
2456970.99485656,2014.8555642890078,12196.201450934304,0.4644578,24.9072,39.3763,188.9592,153.44425667655014,359.87235595715435,10615.050191290926
2456971.15745111,2014.856009448624,12194.83800955141,0.4643911,24.9074,39.1291,189.3833,153.52747197401914,359.88899849531606,10614.342612947601
2456971.77176641,2014.8576913522525,12189.185625626238,0.464095,24.9084,38.1967,190.9822,154.10922270122956,359.9500131891165,10611.547657181483
2456973.00982516,2014.8610809723746,12177.790482290948,0.463609,24.9103,36.3016,194.2373,153.9209145865243,0.08974994517075174,10605.108103989925
2456974.09788104,2014.8640599070227,12168.279076179553,0.4631687,24.9114,34.6413,197.0864,154.17677522826853,0.20613347179968855,10599.972108825601
2456974.93673801,2014.8663565722384,12161.187308411736,0.4629467,24.9087,33.3494,199.3089,153.0694759006401,0.3099339942208985,10595.378799589223
2456975.02059068,2014.8665861483373,12160.432527990366,0.4626917,24.9186,33.286,199.4243,155.7650288792065,0.27928659858505966,10596.539892694995
2456975.17783115,2014.8670166492816,12158.903815023532,0.462751,24.9129,32.9869,199.9237,154.22261571757736,0.3246062586029552,10594.785008282439
2456975.7934159,2014.8687020284733,12153.623374861005,0.4625225,24.9141,32.0424,201.5444,154.16280746185657,0.39406974963088715,10591.811829043378
2456977.52846409,2014.8734523315266,12138.780302306119,0.4618952,24.9168,29.3772,206.1187,153.79964681637284,0.5930606504353761,10583.334932306654
2456977.94479142,2014.8745921736343,12135.01202825297,0.4617438,24.918,28.7351,207.2196,153.6091612817354,0.6415174916826345,10581.124196783792
2456978.10321645,2014.8750259177282,12133.562870960588,0.4616835,24.9183,28.4913,207.6383,153.56079722545473,0.6602696178767928,10580.288457471099
2456978.61157964,2014.876417740287,12129.011399699371,0.4614931,24.9189,27.7082,208.9815,153.4200289167693,0.7193134966702246,10577.669649703601
2456979.019526,2014.8775346365508,12125.25706584405,0.461337,24.9198,27.0795,210.0601,153.29104685875427,0.7671308417561988,10575.501461943873
2456979.94481559,2014.8800679413828,12117.144113115275,0.4609904,24.9216,25.6511,212.5114,153.1207015526188,0.8780411022131602,10570.877782936068
2456980.1018511,2014.8804978811775,12115.694713027637,0.4609275,24.9219,25.4089,212.9272,153.1015381885918,0.89686277608007,10570.05808770955
2456982.09608668,2014.8859578006295,12098.088093495624,0.4601855,24.9264,22.3237,218.2284,152.5870751462935,1.1472917733473196,10559.930806894188
2456983.17256402,2014.8889050349621,12088.499975745997,0.4597409,24.9266,20.6622,221.0878,152.78581724655396,1.2841874136365732,10554.68996974207
2456983.92832318,2014.8909741907732,12081.837319081913,0.4594528,24.9266,19.489,223.1062,152.66703368523486,1.3844913216110228,10550.896676439063
2456984.0856373,2014.8914048933602,12080.378277707421,0.4594033,24.9269,19.243,223.5299,152.47633168031552,1.4071383903320225,10549.970070552872
2456985.00705147,2014.893927587872,12072.352016119625,0.4590357,24.9278,17.8104,225.9933,152.57515775374122,1.5297683661042925,10545.538494367423
2456985.16001581,2014.8943463814094,12071.001753371544,0.458977,24.928,17.5725,226.4033,152.55328161433317,1.5511026925849478,10544.77036761243
2456985.91314264,2014.8964083302947,12064.445202102534,0.4586749,24.9289,16.3994,228.4206,152.65070547267442,1.6530010939034696,10541.157737466321
2456986.07710668,2014.8968572393696,12063.02634618359,0.4586206,24.9289,16.1419,228.8627,152.53766548106432,1.6759938269012764,10540.297944276039
2456986.5947159,2014.89827437618,12058.533972797597,0.4584011,24.9297,15.3367,230.2475,152.7524352798082,1.7454245751575854,10537.907262810539
2456986.99024084,2014.8993572644483,12055.452891534916,0.4582629,24.9286,14.7174,231.309,152.74978864673994,1.7977847985787605,10536.180221100478
2456987.69125152,2014.901276527091,12049.545066772776,0.4579832,24.9298,13.6234,233.1872,152.91955854796743,1.8910502471619282,10532.968933289083
2456987.89303123,2014.9018289698295,12047.937314349274,0.4579053,24.9304,13.3078,233.7315,152.98666404097548,1.920870861408389,10532.106862194163
2456988.20954047,2014.9026955249008,12045.282318256972,0.4577828,24.9306,12.8127,234.5823,153.0229518148044,1.9646110356921156,10530.639888213931
2456988.54865735,2014.903623976317,12042.465525874748,0.4576511,24.9309,12.2828,235.4924,153.0816312460911,2.0105685258876917,10529.09488309382
2456988.96489868,2014.9047635829702,12039.080616277652,0.4574959,24.9319,11.6321,236.6096,153.11429456115184,2.0668101307223594,10527.215952027624
2456989.12561742,2014.905203606899,12037.769084244967,0.4574314,24.9329,11.3808,237.0412,153.17921916207433,2.088701516384816,10526.51802965883
2456989.62171862,2014.9065618579602,12033.653713169357,0.4572521,24.9346,10.6036,238.3765,153.1039821498698,2.1578311343412224,10524.166372070536
2456990.03472008,2014.9076925943325,12030.470908637491,0.4571065,24.9347,9.9556,239.4868,153.1281582383872,2.213066040272764,10522.394776771485
2456990.18745576,2014.908110761834,12029.072597791896,0.4570362,24.9345,9.718,239.8962,153.21466817295914,2.2343257397787966,10521.660157774744
2456990.93494042,2014.9101572632994,12023.115184941194,0.4567722,24.9354,8.5465,241.9063,153.15411106219744,2.3361852122306743,10518.281693951065
2456991.09928142,2014.9106072044353,12021.822598398408,0.4567134,24.9362,8.2887,242.3497,153.15882528703787,2.359806403286001,10517.558794836166
2456992.00776543,2014.9130944980973,12014.21463992197,0.4563822,24.9383,6.863,244.7978,153.00463128217325,2.486780684985547,10513.197735537691
2456992.1602341,2014.9135119345658,12013.115854299724,0.4563358,24.9384,6.6233,245.2093,152.96472043517588,2.5083035562859664,10512.557548537538
2456992.90748885,2014.9155578065706,12006.75503674535,0.4560694,24.9372,5.4473,247.2269,152.70517118991938,2.613389634551453,10508.834329163517
2456993.06441005,2014.9159874334016,12005.433845027213,0.4560065,24.936,5.2,247.6488,152.7416763748115,2.6333239754242186,10508.112893353844
2456993.97750659,2014.9184873554827,11997.70029855535,0.4556758,24.9362,3.7628,250.1178,152.50231685090057,2.765152026208426,10503.627855885188
2456994.12580486,2014.9188933740181,11996.531676913412,0.4556139,24.9366,3.5306,250.5165,152.60879312135148,2.785485353451122,10503.032007744316
2456995.03632797,2014.9213862504319,11988.552426104097,0.4552485,24.9363,2.0978,252.9805,152.6456169488465,2.91924984455261,10498.56506154695
2456995.53552912,2014.9227529886923,11984.320848353538,0.455131,24.9361,1.3034,254.3486,151.74861632154443,3.00092407074132,10495.668592424063
2456995.97839262,2014.923965482875,11980.466959154488,0.4550373,24.9468,0.5952,255.5541,150.77132132161933,3.0617261649885563,10492.938316139607
2456996.09446337,2014.9242832672685,11979.646872215031,0.4549242,24.9369,0.4171,255.8671,151.6793025901061,3.0822237833507984,10492.998201111865
2456996.42560131,2014.925189873539,11975.992084977659,0.4547926,24.9374,359.8941,256.7783,151.26320707124887,3.144045525983074,10490.701821920193
2456996.82841668,2014.9262927219165,11973.190552757438,0.4546483,24.9376,359.2563,257.8642,151.463522370208,3.1951201100755497,10489.239321574454
2456997.64953123,2014.9285408110331,11965.950177722405,0.4543207,24.9377,357.9545,260.1037,151.4350168144374,3.3235080280596776,10485.144678889066
2456998.05588297,2014.9296533414645,11962.48259421911,0.4541631,24.9377,357.3093,261.2139,151.42811553251704,3.387997072817143,10483.186825571534
2456999.4409097,2014.9334453379877,11950.235448110661,0.4536063,24.9384,355.1059,265.0031,151.39706236434176,3.608678324433299,10476.264395972925
2456999.60286729,2014.9338887537026,11948.894837032685,0.453544,24.9387,354.8499,265.4449,151.4089770655337,3.634848667027086,10475.515058961457
2457000.01010586,2014.9350037121421,11945.3828278713,0.4533808,24.9395,354.2032,266.5571,151.43930506474862,3.698963628792626,10473.551169855584
2457001.06368016,2014.9378882413685,11935.914498179922,0.4525108,24.936,352.6146,269.3081,156.6479798769269,3.8229331073262074,10471.180772986869
2457001.06368016,2014.9378882413685,11936.272155094879,0.4529429,24.9414,352.5264,269.4416,151.68612997695436,3.868233107326205,10468.550307664531
2457001.54687383,2014.939211153538,11932.126340418845,0.4527455,24.9383,351.7545,270.7683,151.7735343627446,3.9467847262824307,10466.259272893622
2457001.96112979,2014.9403453245452,11928.47910062038,0.4525584,24.94,351.0954,271.9015,152.00938441018116,4.0125831636913745,10464.333865580254
2457002.45622417,2014.941700819083,11924.060672141171,0.4523489,24.9378,350.3041,273.2625,152.08864356485083,4.094305130138196,10461.882745981919
2457003.01272041,2014.943224422751,11919.529590334952,0.4521304,24.9388,349.4153,274.7897,152.21160884497476,4.18420780966153,10459.392052848261
2457003.49584207,2014.9445471377683,11915.464320829355,0.4519412,24.9385,348.6416,276.1198,152.2387771165504,4.264430403430765,10457.109298711253
2457004.061255,2014.9460951540043,11910.798224993063,0.4517153,24.9376,347.7362,277.6726,152.37213155085374,4.35454455845661,10454.546521478796
2457004.54708051,2014.9474252717587,11906.490533174556,0.451516,24.9372,346.9561,279.0126,152.3832535977126,4.435602166902413,10452.116042418396
2457004.95462154,2014.9485410582886,11902.66419066341,0.4513347,24.9366,346.303,280.1321,152.4425189695976,4.500319016098956,10449.984625873063
2457005.60386174,2014.950318581081,11897.090004837708,0.4510714,24.9368,345.2619,281.9215,152.5166604295564,4.608710810816888,10446.871587582671
2457006.00484782,2014.951416421136,11893.610231607012,0.4509192,24.9367,344.6192,283.0255,152.41672085896334,4.674788391046832,10444.84451836355
2457006.65085237,2014.9531850852022,11887.749610381632,0.4506511,24.9392,343.5802,284.8076,152.38587193857802,4.781169327235602,10441.507615180819
2457007.54392414,2014.9556301824498,11879.609279740287,0.450283,24.9388,342.1408,287.2785,152.2868744309917,4.932434318049218,10436.83867831045
2457007.93930211,2014.956712668337,11875.807749723064,0.4501172,24.9386,341.5035,288.3717,152.16611767941777,4.9986393986569055,10434.615197500449
2457008.42136961,2014.9580324972208,11871.294953225311,0.449919,24.9394,340.7237,289.7087,152.03749916513334,5.080701000520435,10431.983399011215
2457008.58606958,2014.9584834211641,11869.824888317367,0.4498529,24.9369,340.4586,290.1674,152.01343981562331,5.111968380943608,10431.136028108842
2457008.98597141,2014.959578292703,11866.315330757441,0.4496988,24.9363,339.8137,291.2731,151.91126609421735,5.178614626864146,10429.087407728923
2457009.62904454,2014.9613389309793,11860.529732482693,0.4494413,24.9341,338.7729,293.0622,151.7815308270201,5.293084847415912,10425.731156474663
2457010.02850686,2014.9624325992063,11856.960433257165,0.4492813,24.9334,338.1248,294.172,151.71353575482317,5.361064285696557,10423.666799294091
2457010.05702378,2014.9625106742778,11856.516121420444,0.4493073,24.9434,338.0651,294.2745,151.16057549855122,5.375757260004093,10423.101847298964
2457010.15807947,2014.9627873496784,11855.55822666287,0.4492209,24.933,337.9155,294.5311,151.65739007897082,5.383154115769457,10422.839041457033
2457010.5090933,2014.963748373169,11852.525165038616,0.4490834,24.9329,337.3452,295.5117,151.61656533751284,5.447485659163476,10421.09389429307
2457010.9137251,2014.9648561946613,11848.85540737532,0.4489135,24.9326,336.6888,296.6386,151.60795545653946,5.519169921979369,10419.004992453096
2457011.39608918,2014.966176835537,11844.11702584457,0.4487068,24.9321,335.9058,297.9845,151.4448763523351,5.606639206663203,10416.221225055913
2457011.5582801,2014.9666208900755,11842.394303104227,0.448632,24.9318,335.6426,298.439,151.3809621139726,5.638079572782317,10415.206334419338
2457011.95570941,2014.9677089922243,11838.919878088689,0.4484687,24.9316,334.9964,299.5465,151.39857095809566,5.707662799276932,10413.241852171377
2457012.43434689,2014.9690194302261,11834.26468076725,0.448258,24.9328,334.2165,300.8866,151.324563495883,5.796105118610058,10410.55394423794
2457012.5957701,2014.9694613828888,11832.825010704993,0.4481878,24.9304,333.9556,301.3365,151.36090137214524,5.826002160034818,10409.755913293182
2457012.99455819,2014.9705532051746,11828.662871592836,0.4480031,24.9296,333.306,302.4546,151.24893626434368,5.901446137171206,10407.325965893342
2457013.63678691,2014.9723115315805,11822.019819165953,0.4476949,24.9277,332.2584,304.2573,151.22553842643356,6.023548631023914,10403.533786844011
2457013.87308449,2014.972958479097,11819.505715842077,0.4475773,24.9275,331.8731,304.9196,151.22696021091178,6.067647525072061,10402.10395112287
2457014.67985008,2014.9751672829022,11811.448922916847,0.4471885,24.927,330.5562,307.1831,151.36849625104605,6.219078155186935,10397.597192712927
2457014.91290828,2014.9758053614778,11808.940260468344,0.4470701,24.927,330.1748,307.8395,151.37985732673496,6.26436986795693,10396.174967357058
2457015.39439875,2014.9771236105403,11804.447477456393,0.4468484,24.9265,329.3873,309.1947,151.51270927096903,6.357500205530073,10393.690471259373
2457015.76277542,2014.9781321708972,11800.690526077917,0.4466636,24.9279,328.7891,310.2259,151.61531321406073,6.427418476999037,10391.607440368485
2457015.95060661,2014.9786464246686,11798.848349329486,0.4465742,24.9275,328.4804,310.7574,151.65078680635088,6.46508711934905,10390.577496221411
2457016.58605847,2014.980386197043,11792.654400506528,0.4462705,24.926,327.439,312.5477,151.80432486527934,6.587669064521492,10387.132681790066
2457017.62193946,2014.9832222846264,11782.550475217984,0.4457784,24.9234,325.7372,315.4739,152.00767645607084,6.791077534473061,10381.483348091002
2457018.34350895,2014.985197834223,11775.977403498617,0.4454441,24.9219,324.5483,317.5119,152.30144737683804,6.928979679702138,10377.89623871442
2457018.65833935,2014.9860597928816,11772.812905935773,0.4452875,24.9215,324.0303,318.4021,152.39017908389633,6.990874562610202,10376.139085444422
2457019.37167103,2014.9880127885826,11766.07973330072,0.4449696,24.9195,322.8533,320.4202,152.3956408057902,7.1288961102270605,10372.296410176952
2457019.52743038,2014.9884392344427,11764.620568682989,0.4449014,24.9192,322.5975,320.8606,152.38810720713082,7.159975600596454,10371.458542731923
2457019.92346226,2014.9895235106367,11760.835943193235,0.4447173,24.9187,321.9435,321.9816,152.45243679338637,7.2366361707941,10369.331832196794
2457020.40055786,2014.9908297272,11756.330026285916,0.4445095,24.9171,321.1548,323.3355,152.3933444665763,7.331598207999946,10366.723265610992
2457020.55619331,2014.9912558338394,11754.98111278287,0.4444423,24.9168,320.8976,323.7764,152.4339705610928,7.361899817820813,10365.974752581196
2457021.42770146,2014.993641893115,11746.488272833403,0.4440472,24.9156,319.4545,326.251,152.3567454488948,7.534418478655425,10361.074545815394
2457021.57709067,2014.9940508984803,11744.915381889643,0.443978,24.9153,319.207,326.677,152.29504046904276,7.5656765471321705,10360.140286359992
2457022.45289787,2014.9964487279124,11736.579907464331,0.4435925,24.9144,317.7537,329.1675,152.1847848624593,7.739657951558229,10355.308491847887
2457022.61439755,2014.9968908899384,11734.909030953631,0.4435113,24.9137,317.4857,329.6265,152.20797125364697,7.771479622174866,10354.364835953047
2457023.18913454,2014.9984644340589,11729.335893349453,0.4432615,24.9131,316.5305,331.2659,152.03657125953487,7.889203738772949,10351.078074445999
2457023.64468606,2014.9997116661466,11725.022626950087,0.4430665,24.9121,315.774,332.5644,151.92158920650581,7.982200187242938,10348.543385824525
2457024.66921097,2015.0025166624775,11715.151612389203,0.4426154,24.9117,314.0697,335.4947,151.70879541091108,8.198401508071356,10342.768102088166
2457025.37445245,2015.0044475084185,11708.368881274371,0.4423024,24.9122,312.8939,337.5146,151.59292500140145,8.34739696935003,10338.81443731988
2457025.67850912,2015.0052799702119,11704.985577722637,0.4421493,24.9113,312.3865,338.389,151.49809802247637,8.414710723714279,10336.82111384068
2457026.55150488,2015.0076701023413,11696.521463985484,0.441754,24.9091,310.9251,340.8952,151.40002118404027,8.599063157102705,10331.909637721621
2457027.41640556,2015.0100380713484,11687.774152684755,0.441378,24.9076,309.4787,343.38,150.91147272106264,8.784994314595906,10326.61660909328
2457027.74773365,2015.0109451982198,11683.70115291364,0.4411664,24.906,308.9207,344.3387,151.10847660687978,8.859128640856511,10324.38600501316
2457027.84567527,2015.011213347762,11683.57951933729,0.4412544,24.9279,308.8085,344.5953,150.01234867982566,8.906994805677641,10323.709679648937
2457027.96301914,2015.0115346177688,11681.625692033462,0.4410629,24.9056,308.5572,344.963,151.1576875906767,8.907737603222017,10323.220758982467
2457028.29363269,2015.0124397883365,11679.300191857685,0.4409117,24.9046,308.0021,345.9076,151.62378945538603,8.971376198903044,10322.142102404649
2457028.42698649,2015.0128048911429,11676.795398650731,0.4409433,24.9274,307.8316,346.2597,149.85440214486152,9.021539188589486,10319.724381438189
2457028.43542889,2015.0128280051745,11677.044957630113,0.4408299,24.9041,307.7642,346.3226,151.31809666252593,9.008718137231881,10320.676909668646
2457029.15301093,2015.0147926377274,11668.946955030593,0.4406697,24.9261,306.6053,348.3599,148.65930104134895,9.179850418134606,10314.552497937839
2457029.61060235,2015.016045454757,11664.204427010587,0.4402315,24.9013,305.7855,349.7279,151.11791580107547,9.277036287500096,10313.182433575543
2457030.16825627,2015.0175722279803,11658.31860670754,0.4403011,24.9244,304.8797,351.2949,147.01180002374258,9.388597927128785,10307.530574744878
2457030.47126735,2015.0184018271048,11656.735182542967,0.439821,24.8993,304.3329,352.2043,151.7219578217364,9.452542242282334,10309.217180610201
2457030.62747642,2015.0188295042294,11654.077520732177,0.4397047,24.8993,304.0699,352.6581,151.58856070188995,9.489378477416722,10307.613656878912
2457031.33206727,2015.020758568843,11646.727292857133,0.4393554,24.8987,302.8791,354.7212,151.53846441297082,9.667215216592922,10303.353105061547
2457031.64298613,2015.0216098182887,11643.128876911254,0.4391887,24.8976,302.3527,355.6254,151.46194152814041,9.738565416046868,10301.237894649132
2457032.34503672,2015.0235319280491,11636.02132859209,0.438837,24.8959,301.1627,357.6669,151.5683368167247,9.898105902332645,10297.200090016071
2457032.64433164,2015.024351352882,11632.86566051479,0.438681,24.895,300.6554,358.5382,151.61221969450162,9.9671129625317,10295.40481179704
2457033.35723255,2015.0263031691995,11625.704509563837,0.4383183,24.8935,299.4429,0.618,151.80917262948242,10.131759088139518,10291.382651963306
2457033.66934531,2015.0271576873647,11622.511243586117,0.438172,24.8936,298.9152,1.5216,151.71594696150078,10.200032548707497,10289.489030092689
2457033.89760998,2015.0277826419708,11620.097820533962,0.4380607,24.8932,298.5265,2.1866,151.6533352023789,10.25134889050156,10288.061913926622
2457034.68055934,2015.0299262404926,11612.206192623375,0.4376688,24.8922,297.193,4.4745,151.76954294533334,10.434053422653449,10283.569741754678
2457035.03664674,2015.0309011546613,11608.820923220732,0.4375058,24.8919,296.5851,5.5134,151.75813815030597,10.514084321926873,10281.608364629024
2457035.37553329,2015.0318289754694,11605.454799457917,0.4373361,24.8915,296.0071,6.5085,151.83415873670947,10.59716883100765,10279.705442776753
2457035.52849391,2015.032247758823,11603.694704339283,0.437253,24.892,295.7477,6.9541,151.80808378281836,10.632606823724188,10278.674208149323
2457036.38318267,2015.034587769117,11595.333239877633,0.4368425,24.8908,294.2866,9.4587,151.86257903638761,10.833703117874848,10273.87111194657
2457036.54551939,2015.0350322228342,11593.549840419355,0.4367615,24.8906,294.0094,9.9338,151.79732179303664,10.871599779735675,10272.804269962082
2457037.38949339,2015.0373428977139,11585.240032157853,0.4363634,24.8896,292.5644,12.4107,151.72900190934251,11.071656823011267,10267.960486321466
2457037.68903663,2015.0381630024096,11582.179303931702,0.4362266,24.8892,292.0526,13.2872,151.5883055872082,11.141119132556241,10266.112642164084
2457038.24160896,2015.0396758629981,11576.70260269865,0.43591,24.8878,291.1032,14.9266,152.16587115628045,11.286489320652208,10263.25764626545
2457038.39440303,2015.040094190363,11575.1840911409,0.4358977,24.8883,290.8424,15.3644,151.45166873599192,11.312891469242516,10261.989050482976
2457038.71024076,2015.0409589069402,11571.96290838503,0.435744,24.888,290.3002,16.2916,151.4132028337035,11.3865935015491,10260.10289735098
2457039.05724992,2015.0419089662423,11568.306610692469,0.4355772,24.8874,289.7022,17.316,151.27970846555309,11.47097215279473,10257.912528453748
2457039.39793422,2015.0428417090206,11564.810793311102,0.4354085,24.8868,289.1156,18.3254,151.25757301170506,11.557984752558866,10255.87529313382
2457039.69679154,2015.0436599357697,11561.573290200624,0.4352601,24.8864,288.6022,19.2061,151.14544375057085,11.630723122891425,10253.938279967075
2457040.2606505,2015.045203697468,11555.55914003631,0.43498,24.8856,287.6304,20.8731,150.98572530331694,11.770168911517658,10250.365391650123
2457040.55681926,2015.0460145633406,11552.272096229672,0.4348257,24.8853,287.1201,21.748,150.91099539613697,11.842857197417572,10248.418878787266
2457041.40059897,2015.0483247062828,11543.628885411672,0.4344299,24.8838,285.6633,24.2497,150.59504308516716,12.056105738208771,10243.23372714411
2457041.71396657,2015.0491826600132,11540.192248393932,0.4342681,24.8833,285.1218,25.1774,150.5185870491723,12.133442395207169,10241.197988920036
2457042.55181285,2015.0514765581106,11530.960514991133,0.4338378,24.8817,283.6727,27.6685,150.25767328051188,12.34963908014305,10235.697095615711
2457043.25860095,2015.0534116384663,11523.44267760314,0.4334958,24.8802,282.4507,29.7681,149.94237532142415,12.530610152172244,10231.159397695616
2457043.70899515,2015.0546447505817,11518.383613932932,0.4332395,24.8797,281.6663,31.1127,150.0285562244353,12.646889790617479,10228.266153117203
2457044.39371271,2015.0565194050928,11511.135651118944,0.4328888,24.8786,280.4757,33.1585,149.9576524688464,12.827214166613487,10224.014013166032
2457044.70419235,2015.0573694520197,11507.536483725002,0.432714,24.8781,279.9362,34.0853,149.92804170642103,12.908497272949887,10221.904738727122
2457045.23490821,2015.0588224728544,11501.585447900747,0.4323687,24.8768,278.9985,35.7031,150.52359985298244,13.065509772372593,10218.764052972234
2457045.54530038,2015.0596722803007,11498.494786387308,0.4322645,24.8956,278.4565,36.6408,149.96738679699047,13.155279091718171,10216.664968441257
2457045.68380506,2015.0600514854486,11496.489271095057,0.432173,24.8767,278.2299,37.0139,149.8807133380942,13.165265238498023,10215.450793135142
2457046.38169017,2015.0619621907465,11488.839620801093,0.4317787,24.8768,277.0093,39.1077,150.06708482310387,13.350611331268567,10211.0969421148
2457046.53215609,2015.0623741439829,11486.980746897252,0.4316821,24.8767,276.7455,39.5611,150.12047541707852,13.39190816612438,10210.04291446295
2457047.0083499,2015.0636778915814,11482.350823140929,0.4314329,24.8765,275.9095,40.9919,150.3506086958505,13.517359030668786,10207.469260218864
2457047.373412,2015.0646773771389,11478.636882188026,0.4312495,24.8762,275.27,42.0923,150.3441660628796,13.61844422996478,10205.301170286259
2457048.36386329,2015.0673890849823,11468.525566333044,0.4307361,24.8759,273.5348,45.0689,150.48129114045696,13.883629406336127,10199.47869526781
2457048.6965397,2015.068299903354,11465.012250951997,0.430561,24.8756,272.9514,46.0682,150.48881116985467,13.97163479257722,10197.43298131517
2457049.35512197,2015.0701030033406,11458.444258825657,0.4302356,24.8752,271.794,48.0527,150.47731806324464,14.149618797361597,10193.593484378975
2457049.6561478,2015.0709271671456,11454.939681957816,0.4300577,24.8752,271.2654,48.9593,150.51836869630642,14.230919827594562,10191.56936348109
2457050.18821795,2015.072383895825,11450.901387611024,0.4298162,24.8748,270.325,50.5872,150.98216661332663,14.393997503027322,10189.45963358666
2457050.32915056,2015.0727697482816,11447.722780101582,0.4296068,24.8757,270.0815,51.0079,151.5669292550374,14.43229061863184,10187.91605842277
2457050.34128667,2015.0728029751401,11447.464610887964,0.4296948,24.8749,270.0596,51.0268,150.41229440538245,14.417328949535488,10187.146437476498
2457050.47014032,2015.073155757207,11446.278025088868,0.4295074,24.8772,269.8387,51.4274,151.88061085581376,14.470027405552344,10187.239874507879
2457050.64231008,2015.0736271323206,11443.928529442472,0.4295225,24.8744,269.5293,51.9355,150.36743765501706,14.499032364565437,10185.05624062702
2457051.32738831,2015.0755027742912,11436.723622446849,0.4291683,24.874,268.3202,54.0079,150.30808783149314,14.687101255155824,10180.812965942067
2457051.62899771,2015.076328535825,11433.533127917219,0.4290119,24.8738,267.7894,54.916,150.2750569965092,14.767127103013252,10178.929655130003
2457053.29527485,2015.080890554004,11415.223590996982,0.4281214,24.8727,264.8396,59.9755,149.98578590632678,15.234500558540503,10168.060484241996
2457053.75738534,2015.0821557435731,11409.958140878072,0.4278671,24.8724,264.0237,61.3702,149.87614001917973,15.35783231370533,10164.918126735318
2457054.03219706,2015.082908137057,11406.77834787122,0.4277113,24.872,263.5315,62.2154,149.8340518913683,15.439970659485766,10163.032793266491
2457054.5728623,2015.08438839781,11400.618393483972,0.427419,24.8718,262.5713,63.8649,149.64118035944648,15.596376788412158,10159.320022507027
2457055.4033017,2015.0866620169747,11391.376595014082,0.4269613,24.8716,261.0922,66.3995,149.5633352172963,15.833373889099164,10153.85953813002
2457055.55196524,2015.0870690355646,11389.54686432775,0.4268768,24.8715,260.8275,66.8551,149.47724543348522,15.877747196790438,10152.740442655051
2457056.38173708,2015.0893408270497,11379.815511423229,0.4263894,24.8716,259.3458,69.3957,149.44650339678537,16.118802262074382,10147.013388179344
2457056.67134432,2015.0901337284595,11376.318845830474,0.4262215,24.8712,258.8279,70.2838,149.35086288234015,16.203557754588076,10144.909661845746
2457057.06630583,2015.0912150741415,11371.795335876666,0.4259912,24.8711,258.1209,71.4987,149.3742945921622,16.322173309099526,10142.265506229593
2457057.65829281,2015.0928358461601,11365.018642945997,0.4256678,24.8702,257.0606,73.3154,149.15986024418817,16.49509538237345,10138.170360159704
2457058.63294675,2015.0955043032175,11353.767639450485,0.4251037,24.8697,255.3109,76.3157,149.10270697981832,16.785050841742702,10131.525651312493
2457058.87573075,2015.0961690095828,11350.897885628376,0.4248335,24.8718,254.8839,77.069,150.51990873427349,16.87205655015964,10130.58715101746
2457059.01218721,2015.0965426070086,11349.051784742342,0.424871,24.8696,254.6292,77.4885,149.03250390707854,16.902361476884153,10128.71447462331
2457059.30792918,2015.0973523043945,11345.791928898481,0.4247075,24.8696,254.0956,78.4022,149.01270325582936,16.99097041797438,10126.7858887633
2457059.60482661,2015.098165165257,11342.351046406546,0.4245353,24.8696,253.5634,79.315,148.98634221502834,17.078940507528785,10124.74683240586
2457059.98607545,2015.0992089676938,11337.762290887058,0.4242991,24.8694,252.8755,80.4974,149.02365484974052,17.197671630192986,10122.065036452246
2457060.28027128,2015.1000144319783,11334.48897154116,0.4241351,24.8695,252.3449,81.4063,148.99805814765205,17.286004487795537,10120.123891938125
2457060.57495918,2015.1008212434767,11331.081408180893,0.4239556,24.8701,251.8152,82.3143,149.06969112671777,17.37385234840076,10118.15449814928
2457060.95486542,2015.1018613700746,11326.812732784636,0.4237358,24.8699,251.1291,83.4942,149.1003780079518,17.49320677312039,10115.655538587022
2457061.40343456,2015.103089485449,11321.739485943834,0.4234736,24.8701,250.3182,84.8848,149.14540756904898,17.63078523843751,10112.689024465437
2457061.70690523,2015.1039203428609,11318.397171939852,0.4232932,24.87,249.7711,85.8215,149.26031415848138,17.721276570071552,10110.778899962299
2457062.07435328,2015.104926360794,11313.892109312541,0.4230627,24.8699,249.1048,86.967,149.2700660380815,17.838310114157423,10108.12704906354
2457062.3670301,2015.105727666256,11310.57529725071,0.4228879,24.8701,248.5756,87.8739,149.3335620044818,17.927540147878346,10106.203696058657
2457063.0417523,2015.107574954963,11302.634603869048,0.4224692,24.87,247.3534,89.9712,149.48330488017473,18.137616213330205,10101.595779911995
2457063.33321431,2015.108372934456,11299.436807836953,0.4223031,24.8701,246.8246,90.8769,149.51331563330405,18.22724359589563,10099.723396064377
2457063.63110005,2015.109188501164,11295.981530638552,0.4221184,24.8702,246.2857,91.8034,149.60358049585466,18.32123958093763,10097.73008450655
2457064.59452132,2015.1118262048458,11284.724550900371,0.4215322,24.8701,244.532,94.8123,149.71348456532542,18.626866255481445,10091.135629711081
2457065.11895957,2015.113262038521,11279.10797511282,0.4212384,24.8698,243.5758,96.4505,149.7782782490558,18.7919661323981,10087.848454812882
2457065.71939243,2015.1149059341,11272.219275770127,0.4208782,24.8693,242.4831,98.322,149.85161697869262,18.978963723987818,10083.811587703003
2457066.07676274,2015.1158843606845,11268.678031591871,0.4206945,24.8693,241.8297,99.4441,149.87086143034503,19.095430153559448,10081.725887954508
2457066.3735052,2015.1166967972615,11265.25129407,0.4205204,24.8693,241.2885,100.371,149.84701378716545,19.18865298582955,10079.684910694572
2457066.51848949,2015.117093742614,11263.721317617128,0.420441,24.8691,241.0238,100.8245,149.85476311686398,19.234552658926418,10078.783097229632
2457067.32784291,2015.1193096315121,11254.79584339156,0.4199925,24.8682,239.5416,103.366,149.7297001359293,19.496132655596284,10073.43126021043
2457068.00255078,2015.1211568809852,11247.497024469969,0.4196212,24.868,238.3043,105.4877,149.67252606545117,19.715522845330838,10069.075809651456
2457068.29401968,2015.1219548793429,11244.593810411241,0.419471,24.868,237.7697,106.4009,149.67650016422795,19.806843436546444,10067.356645401958
2457068.58878704,2015.122761908392,11241.321545334964,0.4193032,24.8679,237.228,107.3286,149.6631491470689,19.902312978851228,10065.409214787831
2457068.9601941,2015.1237787655036,11237.311687205993,0.4191024,24.8678,236.545,108.5003,149.59108954991189,20.024944418733185,10062.99320378431
2457069.39913209,2015.124980512225,11232.355128519814,0.4188507,24.8678,235.7379,109.881,149.53902029069923,20.16591559902605,10060.025108298585
2457069.54293016,2015.125374209884,11230.840268219086,0.4187731,24.8677,235.4734,110.3338,149.5301734921477,20.212484441708284,10059.121442004163
2457070.35307399,2015.1275922628063,11222.064277159405,0.4183303,24.8682,233.9778,112.8991,149.39846147602748,20.48368538976024,10053.842534090987
2457070.49777097,2015.1279884215476,11220.320347869696,0.4182435,24.8684,233.7106,113.3586,149.35799445545672,20.53336824290284,10052.785726988232
2457071.16495463,2015.129815070856,11212.587660012558,0.4178476,24.869,232.4766,115.4753,149.2985164866941,20.75847449180219,10048.160479985816
2457071.97236641,2015.1320256438325,11202.411239124744,0.4173352,24.8696,230.9813,118.0435,149.1144041623702,21.035568220278833,10042.014807685986
2457072.26255578,2015.1328201390277,11199.015771202818,0.4171561,24.87,230.4426,118.9652,149.1417282493585,21.132549950006307,10040.009208283314
2457072.71777734,2015.134066467735,11193.451927688762,0.4168705,24.8703,229.5981,120.4151,149.09572586718514,21.289271615401617,10036.674743212914
2457073.19111486,2015.1353623952364,11188.571253557655,0.4165774,24.8693,228.7297,121.9281,149.52903103586596,21.46733771487021,10033.993318556313
2457073.50325734,2015.1362169947702,11184.903259914,0.4164298,24.8705,228.1396,122.9193,149.03993236866518,21.56078188272386,10031.55652457646
2457074.00725757,2015.1375968721973,11179.495382877312,0.4161391,24.8658,227.1935,124.5666,149.13393579259264,21.76522600898852,10028.383817304459
2457074.02125963,2015.1376352077484,11179.319031968913,0.416133,24.8705,227.1766,124.5741,149.09916523859374,21.74202521058072,10028.26081023197
2457074.969259,2015.1402306885693,11168.994856278567,0.4155865,24.8712,225.4081,127.6146,149.17507543975353,22.079652115070985,10022.14655389252
2457075.25371356,2015.14100948271,11165.911964296945,0.415416,24.8716,224.877,128.5242,149.2771797365649,22.177786224402325,10020.360738727431
2457076.06309729,2015.1432254545934,11156.971240315603,0.414932,24.8708,223.3729,131.1048,149.45054962896847,22.45653634638677,10015.115880238849
2457076.34352983,2015.1439932370438,11153.902963052928,0.4147838,24.8705,222.8402,132.0195,149.3084072065758,22.562134664258338,10013.211431478805
2457076.64781825,2015.1448263333336,11150.576286572206,0.4146065,24.8702,222.2719,132.9964,149.33857941350652,22.670819999885907,10011.240867791696
2457077.0085503,2015.1458139638598,11146.749780676691,0.4144285,24.8691,221.5984,134.1578,149.0826891955212,22.803173010466935,10008.82438923274
2457077.95151539,2015.1483956615746,11135.86887861982,0.4138463,24.8689,219.8302,137.1935,149.1944459178585,23.14126183319445,10002.380504417742
2457078.69288722,2015.1504254270228,11127.818039873917,0.413442,24.8686,218.4417,139.576,148.97439383236542,23.404546271803724,9997.454082733197
2457079.04060458,2015.151377425271,11123.897103827325,0.4132474,24.8689,217.7857,140.7012,148.83924780315374,23.53102690247863,9995.039529203956
2457079.9811234,2015.1539524254617,11113.61141223517,0.4127235,24.8679,216.0148,143.7413,148.62651253752756,23.873226833753904,9988.775026213665
2457080.0955497,2015.1542657075972,11112.727414146424,0.4125411,24.8557,215.8089,144.065,150.13432271430247,23.87824526503431,9989.015978103118
2457080.26749398,2015.15473646538,11110.790891117083,0.4124847,24.8708,215.4779,144.6539,149.62334363191985,23.96667246323966,9987.595291048894
2457081.0663497,2015.156923613142,11102.890418828463,0.4121104,24.8676,213.9682,147.2497,149.13750716889808,24.265399268902343,9982.614463687398
2457081.21025845,2015.1573176138259,11101.31823910034,0.4120305,24.869,213.6935,147.7211,149.10023438470762,24.320259022692824,9981.653314618803
2457082.00418112,2015.1594912556334,11092.984526674945,0.4115974,24.8689,212.1903,150.3002,149.004637255307,24.61364797199633,9976.608734524278
2457082.14833962,2015.1598859400954,11091.493134379243,0.4115113,24.8692,211.9165,150.7692,149.08207570976538,24.666761565641536,9975.753788063003
2457082.93909808,2015.1620509187685,11082.878526515304,0.4110657,24.8701,210.4146,153.3449,148.95100699832165,24.961169243379913,9970.518967349935
2457083.22941476,2015.1628457625193,11079.647537699235,0.4108952,24.8707,209.8622,154.2926,148.93724676679994,25.070325493091104,9968.572767719115
2457084.02107716,2015.1650132160432,11070.432422987087,0.410418,24.871,208.3563,156.8759,148.79138880957362,25.367442224435422,9962.965313042067
2457084.1641292,2015.165404871184,11068.748186845325,0.4103244,24.8712,208.0839,157.3429,148.8344283269298,25.42104637378975,9961.975420664156
2457085.09880891,2015.1679638847645,11058.187012982244,0.4097765,24.8719,206.3013,160.4018,148.66554245692532,25.77610148478135,9955.542675467852
2457086.12701287,2015.1707789537845,11046.588809552117,0.4090471,24.8693,204.3536,163.7665,149.87739211237113,26.179676637559965,9949.179399578206
2457086.1740403,2015.1709077078708,11046.048910314643,0.4091421,24.8723,204.25,163.9236,148.50896244579872,26.186825166481754,9948.162452376837
2457086.95926521,2015.1730575365098,11037.433047790753,0.4086929,24.874,202.7442,166.5071,148.37622693331105,26.490586856476625,9942.909001665928
2457087.24547731,2015.1738411425322,11034.441890042783,0.4085336,24.8743,202.1944,167.451,148.3653207128009,26.60258868837866,9941.10217299367
2457087.68805332,2015.1750528496102,11029.403471582504,0.4082759,24.8751,201.3459,168.9079,148.22754275903208,26.774774140292322,9937.997522184995
2457088.03360236,2015.1759989113216,11025.592351587524,0.4080771,24.876,200.6796,170.054,148.16429896950558,26.91399192426752,9935.669082642538
2457088.17593927,2015.1763886085416,11024.052387220188,0.4080004,24.8759,200.4062,170.5234,148.09830361339755,26.969700925014536,9934.707660892298
2457088.61395096,2015.177587819192,11019.105759760485,0.4077312,24.8771,199.5633,171.9696,148.13624540643104,27.14128509088539,9931.744679385189
2457088.9591901,2015.1785330324435,11015.173086000303,0.4075391,24.8776,198.8971,173.1155,147.92306018751697,27.280708320362464,9929.2657077664
2457089.24420972,2015.179313373634,11011.994147379037,0.4073653,24.8775,198.3489,174.0571,147.9535479337319,27.393185491757322,9927.36348607095
2457090.03440767,2015.1814768177144,11002.99410072155,0.4068835,24.879,196.8256,176.6741,147.92105054061358,27.70804562285656,9921.915699214895
2457090.17410484,2015.1818592877207,11001.494583676109,0.4068047,24.879,196.5551,177.138,147.8985800121245,27.763756420505672,9920.999103717159
2457090.95864777,2015.1840072491989,10992.804734385363,0.4063435,24.8796,195.0377,179.744,147.8136837986449,28.079090288418683,9915.708137497006
2457091.23756249,2015.1847708760854,10989.740257219759,0.4061818,24.8796,194.4972,180.6724,147.7714780097749,28.19208460928695,9913.835318899783
2457092.02429527,2015.1869248330459,10981.27612782527,0.405737,24.8807,192.9717,183.2951,147.62979554982758,28.51386010351291,9908.647833740679
2457092.16410433,2015.1873076093905,10979.856800777918,0.4056552,24.8808,192.7008,183.7599,147.68449428699114,28.569960619412427,9907.816938158488
2457092.59743022,2015.1884939910194,10975.43083392054,0.4054168,24.8814,191.8609,185.201,147.67048661114313,28.744063232978363,9905.132869124021
2457092.95322101,2015.1894680931143,10971.63929636411,0.405211,24.881,191.1682,186.3914,147.67406544511232,28.89108647880721,9902.840616165133
2457093.22448736,2015.1902107799044,10968.821178611008,0.4050521,24.8813,190.6411,187.2964,147.74082569014354,29.001619234397367,9901.168472142397
2457094.14606733,2015.192733928351,10958.899021661338,0.4045154,24.8824,188.8453,190.3793,147.71930035439345,29.38038579369413,9895.149877594784
2457094.92628216,2015.194870040137,10950.668481190822,0.4040667,24.8821,187.3239,192.9901,147.7317052020344,29.700785550734224,9890.169012490134
2457095.20531657,2015.1956339947162,10947.72306648204,0.4039153,24.8828,186.7773,193.9296,147.63391976702678,29.818661902138842,9888.334836584729
2457095.98043602,2015.1977561561125,10939.674846562653,0.40348,24.8839,185.261,196.5307,147.59853947155352,30.139483799525124,9883.436541225423
2457096.12377855,2015.1981486065706,10938.203235921284,0.4034001,24.884,184.9806,197.0119,147.59465673031445,30.1990016345423,9882.541855696272
2457096.77727662,2015.1999377867755,10931.225800381411,0.4030277,24.8844,183.701,199.2076,147.5027078730318,30.470996760768912,9878.26191590746
2457097.18007736,2015.2010405950994,10927.09503521426,0.4028019,24.8851,182.9111,200.5631,147.50409354938893,30.63958576425955,9875.754810155593
2457097.61434868,2015.2022295651739,10922.65416533229,0.4025656,24.8867,182.0607,202.0223,147.43303767279758,30.820356537382736,9873.022593505313
2457097.83209586,2015.2028257244629,10920.39842488127,0.4024475,24.8863,181.6309,202.7594,147.37507978386475,30.91303919339225,9871.623580070105
2457098.66399203,2015.2051033320467,10912.001284390044,0.4019886,24.8887,179.9982,205.5621,147.36486487988896,31.263100463165642,9866.515574885285
2457099.0073764,2015.2060434672137,10908.555793131818,0.401841,24.8883,179.3199,206.7259,146.91452466393457,31.410151803049416,9864.197773883756
2457099.152065,2015.2064396030116,10906.564758564418,0.4017187,24.8885,179.0349,207.2149,147.05744228810636,31.471542915780844,9863.057840694388
2457099.5770626,2015.207603183025,10901.592816621374,0.4014674,24.8901,178.1997,208.6502,146.8223926737137,31.652754111054378,9859.917398573623
2457099.92230275,2015.2085483990415,10896.969904985954,0.4012124,24.8899,177.5185,209.8199,146.8341566787667,31.800976345029426,9857.110386713664
2457100.20003747,2015.2093087952637,10893.551691100953,0.4010281,24.8908,176.9693,210.7614,146.79505416695065,31.91953370504774,9855.010590306727
2457100.97521964,2015.2114311283776,10885.16022245146,0.4006027,24.8926,175.436,213.3956,146.39934740480476,32.25639378403366,9849.705593780776
2457101.18692477,2015.2120107454346,10882.829478620039,0.400483,24.8934,175.0193,214.1121,146.30498053385054,32.3475316435231,9848.239287414714
2457102.01985985,2015.2142911973988,10874.377223379855,0.4000455,24.8935,173.3676,216.9492,145.99524986424876,32.711968936403025,9842.935972306956
2457102.91938013,2015.216753949705,10865.093761089767,0.3995593,24.8947,171.5831,220.0169,145.70820347437257,33.10857810617165,9837.13382540648
2457103.07026332,2015.2171670453665,10863.55907577236,0.3994774,24.8948,171.2828,220.5319,145.6764414364152,33.17456366805993,9836.182012954396
2457103.63078381,2015.2187016668304,10857.775574452973,0.3991601,24.8961,170.1716,222.4447,145.64849037676686,33.423699941045356,9832.639229977127
2457104.10387353,2015.219996915893,10853.523632070732,0.3989503,24.8956,169.2265,224.0674,145.3708229990234,33.63501027850123,9829.907362544986
2457105.01580694,2015.2224936534974,10844.573162089526,0.3984649,24.8944,167.4107,227.1884,145.25510151483923,34.04138474094327,9824.38437000101
2457105.15554075,2015.222876223819,10843.11775418517,0.3983905,24.8962,167.1286,227.6707,145.18635053646358,34.10385942515347,9823.461464977307
2457105.7201122,2015.2244219362078,10837.78343344838,0.3980982,24.8967,166.0046,229.6026,145.14505660276063,34.3553029651963,9820.181342808693
2457106.05573883,2015.2253408318413,10834.384422467087,0.3979221,24.8966,165.3282,230.763,145.00712087169632,34.50850053715948,9818.035915081093
2457106.19610726,2015.2257251396577,10832.972151864597,0.3978353,24.8975,165.0481,231.2441,145.09712593589938,34.57114972325155,9817.216475171019
2457106.62070358,2015.2268876210262,10828.959252540806,0.3976168,24.8981,164.2016,232.7002,145.04682721513927,34.762256430530556,9814.737728300332
2457106.95735609,2015.2278093253667,10825.787911105263,0.3974428,24.8974,163.5234,233.8633,145.0201515094359,34.91534286798378,9812.784677491152
2457107.10481777,2015.2282130534427,10824.370539451986,0.3973648,24.8978,163.2275,234.3711,145.01040491675394,34.981900760619055,9811.912710131019
2457107.65902881,2015.229730400575,10819.068521180081,0.3970673,24.8991,162.1204,236.275,145.03389496011278,35.232455793034774,9808.679353616722
2457108.00421398,2015.2306754660642,10815.765092183512,0.396878,24.8991,161.4243,237.4688,145.08957392790307,35.38993221690339,9806.68415053445
2457108.1397164,2015.2310464514712,10814.45422534232,0.3967866,24.8994,161.1526,237.9333,145.28740241310697,35.44917747039017,9805.978023647074
2457108.69958815,2015.2325792967824,10809.200819131076,0.3964936,24.9007,160.0328,239.8599,145.28557323084715,35.704153158322356,9802.759443338935
2457109.17729606,2015.2338871897607,10804.708880707482,0.3962594,24.9032,159.0666,241.518,145.10512246366397,35.92521168610699,9799.919174316447
2457109.59588833,2015.2350332329368,10800.733734350944,0.3960406,24.9045,158.2282,242.9606,145.06836575835496,36.116836142782745,9797.464833092
2457110.20640084,2015.2367047250925,10795.12110303308,0.3957271,24.903,156.9939,245.0764,145.06283478099795,36.3965989666591,9794.020774973773
2457110.63136322,2015.2378682086792,10791.102729466702,0.3955091,24.9039,156.1412,246.5437,144.987100927784,36.592344875518165,9791.519169948737
2457110.96959642,2015.2387942407117,10787.707827024311,0.3953227,24.9037,155.4537,247.7211,144.94574203392676,36.748873343787864,9789.41612582755
2457111.11092853,2015.2391811869402,10786.27875157873,0.395253,24.903,155.1672,248.2118,144.83341618098075,36.813772701562016,9788.484582667203
2457111.66668933,2015.2407027770837,10780.817017233476,0.3949598,24.9039,154.0484,250.1354,144.69138427034432,37.07080024990887,9785.063108003926
2457112.00152373,2015.2416195037094,10777.379806211602,0.3947729,24.9018,153.3692,251.3019,144.62602571201023,37.228078664595614,9782.920864291806
2457112.14441932,2015.2420107305131,10776.061432222461,0.3946981,24.9028,153.0794,251.798,144.63415944097596,37.29353701526691,9782.115149363612
2457112.70080172,2015.243534022505,10770.941549108009,0.3944209,24.9042,151.9562,253.728,144.5207894614332,37.55195189823951,9778.915103481255
2457113.03060154,2015.2444369652023,10767.928289871654,0.3942562,24.9035,151.2846,254.8804,144.46950043435663,37.7076925271968,9777.038671887085
2457113.17443405,2015.2448307571526,10766.610615145712,0.3941847,24.904,150.9922,255.3814,144.4411397976828,37.774527425064775,9776.215119288434
2457113.59165741,2015.245973052457,10762.831845406225,0.3939856,24.9036,150.1496,256.8307,144.2947830947469,37.97000111548891,9773.821463248376
2457113.92364417,2015.24688198267,10759.873572505296,0.3938262,24.9036,149.4723,257.9922,144.2171509651107,38.126986238851714,9771.965000411252
2457114.07275595,2015.2472902284737,10758.463533119866,0.3937471,24.9039,149.1696,258.5121,144.2134164981644,38.197217749449806,9771.096085511997
2457114.6222102,2015.2487945522244,10753.41321197883,0.3934841,24.9043,148.0564,260.426,143.97979233523074,38.456361199233584,9767.876672049944
2457114.9565785,2015.249710002738,10750.316442484856,0.3933165,24.9041,147.3723,261.5989,143.9033054342608,38.615599014272505,9765.934314182
2457115.00612942,2015.249845665763,10750.013567048914,0.3931583,24.9081,147.2753,261.7782,145.42020805102675,38.64906032535873,9766.480524033166
2457115.09876175,2015.2500992792607,10749.02498368802,0.3932447,24.9045,147.0818,262.0963,143.89157868511938,38.682359466199046,9765.133899713685
2457115.64877499,2015.2516051334426,10743.796478536799,0.3929664,24.9051,145.966,264.0158,143.70915403351592,38.94395196069263,9761.827473547422
2457115.98656966,2015.2525299648455,10740.41415857792,0.3927803,24.9053,145.2724,265.2037,143.65476324743577,39.105312655654586,9759.718601316392
2457116.12673396,2015.2529137137853,10739.132398589782,0.3926996,24.9056,144.9883,265.6938,143.74310131653328,39.17316303725511,9758.97182383592
2457116.67876127,2015.25442508219,10733.62488544567,0.3924067,24.9056,143.8649,267.6263,143.54226511005618,39.438170411600936,9755.48230276778
2457117.15226116,2015.2557214542364,10729.091182137947,0.3921549,24.9058,142.8921,269.2934,143.48920251575873,39.66577647489294,9752.662846023275
2457117.70527766,2015.2572355308964,10723.848356001281,0.3918725,24.9046,141.7651,271.2333,143.33079111416828,39.93360887727658,9749.35450710062
2457118.04377993,2015.2581622996033,10720.521898713476,0.3916854,24.9047,141.0676,272.4293,143.31369060712768,40.09847214281751,9747.294909362545
2457118.59246642,2015.2596645213416,10715.361778936423,0.3914029,24.9044,139.9457,274.3584,143.20180411154797,40.36487231701511,9744.05793087669
2457118.91891304,2015.2605582834767,10712.17738369971,0.3912285,24.9045,139.2728,275.5129,143.13199414094834,40.52471794840824,9742.059366240863
2457119.06484439,2015.2609578217382,10710.842899022453,0.391151,24.9047,138.9717,276.029,143.14968822692117,40.595884174214405,9741.244226228751
2457119.61286096,2015.262458209336,10705.61395145268,0.3908628,24.9047,137.8479,277.9605,143.05140666882107,40.86344463905982,9737.968977819968
2457119.9914905,2015.2634948405203,10702.081875419983,0.3907716,24.9163,137.0713,279.3111,141.87591763111504,41.06425741268373,9735.224189389557
2457119.9914964,2015.2634948566733,10701.98370218164,0.390588,24.9087,137.0711,279.3051,143.78099191391811,41.0580515975592,9736.07672262065
2457120.62833889,2015.2652384363864,10696.136194802033,0.3902511,24.906,135.761,281.5538,143.82097903072554,41.3689629008785,9732.482949860556
2457120.63437125,2015.2652549520874,10696.175401121964,0.3903392,24.9036,135.7445,281.5742,142.9025519883371,41.36691724852267,9732.067444264061
2457120.88293292,2015.2659354768516,10693.743726546547,0.3901549,24.91,135.2362,282.4554,143.3909122901514,41.49482833346144,9730.798443023572
2457120.96563527,2015.2661619035453,10692.99609521465,0.3901616,24.9031,135.0585,282.752,142.86332991195013,41.53221472373252,9730.083845945554
2457121.6462037,2015.2680251983572,10686.53480595173,0.3897,24.906,133.6592,285.166,143.8558920723408,41.87612859138858,9726.563682296239
2457121.6643283,2015.2680748208074,10686.427234477625,0.3897871,24.9027,133.6174,285.2271,142.85945338957208,41.8775645093109,9726.02084864206
2457121.6643283,2015.2680748208074,10686.474646819668,0.3898024,24.9169,133.6064,285.2507,142.72488195020924,41.890164509310864,9725.985832116578
2457121.98614663,2015.268955911375,10683.440736930606,0.3896145,24.9028,132.95,286.3726,142.88101593175634,42.03847190493207,9724.184072014967
2457122.12522756,2015.269336694209,10682.142823006088,0.3895362,24.9031,132.6618,286.8666,142.9251998750242,42.107190084773606,9723.402310309175
2457123.00482635,2015.2717449044494,10673.31957187007,0.3890307,24.9032,130.8417,289.9939,142.93428750175644,42.54743439822198,9717.946484291399
2457123.14021934,2015.2721155902536,10671.93447186065,0.3889379,24.904,130.5607,290.4764,143.07838943755996,42.615487508729984,9717.157701069626
2457123.69346619,2015.2736302975763,10666.254882623633,0.3886156,24.902,129.4163,292.4454,143.04554165991885,42.89479287249344,9713.624812539803
2457124.0215825,2015.2745286310749,10662.517960613986,0.3883918,24.9044,128.7323,293.6174,143.14711735879155,43.05939281306496,9711.35812203504
2457124.70822787,2015.2764085636416,10654.853405690501,0.3879458,24.9033,127.3069,296.0656,143.21147733717498,43.40541708906363,9706.638245367942
2457125.58202892,2015.2788009005335,10646.410673875462,0.3874515,24.902,125.4887,299.1877,143.3065886664026,43.84807580797013,9701.447192167014
2457125.72002669,2015.2791787178373,10645.244948700069,0.3873914,24.9017,125.201,299.6813,143.2323046802203,43.91796157859858,9700.688657037948
2457126.59429763,2015.2815723412177,10637.097221194808,0.3869131,24.8998,123.3765,302.8135,143.32866034093877,44.363957161612575,9695.677236944422
2457126.87369826,2015.2823372984535,10634.619906502987,0.3867722,24.9005,122.7937,303.8142,143.30826910103224,44.5064725567118,9694.129292082353
2457127.47678468,2015.2839884590828,10629.021253005763,0.3864455,24.8991,121.5328,305.9786,143.34752037732414,44.815554730147255,9690.670282035893
2457127.92584462,2015.285217918193,10624.624695023449,0.3861947,24.899,120.5925,307.5928,143.31464831627636,45.04684945053111,9687.92271189879
2457128.07127719,2015.2856160908693,10623.205550754428,0.3861102,24.8989,120.2878,308.1157,143.3412309115247,45.121707287063714,9687.053223566034
2457128.61038384,2015.2870920844348,10617.598495611823,0.3857919,24.8974,119.1573,310.0559,143.27869855259542,45.40004960347039,9683.537660556525
2457128.93587729,2015.2879832369338,10614.241416533077,0.3855975,24.8969,118.4727,311.2297,143.28016192146333,45.56843470381398,9681.450451107332
2457129.07959499,2015.288376714551,10612.716829643086,0.3855044,24.8967,118.1705,311.749,143.33149586162563,45.64388276162032,9680.526294876885
2457129.48690369,2015.289491864996,10608.241835303814,0.385163,24.8996,117.3196,313.2257,144.20328529269136,45.86822860142752,9678.153020020536
2457129.49161998,2015.2895047774948,10608.304005766639,0.3852629,24.8957,117.3063,313.2331,143.18174042336614,45.85768010188474,9677.709934299453
2457130.08619603,2015.2911326380015,10602.023235251143,0.3849018,24.8952,116.0528,315.3829,143.1491083611545,46.16795031948368,9673.78496342233
2457130.63234336,2015.2926279078993,10596.38122023675,0.3845858,24.8945,114.903,317.3575,143.0271715470235,46.45445315624846,9670.213902406946
2457131.09107851,2015.2938838562902,10591.67846950731,0.3843065,24.8945,113.9326,319.0226,143.09128776559828,46.69701173548185,9667.314164580952
2457131.63292047,2015.2953673387271,10586.28706243095,0.3840029,24.8931,112.7878,320.9874,142.98583022498406,46.98295805822903,9663.904272526474
2457131.95364478,2015.2962454340313,10582.997513071534,0.3838288,24.8928,112.1094,322.1525,142.80197722630146,47.15354374868866,9661.766935300198
2457132.63800832,2015.2981191192875,10575.977034475352,0.3834416,24.8922,110.6598,324.6394,142.5711788128674,47.51631705648708,9657.279773659408
2457132.77693456,2015.2984994786034,10574.45453814173,0.3833539,24.8917,110.3649,325.146,142.55985057239832,47.59108770274611,9656.324532879515
2457133.50586409,2015.3004951788907,10566.92682601416,0.382788,24.8968,108.7606,327.8867,143.89774013785154,48.00903559935563,9652.2526018464
2457133.64310278,2015.3008709179467,10565.462714695734,0.3828291,24.8915,108.5247,328.3052,142.55983254521016,48.05636953923505,9650.711896064233
2457133.77810588,2015.3012405362906,10563.880468450454,0.3827336,24.8913,108.2374,328.799,142.59216679072506,48.12980693539157,9649.738983735066
2457134.6383138,2015.3035956572214,10554.292836286291,0.3821717,24.8905,106.4056,331.9456,142.60450074493747,48.59676340031541,9643.75492061937
2457134.7773723,2015.3039763786453,10552.557844975427,0.382068,24.8903,106.1093,332.4552,142.62687426135471,48.67300368772845,9642.680946459954
2457135.38877576,2015.3056503100886,10545.967589874068,0.3815701,24.8947,104.746,334.793,143.80538200906085,49.04488836812311,9639.110282617734
2457135.62906731,2015.3063081924986,10543.46270286803,0.3815271,24.8897,104.2918,335.5763,142.7096538846281,49.13715070048636,9637.032276898124
2457135.77479697,2015.306707178563,10541.818908418665,0.3814285,24.8886,103.9792,336.1137,142.73243490889672,49.218315717267956,9636.014559374269
2457136.63245788,2015.3090553261598,10532.477108055064,0.3808863,24.8877,102.1461,339.2626,142.66457253327007,49.688782582501574,9630.13620707978
2457136.77036823,2015.3094329041207,10530.874164577732,0.3807882,24.8875,101.8507,339.7707,142.70524702167313,49.765554516569864,9629.151464185268
2457137.76426983,2015.3121540583988,10520.014206371998,0.380133,24.8863,99.7186,343.4322,142.8733460611902,50.31533897640077,9622.426162511703
2457138.79635126,2015.314979743354,10508.704416027991,0.3794482,24.8857,97.4995,347.2418,143.0591410341185,50.88859239256851,9615.420536893413
2457139.36550363,2015.3165379976185,10502.582068658481,0.3790269,24.8932,96.2352,349.4115,143.68464517927077,51.23302085736191,9611.868321559354
2457139.7470167,2015.317582523477,10498.509828316366,0.378831,24.884,95.4493,350.7616,143.21255154544997,51.42119154827009,9609.093279451536
2457140.6021881,2015.3199238551679,10488.77552771524,0.3782536,24.8822,93.6003,353.9332,143.22212476504956,51.90091213952519,9602.983242514827
2457140.74682021,2015.320319836304,10486.903326367794,0.3781503,24.8815,93.2879,354.4691,143.14138743081548,51.981858930582746,9601.769408976255
2457141.34425527,2015.3219555243531,10479.92193926456,0.3777347,24.8819,91.9953,356.6882,143.1554695130426,52.319511232882974,9597.387013733227
2457141.58439009,2015.3226129776588,10477.175673161488,0.3775886,24.8831,91.4786,357.5731,142.97727877838497,52.45102804286125,9595.577733930753
2457141.86980576,2015.3233944031765,10473.897275321431,0.3773752,24.8817,90.8565,358.6418,143.17189626755044,52.616314856460804,9593.605114795175
2457142.71778758,2015.3257160508695,10464.106616070447,0.3767869,24.8806,89.0119,1.8067,143.23202293177383,53.1008216869663,9587.4705054464
2457142.85176515,2015.3260828614652,10462.455072663626,0.3766904,24.8806,88.72,2.3075,143.2123863599354,53.177669872488735,9586.421498104195
2457143.31608483,2015.3273540994664,10457.343600014961,0.3763807,24.8797,87.7072,4.0445,143.26499570080978,53.44422419210807,9583.226066790563
2457143.68579611,2015.328366313785,10452.813347856623,0.3761105,24.8789,86.8995,5.4309,143.26419318759417,53.65852703741183,9580.37105176317
2457144.29985508,2015.3300475156193,10445.608253652916,0.3756841,24.8781,85.5573,7.7319,143.22301792674898,54.0120943770342,9575.809845630707
2457144.68136723,2015.33109203896,10441.288410351131,0.3754381,24.8779,84.7246,9.1598,143.09462801688187,54.231265974403954,9573.026398103308
2457144.81907008,2015.3314690488155,10439.75351396589,0.375337,24.8772,84.4181,9.6846,143.1914492944743,54.31384242645126,9572.102401557024
2457145.66153211,2015.333775584148,10430.028583165615,0.3747654,24.8768,82.571,12.8509,143.07844918411956,54.80268970670812,9565.912655172498
2457146.04938718,2015.334837473456,10425.444346992223,0.3744981,24.8767,81.7187,14.3134,142.99894738789408,55.030609555863165,9562.98124495171
2457146.63879333,2015.3364511795487,10418.351041235263,0.3740843,24.8765,80.4229,16.5358,142.87318482049795,55.37627536245677,9558.442103616499
2457146.76891885,2015.3368074438056,10416.801410725626,0.3739938,24.8763,80.1361,17.028,142.84596728298766,55.453420229986506,9557.45025260676
2457147.61552709,2015.3391253308423,10406.67943181771,0.3734076,24.876,78.2701,20.2288,142.60994121329622,55.95378089677109,9550.942188844661
2457147.8817973,2015.3398543389465,10403.577988717618,0.3732242,24.8759,77.6818,21.2378,142.57461674087608,56.11203797928266,9548.963906999394
2457148.58775794,2015.3417871538397,10394.952667918242,0.3727187,24.8759,76.1222,23.9147,142.4231229702218,56.53352461772005,9543.435431104617
2457149.02345243,2015.3429800203423,10389.492871609786,0.37238,24.8758,75.1577,25.5682,142.51721607973468,56.793092676765454,9540.020218034746
2457149.43377712,2015.3441034281177,10384.473796751266,0.3721017,24.8759,74.2488,27.1306,142.25714337466616,57.04216587765333,9536.722130981609
2457149.82924705,2015.3451861657768,10378.982295176209,0.3717903,24.8752,73.3696,28.6394,142.04105395795705,57.28198032034105,9533.143334472383
2457150.66591459,2015.3474768366598,10367.752083305953,0.3711026,24.8754,71.5095,31.8348,142.11602903569747,57.79263880245915,9526.053896464673
2457150.97200935,2015.3483148784396,10363.647699224672,0.3708538,24.8753,70.8273,33.0084,142.11326810594528,57.98234376172823,9523.447552556054
2457151.63330738,2015.3501254137718,10355.515787149947,0.3703578,24.8749,69.351,35.5442,142.13344235582372,58.39005104216545,9518.292607125306
2457151.76582419,2015.3504882250236,10353.721040033939,0.370253,24.8749,69.0546,36.0531,142.08846379825354,58.47193899149849,9517.132132995772
2457152.60131968,2015.352775687009,10343.01144751979,0.3695977,24.8747,67.1863,39.2601,142.12190544280566,58.987152676806744,9510.339878314666
2457152.73163618,2015.3531324741411,10341.19522275584,0.3694897,24.8747,66.8941,39.7615,142.0938022583523,59.067909309164804,9509.172191643138
2457153.32763841,2015.3547642393157,10333.985872777455,0.3690473,24.8743,65.5579,42.0537,142.11998819079145,59.43647384637535,9504.597370496704
2457153.69982968,2015.355783243477,10328.492556506044,0.3687208,24.8741,64.7211,43.4904,142.02621827709027,59.66953234833966,9501.058592621062
2457153.99654752,2015.3565956126492,10324.206292903595,0.3684555,24.8746,64.0566,44.6307,142.0594011486537,59.85287944624855,9498.344010467574
2457154.10693336,2015.3568978326077,10322.670604042318,0.3683517,24.8747,63.8074,45.0588,142.16103850330273,59.92298026120312,9497.411400426763
2457154.66043683,2015.358413242519,10314.596237302681,0.3678553,24.8742,62.5587,47.2017,142.1810440508325,60.2716326932067,9492.27524637777
2457155.02485813,2015.3594109736623,10309.485399709463,0.3675352,24.8744,61.7363,48.6113,142.25032143016506,60.49964948158498,9489.047703394928
2457155.18874148,2015.3598596618206,10307.20305657077,0.367394,24.8747,61.3677,49.2433,142.2621968050089,60.601521744558454,9487.597394157721
2457155.74321206,2015.3613777195349,10298.915929386041,0.3668407,24.8753,60.1122,51.4017,142.71810060891494,60.95792096748582,9482.513104091448
2457156.263573,2015.3628023901442,10291.823711255443,0.3664571,24.8741,58.9331,53.4199,142.17554031753662,61.28413954804995,9477.742975551528
2457156.71060409,2015.3640262945648,10285.136995219858,0.3660494,24.8739,57.918,55.1594,142.1324692018252,61.56793395668761,9473.452127109525
2457157.66746171,2015.3666460279535,10271.719088135891,0.3652077,24.874,55.7424,58.8884,142.27188491168454,62.17822993670606,9464.935008283557
2457157.79924597,2015.367006833593,10269.849972857799,0.365098,24.8743,55.4414,59.4039,142.21198746736263,62.262839906505235,9463.712589395835
2457158.62274329,2015.369261446379,10259.10735178658,0.3644409,24.8741,53.5631,62.6234,142.13273530486276,62.79237930357178,9456.800846743949
2457158.75196375,2015.3696152327173,10257.298553152885,0.3643311,24.8743,53.2668,63.1311,142.10938825428548,62.87641622177223,9455.632048990112
2457159.57304324,2015.3718632258447,10246.20420230305,0.3636537,24.8748,51.3912,66.3483,141.99783317999754,63.40873869591573,9448.473428166051
2457159.83831442,2015.3725894987545,10242.51630764003,0.3634349,24.8753,50.781,67.3927,141.89211762450577,63.58148044838316,9446.062093966475
2457160.66500032,2015.3748528413962,10231.087505072886,0.3627459,24.8752,48.886,70.64,141.66616006646836,64.11897709738349,9438.629847570744
2457160.78528538,2015.375182163943,10229.436226150527,0.3626487,24.8752,48.6099,71.1132,141.6081770041319,64.19752098049761,9437.544300675187
2457161.60684149,2015.3774314619852,10217.917863489985,0.3619566,24.8749,46.7203,74.3546,141.33875454188546,64.73957368528448,9430.027789565791
2457161.73303633,2015.377776964627,10215.901776077802,0.3618413,24.8746,46.4295,74.8523,141.23029674950067,64.82209273432116,9428.68454448921
2457162.6798785,2015.380369277207,10202.36790010621,0.3610311,24.874,44.2437,78.5994,140.8594945261757,65.45016020551151,9419.819107424904
2457162.81049334,2015.3807268811493,10200.359699126466,0.3609107,24.8743,43.9403,79.1194,140.80443986294358,65.53802278624991,9418.50282728478
2457163.5016045,2015.3826190403838,10190.428693875454,0.360173,24.8728,42.2809,81.9597,141.97511991624924,66.03774546178911,9412.621081087627
2457163.63127894,2015.382974069651,10188.639824949809,0.3601688,24.8753,42.0352,82.3912,140.87334556542555,66.09573492565659,9410.987446717803
2457163.89593478,2015.383698657851,10184.618657043058,0.3599182,24.8756,41.4218,83.4455,140.85274231370204,66.27578317358996,9408.387783857172
2457164.69276822,2015.3858802689113,10173.210858635262,0.3592066,24.8755,39.5663,86.6281,140.79007502180866,66.81750319192602,9401.006101241479
2457165.2629984,2015.3874414740583,10165.132723081137,0.3587151,24.8754,38.238,88.9049,140.60982180781502,67.20396933901628,9395.715598623161
2457165.63330819,2015.3884553270086,10160.086719936493,0.3583932,24.8756,37.3707,90.3935,140.64442810094897,67.46028227687513,9392.473137873123
2457165.76252383,2015.3888091001504,10158.135363035964,0.3582718,24.8757,37.0675,90.9131,140.62562187741605,67.54932394585299,9391.204870149828
2457166.32538247,2015.3903501231216,10150.441905735066,0.3577887,24.8759,35.751,93.1734,140.59219185659458,67.93835567623512,9386.220235877976
2457166.69876294,2015.3913723831342,10145.21930871559,0.357458,24.8761,34.8738,94.6768,140.59320506073163,68.19654207167738,9382.844910709222
2457167.26444704,2015.392921141793,10137.031925815358,0.3569406,24.8761,33.5477,96.9528,140.5773679956692,68.58888895448933,9377.542881119374
2457167.63449557,2015.393934279452,10131.940139777531,0.3566164,24.8762,32.6766,98.4446,140.58782211457037,68.84485939726477,9374.2524181063
2457168.32380184,2015.395821497167,10122.344245034596,0.3560059,24.8764,31.0535,101.2293,140.59367197123356,69.32706101993614,9368.041343826268
2457168.69739341,2015.39684433514,10117.336062568458,0.3556882,24.8763,30.1683,102.7465,140.582709678396,69.59083934957786,9364.791648172106
2457169.25818265,2015.3983796924024,10109.640950557543,0.3551934,24.8764,28.845,105.0176,140.626908549777,69.98591073514632,9359.82200662574
2457169.62821461,2015.3993927846948,10104.126738588724,0.354839,24.8766,27.9669,106.5235,140.65221079463936,70.24899750983909,9356.256018675356
2457170.06060664,2015.4005766095547,10098.043306698455,0.3544534,24.8763,26.9426,108.2844,140.62122329194608,70.55942056032941,9352.29464331979
2457170.31246789,2015.4012661680763,10094.28821551249,0.3542084,24.8766,26.3437,109.3078,140.67023755695573,70.73567949253999,9349.877619941028
2457170.55764095,2015.4019374153324,10090.760993021673,0.3539784,24.8767,25.7607,110.3065,140.7132619294498,70.90973048030042,9347.605225140816
2457172.29282957,2015.4066881028607,10065.753513082607,0.3523612,24.8769,21.6243,117.3999,140.83622630860373,72.15648297012484,9331.395829555493
2457172.41497711,2015.4070225245996,10064.045254914285,0.3522522,24.8767,21.3313,117.902,140.82687297116718,72.24519114415682,9330.279695842819
2457173.34072079,2015.4095570726624,10050.954905206403,0.3514002,24.8766,19.1141,121.701,140.91104132589135,72.91455384150524,9321.787619360764
2457173.46190877,2015.4098888672684,10049.360634963363,0.3512996,24.8766,18.8219,122.2028,140.8879636449883,73.00470778336609,9320.738537041363
2457174.25804743,2015.4120685761254,10038.19643199,0.3505809,24.876,16.91,125.4803,140.86019248615685,73.58561259481482,9313.444982088246
2457175.30221116,2015.4149273406156,10023.265688746591,0.3496144,24.8759,14.3915,129.7969,140.8513689348647,74.3545573783922,9303.691715597019
2457176.21943801,2015.417438570869,10010.12739623909,0.3487756,24.8753,12.1705,133.606,140.70290753936388,75.03861448716731,9295.039545987633
2457176.46453234,2015.4181096025734,10006.973762981066,0.3485939,24.8745,11.5758,134.626,140.46745174582065,75.22234307356501,9292.877164723006
2457177.25946686,2015.4202860146747,9995.951077850317,0.3478852,24.8739,9.6443,137.9376,140.37133794214424,75.81893471706539,9285.621074231476
2457178.29697189,2015.4231265486383,9981.260873625833,0.3469369,24.8739,7.1159,142.2738,140.2568680387949,76.60414249020715,9275.945845743612
2457178.42336723,2015.4234726002196,9979.60844894848,0.3467956,24.8751,6.806,142.8008,140.58784913032287,76.69666392093177,9275.000755568617
2457178.8044889,2015.4245160544835,9974.25926668974,0.3464561,24.8752,5.8726,144.4012,140.4800007635531,76.98802038592117,9271.446343100215
2457179.33685459,2015.425973592307,9966.809254706117,0.346,24.875,4.5685,146.6442,140.15695257780044,77.40220676950864,9266.42120574054
2457179.45207003,2015.4262890349896,9965.200652686211,0.3458935,24.8749,4.2857,147.128,140.16622072629252,77.48964740377679,9265.36880509975
2457179.90044359,2015.4275166148932,9958.87134219055,0.345489,24.875,3.185,149.0173,140.05454104848013,77.83631863840955,9261.16471273626
2457180.36858318,2015.428798311239,9952.35312815159,0.3450622,24.8751,2.034,150.9931,140.03596257472054,78.19970795399396,9256.873002122205
2457180.48292891,2015.4291113727852,9950.821748579796,0.3449674,24.875,1.7516,151.4775,139.97634210876913,78.28900579729586,9255.841359676726
2457181.02694216,2015.4306007998905,9943.165516877476,0.3444852,24.8747,0.4085,153.7854,139.75585516283445,78.71761203944405,9250.71403557265
2457181.3979441,2015.4316165478444,9937.89691308124,0.3441327,24.8756,359.4943,155.3542,139.805316060927,79.00654277598278,9247.267400321476
2457181.95929249,2015.4331534359756,9929.802894936036,0.3436035,24.8759,358.1065,157.7364,139.75156592588246,79.44766304883649,9241.915421450813
2457182.30513954,2015.434100313594,9924.254293405658,0.3432395,24.876,357.2497,159.2087,139.7219118642479,79.7222871061399,9238.247353493043
2457182.41952433,2015.4344134820813,9922.467843931676,0.3431208,24.8761,356.966,159.695,139.72643934756434,79.8121464507467,9237.071815329497
2457182.98452137,2015.4359603596713,9913.847345746082,0.3425518,24.8763,355.5637,162.1032,139.70479253553822,80.26117051835877,9231.378659041791
2457183.32987772,2015.4369058938266,9908.412572451749,0.3421818,24.8757,354.7073,163.5728,139.7978232675796,80.53397822237639,9227.831208614303
2457183.4439175,2015.4372181177273,9906.651215115926,0.34207,24.8754,354.4226,164.0608,139.74673396122125,80.62487761821274,9226.647624294576
2457183.97415858,2015.4386698386857,9899.050716404676,0.3415772,24.8749,353.0976,166.3364,139.6243900371719,81.05285807315045,9221.578780840378
2457184.35404639,2015.4397099148252,9893.18148397901,0.341188,24.8755,352.1486,167.9653,139.61037982317885,81.35833066290684,9217.695410345006
2457184.46401691,2015.4400109977007,9891.593238257103,0.3410799,24.8756,351.8735,168.4367,139.63330571169354,81.44624082775238,9216.655185110369
2457185.25216509,2015.4421688298148,9880.61042888945,0.3403467,24.8763,349.8998,171.8238,139.64097543134085,82.08282126670088,9209.395862903282
2457185.37174377,2015.442496218398,9878.99696586345,0.3402351,24.8763,349.6008,172.3361,139.67914528320307,82.17826137673842,9208.343993315766
2457185.48359273,2015.4428024441615,9877.406610479493,0.3401292,24.8764,349.3194,172.8184,139.67590198239122,82.26892010183337,9207.290282029615
2457186.01904021,2015.4442684194667,9870.044557660016,0.3396289,24.8767,347.9759,175.1253,139.75588159095787,82.7045689920269,9202.449380554328
2457186.27011321,2015.4449558198774,9866.756954696524,0.3393969,24.8763,347.3473,176.2029,139.87393121908372,82.90610484416209,9200.320210795162
2457186.94316745,2015.4467985419574,9857.767255499548,0.3387881,24.8762,345.6539,179.1088,139.93671676664235,83.45522489536938,9194.388455959072
2457187.28576545,2015.4477365241614,9852.876253272654,0.3384634,24.8764,344.789,180.5945,139.90195681073055,83.73835130186592,9191.131039319092
2457187.40381024,2015.4480597131824,9851.297335080422,0.3383554,24.8763,344.4914,181.1046,139.92138475035244,83.83450325434524,9190.091665761933
2457187.40381024,2015.4480597131824,9851.297335080422,0.3383554,24.8763,344.4914,181.1046,139.92138475035244,83.83450325434524,9190.091665761933
2457188.05263611,2015.4498361016022,9842.494806183166,0.337763,24.8768,342.8509,183.9199,139.92793296232048,84.36980342318816,9184.252925016559
2457188.41138282,2015.450818296564,9837.459297850766,0.3374213,24.8773,341.9424,185.4782,139.95469287287415,84.66601323696943,9180.920126590574
2457188.41138282,2015.450818296564,9837.459297850766,0.3374213,24.8773,341.9424,185.4782,139.95469287287415,84.66601323696943,9180.920126590574
2457190.32163403,2015.456048279343,9812.607726057715,0.335759,24.8791,337.0861,193.8037,139.80006856430373,86.25241943658057,9164.33355295177
2457191.32578119,2015.4587974844349,9799.515699574986,0.3348976,24.8799,334.5231,198.2014,139.54511062500205,87.09740560344721,9155.511116619784
2457191.94518409,2015.4604933171531,9791.56086184879,0.334371,24.8817,332.9362,200.9247,139.41056491154814,87.62330582487937,9150.153967302367
2457192.07686455,2015.4608538386035,9789.92823140168,0.3342701,24.8789,332.6039,201.4988,139.31164249821722,87.73531810277802,9149.025371645768
2457192.07686455,2015.4608538386035,9789.92823140168,0.3342701,24.8789,332.6039,201.4988,139.31164249821722,87.73531810277802,9149.025371645768
2457192.33039442,2015.4615479655574,9786.870905643524,0.3340574,24.8802,331.9521,202.6142,139.35795676860198,87.94903239933547,9147.004570738296
2457193.07869637,2015.463596704641,9778.076906765904,0.3334748,24.8812,330.0309,205.9136,139.19836589752504,88.58968632924041,9141.071339214483
2457193.33307166,2015.464293146228,9775.165469301652,0.3332899,24.8818,329.375,207.0384,139.06524755465034,88.80786735791264,9139.073881894728
2457193.44421824,2015.4645974489808,9773.894342624828,0.3332048,24.882,329.089,207.529,139.04953296938947,88.90291836693677,9138.218640597703
2457194.33387799,2015.4670332046271,9763.88522556615,0.3325277,24.8844,326.7959,211.4656,138.98662844465707,89.66954633426985,9131.50530830947
2457194.44461988,2015.467336399398,9762.765213258393,0.3324454,24.8849,326.5107,211.9549,139.04252683062168,89.76449621678103,9130.778864321885
2457194.94953549,2015.468718782998,9757.43982806158,0.332092,24.8848,325.208,214.1935,138.93582068095384,90.2027381207264,9127.174973770756
2457195.33295279,2015.4697685223543,9753.36242695875,0.331814,24.8854,324.2168,215.8946,138.92392661985923,90.53473195239917,9124.442374342418
2457195.44340727,2015.47007093024,9752.073256659814,0.3317319,24.8853,323.9306,216.3854,138.8631662888656,90.63046511363359,9123.555470698919
2457195.81300056,2015.471082821519,9748.16711829143,0.3314722,24.8856,322.9745,218.0285,138.7844176237095,90.95318425316805,9120.9096043372
2457196.33025661,2015.4724989914037,9742.38515961714,0.3310776,24.886,321.6342,220.3307,138.7633626954812,91.4052630946918,9117.029508507283
2457196.44056498,2015.4728009992602,9741.04400095511,0.3309948,24.8858,321.347,220.8233,138.67279006777244,91.50194026631766,9116.095143277958
2457196.93726149,2015.4741608801921,9734.779760088179,0.3305679,24.8862,320.0584,223.0388,138.63775783332494,91.93928313085769,9111.883816007328
2457197.21089712,2015.4749100537172,9731.054044497734,0.3303132,24.8864,319.3463,224.2615,138.6221436867454,92.18018066183345,9109.380043197303
2457197.98232192,2015.4770220997123,9721.176542651987,0.3296416,24.8868,317.3367,227.7112,138.53605324971795,92.85994410361627,9102.720370154118
2457198.20038146,2015.4776191141962,9718.564975830996,0.3294598,24.8872,316.7678,228.6891,138.55220260671103,93.05401888939639,9100.974000136639
2457198.31882,2015.4779433812462,9717.197733537365,0.329369,24.8875,316.4585,229.2205,138.5177332398962,93.1593827513824,9100.042574796928
2457198.79492672,2015.4792468904043,9711.98457580707,0.3290159,24.8881,315.2155,231.3553,138.45092981178914,93.58191945441786,9096.51569163139
2457199.06482703,2015.4799858371803,9708.991720554752,0.3288037,24.8878,314.5096,232.5679,138.50301956698422,93.82259861513705,9094.525889082955
2457199.31019562,2015.4806576197677,9706.198856603703,0.3286271,24.8878,313.8664,233.672,138.34257433471157,94.04165688360956,9092.586074478837
2457199.78454127,2015.481956307379,9701.021344568577,0.3282419,24.8857,312.629,235.7985,138.60336648683278,94.46322934351087,9089.208832438211
2457200.29973212,2015.4833668230522,9695.663131636262,0.3278691,24.8859,311.2775,238.1197,138.61848676349837,94.92514370124775,9085.611482070526
2457200.89618164,2015.4849998128411,9689.43695645287,0.3274435,24.8856,309.7121,240.809,138.5575064025943,95.4611673772007,9081.398304733355
2457201.28760021,2015.4860714584804,9685.806040672544,0.3271877,24.8866,308.6816,242.5783,138.59313957878658,95.81417494708512,9078.968180656087
2457202.2743148,2015.488772935797,9676.350878494277,0.3265233,24.8866,306.0843,247.0413,138.66055769042578,96.70734311312174,9072.626088635965
2457202.97445626,2015.4906898186448,9669.248160328407,0.3260388,24.887,304.2373,250.2151,138.561793232725,97.3440652879043,9067.799770072197
2457203.25983525,2015.4914711437377,9666.39379547603,0.3258349,24.8871,303.4824,251.5113,138.6090397664766,97.604088254413,9065.893344257041
2457203.97815193,2015.493437787625,9659.19775968899,0.3253313,24.8871,301.5845,254.7725,138.6220955722838,98.25939645500057,9061.04339610366
2457204.24355321,2015.4941644167284,9656.691491646947,0.3251422,24.887,300.8801,255.9808,138.75727533157715,98.50170997777457,9059.40439779562
2457204.95539289,2015.496113327557,9650.033914430962,0.3246717,24.8872,298.9954,259.2193,138.8046983750064,99.15390207952942,9054.927102240425
2457205.33600799,2015.4971553949074,9646.507431243119,0.324425,24.888,297.983,260.9565,138.8029578620699,99.50355783332134,9052.543913972248
2457205.93511318,2015.4987956555235,9640.997785698133,0.3240293,24.8892,296.3921,263.6879,138.8957218968162,100.05356401153597,9048.856039163966
2457206.31826698,2015.4998446734562,9637.625618787544,0.3237828,24.8892,295.3715,265.4387,138.99191058478027,100.40611755576094,9046.613193115018
2457206.91360219,2015.50147461243,9632.162455542446,0.3234057,24.8891,293.788,268.1596,138.92991409402202,100.95673952516563,9042.893562442008
2457207.29549421,2015.5025201757974,9628.716570851002,0.3231566,24.889,292.7682,269.9094,138.99696145113285,101.31033671296154,9040.587582136975
2457208.02016648,2015.5045042203421,9621.946222073291,0.3226864,24.887,290.8333,273.2323,138.93873467885987,101.98408067681441,9035.981148640856
2457208.27296117,2015.5051963344831,9619.566290181303,0.3225181,24.8871,290.157,274.3923,138.94574744798138,102.21861958608974,9034.371833355024
2457208.86844159,2015.5068266710202,9613.424459270722,0.3220986,24.8863,288.5646,277.1275,138.81759973386488,102.77449843274803,9030.160633293519
2457209.2499395,2015.5078711553726,9609.501648956568,0.3218172,24.8864,287.5402,278.8859,138.86243489398203,103.1324840658184,9027.5185864781
2457209.94322459,2015.509769266502,9602.090632284808,0.321304,24.8855,285.6811,282.0801,138.7642037691694,103.78426405932908,9022.454082503134
2457210.22294749,2015.5105351060643,9599.412397185735,0.3211098,24.8866,284.9274,283.3745,138.81070220790298,104.04926181690143,9020.654552909828
2457210.69224825,2015.5118199815192,9594.34863766222,0.3207572,24.8856,283.6658,285.542,138.75593282187128,104.49260665308407,9017.196071138676
2457210.9269265,2015.5124624955515,9591.962530037408,0.320594,24.8858,283.0346,286.6275,138.70059468259478,104.71560160148101,9015.554512219616
2457211.30787206,2015.513505467653,9588.207848047034,0.3203267,24.885,282.0045,288.3948,138.71256916802486,105.07733164495767,9013.008725929261
2457211.89614471,2015.5151160703901,9582.258421131597,0.3198995,24.8856,280.4172,291.1208,138.76244334081002,105.63621465953338,9008.984823618588
2457212.28190884,2015.516172235017,9578.595183656682,0.3196338,24.8852,279.3724,292.9148,138.81610644279772,106.00519539389848,9006.51482564712
2457212.98975793,2015.5181102202052,9571.151123911852,0.3191149,24.884,277.4572,296.2074,138.717890119834,106.68492072614845,9001.413658848725
2457213.11792241,2015.5184611154275,9569.962727153179,0.3190276,24.8847,277.1076,296.8067,138.74418622004487,106.80829844609116,9000.615001575692
2457213.25037527,2015.5188237515945,9568.610523810914,0.3189307,24.8849,276.7498,297.4217,138.7505714245326,106.93494942595908,8999.697160196534
2457213.83675098,2015.520429160794,9562.581602927765,0.3185103,24.8833,275.1603,300.1536,138.66456780476165,107.49940211416731,8995.55982189712
2457214.21601001,2015.5214675154275,9558.733356462753,0.3182314,24.882,274.1271,301.9295,138.70795820891271,107.86829444612442,8992.955227904547
2457214.68316734,2015.5227465224907,9553.752516958035,0.3178707,24.8807,272.8583,304.1102,138.758216765822,108.31975190330832,8989.58037132281
2457215.05249856,2015.5237576962627,9549.570409665012,0.3175776,24.8811,271.8515,305.8415,138.70445793258023,108.68022934544638,8986.708999358889
2457215.29214416,2015.5244138101568,9546.924037192668,0.3173806,24.8807,271.1988,306.9637,138.77925811403657,108.91352834353768,8984.932792561369
2457215.76476214,2015.5257077676656,9541.519104157154,0.3170046,24.8791,269.9119,309.1767,138.67735715145773,109.37380364036562,8981.207024417385
2457216.26086767,2015.5270660305823,9536.069034066757,0.316583,24.8782,268.55,311.515,138.97539105480064,109.861228990379,8977.600083215917
2457216.51456265,2015.5277606095829,9533.12589138936,0.3163648,24.8777,267.8575,312.7047,139.04412538514316,110.1083805501919,8975.616461351023
2457216.94560183,2015.5289407305402,9528.011726476634,0.3160013,24.8767,266.6786,314.7334,139.01133449477402,110.53333700554299,8972.110687122944
2457217.09543703,2015.5293509569606,9526.249453949084,0.3158677,24.8768,266.2651,315.4435,139.07864930393043,110.68225549420094,8970.931949327043
2457217.68522252,2015.5309657016292,9519.197492374977,0.3153546,24.875,264.6482,318.22,139.1384748460623,111.26054741352539,8966.133863153063
2457217.91605632,2015.5315976901302,9516.367612979928,0.3151499,24.8743,264.014,319.3099,139.14901138606456,111.48873155311298,8964.202443407508
2457218.17836109,2015.5323158414508,9513.417342477996,0.3149341,24.8742,263.2906,320.5528,139.18151380029667,111.74969707771675,8962.196399148623
2457218.6498015,2015.533606574949,9507.726957770827,0.3145173,24.8725,261.9947,322.7786,139.24604587553222,112.2149330183413,8958.326261371345
2457219.00478206,2015.5345784587548,9503.51672671175,0.3142021,24.8727,261.013,324.4635,139.35551379379285,112.5682548483012,8955.484585827475
2457219.25299164,2015.5352580195483,9500.811988180047,0.3139956,24.8724,260.3269,325.6411,139.46252746426035,112.81511296261965,8953.672148777188
2457219.6142389,2015.5362470606437,9496.54255250391,0.3136843,24.8711,259.3301,327.3535,139.489949501507,113.1746581682471,8950.757106482164
2457219.94706056,2015.5371582766868,9492.799438948361,0.3134106,24.8702,258.408,328.9366,139.51917110789145,113.50762039272979,8948.202370582629
2457220.20865815,2015.5378744918546,9490.065882882693,0.3132054,24.87,257.6813,330.1835,139.58970200806561,113.76998293230622,8946.354491379627
2457221.02292093,2015.5401038218477,9480.6015554825,0.3125183,24.8678,255.4227,334.0604,139.60377438575324,114.58572413487366,8939.8666967563
2457221.970539,2015.5426982587267,9469.587940712052,0.3117168,24.8651,252.7863,338.585,139.62199051470088,115.53992685842991,8932.3101810034
2457222.10256394,2015.5430597233128,9468.046904590617,0.3115966,24.8659,252.4172,339.2193,139.6993804796566,115.67499960740349,8931.280076602487
2457222.68980193,2015.544667493306,9461.007486850072,0.3110793,24.8642,250.7787,342.0309,139.7476005459921,116.26930240987201,8926.458941782423
2457223.03502405,2015.5456126599593,9457.084804611846,0.3107952,24.8645,249.8143,343.6875,139.73194134554615,116.6212424146297,8923.755175291715
2457223.98432182,2015.548211695606,9446.352498961422,0.3100095,24.8628,247.1541,348.2527,139.75718393464012,117.59058958184801,8916.377875301763
2457224.24285696,2015.548919526242,9443.587044126216,0.3098059,24.8616,246.4259,349.5012,139.7717606923543,117.85607055295725,8914.478676055865
2457224.69898744,2015.5501683434366,9438.191268172266,0.3094155,24.8603,245.1453,351.6997,139.73229783510942,118.3243963628363,8910.746543166128
2457224.93258539,2015.5508078997668,9435.567219671218,0.3092238,24.8602,244.4879,352.8279,139.72896884904912,118.5649560839571,8908.93672502535
2457225.64592867,2015.5527609272285,9427.216926133273,0.3086108,24.859,242.4768,356.2801,139.73966878574174,119.30296619776311,8903.182323403315
2457225.98837542,2015.5536984953326,9423.086797402424,0.3083146,24.8589,241.5105,357.9397,139.67526069601445,119.65874168027926,8900.30880689712
2457226.70138808,2015.5556506176047,9414.467164226073,0.3076811,24.8579,239.4948,1.3982,139.67725122311458,120.39877766228616,8894.358329853912
2457226.92924839,2015.556274465133,9411.559422624596,0.3074711,24.8571,238.8486,2.5101,139.6405942348465,120.63989255216006,8892.336203389854
2457227.18651591,2015.5569788252158,9408.37559189278,0.3072315,24.8567,238.1182,3.7658,139.6899462321735,120.91162292229819,8890.154243994248
2457227.64555155,2015.5582355963045,9402.355562020824,0.3067924,24.8558,236.8156,6.0014,139.64803349510748,121.39218533039636,8885.977182405506
2457227.98461127,2015.5591638912251,9397.761014403492,0.3064662,24.8558,235.8533,7.6541,139.52860781110758,121.74839915891474,8882.755674645845
2457228.2385724,2015.559859198905,9394.720890243474,0.3062452,24.8554,235.13,8.8961,139.49641226668336,122.0167883941885,8880.640445978717
2457228.69597186,2015.5611114903768,9388.487675559321,0.3057927,24.8549,233.828,11.1303,139.4203803333121,122.49816346439343,8876.2980426413
2457229.04042091,2015.5620545404788,9383.896216901072,0.3054424,24.8547,232.8441,12.8218,139.52013505988816,122.86626542763591,8873.15448557231
2457229.63573928,2015.5636844333467,9376.059271260345,0.3048643,24.8533,231.1419,15.7437,139.49722476904935,123.49920399515977,8867.715264038177
2457229.97164237,2015.564604085886,9371.708103677089,0.3045477,24.8529,230.181,17.3949,139.43965563087022,123.85842908103152,8864.677311219857
2457230.09807059,2015.5649502274875,9370.2346594633,0.3044444,24.8527,229.8185,18.018,139.38289070379142,123.99441810448445,8863.634767774034
2457230.22517065,2015.5652982084875,9368.56240769112,0.3043164,24.8522,229.4532,18.6447,139.4189226072258,124.1305449445056,8862.487824077447
2457230.90417726,2015.5671572272693,9359.442419548646,0.3036416,24.8515,227.5041,21.9917,139.39004816902434,124.85919818304441,8856.147695291935
2457231.15432872,2015.5678421046412,9356.312537054031,0.3034095,24.8509,226.7836,23.2287,139.382128342736,125.12914232918743,8853.971276043663
2457231.61724895,2015.569109511157,9349.715486351304,0.3029229,24.8499,225.4497,25.5192,139.33625705085706,125.62947598351383,8849.371233895075
2457231.94972844,2015.5700197903902,9345.103722346672,0.3025807,24.8497,224.4922,27.1628,139.31939646640967,125.98787545952135,8846.159283544643
2457232.20310282,2015.570713491636,9341.657547879233,0.3023249,24.8492,223.7599,28.4208,139.30556388239802,126.2638430110029,8843.757761001698
2457232.65894836,2015.5719615287064,9335.25502630221,0.3018443,24.8486,222.4408,30.6828,139.32520756653776,126.75744966569812,8839.31025450505
2457232.98213838,2015.5728463747569,9330.687931365317,0.3015039,24.8484,221.506,32.2896,139.31283037574212,127.11090508753077,8836.126547733531
2457233.69749106,2015.5748049036551,9321.22644412548,0.3007911,24.8476,219.4293,35.8521,139.34818864788758,127.89163468417809,8829.548363121332
2457233.92840008,2015.5754370980976,9317.820041757854,0.3005385,24.8469,218.7573,37.0085,139.3200831380109,128.14844468482792,8827.1639245314
2457234.02152686,2015.5756920653253,9316.591474564231,0.3004385,24.8468,218.4846,37.4781,139.39240683336448,128.2535564828849,8826.333239932545
2457234.6266606,2015.577348831211,9308.479416267764,0.299819,24.846,216.7194,40.5044,139.4841261617794,128.918220764019,8820.70768440635
2457234.95716522,2015.578253703545,9303.625191733221,0.2994625,24.846,215.7571,42.1577,139.4020327538119,129.28346672379075,8817.290360644605
2457235.6606463,2015.5801797297736,9293.87698652526,0.2987231,24.8457,213.6981,45.6886,139.44494209177537,130.06199728148022,8810.496944032302
2457235.99361029,2015.581091335496,9288.16041841974,0.2982991,24.8457,212.725,47.3602,139.37422494950897,130.4323192214747,8806.476059712371
2457236.6923672,2015.5830044276518,9278.00128073767,0.2975163,24.8456,210.6706,50.8844,139.50836829733635,131.21340604536334,8799.416995472162
2457237.02634234,2015.5839188017517,9273.181877015417,0.2971613,24.845,209.689,52.5697,139.41479530507604,131.58793136938277,8796.010126655861
2457237.72177317,2015.5858227875974,9262.81022882728,0.296376,24.8452,207.6375,56.0879,139.39928444836642,132.36919646495124,8788.738714299168
2457238.058289,2015.5867441177272,9257.970883312179,0.2960155,24.8443,206.6421,57.7963,139.33170330308258,132.75051761823488,8785.322166965068
2457238.64080527,2015.5883389603562,9249.079444080839,0.2953364,24.8447,204.9155,60.7582,139.3533177520021,133.41167427181216,8779.091996672192
2457238.96899149,2015.589237485257,9244.151277925374,0.2949628,24.8443,203.9417,62.4307,139.33423336492706,133.78690530751805,8775.625610157955
2457239.99342723,2015.5920422374538,9228.514203212475,0.293769,24.8443,200.8932,67.6615,139.32651424894993,134.9594945165885,8764.634199928829
2457240.6870563,2015.5939412903497,9217.520547427037,0.2929306,24.8442,198.8205,71.2161,139.2904229569058,135.75773547410574,8756.885872726323
2457241.00372575,2015.5948082840519,9212.847340948794,0.2925658,24.8442,197.8717,72.8454,139.34698836623738,136.12611774136548,8753.614657785058
2457241.70600808,2015.5967310282817,9201.437080610085,0.291719,24.8432,195.7644,76.4595,139.06675689159056,136.94072981855248,8745.476049386712
2457241.91371917,2015.5972997102526,9198.206102572633,0.2914505,24.8437,195.1391,77.5342,139.24803487478675,137.18540430903124,8743.260130113249
2457242.39915905,2015.598628772211,9190.30124061371,0.2908475,24.8433,193.676,80.0428,139.1888005343144,137.75244200402756,8737.66156301728
2457242.61448519,2015.599218303052,9187.10404337375,0.2906057,24.8432,193.0274,81.1546,139.14294187629184,138.0034109012397,8735.388397476385
2457242.82805769,2015.59980303269,9184.003437686411,0.2903662,24.8433,192.3833,82.2613,139.14295869847138,138.25550823156516,8733.198581729732
2457242.93722422,2015.60010191436,9182.082004289363,0.2902108,24.8434,192.0549,82.8224,139.20634015894302,138.38061083037144,8731.86304879497
2457243.73406832,2015.6022835546069,9169.333146441011,0.2892512,24.8427,189.6428,86.9533,138.9562306331727,139.3140203415535,8722.764357994813
2457243.95259096,2015.6028818369887,9165.55548560323,0.2889658,24.8424,188.98,88.0908,138.88711226150463,139.5733386841125,8720.067924384106
2457244.63786841,2015.6047580243942,9154.62508101755,0.2881149,24.8425,186.8966,91.663,138.90489126268585,140.3867112180937,8712.335012843445
2457244.85095666,2015.6053414282278,9151.367645174263,0.287866,24.8425,186.2484,92.7756,138.86374662852904,140.64108583796644,8710.012983619534
2457245.3260048,2015.606642039151,9143.792239419356,0.2872774,24.8424,184.7969,95.2673,138.85107873878496,141.21306590562222,8704.638411239326
2457245.64607056,2015.6075183314442,9138.745022231364,0.2868833,24.8424,183.82,96.9412,138.8553923950567,141.5946006801069,8701.059618379195
2457245.85972384,2015.6081032822449,9135.256319940832,0.2866136,24.8423,183.1677,98.0592,138.83131915983813,141.84971839187654,8698.575656168936
2457246.33581392,2015.6094067458453,9127.33940513045,0.285997,24.8425,181.7084,100.5632,138.81141728135572,142.42517149567448,8692.947422235751
2457246.65203685,2015.6102725170429,9122.613208559838,0.2856142,24.8427,180.7385,102.2237,138.92903508758718,142.80409386460002,8689.629237909936
2457247.3361248,2015.612145447776,9112.007088789333,0.2847846,24.8428,178.6337,105.8363,138.91149481129742,143.63763880067813,8682.081648749503
2457247.65442231,2015.6130168988643,9106.919437400125,0.2843666,24.8435,177.6508,107.5189,139.07942051273858,144.02361640885704,8678.51772194763
2457248.22329487,2015.61457438705,9097.7860271282,0.2836742,24.8432,175.8904,110.5461,138.84255411143022,144.72972066201623,8671.93373031701
2457248.33612346,2015.6148832948938,9095.911667344688,0.2835215,24.8432,175.5414,111.1451,138.88884755162144,144.86851383822,8670.613750776756
2457248.65216939,2015.6157485814924,9091.154445458033,0.283139,24.8434,174.5629,112.8211,138.95776692549043,145.25451066271944,8667.246069661158
2457249.33259295,2015.617611479672,9080.80859858452,0.282317,24.8436,172.4509,116.4463,139.00565745793392,146.09706731807603,8659.882195539349
2457249.64892053,2015.6184775373854,9076.128655582312,0.2819385,24.8436,171.467,118.1337,139.08225662041787,146.48878654128572,8656.566920054453
2457250.32725192,2015.6203347075154,9065.732469420873,0.2811132,24.8437,169.3538,121.7613,139.09910459806815,147.33460529444528,8649.145305018523
2457250.63869211,2015.6211873842842,9060.31106533334,0.2806755,24.8439,168.3804,123.4314,139.16742691537183,147.72434165764713,8645.2917427916
2457251.6312412,2015.6239048355922,9042.790323395913,0.2792765,24.8438,165.2684,128.7734,139.21519164403526,148.97605918683263,8632.765610739081
2457252.3071565,2015.625755390828,9031.044473618425,0.2783381,24.8437,163.1407,132.4267,139.22441381597218,149.83545930190678,8624.348005195749
2457252.41433801,2015.6260488378095,9029.377154125172,0.2782032,24.8437,162.8017,133.009,139.23923584065597,149.97311838860242,8623.156757374638
2457252.61797595,2015.6266063681035,9025.934629903999,0.2779139,24.8441,162.1587,134.1111,139.3656357623222,150.23150748276748,8620.728015181276
2457253.29880088,2015.6284703651747,9015.269590377435,0.2770572,24.844,160.0064,137.8058,139.3879404223153,151.1028685370781,8613.07662212182
2457253.40249763,2015.6287542714035,9013.666706064887,0.2769252,24.844,159.6775,138.3704,139.41895075452703,151.23636229476733,8611.935000980333
2457253.6085522,2015.6293184180693,9010.46956580288,0.276665,24.8441,159.0236,139.4915,139.45170338002663,151.5004694950752,8609.647788753813
2457254.38274837,2015.6314380516635,8998.664651104158,0.2757161,24.8438,156.5644,143.7134,139.45162829385845,152.50010140117428,8601.156486895252
2457254.68850591,2015.6322751701844,8993.19832691355,0.275278,24.8439,155.5894,145.3871,139.43237787744238,152.8974387335977,8597.214813829458
2457255.46911949,2015.6344123736897,8980.513176485569,0.2742455,24.8438,153.0959,149.6666,139.5115501436967,153.91404547174642,8588.099478300433
2457255.66912539,2015.6349599599994,8977.26517789484,0.2739817,24.8439,152.455,150.7662,139.52250310440922,154.17561440022388,8585.760553980486
2457256.34403894,2015.6368077725942,8967.173859844881,0.2731718,24.8436,150.289,154.4839,139.4585356381067,155.06210186608502,8578.456997609459
2457256.64625237,2015.6376351878712,8962.345031227966,0.2727747,24.8441,149.317,156.1525,139.50775403826628,155.46083236635047,8574.985241385482
2457257.41127022,2015.6397296925936,8950.079972962278,0.2717826,24.8442,146.8506,160.3858,139.46766770266004,156.47371066628443,8566.106069198855
2457257.62060946,2015.640302832197,8946.566046688735,0.2714977,24.8445,146.1733,161.5491,139.4576421146503,156.75338040910117,8563.560611088464
2457258.38153678,2015.6423861376588,8934.107088531015,0.2704873,24.8445,143.7091,165.78,139.40828424339907,157.77009044278407,8554.523643607898
2457258.6928795,2015.6432385475698,8928.896194573128,0.2700732,24.8451,142.6947,167.5215,139.30432683694016,158.19032287487443,8550.713998956007
2457259.35923963,2015.6450629421763,8917.667583714197,0.2691631,24.8451,140.5261,171.2475,139.22423211217483,159.09094081649118,8542.54400026292
2457259.46389318,2015.6453494679802,8915.903422525016,0.269014,24.8451,140.1851,171.8324,139.26427921787126,159.231691527115,8541.276250761885
2457259.66116308,2015.645889563532,8912.663117610515,0.268746,24.8454,139.541,172.9373,139.28425540515946,159.49805712852435,8538.93008082906
2457260.32469083,2015.6477062035044,8902.638853370376,0.2679266,24.8456,137.3725,176.6621,139.24879435895218,160.40036673843593,8531.63607194091
2457261.05960574,2015.6497182908693,8890.57419699168,0.2669352,24.8465,134.9612,180.8039,139.23069560286604,161.4065152870529,8522.855145010137
2457261.39392814,2015.6506336157152,8884.95952056438,0.2664718,24.8471,133.8631,182.6918,139.23206419245344,161.86679834256836,8518.767981398245
2457262.3566558,2015.6532694203963,8868.688366973474,0.2651305,24.848,130.6865,188.1496,139.1922858936141,163.19910865729753,8506.896262114173
2457262.3566558,2015.6532694203963,8868.688366973474,0.2651305,24.848,130.6865,188.1496,139.1922858936141,163.19910865729753,8506.896262114173
2457263.41392433,2015.6561640638738,8849.264994776773,0.2635381,24.8487,127.1767,194.1833,139.0102116567923,164.68093700542374,8492.656489280733
2457263.51787782,2015.6564486730183,8847.397615504964,0.2633846,24.8487,126.8299,194.7785,138.99303350423543,164.82687771339891,8491.286080114469
2457264.25770957,2015.6584742219582,8835.42855535748,0.2624053,24.8489,124.3604,199.0204,138.8289746603332,165.870080095052,8482.479476201595
2457264.46949418,2015.6590540566183,8832.215321426089,0.2621325,24.8497,123.6527,200.2371,138.868338682365,166.1703396174235,8480.139191159684
2457264.57101291,2015.6593319997535,8830.694291212862,0.2619942,24.85,123.3152,200.818,138.96730494198073,166.31368008871664,8479.055894642892
2457265.32132394,2015.6613862393979,8820.17728480541,0.2611055,24.8503,120.8017,205.1362,139.04418476765113,167.3788538167738,8471.372958405662
2457265.42088828,2015.6616588317045,8818.638971212631,0.2609737,24.8504,120.4676,205.7104,139.06982993107704,167.52082058641838,8470.252876384697
2457265.52589721,2015.661946330486,8817.166947712205,0.260849,24.8505,120.1148,206.3167,139.08146656842382,167.670821025053,8469.176917522676
2457266.26019598,2015.663956730951,8806.754309572409,0.2599778,24.851,117.6427,210.5639,139.05739902925507,168.72217685764417,8461.528442597964
2457266.37054972,2015.6642588630248,8805.339091638172,0.2598575,24.8511,117.2715,211.2018,139.06938863280538,168.8801093110991,8460.492935332515
2457266.57363837,2015.664814889445,8802.600004258855,0.2596279,24.8514,116.5861,212.3792,139.0631506131367,169.17193979979146,8458.479305509165
2457266.88680266,2015.665672286543,8798.346531592533,0.2592695,24.8515,115.5267,214.1977,139.06732551980258,169.62237684451514,8455.35546163608
2457267.318774,2015.666854959616,8792.932063357252,0.2588188,24.8522,114.068,216.705,139.01963823760343,170.24521453817476,8451.360760672913
2457268.27234497,2015.669465694648,8781.138170360615,0.2578241,24.8528,110.8357,222.257,139.01282461174287,171.62504992675701,8442.68114514326
2457268.46401971,2015.6699904714858,8778.797765164689,0.2576224,24.8529,110.1847,223.3744,139.04651578832454,171.90253026510305,8440.96807710427
2457268.46401971,2015.6699904714858,8778.797765164689,0.2576224,24.8529,110.1847,223.3744,139.04651578832454,171.90253026510305,8440.96807710427
2457269.12053334,2015.6717879078444,8770.579235346257,0.2569207,24.8528,107.9529,227.2089,139.09957879563171,172.8581531760384,8434.929231408365
2457269.50763403,2015.6728477317733,8765.997586675236,0.2565275,24.8533,106.6335,229.4739,139.14184075940375,173.4222165616203,8431.564192631784
2457270.2591197,2015.6749051874065,8755.974822873655,0.2556896,24.8545,104.0662,233.8863,139.02682280301997,174.5266325337085,8424.13456056605
2457270.54799166,2015.6756960757289,8752.627285998347,0.2554121,24.8553,103.076,235.5848,138.96407036420806,174.95021273761847,8421.64408964331
2457271.05809375,2015.6770926591373,8746.186562358002,0.2548864,24.8571,101.324,238.5963,138.76625575019534,175.70694271055368,8416.826902681296
2457271.38369578,2015.6779841089112,8741.914791474435,0.2545139,24.8578,100.2096,240.5123,138.83966442858946,176.18762079194994,8413.691519868586
2457271.57939948,2015.6785199164408,8739.408324307855,0.2542989,24.8585,99.5368,241.6666,138.85010078552386,176.47623008129597,8411.84136515967
2457271.99380428,2015.679654494949,8734.516728189425,0.2538865,24.8585,98.1088,244.1175,138.8045468779601,177.09068181830276,8408.2094899482
2457272.20428334,2015.6802307552084,8732.442999734316,0.2537116,24.8589,97.3843,245.3616,138.784614362924,177.40282812494218,8406.66905974785
2457272.42091704,2015.6808238659553,8729.97582279955,0.2535022,24.8593,96.6408,246.6417,138.77144577305353,177.72590825606284,8404.839073725789
2457272.61477255,2015.681354613415,8727.725779413586,0.2533158,24.8588,95.9716,247.7893,138.71864142080994,178.01323917059904,8403.15757641067
2457273.03012293,2015.6824917807808,8723.201572306918,0.2529372,24.8591,94.5356,250.2559,138.64309157200842,178.6344589189154,8399.784519989273
2457273.35328245,2015.683376543327,8719.334761790473,0.252615,24.859,93.4221,252.1729,138.56371094077258,179.11944440223465,8396.89595804459
2457273.55332133,2015.6839242199312,8716.852044490955,0.2523947,24.8595,92.7296,253.3611,138.62848777727413,179.41798082476203,8395.075081670067
2457274.25958124,2015.6858578541817,8707.813904636587,0.2516353,24.8599,90.2791,257.5708,138.4842403991879,180.48107249456086,8388.329474771255
2457274.48776807,2015.6864825956739,8704.972935758875,0.2513874,24.8599,89.4902,258.9289,138.51612236808342,180.82536555744622,8386.230644818947
2457275.31223803,2015.6887398714034,8694.864799988201,0.2505364,24.8618,86.6215,263.8597,138.34837451243766,182.07484629473288,8378.67485797308
2457275.41588102,2015.689023630445,8693.501167153181,0.2504187,24.8617,86.2606,264.4804,138.349606426199,182.23249303981902,8377.661969956807
2457275.60848561,2015.6895509530739,8690.991383889053,0.2502003,24.8616,85.5887,265.6328,138.36643234259736,182.52315689341356,8375.801625505384
2457276.32102725,2015.6915017857632,8682.35974016306,0.2494633,24.8621,83.0986,269.9113,138.29332759484078,183.6092571252284,8369.361213771934
2457276.44581346,2015.6918434317859,8680.833443397087,0.2493323,24.8619,82.664,270.6595,138.28497503797098,183.79986455706648,8368.223112984873
2457276.54216814,2015.6921072365228,8679.765864268284,0.2492411,24.8619,82.3266,271.2391,138.27517251560585,183.94709485179908,8367.425790833642
2457277.34972344,2015.694318202437,8670.263345939871,0.2484261,24.862,79.4953,276.1057,138.20733693507827,185.18644712266575,8360.330541020381
2457277.46874126,2015.6946440554689,8668.69556815176,0.2482927,24.8615,79.0783,276.8232,138.18544005732474,185.36964003120835,8359.156118332497
2457277.73772692,2015.6953804980694,8665.572690804267,0.2480252,24.8615,78.1335,278.4459,138.15599105299952,185.78242069504574,8356.820326376108
2457277.96778007,2015.6960103492675,8663.037777655763,0.2478074,24.8614,77.3224,279.8385,138.1366098731105,186.1371742637404,8354.925059374898
2457278.33867578,2015.6970258063798,8658.682585822546,0.2474281,24.861,76.0184,282.0827,138.14490510938595,186.7118097032727,8351.679726553322
2457278.52402156,2015.6975332554684,8656.574494968854,0.2472423,24.8607,75.3646,283.2044,138.16680671141603,186.99702803134875,8350.113490178355
2457278.98710102,2015.6988010979323,8651.430201487892,0.2468048,24.8605,73.7289,286.0145,138.07940089571275,187.71500474431986,8346.249095045565
2457279.26475328,2015.699561268392,8648.160751148906,0.2465172,24.8604,72.7494,287.7009,138.10407762578052,188.14824337885102,8343.815233859226
2457279.35726951,2015.699814564025,8647.029357323667,0.2464162,24.86,72.4226,288.263,138.12494180352678,188.2923569509705,8342.97635459722
2457279.4497682,2015.700067811636,8645.946957689841,0.2463182,24.8599,72.0945,288.825,138.15656577620393,188.4350878110381,8342.177072646053
2457280.00442888,2015.7015863898148,8639.922229279064,0.2457979,24.8595,70.1291,292.2006,138.11118915895076,189.2985996667037,8337.662446720344
2457280.28154019,2015.702345079233,8636.61478164853,0.245509,24.8591,69.1479,293.8907,138.11182322078093,189.73437147610377,8335.19014117709
2457280.37387496,2015.7025978780562,8635.372954664004,0.2453978,24.8585,68.8208,294.4542,138.1351294099577,189.87976389979343,8334.268293357893
2457280.37387496,2015.7025978780562,8635.372954664004,0.2453978,24.8585,68.8208,294.4542,138.1351294099577,189.87976389979343,8334.268293357893
2457281.01972484,2015.704366118658,8627.829113338905,0.2447343,24.8586,66.5229,298.3969,138.16709476628785,190.88799728312222,8328.633935092199
2457281.29627132,2015.7051232616564,8624.576763326178,0.244448,24.8586,65.5403,300.0891,138.17992268462058,191.32502580372892,8326.203088339003
2457281.38841797,2015.7053755454344,8623.467235639258,0.2443516,24.8582,65.2119,300.6536,138.17291906322862,191.47030364360774,8325.370350489911
2457281.38841797,2015.7053755454344,8623.467235639258,0.2443516,24.8582,65.2119,300.6536,138.17291906322862,191.47030364360774,8325.370350489911
2457282.03293825,2015.7071401457902,8615.583593696323,0.2436645,24.8576,62.9109,304.605,138.13542513010543,192.48544751552402,8319.45406182446
2457282.30890667,2015.707895706147,8612.404490971736,0.2433791,24.8571,61.9253,306.3009,138.18893712307727,192.92374578707762,8317.086471312066
2457282.40086181,2015.7081474655988,8611.280542814651,0.243275,24.857,61.5961,306.8658,138.2349687614169,193.06881238443265,8316.25695751286
2457282.40086181,2015.7081474655988,8611.280542814651,0.243275,24.857,61.5961,306.8658,138.2349687614169,193.06881238443265,8316.25695751286
2457283.22776111,2015.710411392498,8602.269980271449,0.2424753,24.8559,58.6329,311.9569,138.2956861241355,194.38169870078883,8309.514987810397
2457283.31955754,2015.7106627174267,8601.185536250161,0.242378,24.8555,58.3037,312.5238,138.31108834491988,194.52892172637223,8308.705416967554
2457283.41133708,2015.7109139961121,8600.181804326936,0.24229,24.8552,57.974,313.09,138.30745495656265,194.67496139964317,8307.950926823645
2457283.41133708,2015.7109139961121,8600.181804326936,0.24229,24.8552,57.974,313.09,138.30745495656265,194.67496139964317,8307.950926823645
2457284.0533436,2015.7126717141687,8592.907121092147,0.2416499,24.8545,55.6657,317.0536,138.29567457094163,195.6974828992582,8302.484319818594
2457284.32822785,2015.713424306229,8589.38403100329,0.2413377,24.8536,54.6767,318.7569,138.3055445442278,196.14084975755998,8299.839714201526
2457284.41981835,2015.7136750673515,8588.236425493087,0.2412311,24.8538,54.3464,319.3226,138.3504055113217,196.28597575348175,8298.989821860205
2457285.06047662,2015.7154290941005,8580.51607797579,0.2405467,24.8527,52.0338,323.292,138.3649511217709,197.31132612381168,8293.188155811305
2457285.33477355,2015.716180078165,8576.989949768065,0.2402425,24.852,51.0431,324.9997,138.29614176091036,197.75797186055735,8290.51544731101
2457285.97414033,2015.717930569008,8568.578530826437,0.2394836,24.8506,48.7255,328.9758,138.40819738141,198.78629515707536,8284.213400087847
2457286.33906571,2015.7189296802467,8563.556246896145,0.239023,24.8498,47.4002,331.2553,138.53304209428825,199.38081511121266,8280.46390313479
2457286.97697149,2015.720676171088,8555.70218739098,0.2383265,24.8483,45.0785,335.2384,138.5153300277434,200.4134784083683,8274.536314248733
2457287.34111641,2015.7216731455446,8551.60775887644,0.2379543,24.8468,43.7497,337.5218,138.57962073842828,201.00916760389572,8271.464650885866
2457287.9777594,2015.7234161790552,8544.650690447463,0.2373373,24.8452,41.4231,341.5146,138.55006613352634,202.0478755401232,8266.203475000208
2457288.15951293,2015.7239137931008,8542.630640139094,0.2371585,24.8454,40.7592,342.6577,138.53687146966604,202.34793448369584,8264.673809961338
2457288.34120036,2015.7244112261742,8540.614402576359,0.2369752,24.8449,40.093,343.8011,138.56429640294482,202.6460585773171,8263.157966634271
2457288.34120036,2015.7244112261742,8540.614402576359,0.2369752,24.8449,40.093,343.8011,138.56429640294482,202.6460585773171,8263.157966634271
2457288.97659847,2015.7261508513895,8533.395498114809,0.2363358,24.8438,37.7645,347.7985,138.51234635144738,203.6886934997891,8257.686202956904
2457289.33928041,2015.727143820425,8528.397570236026,0.2358914,24.8432,36.4314,350.091,138.48562763645168,204.29062464702673,8253.897924529774
2457289.88272868,2015.7286317006983,8521.268081177557,0.2352525,24.8419,34.4307,353.5216,138.48216191033407,205.18488774862914,8248.499941269638
2457290.2446192,2015.7296225029431,8515.809412844435,0.2347693,24.8412,33.0955,355.8188,138.42249805753636,205.79019894044598,8244.34842601775
2457290.33503876,2015.7298700582073,8514.543534316004,0.2346578,24.8409,32.761,356.3925,138.4031805491859,205.94027904537745,8243.38382389113
2457290.87715319,2015.7313542866252,8507.117990134559,0.2339875,24.8397,30.7557,359.8304,138.42241941794873,206.83855681492923,8237.75923422076
2457291.32832927,2015.7325895394108,8500.095493298397,0.2333667,24.8388,29.082,2.708,138.31995834247755,207.59776581213194,8232.402649730751
2457291.95908364,2015.7343164507597,8491.009412809968,0.2325503,24.8376,26.7373,6.7286,138.28632655818637,208.65197772647284,8225.492962324097
2457292.31905046,2015.7353019862016,8485.711012227002,0.2320725,24.8372,25.3947,9.0353,138.27454334195136,209.26128496743576,8221.462603344033
2457292.40899131,2015.7355482308276,8484.405534117994,0.2319604,24.8372,25.0607,9.6078,138.22313266177025,209.41113690203133,8220.456026363034
2457292.67868979,2015.736286625024,8480.514406652705,0.2316082,24.8369,24.0539,11.3362,138.22142985380378,209.86691499141708,8217.496101989083
2457293.03798484,2015.7372703212598,8475.038100537382,0.2311307,24.8361,22.7107,13.6429,138.0603118335066,210.4762843465074,8213.285243563038
2457293.3072228,2015.7380074546197,8470.954301956444,0.2307544,24.8356,21.7008,15.3782,138.10802458106627,210.93631633689012,8210.188892555272
2457294.02428475,2015.739970663245,8460.711601680045,0.2298209,24.8342,19.0065,20.0035,138.12694674149498,212.1605612318133,8202.389274380495
2457294.29283306,2015.7407059084464,8456.509405295741,0.2294387,24.834,17.9954,21.7435,138.122580806913,212.62477295931757,8199.183509177892
2457295.00793957,2015.7426637633678,8444.721546511684,0.2283878,24.8327,15.297,26.3762,137.9138708912824,213.85424518756355,8190.130244764667
2457295.27570696,2015.7433968705268,8440.105429185118,0.2279831,24.8321,14.2845,28.1183,137.7677291126638,214.31992661037765,8186.564703935935
2457295.89966989,2015.7451051879257,8429.926187563333,0.2270659,24.8312,11.9189,32.1755,137.64111085069635,215.39653234678377,8178.7480918398005
2457296.25569184,2015.7460799229018,8423.620849209708,0.2265081,24.8308,10.5655,34.5039,137.46619553483106,216.02062775538676,8173.876332641177
2457297.05531408,2015.748269169281,8410.170778659938,0.2252457,24.8312,7.5142,39.74,137.6796745011352,217.41729905886646,8163.62796425669
2457297.2327471,2015.7487549544144,8407.112768790215,0.224968,24.8308,6.8349,40.9091,137.64512342101716,217.7322164108476,8161.27376063763
2457298.02991637,2015.7509374849276,8392.23348725897,0.2236188,24.8298,3.7768,46.1608,137.43600551830423,219.14010542604845,8149.796932317133
2457298.20675961,2015.7514216553325,8388.636045557101,0.2232911,24.8299,3.097,47.3307,137.3919754450062,219.45590408028312,8147.021015934983
2457299.00120021,2015.7535967151537,8373.011283047566,0.221849,24.8292,0.0284,52.5972,137.33080291474744,220.87078254471876,8134.985294900055
2457299.26549323,2015.7543203100067,8367.48034089717,0.2213401,24.8291,359.0043,54.3583,137.28510549495513,221.3472883975724,8130.713504336849
2457299.96904456,2015.7562465285698,8353.273008169323,0.2200191,24.8287,356.2689,59.0526,137.25709885761535,222.61274971489087,8119.751374878918
2457300.23239402,2015.756967540096,8347.876108256743,0.2195219,24.8286,355.2423,60.8147,137.19818400761778,223.08868556543098,8115.570184665585
2457301.02093308,2015.759126442382,8332.092688098352,0.2180492,24.8283,352.1566,66.1098,137.15024313265621,224.52088074250656,8103.359336247208
2457301.19585048,2015.7596053401228,8328.544601496633,0.2177196,24.8283,351.4708,67.2864,137.1209022766261,224.83927755576315,8100.606606542015
2457301.71997971,2015.7610403277479,8318.855597834714,0.2168041,24.828,349.4073,70.8217,137.15729691619617,225.79448201073114,8093.113395983799
2457301.98167074,2015.7617567987409,8313.426372992804,0.2163089,24.8282,348.3761,72.5973,137.0219590197412,226.28095245332878,8088.87157288006
2457302.15598545,2015.7622340464063,8309.886681652966,0.2159769,24.8281,347.6869,73.7828,137.00681679827176,226.60544329372658,8086.1231110931385
2457302.67832355,2015.7636641301851,8300.328242975564,0.2150538,24.8279,345.6165,77.3345,137.17481307634534,227.57191313332254,8078.7481011176405
2457302.8522302,2015.7641402606437,8297.033670980045,0.2147409,24.8281,344.9275,78.5154,137.18489314348608,227.89240616830102,8076.192135257624
2457303.1128578,2015.764853820123,8291.078111907462,0.2141954,24.8279,343.893,80.2967,137.03101929619788,228.38232475566934,8071.5262569643355
2457303.71988566,2015.7665157718272,8277.41698776362,0.2129164,24.8275,341.4693,84.4574,136.88286143014557,229.52102214222305,8060.862957349105
2457303.97959589,2015.7672268196845,8272.129083729853,0.2124069,24.8275,340.4325,86.2337,136.9354886549545,230.00454491354174,8056.758251680287
2457304.15259454,2015.7677004641746,8268.782763650148,0.2120995,24.8273,339.7399,87.4242,136.84177387133332,230.3319328971147,8054.12794104984
2457304.67091861,2015.769119558138,8258.277615186975,0.2110885,24.8275,337.6575,90.9903,136.91388081357854,231.3047590702784,8045.954527324232
2457305.0159249,2015.7700641338804,8251.494573833,0.2104466,24.8274,336.2711,93.3677,136.85929585139638,231.9557118030337,8040.646808246757
2457305.10210892,2015.770300092868,8249.915595322482,0.2102988,24.8273,335.9239,93.9644,136.8319455248784,232.1202665675632,8039.4070799740075
2457305.70468499,2015.7719498562353,8238.93085842126,0.2092363,24.8274,333.487,98.1427,136.9111496493715,233.2677517552434,8030.842102372751
2457306.04849037,2015.772891144066,8233.283782951688,0.2086955,24.8272,332.0954,100.5291,136.89820722669356,233.92368813618953,8026.421549413127
2457306.73491281,2015.7747704662831,8220.778733577814,0.2075087,24.8271,329.3038,105.3235,136.75932558543536,235.2499321380709,8016.595516901219
2457306.8205989,2015.7750050620118,8219.105973912447,0.2073467,24.8272,328.9551,105.9234,136.76517327141482,235.4166776757104,8015.2859546555865
2457307.6760436,2015.777347141957,8203.23987036612,0.2058178,24.8268,325.4581,111.9227,136.73078737508058,237.0758288954313,8002.830247469662
2457307.84683681,2015.777814748282,8200.26569997856,0.2055285,24.8268,324.7585,113.124,136.74109106051583,237.4091906184807,8000.496793089361
2457308.69931114,2015.7801486957974,8185.083526129501,0.2040492,24.8265,321.2517,119.1408,136.78748068959612,239.07896951294344,7988.570846265563
2457308.86951888,2015.7806146991918,8181.944846750959,0.2037392,24.8266,320.5511,120.3411,136.825649229796,239.41090829095606,7986.1094139232
2457309.37948173,2015.7820109013828,8171.674434593225,0.2027583,24.826,318.4415,123.965,136.6633180816416,240.42257550220802,7977.980691871864
2457309.71890955,2015.7829402041068,8164.855853703368,0.2021071,24.8259,317.0323,126.3869,136.54421519335574,241.10072652156828,7972.576075854245
2457309.88845912,2015.7834044055303,8161.406974243063,0.201772,24.8258,316.3281,127.5953,136.52726623609124,241.4378140090888,7969.850959199915
2457310.65004649,2015.7854895181113,8145.650681082715,0.2002314,24.8258,313.1529,133.0457,136.49934129856865,242.96237347995185,7957.398638708643
2457310.81899914,2015.785952085257,8142.649549681608,0.1999305,24.8257,312.4462,134.2564,136.54925388898937,243.2998493075405,7955.037016758115
2457311.66219907,2015.7882606408493,8126.064254590295,0.1983158,24.8253,308.9076,140.338,136.4010210898159,245.01176929424742,7941.872057266108
2457311.83053127,2015.7887215092944,8123.149811219305,0.1980079,24.825,308.2004,141.5403,136.56567571437336,245.34095665401827,7939.599913721309
2457312.67065242,2015.7910216356463,8106.86086252267,0.196425,24.8247,304.6484,147.6455,136.33441760165442,247.06611116734837,7926.620910218701
2457312.75452358,2015.7912512623682,8105.373050321803,0.1962773,24.8246,304.2933,148.2523,136.3360125118752,247.2351455474705,7925.4393866725895
2457313.34089332,2015.7928566552218,8093.795209558897,0.1951347,24.8244,301.8018,152.5294,136.27860948018497,248.4428041201076,7916.221915643883
2457313.67538207,2015.7937724355093,8087.165808836996,0.1944732,24.8246,300.3766,154.9776,136.29249506187716,249.13612321664664,7910.9488835914135
2457313.84247725,2015.7942299171798,8084.054670175397,0.1941556,24.8247,299.6631,156.1991,136.3538852546908,249.47942981528143,7908.485192007677
2457314.34309225,2015.7956005263522,8072.935140639324,0.1930663,24.8249,297.5204,159.887,136.18712289610994,250.53121051317788,7899.585091299538
2457314.67624017,2015.7965126356466,8065.45352256907,0.1923103,24.8247,296.0917,162.3384,136.24743600775582,251.22555116723606,7893.628835094361
2457314.84264934,2015.7969682391242,8062.175525824775,0.1919696,24.8246,295.3768,163.5631,136.34661500240327,251.5713339152386,7891.033636724786
2457315.34125252,2015.7983333402333,8052.0743618107945,0.1909723,24.8243,293.2239,167.2635,136.21490116475525,252.6273975160102,7882.93248182766
2457315.67312464,2015.7992419565771,8045.237730639572,0.1902976,24.8241,291.7867,169.734,136.1119990694142,253.33359563224712,7877.4409897711175
2457315.83890478,2015.7996958378642,8041.938129730531,0.1899873,24.824,291.0655,170.9741,135.93571769597747,253.68909836891714,7874.761100725696
2457316.33563058,2015.8010557989867,8031.833115596334,0.1889933,24.8235,288.9075,174.6837,135.73417003050145,254.75111236482843,7866.622400323368
2457316.66624181,2015.8019609632038,8024.889444029037,0.188282,24.8233,287.4682,177.158,135.81090972836137,255.46025324662912,7861.071401301896
2457316.83139157,2015.8024131186041,8021.587312118947,0.1879364,24.8231,286.7478,178.3926,135.90277039363536,255.81167730251377,7858.4419375752195
2457317.40860588,2015.803993445257,8009.758925922908,0.1867531,24.8226,284.221,182.7345,135.77531625413485,257.0578597074955,7848.914740574082
2457317.40860588,2015.803993445257,8009.758925922908,0.1867531,24.8226,284.221,182.7345,135.77531625413485,257.0578597074955,7848.914740574082
2457317.65559369,2015.8046696610268,8004.798188528872,0.1862476,24.8226,283.1361,184.5983,135.78743743102223,257.59332203039384,7844.929273487662
2457317.90236247,2015.8053452771253,8000.152320346704,0.1857719,24.8225,282.0506,186.459,135.8125235064881,258.1253002348591,7841.1975120676025
2457318.39522364,2015.8066946574672,7990.272213742846,0.1847819,24.8222,279.8768,190.1973,135.67823257023701,259.204023311798,7833.213958139798
2457318.64131251,2015.8073684120734,7985.198473622545,0.1842619,24.8223,278.7882,192.0657,135.69433099575508,259.74127165361,7829.128692267326
2457318.88717684,2015.8080415519237,7980.3959794925795,0.183769,24.8224,277.6995,193.9327,135.7102907372082,260.277241307499,7825.25960202036
2457319.37823192,2015.8093859874602,7970.444703982926,0.1827595,24.8221,275.5185,197.6819,135.63391510535803,261.3614445143297,7817.211859242829
2457319.45998546,2015.809609816455,7968.803400404917,0.1825947,24.8221,275.1542,198.3076,135.60583414900066,261.5422660762342,7815.880301265496
2457319.70510898,2015.8102809280772,7964.198072506416,0.1821103,24.8222,274.062,200.1782,135.69927226285108,262.0790658922231,7812.179076540474
2457319.86841072,2015.8107280238742,7961.164320001145,0.1817944,24.8223,273.3335,201.4276,135.73292914512876,262.4390114053152,7809.733801042102
2457320.35772926,2015.8120677050235,7951.291673809604,0.1807989,24.822,271.1449,205.1914,135.57058560566838,263.53192619149564,7801.712667673834
2457320.43919398,2015.8122907432712,7949.7338429139645,0.1806434,24.8222,270.7796,205.8207,135.53059243491953,263.7156324223378,7800.443121410441
2457320.60204626,2015.812736608515,7946.453839168169,0.1803041,24.8225,270.0487,207.0735,135.53933150540797,264.0770209345603,7797.788775405098
2457320.76480412,2015.8131822152502,7943.256597020794,0.1799694,24.8227,269.3178,208.327,135.5771732089197,264.4392025098886,7795.20647034186
2457321.33373277,2015.8147398570015,7932.543138852817,0.1788758,24.8228,266.7553,212.7275,135.4668388560076,265.7164514794342,7786.49666965829
2457321.6583213,2015.8156285319646,7926.305482217365,0.1782306,24.8233,265.29,215.2451,135.45900033847465,266.44882849275837,7781.432024631335
2457321.73941143,2015.8158505446406,7924.882274943963,0.1780862,24.8234,264.923,215.8746,135.433805151838,266.6314039293958,7780.271074640537
2457322.38732015,2015.8176244220401,7912.912612982871,0.1768594,24.8236,261.985,220.9222,135.30333599828828,268.10240806555555,7770.5159701861885
2457322.62991484,2015.8182886101033,7908.374773117965,0.1763817,24.8243,260.8834,222.8161,135.34588639830417,268.65560036282506,7766.832781739816
2457322.87231949,2015.818952277865,7904.239507531912,0.1759476,24.8246,259.7798,224.7077,135.37123635649004,269.20467996860845,7763.471738129602
2457323.35655716,2015.820278048351,7895.5308157790305,0.175061,24.8248,257.5685,228.5109,135.1949956379376,270.319302593692,7756.341163924684
2457323.43718732,2015.8204988016978,7894.125500749808,0.174918,24.8249,257.2002,229.1459,135.16455640965341,270.5065313888265,7755.18941069552
2457323.67894422,2015.821160696016,7889.698966545497,0.1744498,24.8256,256.0954,231.0454,135.20625977142845,271.06294943424916,7751.588099888523
2457323.84000806,2015.8216016647775,7886.872045490184,0.1741524,24.8257,255.3571,232.3108,135.21805027515893,271.4313006801,7749.2841213096235
2457324.32273294,2015.8229232934698,7879.377918983593,0.1733835,24.826,253.1388,236.1189,135.0874975675015,272.54531435086653,7743.139805524438
2457324.40312565,2015.823143396714,7878.261748847878,0.1732658,24.8261,252.7692,236.7538,135.09212432435106,272.7313771829648,7742.22903019758
2457324.64420205,2015.8238034279257,7874.656122899922,0.1728802,24.8265,251.6621,238.6567,135.14769744175828,273.28956594678766,7739.29414773623
2457324.80482577,2015.824243191705,7872.125691344428,0.172617,24.8268,250.9224,239.929,135.12667088162652,273.6638509862473,7737.221616654945
2457325.36638159,2015.8257806477475,7862.676908640963,0.1716507,24.8269,248.3279,244.3903,134.9066133989054,274.9771668108858,7729.448802742013
2457325.44652167,2015.8260000593295,7861.272974182203,0.1715028,24.827,247.9573,245.0272,134.9063475456269,275.16447864138854,7728.29958315553
2457325.60673913,2015.826438710828,7858.48819308778,0.1712083,24.8272,247.2168,246.2998,134.9134889791494,275.5386641019751,7726.020958155226
2457325.84691875,2015.82709628679,7854.569032129258,0.1707845,24.8275,246.1045,248.2062,134.994087261578,276.0960367555599,7722.826709519276
2457326.32675922,2015.8284100183987,7846.550644184433,0.1699545,24.8275,243.8736,252.0403,134.8577527273892,277.22629337649187,7716.226983345775
2457326.64624576,2015.829284724873,7841.018051965441,0.1693757,24.828,242.3894,254.5972,134.8038307011584,277.9840990456721,7711.677372965753
2457326.80586692,2015.8297217437917,7838.433404296778,0.1690979,24.8279,241.6447,255.8744,134.8344763403411,278.35927223498356,7709.561799119456
2457327.36393469,2015.8312496500757,7829.222521264537,0.1681426,24.8276,239.0342,260.3597,134.66039056056252,279.684025972765,7701.961599475069
2457327.60280432,2015.8319036394796,7825.042793234567,0.1676968,24.8278,237.9171,262.2823,134.67185694606906,280.25408978733554,7698.527521455776
2457328.31829927,2015.8338625578913,7812.394573905184,0.1663638,24.8276,234.5517,268.0627,134.55862549093672,281.96387915916023,7688.095984791176
2457328.39769093,2015.8340799204104,7810.880752223296,0.16621,24.8278,234.1764,268.7054,134.49796239626266,282.15302865221736,7686.837309037662
2457328.63573047,2015.8347316371528,7806.381775236741,0.1657203,24.8273,233.0555,270.6354,134.56954552997558,282.7275106249876,7683.143596056578
2457328.71503253,2015.83494875436,7804.929601006952,0.1655635,24.8272,232.6808,271.2779,134.58183901063785,282.91714843037323,7681.948799847087
2457329.34874251,2015.8366837577282,7794.299158099262,0.1644378,24.8271,229.6785,276.4298,134.48545199956698,284.44214721788114,7673.160088299365
2457329.66513022,2015.8375499800682,7789.268000247908,0.1638911,24.8268,228.1782,279.0064,134.53999949247736,285.2066071754702,7669.015478997122
2457330.37588969,2015.8394959334432,7777.054779374292,0.1626034,24.8265,224.7908,284.8301,134.34293026178148,286.94236396044937,7658.880954206866
2457330.6911977,2015.8403591997258,7770.688695915959,0.1619247,24.8263,223.2866,287.4261,134.2859600363763,287.72338809869416,7653.600881671111
2457330.76996618,2015.840574856071,7769.163110939609,0.1617599,24.8263,222.9096,288.0724,134.28776303032828,287.9150518144025,7652.337811655304
2457331.32071425,2015.8420827221087,7758.52663573242,0.1606216,24.8259,220.2646,292.6089,134.20337385846142,289.26372004086386,7643.506664695328
2457331.39930306,2015.8422978865435,7757.104221940329,0.1604737,24.8259,219.8873,293.26,134.1567061599426,289.4600608443292,7642.318212887946
2457331.63492723,2015.8429429903626,7752.344888256934,0.1599487,24.8252,218.7538,295.2113,134.2311014285924,290.04562346944806,7638.382864191229
2457331.71342167,2015.8431578964264,7750.760809921272,0.1597717,24.825,218.3753,295.8606,134.2722790267735,290.23905728645093,7637.075508292086
2457332.34056228,2015.8448749138392,7738.827553720971,0.1584912,24.8245,215.3413,301.0673,134.15518813866947,291.793631017855,7627.13940371871
2457332.41885584,2015.8450892699243,7737.405569316703,0.1583363,24.8245,214.9621,301.7184,134.15709987170248,291.9883628272287,7625.9573039687275
2457332.65360739,2015.8457319846405,7733.047612663115,0.1578486,24.8238,213.8239,303.6741,134.26057327089984,292.5744855294729,7622.350957282465
2457332.73181307,2015.845946100123,7731.495837221267,0.1576765,24.8237,213.444,304.326,134.2843338436478,292.76940395574684,7621.063906088899
2457333.35666373,2015.8476568479946,7719.722147229786,0.1564131,24.8226,210.3997,309.5551,134.12017504291907,294.33833472197557,7611.227703183878
2457333.43466816,2015.8478704124848,7718.134982989836,0.1562376,24.8225,210.0193,310.2096,134.1357967714639,294.53555150550164,7609.9074223732905
2457333.66853501,2015.8485107050237,7713.227738364269,0.1556947,24.8217,208.8765,312.1777,134.18275960796564,295.1303461914172,7605.823320476951
2457334.36876083,2015.850427818836,7697.710568313185,0.1540077,24.8204,205.439,318.0791,134.06756842157847,296.90408521909717,7592.844428757881
2457334.44643649,2015.850640483203,7696.040067429076,0.1538236,24.8201,205.0569,318.7381,134.0711785128933,297.1044260468842,7591.448486615385
2457334.67930017,2015.8512780292126,7690.734064622921,0.1532335,24.8194,203.9087,320.7126,134.11966633152497,297.70120948344106,7587.019072160262
2457335.3764997,2015.8531868574946,7675.717532726209,0.1515903,24.8176,200.4568,326.6385,134.01690922498256,299.4880313019521,7574.424241308005
2457335.60844895,2015.8538218999317,7670.584123380497,0.1510259,24.8171,199.3034,328.6264,133.99095262124592,300.09391602453445,7570.114677336964
2457335.68571206,2015.8540334347979,7668.758203822989,0.1508188,24.817,198.9184,329.2862,134.02899403225,300.29256347272985,7568.589329124286
2457336.30284245,2015.8557230457218,7654.135080254521,0.1492168,24.815,195.8367,334.5752,133.87323681119778,301.89160354017713,7556.280115123415
2457336.37985697,2015.8559338999867,7652.207605798115,0.1490048,24.8148,195.4508,335.2412,133.85564193768823,302.0957960047699,7554.656414031515
2457336.37985697,2015.8559338999867,7652.207605798115,0.1490048,24.8148,195.4508,335.2412,133.85564193768823,302.0957960047699,7554.656414031515
2457336.61072291,2015.8565659764822,7646.430716256707,0.1483624,24.814,194.2922,337.2376,133.85160375914256,302.706048466385,7549.795882794655
2457337.37846533,2015.8586679406715,7627.689938934964,0.1462802,24.8116,190.4206,343.8793,133.7736291295696,304.71944135829654,7533.991287488092
2457337.60822108,2015.859296977632,7621.7146553852035,0.1456064,24.8112,189.2571,345.8848,133.80792258732345,305.33498805241504,7528.953908466415
2457337.68474675,2015.859506493498,7619.7573404684945,0.1453831,24.8104,188.868,346.5545,133.8370970634296,305.5401623407,7527.305945055436
2457338.37208855,2015.8613883327862,7601.5201972186815,0.1433458,24.8084,185.3637,352.5654,133.73790333221223,307.369300197003,7511.868342314007
2457338.60065687,2015.86201411874,7595.375341990689,0.1426655,24.8074,184.1935,354.5847,133.64102113791614,307.9931172535646,7506.647961358274
2457339.20881679,2015.8636791698564,7579.1252548311695,0.1408385,24.8052,181.0639,359.9493,133.55632262862946,309.6286988517237,7492.850560161147
2457339.43636398,2015.86430216011,7572.805129486693,0.1401435,24.8042,179.888,1.9806,133.38941382247413,310.25982236040386,7487.454678100045
2457339.51215099,2015.864509653634,7570.747225671386,0.1399253,24.8041,179.4978,2.6519,133.27184889514956,310.4662246917334,7485.686596539733
2457339.66363181,2015.8649243855164,7566.7111648076125,0.1394578,24.8036,178.712,3.9997,133.33797252810564,310.8789212140856,7482.265415431114
2457340.41908346,2015.8669926994107,7544.747142208677,0.136985,24.8009,174.7747,10.7603,133.09365493322184,312.95762821213805,7463.518123440264
2457340.64506247,2015.8676113962215,7537.908910749769,0.1362114,24.8001,173.5897,12.8041,133.0234849440685,313.59369736028583,7457.671234129804
2457341.24623144,2015.8692573071594,7520.2842828749435,0.1342029,24.7983,170.4223,18.229,132.9040232887055,315.2586694225979,7442.586725098612
2457341.396188,2015.869667865846,7515.807996465059,0.1337069,24.7977,169.6291,19.6009,132.75630826250472,315.68956829547415,7438.731832443426
2457341.62085468,2015.870282969692,7508.803824115655,0.1329079,24.7972,168.4378,21.6557,132.68817634047355,316.33163091092143,7432.720577360044
2457342.36744942,2015.8723270346886,7485.361520246555,0.1302093,24.7956,164.451,28.4936,132.56153644831556,318.4468675120772,7412.5757403043035
2457342.44191545,2015.8725309115678,7483.033117537735,0.1299439,24.7951,164.0513,29.1888,132.52231041572304,318.6689718355792,7410.567381780391
2457342.59073855,2015.8729383670084,7478.442353855521,0.1294118,24.7948,163.2507,30.5747,132.50736764684098,319.1075878769655,7406.615119266287
2457343.33279959,2015.8749700194119,7454.919580627241,0.12667,24.7938,159.2388,37.4514,132.4686173491882,321.2409930117201,7386.330560201434
2457343.40680301,2015.8751726297332,7452.298831267762,0.1263793,24.7935,158.8372,38.1419,132.34622158132424,321.45695329606724,7384.049355308753
2457343.55470192,2015.8755775548807,7447.270716952718,0.1258386,24.7928,158.0356,39.5295,131.98029611039146,321.8971802429898,7379.6516422843415
2457344.51249444,2015.8781998478855,7416.796970242172,0.1223044,24.7911,152.7861,48.5224,131.5537668748857,324.69655476120886,7353.196207333092
2457345.39145076,2015.8806062991375,7388.868375458674,0.1190081,24.7907,147.9078,56.9096,131.39688894524988,327.33913231051713,7328.886793753017
2457345.4644626,2015.8808061946618,7386.352285853849,0.1187225,24.7905,147.5008,57.609,131.2897765965654,327.5595699217918,7326.679455323672
2457346.26512215,2015.8829982810405,7359.071039309211,0.1154934,24.7895,143.0014,65.3246,131.01060413785672,329.9866188253927,7302.817898070052
2457346.33770413,2015.8831969996713,7357.108269074663,0.1153037,24.7891,142.5937,66.019,130.67016434975903,330.2017801182923,7301.055255066446
2457346.33770413,2015.8831969996713,7357.108269074663,0.1153037,24.7891,142.5937,66.019,130.67016434975903,330.2017801182923,7301.055255066446
2457347.35006518,2015.8859686931694,7324.175833978357,0.1113944,24.7888,136.8308,75.8819,130.16736145783852,333.3039704590392,7272.103439525225
2457347.35006518,2015.8859686931694,7324.175833978357,0.1113944,24.7888,136.8308,75.8819,130.16736145783852,333.3039704590392,7272.103439525225
2457348.28368433,2015.888524803094,7291.329276657972,0.1073638,24.7898,131.4318,85.218,130.36815846472018,336.320870886182,7243.183107092549
2457349.06866773,2015.890673970513,7263.174673529182,0.1039075,24.7895,126.8387,93.1371,130.3400511394475,338.87317061534196,7218.2597111728455
2457349.28195505,2015.8912579193698,7255.368124138262,0.1029628,24.7895,125.5833,95.2711,130.19880704623847,339.54154902685315,7211.3154203720305
2457350.06097782,2015.8933907674739,7226.19956074547,0.0993727,24.7895,120.9547,103.2382,129.97629965537908,342.11222370939686,7185.336730684478
2457350.1315612,2015.8935840142371,7223.514365634214,0.099046,24.7895,120.5326,103.9597,129.9178617756079,342.3420548746109,7182.935429501529
2457351.11567591,2015.89627837347,7186.676154708504,0.0945208,24.7888,114.5917,114.2196,129.24947522453294,345.6910855508074,7149.91585855922
2457351.11567608,2015.8962783739353,7186.682482414089,0.0945238,24.7888,114.5917,114.2198,129.23364478287567,345.6912853832839,7149.919815888266
2457351.1320013,2015.8963230699517,7186.027319420277,0.0943338,24.7863,114.5039,114.2678,130.00575547554854,345.63539481736984,7149.41591718185
2457352.02248294,2015.898761075811,7151.197616179454,0.0900922,24.7882,109.0326,123.7712,128.79419030309145,348.78981270801285,7117.972022900133
2457352.10872506,2015.8989971938665,7147.742633296897,0.089574,24.7891,108.5323,124.5614,129.3544346619601,348.99471020802287,7114.914687515061
2457352.16139318,2015.899141391321,7145.682200962873,0.0893763,24.7884,108.1763,125.232,128.8912648649548,349.2573991244116,7113.008675824049
2457353.06014704,2015.901602045284,7107.793248486294,0.0846076,24.7873,102.5647,134.882,128.2836204356645,352.4099636976849,7078.6737799869325
2457353.12898311,2015.901790508173,7104.839916164869,0.0842279,24.7871,102.1307,135.6261,128.2778701901252,352.652217057719,7075.993613861104
2457353.14373369,2015.9018308930597,7104.481650930166,0.0844456,24.7837,102.0474,135.7605,126.40313522837732,352.68877849853584,7075.487273253687
2457353.89147382,2015.903878093963,7073.614126687893,0.0807136,24.7827,97.3052,143.9982,124.54096551205748,355.4472861733386,7047.2444689894555
2457354.02012837,2015.9042303309234,7067.810730300439,0.0794601,24.7863,96.4656,145.351,128.06548288969316,355.83368086755115,7042.275837286554
2457354.17933247,2015.9046662079948,7061.024067049473,0.0789545,24.798,95.468,146.991,125.38814234761503,356.3191651219169,7035.837736692356
2457355.03902873,2015.9070199280761,7019.43010899798,0.073222,24.7832,89.861,156.7123,127.3170975569301,359.58612589262157,6997.899965512857
2457355.0569483,2015.9070689891855,7019.058446770321,0.0734463,24.799,89.7493,156.6464,125.39827437129406,359.39086389323893,6997.397188890858
2457355.17407214,2015.9073896567827,7012.507303003557,0.0723163,24.7827,88.9738,158.2291,127.25242112736123,0.08262355821329948,6991.527794838855
2457355.19382404,2015.9074437345373,7011.419973223097,0.0721219,24.7806,88.8739,158.3575,127.60674305629891,0.09165556654932061,6990.556468834363
2457355.92481838,2015.9094450879666,6973.770757129941,0.0671807,24.7801,84.0063,166.7125,127.1316560264213,2.858568332020127,6955.767984939816
2457356.13186525,2015.910011951403,6963.404196176553,0.0660125,24.7965,82.5633,168.8405,125.59617667644852,3.3394974949196126,6946.0484972641725
2457356.13186525,2015.910011951403,6963.42709895585,0.0659913,24.7964,82.5633,168.8321,125.76519224052481,3.331097494919618,6946.082499251958
2457356.93451168,2015.9122094775637,6917.298835450986,0.059669,24.7799,77.1572,178.4945,126.41423123846107,6.796288077054328,6903.214778077228
2457357.04330274,2015.9125073312525,6909.070322245849,0.0535619,24.7742,76.5484,180.4143,160.871088552748,8.000060749105558,6897.736907481218
2457357.04330326,2015.9125073326766,6909.933863040492,0.0588208,24.7753,76.3876,179.9669,125.34972526935962,7.391860236437992,6896.262239367627
2457357.06416308,2015.9125644437506,6909.293499808661,0.0586758,24.7817,76.1942,179.8418,125.74887627258795,7.052800249740301,6895.690507826502
2457357.06416308,2015.9125644437506,6909.3393106458025,0.0585927,24.7816,76.1893,179.8234,126.36616521892665,7.029500249740295,6895.774760499348
2457357.96163927,2015.9150215996447,6852.650489845584,0.0511137,24.7709,69.9609,191.1342,124.24986850276309,11.227324127947668,6842.414294983504
2457358.23402152,2015.915767341601,6834.945454188025,0.0488339,24.769,68.032,194.4424,123.0321113727523,12.338157023629662,6825.626612126676
2457358.23402152,2015.915767341601,6834.945463085462,0.0488339,24.769,68.032,194.4424,123.03211983569236,12.338157023629662,6825.626621011981
2457358.88528791,2015.9175504117995,6792.9560577508255,0.0436637,24.7673,63.3259,202.6561,118.21416233201126,15.203851752178764,6785.552518606893
2457358.99693228,2015.9178560774258,6782.88784904434,0.0416465,24.7662,62.4888,204.206,122.26801023911503,15.806612126701793,6776.162805196274
2457359.08517662,2015.9180976772625,6776.3060936910815,0.0406986,24.7435,61.8194,205.5894,122.38362250638511,16.433636185461978,6769.890037649687
2457359.25321374,2015.9185577378232,6764.823581400564,0.0391097,24.7654,60.5952,207.5032,122.11706057906213,16.957614383618534,6758.908920883377
2457359.25321374,2015.9185577378232,6764.823581400564,0.0391097,24.7654,60.5952,207.5032,122.11706057906213,16.957614383618534,6758.908920883377
2457359.27221216,2015.9186097526622,6763.741658840288,0.0391845,24.7627,60.4579,207.7214,120.57152380946172,17.01978904165594,6757.805294411535
2457359.90587888,2015.920344637591,6709.848935406817,0.0324688,24.7357,55.5466,214.082,113.85189229288062,17.844530467291406,6705.805920734149
2457360.07801731,2015.9208159269263,6683.800425008656,0.023335,24.7386,54.8956,222.4905,149.6976420910787,25.43236630658913,6681.720480634116
2457360.20365646,2015.921159908173,6672.818956345114,0.0106284,24.7582,53.7099,199.9709,223.76126734949594,1.603233057749918,6672.388213980512
2457360.21971584,2015.9212038763592,6679.3090357859855,0.0275253,24.7652,53.2847,220.3405,117.32275078326529,21.531804510702898,6676.416837000448
