jd,year,a_km,e,i_deg,raan_deg,argp_deg,hp_km,azimuth_deg,lambda
2447238.93218577,1988.2106288453663,26904.11044183435,0.7385243,62.8475,79.4404,287.9964,656.6348106559453,11.150415668159951,17146.220653998687
2447247.57360033,1988.234287749021,26904.94477203062,0.7388687,62.873,78.142,288.0175,647.5869047485585,1.3559103524360125,17135.782670563152
2447260.78841984,1988.2704679530182,26903.03523504158,0.7395199,62.9013,76.152,288.0806,629.5690083271547,346.4041369134199,17113.79776077723
2447263.32971839,1988.277425649254,26903.597986737695,0.739576,62.9068,75.7704,288.0931,628.2063020981768,343.5302662685695,17112.364767583935
2447264.346295,1988.280208884326,26904.08026456378,0.7398412,62.9068,75.6177,288.0959,621.1969367325964,342.378401642657,17104.20119968232
2447270.9544119,1988.2983009223824,26904.86280404181,0.7395669,62.9202,74.6288,288.1375,628.7805251313002,334.9179679423703,17113.459817438154
2447276.03757752,1988.312217871376,26903.99246833337,0.7394871,62.9352,73.8624,288.1592,630.7007995036856,329.1631663046,17115.45370206339
2447282.64518365,1988.3303085110194,26902.778528668565,0.7396078,62.9497,72.8722,288.1954,627.1373871927699,321.69653603300657,17110.82824381138
2447288.74463329,1988.3470078940177,26903.54720751348,0.7397582,62.9613,71.9644,288.222,623.29125166828,314.8035581536073,17106.51389164788
2447298.40258827,1988.3734499336622,26904.85915698229,0.7398945,62.9801,70.5307,288.259,619.9655434564565,303.88772388158736,17102.9932134045
2447307.55178766,1988.3984990764134,26902.815174587173,0.7402893,63.0111,69.1729,288.3341,608.8126609626561,293.5873324911785,17089.07149460525
2447316.70059434,1988.4235471439836,26904.17681389333,0.74053,63.0323,67.7934,288.3761,602.6904579009015,283.2325281659278,17082.233733781555
2447332.4579031,1988.4666883041757,26902.908704288435,0.7407161,63.0677,65.4184,288.4283,597.3547901918519,265.3789104967445,17075.469924483772
2447344.65675697,1988.5000869458456,26904.814115899077,0.7409867,63.0962,63.5767,288.4812,590.5683900456024,251.56659949558912,17068.009016007425
2447346.69004692,1988.5056537903354,26905.19523870796,0.7409805,63.0945,63.2732,288.484,590.8339181325146,249.26183547928485,17068.44952384767
2447353.29793741,1988.5237452085146,26904.223766902047,0.741105,63.1089,62.2731,288.521,587.232712132105,241.7858249347491,17063.842110650246
2447360.41388843,1988.5432276206166,26902.708610060596,0.7411447,63.1242,61.1985,288.5558,585.772408069819,233.73235657801382,17061.608244925428
2447366.51332212,1988.5599269599454,26903.83611441108,0.7412098,63.1283,60.2664,288.5883,584.312828815665,226.82099441964613,17060.23563763605
2447378.20470128,1988.5919362115817,26904.444494373573,0.7413616,63.1676,58.5,288.6183,580.386176913591,213.5612638305828,17055.75184026813
2447394.97805861,1988.6378591611501,26904.557275915537,0.7415714,63.228,55.9467,288.6554,574.7707704346658,194.51280198592707,17049.089788338722
2447411.24389636,1988.6823925978372,26902.785183266402,0.7418453,63.3043,53.4775,288.7163,566.9441381505821,176.0724647786019,17039.170699111808
2447427.00123763,1988.725533847036,26905.169526170448,0.7423832,63.414,51.1664,288.7429,553.0873767895464,158.25711506702623,17023.385595260068
2447443.7746097,1988.7714568369606,26903.71695874894,0.7423185,63.345,48.5236,288.7872,554.4538415058651,139.12633869419756,17024.54809553491
2447454.95755745,1988.8020740792608,26904.28211655758,0.7425388,63.3678,46.8211,288.8036,548.6724588674533,126.41803146607089,17017.816431913954
2447467.66437508,1988.8368634499104,26903.288665663873,0.7428605,63.4047,44.8896,288.8002,539.7618958444746,111.95895803223391,17006.828300500332
2447475.79715181,1988.8591297790829,26904.74928989361,0.7427078,63.4248,43.6758,288.8435,544.245835245164,102.77257953016084,17012.67046154438
2447480.37193555,1988.8716548543466,26904.202524059136,0.7428482,63.4344,42.9765,288.8467,540.327806626351,97.56745243519634,17007.802274487465
2447486.97958763,1988.8897456197944,26902.575428675627,0.7429355,63.4709,42.0023,288.8517,537.5608012847861,90.08557687401725,17003.960934830404
2447496.12828311,1988.9147933829158,26903.558603189264,0.7430388,63.4903,40.6004,288.8737,535.0344029458365,79.68848215032591,17001.25309490165
2447502.2279334,1988.9314933152632,26904.458079153126,0.7431108,63.4992,39.6749,288.8774,533.3284123871845,72.75470650528604,16999.50037049773
2447510.86880624,1988.9551507357705,26902.5833593485,0.7433236,63.5146,38.3491,288.8692,527.12194737748,62.90403512264584,16991.45336961473
2447519.50910159,1988.9788065751954,26903.1863810757,0.7433255,63.5356,37.0326,288.8609,527.2256127694154,53.06313292963421,16991.772941649524
2447530.18295417,1989.0080299908825,26903.20297262733,0.7430329,63.5757,35.4488,288.8607,535.1017485874236,40.958703282322574,17001.21853471736
2447540.85658728,1989.0372528056948,26901.724328250242,0.7433629,63.598,33.8061,288.9003,525.8442166015884,28.835389949844284,16989.643047528334
2447547.4637711,1989.0553422891176,26902.889378396594,0.7431944,63.6146,32.8319,288.8944,530.6763485527636,21.34307591771062,16995.813674850113
2447559.66205147,1989.0887393606297,26902.10142206119,0.7432833,63.6503,30.9645,288.9045,528.0824001368564,7.462830173287159,16992.448880550448
2447563.21971359,1989.0984797086655,26901.203601378184,0.743298,63.6581,30.4403,288.8991,527.4564668809817,3.42670488038641,16991.40765697193
2447567.28547428,1989.1096111547704,26900.996611926123,0.7433143,63.6695,29.8244,288.8955,526.9648460298858,358.79988428264915,16990.751169976378
2447573.38420392,1989.1263085665164,26901.675563155524,0.7434418,63.7079,28.8627,288.8741,523.7091594671665,351.80571605407056,16987.0666305585
2447579.48316329,1989.1430066072285,26902.81043431207,0.7431829,63.6853,27.9728,288.8783,530.9654575897666,344.9087213977579,16996.134632875976
2447580.5002031,1989.1457911104724,26902.661754820037,0.7442214,63.6638,27.829,288.9702,502.98885992141186,343.8544002299464,16962.505582878464
2447585.5823381,1989.159705237782,26901.217455503927,0.7430792,63.6992,27.051,288.8599,533.3460096420322,337.9570143985212,16998.47144606403
2447592.69723479,1989.179184763285,26900.24725408923,0.743272,63.7263,25.9748,288.8684,527.9103770478187,329.8766852174051,16991.64215005398
2447593.71366708,1989.18196760323,26900.30230122268,0.7431838,63.7283,25.8225,288.8642,530.2971158512655,328.7183628371515,16994.521074905115
2447597.77930525,1989.1930987138944,26901.062873637984,0.7432257,63.7412,25.209,288.8639,529.3652886343816,324.09736299802705,16993.65048770174
2447602.35368687,1989.2056226882137,26902.146998712982,0.7432012,63.7497,24.5187,288.8584,530.3027666930948,318.8929322430462,16995.12540492661
2447602.86194345,1989.2070142188907,26902.211900198294,0.7431852,63.7503,24.4421,288.8568,530.7498687070447,318.31378119935084,16995.682339083192
2447608.96068367,1989.2237116596027,26901.526170156787,0.7430682,63.7678,23.5221,288.8391,533.7212416454904,311.365002543019,16999.021096015098
2447615.56732944,1989.2417996699241,26899.861567503518,0.7431232,63.785,22.5269,288.8325,531.8140599032877,303.8515188273015,16996.196349423906
2447616.58365438,1989.2445822159616,26899.72851248422,0.7431109,63.7899,22.3743,288.8278,532.1107478164095,302.6925022538599,16996.50878456813
2447622.68187024,1989.2612782210535,26900.26757774975,0.7432454,63.8003,21.4557,288.8286,528.6311418181076,295.76414042074356,16992.51282037874
2447625.73108256,1989.2696265094046,26901.116740062058,0.7433513,63.792,21.0078,288.8134,526.0003398851641,292.2956566143449,16989.633534652672
2447631.32158998,1989.2849324845442,26901.735813145824,0.7433375,63.805,20.1642,288.8077,526.53046814154,285.9362055640486,16990.469686628578
2447635.38742681,1989.2960641391098,26900.869011429626,0.7431129,63.8251,19.5673,288.7583,532.3499278260242,281.2825099204532,16997.164931295814
2447636.40415066,1989.2988477773035,26900.696753159536,0.7433008,63.8171,19.3984,288.7888,527.2510359786511,280.1420001706939,16990.9972103838
2447641.48600425,1989.312761134155,26899.49694599409,0.7431153,63.8369,18.6354,288.7843,531.9329031226071,274.3656917041895,16996.220634103836
2447645.55145613,1989.3238917347846,26899.38640459814,0.7428962,63.8539,18.018,288.7686,537.798162290519,269.7255754775098,17003.211445769815
2447649.61693487,1989.3350224089525,26900.410755836085,0.7433916,63.852,17.4216,288.7626,524.7350633978867,265.11613277709637,16987.887602480438
2447654.19056956,1989.347544338289,26901.783758159774,0.7432591,63.8823,16.7138,288.7528,528.6518736753242,259.89063821597324,16993.028736619042
2447654.19084767,1989.347545099713,26901.783758159774,0.7432591,63.8823,16.7137,288.7528,528.6518736753242,259.8902641032996,16993.028736619042
2447659.27298962,1989.3614592460506,26901.465374453943,0.7433252,63.882,15.9701,288.7565,526.7919446948899,254.14127142177682,16990.695648774516
2447663.33867344,1989.372590481697,26900.364730845617,0.7433095,63.8882,15.3599,288.7421,526.9317729431277,249.50942658910037,16990.50689222827
2447669.43677061,1989.3892861618344,26899.428142271245,0.7432808,63.8948,14.4212,288.754,527.4633731413605,242.57218173958506,16990.84095563454
2447670.45314112,1989.3920688326345,26899.407091153877,0.7432903,63.9602,14.2648,288.7532,527.2024245479852,241.4132202515347,16990.521277002197
2447674.51858432,1989.4031994094998,26900.15629934342,0.7434917,63.8864,13.7344,288.7189,521.9770620788722,236.84151258001873,16984.497127674706
2447675.02678037,1989.4045907744562,26900.244337692664,0.7431844,63.9217,13.628,288.7148,530.2660897311453,236.23012119573798,16994.465110295976
2447682.65003312,1989.4254621029982,26901.69661871137,0.7431057,63.9691,12.4802,288.6826,532.7562216762244,227.53644292067423,16997.919962025397
2447683.6668262,1989.4282459307328,26901.61832141976,0.7430914,63.9611,12.3255,288.6802,533.1208006903016,226.3771649361418,16998.331474122413
2447688.74912644,1989.4421605104446,26900.738951623585,0.7433299,63.978,11.5744,288.682,526.4790567871214,220.6186162399202,16990.085243884176
2447693.32284443,1989.4546826678436,26899.459946851362,0.7429125,63.9994,10.8829,288.6309,537.3786090861504,215.36803957630565,17002.732798768782
2447701.45359958,1989.4769434622317,26900.2889951017,0.742829,64.0914,9.694,288.5924,539.8379211593001,206.12675359661768,17005.94676049831
2447704.50266731,1989.4852913547165,26900.775317171367,0.7422684,64.0523,9.2173,288.6436,555.043563735082,202.69601230207934,17024.298052557955
2447706.53550932,1989.4908569728132,26901.378055289788,0.7424769,64.0521,8.9147,288.6477,549.5899710701979,200.39388978729238,17017.971694637923
2447709.58487266,1989.4992056746344,26901.34724765358,0.7424393,64.076,8.4609,288.6286,550.5935280487283,196.91545713160343,17019.16214667748
2447710.60161041,1989.501989350883,26901.255554441712,0.7425584,64.1039,8.2998,288.6386,547.3659719443622,195.76223368210867,17015.271165154973
2447723.30607624,1989.5367722826552,26899.31459430804,0.7422854,64.174,6.341,288.5278,554.2098009462597,181.17077824414474,17022.826893792924
2447730.42095496,1989.5562517589594,26901.028147710593,0.7425672,64.0956,5.3402,288.4849,547.0706989439523,173.11446677460384,17014.84407212842
2447733.47028734,1989.564600376017,26901.468382329214,0.7425269,64.1029,4.8898,288.472,548.2681589502881,169.64566463386183,17016.419669663857
2447735.50319003,1989.5701661602461,26901.448420990855,0.7423775,64.0091,4.5294,288.5196,552.2820958367156,167.32918231141372,17021.214568149655
2447737.53612395,1989.5757320299795,26901.06998289678,0.7424104,64.048,4.2491,288.4872,551.2995564663879,165.01276920735785,17019.916621146058
2447737.53640173,1989.5757327904998,26901.06998289678,0.7424104,64.048,4.2491,288.4872,551.2995564663879,165.01249542009276,17019.916621146058
2447748.71627792,1989.606341623327,26899.19302823422,0.7426243,64.0797,2.5652,288.3734,545.062335076901,152.19561560229118,17011.84537333894
2447756.3391976,1989.6272120399722,26900.981026355785,0.7420568,64.0963,1.5164,288.3263,560.7888290774963,143.58636561005852,17031.231721269396
2447758.3721175,1989.6327778713205,26901.285723791974,0.7420976,64.1058,1.2112,288.3298,559.7698512516863,141.28096632461148,17030.113097433594
2447765.48717964,1989.652257849802,26900.375576320694,0.7421575,64.1203,0.1146,288.325,557.9237895374672,133.1667740712458,17027.611210743806
2447772.09359173,1989.6703452203426,26898.94871556362,0.7420748,64.1421,359.1486,288.2895,559.7804272514886,125.65382067668781,17029.366500829095
2447779.71607706,1989.6912144478028,26899.90330701983,0.7419593,64.1597,358.0299,288.249,563.1335792757127,116.98169879099146,17033.682820164508
2447784.79825293,1989.7051286870087,26901.07955306027,0.7418406,64.1692,357.3079,288.2202,566.6302567703087,111.2217726768622,17038.24140397367
2447787.84755766,1989.7134772283646,26901.061141896163,0.7419269,64.1785,356.8637,288.1961,564.3039421786843,107.74799778872193,17035.457104631794
2447793.9459517,1989.7301737212874,26899.535950154237,0.7418178,64.1911,355.9643,288.1642,566.8450705899122,100.80596033654797,17037.99610204948
2447795.47048622,1989.7343476693222,26899.186102472268,0.7417935,64.1942,355.7408,288.1556,567.4083963680059,99.07123904396929,17038.554996063245
2447801.06018015,1989.7496514172483,26898.85941205547,0.7416966,64.1867,354.9002,288.1815,569.9305422559273,92.74718979058139,17041.459810000826
2447804.61732253,1989.7593903423137,26899.468604274833,0.7415676,64.1945,354.3908,288.2031,573.5579301273956,88.75337676701588,17045.987132108832
2447808.68290238,1989.7705212933056,26900.517297608938,0.7414494,64.1889,353.7893,288.2144,577.008587607168,84.15603440996188,17050.445189935166
2447809.69933007,1989.7733041206573,26900.682261716534,0.7414396,64.1903,353.6396,288.2082,577.3148658623322,82.99831656339438,17050.864217098926
2447813.25678471,1989.7830439006436,26900.848686633104,0.7414764,64.2126,353.1184,288.1212,576.3679455236606,78.88379576827731,17049.78879618691
2447817.83052294,1989.7955661134565,26899.84233821751,0.7414274,64.2463,352.4801,288.0599,577.4258729829817,73.67619915561863,17050.72329147688
2447819.86323534,1989.8011313767008,26899.280967572995,0.7413874,64.2592,352.1927,288.0457,578.356689154567,71.37110438769128,17051.650803471814
2447825.96109834,1989.817826415715,26898.497922672308,0.741279,64.2601,351.2813,288.0144,581.0699810517017,64.41819034262869,17054.631469536154
2447832.56710725,1989.8359126824093,26899.72040164926,0.7411456,64.2723,350.3196,287.9737,584.9746847366796,56.90473433266584,17059.684278316134
2447835.61628155,1989.8442608666664,26900.40893306044,0.741067,64.2816,349.8821,287.9518,587.2672862641384,53.43998800008637,17062.640720656404
2447841.71468969,1989.8609573981935,26900.103440225153,0.7409835,64.2908,348.9931,287.9105,589.4343427250778,46.49893665036143,17065.123185238164
2447847.81272019,1989.877652895797,26898.607725952374,0.7411275,64.1939,347.927,287.9351,585.173528536604,39.447057513131085,17059.558888246655
2447852.89414255,1989.8915650720053,26898.280233009344,0.7406645,64.2998,347.3563,287.8544,597.5426533675964,33.787274078077076,17074.184379013972
2447856.45114076,1989.9013036023546,26898.90069205436,0.7405183,64.3085,346.8464,287.8393,601.6361797054433,29.756403152382518,17079.25823166311
2447858.99196506,1989.9082600001645,26899.568757501216,0.7404664,64.315,346.4821,287.8196,603.2056180818181,26.86809994074156,17081.343372329462
2447860.51652512,1989.9124340181245,26899.92053145258,0.7404504,64.3183,346.263,287.803,603.7273139703057,25.129753475145435,17082.078757653497
2447862.5493069,1989.9179994713204,26900.222100194842,0.7404291,64.3227,345.9701,287.7812,604.3785607474665,22.81149032465703,17082.9518432338
2447863.56596632,1989.9207829331149,26900.276873786635,0.7404147,64.3247,345.8233,287.7718,604.7801423649662,21.653244078629086,17083.447393493363
2447866.1066797,1989.9277390272412,26900.097789783045,0.7403516,64.3295,345.4576,287.7558,606.4310509607039,18.76735019316675,17085.352486954613
2447867.63123888,1989.931913042793,26899.79349051754,0.7403248,64.3321,345.2372,287.745,607.0729546088396,17.03350459456078,17086.016538297397
2447871.69652469,1989.9430431887472,26898.700216721663,0.7402451,64.335,344.6477,287.7197,608.9328849245139,12.411852051017263,17087.87122292471
2447873.72912116,1989.9486081345933,26898.23941099284,0.7402124,64.3381,344.3546,287.7099,609.6927608072438,10.105571546387182,17088.624175789293
2447881.85936366,1989.9708675254215,26898.424022506395,0.7400621,64.3475,343.1808,287.657,613.7835537198662,0.8654908482465089,17093.546609031622
2447890.49835302,1989.9945197892398,26899.8305819411,0.7398455,64.3647,341.9392,287.59,619.9756751295945,351.0420758736859,17101.362106045835
2447892.53103836,1990.000084978399,26899.681761350934,0.7397468,64.3622,341.6741,287.5633,622.5919573732153,348.7468077763897,17104.420156531956
2447898.62893126,1990.016780099275,26898.13690103154,0.7395817,64.3751,340.7692,287.5346,626.6307849339009,341.80296426099164,17108.70922744385
2447900.66147938,1990.0223449127448,26897.752110130794,0.7395346,64.3772,340.475,287.521,627.7974624660601,339.4918314119277,17109.967847996504
2447906.75908722,1990.0390392531685,26897.74609645847,0.7394707,64.3896,339.5985,287.4763,629.5146620880569,332.5606688593008,17112.003313215908
2447907.77557386,1990.0418222419162,26897.94710072148,0.7394479,64.3905,339.4492,287.4646,630.1803027818924,331.3977929101377,17112.85874243254
2447913.3649747,1990.0571251874057,26899.325803243075,0.7393233,64.3988,338.6457,287.419,633.8911826142539,325.0396325339648,17117.711303111435
2447915.39771601,1990.0626905298016,26899.563562997944,0.7392713,64.4012,338.3562,287.401,635.3519383478233,322.72860927146803,17119.521295975945
2447916.92229038,1990.0668645869407,26899.56338073472,0.7392628,64.4011,338.1426,287.3896,635.5805371153047,321.00094870132614,17119.792289698347
2447917.43048792,1990.0682559559755,26899.514534301143,0.7392556,64.4015,338.0694,287.3816,635.7614775376305,320.41885584880674,17119.99084268055
2447920.47953079,1990.0766037803967,26898.8421893213,0.739938,64.3197,337.5047,287.229,617.2303974392771,316.696339057193,17097.77843511295
2447923.52847208,1990.0849513267074,26898.279595164142,0.7390949,64.3957,337.134,287.3484,639.7620276042599,313.4399223853186,17124.328905363058
2447928.60977147,1990.0988631662426,26897.487693956355,0.7388051,64.4451,336.4214,287.3287,647.3503084741606,307.69936015269946,17133.059236028093
2447932.67483725,1990.1099927097873,26898.232030243,0.7389119,64.3797,335.9315,287.2917,644.6719941352885,303.16582447658595,17130.130938715196
2447933.69128598,1990.1127755947432,26897.83903540618,0.7389073,64.3905,335.7842,287.2462,644.6931179195944,301.97118589246736,17130.02722476906
2447935.72352156,1990.1183395525256,26898.25481035141,0.7386813,64.4441,335.4189,287.2739,650.8806793097774,299.6305610907941,17137.4906306822
2447937.24794758,1990.122513203505,26898.664678302463,0.7385896,64.4485,335.2044,287.2643,653.4543930209193,297.9039467382196,17140.67139180607
2447938.2642875,1990.125295790555,26898.91727699917,0.7385467,64.4511,335.0571,287.2661,654.6743884984471,296.75671540023654,17142.198003713507
2447940.29698519,1990.1308610135247,26899.2940901888,0.7384652,64.4568,334.7688,287.2527,656.965200018708,294.4515351311086,17145.032146229565
2447943.34604424,1990.1392088822452,26899.37984323194,0.7382792,64.4566,334.3398,287.2439,661.9909120745378,291.0085023917335,17151.004711544054
2447946.39513882,1990.1475568482415,26898.817220961984,0.7381948,64.4604,333.9086,287.2171,664.1139222973952,287.5452346330994,17153.33026199241
2447949.44401692,1990.1559042215467,26897.984550253474,0.7381628,64.5037,333.4902,287.1087,664.7566602816287,284.01338024318284,17153.81681077187
2447951.47658692,1990.1614690949218,26897.783454174292,0.7383574,64.4541,333.1855,287.1382,659.4696971871408,281.7348258281304,17147.499305351623
2447955.541456,1990.1725980999315,26897.350841548363,0.7382818,64.4842,332.6311,287.0846,661.3899470185233,277.1203840246915,17149.628326696005
2447957.57397474,1990.1781628329643,26897.49379859833,0.7382593,64.4673,332.3407,287.0698,662.0325550907874,274.8118801328369,17150.435101485415
2447964.17973984,1990.196248432142,26899.033463455784,0.7380394,64.468,331.4136,287.0182,668.3506455069546,267.322364428882,17158.408951207806
2447970.27781108,1990.2129440412873,26899.375833510127,0.7378142,64.5313,330.5567,286.9526,674.4980724095203,260.3894451365411,17165.783710619642
2447972.31054023,1990.2185093503901,26898.98844675038,0.7378777,64.5275,330.2761,286.9494,672.6884193356382,258.10213385953466,17163.519084875887
2447973.32685731,1990.221291874907,26898.736848753542,0.7379495,64.4824,330.1035,286.9605,670.6911405842893,256.9389250334732,17161.077035543
2447976.37571307,1990.2296391870498,26898.045781885856,0.7377655,64.4989,329.7071,286.9366,675.4592865899476,253.51359266208783,17166.48186331218
2447980.44060792,1990.2407682626142,26897.418811967505,0.7376079,64.475,329.1485,286.8943,679.533906651659,248.9062254589005,17171.086252083318
2447985.52183411,1990.2546799017382,26897.789558984085,0.7374611,64.4762,328.4301,286.8543,683.5797832471671,243.13963537421614,17175.982627563902
2447989.07888061,1990.2644185642982,26898.8694358817,0.7371449,64.5023,327.9275,286.8098,692.3687154556283,239.0866168526211,17186.702985743683
2447991.11146873,1990.2699834872828,26899.184371032476,0.7371553,64.5073,327.6405,286.8006,692.1717462487204,236.7870445782055,17186.57442572782
2447993.14411547,1990.2755485707594,26899.550804579503,0.737121,64.5096,327.3555,286.788,693.1907159570546,234.48601452660284,17187.89618156399
2447997.209481,1990.286678934976,26899.132245712364,0.7369328,64.528,326.7866,286.7364,698.1431023092618,229.85858340865468,17193.59453247679
2448003.30726476,1990.3033737570436,26897.771062332227,0.7367723,64.5338,325.9309,286.6918,702.1021118642675,222.94814746434133,17197.80952104444
2448008.38839606,1990.3172851363727,26897.474846885296,0.736582,64.5529,325.2272,286.6626,707.1427292168319,217.20715090586145,17203.646344559584
2448016.01055073,1990.338153458535,26899.586345925647,0.7368996,64.6729,324.1611,286.6853,699.1556274475761,208.65115492737823,17194.936900932655
2448017.02675578,1990.3409356763311,26899.161133314865,0.7363755,64.5519,323.9884,286.6204,713.1416041895654,207.41195652075703,17211.26097454135
2448019.05941872,1990.3465008041621,26899.496399207805,0.7363065,64.5633,323.6941,286.6026,715.0860537445042,205.0964105016575,17213.658664816572
2448021.09211869,1990.3520660333738,26899.627902110024,0.7362545,64.5355,323.4219,286.5825,716.5195108559583,202.8006279854219,17215.387841871012
2448023.12485551,1990.357631363477,26899.360068027465,0.7361825,64.5562,323.1322,286.5641,718.3856247468366,200.48900914829483,17217.49374973997
2448025.15750597,1990.3631964571389,26898.76382167266,0.7360817,64.5723,322.8376,286.5443,720.9397199173527,198.17117542999654,17220.29953080421
2448029.22268865,1990.3743263207386,26897.852156263463,0.735957,64.5733,322.2693,286.5056,724.0532768962739,193.5574245340964,17223.65771134238
2448037.35255778,1990.3965846893366,26897.754296921565,0.7358953,64.5609,321.1677,286.4102,725.6870292621797,184.34741183879646,17225.544906991956
2448040.90965896,1990.4063235016017,26899.059890354394,0.7356514,64.6961,320.656,286.3599,732.5925233313383,180.27943942334252,17234.085961566387
2448043.95868626,1990.4146712833951,26899.273312721165,0.7354472,64.6246,320.23,286.3601,738.1417728456609,176.84843797778296,17240.669597250326
2448047.00765253,1990.423018898097,26899.523009505992,0.7353681,64.6216,319.8108,286.3306,740.3355830992896,173.39459668502877,17243.325997494303
2448050.05674659,1990.4313668626692,26899.180725896986,0.7352043,64.5615,319.3889,286.3058,744.6510897403996,169.94262943906233,17248.27425903565
2448060.21951931,1990.4591910179608,26897.526417490288,0.734586,64.5752,317.9609,286.2944,760.8437765717681,158.4865335341285,17266.698019256124
2448066.31711547,1990.4758853264061,26898.380557417757,0.7346259,64.5808,317.1378,286.1686,759.9972318822338,151.52768249379608,17265.98990984042
2448067.84158666,1990.4800591010544,26898.834899283393,0.7345842,64.6233,316.9421,286.1334,761.2394838612208,149.79422362040714,17267.594669215232
2448068.85795518,1990.4828417664069,26899.122495024923,0.7345683,64.65,316.8157,286.1091,761.7435123627083,148.64176409352717,17268.27994164701
2448070.8906408,1990.488406956331,26899.415475143738,0.7343287,64.6106,316.4959,286.169,768.2663785215564,146.37839572085,17276.009886894084
2448071.90696704,1990.4911895059279,26899.505238922848,0.7343793,64.5853,316.3474,286.1339,766.9291112163555,145.19307786596983,17274.47521196802
2448073.93971458,1990.4967548653794,26899.54971100148,0.7345381,64.5684,316.0718,286.0352,762.6692754269043,142.8152484633988,17269.5050774644
2448076.9887735,1990.5051027337443,26898.814213827725,0.7342801,64.5816,315.6692,286.0154,769.4139230168821,139.38761585207612,17277.15287122953
2448079.02136555,1990.5106676674877,26898.427211775575,0.7343185,64.5523,315.3747,286.006,768.2781892653529,137.08033970442898,17275.696122957797
2448085.11896775,1990.5273619924712,26897.139917311273,0.7338826,64.6031,314.5608,285.9602,779.6606422310897,130.2106827103637,17288.57595049297
2448088.16762298,1990.5357087555926,26897.30373629533,0.7339276,64.6169,314.1478,285.9342,778.4938586450653,126.76684798666486,17287.266996488892
2448088.16762537,1990.5357087621355,26897.315945373997,0.7339357,64.6174,314.1485,285.9328,778.279238884772,126.76614563124099,17287.020259651377
2448091.72453861,1990.545447059849,26897.989561757917,0.7338146,64.6548,313.7114,285.8603,781.7158106923562,122.75075845435595,17291.25888961124
2448091.72454488,1990.5454470770158,26898.188839289873,0.7326068,64.6802,313.7411,286.0252,814.2564879420042,122.94535227435176,17329.275028301152
2448093.75720509,1990.5510121973716,26898.762363675305,0.7329375,64.6628,313.4299,285.964,805.5144237490358,120.56950894618149,17319.28280581793
2448095.78987828,1990.5565773532646,26899.26775384408,0.7329719,64.6331,313.1117,285.9717,804.7240597002519,118.25555282473715,17318.529810851756
2448096.80624258,1990.5593600070638,26899.511162447303,0.7323219,64.6569,313.0259,285.9849,822.2737388926862,117.18119745702506,17339.046398426555
2448097.82259824,1990.562142637207,26899.62115833235,0.7322074,64.5383,312.7619,286.0981,825.3831890048323,116.02865060546435,17342.700057620124
2448100.87160464,1990.5704903617798,26899.524467606425,0.7320596,64.5126,312.3401,286.0873,829.3330456602516,112.59086975930632,17347.260783623875
2448102.90426442,1990.5760554809576,26899.121310362567,0.7311833,64.6199,312.1264,286.1448,852.7967235513415,110.43122685522235,17374.372233882517
2448105.9532425,1990.5844031279942,26898.330987384237,0.7311852,64.7003,311.7711,286.0933,852.5331647074963,107.01927392212201,17373.802482733805
2448107.98583598,1990.5899680656541,26897.87101752385,0.731521,64.6939,311.5016,286.0079,843.377212913786,104.66099636452543,17363.02472233429
2448110.01836189,1990.5955328183168,26897.58272631302,0.7323473,64.6284,311.1795,285.8488,821.0743401710397,102.17648540594018,17337.00848706834
2448111.03460192,1990.5983151318817,26897.514937086868,0.7324448,64.6219,311.0362,285.8175,818.4336884952636,101.00025252256034,17333.913122170226
2448112.05083494,1990.6010974262556,26897.450883949776,0.7325617,64.6469,310.922,285.7822,815.2722387370259,99.84912654802599,17330.21191018051
2448113.06703675,1990.6038796351809,26897.33835909179,0.7327922,64.6944,310.8204,285.6769,809.0423087885274,98.6406313349039,17322.919479319393
2448115.09938529,1990.609443902231,26897.46354876456,0.7328292,64.7264,310.5589,285.5894,808.080554294268,96.28849519677283,17321.8407314555
2448117.13180814,1990.6150083727307,26897.891883401157,0.7329177,64.7307,310.2789,285.5488,805.8145293701127,93.96468581698605,17319.34295994116
2448119.6725839,1990.6219646376453,26898.628866629544,0.7337801,64.7198,309.9163,285.4499,782.8139870112291,90.99893044771079,17292.75385839948
2448124.75429418,1990.635877602135,26899.557821707775,0.7335483,64.7283,309.2286,285.388,789.2966108423325,85.24066323136333,17300.63186521596
2448126.78696971,1990.6414427644356,26899.455663707584,0.7335286,64.7371,308.9555,285.3466,789.79930994609,82.92270480314585,17301.184720577206
2448130.85223733,1990.6525728605882,26898.555603425775,0.7340515,64.7838,308.4266,285.2068,775.4942148976806,78.24717018826937,17284.17660549533
2448133.90108051,1990.6609201382892,26897.866917247036,0.7340828,64.6862,307.9219,285.2776,774.4691566069623,74.80825021590431,17282.749931469883
2448136.94981405,1990.6692671158112,26897.426283273016,0.732074,64.6486,307.5207,285.5505,828.3835343722058,71.67503830801536,17345.457379910647
2448137.96598514,1990.6720492406293,26897.37771987994,0.731385,64.6357,307.3878,285.6143,846.9028162255509,70.60437337347128,17366.952063683522
2448143.04700183,1990.6859603061735,26897.734251356153,0.7321071,64.6434,306.7288,285.3896,827.5757320251287,64.71268977757347,17344.620829163934
2448144.57137574,1990.690133814484,26898.122959752247,0.7320379,64.648,306.5259,285.3745,829.5412143534268,62.99222678581373,17347.035530570916
2448148.63668152,1990.7012640151127,26899.19029438028,0.7317927,64.6593,305.9923,285.3511,836.4229010419413,58.42835455942691,17355.38888725963
2448150.66937981,1990.706829239726,26899.410918626694,0.7317121,64.6701,305.7258,285.3233,838.6501665954274,56.13057369868943,17358.049716708054
2448156.76728692,1990.7235243995071,26898.50530360455,0.7314528,64.639,304.8812,285.2841,845.3819834681517,49.236516177423596,17365.56358024104
2448159.81608458,1990.7318715525805,26897.72012836658,0.7313329,64.6206,304.4439,285.278,848.3961634998786,45.78814107101698,17368.799259266023
2448164.89723169,1990.7457829751954,26897.130988428322,0.7310865,64.7153,303.8041,285.19,854.8653340567198,40.0522289296556,17376.10602311734
2448166.92960886,1990.7513473206297,26897.227293199812,0.730956,64.6859,303.5078,285.1674,858.4013198716484,37.73016457325343,17380.237512259202
2448171.50263612,1990.7638675869136,26898.215264114024,0.7307687,64.6901,302.8978,285.1197,863.7051632372604,32.565168711107276,17386.714030377556
2448172.51899742,1990.7666502324985,26898.58758767353,0.7308094,64.7063,302.7704,285.1203,862.710631878389,31.436616300525657,17385.686316792027
2448174.55165029,1990.7722153327582,26899.020979046953,0.7307205,64.7006,302.4925,285.104,865.218619727274,29.138980207068357,17388.736789197756
2448178.61705533,1990.783345805147,26899.356878481758,0.7304284,64.701,301.9527,285.0564,873.1663727033338,24.544610147061803,17398.05193138586
2448181.15784983,1990.7903021213692,26898.967943252654,0.7303176,64.6991,301.6132,285.0335,876.0419324594386,21.677936307078426,17401.249513679802
2448182.17415323,1990.793084608433,26898.743591976985,0.7302814,64.6965,301.4762,285.0221,876.9551633870042,20.527840964119832,17402.231029154027
2448184.20673586,1990.7986495163864,26898.231756881993,0.7302031,64.6965,301.2087,285.0021,878.9232434883152,18.236974100937232,17404.33639843048
2448187.76361312,1990.8083877155925,26897.380453273356,0.7299558,64.7056,300.752,284.9565,885.3452865998397,14.228922386673503,17411.477295342884
2448187.76367887,1990.8083878956063,26897.38063549961,0.7299559,64.7056,300.7519,284.9565,885.3426460709197,14.228757581768605,17411.47430406276
2448189.796105,1990.813952375086,26897.157866210655,0.729854,64.7053,300.4824,284.9343,888.0233089253434,11.933844969011489,17414.497951977108
2448192.84475245,1990.8222991169062,26897.27412478149,0.7297289,64.7073,300.0845,284.9047,891.4195647062297,8.501517913749467,17418.461136087448
2448194.36908,1990.8264724982891,26897.518581658056,0.7296609,64.7071,299.8813,284.8894,893.3146655987166,6.780600615926232,17420.732244949435
2448195.89343142,1990.830645945024,26897.854798660275,0.7296085,64.7094,299.6648,284.8725,894.8150057919502,5.044759791402612,17422.577856999826
2448198.43409979,1990.8376019159211,26898.55678802585,0.7295862,64.7081,299.3246,284.8498,895.604655565865,2.177710268411033,17423.725275383807
2448199.45041799,1990.840384443504,26898.797720166902,0.7295411,64.7085,299.1902,284.8386,896.8829427188466,1.030400338531308,17425.282193386385
2448201.48312111,1990.8459496813418,26899.205877357017,0.7293717,64.7108,298.9066,284.8366,901.5500579391392,358.7413147169183,17430.806892374734
2448206.56484941,1990.8598626951682,26898.999290838306,0.7291489,64.7174,298.2408,284.7821,907.487246822775,353.01232973942706,17437.58779282174
2448208.59745022,1990.8654276528953,26898.53728770278,0.7290595,64.7192,297.9738,284.7602,909.7668419988358,350.7200449576744,17440.06167225448
2448213.67880204,1990.8793396359752,26897.389109023745,0.7288335,64.7222,297.3072,284.706,915.5345638320869,344.99093104892995,17446.324945293407
2448217.74380033,1990.8904689947433,26897.216177562506,0.7286545,64.7243,296.7725,284.6617,920.302272308787,340.4053618924261,17451.760058391053
2448220.79252429,1990.8988159460364,26897.574070406863,0.7285202,64.7264,296.3759,284.6286,924.0117291192419,336.9707594268857,17456.152573436688
2448225.36569298,1990.911336599535,26898.685727967353,0.7283188,64.7297,295.7771,284.5778,929.7309169970431,331.8137241674365,17463.110356816498
2448230.44746959,1990.9252497456268,26899.209704758265,0.7280855,64.7333,295.1134,284.5239,936.1488572644894,326.0873915743093,17470.670544233555
2448236.03719079,1990.940553568213,26898.11676363392,0.7278329,64.7328,294.3772,284.4597,942.6461350196287,319.7776154432961,17477.77254305058
2448237.5615925,1990.9447271526358,26897.744274134187,0.7277636,64.7337,294.1782,284.4429,944.408769310905,318.0593250511463,17479.672702666903
2448245.6916135,1990.9669859370294,26897.34464587468,0.7274138,64.7366,293.1378,284.348,953.7086671093248,308.91086266939794,17490.219708152348
2448249.24847938,1990.9767241050781,26898.1159435597,0.7272487,64.7381,292.6748,284.3082,958.3597911566358,304.9023221718537,17495.81844617415
2448251.28105887,1990.9822890044347,26898.62604179528,0.727097,64.7419,292.408,284.2792,962.5794426840575,302.603158403492,17500.83181792957
2448255.34642653,1990.9934193744828,26899.214078932786,0.726854,64.7495,291.8612,284.2328,969.2764288041744,298.0030251862245,17508.70974876927
2448258.39550282,1991.0017672904041,26899.00557859178,0.726725,64.7186,291.4571,284.1944,972.6894494896696,294.5552754544765,17512.55101777957
2448260.42813507,1991.0073323342094,26898.578748712363,0.7266348,64.7218,291.1944,284.1703,974.9990593575039,292.2650596845814,17515.053069646718
2448261.44442137,1991.010114774456,26898.32214863387,0.7265866,64.7386,291.0645,284.1582,976.2254129532921,291.12138119584574,17516.3712033148
2448266.52570701,1991.0240265763455,26897.309203045257,0.7264208,64.7702,290.4003,284.1034,980.4080339217599,285.3941325156336,17520.818808307886
2448270.59070156,1991.0351559248734,26897.267838039807,0.726258,64.7666,289.872,284.0545,984.7755925206939,280.8103670455612,17525.80446681443
2448272.62318967,1991.0407205740453,26897.553569604264,0.7261559,64.7646,289.6119,284.0333,987.6000494700684,278.52579334370375,17529.133210064534
2448276.18010142,1991.050458867679,26898.381650876956,0.7259669,64.7583,289.1626,283.9967,992.9106087729306,274.5341076355164,17535.488054871083
2448279.22900265,1991.058806304312,26899.056336388385,0.7258104,64.7667,288.7663,283.9587,997.3051972517978,271.094730447741,17540.74099296602
2448280.24533841,1991.061588879973,26899.19503306088,0.7257408,64.7709,288.6395,283.9537,999.2154104112515,269.9612032097191,17542.971318240972
2448283.80258055,1991.0713280781652,26899.148466501694,0.7255581,64.7871,288.1867,283.9118,1004.1171135288114,265.96039186051985,17548.556221639035
2448289.39234628,1991.0866320226698,26898.29736372311,0.72545,64.7501,287.503,283.8854,1006.7912412101787,259.74087183885536,17551.32201790561
2448292.44092072,1991.0949785645992,26897.34464587468,0.7251789,64.8192,287.0698,283.812,1013.8215426583911,256.22951674426884,17559.024537714387
2448296.50584765,1991.1061077279949,26897.235948826987,0.7249783,64.8146,286.5497,283.7656,1019.1872559475114,251.65651792185804,17565.109106282267
2448302.09527575,1991.1214107481176,26898.34128408197,0.7247127,64.7968,285.8316,283.7021,1026.6354465734585,245.3658306776988,17573.97625831046
2448306.16047728,1991.1325406633268,26899.191296793313,0.7244862,64.7953,285.316,283.6584,1032.9621111064544,240.79976120231493,17581.473453230294
2448308.19312982,1991.1381057626827,26899.258640937045,0.7243371,64.7069,285.0481,283.6592,1036.9913448107654,238.52922543426575,17586.084837587376
2448314.29105514,1991.1548009723206,26898.21991124498,0.7240289,64.8145,284.2823,283.5799,1044.9950369481803,231.67384996459714,17594.84064428694
2448321.91278292,1991.1756681257223,26897.218182020846,0.7236791,64.7912,283.3083,283.4926,1054.1272355523633,223.10037473998295,17604.883931962304
2448326.99403549,1991.1895798370701,26898.01516602611,0.7234137,64.8084,282.6672,283.4283,1061.486192115046,217.3867586547608,17613.516310610823
2448329.02660274,1991.1951447029157,26898.525623975034,0.7233034,64.8212,282.4103,283.3994,1064.5942851667696,215.0976069503729,17617.219750258413
2448333.09180498,1991.206274620068,26899.2360409609,0.7230876,64.8291,281.8919,283.3472,1070.595710268979,210.5202367755221,17624.274068481947
2448335.12447962,1991.2118397799309,26899.250986101102,0.7229229,64.8131,281.6318,283.3415,1075.030155401033,208.25097922485145,17629.310089496525
2448339.69796056,1991.2243612883237,26898.433772560868,0.7226867,64.8128,281.0563,283.2874,1081.1571343003034,203.11363620348868,17635.97863875151
2448352.90910506,1991.2605314306918,26897.94372935882,0.7220025,64.8494,279.403,283.1213,1099.4248119024287,188.27298495097511,17656.499451856947
2448356.97427084,1991.2716612480224,26898.9064329939,0.7217875,64.8657,278.8934,283.0624,1105.4757059893145,183.69775071194204,17663.67307962584
2448361.03956744,1991.2827914235177,26899.23950385739,0.7215284,64.8547,278.3805,283.0239,1112.5379634223746,179.1394875336506,17671.77038387574
2448371.20246465,1991.3106159196439,26897.35321048337,0.7210032,64.7662,277.1124,282.9076,1126.1391741945872,167.7382689282108,17686.48332218704
2448379.84061185,1991.3342658777547,26898.11257214413,0.7204359,64.8043,276.0653,282.8089,1141.6103329301586,158.0784840083004,17704.188864857635
2448381.36505542,1991.338439576783,26898.471770521035,0.7202844,64.7931,275.892,282.8196,1145.7858703743523,156.41335235813983,17709.015934994626
2448385.93848173,1991.3509609356056,26899.2010475431,0.7199961,64.8136,275.3117,282.7611,1153.7449001961531,151.26686318198563,17718.22703880355
2448387.97114416,1991.3565260620392,26899.12996751357,0.719888,64.7954,275.0414,282.7585,1156.6327934601622,148.99051766591492,17721.45221448382
2448391.02013171,1991.3648737350034,26898.630324608814,0.7196676,64.8448,274.6695,282.7178,1162.4212956103684,145.57275539878242,17727.791112840947
2448398.13404634,1991.3843505717725,26897.241324430524,0.7192253,64.805,273.7667,282.6411,1173.9285636945842,137.58159416190983,17740.24468045124
2448404.23146887,1991.4010444048456,26897.690515706698,0.7190473,64.7609,273.0348,282.5215,1178.8424741521903,130.72031425560021,17745.91683159446
2448410.32931567,1991.4177393995067,26899.03920446617,0.7185789,64.7614,272.279,282.4956,1191.8209018639945,123.92841617757563,17760.94158840869
2448410.83747636,1991.4191306676528,26899.081305302592,0.7186554,64.7633,272.2396,282.4562,1189.7749702078345,123.34875964503044,17758.66204120319
2448412.87012344,1991.42469575206,26899.18218395103,0.7185347,64.7576,271.9847,282.4332,1193.0500831604322,121.0674292583808,17762.3689187469
2448415.91910046,1991.4330433961948,26898.893037473066,0.7184671,64.7911,271.6013,282.3823,1194.7870636296002,117.6279773698916,17764.216249784033
2448419.98438618,1991.444173541903,26898.00113378617,0.7182829,64.7232,271.0509,282.3542,1199.4905752069526,113.04262491492864,17769.179149889136
2448423.03315187,1991.4525206074472,26897.365601844172,0.7181057,64.7881,270.7093,282.296,1204.0777481759424,109.63788131897059,17774.09754686273
2448426.08177103,1991.460867271814,26897.098826288893,0.7179101,64.9361,270.4102,282.2085,1209.2636181979515,106.24648214693298,17779.810822321306
2448430.146731,1991.4719965256672,26897.63511747262,0.7177283,64.8789,269.8758,282.1905,1214.3048905886963,101.68755075982426,17785.63672911768
2448431.67114782,1991.476170151458,26897.94819413663,0.7176086,64.831,269.7007,282.1831,1217.6129476697133,100.00254547508075,17789.44480019178
2448435.73635228,1991.487300074688,26898.872443031392,0.717369,64.8161,269.2063,282.1392,1224.3189174464042,95.45747311232947,17797.26099584949
2448438.78531981,1991.49564769284,26899.16696552163,0.7171919,64.8127,268.8288,282.1076,1229.1660011019376,92.04323057760803,17802.77848066277
2448441.83428156,1991.503995295168,26898.89558899956,0.7170186,64.8136,268.4546,282.0723,1233.7508322289214,88.62859373959714,17807.80480687465
2448447.93203772,1991.5206900416702,26897.51648602947,0.7166901,64.8585,267.7332,281.9702,1242.1964059053607,81.79498499877639,17816.752856140756
2448450.98069231,1991.5290368030385,26897.132810648727,0.7165177,64.8592,267.3608,281.9358,1246.7247725681646,78.38335090615851,17821.670370064658
2448457.58614262,1991.5471215403697,26897.825550097303,0.7161491,64.8601,266.5621,281.8526,1256.8356904381144,70.99094546686979,17833.178977967167
2448462.15949778,1991.5596427043936,26898.85285101063,0.71589,64.8593,266.0105,281.7978,1264.0967835006295,65.87692641827266,17841.62099956645
2448471.81440253,1991.5860763929636,26897.987283801063,0.7153057,64.8598,264.8524,281.6873,1279.5673611706434,55.092198533089004,17858.528502074234
2448473.84691203,1991.5916411006986,26897.538080134877,0.715188,64.8565,264.6042,281.6631,1282.6053156793732,52.816503748536434,17861.74837777591
2448474.86315552,1991.5944234237372,26897.35612609639,0.7151305,64.8568,264.4832,281.6494,1284.1000909630156,51.68016745456555,17863.34584392408
2448487.56611882,1991.6292022418072,26898.676980049673,0.7144015,64.8583,262.9635,281.492,1304.0854974867161,37.48269294938336,17885.986427046017
2448498.74544723,1991.659809574894,26897.818716332375,0.7137942,64.8714,261.6616,281.3586,1320.175423962879,25.028753038133914,17903.513242181634
2448501.79417,1991.6681565229298,26897.252895654034,0.7136237,64.8724,261.3005,281.3164,1324.599464421689,21.620551745256762,17908.212177692945
2448508.39950363,1991.686240940808,26897.457990822422,0.7132073,64.8737,260.5194,281.2376,1335.8583003245376,14.25026130912147,17920.734859197564
2448511.44825886,1991.694587977714,26898.13207169745,0.7130296,64.8745,260.1598,281.1971,1340.8314198678454,10.845228022961464,17926.46577062725
2448515.51350398,1991.7057180122654,26898.935775621623,0.7127922,64.8756,259.681,281.143,1347.44786645758,6.3055155845007675,17934.054009834872
2448516.52983255,1991.7085005682407,26899.026811177744,0.7127462,64.8755,259.5611,281.126,1348.7113678126898,5.166895433403965,17935.480751080246
2448519.07063618,1991.7154569094598,26898.976782533548,0.712598,64.8763,259.2623,281.0919,1352.6834252537074,2.3297125944347954,17939.847299234327
2448524.66020227,1991.7307603073782,26897.872019813974,0.7122829,64.8758,258.6049,281.0154,1360.8414337120175,356.08658934382765,17948.45937861686
2448529.74142819,1991.744671945763,26897.09235742827,0.7119793,64.8748,258.007,280.9467,1368.7830687511414,350.4117995253441,17956.93918413235
2448538.37938379,1991.7683213793014,26898.291258625184,0.7114653,64.8752,256.9967,280.8332,1382.9540988200406,340.7742034514911,17972.961077327884
2448540.41201084,1991.773886408871,26898.717530353028,0.7113395,64.8754,256.7596,280.8077,1386.4609516704695,338.50819280643213,17976.968231812258
2448545.49366725,1991.7877992258727,26898.935319990145,0.7110347,64.8756,256.1673,280.7417,1394.7226144215474,332.84127868579833,17986.12753631366
2448549.55885081,1991.798929091882,26898.166970518963,0.7107948,64.8768,255.6947,280.6864,1400.953458342332,328.30662692244914,17992.702959633036
2448552.60765529,1991.8072762636277,26897.504914522473,0.7105928,64.8765,255.3407,280.653,1406.1952842981873,324.9142450939971,17998.225689646064
2448559.72127237,1991.826752285749,26897.269386946835,0.7101684,64.8776,254.5162,280.5572,1417.5423220498196,316.9825771303356,18010.59128037855
2448564.29437135,1991.839272748392,26898.214717392868,0.7098864,64.8793,253.9882,280.4974,1425.4016052358265,311.88741057885545,18019.538080882776
2448567.34332252,1991.8476203217526,26898.829522883603,0.7097058,64.8801,253.6363,280.4556,1430.4378972818758,308.4885841690567,18025.271196129044
2448569.37600435,1991.8531855013002,26899.017333966814,0.7095875,64.8806,253.4016,280.4264,1433.6745715006364,306.2212195319198,18028.881326215193
2448572.93316582,1991.8629244786307,26898.762454800133,0.7093802,64.8805,252.9913,280.3776,1439.176664861523,302.25608769296105,18034.813400970474
2448579.53892836,1991.8810100708015,26897.36906413872,0.7089854,64.8826,252.2316,280.2855,1449.3907992527038,294.8934745114948,18045.492262263437
2448584.62010394,1991.894921571362,26897.118506226816,0.7086835,64.8836,251.6485,280.2152,1457.4381233192235,289.2319343097471,18054.196363527255
2448590.20939446,1991.910224214812,26898.132618414413,0.7083422,64.884,251.0075,280.1383,1466.9138835949861,283.0050826676845,18064.89904477689
2448594.27465271,1991.921354285312,26898.917003620754,0.708082,64.8849,250.5426,280.0824,1474.141753862964,278.47745728770315,18073.060567981654
2448599.86449003,1991.9366584258175,26898.682447497387,0.7076811,64.8848,249.9067,280.0209,1484.856964501745,272.27056670567436,18084.65576406794
2448603.42155062,1991.9463971269538,26897.89106334408,0.7074626,64.8861,249.5023,279.9701,1490.5028171539107,268.3094342966259,18090.523846025957
2448607.48652236,1991.9575264130315,26897.206428611364,0.7071934,64.8901,249.042,279.9066,1497.5432638598368,263.7790913086418,18097.943353328345
2448614.6001412,1991.977002439972,26897.759672784094,0.7067673,64.892,248.2362,279.8075,1509.1663928015969,255.86282161008126,18110.77719180897
2448617.64891261,1991.9853495211773,26898.45928676393,0.7066095,64.891,247.8903,279.7678,1513.6161193733124,252.4722723761605,18115.85980735309
2448622.22232467,1991.9978708409851,26899.052600168983,0.7065165,64.9022,247.3713,279.7171,1516.2918037816935,247.3948972453453,18118.976398666404
2448623.23866918,1992.0006534406018,26899.0310030237,0.7064621,64.9044,247.258,279.7,1517.7487726624713,246.2627613833141,18120.550841443255
2448631.36893276,1992.022912889144,26897.536895646957,0.7059948,64.9063,246.3423,279.5783,1529.8794145120619,237.21195990815124,18133.183783493136
2448643.5637167,1992.0563003879531,26898.438693152464,0.7051949,64.9095,244.971,279.4226,1551.6606087786822,223.66546033691804,18157.10106167387
2448649.1534838,1992.0716043362083,26899.094245419612,0.7048617,64.9117,244.3482,279.3414,1560.816647132926,217.45203896496957,18167.238950589453
2448653.21875774,1992.0827344496652,26898.549680427364,0.7046219,64.9137,243.9037,279.2802,1567.106197360241,212.9394981205205,18173.84342764067
2448660.33245908,1992.1022107024778,26897.228204318137,0.7041989,64.9157,243.1103,279.1761,1578.0933897883306,205.0305471079755,18185.23818025276
2448676.08457621,1992.1453376487611,26899.070825641764,0.7032264,64.9117,241.3607,278.9572,1604.7977855806776,187.53634644598878,18214.684241521616
2448684.72297918,1992.1689883071322,26897.440223649606,0.7027147,64.9065,240.3835,278.8082,1618.0772861197393,177.89590943239466,18228.388536922834
2448693.43358458,1992.1928366449833,6698.66913177188,0.0137998,64.9811,349.6321,266.952,228.09253748725405,266.70290780596497,6697.94015483814
2448697.42599191,1992.203767260534,26898.696025004574,0.7019914,64.9136,238.9856,278.6202,1637.9064442371764,163.78958620775916,18250.138927842963
2448701.49123665,1992.214897294045,26899.05515173331,0.7017649,64.9179,238.5452,278.5591,1644.1061030826986,159.28127414381652,18256.91914868426
2448708.09724397,1992.2329835563855,26897.969971344748,0.701389,64.918,237.8257,278.442,1653.8934111132257,151.93361970122908,18267.02174873276
2448711.14596786,1992.2413305074874,26897.383460006913,0.7011095,64.9086,237.4786,278.4058,1661.2360910531943,148.54541730453377,18274.675796601878
2448717.75144085,1992.2594153069133,26897.434665719524,0.7007202,64.9083,236.7593,278.3094,1671.722567269605,141.21918951120801,18285.91651650008
2448720.80022293,1992.2677624173307,26898.048515448998,0.7005206,64.9053,236.4293,278.2741,1677.2751305775555,137.84892976095318,18292.075006578554
2448723.84905854,1992.2761096743054,26898.69356464965,0.7003503,64.9073,236.099,278.228,1682.0491570391987,134.46751725003128,18297.40983433733
2448728.93063384,1992.2900222692406,26898.95226949407,0.7000656,64.9106,235.5491,278.1489,1689.7848095793433,128.82998307336243,18305.76622649242
2448736.04470748,1992.3094995413549,26897.6024071361,0.6996382,64.9071,234.7783,278.0473,1700.8759746917322,120.94576511222647,18317.11626770848
2448741.63394268,1992.324802033347,26897.172990687188,0.6993153,64.9048,234.1744,277.9631,1709.4320915528806,114.74876799510344,18326.08360203109
2448751.28845703,1992.3512346530595,26898.8467455975,0.6987967,64.9135,233.1353,277.7927,1723.8851059682265,104.02352489859697,18342.080472696478
2448755.35371791,1992.3623647307602,26898.90962240608,0.6985606,64.914,232.7001,277.7328,1730.2548772323162,99.52159692636474,18348.880347406477
2448759.92710598,1992.374885984887,26898.073117548534,0.6982764,64.9151,232.2151,277.669,1737.6471540899665,94.46514544066281,18356.437562353756
2448769.07314752,1992.3999264819163,26897.225015404347,0.6976793,64.9145,231.2454,277.5525,1753.4515947145528,84.36436651010354,18372.915142394617
2448775.17070975,1992.4166206974678,26898.396412586982,0.6973356,64.9153,230.5956,277.4585,1763.0507111777897,77.610648911557,18383.521636759717
2448776.18699906,1992.4194031459554,26898.58685868677,0.6972788,64.9177,230.4901,277.4417,1764.63619216589,76.48666745605237,18385.27156379032
2448791.93927258,1992.4625305204113,26897.089806329375,0.6963176,64.9267,228.828,277.1982,1790.0364854016407,59.05521265195625,18411.621184745316
2448792.95544323,1992.4653126440246,26897.057735423452,0.6962287,64.9266,228.7238,277.1881,1792.4178944646374,57.93934815113698,18414.127456502127
2448800.57720851,1992.4861799000962,26898.160318776627,0.6958105,64.9273,227.919,277.068,1804.0016382885024,49.50223596537023,18426.76814881967
2448802.60977907,1992.4917447750038,26898.567540555552,0.6957068,64.9284,227.7053,277.033,1806.9148923317798,47.25018099863837,18429.992472842747
2448805.65865093,1992.5000921312253,26898.88419826097,0.6955587,64.9324,227.3852,276.9713,1810.994973868028,43.86333275889285,18434.41454380591
2448815.82140117,1992.5279162249692,26897.350112645396,0.6949717,64.9245,226.3158,276.8367,1826.3166793650344,32.642659011098544,18450.013484459338
2448816.83764531,1992.5306985497878,26897.21235087035,0.6948266,64.9252,226.2148,276.8371,1830.1774436370997,31.540422076408163,18454.030832810127
2448825.98361162,1992.5557388408488,26897.916485142538,0.694808,64.9194,225.2604,276.6254,1830.892627933621,21.35981729442483,18455.0409244694
2448828.52428925,1992.5626948370975,26898.444707211915,0.6944391,64.9009,224.99,276.6325,1840.9766733359102,18.592358644854414,18465.85025432522
2448829.54058209,1992.5654772952503,26898.617020555324,0.694398,64.903,224.8845,276.614,1842.13485871575,17.466673709913096,18467.131851731698
2448830.55687709,1992.5682597593159,26898.74413872501,0.6942877,64.8996,224.7784,276.6101,1845.1406377611438,16.35498664627812,18470.340483605647
2448837.67089452,1992.5877368775357,26898.168792914843,0.6941209,64.9906,224.0691,276.4379,1849.451362024878,8.46172408717024,18474.66386424283
2448844.78453339,1992.6072129593151,26897.04753106434,0.6936715,64.9212,223.3312,276.3943,1861.1959246196438,0.668834646560299,18486.595730990754
2448853.42252476,1992.6308624907872,26898.2057876179,0.6931562,64.9238,222.4339,276.2581,1875.4113770546683,351.1215033166209,18501.93888211852
2448855.45509772,1992.6364273722656,26898.597884616825,0.6930439,64.924,222.2231,276.2248,1878.55240213023,348.8740459843674,18505.376321911146
2448857.48770677,1992.6419923525536,26898.835354910614,0.6929366,64.9239,222.0123,276.1909,1881.5115401190596,346.62595308071707,18508.565558086197
2448864.60175704,1992.6614695606838,26898.15148016646,0.6924762,64.893,221.2574,276.0718,1893.6854561564141,338.7401581538087,18521.068441616073
2448880.35338086,1992.7045951563582,26898.31513231143,0.6917437,64.9181,219.6427,275.8148,1913.4387989203333,321.34324371105095,18541.79031431007
2448881.36966939,1992.7073776027103,26898.480791639206,0.6916303,64.915,219.5535,275.793,1916.540152173544,320.2305630243176,18545.09159887761
2448883.40228566,1992.7129426027657,26898.741496109782,0.6915341,64.9126,219.3448,275.7458,1919.2082044648487,317.9712630043682,18547.974322776117
2448885.43489612,1992.7185075869127,26898.800271670792,0.6914121,64.9114,219.1378,275.7057,1922.5079883543203,315.72076871142144,18551.441791305973
2448891.53257154,1992.735202112362,26898.001680496476,0.6911141,64.897,218.513,275.6255,1930.2771572816673,309.00573954968604,18559.256959732134
2448891.53282736,1992.7352028127586,26898.106831628156,0.6909103,64.915,218.4966,275.6177,1935.791471155897,308.9812874068928,18565.047233591165
2448894.58147734,1992.7435495615055,26897.413709615506,0.6907227,64.8961,218.2064,275.5245,1940.6231890928666,305.5930578580578,18569.82926972466
2448896.61389865,1992.7491140277887,26897.12643287865,0.6904555,64.9026,217.9914,275.4745,1947.721253102205,303.3248499960785,18577.118926164032
2448898.64634622,1992.754678565968,26897.05308879444,0.6904523,64.9016,217.7816,275.4717,1947.7846204142134,301.10901625151666,18577.15791440567
2448904.23554568,1992.7699809601093,26897.805231048966,0.6901697,64.9046,217.211,275.38,1955.6187640774697,294.93785436064684,18585.591481382933
2448907.79250793,1992.779719392006,26898.534371769656,0.690212,64.9005,216.8508,275.3472,1954.7068659617762,291.03901887783843,18584.91103945647
2448910.84142223,1992.7880668644216,26898.84765685297,0.6901097,64.8997,216.5406,275.3025,1957.5556700364632,287.6790288082084,18587.991361676617
2448928.62581535,1992.8367578791242,26897.456350774475,0.6893091,64.9096,214.7321,275.017,1978.6586213328374,268.0562635153051,18609.4153161575
2448933.70714217,1992.8506697937578,26898.525715097854,0.6891693,64.902,214.2188,274.9507,1982.7512769918667,262.4683742471757,18614.05950886258
2448938.28057733,1992.8631911768102,26898.898413904597,0.6889598,64.9021,213.7561,274.8751,1988.5024424405674,257.42237634833435,18620.16578904952
2448951.4918117,1992.8993615652298,26897.12953065222,0.6887431,64.9181,212.4166,274.6584,1993.7808566092626,242.8448365172909,18624.986964750784
2448955.55668106,1992.910490571007,26897.68222417654,0.6882903,64.9158,212.02,274.5922,2006.132156793401,238.37559443755345,18637.991581399176
2448966.73605295,1992.9410980231346,26898.741587234435,0.6877804,64.9139,210.9057,274.398,2020.1780388697007,226.04841167154348,18652.922175684813
2448979.94716796,1992.9772680847639,26897.35211712869,0.6869164,64.9172,209.5789,274.1739,2042.9835312982723,211.47628948501438,18675.970263195766
2448980.96338824,1992.9800503442573,26897.49990324377,0.6869816,64.9212,209.4657,274.1584,2041.276083713521,210.34597606738544,18674.26274010744
2448982.4877077,1992.9842237034911,26897.780265095927,0.686929,64.9216,209.3145,274.1307,2042.7786653738458,208.66466674321316,18675.917752659934
2448985.02834428,1992.9911795873513,26898.315405674555,0.6868247,64.9217,209.0611,274.0876,2045.7516966667517,205.8640485535082,18679.18453157478
2448988.07722872,1992.9995269780145,26898.821503851617,0.6867005,64.9217,208.7573,274.0358,2049.2510277459587,202.50338791474235,18682.98264736622
2448992.14248516,1993.010657043559,26898.839820058438,0.6865113,64.9221,208.3538,273.9686,2054.346026698353,198.02586431876944,18688.243730096652
2449002.30499456,1993.0384804779187,26897.190575195666,0.6861164,64.9225,207.3452,273.7936,2064.450707628488,186.8258279492269,18698.043440113386
2449011.45106169,1993.063521045011,26898.344746690498,0.6857485,64.9192,206.4313,273.6398,2074.708884164609,176.7435237960807,18709.03340811604
2449015.0080871,1993.073259649829,26898.87918633981,0.685606,64.919,206.0783,273.5801,2078.709922910117,172.824926061606,18713.34863741482
2449020.08964481,1993.0871721966055,26898.61073302892,0.6854082,64.9189,205.5759,273.4934,2083.946068002886,167.22730922199423,18718.633288656987
2449033.30065408,1993.1233419687344,26897.453708475525,0.6849132,64.9196,204.273,273.2652,2096.896317151686,152.67509125562447,18731.507724586325
2449036.34936544,1993.131688885531,26898.038036794056,0.6848041,64.9197,203.9726,273.2126,2100.0150072415345,149.3172012088404,18734.927422763336
2449038.89004326,1993.1386448823,26898.55050053464,0.6847269,64.9198,203.7221,273.1669,2102.253101810107,146.5168423720105,18737.415752151664
2449040.92264679,1993.1442098474738,26898.834990408835,0.6846626,64.9199,203.5219,273.1307,2104.0723889045476,144.27705490942583,18739.388861164847
2449042.95528123,1993.1497748972763,26898.925204976327,0.6845912,64.92,203.322,273.0956,2106.0214201913386,142.03863698054488,18741.42229648445
2449046.00422111,1993.1581224397266,26898.666227410595,0.6844988,64.9201,203.0216,273.0416,2108.425173147516,138.67912169842566,18743.79146800828
2449065.82095989,1993.2123777135928,26898.64827599473,0.6838166,64.9202,201.0753,272.6989,2126.769767308151,116.8582231065667,18762.584332393726
2449070.90252314,1993.2262902755372,26898.832712272982,0.6836502,64.9202,200.5781,272.611,2131.304048761016,111.26460080661258,18767.29497140911
2449083.09750719,1993.2596783222175,26897.159050656846,0.6832641,64.9203,199.3867,272.398,2141.1595793529414,97.84050400168269,18776.750721394965
2449090.21117132,1993.2791544731558,26898.27522136951,0.6830215,64.9206,198.6945,272.2794,2148.0386322568756,90.018289663894,18784.199905578374
2449091.22743228,1993.2819368440241,26898.471314909213,0.6829914,64.9206,198.5954,272.2614,2148.910433679528,88.89953615127934,18785.164125866795
2449093.7681714,1993.2888930086237,26898.823690859746,0.6829165,64.9206,198.3481,272.2167,2151.0368617807253,86.10331689544307,18787.468546069682
2449096.81711191,1993.2972405527992,26898.83963780747,0.6828279,64.9206,198.0514,272.163,2153.4251554866332,82.74780099233993,18789.9139966136
2449102.91481981,1993.3139351671734,26897.76532199846,0.6826295,64.9222,197.4601,272.057,2158.420929125312,76.04043981758605,18794.61242498684
2449116.63381207,1993.3514957209306,26898.258910776047,0.682241,64.9223,196.1283,271.8166,2169.0275532292853,60.94644046499252,18805.619308087968
2449130.86171255,1993.3904495894587,26897.427103294667,0.6818791,64.925,194.7507,271.5692,2178.4974177844942,45.298047794845445,18814.959899347472
2449137.97513455,1993.4099250774816,26897.279135955025,0.6817515,64.9164,194.063,271.4459,2181.882439098983,37.475872106649774,18818.35256900526
2449137.9751453,1993.4099251069129,26897.284876029396,0.6817107,64.9248,194.0624,271.4427,2182.9816750919836,37.472061511373454,18819.474243281038
2449146.61331881,1993.433575137056,26898.763730547824,0.6815436,64.9162,193.228,271.2932,2187.947162080829,27.974150659771,18825.08546983966
2449159.82440775,1993.4697451273096,26896.90904429053,0.6816933,64.9506,191.9539,270.9453,2183.3300580882733,13.330954168565427,18819.687887829055
2449159.82444337,1993.4697452248326,26897.09545519203,0.681305,64.9272,191.9865,271.0581,2193.833536092423,13.476319060266974,18830.448863966725
2449170.49508226,1993.4989598419168,26898.438784274553,0.6810585,64.9173,190.9574,270.8664,2200.892113514701,1.7382569099535203,18838.13264449459
2449171.51136521,1993.5017422729916,26898.596791135657,0.6810264,64.9137,190.8593,270.8469,2201.805953416988,0.6189817230336985,18839.121132876695
2449174.05208877,1993.50869839499,26898.79535091384,0.6809814,64.9189,190.6212,270.8033,2203.079734535042,357.83307780361326,18840.490689032307
2449175.57655757,1993.5128721630942,26898.776761407862,0.6808602,64.967,190.4581,270.7775,2206.3339358803514,356.14162128610724,18843.791081178286
2449187.77150359,1993.5462601056538,26897.041517785827,0.6806261,64.9757,189.2772,270.5663,2212.0767479971782,342.72986196463495,18848.97206376152
2449192.8525411,1993.5601712281991,26897.63739535491,0.6805795,64.9712,188.7992,270.4696,2213.5204856429627,337.14715784827763,18850.662523957737
2449193.86878181,1993.562953543628,26897.847418174268,0.6806133,64.9496,188.6949,270.4466,2212.678423994201,336.01822429388653,18849.886474561546
2449200.98273857,1993.5824304957423,26898.795077538514,0.6804937,64.9495,188.0137,270.3185,2216.1981896825437,328.197221532802,18853.817194627205
2449208.60482057,1993.603298618946,26897.648875888994,0.6803385,64.9468,187.2901,270.1806,2220.0064861399915,319.82319717948866,18857.251072414965
2449209.62107947,1993.6060809841754,26897.459904212013,0.6803131,64.9407,187.1912,270.1653,2220.6292746518357,318.7073456968893,18857.811895031256
2449215.21021124,1993.6213831929917,26897.11057958082,0.6802312,64.9402,186.6562,270.065,2222.720473499863,312.5632505229856,18859.802149806033
2449218.76695382,1993.631121023463,26897.56851240763,0.680186,64.955,186.31,269.9956,2224.0826762271354,308.642031553284,18861.356636945042
2449223.34011307,1993.6436416511153,26898.466576547344,0.6801249,64.9549,185.8728,269.9121,2226.0133860197384,303.61390559849303,18863.65347751005
2449225.37268502,1993.6492065298285,26898.724091315347,0.6800988,64.9549,185.6785,269.8749,2226.797815280688,301.3790492617411,18864.546127067755
2449227.40527456,1993.6547714567014,26898.786876282127,0.6800732,64.9548,185.4842,269.8378,2227.506509210936,299.1442755874731,18865.2885305932
2449234.51922957,1993.6742484040244,26897.70299857185,0.6799717,64.955,184.8045,269.7028,2229.889864537852,291.31787455119024,18867.296732155875
2449239.60032985,1993.6881596984254,26897.061470950186,0.6799719,64.9492,184.3132,269.6233,2229.679178131395,285.73900856686413,18866.84128083553
2449244.68136632,1993.702070818124,26897.496532021232,0.6799059,64.9406,183.8288,269.5366,2231.593644670458,280.1599054753823,18868.94617849741
2449245.18948274,1993.7034619650653,26897.58946881317,0.6799,64.9396,183.7791,269.5294,2231.7820889670966,279.60219257646656,18869.17224522836
2449247.77969054,1993.710553567529,6607.404326514515,0.0177109,64.9892,40.7397,52.5096,112.24494922804843,276.99001568959653,6606.2199131706775
2449249.25450605,1993.7145913923343,26898.395956978344,0.6798591,64.9365,183.39,269.4609,2233.140390223407,275.137998759612,18870.853164854125
2449251.28707503,1993.7201562629161,26898.686548085,0.6798425,64.9357,183.1955,269.423,2233.6799385185222,272.9022453501584,18871.509608557473
2449253.31966489,1993.7257211906638,26898.791432534905,0.6798243,64.9353,183.0017,269.3844,2234.2030760658654,270.66647136103836,18872.079371270487
2449256.36855313,1993.7340685917316,26898.57811084947,0.6797636,64.9564,182.6927,269.339,2235.7675193372343,267.3070069766345,18873.584361741818
2449257.38485375,1993.7368510711842,26898.41281451076,0.6797618,64.9562,182.596,269.3193,2235.763002575861,266.18891437371474,18873.517443368077
2449259.41739945,1993.7424158780293,26898.011339049765,0.6797449,64.9542,182.4013,269.2822,2236.0890111885165,263.9537839094486,18873.696373739942
2449260.43369764,1993.745198350828,26897.8846851245,0.6797134,64.9174,182.3335,269.267,2236.895732990595,262.8690937018828,18874.466015984497
2449262.46617081,1993.7507629590968,26897.487147272164,0.679696,64.9191,182.1394,269.2308,2237.2364232198634,260.6355347250957,18874.661249635825
2449264.49860621,1993.7563274639565,26897.21198642355,0.6796586,64.9198,181.9498,269.1896,2238.154243827701,258.4015129756626,18875.48731470958
2449266.53102792,1993.761891931335,26897.12898398623,0.6796633,64.9197,181.7538,269.1604,2238.0012382045024,256.17310471942966,18875.30099703456
2449272.12021867,1993.777194301629,26897.77060675007,0.6796522,64.9386,181.2033,269.0645,2238.5053387770495,250.01785141355634,18876.053728486182
2449273.13644178,1993.77997656887,26897.974800606076,0.6796749,64.9442,181.0998,269.0508,2237.9601678016224,248.899035206779,18875.578453283717
2449274.66083814,1993.7841501386451,26898.288980604455,0.6796628,64.9546,180.9457,269.0189,2238.3862768376857,247.21055008771253,18876.1286601272
2449275.16898654,1993.785541373141,26898.38265321465,0.6796174,64.9262,180.9184,269.0137,2239.637470231806,246.67720566916887,18877.43148516239
2449278.21785676,1993.7938887248738,26898.803369926325,0.6795723,64.931,180.6228,268.9562,2240.98539657774,243.31905904545044,18878.95553844503
2449279.23415974,1993.7966712107875,26898.85886530158,0.6795657,64.9349,180.5239,268.9357,2241.180711301704,242.19796411648065,18879.174299656486
2449281.26675715,1993.8022361592066,26898.796535540307,0.6795563,64.93,180.3338,268.8976,2241.4135873957166,239.96638268565346,18879.38664268038
2449283.29934096,1993.8078010703905,26898.54038588259,0.6795459,64.93,180.14,268.8606,2241.6112506716563,237.73221465944573,18879.490182975474
2449285.33190077,1993.8133659158655,26898.1640546862,0.6795447,64.9382,179.9446,268.8191,2241.522931593683,235.49197028844856,18879.25873465443
2449297.52661262,1993.8467532173029,26897.647235811946,0.679507,64.9148,178.8017,268.5955,2242.3713555470786,222.1060417709706,18879.92293719838
2449301.59164382,1993.857882666174,26898.454457285134,0.6794631,64.9171,178.4131,268.5183,2243.8109065293593,217.633640177362,18881.685285902662
2449304.13237697,1993.864838814428,26898.854582397074,0.6794539,64.9403,178.1693,268.4866,2244.1866308545086,214.8539268059542,18882.216734294027
2449305.148675,1993.8676212867895,26898.909349027857,0.6794375,64.9332,178.0738,268.4649,2244.645328197741,213.73503675581463,18882.701843935716
2449308.19756824,1993.8759687015472,26898.79307278637,0.6794189,64.9187,177.7872,268.4102,2245.108371946233,210.38866744301276,18883.126778160666
2449322.93300954,1993.9163121411093,26897.488422868642,0.6794649,64.9185,176.3778,268.1321,2243.4528413730422,194.17752920062776,18880.958142810257
2449324.45731296,1993.9204854564275,26897.76987781866,0.6794509,64.9044,176.2101,268.106,2243.9196263418817,192.48133568606727,18881.537008059364
2449326.99795962,1993.9274413678845,26898.276223697292,0.6794412,64.9059,175.9681,268.0626,2244.342848336937,189.69180756154054,18882.156629792382
2449330.04681605,1993.935788681862,26898.79498641341,0.6793934,64.9044,175.6799,268.0197,2245.794904691049,186.3556745297002,18883.822558136988
2449334.11201131,1993.9469185799046,26898.82469323862,0.6793912,64.9111,175.2976,267.9396,2245.8636063096037,181.8865112343205,18883.90332341185
2449351.38803741,1993.9942177615608,26897.890334404507,0.6794138,64.9079,173.6545,267.6358,2244.956150323471,162.9119058380951,18882.63193624153
2449353.92868651,1994.0011736796985,26898.42365801855,0.679456,64.911,173.427,267.5866,2243.9920130358987,160.1310753085761,18881.85704262934
2449355.96126432,1994.0067385744564,26898.752066574598,0.6794425,64.9077,173.2252,267.5488,2244.4604155809884,157.88811319571198,18882.455258006277
2449357.99385425,1994.012303502395,26898.93267732796,0.6794525,64.9184,173.0213,267.5188,2244.2493223857837,155.6508391377468,18882.309685380234
2449359.51831639,1994.0164772522655,26898.91126267557,0.6794228,64.9126,172.8829,267.4782,2245.0413556369986,153.96928918440102,18883.103535831506
2449361.04277471,1994.0206509916766,26898.801000672018,0.6794383,64.9115,172.7395,267.4497,2244.589076737122,152.29484299642922,18882.603996711852
2449374.7619892,1994.0582121538673,26897.386466741304,0.6795209,64.9158,171.4306,267.2063,2241.913907213433,137.22052460778104,18879.3612784681
2449378.82688177,1994.0693412231897,26898.104098050197,0.6795457,64.9152,171.0422,267.1273,2241.4768200678063,132.74665965170107,18879.189410566047
2449380.85942132,1994.074906013196,26898.501294208632,0.6796443,64.9056,170.84,267.1023,2238.9519110571127,130.51613524948414,18876.78177305095
2449382.8920094,1994.0804709360707,26898.806103681953,0.6796231,64.9159,170.646,267.0699,2239.619813198702,128.2863630145397,18877.573353045183
2449385.94092657,1994.088818416345,26898.93541111644,0.6796811,64.9237,170.363,267.0039,2238.1011020598653,124.93227011583122,18876.083597468427
2449390.00608471,1994.0999482127581,26898.38684480966,0.6797076,64.9245,169.9745,266.9301,2237.212578652514,120.463243407086,18874.976456250588
2449401.69267357,1994.1319443492675,26897.486509473983,0.6798337,64.9221,168.8594,266.7254,2233.5324350381998,107.6248342636444,18870.907590191106
2449405.75764189,1994.1430736259824,26898.25809069099,0.6799201,64.9419,168.4778,266.6454,2231.455459842562,103.15669464632128,18869.09322281973
2449408.8064866,1994.1514209078716,26898.77229628621,0.6799634,64.9411,168.1866,266.5907,2230.455329877632,99.80577316624687,18868.27314362631
2449410.83908811,1994.1569858675148,26898.918826143672,0.6799835,64.9246,167.9896,266.5553,2229.9615565266067,97.5699876946652,18867.82775204455
2449412.87169325,1994.1625508370973,26898.856678286298,0.6800077,64.9192,167.7949,266.5184,2229.2907158551934,95.33499864496912,18867.124130994973
2449415.92055177,1994.1708981567965,26898.423475774627,0.6800415,64.9174,167.5039,266.4635,2228.2429276736366,91.98406355328007,18865.89836716192
2449419.9855624,1994.1820275493496,26897.604502781414,0.6800934,64.9161,167.1145,266.3904,2226.5849046294934,87.51498223412466,18863.9082500562
2449426.08280506,1994.1987208899654,26897.20588194147,0.6801444,64.9162,166.5288,266.2741,2225.085625691918,80.80337961246761,18862.237366291345
2449435.73718243,1994.2251531346474,26898.791432534905,0.6803099,64.9168,165.6051,266.101,2221.1410229462253,70.19097152690767,18858.832776420357
2449436.75348271,1994.2279356131694,26898.861143442973,0.6803237,64.9159,165.5076,266.0836,2220.7921045496187,69.07437925903434,18858.504962053586
2449439.80238124,1994.2362830424088,26898.75461806766,0.6803739,64.9168,165.2194,266.0268,2219.4077334299564,65.72430473281469,18857.059897434043
2449441.8349481,1994.2418479071873,26898.450356785976,0.6804055,64.9152,165.0244,265.991,2218.460492551836,63.490153412583595,18855.98388802775
2449443.86747195,1994.2474126542097,26898.041863779894,0.6804374,64.9144,164.829,265.9552,2217.4718928983493,61.25564448447261,18854.826573548948
2449447.93239566,1994.258541808788,26897.30592299497,0.6805035,64.9139,164.4392,265.8831,2215.45880182616,56.78724883628479,18852.5058086325
2449456.57022486,1994.2821908962635,26897.83311280223,0.6806492,64.9135,163.6102,265.7295,2211.708222839883,47.29097734516563,18848.895761926156
2449459.11081354,1994.28914664898,26898.317501458758,0.6807503,64.9145,163.367,265.6837,2209.1434928454564,44.49790636720377,18846.472899231587
2449464.70040069,1994.3044501045588,26898.840093434894,0.6808313,64.8834,162.8406,265.5995,2207.1315241294924,38.37806235885063,18844.625377768112
2449467.7492637,1994.3127974365507,26898.487534702173,0.6808644,64.9108,162.5358,265.5332,2206.128658479698,35.00192284179258,18843.473662167507
2449484.00884792,1994.3573137520061,26898.01817293705,0.6812049,64.9092,160.9725,265.2515,2196.820093243283,17.131049277807847,18833.833686263864
2449508.39882645,1994.4240898739222,26897.626643754727,0.6817238,64.9174,158.6307,264.819,2182.738097193009,350.3173453879823,18819.354523276033
2449511.44754498,1994.4324368103487,26898.208703461973,0.6817845,64.9225,158.3237,264.7645,2181.290631676502,346.9509482744678,18818.098824811586
2449513.98825314,1994.4393928901845,26898.686274712447,0.6818312,64.9194,158.0806,264.7184,2180.1864336017297,344.1575595335778,18817.153337274398
2449517.5453081,1994.4491315759071,26898.84975274085,0.6819252,64.9136,157.7445,264.6521,2177.7099553330954,340.2492326734525,18814.691583070162
2449534.82125288,1994.4964305349217,26897.647782504268,0.6824088,64.9091,156.0682,264.3552,2164.3199364228676,321.2484074281866,18800.588347924033
2449535.83750443,1994.499212880028,26897.84851157928,0.6824415,64.9074,155.9675,264.3376,2163.5041265643467,320.1284631899382,18799.831269419235
2449537.36186796,1994.503386359918,26898.14819985938,0.6825137,64.9125,155.8146,264.2982,2161.657248825015,318.4337104294931,18798.059068914976
2449539.90255121,1994.5103423715539,26898.565262476328,0.6825506,64.9294,155.5622,264.2704,2160.7971034339516,315.64934624063744,18797.337591469022
2449540.91883878,1994.513124815277,26898.70103684041,0.6825632,64.9336,155.4599,264.2508,2160.501281291301,314.52576650029613,18797.086566017362
2449542.44329715,1994.5172985548256,26898.824602113265,0.682621,64.9278,155.3165,264.2154,2158.985753394105,312.8444202627554,18795.58598140006
2449544.47590223,1994.5228635242438,26898.785600531693,0.6826964,64.9161,155.1282,264.1919,2156.945206676868,310.62923127226605,18793.488227202826
2449565.30878524,1994.5799008493914,26898.389031729435,0.6834165,64.9223,153.1004,263.7945,2137.449844026516,287.67059421913814,18773.417173080277
2449567.34137036,1994.5854657641614,26898.698667608634,0.6832363,64.9117,152.9081,263.7325,2142.395015136781,285.4129249018534,18778.59006859129
2449569.37399313,1994.5910307820122,26898.83608391422,0.6832334,64.905,152.7158,263.7029,2142.5165502588225,283.1876184756284,18778.765754461016
2449584.61762945,1994.6327655837092,26897.35539719306,0.6840258,64.8839,151.2432,263.5127,2120.7340537437594,266.50028986465907,18755.91952489563
2449588.68247362,1994.64389452052,26897.93990240789,0.684084,64.8747,150.821,263.427,2119.3532822090892,261.9859726127959,18754.72324600106
2449592.23941455,1994.653632894045,26898.61729392612,0.6841914,64.8806,150.4666,263.3625,2116.6783695305967,258.06125814383734,18752.235151841178
2449593.25570637,1994.6564153494041,26898.752066574598,0.6842163,64.8916,150.3665,263.3471,2116.0511529655723,256.944074214495,18751.6426362909
2449595.28829204,1994.6619802656814,26898.825239990776,0.6842836,64.9113,150.1624,263.3007,2114.2639689990247,254.69020435471003,18749.838019288756
2449596.30461897,1994.6647628171663,26898.894951117876,0.6843165,64.8992,150.0689,263.2839,2113.4010043012204,253.57818582009816,18748.979358109962
2449613.58068077,1994.7120620965636,26897.674934924533,0.6849392,64.8807,148.3669,262.9945,2096.2666831372717,234.5590452370907,18730.943689405733
2449617.13757183,1994.721800333552,26898.43942212919,0.6850628,64.8804,148.016,262.9423,2093.1828959749855,230.6501799213106,18728.061580265363
2449618.15385856,1994.7245827749764,26898.64144170722,0.6850842,64.874,147.9187,262.9274,2092.6708885283806,229.53630100848864,18727.61094175887
2449620.18646171,1994.73014773911,26898.927847636674,0.6851318,64.8098,147.7178,262.8922,2091.480693315236,227.29681392042164,18726.494998885853
2449621.20276671,1994.7329302305543,26898.9752333807,0.6851661,64.8756,147.6143,262.8747,2090.5729787286564,226.1741170004491,18725.58006306967
2449622.21907767,1994.7357127383164,26898.990269285405,0.6852009,64.89,147.514,262.8587,2089.6416276798027,225.0561142061448,18724.62870144735
2449640.51141576,1994.7857944305545,26897.832474983534,0.6858712,64.8732,145.7063,262.5418,2071.247537967607,204.90210500037824,18705.280512691686
2449646.10092453,1994.8010976715402,26898.747601463197,0.6860191,64.9117,145.1405,262.4208,2067.556680780257,198.70613824551936,18701.821172939006
2449647.11722952,1994.8038801629566,26898.962384533334,0.6861502,64.8933,145.0629,262.4277,2064.097664593308,197.6337413356443,18698.338673713086
2449651.18246424,1994.8150101690353,26898.790065658868,0.6862886,64.8805,144.6638,262.3654,2060.3207898039345,193.16553914731605,18694.383525520967
2449670.99918931,1994.8692654053655,26898.635063042795,0.6870771,64.9309,142.6859,262.0071,2039.062589969035,171.29745406839334,18672.398842239625
2449672.01542173,1994.8720476980973,26898.803278801155,0.6870697,64.9407,142.587,262.002,2039.3142796762295,170.19182868500963,18672.72113435346
2449674.04803405,1994.8776126873374,26898.97824055996,0.6871465,64.9153,142.3817,261.9702,2037.3031889830254,167.95133255848566,18670.709414285764
2449698.4380499,1994.9443889114302,26898.863148207787,0.6882073,64.8662,139.9336,261.5758,2008.7328679102066,141.06939188512854,18641.122019619062
2449699.96250316,1994.948562636988,26898.893128599,0.6882327,64.9044,139.7764,261.5231,2008.0589836918625,139.35695068430266,18640.435274260333
2449703.01143053,1994.956910145188,26898.880644352997,0.6884548,64.8714,139.4866,261.4684,2002.0808501210831,136.00734773235882,18634.23801552255
2449715.71446944,1994.9916891702665,26897.309749720407,0.6890186,64.8929,138.2075,261.277,1986.4267422017,122.01639870408303,18617.425035539087
2449718.25498289,1994.998644717016,26897.65634735427,0.6891888,64.892,137.9483,261.2372,1981.9565465087962,119.21340187423823,18612.913403009803
2449720.79556223,1995.0056004441617,26898.12669564885,0.6892898,64.8896,137.6793,261.1839,1979.3860252303948,116.387040101798,18610.41819087026
2449722.31995453,1995.0097740028195,26898.456461974183,0.68936,64.8892,137.5248,261.1603,1977.6002153476602,114.70645898493274,18608.685376720656
2449723.33624319,1995.0125564495274,26898.62704415574,0.6894005,64.8882,137.4194,261.1389,1976.5638106012502,113.57797817014722,18607.671887548342
2449724.86070367,1995.0167301948527,26898.877181572,0.689522,64.8775,137.2788,261.0948,1973.3732895801113,111.89072985302266,18604.449684928055
2449739.0884726,1995.0556837032173,26897.250982301255,0.6902618,64.8939,135.8278,260.8877,1952.969804206221,96.20936684179537,18582.629981290047
2449740.1046785,1995.05846592334,26897.240504423033,0.6902767,64.8962,135.7204,260.8881,1952.5657899235666,95.10076759755748,18582.205528591738
2449746.71012655,1995.076550654483,26898.110476399845,0.6905151,64.9,135.0466,260.7803,1946.422730977556,87.80866438609905,18576.128739075302
2449748.74264668,1995.0821153913216,26898.514415873564,0.6906317,64.9036,134.8411,260.7521,1943.4113773642985,85.57165912422488,18573.14007910456
2449749.7589133,1995.0848977776866,26898.69465814066,0.6907021,64.9019,134.7348,260.7403,1941.5734705041232,84.45190003285404,18571.29113968803
2449752.80780064,1995.0932451762899,26898.993185342082,0.6908606,64.9019,134.4206,260.672,1937.4023139207384,81.06433653563556,18567.052944786694
2449768.55977008,1995.1363717182198,26897.27102696629,0.6916701,64.8991,132.8139,260.4195,1915.0965860174147,63.679581440858726,18543.139112888646
2449773.13268988,1995.148891690295,26898.11238990548,0.69198,64.8867,132.3439,260.3597,1907.0202783386849,58.64259149384077,18535.00647155857
2449775.67336514,1995.1558476800544,26898.539474653142,0.6920327,64.8883,132.0771,260.3009,1905.7342759523472,55.81283518041744,18533.818416610273
2449777.70596998,1995.161412648816,26898.861234568634,0.6921511,64.8926,131.8723,260.2802,1902.648542314595,53.58394642629656,18530.708973687055
2449779.73852756,1995.1669774881866,26898.929123403974,0.6922619,64.8937,131.6479,260.2278,1899.6890404710048,51.30380425283846,18527.63749078729
2449791.93365038,1995.200365914798,26897.125886212816,0.6928629,64.8863,130.3811,260.0445,1882.9689430263352,37.8338706726895,18509.46703045226
2449793.96605198,1995.2059303271183,26897.166612893285,0.6929536,64.8809,130.1715,260.0226,1880.5418786890787,35.599182237448645,18506.938014193114
2449800.06339498,1995.2226239424506,26898.198042410917,0.6932605,64.8781,129.5403,259.9313,1872.6035184301054,28.86698071782547,18498.990700788596
2449802.09593905,1995.228188744832,26898.59688225908,0.6933553,64.8769,129.3265,259.889,1870.1758713812706,26.607551860406147,18496.58946214894
2449809.71818705,1995.2490573225186,26898.571185483317,0.6937529,64.875,128.5284,259.7737,1859.4731196978282,18.181463893260684,18485.343201646756
2449825.46974685,1995.2921827429157,26897.985643672426,0.694616,64.8732,126.8883,259.5248,1836.0781478072604,0.7673125503420692,18460.526791634606
2449828.01037545,1995.2991386049277,26898.53264043474,0.6947159,64.8746,126.6249,259.4837,1833.5580284557418,357.9587022259716,18458.072808358025
2449829.53481711,1995.3033122987265,26898.78241115628,0.6948048,64.8731,126.4674,259.4581,1831.2429777293237,356.2730724584978,18455.725713682314
2449831.56742031,1995.3088772629976,26898.95919510551,0.6949286,64.8719,126.2544,259.4304,1827.9668401937106,354.02898532086215,18452.338830031793
2449844.77875682,1995.3450479310613,26897.08187970453,0.6956351,64.8804,124.8522,259.2315,1808.3913366080824,339.40644481794044,18431.010441968003
2449855.44927734,1995.3742622240657,26898.721630954013,0.6961764,64.8782,123.7313,259.0644,1794.330141314319,327.6012993363755,18416.75376224968
2449857.48187879,1995.3798271835458,26898.934499853534,0.6962853,64.8748,123.5232,259.0352,1791.4655219426659,325.3606139235418,18413.802626562454
2449859.51450283,1995.385392204873,26898.929032277734,0.6963894,64.8752,123.3108,259.0022,1788.663682847261,323.11180624571114,18410.837687101655
2449863.57968569,1995.396522068966,26898.29581466809,0.6966469,64.8996,122.8796,258.9061,1781.5451200965917,318.5777551721906,18403.07625351663
2449878.31487339,1995.4368648142092,26898.072935310556,0.6974458,64.8629,121.322,258.7081,1759.9886384845368,302.2987668846984,18380.157358824683
2449879.33115824,1995.4396472504857,26898.29463009675,0.6975951,64.8582,121.2031,258.7068,1756.0397977849434,301.17688982518905,18376.04894136315
2449882.38001599,1995.4479945680773,26898.838453176257,0.6977688,64.8586,120.8837,258.6698,1751.5319243096046,297.8154554921746,18371.4621822697
2449885.42892994,1995.456342039534,26898.960015244007,0.6979382,64.862,120.5573,258.6192,1747.0119803326334,294.4333657676884,18366.707491429755
2449887.4615312,1995.4619069984942,26898.736119756664,0.698095,64.8676,120.3393,258.5808,1742.7266282351347,292.1735805421135,18362.074867737814
2449888.47782025,1995.4646894462703,26898.567631678732,0.6981532,64.8707,120.2296,258.5637,1741.110264205803,291.04509934271294,18360.296633976934
2449897.62393684,1995.4897301487745,26897.062108723174,0.6986685,64.8767,119.2487,258.426,1726.795770814716,280.9118464411983,18344.53279275293
2449905.24568986,1995.5105973712803,26898.203236254983,0.6991699,64.8693,118.4325,258.3038,1713.6528693829096,272.4612463391413,18330.952785182137
2449906.77003591,1995.5147708033128,26898.52425713276,0.6991342,64.8639,118.2632,258.2794,1714.7097194416529,270.76511080743694,18332.194509865145
2449907.7863722,1995.5175533804247,26898.70586642989,0.6992019,64.8635,118.1509,258.2739,1712.9433170809634,269.6455830471093,18330.378306559203
2449909.31082304,1995.521727099357,26898.901603314396,0.6992885,64.8625,117.9888,258.2555,1710.6727494850775,267.96254423154016,18328.029612598275
2449910.8352814,1995.5259008388775,26898.97514225407,0.6993708,64.8645,117.8208,258.2372,1708.4810778357278,266.2736980040968,18325.720358060167
2449913.37609369,1995.5328572038052,26898.834717032507,0.6994873,64.8484,117.5599,258.1819,1705.3051476691735,263.4532066301588,18322.28404133718
2449915.40867535,1995.5384221091028,26898.47541541636,0.6995989,64.86,117.3397,258.147,1702.195303114031,261.1947407230062,18318.838253551083
2449931.16022311,1995.581547496537,26898.209705783553,0.7004294,64.8362,115.6409,257.9487,1679.776520487403,243.77250124670553,18294.806866618255
2449932.17652521,1995.584329980041,26898.453181574114,0.7005575,64.8326,115.5226,257.9563,1676.403766823505,242.6601071851855,18291.28904089384
2449934.20910862,1995.58989489013,26898.831892144197,0.7006727,64.8297,115.3047,257.9218,1673.4184234294125,240.40433955323124,18288.232976449162
2449936.24172351,1995.5954598864064,26899.027449067242,0.7007844,64.8346,115.0823,257.8864,1670.4723375891244,238.14314089366292,18285.152040731533
2449939.29068668,1995.6038074926214,26898.982341260307,0.7009352,64.8308,114.756,257.8324,1666.402474092546,234.75770265625886,18280.78100081778
2449941.32329081,1995.6093724594386,26898.567540555552,0.7010995,64.8334,114.5166,257.8024,1661.8589871558252,232.484914602064,18275.76828974835
2449961.64814839,1995.6650188867625,26898.934682106108,0.7022378,64.8307,112.2897,257.498,1631.3496686002145,209.92090076550414,18243.185636175673
2449962.66454617,1995.667801632224,26899.013597760953,0.7022164,64.8269,112.1821,257.4862,1631.9488055902093,208.79971239936953,18243.857302142802
2449964.18906862,1995.6719755472145,26899.01505579235,0.7021682,64.8273,112.0182,257.4593,1633.245772293736,207.10630300278285,18245.250433763937
2449966.22172461,1995.677540656016,26898.81275582354,0.7021663,64.8245,111.7997,257.409,1633.2366286741208,204.8340638342396,18245.16808933175
2449968.25430956,1995.6831055703221,26898.47988041481,0.7025048,64.8359,111.5629,257.4182,1624.0323517199786,202.60309468401903,18235.16206939422
2449973.33550656,1995.6970171295272,26897.409062832754,0.7027981,64.8354,111.0013,257.3441,1615.824778551114,196.95923337020247,18225.955199805147
2449983.49783079,1995.72484005692,26898.205878738016,0.7033329,64.8218,109.8777,257.1993,1601.676433248158,185.6745795088275,18211.01388396365
2449986.03848532,1995.7317959899242,26898.733477143407,0.7034875,64.8187,109.5941,257.1596,1597.6744101414833,182.84714362728278,18206.891644661875
2449989.0874173,1995.7401435107456,26899.06180402888,0.703698,64.8245,109.2479,257.1249,1592.109510657364,179.46113613155552,18201.01178113872
2449994.16891391,1995.7540558902401,26898.543848555193,0.7040239,64.8275,108.6816,257.0535,1583.1898039743555,173.8149795135945,18191.207481872727
2450008.90433709,1995.7943992801916,26898.004869640474,0.7048362,64.8312,107.0329,256.8336,1561.181029741586,157.42275913103128,18167.24481715781
2450009.92059879,1995.7971816530871,26898.24806743429,0.7050112,64.8372,106.9113,256.8315,1556.5456195147617,156.2974048886574,18162.318522652506
2450011.95315183,1995.8027464800275,26898.661033343025,0.7050721,64.8321,106.6861,256.7875,1555.0293113756888,154.02486719013746,18160.825279546287
2450013.98575325,1995.8083114394246,26898.96402481087,0.7051948,64.833,106.4581,256.7549,1551.818169127173,151.7608818071365,18157.458584366796
2450021.09989924,1995.827788909623,26898.359417228476,0.7056583,64.8638,105.6495,256.6317,1539.17253807804,143.81719253568315,18143.549931093734
2450034.81908865,1995.8653500031483,26898.09289038783,0.7064214,64.8246,104.1345,256.5119,1518.568153430013,128.66039886659286,18121.107513304076
2450035.83532905,1995.8681323177282,26898.276132576582,0.706487,64.8273,104.0168,256.4976,1516.8574225009506,127.52676561787433,18119.31505737348
2450039.90049282,1995.879262129555,26898.901512188393,0.7066868,64.8378,103.5467,256.4222,1511.666579024818,122.97453336020601,18113.89882600468
2450041.93310709,1995.8848271241347,26898.981065486696,0.7068087,64.8441,103.3119,256.3811,1508.4109272654305,120.69523531152413,18110.389364202732
2450043.96572478,1995.8903921280773,26898.970494796908,0.7069374,64.8333,103.0844,256.3553,1504.9459305284672,118.43853389218123,18106.619219233697
2450059.71747712,1995.9335180756195,26897.782816358544,0.7080197,64.8244,101.2961,256.1745,1475.4863960552111,100.94409277700845,18074.1256609276
2450072.92934621,1995.9696902018065,26898.28943620856,0.708812,64.8645,99.7825,255.8435,1454.3228043506988,86.07752734962696,18051.206683475168
2450073.9456259,1995.9724726239558,26898.225925182145,0.7087655,64.8572,99.6701,255.9078,1455.5550782074579,85.0277553759422,18052.53049006338
2450077.5024856,1995.9822107750852,26897.527328633936,0.7089375,64.799,99.238,255.9235,1450.7252480905154,81.10562096936229,18047.006613631245
2450092.74620013,1996.02394579091,26899.030547388193,0.7099599,64.8025,97.4762,255.7004,1423.6612098675268,64.09611527242168,18017.91825299235
2450107.48209495,1996.0642904721424,26897.13490620258,0.7108581,64.799,95.7633,255.5397,1398.9523913357343,47.698430028705275,17990.142547608226
2450114.59561161,1996.0837662193292,26898.162687889864,0.7115307,64.8314,94.8966,255.3598,1381.1578618617086,39.64056104149381,17970.93958328495
2450116.6282234,1996.0893312071187,26898.635974280336,0.7115404,64.8274,94.6603,255.3386,1381.033473686517,37.37966543727566,17970.968675047196
2450118.66090243,1996.0948963790001,26898.986806469125,0.711546,64.8206,94.4232,255.3235,1380.9840402732443,35.12400355991332,17971.037302844434
2450120.69358038,1996.1004615479267,26899.123406303752,0.7116057,64.8156,94.1867,255.3086,1379.417565374586,32.86914274643914,17969.36125035606
2450122.72623297,1996.1060266474199,26899.016604950935,0.7116927,64.8129,93.9505,255.2899,1377.0465500285718,30.610806928821262,17966.71393271951
2450135.42922892,1996.1408055548802,26897.155315096228,0.7125931,64.7647,92.4933,255.2097,1352.2917279303301,16.553000243097586,17938.777936995506
2450140.51039496,1996.154717029323,26898.117583708197,0.7129912,64.763,91.8855,255.1539,1341.8601499589877,10.881269443768701,17927.597155711857
2450142.54297751,1996.1602819370569,26898.586038576716,0.7130794,64.7614,91.6463,255.1305,1339.622145340053,8.61530265952831,17925.288334704423
2450145.59193124,1996.1686295174268,26899.06007260909,0.7132299,64.7587,91.287,255.0956,1335.7098469281163,5.215973726323568,17921.130320658056
2450147.62457285,1996.1741945868578,26899.108187957478,0.7133537,64.757,91.0468,255.0721,1332.393535377716,2.9488487311712674,17917.48083329237
2450149.6571886,1996.1797595854891,26898.921924433344,0.713724,64.7556,90.8107,255.0695,1322.3794728390794,0.7067492238890623,17906.33771635216
2450160.32772788,1996.2089739298558,26897.12971287422,0.7143471,64.7479,89.5424,254.9393,1305.1068041586877,348.79108525188,17886.579851681654
2450166.42478377,1996.225666759124,26898.14965777352,0.7155545,64.7539,88.7834,254.9221,1272.921328480218,342.0054667154052,17851.195752041993
2450168.45745602,1996.231231912444,26898.640348221623,0.7153935,64.7456,88.5539,254.8942,1277.3915842661372,339.74461152015823,17856.33688106497
2450172.52278219,1996.2423621688974,26899.21398780413,0.7154511,64.7375,88.0742,254.848,1276.0054510942782,335.21181919693964,17854.99507988207
2450175.57179484,1996.250709910582,26898.482887455622,0.7139578,64.7802,87.6746,254.574,1315.9649217901588,331.5330321905134,17899.082795675924
2450186.24255498,1996.27992485963,26896.646653186534,0.7142427,64.7498,86.4089,254.3591,1307.7768266686198,319.53505053319304,17889.371220442456
2450194.37239854,1996.3021831582203,26898.45719095211,0.7161656,64.7394,85.4115,254.5157,1256.5711577195789,310.6812630407439,17833.10334935484
2450197.42131167,1996.3105306274333,26899.007765637325,0.7162415,64.7367,85.0492,254.4679,1254.6857950655995,307.26607412404127,17831.193781594782
2450202.50293504,1996.3244433539762,26898.84720122522,0.7165068,64.7333,84.44,254.4028,1247.5039693863819,301.5831925685642,17823.133221267046
2450205.5520785,1996.3327914537986,26899.17380014295,0.7149124,64.9991,83.8392,254.275,1290.4846006656335,297.849276632518,17871.068644704916
2450216.22218059,1996.3620046012047,26897.494254168767,0.717115,64.7184,82.7868,254.233,1230.761362090533,286.2381435662912,17803.981675685714
2450221.30347814,1996.3759164357014,26898.650827463174,0.7173977,64.7173,82.1692,254.1748,1223.4842907379953,280.5540831475136,17796.251588732146
2450223.33607647,1996.3814813866395,26899.004667322934,0.7175239,64.7166,81.9235,254.1505,1220.1896323071796,278.2807008097656,17792.691039129546
2450227.40140845,1996.3926116590012,26899.05405820567,0.7175608,64.7093,81.4339,254.0773,1219.211008956363,273.71100275954416,17791.61393689114
2450239.59628366,1996.4259994076929,26897.268931385923,0.7186964,64.6923,79.9473,254.0157,1188.1622805670122,260.1432132305827,17756.22879252348
2450247.21821024,1996.4468671053796,26898.689281810948,0.7190027,64.6924,79.001,253.9296,1180.3227617278153,251.598442063348,17747.922415101628
2450249.25081182,1996.4524320652154,26899.05405820567,0.7190973,64.6919,78.7509,253.9058,1177.8806123959284,249.32115652246216,17745.30653853064
2450251.28345483,1996.45799713848,26899.17562270937,0.7192282,64.6953,78.4968,253.8782,1174.3936581042308,247.03603014719306,17741.432848447035
2450262.46256597,1996.488603876715,26897.339087993965,0.7198197,64.6735,77.1323,253.7696,1157.968234875877,234.54450438261205,17722.339058257043
2450276.69019092,1996.5275569908833,26899.172706603247,0.7204483,64.6576,75.3641,253.6124,1141.5731587245382,218.59598328199695,17704.51081123932
2450282.27995088,1996.5428609195892,26898.762728174624,0.7211803,64.6584,74.6615,253.5707,1121.76865424083,212.34226894786372,17682.033233325477
2450306.67036754,1996.60963824104,26899.247705458787,0.7230614,64.6416,71.5895,253.3778,1071.30370060297,185.03753322559965,17625.081417393427
2450322.42226938,1996.6527645978924,26897.531064323724,0.7230613,64.7031,69.5316,253.1073,1070.830986163428,167.1836447587492,17623.959681823948
2450335.63446615,1996.688937621218,26898.52425713276,0.7236488,64.6783,67.866,252.9543,1055.303156687748,152.34275636154973,17606.66508006736
2450349.8617757,1996.7278898718687,26898.230754558354,0.7243159,64.6093,66.0757,252.8324,1037.27823716274,136.40774612730718,17586.062074777277
2450350.87806384,1996.7306723171523,26898.474959804375,0.7243607,64.6191,65.9481,252.8156,1036.1405089880063,135.26166582518886,17584.849691933177
2450352.91066868,1996.7362372859136,26898.937324768787,0.7244728,64.6236,65.6879,252.7971,1033.2525840690341,132.9795770710681,17581.718006602146
2450355.95963925,1996.7445849123883,26899.301471667226,0.724626,64.6248,65.2974,252.7646,1029.2319434588908,129.55143154020345,17577.26131298317
2450357.99229945,1996.7501500327176,26899.23959498626,0.7247286,64.6273,65.0372,252.7416,1026.4550422473021,127.2647882216715,17574.075700222606
2450360.02493893,1996.755715096317,26898.95600567864,0.7248005,64.6251,64.778,252.72,1024.44294328476,124.98056532583877,17571.68585096272
2450372.72802119,1996.7904942400821,26897.526690833376,0.7255422,64.6076,63.1486,252.6082,1004.0997010074079,110.71887357039566,17547.986727648153
2450377.80928608,1996.8044059851604,26898.597884616825,0.725576,64.5871,62.4902,252.5536,1003.4845258880878,104.99764534225693,17547.647009101278
2450391.02123382,1996.84057832668,26897.66163205235,0.7262817,64.5742,60.7704,252.4275,984.2459159005939,90.12970239517938,17525.331460623267
2450404.23207769,1996.8767476459682,26898.262008875692,0.7277401,64.5532,59.0456,252.2648,945.1818247102947,75.22124745149102,17480.735508541795
2450407.78938741,1996.8864870291857,26899.29910230323,0.7270802,64.5483,58.5856,252.2383,963.2150311407786,71.22856949318327,17501.788081905943
2450408.80578237,1996.8892697669262,26899.356149442872,0.7271682,64.5451,58.4546,252.2601,960.8634570935665,70.11758390655905,17499.109733676418
2450410.83843554,1996.894834868008,26899.256544969518,0.7272896,64.5426,58.1858,252.2487,957.5707120812558,67.83394751706686,17495.297784508948
2450412.87106803,1996.9003999124714,26898.85285101063,0.7273803,64.5454,57.9212,252.2228,955.0208945866634,65.54003151034385,17492.234901247662
2450424.55789334,1996.932396696345,26897.37243532131,0.7279414,64.5373,56.3903,252.1276,939.5251884321078,52.39508931580093,17473.93419568748
2450427.60651763,1996.9407433747574,26897.905642145884,0.7282937,64.5313,55.9854,252.0844,930.1941197765809,48.942185087312964,17463.38086993392
2450429.6390344,1996.9463081023962,26898.51468924175,0.7281973,64.532,55.7258,252.0804,932.9526185255672,46.6752831373517,17466.759886861182
2450432.68797621,1996.9546556501298,26899.103175931985,0.7283891,64.5307,55.3234,252.0473,927.9533228077444,43.234665953268916,17461.204890203004
2450434.72063354,1996.9602207626006,26899.23048210307,0.7285794,64.5333,55.0551,252.0238,922.868976990705,40.939425463815724,17455.393756040517
2450450.47283331,1997.0033479351398,26897.377810993043,0.7292944,64.5082,52.9765,251.9069,903.1344987515577,23.218143349695367,17432.021689825135
2450455.55398625,1997.0172593737166,26898.43286134045,0.7295753,64.5021,52.2954,251.8498,895.8643369981319,17.47182546205437,17423.983577354385
2450459.61918227,1997.0283892738398,26899.252899809577,0.7297832,64.4949,51.7566,251.8205,890.4937409772656,12.896961417639034,17418.055053483746
2450463.68455497,1997.0395196576862,26899.1068210412,0.7299543,64.4903,51.2137,251.7842,885.8518308628472,8.310823232960672,17412.641466234985
2450464.7008634,1997.0423021585216,26898.929670161433,0.7299317,64.4871,51.0801,251.7695,886.4119078400599,7.160822932229621,17413.22949525855
2450466.73339186,1997.0478669181657,26898.376001338973,0.7304819,64.497,50.8041,251.7951,871.4628929664768,4.907109460335619,17395.751758588594
2450486.55052579,1997.102123273895,26899.1365287274,0.731121,64.4584,48.1478,251.5754,854.4766307076934,342.49882139786735,17376.32554145352
2450488.58318323,1997.1076883866665,26899.096159100212,0.7310798,64.454,47.8749,251.5512,855.5740189244625,340.1982808000977,17377.58453445239
2450490.61582755,1997.1132534635187,26898.87371879212,0.7311926,64.4512,47.6033,251.5398,852.4800072768421,337.9118531332924,17373.92216912596
2450501.28642761,1997.1424679742918,26897.072039764567,0.7317147,64.4391,46.1631,251.4531,837.9527413098476,325.86772925494375,17356.459224666032
2450506.36757649,1997.1563794017527,26898.00386733797,0.7323115,64.4365,45.4544,251.4344,822.1500082419007,320.1322153690451,17338.400264455744
2450510.43270022,1997.1675091039563,26898.968034379224,0.7321089,64.4264,44.9192,251.3847,827.8578355946893,315.5406225757407,17345.360119098463
2450513.48174458,1997.1758569324572,26899.297461974613,0.7322034,64.419,44.5117,251.3628,825.4041027054318,312.10600431542923,17342.61650455244
2450519.57959608,1997.192551939986,26898.259548620015,0.7327766,64.4133,43.6863,251.3461,809.7080706647057,305.2537016050405,17324.001557749274
2450530.24989221,1997.2217656186451,26897.590653306877,0.7333362,64.4019,42.2267,251.2848,794.4774344552943,293.2158772877646,17306.02417461545
2450535.33139254,1997.2356780083235,26898.63834349831,0.7328538,64.3894,41.5446,251.1688,807.7327186398679,287.40931700356725,17321.826367902875
2450537.36394414,1997.2412428313205,26899.042940680927,0.733038,64.3867,41.264,251.1647,802.8860015300625,285.121280724635,17316.312645150567
2450539.39657337,1997.246807866858,26899.25262642263,0.7332612,64.3832,40.986,251.1665,796.9380664688215,282.8416679311473,17309.44685996603
2450541.42920677,1997.2523729138122,26899.23048210307,0.733522,64.3776,40.7106,251.1762,789.9168404098618,280.57255102760064,17301.247112127527
2450543.46182438,1997.2579379175356,26898.8928552212,0.7336752,64.3753,40.4328,251.1685,785.7059598882151,278.28364968720024,17296.21895054364
2450561.24619954,1997.306628883066,26898.852213131482,0.7345703,64.353,37.9825,251.0824,761.6179732758246,258.218502096234,17268.043457074076
2450565.31135822,1997.3177586809581,26899.29290550755,0.7342954,64.3379,37.4332,250.9894,769.1295617407204,253.569474855086,17276.978952651098
2450566.32772541,1997.3205413426695,26899.323069355407,0.7344264,64.3389,37.291,250.9931,765.6137650917644,252.4292166390186,17272.87585362229
2450568.36052596,1997.3261068472557,26899.350043744147,0.7330954,64.55,36.8614,250.8961,801.4239636855154,249.89903498798918,17314.71036574583
2450578.52290681,1997.3539299296647,26897.10411071313,0.7348376,64.325,35.5983,250.8951,753.9643790465598,238.61862532069466,17258.502325447844
2450585.12845815,1997.3720149436008,26898.22692750533,0.7354086,64.3205,34.6658,250.8657,738.9032202663348,231.1461203037074,17241.217140592827
2450588.17708224,1997.380361621465,26899.04166490013,0.7356674,64.3135,34.2403,250.8543,732.1573207913807,227.7044162725757,17233.56899317955
2450593.2588331,1997.394274697057,26899.25399335743,0.7355395,64.3129,33.4956,250.8069,735.6538607103021,221.9036090594616,17237.74361451294
2450595.29159324,1997.3998400910064,26898.938873916173,0.7352584,64.3128,33.2156,250.7458,743.1318157827664,219.55896723767557,17246.41266610012
2450598.33939582,1997.4081845196993,26899.34585177389,0.7393348,64.6194,32.745,251.4347,633.5870663218129,216.77327290825798,17117.3572061537
2450613.07609008,1997.448531389679,26898.65866412006,0.7356495,64.2565,30.786,250.6095,732.5375671894708,199.46419971561602,17233.888899067235
2450640.00761742,1997.522265893005,26898.788698783006,0.7364631,64.2292,26.9854,250.3997,710.6870874323058,168.90937851822468,17208.250473680688
2450673.03708764,1997.6126956540445,26899.048499441866,0.7375349,64.1915,22.2712,250.1952,681.9251543108594,131.43596454394037,17174.44412393553
2450674.05341883,1997.6154782171939,26898.836812917867,0.7375867,64.2106,22.1279,250.1897,680.4762342392587,130.28544181023028,17172.664559866087
2450690.82148101,1997.6613866694317,26898.3942256657,0.7379289,64.1551,19.716,250.1241,671.1554629538578,111.28089900457132,17161.51306775436
2450692.85408129,1997.666951625708,26898.927938762907,0.7382432,64.1676,19.4277,250.103,662.8410006811746,108.96811474512424,17151.86161122342
2450696.91936945,1997.6780817780968,26899.235676445544,0.7384885,64.1759,18.8519,250.0609,656.3231706007891,104.34335988516904,17144.253376119526
2450698.95181245,1997.6836463037641,26899.014053395742,0.7385313,64.182,18.567,250.033,655.1139358231148,102.02733064491878,17142.74987274469
2450716.73625952,1997.732337466174,26898.415821532835,0.7388957,64.1443,16.0193,249.9374,645.1557341902544,81.85521217735965,17130.764151611344
2450717.75262251,1997.7351201163856,26898.699487727266,0.7388388,64.137,15.8755,249.9448,646.760336654238,80.7170581011834,17132.75759836001
2450721.81789506,1997.7462502260369,26899.251624003886,0.7390092,64.136,15.283,249.9202,642.3209007500727,76.09311862675378,17127.67950772654
2450723.85039413,1997.7518149052162,26899.565112235505,0.7383336,64.0933,15.0401,249.9339,660.5760644842594,73.86063412216623,17149.392310519586
2450724.86685204,1997.7545978153044,26899.056974279636,0.7390939,64.1305,14.8463,249.8996,639.9917488371011,72.63068649041122,17124.855689982734
2450736.04557937,1997.7852035027245,26896.93419044069,0.7395751,64.086,13.2363,249.8929,626.4950968520961,59.99593901919218,17108.154905193605
2450737.06162394,1997.7879852811493,26896.981931844013,0.7395634,64.0815,13.0864,249.8862,626.8222245908864,58.83789878625515,17108.55872079899
2450741.63464434,1997.800505528651,26897.983274598173,0.7397579,64.0731,12.4227,249.8685,621.8513531463059,53.64920968562552,17102.985667899255
2450744.68350753,1997.8088528611363,26898.754435818133,0.7398064,64.0665,11.9803,249.8573,620.7474521714894,50.19056999094664,17101.926940648584
2450745.69982673,1997.8116353914577,26898.953727517164,0.7398174,64.0625,11.8257,249.8544,620.5034181051087,49.03135907520368,17101.702281847833
2450747.73246453,1997.8172004504586,26899.172250961736,0.7398766,64.0594,11.5319,249.8431,618.9678431058201,46.722837834868585,17099.950026501276
2450752.81401984,1997.8311129906645,26898.571276606526,0.7400457,64.0507,10.7978,249.8197,614.2629672103549,40.956823360778,17094.164383601623
2450763.99248567,1997.8617179621353,26897.106844037036,0.7403736,64.0342,9.1614,249.7721,605.0627203326976,28.25503363130298,17082.74906430551
2450768.56553808,1997.8742382972757,26898.171617629065,0.740342,64.0244,8.4991,249.7627,606.1891458903292,23.076012980753774,17084.436186212162
2450770.59811514,1997.8798031899798,26898.67415520277,0.7404026,64.0176,8.1995,249.7521,604.6895741378348,20.76245160728712,17082.816696173235
2450772.63073361,1997.885368196058,26898.989995905133,0.7402414,63.9686,7.9128,249.7207,609.1076827503211,18.440949419172853,17088.173637675754
2450773.64707998,1997.8881508007667,26899.111924196186,0.740505,64.0104,7.7511,249.7374,602.0487487692899,17.29421172402374,17079.818007707578
2450775.67972734,1997.8937158859414,26899.094336547252,0.7405494,64.0049,7.4528,249.7275,600.8498650737856,14.982581061075564,17078.38579417878
2450777.7123585,1997.8992809267622,26898.79835804282,0.7406189,64.0038,7.1555,249.7158,598.9036067873412,12.670166365624198,17075.973165861677
2450778.7286521,1997.9020633869955,26898.57756410987,0.7406202,64.0004,7.0072,249.7105,598.8113688633066,11.514880681647128,17075.791383819484
2450794.48021375,1997.9451888124577,26898.06610138849,0.7409883,63.954,4.699,249.6649,588.777527633004,353.6359275152488,17063.67690526024
2450796.5127675,1997.950753641341,26898.579477698575,0.7410884,63.9484,4.3937,249.6602,586.2179502981026,351.32258911726154,17060.794370898195
2450799.56173702,1997.9591012649419,26899.07884485957,0.7411834,63.9386,3.9424,249.6559,583.7918297584802,347.86184462091074,17058.065469180372
2450800.578116,1997.9618839589327,26899.042940680927,0.7407845,63.9152,3.7881,249.6148,594.5125653900777,346.66467478423226,17070.825774882567
2450802.61072012,1997.9674489257218,26899.006489860698,0.7413018,63.9299,3.4917,249.6541,580.5882607152807,344.404186740135,17054.222658317074
2450804.64333783,1997.9730139297194,26898.59533316093,0.7413174,63.9274,3.1909,249.6399,580.062277129935,342.0857853010565,17053.461625488853
2450814.29759909,1997.9994458565086,26896.84499476052,0.7415988,63.9059,1.7646,249.6204,572.0407228601116,331.124491656873,17043.323168779796
2450819.3786601,1998.013357043395,26897.67630165891,0.7412218,63.875,1.0106,249.5634,582.3959575259487,325.3054643777775,17055.94480669288
2450822.42749196,1998.021704290103,26898.47341072378,0.7415995,63.8834,0.5611,249.5781,572.4426785677306,321.865655562925,17044.332553165637
2450824.46011418,1998.027269306448,26898.87463004987,0.7416141,63.88,0.2487,249.5751,572.1536302726017,319.54684967874124,17044.11811678696
2450826.49278276,1998.0328344497193,26899.053784823773,0.7416566,63.8736,359.947,249.5654,571.0567115542417,317.23199810108014,17042.8672380182
2450828.5254468,1998.0383995805614,26898.95418314942,0.7416986,63.8684,359.6455,249.5552,569.9012240433522,314.91685099789805,17041.455633369787
2450830.55805587,1998.0439645609029,26898.57018312806,0.741768,63.8641,359.3442,249.5481,567.9352755295258,312.6050580749707,17038.983811507
2450832.59061219,1998.0495293968236,26898.06683033997,0.7418316,63.8608,359.0458,249.5439,566.0945766819405,310.29911714348003,17036.622327384976
2450834.62310315,1998.0550940537992,26897.499174330704,0.7418751,63.8563,358.7438,249.5389,564.7779846241947,307.9888406322793,17034.86552546754
2450835.63933074,1998.0578763333062,26897.247337820714,0.741895,63.8544,358.5925,249.536,564.1777241282161,306.8330200097708,17034.066774054663
2450838.17986477,1998.0648319363993,26896.78058117962,0.7420227,63.8479,358.2121,249.5337,560.6225330251482,303.9463028962942,17029.668244437973
2450839.19599703,1998.0676139549075,26896.696944319072,0.7420083,63.8472,358.0595,249.5291,560.9882690496843,302.7875762332564,17030.07802503512
2450842.24462545,1998.0759606446272,26896.9037599621,0.7420758,63.8412,357.6026,249.5234,559.2260847652178,299.32016793418126,17028.039726703886
2450845.29324549,1998.0843073114036,26897.54646266848,0.742133,63.8342,357.1486,249.5148,557.8533136889318,295.8527678946943,17026.60801583894
2450847.32571744,1998.089871916331,26898.086056453085,0.7421727,63.8292,356.8457,249.5098,556.9246031029461,293.54161012086246,17025.67330256968
2450848.34198408,1998.092654302752,26898.39386117886,0.7421707,63.8257,356.6966,249.5094,557.0577603520442,292.390451009297,17025.932434211034
2450850.3746341,1998.098219395209,26898.81831446556,0.7422048,63.821,356.3934,249.5045,556.2499471413121,290.07891772472345,17025.104710501768
2450852.40728405,1998.1037844874738,26899.028724846346,0.742259,63.8155,356.0882,249.5026,554.8462625706225,287.76838450945417,17023.495009067123
2450854.43993986,1998.1093495957832,26898.962293406814,0.7423115,63.8111,355.7823,249.5001,553.4169449445617,285.4565455180726,17021.764511157515
2450856.47256093,1998.1149146089804,26898.627499774164,0.7423514,63.8066,355.4785,249.4953,552.2574172383138,283.14454076708085,17020.269278257532
2450858.50510016,1998.1204793981105,26898.089883456007,0.7424072,63.8015,355.1732,249.493,550.6179877311051,280.8336166801749,17018.134102684817
2450863.58620981,1998.1343907181654,26896.862214297966,0.7425209,63.789,354.4084,249.4857,547.2435757614458,275.0534414604945,17013.699134559356
2450866.63471368,1998.1427370668857,26896.659408161668,0.7426817,63.7785,353.9752,249.4884,542.8663745871663,271.6182559211324,17008.395272286958
2450871.20770091,1998.155257223573,26897.558763137225,0.7424644,63.7639,353.3013,249.4511,548.9426345998027,266.3997995137118,17015.957786092764
2450873.2402014,1998.1608219066397,26898.135716477696,0.7427149,63.7586,352.9953,249.4723,542.353237627537,264.11171360973077,17008.259897331704
2450877.30534425,1998.171951661191,26898.985986328593,0.7426412,63.7507,352.37,249.4541,544.5544546583433,259.4615019712002,17011.17038902404
2450881.37069414,1998.1830819825873,26898.944614876087,0.7427304,63.7432,351.7534,249.4592,542.1444214913245,254.84308626861053,17008.272281481524
2450898.13830794,1998.2289892072286,26897.774160291403,0.7431571,63.6955,349.2511,249.4484,530.3660188743079,235.8033853977347,16993.784665489275
2450905.25238422,1998.2484664865704,26899.331544409448,0.7433659,63.6737,348.1881,249.4563,525.1494415011275,227.73646483470952,16988.035124415313
2450908.30132755,1998.2568140384665,26898.890759324924,0.7434404,63.6653,347.7278,249.4573,523.0323536560991,224.2720461520962,16985.353335402004
2450910.33392797,1998.2623789951265,26898.221824770077,0.7434021,63.6615,347.4203,249.4456,523.8909339701704,221.94946175449968,16986.16654785401
2450913.38262307,1998.2707258674056,26897.30309850802,0.7434546,63.6557,346.9577,249.4444,522.2430823279801,218.48078773396014,16983.892674276038
2450924.05277555,1998.2999391527726,26897.805139932243,0.7434169,63.6267,345.3507,249.4209,523.3859259997471,206.33350500188772,16985.42596623398
2450926.08532056,1998.305503957727,26898.257999570433,0.743554,63.6239,345.0365,249.4257,519.814370957838,204.02077521827096,16981.288104775074
2450928.11788101,1998.311068804955,26898.859229804173,0.7435417,63.6177,344.7318,249.4243,520.299410014888,201.71133021619312,16982.064634812214
2450929.13419078,1998.3138513094596,26899.063991085855,0.7435436,63.6149,344.5785,249.4235,520.3008145235108,200.55552859455202,16982.132587578195
2450930.15051377,1998.3166338501576,26899.016604950935,0.7435065,63.6151,344.4111,249.4287,521.286615561984,199.39161394326857,16983.29994962046
2450932.18314284,1998.3221988852565,26899.069732112526,0.7436361,63.6139,344.0984,249.4402,517.8141228963214,197.08700130766556,16979.150542537376
2450934.21580229,1998.327764003532,26898.794075162397,0.7436414,63.6099,343.7888,249.4361,517.6008907969263,194.76985872853106,16978.805450961754
2450939.29712081,1998.3416758954415,26897.416807471785,0.7437539,63.5959,343.0211,249.438,514.2218569890965,188.99577764104743,16974.304023689347
2450954.03246221,1998.382019061492,26898.662126830728,0.7433996,63.558,340.7975,249.3511,524.0711612096138,172.16173786290392,16986.525247927955
2450958.09785807,1998.3931495087472,26899.33136215015,0.7433153,63.5713,340.1619,249.3683,526.5105008941027,167.53637685099284,16989.66713991865
2450960.13050756,1998.3987145997535,26899.045492242964,0.7433369,63.5623,339.8529,249.3617,525.8561030801056,165.21734408872499,16988.789899554722
2450978.93073606,1998.45018682015,26898.689372935154,0.7438501,63.5081,336.9439,249.437,511.9602930084038,143.8536447459989,16972.000230464295
2450982.99607899,1998.4613171224912,26899.009588175617,0.7439323,63.539,336.3299,249.4176,509.83121752207717,139.21333590314492,16969.546851656007
2450985.02857632,1998.4668817969064,26898.886658659485,0.7438839,63.5249,336.0254,249.4269,511.1016453578968,136.91485311372088,16971.032899329904
2450988.07748942,1998.4752292660364,26898.2905296585,0.7439358,63.5176,335.5592,249.4278,509.55294584457897,133.44446422685138,16968.98014957802
2450989.6019021,1998.4794028804922,26897.853067434706,0.7439513,63.5151,335.3182,249.431,509.0240107076688,131.70416302279233,16968.203404018408
2451002.81261881,1998.5155718516364,26897.755208084516,0.7441263,63.4802,333.2952,249.4281,504.2918467868549,116.65743341087358,16962.486350131247
2451004.84506756,1998.5211363930464,26898.180182896074,0.7441125,63.4259,332.9967,249.4404,504.7717815508204,114.36799850328663,16963.200420416895
2451005.86141831,1998.523919009747,26898.503207783768,0.7441496,63.4744,332.8289,249.4271,503.8565051127607,113.18515649108446,16962.204866433658
2451007.8940035,1998.5294839247097,26898.781226531366,0.7442074,63.4615,332.5162,249.4381,502.3728867656482,110.88008710449543,16960.51151861932
2451009.92658474,1998.5350488288575,26898.87955084309,0.744216,63.4583,332.2042,249.4377,502.16670703284854,108.5643216113321,16960.29545162561
2451010.94288239,1998.5378313001786,26898.814031577193,0.7442365,63.4578,332.0482,249.4377,501.59852256529393,107.40663193571044,16959.59128945068
2451011.95920106,1998.540613829048,26898.697391868664,0.7440669,63.4087,331.9097,249.4534,506.1307094628628,106.282121542732,16965.000470142393
2451012.97548677,1998.543396267679,26898.4866234772,0.7442351,63.4536,331.7362,249.4382,501.55244140498326,105.09174363550886,16959.43012851086
2451015.0080478,1998.5489611164958,26897.959492766306,0.7442464,63.4488,331.4235,249.44,501.1136729291575,102.77749806155674,16958.732394430066
2451018.56485915,1998.5586991352498,26896.976465260374,0.7442771,63.4461,330.8771,249.4501,500.0365229281315,98.73551131008361,16957.119921723464
2451028.72670484,1998.5865207524712,26897.602771596125,0.7443476,63.4268,329.3172,249.4596,498.300402805201,87.16932911039078,16955.234772383898
2451030.75925963,1998.5920855842026,26898.14273268314,0.7443646,63.4237,329.0053,249.4589,497.98117672654644,84.85338968706895,16955.02527793424
2451031.77553263,1998.594867988035,26898.39386117886,0.744369,63.4215,328.8495,249.4603,497.927021127015,83.69732430737753,16955.04125103786
2451033.80810383,1998.6004328646957,26898.727645171613,0.7443888,63.4178,328.537,249.4596,497.4797518554915,81.38076870956422,16954.61116120067
2451039.90580925,1998.61712747228,26898.228385430128,0.7444449,63.416,327.5882,249.4767,495.8431448614356,74.43900997927432,16952.481603424352
2451041.93829458,1998.6226921138405,26897.805048815524,0.7446389,63.3584,327.3158,249.5051,490.5167848510864,72.19173901745586,16945.936704041967
2451053.62424642,1998.654686506283,26896.76618611809,0.7449136,63.3355,325.4938,249.5037,482.8629580585948,58.85035773811285,16936.38711624993
2451055.65669428,1998.6602510452567,26897.628739404765,0.7447807,63.3305,325.19,249.5183,486.65767853076704,56.55792370761367,16941.23468494527
2451057.68923441,1998.6658158368514,26898.225742941573,0.7447444,63.3257,324.8805,249.5311,487.78645094999774,54.25789873352255,16942.78615582831
2451059.72179561,1998.6713806861333,26898.616109319388,0.7447284,63.3207,324.5699,249.5437,488.31647201173564,51.956552992047136,16943.550117830087
2451060.73807415,1998.6741631051334,26898.732565897604,0.7447198,63.3177,324.4145,249.5497,488.5775291688524,50.80548215201338,16943.901931922683
2451062.77062838,1998.6797279353323,26898.684725601426,0.74472,63.3137,324.1023,249.556,488.5599367515306,48.49624328037112,16943.865320954632
2451069.88433202,1998.6992041944418,26897.03368230674,0.7447604,63.2958,323.0039,249.5854,487.05181825850013,40.415790000983236,16941.51722618914
2451079.02977784,1998.7242430604786,26896.731929593403,0.7446874,63.263,321.5706,249.6043,488.9382604475086,29.987398227732342,16943.690637222633
2451080.55400305,1998.7284161616703,26897.088166337548,0.7446809,63.2597,321.3352,249.6075,489.20404324995343,28.252881798683973,16944.12547575319
2451082.58642875,1998.7339806399723,26897.624092529146,0.7446805,63.2558,321.0224,249.6123,489.3516344924956,25.94166961001332,16944.47603795331
2451084.61893083,1998.7395453273925,26898.086603167703,0.7446882,63.2528,320.7089,249.6158,489.26260721063136,23.62838213865672,16944.518118791697
2451086.65147345,1998.7451101258043,26898.367800402015,0.7446911,63.2489,320.3956,249.6206,489.2563949160567,21.316554710463663,16944.60137146115
2451087.66775582,1998.7478925552905,26898.34155744576,0.7444679,63.2045,320.2632,249.6432,495.253404691387,20.205080095417998,16951.808781243075
2451089.70028129,1998.7534573067485,26898.279048439716,0.7446933,63.2411,319.9256,249.6296,489.1745595362836,17.85056957055758,16944.474236412814
2451093.7652156,1998.7645864903488,26897.332072312576,0.7446596,63.223,319.3035,249.6464,489.8392302771226,13.238763474421887,16944.968656365698
2451097.32189897,1998.7743241587127,26896.36331442366,0.7446518,63.2113,318.7524,249.66,489.80165888411557,9.195702863420195,16944.610835909676
2451098.33805827,1998.7771062512527,26896.17017459217,0.7446497,63.2071,318.5956,249.664,489.80882293316427,8.041349549028325,16944.557133663944
2451101.38643174,1998.7854522429573,26895.62184035346,0.7444218,63.1687,318.1363,249.6733,495.79831783822374,4.586792535394295,16951.5861010573
2451105.45093838,1998.79658025566,26896.26064012873,0.7446488,63.1734,317.4814,249.7015,489.85612996963937,359.95400796235793,16944.643259032076
2451108.49956705,1998.8049269460644,26897.395395836287,0.7446164,63.1677,317.0144,249.7108,491.01736681209695,356.491499416817,16946.406909393674
2451109.51582076,1998.8077092970836,26897.672019225112,0.7446342,63.166,316.8584,249.7122,490.6092333270353,355.3352530498751,16946.005031164434
2451111.54832728,1998.8132739966604,26898.0283782168,0.7446534,63.1621,316.5469,249.7221,490.18379308117346,353.0303612022586,16945.608025599297
2451116.62960899,1998.8271857877896,26897.911291436896,0.7446792,63.1512,315.7635,249.7399,489.4599292587018,347.2565163957367,16944.699048272272
2451118.66204904,1998.8327503053804,26897.398038120915,0.7446312,63.1506,315.4531,249.741,490.61996011729116,344.94399006304894,16945.92952518104
2451123.23490288,1998.8452700968655,26896.10895363346,0.7446275,63.137,314.7449,249.7573,490.39028376176066,339.74496512838965,16945.23713303924
2451126.79131079,1998.855007011061,26895.26091520825,0.7444313,63.1015,314.1858,249.7676,495.45056826058226,335.69087601807485,16951.05131470717
2451127.29944304,1998.8563982013416,26895.65008084279,0.7446111,63.1244,314.1157,249.7739,490.7141889313525,335.1262475170006,16945.47882833925
2451130.34781936,1998.8647442008487,26895.927023762953,0.7446078,63.1157,313.6423,249.7872,490.8736736382716,331.66158769448236,16945.76011980784
2451133.39623787,1998.8730903158664,26896.58743385722,0.7446037,63.1051,313.1626,249.8038,491.1526132336294,328.1938862880861,16946.30890958885
2451135.42860036,1998.8786546211093,26897.099828507082,0.744607,63.0986,312.8453,249.8126,491.19471650190826,325.8822364006502,16946.524937693786
2451138.47730626,1998.8870015229563,26897.674752693296,0.7446277,63.091,312.3658,249.8302,490.7847662472177,322.41545173572456,16946.21715275919
2451139.49356087,1998.8897838764412,26897.755937014936,0.7446338,63.088,312.2079,249.8354,490.64142216294294,321.2611044811387,16946.070848651427
2451141.52606001,1998.8953485558106,26897.705276468514,0.7446443,63.0823,311.8927,249.8449,490.34605926630957,318.952119908165,16945.699047513757
2451143.55851791,1998.9009131222726,26897.37689986205,0.7446655,63.0763,311.5798,249.8539,489.6919820378271,316.6449759818569,16944.80590452823
2451145.59091256,1998.9064775155646,26896.8275019253,0.7446913,63.07,311.268,249.8635,488.8577636407972,314.33959439671355,16943.62458718326
2451149.65552698,1998.9176058233534,26895.700094020303,0.7446829,63.0582,310.6363,249.8795,488.7958504749904,309.71770359277895,16943.186301169397
2451155.7521912,1998.9342975802872,26895.50241123276,0.7446827,63.0425,309.6863,249.9085,488.75075777943675,302.78767109658713,16943.068243371636
2451159.81672075,1998.9454256557158,26896.380533190182,0.744677,63.0324,309.0519,249.9292,489.1282668757158,298.16786394232486,16943.805944655767
2451161.34098104,1998.9495988529504,26896.777210182474,0.7446738,63.0286,308.8129,249.9368,489.31561732249065,296.43411293784,16944.159428281124
2451163.37339994,1998.9551633126348,26897.250162293025,0.7446703,63.026,308.4851,249.9555,489.5305147632289,294.1218074514789,16944.57067701831
2451164.38962118,1998.957945574757,26897.354030499453,0.7444583,63.0007,308.317,249.9714,495.2592744556814,292.96799308745807,16951.49701976665
2451165.40586907,1998.9607279098425,26897.522590687786,0.7446763,63.0208,308.1692,249.9657,489.438688687992,291.8128524566983,16944.548063228147
2451167.43833664,1998.9662925027792,26897.4772158476,0.7446898,63.015,307.8538,249.9752,489.0639874734952,289.5036989994604,16944.082435096378
2451169.47079223,1998.9718570629163,26897.233579917804,0.7446991,63.0105,307.5373,249.9889,488.7516404632388,287.1976573500925,16943.627875289887
2451171.50317078,1998.9774214121285,26896.72254551126,0.7446928,63.0043,307.2212,249.9986,488.7906222713509,284.88809163376806,16943.509909776734
2451173.535479,1998.982985568788,26896.124532147944,0.7446868,62.9983,306.9051,250.0087,488.79932190119507,282.57899523629914,16943.327428467448
2451175.56773306,1998.9885495771666,26895.581757205564,0.744679,62.993,306.5881,250.0191,488.8705298314826,280.2693522200218,16943.238001210655
2451181.15626519,1999.003850144257,26895.179931900788,0.7446605,62.978,305.7175,250.0476,489.2654962215829,273.91904806747806,16943.583704070825
2451183.18845001,1999.0094139630664,26895.496125526286,0.7446535,62.9718,305.4011,250.0586,489.53450141669873,271.61067329607124,16944.009483657053
2451184.20457923,1999.012195973251,26895.757304278948,0.7446434,62.969,305.2418,250.066,489.8728396458391,270.45724962963556,16944.50094575271
2451186.23686273,1999.0177600622308,26896.318673305464,0.7446307,62.9634,304.927,250.0785,490.3577721789452,268.15187759694203,16945.265686281535
2451188.26920247,1999.0233243051878,26896.85365008013,0.7446284,62.958,304.6102,250.0895,490.55625158680414,265.8429501323879,16945.67717976224
2451189.28539746,1999.026106495442,26897.076595291208,0.7446434,62.9533,304.4425,250.1053,490.2097293131401,264.6894616408524,16945.332107617833
2451190.30161119,1999.0288887370025,26897.258726826498,0.7446405,62.9506,304.2867,250.1101,490.33423985305035,263.53685467906746,16945.54072360552
2451192.33405936,1999.034453276824,26897.45033726746,0.7446427,62.9457,303.9702,250.1232,490.32399500870815,261.23022034335463,16945.590226454115
2451194.36652811,1999.0400178729915,26897.37243532131,0.7446396,62.9414,303.6553,250.1348,490.38748403262525,258.923665723092,16945.64149373063
2451196.39894312,1999.0455823220263,26897.005802625117,0.7446316,62.9366,303.3388,250.1457,490.50903660709355,256.6148640704907,16945.669461171292
2451203.51186348,1999.065056436632,26895.234224354528,0.7446127,62.9179,302.2276,250.1919,490.5649514254965,248.53918281246183,16945.16503669977
2451212.14871529,1999.0887028481582,26896.181380251797,0.7445695,62.8869,300.9061,250.2441,491.9687580484069,238.7571746630552,16947.159900944636
2451214.18102194,1999.0942670005202,26896.752793261672,0.7445634,62.882,300.5899,250.2546,492.27878455126483,236.44837981276743,16947.717355340872
2451216.21341446,1999.0998313879807,26897.235311043692,0.7445378,62.8767,300.2744,250.2651,493.0906064769051,234.14020032694378,16948.849842998596
2451218.24585019,1999.1053958937441,26897.45698857087,0.7445258,62.8722,299.9572,250.2769,493.4700061895519,231.83157825210225,16949.37784920356
2451220.27833537,1999.1109605348943,26897.52915092148,0.7444959,62.8646,299.6523,250.295,494.2926779299569,229.54150743807145,16950.390831916706
2451222.31074558,1999.1165249707874,26897.10493071023,0.7444813,62.8637,299.3239,250.3014,494.5769856586676,227.21631051651224,16950.595888047537
2451224.34309937,1999.1220892522113,26896.57868764544,0.7444721,62.8598,299.0079,250.3137,494.68996923879604,224.90946920397556,16950.561905460156
2451226.37536455,1999.1276532910333,26895.988699193087,0.7444664,62.8569,298.6889,250.3305,494.6925178641277,222.6042152280013,16950.374497130248
2451236.53631087,1999.1554724459143,26895.543951646105,0.7444562,62.832,297.1162,250.4138,494.8532044706617,211.09991947084967,16950.424192348826
2451238.0604785,1999.1596453894595,26896.10439851653,0.7442065,62.8314,296.8798,250.4031,501.71238046193866,209.3505597945719,16958.852792246802
2451244.15747952,1999.1763380685009,26897.32314327015,0.7444228,62.8129,295.9292,250.4654,496.20623645218257,202.45289533967394,16952.62603647823
2451246.18991545,1999.1819025748114,26897.314487572832,0.7444055,62.8078,295.6125,250.477,496.6693477939325,200.14457306793514,16953.18022300147
2451254.31917221,1999.204159266831,26895.36822586186,0.7443519,62.7893,294.3441,250.5292,497.61348574195654,190.91596394080318,16953.687132147094
2451264.98811363,1999.2333692364957,26896.139290761417,0.7442598,62.7628,292.6819,250.5985,500.28774144718227,178.80747486150563,16957.151518884315
2451267.02044503,1999.2389334566192,26896.686649194904,0.7442307,62.756,292.3668,250.6132,501.2104165839255,176.50395561706853,16958.437510937696
2451269.05281392,1999.2444977793846,26897.063019827507,0.743964,62.7603,292.0607,250.5974,508.4801273445564,174.17889942157626,16967.29469971781
2451272.10151056,1999.25284465588,26897.209344184612,0.7439493,62.7543,291.5839,250.6202,508.91298062500937,170.7200238832296,16967.86193362309
2451275.1501299,1999.2611913207388,26896.766459441864,0.7440532,62.7497,291.1059,250.6694,506.0050056414757,167.28642453403052,16964.22537223673
2451290.89968005,1999.3043112390146,26896.02550419725,0.7437073,62.6972,288.6816,250.736,515.1186957395748,149.40555395473677,16974.930554408234
2451292.93200222,1999.3098754338669,26896.48147762445,0.7438252,62.7512,288.3016,250.7824,512.0644632341482,147.06884380796345,16971.41132121455
2451293.94815194,1999.312657500178,26896.708514957107,0.7438122,62.7473,288.1426,250.7859,512.4722816881276,145.91179993592027,16971.97441643061
2451295.98051745,1999.3182218136888,26897.04716662312,0.7438507,62.7292,287.8344,250.8073,511.52350379749623,143.62184707207683,16970.94468473985
2451299.02913202,1999.32656846549,26897.056004326132,0.7438297,62.7368,287.3507,250.8265,512.0906057450256,140.1525524236281,16971.628508259582
2451300.0453494,1999.329350717043,26896.94457691117,0.7438457,62.7348,287.1911,250.8399,511.6317102374751,139.00474186445183,16971.041445158222
2451301.06154925,1999.3321329206024,26896.772108134744,0.743836,62.7188,287.0368,250.8445,511.84843030822685,137.8534485831263,16971.24590623709
2451306.65033796,1999.3474341901715,26895.29124994493,0.7437889,62.7091,286.1631,250.8894,512.7358559687664,131.5161915382945,16971.832513685284
2451311.73069696,1999.361343455058,26894.854274023874,0.7437457,62.694,285.3749,250.9255,513.7857555919973,125.75675617916721,16972.95162270057
2451314.77897958,1999.3696891980285,26895.165903358287,0.7436203,62.6765,284.8922,250.9538,517.2382657532262,122.29788870973164,16977.196344193937
2451316.30301284,1999.3738617736892,26895.458593558295,0.7436048,62.6565,284.6429,250.9708,517.7301851870989,120.56346147188424,16977.88136645071
2451317.82718059,1999.3780347175634,26896.031881314724,0.7436491,62.6648,284.4144,250.9661,516.6856792037242,118.82800167719267,16976.81337788095
2451318.84333341,1999.3808167923617,26896.318035576547,0.743693,62.6581,284.25,250.9726,515.5782867445168,117.66855474979968,16975.5768424104
2451319.85948521,1999.3835988643666,26896.606839539996,0.7436938,62.6569,284.0931,250.9788,515.6307919365072,116.51630882800544,16975.733293612688
2451322.39991767,1999.3905541893773,26896.90303108942,0.7437107,62.6525,283.7023,251.002,515.2521500057865,113.64479182417085,16975.37461840435
2451323.41610902,1999.3933363696642,26896.963983238144,0.7437104,62.6498,283.5434,251.0139,515.2758404785109,112.49620692084727,16975.422772713388
2451324.94040892,1999.3975096753454,26896.949496821733,0.7437026,62.6469,283.3067,251.0225,515.4819239667186,110.76571687562591,16975.66545603006
2451325.95660522,1999.400291869186,26896.84299037171,0.7437022,62.6443,283.1488,251.0316,515.4653853776908,109.61532709301332,16975.61114980815
2451326.97279417,1999.4030740429023,26896.668701081642,0.7436947,62.6422,282.9907,251.0395,515.6224404313398,108.46354455521083,16975.74328181869
2451329.00514199,1999.4086383079803,26896.183293414364,0.743682,62.6359,282.6744,251.0565,515.8396094013842,106.1611091271028,16975.8469106213
2451332.56156294,1999.418375257878,26895.19277623171,0.7436489,62.6288,282.1214,251.0821,516.4759528990544,102.1284071638479,16976.29018919438
2451334.5937077,1999.4239389670083,26894.78732180795,0.7436309,62.6243,281.8052,251.0976,516.8561203833151,99.82477187699953,16976.61524889865
2451336.62580283,1999.4295025402598,26894.609695499166,0.743634,62.6187,281.4893,251.1117,516.7272091963387,97.52008550650191,16976.403071548593
2451340.68999177,1999.440629683148,26894.752251765905,0.743536,62.6096,280.8572,251.1529,519.399441496892,92.923414066681,16979.65570144828
2451342.72215472,1999.4461934420813,26895.411041107283,0.7435391,62.6062,280.5425,251.1692,519.4850214723101,90.62206085070659,16979.97158744962
2451344.75446176,1999.4517575955103,26896.01867157557,0.7434946,62.6035,280.2296,251.1893,520.8377277599602,88.32616561626253,16981.79110064618
2451346.78674417,1999.4573216815056,26896.491134813103,0.7434843,62.6026,279.9162,251.2021,521.2359509903772,86.0224946580131,16982.42174171525
2451347.80289951,1999.4601037632037,26896.681000546894,0.7434745,62.6018,279.7592,251.2086,521.5482420057915,84.87044524668522,16982.857817507786
2451348.81907238,1999.4628858928959,26896.819028843463,0.7434624,62.5988,279.6022,251.2156,521.9091012938334,83.71887855750674,16983.33536393848
2451350.85146591,1999.4684502831217,26896.90585547134,0.7434418,62.5997,279.2918,251.2252,522.4854518491866,81.4148980761816,16984.05479800371
2451353.90000483,1999.4767967278035,26896.207526836315,0.743239,62.5541,278.8477,251.2546,527.7608407980197,77.99547799075674,16990.15449979173
2451355.93225011,1999.4823607121423,26895.762132547185,0.7434329,62.5811,278.4949,251.2674,522.431392637448,75.65244362878013,16983.619707195438
2451358.98054196,1999.4907064803829,26894.90929357171,0.7434021,62.575,278.0221,251.2906,523.0409454209848,72.19836706213994,16984.074691857095
2451361.01267373,1999.4962701539494,26894.111993095,0.7431524,62.543,277.7554,251.3092,529.551819557666,69.94734457820391,16991.62243311242
2451363.04472623,1999.5018336104865,26894.377237191347,0.7433613,62.5669,277.3913,251.3224,524.0017114623788,67.5936002248502,16985.05463310555
2451365.07680545,1999.507397140178,26894.48654298003,0.7433414,62.5627,277.0762,251.3384,524.5649638400928,65.29162953591236,16985.7654536663
2451368.63302811,1999.5171335471869,26895.263465873508,0.7432961,62.5578,276.5318,251.3764,525.9827232172456,61.28012301270775,16987.717002130907
2451369.64915348,1999.5199155468306,26895.4892021437,0.7432175,62.5802,276.397,251.4013,528.1546560494653,60.16870314101948,16990.39391838178
2451372.18945102,1999.526870502451,26896.15596255285,0.743248,62.5756,276.0034,251.4188,527.5055356973689,57.288819117656544,16989.83173937134
2451373.71365165,1999.5310435363454,26896.47355144778,0.7432537,62.5725,275.7668,251.4234,527.4337673820764,55.55452691569326,16989.848563331798
2451374.72982079,1999.533825655824,26896.459976744987,0.7430273,62.517,275.6363,251.4281,533.519640666098,54.42716390330747,16997.137820364907
2451376.76213805,1999.539389837235,26896.802173808046,0.7432356,62.5653,275.2934,251.4468,528.0049720765182,52.099858595433716,16990.63976149007
2451378.79449159,1999.544954117974,26896.660319231898,0.7432206,62.5625,274.9807,251.4615,528.3719987761751,49.79871752936276,16991.033786783835
2451380.82681109,1999.550518305517,26896.204702637715,0.7431826,62.5595,274.6659,251.4731,529.2770615991903,47.49241001385292,16991.971063433528
2451384.89122879,1999.5616460747158,26895.07772436719,0.743201,62.5473,274.0324,251.5162,528.4927645397702,42.896013102328425,16990.665918856437
2451389.4633373,1999.5741638255986,26894.053698565825,0.7430904,62.5227,273.3292,251.5383,531.2042780770653,37.70852278451298,16993.58384114895
2451391.49540578,1999.5797273258868,26894.265382084046,0.7431049,62.5154,273.0147,251.5615,530.8686947570204,35.41436268075415,16993.25029502209
2451393.52747661,1999.5852908326083,26894.586376570776,0.7430841,62.5093,272.7001,251.5787,531.5105640644188,33.114100261043006,16994.123456783032
2451395.55964088,1999.5908545951545,26895.146864651306,0.7430699,62.5094,272.3905,251.5998,532.0364734495479,30.822645744352997,16994.935240809282
2451396.57573016,1999.5936364959887,26895.410130142838,0.7430641,62.5078,272.2333,251.6073,532.2601076573674,29.67146144406206,16995.28851047023
2451399.11603247,1999.600591464668,26896.096108208658,0.7430263,62.5027,271.8403,251.6284,533.453032481978,26.795772719489833,16996.94009838602
2451400.64023916,1999.604764515154,26896.428454346842,0.7430033,62.5,271.6051,251.639,534.1570545532377,25.068874544516916,16997.891252649373
2451402.67257428,1999.6103287454616,26896.46580748771,0.7427633,62.4653,271.3201,251.6554,540.6218059809735,22.79715163384327,17005.64557311755
2451407.7532731,1999.624238940726,26895.80968655008,0.7429359,62.4847,270.505,251.6951,535.8108108442793,17.014081338684377,16999.671714128457
2451409.78550442,1999.6298028868441,26895.25472073801,0.7429054,62.481,270.1894,251.7116,536.4884543262488,14.71196073610946,17000.303446572496
2451411.30961807,1999.6339756826003,26894.775388871723,0.7428193,62.4835,269.9593,251.7265,538.6808608528027,12.994554263861687,17002.773522816224
2451412.83369058,1999.6381483657221,26894.442000737068,0.7428024,62.4797,269.7234,251.7407,539.0496359287727,11.270688340060246,17003.106977161868
2451415.37375515,1999.6451026835045,26894.17921436611,0.742782,62.4735,269.3283,251.7614,539.5306891608207,8.39273393838954,17003.597728539124
2451416.38977254,1999.6478843875152,26894.182766721395,0.7427681,62.4699,269.1714,251.7715,539.9054320309997,7.244520494496896,17004.047539593605
2451419.43783275,1999.6562295215604,26894.51887948873,0.7427471,62.4597,268.6934,251.8006,540.5566758532259,3.791372238277461,17004.936202709916
2451421.46993564,1999.661793116058,26895.004212062384,0.7427215,62.4562,268.3782,251.8189,541.3700411730906,1.4915782190780646,17006.067294882298
2451422.48603957,1999.6645750570021,26894.964951049617,0.7425102,62.4324,268.2624,251.8254,547.0428462527752,0.38077947919470034,17012.843305772032
2451423.5021451,1999.667357002327,26895.625939774734,0.742699,62.4587,268.0743,251.8359,542.135149929979,359.20167916229724,17007.184806456702
2451424.51827274,1999.6701390081857,26895.883295459495,0.7426905,62.4565,267.9172,251.8443,542.4299828130343,358.0514570531399,17007.621190202026
2451427.05860174,1999.677094049938,26896.364043259782,0.7426698,62.4523,267.525,251.8661,543.1104385248473,355.1772420223575,17008.591588159874
2451429.59896414,1999.6840491831344,26896.469269492703,0.7426491,62.4475,267.1327,251.8876,543.6942733262913,352.3025940716362,17009.32449198312
2451430.61511572,1999.6868312545375,26896.395383259634,0.742648,62.445,266.9763,251.8955,543.704844672634,351.1525483664749,17009.31317567946
2451430.61512939,1999.686831291964,26896.18411334128,0.7424426,62.4165,267.0029,251.8957,549.1749501534869,351.17933489301015,17015.789518766655
2451432.64739711,1999.6923953377407,26896.001362286745,0.74263,62.4437,266.6685,251.9105,544.0875706117386,348.8566784133654,17009.643398153006
2451434.67962132,1999.6979592643947,26895.48191437737,0.7425979,62.4396,266.3497,251.9294,544.8172252727545,346.5537648178551,17010.34806250547
2451437.72787378,1999.7063049247909,26894.634471915964,0.7425697,62.4338,265.876,251.9572,545.3575204956678,343.10342707531834,17010.719632867753
2451438.74392115,1999.709086710883,26894.408753579806,0.742557,62.4334,265.7219,251.9653,545.6409727478449,341.9559840821477,17010.98555761408
2451445.34796787,1999.7271676053938,26894.06298923525,0.742504,62.4138,264.6756,252.0393,546.9773434761191,334.4745620582494,17012.472239870647
2451448.39608327,1999.7355128905413,26894.750065585253,0.7424728,62.4086,264.2052,252.0663,547.993379089985,331.02685940514215,17013.910697769625
2451450.42838659,1999.7410770337851,26895.612275043237,0.7424291,62.4076,263.8977,252.087,549.3907597339348,328.7369678373934,17015.862048019528
2451451.44451254,1999.743859035017,26895.89276991016,0.7424135,62.4066,263.7438,252.0945,549.8825829764646,327.5890473938311,17016.54135078202
2451454.49293003,1999.7522051472415,26896.40403821754,0.7424018,62.404,263.2798,252.1164,550.3289667175695,324.1423469930337,17017.241196878804
2451456.52523094,1999.7577692838877,26896.459156797042,0.7424081,62.4024,262.969,252.1311,550.1737174717473,321.8431578004445,17017.073407293876
2451458.55751452,1999.7633333730867,26895.972847571673,0.7423725,62.4011,262.6697,252.1398,551.0059447877711,319.5494856888085,17017.910864178182
2451459.5736146,1999.766115303491,26895.736169243504,0.7423649,62.3997,262.5132,252.1483,551.1493775366671,318.39999074321355,17018.005561635848
2451462.62190892,1999.774461078494,26894.89399009307,0.7423451,62.3948,262.0456,252.1747,551.4649215280315,314.95431174220704,17018.109496740413
2451464.65402574,1999.7800247111293,26894.37368477185,0.7423289,62.3918,261.7322,252.193,551.7665511662171,312.6563039934389,17018.301261306904
2451466.68608778,1999.7855881937855,26894.033933148738,0.7423161,62.3887,261.4194,252.2111,552.0232506261045,310.35875023720763,17018.49790080343
2451474.81430251,1999.8078420328818,26894.989910470376,0.7422729,62.3743,260.1634,252.2873,553.4314541547892,301.16756816251376,17020.492029743837
2451476.33841769,1999.8120148328262,26895.389997848346,0.7422566,62.372,259.9286,252.3008,553.9729623714238,299.44406018255614,17021.269350971732
2451479.38676839,1999.8203607621901,26896.03552538355,0.7422289,62.3676,259.4582,252.3316,554.8843630171968,295.99992561153954,17022.568545404476
2451480.91097065,1999.824533800548,26896.185844298314,0.7422259,62.3647,259.2228,252.3459,555.0037994467384,294.27653180272927,17022.76014042149
2451482.4351801,1999.8287068585905,26896.190854964974,0.7422266,62.3623,258.9883,252.3609,554.986263733229,292.55473090745295,17022.740804950874
2451483.45131722,1999.8314888904038,26896.115330800403,0.7422325,62.361,258.8321,252.3714,554.8081085320937,291.4074994546251,17022.503304344027
2451486.4996776,1999.8398348462692,26895.493757000168,0.7422157,62.3558,258.3625,252.4006,555.0997313026573,287.96255534304066,17022.650056238475
2451487.51577356,1999.8426167653934,26895.220560120568,0.7422238,62.3525,258.2112,252.4088,554.8114541497516,286.8179644583946,17022.216723734546
2451491.58001226,1999.8537440445175,26894.169468166627,0.742191,62.3467,257.5856,252.4457,555.4226364185688,282.2234439737118,17022.60594648806
2451497.16811413,1999.8690434336206,26893.935470943845,0.7421544,62.3351,256.7244,252.5085,556.3466278667984,275.9172638965885,17023.634347252613
2451500.21591415,1999.877387855304,26894.773020504275,0.742235,62.3268,256.2758,252.5311,554.3948676302853,272.48727209057716,17021.573379871115
2451504.280443,1999.8885159288163,26895.360482697375,0.7418618,62.301,255.6413,252.5879,564.583643354631,267.9034656261439,17033.938230593056
2451506.31270285,1999.8940799530458,26896.051103791713,0.7420657,62.3211,255.3182,252.5989,559.2778142207417,265.5883169035174,17027.824521521172
2451508.34497228,1999.8996440035041,26896.1802870162,0.7420644,62.3186,255.007,252.616,559.3461000396965,263.2911587385422,17027.948086727796
2451512.40945697,1999.9107719561127,26895.59460201624,0.7420408,62.3135,254.3857,252.6509,559.8297670604288,258.69869579942167,17028.335708283706
2451520.02985031,1999.931635456017,26893.71605193635,0.742054,62.3008,253.2131,252.7271,558.9901807327742,250.09143583390852,17026.72218261264
2451527.14181079,1999.951106942615,26894.741594139417,0.7419807,62.2913,252.1212,252.7962,561.226099800735,242.05890065855937,17029.726756670978
2451529.1739983,1999.9566707687884,26895.292707471974,0.7419576,62.2893,251.81,252.8176,561.9895789385664,239.76612323615336,17030.81789171275
2451531.20619917,1999.9622346315402,26895.765867624094,0.741944,62.2867,251.4982,252.8366,562.4774567356017,237.47033264549623,17031.554443801964
2451533.2384429,1999.9677986116362,26896.04336013571,0.7419064,62.2845,251.1884,252.8594,563.5603565735228,235.18029981096515,17032.9380862337
2451536.28682571,1999.9761446289117,26895.945608345744,0.7418866,62.2807,250.7208,252.8878,564.0676671851897,231.73653359180992,17033.512215188923
2451537.30294629,1999.9789266154414,26895.812237345453,0.7418891,62.2793,250.5675,252.9025,563.9660028122489,230.59641844106653,17033.347444794468
2451539.33514043,1999.9844904597671,26895.32258681979,0.7418863,62.2772,250.2575,252.9215,563.9149255776274,228.30243448387398,17033.127284866565
2451541.36727179,1999.9900541322104,26894.7578083104,0.7418792,62.2736,249.9471,252.9407,563.9601012873281,226.00831240428886,17032.99765798339
2451543.39935191,1999.9956176643675,26894.22958505188,0.7418678,62.2708,249.6356,252.96,564.1303500945296,223.71324082770695,17033.0292781935
2451545.43138488,2000.0011810674334,26893.865427611232,0.7418578,62.2697,249.3233,252.9791,564.305287987504,221.41721572393027,17033.119819453495
2451554.06747484,2000.0248253931286,26894.573715142546,0.7418305,62.2559,248.0135,253.0578,565.2223487514948,211.67415847371603,17034.445194884003
2451556.09963065,2000.0303891325123,26895.41404729049,0.741738,62.2495,247.7076,253.0752,567.9271226813362,209.38271229555693,17037.947834273727
2451558.13184296,2000.0359530265848,26895.830092929955,0.7417137,62.2468,247.3984,253.092,568.6881401315331,207.08731042943293,17038.99161057634
2451560.16408163,2000.0415169928265,26896.011747856697,0.7417117,62.2434,247.091,253.1127,568.7888511339352,204.79758258250712,17039.17090564544
2451562.19633248,2000.0470809924157,26895.95799808544,0.7416865,62.2408,246.7809,253.1332,569.452746338442,202.5049427303552,17039.945911024915
2451563.21247738,2000.0498630455304,26895.60015899583,0.7414103,62.2257,246.6281,253.1491,576.7888764346844,201.36650360908993,17048.582916493626
2451564.22854472,2000.052644886297,26895.867535093694,0.741697,62.2381,246.4738,253.165,569.1469719173047,200.22664093307645,17039.551499068835
2451568.29290839,2000.0637725075703,26894.64622251594,0.7416157,62.2366,245.848,253.1917,571.0180379524263,195.6215972746915,17041.387487718763
2451578.45298008,2000.0915892678443,26894.28678749097,0.7415885,62.2272,244.2983,253.2937,571.6566901857232,184.15986357602912,17042.032716847363
2451580.99300837,2000.098543486297,26894.951378250218,0.7415795,62.2251,243.9136,253.3135,572.070482643112,181.29144493301465,17042.74269263071
2451583.53317314,2000.1054980784124,26895.585856611564,0.7415693,62.2224,243.5254,253.3378,572.5087798342265,178.42389177152688,17043.47210586798
2451586.07345578,2000.112452993237,26895.948341375337,0.7415596,62.2197,243.1373,253.3621,572.8633477243793,175.55632243468108,17044.013115795846
2451588.10569483,2000.11801696052,26895.912812044833,0.7415292,62.2214,242.8238,253.3808,573.6718012594774,173.25849421277837,17044.966187575643
2451590.13790769,2000.1235808560982,26895.637235965874,0.7415405,62.2206,242.5131,253.405,573.2966521891203,170.96899180461315,17044.428921898838
2451602.83819798,2000.158352355866,26893.81551404522,0.7414638,62.2169,240.5732,253.5138,574.8885665022981,156.62015188822073,17045.735403920065
2451607.91833959,2000.1722610255717,26894.989181727346,0.7414286,62.2158,239.7923,253.5653,576.1387057040938,150.8836307941753,17047.608575336675
2451609.95050419,2000.1778247890206,26895.47344235522,0.7414206,62.2125,239.4826,253.5868,576.4790854401481,148.592475952536,17048.172172176888
2451611.98270444,2000.1833886500756,26895.784451928495,0.7414266,62.2092,239.1722,253.609,576.3981314022858,146.3012859727654,17048.1768261942
2451614.01492311,2000.1889525615609,26895.782174438486,0.741443,62.2086,238.8604,253.6337,575.9564516762921,144.01117783805643,17047.649240945717
2451616.04713443,2000.1945164529232,26895.565359597196,0.7414495,62.2112,238.5504,253.6513,575.7255715065348,141.71577694769837,17047.30327815581
2451629.76337245,2000.2320694659825,26893.702389630595,0.7414733,62.2,236.4561,253.78,574.6038295733115,126.23109224627285,17045.35892184415
2451635.85954726,2000.2487598829848,26895.177927822166,0.7414938,62.2041,235.5142,253.8602,574.4339444451825,119.36084212545313,17045.6363743279
2451637.38367019,2000.2529327041475,26895.408581503463,0.7414949,62.201,235.2819,253.8747,574.4639849024115,117.64082650689102,17045.747262809302
2451639.92391483,2000.2598875149356,26895.58840735386,0.7414983,62.1945,234.8937,253.8996,574.4190258012632,114.77379462321113,17045.752136703966
2451640.94002745,2000.262669479672,26895.20716918813,0.7412661,62.1479,234.7666,253.9088,580.5655421920028,113.65438731806688,17052.95867266935
2451641.95612133,2000.265451393101,26895.42661861119,0.7415062,62.1911,234.5836,253.9206,574.1647292659563,112.48169848363091,17045.396108923156
2451645.00434138,2000.2737969647644,26894.746421951815,0.7415164,62.1855,234.1193,253.9505,573.7145762332248,109.04289268480824,17044.63773274521
2451650.08438987,2000.287705379521,26893.41803544559,0.7415233,62.1809,233.3454,253.9985,573.1856455224588,103.30996337243045,17043.57446626164
2451652.11631749,2000.293268494155,26893.153088230585,0.7415522,62.1782,233.0322,254.0212,572.3399507164004,101.01674210419804,17042.47922014719
2451654.65622339,2000.3002223775215,26893.185693964057,0.7415627,62.1721,232.6395,254.0491,572.0659991466964,98.148544092203,17042.162942237304
2451658.72010641,2000.311348682847,26893.940844898472,0.7415485,62.1675,232.0155,254.0913,572.6430522752762,93.56127417508412,17043.097162412247
2451660.75218569,2000.3169122127042,26894.47816283025,0.7415513,62.1659,231.706,254.1108,572.7066183618663,91.26840342648046,17043.347815665467
2451662.27625908,2000.3210848982342,26894.796430928487,0.7415362,62.1654,231.475,254.1309,573.1949857642148,89.55533663568838,17044.034069151858
2451663.80034226,2000.3252576105679,26895.073989529188,0.7415387,62.1642,231.2429,254.1455,573.1994869299006,87.83566019555298,17044.12974117464
2451665.83250214,2000.3308213610958,26895.286512983417,0.7415475,62.1641,230.9356,254.1654,573.0177374968462,85.54531000555448,17043.982023876953
2451667.86469213,2000.3363851940592,26895.173919666046,0.7415514,62.1626,230.6263,254.1849,572.8837462942029,83.25253013868479,17043.785515832704
2451668.88079527,2000.339167132841,26894.768557043964,0.7413504,62.1263,230.5065,254.1967,578.1848293719995,82.14303217721113,17049.97711971639
2451669.89685179,2000.3419489439839,26894.85117690537,0.7415567,62.1641,230.3201,254.2022,572.6577911683089,80.96068016577817,17043.410906308574
2451671.92893171,2000.3475124755917,26894.322311451793,0.7415607,62.1604,230.009,254.2239,572.4135321459844,78.66840878701146,17042.947397286207
2451679.04075859,2000.366983596414,26892.880041861317,0.7415902,62.151,228.925,254.2926,571.2474530413747,70.64350529095958,17041.086751547275
2451681.07266609,2000.3725466559615,26892.96237399266,0.7415999,62.1478,228.6147,254.3138,571.0078667359412,68.35170385381673,17040.827623984984
2451684.62853424,2000.3822820923756,26893.55930079081,0.7417059,62.1247,228.0555,254.3655,568.3113953943903,64.33944674478931,17037.80343041138
2451685.64453382,2000.3850637476248,26893.91570574398,0.7416244,62.1442,227.9194,254.3643,570.5953068210256,63.20075085504595,17040.645371653285
2451686.6605551,2000.3878454622864,26894.148973850708,0.7416051,62.145,227.775,254.3829,571.174634683256,62.073533576934665,17041.412624975794
2451687.67657866,2000.3906271831897,26894.571528998174,0.7416081,62.1405,227.6171,254.3919,571.2031370637433,60.923214051715945,17041.58408928232
2451688.69260953,2000.3934089241066,26894.4834459674,0.741614,62.1405,227.4626,254.3989,571.0216996697318,59.774287321617464,17041.338910362603
2451689.7086406,2000.3961906655718,26894.917036411458,0.7416396,62.1407,227.3075,254.4096,570.44522349408,58.62846039416286,17040.79194603673
2451690.72474038,2000.398972595154,26895.016782904182,0.741618,62.1441,227.1496,254.4112,571.0519264003478,57.47066574460223,17041.548464579435
2451692.7568864,2000.404536307734,26895.12518425089,0.7416263,62.1427,226.8404,254.4309,570.8567058180852,55.178229215786416,17041.35074091742
2451694.7890285,2000.410100009583,26894.95001186197,0.741635,62.1413,226.5312,254.4506,570.5774598147163,52.88579655010426,17040.96049375974
2451696.82113136,2000.4156636039966,26894.545477478594,0.7416655,62.1414,226.2278,254.4707,569.6526586516948,50.599602561196775,17039.72514369621
2451697.83717354,2000.4184453758799,26894.272395765878,0.7416701,62.1407,226.0732,254.4806,569.4583985709596,49.453464683224524,17039.40446283216
2451701.39313659,2000.4281810721145,26893.272491272564,0.7416878,62.1376,225.5329,254.5148,568.7240824200962,45.44251403881282,17038.202775492664
2451703.93300935,2000.4351348647508,26892.797983583077,0.7417003,62.1342,225.1445,254.5406,568.265351320114,42.57654868973475,17037.500886488884
2451706.47285184,2000.44208857451,26892.76883983911,0.7416635,62.1219,224.748,254.5812,569.2474773930953,39.71731317633066,17038.66370673427
2451708.50473999,2000.4476515810813,26892.937692502197,0.7416892,62.1183,224.4355,254.6007,568.599949700395,37.421630810685315,17037.945722859688
2451714.60066879,2000.4643413245444,26894.448194739358,0.7417245,62.1143,223.5076,254.6611,568.040754720405,30.54582316403895,17037.76941486403
2451718.66489043,2000.4754685569608,26895.001934737546,0.7417704,62.1257,222.9068,254.6901,566.949291606501,25.968219494107984,17036.64642812937
2451720.69700699,2000.481032188885,26894.940993703858,0.7417865,62.1246,222.6005,254.7097,566.5005462777508,23.678612001443867,17036.09083378553
2451721.71308099,2000.4838140478853,26894.79178527605,0.7417935,62.1239,222.4459,254.7198,566.2737551048804,22.532642761269983,17035.771535815315
2451723.74516984,2000.489377603942,26894.363209695544,0.7417989,62.1204,222.137,254.7418,566.0178645429187,20.24286258087386,17035.326660755203
2451724.76121242,2000.4921593769204,26893.721972274234,0.7415662,62.0864,222.022,254.7477,572.1104654383262,19.132324308648037,17042.390462914358
2451730.34899376,2000.50745788846,26892.67749292821,0.7418469,62.1124,221.1576,254.7989,564.2917620996459,12.811660154347805,17032.717500553692
2451733.39678141,2000.5158022762769,26892.712465133467,0.7418618,62.1069,220.6846,254.8319,563.9000888671153,9.367680540362414,17032.261132134157
2451737.46058393,2000.5269283612045,26893.527513649384,0.7418121,62.1095,220.0609,254.8786,565.4470923413564,4.7852899664192705,17034.373439326075
2451739.49259001,2000.5324916906507,26893.928548565567,0.7419102,62.1093,219.7447,254.8996,562.9123403135782,2.487291365749968,17031.47673976172
2451742.03258995,2000.5394458314856,26894.535275502105,0.7419189,62.1068,219.3588,254.926,562.8349478903847,359.62430066516663,17031.581501064
2451743.55663507,2000.5436184396171,26894.790601090455,0.7419281,62.1067,219.1283,254.9411,562.653410525556,357.906761737863,17031.447651560597
2451746.60482894,2000.5519639396025,26894.868575435565,0.7419558,62.105,218.6644,254.9713,561.928545653408,354.4686817431395,17030.6071485474
2451748.63693146,2000.5575275330866,26894.57417058935,0.7419748,62.1039,218.3551,254.9915,561.3415792811493,352.1766880888196,17029.81030238087
2451753.71693466,2000.5714358238467,26893.209283089825,0.7420235,62.1012,217.5818,255.0419,559.679704619024,346.44680341521087,17027.381376104055
2451755.74880667,2000.5769987862282,26892.723758265704,0.7420951,62.0989,217.2831,255.0616,557.6289316031398,344.1651369578555,17024.773206310383
2451759.30453217,2000.5867338320872,26892.45363707835,0.7421302,62.0979,216.742,255.0979,556.6153409026674,340.1557204486275,17023.47416089025
2451761.33637849,2000.5922967241345,26892.64406907789,0.7421515,62.0969,216.4325,255.1183,556.0916342456312,337.8639793116189,17022.910111840614
2451764.38423162,2000.6006412912252,26893.31165503036,0.7421854,62.0951,215.9673,255.1497,555.3520870169905,334.4261351589297,17022.24301134364
2451765.40021417,2000.6034228998496,26893.574875613587,0.7421581,62.0946,215.8092,255.1726,556.1541437204696,333.2895560541053,17023.287163769553
2451767.43221332,2000.6089862103215,26894.126020263237,0.7421809,62.0936,215.4996,255.1929,555.6830658308481,330.9974642842568,17022.903125417324
2451769.46426977,2000.6145496776724,26894.559231944357,0.7422043,62.0926,215.19,255.2132,555.1654233905565,328.7053160379364,17022.425078071497
2451773.52848764,2000.625676899767,26894.366306673564,0.7420643,62.0665,214.5901,255.2522,558.8808993682605,324.13861608381046,17026.80287096219
2451774.54454115,2000.6284587026691,26894.647588865606,0.742293,62.093,214.419,255.2637,552.802646183789,322.97756703914666,17019.629062031563
2451776.57658728,2000.6340221417654,26894.108076421424,0.7423366,62.0917,214.1119,255.2756,551.4910269382035,320.6795289644752,17017.885560881725
2451781.65644678,2000.6479300390968,26892.74716423074,0.7424146,62.089,213.3385,255.3267,549.04273539724,314.9503859251797,17014.515801788748
2451783.18033116,2000.6521022071454,26892.489246057783,0.7424477,62.0873,213.1063,255.3418,548.0861580474466,313.2313054276646,17013.287917714344
2451787.24396339,2000.6632278258458,26892.32841462135,0.7424926,62.0818,212.4954,255.3916,546.837269995267,308.6649826955666,17011.741755525265
2451789.27580726,2000.6687907111843,26892.78978689711,0.7425277,62.0801,212.1844,255.4157,546.0121398489082,306.37544397364763,17010.904317560442
2451790.29179906,2000.6715723451337,26893.015562341756,0.7424726,62.08,212.0209,255.4298,547.5520759294095,305.22465575188266,17012.8198663221
2451792.32373983,2000.6771354957698,26893.58817343334,0.7425005,62.0782,211.7112,255.4508,546.9492078649982,302.9332215228529,17012.284492725496
2451794.35574491,2000.6826988224777,26894.12793306032,0.7425297,62.0759,211.4018,255.4717,546.3028871634215,300.6419239080469,17011.686401592775
2451795.37175687,2000.6854805116218,26894.385435086973,0.742591,62.0761,211.2438,255.4859,544.7205604603023,299.4967158161802,17009.87664524864
2451797.4038404,2000.6910440531137,26894.736037603296,0.7426468,62.0719,210.9374,255.509,543.3100824325265,297.21054087903457,17008.302429334773
2451798.41989332,2000.6938258544017,26894.789599087362,0.7426604,62.0715,210.7831,255.5192,542.9580975133022,296.06499241542423,17007.89853354365
2451800.45199937,2000.6993894575496,26894.662709813518,0.7426888,62.0704,210.475,255.5389,542.1616354573671,293.77369528212705,17006.904078668296
2451801.46804105,2000.7021712280623,26894.48053113279,0.7427061,62.0693,210.3211,255.5478,541.6494843292257,292.62725789754535,17006.231949476725
2451802.48406982,2000.7049529632307,26894.25262994697,0.742722,62.0662,210.1669,255.5582,541.163228127496,291.4820332369336,17005.57596242606
2451804.51607399,2000.7105162874473,26893.665319328386,0.7427758,62.0668,209.8558,255.5812,539.5652468319886,289.1911365189511,17003.47245476668
2451806.54801392,2000.7160794357835,26893.088332444036,0.7427976,62.0683,209.5431,255.6013,538.8305625166049,286.8958031178996,17002.405725120287
2451809.59580208,2000.7244238249962,26892.440340661014,0.7428454,62.0696,209.0756,255.6336,537.3784388265467,283.45662300134427,17000.45684349778
2451810.10375846,2000.7258145337712,26892.353732207812,0.7428531,62.0695,208.9983,255.6382,537.1490959406674,282.88326784238774,17000.15412688381
2451811.11966568,2000.7285959361534,26892.284700943248,0.742869,62.0693,208.843,255.6488,536.7037574382384,281.73726298481733,16999.59843971995
2451814.16738957,2000.736940149404,26892.441342445312,0.7429017,62.0678,208.3797,255.6766,535.8646519924077,278.29784621456685,16998.64430040595
2451818.23116296,2000.7480661545796,26893.369854459383,0.7429388,62.0677,207.7502,255.7296,535.105626831154,273.71598435136724,16998.036186350204
2451820.26312487,2000.7536293630942,26893.51849668367,0.742805,62.042,207.4528,255.75,538.7421897545555,271.43622928610796,17002.43940098208
2451821.27915134,2000.7564110919645,26894.197340498922,0.7430035,62.0667,207.2853,255.7622,533.5782868175302,270.27950689279817,16996.474798883683
2451823.31121221,2000.7619745714169,26894.542562627183,0.7430311,62.0669,206.9727,255.7834,532.9247183214866,267.9852542899536,16995.80367257393
2451824.32726214,2000.764756364517,26894.660432560966,0.7430465,62.0649,206.8203,255.7934,532.5408294580529,266.8414087738357,16995.38192524178
2451826.35935918,2000.7703199429982,26894.622174790202,0.7430866,62.0637,206.5109,255.8137,531.4525246407438,264.54942052065155,16994.065509135136
2451828.39143282,2000.7758834574124,26894.299721842614,0.7431201,62.0612,206.2029,255.8336,530.4687231169592,262.2584553315273,16992.782109633325
2451830.42345636,2000.7814468346614,26893.78654970982,0.7431533,62.061,205.8916,255.8547,529.4440257973529,259.96543952185266,16991.38780999675
2451833.47133441,2000.7897914699793,26892.885324213657,0.7432887,62.0459,205.4321,255.9001,525.5712523298089,256.54727080749075,16986.45351072905
2451842.10661476,2000.8134335790833,26892.66355872186,0.7434795,62.0411,204.1087,255.9982,520.3832024151116,246.81081153006335,16980.159862237786
2451843.630469,2000.8176056646132,26892.977310420305,0.7434756,62.0497,203.866,256.0107,520.5685687691821,245.0786607392523,16980.483781225506
2451844.13844538,2000.8189964281455,26893.10891581635,0.7434822,62.0493,203.7881,256.0159,520.4248342455949,244.50528586762005,16980.353959240147
2451845.15441243,2000.821777994332,26893.441625080854,0.7434347,62.0542,203.6198,256.0135,521.7876185713567,243.33322204046345,16982.0963354198
2451846.67840144,2000.825950448843,26893.853677864085,0.7434544,62.0545,203.3858,256.0314,521.3635280998496,241.6150384165095,16981.7210419397
2451847.69440632,2000.8287321186033,26894.09869462772,0.7434742,62.0543,203.2297,256.0427,520.8938829183317,240.4688373027925,16981.23699974412
2451849.21844088,2000.8329046978236,26894.383431156355,0.7434928,62.055,202.9959,256.0607,520.4666896523104,238.75090878350625,16980.8167053565
2451850.74249115,2000.8370773200543,26894.13139431305,0.7433082,62.0246,202.7847,256.0818,525.3666970427275,237.0586647804755,16986.611782483487
2451851.25051254,2000.838468206817,26894.54247153809,0.743527,62.0546,202.6866,256.0818,519.5876913027869,236.459845545914,16979.813661135147
2451853.28258773,2000.8440317254754,26894.42660683504,0.7435794,62.0558,202.3728,256.1062,518.148707180605,234.16757882888533,16978.049632406208
2451855.31463452,2000.8495951663795,26894.04085559483,0.743619,62.0552,202.0617,256.1272,516.9847885982572,231.87464010339738,16976.52812994868
2451856.33064487,2000.852376851116,26893.785092386832,0.7436255,62.0576,201.9127,256.1454,516.7444061681263,230.74243359818297,16976.15690119658
2451873.09338377,2000.8982707290074,26893.614678040918,0.743976,62.039,199.3507,256.3255,507.27450433074864,211.83873755731872,16964.731745541765
2451874.10937507,2000.9010523615875,26893.853404614307,0.7439929,62.041,199.1914,256.3372,506.8811179404365,210.68974982848533,16964.336355528056
2451876.14139194,2000.9066157205748,26894.173202690617,0.7440655,62.0494,198.8654,256.3584,505.0104715440202,208.38214059306847,16962.192305343717
2451877.15739772,2000.9093973927995,26894.237054142905,0.7440704,62.0482,198.7106,256.3708,504.89503157197123,207.23833859216614,16962.07423548783
2451880.20545404,2000.917742516194,26894.04049125545,0.7441426,62.0502,198.2392,256.4037,502.90297558734255,203.7955941701655,16959.616924819235
2451881.22146074,2000.9205241909378,26893.855863862584,0.7441676,62.0511,198.084,256.4132,502.18339090603695,202.6484912623423,16958.692450840797
2451883.25343512,2000.9260874335935,26893.326865179384,0.7442156,62.0507,197.7706,256.4347,500.75717621379044,200.35382390637886,16956.80730005162
2451884.26939558,2000.9288689817386,26893.02485211464,0.7442364,62.0506,197.6147,256.4452,500.1205510663067,199.20706657407845,16955.944468494617
2451886.30126281,2000.9344319310333,26892.440340661014,0.7442847,62.0497,197.3019,256.467,498.6721494442327,196.91340482802963,16954.01441640079
2451888.33305859,2000.9399946847093,26891.958857498415,0.7443248,62.0506,196.989,256.4864,497.47065928267875,194.61731350465448,16952.414318216972
2451890.36480738,2000.9455573097327,26891.715892902,0.7443561,62.0445,196.6818,256.5028,496.56682855345025,192.32396849619948,16951.249042134725
2451895.44421041,2000.9594639573172,26892.214486219636,0.7444815,62.0423,195.8991,256.5578,493.3220071971118,186.5898753657974,16947.507452761478
2451896.96807391,2000.9636360682002,26892.586966445808,0.7445212,62.0411,195.6645,256.5755,492.34954708321493,184.8710154479486,16946.45784018957
2451897.98400106,2000.966417525147,26892.856908831618,0.7445487,62.04,195.5079,256.5879,491.6789580750192,183.72549094700634,16945.73819028936
2451899.50793188,2000.9705898203426,26893.26046893831,0.744571,62.0432,195.2768,256.6025,491.18232832044396,182.00696467661226,16945.27091061491
2451901.03188853,2000.9747621862564,26893.609031005653,0.744606,62.0427,195.0414,256.6198,490.3300848646577,180.28681294772173,16944.35792185381
2451903.06387377,2000.9803254586452,26893.90477569513,0.7446545,62.0438,194.7267,256.6419,489.1012619022604,177.99143488770665,16942.974575638782
2451905.09587366,2000.985888771143,26893.907417122584,0.744705,62.0435,194.4132,256.6644,487.74379405431137,175.69764238855794,16941.341605295827
2451906.11188069,2000.9886704467895,26893.827445916762,0.7447326,62.0425,194.2578,256.6765,486.98110816781355,174.55293915578545,16940.397750301232
2451908.14386088,2000.994233705352,26893.442535878617,0.7447797,62.0435,193.9433,256.6977,485.61617203970036,172.25686607327816,16938.630418971148
2451910.17578416,2000.9997968081038,26892.877764986104,0.7448258,62.0454,193.6272,256.7191,484.23226937811705,169.95944908262766,16936.782039021466
2451913.73145604,2001.0095317071593,26891.633206052626,0.7448992,62.0525,193.0773,256.7574,481.94084417059,165.94328542264736,16933.621342907554
2451915.76315333,2001.015094191184,26891.196834001785,0.7449534,62.0501,192.7637,256.7794,480.37202244291984,163.64919117375882,16931.59113597365
2451917.79482558,2001.020656606653,26891.005699148234,0.745008,62.0466,192.45,256.8014,478.85502523720606,161.35502160495673,16929.702157246735
2451920.8423742,2001.029000340041,26891.364933492743,0.7450977,62.0457,191.9776,256.8365,476.5344716866475,157.91397758521424,16927.02208556001
2451921.85825492,2001.0317816698705,26891.602335244275,0.745127,62.0454,191.8198,256.8489,475.80706199071483,156.767298846595,16926.22205007654
2451923.38213224,2001.0359538185903,26892.27705106785,0.7452115,62.0359,191.5677,256.877,473.70663142600006,155.0413253074937,16923.907997571714
2451924.906032,2001.040126028748,26892.586784300736,0.7452764,62.0411,191.3434,256.8805,472.0402190095083,153.31852965072426,16921.998980703196
2451925.92196336,2001.0429074972214,26892.852264016692,0.7453033,62.0423,191.1858,256.8944,471.3844252325798,152.1735010002525,16921.29386375856
2451927.95386342,2001.0484705364,26893.294076860973,0.7453619,62.0422,190.8696,256.9179,469.92100647313146,149.8781068960414,16919.67163506648
2451929.9858117,2001.054033707598,26893.53388928626,0.7454168,62.0439,190.5506,256.9426,468.5056168429419,147.5810652647756,16918.0419716722
2451931.00179632,2001.0568153218894,26893.559938356208,0.7454602,62.0435,190.3925,256.9561,467.3450679972011,146.4350841198384,16916.650598313146
2451934.04972396,2001.0651600929773,26893.186149352092,0.7455599,62.0432,189.918,256.9912,464.5686731597598,142.99156652813775,16913.180922390122
2451935.06568123,2001.0679416323883,26892.942974882848,0.7455878,62.0437,189.7608,257.0017,463.75648671448926,141.84351234022733,16912.122680978133
2451937.09754686,2001.0735045773035,26892.353550066688,0.7456471,62.0435,189.4455,257.0239,462.0118132847565,139.5477521707336,16909.82763310674
2451938.11345308,2001.0762859769472,26892.043732481397,0.7456764,62.0434,189.2879,257.035,461.1450734021055,138.39994829902628,16908.68188404562
2451943.19274496,2001.0901923202193,26890.969548726516,0.7458309,62.0423,188.4978,257.0912,456.7172283272257,132.659764721074,16902.99107220514
2451948.77980136,2001.1054888469812,26891.44579702225,0.7460151,62.0459,187.6341,257.1567,451.8848716121156,126.35481508678527,16897.307973559604
2451948.77982535,2001.105488912662,26891.069440741943,0.7457981,62.0055,187.663,257.1705,457.6246448685388,126.39749144167166,16904.11880541151
2451950.30362936,2001.1096608606713,26891.80340687878,0.7460847,62.0451,187.3935,257.1815,450.10402959864587,124.6370901583623,16895.271378211237
2451951.8274601,2001.1138328818615,26892.19918657414,0.7461346,62.0432,187.1563,257.2014,448.8626033793189,122.91786252983042,16893.898492234635
2451952.84336343,2001.116614273593,26892.44179780184,0.7461865,62.0342,186.9919,257.2241,447.528476246378,121.77486150647849,16892.36411491799
2451953.85929899,2001.1193957535663,26892.738785435846,0.7462064,62.0386,186.8263,257.2208,447.0686902153893,120.60462871611526,16891.903830129242
2451955.38320661,2001.1235679852432,26892.99570775603,0.7462581,62.0379,186.5878,257.2386,445.743527577858,118.88192531242498,16890.38455103653
2451956.90713525,2001.1277402744697,26893.112741049168,0.7463013,62.0384,186.3509,257.2561,444.6114413576115,117.16050119091892,16889.053522727685
2451957.923081,2001.1305217823406,26893.06456143033,0.746358,62.0368,186.1912,257.268,443.0743814903126,116.01135835741786,16887.17956416424
2451958.9390385,2001.1333033223825,26892.98778414718,0.7463897,62.0373,186.0341,257.2801,442.2023998339,114.86500394231814,16886.100446941244
2451960.97092399,2001.13886632167,26892.61474360537,0.7464535,62.0379,185.7179,257.3025,440.392044089539,112.56852419875702,16883.79114783016
2451961.98684766,2001.1416477690898,26892.347721552393,0.7464857,62.0376,185.5592,257.3139,439.4584079859487,111.4199031276828,16882.57608487429
2451964.01863876,2001.1472105099517,26891.727549249066,0.7465679,62.0395,185.2388,257.3396,437.09068543404555,109.12261641739485,16879.51253676407
2451972.6531191,2001.170850428747,26890.321229297653,0.7467064,62.0263,183.92,257.4505,433.00996932522776,99.404345651129,16874.122839555097
2451975.19268767,2001.177803388555,26890.81893845338,0.7468371,62.0207,183.5122,257.4885,429.6214058337782,96.53148012014566,16870.180336323545
2451976.20846928,2001.1805844470364,26891.04148545363,0.7469598,62.0207,183.3504,257.4984,426.37821568748404,95.3783990668993,16866.32411852086
2451978.24014288,2001.1861468662012,26891.45672457286,0.7470464,62.0241,183.0308,257.5209,424.15448772491345,93.07882816754898,16863.763488373796
2451980.27189309,2001.1917094951132,26891.949932914653,0.7471225,62.0245,182.7122,257.5455,422.23276916062423,90.78228175924153,16861.59314870283
2451981.79574106,2001.1958815634766,26892.218402203827,0.7471723,62.0235,182.4726,257.5619,420.9614265268683,89.05713714843466,16860.13850427936
2451982.81165368,2001.1986629806438,26892.334516336374,0.7471991,62.0244,182.3118,257.5745,420.2700688308996,87.90762696821218,16859.337795375082
2451983.82756988,2001.2014444076115,26892.444894226745,0.7472655,62.0286,182.1326,257.5884,418.5123141199483,86.74101325990273,16857.24249214704
2451985.85939554,2001.2070072430934,26892.27559394934,0.7473291,62.0289,181.8149,257.6115,416.7591773712147,84.44379248638654,16855.062778128624
2451987.8911883,2001.2125699885016,26891.836737050908,0.7473914,62.027,181.4988,257.6319,414.97292957499667,82.14550413941879,16852.75619046383
2451988.90705228,2001.215351272498,26891.5133658881,0.7474461,62.0251,181.3369,257.6463,413.42027745716587,80.99674190069925,16850.769566641957
2451990.43082836,2001.219523144038,26891.02527688325,0.7475002,62.0241,181.0964,257.6646,411.84220420796646,79.27266814629058,16848.699081217525
2451992.97036862,2001.226476026338,26890.248386859934,0.7476019,62.0209,180.6917,257.6968,408.9113013715114,76.39713051826709,16844.8944316834
2451996.01760552,2001.234818906283,26889.305394981802,0.7476407,62.0243,180.2339,257.7291,407.62998696382965,72.96819373813213,16843.037687679454
2451998.04905464,2001.2403807108553,26889.077876541935,0.7476748,62.0282,179.9179,257.7487,406.65565301401966,70.66954409211053,16841.78240422692
2451999.57264262,2001.2445520674064,26889.16864662699,0.7476838,62.0173,179.6668,257.7796,406.43655407606457,68.94765573369637,16841.545545943318
2452001.60409919,2001.2501138923747,26889.393071439576,0.7477905,62.016,179.3428,257.8033,403.62408185123877,66.64509874510469,16838.203406271823
2452003.63558347,2001.2556757932105,26889.618593503837,0.747863,62.0218,179.028,257.8289,401.7314633102751,64.35361444424495,16835.977606039338
2452005.66710434,2001.2612377942235,26889.94145245671,0.7479455,62.0229,178.7088,257.8533,399.59444782824903,62.056494079515346,16833.485628919
2452006.68288303,2001.2640188447085,26890.105799216035,0.7479789,62.023,178.5493,257.8663,398.7377426348039,60.90881590491642,16832.497617248308
2452007.6986632,2001.2667998992465,26890.210691092114,0.7480256,62.0224,178.3881,257.8778,397.5084047615219,59.75793627125802,16831.03780684302
2452009.73025117,2001.2723620839706,26890.316585577526,0.7481029,62.022,178.0669,257.9013,395.45646598888015,57.45784977061612,16828.578612395275
2452011.76183936,2001.277924269295,26890.49787425773,0.7481494,62.019,177.7279,257.926,394.25172393053435,55.14116305380003,16827.172588227804
2452013.79347211,2001.2834865766183,26889.978965180046,0.7482181,62.0186,177.406,257.9531,392.27369481306596,52.84393241741793,16824.602647051623
2452018.87208214,2001.2973910530864,26888.17841098777,0.7484309,62.0149,176.596,258.025,386.0985434916229,47.10022088887297,16816.519158986055
2452020.90329052,2001.3029521985488,26887.29941085255,0.7485012,62.0181,176.2987,258.0347,383.98723707012323,44.8106085224249,16813.67031138172
2452022.93452405,2001.3085134128678,26886.924382949455,0.7485868,62.0149,175.976,258.0618,381.59139727534784,42.51297136757381,16810.63574834817
2452024.9657404,2001.3140745801504,26886.741060961405,0.7486625,62.013,175.6538,258.0863,379.50998140938646,40.21325114588831,16808.0443809265
2452026.48913341,2001.3182454029024,26886.77965480447,0.7487208,62.0117,175.4115,258.1058,377.95218223554457,38.48895495508259,16806.16069152212
2452028.52035544,2001.3238065857363,26887.076031007233,0.7488149,62.0105,175.0868,258.1352,375.49658155615634,36.1916291349055,16803.265918253168
2452030.55159273,2001.3293678103491,26887.39298781457,0.7488647,62.0139,174.7417,258.1665,374.2372042127063,33.875788274346746,16801.833629108733
2452032.58288412,2001.3349291830796,26887.84540931905,0.7489465,62.0173,174.4203,258.195,372.15139746848035,31.58079409134433,16799.4378046058
2452033.59854599,2001.3377099137301,26888.03375700066,0.7489833,62.017,174.258,258.208,371.20920317090713,30.43043105713059,16798.35025926308
2452034.6142207,2001.3404906795352,26888.20126085152,0.7490291,62.0174,174.0974,258.2205,370.01976981704047,29.281255367333074,16796.954744641655
2452035.62990923,2001.3432714831756,26888.35775186056,0.7490821,62.0188,173.9383,258.232,368.6339615455736,28.132566056742007,16795.316257467883
2452036.64559847,2001.3460522887606,26888.406911809827,0.7491202,62.0206,173.7781,258.2444,367.6218483534667,26.983676046224844,16794.098671044932
2452038.67697061,2001.3516138825735,26888.26034299518,0.7491924,62.0208,173.4553,258.2691,365.6437448017987,24.683402273580782,16791.64124201566
2452039.69264697,2001.3543946528953,26888.076087890553,0.7492306,62.0209,173.2934,258.2808,364.570407714662,23.53212495765979,16790.274234458146
2452040.70831308,2001.357175395154,26887.829660725645,0.749266,62.0195,173.1313,258.2924,363.5567821523846,22.380557744542273,16788.960068532335
2452042.7395939,2001.3627367389454,26887.177434322864,0.7493398,62.0181,172.8071,258.3167,361.40897312285597,20.078573979654664,16786.13360465178
2452044.26300343,2001.3669076069264,26886.616178059885,0.7493992,62.0175,172.5641,258.3355,359.6712235147479,18.352861506500005,16783.835712066495
2452045.7863672,2001.371078349623,26886.064689935425,0.7494542,62.0146,172.3199,258.354,358.0542865916241,16.62569413567212,16781.687964610435
2452046.80191493,2001.3738587677751,26885.720649942265,0.7494949,62.0134,172.1577,258.3665,356.873839985853,15.475043600941603,16780.13848273719
2452048.83295764,2001.3794194596574,26885.17193803059,0.7495761,62.0092,171.8338,258.392,354.5533088921793,13.174794523376193,16777.132695457527
2452051.87941575,2001.3877602073924,26884.776052810765,0.749701,62.0085,171.3457,258.4304,351.0962612424828,9.722425338771814,16772.78786988606
2452053.910371,2001.393320659822,26884.84121360589,0.7497829,62.0085,171.0206,258.4557,348.9107024289451,7.420862464117761,16770.140721190914
2452055.43358803,2001.3974910007662,26885.026869433026,0.749789,62.0042,170.7818,258.4774,348.79315802770543,5.7024397242053055,16770.05631262545
2452056.95688397,2001.4016615577555,26885.447883198558,0.7498843,62.003,170.5339,258.5043,346.336317119727,3.9800392080337588,16767.19046430807
2452057.97240345,2001.4044418985625,26885.583401079668,0.749938,62.0089,170.367,258.5099,344.926456440784,2.8178165175152117,16765.51176504938
2452059.49571389,2001.40861249525,26885.92798277909,0.7500086,62.0097,170.1224,258.5302,343.1144767141195,1.092101709998019,16763.40808905722
2452060.51126987,2001.4113929359896,26886.134045362276,0.7500542,62.01,169.9603,258.543,341.9399828753103,359.9418430437314,16762.038778444876
2452061.52684031,2001.414173416318,26886.304341227715,0.750099,62.0102,169.7977,258.5564,340.7780411771482,358.7916701255904,16760.67323901947
2452063.55799017,2001.4197344015608,26886.488930064366,0.7501886,62.0107,169.47,258.5824,338.41514070388166,356.4880154381103,16757.84431600544
2452064.57357975,2001.4225149342917,26886.485198207396,0.7502349,62.0109,169.3072,258.596,337.1693641787888,355.33782365500747,16756.320417774292
2452065.58915745,2001.425295434497,26886.3878063004,0.7502793,62.0106,169.1432,258.6093,335.9512834608013,354.1861435810963,16754.80040856419
2452067.6202926,2001.4308563794655,26885.987598535718,0.7503677,62.0099,168.8157,258.6356,333.47462199394886,351.88300339241533,16751.645035744852
2452069.14360663,2001.4350269859826,26885.530613521994,0.7504304,62.0093,168.5705,258.6544,331.67482100443704,350.1551850462548,16749.298765367217
2452069.65136834,2001.4364171617797,26885.356325408706,0.7504516,62.0092,168.4887,258.6608,331.061354435622,349.5793217593314,16748.493064965664
2452071.6823641,2001.44197772512,26884.615427676592,0.7505407,62.0084,168.1588,258.6878,328.4810453574046,347.27461895675594,16745.10126006077
2452076.75951619,2001.4558782099652,26883.093202741835,0.7507551,62.0071,167.351,258.7588,322.33757700806837,341.5336444125115,16737.09950768785
2452083.35950788,2001.4739480024098,26883.044522035343,0.7510152,62.002,166.2974,258.8357,315.3331637100655,334.0518191324777,16728.50637840366
2452085.39014824,2001.4795075927177,26883.420597591943,0.7511002,62.0023,165.9679,258.8656,313.14171005651497,331.7507666216263,16725.94069611234
2452087.42097431,2001.4850676914716,26883.80605911327,0.751194,62.0023,165.6363,258.8953,310.71595034373513,329.44723107020445,16723.090142563724
2452088.94412687,2001.489237855907,26884.02564004287,0.7512652,62.0021,165.3897,258.9152,308.8564407709364,327.71927187349405,16720.88038489108
2452090.46728502,2001.4934080356463,26884.222657001468,0.7513538,62.0034,165.1271,258.9304,306.52350361731897,325.9706071673319,16718.08249190636
2452091.48275047,2001.496188228528,26884.20118061268,0.7513993,62.0032,164.9623,258.9438,305.29493244113837,324.818337729953,16716.569085813455
2452093.51362714,2001.5017484658176,26883.905520619952,0.7514882,62.0034,164.6335,258.9731,302.8314519591995,322.5171523056905,16713.45385475929
2452096.55986504,2001.5100886106495,26883.010400176187,0.7516226,62.0026,164.1387,259.0135,298.99592736872,319.06030016613727,16708.464416372743
2452097.57523978,2001.512868555181,26882.600764335508,0.7516754,62.0028,163.9723,259.0304,297.4747817633097,317.9100201348074,16706.467869232514
2452100.62116086,2001.5212078326083,26881.25868390037,0.7518231,61.9862,163.5206,259.0744,293.171148268475,314.5001802610202,16700.759853003976
2452102.6517223,2001.5267672068442,26880.288006773942,0.7516679,61.9654,163.1863,259.105,297.10206932698566,312.1951055360661,16705.278012625873
2452102.65172384,2001.5267672110604,26880.612405144017,0.7519095,61.9862,163.1906,259.1019,290.6882718983816,312.19630401825884,16697.506341590975
2452105.69745914,2001.535105979849,26880.26308144878,0.7519337,61.9871,162.6981,259.1374,289.95110564159586,308.73734725434645,16696.49041548129
2452111.28126699,2001.550393612567,26880.48259003946,0.7521603,61.9892,161.7802,259.2147,283.9144409706023,302.39319947585943,16689.143117315667
2452112.29646766,2001.55317308052,26880.92143871759,0.7523605,61.9893,161.6027,259.244,278.6416446233043,301.24439101273606,16682.79973974509
2452114.83465492,2001.5601222585074,26881.34420229907,0.7524821,61.9939,161.1829,259.2877,275.4775661302401,298.36658693736047,16679.041816692166
2452116.3575773,2001.564291792745,26881.544718317902,0.7525577,61.994,160.9321,259.3093,273.49495265343376,296.63635461174715,16676.66605641408
2452118.38818199,2001.5698512853935,26881.619321420872,0.7526533,61.9945,160.5972,259.3388,270.94352980969325,294.3295372583039,16673.549971314438
2452120.41877904,2001.5754107571258,26881.40033549008,0.7527545,61.9937,160.263,259.3678,268.1689666484126,292.0229274346897,16670.065632400605
2452122.44933728,2001.5809701226005,26880.89014377431,0.752847,61.9934,159.9292,259.3955,265.5563417042513,289.71545586376385,16666.687823152148
2452123.46459408,2001.5837497442303,26880.527347417752,0.7528931,61.9925,159.7639,259.4087,264.2274831856239,288.56269207709613,16664.93685823091
2452125.49502882,2001.5893087715808,26879.688632393285,0.7529829,61.9899,159.4312,259.4368,261.606434876755,286.25684223091054,16661.44380732032
2452127.52537882,2001.5948675669267,26878.81623806211,0.7530761,61.9846,159.1022,259.4637,258.88583288562404,283.9535759063451,16657.81671081229
2452128.54050823,2001.5976468397816,26878.384660532534,0.7531252,61.98,158.9402,259.4756,257.4595373920356,282.80293767863645,16655.9229874632
2452131.58575381,2001.6059842677896,26877.191977663748,0.7532487,61.9792,158.4429,259.5148,253.84576083810043,279.34336359576884,16651.09260797872
2452132.60076102,2001.6087632060783,26877.025008982513,0.7532878,61.9799,158.2777,259.5303,252.75366942109667,278.1932458118206,16649.693575168316
2452138.18347441,2001.6240478423267,26876.6977178766,0.7534903,61.9817,157.3497,259.6192,247.23039142444668,271.8516767623561,16642.778715986224
2452140.21348267,2001.6296057020397,26876.8614076538,0.7535908,61.9844,157.0128,259.6501,244.5696179708466,269.54484726568853,16639.54743750757
2452141.73603071,2001.6337742113892,26876.82521381067,0.7536666,61.9891,156.7593,259.671,242.52343612370987,267.811583899864,16637.010834901404
2452143.25855633,2001.637942659357,26876.89087207838,0.7537363,61.9887,156.5074,259.6926,240.66629065424786,266.080642631513,16634.739132409093
2452145.28861769,2001.6435006644492,26876.755281830792,0.7538241,61.9997,156.1642,259.7283,238.27312058444932,263.7722607982649,16631.74175399106
2452146.30363259,2001.646279623792,26876.535303705412,0.7538812,61.9839,156.0033,259.7396,236.68431710561072,262.62223543491905,16629.710512682275
2452148.33362005,2001.6518374265572,26875.804470297815,0.7539672,61.9794,155.6686,259.765,234.19312607988923,260.3121264394341,16626.4035248343
2452150.36350974,2001.6573949616434,26874.87065444566,0.7540538,61.9799,155.33,259.7969,231.6360129524237,258.0047138084126,16622.950524008847
2452152.39320853,2001.662951974072,26872.898087380003,0.7541408,61.9641,154.9762,259.8339,228.81292544477856,255.68738933407792,16618.841345848246
2452152.39324768,2001.662952081259,26873.50444707378,0.7541428,61.9798,154.9919,259.8287,228.90825754510752,255.69785074680203,16619.149907588777
2452155.43750094,2001.671286792444,26870.956148397112,0.7542231,61.9728,154.4892,259.8796,226.12400218898074,252.24555472016095,16614.90694176451
2452156.45217555,2001.6740648201237,26870.23396458402,0.7542729,61.9711,154.3206,259.8949,224.60836843873312,251.09216475548646,16612.80610807297
2452158.48142093,2001.6796205911842,26868.641169139788,0.7543805,61.9774,153.977,259.9266,221.32590964352949,248.78018717370753,16608.246429876577
2452161.52477495,2001.6879528403833,26865.712375763305,0.7546117,61.9645,153.5163,259.9489,214.39518817751832,245.34217746201455,16598.75180391049
2452168.62464876,2001.7073912354826,26861.326720570043,0.7547119,61.9801,152.2662,260.1015,210.62749476785666,237.24685522621166,16592.710859255367
2452170.14581513,2001.7115559620256,26860.230631808514,0.7548139,61.9814,152.0205,260.1199,207.61889371366397,235.52025367077704,16588.641806081218
2452171.15986652,2001.714332283423,26859.314964480618,0.7549022,61.9841,151.849,260.1278,205.0227073012784,234.3571779677664,16585.139217224565
2452173.18774324,2001.7198843072965,26857.06349018261,0.7550684,61.9867,151.518,260.143,200.00723195201135,232.04264937327036,16578.21921434887
2452174.20159066,2001.7226600702534,26855.6964588482,0.7550697,61.9856,151.3469,260.1499,199.63749037462821,230.87917470880177,16577.33211751828
2452177.24271918,2001.7309862263653,26851.03011225611,0.7550652,61.9854,150.8401,260.2016,198.6153903394279,227.42665850846765,16574.601425402067
2452178.25619215,2001.7337609641343,26849.504926522342,0.7551142,61.9848,150.67,260.2185,196.9261935353661,226.27455291164506,16572.029622322832
2452180.282795,2001.739309500342,26844.55240160704,0.7552115,61.9777,150.3379,260.2433,193.10141556078452,223.96977987690514,16565.735373246294
2452183.32187726,2001.7476300541005,26838.552325047818,0.755155,61.9817,149.8185,260.3043,193.14904402633238,220.5159805238012,16563.91234311766
