jd,year,a_km,e,i_deg,raan_deg,argp_deg,hp_km,azimuth_deg,lambda
2455832.22957884,2011.7377948770434,12389.616634019498,0.4699481,63.3939,320.6061,210.8426,189.00353713363984,345.38254426439664,10743.026984559152
2455832.22965218,2011.7377950778368,12383.93519613725,0.4700587,63.408,320.5765,210.9237,184.62241695672856,345.43397197877266,10737.281833535424
2455832.3883972,2011.7382296980152,12384.182083164864,0.4700177,63.4178,320.4473,210.9185,185.26100405450597,345.143108714547,10737.799453026124
2455832.7059049,2011.7390989867217,12384.298113047103,0.4699755,63.4323,320.2087,210.9165,185.84511521873446,344.5895647801923,10738.212471128014
2455832.70590526,2011.7390989877072,12384.47796276964,0.4700138,63.4292,320.202,210.9216,185.46611447202304,344.5879644254102,10738.084871912362
2455832.86464577,2011.7395335955368,12383.552898070397,0.4699782,63.4234,320.1073,210.9203,185.41669743048806,344.33550560674905,10737.546321708875
2455833.18209914,2011.7404027354955,12382.996199465015,0.470003,63.4226,319.8808,210.9214,184.8145367278603,343.7972152215689,10736.880042549768
2455833.34081498,2011.7408372757843,12382.759565162565,0.4700091,63.4229,319.7664,210.9268,184.61358642411687,343.53178071765547,10736.629710078196
2455833.34081498,2011.7408372757843,12382.759565162565,0.4700091,63.4229,319.7664,210.9268,184.61358642411687,343.53178071765547,10736.629710078196
2455833.81693992,2011.742140834826,12381.452999684825,0.4698931,63.43,319.4087,210.9224,185.35736715862367,342.7003994626499,10736.35530219506
2455834.13429313,2011.7430097005615,12380.755518979167,0.4698668,63.433,319.1765,210.9234,185.313241694088,342.1564077978153,10735.945081752525
2455834.92760445,2011.745181668583,12378.960512325053,0.4697926,63.4306,318.6076,210.9217,185.2801679425338,340.8038993101479,10734.937381314727
2455836.03795007,2011.7482216292133,12376.463835321661,0.4696892,63.4292,317.8078,210.9208,185.23613768049927,338.9088134832597,10733.536768261132
2455836.6722832,2011.7499583386723,12375.035487099238,0.4696289,63.429,317.3504,210.9208,185.22488383185828,337.8261980779488,10732.743706431113
2455836.98940801,2011.7508265790832,12374.285464802171,0.4696016,63.429,317.1222,210.9206,185.1649116743274,337.28523153003596,10732.29495899669
2455837.62356694,2011.7525628116084,12372.850840727775,0.4695416,63.4283,316.6652,210.9206,185.14636041111044,336.203187820983,10731.493981182348
2455837.94060762,2011.7534308216837,12372.121793569317,0.4695123,63.4287,316.4359,210.9202,185.12213439046172,335.66100419390114,10731.078078278311
2455838.73308621,2011.7556005098158,12370.32517008227,0.4694361,63.4284,315.864,210.9203,185.11166650701216,334.3081164663233,10730.08246611717
2455839.0500294,2011.756468252977,12369.583309741665,0.4694097,63.4272,315.6356,210.9212,185.04461919082405,333.76822892832365,10729.633887955773
2455840.00068595,2011.7590710087607,12367.380574651246,0.4693021,63.4268,314.9482,210.9236,185.2065994682098,332.14623684618357,10728.517334693206
2455840.63430757,2011.7608057702116,12365.935650317655,0.4692482,63.4268,314.4902,210.925,185.10630509026578,331.06512272378734,10727.661563548365
2455840.95104313,2011.7616729449142,12364.959524763399,0.4692808,63.4086,314.2372,210.9369,184.18512701481177,330.5118398309012,10726.57425788903
2455840.9510805,2011.7616730472284,12365.134403949181,0.4692118,63.4263,314.2607,210.9263,185.13113303025784,330.524702997801,10727.23498155473
2455841.58451795,2011.7634073044496,12363.677775333099,0.4691485,63.426,313.8032,210.9269,185.14059255223856,329.4434703981681,10726.438130016122
2455842.05953776,2011.7647078378097,12362.531647352682,0.4690974,63.4276,313.459,210.9259,185.1638941618221,328.630078388519,10725.820540952833
2455842.8510781,2011.7668749571528,12360.703583891373,0.4690217,63.4264,312.8874,210.9283,185.1290757785482,327.2807154250148,10724.79246665915
2455843.48419338,2011.7686083323204,12359.194886220195,0.4689557,63.425,312.4284,210.9294,185.1436969163833,326.19880036469135,10723.969761311455
2455843.95893684,2011.7699081090755,12358.025430537744,0.468897,63.4239,312.0845,210.9323,185.2480802348873,325.38988073281655,10723.38745181397
2455844.59182197,2011.771640854127,12356.558082835627,0.4688479,63.4236,311.6264,210.9341,185.07547447011711,324.30979251421513,10722.475798979061
2455844.90823384,2011.7725071426146,12355.751226589371,0.4688078,63.4247,311.3969,210.9335,185.1423767047063,323.76782865870905,10722.070912627254
2455846.015423,2011.7755384613274,12353.141994931462,0.4687013,63.4226,310.5945,210.9359,185.07198282249283,321.8765539221107,10720.590546702058
2455846.64794532,2011.777270213059,12351.667359666928,0.4686378,63.4226,310.1365,210.9361,185.0728419008101,320.7953232987916,10719.778012887868
2455846.96417098,2011.7781359917312,12350.896372534484,0.4685948,63.4207,309.9072,210.9388,185.19425702596163,320.25704297678703,10719.425207519456
2455847.59652016,2011.7798672694314,12349.41591312893,0.4685306,63.4205,309.4492,210.9391,185.2003657010846,319.17608300465645,10718.61245604313
2455847.91265741,2011.7807328060503,12348.628712630689,0.4683912,63.4277,309.2146,210.937,186.50339156714472,318.6277898218585,10718.954063664723
2455848.86089325,2011.7833289342916,12346.34142635751,0.4684969,63.4191,308.5333,210.9218,183.9824417674381,316.99668365505283,10716.191718633712
2455849.49288258,2011.7850592267762,12344.836261787927,0.4684168,63.4189,308.074,210.9313,184.17126351726438,315.92397836054465,10715.473988210217
2455849.96680906,2011.7863567667623,12343.69492406962,0.4683835,63.4189,307.7295,210.9325,183.975592601656,315.1135639655438,10714.727973569905
2455850.59861402,2011.788086554469,12342.207303882133,0.4683205,63.4188,307.2709,210.9331,183.96230822440157,314.03284039115465,10713.89946599069
2455850.91447739,2011.7889513412451,12341.465714806143,0.4683069,63.4186,307.041,210.9355,183.7358644489941,313.4940171517658,10713.3556036096
2455851.70400923,2011.7911129616148,12339.604397302926,0.4682253,63.4182,306.4671,210.937,183.75312649444368,312.1434338186948,10712.33900169731
2455852.0197713,2011.7919774710467,12338.861549848767,0.4681994,63.4175,306.2366,210.9377,183.67767552650366,311.6024104232041,10711.884254292541
2455852.96688931,2011.7945705388368,12336.628693531291,0.4681144,63.4172,305.5471,210.9397,183.53885463610732,309.98140601873126,10710.56961911347
2455853.5981538,2011.7962988468166,12335.142085231217,0.4680474,63.4179,305.0883,210.9388,183.5746036081673,308.8995151460156,10709.77050068487
2455853.91374602,2011.7971628912246,12334.374530480418,0.4680127,63.4166,304.8582,210.94,183.59430365904427,308.3595591591045,10709.358610318897
2455854.86033603,2011.799754513429,12332.104680075145,0.467921,63.4165,304.1696,210.942,183.5176260697026,306.7399751656001,10708.060191629585
2455855.4912383,2011.8014818297063,12330.612964710486,0.4678572,63.4165,303.7099,210.9439,183.51060875733947,305.6603413057355,10707.232581346569
2455855.96435244,2011.8027771456266,12329.456220478867,0.4678387,63.4174,303.3633,210.9467,183.12315058312106,304.85022757444995,10706.363706174612
2455856.59505095,2011.8045039040385,12327.965940756596,0.4677916,63.4171,302.9042,210.9495,182.910728584563,303.77229454613314,10705.414715874474
2455856.9103644,2011.805367185216,12327.141744815257,0.4676694,63.4133,302.6766,210.9468,183.9784613025522,303.23121332225446,10705.594101016086
2455857.69850016,2011.8075249833269,12325.257577054545,0.4675976,63.413,302.1026,210.9524,183.8604146420248,301.8860060023378,10704.483495105776
2455858.01370245,2011.8083879601638,12324.45202653248,0.4676491,63.4133,301.8725,210.9557,182.7968283313894,301.3485343410058,10703.406831174052
2455858.95912587,2011.8109763884186,12322.104396875387,0.4675035,63.4146,301.1803,210.9541,183.34116397075377,299.7229001692905,10702.433622625245
2455859.58923904,2011.8127015442572,12320.59584283403,0.4675303,63.415,300.7185,210.9654,182.2076722550828,298.6513440674262,10700.927267176337
2455863.83918684,2011.8243372671875,12309.586264251404,0.4671493,63.4137,297.6062,210.9747,181.0353576167454,291.3594838125092,10694.148941517811
2455864.94021849,2011.8273517275568,12307.219125287646,0.4670215,63.4114,296.8012,210.9814,181.34688856712182,289.4759780795898,10693.025464964505
2455865.56925861,2011.8290739455435,12305.808786800993,0.4669651,63.412,296.3403,210.9822,181.28925609158887,288.39587960431686,10692.211708523952
2455865.88372638,2011.8299349113754,12305.12772697625,0.4669568,63.4117,296.1102,210.9838,181.02835999614763,287.85743190488665,10691.680517001025
2455866.82697158,2011.8325173759886,12302.968732497004,0.4668765,63.4108,295.4196,210.985,180.86545105936602,286.238344644131,10690.390380809165
2455867.76995451,2011.8350991225464,12300.711870879602,0.4668442,63.4135,294.7292,210.9835,180.05957808831226,284.61701588333466,10688.66487432301
2455868.39843548,2011.8368198096646,12299.006921952507,0.4669015,63.4097,294.2656,210.9925,178.44584158249745,283.5429685207773,10686.765556376844
2455868.86969108,2011.8381100371798,12297.97501974938,0.4665766,63.4142,293.9208,210.9784,181.89134814978115,282.71958661524616,10688.236920204632
2455869.49800362,2011.8398302631626,12295.806158625495,0.4665514,63.4054,293.4608,210.992,181.04428119014847,281.6539052614162,10686.535500871725
2455869.81199141,2011.84068991488,12295.532410092965,0.466568,63.4101,293.2309,210.9974,180.6941445807106,281.11993064325475,10686.176674825916
2455871.8527608,2011.8462772369614,12289.756774012905,0.4663963,63.4035,291.7321,211.0067,179.72338671335,277.61899469388743,10682.406735969831
2455872.48042206,2011.8479956798358,12288.208021934115,0.466339,63.4029,291.2714,211.0066,179.6010811933811,276.5395552591324,10681.477423429084
2455872.79421964,2011.8488548107873,12287.407701511322,0.4663111,63.4027,291.0409,211.0075,179.51680007110554,276.00066811654995,10680.984696089066
2455873.57856285,2011.8510022254625,12285.346482744502,0.466237,63.402,290.4629,211.009,179.32709466915367,274.65109883354535,10679.731804884126
2455873.8922365,2011.8518610171118,12284.628086124007,0.4662057,63.4006,290.2331,211.0113,179.3281499929044,274.11443383978934,10679.334863968197
2455874.51952695,2011.853578444764,12283.039860474495,0.4661363,63.4015,289.7716,211.013,179.33280716039644,273.03635988492806,10678.458618097558
2455874.83312071,2011.8544370176871,12282.231985145112,0.4661059,63.4011,289.541,211.0136,179.27489170026183,272.49727363264134,10677.977199249955
2455875.46021314,2011.85615390319,12280.639875054745,0.4660353,63.4007,289.0799,211.0141,179.29188669164523,271.41859485162877,10677.105967742667
2455875.93045452,2011.857441353922,12279.414942719108,0.4660106,63.4029,288.7333,211.0154,178.9411176136109,270.60981258804793,10676.22038991781
2455876.71402438,2011.8595866512796,12277.40950405583,0.4659232,63.4006,288.157,211.0171,178.94328021572437,269.2629055393679,10675.111417700276
2455877.34074753,2011.8613025257498,12275.81153263522,0.4658645,63.4003,287.696,211.0194,178.81043088987917,268.18649073007964,10674.148094011305
2455877.81070908,2011.8625892103496,12274.576036870756,0.4657992,63.3978,287.35,211.0204,178.95203855718773,267.3782842741423,10673.547680440794
2455878.43720791,2011.8643044706646,12272.970478763535,0.4657285,63.3976,286.8887,211.0217,178.9620471447115,266.3007905607567,10672.664453840629
2455878.75041393,2011.8651619820125,12272.128410853009,0.4656836,63.3977,286.6578,211.0227,179.0631728247008,265.76218647552156,10672.257851677747
2455878.75041394,2011.8651619820391,12272.128410853009,0.4656836,63.3977,286.6578,211.0227,179.0631728247008,265.76218646588364,10672.257851677747
2455879.53328343,2011.8673053618895,12270.122129221885,0.4656087,63.3974,286.0813,211.0252,178.91021579365133,264.41656971976875,10671.056206648489
2455879.84637983,2011.8681625731144,12269.298757435152,0.4656027,63.3971,285.8497,211.0263,178.5438288666992,263.87747367881434,10670.383635494212
2455880.47247359,2011.8698767244084,12267.689202677788,0.4655393,63.398,285.3878,211.0287,178.46145864561277,262.8008792129756,10669.443353439352
2455880.78547595,2011.8707336781663,12266.841807750647,0.4654942,63.3936,285.1585,211.0309,178.56179392520608,262.2652758601505,10669.033169402872
2455881.56783426,2011.8728756584803,12264.824407076347,0.4654025,63.3939,284.5809,211.0318,178.60816596199766,260.91746294707934,10667.9428063149
2455881.88072739,2011.8737323131822,12263.971162716398,0.4653836,63.3944,284.3497,211.0327,178.38381271525486,260.3787672543799,10667.337533895958
2455882.81920271,2011.876301718576,12261.514820692688,0.4652633,63.3912,283.657,211.0367,178.54567221829984,258.76508131258214,10666.071893243996
2455883.44469202,2011.8780142149756,12259.595271759412,0.4652286,63.3972,283.1891,211.0402,177.94462691216086,257.684182608783,10664.65323189066
2455883.75733026,2011.878870171827,12259.007333193636,0.4651275,63.3898,282.9604,211.0502,178.8695998236126,257.15733814231714,10664.873264382531
2455884.5389782,2011.881010207255,12256.974721462226,0.4650042,63.3851,282.3895,211.0497,179.29369668846084,255.8155253881498,10663.99665886842
2455884.85157306,2011.8818660453383,12256.091133951215,0.4650165,63.3893,282.1554,211.0567,178.67023116019027,255.28032367822493,10663.138974336236
2455885.47662891,2011.8835773549893,12254.293978757505,0.464825,63.4,281.6846,211.0435,180.0554800815471,254.1802522038749,10662.959466120594
2455885.78908729,2011.8844328194111,12253.594075980393,0.4646702,63.3899,281.4666,211.0476,181.57776597576776,253.65838501196453,10663.468690575948
2455886.57022967,2011.8865714706915,12251.514193300438,0.4647183,63.3977,280.8773,211.0462,179.87504496398833,252.29777055109673,10661.311355612059
2455886.72638825,2011.8869990095825,12251.137274595274,0.4647068,63.3976,280.7601,211.0479,179.81417535738274,252.02835655029594,10661.066408471435
2455887.35110463,2011.8887093898156,12249.537226980732,0.4646383,63.3963,280.2992,211.0503,179.7967740496897,250.95411966637465,10660.168595599018
2455887.50726282,2011.8891369276384,12249.152936746083,0.464621,63.3966,280.1828,211.0508,179.80295012218176,250.6843060501892,10659.95905334086
2455887.81956047,2011.8899919520056,12248.311416439949,0.4646015,63.3964,279.9509,211.0513,179.59125989482345,250.14509727797042,10659.36746267586
2455888.28793788,2011.8912742994662,12247.099143311772,0.464552,63.3925,279.6061,211.0547,179.54844208800114,249.34205219216926,10658.66967911245
2455888.44404771,2011.8917017048868,12246.691720152616,0.4645224,63.3933,279.4901,211.0547,179.69279024719435,249.07218624072937,10658.5286814239
2455888.75624675,2011.892556459274,12245.804135517237,0.4644343,63.3911,279.2579,211.0548,180.29636390118412,248.53237466141087,10658.391753078105
2455889.38054845,2011.8942657041757,12244.171446268892,0.4643558,63.3919,278.7954,211.0575,180.3831189995435,247.45724649675788,10657.53680589318
2455889.53660366,2011.8946929600543,12243.679064351158,0.4643681,63.3932,278.6779,211.0546,179.96878022863348,247.18303438042852,10657.019538893102
2455889.69264247,2011.8951201710333,12243.266321512137,0.4643535,63.3929,278.562,211.0552,179.9264536858509,246.9139384280346,10656.765553086008
2455890.31675228,2011.8968288905685,12241.610146709552,0.4642808,63.393,278.1001,211.058,179.9292945071229,245.839699395376,10655.84804127854
2455890.47275823,2011.8972560115806,12241.213084703506,0.4642685,63.3938,277.9837,211.058,179.86714768783622,245.56953583097606,10655.591065038536
2455890.78475215,2011.8981102043808,12240.418509924137,0.464242,63.3945,277.7524,211.0587,179.76584003993503,245.0314264229329,10655.090386209093
2455891.40864776,2011.899818337467,12238.77944568614,0.4641447,63.397,277.2889,211.0563,180.07853150197843,243.9505985118842,10654.364594528084
2455891.56460521,2011.9002453256946,12238.443751302073,0.4641736,63.3955,277.1725,211.0592,179.54495686268365,243.68338274992107,10653.864176263256
2455892.34427181,2011.9023799365086,12236.449515227243,0.4640929,63.397,276.5939,211.0573,179.4638740018372,242.33442285687647,10652.70933619082
2455892.50018331,2011.902806798932,12236.115532166514,0.4640723,63.3957,276.479,211.0607,179.5369540882757,242.06925238449884,10652.56691444783
2455892.81198685,2011.9036604705,12235.36868047074,0.4640291,63.3961,276.2478,211.0618,179.6652635037135,241.53183062001557,10652.22774235556
2455893.43550288,2011.9053675643527,12233.803331015597,0.4639538,63.3985,275.7847,211.0602,179.74748713825193,240.45257683306403,10651.406913448602
2455893.59136436,2011.9057942898287,12233.45770725919,0.4639789,63.3988,275.6697,211.0587,179.25515704854752,240.18245566165206,10650.925352285663
2455893.74721883,2011.9062209961123,12233.058103070352,0.4639678,63.3985,275.5541,211.0592,179.17674771662678,239.91374139954496,10650.65732591868
2455894.37055013,2011.9079275842028,12231.49577951594,0.4638956,63.3984,275.0919,211.0601,179.2224059799246,238.8380696870363,10649.816581832074
2455894.52636447,2011.9083541806158,12231.095039624908,0.4638901,63.3987,274.9762,211.0586,179.074838583806,238.5672949783317,10649.507230056926
2455894.68217005,2011.9087807530464,12230.680828431558,0.4638963,63.3982,274.8595,211.0594,178.77694564122248,238.29782890327567,10649.101977951052
2455895.46108498,2011.9109133059003,12228.663593815054,0.4638201,63.3971,274.2814,211.0616,178.6273228653963,236.95420987592405,10647.893628923106
2455895.77259107,2011.9117661630933,12227.745626981996,0.4638183,63.3959,274.0506,211.0618,178.15713744277218,236.41658128643303,10647.107268781845
2455896.39549786,2011.9134715889388,12225.797384920275,0.4637636,63.4001,273.5849,211.0683,177.78127681906153,235.34342798200782,10645.804110232377
2455896.55117147,2011.9138978000547,12225.389332599314,0.4637296,63.3952,273.4715,211.0679,177.9781275487676,235.07619198031932,10645.693182958214
2455896.70687278,2011.9143240870085,12224.921016694745,0.4637282,63.393,273.3563,211.0706,177.74409848072082,234.8102286769195,10645.295442489785
2455897.64087383,2011.9168812425185,12222.247490735037,0.4636089,63.393,272.6611,211.0734,177.76847602760608,233.19725269338727,10643.824497502055
2455898.29557635,2011.9186737203281,12220.392699087477,0.4635228,63.3931,272.1745,211.0734,177.82575810689195,232.06536068189024,10642.827572778444
2455898.45356569,2011.919106271568,12219.95449777808,0.4635117,63.3928,272.0571,211.0747,177.72631459031618,231.79354223553116,10642.525642315893
2455898.82673385,2011.920127950308,12219.009484214554,0.4635035,63.3939,271.7794,211.0789,177.3195217479124,231.1522378891733,10641.76149010246
2455899.38980065,2011.9216695431899,12217.442139782339,0.46343,63.3935,271.3609,211.0792,177.37662894300956,230.17906445167887,10640.924039156094
2455899.60376222,2011.9222553380428,12216.942331415448,0.4634442,63.3945,271.1985,211.0843,176.93496618648078,229.8108783045992,10640.386810738888
2455899.76328839,2011.9226920968922,12216.507441419364,0.4634274,63.3948,271.0783,211.0856,176.90686076173552,229.53474511879313,10640.128612006934
2455900.53590885,2011.9248074164268,12214.413123815682,0.4632891,63.3964,270.5015,211.0826,177.47236065492598,228.19343008633132,10639.296714103653
2455900.84899689,2011.9256646047631,12213.484270858897,0.4632904,63.3939,270.2695,211.0844,176.95795761896989,227.65464228522967,10638.478317997235
2455901.30905796,2011.926924183326,12212.197725182783,0.4632352,63.3921,269.9288,211.0823,176.9415695181915,226.85839400264047,10637.753517405452
2455901.46907582,2011.9273622883502,12211.700389135667,0.4631835,63.3919,269.8084,211.0845,177.30596194444752,226.58247619389584,10637.690970514057
2455901.78453905,2011.928225979603,12210.884732999524,0.4631611,63.3934,269.5725,211.0827,177.14162809025856,226.03384734295815,10637.14102066405
2455902.34317905,2011.9297554525665,12209.339989561537,0.4630661,63.3943,269.156,211.0796,177.47223702123483,225.06363707607215,10636.476175295507
2455902.87007266,2011.9311980086518,12208.125487047835,0.4629911,63.3896,268.7649,211.0868,177.7357388615219,224.16041688538542,10635.955437750474
2455903.33025122,2011.9324579088848,12206.936798411929,0.4629223,63.3928,268.4192,211.0926,177.93723973644228,223.36695280149684,10635.41257649628
2455903.6468789,2011.9333247882273,12206.20825739184,0.462906,63.3938,268.1833,211.0901,177.7449177956123,222.81647623818657,10634.894548838292
2455903.80114407,2011.9337471432443,12205.815007729965,0.4628998,63.3937,268.068,211.09,177.6093818147665,222.54902843204093,10634.596316587664
2455904.41976306,2011.9354408297327,12204.240910616107,0.4628488,63.3932,267.6065,211.0892,177.3863502265349,221.47700129627515,10633.589950780943
2455904.57670478,2011.935870512745,12203.834945148727,0.4628283,63.3934,267.4894,211.0895,177.41846400494887,221.20551541180566,10633.382969897208
2455904.73522692,2011.93630452271,12203.409621636882,0.4628417,63.3921,267.3711,211.0927,177.02646656210982,220.9341718243536,10632.916466905408
2455905.29242444,2011.937830046379,12201.966658126494,0.4627647,63.3928,266.9547,211.0922,177.19091816858509,219.96808330357152,10632.210228564976
2455905.50731666,2011.9384183892132,12201.376663776562,0.4627543,63.3933,266.7941,211.0924,177.0008466943027,219.59587988323386,10631.770547712411
2455905.82009875,2011.9392747399038,12200.531911094562,0.4627323,63.3923,266.5616,211.0915,176.8154186503798,219.05419363466672,10631.191857795759
2455906.21640279,2011.9403597612322,12199.4912917691,0.4626814,63.3909,266.2662,211.0935,176.87728160556435,218.37018595642536,10630.649174276934
2455906.43907877,2011.9409694148394,12198.84655493855,0.4626511,63.3927,266.0982,211.0898,176.90047756501917,217.97901065779467,10630.304047641139
2455906.59432983,2011.9413944690755,12198.433554127201,0.4626296,63.3935,265.9818,211.0897,176.94081835475572,217.70949113285224,10630.097897545771
2455906.75398961,2011.94183159373,12197.946653352827,0.4626378,63.3919,265.8635,211.0914,176.57914912831257,217.4355262571928,10629.61496208099
2455907.31167191,2011.943358444654,12196.459258745868,0.4625762,63.3924,265.4468,211.0953,176.53118138038735,216.4730599245571,10628.759198229822
2455907.52534637,2011.9439434534427,12195.779630191719,0.4625489,63.3951,265.2861,211.0939,176.49887760413185,216.1003567606257,10628.362066735941
2455907.83778425,2011.944798861738,12194.837669057131,0.4625467,63.3946,265.0532,211.0972,176.01944819906294,215.56280977432334,10627.556891368684
2455908.29727116,2011.9460568683367,12193.540331450356,0.4625169,63.3933,264.7113,211.0985,175.685557322965,214.76932739882432,10626.639240390847
2455908.61344463,2011.9469225041207,12192.58792442201,0.4624655,63.3928,264.4742,211.102,175.80035366022366,214.22409851657676,10626.176459456618
2455908.76739215,2011.9473439894596,12192.172239096284,0.4624596,63.3928,264.359,211.1012,175.64884227271068,213.95636379453708,10625.856327513717
2455909.32866413,2011.9488806683917,12190.60212060031,0.4623678,63.3932,263.9392,211.0979,175.9239374230101,212.98005937899097,10625.143564836806
2455909.54179826,2011.9494641978372,12190.046935347102,0.4623693,63.391,263.7811,211.101,175.6071668835175,212.61498877858247,10624.648962442023
2455909.69975208,2011.949896651827,12189.7039275919,0.4623499,63.3918,263.6599,211.1056,175.65923564017794,212.34270534230336,10624.488528838614
2455910.25520815,2011.951417407666,12188.190091190492,0.4622854,63.3906,263.2451,211.1062,175.6314596084585,211.38103324022876,10623.629532164685
2455910.40950725,2011.9518398555783,12187.79712000219,0.4622455,63.3949,263.1269,211.1059,175.90644636821708,211.11045199183832,10623.571796871227
2455910.78288164,2011.9528620989456,12186.889534927337,0.4622293,63.3949,262.8483,211.1065,175.61581602054866,210.46444437956734,10622.896306825958
2455911.40051348,2011.9545530827652,12185.317126634029,0.4621883,63.3944,262.3851,211.1084,175.269818914162,209.3943902045653,10621.818231128358
2455911.71216748,2011.9554063449145,12184.528583228648,0.462173,63.3938,262.1512,211.1084,175.03215433211426,208.85331583077243,10621.240017525002
2455912.2713224,2011.956937227652,12183.061906672236,0.462107,63.393,261.7328,211.1087,175.0474181656482,207.8840980453292,10620.432260131094
2455912.48542031,2011.9575233957835,12182.570714124698,0.4620735,63.3914,261.5726,211.1123,175.19132525159876,207.51647751792535,10620.242965512849
2455912.79718684,2011.9583769660228,12181.820648465928,0.4620076,63.3913,261.3384,211.1127,175.5906270377409,206.97539223176022,10620.058947545273
2455913.25538742,2011.9596314508415,12180.665361689813,0.4619648,63.3913,260.9946,211.1168,175.49042400985036,206.18407769708324,10619.356857897532
2455913.5692637,2011.9604907972619,12179.955833536795,0.4619751,63.3918,260.7602,211.1184,174.9832193430493,205.64191298569494,10618.66486414299
2455913.72556419,2011.9609187246822,12179.626949084066,0.4619907,63.3939,260.6406,211.119,174.61626913785403,205.36885911439515,10618.266949304094
2455914.28550847,2011.96245176857,12178.231071646658,0.4619145,63.394,260.221,211.1175,174.79325530252754,204.39586331484787,10617.593022599422
2455914.49849289,2011.9630348881315,12177.787353140593,0.4619141,63.3927,260.0612,211.1199,174.55936792327338,204.02854027265334,10617.209016573095
2455914.81034162,2011.963888683422,12177.03396502369,0.4618804,63.392,259.8244,211.1226,174.5643464449604,203.48707396807902,10616.792264551459
2455915.26872885,2011.9651436792606,12175.908642466018,0.461819,63.3937,259.4799,211.1229,174.70638911100468,202.6910754661743,10616.248467005986
2455915.58355457,2011.9660056251064,12175.10592026339,0.461814,63.3938,259.2414,211.1241,174.33525480287335,202.14347496171115,10615.584176964505
2455915.73783084,2011.9664280105135,12174.688282213032,0.4617823,63.3925,259.1258,211.1269,174.49642546964878,201.87861621514458,10615.445772468038
2455916.35408564,2011.9681152242028,12173.07040324678,0.4616755,63.394,258.6621,211.1263,174.92573829262074,200.806919287014,10614.795387798786
2455916.66838579,2011.9689757311162,12172.16755298704,0.4616851,63.3983,258.4227,211.134,174.32285906946436,200.26543679816484,10613.93978481106
2455917.28038966,2011.970651306393,12170.538515181335,0.4616363,63.3944,257.966,211.1325,174.0398460255301,199.20402969852506,10612.86655159995
2455917.59550453,2011.971514043887,12169.546269216444,0.4617057,63.3932,257.7292,211.1313,172.66109030547705,198.65544420063384,10611.50747449822
2455917.74885528,2011.97193389536,12169.095137272438,0.4616484,63.3905,257.6153,211.1326,173.11553770283535,198.3916976704155,10611.521817907873
2455918.30825838,2011.9734654575764,12167.58607293565,0.4615848,63.3918,257.1943,211.1363,173.0769889768626,197.4230352724669,10610.658321507835
2455918.52081999,2011.9740474195482,12166.856831109251,0.4614633,63.394,257.0325,211.1308,174.16262719803308,197.0462289626638,10610.886412219106
2455918.67608564,2011.974472513731,12166.38796958994,0.4614412,63.3923,256.9167,211.1314,174.17900523679418,196.77799505687653,10610.634634704908
2455919.29047833,2011.9761546292405,12164.64623657401,0.4613925,63.3946,256.4542,211.1335,173.83339786553643,195.71203347340725,10609.46177993681
2455919.60481405,2011.9770152335382,12163.80496969491,0.4613359,63.3922,256.2198,211.1343,174.0687565762355,195.16861592628766,10609.130290495621
2455920.21583231,2011.978688110362,12162.12357367915,0.4612758,63.3929,255.7594,211.1375,173.89399253144074,194.10918026960394,10608.090769370956
2455920.316753,2011.9789644161533,12161.844729404667,0.4612425,63.3928,255.6837,211.1331,174.14876180223473,193.9296101847844,10608.084095664859
2455920.6881409,2011.9799812208073,12160.939751170412,0.4612798,63.3937,255.403,211.1354,173.20759493847436,193.28516050936435,10607.029798868421
2455921.24321824,2011.9815009397396,12159.43484120366,0.4612184,63.3915,254.9866,211.1363,173.14345883945498,192.3225616937704,10606.153230698668
2455921.4517709,2011.9820719258037,12158.937063487903,0.4612041,63.3888,254.8314,211.1354,173.0491381653219,191.96090671065292,10605.820580882251
2455921.6131753,2011.9825138269678,12158.460440436276,0.4611908,63.3896,254.7087,211.1362,172.95404314311781,191.6799222916306,10605.499271487291
2455921.7669509,2011.9829348416158,12158.04271391017,0.4611744,63.3895,254.5926,211.137,172.92836014827571,191.41305701828276,10605.251334197877
2455922.22407236,2011.9841863719644,12156.79494237733,0.4611453,63.3869,254.2497,211.1375,172.60979163625325,190.62010609284505,10604.369490824176
2455922.69621351,2011.9854790239833,12155.441861300596,0.461111,63.3848,253.8934,211.1398,172.2976091944165,189.80075136602517,10603.432629230987
2455923.30679589,2011.987150707433,12153.750873613622,0.4610461,63.3848,253.4324,211.1445,172.17513296246852,188.74264532404686,10602.418024270568
2455923.7740144,2011.9884298819982,12152.544008576162,0.4609701,63.3821,253.0797,211.1462,172.44828168840831,187.93114248063796,10601.904284850425
2455924.23077587,2011.9896804267485,12151.335993244276,0.4609086,63.3828,252.7341,211.1493,172.54443246844767,187.13844637051295,10601.286514403133
2455924.70266521,2011.990972389349,12150.118256588015,0.4608672,63.3834,252.3781,211.1517,172.3909760054148,186.3197398343125,10600.517617839743
2455925.31307361,2011.992643596468,12148.500807441735,0.4607886,63.3831,251.9175,211.1498,172.47382828178797,185.25560527150202,10599.663521805945
2455925.62611785,2011.9935006648875,12147.571820008943,0.46077,63.3805,251.6814,211.1538,172.19885250342213,184.71496064047142,10598.984770715815
2455926.23635084,2011.995171391759,12145.871819676931,0.4606817,63.3849,251.2179,211.1502,172.35464180606778,183.6463989667767,10598.126996970286
2455926.38834588,2011.9955875314988,12145.407623679328,0.4606601,63.3848,251.103,211.1478,172.36663321444576,183.3792886604008,10597.874937291508
2455926.70347895,2011.996450318823,12144.439288045107,0.4605936,63.3862,250.8637,211.1476,172.65197638297468,182.82918522374518,10597.500883488437
2455927.31767703,2011.9981319015192,12142.584989242583,0.460522,63.3884,250.3973,211.1598,172.5211648266104,181.76961545310132,10596.38962461789
2455927.63050426,2011.998988375797,12141.703996799168,0.4605086,63.3851,250.1607,211.1613,172.20858761877753,181.22618471309477,10595.715653082101
2455928.18340007,2012.0005021220256,12140.13011028898,0.4604325,63.3825,249.7449,211.1631,172.28335328334833,180.26723607080532,10594.880630210426
2455928.33410529,2012.0009147304313,12139.71238529674,0.4604096,63.3837,249.6282,211.1637,172.33596186722207,180.00259704475758,10594.678082171658
2455928.70697631,2012.0019355956465,12138.722695075256,0.4603874,63.3828,249.3468,211.1677,172.07141416856575,179.35768556725975,10593.9713835115
2455929.32113321,2012.0036170655985,12137.042849185425,0.460315,63.3842,248.8816,211.1684,172.043670062636,178.28785638453405,10593.0173004806
2455929.63353155,2012.00447236564,12136.149741500338,0.4603111,63.3837,248.6457,211.1706,171.6090042256019,177.7462483696641,10592.265385011497
2455930.24280388,2012.0061404623682,12134.438600860753,0.4602305,63.3851,248.1837,211.1697,171.66355636730805,176.68283354742016,10591.34165659565
2455930.55529844,2012.0069960258456,12133.453384700266,0.4602436,63.3862,247.9468,211.1748,170.97281849363117,176.14303069553222,10590.38914395482
2455930.70906256,2012.0074170090622,12132.990212420393,0.4602118,63.3863,247.8292,211.1743,171.10864738002238,175.87337673758174,10590.209605078553
2455931.16434674,2012.0086635092132,12131.64208927634,0.4601433,63.3861,247.4851,211.18,171.21196389783108,175.08623668325419,10589.516872688095
2455931.32286596,2012.0090975111846,12131.04748983894,0.4601126,63.388,247.3626,211.1792,171.26338856567236,174.80669597353153,10589.214719835403
2455931.63510709,2012.0099523808083,12130.062737823944,0.4600952,63.3855,247.1268,211.1842,170.94279645228835,174.2681429090129,10588.47802289452
2455932.15219507,2012.0113680905406,12128.359264987706,0.4600489,63.3587,246.7201,211.1802,170.58462632530336,173.34778740539946,10587.317980828899
2455932.18789497,2012.0114658315406,12128.422048734063,0.4600026,63.3849,246.7091,211.1819,171.18007241906798,173.30330064540925,10587.699688342898
2455932.24401568,2012.0116194816706,12128.184713773217,0.4600123,63.3868,246.6669,211.1779,170.93426876555714,173.20178659861006,10587.424020844248
2455932.55650575,2012.0124750328541,12127.308693894525,0.4599485,63.3861,246.4293,211.1818,171.23495110077965,172.66008817255073,10587.109654157277
2455933.10433751,2012.01397491447,12125.67793720091,0.4598809,63.3873,246.0133,211.1862,171.1739543308122,171.70853079078034,10586.163047812644
2455933.32305432,2012.0145737284604,12125.054295295826,0.4598554,63.3876,245.8482,211.186,171.14630231084539,171.32765775423826,10585.798502385069
2455933.63512485,2012.0154281310065,12124.112047470844,0.459841,63.3833,245.6121,211.1892,170.8119394498044,170.78717283769663,10585.077458197578
2455934.18765241,2012.0169408690213,12122.47545697555,0.4597747,63.3811,245.194,211.1921,170.73164048725357,169.82738715235365,10584.116225515785
2455934.24328674,2012.0170931875155,12122.312833421547,0.4597536,63.3812,245.15,211.19,170.89956792979046,169.726452494422,10584.123036484705
2455934.55570389,2012.0179485390556,12121.293730736312,0.459743,63.3823,244.9119,211.1932,170.47748708640756,169.18362593999723,10583.307988687995
2455934.70875875,2012.0183675804244,12120.831693141468,0.4597249,63.3823,244.7953,211.1939,170.44725509517593,168.9168710472286,10583.032191231738
2455935.26256628,2012.0198838228066,12119.12230834875,0.4596526,63.3792,244.3781,211.1923,170.39992959824394,167.95222378964843,10582.049303438622
2455935.476854,2012.0204705106084,12118.408611103858,0.4596077,63.378,244.2154,211.1893,170.55840169421845,167.57531618091974,10581.742544426526
2455935.62981602,2012.0208892977957,12117.926702046323,0.4595844,63.3782,244.0992,211.1901,170.58032944238494,167.30915279352087,10581.485921987194
2455936.18570703,2012.022411244435,12116.211876288833,0.4595198,63.374,243.6787,211.1924,170.43631813896354,166.3430520033977,10580.443592456864
2455936.24119763,2012.0225631694177,12116.018045271618,0.4595239,63.3733,243.6352,211.1928,170.28188063802736,166.24525900961135,10580.24545064291
2455936.5541652,2012.0234200279258,12115.046426083516,0.4594734,63.3718,243.3969,211.1949,170.3685535330742,165.70058994674565,10579.752649809525
2455936.70631133,2012.0238365813284,12114.579488410105,0.4594641,63.3705,243.2817,211.1954,170.22882688929622,165.4359307217755,10579.410375432059
2455937.16095779,2012.0250813354962,12113.174270180298,0.4593994,63.3697,242.9361,211.1983,170.25297836403115,164.64511922137547,10578.638743264357
2455937.63058035,2012.0263670919912,12111.703407333434,0.4593475,63.3688,242.5791,211.2,170.0864264333395,163.8269468831288,10577.719510866023
2455938.23154955,2012.0280124559886,12109.837152448838,0.4592874,63.3658,242.1227,211.2006,169.80523227720732,162.7788158440926,10576.512506603836
2455938.54943697,2012.0288827843126,12108.899617376359,0.4592558,63.3633,241.8806,211.2059,169.6809364784849,162.22869764749305,10575.915984170519
2455939.25412836,2012.0308121241894,12106.752614524732,0.4591453,63.363,241.3432,211.2093,169.8577533029893,161.00013529180546,10574.81786526884
2455939.46845139,2012.0313989086653,12106.167585798243,0.4590903,63.3633,241.1808,211.212,170.20717698385215,160.62919288045066,10574.693538016752
2455939.62180863,2012.0318187779053,12105.747303338469,0.4591033,63.3629,241.0645,211.2101,169.8224674096764,160.3598399540545,10574.235035321266
2455940.17695265,2012.0333386793973,12104.091590396823,0.4590033,63.3634,240.6411,211.2121,170.137306902433,159.39127541699645,10573.491591260856
2455940.22641773,2012.0334741074062,12104.025989555415,0.459054,63.363,240.603,211.2094,169.4881429460429,159.3017213337855,10573.077990325133
2455940.54405906,2012.0343437619713,12103.150637583863,0.4590051,63.3619,240.3604,211.2123,169.60646886461927,158.74894569030158,10572.656977052851
2455941.15088992,2012.0360051743191,12101.398515608198,0.4589358,63.3637,239.8954,211.2165,169.49720672873718,157.6900372451047,10571.613244096157
2455941.61560051,2012.0372774825737,12099.979443606484,0.4588529,63.3629,239.5415,211.2181,169.7324859672617,156.87970627347715,10570.955740264655
2455942.17043718,2012.038796542587,12098.343380875885,0.4587771,63.363,239.1188,211.2215,169.7641897934509,155.9135446686115,10570.0585517733
2455942.37796899,2012.039364733716,12097.687115516064,0.4587538,63.3604,238.9611,211.2199,169.69088006203128,155.5496958622311,10569.648727350173
2455942.68987438,2012.0402186841338,12096.745911402235,0.4587278,63.36,238.7232,211.2207,169.4959723056927,155.00517371180717,10569.008870212327
2455943.14342727,2012.041460444271,12095.395749261112,0.4586554,63.3606,238.3772,211.222,169.640873725456,154.21344006242396,10568.337195819055
2455943.61179139,2012.0427427553457,12093.8403084432,0.4585849,63.3624,238.0181,211.2297,169.65145997980562,153.40040807557023,10567.472613749367
2455944.21144804,2012.0443845257764,12091.933515375356,0.4584602,63.3485,237.5694,211.2309,170.12695752966738,152.36187072046698,10566.68074893545
2455944.52881493,2012.0452534289664,12090.81393702553,0.4584399,63.3489,237.3268,211.226,169.76610481693933,151.80156557207061,10565.84467441661
2455945.07665436,2012.0467533315816,12089.102109225341,0.4583956,63.3468,236.9097,211.2376,169.37459440572547,150.8561006306394,10564.659180327471
2455945.23108883,2012.0471761501167,12088.470883348804,0.4583974,63.3549,236.7867,211.2365,169.01096044600945,150.57978595795555,10564.094940486957
2455945.59856997,2012.048182258645,12087.243684148329,0.4583221,63.355,236.5058,211.2373,169.25647561773076,149.9374868877743,10563.549986289636
2455946.15251964,2012.049698890185,12085.44213586152,0.4582307,63.357,236.0813,211.2395,169.3852261362008,148.96919953342376,10562.615576436418
2455946.36011024,2012.0502672422726,12084.73548243661,0.458201,63.3411,235.9318,211.235,169.36129964867177,148.61059278187446,10562.20589662223
2455946.51678322,2012.0506961895146,12084.21051553868,0.4581905,63.3476,235.8083,211.2359,169.20375731875447,148.3335717747247,10561.820573226229
2455947.12407525,2012.0523588644758,12082.23666459803,0.458108,63.3388,235.3499,211.2374,169.13109065235585,147.27810878872867,10560.672757110879
2455947.43647396,2012.0532141655306,12081.195054511416,0.4581038,63.3385,235.1117,211.2396,168.6173914985293,146.7342004089794,10559.791708318744
2455947.58762785,2012.0536280023273,12080.686127975869,0.4580856,63.3382,234.9957,211.2416,168.56147463036632,146.47121916221045,10559.474207076379
2455948.19056042,2012.0552787417387,12078.703730049014,0.4579863,63.3327,234.5365,211.2418,168.68659992766788,145.41795297408413,10558.435958812348
2455949.42321015,2012.0586535527723,12074.657862812905,0.4578859,63.3422,233.5848,211.2504,167.70598010674166,143.25992100195845,10555.601113261451
2455950.1280017,2012.0605831668724,12072.306432769363,0.4578984,63.32,233.0622,211.277,166.2803328945647,142.06925992592517,10553.458158199543
2455950.17701911,2012.0607173692265,12072.10943451969,0.4578485,63.3316,233.0134,211.269,166.775938089002,141.96414707848902,10553.63461300482
2455950.4935202,2012.0615839019842,12070.831200796256,0.4577682,63.3346,232.7674,211.2536,167.05222950391453,141.390795285631,10553.078086251175
2455951.40829515,2012.0640884193017,12067.561724586234,0.4575456,63.336,232.0663,211.2637,167.96565477339118,139.798169051419,10551.773598248046
2455951.56075793,2012.064505839644,12066.999265862594,0.4575519,63.3347,231.9486,211.2689,167.5845244685588,139.5353977282059,10551.237825801654
2455952.32293205,2012.0665925586586,12064.289280867204,0.4574085,63.338,231.36,211.2649,167.8445173396576,138.1915788828603,10549.86852783186
2455952.6304233,2012.0674344238191,12063.23895405684,0.4573753,63.3386,231.1225,211.2677,167.67511847340575,137.65380742508313,10549.181557785998
2455953.08201341,2012.0686708101575,12061.701461506718,0.4572987,63.3429,230.7718,211.2668,167.76476337159693,136.85710834327722,10548.371035962275
2455953.39234015,2012.0695204384674,12060.60689949902,0.4572531,63.3432,230.5337,211.2669,167.72070682170488,136.313242151758,10547.731613400307
2455953.548355,2012.069947583847,12060.038357696942,0.4572292,63.3472,230.4107,211.2723,167.70036743785477,136.04186981510338,10547.400936918284
2455954.23807765,2012.0718359415464,12057.62648927678,0.4571193,63.3482,229.8797,211.2724,167.71640883712007,134.8311610432727,10546.057128990526
2455954.61338691,2012.0728634822997,12056.332525150296,0.4570386,63.3508,229.5882,211.2754,167.98688672113985,134.1727463721303,10545.487321606977
2455955.00522133,2012.0739362664754,12054.967476114398,0.4569763,63.3593,229.2808,211.2803,167.99674225930175,133.48404406890052,10544.727018998474
2455955.16293681,2012.074368067926,12054.434244492228,0.4569679,63.3588,229.1586,211.2815,167.80844209852785,133.2075955466728,10544.319056575187
2455955.53066434,2012.075374851034,12053.262047945753,0.4569532,63.3601,228.8752,211.2817,167.34908469838683,132.56195362780096,10543.39600928738
2455956.13351716,2012.0770253721016,12051.291553350504,0.4568639,63.361,228.4101,211.2906,167.35519424973427,131.51156604345272,10542.293634407917
2455956.59469461,2012.0782880071463,12049.842670350181,0.4567837,63.3592,228.057,211.2955,167.5346509697447,130.70881742729944,10541.58395110367
2455956.98523595,2012.0793572510609,12048.538312540515,0.4566948,63.3594,227.7564,211.2913,167.89721760248722,130.01908961809107,10541.060935869351
2455957.20210806,2012.079951014538,12047.95878601886,0.4566838,63.3544,227.592,211.2929,167.71488537638015,129.6425347663153,10540.63038168371
2455957.50778251,2012.0807879055715,12047.092470917642,0.4566948,63.3618,227.3512,211.2908,167.11168433040348,129.09835399423463,10539.795993661843
2455958.11338211,2012.082445946913,12045.29921711053,0.4566239,63.3616,226.8845,211.2938,166.99141192657225,128.0377591113861,10538.719801326544
2455958.42522709,2012.0832997319364,12044.351774484627,0.4565224,63.3596,226.6468,211.2923,167.69909595264653,127.49119650288185,10538.595981416804
2455958.57446922,2012.0837083346198,12043.890652894119,0.4565102,63.3596,226.5318,211.2927,167.59542216329464,127.2294995368614,10538.27724532662
2455959.02466582,2012.0849409057357,12042.487278691,0.4564459,63.3586,226.1855,211.2937,167.6070345303351,126.44047393516598,10537.495816484794
2455959.18131128,2012.0853697776317,12042.052937546903,0.4564493,63.3567,226.0661,211.2963,167.33000364067448,126.16928005256614,10537.092149137303
2455959.49002939,2012.0862150017522,12041.082773864304,0.4564264,63.3571,225.827,211.2984,167.0784112874053,125.62799936922886,10536.402217385174
2455960.24645315,2012.0882859771393,12038.715477015696,0.456317,63.3568,225.2433,211.3019,167.10864669032435,124.30224822980699,10535.089978348464
2455960.55271247,2012.0891244694587,12037.751051963336,0.4562783,63.3567,225.007,211.3033,167.05016615029308,123.76549099483134,10534.514511952686
2455961.3117613,2012.091202631896,12035.340364331296,0.456181,63.3581,224.4206,211.3049,166.91046159028156,122.43255251737583,10533.079677848624
2455961.46741438,2012.0916287868038,12034.815620667294,0.4561992,63.3573,224.2994,211.3077,166.40606237137035,122.16073675066838,10532.494227731659
2455962.01249334,2012.0931211316629,12033.096611884912,0.4561389,63.3587,223.878,211.3129,166.19685974600088,121.20729260139655,10531.407863619263
2455962.06904932,2012.093275973498,12032.912820297304,0.4561228,63.3587,223.8345,211.3116,166.2906325474014,121.1067495406815,10531.358616383299
2455962.52939209,2012.0945363233132,12031.333494759767,0.4560065,63.3587,223.4764,211.3123,166.83091748159768,120.29562360723406,10530.782331776574
2455963.1346056,2012.0961933075976,12029.294644703688,0.4559209,63.3584,223.0085,211.3138,166.751503925203,119.23270926485492,10529.590715937076
2455963.28841451,2012.0966144134427,12028.796016255625,0.4558871,63.3565,222.8906,211.314,166.8867839132954,118.9634111606074,10529.388336181202
2455963.44319392,2012.0970381763723,12028.272838542802,0.4558807,63.356,222.7699,211.3159,166.6790971169221,118.69205650599741,10528.974692677746
2455963.98692655,2012.0985268351815,12026.499611968067,0.4558034,63.3572,222.349,211.3191,166.64389873434175,117.73843933465753,10527.957650067729
2455964.3539527,2012.0995316980145,12025.30390947494,0.4557408,63.3553,222.0655,211.3218,166.74598552770294,117.09588871476956,10527.344197203953
2455964.50859434,2012.0999550837514,12024.828767852678,0.4557398,63.3558,221.9457,211.3222,166.4994101572529,116.82406984951575,10526.935162932714
2455965.4177339,2012.1024441722102,12021.930277351392,0.455611,63.3539,221.2415,211.3274,166.4703017570473,115.22899800432037,10525.288684468976
2455965.56858214,2012.1028571721831,12021.443885522182,0.4555897,63.3539,221.1247,211.3281,166.4615721502969,114.96421801405268,10525.010149020944
2455965.95934126,2012.103927012348,12020.186440301539,0.455546,63.3532,220.8226,211.3325,166.3022881679335,114.28137555468862,10524.211388669662
2455966.11517178,2012.1043536530592,12019.68148171231,0.455516,63.3528,220.7024,211.333,166.38795188864515,114.00808489868291,10523.976676425116
2455966.48159012,2012.1053568518005,12018.397612130933,0.4554222,63.3509,220.418,211.3347,166.81623113951719,113.36423335183099,10523.500867522815
2455967.16915491,2012.1072393016013,12016.021467060475,0.4553616,63.3515,219.8843,211.3383,166.25040618546882,112.15645142350235,10521.838944053903
2455967.39146833,2012.107847962573,12015.255615460454,0.4553272,63.3519,219.7122,211.3375,166.24661878856932,111.76443347368831,10521.405939197271
2455967.9296642,2012.1093214625603,12013.459899319356,0.4552262,63.354,219.2941,211.3391,166.4819004998226,110.81747347827036,10520.530897098704
2455968.14573591,2012.1099130346615,12012.715078501089,0.455192,63.3554,219.1254,211.3408,166.48697648802045,110.43750752181148,10520.114732565746
2455968.45331207,2012.1107551322932,12011.738609075903,0.4551725,63.356,218.8865,211.3422,166.18921703630167,109.89685237443098,10519.39418683443
2455968.99756962,2012.112245228255,12009.936972136029,0.4550678,63.3579,218.463,211.3433,166.46507608742468,108.93801782819514,10518.53883250513
2455969.05283803,2012.112396544914,12009.76282712933,0.4550655,63.3573,218.4203,211.3441,166.39780132030774,108.84164383099233,10518.402180731246
2455969.51193208,2012.113653475921,12008.28654424946,0.455016,63.3569,218.065,211.344,166.1877340312485,108.03374866843967,10517.450659088774
2455970.05993688,2012.115153831294,12006.489027513599,0.4549383,63.3582,217.6399,211.3454,166.14102036790882,107.06992073415927,10516.412087222274
2455970.11582873,2012.1153068548397,12006.309403803943,0.4549328,63.3575,217.5964,211.3458,166.10914906508424,106.97173225774213,10516.292676450224
2455970.42321931,2012.116148444381,12005.303821917138,0.4549169,63.3571,217.3568,211.3469,165.75192369244178,106.43026002288025,10515.521502665362
2455970.96611523,2012.1176348124031,12003.518270310138,0.4548249,63.3574,216.9353,211.3485,165.88297336815685,105.47526753488808,10514.591576599087
2455971.02241485,2012.1177889523615,12003.338539499651,0.4548196,63.358,216.8913,211.3489,165.8486062998354,105.3761771498273,10514.470661211522
2455971.48127992,2012.119045256454,12001.84448985075,0.454744,63.3575,216.535,211.3512,165.94141915805994,104.56990767652871,10513.682756300424
2455972.02925007,2012.1205455169609,12000.047880594897,0.454657,63.3577,216.1094,211.3544,166.00581134726326,103.60741389405803,10512.708059128814
2455972.39199958,2012.1215386709923,11998.793648943796,0.4546495,63.3577,215.8265,211.3532,165.4118158483243,102.96577844274395,10511.66092083792
2455972.93249021,2012.1230184536894,11997.008446663684,0.4545654,63.3575,215.4061,211.3553,165.4472033026277,102.01475667182024,10510.675856358082
2455973.29934583,2012.1240228496372,11995.70045125332,0.4545174,63.3562,215.1196,211.3526,165.3095709708332,101.36397413060587,10509.860211251425
2455973.4537195,2012.124445501711,11994.917274742611,0.4543648,63.3532,215.0007,211.3544,166.7127861876388,101.09471938399679,10510.223769936085
2455974.11225297,2012.126248468091,11992.096222363572,0.4544279,63.3386,214.4642,211.3838,164.4168194369613,99.93855148725203,10507.317991350565
2455974.15928358,2012.1263772308823,11992.241839634928,0.4543845,63.3552,214.4507,211.3745,165.01672745333144,99.86939688233974,10507.744031029299
2455974.50879818,2012.127334149706,11990.691685897385,0.4542527,63.3594,214.1775,211.3558,165.75131271094506,99.23300610580912,10507.291795205469
2455974.89626934,2012.1283949879262,11989.26063265777,0.4542109,63.3611,213.875,211.3624,165.47147036371462,98.555204346545,10506.325023876423
2455975.11164007,2012.128984640849,11988.273334366904,0.4541617,63.3602,213.7074,211.3684,165.52243676616217,98.18132929435836,10505.797868059288
2455975.41826733,2012.1298241405343,11987.1559942306,0.4541375,63.3604,213.4679,211.3693,165.20263890069964,97.64050940765088,10504.98493106762
2455975.96067137,2012.1313091618615,11985.09438672021,0.4540435,63.3596,213.0456,211.3692,165.2038835434114,96.68350172985583,10503.823716421972
2455976.01603251,2012.1314607324023,11984.901023633258,0.4540473,63.3617,213.0017,211.3717,165.05277308534005,96.58753633514112,10503.628161240957
2455976.47357813,2012.132713424038,11983.463923294741,0.4539356,63.3575,212.6484,211.3753,165.60673719558872,95.78686734630475,10503.135395352881
2455977.02003741,2012.134209548008,11981.706330669713,0.4538946,63.3571,212.2195,211.3797,165.13822839291697,94.82376271719147,10501.87624736421
2455977.22759573,2012.1347778117185,11981.013005664096,0.4538659,63.3554,212.0579,211.3818,165.103454936655,94.45968778130384,10501.4654525913
2455977.38193138,2012.1352003596985,11980.456596213196,0.4538534,63.3545,211.9371,211.3821,164.949336469409,94.18707050851492,10501.06350356143
2455977.92255988,2012.1366805198636,11978.561411365194,0.4537396,63.3548,211.5153,211.3836,165.27744799691482,93.23391284909837,10500.182744745995
2455978.07397541,2012.1370950729906,11978.076681123213,0.4537415,63.3533,211.3974,211.3839,164.98990071534445,92.96707372335493,10499.744812231793
2455978.43672838,2012.138088236496,11976.550242364205,0.453679,63.3546,211.1126,211.3841,164.904604958655,92.32493486144932,10498.83519825135
2455978.98286076,2012.1395834654616,11974.440658220194,0.4536739,63.3552,210.6865,211.3942,163.81316448686994,91.37065243384177,10497.020853813721
2455979.03140171,2012.1397163633405,11974.21267610866,0.4536352,63.3558,210.6478,211.3943,164.1520139395725,91.28420919741836,10497.086193914865
2455979.49417368,2012.1409833639425,11972.281745523263,0.4534993,63.3561,210.2857,211.3912,164.72405452568455,90.4628889807314,10496.324352780914
2455979.88165611,2012.142044233018,11970.808633493385,0.4534252,63.3562,209.983,211.393,164.80603468992012,89.78007611352382,10495.540214151186
2455980.09562317,2012.1426300429023,11970.01717467161,0.4533924,63.3552,209.8164,211.3937,164.76605980602926,89.4032845552108,10495.070829818367
2455980.40201605,2012.1434689008904,11968.851033713836,0.4533605,63.3551,209.577,211.3949,164.51044464381357,88.86309567949183,10494.26671550343
2455980.94286336,2012.1449496601233,11966.800895492379,0.4532596,63.3563,209.1533,211.3985,164.59720832186122,87.90992235560026,10493.159510846248
2455981.15061024,2012.1455184400827,11966.01849418802,0.453225,63.3557,208.9912,211.3986,164.58346215965412,87.54316157025738,10492.710130460388
2455981.45428199,2012.1463498480218,11964.869548166465,0.4531753,63.3556,208.7536,211.3998,164.54990121526225,87.00745471216385,10492.042537041048
2455981.89949866,2012.1475687848326,11963.186007164371,0.4531035,63.3568,208.4049,211.4016,164.4882561671693,86.22173746025453,10491.057110926035
2455982.05479772,2012.1479939704864,11962.640126559303,0.4530711,63.3569,208.2822,211.4037,164.57730551493933,85.94807062489008,10490.799872719408
2455982.36109527,2012.1488325674748,11961.53206566216,0.4530166,63.3572,208.0413,211.405,164.62317848491148,85.40657570910065,10490.200598424153
2455982.89994648,2012.150307861684,11959.512529499742,0.452905,63.3571,207.6199,211.4064,164.8532073266606,84.45546979378241,10489.191854390216
2455983.05069477,2012.1507205880087,11958.997621172965,0.4529129,63.3574,207.5015,211.4074,164.47702747441508,84.18948831686578,10488.686291887943
2455983.4127542,2012.1517118527036,11957.713408380703,0.4528714,63.3584,207.2188,211.408,164.27069632856183,83.5505330267597,10487.84337383378
2455984.00587549,2012.1533357302947,11955.561954294899,0.4527859,63.3509,206.7564,211.4099,164.11577481372296,82.50543709390706,10486.540060880303
2455984.31645144,2012.1541860409038,11954.389443809854,0.4527344,63.3526,206.5141,211.4104,164.08981160026633,81.95752527464532,10485.863094422904
2455984.46771345,2012.1546001737167,11953.82916188006,0.4527058,63.356,206.3935,211.4123,164.12506808781836,81.68973746193194,10485.566796851308
2455984.91278402,2012.155818710527,11952.184244733467,0.452628,63.354,206.0454,211.4143,164.15469440824745,80.90496421031605,10484.65465371727
2455985.0677086,2012.1562428709099,11951.554814878802,0.4526261,63.3533,205.9247,211.4095,163.83287008398747,80.62676647243075,10484.115466645762
2455985.37357285,2012.1570802815884,11950.374774805408,0.4525962,63.3531,205.6857,211.4091,163.5442631526248,80.08589862820475,10483.284223511486
2455985.91272688,2012.1585564048735,11948.337020119323,0.4525302,63.3526,205.2629,211.4241,163.21737873732127,79.1466942455346,10481.946599236122
2455985.96756469,2012.1587065426145,11948.109343782318,0.452497,63.3539,205.2192,211.4205,163.48941004885182,79.04534465879925,10481.973176489038
2455986.27447015,2012.15954680397,11946.793311514868,0.4524417,63.3546,204.9773,211.4197,163.42953610445056,78.50015057083704,10481.195504719772
2455986.9670867,2012.161443084736,11944.03617822388,0.4523433,63.354,204.4338,211.4329,163.09513804670132,77.2871894950726,10479.446915164193
2455987.17388804,2012.1620092759474,11943.120360086683,0.4522041,63.3564,204.2695,211.4292,164.25606646200868,76.915360658949,10479.59125762469
2455987.32492617,2012.1624227958112,11942.471285530708,0.4521476,63.3545,204.1516,211.431,164.57525570908365,76.65039350795479,10479.406327731758
2455987.86450567,2012.16390008397,11940.318592847661,0.4521107,63.3541,203.728,211.4369,163.8364956122905,75.70086977080905,10477.768468379165
2455988.37690921,2012.1653029684048,11938.123463490143,0.452069,63.3608,203.3194,211.437,163.1316274736164,74.78733137424456,10476.125907305399
2455989.42907126,2012.1681836311025,11933.836200699901,0.4518902,63.3595,202.4914,211.4379,162.91627319838244,72.923192803137,10473.579283264009
2455990.02739346,2012.1698217480077,11931.325879992128,0.4517703,63.3607,202.0174,211.4405,162.97090779032078,71.86207071723277,10472.190791885758
2455990.33252769,2012.1706571600002,11929.95074282153,0.4516874,63.3604,201.7764,211.4444,163.20600966840448,71.3242223999004,10471.54687068173
2455991.37953896,2012.1735237206292,11925.363630859007,0.4515766,63.3591,200.9506,211.4498,162.0121686720413,69.47186057348017,10468.272571458778
2455991.97038146,2012.1751413592337,11922.760059776441,0.4514307,63.3591,200.4849,211.4535,162.323840059521,68.42751067582503,10466.9768470703
2455992.43013472,2012.1764000950586,11920.729956749501,0.4513363,63.3599,200.121,211.4534,162.33550477102108,67.61036577888945,10465.83467980024
2455992.81479625,2012.1774532409304,11919.0659355526,0.4512685,63.3592,199.8177,211.4562,162.23062941468106,66.93073326503679,10464.833285868131
2455993.32825215,2012.1788590065714,11916.714744247514,0.4511395,63.3591,199.4102,211.4585,162.47771288506283,66.0194576342883,10463.64289761657
2455993.86875215,2012.180338814921,11914.3102779101,0.4510491,63.3607,198.9831,211.4629,162.23504993799907,65.06402662847006,10462.143749445475
2455994.01468181,2012.180738348556,11913.623246858462,0.4510205,63.3605,198.8676,211.4638,162.19863324873404,64.80559451987119,10461.734074339769
2455994.37720227,2012.1817308754828,11911.945495251808,0.4509549,63.3606,198.5814,211.4641,162.0590056350793,64.16238482619775,10460.704769996453
2455994.75592394,2012.1827677589044,11910.255554585632,0.4508757,63.3606,198.2818,211.4649,162.07444423294692,63.49030679437999,10459.756563422665
2455995.18312141,2012.183937361835,11907.984014745347,0.4509118,63.345,197.9214,211.4722,160.39720828529607,62.71614973943508,10457.517481904517
2455995.27711615,2012.1841947054077,11907.649087420761,0.4507855,63.3625,197.8692,211.4603,161.7172397232489,62.55940605326049,10458.07752418452
2455995.96493594,2012.1860778533614,11904.351475112648,0.450587,63.3626,197.3238,211.4708,162.26915699606434,61.34657278992273,10456.522849848569
2455996.32655556,2012.1870679139217,11902.429307702441,0.4504927,63.3629,197.0357,211.47,162.335492316437,60.701250988211825,10455.471404077878
2455996.86231512,2012.1885347436555,11899.806111969285,0.4504313,63.3654,196.6123,211.4799,161.62467520701466,59.75969228401567,10453.581650001996
2455997.2218439,2012.1895190798089,11897.759501617436,0.4505119,63.3678,196.3267,211.4671,159.5409628007119,59.1069312688374,10451.23967699956
2455997.36944162,2012.1899231803425,11896.998424517804,0.4504144,63.3672,196.2092,211.472,160.28271733767178,58.84885507672334,10451.229252430261
2455997.90999348,2012.1914031306776,11894.155912910703,0.4502641,63.3677,195.7814,211.4729,160.5082055242856,57.88917295609775,10449.746111045075
2455998.11521259,2012.1919649899794,11893.140292127024,0.4502216,63.3677,195.6183,211.477,160.45534078112723,57.527903607423525,10449.14043541451
2455998.26808391,2012.1923835288433,11892.428890834106,0.45019,63.3676,195.4964,211.4801,160.44002846950025,57.25842961643525,10448.728477108925
2455998.95385927,2012.1942610794526,11888.988999504372,0.4500438,63.3694,194.9514,211.4846,160.2869120092264,56.04201139704162,10446.69143391656
2455999.31468252,2012.1952489596715,11887.482890965022,0.4500175,63.3706,194.6646,211.4894,159.77125908017115,55.40437451828029,10445.545211653523
2455999.99348084,2012.1971074081869,11884.434871453406,0.4498003,63.3674,194.1257,211.5021,160.67620094320318,54.20913305274894,10444.329262803534
2456000.20753145,2012.1976934468169,11883.37435922558,0.4497694,63.3682,193.9556,211.5007,160.45990370130585,53.82665914593798,10443.605212005632
2456000.35611047,2012.1981002340037,11882.656309357571,0.4497264,63.3681,193.837,211.5004,160.57576491290365,53.56131575861639,10443.263497884549
2456000.79191008,2012.1992933883087,11880.581621543057,0.4496224,63.367,193.4912,211.5029,160.66969946897643,52.788480208847545,10442.13965816619
2456001.25268694,2012.2005549265987,11878.271500952156,0.4495308,63.3644,193.1237,211.5037,160.48631051193206,51.96762642450875,10440.725079814214
2456001.78483819,2012.2020118773164,11875.67144778662,0.4494633,63.3632,192.7009,211.5077,159.85666914866852,51.02432416607468,10438.893311739348
2456001.93772524,2012.202430459247,11874.872137898454,0.4494016,63.3628,192.578,211.5085,160.14929933146686,50.751534671146715,10438.605246698291
2456002.29399505,2012.2034058728261,11873.117073640793,0.449315,63.3624,192.2944,211.5096,160.2111756978793,50.11788578255607,10437.644089411506
2456002.29752988,2012.2034155506637,11873.099899364546,0.4493141,63.3624,192.2916,211.5097,160.21240387147373,50.111701761027575,10437.635035471512
2456002.88626144,2012.2050274098285,11870.185241762441,0.4492049,63.3605,191.8225,211.5164,159.90356725506808,49.06903246171828,10435.805804664049
2456003.18901147,2012.2058562942366,11868.6061250566,0.4491679,63.3617,191.5808,211.514,159.47293593778977,48.526534074793915,10434.665799744507
2456003.33719744,2012.206262005312,11867.83103800158,0.4491017,63.3613,191.462,211.5156,159.83164352230597,48.26327808767729,10434.428509426927
2456004.01008425,2012.2081042689938,11864.306082038174,0.4488794,63.3599,190.9275,211.5201,160.52718651652685,47.07006316220719,10432.819740086441
2456004.23199678,2012.2087118323882,11863.070502115792,0.4488331,63.3605,190.7507,211.515,160.39549313260432,46.6694403402426,10432.043518315531
2456004.9730438,2012.2107407085555,11859.109664291704,0.4487229,63.3577,190.1591,211.5255,159.51928431270517,45.3579449200501,10429.29857339465
2456005.12092569,2012.211145587105,11858.345474968162,0.4486843,63.3577,190.041,211.526,159.55573637390444,45.09458864225326,10428.884987581967
2456005.27469117,2012.2115665740455,11857.542563795309,0.4486663,63.3579,189.9179,211.5268,159.32651460475427,44.820733343656684,10428.299374747148
2456005.80777242,2012.2130260709648,11854.760921932682,0.4485217,63.3599,189.4905,211.5285,159.50710013386833,43.86961445268457,10426.820686768926
2456006.38878469,2012.2146167958654,11852.011983234257,0.448456,63.3613,189.0262,211.5303,158.76979728095557,42.834453488464874,10424.842305958176
2456006.85009412,2012.2158797922518,11849.786548294609,0.4483538,63.361,188.6547,211.5315,158.75342017783714,42.00947478930436,10423.568138452862
2456007.35335764,2012.2172576526766,11847.548865193772,0.4482036,63.3598,188.2501,211.5387,159.2985126380081,41.116045036456626,10422.603454423614
2456007.73379259,2012.2182992268035,11845.74063040133,0.4480638,63.3612,187.944,211.5429,159.95676972931415,40.43917835074092,10421.946372601577
2456007.94515734,2012.2188779119501,11844.892080869153,0.4480946,63.3635,187.776,211.543,159.12360184892168,40.06295169794208,10420.994157954501
2456008.24613741,2012.2197019504722,11843.547583954509,0.448069,63.3652,187.5348,211.5438,158.68476155959524,39.525897830041856,10419.982202502093
2456008.77768697,2012.221157253853,11841.104631602606,0.4479997,63.3676,187.1083,211.5412,158.157008976028,38.57288861288589,10418.295409257766
2456009.28240002,2012.2225390828746,11838.798626124293,0.4479024,63.3684,186.7036,211.5439,158.03600836651913,37.67343016515912,10416.915616640954
2456009.95807056,2012.2243889679942,11835.697369216901,0.4477618,63.3696,186.1597,211.5497,157.98791092107695,36.4693715220767,10415.124281882552
2456010.32128903,2012.2253834059682,11834.010859970194,0.4476651,63.368,185.8684,211.5519,158.20090494055057,35.82227385142983,10414.284642410468
2456010.69896954,2012.2264174388506,11832.260971276879,0.4475835,63.3678,185.5653,211.5539,158.1998928393732,35.14892201377995,10413.288290908411
2456010.91174278,2012.2269999802324,11831.237196683745,0.4475394,63.3679,185.3946,211.5574,158.15610042222124,34.77200711632827,10412.68100146465
2456011.21006279,2012.2278167359075,11829.731170049263,0.4474437,63.3669,185.1546,211.559,158.4561853170917,34.23957507331755,10411.992714808417
2456011.8926392,2012.2296855282689,11826.405549233677,0.4473164,63.3672,184.6066,211.5645,158.12409401044533,33.02430982320902,10409.912720222845
2456012.24704946,2012.2306558506782,11824.54663154816,0.4472629,63.3657,184.3214,211.5637,157.72931393669842,32.388993755872946,10408.632302715354
2456012.92492876,2012.232511783053,11821.102908105599,0.447099,63.3682,183.7742,211.573,157.7633189944927,31.18295810087318,10406.690470945226
2456013.28380755,2012.2334943396306,11819.292745542733,0.4470396,63.3687,183.4846,211.5758,157.46454429240748,30.542437732969688,10405.491579238216
2456013.81910418,2012.2349599019308,11816.5793076139,0.4468959,63.3678,183.0533,211.5783,157.66216301640907,29.586035304931443,10404.057047179565
2456014.02223499,2012.2355160437776,11815.606850994614,0.4468559,63.367,182.8899,211.5803,157.5969175472501,29.224424240036797,10403.466392287022
2456014.32022064,2012.2363318840244,11814.156690057489,0.4467987,63.3668,182.6489,211.5833,157.4705393434997,28.692721751198974,10402.569196700042
2456014.90283883,2012.2379270056945,11811.281546490518,0.4466777,63.3675,182.1785,211.591,157.3091712516907,27.655777949991375,10400.840298208204
2456015.20991898,2012.2387677453253,11809.536602271455,0.4466268,63.3673,181.9286,211.5874,156.94476011608276,27.099611682935915,10399.64126842036
2456015.73792962,2012.240213359671,11806.745198766363,0.4465253,63.3666,181.5016,211.5938,156.59845686365225,26.158590518424546,10397.855916726181
2456016.00246736,2012.2409376245307,11804.921470530937,0.4465392,63.3447,181.2677,211.6083,155.42498101722867,25.678455168904975,10396.157700980919
2456016.2445805,2012.2416004941815,11803.815963668589,0.446431,63.366,181.0923,211.5931,156.0902991920566,25.24922209462568,10395.900974899429
2456016.82797634,2012.2431977449417,11800.563060168968,0.4462696,63.3653,180.6209,211.5939,156.19420353258738,24.203611820981905,10394.104695930497
2456017.27486446,2012.2444212579326,11798.354495859721,0.4461564,63.3647,180.2602,211.5986,156.30682806313325,23.40714714427031,10392.908438877274
2456018.01121453,2012.246437274552,11794.72499569009,0.4460958,63.3612,179.6651,211.6033,155.01141295772413,22.090981161301954,10390.112082896161
2456018.30857657,2012.2472514074466,11793.32355510923,0.445995,63.3603,179.424,211.5994,155.4239161482892,21.552893319202667,10389.543972704418
2456018.8962308,2012.2488603170434,11790.554992996094,0.4457904,63.3651,178.9461,211.615,156.30246644636918,20.51138586440004,10388.456783279607
2456019.1951014,2012.2496785801504,11789.001436098157,0.4457304,63.3645,178.7038,211.6145,156.14881038555086,19.97401114588331,10387.484205867982
2456019.72282416,2012.2511234063245,11786.358296398466,0.4455945,63.3644,178.2764,211.6184,156.28556449394,19.030373723194316,10386.052323887112
2456020.22399616,2012.2524955404795,11783.662537624341,0.4454775,63.3627,177.8703,211.618,156.1697095197942,18.129905427430458,10384.448678165825
2456020.75638263,2012.2539531351956,11780.854330008866,0.4453373,63.3633,177.4382,211.6248,156.26417098940783,17.17987132957103,10382.89826351774
2456020.95913978,2012.2545082540182,11779.73601412343,0.4452627,63.3657,177.2728,211.624,156.5226511875926,16.81382855345464,10382.404299550579
2456021.25540003,2012.2553193703764,11778.093622259894,0.4451886,63.3646,177.0329,211.6281,156.48431189708208,16.286026664532926,10381.444917559666
2456021.98670774,2012.2573215817658,11774.097449107392,0.4450064,63.3614,176.4408,211.6282,156.41243003092768,14.973230564273308,10379.122158162661
2456022.28629394,2012.2581418040797,11772.388005084182,0.4450113,63.3634,176.1954,211.6338,155.40601483726368,14.438150531266615,10377.582998625805
2456022.66341839,2012.2591743145513,11770.26010540294,0.4448748,63.3639,175.8892,211.6331,155.8316950638282,13.759546761537763,10376.605216652864
2456022.81697459,2012.259594728515,11769.44026341873,0.4448385,63.3643,175.7633,211.6339,155.8038107999364,13.483097734637,10376.121184351683
2456023.17035183,2012.260562222669,11767.50481458835,0.4447627,63.364,175.4751,211.6358,155.62130098903526,12.848499839167175,10374.913223179374
2456024.0499339,2012.2629703871326,11762.545851442093,0.4445544,63.3699,174.7584,211.6424,155.31803798176406,11.271460632320327,10371.909512952781
2456024.19645381,2012.2633715367836,11761.734541046219,0.4445274,63.3693,174.6384,211.6456,155.18496602474897,11.010246757910295,10371.371424148683
2456024.72700027,2012.2648240938263,11758.737287783979,0.444404,63.3682,174.2075,211.6472,154.97110214362692,10.058026222549529,10369.538449808428
2456024.86842892,2012.2652113043666,11757.96838640969,0.4443645,63.368,174.092,211.6485,155.0083433669406,9.804430427994816,10369.11958300166
2456025.22491389,2012.2661873070226,11756.056060919233,0.444277,63.3691,173.7998,211.6526,154.97444234221803,9.164969471860672,10368.007114754804
2456025.59534735,2012.2672014985626,11754.009397574682,0.4441797,63.3698,173.4978,211.6545,154.98072956277792,8.499760517456082,10366.840089953337
2456025.80879824,2012.26778589525,11752.845027949126,0.4441271,63.369,173.324,211.6568,154.95174893666172,8.117877710030143,10366.157924060526
2456026.10683571,2012.2686018773713,11751.228280851834,0.4440448,63.3687,173.0798,211.6597,155.02016912663748,7.5828241463153745,10365.271229046528
2456026.62733319,2012.2700269218064,11748.48499705783,0.4439264,63.3702,172.6542,211.6668,154.88604685993687,6.651308149657893,10363.626951722325
2456026.83699354,2012.2706009405617,11747.348997677314,0.4438651,63.3699,172.4833,211.6677,154.97446008837323,6.274661397778061,10363.026205347132
2456027.13521517,2012.2714174268863,11745.745070433464,0.4438124,63.3698,172.2368,211.6717,154.70146093621952,5.738226320936974,10361.956226426802
2456027.6575011,2012.2728473678305,11742.896661951947,0.4436794,63.3693,171.81,211.6752,154.6790167151048,4.800147581013221,10360.313493324062
2456028.0090352,2012.2738098157424,11741.04784336189,0.4435953,63.369,171.5227,211.6779,154.63790297141895,4.169066332767102,10359.232291514129
2456028.16121546,2012.274226462587,11740.254214565926,0.4435648,63.3698,171.3966,211.6794,154.55440193283448,3.8944734686547235,10358.731464515005
2456029.03830515,2012.276627803285,11735.613915130485,0.4434219,63.3599,170.6772,211.6802,153.64939521688757,2.3113908173673963,10355.570850202797
2456029.18342767,2012.277025127091,11734.821788434612,0.4433687,63.36,170.5577,211.6811,153.8328073646835,2.0497542471892984,10355.219340978509
2456029.71251256,2012.278473682574,11731.975153971716,0.4432279,63.3596,170.1243,211.6864,153.90014362465536,1.1001742733251376,10353.626518204712
2456029.76549564,2012.2786187423415,11731.676757008734,0.443209,63.3596,170.0811,211.6856,153.9557332116501,1.0039527570669406,10353.486528728748
2456030.20837433,2012.2798312781104,11729.244223559677,0.4431223,63.3614,169.7165,211.6893,153.61824595419876,0.20653988023741476,10351.905403765004
2456030.57858752,2012.2808448665844,11727.185877847061,0.443022,63.3611,169.4145,211.6912,153.64823587150022,359.54154802963143,10350.742855933904
2456030.79015179,2012.2814240979872,11725.997886079906,0.4429451,63.357,169.2426,211.6925,153.88827983045303,359.1624247246476,10350.195620529272
2456031.23271404,2012.2826357673928,11723.51479107508,0.4428178,63.3538,168.8787,211.6963,153.99746302375297,358.36612373860703,10348.833340640602
2456031.6063002,2012.283658590554,11721.393655906968,0.4427361,63.3541,168.5694,211.6966,153.77324212597432,357.6889074005388,10347.493028330522
2456031.95880397,2012.2846236932783,11719.271630342928,0.4426144,63.3511,168.2825,211.6935,154.01694924166986,357.0514704198098,10346.411985105922
2456032.10866317,2012.2850339854076,11718.279733784791,0.4426241,63.3497,168.1583,211.701,153.3504130700585,356.7870652532573,10345.473153842548
2456032.63232948,2012.2864677056257,11715.119433032514,0.4425092,63.3506,167.7257,211.7075,152.9350048168435,355.8448259747443,10343.430584258651
2456032.83818031,2012.2870312944835,11713.889391374887,0.4424703,63.3527,167.5554,211.7079,152.70493820642332,355.47203398594536,10342.597554633901
2456033.13420534,2012.2878417668444,11712.125700665132,0.4424042,63.3529,167.3128,211.7089,152.49579976293444,354.9386639359916,10341.470092844907
2456034.0077602,2012.2902334297062,11707.025699575739,0.4420985,63.3506,166.5948,211.7142,153.2308983318544,353.36496530577347,10338.952630762282
2456034.15269469,2012.2906302387132,11706.225875353175,0.4421009,63.3507,166.4756,211.7139,152.75658025624853,353.1026140632034,10338.230691502204
2456034.67957729,2012.2920727646547,11703.259803017272,0.4419311,63.3516,166.041,211.7188,153.0890246840654,352.1536047243564,10336.713117879042
2456034.88042598,2012.292622658398,11702.152017210887,0.4418961,63.3507,165.876,211.7222,152.88037919826274,351.7940429767401,10335.961724377246
2456035.1738288,2012.2934259515407,11700.514130102982,0.4418135,63.3496,165.635,211.7228,152.93273048272658,351.2644574453791,10335.050709378813
2456035.5411064,2012.2944315028064,11698.466613640649,0.4417212,63.3525,165.3305,211.7244,152.86960290336538,350.5995589896546,10333.84045010829
2456036.04940641,2012.2958231523894,11695.561409440035,0.4415862,63.3546,164.91,211.7295,152.8265897787669,349.6831651398495,10332.148749652775
2456036.19430894,2012.2962198738942,11694.735466005708,0.4415471,63.3553,164.7895,211.7303,152.82263572373904,349.4206453980896,10331.672326029973
2456036.61957813,2012.2973841974813,11692.293302746888,0.4414025,63.3556,164.4383,211.7331,153.1495081811554,348.6530889066997,10330.450892010462
2456036.92101247,2012.2982094797262,11690.442162964313,0.4412683,63.3535,164.1896,211.7337,153.68432346472855,348.1078872985305,10329.683652955104
2456037.06742804,2012.2986103437095,11689.516368622768,0.4412231,63.3524,164.0677,211.7353,153.69541895828752,347.84327626462175,10329.157975508972
2456037.79370455,2012.3005987804238,11685.106360704032,0.4410887,63.3532,163.4654,211.7429,152.80168669935938,346.5327390474429,10326.129941190577
2456038.08848823,2012.3014058541548,11683.296369540683,0.4410388,63.3526,163.2204,211.7466,152.37305867410305,346.0008925042961,10324.852874377179
2456038.60772509,2012.3028274472001,11680.133500491263,0.4408825,63.352,162.7895,211.7518,152.43074246092328,345.06341900792006,10323.067113960637
2456038.81083712,2012.3033835376314,11678.877848868091,0.4407896,63.351,162.6214,211.7521,152.81365341666424,344.69542645274703,10322.557012173718
2456039.10694465,2012.3041942358657,11677.039232457168,0.4407495,63.3488,162.3763,211.7582,152.25372927128683,344.1645750883489,10321.190676506467
2456039.62702044,2012.305618125777,11673.85966658339,0.4405795,63.3496,161.9437,211.7602,152.46011160991293,343.22137472026543,10319.476645201488
2456039.8278441,2012.3061679509926,11672.565956200206,0.440478,63.3517,161.7758,211.7612,152.92114894505175,342.8565376426384,10318.987297343638
2456040.1206631,2012.306969645722,11670.659428683502,0.4403747,63.3517,161.5327,211.7655,153.0599839748338,342.3291275401178,10317.96743092286
2456040.99413203,2012.3093610733192,11664.868869292977,0.4403704,63.3492,160.8107,211.7568,149.86959937488155,340.7375136051022,10312.875716054425
2456041.13694181,2012.3097520651886,11663.892978989788,0.4402529,63.349,160.6909,211.7659,150.6939696998952,340.4860565321015,10312.769325833058
2456041.50119736,2012.3107493425325,11661.385070122384,0.4400452,63.3492,160.3867,211.7745,151.7122446633648,339.83143668830553,10311.888088290902
2456042.00765506,2012.312135948145,11657.847867988969,0.4397891,63.349,159.9652,211.7794,152.7171461891803,338.91565866784185,10310.406200763042
2456042.15237895,2012.3125321805608,11656.843703825836,0.4396867,63.3464,159.8441,211.7831,153.34826327487735,338.6556149981417,10310.17585403419
2456042.87291207,2012.3145048927304,11651.381392878302,0.4394282,63.3459,159.245,211.7739,153.2995398922967,337.337138617052,10307.003425601348
2456043.16690873,2012.3153098117175,11649.25902213149,0.4394232,63.3462,158.9978,211.788,152.16804499759928,336.8142677816953,10305.158010088047
2456043.74317088,2012.3168875314984,11644.9709941919,0.4392576,63.3463,158.5161,211.7832,151.6926832135523,335.75978866058574,10302.426208461246
2456043.88635773,2012.3172795557284,11643.982801174661,0.4392018,63.3456,158.3965,211.7845,151.7882957297079,335.50035993778556,10301.909474240507
2456044.03662116,2012.3176909545787,11642.971207593211,0.4391455,63.3458,158.2692,211.7888,151.87649514908662,335.22925635166484,10301.375123117237
2456044.70254667,2012.319514159261,11638.27132430065,0.4388492,63.3457,157.7125,211.7884,152.6889642483693,334.0158026660192,10299.113156425297
2456045.04713465,2012.320457589733,11636.28017748632,0.4390532,63.3451,157.4255,211.7806,149.19782946438318,333.3813676961578,10296.045883164606
2456045.56526981,2012.3218761664891,11633.047993580267,0.4387767,63.3469,156.9887,211.8041,150.60128401549628,332.45738006392077,10294.954414987656
2456045.76899434,2012.3224339338542,11631.896595221595,0.4386913,63.3453,156.8186,211.8218,150.94845639825962,332.10418381252634,10294.481333482281
2456046.05882731,2012.3232274532782,11630.178365589694,0.4385668,63.3465,156.5762,211.811,151.43195636379187,331.5653168198413,10293.756120490407
2456046.5781535,2012.3246492908963,11627.008142205752,0.438247,63.3507,156.1388,211.8143,153.37040490850723,330.6193552773378,10292.991656259599
2456046.72390172,2012.325048327775,11626.093903517158,0.4381778,63.351,156.0174,211.8098,153.66135428059624,330.3498020010323,10292.623785261414
2456047.06977862,2012.3259952871178,11624.133622961675,0.437967,63.3504,155.7276,211.8071,155.01039251401926,329.71639663756906,10292.232432324403
2456047.64305063,2012.3275648203426,11620.813368633611,0.438084,63.3454,155.2504,211.8149,151.78466484912497,328.6819646766869,10288.546915619552
2456047.93653765,2012.3283683440109,11618.961468520314,0.4380177,63.3471,155.0034,211.8168,151.51438969042283,328.147596156109,10287.329851400078
2456048.07996152,2012.3287610171667,11618.056474845014,0.4379527,63.3466,154.8834,211.8195,151.76097293415842,327.88893381997127,10286.942710979858
2456048.60049333,2012.3301861555922,11614.768445889753,0.4378032,63.348,154.4466,211.8202,151.64935302019148,326.9397839868167,10284.983357273604
2456048.79942374,2012.330730797371,11613.584263175911,0.4377748,63.3469,154.28,211.8237,151.31343508092868,326.58061294641846,10284.115529929963
2456049.08939459,2012.3315246942914,11611.844659792392,0.4377176,63.348,154.0359,211.8273,150.99958373524896,326.05431005514333,10282.93907148425
2456049.61006483,2012.3329502117185,11608.671693540571,0.4375376,63.3482,153.5986,211.8283,151.3050415608941,325.10482378135714,10281.27401071894
2456049.74773944,2012.3333271442568,11607.855151817714,0.4375011,63.3486,153.4821,211.8314,151.26945425679696,324.8557280675184,10280.7828870185
2456050.09806807,2012.3342862917732,11605.789148134163,0.437391,63.3504,153.186,211.8356,151.38512684261332,324.2185349616766,10279.652779677575
2456050.67031453,2012.3358530171934,11602.423985266849,0.4372414,63.3477,152.7056,211.8405,151.22757855519194,323.1790138103547,10277.622249728294
2456051.10596022,2012.3370457500891,11599.778893897545,0.4371147,63.3489,152.3368,211.8457,151.20872262518787,322.38602996787006,10276.083368259231
2456051.6261633,2012.3384699885014,11596.63886128946,0.4369711,63.3478,151.8997,211.8515,151.1065217690566,321.4420041395054,10274.212523363822
2456051.82341826,2012.3390100431488,11595.335563472774,0.4368726,63.3508,151.7311,211.8511,151.5148679859576,321.0785844664453,10273.682362778853
2456052.11303214,2012.3398029627374,11593.42088228421,0.436843,63.3468,151.489,211.8592,150.77982380452886,320.55913341453345,10272.17352726729
2456052.47803959,2012.3408022986725,11591.054441665916,0.4368097,63.3442,151.1809,211.8575,149.83312831815965,319.8895724778555,10270.287775826531
2456052.97499553,2012.3421628898843,11587.909985841578,0.4366602,63.3417,150.7616,211.8651,149.794593841998,318.98805964168173,10268.448395763286
2456053.6383184,2012.343978968925,11583.694566051312,0.4363979,63.3426,150.1995,211.864,150.45828318510758,317.77107118695835,10266.372550789056
2456053.8356563,2012.3445192506508,11582.596794794757,0.4363684,63.3412,150.0337,211.8724,150.18126360504084,317.41916976572963,10265.58617562858
2456054.12479008,2012.3453108557972,11580.88582779604,0.436297,63.3402,149.7892,211.8728,150.04378378611182,316.89009191304353,10264.52115335243
2456054.64303116,2012.346729722546,11577.802533094407,0.4360777,63.3407,149.3494,211.8728,150.84473340842396,315.9394998834849,10263.173838962211
2456054.84032,2012.347269869952,11576.665884533491,0.4360127,63.3391,149.1836,211.8765,150.95623522015467,315.5829468172891,10262.576715049998
2456054.98728204,2012.347672230089,11575.843810490313,0.4359923,63.3392,149.0568,211.877,150.7287431138766,315.31179716790507,10261.976753558745
2456055.9908481,2012.3504198442158,11569.910326211932,0.4357376,63.3397,148.205,211.8838,150.32906845312755,313.47765608231975,10258.323364139042
2456056.5014059,2012.3518176752905,11566.870108546518,0.4355858,63.3398,147.7704,211.8861,150.36943881919615,312.5421368953966,10256.58455342898
2456056.99150043,2012.3531594809851,11564.028444789808,0.4354895,63.3386,147.3555,211.8895,149.87917938251758,311.64758684536275,10254.671392225073
2456057.50484409,2012.354564939329,11561.02612257841,0.4353324,63.3373,146.9204,211.8938,150.00057417365588,310.71082184150805,10252.99799584071
2456057.70660025,2012.3551173175913,11559.676519137913,0.4352837,63.3433,146.748,211.894,149.80145308444025,310.33976566714335,10252.107543717824
2456057.99765052,2012.3559141698013,11557.586284813415,0.4353421,63.336,146.5056,211.893,147.94610065154484,309.80949887151246,10249.88631208959
2456058.56188486,2012.3574589592336,11553.756615790782,0.4349907,63.3304,146.0283,211.8875,149.8436378583192,308.7705746759341,10248.699223701997
2456058.71125307,2012.3578679071043,11552.579572090326,0.4350389,63.3409,145.8973,211.8778,148.62176288567935,308.4826534424903,10247.352255314201
2456058.99497027,2012.358644682464,11550.679440142581,0.4348364,63.3374,145.6553,211.8974,149.88727483696584,307.98061431296884,10246.938787401474
2456059.50866671,2012.3600511066666,11546.893962280616,0.4346309,63.3409,145.2185,211.8984,150.1207472500264,307.03850160000366,10244.870260845822
2456059.70661971,2012.360593072444,11545.633203044044,0.4345965,63.3413,145.0501,211.902,149.80512271731277,306.6785939201359,10243.96745728304
2456059.99954713,2012.3613950640108,11543.781266919294,0.4344654,63.3394,144.8017,211.9048,150.27142127469597,306.14427695609425,10243.146387302098
2456060.50915659,2012.3627902986718,11540.453623114145,0.4342334,63.3411,144.3666,211.9064,151.0669088069708,305.20849247816466,10241.647301870718
2456060.99510748,2012.3641207596984,11537.496012245909,0.4340772,63.3403,143.953,211.9141,151.19574823903986,304.32362650855754,10240.000472990023
2456061.50872566,2012.3655269696371,11534.352383914595,0.433957,63.3396,143.5164,211.9226,150.80312644816968,303.3892909306729,10237.962417939902
2456061.99847866,2012.3668678402735,11531.171610036738,0.4338267,63.3394,143.0987,211.9228,150.50518332081265,302.4890775015421,10235.953872240992
2456062.99635034,2012.3695998640385,11524.843779434912,0.433539,63.3412,142.2452,211.9308,150.23823214247932,300.6600489461231,10232.133684710321
2456063.50515236,2012.3709928880494,11521.588476411858,0.43343,63.3449,141.8051,211.9371,149.65008308066626,299.7247603021891,10229.923733485917
2456063.98913811,2012.372317968816,11518.774974534175,0.4333054,63.3384,141.3972,211.9341,149.49127668365418,298.8368312262093,10228.202772464723
2456064.62629139,2012.3740623994252,11514.991374747498,0.4330857,63.3451,140.8448,211.9519,149.87697472101536,297.6742362069391,10226.21224632544
2456064.69840854,2012.3742598454205,11514.57050982293,0.4330715,63.3445,140.7829,211.9533,149.80188727814857,297.5426556485861,10225.926947016344
2456064.98554497,2012.3750459821213,11512.787944403764,0.4329699,63.3439,140.537,211.9507,149.9609993940603,297.0111464363439,10224.976613360215
2456065.49816513,2012.3764494596307,11509.697720063572,0.4328503,63.3413,140.0995,211.9561,149.5853090247383,296.0737945329123,10222.976467934965
2456065.69449025,2012.3769869685152,11508.36822777025,0.4328101,63.3441,139.929,211.9605,149.2939242721859,295.7141913345056,10222.045732414155
2456065.98111302,2012.377771698891,11506.462206015565,0.4327453,63.3408,139.6847,211.9594,148.95846673469714,295.18628839931216,10220.75581618591
2456066.49329686,2012.37917398182,11503.096270105605,0.4325293,63.3416,139.2428,211.9644,149.53379256421704,294.2445665447696,10219.108614811243
2456066.98099736,2012.380509233018,11500.08125317316,0.4324123,63.3421,138.8233,211.9718,149.16836830167267,293.3517761134996,10217.156870805502
2456067.48763787,2012.3818963391377,11496.880417897764,0.4322635,63.3427,138.3857,211.9718,149.06234937581394,292.41481791045857,10215.236772723578
2456067.96987951,2012.383216644791,11494.141304953653,0.4321005,63.342,137.9706,211.9777,149.3808000125273,291.5303078752713,10213.814135371751
2456068.48114841,2012.3846164227518,11491.199151913528,0.4319394,63.342,137.5288,211.9906,149.5611849554898,290.59748780932466,10212.198343263863
2456068.62234955,2012.3850030104038,11490.364626913037,0.4318962,63.3422,137.4071,211.9915,149.58350793487898,290.337516254604,10211.7243985066
2456068.96309451,2012.385935919261,11488.344752089422,0.4317781,63.3409,137.1151,211.9912,149.79278288727983,289.70936906598365,10210.660826619813
2456069.47384203,2012.3873342697602,11485.353730735838,0.4316573,63.3407,136.6752,211.9948,149.48064978147886,288.7696628863158,10208.75026821184
2456069.95927068,2012.3886633009715,11482.584176609575,0.4315269,63.3397,136.2567,212.0009,149.40392288819294,287.87881165024294,10207.095319517332
2456070.46572888,2012.3900499079532,11479.627944260528,0.431373,63.3401,135.8194,212.0058,149.4900990610313,286.9472331368486,10205.419005606587
2456070.66138148,2012.390585575578,11478.465731636385,0.4313051,63.3411,135.65,212.0076,149.60862140638073,286.58679279196576,10204.805438946918
2456070.94724201,2012.3913682190553,11476.664176260669,0.4311934,63.3402,135.4032,212.0077,149.8660294406318,286.05834114012134,10203.89384665791
2456071.50916266,2012.39290667395,11473.239602262658,0.4309688,63.3365,134.9195,212.008,150.49499876304253,285.02109737801516,10202.235534979674
2456071.65332881,2012.3933013793562,11472.002573985052,0.430886,63.3447,134.7909,212.0104,150.7409728909288,284.7528034317337,10201.646402909353
2456071.8523935,2012.3938463887748,11470.365003724723,0.4310392,63.327,134.6031,212.0249,148.05174881122002,284.38330004102716,10199.245000814331
2456071.93807089,2012.3940809606845,11470.150848526378,0.4308541,63.3402,134.5471,212.0243,150.05302782030867,284.24225415356636,10200.196482040508
2456072.44678343,2012.3954737397123,11466.658420269592,0.4307199,63.3458,134.1072,212.005,149.60415215691592,283.28165370354736,10197.918006524436
2456072.64233238,2012.3960091235597,11465.5713573309,0.4306636,63.3432,133.9376,212.0126,149.63082052588925,282.92691551851635,10197.298160165947
2456072.92815859,2012.3967916730735,11463.9549255549,0.4305109,63.3449,133.6886,212.0215,150.46107299482628,282.40509769353207,10196.80110865072
2456073.43607821,2012.3981822812043,11460.849653187379,0.4303611,63.3447,133.2502,212.0225,150.40948950703932,281.4670787664277,10194.961150936482
2456073.63494316,2012.398726743765,11460.11575314474,0.430329,63.332,133.0823,212.0505,150.35930120971807,281.13117224453856,10194.50583801965
2456073.92055507,2012.3995087065573,11458.49931145322,0.4301716,63.3384,132.832,212.037,151.24202904649064,280.5858656393833,10194.036070019301
2456074.56893277,2012.401283867953,11455.193074563731,0.4301895,63.3431,132.2699,212.0423,149.152993413697,279.3900075369335,10190.984632518088
2456074.76351711,2012.4018166108424,11454.265169017846,0.4301333,63.3413,132.105,212.0467,149.26799279314127,279.03772009677925,10190.504602321847
2456074.90913829,2012.4022152999048,11453.532947862263,0.4301555,63.3434,131.9785,212.0311,148.5964559080967,278.75209203428824,10189.716715987513
2456075.41229159,2012.403592858563,11450.86237259039,0.4300088,63.3451,131.5418,212.0441,148.7544847876443,277.83247091733114,10188.242142429524
2456075.60838847,2012.40412974256,11449.811484050517,0.4299739,63.3458,131.3719,212.0435,148.55508598852794,277.46869267841987,10187.521480619635
2456075.89687634,2012.4049195793013,11448.35389057529,0.4299416,63.3459,131.1212,212.0477,148.09400149512476,276.9378514515314,10186.422918947517
2456076.39923236,2012.406294955127,11445.708675575002,0.4297628,63.3441,130.6848,212.0574,148.63256717559761,276.01601615434754,10185.166630100784
2456076.59811792,2012.406839474114,11444.68905410753,0.4297008,63.3434,130.5116,212.0634,148.7607118062806,275.65278931899337,10184.6396532199
2456076.88559689,2012.4076265486378,11443.270028732893,0.4295894,63.3431,130.2593,212.0734,149.2262230515471,275.1271424903471,10184.06001732136
2456077.38538051,2012.4089948816147,11440.707862680407,0.4294611,63.3455,129.8253,212.0704,149.23257919503067,274.19754261870276,10182.56614692648
2456077.57770138,2012.4095214274607,11439.702263275292,0.4294075,63.3439,129.6592,212.0701,149.27201365790825,273.8415861141584,10181.999538846185
2456077.86841748,2012.4103173647638,11438.24995847211,0.42936,63.3432,129.4066,212.0753,148.98665630252526,273.3076486849816,10180.997855863912
2456078.37072763,2012.411692615003,11435.70672022576,0.42926,63.3424,128.9705,212.0763,148.67895350165054,272.37745859889935,10179.346431555248
2456078.57064172,2012.4122399499527,11434.638433451977,0.429204,63.3415,128.7971,212.0777,148.70957926065512,272.00841801705013,10178.738274809119
2456078.85450955,2012.4130171377144,11433.097760619607,0.4291267,63.3399,128.5505,212.0796,148.71394782752395,271.4839304228532,10177.839805197484
2456079.69462462,2012.4153172474196,11428.61818908203,0.4289479,63.3381,127.8169,212.0855,148.20011697348946,269.9281909289294,10174.945284001471
2456079.84146219,2012.4157192667756,11427.833390595191,0.4289134,63.338,127.6888,212.0864,148.14621640147925,269.65626396077454,10174.457439898459
2456080.33894109,2012.4170812897737,11425.169871756021,0.4287191,63.3376,127.2543,212.0915,148.8450269896639,268.7365356815025,10173.272962743942
2456080.54047275,2012.4176330533883,11424.13607221883,0.4287014,63.3368,127.0788,212.0913,148.45664426811618,268.36220078020295,10172.46052204276
2456080.82696578,2012.4184174285558,11422.705653860197,0.42863,63.3362,126.8292,212.0959,148.45502944610053,267.83482571992096,10171.622708210185
2456080.96574061,2012.418797373333,11421.98899048955,0.4286188,63.3351,126.7088,212.0981,148.17347577270812,267.5798456000852,10171.052899588445
2456081.37517358,2012.4199183397122,11419.918055160973,0.4284883,63.3366,126.3492,212.1007,148.4804815657426,266.8192977035882,10170.005005130362
2456081.52446014,2012.4203270640387,11419.171814725061,0.4284707,63.3348,126.2194,212.101,148.2549738495436,266.5426569460537,10169.44779631307
2456081.8102536,2012.4211095238882,11417.753935350009,0.4283949,63.3357,125.969,212.1034,148.31007999113535,266.01297140028873,10168.647333587374
2456081.94948999,2012.4214907323471,11417.04198421201,0.4283666,63.3356,125.8472,212.1012,148.22622737785787,265.7517363550385,10168.185813149226
2456082.35964565,2012.4226136773436,11414.981938747816,0.4282587,63.3362,125.4879,212.1061,148.28031313619704,264.9930761562636,10167.008721107824
2456082.50764428,2012.4230188755096,11414.180806141101,0.4282009,63.3364,125.3587,212.1064,148.48201218875602,264.7183048165649,10166.647340351767
2456082.93253328,2012.424182158193,11411.731417850464,0.4280957,63.3367,124.9878,212.1092,148.2819683137759,263.93142305052083,10165.106345706236
2456083.43969569,2012.425570693196,11408.942458577789,0.4279757,63.3364,124.5434,212.1106,148.05602360823923,262.98855044945185,10163.352463968915
2456083.63582054,2012.4261076537719,11407.431525757094,0.4279234,63.3475,124.3641,212.0966,147.78834198792993,262.6019446421682,10162.324708111839
2456083.91483438,2012.4268715520332,11405.79870832445,0.4278075,63.3409,124.1223,212.1124,148.17617741293725,262.10094126802505,10161.575035967473
2456084.42121782,2012.428257954333,11402.593100562925,0.4276233,63.3379,123.6806,212.1104,148.44231034297445,261.15813644010706,10159.83867369023
2456084.61480613,2012.4287879702397,11401.33019569585,0.4275266,63.3391,123.5101,212.1111,148.8219616526685,260.7975307136962,10159.300852438331
2456084.89640404,2012.4295589432993,11399.56506869974,0.4274552,63.3356,123.2652,212.1254,148.6254023456786,260.2893804122753,10158.161591392227
2456085.45281826,2012.4310823224096,11396.012324157464,0.4273914,63.3514,122.769,212.1255,147.31836251855202,259.24486393258724,10155.382970904408
2456085.73819953,2012.4318636537446,11394.319129880616,0.4272106,63.3429,122.5249,212.119,148.40891781283972,258.71298465198925,10154.970932049475
2456085.88189251,2012.432257063683,11393.415535747725,0.427163,63.3443,122.3986,212.1205,148.4336752511199,258.44655707411175,10154.45427206415
2456086.38129498,2012.4336243531284,11390.36092766677,0.4270021,63.346,121.9592,212.1212,148.5165917951117,257.515632873745,10152.7070016445
2456086.56991646,2012.434140770596,11389.223471662446,0.4269444,63.3469,121.7931,212.1244,148.52199008760635,257.1668225854323,10152.042700895268
2456086.8615239,2012.4349391482551,11387.486297421978,0.4268758,63.3456,121.5371,212.1307,148.3076742209323,256.62970662815843,10150.909691215742
2456087.3598411,2012.4363034663927,11384.492526354989,0.4267094,63.3458,121.0994,212.1335,148.48625112956688,255.70365209862211,10149.248184057427
2456087.55625098,2012.4368412073377,11383.326097304085,0.4266638,63.3458,120.9272,212.1355,148.3366279891543,255.33986535839955,10148.48420813369
2456087.83680299,2012.4376093168794,11381.783290970854,0.4266692,63.3467,120.6824,212.1408,147.39061963895165,254.823845923441,10147.076097283616
2456088.33738744,2012.4389798424088,11378.956090362777,0.4264819,63.3482,120.238,212.1463,147.9009769282884,253.8915567328516,10145.688025795209
2456088.53444279,2012.439519350554,11377.862419986448,0.4264103,63.3479,120.064,212.1507,148.08839212130079,253.52773380055578,10145.145590664242
2456088.82087637,2012.4403035629573,11376.302320289142,0.4262873,63.3498,119.8084,212.1519,148.59282018934755,252.99101733534218,10144.497541977351
2456089.36361076,2012.4417894887333,11373.280851141173,0.4261626,63.347,119.3326,212.1546,148.27761308863683,251.9829840560073,10142.556065272904
2456089.65104211,2012.4425764328812,11371.705780715116,0.4261004,63.3473,119.0791,212.1581,148.08109887009323,251.44968416280466,10141.526797420096
2456089.79600847,2012.4429733291445,11370.958455150092,0.4260786,63.3458,118.9519,212.1583,147.9000959215782,251.17980150800565,10140.991850103313
2456089.93428799,2012.443351917837,11370.182945777151,0.4260586,63.3438,118.8312,212.1595,147.68241815546207,250.92400957866693,10140.420883074987
2456090.2893913,2012.4443241377144,11368.264088084377,0.4259794,63.3441,118.5174,212.1708,147.48147280064677,250.27151042282497,10139.187219837691
2456090.63012907,2012.4452570268857,11366.262853251126,0.4258277,63.3413,118.2179,212.1708,148.0569848557625,249.6361703211292,10138.316798162423
2456090.9111063,2012.4460263006163,11364.52377344125,0.4257613,63.3392,117.9708,212.1711,147.8130577799975,249.11243177816084,10137.165675758837
2456091.31707839,2012.4471377916227,11362.098757215022,0.4256756,63.338,117.6133,212.1715,147.39425147826387,248.35519501586043,10135.51870381949
2456091.54589297,2012.4477642518007,11360.487572861397,0.4255762,63.3386,117.4121,212.1615,147.59814145582004,247.9184693517821,10134.67986866149
2456091.88715698,2012.4486985817389,11358.1645535699,0.4256466,63.3409,117.1087,212.1809,145.4641291023545,247.29811057401724,10132.183781455758
2456092.39066965,2012.4500771242983,11354.816661759445,0.4253029,63.3434,116.659,212.1835,147.44390654483504,246.35473525263325,10131.264519539001
2456092.44062112,2012.4502138839696,11354.505465772425,0.4252817,63.3435,116.6148,212.1837,147.50577862943646,246.26150177091688,10131.11430069807
2456092.86252244,2012.451368986831,11351.922322172784,0.4251729,63.3446,116.2402,212.1898,147.25628787984715,245.47716474083217,10129.463261671432
2456093.36494209,2012.4527445368656,11348.752963016848,0.4249664,63.3479,115.793,212.1821,147.77797183424536,244.5270667284234,10127.875176453163
2456093.55664131,2012.4532693807255,11347.727566460924,0.4249949,63.3444,115.6239,212.1919,146.86492412562075,244.17882293882093,10126.78901380951
2456093.84181711,2012.4540501495137,11346.185135711594,0.424904,63.3423,115.3704,212.2013,147.00938680719537,243.65364617510073,10125.958059872506
2456094.33808179,2012.455408848159,11343.45968090607,0.4247105,63.3412,114.931,212.2078,147.63694809861227,242.73161466270113,10124.686232819216
2456094.53012296,2012.4559346282272,11342.413184812393,0.4246645,63.3397,114.7614,212.2087,147.55666089063016,242.3736338382064,10124.027942839904
2456094.81134243,2012.456704565174,11340.952463051262,0.4246281,63.3404,114.5128,212.212,147.12906647548334,241.8511565373292,10122.942292495647
2456095.31009358,2012.4580700714027,11338.263754664833,0.424442,63.3481,114.0666,212.2021,147.69211010738218,240.90347429505016,10121.657125349377
2456095.50543638,2012.4586048908418,11337.224152482308,0.4243796,63.348,113.8929,212.2067,147.801201541527,240.54183929699093,10121.10269758594
2456095.78725134,2012.4593764581525,11335.680066727875,0.4243177,63.3476,113.642,212.21,147.6140728780565,240.01647506507572,10120.094758193161
2456096.47761587,2012.461266573224,11331.500347828724,0.4240421,63.3461,113.0272,212.2138,148.33084418470116,238.7250336393563,10118.011526687837
2456096.75980645,2012.4620391689255,11329.467714724098,0.4239995,63.3454,112.7774,212.2301,147.64276841493847,238.213399186868,10116.451185513222
2456097.30675286,2012.4635366265848,11325.66789739512,0.4234733,63.3346,112.293,212.2473,151.4136381811477,237.20711442948993,10116.199709930204
2456097.52648832,2012.4641382294865,11324.201431619118,0.4234437,63.3363,112.0955,212.2493,150.90337786902182,236.79503738483362,10115.066404697895
2456097.72988741,2012.4646951058455,11322.564395929705,0.4235162,63.3362,111.9156,212.2472,149.1386487102609,236.41256189562222,10113.171754558098
2456098.369918,2012.4664474140998,11317.874074120627,0.4233616,63.3418,111.345,212.2169,148.1844975023996,235.18083092407085,10109.904002970878
2456098.56109238,2012.4669708210265,11316.973830196152,0.4233159,63.3332,111.1788,212.2372,148.18256799022038,234.84650443042102,10109.372166859564
2456098.83927428,2012.46773244156,11315.385339594726,0.4232125,63.3381,110.9281,212.2553,148.43652156149346,234.33972103841654,10108.56911899245
2456099.33953468,2012.4691020798903,11313.450175350343,0.4232764,63.346,110.4807,212.2386,146.5974135486813,233.3825512395299,10106.45978793722
2456099.80930926,2012.4703882525941,11310.231405736842,0.4233494,63.3431,110.059,212.2573,143.91542625699367,232.51652906613026,10103.149704823092
2456100.27996172,2012.4716768288024,11308.202427444457,0.4231226,63.3327,109.6175,212.2581,145.31011501784724,231.61194163110457,10102.68732055105
2456100.35851481,2012.4718918954413,11307.63021295317,0.4229853,63.3472,109.5672,212.2429,146.53255503810942,231.46901764108708,10102.99294187122
2456100.60762324,2012.4725739171527,11306.295863071859,0.4229293,63.347,109.3445,212.2417,146.39576810998096,230.99958982507206,10102.133773910502
2456100.778812,2012.473042606434,11305.47294232451,0.422874,63.3467,109.1924,212.2463,146.54607731197484,230.6833616837169,10101.727288547248
2456101.27487292,2012.4744007472143,11302.839638145035,0.4226792,63.3418,108.7529,212.2556,147.22812216560305,229.76423100286507,10100.531889853206
2456101.46489859,2012.4749210091445,11301.815185383815,0.4226328,63.3427,108.5821,212.2584,147.16108850253477,229.4089367080103,10099.892006563878
2456101.7512233,2012.4757049234775,11300.279936884808,0.422568,63.3446,108.3254,212.2636,147.0069445152676,228.8752275481384,10098.904800361504
2456102.24054108,2012.4770446025461,11297.664479622797,0.4224741,63.3473,107.8868,212.2652,146.5575464921867,227.95594308335507,10097.124712079461
2456102.4369642,2012.4775823797395,11296.577102614954,0.4224056,63.3468,107.7109,212.269,146.703373638622,227.59024329375433,10096.559310039218
2456102.85505826,2012.4787270588906,11294.271902696937,0.4223317,63.3464,107.3359,212.2744,146.20654976870537,226.8085587993798,10094.937275667276
2456103.20484391,2012.4796847198081,11292.330903012813,0.4222302,63.3469,107.0215,212.2761,146.23146736753188,226.1511008690478,10093.804116794834
2456103.48393914,2012.4804488409038,11290.808484518742,0.4221513,63.3471,106.7711,212.2789,146.24270472812532,225.62841727464166,10092.910846929222
2456103.82206429,2012.4813745771112,11288.980446109465,0.4220907,63.3452,106.4687,212.2843,145.87048732480798,224.9981522400106,10091.63574377855
2456104.32074013,2012.4827398771522,11286.264216287569,0.4219456,63.3455,106.0205,212.2888,145.9383897875814,224.06294422525036,10090.066711715186
2456104.51035426,2012.4832590123476,11285.209407288761,0.4218752,63.3468,105.8494,212.2896,146.1231315469331,223.70575555484254,10089.540356912647
2456104.78850671,2012.4840205522519,11283.639547225015,0.4218173,63.3463,105.5992,212.2923,145.8688792413359,223.18410118935145,10088.479391887126
2456105.28544105,2012.4853810843254,11280.896947457359,0.4217,63.3477,105.1509,212.3018,145.606404714591,222.25550964286793,10086.720959321876
2456105.47555178,2012.4859015791371,11279.729549488582,0.4215787,63.3488,104.9812,212.2976,146.29952966359997,221.89423151062232,10086.39415170496
2456105.75755663,2012.4866736663378,11278.007320197416,0.4215257,63.3461,104.7299,212.2994,145.90108994607544,221.36678011843998,10085.167286751026
2456106.24863038,2012.4880181529904,11275.091679116194,0.421398,63.345,104.2871,212.3022,145.65429571998902,220.44276492340794,10083.314179635123
2456106.54052546,2012.488817318166,11273.423433442027,0.4213015,63.3438,104.0251,212.305,145.77693079775054,219.8958654602219,10082.391901971037
2456106.72198791,2012.4893141352775,11272.348395678391,0.4212608,63.3427,103.8615,212.3085,145.6135926361958,219.55691130010376,10081.670622099211
2456107.35656807,2012.4910515210681,11268.664709687548,0.4210227,63.3435,103.2884,212.3109,146.16476822018012,218.36075241547962,10079.78011389749
2456107.54569598,2012.4915693250653,11267.5950696131,0.4209792,63.3412,103.1191,212.3125,146.03561128343335,218.00664297651304,10079.079718431989
2456107.82283808,2012.492328098782,11266.018830645773,0.4208933,63.3419,102.8695,212.3155,146.09068715313242,217.48688443848965,10078.17588344159
2456108.32037635,2012.493690284326,11263.209962477526,0.4207294,63.3422,102.4197,212.3193,146.3100928903341,216.55049764263322,10076.628324211662
2456108.50914701,2012.4942071102253,11262.141202829314,0.4206771,63.3406,102.2505,212.3205,146.2800018325661,216.1964403188714,10075.98001326409
2456108.78619788,2012.4949656341678,11260.595873842625,0.4206084,63.3393,102.002,212.3233,146.15836029907678,215.67767169956414,10075.001708750407
2456109.28252938,2012.496324515757,11257.785788842157,0.4204421,63.3386,101.554,212.3283,146.40239043120346,214.74547432755094,10073.465515626276
2456109.4717142,2012.4968424755646,11256.67351073435,0.4203691,63.3392,101.383,212.3292,146.5794980331102,214.38890879672823,10072.899382369604
2456109.75265903,2012.497611660588,11254.94006817032,0.4203469,63.3377,101.1315,212.3264,145.82460082913713,213.8577021882944,10071.478697960574
2456110.43859685,2012.4994896559886,11250.41849458013,0.4201443,63.3512,100.5085,212.3242,145.4829914677066,212.55642384414392,10068.622362735468
2456110.71419772,2012.5002442100476,11248.525905522918,0.4200086,63.3467,100.2569,212.3487,145.91198788050406,212.05768438281586,10067.724981066864
2456111.25494922,2012.5017247069677,11244.671112887321,0.4196295,63.3435,99.7659,212.3522,147.9390961219715,211.03720549159095,10066.497341319266
2456111.39910593,2012.502119386529,11243.562678381692,0.4196478,63.3466,99.6326,212.3423,147.0900362367065,210.7519208495085,10065.397824435498
2456111.81078456,2012.5032465011914,11240.722067782372,0.4195453,63.3468,99.2602,212.3658,146.59365563799565,209.99725957109217,10063.455195015074
2456112.35283558,2012.5047305560022,11236.8521556132,0.4193789,63.3504,98.7721,212.3498,146.2171591295073,208.95889983923632,10060.964460471314
2456112.77070885,2012.5058746306643,11234.073949914227,0.4192516,63.3496,98.3942,212.3577,146.03417189436823,208.1770329608678,10059.22152531685
2456113.26542463,2012.507229088652,11230.771034890378,0.4190731,63.3501,97.9454,212.3599,146.1207019086596,207.2428280852837,10057.307268428412
2456113.45410916,2012.5077456787412,11229.534652928556,0.4189968,63.3511,97.7736,212.3629,146.25926786238142,206.88805565316164,10056.645796844423
2456113.73006421,2012.5085012024915,11227.824019112302,0.4189171,63.3499,97.5222,212.372,146.16024171543177,206.37376710306427,10055.57924695922
2456114.19580747,2012.5097763380425,11224.892528512211,0.4190393,63.3356,97.0714,212.3844,143.08512078922377,205.47631830471465,10052.240367714669
2456114.22225406,2012.5098487448602,11224.620908717043,0.4187676,63.3509,97.0755,212.3726,145.97704986378722,205.442551850308,10053.583042755668
2456114.41149572,2012.5103668602876,11223.408445341454,0.4187196,63.3498,96.9038,212.3748,145.81105047145866,205.08653029647337,10052.777093209
2456114.69139736,2012.511133189213,11221.634349207323,0.4186458,63.3498,96.6448,212.3819,145.60795977594444,204.55875188330867,10051.618429355582
2456115.22532429,2012.512595001478,11218.206028841394,0.4184382,63.3481,96.1608,212.3821,145.94379090385337,203.54869946788733,10049.757398472853
2456115.44453449,2012.5131951662968,11216.757020682127,0.4183675,63.3469,95.9613,212.3885,145.8941278318971,203.1395401331729,10048.871119720927
2456115.78454009,2012.514126050896,11214.427664051773,0.4182614,63.3452,95.6507,212.3912,145.7291490867483,202.49652167742607,10047.402012499873
2456116.27856751,2012.5154786242579,11211.13101220334,0.4181071,63.3447,95.1996,212.3934,145.54123697093564,201.56069526716254,10045.346170460705
2456116.46623839,2012.5159924391244,11209.822167337032,0.4180032,63.3462,95.0271,212.3967,145.9443299592167,201.20652191521503,10044.777642912788
2456116.74108589,2012.5167449305686,11207.90193502319,0.4178409,63.3428,94.7778,212.4064,146.64580338135784,200.6960249952711,10044.00030064792
2456117.23359337,2012.5180933425595,11204.534021305362,0.4176703,63.3441,94.3273,212.4074,146.5966352665455,199.76109667860328,10041.972928926572
2456117.28309206,2012.5182288625876,11204.22498956823,0.4176557,63.344,94.282,212.4089,146.5802585926176,199.66850946845847,10041.780729807822
2456117.69714308,2012.5193624724989,11201.562821765843,0.4175263,63.3431,93.9047,212.4192,146.4794425763912,198.89340990043968,10040.145732486742
2456118.18643027,2012.5207020678163,11198.32923554317,0.4173414,63.3434,93.4573,212.4244,146.66653472065354,197.96895558618246,10038.31969107065
2456118.51544132,2012.5216028509785,11196.113586538691,0.4172369,63.3456,93.1555,212.4238,146.54556164340556,197.342273647732,10036.939206450415
2456118.65538771,2012.5219860033123,11195.038472877008,0.4172886,63.3463,93.0269,212.4222,145.3402415840228,197.07413880754137,10035.675816842095
2456119.28274995,2012.5237036275153,11190.80971436236,0.4170704,63.3429,92.4537,212.4289,145.317930469364,195.88929409450077,10033.148620094702
2456119.47048515,2012.5242176184802,11188.916120139946,0.4164505,63.3496,92.2723,212.4377,151.15010744960455,195.5316573471382,10035.035987234582
2456119.74387866,2012.5249661291164,11186.776932305465,0.4165718,63.3404,92.0261,212.4672,148.54482941649894,195.04549351806952,10032.41652131016
2456120.23564043,2012.5263124994658,11182.821699883969,0.4164887,63.3388,91.5756,212.4449,147.1665277675056,194.08800019230364,10029.349446411423
2456120.41765034,2012.5268108154419,11181.528065476614,0.4164714,63.341,91.4067,212.4501,146.60511790827604,193.74490644094521,10028.289152066156
2456120.70071855,2012.527585813963,11179.578035489472,0.4164732,63.3431,91.1457,212.4571,145.44709639945813,193.21190697329473,10026.529851221658
2456121.15986654,2012.5288428926494,11176.59759135023,0.4164507,63.3193,90.7016,212.4615,143.959400814113,192.31965864618292,10023.986677847397
2456121.18606843,2012.5289146295142,11176.068800831807,0.4162371,63.3433,90.6996,212.4553,146.0380337730976,192.28563337487276,10024.74486144543
2456121.37556251,2012.52943343603,11174.801406283816,0.4161863,63.3401,90.5271,212.463,145.86585576775724,191.93406302917083,10023.900995668791
2456121.65201002,2012.5301903080626,11172.97315296333,0.4160458,63.3391,90.2727,212.4678,146.36829916017905,191.41198909745992,10023.070952593756
2456122.27804163,2012.5319042891992,11168.788964292937,0.4159005,63.3432,89.6988,212.4597,145.54774964902208,190.21295588824478,10020.1543272373
2456122.46438219,2012.5324144618476,11167.534957196416,0.4158502,63.3447,89.5272,212.464,145.37701173929509,189.86199373490814,10019.31890360173
2456122.73801537,2012.5331636286653,11165.697807723946,0.4157495,63.3439,89.2768,212.4643,145.42822701161913,189.3421936805151,10018.250235788166
2456123.22864882,2012.5345069098425,11162.340891094334,0.4155495,63.3463,88.8234,212.4638,145.69941497052878,188.40471245671256,10016.388581265392
2456123.41092523,2012.5350059554553,11161.120253647694,0.4155195,63.3481,88.6548,212.4654,145.32084641213078,188.05805603612828,10015.46572527871
2456123.69233758,2012.5357764204791,11159.503055204861,0.4154367,63.3449,88.3969,212.4664,145.2996323106354,187.52378862749083,10014.490393634294
2456124.22628109,2012.5372382781388,11156.162410625491,0.4152206,63.3413,87.906,212.4761,145.7576607881274,186.51631987005499,10012.733580501457
2456124.50155469,2012.5379919361803,11154.15914487081,0.4150596,63.3425,87.6512,212.4685,146.38201186438982,185.98260297511098,10011.859601405935
2456124.64104,2012.5383738261469,11153.055054701665,0.4151602,63.3397,87.5238,212.4819,144.61418758071068,185.73112258713746,10010.29135274753
2456125.31690617,2012.540224246872,11146.510493188589,0.4148015,63.3421,86.8965,212.4968,144.7849208482221,184.4525711260897,10006.473568389692
2456126.34335898,2012.543034521506,11138.637140898825,0.4143905,63.3349,85.9529,212.5255,144.75542676319037,182.5259722578803,10001.757259137667
2456126.34335898,2012.543034521506,11138.637140898825,0.4143905,63.3349,85.9529,212.5255,144.75542676319037,182.5259722578803,10001.757259137667
2456126.67100061,2012.5439315554006,11135.876475554924,0.4142259,63.3388,85.6455,212.5249,144.97172017935827,181.8950400557478,10000.219216542413
2456127.15743928,2012.5452633518955,11131.780021063376,0.4140284,63.3446,85.1921,212.5122,144.7706497905392,180.9494933176162,9997.66843788603
2456127.62032243,2012.5465306568926,11128.923890811991,0.414025,63.3401,84.762,212.5473,143.13487691855698,180.0982635186457,9995.122698372345
2456128.21317248,2012.5481537918686,11125.338541050896,0.4139039,63.3339,84.1779,212.534,142.38123008962066,178.91653492731234,9992.59349533384
2456128.56506157,2012.549117211691,11122.838329969274,0.4133407,63.3414,83.8831,212.5638,147.18024867294298,178.30470379123295,9993.557057271013
2456129.31929957,2012.551182202792,11118.168059121612,0.4132179,63.3478,83.183,212.5142,145.80570188430283,176.81160699483956,9990.05970948003
2456129.37348538,2012.5513305554548,11118.069521976744,0.4133464,63.3447,83.1344,212.5161,144.31921011793565,176.71150003628486,9989.239977661919
2456129.64848476,2012.552083462724,11116.36406935762,0.4131756,63.3446,82.8753,212.5329,145.21737518234386,176.19815341933753,9988.67936280823
2456130.17929212,2012.5535367340726,11113.02326699495,0.4130097,63.3453,82.3787,212.542,145.10056140034612,175.18747573384223,9986.620533095722
2456130.4511808,2012.5542811247087,11111.331990790482,0.4129207,63.3429,82.1257,212.5463,145.09670722088322,174.670795104857,9985.606348376896
2456130.72564509,2012.5550325669815,11109.596913597192,0.4128012,63.3392,81.8709,212.5515,145.4056761479751,174.150675886665,9984.725705694158
2456131.33865697,2012.5567109020392,11105.673290196113,0.41261,63.3389,81.3,212.5603,145.2251339282957,172.9843752658723,9982.284331019415
2456131.5345066,2012.557247109103,11104.357487989166,0.4125744,63.3376,81.1181,212.5595,144.84755999652862,172.60864072290678,9981.303552781796
2456131.66852376,2012.5576140280905,11103.475019575562,0.4125207,63.3373,80.9927,212.56,144.92543206773826,172.35164988742855,9980.814859594215
2456132.15411014,2012.5589434911435,11100.309439571516,0.412346,63.3382,80.5368,212.5655,145.00494340195928,171.42264318833668,9978.959443764163
2456132.33950988,2012.5594510879675,11099.110003811209,0.4122837,63.3384,80.3634,212.5686,144.99156473291077,171.06960833166,9978.23409665578
2456132.61419485,2012.5602031344283,11097.323895233523,0.4121887,63.3372,80.1063,212.5726,144.99608537828135,170.5457716057773,9977.166319761809
2456133.282333,2012.5620323969886,11093.00031117942,0.4119406,63.3372,79.4819,212.5785,145.206807191983,169.26873708409278,9974.68283695982
2456133.5559214,2012.5627814412046,11091.26176562389,0.4118505,63.3354,79.226,212.5826,145.1837618208083,168.74728116635805,9973.628994381585
2456134.35852259,2012.564978843504,11086.169963798486,0.411557,63.3374,78.4718,212.5888,145.44281200747264,167.20821633861146,9970.70808941914
2456134.63309155,2012.5657305723473,11084.370600251705,0.4114555,63.3379,78.2134,212.5907,145.50905273983972,166.6810939549684,9969.66267178693
2456135.08653448,2012.5669720314309,11081.33775989016,0.4115159,63.3224,77.7632,212.6021,143.05477842497748,165.79536868491283,9966.59402754154
2456135.30002547,2012.5675565379058,11080.063905101932,0.4112212,63.3392,77.5871,212.5965,145.57042996922974,165.4032463539167,9967.110399675334
2456135.57205591,2012.5683013166592,11078.262137527801,0.4111511,63.339,77.3334,212.6004,145.28617359489454,164.8853260026783,9965.884700900244
2456136.0466916,2012.5696007983568,11075.167088707456,0.4109861,63.3399,76.8875,212.6028,145.2910600712239,163.97401259160466,9964.029805921597
2456136.23830853,2012.5701254169194,11073.938232370776,0.4109145,63.343,76.7062,212.6068,145.36014058525416,163.60784990899253,9963.327349410494
2456136.51053281,2012.5708707263789,11072.186491421651,0.4108285,63.3436,76.4504,212.6097,145.28042343063044,163.08663850360188,9962.23529123429
2456136.64406662,2012.5712363220264,11071.329207787705,0.4107908,63.3447,76.3249,212.6106,145.19272545722743,162.8304240704869,9961.67606561209
2456137.31154237,2012.5730637710333,11067.041161400042,0.4105635,63.3429,75.699,212.6159,145.18170753157483,161.55194242803344,9959.095718185676
2456137.58613339,2012.5738155602744,11065.224496687128,0.410481,63.344,75.4398,212.6169,145.0237800624991,161.02309830124057,9957.92447090477
2456138.25047519,2012.5756344289941,11060.837346701503,0.410219,63.3452,74.8159,212.6171,145.3354111749586,159.74460556210488,9955.447149456404
2456138.52115286,2012.5763755040657,11058.89455886881,0.4101326,63.3457,74.5605,212.6259,145.1450803140906,159.23121853632568,9954.183220729003
2456138.6552565,2012.576742659822,11057.988095336155,0.41007,63.3453,74.4338,212.6276,145.30261708165835,158.97404246406353,9953.718388013911
2456139.26869029,2012.5784221500066,11053.744458855559,0.4098179,63.3433,73.8567,212.6425,145.58581759073786,157.80722599760594,9951.311207889286
2456139.59620201,2012.5793188282269,11051.296663675557,0.4096795,63.3439,73.5476,212.6427,145.67067214928738,157.17552183836756,9949.882480789007
2456140.25323213,2012.581117678658,11046.550025761273,0.4094001,63.3402,72.9299,212.6517,145.95504055960464,155.91923568310494,9947.171741769893
2456140.52995356,2012.581875300643,11044.464199695467,0.4093175,63.3394,72.668,212.6513,145.63542463661724,155.38419176851573,9945.755200493606
2456140.66262149,2012.5822385256406,11043.503312235913,0.4093018,63.3392,72.5422,212.6513,145.24122823179187,155.12763076942122,9944.977638886492
2456141.32749294,2012.584058844462,11038.745147000325,0.4090267,63.3403,71.9121,212.6625,145.46734738176656,153.8534159936517,9942.228818909178
2456141.59706052,2012.5847968802743,11036.822568953256,0.4089074,63.3398,71.6564,212.6667,145.64784802125996,153.33622310123832,9941.162843964366
2456142.05143572,2012.5860408917733,11033.587268349098,0.4089149,63.3221,71.1997,212.6851,143.652733870852,152.4500789616343,9938.20689491059
2456142.07694813,2012.5861107409446,11033.415594033044,0.4087233,63.3398,71.2015,212.6715,145.66526216839793,152.41313325992218,9939.12050091448
2456142.26162794,2012.5866163667076,11032.141320099858,0.4086707,63.3391,71.0268,212.6746,145.49210431572374,152.05950798522014,9938.265736474164
2456142.53364433,2012.5873611069958,11030.252818718498,0.4085591,63.337,70.7685,212.6784,145.60635433040534,151.5369014815061,9937.186153230485
2456143.14774163,2012.589042413772,11025.976495453471,0.4083173,63.3369,70.1861,212.6843,145.74324296644772,150.35513104209554,9934.679341326462
2456143.33023892,2012.589542064121,11024.698243186602,0.4082501,63.3366,70.0131,212.6867,145.72778293584634,150.0046569164639,9933.901397283562
2456143.59858484,2012.590276755209,11022.80796844339,0.4081445,63.3342,69.759,212.6894,145.77322156704668,149.4887681247726,9932.785291410291
2456144.26126039,2012.5920910619845,11018.18743541092,0.4078926,63.3371,69.1285,212.6942,145.81401509382704,148.20991768560208,9930.020948483729
2456144.53104082,2012.592829680547,11016.307344549858,0.4077946,63.334,68.8731,212.6973,145.7803975020861,147.69171500304532,9928.87054953925
2456145.00466635,2012.5941263965772,11012.999947835247,0.4075893,63.334,68.4209,212.7024,146.08270819704285,146.77779723217992,9927.028443341274
2456145.19390462,2012.5946445027246,11011.67289433377,0.4075172,63.3338,68.2413,212.7041,146.0904891189757,146.413379019174,9926.231983969983
2456145.466689,2012.5953913456533,11009.754111099192,0.4074398,63.3315,67.9829,212.7076,145.80579802375905,145.88961556477477,9924.9312918752
2456145.59628731,2012.595746166489,11008.849129226648,0.4074195,63.3319,67.8589,212.7073,145.49302142169108,145.63758006394414,9924.227958654135
2456146.12328299,2012.597189002026,11005.180667416727,0.4072084,63.3306,67.3575,212.711,145.64235612702942,144.62045927068328,9922.08980729804
2456146.39193093,2012.5979245199997,11003.309337779703,0.4071065,63.33,67.1022,212.7142,145.6542848588897,144.10357280014733,9920.966529117406
2456146.52958337,2012.5983013918408,11002.337709682768,0.4070711,63.3327,66.9689,212.7144,145.46769563072303,143.83479893731726,9920.286311687354
2456147.00027128,2012.5995900651055,10999.039772538972,0.4068881,63.3317,66.5186,212.7197,145.5250776661578,142.9258765619743,9918.324470899834
2456147.1884053,2012.600105147981,10997.712118268502,0.406802,63.3321,66.337,212.7221,145.68453313263853,142.56124672687525,9917.60304567711
2456147.45777065,2012.600842630116,10995.80355758668,0.4067011,63.3306,66.0827,212.7245,145.66185533226326,142.04385315829933,9916.439245321917
2456147.59014016,2012.601205038084,10994.862046904253,0.406654,63.3313,65.9557,212.7242,145.6211160824496,141.7860862897677,9915.85023173703
2456148.25055676,2012.6030131601917,10990.154461710476,0.4063773,63.3315,65.3252,212.729,145.86886497761952,140.50946233100467,9913.131156807905
2456148.52422477,2012.6037624223677,10988.077939881548,0.4063476,63.3306,65.0647,212.7297,144.96254039773794,139.97992794764036,9911.421879773505
2456149.17916362,2012.605555547214,10983.30893436147,0.4060374,63.3275,64.4383,212.7385,145.5384312565684,138.7168030029968,9908.828838008405
2456149.44790126,2012.6062913107737,10981.334234051908,0.4059163,63.3291,64.1796,212.7409,145.69537270222372,138.19562812145415,9907.713841845361
2456149.58003975,2012.606653086242,10980.355661996395,0.4058909,63.3287,64.0544,212.7403,145.39292002858292,137.9395889529165,9906.970699694813
2456150.1894249,2012.6083214918544,10975.913617681712,0.4056147,63.3298,63.4685,212.7463,145.78540841982976,136.75906293236426,9904.481334069775
2456150.5122947,2012.6092054611906,10973.634671261108,0.4055154,63.3284,63.1594,212.7518,145.52051809079057,136.13723397134754,9902.97035736651
2456151.29969565,2012.611361247502,10968.059996825828,0.4051999,63.325,62.4057,212.7598,145.66688291800256,134.61545089927034,9899.6708768791
2456151.56606635,2012.612090530732,10966.39527525268,0.4051126,63.327,62.1481,212.7605,145.63407266735067,134.09600893648644,9898.647017816957
2456152.0424372,2012.613394763039,10963.04451455536,0.4049043,63.3275,61.6906,212.7624,145.92434952048188,133.1708853059859,9896.763868383261
2456152.22390894,2012.6138916055847,10961.93517047626,0.4049137,63.326,61.5181,212.7599,145.16114143858613,132.81702198945612,9895.710934071623
2456152.49518545,2012.6146343201922,10960.149709431616,0.4048082,63.3251,61.257,212.7606,145.25493382608147,132.28924473082395,9894.676817938178
2456153.00843402,2012.616039518193,10956.72018903915,0.4046048,63.3289,60.759,212.7749,145.44230829700246,131.29967345053012,9892.693593577967
2456153.22473189,2012.6166317094867,10955.26720654247,0.404524,63.3301,60.5503,212.7733,145.46239508308372,130.87618458478602,9891.823569229091
2456153.54838115,2012.6175178128672,10953.137538017992,0.4044266,63.3287,60.2393,212.7787,145.26106418500422,130.2515873677848,9890.433024085683
2456154.02345922,2012.6188185057354,10949.938115178913,0.4042678,63.3284,59.7817,212.7829,145.09442321938786,129.32993793527146,9888.411452832563
2456154.19990749,2012.6193015947708,10948.732266103527,0.4042002,63.3294,59.6111,212.7884,145.1161943980278,128.99092588249505,9887.691602322544
2456154.47591589,2012.6200572645864,10946.803983039732,0.404099,63.3273,59.346,212.7901,145.0751402973592,128.45548474889193,9886.502513803249
2456154.94003799,2012.6213279616427,10943.652735478634,0.4039389,63.3279,58.896,212.7962,144.94938752740381,127.55413380863553,9884.52969978901
2456155.20555532,2012.622054908473,10941.841424766379,0.4038351,63.3275,58.6399,212.8034,145.00549881170537,127.0435329496978,9883.459515838742
2456155.39640126,2012.6225774161808,10940.548555776424,0.4037575,63.3276,58.4557,212.8048,145.08372226752454,126.67263017490097,9882.714551343695
2456155.52700237,2012.6229349825326,10939.658333054169,0.4037308,63.3272,58.3287,212.8052,144.84502252354378,126.41730628831033,9882.055860072773
2456156.18437655,2012.6247347749484,10935.267048965945,0.4034442,63.3274,57.6922,212.8121,145.36068260951834,125.13978101857214,9879.64911589559
2456156.58178947,2012.625822832224,10932.795496188271,0.403236,63.3279,57.3025,212.8222,146.16247148729872,124.36848039936439,9878.548348777666
2456156.91462344,2012.6267340819707,10930.58403116828,0.4031093,63.3282,56.9804,212.8258,146.22765377285668,123.72193049056841,9877.238660646533
2456157.10360527,2012.627251486023,10929.312224920383,0.4030358,63.3283,56.7975,212.8259,146.27182889981577,123.35286503170079,9876.488673208449
2456157.23692153,2012.6276164860512,10928.419981293771,0.4029833,63.3299,56.6671,212.8262,146.3129334460682,123.0913650215524,9875.9674893259
2456157.50205263,2012.628342375441,10926.605890769522,0.4028706,63.3287,56.4107,212.8295,146.46131959167087,122.57694484123368,9874.93989088475
2456158.29010949,2012.6304999575361,10921.353239702203,0.4025389,63.3292,55.6469,212.8398,146.94742008104276,121.04671528702016,9871.991395776116
2456158.55475468,2012.6312245165777,10919.630689350988,0.4024602,63.3299,55.3875,212.8405,146.77763818865242,120.52717403201035,9870.860773298025
2456158.88506336,2012.632128852457,10917.435868326229,0.4023274,63.3298,55.0673,212.8428,146.9159807557944,119.88371311542045,9869.595936252777
2456159.07537986,2012.632649910637,10916.180646178776,0.4022618,63.3318,54.8817,212.8447,146.88187032173846,119.51243217072215,9868.816304995771
2456159.47890366,2012.6337546985903,10913.6836577291,0.4021457,63.3325,54.4881,212.8466,146.65640361307123,118.72300850751401,9867.18707474175
2456159.98760794,2012.6351474550038,10910.478445751347,0.4020261,63.3291,53.9973,212.8531,146.0450470718706,117.73731619866953,9864.93591421087
2456160.26006148,2012.6358933921426,10908.683396424072,0.4019175,63.3317,53.731,212.854,146.15633744180104,117.20337882864442,9863.89982093824
2456160.52422602,2012.6366166352364,10906.905418122898,0.4018505,63.331,53.4716,212.8538,145.82372239750293,116.68341131490098,9862.654085245696
2456160.99682822,2012.637910549541,10903.80651912538,0.4016774,63.3306,53.0123,212.8581,145.85756642004708,115.76260216523701,9860.78643375648
2456161.17663109,2012.638402822971,10902.645458059045,0.4016189,63.3307,52.837,212.861,145.80068210337504,115.41298373036773,9860.05213255287
2456161.44716752,2012.6391435113483,10900.944298039394,0.4015011,63.3307,52.5723,212.865,146.06687133785,114.88563591463247,9859.149099473474
2456161.90763284,2012.6404041966869,10897.979463097463,0.4013357,63.3334,52.1224,212.8668,146.09494668961906,113.9836891927398,9857.359220724573
2456162.04747314,2012.6407870585629,10897.075952334644,0.4012711,63.3333,51.9862,212.8648,146.25799815777373,113.70765891739427,9856.890073124958
2456162.35494909,2012.6416288818348,10895.139379152912,0.4012025,63.3358,51.6859,212.8678,145.84592238831556,113.10730253946855,9855.507862137298
2456162.490329,2012.6419995318279,10894.46854129776,0.4012113,63.3337,51.5536,212.8706,145.3483550345827,112.84436854192933,9854.853643589546
2456163.06728226,2012.6435791437643,10891.01825821583,0.4012158,63.326,50.9717,212.8775,143.23335493115883,111.70070824483298,9851.708379108946
2456163.27470819,2012.6441470450102,10889.644951426582,0.4009077,63.3309,50.7912,212.877,145.76614013353992,111.31526379630299,9852.123988480542
2456163.53849095,2012.6448692428478,10888.061049910079,0.4008097,63.3314,50.5312,212.8815,145.8842669139358,110.79977257482108,9851.21793815194
2456163.86847913,2012.6457727012453,10886.004600941533,0.4006908,63.3287,50.2105,212.8836,145.9464085865893,110.15592755167995,9849.996319963062
2456164.32386453,2012.647019478521,10882.994890170614,0.4006323,63.3287,49.7657,212.8841,144.7793164333125,109.26278773239557,9847.587266503162
2456164.45728698,2012.6473847692814,10882.000570529486,0.4006124,63.3272,49.6381,212.8814,144.39990516829948,109.00098305872382,9846.794415230823
2456164.9206145,2012.6486532908968,10878.94096858328,0.400346,63.3269,49.1823,212.8915,145.46416757483803,108.09861527714372,9845.455522891201
2456165.1044964,2012.649156732101,10877.718984552288,0.4002525,63.3273,49.0021,212.8965,145.74846668777354,107.74217644365808,9844.851079635591
2456165.49916764,2012.650237283067,10875.070145795124,0.4001457,63.3264,48.6145,212.8981,145.3212897568328,106.96717809587426,9843.02623254531
2456166.28058965,2012.6523766999314,10870.061033180145,0.3998716,63.327,47.8496,212.9072,145.29603574474731,105.44118802472065,9839.960246541112
2456166.41668344,2012.6527493044218,10869.272585275601,0.3997923,63.3279,47.714,212.9097,145.68479908132213,105.17395040811869,9839.67090578657
2456166.92274135,2012.6541348154683,10866.09569672375,0.399604,63.3294,47.2173,212.9195,145.82409193015246,104.18826643142233,9837.801989641797
2456167.13893075,2012.654726709788,10864.719300604202,0.3995263,63.3295,47.005,212.9226,145.8418978952168,103.7659844763075,9836.97117679444
2456167.45658384,2012.65559639655,10862.723641990571,0.3994259,63.3282,46.6913,212.9255,145.73417483720914,103.14209724204579,9835.700728847865
2456168.23774139,2012.6577350893629,10857.796959525145,0.3991617,63.3312,45.9214,212.9371,145.64396690625654,101.61386782937797,9832.650058987301
2456168.50002027,2012.6584531698009,10856.183102277906,0.3990567,63.3287,45.663,212.9398,145.81419888712207,101.09965887168471,9831.74864771943
2456169.01603829,2012.6598659501444,10852.9431462758,0.3988543,63.3313,45.1541,212.9419,146.06380472816818,100.0842579480327,9829.893228447556
2456169.41637166,2012.6609620031754,10850.651362198541,0.3986868,63.3303,44.759,212.9518,146.50359268796365,99.30447885682969,9828.709591893112
2456169.87468711,2012.6622168024917,10847.875446574091,0.3985494,63.3333,44.3073,212.9541,146.32489606725449,98.40335110300714,9826.926405834809
2456169.98475068,2012.6625181401237,10847.339370893304,0.3987253,63.3026,44.1704,212.9618,144.09442603206026,98.16566955548933,9825.504580561432
2456170.05861735,2012.6627203760443,10846.798270972076,0.3985277,63.3263,44.1299,212.9553,145.91240367759747,98.04586462405268,9826.0660648442
2456170.45227986,2012.663798165257,10844.56233748799,0.3984293,63.3216,43.7414,212.9615,145.63465655628715,97.27556050744602,9824.563886041109
2456170.79427056,2012.6647344847643,10842.497552161693,0.3983004,63.3246,43.4027,212.965,145.79014013666983,96.60328548486746,9823.378507476142
2456171.23124198,2012.6659308473104,10839.90450165352,0.3981567,63.3191,42.974,212.9654,145.7875969600109,95.74429496827793,9821.792573459485
2456171.49317657,2012.666647985134,10838.368777846134,0.3980682,63.3196,42.7144,212.9688,145.82252751272335,95.22992535179088,9820.871007949587
2456171.82049696,2012.6675441395212,10836.409817516713,0.3979507,63.3202,42.3908,212.9719,145.9166451490646,94.58680977240817,9819.71955706026
2456172.27280265,2012.6687824850103,10833.66023236047,0.3977852,63.3213,41.9438,212.9746,146.05423009891365,93.6967053963067,9818.105709733714
2456172.40570544,2012.669146353018,10832.80270694175,0.3977389,63.3215,41.8112,212.9752,146.03937436571505,93.43371291348745,9817.574036635373
2456173.44038726,2012.6719791574542,10826.174046957407,0.397404,63.3178,40.7864,212.9811,145.67287600034615,91.39500331646656,9813.340057127813
2456173.95699243,2012.6733935453256,10822.679805063131,0.3971133,63.3132,40.2811,212.973,146.71341283115453,90.37242368281196,9811.710209564872
2456174.21726815,2012.6741061414095,10820.742702903031,0.3971487,63.3267,40.0181,212.9804,145.16250541060617,89.86028909256615,9809.766931275706
2456174.47840712,2012.6748211009442,10818.434009727232,0.3970358,63.3174,39.7582,213.002,144.99210792797203,89.36460366009061,9808.270534309508
2456175.07207293,2012.6764464693501,10813.979942192493,0.3965847,63.3128,39.1721,213.0901,147.18465101206493,88.28147103392064,9806.613160636518
2456175.38948494,2012.6773154960715,10810.75372059623,0.3964833,63.3167,38.8566,213.0036,146.33410996695966,87.56662141427836,9804.222048233962
2456175.58189267,2012.6778422797265,10809.312915522914,0.3964259,63.3157,38.666,213.0079,146.0850146051189,87.19067929843209,9803.217886831766
2456175.98237657,2012.6789387448866,10806.295125636918,0.3962379,63.3146,38.2686,213.013,146.29513827430856,86.40365184077356,9801.471110668732
2456176.15957672,2012.6794238924574,10804.978627176051,0.3961836,63.3144,38.0923,213.0211,146.0869967383842,86.06079871530963,9800.562869109515
2456176.4196435,2012.6801359164951,10803.008487365603,0.3960836,63.3135,37.8333,213.0291,145.97769485928075,85.5534700617118,9799.302068843252
2456176.98954822,2012.6816962305813,10798.991919642858,0.3961658,63.3065,37.2308,213.0227,142.66434660400955,84.38285699071838,9795.226317267585
2456177.19391753,2012.6822557632584,10797.359114703897,0.3957773,63.3159,37.0618,213.0339,145.87317715599784,84.02362522698346,9795.78752294287
2456177.45438675,2012.6829688891164,10795.672295612982,0.3956771,63.3159,36.8045,213.0128,145.93568913449417,83.48849991809067,9794.783440337127
2456177.66679287,2012.68355042538,10794.117590465272,0.3955898,63.3173,36.5914,213.0163,145.93847167663262,83.06954686321157,9793.831196189958
2456178.04731163,2012.6845922289667,10791.412539153209,0.3954586,63.3185,36.2089,213.022,145.71934439723555,82.31769757197569,9792.065222007745
2456178.81655941,2012.686698314607,10786.133747178026,0.3951456,63.3225,35.4387,213.0405,145.9041559691168,80.80780674149833,9788.915703754908
2456179.8995845,2012.689663475702,10778.44913676452,0.3947658,63.3321,34.3495,213.0472,145.34974053036422,78.65784874731594,9783.928651129698
2456180.42143426,2012.6910922224777,10774.593042335779,0.3945648,63.3346,33.824,213.0528,145.1815935051709,77.62359990803452,9781.478702503455
2456180.88531176,2012.6923622498564,10771.266279839998,0.3943498,63.3348,33.3599,213.0545,145.48327663835062,76.70399005173692,9779.58104650193
2456181.32758725,2012.693573134155,10768.448352030655,0.3941914,63.3306,32.915,213.0639,145.48232031599855,75.83257170415973,9777.84886443576
2456181.82477329,2012.6949343553463,10765.05780098329,0.3939851,63.3294,32.4189,213.0659,145.6491267571082,74.84843207537307,9775.845478204175
2456182.35152295,2012.6963765173168,10761.769428429943,0.3938872,63.3296,31.8885,213.0787,144.70990122007242,73.81165376592429,9773.369162559602
2456182.81033225,2012.6976326687197,10758.671112075997,0.3936804,63.3303,31.4277,213.0779,145.0568652054735,72.89783926092838,9771.631675224422
2456183.24719737,2012.6988287402328,10755.90631940071,0.3935381,63.3243,30.9901,213.0841,144.91108268576136,72.03585351617767,9769.860549556315
2456183.38004821,2012.699192466009,10755.14140170898,0.3934955,63.3251,30.8557,213.0867,144.90535827280382,71.77311223674599,9769.387216038138
2456184.14958236,2012.7012993356877,10750.158703893128,0.393166,63.3239,30.0816,213.0935,145.42550691828274,70.2473391524205,9766.572413130414
2456184.20315291,2012.70144600386,10749.910049398255,0.3933136,63.3106,29.999,213.0983,143.68792819324972,70.11673861039034,9765.580193267546
2456184.40784186,2012.7020064116628,10748.623440350815,0.3931023,63.3252,29.8194,213.0961,145.17854411499684,69.73319180137872,9765.50819664853
2456184.87028852,2012.7032725216156,10745.636002110441,0.3929293,63.3254,29.354,213.1009,145.2244697463866,68.81679221836231,9763.69124252327
2456185.30530594,2012.7044635344014,10742.713263374844,0.392749,63.3259,28.9123,213.105,145.38707189763682,67.95042761550803,9761.969946319072
2456185.89747315,2012.706084799863,10738.855455180761,0.3925126,63.325,28.3159,213.1112,145.58307944357693,66.77657204934724,9759.68822599344
2456186.07287965,2012.7065650366876,10737.730015430752,0.3924368,63.326,28.1383,213.1133,145.71330891115667,66.42818679244596,9759.057615143272
2456186.3348941,2012.707282393156,10736.01519371058,0.3923754,63.3261,27.8728,213.114,145.33063767231488,65.90513846386455,9757.816674693391
2456187.04175438,2012.709217671129,10731.370013304408,0.3920905,63.3295,27.1566,213.1267,145.56547910287554,64.50493839355926,9755.066968267896
2456187.22850308,2012.709728961205,10730.05913390146,0.3919844,63.3304,26.9674,213.1208,145.90704233457654,64.12577396624133,9754.423242147304
2456187.35556063,2012.7100768258183,10729.1756393784,0.3919185,63.3292,26.8372,213.1226,146.07691655667531,63.87214270545101,9753.960269137904
2456187.92365575,2012.71163218549,10725.433949133856,0.3917085,63.3294,26.263,213.1316,146.0540050695563,62.74701322359252,9751.641919663223
2456188.11886394,2012.7121666363855,10724.07503854696,0.3916235,63.3296,26.0649,213.1373,146.1389376885645,62.36221090125065,9750.844598184485
2456188.37948148,2012.712880168323,10722.012784852219,0.3916197,63.3307,25.8026,213.1229,144.92505465222803,61.8286394037047,9748.98908220445
2456188.83987326,2012.71414065232,10718.886044645973,0.3914452,63.3303,25.3372,213.1292,144.89325312232177,60.915765164793555,9747.044923495827
2456189.27376067,2012.715328571307,10715.762258436709,0.3912531,63.331,24.8944,213.1338,145.05075596034476,60.049914329496715,9745.193021074625
2456189.40251979,2012.7156810945653,10714.87515137039,0.3912013,63.331,24.7637,213.1346,145.06576281659727,59.7931059564782,9744.652738689252
2456189.86324282,2012.7169424854756,10711.706911858892,0.3910167,63.3306,24.297,213.1431,145.1143238166369,58.88080522884067,9742.72041020482
2456190.29524374,2012.7181252395349,10708.39707661115,0.390902,63.3314,23.8562,213.1411,144.32694256969717,58.01221376747617,9740.299215116487
2456190.88489063,2012.7197396047363,10704.228501466545,0.3906748,63.3324,23.2575,213.1626,144.21987250180246,56.853842294955655,9737.673618515493
2456191.11327074,2012.7203648754005,10702.085505780306,0.3908287,63.3152,22.9971,213.1687,141.2670402673466,56.374444855827505,9734.934471390918
2456191.31581291,2012.72091940564,10700.58078966559,0.3904186,63.3361,22.8175,213.1473,144.73871857745507,55.973813969633994,9735.668856478733
2456191.90480698,2012.722531983518,10696.255641178599,0.3902737,63.3361,22.2181,213.1825,143.65207594995445,54.829085933537556,9732.475905602025
2456192.07567962,2012.7229998073094,10694.87917531011,0.390045,63.3338,22.0471,213.1832,145.25872737627833,54.490369368578115,9732.39407677255
2456192.39444554,2012.723872540835,10692.036479832186,0.3899514,63.3338,21.7174,213.1775,144.52558567055348,53.84078529946487,9730.285949801792
2456192.9230412,2012.7253197568782,10688.01365776384,0.3897308,63.3358,21.1775,213.1893,144.42924451261297,52.79168752381179,9727.7523456951
2456193.226598,2012.726150850103,10685.750999536956,0.3895773,63.3302,20.8661,213.1953,144.68867666504775,52.187093962887445,9726.476828649453
2456193.35403054,2012.7264997413831,10684.79394208057,0.389546,63.3297,20.7355,213.1953,144.4389011188532,51.9308931020486,9725.765464085824
2456193.93962042,2012.728102999096,10680.360330797146,0.3892749,63.3295,20.1381,213.1984,144.6278310621201,50.75942032538353,9723.112483764133
2456194.11388766,2012.7285801167973,10679.094827482506,0.389191,63.3282,19.9596,213.2016,144.7509324797611,50.412357952980074,9722.388041561626
2456194.37163318,2012.7292857855714,10677.22779600179,0.3891759,63.3266,19.6958,213.2015,143.77175898777568,49.89441719429888,9720.765211502236
2456194.82979895,2012.7305401750853,10673.796252347702,0.3889568,63.3272,19.2269,213.206,144.01431818254696,48.978436969315425,9718.756711271082
2456195.25973977,2012.7317172888982,10670.557940703316,0.3887765,63.3276,18.7857,213.2076,143.9594714694722,48.11507599662755,9716.725405558656
2456195.84609289,2012.733322636249,10666.16591083873,0.3885106,63.3282,18.1847,213.2145,144.11109311922792,46.943050950291905,9714.077263393021
2456196.27944484,2012.734509089226,10662.945210748077,0.3883208,63.3284,17.7401,213.2189,144.16549615421536,46.07572787863154,9712.107660464035
2456196.71702787,2012.7357071262697,10659.677770595234,0.388118,63.3287,17.291,213.2236,144.32865362735265,45.20003454290921,9710.16028013121
2456196.8609134,2012.7361010633815,10658.60083442418,0.3880984,63.3312,17.1411,213.2343,143.8786043454902,44.91901718268045,9709.278650125005
2456197.28904241,2012.7372732167282,10655.278844471923,0.3878435,63.3323,16.6998,213.2343,144.56190395597605,44.05574197784841,9707.544021646961
2456197.99020846,2012.7391929047503,10650.005642878385,0.3875642,63.3362,15.9767,213.2511,144.30842590073735,42.65835428992102,9704.153133583948
2456198.17623301,2012.7397022122104,10648.403202455118,0.3874943,63.3372,15.7834,213.242,144.07135740201375,42.272603604204505,9703.046474648108
2456198.30216297,2012.7400469896509,10647.435072892706,0.387443,63.3365,15.6531,213.243,144.02458594593736,42.01918372571623,9702.423634439223
2456198.88621079,2012.7416460254344,10642.990039042914,0.387148,63.3342,15.049,213.2545,144.4414314075275,40.85093084362691,9699.863058348525
2456199.18780341,2012.7424717410267,10640.581748350507,0.3870197,63.3348,14.7395,213.2527,144.3306922784186,40.24237323039628,9698.315621208869
2456199.31422444,2012.7428178629436,10639.612373767228,0.3869464,63.3347,14.6094,213.2539,144.5163683425444,39.98886934031543,9697.801839540296
2456199.90596161,2012.7444379510196,10635.067789498255,0.3866772,63.3342,13.9988,213.2655,144.59325484487908,38.80663763294177,9695.016206413815
2456200.20216316,2012.7452489066663,10632.53010483401,0.3865137,63.3332,13.6913,213.2584,144.775253653228,38.20009360015035,9693.526084412077
2456200.32517677,2012.7455856995753,10631.566742298312,0.3864537,63.3328,13.564,213.2592,144.82213794018207,37.9523481529024,9692.949783670156
2456200.90587844,2012.7471755740999,10627.036383022814,0.3862463,63.3322,12.9644,213.2782,144.24660011486867,36.79939332401361,9689.86238604975
2456200.94727345,2012.7472889074606,10626.699502281996,0.3862004,63.3309,12.9224,213.2791,144.52760382088763,36.71749331419585,9689.78594645831
2456201.21308163,2012.7480166505954,10624.314995671406,0.3860296,63.3321,12.648,213.2567,144.87862761837187,36.15870578567859,9688.469788571474
2456201.91365669,2012.7499347205753,10618.734422310996,0.3858088,63.3313,11.9237,213.289,143.79693732049782,34.776200592863404,9684.488873331464
2456202.22023855,2012.750774095962,10615.697584109883,0.3855629,63.3331,11.6029,213.2718,144.54213805748168,34.13602545370003,9682.95206535992
2456202.79776667,2012.75235528178,10610.93504713088,0.3853167,63.3295,11.0067,213.2871,144.22827085606605,32.985898559226,9679.840879449246
2456203.22871237,2012.7535351468039,10606.343613759238,0.3851581,63.3294,10.5594,213.2836,143.08815953659632,32.11034715056775,9676.445733669685
2456203.56893118,2012.7544666151405,10603.36725942884,0.3849903,63.3281,10.2067,213.2923,143.0374172111533,31.431018549435294,9674.569102283656
2456203.80452736,2012.7551116423272,10601.304984570615,0.3849197,63.3296,9.9607,213.3132,142.51755030118966,30.973708762203245,9673.040182757335
2456204.23332212,2012.756285618398,10597.36407220014,0.3847137,63.3296,9.5142,213.3121,142.27662973695624,30.10347737678265,9670.472691873403
2456204.67673,2012.7574996030114,10593.442652274794,0.3844206,63.3305,9.0521,213.3117,142.96877182172648,29.203942915862086,9668.355777331133
2456205.03500193,2012.7584804980968,10590.892278949806,0.384502,63.3133,8.6471,213.3317,140.53671590904742,28.46582068515923,9665.622449922312
2456205.03500345,2012.7584805022582,10590.900008500279,0.3844962,63.3133,8.6469,213.3308,140.60290065195295,28.464719187087752,9665.658412625493
2456205.11026645,2012.7586865611222,10590.268049078208,0.3842513,63.3312,8.5959,213.3236,142.80748387144195,28.332337996030247,9666.301766587634
2456205.23773302,2012.7590355455716,10589.246835168024,0.3842049,63.3297,8.4626,213.3255,142.6700137869757,28.075303594269172,9665.600694513529
2456205.68193189,2012.7602516957977,10585.495002078585,0.3839545,63.3303,7.9991,213.3263,143.01026130300306,27.174789512855853,9663.421962469953
2456205.81401098,2012.760613308638,10584.381705749529,0.383872,63.3302,7.8614,213.3244,143.1976316000455,26.905008890276605,9662.815867877292
2456206.23762955,2012.7617731130733,10581.042033525408,0.3836877,63.3274,7.4159,213.3379,143.09005207871996,26.05547929359139,9660.682740256412
2456206.57923632,2012.762708381438,10578.20100354004,0.3835074,63.327,7.0592,213.3409,143.24633999500747,25.365082682329728,9658.983988531832
2456206.81685132,2012.7633589358527,10576.224356300238,0.3833915,63.3267,6.8111,213.3449,143.25353600175458,24.886783093015822,9657.754168670108
2456207.24002558,2012.7645175238329,10572.660958991757,0.3831849,63.3251,6.3658,213.3471,143.24062668659553,24.026591420193228,9655.524476358101
2456207.68823929,2012.7657446660915,10568.93336377102,0.3829483,63.3256,5.8963,213.352,143.4419993016263,23.12022020706698,9653.292022305926
2456207.86302141,2012.7662231934567,10567.387581502147,0.3828393,63.3267,5.7127,213.3621,143.64001697117237,22.774450355577443,9652.419635110595
2456208.11689889,2012.7669182721154,10565.0394622327,0.3827477,63.324,5.4446,213.3509,143.15860765389698,22.244922038486777,9650.727946516492
2456208.24120095,2012.7672585926077,10563.980340638087,0.3826769,63.3237,5.314,213.3521,143.2527922217596,21.9930066611947,9650.110591054405
2456208.68935293,2012.7684855658592,10560.176612911826,0.3824762,63.3245,4.8431,213.3645,143.0240906764402,21.092796290702864,9647.627623994113
2456208.93261128,2012.7691515709244,10558.119474368688,0.3823508,63.3257,4.5868,213.3689,143.07774684824108,20.601134467232015,9646.367459737357
2456209.1168036,2012.7696558620123,10556.495380548975,0.3822502,63.324,4.3921,213.369,143.1366100350533,20.224989675577774,9645.38011997168
2456209.24115796,2012.769996325695,10555.414946732166,0.3821776,63.3232,4.2604,213.3702,143.23549538593852,19.971922749753105,9644.751119484554
2456209.68908262,2012.7712226765782,10551.602183647916,0.3819411,63.323,3.7898,213.3755,143.37533886302936,19.065136431835867,9642.433145983128
2456209.86377575,2012.7717009603016,10549.807822654733,0.3817863,63.3265,3.6057,213.3728,143.89942833232635,18.70615429142694,9641.555915388142
2456210.11540508,2012.7723898838601,10547.127159353535,0.3816554,63.3254,3.3379,213.3637,143.6228244995982,18.181241810356937,9639.750388183058
2456210.23973829,2012.7727302896378,10545.90567092543,0.3814488,63.3184,3.2081,213.3729,145.04630783772882,17.938095730400022,9639.65033719704
2456211.23692383,2012.7754604348531,10535.546347396199,0.3810187,63.3151,2.1574,213.3899,143.1698743215502,15.921543452861272,9632.292978044028
2456211.8118199,2012.7770344145101,10529.91763814743,0.38058,63.3178,1.5499,213.4025,144.30528342128218,14.760010776350896,9629.29684715555
2456212.03543306,2012.7776466339767,10528.913801270866,0.3805345,63.3085,1.2823,213.4048,144.1625523611574,14.274311768354778,9628.601673674055
2456212.10258249,2012.7778304790968,10527.452254682452,0.3807406,63.3146,1.2408,213.4068,141.08746676330247,14.168627525186594,9626.2557625065
2456212.23285856,2012.7781871555374,10526.616579554504,0.3806111,63.3102,1.1109,213.419,141.93316393202713,13.922524006523872,9626.1258515774
2456213.10353314,2012.7805709326212,10519.824328382429,0.380045,63.3286,0.1739,213.4151,143.68139150232855,12.123464256344107,9622.682427343152
2456213.22757986,2012.7809105540316,10518.776039546074,0.3800078,63.3285,0.0421,213.4157,143.42279806545685,11.87000054864879,9621.90523356568
2456213.67364201,2012.78213180564,10514.970697670198,0.3797757,63.3341,359.5654,213.4087,143.5040404830106,10.946649969646955,9619.557125327377
2456213.84626176,2012.782604412759,10513.534254123866,0.3797168,63.3287,359.384,213.4118,143.23237045756468,10.59821140676479,9618.530302820713
2456214.0980033,2012.7832936435316,10511.338180607492,0.379601,63.3281,359.1174,213.4111,143.08739591070662,10.082788328634365,9617.085754462138
2456214.22103477,2012.7836304853386,10510.232616657911,0.379488,63.3265,358.9867,213.414,143.58916142763337,9.833725278127304,9616.624923460058
2456215.21308186,2012.786346562245,10500.224473710725,0.3790457,63.3224,357.9318,213.4297,142.0232379159106,7.816737591802848,9609.619282307298
2456215.65765792,2012.7875637451607,10496.06107701289,0.3788489,63.3248,357.4571,213.4506,141.50358365374177,6.924751742176568,9606.765053781066
2456215.78515588,2012.7879128155505,10494.819877364935,0.3787511,63.3249,357.3233,213.4561,141.7590045111001,6.6707864018404734,9606.103853859924
2456216.08111927,2012.7887231191514,10491.453103288275,0.3782507,63.3278,357.0068,213.4164,144.91732295231304,6.022877105481484,9605.448745197777
2456216.20378201,2012.7890589514302,10490.295038528144,0.378238,63.3269,356.8748,213.4154,144.33052374533509,5.768977485116579,9604.450010032579
2456216.64748913,2012.7902737553184,10486.011924645445,0.3781156,63.3265,356.4013,213.4411,142.95093415097745,4.883848085390582,9601.121239542153
2456216.94136149,2012.791078333991,10483.233948729485,0.3779254,63.3299,356.0845,213.442,143.2172653623138,4.278299763281211,9599.497957526892
2456217.19729001,2012.7917790280899,10481.29173129862,0.377883,63.3276,355.8106,213.4542,142.45346800030347,3.7643498876533386,9597.92450764658
2456217.80834209,2012.7934519975083,10475.66440995806,0.377516,63.3252,355.1571,213.4531,142.79718456833416,2.5074808970421145,9594.544154048179
2456218.18130595,2012.7944731169064,10472.567991946431,0.377384,63.3257,354.756,213.4601,142.25209287371945,1.7457779137170064,9592.34510039374
2456218.66833378,2012.795806526434,10468.136449803704,0.3770876,63.3244,354.2348,213.4637,142.5956994747039,0.7481504837583088,9589.714676288471
2456218.91986501,2012.7964951814095,10465.830824254297,0.3769563,63.325,353.9637,213.4651,142.53366031744645,0.23053469255989967,9588.234840502753
2456219.16813729,2012.7971749138674,10463.51938139246,0.3768617,63.3231,353.6958,213.4651,142.08337933794792,359.7179310077547,9586.572539249695
2456219.60865686,2012.7983809907187,10459.503121458712,0.3766328,63.3222,353.2231,213.4775,141.97487421497772,358.8234433413162,9583.99363761235
2456219.85303887,2012.7990500721967,10457.240278233972,0.3765185,63.324,352.9593,213.4779,141.75955453373444,358.31917400923396,9582.469456880028
2456220.15369747,2012.7998732305823,10454.428324669854,0.3763138,63.3241,352.6324,213.4791,142.14637498570846,357.697136990354,9580.875645205993
2456220.72264167,2012.801430914908,10449.21845739408,0.3759891,63.3237,352.0198,213.4887,142.28991389509156,356.5333706331221,9577.658201620929
2456220.89043512,2012.801890308337,10447.692442834317,0.3758916,63.3237,351.8383,213.4918,142.3563141894174,356.1895889986789,9576.726663577694
2456221.14185866,2012.802578668474,10445.438318750572,0.3757674,63.3234,351.5657,213.4943,142.2468198532988,355.6716793493383,9575.255256609764
2456221.5755972,2012.803766179877,10441.490239956234,0.3755055,63.3233,351.0973,213.4974,142.516926656348,354.77887524427786,9572.889132772274
2456221.82384223,2012.804445837727,10439.237313098218,0.3753491,63.3246,350.8286,213.4974,142.74268294038393,354.26549841828,9571.571274373524
2456222.12109338,2012.805259667022,10436.713380647985,0.375215,63.3234,350.5068,213.5036,142.56566952815047,353.65691987206617,9569.89773336942
2456222.55690851,2012.8064528638197,10432.796281442183,0.3749589,63.3247,350.035,213.5065,142.79016382853115,352.7584690248939,9567.528204638347
2456222.80735352,2012.8071385448866,10430.563339280228,0.3748057,63.3227,349.7644,213.5112,142.99244550696494,352.2457238408207,9566.210992838673
2456223.10694181,2012.8079587729223,10427.87910764462,0.3747018,63.3219,349.4381,213.5119,142.39773582778707,351.62484174796487,9564.244323485878
2456223.95902742,2012.8102916561802,10420.121536310844,0.3741621,63.319,348.5142,213.5202,143.1706800295533,349.86940377514793,9559.696702112304
2456224.20717345,2012.810971042984,10417.86625087116,0.3740516,63.3178,348.2446,213.5241,142.91041114680138,349.3591245257479,9558.152681836224
2456224.64829326,2012.8121787632033,10413.878635142253,0.3738125,63.3156,347.7669,213.5357,142.90432784313998,348.45824524679847,9555.629175653436
2456224.81490863,2012.8126349312258,10412.34134551688,0.3737255,63.3166,347.5848,213.5403,142.8475699929113,348.1165247587212,9554.631314711189
2456225.18604708,2012.8136510529225,10408.83376010191,0.3735437,63.3144,347.1809,213.5341,142.54318466853056,347.34062094787066,9552.274493493796
2456225.62606484,2012.8148557558925,10404.828839377107,0.3733098,63.3132,346.7033,213.5445,142.46796631500638,346.4397278786636,9549.706825987983
2456225.74954675,2012.8151938309377,10403.687314734638,0.3732283,63.3189,346.5651,213.562,142.60048452466344,346.1973208624397,9549.044849902457
2456226.09223719,2012.8161320662282,10400.068773131146,0.3731022,63.3023,346.1638,213.5745,141.64393372461564,345.4707561578207,9546.31998792775
2456226.16363582,2012.8163275450245,10399.549680504771,0.3728847,63.3147,346.114,213.5454,143.58041775465426,345.3214837912278,9546.871641624897
2456226.72728534,2012.8178707333059,10394.30027914097,0.3725778,63.317,345.4978,213.5698,143.47844859924226,344.1741360098928,9543.501487692889
2456227.01296858,2012.8186528913889,10391.475950902615,0.3724564,63.3163,345.1861,213.571,142.9679275428498,343.58205910001857,9541.480922570887
2456227.13996964,2012.8190006013415,10390.285261365267,0.3723968,63.3163,345.0472,213.5713,142.839978945678,343.3182835170969,9540.668622660918
2456227.57691061,2012.8201968805197,10386.1891824921,0.3721452,63.3176,344.569,213.5771,142.88243193574,342.415223012884,9538.092661237259
2456227.70345773,2012.820543347652,10385.00620980121,0.3720634,63.3182,344.4303,213.5771,142.989190361458,342.15179484528244,9537.39137016869
2456228.11899566,2012.821681028501,10381.15408649821,0.3718468,63.3166,343.9748,213.5827,142.81885912692815,341.29232973964565,9534.872484383577
2456228.67804656,2012.8232116264473,10375.94229349338,0.3715458,63.3184,343.3616,213.5923,142.6682133035465,340.1377144789344,9531.499557547568
2456229.09235896,2012.8243459519776,10372.038504610768,0.3713426,63.3186,342.9039,213.5932,142.32245900849375,339.272557288044,9528.8669467419
2456229.65100887,2012.825875452074,10366.828343223899,0.3710027,63.3211,342.2896,213.6004,142.57073745130492,338.11483725340133,9525.67311041704
2456229.76875728,2012.8261978296507,10365.713382773387,0.3709472,63.3213,342.1595,213.5981,142.44472743107053,337.8663813257044,9524.90850529427
2456230.06474767,2012.8270082071738,10363.143641632307,0.3708329,63.3182,341.8344,213.6078,142.01273188923733,337.25924541746235,9523.082164026257
2456230.622339,2012.8285348090349,10358.000934773288,0.3704748,63.3188,341.2212,213.6089,142.48631006334108,336.09756874743914,9520.03030706452
2456230.90905395,2012.8293197917867,10355.635897024731,0.3703558,63.3156,340.9043,213.6218,142.22977987341892,335.5109749567755,9518.412344879092
2456231.15549567,2012.829994512444,10353.424650365612,0.3702389,63.3133,340.6307,213.6256,142.0477965813643,334.9982755201727,9516.925492023609
2456231.59203459,2012.8311896908692,10349.482556790868,0.3699759,63.314,340.1494,213.6256,142.2871333078656,334.08671128709864,9514.52824541041
2456231.7145373,2012.8315250850108,10348.382049877742,0.369892,63.3144,340.0138,213.625,142.46201668436424,333.82976939613695,9513.907491996477
2456232.12526034,2012.8326495834087,10345.028035817071,0.3697521,63.3102,339.5608,213.6369,141.79589501483497,332.983849972846,9511.475430040233
2456232.56007678,2012.8338400459415,10341.182454263022,0.369486,63.3103,339.0806,213.639,142.12401396719542,332.07718346104195,9509.177656658507
2456232.79548098,2012.8344845475156,10339.238078316917,0.3693886,63.3119,338.8169,213.6534,141.90509950074102,331.5958628943845,9507.84250227117
2456233.09391928,2012.8353016270498,10336.585979088484,0.3692047,63.3095,338.4877,213.6561,142.13355365491316,330.9752142620275,9506.25797469703
2456233.52638262,2012.8364856471458,10332.799897864385,0.3689508,63.3083,338.0104,213.6613,142.36880930740153,330.07686702753483,9503.95429888815
2456233.76730329,2012.8371452519914,10330.558839017325,0.3688898,63.3101,337.7408,213.6808,141.58475500399163,329.5893092831096,9502.175890704222
2456234.06141058,2012.8379504738668,10327.316038701963,0.3685409,63.3089,337.4152,213.6616,143.14139121430708,328.9546294079703,9500.809599547187
2456234.53233958,2012.8392398072003,10322.999708760672,0.3683123,63.3074,336.8945,213.6869,142.77564312769937,327.9950694079098,9497.896445697726
2456234.78478935,2012.8399309770018,10319.91976282827,0.3681467,63.3105,336.6081,213.6731,142.53905787825988,327.4460482793753,9495.828215677759
2456235.03121142,2012.8406056438603,10317.658635740127,0.367965,63.311,336.3323,213.6681,142.98507584001072,326.92236821030394,9494.586983933837
2456235.58440169,2012.8421201962763,10312.399955369716,0.367632,63.3134,335.7159,213.6795,143.09543497723644,325.77212934051533,9491.284042194038
2456236.11420823,2012.8435707275287,10308.357814611589,0.3675387,63.3144,335.1254,213.6812,141.5010842944048,324.6611380897076,9487.993725191956
2456236.54726682,2012.8447563773304,10304.500886725893,0.3672468,63.3143,334.643,213.6705,142.0696104786466,323.7412041610057,9485.787656063576
2456236.95782105,2012.845880413553,10301.48884215769,0.3670859,63.3104,334.1831,213.7165,141.82123919427704,322.92265112095924,9483.754978317915
2456237.07767907,2012.8462085669273,10300.476551268881,0.3670392,63.3108,334.0483,213.7188,141.66157827239203,322.6720159061897,9483.037748309453
2456237.50830487,2012.8473875561128,10296.813217441764,0.366738,63.3103,333.5677,213.7163,142.44423170360642,321.7644797993711,9481.048676891896
2456238.04017561,2012.848843738837,10292.275443730437,0.3664532,63.3093,332.9741,213.7177,142.50187209399792,320.6480540186726,9478.176858631354
2456238.71262267,2012.8506847985489,10286.42025038807,0.3660877,63.3107,332.2193,213.7288,142.55201969007703,319.24157252239127,9474.458804044318
2456239.00469022,2012.8514844359208,10283.782647494101,0.3659303,63.3101,331.8915,213.7262,142.49867816178994,318.62330306847093,9472.749531785832
2456239.55531052,2012.852991952142,10279.016432793862,0.3656404,63.3108,331.274,213.7373,142.45645270054138,317.4741972288683,9469.68401359178
2456239.83862521,2012.8537676254891,10276.341573427735,0.3655452,63.3098,330.9535,213.7434,141.73793770077828,316.8805548239462,9467.6544429161
2456240.08255549,2012.8544354701987,10274.0948051397,0.3653967,63.3088,330.6788,213.7404,141.83816785451108,316.3624307284633,9466.262123898838
2456240.51287464,2012.8556136198222,10270.301661963518,0.3651688,63.3108,330.1943,213.7514,141.77162842629514,315.4647968640081,9463.806202069783
2456241.04115669,2012.8570599772488,10265.646992534645,0.3649031,63.3105,329.6003,213.7616,141.5442814530752,314.360308190454,9460.726874919286
2456241.59480586,2012.8585757860642,10260.776332205298,0.3645802,63.3129,328.9755,213.77,141.76414485462374,313.1982170168767,9457.706357318188
2456241.70940262,2012.8588895348935,10259.896957749086,0.3644796,63.3108,328.8465,213.7698,142.23751854748207,312.9560674383305,9457.352900395577
2456242.00284167,2012.859692927228,10257.728764894768,0.3643986,63.3112,328.513,213.7825,141.69046378738494,312.34604619788183,9455.72216190496
2456242.6697505,2012.861518824093,10252.398196691527,0.3640451,63.3091,327.7618,213.7883,141.9265699371399,310.943323326484,9452.411843754722
2456242.95773882,2012.8623072931416,10250.12032466212,0.3638984,63.3069,327.4367,213.7938,141.98163871009365,310.3398744689961,9450.97647911089
2456243.07599888,2012.86263107154,10249.144442549235,0.3638384,63.3067,327.3031,213.795,141.97582720322953,310.0909142456155,9450.348456110432
2456243.50523155,2012.8638062465434,10245.611217976952,0.3635845,63.3062,326.8193,213.7931,142.32948609441064,309.1821512443894,9448.239707869281
2456243.9127111,2012.8649218647506,10242.022178196188,0.3633593,63.3042,326.3564,213.7967,142.3518689423463,308.32122868975375,9445.9480854365
2456244.58261233,2012.8667559543603,10236.380147795539,0.3631142,63.3052,325.598,213.8188,141.2688595328791,306.92465643029755,9441.851231793109
2456244.69619671,2012.867066931445,10235.14774525289,0.3629096,63.3065,325.4665,213.8105,142.57807108226189,306.67290467986004,9441.637511287247
2456244.98919191,2012.8678691085827,10232.625719224168,0.3627763,63.306,325.1328,213.8142,142.33532151918644,306.054120910272,9439.91191336962
2456245.53534458,2012.869364393101,10227.968971961565,0.3624827,63.305,324.5143,213.8243,142.37086348871344,304.90741848359266,9436.93795313405
2456245.94233468,2012.870478671266,10223.868877605255,0.3622385,63.3041,324.0468,213.8274,142.25365118484387,304.0418783442599,9434.253190821799
2456246.05810377,2012.8707956297606,10222.823300162723,0.362171,63.3028,323.9146,213.8305,142.27686271948915,303.7986732862254,9433.591752537544
2456246.65363615,2012.872426108556,10216.581523535406,0.3617965,63.3097,323.238,213.8045,142.1217863556276,302.50910091985725,9429.512905695554
2456246.891162,2012.8730764188915,10213.852784020615,0.3613407,63.3047,322.9659,213.7987,145.03576934565717,301.99708919905015,9429.037172915667
2456247.47243269,2012.874667851308,10208.217257315035,0.3611547,63.3079,322.3015,213.8472,143.33531621460133,300.80827352915935,9424.666984768446
2456247.95943154,2012.8760011814927,10203.554189489758,0.3608678,63.3193,321.7391,213.8251,143.28373694780475,299.7437746626158,9421.644126833076
2456248.67343263,2012.8779560099385,10197.760150737728,0.3605138,63.2948,320.9315,213.8847,143.19058730669622,298.2920364221561,9417.873798147612
2456248.9090569,2012.8786011140317,10195.664948595302,0.3603994,63.2944,320.6624,213.8857,143.0171185205254,297.7916989485975,9416.448854383956
2456249.02777031,2012.8789261336349,10194.60008767939,0.3603367,63.2938,320.5269,213.8868,142.97523426528824,297.54029189140874,9415.744803155643
2456249.57538071,2012.880425409199,10189.8003800362,0.3599843,63.3001,319.8928,213.8844,143.49592308913452,296.3640526883414,9412.880520673374
2456249.85873078,2012.8812011794112,10187.345508737058,0.3598696,63.3009,319.5683,213.8878,143.0932554460569,295.76367541194816,9411.122919464335
2456249.97987212,2012.8815328463247,10186.284121328199,0.3598438,63.3015,319.4281,213.8902,142.6766352297991,295.5064753231254,9410.257105909115
2456250.63784953,2012.883334290295,10180.458386510953,0.35946,63.3019,318.6704,213.8978,142.85451489572552,294.1078554938433,9406.579424588408
2456250.80101957,2012.8837810255163,10179.047482556565,0.359377,63.3012,318.4832,213.9017,142.7956354178341,293.763730814102,9405.644005274868
2456251.04115009,2012.8844384670494,10176.944282352033,0.3592538,63.3002,318.2073,213.9048,142.70207652879162,293.2542518621909,9404.246898779222
2456251.71498153,2012.886283316988,10171.066390929338,0.3588706,63.3042,317.4286,213.9162,142.83339257669286,291.82280588432536,9400.512146835616
2456251.86839152,2012.8867033306499,10169.666058590032,0.3587859,63.3041,317.2522,213.9133,142.79696905935452,291.49230096603424,9399.592637155456
2456251.98585895,2012.8870249389454,10168.602119665678,0.3587031,63.3038,317.1168,213.9132,142.95671667502756,291.24102197963134,9398.975455987607
2456252.64463493,2012.8888285692813,10162.728097924717,0.358344,63.3017,316.3561,213.9188,142.83916040198255,289.836615058775,9395.13216571468
2456252.92984528,2012.8896094326626,10159.706611067551,0.3579507,63.3019,316.0252,213.9167,144.89621784129395,289.222504241465,9394.07353298226
2456253.59183323,2012.8914218568927,10153.231992443458,0.357802,63.3032,315.2595,213.9307,142.24897908320418,287.8183315185797,9388.741701300441
2456253.87430512,2012.8921952227795,10150.512275231296,0.3576495,63.3036,314.9322,213.9333,142.05033525096133,287.21521979938836,9386.897864000197
2456253.99101101,2012.8925147460918,10149.42096785601,0.3575853,63.3034,314.7971,213.9339,142.0009262389276,286.9656914069649,9386.171049348617
2456254.54184257,2012.894022840712,10144.2454869155,0.3572096,63.3028,314.1595,213.9258,142.4873142326096,285.7770773436753,9383.035365547183
2456254.93224647,2012.8950917083364,10141.070618002419,0.3573055,63.3042,313.707,213.949,139.4740103017548,284.96298499887416,9379.677726362057
2456254.93624101,2012.895102644792,10141.176804061868,0.3572117,63.3031,313.702,213.9646,140.49349788236123,284.96964787495335,9380.187734513134
2456255.5918899,2012.8968977136212,10135.775713741095,0.3569182,63.3012,312.9411,213.9596,139.99659038890877,283.5575230963567,9376.478971972434
2456255.87766019,2012.8976801100348,10133.46267486157,0.3566856,63.2992,312.6088,213.9802,140.8661606009655,282.96416038746247,9375.35810949507
2456255.99089006,2012.8979901165233,10132.503845355082,0.356536,63.2986,312.4759,213.9772,141.7651543475631,282.71665805166083,9375.12587566816
2456256.66760772,2012.899842868501,10126.773054089967,0.3561782,63.2991,311.6889,213.995,141.70095587569995,281.2804673396204,9371.387552535665
2456256.93399353,2012.9005721931005,10123.976436777783,0.3559577,63.2955,311.3803,213.9898,142.13276948816747,280.70411048378435,9369.762303412546
2456257.63006914,2012.902477944257,10117.562915509146,0.3554303,63.2981,310.5663,213.983,143.33819318085625,279.1972400674707,9366.125165211677
2456257.86781568,2012.9031288588087,10115.621801725725,0.3553702,63.2963,310.2879,213.9973,142.69495892209306,278.6988108288749,9364.589862184966
2456257.98548263,2012.9034510133604,10114.589583216508,0.3553047,63.2963,310.1508,214.0003,142.69206572864096,278.44873519028806,9363.919346481098
2456258.52653147,2012.9049323243532,10110.0530363769,0.3548703,63.299,309.5169,214.0135,144.1591823419185,277.2947632328463,9361.60772004241
2456258.9263435,2012.9060269500346,10107.010132942503,0.3546022,63.299,309.0484,214.0379,144.90580437879908,276.4565979875334,9359.953803595767
2456259.33722391,2012.9071518792875,10103.605013239407,0.3545526,63.2959,308.5702,214.0055,143.20928642234048,275.5410234564648,9357.015486374297
2456259.57733066,2012.907809255743,10101.774310591783,0.3544867,63.2978,308.2855,214.0156,142.69337108532636,275.0297679325753,9355.605763414595
2456259.85988635,2012.9085828510613,10099.604854579062,0.3544469,63.2962,307.9546,214.0232,141.69492264856217,274.4279736179618,9353.76903747331
2456259.9750934,2012.9088982707738,10098.66211944981,0.3543763,63.2966,307.8195,214.0226,141.79930260902802,274.17872252145685,9353.20180168849
2456260.51484606,2012.9103760330183,10094.379124789295,0.3539835,63.2986,307.1835,214.0247,142.99917186944367,273.0128281133875,9350.934835166427
2456260.91281064,2012.911465600657,10091.471011344938,0.3537789,63.2987,306.7147,214.0453,143.18519756943806,272.1723837635052,9349.125228706003
2456261.3235175,2012.912590054757,10088.216380190523,0.3535381,63.2993,306.2326,214.0399,143.51122874908742,271.2800802875163,9347.149733827126
2456261.56337448,2012.9132467473792,10086.517235064677,0.3535257,63.2988,305.9509,214.0436,142.537868976372,270.765670943508,9345.62891546453
2456261.84513701,2012.9140181711427,10084.35943398534,0.35341,63.296,305.6201,214.048,142.30966642058138,270.1615583886361,9344.128685406316
2456262.37821507,2012.9154776593289,10080.214378560755,0.3531065,63.2955,304.9931,214.0502,142.68886009749167,269.0113426415944,9341.595634924372
2456262.49863184,2012.915807342478,10079.316575495308,0.3530648,63.2966,304.8496,214.0519,142.5283846313714,268.75085670790395,9340.943182936824
2456262.89612225,2012.916895611909,10076.326434891027,0.3528891,63.2965,304.3819,214.0566,142.3643679761235,267.89607971274813,9338.928189174258
2456263.54518291,2012.918672643148,10071.384392517864,0.352563,63.2962,303.616,214.0625,142.45059693858911,266.4963484667105,9335.749330374512
2456263.94037211,2012.9197546122105,10068.516711058614,0.3523948,63.2948,303.1504,214.0717,142.2874783684556,265.65043960422645,9333.81322968577
2456264.34175836,2012.9208535478717,10065.475071464061,0.3522136,63.2945,302.6759,214.08,142.14156083344642,264.7886227661719,9331.770803526444
2456264.58748399,2012.921526307981,10063.739827266209,0.3521725,63.2965,302.383,214.0996,141.43111294829941,264.27312912689354,9330.338253912254
2456264.87429536,2012.9223115547159,10061.220796619478,0.351945,63.2951,302.0454,214.0834,142.08814335323677,263.6366403023153,9328.97749408937
2456265.39287863,2012.9237313583305,10057.050071927448,0.3516546,63.2998,301.4287,214.0918,142.30585170382983,262.51721100103657,9326.35295020773
2456265.5226741,2012.9240867189596,10055.995009143768,0.3516081,63.3016,301.2734,214.0994,142.08941036924534,262.2415811745303,9325.57339211104
2456265.80121825,2012.9248493312796,10053.687698290893,0.3514093,63.301,300.943,214.0947,142.59204181587847,261.63194073938223,9324.283278844012
2456265.91613161,2012.9251639469132,10052.774750562117,0.3513438,63.3001,300.8069,214.0958,142.65836915557065,261.38367911124385,9323.716348172286
2456266.45260553,2012.9266327324576,10048.415084897542,0.3511138,63.3007,300.1693,214.1132,142.14158046184275,260.23471631524876,9320.65441025841
2456266.56347207,2012.9269362685004,10047.532170184484,0.3510531,63.3005,300.0382,214.1147,142.17855449149283,259.99584333982784,9320.094342323371
2456267.37822361,2012.9291669366464,10041.050993567998,0.350631,63.3004,299.0687,214.1225,142.21094264225758,258.2311028072834,9315.880219778552
2456267.88731528,2012.930560753675,10037.440946206647,0.3504403,63.2961,298.4658,214.1335,141.78082978570546,257.13742867698977,9313.342040232943
2456268.42255087,2012.9320261488572,10033.641139291316,0.3501999,63.2991,297.8257,214.1387,141.72471567561115,255.97498641139475,9310.837807978114
2456268.92994137,2012.933415308337,10030.022242038873,0.3499715,63.2958,297.2217,214.1432,141.66401295916512,254.87538899861875,9308.449001415911
2456269.26136723,2012.934322702889,10027.568914018764,0.3498094,63.2976,296.8259,214.1426,141.694748747208,254.15232695995655,9306.85956843335
2456269.5046195,2012.9349886913076,10025.989132685072,0.3497244,63.2974,296.5341,214.1562,141.51979885026503,253.63437112923185,9305.75358112562
2456269.85891645,2012.9359587034903,10023.4593359503,0.3495352,63.2955,296.1121,214.1563,141.77117226704377,252.86326674349772,9304.20683870827
2456270.30322475,2012.9371751533192,10020.243861929208,0.3492968,63.2955,295.582,214.1599,142.06844573769285,251.89884480506316,9302.230781619635
2456270.54401309,2012.9378343958658,10018.529586679499,0.3492152,63.2948,295.2915,214.1681,141.7704733613009,251.37921748832912,9300.984363345613
2456270.78034258,2012.9384814307455,10016.788746368287,0.3490883,63.2937,295.0089,214.1697,141.9086914394502,250.86528493159472,9299.904487165823
2456271.30760933,2012.9399250084323,10012.972440766964,0.3488466,63.2944,294.377,214.1773,141.84474891170703,249.721296964339,9297.381744924338
2456271.42795707,2012.9402545025873,10012.034324929753,0.3487692,63.2941,294.2324,214.1742,142.00882305146297,249.45497906852393,9296.837251316956
2456271.82114383,2012.9413309892682,10009.24259991306,0.3486005,63.2946,293.7608,214.1813,141.87932496206668,248.602943863463,9294.95627648658
2456272.3485535,2012.9427749582483,10005.451199975902,0.3483379,63.2934,293.1281,214.1899,142.0370404238156,247.45901503066466,9292.54151390267
2456272.61956715,2012.943516953182,10003.39044686076,0.3482021,63.2957,292.8035,214.1973,142.0525861439055,246.87469685442215,9291.199100906542
2456272.85479538,2012.9441609729774,10001.477605940441,0.3480461,63.2938,292.5204,214.1969,142.36603095553346,246.35934972810242,9290.078529358221
2456273.30289002,2012.9453877892402,9998.141313898683,0.3478237,63.2961,291.9827,214.2067,142.41450897558207,245.38979587355408,9287.914006787303
2456273.5435409,2012.9460466554417,9996.128709650113,0.3477378,63.2939,291.6915,214.2028,141.96060363954348,244.85750404096245,9286.405045540188
2456273.77861146,2012.9466902435586,9994.365284189222,0.3476279,63.2929,291.4078,214.2076,141.90876861361903,244.34691231891372,9285.228043099329
2456274.30415979,2012.9481291164677,9990.422173117257,0.3473594,63.2917,290.7754,214.2186,142.0188213165502,243.20751807164322,9282.690401335305
2456274.46322794,2012.9485646213273,9989.301768724063,0.3473214,63.2906,290.5848,214.2206,141.66719338834446,242.86213632217618,9281.808586823643
2456274.81410867,2012.9495252804113,9986.71857956163,0.3471439,63.2901,290.1631,214.2228,141.75384365014452,242.0967990519364,9280.151623829985
2456275.34110249,2012.9509681108561,9982.823895225833,0.3469212,63.2904,289.5257,214.2336,141.4343501054127,240.95078009179292,9277.464071161869
2456275.61423061,2012.9517158948938,9980.74591481463,0.3467625,63.2904,289.1965,214.2358,141.66120952872188,240.35457783822824,9276.196230326701
2456275.84537001,2012.9523487200822,9978.961246020046,0.3466491,63.2893,288.9182,214.2347,141.62701115231812,239.84736077042453,9275.011226025823
2456275.95933369,2012.952660735633,9978.110202509803,0.346603,63.2889,288.7809,214.2383,141.53097198929754,239.60133517218878,9274.412716446295
2456276.64605595,2012.9545408787128,9972.924261600805,0.3462583,63.2901,287.9498,214.2481,141.5801607501544,238.10318366339095,9271.030209271661
2456276.87916126,2012.95517908627,9971.185513146283,0.3461695,63.2897,287.6673,214.254,141.32890965319075,237.5968289428265,9269.783884035243
2456276.98929213,2012.9554806081585,9970.359862030165,0.3461101,63.2892,287.5344,214.2557,141.38131314691873,237.3570810629579,9269.263765475698
2456277.56445965,2012.9570553310057,9966.041126436787,0.3458168,63.2898,286.8357,214.2688,141.480375424022,236.10458083793452,9266.469346574582
2456277.79470683,2012.9576857134286,9964.105030014305,0.3456422,63.2899,286.556,214.2606,141.9535464090941,235.58974316567753,9265.395101730483
2456278.02164715,2012.9583070421634,9962.34428167327,0.3455366,63.2916,286.2804,214.2629,141.85341055444587,235.0927648211952,9264.196605907271
2456278.59684287,2012.959881842218,9957.43667732789,0.3452736,63.2929,285.5811,214.2624,141.26036897485028,233.82603680152812,9260.724536471438
2456278.82529409,2012.96050730757,9955.540288505044,0.3451575,63.2886,285.3052,214.2735,141.1745913753639,233.33606927477376,9259.44233782342
2456278.93925201,2012.9608193073514,9954.62653670993,0.3451019,63.2882,285.167,214.2781,141.12970510091327,233.09014935351394,9258.822980966659
2456279.62381516,2012.9626935391095,9948.572502821784,0.344664,63.288,284.3348,214.2866,141.52140970921573,231.5917259205462,9255.004990257627
2456279.85548559,2012.9633278181798,9946.558364775,0.3446069,63.2864,284.0534,214.2978,140.7694210208183,231.09318545526907,9253.367422114103
2456280.49634007,2012.9650823821216,9941.066645604476,0.3442209,63.2864,283.2695,214.3065,141.0074378945219,229.6863424362191,9249.852819446553
2456280.88427826,2012.966144499001,9937.788945115439,0.3440255,63.2856,282.797,214.319,140.79983437762712,228.84398035958475,9247.609104050192
2456281.29344794,2012.9672647445316,9934.329255924391,0.3437715,63.2872,282.2959,214.3255,141.05368612137863,227.94609196864621,9245.4363881478
2456281.44996888,2012.96769327551,9933.02187978728,0.3436527,63.2862,282.1054,214.3205,141.37579163930513,227.59632081638551,9244.708869206726
2456281.79428237,2012.968635954469,9930.532402130842,0.3435379,63.2888,281.6836,214.3363,140.88185482085646,226.85095639118094,9242.864329780237
2456282.18544876,2012.9697069096787,9927.65850672319,0.3437119,63.2741,281.1776,214.3464,137.2678388262002,225.96951251564735,9239.473533311897
2456282.92994029,2012.9717452163993,9921.791643842318,0.342906,63.2879,280.2932,214.341,141.41345841892507,224.34592209627823,9237.323831151905
2456283.22680528,2012.9725579884462,9919.45116557151,0.3427845,63.287,279.9283,214.3439,141.08075750666285,223.69132415937986,9235.643041889622
2456283.50066919,2012.9733077869685,9917.209275715224,0.3426542,63.2886,279.5907,214.3461,140.89956511244418,223.08599669139005,9234.089673529736
2456283.84692736,2012.9742557901716,9914.46072782435,0.3424673,63.2895,279.1635,214.3572,140.94583141030944,222.32861553823477,9232.295768120517
2456284.17034295,2012.9751412537992,9911.884887053675,0.3422947,63.2905,278.7662,214.3638,140.96292320510292,221.61914863229583,9230.603322447145
2456284.5238297,2012.9761090477755,9909.278967987268,0.3422407,63.2832,278.3368,214.3607,139.78409748802642,220.8382428008615,9228.397310657821
2456284.97704653,2012.9773498878308,9905.976198904407,0.3420143,63.2814,277.7812,214.3728,139.8543834194552,219.84804038088396,9226.24644238717
2456285.27707216,2012.9781713132377,9903.893514346732,0.3418024,63.2856,277.4075,214.3867,140.58264179858452,219.19252723445857,9225.171590847149
2456285.54158894,2012.9788955207123,9901.910286663058,0.3416542,63.2852,277.082,214.3902,140.74474920141984,218.60981254354812,9223.928715164951
2456285.99812716,2012.9801454542371,9898.420447162835,0.3414206,63.2822,276.5211,214.3931,140.75949904023128,217.60183647461673,9221.629643314605
2456286.29861434,2012.980968143299,9896.126499702856,0.3413058,63.2837,276.1475,214.4065,140.38482782057235,216.94546841241652,9219.959927859652
2456286.44892127,2012.9813796612464,9894.935072021672,0.341194,63.2838,275.9617,214.4089,140.70629505830948,216.61392195134044,9219.30485579157
2456286.90628399,2012.9826318521286,9891.283780198297,0.3409202,63.2829,275.3979,214.4083,141.00903559633753,215.59873323366173,9217.015943311511
2456287.23636184,2012.9835355560297,9888.688644929722,0.3407525,63.2847,274.9853,214.4175,140.9569674483064,214.86999982934697,9215.278786944886
2456287.47234213,2012.9841816348523,9886.735797493819,0.3406526,63.2842,274.6935,214.4185,140.65724256447447,214.3466114531783,9213.864389495066
2456287.92396208,2012.9854181028882,9883.10941427429,0.340409,63.2841,274.1354,214.4245,140.6737216705933,213.3493829602437,9211.472590356074
2456288.25646019,2012.9863284331002,9880.467839879931,0.3402521,63.2837,273.7234,214.4287,140.48160837832074,212.61386408395606,9209.64616382882
2456288.49124635,2012.9869712425739,9878.582400586181,0.340102,63.2833,273.4332,214.4308,140.72046898202007,212.09435267340314,9208.496396537266
2456288.94240839,2012.9882064569197,9875.030987182243,0.33985,63.2834,272.8748,214.4381,140.86540618835807,211.0985755089506,9206.205039202301
2456289.23995859,2012.989021104969,9872.694504402702,0.3396919,63.2838,272.5048,214.4421,140.88385008258865,210.43930221119,9204.66562305879
2456289.50527461,2012.9897475006437,9870.685497909804,0.3395718,63.2842,272.1755,214.4481,140.74275615067563,209.85449976825123,9203.277511150534
2456289.73620352,2012.9903797495417,9868.93945253727,0.3394654,63.2831,271.8905,214.4488,140.6396737059249,209.34259016500107,9202.078926487135
2456290.17416314,2012.9915788176315,9865.55938786693,0.3392424,63.2844,271.3462,214.4518,140.60704378442097,208.3696256526748,9199.826432589478
2456290.64191707,2012.992859458097,9862.056311311484,0.3389886,63.2841,270.7643,214.463,140.79534921883987,207.33789508510063,9197.581948398532
2456290.86440216,2012.9934685890762,9860.354995236828,0.3388919,63.284,270.4875,214.4657,140.62425622652881,206.84450793260123,9196.384439029332
2456291.1900148,2012.994360067899,9857.862319945105,0.3387397,63.286,270.0793,214.4719,140.476695045596,206.12157555641272,9194.671751127855
2456291.42544522,2012.9950046412594,9855.99017755331,0.3386046,63.2869,269.7852,214.4756,140.57026587894234,205.59912914664432,9193.468560766723
2456291.87478587,2012.9962348689112,9852.40051149347,0.3383739,63.2866,269.225,214.4821,140.4690260574298,204.60254719193694,9191.046544070672
2456292.28744475,2012.9973646673507,9849.115350346789,0.3381758,63.2868,268.7089,214.4897,140.2465874509826,203.68731975374465,9188.776527984612
2456292.43980022,2012.9977817938948,9847.848841390112,0.3380691,63.2857,268.5188,214.4887,140.45914664531392,203.34605419787232,9188.022661866924
2456292.78114355,2012.998716340999,9845.021531953822,0.3379579,63.2853,268.0923,214.4936,139.68242955992628,202.58801724041405,9185.830268842574
2456293.30016097,2013.0001373332514,9840.767248364482,0.3376243,63.2857,267.4432,214.5078,140.1487946724974,201.44156002949694,9183.195727558477
2456293.4524413,2013.000554254072,9839.503531792749,0.3375109,63.2844,267.2534,214.5087,140.42753922419888,201.1025685340784,9182.46982865752
2456293.79437837,2013.001490426749,9836.730063765843,0.3373408,63.2837,266.8254,214.5161,140.26337467102258,200.34494637038506,9180.561112562209
2456294.31140097,2013.002905957481,9832.5446149716,0.3370364,63.2854,266.1767,214.5153,140.48287510218597,199.18585530679775,9177.869477117887
2456294.46372358,2013.0033229940586,9831.429052760386,0.3370171,63.2826,265.9881,214.5218,139.9330445433343,198.8536221389204,9176.905153018535
2456294.80520551,2013.0042579206297,9828.81715496341,0.3368319,63.2794,265.5619,214.5277,140.02169790448988,198.09674857330788,9175.205205320048
2456295.12517123,2013.0051339390286,9826.32042107467,0.3366533,63.2783,265.1606,214.5301,140.12092446249244,197.38248194972573,9173.585657452342
2456295.58378218,2013.006389547379,9822.797928553107,0.3363776,63.2795,264.5831,214.5433,140.49243606144137,196.36616294352814,9171.393729096762
2456295.70473924,2013.0067207097604,9821.77873821084,0.3363347,63.2774,264.4323,214.5445,140.23743282831856,196.09734448624442,9170.612650965682
2456296.08509238,2013.0077620599047,9818.610370920003,0.3364488,63.2661,263.9234,214.5562,137.0143939564132,195.22525843432265,9167.20089542064
2456296.13470529,2013.0078978926495,9818.374687658452,0.3360984,63.2756,263.8918,214.5541,140.29836453594635,195.1426586462115,9168.372798459799
2456296.597099,2013.009163857632,9814.316992915683,0.3358216,63.2741,263.3082,214.5491,140.3210574475488,194.0983112524467,9165.681719327311
2456296.8198209,2013.009773636961,9812.4760956578,0.3356766,63.2754,263.0259,214.564,140.5211822861147,193.61139069406272,9164.537153214738
2456297.14307979,2013.010658671567,9809.799445676885,0.3354628,63.2737,262.6167,214.572,140.84035619166934,192.89157823590568,9162.883848707537
2456297.60403199,2013.0119206899105,9805.773940701392,0.3352534,63.2749,262.0358,214.5763,140.21858744985184,191.860651632214,9159.952066894495
2456297.71563677,2013.0122262471452,9804.83619035453,0.3352032,63.274,261.8953,214.5801,140.08742387188158,191.6139510277369,9159.27453428075
2456298.23223012,2013.0136406026554,9800.516666938314,0.3349117,63.2741,261.2404,214.5919,140.07266913567037,190.4616830440682,9156.390644906605
2456298.37592529,2013.0140340185899,9799.298737651614,0.3348319,63.2745,261.0583,214.5988,140.04462265612256,190.14485330766422,9155.567686810195
2456298.72155316,2013.0149802961257,9796.17263542171,0.3345852,63.2767,260.6183,214.5937,140.38195496460958,189.35909339478212,9153.619688746376
2456299.34606899,2013.0166901272826,9790.751890813679,0.3342372,63.2771,259.8258,214.6169,140.18209293340897,187.97425417828202,9149.924568459077
2456299.61783267,2013.0174341756879,9788.275936493346,0.3340586,63.2777,259.4808,214.6133,140.28188073469028,187.35779675237313,9148.31302292542
2456299.72654828,2013.0177318228066,9787.33467163699,0.3339968,63.2779,259.3431,214.6137,140.25991078118477,187.11334378963335,9147.67620933585
2456300.3869447,2013.0195398896647,9781.573231753235,0.3336026,63.2787,258.5047,214.624,140.2786695499517,185.6343397207072,9143.838670928326
2456300.61917565,2013.0201757033544,9779.4453678547,0.3334562,63.2789,258.2086,214.6235,140.29237738226948,185.10884679243134,9142.423564132538
2456300.72934672,2013.0204773353046,9778.479686027957,0.3333904,63.2776,258.069,214.6272,140.2921321112217,184.86435929031325,9141.778667211644
2456301.24381791,2013.0218858806572,9773.91578044874,0.3331065,63.2771,257.4152,214.6378,140.02460352869184,183.7140829633646,9138.62341671712
2456301.62138318,2013.0229195980285,9770.44775459891,0.3328782,63.2773,256.9343,214.6366,139.9423928539827,182.85984470973955,9136.273541101466
2456301.838639,2013.0235144120466,9768.529135387846,0.3327484,63.2783,256.6573,214.643,139.9303952341561,182.37511166327943,9134.986616178281
2456302.12980329,2013.0243115764274,9765.835833697935,0.3325567,63.2761,256.2864,214.6461,140.00539610160013,181.72033248611945,9133.21640388348
2456302.62298148,2013.0256618247224,9761.419307594158,0.3322725,63.2775,255.656,214.6606,139.83181071157833,180.61834309993526,9130.19413797045
2456302.8382909,2013.0262513097878,9759.504668953927,0.3321487,63.2767,255.3819,214.6655,139.76158051694892,180.1369284763938,9128.88561302739
2456303.11237089,2013.0270016999045,9756.992296875915,0.3323699,63.2628,255.0078,214.6844,135.9254428624963,179.5115880343988,9125.67390595505
2456303.12997626,2013.0270499007804,9756.897089472403,0.3319782,63.2765,255.0073,214.6677,139.68365612411526,179.4770357190862,9127.110259723011
2456303.61859895,2013.028387676797,9752.775901084206,0.3317258,63.2765,254.3834,214.6781,139.3922130763258,178.38193635308858,9124.236539980797
2456304.24268271,2013.0300963250097,9747.505325717335,0.3314051,63.2781,253.5832,214.6955,138.996048497449,176.98402299647768,9120.550813037577
2456304.62018399,2013.0311298671866,9744.242807313718,0.3311614,63.2751,253.1002,214.6985,139.18941730377628,176.13194781285773,9118.443139600362
2456305.27800373,2013.0329308794794,9738.583643850303,0.330774,63.2733,252.2551,214.7102,139.17707763936232,174.6501833873873,9114.647198905897
2456305.38974309,2013.033236805175,9737.623986137149,0.3307081,63.272,252.1124,214.7129,139.17655916730564,174.40005013702694,9114.003931493227
2456305.61673078,2013.0338582636,9735.646921528296,0.3306236,63.2701,251.8209,214.7232,138.6759880036925,173.89512510402517,9112.480186969273
2456306.27360711,2013.0356566929777,9729.905330449026,0.3302,63.2682,250.974,214.7409,138.9542903347574,172.4184905279945,9108.741526825499
2456306.61187973,2013.0365828329368,9726.85954440203,0.3300171,63.2666,250.5396,214.7418,138.69326545115018,171.65158014278603,9106.595382319136
2456307.37520149,2013.0386726940171,9720.049288342938,0.3294769,63.2645,249.5553,214.7515,139.38128097250046,169.92463015381384,9102.298244079486
2456307.60562591,2013.039303561698,9717.512696940192,0.3294029,63.2648,249.26,214.7527,138.3995337812712,169.40341778869583,9100.207269468145
2456307.81976964,2013.0398898552771,9715.553517818422,0.3291985,63.268,248.9807,214.7557,139.07157308287424,168.91605210021794,9099.157596465557
2456308.10938721,2013.0406827849695,9712.579087383092,0.3289902,63.2643,248.6013,214.7611,139.0994509091106,168.2565974109857,9097.171106321277
2456308.48551515,2013.0417125671452,9708.973775245813,0.3287576,63.2665,248.1128,214.7752,138.93855843306028,167.41147582773658,9094.685709652467
2456308.81162464,2013.04260540627,9705.827674101833,0.3284896,63.2656,247.6907,214.7861,139.42792376719171,166.67885374278433,9092.764619166695
2456309.2137242,2013.043706294867,9701.959699133105,0.328217,63.2659,247.1674,214.7875,139.47529256273538,165.76063384790382,9090.18316593208
2456309.58706491,2013.0447284460238,9698.466232600082,0.3279853,63.2647,246.6825,214.7904,139.3755757608751,164.91065943141098,9087.79475219331
2456309.80175463,2013.0453162344427,9696.449090225653,0.3278415,63.264,246.4043,214.7933,139.41437581243918,164.4237556006533,9086.453271912093
2456310.18306304,2013.0463601999727,9692.821561756746,0.3280428,63.2494,245.8819,214.8084,135.02493673769004,163.5406280098348,9082.286126099101
2456310.348164,2013.0468122217662,9691.27270808104,0.3275032,63.2613,245.693,214.8089,139.21358411183337,163.18950016418944,9082.891538533073
2456310.5781111,2013.0474417826147,9688.898756807112,0.327362,63.2615,245.3935,214.8072,138.985181981222,162.66165825871633,9081.204055947364
2456310.79071083,2013.048023848953,9686.859082185912,0.3271858,63.2655,245.1156,214.8138,139.3200438936483,162.18081437687397,9079.962471061106
2456311.19213965,2013.0491229011643,9682.85528438022,0.3269709,63.2629,244.5918,214.8292,138.70707747666347,161.27675558088293,9077.025992824423
2456311.56431061,2013.050141849719,9678.797835650796,0.3266132,63.2648,244.1026,214.8315,139.4384023958155,160.4230341011958,9074.579546347879
2456311.98550179,2013.051295008323,9674.349992541096,0.3262896,63.2605,243.5565,214.8277,139.57390321485946,159.45799700374164,9071.635155590622
2456312.28357605,2013.05211109117,9671.339830255907,0.3260936,63.2623,243.165,214.8357,139.44150818436992,158.78070717880058,9069.55408727515
2456312.5483615,2013.0528360342225,9668.777347728786,0.3259554,63.2625,242.8175,214.8578,139.05085983891058,158.19432767987485,9067.673493499913
2456312.9708439,2013.0539927279945,9664.654289376602,0.3256935,63.2613,242.2631,214.8658,138.80290757952298,157.2315179219762,9064.79574151861
2456313.26965694,2013.054810833511,9661.775022685719,0.3254696,63.2618,241.8718,214.8714,139.02467076220637,156.55129993603543,9062.939720226774
2456313.53512068,2013.0555376336208,9659.242479838795,0.3252455,63.2599,241.5248,214.8741,139.48102986238518,155.94535189651276,9061.408573601813
2456313.64356196,2013.0558345296652,9658.190781519746,0.3251956,63.2599,241.382,214.8755,139.2533354089628,155.69706932054424,9060.60988760602
2456314.29015586,2013.057604807283,9651.984437081188,0.3247842,63.2606,240.5325,214.8869,139.0360932713229,154.22166937810675,9056.334649026852
2456314.52054073,2013.0582355666807,9649.77707167018,0.324661,63.261,240.2283,214.8957,138.73449780466763,153.69919599497666,9054.726283546932
2456315.0159576,2013.0595919441478,9644.991869785357,0.3243226,63.2607,239.5753,214.9018,138.76672959770804,152.56400010680494,9051.505670926634
2456315.27174715,2013.0602922577687,9642.532734443188,0.3241122,63.2605,239.2391,214.8983,139.13393631078998,151.97218720329278,9049.986235816421
2456315.50106453,2013.0609200945382,9640.756183096064,0.3240479,63.2588,238.9364,214.9197,138.55308755176793,151.46486596621799,9048.559635351143
2456315.99630028,2013.062275976126,9636.443298853716,0.323706,63.2605,238.2832,214.9281,138.9324843549739,150.3319485945686,9045.790508096583
2456316.21935116,2013.062886656153,9634.406144940582,0.323502,63.2622,237.9883,214.9215,139.52018824001425,149.81060378492896,9044.640385369677
2456316.47990957,2013.0636000262011,9632.299009149832,0.3233884,63.2624,237.6444,214.9355,139.18894425928193,149.2238905675997,9043.086337193716
2456317.23085097,2013.065655991704,9625.874523844588,0.3230081,63.2617,236.65,214.9542,138.50278305914253,147.50804298653952,9038.472467641372
2456317.45961894,2013.066282324271,9623.828032987725,0.3228359,63.2619,236.3473,214.9517,138.77454851290258,146.97736326240556,9037.192022464418
2456318.06891384,2013.0679504827933,9618.41434596422,0.3224355,63.2609,235.5389,214.9603,138.95980711607353,145.5770261944415,9033.596876616979
2456318.32379586,2013.0686483117322,9616.098909408942,0.3222891,63.2613,235.2005,214.9721,138.79874638455203,144.9992077764265,9031.965846717845
2456318.54935008,2013.0692658455307,9613.973151042514,0.3221624,63.2619,234.8998,214.9747,138.57618716709385,144.47879560895592,9030.43936744233
2456319.04529231,2013.070623661355,9609.411076229913,0.3218674,63.2609,234.2402,214.9848,138.31861759258936,143.3404819121639,9027.247552521942
2456319.29864457,2013.0713173020401,9607.017449049186,0.3216505,63.2571,233.9054,214.9917,138.7791830537899,142.76287126554314,9025.801931583079
2456319.52560954,2013.071938698261,9604.74120243616,0.3215432,63.2565,233.6023,214.9873,138.26568103298905,142.231668626049,9024.060321288754
2456319.7358203,2013.072514223956,9602.77616686866,0.3213989,63.2574,233.3223,214.9884,138.31816989085655,141.74557937582358,9022.747545132195
2456320.23486494,2013.0738805337164,9597.756959435712,0.3209745,63.2558,232.6596,215.0245,138.98541825931443,140.62710786207623,9019.598114945049
2456320.43648358,2013.0744325354692,9595.21805424975,0.3209678,63.2402,232.3712,215.0383,137.32572485692708,140.15378723106028,9017.23685798373
2456320.50055608,2013.0746079564137,9594.6918243906,0.3209502,63.2551,232.3036,215.0158,137.1372644140729,140.00053569103568,9016.80722262441
2456320.99292856,2013.075955998795,9589.517079805732,0.3204208,63.255,231.6438,215.0203,138.70004548071574,138.85994043378196,9013.89332400231
2456321.25145402,2013.0766638029293,9587.080810126856,0.320307,63.2535,231.2998,215.02,138.13541707755303,138.2608309454597,9012.02172185525
2456321.47422774,2013.077273724134,9585.043296701884,0.3201851,63.252,231.0015,215.0366,137.91895024306177,137.75955931174053,9010.554357498924
2456321.99765608,2013.0787067928268,9580.061878164865,0.3198286,63.2539,230.2991,215.0512,137.9477997580252,136.5558545823996,9007.179744896554
2456322.22301891,2013.0793238026279,9577.904669885425,0.3196737,63.255,229.9968,215.0544,137.96414581587214,136.0346310539918,9005.71934288591
2456322.44292791,2013.0799258806571,9575.830147295981,0.3194786,63.2545,229.7017,215.0552,138.4210380000668,135.5235829634354,9004.4833330604
2456323.04854395,2013.081583967009,9570.054306485574,0.3190654,63.255,228.8878,215.068,138.444801165032,134.12557187672093,9000.563019999317
2456323.30047147,2013.0822737069684,9567.67986882867,0.3188883,63.2549,228.5496,215.0754,138.52240051367244,133.5464654913585,8998.976646946861
2456323.52557916,2013.0828900182344,9565.589794041149,0.3187667,63.2537,228.2473,215.0835,138.2620018409716,133.03039343565092,8997.454563207591
2456324.16415389,2013.084638340562,9559.69896440675,0.318363,63.2518,227.3878,215.0995,138.1082230013244,131.55749739773114,8993.38460301445
2456324.4922334,2013.0855365733053,9556.738684065629,0.3181512,63.2532,226.9455,215.1,138.1145036437283,130.79233361008556,8991.370383998745
2456324.90515933,2013.0866671028884,9553.010764360046,0.317892,63.2541,226.3863,215.114,138.04876645610148,129.84014296016846,8988.80504537685
2456325.198461,2013.0874701190962,9550.367114428891,0.3177055,63.2543,225.99,215.1134,138.02665515570334,129.1541571253784,8986.994641179665
2456325.56599402,2013.088476369665,9547.050662064548,0.3174679,63.2491,225.4946,215.119,138.03223718530626,128.30210692065464,8984.73552980552
2456325.94980435,2013.0895271850782,9543.593504476985,0.3172277,63.2503,224.9742,215.1331,137.96498731681095,127.41751337185849,8982.352097325735
2456326.20309549,2013.090220658426,9541.222147994662,0.3170172,63.2503,224.6306,215.1413,138.3543180594088,126.83246296662423,8980.881928752418
2456326.53190971,2013.0911209026963,9538.014457158131,0.3167971,63.2492,224.1858,215.145,138.26283737236008,126.06727502935911,8978.658232323578
2456326.94701394,2013.0922573961402,9534.07654573935,0.3164896,63.2478,223.6243,215.1484,138.50417340892182,125.10003738953992,8976.061330650218
2456327.1733787,2013.0928771490758,9531.934310035516,0.3163493,63.2508,223.3151,215.1582,138.37726340979862,124.57752633272355,8974.55045203237
2456327.50138274,2013.0937751751956,9528.835373020967,0.316127,63.2527,222.8693,215.1657,138.37693305396715,123.81593692956278,8972.433661542042
2456327.9104541,2013.09489515154,9524.983438311818,0.3158392,63.2522,222.3136,215.1704,138.48398914216432,122.86174544558764,8969.842239768013
2456328.12843802,2013.0954919589874,9522.960914206924,0.3156894,63.2521,222.0173,215.1717,138.52679697748863,122.35189476455855,8968.476097271274
2456328.56819579,2013.0966959501438,9518.872590728091,0.3154151,63.2521,221.4183,215.178,138.34014063633094,121.32575794820315,8965.61073117265
2456328.95132918,2013.0977449121972,9515.320983323936,0.315177,63.2521,220.8945,215.187,138.17436176284718,120.43333160899579,8963.11940338465
2456329.16523933,2013.0983305662694,9513.323844815597,0.3150364,63.2531,220.6026,215.1945,138.14424871073243,119.93809614299903,8961.741933349938
2456329.5296678,2013.0993283170426,9509.789348929382,0.3147725,63.2534,220.1041,215.1995,138.23288109350779,119.0854058646471,8959.356903813705
2456329.91049236,2013.100370957865,9506.146436415424,0.3144803,63.2527,219.5835,215.2013,138.5143532475695,118.19125516866427,8956.969260966456
2456330.16557435,2013.1010693342914,9503.727644824052,0.3143119,63.2504,219.2365,215.2121,138.4566516968789,117.60363965510106,8955.291484818667
2456330.4899392,2013.1019573968522,9500.6024681285,0.3141182,63.2497,218.7924,215.2205,138.15402192441798,116.84823713324772,8953.037606096266
2456330.90238522,2013.1030866125118,9496.668343505371,0.3138292,63.2493,218.2274,215.2252,138.2002145977549,115.88141949575527,8950.359829967485
2456331.11984883,2013.1036819954281,9494.616855313625,0.3136821,63.2518,217.928,215.2302,138.18920144344975,115.3726816458385,8948.949911202279
2456331.44904565,2013.1045832872012,9491.517217102817,0.313465,63.2518,217.4763,215.2402,138.12247264368216,114.60651660761096,8946.800367573962
2456331.85960351,2013.10570733336,9487.65665905606,0.3131821,63.2511,216.9116,215.2483,138.1561224938987,113.64525999036812,8944.166004223147
2456332.41077932,2013.1072163704864,9482.332079264854,0.3128231,63.2502,216.1542,215.257,137.90326299977642,112.35330662488514,8940.41918030099
2456332.51388731,2013.1074986647773,9481.352158335503,0.3127535,63.25,216.0122,215.2584,137.88978608352045,112.11108068014636,8939.741800494214
2456332.81604709,2013.1083259331695,9478.404604791707,0.3125603,63.2488,215.5944,215.2614,137.69531799662946,111.39846405903404,8937.64645334727
2456333.36467498,2013.109827994469,9473.03657115624,0.3121556,63.2498,214.8376,215.2845,137.83885646502222,110.12402199114194,8934.014802623116
2456333.4697584,2013.1101156971943,9472.018757993184,0.3120956,63.2494,214.6922,215.2876,137.70708050604753,109.8781490100427,8933.266736461626
2456333.87991865,2013.1112386547566,9468.042316338333,0.3117917,63.2495,214.1251,215.2889,137.84900685526645,108.90808428767855,8930.588267606523
2456334.42455672,2013.112729792526,9462.880110859685,0.3114403,63.2466,213.3742,215.3051,137.62159026951122,107.63657469069062,8926.956321835385
2456334.53174645,2013.113023262012,9461.85673789087,0.3113602,63.2466,213.226,215.3072,137.674831609821,107.38482567568292,8926.27268328458
2456334.9114328,2013.114062786584,9458.266617885465,0.3110983,63.2466,212.7007,215.3164,137.67965211454703,106.49449682968407,8923.806192365448
2456335.37843396,2013.1153413660782,9454.03983800626,0.310837,63.2455,212.054,215.3268,137.23815687990736,105.39790821188592,8920.735306742841
2456335.48449939,2013.1156317573984,9453.052792031276,0.3107646,63.2454,211.9075,215.3291,137.24232233679413,105.14916733657066,8920.057857776164
2456335.89489742,2013.1167553659684,9449.324659533577,0.3104398,63.2458,211.3361,215.3438,137.74190209290555,104.18796825137531,8917.677808176582
2456336.10987382,2013.1173439392746,9447.332720544013,0.3102919,63.2445,211.0383,215.3462,137.76560075424277,103.68068186109656,8916.315543074445
2456336.44128462,2013.1182512925948,9444.286077420747,0.3100681,63.2441,210.5788,215.3539,137.77793753844253,102.90223466591914,8914.222608582118
2456336.92298774,2013.1195701238605,9439.852883461908,0.3097319,63.2464,209.906,215.3645,137.89301414677175,101.76525541024637,8911.211961823416
2456337.39069598,2013.120850639233,9435.493924926424,0.3094175,63.2452,209.2551,215.3699,137.85068341050192,100.65876987615411,8908.19297124475
2456337.49330809,2013.1211315758799,9434.54403108528,0.3093423,63.2454,209.112,215.3723,137.9041810580875,100.41693268323058,8907.558070366438
2456337.87034676,2013.1221638514987,9431.041972245017,0.3090765,63.246,208.5852,215.3793,137.99222811043,99.5255134604567,8905.176460852124
2456338.12220134,2013.1228533917586,9428.616182543798,0.3088908,63.2462,208.2333,215.3978,138.06708702489777,98.94387896692518,8903.531381892784
2456338.44195054,2013.1237288173581,9425.428050465312,0.3086562,63.2458,207.7874,215.4013,138.07494503528142,98.1863257510725,8901.335334857444
2456338.92795192,2013.1250594166183,9420.672654250602,0.3083279,63.2438,207.1098,215.4017,137.8801381780877,97.03011001740055,8897.98251570568
2456339.17744431,2013.1257424895548,9418.217353303238,0.3081799,63.2449,206.7608,215.4185,137.57577118398058,96.45200376023627,8896.175967151152
2456339.39456734,2013.1263369400142,9416.095113754229,0.3080521,63.2467,206.4563,215.4183,137.3109401624988,95.93330159492768,8894.613617062887
2456340.08424095,2013.1282251634502,9409.548642353373,0.3075802,63.2427,205.4935,215.4188,137.22148902859317,94.29124115793553,8890.059861229298
2456340.33846853,2013.1289212006302,9407.439659780795,0.3075283,63.2416,205.1385,215.4308,136.249433855829,93.69766777309349,8888.246392884497
2456340.44162583,2013.1292036299242,9406.484836654514,0.3074642,63.2423,204.9937,215.4313,136.1912015404023,93.45169322731613,8887.565374194883
2456340.91928348,2013.1305113852975,9402.306943230202,0.3070839,63.2458,204.3147,215.4651,136.87355810599183,92.33570129289433,8884.928160177473
2456341.38639369,2013.1317902633539,9397.88826067272,0.306761,63.2471,203.6568,215.4605,136.84635994049495,91.2128051925921,8881.863162859772
2456342.07831751,2013.133684647529,9391.284025961686,0.3062388,63.2471,202.6821,215.4912,137.1721753920101,89.58682688956338,8877.413590136592
2456342.33482936,2013.134386938699,9388.574023885623,0.3060246,63.2502,202.3183,215.4781,137.30311365563466,88.95710206838868,8875.585769852743
2456342.48210152,2013.134790147899,9387.039095790791,0.30599,63.2496,202.1086,215.4807,136.56270286976724,88.6048467564118,8874.25318508415
2456342.84000949,2013.1357700465162,9383.517986465191,0.3057062,63.2485,201.6033,215.4867,136.78206019126628,87.75278325418174,8871.895281193438
2456343.37704216,2013.137240361834,9378.36211626995,0.3053309,63.2491,200.8432,215.5072,136.72207078334122,86.48386973972515,8868.302189366295
2456343.99224725,2013.138924701574,9372.489286590011,0.3048867,63.2472,199.9714,215.5142,136.8056572162286,85.01270743333316,8864.262560280058
2456344.32283417,2013.1398297992332,9369.363045226171,0.3046472,63.2456,199.5017,215.5221,136.87652771454486,84.22507227601733,8862.120769345205
2456344.7181539,2013.1409121256675,9365.60114556655,0.3043604,63.244,198.9413,215.5303,136.9467346614565,83.28323475975247,8859.53709799542
2456345.15135638,2013.1420981694182,9361.386125400304,0.304035,63.243,198.327,215.5553,137.060794764222,82.26695900947811,8856.653858242136
2456345.36546425,2013.142684364819,9359.2442637779,0.3038625,63.2425,198.0222,215.556,137.18460367568878,81.75182866520765,8855.212085487
2456345.97513955,2013.1443535648184,9353.307958987261,0.3034582,63.2413,197.155,215.5644,136.83366170731279,80.29211666536327,8850.963376772726
2456346.3018112,2013.145247943053,9350.137844229126,0.3032167,63.2417,196.6888,215.5739,136.8836025568562,79.51344050092735,8848.779388111428
2456346.40404014,2013.1455278306369,9349.145197800244,0.3031363,63.2415,196.5429,215.5758,136.9436143763096,79.26868097074384,8848.111400051135
2456346.80608727,2013.1466285756876,9345.241180844198,0.3028208,63.2405,195.9699,215.5867,137.17147026801285,78.31031275244652,8845.480539868578
2456347.34005103,2013.148090488788,9339.687521987616,0.3023876,63.2385,195.2063,215.6099,137.3455274638336,77.04362403632854,8841.68189429762
2456348.02660484,2013.1499701706778,9332.71313663922,0.3018699,63.2423,194.2203,215.6119,137.31165535325272,75.38293855599221,8836.8175387951
2456348.27557082,2013.150651802382,9330.314103268398,0.3016839,63.2421,193.8634,215.6303,137.37225636938456,74.79905114242047,8835.16951188156
2456348.37904983,2013.1509351124712,9329.321822639207,0.3016643,63.2409,193.7153,215.6305,136.862185538027,74.54915951033581,8834.295564345142
2456348.99874807,2013.1526317537853,9323.397077059972,0.3011963,63.2435,192.824,215.6314,137.08807401869308,73.04796863727847,8830.250966008462
2456349.31606344,2013.1535005159205,9320.477260660238,0.3009794,63.2433,192.3659,215.642,137.06930703307626,72.28771426864336,8828.21014194887
2456349.41680422,2013.1537763291446,9319.577360060472,0.300945,63.243,192.2215,215.6494,136.76085143707314,72.05142150794757,8827.472620072616
2456349.99780142,2013.1553670127853,9314.066549808049,0.3004932,63.245,191.3853,215.6483,137.11658724326844,70.6414753973097,8823.758991874289
2456350.35315853,2013.1563399275287,9311.307995375022,0.3004842,63.2327,190.8551,215.6906,135.27076143115482,69.80332608967763,8821.175622235989
2456351.02951581,2013.15819169284,9304.77238243057,0.29999,63.2263,189.8853,215.7028,135.29741542522333,68.1790905775652,8816.62707152768
2456351.38258715,2013.1591583494871,9301.489593929255,0.2997513,63.2321,189.3687,215.7135,135.2196962124881,67.32519418460305,8814.308765778027
2456351.75027925,2013.1601650355924,9297.963672276352,0.2994978,63.2317,188.8365,215.7226,135.10770794966356,66.43968718677075,8811.807836403224
2456351.99270338,2013.1608287566874,9295.691565363697,0.2993156,63.2306,188.4851,215.7297,135.20976706192232,65.85644759254524,8810.257872802007
2456352.41573329,2013.161986949459,9291.62544086633,0.299031,63.2309,187.8722,215.7424,135.00509365862945,64.83929819475554,8807.345312571615
2456352.70824618,2013.162787806105,9288.674237787696,0.2988154,63.2305,187.4483,215.7493,134.9390299534698,64.13398980219472,8805.260083622203
2456353.02997424,2013.1636686495274,9285.16418328931,0.2985619,63.2307,186.9801,215.757,134.83162291450572,63.35638617014018,8802.769022199836
2456353.3424491,2013.1645241590697,9281.907804092694,0.2983175,63.2302,186.5259,215.7639,134.81597274527212,62.60110273489363,8800.487108087711
2456353.73943902,2013.165611058234,9277.730529450808,0.2980078,63.23,185.9482,215.773,134.75816537633818,61.64121903579513,8797.545454460422
2456354.06063236,2013.1664904376732,9274.236965031552,0.2977449,63.2301,185.4802,215.7817,134.74390730192954,60.86534243761753,8795.096461240873
2456354.36357391,2013.1673198464346,9271.12840023323,0.2975094,63.2298,185.0386,215.7917,134.7442525568813,60.13515528357891,8792.921268981814
2456354.6628781,2013.1681392966457,9268.003433470752,0.2972774,63.2298,184.6015,215.7999,134.6991695774941,59.411253207560776,8790.717872692592
2456355.08575397,2013.1692970676793,9263.588043321191,0.2969417,63.2295,183.9841,215.8085,134.7061616377232,58.385655635467856,8787.628468634648
2456355.29997119,2013.1698835624636,9261.228778877565,0.2967632,63.2291,183.6707,215.8142,134.70059052576562,57.86681751311846,8785.973879833562
2456355.69060632,2013.1709530631617,9257.302833585538,0.2964689,63.2292,183.099,215.8246,134.66414554555013,56.920497261788,8783.210133387342
2456355.97399028,2013.1717289261608,9251.605078625327,0.296041,63.2313,182.6801,215.8312,134.61435954400622,56.22888658216277,8779.198342534562
2456356.41922392,2013.1729479094317,9249.952728162149,0.2958904,63.233,182.0262,215.8402,134.84421544515862,55.145152604540385,8778.120437184201
2456357.03216708,2013.1746260563446,9243.558457198813,0.2953553,63.234,181.1249,215.8461,135.28817600532057,53.64561971595094,8773.79023469776
2456357.2457064,2013.17521069514,9241.167995338183,0.2951961,63.2352,180.8091,215.8567,135.07494366953233,53.12994974958315,8772.037519416002
2456358.05515769,2013.1774268519914,9232.915352868069,0.2946271,63.2286,179.6239,215.8844,134.51197790707283,51.174633283111234,8766.044895496561
2456358.26961657,2013.1780140084047,9230.850012309078,0.2944623,63.2285,179.3075,215.8885,134.57638672951907,50.650956974267615,8764.616385169084
2456358.73410101,2013.1792856974948,9226.156904270807,0.2941146,63.2289,178.6219,215.8992,134.47315683396027,49.51824890182809,8761.281952247897
2456359.28645772,2013.1807979677487,9220.456084473863,0.2936767,63.2285,177.8052,215.9141,134.48666909065741,48.17203161046859,8757.278075662147
2456359.75561981,2013.1820824635454,9215.701141656158,0.293314,63.2293,177.1107,215.9215,134.47067699242325,47.02251312365058,8753.927283711211
2456359.99219964,2013.1827301838186,9213.139691336271,0.293119,63.2289,176.76,215.9284,134.45709815147438,46.44553382525919,8752.119864757351
2456360.3056131,2013.1835882631076,9210.186673748422,0.2928898,63.2288,176.2948,215.9345,134.48064091158085,45.67752528125226,8750.049223374766
2456360.77499715,2013.1848733665984,9205.235246196804,0.2925243,63.2287,175.5983,215.945,134.34394946775683,44.52888802458227,8746.514718036065
2456361.01533807,2013.1855313841759,9202.603739264323,0.2923259,63.2286,175.2403,215.9543,134.3080188405138,43.943301696697915,8744.648357261955
2456361.32313735,2013.186374092676,9199.525154789399,0.2920922,63.2283,174.7822,215.9644,134.27931337162227,43.19192663663449,8742.468945756507
2456361.71516742,2013.187447412512,9195.44459304579,0.2917865,63.2281,174.1985,215.9734,134.2016992970348,42.230831495703285,8739.565507464044
2456362.33897791,2013.1891553125533,9189.134654120693,0.291305,63.2274,173.2679,215.9935,134.1574837020653,40.705487480792385,8735.099845260085
2456362.62613507,2013.1899415060093,9186.009021171118,0.2910712,63.2274,172.839,216.0008,134.09005216801506,40.000857836671685,8732.871032954372
2456363.71582127,2013.1929249042298,9174.601035229345,0.2902092,63.2265,171.2084,216.029,133.91110847626442,37.32443447730657,8724.753944911665
2456363.95582071,2013.1935819868854,9171.779644518152,0.2899949,63.2264,170.8482,216.0377,133.87402368407584,36.736384721216155,8722.747568996167
2456364.26257988,2013.1944218477213,9168.626434988304,0.2897471,63.2263,170.388,216.0432,133.90721446710359,35.9793348203475,8720.530250430904
2456364.73993402,2013.1957287721293,9163.569175023982,0.2893657,63.226,169.6706,216.052,133.81026619474414,34.80024203346869,8716.920948324396
2456364.96741932,2013.1963515929358,9161.0354300742,0.2891671,63.2259,169.3284,216.0602,133.82908176239107,34.24202654312717,8715.135124556014
2456365.27306,2013.1971883915128,9157.825032295903,0.2889185,63.2257,168.8682,216.0689,133.82366070251828,33.489279055406655,8712.86169121982
2456365.73839532,2013.1984624101842,9152.835348598846,0.2885453,63.2254,168.1666,216.0797,133.69142708678737,32.33983233368167,8709.284447604334
2456367.19101079,2013.2024394545926,9136.897557979246,0.2871622,63.2388,165.985,216.0929,134.98965405529725,28.73969634666514,8698.433358921597
2456368.29374586,2013.205458578672,9124.426808954691,0.2862415,63.2344,164.313,216.1452,134.50089251928694,26.033111678037073,8689.416749096683
2456370.09788867,2013.2103980524844,9102.169830060671,0.2845183,63.2343,161.5502,216.1953,134.2996437005204,21.54220110561255,8673.526149278216
2456370.65562729,2013.2119250576038,9096.11453188875,0.2841281,63.219,160.6865,216.2159,133.51649256081055,20.14937926263343,8668.951750448927
2456370.88671715,2013.2125577471595,9093.566297658843,0.283923,63.2189,160.3318,216.2252,133.55737372865133,19.576211022599864,8667.150814995763
2456371.19579647,2013.2134039602195,9088.802682354446,0.2835915,63.2181,159.8572,216.2524,133.15919646152543,18.82417432099487,8663.623444622452
2456371.65425656,2013.214659155537,9083.40140934567,0.283146,63.2189,159.1525,216.2606,133.33633389508032,17.675804006660883,8659.833221845978
2456371.88244853,2013.2152839111016,9081.887154743932,0.2830271,63.2187,158.8002,216.2614,133.33067080950605,17.099392003458888,8658.751668492532
2456372.19312138,2013.2161344870094,9078.77518314823,0.2827744,63.2185,158.3217,216.2676,133.39367799859883,16.32088467662686,8656.553436443004
2456372.65095601,2013.217387969911,9073.541939860226,0.2823646,63.2181,157.6157,216.2799,133.35859942836942,15.175930832052643,8652.807956456598
2456373.18860706,2013.2188599782612,9067.360197289338,0.2818734,63.218,156.7852,216.2904,133.3762494547209,13.826007825986267,8648.400848162804
2456373.64564071,2013.2201112681996,9062.1229102694,0.2814658,63.2175,156.078,216.3,133.3089356320952,12.677943448145356,8644.637468642479
2456373.98219848,2013.2210327131554,9058.20676783182,0.2811575,63.2178,155.5554,216.315,133.28769850514527,11.838623264015268,8641.831862791256
2456374.18216235,2013.2215801843943,9055.908294409668,0.2809734,63.2177,155.2452,216.3214,133.3026508411831,11.3377336180273,8640.193798441633
2456374.63866297,2013.2228300149766,9050.86282801068,0.2805801,63.2171,154.5362,216.3329,133.23453064116075,10.190294608467525,8636.563126639117
2456374.97399056,2013.2237480918825,9046.982245533218,0.2802774,63.2165,154.015,216.344,133.1812839090053,9.349686922339572,8633.769200132108
2456375.17875734,2013.2243087127727,9044.644960057845,0.2800959,63.2162,153.6962,216.3509,133.14068978997875,8.835963401874551,8632.083076446186
2456375.65686022,2013.2256176871178,9039.447395748586,0.2796761,63.2159,152.951,216.3587,133.19370195046486,7.627332637588779,8628.37960905035
2456375.96474391,2013.226460626721,9035.958471016429,0.2794057,63.2152,152.4707,216.3696,133.12386925115425,6.854474380394208,8625.85762387526
2456376.16740725,2013.2270154887065,9033.906011174053,0.27924,63.2147,152.1541,216.3753,133.14179661381058,6.343824065677495,8624.393100317713
2456376.64592354,2013.2283255949076,9028.461651835827,0.2788075,63.2143,151.4058,216.3861,133.12252984160932,5.134685833268861,8620.484733221101
2456376.8507622,2013.2288864125944,9026.13985015034,0.2786266,63.2142,151.085,216.3949,133.08089257844222,4.620791466044238,8618.806301410188
2456377.15190992,2013.2297109101162,9022.745575291952,0.2783551,63.2136,150.6131,216.403,133.08202840700324,3.8601723581888905,8616.372322731278
2456377.63267245,2013.2310271661877,9017.66961717539,0.2779477,63.2128,149.859,216.4112,133.09278772160997,2.640420172445488,8612.733840475901
2456377.93986624,2013.2318682169478,9014.539258279985,0.277689,63.2121,149.3767,216.4211,133.1645661874736,1.8652418988392014,8610.51042791551
2456378.14135646,2013.2324198671042,9011.989218693221,0.2774887,63.2116,149.06,216.4299,133.12774598402393,1.3587478424783512,8608.667360401441
2456378.61786491,2013.2337244761397,9006.566141739635,0.2770595,63.211,148.3101,216.4422,133.0751297923225,0.15148858968666445,8604.754667774247
2456378.92438484,2013.2345636819707,9003.259878313009,0.2767957,63.2104,147.8272,216.4554,133.05995801344488,359.3796744905144,8602.373735295276
2456379.22208354,2013.2353787365919,8999.291535392344,0.2764824,63.2097,147.3578,216.4681,133.00951338738287,358.6295548269392,8599.504433599124
2456379.60085346,2013.2364157521147,8994.920862837385,0.2761352,63.2094,146.7596,216.4762,132.97029139361075,357.6661292386931,8596.34826658987
2456379.90717683,2013.2372544197942,8991.43772116355,0.2758635,63.2095,146.2747,216.4915,132.89194137134837,356.89460887404584,8593.81666385901
2456380.2042669,2013.2380678080772,8987.712439616143,0.2755536,63.2094,145.8047,216.5011,132.97962111513152,356.14138909220844,8591.164001490946
2456380.6738241,2013.2393533856257,8981.645682691005,0.2750781,63.2092,145.0604,216.5146,132.85535342316052,354.94778117471213,8586.75487318099
2456380.88800699,2013.2399397864199,8978.89294282061,0.2748583,63.2085,144.7213,216.5263,132.83339267494011,354.40927688885984,8584.764604132992
2456381.08956483,2013.2404916217113,8976.296004742971,0.2746525,63.2084,144.401,216.537,132.7975663003026,353.9010161839195,8582.881574179111
2456381.56112308,2013.2417826778374,8969.68074052834,0.2741179,63.2083,143.6511,216.5503,132.7943922642662,352.69963597855997,8578.11123286952
2456381.9638595,2013.2428853100614,8964.751667599958,0.2737092,63.208,143.0095,216.561,132.88036046250727,351.67178837792403,8574.583283318498
2456382.16248731,2013.2434291233672,8962.015289945453,0.2734891,63.2079,142.6927,216.5696,132.86549411203305,351.1678155877868,8572.603696441493
2456382.6279365,2013.244703453799,8956.454753410522,0.2730366,63.2077,141.9492,216.5713,132.878499485475,349.967256632321,8568.593267742639
2456382.94029425,2013.2455586427102,8952.315061869913,0.2727092,63.2069,141.4501,216.5894,132.80008319941862,349.1783886243139,8565.57770855156
2456383.1385022,2013.2461013065029,8949.836378117909,0.2725018,63.2067,141.1329,216.5943,132.85355537529813,348.6707296590055,8563.803857990695
2456383.61394274,2013.2474029917591,8943.468482264887,0.2719819,63.2068,140.3703,216.6019,132.87063186836622,347.4471229667159,8559.205849309948
2456384.01589612,2013.2485034801373,8938.24419428944,0.2715606,63.2063,139.725,216.617,132.83293794168367,346.4207471506119,8555.414732186939
2456384.11251666,2013.2487680127579,8937.069545222646,0.2714632,63.2062,139.5697,216.6199,132.84774785396166,346.1731154072007,8554.569511998805
2456384.66043184,2013.2502681227652,8930.229934855988,0.2709123,63.2061,138.688,216.6307,132.7845036753024,344.7621758045263,8549.598120118033
2456384.98880568,2013.2511671613418,8926.257145243359,0.2705799,63.2062,138.1585,216.6425,132.85507950912506,343.92082191697466,8546.743198926346
2456385.27532088,2013.2519515972076,8922.369559767387,0.2702696,63.2063,137.696,216.6557,132.78800779687936,343.18912500522566,8543.904865298447
2456385.63098242,2013.2529253454345,8917.885390509064,0.2699116,63.206,137.1214,216.6618,132.70837614013817,342.27007564358985,8540.628896278316
2456385.85890238,2013.2535493562762,8915.254306457357,0.2696927,63.2062,136.7524,216.6729,132.73900136224438,341.6875317405794,8538.730677294472
2456386.15229337,2013.2543526170298,8911.377695827361,0.2693769,63.206,136.2776,216.6883,132.72209739624395,340.9389578693007,8535.913158925881
2456386.6255928,2013.255648440246,8905.045830346608,0.2688718,63.2057,135.5101,216.7009,132.59382885882042,339.7175615114345,8531.276812122642
2456386.92079098,2013.256456648816,8901.609809574624,0.2685811,63.2051,135.0314,216.7111,132.66935514828037,338.95810642618073,8528.805677306478
2456387.66429638,2013.2584922556598,8891.794271242097,0.2677885,63.2047,133.8209,216.7335,132.53772103758274,337.0371879624363,8521.631513342087
2456387.98963867,2013.259382994305,8887.587781455852,0.2674383,63.2042,133.2906,216.7464,132.57011408252674,336.19912205021933,8518.582861317042
2456388.08550075,2013.259645450377,8886.274671361729,0.2673298,63.2041,133.1343,216.75,132.57234072153278,335.9519378642547,8517.62841739589
2456388.62876291,2013.2611328211092,8879.479213651344,0.266777,63.2031,132.2467,216.7623,132.502087471079,334.54118440068123,8512.66125058249
2456388.85513093,2013.2617525829705,8876.647583256645,0.2665371,63.2029,131.8762,216.7736,132.5553786934097,333.9588701306301,8510.616409135937
2456389.14649949,2013.2625503066117,8872.445346717992,0.2661926,63.2024,131.3988,216.7865,132.52975151722785,333.2071896198112,8507.547735540562
2456389.61661338,2013.263837408296,8866.089547101443,0.2656768,63.2019,130.6274,216.8005,132.43894771408122,331.98643301340906,8502.887605324118
2456390.01465697,2013.2649271922514,8861.247454802527,0.2652666,63.201,129.9733,216.8159,132.51817070840752,330.9554107895081,8499.38176826178
2456390.10754541,2013.26518150694,8859.958094239135,0.2651596,63.2009,129.8204,216.8185,132.51884995392265,330.7135575016174,8498.441528821255
2456390.64832977,2013.2666620938267,8852.457508839327,0.2645509,63.2002,128.9295,216.8349,132.39560766412524,329.3060462223975,8492.929685193256
2456390.97137931,2013.2675465552632,8848.429227299404,0.2642083,63.2001,128.3962,216.8457,132.46448348431568,328.4651401052397,8490.009849459284
2456391.32499213,2013.2685146944011,8844.08884646777,0.2638459,63.1998,127.8118,216.8538,132.47596509151936,327.54031001556154,8486.842824257083
2456391.63615689,2013.2693666170844,8839.801648503586,0.2634886,63.1994,127.2969,216.862,132.4783878616836,326.72691784961773,8483.710403436027
2456391.92774977,2013.2701649548808,8835.681886111397,0.2631448,63.1991,126.8136,216.8787,132.4818433269902,325.97291624289693,8480.699333600754
2456392.12055736,2013.270692833292,8832.811262730222,0.2629083,63.1991,126.4932,216.8887,132.4555694249657,325.47248001489754,8478.591578801266
2456392.98406602,2013.2730569911573,8821.69890310268,0.2619595,63.1984,125.0587,216.9107,132.6347692953541,323.2088831833444,8470.513189649519
2456393.07511285,2013.2733062637917,8820.776101838412,0.2618732,63.199,124.9063,216.9088,132.71493756646123,322.9648450349671,8469.862033386977
2456393.64232419,2013.274859203806,8812.94331348653,0.2612445,63.1979,123.9615,216.9289,132.4740440263986,321.4810866298601,8464.048177712615
2456393.9336977,2013.2756569409994,8809.032730546065,0.2609084,63.1976,123.4747,216.9419,132.5457952716606,320.72010124021244,8461.202944261013
2456394.28747716,2013.276625536372,8804.201033272771,0.2605102,63.1975,122.8833,216.9569,132.48056125467429,319.7950069060802,8457.63859628118
2456394.6819999,2013.2777056807663,8799.309517985734,0.2600996,63.1979,122.2218,216.9629,132.4763320814518,318.7506549241109,8454.047273518068
2456394.98079788,2013.278523745051,8795.830913487893,0.2597911,63.1977,121.7204,216.9746,132.61602505886822,317.9664517816539,8451.535829446755
2456395.0744365,2013.2787801136215,8794.42016287824,0.2596744,63.1977,121.5632,216.9797,132.5980837349307,317.7220590963094,8450.494203650424
2456395.60927236,2013.2802444144008,8787.063248124954,0.2589012,63.2097,120.6777,217.001,133.9457287095065,316.33071081573377,8445.49925913183
2456395.64019322,2013.2803290711026,8787.000993974452,0.2590674,63.1972,120.6129,216.9986,132.43919266807552,316.2330344030606,8444.994117915168
2456395.92879784,2013.2811192274885,8783.625836841673,0.2587689,63.1971,120.1272,217.0079,132.5603410305739,315.472178104174,8442.549588534937
2456396.27823005,2013.2820759207395,8778.412349341792,0.2583509,63.197,119.5386,217.0345,132.36531831822595,314.5657685337696,8438.65547044102
2456396.6510711,2013.2830967039015,8773.420721869063,0.2579362,63.1969,118.9093,217.0477,132.30161986889925,313.58218659545275,8434.962621747582
2456396.97345031,2013.2839793300755,8769.766694478447,0.2576213,63.1971,118.364,217.0529,132.35169795020556,312.72434117283393,8432.28746926502
2456397.32245541,2013.2849348539628,8765.233238215538,0.2572324,63.1972,117.7734,217.0603,132.39495578958304,311.7971525733909,8428.961253370237
2456397.62828347,2013.2857721655578,8761.088929349298,0.2568924,63.1969,117.2553,217.0682,132.2954676753261,310.9855203992406,8425.87707775613
2456397.8184147,2013.286292716496,8758.944926643531,0.2567043,63.1969,116.9328,217.0756,132.34980051095226,310.483022061387,8424.312985024155
2456398.26329413,2013.2875107299935,8753.701992170794,0.2562547,63.1968,116.1774,217.0869,132.3884142776651,309.3004372023672,8420.458111925902
2456398.63473868,2013.2885276897466,8748.951084016333,0.2558611,63.1964,115.5463,217.0981,132.29853581372208,308.3144316911947,8416.92550606209
2456398.95205108,2013.2893964437503,8744.994797588617,0.2555204,63.1962,115.0061,217.1166,132.3339289108544,307.4799802498575,8414.015599655946
2456399.3025973,2013.2903561869957,8740.792418759132,0.2551673,63.196,114.4083,217.1298,132.29171740389575,306.5498726815779,8410.899347301724
2456399.60744576,2013.2911908165918,8736.962990869046,0.2548405,63.1966,113.8875,217.1362,132.29467379448215,305.73500602694304,8408.070886983169
2456399.98699729,2013.2922299720467,8732.441270585574,0.2544473,63.1963,113.239,217.1501,132.3588668765051,304.7263100631968,8404.747758760037
2456400.23974878,2013.292921967913,8729.258418106208,0.2541829,63.1961,112.8064,217.1628,132.29389854255987,304.0572915513926,8402.374661683161
2456400.64318744,2013.2940265227653,8724.746945292893,0.2537977,63.1957,112.1153,217.1726,132.28993749553047,302.97835180451756,8399.035959678826
2456400.92973935,2013.2948110591376,8721.490222926297,0.253513,63.1953,111.6236,217.1861,132.34277204158298,302.21771871048463,8396.641431489244
2456401.27419682,2013.2957541322926,8717.4207439796,0.2531725,63.1949,111.0317,217.1994,132.2732406744235,301.29961237466796,8393.607731629709
2456401.66653089,2013.2968282844352,8712.925834261443,0.252791,63.1949,110.3565,217.2126,132.24029969265848,300.2509176033603,8390.268454548428
2456401.95684764,2013.2976231283785,8709.559062349415,0.2524987,63.1947,109.8563,217.224,132.2704215329686,299.475973783767,8387.782503849405
2456402.31444155,2013.2986021671459,8705.561690945733,0.2521585,63.1946,109.2395,217.2379,132.24401329939337,298.5206198274593,8384.811300946956
2456402.57809738,2013.299324017468,8702.867358361478,0.2519293,63.1942,108.7845,217.2427,132.2237767766219,297.8105537114757,8382.807203502123
2456403.92146155,2013.303001948118,8688.342899066269,0.2506644,63.1933,106.4593,217.2942,132.34833927756154,294.212798677566,8372.062640954382
2456404.01314347,2013.3032529595348,8687.354503285947,0.2505729,63.1929,106.2985,217.295,132.4025920695276,293.96243456751205,8371.344318227275
2456404.6291708,2013.3049395504452,8680.668224837495,0.2500067,63.1925,105.2287,217.3156,132.3067081510144,292.3060618397435,8366.346696280398
2456404.94437029,2013.3058025196162,8677.323395283242,0.249709,63.192,104.6805,217.3293,132.38134757045918,291.46089293818585,8363.881292624355
2456407.51140686,2013.31283068271,8647.518656960388,0.2471432,63.1913,100.1922,217.4218,132.206924019496,284.53495422437976,8341.62697799225
2456408.3382069,2013.3150943378503,8637.340354161179,0.2462545,63.1909,98.7376,217.456,132.22012391739463,282.2996383738959,8334.031930445673
2456408.64622524,2013.3159376461056,8633.704696437326,0.2459377,63.1906,98.1948,217.4656,132.2149209163308,281.462847401973,8331.31408812611
2456408.93195764,2013.3167199387822,8630.30984195747,0.2456447,63.1911,97.6898,217.4757,132.1836699227806,280.68632203838746,8328.767679306588
2456409.54440431,2013.3183967263797,8622.679908015623,0.2449989,63.1977,96.6064,217.5633,131.9965154996944,279.0868785033195,8323.007658321942
2456409.66359023,2013.3187230396443,8621.232912216266,0.244851,63.1902,96.396,217.5018,132.1791124272013,278.69750572808454,8321.977453760754
2456409.94686696,2013.3194986090618,8617.879408750767,0.2445572,63.1902,95.894,217.5121,132.17865060902295,277.9266007377754,8319.46742871472
2456410.55723554,2013.3211697071592,8610.955360865442,0.2439584,63.19,94.8107,217.5315,132.10416855728636,276.2611054226954,8314.260966129505
2456410.95975086,2013.3222717340452,8606.487475892442,0.243574,63.1892,94.0948,217.5537,132.03459543941608,275.17067574373937,8310.89321116895
2456411.59285339,2013.3240050743057,8599.185047244235,0.2429361,63.1893,92.9668,217.5734,131.9962686884046,273.4383732499588,8305.406957065383
2456411.97067303,2013.3250394881034,8595.1085755427,0.2425735,63.19,92.2917,217.5896,132.02670549329196,272.40708428276685,8302.357201660525
2456412.60364589,2013.326772473347,8588.102104243193,0.2419652,63.1896,91.1601,217.6132,131.94396096956825,270.67520959505254,8297.073816182487
2456413.31528839,2013.328720844326,8580.153680453048,0.2412611,63.1894,89.8844,217.6364,131.9600653378966,268.72129604267843,8291.10648240246
2456413.8972749,2013.330314236551,8572.854573063578,0.2406126,63.1886,88.8389,217.6632,131.98144481686086,267.12897484166507,8285.623852277478
2456414.32479968,2013.3314847356062,8566.961751238718,0.2401006,63.1881,88.0693,217.6814,131.89279458925103,265.95619518178177,8281.164473772704
2456414.61751831,2013.3322861555373,8562.636403546852,0.2397203,63.1875,87.5415,217.6963,131.86233609767987,265.1547840066015,8277.899237956915
2456415.328534,2013.334232810404,8553.489388130894,0.238918,63.1872,86.2559,217.7229,131.7705104974375,263.1949882545342,8270.981376333804
2456417.31830846,2013.3396805159755,8529.544291111953,0.2367711,63.1856,82.6391,217.8001,131.8584068066557,257.69421424881074,8252.930572551935
2456417.62006642,2013.3405066842442,8525.63464806692,0.236419,63.1852,82.0884,217.8155,131.87633020558678,256.86149367210663,8249.979698087509
2456417.89839882,2013.3412687168236,8522.31083640951,0.2361194,63.185,81.5794,217.8277,131.891615102998,256.090361943479,8247.469979597097
2456418.30998821,2013.3423955871594,8517.149872824024,0.2356632,63.1847,80.826,217.8392,131.83477891472194,254.9427886226091,8243.548973780613
2456418.61700203,2013.343236145188,8513.417017719488,0.2353257,63.1845,80.2635,217.8544,131.8548986327378,254.0928877323338,8240.728477183546
2456418.89416916,2013.3439949874337,8510.180903988616,0.2350352,63.1842,79.7548,217.8679,131.85253318347077,253.32450452386195,8238.276894138906
2456419.30515258,2013.3451201987136,8505.251135546107,0.2345994,63.1839,78.9995,217.8792,131.78802229767098,252.17542846310494,8234.523819024122
2456419.61110455,2013.3459578495547,8501.377791690966,0.2342373,63.1839,78.437,217.8921,131.90171148531135,251.32427416032175,8231.618696901936
2456419.88781086,2013.3467154301434,8498.176957565765,0.233947,63.1838,77.9273,217.9055,131.91765287412727,250.55524514842352,8229.195576383014
2456420.31430898,2013.3478831183572,8492.856848567906,0.2334747,63.1836,77.1408,217.9174,131.85334370556848,249.36027739136222,8225.141338948237
2456420.6981414,2013.3489339942498,8488.071411558709,0.2330399,63.1836,76.4315,217.9371,131.87579861620907,248.29236207004146,8221.51446762157
2456420.87929014,2013.3494299524702,8486.031655491948,0.2328577,63.1833,76.0964,217.9481,131.85754206690035,247.78971711070068,8219.960357164502
2456421.30462528,2013.3505944566193,8481.117318745235,0.2324205,63.1833,75.3092,217.9599,131.79549096380742,246.59509561705045,8216.209738896661
2456421.59315522,2013.3513844085426,8477.5494053281,0.2321012,63.1827,74.7744,217.9758,131.76371529216158,245.7918129246978,8213.489067505669
2456421.86867685,2013.352138745654,8474.421769141716,0.2318179,63.1825,74.2629,217.9903,131.76281090499833,245.02325156457653,8211.110562322423
2456422.27837613,2013.3532604411496,8469.866202798858,0.2314082,63.1827,73.5017,218.0008,131.73341056833942,243.86874118611416,8207.63704579704
2456422.46394961,2013.3537685136482,8467.729189031921,0.2312141,63.1828,73.1565,218.0098,131.73450554617557,243.34963508663998,8206.011046955598
2456422.85604568,2013.3548420141824,8463.185714781708,0.230797,63.1821,72.4262,218.031,131.77154136723402,242.25407489433763,8202.562104899327
2456423.34835662,2013.3561898880764,8457.468125557956,0.2302895,63.1814,71.5078,218.0475,131.6657196572769,240.86694029245882,8198.178262044918
2456423.65942262,2013.3570415403701,8453.997683677444,0.2299738,63.1815,70.9263,218.0645,131.66341117094362,239.9958454667435,8195.532727580017
2456423.84141307,2013.3575398030664,8451.952385982662,0.2297857,63.1814,70.5861,218.0737,131.67829060296572,239.48547089611623,8193.977468452933
2456424.33277882,2013.3588850891713,8446.395961735843,0.2292906,63.1812,69.6663,218.0886,131.5804638318541,238.09626789831339,8189.713396764421
2456424.64044514,2013.3597274336487,8442.748386873878,0.2289601,63.1809,69.0892,218.1097,131.55957194039638,237.23702388646564,8186.924422212647
2456425.32787941,2013.3616095261048,8434.993436091734,0.2282613,63.1805,67.7976,218.1362,131.4745688779676,235.29437060227906,8180.980312378383
2456425.62539385,2013.3624240762485,8431.675563358596,0.2279473,63.1802,67.2376,218.1496,131.5615842150255,234.45453255050768,8178.468533166611
2456426.6042726,2013.3651041002047,8420.546434623693,0.2269363,63.1796,65.3901,218.1895,131.48248277200037,231.6821239262772,8169.937427077495
2456426.78575978,2013.3656009850242,8418.466568564456,0.2267446,63.1792,65.0468,218.1992,131.48843386193585,231.1696453912872,8168.3474182201135
2456427.29829522,2013.3670042305814,8412.25437541917,0.2261828,63.1787,64.0763,218.2193,131.41082647461099,229.71407699065878,8163.570870469784
2456427.57724294,2013.3677679478171,8408.681316191169,0.2258528,63.1786,63.5471,218.237,131.42079662170818,228.92763878584094,8160.836492201922
2456427.85308296,2013.3685231566324,8405.605304825232,0.2255651,63.1779,63.0231,218.2501,131.4578036817984,228.14486361231445,8158.489088712769
2456428.25115631,2013.3696130220674,8400.862745364928,0.2251303,63.1777,62.2654,218.2612,131.43769524209802,227.00591205576882,8154.847919462716
2456428.4737585,2013.3702224736485,8398.364975209097,0.2248838,63.177,61.8416,218.2703,131.57244579716917,226.37180948658454,8152.967634728194
2456428.82817578,2013.371192815277,8394.198105258807,0.2244954,63.1768,61.1661,218.2888,131.6029439394888,225.36548650030664,8149.778522738878
2456429.32743734,2013.3725597189318,8388.33447510582,0.2239594,63.1757,60.2145,218.3059,131.55181906180496,223.93890118457568,8145.263566510631
2456429.44320353,2013.3728766694862,8386.839054326307,0.2238199,63.1757,59.9934,218.3143,131.5612758708985,223.6120989849939,8144.11751336461
2456429.80129708,2013.3738570761939,8382.52474009145,0.2234174,63.1757,59.3081,218.3343,131.58655722454296,222.59385257024525,8140.8094905976395
2456430.29930933,2013.3752205594253,8376.583489395858,0.2228767,63.1753,58.3537,218.3505,131.5019040048237,221.16479860692186,8136.220187823431
2456430.59305699,2013.3760247966868,8372.85243725317,0.2225239,63.1751,57.7894,218.3617,131.55635879108922,220.32217319277152,8133.3645884827165
2456430.77240944,2013.3765158369335,8370.452928369052,0.2223103,63.1754,57.4439,218.3724,131.4787267274496,219.81059870388395,8131.4981779668815
2456431.26908594,2013.37787566308,8364.061644585257,0.2217291,63.1748,56.4883,218.3956,131.36948378684792,218.38866129119668,8126.549825467818
2456431.65463483,2013.3789312384122,8358.743608293013,0.221231,63.1742,55.7453,218.4164,131.3941010867411,217.2864541715884,8122.459630512114
2456431.74574447,2013.3791806830118,8357.511712686768,0.221114,63.1742,55.5693,218.4209,131.41256784774578,217.0251541157702,8121.515092619045
2456432.32592491,2013.3807691304864,8349.852847200798,0.2204028,63.1743,54.4477,218.4402,131.38560008977038,215.3510130249145,8115.603156510378
2456432.62034446,2013.3815752072828,8346.170000441954,0.2200557,63.1742,53.8778,218.4573,131.41141867569968,214.50802537822415,8112.768468518655
2456432.79686154,2013.3820584847092,8344.122021151134,0.2198604,63.1741,53.5356,218.4658,131.44371593203687,214.00034550466341,8111.1962124696865
2456433.29146454,2013.3834126339225,8338.160526791098,0.2192986,63.1741,52.5756,218.475,131.47729669054752,212.56205178791737,8106.601829914018
2456433.67449135,2013.3844613041754,8333.277335108405,0.2188446,63.1737,51.8308,218.4995,131.44829001754078,211.46423049684785,8102.821644112133
2456433.76115094,2013.3846985652015,8332.257934226083,0.2187499,63.1736,51.6622,218.5043,131.44104433992106,211.21501652745218,8102.0319355817155
2456434.25460725,2013.3860495749486,8326.20644768125,0.2181966,63.1733,50.7006,218.5216,131.32020989912417,209.78435301849805,8097.322285518883
2456434.63714017,2013.3870968930053,8321.517198585523,0.2177678,63.1722,49.9537,218.5464,131.2224055873903,208.68521851807304,8093.669619019388
2456434.72712075,2013.387343246407,8320.493863964319,0.217668,63.1723,49.7776,218.5505,131.25230558293333,208.42453129351844,8092.885265861446
2456435.30417058,2013.388923122738,8313.256987919172,0.2170002,63.1721,48.6483,218.5735,131.1422588893147,206.74947581425994,8087.254163689962
2456435.4652731,2013.389364197399,8311.26057346709,0.2160849,63.1786,48.3286,218.5673,137.18636357551168,206.26478893639296,8087.233806806242
2456435.50027863,2013.3894600373164,8310.824214596136,0.2167692,63.172,48.2639,218.5877,131.1571982575033,206.1859865660836,8085.373313053108
2456436.24981295,2013.3915121504447,8300.067088105447,0.215903,63.1742,46.7748,218.4908,129.92140358221695,203.8612258399201,8076.722437301229
2456436.26329545,2013.3915490635175,8301.344182527011,0.2158646,63.1714,46.7653,218.6138,131.24154110349082,203.96143713368554,8078.045440666327
2456436.64393146,2013.392591188118,8296.39514719485,0.2154048,63.1714,46.0153,218.6402,131.1755097923724,202.86267227751813,8074.188999594985
2456436.89980089,2013.3932917204384,8293.379401989981,0.2151286,63.1705,45.5111,218.6561,131.1000019710391,202.12218064217643,8071.8291422647435
2456437.30755064,2013.3944080784115,8287.9113339855,0.2146233,63.1693,44.7069,218.6719,130.99615337812975,200.93189177181608,8067.5566251558985
2456437.59973244,2013.395208028583,8284.015928903942,0.2142482,63.1686,44.1292,218.6876,131.04412736494396,200.0819097100961,8064.541820799953
2456437.77355461,2013.3956839277485,8281.681551968055,0.214025,63.1684,43.7842,218.6974,131.0583578080914,199.57538601059048,8062.730854361105
2456438.2625114,2013.3970226184806,8275.406487256132,0.2134346,63.1679,42.8149,218.7162,131.01211381121448,198.142957346983,8057.839263526029
2456438.64153794,2013.3980603365917,8270.33447510178,0.2129455,63.1674,42.0618,218.7411,131.06766513399361,197.04117882697693,8053.905995151472
2456438.72676669,2013.398293680192,8269.108463506938,0.2128301,63.1672,41.8923,218.7464,131.0569823079104,196.7929751308625,8052.948899056437
2456439.30156294,2013.3998673865565,8261.60305221706,0.2121112,63.1669,40.7471,218.7694,131.08821488763624,195.10424083965182,8047.1107145147735
2456439.59271031,2013.4006645046136,8257.991378808187,0.2117593,63.1674,40.1657,218.7832,131.14860502572992,194.24967833909398,8044.310674021979
2456439.8467709,2013.4013600845992,8254.808658575825,0.2114576,63.1666,39.6583,218.7997,131.13033117416126,193.5083695443094,8041.824542918052
2456440.25220486,2013.4024701022863,8249.773241911716,0.210981,63.1662,38.8472,218.8124,131.09153355994113,192.3103631769091,8037.886914503623
2456440.63101204,2013.4035072198226,8244.916424019302,0.2105148,63.1664,38.0875,218.8398,131.1031920001633,191.20470086387803,8034.098833596077
2456440.71428022,2013.4037351956747,8243.859831386239,0.2104113,63.1662,37.9205,218.8435,131.12226724647917,190.95932955707838,8033.278510230408
2456441.28644641,2013.4053017013284,8236.92551780535,0.2097496,63.1659,36.7711,218.8658,131.09738521588497,189.26828752174382,8027.855478311434
2456441.66467032,2013.4063372219582,8232.344854543822,0.2092991,63.1652,36.0096,218.8846,131.1861855981697,188.15280009505324,8024.296398545902
2456441.82969269,2013.4067890285837,8230.624198143605,0.2091297,63.1646,35.6773,218.8931,131.21992877309276,187.66634970989656,8022.959055556644
2456442.31741929,2013.4081243512392,8224.892613678421,0.2085823,63.1644,34.693,218.9065,131.18929506436416,186.21473355392817,8018.467490030076
2456442.6091239,2013.4089229949352,8221.181245849279,0.2082109,63.164,34.1039,218.9295,131.30539958787904,185.36112182334247,8015.590447106616
2456442.7731402,2013.409372047091,8219.620433468297,0.2080567,63.1638,33.7721,218.937,131.3370308283138,184.87516304727885,8014.375931941201
2456443.16410046,2013.410442437946,8214.395765862533,0.2077663,63.1644,32.9856,218.9196,129.58485085360826,183.68592233944022,8009.859378258511
2456443.26278061,2013.410712609473,8213.811274529484,0.2075075,63.1634,32.7804,218.9507,131.24753148005766,183.4145605897275,8009.803493817732
2456443.6388992,2013.411742366051,8209.236347298327,0.2070616,63.1632,32.0174,218.9796,131.2824344485789,182.3097482216378,8006.225830558814
2456443.72244872,2013.41197111217,8208.443747614925,0.2069803,63.1632,31.8477,218.9833,131.3212982004634,182.06139961876204,8005.61371462986
2456444.28972448,2013.4135242285554,8201.637110780584,0.2063379,63.163,30.6941,219.0046,131.1922327800512,180.36997772002186,8000.243144160674
2456444.66294076,2013.414546039042,8196.882296995575,0.2058739,63.1629,29.9337,219.0275,131.2218706721369,179.26462594482865,7996.51778734135
2456445.3136373,2013.4163275490757,8188.3230456926685,0.2050586,63.1623,28.6047,219.0615,131.10068559519368,177.32828233271937,7989.764641450328
2456445.6043345,2013.4171234346343,8184.714080648267,0.2047032,63.1623,28.01,219.0788,131.14061725450847,176.46436353167746,7986.936928830865
2456445.68789184,2013.4173522021629,8183.619639515108,0.2045965,63.1623,27.8388,219.0825,131.14340393905604,176.21450722135162,7986.076940277219
2456446.27087527,2013.4189483238056,8176.302687489256,0.2038933,63.1623,26.6429,219.1063,131.07305073820226,174.46780342996752,7980.303426637372
2456446.62424333,2013.4199157928274,8171.7714356092765,0.2034505,63.1617,25.9169,219.1275,131.08415114885156,173.41471458213368,7976.738490558143
2456447.29445396,2013.4217507295275,8163.631267857822,0.2026671,63.1612,24.5365,219.1599,130.995493331754,171.40613737010716,7970.303787643794
2456447.64436235,2013.4227087264887,8159.310555455423,0.2022465,63.1598,23.8144,219.1843,130.98225320150777,170.36355846407142,7966.89381614866
2456448.20825792,2013.4242525884192,8152.496172727187,0.2015851,63.1591,22.6479,219.2088,130.9381164983597,168.6657681690919,7961.506806268028
2456448.66227326,2013.4254956146744,8146.9645202827105,0.2010436,63.1583,21.7068,219.2409,130.93314405280125,167.30927871720752,7957.137889509365
2456449.33144461,2013.427327705982,8139.461395860079,0.2003082,63.1576,20.3168,219.2716,130.92423468585912,165.29042584649542,7951.206785124005
2456449.59578594,2013.4280514331008,8136.409659066053,0.2000059,63.1579,19.7655,219.2847,130.9434224358538,164.49168408371347,7948.798221179011
2456450.14162537,2013.4295458600134,8129.850909761298,0.1996456,63.1546,18.6265,219.3172,128.62564697145808,162.8471903951715,7943.07143504544
2456450.2476925,2013.4298362559884,8128.532504154881,0.1992541,63.156,18.4064,219.3197,130.7527757187545,162.5250478441641,7942.521435868884
2456451.17997024,2013.432388693334,8116.852796722115,0.1980895,63.155,16.4551,219.3664,130.85318464582906,159.70157039978312,7933.292679119821
2456451.61706399,2013.4335853908005,8111.669299198112,0.1975638,63.1546,15.5376,219.3921,130.96078810519612,158.37895931183934,7929.207148331633
2456451.99804619,2013.434628463217,8107.256795827574,0.1971272,63.1542,14.7369,219.4134,130.95966398511337,157.22405324187704,7925.70592592872
2456452.25754581,2013.4353389344565,8104.19190570223,0.1968233,63.1538,14.1909,219.4257,130.9618109886278,156.4345835957035,7923.273579307408
2456452.62599113,2013.4363476827646,8099.844499913388,0.1963805,63.1534,13.4138,219.4452,131.05668709814654,155.31383420473284,7919.842823199958
2456453.00751228,2013.4373922307454,8095.6081407948095,0.1959639,63.1531,12.6083,219.461,131.02489665290977,154.14809693162795,7916.4695657300435
2456453.19965521,2013.4379182894186,8093.436978877215,0.1957575,63.153,12.202,219.4761,130.94968948465794,153.56751580931441,7914.726691166932
2456453.63276491,2013.4391040791509,8088.474881076156,0.1952572,63.1526,11.285,219.5008,131.00562352689212,152.24833150566099,7910.793564183333
2456454.29473642,2013.4409164583703,8081.2111252225095,0.1945306,63.1527,9.881,219.5304,131.03197630629984,150.22147498664074,7905.019121587557
2456454.5573286,2013.4416353965776,8078.242118371391,0.1942335,63.1525,9.3229,219.5448,131.04057787270176,149.4189572320622,7902.656893587827
2456455.2982758,2013.4436639994524,8070.171721493737,0.1934251,63.1525,7.7456,219.5811,131.0616492466388,147.14766019716845,7896.230999900435
2456455.559081,2013.444378045174,8067.106040131952,0.193116,63.1525,7.1893,219.595,131.0824900858288,146.34820373735394,7893.791229808277
2456456.29540727,2013.4463939966327,8059.09605563443,0.1923134,63.1525,5.6158,219.6298,131.08759224878395,144.08376121224026,7887.401225934095
2456456.55589417,2013.4471071708965,8056.06226500688,0.1920077,63.1524,5.058,219.6444,131.09997844611826,143.28381847725072,7884.981707425338
2456457.29410266,2013.4491282755919,8048.171650766929,0.1912211,63.1522,3.4744,219.6823,131.05511471846057,141.01052078694238,7878.667409607945
2456457.55437101,2013.4498408514992,8045.296110442606,0.1909333,63.1519,2.9149,219.6987,131.04487459863503,140.21089346032417,7876.366187000448
2456458.0114852,2013.4510923619437,8039.86843580802,0.1901263,63.148,1.9303,219.8726,133.14169762105394,138.949649700295,7872.487835527661
2456458.02241314,2013.4511222810133,8040.291427009533,0.1904362,63.1517,1.9073,219.7175,130.99258075726084,138.7607788351583,7872.351535657416
2456458.55083119,2013.4525690107866,8034.335793421586,0.1898338,63.1516,0.7675,219.7553,131.01099928035092,137.13795611678535,7867.588719882322
2456459.28631481,2013.4545826551955,8025.928256360752,0.1889969,63.1515,359.1772,219.7979,130.91639628616394,134.8653441296159,7860.832662188329
2456459.54520155,2013.4552914484593,8023.05195909025,0.1887022,63.1513,358.6159,219.8138,130.94810369560946,134.06477855463925,7858.533838000553
2456459.70687582,2013.4557340884878,8021.394390724515,0.1885337,63.1513,358.2654,219.8221,130.95492708197617,133.5632281443826,7857.206174325311
2456460.27880913,2013.4572999565507,8014.757106792317,0.1878816,63.151,357.0235,219.8577,130.79541795680598,131.79321564170027,7851.846432801652
2456460.61467207,2013.4582194991647,8010.8745505778625,0.1874785,63.1503,356.2936,219.8796,130.87150614735037,130.75418030071148,7848.746153853169
2456461.00269867,2013.4592818580975,8006.482643477717,0.1870444,63.1503,355.4478,219.8959,130.778601318013,129.54223108487133,7845.198426365093
2456461.27407325,2013.460024841205,8003.616998918365,0.1867448,63.1502,354.8556,219.9151,130.84684317875417,128.70175716619997,7842.910545100198
2456461.52756484,2013.4607188633536,8000.287990680003,0.186414,63.1499,354.3018,219.9369,130.78600518538042,127.9199091926813,7840.2213372589185
2456462.0632837,2013.4621855816565,7994.237012469446,0.1865242,63.1547,353.1217,219.9131,124.98204910819277,126.1879906036661,7834.100815243951
2456462.39246352,2013.4630868268862,7990.2498154831255,0.1860437,63.153,352.4079,219.9598,125.57787588632709,125.19644232098312,7831.023328394616
2456462.96791789,2013.464662335085,7983.1993069649925,0.1857745,63.1495,351.1379,219.9955,121.98814731322454,123.39495936937442,7824.576863993196
2456463.05012082,2013.4648873944416,7982.256231383918,0.1847519,63.1516,350.9612,219.9821,129.38292634889967,123.12383800099371,7825.406864305483
2456463.37856766,2013.465786632882,7978.260213215776,0.1843791,63.149,350.2421,220.017,129.09947553724305,122.11591216240481,7822.126129242977
2456463.95278775,2013.4673587618067,7971.35674820341,0.1836982,63.1492,348.9754,220.0531,128.89656200058926,120.31934574955142,7816.5163551280775
2456464.19866681,2013.4680319419851,7968.5514369047905,0.1836498,63.148,348.4303,220.0528,126.99225922751339,119.53160088536379,7813.847694260043
2456464.36251813,2013.46848054245,7966.681005014195,0.1834563,63.1515,348.0633,220.0852,127.00688455400905,119.03550471799258,7812.341739470882
2456464.48476877,2013.4688152464619,7964.823539176417,0.1828007,63.1478,347.7959,220.1137,130.7119208384902,118.67611127375494,7811.629208615563
2456464.77180067,2013.4696010969742,7961.626751089733,0.183558,63.1547,347.1541,220.1241,122.07016791320348,117.7618050892736,7807.213079007687
2456464.95520899,2013.4701032415874,7958.976335326299,0.182206,63.1473,346.7531,220.1344,130.6667931718348,117.19033302854245,7806.896135116447
2456465.29171972,2013.4710245577544,7954.860320239748,0.18178,63.1469,346.0056,220.1608,130.68951122656654,116.13755920844324,7803.573854388906
2456465.46606426,2013.4715018870907,7952.6430073492475,0.1815491,63.1468,345.618,220.1704,130.7115267436975,115.58772064735115,7801.785472564528
2456466.00730378,2013.4729837201367,7946.073478082576,0.1808803,63.1464,344.4125,220.1969,130.64902354495644,113.8752607507738,7796.457038872412
2456466.27080959,2013.4737051597258,7942.964367836314,0.1805528,63.1461,343.8246,220.2156,130.70361092323674,113.04634249867604,7793.951429043784
2456466.44931804,2013.474193889227,7940.644199206331,0.1803106,63.1461,343.4258,220.2246,130.72557926091758,112.48059987827992,7792.077036606719
2456467.00095808,2013.4757041973442,7933.874421255546,0.1796148,63.1455,342.192,220.2503,130.69685385661523,110.72878895611882,7786.585440562882
2456467.34162874,2013.476636902779,7929.887963405437,0.1791962,63.1453,341.4285,220.2721,130.74587393744332,109.65131499951428,7783.363202752853
2456467.5041234,2013.4770817889116,7927.853118341026,0.1789853,63.1452,341.0639,220.2824,130.74764959882214,109.13685599182077,7781.712984853701
2456467.96233323,2013.478336299055,7922.31194593889,0.1784206,63.1448,340.0344,220.3017,130.671995157305,107.6750323402025,7777.200433320999
2456468.30584889,2013.4792767936756,7918.040807405879,0.1779775,63.1446,339.2612,220.3303,130.6713996057988,106.59185427681268,7773.732002970379
2456468.61655442,2013.4801274590554,7914.32533395712,0.1775931,63.1444,338.561,220.352,130.65946349113983,105.60711474006484,7770.71095006937
2456468.93548486,2013.4810006430118,7910.669179813161,0.1772199,63.1441,337.8411,220.3611,130.6048788335902,104.58196851572052,7767.727972967434
2456469.27826517,2013.4819391243527,7906.684336008848,0.1768026,63.144,337.0665,220.3878,130.62568802320948,103.49621523303051,7764.491777890132
2456469.45059968,2013.4824109505275,7904.592469130337,0.1765832,63.144,336.6765,220.398,130.63793623540005,102.946557810081,7762.79253275681
2456469.9956431,2013.4839031980828,7898.6361701930055,0.1759672,63.1433,335.4415,220.4185,130.59897950541836,101.19484869016503,7757.936636945389
2456470.33162177,2013.4848230575492,7895.085381946872,0.1755951,63.1433,334.6788,220.4442,130.6107747953729,100.12669928231708,7755.047266600922
2456470.42078453,2013.485067171883,7893.963403315211,0.1754769,63.1432,334.4761,220.4484,130.61887658800697,99.84031812215551,7754.134901465534
2456470.95790523,2013.4865377282138,7888.416726804051,0.1749076,63.1426,333.2543,220.4708,130.53638931889782,98.11151784301035,7749.597730377699
2456471.30933378,2013.4874998871453,7884.600001717466,0.1745033,63.1424,332.4537,220.4984,130.57498223776201,96.99214062766396,7746.49315880523
2456471.6051488,2013.4883097845316,7881.336320302159,0.1741665,63.1421,331.7787,220.5166,130.53525807225287,96.043777568608,7743.822555331225
2456472.00602374,2013.4894073203009,7876.87006667628,0.1737099,63.1416,330.8628,220.5379,130.44345508095012,94.75406469165034,7740.158655993337
2456472.26512934,2013.4901167127719,7873.894856499009,0.1733961,63.1414,330.27,220.5608,130.45589657202163,93.9287834021709,7737.731629217816
2456472.43653988,2013.490586009254,7871.835531649401,0.173181,63.1411,329.8773,220.5722,130.44688244282588,93.37853666858359,7736.047661240993
2456472.97824328,2013.4920691123345,7864.356477783884,0.1724047,63.1405,328.6344,220.6076,130.36815853849657,91.63711955955455,7729.919004348804
2456473.31164016,2013.4929819032448,7860.075225225799,0.1719514,63.1402,327.8676,220.6332,130.38798614290772,90.56731483187673,7726.4211422045555
2456473.46997927,2013.493415412101,7858.018104896706,0.1717306,63.14,327.5031,220.6402,130.4196409319311,90.05375164363454,7724.74415303416
2456473.93397301,2013.4946857577281,7852.30700217001,0.1711353,63.1393,326.4333,220.6612,130.36378766154394,88.54762721790826,7720.05753506046
2456474.28286071,2013.4956409601912,7848.251007601228,0.1707036,63.1389,325.6272,220.6896,130.39000690007106,87.42605433118433,7716.740132809348
2456474.44298999,2013.4960793702674,7846.374599681171,0.1705032,63.1388,325.2568,220.6971,130.40632203681253,86.90532670378843,7715.205654790871
2456474.98244355,2013.497556313621,7840.407954850558,0.1698825,63.1382,324.0078,220.7284,130.32355046065823,85.15592709637497,7710.297326810624
2456475.32378935,2013.4984908674887,7836.768274146867,0.1694898,63.1383,323.2155,220.7542,130.37968671536873,84.05298770409297,7707.322376137891
2456475.4022388,2013.498705650377,7835.898395133988,0.1693975,63.1383,323.0334,220.7581,130.3804967442784,83.7974658642886,7706.608683092151
2456475.94031627,2013.5001788262016,7830.236625651653,0.1688028,63.1382,321.7824,220.7821,130.33445857910192,82.04012256745273,7701.951520221166
2456476.28190405,2013.501114042574,7826.529950989799,0.1684003,63.1377,320.9867,220.8053,130.4036592841303,80.93094467336459,7698.920121704847
2456476.36322725,2013.5013366933608,7825.634492240696,0.1683067,63.1376,320.7971,220.8099,130.39147544548814,80.66579039009048,7698.181942542564
2456476.98292206,2013.503033325284,7819.331055338731,0.1676442,63.1371,319.3506,220.8447,130.32925603131298,78.64330289779139,7692.9879141422825
2456477.3177272,2013.5039499718007,7815.964222548821,0.1672771,63.1369,318.5677,220.8727,130.3960936970998,77.55841015173291,7690.231342435169
2456477.91354613,2013.5055812351268,7809.421030412581,0.167064,63.1407,317.1712,220.8959,126.61161538773376,75.59785535435435,7684.115240751139
2456477.91356315,2013.5055812817247,7809.525643464886,0.1669804,63.1374,317.1743,220.8859,127.351627708862,75.59093857907385,7684.344318231674
2456479.59513208,2013.5101851665431,7791.775047453132,0.1646168,63.1396,313.2276,220.9958,130.98167282154918,70.09674004444526,7670.409852513237
2456481.51246713,2013.5154345438195,7767.167037971364,0.1620746,63.1387,308.6749,221.1048,130.1702471589706,63.763264224965496,7649.914255660604
2456483.1576789,2013.5199388881583,7749.682644838155,0.1600583,63.1313,304.7508,221.1857,131.14531516585612,58.29850026301051,7635.6027047988055
2456485.1686034,2013.5254444993834,7726.270488335104,0.1592898,63.1242,299.8774,221.3104,117.41810750230252,51.56778022199467,7613.6307766911705
2456485.35130951,2013.525944721451,7721.935341319843,0.156943,63.1366,299.4537,221.3315,131.89534304708286,50.98510027766929,7612.669256509955
2456487.31233134,2013.5313137066114,7698.065525355023,0.154561,63.1324,294.6733,221.4872,130.10851969062605,44.427565619899724,7592.435727746189
2456489.09909896,2013.5362056097465,7672.592561846193,0.1516364,63.1279,290.271,221.6957,131.01194710105938,38.47268049123164,7571.278607937852
2456490.18185083,2013.5391700228065,7658.70720955302,0.1502539,63.1322,287.5888,221.7742,129.82028235956113,34.80179178964198,7559.4212895540595
2456490.32627201,2013.5395654264473,7657.04403209976,0.1501216,63.1239,287.2255,221.7506,129.42003073049364,34.27254647897655,7557.955260797877
2456490.93852271,2013.5412416775087,7649.696676578147,0.1493082,63.1231,285.7005,221.786,129.39793525228197,32.17949609692096,7551.778026819105
2456492.06837712,2013.5443350502942,7636.540960420943,0.1477747,63.1134,282.8682,221.7991,129.91711095702522,28.24668189409016,7540.797826454837
2456492.25899226,2013.544856926105,7634.517028951617,0.1476138,63.1214,282.3974,221.8912,129.42065914335853,27.68010660219545,7539.008583973397
2456492.84625141,2013.5464647540314,7627.359273076845,0.1468257,63.121,280.9214,221.9228,129.33060865584685,25.656888548698134,7532.961292846335
2456493.32794457,2013.5477835580293,7621.374041280705,0.1461446,63.1206,279.7077,221.966,129.41508056735256,24.01161910943364,7527.927271961608
2456493.40526582,2013.5479952520745,7620.3500332859,0.1460305,63.1204,279.5127,221.9689,129.41020775014385,23.743309253179063,7527.062334090479
2456493.91957964,2013.549403366571,7613.915126835287,0.1453264,63.12,278.213,221.9979,129.27595154677147,21.96568803446644,7521.606990391599
2456494.24445134,2013.5502928168098,7609.913954136236,0.1448761,63.1197,277.3904,222.0289,129.28299912539842,20.85388594843016,7518.227789367661
2456494.93293454,2013.5521777810811,7601.69792724162,0.1439637,63.1193,275.6428,222.0729,129.19306735358532,18.471698810817827,7511.265900281088
2456495.24484551,2013.5530317467762,7598.13893485742,0.1435539,63.1182,274.8501,222.1,129.26015801679114,17.398671160580307,7508.265416378205
2456495.84042715,2013.5546623604382,7590.956205962477,0.1427549,63.1173,273.3313,222.1358,129.1737118759238,15.328650242281697,7502.168785249661
2456496.23536292,2013.5557436356466,7586.303070942606,0.1422252,63.1166,272.3218,222.1702,129.20329941717955,13.964291167166948,7498.230243623379
2456496.66436522,2013.5569181799312,7580.7972351924445,0.1416134,63.1158,271.2232,222.1908,129.1184640062429,12.463455224755535,7493.547158203702
2456496.9087591,2013.557587293908,7577.758356324084,0.1412748,63.1151,270.5963,222.2153,129.07576008606975,11.620174193119965,7490.96163010307
2456497.22346793,2013.5584489197267,7574.07016069774,0.1408484,63.1142,269.7879,222.2437,129.1381970757202,10.529988898346062,7487.840835478247
2456497.65142488,2013.559620601999,7568.647734869893,0.1402378,63.1136,268.6869,222.2661,129.10092755675578,9.029583280355382,7483.228811855497
2456497.96383139,2013.5604759244075,7564.90047640727,0.1398048,63.1128,267.8811,222.297,129.15477828324583,7.946767213350427,7480.052487686851
2456498.2794264,2013.5613399764547,7561.2311606497415,0.1393842,63.1121,267.0663,222.3251,129.17870430750554,6.84900847630297,7476.93599096073
2456498.63606711,2013.5623164055035,7556.7266364248835,0.1388767,63.1114,266.1435,222.3355,129.13707835609603,5.585094018779046,7473.096609676119
2456498.79558164,2013.562753132485,7554.789376845682,0.1386608,63.1112,265.73,222.3518,129.0999380207586,5.030672305337362,7471.441631833758
2456499.156478,2013.5637412128676,7550.0199069358405,0.1393819,63.1164,264.7956,222.3138,119.54748726929938,3.7025633676809093,7465.852513625631
2456499.19248769,2013.5638398020265,7549.94014230958,0.138096,63.1108,264.7008,222.3919,129.1873084171957,3.65037127050698,7467.325877652609
2456499.92896701,2013.5658561725127,7540.068118084156,0.1369844,63.1105,262.7854,222.4505,129.06011096926795,1.067677895461543,7458.890189127695
2456500.1733474,2013.5665252495553,7536.881857755978,0.1366205,63.1102,262.148,222.4754,129.05298990842675,0.2143101601292301,7456.170523477611
2456500.67240816,2013.5678916034492,7530.064569536251,0.1358551,63.1098,260.844,222.5051,128.93059443544644,358.4481227582861,7450.330855724082
2456500.98460831,2013.5687463608756,7526.004963590967,0.1353836,63.1097,260.0264,222.5424,128.97101800215387,357.3601100847882,7446.868625340256
2456501.29795277,2013.569604251252,7521.845803510045,0.134909,63.1095,259.2046,222.576,128.94480800430847,356.2630695492835,7443.308948715653
2456501.65178265,2013.5705729846682,7517.326127294233,0.1343985,63.1092,258.2748,222.5924,128.87247177507925,355.00092551947307,7439.431680151118
2456501.96066045,2013.5714186459963,7513.132541370437,0.1339151,63.109,257.4617,222.6279,128.87434577955992,353.91888744132007,7435.842741789688
2456502.27311764,2013.5722741071597,7509.13677958847,0.1334495,63.1085,256.6388,222.6629,128.9099309207786,352.8230214225323,7432.426386582722
2456502.62620066,2013.5732407957842,7504.411179521447,0.1329153,63.1081,255.706,222.6786,128.82381627199993,351.5579135177346,7428.363941375738
2456502.78795825,2013.5736836639285,7502.29238915152,0.1326751,63.1081,255.2781,222.6965,128.78869619160378,350.9884809857099,7426.542205406121
2456503.16931883,2013.5747277722933,7497.521359729413,0.1321269,63.1082,254.2685,222.7394,128.7608047845806,349.645901974411,7422.446008383502
2456503.67375488,2013.5761088429301,7491.1107126751585,0.1313964,63.1076,252.9292,222.7666,128.669433028208,347.8366165451785,7416.9298001515535
2456503.98186574,2013.57695240449,7486.974337577575,0.1309107,63.1072,252.1095,222.7959,128.7129861632584,346.7425343836561,7413.383516555588
2456504.29180837,2013.5778009811636,7483.078973530449,0.1304504,63.107,251.2834,222.8329,128.77202820181265,345.64794678107444,7410.04467989722
2456504.64322833,2013.578763116578,7478.468366342789,0.1299338,63.1064,250.3449,222.8493,128.62625332407788,344.3794780318523,7406.058134516542
2456504.95602848,2013.5796195167147,7474.4791670997365,0.1294619,63.1058,249.5086,222.887,128.6825926165866,343.2725739826703,7402.634199906186
2456505.25943772,2013.5804502059407,7470.509414516121,0.1290052,63.1054,248.6959,222.9208,128.63855339458678,342.19462586136297,7399.2101599080615
2456505.61012372,2013.5814103318824,7466.141697422616,0.1285065,63.1051,247.7552,222.9349,128.55765938277636,340.9223805223621,7395.435959605624
2456506.00670774,2013.5824961197536,7460.906320884594,0.1278905,63.1047,246.6895,222.9825,128.59098105350222,339.51339688869075,7390.928322128299
2456506.56549747,2013.584026002656,7453.5493910880905,0.1274512,63.1089,245.193,222.9404,125.44927693464433,337.4240390438557,7384.121530014157
2456506.96087497,2013.5851084872554,7448.422603533664,0.1264358,63.1041,244.115,223.0601,128.53903291780261,336.0760445880202,7380.147409223805
2456507.11146324,2013.5855207754685,7446.5556860392835,0.1262177,63.1037,243.7076,223.0771,128.5322544254832,335.5372208313282,7378.533702805191
2456507.61136649,2013.586889435975,7440.090041652456,0.1254704,63.1031,242.3517,223.1069,128.44266809030614,333.7184030489671,7372.932255723949
2456508.00821881,2013.587975958412,7434.9242494472,0.1248673,63.1025,241.2733,223.1689,128.4090327142012,332.3108549717004,7368.458885321551
2456508.22238714,2013.5885623193433,7432.367575529498,0.1245697,63.1024,240.6913,223.1951,128.38347635606078,331.5439650364011,7366.242462631545
2456508.65110347,2013.5897360806846,7426.845984335108,0.1239282,63.1019,239.5225,223.2174,128.3140298192302,329.97491095358464,7361.451050564885
2456508.95521054,2013.5905686804654,7422.757108617339,0.1234409,63.1016,238.6921,223.2531,128.3489906482173,328.88047503246514,7357.912859579073
2456509.18039078,2013.5911851903625,7420.001745029097,0.1231175,63.1011,238.0758,223.2786,128.33338018547693,328.067731469542,7355.52187765809
2456509.60903737,2013.5923587607665,7414.121655534473,0.1224413,63.1005,236.9008,223.3064,128.1906616726801,326.4980461240686,7350.400961613371
2456509.9937623,2013.5934120802187,7407.822979608225,0.1216983,63.1003,235.8434,223.358,128.16721628896903,325.1130511212642,7344.929231863261
2456510.0675256,2013.5936140331282,7406.747240976182,0.1215664,63.1002,235.6406,223.3677,128.19934318077503,324.8472480738406,7343.999300968977
2456510.62985807,2013.5951536155237,7398.5981703253665,0.1206122,63.0995,234.09,223.4094,128.10066808644842,322.78409841144673,7336.902453538981
2456510.94742573,2013.5960230683918,7393.961769196564,0.1200546,63.0991,233.2121,223.4493,128.14634658037812,321.6330953789957,7332.875263613235
2456511.1620127,2013.5966105754962,7391.10627002663,0.11972,63.099,232.6184,223.4741,128.10672737904133,320.85269282136346,7330.3843091158005
2456511.65411663,2013.5979578826286,7384.337972837649,0.1189385,63.0986,231.2529,223.5079,127.91959085529834,319.03596225371166,7324.463477936019
2456511.79125719,2013.5983333530187,7381.998927278132,0.1185783,63.1055,230.8774,223.3146,128.51774387966725,318.33199291329584,7322.506490938579
2456511.970878,2013.5988251279944,7380.319047497482,0.1184415,63.0988,230.3726,223.5488,128.04668903330912,317.88435392206503,7320.977724797384
2456512.04418465,2013.5990258306635,7379.420987764352,0.1183335,63.0987,230.1684,223.5592,128.05197430873886,317.61830096115483,7320.1953712147815
2456512.61391708,2013.6005856730465,7371.9075974952175,0.1174514,63.0983,228.5794,223.5987,127.93042949876781,315.50725770327415,7313.623697358895
2456512.99579546,2013.601631199069,7366.943901198051,0.116846,63.0979,227.5123,223.6504,128.0096741186635,314.1154683351598,7309.299908658566
2456513.62899185,2013.6033647963045,7358.781736753983,0.1158875,63.0977,225.7363,223.7049,127.85461823590504,311.7698733304121,7302.145142331601
2456513.94029034,2013.6042170851204,7354.7515046730105,0.1153981,63.0975,224.8612,223.7484,127.89085506160427,310.6314493566599,7298.624391865914
2456514.01022792,2013.6044085637784,7353.907622295863,0.1152933,63.0973,224.6641,223.7612,127.91504462621924,310.37821703981456,7297.8891294698215
2456514.65143391,2013.606164090102,7345.720927175606,0.1143228,63.097,222.857,223.8126,127.80124276229435,307.990527563258,7290.705524281668
2456514.95608021,2013.6069981662147,7341.621396565511,0.1138213,63.0967,221.9957,223.8483,127.85220510060844,306.8646601626978,7287.119390983133
2456515.02601032,2013.6071896244218,7340.724322900237,0.1137153,63.0966,221.7979,223.8561,127.83535430433949,306.6057352081584,7286.330714831296
2456515.58087794,2013.6087087691722,7333.554324961785,0.1128727,63.0962,220.2248,223.8915,127.65994770667021,304.5211430979838,7280.0183700912
2456515.96608687,2013.609763413744,7328.807222336637,0.1122896,63.0955,219.1303,223.9516,127.72209086334533,303.1070710520979,7275.858772994401
2456516.03932951,2013.609963941164,7327.83165076325,0.1121738,63.0954,218.9219,223.9604,127.70462873686301,302.83528118092977,7274.999683278648
2456516.60376083,2013.6115092698976,7320.442159427583,0.1112967,63.0947,217.3134,224.0042,127.56480454241864,300.71426283683616,7268.487809618498
2456516.97652462,2013.6125298415327,7315.887150538793,0.1107394,63.0941,216.248,224.0541,127.59389702041699,299.3313570481961,7264.485184054026
2456517.60031007,2013.6142376730184,7307.954089028155,0.1097967,63.0932,214.4611,224.1029,127.42854630135753,296.9784377133725,7257.4806070678205
2456517.98437877,2013.615289195811,7303.0009324444,0.109186,63.0926,213.3577,224.1536,127.47917263452564,295.5471895080144,7253.1226382703935
2456518.60587775,2013.616990767283,7294.643098398452,0.1081902,63.0915,211.5669,224.2084,127.29790265410338,293.1986237781482,7245.72879223743
2456518.98952124,2013.6180411259134,7289.451222912119,0.1075389,63.0922,210.4592,224.2585,127.41535679649496,291.7628946711619,7241.159930690757
2456518.98980727,2013.6180419090213,7289.4548773352,0.107537,63.0921,210.4582,224.2609,127.43246819120395,291.7640127523598,7241.165271578267
2456519.60859796,2013.6197360655985,7280.900973887835,0.106514,63.0914,208.6649,224.3113,127.2467875551456,289.41121638453467,7233.583588888589
2456519.98456637,2013.6207654110062,7275.509652292032,0.1058557,63.0908,207.5721,224.363,127.2191851919024,287.9995520377573,7228.811357715237
2456520.38733897,2013.6218681422856,7269.929047884108,0.1067169,63.1007,206.3819,224.2575,115.96845667396428,286.3068687771438,7222.502353352219
2456520.53015748,2013.6222591580558,7267.954983056099,0.1052146,63.1001,205.9801,224.4003,125.1237066958447,285.90710309987026,7221.869870721086
2456520.63045777,2013.6225337652843,7265.9049468476,0.1047006,63.0899,205.6882,224.4325,127.02403936968767,285.5485444976635,7220.282945359877
2456520.91894884,2013.6233236107869,7261.209629997043,0.1041279,63.0894,204.8443,224.4648,126.9788197656735,284.4526001167465,7216.115682421834
2456521.32537582,2013.6244363472144,7255.363458688075,0.1034071,63.089,203.6529,224.5053,126.97106397917196,282.90111500283103,7210.928895139232
2456521.62276389,2013.6252505513753,7250.924662020808,0.1028691,63.0886,202.7789,224.5502,126.8922678709223,281.77890150487934,7206.979214500572
2456521.98723162,2013.6262484096376,7245.7893486956045,0.1022287,63.0882,201.7056,224.5987,126.92542310460612,280.3948725304756,7202.421320225949
2456522.60591781,2013.6279422801094,7237.179708702243,0.1011802,63.0878,199.8781,224.657,126.78411833980863,278.0158791605781,7194.749152735687
2456522.90856692,2013.6287708882137,7232.902174528827,0.1006502,63.0873,198.9815,224.705,126.77282408206611,276.8689802430356,7190.940757705731
2456522.97696399,2013.628958149185,7231.948059425444,0.1005299,63.0873,198.7787,224.7162,126.78474420621023,276.6099662933205,7190.0926303735405
2456523.60142421,2013.6306678280898,7223.070462387742,0.0993625,63.0826,196.9204,224.7081,127.23182356873986,274.1280818876978,7182.233729248119
2456523.96767841,2013.6316705774402,7218.028251270681,0.0988145,63.0865,195.8311,224.8407,126.64609863549413,272.81039212155963,7177.669857582272
2456524.02929904,2013.63183928553,7217.124602783888,0.0987025,63.0866,195.6472,224.844,126.6400616776109,272.569057209174,7176.86287802698
2456524.58988269,2013.6333740799178,7209.280018260285,0.0977437,63.0862,193.971,224.9044,126.48201493945726,270.4007312295754,7169.841221557544
2456524.95466691,2013.6343728046822,7204.16822562548,0.0970991,63.0858,192.8768,224.966,126.51367466864849,269.00859031435505,7165.276546359691
2456525.57127157,2013.6360609762353,7194.869543364854,0.0959581,63.0854,191.0218,225.0276,126.32723223569428,266.60744855530186,7156.937345847403
2456525.94067385,2013.6370723445586,7189.072348313115,0.0952305,63.0847,189.9062,225.0864,126.31709404708272,265.1865559589219,7151.744431931078
2456526.33840176,2013.63816126423,7182.602032106611,0.0944318,63.0842,188.7025,225.1146,126.19969353112629,263.6190448772329,7145.931862931414
2456526.62990362,2013.6389593528272,7177.545337239106,0.0938065,63.0835,187.818,225.1679,126.10863056138533,262.5005329822337,7141.3855924649015
2456526.92356134,2013.6397633438473,7172.679760258077,0.0931971,63.0827,186.9248,225.2083,126.07050737332884,261.35829621500034,7137.013373757472
2456527.31086168,2013.640823714388,7166.947992953378,0.0948316,63.0885,185.735,225.0606,109.15854766482062,259.6390628203459,7130.046658534805
2456527.90099576,2013.6424394134435,7156.268718037409,0.0911429,63.0809,183.938,225.3271,125.88933389619706,257.5269111603533,7122.238107887862
2456528.65511167,2013.6445040702806,7142.89080151311,0.0894593,63.0796,181.6182,225.4177,125.7564904333085,254.55443469894556,7110.169245800357
2456528.87520289,2013.6451066472007,7138.867234937663,0.0889561,63.0783,180.9381,225.4562,125.68514729982508,253.69590700778377,7106.531606104158
2456529.54925266,2013.646952094894,7126.677255712128,0.0874248,63.0772,178.8491,225.5357,125.49262196694599,251.02204583817928,7095.500448127064
2456529.91384181,2013.6479502855855,7120.41254348815,0.0866281,63.076,177.7139,225.6037,125.44843362960364,249.59549718924666,7089.829196381947
2456530.30659519,2013.6490255857357,7112.886767907126,0.0856841,63.0752,176.4877,225.6378,125.28916679709528,248.01628913515003,7082.99900348989
2456530.66493375,2013.650006663244,7106.1760545224115,0.0848238,63.0742,175.365,225.7066,125.26689810881362,246.60920123209212,7076.914004779041
2456530.88102106,2013.6505982780563,7102.1492974235125,0.084314,63.0734,174.686,225.7406,125.2023815605462,245.75121989974582,7073.2548462424475
2456531.34163959,2013.651859382861,7093.8794072903665,0.0832709,63.0725,173.2358,225.7787,125.02938455383082,243.88512217003677,7065.729353371471
2456531.6360863,2013.6526655340178,7088.465337645555,0.0825706,63.072,172.3056,225.8335,125.03020163695965,242.71950775357857,7060.808587265584
2456531.97773269,2013.6536009108556,7082.558199384028,0.081812,63.0714,171.2235,225.8913,124.98364797602153,241.35847209194134,7055.430650350028
2456532.24303656,2013.6543272732642,7077.471667092189,0.0811706,63.0709,170.3813,225.9025,124.8527453913157,240.26598162485504,7050.787585418466
2456532.65766853,2013.6554624737303,7068.611409437161,0.0800398,63.0697,169.0608,225.9917,124.70486594809245,238.6260094570746,7042.699127557067
2456533.00559153,2013.6564150349893,7061.494506034456,0.079125,63.0689,167.9485,226.059,124.6174532444793,237.23808740380747,7036.197447826224
2456533.34075144,2013.6573326528126,7054.485315674711,0.0782316,63.068,166.8737,226.0982,124.46534225297364,235.8721449874679,7029.781583842475
2456533.67685344,2013.6582528499378,7047.843024783065,0.0773639,63.0674,165.7923,226.1656,124.45810179804994,234.52687402240247,7023.707701700254
2456534.20691844,2013.6597040888155,7036.631158309831,0.076039,63.0666,164.0981,226.1829,123.4364616631101,232.32752802645336,7013.3535279210355
2456534.29335561,2013.6599407408903,7036.127267824835,0.0758584,63.0659,163.7999,226.2562,124.2416110912718,232.01743327945337,7012.961875137288
2456534.64322005,2013.6608986175218,7028.996268536496,0.074925,63.0651,162.6646,226.3357,124.2124231163989,230.6167976921946,7006.421033189894
2456534.97901781,2013.6618179816837,7022.469465868556,0.0740781,63.0643,161.5713,226.4121,124.12197052899774,229.26892659387516,7000.422785408761
2456535.311568,2013.662728454483,7016.163691802774,0.0732709,63.0636,160.4858,226.4395,123.94676355706179,227.8830563861476,6994.614780674317
2456535.66060037,2013.6636840530316,7008.546473696046,0.0722722,63.0629,159.3424,226.5254,123.88710123979035,226.48154090861954,6987.604409217374
2456535.99364747,2013.6645958862975,7001.190233728624,0.071319,63.0622,158.2474,226.6023,123.73604744933164,225.13518093292282,6980.818942056681
2456536.23822073,2013.6652654913892,6995.444299735079,0.0706038,63.0682,157.45,226.5186,123.40304948544326,224.01302309992735,6975.496354278567
2456536.32017325,2013.665489865161,6994.0285452227345,0.0703954,63.0613,157.1702,226.6506,123.54480817036165,223.78444854204963,6974.202324586992
2456536.6566455,2013.6664110759757,6986.4026141274335,0.0693877,63.0607,156.0567,226.7398,123.4959054591427,222.42851264877083,6967.161535690155
2456536.93553439,2013.6671746321429,6979.875061590176,0.0685341,63.0598,155.1305,226.8166,123.37930613164826,221.3042324285949,6961.122487157693
2456537.32907824,2013.6682520964814,6970.897241560321,0.0673736,63.0588,153.8185,226.8728,123.10649916633247,219.66054526667318,6952.798295681283
2456537.67878515,2013.6692095418205,6962.455361393323,0.0662487,63.0578,152.648,226.9731,123.06544489298449,218.24566494461817,6944.977503535333
2456537.87404582,2013.6697441363997,6957.819968692719,0.0656409,63.0572,151.9927,227.016,122.9661039097573,217.44081089612303,6940.673060784175
2456538.33317075,2013.6710011519513,6946.328592023878,0.0641416,63.0558,150.4455,227.0942,122.6436620057184,215.51928529756583,6929.983765679066
2456538.68021502,2013.671951307379,6938.11205810668,0.0630339,63.0551,149.2706,227.2079,122.63949644718923,214.11602934354215,6922.3460434322915
2456538.94037394,2013.6726635836822,6931.925887097748,0.062218,63.0544,148.3871,227.2866,122.49902225430014,213.0548098744045,6916.579408936207
2456539.32684306,2013.673721678467,6922.9288553282195,0.0610353,63.0534,147.0694,227.3454,122.24951576460444,211.41499575186435,6908.179903632375
2456539.60050433,2013.67447092219,6915.896173429697,0.060088,63.0526,146.1327,227.4349,122.1975041606529,210.29806801160396,6901.616365263254
2456540.31943646,2013.6764392510877,6898.21993585553,0.057751,63.0504,143.6577,227.6267,121.70453633993748,207.30626960840846,6885.063787250117
2456540.59100314,2013.6771827601367,6890.957471606053,0.05676,63.0494,142.7166,227.7431,121.69042551769326,206.21390635074988,6878.262653786633
2456540.70251537,2013.6774880639841,6887.549538452664,0.0562574,63.0592,142.3387,227.6633,121.93760904811643,205.64629696570455,6875.084865725022
2456541.35972781,2013.6792874135801,6871.1053911539475,0.0539091,63.0592,140.0486,227.7249,122.5539835116897,202.77003111115914,6859.687563748289
2456541.57650498,2013.679880917126,6865.573047128084,0.0533567,63.0459,139.276,228.0712,121.1124257243846,202.13006983469666,6854.397163002387
2456541.71521354,2013.6802606804654,6861.509162828157,0.0528013,63.045,138.7878,228.1673,121.07625906891826,201.60125503243387,6850.571348303825
2456542.28771213,2013.6818280961813,6845.967038933934,0.0507343,63.0433,136.7647,228.323,120.5053933905483,199.16958537472237,6835.8921592174465
2456542.61696998,2013.682729555044,6835.951811839855,0.0493648,63.0421,135.5943,228.5217,120.36011783874255,197.8733601841477,6826.427739273567
2456542.93747999,2013.6836070636277,6826.4465479474175,0.0480817,63.0404,134.4485,228.6745,120.08309296297375,196.56445709397798,6817.4239499908845
2456543.31596875,2013.6846433093772,6814.535398172697,0.0464951,63.048,133.0969,228.5804,119.55659338111673,194.7457086241863,6806.11342372668
2456543.65999722,2013.685585207995,6804.766016629416,0.0451239,63.0373,131.8467,229.0474,119.5721353716317,193.6234251218225,6796.845052646732
2456544.02697792,2013.6865899463928,6791.775298989185,0.0433023,63.0448,130.5245,228.8945,119.53950745976545,191.78661929858856,6784.495124106424
2456544.28465425,2013.6872954257356,6783.374699572385,0.0422157,63.0428,129.5787,229.2529,118.87348826764719,190.9452467352089,6776.464004804366
2456544.3079908,2013.687359317728,6784.384206192527,0.0423595,63.0346,129.4882,229.4079,118.86478341031489,190.98674561794826,6777.425297591565
2456544.47759857,2013.6878236784937,6777.191696594852,0.0413485,63.0455,128.878,229.0519,118.82868572820007,189.85337574227094,6770.568152219841
2456544.6222705,2013.6882197686512,6774.029781985892,0.0409261,63.0333,128.3348,229.5565,118.65886172536011,189.67218328559716,6767.543949207397
2456545.24638431,2013.6899284991377,6749.61894695662,0.0376307,63.0368,126.0325,229.825,117.48976124937872,187.02324031040268,6744.155614194807
2456545.32513039,2013.6901440941547,6751.7514623408815,0.0377176,63.0298,125.7339,229.8593,118.95530138489266,186.6813261043087,6746.261125851359
2456545.62897366,2013.6909759716907,6734.490394699653,0.0354897,63.0377,124.6075,230.0871,117.34905093888028,185.48325019131715,6729.642104414097
2456545.94691867,2013.6918464576868,6721.734981352913,0.0337683,63.0375,123.4121,230.2485,116.61711798209308,184.13587523276766,6717.354035392755
2456545.95720797,2013.6918746282543,6725.328309646651,0.0341408,63.0274,123.3635,230.4046,117.58392089266727,184.23323382847934,6720.847759433202
2456546.1372601,2013.6923675841201,6714.136128335846,0.0327568,63.0366,122.6953,230.249,116.06621400717358,183.2319697167576,6710.018426189339
2456546.34213179,2013.6929284922376,6707.967918480565,0.0319086,63.0261,121.9055,230.9998,115.78975335693576,182.99104279447386,6704.064337292202
2456546.3903601,2013.6930605341552,6702.980158882357,0.0312593,63.0372,121.7293,231.0882,115.31339120180564,182.8557077041204,6699.236645836012
2456546.67040464,2013.693827254319,6691.993963565785,0.0296795,63.0256,120.6519,231.8497,115.24262872413419,182.26378844514915,6688.624873231007
2456546.70587205,2013.6939243587954,6688.029708879027,0.0292001,63.0342,120.5199,230.9561,114.60227257678798,181.20323083365508,6684.7705299996305
2456546.83181356,2013.6942691678573,6682.175197306885,0.0284223,63.0342,120.0367,230.97,114.11610919646955,180.60979957138363,6679.090067448208
2456546.86353734,2013.6943560228335,6681.425376228011,0.0282296,63.0247,119.9092,232.1178,114.67511042724527,181.59883177991736,6678.382286856672
2456547.14572202,2013.6951286023818,6663.506208163707,0.0258527,63.019,118.8111,231.7202,113.10028121591313,179.82500314255265,6660.960909284115
2456547.33344856,2013.6956425696371,6652.211388424098,0.0243788,63.0288,118.0903,232.6282,111.9021574279841,179.8271749306187,6649.951911222241
2456547.58296329,2013.6963257037376,6634.054874536007,0.0141251,63.0213,117.1863,230.781,162.2118860276987,176.830046654464,6633.29848999826
2456547.64529955,2013.6964963711162,6631.9073040386775,0.0215803,63.0207,116.8589,234.1272,110.6524548453317,179.78740639821342,6630.142247172352
2456547.8936484,2013.69717631321,6611.68228172413,0.0191006,63.0325,115.8717,234.3762,107.25888313382984,178.80442724438188,6610.303797171523
2456547.8936484,2013.69717631321,6611.68228172413,0.0191006,63.0325,115.8717,234.3762,107.25888313382984,178.80442724438188,6610.303797171523
2456547.95535338,2013.6973452522386,6604.777723933194,0.0081823,63.0102,115.7362,233.9724,172.5991511626553,178.20430919407232,6604.525040257454
2456547.95537852,2013.6973453210674,6606.1823968765075,0.0184913,63.0325,115.6255,234.3833,105.88919632114448,178.50448441576685,6604.891536631866
2456548.08030639,2013.6976873549345,6624.893025285195,0.0209685,63.0265,115.1311,234.7884,107.84265588450307,178.29205222357177,6623.228400052055
2456548.20198845,2013.698020502258,6592.673361492395,0.0300535,62.7638,114.8989,268.2523,16.40415262278384,211.4038191870693,6589.270081288431
2456548.20211422,2013.6980208465975,6576.966816951876,0.0144025,63.0226,114.6515,237.6017,104.1057523707268,180.50569522486046,6576.187197483627
2456548.26335257,2013.6981885080634,6566.3656925273335,0.0139377,63.0198,114.3727,242.6265,96.7093574145947,185.1913370972086,6565.636760014841
2456548.26338333,2013.698188592279,6566.678287216242,0.0130696,63.0193,114.3801,238.022,102.71812867364042,180.5942067796184,6566.0373017522215
