jd,year,a_km,e,i_deg,raan_deg,argp_deg,hp_km,azimuth_deg,lambda
2455311.14046384,2010.311130633375,23527.40786778453,0.706863,46.1776,31.228,359.972,518.6174601387529,358.7329719850024,15839.00766287176
2455313.61222525,2010.317897947296,23492.285795781132,0.7065057,46.1781,30.4934,0.6609,516.7156750327258,356.25103897342916,15824.482354431831
2455315.68593503,2010.3235754552504,23492.262866346653,0.7064728,46.1841,29.8963,1.2682,517.4818408227065,354.2173361098395,15825.306188248409
2455318.58910089,2010.3315238901844,23492.251823862753,0.7064263,46.1945,29.0725,2.1102,518.5709892631376,351.37409953360674,15826.484840685684
2455322.32167146,2010.3417431114574,23492.22148957671,0.7062952,46.2042,28.0033,3.2371,521.641914151829,347.7528798753277,15829.807632978827
2455324.39532668,2010.3474204700344,23492.186348695395,0.7063092,46.2057,27.3875,3.8068,521.3027024974299,345.66293078764227,15829.426990287146
2455326.4690037,2010.3530978882961,23492.178878839222,0.7062748,46.2065,26.7815,4.419,522.1086396228266,343.6252602133696,15830.29904389323
2455329.37219049,2010.3610463805337,23492.17972325745,0.7063262,46.2103,25.9438,5.2205,520.9013896119632,340.7276030079021,15828.989052593974
2455331.4458846,2010.3667238455846,23492.20232771201,0.7062267,46.2165,25.3508,5.8587,523.2455020796388,338.72891558950374,15831.541105393177
2455334.34903307,2010.3746722329083,23492.23123291273,0.7063287,46.2228,24.5141,6.6251,520.8577860700834,335.7971961529724,15828.960011855026
2455337.25215275,2010.3826205414096,23492.298202382324,0.7061423,46.2275,23.6776,7.5506,525.2564174662039,333.02480509259703,15833.757042565456
2455339.32583936,2010.3882979859268,23492.30827057858,0.7062464,46.2278,23.0728,8.0864,522.8138267922304,330.911925066337,15831.110286012366
2455341.3995503,2010.393975497057,23492.339189751925,0.7061138,46.2386,22.4896,8.7455,525.9379935872721,328.9439210594584,15834.51101673727
2455343.47327499,2010.3996530458317,23492.36069032949,0.706105,46.2444,21.8935,9.333,526.1510450843853,326.8914035006312,15834.74977408966
2455345.54697971,2010.4053305399316,23492.399339527667,0.7060405,46.2396,21.2854,9.9726,527.6776636478835,324.8790056246468,15836.419432855333
2455347.62064661,2010.4110079304858,23492.38927123384,0.7060675,46.2494,20.6952,10.5626,527.0404094669411,322.8349450251254,15835.72465803083
2455350.52377582,2010.418956265079,23492.359391199538,0.7060234,46.2503,19.8597,11.4106,528.0676398029109,319.9860445715111,15836.828203150155
2455354.25640752,2010.4291756537161,23492.3349675899,0.7059748,46.2564,18.794,12.4806,529.2021873126132,316.31136466220715,15838.049935230158
2455357.15959401,2010.4371241451338,23492.329121522544,0.7059156,46.2645,17.9733,13.3378,530.5912143054848,313.48640775185606,15839.55403639605
2455360.06275955,2010.445072579192,23492.32509423381,0.7059851,46.2623,17.1338,14.121,528.9573133486429,310.5686714909346,15837.780875936513
2455362.13641502,2010.4507499384533,23492.32567884013,0.7060047,46.2587,16.5318,14.7096,528.4970356483063,308.5114221567834,15837.281920715166
2455364.21005929,2010.4564272670495,23492.343606784994,0.7059375,46.2627,15.9437,15.3364,530.0809918702125,306.5062838621894,15839.005956119368
2455367.11320256,2010.4643756401374,23492.357182679032,0.7058728,46.2731,15.1303,16.195,531.6049395412729,303.6900695504946,15840.663085875858
2455370.43113382,2010.4734596408493,23492.366146677243,0.7058858,46.2793,14.1882,17.1308,531.3021753370595,300.41352929424926,15840.338028946222
2455372.0900826,2010.4780015950712,23492.365562068404,0.7058505,46.2796,13.7131,17.6311,532.1312838996391,298.8036257743429,15841.236675726903
2455375.4079245,2010.4870853511288,23492.351076772113,0.7058409,46.2813,12.7672,18.5854,532.352549627316,295.5418735935985,15841.47139193367
2455379.14048364,2010.497304541109,23492.296123788314,0.7058029,46.2819,11.7048,19.6792,533.2290919597626,291.8943652006892,15842.402021686543
2455382.4583586,2010.5063883876792,23492.266503873598,0.7058382,46.2787,10.7527,20.6116,532.3911008591649,288.60448043551133,15841.483122069403
2455384.53204753,2010.5120658385495,23492.26513980083,0.7058213,46.2773,10.1623,21.214,532.7877188819266,286.5725981222141,15841.912576102499
2455387.02045719,2010.5188787328952,23492.27449344666,0.7058386,46.2748,9.4424,21.9339,532.3840541765612,284.1199561577047,15841.478323060044
2455389.50882886,2010.52569152323,23492.31145342996,0.7058342,46.2764,8.7388,22.6437,532.4982925473878,281.6735516371817,15841.615298355271
2455392.41192164,2010.5336397580834,23492.313726895893,0.7059038,46.2735,7.9008,23.4315,530.8638962879204,278.76198709001073,15839.844218028966
2455394.48560108,2010.539317182971,23492.372837203216,0.7058291,46.2731,7.3196,24.085,532.6361606556238,276.79041413048134,15841.786568771733
2455396.97405494,2010.54613019833,23492.378553384522,0.705995,46.2691,6.5974,24.6861,528.7404565878151,274.21662860118795,15837.564696669238
2455399.04775082,2010.5518076682272,23492.40531555233,0.705989,46.2669,6.0096,25.3111,528.8892792308561,272.2099394382524,15837.73559998672
2455401.12141973,2010.5574850642852,23492.44968115862,0.7058789,46.2753,5.4339,26.0072,531.4888419170238,270.2864768573663,15840.570094633997
2455403.19506278,2010.5631623895408,23492.447667488203,0.7058323,46.28,4.8502,26.6441,532.5829977153699,268.29583976526845,15841.755537889065
2455404.4392488,2010.5665687852152,23492.405120681902,0.7059171,46.2721,4.4849,26.9385,530.5783258649844,266.99863732256733,15839.567070579784
2455408.17185987,2010.5767881173722,23492.405185638712,0.7059372,46.2691,3.4209,28.02,530.1061476234381,263.3371777460051,15839.055115783485
2455411.90452343,2010.5870075932373,23492.410122357538,0.7059653,46.2578,2.3429,29.0784,529.4474626043611,259.6385664345694,15838.342619696647
2455415.22241098,2010.5960914742782,23492.442860663796,0.705919,46.2539,1.3999,30.0788,530.54478890687,256.42576925981473,15839.544119662563
2455417.29607242,2010.6017688498841,23492.473975151843,0.7060177,46.2487,0.7965,30.6273,528.2352319052825,254.3270140416939,15837.05067688833
2455419.36973049,2010.6074462162624,23492.475793956,0.706053,46.2407,0.1965,31.1908,527.4064822059836,252.24666214558295,15836.152463471619
2455421.44342157,2010.613123673019,23492.52334281819,0.7059929,46.2463,359.6172,31.8622,528.8323597042809,250.29487771323045,15837.715809593434
2455423.10239324,2010.6176656899115,23492.528864218053,0.7060883,46.239,359.1295,32.2811,526.5927957813974,248.59095163183412,15835.288712999209
2455426.00560016,2010.6256142372622,23492.556861013167,0.7060811,46.2341,358.304,33.149,526.7701707764427,245.77187458563867,15835.491063889165
2455428.07929176,2010.6312916954414,23492.556990928882,0.706055,46.2341,357.7111,33.7742,527.3833646985904,243.7602896410778,15836.156235501347
2455430.15294201,2010.6369690404113,23492.5593294121,0.7060351,46.2337,357.1218,34.4189,527.8515540146936,241.7718454519577,15836.664876041077
2455433.05608133,2010.644917402683,23492.56290209591,0.7060304,46.229,356.2837,35.284,527.9630193039748,238.9374350341481,15836.787039469957
2455435.12977317,2010.6505948615202,23492.486836703094,0.7061941,46.2137,355.6817,35.8176,524.0949382957042,236.8251498527593,15832.563863564577
2455438.03295193,2010.658543331773,23492.480016181296,0.7061136,46.2224,354.866,36.6601,525.9840790274629,233.9905005617365,15834.61103481648
2455440.93613377,2010.666491810458,23492.479886266647,0.7061293,46.2196,354.0333,37.5126,525.615208913101,231.14884823509868,15834.210822807281
2455443.83927625,2010.6744401813826,23492.469687972003,0.7061473,46.2188,353.2028,38.322,525.1893474787294,228.2663347022725,15833.745187556598
2455445.91293305,2010.6801175442852,23492.46078883222,0.7061686,46.2119,352.5985,38.9105,524.6863430276744,226.20668405730885,15833.196294074567
2455450.0603179,2010.691472465161,23492.54308995735,0.7062058,46.1961,351.3921,40.1554,523.8366030795478,222.1574125420633,15832.30353084599
2455452.96354599,2010.6994210704727,23492.553483205156,0.7063314,46.1848,350.5308,40.9087,520.88899183798,219.18791462980568,15829.108293560606
2455455.03723994,2010.7050985350852,23492.587521172187,0.7062966,46.1881,349.9444,41.615,521.7165297658421,217.2639273692929,15830.018580350707
2455457.94037699,2010.713046891143,23492.584727975594,0.7062455,46.1841,349.1167,42.5231,522.916180474107,214.48291918849196,15831.319531125251
2455460.84351193,2010.7209952414241,23492.58810579483,0.7062622,46.1834,348.2847,43.417,522.5248465023424,211.6834130872761,15830.89604748882
2455462.91721584,2010.7266727333058,23492.52321290294,0.7063293,46.1693,347.6604,43.9119,520.9294366994536,209.51011600989676,15829.14144692533
2455465.82041678,2010.7346212642854,23492.52321290294,0.7063333,46.1666,346.8235,44.7649,520.8354666066025,206.6647448573089,15829.039448061838
2455468.72360534,2010.7425697613685,23492.517301760887,0.7063537,46.1614,345.9773,45.5997,520.3544833480682,203.79188590730405,15828.51525446427
2455471.21202046,2010.749382670664,23492.504764955418,0.7063858,46.1541,345.2545,46.2927,519.5966925585744,201.3094385609366,15827.68818473413
2455473.28567713,2010.7550600332097,23492.582909150347,0.7063751,46.1559,344.6518,46.9525,519.8710074409792,199.32268804448358,15828.01371594364
2455474.94463299,2010.7596020068167,23492.598369176136,0.7063933,46.1512,344.1705,47.4289,519.4479815991872,197.6826775459685,15827.559971320501
2455477.01834599,2010.7652795235872,23492.599798255433,0.7064117,46.1458,343.5644,48.0156,519.016137350156,195.61937150861473,15827.09165015549
2455478.67733281,2010.769821581958,23492.59518622757,0.7064659,46.1379,343.0733,48.4478,517.7414846536421,193.92533049515362,15825.706064235868
2455481.16580171,2010.7766346384942,23492.669368696817,0.7064579,46.145,342.3531,49.2685,517.9512010929384,191.57313014211064,15825.960105923592
2455483.65421441,2010.783447541164,23492.666380600047,0.7064436,46.1414,341.6328,50.0624,518.286269089981,189.19408518099942,15826.322855454662
2455485.72786634,2010.7891248907322,23492.66599084836,0.7064545,46.1437,341.0386,50.7356,518.0300846165774,187.2292393363815,15826.044558400286
2455489.04576016,2010.7982087889386,23492.576218474806,0.7065124,46.119,340.0394,51.6048,516.6435121772456,183.82903598208242,15824.50705593608
2455491.94894098,2010.8061572648317,23492.57524410498,0.7065175,46.1169,339.1977,52.4772,516.5234140780394,180.99828466058443,15824.376288073936
2455494.85212508,2010.8141057497053,23492.577517634734,0.7065145,46.1127,338.3529,53.346,516.5945590517877,178.16083010611658,15824.454355914764
2455497.75526026,2010.822054100643,23492.586611759252,0.7065219,46.11,337.5061,54.2317,516.4233829045424,175.33832376853127,15824.27169067939
2455501.07309191,2010.8311378286385,23492.592328070594,0.7065134,46.102,336.5329,55.2314,516.6247475515238,172.0946816901316,15824.492395350439
2455503.56149874,2010.8379507152367,23492.590963950526,0.7065272,46.1005,335.8093,55.9674,516.3001494452592,169.65444251477095,15824.139404812679
2455506.04992971,2010.8447636679264,23492.583753604882,0.7065346,46.0927,335.0745,56.7099,516.1241882851582,167.20947954650865,15823.94575081695
2455508.95308568,2010.8527120757838,23492.559524285727,0.7065666,46.0853,334.2207,57.5502,515.365315913542,164.33455271783856,15823.112968709067
2455511.44145508,2010.8595248599047,23492.527954810794,0.706574,46.0782,333.4831,58.2796,515.1822076683111,161.87375043432598,15822.902889165594
2455513.51508769,2010.8652021565783,23492.49209825186,0.7065573,46.073,332.8753,58.8698,515.5640110396898,159.81232363183142,15823.30484539895
2455516.00345513,2010.8720149353317,23492.434611119523,0.706604,46.0644,332.1342,59.5776,514.4500451640233,157.3264232805741,15822.074513337806
2455518.90657799,2010.8799632525393,23492.434156420444,0.7066082,46.0573,331.2842,60.4362,514.3512435336752,154.47362908590623,15821.96703143324
2455521.39497204,2010.8867761041474,23492.4278555926,0.7066058,46.0521,330.5514,61.1733,514.4057767493068,152.02530250692257,15822.024031242074
2455523.8833423,2010.893588890623,23492.43623504499,0.7065992,46.0502,329.8247,61.9141,514.5632853111874,149.58679937569553,15822.198092085893
2455529.68946252,2010.909485181438,23492.459424731245,0.7065956,46.0416,328.1235,63.6483,514.6546620376166,143.89713468236687,15822.305573239164
2455531.76310399,2010.9151625023678,23492.457670887427,0.7066041,46.0378,327.5142,64.2621,514.4544615619216,141.85779914754812,15822.087492222368
2455535.08094407,2010.9242462534432,23492.46715463938,0.7066083,46.0321,326.5214,65.2361,514.358575693811,138.56884876045058,15821.986703650942
2455537.56929143,2010.9310589772213,23492.474624724713,0.7065976,46.0266,325.7879,65.994,514.6121368333288,136.14066820035168,15822.264775674685
2455540.05760633,2010.9378716121291,23492.470597373624,0.7066017,46.0177,325.0552,66.7231,514.5146360694052,133.68451963353624,15822.157440983758
2455542.54592113,2010.9446842467628,23492.450850386806,0.7065673,46.0175,324.3382,67.5469,515.3169826462963,131.33877116539907,15823.021912006245
2455545.03425318,2010.9514969286242,23492.401677971648,0.7065849,46.0087,323.5938,68.2172,514.8890875822199,128.81210569525075,15822.539711499036
2455546.69315202,2010.9560387461197,23492.388881493647,0.7065723,46.0051,323.1041,68.6966,515.1813370022528,127.16675139690892,15822.852596021085
2455549.59621502,2010.9639868994386,23492.387322533054,0.7065634,46.0005,322.2551,69.5678,515.3899618072037,124.3276162021192,15823.078633100387
2455553.32867053,2010.974205805695,23492.385763572718,0.7065521,45.9952,321.162,70.6719,515.6549683103103,120.65980994978543,15823.36589946991
2455555.40223702,2010.9798829213414,23492.384269569302,0.7065407,45.9917,320.5525,71.2856,515.9223430788179,118.62024831707555,15823.655752361448
2455557.89053345,2010.9866955056812,23492.384269569302,0.7065301,45.9872,319.8237,72.024,516.1713623520745,116.17731795476692,15823.926192564777
2455562.45245615,2010.9991853693366,23492.378618341147,0.7065262,45.9792,318.4822,73.3704,516.2613241633262,111.68586703881357,15824.021885695294
2455564.52603068,2011.0048625069956,23492.38024225694,0.7065031,45.9749,317.8702,73.9937,516.804474723659,109.65339748156265,15824.612302875388
2455567.42900973,2011.0128104304722,23492.364197981253,0.7064653,45.9688,317.0151,74.8627,517.6877771451682,106.80604502998341,15825.565764916002
2455569.50255567,2011.0184874898569,23492.353350247628,0.7064254,45.9659,316.4034,75.4829,518.6219378576079,104.77080365153222,15826.57619322452
2455572.40554489,2011.0264354411775,23492.280924083578,0.7064488,45.9605,315.5475,76.3035,518.0509560018436,101.87424117609169,15825.930547522006
2455574.47911046,2011.0321125543046,23492.27183025489,0.7064205,45.9543,314.9449,76.9349,518.7131177903148,99.85928045030266,15826.646251300866
2455577.79679051,2011.0411958672414,23492.266114138503,0.7063946,45.9522,313.9783,77.9669,519.3198893480812,96.65468779306764,15827.302967948108
2455580.69973341,2011.0491436917455,23492.265854315116,0.7063677,45.9499,313.1284,78.8349,519.9517550140108,93.81157097163361,15827.98881747382
2455582.77324449,2011.0548206556878,23492.266958564567,0.7063596,45.9473,312.5221,79.4581,520.1423666196833,91.7847639524453,15828.196124444767
2455585.67618276,2011.0627684675153,23492.269296975603,0.7063344,45.9458,311.6737,80.3305,520.7350584579181,88.94755169452912,15828.840312344973
2455589.40858536,2011.0729872289112,23492.247666695708,0.7063244,45.937,310.5693,81.3418,520.9636288654629,85.1756975919759,15829.080730989823
2455591.48211082,2011.078664232224,23492.247471828545,0.7063047,45.9346,309.9601,81.9746,521.4263689129257,83.15557639939675,15829.582916117022
2455594.38500873,2011.0866119335524,23492.256825456792,0.7062227,45.9315,309.1121,82.8945,523.3554810892683,80.36630392115632,15831.67980094435
2455597.70257777,2011.0956949425604,23492.278130978113,0.706188,45.9297,308.1481,83.9521,524.1769222189405,77.19002067822123,15832.578697513407
2455600.60551327,2011.1036427468036,23492.14250397229,0.7062078,45.9283,307.2809,84.6856,523.6719289555258,74.19511115070645,15831.98258242822
2455604.75252124,2011.114996635839,23492.140880097584,0.7061444,45.9241,306.0723,85.9649,525.1608536056037,70.17841109800179,15833.597485560944
2455607.65539204,2011.1229442629433,23492.14328343225,0.7061048,45.9223,305.2256,86.8422,526.0918487129784,67.34786534042013,15834.608330356654
2455611.38762938,2011.1331625718822,23492.132695773344,0.7060622,45.9223,304.1307,87.9345,527.0895019036861,63.666674122398035,15835.686757725589
2455613.46110967,2011.138839451526,23492.123212358933,0.7060233,45.9206,303.5239,88.5376,528.0005579626777,61.61929745063321,15836.671536541635
2455616.7786964,2011.1479225089668,23492.121068848784,0.7059881,45.9197,302.5482,89.5264,528.8268504822618,58.36249677196258,15837.56689979698
2455618.43747334,2011.1524639927172,23492.121913261813,0.7059682,45.919,302.0618,90.0266,529.294591975814,56.74136262180616,15838.07443484652
2455620.51091951,2011.1581407789456,23492.126005418348,0.7059472,45.9194,301.4517,90.6697,529.78912984608,54.7307195795438,15838.612154132044
2455624.24311028,2011.1683589603833,23492.133800007152,0.7058705,45.919,300.3573,91.821,531.5932685292046,51.10907426199492,15840.571038859089
2455627.14593028,2011.176306448405,23492.12996766685,0.7058235,45.9177,299.5025,92.7107,532.6962714333458,48.28287857415023,15841.765399730783
2455629.21938406,2011.1819832554681,23492.11145553655,0.7057378,45.9207,298.8886,93.3406,534.704099551388,46.25522803143326,15843.935049358164
2455631.29286948,2011.1876601491576,23492.022727727082,0.7057596,45.9205,298.2798,93.7836,534.1658642155071,44.04574630321713,15843.32017497987
2455633.3662897,2011.1933368643392,23492.0213636897,0.7057166,45.9194,297.6771,94.43,535.1756197792402,42.04582883786571,15844.41401465094
2455635.43970932,2011.1990135778788,23492.020064606655,0.7056972,45.9186,297.0718,95.042,535.6309826699189,40.0089119636649,15844.907012833723
2455637.51311069,2011.2046902414506,23492.020779102306,0.7056559,45.9187,296.4673,95.662,536.601413406167,37.98081307779694,15845.958803442216
2455641.24524937,2011.2149082802741,23492.024091764662,0.7056011,45.9176,295.3738,96.7854,537.889751389016,34.33221910132664,15847.355819202967
2455643.31867276,2011.220585004134,23492.02428662719,0.7055552,45.9185,294.7679,97.4051,538.9680926710844,32.302398511779074,15848.524053048463
2455645.39210962,2011.2262617648732,23492.00135783081,0.70552,45.9233,294.1543,97.9491,539.7882598540164,30.189164645665187,15849.404288057318
2455647.46549014,2011.231938371362,23491.998304992452,0.7054711,45.9224,293.5497,98.5934,540.9361195712909,28.185286309630783,15850.64640653185
2455651.19754266,2011.2421561742915,23492.003111589464,0.7053769,45.9221,292.4567,99.7566,543.1504819461343,24.577077255091922,15853.04596102974
2455652.44157464,2011.2455621482275,23491.939261994634,0.7053662,45.9227,292.0906,100.0704,543.383034130673,23.29862663808848,15853.275027899434
2455655.34428971,2011.253509348966,23491.937508247895,0.7053013,45.9235,291.2459,100.9691,544.9071441618935,20.491634372257863,15854.92441116969
2455659.07635654,2011.2637271910746,23491.89087169549,0.7051984,45.9287,290.1593,102.0659,547.310716001225,16.823411213173245,15857.50935549091
2455661.14968828,2011.2694036640114,23491.890287116214,0.7051648,45.9279,289.5558,102.7089,548.0998711799657,14.819380955872703,15858.36314922313
2455664.46702579,2011.2784860391237,23491.838194753793,0.705107,45.9299,288.5782,103.6123,549.4423407655295,11.475525915501123,15859.797212020561
2455666.95500283,2011.2852977490209,23491.839039141403,0.7050462,45.9298,287.8555,104.352,550.8708935831064,9.040310352461802,15861.343027645831
2455668.19899312,2011.2887036088155,23491.827867249907,0.7050382,45.9254,287.4963,104.7298,551.0555330141951,7.832800826405389,15861.53878791268
2455671.10164544,2011.2966506377545,23491.824619609524,0.7049894,45.9265,286.65,105.5953,552.2009761257777,4.991070408349003,15862.776653198589
2455673.17499281,2011.302327153484,23491.890287116214,0.7049437,45.9524,286.0451,106.2099,553.293928122449,2.95722474578713,15863.982138359257
2455675.24824265,2011.3080034021907,23491.831764419854,0.7048359,45.9274,285.4337,106.8417,555.8090800963992,0.9341752113209623,15866.681037959803
2455678.98010487,2011.3182206841072,23491.767396370065,0.7047109,45.9259,284.3371,107.9489,558.7265518834593,357.2665537214006,15869.811933855655
2455681.05335543,2011.3238969347838,23491.759147418765,0.7046729,45.9271,283.7398,108.5951,559.6168029056553,355.2720034778278,15870.771163740386
2455683.12660676,2011.3295731875703,23491.758432943014,0.7046336,45.9267,283.1414,109.2321,560.5398180080201,353.2671524746641,15871.768388871213
2455687.27314082,2011.3409257791109,23491.710758047142,0.7044901,45.9299,281.9311,110.4131,563.8967969394353,349.1509195201229,15875.37832885013
2455690.17561606,2011.3488723232304,23491.66795477041,0.704437,45.9313,281.0885,111.2429,565.1315557158077,346.2773636370421,15876.696776311159
2455693.07814509,2011.3568190146202,23491.680490459494,0.7043516,45.9311,280.2466,112.0994,567.1414503155656,343.43115473673106,15878.871818800906
2455695.98059702,2011.3647654949216,23491.684062809185,0.7042791,45.931,279.4055,112.9542,568.8456535695877,340.5841218282122,15880.713155149211
2455699.29771425,2011.3738472669409,23491.687570208385,0.7042036,45.931,278.4435,113.9318,570.6203131923867,337.33028390127794,15882.630170550136
2455703.02941316,2011.3840641017384,23491.68614126781,0.7041099,45.9328,277.3609,115.0337,572.8210615083481,333.67152337419014,15885.004865952384
2455705.10255962,2011.389740067406,23491.679970845107,0.7040372,45.9322,276.7575,115.626,574.5270808752357,331.6170757338333,15886.84352109071
2455709.24881736,2011.401091902423,23491.628139454344,0.703907,45.9308,275.5588,116.8533,577.570350695456,327.5590151276924,15890.10794513318
2455711.73655633,2011.407902960521,23491.611057241586,0.7038444,45.9325,274.8411,117.5859,579.0358676240148,325.1219342125044,15891.68237336122
2455713.80967286,2011.4135788442436,23491.614239856815,0.7037974,45.9328,274.2455,118.19,580.1409160426119,323.08711607231584,15892.875109732742
2455715.8827708,2011.4192546770705,23491.60449716053,0.7037428,45.9352,273.6476,118.7851,581.4206718361866,321.04101625458924,15894.251437340059
2455719.61428961,2011.4294710187821,23491.6269053771,0.7036668,45.9336,272.5772,119.8972,583.2126740764925,317.4048332384254,15896.191213633627
2455722.10198787,2011.436281965421,23491.701599818276,0.7037093,45.9496,271.8765,120.6282,582.2364112012774,314.9831924485148,15895.165536216557
2455725.83345151,2011.4464981560848,23491.677957339627,0.7035452,45.9375,270.7867,121.7035,586.084390507528,311.29086380950395,15899.304354266536
2455729.15030984,2011.455579219275,23491.703483424903,0.7034591,45.9387,269.8314,122.6867,588.1145935079558,308.04958106097706,15901.500868418441
2455732.05249667,2011.463524973771,23491.72141018273,0.7034139,45.9408,268.9963,123.5441,589.181735332595,305.21140944248344,15902.65684413043
2455734.9546915,2011.471470750171,23491.713486031935,0.7032938,45.9392,268.1496,124.3774,592.000739929289,302.33752993846065,15905.690099025827
2455737.8568279,2011.4794163665977,23491.680620363095,0.7032357,45.9483,267.3241,125.2404,593.3558551256192,299.5146080248246,15907.137475078474
2455740.75897016,2011.4873619990692,23491.675164413384,0.7031793,45.9507,266.4954,126.0945,594.6791664737966,296.6795803350761,15908.56019423278
2455744.49024003,2011.4975776592196,23491.677502677157,0.7030997,45.951,265.4329,127.1765,596.5497980480986,293.0214426809132,15910.574585330947
2455746.97770512,2011.5043879674747,23491.684387568315,0.703063,45.9513,264.7266,127.8935,597.4139869913724,290.5804317091333,15911.507123155412
2455750.70889478,2011.5146034080217,23491.70744549524,0.7029696,45.955,263.66,128.9867,599.6149592184302,286.9294731122079,15913.883745105662
2455752.78177534,2011.5202786456946,23491.723033984945,0.7029546,45.9564,263.0722,129.5759,599.9719653192715,284.8877875499253,15914.273427954138
2455755.68373747,2011.528223784996,23491.747845717724,0.7028597,45.9596,262.2391,130.4458,602.2087024009188,282.0643374013923,15916.688478165659
2455759.00024543,2011.5373038889254,23491.748884954035,0.7027873,45.9614,261.2976,131.3952,603.9098138191775,278.80339998681774,15918.518420997474
2455761.07302166,2011.5429788409585,23491.73725850436,0.7026988,45.9638,260.7058,131.9897,605.9853770380569,276.7631172549393,15920.746088454598
2455763.97488151,2011.550923700232,23491.71153747129,0.7026806,45.9684,259.8837,132.8539,606.4052792940411,273.9450679164343,15921.188331648764
2455766.87675486,2011.558868596468,23491.68542679761,0.7026188,45.9739,259.0587,133.6837,607.849302243585,271.08970527152894,15922.731344313086
2455768.94945866,2011.5645433501988,23491.6743200405,0.7026047,45.9743,258.4736,134.2916,608.1772319107413,269.0695939284516,15923.079864698488
2455772.68029515,2011.5747578238188,23491.665746412415,0.7025481,45.9766,257.4196,135.3627,609.5043104352908,265.4094834252529,15924.50316546872
2455775.99654799,2011.5838372292676,23491.69055799392,0.702486,45.9792,256.4787,136.3151,610.9705246710018,262.1523974636426,15926.087726723561
2455778.89824454,2011.5917816414517,23491.707835207173,0.7024386,45.9822,255.6569,137.1532,612.089171835215,259.3087090774137,15927.295903475415
2455783.87243983,2011.6054002459414,23491.72978900518,0.7024052,45.9882,254.2453,138.6238,612.8803282130402,254.46501146109415,15928.153777721125
2455786.35950663,2011.612209463737,23491.7277105369,0.7023082,45.9896,253.5482,139.3284,615.158407259607,252.0211930547452,15930.600154810434
2455788.8465227,2011.6190185426422,23491.706471215497,0.7023634,45.9944,252.8368,140.0923,613.8553422905788,249.62242464882974,15929.19286186777
2455793.40598629,2011.6315016736207,23491.65437987208,0.7022137,45.9992,251.5612,141.3827,617.3565386608998,245.14329749654985,15932.934521958494
2455796.72182889,2011.6405799558934,23491.63268605613,0.7021728,45.9976,250.6323,142.3498,618.3108863165753,241.91331587840682,15933.951471577164
2455799.62316024,2011.6485233682129,23491.623722757577,0.7021561,46.0,249.8121,143.1723,618.7005269186366,239.05598744334355,15934.366601542235
2455802.93895012,2011.6576015061464,23491.67581393104,0.7021112,46.0022,248.8852,144.1116,619.7708182009401,235.80025778726315,15935.534320153636
2455805.84023542,2011.6655447923888,23491.70043068332,0.7021383,46.0068,248.0642,144.9811,619.1415261740658,232.9891747400045,15934.867567720243
2455809.57028632,2011.6757571151816,23491.716408873664,0.7020947,46.0089,247.0145,146.0531,620.1705243004326,229.3350385346463,15935.977957653951
2455811.64252906,2011.6814306065985,23491.741545350054,0.7020684,46.0088,246.4252,146.6757,620.795845392613,227.32588162451032,15936.658211208141
2455815.37250502,2011.691642724216,23491.743883630344,0.7020704,46.0106,245.3783,147.7559,620.7495585524357,223.68281928224906,15936.609365479555
2455817.85903631,2011.6984504758661,23491.6962737602,0.7020244,46.0092,244.677,148.4699,621.8159921914603,221.24472868818725,15937.736934444292
2455820.34561452,2011.705258355975,23491.692376646453,0.702015,46.0065,243.979,149.1842,622.0356528549946,218.81019184896746,15937.971289624398
2455824.48978212,2011.7166044685014,23491.682049302828,0.7020064,46.0071,242.8111,150.3722,622.234603927126,214.74569133953116,15938.18110683664
2455827.39062426,2011.7245465414376,23491.690233234578,0.7019621,46.0061,241.9884,151.1997,623.2777245637426,211.8913450824827,15939.303477332198
2455829.87702006,2011.7313539221357,23491.715499545026,0.7019766,46.001,241.2937,151.9181,622.9446250071078,209.46438803112778,15938.955084640658
2455832.77778763,2011.7392957909103,23491.753496566547,0.7019097,45.9981,240.475,152.757,624.5275473175716,206.6255152722988,15940.667260602082
2455836.50708158,2011.7495060412864,23491.788051256262,0.7019885,45.9998,239.4205,153.8615,622.6866948369552,202.99982513687144,15938.704307487506
2455839.82206979,2011.7585819843675,23491.82474951512,0.7018943,45.9964,238.4875,154.7925,624.9105612315298,199.73048562771532,15941.103768401792
2455844.3800348,2011.7710610124577,23491.78311486424,0.7018687,45.9911,237.2048,156.1159,625.4995393525251,195.2787355152493,15941.720730055025
2455847.28039958,2011.7790017784532,23491.734075847464,0.7019236,45.9831,236.3922,156.9636,624.1952230859397,192.45515975685862,15940.303719866004
2455850.59506312,2011.7880768326356,23491.68997342711,0.7019511,45.9844,235.4507,157.9367,623.5360557209779,189.21974025120966,15939.580594759114
2455852.6666921,2011.7937486436688,23491.679321327163,0.7019253,45.9786,234.8726,158.5193,624.1389662007978,187.18238827926086,15940.223715349237
2455856.39555601,2011.8039577166594,23491.685556701275,0.7019474,45.9786,233.814,159.592,623.6216585572629,183.52122200262153,15939.670867635283
2455860.53867968,2011.8153009710604,23491.711602423304,0.7019253,45.9905,232.624,160.7613,624.1485883788464,179.41695041821197,15940.245619611049
2455864.26724803,2011.8255092348525,23491.739791640215,0.7020126,45.9854,231.5696,161.8686,622.1061619874099,175.79487545315482,15938.063968002216
2455867.58163803,2011.8345835401226,23491.740246305697,0.7020385,45.978,230.6343,162.829,621.4978613996145,172.55322555586702,15937.411256889887
2455871.30997411,2011.844791167995,23491.718812099763,0.7020676,45.9854,229.5671,163.9001,620.8078658140312,168.88237952175496,15936.662961812262
2455874.62393063,2011.8538642864607,23491.642298878578,0.7021287,45.9813,228.639,164.8424,619.3497307019488,165.63025687411061,15935.07024890362
2455879.5949624,2011.8674742297055,23491.61170675481,0.7022547,45.9595,227.265,166.3056,616.3806751112234,160.81987730603487,15931.87128415243
2455883.32308245,2011.8776812661188,23491.621579361363,0.7022904,45.957,226.2075,167.3847,615.5449637430402,157.1669441972772,15930.977295424671
2455886.222671,2011.8856199069126,23491.64340305476,0.7023079,45.9568,225.3866,168.2214,615.1403571065184,154.32483351147016,15930.550552306058
2455889.12251059,2011.8935592350174,23491.66139464963,0.7022154,45.9777,224.529,168.9873,617.3186917411804,151.37497539371702,15932.896396343971
2455893.26429656,2011.9048988269953,23491.72108542232,0.7024746,45.9483,223.392,170.287,611.2474126287107,147.45542228164402,15926.396193453897
2455896.16381688,2011.9128372809855,23491.731737569615,0.7024224,45.9468,222.5618,171.1141,612.4768503097957,144.59447884520506,15927.720993630783
2455901.54916344,2011.9275815563033,23491.641584411707,0.7024321,45.96,221.0189,172.5956,612.2221538260646,139.22513973081584,15927.415045686625
2455904.44776709,2011.9355175005887,23491.625021785825,0.7025212,45.9535,220.2046,173.4655,610.1241215308219,136.42379978803882,15925.154690851314
2455908.1754156,2011.9457232459963,23491.615084224308,0.7026313,45.9525,219.1454,174.5795,607.5347384961742,132.80453144129734,15922.36800984225
2455911.07454027,2011.9536606167558,23491.625606348593,0.7027203,45.9418,218.3393,175.4503,605.4471127676288,130.0117779679412,15920.127371333683
2455917.28695647,2011.9706692853388,23491.656068614346,0.7028134,45.95,216.5657,177.2708,603.2690954008631,123.93555727803471,15917.796133632759
2455923.08585525,2011.9865458049276,23491.654639678563,0.7034335,46.0193,214.8076,179.2645,588.7014956982312,118.4556102260882,15902.115660132677
2455928.05408733,2012.0001480830394,23491.578191930996,0.7037992,45.9874,213.4402,180.745,580.0879537125156,113.6718901058349,15892.805128041704
2455933.02557951,2012.0137592868166,23491.50116025031,0.7032878,45.9367,212.1059,181.8283,592.0786905604218,108.5208567459971,15905.69811625727
2455937.1674236,2012.0250990379188,23491.477843027962,0.7033651,45.9253,210.9466,183.0161,590.255880818816,104.46704634920928,15903.726740935852
2455940.0662216,2012.033035514305,23491.481285399765,0.7035411,45.9386,210.1064,183.9158,586.122401240199,101.66941485016889,15899.275028935053
2455944.20772785,2012.0443743404517,23491.498432327156,0.7037587,45.9382,208.9252,185.1687,581.0157345405596,97.65913743742215,15893.77697870424
2455946.27858428,2012.0500440363587,23491.509538876366,0.7037745,45.9255,208.3473,185.7702,580.6478589084218,95.64164691083226,15893.384313093153
2455950.00612586,2012.0602494890072,23491.509473925747,0.7039202,45.9137,207.3011,186.8462,577.2251267380407,91.99748395737186,15889.693221668409
2455952.90539069,2012.0681872435048,23491.476219268116,0.7040679,45.9106,206.466,187.7226,573.7455896680749,89.18119233831891,15885.927583036953
2455954.97626052,2012.0738569760988,23491.461085839834,0.7041339,45.9117,205.871,188.3348,572.1906747691974,87.15728860446626,15884.244251629214
2455958.70389129,2012.084062672936,23491.426272552282,0.7042512,45.9067,204.8027,189.4335,569.4248303958111,83.5136377430278,15881.246452295805
2455961.60325959,2012.0920007107186,23491.425233351652,0.7043458,45.9103,203.9731,190.2879,567.2022342263954,80.68074414128432,15878.846406296745
2455964.91684423,2012.1010728110339,23491.44504313347,0.7044553,45.9014,203.033,191.257,564.6357778393685,77.44378802778283,15876.081799434818
2455967.81632852,2012.109011166379,23491.463683851543,0.7045501,45.9002,202.2018,192.1152,562.4142962475707,74.61298010353494,15873.688691528989
2455971.13000891,2012.1180835288428,23491.488559849986,0.7047158,45.892,201.2564,193.0866,558.5291062044553,71.37292961657403,15869.499152163839
2455974.0294516,2012.1260217702938,23491.539416208412,0.7049491,45.846,200.412,193.96,553.0635471377664,68.54416269423263,15863.6080029522
2455978.17183493,2012.1373629977545,23491.508889370205,0.7050433,45.876,199.2376,195.1797,550.8416400292999,64.50662080836526,15861.193812353464
2455979.82874268,2012.141899363943,23491.46115079012,0.7051615,45.8685,198.763,195.6673,548.0508685072327,62.8865289805608,15858.15734568461
2455983.14265985,2012.1509723746747,23491.443679179938,0.7053474,45.853,197.828,196.6626,543.6786578239353,59.68054511708931,15853.418738439954
2455986.04228122,2012.1589111053256,23491.440236821913,0.7054757,45.8424,197.0009,197.5461,540.6636917418073,56.87900208275869,15850.152834122282
2455989.77080322,2012.169119242218,23491.354178281093,0.7055306,45.8446,195.9203,198.5839,539.348670065926,53.16127280154035,15848.697941109907
2455993.08490896,2012.1781927692264,23491.343071915515,0.7057749,45.8345,194.9718,199.591,533.6064644686494,49.953403078517454,15842.47225715271
2455998.05628432,2012.1918036531692,23491.300140415282,0.7059327,45.8345,193.522,201.054,529.8869057815436,45.06668485906357,15838.424695428872
2455999.71334069,2012.1963404262558,23491.277862875973,0.7060119,45.8383,193.0236,201.5597,528.019845478967,43.44074654794872,15836.39210596146
2456001.7848007,2012.2020117746747,23491.26753598791,0.7061082,45.8316,192.4252,202.173,525.7546004330525,41.41396111713004,15833.93139960515
2456004.68485665,2012.2099516951403,23491.19290994549,0.7062469,45.8265,191.5848,203.0325,522.4744399945084,38.57468974953201,15830.345915091431
2456007.99936916,2012.2190263358243,23491.13114419155,0.7063674,45.8169,190.6176,204.0247,519.6256148099401,35.33281910327105,15827.231953109165
2456009.65660233,2012.2235635929637,23491.07795192758,0.7064909,45.8136,190.1403,204.5149,516.7088477001062,33.712306533020524,15824.046284764778
2456014.62856677,2012.237176089719,23490.975270277017,0.7066789,45.795,188.7161,205.9586,512.2624063504518,28.831307701142123,15819.180294221851
2456016.70023201,2012.242848000027,23490.97111367469,0.7067719,45.7926,188.1128,206.5765,510.0765268177129,26.804019990272536,15816.803724157216
2456020.84361885,2012.2541919749492,23490.919870712707,0.7069446,45.7928,186.895,207.8287,506.0046190796593,22.754589018260504,15812.359626265445
2456023.74407587,2012.2621329934843,23490.86823835305,0.7070604,45.7878,186.0479,208.694,503.26924539584616,19.914022345651574,15809.36700515092
2456027.88766316,2012.2734775172073,23490.8691475997,0.7073006,45.7808,184.8346,209.9364,497.62700498094455,15.859093805353268,15803.229346993634
2456032.03138118,2012.2848223988503,23490.854924394374,0.7075214,45.7774,183.6114,211.1895,492.436061089973,11.804836413919304,15797.57385784561
2456034.93203785,2012.292763963997,23490.79153722055,0.7076669,45.7743,182.7571,212.0651,488.9996115294489,8.967172961074027,15793.80897161147
2456039.07593155,2012.3041093266256,23490.731852352466,0.7078533,45.7712,181.5359,213.3169,484.6034912496598,4.913442414780889,15788.998190892578
2456040.73349797,2012.3086474961528,23490.699314841942,0.7079267,45.7696,181.0518,213.8253,482.8697681936246,3.304001384996184,15787.097110009696
2456042.80553644,2012.3143204283097,23490.673142036,0.7079908,45.7882,180.4211,214.4509,481.356371667418,1.2566458085181011,15785.438116053589
2456045.7063857,2012.3222625207393,23490.60475537104,0.7081251,45.7901,179.5653,215.3228,478.181613913448,358.4135925338495,15781.952263038324
2456047.77847792,2012.3279356000553,23490.594039556963,0.7082013,45.785,178.9534,215.9581,476.38850297046974,356.39468398007176,15779.992772841839
2456051.50824166,2012.338147136646,23490.472789348547,0.7083301,45.7865,177.8468,217.0893,473.32754942201245,352.74313080743025,15776.610514180298
2456055.65257744,2012.349493709623,23490.469477233048,0.7085838,45.756,176.6489,218.3326,467.3670512712415,348.7037645357324,15770.103350026544
2456057.72470147,2012.3551668760308,23490.326992428483,0.7087292,45.7191,176.0084,218.9702,463.91003534623906,346.658524628932,15766.277661998765
2456061.86925132,2012.3665140350997,23490.332967135317,0.7089127,45.7332,174.8291,220.1876,459.6012995044093,342.6116473641349,15761.572199198927
2456065.59907254,2012.3767257290629,23490.24445094349,0.7091332,45.7332,173.7173,221.3314,454.39593466368933,338.9674375374013,15755.850751176324
2456067.67152407,2012.3823997921156,23490.19405618405,0.7093098,45.7257,173.113,221.977,450.2329082309525,336.96607483840387,15751.279808093821
2456071.81607672,2012.3937469588504,23490.08508493506,0.7094572,45.7036,171.8242,223.26,446.73879281527024,332.8752948138315,15747.418193654292
2456075.54608047,2012.4039591525532,23490.19892679977,0.7103281,45.7097,170.7869,224.4799,426.31425450405004,329.38150508081947,15725.080069558719
2456078.44770455,2012.4119033663242,23489.986440418685,0.7097721,45.7247,169.89,225.2496,439.31313563118965,326.3943881233231,15739.253460283999
2456081.76357834,2012.4209817339902,23490.000142787925,0.7099555,45.7054,168.9305,226.2432,435.0090464148534,323.1602757635034,15734.542857185472
2456085.49396712,2012.4311949818482,23489.912473945926,0.7101013,45.705,167.802,227.3982,431.55878931070674,319.510006534633,15730.730367804535
2456090.4679041,2012.4448128791244,23489.871497160297,0.7103391,45.6902,166.3251,228.9029,425.9610187517992,314.63536351520895,15724.577444488004
2456092.54043998,2012.4504871731147,23489.858314492296,0.7104826,45.6885,165.7029,229.5568,422.58640558019215,312.624317678747,15720.870351754762
2456096.68543437,2012.461835549267,23489.799674572543,0.7107564,45.6943,164.4412,230.8536,416.13792115219167,308.57400226381685,15713.770892815433
2456100.41606565,2012.4720494610542,23489.788894737863,0.7109476,45.6846,163.3391,231.9942,411.6435555173266,304.9354940204746,15708.83037108951
2456103.31769698,2012.4799936946754,23489.710578960818,0.7110371,45.6794,162.4714,232.885,409.51858905719746,302.09866991684555,15706.467885626409
2456107.46292793,2012.4913427184943,23489.720579446574,0.7112362,45.6654,161.2332,234.1472,404.84467545919506,298.0370213420383,15701.333582208441
2456112.43723968,2012.5049616418344,23489.712851797554,0.7115576,45.6615,159.7313,235.6925,397.29285028333015,293.1776089396567,15693.023799375698
2456117.41164725,2012.5185808275153,23489.711228342687,0.7118134,45.6481,158.2333,237.2396,391.2837138779014,288.32380209451026,15686.408089563824
2456120.31339944,2012.5265253920331,23489.670771937963,0.7119968,45.6456,157.3553,238.1344,386.964049264604,285.48055886803184,15681.635865305281
2456124.45883126,2012.5378749658041,23489.57446951169,0.7121433,45.6409,156.1052,239.4095,383.495091197884,281.41971231049166,15677.77946345066
2456128.60429956,2012.5492246394529,23489.462972925405,0.7122361,45.6371,154.8437,240.6943,381.28317399460775,277.3571297969388,15675.302196932425
2456131.50614624,2012.5571694626694,23489.441803658938,0.7123751,45.6291,153.9677,241.5909,378.0120498332208,274.5175934389669,15671.687874483512
2456136.48074974,2012.570789184777,23489.42102405726,0.7127191,45.6278,152.4438,243.1431,369.9257122700901,269.64279348027935,15662.758491630977
2456139.38260919,2012.5787340429567,23489.401673094526,0.71286,45.6211,151.5626,244.0418,366.6104964123606,266.80014453556925,15659.091515044274
2456141.45541275,2012.5844090698156,23489.403166623786,0.7129645,45.6179,150.9317,244.6899,364.15628263344206,264.77433486639944,15656.381548028334
2456145.18645594,2012.5946241093495,23489.307646165053,0.7130714,45.6107,149.8123,245.8369,361.6178578834333,261.1245206341884,15653.543892502648
2456148.50295612,2012.6037041919776,23489.25706162473,0.7131877,45.6105,148.7978,246.8733,358.8715431358305,257.87759088805115,15650.491385173727
2456151.40491537,2012.611649323395,23489.168490633645,0.713266,45.6023,147.9223,247.7536,357.0069379933484,255.0221435777774,15648.399424304267
2456156.37966058,2012.6252694334835,23489.081089286436,0.7135457,45.6005,146.3871,249.337,350.4119810747843,250.16710394594668,15641.075772882092
2456161.35447987,2012.6388897463924,23489.034012374654,0.7137728,45.5965,144.8667,250.8892,345.06413606676233,245.29559129873257,15635.141379027553
2456163.42730863,2012.6445648422455,23489.025181421614,0.7138434,45.596,144.2257,251.5442,343.40328322999176,243.2665567915908,15633.299661182155
2456168.4021322,2012.6581851668723,23488.951482247507,0.7139845,45.5952,142.7028,253.105,340.0679026707612,238.40113992600203,15629.580513907262
2456171.30410871,2012.6661303455442,23488.709869890437,0.7141183,45.5932,141.8217,253.9955,336.8560084110577,235.55027560407916,15625.938294332112
2456176.27884973,2012.679750444161,23488.40619125496,0.7142754,45.5936,140.2895,255.5503,333.0791636338463,230.66964010204288,15621.64703654747
2456178.35165244,2012.685425468693,23488.235948513797,0.7143879,45.6002,139.642,256.2239,330.38809455051796,228.65273127048954,15618.604467833002
2456181.25353143,2012.6933703803693,23487.97137066596,0.7145283,45.5964,138.7439,257.134,327.0148167353418,225.80456306702268,15614.771530306774
2456183.32629138,2012.6990452878301,23487.934622528424,0.7145625,45.6,138.0964,257.7948,326.20103881795694,223.77489638112456,15613.856086437632
2456184.1554057,2012.7013152791244,23487.937868824534,0.7146105,45.5995,137.84,258.0591,325.0745444148988,222.96559951519646,15612.607562390058
2456189.13000545,2012.714934990965,23487.7606876227,0.7148048,45.6021,136.2909,259.6392,320.460306858693,218.093503252579,15607.425543723448
2456191.20270242,2012.7206097259955,23487.51754773332,0.7148335,45.5966,135.6522,260.2842,319.71687277569345,216.05689864164418,15606.515727562408
2456194.10448901,2012.728554384695,23487.376081518432,0.7148702,45.5934,134.7622,261.1901,318.81454464813396,213.21272150982082,15605.46482812436
2456197.00624811,2012.7364989681314,23486.98136373839,0.7150446,45.5908,133.8608,262.1091,314.60586929661713,210.370271472716,15600.65413900669
2456199.07888123,2012.742173528351,23486.744865618806,0.7150961,45.5969,133.2119,262.7542,313.3289105197737,208.32362979363774,15599.153518643712
2456203.224115,2012.7535225598908,23486.14309791047,0.7153644,45.5973,131.9172,264.0441,306.856132359605,204.2331784393201,15591.751641135414
2456206.95470028,2012.7637363457357,23485.640031512266,0.7153128,45.5976,130.7492,265.2885,307.92480077913933,200.63261553513178,15592.764706420547
2456211.09960346,2012.7750844721702,23484.982320946147,0.7154048,45.599,129.4658,266.5906,305.57694062613336,196.56599001872343,15589.926280461847
2456214.00097223,2012.7830279869404,23484.524488628806,0.7155784,45.5998,128.5638,267.4624,301.3697302949877,193.6761247014499,15585.088845632015
2456216.48777039,2012.789836469241,23483.95258655018,0.7155252,45.5974,127.7795,268.3089,302.45641526834515,191.28727107328393,15586.09880381997
2456220.21787037,2012.8000489264066,23483.596041526594,0.7156413,45.603,126.6119,269.4761,299.6285416936471,187.61038649361603,15582.829632031966
2456223.11899356,2012.8079917688156,23483.01439728554,0.7156458,45.5982,125.6964,270.4524,299.35747252861165,184.81176322642938,15582.326118770774
2456226.01987109,2012.815933938645,23481.687646006598,0.7158166,45.5753,124.7948,271.3422,294.9695329801507,181.9407820878135,15576.983051556042
2456230.16398646,2012.8272799081722,23481.598757060277,0.7159228,45.6037,123.5053,272.6313,292.4505264291647,177.8558330580638,15574.148263623872
2456233.06469512,2012.8352216156602,23480.526121963547,0.7159165,45.5812,122.5956,273.6029,292.2937425688324,175.05871836235792,15573.601521127934
2456235.96539849,2012.8431633086652,23480.475454938965,0.7160558,45.6074,121.6832,274.5207,289.00851867227993,172.20510888052877,15569.925984747648
2456240.10895286,2012.8545077422584,23479.42467857341,0.7160436,45.5876,120.3995,275.8347,288.9966057988622,168.15141278697422,15569.548216589585
2456245.40289618,2012.869001769144,23478.376224993946,0.7160754,45.5941,118.7461,277.5165,287.95227833091576,162.96196310818777,15568.021488495286
2456250.88144754,2012.884001225298,23476.859080437174,0.7161693,45.6078,116.9977,279.2803,285.31704660183914,157.57755889268515,15564.560021442778
2456257.92415479,2012.903283106886,23475.187022680588,0.7162795,45.6172,114.7854,281.5265,282.25549966844846,150.66998152103344,15560.569189349664
2456262.06659839,2012.9146244993572,23474.344427737185,0.7162961,45.6198,113.4891,282.836,281.6267640923079,146.60028023139694,15559.57644033488
2456267.86587589,2012.9305020558247,23473.520319062092,0.716355,45.6242,111.6741,284.6886,280.0103709003679,140.9219599030679,15557.489349181064
2456272.8364522,2012.944110752088,23472.745870646133,0.7163576,45.625,110.1089,286.2786,279.7296733401581,136.04762924838377,15556.908049623891
2456281.94855151,2012.969058320356,23471.435087082496,0.7163582,45.636,107.2498,289.1635,279.3437966832371,127.09230467187336,15556.023612347211
2456284.92596524,2012.9772100348807,23471.377858304964,0.7164424,45.6262,106.379,290.082,277.3512741940949,124.20538744289911,15553.782745373195
2456294.24135795,2013.0027141901437,23470.008360414,0.7164827,45.6413,103.4627,293.0379,276.01710132200424,115.06349154822749,15551.820731806356
2456303.91604488,2013.0292020393708,23468.45997709609,0.7164916,45.6614,100.4336,296.1051,275.3692385705481,105.56596582652668,15550.56185699553
2456311.21106437,2013.0491747142228,23466.896560891346,0.7164762,45.6763,98.1537,298.4179,275.28738715084546,98.40870287978646,15549.928838610447
2456320.91306243,2013.0757373372485,23465.370064837974,0.7164393,45.7028,95.1161,301.4965,275.720461344501,88.88715859056776,15549.882653416604
2456328.98807069,2013.0978455049694,23463.932084695494,0.7163763,45.7289,92.5879,304.0571,276.7909344100499,80.96061821101603,15550.57753068597
2456334.97597591,2013.1142394959895,23462.762653694877,0.7163633,45.7469,90.7146,305.9535,276.7642719772566,75.08188144374361,15550.142466079944
2456343.01810249,2013.136257638576,23460.866644780057,0.7162483,45.7746,88.2023,308.5049,278.92449392963863,67.1944501126465,15551.892530824487
2456352.93816751,2013.1634172964,23458.53082805393,0.7160679,45.8137,85.0971,311.6515,282.4936209240914,57.45837329601193,15555.058364890163
2456359.00336972,2013.180022915045,23456.866820272622,0.7159574,45.8357,83.2048,313.5697,284.61313948396855,51.5062505837991,15556.841249623092
2456368.0009692,2013.204656999863,23453.548034610896,0.7157592,45.8679,80.3995,316.4152,288.3189561962281,42.678180049351,15559.814339636721
2456372.61788264,2013.2172974199593,23451.684736857173,0.7156329,45.8851,78.9581,317.875,290.75127873433667,38.14602881468471,15561.873633908928
2456379.23070513,2013.235402341218,23449.74149822296,0.7154399,45.9137,76.896,319.9632,294.7244857084752,31.654357161481244,15565.617428891901
2456386.26408233,2013.254658678521,23447.20054949452,0.715228,45.9386,74.7109,322.1741,298.96989488065356,24.747875732422244,15569.453383791848
2456393.62531097,2013.274812624148,23443.77706961475,0.7150145,45.9627,72.4267,324.4855,303.00023007269374,17.519655306771938,15572.740468647422
2456399.49531808,2013.290883827734,23441.432001478748,0.7148112,45.9838,70.6085,326.3203,307.09756278332316,11.750622015770489,15576.47398417633
2456408.93242777,2013.3167212259275,23438.45870347983,0.7144686,46.0201,67.6875,329.2676,314.279627446781,2.4754586661264284,15583.407472955827
2456417.26126082,2013.3395243280495,23435.616703895696,0.7142107,46.0459,65.1237,331.8506,319.51219287465847,354.28554190217267,15588.218383519355
2456425.1170041,2013.3610321809713,23433.339967651555,0.7139711,46.0719,62.7106,334.277,324.47615427341043,346.55601485033145,15592.924311575434
2456432.13926353,2013.3802580794793,23431.565546569553,0.7137256,46.0997,60.5565,336.4401,329.72106790487123,339.64369138746997,15598.112479046622
2456439.65482272,2013.4008345591244,23430.201977474437,0.7134739,46.1263,58.2613,338.7464,335.2280948180378,332.24725871518865,15603.729830348964
2456445.35944182,2013.4164529550173,23429.315860718663,0.7133321,46.1443,56.5258,340.4893,338.29647622891116,326.6320361937746,15606.813671809603
2456449.89416179,2013.4288683416569,23428.81712217222,0.713245,46.1575,55.141,341.8815,340.19415386849414,322.169897003555,15608.737435378465
2456458.15506049,2013.451485449665,23428.2602825898,0.7130725,46.2154,52.6322,344.3947,344.0758522327842,314.0321381206133,15612.832755383852
2456464.35728131,2013.4684662048187,23427.88359108458,0.7128193,46.2182,50.772,346.2651,349.8997092061827,307.92926626528015,15619.13367609355
2456468.65860604,2013.480242590116,23427.664382823095,0.7127177,46.2324,49.4769,347.5653,352.21700752549896,303.6948675582827,15621.615335341856
2456477.16154317,2013.5035223632306,23427.214628423615,0.7125585,46.261,46.9239,350.1287,355.8174136160269,295.3245492369706,15625.43152081251
2456490.43066311,2013.5398512337035,23426.875198131223,0.7122714,46.3085,42.9515,354.1277,362.4457031330194,282.272755866721,15632.623553063197
2456492.43549318,2013.5453401592883,23426.92383486051,0.7122639,46.3428,42.3242,354.7473,362.63539923980807,280.2890426562017,15632.849726783237
2456499.04975073,2013.5634490095276,23426.72071045993,0.7121304,46.3324,40.3807,356.7155,365.70442023181386,273.79455657009026,15636.16170187795
2456507.35860282,2013.5861974067625,23426.480114691058,0.7120194,46.3536,37.9069,359.2036,368.2354993168001,265.61943356553843,15638.866638666253
2456513.08521674,2013.6018760211914,23426.537199187173,0.7119954,46.3006,36.1936,0.926,368.81417543702355,259.9842323711082,15639.52421010812
2456518.04830178,2013.6154642074746,23426.54126284253,0.7118558,46.3777,34.7252,2.4115,372.0856909487493,255.10958530911194,15643.129357209411
2456526.34433461,2013.6381775074874,23426.326859052053,0.7117689,46.3903,32.2571,4.8948,374.0596595441175,246.94799730450285,15645.227986702515
2456534.14772719,2013.6595420320057,23426.15038596657,0.711735,46.3925,29.9178,7.2413,374.80294101065374,239.263968477978,15645.984516830214
2456539.94349617,2013.6754099826694,23426.157609945767,0.7116553,46.406,28.2078,8.9638,376.6720881925294,233.56400623902607,15648.044746884783
2456548.18915346,2013.697985361971,23426.071503056184,0.7116366,46.3882,25.7455,11.4378,377.0853272643926,225.44856969049246,15648.469424809522
2456555.63021059,2013.718357866092,23425.79196749182,0.7115524,46.4147,23.5268,13.6642,378.97717112229384,218.1221682069001,15650.453542771496
2456562.24653358,2013.7364723711983,23425.61543998349,0.7115295,46.416,21.5487,15.6448,379.46269877975556,211.60344636866617,15650.925927430588
2456572.15575895,2013.7636023516768,23425.396929719955,0.7114869,46.416,18.5798,18.622,380.3975869239857,201.84495339637505,15651.877983385468
2456584.95170517,2013.798635743107,23424.481151107222,0.7114665,46.4163,14.7434,22.461,380.6112322129957,189.23553248144836,15651.791858297498
2456590.72908446,2013.8144533455443,23424.144979629342,0.7114622,46.4142,13.0078,24.1957,380.6149593032942,183.54029560404288,15651.678051715988
2456599.82572331,2013.8393585853798,23423.429534925668,0.7114654,46.4103,10.274,26.9336,380.3335714879631,174.57850926324346,15651.117536143545
2456610.98340713,2013.869906658809,23422.310661857842,0.7114826,46.4073,6.9247,30.288,379.6078741515048,163.5863028287485,15649.926681376093
2456617.57417903,2013.8879512088433,23421.62830063776,0.7115072,46.4025,4.9445,32.2678,378.83482901022853,157.08986481640372,15648.836794535997
2456626.65548131,2013.912814459439,23421.16059213381,0.7115565,46.3931,2.2155,35.0032,377.5452352571474,148.14549460195906,15647.25370957828
2456634.92743899,2013.9354618452846,23420.482504621083,0.7116028,46.3857,359.7339,37.4931,376.26527698170776,140.00073569753124,15645.607301471478
2456639.04971125,2013.9467480116352,23420.0702225273,0.711628,46.3813,358.4989,38.7301,375.55619021064194,135.93971581131672,15644.682300239167
2456646.87458282,2013.9681713424234,23419.497080005724,0.7117262,46.3166,356.1058,41.1132,373.0911173421546,128.21731672761592,15641.767773063699
2456654.72762896,2013.9896718109783,23419.075302509547,0.711768,46.3535,353.7882,43.4504,371.99061259293285,120.49674804782751,15640.408256235176
2456660.98757063,2014.0068105972073,23418.65231948735,0.7118239,46.3424,351.9083,45.3355,370.55959268581955,114.3319850054175,15638.684225005602
2456668.00247681,2014.026016363614,23418.08841479619,0.7118972,46.3293,349.8021,47.4459,368.6805429503438,107.4221090989617,15636.417127912413
2456675.81382819,2014.0474026781378,23417.695892724245,0.7119852,46.3109,347.4471,49.7997,366.5066990037949,99.72183587036682,15633.884926702043
2456684.45108473,2014.0710501977555,23417.14544866318,0.712079,46.2894,344.8357,52.4147,364.1516347245515,91.21232880800113,15631.097187931147
2456691.88524193,2014.0914038108963,23416.446388803124,0.7121626,46.2738,342.5897,54.6627,361.9927457924805,83.88702807729862,15628.473046374269
2456701.89677285,2014.118813888706,23415.375444463465,0.712259,46.2508,339.5511,57.6983,359.4272457653624,74.01640006586729,15625.26995301451
2456710.45558601,2014.1422466420538,23414.280916665866,0.7123334,46.2315,336.9395,60.3086,357.370282742153,65.5793088606581,15622.618768361732
2456718.29185125,2014.1637011670089,23412.874517054894,0.7124017,46.2165,334.5484,62.7016,355.36660921830753,57.857579876807904,15619.916842559838
2456727.36155166,2014.1885326534157,23411.198566030555,0.7124251,46.201,331.7715,65.4769,354.3367865063792,48.91664477031969,15618.194501180224
2456734.38734123,2014.2077682169204,23409.88225669823,0.7124394,46.1888,329.61,67.636,353.62348766549803,41.98944190865575,15616.947109457515
2456739.33659161,2014.221318525969,23408.878439238375,0.7124331,46.1821,328.0853,69.163,353.4823052486172,37.11363065111874,15616.440124474375
2456747.59368668,2014.2439252202048,23406.566417901573,0.7124419,46.1716,325.5448,71.7094,352.6114666555832,28.98112072623252,15614.670536692447
2456754.63446355,2014.263201816701,23404.920940730113,0.7124077,46.1633,323.3716,73.8867,352.938744662737,22.045645987623686,15614.455722625764
2456761.19487113,2014.2811632337575,23403.3286423645,0.7123597,46.1558,321.3437,75.9157,353.60417168831646,15.58063584729382,15614.632361090431
2456769.44936066,2014.3037627944143,23401.144715941304,0.712285,46.1476,318.7933,78.4772,354.72405194705334,7.455894010863062,15615.102845557847
2456777.26948934,2014.3251731398768,23399.402302208,0.7122143,46.1397,316.3752,80.9089,355.87707112254157,359.76176964433506,15615.764058244591
2456785.92944956,2014.348882818782,23397.875697502728,0.7121036,46.1321,313.7035,83.5879,358.0278809585252,351.23358523848486,15617.600189679008
2456796.2331984,2014.3770929456539,23396.031666279105,0.7119281,46.1239,310.5246,86.7835,361.60299456518896,341.0946395645622,15620.893365494036
2456806.9340699,2014.4063903351125,23394.85229151622,0.7118174,46.1134,307.2416,90.0876,363.853059985101,330.56867935949856,15622.95832465674
2456813.14496374,2014.4233948357014,23394.360270347177,0.7116483,46.1112,305.3268,92.0082,367.66725436706747,324.45285914752634,15626.985236427248
2456819.32011396,2014.4403014755926,23393.822573634625,0.7115087,46.1077,303.4281,93.9171,370.777986237199,318.376668786673,15630.220171444653
2456827.96481177,2014.463969368295,23393.26896792727,0.7113431,46.1033,300.7858,96.5744,374.49220114808486,309.8712274137696,15634.111965409254
2456836.21544472,2014.486558370212,23392.98269727069,0.7111861,46.1011,298.2675,99.1046,378.082265431266,301.7510867237283,15637.959234393757
2456843.22763815,2014.5057567095143,23392.747915592903,0.7110117,46.1008,296.1262,101.2552,382.09415245573564,294.84898457485065,15642.286455881635
2456849.80233722,2014.5237572545377,23392.46853757113,0.7108389,46.1021,294.1237,103.2695,386.0556340394578,288.3805883663849,15646.540584413731
2456858.88320205,2014.5486193074603,23392.266094941522,0.7106554,46.1047,291.37,106.0395,390.28957633441587,279.44654931428545,15651.118851820283
2456865.06005258,2014.5655306025467,23392.18017061611,0.7104994,46.1088,289.4976,107.9237,393.91389470146623,273.37028308317076,15655.066819830596
2456871.24975863,2014.5824770941274,23392.137048084493,0.7103243,46.114,287.621,109.8134,397.99737389980874,267.2826461141102,15659.531859007395
2456879.88975233,2014.606132107679,23392.05183186276,0.7100888,46.1224,285.01,112.447,403.4815170375314,258.7894412355223,15665.515569354104
2456887.71653162,2014.6275606615193,23391.880309256827,0.7099062,46.1309,282.6522,114.8257,407.70314805748694,251.09606185308087,15670.08191821959
2456897.58268889,2014.654572727967,23391.811032752532,0.7096708,46.1404,279.682,117.8246,413.18948369021564,241.40041793189482,15676.066990846452
2456905.8531419,2014.677215994251,23391.795223900426,0.7093829,46.1535,277.1972,120.3403,419.9193917637913,233.27974206966576,15683.42795775378
2456912.042651,2014.6941619466118,23391.663870080938,0.7092337,46.1602,275.3428,122.2168,423.3712543471156,227.20129921974558,15687.15787420818
2456923.99764953,2014.7268929487473,23391.52879092364,0.7089142,46.1719,271.7658,125.8367,430.8055713290387,215.46103845097429,15695.238108349085
2456931.00440631,2014.7460764033133,23391.4334269841,0.7087173,46.1769,269.6726,127.9576,435.38358548218093,208.58269480724215,15700.206156308672
2456940.89027154,2014.7731424272138,23391.185125437456,0.7085077,46.1813,266.7258,130.9416,440.2140519395534,198.8761262030718,15705.39317679277
2456949.95427829,2014.7979583252288,23391.081539887105,0.7082978,46.1826,264.0279,133.6714,445.0936455644569,189.974302917645,15710.681987487591
2456959.8412456,2014.8250273664614,23390.931497094403,0.7080841,46.1815,261.0889,136.6456,450.04851981265983,180.26464807389993,15716.033505185544
2456969.73178507,2014.8521061877348,23390.6425349491,0.7079291,46.1803,258.1535,139.612,453.5897167608655,170.54727241545743,15719.792025783872
2456978.80099252,2014.8769363244903,23390.539790719955,0.7077769,46.1774,255.4648,142.328,457.1197483175356,161.63572318351345,15723.602659073917
2456990.74501406,2014.9096372732645,23390.34824867474,0.7076199,46.1755,251.9288,145.9052,460.7360599823469,149.90458162481553,15727.474280190161
2457000.21745193,2014.9355713947434,23390.046454220745,0.7075278,46.1765,249.1296,148.735,462.80204456813954,140.59889789235706,15729.6172773386
2457007.2217987,2014.9547482510604,23390.01503525969,0.707463,46.1778,247.0603,150.833,464.30852836976464,133.72392961825273,15731.246356330461
2457016.70471536,2014.9807110619026,23389.856400030767,0.7074067,46.1817,244.2648,153.6716,465.5789706111209,124.42041771503364,15732.573171941218
2457029.46791694,2015.0156548033947,23389.58122022775,0.7073695,46.1888,240.5105,157.4881,466.36854726585625,111.90287077794812,15733.335136482083
2457034.40918604,2015.02918326089,23389.550059821606,0.7073723,46.1914,239.0584,158.9679,466.2939380404596,107.06032607962106,15733.242895445652
2457043.48712089,2015.0540372919645,23389.5331625726,0.7073938,46.1954,236.3939,161.6903,465.7861184743515,98.17077489275539,15732.68417948786
2457050.49104436,2015.0732129893504,23389.35481172171,0.707427,46.1984,234.341,163.7868,464.95740532985565,91.31112383387676,15731.71894969618
2457057.70510568,2015.0929640128134,23389.184880446457,0.7074759,46.1969,232.2279,165.9442,463.76395688620596,84.24505538722883,15730.35954578725
2457072.99230088,2015.1348180722248,23388.88003982565,0.7076739,46.0995,227.7653,170.509,459.04378541007736,69.27979399903955,15725.11141469421
2457082.86163959,2015.16183884898,23388.535957688422,0.7078039,46.1785,224.8485,173.4807,455.90269154632097,59.607214367143456,15721.567564803488
2457090.03701707,2015.1814839618623,23388.324285364346,0.7079351,46.1687,222.7399,175.6283,452.7722935725078,52.573973729554496,15718.081073721141
2457094.46650873,2015.1936112490891,23388.20428630747,0.7080274,46.1616,221.4354,176.9557,450.5785148043369,48.231050327869696,15715.647079480606
2457104.0462784,2015.2198392290209,23387.896008848962,0.7082522,46.1454,218.6091,179.8329,445.2309072104654,38.839877552479265,15709.705951552025
2457115.15055699,2015.2502410868992,23387.33228372088,0.7085146,46.1283,215.3238,183.1665,438.92960565329395,27.943508716276142,15702.630121740993
2457120.30565907,2015.2643549871873,23387.096873015347,0.7086841,46.1997,213.8037,184.7079,434.8968739496504,22.883804612587653,15698.143539266412
2457126.29421646,2015.280750763751,23386.845410824557,0.7088156,46.1092,212.0144,186.5171,431.74824884370264,17.001225049611037,15694.615338644473
2457135.70804958,2015.3065244341683,23386.219064916102,0.7090894,46.0965,209.2094,189.3599,425.16271990618225,7.760503699394462,15687.196732529897
2457142.55186284,2015.3252617736894,23385.83359272195,0.7092861,46.0879,207.1668,191.4264,420.4505884912087,1.0389614717948916,15681.907517948679
2457149.92593648,2015.345450887009,23385.54427422789,0.7095496,46.1317,204.9762,193.6491,414.20438866719996,353.8029806767448,15674.970438717564
2457157.33498796,2015.365735764435,23385.115675441262,0.7097869,46.0723,202.7409,195.9128,408.53061402840285,346.5288248034587,15668.606658534241
2457163.91397992,2015.3837480627517,23384.78129982428,0.7100405,46.0749,200.7691,197.9201,402.5031933063992,340.0798974093543,15661.88462208428
2457172.00278831,2015.4058940131688,23384.498242579215,0.7103118,46.0595,198.3363,200.3872,396.0769037959353,332.1416552591981,15654.738795188401
2457181.33463892,2015.4314432277074,23384.263737937545,0.7107023,46.0505,195.527,203.2476,386.87741557873414,322.99503802531694,15644.56057636102
2457183.96085488,2015.4386334151404,23384.147836253564,0.7108132,46.0481,194.7357,204.0544,384.25058349309074,320.42207054944157,15641.635189448982
2457186.34052681,2015.4451486018067,23384.036302304805,0.7109152,46.046,194.0183,204.7866,381.83315764452436,318.09140334957,15638.940561720206
2457190.96595411,2015.4578123315812,23383.84264605744,0.7111107,46.0409,192.6232,206.2106,377.2056333296823,313.56136063077486,15633.787406695374
2457195.07638351,2015.4690660739498,23383.693361401885,0.7112901,46.0355,191.3825,207.4761,372.9674720010016,309.5348133780976,15629.075418637902
2457202.90655652,2015.4905039192886,23383.474992741547,0.7116475,46.0238,189.014,209.8892,364.54717284450726,301.8617890561202,15619.734670430873
2457214.84956697,2015.5232020998494,23383.171108585244,0.7122343,46.0034,185.3927,213.5865,350.7383022818085,290.16644405418924,15604.416491880926
2457223.5037581,2015.5468959838463,23382.909222681,0.7126412,45.9859,182.7602,216.27,341.1484347385449,281.68764581533185,15593.74686823632
2457230.90375645,2015.567156075154,23382.768876940114,0.7130036,45.971,180.5027,218.5656,332.63418971385636,274.4321129446272,15584.296713804386
2457240.79263089,2015.594230337823,23382.511496284824,0.7135075,45.9502,177.4748,221.6467,320.7778748493811,264.73857838365325,15571.10054560382
2457252.63680149,2015.6266579096239,23381.962860638807,0.7140486,45.9259,173.8321,225.3443,307.9687147476707,253.11955253543027,15556.730001807764
2457257.66680197,2015.640429300397,23381.737856144322,0.7142797,45.9173,172.2803,226.9153,302.500854778913,248.18105185709737,15550.592718450242
2457266.74182262,2015.6652753528267,23381.0884227473,0.7147336,45.9019,169.4714,229.7624,291.702622438801,239.27467298241754,15538.390326867951
2457272.78422491,2015.6818185486932,23380.526391459218,0.7150009,45.8931,167.5933,231.6666,285.29267909212376,233.34522247044333,15531.078768539648
2457280.74384138,2015.70361079091,23379.532392546884,0.7153224,45.8833,165.114,234.1721,277.4928706325045,225.52621527239694,15522.067450744718
2457287.64583854,2015.7225074292678,23378.50955749452,0.7156069,45.8763,162.9571,236.3527,270.55050643549293,218.74712546360843,15513.992805505042
2457295.5588201,2015.7441719920603,23376.986037200244,0.715976,45.869,160.4734,238.8678,261.4887822297633,210.9792828582814,15503.379352855045
2457302.55683804,2015.763331520985,23374.758216188067,0.7162005,45.8621,158.2765,241.0871,255.60839437506456,204.10425244539726,15496.057282065743
2457309.55376464,2015.7824880619846,23372.137616621807,0.7165087,45.878,156.0561,243.338,247.66137671501747,197.23839768553125,15486.291565669291
2457316.54872122,2015.8016392093632,23368.489665065466,0.7167279,45.8402,153.8584,245.5629,241.50484125139155,190.3711846292781,15478.161312853708
2457318.6130392,2015.8072910039705,23367.247803932376,0.7168224,45.8649,153.2044,246.2304,238.94485172284112,188.35003857065112,15474.874860675007
2457325.60701859,2015.8264394759478,23361.601192643455,0.7170614,45.8477,150.9832,248.4791,231.7624352048706,181.48408865875342,15464.902696759242
2457335.47163994,2015.853447337276,23352.821585656766,0.7173903,45.835,147.8469,251.6703,221.59760247598206,171.81615858064993,15450.510365449523
2457341.58063539,2015.8701728552767,23344.58039639293,0.7174674,45.8388,145.8946,253.6334,217.46869530192544,165.80577210042406,15443.04611751106
2457344.14668491,2015.8771983159759,23341.039251545826,0.7175327,45.8376,145.0771,254.4581,214.9440365781693,163.28380624870238,15438.999615278324
2457349.06747985,2015.8906707182746,23335.761384171303,0.7176976,45.8342,143.4998,256.06,209.60514457887984,158.45834142114836,15431.2052965174
2457352.35131998,2015.8996613825595,23331.90169385485,0.717787,45.8302,142.4432,257.1335,206.42967272785972,155.2386022785617,15426.319603705459
2457358.09580359,2015.9153889215333,23323.12756475302,0.7178665,45.8296,140.6,258.9969,202.09931079024682,149.59688824802424,15418.4437352061
2457363.017278,2015.9288631841198,23316.536888156472,0.7179531,45.8253,139.0187,260.5938,198.22064804017919,144.76175371684872,15411.826935264675
2457365.88714632,2015.9367204553598,23312.46524050716,0.717993,45.8256,138.0952,261.5284,196.14208507970307,141.9442360704453,15408.094457556903
2457368.7562852,2015.9445757295,23308.347919278513,0.7180373,45.8202,137.1779,262.4573,193.94841185915175,139.12793737998004,15404.217231021288
2457372.85352079,2015.9557933491858,23300.78170898358,0.7181034,45.8186,135.8524,263.797,190.2748411046623,135.10379429311047,15397.492350655772
2457375.31091441,2015.9625213262418,23296.37158894629,0.7181499,45.8167,135.0621,264.5968,187.94836198167104,132.6912225529573,15393.365005392747
2457378.17689221,2015.9703679458173,23289.531297811358,0.7181606,45.8158,134.1373,265.534,185.7712272563731,129.8788395057436,15388.566121771046
2457397.39362392,2016.0229804898568,23253.72733361146,0.7182276,45.8121,127.9029,271.8225,174.12225973730256,110.99242365159051,15363.163655033863
2457399.02700082,2016.027452432087,23250.25838905022,0.7182535,45.8124,127.3722,272.3583,172.54262521053806,109.38762444865858,15360.197272409672
2457401.06823215,2016.0330410188906,23245.915786709895,0.7182628,45.8127,126.708,273.0293,171.1029251834434,107.38253319935961,15357.086173992755
2457403.10889471,2016.0386280484872,23241.639144165507,0.7182595,45.8137,126.0446,273.7001,169.97473329676086,105.37860254459503,15354.34678812477
2457405.14897219,2016.0442134762218,23236.883276782988,0.7182575,45.8144,125.3777,274.3737,168.6812866090313,103.37454856017928,15351.256934173009
2457407.18840193,2016.0497971305408,23231.914109779224,0.7182186,45.8147,124.6772,275.0716,168.184982533342,101.36183300530558,15348.986395612497
2457410.04233411,2016.0576107710062,23223.146623989036,0.7181839,45.817,123.7793,275.9884,166.52031130075648,98.56782243777218,15344.096420224994
2457412.8947737,2016.0654203249824,23215.437091826134,0.7181411,45.819,122.8452,276.9275,165.34126172131346,95.76138300634875,15340.115322680693
2457414.11682623,2016.0687661224647,23212.39845312102,0.7181238,45.8194,122.4492,277.3275,164.88636885163123,94.56089591274451,15338.557170713217
2457415.74586124,2016.073226177249,23208.19958728922,0.7181109,45.8205,121.9161,277.8642,164.00219428132914,92.95887619036023,15336.117843886972
2457418.18850934,2016.0799137832716,23200.852377185554,0.7180684,45.8228,121.1206,278.6664,162.91713206372515,90.55803802224341,15332.36683240006
2457419.81626504,2016.0843703354965,23195.01163867402,0.7180245,45.8241,120.5861,279.2054,162.28870432092663,88.95817922127907,15329.646979516647
2457421.03667604,2016.087711638713,23190.816101834807,0.7179917,45.8244,120.1853,279.6096,161.86632449106037,87.75871006332375,15327.725665713142
2457422.66336233,2016.0921652630523,23184.932463168887,0.7179497,45.8265,119.6536,280.1453,161.1808567165226,86.15940530119883,15324.926922763485
2457424.69586361,2016.0977299482824,23177.680268955362,0.7179018,45.8287,118.9854,280.8176,160.24558404782238,84.16021861834918,15321.375886003761
2457425.91491307,2016.1010675238053,23173.513781828347,0.7178834,45.8313,118.5889,281.2185,159.49661818255663,82.96309143005635,15319.098854247737
2457428.35200106,2016.1077399070768,23164.67076512473,0.7178378,45.8332,117.7879,282.0266,158.05816536327802,80.56813345235287,15314.435116232018
2457431.19341528,2016.115519275236,23153.25326595027,0.7177508,45.8372,116.8481,282.9743,156.85091171185013,77.77546091502336,15309.140558292123
2457432.00485279,2016.1177408700614,23149.745089956738,0.7177217,45.8381,116.5784,283.2482,156.5343894263342,76.97988677790238,15307.574508490567
2457434.03258059,2016.1232924862145,23140.23602653501,0.7176241,45.8427,115.9033,283.9278,156.10867420524755,74.98580496275156,15303.812753546026
2457435.65383317,2016.127731233867,23131.45514636916,0.7175348,45.8458,115.3715,284.4651,155.69480421019307,73.39335580784643,15300.315277141775
2457437.67914661,2016.1332762398636,23121.282491068407,0.7173682,45.8416,114.6417,285.1851,156.6733887591472,71.38735364908388,15297.892354538179
2457439.70304157,2016.1388173622718,23110.480044292784,0.7172999,45.8532,114.0354,285.8139,155.19871956957468,69.41504958213238,15292.508899095445
2457440.9167325,2016.14214026694,23104.60428682201,0.7172399,45.8523,113.6343,286.2191,154.9239186022196,68.22290390159384,15290.169669285386
2457444.95879444,2016.153206829405,23081.92063287978,0.7170281,45.8644,112.3017,287.5571,153.3986371351948,64.24434141423353,15280.618126270308
2457446.57377832,2016.1576284142918,23070.809221448235,0.7168819,45.864,111.7611,288.1053,153.62737223890417,62.66017085492888,15277.02750812741
2457447.78427095,2016.1609425624918,23062.540303287118,0.7167878,45.8664,111.3587,288.5115,153.45647688261215,61.47087750295458,15273.973861471444
2457449.39737253,2016.1653589939215,23053.93746333634,0.716694,45.8674,110.8269,289.0497,153.1825069879642,59.88736218824613,15270.688970693132
2457451.41238856,2016.1708758071454,23042.095825012602,0.7165604,45.8732,110.1502,289.7293,152.90612380324183,57.90420942761739,15266.278730633076
2457452.62058452,2016.174183667406,23033.515433385262,0.7164631,45.8766,109.7497,290.1327,152.71526208421346,56.71627973383653,15263.092814867781
2457456.64295274,2016.1851963114036,23002.459609249217,0.716125,45.8854,108.404,291.4896,151.68692157562145,52.762927894677546,15251.180355486513
2457457.84797659,2016.1884954868995,22991.807000767953,0.7160029,45.888,108.0,291.8984,151.47021197779668,51.58002471618141,15247.24387694951
2457458.65083914,2016.1906936047644,22984.051703569,0.7159114,45.8904,107.7298,292.1709,151.3707707945323,50.79100228483992,15244.442341599663
2457459.45332076,2016.1928906796984,22977.39800791603,0.7158339,45.8904,107.4659,292.4398,151.26128005726605,50.00505530860187,15242.011390193595
2457460.65630769,2016.1961842784117,22964.93690878005,0.7156749,45.8954,107.053,292.8543,151.37168308257878,48.82095977181615,15237.808550813883
2457463.05940788,2016.2027636081589,22941.3331604057,0.7153705,45.9004,106.2487,293.6662,151.64388677969328,46.46000106277029,15229.912968937377
2457465.05918395,2016.2082386966463,22921.198212609586,0.7151162,45.9048,105.5763,294.3442,151.74174736142686,44.494569207323195,15223.023517751608
2457467.05636258,2016.2137066737305,22901.852850645108,0.7148588,45.9093,104.9032,295.0227,152.12550405636648,42.53149745704263,15216.72176023461
2457469.84809634,2016.2213500242026,22873.855504696086,0.7145065,45.9155,103.9678,295.9667,152.20076652995067,39.78849128710016,15207.06120120184
2457471.83912326,2016.2268011588233,22854.284443173983,0.7142637,45.9194,103.2923,296.6463,152.16237594009544,37.830182823593134,15200.20232278197
2457474.22470452,2016.2333325243528,22827.730267744384,0.7139281,45.924,102.4883,297.4566,152.23587038114601,35.48519123300639,15191.028872952851
2457475.81273026,2016.237680301876,22808.679617571353,0.7136957,45.9266,101.9515,297.9989,152.0867518330333,33.9254913246553,15184.219564973007
2457478.58704772,2016.2452759691166,22777.231589228853,0.7132725,45.9358,101.0105,298.9438,152.7223705006163,31.19495111800063,15173.94595897743
2457480.56543801,2016.2506925065293,22758.295296761946,0.7130141,45.9404,100.3369,299.6223,153.17355820699413,29.249897649480545,15167.829602555588
2457482.54122216,2016.2561019087207,22736.68082362698,0.7127257,45.9453,99.6635,300.3029,153.52776793086377,27.309712860567515,15160.665274961413
2457484.51409746,2016.2615033469133,22713.44634986631,0.7124367,45.9487,98.9885,300.9828,153.41728674050955,25.37009511121488,15152.415975339052
2457485.69631277,2016.2647400760295,22698.202747985175,0.7122462,45.955,98.5835,301.3924,153.35779390317475,24.20947262937318,15147.01511217121
2457488.843061,2016.2733554031488,22658.245292344694,0.7117166,45.9631,97.5011,302.4834,153.85969091112202,21.116554866422575,15133.570898320817
2457490.02102987,2016.2765805061465,22645.127579851847,0.7114964,45.9672,97.0918,302.8946,155.06452924654423,19.957417787243912,15130.29768539918
2457492.76588495,2016.2840955097874,22616.04887686911,0.7110876,45.9736,96.1503,303.8435,155.92065953355814,17.259416476557647,15121.036054661541
2457493.94053843,2016.287311535743,22601.76408193416,0.7108894,45.9762,95.7484,304.2478,156.27327478643474,16.104047132529956,15116.407640477539
2457496.67753957,2016.2948050364676,22573.193317220997,0.7104821,45.9829,94.8079,305.1958,157.20722549585662,13.413886871663465,15107.393656695831
2457498.23907236,2016.2990802802467,22555.19857155311,0.710236,45.9841,94.2702,305.7374,157.54825888751566,11.878699111196568,15101.439714000137
2457499.40904719,2016.302283496756,22542.16691919997,0.7100474,45.9894,93.8663,306.1427,158.02360785602195,10.726941167868972,15097.375771762463
2457503.69074054,2016.3140061342647,22499.07640064817,0.7094379,45.9998,92.3856,307.6303,159.24258703277428,6.513691664731255,15083.53530832904
2457507.96158001,2016.3256990554692,22463.76181444631,0.7088083,46.0781,90.901,309.111,163.1246911437065,2.3003400310829534,15075.324805069298
2457515.31454284,2016.3458303705402,22400.936617232466,0.7079807,46.0307,88.3462,311.691,163.3695303085924,355.0782666055668,15053.395470644833
2457521.48185753,2016.3627155579188,22350.803805149968,0.7070932,46.0389,86.2034,313.9042,168.5661199943006,349.0699991492326,15041.305724649892
2457526.0949048,2016.3753453930183,22317.406337633452,0.7066527,46.0577,84.5805,315.4735,168.61459214766091,344.46965851340053,15029.516343925832
2457530.3148394,2016.3868989442844,22289.58417987767,0.7061931,46.0685,83.1074,316.949,170.6973301789003,340.3127800576081,15021.901923160065
2457532.23056911,2016.3921439263786,22278.94697808102,0.7060102,46.073,82.4376,317.6189,171.64686629664266,338.42468650370154,15019.153365417686
2457536.05863309,2016.40262459436,22264.11837243249,0.7057561,46.0743,81.099,318.9607,172.94471996618813,334.6548460303931,15015.290249708438
2457539.1185091,2016.411002078302,22252.31127589889,0.7055274,46.0908,80.0281,320.0339,174.55965742326316,331.6412518112676,15012.841281444385
2457541.02959285,2016.4162343404512,22243.84113530486,0.7053815,46.0968,79.3591,320.7055,175.31080952181492,329.7602374375886,15010.641348189496
2457544.08515121,2016.4246000033127,22231.816136112597,0.7051499,46.1073,78.2883,321.7814,176.91691091441317,326.7536988074298,15008.0998225278
2457545.9937297,2016.4298254064336,22225.027249006638,0.7050139,46.1128,77.6201,322.4505,177.93781057819797,324.8734536839083,15006.786951325616
2457548.66431511,2016.437137070801,22216.965962471797,0.7048315,46.1198,76.6867,323.3841,179.6122176938552,322.24145451163304,15005.726201678763
2457553.23951079,2016.4496632738944,22205.17781220552,0.7045795,46.1331,75.0878,324.9846,181.72843187065973,317.733621397967,15003.81224814681
2457556.28767889,2016.4580087033262,22197.42290156522,0.7044102,46.1426,74.0223,326.0509,183.1954959890836,314.730066802533,15002.631854073079
2457561.99914781,2016.4736458530049,22186.904565193858,0.7041377,46.1592,72.0298,328.0433,186.13231453875505,309.10059291823416,15002.050002626524
2457566.94627821,2016.487190357864,22179.539311456534,0.7039546,46.1745,70.3042,329.7716,188.01428727587427,304.22727116898784,15001.451595305078
2457569.98952618,2016.4955223167149,22175.888724533434,0.7038472,46.1859,69.2445,330.8347,189.31523825900513,301.23116598266813,15001.551238722408
2457572.27152204,2016.5017700808762,22173.511192254427,0.7037642,46.1934,68.4507,331.6317,190.45152684644472,298.985170884587,15001.927354368861
2457574.93338955,2016.5090578769339,22170.94713610237,0.7036573,46.2027,67.5244,332.5606,192.06203586984338,296.36416430382815,15002.747562070856
2457577.97496378,2016.5173852533335,22168.074906610113,0.7035472,46.2118,66.4685,333.6176,193.65157667430503,293.3674087999739,15003.434332286943
2457579.87560197,2016.5225889170981,22165.564547041202,0.7034831,46.2187,65.8092,334.2767,194.3281862385602,291.49388984464076,15003.266182684838
2457581.77599169,2016.5277919005882,22163.83232692343,0.7034308,46.2255,65.1495,334.9379,194.9737221298201,289.6223157882092,15003.342459379062
2457584.05615943,2016.5340346596308,22161.659807672026,0.7033784,46.2258,64.3593,335.7313,195.490690807369,287.37812253287893,15003.122680999797
2457587.09580636,2016.5423567593698,22158.60649051499,0.7032271,46.244,63.3057,336.7846,197.93760814895631,284.38186662691186,15004.665918030343
2457588.61540935,2016.5465172056126,22157.403741359278,0.7031803,46.2489,62.7786,337.3109,198.61763128913844,282.8833059794442,15004.967860211353
2457592.79374952,2016.557956877536,22154.594071632368,0.7030827,46.2649,61.3318,338.7627,199.94595434509029,278.7700240869761,15005.392601647585
2457596.97126805,2016.5693942999312,22151.37124458659,0.7029541,46.2789,59.8874,340.2135,201.83770758234277,274.65895202473223,15006.275112776892
2457600.00896112,2016.5777110502947,22149.545357820367,0.7028749,46.2877,58.8375,341.2701,203.04957939691303,271.67162189389336,15006.92534436806
2457603.04628014,2016.5860267765643,22148.15317715796,0.7027814,46.2972,57.7903,342.3222,204.70677990044078,268.6828604369046,15008.209363503933
2457606.84243346,2016.5964200779194,22145.718508188722,0.7026732,46.3101,56.4792,343.6364,206.37931774052686,264.9443719490199,15009.136029049954
2457607.98117131,2016.5995377722381,22145.020953909516,0.7026516,46.314,56.0866,344.0305,206.65024861146685,263.8235019943018,15009.177502763936
2457611.77654689,2016.609928944257,22142.102324042593,0.7025475,46.3254,54.7774,345.3449,208.08739154227987,260.0878800674345,15009.676954138302
2457614.81228762,2016.618240349404,22139.994157663383,0.7024463,46.334,53.732,346.3939,209.70087959112334,257.09937421456834,15010.655579745096
2457617.46822817,2016.6255119183304,22138.682604435813,0.7023874,46.3416,52.8169,347.3114,210.61459048091365,254.48400940105205,15011.167310416236
2457622.77938862,2016.6400530831486,22135.710641104662,0.7022693,46.3559,50.9884,349.1517,212.34432417354037,249.26099006647786,15011.96017214407
2457626.95163684,2016.651476076222,22132.758086532413,0.7021552,46.3679,49.5516,350.5967,213.99060573162933,245.15691256004283,15012.66952921077
2457629.98550633,2016.6597823581935,22131.27364560589,0.7020781,46.3731,48.5075,351.6459,215.25479391883164,242.17175105036478,15013.494420167066
2457631.88150403,2016.6649733169884,22130.10783341189,0.7020242,46.3773,47.8552,352.3007,216.1002857471749,240.3055058842222,15013.983854668202
2457637.94725089,2016.6815804268037,22123.633117180274,0.7018641,46.3919,45.7669,354.3973,217.7129706603464,234.3352463506406,15013.391865931917
2457642.49495097,2016.6940313510477,22119.90210791502,0.7017292,46.3986,44.1986,355.9679,219.58459764949748,229.8552136228315,15014.060667501673
2457644.7683664,2016.7002556232721,22118.303888722254,0.7016775,46.4002,43.4154,356.7529,220.25141184334552,227.6162756220262,15014.202139725458
2457648.93552982,2016.7116646949216,22114.50056973549,0.7015906,46.4065,41.9783,358.1964,221.03854631442664,223.5154098281841,15013.680856344468
2457652.72293276,2016.7220340390422,22110.347933896486,0.7014695,46.4124,40.6738,359.5094,222.47692388008545,219.79094594483342,15013.73165314178
2457654.61621919,2016.7272175747842,22108.143850942535,0.7017778,46.3994,40.0111,0.0476,215.00299714455468,217.80037307766855,15004.927287962102
2457659.9160458,2016.7417277092397,22102.683005997962,0.7012731,46.4219,38.1944,1.9934,224.52967606445327,212.70582467365816,15013.177992913586
2457664.83525119,2016.7551957595888,22095.678829994715,0.7011454,46.4264,36.4926,3.696,225.25895846653748,207.8581265480721,15011.442357744729
2457667.86121635,2016.7634804006843,22090.82351450878,0.7010354,46.4283,35.4463,4.7432,226.2379156857114,204.87655575360037,15010.745428755561
2457672.77645175,2016.7769375817938,22084.210407398627,0.7009,46.43,33.7449,6.4406,227.2510328529297,200.02797055422474,15009.452277609102
2457676.55589851,2016.7872851430798,22078.422761812326,0.7007973,46.4345,32.4394,7.7498,227.78740207570536,196.30654849124969,15007.944867062424
2457679.57831421,2016.7955600662829,22073.359179980027,0.7007007,46.4348,31.3908,8.8003,228.4046512165969,193.32947613816305,15006.783787443415
2457685.62016607,2016.8121017551534,22065.208092703706,0.7005343,46.4362,29.294,10.8943,229.63668712717845,187.37166814472877,15005.16843676613
2457690.14934556,2016.8245019727858,22058.290440540695,0.7004297,46.4412,27.7273,12.4577,229.8723847599067,182.9042897971263,15002.930588458534
2457692.79042866,2016.8317328642297,22053.979768963978,0.7003604,46.4432,26.8109,13.3723,230.10937638045925,180.29936887732725,15001.632057215718
2457694.67642289,2016.8368964350166,22050.785697399486,0.700297,46.4432,26.1556,14.0266,230.55032586771904,178.43948339402758,15000.953209097976
2457697.69317282,2016.8451558461873,22046.228036920842,0.7002157,46.4443,25.1097,15.0677,230.97673968868912,175.46129537257136,14999.76751090748
2457699.95519023,2016.8513489123345,22044.093527966124,0.7001752,46.4441,24.3209,15.8548,231.22963320373765,173.2300915595954,14999.268880293479
2457707.49273336,2016.871985580725,22034.951441505622,0.7000422,46.447,21.7067,18.4684,231.41925750085647,165.8002909390039,14996.17811845091
2457712.76593022,2016.8864228068994,22028.763828407293,0.699932,46.4474,19.8752,20.2978,231.990804462519,160.60078951620312,14994.558693455429
2457716.90788644,2016.8977628649964,22025.11685536112,0.6998963,46.4471,18.436,21.7328,231.68276122623683,156.5141686012972,14992.915547601242
2457719.91945012,2016.9060080769887,22021.197243882332,0.6998522,46.4476,17.3894,22.7782,231.4776061173443,153.5446922841213,14991.283857807088
2457724.81178862,2016.9194025698014,22016.53257371642,0.6997754,46.446,15.69,24.4745,231.7683853309818,148.7195748714959,14989.912641094588
2457730.8310955,2016.9358825338807,22011.749372865466,0.6997369,46.4396,13.5886,26.5645,231.17980311964038,142.77538780295572,14987.560191596553
2457731.95952213,2016.938971997618,22010.875152026078,0.6997251,46.4432,13.2078,26.9534,231.1770351871155,141.6712808575271,14987.242041322192
2457736.84848902,2016.9523572594662,22006.95563854548,0.6996947,46.4408,11.5085,28.6545,230.6691151200921,136.8543865921779,14985.286949079726
2457740.60846419,2016.9626515104444,22005.038676924007,0.6996735,46.4386,10.2034,29.9598,230.55994820521846,133.14865624002783,14984.479267299523
2457742.86420123,2016.9688273818754,22003.59348115297,0.6996787,46.4371,9.4204,30.742,230.01149893138518,130.92454252484896,14983.373098740267
2457746.99917553,2016.9801483245174,22000.918705361153,0.6996847,46.433,7.9824,32.1795,229.07620127614518,126.84850317378908,14981.410891939944
2457751.88492623,2016.9935247809176,21997.747226101725,0.6996554,46.4254,6.283,33.8768,228.76829152463142,122.03087886963715,14979.93881651602
2457754.89106859,2017.0017551501435,21996.375137685107,0.6996727,46.4235,5.2402,34.9179,227.97565488809505,119.06624594837956,14978.598542957357
2457757.89688765,2017.0099846342225,21994.57374924371,0.6996775,46.4189,4.1935,35.9638,227.32907480724498,116.10283167988669,14977.259256214427
2457762.02937096,2017.0212987569057,21992.42263836993,0.6996927,46.414,2.7581,37.4016,226.3487629877518,112.03214751390789,14975.437855099253
2457765.40998364,2017.0305543699933,21990.652456613378,0.6996947,46.408,1.5804,38.5816,225.773183179017,108.702426802394,14974.185556254282
2457767.6635266,2017.0367242343607,21989.972720413713,0.6996956,46.4034,0.7957,39.3664,225.54926382020858,106.4813756301669,14973.70158819589
2457770.66808189,2017.0449502584254,21988.78116124254,0.6997239,46.3973,359.7477,40.4123,224.5691508513819,103.51790696687311,14972.226356317493
2457773.67239642,2017.0531756233265,21987.296081551016,0.6997562,46.3912,358.7009,41.4578,223.41302724998604,100.55547560242945,14970.457461042126
2457775.92543187,2017.0593440982066,21986.156072073813,0.6997621,46.3873,357.9149,42.2419,222.94102815168844,98.33292464565989,14969.542861358004
2457779.68003905,2017.06962365243,21984.1956520172,0.6997645,46.3791,356.6021,43.5515,222.29967368120924,94.62908512520005,14968.151790253372
2457783.4341554,2017.0799018628334,21982.368587534893,0.6998069,46.3728,355.2944,44.8568,220.81907163472079,90.92652937996513,14965.913292435438
2457784.93566903,2017.0840127831077,21981.484408361473,0.6998117,46.3687,354.7672,45.3839,220.44813602253544,89.44649808125263,14965.198740574973
2457789.81492106,2017.0973714471188,21978.330320764806,0.6998284,46.3583,353.0593,47.0925,219.13427771248462,84.63807903726172,14962.659734525212
2457793.56748097,2017.1076453962223,21976.30105199601,0.699842,46.3513,351.7439,48.4061,218.22627116501917,80.9376573599933,14960.959274546263
2457795.81876663,2017.1138090804375,21975.135036470878,0.6998383,46.3465,350.9548,49.1956,217.95759027666008,78.71913104250825,14960.252248030049
2457798.82023695,2017.1220266583168,21973.431370643375,0.6998621,46.3388,349.9019,50.2466,216.92324737902345,75.75890300598144,14958.53431149691
2457803.3216865,2017.1343509555106,21969.93014987915,0.6998803,46.327,348.314,51.8298,215.4725456026854,71.31745601621259,14955.724088279288
2457805.19694642,2017.1394851373573,21968.579752722177,0.6998725,46.323,347.6534,52.4883,215.2386197351252,69.46705055135118,14954.987707414652
2457808.19696903,2017.147698751622,21966.30588304576,0.6998709,46.3173,346.5974,53.5401,214.59131500322928,66.50594941605704,14953.477293519798
2457811.94632218,2017.1579639210947,21963.26735952518,0.699889,46.311,345.2746,54.8602,213.28183053446173,62.80778840588232,14950.984546341102
2457816.81891498,2017.1713043531283,21956.324923635966,0.6998442,46.3009,343.5528,56.5794,212.1819725138912,58.002632873762195,14947.3084375477
2457818.69233956,2017.176433510089,21953.72129971854,0.699823,46.2977,342.8895,57.2442,211.86589858561274,56.157636367950204,14946.0326320986
2457822.81284927,2017.1877148508424,21949.385340392917,0.6997836,46.2898,341.4273,58.7042,211.42914910553736,52.09415369674258,14944.003534775477
2457826.55775737,2017.1979678504317,21945.329824490374,0.69977,46.2841,340.0992,60.0281,210.5100732067449,48.39887384459223,14941.56083345932
2457829.55285143,2017.2061679710614,21940.95064127885,0.6997443,46.2782,339.0333,61.0921,209.75919346263072,45.44493041793169,14939.180881971588
2457833.66947435,2017.2174386703623,21934.210978756306,0.6996619,46.2719,337.5721,62.5526,209.54295035881023,41.38677866957971,14936.520076368202
2457838.1580548,2017.2297277338803,21926.44092339315,0.699592,46.2646,335.9677,64.1535,208.74196491468956,36.95921580309863,14932.86361753184
2457841.14919853,2017.237917039096,21921.12205745045,0.6995419,46.26,334.8989,65.223,208.24238324965245,34.01176592547739,14930.412428641146
2457845.25959853,2017.2491707009717,21909.540857300366,0.699385,46.2544,333.4281,66.6975,208.2003248173487,29.964147650203472,14926.189443213727
2457850.11315647,2017.2624590183984,21896.819123668356,0.6992079,46.2475,331.6885,68.4385,208.25390752836483,25.181753376587494,14921.655156808527
2457853.09787188,2017.2706307238332,21888.67747449457,0.6990982,46.2434,330.6178,69.5084,208.20615169486973,22.239139420077038,14918.664915903038
2457858.31703161,2017.2849200044075,21873.726332133047,0.6989049,46.2365,328.7402,71.3878,207.9355173462318,17.096798413313422,14912.977052277969
2457862.41370423,2017.296136082765,21860.81770410512,0.6987084,46.2333,327.2669,72.861,208.34444337815785,13.058910204532879,14908.748163001934
2457865.39088682,2017.3042871644625,21851.325901148706,0.6985772,46.2301,326.1974,73.9292,208.35153683676617,10.123220793506732,14905.324857921598
2457869.10928649,2017.3144675879257,21837.12421763981,0.6983769,46.2275,324.8535,75.2766,208.44480160959392,6.461768346714621,14900.28881526165
2457873.19582789,2017.3256559285153,21824.959251719898,0.6981716,46.2222,323.376,76.7592,209.25623101181372,2.439065734517783,14896.750416245704
2457876.53682224,2017.3348030725253,21815.185470820754,0.697999,46.2179,322.1702,77.968,210.07152737333763,359.1490938908898,14894.079200296143
2457885.06604386,2017.358154808651,21794.656166300967,0.6976514,46.2093,319.085,81.0566,211.44747936246404,350.74586888560503,14888.105509709592
2457888.02991382,2017.3662694423542,21787.785911318893,0.6975203,46.2078,318.0046,82.1402,212.22664611996606,347.8278007524986,14886.442819532176
2457890.99231592,2017.374380057276,21780.655904923984,0.6973816,46.2054,316.9351,83.2092,213.0909408986472,344.90747938062947,14884.775204549922
2457893.95330247,2017.3824867966325,21773.6970776146,0.6972516,46.203,315.8631,84.2843,213.81565233249694,341.9921532122854,14883.020548377388
2457896.9129689,2017.3905899216977,21767.674886297635,0.6971399,46.2004,314.789,85.3629,214.423892831589,339.0795281888578,14881.481187931193
2457899.87149028,2017.3986899117867,21762.67763614665,0.6970222,46.1979,313.7169,86.4402,215.47189230891217,336.1687317567372,14880.77880849654
2457902.45932459,2017.4057750159889,21757.386571303752,0.6968935,46.1958,312.779,87.3814,216.66899277487937,333.62139424401107,14880.126876378987
2457905.4155693,2017.4138687728948,21751.489512770593,0.6967568,46.1935,311.7074,88.4562,217.85498461899624,330.71084175786575,14879.242202850048
2457908.00146322,2017.4209485645995,21747.395435265607,0.6966607,46.191,310.7721,89.3937,218.7034081566644,328.1643167441591,14878.653856106943
2457910.21739588,2017.4270154575765,21744.45624203278,0.6965877,46.1895,309.9667,90.2001,219.39918064452104,325.98123527248305,14878.322855807703
2457912.43290284,2017.4330811850512,21741.835217608277,0.6965139,46.188,309.1638,91.0056,220.2084770345864,323.8001733815529,14878.22721213208
2457915.75541046,2017.4421777151535,21738.305079917194,0.6963944,46.186,307.9632,92.2083,221.73485677130793,320.5275225447327,14878.559428720062
2457917.2318438,2017.4462199693355,21737.129666490076,0.6963528,46.1847,307.4293,92.7431,222.28225926664527,319.0732110391933,14878.711281369111
2457919.81525873,2017.4532929739362,21734.48304026013,0.696405,46.1906,306.4949,93.6791,220.34407860777264,316.528529382962,14875.699800218516
2457923.87393253,2017.4644050171942,21730.215273233724,0.6961443,46.181,305.0282,95.1513,224.71347299912304,312.5336938100971,14878.76866869914
2457928.30032529,2017.4765238200953,21726.829251294286,0.6960075,46.1792,303.4265,96.7615,226.65684117407818,308.179424765667,14879.591255901112
2457929.77555655,2017.480562783162,21725.739051198296,0.6959454,46.1793,302.8917,97.2982,227.67459691647582,306.7272980617051,14880.270047893462
2457932.35694452,2017.487630238248,21724.12540005689,0.6958559,46.1775,301.9623,98.2303,229.12826808744376,304.1857142307751,14881.218619525138
2457934.20066564,2017.492678071568,21723.365660936284,0.6958061,46.1773,301.2972,98.8966,229.9790215262865,302.36969423555274,14881.840721256338
2457937.15037955,2017.5007539481182,21721.684525608158,0.6957253,46.1764,300.2324,99.9649,231.22274252406442,299.46587867744364,14882.542325979493
2457939.36239674,2017.5068101211223,21720.36506302977,0.6956561,46.1762,299.4335,100.7658,232.324312706226,297.2876563960033,14883.22511535834
2457941.9428808,2017.5138751014374,21719.392480801685,0.6955814,46.176,298.5065,101.6955,233.6507518561757,294.7469634825527,14884.271221101157
2457944.15458837,2017.5199304267492,21718.707995973633,0.6955194,46.1764,297.708,102.4943,234.7889418388486,292.56734637031525,14885.223231824013
2457946.73471681,2017.5269944334286,21717.63418628074,0.6954544,46.176,296.7807,103.4239,235.87363384137825,290.0266039656808,14885.976811855695
2457949.31468701,2017.5340580068716,21716.95117424033,0.6953886,46.1775,295.8514,104.3567,237.0946009169902,287.4872175261764,14887.016213379517
2457951.15745462,2017.5391032296238,21716.336792161375,0.6953426,46.1778,295.1898,105.0214,237.9064046242238,285.6740373354098,14887.648788185039
2457954.84260871,2017.549192631649,21714.553878546933,0.6952373,46.178,293.8676,106.3525,239.649769321436,282.05075260633794,14888.83797658646
2457958.15893121,2017.558272227817,21713.690834782927,0.6951197,46.1801,292.6746,107.5498,241.94027581586852,278.7863979858684,14890.938482908836
2457959.26432001,2017.5612986174124,21713.508270613853,0.6950813,46.1805,292.2777,107.9505,242.71841431482335,277.7006977315609,14891.692204018587
2457962.21194763,2017.5693687820128,21712.87044649918,0.6949957,46.1819,291.2207,109.0108,244.38255152516922,274.798738475408,14893.213656660695
2457967.00156183,2017.5824820310193,21711.973698928403,0.6948705,46.1855,289.5026,110.736,246.8273787671751,270.08506883303136,14895.46276632211
2457969.58044456,2017.5895426271318,21711.57803070256,0.6947927,46.1872,288.5805,111.6617,248.39580949004448,267.54685423252187,14896.970650927622
2457972.89595962,2017.5986200126486,21710.785788335084,0.6946986,46.1889,287.3954,112.8519,250.19699627880345,264.2840954465073,14898.578634600772
2457976.94805209,2017.6097140372078,21710.299459645663,0.6946041,46.1938,285.9463,114.3084,252.10014274800233,260.29764660521374,14900.405036455022
2457979.52657521,2017.6167736487612,21709.961248204894,0.6945345,46.1956,285.0264,115.2363,253.50786766353121,257.7641864459581,14901.763505811796
2457982.84169077,2017.6258499405062,21709.524877849686,0.6944472,46.1987,283.8423,116.4309,255.26981309662824,254.507221417773,14903.458632907079
2457986.89327986,2017.6369425868852,21708.905955331797,0.694311,46.2027,282.3978,117.8873,258.03745257942137,250.52576872135063,14906.144689477664
2457989.8397582,2017.6450096049284,21708.40837510998,0.6942211,46.2063,281.3489,118.9432,259.8369336919159,247.62864222576934,14907.855789497384
2457992.04953642,2017.6510596479673,21708.037021397133,0.6941649,46.2083,280.5606,119.7378,260.9433732426951,245.456926731796,14908.883763083408
2457996.10062449,2017.6621509226286,21707.48319270196,0.6940511,46.213,279.1176,121.1915,263.24430457565177,241.47476785373652,14911.100709385048
2457999.04672985,2017.6702169195075,21707.01965223221,0.6939612,46.2157,278.0711,122.2451,265.053945945564,238.57810897729792,14912.833543729925
2458001.62445054,2017.6772743341278,21706.587534318904,0.6939009,46.2187,277.1545,123.1693,266.2306083262347,236.04503971400106,14913.912244731095
2458004.57029833,2017.6853396258177,21706.1220694052,0.69383,46.2221,276.1079,124.2265,267.6270939897904,233.15213470561616,14915.209505425375
2458007.88420054,2017.6944125955918,21705.41091364549,0.6937384,46.2247,274.9317,125.4157,269.39757507053037,229.89886558695196,14916.809518702692
2458009.72516685,2017.6994528866524,21705.066390233053,0.6936902,46.2262,274.2779,126.0772,270.33824497900696,228.0920608051331,14917.67159716599
2458013.77508323,2017.7105409534015,21704.36544668259,0.6935671,46.2296,272.8414,127.5291,272.79534648674144,224.1157567754808,14919.995528417458
2458016.72031794,2017.7186045665715,21703.96015957064,0.6934837,46.2312,271.7983,128.5832,274.48126345900164,221.22385603427256,14921.617227371278
2458020.40171445,2017.7286836809042,21703.505493116754,0.6934018,46.2334,270.4924,129.9018,276.11941787971045,217.6080748745328,14923.170326069485
2458024.45100166,2017.7397700250785,21702.849753833434,0.6932987,46.2363,269.057,131.3531,278.155933205393,213.63289097169582,14925.067433374248
2458028.86805399,2017.7518632552772,21701.952175764047,0.693188,46.2375,267.4951,132.9257,280.2830509505184,209.29002810025406,14926.97043738176
2458032.91671328,2017.7629478803015,21701.26810521087,0.6931071,46.2386,266.062,134.3754,281.82880248567017,205.3161630914458,14928.341230449774
2458037.70112832,2017.776046894784,21700.644603749322,0.6930021,46.2392,264.3692,136.0875,283.9160219973746,200.61981787777881,14930.301511286603
2458041.7491754,2017.7871298436687,21699.883773154947,0.6929003,46.238,262.9404,137.5332,285.8914967707515,196.64685627925405,14932.093725576604
2458047.63671586,2017.8032490509518,21699.106817836553,0.692799,46.238,260.8577,139.6348,287.85101354620565,190.86284165739085,14933.862701867049
2458049.84440175,2017.8092933655025,21698.690219038646,0.6927573,46.2375,260.0772,140.4222,288.62786936102475,188.693788419106,14934.524074056337
2458054.62738163,2017.8223884507318,21697.83668536293,0.6926663,46.2354,258.388,142.1243,290.3401305083262,183.99245773656605,14936.00514174451
2458059.77782235,2017.8364895889122,21697.225943989608,0.6926023,46.2341,256.5681,143.961,291.54105156273454,178.93284799163695,14937.039186053873
2458064.5599584,2017.849582363861,21696.559976552006,0.6925286,46.2303,254.8805,145.6653,292.93537117441156,174.2361490100658,14938.255261725199
2458068.6060304,2017.86065990527,21695.858015829093,0.6924627,46.2286,253.4519,147.1068,294.1492953714369,170.26113410275724,14939.268960882739
2458072.65182426,2017.871736685175,21695.38008249662,0.6924183,46.2268,252.0233,148.5477,294.96558792044925,166.28579333703794,14939.948305114815
2458074.49071622,2017.8767712969743,21695.04569920944,0.6924018,46.2272,251.3723,149.2017,295.22070599456583,164.47633308923594,14940.09276307874
2458078.90379511,2017.8888536484876,21694.431747332514,0.6923511,46.2254,249.8154,150.7693,296.13176319192553,160.1373865444981,14940.821257204147
2458082.58109398,2017.8989215440931,21693.99503907879,0.6923194,46.224,248.5185,152.0754,296.6851100207841,156.52214412648948,14941.240245655634
2458085.15506193,2017.9059686842709,21693.72772314924,0.6923037,46.2243,247.61,152.9904,296.94345362044623,153.9916736624707,14941.412579356836
2458092.14096705,2017.925095050103,21692.992087953095,0.6922598,46.2226,245.146,155.4777,297.6694237451029,147.12948196293917,14941.902478631253
2458096.55270386,2017.937173727201,21692.549384957176,0.6922293,46.2218,243.5912,157.0496,298.19480899283826,142.79825820759004,14942.28984189021
2458100.59651873,2017.948245088925,21692.11314395337,0.6922228,46.2224,242.1651,158.4895,298.20154552916483,138.82636798704254,14942.136877500263
2458106.11037199,2017.9633411964137,21691.55974496582,0.692211,46.2244,240.2226,160.4522,298.28718234328426,133.41196929104285,14942.023487086799
2458110.88868012,2017.9764234910883,21691.229659461576,0.6922107,46.2246,238.5418,162.1494,298.192093024918,128.7187432082153,14941.802919270005
2458113.46146716,2017.9834673981106,21690.914964452895,0.6922148,46.2257,237.6362,163.066,298.0063005171269,126.1939366801692,14941.49309692727
2458116.76916882,2017.992523391705,21690.60421832308,0.6922269,46.2258,236.4728,164.2438,297.6482011463713,122.94817898621864,14941.004437966714
2458118.9742181,2017.9985604876108,21690.493331473856,0.692232,46.2271,235.6969,165.0309,297.503451641046,120.7860244601128,14940.81231158877
2458122.64916391,2018.0086219408904,21690.155784452698,0.692237,46.2282,234.4047,166.3439,297.2911146905153,117.18470127948706,14940.466327883565
2458125.22151824,2018.0156646632167,21689.99409216324,0.6922555,46.2291,233.5002,167.2623,296.84008689572966,114.66322124195108,14939.935084665312
2458127.79379328,2018.0227071684603,21689.855280752403,0.6922804,46.2293,232.5961,168.1803,296.2572910510162,112.14181935427337,14939.274325280025
2458131.83577534,2018.0337735122243,21689.543029701177,0.6923109,46.2304,231.1754,169.6222,295.4996742200292,108.17913559920282,14938.366968965702
2458134.04041452,2018.039809485339,21689.37379422113,0.6923286,46.2313,230.401,170.4076,295.063700391328,106.01718527795646,14937.848634603499
2458138.08212632,2018.0508750891715,21689.04772862879,0.6923735,46.2327,228.9821,171.849,293.9895410910249,102.05606789827618,14936.604806440282
2458140.28661339,2018.0569106458313,21688.824506583744,0.6923997,46.2324,228.2085,172.6354,293.352624872512,99.89606750076484,14935.85627334765
2458141.38883305,2018.0599283587958,21688.755296148538,0.6924139,46.232,227.8215,173.0286,293.02335539667274,98.81589083352753,14935.486220128043
2458143.96062794,2018.0669695494594,21688.588469882423,0.6924469,46.2317,226.9178,173.9467,292.25631853659615,96.29546219464407,14934.62207823326
2458148.00187725,2018.078033887064,21688.160247501633,0.6924977,46.2314,225.4984,175.3926,291.0228588753216,92.338800656937,14933.173697643375
2458150.5735056,2018.085074621766,21687.917367033973,0.6925329,46.2294,224.5953,176.3131,290.1847578815714,89.82153616428764,14932.20710263866
2458153.1450785,2018.0921152046537,21687.676621007777,0.6925894,46.2282,223.6918,177.2328,288.8853826699724,87.30312632463091,14930.758143492722
2458155.34922715,2018.0981498347705,21687.487794840512,0.6926364,46.2271,222.9168,178.0211,287.80802357823995,85.14395948257527,14929.560569102114
2458158.65537364,2018.1072015705404,21687.187968607657,0.6927035,46.2245,221.7542,179.2029,286.26065759524226,81.90453460544484,14927.82982840638
2458160.12474886,2018.1112245006434,21686.982505594322,0.6927285,46.2236,221.238,179.7277,285.6553449677267,80.46487976835783,14927.120404303081
2458162.69611557,2018.1182645190147,21686.627969679277,0.6927751,46.2218,220.3339,180.6455,284.53580932191926,77.94417315468473,14925.817547252684
2458164.90010543,2018.124298714387,21686.376037797516,0.6928268,46.2208,219.5587,181.4328,283.33722393358494,75.78396282071833,14924.46930850363
2458166.36941116,2018.1283214542361,21686.224041902537,0.6928587,46.2192,219.0422,181.957,282.59874432119796,74.34347647496793,14923.639726931664
2458170.4099003,2018.1393837106098,21685.665487842878,0.6929335,46.213,217.6195,183.4015,280.8051015227056,70.38286418049688,14921.555210460836
2458172.98102654,2018.1464230706092,21685.209013737112,0.6930004,46.2118,216.7133,184.3208,279.21419313368915,67.86179458065465,14919.720291081036
2458173.71562521,2018.1484342921567,21685.13802417475,0.6930124,46.2112,216.4545,184.584,278.9321777101486,67.14215482362249,14919.398628285744
2458176.28670147,2018.1554735153186,21684.70832372775,0.693072,46.2067,215.5484,185.5071,277.50785638511024,64.62503448527565,14917.747884317432
2458178.85772509,2018.1625125943597,21684.14125381594,0.6931317,46.202,214.6405,186.4285,276.03926351836526,62.10446603050747,14916.000217869803
2458180.32684446,2018.1665348239833,21683.952291918566,0.6931841,46.1989,214.1212,186.9538,274.84503800205766,60.66246336604689,14914.678515452057
2458182.53050899,2018.1725681286514,21683.667208630446,0.693257,46.1979,213.3429,187.7433,273.1768305769283,58.50167368548614,14912.824235875898
2458184.73412949,2018.1786013127717,21683.27979322835,0.6933157,46.1943,212.5641,188.5334,271.7851850903817,56.34102740218634,14911.222391472616
2458186.20318438,2018.1826233658596,21682.879530003916,0.6933543,46.1918,212.044,189.0593,270.82547149372203,54.89888829056713,14910.068908376183
2458188.03948688,2018.187650888104,21682.547382436405,0.693398,46.1911,211.3944,189.7154,269.7760925497678,53.09548028259701,14908.84615467774
2458190.2429983,2018.19368377358,21681.933517051173,0.6934522,46.1885,210.6144,190.5039,268.4127193983004,50.932141511175246,14907.19066850455
2458193.18097085,2018.2017275040382,21681.342019014934,0.6935359,46.1849,209.5734,191.5569,266.4166686495946,48.04839854626539,14904.878995415369
2458195.01716623,2018.2067547330046,21680.994516785355,0.6935815,46.1813,208.9229,192.2141,265.3215183415941,46.24529611837744,14903.602100819322
2458197.22051487,2018.2127871728126,21680.206868268553,0.6936279,46.1776,208.1409,193.0035,264.0742066658604,44.081017787482665,14902.004366616697
2458199.05659014,2018.2178140729359,21679.650136398926,0.6936664,46.1755,207.489,193.6608,263.06897302357356,42.27673374304857,14900.745163229505
2458200.89260212,2018.2228407997811,21679.075266942844,0.6937165,46.173,206.8366,194.3219,261.80674952268964,40.47581207879057,14899.209318015539
2458203.8301493,2018.2308833656398,21677.962249878434,0.6937961,46.167,205.7911,195.3795,259.74028496555,37.592588369678765,14896.631756735258
2458206.03323158,2018.236915076195,21677.29552825437,0.6938534,46.1637,205.0069,196.1705,258.2940231702805,35.42797256985932,14894.868590913064
2458207.50189526,2018.240936058207,21676.83147265967,0.6939061,46.1613,204.4832,196.6993,257.0095851091419,33.98551904552107,14893.349340742512
2458209.70486668,2018.2469674652425,21676.209618665584,0.6939887,46.161,203.6985,197.4907,255.0287844803588,31.82091251267252,14891.040367705622
2458211.90774853,2018.2529986270504,21675.52236942387,0.6940607,46.1578,202.9122,198.2844,253.25784083588042,29.65709426186163,14888.927727290033
2458213.00916973,2018.256014153949,21675.029514906604,0.6940891,46.1569,202.5195,198.68,252.49148643164244,28.574404578340648,14887.942023251533
2458217.781726,2018.2690807008896,21673.083971906293,0.6942132,46.1524,200.8151,200.3978,249.20669390051535,23.883847679771407,14883.777466734873
2458221.08558252,2018.2781261670634,21671.775275086653,0.6943051,46.149,199.6336,201.5892,246.81487554008618,20.637379857201722,14880.78388585521
2458222.55389247,2018.2821461806159,21671.241329162647,0.6943434,46.146,199.1077,202.119,245.8216424513339,19.194074978268702,14879.544087153945
2458224.75620912,2018.2881757949901,21669.747230509063,0.6943863,46.1433,198.3184,202.9144,244.43532918062738,17.02951380354466,14877.540159244105
2458226.95840044,2018.2942050662284,21668.598099075098,0.6944438,46.1439,197.53,203.7086,242.83819448060876,14.864776157762549,14875.440173233148
2458228.79345371,2018.2992291682688,21667.791728011376,0.6944928,46.1414,196.8707,204.3754,241.53008100791612,13.063599423257699,14873.769254412355
2458230.99539212,2018.3052577470773,21665.97302479618,0.6945495,46.1404,196.0807,205.1735,239.74599341050543,10.901411052178105,14871.227814258964
2458233.93102727,2018.3132950780832,21664.16685092682,0.6946367,46.1377,195.0257,206.2361,237.30518134962222,8.015571890015735,14867.999349484633
2458235.7656473,2018.318317993977,21663.350389721472,0.6947033,46.1367,194.3654,206.9031,235.61308492567878,6.214022168325641,14865.919854651247
2458237.23330103,2018.3223362108968,21662.562645475755,0.6947643,46.1371,193.838,207.4348,234.0511728856436,4.771764077201851,14863.987681326946
2458239.80149707,2018.3293675484465,21660.993894189425,0.6948419,46.1337,192.913,208.3681,231.89144086244596,2.248782559226015,14861.140774273388
2458240.90208658,2018.332380798303,21660.062196417424,0.6948738,46.1337,192.5175,208.7668,230.9161697565023,1.1672126109185683,14859.773666196641
2458243.10313579,2018.3384069426152,21658.98072334809,0.6949301,46.1315,191.7242,209.5669,229.36678337372905,359.0046006585204,14857.74699798416
2458245.6708525,2018.3454369678302,21657.17717240314,0.6950078,46.1294,190.8006,210.5011,227.1338116010138,356.4843915810952,14854.736564788678
2458248.9717446,2018.354474317865,21654.116983228938,0.6950811,46.1295,189.6093,211.7035,224.61323099748552,353.2420455685745,14850.964669852865
2458249.70519372,2018.3564823921145,21653.47196156351,0.6950921,46.1289,189.3448,211.9697,224.1783635092106,352.52083883877503,14850.271227914565
2458251.53866754,2018.3615021698565,21651.44242239388,0.6951376,46.1307,188.6833,212.6385,222.5744003528116,350.7210188516804,14847.840848310854
2458254.10519975,2018.3685289520877,21649.33487717419,0.6952028,46.1273,187.7564,213.5748,220.52035242503734,348.20077724841343,14844.907370848488
2458255.9382125,2018.373547467488,21647.587443682703,0.6952522,46.1265,187.0923,214.2488,218.91834876992834,346.40401170435814,14842.581525444677
2458257.77106497,2018.378565544066,21645.91081940048,0.6953001,46.1259,186.4299,214.918,217.37056208024478,344.6043041361711,14840.338507820295
2458261.80281642,2018.3896038779462,21643.178305324036,0.6954565,46.1221,184.9693,216.3954,213.15297222744994,340.64730393935577,14834.89436133987
2458264.00163562,2018.3956239168238,21641.29614144199,0.6955345,46.1216,184.1725,217.2024,210.89175035220524,338.4902899434203,14831.823075194334
2458265.83378705,2018.400640074059,21639.379105396136,0.6956011,46.1211,183.5081,217.8741,208.8668963655682,336.69177333871266,14828.988222330143
2458268.3985367,2018.4076619759064,21637.63172331396,0.695684,46.1186,182.5762,218.816,206.54123551201155,334.1738886736846,14825.897289665616
2458270.96294055,2018.414682931006,21635.106211359936,0.6957552,46.1165,181.6466,219.7582,204.23226225396138,331.6589448378379,14822.54044338441
2458271.69555027,2018.4166887071044,21633.865299261146,0.6957722,46.118,181.3809,220.0267,203.48694549056108,330.93966544238583,14821.301930091944
2458274.62549242,2018.4247104515264,21630.397789586743,0.6958425,46.1146,180.3164,221.1039,200.9114156862288,328.0645374504668,14817.320501332573
2458280.11740988,2018.4397465020666,21623.679240934907,0.6959775,46.1108,178.3201,223.1275,195.94872202713213,322.67885925604196,14809.634502653427
2458282.67959162,2018.4467613733605,21621.427106748695,0.6960626,46.1077,177.3852,224.074,193.42403911472138,320.16510559026733,14806.147873499634
2458286.70510993,2018.4577826418347,21617.414999331668,0.6961974,46.1036,175.9146,225.5634,189.29058207595972,316.2162489395013,14800.320485532222
2458288.53451839,2018.4627912892265,21615.221146796655,0.6962692,46.1019,175.2462,226.242,187.07211109346463,314.4233358784761,14797.177696096329
2458292.55821906,2018.4738075812727,21610.283191004906,0.6964128,46.095,173.7745,227.7296,182.46906516424315,310.4733707418453,14790.515596704785
2458295.48366749,2018.48181702256,21605.36565211933,0.6964767,46.0914,172.7039,228.8148,179.59558043791185,307.60457187836835,14785.689556293477
2458298.40806061,2018.489823574565,21599.789078797923,0.6965332,46.0898,171.6345,229.8975,176.68257241775427,304.73551315663724,14780.582088256937
2458301.69702571,2018.4988282702527,21595.858313580295,0.6966204,46.085,170.4294,231.1162,173.60655683066398,301.50742270904135,14775.899609960532
2458304.61995606,2018.5068308174123,21593.153036532334,0.6966992,46.0809,169.3552,232.2013,171.0842905026866,298.63740573156826,14772.24776753549
2458311.55855752,2018.525827672882,21581.783040965474,0.6968367,46.073,166.8031,234.7829,164.66826658312857,291.8280377624758,14761.327714327725
2458311.92360394,2018.5268271155094,21581.226143593198,0.6968499,46.0709,166.6651,234.9221,164.21456355289138,291.46943841660146,14760.645163323943
2458313.7486601,2018.5318238469545,21578.954002673152,0.6968983,46.0689,165.994,235.6011,162.4813424320373,289.67851509635375,14757.985096825005
2458315.57343744,2018.5368198150313,21576.318184019186,0.6969735,46.0663,165.3198,236.2797,160.05988218968923,287.88436658870586,14754.463936080894
2458318.12745341,2018.543812329665,21571.020044782254,0.6970396,46.061,164.3744,237.2345,157.0285611752497,285.37646132067385,14749.330470740053
2458320.68046764,2018.550802101684,21564.743834529614,0.6970652,46.0577,163.4288,238.1902,154.57506056446073,282.87024339379093,14744.45418275416
2458329.42660958,2018.5747477332784,21548.52404625188,0.6971851,46.0475,160.19,241.4554,147.07785421335848,274.2762160197723,14730.62640365635
2458337.43370257,2018.5966699591236,21524.734166287526,0.6971529,46.0408,157.2101,244.4614,140.5670205310953,266.4103147154789,14715.098116085439
2458341.43228229,2018.6076174737575,21512.81417697272,0.6971354,46.0281,155.7141,245.9672,137.33356058317258,262.47900944727166,14707.348131246179
2458347.24067858,2018.6235199961122,21484.443887276564,0.6970124,46.0218,153.5332,248.165,131.38379074059685,256.77100139957764,14690.752524845808
2458353.39522912,2018.6403702371522,21437.147421073387,0.6965577,46.0168,151.2203,250.4927,126.80101888957779,250.71971462524135,14668.73184710676
2458361.32400811,2018.6620780509513,21344.120203909286,0.6954868,46.0263,148.2093,253.5252,121.43004447706971,242.92640165751573,14629.228438071957
2458372.38963622,2018.6923740895822,21156.521713281672,0.6931111,46.0212,143.9509,257.8025,114.56537641512841,232.03872775036274,14553.520463890907
2458378.67745233,2018.7095891918686,20914.60177101314,0.6917998,46.0407,141.5187,260.8668,67.74814874660387,226.47339092729874,14415.81660178203
2458413.95556293,2018.8061753947436,15110.157060089943,0.571605,46.1336,123.9567,278.1114,94.97943375723025,191.38495789231598,12052.872870660198
2458421.07472875,2018.8256666084878,12241.626927734962,0.4711217,45.9677,117.3477,284.8736,96.19453877469005,184.52132094440265,10606.104730529467
2458423.97565063,2018.8336088997398,11105.049130706662,0.4173768,46.0232,113.5866,288.6464,91.9229606895342,181.67379609367424,9954.498721672664
2458425.15880675,2018.8368482046546,10597.163760440664,0.3891566,46.0539,111.7361,290.5164,95.07124178436152,180.52714632435197,9647.97088415111
2458426.01500022,2018.8391923346198,10206.81103057805,0.365941,46.0916,110.3255,291.9583,93.58409523728733,179.71455953683278,9401.799724067825
2458426.70282203,2018.8410754881043,9887.650516418844,0.345813,46.0214,109.0706,293.2784,90.2361283844948,179.101824282491,9193.597091480126
2458427.69607382,2018.8437948632989,9347.415470985961,0.3075946,46.0137,106.9949,295.4295,94.0646481542226,178.19824921243537,8831.307604648608
2458428.24133848,2018.845287716577,9051.997034512746,0.2848554,46.0387,105.7614,296.6925,95.35049844780406,177.6903220322315,8624.68669169001
2458428.96462152,2018.8472679576184,8580.496931251728,0.2452302,46.0202,103.9175,298.6175,98.16365270148071,177.05853525736183,8281.719778310382
2458429.19835648,2018.8479078890618,8423.467748429755,0.2315375,46.009,103.2327,299.3662,94.98278462770122,176.89205993770338,8162.380092878462
2458429.67329537,2018.8492082008756,8006.611305589707,0.1898984,45.9999,101.7952,301.1907,108.03232923631003,176.81094768475975,7840.325621619833
2458429.98802745,2018.8500698903495,7701.282552659528,0.1596395,46.0001,100.6762,302.1539,93.71735659423757,176.34493947417275,7588.510874987531
2458430.2552662,2018.8508015501707,7448.8318086086165,0.1312103,46.029,99.5749,303.4461,93.33205235153764,176.27244193857615,7375.279138865979
2458430.63283565,2018.8518352789868,6969.379101311748,0.0716163,46.0325,97.8424,307.2843,92.12165677847588,178.00599956479545,6948.930763253601
