jd,year,a_km,e,i_deg,raan_deg,argp_deg,hp_km,azimuth_deg,lambda
2452564.75122907,2002.7919267051886,82912.38276795957,0.9129212,51.7878,104.4438,300.347,841.7744965745987,199.23718613211304,29773.153319377976
2452564.9,2002.7923340177958,83063.07745345688,0.9149269,51.502,104.823,300.085,688.2971945056834,199.20775359352098,29450.357099033718
2452567.50848674,2002.79947566527,82994.92005916272,0.9129797,51.8395,104.2212,300.4652,844.1065420243613,196.4151605028414,29791.869781138495
2452570.16956911,2002.8067613117319,82105.83396121502,0.9124263,52.0038,103.9119,300.4512,812.175371569253,193.4690277765598,29574.79054790306
2452570.20833333,2002.8068674423826,83053.15220660024,0.9158991,51.867,104.0079,300.5822,606.7085484120689,193.65782074227957,29262.557395345353
2452570.3,2002.807118412046,82098.32021496419,0.9149518,51.659,104.427,300.117,604.1780573063188,193.52137166342794,29103.645983428505
2452573.0,2002.8145106091717,83099.67120300661,0.9155454,51.9998,103.568,300.8455,640.0131915814463,190.72968069815204,29346.152337915297
2452575.75,2002.8220396988363,82120.60097403686,0.9143632,52.1493,103.3449,300.79,654.4091814933963,187.74060841889127,29221.368948903197
2452581.0,2002.8364134154688,82123.35837684786,0.9145375,52.3321,102.7704,301.0673,640.3312152813596,182.2688704312115,29189.866770283545
2452583.75,2002.8439425051336,82123.992107621,0.9145141,52.6118,102.1155,301.451,642.3070769128781,179.28719815195075,29194.45492470121
2452586.41666667,2002.8512434405743,82105.58921085081,0.9138459,52.7482,101.6661,301.7053,695.5968434305623,176.4637613932441,29312.217472050626
2452591.83333333,2002.8660734656544,82096.73937317205,0.9141414,52.9072,101.2095,301.914,670.57480714543,170.877052364456,29254.15240347506
2452594.54166667,2002.8734884782198,82088.17656698539,0.9143907,53.0901,100.8944,302.0742,649.3750341760224,168.05274784088272,29204.71059369927
2452597.25,2002.8809034907597,82087.58800241508,0.9142219,53.2761,100.459,302.344,663.1810324299586,165.21774332648863,29235.919248134283
2452602.66666667,2002.8957335158652,82103.36577442697,0.9127188,53.5392,99.8066,302.7158,787.9439888309107,159.59833428852124,29519.996079176803
2452605.375,2002.9031485284052,82106.93016855828,0.9122414,53.5823,99.6523,302.7578,827.4529418904394,156.81662977412736,29609.21559599818
2452609.08333333,2002.9133013917324,82066.93414161792,0.912374,53.6884,99.2455,302.9433,813.0608710934102,152.94029897636585,29570.403321712405
2452614.5,2002.9281314168377,82054.42750434663,0.9113181,54.1047,98.4304,303.3388,898.6062344977163,147.18188993839846,29759.564353986483
2452616.16666667,2002.9326945014916,82105.57141089549,0.9110797,54.1435,98.3396,303.3447,922.7157415282454,145.45427946305938,29821.70481380313
2452618.875,2002.9401095140315,82095.8837335132,0.9113106,54.2056,98.1564,303.4091,902.8983707950474,142.66607494866537,29775.971851146973
2452621.58333333,2002.9475245265714,82091.24261048021,0.9114753,54.3284,97.8599,303.5647,888.9663247199787,139.85577043427128,29744.14496728302
2452627.04166667,2002.9624686288016,82099.07210544821,0.910518,54.6076,97.2272,303.9173,968.2528701397132,134.19579363143714,29921.80979547979
2452629.75,2002.9698836413415,82106.1558478041,0.9096091,54.6715,97.0579,303.975,1043.5130226232795,131.41478911704314,30089.519614434845
2452632.45833333,2002.9772986538815,82109.19241710183,0.9090948,54.6728,96.9831,303.9557,1086.0162585151265,128.651284602649,30183.700199516566
2452637.875,2002.992128678987,82090.24478056816,0.9091485,54.941,96.3491,304.2187,1079.885573681786,122.9414755646817,30167.032175058743
2452640.58333333,2002.999543691527,82109.44906235182,0.9083553,55.0824,96.0687,304.3151,1146.7595264845158,120.08807105028757,30317.147171415803
2452643.29166667,2003.0069587040925,82111.44591990966,0.9080607,55.0896,96.0078,304.2705,1171.1325598643452,117.31316652671433,30370.85787332359
2452648.70833333,2003.0217887291724,82093.20722307179,0.9087336,55.2009,95.6671,304.3753,1114.2151877037568,111.73845749792639,30243.014225513674
2452651.41666667,2003.029203741738,82092.29533166681,0.9086748,55.3248,95.3868,304.513,1118.9589896235375,108.92645297435303,30253.278112263728
2452654.125,2003.036618754278,82097.1664598872,0.908162,55.4281,95.145,304.6264,1161.503273343119,106.12864845995898,30347.373977015617
2452659.58333333,2003.0515628564824,82110.02615061424,0.9070749,55.4452,94.9647,304.6122,1251.9460910484422,100.55427166630415,30546.96511403829
2452662.29166667,2003.058977869048,82098.3157659593,0.9074495,55.4847,94.802,304.6327,1220.1038732974139,97.74266714273085,30475.611564394447
2452667.66666667,2003.0736938170287,82109.82142405471,0.907048,55.8059,94.1167,304.9089,1254.1358210087365,92.03582586963017,30551.695368394485
2452673.04166667,2003.0884097650096,82099.6653250797,0.907511,55.8234,93.9451,304.8641,1215.1796462512993,86.52168459652955,30465.099907521253
2452675.75,2003.0958247775495,82092.64525773202,0.9081088,55.9128,93.7104,304.9626,1165.4553839072996,83.71608008213548,30355.26280569336
2452678.45833333,2003.1032397900897,82091.38346558463,0.9083127,56.0402,93.4131,305.11,1148.6010032240993,80.89677556774143,30318.140426085836
2452683.875,2003.118069815195,82106.6676094753,0.9075932,56.215,92.9752,305.2878,1209.0781124552632,75.29786652977407,30452.971878129723
2452686.58333333,2003.1254848277351,82108.4061753507,0.9073968,56.2161,92.9012,305.2645,1225.3648587372354,72.53116201538023,30488.792084037555
2452689.29166667,2003.1328998403005,82090.21067993315,0.9079373,56.2691,92.711,305.2987,1179.310138763486,69.70575749180688,30385.161234729097
2452694.70833333,2003.1477298653806,82105.07598267634,0.9079055,56.6583,91.9195,305.6405,1183.2896200865835,63.91724846301872,30396.372123847017
2452700.125,2003.162559890486,82095.91339136062,0.9086178,56.7399,91.6422,305.6613,1123.9688767119915,58.32193942505137,30264.883949021925
2452702.83333333,2003.169974903026,82088.75179897608,0.9093291,56.8648,91.3533,305.7938,1064.9247054897805,55.496134910657304,30133.830993066735
2452708.41666667,2003.1852612366044,82087.19217273078,0.9094511,57.1918,90.6643,306.1445,1054.7686553293852,49.65475482240231,30111.182557225056
2452711.125,2003.1926762491444,82096.86097368506,0.9090281,57.2932,90.4333,306.2373,1090.3711268119796,46.84715030800828,30191.215719213636
2452713.66666667,2003.199634953237,82107.30101829677,0.908832,57.3384,90.2958,306.2587,1107.422119236082,44.22591683472251,30230.456858911828
2452721.79166667,2003.2218799908824,82102.66866391688,0.9091733,57.9207,89.1475,306.7312,1078.9781559369821,35.54190328236109,30167.115128262518
2452724.5,2003.2292950034223,82106.94203568506,0.9090961,57.9947,88.9763,306.7558,1085.7049481177137,32.72589876796707,30182.63804541568
2452727.20833333,2003.2367100159622,82094.13693354974,0.9096518,58.0847,88.752,306.8302,1038.9212024997378,29.906594253573246,30077.377379738016
2452732.625,2003.2515400410678,82088.38264120508,0.9103576,58.4582,88.0306,307.1862,980.4633320759631,24.20238521560583,29947.11050976088
2452735.375,2003.2590691307323,82092.31905535,0.9100065,58.6466,87.675,307.3636,1009.6388149076365,21.313712936345098,30012.36583944978
2452738.08333333,2003.2664841432725,82099.9975327541,0.9093981,58.7776,87.4187,307.4712,1060.2794664628345,18.495608421951033,30125.47352045909
2452743.33333333,2003.2808578599047,82085.83126662715,0.909142,58.9414,87.0305,307.5681,1080.0181572232095,13.029770434271313,30166.584814587677
2452746.16666667,2003.2886151038188,82081.24047771403,0.9093689,59.227,86.5397,307.7821,1060.9768138597456,9.960362625277014,30123.874039948005
2452748.875,2003.2960301163587,82107.65258771542,0.9085969,59.4958,86.1045,307.9583,1126.7576802402082,7.031958110883011,30272.97793457494
2452751.58333333,2003.3034451288986,82108.29343279352,0.9082127,59.5825,85.9342,307.976,1158.3622618038498,4.209953596488958,30342.37187574516
2452757.0,2003.3182751540041,82090.34708268568,0.9088166,59.8485,85.4232,308.1591,1107.140654179363,358.54324455852156,30226.992657334034
2452759.70833333,2003.325690166544,82090.62433785292,0.9087078,60.0554,85.0646,308.3307,1116.0973951761398,355.68684004412745,30246.713971409157
2452762.41666667,2003.3331051791097,82096.2944970835,0.9081075,60.2424,84.7468,308.4758,1165.8974420732484,352.84473552055414,30356.84576551089
2452767.83333333,2003.3479352041895,82108.28453208182,0.9065927,60.4116,84.4057,308.5577,1291.3768657735236,347.24672649176625,30632.366320558624
2452773.25,2003.362765229295,82085.52588586035,0.9065446,60.7323,83.8318,308.7293,1293.1993558734302,341.5056174537989,30632.444361922167
2452778.66666667,2003.3775952544004,82115.22782013417,0.9049215,61.0538,83.3096,308.8476,1429.2563882966224,335.7629084158315,30931.466075892822
2452784.08333333,2003.3924252794804,82093.72916255558,0.9052353,61.259,82.923,308.9333,1401.451315970834,330.12319938704337,30867.911609896593
2452789.5,2003.407255304586,82097.79078761471,0.9042786,61.5771,82.392,309.1453,1480.3791710975784,324.465390349076,31038.227757182896
2452792.20833333,2003.414670317126,82106.01047927643,0.9033196,61.6544,82.2497,309.1702,1559.9056355406374,321.678585834682,31209.680778075814
2452797.625,2003.4295003422314,82102.39872297035,0.9024397,61.6906,82.0859,309.1039,1631.798350132608,316.10967679671455,31362.008006939748
2452800.33333333,2003.4369153547714,82087.81482831741,0.9024515,61.8746,81.7769,309.1938,1629.406904780124,313.22117228232054,31354.381036566436
2452803.04166667,2003.4443303673368,82109.18945011645,0.9015617,62.0989,81.4434,309.2888,1704.552723847396,310.31326775874714,31517.273268053414
2452808.45833333,2003.4591603924168,82104.690325164,0.9009626,62.1513,81.2928,309.1799,1753.298757609402,304.7149587299593,31619.31274869444
2452811.16666667,2003.4665754049822,82095.86149014522,0.9012529,62.2502,81.1019,309.2194,1728.591944153517,301.89415420638574,31565.67755086163
2452813.875,2003.4739904175221,82095.8792848384,0.9011027,62.3903,80.8589,309.3013,1740.9245023964459,299.06364969199194,31591.68534280137
2452819.29166667,2003.4888204426277,82112.12096236575,0.8996588,62.5454,80.5658,309.3533,1861.092451908935,293.4837406540245,31846.90334113421
2452822.0,2003.4962354551676,82114.08088951818,0.8990427,62.5255,80.5422,309.2862,1911.8795985873567,290.72363613963046,31953.334305691664
2452824.70833333,2003.5036504677078,82104.51084763517,0.8990471,62.5257,80.4757,309.2311,1910.5521731502304,287.93263162523647,31948.856887045495
2452830.125,2003.518480492813,82108.26969756765,0.898578,62.8711,79.9076,309.3603,1949.448629266708,282.154922587269,32030.549861888132
2452832.79166667,2003.525781428254,82119.89014183983,0.897943,62.9047,79.8387,309.2934,2002.7733282057434,279.39078582856246,32143.396633388344
2452835.5,2003.533196440794,82104.65175966185,0.8982619,62.9033,79.7881,309.2223,1975.0349711896579,276.5996813141684,32083.09033994014
2452840.95833333,2003.5481405429987,82094.81903453197,0.8989079,63.1205,79.3856,309.3237,1921.0013553208119,270.91870452051353,31968.909206109452
2452843.66666667,2003.555555555564,82098.80219406297,0.8985311,63.2301,79.1896,309.3777,1952.3388499491539,268.1072999969402,32034.866385556354
2452846.33333333,2003.5628564909794,82110.78127627722,0.8979292,63.2803,79.0858,309.3688,2002.9768334946384,265.3662632474129,32142.180990850808
2452851.75,2003.577686516085,82102.40613890078,0.8977153,63.2695,78.9737,309.2557,2019.6836811956255,259.8022542094457,32175.29893555051
2452854.54166667,2003.585329682874,82088.24179897258,0.8981162,63.4238,78.6958,309.3119,1985.3257097981605,256.829014165318,32101.51178813769
2452857.25,2003.592744695414,82102.57373937505,0.8976883,63.6321,78.3791,309.3918,2021.9175936508182,253.92280965092414,32179.95602936113
2452862.625,2003.607460643395,82108.2741479212,0.8977011,63.6913,78.2,309.2877,2021.4498262307734,248.34186837782346,32180.01355196152
2452865.33333333,2003.6148756559348,82095.27130495144,0.8984329,63.7959,77.9981,309.3245,1960.0423301571354,245.50736386342942,32050.25277205575
2452868.04166667,2003.6222906685005,82093.02484276492,0.8987469,63.9527,77.7268,309.4174,1934.03695370696,242.65955933985606,31995.743367609313
2452873.45833333,2003.6371206935803,82103.18333769374,0.8980432,64.1724,77.3281,309.5165,1992.8415429245706,237.02115031106803,32119.792631030738
2452876.16666667,2003.644535706146,82112.35092505194,0.8977283,64.1934,77.2453,309.4842,2019.6334201016325,234.23664578749464,32176.985052554657
2452878.875,2003.6519507186858,82100.9511654174,0.8979868,64.228,77.1299,309.4559,1997.2444514279596,231.42354127310062,32128.525421361755
2452881.58333333,2003.6593657312258,82085.60148957206,0.8984967,64.4166,76.8069,309.5376,1953.8231336764766,228.51283675870656,32035.588318760703
2452887.0,2003.6741957563313,82117.01580608373,0.8977019,64.7577,76.2894,309.6217,2022.2783946323289,222.74062772073916,32183.303531826547
2452889.70833333,2003.6816107688712,82103.75141638542,0.8981184,64.8068,76.166,309.599,1986.725260303614,219.92512320634512,32107.202083111948
2452892.41666667,2003.6890257814368,82093.64760896437,0.8988217,64.9466,75.9233,309.6564,1927.959405874084,217.0704186827718,31983.197160399097
2452897.83333333,2003.7038558065167,82093.65947129234,0.8988463,65.3318,75.3256,309.8673,1925.9411020612642,211.34480965398393,31978.994725405282
2452900.54166667,2003.7112708190823,82103.95907162337,0.8982892,65.4541,75.1275,309.9138,1972.7230603420685,208.52380513041055,32078.163584574766
2452905.95833333,2003.7261008441621,82101.29673432218,0.8979229,65.583,74.8671,309.8911,2002.525976879082,202.90189610162247,32139.540811168936
2452914.04166667,2003.7482318047084,82115.48748010247,0.8970803,66.2052,73.9489,310.0877,2073.165036805898,194.21315030494844,32288.25935419197
2452916.79166667,2003.755760894373,82104.79415558722,0.8973003,66.2867,73.8101,310.0696,2054.0014283405562,191.34577802568765,32246.7390015006
2452919.5,2003.7631759069131,82091.2930217113,0.8977624,66.4476,73.5563,310.1284,2014.6804794365144,188.48137351129367,32162.933920283267
2452924.91666667,2003.7780059320185,82096.73492438132,0.8973238,66.862,72.9617,310.3259,2051.244474442761,182.74546447332625,32239.585673327598
2452927.625,2003.7854209445586,82104.5227138878,0.8965097,66.9921,72.7676,310.3687,2118.885387017064,179.9247599589322,32380.53800873387
2452933.04166667,2003.800250969664,82104.93655212998,0.895592,67.1157,72.5267,310.3326,2194.2759155347812,174.30895092096483,32535.468611320637
2452938.45833333,2003.815080994744,82097.76854295493,0.8949522,67.613,71.8396,310.4916,2246.0536703466223,168.44204189217697,32640.09988895355
2452941.16666667,2003.8224960073094,82118.80537329293,0.8939436,67.7285,71.6857,310.4613,2331.088570192107,165.58843736860337,32817.23655075406
2452943.875,2003.8299110198493,82108.06498195643,0.8939026,67.7899,71.5782,310.4167,2333.315913616625,162.76693285420953,32819.786358699384
2452949.29166667,2003.8447410449548,82092.91363575785,0.8939569,68.1208,71.0979,310.5212,2327.2507499680287,157.05232381624216,32804.67003786002
2452952.0,2003.8521560574948,82099.38206136887,0.8932232,68.2779,70.8753,310.5785,2388.1729984903723,154.21761930184812,32929.47984676622
2452954.70833333,2003.859571070035,82105.3340790795,0.8921937,68.376,70.7347,310.5868,2473.3359773294706,151.41591478745408,33102.6413435996
2452960.08333333,2003.8742870180156,82107.00582156493,0.8909004,68.4402,70.5913,310.4933,2579.7051923304025,145.88127351435338,33316.64417410763
2452962.79166667,2003.8817020305812,82093.15384336493,0.8908442,68.575,70.3841,310.5019,2582.8075822955743,143.01326899078003,33320.261799196414
2452965.54166667,2003.8892311202458,82102.00419788586,0.8901107,68.8198,70.0857,310.5519,2643.9954699027367,140.0543967115193,33444.21341028057
2452973.54166667,2003.9111339265428,82096.30932618935,0.8889722,69.0193,69.7647,310.397,2736.836312606287,131.69348644457875,33627.86026953167
2452976.25,2003.9185489390827,82098.24606496147,0.8888007,69.1631,69.5547,310.4339,2751.1311936514703,128.85098193018496,33656.58026705719
2452979.04166667,2003.9261921058721,82104.22457559015,0.8880933,69.2828,69.3745,310.4593,2809.876528313196,125.94464188605718,33773.99104718204
2452987.16666667,2003.9484371435176,82111.75747624236,0.8859447,69.3088,69.2491,310.2804,2987.144832480062,117.63212833369596,34123.95062997985
2452989.875,2003.9558521560575,82095.2371990961,0.8859966,69.3938,69.0979,310.2555,2980.99986450343,114.7866238193019,34108.749370043726
2452992.58333333,2003.9632671685974,82104.40256827809,0.88548,69.5881,68.8374,310.2792,3024.459882119203,111.88041930490789,34195.44923287993
2452998.04166667,2003.9782112708276,82115.06015507386,0.8843142,69.6366,68.722,310.0966,3121.4101260878397,106.20254250207375,34386.244274917015
2453000.75,2003.9856262833675,82100.55814082519,0.8848081,69.7021,68.5966,310.0616,3079.182983302122,103.37273798767967,34301.3567840326
2453003.45833333,2003.9930412959075,82095.75027353127,0.8848961,69.8252,68.403,310.0827,3071.40472990952,100.53083347328567,34285.28730999583
2453008.875,2004.007871321013,82109.94010596276,0.8836867,69.9724,68.1642,310.0642,3172.3417965268745,94.93472443531829,34483.98738903383
2453011.58333333,2004.015286333553,82112.74557444653,0.8830917,69.9525,68.1515,309.9859,3221.5251934410644,92.17431992092423,34579.61725824392
2453014.29166667,2004.0227013461185,82109.50543556554,0.8830664,69.9331,68.1357,309.8953,3223.2237648002447,89.39851539735088,34582.263082568395
2453017.0,2004.0301163586585,82092.94477368187,0.8833903,70.0105,67.9851,309.8664,3194.6973621756133,86.54961088295681,34523.92182682829
2453022.375,2004.0448323066394,82124.01288588616,0.8823996,70.282,67.6023,309.8345,3279.680464985371,80.8371696098564,34693.92013086892
2453025.08333333,2004.0522473191793,82113.5081810722,0.8824608,70.2734,67.5773,309.7268,3273.419760796678,78.03506509546236,34679.80966820959
2453027.83333333,2004.0597764088438,82096.3419502458,0.8832108,70.3446,67.4404,309.695,3209.8297992956486,75.15589281620157,34553.82746267596
2453033.25,2004.0746064339494,82097.18722118855,0.8833977,70.621,67.0129,309.76,3194.5845535211974,69.45458377823417,34524.53147926696
2453035.95833333,2004.0820214464893,82106.7699627665,0.8828668,70.6911,66.8929,309.7487,3239.292407402725,66.65387926384011,34612.732432645396
2453038.66666667,2004.089436459055,82110.07065655691,0.8824546,70.7021,66.8398,309.6922,3273.5247993532466,63.87487474026682,34679.33785706908
2453044.08333333,2004.1042664841348,82090.31891250558,0.8830435,70.8173,66.5892,309.6175,3222.8600838904604,58.2107657114787,34577.81089685952
2453046.79166667,2004.1116814967002,82095.19419611158,0.8829743,71.0353,66.2901,309.6592,3229.1112674358956,55.283961187905334,34590.82796883854
2453049.5,2004.1190965092403,82118.3156810339,0.8823143,71.1601,66.1203,309.6293,3286.015163743452,52.41485667351128,34704.99127792684
2453054.875,2004.133812457221,82096.41461303346,0.8831798,71.2904,65.8795,309.5348,3212.3832743774947,46.781815400410665,34558.7737094985
2453057.58333333,2004.1412274697611,82089.73920521795,0.8836355,71.4723,65.6112,309.5874,3174.195157745582,43.89671088601659,34483.63900272644
2453060.29166667,2004.1486424823265,82095.64350593628,0.8834293,71.6474,65.3604,309.6435,3191.810330437449,41.03260636244329,34518.866531708096
2453065.70833333,2004.1634725074066,82109.58702854624,0.8824038,71.8127,65.1005,309.6212,3277.6391181263334,35.41159733365538,34687.16212374985
2453068.41666667,2004.170887519972,82102.51441167574,0.8823745,71.8541,65.0055,309.5756,3279.2130089305683,32.601592810082025,34688.80368427777
2453071.16666667,2004.1784166096365,82089.9289803899,0.8827385,71.9913,64.7901,309.5788,3247.8519071339924,29.678920530821244,34625.9394323838
2453076.58333333,2004.1932466347166,82117.92838414473,0.881717,72.3993,64.2568,309.6213,3335.018623061793,23.849311502033174,34799.058409615194
2453079.29166667,2004.200661647282,82110.51423574817,0.881617,72.4569,64.1625,309.5556,3342.3527067705763,21.019906978459858,34811.66630010522
2453082.0,2004.208076659822,82094.39346116991,0.8821596,72.5779,63.9793,309.5491,3295.8998632216426,18.160802464065796,34719.30441951935
2453087.41666667,2004.2229066849275,82094.15324449484,0.8819958,72.9715,63.4442,309.6629,3309.318578294018,12.400693426098371,34745.04390282984
2453090.125,2004.2303216974674,82104.80453864759,0.8811714,73.1029,63.2678,309.6802,3378.2626766011344,9.572188911704359,34879.33521553397
2453091.91666667,2004.2352270134695,82097.6765985211,0.8804656,73.1541,63.1842,309.6741,3435.3602135982637,7.716575150944323,34987.02678352878
2453098.25,2004.2525667351129,82092.32053808078,0.8801918,73.3398,62.8935,309.5979,3457.1968574904913,1.107375359342882,35027.598212986384
2453100.95833333,2004.259981747653,82093.72323137848,0.8797869,73.5869,62.5798,309.6395,3490.60466018602,358.1658708449488,35091.47463686788
2453104.08333333,2004.2685375313627,82119.02054341233,0.8786496,73.7454,62.3879,309.6118,3587.0396905513007,354.86618870942533,35279.46938191413
2453109.08333333,2004.2822267852985,82097.88421535029,0.8785662,73.8988,62.1647,309.5124,3591.3217522300074,349.6154572925876,35283.34329976307
2453111.79166667,2004.2896417978639,82091.0602410847,0.8785704,74.0767,61.9224,309.5488,3590.1483086508215,346.7401527690143,35279.758339274995
2453114.5,2004.2970568104038,82094.66185348413,0.8779323,74.2483,61.7003,309.5874,3642.9702547325433,343.8872482546202,35380.26071614143
2453119.91666667,2004.3118868355093,82110.15373447794,0.8759125,74.3904,61.507,309.538,3810.707401527032,338.30573921665285,35698.391135086
2453122.625,2004.3193018480492,82106.47180406794,0.8753974,74.4074,61.4607,309.472,3852.543563613557,335.52403470225875,35775.77542515431
2453125.33333333,2004.3267168605892,82096.0260914251,0.8752915,74.4963,61.3223,309.4382,3859.935969822487,332.6824301878647,35787.4385838698
2453130.75,2004.3415468856947,82122.4723615787,0.8735206,74.8342,60.9104,309.4052,4008.664730809058,326.8987211498973,36069.10054515337
2453133.45833333,2004.3489618982346,82119.7536163312,0.8729514,74.8466,60.8854,309.3004,4055.063429299813,324.09951663550333,36154.29203607959
2453136.16666667,2004.3563769108002,82101.98788304081,0.8731859,74.9143,60.777,309.2475,4033.5534015987287,321.26881211192995,36110.914437320396
2453144.25,2004.378507871321,82111.80198453114,0.8714272,75.2496,60.3173,309.245,4179.207994196728,312.83946632443525,36381.05758973657
2453146.95833333,2004.385922883861,82118.00703026996,0.8704493,75.2506,60.3052,309.1741,4260.308993376397,310.08706181004146,36530.76806311216
2453149.66666667,2004.3933378964264,82111.1121128327,0.8699451,75.2323,60.3002,309.0871,4300.816174723244,307.3256572864679,36603.22960357254
2453152.375,2004.4007529089665,82100.93040173635,0.8698841,75.2757,60.2129,309.028,4304.5001500592825,304.50985277207405,36607.816566149915
2453157.83333333,2004.415697011171,82121.36376306573,0.8683821,75.5402,59.879,308.957,4430.505143630806,298.7250759784192,36840.94935527359
2453160.54166667,2004.4231120237366,82124.95534244354,0.8678192,75.5272,59.8843,308.8303,4477.20599712846,295.9342714548459,36926.158061678805
2453163.25,2004.4305270362765,82105.04483324761,0.8682094,75.5603,59.811,308.7542,4442.536821600601,293.1154669404518,36859.29112473011
2453167.08333333,2004.441022130952,82090.21364520436,0.8681384,75.715,59.5668,308.7518,4446.410615598481,289.0906328572693,36863.17609790641
2453168.66666667,2004.445357061382,82099.99308352197,0.8678828,75.7759,59.4873,308.7443,4468.684906214292,287.44305790248444,36905.50151358358
2453171.375,2004.452772073922,82109.98312826033,0.8670151,75.8242,59.4115,308.7092,4541.2515953133825,284.6627533880904,37038.48361645429
2453176.79166667,2004.4676020990275,82112.3909832329,0.8659504,75.7777,59.4139,308.5368,4628.996866345975,279.153944350123,37196.60792146229
2453179.5,2004.4750171115675,82100.09393293156,0.8660833,75.8012,59.3384,308.4694,4616.437349188216,276.3416398357289,37171.47592754918
2453182.20833333,2004.4824321241074,82095.57529348787,0.8659983,75.9246,59.1543,308.453,4622.810351805374,273.47173532133485,37181.941726138575
2453187.625,2004.497262149213,82126.4781719114,0.8647188,76.0226,59.0117,308.2763,4732.032218869979,267.8136262833675,37383.8180647271
2453190.33333333,2004.5046771617529,82106.83374831219,0.8653288,76.0458,58.9451,308.1915,4679.2895290856995,264.9928217689737,37285.44894569799
2453193.04166667,2004.5120921743182,82093.89227034562,0.8658032,76.1587,58.7647,308.1822,4638.601342225118,262.13371724540013,37209.880217993734
2453198.41666667,2004.5268081222991,82109.5632923855,0.8649068,76.3352,58.4962,308.1616,4714.307355770894,256.5468759722997,37348.58025780413
2453201.125,2004.534223134839,82114.18771706913,0.8643407,76.3343,58.4722,308.0927,4761.4169257662,253.7845714579056,37433.546441453844
2453203.83333333,2004.5416381473792,82109.68048984594,0.8642303,76.3153,58.4584,308.0036,4769.870387202236,251.01226694351158,37447.6282601421
2453211.95833333,2004.5638831850247,82113.3553615944,0.8640786,76.6213,57.9929,307.8972,4782.825919445415,242.43215339115017,37471.46650380339
2453214.66666667,2004.57129819759,82121.7154830399,0.8637444,76.6391,57.9546,307.7942,4811.407316170893,239.62144886757676,37524.06230858563
2453217.375,2004.57871321013,82103.97687070484,0.864412,76.6741,57.8704,307.7174,4754.17771594513,236.79104435318277,37418.46694573305
2453222.79166667,2004.5935432352355,82093.485985173,0.8649626,76.9575,57.4418,307.741,4707.554604374198,231.04723531521535,37333.09123954051
2453225.5,2004.6009582477755,82105.28809623848,0.8643689,77.0501,57.3044,307.7306,4757.894240309732,228.23003080082128,37425.3665755134
2453225.5,2004.6009582477755,82105.28809623848,0.8643689,77.0501,57.3044,307.7306,4757.894240309732,228.23003080082128,37425.3665755134
2453230.91666667,2004.615788272881,82106.59344062305,0.8637519,77.0875,57.1966,307.6099,4808.731053757352,222.6627217628539,37516.05876858746
2453233.625,2004.623203285421,82094.9154195089,0.864097,77.155,57.0683,307.5686,4778.808990257519,219.82371724846013,37460.36488300626
2453236.33333333,2004.6306182979608,82089.4693705338,0.864203,77.3196,56.8342,307.5693,4769.367372110373,216.92091273406606,37442.39878884416
2453241.75,2004.6454483230664,82120.5564538235,0.8631969,77.5235,56.5655,307.4645,4856.210396608058,211.20860369609863,37603.302902568765
2453244.45833333,2004.6528633356063,82099.205578931,0.8637013,77.5832,56.4584,307.402,4811.878691441041,208.3695991817046,37520.061244547185
2453247.16666667,2004.660278348172,82086.99648341359,0.8642862,77.7297,56.2328,307.408,4762.201923350694,205.48059465813128,37429.11538544932
2453252.58333333,2004.6751083732518,82100.47360407472,0.8633609,78.0303,55.815,307.447,4839.998522834527,199.76298562934318,37570.23672697667
2453255.29166667,2004.6825233858174,82110.27538467,0.8626589,78.0851,55.7321,307.4073,4898.979242633501,196.97098110576985,37676.798828493214
2453258.0,2004.6899383983573,82107.67780591965,0.8623789,78.1163,55.6732,307.3449,4921.612638096252,194.1802765913758,37716.23902721893
2453263.41666667,2004.7047684234628,82090.3871140358,0.8624262,78.3747,55.2935,307.3107,4915.350198748934,188.42756755340838,37701.43728226746
2453266.125,2004.7121834360028,82108.65391364509,0.8615752,78.5428,55.0864,307.2916,4987.73769626554,185.53196303901439,37833.06248674258
2453268.83333333,2004.7195984485427,82120.52974172446,0.8609487,78.6031,55.0109,307.2106,5040.830117275449,182.7060585246203,37929.003320170064
2453271.54166667,2004.7270134611083,82100.79692124309,0.8611871,78.6688,54.9059,307.1482,5018.513412948827,179.8692540010469,37885.49862950605
2453276.95833333,2004.7418434861881,82094.01979154577,0.8611426,79.0015,54.4541,307.1734,5021.225843802589,174.10384497225908,37888.79268959671
2453279.66666667,2004.7492584987538,82106.13211412297,0.8601566,79.1251,54.2924,307.1749,5103.864375688139,171.2742404486857,38036.39051727223
2453285.08333333,2004.7640885238336,82109.94307301595,0.8586034,79.2,54.1729,307.0647,5231.930476718006,165.7057314198977,38260.73338815331
2453290.5,2004.7789185489391,82091.99878707301,0.8581801,79.4196,53.8559,307.0067,5264.142758782815,159.9919223819303,38312.78085508194
2453293.20833333,2004.786333561479,82115.49341521146,0.8571246,79.5776,53.67,306.973,5354.147667895702,157.10291786753623,38473.97939060769
2453295.91666667,2004.7937485740445,82123.4058691284,0.8562173,79.6213,53.6222,306.8777,5429.788729059132,154.29041334396288,38606.34065432896
2453301.33333333,2004.8085785991245,82094.20217737871,0.8564151,79.7854,53.3768,306.7758,5409.351510218707,148.60430431517477,38564.613161475165
2453304.04166667,2004.81599361169,82094.73451255423,0.8558904,79.9296,53.1786,306.7835,5452.503052710381,145.74439979160144,38639.088010035906
2453306.75,2004.82340862423,82111.60021410504,0.8547981,80.026,53.0531,306.7618,5544.624063128458,142.92779527720734,38801.08866845614
2453312.16666667,2004.8382386493354,82112.65952267054,0.8529622,80.0476,53.0092,306.6168,5695.528508362526,137.40008623924,39059.06697863247
2453314.91666667,2004.8457677390002,82102.18366171638,0.8527452,80.0755,52.9469,306.5495,5711.804334669314,134.5600139599792,39084.39279744335
2453317.625,2004.85318275154,82095.18085036923,0.8524357,80.1868,52.7908,306.5121,5736.181595558139,131.69710944558534,39124.24030253604
2453323.0,2004.8678986995208,82129.1395823697,0.8504142,80.3321,52.6251,306.3461,5907.216747740436,126.06766817248467,39421.32076411221
2453325.70833333,2004.875313712061,82111.24415167092,0.8504735,80.3399,52.5956,306.2403,5899.670648644822,123.26296365809065,39404.523743916834
2453328.375,2004.8826146475017,82096.33898442115,0.8507029,80.4262,52.4569,306.202,5878.60903099102,120.45762689938408,39365.60928393453
2453333.79166667,2004.8974446726072,82109.4935675125,0.8492757,80.6045,52.2016,306.1565,5997.759641317827,114.81801786141665,39569.10211215764
2453336.54166667,2004.9049737622718,82116.28131045014,0.8482643,80.6053,52.1926,306.0775,6081.835126038071,112.01954558215584,39711.47733513857
2453339.25,2004.9123887748117,82114.32570317,0.8477069,80.5746,52.2098,305.9786,6127.308915745436,109.26844106776207,39786.96583933157
2453344.66666667,2004.9272187999172,82096.53472942277,0.8475518,80.6556,52.0494,305.8445,6137.33264573799,103.63513202979442,39799.58074756409
2453347.375,2004.9346338124572,82113.187706092,0.846817,80.7577,51.9174,305.7855,6200.208132382286,100.7747275154004,39908.109971945014
2453350.04166667,2004.9419347478981,82132.28219456632,0.846,80.7682,51.9016,305.6653,6270.235157963214,98.01039075669382,40028.78563226964
2453355.45833333,2004.956764772978,82094.70930428721,0.8467705,80.826,51.7584,305.4934,6201.194959341279,92.35648172790616,39905.4755943974
2453358.20833333,2004.9642938626428,82096.67709015682,0.8466329,80.9286,51.592,305.4783,6212.792984953789,89.46450944864512,39925.20589981495
2453360.91666667,2004.9717088752082,82109.17164820977,0.845905,80.9906,51.4938,305.4426,6274.476505130882,86.66120492507162,40030.44951875857
2453366.33333333,2004.986538900288,82114.53787647758,0.8448641,80.9625,51.4844,305.2741,6360.776436551438,81.1444958962839,40174.41762545021
2453366.33333333,2004.986538900288,82114.53787647758,0.8448641,80.9625,51.4844,305.2741,6360.776436551438,81.1444958962839,40174.41762545021
2453369.04166667,2004.9939539128536,82100.80433681182,0.8450502,80.965,51.4382,305.1917,6343.366911828127,78.34649137271037,40142.47093266119
2453374.41666667,2005.0086698608345,82106.56673987723,0.8448182,81.1459,51.156,305.0956,6363.3085185142845,72.6704500996097,40176.737684489584
2453377.16666667,2005.016198950499,82124.16872329358,0.8442611,81.1768,51.1071,304.9858,6411.791400380147,69.80127782034913,40260.77536556586
2453379.875,2005.023613963039,82114.51413673871,0.8446154,81.1724,51.0809,304.8716,6381.194633331488,66.99147330595508,40208.098018198776
2453385.29166667,2005.0384439881445,82092.32053808078,0.8455435,81.3793,50.7203,304.8213,6301.556207190073,61.24176426798749,40071.37385331492
2453388.0,2005.0458590006845,82102.4565672721,0.8449667,81.4669,50.5821,304.8014,6350.478479730868,58.414259753593456,40154.60035998944
2453390.70833333,2005.0532740132244,82112.53934729168,0.8443612,81.4927,50.5286,304.742,6401.760788965257,55.631955239199385,40241.53521534851
2453393.41666667,2005.06068902579,82110.40296950185,0.8441907,81.489,50.5024,304.6627,6415.428109396009,52.85705071562626,40263.54543827863
2453398.83333333,2005.0755190508698,82090.20178412116,0.8447376,81.6152,50.2538,304.5628,6367.385445486936,47.169741686838165,40179.64730881908
2453401.54166667,2005.0829340634355,82101.39165517295,0.8444082,81.743,50.0705,304.5301,6396.167010133335,44.28433716326458,40229.714167461
2453404.25,2005.0903490759754,82119.92872523861,0.8438827,81.8044,49.9868,304.4487,6442.205248776696,41.449832648870995,40309.83617108365
2453409.66666667,2005.105179101081,82092.17374805946,0.8449231,81.9247,49.7626,304.3148,6352.463519110439,35.752923610903395,40155.48074071106
2453412.33333333,2005.1124800364962,82087.79852052052,0.8450681,82.0804,49.5176,304.3249,6339.882291601434,32.88968686137633,40133.684806318546
2453415.04166667,2005.1198950490616,82102.5381427426,0.8444144,82.2033,49.337,304.3215,6395.836358461493,30.03628233780273,40229.4371624479
2453420.5,2005.1348391512663,82106.65574244769,0.8433334,82.2788,49.2022,304.2083,6485.234292539755,24.40840554414814,40377.41773148589
2453423.20833333,2005.1422541638062,82097.52385269197,0.8434658,82.3281,49.1023,304.1525,6472.9339182620515,21.583301029754068,40355.082836996095
2453425.875,2005.149555099247,82089.10465245185,0.8435458,82.4464,48.9115,304.1281,6465.04889711563,18.739764271047477,40340.15930569448
2453431.29166667,2005.1643851243525,82116.95793613473,0.8422978,82.6694,48.62,304.0288,6571.888623835906,13.010155233079843,40521.789430757366
2453436.70833333,2005.1792151494326,82090.31891250558,0.8428009,82.8089,48.3943,303.9007,6526.387951758859,7.317546204292171,40441.056958754816
2453439.41666667,2005.186630161998,82089.49012696923,0.8427896,82.9693,48.154,303.9081,6527.185278656882,4.415241680718623,40442.16807856029
2453444.875,2005.2015742642027,82112.56902018384,0.8408558,83.1679,47.8788,303.8631,6689.602806661938,358.715164887064,40712.70651674285
2453447.58333333,2005.2089892767426,82108.6865499669,0.8402336,83.1906,47.8366,303.793,6740.072958816629,355.93346037266997,40793.77611823443
2453447.58333333,2005.2089892767426,82108.6865499669,0.8402336,83.1906,47.8366,303.793,6740.072958816629,355.93346037266997,40793.77611823443
2453450.25,2005.2162902121834,82098.3676710538,0.8400932,83.2333,45.8106,296.0738,6749.950959501666,343.5599236139634,40807.348885756364
2453452.95833333,2005.2237052247235,82093.18646428658,0.8399501,83.342,47.5864,303.7029,6760.869984290419,350.29541909956936,40823.82158318594
2453455.70833333,2005.231234314388,82101.26855474741,0.8391954,83.4789,47.4089,303.6669,6824.125349438733,347.37144682030834,40928.14504169486
2453461.125,2005.2460643394934,82114.8821046194,0.83799,83.5745,47.2933,303.4878,6925.29574976939,341.73793778234113,41094.59564492489
2453463.83333333,2005.2534793520335,82096.72306094236,0.8382692,83.6522,47.165,303.4354,6899.432398024652,338.88783326794714,41048.59582085824
2453466.54166667,2005.260894364599,82092.43174307924,0.8380909,83.7855,46.9634,303.4261,6913.375440333393,336.00752874437353,41070.0256458608
2453471.95833333,2005.275724389679,82112.01265791642,0.8358347,83.9482,46.7436,303.3585,7101.806891590642,330.38131971558545,41376.91346203005
2453474.66666667,2005.2831394022444,82113.89690955046,0.8350346,83.9499,46.7343,303.276,7167.815549242758,327.62011519201235,41482.64567569311
2453477.375,2005.2905544147843,82104.05548343013,0.8347613,83.9683,46.6873,303.1984,7188.631092809863,324.82611067761826,41513.39316742755
2453482.79166667,2005.3053844398898,82105.0641162238,0.8337461,84.157,46.4202,303.0973,7272.150819072256,319.1191016396507,41646.28396289498
2453485.5,2005.3127994524298,82123.61364866304,0.8326897,84.2053,46.3724,303.0008,7361.990136641911,316.30539712525706,41792.97247290828
2453488.20833333,2005.32021446497,82119.13777462227,0.8324064,84.2044,46.3685,302.8856,7384.5056285449355,313.516892610863,41827.42060870642
2453493.54166667,2005.3348163358514,82094.56991774827,0.8325602,84.3516,46.1126,302.7899,7367.7620681137905,307.9086190934498,41794.97943549395
2453496.25,2005.3422313483916,82104.43075054215,0.8316429,84.4394,45.9842,302.7624,7444.727558312103,305.08331457905575,41918.706804856694
2453499.04166667,2005.3498745151808,82116.34659828583,0.8304536,84.4652,45.9498,302.6971,7544.394646891607,302.2320745349282,42078.15083998993
2453504.45833333,2005.3647045402606,82106.23743246375,0.8295143,84.4366,45.9496,302.5094,7619.8030630397825,296.70536550614014,42193.62842025823
2453507.16666667,2005.3721195528262,82097.00185289122,0.8294242,84.4847,45.8562,302.4445,7625.625468658407,293.87766098256657,42200.43406326168
2453509.875,2005.3795345653662,82107.66890537475,0.8288538,84.5713,45.7381,302.3854,7674.279224013051,291.03105646817255,42278.97370903195
2453512.58333333,2005.386949577906,82125.87407809026,0.8279482,84.6056,45.7011,302.284,7751.768161708767,288.22325195377846,42404.06519280132
2453517.95833333,2005.401665525887,82100.99714218643,0.8282651,84.6158,45.6406,302.0722,7721.470234113674,282.65321068067783,42350.78071064317
2453520.66666667,2005.4090805384526,82096.122479945,0.8283654,84.7016,45.4862,302.0392,7712.398843396366,279.7964061571047,42335.45834230627
2453523.375,2005.4164955509925,82107.61550215616,0.8276868,84.7731,45.3661,302.0078,7770.089671546139,276.97550164271064,42427.96441234488
2453528.79166667,2005.4313255760978,82118.31419712906,0.8261924,84.7632,45.353,301.8406,7894.650806648924,271.4563926047435,42623.46622231593
2453531.5,2005.438740588638,82107.03993964457,0.8262071,84.7471,45.3381,301.7472,7891.484281526657,268.67868809034945,42615.750628122696
2453534.20833333,2005.446155601178,82096.56290493572,0.8263531,84.7845,45.2464,301.6809,7877.677349097086,265.8512835759554,42591.7998210687
2453539.625,2005.4609856262834,82123.4355518386,0.825404,84.8971,45.076,301.5273,7960.28705360881,260.1884745379878,42725.96153316725
2453542.33333333,2005.4684006388234,82119.83523477359,0.8253587,84.8822,45.0816,301.4044,7963.378481186664,257.4017700235937,42729.81640674253
2453545.04166667,2005.4758156513888,82099.44434951457,0.8260959,84.9067,45.0032,301.3199,7899.293680102417,254.5694655000206,42625.90283957055
2453550.5,2005.4907597535935,82100.57593806354,0.825982,85.079,44.6818,301.2653,7908.8417235899415,248.81358870636558,42640.92171785894
2453553.16666667,2005.4980606890342,82114.18029847798,0.8252206,85.1034,44.6275,301.2052,7973.730864059804,246.07085194765892,42744.32941176066
2453555.875,2005.5054757015744,82114.60909579715,0.8248504,85.0893,44.624,301.1157,8004.204637285233,243.30844743326492,42791.30439481059
2453564.0,2005.5277207392196,82100.10579758835,0.8251868,85.2151,44.3352,300.9257,7974.045914814971,234.82143388090367,42741.27320301711
2453566.70833333,2005.5351357517598,82114.95925969783,0.8246871,85.2703,44.2549,300.8467,8017.67534119948,231.99272936650965,42812.0909347415
2453569.41666667,2005.5425507643251,82119.55031309281,0.8246888,85.275,44.2333,300.7384,8018.340608848677,229.19342484293605,42814.27011498337
2453574.875,2005.5574948665299,82087.5138766429,0.825949,85.4186,43.938,300.6403,7909.277577743569,223.42014804928147,42638.317065350944
2453577.58333333,2005.5649098790698,82097.67511554845,0.8255149,85.525,43.7523,300.6282,7946.68475230398,220.5529435348874,42698.536466977166
2453580.29166667,2005.5723248916352,82111.12991579119,0.8247416,85.5749,43.6674,300.5795,8012.5289512337,217.74993901131427,42803.219606735955
2453585.66666667,2005.587040839616,82100.97192911156,0.8244873,85.5961,43.5764,300.4292,8031.626955902575,212.2108977382136,42829.987823885545
2453588.375,2005.594455852156,82091.61921390075,0.8247336,85.665,43.4414,300.3815,8009.766269791218,209.3587932238196,42794.05797978595
2453591.08333333,2005.6018708646961,82096.24556108171,0.8245379,85.7661,43.2773,300.3438,8026.643348263071,206.4875887094255,42821.14488735289
2453596.5,2005.6167008898015,82116.84071270435,0.8238385,85.8626,43.1344,300.181,8087.689535211064,200.84307967145787,42919.95974357729
2453599.20833333,2005.6241159023416,82097.97912633797,0.8244143,85.9074,43.0337,300.1098,8037.0948334834375,198.0017751570639,42837.625272752484
2453601.91666667,2005.631530914907,82084.74169292215,0.8248442,86.0219,42.8225,300.0906,7999.482299017131,195.10197063349074,42776.52218417758
2453607.33333333,2005.6463609399868,82110.99936098655,0.8233211,86.2187,42.5063,300.0437,8129.144744999803,189.40006160470267,42981.920885718166
2453610.04166667,2005.6537759525525,82110.03801885972,0.8227014,86.2384,42.4664,299.97,8179.8584866906,186.61705708112913,43059.1349726404
2453612.75,2005.6611909650924,82101.0861296642,0.8226417,86.264,42.4,299.8986,8183.172764110819,183.80985256673546,43061.918122127776
2453618.16666667,2005.676020990198,82098.89265862074,0.8222884,86.4406,42.099,299.814,8211.789272591743,178.08544352876788,43104.98724705142
2453620.875,2005.6834360027378,82113.28562867087,0.8215152,86.5199,41.9982,299.7471,8277.837062776194,175.2483390143738,43209.15135523179
2453626.29166667,2005.6982660278434,82100.83251598825,0.8214512,86.5955,41.8722,299.5775,8280.868824730678,169.6139299764062,43210.58227743291
2453631.70833333,2005.7130960529232,82097.82044718452,0.8210359,86.8274,41.4807,299.5387,8314.426248291973,163.8448209476186,43260.76131237358
2453634.41666667,2005.7205110654888,82113.73370237715,0.8197904,86.8979,41.3804,299.4938,8419.546805011903,161.03021642404502,43423.98552788039
2453637.125,2005.7279260780288,82114.77824230003,0.8189049,86.9144,41.357,299.4102,8492.447677267144,158.25381190965095,43534.229549036376
2453642.54166667,2005.7427561031343,82095.99346768245,0.8184833,86.9915,41.198,299.271,8523.657517475272,152.61680287168377,43576.370123163615
2453645.125,2005.7498288843258,82103.43548629186,0.8179315,87.0862,41.0589,299.2241,8570.313043835926,149.88460164271066,43648.404670526856
2453647.83333333,2005.7572438968657,82120.7404710961,0.817004,87.1541,40.9808,299.1459,8649.630723248705,147.05889712831657,43771.78667213458
2453650.54166667,2005.7646589094313,82120.95120181964,0.8164658,87.1729,40.9668,299.0398,8693.866782065004,144.26939260474302,43837.99403162411
2453655.95833333,2005.7794889345112,82093.70098947389,0.816762,87.2799,40.7596,298.9072,8664.549281909218,138.5907835759549,43787.098367765095
2453658.79166667,2005.7872461784252,82103.02018375008,0.8161172,87.3804,40.5927,298.8784,8719.19693984448,135.60247576696088,43871.16037416374
2453661.5,2005.7946611909651,82120.70633878218,0.814825,87.4378,40.5114,298.8233,8828.565496283989,132.79667125256685,44038.63810247771
2453666.91666667,2005.8094912160705,82109.18648313134,0.81347,87.4324,40.5019,298.6281,8937.690254698487,127.25316221459923,44197.42114991718
2453669.625,2005.8169062286106,82098.96236099099,0.8133351,87.468,40.4208,298.5541,8946.85829921815,124.42865770020518,44208.29846300573
2453672.33333333,2005.8243212411505,82104.47821546257,0.8128329,87.536,40.3082,298.4936,8989.120784601308,121.58615318581161,44272.190312665276
2453677.75,2005.839151266256,82125.0458790639,0.811463,87.584,40.2641,298.2808,9105.473474901066,115.99044414784396,44448.99492861343
2453680.45833333,2005.846566278796,82109.30071225176,0.811743,87.5922,40.2369,298.1727,9079.51432418638,113.18573963344994,44406.668924954894
2453683.16666667,2005.8539812913614,82096.23814654234,0.8120009,87.6482,40.1135,298.1156,9055.882584935625,110.33583510987677,44368.44587979349
2453688.58333333,2005.8688113164415,82117.6301241357,0.8104266,87.7663,39.9023,298.0128,9189.182042574826,104.68302608108877,44569.84895628789
2453691.29166667,2005.8762263290068,82122.99328223409,0.8095544,87.7528,39.9172,297.9109,9261.826429431041,101.92662155751515,44677.524938182156
2453694.0,2005.883641341547,82110.8569381552,0.8093754,87.7307,39.9235,297.7995,9274.212959493061,99.15211704312111,44692.38323931637
2453699.41666667,2005.8984713666523,82104.52864701572,0.8092103,87.7996,39.7575,297.6454,9286.56208920553,93.49320800515392,44708.72055914071
2453702.29166667,2005.9063426876653,82118.63027037392,0.8086101,87.8345,39.7054,297.5572,9338.540135583837,90.51923244047202,44788.23660457968
2453704.83333333,2005.9133013917324,82125.111184322,0.8082853,87.8301,39.7155,297.4281,9366.454753168939,87.89509897636583,44830.591131706125
2453710.25,2005.9281314168377,82095.5812249995,0.8093359,87.87,39.5628,297.2596,9274.54380824143,82.23508993839818,44688.801987633975
2453712.95833333,2005.9355464293778,82098.5960544442,0.8091084,87.9414,39.4107,297.2234,9293.796058586546,79.37738542400467,44717.693228627904
2453715.66666667,2005.9429614419432,82111.88951767502,0.8082813,87.98,39.3327,297.162,9364.248412872284,76.56858090043102,44823.85141132803
2453721.08333333,2005.9577914670233,82108.84973206234,0.8076778,87.9471,39.3263,296.9594,9413.21831993964,71.02077187164298,44894.198363687334
2453721.08333333,2005.9577914670233,82108.84973206234,0.8076778,87.9471,39.3263,296.9594,9413.21831993964,71.02077187164298,44894.198363687334
2453723.79166667,2005.9652064795887,82098.75918640979,0.8079988,87.9629,39.2448,296.8816,9384.923982301701,68.19206734806983,44850.40343331591
2453729.20833333,2005.9800365046688,82114.14023811469,0.8076204,88.0625,39.0518,296.7359,9418.949153352407,62.514558319281775,44903.932810368504
2453731.91666667,2005.9874515172341,82119.6081876092,0.8074705,88.067,39.0369,296.6252,9432.310804556308,59.71955379570818,44924.78547032535
2453734.58333333,2005.9947524526494,82105.30886267485,0.8080926,88.0694,38.996,296.5212,9378.480050032884,56.94631704618109,44842.7878969706
2453740.0,2006.009582477755,82095.3217223677,0.8088018,88.2102,38.6563,296.4416,9318.341441737604,51.18820800821345,44752.601265212696
2453742.75,2006.0171115674195,82109.38675522819,0.8080786,88.266,38.5456,296.3917,9380.412159204852,48.317135728952906,44846.68607331805
2453745.45833333,2006.0245265799595,82114.40730812612,0.8075386,88.2721,38.5153,296.3072,9425.717490692185,45.532931214558914,44913.826839144094
2453751.54166667,2006.0411818389316,82077.42099179035,0.8079334,88.2924,38.3611,296.142,9386.194886661799,39.21763798462018,44846.546259717274
2453753.58333333,2006.046771617605,82094.01386031618,0.8079937,88.3664,38.2319,296.1,9384.431553468023,37.03411766219767,44848.41949719693
2453756.29166667,2006.0541866301705,82106.42285289851,0.8076301,88.4312,38.1274,296.0326,9416.6680535698,34.1928131386241,44898.55658298043
2453761.70833333,2006.0690166552504,82105.8146777868,0.8079239,88.4736,38.0228,295.8483,9392.428370632042,28.565104109836,44863.193636753545
2453764.41666667,2006.076431667816,82088.75031640645,0.808641,88.5407,37.8568,295.8023,9330.284871797217,25.68369958626289,44768.24618105387
2453767.125,2006.083846680356,82089.65914414624,0.8085558,88.6458,37.6359,295.785,9337.452823123756,22.776095071868838,44778.9254151671
2453769.83333333,2006.0912616928958,82105.47944461326,0.8076777,88.7219,37.4925,295.7464,9412.57834939074,19.924690557474776,44892.367529727264
2453775.25,2006.1060917180014,82103.2248679179,0.806869,88.7574,37.3936,295.5842,9478.541621965856,14.324781519507155,44987.39814446163
2453777.95833333,2006.1135067305413,82093.45039838999,0.8070384,88.8021,37.2764,295.5212,9462.747238393966,11.475177005113153,44961.9010543591
2453780.66666667,2006.120921743107,82093.45188117186,0.8068767,88.881,37.1227,295.475,9476.022035683118,8.605872481540018,44981.127887994495
2453786.08333333,2006.1357517681868,82114.95480843839,0.8059201,88.994,36.9607,295.3232,9558.725917726239,2.953263452751912,45106.47426551785
2453788.79166667,2006.1431667807524,82107.35887123355,0.8061265,89.019,36.9028,295.2358,9540.3047401221,0.13855892917831625,45077.830439213794
2453791.5,2006.1505817932923,82091.78527662373,0.8065975,89.0841,36.7542,295.1855,9498.620201962225,357.2702544147843,45013.38716917442
2453796.91666667,2006.1654118183978,82108.29788315028,0.8052941,89.2778,36.3888,295.1253,9608.83373680687,351.5058453768171,45176.939470606885
2453799.625,2006.1728268309378,82116.06764207705,0.8042753,89.306,36.3465,295.0437,9694.006404425236,348.71254086242305,45301.540074210236
2453802.33333333,2006.1802418434777,82107.76087778815,0.8039479,89.3166,36.3112,294.9509,9719.262646388206,345.915036348029,45335.53801361164
2453807.75,2006.1950718685832,82096.63853406375,0.8035421,89.4315,36.0745,294.829,9750.39690346124,340.21762731006186,45377.153644158745
2453810.45833333,2006.2024868811231,82112.00227257702,0.8028101,89.4992,35.9811,294.7578,9813.521216929239,337.38362279566775,45471.65148762166
2453813.16666667,2006.2099018936885,82120.09641515206,0.802227,89.5286,35.9535,294.659,9863.001528313865,334.58781827209424,45544.5083331908
2453818.58333333,2006.2247319187686,82096.76903179225,0.8025508,89.5939,35.8085,294.5005,9831.805067912153,328.9455092433061,45493.6282976044
2453821.29166667,2006.232146931334,82093.38070771839,0.8022964,89.6812,35.6322,294.4664,9852.020602086472,326.06570471973305,45521.562991594634
2453824.0,2006.2395619438742,82108.69396731727,0.8011485,89.7575,35.4996,294.4195,9949.300658441987,323.216800205339,45664.29918420761
2453826.70833333,2006.246976956414,82121.58043399683,0.7999696,89.7777,35.4779,294.3255,10048.676282844563,320.4316956909449,45808.85092919859
2453826.70833333,2006.246976956414,82121.58043399683,0.7999696,89.7777,35.4779,294.3255,10048.676282844563,320.4316956909449,45808.85092919859
2453829.41666667,2006.2543919689795,82112.60166039619,0.7995195,89.7741,35.4722,294.2189,10083.839137177054,317.64999116737135,45856.15510120685
2453834.83333333,2006.2692219940595,82099.25748543194,0.7990689,89.8517,35.2982,294.0672,10118.157815731074,311.9854821385833,45900.991040241584
2453837.54166667,2006.276637006625,82112.06458466263,0.7983452,89.9042,35.2317,293.9831,10180.155661407227,309.1654776150101,45991.988358079405
2453840.25,2006.2840520191648,82122.85377560764,0.7977854,89.9196,35.2283,293.8736,10228.30372709299,306.3831731006161,46062.75946073058
2453845.66666667,2006.2988820442704,82100.23334291947,0.7982102,89.9475,35.1391,293.6918,10188.853366221052,300.7733640626489,46000.97726619083
2453848.375,2006.3062970568103,82095.46111209787,0.7980856,90.0116,34.991,293.6479,10198.11947317258,297.91195954825486,46012.70940914348
2453851.08333333,2006.3137120693505,82108.84676510791,0.7971304,90.0718,34.8784,293.5915,10279.252599698733,295.0735550338608,46130.481613458156
2453856.5,2006.3285420944558,82116.84071270435,0.7956607,90.0606,34.8851,293.3738,10401.561449445506,289.52374599589325,46304.01183043906
2453859.20833333,2006.335957106996,82102.47288234999,0.7957372,90.0639,34.8353,293.2779,10392.344697872877,286.70864148149917,46287.132024703686
2453861.91666667,2006.3433721195613,82101.97601770404,0.7955685,90.1015,34.7444,293.2024,10406.093810263263,283.87283695792604,46306.20668174835
2453867.33333333,2006.3582021446414,82124.20285920534,0.7946622,90.1448,34.6918,293.0008,10485.066841862934,278.279827929138,46422.57599144523
2453870.04166667,2006.3656171572068,82116.04835263954,0.7948991,90.1318,34.6957,292.888,10463.93912156989,275.50152340556434,46390.85619631758
2453872.75,2006.3730321697467,82099.78397029192,0.7954808,90.1474,34.6196,292.8093,10412.845837776926,272.67731889117033,46315.02779263087
2453878.16666667,2006.3878621948522,82105.62481079045,0.7948936,90.2479,34.3662,292.705,10462.252824691912,266.98080985320314,46385.59704659577
2453880.875,2006.3952772073922,82120.94526572443,0.7940206,90.2551,34.3455,292.6101,10537.08673326676,264.1958053388091,46494.06203907329
2453883.58333333,2006.402692219932,82116.54988169619,0.7938171,90.2297,34.3599,292.4926,10552.892092602773,261.42330082441504,46514.79950916682
2453886.29166667,2006.4101072324977,82101.56666621081,0.7941051,90.2255,34.3088,292.3967,10526.157558582809,258.6068963008415,46473.443788765355
2453891.70833333,2006.4249372575775,82110.49791667511,0.7938533,90.2944,34.1393,292.241,10548.671880879452,252.94288727205384,46507.24115779395
2453894.41666667,2006.4323522701432,82120.56535786136,0.7936597,90.3018,34.1285,292.1343,10566.645792110723,250.15598274848026,46535.02937515188
2453897.08333333,2006.4396532055584,82112.53638000392,0.794055,90.2918,34.1212,292.0283,10532.530004779912,247.4143459989532,46485.37379841454
2453902.5,2006.454483230664,82091.8208616022,0.795135,90.36,33.8713,291.9128,10439.604580812133,241.7101369609856,46350.16134045402
2453905.20833333,2006.461898243204,82105.39934515792,0.7946172,90.4131,33.7372,291.866,10484.900512626698,238.85983244659155,46417.093647663234
2453907.91666667,2006.4693132557693,82119.0799009347,0.79391,90.4275,33.6954,291.782,10545.784876783631,236.0646279230184,46505.631206750506
2453913.33333333,2006.4841432808494,82095.69095815787,0.7941594,90.4135,33.6222,291.5874,10520.489984241793,230.45801889423035,46463.91792686068
2453916.04166667,2006.4915582934148,82093.92192639447,0.7943368,90.4504,33.5003,291.5239,10505.562383932456,227.60321437065676,46442.654475907744
2453918.75,2006.498973305955,82104.40405155453,0.7941193,90.4951,33.4061,291.4534,10525.575879216887,224.76910985626267,46473.42847043858
2453924.16666667,2006.5138033310602,82111.22189789695,0.794355,90.5163,33.3438,291.2635,10507.625927193016,219.17810081829555,46450.36168503893
2453926.875,2006.5212183436004,82094.19179766999,0.7951441,90.5397,33.2398,291.1971,10439.3432454843,216.33829630390147,46350.457735611955
2453929.58333333,2006.5286333561403,82094.19179766999,0.7951441,90.5397,33.2401,291.1841,10439.3432454843,213.65619178950743,46350.457735611955
2453935.0,2006.5434633812458,82117.02322531532,0.7941896,90.6987,32.8248,291.0529,10522.401096811433,207.77088275154028,46472.54184869014
2453937.70833333,2006.5508783937858,82108.67913261817,0.7939995,90.6966,32.7988,290.955,10536.29265565891,204.9775782371462,46489.526023461854
2453940.41666667,2006.5582934063511,82094.4779822698,0.7942858,90.7092,32.7165,290.8746,10509.863562540244,202.14547371357264,46448.79533786408
2453945.83333333,2006.5731234314312,82103.22190147158,0.7940707,90.8117,32.4695,290.7559,10529.322713914711,196.44096468478455,46478.308314472364
2453948.54166667,2006.5805384439966,82113.20996119792,0.7937947,90.8446,32.4186,290.6708,10554.042794011808,193.6355601612114,46515.46318752461
2453951.25,2006.5879534565365,82109.21021901978,0.7940107,90.8585,32.3797,290.5812,10535.482436568733,190.83765564681744,46488.54820915633
2453956.66666667,2006.602783481642,82086.37087842065,0.7948884,90.9575,32.0849,290.4853,10458.73056906626,185.10814660884978,46375.314596458345
2453959.375,2006.610198494182,82098.84520177248,0.7942045,91.0368,31.9041,290.4513,10517.43659772137,182.22394209445577,46460.55267088201
2453962.08333333,2006.6176135067221,82115.7278528742,0.7932214,91.0759,31.8299,290.3773,10601.638943398337,179.40633758006214,46582.23787219163
2453967.5,2006.6324435318274,82095.99346768245,0.7929574,91.0996,31.72,290.198,10619.231637131988,173.77832854209453,46601.08923079507
2453970.20833333,2006.6398585443676,82093.39850106729,0.7928734,91.1502,31.5863,290.1398,10625.590213971167,170.91702402770045,46609.1709266736
2453972.91666667,2006.647273556933,82105.13234838437,0.7923878,91.2102,31.4791,290.0751,10667.890858139248,168.0757195041274,46671.027516564696
2453978.33333333,2006.662103582013,82112.00227257702,0.7919372,91.2653,31.4069,289.8943,10706.316806438737,162.48391047533926,46726.07931581645
2453981.04166667,2006.6695185945784,82099.65642670605,0.7923463,91.2931,31.3211,289.8238,10670.161125734294,159.6582059517657,46672.62768721738
2453983.75,2006.6769336071184,82088.51903636394,0.7924883,91.3569,31.153,289.7836,10656.191835718242,156.78050143737164,46650.17001202725
2453989.16666667,2006.691763632224,82123.38212297954,0.7905418,91.4759,30.9105,289.6635,10823.279497391477,151.0790923994045,46890.51644259333
2453989.16666667,2006.691763632224,82124.54718864663,0.7905418,91.4759,30.9105,289.6635,10823.523529948985,151.0790923994045,46891.18166764139
2453991.875,2006.6991786447638,82117.79186678956,0.7899817,91.4798,30.9038,289.5512,10868.102747616967,148.2906878850104,46950.53407771449
2453997.29166667,2006.7140086698694,82087.79407294096,0.7888592,91.4241,31.0088,289.2476,10953.946210796015,142.7532788470428,47059.68920059287
2453997.29166667,2006.7140086698694,82097.87976640448,0.7897722,91.5351,30.7277,289.3872,10881.120347955724,142.61177884704284,46962.758704120184
2453997.34551618,2006.7141561017936,82064.09999231967,0.788051,91.4433,30.9894,289.3072,11015.267629272164,142.74040335426332,47136.75191959197
2454002.70833333,2006.7288386949492,82092.01806239024,0.7888752,91.4689,30.9108,289.0589,10953.524595018529,137.1277698182547,47060.31334815631
2454005.41666667,2006.7362537075148,82087.18327773652,0.7890592,91.493,30.8423,288.9714,10937.399810352368,134.30236529468164,47036.86652120501
2454008.125,2006.7436687200548,82084.56677153235,0.7891984,91.5238,30.7538,288.8982,10925.421710745855,131.47126078028754,47019.71874175074
2454010.83333333,2006.7510837325947,82083.28009028704,0.7892148,91.5547,30.6569,288.8368,10923.80431048717,128.6435562658935,47017.137650112054
2454013.59527367,2006.7586455131275,82078.97867181996,0.7889636,91.5825,30.5644,288.7549,10943.515874577666,125.74691527411039,47042.90769672301
2454016.25,2006.7659137577002,82090.51165632608,0.7884638,91.6238,30.4467,288.7132,10986.97859183492,122.97094722792633,47105.63670458487
2454018.95833333,2006.7733287702401,82092.28940074869,0.7879675,91.6432,30.3849,288.6193,11028.097052364245,120.14584271353232,47162.29928939065
2454024.375,2006.7881587953457,82088.00310983171,0.7876032,91.671,30.2709,288.4284,11057.092878918307,114.50213367556466,47200.62442738415
2454027.08333333,2006.7955738078856,82090.94311005592,0.7875653,91.6927,30.2207,288.3342,11060.828572301793,111.68832916117066,47206.55582560047
2454029.79166667,2006.8029888204512,82091.87720456366,0.7876682,91.7119,30.1694,288.235,11052.579752223965,108.86842463759751,47195.57750285941
2454035.20833333,2006.817818845531,82084.16653117996,0.7880555,91.7642,30.01,288.0719,11019.151333367668,103.20711560880943,47147.773711825896
2454035.25787209,2006.817954475264,82056.65799679367,0.7872661,91.7648,29.9889,288.0783,11078.096576624108,103.14358890492719,47220.28853241873
2454037.91666667,2006.8252338580965,82083.69366090275,0.7880686,91.7945,29.9169,288.0101,11017.975814726242,100.38281108523586,47146.03424427713
2454043.33333333,2006.8400638831765,82087.37748565934,0.7874431,91.8596,29.7077,287.8893,11070.102187481547,94.71400205644773,47218.17529421808
2454046.04166667,2006.847478895742,82094.00051505351,0.7869007,91.8799,29.6378,287.7965,11116.037743957544,91.88189753287463,47282.60401878032
2454048.75,2006.854893908282,82088.58575159364,0.7866541,91.8893,29.581,287.6938,11135.12690690092,89.0529930184806,47307.010669662464
2454048.79894329,2006.8550279077072,82056.3558494989,0.786803,91.8914,29.5687,287.674,11116.032598045613,88.97265322544098,47271.82570771147
2454051.45833333,2006.862308920822,82087.36710810769,0.7865538,91.9049,29.5211,287.6005,11143.100277230578,86.23038850408653,47317.49772242691
2454054.16666667,2006.8697239333874,82089.74068783222,0.7865229,91.9255,29.4692,287.5061,11146.143481790425,83.41468398051342,47322.31250066509
2454059.58333333,2006.8845539584674,82088.10540496533,0.7868724,91.9671,29.3486,287.3169,11117.104593507285,77.76607495172527,47282.36854621821
2454059.62978773,2006.8846811436827,82062.31488535527,0.7867751,91.9932,29.347,287.2765,11119.592585198394,77.6782882742803,47278.37193940291
2454062.29166667,2006.8919689710328,82082.89913558369,0.7870596,91.9958,29.2561,287.2433,11100.629075090847,74.93057042815173,47258.464082672836
2454067.70833333,2006.906798996113,82082.04533876225,0.7869296,92.0547,29.0603,287.1242,11111.117933148207,69.27686139936361,47272.49146022695
2454070.41666667,2006.9142140086783,82086.48354573839,0.7865386,92.0884,28.9552,287.0607,11144.159398750284,66.43885687579052,47318.683789750896
2454073.125,2006.9216290212185,82093.23984404649,0.7859935,92.1103,28.8803,286.9719,11190.350632684933,63.60575236139647,47383.3311107776
2454078.54166667,2006.9364590463238,82086.07586977536,0.7856307,92.1313,28.7645,286.7735,11218.598323950633,57.95274332342888,47419.57183919203
2454081.25,2006.9438740588637,82089.02459292731,0.7856091,92.1515,28.7103,286.6783,11221.003562599823,55.13393880903482,47423.67779127219
2454083.95833333,2006.9512890714038,82090.22402365568,0.7857249,92.1714,28.6584,286.5836,11211.754661691228,52.317934294640736,47411.48845362847
2454089.375,2006.9661190965091,82082.94360477646,0.7861565,92.2189,28.4995,286.4187,11174.767650748012,46.65532525667362,47359.23432078976
2454092.08333333,2006.9735341090493,82081.73554644675,0.7862056,92.2509,28.3965,286.3547,11170.47910211126,43.818920742279545,47353.06718110435
2454094.79166667,2006.9809491216147,82081.6614338859,0.7860398,92.2798,28.2952,286.2958,11184.07239672652,40.989316218705994,47371.49256938758
2454099.91666667,2006.9949806068987,82061.6423474106,0.7851146,92.3269,28.1214,286.1596,11255.712540480266,35.62798151644762,47462.799836503276
2454100.20833333,2006.9957791466948,82090.82746210828,0.7851611,92.329,28.1124,286.1438,11258.16677204914,35.31570718991833,47474.515239952845
2454102.91666667,2007.0031941592601,82088.83037526226,0.7848721,92.3376,28.0598,286.0424,11281.461392086387,32.492302666344756,47505.446485570494
2454107.91666667,2007.0168834131957,82088.07427163006,0.7847842,92.3635,27.9569,285.8638,11288.514274828276,27.282671249506905,47514.762355914594
2454111.04166667,2007.0254391969056,82089.75699659373,0.784885,92.3866,27.8938,285.7532,11280.601776322257,24.028889113983553,47504.55108965338
2454113.75,2007.0328542094455,82087.81779337225,0.7851082,92.4063,27.8285,285.6631,11261.862623689789,21.20408459958952,47478.64994133036
2454116.45833333,2007.0402692219857,82083.26526706418,0.7853117,92.4314,27.7419,285.5863,11244.18037863506,18.37128008519545,47453.41154782476
2454116.49494748,2007.0403694660645,82068.01127141083,0.7850872,92.4372,27.7347,285.5681,11259.32979277046,18.309792216800417,47469.525580522444
2454119.16666667,2007.047684234551,82081.78890759415,0.7853829,92.461,27.6415,285.5206,11238.019198160024,15.535775561621904,47444.64583055459
2454119.20275,2007.0477830253255,82061.41273959356,0.7850492,92.4706,27.615,285.505,11261.030017505827,15.458110882787992,47469.92707368792
2454124.58333333,2007.062514259631,82086.58583613801,0.7848491,92.5214,27.4321,285.3925,11282.866520572346,9.859466532833778,47506.69985051399
2454127.29166667,2007.0699292721965,82091.1062040076,0.7843879,92.5422,27.3556,285.3051,11321.699499969107,7.026162009260645,47560.46042641653
2454130.0,2007.0773442847365,82089.27663283127,0.7841068,92.5515,27.3011,285.2046,11344.38031794717,4.201757494866683,47590.53718827244
2454135.41666667,2007.092174309842,82088.40932716985,0.7840189,92.5818,27.1898,285.0113,11351.408643732406,358.558348456899,47599.765311212876
2454138.125,2007.099589322382,82089.47381834028,0.7841375,92.6007,27.1409,284.9139,11341.902742111475,355.7426439425054,47587.25222032671
2454140.83333333,2007.1070043349218,82087.54797447732,0.7843664,92.6192,27.0792,284.8231,11322.69718490925,352.9207394281114,47560.78130908827
2454143.5,2007.1143052703628,82085.3331713042,0.7845778,92.6415,26.9978,284.7467,11304.866759495328,350.1346026694047,47536.067037276094
2454146.20833333,2007.1217202829027,82082.19949487921,0.7846767,92.6682,26.9051,284.679,11296.073766495725,347.3047981550107,47523.28576052318
2454148.91666667,2007.1291352954681,82081.10559501199,0.7845748,92.6967,26.7991,284.6173,11304.202289026574,344.46769363143716,47533.951424591505
2454154.33333333,2007.1439653205482,82092.26419435862,0.783723,92.7432,26.6184,284.4562,11376.532323163303,338.7870846026491,47634.740655405396
2454157.04166667,2007.1513803331136,82089.31518028128,0.7834785,92.754,26.5572,284.356,11395.965356807277,335.95628007907595,47660.05931901736
2454159.75,2007.1587953456537,82086.33826426924,0.7833961,92.7637,26.5015,284.2604,11402.084704759947,333.1355755646819,47667.43558594507
2454165.16666667,2007.173625370759,82090.24626320528,0.783564,92.7982,26.4046,284.0667,11389.148240223096,327.5061665267143,47651.14989608563
2454167.875,2007.1810403832992,82087.56576466587,0.7838052,92.8145,26.3455,283.9748,11368.768562978787,324.68576201232025,47622.92272828546
2454170.58333333,2007.1884553958391,82085.7778989097,0.7840184,92.8389,26.2617,283.8955,11350.881347851153,321.8532574979262,47598.29479500041
2454176.0,2007.2032854209447,82083.07404808934,0.7841251,92.8865,26.0768,283.7645,11341.539101823879,316.198548459959,47584.91520655235
2454178.70833333,2007.2107004334846,82087.87264693528,0.7837711,92.9135,25.9651,283.6963,11371.634105786901,313.349243945565,47626.87263887483
2454181.41666667,2007.21811544605,82093.94120284061,0.78328,92.9319,25.8865,283.6029,11413.262637479618,310.50783942199183,47684.67619747289
2454186.83333333,2007.23294547113,82087.54649196204,0.7830015,92.9459,25.7728,283.4008,11434.738157436024,304.8532303932038,47711.707077460924
2454189.54166667,2007.2403604836954,82088.89412597223,0.7830394,92.961,25.7241,283.306,11431.919422907407,302.0403258696302,47708.307802124786
2454192.25,2007.2477754962354,82090.66733485322,0.783228,92.9543,25.6809,283.2103,11416.8218395108,299.23202135523616,47688.517323066066
2454197.66666667,2007.262605521341,82085.9439320933,0.7837536,92.988,25.5431,283.0413,11372.653565917017,293.5864123172689,47627.689126562684
2454200.375,2007.2700205338808,82084.2866027734,0.7838883,93.0087,25.4598,282.973,11361.238421012584,290.76540780287496,47611.82723776022
2454203.125,2007.2775496235456,82082.41294300529,0.7839111,93.0517,25.3627,282.9092,11358.962022199777,287.8940355236139,47608.21781003893
2454208.54166667,2007.292379648651,82094.58919457479,0.7831255,93.0964,25.1622,282.753,11426.086684278807,282.1985264856467,47702.1134147917
2454211.25,2007.299794661191,82089.68879637227,0.7829005,93.1018,25.1055,282.6434,11443.494092848023,279.3628219712527,47724.0961611896
2454213.91666667,2007.3070955966318,82086.96831610789,0.7828681,93.1092,25.0432,282.5479,11445.56309571631,276.5766852125461,47726.08861104976
2454222.04166667,2007.3293406342773,82088.16025900883,0.783393,93.1525,24.8871,282.2662,11402.733829223123,268.1306716601849,47668.83610799107
2454227.45833333,2007.3441706593571,82084.53415917292,0.7837601,93.1889,24.7243,282.1186,11371.815158126139,262.48146263139677,47626.152270173676
2454230.16666667,2007.3515856719227,82082.0779486497,0.7837873,93.2081,24.6351,282.056,11369.051394888016,259.6602581078232,47621.7188494485
2454232.875,2007.3590006844627,82084.51637062688,0.7835934,93.2304,24.5255,281.9924,11385.494800411701,256.81765359342916,47644.57404033035
2454238.29166667,2007.3738307095682,82092.44508770437,0.7827968,93.2563,24.38,281.7968,11452.605468873675,251.137744555462,47737.13725153724
2454241.0,2007.3812457221081,82086.27007114826,0.7827803,93.2612,24.3157,281.6941,11452.618658973804,248.30134004106793,47735.366025054005
2454243.70833333,2007.388660734648,82088.52051892313,0.7828184,93.2748,24.2628,281.598,11449.979927932554,245.48293552667394,47732.47290657472
2454249.125,2007.4034907597536,82087.98680194131,0.7833203,93.302,24.1594,281.4119,11408.664053848604,239.8546264887063,47676.76643486733
2454251.83333333,2007.4109057722935,82084.20803736012,0.7835966,93.3181,24.0812,281.3348,11385.165405592057,237.02992197431223,47644.04133667703
2454257.25,2007.425735797399,82082.9124763352,0.7837646,93.3556,23.906,281.2031,11371.095112485329,231.38421293634508,47624.71367011031
2454262.66666667,2007.4405658225046,82092.23453980686,0.7831441,93.395,23.7079,281.0561,11424.049104140902,225.7003038983779,47698.691766923206
2454265.375,2007.4479808350445,82092.15595537418,0.7828315,93.4013,23.6547,280.9494,11449.694070594678,222.87099938398387,47733.14193063315
2454268.08333333,2007.4553958475844,82086.16333437366,0.7828063,93.4041,23.5953,280.8445,11450.461233396958,220.0372948695898,47732.436709564405
2454273.5,2007.47022587269,82089.02459292731,0.7830499,93.4308,23.4966,280.649,11431.085794338042,214.4042858316222,47707.22478368174
2454278.875,2007.4849418206709,82083.80038964922,0.7836395,93.458,23.3669,280.4814,11381.555794204696,208.80924455852153,47639.06213595818
2454281.58333333,2007.4923568332108,82083.39719398286,0.783813,93.4764,23.2809,280.4124,11367.227089175574,205.98484004412745,47619.6415589778
2454289.75,2007.514715947981,82089.7095529464,0.7832579,93.5309,22.9981,280.196,11414.159736895666,197.43635872689936,47684.65898043923
2454295.125,2007.5294318959616,82086.59917838755,0.7829601,93.5399,22.8873,279.9893,11437.930977017311,191.82111745379865,47715.724609834746
2454297.9900052,2007.537275852703,82114.57942106189,0.7853011,93.4659,22.8072,279.8817,11251.773575664627,188.80959302689365,47472.69293729896
2454305.95833333,2007.5590919461472,82084.29104987788,0.7838694,93.5903,22.6631,279.6214,11362.790775184732,180.55139938704338,47613.920867547036
2454308.66666667,2007.5665069587126,82083.65363771228,0.7840706,93.6072,22.5802,279.5511,11346.137779799034,177.72879486347028,47591.284894007964
2454314.08333333,2007.5813369837927,82083.6551200518,0.7842102,93.636,22.4164,279.3733,11334.679221624958,172.04838583468216,47575.828664060136
2454319.5,2007.596167008898,82091.79862098616,0.7833506,93.6656,22.2413,279.2279,11407.002616157477,166.38907679671456,47675.63320778246
2454322.20833333,2007.603582021438,82087.0305807107,0.7833527,93.6677,22.1854,279.1255,11405.797240328406,163.56137228232052,47672.632143222334
2454324.91666667,2007.6109970340035,82086.78745293118,0.7834475,93.6776,22.1307,279.0276,11397.962739900884,160.7393677587474,47662.017320271654
2454330.33333333,2007.6258270590833,82087.18031273897,0.784022,93.7024,22.0362,278.8369,11350.888729584736,155.11535872995933,47598.70951996602
2454333.04166667,2007.633242071649,82085.37171412495,0.7843521,93.7144,21.9657,278.7567,11323.401730870448,152.29525420638572,47561.10483911246
2454335.75,2007.640657084189,82084.66609119019,0.7845777,93.7293,21.8866,278.6858,11304.731264096195,149.47584969199164,47535.69181471483
2454338.54923443,2007.648320970376,82089.00828452957,0.7844905,93.7501,21.7759,278.6366,11312.824830894826,146.55695066463437,47547.87367248383
2454341.16666667,2007.6554871092944,82084.75503442233,0.7845623,93.7627,21.6966,278.5506,11306.014529679362,143.81184065402448,47537.450712051264
2454341.16666667,2007.6554871092944,82086.38570304564,0.7845667,93.7626,21.6922,278.55,11306.004657079948,143.80684065402454,47537.907248103096
2454346.58333333,2007.6703171343743,82092.25381526246,0.7840036,93.7825,21.5427,278.357,11353.494991982954,138.12553162523648,47603.68817119211
2454349.29166667,2007.67773214694,82086.98314100261,0.7840241,93.7838,21.4821,278.2549,11350.673762162865,135.29342710166333,47598.36274111897
2454354.70833333,2007.6925621720197,82089.08834401435,0.7843733,93.8056,21.386,278.0628,11322.462925628273,129.66641807287522,47560.90920827655
2454360.16666667,2007.70750627425,82085.75862725527,0.7851094,93.8254,21.2613,277.8869,11261.321622866066,123.98594127004111,47477.32568124951
2454362.875,2007.7149212867898,82085.68154075067,0.7853529,93.8384,21.1837,277.8158,11241.31719424566,121.16783675564704,47450.230002017866
2454365.58333333,2007.7223362993298,82084.02125996254,0.7855043,93.8523,21.1003,277.7498,11228.533298970544,118.34903224125298,47432.44109285315
2454368.29166667,2007.7297513118954,82083.81521311369,0.7854462,93.8675,20.9929,277.6816,11233.258172471355,115.50402771767943,47438.78114745901
2454373.66666667,2007.7444672598763,82093.085636088,0.7848802,93.8856,20.8279,277.4859,11281.711863418122,109.84558644457877,47507.0100722229
2454376.375,2007.7518822724162,82087.21737522763,0.784934,93.8854,20.7603,277.3814,11276.033192020705,107.00408193018473,47497.64308585725
2454379.08333333,2007.7592972849561,82087.30632537107,0.7850306,93.8932,20.7052,277.2867,11268.122688381221,104.18487741579065,47486.97086285573
2454384.5,2007.7741273100617,82088.95639422703,0.7856992,93.9143,20.608,277.0996,11213.592726447963,98.56176837782351,47413.61569287909
2454388.58333333,2007.785306867434,82100.61598188507,0.7861853,93.9295,20.4956,276.981,11176.182275981964,94.30612772379897,47366.22153032032
2454391.29166667,2007.7927218799994,82104.47673218278,0.7864024,93.9411,20.4158,276.9149,11159.182879250091,91.4908232002258,47344.24725963458
2454398.04166667,2007.8112023728124,82092.29533166681,0.7861724,93.9721,20.1584,276.734,11175.46218926152,84.39954578749462,47362.85844378791
2454400.75,2007.8186173853526,82095.33655103427,0.7859005,93.9765,20.0923,276.6232,11198.43420790816,81.55324127310064,47394.89660082946
2454403.45833333,2007.8260323978925,82086.73556613817,0.7859928,93.9733,20.0211,276.5136,11189.016135649641,78.70303675870656,47379.65485765868
2454408.875,2007.840862422998,82089.22622469571,0.7863753,93.9903,19.9181,276.3208,11158.150025482753,73.06842772073941,47338.47463211927
2454411.58333333,2007.848277435538,82086.88233185047,0.786786,93.9982,19.8621,276.2306,11123.936229503166,70.25282320634534,47291.30928880757
2454414.29166667,2007.8556924481034,82084.8721433788,0.7871903,94.0078,19.7885,276.151,11090.320715370797,67.4302186827718,47244.996606697605
2454419.70833333,2007.8705224731834,82084.42446329254,0.7876143,94.0289,19.6256,276.0148,11055.421648733512,61.79230965398369,47197.324653543474
2454422.41666667,2007.8779374857488,82083.51133343013,0.7876522,94.0387,19.5243,275.9492,11052.116747928952,58.956005130410574,47192.558470767326
2454425.125,2007.8853524982887,82090.05203831417,0.7873881,94.0511,19.4105,275.8705,11075.185634964846,56.09410061601653,47225.86485430682
2454430.54166667,2007.9001825233943,82087.05874806983,0.7871624,94.0548,19.2765,275.6493,11093.076274998182,50.40009157804934,47249.37303805221
2454433.25,2007.9075975359342,82086.87788439501,0.787276,94.0597,19.2068,275.5501,11083.712711080048,47.56178706365529,47236.57218641019
2454435.95833333,2007.9150125484744,82087.84596140668,0.7875477,94.0701,19.1651,275.4528,11061.615376546562,44.75338254926129,47206.74395109019
2454441.375,2007.9298425735797,82084.71352755069,0.7883763,94.0846,19.0351,275.2841,10992.934490140326,39.11587351129367,47112.12483331718
2454444.08333333,2007.9372575861198,82084.41260430039,0.7886541,94.0929,18.9497,275.2151,10970.06775782721,36.292068996899616,47080.78117821351
2454446.79166667,2007.9446725986852,82083.64770835487,0.7888132,94.1034,18.8653,275.1484,10956.846591854797,33.47156447332645,47062.47866556746
2454452.20833333,2007.9595026237653,82086.98758847233,0.7886491,94.1239,18.6565,275.0034,10971.022405112459,27.778955444538383,47082.81938363233
2454454.91666667,2007.9669176363307,82094.8857625628,0.7883361,94.13,18.5811,274.9015,10998.387390558519,24.932250920964805,47122.47222117594
2454457.625,2007.9743326488706,82088.18546224874,0.7884002,94.1275,18.5223,274.7901,10991.707326174741,22.092646406570793,47111.436716831
2454463.04166667,2007.9891626739761,82088.80072381142,0.7888176,94.1414,18.4036,274.5897,10957.573649976233,16.434737368603578,47064.938947839764
2454465.75,2007.996577686516,82085.97802829741,0.7892846,94.1507,18.3521,274.4967,10918.6433946239,13.620832854209539,47010.83325505228
2454468.45833333,2008.003992699056,82084.12354269151,0.7896948,94.1571,18.2779,274.418,10884.581718470445,10.798528339815505,46963.606862625435
2454473.875,2008.0188227241615,82083.7129313452,0.790147,94.1764,18.1105,274.2813,10847.377109781582,5.155619301848333,46912.41384341551
2454476.58333333,2008.0262377367014,82083.79890730315,0.7901912,94.1859,18.0126,274.2124,10843.767048182586,2.3194147874543205,46907.47831595333
2454479.29166667,2008.033652749267,82088.3885714176,0.7900184,94.1956,17.9022,274.1353,10858.914873647982,359.4625102638807,46929.58592020948
2454484.70833333,2008.048482774347,82088.80220638333,0.789796,94.1989,17.7691,273.9257,10877.2582789906,353.7810012350926,46954.88498735913
2454487.41666667,2008.0558977869125,82085.00259435372,0.78998,94.2003,17.6988,273.8255,10861.355944866167,350.9410967115195,46931.978546328355
2454487.41666667,2008.0558977869125,82085.00259435372,0.78998,94.2003,17.6988,273.8255,10861.355944866167,350.9410967115195,46931.978546328355
2454492.83333333,2008.0707278119924,82087.54945699267,0.7907202,94.2189,17.6009,273.632,10801.129632849535,345.31088768273145,46849.908261013676
2454495.54166667,2008.078142824558,82085.29462852872,0.7911608,94.2244,17.53,273.5519,10764.490961986236,342.49048315915786,46798.8138057509
2454498.20833333,2008.0854437599733,82084.63496111587,0.7914598,94.232,17.452,273.4829,10739.809891718092,339.71514640963073,46764.59910495233
2454500.91666667,2008.0928587725386,82084.04646002561,0.7916618,94.2414,17.3697,273.4153,10723.10618819811,336.8958418860572,46741.385487742955
2454509.08333333,2008.1152178872833,82094.29411208502,0.7913659,94.262,17.0862,273.1613,10749.532867210159,328.30906057800854,46780.733552090554
2454511.79166667,2008.122632899849,82088.9267426624,0.7914326,94.2584,17.0273,273.053,10742.937719507563,325.472456054435,46770.123928102985
2454514.45833333,2008.1299338352642,82085.61631384966,0.791624,94.2579,16.961,272.9573,10726.536085014739,322.68211930490787,46746.56177391329
2454519.875,2008.1447638603697,82087.24850775042,0.79238,94.2749,16.8619,272.7664,10664.818235179146,317.0533102669407,46661.74750421796
2454522.58333333,2008.1521788729096,82085.30055818353,0.7928523,94.2792,16.793,272.6849,10625.64491443644,314.2335057525467,46606.97268076631
2454525.29166667,2008.159593885475,82085.20420142534,0.7931891,94.2849,16.716,272.6141,10597.978657580557,311.4163012289731,46568.599493793925
2454530.70833333,2008.174423910555,82083.55135644713,0.7935488,94.2983,16.5382,272.4785,10568.111377800133,305.764092200185,46526.6946459142
2454533.41666667,2008.1818389231205,82090.20474939156,0.7934134,94.3052,16.4255,272.3992,10580.599992480651,302.9026876766119,46545.89358767669
2454536.125,2008.1892539356604,82096.16993285871,0.7932159,94.308,16.3446,272.2954,10598.04631301325,300.0485831622178,46571.76935795855
2454544.29166667,2008.2116130504305,82089.15209522516,0.7938254,94.3086,16.1637,271.9921,10546.561797572207,291.51510184498966,46498.33337502455
2454545.25,2008.2142368240932,82098.3676710538,0.8400932,83.2333,45.8106,296.0738,6749.950959501666,344.2991433264889,40807.348885756364
2454546.95833333,2008.218913985846,82087.55686957038,0.7942994,94.3145,16.1142,271.9018,10507.323400604751,288.74696509546254,46443.32593892204
2454552.375,2008.2337440109513,82085.76455699389,0.7951429,94.3211,15.9669,271.7508,10437.715378428553,283.109856057495,46345.83713708789
2454555.125,2008.2412731006161,82085.19678937872,0.7954025,94.3264,15.8878,271.683,10416.289750114911,280.2524837782344,46315.774248345035
2454557.83333333,2008.248688113156,82083.28009028704,0.7955744,94.3305,15.793,271.6158,10401.78748242498,277.42107926384034,46294.98544592171
2454563.25,2008.2635181382614,82097.47343189464,0.7952507,94.3369,15.5866,271.4354,10431.263916949027,271.6954702258727,46340.09844215076
2454565.95833333,2008.2709331508015,82089.55536156605,0.7953757,94.3298,15.5208,271.3218,10419.381503171697,268.8466657114787,46321.305277133935
2454568.625,2008.2782340862423,82086.16036946821,0.795564,94.3255,15.4451,271.2251,10403.229981292598,266.0459289527721,46297.80256443372
2454574.04166667,2008.2930641113478,82087.45754116798,0.7963734,94.3374,15.349,271.042,10337.053581752394,260.4279199148049,46205.597496869654
2454576.75,2008.3004791238877,82085.93800232228,0.7968496,94.3391,15.2764,270.9626,10297.654839546967,257.6065154004109,46149.95530267006
2454579.45833333,2008.3078941364276,82085.43842296007,0.7972061,94.3416,15.198,270.8936,10268.28989100192,254.7897108860168,46108.605900016584
2454584.91666667,2008.3228382386578,82083.12444678083,0.7976591,94.3478,15.0279,270.7608,10230.636975373638,249.1069340831827,46055.05617371121
2454587.625,2008.3302532511977,82086.26562377573,0.7976154,94.3501,14.9107,270.6864,10234.859733761603,246.24592956878865,46061.862489963234
2454593.0,2008.3449691991786,82091.56287138198,0.797432,94.344,14.7592,270.473,10250.987407730101,240.58328829568802,46085.99691939605
2454598.41666667,2008.3597992242842,82088.56203060756,0.797933,94.3432,14.6298,270.2781,10209.253163838775,234.9201792577208,46026.47682127001
2454601.125,2008.367214236824,82087.67102347859,0.7984608,94.3477,14.5835,270.1885,10165.747247935056,232.11487474332677,45964.950311893495
2454603.83333333,2008.374629249364,82085.45324716407,0.7989561,94.3479,14.5111,270.1115,10124.643354077534,229.2960702289327,45906.34882919693
2454609.25,2008.3894592744696,82085.28425163534,0.7995489,94.353,14.3546,269.9787,10075.949222052981,223.66796119096512,45837.485968261324
2454611.95833333,2008.3968742870095,82084.11464852853,0.7997294,94.355,14.2664,269.913,10060.898591129595,220.84465667657105,45815.86855454896
2454614.66666667,2008.404289299575,82084.59641915995,0.7997165,94.3559,14.1534,269.8396,10062.053966916816,217.98885215299794,45817.6361420565
2454620.08333333,2008.419119324655,82093.24132681884,0.7995091,94.3515,13.9997,269.6313,10080.811537531104,212.28804312420988,45846.55080908223
2454622.79166667,2008.4265343372203,82084.80543569417,0.7997748,94.3422,13.9164,269.5264,10057.310285322952,209.4304386006363,45810.979187666875
2454625.5,2008.4339493497605,82087.17290024627,0.8000265,94.3471,13.8663,269.4303,10037.122969967399,206.61483408624224,45783.04138884867
2454628.20833333,2008.4413643623004,82086.84378725645,0.8005732,94.3527,13.8255,269.3387,9992.180278592436,203.81302957184818,45719.22639130309
2454633.625,2008.456194387406,82085.27683957067,0.8014446,94.3525,13.6767,269.1933,9920.338676991692,198.18002053388102,45616.704115214874
2454636.33333333,2008.4636093999459,82084.71204516337,0.8016968,94.3555,13.5997,269.1282,9899.524769634441,195.36851601948695,45586.918734753715
2454639.04166667,2008.4710244125113,82084.49413495789,0.8018859,94.3571,13.5122,269.0613,9883.959379502458,192.54471149591387,45564.68451951326
2454644.45833333,2008.4858544375913,82093.27098227982,0.8017129,94.3571,13.309,268.8955,9899.900332590421,186.8369024671258,45589.789657532274
2454647.16666667,2008.4932694501567,82093.77957760416,0.8017207,94.3521,13.2543,268.7848,9899.360849001652,184.0020979435522,45589.16008857175
2454649.875,2008.5006844626969,82084.37702734966,0.8020212,94.3426,13.1778,268.6798,9872.830162622255,181.15119342915813,45548.78952445518
2454655.29166667,2008.5155144878022,82087.29150033044,0.8028493,94.353,13.0825,268.4895,9805.430680394196,175.52678439119097,45453.36794004055
2454658.0,2008.5229295003423,82084.38740395632,0.8034249,94.3519,13.0152,268.4109,9757.610362371455,172.71147987679694,45384.16128608519
2454658.0,2008.5229295003423,82084.38740395632,0.8034249,94.3519,13.0152,268.4109,9757.610362371455,172.71147987679694,45384.16128608519
2454666.20833333,2008.5454026922114,82082.47371668386,0.8042866,94.3556,12.7701,268.2082,9686.503711502837,164.1733308038813,45281.675186226625
2454671.54166667,2008.5600045630931,82093.03967039431,0.8041913,94.3532,12.5727,268.0425,9696.395076908335,158.5535572864681,45298.73664816054
2454674.25,2008.567419575633,82092.98777372073,0.8042262,94.3476,12.513,267.934,9693.519869814847,155.71595277207405,45294.59488391011
2454679.66666667,2008.5822496007386,82086.09217671669,0.8048468,94.3401,12.3786,267.7374,9641.22726378123,150.0461437341064,45217.57911305074
2454682.375,2008.5896646132785,82087.22182272907,0.805393,94.3467,12.3409,267.6436,9596.611677255834,147.2452392197128,45153.645763704604
2454685.08333333,2008.5970796258187,82085.28276922228,0.8060152,94.3453,12.2759,267.5632,9545.160860931026,144.43043470531876,45078.90489905666
2454693.20833333,2008.619324663464,82083.25044384802,0.8069823,94.3445,12.0358,267.3648,9465.383909195521,135.98372115295712,44962.98518215966
2454695.91666667,2008.6267396760295,82085.95727408199,0.8070522,94.342,11.9289,267.2896,9460.168566928116,133.132216629384,44956.15600747654
2454698.625,2008.6341546885694,82092.88249786338,0.8069585,94.3386,11.8299,267.1963,9469.196876711292,130.27051211498997,44971.091262428694
2454704.04166667,2008.648984713675,82085.44138780033,0.8073564,94.3192,11.6909,266.9885,9435.098636534853,124.58490307702232,44919.67904599466
2454706.75,2008.6563997262149,82085.58370044775,0.8076721,94.319,11.627,266.8978,9409.211633381345,121.76089856262831,44882.15655642984
2454709.45833333,2008.6638147387548,82088.41673994168,0.8082349,94.3238,11.5848,266.8046,9363.557144976592,118.9560940482342,44816.57772010142
2454714.875,2008.6786447638603,82085.8416436934,0.8093376,94.3173,11.4376,266.6557,9272.547273806531,113.32118501026707,44683.29656662277
2454717.5,2008.6858316221767,82086.2003957144,0.8096626,94.3163,11.3621,266.5944,9245.93765919925,110.59711601642744,44644.533850215594
2454720.20833333,2008.6932466347166,82085.03075997316,0.8099303,94.3144,11.2748,266.5289,9223.740871038872,107.77491150203343,44611.77784860501
2454728.41666667,2008.7157198266113,82094.40087529276,0.8100668,94.2947,10.9832,266.2495,9214.315960327158,99.11356241993826,44600.479810773664
2454731.125,2008.7231348391513,82085.88759931191,0.8103902,94.2799,10.9015,266.1487,9186.152430528016,96.26165790554421,44556.99669596432
2454733.83333333,2008.7305498516912,82086.1766764515,0.8107031,94.278,10.8374,266.0592,9160.522477704571,93.43865339115013,44519.51811868533
2454741.95833333,2008.7527948893367,82086.29823785498,0.8123766,94.2729,10.6403,265.823,9023.17406880036,84.99713983878894,44317.64164693438
2454744.66666667,2008.7602099019023,82086.4420366816,0.8127273,94.2699,10.5612,265.7596,8994.413333602859,82.18523531521532,44275.25958693929
2454747.375,2008.7676249144422,82084.93440400674,0.8130242,94.2654,10.4725,265.6954,8969.759978136684,79.36293080082135,44238.46278593535
2454752.79166667,2008.7824549395477,82094.25704160797,0.8130761,94.2507,10.243,265.532,8967.242393819826,73.63122176285412,44237.19259940509
2454755.5,2008.7898699520877,82095.86890459954,0.8131616,94.2405,10.1691,265.421,8960.524492745128,70.77691724846011,44227.6890942143
2454760.91666667,2008.804699977193,82087.5435269317,0.8137962,94.2188,10.0104,265.2265,8906.876237380086,65.08490821049247,44146.13670474697
2454763.625,2008.8121149897331,82088.60650747053,0.8143597,94.222,9.9673,265.1387,8860.817238628779,62.284603696098884,44078.139620462534
2454771.75,2008.8343600273786,82087.008343339,0.8158401,94.204,9.7258,264.9311,8738.998947808479,53.82729014373723,43896.53510021815
2454774.45833333,2008.8417750399185,82085.46510653206,0.8161444,94.1996,9.6384,264.8674,8713.736138440518,51.00678562934314,43858.447719892996
2454777.16666667,2008.849190052484,82083.59582652326,0.8163028,94.1905,9.5232,264.7972,8700.39041926401,48.151981105770005,43838.03811228035
2454782.58333333,2008.864020077564,82097.53868235298,0.816252,94.1711,9.3269,264.6013,8707.122237804997,42.42097207698197,43851.71188012419
2454796.125,2008.901095140315,82085.57332346303,0.818631,94.1335,8.9586,264.1676,8509.642048103167,28.271949486653114,43552.597671164396
2454798.83333333,2008.908510152855,82086.49540547855,0.8189683,94.1284,8.8766,264.1052,8482.121510295972,25.458144972259106,43511.39486281648
2454804.20833333,2008.9232261008356,82085.28276922228,0.8194487,94.1121,8.6748,263.9728,8442.46821485068,19.82620369915844,43451.29154093916
2454809.66666667,2008.9381702030657,82097.68401338524,0.8194004,94.0885,8.4685,263.778,8448.672593743766,14.045226896324323,43463.83953111729
2454812.375,2008.9455852156057,82086.18112381198,0.819777,94.0705,8.3886,263.6684,8415.68152067677,11.186322381930268,43411.076755119306
2454817.79166667,2008.9604152407112,82087.2307177338,0.8206435,94.0654,8.258,263.4814,8344.742096225224,5.529913343963074,43304.01816610559
2454820.5,2008.9678302532511,82085.14935232003,0.8213666,94.0596,8.1907,263.4033,8285.01301831273,2.715108829569033,43212.877134707676
2454823.20833333,2008.9752452657913,82085.26942750766,0.8218501,94.0494,8.0988,263.3386,8245.346239983546,359.88910431517496,43152.61018208544
2454828.625,2008.9900752908966,82084.06276595908,0.8224687,94.0405,7.9304,263.2149,8194.354072122307,354.2581952772074,43074.64506202908
2454831.33333333,2008.9974903034367,82083.73813117163,0.8226619,94.0303,7.8204,263.145,8178.437861079532,351.4088907628133,43050.28971722445
2454836.75,2009.012320328542,82095.9267374007,0.8226591,94.0089,7.619,262.9585,8180.829233944705,345.68218172484615,43057.03292301103
2454844.83333333,2009.0344512890629,82086.015089429,0.8238977,93.9842,7.409,262.6645,8077.3997550831555,337.2110359373514,42896.40426896886
2454847.54166667,2009.0418663016285,82083.9767893102,0.8246635,93.9802,7.3484,262.5834,8014.180896318887,334.39993141377835,42798.9132832407
2454850.25,2009.0492813141684,82083.80780138062,0.8252023,93.9686,7.255,262.5182,7969.924510923385,331.57192689938427,42730.83067980288
2454855.66666667,2009.064111339274,82084.75355203316,0.8258574,93.9558,7.0872,262.3927,7916.316103910292,325.93981786141666,42648.48153579282
2454861.08333333,2009.0789413643538,82089.26477208654,0.8261018,93.9312,6.8596,262.2393,7897.039083189258,320.2200088326286,42619.87002602164
2454863.79166667,2009.0863563769192,82096.8224173761,0.8261516,93.9195,6.7736,262.1375,7894.264922344968,317.36280430905543,42617.48249817382
2454869.20833333,2009.1011864019993,82083.79446026533,0.8269075,93.8874,6.6123,261.94,7829.952892613475,311.66519528026737,42514.803130084736
2454871.91666667,2009.1086014145646,82086.88381433577,0.8274098,93.889,6.5583,261.8488,7789.255394892976,308.85059075669375,42452.52537100102
2454874.625,2009.1160164271048,82085.54812222807,0.8281783,93.8851,6.4997,261.766,7725.942123793031,306.0397862422998,42353.890450549654
2454882.75,2009.1382614647503,82084.87807295732,0.8294999,93.8545,6.239,261.576,7617.3436199270345,297.58087268993853,42184.49823978165
2454885.45833333,2009.1456764772902,82084.48227594058,0.8297419,93.8407,6.127,261.5071,7597.411691785315,294.7305681755445,42153.256342220884
2454888.16666667,2009.1530914898556,82091.45908278467,0.829804,93.8247,6.0061,261.424,7593.50167005362,291.8571636519709,42148.86943903292
2454896.29166667,2009.175336527501,82084.50895873555,0.8306378,93.7721,5.7486,261.1291,7523.876723171163,283.2965500996097,42038.13495203879
2454899.0,2009.182751540041,82086.62289795566,0.831141,93.7706,5.6881,261.0415,7482.928755925894,280.47904558521566,41974.38954843501
2454901.70833333,2009.190166552581,82087.0290982188,0.8318828,93.7648,5.625,260.9594,7422.105188311067,277.6644410708216,41878.820610075454
2454907.125,2009.2049965776864,82086.76669820416,0.832938,93.7381,5.4403,260.8312,7335.443118135387,272.01273203285444,41742.01478170285
2454909.83333333,2009.2124115902266,82085.25312097493,0.8332914,93.7273,5.352,260.7694,7306.181328443359,269.1932275184604,41695.35888686149
2454915.25,2009.2272416153319,82091.69631434626,0.8336224,93.6918,5.1108,260.6206,7280.083112709777,263.4644184804928,41655.59853255816
2454917.95833333,2009.234656627872,82097.79227059256,0.833693,93.6748,5.0151,260.5189,7275.301239145436,260.5976139660987,41649.50590044368
2454923.375,2009.2494866529773,82085.31686473983,0.8344325,93.6293,4.8315,260.3237,7212.524400002809,254.88000492813154,41546.83561693159
2454928.79166667,2009.2643166780829,82087.13732030454,0.8356271,93.6194,4.7111,260.1599,7114.764514036689,249.25699589016392,41391.58617535217
2454931.5,2009.2717316906228,82086.71481144393,0.8362411,93.6027,4.6184,260.0936,7064.293822135769,246.42859137577034,41310.84557147017
2454936.91666667,2009.2865617157283,82086.60659075074,0.8370325,93.5754,4.4402,259.9721,6999.312759578175,240.79008233780274,41206.735773504
2454939.625,2009.2939767282683,82085.96616874414,0.8373009,93.5567,4.3251,259.9059,6977.176518285118,237.93937782340868,41171.05747060695
2454942.33333333,2009.3013917408082,82090.17064879813,0.8373422,93.5324,4.1957,259.8266,6974.470259358073,235.0612733090146,41167.72243972942
2454950.45833333,2009.3236367784536,82085.67857588873,0.8380929,93.4642,3.9083,259.5267,6912.117869754271,226.46575975665343,41066.38276192825
2454953.16666667,2009.3310517910193,82087.46347121341,0.8385508,93.4617,3.8558,259.4409,6874.819007456625,223.65805523307984,41006.70311986919
2454955.875,2009.3384668035592,82084.27919093393,0.8392817,93.4546,3.7926,259.3637,6814.3095082922755,220.8482507186858,40908.22217034101
2454964.0,2009.3607118412046,82086.48502820567,0.8406314,93.4081,3.5197,259.1783,6703.871897866096,212.38173716632457,40729.71974166148
2454966.70833333,2009.3681268537446,82085.70970695253,0.8409038,93.3883,3.4052,259.1124,6681.388188679262,209.5319326519305,40692.980544024416
2454972.125,2009.38295687885,82098.30241894827,0.8409783,93.3466,3.1735,258.9366,6677.275317775269,203.78562361396337,40689.27263649199
2454977.54166667,2009.3977869039556,82085.56294648159,0.841689,93.2964,2.9801,258.7327,6616.911255620445,198.04951457599577,40587.91255289309
2454980.25,2009.4052019164956,82087.39972328105,0.8421147,93.2934,2.9252,258.6443,6582.257431530146,195.23681006160172,40531.76952002568
2454982.95833333,2009.4126169290355,82083.78408384605,0.8428805,93.2883,2.873,258.565,6518.826813361848,192.43590554720765,40427.13346218077
2454988.375,2009.427446954141,82088.05944624268,0.8438783,93.2523,2.6866,258.441,6437.591090448468,186.78669650924047,40294.78663593015
2454991.08333333,2009.434861966681,82086.88084936525,0.8442121,93.2401,2.5968,258.3789,6410.006485072827,183.9653919948464,40249.11880662994
2454993.79166667,2009.4422769792466,82084.35034466191,0.8444925,93.2207,2.4855,258.3125,6386.595811222514,181.11828747127288,40209.96003267764
2454999.20833333,2009.4571070043264,82096.74975368608,0.8446083,93.1762,2.2568,258.1395,6379.017208699863,175.37777844248478,40200.360721138466
2455001.91666667,2009.4645220168918,82093.70543785361,0.8449123,93.1554,2.1847,258.0326,6353.587660834213,172.5293739189117,40157.693667363405
2455004.625,2009.471937029432,82084.68387981736,0.8453632,93.1244,2.0735,257.9367,6315.176544186543,169.65286940451762,40092.127882131936
2455012.75,2009.4941820670774,82084.09093077232,0.8472353,93.094,1.8671,257.6985,6161.415225812152,161.20005585215642,39836.83611059989
2455015.45833333,2009.5015970796173,82087.75256222741,0.8476298,93.076,1.7742,257.64,6129.590975457104,158.37925133776235,39784.64672364073
2455018.16666667,2009.5090120921827,82086.44944900933,0.8479711,93.0655,1.6907,257.5804,6101.376314638497,155.56674681418878,39737.26243039529
2455023.58333333,2009.5238421172628,82086.60510827797,0.8484087,93.0173,1.4576,257.4354,6065.478880950497,149.84983778540072,39677.305351803836
2455026.29166667,2009.5312571298282,82095.26389063205,0.8484634,92.9955,1.3518,257.3418,6062.300866089154,146.98103326182758,39673.97883727107
2455029.0,2009.5386721423683,82094.58029757653,0.8487617,92.9749,1.2786,257.2379,6037.708463418972,144.13452874743354,39632.656704761706
2455034.41666667,2009.5535021674737,82087.26926278202,0.849668,92.9344,1.0943,257.0529,5962.207062812549,138.4264197094659,39504.31220093057
2455037.125,2009.5609171800138,82086.47909833693,0.8504459,92.9322,1.0502,256.9697,5898.233203720592,135.62971519507187,39396.4582241402
2455039.83333333,2009.5683321925537,82083.39422932718,0.8511871,92.9146,0.9585,256.9058,5836.931637109445,132.80471068067783,39292.28150523022
2455047.95833333,2009.5905772301992,82084.27919093393,0.8522965,92.8573,0.6686,256.7234,5745.999031478108,124.32419712831665,39138.44660701227
2455050.66666667,2009.5979922427646,82087.12990782154,0.8524553,92.8293,0.538,256.6477,5733.384656110555,121.44849260474302,39117.67066968468
2455053.375,2009.6054072553045,82094.63071393187,0.852543,92.8048,0.4282,256.5554,5727.291661184247,118.576988090349,39109.01364779969
2455061.5,2009.62765229295,82085.58370044775,0.8537862,92.7327,0.1591,256.2741,5623.908818060523,110.01837453798777,38930.889308887265
2455064.20833333,2009.63506730549,82085.92910766778,0.8545173,92.7278,0.1059,256.1906,5563.946298592096,107.21227002359376,38828.44507065265
2455066.875,2009.6423682409309,82084.5237825199,0.8552987,92.7057,0.0127,256.1246,5499.601001211549,104.4247332648871,38717.79195503022
2455069.58333333,2009.6497832534708,82086.72667126759,0.8557881,92.6796,359.9063,256.0677,5459.74651804417,101.592028750493,38649.771341029424
2455075.04166667,2009.664727355701,82085.39988006101,0.8564957,92.6369,359.703,255.9439,5401.471550008242,95.8850519476589,38549.06417330313
2455077.75,2009.6721423682409,82087.2544377581,0.8566649,92.6049,359.5658,255.8687,5387.848523561506,93.00324743326496,38525.961887747064
2455080.45833333,2009.6795573807808,82095.76361950507,0.8567836,92.574,359.4439,255.7763,5379.323420836488,90.11954291887082,38513.12614871862
2455085.875,2009.6943874058863,82086.4005276773,0.8575718,92.509,359.2445,255.5832,5313.281971636128,84.38823388090373,38396.79552068254
2455088.25,2009.7008898015058,82083.75443695197,0.8579477,92.494,359.1721,255.5109,5282.049810404234,81.90267145790585,38342.052538194745
2455091.29166667,2009.7092174309919,82087.03502818686,0.8586959,92.4824,359.0948,255.4178,5221.098306326423,78.73432484293608,38236.84560448708
2455096.70833333,2009.7240474560717,82088.32037403832,0.8599935,92.4262,358.8858,255.2908,5114.762126447798,73.05951581414843,38051.57032470967
2455099.41666667,2009.7314624686373,82087.50942910189,0.8603788,92.4035,358.7873,255.233,5083.020271502521,70.23381129057486,37995.81744717498
2455102.125,2009.7388774811773,82086.00026497134,0.8607223,92.3727,358.6677,255.1694,5054.613019104594,67.38120677618076,37945.67848351932
2455107.54166667,2009.7537075062828,82097.06265357742,0.8609869,92.3033,358.3975,255.0039,5034.430880368023,61.6066977382136,37912.65645353735
2455110.25,2009.7611225188227,82096.44278844337,0.8613009,92.2756,358.3026,254.9023,5008.566427958582,58.74079322381954,37867.06230056981
2455112.95833333,2009.7685375313627,82087.34635301425,0.8617522,92.2336,358.1819,254.8095,4970.258741142245,55.85788870942554,37797.65421312063
2455121.08333333,2009.7907825690081,82087.79407294096,0.8635829,92.1738,357.9263,254.5771,4820.042512827791,47.36167515706393,37532.10198895621
2455123.75,2009.798083504449,82089.15061263747,0.8640839,92.1435,357.8169,254.52,4779.100903582295,44.56683839835728,37459.647119132984
2455126.45833333,2009.805498516989,82089.09279176923,0.8644818,92.1182,357.7146,254.4619,4746.429794773543,41.73703388396325,37401.47716424883
2455131.91666667,2009.8204426192192,82087.76887000147,0.8650026,92.0468,357.44,254.3251,4703.49906925114,35.945757081129045,37324.62959541549
2455134.625,2009.8278576317591,82097.1264202717,0.8650697,92.0108,357.3088,254.2343,4699.253597025183,33.05435256673502,37319.048095208505
2455137.29166667,2009.8351585671999,82097.81451526842,0.8653626,91.9786,357.2121,254.132,4675.299992018001,30.227015808028455,37276.39209092589
2455145.41666667,2009.8574036048453,82085.4043273163,0.8668695,91.8996,356.9297,253.8686,4549.934620797785,21.673002255667257,37048.90560264893
2455148.125,2009.8648186173853,82085.8416436934,0.8675951,91.8696,356.8249,253.8009,4490.431354249065,18.831097741273197,36941.782413741515
2455149.95833333,2009.8698380104865,82096.2752192559,0.8679449,91.8469,356.7464,253.7632,4463.095533706359,16.907916224825954,36894.61806478378
2455156.25,2009.8870636550307,82087.41454837055,0.8688089,91.7764,356.4799,253.6189,4391.001910756737,10.295884188911941,36762.23210866269
2455158.95833333,2009.8944786675709,82089.35669297035,0.8690049,91.7341,356.3261,253.5456,4375.167188931324,7.399379674517945,36733.907890369905
2455161.66666667,2009.9018936801363,82096.78534404477,0.8690643,91.6961,356.1898,253.4559,4371.263756772241,4.50397515094437,36728.37900833308
2455167.08333333,2009.9167237052163,82088.98901097904,0.869822,91.6167,355.962,253.2527,4308.04411147123,358.73416612215624,36611.77857912033
2455169.79166667,2009.9241387177817,82087.04244064845,0.8701741,91.5848,355.8464,253.1631,4278.887863195387,355.8595615985831,36558.22584464694
2455172.5,2009.9315537303216,82084.09834256928,0.8708435,91.5801,355.7974,253.0788,4223.55854758205,353.056857084189,36456.5399133347
2455177.91666667,2009.9463837554272,82088.67915314295,0.8720915,91.5126,355.5682,252.9506,4121.703517459782,347.3606480462215,36270.66686363275
2455180.625,2009.953798767967,82089.67100503342,0.8724558,91.4866,355.4677,252.8911,4091.925116600183,344.53124353182784,36216.064224028116
2455183.33333333,2009.961213780507,82086.08772936826,0.8728101,91.4546,355.3461,252.8268,4062.3849896895736,341.67593901743385,36160.8733543929
2455188.75,2009.9760438056126,82094.13841636259,0.8730838,91.3713,355.0529,252.6671,4040.939790078761,335.8842299794662,36122.94581263214
2455191.45833333,2009.9834588181525,82098.32169796595,0.8733297,91.3401,354.9553,252.5642,4021.2827389778577,333.01432546507215,36087.48155442456
2455194.16666667,2009.990873830718,82088.54127475878,0.8738385,91.2959,354.8366,252.4654,3978.2772000354835,330.12742094149894,36005.87723136483
2455196.875,2009.998288843258,82086.3575362639,0.8742298,91.2583,354.7072,252.3751,3945.881304607421,327.238316427105,35945.35282435135
2455202.29166667,2010.0131188683636,82081.45836632636,0.8757068,91.2234,354.5559,252.218,3824.0308210174753,321.5911073891374,35717.46902371462
2455205.0,2010.0205338809035,82087.43975103807,0.8762141,91.182,354.4269,252.1601,3783.1313082780234,318.7348028747433,35642.197068976886
2455207.70833333,2010.0279488934434,82088.22400841776,0.8765676,91.1546,354.3262,252.1011,3754.2102010966246,315.9056983603492,35588.1696658537
2455213.125,2010.042778918549,82087.17438274466,0.8771561,91.079,354.0597,251.9663,3705.7723411564475,310.1655893223822,35497.01788245566
2455215.83333333,2010.0501939310889,82093.73509373375,0.8772569,91.036,353.9174,251.8792,3698.3032359836707,307.2667848079881,35484.295340038196
2455218.54166667,2010.0576089436545,82097.13680090806,0.8775066,91.0015,353.8156,251.7786,3678.22111700835,304.3949802844145,35447.19037590533
2455223.95833333,2010.0724389687343,82084.29697935146,0.8784456,90.9161,353.5707,251.5949,3599.5711687468756,298.6275712556269,35296.224901200876
2455226.66666667,2010.0798539813,82085.07374964943,0.8790362,90.9044,353.5018,251.5072,3551.1861440378398,295.8015667320533,35204.78208200476
2455229.375,2010.0872689938399,82084.21841391336,0.8798976,90.8753,353.4039,251.4346,3480.375333635193,292.9616622176593,35070.124905878794
2455234.79166667,2010.1020990189454,82088.57537366013,0.8808505,90.796,353.1588,251.3193,3402.676411483919,287.2624531796921,34922.81881050013
2455237.5,2010.1095140314853,82086.21966762813,0.8812171,90.7627,353.0438,251.2557,3372.3029221579072,284.414448665298,34864.259931605775
2455240.20833333,2010.1169290440253,82087.20848022653,0.8814669,90.7133,352.8878,251.1851,3351.914991507534,281.518444150904,34825.40590137994
2455245.625,2010.1317590691308,82097.46750004122,0.8818525,90.6236,352.6258,251.0,3321.4742414611173,275.7325351129364,34769.03877013978
2455248.33333333,2010.1391740816707,82090.84080608145,0.8823251,90.5737,352.5051,250.9038,3281.8951827715573,272.8462305985423,34691.67418367164
2455253.75,2010.1540041067763,82086.4450016125,0.8833244,90.5066,352.2865,250.7334,3199.3489224301393,267.11842156057514,34531.64460033821
2455259.16666667,2010.1688341318816,82087.47384879552,0.884779,90.4265,352.0445,250.6015,3080.0645243320705,261.4057125226075,34300.53811878143
2455261.875,2010.1762491444217,82090.08762141436,0.885178,90.3856,351.9253,250.5433,3047.6117408660375,258.5589080082134,34237.844603954174
2455264.58333333,2010.1836641569616,82086.37977319483,0.8855409,90.3456,351.7997,250.4809,3017.3968510980867,255.7015034938198,34178.18365552472
2455272.66666667,2010.205795117508,82099.48884111953,0.8861546,90.1897,351.3604,250.228,2968.5128469127885,247.04215769714574,34085.125368800254
2455275.375,2010.2132101300479,82092.15150720437,0.8866243,90.1347,351.2319,250.1324,2929.118841635347,244.14865318275156,34006.49480524661
2455278.125,2010.2207392197124,82087.37600315176,0.8870279,90.0835,351.095,250.0478,2895.4469505656616,241.21668090349112,33939.44000003888
2455283.54166667,2010.235569244818,82085.88759931191,0.8882998,90.0264,350.8973,249.8877,2790.873762020663,235.5200718655234,33732.936945371584
2455286.25,2010.2429842573579,82090.48348600481,0.8889132,89.9752,350.7605,249.826,2741.032820913122,232.65216735112938,33635.08301031221
2455288.95833333,2010.250399269898,82091.87720456366,0.889328,89.9304,350.6337,249.7681,2707.135933983469,229.7980628367353,33568.03885902193
2455294.375,2010.2652292950033,82089.08834401435,0.8898941,89.8225,350.33,249.6322,2660.3566522972087,224.0196537987681,33474.407263120214
2455297.08333333,2010.2726443075435,82096.86245662093,0.8899929,89.7655,350.1643,249.5462,2653.101457951747,221.09854928437414,33461.40792547996
2455299.79166667,2010.2800593201089,82101.19588121885,0.8902125,89.7178,350.0431,249.4454,2635.5487428093184,218.20714476080047,33427.205378451035
2455305.20833333,2010.294889345189,82090.81411814055,0.8910076,89.6002,349.7647,249.2602,2569.1385486900217,212.4047357320129,33292.44568627184
2455307.91666667,2010.3023043577543,82086.65995981514,0.8915048,89.5772,349.6806,249.1735,2527.8722896721356,209.56453120843935,33208.88417604305
2455310.625,2010.3097193702943,82086.94607877835,0.8922129,89.5421,349.5758,249.0961,2469.777565687891,206.71292669404534,33092.051451722386
2455316.04166667,2010.3245493953998,82094.39790964343,0.8931618,89.4441,349.3155,248.9714,2392.681402750066,200.98911765607807,32937.68859843273
2455318.75,2010.3319644079397,82090.74295040414,0.893499,89.3946,349.1755,248.9031,2364.609914960987,198.11141314168412,32880.126588746236
2455321.45833333,2010.3393794204796,82090.48793394867,0.8937237,89.3307,349.0003,248.8304,2346.137022814708,195.19410862729,32842.59248965386
2455324.16666667,2010.3467944330453,82097.88718131451,0.8938024,89.2692,348.8334,248.743,2340.462283726365,192.27040410371637,32832.43144068146
2455329.58333333,2010.361624458125,82097.21094840614,0.894454,89.1607,348.5719,248.5424,2286.895926760477,186.46949507492832,32723.327335945472
2455332.29166667,2010.3690394706907,82091.35825988998,0.8947993,89.0976,348.4129,248.4507,2257.9320528912103,183.54939055135526,32663.182379187016
2455335.0,2010.3764544832306,82089.91860203183,0.8952736,89.0771,348.3342,248.3594,2218.8453514838257,180.70998603696125,32583.039101649592
2455340.41666667,2010.3912845083362,82092.74460182842,0.8965364,88.9877,348.0939,248.2168,2115.4745903857347,174.98827699899357,32371.380047969895
2455343.125,2010.398699520876,82095.43590327304,0.8969051,88.9426,347.9714,248.1539,2085.484454904343,172.13347248459957,32310.058770027288
2455345.83333333,2010.406114533416,82090.27591596148,0.8972687,88.8951,347.8358,248.0874,2055.1044622054105,169.2619679702059,32246.398443046222
2455351.25,2010.4209445585216,82096.56587078061,0.897589,88.7659,347.4878,247.9268,2029.4551073925159,163.41455893223826,32194.48080372223
2455353.95833333,2010.4283595710615,82102.76358873305,0.8977787,88.7176,347.3654,247.8238,2014.514927632954,160.5197544178443,32164.655200544017
2455356.66666667,2010.435774583627,82097.34738024003,0.8982385,88.6585,347.2314,247.7211,1976.212915434291,157.61364989427113,32084.22618144429
2455362.08333333,2010.450604608707,82087.95270365119,0.8990799,88.5708,346.9857,247.5359,1906.1880956477453,151.8439408654831,31936.79808801703
2455364.79166667,2010.4580196212726,82083.31121907683,0.8998504,88.5423,346.8954,247.4542,1842.4744852660533,149.0025363419095,31802.811092837663
2455366.91666667,2010.4638375541952,82083.76481336186,0.9003126,88.4955,346.7746,247.4026,1804.580796455528,146.73568048975358,31723.44224975306
2455372.91666667,2010.480264658918,82089.86819291074,0.9011253,88.3907,346.494,247.2583,1738.47479061359,140.39702278954826,31585.461516550953
2455375.625,2010.487679671458,82087.1640052572,0.9013778,88.3235,346.3188,247.1876,1717.4804059592761,137.4817182751542,31540.69884688665
2455378.33333333,2010.4950946839979,82094.16955544804,0.9014775,88.2552,346.1424,247.102,1709.9865200266258,134.55031376076022,31526.109475229427
2455383.75,2010.5099247091034,82095.61236545313,0.9021432,88.1458,345.8851,246.8986,1655.477620123671,128.7508047227925,31411.043011118312
2455386.45833333,2010.5173397216433,82088.60057721865,0.9025631,88.0729,345.7127,246.8085,1620.3224655823997,125.81890020839899,31335.228631167094
2455389.16666667,2010.5247547342087,82086.67626704654,0.9029995,88.0424,345.6131,246.7145,1584.3123412416517,122.95589568482535,31258.31852728708
2455394.58333333,2010.5395847592888,82087.83558370698,0.9044155,87.9454,345.3615,246.5674,1468.188420350837,117.2183866560373,31010.367121543124
2455397.29166667,2010.5469997718542,82086.71777639944,0.9047669,87.8934,345.2285,246.5048,1439.236302671622,114.35338213246416,30948.01167569312
2455400.0,2010.5544147843943,82082.41590757237,0.9051193,87.8469,345.1019,246.4397,1409.9007790016049,111.49227761807015,30884.16593524538
2455402.70833333,2010.5618297969343,82086.40645753186,0.9054019,87.7759,344.9238,246.3719,1387.081786710246,108.5769731036761,30835.680264024006
2455405.41666667,2010.5692448094997,82093.0530152665,0.9055144,87.6987,344.7346,246.2893,1378.4750699792603,105.63576858010254,30818.254815267468
2455408.125,2010.5766598220398,82099.2693497865,0.9057257,87.6401,344.5942,246.189,1361.7148484625795,102.72566406570843,30783.13444002627
2455413.54166667,2010.591489847145,82089.03497100281,0.9066188,87.4968,344.2815,246.0013,1287.4362924342122,96.88645502774125,30620.534162076965
2455416.25,2010.598904859685,82087.1951377294,0.9070299,87.4529,344.1581,245.9112,1253.518440674221,94.00355051334725,30546.509272130086
2455418.95833333,2010.6063198722252,82082.79982127067,0.907759,87.4175,344.0556,245.8267,1193.2632383138298,91.14714599895319,30414.404130684707
2455424.375,2010.6211498973305,82092.91215300032,0.9088261,87.2771,343.7313,245.7022,1106.5946633464382,85.35953696098557,30226.223469383556
2455427.08333333,2010.6285649098706,82088.96825486039,0.9091551,87.2202,343.5881,245.6382,1079.2278122159669,82.48293244659158,30165.370365286304
2455429.79166667,2010.635979922436,82087.81482831741,0.9094212,87.142,343.4002,245.5696,1057.2794617711934,79.55702792301884,30116.822805887365
2455435.20833333,2010.650809947516,82100.9081549498,0.9097328,86.9872,343.0448,245.3885,1032.8827966044828,73.68171889423081,30065.17390260976
2455437.91666667,2010.6582249600815,82098.96384402174,0.9101974,86.9199,342.9061,245.2872,994.5641104991428,70.77231437065723,29980.108218945952
2455440.625,2010.6656399726214,82090.82004879219,0.9106089,86.8346,342.7248,245.1994,960.0524040635828,67.8338098562632,29902.244035416945
2455443.33333333,2010.6730549851616,82088.18249716068,0.9110042,86.7816,342.588,245.1099,927.3671718808091,64.93810534186912,29829.178907622543
2455448.75,2010.6878850102669,82091.43091165058,0.9123248,86.6595,342.2977,244.9545,819.2463234651423,59.15359630390151,29588.284198088335
2455451.45833333,2010.695300022807,82095.9400834462,0.9127244,86.5828,342.1263,244.8947,786.8361283468175,56.252991789507405,29516.2933655213
2455454.16666667,2010.7027150353724,82092.27902164454,0.913043,86.5177,341.9723,244.8286,760.3620068851405,53.36348726593474,29456.163852143367
2455459.58333333,2010.7175450604523,82096.21145421448,0.9134223,86.3376,341.5641,244.6748,729.5648664195433,47.46267823714675,29387.41124208379
2455462.29166667,2010.7249600730179,82104.630993641,0.9135971,86.2627,341.4019,244.5728,715.9419212804596,44.5290737135731,29358.03481889828
2455465.0,2010.7323750855578,82102.15399820567,0.9140138,86.1824,341.2411,244.4713,681.5159341205135,41.59736919917907,29279.80387625813
2455470.41666667,2010.7472051106633,82091.8505157804,0.9147595,86.0305,340.9069,244.2874,619.4140838903841,35.740460161211445,29137.262301728995
2455473.125,2010.7546201232033,82088.53979219866,0.9153657,85.9815,340.782,244.1972,569.3698033348828,32.85595564681739,29022.752259166427
2455475.83333333,2010.7620351357432,82093.06487737966,0.915962,85.9024,340.6089,244.1226,520.8006861652266,29.938851132423338,28912.46355091817
2455481.25,2010.7768651608487,82096.38792056216,0.9166829,85.7461,340.2637,243.9871,461.8966620162728,24.11934209445667,28777.827163974063
2455483.95833333,2010.7842801733887,82092.59929265476,0.9169288,85.653,340.0537,243.9123,441.3944343599833,21.165137580062606,28730.042829556867
2455486.66666667,2010.7916951859543,82099.96045583813,0.9170201,85.5534,339.8356,243.8257,434.51020862940186,18.191033056489005,28715.351240744978
2455492.08333333,2010.806525211034,82103.67725411865,0.9175762,85.3875,339.4939,243.6132,389.1607732580287,12.298024027700876,28611.26403370713
2455494.75,2010.813826146475,82098.16153416259,0.9179371,85.2829,339.2781,243.5224,359.076920161835,9.363087268994377,28540.76159215381
2455497.45833333,2010.821241159015,82089.38337972673,0.9182746,85.2246,339.1358,243.4232,330.65139246151466,6.452182754600244,28473.44659050215
2455500.20833333,2010.8287702486796,82076.46507822318,0.9188759,85.1719,339.0029,243.3319,280.24306065228757,3.517510475339236,28354.161178365724
