jd,year,a_km,e,i_deg,raan_deg,argp_deg,hp_km,azimuth_deg,lambda
2457997.13239903,2017.664975767365,9739.218843588036,0.3280519,19.1573,127.9089,165.9808,166.11329743317856,134.03842374863626,9125.72602804851
2457997.35492022,2017.6655849971803,9741.032818182037,0.328554,19.1493,127.3093,167.0369,162.4412216370556,134.27560101510068,9125.49870501757
2457998.12728588,2017.6676996191104,9732.784461246027,0.3277184,19.1411,125.201,170.9352,165.03561006161726,135.3043371202931,9120.974035145808
2457998.34786084,2017.6683035204385,9731.497258494042,0.3279583,19.1456,124.6015,172.0299,161.8356611436766,135.5821326421526,9118.849361648674
2457998.51672454,2017.668765844052,9730.247888111384,0.3279298,19.1466,124.1444,172.8675,161.27334421259548,135.7961961413517,9117.787774081826
2457998.63269676,2017.6690833586856,9729.606248221759,0.3277311,19.148,123.8309,173.4437,162.77538992516747,135.94459087321258,9117.947016954031
2457998.99371014,2017.670071759453,9727.344891196586,0.3275602,19.148,122.8559,175.2302,162.91755316725448,136.40026659689693,9116.481358174957
2457999.49525126,2017.6714449042033,9724.905470228608,0.3279569,19.1528,121.5117,177.7261,157.4193194193913,137.05763448683513,9112.677918420484
2457999.97622123,2017.6727617282131,9721.925137992359,0.3277679,19.1533,120.2095,180.1176,157.25385155539334,137.6728778432385,9110.608088536374
2458000.15263407,2017.6732447202457,9720.788187378377,0.3277832,19.1633,119.7509,180.9013,156.3408287972925,137.82410071150161,9109.484135008317
2458000.61914352,2017.6745219535114,9718.100555362756,0.3275844,19.1628,118.487,183.2325,156.46611579458113,138.43159673591873,9107.72512148608
2458001.40990988,2017.676686953812,9713.425567792063,0.3272625,19.1646,116.3391,187.1575,156.44933291251255,139.429296627724,9104.572053368242
2458001.61175926,2017.6772395872958,9712.268099980327,0.3271687,19.166,115.7937,188.1533,156.5816716582931,139.68074857347244,9103.844762412937
2458002.13733528,2017.6786785360164,9709.280162118372,0.3269893,19.166,114.3594,190.7919,156.31313840339953,140.36702703412948,9101.727464358499
2458002.60167824,2017.6799498377552,9706.566232581046,0.3267727,19.1672,113.095,193.1076,156.58907703170917,140.9606584081024,9100.007758116215
2458003.12765377,2017.681389880274,9703.444829543627,0.3265541,19.1683,111.6571,195.7361,156.60883633235335,141.6328431012912,9097.912544933926
2458003.22985274,2017.6816696858048,9702.977470377706,0.3264656,19.1784,111.3841,196.2143,157.15280872436506,141.73731311028786,9097.810644411033
2458004.21803844,2017.6843751908013,9697.374321540494,0.3261226,19.1716,108.6871,201.1847,156.7050946264726,143.03673131149128,9093.858633419628
2458005.32656712,2017.6874101769197,9691.006637816494,0.3256655,19.1794,105.6771,206.6954,156.84381560866677,144.44483630891006,9089.6184410144
2458006.43089579,2017.6904336640382,9683.859513170159,0.3250162,19.1777,102.6719,212.1707,158.31199286574338,145.82648094620896,9085.367560094894
2458006.540432,2017.6907335578373,9682.879258699259,0.325114,19.1784,102.3478,212.788,156.70335138650717,146.01171917857937,9084.078832760953
2458007.31100694,2017.692843277043,9679.565487272974,0.3248872,19.1809,100.2219,216.6641,156.66225889622092,147.00242026450587,9081.825355601435
2458007.54310185,2017.693478718275,9678.185624072305,0.3246413,19.1698,99.6408,217.7748,158.11056143215956,147.30326142097846,9081.457229754304
2458008.27825647,2017.6954914619298,9674.525103703925,0.3244414,19.175,97.6136,221.4517,157.5723347230787,148.22837370526008,9078.774755964097
2458008.51405389,2017.6961370400822,9673.689143174935,0.3245105,19.1723,96.9665,222.6454,156.33914247866596,148.54256557041583,9077.730286600703
2458009.49387503,2017.6988196441614,9669.287949139616,0.3240817,19.177,94.2545,227.6278,157.51237279293582,149.84722810188555,9075.211862546137
2458010.36724802,2017.70121080909,9665.485449903143,0.323759,19.1771,91.8707,231.9938,158.06124612795065,150.96860872758805,9072.85382025036
2458010.48504523,2017.701533320274,9664.945556036186,0.3237193,19.1772,91.5479,232.5849,158.07984609804043,151.12080470142212,9072.495891682449
2458010.95588148,2017.7028223996717,9662.846381414902,0.3236993,19.1781,90.2454,234.961,156.85347174336493,151.73033611814935,9070.600363590289
2458011.57717804,2017.7045234169475,9660.263015888497,0.3234325,19.179,88.5575,238.0617,157.68369800213986,152.53076989892077,9069.174675328893
2458012.69571759,2017.7075858113344,9655.409109138174,0.32316,19.1759,85.4754,243.7245,157.0308014290813,154.0090079195765,9065.637009653377
2458012.92075943,2017.708201942314,9654.416367577092,0.3230943,19.1753,84.8544,244.862,156.99316938622906,154.30370076699342,9064.950480355492
2458013.54219152,2017.70990333065,9651.550319148218,0.3228223,19.1751,83.1451,247.9849,157.67834655505612,155.1048009660443,9063.275219275616
2458014.54484954,2017.7126484586997,9647.09471721413,0.3225003,19.1763,80.3844,253.0559,157.76747678415813,156.42685486806727,9060.291945075054
2458015.00119399,2017.713897861711,9645.16446977794,0.3224484,19.1723,79.1238,255.3625,156.96031876119378,157.02306978398383,9058.672484067974
2458015.63991898,2017.7156465954283,9642.669066945704,0.322392,19.1687,77.3604,258.5983,155.8134011149441,157.8659256458103,9056.538867785499
2458016.38946759,2017.7176987476798,9639.841846416328,0.3221003,19.174,75.285,262.4279,156.70959573307482,158.88135083529642,9054.968907359484
2458016.6240162,2017.7183409067768,9638.996210203819,0.3220512,19.1746,74.6449,263.6173,156.60961391222645,159.19947356038563,9054.35715545463
2458017.36947917,2017.7203818731555,9636.402258084963,0.3218249,19.1738,72.5743,267.3916,157.03176501699636,160.1684256639981,9052.761406409574
2458017.94000919,2017.721943899219,9634.514365211353,0.3217242,19.1747,70.9777,270.3387,156.7216386752225,160.9565962811306,9051.36174851138
2458018.44520825,2017.723327058864,9632.716258687911,0.3215939,19.1739,69.584,272.8909,156.75716946305693,161.61715880895719,9050.155990885825
2458018.91602832,2017.7246160939626,9631.06839041215,0.3215235,19.1692,68.2742,275.2781,156.31727278746894,162.2305061734466,9048.868885549886
2458019.67158565,2017.7266846971943,9628.524873499542,0.3213687,19.1599,66.1884,279.1091,156.0820519853287,163.23100901008672,9047.052885075575
2458019.90119485,2017.7273133329227,9627.733902367227,0.3212797,19.1683,65.5378,280.3018,156.40214253485374,163.54680014786095,9046.639391801313
2458020.65028935,2017.7293642418897,9625.224057074949,0.3210778,19.1724,63.4478,284.1064,156.64199232224928,164.52307291973148,9045.028426291592
2458021.12334814,2017.7306594062702,9623.620497447007,0.3209552,19.1747,62.1321,286.5161,156.7331559648037,165.1508137427603,9043.975041176069
2458021.38181407,2017.7313670474198,9622.750966630609,0.3208989,19.174,61.4194,287.8264,156.68446646490975,165.493662928908,9043.366062343403
2458022.47087046,2017.7343487213138,9619.079084070014,0.3206372,19.1752,58.3892,293.3813,156.70819997523995,166.94496032698083,9040.882048032054
2458023.19409425,2017.7363288001368,9616.610453515346,0.32045,19.1813,56.3697,297.0781,156.831333686353,167.90943195074044,9039.252659720196
2458024.42422762,2017.7396967217524,9612.402689593722,0.3200568,19.1802,52.9768,303.313,157.75154445096268,169.53898016919038,9036.74653228396
2458024.89359012,2017.7409817662426,9610.551815847457,0.3199582,19.1808,51.6536,305.7262,157.44065584217242,170.1663641526414,9035.369483970424
2458026.95465197,2017.7466246460506,9601.275661504018,0.3193532,19.1777,45.9066,316.2966,156.94125492059266,172.95832742181494,9028.870889362644
2458027.92777744,2017.749288918384,9597.797742431423,0.3192859,19.1749,43.1784,321.2785,155.2199522212377,174.25288938169604,9025.847158655877
2458028.31049828,2017.7503367509378,9596.418810675073,0.3191509,19.1759,42.1244,323.2051,155.57681047119422,174.74826966243762,9025.045310434443
2458028.90004769,2017.7519508492544,9594.251089437952,0.318811,19.1765,40.4743,326.2348,157.36200536314936,175.5467942684436,9024.251432272322
2458029.87253988,2017.7546133877624,9590.7415572835,0.3185964,19.175,37.7547,331.2247,157.02952380258284,176.85858040553268,9021.735271480613
2458030.10829355,2017.755258846133,9589.889005193503,0.3185356,19.1779,37.0805,332.4452,157.03165699078818,177.17251539210963,9021.155542183444
2458031.06716017,2017.7578840798633,9586.455650189853,0.3183145,19.1759,34.3879,337.3793,156.81151312749444,178.46893124922258,9018.733308633386
2458031.18429605,2017.7582047804246,9586.045727193932,0.3182663,19.176,34.065,337.9759,156.99412196910998,178.62717904712105,9018.523609364162
2458032.03786737,2017.7605417313348,9583.068595834255,0.3180839,19.1775,31.6754,342.3555,156.71246290377167,179.77587671944667,9016.38808818874
2458033.00824376,2017.763198477098,9579.708693240344,0.317809,19.1777,28.9506,347.3506,157.05475315032345,181.0897482446718,9014.228502008657
2458034.20985368,2017.7664883057628,9575.360799162681,0.3172585,19.1741,25.5613,353.603,159.35989506152782,182.76850992538186,9012.139314229325
2458034.83882449,2017.7682103339907,9573.124434388934,0.3171836,19.1749,23.7794,356.8523,158.5500630414881,183.61597976336554,9010.306530402197
2458035.19268044,2017.7691791387815,9571.876406916013,0.3171648,19.1735,22.7715,358.6763,157.87784069177724,184.0833100386909,9009.200138293521
2458035.92082738,2017.7711726964542,9569.387439450491,0.3169514,19.1734,20.7274,2.4349,158.22039337424303,185.08012927646908,9007.631817377018
2458037.76003659,2017.7762081768378,9563.23473045848,0.316548,19.1708,15.5366,11.9437,157.87560300130826,187.585356338356,9003.30155358822
2458038.72752684,2017.7788570207797,9559.699684860094,0.3159337,19.1685,12.8243,17.0166,161.3320925334101,188.99237251927192,9002.193966538414
2458039.152377,2017.7800201971254,9557.531577094183,0.3157618,19.1625,11.6395,19.1603,161.49190275408546,189.5325290348303,9000.772670983644
2458040.09627262,2017.7826044424912,9553.097917945805,0.3158475,19.1695,8.9842,23.968,157.6395233074163,190.75460070317177,8996.288193645714
2458040.98386882,2017.7850345484467,9548.800814426299,0.3157037,19.1683,6.4603,28.545,156.07276674890272,191.93286255921814,8992.7599077749
2458041.95161834,2017.787684102231,9543.63317474179,0.3150993,19.1642,3.7314,33.6034,158.30474192387464,193.30852319684655,8990.06787250479
2458042.91212617,2017.7903138293498,9538.516047911544,0.3147942,19.1686,0.9633,38.6433,157.71021942206698,194.6336214340808,8986.343014536735
2458043.13326498,2017.7909192744144,9537.376186611802,0.314719,19.1672,0.33,39.796,157.64639053752217,194.93506121086173,8985.538932250178
2458044.10435436,2017.7935779722386,9532.670043000404,0.3142315,19.1541,357.5533,44.8874,159.06853638332268,196.29262999411173,8982.851511718787
2458045.18536017,2017.796537604846,9527.909826822071,0.3139237,19.1584,354.4354,50.5662,158.7368207197269,197.78806225547163,8979.466441618892
2458046.02613198,2017.798839512608,9524.196537146443,0.3137761,19.1553,352.0538,54.926,157.59499208712714,198.93757546107184,8976.494039658444
2458046.87387927,2017.8011605181935,9520.100762645618,0.3133691,19.1464,349.6436,59.3673,158.65905474604642,200.13311345035322,8974.085344711457
2458047.22288484,2017.8021160433673,9518.150077732653,0.3133273,19.1586,348.6328,61.2015,157.7175128818908,200.61252438781185,8972.395469839514
2458047.94661351,2017.8040975044767,9514.371349215582,0.3130541,19.1567,346.5566,64.9922,157.7220894211123,201.6136983883639,8969.805879081145
2458048.90588248,2017.8067238397812,9509.334409357347,0.3126341,19.1529,343.7955,70.0461,158.25590468888095,202.96101767876303,8966.549650374121
2458049.52589022,2017.8084213284599,9506.130286556758,0.3125211,19.1539,342.028,73.2759,157.1276926587243,203.81222175445794,8963.929438276005
2458049.97688816,2017.8096560935255,9503.81144060835,0.3123575,19.1539,340.7358,75.6521,157.08835854852623,204.45170633078789,8962.323024810485
2458050.5193975,2017.8111414031484,9501.042289797242,0.312175,19.1474,339.1745,78.495,156.91811297978802,205.19859486655884,8960.358266152449
2458051.15486396,2017.8128812154966,9497.828450430436,0.3119439,19.1239,337.4109,81.7714,156.90250207220924,206.0850624212477,8958.14526261068
2458051.55289532,2017.8139709659688,9495.82526099127,0.3117987,19.1277,336.2832,83.8476,156.90298918703138,206.6412522512229,8956.76936427622
2458052.11886848,2017.8155205160301,9492.783655850348,0.3116152,19.1377,334.6228,86.8546,156.5516783758103,207.430014229187,8954.548748256691
2458053.19122587,2017.8184564705546,9486.392548657615,0.3110946,19.1418,331.5246,92.5236,157.0907532899937,208.94387060036462,8950.355840501637
2458053.46069356,2017.8191942328817,9484.644106462682,0.3110455,19.1368,330.7378,93.9536,156.35193804594383,209.32147616255435,8948.879135393106
2458054.23733748,2017.8213205680488,9479.809839526135,0.3105677,19.1362,328.4946,98.0753,157.5508012271339,210.43449550242303,8945.998437470029
2458054.75145083,2017.8227281336897,9476.69311901981,0.3110387,19.1423,326.9888,100.3935,150.93851098094274,210.74017187173177,8941.401208819832
2458055.71031259,2017.8253533541135,9471.776238326987,0.3106119,19.1415,324.2183,105.544,151.59352456538818,212.17509251909416,8938.26200327874
2458056.77026525,2017.8282553463382,9466.209275444828,0.3101812,19.1455,321.1423,111.1907,151.83282293622142,213.70107531827432,8934.519092899032
2458057.72642825,2017.8308731779598,9461.30431189091,0.3091084,19.1468,318.4473,116.4782,158.59937412921045,215.3511559344385,8933.640098270407
2458058.67719035,2017.833476222724,9456.456066797964,0.3089424,19.1541,315.613,121.6232,156.8195340268403,216.72475981939778,8929.641010831017
2458059.39029882,2017.8354286073104,9452.848730401232,0.3086844,19.1558,313.5419,125.4269,156.7654917665668,217.75450136827874,8927.133151708309
2458059.84346137,2017.8366692987545,9450.5424396143,0.3085189,19.1579,312.2245,127.8484,156.7351817411809,218.4119524483657,8925.53092519436
2458060.57514516,2017.8386725397943,9446.77487212277,0.3082645,19.1594,310.103,131.7499,156.5332395552814,219.47078567407164,8922.856748959572
2458060.68867141,2017.8389833577278,9446.159114339629,0.3082478,19.1588,309.7713,132.3524,156.26504889449006,219.62969121798767,8922.33314525673
2458061.40062285,2017.8409325745374,9442.475628662301,0.3079664,19.1586,307.6992,136.1605,156.3741022154354,220.6639731665037,8919.83041443164
2458062.46581141,2017.8438489018754,9435.90593996796,0.3074954,19.1576,304.6195,141.8248,156.27196859513697,222.1986953248587,8915.25547643979
2458062.69517971,2017.8444768780566,9434.64380458261,0.3072598,19.1547,303.9415,143.0233,157.62073611531923,222.49312389963262,8914.877757132663
2458063.85795431,2017.8476603814095,9428.740299652498,0.3068668,19.1565,300.5495,149.2592,157.23663586709426,224.19096269261217,8910.65623050157
2458064.6986933,2017.849962199316,9424.58034112067,0.3067687,19.1687,298.0617,153.8014,155.27778182952625,225.41670824627676,8907.063075221633
2458065.09860468,2017.8510570970022,9422.67392343185,0.3066547,19.168,296.8882,155.95,155.03037824403327,225.99764507922265,8905.654158187392
2458065.64640211,2017.8525568846267,9419.642521026088,0.3063556,19.1675,295.3008,158.8374,155.745984711627,226.7577215344105,8903.818627487788
2458066.69866891,2017.8554378341141,9411.968611928225,0.3070078,19.1693,292.0882,164.8622,144.28453471108605,228.5327797189086,8894.32041338403
2458066.80376068,2017.8557255596986,9411.223740715268,0.3069672,19.1723,291.7881,165.4096,144.1504404543757,228.67649850851313,8893.756373947395
2458067.42773252,2017.8574339014915,9406.621663835365,0.305136,19.1545,290.0513,168.4788,158.1864558192965,229.39389546302584,8895.691705823554
2458068.15421238,2017.8594228949482,9401.896914219766,0.3048045,19.1596,287.9221,172.3668,158.02012622946768,230.43665781865047,8892.356294153626
2458068.79876406,2017.8611875812726,9398.040239940732,0.3049341,19.1681,286.0248,175.8752,154.1209976106211,231.41247074189545,8888.266142721794
2458069.09252573,2017.8619918568922,9396.387497037445,0.3043633,19.1595,285.1363,177.4609,158.33569036038807,231.82013151877516,8888.650047609271
2458069.63348341,2017.8634729183023,9393.355706841057,0.3042326,19.1621,283.5412,180.3948,157.45437742396462,232.62574941120545,8886.227197167847
2458070.57151456,2017.8660411076246,9388.248631040138,0.303903,19.1638,280.764,185.4941,156.99540732114656,234.0233012551198,8882.516804796474
2458070.79027943,2017.866640053196,9387.526926967048,0.3040709,19.1636,280.1267,186.6703,154.91686550994382,234.34658084940793,8881.263162548315
2458071.62291072,2017.8689196734288,9383.417640130623,0.3035679,19.1684,277.6403,191.1913,156.77695229321398,235.56051756567064,8879.08378060204
2458072.35513396,2017.8709243914032,9379.796246649825,0.303325,19.1665,275.4516,195.2096,156.5332501347657,236.668419094844,8876.480548070684
2458072.56368213,2017.8714953651747,9378.706159184872,0.3031924,19.1673,274.8305,196.3418,157.01742988682963,236.97396853709574,8875.898162621921
2458073.40159315,2017.8737894405206,9374.214108376802,0.3028751,19.1678,272.3502,200.8843,156.8617728807667,238.2103014126273,8872.720472954543
2458073.82486477,2017.8749482950577,9371.361601132912,0.3027976,19.1703,271.112,203.1757,155.59949957770914,238.8463137792334,8870.282510467445
2458074.76701047,2017.8775277494044,9365.960362625876,0.3022552,19.1682,268.2943,208.3266,156.9138400283182,240.25091021445235,8867.00024644533
2458075.38554295,2017.8792211990421,9362.491520320791,0.3021206,19.1669,266.4767,211.6978,155.7536647065608,241.1948683448444,8864.16965193379
2458075.80696177,2017.8803749808903,9360.645668252266,0.3018954,19.1711,265.1917,214.0168,156.5734999769802,241.8135068795048,8863.180074756061
2458076.63982395,2017.8826552332646,9356.414579221706,0.3016589,19.1731,262.7223,218.564,155.8325493097227,243.0704160247435,8859.968888819538
2458077.57235647,2017.8852083681586,9351.950696173451,0.3012609,19.1734,259.9431,223.6551,156.4373126886112,244.46318746290365,8857.077652763495
2458078.50024525,2017.887748789185,9347.898494675406,0.3009477,19.1746,257.176,228.7314,156.53364286937995,245.85783589339184,8854.289263148914
2458078.82844795,2017.8886473592063,9346.63950193276,0.3008485,19.1738,256.1969,230.5185,156.58072773554068,246.34235068576072,8853.428830589566
2458079.76560708,2017.8912131610678,9342.035253258042,0.3005081,19.173,253.393,235.6492,156.5416891684481,247.74546201564874,8850.20559453239
2458080.5143877,2017.893263210677,9337.976996127209,0.3003822,19.1708,251.0956,239.8309,154.8786224811256,248.8917441562794,8846.781374192244
2458081.09645238,2017.89485681692,9334.934246486248,0.300163,19.1707,249.353,243.0306,154.79607825819585,249.7751459087657,8844.62989664442
2458081.37822441,2017.8956282666943,9333.5471105798,0.3000647,19.1706,248.5069,244.5804,154.7427969078053,250.20112399002926,8843.643295058175
2458081.73948214,2017.896617336455,9331.975971603446,0.2999535,19.1703,247.423,246.5703,154.68081700509174,250.75105887622055,8842.525098372811
2458082.55306764,2017.8988448121559,9328.16841257411,0.2996083,19.1699,244.9741,251.0738,155.23543236908154,252.00376762388305,8840.065896967339
2458082.77756956,2017.8994594649141,9327.138965848575,0.2995453,19.17,244.2959,252.3182,155.1020261817739,252.34869263093083,8839.29977180545
2458083.69890013,2017.901981930541,9323.134422029969,0.299263,19.1725,241.5498,257.3684,154.92894549001358,253.7447050052287,8836.442247444782
2458084.51737058,2017.904222780507,9319.841213433674,0.2989651,19.1724,239.0807,261.8885,155.39765307535436,254.9889990174329,8834.308943897897
2458084.73855002,2017.9048283368102,9319.029263051783,0.2989717,19.1723,238.4129,263.1243,154.76694192744344,255.3389987483372,8833.517417829446
2458085.43925269,2017.906746756167,9316.345767260776,0.2986917,19.1716,236.2964,266.9863,155.49431224985074,256.39386777992996,8831.901056390576
2458085.77695953,2017.907671347105,9315.091685581587,0.2986336,19.1709,235.2731,268.8697,155.15602118628885,256.9211150422229,8830.904462716682
2458086.37587392,2017.909311085339,9312.738631075566,0.2984507,19.1712,233.4585,272.1944,155.20896771402113,257.8409092779874,8829.27858990245
2458086.71136541,2017.910229610979,9311.43909402982,0.2983533,19.1709,232.4507,274.0453,155.20421257701219,258.3533400475143,8828.368421761865
2458087.63508052,2017.91275860512,9307.904656441215,0.2980957,19.1718,229.6622,279.166,155.1220023461119,259.7751021568166,8825.867839027645
2458087.74484628,2017.9130591273927,9307.471668112428,0.2980426,19.1713,229.3298,279.7738,155.31231272186233,259.9423141386138,8825.632481824356
2458088.55839477,2017.9152865017663,9304.42915446059,0.2978108,19.1761,226.8628,284.2903,155.333364427358,261.1899593641351,8823.511672435832
2458089.3315462,2017.917403275017,9301.404196019583,0.2975771,19.1759,224.5055,288.6122,155.38300944024286,262.39252099386636,8821.412622526808
2458089.60152302,2017.9181424312658,9300.362714552508,0.2974832,19.1736,223.6922,290.1055,155.52475306674023,262.80642474430715,8820.733873082138
2458090.3899603,2017.9203010548945,9297.494881815017,0.2971719,19.1673,221.3008,294.4836,156.40436254577344,264.0160202380189,8819.037229450805
2458090.74299748,2017.9212676180152,9296.30127143477,0.2971753,19.1667,220.2246,296.4527,155.53385220576092,264.5609575144897,8817.893874726258
2458091.42428951,2017.923132893936,9294.142701593584,0.2970106,19.1662,218.1587,300.2324,155.54750130765296,265.6032581830443,8816.387126650025
2458091.66351809,2017.923787866091,9293.454271861805,0.2969382,19.166,217.4388,301.5626,155.73638859284983,265.977768207178,8815.971665707928
2458092.6997945,2017.9266250362768,9290.13741562373,0.2966242,19.1652,214.2776,307.3486,156.3215368242736,267.58118694031896,8813.854522649895
2458093.61864037,2017.9291406991656,9286.534814564426,0.2964679,19.1665,211.4925,312.4809,155.23903981362037,269.02274830041756,8810.948334828654
2458093.82527925,2017.9297064455848,9285.54446613175,0.2962788,19.1665,210.8672,313.6324,156.29819435959416,269.3452795895099,8810.627350070128
2458094.65241302,2017.9319710144282,9281.714523339218,0.2960489,19.1692,208.3765,318.18,155.73684859061905,270.58693480583804,8807.744531217892
2458095.31889468,2017.9337957417663,9279.105437400729,0.2958991,19.1659,206.3521,321.9077,155.2901896687472,271.63333296414953,8805.757698477015
2458095.56854791,2017.9344792550585,9278.117240275564,0.2958145,19.1627,205.5885,323.2978,155.37932790206833,272.01376817897733,8805.095939485058
2458096.35083875,2017.9366210506505,9275.32812949404,0.2955774,19.1617,203.2001,327.6813,155.61445683132843,273.2378217657804,8803.221933126802
2458096.80592557,2017.9378670104584,9273.673282595875,0.2954741,19.1601,201.8071,330.233,155.40671572681276,273.94797623494446,8801.98778847366
2458097.38246741,2017.9394454959893,9271.599340329927,0.2952817,19.1622,200.0393,333.476,155.72942539842734,274.8549214438817,8800.64554478327
2458097.72457589,2017.940382137961,9270.478110933343,0.2952068,19.1612,198.9932,335.3779,155.63363333466623,275.373530334067,8799.82489980065
2458098.66380973,2017.942953620069,9267.311777081191,0.2949548,19.1635,196.1089,340.6617,155.73738533456435,276.847296775157,8797.638240772403
2458098.75039076,2017.94319066601,9267.029235306643,0.2949465,19.1633,195.8412,341.1501,155.61509695527275,276.9826602364177,8797.396977180291
2458100.08322683,2017.9468397722924,9262.3588859127,0.2946204,19.1644,191.7507,348.6515,155.3427060015456,279.07988197476743,8794.021315350386
2458100.60697491,2017.948273716386,9260.055073568994,0.2944228,19.1632,190.1491,351.5948,155.5474306546048,279.905362101014,8792.47431373326
2458101.07362106,2017.9495513239144,9258.245135202566,0.2942722,19.1623,188.7126,354.238,155.66467112720875,280.65212339078323,8791.24337838311
2458101.50654934,2017.9507366169478,9256.30112418493,0.2941685,19.1599,187.3882,356.6503,155.2526069351352,281.31331789876947,8789.732958229491
2458102.29397407,2017.9528924683639,9253.135551495334,0.2937953,19.1609,184.9578,1.1051,156.47151620309705,282.561611389032,8787.93300264155
2458103.11021764,2017.9551272214653,9249.958333202083,0.293527,19.1634,182.4364,5.7223,156.7095135322752,283.8529002725163,8785.781253412944
2458103.44176571,2017.9560349506087,9248.723653852257,0.2933985,19.1625,181.4178,7.5892,157.0257068974861,284.3744177809153,8785.022810023465
2458104.24266538,2017.9582276944004,9245.753932234997,0.2931592,19.1614,178.9443,12.1228,157.13980606413043,285.6451300158285,8782.97270230697
2458105.37875432,2017.9613381364,9241.397648252541,0.2928782,19.1517,175.4309,18.5401,156.65743954810387,287.42927089601153,8779.738197964885
2458105.62473269,2017.9620115884734,9240.451427238086,0.2927076,19.1521,174.6838,19.9433,157.56476705465138,287.842928149554,8779.387405046056
2458106.40478405,2017.9641472527032,9236.535129385136,0.2924443,19.1492,172.2607,24.3467,157.22677904669035,289.05438902685285,8776.511496099047
2458107.20682829,2017.9663431301578,9232.767124860171,0.2920808,19.1467,169.7921,28.8762,157.9168168173128,290.3247731431982,8774.09587254778
2458107.42760509,2017.9669475840935,9231.721678145841,0.2920431,19.1473,169.1006,30.1303,157.52476092292727,290.6697697262948,8773.223056249848
2458108.337878,2017.9694397754963,9227.917491571836,0.2916327,19.1455,166.2927,35.3146,158.6186981275132,292.14898082136403,8770.920045828356
2458109.35996979,2017.9722381103084,9223.682630163321,0.2913718,19.1439,163.1205,41.1118,158.02531958389864,293.76658028902546,8767.72770899862
2458109.47499234,2017.972553024887,9223.203045827202,0.2913349,19.1445,162.7613,41.7694,158.02580879143807,293.9516110406919,8767.389546737246
2458110.721044,2017.9759645284046,9218.056890904294,0.2910299,19.1407,158.893,48.8146,157.19041575010579,295.9003697743522,8763.469538586636
2458111.4020325,2017.9778289733063,9215.397044128013,0.2908079,19.1425,156.7665,52.7054,157.3504820589378,296.9934696097257,8761.647326185135
2458112.20495142,2017.980027245503,9211.939832405442,0.2904538,19.1336,154.2875,57.2649,158.16060271191782,298.28259161892987,8759.485557583528
2458113.33915333,2017.9831325210946,9206.462180995904,0.2901896,19.1454,150.7125,63.7641,156.7063032775759,300.0888924059055,8755.115027523048
2458114.3480281,2017.9858946696786,9201.48243315655,0.2897587,19.1457,147.575,69.5328,157.1365452522723,301.7257189157174,8751.743785653647
2458115.25526873,2017.988378559152,9197.185610743656,0.2894142,19.1488,144.7422,74.732,157.2531949587701,303.19791870532424,8748.745698741368
2458115.94745903,2017.9902736729089,9193.99271240855,0.2891723,19.1405,142.5921,78.6735,157.2083935781311,304.3070777528067,8746.471855956055
2458116.38167906,2017.9914625025597,9191.850491418738,0.2890357,19.1352,141.2306,81.1508,156.9412503361791,304.99489907850125,8744.864578825169
2458116.62700819,2017.9921341771114,9190.68218825275,0.2889923,19.1375,140.4608,82.5446,156.5095041005543,305.37709623992214,8743.889856069
2458117.18282935,2017.9936559325113,9188.101619768775,0.2887892,19.133,138.7317,85.7232,156.5408034770453,306.2787642959177,8742.074298935368
2458117.87430457,2017.9955490884868,9184.94475368246,0.2885851,19.1335,136.5795,89.69,156.17025344653212,307.4118281447642,8739.712680436984
2458118.98910495,2017.998601245585,9180.015939400377,0.2882358,19.1356,133.0823,96.09,155.87040109455756,309.21585158945146,8736.1197921928
2458120.00953244,2018.001395023792,9175.537280747429,0.2877946,19.1352,129.871,101.9396,156.7308992496346,310.8483914349192,8733.24060193151
2458120.44070591,2018.0025755124157,9173.511003331494,0.2876622,19.1405,128.5242,104.4125,156.50234638894926,311.549515530324,8731.726458945897
2458121.23428955,2018.0047482260102,9169.395285305282,0.2873595,19.1425,126.0302,109.0127,156.3461408175981,312.87353863633103,8728.75531269581
2458121.45320255,2018.0053475771385,9168.343258234634,0.2872761,19.1423,125.3383,110.2802,156.36106354769618,313.2333722301432,8728.014365369816
2458123.04320905,2018.009700777686,9161.225277590805,0.2867133,19.139,120.3485,119.436,156.44384620933033,315.8322200330015,8722.992817008391
2458123.84237519,2018.011888775332,9157.75671691704,0.286364,19.1449,117.8375,124.004,157.16857243380764,317.1015408804956,8720.776874214396
2458124.1148586,2018.01263479425,9156.642822925194,0.2862537,19.1423,116.9753,125.5872,157.38363528441187,317.5539740699678,8720.058945010309
2458124.7429878,2018.014354518275,9153.893478016404,0.286028,19.143,114.9936,129.2211,157.4873342863284,318.5870734210198,8718.141511094589
2458125.15428128,2018.0154805784532,9152.005017785259,0.2859745,19.1473,113.6855,131.616,156.62865882662845,319.2684917568754,8716.50894904393
2458125.49810039,2018.0164219038745,9150.4821500821,0.2858586,19.1473,112.5984,133.6123,156.6018333346401,319.83881460514965,8715.417991440803
2458125.96404641,2018.0176975945512,9148.425974524136,0.2856755,19.1462,111.1008,136.3362,156.80851003896623,320.60586596157475,8714.026985208122
2458126.97220146,2018.020457772649,9143.918055126538,0.2853279,19.1467,107.8947,142.2007,156.7668186851988,322.27060184636673,8710.808686355356
2458127.16951472,2018.0209979869128,9143.029966021773,0.2852611,19.1472,107.2689,143.3486,156.74288058143884,322.5982247114295,8710.169178230082
2458128.07855484,2018.0234868031207,9138.639235533805,0.2848155,19.1475,104.3804,148.6196,157.67683234562628,324.0847508765564,8707.361924426106
2458129.08923856,2018.026253904339,9133.579317911684,0.2844596,19.1505,101.1768,154.4982,157.30869857025482,325.7635944379534,8703.637222832906
2458129.70844468,2018.0279491983028,9130.57012434006,0.2842263,19.1498,99.2039,158.1197,157.2856610083445,326.8018886110024,8701.487373197207
2458130.08977078,2018.0289932122655,9128.90540949082,0.2842378,19.155,97.9886,160.3608,155.9891194890506,327.45184358444834,8699.86553430558
2458131.09391392,2018.0317424063524,9124.476604859556,0.2838714,19.1582,94.8004,166.2031,156.1623567708266,329.1162337131266,8696.7700382359
2458132.66407869,2018.0360412832035,9117.536297436707,0.2833452,19.1584,89.7946,175.3749,155.98985173224264,331.734638046707,8691.766986437186
2458132.89251819,2018.0366667164687,9116.423654646045,0.2832747,19.1583,89.0648,176.7155,155.83517880328327,332.12028207125934,8690.921996837842
2458134.00417221,2018.0397102593022,9110.820188837195,0.2827042,19.1595,85.5118,183.1879,157.01675600812723,333.94400665122055,8687.32232289842
2458134.54899122,2018.0412018924574,9108.185957395193,0.2825354,19.1589,83.7634,186.4042,156.66469464815964,334.87491871533007,8685.325165679376
2458135.00236664,2018.0424431667082,9106.074452224293,0.2823916,19.1598,82.3118,189.0685,156.4592179415513,335.6407599850784,8683.749737002647
2458136.00250186,2018.0451813877064,9101.552525591844,0.2820121,19.162,79.0952,194.956,156.6682845893838,337.3259004256644,8680.591847498563
2458136.78504677,2018.0473238789043,9097.976561524634,0.2817254,19.1659,76.5775,199.5706,156.70917553848176,338.65150359447546,8678.05187920083
2458136.99483797,2018.0478982559068,9097.338066881715,0.2818442,19.1638,75.9123,200.816,155.16979729189188,339.0249278735048,8677.082243800744
2458138.09992014,2018.0509238059963,9092.677009981378,0.2811163,19.1634,72.3802,207.2605,158.44099184034985,340.84812984136636,8674.842313084062
2458138.99844345,2018.053383828747,9088.802277174964,0.280928,19.1705,69.4516,212.5994,157.3669310527548,342.37282165107496,8671.715014366631
2458139.09792384,2018.0536561912113,9088.377504588983,0.2808969,19.1713,69.1367,213.1812,157.3441375202019,342.5416711639291,8671.403730648044
2458139.88800295,2018.0558193099253,9084.854780390506,0.2806437,19.1719,66.5944,217.8427,157.11122085902753,343.88214842687546,8668.807182632367
2458140.54307745,2018.0576128061596,9081.98418406979,0.280428,19.1716,64.4759,221.7316,157.0052232994667,345.0068897825581,8666.718578325028
2458140.98367512,2018.0588190968376,9080.096516068212,0.2802936,19.1706,63.0463,224.348,156.86727523199443,345.7594251384654,8665.322204416752
2458141.64396762,2018.060626879179,9077.242003861738,0.2800772,19.1706,60.924,228.2585,156.77717969775313,346.896823495592,8663.249511807
2458142.08278927,2018.061828307379,9075.329745977926,0.2799299,19.1706,59.5066,230.8555,156.73729771929993,347.6439093435335,8661.867481359866
2458142.52709317,2018.0630447451615,9073.39094481588,0.2797805,19.1706,58.0705,233.486,156.69678957981978,348.40039174188706,8660.465988104601
2458143.51730226,2018.0657557898967,9069.369872171945,0.2793922,19.1714,54.8517,239.3648,157.322370972106,350.0844156371554,8657.793115697568
2458144.51416567,2018.0684850531695,9065.252291809966,0.2791372,19.1699,51.6391,245.266,156.66684978054946,351.7904808589947,8654.626303218378
2458145.50336926,2018.0711933449968,9060.895697310549,0.2787545,19.1682,48.4329,251.1498,156.9939476545951,353.4930958011201,8651.611555394042
2458145.96178017,2018.0724484056673,9058.861923397293,0.2786216,19.1704,46.9538,253.8627,156.73102012126128,354.2750739597751,8650.066617229406
2458147.05788752,2018.0754493840388,9054.383461872816,0.278289,19.1726,43.3958,260.3867,156.51184265169195,356.16072174602846,8646.782342015182
2458147.83348963,2018.0775728668855,9051.28597782819,0.2780049,19.1755,40.861,265.0176,156.8478246906625,357.4923679212434,8644.670423495829
2458148.04293609,2018.0781463000408,9050.470089791605,0.2779702,19.176,40.1876,266.2631,156.57280883821477,357.8580319853005,8643.99446114627
2458149.0330588,2018.0808571082814,9046.585875403904,0.2776601,19.1754,36.9642,272.1746,156.57363658066697,359.5702410186744,8641.206596368893
2458150.02975243,2018.0835859067215,9042.708996470008,0.27735,19.1743,33.7108,278.1389,156.57735629905164,1.2987735802482803,8638.423845240814
2458150.53401791,2018.0849665103622,9040.721658974471,0.2772107,19.1719,32.0891,281.1281,156.4005793849974,2.1692562696180175,8636.938363630277
2458151.01846374,2018.0862928507602,9038.73868754416,0.2770374,19.1719,30.5109,284.035,156.53372226751435,3.020473726365651,8635.557344666227
2458152.00434948,2018.0889920588088,9034.685069120107,0.2767552,19.1734,27.2863,289.944,156.1526958787581,4.733158828828721,8632.5194262976
2458152.5397464,2018.090457895688,9032.658275483951,0.2765998,19.1736,25.5434,293.1536,156.09050301674415,5.6721575523923775,8631.042108879554
2458153.42712207,2018.0928873978644,9029.383400673987,0.27628,19.1814,22.6353,298.4714,156.60905473577714,7.207236768800385,8628.856743082955
2458153.87189267,2018.0941051134023,9027.735751151456,0.2761112,19.1828,21.1784,301.1442,156.94049961812652,7.984759175192778,8627.779836196307
2458154.41296154,2018.095586479233,9025.763695241132,0.2759618,19.1826,19.4093,304.3826,156.86139952773829,8.920767476160904,8626.335241394134
2458154.85654681,2018.0968009495136,9024.159416152082,0.2758201,19.1818,17.9533,307.0558,156.9785635730732,9.700758175050169,8625.219059600984
2458155.60643161,2018.0988540222038,9021.329783151488,0.2755571,19.1709,15.4876,311.5731,157.30200996263557,11.013252006619041,8623.287822525994
2458156.48485115,2018.1012590038326,9017.693413636247,0.2753347,19.17,12.5875,316.8878,156.6732029007353,12.562058620279402,8620.464945038051
2458157.47115759,2018.1039593636958,9013.568713226567,0.2749452,19.1693,9.354,322.8169,157.19496065474505,14.285529069475956,8617.663768279115
2458157.80354961,2018.1048694034498,9012.200118629908,0.2748504,19.1693,8.246,324.8416,157.05701114442945,14.874614758034284,8616.632891931255
2458158.90341922,2018.1078806823268,9007.859977059232,0.2745061,19.1763,4.6322,331.4708,157.0111654106131,16.805954362327554,8613.490125115184
2458159.54509457,2018.1096374936897,9005.351320381224,0.2742807,19.1761,2.5131,335.3598,157.22095648113645,17.943402271725688,8611.749547075167
2458160.33195566,2018.1117918019443,9002.209655776936,0.2740328,19.1722,359.9077,340.1213,157.17263761734557,19.323951300073077,8609.468232730565
2458161.05723819,2018.1137775172895,8999.278497173413,0.2738009,19.1707,357.5236,344.501,157.13164529668484,20.604693775800342,8607.340468924862
2458161.31557047,2018.1144847925254,8998.209435432556,0.2737383,19.1707,356.6704,346.0633,156.9185815332885,21.05917469081328,8606.50019222735
2458161.80335712,2018.1158202795898,8996.192759102792,0.2735927,19.167,355.0507,349.0314,156.76379241940958,21.92679934770831,8604.994871818953
2458162.5921039,2018.1179797505815,8993.141963155489,0.2734055,19.1656,352.4538,353.8008,156.2311881479809,23.32188979063153,8602.62078561049
2458162.93628681,2018.1189220720325,8991.80149044029,0.273286,19.1658,351.3093,355.8905,156.3317283238257,23.927854068316833,8601.685556661516
2458163.57424832,2018.120668715455,8989.534300423044,0.2730938,19.1644,349.1943,359.7716,156.41191809017255,25.06516243618148,8600.074408932833
2458164.10175677,2018.1221129548808,8987.568706460972,0.2729365,19.1641,347.4387,2.9766,156.3968602099867,25.994636242960382,8598.649974294078
2458164.55166462,2018.123344735442,8986.006818437303,0.2728086,19.164,345.949,5.7061,156.41057870896748,26.790995240898212,8597.526176198277
2458165.37616138,2018.1256020845453,8982.93326967361,0.2725506,19.1623,343.2243,10.7167,156.49311726410542,28.264249563658495,8595.332059760873
2458165.62872253,2018.1262935592877,8981.987442896227,0.2724748,19.16,342.3961,12.2384,156.48591079056587,28.708818656402286,8594.646214974327
2458166.45161441,2018.12854651447,8978.829417410778,0.2722472,19.1568,339.6621,17.2551,156.23194924306154,30.180454790816952,8592.281845023725
2458167.39879093,2018.1311397424502,8974.965608862072,0.2719193,19.1551,336.5122,23.0222,156.36294297622408,31.864092717931726,8589.530142719455
2458167.9307788,2018.132596245859,8972.794111697598,0.2717514,19.1545,334.7371,26.2872,156.28844993201983,32.829651490716,8587.935589102999
2458168.01678796,2018.132831726106,8972.44518533786,0.2717237,19.1545,334.4499,26.8168,156.28288153067024,32.98727860186216,8587.68139333317
2458168.67478412,2018.1346332214105,8969.59619685436,0.2714727,19.1539,332.2492,30.8321,156.45939938457468,34.153340292233395,8585.676728355238
2458169.5465659,2018.137020029843,8966.12149041974,0.2712167,19.1546,329.3382,36.1641,156.22330798901658,35.715089256584065,8583.086264348238
2458170.52066525,2018.139686968514,8962.304892165545,0.270934,19.1534,326.0871,42.1349,155.9754785115647,37.47469133491205,8580.243734845899
2458170.73292862,2018.1402681139498,8961.48292269153,0.2708592,19.1527,325.3719,43.4373,156.04652743763927,37.852678978051074,8579.67122461374
2458172.79005936,2018.1459002309657,8954.110791160796,0.2701113,19.1531,318.4668,56.1005,157.3679850163253,41.58321685236052,8574.751854434615
2458173.65260698,2018.1482617576453,8950.532123014009,0.2698736,19.1531,315.571,61.393,156.8834970605758,43.129767247694076,8572.002928210908
2458173.76098809,2018.1485584889533,8950.1069282179,0.26984,19.1531,315.2077,62.0587,156.8737747075811,43.325343976817294,8571.691515521232
2458174.84818552,2018.1515350732927,8945.374295351972,0.269496,19.1531,311.5616,68.7261,156.49540425179748,45.2750736146337,8568.138540792444
2458176.46616853,2018.1559648693492,8939.010204573759,0.2689264,19.1489,306.1092,78.6969,156.93807069447394,48.19874703426399,8563.66071569332
2458176.78267609,2018.156831419822,8937.729888787931,0.2688167,19.1488,305.0407,80.6569,156.98253459259286,48.778288864045464,8562.745287085947
2458177.5397236,2018.1589041029426,8934.354938976581,0.2685968,19.1516,302.4834,85.3173,156.47949230327504,50.1352229406541,8560.134962369553
2458178.51076875,2018.161562679672,8929.948269408376,0.2681912,19.1504,299.2176,91.32,156.87842709782035,51.91503531806154,8557.060035652214
2458178.72157653,2018.162139839918,8929.011542767463,0.2681169,19.1504,298.5066,92.6229,156.85634785643288,52.29915762954897,8556.37234586264
2458179.27486925,2018.1636546728273,8926.60129769398,0.2679833,19.1464,296.6589,96.0207,156.28492415366418,53.30391778220985,8554.43989485237
2458179.91911981,2018.1654185347302,8923.844835691352,0.2677104,19.1408,294.4825,99.9931,156.70246519048578,54.46492749711456,8552.567997996272
2458180.24454969,2018.1663095131823,8922.396676429902,0.2675845,19.1421,293.388,102.0013,156.76532296574442,55.05787525439263,8551.53481882911
2458181.00105729,2018.168380718111,8919.08635788671,0.2673143,19.142,290.8345,106.689,156.75073148867432,56.44644148007569,8549.122513469696
2458181.52070691,2018.1698034412325,8916.822128255044,0.2671377,19.1437,289.0793,109.8933,156.66647360388743,57.38336115629676,8547.448637667125
2458181.96522944,2018.1710204775907,8914.891798771465,0.2670199,19.1456,287.5688,112.6588,156.30198215268865,58.200228067336695,8545.929147848894
2458182.37886042,2018.1721529374952,8912.87262539438,0.2668799,19.1441,286.1198,115.2668,156.0697704163913,58.95154250176728,8544.386483640355
2458183.88576343,2018.176278613087,8905.998510873565,0.2663435,19.1455,280.9923,124.663,155.80739649271163,61.73499928867079,8539.298900592847
2458184.84463656,2018.1789038646405,8901.853816195578,0.265995,19.1493,277.7847,130.6068,155.86891035663575,63.52610872941136,8536.298751183389
2458185.18046726,2018.1798233189872,8900.354274077485,0.2658596,19.1497,276.6434,132.6909,155.97334691295418,64.13790516461313,8535.238735579502
2458185.9246802,2018.1818608629703,8897.001678520188,0.265558,19.1487,274.0983,137.3371,156.19540677572422,65.50548933065477,8532.864487371486
2458186.88006134,2018.1844765539768,8892.801061196047,0.2652231,19.144,270.8451,143.3141,156.08849606234162,67.28764056832637,8529.767812635928
2458186.99868719,2018.1848013338536,8892.144581571412,0.2651695,19.1422,270.4286,144.0597,156.08274894841088,67.49981981272776,8529.287173018976
2458187.40863713,2018.18592371562,8890.272093674488,0.2650203,19.1422,269.0298,146.623,156.03321632724692,68.26026237683726,8527.905704668941
2458188.27624432,2018.1882990946474,8886.03177091921,0.2646876,19.1485,266.0645,152.0473,155.87304795085402,69.86412592692375,8524.761417213933
2458188.37207473,2018.1885614640116,8885.575675088567,0.2646512,19.1485,265.737,152.6475,155.86110998556705,70.04237295583232,8524.424789679017
2458189.13444343,2018.1906487157569,8881.242956118967,0.2641825,19.1485,263.1008,157.4302,156.8376888640687,71.43746232749442,8521.565770964371
2458190.09390503,2018.1932755784526,8876.357982246955,0.2637416,19.1499,259.8416,163.4079,157.15682583637135,73.21029175705837,8518.096360794367
2458190.30096983,2018.193842490978,8875.366552855863,0.2636838,19.1512,259.1323,164.7143,156.93987380592807,73.60330324785275,8517.304407369387
2458190.825224,2018.1952778206708,8872.730836206643,0.2634501,19.1507,257.3261,168.0178,157.07271013491936,74.5838845584932,8515.419193207983
2458191.40753669,2018.1968721059277,8870.214005186963,0.263239,19.1467,255.3057,171.7116,157.0914406755519,75.68334186599759,8513.584903973993
2458191.51582597,2018.1971685858182,8869.830733313045,0.263296,19.1459,254.9267,172.4193,156.30348055465402,75.90530910544703,8513.060168492986
2458192.21305478,2018.199077494264,8866.6655811385,0.2631311,19.1525,252.5188,176.8255,155.43381344138743,77.21640206496909,8510.475898418657
2458193.16858688,2018.2016935985762,8861.884576052644,0.2626691,19.1498,249.2298,182.8643,156.00503015701452,79.02440451255711,8507.155428111753
2458193.16858688,2018.2016935985762,8861.884576052644,0.2626691,19.1498,249.2298,182.8643,156.00503015701452,79.02440451255711,8507.155428111753
2458194.22988559,2018.2045992760843,8856.018555444381,0.2622261,19.1512,245.5748,189.5571,155.6030481225671,81.01616060964591,8502.737492973993
2458194.86135537,2018.206328146119,8852.374754825847,0.2619486,19.1529,243.3904,193.5691,155.3712811238729,82.22136739721378,8499.997637680008
2458195.00184102,2018.206712774866,8851.506560098838,0.2618091,19.1511,242.9063,194.4569,155.96529395526522,82.48660104820851,8499.544986680707
2458195.39196306,2018.207780870801,8849.256226683916,0.2616843,19.1548,241.5529,196.9106,155.40850548349408,83.20238651169086,8497.72470127674
2458196.0480384,2018.2095771071863,8845.663606610215,0.2614366,19.1569,239.2795,201.0774,154.94708855430235,84.44914141294998,8494.94996197198
2458196.48723681,2018.2107795668992,8843.316832963183,0.2612147,19.1622,237.7551,203.8728,155.17617943575442,85.28725591630388,8493.300337931343
2458197.1958403,2018.2127196175225,8839.4567807402,0.2609268,19.1659,235.2893,208.3756,154.86930920335817,86.62583769193247,8490.37569557933
2458197.93562235,2018.2147450303896,8835.29914994624,0.2605765,19.1715,232.7176,213.0842,154.89152100027422,88.03358905969964,8487.332829287603
2458198.99645815,2018.21764944052,8829.511109699708,0.2601225,19.1726,229.0405,219.8114,154.62030606684493,90.03810141275005,8483.001893861312
2458200.15458964,2018.2208202317315,8824.695033236369,0.2594863,19.1539,224.9818,227.1872,156.67127043348592,92.2137165766145,8480.092489311375
2458200.41461182,2018.2215321336623,8822.800262292332,0.2596923,19.1666,224.1163,228.8499,153.45066973703342,92.75463188159586,8477.716140545132
2458201.31255855,2018.223990577823,8818.39421187559,0.2592711,19.1669,220.9816,234.5711,153.9031443289723,94.45609198365014,8474.617304205583
2458201.94302556,2018.2257167024234,8815.157753397485,0.2589894,19.1668,218.7821,238.6115,153.98903593972318,95.67558712760422,8472.264658840735
2458202.36443002,2018.2268704449557,8813.015081860862,0.2588072,19.1672,217.3167,241.3051,154.00702496668146,96.48843981592029,8470.694782326143
2458203.20671706,2018.2291765011908,8808.646369995788,0.2584256,19.1702,214.3666,246.7102,154.13034664180395,98.11325957130447,8467.519173279099
2458203.4680097,2018.2298918814513,8807.248821872894,0.2582937,19.1747,213.4751,248.3608,154.255636850703,98.61482267755218,8466.529060187331
2458204.25911012,2018.232057796359,8802.960885011815,0.2580194,19.1726,210.6869,253.4509,153.48989923759746,100.13699331076032,8463.140789088515
2458205.1077765,2018.2343813182747,8798.48582387365,0.2576759,19.1735,207.7067,258.9182,153.19177056976605,101.7876254211235,8459.755743908621
2458205.92307999,2018.2366134975766,8794.44988238937,0.2573125,19.173,204.8304,264.1824,153.39169702705476,103.37194087242688,8456.84373058549
2458206.98546398,2018.2395221464205,8789.486592062865,0.2568181,19.1778,201.1069,271.0049,154.05104551380464,105.423827288589,8453.38560008491
2458207.69104084,2018.2414539105819,8786.19550770041,0.2565353,19.1816,198.6576,275.5114,154.08990727383207,106.7855921905549,8450.97085154363
2458207.92831485,2018.2421035314173,8785.08780437296,0.25642,19.1803,197.8109,277.0536,154.27928957564654,107.24722868974129,8450.211101365703
2458208.34751485,2018.243251238467,8783.195675724124,0.2562785,19.1828,196.345,279.75,154.11516274305814,108.06455415186497,8448.765971773433
2458209.29781824,2018.2458530273504,8778.865774001702,0.2559106,19.1872,192.9996,285.8854,154.1246664574628,109.91791015381182,8445.574100060856
2458209.90263317,2018.2475089203836,8775.914847783637,0.2556699,19.1745,190.8943,289.7694,154.0412762422793,111.10048866188293,8443.370887229075
2458210.13450861,2018.2481437607387,8774.81807472533,0.2555849,19.1764,190.076,291.2741,153.97077457846353,111.55834613410605,8442.539976653594
2458210.75222644,2018.2498349799857,8771.620692738534,0.2553059,19.171,187.8797,295.2733,154.03787732029923,112.75240720515444,8440.199087631738
2458211.18132323,2018.25100978297,8769.399489681986,0.255113,19.1768,186.3676,298.0639,154.0753776707461,113.60797813079205,8438.569648510345
2458212.00342301,2018.2532605695003,8765.102919084564,0.2547277,19.1657,183.454,303.4016,154.25211224286704,115.22179497987793,8435.44781654259
2458212.83503917,2018.2555374104586,8760.838748874012,0.2543313,19.167,180.5195,308.7882,154.54694078251032,116.8542322349146,8432.383644813879
2458213.98595157,2018.2586884368784,8755.211698882775,0.2538681,19.1673,176.4373,316.2952,154.4064397896318,119.14466272375006,8428.179425539272
2458214.09375122,2018.2589835762356,8754.672621774545,0.2538198,19.1665,176.05,317.0046,154.4270678502544,119.36051255520448,8427.786708823316
2458214.91688759,2018.2612372007945,8750.262092197427,0.25346,19.1659,173.1112,322.3617,154.28436230906664,120.96750771397569,8424.479867588063
2458215.75246369,2018.263524883477,8745.729655461679,0.2529924,19.1671,170.0739,327.9088,154.99022017525567,122.65374194824972,8421.333782616082
2458215.95687837,2018.26408454037,8744.640657362666,0.25292,19.1671,169.3442,329.2503,154.80984230250033,123.06406546680302,8420.473466801124
2458217.08834502,2018.267182327228,8738.63289667097,0.2523807,19.1688,165.2958,336.6604,155.0343091661225,125.31056219786967,8416.088205725695
2458217.92884851,2018.26948350037,8734.115848621928,0.2520243,19.1579,162.3595,342.0558,154.7701157540805,126.9412398668004,8412.660730502465
2458218.02155244,2018.2697373098968,8733.618477200927,0.2519882,19.158,162.0278,342.6656,154.71337764432428,127.12796843717922,8412.275058193394
2458218.96514581,2018.2723207277481,8728.367153342186,0.2515419,19.1576,158.6432,348.8751,154.68079569290057,129.02283801063663,8408.36970176001
2458219.69744569,2018.2743256555514,8723.697079827645,0.2512173,19.1645,155.9895,353.7303,154.0171534154597,130.5025640014793,8404.70744703274
2458219.89734957,2018.274872962546,8722.388692220286,0.2510605,19.1569,155.2959,355.0094,154.40512595711425,130.89103348342087,8403.850559323007
2458220.64962582,2018.2769325826696,8717.575626138934,0.2505696,19.1606,152.5359,0.0655,155.0798885275526,132.44567023890838,8400.47459143326
2458221.03584111,2018.2779899825057,8715.146328140689,0.2503221,19.1601,151.1434,2.6159,155.41629747322258,133.22290629799258,8398.768422934809
2458222.06971065,2018.280820563039,8709.29783496644,0.2497846,19.1542,147.4086,9.454,155.71305897848197,135.3071973059401,8394.507562517267
2458222.99648359,2018.2833579290623,8704.143517808456,0.2493605,19.1582,144.0569,15.6133,155.53763813598016,137.20134553758862,8390.621857165674
2458223.58266432,2018.2849628044348,8701.056146646231,0.2490694,19.1549,141.947,19.4815,155.75301283474255,138.38189040350247,8388.387198666564
2458224.754997,2018.2881724763863,8694.814727212211,0.2485717,19.1524,137.7339,27.2253,155.39354928403554,140.75710850093014,8383.634803485027
2458224.95657405,2018.2887243642704,8693.731177384318,0.2484904,19.1522,136.9973,28.5757,155.2861396236176,141.17222886264213,8382.796350597038
2458225.5378194,2018.29031572731,8690.602097372801,0.2481846,19.1469,134.8941,32.4313,155.5921920771716,142.35173816841353,8380.554304403448
2458226.71202024,2018.2935305140036,8684.72084038981,0.2476295,19.1467,130.6126,40.2656,155.9914610445012,144.74721495872643,8376.28637179644
2458226.90737329,2018.294065361506,8683.72677249402,0.2475398,19.1465,129.9042,41.5674,156.02248397620406,145.14806985786268,8375.554066065453
2458227.90877935,2018.2968070618758,8678.83745344779,0.2470935,19.1464,126.2312,48.2643,156.21683114428834,147.18495772473852,8371.963077323364
2458228.4667829,2018.2983347923341,8676.270102850694,0.2468667,19.1465,124.1932,51.9929,156.25163425128267,148.3255747597151,8370.057122357623
2458229.02451037,2018.299861766927,8673.456825239025,0.2466235,19.1464,122.1594,55.7198,156.2422458996889,149.46896390626503,8367.95419983904
2458229.95335962,2018.3024048175776,8668.149452150888,0.2461714,19.147,118.7625,61.9389,156.16266610567072,151.3756656721026,8363.967332437524
2458230.13902212,2018.3029131337983,8667.191347437134,0.2460919,19.1472,118.0855,63.1811,156.129461082769,151.75787183263225,8363.241933578149
2458230.69580569,2018.3044375241336,8664.19366777795,0.2458342,19.1474,116.0463,66.913,156.10224881469185,152.90179131191553,8360.994022957908
2458231.06682732,2018.305453325996,8662.260618131391,0.2456747,19.1473,114.6861,69.4065,156.02603945014653,153.66940264145074,8359.527167120985
2458231.53042917,2018.3067225986858,8660.080741451171,0.2454867,19.1474,112.9885,72.5157,156.00979849876876,154.62406447309937,8357.892766860903
2458231.9938385,2018.3079913442853,8657.8894456611,0.2453016,19.1473,111.2875,75.631,155.95901201731886,155.58161605726696,8356.239501636705
2458232.45705812,2018.3092595704861,8655.800678946389,0.2451236,19.1475,109.5889,78.7426,155.92335564060613,156.53805462499872,8354.666918436233
2458233.01266995,2018.3107807527715,8653.20699725239,0.2448946,19.1478,107.5448,82.488,155.94703094306442,157.69172900225846,8352.733253097636
2458234.40053247,2018.3145805132651,8646.945020907286,0.2443742,19.1476,102.4427,91.8338,155.71844897908431,160.56751522455767,8347.980518458804
2458234.58545467,2018.315086802655,8646.19116733531,0.2443089,19.1477,101.7614,93.0803,155.71341405390376,160.95045104415846,8347.414606033704
2458235.41722599,2018.3173640684188,8642.39299955721,0.2439815,19.1475,98.6963,98.6966,155.6726919357434,162.68183536922078,8344.558259282538
2458236.24840016,2018.3196396992748,8638.795615745716,0.2436677,19.1475,95.6297,104.3139,155.66385728687237,164.413308261081,8341.860351718311
2458236.43302436,2018.3201451727855,8637.9713958481,0.243596,19.1476,94.9479,105.5621,155.65981570508666,164.79773779725633,8341.241491873794
2458237.26348453,2018.3224188488164,8634.556855107627,0.2432989,19.1477,91.879,111.1852,155.64237027248146,166.5334144261353,8338.676921766646
2458237.6323951,2018.32342887091,8633.06121933862,0.2431544,19.1482,90.5134,113.6838,155.75809838706937,167.30280647242893,8337.588484417534
2458238.36987405,2018.3254479782338,8629.97555007595,0.2428799,19.1483,87.7845,118.6833,155.79165147105687,168.84652783581862,8335.283746351015
2458238.64631294,2018.3262048266665,8628.877058778267,0.2427835,19.1484,86.7605,120.5568,155.7917853783738,169.42356240006512,8334.459707118353
2458239.65938508,2018.3289784670226,8624.772364404347,0.2424156,19.1489,83.0051,127.4355,155.85669682384923,171.54835187188485,8331.39798508392
2458240.39563317,2018.330994204435,8621.838176501706,0.2421519,19.1491,80.2733,132.4397,155.9073805692824,173.0950864033687,8329.209683953188
2458241.40726347,2018.3337638972482,8617.745487213122,0.2417821,19.1498,76.5157,139.3225,155.99258604921033,175.2231969906705,8326.160255185205
2458241.77492526,2018.3347705003694,8616.342419253326,0.2416534,19.1501,75.1487,141.825,156.03767807653367,175.99631986706527,8325.119006341129
2458242.32621377,2018.336279846051,8614.107323454175,0.2414546,19.1505,73.0977,145.583,156.05518531247617,177.1599554216874,8323.444544902
2458242.69361301,2018.337285730349,8612.805886828346,0.2413257,19.1514,71.7302,148.0851,156.17817722537438,177.93243707433956,8322.501277997691
2458243.61167181,2018.3397992383575,8609.363425893316,0.2410055,19.1519,68.313,154.3426,156.32318875418423,179.8678741913381,8319.954414511978
2458244.43738378,2018.3420599145238,8606.061790901622,0.2407075,19.1526,65.2341,159.9824,156.38187236816975,181.61493077145997,8317.48802588133
2458244.89587601,2018.343315197837,8603.962001477435,0.2405381,19.1532,63.5199,163.123,156.24502916985602,182.58942877869612,8315.869834713185
2458245.53744881,2018.3450717284325,8600.882653206652,0.2402586,19.1541,61.1248,167.5097,156.31032818293625,183.94867776432318,8313.571123618955
2458246.54492093,2018.34783003677,8596.137937326852,0.2398402,19.1552,57.3577,174.4074,156.3021952107929,186.0862867628688,8309.997029883978
2458247.27710401,2018.349834644791,8592.84772342401,0.2395658,19.1562,54.6161,179.4298,156.1589842837584,187.64542787527802,8307.478860160401
2458248.37461187,2018.3528394575494,8588.067022335574,0.2391009,19.1569,50.5118,186.9447,156.5161680348183,189.97429528221505,8303.976954869098
2458249.19713402,2018.355091400465,8584.20295298422,0.2387746,19.1581,47.4249,192.5997,156.3770265665944,191.731695832634,8301.025103450016
2458249.6538671,2018.3563418674878,8582.145543322713,0.2386094,19.1592,45.7068,195.746,156.22864451780606,192.7097277044113,8299.432165436576
2458250.65812307,2018.3590913704857,8577.299272563914,0.2381755,19.1611,41.9339,202.6567,156.260429671368,194.85770662514142,8295.785257052945
2458251.29677888,2018.3608399147984,8574.167361422184,0.2379348,19.1632,39.5269,207.069,155.9382651156684,196.2335306726315,8293.331837592981
2458251.38799067,2018.3610896390687,8573.827827128645,0.2379155,19.1635,39.1819,207.6997,155.84499272342055,196.42932993529786,8293.049557184839
2458252.29980877,2018.3635860609718,8569.729838516245,0.2375781,19.1656,35.7463,213.9973,155.61340596824812,198.3926180501496,8289.89123889809
2458252.6643805,2018.36458420397,8568.208103774476,0.2374394,19.1664,34.3731,216.5129,155.64161253912698,199.17568657075074,8288.74990377259
2458253.21107966,2018.3660809846951,8565.922864497918,0.237248,19.1673,32.3119,220.2942,155.5384967415157,200.35694550977772,8286.995107517696
2458253.66652064,2018.3673279141403,8564.060607324685,0.237087,19.1688,30.5932,223.4447,155.49687011589685,201.33985090944927,8285.576604057489
2458255.39613141,2018.3720633303485,8557.552245778666,0.2365183,19.1711,24.0612,235.4234,155.39823644591434,205.08180107453177,8280.629937977936
2458255.66907892,2018.3728106199044,8556.430073621248,0.2364276,19.1719,23.0278,237.3162,155.31754674715376,205.67217683446137,8279.759052201753
2458256.66951383,2018.3755496614099,8552.330188052769,0.2360681,19.1732,19.2429,244.2591,155.26154998650873,207.84412189241863,8276.642545919647
2458257.4377985,2018.3776531101987,8549.112145988347,0.2358583,19.1758,16.3756,249.5408,154.59678872618406,209.50128032848255,8274.023946369076
2458257.57845915,2018.3780382180703,8548.514328979287,0.2357224,19.1738,15.8008,250.573,155.30171491789952,209.82004149471112,8273.766195533759
2458258.48692348,2018.3805254578506,8545.178825797284,0.2354256,19.1753,12.3583,256.8912,155.28867362666278,211.80033517377535,8271.237626007529
2458259.3949548,2018.3830115121154,8542.014758636476,0.2351379,19.1755,8.912,263.2113,155.32704652168832,213.77915563846614,8268.852134882742
2458260.57476694,2018.386241661711,8537.925958039394,0.2347655,19.1759,4.4302,271.4317,155.37920153729647,216.35490178401153,8265.76887456272
2458260.66549185,2018.3864900529777,8537.615962828464,0.2347382,19.1759,4.0856,272.0633,155.37505942284315,216.55248092801764,8265.53283026083
2458261.48182144,2018.3887250415885,8534.752176176886,0.2344805,19.1755,0.9804,277.7586,155.38291853084138,218.3379850281794,8263.364507913455
2458262.29779895,2018.3909590662565,8531.861550736154,0.2342155,19.1749,357.8726,283.4547,155.43103169970982,220.12203614762257,8261.186176102854
2458262.38844054,2018.3912072294047,8531.53561092707,0.2341863,19.1749,357.5276,284.0883,155.43055288582036,220.32129741431459,8260.938887753182
2458263.3851811,2018.3939361563316,8527.892652428147,0.2338608,19.1738,353.7292,291.055,155.4165544171783,222.5071837206333,8258.172023486964
2458264.01917778,2018.3956719446408,8525.690082179151,0.2336652,19.1732,351.3105,295.4888,155.39670398874296,223.89739992934335,8256.495495039524
2458264.10973112,2018.395919866174,8525.399269277748,0.2336407,19.1732,350.9645,296.1227,155.38271622420598,224.09604817735635,8256.270998234186
2458264.38136549,2018.396663560548,8524.504629743898,0.2335573,19.1728,349.9254,298.0253,155.40804458341427,224.69181820273093,8255.59902116695
2458264.92451186,2018.3981506142645,8522.686621116702,0.233402,19.1718,347.849,301.8273,155.33821837482083,225.88207886476437,8254.200123055707
2458265.10552468,2018.3986462003563,8521.986992058697,0.2333394,19.1713,347.157,303.096,155.33536052391628,226.28036787175847,8253.668273430198
2458265.37701107,2018.3993894895825,8521.064008065394,0.2332565,19.1708,346.119,305.0009,155.3341412680884,226.87968375028083,8252.967265823412
2458265.91986688,2018.400875747789,8519.289243259456,0.2330984,19.1699,344.0427,308.8064,155.32025151846574,228.07383079595604,8251.615977163492
2458266.10078251,2018.401371067789,8518.655377209052,0.2330436,19.1694,343.3499,310.0768,155.30096094489636,228.47311559599893,8251.129385361986
2458266.46255956,2018.4023615593699,8517.43221412467,0.2329308,19.169,341.9643,312.6172,155.3236145428391,229.271338626844,8250.206652608627
2458267.09548662,2018.4040944192197,8515.179980512734,0.2327293,19.1678,339.5379,317.0621,155.31180427399158,230.66600908092778,8248.492679424166
2458267.36666969,2018.4048368780007,8514.216107522901,0.2326478,19.1673,338.4983,318.9696,155.2661613831351,231.26662391973366,8247.747980147
2458267.9992556,2018.4065688038327,8511.86336906598,0.2324422,19.166,336.0716,323.4166,155.21082146087247,232.66343062020246,8245.94518999488
2458268.36062162,2018.4075581700752,8510.523884744292,0.2323213,19.1655,334.684,325.9616,155.21161215944812,233.464658772926,8244.927391961717
2458268.45095038,2018.4078054767417,8510.199250421647,0.2322922,19.1654,334.3367,326.5977,155.2100441028506,233.6644283729455,8244.680219394297
2458269.44422939,2018.4105249264614,8506.512424980006,0.2319611,19.1637,330.5173,333.596,155.19614571797592,235.86432647391575,8241.87355635311
2458270.16622015,2018.4125016294317,8503.826549977888,0.2317235,19.1621,327.7387,338.6877,155.15379842408674,237.4658134045601,8239.819426424016
2458270.43687997,2018.4132426556334,8502.724619387223,0.2316232,19.1617,326.6975,340.5995,155.16003432597245,238.0696439719427,8238.982909854933
2458271.0681912,2018.4149710915813,8499.636958852654,0.2313561,19.1606,324.2653,345.0563,155.05780063664406,239.47200703077283,8236.60598693647
2458271.60902793,2018.4164518218483,8496.79480860197,0.231096,19.1594,322.1776,348.884,155.08321551328936,240.67894413463364,8234.44972176249
2458272.32973333,2018.4184250056942,8493.094540964385,0.2307694,19.1583,319.3937,353.9864,155.01190960275744,242.28709795007012,8231.61318283079
2458272.9599646,2018.4201504848731,8489.764570962701,0.2304752,19.1564,316.9552,358.4542,154.94808351715892,243.6952254456587,8229.059647583983
2458273.31993208,2018.4211360221216,8487.967609416477,0.2303198,19.1563,315.5629,1.0081,154.88430720919587,244.5020320362638,8227.673397577606
2458273.49987376,2018.4216286755925,8487.099812108507,0.2302323,19.1559,314.8655,2.2858,154.95900203719793,244.90497678670408,8227.032267234208
2458274.03952706,2018.4231061658043,8484.479638968867,0.2299871,19.155,312.7714,6.1202,155.02247179337064,246.1133803104741,8225.052396801158
2458274.39916289,2018.4240907950443,8482.862648126013,0.2298387,19.1543,311.3755,8.68,155.0362248021729,246.92281378405875,8223.823411429306
2458275.0282698,2018.425813195893,8479.958037524575,0.2295785,19.1531,308.933,13.1533,155.00569120673936,248.3335494785461,8221.60036890153
2458275.11811595,2018.4260591812454,8479.562336392844,0.2295459,19.153,308.584,13.793,154.97726827944643,248.5356947516289,8221.290950195855
2458275.38761304,2018.4267970240655,8478.304913063383,0.2294328,19.1523,307.5359,15.7155,154.96737760549422,249.14447133641528,8220.32921821223
2458276.01620142,2018.4285180052573,8475.4088225517,0.229178,19.1514,305.0931,20.1905,154.89527941694723,250.55711810737944,8218.100437389749
2458276.1059747,2018.4287637911016,8475.079645872236,0.2291569,19.1515,304.7448,20.8279,154.8203669710565,250.7577352034471,8217.82918483251
2458277.09300426,2018.4314661307603,8470.1989145505,0.2287111,19.1502,300.8994,27.8725,154.8341035848489,252.9840929262803,8214.107613011502
2458277.36203845,2018.4322027062283,8468.815654140359,0.2285873,19.1502,299.8524,29.7934,154.81564956267994,253.5928257578487,8213.04652383206
2458277.98953282,2018.4339206921834,8465.759685048159,0.2282919,19.1495,297.4017,34.2803,154.95902160511287,255.0105508140134,8210.750908694998
2458278.34794219,2018.4349019635586,8464.012859103677,0.2281497,19.1495,296.0065,36.8384,154.81456450303085,255.82019311890411,8209.377903858222
2458279.33302093,2018.4375989621633,8459.761444780519,0.2277508,19.1491,292.1538,43.8937,154.9077079225999,258.0518736211792,8206.153859204722
2458280.31734134,2018.4402938845717,8455.758940316102,0.2273767,19.1488,288.3008,50.9497,154.98007647153008,260.28470155422644,8203.112994041767
2458280.40678853,2018.4405387776312,8455.436898267366,0.2273548,19.1482,287.9506,51.5915,154.91643334916898,260.48814005273596,8202.849798113872
2458282.46236072,2018.4461666275706,8447.190863132051,0.2266012,19.1471,279.886,66.3601,154.91097691729283,265.1661140745952,8196.539266429212
2458285.22775917,2018.4537378758928,8436.303530420872,0.2256154,19.1466,269.0151,86.2649,154.80723488355397,271.4743646785576,8188.172937381762
2458285.85137545,2018.455445244216,8433.945254229428,0.2253484,19.148,266.553,90.7841,155.2328855012329,272.91681208221985,8186.477437337679
2458286.91975744,2018.458370314689,8430.0360756781,0.2250203,19.1467,262.339,98.4949,154.97052891819112,275.360586711898,8183.410827733752
2458287.72048155,2018.460562577823,8427.084099677735,0.2247523,19.1467,259.1762,104.2857,154.94126598173443,277.1993719837162,8181.138721360869
2458287.89835045,2018.4610495563318,8426.317993518705,0.2246712,19.1466,258.4739,105.5682,155.03071833326612,277.6042597205327,8180.574414620597
2458288.9649622,2018.46396978015,8421.663928560183,0.2242508,19.1464,254.2533,113.2985,154.9627552494194,280.0626791459916,8176.984651755658
2458289.67548402,2018.4659150828743,8418.694440945508,0.2239798,19.1465,251.4378,118.4553,154.94064380142208,281.7036701652921,8174.698843695977
2458289.9418191,2018.4666442685837,8417.612117056307,0.2238742,19.1465,250.3828,120.3889,154.98963844001992,282.3197633098896,8173.880443713369
2458290.91788479,2018.4693165908004,8413.731464220764,0.2235248,19.1461,246.5091,127.4846,154.91752142711084,284.57972731182963,8170.880442367642
2458292.69057705,2018.4741699577007,8406.976211692767,0.2228991,19.1459,239.4622,140.3933,154.93248038503953,288.6943152277239,8165.6917722688
2458292.86770914,2018.4746549189317,8406.258712460833,0.22284,19.1455,238.7573,141.6849,154.8717209760598,289.1064291845646,8165.124200445159
2458293.929931,2018.4775631238874,8401.58393777407,0.2223786,19.1459,234.5312,149.4248,155.11516390938596,291.5732754005338,8161.5914603220735
2458294.99116766,2018.4804686315124,8397.01278289369,0.2219503,19.1464,230.2949,157.1867,155.15697662659932,294.0528926555689,8158.08405059645
2458295.69813772,2018.4824042100481,8393.856126479455,0.2216499,19.1467,227.4714,162.3598,155.22245543089593,295.70568438263797,8155.670351158114
2458296.93423689,2018.485788465134,8387.881047029952,0.2210764,19.1478,222.5286,171.4112,155.3822015243395,298.5959525517827,8151.108289469781
2458297.9045476,2018.488445031075,8383.67110308037,0.2206879,19.1483,218.6398,178.5307,155.3600330508807,300.87028881306725,8147.857199978595
2458298.69789551,2018.490617099275,8380.295512133831,0.2203947,19.1486,215.4531,184.3646,155.1864968257496,302.73554426107097,8145.209239089146
2458298.96224281,2018.491340842738,8379.168469173232,0.2202797,19.1487,214.3931,186.3048,155.27145253429353,303.3551966143194,8144.361692183922
2458299.93107423,2018.4939933586038,8375.12551733024,0.2198982,19.1495,210.5021,193.4317,155.31419129525057,305.63619090266934,8141.252986253356
2458300.8992508,2018.4966440815874,8371.102489488154,0.2195422,19.1516,206.6048,200.57,155.1559325204471,307.92293062854355,8138.106671351948
2458300.98723577,2018.4968849713075,8370.728088001335,0.2195056,19.1519,206.2512,201.2183,155.17009660774966,308.13091032926957,8137.8211981796
2458301.69093908,2018.4988116059685,8368.001679792036,0.2192592,19.1532,203.4176,206.4083,155.10402588217858,309.7937218513645,8135.698653140892
2458302.65804587,2018.5014594000543,8364.317637760047,0.2189109,19.1554,199.5233,213.5436,155.14103579212042,312.0815159804981,8132.861862175355
2458302.92170694,2018.5021812647228,8363.326284756013,0.2188191,19.1558,198.4593,215.4905,155.13445411935845,312.70454469974777,8132.094063737743
2458303.71244193,2018.5043461791379,8360.248927441839,0.2185522,19.1573,195.2673,221.3378,154.96183180178468,314.58047551039203,8129.671299948778
2458304.0637626,2018.5053080427106,8358.889659502833,0.2184261,19.1578,193.8496,223.9337,154.9536908473001,315.4124046241631,8128.618296503031
2458304.32720415,2018.506029306366,8357.839095270836,0.2183346,19.1586,192.7881,225.8811,154.89733954051644,316.03864970827334,8127.791574984649
2458304.85396036,2018.5074714862694,8355.736079958033,0.2181376,19.1591,190.6592,229.7827,154.89956524258014,317.2921649429802,8126.165674481022
2458304.94173706,2018.5077118057768,8355.388331752236,0.2181047,19.1592,190.3045,230.4322,154.9025662719132,317.50044992035924,8125.8974526515385
2458305.46829868,2018.509153452923,8353.194120137177,0.2179081,19.1603,188.1784,234.3313,154.82916048691277,318.7544569476972,8124.181299970302
2458305.90695551,2018.5103544298697,8351.194025701516,0.2177155,19.1606,186.4029,237.5847,154.87334279889728,319.8000052469038,8122.644853555166
2458306.95920712,2018.5132353377683,8346.730059365005,0.2173128,19.1622,182.143,245.3929,154.7424793202299,322.31117840339823,8119.15615119498
2458307.66031153,2018.515154857029,8343.765034689633,0.217044,19.1628,179.3013,250.6033,154.66459650045635,323.9888514695241,8116.840287594804
2458308.71138378,2018.5180325360163,8339.437783488711,0.2166418,19.1631,175.0369,258.422,154.63067108570613,326.5071870340875,8113.47927982721
2458309.41171331,2018.5199499337716,8336.597440859885,0.2163894,19.1638,172.1938,263.6338,154.5098225906795,328.1856238422492,8111.247387729102
2458309.93675734,2018.5213874259825,8334.48588494206,0.2161816,19.1638,170.0561,267.5512,154.5870911578695,329.44782664631236,8109.629889419912
2458310.37416488,2018.5225849825592,8332.759119478174,0.2160264,19.1638,168.2793,270.8111,154.5268648301335,330.499806278649,8108.275724967158
2458310.54909307,2018.5230639098424,8332.022464502887,0.2159601,19.1638,167.5671,272.1184,154.50175986659633,330.9224924566993,8107.698099125429
2458311.42343213,2018.5254577197259,8328.372991928949,0.2156071,19.1635,164.0069,278.6471,154.58034342082556,333.0292208986607,8104.8868619656905
2458311.59823907,2018.525936315044,8327.657813937913,0.2155374,19.1633,163.2938,279.9558,154.59980063205148,333.45252658417655,8104.3368230388705
2458312.38461198,2018.5280892867352,8324.306162727671,0.2152176,19.1634,160.0864,285.8345,154.63266872021177,335.3487567753026,8101.743795534187
2458312.90862364,2018.5295239524708,8322.095986679993,0.2149986,19.1634,157.9429,289.7593,154.7207004781758,336.61357711051215,8100.049950994683
2458313.43244243,2018.5309580901574,8319.796763314193,0.2147863,19.1629,155.8051,293.6802,154.6820997699615,337.8803875433848,8098.2547398712
2458313.86880624,2018.5321527891585,8317.890121994795,0.2145958,19.1628,154.0188,296.9549,154.7695369532239,338.9386959029339,8096.7956009785985
2458314.65391431,2018.5343022979057,8314.465072874971,0.2142663,19.1621,150.8062,302.8449,154.81910523082024,340.8422727539673,8094.146654813591
2458314.82832087,2018.5347797970437,8313.691183595593,0.2141878,19.162,150.0919,304.1541,154.86365910185577,341.265273064303,8093.55630462404
2458315.43856569,2018.536450556304,8310.997344148918,0.2139326,19.1608,147.5931,308.7346,154.86777372204506,342.745499730526,8091.463203977564
2458315.78715072,2018.537404930103,8309.410266753704,0.2137758,19.1608,146.1608,311.3598,154.9231394502185,343.59482516290717,8090.2429410637415
2458316.39694541,2018.5390744569745,8306.53481216263,0.2135016,19.1597,143.6583,315.9442,154.9400393102087,345.07569548917405,8088.010683073663
2458316.83232121,2018.5402664509509,8304.373907612327,0.2132926,19.1594,141.8694,319.2256,154.9761054855344,346.13907765765975,8086.338452298472
2458317.44156343,2018.5419344652423,8301.198790277143,0.2129976,19.1581,139.3658,323.8146,154.92707082520792,347.6239925127463,8083.855232202459
2458317.70256594,2018.5426490511707,8299.903336975372,0.2128649,19.1576,138.289,325.7883,155.00894314044308,348.2636415785492,8082.8671048905535
2458318.39828561,2018.544553827817,8296.432987495053,0.2125294,19.156,135.4222,331.0384,155.06076252252205,349.9612219859033,8080.17766967432
2458318.74599303,2018.5455057988495,8294.837031143876,0.2123748,19.1556,133.9868,333.6709,155.0863756221015,350.8156124141681,8078.94090359883
2458319.78848777,2018.548359993895,8289.68877639991,0.2118899,19.1537,129.6817,341.5598,155.05115053741065,353.3719021978194,8074.920584426218
2458319.78848777,2018.548359993895,8289.68877639991,0.2118899,19.1537,129.6817,341.5598,155.05115053741065,353.3719021978194,8074.920584426218
2458320.65649423,2018.5507364660643,8285.242575332071,0.2114771,19.1529,126.0893,348.1385,154.96720270431342,355.5026722168062,8071.433408572455
2458321.35039297,2018.5526362572753,8281.51625226888,0.2111116,19.1515,123.2115,353.41,155.05580582639413,357.2124473809043,8068.548627449886
2458321.43709662,2018.5528736389322,8281.04187561976,0.2110717,19.1514,122.8522,354.0683,155.0119891615086,357.42598998441537,8068.16773387913
2458321.78383779,2018.5538229645178,8279.159550087214,0.2108925,19.1515,121.4137,356.706,155.01059467044524,358.28343277358346,8066.698580809552
2458323.42922937,2018.5583278011495,8270.30689068272,0.2100529,19.1496,114.5713,9.2404,154.96864440483114,2.3536915861821086,8059.776101673911
2458323.6887915,2018.5590384435316,8268.947949093801,0.2099238,19.1497,113.4896,11.2235,154.96267361782338,2.9992603286028157,8058.71294409465
2458325.41744189,2018.563771230363,8259.294426701279,0.2090405,19.1487,106.2793,24.435,154.63109009643085,7.296657069297368,8051.085361374269
2458327.40162956,2018.5692036401374,8248.907485862072,0.2080174,19.1491,97.9658,39.6685,154.85489781250635,12.2609895505596,8043.01023644946
2458327.66015407,2018.5699114416695,8247.561481784664,0.2079034,19.149,96.8838,41.6507,154.72910801259422,12.90638099899138,8041.925565403791
2458328.43534442,2018.5720337971798,8243.71398166717,0.207555,19.1486,93.6301,47.6095,154.5536262022406,14.847433015285901,8038.86886003995
2458328.69360566,2018.5727408779192,8242.194985556222,0.2074129,19.1485,92.5451,49.5994,154.52112123654751,15.497783949080826,8037.670620148666
2458329.38197691,2018.5746255356878,8238.744089780304,0.2070654,19.1483,89.6438,54.9188,154.6489493323088,17.237407152425277,8034.996311458714
2458330.41360038,2018.5774499668175,8233.048603052881,0.2065412,19.1477,85.2984,62.8835,154.4485649200151,19.83991194572485,8030.48098045957
2458331.35826795,2018.5800363256672,8227.951104332085,0.2060445,19.1477,81.3135,70.1832,154.4907330155329,22.223622759858102,8026.49055104829
2458331.44410047,2018.5802713222993,8227.42949863683,0.206001,19.1475,80.9526,70.8441,154.43449448814408,22.439023972255313,8026.067565435002
2458332.38775704,2018.582854913183,8222.591116602998,0.2055104,19.1484,76.9604,78.1585,154.62682719346958,24.831131254116883,8022.313943556272
2458333.2448185,2018.585201419575,8217.995694254414,0.2050452,19.1495,73.3253,84.8214,154.79882352687855,27.014188952992072,8018.744044659082
2458333.41613772,2018.5856704660368,8217.097693617661,0.2049734,19.1493,72.6009,86.1476,154.67494122469088,27.44713222670208,8018.008615949367
2458333.92990101,2018.5870770732645,8214.35844550604,0.2047268,19.1487,70.4194,90.144,154.5228269046147,28.755653624748447,8015.8187659518035
2458334.44339081,2018.5884829317179,8211.66952781502,0.2044587,19.1491,68.2408,94.1399,154.5859513283467,30.06684458158753,8013.719126002876
2458335.04209817,2018.5901221031352,8208.401554069844,0.2041413,19.1491,65.6925,98.8118,154.5914899000054,31.60034287131424,8011.149458426836
2458335.12759684,2018.5903561857353,8208.008515911872,0.2040995,19.1492,65.3291,99.4771,154.62178181851687,31.817973135313878,8010.847375685345
2458336.06758786,2018.5929297408895,8203.299754773981,0.2036385,19.1494,61.3278,106.8053,154.65579766143946,34.218393279742486,8007.149013945274
2458337.00667207,2018.595500813333,8198.631629834843,0.2031864,19.1496,57.3214,114.1524,154.64488404256826,36.63350720010317,8003.469935487103
2458337.17731676,2018.5959680130327,8197.766649551018,0.2031338,19.1484,56.5912,115.4921,154.38685851445098,37.07481530824293,8002.7274882239135
2458338.28580988,2018.5990029017937,8192.434757720337,0.2026586,19.1477,51.8554,124.1722,154.03109912939362,39.92655535429424,7998.441587254702
2458339.30793253,2018.6018013210953,8187.467763618594,0.2021193,19.1495,47.484,132.1747,154.4862104634385,42.55022440568615,7994.631993732208
2458340.243966,2018.6043640410683,8182.968026015301,0.2016708,19.1498,43.4729,139.519,154.56601783437418,44.960845215453475,7991.100294849552
2458341.26413351,2018.6071571074885,8178.278921360869,0.2012655,19.1491,39.0849,147.56,154.1372251137136,47.60834130413491,7987.29800816806
2458342.28336085,2018.6099475998633,8173.826460471337,0.2008227,19.1506,34.702,155.5913,154.20026134803902,50.25216404921656,7983.795960887486
2458343.04718243,2018.6120388293773,8170.536391887611,0.2005046,19.1511,31.413,161.6187,154.16996084674156,52.237721424183746,7981.189012846245
2458344.31916001,2018.6155213141963,8165.34300842214,0.1999993,19.1525,25.9268,171.6719,154.1438224778176,55.55102688933084,7977.076953457196
2458345.25116237,2018.6180729975913,8161.791037375572,0.1996697,19.1538,21.8992,179.0548,153.99236948010184,57.98772086715354,7974.232081153002
2458346.01327132,2018.6201595381797,8158.969074222499,0.1994048,19.1549,18.6035,185.0975,153.89517777097717,59.983566255298655,7971.976495282786
2458347.02880677,2018.622939922711,8154.992931424969,0.199002,19.1571,14.2099,193.1556,153.99672808553714,62.64712782401341,7968.852398834204
2458348.04362659,2018.6257183479538,8150.866056462508,0.1986107,19.158,9.8112,201.215,153.88054338224902,65.30759473659214,7965.557016717832
2458348.29722176,2018.6264126536887,8149.884790838685,0.1985073,19.1585,8.7123,203.2288,153.9368656982333,65.97254467206585,7964.792614101723
2458349.31119356,2018.6291887571795,8145.996836544549,0.1981366,19.1604,4.3108,211.2982,153.8404197408563,68.64104741540777,7961.689261871732
2458349.98681942,2018.6310385199727,8143.378932182413,0.1978731,19.1615,1.3785,216.6772,153.88699839678884,70.42183280984693,7959.6245551615275
2458350.24010934,2018.631731989979,8142.495699047,0.1977843,19.162,0.2771,218.6943,153.901586957978,71.0878836075677,7958.927548301711
2458350.66218278,2018.6328875640793,8141.008232434069,0.1976466,19.163,358.4424,222.0559,153.82933472146578,72.1987769314344,7957.7312874769295
2458351.08414994,2018.6340428472004,8139.392205139349,0.1974929,19.1635,356.6056,225.4229,153.7837343089841,73.31307500786318,7956.438976837591
2458353.27676178,2018.6400458912526,8131.4976976827365,0.1967098,19.1665,347.0553,242.9256,153.8161118711041,79.10437914904969,7950.180881459099
2458353.86664227,2018.6416608960158,8129.473022652226,0.1965188,19.1673,344.4838,247.6422,153.74243960823787,80.66807743431195,7948.556199435289
2458354.20363338,2018.6425835273926,8128.295882424655,0.1963967,19.1675,343.0115,250.3377,153.78909449286493,81.55913013868883,7947.6318778903205
2458354.96164547,2018.6446588513895,8125.633265297743,0.1961385,19.168,339.7029,256.4053,153.74744509214088,83.57101349979382,7945.507033665037
2458355.04584976,2018.6448893901713,8125.326385662567,0.1961035,19.1678,339.3351,257.0797,153.78514279178762,83.79461953833697,7945.2717792571475
2458356.14014868,2018.647885417331,8121.4517871731505,0.1957105,19.168,334.5527,265.8484,153.862097179599,86.702349760797,7942.209735769855
2458357.06551771,2018.6504189396578,8117.093290728056,0.1952728,19.1675,330.502,273.2756,153.90945598637427,89.16678172314789,7938.754574161498
2458357.23368326,2018.6508793518417,8116.056154539866,0.1951751,19.1673,329.7635,274.6261,153.86778297193268,89.61303333701153,7937.920110526615
2458358.24211225,2018.6536402799454,8110.6501491894915,0.1946471,19.167,325.3403,282.7331,153.79931853518974,92.30289921964663,7933.602659361196
2458358.99785161,2018.6557093815475,8106.812723804425,0.1942531,19.1657,322.0187,288.8202,153.90292108597168,94.3235226429399,7930.570641150844
2458359.24965957,2018.6563987941681,8105.53465549785,0.1941276,19.1656,320.9109,290.8494,153.8903661092245,94.9967340994491,7929.549866953524
2458360.17249757,2018.658925386913,8101.036389348216,0.1937031,19.1651,316.8482,298.296,153.70422751865954,97.47106071124585,7925.924006373656
2458360.92702518,2018.6609911709236,8097.451261389648,0.1933559,19.1639,313.52,304.3934,153.62498503751704,99.4965784675046,7923.048454924556
2458361.09463306,2018.6614500562903,8096.655688165102,0.1932803,19.1638,312.7805,305.7492,153.59534775984503,99.94767973548278,7922.407478262338
2458361.76484033,2018.663284983792,8093.598062153863,0.1929756,19.1625,309.819,311.1742,153.5948199508839,101.75060583491097,7919.96891148539
2458362.18352523,2018.6644312805745,8091.479414257461,0.1927609,19.1618,307.9659,314.5687,153.6222600337196,102.8793389932116,7918.284910125355
2458363.02043296,2018.6667226090617,8087.297398175344,0.1923368,19.16,304.2591,321.3617,153.67619596197255,105.14066073779782,7914.959480680144
2458363.10409037,2018.6669516505674,8086.891893451971,0.1922948,19.1598,303.8881,322.0415,153.6883341790026,105.36700579570743,7914.6384840389765
2458364.02388858,2018.6694699208215,8082.044755688918,0.1918127,19.158,299.8074,329.5214,153.6696295793854,107.85962850427745,7910.763688661458
2458364.69231289,2018.6712999668453,8078.253499993176,0.1914546,19.157,296.8394,334.9613,153.49840745338224,109.67271193573947,7907.696577896377
2458365.02635548,2018.6722145256122,8076.472099869509,0.1912688,19.1564,295.3516,337.6855,153.55867309398764,110.5798707796207,7906.2862596735995
2458365.69409024,2018.6740426837514,8072.50818484573,0.1908823,19.155,292.3787,343.1337,153.47295575355201,112.39703384952497,7903.0981449208975
2458366.11117551,2018.6751846009859,8069.967788222081,0.1906223,19.1537,290.5179,346.5457,153.5156675052749,113.5371436450755,7901.0757964568975
2458366.69475365,2018.6767823508558,8066.18025553734,0.1902463,19.1525,287.9119,351.3195,153.48300678830674,115.12975369188314,7898.038138238205
2458367.11134301,2018.6779229103624,8063.471014709297,0.1899711,19.1516,286.0484,354.7342,153.50825622685625,116.27035226953967,7895.875169062638
2458367.86065538,2018.6799744158247,8058.405241998783,0.1894674,19.1504,282.6928,0.8819,153.46385265090248,118.32391030313266,7891.808706367085
2458368.02707651,2018.680430052046,8057.368988056773,0.1893592,19.15,281.9463,2.2498,153.49574237353318,118.78128126346007,7890.98557612536
2458368.69242019,2018.682251663765,8052.945060643475,0.1889143,19.1489,278.9593,7.7193,153.49228157355537,120.60800104456644,7887.439622640275
2458369.68942718,2018.6849813201375,8046.491834251711,0.1882716,19.148,274.4767,15.928,153.4296422302068,123.35142475050628,7882.25109301066
2458370.0214935,2018.6858904681728,8044.446500100192,0.1880613,19.1471,272.9787,18.6769,153.46113351089934,124.27503145780878,7880.61697713499
2458371.01688849,2018.6886157111292,8038.122544121271,0.1874233,19.1458,268.4869,26.9056,153.4547910976671,127.0308439934816,7875.539210841019
2458372.0110853,2018.6913376736475,8031.919289155239,0.1867935,19.1449,263.9908,35.1392,153.47267341641964,129.7884374868753,7870.559774896434
2458372.67321346,2018.6931504817524,8027.681317782894,0.1863538,19.1448,260.9895,40.6337,153.5560990250442,131.62902656918232,7867.171101704281
2458373.66524181,2018.6958665073512,8020.069173461065,0.185594,19.1441,256.4857,48.8822,153.4561552817313,134.39595735356653,7861.025998632489
2458374.65590174,2018.6985787864198,8013.367268763021,0.1849185,19.1438,251.9769,57.1386,153.41111347426613,137.16713688886477,7855.6203332927025
2458375.72764334,2018.701513055003,8005.998729055166,0.1841688,19.1437,247.0879,66.0905,153.40725032355112,140.17370019887244,7849.681669902317
2458375.89238656,2018.7019640973576,8004.752400290151,0.1840572,19.1434,246.3357,67.4681,153.28378679946582,140.63672495126536,7848.6504444068405
2458376.88008028,2018.7046682553864,7998.158565813649,0.1833749,19.1434,241.8163,75.7467,153.360738623428,143.42242806088495,7843.347970427577
2458377.45563512,2018.706244038659,7994.422429449849,0.1829816,19.1435,239.1774,80.5855,153.4539222332287,145.05504608279836,7840.352077530625
2458377.78433338,2018.7071439654483,7992.371440086986,0.1827554,19.1438,237.6668,83.3526,153.58610060531282,145.98757243866373,7838.723995604435
2458378.44133038,2018.7089427252015,7988.451731237245,0.1823799,19.1432,234.65,88.8779,153.38240333936938,147.84851892750152,7835.514675531183
2458378.52341631,2018.7091674642302,7987.955244365472,0.1823052,19.1439,234.2696,89.5779,153.57316595037537,148.08721287712535,7835.153856169878
2458379.5898007,2018.7120870655717,7981.494790051157,0.1816342,19.1444,229.3604,98.5704,153.64606905604705,151.11945639417252,7829.94694963947
2458380.49100542,2018.714554429624,7975.980922061158,0.1810888,19.1437,225.2018,106.1903,153.4838080622094,153.69250533530789,7825.452439089456
2458381.55475444,2018.7174668157159,7969.643522754021,0.1804383,19.1433,220.2827,115.2003,153.47829390227434,156.73494634230138,7820.321000268157
2458382.20870648,2018.7192572388226,7966.080769073389,0.1800825,19.1434,217.2556,120.744,153.3927289767298,158.60699402383386,7817.417231064595
2458383.59673703,2018.7230574593566,7958.653980632112,0.1793617,19.1424,210.8103,132.5605,153.03997295416866,162.61011463165994,7811.324017281659
2458384.5751811,2018.725736293224,7952.730468063565,0.1787366,19.1433,206.2592,140.9032,153.15016348547488,165.43733443937418,7806.5417207413275
2458385.3896199,2018.7279661051332,7947.7155244813175,0.1782153,19.1439,202.4631,147.8635,153.17471797122198,167.7988021520365,7802.4758566650435
2458386.44721801,2018.730861650952,7941.800385647346,0.1776015,19.1449,197.523,156.9207,153.18842445579867,170.87350565729616,7797.67370836583
2458387.58485769,2018.733976338645,7936.103829315633,0.1770341,19.1461,192.1936,166.6931,153.00653038618657,174.1952180877397,7793.005628865505
2458388.39671015,2018.7361990695413,7932.387539848128,0.1766526,19.1469,188.3869,173.6695,152.9743567263531,176.5647349651477,7789.976350691216
2458389.37017588,2018.7388642734563,7928.007549622969,0.1761866,19.149,183.8168,182.053,153.0625546805668,179.4186615557315,7786.430041672366
2458390.34287059,2018.7415273664335,7923.935321421899,0.1757589,19.1491,179.2452,190.4276,153.09686565763968,182.26294808396483,7783.121366709286
2458391.31486082,2018.7441885306498,7919.957705699004,0.1753543,19.1497,174.6676,198.8153,153.02276618654923,185.1150289660727,7779.866041249641
2458391.39582858,2018.7444102082957,7919.626120116264,0.1753167,19.1497,174.2867,199.5124,153.04710350367714,185.35142501353477,7779.600794538441
2458392.36708655,2018.747069367694,7915.813139851344,0.1749137,19.1515,169.7089,207.9104,153.0926750513272,188.21432763017282,7776.502244320215
2458393.33774679,2018.7497268905959,7912.250749175398,0.1745305,19.1529,165.1301,216.3054,153.18536979644068,191.07381938548446,7773.61607851925
2458393.4186087,2018.7499482784392,7911.916715816363,0.1744986,19.1532,164.7477,217.0054,153.16202558980967,191.31171976188136,7773.338907615984
2458394.3078239,2018.7523828169751,7908.535351951746,0.1741511,19.1549,160.5453,224.7075,153.11892102046204,193.93498588898615,7770.5715808713885
2458394.55025464,2018.7530465561674,7907.69918587441,0.1740558,19.1555,159.4013,226.8054,153.18197791769126,194.64993977970994,7769.901941427649
2458395.11578934,2018.7545949057903,7905.632716310299,0.1738523,19.1562,156.7242,231.7111,153.08398562450566,196.32113391552127,7768.195557425775
2458395.43887178,2018.755479457303,7904.502661649881,0.1737269,19.1567,155.1964,234.509,153.1416181996983,197.27279537089652,7767.284626897417
2458396.08485286,2018.7572480571112,7902.182632934143,0.1735102,19.1577,152.1357,240.1166,152.9370438572132,199.18299943999034,7765.349136043414
2458396.32703611,2018.7579111187138,7901.338569389747,0.1734212,19.1579,150.9884,242.2212,152.94265307989463,199.90159726302943,7764.660936399718
2458397.05339322,2018.7598997760988,7898.75539537363,0.1731615,19.1585,147.5439,248.5338,152.85876297763934,202.05378060445514,7762.534045343508
2458397.37612434,2018.7607833657498,7897.657217234973,0.1730472,19.1589,146.0149,251.338,152.85344923266894,203.01088833007736,7761.63573481205
2458397.61813511,2018.7614459551266,7896.803923150372,0.1729573,19.159,144.8668,253.4417,152.85773797287584,203.72795615440543,7760.939340605149
2458398.4246034,2018.7636539449686,7894.025225205018,0.1726753,19.1593,141.0381,260.4612,152.78575123517385,206.123879811265,7758.653868135163
2458399.39188473,2018.7663022169204,7890.438408322841,0.1723135,19.1596,136.4414,268.8908,152.67304965030235,209.00340190863534,7755.698670232011
2458399.47246391,2018.7665228306914,7890.050455687994,0.1722735,19.1596,136.0582,269.5938,152.6675485100286,209.24378095112746,7755.380294392177
2458400.27797612,2018.7687282029292,7886.336898035204,0.1718913,19.1591,132.2223,276.6257,152.60789639396535,211.6458469454874,7752.330588272725
2458400.51952485,2018.7693895273098,7885.048634209633,0.1717575,19.159,131.0724,278.7331,152.59609341937175,212.36527016842638,7751.274067881291
2458401.40480691,2018.771813297495,7880.949472772217,0.1713353,19.1583,126.8497,286.4748,152.52833056994768,215.01171290176654,7747.905190107091
2458401.56569823,2018.7722537939223,7880.1564992706535,0.1712559,19.1584,126.0826,287.8825,152.49690584720793,215.49373418792004,7747.249664763202
2458402.12865739,2018.773795092101,7877.787162707349,0.1710129,19.158,123.3907,292.8139,152.44763442999283,217.17836684363277,7745.299492910247
2458402.53061319,2018.7748955871048,7875.6694077583725,0.1707922,19.1577,121.4673,296.3315,152.4302031346233,218.37638864227165,7743.561187133569
2458403.25377311,2018.776875491061,7872.116959902685,0.1704239,19.1564,118.0064,302.683,152.3837863399258,220.55422321808214,7740.640838372554
2458404.29750455,2018.779733072005,7866.843858445914,0.169861,19.1551,112.999,311.8539,152.43759380643223,223.68899407818037,7736.327780558123
2458404.53822383,2018.7803921254758,7865.613910916276,0.169725,19.1554,111.8424,313.9629,152.48628988601104,224.40413482869644,7735.328436423306
2458405.0195073,2018.7817098078033,7863.190414561506,0.1694805,19.1551,109.5284,318.2032,152.39667150641435,225.85606919085865,7733.322424516695
2458405.34023735,2018.7825879188233,7861.358222044903,0.1692721,19.1543,107.9851,321.0335,152.51330694709577,226.82694922361918,7731.841605194494
2458405.50056224,2018.7830268644489,7860.464252720063,0.1691625,19.154,107.2124,322.4443,152.63216856930558,227.3070287984524,7731.131059360061
2458406.06148698,2018.7845625926898,7857.247943607128,0.1688303,19.1534,104.5093,327.396,152.57011611355392,229.00276663167517,7728.478095996248
2458407.02228622,2018.7871931176455,7851.607908625896,0.1682315,19.1523,99.8718,335.8844,152.5838327458987,231.90667764765044,7723.847294330144
2458407.42231078,2018.7882883252014,7849.077652487729,0.1679633,19.1513,97.9404,339.4303,152.5843680196367,233.126902927505,7721.767626834225
2458407.50229294,2018.7885073044215,7848.567834547196,0.1679062,19.151,97.554,340.1379,152.60833400614774,233.36927040828527,7721.353151034388
2458408.38160875,2018.7909147399048,7843.123470016506,0.1673544,19.1496,93.2994,347.9414,152.4059475659751,236.05149363429467,7716.836338153906
2458409.33980838,2018.793538147516,7837.110365145716,0.166709,19.1478,88.6471,356.4645,152.4572332826392,238.97786689422787,7711.897386869548
2458409.41960705,2018.7937566243663,7836.581973734628,0.1666374,19.1481,88.257,357.1736,152.57802874462232,239.21821522813786,7711.485616087868
2458410.29690143,2018.7961585254757,7831.101020902269,0.1660338,19.1473,83.9859,4.9921,152.73726021798575,241.90093082874404,7707.001590987987
2458410.45631051,2018.7965949637514,7830.1116245946,0.165922,19.1469,83.2084,6.4166,152.7875436186141,242.3908130495247,7706.195928645006
2458411.33250662,2018.7989938579599,7824.536053867244,0.1653359,19.1462,78.9338,14.2451,152.72304331865507,245.08111113443022,7701.587082363613
2458411.41211352,2018.7992118097736,7824.0435503197,0.1652856,19.1466,78.5469,14.9495,152.70551767897814,245.32014848146082,7701.177557770937
2458412.36678875,2018.8018255681043,7818.057424354608,0.1646785,19.1454,73.8808,23.4938,152.45515479802816,248.25739548249828,7696.191010241383
2458413.00260442,2018.803566336536,7813.886773686013,0.1642402,19.1447,70.766,29.1971,152.39614719846668,250.21921884698355,7692.736688135428
2458413.08204664,2018.8037838374814,7813.498945703298,0.1641913,19.1446,70.3754,29.9124,152.45409625964385,250.46561850667234,7692.42742520434
2458413.39973555,2018.8046536223133,7811.435731982172,0.1639774,19.1447,68.8163,32.766,152.40051038463844,251.44699596721418,7690.713196953475
2458414.35199301,2018.8072607611496,7805.023045717688,0.1633089,19.1444,64.1386,41.3256,152.25701764688256,254.39032598612232,7685.386844530385
2458415.06536568,2018.809213869076,7799.952977061261,0.16277,19.1442,60.6251,47.7577,152.21833098499974,256.6058071326221,7681.186808113265
2458416.09454464,2018.8120316075012,7792.767101666622,0.1620121,19.1441,55.5442,57.0595,152.10823871469893,259.81232129957095,7675.219094081301
2458416.25274843,2018.8124647458721,7791.734043299173,0.1619017,19.1442,54.7617,58.4922,152.1027557411635,260.30659148605383,7674.362661623998
2458419.56668249,2018.8215378028476,7768.035833094851,0.1593963,19.1444,38.308,88.6207,151.70336303211388,270.71509097489485,7654.634907526313
2458421.68834078,2018.8273465866662,7752.163454997119,0.1576459,19.1454,27.6906,108.0633,151.9303701869885,277.44912880013845,7641.479526531648
2458422.70738621,2018.8301365809996,7744.590230303851,0.1568585,19.145,22.5675,117.4541,151.64912366373392,280.7124308401526,7635.122184080847
2458422.94232165,2018.8307797991793,7742.787027933937,0.1566659,19.1451,21.3839,119.6204,151.6200296943407,281.46357229547306,7633.614503274765
2458423.88119136,2018.8333502843527,7735.550421674365,0.1559148,19.1448,16.6471,128.3073,151.3273247890902,284.48829763301944,7627.528788796656
2458424.74057203,2018.8357031403975,7728.823845062221,0.1551228,19.1461,12.3076,136.2521,151.77074950940278,287.2465694568966,7621.995581486
2458424.89669494,2018.836130581629,7727.621561635881,0.1549975,19.1459,11.5164,137.7,151.72323863622387,287.7493906135039,7620.9833040361345
2458425.98849254,2018.8391197605479,7719.373681996839,0.1540889,19.146,5.9761,147.8526,151.76758264899672,291.28558620279273,7614.100929751252
2458426.92286185,2018.8416779242982,7712.243643331821,0.1533279,19.1468,1.2174,156.5845,151.60522121140366,294.3378472526761,7608.109736998735
2458427.70046673,2018.8438068904316,7706.166147482223,0.1526706,19.1469,357.2499,163.8611,151.5248380464236,296.8805194446005,7603.009032143331
2458428.70986623,2018.8465704756466,7697.720568735923,0.151727,19.1479,352.0857,173.3286,151.63222000332735,300.1889287672343,7595.952699084952
2458429.64015571,2018.8491174694313,7690.470662950105,0.1509061,19.1491,347.3146,182.0821,151.79542803988988,303.25441100470084,7589.901278451756
2458430.6465823,2018.8518729152631,7683.232351884931,0.1501109,19.1497,342.1356,191.5726,151.7591286343668,306.57395050528794,7583.818923692648
2458430.87864545,2018.852508269541,7681.692071089163,0.1498935,19.1514,340.9426,193.7796,152.12006063135868,307.3592229652139,7582.587668424934
2458431.88346129,2018.85525930538,7675.191975976799,0.1492193,19.1523,335.7538,203.2904,151.76890195592478,310.69085006320597,7577.064503153136
2458433.42708165,2018.8594855075978,7665.804754788047,0.1481941,19.1544,327.7636,217.9397,151.64141837651187,315.82851726476645,7569.145797955327
2458433.65839956,2018.8601188215196,7664.398673211697,0.1480244,19.1546,326.5661,220.1409,151.74435824874035,316.6042242529553,7567.979706390231
2458434.42903718,2018.8622287123335,7659.9024507584445,0.1475332,19.1559,322.5665,227.4763,151.67623051020837,319.1804635599527,7564.181545134393
2458434.96812889,2018.863704664996,7656.927274595643,0.1472061,19.1568,319.7634,232.6139,151.64457251878957,320.9836206014305,7561.66936373827
2458435.35302461,2018.864758452046,7654.886795528551,0.1469881,19.1574,317.7613,236.2873,151.57322973872124,322.2755572633895,7559.937449938304
2458435.96858233,2018.8664437572343,7651.77178383088,0.1466362,19.158,314.5567,242.1635,151.60874618269827,324.34044739567366,7557.317103362262
2458436.50691763,2018.8679176389592,7649.0863669067285,0.1463571,19.1586,311.7501,247.3103,151.45196859672342,326.1500499746795,7555.025602841728
2458436.96815663,2018.8691804425193,7646.957700722406,0.146112,19.1591,309.3456,251.7261,151.50911715445363,327.70674069305323,7553.239265875354
2458437.813314,2018.87149435729,7643.098643500515,0.1456878,19.1593,304.9302,259.8195,151.45611694594027,330.5517313756279,7549.973125920757
2458438.5043898,2018.873386419713,7640.013847909964,0.1453413,19.1591,301.319,266.4481,151.46800323672778,332.8879889033615,7547.370219250591
2458438.65791362,2018.8738067450242,7639.36918060185,0.1452633,19.1591,300.5155,267.9239,151.51290350932868,333.40897179126,7546.833228486194
2458439.34854094,2018.8756975795752,7636.311893768041,0.144926,19.1588,296.8989,274.5545,151.47545625181374,335.7422713529138,7544.244000807502
2458439.6553666,2018.8765376224505,7634.922275877123,0.1447714,19.1587,295.2898,277.5056,151.46758910720564,336.7818559178395,7543.068319009473
2458439.88543666,2018.8771675199457,7633.869477644547,0.1446533,19.1587,294.0837,279.7178,151.46876593398702,337.5611928195708,7542.178650313174
2458440.42209801,2018.8786368186443,7631.4162422680165,0.1443893,19.1583,291.2672,284.8807,151.38509303830688,339.37864528803584,7540.090666088456
2458440.88190916,2018.8798957129636,7629.336704356908,0.1441444,19.1577,288.851,289.3091,151.47424270940337,340.9376433331154,7538.34686262282
2458441.64786284,2018.8819927798493,7625.683372970646,0.1437441,19.1569,284.822,296.6958,151.400079638016,343.54039925423103,7535.243798234066
2458441.87754884,2018.882621625845,7624.562269961763,0.1436147,19.1567,283.6127,298.9124,151.42674692988567,344.32131469578985,7534.299453881795
2458442.41329605,2018.8840884217657,7621.877020068425,0.1433251,19.156,280.79,304.0854,151.33443397941573,346.1435681643435,7532.011154105595
2458442.87229252,2018.8853450856127,7619.435577266555,0.1430481,19.1555,278.3688,308.5279,151.35349486617088,347.71246917945405,7529.94695690395
2458443.4075167,2018.8868104495557,7616.542958512205,0.142735,19.1548,275.5431,313.7056,151.25939932896472,349.536938159952,7527.48120869898
2458443.86604871,2018.8880658417795,7614.006062439104,0.1424444,19.1541,273.1181,318.1537,151.29723727860346,351.10809695938724,7525.3377347762325
2458444.85876956,2018.8907837633408,7608.422419412841,0.1418253,19.1523,267.862,327.7939,151.21932725288843,354.5137451973071,7520.590990050737
2458445.39286232,2018.8922460296235,7605.309608642553,0.141486,19.1512,265.0292,332.9855,151.12847335415245,356.34612933557696,7517.935518271115
2458445.85040505,2018.893498713347,7602.697347174395,0.1411731,19.1511,262.5957,337.4359,151.26469431200894,357.91206319509615,7515.740840939051
2458446.46009368,2018.895167949842,7599.133686940775,0.140779,19.1498,259.3527,343.3782,151.19894562693935,0.010438056833208975,7512.704621142933
2458446.68861609,2018.8957936101026,7597.717307883578,0.1406113,19.1491,258.1357,345.6126,151.2561001895674,0.8026003630509422,7511.510988583019
2458447.67814672,2018.8985027973167,7591.607727971417,0.1399179,19.147,252.8564,355.2844,151.2696170498848,4.219792965980446,7506.321781924929
2458448.43849201,2018.9005845092672,7586.70638476773,0.1393693,19.1454,248.7909,2.7292,151.2161266171206,6.849676663772044,7502.145366850776
2458448.6664516,2018.9012086286102,7585.178610888777,0.1392009,19.1451,247.5712,4.9671,151.17862159231026,7.643193700289714,7500.839667269509
2458449.42581693,2018.9032876575768,7580.087273520308,0.1386328,19.1435,243.4995,12.4233,151.10225054782222,10.279243272378807,7496.494342514546
2458449.80521409,2018.9043263903895,7577.6009832450645,0.1383541,19.1431,241.4627,16.1568,151.07251904907844,11.601999459738408,7494.372521128291
2458450.41184574,2018.9059872573305,7573.520968997508,0.1378936,19.1422,238.1993,22.1283,151.04459790695364,13.712187361054418,7490.8924223816175
2458450.71496712,2018.9068171584393,7571.364266915868,0.13765,19.1419,236.5662,25.1252,151.02967557489865,14.777222961833388,7489.052049969492
2458452.45539495,2018.9115821901444,7559.246102056121,0.1362927,19.14,227.1662,42.3359,150.83974084241618,20.872511548028626,7478.684830648871
2458453.51264847,2018.914476792525,7551.855269091071,0.1354523,19.1399,221.4335,52.8326,150.8028036255664,24.594454690987902,7472.366180926089
2458454.41756801,2018.9169543272,7545.45893247212,0.134709,19.1398,216.5133,61.8419,150.88140513773305,27.791642207987934,7466.909865655312
2458455.47172107,2018.9198404409854,7537.441922153133,0.1338204,19.1392,210.7669,72.3601,150.64212915383177,31.524441245286255,7460.012099287113
2458456.44896625,2018.9225159924704,7529.89473350086,0.132978,19.1387,205.423,82.1456,150.44809162938236,35.00284271064669,7453.516968926278
2458456.44896635,2018.9225159927446,7529.899588416847,0.1329804,19.1384,205.4219,82.1453,150.43422918933902,35.00144261196834,7453.519007038491
2458457.42461755,2018.9251871801503,7522.099517239866,0.1321001,19.1384,200.0665,91.9688,150.29311880252862,38.507915145919014,7446.808724395291
2458459.29642167,2018.9303119005335,7507.543916061979,0.1304324,19.1378,189.7547,110.8209,150.18064498461626,45.20331580791196,7434.291140612597
2458459.29642167,2018.9303119005335,7507.543916061979,0.1304324,19.1378,189.7547,110.8209,150.18064498461626,45.20331580791196,7434.291140612597
2458461.23694514,2018.935624764244,7491.913727024401,0.1285974,19.1383,178.9943,130.5248,150.33680070475293,52.23418487210665,7420.863153904825
2458462.13036048,2018.9380708021354,7484.55583171747,0.1277716,19.1383,174.0152,139.6503,150.1058578095981,55.50001123127811,7414.486948440933
2458463.0224006,2018.9405130748798,7477.156094968332,0.1269767,19.1381,169.0249,148.8143,149.59518864436632,58.79449304321554,7408.027784539908
2458464.06145357,2018.9433578468725,7469.217651648681,0.1260005,19.14,163.2051,159.4739,149.95619293212167,62.61017512593469,7401.224085850895
2458465.02478042,2018.945995292047,7462.115324795233,0.1251923,19.1416,157.7837,169.4259,149.7796444188707,66.19129486312602,7395.057997027703
2458465.09882501,2018.9461980150857,7461.580592346138,0.1251249,19.1416,157.367,170.1878,149.814766886886,66.46351456919376,7394.6004938072565
2458466.13462698,2018.9490338863243,7454.351177723153,0.124275,19.1439,151.5272,180.9025,149.82538511160783,70.31750092326308,7388.34495233402
2458467.1689453,2018.9518656955509,7447.4476719868435,0.123481,19.1449,145.6778,191.6251,149.69308600223667,74.17124960171475,7382.345313118816
2458468.05443768,2018.954290041561,7441.96580804544,0.1228507,19.146,140.658,200.8301,149.57879915099238,77.48368503802561,7377.575972396076
2458469.0126606,2018.9569135129357,7436.0325404572695,0.1221638,19.1474,135.2144,210.8168,149.48224839135491,81.08233534313388,7372.413826534495
2458470.04342021,2018.959735578946,7429.986515185386,0.1214621,19.1484,129.3438,221.5772,149.3884500792874,84.95619157945174,7367.1500063269295
2458470.99952993,2018.962353264695,7424.483176938233,0.1208058,19.1499,123.8907,231.591,149.42624716166847,88.57452470981724,7362.372066891811
2458471.07303631,2018.9625545141953,7424.079521151555,0.1207522,19.1503,123.4718,232.3678,149.46928599755847,88.85997488972748,7362.027062612535
2458472.02809913,2018.965169333689,7418.721349796631,0.1201314,19.1516,118.0091,242.3851,149.36366783567246,92.47323987196006,7357.35160146276
2458473.05559871,2018.9679824742236,7413.146768370522,0.1194813,19.1525,112.1191,253.1848,149.27805539481324,96.37020927947663,7352.487100022742
2458473.27563827,2018.9685849097061,7411.93349942087,0.1193443,19.1528,110.8531,255.498,149.22518428593594,97.20053250576632,7351.423192708329
2458474.22860339,2018.9711939860097,7406.955395166413,0.1187597,19.1539,105.3808,265.5515,149.17129452306835,100.84246503650547,7347.078496340205
2458475.03428945,2018.9733998342228,7402.9258206704535,0.1182964,19.1542,100.7428,274.0522,149.0500466180938,103.91105967975176,7343.548921707755
2458475.25391695,2018.9740011415468,7401.828103694248,0.1181585,19.1543,99.4773,276.3753,149.10289770389045,104.75218904315608,7342.598759392084
2458476.13198927,2018.9764051725392,7397.5465991501715,0.1176553,19.1541,94.4135,285.664,149.0497347631781,108.11163788584838,7338.856136271042
2458477.22858306,2018.979407482711,7392.0230773067005,0.116977,19.1527,88.0739,297.2909,149.19009379259478,112.31810622402799,7334.052697834649
2458477.73992559,2018.9808074622583,7389.375260242096,0.1166672,19.1522,85.1136,302.714,149.14123888038012,114.27691358697888,7331.733088092123
2458478.25097814,2018.9822066478855,7386.367376220496,0.1163108,19.152,82.1487,308.1507,149.11677759838858,116.24500676123819,7329.101191414885
2458479.19932721,2018.9848030861326,7380.895207180474,0.1156671,19.1506,76.6399,318.2533,149.03216316200906,119.90408899223218,7324.304912194469
2458479.92812005,2018.9867984121838,7376.626609080608,0.115171,19.1495,72.3973,326.0288,148.916845886185,122.7186716138516,7320.554545801305
2458480.14663592,2018.9873966760297,7375.233722350112,0.115004,19.1492,71.1233,328.3692,148.9160433449597,123.56969662934591,7319.33517423221
2458481.02008631,2018.9897880528677,7369.60776035124,0.1143317,19.148,66.0216,337.7141,148.89167677708974,126.95200096768235,7314.404839870501
2458481.16556735,2018.9901863582481,7368.661433203065,0.1142135,19.1478,65.1708,339.2749,148.92452060192682,127.51861103069473,7313.579990919296
2458482.18310045,2018.9929722120462,7361.527303485306,0.1133813,19.1463,59.2108,350.1995,148.7314678306475,131.4803036633898,7307.3003988437
2458483.05407686,2018.9953568154967,7355.245831575121,0.1126213,19.1452,54.0908,359.5787,148.7521842035494,134.88104642116474,7301.7911002252
2458483.99636344,2018.9979366555513,7348.444495661574,0.1118288,19.1438,48.5387,9.7552,148.54046584513435,138.5767040015811,7295.790185828059
2458484.14121473,2018.99833323677,7347.405991085606,0.1117097,19.1434,47.6843,11.3242,148.4931720432296,139.14853476282414,7294.871505329398
2458485.0819644,2019.0009088689942,7340.532755197335,0.1108444,19.1434,42.117,21.5093,148.7395062671394,142.83910716208823,7288.859516328312
2458486.02141796,2019.0034809526628,7334.230126038258,0.1101154,19.1424,36.5479,31.709,148.48214201750488,146.54375704142026,7283.279899853579
2458486.74321699,2019.005457130705,7329.209013316332,0.1095168,19.1416,32.2566,39.5705,148.40119564677025,149.40253294617426,7278.84715868463
2458487.46423737,2019.0074311769201,7324.157981633897,0.1088878,19.1416,27.9587,47.438,148.51023216134217,152.26147630876835,7274.40875101597
2458488.83194436,2019.011175754579,7313.790005563375,0.107676,19.1405,19.7831,62.4082,148.13405292433345,157.70802835160754,7265.213541729742
2458489.90946883,2019.0141258557976,7304.938877370771,0.106637,19.1399,13.3126,74.2557,147.82581030458368,162.02299191284067,7257.355298147582
2458491.62913261,2019.0188340386305,7290.138631157549,0.1048427,19.1398,2.932,93.286,147.6845136926877,168.97774609299648,7244.239839158818
2458492.64406494,2019.0216127719098,7281.326346901851,0.1038728,19.1346,356.7711,104.583,146.85829153538452,173.11350211248055,7236.329274681588
2458493.62839936,2019.0243077326763,7272.5896131377485,0.1026545,19.1404,350.8047,115.3561,147.88926269589956,176.95001623655696,7228.696988928412
2458495.62007639,2019.0297606472004,7254.835612291291,0.1004952,19.1409,338.6105,137.7162,147.62315646695515,185.15286700781996,7212.876764039174
2458497.67484946,2019.0353863092673,7236.5343161431265,0.0981414,19.1428,325.9359,160.926,148.1944072087972,193.66282866375252,7196.622945989591
2458498.38157321,2019.037321213443,7230.472420780701,0.0974458,19.1427,321.55,168.9728,147.75695135978913,196.62716316057077,7191.158922867085
2458498.66401625,2019.0380945003424,7228.153806936339,0.0971595,19.1432,319.7948,172.1913,147.73369713130796,197.8120798767422,7189.083981732416
2458499.44001351,2019.0402190650518,7221.622094626424,0.0963651,19.1435,314.9647,181.0515,147.57345931553937,201.07733658134748,7183.2245507967245
2458499.65146987,2019.040798001013,7219.876544454703,0.0961376,19.1439,313.647,183.4655,147.6386411745343,201.96521963531336,7181.669683863294
2458501.4105963,2019.0456142266937,7205.145221625476,0.094314,19.1457,302.643,203.6617,147.46285519309004,209.42357839022617,7168.45185520383
2458502.39346466,2019.0483051736066,7197.289238116441,0.0933629,19.1467,296.4632,214.9981,147.19314270709947,213.61143750162864,7161.372789093671
2458502.67400315,2019.0490732461324,7195.141580486589,0.0930788,19.1474,294.6982,218.241,147.2901363447936,214.81283139234642,7159.454443810838
2458503.44487083,2019.0511837668173,7189.419192116798,0.0923731,19.1477,289.8345,227.1651,147.1739541414736,218.1134439457436,7154.300090682296
2458504.42473828,2019.0538664976866,7182.3847456914555,0.0915263,19.1489,283.6338,238.5461,146.87134474187587,222.32796083284472,7147.941470142635
2458505.33342834,2019.0563543554827,7176.232985512763,0.0907679,19.1493,277.8685,249.1258,146.72508750703855,226.24673202625183,7142.388171783171
2458505.33342834,2019.0563543554827,7176.232985512763,0.0907679,19.1493,277.8685,249.1258,146.72508750703855,226.24673202625183,7142.388171783171
2458506.38060058,2019.059221356824,7169.499266613264,0.0899325,19.1497,271.2074,261.3579,146.59197381856666,230.78561154331305,7136.30683675534
2458506.58987016,2019.0597943057085,7168.18674410207,0.0897532,19.1496,269.8742,263.8038,146.68274562132865,231.69204994498898,7135.1328168739865
2458507.56570652,2019.0624660000544,7161.599824395532,0.0889305,19.1494,263.646,275.249,146.5788712121248,235.94723998041036,7129.179927535339
2458508.40108548,2019.0647531429984,7155.5323959515445,0.0881844,19.1492,258.2973,285.0697,146.38976493399423,239.5958685206249,7123.682118322826
2458509.16594582,2019.066847216482,7149.857042844951,0.0874649,19.1484,253.3842,294.0654,146.35921157822213,242.92460206648605,7118.550084244231
2458509.16594582,2019.066847216482,7149.857042844951,0.0874649,19.1484,253.3842,294.0654,146.35921157822213,242.92460206648605,7118.550084244231
2458512.35505424,2019.0755785194804,7127.043548363076,0.0845936,19.1402,232.7386,332.0089,146.0049772502689,257.0792329870642,7097.85489150662
2458516.35388806,2019.0865267298013,7093.188569982235,0.0803577,19.1362,206.5897,19.8528,145.05995083217385,274.83287727149116,7066.978943501859
2458517.24539907,2019.088967553922,7084.172165850855,0.0789677,19.1398,200.6903,30.7116,146.61508350959411,278.913580588118,7058.894806141913
2458519.29657166,2019.0945833584117,7061.707378758042,0.0762674,19.1336,187.0284,55.6895,144.9930174193505,288.207890971806,7038.206070515639
2458520.25034715,2019.0971946533882,7051.267920478279,0.0749001,19.1337,180.6238,67.4176,144.99094810766383,292.5913247802645,7028.6362227794225
2458521.20189701,2019.099799854922,7040.191972889048,0.0734896,19.1334,174.2031,79.1689,144.6747808782202,296.9840522281326,7018.439840754837
2458523.03039757,2019.1048060166195,7018.20763263141,0.0707522,19.1333,161.7829,101.7576,143.5177025659459,305.35033401702543,6998.110468184596
2458527.12630349,2019.1160199958654,6961.416069834824,0.0633101,19.1326,133.4399,153.4927,142.55182231197432,324.70540148850694,6945.458046074765
2458527.12630523,2019.1160200006295,6961.280863308488,0.0632632,19.1331,133.4373,153.4602,142.7516597968306,324.67029977334363,6945.346803948715
2458527.19301357,2019.1162026381103,6960.138363785556,0.0630613,19.1352,132.9578,154.3922,143.08669038536573,325.05705028027353,6944.308532202554
2458527.99241931,2019.1183912917452,6947.977625138394,0.0614421,19.1371,127.3366,164.7,142.94298909687768,328.9557349717485,6932.977175400584
2458528.39130357,2019.1194833773307,6941.40053896943,0.0605848,19.1372,124.5142,169.8571,142.72087559607462,330.8972841609759,6926.829904373451
2458528.39130357,2019.1194833773307,6941.40053896943,0.0605848,19.1372,124.5142,169.8571,142.72087559607462,330.8972841609759,6926.829904373451
2458528.9885965,2019.121118676249,6931.737463900295,0.059293,19.1379,120.2756,177.6256,142.5976544532541,333.8384765504095,6917.801451965043
2458529.91529034,2019.123655825708,6916.993779076952,0.0573337,19.138,113.6624,189.7485,142.28063284548716,338.4348027451171,6903.991916838773
2458529.98136674,2019.1238367330325,6916.2569409404905,0.0572376,19.1404,113.1795,190.6187,142.25069265771526,338.7569761083467,6903.30003940887
2458531.95723566,2019.1292463673099,6886.600164276527,0.0530885,19.1411,98.9463,216.7718,142.86459145533263,348.7294077684391,6875.502533016425
2458533.92088511,2019.1346225465018,6858.09503960509,0.0494153,19.1458,84.5812,243.2144,141.06391579449246,358.8714832593265,6848.520546814963
2458535.67798378,2019.1394332204788,6832.769731604061,0.0460293,19.146,71.5599,267.0655,140.12582379713785,7.969440627588597,6824.493649247215
2458535.79684376,2019.1397586413693,6831.103149776035,0.0457992,19.1433,70.6597,268.8326,140.10779039881163,8.719189107008901,6822.911640339023
2458536.71462918,2019.142271400903,6816.931594626548,0.0438917,19.1472,63.8083,281.3799,139.58857815467763,13.510495674942376,6809.4240987291
2458536.73520137,2019.14232772449,6816.436898213212,0.0439063,19.134,63.653,281.6724,139.0160748291937,13.627419183602171,6808.924950050413
2458538.00525928,2019.145804953539,6795.872778798056,0.0410186,19.1459,54.0703,299.471,138.97929163365006,20.59151672598648,6789.336575726925
2458538.33253472,2019.1467009848602,6790.458573149241,0.0403144,19.1457,51.5836,303.9869,138.56901004787323,22.298145450326217,6784.149975959083
2458538.3327662,2019.1467016186173,6790.457061735459,0.0403129,19.1455,51.5826,303.9932,138.57774525142395,22.303217297790468,6784.148935559177
2458538.74709491,2019.1478359888026,6782.446809203187,0.039797,19.1973,48.4445,309.9257,134.38947353732783,24.6892440310873,6776.306411541
2458538.86148888,2019.1481491824234,6781.349943720034,0.0390686,19.1393,47.548,311.5258,138.27579530881394,25.280094327598704,6775.433292993491
2458538.86559653,2019.148160428556,6781.249034631867,0.0390674,19.1394,47.5167,311.5835,138.18696609629023,25.302445719890954,6775.332835517631
2458539.67382256,2019.1503732308279,6765.912688348009,0.0369446,19.1437,41.3181,322.8423,137.81245044206753,29.566036901964537,6760.634105233443
2458540.05724651,2019.1514229883915,6758.232564694043,0.0358938,19.1425,38.3605,328.4767,137.51761666342736,31.864924179115462,6753.255721960003
2458540.1849001,2019.151772484873,6755.456701622891,0.0355058,19.1422,37.3723,330.2812,137.46250706640876,32.5554054457067,6750.588902516583
2458540.72758102,2019.1532582642574,6743.657461870539,0.0339628,19.1401,33.1508,338.3325,136.4876722245226,35.85032486737248,6739.211437687822
2458541.01271622,2019.1540389218897,6736.817678699688,0.0329741,19.141,30.9302,342.2818,136.54087888047707,37.297988119695674,6732.631055516246
2458541.61248843,2019.1556810087063,6722.7796931104485,0.031139,19.1438,26.2216,350.8895,135.3027562466823,40.60593686571514,6719.05397130468
2458541.64708488,2019.1557757286246,6721.697271776541,0.0308969,19.1402,25.9492,351.3718,135.88136334018873,40.781737695125344,6718.029860754196
2458541.96345556,2019.15664190434,6713.987386892562,0.029835,19.1392,23.4545,356.2093,135.53927320462208,42.8127144376337,6710.571704964504
2458542.59442282,2019.158369398549,6696.182061578249,0.0274143,19.138,18.4407,5.3133,134.4746176875242,46.2810165223583,6693.30589863223
2458543.03450317,2019.1595742728812,6682.407788330698,0.0255029,19.1367,14.9126,11.8641,133.85071074567895,48.86996176280229,6679.923885488493
