jd,year,a_km,e,i_deg,raan_deg,argp_deg,hp_km,azimuth_deg,lambda
2458760.61632519,2019.7552808355642,12478.78803511983,0.424792,52.1935,194.183,237.6514,799.7624081052054,239.47329919688696,11137.494056967373
2458766.55553994,2019.771541519343,12479.76831802996,0.4222707,52.1813,189.0512,240.9766,831.7915145376255,231.81285303653306,11154.945936135317
2458770.56944057,2019.7825309803427,12480.355238640721,0.4219324,52.1752,185.5882,243.4089,836.3526999484693,226.8259470766056,11157.685989607238
2458772.49612239,2019.7878059476798,12480.658954091785,0.4217304,52.1763,183.9245,244.5779,839.049361119075,224.4322588352876,11159.27939124116
2458774.74397222,2019.793960225106,12481.048831070162,0.4215574,52.177,181.9878,245.9429,841.434036571186,221.64501896181457,11160.75952915106
2458777.47361302,2019.8014335743192,12481.381162590224,0.4208141,52.1734,179.6302,247.5431,850.9036818978639,218.1972132451425,11165.912267992353
2458873.02545432,2020.0630402582342,12477.06283129896,0.4242162,52.1979,97.8402,304.9232,805.9543498440735,99.60890703571584,11139.749544048775
2458873.98851225,2020.0656769671461,12476.87570240288,0.4243675,52.2053,97.0051,305.5086,803.958852763426,98.40999182738824,11138.58581962353
2458878.96402947,2020.079299190883,12476.072359018532,0.4248266,52.2042,92.6784,308.606,797.7686573827086,92.27669128214302,11134.842042943608
2458880.56893783,2020.0836931905,12475.814058349737,0.4249828,52.2058,91.2818,309.604,795.6713675529027,90.29625141996439,11133.58090188148
2458882.6552506,2020.0894052035594,12475.497435320533,0.4252711,52.2193,89.4686,310.8745,791.8926179545906,87.69722671861376,11131.395002945494
2458883.93909742,2020.0929201845854,12475.304505098296,0.4253703,52.2195,88.3502,311.6785,790.544185173283,86.11743354922703,11130.567601273326
2458885.70434354,2020.0977531650653,12475.073754169813,0.4255556,52.2264,86.8132,312.7672,788.099957669825,83.92926057646508,11129.137274897437
2458887.63001023,2020.103025353128,12474.819335842036,0.4257273,52.2274,85.133,313.9673,785.8118820062136,81.55117287392108,11127.775181926256
2458888.91375456,2020.1065400535524,12474.645130637755,0.425851,52.2184,84.0047,314.7727,784.1687271105366,79.96298072109772,11126.801669763674
2458891.64164419,2020.1140086083233,12474.390093549888,0.4260592,52.2263,81.6238,316.4761,781.4251298040963,76.59680100363204,11125.196600515903
2458894.85083721,2020.1227948999594,12474.186836630322,0.4263178,52.2309,78.8199,318.4867,778.0826476491229,72.64043601459446,11123.303171694293
2458898.5413661,2020.132899017385,12474.095180210743,0.4266201,52.2325,75.5896,320.8004,774.2591470197167,68.08635374142585,11121.218400572776
2458907.52693691,2020.1575001695007,12473.958886438035,0.4271836,52.2675,67.7336,326.4279,767.1519230774438,57.00143897976329,11117.358663214158
2458909.45240962,2020.162771826475,12473.955376719045,0.4273529,52.2721,66.0502,327.621,765.0380720075682,54.61334246906176,11116.231261103749
2458912.50106616,2020.1711185931827,12473.894297327985,0.4275232,52.278,63.3829,329.5279,762.8787908725735,50.84810645428604,11115.045385080966
2458917.47516162,2020.184736924353,12473.847577503184,0.4276825,52.2885,59.0322,332.6628,760.8649609376789,44.729707232904104,11113.944909733955
2458918.75879383,2020.1882513178095,12473.826266148839,0.4276787,52.2886,57.9088,333.471,760.9001646164497,43.14932558856009,11113.951185252434
2458922.44923415,2020.1983551927444,12473.772821355633,0.4277556,52.3086,54.6847,335.8002,759.9103438929615,38.61703061202354,11113.392263521257
2458923.73285786,2020.20186956293,12473.767096591504,0.4277167,52.3057,53.5554,336.6359,760.3922974688048,37.05825734522347,11113.645820392647
2458924.37466999,2020.203626748775,12473.746799753428,0.4277709,52.3029,52.9926,337.0209,759.7046048507837,36.24787044103226,11113.267338194795
2458929.66958358,2020.218123432115,12473.650641102322,0.4278177,52.321,48.3675,340.3571,759.0658132223998,29.740164438613192,11112.870433127835
2458933.35994726,2020.2282270972212,12473.555858722382,0.4278619,52.3449,45.15,342.6567,758.4602492532922,25.18494500040731,11112.492012345432
2458934.64354752,2020.2317414032034,12473.547198560911,0.4278185,52.3466,44.0235,343.4724,758.9966463933797,23.608994846777136,11112.772954827926
2458938.65477759,2020.2427235526084,12473.53111925629,0.4277972,52.3503,40.52,345.9932,759.2531323255826,18.672721061008474,11112.900285109923
2458942.34507271,2020.2528270300068,12473.404768416201,0.4277473,52.3516,37.2986,348.3123,759.8032569190455,14.133169197580514,11113.119540005633
2458942.98684751,2020.2545841136484,12473.26989452683,0.4277423,52.3525,36.7368,348.7187,759.7884413211659,13.345219086559155,11113.032620682752
2458944.27042986,2020.2580983705952,12473.33503597188,0.427683,52.3671,35.6195,349.5292,760.5653877823179,11.773286585755443,11113.484921602663
2458946.35622898,2020.2638089773573,12473.303545941408,0.427655,52.3696,33.8001,350.8377,760.8966180018351,9.20656815135635,11113.643002938541
2458948.60245971,2020.2699588219305,12473.257165224573,0.427616,52.3627,31.8366,352.2301,761.3565292599023,6.421524105043886,11113.860916881398
2458950.84867853,2020.276108633895,12473.223007089711,0.4275324,52.3652,29.8749,353.6836,762.3797391334292,3.69939179775605,11114.386086857045
2458951.33001011,2020.27742644794,12473.228651171648,0.4275095,52.3728,29.4598,353.973,762.6686071235827,3.0992787416385,11114.543286894326
2458958.54994935,2020.2971935642706,12473.203379610983,0.427261,52.3751,23.1655,358.5326,765.7537304350144,354.24841686258554,11116.171426242043
2458963.52374985,2020.3108110878857,12472.915661109899,0.4270139,52.4089,18.8613,1.6444,768.6710002882828,348.153708361175,11117.555197338443
2458971.22536763,2020.331896968186,12473.810266012135,0.4267799,52.3807,12.1306,6.4584,772.1024680645023,338.64609145307537,11119.90489265211
2458972.66947386,2020.3358507155644,12473.898914620915,0.4267575,52.3818,10.8752,7.3394,772.4326985645794,336.84834239676707,11120.132463697586
2458973.79268412,2020.3389258976595,12474.028280628467,0.4266925,52.383,9.8981,8.0475,773.3176684964055,335.4722768425863,11120.678785639915
2458976.36006801,2020.3459550116636,12474.226046020553,0.4265732,52.3817,7.6649,9.6579,774.919224046218,332.3189958010681,11121.64594691392
2458977.32285341,2020.3485909744288,12474.331117495156,0.4265171,52.381,6.8276,10.263,775.6792848213627,331.13784920560147,11122.111430338191
2458978.2856471,2020.35122695989,12474.395632183277,0.4264627,52.3802,5.9904,10.867,776.3948900141904,329.9556944395855,11122.529435920585
2458980.37173473,2020.3569383565502,12474.60944147754,0.4263931,52.3788,4.1763,12.1605,777.3857504366615,327.3789916419209,11123.1812103628
2458981.33456117,2020.3595744316772,12474.670062483772,0.4263929,52.3786,3.3404,12.751,777.423017998136,326.18460459622634,11123.236589014621
2458982.29739521,2020.3622105276106,12474.766027229201,0.4262784,52.3806,2.5067,13.363,778.9064247675815,325.0139100601744,11124.080593266417
2458983.26023909,2020.3648466504856,12474.831815531963,0.426197,52.3758,1.667,13.976,779.9596202476878,323.83820582521,11124.678298739858
2458986.14883103,2020.3727551842023,12475.061527484757,0.4260038,52.3796,359.1626,15.7795,782.5016115424469,320.29023368717367,11126.16207491492
2458989.35844644,2020.38154263228,12475.202710147265,0.425817,52.3658,356.3682,17.7679,784.913017720487,316.3207523792756,11127.523909576714
2458991.28423548,2020.3868151553177,12475.262403971112,0.4256456,52.3706,354.7001,18.9712,787.0855528753864,313.9578440856422,11128.710620120684
2458996.09874847,2020.3999965734981,12475.405020639804,0.4252661,52.3667,350.5236,21.9774,791.9018815918953,308.0422335406745,11131.345567518843
2458998.18505847,2020.405708578973,12475.464263018814,0.4251036,52.3639,348.7138,23.2761,793.9631931381682,305.4748115697243,11132.471414053865
2459002.19723989,2020.4166933330328,12475.617431455905,0.4247254,52.3562,345.2334,25.778,798.7695276338227,300.5418001081932,11135.103489448858
2459003.32066432,2020.4197691014924,12475.655610829168,0.4246175,52.3559,344.2608,26.4735,800.137614497914,299.157423462695,11135.84901787659
2459004.283614,2020.422405514031,12475.815847237483,0.4245676,52.3542,343.4267,27.0671,800.8523549338979,297.9678149488234,11136.32099904962
2459006.20954143,2020.4276784159622,12476.021773862305,0.4243877,52.3514,341.7596,28.2556,803.2152881029606,295.59097025357113,11137.69039935777
2459008.13552452,2020.432951470281,12476.313276359238,0.4242218,52.3512,340.0931,29.4461,805.4529008982254,293.2166706987917,11139.043448246573
2459009.25904698,2020.4360275071326,12476.49932938002,0.4241299,52.35,339.1234,30.1367,806.7066164600037,291.8301974322663,11139.814713466541
2459012.14822303,2020.4439376400546,12477.003115935357,0.4238524,52.3465,336.6244,31.9179,810.4591004386775,288.26474958037113,11142.090970392384
2459014.23496968,2020.4496508410136,12477.451011933324,0.4236455,52.3426,334.8207,33.2028,813.298739257325,285.68919723512386,11143.851841475984
2459017.12449295,2020.4575619245718,12478.107044267692,0.4233662,52.339,332.324,34.9798,817.1619817428473,282.1215071541959,11146.27371180321
2459018.248257,2020.460638622861,12478.359920599341,0.423238,52.3369,331.3537,35.6705,818.9075245247168,280.73429577002133,11147.341845464423
2459021.13810366,2020.4685505918144,12479.079365264752,0.4229231,52.3315,328.8586,37.4455,823.2521349609506,277.16588694682986,11150.052212268029
2459023.22537311,2020.47426522412,12479.626939359361,0.4227073,52.3291,327.0592,38.7232,826.2612308155012,274.5869193168273,11151.95743976605
2459026.11567361,2020.4821784356195,12480.425804166869,0.422374,52.3235,324.5668,40.4936,830.8821355576911,271.0161631769931,11154.85671670626
2459027.07916853,2020.4848163409451,12480.706192063477,0.4222701,52.3225,323.7366,41.0821,832.3408402702134,269.82481725978073,11155.788178921579
2459029.16684965,2020.490532100342,12481.35258872102,0.4220254,52.3227,321.9414,42.3573,835.7684699249958,267.2471438768195,11157.968768743809
2459031.89711898,2020.4980071703767,12482.111255023807,0.4216954,52.3191,319.5908,44.0217,840.3260564920411,263.8699186644124,11160.80691893863
2459033.18204026,2020.5015250931149,12482.495136351916,0.4215547,52.3169,318.4863,44.8035,842.3043438956256,262.2807664786792,11162.070496705823
2459034.14577117,2020.5041636445449,12482.825331590358,0.4214162,52.3185,317.6605,45.3892,844.2242150878092,261.09078796382664,11163.271373742848
2459037.0371644,2020.512079847775,12483.679181351492,0.4210661,52.3156,315.1762,47.1436,849.0887748086261,257.51105480095407,11166.322748025601
2459038.16167728,2020.515158596249,12484.021101786944,0.4209483,52.316,314.2129,47.8259,850.7573418256025,256.121705350333,11167.39788441857
2459039.12558197,2020.5177976234634,12484.371590854551,0.4207968,52.3166,313.3868,48.4156,852.8516754120465,254.93525555320997,11168.700438947415
2459042.01750153,2020.5257152677063,12485.245580506968,0.4204148,52.3157,310.908,50.1626,858.127256827247,251.35310362568725,11171.974416432175
2459043.14221889,2020.5287945760167,12485.606736024392,0.4202799,52.3156,309.9453,50.8412,860.0208855687351,249.96045263395428,11173.177029969804
2459044.10629817,2020.5314340812322,12485.880833590458,0.4201373,52.3165,309.1237,51.423,861.9602720440143,248.77043075641643,11174.351617457467
2459048.76649103,2020.5441929939216,12487.306367411655,0.419508,52.3159,305.1393,54.2239,870.6451478315266,242.99372218821213,11179.724471113828
2459050.05219822,2020.5477130683641,12487.731328842052,0.4193264,52.3187,304.0458,54.9974,873.1596065514977,241.40649538886817,11181.285930134769
2459051.98086997,2020.5529934838326,12488.255628891795,0.4190641,52.3198,302.399,56.1514,876.7397232003214,239.0127458203023,11183.460194299181
2459053.90967207,2020.5582742561803,12488.843440859207,0.4188232,52.3267,300.761,57.2977,880.0897666595429,236.61996777511786,11185.551279450878
2459055.03486623,2020.5613548698975,12489.175434814751,0.4186773,52.3282,299.8029,57.9698,882.1048845401865,235.22494683686597,11186.795782368234
2459055.99935028,2020.563995483313,12489.506072018517,0.4184842,52.3307,298.9851,58.5442,884.7088150747059,234.030926007358,11188.344941847405
2459058.89298618,2020.5719178266388,12490.228516823066,0.418138,52.3259,296.5182,60.285,889.4530452557028,230.45278241005838,11191.236989390989
2459060.98300241,2020.5776399792192,12490.823577386696,0.4177892,52.3334,294.7516,61.5071,894.1560876491694,227.84830748109619,11194.029777499087
2459062.9123638,2020.5829222828206,12491.19576894535,0.4175663,52.335,293.1142,62.6536,897.1570691311845,225.4557781845882,11195.806207001691
2459065.00263211,2020.5886451255576,12491.742436644488,0.4173722,52.3369,291.3417,63.8948,899.9001140288183,222.86425479926402,11197.551947488208
2459065.96740959,2020.5912865423402,12492.052858993187,0.4171705,52.3386,290.5218,64.4833,902.6006217805698,221.68194475749317,11199.134445014299
2459067.73623523,2020.5961293230123,12492.395620990026,0.4169538,52.3422,289.0255,65.5274,905.5074957148754,219.4863437155849,11200.84216981476
2459068.86189257,2020.5992112048455,12492.610537294115,0.4168258,52.3427,288.075,66.1922,907.2318559980649,218.09116625562888,11201.861685922588
2459070.95248072,2020.6049349232578,12493.102086765288,0.4165815,52.3471,286.3102,67.4275,910.570579807475,215.5011276272129,11203.879740826793
2459073.8472954,2020.6128604939088,12493.569689690838,0.4162874,52.3536,283.8736,69.1261,914.5177468506317,211.9099221928015,11206.196533620288
2459075.93809659,2020.6185847955917,12494.028747807952,0.4160935,52.3599,282.1181,70.3508,917.2082970319234,209.31837358698266,11207.858454350944
2459077.0639446,2020.6216671994525,12494.046996852518,0.4159455,52.3625,281.1716,71.006,919.068071723198,207.91740819706956,11208.828590101479
2459078.83316348,2020.6265110567551,12494.272127478765,0.4157215,52.368,279.69,72.0312,921.9982772351004,205.71721956815605,11210.47336394569
2459080.60243083,2020.6313550467619,12494.4980990434,0.4156232,52.372,278.2065,73.0721,923.3585167250649,203.53078316572226,11211.308996867927
2459082.8542682,2020.637520241479,12494.737240183984,0.4153956,52.3694,276.3166,74.3872,926.3420674554136,200.73651306753595,11212.988275091415
2459084.78445304,2020.6428047995619,12494.823433497888,0.4152902,52.3764,274.6999,75.5189,927.7094108358624,198.34907215771125,11213.743601841308
2459088.00147735,2020.6516125321014,12494.978751384218,0.4150932,52.3749,271.9866,77.3961,930.2617375401378,194.34218844351733,11215.14965088501
2459089.61000027,2020.6560164278437,12495.03665845091,0.4149928,52.385,270.6499,78.3271,931.5501094577221,192.3510859762274,11215.84690155089
2459090.73597155,2020.6590991691992,12495.058931609165,0.4149662,52.385,269.7048,78.9871,931.8955079832485,190.95619908830412,11216.037823239236
2459094.7573118,2020.670108998768,12495.11682620323,0.4148558,52.3996,266.3576,81.3021,933.3088391752281,185.96046044350334,11216.799075554432
2459095.72243004,2020.6727513485014,12495.086203631849,0.4148413,52.4005,265.5501,81.8612,933.4720993051478,184.7608145395036,11216.864726851838
2459099.90456909,2020.6842014211907,12494.97909981631,0.4147742,52.4012,262.0351,84.3034,934.2478396732795,179.5659883713726,11217.199543974732
2459101.67392605,2020.689045656536,12494.927290911366,0.4148623,52.4028,260.5775,85.2923,933.1167166711075,177.35336364697156,11216.587177161013
2459105.53423747,2020.6996146131964,12494.703457420257,0.4148681,52.4063,257.3575,87.5056,932.9132739768829,172.54183924926974,11216.34898676322
2459105.85593766,2020.7004953803155,12494.845625300675,0.4150287,52.4068,257.0983,87.6696,930.9897887314501,172.12956308644988,11215.444719475077
2459107.78602483,2020.7057796709921,12494.438992235308,0.415141,52.4026,255.4833,88.782,929.3487945597499,169.72461844287045,11214.357915425095
2459109.8769189,2020.7115042269675,12494.206792727942,0.4153596,52.4009,253.7547,89.9137,926.4817569831821,167.06687829175235,11212.743820512651
2459110.52022915,2020.7132655144424,12494.283985908016,0.4153056,52.4083,253.1925,90.3547,927.201578570096,166.31161480074752,11213.16042109042
2459112.1285233,2020.7176687838464,12493.90250697656,0.415403,52.4016,251.8459,91.2623,925.7616238709761,164.2874378152586,11212.191567507958
2459112.77182025,2020.7194300349074,12493.89887602551,0.4154968,52.4009,251.2947,91.6706,924.587573513314,163.51048743329756,11211.584810955921
2459114.38003841,2020.7238330962628,12493.607001744991,0.4156464,52.3992,249.9522,92.5816,922.5479284548919,161.49388534542032,11210.360074674963
2459115.98818025,2020.728235948665,12493.097063191906,0.4157774,52.4005,248.6189,93.5251,920.6133483103386,159.519058480563,11209.059102047155
2459116.95303473,2020.7308775762633,12492.917838793903,0.4158988,52.4005,247.8032,94.0881,918.9920011409249,158.31537254522004,11208.116425915408
2459119.04345367,2020.7366008314034,12492.258090121344,0.4161454,52.401,246.0486,95.2792,915.5260503045611,155.691500694762,11205.93556395311
2459120.81216778,2020.7414433067215,12492.154770336248,0.4163667,52.4047,244.5635,96.2783,912.7012127220869,153.4622095802796,11204.416005643618
2459121.77686879,2020.7440845141407,12491.60729417056,0.4165259,52.3949,243.759,96.8166,910.393023519603,152.24517490931692,11202.897982133261
2459122.41995775,2020.7458451957564,12491.563434922276,0.416483,52.3968,243.2145,97.2594,910.9033208555429,151.50962952770988,11203.135435896587
2459124.02767101,2020.75024687477,12490.812235988926,0.4169202,52.3878,241.8705,98.1467,905.0040003979748,149.46832508277544,11199.639524358487
2459126.5997511,2020.7572888462696,12489.834160716438,0.4172681,52.385,239.7059,99.6157,900.0884911591947,146.23761534297114,11196.51448259156
2459127.56419467,2020.7599293488568,12489.450638562097,0.4174062,52.3846,238.8887,100.1818,898.1402074323178,145.03593441155152,11195.277709220676
2459128.85004661,2020.763449819603,12488.9572262472,0.4177079,52.3821,237.803,100.9493,894.084830081656,143.45036494292242,11192.883473514034
2459131.10007742,2020.7696100682272,12487.869591611961,0.4180944,52.3813,235.9022,102.2364,888.6249474287133,140.61897543818645,11189.40590065905
2459132.5463696,2020.773569800411,12487.268406591927,0.4183817,52.3793,234.6773,103.1168,884.6875222857043,138.84897185204858,11187.005109957785
2459136.72386239,2020.7850071523342,12485.294908308417,0.4192357,52.3735,231.1355,105.4919,872.8772577173022,133.5648251597201,11179.693910217547
2459138.65154387,2020.7902848565916,12484.267765431847,0.4195898,52.3721,229.507,106.6246,867.8600505878512,131.16905162700397,11176.472031198075
2459141.06080743,2020.796881060726,12482.951787444114,0.42014,52.3689,227.4536,108.0023,860.2281234673437,128.11871813862678,11171.71265332052
2459141.70321827,2020.7986398857497,12482.496767222105,0.4204114,52.3678,226.8977,108.3525,856.5765258187857,127.2798411300933,11169.536903432068
2459143.46963365,2020.8034760674882,12481.426041803801,0.420554,52.3665,225.3874,109.4305,854.1760942190458,125.10651570427854,11167.649113563743
2459144.59360114,2020.8065533227657,12480.701822365296,0.4208913,52.3637,224.4164,110.1378,849.5467074375965,123.73500380432733,11164.800721982985
2459146.03859788,2020.8105095082271,12479.967727280116,0.4212319,52.3626,223.178,110.9723,844.870909579231,121.90687703826075,11161.920106131698
2459147.0018223,2020.813146672963,12479.309606787947,0.421514,52.3631,222.356,111.5346,840.9695971923329,120.69779773326746,11159.488026067074
2459148.4465193,2020.817102037782,12478.331163668821,0.4217734,52.3643,221.1085,112.41,837.1667024422668,118.90176639847948,11156.916780051459
2459149.57007232,2020.820178158302,12477.62026701995,0.4220448,52.3642,220.1415,113.0647,833.369216949568,117.48206301126214,11154.505186913764
2459151.49593438,2020.82545088126,12476.41839179193,0.4224818,52.3634,218.4828,114.1858,827.22239207457,115.04628274639708,11150.568560290949
2459151.97736048,2020.8267689540862,12476.192435733898,0.4227199,52.3627,218.0729,114.4771,824.121316919709,114.45317652895375,11148.8056940223
2459153.90283602,2020.8320406188093,12474.855466965775,0.4230912,52.3651,216.4077,115.6362,818.7175976206645,112.04927722864466,11145.175001562966
2459155.98846698,2020.8377507651744,12473.468817444176,0.4237376,52.3642,214.6066,116.8458,809.8547770655432,109.4021245372304,11139.689765146042
2459157.27172277,2020.8412641280488,12472.704632725865,0.4239221,52.3677,213.4904,117.6506,807.1131921409878,107.82591390242612,11137.793922485336
2459158.39448409,2020.8443380810133,12472.011131740175,0.4241625,52.3693,212.5148,118.3163,803.7154100734333,106.40939083516753,11135.592790847419
2459159.51714566,2020.8474117608755,12471.250678068463,0.4244407,52.3701,211.5391,118.9753,799.80801039361,104.98616608482189,11133.08202299715
2459164.32740707,2020.8605815388637,12468.40455775703,0.4256227,52.3786,207.3503,121.8726,783.4322451921771,98.9535460090649,11122.744307396331
2459165.9304405,2020.8649704052016,12467.394239020517,0.4260992,52.3844,205.9505,122.8194,776.9112276892656,96.9205541273966,11118.69278754227
2459167.05242112,2020.8680422207256,12466.687244274473,0.4262637,52.3871,204.9665,123.5206,774.454712787232,95.53190053881343,11116.97381829615
2459168.49485266,2020.8719913830532,12465.95436876814,0.4265223,52.3912,203.7026,124.3869,770.8105397061045,93.71260210080612,11114.608285041339
2459169.61662545,2020.8750626295691,12465.091144359003,0.4267341,52.3927,202.7267,125.07,767.6753934529934,92.31415335515169,11112.43563883474
2459170.8985873,2020.8785724498289,12464.85060854572,0.427222,52.3994,201.5986,125.8233,761.4559018616001,90.67581806162497,11108.986181245453
2459171.37926243,2020.8798884666123,12464.232224881593,0.4271599,52.3981,201.1833,126.1444,761.8757341243945,90.10785201958714,11108.847040797586
2459172.8212593,2020.883836438878,12463.503452187297,0.4275067,52.4069,199.9109,127.0104,757.1359209040975,88.28018200388578,11105.896026431958
2459173.46209937,2020.8855909633678,12463.189647012861,0.4276312,52.4091,199.3492,127.3953,755.4046024331747,87.4717531876006,11104.789653981416
2459174.26309721,2020.8877839759339,12462.57044410501,0.4278233,52.4131,198.6422,127.874,752.6561302255386,86.45396866379724,11102.961789833904
2459174.74368049,2020.8890997412461,12462.433173442329,0.4279089,52.4154,198.219,128.1634,751.510802871112,85.84649315136221,11102.270626949567
2459176.82609764,2020.8948010886795,12461.59008694949,0.4283846,52.4241,196.3883,129.4583,745.1005021876681,83.25820807535922,11098.355960624502
2459178.90823896,2020.9005016809308,12460.780284134185,0.4286945,52.4338,194.553,130.7165,740.7760106174228,80.62889486492224,11095.571666145424
2459179.38870307,2020.901817119973,12460.51429638196,0.4288254,52.4386,194.1276,131.0026,738.992969030247,80.01603680974262,11094.462870818992
2459180.83005283,2020.905763320547,12460.14217691883,0.4287605,52.4408,192.8633,131.9028,739.5890870720232,78.23130460305879,11094.563884757377
2459181.79094607,2020.9083941028614,12460.12405142734,0.4292961,52.4427,192.0152,132.5048,732.9050906333832,77.03812296991737,11090.977461379036
2459183.23223206,2020.9123401288427,12460.306759930523,0.4295917,52.4538,190.7376,133.3795,729.3260964104775,75.214653616607,11089.167330404634
2459184.19305676,2020.9149707235042,12459.902106003992,0.4297631,52.4577,189.892,133.9808,726.9596512311882,74.02333953850655,11087.662617156879
2459185.79444894,2020.9193550963453,12459.753890610784,0.4301524,52.4701,188.4723,134.9775,722.0245511552175,72.02196531572883,11084.929033667104
2459186.75525416,2020.9219856376733,12459.668407277764,0.4302658,52.4749,187.622,135.5703,720.5629122856717,70.81747043763733,11084.094606583827
2459188.83697134,2020.927685068692,12459.666025369028,0.4305497,52.488,185.7801,136.8426,717.0242560462002,68.19607527086384,11082.192825218508
2459189.31736436,2020.9290003131011,12459.69474141727,0.4306402,52.481,185.3611,137.1377,715.9130060343878,67.59868728357526,11081.612487033359
2459189.79776803,2020.9303155866662,12459.624535096655,0.4308949,52.4936,184.9281,137.4625,712.6995670086353,67.01698880014857,11079.844072445954
2459190.75854372,2020.9329460471458,12459.65008390857,0.4310222,52.5024,184.0748,138.0555,711.1279935121129,65.80972302751275,11079.01368652672
2459191.87942528,2020.9360148536066,12459.482076258086,0.431153,52.5132,183.0803,138.7468,709.4027006331835,64.401752701639,11077.987432736907
2459193.16043543,2020.939522068254,12459.814131692057,0.4312995,52.5222,181.939,139.5424,707.766226600339,62.793455428559696,11077.300153119655
2459195.2420346,2020.9452211761811,12459.426509632736,0.4316407,52.5303,180.1041,140.8546,703.2946294163057,60.2190765748345,11074.665772007056
2459195.24203521,2020.9452211778512,12459.521236730441,0.4316495,52.5343,180.1013,140.8529,703.2388246563642,60.21457597358665,11074.690885712245
2459196.20275746,2020.9478514920193,12459.3242798377,0.4317407,52.5406,179.25,141.4523,701.9905937335752,59.015762873036806,11073.903406429652
2459197.32358927,2020.9509201622725,12459.328723989278,0.4318839,52.5526,178.2524,142.1518,700.2089432907651,57.61294158192783,11072.945447199876
2459198.1241824,2020.953112066803,12459.379113494097,0.4319788,52.5459,177.5642,142.6484,699.0551753018526,56.632255950888236,11072.352550487336
2459200.68603016,2020.9601260237102,12459.286451486354,0.4323373,52.591,175.2683,144.2739,694.5358871241633,53.436831464308966,11069.85977292432
2459201.16636685,2020.9614411138946,12459.266013917584,0.432361,52.5951,174.8327,144.5791,694.2290008741638,52.83299899792121,11069.682179745549
2459202.28714825,2020.9645096461322,12459.206018960585,0.4324658,52.5819,173.8528,145.287,692.88922060598,51.45632739239329,11068.923742946465
2459203.08771243,2020.966701471403,12459.275021872136,0.4325089,52.5887,173.1532,145.7813,692.3913873647425,50.46197029493635,11068.694992357381
2459203.72814429,2020.968454878275,12459.052355863218,0.4324515,52.5826,172.5874,146.1691,692.9801759916354,49.65274382101825,11068.883453160157
2459204.68880575,2020.9710850260099,12459.226482894477,0.4325001,52.5924,171.7343,146.7768,692.4734831199685,48.46049063644688,11068.711095496348
2459205.16914401,2020.9724001204934,12459.139744599282,0.4326947,52.5956,171.3089,147.0825,689.9997105518196,47.867356622418356,11067.324036910237
2459206.28988406,2020.9754685395212,12458.99539700798,0.4327499,52.6143,170.3074,147.793,689.2300848523164,46.47172577233118,11066.824097066097
2459207.25051629,2020.9780986072276,12459.008941474709,0.4327611,52.621,169.457,148.3902,689.0982270522782,45.27170139809988,11066.760700141085
2459208.691439,2020.9820436386035,12458.692452298183,0.4328457,52.6455,168.1973,149.304,687.8646966984588,43.505590102710926,11065.909766159923
2459209.17177916,2020.9833587382886,12459.112335665117,0.4327992,52.6278,167.7929,149.5639,688.6821840791217,42.88765421609378,11066.595931127036
2459210.29246066,2020.9864269970158,12458.922845594328,0.4330087,52.6246,166.7714,150.3096,685.9645608232267,41.5072810743485,11065.016143513285
2459212.05354814,2020.9912485917591,12458.850388368875,0.4329937,52.6371,165.2159,151.3979,686.1103609625998,39.304306966749095,11065.052879772993
2459212.85399597,2020.9934400984805,12458.479071600015,0.4329956,52.6542,164.5015,151.9134,685.8761509051246,38.316464547038095,11064.710299249196
2459214.61504337,2020.9982615834908,12458.852078049798,0.432966,52.6688,162.9444,153.0261,686.4564292248897,36.136329943274745,11065.241043339885
2459216.21597254,2021.0026446886789,12458.689392344555,0.4329207,52.6744,161.5337,154.0195,686.9285595281763,34.141112075595345,11065.401784998972
2459216.85633219,2021.0043978978504,12458.61286750663,0.4332128,52.6743,160.9796,154.4243,683.2460030580542,33.3606567738459,11063.364998676669
2459217.81681719,2021.0070275624641,12458.429130208524,0.4332447,52.6721,160.1243,155.0601,682.7444392200714,32.19447751290488,11062.986731904151
2459218.7773408,2021.0096573327858,12458.552002362765,0.4332728,52.6819,159.2723,155.6998,682.4639923534432,31.035460197090345,11062.906341440083
2459221.81891951,2021.0179847214513,12458.378417725367,0.4333529,52.7007,156.5854,157.6221,681.3677011066675,27.273000277504707,11062.211952942227
2459222.61933211,2021.020176131718,12458.358755469108,0.4333729,52.7025,155.8824,158.1119,681.1073923710701,26.27089258147646,11062.05958198939
2459223.57983584,2021.0228058476114,12458.19587302235,0.4334174,52.7019,155.0386,158.6949,680.4607090462732,25.063394859924927,11061.614752533007
2459225.34064142,2021.0276266705541,12458.050807831189,0.4334169,52.7188,153.486,159.8548,680.3847466584994,22.935198600540446,11061.489322578896
2459226.1410096,2021.0298179592057,12458.252609892403,0.433429,52.7252,152.7719,160.3653,680.3483394393479,21.942734685929167,11061.586867679052
2459229.02231854,2021.0377065531557,12458.03050835308,0.4332521,52.7372,150.2352,162.1777,682.4263287450403,18.378540863926617,11062.58285845404
2459229.6625811,2021.0394594965096,12457.763390355474,0.4332036,52.7394,149.6704,162.5804,682.8791417052771,17.585381256546725,11062.672685099336
2459231.10319657,2021.0434036867082,12457.96452896921,0.4331728,52.7471,148.4031,163.488,683.3768516549362,15.805772785034776,11063.058956911978
2459232.0635957,2021.046033116222,12457.934545884671,0.4333505,52.7454,147.5565,164.1057,681.1460814582761,14.63027816008821,11061.834012659481
2459233.18406657,2021.0491007982748,12457.761528122,0.4333423,52.7593,146.575,164.8029,681.1501946740973,13.241612621045078,11061.735692978822
2459233.50420418,2021.049977287283,12457.756367078582,0.4333406,52.7586,146.2933,164.9958,681.1684483149293,12.837276578144156,11061.742576586128
2459236.5453239,2021.0583034193016,12457.529765297553,0.4331219,52.7529,143.6115,166.9439,683.7645040453235,9.106169051386871,11063.015997343758
2459237.18558314,2021.0600563535654,12457.79584653635,0.4331219,52.7543,143.0499,167.3411,683.9153396724178,8.310712716448904,11063.252293066655
2459237.5057648,2021.0609329631764,12457.622567563392,0.4333058,52.7388,142.769,167.4646,681.5261548272811,7.837733256551928,11061.858478168946
2459237.98586066,2021.0622473940048,12457.347278280637,0.4332769,52.7706,142.3475,167.8529,681.7301673237644,7.331338158318715,11061.808926269932
2459239.10625328,2021.0653148618203,12457.369742976158,0.4331789,52.7761,141.363,168.5683,682.963720820464,5.957949744717325,11062.489644828469
2459241.50712201,2021.0718880821628,12457.489210571694,0.4331233,52.7787,139.2559,170.0366,683.7240739744866,2.952790421363261,11062.970545451959
2459242.46750552,2021.0745174689123,12457.7279947369,0.4331231,52.7793,138.4123,170.6147,683.8619266996702,1.7407111915799192,11063.183947753523
2459242.94759829,2021.0758318912804,12457.73802413505,0.4327704,52.7792,137.9891,171.0115,688.2614563349143,1.2411191390580711,11065.569175613518
2459246.14904724,2021.084596980808,12458.70282954621,0.4329556,52.7753,135.1817,172.971,686.501370758333,357.23778690909364,11065.178567634975
2459246.46921013,2021.0854735390285,12458.809317324576,0.4329661,52.7762,134.899,173.166,686.4309365588915,356.8345259497377,11065.202391859986
2459247.4297181,2021.0881032665297,12459.211979837728,0.4329204,52.7772,134.0563,173.7622,687.2286458415865,355.6413240492817,11065.867951521672
2459249.99118353,2021.0951161766736,12459.786998497293,0.4327908,52.7841,131.806,175.3658,689.1695155880507,352.469976397464,11067.251769647626
2459251.11192802,2021.098184607858,12460.208464611678,0.4326763,52.7767,130.8345,176.0442,690.835268914816,351.0722411711165,11068.397275002531
2459252.0725842,2021.1008147411367,12460.439034473127,0.4326729,52.7846,129.9846,176.6476,691.0084421544389,349.87889319078295,11068.624985367533
2459252.39280984,2021.1016914711565,12460.531119004696,0.4326736,52.7862,129.7018,176.8472,691.0519618329054,349.4800703836527,11068.702070433965
2459253.99399661,2021.1060752816152,12461.087096042673,0.4325897,52.7887,128.2966,177.8428,692.412867491701,347.49229861854656,11069.760881979046
2459256.07569853,2021.111774670855,12461.62905099595,0.432523,52.7908,126.4732,179.129,693.5515689720296,344.90331849215426,11070.691372828964
2459260.07937727,2021.1227361458448,12463.056899986355,0.4323393,52.7876,122.9773,181.6373,696.6513039860847,339.96958749584803,11073.196292878965
2459261.04035516,2021.1253671599177,12463.125064057689,0.4323701,52.7838,122.1362,182.2276,696.30613379856,338.7716224296663,11073.049590131033
2459265.52522263,2021.1376460578501,12463.7871655791,0.4320941,52.773,118.2143,185.0113,700.1219676766477,333.2130191739391,11075.494624523255
2459266.00577799,2021.1389617467214,12464.173062481203,0.432157,52.7758,117.7954,185.3056,699.5571243185132,332.61477118030723,11075.414492066624
2459267.44743626,2021.142908791951,12464.219891554252,0.4320562,52.7772,116.5351,186.1964,700.8401092449094,330.8243348976831,11076.134019817498
2459268.72892241,2021.146417309815,12464.11480644967,0.4320199,52.7713,115.4127,186.9861,701.2328741787642,329.2285684665922,11076.284719775882
2459270.01041862,2021.1499258552224,12464.27397994741,0.4319955,52.7697,114.2936,187.7758,701.6274098430385,327.6360921199572,11076.590224501646
2459270.97153426,2021.152557246434,12464.129017449002,0.4319445,52.7681,113.4533,188.3654,702.1807410715019,326.438091283697,11076.804262248164
2459271.61225633,2021.1543114478575,12463.839597858503,0.4319205,52.768,112.8931,188.7581,702.3154668316602,325.63907877128054,11076.708382535147
2459274.97611357,2021.1635211870498,12464.023321613971,0.4316831,52.7664,109.9563,190.8314,705.378795667355,321.46007266208846,11078.466887196706
2459275.29648466,2021.1643983152906,12463.882215306689,0.4317025,52.7663,109.6755,191.0191,705.0568032532528,321.0512064953848,11078.211147914852
2459275.93721399,2021.1661525365912,12463.870455518185,0.4316626,52.7662,109.1172,191.4159,705.5474286260205,320.2581868271976,11078.468714836643
2459279.94172455,2021.1771162889802,12463.701932672013,0.4314039,52.7584,105.6144,193.8831,708.6760104797686,315.27563596716715,11080.05594081581
2459280.9027967,2021.179747561123,12463.54022055355,0.431432,52.7542,104.7742,194.4738,708.2338361196907,314.07887799576423,11079.72356893792
2459283.78602999,2021.1876414236547,12463.54878345358,0.4312129,52.7574,102.2594,196.2002,710.969468249089,310.4486874843559,11081.201430016728
2459284.90728603,2021.190711255386,12463.648289958253,0.4311409,52.7433,101.2735,196.9218,711.9234489421915,309.0792480610022,11081.772857915437
2459285.86837805,2021.1933425819307,12463.443486107277,0.4310419,52.7494,100.4352,197.4975,713.0408253129726,307.8693705049761,11082.25465976574
2459289.23208655,2021.2025519138945,12463.381190330554,0.431004,52.7164,97.501,199.5969,713.4777437733246,303.71921099796805,11082.453377195421
2459289.87280562,2021.204306107105,12463.34072113127,0.4309635,52.7147,96.9414,199.9872,713.9594822600129,302.91840144222334,11082.688903490629
2459290.1931312,2021.2051831107462,12463.319441308977,0.4310538,52.7168,96.6503,200.2163,712.8219355188658,302.54068013137993,11082.064569993638
2459293.87724527,2021.215269665353,12463.271968190473,0.4308488,52.7114,93.4295,202.4613,715.3498966219704,297.93372047292166,11083.396544583204
2459295.79939396,2021.220532221656,12463.179380264472,0.4307401,52.7148,91.7478,203.6423,716.6519476914154,295.5385002038842,11084.042539130218
2459296.44009196,2021.2222863571803,12463.090589086605,0.4306863,52.714,91.1846,204.0343,717.2719167080741,294.7358114150649,11084.323970051893
2459297.8817175,2021.226233312799,12463.218649692584,0.4306103,52.7114,89.9248,204.911,718.2920279828659,292.9318073923834,11084.946887756163
2459303.80840144,2021.2424596890892,12463.069856281369,0.4303108,52.6898,84.7467,208.5051,721.9399959690481,285.5063119279139,11086.819437150478
2459304.12875714,2021.2433367751955,12462.94819094037,0.4303539,52.679,84.467,208.7051,721.3335314712358,285.11086092964274,11086.422795887282
2459305.0898439,2021.2459680873374,12463.026686516578,0.4303128,52.6749,83.6269,209.2896,721.8904765669058,283.9079885585786,11086.76765180164
2459307.81292285,2021.2534234711836,12462.974928565272,0.4301862,52.6674,81.2448,210.9542,723.4388033505056,280.50655037392823,11087.56858171007
2459308.13328955,2021.2543005874059,12462.98767159732,0.4301592,52.6664,80.9643,211.1487,723.7825651731537,280.1047885339155,11087.760514010477
2459310.05549058,2021.2595632870086,12462.94636671521,0.4300502,52.6638,79.2841,212.3131,725.1174891200617,277.69441667687425,11088.452697875906
2459310.53603629,2021.26087894946,12462.90879048854,0.430035,52.6644,78.8645,212.6076,725.2855087708012,277.09567819443606,11088.520897047494
2459316.78327026,2021.277982943901,12463.021000705585,0.4296856,52.6535,73.4049,216.3815,729.7040442048046,269.25254019562726,11090.95575271446
2459321.74922235,2021.2915789797394,12463.235934198114,0.4294309,52.6455,69.0666,219.3744,733.0010100630761,263.01256729379134,11092.84777040668
2459323.03076762,2021.2950876594664,12463.253418508517,0.4295409,52.6465,67.9402,220.1691,731.6400281942915,261.4177425921233,11092.128959456493
2459323.99196739,2021.2977192810126,12463.289918702189,0.4294578,52.6453,67.1015,220.7311,732.6965494541673,260.19365883549045,11092.716251764692
2459327.03578216,2021.3060527916764,12463.417931161564,0.4292629,52.6402,64.448,222.5498,735.1987061191503,256.35879499652935,11094.130924995616
2459336.96867056,2021.3332475580014,12463.68279542116,0.4289411,52.6251,55.7727,228.5459,739.360687102132,243.8894791194611,11096.512846212103
2459337.60953248,2021.335002142314,12463.681197324204,0.4289004,52.6298,55.2133,228.9231,739.867046319373,243.0756287670198,11096.782723957356
2459341.61496586,2021.3459684212453,12463.81622500645,0.4287253,52.6127,51.7196,231.3208,742.1265747956932,238.031768351737,11098.069797658081
2459342.89671496,2021.3494776590287,12463.857643639749,0.4287546,52.617,50.5983,232.1041,741.7850451840459,236.43044274967622,11097.911463498922
2459343.53760433,2021.3512323184946,12463.89253677472,0.4287099,52.6153,50.0394,232.4834,742.3621137232831,235.6191653419885,11098.240345410517
2459352.51027323,2021.3757981471042,12464.176538685675,0.4284283,52.6135,42.223,237.8595,746.0342733166872,224.33516704250042,11100.368574733688
2459356.51614294,2021.3867656206437,12464.341468061097,0.4283224,52.6146,38.7368,240.259,747.4485160416443,219.3001765682314,11101.220339181697
2459357.47747324,2021.3893975995616,12464.176578642064,0.4282749,52.615,37.8997,240.8286,747.9463008417915,218.08516415781855,11101.389575563151
2459360.52194802,2021.3977329172346,12464.26582869178,0.4282232,52.6169,35.2497,242.6553,748.6417298787337,214.26114979550886,11101.813064806956
2459365.48934174,2021.411332900041,12464.334049251984,0.4281059,52.6193,30.9301,245.6255,750.1428031963187,208.0157559851853,11102.65413057777
2459368.69417419,2021.420107253087,12464.308249996364,0.4280126,52.621,28.142,247.5359,751.2909687139709,203.97928888865533,11103.251616175936
2459369.49536877,2021.422300804298,12464.320796649174,0.4281345,52.618,27.4502,248.0411,749.7787445361782,203.00301045270714,11102.452096732988
2459373.66171441,2021.4337076369882,12464.324752447532,0.4280279,52.6232,23.8246,250.5237,751.1097037393947,197.7535506842445,11103.164579031069
2459376.70638751,2021.4420434976319,12464.331345451767,0.4279463,52.6203,21.1801,252.335,752.1305641916615,193.91944085251038,11103.71300270988
2459377.98836007,2021.4455533472146,12464.32701671063,0.4279236,52.6245,20.0655,253.1018,752.4110281425574,192.30809500271965,11103.86005466768
2459379.43057173,2021.449501907542,12464.339696602981,0.4280173,52.6198,18.8113,253.9891,751.2503733801532,190.51971328481426,11103.248376629217
2459383.43676889,2021.4604702775905,12464.29662239408,0.427985,52.6217,15.3301,256.3856,751.6283324587494,185.48640006745728,11103.424773516768
2459386.64174477,2021.4692450233267,12464.274725814603,0.4279315,52.6205,12.5459,258.2991,752.282645984671,181.4567916023559,11103.760953863704
2459400.10266028,2021.5060990014515,12464.016689061946,0.4280095,52.6187,0.8495,266.3687,751.162837984888,164.56255947743438,11103.012505084305
2459401.06416009,2021.5087314444625,12464.003943399386,0.4281564,52.6254,0.0164,266.9587,749.3245854077013,163.37177999348876,11102.02419186885
2459405.07036387,2021.5196998326348,12463.913259683439,0.4280359,52.6209,356.5251,269.4023,750.7746300529043,158.3754602514432,11102.744827027604
2459408.27529429,2021.528474453908,12463.782997123348,0.4277389,52.6405,353.7716,271.2832,754.401868095103,154.34399659309395,11104.602879886133
2459412.12117965,2021.5390039141685,12463.640326168625,0.4278491,52.6346,350.4204,273.6132,752.9467298936725,149.53219089931304,11103.743492578678
2459420.29351194,2021.5613785405617,12463.261008822295,0.4281388,52.6287,343.3115,278.5129,749.1190964183288,139.26812539778302,11101.479503022669
2459426.8632394,2021.5793654740592,12462.960481175442,0.4282529,52.6216,337.5825,282.5065,747.5252125266643,131.0574293387217,11100.45281432134
2459426.86326073,2021.5793655324576,12463.009282895417,0.4283099,52.6162,337.5752,282.5096,746.8427232394088,131.0532083152333,11100.117022691826
2459432.79183878,2021.595597094538,12462.65517833876,0.4283649,52.6186,332.4224,286.073,745.9548391351946,123.6204459662797,11099.4356437493
2459440.80295504,2021.6175303354955,12462.038518043883,0.4284911,52.6024,325.4347,290.9233,744.0296252048893,113.58707922157532,11098.046468283963
2459448.01264985,2021.6372694041067,12461.504718547167,0.4288122,52.6117,319.162,295.2515,739.7231648765755,104.53651452157226,11095.432661636081
2459448.17286407,2021.6377080467355,12461.511920160068,0.428824,52.6226,319.0533,295.34,739.5802325093473,104.35840317520001,11095.360452770647
2459449.13411959,2021.6403398209168,12461.420895733148,0.4288271,52.612,318.1902,295.9329,739.4896111364997,103.14076446999957,11095.258752371556
2459452.97908735,2021.6508667689252,12461.180190857307,0.429056,52.632,314.8458,298.2521,736.4997628888341,98.3258631868996,11093.518838593667
2459460.82880578,2021.6723581267079,12460.475074870514,0.4290405,52.6147,308.0008,303.0045,736.2903185105315,88.49637438517789,11092.994442645579
2459460.98899783,2021.672796708638,12460.464307974129,0.4290696,52.6152,307.8616,303.1006,735.9215715373921,88.29538489027254,11092.790858416198
2459462.91128823,2021.6780596529231,12460.300850977632,0.4291213,52.6158,306.183,304.2652,735.1840514150035,85.88672494763273,11092.300643616241
2459464.67335559,2021.6828839304314,12460.1506408273,0.4291449,52.6165,304.6455,305.3341,734.8042400845316,83.68138504467913,11092.00956216414
2459468.67794042,2021.6938478861598,12459.810937978287,0.4292247,52.6182,301.1486,307.766,733.616026067838,78.66936098246424,11091.174997909875
2459469.63901827,2021.6964791739088,12459.725653270427,0.4292385,52.6178,300.3095,308.3509,733.395403449108,77.46789739283417,11091.007041989445
2459471.88150689,2021.702618773142,12459.56122251156,0.4292654,52.6195,298.3545,309.7148,732.9663905056459,74.66654166893647,11090.681256596936
2459473.80361007,2021.7078812048464,12459.447599861793,0.4293019,52.6195,296.676,310.8838,732.4467722906847,72.26256625530095,11090.33665029894
2459474.76465361,2021.7105123986587,12459.399830953485,0.4293193,52.6199,295.8367,311.4683,732.2027171084173,71.0605364828923,11090.178058571952
2459475.88586235,2021.7135821008899,12459.327286957796,0.4293379,52.6203,294.8574,312.1504,731.9295741626393,69.65824367967309,11089.989404405336
2459479.56977602,2021.723668106831,12459.120651466592,0.4293917,52.6216,291.6402,314.3926,731.1413544282441,65.05228154085034,11089.446544021504
2459480.85111527,2021.7271762225052,12459.01756311907,0.4294175,52.622,290.5219,315.172,730.7610887083865,63.45045989810092,11089.18264218453
2459481.81211119,2021.7298072859412,12458.950200266998,0.4294283,52.6215,289.6827,315.7573,730.5880959816814,62.24937706113769,11089.050621155777
2459482.61293613,2021.731999825133,12458.886550326575,0.4294356,52.6212,288.9835,316.2451,730.4608292551529,61.24866295215406,11088.945258454154
2459484.85521777,2021.738138857687,12458.70809800348,0.429486,52.6206,287.0229,317.6102,729.7310918243575,58.44311123265015,11088.450098129397
2459487.57792439,2021.7455932221487,12458.471714725349,0.429533,52.6217,284.644,319.2667,729.010683684226,55.03714002642357,11087.92603556614
2459490.78100244,2021.7543627719097,12458.155552324002,0.4295548,52.6243,281.848,321.2224,728.5587356765755,51.03980211250246,11087.499150657693
2459492.54264367,2021.759185882738,12457.995070930243,0.4295703,52.6242,280.3095,322.2985,728.2740909122176,48.84108221438123,11087.25286737511
2459493.82381825,2021.7626935475705,12457.892165488156,0.4295895,52.625,279.1912,323.0805,727.976199062181,47.242022874651184,11087.033124754938
2459495.58541489,2021.7675165363182,12457.808696049979,0.4295822,52.6233,277.6533,324.1561,728.0195292216968,45.04344692547045,11087.007568137125
2459496.54626896,2021.7701472113895,12457.644195514784,0.4295653,52.6241,276.8157,324.7474,728.1362293752181,43.85010389979993,11086.973971626161
2459497.50709624,2021.7727778131139,12457.382963809376,0.4296209,52.6222,275.9722,325.3293,727.2945832529249,42.64148727901693,11086.370354525872
2459498.46792764,2021.7754084261187,12457.40524245578,0.4296932,52.6201,275.1282,325.9061,726.4066201281794,41.42726659728464,11085.907494999528
2459498.78819997,2021.77628528397,12457.298571870038,0.4296469,52.6239,274.853,326.109,726.9225580916482,41.0392977708093,11086.121682974526
2459499.7490189,2021.7789158628339,12457.245875847295,0.4296565,52.6239,274.0127,326.6975,726.772913191312,39.84048937978196,11086.01069786164
2459500.70982203,2021.7815463984389,12457.179893551573,0.4296707,52.624,273.1721,327.2866,726.5583886633431,38.64199656199787,11085.85717712425
2459501.67061196,2021.7841768979051,12457.073174590483,0.4296804,52.6241,272.3319,327.8744,726.3766901031731,37.44261675412076,11085.697445755999
2459501.83074297,2021.7846153127175,12457.065035102514,0.4296838,52.6242,272.1921,327.9725,726.3296939725315,37.243087421658856,11085.667502429313
2459503.27190437,2021.7885609975901,12456.922463221079,0.4296966,52.624,270.9324,328.8534,726.0889343113568,35.443840867532685,11085.455166886437
2459503.9124131,2021.7903146149206,12456.861326136954,0.4297043,52.6241,270.3728,329.2449,725.9581497922018,34.64443862855319,11085.34935042254
2459504.87316739,2021.7929450168103,12456.77746169429,0.4297174,52.6239,269.5328,329.8313,725.7471384764194,33.44389394825089,11085.187253186035
2459505.83391128,2021.7955753902263,12456.662825300977,0.4297211,52.6235,268.693,330.4189,725.6356736835323,32.24475951854049,11085.06053458615
2459507.59524763,2021.8003976663383,12456.487032456474,0.4297361,52.6231,267.1531,331.4963,725.3485754280564,30.046240118245578,11084.80394336941
2459508.71608077,2021.8034663402325,12456.385487952148,0.4297481,52.6229,266.1729,332.1823,725.141191637138,28.64731751632371,11084.633454459106
2459511.43805414,2021.810918697167,12456.147034059355,0.4297734,52.6224,263.7926,333.8468,724.6900723317503,25.248669019934823,11084.252321729628
2459512.55884533,2021.813987256208,12456.04452579685,0.4297826,52.6215,262.8121,334.5318,724.5170237841121,23.848487765063624,11084.099668923502
2459514.64027176,2021.8196858911979,12455.81446498922,0.4298132,52.6216,260.9925,335.8012,724.0046911859154,21.24677916873202,11083.690603349605
2459515.60090707,2021.8223159673378,12455.683602865862,0.429814,52.6211,260.1523,336.3886,723.9201107836752,20.04715175842648,11083.568814394412
2459516.56153141,2021.8249460134432,12455.562835679186,0.4298517,52.6205,259.3092,336.9785,723.3816763056675,18.84713516048953,11083.209573968812
2459517.68223568,2021.8280143345107,12455.377934463148,0.4298592,52.6203,258.3288,337.6586,723.1828398571661,17.442239576126667,11082.99495451081
2459521.52447451,2021.8385338111157,12454.757919978154,0.429875,52.6183,254.9679,340.0119,722.6325591275445,12.64762799836626,11082.33773322123
2459521.52447634,2021.838533816126,12454.702206606957,0.4298655,52.6181,254.9682,340.0087,722.7191152127534,12.64472619462174,11082.351606363563
2459524.40595538,2021.8464228757832,12454.208124996649,0.4298874,52.6164,252.446,341.7783,722.164675082965,9.052064718033876,11081.765706806462
2459524.5660327,2021.8468611435997,12454.193636539418,0.4299013,52.6162,252.3058,341.8733,721.9833017393939,8.849088304123711,11081.659979090353
2459526.3268507,2021.8516820005482,12453.959939558112,0.4299105,52.6148,250.7655,342.948,721.7354949627143,6.647979802685882,11081.390590900935
2459526.64699389,2021.8525585048321,12453.914934675617,0.429918,52.6149,250.4857,343.1451,721.6164337897444,6.249738260429808,11081.300453126007
2459529.52823076,2021.8604469014642,12453.651160541829,0.4299371,52.613,247.9626,344.9084,721.2281961668396,2.6501154729065775,11080.938178940494
2459531.6090662,2021.866143918412,12453.468403535318,0.4299564,52.612,246.1401,346.1853,720.8836612375253,0.053589371686257437,11080.646653594054
2459533.52980798,2021.8714026228067,12453.360541372691,0.4299727,52.6107,244.4578,347.3596,720.619185325213,357.65245578956376,11080.441802696918
2459534.33010828,2021.8735937256122,12453.297587417042,0.4299822,52.6106,243.7569,347.846,720.4649935247708,356.6491587796364,11080.322330028606
2459536.57091929,2021.8797287318007,12453.119773701563,0.4300033,52.6095,241.7943,349.2166,720.1008757146374,353.8485565517683,11080.02317037059
2459537.53125368,2021.882357984066,12453.055865972823,0.4300122,52.609,240.9528,349.8049,719.953616322945,352.64882573622606,11079.906854217486
2459544.25338976,2021.9007621896233,12452.627310686417,0.4300752,52.606,235.0618,353.9153,718.9248295174939,344.2427117356019,11079.104665448636
2459545.21366465,2021.9033912789869,12452.563449138983,0.430084,52.6055,234.2204,354.5049,718.7788506794923,343.0444395646964,11078.989051473303
2459545.5337547,2021.904267637782,12452.549071766603,0.4300916,52.6051,233.9406,354.7032,718.67601741199,342.64745039849197,11078.925480230553
2459548.25449245,2021.9117166117728,12452.371457503392,0.430116,52.6035,231.5556,356.3726,718.2709556878635,339.25021976176834,11078.604423677752
2459550.49505169,2021.9178509286514,12452.177932002822,0.4301369,52.6013,229.5909,357.7565,717.9004180827178,336.46106568550874,11078.292593074959
2459554.65597839,2021.9292429250925,12451.923071785455,0.4301866,52.6001,225.9422,0.3047,717.1363220725143,331.25944696672,11077.73372791839
2459555.61616839,2021.9318717820397,12451.861849878527,0.4301998,52.5997,225.0998,0.8876,716.9370724331548,330.0535584656809,11077.591045060144
2459557.3765091,2021.9366913322388,12451.786678696544,0.4302151,52.5981,223.5559,1.9707,716.7037275424418,327.8577203940548,11077.421914884148
2459560.41707107,2021.9450159372213,12451.698820992255,0.4302481,52.5948,220.8882,3.8431,716.2427614880962,324.06556260035507,11077.123190392229
2459562.33740908,2021.9502735361534,12451.619719827302,0.4302586,52.5944,219.2029,5.019,716.0669514420151,321.66342698479957,11076.982638141262
2459562.8174921,2021.9515879318274,12451.611602529918,0.4302783,52.5931,218.7827,5.3101,715.8170299330686,321.0611445421497,11076.843734359916
2459563.77765255,2021.9542167078714,12451.573646701181,0.4302863,52.5932,217.9402,5.8986,715.6957930846229,319.8607851663023,11076.756492120889
2459566.33805118,2021.9612266972756,12451.425665572531,0.4303053,52.5911,215.6931,7.4717,715.3749091206437,316.66318898080726,11076.497838760892
2459568.25831512,2021.9664840934151,12451.29170386456,0.4303138,52.5897,214.0075,8.6512,715.1927558661264,314.2644263705379,11076.321847151832
2459568.41833515,2021.9669222043806,12451.264112238725,0.4303153,52.5894,213.8673,8.7492,715.158360401485,314.06450642300194,11076.28727481194
2459570.3385549,2021.972179479535,12451.093225574112,0.430325,52.5882,212.1817,9.9286,714.9402332789314,311.6656873674189,11076.07041367976
2459571.2986467,2021.9748080676252,12450.982572147288,0.4303246,52.5864,211.3389,10.5198,714.8821771810344,310.46779565492966,11075.974654184705
2459573.21879881,2021.980065157591,12450.802197719628,0.4303324,52.5839,209.6529,11.6984,714.6823060496663,308.0678432672027,11075.762055569958
2459574.33887072,2021.983131747351,12450.708380095833,0.4303387,52.5802,208.6674,12.3894,714.550421726286,306.6693709535881,11075.636482473352
2459575.2989232,2021.9857602277891,12450.634727260296,0.4303418,52.5808,207.8249,12.9796,714.4698675885911,305.4708179958978,11075.550239813734
2459577.05899714,2021.9905790476107,12450.488261639126,0.4303454,52.5801,206.2805,14.0605,714.3416104887319,303.2725428601567,11075.395883604631
2459577.21900238,2021.9910171180836,12450.474939551399,0.4303471,52.5808,206.1406,14.1586,714.3128556927795,303.07303748990364,11075.372667980773
2459578.33903147,2021.994083590609,12450.393294394396,0.4303527,52.5807,205.1573,14.8471,714.1966240898728,301.6743073806904,11075.262602760073
2459580.25905406,2021.9993403259687,12450.270809246007,0.4303582,52.5802,203.4717,16.0287,714.0583742663521,299.2778826512432,11075.116876841135
2459582.17904464,2022.0045969736898,12450.15836782242,0.4303418,52.5765,201.7838,17.2158,714.1985055286577,296.8846894717143,11075.126490904384
2459583.29902778,2022.0076633204108,12450.095773076788,0.4303643,52.5759,200.8012,17.8981,713.8827207636377,295.48050465208667,11074.92039335573
2459585.21897978,2022.0129198625054,12450.003881218616,0.4303566,52.5707,199.1119,19.0806,713.9262409105686,293.08134949805833,11074.890127771327
2459586.1789491,2022.0155481152635,12449.964901733149,0.4303527,52.569,198.2678,19.6713,713.9525913670532,291.88177850516917,11074.881525543617
2459587.29890909,2022.0186143986036,12449.924979618976,0.4303436,52.566,197.2825,20.3604,714.0431441598184,290.4817165026772,11074.906846011107
2459588.73885017,2022.0225567424225,12449.855442063235,0.4303363,52.5635,196.0164,21.2449,714.0944155908783,288.6808727279039,11074.893787355737
2459592.25864425,2022.032193413416,12449.678508157773,0.4302954,52.5554,192.9206,23.4058,714.5028146186205,284.2767711702128,11075.009779394482
2459594.17849493,2022.0374496781103,12449.56898838358,0.4302827,52.5537,191.2331,24.583,714.598530225624,281.8742158802779,11074.997235345894
2459595.29839212,2022.0405157895136,12449.476136837355,0.4302685,52.5523,190.2485,25.27,714.7224136545519,280.47281577512865,11075.00953969144
2459595.93832724,2022.0422678363855,12449.420270043574,0.4302606,52.5514,189.6859,25.6626,714.7889350024643,279.67207890119784,11075.012637661688
2459598.17807088,2022.0483999202738,12449.25880830768,0.4302184,52.5482,187.7169,27.0353,715.2223026116435,276.8682287014318,11075.151006771841
2459598.97796853,2022.050589920684,12449.184911332059,0.4301981,52.5457,187.0133,27.5251,715.4329159283379,275.8660285537941,11075.220910434158
2459601.21765924,2022.0567218596582,12449.069944956096,0.4301537,52.5416,185.0447,28.8971,715.9201465744354,273.0619305230825,11075.41528280489
2459602.97739175,2022.0615397446957,12448.972375667243,0.4301105,52.5374,183.4961,29.9732,716.4023426828162,270.85499190956693,11075.61707494749
2459603.13736634,2022.0619777312527,12448.967900910378,0.4301068,52.5378,183.3549,30.073,716.4458537470982,270.65591674904806,11075.637809887148
2459604.25718517,2022.0650436281176,12448.938423384046,0.4300825,52.536,182.37,30.7579,716.7315639089784,269.2521938776577,11075.773901838538
2459605.05705096,2022.0672335413008,12448.902253900967,0.4300655,52.5347,181.6664,31.2471,716.9225816259213,268.2494251316924,11075.855270673203
2459606.17685981,2022.070299410842,12448.876189197734,0.43004,52.5329,180.6815,31.9316,717.2251727951407,266.84531209690385,11076.002393389961
2459608.09651553,2022.0755551417653,12448.885882117796,0.4298448,52.5246,178.9692,33.1162,719.6607198960482,264.42554896448024,11077.314345256798
2459608.89637759,2022.0777450447365,12448.940176096949,0.429743,52.5188,178.2673,33.5978,720.9589780005181,263.416883894849,11078.042086779322
2459609.05634996,2022.078183025216,12448.856976027022,0.429779,52.5208,178.1279,33.704,720.4633737271042,263.22601092222874,11077.727802663105
2459610.17615637,2022.0812488880765,12448.861424128369,0.4299066,52.5232,177.1623,34.3792,718.8774354101834,261.8319002924333,11076.880027749548
2459611.93584617,2022.0860666561805,12448.859020825355,0.4298506,52.5208,175.6142,35.4534,719.5732014081641,259.6236037750038,11077.251727780516
2459613.05565188,2022.0891325171249,12448.883518636918,0.4298142,52.5185,174.6291,36.1355,720.0403081808054,258.21689383503644,11077.516490732349
2459617.0549714,2022.1000820572215,12448.943907252986,0.4296577,52.5123,171.1134,38.5667,722.0230006336551,253.19055940023142,11078.614565068314
2459618.17478426,2022.103147937741,12448.979758360949,0.429603,52.5121,170.13,39.252,722.7244072298108,251.78874241326997,11079.01138163868
2459619.13462702,2022.1057758439972,12449.02003141339,0.4295444,52.5105,169.2867,39.8357,723.4768914319457,250.58309616099885,11079.43809178073
2459622.01417793,2022.113659624723,12449.103951250321,0.4294057,52.5072,166.7551,41.585,725.2514546909106,246.96263509972107,11080.437677322612
2459623.13400861,2022.116725554032,12449.143733996267,0.4293563,52.5067,165.769,42.2672,725.8891421994449,245.55500054851245,11080.802417035517
2459624.09386996,2022.119353511184,12449.212677344693,0.4292881,52.5067,164.9288,42.8473,726.7775205914768,244.34883597378115,11081.318373764316
2459626.01360845,2022.1246094687203,12449.236791807443,0.4291909,52.5038,163.242,44.0102,728.0013488184932,241.93279126071238,11081.987583386403
2459626.97348843,2022.127237476879,12449.376049802604,0.429139,52.5021,162.4002,44.5926,728.7269611663651,240.7273083235887,11082.45734315331
2459628.09335886,2022.1303035150167,12449.496454604963,0.429046,52.4989,161.4157,45.2671,729.9534987425213,239.31353459395308,11083.18404317525
2459629.05325649,2022.1329315714984,12449.52403643913,0.428993,52.4981,160.5763,45.8528,730.6290714749985,238.11373426056588,11083.561584239535
2459630.97307648,2022.1381877521696,12449.680194730663,0.4288845,52.499,158.8909,47.0133,732.0690292537001,235.69660921891688,11084.423078478632
2459633.05291955,2022.1438820521557,12449.874220826168,0.4287675,52.4993,157.0649,48.2698,733.636475848084,233.07716122395016,11085.374663723538
2459634.97281497,2022.1491384393435,12450.04203758286,0.4286506,52.5001,155.3816,49.4262,735.1877481477441,230.6579618363698,11086.30201591879
2459635.93277635,2022.151766670363,12450.17320314481,0.4285539,52.4999,154.5386,49.9982,736.4666212616085,229.44079866934422,11087.062133766318
2459637.05274882,2022.1548329878708,12450.27220382248,0.4285035,52.5012,153.5609,50.6774,737.1506885318349,228.03842436650942,11087.485527351182
2459638.0127352,2022.1574612873378,12450.385750220992,0.4284247,52.4997,152.7174,51.2565,738.1966702982891,226.82783655840927,11088.11068829537
2459639.93275444,2022.1627180135245,12450.595184970014,0.4282808,52.4989,151.0419,52.4158,740.1080186749077,224.4192151312355,11089.253904229867
2459641.05278739,2022.165784496619,12450.741414642987,0.4282074,52.4998,150.0596,53.0978,741.1055054063918,223.01498121717844,11089.871991831043
2459642.01283006,2022.1684129501984,12450.904890393986,0.4281077,52.5035,149.2222,53.6735,742.4403348486649,221.80703792856633,11090.680095864609
2459642.97288561,2022.171041439042,12450.951568374741,0.4280613,52.5018,148.3823,54.2487,743.0447537792106,220.59608194490158,11091.029936064606
2459643.93295429,2022.173669963833,12451.110667328952,0.4280027,52.5056,147.5435,54.8256,743.8653837133597,219.3879130201732,11091.560919119347
2459644.89303196,2022.1762985132373,12451.204625372877,0.4279349,52.5048,146.703,55.399,744.7633191343966,218.17453523460895,11092.094915847514
2459646.01313732,2022.1793651945793,12451.324463306804,0.4278702,52.5055,145.7254,56.0685,745.6374749268298,216.76242995148584,11092.631306932642
2459648.89348219,2022.1872511490487,12451.687222775097,0.4275722,52.5089,143.2096,57.7898,749.5556232212593,213.12898634241657,11094.932379913635
2459650.01364883,2022.1903179981653,12451.806700319747,0.4275165,52.51,142.2313,58.4625,750.3175811224983,211.71932066047975,11095.408354721385
2459650.97380639,2022.1929467662972,12451.972788566502,0.4274932,52.5121,141.3954,59.0534,750.7027948692839,210.5279641329888,11095.710908713934
2459651.61391631,2022.1946992917453,12451.99877647745,0.4274202,52.5139,140.842,59.4307,751.6266690357024,209.72095497164858,11096.218239709377
2459652.89415546,2022.1982043955097,12452.147797709586,0.4273059,52.5177,139.728,60.1842,753.1352760762729,208.0986176164836,11097.108943181289
2459653.8543464,2022.200833255031,12452.211374904124,0.4272863,52.5141,138.8908,60.766,753.4157497034275,206.89682818878762,11097.295543264161
2459654.97458596,2022.2039003037924,12452.380253691746,0.4272055,52.5156,137.9143,61.4334,754.5186212232366,205.48359063475775,11097.981655302128
2459655.93480515,2022.2065292406576,12452.521978106492,0.4271278,52.5203,137.0805,62.0125,755.5673611462171,204.28247336330895,11098.62291640394
2459657.85527951,2022.211787212895,12452.656810054697,0.4269792,52.521,135.4098,63.143,757.4950674229904,201.84940335779044,11099.727625170219
2459658.81553476,2022.2144162484867,12452.840494060909,0.4269403,52.5284,134.5757,63.7218,758.0847376743959,200.64765054477846,11100.149017659069
2459659.93584997,2022.2174835043675,12453.026536998539,0.4268718,52.5288,133.5998,64.3907,759.0443837022058,199.23643842772265,11100.76851929281
2459660.89612537,2022.2201125951271,12453.094750053631,0.426768,52.5286,132.7697,64.9647,760.376109762743,198.03386575424764,11101.51661920788
2459662.81671969,2022.2253708957971,12453.277333875325,0.426671,52.5329,131.1043,66.1025,761.6887405534062,195.61327751306277,11102.32148505134
2459663.93708761,2022.2284382959888,12453.402816789221,0.4266412,52.5326,130.1295,66.7731,762.1317949508884,194.20481344404345,11102.630585667075
2459664.89741237,2022.231067521889,12453.600137821657,0.4265943,52.5313,129.2938,67.3599,762.8290045477233,193.00939211995973,11103.116881877992
2459665.85774711,2022.2336967751132,12453.550378214488,0.4264652,52.5401,128.4698,67.9051,764.4082254591704,191.7840609592724,11103.926671270716
2459666.97815003,2022.2367642711297,12453.628965129163,0.4264828,52.5432,127.4977,68.5855,764.2341139197742,190.3880623932991,11103.880313566284
2459667.77844434,2022.2389553575358,12453.689105623078,0.426458,52.5444,126.8047,69.0578,764.5774570172716,189.37857128707657,11104.097992625851
2459668.89886472,2022.2420229013553,12453.814186885074,0.4264191,52.5471,125.8358,69.7168,765.1336497463099,187.96435551209927,11104.466829576295
2459670.81959331,2022.247281569637,12453.838071104452,0.4263374,52.5469,124.1643,70.8878,766.1648278487646,185.57073493070413,11105.028454440617
2459671.61990415,2022.2494727013,12453.905218671951,0.426264,52.5525,123.477,71.3348,767.1174645399706,184.54162753203542,11105.573662970233
2459671.77996914,2022.2499109353591,12453.873239729415,0.426342,52.5524,123.3373,71.4287,766.1277149566968,184.33806327068163,11105.029394915518
2459672.90040149,2022.2529785119502,12453.878689160641,0.4263168,52.553,122.3692,72.0922,766.4446788094829,182.92913569793006,11105.200893845447
2459674.82114333,2022.2582372165095,12453.963076357755,0.4262386,52.5556,120.698,73.2653,767.4669902393325,180.53790205660027,11105.793183410246
2459676.74191314,2022.263495997645,12454.043517335245,0.4261839,52.5598,119.063,74.3696,768.1943803475924,178.1140408478167,11106.226515911423
2459677.86235341,2022.2665635959208,12453.99498941893,0.4261939,52.561,118.0861,75.0526,768.041994298017,176.7158054684792,11106.117138296244
2459679.78310401,2022.2718223244624,12453.972978556028,0.4261843,52.5584,116.42,76.211,768.1489224712113,174.31496319350177,11106.160967046004
2459680.90356164,2022.2748899702672,12454.05181138961,0.4262057,52.5653,115.4809,76.8366,767.9276412800336,172.89711070383862,11106.089807951003
2459681.70386002,2022.277081067816,12453.939643448839,0.4261692,52.5578,114.7469,77.3753,768.3178487519617,171.9130155862351,11106.231049085585
2459682.82429864,2022.2801486615738,12453.874023915492,0.4261609,52.5619,113.7924,78.013,768.383561397045,170.4918818334816,11106.227390696306
2459683.78466715,2022.2827780072557,12453.989127820938,0.4261777,52.5676,112.9568,78.6058,768.2403855012044,169.30251738797486,11106.218994619876
2459684.90509428,2022.2858455695548,12453.964658049848,0.4262069,52.5702,111.9901,79.271,767.8626884328633,167.89669496025664,11106.00415508508
2459685.70539456,2022.2880366723066,12453.931309706893,0.4262158,52.5703,111.3037,79.7473,767.7327133951212,166.89779796960516,11105.915582450161
2459686.82580783,2022.2911041966595,12453.91481505302,0.4262338,52.5711,110.3252,80.428,767.4990785566742,165.49568920261015,11105.781879231674
2459687.62611085,2022.2932953069128,12453.921753168303,0.4262711,52.5704,109.6558,80.8737,767.0385281313211,164.4831895113906,11105.541465214861
2459689.06663444,2022.2972392455574,12453.860453526386,0.4263146,52.5712,108.4064,81.7367,766.4616158254657,162.6769715993148,11105.19918035074
2459691.78761131,2022.3046888742228,12453.80732866628,0.4264587,52.5728,106.0528,83.3534,764.6365452327855,159.25820527976668,11104.198773460792
2459694.66862371,2022.3125766562903,12453.76776118138,0.4266344,52.5761,103.5599,85.069,762.4257246504185,155.64130373547442,11103.000950558242
2459695.62895424,2022.315205897988,12453.756517002168,0.426702,52.5761,102.7268,85.6406,761.5774036843086,154.4332767243167,11102.543489726473
2459696.74933455,2022.3182733321014,12453.728898428579,0.4267917,52.5757,101.7563,86.3071,760.444470529118,153.02500044353565,11101.925025262432
2459698.66997241,2022.323531751978,12453.68764363561,0.4269363,52.5762,100.0919,87.4523,758.6200197061053,150.61276928792512,11100.930640827935
2459698.83002721,2022.3239699581384,12453.80435145796,0.4269499,52.5768,99.9529,87.5486,758.5175289834197,150.41231507016678,11100.944585320221
2459699.63028294,2022.3261609389183,12453.622279943407,0.4270003,52.5766,99.2587,88.0278,757.785530320888,149.40856198944476,11100.448418587366
2459700.75064867,2022.329228333114,12453.680931789559,0.4271965,52.5811,98.2978,88.6837,755.3757256123208,147.99930007895102,11099.200521691857
2459703.15141665,2022.3358012776182,12453.762870093215,0.4275089,52.5826,96.2239,90.1128,751.5321046388208,144.98824005745354,11097.201857435537
2459704.59184101,2022.3397449445856,12453.288856057268,0.4275885,52.5821,94.9771,90.9818,750.2694540290258,143.19071994916376,11096.251338303784
2459705.71216092,2022.3428122133328,12453.412824194349,0.4277886,52.581,94.0343,91.676,747.8484869102031,141.83790320020427,11095.03362239475
2459706.35232728,2022.3445648933066,12453.196147768673,0.4278545,52.5794,93.4782,92.0608,746.9038365631804,141.03563840964785,11094.403010804206
2459707.63266469,2022.348070266091,12453.093647049205,0.4280319,52.5796,92.3694,92.8354,744.636012424804,139.43950420718514,11093.133385910553
2459708.112785,2022.3493847638601,12453.085460903518,0.4281175,52.5796,91.9539,93.1205,743.5653460951571,138.83588501037826,11092.557322208071
2459708.5928906,2022.3506992213559,12452.939268706763,0.4281427,52.5795,91.5356,93.4111,743.1679272666242,138.23498031191008,11092.259635883738
2459709.55309439,2022.3533281160571,12452.742093445253,0.4283015,52.5798,90.7032,93.985,741.0776757095109,137.03007821945124,11091.028450051104
2459711.63343963,2022.3590237909098,12452.261812060373,0.4285615,52.5777,88.894,95.2357,737.5655114910605,134.4211352724729,11088.871507667121
2459712.11351256,2022.3603381589592,12452.21556026515,0.4287477,52.5792,88.4855,95.5186,735.2204788972558,133.82236277474283,11087.591196402034
2459712.75358159,2022.3620905724572,12451.967965671565,0.4288731,52.5766,87.9259,95.8991,733.5175631333077,133.01239391538292,11086.535878370329
2459714.67368097,2022.367347518056,12451.332248023467,0.4290889,52.5755,86.2517,97.0626,730.4674901845501,130.60919349981486,11084.532562482169
2459716.11366077,2022.371289967885,12450.774303296022,0.4293686,52.5746,85.0186,97.9369,726.666471773834,128.83111156139418,11082.171757278047
2459716.59362563,2022.3726040400543,12450.628936028525,0.429378,52.5782,84.6011,98.2357,726.4664847344684,128.23934558049854,11081.979696633627
2459717.71351205,2022.3756701219713,12450.113291026253,0.4296251,52.5775,83.6229,98.9172,723.0958233577703,126.83885609036207,11079.87273372397
2459718.35341148,2022.3774220711289,12449.861471446162,0.4296677,52.5758,83.064,99.3129,722.4218276912743,126.04495439357447,11079.36440530473
2459721.07273128,2022.3848671629837,12448.508257248153,0.4302134,52.5675,80.6893,100.9691,714.8568949693508,122.64622132589622,11074.516707822517
2459721.55255873,2022.3861808589456,12448.198076856133,0.4302842,52.5675,80.2701,101.2615,713.7988259145532,122.04649077957376,11073.767663530276
2459722.51216727,2022.388808123942,12447.650054199139,0.4304324,52.5677,79.4308,101.8524,711.6418670100738,120.85227538086673,11072.289589608587
2459723.63162806,2022.391873040547,12447.043052878478,0.4306062,52.5665,78.4493,102.5393,709.1328426420787,119.45430540309039,11070.587525831541
2459726.03019001,2022.3984399452706,12445.687910643688,0.4311824,52.5637,76.3497,103.9911,701.1900276813576,116.44241970258196,11065.525831557261
2459727.46910593,2022.4023794823547,12444.760859808139,0.4313259,52.5614,75.0909,104.8864,698.8768816666188,114.66068635229522,11063.74027690576
2459728.5881581,2022.4054432802188,12444.092978055909,0.4315412,52.5602,74.1037,105.5777,695.8178613940872,113.26181912123735,11061.703572867553
2459730.66614917,2022.411132509706,12442.791870916117,0.431999,52.5579,72.2776,106.8502,689.3819254722248,110.66009650582035,11057.476289764461
2459730.98581112,2022.4120076964268,12442.604645165633,0.4320804,52.5573,71.9961,107.0475,688.262753040608,110.26082928634335,11056.763515003642
2459732.26436346,2022.415508181957,12441.8012643404,0.4322558,52.5577,70.8699,107.8534,685.6242053819278,108.68035449549859,11054.87190653903
2459732.58398078,2022.416383246489,12441.544084173807,0.4323269,52.5576,70.5885,108.051,684.5935990496055,108.28153126397297,11054.16584761506
2459733.86237826,2022.4198833080359,12440.729633211566,0.4325877,52.5547,69.4624,108.8365,680.8867148587306,106.68090910706837,11051.68984806521
2459736.41877049,2022.4268823285154,12439.01128394292,0.4331002,52.5523,67.2034,110.4242,673.5367090649852,103.48996173449106,11046.716552014645
2459737.37727074,2022.4295065591787,12438.305351270836,0.4332722,52.5504,66.3549,111.0173,670.9971274539475,102.28983869569697,11044.931822880348
2459737.69675592,2022.4303812619303,12438.13588933511,0.4333596,52.5499,66.0742,111.2152,669.813995587203,101.89214570506408,11044.192811823359
2459739.93287731,2022.4365034286382,12436.49067295097,0.4338591,52.5506,64.0917,112.6065,662.669722426067,99.09696569026454,11039.366165293502
2459741.37012895,2022.440438409172,12435.361681614388,0.4340901,52.5514,62.8139,113.5125,659.1579857062306,97.30857269804991,11036.806014728018
2459741.52981203,2022.440875597618,12435.245921810925,0.4341373,52.5503,62.6725,113.6131,658.5055324799196,97.11038485746832,11036.384811855001
2459742.64752555,2022.4439357304582,12434.392253281945,0.4343814,52.5497,61.6808,114.3115,654.98723815218,95.71543703504005,11033.979662448506
2459743.92475986,2022.44743260742,12433.294539216391,0.4346485,52.5498,60.5457,115.1107,651.0454176877956,94.12066132880514,11031.201718018423
2459744.88256878,2022.4500549453248,12432.467819538233,0.4348256,52.5493,59.6944,115.7118,648.37624042683,92.92641968308874,11029.271528434117
2459745.36143311,2022.4513660044086,12432.012383675852,0.434895,52.5484,59.2677,116.0157,647.2560580771415,92.33163841294638,11028.398404201816
2459750.30818319,2022.464909468008,12427.405054779803,0.4358673,52.5542,54.8503,119.1337,632.5692675465789,86.1565915170955,11017.732236737018
2459750.4677048,2022.4653462143735,12427.262563243668,0.4359052,52.5514,54.7043,119.2414,632.017890160424,85.96106282550477,11017.34910557263
2459752.86019939,2022.4718965075701,12424.95167184448,0.4363706,52.5529,52.5603,120.7591,624.9317558307002,82.97665727476456,11012.145334787077
2459754.45481384,2022.476262323997,12423.45752257515,0.4366755,52.5537,51.1286,121.7677,620.3016971758852,80.98186336111723,11008.752146658711
2459756.36797179,2022.4815002649966,12421.744800522549,0.4370256,52.5557,49.4084,122.9805,614.9880260273012,78.58880460120972,11004.856999762762
2459756.8461924,2022.48280956167,12421.17793718862,0.4371238,52.5546,48.9816,123.2911,613.4491368085701,78.00125779879681,11003.687558317926
2459757.32438875,2022.484118791923,12420.777561586889,0.4372085,52.5551,48.5529,123.596,612.1717350518275,77.40613490769996,11002.75723758931
2459757.80255671,2022.4854279444487,12420.298521165772,0.4373065,52.5559,48.1217,123.9009,610.6849459195919,76.80853999850453,11001.666720656245
2459758.28069973,2022.4867370286925,12419.92736393169,0.4373828,52.5567,47.6935,124.2041,609.5284576986296,76.2122696707172,11000.819189730282
2459760.35237759,2022.4924089735518,12418.307586891155,0.4377775,52.5599,45.8226,125.5255,603.7156372709132,73.62086952135616,10996.699519731637
2459760.83039898,2022.4937177247914,12417.908630144284,0.4378952,52.5616,45.3936,125.8319,602.0297469655261,73.0271190750932,10995.54503491891
2459762.26432283,2022.4976435943324,12416.817940685512,0.438125,52.5638,44.0996,126.7533,598.5632804226725,71.24120604034775,10993.014386089622
2459762.42363487,2022.4980797669266,12416.672058597695,0.43816,52.5644,43.9557,126.8558,598.0467294025284,71.04278390638885,10992.64680556137
2459764.4944486,2022.5037493459272,12414.87857891413,0.4385316,52.5681,42.0831,128.1829,592.4257118971891,68.45623546624702,10988.52655904017
2459767.20173749,2022.511161498946,12412.625822562752,0.4389452,52.573,39.6407,129.9181,586.0269983527796,65.08066037945105,10983.71141009436
2459769.74901679,2022.518135569583,12410.170819928317,0.4393947,52.5787,37.3254,131.5814,579.0712355571595,61.91799495012609,10978.469904966278
2459771.18150286,2022.522057502697,12408.734097307579,0.4395751,52.5818,36.0236,132.5043,576.0272656101897,60.12719902911971,10975.966264752802
2459772.77286818,2022.5264144234914,12407.040941224066,0.4398207,52.5866,34.5803,133.5376,572.031209526238,58.148707543147594,10972.789682748982
2459773.25020586,2022.5277213028337,12406.432980350963,0.4398564,52.5877,34.1481,133.8482,571.2477327725173,57.55663097986982,10972.007874140789
2459773.40931226,2022.5281569124159,12406.284414711614,0.4398889,52.5875,34.0007,133.9535,570.7613104369775,57.35771153031223,10971.654222199242
2459776.27266703,2022.5359963505266,12403.487682136667,0.4403074,52.5946,31.3919,135.8215,564.0039698830442,53.79471381039309,10966.317704253908
2459776.74979231,2022.5373026483503,12402.941225348002,0.4403659,52.596,30.9574,136.1338,562.972550000527,53.202246593896405,10965.434089329538
2459777.70393677,2022.5399149535115,12401.79689369179,0.4404378,52.5903,30.0912,136.751,561.4404537873443,52.0128167358443,10963.93013593038
2459778.18095567,2022.5412209600818,12401.209854147493,0.440507,52.5923,29.6548,137.0652,560.253804926544,51.420454370587976,10962.93732344707
2459779.13489137,2022.5438326936887,12400.061688059983,0.4406153,52.5954,28.7825,137.6888,558.2684873569278,50.23153027202062,10961.180643686926
2459780.40658317,2022.5473143960846,12398.275763839047,0.4407751,52.5993,27.6189,138.5285,555.2882242053147,48.65421740950495,10958.507344746351
2459782.31360308,2022.5525355320462,12395.742827822924,0.4409251,52.6024,25.882,139.7739,552.0123818908169,46.28310846336561,10955.240842531324
2459783.42578221,2022.5555805125537,12394.586536058243,0.4410767,52.602,24.8671,140.5109,549.4869088692421,44.90901548071389,10953.17992146339
2459784.69663472,2022.559059917098,12393.248408856425,0.4411795,52.6063,23.7044,141.3408,547.464972461351,43.32362984468588,10951.292693157955
2459785.17315257,2022.560364551869,12392.810380973719,0.4412289,52.6059,23.2702,141.652,546.6079886681036,42.73096132716546,10950.56692362065
2459786.28492409,2022.5634084163994,12391.862153401322,0.4413416,52.6069,22.2501,142.3847,544.6815836397373,41.34777009618867,10948.95621963542
2459788.66687241,2022.5699298354828,12390.050062712686,0.4415869,52.6161,20.0641,143.965,540.6299646745847,38.39435922618239,10945.672431031333
2459789.1431967,2022.5712339403153,12389.588805500178,0.4416489,52.617,19.6273,144.2793,539.6042380987101,37.80238148651526,10944.839477563548
2459790.25454261,2022.5742766395897,12388.914369227889,0.4417173,52.6177,18.6161,144.9992,538.3802641213424,36.41570974770417,10943.774242300671
2459791.68324996,2022.5781882271326,12388.048535337746,0.441879,52.6233,17.3027,145.9512,535.8937365912379,34.64613823225983,10941.899350104468
2459792.1594514,2022.5794919956193,12387.709331726463,0.4419215,52.625,16.8649,146.2686,535.1779422859054,34.056381577071164,10941.307912123086
2459805.16463557,2022.6150982493355,12372.209261006421,0.442414,52.6288,4.9276,154.8502,520.4343730075261,17.88243023922422,10924.237586856188
2459806.27346674,2022.6181340636272,12370.498722934619,0.4423328,52.6297,3.881,155.5742,520.4850854225251,16.466937094238915,10923.284757058631
2459807.22369555,2022.6207356483235,12368.994247288034,0.442394,52.6296,3.0276,156.2155,518.8891062532921,15.318266603584874,10921.536153901623
2459807.54040233,2022.62160274423,12368.460374069218,0.4423678,52.6322,2.7289,156.4226,518.9154690050409,14.914512077215534,10921.244618656881
2459812.13044506,2022.6341695963308,12360.948297172687,0.4421098,52.6299,358.4959,159.4012,517.9156176993292,9.136045320883454,10916.380921078337
2459812.92144383,2022.6363352329358,12360.127668456415,0.4420401,52.634,357.7654,159.8974,518.3192978791731,8.122116143134917,10916.133962635324
2459821.14336552,2022.6588456277073,12352.71630573177,0.4420162,52.6361,350.1414,165.2923,514.4792845941738,357.7892740254106,10909.752151720204
2459821.93342635,2022.661008696372,12351.948162761468,0.4421445,52.6255,349.4297,165.9414,512.4659183113808,356.9479693060655,10908.194859234962
2459824.14549525,2022.667065010951,12349.742818042916,0.4420435,52.6215,347.3881,167.3723,512.4829786553619,354.15699605760426,10906.93905665588
2459825.09334259,2022.6696600755376,12348.72509539835,0.4419893,52.6206,346.5111,167.9854,512.5844345908008,352.95887280642705,10906.411351555655
2459826.1989868,2022.6726871644078,12347.630044386704,0.4419886,52.6207,345.4826,168.7464,511.98202775028767,351.60162081321937,10905.448993221105
2459826.83070662,2022.6744167190147,12346.770312661238,0.4419588,52.6192,344.8995,169.1605,511.8702214018522,350.809981154704,10904.893667148714
2459827.14654111,2022.6752814267209,12346.208816538589,0.4419416,52.6183,344.6065,169.374,511.76923822341723,350.41918638051027,10904.51547007258
2459831.0926909,2022.68608539603,12339.83580588175,0.4416345,52.6165,340.9461,171.9652,512.0022896690671,345.4605574291911,10900.986600590619
2459832.1970794,2022.6891090469544,12338.182815658634,0.4415924,52.6135,339.9226,172.7117,511.59875445317994,344.0950430964442,10899.814056301506
2459833.14353456,2022.6917002999596,12336.83001489708,0.4415201,52.6122,339.0447,173.335,511.73529303671967,342.9075920145665,10899.112917298611
2459833.93211542,2022.6938593166865,12335.578980273453,0.4414648,52.6108,338.3123,173.8578,511.7187728628287,341.9207459928373,10898.385382250028
2459840.07881193,2022.7106880545655,12326.186403963598,0.4409385,52.6064,332.5986,177.8953,512.9599602794951,334.18620035644244,10893.676216027701
2459841.02389084,2022.7132755396028,12325.104501189082,0.4409059,52.6101,331.7147,178.5401,512.7569084982588,333.01560574302613,10892.942174608048
2459843.07115283,2022.7188806374538,12322.820207952967,0.4407784,52.6121,329.8057,179.9077,513.0509332037909,330.4563705166032,10891.791706730262
2459845.74752791,2022.726208153073,12320.186600881827,0.4406033,52.597,327.3184,181.6877,513.7354279175106,327.11116489370346,10890.655780762081
2459850.4684796,2022.739133414373,12315.353684722537,0.4402933,52.5823,322.9215,184.8049,514.8496702088914,321.17837082565575,10888.491469401462
2459851.09773197,2022.7408562134697,12314.763613327696,0.440292,52.5712,322.3353,185.227,514.5354124884179,320.39406315093083,10887.978599046233
2459851.8842752,2022.743009651471,12315.292201921839,0.4400006,52.5484,321.6037,185.818,518.4199439009071,319.4782254703797,10890.425660986706
2459852.98520873,2022.7460238432038,12313.07601190283,0.4401855,52.5616,320.5729,186.4844,514.9021910653764,318.0287164466077,10887.210116170132
2459853.61428194,2022.747746151786,12312.331854460708,0.4401405,52.5594,319.9863,186.8938,515.0396558724442,317.2314853570694,10886.857794690717
2459855.02949948,2022.7516208062425,12310.820284918056,0.4400246,52.5559,318.6651,187.8301,515.6202133751021,315.45170975273743,10886.308207678652
2459855.97283506,2022.754203518303,12309.675328763333,0.4399365,52.5538,317.7843,188.4533,516.0635484908435,314.264333410883,10885.893726694778
2459856.60164589,2022.7559251085288,12308.73923140436,0.4398736,52.5524,317.197,188.87,516.3134942252918,313.47396092962026,10885.492722574658
2459856.91601992,2022.7567858177133,12308.332547869308,0.4398784,52.5515,316.9026,189.0852,516.0266200446331,313.08490562320287,10885.100495713397
2459857.85907119,2022.7593677513757,12307.124595527372,0.439777,52.5445,316.0233,189.703,516.5979622801306,311.89390950472057,10884.720055183341
2459858.01623381,2022.7597980391793,12306.987526728264,0.4397645,52.5434,315.8769,189.8065,516.6750105303727,311.6961058954695,10884.683606231114
2459862.25819143,2022.7714118861875,12301.640848910683,0.4393902,52.538,311.906,192.616,518.2841159796471,306.35372097247557,10882.490982885218
2459863.04344146,2022.7735617836004,12300.728301066494,0.4393263,52.5265,311.1725,193.144,518.5585492536648,305.3742579039,10882.116384160776
2459863.82861192,2022.7757114631625,12299.913893753579,0.4392533,52.525,310.4378,193.6633,518.9998262064692,304.38497326148183,10881.890067335518
2459863.98563858,2022.7761413787264,12299.77822384254,0.4392395,52.5245,310.2908,193.767,519.0934866910547,304.1869036584953,10881.863444152616
2459865.08474931,2022.7791505799037,12298.736228423772,0.4391456,52.5214,309.2627,194.4932,519.6640281508771,302.80169123468283,10881.576986886896
2459865.86975955,2022.7812998208074,12298.278605514735,0.4391004,52.5181,308.5263,195.0163,519.9632505217724,301.81466450938683,10881.477891673869
2459868.22446565,2022.787746654757,12296.504160819912,0.4389078,52.5115,306.3225,196.5726,521.3362719035986,298.8463042874357,10881.210274386785
2459868.85230684,2022.7894655902533,12296.121519343395,0.4388672,52.5089,305.7352,196.988,521.6207972894126,298.05558750882085,10881.146124108822
2459871.20648568,2022.795910980643,12294.93752783291,0.4386998,52.5025,303.5288,198.5442,523.0145933601179,295.0850469685371,10881.229548607796
2459871.83421932,2022.7976296216843,12294.673622154069,0.4386574,52.5011,302.9409,198.9591,523.3877572113824,294.2933361936324,10881.282407508706
2459875.91411402,2022.8087997645991,12293.224594239775,0.4383652,52.489,299.1219,201.6458,526.1664363409373,289.1397847443128,10881.972686040966
2459876.85553622,2022.8113772381112,12292.894237403956,0.438273,52.4852,298.2395,202.2671,527.114301294212,287.95079427995495,10882.302377579852
2459877.79692531,2022.813954620972,12292.718080181847,0.4382521,52.4776,297.3566,202.8928,527.2722668341848,286.7657364500586,10882.28743392064
2459879.83654623,2022.8195387987137,12292.286205194658,0.4381241,52.4725,295.4461,204.2409,528.603074601333,284.1930324631177,10882.768443402087
2459880.15031638,2022.8203978545653,12292.196065563941,0.438132,52.4793,295.1464,204.459,528.4553189662811,283.8021723565049,10882.63536518292
2459883.75857652,2022.8302767324292,12291.192536008537,0.4378864,52.4715,291.7673,206.8311,530.9101847088878,279.2387763254675,10883.402469313698
2459885.79787729,2022.8358600336478,12290.80338867033,0.4377341,52.4592,289.8594,208.1628,532.5633290537726,276.65258788683116,10884.083934491155
2459886.73905186,2022.838436829185,12290.619204546705,0.4377122,52.4541,288.978,208.792,532.7289331623169,275.47274149339637,10884.068332970559
2459889.09192125,2022.8448786344966,12290.071965577901,0.4375203,52.45,286.7759,210.3317,534.7796921766685,272.49129158123714,10884.875779541751
2459889.71933588,2022.846596402136,12290.01259800473,0.4374741,52.4474,286.1889,210.7418,535.3140977039493,271.69599523108366,10885.134160213116
2459890.81730128,2022.8496024675699,12289.888477474307,0.4374004,52.4471,285.1599,211.4647,536.1500414716538,270.3077116748781,10885.520197078573
2459891.75840285,2022.8521790632444,12289.78014941608,0.4373398,52.4462,284.2784,212.0836,536.8338568264817,269.11753723202025,10885.831980576802
2459894.73849535,2022.860338111841,12289.457210960232,0.4371546,52.441,281.4888,214.0432,538.9281596857973,265.3502797372811,10886.79155458913
2459896.77750761,2022.8659206231625,12289.414641804795,0.4370127,52.4353,279.5825,215.377,540.6480677701493,262.76807566145095,10887.707804667374
2459897.71860106,2022.8684971966054,12289.414577520636,0.4369243,52.4301,278.7027,215.9837,541.7344158276355,261.5674092220792,10888.30185203037
2459900.6987445,2022.8766563846682,12289.484467755909,0.4367382,52.4232,275.9168,217.9343,544.060842380235,257.7948015194526,10889.614019504386
2459902.7378338,2022.8822391069125,12289.566406193711,0.4366298,52.4203,274.0113,219.2733,545.4391841706329,255.21852151149784,10890.41458039358
2459903.67896545,2022.8848157849413,12289.614839614112,0.4365868,52.4174,273.1312,219.8904,545.9949235544746,254.02791742114454,10890.746205494006
2459903.99268065,2022.8856746903496,12289.633122807947,0.4365645,52.4114,272.8398,220.0925,546.2792833658568,253.62941147413187,10890.912118516999
2459906.97300388,2022.8938343706507,12289.783569588903,0.4364045,52.4065,270.0551,222.0453,548.330415794243,249.86002656579575,10892.119345177456
2459909.9534292,2022.9019943304593,12289.958014416403,0.4362538,52.41,267.2696,223.9985,550.280828786792,246.09014103469121,10893.28501501713
2459911.67897787,2022.9067186252428,12290.027873803007,0.4361754,52.4143,265.6573,225.1309,551.2837499358302,243.90949491260932,10893.872767162675
2459912.4633363,2022.9088660815883,12290.103752019633,0.4361067,52.4184,264.9233,225.637,552.1708620687314,242.90851062823538,10894.40070861959
2459912.9339489,2022.9101545486656,12290.087897348856,0.4360728,52.4179,264.4838,225.9419,552.5785557058271,242.31006248041035,10894.613945993902
2459913.71831054,2022.912302013799,12290.130626639208,0.4360315,52.4177,263.7517,226.4545,553.1102343097737,241.31747503237006,10894.928702684372
2459914.97329891,2022.9157379846956,12290.1599960087,0.4359707,52.4174,262.5808,227.2747,553.8740394367906,239.72982550957965,10895.362290549609
2459915.60079856,2022.9174559851056,12290.192605987044,0.4359413,52.4173,261.9954,227.6846,554.253764082664,238.93584536196585,10895.588248809312
2459917.95395745,2022.9238985830257,12290.288135437528,0.4358024,52.4171,259.8013,229.2207,556.0147693223271,235.95851011077605,10896.603686381279
2459920.93468847,2022.9320593797943,12290.349872444898,0.4356603,52.4175,257.0225,231.1666,557.7960599105918,232.1877232740611,10897.610249616575
2459921.87597873,2022.9346364920743,12290.33545721508,0.4356245,52.4175,256.1447,231.7831,558.2279188334887,230.99866285323748,10897.837207641138
2459923.60169672,2022.939361250431,12290.352302849093,0.4355246,52.4183,254.5375,232.9025,559.4652322916636,228.80994984488228,10898.521014839594
2459926.58249637,2022.9475222350998,12290.31160338169,0.4353988,52.4197,251.7613,234.8472,560.9883796432259,225.0404953640861,10899.326940599805
2459927.8375807,2022.9509584687198,12290.316039800164,0.4353373,52.4202,250.593,235.6645,561.7467388868672,223.45245126084075,10899.74240627057
2459929.87709759,2022.9565423616425,12290.267432303086,0.435251,52.4212,248.6947,236.9942,562.779942125735,220.87364980872815,10900.276660672329
2459930.50464192,2022.9582604843802,12290.254097473215,0.4352331,52.4207,248.111,237.402,562.9924068422442,220.0792256231353,10900.384570800255
2459933.79926048,2022.967280658398,12290.15411954901,0.4351157,52.4176,245.0459,239.5491,564.3788067135583,215.9139629767276,10901.08105926609
2459934.5836914,2022.96942831321,12290.128453518577,0.4350933,52.4188,244.3163,240.0607,564.6396072532825,214.92280724434528,10901.208073996486
2459935.83877995,2022.9728645583848,12290.09018617895,0.4350645,52.4166,243.148,240.8789,564.9719443740987,213.3356589814731,10901.36669125246
2459936.78009655,2022.975441742779,12290.05361645935,0.435029,52.42,242.2722,241.4915,565.387581744656,212.14467259958337,10901.57158888616
2459944.46747809,2022.996488646379,12289.666822178133,0.4347962,52.4374,235.1252,246.4941,568.0300886290042,202.4233873035261,10902.78425195545
2459945.72253589,2022.999924807365,12289.562819028117,0.4347632,52.4357,233.9586,247.3101,568.3768612264312,200.83576934860628,10902.912435609525
2459956.38995404,2023.029130606543,12288.309258532896,0.4344945,52.436,224.0563,254.2456,570.9701714012745,187.35488164452505,10903.594384403948
2459958.42911461,2023.0347135239151,12287.868195328341,0.4344458,52.4309,222.1619,255.5706,571.3191669143634,184.77563139059743,10903.528030891648
2459962.35021351,2023.0454489076249,12286.742188752161,0.4344052,52.4401,218.5159,258.1311,571.1811908988402,179.8253932550479,10902.799772408964
2459965.01635642,2023.052748409089,12286.152120806913,0.4340826,52.4164,216.0599,259.8196,574.8109642115342,176.43007272794694,10904.427452347889
2459967.36862213,2023.0591885616147,12285.466673212615,0.4339155,52.42,213.8757,261.3395,576.4759589722262,173.44731781869575,10904.93259600865
2460090.31363389,2023.395793658836,12152.716424528675,0.429869,52.4656,98.3361,342.5228,550.5040678329569,17.913182818999132,10813.61802823645
2460091.39359618,2023.3987504344416,12150.863326576497,0.4297495,52.4662,97.3017,343.2589,550.89958741191,16.550443601035283,10812.74762019947
2460092.31909729,2023.4012843183841,12149.433495768537,0.4297117,52.4711,96.4178,343.865,550.5434742648968,15.360445381703414,10811.721420027261
2460092.62755627,2023.402128833046,12148.877101822447,0.4297355,52.479,96.1285,344.0498,549.9370260322257,14.951920103504108,10811.071301777474
2460093.39860097,2023.4042398383845,12147.221601988944,0.4295867,52.4707,95.3864,344.6064,550.8004598218004,14.00645818159137,10810.566789494838
2460094.32369508,2023.4067726080216,12145.681768980323,0.4294866,52.4768,94.5009,345.2365,551.1379013389787,12.839261112225358,10809.847739412062
2460094.63201518,2023.40761674245,12145.148910119196,0.4294745,52.4845,94.2103,345.4408,550.9808545202095,12.449072718020943,10809.452204677556
2460095.7109506,2023.4105707066392,12142.985929890603,0.4293821,52.4679,93.1661,346.1717,550.8688310437228,11.072345609873764,10808.12802940312
2460096.63551539,2023.4131020270772,12141.062801655875,0.4292893,52.4684,92.2797,346.8014,550.8981502769857,9.904370252192734,10807.01958305404
2460104.33153613,2023.4341725835184,12124.563720364627,0.4282838,52.4512,84.8754,352.0669,553.6731968647273,0.180169933423997,10798.851123041039
2460105.56149989,2023.4375400407664,12122.53492172867,0.4277134,52.4438,83.6787,353.0754,559.4279937373658,358.7796853240851,10800.732810471281
2460106.63752623,2023.4404860403283,12121.018686493095,0.4274984,52.4732,82.6691,353.8215,561.166291647196,357.4556254817698,10800.770565481489
2460106.79103514,2023.4409063248183,12119.852278804681,0.4280537,52.4753,82.5248,353.6993,553.7683674089058,357.0378230653647,10796.143218915415
2460107.55932833,2023.4430097969341,12118.197300603078,0.4279874,52.4763,81.7842,354.2237,553.6252452309482,356.06437310369023,10795.09761526142
2460108.48109182,2023.4455334478307,12116.63973163046,0.4279041,52.4775,80.8966,354.8469,553.7436122428862,354.8914587809427,10794.248448228413
2460109.55623156,2023.4484770200143,12114.556118518934,0.4278055,52.4791,79.862,355.5787,553.7460809578815,353.52897279489014,10793.029187660388
2460110.01692461,2023.449738328843,12113.747545042976,0.4277564,52.4775,79.4179,355.894,553.8782046665538,352.9461016165309,10792.62591483288
2460111.24523145,2023.4531012496923,12111.724110484276,0.427641,52.4801,78.2348,356.7291,554.11800015267,351.387450110816,10791.568134308265
2460111.55225563,2023.453941836085,12111.057327534207,0.427609,52.4801,77.9391,356.9373,554.123914764632,350.9973390094191,10791.180555624931
2460113.24037757,2023.4585636620673,12107.235295998746,0.4273579,52.4817,76.3125,358.094,554.9763450948421,348.8635816558171,10789.394487697407
2460114.92783241,2023.4631836616295,12104.183371178899,0.4271711,52.4784,74.6855,359.2382,555.4897459106996,346.7175818133516,10787.878458615096
2460118.76052782,2023.4736770097738,12096.967324916066,0.4266608,52.4763,70.9859,1.8488,557.5292684935166,341.8509764814522,10784.730259775586
2460121.21157814,2023.480387619822,12092.150411950546,0.4263971,52.4774,68.6178,3.5142,557.9562435310281,338.7324568640328,10782.129929475746
2460121.82411625,2023.4820646577687,12090.979320542425,0.4263262,52.4785,68.0252,3.9385,558.1417525369907,337.9604232032523,10781.54092869899
2460123.20203012,2023.485837180342,12088.755571947,0.4261913,52.4772,66.6923,4.8792,558.4968193566656,336.2101150768449,10780.423736857692
2460127.18090884,2023.496730756578,12083.939961345559,0.4258738,52.4784,62.844,7.6018,559.5702310354727,331.1627276318873,10778.164780272533
2460129.32247724,2023.5025940513076,12081.745480810623,0.4256465,52.479,60.7718,9.0686,561.0565030127636,328.44654152925153,10777.663266584183
2460132.83952845,2023.5122232127305,12078.236481909216,0.4253449,52.4745,57.3647,11.4671,562.6838933351883,323.97144341702557,10776.462753150909
2460133.29816089,2023.5134788799182,12077.76087094572,0.4253439,52.4727,56.9185,11.7777,562.4226588302708,323.3838032294549,10776.044798156894
2460137.27189129,2023.524358360821,12073.914652689573,0.4250986,52.4768,53.07,14.4974,563.1741373117493,318.33839010445456,10774.180857691847
2460141.3963203,2023.5356504320334,12069.36026587876,0.4247863,52.4685,49.0683,17.3122,564.3250751691048,313.08634446799874,10772.110378668918
2460145.21322892,2023.5461005583027,12065.48722066389,0.4244699,52.4675,45.3635,19.9158,565.9147666574099,308.2230990110801,10770.671006051483
2460147.19732467,2023.5515327164132,12063.738005086994,0.4243162,52.4591,43.4339,21.2788,566.7622369728997,305.70092209125136,10770.088723062594
2460152.2319045,2023.5653166447644,12059.238702760582,0.4240391,52.4573,38.5433,24.7215,567.5136765568168,299.2908078848496,10767.835567663682
2460153.29948152,2023.5682395113483,12058.3244044415,0.4239549,52.4564,37.5049,25.4583,568.002387388944,297.9369759146156,10767.554778405296
2460154.06197254,2023.5703270979873,12057.825729183338,0.4238981,52.4554,36.7631,25.9835,568.4000124514068,296.9688447245622,10767.470703276693
2460158.17853474,2023.5815976310475,12054.905148569895,0.4235285,52.45,32.7584,28.8063,571.17295335381,291.72955282288524,10767.211166422594
2460162.14128113,2023.5924470393697,12052.283796279133,0.4233083,52.4481,28.9024,31.5042,572.3157313586671,286.66566582690007,10766.267552441936
2460164.27454996,2023.5982876111161,12051.19768672672,0.4232193,52.4493,26.8281,32.9633,572.7619375886188,283.9478599982012,10765.861969280495
2460166.10285675,2023.6032932423002,12050.391796936256,0.4230951,52.4491,25.0508,34.2149,573.7937745723302,281.6201327719428,10765.929695931261
2460169.91131795,2023.6137202407942,12049.115632575782,0.4228455,52.4472,21.3446,36.8193,576.0650083614591,276.76461331405744,10766.371498548988
2460172.1961583,2023.6199757927452,12048.626156074204,0.4226961,52.4432,19.1194,38.3779,577.5825695436461,273.8460146117586,10766.880445166062
2460174.93775588,2023.627481877837,12047.93765691647,0.4225359,52.4382,16.4499,40.2445,579.1151759073791,270.3409239786994,10767.279412371747
2460176.91764675,2023.6329025236137,12047.460092952504,0.4224362,52.4365,14.5232,41.5967,580.040531634002,267.81499149909575,10767.483555480345
2460178.89745658,2023.638322947515,12047.202637149703,0.4223368,52.4372,12.5996,42.9438,581.089326424335,265.2871388946128,10767.882308675815
2460183.16146585,2023.6499971686521,12046.77638389828,0.4220325,52.4346,8.451,45.8602,584.5089296607284,259.8522192852323,10769.425320050797
2460184.22743202,2023.6529156249692,12046.678177420814,0.421955,52.4338,7.4152,46.5803,585.3857870672136,258.4858750110807,10769.82726974454
2460185.90248841,2023.657501679425,12046.534938257231,0.4218511,52.4375,5.7909,47.7175,586.5546233649857,256.3477954069761,10770.355609353723
2460187.1206947,2023.6608369464755,12046.477147212048,0.421768,52.4367,4.6063,48.543,587.522273786718,254.78799926883488,10770.828791002561
2460187.88206889,2023.6629214754007,12046.44066276731,0.4217177,52.4358,3.8661,49.058,588.1071132786046,253.8123688557078,10771.113798789196
2460189.10026344,2023.666256710308,12046.383398768463,0.4216516,52.4403,2.6862,49.8823,588.8702644643026,252.2560842890695,10771.479927729446
2460189.8616274,2023.668341211225,12046.320570597516,0.4216036,52.4391,1.946,50.3983,589.4121512795482,251.28146395901175,10771.72675261359
2460191.07978585,2023.6716763472962,12046.119151719626,0.4215197,52.4432,0.7663,51.2173,590.306320722515,249.72011497340688,10772.076163702879
2460191.84112804,2023.673760788611,12046.116363297073,0.4214694,52.4387,0.0241,51.7396,590.9106273280731,248.74981610010266,10772.391068756784
2460192.75473333,2023.6762621035732,12046.115311524072,0.4214156,52.4357,359.1385,52.3582,591.5580998489686,247.58234271365689,10772.729562431452
2460193.82060883,2023.6791803116498,12046.09185459983,0.4213297,52.4344,358.1013,53.088,592.5792873288392,246.22438780608354,10773.25043674226
2460195.95235735,2023.6850167210127,12046.132335598995,0.4211175,52.434,356.0315,54.534,595.1589017623846,243.49948043540036,10774.624627634583
2460198.08410957,2023.6908531405063,12046.182515388158,0.4209191,52.4363,353.9675,55.9678,597.5779125752388,240.76816941775985,10775.919767631138
2460200.06360045,2023.69627269117,12046.220061904145,0.4207526,52.4382,352.0507,57.2976,599.6053506858161,238.23013117882,10777.002052250638
2460200.97720365,2023.6987740004106,12046.094532939422,0.4206815,52.4391,351.1662,57.9123,600.3891156806667,237.05985985222145,10777.337417035013
2460201.73853182,2023.7008584033401,12046.067003592989,0.4206041,52.4391,350.4287,58.4232,601.3055330070629,236.08287479752687,10777.800018734753
2460202.95665695,2023.7041934481863,12046.074647220716,0.4205018,52.4443,349.2533,59.2394,602.5422751300393,234.52305865291896,10778.450671656878
2460203.71798826,2023.7062778597128,12046.113391427443,0.4204594,52.4441,348.5167,59.7484,603.0754825358963,233.5450705034031,10778.752125102179
2460204.78385792,2023.7091960518007,12046.153554627159,0.4203813,52.4466,347.4865,60.4635,604.0395633333719,232.17942135174707,10779.279396438109
2460205.69746319,2023.7116973667082,12046.198328917699,0.420309,52.449,346.6057,61.0726,604.9364554886288,231.00724798503734,10779.774212639293
2460207.98145797,2023.7179506036143,12046.105013944729,0.4201264,52.442,344.391,62.6272,607.0819804141802,228.0959826988706,10780.83879973881
2460208.89504986,2023.7204518818885,12046.131026993402,0.4200338,52.4414,343.507,63.2413,608.2125364274607,226.92562252014687,10781.444075699077
2460211.02678266,2023.726288248213,12046.258587135077,0.419811,52.4428,341.4471,64.6687,610.9704234113133,224.19203064330617,10782.957944453841
2460211.63585426,2023.7279557953732,12046.294850054499,0.4197496,52.4431,340.8584,65.0756,611.7311052620626,223.40991366564668,10783.375985553856
2460214.68121383,2023.7362935354693,12046.320974201995,0.4194824,52.4461,337.922,67.1017,614.9650407734052,219.49802723108252,10785.076566025366
2460215.89936213,2023.739628643751,12046.394394088371,0.4193845,52.4478,336.7486,67.9092,616.1870043208155,217.93148824960468,10785.756497597173
2460216.66071135,2023.7417131043119,12046.452746756628,0.4193342,52.4475,336.0143,68.4162,616.8268213576348,216.95378244771888,10786.124248221937
2460217.87887264,2023.7450482481588,12046.460990305191,0.4192883,52.4514,334.8413,69.2358,617.3845406638102,215.3997306628694,10786.419496124852
2460220.92429455,2023.7533861589322,12046.53947595383,0.4190806,52.4511,331.9075,71.2612,619.9321844474134,211.48968278442396,10787.791927898423
2460221.83792311,2023.7558875376044,12046.568512420823,0.4190168,52.4537,331.0308,71.8697,620.7176233654882,210.32098646242798,10788.217766203275
2460223.05609079,2023.7592226989455,12046.508140249356,0.4188976,52.4592,329.8645,72.6712,622.1184919184379,208.7555283796188,10788.910532485357
2460224.57879158,2023.7633916265029,12046.505363832599,0.4187867,52.4562,328.3979,73.6848,623.4528359808446,206.80171445897855,10789.602649716175
2460225.64467555,2023.7663098577689,12046.47893291439,0.4187041,52.4564,327.3724,74.3912,624.432513139509,205.43205120323705,10790.096185545823
2460226.86282361,2023.769644965394,12046.43332432705,0.4186278,52.4608,326.2108,75.181,625.3251439173309,203.85961245812598,10790.532985582975
2460227.92868893,2023.7725631455985,12046.325964223808,0.418565,52.4616,325.1867,75.8848,626.0192370084687,202.4887675845111,10790.829877032069
2460228.84227783,2023.775064415688,12046.258807280137,0.4185169,52.4632,324.3091,76.4898,626.5596146595572,201.31571035236107,10791.070723467632
2460230.82169369,2023.7804837609583,12046.181634821914,0.4184571,52.4644,322.4124,77.7831,627.2351018410764,198.7613460550039,10791.375754107235
2460234.62805814,2023.7909050188644,12045.687638067395,0.4183514,52.4647,318.7471,80.3216,628.2210507192076,193.88289320887287,10791.59438659349
2460236.75951917,2023.7967406411226,12045.214295468351,0.4182611,52.4701,316.7235,81.6972,629.0334145100333,191.13406919585702,10791.734987630496
2460237.97743105,2023.800075102122,12044.879966967676,0.4182299,52.4696,315.554,82.5022,629.2147228707809,189.56916323610585,10791.6305115684
2460238.1296746,2023.8004919222449,12044.87686136604,0.4182375,52.4684,315.4183,82.5724,629.1213750604602,189.35360799181552,10791.580215908076
2460238.7386072,2023.802159088843,12044.664768183236,0.4182228,52.4684,314.8318,82.9764,629.1750437722922,188.5709280165634,10791.482089474772
2460239.80424143,2023.8050766363588,12044.689563053484,0.4181894,52.4683,313.8062,83.6874,629.5917614938862,187.20601091086996,10791.713093014261
2460243.91402017,2023.816328597317,12043.29347312253,0.4181877,52.4721,309.8705,86.3641,628.7999751724074,181.8963049659235,10790.472859739866
2460244.67503161,2023.8184121330864,12042.996554854397,0.418194,52.4712,309.1405,86.8685,628.5513535936179,180.9206320888715,10790.167453795188
2460245.8925939,2023.8217456369616,12042.566237351133,0.4182592,52.4669,307.9811,87.6165,627.515816969637,179.30917069384213,10789.374375286972
2460246.34915067,2023.8229956212738,12042.325943567774,0.4182652,52.4734,307.5316,87.9491,627.3037743162104,178.7422763414615,10789.121581831067
2460247.87093079,2023.8271620281723,12041.543321274676,0.418267,52.476,306.0883,88.9279,626.826820915081,176.77786985793682,10788.409153368239
2460250.45764935,2023.8342440776185,12040.362406957422,0.4184896,52.4752,303.6439,90.5646,623.4596594147724,173.42063205733143,10785.959450730808
2460251.21835258,2023.836326769555,12040.324515181368,0.418462,52.4758,302.8639,91.1251,623.769937909542,172.45136296018836,10786.098107336673
2460253.19603166,2023.8417413597806,12038.86543219969,0.4185443,52.4809,300.9839,92.3888,621.9306270854731,169.8858104790071,10784.276362656963
2460253.65238949,2023.8429907994253,12038.656057955232,0.4186323,52.4776,300.5514,92.654,620.749483504499,169.26871220693755,10783.538387971954
2460254.41291459,2023.8450730036686,12037.895715006396,0.4186754,52.4792,299.8288,93.0952,619.7886113678078,168.2377186792828,10782.587702906365
2460255.78155776,2023.8488201444495,12036.031458650905,0.4188098,52.4775,298.5111,94.0326,617.0872306596111,166.5084479981595,10780.077026698244
2460257.14999472,2023.8525667206566,12034.84339080876,0.4189409,52.4745,297.2076,94.866,614.8189693042877,164.68958056367438,10778.192528064303
2460257.60610553,2023.8538154839978,12034.549628408115,0.418965,52.4755,296.7618,95.1684,614.3582433421079,164.09662576082087,10777.778595939399
2460258.21419811,2023.8554803507466,12033.901540465058,0.4190038,52.4827,296.1736,95.6201,613.5147661843448,163.3607737312612,10776.955327368967
2460258.82227999,2023.8571451882003,12033.744689043435,0.4190599,52.4718,295.6027,95.9951,612.7485430273628,162.5655322478674,10776.463670294088
2460260.19027605,2023.8608905572896,12032.308610245733,0.4190508,52.4799,294.2673,96.9502,612.0237612753708,160.8368993757624,10775.234595899037
2460260.64630723,2023.8621391026147,12032.152639951119,0.4193058,52.4674,293.8707,97.0777,608.8649515343022,160.1183230587328,10773.498159060982
2460264.59718537,2023.8729560174402,12028.897843597375,0.4199221,52.4693,290.0283,99.7528,599.5615004284937,155.05693372151637,10766.720985696318
2460265.81252801,2023.8762834442437,12027.97577301184,0.4201264,52.4683,288.8652,100.5042,596.5693122091579,153.44736007228903,10764.613769006233
2460266.72392696,2023.8787787185763,12027.341836244912,0.4202759,52.4673,287.9751,101.0989,594.4036214094285,152.25366131250252,10763.107949260404
2460267.6352709,2023.8812738423,12026.884034141627,0.4204071,52.4709,287.1123,101.6221,592.5602953118441,151.01581677198436,10761.874381332284
2460268.54649516,2023.8837686383574,12025.942936388645,0.4205369,52.464,286.2141,102.2522,590.4538743428666,149.84959019129013,10760.216938685326
2460268.85021956,2023.8846001904444,12025.693156072557,0.4206422,52.4624,285.9155,102.4603,589.0428303772524,149.45973143998003,10759.331806496766
2460270.52049241,2023.8891731482815,12023.530425620018,0.4208511,52.4594,284.305,103.538,585.2781201143662,147.28066661865813,10756.083876553314
2460272.34204735,2023.8941602939083,12020.873986404216,0.4212563,52.4582,282.5261,104.7362,578.8687881253254,144.90459419300498,10751.159125673934
2460272.64558425,2023.8949913326485,12020.504009713388,0.4213367,52.4573,282.2293,104.9296,577.688217923981,144.5020202465363,10750.322255764087
2460273.5560895,2023.8974841601641,12019.142633085812,0.4214645,52.4569,281.3363,105.5267,575.3643928036163,143.3087023408977,10748.30031916386
2460274.61806792,2023.900391698618,12016.076474920867,0.4216338,52.4568,280.3031,106.2695,571.5561897093776,141.97158849753805,10744.492559521916
2460274.76977475,2023.900807049281,12016.44987898689,0.4217109,52.4565,280.1557,106.3681,570.8456857144374,141.7732622588511,10744.340894605992
2460276.43797224,2023.905374325093,12013.366354630885,0.4220197,52.4534,278.5289,107.4423,565.3527896594651,139.5764429665888,10739.638513431419
2460277.34764689,2023.9078648785496,12011.95797468441,0.4221466,52.4519,277.6396,108.041,563.0144563284994,138.38924372217872,10737.579653778294
2460277.65082228,2023.908694927529,12011.230287657998,0.4222361,52.4516,277.3426,108.2632,561.5189547954069,138.01562608955345,10736.36494569385
2460278.4086824,2023.9107698354549,12009.68317916469,0.4223738,52.4513,276.6004,108.7463,558.9713579848185,137.0095592362449,10734.113797117227
2460280.3784333,2023.9161627195076,12005.287851218298,0.4227025,52.4502,274.6674,110.059,552.4863632886954,134.44782097723373,10728.11213115672
2460281.58990992,2023.9194795617248,12002.055430091668,0.4229345,52.4488,273.4766,110.8334,547.8358177935634,132.837357779054,10723.759563520385
2460281.7413101,2023.919894072827,12001.529811431536,0.4229442,52.4486,273.3277,110.9307,547.416086559474,132.63653378227292,10723.22869711528
2460282.49824655,2023.9219664518826,12000.203817980968,0.4231252,52.4485,272.583,111.451,544.478877457007,131.66607732229056,10720.901227903245
2460283.55776676,2023.9248672601225,11998.366106619937,0.4233703,52.4483,271.5369,112.1307,540.4779485504223,130.25538635587623,10717.711348447743
2460284.61701091,2023.9277673125532,11996.372046015445,0.4236245,52.4478,270.4924,112.8173,536.2786362081742,128.85346748084174,10714.323710896066
2460285.37344435,2023.9298383144421,11994.914406952663,0.4238168,52.4465,269.7426,113.3235,533.1318667240876,127.86430680085141,10711.805998201202
2460287.33961221,2023.9352213886657,11991.695540698647,0.4242206,52.4499,267.7857,114.6237,526.4349634061427,125.26970008032686,10706.376912397467
2460291.42063196,2023.9463946118003,11984.621842493214,0.425145,52.4538,263.7216,117.3198,511.28348926643685,119.8793397519184,10694.205974830722
2460291.57169925,2023.946808211499,11984.402177330745,0.4253258,52.4529,263.5671,117.473,508.9904337358039,119.72914386034773,10692.862969380281
2460293.08209953,2023.9509434620943,11980.885705875306,0.4256149,52.4544,262.061,118.4864,503.5059342577579,117.74775364608155,10687.89074983167
2460293.38409451,2023.9517702792887,11980.215649066215,0.4257373,52.4534,261.7654,118.6891,501.6546852150168,117.35719945603904,10686.51581726941
2460294.44079798,2023.9546633757152,11977.077301372552,0.4259326,52.4541,260.7053,119.3967,497.5133259979575,115.96318474256185,10682.47606863114
2460295.34621601,2023.9571422751812,11974.271495948755,0.4261165,52.456,259.7951,119.9955,493.70053604530676,114.75938093477242,10678.805296175853
2460296.25129237,2023.9596202392054,11970.752083482186,0.4262396,52.4563,258.8859,120.6057,490.20720371957304,113.56831388603558,10674.88452747976
2460296.55288597,2023.9604459574814,11969.345892172376,0.4262883,52.4557,258.5845,120.8144,488.8174796862313,113.17835530667787,10673.321108298062
2460297.30664947,2023.9625096494724,11966.02577091127,0.4264024,52.458,257.8253,121.3217,485.54736373285505,112.18352618996062,10669.635501614155
2460298.36135266,2023.9653972694325,11961.505846032242,0.4265707,52.4648,256.7491,122.069,480.9416242361749,110.81508300429374,10664.535877592625
2460299.41541922,2023.9682831463929,11955.966537721315,0.4267056,52.4673,255.6831,122.7883,476.1523626630187,109.42946729857033,10658.740063762361
2460300.46878143,2023.9711670949482,11950.69871128075,0.4268026,52.4718,254.614,123.4959,471.97312948947547,108.02974581867113,10653.427553572275
2460301.52138621,2023.9740489697738,11944.897507455635,0.426864,52.4738,253.5482,124.2114,467.91447783309195,106.64197088143794,10647.866108118638
2460302.27277387,2023.97610615707,11940.3538125088,0.4268678,52.4754,252.7894,124.7168,465.2649493415556,105.64798345481745,10643.79166009888
2460302.42300334,2023.9765174629435,11939.556552754415,0.4268702,52.477,252.6342,124.8199,464.7793591688278,105.44781334031455,10643.065734091424
2460303.62421894,2023.9798062120187,11932.267373218107,0.426898,52.4791,251.4205,125.6437,460.2699961260432,103.87396367329643,10636.391664859937
2460304.22438028,2023.981449364216,11928.312451885959,0.426941,52.4829,250.8017,126.0731,457.4905053653156,103.09302888224414,10632.593463626039
2460304.37438873,2023.9818600649696,11927.590326898266,0.4269399,52.4839,250.6484,126.1599,457.0898054913523,102.87867661093821,10631.95675828803
2460305.27400283,2023.984323074141,11921.700046032713,0.4269417,52.4878,249.7273,126.775,453.69286148942774,101.68599330920904,10626.694895057171
2460306.17297641,2023.9867843296647,11916.098888614204,0.4269186,52.4907,248.8078,127.3925,450.758333625472,100.49794132072338,10621.848570484648
2460307.37058724,2023.9900632094182,11908.578928832621,0.4270223,52.4947,247.5764,128.2272,445.2138649109793,98.92084460947336,10614.488496024824
2460309.31420587,2023.9953845472144,11895.516277658762,0.4270554,52.5023,245.5752,129.5874,437.33551549668846,96.36416300284361,10602.635865946922
2460309.46357807,2023.9957935060097,11894.666287010254,0.4270861,52.5028,245.4217,129.6936,436.4833516895633,96.16963783650368,10601.683962306974
2460310.35945375,2023.9982462799449,11888.868331366995,0.4270526,52.5091,244.4944,130.301,433.55989939905794,94.96673921986894,10596.728172051786
2460311.55285529,2024.0015136352908,11880.010905365501,0.4270537,52.5138,243.2622,131.1612,428.4719921888145,93.41849129527179,10588.826461476232
2460312.29802637,2024.0035538025186,11874.264163352154,0.4270267,52.5206,242.4855,131.6913,425.500022747623,92.43743109333883,10583.874877803664
2460312.446988,2024.0039616372349,11872.980896075464,0.4270208,52.5213,242.3319,131.7872,424.83479544860256,92.232910595416,10582.768331780484
2460313.34029272,2024.0064073722658,11865.741686044857,0.4269469,52.5276,241.3957,132.4153,421.5637569872324,91.04434598427395,10576.782242769454
2460315.12428091,2024.0112916657358,11849.783578662276,0.4266944,52.5433,239.529,133.6828,415.4109844351242,88.6868003351073,10564.148534749378
2460316.31148031,2024.014542040547,11838.175469988639,0.4265061,52.5516,238.2927,134.524,410.9851191681173,87.12156540305898,10554.984345499983
2460317.34875313,2024.0173819387544,11826.261842332648,0.4262052,52.5616,237.1994,135.2602,407.7112485688922,85.7421020483979,10546.251709172122
2460317.64484181,2024.0181925853806,11823.157127354245,0.426128,52.5625,236.8822,135.4795,406.842526989034,85.35236926302662,10543.967456741913
2460318.2366034,2024.0198127403155,11815.713619030112,0.425923,52.5645,236.2658,135.906,404.99312727194865,84.57921348645317,10538.614333853686
2460319.4183292,2024.023048129226,11798.842427240475,0.4254759,52.5723,235.0187,136.7627,400.583026552149,83.02407347866222,10526.362764841064
2460320.30283307,2024.0254697688433,11784.306454534972,0.4250188,52.5749,234.0822,137.4092,397.6183663962647,81.86228321638112,10516.245978966732
2460321.33239606,2024.0282885586864,11763.519182185211,0.4242312,52.5895,232.9654,138.1553,394.9310233037613,80.47681887287632,10502.59160205282
2460322.50566425,2024.031500791923,11739.210426920734,0.4234459,52.5912,231.7249,139.0326,390.15360240390055,78.95721490771422,10485.749452861875
2460323.38316653,2024.033903262232,11719.878125501846,0.4227276,52.5974,230.784,139.6829,387.42587321595147,77.80172559654841,10472.91093316521
2460324.25836711,2024.0362994308284,11698.025658087032,0.4218428,52.6092,229.8394,140.3259,385.1614600077546,76.63750490180553,10458.81742847032
2460325.27620002,2024.0390861054625,11670.841246300173,0.4207528,52.6165,228.7478,141.0715,382.1658135638854,75.28830203346013,10441.172809249607
2460327.58856576,2024.045417017823,11603.72630218891,0.4181364,52.6504,226.1842,142.7826,373.64965960632617,72.15667358374583,10396.941189761663
2460327.73239889,2024.0458108114715,11599.535645962105,0.4178919,52.6398,226.0359,142.9379,374.04735575327413,72.02190787026689,10394.657481459506
2460328.16348243,2024.0469910538807,11586.628491758971,0.4175737,52.6459,225.5598,143.313,370.22086192975894,71.49602060294899,10385.001943364052
2460331.15999584,2024.055195060479,11489.533187176881,0.4131274,52.665,222.2176,145.6121,364.75591434478247,67.49947822758418,10324.276164391695
2460331.44345932,2024.0559711411906,11481.12231377152,0.4127832,52.6549,221.9126,145.7634,363.771605501508,67.06638917137076,10318.738960083328
2460332.573251,2024.0590643422317,11439.6789608591,0.4107235,52.6762,220.6353,146.6991,362.9976791786876,65.61123679657817,10293.498195412929
2460336.06194604,2024.0686158686926,11300.095761278826,0.40429,52.7179,216.5946,149.4674,353.44374595140926,60.90028727061883,10204.49842922044
2460336.20014705,2024.0689942424367,11293.041043852767,0.4036396,52.7047,216.3179,149.578,356.5861741284534,60.5979727228264,10201.787743811708
2460338.12386148,2024.0742610855032,11201.253107715758,0.399724,52.7067,214.1709,151.2681,345.70711048718476,58.245009218855216,10140.580877352453
2460340.2960466,2024.0802082042442,11114.477944947423,0.3951409,52.7356,211.5257,153.019,344.55682675074695,55.209746472071515,10086.928634083175
2460343.1043049,2024.0878967964406,10976.563234399027,0.3877566,52.746,208.0669,155.3807,342.19209494345705,51.3447532813866,10000.705075935603
2460346.25243049,2024.096515894566,10825.445001517646,0.3800431,52.7624,204.0903,158.1792,333.17302426137576,47.06377795625451,9902.248992931685
2460346.25243049,2024.096515894566,10825.445001517646,0.3800431,52.7624,204.0903,158.1792,333.17302426137576,47.06377795625451,9902.248992931685
