jd,year,a_km,e,i_deg,raan_deg,argp_deg,hp_km,azimuth_deg,lambda
2457296.42101037,2015.7465325403693,24373.62121316677,0.728316,6.0713,143.2671,178.8781,243.78660567800216,132.9334854670388,15823.87161952441
2457296.58779068,2015.746989159973,24350.641694133843,0.72838,6.2825,141.0149,181.1285,235.9849969606339,132.7673024097404,15807.159147536764
2457297.90493061,2015.7505952925674,24368.71698008034,0.728444,5.9602,143.4242,179.291,239.33500824269686,132.0408946757692,15817.097351920856
2457306.18927502,2015.77327659143,24338.351681866385,0.7277785,5.9937,140.0628,186.0324,247.28630236518984,127.25562708520579,15816.018178819151
2457313.58791303,2015.7935329583295,24320.412377295284,0.7272879,6.0335,136.9059,192.2339,254.33443227818952,123.00793500140219,15818.062942742563
2457316.19845929,2015.8006802444627,24314.273480696484,0.7272649,6.0137,135.9029,194.2889,253.21950918510356,121.48691199346052,15814.71196904789
2457317.93832029,2015.8054437242706,24307.7575114073,0.7274614,6.0207,135.0962,195.7768,246.66590129842916,120.45325926258965,15804.99093242144
2457320.11338637,2015.8113987306497,24301.203207323488,0.7272431,6.0173,134.2711,197.4831,250.18455309961064,119.19065696613472,15806.818615895989
2457323.1569265,2015.8197314893912,24293.4581468087,0.7270872,6.0232,133.0099,199.9835,251.85938452837308,117.43006381915859,15806.125942958395
2457327.06923106,2015.8304427955095,24285.64443962144,0.7269507,6.0298,131.3959,203.1864,253.0419142875271,115.162893616558,15804.843794651299
2457330.11164669,2015.838772475537,24278.781573237065,0.7268816,6.0358,130.1452,205.6789,252.8456772319896,113.40600880663004,15802.300963060816
2457332.28432768,2015.8447209518954,24272.71169362011,0.7268047,6.0392,129.2555,207.4542,253.05445295205482,112.15015731767164,15800.489880528541
2457334.0221586,2015.849478873648,24268.43154032875,0.7267273,6.0416,128.5383,208.8803,253.76351179079757,111.14620548672792,15799.856381736969
2457334.89094951,2015.8518574935251,24265.949948237983,0.7266854,6.0421,128.1806,209.5901,254.10210372268375,110.64200233096926,15799.40579419763
2457340.97090245,2015.8685034974674,24253.488747909345,0.7265096,6.0516,125.696,214.5451,254.96003906122678,107.1198409117867,15796.176614376422
2457344.00943124,2015.8768225359074,24245.174630686106,0.7265493,6.0339,124.1799,217.3135,251.72367438335823,105.37728707336527,15789.659271586366
2457347.04854878,2015.8851431862558,24240.231757483947,0.7263208,6.0557,123.2023,219.5161,255.91093520280083,103.60685294792734,15792.782365875017
2457349.21830457,2015.891083653853,24235.538069330792,0.7262835,6.0578,122.3173,221.2892,255.5303559539825,102.35638461289557,15790.759085601298
2457355.29178266,2015.9077119306228,24224.87997838265,0.7261062,6.062,119.8348,226.2439,256.90813182314105,98.84240497582505,15788.729521632205
2457358.32769345,2015.9160238013683,24219.20970090502,0.7261149,6.0644,118.5923,228.7279,255.14437085334066,97.09163150738539,15784.79282706807
2457360.06217033,2015.92077254026,24216.084112835448,0.7260818,6.0652,117.8847,230.1401,255.0898712364824,96.08668550639578,15783.672695552877
2457363.96375731,2015.9314545032446,24208.767918590544,0.7259833,6.0658,116.2674,233.3512,255.4703961180494,93.83497883197128,15781.631523879163
2457366.99742395,2015.939760229843,24203.679389397228,0.7259346,6.0667,115.0209,235.834,255.25477332690753,92.08121725655809,15779.662251182788
2457369.59714657,2015.9468778824646,24199.10354463991,0.7259236,6.0664,113.953,237.9622,254.26688274214575,90.57916231272304,15776.983392939068
2457372.62940895,2015.9551797644078,24192.698491312083,0.7258954,6.0659,112.6823,240.479,253.19364288170254,88.83658481315547,15773.587584284243
2457374.79469822,2015.9611080033408,24187.871472103594,0.7258426,6.0675,111.8065,242.2374,253.1476543260933,87.58501879732682,15771.90047630507
2457376.52651309,2015.965849454045,24184.153136046232,0.7258286,6.0678,111.0912,243.6615,252.46682312418488,86.58689654384398,15769.862957629355
2457379.12340835,2015.9729593657773,24177.34602698359,0.725776,6.0679,110.0201,245.7953,251.87223690354767,85.09002832016864,15766.87789072103
2457381.28679677,2015.9788824004656,24172.53566008205,0.7257085,6.0673,109.1058,247.5983,252.18476500739598,83.84643583238636,15765.605668051361
2457385.61214022,2015.990724545435,24164.0132515419,0.7257158,6.0683,107.3083,251.1676,249.6707434885675,81.35506364340984,15759.845669848837
2457387.77406094,2015.9966435617794,24159.68491630544,0.725706,6.0681,106.4048,252.9567,248.72031443308515,80.10981775943765,15757.29328802529
2457392.09589611,2016.0084761016014,24148.87046509642,0.7256409,6.0678,104.5713,256.5702,247.3260668204348,77.63010342346962,15752.036333679747
2457394.68786589,2016.0155725281043,24143.720911241617,0.7256092,6.0681,103.4884,258.711,246.67859581231733,76.13328988245081,15749.551775073265
2457397.71078108,2016.023848818837,24136.777348896903,0.7256175,6.0681,102.2163,261.2272,244.5730109337037,74.39792521871152,15744.79343545841
2457399.86924173,2016.0297583620256,24131.185636949427,0.7256004,6.0683,101.2966,263.0383,243.4513863046668,73.16188967078978,15741.617309545476
2457404.18373469,2016.041570799972,24117.791106229226,0.7255275,6.0692,99.4591,266.6619,241.53411940450133,70.69551201001457,15734.888028313662
2457405.477432,2016.045112750171,24114.284919917707,0.7255314,6.0696,98.9143,267.741,240.477721970924,69.9547099384132,15732.493106416976
2457408.92584855,2016.0545540001374,24103.807388321864,0.7254617,6.0706,97.4391,270.6426,239.2820039173248,67.9822599505581,15727.57623651207
2457411.51064384,2016.0616307839557,24095.611372201438,0.725414,6.0714,96.3219,272.8306,238.18124424730377,66.50541777593196,15723.540900223936
2457415.38559305,2016.0722398167013,24083.50053983346,0.7254289,6.0735,94.6743,276.0788,234.49693507266602,64.28676598752293,15715.22823844544
2457418.82728222,2016.0816626481044,24069.822313912562,0.7253194,6.0758,93.1705,279.0218,233.37693507889162,62.3337466824226,15709.312028551827
2457420.97680403,2016.087547718084,24060.431469041992,0.7252711,6.077,92.2416,280.8446,231.95957101529166,61.109021489812505,15704.509608606613
2457424.84281387,2016.0981322761668,24043.415859805173,0.7251758,6.0802,90.5652,284.1289,229.57622893826738,58.90648057993832,15696.018412419215
2457426.55969152,2016.1028328309924,24035.11736140683,0.7251246,6.0819,89.8189,285.5912,228.52619876364588,57.93028084276733,15692.005180378952
2457429.13316234,2016.1098786101031,24019.600063873244,0.7250425,6.0842,88.7011,287.7861,226.23288456242608,56.47090036289177,15684.1240615148
2457430.4189423,2016.1133988837787,24010.911786081615,0.7249628,6.0856,88.1433,288.8841,225.75764709088617,55.743801839700666,15680.633615082796
2457432.56021879,2016.119261379302,23994.713568149145,0.7248321,6.0885,87.2015,290.7307,224.4386436491077,54.538103451255495,15673.631233643473
2457438.54494096,2016.135646655606,23953.1246913868,0.7244604,6.0956,84.5822,295.8687,221.89809621484255,51.158103981804004,15656.61046015779
2457439.82539163,2016.139152338481,23944.477037646342,0.7244019,6.0974,84.0228,296.9676,220.91607706895957,50.4355581468493,15652.553309420891
2457441.53160806,2016.1438237044763,23932.817319090147,0.7243168,6.0998,83.2736,298.4357,219.73936354219313,49.47276638849917,15647.250379166644
2457442.81045198,2016.14732498831,23923.580162533144,0.7242828,6.1012,82.7267,299.5213,218.00623638918296,48.75100420841267,15642.137160857308
2457444.51430558,2016.151989885229,23909.081692081174,0.724151,6.1043,81.9623,301.0112,217.15997567890008,47.79714131751177,15636.244248648069
2457446.64192109,2016.157814979028,23890.778599117308,0.7240098,6.1078,81.0262,302.8515,215.48446372610488,46.604307549934674,15628.11244272008
2457448.34224102,2016.1624702012866,23876.0994970389,0.7238689,6.1108,80.2712,304.3302,214.79731782679755,45.65212753681362,15622.336366149937
2457450.46541644,2016.1682831387811,23856.87001174787,0.7236753,6.1145,79.3247,306.1835,214.10614893522597,44.466270038792345,15615.00509357317
2457451.73808573,2016.171767517399,23845.35699934135,0.723576,6.1171,78.7717,307.2762,213.29266318593363,43.75159373634369,15610.160315496621
2457454.28061563,2016.1787285848873,23821.04103169208,0.723361,6.122,77.635,309.5026,211.69266996626448,42.335309440564686,15600.059720956122
2457456.39599533,2016.184520178864,23794.326666079567,0.7231408,6.1261,76.7009,311.3416,209.5419453094555,41.155235608971,15588.513061498268
2457458.0856937,2016.1891463208756,23771.715359955673,0.7229065,6.1302,75.9458,312.8276,208.85151009387664,40.22072448482322,15580.018796611668
2457460.61534098,2016.1960721176722,23733.519128762928,0.7225133,6.1357,74.8123,315.0594,207.59960242729903,38.825737638009116,15565.563821982532
2457461.87797448,2016.1995290197945,23716.94455188273,0.7223441,6.1374,74.2605,316.1544,207.0132848030953,38.12445287399646,15559.239085241976
2457463.55942742,2016.2041325870503,23694.236656352536,0.7221013,6.141,73.5013,317.6455,206.46126429271771,37.199068661871536,15550.854941044114
2457465.65770656,2016.2098773622454,23664.31659601753,0.7217803,6.1464,72.5599,319.4989,205.74276404901684,36.04294959168715,15539.811466115514
2457466.49590782,2016.212172232224,23652.543828097216,0.7216688,6.1474,72.1859,320.2348,205.1046067268917,35.57869639934631,15535.0623094637
2457469.00658896,2016.21904610256,23614.621850596177,0.7212869,6.1527,71.0662,322.4448,203.56816130739844,34.19440307837385,15520.344760429543
2457470.25964533,2016.2224767839282,23595.20725528738,0.7210881,6.1554,70.5029,323.5571,202.84778646598807,33.50835778583547,15512.880652877415
2457471.92793676,2016.227044316933,23567.676406376024,0.7208149,6.1593,69.7483,325.0443,201.6077942817301,32.59664590412126,15502.044948235945
2457472.76097686,2016.2293250564267,23553.469864329843,0.7206725,6.1616,69.3738,325.7851,200.9955535285926,32.141879686406014,15496.482544251941
2457474.84013358,2016.2350174772894,23516.156679407857,0.7202753,6.167,68.4347,327.6415,199.9135723003601,31.009908175855855,15482.458628750706
2457476.08522584,2016.238426354114,23491.932311963188,0.7200051,6.1701,67.8725,328.7554,199.48493849490296,30.334412518999272,15473.656224886448
2457478.56974255,2016.245228590144,23446.073858625485,0.7194873,6.1767,66.7394,330.9909,198.785182482452,28.988007548114922,15457.104009190094
2457479.80933577,2016.248622411417,23425.105934588737,0.7192458,6.1796,66.1769,332.1013,198.56057658071222,28.31413188985448,15449.636603448462
2457481.04730077,2016.2520117748663,23404.9791810639,0.7190262,6.1829,65.6146,333.2142,198.04963942441282,27.644561048101195,15442.13339430015
2457482.69520368,2016.256523487146,23373.016861693788,0.7186588,6.1877,64.8633,334.7022,197.65631148916327,26.757044627436983,15430.679787594047
2457483.10663537,2016.2576499257216,23364.677046309298,0.7185937,6.1884,64.6821,335.0627,196.831018296828,26.530826740212945,15426.879460249884
2457483.92884441,2016.2599010113895,23347.09401572608,0.7184001,6.1902,64.3026,335.8118,196.403040119063,26.09003589980017,15420.336555050711
2457484.75010212,2016.2621494924572,23328.623864854253,0.7182082,6.1924,63.9336,336.5493,195.67861040023763,25.649082715414863,15413.152868193036
2457485.98005846,2016.265516929391,23298.347276419147,0.7178612,6.1956,63.3681,337.6688,195.2314425521663,24.99080541927185,15402.200171598972
2457487.61622613,2016.2699965123345,23254.71599337216,0.7173412,6.2003,62.6195,339.163,195.01381702738217,24.123755559591473,15386.8785386549
2457488.43262515,2016.272231691033,23235.49736011316,0.7171216,6.2025,62.2424,339.9075,194.68401643303423,23.68649122808131,15379.862474660074
2457489.2479427,2016.2744639088296,23215.319171956533,0.716907,6.2036,61.8725,340.6446,193.95805034669138,23.25009282130577,15372.068716411137
2457490.46892048,2016.2778067638055,23184.83378572096,0.7165284,6.2075,61.3064,341.7687,194.10562897237833,22.60466502998497,15361.675461171231
2457491.68751918,2016.281143105216,23152.925488491015,0.7161837,6.2096,60.7474,342.8806,193.0413463192126,21.95648212226149,15349.428878044002
2457492.49846001,2016.2833633402058,23130.881377228146,0.7159181,6.2118,60.3712,343.6265,192.9284303175882,21.526897525920617,15341.656320305421
2457493.30826022,2016.285580452348,23110.31482133655,0.7156748,6.2138,59.9962,344.3697,192.70858363947718,21.09693715472463,15334.272993682713
2457494.52085778,2016.2889003635312,23078.376720252898,0.7152876,6.2166,59.4329,345.488,192.56372412733072,20.456769128764734,15323.017733262644
2457495.73106812,2016.2922137388634,23048.469896855684,0.7149322,6.2195,58.8724,346.6017,192.24030686287642,19.8171540091613,15312.26054782518
2457496.53651588,2016.2944189346472,23025.670684296143,0.7146759,6.2216,58.4997,347.3451,191.64246489318066,19.39398352698771,15303.664347650922
2457497.74244036,2016.2977205759346,22992.712652788498,0.7142648,6.2248,57.9331,348.47,191.6910483870506,18.763692663524637,15292.241787842164
2457498.5449725,2016.299917789185,22971.29182781746,0.7140373,6.2264,57.5611,349.2126,190.7963335706154,18.343295893389325,15283.78563211607
2457499.34638832,2016.302111946119,22948.96185181235,0.713778,6.2282,57.1885,349.9512,190.36145914943336,17.919399397152347,15275.517930145923
2457501.34453937,2016.307582585544,22888.595072902946,0.7130641,6.2339,56.2513,351.8187,189.4233269789729,16.88026920418389,15253.406757520093
2457502.53951041,2016.3108542379462,22849.53508858907,0.7125888,6.2372,55.6901,352.9402,189.0759992534904,16.26277433940436,15239.368153367373
2457504.12795351,2016.3152031581378,22796.304205027533,0.7119283,6.2415,54.9393,354.4373,188.83380605943057,15.443463070423093,15220.466645469814
2457504.92012292,2016.3173719997812,22770.445653574025,0.7115816,6.2442,54.5623,355.1884,189.27920269077367,15.036780078781192,15211.893847674668
2457506.5007068,2016.3216994026004,22724.366099146122,0.7110026,6.2485,53.8137,356.6824,189.14641930137077,14.224315063858398,15195.57946217893
2457507.68294479,2016.3249361938124,22689.8663690171,0.7105694,6.2515,53.2509,357.8017,189.0053371044405,13.615570227520948,15183.304643160314
2457508.86257065,2016.3281658334017,22657.64309658299,0.7101888,6.2538,52.6909,358.9201,188.3024349924326,13.011299975414772,15171.202381852827
2457509.64759725,2016.3303151190967,22634.425788981396,0.7099064,6.2556,52.32,359.6611,187.9657610584527,12.607657125195146,15162.662666303551
2457510.82277641,2016.3335325842843,22597.253211902025,0.7094389,6.2585,51.7574,0.7827,187.74645022878576,12.008369657694686,15149.32898759909
2457512.38492061,2016.3378095020125,22542.511236714745,0.7087271,6.2628,51.007,2.2829,187.88632120048896,11.218479275451735,15130.172778041735
2457513.16383049,2016.3399420410399,22514.99639337643,0.7084219,6.264,50.6329,3.0326,186.74356988755062,10.826365225608178,15119.20802902281
2457513.94130828,2016.3420706592196,22487.07272683794,0.7081074,6.2634,50.2639,3.7738,185.67382462581554,10.432262680916352,15108.172322495071
2457514.71734744,2016.3441953386443,22458.29989645797,0.7077081,6.2682,49.8868,4.5263,186.24284750550487,10.042778088038418,15098.615172957223
2457516.65033735,2016.3494875765916,22378.8649225352,0.70666,6.2734,48.9454,6.4121,186.47993637647596,9.081972427016737,15070.727764804411
2457517.42063119,2016.351596526187,22340.972934320773,0.7062343,6.2747,48.5733,7.1588,184.87525273179654,8.697350572651715,15055.536215040976
2457518.57257572,2016.3547503784257,22292.9959246959,0.7055798,6.2773,48.0087,8.2837,185.3720187481522,8.122263766708514,15039.024387966652
2457520.10294543,2016.3589403023414,22236.18871183116,0.704825,6.2803,47.2564,9.7855,185.430703014762,7.363391157088529,15018.865849060574
2457520.4846747,2016.3599854201234,22223.411670331945,0.7046572,6.2814,47.0688,10.1606,185.38832826851376,7.174648755578183,15014.26678449278
2457521.62793162,2016.3631154869815,22188.07122732912,0.7041871,6.2848,46.5082,11.2828,185.38139516278716,6.609424686658549,15001.655863764221
2457522.38861664,2016.3651981290627,22164.113013242895,0.7038791,6.2856,46.1291,12.0408,185.12079318319866,6.238573537458379,14992.822705334083
2457523.14803394,2016.3672773003143,22138.80692456048,0.7035392,6.2868,45.7526,12.7912,185.15211190073842,5.86397188688224,14983.816498477257
2457524.28470515,2016.3703893364816,22099.414015803442,0.7030207,6.2896,45.1896,13.9168,184.93220482349352,5.306238866587925,14969.4934462832
2457525.41824361,2016.3734927956464,22058.398374440247,0.7024502,6.2924,44.6262,15.0462,185.3357246350197,4.754993567309228,14955.242165159225
2457526.54862683,2016.3765876162352,22017.908249801592,0.701915,6.2946,44.0616,16.1738,185.07188064210823,4.203858155364713,14940.443158564758
2457527.67565518,2016.379673251691,21972.585844006095,0.701343,6.2972,43.5022,17.2971,184.1302704133268,3.6569293912547067,14923.164561749947
2457529.5464234,2016.3847951359337,21897.281094595008,0.700333,6.3007,42.5572,19.189,183.7562337740028,2.7599510638314797,14895.683095530088
2457530.29195707,2016.38683629588,21863.824442238678,0.6998781,6.3026,42.1796,19.9469,183.67623287111292,2.4054334832496025,14883.545441835748
2457531.4071249,2016.3898894590002,21815.369585982742,0.6992235,6.3054,41.6187,21.0749,183.41421027833803,1.8733947599570726,14865.788526064012
2457532.88857722,2016.393945454401,21759.28726856621,0.6984039,6.309,40.8631,22.5881,184.37987897922267,1.170836415576133,14846.553139910744
2457534.364333,2016.3979858535251,21705.752679027868,0.6978496,6.2836,40.0048,24.1755,180.26555426934283,0.4453927309723582,14822.80863303412
2457536.20248217,2016.4030184316769,21649.65770460371,0.6968939,6.3152,39.1682,25.9844,184.00701317738276,359.6059645963438,14806.440694545685
2457537.30171483,2016.4060279666805,21613.90961695662,0.6963709,6.3183,38.6055,27.112,184.47562447788187,359.0874319949728,14793.955430189895
2457538.03300386,2016.408030126927,21588.70388065139,0.6960431,6.3198,38.2341,27.8633,183.89920658076517,358.74655430621476,14784.184177908659
2457538.76304549,2016.4100288719776,21565.171549766983,0.6956847,6.3212,37.8528,28.6246,184.47534971880305,358.40700608809425,14776.232338548478
2457540.21954455,2016.4140165490758,21518.317507072934,0.69505,6.3238,37.1019,30.1322,183.8746237818923,357.7281423327098,14758.535178298484
2457542.0330708,2016.4189817133467,21452.654714295866,0.694124,6.3258,36.1517,32.035,183.71591338996313,356.89328319517585,14734.412109788544
2457543.1172376,2016.421950000274,21413.271805091656,0.6935804,6.3288,35.5921,33.1658,183.30988120746315,356.39589990140615,14719.593172834286
2457544.55800361,2016.4258946026284,21359.448146539882,0.6927844,6.3316,34.8341,34.6868,183.8193780081383,355.738843053799,14700.427957929374
2457547.0655828,2016.432759980288,21256.969447287578,0.6913362,6.3353,33.5073,37.3522,183.12066608368423,354.6059070963215,14662.094063285273
2457548.84635723,2016.4376354749627,21197.62496986874,0.690451,6.339,32.5599,39.2516,183.56731179789767,353.8027290134571,14640.726519457212
2457552.38774064,2016.447331254319,21093.186707273824,0.6888747,6.3439,30.6656,43.051,184.48774225658144,352.2173484452044,14603.152821866428
2457553.09280482,2016.4492616148386,21072.394852391593,0.6885909,6.3439,30.2794,43.8152,183.9992158278983,351.900418658092,14594.959424784789
2457554.49976099,2016.4531136508967,21028.101498929278,0.6879424,6.3483,29.5341,45.3297,183.84258631227385,351.28288567717743,14578.404620067598
2457558.34547926,2016.4636426536897,20901.22540231574,0.6860166,6.3543,27.4498,49.52,184.50151598546472,349.5984446716731,14531.993565452141
2457560.42804314,2016.4693444028476,20830.969840642887,0.6849394,6.3568,26.3065,51.8139,184.88155657485277,348.69641497485213,14506.220666065978
2457562.84535112,2016.475962631403,20758.555824847725,0.6840097,6.3469,24.9265,54.5271,181.3659826603789,347.6470526948753,14475.587128889567
2457564.22144488,2016.4797301707874,20723.5932794353,0.6832554,6.3624,24.2259,56.0048,185.94996385742252,347.0678385165101,14467.204607189402
2457565.59392608,2016.483487819521,20689.15593752524,0.6827129,6.364,23.4648,57.5347,186.26598886516513,346.48388497244844,14454.631487217519
2457567.64635555,2016.4891070651604,20638.31061361231,0.6819445,6.3659,22.3211,59.833,185.99190136777088,345.6155565422871,14435.283844404483
2457568.6697176,2016.4919088777553,20612.655640193087,0.6816187,6.3669,21.7508,60.9791,184.5477991770067,345.18270400811224,14424.180101777652
2457569.69119421,2016.4947055282962,20587.761309367714,0.6811339,6.3684,21.1792,62.1284,186.60285644897704,344.75360981335405,14416.915611915796
2457571.38952308,2016.4993552993294,20546.408931545375,0.6804784,6.3701,20.2228,64.0458,186.88515606166766,344.0406922413955,14401.642208952358
2457572.40601689,2016.502138307707,20521.024215052443,0.6800784,6.3712,19.6474,65.2005,186.98260051832222,343.61810922550217,14392.17811466365
2457573.42064822,2016.5049162168925,20494.80134769884,0.6796646,6.3724,19.0764,66.3517,187.07408763564854,343.19826191869095,14382.383284825877
2457574.43331425,2016.5076887453795,20469.981338117625,0.679272,6.3734,18.5018,67.5068,187.15987461178975,342.7806516633917,14373.103252654226
2457576.11722711,2016.5122990475293,20433.044620898472,0.6786655,6.3751,17.5473,69.4216,187.70587673409955,342.08124288944884,14359.700470357464
2457577.46117006,2016.515978562793,20403.88301156721,0.6781937,6.3765,16.7856,70.9565,187.9617975853007,341.52981739456806,14348.928436122047
2457578.46709458,2016.518732634032,20379.34602763084,0.6778082,6.3775,16.2177,72.1055,187.92187946523063,341.1194517484912,14339.598245866833
2457580.13977547,2016.5233121847225,20342.662213903805,0.6771985,6.3787,15.2609,74.0236,188.505576641468,340.43211349989383,14326.282391484698
2457581.25618083,2016.526368736016,20318.29392974585,0.6769004,6.3791,14.7014,75.2012,186.69634138331276,339.94985503425016,14315.216411682019
2457582.80688086,2016.5306143213145,20284.096852899085,0.6762264,6.3805,13.7329,77.0945,189.3187608118069,339.346244326778,14304.864181246043
2457584.13602277,2016.5342533135383,20254.079053090245,0.6758548,6.3804,12.9699,78.6296,187.12620547974802,338.80830712622964,14291.249622147865
2457585.13080178,2016.5369768700346,20229.147128840883,0.67534,6.382,12.3982,79.7815,189.45860684948002,338.4080267875328,14284.099089263136
2457587.77471096,2016.5442154988643,20165.303930668306,0.6742909,6.3836,10.8755,82.8541,189.8866944844358,337.35202040881757,14260.187455561805
2457589.42115187,2016.548723208405,20131.18598979979,0.673707,6.3843,9.9192,84.7752,190.52877016974344,336.6940449741966,14247.798196198302
2457590.73517831,2016.552320816728,20102.134676079837,0.673209,6.3849,9.1595,86.3123,191.0603929308072,336.17630597786473,14237.21996622515
2457591.71894508,2016.5550142233537,20083.671843135602,0.6728779,6.3853,8.5831,87.4699,191.6766090373876,335.7878795926582,14230.76783207212
2457593.35561427,2016.5594951793842,20054.170328757875,0.6723597,6.3862,7.6248,89.3928,192.4180827653281,335.1393354216842,14220.204661814674
2457595.31513468,2016.5648600538807,20022.75051184358,0.6718149,6.387,6.4746,91.7047,193.03207900443613,334.369680602975,14208.765170088589
2457596.29307896,2016.5675375193975,20006.359433107642,0.6715513,6.3876,5.8938,92.8692,192.92644753694276,333.98949301691766,14202.36877679924
2457597.92058095,2016.5719933770024,19982.669841836017,0.671132,6.3878,4.9327,94.7988,193.52436554492851,333.35388427916234,14193.862147856387
2457597.92061507,2016.5719934704175,19982.625239878005,0.6713006,6.3874,4.9417,94.7929,190.14062677275615,333.356950649659,14190.4899197156
2457600.19370514,2016.5782168518554,19943.30214516081,0.6704754,6.3881,3.5814,97.5128,193.67236206325742,332.47613333209347,14178.869262643007
2457602.13692466,2016.5835370969469,19914.41299129634,0.6699384,6.3882,2.4225,99.838,194.84671496805458,331.72714509913806,14168.906653628635
2457603.10700567,2016.5861930340047,19901.37142857229,0.6697378,6.3886,1.8437,100.9972,194.53441101742555,331.35140775832394,14163.572318517545
2457604.39883681,2016.589729874908,19880.498674118786,0.6693661,6.3882,1.0799,102.5367,195.0305105687239,330.85384503312497,14156.013590875978
2457606.33262998,2016.5950243120603,19851.520439610966,0.6688384,6.3886,359.9171,104.8628,195.92497121426914,330.11114765826323,14145.710930610087
2457608.58364715,2016.6011872611912,19821.03990054388,0.6682839,6.3889,358.5639,107.5738,196.8217537528035,329.25028597117375,14134.815868513522
2457611.14978402,2016.6082129610409,19786.024728529796,0.667668,6.3893,357.0108,110.6805,197.39287008176325,328.27463402531663,14121.830024070565
2457612.11030723,2016.6108427302674,19773.020294424936,0.6674397,6.3888,356.4332,111.8374,197.58526102004544,327.9072171037553,14116.983024528125
2457613.70891137,2016.61521946987,19749.947303617235,0.6670363,6.3884,355.4673,113.7764,197.87922901741695,327.3046908467977,14108.33048676317
2457614.66673719,2016.617841854045,19736.882941145603,0.6668073,6.3883,354.888,114.9396,198.0490167442449,326.9445325437549,14103.430985846553
2457616.8978726,2016.623950369883,19706.792066057835,0.6662477,6.3871,353.5449,117.6409,199.05087766855377,326.1036668421127,14092.734358145686
2457618.4883312,2016.628304808214,19685.75559177738,0.6658511,6.3866,352.5795,119.5826,199.83727666125924,325.51236904303323,14085.331390602889
2457620.07617572,2016.6326520895823,19666.902221498618,0.6654684,6.3861,351.6083,121.5259,201.06396720148769,324.9194477503429,14079.200188784953
2457622.29556627,2016.638728449747,19644.92549217228,0.6650426,6.3846,350.256,124.2331,202.07686605174604,324.0868580910448,14071.637202514761
2457623.5620997,2016.6421960292946,19633.223853411168,0.6648344,6.384,349.4858,125.7805,202.24495276286507,323.61572945393505,14067.244468800247
2457625.14348749,2016.6465256331,19616.472327768803,0.6645229,6.3846,348.5054,127.7367,202.74094875012634,323.032872083993,14061.201339377772
2457626.09127887,2016.6491205444768,19606.577315839797,0.664345,6.383,347.9319,128.8941,202.90940894820778,322.682603988379,14057.508161959004
2457627.07390109,2016.6518108174944,19596.970707889897,0.6640852,6.3824,347.3471,130.0759,204.7761959466925,322.3111057020062,14055.579963688113
2457627.98467839,2016.6543043898425,19587.917227502963,0.6639853,6.3815,346.7673,131.222,203.69183082424024,321.9797196567031,14050.991843859023
2457629.24532498,2016.6577558521012,19575.580391073425,0.6637494,6.3812,345.9905,132.7785,204.16435184667262,321.5168932435306,14046.636697172948
2457630.50471476,2016.6612038734017,19563.551656653202,0.6635233,6.3808,345.2135,134.3316,204.54300171020168,321.05170557536144,14042.30793131028
2457632.07708273,2016.6655087822858,19547.373283746994,0.6632263,6.3806,344.2355,136.2833,204.90492604862447,320.47563837710203,14036.33878637805
2457634.90196248,2016.6732428815333,19517.483713460926,0.6626362,6.3786,342.4853,139.7814,206.35617201128844,319.43926264800837,14026.058986241838
2457635.84200073,2016.6758165659955,19507.67297380428,0.662439,6.3787,341.8983,140.9514,206.89329671034648,319.0957362416068,14022.74012497107
2457637.09424359,2016.6792450200953,19495.956854854227,0.6622084,6.3782,341.1197,142.5085,207.43415953217664,318.639992765712,14018.67678210054
2457637.72004441,2016.680958369363,19490.095900389748,0.6621786,6.374,340.7575,143.2604,206.03518320392595,318.41288702929995,14015.025326730904
2457638.97045323,2016.6843818021362,19480.510608456814,0.6619026,6.3772,339.9496,144.844,208.17368739166704,317.9561512310165,14013.341525970243
2457642.40357069,2016.6937811654761,19451.27687359199,0.6613393,6.374,337.8108,149.1153,209.24674190447513,316.70488042855806,14002.91593834611
2457643.96131411,2016.6980460345246,19439.015596282625,0.6610761,6.3729,336.8374,151.0607,210.21067805293114,316.14152757116847,13999.035372624201
2457648.623689,2016.7108109212868,19400.404910870402,0.6603024,6.3676,333.9153,156.9014,212.13468725089024,314.46476833672716,13985.722081095197
2457649.8645015,2016.7142080807666,19392.744875568096,0.6601223,6.3666,333.1343,158.459,213.02522499486986,314.01839092398905,13983.56806413097
2457650.79458411,2016.7167545081722,19387.21671641841,0.660008,6.365,332.5528,159.6202,213.36228584852688,313.6813770579913,13981.718011486846
2457652.03392348,2016.7201476344426,19379.001130413268,0.6598527,6.3647,331.7724,161.18,213.57861120702182,313.23925160063015,13978.693258347143
2457652.96284708,2016.7226908886519,19373.0463412401,0.6597318,6.3638,331.1882,162.3453,213.89530705035486,312.9047800853409,13976.654172493123
2457654.51003083,2016.7269268468988,19363.387030362454,0.6596251,6.3593,330.2095,164.2939,212.67462412091754,312.3497351164064,13971.675201576887
2457655.12865287,2016.728620541739,19359.678910743376,0.6595762,6.3392,329.867,165.0284,212.35916157512202,312.1320049739412,13969.911129357535
2457656.67383668,2016.7328510244492,19351.31196693539,0.6592776,6.3602,328.8408,167.0234,215.28915652294654,311.57783119823034,13969.434806166357
2457658.83504013,2016.7387680770162,19335.681928877737,0.6589455,6.3591,327.467,169.7546,216.38503241243234,310.8050922741487,13964.326974653151
2457660.06868486,2016.7421456122113,19326.830216192313,0.6587748,6.3576,326.6845,171.3143,216.66520588626554,310.3663796039761,13961.104863317369
2457660.99335746,2016.7446772278165,19320.30417479101,0.6586404,6.3569,326.102,172.4758,217.03500498498852,310.0339979860227,13958.885243816363
2457662.53336911,2016.7488935499246,19310.52067956872,0.658443,6.3563,325.1225,174.4254,217.50721175145281,309.4862220271384,13955.47723352774
2457664.37995463,2016.7539492255444,19301.01519548308,0.6582215,6.3545,323.9468,176.7656,218.5357219894131,308.8306788040642,13952.711005712214
2457665.30271209,2016.756475597782,19296.12073631682,0.6581084,6.3538,323.3589,177.9363,219.0452923325356,308.50398479850764,13951.266555194201
2457666.83986711,2016.7606840988635,19287.7340374307,0.6579248,6.3531,322.3807,179.8818,219.71917840091373,307.956224409135,13948.599035246756
2457667.76166623,2016.7632078473098,19283.09806336391,0.6578114,6.3524,321.789,181.0575,220.32002996520623,307.6316749684505,13947.342696013628
2457668.99027077,2016.7665715832175,19277.338331712344,0.6576924,6.3508,321.0035,182.6182,220.64311871645714,307.19593004173686,13945.375268930404
2457669.91139755,2016.769093490896,19273.05908222562,0.6575952,6.3504,320.4182,183.7825,221.0516404376458,306.86704327741484,13944.074531052334
2457672.05941305,2016.7749744368236,19261.75975755623,0.6573479,6.3482,319.0407,186.5171,221.94613062213284,306.10700274348847,13940.461471853805
2457674.20567589,2016.7808505842306,19250.514804401846,0.6571144,6.3453,317.6684,189.2484,222.58801901620973,305.35058967700667,13936.625399723622
2457675.4313986,2016.784206430116,19243.59205892287,0.6569751,6.3437,316.8801,190.8128,222.8949416528112,304.91858515823515,13934.178130352624
2457677.26866865,2016.7892366013693,19231.731045533143,0.656689,6.3422,315.7015,193.156,224.32851697302885,304.2723235070061,13930.85071252445
2457678.79894632,2016.7934262732924,19225.631368749157,0.6565178,6.3405,314.7202,195.107,225.5258589269706,303.7337416147068,13929.57768250786
2457679.71684397,2016.795939340096,19222.051739639934,0.656435,6.3394,314.1275,196.282,225.88790592939404,303.41133756538534,13928.504606827348
2457681.55212873,2016.8009640759203,19215.840675444593,0.6563093,6.3368,312.9442,198.6308,226.16943283202545,302.76793266870595,13926.310916170149
2457682.46956726,2016.8034758857216,19213.227690183674,0.6562474,6.3362,312.3561,199.7995,226.46067289263192,302.44428114026414,13925.552804876641
2457683.69261394,2016.8068244050382,19209.71478453901,0.6561586,6.3356,311.5675,201.3626,226.95892511659076,302.0133141862311,13924.635179489465
2457686.13798832,2016.813519475209,19201.709516329407,0.6559707,6.3338,309.9928,204.4907,227.81438370614433,301.1564889247618,13922.275607488273
2457687.66574658,2016.817702249363,19194.98374159912,0.6557994,6.3333,309.0061,206.4466,228.7886208486616,300.6198902292783,13920.535594318415
2457690.71962937,2016.8260633247642,19183.412054274406,0.6555212,6.3318,307.0427,210.3464,230.14246436198118,299.54630308487106,13917.231558952168
2457692.55106038,2016.831077509596,19176.7146830456,0.6553758,6.33,305.8538,212.7013,230.62365627284453,298.9071965454309,13915.029587281777
2457694.68709224,2016.8369256461053,19171.067299964037,0.6552046,6.3299,304.4822,215.4255,231.95951811801933,298.1544674020845,13914.05785381842
2457695.6023317,2016.8394314351808,19168.466772904227,0.6551323,6.329,303.8869,216.6032,232.44874849790267,297.8347833348962,13913.49005425051
2457697.73742394,2016.8452769991516,19162.743915072642,0.6549999,6.328,302.5109,219.3352,233.01226697445327,297.0863803054501,13911.751327393267
2457700.48172809,2016.8527904944283,19156.733063961983,0.6548518,6.3256,300.7289,222.8589,233.7756349069632,296.12322200577614,13910.087401897657
2457702.61565003,2016.8586328542913,19152.2769002803,0.6547321,6.3238,299.3377,225.6094,234.53012557828788,295.3792724551755,13909.032553274485
2457704.4442962,2016.863639414647,19147.17449739032,0.654582,6.3223,298.1508,227.9627,235.64242053956877,294.74331072706866,13908.060091899259
2457705.66312687,2016.8669763911569,19144.205775070826,0.6544852,6.3216,297.3599,229.529,236.4701295324412,294.3173991835156,13907.665432576465
2457707.49099999,2016.8719808350174,19139.857455633155,0.6543456,6.3206,296.1763,231.877,237.63964491240495,293.68019939369924,13907.045891747874
2457708.40478607,2016.8744826449552,19138.109916650537,0.6543024,6.3198,295.5835,233.0489,237.86236672229188,293.35864781613736,13906.561700052249
2457710.53663656,2016.8803193334982,19134.57270997634,0.6542027,6.3187,294.1962,235.7904,238.54727976350023,292.6116399406417,13905.80375516796
2457712.36361295,2016.8853213222446,19131.598994800337,0.6541304,6.3183,293.0154,238.1338,238.90219169199463,291.97352399193664,13904.956422463765
2457714.4947199,2016.8911559750861,19128.064562249772,0.6540124,6.3176,291.6311,240.8731,239.93685053784793,291.22804896901164,13904.53086812429
2457716.3210423,2016.8961561733065,19124.643894531884,0.6539146,6.317,290.452,243.2132,240.62373209662474,290.58897760965795,13903.819914620406
2457719.05980782,2016.9036545046401,19119.011590058803,0.6537682,6.3163,288.6799,246.7269,241.47349704692078,289.63117832958073,13902.381512360957
2457720.58094792,2016.9078191592614,19116.42681612127,0.6536949,6.3166,287.6974,248.6751,241.97980019955867,289.09760266590774,13901.83143486987
2457723.01430231,2016.914481320493,19112.921297294593,0.6535722,6.3156,286.1153,251.8067,243.11097659491134,288.2487246225205,13901.506605671173
2457726.35936,2016.9236395893226,19108.698004494065,0.6534144,6.3153,283.9575,256.0866,244.6632631063785,287.073847843826,13901.29400243078
2457731.527265,2016.937788542095,19101.649765814545,0.6532554,6.3142,280.5957,262.7408,245.25760738745703,285.27262484584173,13899.0451973293
2457736.38893962,2016.9510990817796,19095.519348194357,0.6530267,6.313,277.4483,268.9835,247.49906345684576,283.5761305593476,13898.72174278105
2457737.90788514,2016.9552577279667,19094.445493877,0.6529697,6.313,276.4759,270.9193,248.2148480737833,283.0424179320172,13898.970856445085
2457740.64171357,2016.9627425422857,19092.480369718436,0.6529282,6.3125,274.7004,274.4341,248.32522838284422,282.0871847771285,13898.290697315733
2457743.67884912,2016.9710577662427,19089.596748705266,0.6528422,6.3123,272.7432,278.3222,248.966110167672,281.02460415261567,13897.74586549856
2457747.32250931,2016.981033564162,19085.018773961092,0.6527015,6.3118,270.3945,282.9888,250.0620926685251,279.75121690164315,13896.954530573235
2457750.66158018,2016.9901754419707,19081.78648569021,0.6526129,6.3116,268.2447,287.2591,250.6301700831118,278.5806408905287,13896.20061462595
2457753.3930501,2016.9976537990424,19079.90775254388,0.6525402,6.3114,266.4857,290.753,251.36463171734613,277.6233323447833,13896.144671003412
2457755.21380564,2017.0026387560304,19078.408511760925,0.6524942,6.311,265.3149,293.0816,251.72131260628885,276.9865478290442,13895.882864406636
2457762.79814789,2017.0234035534286,19071.6632567397,0.6523201,6.3082,260.4329,302.8004,252.69767393693382,274.3480207657151,13894.109722772853
2457765.22437429,2017.0300461992883,19070.027149627465,0.6522384,6.3062,258.8763,305.8978,253.6868535978865,273.49746825617467,13894.390605266603
2457766.13413383,2017.0325369851614,19069.50192338975,0.6522304,6.3051,258.2923,307.063,253.65675609648406,273.1819853418963,13894.152123595497
2457769.46964122,2017.0416691066935,19067.744298174075,0.6522032,6.3039,256.1577,311.3196,253.5641501231894,272.01642159031735,13893.361711479742
2457771.28884417,2017.0466498129229,19066.70179001168,0.6521727,6.3033,254.9802,313.6577,253.78310352492917,271.3839673477962,13893.151714577685
2457773.10790041,2017.051630117481,19065.422394001707,0.6522294,6.3028,253.813,315.9818,252.25708521541037,270.74795770681646,13891.19777490872
2457775.22986623,2017.0574397432715,19063.58991644209,0.6520992,6.2998,252.4458,318.7007,254.10188280213697,270.0081924222469,13892.208290662273
2457777.04847496,2017.0624188226147,19062.08413233817,0.6520737,6.2988,251.2778,321.025,254.06410245312964,269.37202385869796,13891.570260544857
2457779.16994556,2017.0682270925665,19060.677517896245,0.6520392,6.2971,249.9126,323.7413,254.2322976691912,268.6321466760444,13891.166470630511
2457780.68513297,2017.07237544961,19059.465640081886,0.6520162,6.2959,248.9425,325.6738,254.2489794051262,268.10113814035174,13890.697404807739
2457783.10913298,2017.0790119999451,19057.68945835914,0.6519829,6.2932,247.3822,328.7801,254.26551799871777,267.25798001971634,13890.002405324942
2457785.22988747,2017.0848183092953,19056.236537024997,0.6519799,6.2909,246.0144,331.5013,253.8170452390941,266.5211086536639,13888.99746056859
2457790.07623407,2017.0980868831489,19051.70611731925,0.6519135,6.2828,242.892,337.723,253.50540140624616,264.84372206641297,13886.890356566197
2457792.1959873,2017.103890451198,19049.88370298823,0.6518698,6.2807,241.5235,340.4448,253.70352349803215,264.10773756877325,13886.348180917063
2457793.40715727,2017.107206453853,19049.17814224329,0.6518584,6.2759,240.7399,341.9991,253.67505712560796,263.6846766129561,13886.038936586336
2457795.2237859,2017.1121801119782,19048.221230122443,0.6518469,6.2735,239.5665,344.3326,253.5609707529411,263.0542596878407,13885.54824276895
2457797.04028283,2017.117153409528,19047.281278941748,0.6518416,6.2706,238.3911,346.6673,253.33467442631172,262.423172569892,13884.958374369742
2457799.15935547,2017.122955114223,19046.04738694585,0.6518306,6.267,237.0126,349.401,253.11459108450435,261.689758879692,13884.256730003422
2457800.06746962,2017.1254413952638,19045.446968202286,0.6518245,6.2661,236.4261,350.5671,253.0217208773147,261.3742977049898,13883.92873442221
2457805.21240896,2017.1395274714848,19040.555275031915,0.6517726,6.2564,233.0715,357.208,252.3067579806475,259.5896102654309,13881.295782417581
2457806.12013283,2017.1420126839973,19039.878772024524,0.6517609,6.2559,232.4835,358.3751,252.29394767892518,259.27403376099164,13881.012900111231
2457808.84295032,2017.149467352005,19037.41166443174,0.6517388,6.2505,230.7056,1.8932,251.8555311489963,258.33055327815623,13879.61144886894
2457810.05291056,2017.1527800426004,19036.23887998163,0.651712,6.2482,229.9156,3.4559,251.95726703104265,257.91068466384223,13879.238010271163
2457811.56521989,2017.15692051989,19035.076602431152,0.6517097,6.2453,228.9242,5.4141,251.5962403837275,257.38691283956234,13878.431926454852
2457813.37980687,2017.1618885882824,19033.49634315506,0.6517212,6.2414,227.7325,7.769,250.82696619843227,256.7616082183537,13877.073139552727
2457815.49648393,2017.1676837342366,19030.73917897553,0.6517102,6.236,226.3342,10.5265,250.0760424975515,256.03455567482143,13875.260538480035
2457817.61266136,2017.1734775122789,19027.831984450513,0.6516861,6.2306,224.9353,13.2844,249.52206704869695,255.30779557963197,13873.573773925013
2457822.14578649,2017.1858885324841,19022.654604653675,0.6516174,6.2191,221.924,19.2005,249.02557007121868,253.74462830571622,13871.032292688828
2457823.05220094,2017.18837016,19021.768310688836,0.6516069,6.218,221.3291,20.3766,248.9165292426469,253.43244240002835,13870.574511622108
2457825.16692946,2017.1941599711433,19019.826198312167,0.6515891,6.2131,219.9194,23.1421,248.57846359751966,252.7039103883728,13869.477826721186
2457826.07314401,2017.1966410513614,19018.95459867589,0.6515907,6.2112,219.316,24.3277,248.24435845644803,252.39292150984548,13868.81352955505
2457829.99942247,2017.2073906159346,19015.3487805914,0.6515667,6.2043,216.6958,29.467,247.44442627243643,251.04217826354937,13866.61478594572
2457833.01884279,2017.2156573382335,19012.60017334851,0.6515559,6.1996,214.6779,33.4217,246.6920560622657,250.00295823591614,13864.804170000149
2457836.03747954,2017.2239219152357,19008.704289363905,0.6515116,6.1946,212.6568,37.3813,246.1766438735649,248.96621051512037,13862.75767484308
2457840.86538081,2017.2371399885287,19002.900403469004,0.6514782,6.1862,209.3973,43.7428,244.78875383774357,247.3097041296682,13859.123800077368
2457845.08752659,2017.2486995936758,18995.473220727177,0.6514172,6.178,206.5139,49.345,243.35894260609712,245.86704627670025,13854.800114472468
2457849.00580429,2017.2594272533609,18988.747481938997,0.6513248,6.1719,203.8298,54.557,242.7690260145755,244.5329887900814,13851.549379147273
2457852.01845883,2017.267675451965,18984.42156408551,0.6512773,6.1688,201.7831,58.545,242.1624457661237,243.50493729262354,13849.244151784129
2457858.04052981,2017.284162983737,18975.412759817264,0.6511948,6.1646,197.6874,66.5249,240.58634277061356,241.45362585472674,13844.14817858446
2457860.74890743,2017.2915781175361,18970.859073021402,0.6511407,6.1642,195.8207,70.1402,240.02431661289484,240.53277768696802,13841.79338487369
2457864.05777205,2017.3006372951406,18964.82375069282,0.6510698,6.163,193.5602,74.5402,239.26344429399524,239.41097374934338,13838.657148684766
2457867.96570472,2017.311336631677,18955.815148283622,0.6509196,6.1623,190.8675,79.7599,238.96723428890527,238.0862125963028,13834.7663784081
2457869.7684025,2017.316272149213,18952.108975132298,0.6508904,6.1618,189.6228,82.173,238.22688346484665,237.4778262832907,13832.58279527853
2457875.77346553,2017.3327131157564,18940.560147711458,0.6507576,6.164,185.4444,90.2496,236.710383331103,235.45727832770586,13826.522752690167
2457878.77389951,2017.3409278562904,18936.290756066166,0.6507004,6.1665,183.3627,94.2815,236.30248657760967,234.45017173548717,13824.42607099242
2457879.67382474,2017.34339171729,18935.179400376517,0.6506823,6.1671,182.7454,95.4824,236.25701722690337,234.14678177566418,13823.937425095724
2457881.77329637,2017.3491397573448,18932.54245871273,0.6506582,6.1689,181.3001,98.2902,235.79216110313155,233.43998735588877,13822.441870630044
2457883.57242038,2017.3540654904314,18930.21791306175,0.6506326,6.1709,180.0621,100.6968,235.46471371980988,232.83532344468694,13821.200986656951
2457888.06843974,2017.3663749205755,18924.2658514314,0.6505603,6.1756,176.9833,106.6999,234.75348184443283,231.32822859280037,13818.143270549885
2457890.76466667,2017.3737567875976,18919.701344074285,0.6505058,6.1791,175.1367,110.3048,234.18958548616592,230.42905646488555,13815.78083545867
2457896.75164057,2017.3901482288018,18907.985527486526,0.6502824,6.1903,171.0028,118.3405,234.31901950732117,228.42993763132608,13811.199806661658
2457901.83535145,2017.4040666706362,18899.145902224536,0.6502175,6.2009,167.4898,125.1763,232.45420154485328,226.7420985709374,13805.896568820865
2457904.5242288,2017.411428415606,18891.236101015133,0.6500724,6.2055,165.647,128.7825,232.42860986158303,225.85527038184387,13802.695834646222
2457909.00235091,2017.4236888457497,18884.09622272761,0.6499582,6.2137,162.5852,134.7732,232.08673317677312,224.37041553008555,13799.506257840058
2457911.98571453,2017.431856850185,18879.527650725307,0.649883,6.2206,160.5528,138.7572,231.90728248899268,223.38153393336557,13797.501982227906
2457917.0532623,2017.4457310398354,18870.930211013387,0.6497553,6.2294,157.1174,145.5187,231.30699047731923,221.71292565927735,13793.482861298125
2457917.94691826,2017.4481777365088,18868.84696526389,0.6497184,6.2316,156.5108,146.7132,231.27360514777865,221.42001485683141,13792.614145374388
2457923.00728895,2017.462032276386,18858.195061189464,0.649544,6.2427,153.0901,153.4613,230.83130836421424,219.75978050099792,13787.916360484813
2457924.49434394,2017.4661036110613,18855.031554888996,0.6494933,6.244,152.0698,155.4556,230.67858870000964,219.2681000179041,13786.500853312313
2457926.57533975,2017.4718010670772,18851.674417334754,0.6494263,6.2498,150.6507,158.2455,230.76495168038855,218.58781585223448,13785.231758326585
2457929.54636669,2017.4799352955242,18845.362844706066,0.6493478,6.2586,148.624,162.2305,230.0316412944394,217.6177936113096,13782.004809299315
2457933.10851729,2017.489687932348,18837.105651308266,0.6492037,6.2677,146.2038,167.0084,229.85066518802887,216.4645443547343,13778.512913857427
2457936.07489755,2017.4978094388775,18832.16385960579,0.6491127,6.2742,144.1942,170.9733,229.83082985465444,215.4961020040614,13776.505610985565
2457939.03944729,2017.5059259337163,18825.175310082075,0.6489434,6.2809,142.1932,174.9208,230.56573876136008,214.52066386211982,13774.38158598974
2457941.7063086,2017.5132274020534,18821.497423502988,0.6489632,6.2844,140.401,178.4834,228.90192675473372,213.66253526075354,13771.341111477346
2457944.07592011,2017.5197150447916,18816.980672640373,0.6488929,6.2879,138.7992,181.6533,228.63921472681068,212.89508387505305,13769.276333793117
2457945.55644018,2017.5237684878307,18813.01075681711,0.648814,6.2901,137.7946,183.6375,228.7296956435739,212.41544438094388,13767.762548555263
2457949.10812895,2017.5334924817248,18804.43050745596,0.6486732,6.2957,135.3915,188.3922,228.36409600687966,211.26640657905597,13763.964155995367
2457953.54499116,2017.5456399484183,18790.67893539049,0.6484246,6.3049,132.4011,194.3253,228.20416298148484,209.83601856938503,13758.273506034746
2457957.38777198,2017.5561609089114,18781.612365254827,0.6483006,6.3131,129.8026,199.4802,227.34549989270363,208.6048727918797,13753.81517017127
2457958.86531853,2017.560206210896,18777.576517397403,0.6482436,6.3164,128.8054,201.4589,226.99641648424767,208.13006407743086,13751.861401801552
2457960.3425447,2017.564250635729,18773.474864611504,0.648189,6.3191,127.8045,203.4471,226.5786655938373,207.6613711375589,13749.816705587968
2457963.88679081,2017.5739542527315,18764.29928325473,0.6479954,6.3235,125.4096,208.1996,226.98336348236808,206.52566901668717,13746.494751522954
2457967.42978256,2017.583654435483,18757.023060569332,0.6478866,6.3288,123.0163,212.9496,226.46286373547355,205.39030322618953,13743.072607717753
2457972.74168152,2017.598197622231,18741.04879510977,0.6476357,6.3367,119.4144,220.0903,225.54023995469743,203.69355599681745,13735.763436743548
2457977.45946807,2017.6111142178506,18728.739764401933,0.6474369,6.3415,116.2088,226.4541,224.92625043081534,202.20178157376426,13730.219981339087
2457982.17385921,2017.6240215173448,18716.4966694035,0.6472052,6.3473,113.0097,232.8087,224.94639918287248,200.71065375584192,13725.293354479649
2457988.35465783,2017.6409436217118,18691.98885087119,0.6468739,6.3559,108.8019,241.1653,222.49282415162452,198.76749618378193,13713.098878099074
2457994.52394688,2017.6578342145924,18666.898051514392,0.6464402,6.363,104.5706,249.5503,221.72844171381803,196.84058274671327,13702.237577442964
2457999.51035784,2017.6714862637646,18644.94112785016,0.6460447,6.3705,101.1711,256.2971,221.33943039054157,195.27314504477704,13692.986646802448
2458000.68233523,2017.6746949629844,18639.10685261077,0.6459427,6.3691,100.3856,257.8767,221.1755466468676,194.91211332561187,13690.471088852923
2458006.24067026,2017.6899128549214,18602.304719138392,0.6453124,6.37,96.515,265.5174,219.87051529987002,193.2037722282957,13674.340749674324
2458013.24120723,2017.7090792805748,18566.056052117536,0.6446301,6.3835,91.735,275.0522,219.68118263540327,191.05865899311294,13659.452739769362
2458018.18719638,2017.7226206608625,18538.174653295293,0.6441593,6.3833,88.2984,281.8617,218.50074535085423,189.5566620895351,13647.029171267133
2458020.22073047,2017.7281881737715,18527.297201714126,0.643943,6.3843,86.8648,284.6845,218.6375597507258,188.94155744227226,13642.732793702582
2458028.04652311,2017.7496140263108,18477.94565492718,0.643034,6.3832,81.4756,295.4481,217.86204865673608,186.60265052812218,13621.925081025507
2458030.93652552,2017.7575264216837,18457.743491263565,0.6426975,6.3988,79.445,299.4602,216.86159378719913,185.73568819390204,13612.766869260493
2458032.95676037,2017.7630575232586,18443.28240612167,0.6424023,6.3975,78.0219,302.281,217.13906887957546,185.14219162693496,13607.124725844147
2458037.27843254,2017.7748896168107,18417.5722136163,0.6419115,6.401,74.9674,308.3251,216.98450761554068,183.87223794812735,13596.487721460608
2458041.30400497,2017.7859110334566,18390.664846629777,0.641415,6.4059,72.136,313.9472,216.48025402873918,182.6952279556408,13585.02938374638
2458047.3256148,2017.80239730267,18350.71056751811,0.640713,6.4132,67.8998,322.379,215.0354476718785,180.95577103880623,13567.35664004073
2458051.32890546,2017.8133577151539,18323.59963084806,0.6401643,6.4104,65.0622,328.014,215.34899968595346,179.80742254459943,13556.539781210642
2458052.18559993,2017.8157032167833,18316.70571201483,0.6400261,6.4132,64.4532,329.224,215.39969030625434,179.56404195799394,13553.76057027866
2458055.89276476,2017.8258528809313,18290.7105825673,0.6395153,6.4167,61.8186,334.4569,215.3850171435979,178.50846286470852,13543.085258514131
2458058.17050993,2017.832089007337,18276.962996726063,0.6392639,6.422,60.1864,337.6836,215.02405128327246,177.85795735874956,13537.111981840511
2458060.1613756,2017.8375397004788,18264.027338162545,0.6390127,6.424,58.7648,340.5081,214.94561592948412,177.29860782760085,13531.727959523598
2458063.28517751,2017.8460922039978,18241.281179024714,0.6385549,6.4282,56.5282,344.9484,215.08539988070515,176.42340656075703,13522.507953779455
2458065.27037615,2017.8515273816565,18229.842614653255,0.6383085,6.4314,55.1019,347.7788,215.44282005785863,175.87084260366584,13518.13023575064
2458067.81930499,2017.8585059684876,18209.770613450877,0.6379022,6.4322,53.2773,351.4076,215.58157763521376,175.16275134444436,13509.996853771105
2458071.49494412,2017.868569319972,18188.81406675737,0.6374999,6.4351,50.6387,356.6482,215.31061808095365,174.14194481002767,13501.118907710046
2458072.90694041,2017.8724351551264,18179.518470281426,0.6373231,6.4365,49.6131,358.6751,215.1551022944086,173.75154415450015,13497.146646402567
2458074.88172718,2017.8778418266393,18164.327174067974,0.6370362,6.4386,48.1943,1.4983,214.85691554297227,173.20954240987854,13490.612143437334
2458075.72734112,2017.8801569914308,18158.61950361035,0.6369273,6.439,47.5847,2.711,214.76271144846942,172.97918308488113,13488.172346787347
2458080.23067829,2017.8924864566466,18128.797008610374,0.6363017,6.444,44.3292,9.1811,215.2763530766788,171.7551756072654,13476.330236321617
2458083.03950547,2017.900176606352,18110.56697248323,0.6359112,6.4472,42.2909,13.2247,215.71829633105153,170.9920217132697,13469.19953753317
2458085.84448707,2017.9078562274335,18095.002196305286,0.6355967,6.4478,40.2635,17.2592,215.74221384089378,170.23445812392083,13462.78596257604
2458088.36586002,2017.9147593703485,18080.19232309318,0.6352978,6.4512,38.434,20.8975,215.74961665519277,169.55812667452005,13456.665783859058
2458091.72282512,2017.923950239891,18061.49102403801,0.6349055,6.4548,35.9914,25.7555,216.01473467564483,168.66481363922492,13449.163791230681
2458094.79538997,2017.932362463983,18043.216085592383,0.6344988,6.4586,33.7627,30.1954,216.68083114331785,167.84761296607866,13442.194850342989
2458095.91156442,2017.93541838308,18037.810428840254,0.6343729,6.4597,32.9508,31.8119,216.97601744661824,167.55208209119314,13440.220911551065
2458098.14249164,2017.9415263289256,18028.112826762066,0.6341785,6.4614,31.3202,35.0506,216.93497645533898,166.96132158680243,13436.162555212837
2458099.81450446,2017.9461040505407,18020.022891923127,0.6340109,6.4624,30.1065,37.4682,216.99566019434133,166.51724180537246,13432.861552716497
2458102.8765438,2017.9544874573576,18002.803026843958,0.6336491,6.4656,27.8737,41.9162,217.2067914070085,165.71441535124745,13425.905362595786
2458104.82296016,2017.9598164549218,17993.16186061633,0.6334402,6.4672,26.4571,44.7428,217.4335129951487,165.20597622813278,13422.106243982362
2458107.04526313,2017.9659007888577,17979.97782695821,0.6331685,6.4672,24.8265,47.9855,217.48593622982025,164.62771601128418,13416.67601758551
2458108.71045894,2017.9704598465157,17971.748253024958,0.6329606,6.4697,23.5883,50.4339,218.20339574132868,164.1966552543132,13413.901783485282
2458112.0376692,2017.9795692517453,17957.20529393186,0.6326456,6.4732,21.1764,55.2511,218.52207642916164,163.3225693716788,13408.140684105103
2458114.807017,2017.9871513127991,17943.230786496148,0.6323322,6.4745,19.1509,59.2893,219.01188816330796,162.60572739226973,13402.766138600467
2458116.19045022,2017.9909389465295,17936.21926332374,0.6321868,6.4748,18.1227,61.3282,219.04190314474636,162.25287924937692,13399.874075010348
2458118.12600428,2017.9962382047365,17927.631164607723,0.6320038,6.4763,16.7177,64.14,219.16384357721654,161.75194629481072,13396.407109706719
2458119.78391175,2018.0007773080088,17920.07999963951,0.6318397,6.4774,15.5008,66.5663,219.32572869128217,161.32726911686018,13393.406749992273
2458120.8885498,2018.003801642163,17914.469537556077,0.6317069,6.4781,14.6929,68.1838,219.6392208420948,161.0481088213248,13391.350319788984
2458122.82052581,2018.009091104203,17906.50967809217,0.631514,6.4792,13.2759,71.011,220.16182524147098,160.55410248694346,13388.501409952854
2458125.02704072,2018.0151322127858,17898.992181512825,0.6313274,6.4803,11.6548,74.2426,220.73168493800586,159.9898033971396,13385.877915298499
2458128.8851063,2018.0256950206708,17885.875338468948,0.6310238,6.4821,8.8226,79.8947,221.32601606198568,159.00709255851845,13380.938422923338
2458131.08763146,2018.0317252059133,17878.02116340823,0.6308548,6.4834,7.2045,83.1211,221.44939797056304,158.44452587123112,13377.770624091507
2458133.01358554,2018.0369981808076,17870.297290869123,0.6306794,6.4836,5.7844,85.9528,221.7326176421584,157.95785490923979,13374.799279475237
2458134.93819768,2018.0422674816696,17862.590465930207,0.6305008,6.4838,4.369,88.7782,222.076587088839,157.47090659894786,13371.888225153403
2458137.41088251,2018.0490373237776,17854.439658704163,0.6302926,6.4852,2.5406,92.4195,222.78216467640323,156.8466634400536,13369.11396037101
2458140.43050934,2018.0573046114716,17843.78146716097,0.6300297,6.4849,0.3143,96.8613,223.5328825399838,156.0859398702082,13365.32992851903
2458142.3506169,2018.0625615794656,17837.232509454498,0.6298719,6.4854,358.887,99.699,223.92467798262442,155.6038313924098,13362.941343020899
2458145.36577163,2018.0708166232166,17827.30540180866,0.6296444,6.4844,356.663,104.1359,224.30608847008716,154.8449156420395,13359.128931109535
2458146.46148357,2018.073816519014,17823.64454856747,0.6295602,6.4845,355.8545,105.7506,224.45102184242387,154.5711531550071,13357.726320616783
2458149.74637042,2018.082810049062,17812.842808381556,0.6293015,6.4856,353.4277,110.5966,225.0578098028309,153.75268233771567,13353.746057170245
2458153.84803146,2018.0940397849688,17801.564607214736,0.6289508,6.4827,350.4048,116.6513,227.12000625534074,152.7417774112448,13350.86174931121
2458157.39936714,2018.1037628121564,17792.817407515806,0.628766,6.4818,347.7561,121.9013,227.16247746172212,151.84278762368098,13347.233525733278
2458159.85605469,2018.1104888560992,17786.274568476394,0.6286097,6.4824,345.9293,125.5408,227.5135478688171,151.23411180432004,13344.803316081012
2458163.67406663,2018.1209420030943,17775.513837224054,0.6283349,6.4809,343.0951,131.1907,228.40182786326113,150.2866788860532,13341.081228494282
2458168.03217698,2018.1328738589455,17763.489103167638,0.6280118,6.4785,339.8582,137.6405,229.67203720694397,149.2041107796466,13337.165426041662
2458169.39286911,2018.1365992309657,17759.681649828075,0.6279115,6.4776,338.8496,139.6545,230.03700556205422,148.8683768523514,13335.891575733202
2458172.38454057,2018.1447899810266,17753.06235457079,0.6277316,6.4763,336.6176,144.098,230.76781783630122,148.1312068304219,13333.761677000683
2458174.28706642,2018.1499988129228,17747.90870562873,0.6276146,6.4749,335.2015,146.9197,230.92578250903716,147.66162734777072,13331.737124868429
2458175.91689333,2018.154461035811,17743.81156296972,0.6275021,6.4739,333.9839,149.3425,231.39624520193956,147.26042710807099,13330.433732585678
2458177.27442132,2018.1581777448866,17740.01264782495,0.6274164,6.4736,332.9612,151.373,231.50147637215287,146.93021184082386,13328.930689123046
2458178.90269456,2018.1626357140592,17735.829793705896,0.6273102,6.4721,331.752,153.7846,231.8265586502912,146.52774293868936,13327.461253649895
2458180.80131933,2018.1678338653799,17731.713704337453,0.6271741,6.4711,330.3321,156.6131,232.70582036194537,146.06500846324514,13326.51157229225
2458182.4279704,2018.1722873932924,17728.483126944517,0.6270767,6.4699,329.1162,159.0341,233.22813169446727,145.6668384147058,13325.616734768795
2458184.86671943,2018.1789643242432,17723.870292691645,0.626941,6.4683,327.2915,162.6629,233.91302752125284,145.0672432724308,13324.284341189741
2458187.30411054,2018.185637537413,17719.469326799746,0.6268166,6.4669,325.4646,166.2958,234.4755095708415,144.4708865313413,13322.931778827002
2458188.38694794,2018.188602184641,17716.93141471815,0.6267532,6.4662,324.6525,167.9094,234.65165636302208,144.2051135292616,13322.020041038915
2458192.71525152,2018.2004524340036,17707.2244708526,0.6264899,6.4619,321.4069,174.3628,235.69088283060137,143.14682375870888,13318.855422846007
2458194.60747886,2018.205633070116,17701.871583802433,0.6263407,6.4608,319.9823,177.1914,236.33264469350888,142.68579475827454,13317.1700030721
2458197.03910947,2018.2122905118956,17695.843511157276,0.6261958,6.4591,318.1584,180.8135,236.6443270133368,142.08731571759517,13314.90686391298
2458199.73962029,2018.2196841075709,17690.324508076596,0.6260265,6.4569,316.1252,184.8562,237.57627242118178,141.4351212745163,13313.406681849501
2458202.709114,2018.227814138262,17684.638525045604,0.6258273,6.4523,313.8877,189.3058,238.9726454403317,140.7204102256743,13312.24603287156
2458204.32833536,2018.2322473247368,17680.790280611174,0.625732,6.453,312.6664,191.7254,239.21771674378397,140.32276309471092,13310.840308722625
2458206.75652658,2018.2388953499797,17675.827918674462,0.6256077,6.4507,310.8378,195.359,239.55756887674488,139.73447400731345,13309.04816678025
2458209.18427377,2018.2455421595348,17671.817797674456,0.6254935,6.4488,309.006,198.9965,240.0743320447673,139.14732256747845,13307.813599777872
2458210.80261153,2018.249972926844,17669.326230453673,0.6254072,6.4482,307.7812,201.4247,240.66608677908516,138.75564633610531,13307.285597441522
2458212.15117151,2018.2536650828476,17667.324369753533,0.6253364,6.4467,306.7669,203.4432,241.16705073958929,138.4306701748426,13306.883717430786
2458215.65715665,2018.2632639470226,17662.448748941937,0.6251684,6.4445,304.1198,208.6934,242.30762448390487,137.57817907189155,13305.833823475941
2458217.27516489,2018.2676938121563,17660.170695443794,0.6251108,6.4431,302.8966,211.1182,242.4709638783679,137.18502762371827,13305.01640966199
2458219.16270361,2018.2728616115264,17656.880441571324,0.6250101,6.4419,301.4675,213.9513,243.01553109678662,136.72861985048849,13304.108187549711
2458221.04994941,2018.278028608925,17653.091249825215,0.6248936,6.4405,300.0392,216.7838,243.65120759343608,136.2727007869513,13303.069287893668
2458221.58911597,2018.2795047665156,17652.120585489833,0.6248687,6.4394,299.6313,217.5923,243.72664299156077,136.14188405437085,13302.72590183722
2458224.55422946,2018.2876228048192,17647.420517040464,0.6247075,6.436,297.3826,222.0482,244.80826439140856,135.42659026510955,13301.695113212825
2458225.90190023,2018.291312526297,17645.668334213195,0.6246352,6.4357,296.3654,224.0668,245.42646513827003,135.09969053308373,13301.500276541465
2458228.0580401,2018.2972157155377,17643.072783804604,0.6245463,6.4344,294.7341,227.3023,246.0206560487386,134.57874240642377,13300.92760576415
2458229.13603667,2018.3001671092945,17641.705228454244,0.6244983,6.4333,293.9115,228.9295,246.35400418345762,134.32084065396123,13300.643639333957
2458231.29174292,2018.3060691113483,17638.047367491883,0.6244005,6.4332,292.2814,232.1624,246.70547220626668,133.7989199146341,13299.407322517165
2458232.10004016,2018.3082821085834,17636.955495702296,0.6243625,6.4316,291.6661,233.3802,246.96557001687052,133.60474090994376,13299.17505607979
2458233.17790779,2018.3112331493226,17637.626518257224,0.6237803,6.4309,290.845,235.0181,257.4862574107783,133.3591662438862,13308.729549738784
2458236.67971944,2018.3208205871051,17631.132094897035,0.6241692,6.4288,288.1967,240.2612,248.1861801308287,132.50248864212938,13297.7885063523
2458239.10386085,2018.327457524572,17628.73028463501,0.6240839,6.4273,286.3567,243.9068,248.78723655188242,131.9187911540239,13297.302246530828
2458240.98913964,2018.3326191365907,17626.93689988712,0.6240036,6.4261,284.9308,246.7351,249.52851738471782,131.46301082732953,13297.196675903946
2458242.33567885,2018.336305760027,17625.876930531573,0.6239607,6.425,283.908,248.7592,249.88612284324063,131.13712639030666,13297.063225894753
2458244.22072358,2018.3414667312254,17624.340283306745,0.6238994,6.4245,282.4817,251.5876,250.3886551558371,130.68127675883068,13296.85563906681
2458245.56706626,2018.3451528165917,17622.623011970874,0.6238342,6.424,281.4632,253.6068,250.8917833964333,130.35498602695884,13296.571984986987
2458247.18245718,2018.3495755158938,17620.34356723807,0.623773,6.4232,280.236,256.0366,251.11269927127614,129.96541427821535,13295.801707871935
2458250.14345047,2018.3576822737034,17616.490091465348,0.6236565,6.4206,277.9777,260.5021,251.71523873738988,129.25418146676748,13294.700852783617
2458252.02735372,2018.3628401196984,17614.215696375955,0.6235612,6.4208,276.5665,263.3167,252.53791968492806,128.80075690860826,13294.461911256572
2458254.4491139,2018.3694705377134,17611.651545595283,0.6234376,6.4193,274.73,266.9586,253.74947397306823,128.21920642315445,13294.442034438558
2458257.67755748,2018.3783095345107,17608.770878194573,0.6232765,6.4135,272.2567,271.8437,255.5014959315331,127.44896757612582,13294.762801621991
2458259.56054005,2018.3834648598215,17607.384372259,0.6232899,6.4166,270.8416,274.6506,254.74322761212534,126.98485046426083,13293.508479611188
2458261.1743842,2018.3878833242984,17606.13063244431,0.6232345,6.4159,269.617,277.0797,255.24631079819665,126.59870325255315,13293.419673847566
2458263.86380213,2018.3952465492946,17603.695681968802,0.6231521,6.4163,267.5778,281.1239,255.77944998901148,125.95294225392854,13292.856589022904
2458267.09058564,2018.404081001068,17601.41629217529,0.6230706,6.4137,265.1525,285.9513,256.35498215985626,125.17463961544229,13292.396444434833
2458270.31681602,2018.4129139384527,17599.1082647357,0.6229605,6.4118,262.691,290.812,257.42268058181526,124.39398215705046,13292.356414292373
2458273.00486828,2018.4202734244493,17596.642748940572,0.6228693,6.4106,260.6652,294.8365,258.0978975578828,123.74326719821715,13291.904327854725
2458275.15495963,2018.4261600537445,17594.96671406424,0.6228162,6.4095,259.0359,298.0681,258.4001060842629,123.22638065193837,13291.459085320941
2458277.03607332,2018.4313102623412,17593.506343439334,0.6227688,6.4086,257.6071,300.8993,258.6832101432319,122.77470555721152,13291.088422052397
2458281.06633345,2018.44234451321,17590.602047584645,0.6226648,6.4063,254.5554,306.9554,259.4170417457608,121.80677524444127,13290.501007658384
2458282.94682991,2018.4474930319232,17589.28723605049,0.6225878,6.4047,253.1346,309.7782,260.2752921897345,121.35530850767282,13290.696789629172
2458285.90151574,2018.4555825208486,17587.46738774213,0.6225136,6.4028,250.9002,314.2098,260.8934493161805,120.64029249448538,13290.467294133143
2458288.05011231,2018.4614650576589,17586.03839725198,0.6224815,6.4015,249.2732,317.4385,260.91853667297164,120.12427924284304,13289.882937273005
2458289.12430603,2018.4644060397814,17585.102178314657,0.6224526,6.4006,248.4621,319.0528,261.0733061570345,119.86872567874605,13289.621477681125
2458291.80948329,2018.4717576544563,17583.15367801531,0.622388,6.3986,246.4274,323.0909,261.4735266627167,119.22554439571218,13289.145754530062
2458293.68885652,2018.4769030979335,17581.563786140712,0.622332,6.3971,245.0045,325.9136,261.85773198419065,118.77298474392694,13288.808042175298
2458296.10480795,2018.4835176124575,17579.354260570737,0.6222703,6.3957,243.1733,329.5437,262.1079110391056,118.19065951531172,13288.089584507283
2458297.98356924,2018.4886613805345,17577.859378329584,0.6222126,6.3945,241.7506,332.3656,262.55749210474914,117.73810300760806,13287.849301907532
2458302.00880416,2018.4996818731286,17575.35661207579,0.622138,6.3901,238.7148,338.3997,262.9231001521821,116.76902567375453,13287.10727326114
2458302.81376318,2018.501885730814,17574.9702448606,0.6221237,6.3894,238.1059,339.6088,263.0284287380182,116.57583690695765,13287.035574238316
2458304.15529949,2018.5055586570563,17574.234674469284,0.6221069,6.388,237.0896,341.6255,263.04572126268795,116.25398345969427,13286.738375895644
2458306.03331106,2018.5107003725125,17573.06774246176,0.6220835,6.386,235.664,344.4523,263.0159554940492,115.80416589552647,13286.216714092412
2458308.9840581,2018.5187790776174,17570.903184450675,0.6220411,6.3818,233.426,348.8929,262.9429396014739,115.09843205769334,13285.233412312162
2458311.3979158,2018.5253878598223,17569.22315467466,0.6219733,6.3772,231.5937,352.5268,263.49915072525164,114.52087046396537,13285.007454381715
2458313.00694816,2018.5297931503353,17568.064090973203,0.6219289,6.3753,230.3704,354.9493,263.8410157447388,114.13416587925349,13284.814763817707
2458314.34768836,2018.5334638969478,17567.163619068095,0.6219069,6.3731,229.3521,356.9685,263.88705094067427,113.813597098836,13284.472578821422
2458315.95644328,2018.5378684278712,17566.084725061843,0.6218913,6.3712,228.1289,359.3919,263.75315948298976,113.4281659663427,13283.896882188317
2458316.76076322,2018.5400705358522,17565.42931000467,0.6218822,6.3701,227.5171,0.6057,263.66518675448333,113.23740709320091,13283.541333667064
2458318.63734439,2018.545208335086,17563.97490327215,0.6218527,6.3665,226.0884,3.4371,263.6333869401233,112.79049936904747,13282.895550193292
2458319.97762539,2018.5488778244764,17562.97227551146,0.6218257,6.3649,225.0684,5.4567,263.7284462109528,112.46908318845288,13282.552855920745
2458321.85381739,2018.55401455822,17561.39629379883,0.6217873,6.3624,223.6357,8.2891,263.8068080476478,112.0195590408423,13281.95187481823
2458323.99774036,2018.5598842994114,17559.881379607057,0.6217551,6.3594,222.0007,11.5241,263.79927644133295,111.50645221193267,13281.301534401937
2458326.14137687,2018.5657532563182,17558.395056619942,0.6217168,6.3562,220.3683,14.7567,263.9095688823736,110.99382772545232,13280.766526089352
2458329.35634143,2018.5745553495688,17556.48342537621,0.6216709,6.3509,217.9139,19.6097,263.9922734874981,110.22367415525017,13280.026533521972
2458331.2314831,2018.579689207666,17555.291405034437,0.6216459,6.3479,216.4777,22.447,263.98017978954067,109.77658524026398,13279.509297700737
2458334.44555974,2018.588488869925,17553.19046482147,0.6216174,6.3421,214.0087,27.3165,263.6855463743559,109.0092068270394,13278.358231786762
2458336.05237482,2018.5928880898568,17552.105847964413,0.6216115,6.3392,212.7704,29.7561,263.3787036524827,108.62678765152401,13277.628456967506
2458337.12349543,2018.595820658262,17551.34750245159,0.6215966,6.3369,211.9431,31.3849,263.353269509189,108.37256302565629,13277.283829216753
2458340.33642547,2018.604617181301,17549.17681247634,0.6215363,6.3297,209.4528,36.2783,263.5900884040011,107.6089147316425,13276.56844911196
2458341.94264787,2018.609014778563,17548.14876084311,0.6215026,6.3271,208.2085,38.7228,263.792380792338,107.22597971729172,13276.308513015128
2458344.08405091,2018.6148776205614,17546.814964762627,0.6214828,6.3235,206.5511,41.9801,263.63496938004846,106.71525659786639,13275.603605888362
2458346.76044,2018.6222051745376,17544.922639594315,0.6214759,6.3177,204.4726,46.0601,263.03975172206265,106.078837166456,13274.277899498782
2458349.43628822,2018.629531247693,17542.458371594737,0.6214043,6.3146,202.3984,50.1356,263.36300691476936,105.44275083051195,13273.513068686467
2458351.30904464,2018.6346585753322,17540.915369490078,0.6213898,6.3119,200.9437,52.9895,263.03317622571194,104.99611288044849,13272.568197089833
2458353.71647012,2018.6412497470774,17539.11269885211,0.6213489,6.3087,199.0728,56.6621,263.06801644432016,104.42499105214719,13271.832078597854
2458357.72796203,2018.6522326133609,17535.482106222138,0.6212556,6.3038,195.9527,62.7818,263.32934903183923,103.47075919004732,13270.516618261932
2458359.59947653,2018.6573565408082,17533.836257438168,0.6212472,6.3017,194.4945,65.6399,262.85327724622675,103.02604530902687,13269.399951716592
2458362.27259886,2018.6646751508827,17531.840266079365,0.621194,6.2987,192.4003,69.7327,263.02998383245995,102.38994568227935,13268.705495499456
2458364.6779709,2018.6712607006166,17530.063640017455,0.6211864,6.2962,190.5042,73.4301,262.49021570411605,101.82044777803651,13267.477446389592
2458367.61726092,2018.6793080381105,17527.704344311343,0.6211301,6.2938,188.1764,77.9623,262.5832921588035,101.12780628019709,13266.55513706677
2458368.68591051,2018.6822338412317,17526.869183027407,0.6211134,6.2929,187.3299,79.6086,262.5595734020317,100.87431715656817,13266.17905349604
2458369.75447713,2018.685159417193,17526.158370220066,0.6210925,6.2916,186.4827,81.2553,262.6565526641589,100.62060981048097,13265.961443663748
2458373.76088481,2018.6961283636133,17523.1716956507,0.6210214,6.2899,183.3287,87.4073,262.77077677732905,99.66978909919646,13264.790450310558
2458375.89706096,2018.701976895168,17521.21128383912,0.6209877,6.2897,181.6396,90.6969,262.61828747381605,99.16481773956605,13263.822813809104
2458379.36740517,2018.711478179795,17518.263241093984,0.6209266,6.2901,178.9151,96.0212,262.5713088965158,98.34415527381464,13262.527036183534
2458381.23558607,2018.7165929803423,17516.693059397567,0.6208924,6.2906,177.4564,98.8806,262.5751656848688,97.90352707680677,13261.86207092412
2458384.70427071,2018.7260897213137,17514.16465441936,0.6208306,6.2907,174.7352,104.1992,262.6990035173958,97.08210032712475,13260.894031776723
2458386.83825043,2018.7319322393698,17512.35747304278,0.6207917,6.2915,173.0465,107.4844,262.6950063448485,96.5752938268572,13260.121177405348
2458390.83827072,2018.74288369807,17509.416517085396,0.6207444,6.2945,169.8944,113.6344,262.40796683713234,95.63066869477365,13258.618165984335
2458393.23746118,2018.7494523235591,17507.48393019036,0.6207153,6.2974,167.9926,117.3364,262.18449021707147,95.06616351872464,13257.599988835462
2458394.30354967,2018.7523711147712,17506.46642631198,0.6206852,6.2987,167.1522,118.9769,262.32551120324297,94.81549868240006,13257.289951703664
2458396.70174919,2018.7589370272149,17504.60547492464,0.6206292,6.3018,165.2609,122.6699,262.5998827065405,94.25347020265588,13256.737199091302
2458399.36565337,2018.7662303993704,17502.602230449254,0.6205542,6.3061,163.1582,126.7701,263.1526054146025,93.62535622665331,13256.366876393082
2458401.22986095,2018.77133432156,17500.84342493407,0.6205147,6.3091,161.6954,129.6306,263.17651736413427,93.18564423839507,13255.638598101006
2458403.09356391,2018.776436862177,17499.06030085871,0.6204789,6.3122,160.2309,132.4896,263.1263143482274,92.74322961632117,13254.83517143141
2458404.69060723,2018.7808093284877,17497.54343039687,0.6204462,6.3145,158.9857,134.9334,263.1227996721682,92.36774174438227,13254.185899728374
2458407.61747595,2018.7888226583166,17494.688394515055,0.6203902,6.3191,156.7034,139.4127,263.018862504181,91.67994300600344,13252.87875937288
2458410.54297251,2018.7968322313764,17492.216430409604,0.6203259,6.3233,154.4238,143.889,263.2052302209795,90.99319670451166,13251.988185184804
2458412.13814264,2018.801199569171,17491.01080500021,0.6203195,6.3277,153.1724,146.3392,262.85942794788116,90.61975509837816,13251.172540906911
2458413.20139631,2018.8041105990685,17490.245558165305,0.6202867,6.3288,152.348,147.9616,263.14255870129,90.36978433533977,13251.093608674975
2458416.12443321,2018.812113437947,17487.931406356794,0.6202162,6.3344,150.0742,152.4283,263.4967436455272,89.68166233910182,13250.416516560732
2458418.5150014,2018.818658456947,17486.137845703244,0.6202165,6.3396,148.2154,156.0792,262.81033252363886,89.11755549906388,13249.052976455543
2458419.84269459,2018.8222934827922,17484.989735097144,0.6201423,6.3429,147.1861,158.1119,263.67168529760966,88.81234619479096,13249.315326502166
2458421.17010015,2018.8259277211503,17483.96758131736,0.6201597,6.346,146.1553,160.1384,262.979191277861,88.49972038587549,13248.275303237799
2458423.29338763,2018.8317409654485,17482.29317244379,0.620108,6.3523,144.504,163.39,263.2470178660169,88.00725243858119,13247.795248757362
2458426.21191335,2018.8397314533881,17479.98351121929,0.6200452,6.3592,142.2465,167.844,263.46733900862273,87.32717678025051,13247.002808655567
2458428.33379703,2018.845540854292,17478.18739759403,0.6199909,6.3637,140.6083,171.0802,263.733962591049,86.83379245488209,13246.469586676352
2458429.92484183,2018.8498968975498,17476.782019414066,0.6199611,6.3668,139.3834,173.499,263.7207141978997,86.4595168820947,13245.858763662676
2458431.78070835,2018.8549779831617,17475.17907964909,0.6199292,6.3714,137.9592,176.3166,263.6689929454942,86.02372606182291,13245.130102064632
2458433.90129355,2018.8607838290216,17473.367123314387,0.6198981,6.3749,136.3295,179.5435,263.5237429693325,85.53082155221131,13244.230694075424
2458436.02152679,2018.8665887112668,17471.51672103365,0.6198683,6.3791,134.702,182.7692,263.34105274494686,85.03926394392698,13243.282202638713
2458437.87654856,2018.8716674840791,17470.131486640214,0.6198391,6.3821,133.2804,185.5859,263.3246090794819,84.60600573154477,13242.677047224093
2458438.9364998,2018.8745694724164,17469.284272304827,0.6198178,6.3837,132.4653,187.2015,263.3746270702486,84.36178993011896,13242.359298363923
2458440.52639341,2018.8789223638873,17468.139111819135,0.61981,6.3868,131.2483,189.6165,263.07550892251766,83.99274900058998,13241.610027079969
2458442.91117689,2018.885451545216,17466.277182706377,0.619768,6.3912,129.4222,193.2371,263.10120573481163,83.43674372224973,13240.838201552884
2458445.0309612,2018.8912551983576,17464.5764242455,0.6197289,6.395,127.8069,196.447,263.1373878819022,82.94202859124863,13240.144207656394
2458446.88579406,2018.8963334539626,17463.24074927964,0.6197138,6.3982,126.3876,199.2648,262.893164228708,82.51235657346484,13239.361485592877
2458449.00571091,2018.9021374699796,17461.716994028196,0.6197112,6.4025,124.7724,202.4807,262.3591015985894,82.02361080731873,13238.245861285659
2458450.59572866,2018.9064907013278,17460.49137396859,0.6196978,6.4055,123.5599,204.8953,262.12698260127854,81.65854752196958,13237.520634231352
2458452.18581716,2018.9108441263797,17459.24549374268,0.6196705,6.4086,122.3522,207.3049,262.12980901240644,81.2932145033152,13236.9915442382
2458456.16128012,2018.9217283507728,17456.30297729909,0.6196161,6.4144,119.3224,213.3363,261.9603060866384,80.37649372176662,13235.58829053908
2458458.28166022,2018.9275336350995,17454.692828822983,0.6195813,6.4169,117.7063,216.5517,261.9552548401616,79.88589136415271,13234.896807233843
2458460.93227482,2018.9347906223677,17452.758588296016,0.6195641,6.4195,115.6893,220.5696,261.5196210211252,79.27427594761343,13233.69177076751
2458461.9925443,2018.9376934819984,17451.738759301184,0.6195533,6.4205,114.8828,222.1759,261.32012023823063,79.02904648056892,13233.082714824683
2458465.17331819,2018.9464019662971,17448.82760059147,0.6195277,6.4231,112.4587,227.0039,260.65926950051744,78.29789213302604,13231.264499450026
2458468.08895974,2018.9543845578098,17446.43342439369,0.6195009,6.4255,110.2332,231.433,260.21591619171704,77.62775918849218,13229.856404000748
2458470.20935483,2018.9601898831759,17444.665237400022,0.6194892,6.4269,108.6168,234.6539,259.7472252152729,77.14234205669885,13228.693388646776
2458473.12474574,2018.968171788474,17442.076906865655,0.6194554,6.4286,106.3928,239.0826,259.35187969242816,76.47355614939875,13227.2442055788
2458476.03992274,2018.9761531081174,17439.68174526698,0.6194523,6.4305,104.1723,243.5072,258.49447689333556,75.80438107777155,13225.474926003924
2458478.15992002,2018.9819573443397,17437.917765971324,0.6194556,6.4321,102.562,246.7237,257.7656535008982,75.32105603775437,13224.087072058617
2458480.0147831,2018.9870356826837,17436.254914712874,0.6194576,6.4331,101.1427,249.5525,257.0979922566312,74.90235423386446,13222.79566511522
2458481.0746371,2018.9899374047916,17435.195976300904,0.61944,6.4334,100.3321,251.1679,257.00188074107155,74.6625342750549,13222.259938186766
2458482.9291954,2018.9950149086924,17433.01938922464,0.619405,6.4338,98.9055,254.0,256.7837144419518,74.24013287077304,13221.140789299961
2458483.98883563,2018.9979160455305,17431.828712828155,0.6193961,6.4345,98.098,255.6111,256.4856922343761,73.99932360902852,13220.372920970527
2458486.10790149,2019.0037177316628,17429.653669187323,0.6193637,6.4352,96.4796,258.8337,256.22258292088736,73.51491660140186,13219.215229611345
2458489.02121104,2019.0116939385084,17426.93888946331,0.6193531,6.4355,94.2487,263.2724,255.3739647636512,72.85128213696322,13217.317139650238
2458491.93396498,2019.0196686241748,17423.86591545731,0.6193486,6.4359,92.0121,267.717,254.28265413110603,72.18839529708339,13215.054755840538
2458494.84612504,2019.0276416838883,17420.75498555158,0.61932,6.4361,89.7767,272.1629,253.59670789977554,71.5285938002101,13213.129196426557
2458496.43431299,2019.0319899055166,17419.132325181858,0.6193232,6.4364,88.5521,274.5946,252.92325232678922,71.17033401402728,13211.849912845542
2458500.93315175,2019.0443070547567,17414.4664840686,0.6192965,6.4368,85.0899,281.4771,251.6120411176089,70.15646028757874,13208.715937583625
2458502.25603343,2019.0479289074055,17413.04124915113,0.6192789,6.4369,84.0669,283.5074,251.3759187221931,69.85989333400335,13207.901783322433
2458504.90139179,2019.0551715038735,17410.398843402916,0.6192874,6.4372,82.03,287.5539,250.22191070891586,69.26215860555328,13205.768635070734
2458507.01729265,2019.0609645247089,17408.108645986526,0.6193051,6.4374,80.4007,290.7952,249.04188017297474,68.78867110477165,13203.763203251494
2458507.28175301,2019.0616885777142,17407.753172339322,0.6193015,6.4375,80.1962,291.2002,248.9692210798221,68.72851202288291,13203.548155663484
2458512.30493301,2019.0754412950312,17400.448214729593,0.6192204,6.4387,76.3016,298.9289,247.59941102544872,67.61163378877916,13199.236213554577
2458513.89062311,2019.079782677919,17398.61153648926,0.6192171,6.4392,75.0712,301.3681,246.95745683783753,67.25753594919388,13197.89297674941
2458516.79706363,2019.087740078385,17394.623167191443,0.6191777,6.4392,72.8188,305.8355,246.12410216312855,66.60787178144699,13195.464226414044
2458518.3819484,2019.0920792563993,17392.211882259286,0.619168,6.4395,71.585,308.2799,245.37453554456715,66.25636769627312,13193.78190512771
2458521.28679269,2019.1000322866255,17387.997932270664,0.6191302,6.44,69.33,312.7518,244.4269948643423,65.61017681484924,13191.157341538785
2458523.13479085,2019.1050918298422,17385.167108451613,0.6191121,6.4405,67.8909,315.6044,243.66349108720624,65.20224125679982,13189.283680226077
2458525.24623331,2019.110872644244,17381.657672965277,0.6190744,6.4407,66.2538,318.8547,242.9820780689015,64.73434807219627,13187.191592026027
2458528.14847949,2019.1188185612323,17377.02274975695,0.6190368,6.4413,63.9923,323.3411,241.869893220206,64.09871795639401,13184.243781198442
2458529.20354257,2019.1217071665164,17375.047401277396,0.6190067,6.4416,63.1724,324.9677,241.64034706909842,63.865520054093736,13183.20016945114
2458532.10418206,2019.1296486846265,17370.71930072597,0.6189634,6.4431,60.9078,329.4553,240.74352190300033,63.2295735344137,13180.57073563321
2458532.89508148,2019.1318140492267,17369.57275891979,0.6189563,6.4433,60.2914,330.678,240.4299714780036,63.05634227840625,13179.80806491108
2458535.53080371,2019.1390302634093,17365.201592577712,0.6189457,6.4446,58.2348,334.7572,238.94843721858433,62.48110517267634,13176.651435738522
2458537.90205831,2019.1455224046813,17360.581807372662,0.6189051,6.4462,56.3839,338.4311,237.89288782250424,61.96693431470197,13173.759183508577
2458539.21903404,2019.1491280877203,17358.284300104973,0.6188848,6.4467,55.3546,340.4745,237.36969269136625,61.68298842065093,13172.322310499587
2458541.58894221,2019.15561654267,17354.298524157,0.6188393,6.4483,53.5002,344.1533,236.64027347664887,61.17154463882764,13169.984584315387
2458543.69480297,2019.1613820752093,17350.029641936177,0.6187818,6.4491,51.8538,347.4187,236.01077004555282,60.71495292468893,13167.612684438425
2458545.53671481,2019.1664249549897,17345.62255935979,0.6187294,6.45,50.4121,350.276,235.23962058064262,60.31511620374903,13165.058415169577
2458547.11496574,2019.170745970541,17342.238973388794,0.6186925,6.4505,49.1761,352.7283,234.5894873454481,59.97585060521544,13163.046780494105
2458549.21858722,2019.176505372266,17337.761944133545,0.6186434,6.4512,47.5289,355.9952,233.73364662415952,59.52216598421677,13160.388802591333
2458551.84690354,2019.1837013101717,17331.42980440383,0.6185578,6.4523,45.4711,0.0812,232.8024137373659,58.95982833820716,13156.872030342525
2458553.94852022,2019.1894552230524,17326.38054288451,0.6184937,6.4531,43.8257,3.3501,231.98703330786066,58.51191970114087,13154.004271788215
2458556.31172641,2019.19592532898,17320.35001369175,0.6184311,6.4542,41.9713,7.0324,230.77060233934571,58.01058156720296,13150.368198968165
2458558.14889635,2019.2009552261466,17315.434514556717,0.6183584,6.4551,40.5282,9.8997,230.15383283064875,57.62401858721057,13147.72990690496
2458560.2475166,2019.2067009352497,17309.345789341198,0.6182588,6.4562,38.881,13.1717,229.55413283805592,57.180363310111545,13144.604329289241
2458561.82070456,2019.211008089144,17304.626873975067,0.6181856,6.4573,37.6465,15.6262,229.01942711066567,56.849787908210146,13142.120950982926
2458563.13123289,2019.2145961201638,17300.992136069097,0.6181376,6.4578,36.6188,17.6683,228.46207946047252,56.57249674102559,13140.081664100144
2458566.27477069,2019.2232026576048,17291.731359642232,0.6180462,6.4597,34.1493,22.58,226.50620139451712,55.91634326229726,13134.420315955738
2458568.10731379,2019.2282198871728,17286.184163745187,0.6179654,6.4607,32.711,25.4469,225.7841525227268,55.53874061776499,13131.419200617494
2458569.93896306,2019.2332346695682,17280.579196950704,0.6178746,6.4613,31.2695,28.3147,225.21193786646563,55.15971895543201,13128.523130792217
2458570.72367433,2019.235383091937,17278.101769287874,0.6178346,6.4623,30.6502,29.5466,224.956373900608,54.99888690273958,13127.240661444897
2458572.2925399,2019.2396784117732,17272.673617958884,0.6177353,6.4628,29.4165,32.0001,224.59709876696797,54.672371761640974,13124.604589296412
2458574.64455195,2019.2461178698154,17265.533988219984,0.6176341,6.4638,27.5591,35.6916,223.6151423863239,54.18826686648976,13120.695055205166
2458576.21168572,2019.2504084482407,17260.142328724884,0.6175449,6.4643,26.3238,38.146,223.09316034670883,53.86275863336428,13117.932804232829
2458577.51705762,2019.2539823617249,17255.2306229275,0.6174715,6.4647,25.2927,40.1976,222.4811873425224,53.59664977906648,13115.29789385194
2458578.82181455,2019.2575545915129,17249.650797765196,0.6173828,6.465,24.2647,42.2448,221.8767892186852,53.329847055356254,13112.383038904121
2458580.12592936,2019.2611250632713,17243.84948715252,0.6172865,6.4644,23.2306,44.2994,221.3176907013476,53.064977222361705,13109.41221326103
2458581.95063805,2019.2661208433956,17236.330268162183,0.6171528,6.4654,21.7884,47.1698,220.74448144114194,52.69469637761355,13105.692334191954
2458584.29467712,2019.2725384726082,17224.33750975035,0.6169468,6.4657,19.9294,50.8685,219.70130098990194,52.224049861025804,13099.646321867465
2458585.59585317,2019.2761008984803,17218.077808222053,0.61684,6.4662,18.8968,52.9248,219.14239299836117,51.96527654710712,13096.477467115417
2458587.93620434,2019.282508430773,17207.65163437434,0.6166371,6.4665,17.0425,56.6196,218.63893274348538,51.49906492171566,13091.568288209335
2458591.5726299,2019.2924644213558,17192.218345197332,0.6163679,6.4667,14.1574,62.3673,217.35052742657808,50.77750831193413,13083.829153875558
2458593.90774961,2019.2988576306914,17182.70428717245,0.6162246,6.4674,12.3046,66.061,216.1629108913221,50.31685295110847,13078.71698813482
2458596.75885542,2019.3066635329778,17169.223411795472,0.6160173,6.4671,10.0327,70.59,214.5484625644376,49.76382812796976,13071.531076185282
2458597.7947699,2019.3094997122516,17164.270779674087,0.6159207,6.4668,9.2073,72.2355,214.30480606767742,49.562903589401884,13069.192498742344
2458598.83022566,2019.3123346356194,17159.32974408988,0.6158291,6.4667,8.3789,73.8844,213.9788511837778,49.362831177002064,13066.787509101872
2458600.38254456,2019.3165846531415,17152.30032692732,0.615699,6.4667,7.1421,76.351,213.50986793849643,49.06262486909995,13063.360954545695
2458601.15834633,2019.3187086826279,17148.937882166716,0.6156439,6.4667,6.5212,77.5873,213.16258353185822,48.91337425398041,13061.615576417062
2458603.22594404,2019.3243694566459,17139.617820339216,0.6154681,6.4659,4.8595,80.8883,212.59350572889798,48.51479560751331,13057.116606841306
2458605.54992137,2019.3307321598086,17128.85570517349,0.6152874,6.4655,3.0014,84.5911,211.55031336212596,48.06892246888427,13051.587260002283
2458606.58203393,2019.3335579299928,17123.581937392664,0.615193,6.4656,2.1798,86.2344,211.13789458225892,47.87334520258156,13048.9624226808
2458611.22000703,2019.3462560082953,17097.62085703543,0.6147185,6.4631,358.451,93.6642,209.26071022989618,47.00303701372269,13036.168187760139
2458614.30585495,2019.3547045994528,17080.31054616751,0.6143828,6.4617,355.9532,98.6319,208.32522794358647,46.431444197027076,13027.904707138692
2458615.59010165,2019.3582206752908,17071.606014654128,0.6142182,6.4613,354.9145,100.7007,207.77859722409448,46.19575689529279,13023.682300100232
2458616.87324542,2019.3617337314713,17062.90564346966,0.6140454,6.4607,353.8763,102.7672,207.37062246307596,45.959356670290504,13019.57988903719
2458618.41174422,2019.3659459116227,17052.682505524746,0.6138317,6.4596,352.6297,105.2515,207.06911359823243,45.68067181583706,13014.910889989716
2458620.20480679,2019.3708550493914,17041.464984815444,0.6136124,6.4581,351.1817,108.1399,206.47445596687703,45.35378221908354,13009.559313210379
2458621.48446943,2019.3743585747573,17033.915629665273,0.6134769,6.457,350.1356,110.2136,205.8655743166728,45.12011308742001,13005.777617610129
2458625.06272678,2019.384155309459,17013.095543538857,0.6131081,6.4547,347.2209,116.0177,204.09255972127994,44.48268859481806,12995.264331176586
2458626.59410978,2019.3883480076117,17004.58951759116,0.6129535,6.453,345.9785,118.4993,203.43055672034643,44.21251725980653,12991.021182606095
2458628.37912151,2019.393235103381,16994.43565679007,0.6127492,6.4515,344.5175,121.4069,202.97250364047977,43.89976278290317,12986.239539682456
2458629.65302674,2019.3967228658182,16987.339326818445,0.6126066,6.4503,343.4753,123.4811,202.64683876990784,43.67616830547831,12982.89210622186
2458632.19817724,2019.4036911081173,16972.69090927613,0.6123116,6.4479,341.3831,127.635,201.97908231180918,43.229301077759146,12975.983777796024
2458633.46928276,2019.4071712053658,16964.409994619447,0.6121649,6.4468,340.3353,129.7154,201.25734670423208,43.0090660683511,12971.782512283813
2458634.48538832,2019.4099531507732,16957.489621434597,0.6120277,6.4464,339.4973,131.3805,200.8999506541104,42.83466572162047,12968.48111652425
2458637.27630922,2019.4175942757568,16940.26684650799,0.6117134,6.4436,337.1949,135.9561,199.54231692330995,42.35706072760257,12959.861869871293
2458639.0498193,2019.4224498817248,16928.642964880073,0.611479,6.4415,335.7318,138.8691,198.99699335817058,42.0589425791037,12954.35948356921
2458642.08488832,2019.43075944783,16906.70675217812,0.6110278,6.4377,333.2194,143.8657,198.1026201495779,41.55169878115771,12944.085160139537
2458643.34752138,2019.4342163487477,16897.40712205538,0.6108367,6.4355,332.17,145.9495,197.7144170625752,41.34161445086943,12939.719559659212
2458645.11309529,2019.4390502266667,16883.9765931803,0.6105538,6.4331,330.6989,148.8714,197.2642251030138,41.05221839997341,12933.506584539644
2458647.12814842,2019.4445671414642,16870.50424908226,0.6102795,6.4311,329.0127,152.2136,196.64505120446302,40.722129072904636,12927.128689832023
2458647.88308793,2019.4466340531958,16865.517313126045,0.6101939,6.4303,328.381,153.4675,196.14522831214344,40.60024084947497,12924.536746974552
2458650.64774048,2019.4542032593567,16845.846064154146,0.6097772,6.4273,326.0599,158.0665,195.49691952320973,40.15322663159884,12915.435763017978
2458651.40076835,2019.4562649373029,16840.45483680393,0.6096768,6.4266,325.4261,159.3223,195.08392135678696,40.03302257096186,12912.740316384507
2458652.90558357,2019.4603848968372,16829.7522394274,0.6094678,6.4252,324.1586,161.8336,194.4238675185088,39.793637138615225,12907.524128228111
2458653.90786918,2019.4631290052846,16822.286732627388,0.6093151,6.4243,323.3138,163.5088,194.07710990785745,39.63615809754589,12903.981266604551
2458654.65908747,2019.46518572887,16816.515814174658,0.6091985,6.4236,322.6805,164.7642,193.78330495317823,39.51783760676699,12901.220154084085
2458655.91012672,2019.4686108876663,16806.297862508538,0.6089949,6.4223,321.6245,166.8589,193.21187635993647,39.32348044015811,12896.286686953035
2458657.40966932,2019.472716411554,16793.514039093887,0.6087284,6.4208,320.3579,169.3716,192.68880769872885,39.09159184055949,12890.27505677367
2458658.6579145,2019.476133920603,16783.551009725135,0.6085223,6.4202,319.3008,171.466,192.24964711987377,38.89858858294758,12885.561459887545
2458660.4035071,2019.480913092676,16770.11720370908,0.6082273,6.4184,317.8215,174.4003,191.93779621355588,38.63308663659768,12879.440940844288
2458661.40000175,2019.4836413463377,16761.945745056935,0.6080619,6.4173,316.9746,176.0779,191.50886762069877,38.481615318411286,12875.513861150104
2458662.39575194,2019.4863675617798,16753.913629962877,0.6078809,6.4161,316.1285,177.7571,191.39323405877713,38.33327775925807,12871.91185292754
2458663.1421029,2019.488410959343,16748.123857799936,0.6077633,6.4151,315.4937,179.0151,191.09253317471575,38.22085463658857,12869.130766486194
2458664.38513231,2019.4918141883913,16738.159901226467,0.6075485,6.4136,314.4352,181.1138,190.77966047617792,38.035892179074835,12864.516584684161
2458665.37875799,2019.4945345872416,16730.169334461378,0.6073807,6.4128,313.586,182.7958,190.4510729776921,37.88934859305289,12860.749406439776
2458666.61977026,2019.497932293662,16719.19420135016,0.6071597,6.4115,312.5234,184.9016,189.83696581665845,37.70937428166394,12855.435972993106
2458667.61169112,2019.5006480249695,16709.74560027347,0.6069597,6.4103,311.674,186.5849,189.46712365516396,37.565611011008684,12850.994390769069
2458668.35508759,2019.5026833335796,16702.351377012405,0.6067984,6.4095,311.0365,187.8477,189.25498520348083,37.45819991135477,12847.582810281425
2458669.34557541,2019.5053951414372,16693.08136520936,0.6065974,6.4083,310.1864,189.5316,188.96531108491217,37.315749082604384,12843.284470868586
2458670.08792589,2019.5074275862833,16686.108713983096,0.6064443,6.4077,309.5476,190.799,188.77689520771582,37.212668937993044,12840.075308373236
2458671.07708749,2019.5101357631481,16677.181974855277,0.6062446,6.4066,308.6966,192.4833,188.59415938192888,37.07102526664028,12836.014897026653
2458672.0655389,2019.5128419956193,16668.730862494973,0.6060713,6.4062,307.8451,194.1709,188.15517931252361,36.93288157702898,12831.945387350088
2458673.05332131,2019.5155463964677,16660.07137891239,0.6058789,6.4057,306.9934,195.8584,187.94935793546847,36.79509727160314,12827.979990557222
2458673.79368125,2019.5175733915125,16653.054208889913,0.6057209,6.405,306.3545,197.1245,187.81492573232663,36.692579055487556,12824.792952626636
2458674.533613,2019.519599214237,16645.636929189823,0.6055571,6.4045,305.7151,198.39,187.6170026967293,36.589382874679586,12821.376263015754
2458676.99675998,2019.5263429431348,16620.972819736977,0.6050158,6.4033,303.5781,202.6185,186.88535242555372,36.253140471472534,12809.946523365737
2458678.2265931,2019.5297100427106,16610.075982813083,0.6047699,6.4025,302.5088,204.7322,186.66569169481318,36.085384624229846,12804.980551975832
2458679.2097138,2019.5324016804925,16601.494683701665,0.6045824,6.4021,301.6521,206.4244,186.38688424207157,35.95189502270648,12800.979502326609
2458680.43765979,2019.5357636133876,16590.42219744692,0.6043519,6.4016,300.5778,208.5454,185.8327206176973,35.788299180477225,12795.65198261413
2458681.419212,2019.5384509568787,16581.10503587399,0.6041405,6.4009,299.7194,210.2384,185.65164894855934,35.65545552363517,12791.406879060576
2458682.89011054,2019.542478057605,16566.531885901004,0.6038376,6.3999,298.427,212.7889,184.90073159506846,35.46379926222278,12784.37195520034
2458683.86976817,2019.5451602140183,16557.02460859244,0.6036131,6.399,297.5679,214.4844,184.8513578236707,35.33462295342247,12780.149816773937
2458684.848672,2019.54784030664,16547.398559949626,0.6033999,6.398,296.7071,216.1842,184.563623615878,35.20878960963432,12775.674122965525
2458685.82680696,2019.55051829421,16537.565267881742,0.6031798,6.3969,295.8468,217.8847,184.3036571138855,35.084914084440356,12771.128881438894
2458687.04836599,2019.5538627405617,16524.509704300624,0.6028893,6.3959,294.7712,220.0127,183.92331583161467,34.93331339778399,12765.062224354684
2458688.02463863,2019.556535629377,16513.784874472218,0.6026292,6.3953,293.9131,221.71,183.95960659692537,34.810273424245906,12760.36788271898
2458689.00008317,2019.5592062509786,16503.920057550833,0.6024186,6.3947,293.053,223.4126,183.51534196914054,34.69134964773775,12755.649009198309
2458690.21829442,2019.562541531608,16491.960818120104,0.6021328,6.3941,291.9801,225.5365,183.47397321515473,34.54164862112793,12750.341244594427
2458692.16497733,2019.5678712589454,16473.516017512273,0.6017161,6.3932,290.2599,228.9394,182.999906167257,34.30564677968027,12741.80753722714
2458694.83669546,2019.5751860245316,16447.041989328914,0.6011322,6.3928,287.8881,233.6269,182.05915479124724,33.98803116865349,12729.331958214803
2458696.04903323,2019.5785052244494,16433.499464498673,0.6008225,6.3917,286.8039,235.7631,181.74693248991844,33.84511919818942,12723.086337119641
2458697.25992157,2019.5818204560433,16419.28532892225,0.6004916,6.3908,285.7202,237.9048,181.5061109012022,33.70963582438526,12716.599712648687
2458698.22757122,2019.5844697364,16408.107792222614,0.6002479,6.3903,284.8613,239.606,181.0392469673543,33.59819489596407,12711.265721651425
2458699.4358541,2019.5877778346342,16394.95097257617,0.5999531,6.3898,283.7801,241.7478,180.61301223108148,33.467879531673134,12705.086997229222
2458700.64275828,2019.591082158193,16381.649184844848,0.5996408,6.3895,282.7029,243.8822,180.4076623251358,33.33552305047556,12699.024343507077
2458701.84810478,2019.594382217057,16364.113479694284,0.5992286,6.389,281.6205,246.0237,180.13236901594973,33.20660185947531,12691.023157997439
2458704.01316328,2019.6003098241758,16335.548514245258,0.5985391,6.3881,279.6784,249.8669,179.94770852256443,32.97376329671556,12678.19554691254
2458705.21375102,2019.603596854264,16321.78049896521,0.5982188,6.3875,278.5979,252.0072,179.64825501084033,32.85023246497644,12671.833132431944
2458705.93340492,2019.6055671592612,16313.38269814458,0.5980199,6.3876,277.9505,253.2906,179.51890833842754,32.77692266596455,12667.994737299323
2458708.80649645,2019.6134332551683,16278.904874693226,0.5972126,6.387,275.3565,258.4272,178.80146932501066,32.48772813942196,12652.068383142101
2458710.95555063,2019.6193170448464,16253.540076569308,0.5966034,6.3862,273.4129,262.2804,178.4865048517986,32.27916385533172,12640.513002935058
2458714.28840287,2019.6284418969742,16210.36980613376,0.5956033,6.385,270.3756,268.2964,177.2837553801328,31.972917089282873,12620.270199488848
2458715.71264398,2019.632341256619,16190.640072303871,0.5951284,6.3843,269.0727,270.8777,176.994051097784,31.847547617200917,12611.221077022079
2458719.02640753,2019.6414138467626,16147.04866515859,0.5940716,6.3825,266.0427,276.8923,176.4093293699616,31.566015165438785,12591.246671020263
2458720.20666131,2019.6446452055031,16131.556483968086,0.5936925,6.382,264.9587,279.0419,176.23608610986412,31.468326018845573,12584.167298909411
2458721.8562706,2019.6491615895964,16111.046900266841,0.5932069,6.3811,263.4454,282.0522,175.72641280493917,31.33942774527111,12574.559077220405
2458723.97239695,2019.6549552277886,16081.461532046193,0.5924866,6.3801,261.4842,285.9356,175.2747658933531,31.175917996118528,12560.916646918613
2458726.55082533,2019.6620145799588,16044.369746229671,0.5915904,6.3789,259.086,290.6919,174.5383303097624,30.992651214821308,12543.650625296019
2458728.18645161,2019.6664926806575,16012.622448417005,0.5908239,6.3773,257.569,293.7118,173.84610421572233,30.883434963274794,12528.801539254137
2458728.88590162,2019.668407670418,15998.607596992631,0.5904661,6.3767,256.9133,295.0139,173.83586376602034,30.840438649548446,12522.479892257456
2458730.04969994,2019.6715939765634,15976.588997763018,0.5899183,6.3757,255.8215,297.1784,173.57047640395467,30.76606843717059,12512.337822725587
2458731.2111705,2019.6747739096513,15956.15410700687,0.5894002,6.3747,254.7294,299.3441,173.45738510619867,30.69489252552512,12503.024364074667
2458731.90703297,2019.6766790772617,15944.602645060893,0.5891181,6.3741,254.0732,300.6457,173.21232954764582,30.654432185751034,12497.609454862115
2458733.29645432,2019.6804831055995,15921.11848644915,0.5885351,6.3731,252.7622,303.2457,172.8451259149506,30.57398198420151,12486.698822432323
2458733.990008,2019.682381952087,15909.14780759425,0.5882383,6.3727,252.1067,304.5456,172.64144680628124,30.53479724863905,12481.119828274057
2458735.60538985,2019.6868046265577,15881.957688968378,0.5875616,6.3713,250.576,307.5838,172.1929181058149,30.450134439214366,12468.448698083686
2458736.52649022,2019.6893264619298,15863.973624432963,0.5870894,6.3711,249.6945,309.3294,172.26656764878953,30.40637370526281,12460.35760718377
2458737.21631145,2019.691215089528,15851.602743788102,0.5867969,6.3697,249.0448,310.6236,171.79509370175037,30.370967769905747,12454.368242603536
2458739.50998206,2019.6974948174131,15810.16114963825,0.5857392,6.3679,246.8463,314.9825,171.393705978061,30.270665731244435,12435.228883994576
2458740.65338616,2019.7006252872275,15788.729372249558,0.5852012,6.3666,245.7456,317.1649,171.00969713386985,30.22539659814356,12425.175821113906
2458741.56646219,2019.703125153155,15771.587609992128,0.5847955,6.3652,244.8679,318.9076,170.29784781297622,30.19044486417374,12416.804952493616
2458742.70565361,2019.7062440892819,15748.915093359927,0.584217,6.364,243.7639,321.095,169.9948642624704,30.151027858556404,12406.23524090984
2458744.29625682,2019.7105989235324,15715.75314998321,0.5834223,6.3621,242.2189,324.1548,168.69600098776118,30.098087528339306,12390.074767749733
2458745.20289979,2019.7130811767006,15696.559060108762,0.582898,6.3611,241.3314,325.911,168.92987708948476,30.07317638777556,12381.496684305674
2458745.88181713,2019.7149399510743,15682.48555163241,0.5824932,6.3604,240.6677,327.2298,169.40805870828171,30.059117613234775,12375.445509996558
2458747.23689997,2019.718649965695,15654.63290319866,0.5817817,6.358,239.3432,329.8552,168.91765989980922,30.024412349799377,12362.314568325588
2458748.13833911,2019.7211179715541,15637.06447527083,0.5813316,6.3565,238.4571,331.61,168.60846455847877,30.00463024047599,12354.024131651133
2458749.48750224,2019.7248117788915,15608.904923873048,0.5805902,6.3552,237.1245,334.2485,168.39139234061076,29.980759599070097,12340.943234560156
2458750.60906106,2019.7278824395894,15586.08375004682,0.5799847,6.3535,236.0132,336.4501,168.2573421010402,29.965621747836508,12330.362888026291
2458751.50450518,2019.7303340319777,15566.333417519118,0.5794701,6.3521,235.1244,338.2106,167.97233543597304,29.95474848806043,12321.063838688999
2458752.84444081,2019.7340025757971,15535.813051872863,0.5786888,6.3494,233.7902,340.8541,167.27573986021798,29.94337271301913,12306.476290137327
2458754.62483477,2019.7388770288019,15494.38593544018,0.5775982,6.3472,232.0006,344.3946,166.72020902461645,29.93946963133851,12286.95241191498
2458755.51204723,2019.7413060841336,15467.381163485825,0.5768995,6.3459,231.105,346.1677,166.12040396143402,29.942509711901494,12274.019781338611
2458756.61796381,2019.7443339187132,15436.338255473123,0.5760683,6.3443,229.9835,348.3861,165.8168184177557,29.949389263259036,12259.437121485618
2458758.59981064,2019.7497599196163,15376.189201828969,0.5744608,6.3408,227.9619,352.3842,165.03495199493773,29.972528938124242,12230.971584295716
2458759.91476823,2019.75336007729,15338.895090595195,0.5734471,6.3393,226.6087,355.0542,164.7138836891436,29.993272175602897,12213.410665587615
2458761.00701226,2019.7563504784673,15308.754373937447,0.5726182,6.3376,225.4807,357.2837,164.54670009125948,30.01822775180699,12199.267455291509
2458762.09603028,2019.75933204731,15279.101507506435,0.5718288,6.3369,224.3529,359.5098,163.93492739083922,30.043162968383854,12184.986991392267
2458762.74788499,2019.7611167282414,15260.205010854383,0.5713139,6.3357,223.6742,0.853,163.70147130362238,30.06517783308621,12175.99806849626
2458764.26425928,2019.7652683347849,15217.33207862089,0.5701211,6.3334,222.0905,3.9791,163.47367489226053,30.112999477449364,12155.807675750619
2458765.12776121,2019.7676324742226,15191.185668135213,0.569404,6.3319,221.1836,5.7695,163.12748395634935,30.145409279820626,12143.314447490766
2458766.41902024,2019.7711677487753,15153.456390965037,0.568365,6.3301,219.8185,8.4635,162.62584931419315,30.20161044087567,12125.258744690593
2458767.27709191,2019.7735170209723,15126.39958528261,0.5676097,6.3287,218.9079,10.2607,162.37215460022344,30.242472449973377,12112.37246259729
2458768.1328127,2019.7758598568098,15099.170442464034,0.5668348,6.3281,217.9962,12.0596,162.29888454402226,30.286251548482937,12099.526727527675
2458769.41206917,2019.779362270143,15058.062730055493,0.5656908,6.3262,216.6261,14.7616,161.718877840216,30.35728274844746,12079.742868645624
2458770.04970996,2019.7811080354822,15036.904036940596,0.5651126,6.3246,215.9367,16.1228,161.22380067460017,30.400607226395266,12069.395564266677
2458771.10949507,2019.7840095689796,15002.233991490433,0.5641247,6.3239,214.7916,18.3812,160.96694171108902,30.469355167312358,12052.841343884595
2458772.7973445,2019.7886306488713,14944.349797586485,0.5625003,6.3215,212.9517,22.0042,160.01225313914802,30.588866406375075,12024.74309728622
2458773.42775766,2019.7903566260368,14922.871864880788,0.5618646,6.3213,212.2617,23.3625,160.10213366828884,30.63581462676646,12014.63382098831
2458775.3104886,2019.7955112624225,14855.11856872085,0.5599406,6.3185,210.1809,27.461,158.99826428015604,30.79784552790028,11981.625993598778
2458776.14309888,2019.7977908251337,14824.888437709447,0.5590984,6.3179,209.2568,29.2825,158.1807320075959,30.8746029518812,11966.621330812804
2458778.41972123,2019.8040238774263,14742.907769845373,0.5566088,6.3165,206.7091,34.2974,158.73926756106357,31.09790412655508,11927.90124445087
2458779.03737447,2019.8057149198355,14720.784609301576,0.5559772,6.3149,206.0083,35.677,158.22770041899275,31.167928859219387,11916.929960488744
2458780.47320406,2019.809646007009,14669.80834158926,0.5544607,6.3137,204.3777,38.8829,157.83983964583877,31.328037476805036,11892.194943955445
2458782.5110237,2019.8152252531136,14588.71972657371,0.5520292,6.3109,202.0363,43.4926,157.18414688900612,31.587808879075737,11852.690631732485
2458784.52986327,2019.8207525346202,14494.309604192562,0.5491942,6.3094,199.6883,48.1073,155.9825365657116,31.86468753675635,11806.173645696397
2458787.52178467,2019.8289439689806,14353.94116647008,0.5448405,6.3092,196.158,55.0582,155.19638435993875,32.33637116696369,11737.337565917669
2458788.90256679,2019.8327243443946,14284.699123701013,0.5426817,6.3094,194.5022,58.3144,154.5180192624366,32.57583601795693,11702.98798471124
2458791.44225658,2019.839677636085,14170.64664353058,0.5390521,6.3091,191.4205,64.3799,153.79351197746837,33.05645100934083,11646.42458272727
2458792.60430407,2019.8428591487204,14121.560363742869,0.537456,6.3076,189.987,67.2028,153.7067168870808,33.30050646066309,11622.136478795028
2458795.86228617,2019.851779017577,13974.601396613381,0.5327041,6.3075,185.921,75.2105,152.13763677170664,34.03105367226681,11548.112958590493
2458797.75498702,2019.8569609500892,13888.526847287047,0.529837,6.3077,183.5182,79.9394,151.73514810101915,34.49165796792232,11504.853748653846
2458799.63010685,2019.8620947483917,13800.987204308798,0.5268867,6.3084,181.1046,84.6889,151.29429948830875,34.97939057899498,11460.628139345914
2458802.03855761,2019.8686887272006,13673.698819535944,0.5225488,6.3097,177.952,90.9038,150.3876098260198,35.667858207794495,11395.75944184514
2458804.05121733,2019.8741990891997,13572.051328870171,0.5190258,6.3112,175.2788,96.1726,149.67023026226798,36.279727888144464,11343.636759087221
2458807.11679157,2019.8825921740454,13415.840745980317,0.5134661,6.3137,171.1119,104.3819,149.12501992071248,37.300617343644944,11263.333016798462
2458808.54127615,2019.8864922002736,13345.03548850977,0.5109147,6.3145,169.1465,108.2582,148.72438540844632,37.80750790151882,11226.59487702541
2458810.13036589,2019.8908428908692,13267.722956290745,0.5080936,6.3164,166.9257,112.6377,148.34153562633674,38.39995928707867,11186.346380902303
2458812.91828968,2019.8984758102122,13115.957018591496,0.502476,6.3188,162.9676,120.4506,147.36709971771506,39.50690832358117,11106.666824701204
2458813.77960296,2019.9008339574543,13069.775107973239,0.5007453,6.3198,161.7255,122.9038,147.01035059864716,39.869075316417764,11082.242044965971
2458814.8072183,2019.9036474149218,13017.644074177126,0.4987644,6.321,160.2311,125.8545,146.77033810661578,40.312530628161426,11054.696846629739
2458815.14840434,2019.9045815313889,13001.160376264746,0.4981395,6.3213,159.7338,126.8389,146.63254701241385,40.46334869999765,11045.92956818711
2458816.67513126,2019.908761481889,12921.711160629658,0.4950972,6.3229,157.4852,131.2844,146.07184579316436,41.1554665199659,11003.619797861566
2458818.02027126,2019.9124442744965,12851.918373956745,0.4923476,6.3241,155.4809,135.248,146.17090714323876,41.78896118128057,10966.662872259736
2458819.18814325,2019.9156417337442,12791.51319176482,0.4899912,6.3257,153.7216,138.7271,145.6479931161457,42.35767585209044,10934.163530363869
2458819.85175292,2019.9174585980015,12757.561431600117,0.4886419,6.3261,152.7148,140.7161,145.54607429631596,42.6858047194325,10915.96589609994
2458821.17112092,2019.9210708307194,12692.222006073913,0.4860397,6.3273,150.6949,144.7077,145.1619299083486,43.35710094105764,10880.720435320822
2458823.93995871,2019.9286514954422,12552.712496610236,0.4803702,6.3313,146.3842,153.2393,144.62718407107695,44.84896164084813,10805.16779155792
2458824.58471351,2019.9304167378775,12519.384170114286,0.4789974,6.3317,145.3668,155.2492,144.49540302838523,45.205974364085705,10787.018515787537
2458826.34409971,2019.9352336747713,12427.32971011947,0.4751694,6.3334,142.5608,160.8107,144.10660815982737,46.22737708232012,10736.67595079219
2458827.61134832,2019.9387032123745,12360.761800030874,0.4723818,6.3349,140.5095,164.8703,143.6265915610502,46.986643545167965,10699.968505158331
2458829.02461462,2019.942572524627,12285.217020498912,0.469155,6.3364,138.1956,169.4538,143.40972924674497,47.86329113426996,10658.319782298424
2458830.57946717,2019.9468294789046,12199.732345254351,0.4654182,6.3302,135.5907,174.5573,143.61857664429226,48.82938759430988,10611.212625017122
2458831.35075222,2019.9489411422862,12155.456297049153,0.463497,6.3314,134.2928,177.128,143.3024697357614,49.34198877697884,10586.45826727127
2458832.57632017,2019.9522965644626,12087.945276309954,0.4605289,6.3341,132.2053,181.2615,142.96083495073435,50.180036793470094,10548.658926638462
2458834.24436319,2019.9568634173584,11991.513084063354,0.4562193,6.3367,129.3285,186.9657,142.61707891112928,51.36336975099101,10494.458315740992
2458834.99597926,2019.9589212300073,11945.7396974224,0.45416,6.3377,128.0156,189.5742,142.32625644104246,51.91815719735155,10468.535597962093
2458836.48690179,2019.9630031534289,11860.37336394639,0.450209,6.34,125.3798,194.7969,142.59023213744877,53.03556476559879,10420.43661880529
2458837.07889398,2019.9646239397125,11825.624674419301,0.4485942,6.3404,124.3218,196.8972,142.5817340979138,53.494381703479974,10400.71005084249
2458838.54753697,2019.968644865079,11740.207963066712,0.4445728,6.3414,121.6616,202.1632,142.69453634384718,54.65264857154909,10352.091923642822
2458839.56646747,2019.9714345447503,11682.400761102832,0.4418291,6.3418,119.7895,205.8695,142.639846985453,55.48256388991501,10318.95019253631
2458840.86577944,2019.9749918670498,11609.499809318908,0.4383301,6.3433,117.3724,210.6553,142.5702969501708,56.57062786209315,10276.962624827764
2458841.86818677,2019.9777363087474,11553.516555624337,0.4356249,6.3441,115.4867,214.3894,142.3807614321413,57.43102885091736,10244.497564033356
2458843.14664578,2019.9812365387547,11483.455703495718,0.4322162,6.3458,113.0529,219.2104,141.98381646247162,58.55814604827572,10203.601798960635
2458844.41386446,2019.9847059944143,11415.332618791725,0.4288538,6.3472,110.6097,224.0513,141.68754695894222,59.70684201083344,10163.691552365332
2458845.53056164,2019.9877633446679,11350.150190242932,0.425628,6.3488,108.4314,228.376,141.07216507021258,60.75259591957945,10125.146353644026
2458846.63806544,2019.9907955248189,11287.593442844724,0.4225086,6.3489,106.2392,232.7256,140.35183993921873,61.81841106518482,10087.919305349727
2458848.00978806,2019.9945510966738,11208.770357439955,0.418456,6.35,103.491,238.1896,140.25684874706167,63.18220519744261,10041.200894528609
2458850.17489666,2020.0004788409576,11084.014037179186,0.4119121,6.3505,99.0511,246.9967,140.23823869522948,65.4154172552332,9966.76354619549
2458852.04067978,2020.0055870767414,10978.430581603103,0.4062541,6.352,95.1384,254.7728,140.26184626145823,67.43985237305833,9903.234767159858
2458853.4877832,2020.0095490299798,10892.00750842253,0.4015695,6.351,92.022,260.9368,139.97319926904856,69.06114920728635,9850.69775066051
2458854.78792818,2020.0131086329359,10807.300641284928,0.3968911,6.3524,89.1868,266.5696,139.84290173464797,70.57729214307597,9798.940298482952
2458856.0733985,2020.0166280588644,10727.65743900123,0.3924163,6.3552,86.3317,272.2377,139.8134991208908,72.12329880882288,9750.0090452969
2458857.72358252,2020.0211460164824,10624.909290234162,0.3865377,6.353,82.5953,279.6527,139.84499047841655,74.17543406638237,9686.457563697522
2458858.47703009,2020.0232088435046,10573.658994914069,0.3835929,6.3555,80.8518,283.1065,139.54217744389553,75.1431163383429,9654.412417077474
2458860.0911478,2020.0276280569472,10466.706220782467,0.3773041,6.3534,77.0783,290.6157,139.43875018573817,77.28789949899743,9587.36120398475
2458861.80219176,2020.0323126399999,10351.618828769779,0.3704641,6.35,72.9304,298.8155,138.57937582652903,79.65334960007397,9514.214477584732
2458862.64727782,2020.0346263595343,10296.085378805914,0.3670749,6.3512,70.8573,302.9307,138.5145679892712,80.86251056763149,9478.83099692216
2458865.61121653,2020.0427411814653,10102.057876529601,0.3550237,6.352,63.3848,317.8018,137.45161158991868,85.33977467248951,9353.538470607205
2458867.00479352,2020.046556587324,10016.832901481474,0.3495033,6.3489,59.7088,325.0789,137.78044686512294,87.56732856336578,9298.190866177049
2458867.9240807,2020.0490734584534,9961.314716818253,0.345871,6.3522,57.2452,329.9507,137.84853439760627,89.06945495673364,9261.849338778005
2458868.83558624,2020.0515690246134,9904.563647536808,0.3421674,6.3485,54.7823,334.8467,137.408556124622,90.60415113917145,9224.305487838063
2458869.73922511,2020.054043053005,9845.596817393356,0.3382085,6.3481,52.2983,339.7721,137.59598617797474,92.1549009182367,9185.362812045301
2458870.63491644,2020.0564953222179,9788.054792278295,0.3342842,6.3493,49.7965,344.7209,137.92642648538003,93.71908400152665,9147.219106873812
2458871.0796907,2020.0577130477752,9757.139701436796,0.3321807,6.3499,48.5386,347.2211,137.8699054157296,94.52300280088946,9126.54884288048
2458872.18262924,2020.060732728926,9683.478778280376,0.327071,6.3475,45.3855,353.4651,138.15739078943534,96.52681758665062,9077.23021287471
2458873.16476481,2020.0634216695685,9620.24894663472,0.3226718,6.3459,42.527,359.1338,137.92960257599134,98.36899895534714,9034.441531111735
2458874.88760399,2020.0681385461733,9511.40581617867,0.3149772,6.3446,37.3897,9.3045,137.3935441349986,101.7043233776077,8960.147108701676
2458877.83052586,2020.0761958271326,9312.636509511165,0.3004084,6.3386,28.2358,27.431,136.90597590733069,107.77630223225609,8822.686617031462
2458878.75583738,2020.0787291920053,9240.482784192716,0.2949793,6.3376,25.2413,33.3703,136.595340849497,109.80909087807396,8772.089605193836
2458880.97162246,2020.084795680931,9061.585924211238,0.2811366,6.3377,17.8237,48.0446,135.90616687063357,114.88185486483226,8645.118728817306
2458882.83353582,2020.0898933218884,8911.331447384333,0.2690191,6.3323,11.3187,60.9694,135.8767816073023,119.46650412013446,8536.881950240628
2458885.76642015,2020.097923121561,8648.226167248697,0.2468248,6.3413,0.3421,82.6697,135.4931731627712,127.29947623802013,8343.107962952194
2458886.86537888,2020.1009319065843,8538.11337769533,0.237055,6.3472,355.9874,91.3157,135.97461094576374,130.50761362962646,8260.54900372401
2458891.46320908,2020.1135200796168,8042.134627020946,0.1904801,6.3304,335.828,131.3064,132.1317190525333,145.8071713379441,7874.078162570472
2458893.65294728,2020.1195152560715,7772.7495668233105,0.1628984,6.3212,324.9829,152.8981,128.4447987870999,154.395507814285,7654.209731912715
2458894.44192924,2020.1216753709507,7673.20247824801,0.1519324,6.3212,320.6347,161.402,129.25811004184197,157.7735664577125,7571.482523180662
2458895.27022345,2020.123943116906,7557.590263213482,0.1389726,6.3075,316.1085,170.6232,129.15599460001977,161.65217791384083,7473.834640647126
2458895.56059997,2020.1247381244905,7517.838104997667,0.1344021,6.3291,314.4694,173.807,129.28857622596024,162.91067518340992,7439.934163071154
2458896.30426423,2020.1267741662703,7408.133028271939,0.1215978,6.3249,310.049,182.6885,129.18404992673368,166.63880014273104,7345.340819164083
2458896.59987683,2020.1275835094589,7358.5282591984505,0.1158441,6.3268,308.3041,186.1934,127.94987568703891,168.10743659477117,7301.936150374039
2458897.32544185,2020.1295699982202,7228.67301951925,0.0998621,6.3289,303.5866,195.5692,128.6662515767175,172.0506006407718,7187.391714189622
2458897.52234019,2020.130109076496,7190.19458053203,0.095148,6.3226,302.2934,198.3588,127.92564658356878,173.3529324614724,7152.925621296974
2458898.28045148,2020.132184672087,7023.8967318779105,0.0743958,6.317,297.0569,208.8186,123.21201539246795,177.82901804862456,7001.65579689813
2458898.36643802,2020.132420090404,7002.132876788471,0.0713502,6.3199,296.3751,210.1596,124.39299560303789,178.40346745459993,6981.740992792636
