jd,year,a_km,e,i_deg,raan_deg,argp_deg,hp_km,azimuth_deg,lambda
2444113.05653825,1979.652447743326,26708.971191688874,0.7408012,62.9998,289.6176,318.3104,544.7969821203242,92.58681240262933,16949.670241744607
2444135.68423298,1979.714398995154,26708.638249914708,0.7392941,62.9787,286.1955,318.533,584.9632727184398,67.08486174454515,16997.28980948329
2444157.80315356,1979.7749572992745,26704.748998151146,0.7380966,63.0141,282.9211,318.8219,615.9282587623793,42.29837226115944,17032.67315054309
2444189.47434797,1979.8616683038192,26708.496267145933,0.7371608,63.0143,278.3126,319.1541,641.9034920596241,6.806110625067959,17064.565764028597
2444211.59350806,1979.9222272636825,26703.184101859104,0.7364268,63.0207,275.0927,319.3835,660.1073839161281,342.01438507424336,17084.25472879749
2444237.73263703,1979.993792298508,26706.84543075319,0.7357448,63.0655,271.2824,319.4253,679.2864806727712,312.4824725370945,17108.006296770192
2444270.91203857,1980.0846325491302,26703.635167214,0.7346477,63.1435,266.5373,319.7042,707.7347099811195,275.3137823131292,17140.301875240366
2444294.03391321,1980.147936791814,26706.015991156914,0.7338976,63.1439,263.2095,319.8164,728.3986496852322,249.30865494698844,17165.25988027496
2444304.08850747,1980.1754647706234,26707.661776046607,0.7334661,63.2426,261.8147,319.9013,740.3609530506283,238.0886825755639,17179.7750019728
2444335.75798757,1980.2621710816427,26703.35366297477,0.7328772,63.2169,257.4162,319.9764,754.938299844076,202.5510106086066,17195.341500529274
2444356.87014414,1980.319973016126,26706.84757894842,0.7312896,63.2089,254.3567,320.286,798.2713956782618,178.99241419468547,17246.88786121447
2444368.93622631,1980.3530081486933,26707.303185113353,0.7307912,63.2257,252.6824,320.4098,811.7047417005442,165.54926647043067,17262.614348246483
2444388.03873844,1980.4053079765633,26703.64277312124,0.7297631,63.156,250.03,320.5814,838.1733417156865,144.2405284371664,17292.01190922313
2444421.71824085,1980.4975174287479,26707.45795241466,0.7288062,63.1763,245.3643,320.6433,864.7607104555518,106.4413256507861,17323.971048315114
2444458.41393659,1980.597984768213,26703.6864400817,0.7270013,63.2335,240.3641,320.9742,911.9353833499326,65.60378344327421,17376.93086244697
2444485.55968543,1980.6723057780425,26707.38652107391,0.7257939,63.2264,236.6846,321.1017,945.1919991362447,35.296219904699,17416.25777689618
2444526.2759888,1980.783780941273,26705.201024538084,0.723656,63.2195,231.3007,321.3295,1001.6857719249529,350.00906114169766,17479.905141983025
2444543.36867819,1980.8305781743732,26707.49877053811,0.7227484,63.3455,229.0731,321.3403,1026.5604661297248,330.9452572256447,17508.92389437107
2444563.97950523,1980.8870075434093,26703.858604181565,0.7216122,63.2668,226.3763,321.4813,1055.892148329176,308.07488437269114,17540.88356592438
2444587.10139904,1980.950311838576,26705.421630383575,0.7203503,63.3341,223.3641,321.5791,1090.0268473102778,282.370938112673,17579.93615597208
2444633.85170424,1981.0783071984663,26703.566982734574,0.7176574,63.3703,217.3439,321.772,1161.4182311794348,230.46530855210244,17659.42991640698
2444673.56493558,1981.1870361001504,26705.50826305273,0.7154502,63.3585,212.3293,321.8919,1220.9107351500006,186.42820394589307,17726.445007289454
2444703.72418353,1981.26960762089,26705.024274663305,0.7135683,63.3835,208.5854,321.905,1271.029201533076,152.97165647959105,17781.863116830024
2444717.80025808,1981.3081458126762,26707.29969414745,0.712629,63.3846,206.8399,321.9815,1296.7671204068474,137.42890743654084,17811.09763724304
2444760.52763779,1981.4251270028471,26704.418425134514,0.7098962,63.3997,201.6046,322.0871,1368.9169619215381,90.18597897499035,17889.424154724646
2444781.64133412,1981.4829331529643,26707.05470280001,0.7087052,63.4362,199.0738,322.1005,1401.489858241188,66.85836493287786,17925.986552067967
2444812.30403238,1981.566883045531,26703.51472615782,0.7066812,63.5157,195.3794,322.1129,1454.5065952589403,32.95440360881105,17982.486533985924
2444840.45458865,1981.6439550681719,26707.151731949263,0.7046615,63.4847,192.064,322.1937,1509.5138317862957,1.9738754581075,18043.383662785556
2444878.15488683,1981.74717285922,26704.24965249321,0.7021128,63.4588,187.6477,322.2082,1576.7178570821761,320.41367068077255,18114.73190274105
2444904.29587115,1981.8187429737172,26706.684317342515,0.7005215,63.4567,184.6216,322.1664,1619.9414593312595,291.5805294618008,18161.91168110791
2444944.00591387,1981.9274631454346,26705.30582293353,0.69775,63.4902,180.1358,322.1885,1693.5423849816598,247.97756764358724,18239.815487551157
2444967.13078654,1981.9907755962765,26706.115516928057,0.6959244,63.5395,177.5562,322.2055,1742.5417994792087,222.6224853404646,18291.993726415527
2444981.20548261,1982.0293100139904,26703.941286887388,0.6948833,63.5041,175.9639,322.2279,1769.6821424488335,207.180194963414,18319.83357206009
2445049.5692057,1982.2164796870636,26703.549534020418,0.6902342,63.5345,168.4441,322.059,1893.710084245462,132.11041265712913,18449.573771200743
2445094.8112238,1982.3403455819298,26704.59937098134,0.6872331,63.5598,163.5783,321.9679,1974.178461003783,82.5617905053025,18533.401613828195
2445132.51027628,1982.4435599624364,26706.684675369626,0.6846088,63.6023,159.5995,321.8888,2044.917027786436,41.34671352291298,18606.999351675844
2445165.68731968,1982.5343937568243,26703.51311551397,0.6821832,63.6153,156.1231,321.7872,2108.688787130681,5.06854754321057,18671.03882459258
2445198.36115049,1982.6238498302262,26706.836032404168,0.6801453,63.6522,152.7302,321.6611,2164.170727093826,329.34536111856755,18728.712082120877
2445227.51633817,1982.7036723837646,26703.5876527867,0.6781681,63.658,149.7594,321.535,2215.930051112882,297.512341844724,18779.854082112975
2445281.30299019,1982.8509322113352,26703.8575303844,0.6747514,63.687,144.3525,321.3374,2307.2559763569843,238.89430391929056,18871.72476492853
2445310.95964323,1982.9321277022036,26706.586218367087,0.672799,63.7277,141.3512,321.1947,2360.2854172359275,206.51992720672564,18925.690739403813
2445333.07863875,1982.9926862114994,26704.8886938301,0.6713649,63.7721,139.165,321.0826,2398.0274663857235,182.42056386024285,18962.5445638579
2445369.77254515,1983.0931486520192,26706.406939446635,0.6691016,63.8209,135.5629,320.8671,2458.97102601179,142.43648527308477,19023.40638330263
2445388.87558978,1983.1454499377962,26705.492959090036,0.6680446,63.8554,133.7117,320.7296,2486.8962974319165,121.61932239338563,19050.55720255127
2445443.66634945,1983.2954588622865,26706.20152870564,0.6648911,63.9592,128.4667,320.377,2571.349517462866,62.018509576877136,19133.56976138107
2445477.34391005,1983.387662998084,26704.229965508297,0.6629517,63.9989,125.2603,320.1494,2622.4790126836288,25.391020689827087,19182.56986821996
2445505.49480459,1983.4647359468584,26706.04883813894,0.6615174,64.0449,122.6251,319.9133,2661.396546460246,354.7734591309969,19221.003725475788
2445594.46673716,1983.7083278224777,26703.868357844087,0.6571537,64.168,114.4262,319.2395,2777.1861621739226,258.20768390801413,19331.55979456684
2445659.8137343,1983.8872381500341,26704.591764392928,0.6539114,64.3497,108.4211,318.5775,2864.0184773102774,187.13286598771003,19414.6039055373
2445721.6425997,1984.0565163578372,26704.843590092798,0.6511492,64.4461,102.8744,317.9794,2937.8697502787454,120.04791117862635,19484.561386822832
2445735.71801472,1984.0950527439286,26706.621662783466,0.6506688,64.7553,101.6978,317.7774,2951.319893406142,104.79621218572822,19497.945415343926
2445802.57349786,1984.2780930810684,26706.370242684607,0.6480193,64.6725,95.7295,317.092,3021.9905924792984,32.247990815381854,19564.161245997366
2445921.7067318,1984.604262099384,26706.557845017513,0.6440175,65.0144,85.4738,315.5346,3128.9309280639463,263.0140442217756,19663.758698923717
2446009.17177426,1984.843728334729,26703.68930349518,0.6413556,65.2679,78.0727,314.324,3198.9923280384464,168.19449949755813,19727.249785792937
2446104.68016229,1985.1052160500756,26706.34724014439,0.6387586,65.5702,70.1322,312.8748,3269.3019659158963,64.66922197278512,19792.805134146245
2446198.17655621,1985.3611952257634,26703.976454076397,0.6367297,65.7791,62.3899,311.4093,3322.62523766527,323.3089187252231,19840.43923680704
2446282.62693043,1985.5924077492953,26706.63598379314,0.6349098,66.1284,55.726,309.848,3372.194772650235,231.84721025373386,19886.511232350396
2446376.12477872,1985.8483909068311,26703.82298996653,0.6330097,66.4052,48.2768,308.0464,3421.9077102347146,130.4424735407785,19930.2385840035
2446485.70917896,1986.1484166432854,26703.91676835592,0.631173,66.7243,39.7885,305.8981,3470.989209922409,11.796608417296738,19974.39659987258
2446570.66089281,1986.3810017599185,26705.63696040175,0.629568,66.9496,33.2722,304.1311,3514.4862105155407,279.7826664293644,20014.047760968057
2446696.3317655,1986.7250698576315,26706.39145518777,0.6271947,67.2863,23.8033,301.3749,3578.1479783687137,143.69305125266754,20071.064651835386
2446741.57340366,1986.8489347122797,26704.11524479981,0.6264005,67.4098,20.5087,300.2802,3598.507803399585,94.71240357926075,20088.169153311854
2446791.84189083,1986.9865623294459,26703.635167214,0.6255503,67.4819,16.7321,299.1784,3621.0318772727314,40.288061399509445,20107.90848248404
2446835.07342931,1987.1049238311025,26705.708022050272,0.624565,67.5524,13.5909,298.1887,3648.121191258442,353.54702080305935,20132.712714381814
2446895.39540575,1987.270076401779,26705.750175971956,0.6233656,67.667,9.1975,296.7455,3680.1678940770926,288.25549535954883,20160.96204854936
2446973.81336907,1987.484773084381,26703.74719830113,0.6217776,67.784,3.6268,294.8598,3721.819054334728,203.5082896228203,20196.678266901792
2447074.85435317,1987.761408222231,26706.038097970217,0.6194395,67.941,356.3875,292.376,3785.1269115825944,94.19653999680213,20252.963083400922
2447121.10021369,1987.888022487858,26706.525891524783,0.6185735,68.006,353.1414,291.2288,3808.4403979636772,44.222104371060254,20273.458724935845
2447171.87103719,1988.02702542694,26705.23825425168,0.6170724,68.0646,349.6143,289.9717,3848.0364921287855,349.39684630158604,20307.26288416823
2447222.64290263,1988.1660312186993,26703.931443674563,0.6159357,68.111,346.0966,288.6797,3877.8904371628614,294.5450612682557,20332.520242339717
2447264.36693075,1988.2802653819308,26704.84815415279,0.6148249,68.1254,343.2323,287.6224,3907.9062582606166,249.4991625049372,20358.80083056357
2447319.16002329,1988.4302806934709,26705.7562619022,0.6134416,68.178,339.5007,286.2615,3945.1981113908932,190.40115035052338,20391.25458687724
2447384.00689685,1988.6078217572901,26704.99366814661,0.611506,68.2172,335.0793,284.5789,3996.593510112949,120.3823673755852,20434.931649384984
2447434.77793258,1988.7468252774268,26706.38134120422,0.610284,68.2572,331.677,283.2792,4029.7678107687425,65.63910012639508,20463.828271778897
2447469.46186979,1988.8417847222183,26704.57655123235,0.6092013,68.2421,329.3221,282.4127,4057.977500272087,28.232300001426893,20487.035307515052
2447495.10012324,1988.911978434607,26706.39172370074,0.6083811,68.2757,327.6266,281.7541,4080.5914498047878,0.6084635415388675,20507.013499522793
2447557.93661423,1989.0840153709235,26706.117038462333,0.6062763,68.261,323.4476,280.1359,4136.694913016432,292.8779664675387,20554.324582726265
2447599.65838956,1989.1982433663516,26706.04167802526,0.6050644,68.2825,320.7076,279.0873,4169.030293735914,247.96728811339904,20581.51676222938
2447630.82638254,1989.2835766804658,26704.343703090028,0.6039948,68.2745,318.6665,278.2922,4196.922669010906,214.41109503227904,20604.18945768949
2447678.0787215,1989.4129465338808,26706.298997623635,0.6023348,68.282,315.5879,277.061,4242.029432149804,163.52814780287258,20642.79404520523
2447725.33075256,1989.542315544312,26706.52866619403,0.6007202,68.3205,312.5269,275.8462,4285.241124532218,112.67950404769977,20678.907621008046
2447778.11247468,1989.6868240237643,26705.478192129278,0.5990881,68.2668,309.1139,274.4938,4328.407702415114,55.891051444816185,20714.272983721465
2447824.35997227,1989.8134427714447,26703.7470193368,0.5973648,68.2572,306.1492,273.3167,4373.732221880075,6.166502279879182,20750.970117739053
2447863.57090207,1989.9207964464615,26705.637049899753,0.5959702,68.2523,303.6506,272.3121,4411.736896143588,324.01597927389184,20783.106912435956
2447888.70379451,1989.9896065558114,26704.013590037805,0.5949195,68.219,302.0746,271.6604,4439.138877059308,297.0166399079055,20804.8779284609
2447915.85016663,1990.0639292720875,26706.634909716744,0.5938383,68.1665,300.3915,270.928,4469.075936209898,267.8449620484598,20830.56325762049
2447961.5932975,1990.1891671389465,26705.80629196021,0.5921594,68.2025,297.4454,269.8122,4513.575761596827,218.69742997930518,20866.504141317677
2447999.2958465,1990.2923910924023,26703.862004539966,0.5907888,68.1518,295.0977,268.8324,4549.383115512204,178.20930673514385,20894.739112784733
2448042.02474465,1990.4093764398353,26706.174767422788,0.5891785,68.1439,292.4314,267.738,4593.334477214779,132.33388165925248,20931.381039767195
2448098.82830212,1990.5648961043664,26706.455271959716,0.5871194,68.1117,288.9435,266.2901,4648.440976559892,71.41100242806533,20975.94015804933
2448155.12858264,1990.7190378717046,26706.60957944649,0.5852986,68.0712,285.4811,264.847,4697.13208184987,11.014466186363052,21015.081936287672
2448190.31607445,1990.8153759738536,26703.89439748215,0.5840011,68.0444,283.3272,263.9272,4730.6543950687355,333.25904941269687,21040.641642359402
2448230.53226994,1990.9254819163307,26705.13596234531,0.5826143,68.0007,280.8884,262.8898,4768.2055672386705,290.1447101209558,21071.125655002634
2448269.23785269,1991.0314520265292,26706.249860289357,0.5813916,67.9754,278.5398,261.9028,4801.324224015951,248.65987044946837,21097.936187304535
2448304.42659821,1991.1277935611497,26703.809836002565,0.5799739,67.9764,276.416,260.9565,4838.160800557796,210.90681798614742,21125.975127883557
2448346.65259592,1991.2434020422177,26705.928369865134,0.5786514,67.8794,273.8741,259.9078,4874.369230342956,165.69716480162015,21155.51306251057
2448393.90430688,1991.3727701762634,26706.475768591477,0.5774086,67.8567,271.037,258.7069,4907.790684115147,115.08663654518386,21182.047106131562
2448433.6164572,1991.4814961182756,26703.958378305753,0.5763598,67.8468,268.6894,257.6344,4934.733968177125,72.52519742080301,21202.012187842618
2448468.80544327,1991.5778383114857,26705.72896474216,0.5756193,67.8089,266.6205,256.7189,4955.259652067554,34.85760786516744,21218.890673463953
2448513.54308414,1991.7003232967554,26706.23992544596,0.5743722,67.7683,263.9783,255.5781,4988.781845739728,346.9800131680304,21245.291215268917
2448542.69975047,1991.7801498986173,26704.04714674048,0.5735311,67.7552,262.2626,254.8418,5010.309312218551,315.79043649774337,21261.032016435718
2448584.42243167,1991.8943803741824,26706.325848721477,0.5727467,67.7085,259.8167,253.7639,5032.229549741551,271.14366529432823,21279.12134998957
2448614.58283874,1991.9769550684193,26703.898782169716,0.5723053,67.6896,258.0296,253.0036,5042.979678470441,238.86937536900194,21286.331155405827
2448649.26909872,1992.071920872608,26706.046332098605,0.5716413,67.6335,256.0309,252.0842,5061.630988957526,201.76358586114384,21301.780140249546
2448690.48791012,1992.1847718278434,26705.724042310885,0.5708644,67.6132,253.6188,251.0236,5082.240610331506,157.66454197636108,21317.567061561327
2448720.6504285,1992.2673523025326,26704.564470208497,0.5706695,67.589,251.8603,250.2277,5086.947716276847,125.38117108826941,21320.66136536075
2448770.91852437,1992.404978848378,26705.945195961427,0.5704069,67.5488,248.9463,248.9085,5094.553485163175,71.60241458392142,21327.17720429168
2448824.70554498,1992.5522396850918,26706.38626393838,0.5700953,67.4973,245.829,247.531,5103.064674882551,14.093713366954375,21333.948588736912
2448879.49743775,1992.7022517118412,26706.151049285,0.5701949,67.4742,242.6414,246.0546,5100.303622353045,315.42538373717673,21331.709427478636
2448893.07114567,1992.7394144987543,26705.902593769024,0.5697073,67.4264,241.8835,245.6416,5113.218633009876,300.8758804484375,21341.548184347495
2448927.25209935,1992.8329968496923,26704.783094109247,0.5702873,67.4147,239.9092,244.9003,5097.248146284037,264.47063411078955,21328.71342942668
2448946.85765768,1992.8866739429975,26706.371227230236,0.5703812,67.3946,238.7734,244.372,5095.422858997181,243.4827805209144,21328.04705280868
2448992.09835128,1993.0105362115817,26705.354866429905,0.5710479,67.3527,236.1636,243.2698,5077.181751200325,195.18036383059882,21313.48569520433
2449010.19610703,1993.0600851664062,26706.319225444404,0.5710778,67.34,235.1155,242.7643,5076.79689607991,175.78914009371812,21313.63815119082
2449039.8539457,1993.1412839033537,26703.95784140214,0.5714183,67.3332,233.4005,242.0085,5066.691348396458,144.08679479262116,21304.722373327048
2449080.57241185,1993.2527649879537,26705.274410155434,0.572142,67.2749,231.0176,240.941,5047.9289985802825,100.5032043366619,21290.80812097168
2449118.27248629,1993.355982166434,26705.891674747065,0.5730418,67.2853,228.8258,240.0243,5024.163138844991,60.2365200838143,21272.656345597406
2449178.59448043,1993.521134785571,26705.951103001516,0.5744733,67.2431,225.3099,238.5178,4985.958943221596,355.75917719447096,21242.95713342112
2449195.68673142,1993.5679308183983,26705.968824141386,0.5751183,67.2209,224.3138,238.0798,4968.741134148193,337.4785053765996,21229.53363812627
2449239.41922573,1993.6876638623683,26705.809603439222,0.5763415,67.2057,221.7602,236.988,4936.0069378786575,290.7292095474313,21203.864716423945
2449252.48985968,1993.723449307817,26706.285035079432,0.5768023,67.1854,220.9969,236.6556,4923.902102390035,276.75074918585995,21194.599725279128
2449296.22247203,1993.843182674963,26705.422256856968,0.5783559,67.1776,218.4058,235.5979,4882.047432612424,229.99793701335125,21161.32504993011
2449311.30400646,1993.884473665873,26706.461268786774,0.5788925,67.1537,217.5198,235.1418,4868.154838745626,213.79108028571056,21150.86249562888
2449362.074889,1994.0234767665984,26705.97482069537,0.5804675,67.1368,214.5014,233.7468,4825.888081463379,159.33656402460156,21117.26552610609
2449381.17827079,1994.0757789754682,26705.753845429484,0.5813294,67.1285,213.3684,233.2583,4802.777685918269,138.88626883141364,21098.861385480806
2449431.94855985,1994.2147804513347,26706.470935321056,0.5845816,67.1083,210.3062,232.1984,4716.223125597575,84.7236375195182,21030.29027489909
2449485.73530332,1994.3620405292813,26706.159731012347,0.5874117,67.0893,207.0557,231.0123,4640.512742946841,27.27340945873607,20969.42764266203
2449502.82797132,1994.4088377038197,26705.633380482344,0.5880496,67.0962,206.0243,230.494,4623.260053343056,8.876726624919513,20955.292875444364
2449549.57679068,1994.536828995702,26706.300250673365,0.5905472,67.0686,203.1523,229.447,4556.833115278909,318.8808615472582,20901.881842493083
2449563.65319693,1994.575368095633,26705.54262992604,0.5910219,67.0801,202.2862,228.9685,4543.845784256155,303.6621855721192,20891.000596300448
2449603.3638421,1994.6840899167692,26705.76440631428,0.5938936,67.0564,199.823,228.2658,4467.2455422964285,261.35642996313254,20828.67658627556
2449615.42928959,1994.7171233116771,26706.463774924454,0.5944337,67.0445,199.0763,227.9027,4453.105399280144,248.35460779620348,20817.417796051115
2449628.5000366,1994.7529090666667,26704.958587100835,0.5948817,67.0736,198.2529,227.4568,4440.531124376694,234.20243599995467,20806.441771024405
2449672.23277059,1994.8726427668448,26706.577715304888,0.5978747,67.0196,195.5117,226.5967,4361.254275740293,187.49700393582418,20741.929994135087
2449687.31442473,1994.913934085503,26705.37616641269,0.5986017,67.0277,194.557,226.1893,4341.356294058571,171.2700292189836,20724.9476486483
2449728.03075154,1995.0254093129086,26706.14934874129,0.6017955,67.0214,191.9547,225.4603,4256.372548340851,127.80764735290995,20654.69731527145
2449743.11269932,1995.0667014355101,26706.035860436423,0.6026162,67.0353,190.9873,225.0466,4234.409713156494,111.56138321635387,20636.3129842112
2449785.84023392,1995.183683049747,26705.868046737745,0.6056685,67.0131,188.2303,224.1506,4152.828705672164,65.79500209103037,20567.80974641767
2449801.92760406,1995.227727868748,26706.240104452063,0.6065168,67.023,187.1836,223.7235,4130.320516268133,48.46506725077177,20549.001785818615
2449842.64373857,1995.339202569665,26705.373929017544,0.6103228,66.9992,184.4995,222.998,4028.3390376125535,4.924574920583893,20462.17387726849
2449857.72554261,1995.380494298727,26706.495012189847,0.6106826,66.994,183.5195,222.6247,4019.166901258721,348.70625245827114,20454.845248137153
2449900.45363689,1995.4974774452835,26704.98122868097,0.6137278,66.9839,180.6782,221.7735,3937.2555501612987,302.89981969792683,20384.10057742238
2449914.52981135,1995.5360159106096,26706.44300980144,0.6141395,66.9804,179.7409,221.3613,3926.8251529834906,287.6764721805373,20375.767898537586
2449929.61185938,1995.5773083076792,26705.412412279355,0.6149004,66.9883,178.7252,220.9342,3906.1073378038145,271.36840923551335,20357.494365019986
2449970.3285349,1995.6887844898022,26706.170650308304,0.6179053,66.9621,175.9657,220.2065,3826.149962778356,227.74978367125004,20288.688258239625
2449982.3940352,1995.7218180292953,26706.395482883006,0.6186934,66.9631,175.1408,219.9656,3805.1885598334793,214.7919094536777,20270.575856684896
2450026.12706553,1995.8415525408077,26705.61270647123,0.6218303,66.9665,172.1225,219.174,3721.117245522415,167.87758530919393,20196.855983089874
2450042.21448147,1995.8855974852024,26706.48462959293,0.6228551,66.9525,171.0101,218.8116,3694.0781749793623,150.54660532713729,20173.501638926216
2450082.93187128,1995.9970756229434,26705.027854378593,0.6244065,66.974,168.1649,218.0283,3652.0985794235476,106.78597574037855,20135.933598530093
2450121.64090291,1996.1030551756603,26704.373144408026,0.6282349,66.9504,165.4192,217.3134,3549.617652468163,65.17273676230042,20044.848328761243
2450154.8182115,1996.1938896960987,26706.509780556287,0.6302962,66.9371,163.0537,216.6157,3495.361850608826,29.4091094044511,19997.314024487638
2450183.47288699,1996.2723419219433,26704.003209852457,0.6319596,66.9324,160.9888,216.0013,3450.0157229553824,358.48700810037826,19955.604328517857
2450212.62852336,1996.352165703929,26706.323969142428,0.6336414,66.9197,158.8765,215.4422,3405.9551604814624,327.07904658561984,19916.893957714015
2450266.41714329,1996.4994309193428,26705.486604819573,0.6369315,66.916,154.9236,214.4755,3317.7846633819354,269.14396903661816,19836.65954935553
2450283.51024175,1996.5462292724167,26706.556502431864,0.6376987,66.9166,153.647,214.1254,3297.6838393545186,250.66986193002498,19818.795843712083
2450336.29345853,1996.6907418440253,26706.484540087833,0.6403601,66.8888,149.7033,213.1307,3226.581129348735,193.70693615091858,19753.739984468917
2450352.38116244,1996.7347875768376,26705.6747286246,0.6411683,66.8743,148.5006,212.8005,3204.7063625194023,176.31757233845872,19733.316526907325
2450439.85062398,1996.9742659109656,26704.422094134592,0.6452544,66.8745,141.814,211.2173,3095.1399384370325,81.83557205240447,19631.553020838794
2450458.95406101,1997.0265682710744,26706.674561108455,0.6458695,66.874,140.3515,210.8118,3079.5117156626184,61.13872241321934,19617.938747798285
2450509.72684796,1997.1655765857909,26705.700414672356,0.6479743,66.8511,136.4073,209.9483,3022.9565824653255,6.288029115254517,19564.794477773303
2450525.81481823,1997.2096230478576,26706.617097965667,0.6485431,66.8497,135.1546,209.616,3008.0885547380094,348.84630277126047,19551.249843066096
2450557.48458703,1997.296330149295,26703.999898933394,0.6495394,66.8444,132.6763,209.0508,2980.563526980137,314.58824625377946,19524.386653798494
2450575.58243537,1997.345879357618,26706.447485040055,0.6500288,66.8377,131.2476,208.6562,2968.3511740764516,294.92723125753696,19513.89775720848
2450593.68132556,1997.395431418371,26705.604472677078,0.6506169,66.8452,129.815,208.2921,2952.350578037782,275.2917893864772,19498.507652568107
2450639.42685486,1997.520675851773,26706.672054921324,0.6519772,66.8238,126.1799,207.6018,2916.3944872354714,225.8783933617699,19465.029079400163
2450694.22215897,1997.670697218261,26706.175304437842,0.6532466,66.8025,121.8168,206.6116,2882.3207878098565,166.5174014260249,19432.593319325628
2450708.29936476,1997.7092385072144,26706.451960280545,0.653444,66.7981,120.6953,206.3123,2877.144865546983,151.22173740282312,19427.797726534765
2450753.03980809,1997.8317311652015,26705.99719592652,0.6542157,66.8449,117.0751,205.5288,2856.378246195416,102.72068052746295,19407.908994459816
2450769.12790575,1997.8757779760442,26706.463148389976,0.6546134,66.7998,115.8018,205.2508,2845.9182048477087,85.31252862405103,19398.153362266206
2450810.85214017,1997.9900127040933,26705.755187914256,0.654958,66.8174,112.4216,204.5177,2836.47088154831,40.07472652643315,19388.884729708803
2450823.92362126,1998.0258004688847,26706.813118368813,0.6551681,66.8109,111.3644,204.2923,2831.224810552041,25.90853120154867,19384.311383155688
2450867.65917455,1998.1455418878845,26705.387979866835,0.6560007,66.8049,107.8203,203.5429,2808.498471302606,338.5081203615353,19362.082999364797
2450897.824317,1998.2281295468854,26705.09828552078,0.6553239,66.8049,105.3853,202.8614,2826.4728271699896,305.66006312127314,19379.104218139444
2450934.52119543,1998.32860012438,26706.122677091233,0.6558003,66.8282,102.4085,202.2707,2814.103113617999,265.92315522315283,19367.721083621782
2450950.60972418,1998.3726481154822,26706.241267991827,0.655727,66.8336,101.0974,201.9128,2816.1015000553507,248.39687842643946,19369.67385235995
2450992.33420554,1998.4868835196164,26705.877265235165,0.6555315,66.8292,97.7166,201.1857,2821.1971827396574,203.16423293808913,19374.38698634522
2451007.4167053,1998.528177153457,26706.55757650037,0.6557273,66.8411,96.4769,200.9434,2816.2023845672393,186.81652475554807,19369.895626994952
2451050.14710115,1998.6451666013686,26705.443109492244,0.6555548,66.8487,93.0385,200.1155,2820.4253929376773,140.43402350729104,19373.478972577275
2451064.22400453,1998.6837070623678,26706.620767721,0.6556581,66.8649,91.889,199.9005,2818.0722377365073,125.19495754754934,19371.703517881415
2451095.89534203,1998.7704184586723,26703.909878121805,0.6556587,66.9013,89.3143,199.3486,2817.122742515303,90.85225487793338,19369.721893308455
2451125.05359987,1998.8502494178504,26706.711616943903,0.6552918,66.8974,86.9687,198.7925,2827.886189395822,59.21140957388178,19381.09155004503
2451157.73024854,1998.9397132061333,26703.91730525747,0.6549541,66.9128,84.3156,198.1994,2835.940880118138,23.758245792025377,19387.6495053325
2451174.82253232,1998.9865093287335,26706.002923993234,0.654821,66.9302,82.9436,197.8713,2840.21508330106,5.211541655921678,19392.545953077613
2451188.89989188,1999.0250510386854,26706.530903831044,0.6546996,66.9392,81.8129,197.6045,2843.639503705219,349.9390260732236,19396.01335046785
2451226.60336042,1999.1282775097059,26704.80734615618,0.6542305,66.9538,78.7819,196.8646,2855.5715836767486,309.00659650586323,19406.668857614874
2451239.67473027,1999.1640649699389,26706.53394701814,0.654215,66.9733,77.7451,196.6333,2856.5825408696674,294.8550108220094,19408.316823029018
2451255.76305733,1999.2081124088436,26705.717150910918,0.6540487,66.9912,76.4527,196.3266,2860.7412657899276,277.3988328162718,19411.941081249162
2451293.46606596,1999.3113376206982,26705.736572140406,0.6535249,67.0128,73.4347,195.6535,2874.7364494060057,236.54665654866048,19425.22878425845
2451310.56004048,1999.3581383722928,26706.350730799055,0.6532684,67.0211,72.0718,195.3015,2881.7994190511254,217.98348597454626,19432.169254933564
2451352.28527636,1999.4723758421899,26705.53672311182,0.6527079,67.0456,68.7451,194.4854,2896.485630196623,172.71519681161877,19445.75203800345
2451367.36769797,1999.5136692620672,26706.53475256781,0.6526839,67.0684,67.5478,194.258,2897.4731947763175,156.42486565584196,19447.08529678702
2451414.1214441,1999.6416740427105,26705.68743739312,0.6518569,67.1034,63.874,193.1959,2919.2645120850975,105.60724462418233,19467.345698917874
2451427.19316228,1999.6774624566192,26706.59400538788,0.6518122,67.1385,62.8207,192.9737,2920.773912229195,91.44791561711554,19469.133795586393
2451460.87559297,1999.7696799259954,26704.00150965065,0.6513715,67.1659,60.1636,192.2896,2931.639690307242,54.90842664165231,19478.349616232135
2451481.99037419,1999.8274890463786,26706.473441461003,0.6509286,67.194,58.509,191.8699,2944.329773273612,32.022843303686386,19491.302564883335
2451495.06205341,1999.8632773536206,26705.953609019507,0.6508402,67.1548,57.5129,191.6458,2946.50912093453,17.91885269663669,19493.147094231666
2451535.782484,1999.9747638165643,26705.98869333316,0.650195,67.2425,54.2901,190.7218,2963.752074871407,333.6369260368791,19509.389428158014
2451549.85989522,2000.0133056679535,26706.493043075865,0.6500328,67.2607,53.1908,190.4502,2968.26029210474,318.3909595367296,19513.830628513122
2451589.57503057,2000.1220397825323,26704.941583574182,0.6495252,67.2896,50.1004,189.6211,2981.272760514845,275.3271782883761,19525.431173449786
2451605.66326672,2000.1660869725388,26706.53224641348,0.6492772,67.2973,48.8691,189.2907,2988.453467752426,257.908489886044,19532.810259420632
2451630.29703513,2000.2335305547713,26704.123477446123,0.6491013,67.3413,46.9429,188.8322,2992.305912875323,231.24410028234269,19535.454677212914
2451660.46091504,2000.316114757126,26706.231512162383,0.6484697,67.3928,44.6028,188.1361,3009.9132753398953,198.4775874346861,19552.803185620356
2451677.55487586,2000.3629154712114,26705.770044757053,0.6483267,67.3768,43.2866,187.8072,3013.569980680859,179.98423036386953,19556.040504157292
2451721.29167085,2000.4826602898015,26706.174677920284,0.6479262,67.4172,39.9278,186.8919,3024.40810231917,132.60199567144568,19566.34315852496
2451735.36925771,2000.521202622067,26706.056177260445,0.6478595,67.4362,38.8449,186.5966,3026.147675288581,117.34855605590857,19567.921833904074
2451770.05745303,2000.6161737249276,26704.839652473973,0.6474726,67.4659,36.1989,185.7567,3036.051390103554,79.67305902608064,19576.685422564027
2451785.14068766,2000.6574693707319,26706.4985028928,0.647037,67.4762,35.0418,185.3106,3048.269531076552,63.20342653649436,19588.76123668261
2451799.2184606,2000.696012212457,26705.61020053321,0.6468204,67.4851,33.9682,184.9502,3053.7404283802407,47.89400351550702,19593.505060985157
2451835.91589038,2000.7964842994656,26705.589884557376,0.6464837,67.5074,31.1637,184.232,3062.72502530615,8.201352192385656,19601.871351909613
2451847.98225349,2000.8295202012048,26706.51300274804,0.6465123,67.5261,30.2357,184.0423,3062.287556361498,355.19072756630885,19601.837252702786
2451861.05413172,2000.8653090533066,26705.38090969195,0.6464077,67.5333,29.2479,183.7446,3064.680758234068,341.0212408096443,19603.608780038263
2451893.73085433,2000.954773044025,26705.242639490916,0.6466248,67.5314,26.7396,183.0661,3058.834158778631,305.62740415101234,19598.105092137946
2451909.81911119,2000.9988202907318,26706.452139290202,0.6460857,67.5801,25.5348,182.6929,3073.6590143603953,288.1923953365373,19612.402562586893
2451926.41029633,2001.044244480028,26704.748998151146,0.6458901,67.5924,24.2912,182.278,3078.279697260401,270.18118718991866,19616.01251153287
2451956.5732267,2001.1268260826832,26705.509247518916,0.6456656,67.6721,21.9717,181.6254,3084.5442959140673,237.47971023401607,19622.14703822145
2451970.65106064,2001.1653690914166,26706.466012547873,0.6454962,67.6159,20.9371,181.2885,3089.4073860190692,222.2327270900562,19627.055634400822
2452003.32712033,2001.25483126716,26704.050636643613,0.6453768,67.6268,18.4599,180.6891,3091.739589728595,186.94974382240525,19628.243474844847
2452021.42691494,2001.3043858040796,26706.06396389487,0.6450047,67.6678,17.0777,180.1423,3102.390888682048,167.18111053129607,19638.95212010369
2452034.49866506,2001.3401743054344,26706.31680884433,0.6451015,67.6423,16.1071,179.9081,3099.8954759836397,153.09245004361395,19636.738033063662
2452074.21369733,2001.4489081377963,26705.071258521853,0.6453334,67.6651,13.1157,179.1029,3093.260526017668,110.15167039333559,19630.070466078574
2452088.29178316,2001.487451836167,26706.464938488574,0.645044,67.6773,12.0538,178.6165,3101.4836687061525,94.72763897981349,19638.27266166543
2452105.88847295,2001.5356289471597,26704.951248733378,0.6449623,67.6701,10.7377,178.2189,3103.128169962427,75.67017902250245,19639.184871190264
2452135.04606406,2001.6154580809314,26705.096227170772,0.6449054,67.6618,8.5516,177.575,3104.699162748715,44.10169086470836,19640.701762966666
2452147.11225953,2001.648493523696,26706.416695436295,0.6449246,67.6569,7.6423,177.3063,3104.6552906987217,31.03093146940779,19641.197047838086
2452162.19533239,2001.6897887265977,26705.509605506642,0.6447657,67.6576,6.5128,176.9571,3108.5767108554282,14.685958424847229,19644.46747230958
2452191.85550395,2001.7709938506498,26704.635435233075,0.6447094,67.6375,4.2976,176.2682,3109.7696465652207,342.5480137661085,19645.219129854744
2452203.92141003,2001.8040285011095,26706.155971913042,0.6447305,67.6381,3.3887,175.9824,3109.746379063561,329.46083960060486,19645.815002757725
2452216.99353801,2001.8398180369882,26706.18067458983,0.6446521,67.6491,2.4018,175.6694,3111.8489197360796,315.2767066842538,19647.77522964922
2452251.68153223,2001.9347885892682,26704.575298384796,0.6445748,67.6225,359.8098,174.8882,3113.3427163434753,277.71410786343006,19648.508471535617
2452266.76422999,2001.9760827652021,26706.31931494812,0.6443825,67.6355,358.6795,174.4245,3119.0982089835634,261.25420452723506,19654.552652626484
2452281.84746002,2002.0173783984117,26705.65083260079,0.6444857,67.6275,357.5403,174.1651,3116.1044617964853,244.98917657179368,19651.50599540769
2452318.5460409,2002.1178536369612,26705.402388718736,0.6446138,67.6815,354.7401,173.3542,3112.595174397675,205.20699069399438,19648.151211222194
2452332.62332624,2002.1563951437101,26706.48516662356,0.6446119,67.6475,353.706,173.0561,3113.03072104453,189.9998482643706,19648.99490735643
2452366.30624721,2002.2486139554007,26704.050278704777,0.6447106,67.636,351.1669,172.2818,3109.5297010908525,153.4876760557239,19644.758936114602
2452387.42095139,2002.3064228648602,26706.354847982948,0.644744,67.6412,349.5701,171.8695,3109.4564978750295,130.6673686503426,19645.626851192956
2452400.49232841,2002.3422103447228,26705.968824141386,0.6449986,67.6418,348.582,171.7101,3102.520020926546,116.63637589975849,19639.03337647728
2452439.70562423,2002.4495704975502,26705.411069837653,0.6451899,67.6101,345.6479,170.6309,3097.213272230205,73.9734208819325,19633.879868495726
2452454.28571568,2002.4894886124027,26706.48006483369,0.6452785,67.6109,344.5443,170.3444,3095.2263683179044,58.21279953501062,19632.468073950884
2452471.882145,2002.5376650102673,26704.524289716363,0.6454072,67.6026,343.2189,169.9203,3091.0957405585377,39.11979630374776,19627.83730974934
2452498.02316432,2002.609235220588,26705.175518679385,0.6452488,67.5655,341.2488,169.3082,3095.556761462136,10.7723205882819,19632.24580236451
2452512.10019615,2002.6477760332652,26706.509422535044,0.6454281,67.5556,340.1852,169.0331,3091.2414883161546,355.55892802451103,19628.777720818252
2452525.17211944,2002.683565008734,26705.457070936038,0.6454882,67.5413,339.1979,168.7075,3089.263356040263,341.36199685580766,19626.512705535344
2452555.83730211,2002.7675217032447,26704.84564839412,0.6458163,67.5201,336.8711,168.0331,3080.2847396771285,308.13638683187725,19617.916834669846
2452568.90873411,2002.803309333635,26706.345002545844,0.6458062,67.5218,335.8838,167.7438,3081.0855205627213,293.9762398913999,19619.269180874617
2452581.9809679,2002.8390991592055,26705.88021873602,0.6459337,67.5112,334.8915,167.4015,3077.515897291052,279.7573026860442,19615.760145790016
2452609.63070913,2002.914800024996,26704.040524876138,0.6459292,67.4572,332.8518,166.7069,3076.9846918753137,249.77069100137874,19614.520677405257
2452626.72318573,2002.9615966755105,26706.109878302937,0.6461162,67.4867,331.4963,166.4305,3072.7233469513794,231.29199681626284,19611.393035145506
2452644.31965107,2003.009773171992,26705.70927503068,0.6463734,67.4535,330.1554,166.1111,3065.712871517564,212.28815808290665,19604.703070816788
2452674.48247396,2003.0923544803836,26704.515340852282,0.6465695,67.4214,327.8529,165.4516,3060.0539091750925,179.59688706186807,19598.947644622265
2452689.56469802,2003.1336473593976,26706.335067613963,0.6466734,67.4064,326.7131,165.0965,3057.9222679008126,163.23655061684138,19597.69700478287
2452702.63630236,2003.1694354616286,26705.985471299555,0.6467458,67.3974,325.7091,164.8757,3055.865232875545,149.1280338136827,19595.637983740264
2452721.23715039,2003.2203618080498,26703.971621936696,0.6468094,67.4283,324.2689,164.3514,3053.4554595347963,128.83004910209428,19592.576769296233
2452745.3672686,2003.2864264711843,26705.873148235336,0.6472833,67.3987,322.4209,163.9161,3041.471147464179,102.76347037368168,19582.163750406457
2452760.45017159,2003.3277212090072,26706.252187371127,0.6475152,67.354,321.2739,163.6143,3035.411661015076,86.44856475743597,19576.65825161551
2452777.04042672,2003.3731428520737,26704.129920391144,0.6476612,67.3441,320.0061,163.2434,3030.7647911947097,68.45807325345334,19571.459979455813
2452804.18684807,2003.4474657031349,26705.738183119553,0.6480022,67.3175,317.9156,162.6613,3022.2247878340804,39.02924687145128,19564.125327902853
2452819.26948115,2003.488759701985,26706.380267153425,0.648159,67.3046,316.7532,162.3985,3018.2632395755263,22.73820728545286,19560.67853345563
2452833.8489561,2003.5286761289533,26704.560264225627,0.6482628,67.283,315.6316,162.0867,3014.8509545699817,6.934893576827562,19556.75170317135
2452864.0114142,2003.611256438604,26705.61199048888,0.6483658,67.2257,313.3233,161.3446,3012.4702077859656,334.1555821026028,19554.94734837748
2452916.79721911,2003.7557760961265,26704.486525560867,0.6490699,67.2201,309.2141,160.3288,2993.271826863729,277.0035053944767,19536.50661842292
2452929.86815443,2003.79156236668,26706.187834796674,0.6493894,67.2131,308.1813,160.1272,2985.3362404707623,262.88604799523875,19529.746606736197
2452943.44276382,2003.8287276216834,26705.994958401297,0.6494545,67.1845,307.1342,159.7988,2983.5300556902603,248.13105619401244,19527.973790533768
2452958.52447928,2003.8700191082278,26704.062359147087,0.6496606,67.1613,305.9525,159.5155,2977.3488844661733,231.80112103797035,19521.393238750337
2452981.64857999,2003.933329445558,26705.16084165146,0.649903,67.1328,304.1691,159.0452,2971.260395179652,206.75569959915344,19516.11507820782
2452995.72537222,2003.9718696022449,26706.518641585953,0.649935,67.119,303.0662,158.8165,2970.881148266786,191.5496431918615,19516.304244832612
2453012.31613513,2004.017292635537,26704.98060223344,0.6500818,67.1019,301.7558,158.4517,2966.4224433684412,173.52215120667802,19511.49540085577
2453035.43995052,2004.0806021917049,26704.28320993749,0.6502965,67.0879,299.9574,157.9744,2960.445003506373,148.4550109862775,19505.594285790616
2453049.51622738,2004.119140937385,26706.164832649232,0.6505005,67.079,298.8497,157.6773,2955.6549559284886,133.1762625413648,19501.842753089048
2453064.59894567,2004.1604351695273,26706.067275453766,0.6507146,67.0689,297.6665,157.3897,2949.9030907337783,116.83953897018819,19496.38900731328
2453089.23140945,2004.227875179877,26703.82513755402,0.6509192,67.0426,295.7179,156.9061,2943.6563420774673,90.1289352442925,19489.606226460794
2453105.31779197,2004.2719172949212,26705.580039825276,0.6512807,67.0333,294.4484,156.6346,2934.61487758184,72.73277382835533,19481.787818219054
2453120.4006814,2004.31321199562,26706.42224471879,0.6513535,67.0352,293.2566,156.304,2932.9643431433487,56.344281576799176,19480.568726389243
2453133.97423522,2004.3503743606293,26704.743002285246,0.6514328,67.0082,292.1898,156.0894,2930.26119502616,41.684430173423436,19477.34638898359
2453159.10871874,2004.4191888261187,26704.575924808552,0.6516442,67.0033,290.2123,155.6194,2924.557609947422,14.463722597300261,19471.897793136286
2453172.17974034,2004.4549753328952,26706.397272970265,0.6517452,66.9753,289.1757,155.3782,2922.494741018805,0.3027801577167111,19470.679736625003
2453185.75413193,2004.4921399915947,26705.948865485945,0.6518092,66.9625,288.1077,155.0946,2920.629400232645,345.571903025923,19468.739135694024
2453202.84604736,2004.5389351057083,26703.84482379282,0.6519935,66.9426,286.7431,154.759,2914.975273671256,327.0254619449846,19462.557298716354
2453220.94296618,2004.5884817691442,26704.87446465432,0.6520729,66.9391,285.32,154.4052,2913.213228351231,307.411763108085,19461.304552075064
2453234.51702516,2004.6256455172077,26706.413831291615,0.6521996,66.9413,284.2373,154.2032,2910.3651130887556,292.7481138052034,19459.22885351133
2453246.58283647,2004.6586799082002,26705.872163735614,0.6522278,66.9301,283.2768,153.8946,2909.4236153010934,279.5866330479496,19458.122370349818
2453261.66402988,2004.6999699654482,26703.94253966058,0.6525241,66.9296,282.0772,153.655,2900.8401675168443,263.283012438642,19449.234925735735
2453276.74440725,2004.7412577885013,26704.226386060393,0.6523871,66.9226,280.8646,153.3602,2904.597276314973,246.91199613955132,19452.90160375605
2453291.3231742,2004.7811722770705,26706.180943097497,0.6521836,66.9017,279.7332,153.0821,2910.7114133767773,231.13328025459964,19459.463006422233
2453307.41118578,2004.8252188522383,26705.87520673505,0.6524748,66.9001,278.4311,152.821,2902.8283223956387,213.7133131941772,19451.887830418298
2453321.4869745,2004.8637562614651,26704.00258346229,0.6524067,66.9017,277.3115,152.5461,2903.996081194182,198.44534587257203,19452.24365059975
2453342.59963003,2004.9215595620255,26704.931112994916,0.6525762,66.8853,275.6308,152.2048,2899.7923460149213,175.6141576707629,19448.63879581865
2453356.67636537,2004.9600995629567,26706.62810723544,0.6524596,66.8654,274.5201,151.9027,2903.4959150398463,160.32695733559217,19452.820146965743
2453371.25586092,2005.0000160463246,26705.414918170976,0.652582,66.859,273.351,151.6713,2899.805540041125,144.55652332314037,19448.844609655993
2453391.36338394,2005.055067444052,26703.651452810227,0.6525615,66.8719,271.7423,151.3325,2899.740305287205,122.79052014131742,19448.078193202702
2453411.47099637,2005.110119086571,26706.246548673862,0.6526115,66.8528,270.1469,150.8392,2899.3066291739888,100.88322883442464,19448.704919473294
2453426.5538486,2005.151413685421,26706.018407688935,0.6526481,66.851,268.9393,150.6493,2898.249935345728,84.61967324844545,19447.61397548741
2453440.62969812,2005.189951261109,26704.15318661384,0.6525875,66.8613,267.8087,150.4066,2899.220318944481,69.37284600076475,19447.78677658431
2453457.21787284,2005.2353672083227,26704.02289641945,0.6524095,66.8588,266.4831,150.1125,2903.9283705778853,51.40340500380796,19452.187742114875
2453467.27197918,2005.2628938512803,26705.62801060548,0.6525348,66.8589,265.6682,149.9462,2901.140077830636,40.5126135390575,19450.192208322234
2453482.85696811,2005.3055632254893,26706.393424283033,0.6523536,66.8417,264.4383,149.6705,2906.2452309356686,23.64603882385751,19455.32613236726
2453497.93865805,2005.3468546421623,26704.459858062295,0.6522359,66.8364,263.2355,149.3877,2908.7161485251618,7.2955288215566725,19456.88889942218
2453510.50556649,2005.381260962327,26703.632393296244,0.6519817,66.8418,262.2391,149.1659,2915.2164493398905,353.69105356233354,19462.70012693217
2453524.07797527,2005.4184201923883,26705.037967080745,0.6518642,66.8403,261.1645,148.9213,2918.8434567000295,338.99453074016685,19466.6881689343
2453536.64624268,2005.4528302332103,26706.500382502552,0.6519109,66.8224,260.1671,148.7015,2918.1053822949707,325.3897160443255,19466.576365140045
2453548.71221768,2005.4858650723618,26705.84298678498,0.651849,66.8233,259.2071,148.4394,2919.5296416921774,312.2750739497217,19467.658314037053
2453563.79318341,2005.5271545062562,26703.86746301229,0.6516279,66.8271,258.0053,148.182,2924.746086211264,295.95167774777053,19471.792018986434
2453578.37059718,2005.5670652900205,26704.131441642614,0.6513272,66.8387,256.8532,147.9097,2932.8679813255676,280.1593955926285,19479.560089519407
2453592.94913533,2005.60697915217,26706.17449891528,0.6513669,66.8223,255.6965,147.6752,2932.520104697782,264.3992052188517,19480.05049725082
2453605.51779347,2005.6413902627517,26706.267671428122,0.6510869,66.8252,254.6958,147.431,2940.0303426677674,250.76630540938413,19487.168680958184
2453620.59913153,2005.6826807160305,26704.212336738965,0.6507372,66.8214,253.4819,147.1638,2948.6516725239926,234.4206422290099,19494.46653909469
2453637.68990151,2005.729472694072,26704.044014777104,0.6504745,66.8379,252.1414,146.8794,2955.608036286976,215.95063013409003,19500.947450271706
2453652.77089162,2005.7707621947154,26706.1685022492,0.650279,66.8326,250.9479,146.6381,2961.571654775091,199.65160990241043,19507.410960902893
2453667.35053398,2005.8106790800273,26706.166533195403,0.6500205,66.825,249.7985,146.3799,2968.47451020446,183.87393119019794,19513.90083070511
2453680.4209205,2005.8464638480496,26704.330369510695,0.6498461,66.823,248.7606,146.1687,2972.489125772612,169.74231470219343,19516.935928629864
2453696.5061944,2005.890502927858,26703.8521614002,0.6494573,66.8321,247.5129,145.9127,2982.704137058061,152.38454597111922,19526.336749260587
2453710.58177459,2005.9290397661603,26705.8842462385,0.6491326,66.8272,246.4001,145.594,2992.087870178664,137.0797841822706,19535.958820278665
2453725.66400468,2005.9703326616832,26706.340616854057,0.6487724,66.8273,245.2198,145.3125,3001.8676196401684,120.7525417940675,19545.310805313795
2453740.74531223,2006.011623031431,26704.287863244754,0.6483421,66.8165,244.0357,145.0391,3012.637490984136,104.43050868481726,19554.570199171067
2453762.36001054,2006.0708008502124,26704.59874455621,0.6477872,66.8415,242.3575,144.6556,3027.565196696627,81.06479392350263,19568.65886606826
2453777.44146919,2006.1120916336486,26706.500651018257,0.6475229,66.8422,241.1712,144.4236,3035.2936006190266,64.78181188647898,19576.648292403035
2453790.51263865,2006.1478785452427,26705.75903637155,0.6470647,66.8351,240.159,144.1736,3047.268777229503,50.63632371262088,19587.52864532011
2453812.12798769,2006.2070581456258,26703.625324283268,0.6462617,66.8464,238.4799,143.7985,3067.9587260489097,27.277467574730792,19605.951168057018
2453828.21359638,2006.2510981420394,26705.403283679123,0.6457945,66.8413,237.2344,143.5233,3081.0644227972043,9.902368865856147,19618.867983751385
2453843.79823159,2006.2937665478169,26706.473351955992,0.6453459,66.8368,236.0336,143.2533,3093.423970811935,353.07094278596463,19630.790957554138
2453858.37708461,2006.333681272033,26704.742017889675,0.6447796,66.8362,234.9087,142.9796,3107.932841491578,337.3030420681211,19643.55846809175
2453873.95977049,2006.376344340835,26703.591321501426,0.644143,66.8509,233.7228,142.6808,3124.523596895533,320.45963729943367,19658.470744178292
2453888.03473328,2006.4148794887888,26705.29454654102,0.6436702,66.8457,232.6506,142.427,3137.7559647100534,305.2609840360668,19671.413086806144
2453902.11114216,2006.4534185959203,26706.65844991574,0.6434079,66.8482,231.6112,142.1467,3145.247120638198,290.0672054686765,19678.89667011285
2453915.68475055,2006.4905811103354,26705.200577066353,0.6427481,66.8423,230.542,141.9233,3162.34734603805,275.39610027929956,19694.100136176192
2453930.76498537,2006.5318685431075,26703.578436265012,0.6421239,66.8558,229.3995,141.6398,3178.436206814622,259.1066244813302,19708.27771953427
2453944.8395931,2006.5704027189593,26704.67409481432,0.6415159,66.8609,228.3355,141.395,3195.0647586728246,243.92552117464072,19724.03883185218
2453958.91561535,2006.6089407675565,26706.461626806406,0.6409804,66.8605,227.2657,141.1485,3210.0068706713846,228.73552367966374,19738.51071034342
2453971.98665546,2006.6447273250108,26705.905547276878,0.6405103,66.8697,226.3043,140.8948,3222.361673418902,214.6372629961022,19749.63043408124
2453989.58044796,2006.6928965036554,26703.63937283263,0.6395618,66.8661,224.952,140.6076,3246.8754089929225,195.6568586840121,19771.17651150502
2454006.67100117,2006.739687888213,26704.86354668323,0.6387787,66.8694,223.6692,140.3209,3268.229226655527,177.2424602432884,19791.2149522358
2454021.75260111,2006.7809790584802,26706.577446787247,0.6380406,66.865,222.5495,140.013,3288.560448692644,160.95003894711044,19810.484835811683
2454036.33157598,2006.8208941163039,26705.20263543647,0.6373444,66.8532,221.4706,139.7421,3306.654984875793,145.23081813065022,19826.411765760324
2454058.4488923,2006.8814480281999,26703.6908246839,0.6362084,66.872,219.8425,139.3583,3336.442111017075,121.41950984803265,19852.877090547547
2454073.5291656,2006.9227355663243,26705.847014273426,0.6355301,66.8681,218.7351,139.0412,3355.341090707534,105.13149612324196,19870.916788404724
2454086.60033701,2006.9585224832576,26706.383578810375,0.6349141,66.8593,217.7835,138.8019,3371.987784615205,91.05730602722593,19886.21933192995
2454100.173465,2006.9956836824092,26704.639104307695,0.6341682,66.8563,216.7885,138.5349,3391.269891879272,76.41727433264919,19902.934708207813
2454119.27453627,2007.0479795654214,26703.69950441194,0.6330845,66.8762,215.3991,138.1999,3419.864955511057,55.86635644828027,19928.34667447778
2454134.85772309,2007.0906440057217,26705.920404328794,0.6322474,66.8639,214.2696,137.9249,3443.0353640849644,39.10265794017272,19950.127974243147
2454149.43676011,2007.1305592337026,26706.136370916673,0.6314189,66.8661,213.2121,137.6547,3465.2408203424748,23.405475867089308,19970.165450996403
2454166.0256463,2007.175977128816,26704.044193746413,0.630431,66.8709,212.0118,137.349,3490.8506086386697,5.549033626229232,19992.24595381172
2454185.12646372,2007.2282723168244,26704.410639699498,0.6292066,66.8704,210.6493,136.9928,3523.6829160903526,345.00406594321885,20021.74583391026
2454198.69929792,2007.2654327116218,26706.184612703,0.628516,66.8595,209.6847,136.7476,3542.7839846653624,330.416523816145,20039.52195365371
2454212.77564259,2007.3039716429573,26705.89104824614,0.6276732,66.8628,208.6817,136.4589,3565.182655142129,315.2508085353941,20059.333897834465
2454227.85623055,2007.3452600425735,26703.891802463826,0.6266964,66.8731,207.6208,136.1591,3590.522643870234,299.02628467353134,20080.99537243284
2454243.94110933,2007.3892980406022,26704.142806292835,0.6257617,66.8782,206.4926,135.855,3615.5767067842608,281.74030538323353,20103.29667037468
2454260.53007746,2007.4347161600554,26706.294522447224,0.6248266,66.864,205.3305,135.5429,3641.355017387901,263.9155823800689,20126.98907960998
2454274.60640207,2007.4732550364677,26705.76548030315,0.6239742,66.8654,204.3451,135.2806,3663.920529343375,248.79388687165914,20146.665914365807
2454289.68676927,2007.5145428316766,26703.758473060283,0.6229408,66.8633,203.2868,134.9681,3690.7615068453324,232.5594805964298,20169.431623992925
2454312.80914363,2007.5778484425184,26705.29275663854,0.6215079,66.8726,201.6905,134.5521,3729.606036574911,207.75716069336562,20204.15575782165
2454326.38253694,2007.6150103680761,26706.46798165688,0.6206497,66.8718,200.751,134.2891,3752.9703407819325,193.176367492589,20225.091893437955
2454340.4584178,2007.6535480295681,26704.971474002217,0.6197156,66.8665,199.781,134.0128,3777.3477540080476,178.05650935544384,20245.728964386257
2454361.57005205,2007.711348534018,26703.735386661458,0.6182831,66.8689,198.3357,133.6077,3815.1307902167136,155.39792775354033,20278.078892566286
2454376.64985965,2007.7526347971254,26705.78132165152,0.6173475,66.8628,197.3191,133.3573,3840.8976871832565,139.26787303484815,20301.31110592925
2454390.72639041,2007.7911742379472,26706.217997220716,0.6164853,66.8518,196.3731,133.0255,3864.090883338704,124.11587433900831,20321.576841809303
2454404.29920537,2007.8283345800678,26704.49547440081,0.6155945,66.8451,195.4526,132.7346,3887.2186350847787,109.52675117557476,20340.815181806833
2454432.44791683,2007.905401551896,26705.0116561765,0.6137473,66.8633,193.5728,132.2033,3936.7465557296437,79.37154131749458,20383.67652123215
2454446.52370807,2007.9439389680224,26706.285035079432,0.6128317,66.8427,192.6465,131.9104,3961.690676347145,64.278871511955,20405.627821117105
2454461.10228758,2007.983852943408,26705.028033364386,0.611829,66.8456,191.6699,131.6048,3987.9811367390885,48.6276403730991,20427.586950756202
2454482.71636636,2008.0430290660095,26703.58631057431,0.6102897,66.8592,190.2436,131.1856,4028.5263321698058,25.478736236585917,20461.556946774195
2454500.81270281,2008.0925741350031,26705.920583329545,0.6090621,66.8434,189.0495,130.8457,4062.220210413627,6.108511398840676,20491.22326896238
2454518.91038409,2008.1421228859415,26705.47407528325,0.6077954,66.8416,187.8586,130.4681,4095.873477506837,346.7024610610414,20519.5572668866
2454534.99564674,2008.1861619349481,26703.565819486077,0.6066653,66.8477,186.814,130.1403,4125.30275053781,329.4760034186339,20543.597677630296
2454552.08570033,2008.2329519516218,26704.6520803134,0.6054288,66.8432,185.7099,129.7894,4158.750316911755,311.17659741615586,20572.261128926068
2454568.67490096,2008.2783707076253,26706.335067613963,0.604387,66.8283,184.643,129.4407,4187.237035103963,293.41024525485625,20596.939199497592
2454584.76141511,2008.3224131830527,26704.766090861944,0.6032677,66.8256,183.6034,129.11,4216.506972189669,276.1846541010567,20620.781622379505
2454602.85683939,2008.3719557546613,26703.60116440083,0.6020126,66.8445,182.4585,128.7329,4249.560498056859,256.82732832196535,20647.890589303977
2454616.93139488,2008.4104897874886,26705.26590813736,0.6012121,66.8331,181.5606,128.4614,4271.600610447689,241.78567650414294,20666.997372874288
2454633.01814071,2008.454532897221,26706.217281197794,0.6001785,66.8233,180.5454,128.1488,4299.583552694425,224.60235700045143,20690.690882578532
2454647.59628772,2008.494445688487,26704.4688068799,0.5991364,66.8261,179.6149,127.8004,4326.713202013581,208.95485214465168,20712.42151545672
2454671.72341782,2008.5605021706226,26704.402675294834,0.5976034,66.8154,178.1012,127.3299,4367.624541569545,183.19031857582627,20746.222309855308
2454686.80415195,2008.601790970431,26706.214775117947,0.5965701,66.8139,177.156,127.0128,4395.949256104355,167.06405064482453,20770.37701732539
2454702.89083156,2008.6458338988634,26705.238433241004,0.5955558,66.8112,176.1462,126.6498,4422.642493941412,149.83579640913712,20791.88912365194
2454728.52608953,2008.7160194100752,26703.85824624917,0.5939247,66.8141,174.5608,126.0777,4465.640948503105,122.41151237292252,20826.510693315096
2454746.11982457,2008.7641884314035,26706.0030134943,0.5928576,66.7993,173.4765,125.7301,4495.009861321303,103.63876469473053,20851.460742748874
2454761.70378746,2008.8068549964682,26705.44114057215,0.5919177,66.7955,172.5137,125.3826,4519.881543159307,86.96850127146593,20871.47348781962
2454786.33382805,2008.8742883724851,26703.534322344145,0.5903676,66.8198,171.0204,124.8358,4560.496552944205,60.652385905369385,20903.60614542196
2454806.94337067,2008.9307142249695,26705.945822465525,0.5891696,66.7931,169.752,124.412,4593.478104621841,38.64687901100956,20931.39372934803
2454825.04072284,2008.9802620748528,26705.118779548993,0.5880399,66.7925,168.6488,124.0238,4623.307102934883,19.31825305297764,20955.0978887995
2454843.63882048,2009.0311808911158,26703.428646532295,0.5869258,66.7991,167.5241,123.6154,4652.361125423409,359.45437919826895,20977.719757243216
2454856.20491659,2009.0655849872414,26704.482677561995,0.5860938,66.7938,166.7642,123.3452,4675.014648035511,346.03880459312376,20996.38975424055
2454869.77755627,2009.1027448494726,26706.08974038037,0.5853442,66.7825,165.9463,123.0479,4695.698706169214,331.54605418983635,21013.697813943363
2454885.86403256,2009.1467872212459,26705.117795118793,0.5843946,66.781,164.9763,122.6854,4720.654863287464,314.35830035151264,21033.21499099021
2454904.4621729,2009.1977061544144,26703.47947100902,0.5833674,66.7933,163.8666,122.2697,4747.403781053114,294.50208441081475,21053.809117569883
2454922.05506599,2009.245872870609,26705.252483912074,0.5823513,66.7821,162.8178,121.8738,4775.277683077647,275.7173665807376,21076.801840950808
2454935.12533975,2009.2816573299115,26706.175304437842,0.5817049,66.7729,162.0463,121.599,4792.925969587359,261.7886612318356,21091.240151999904
2454949.70354485,2009.321570280219,26704.774592482212,0.5809356,66.7786,161.1792,121.2668,4812.884041733803,246.22069912115433,21106.421214849408
2454972.82522314,2009.384873985325,26703.85896211398,0.5796646,66.7845,159.8182,120.7436,4846.440938383765,221.54716528300338,21132.537866882845
2454986.900029,2009.4234087036273,26705.702562637336,0.5789939,66.7769,158.9837,120.4392,4865.127383655952,206.53576669414906,21148.1273335313
2455002.48396193,2009.4660751866668,26705.779800165066,0.5782519,66.7706,158.0665,120.0827,4884.975589737995,189.90213279996777,21163.793924348745
2455017.56419196,2009.5073626063238,26703.939407727878,0.5775036,66.7733,157.1776,119.7394,4904.1819655831605,173.80646172340232,21178.043307513413
2455037.66983567,2009.5624088587815,26704.335201812697,0.5765832,66.7762,156.0012,119.2665,4928.927857278888,152.34051083868292,21197.638116830283
2455053.75584471,2009.6064499512934,26706.11095232654,0.5759046,66.7649,155.0631,118.9114,4947.802506771306,135.19251753436146,21213.236126335105
2455067.32883694,2009.643610778755,26705.351465596246,0.5753141,66.7595,154.2699,118.6034,4963.249921983059,120.71341964823455,21224.95953070645
2455094.4718431,2009.717924279535,26703.752388268156,0.5741779,66.7728,152.6952,117.9578,4992.911619852361,91.74025936740577,21247.354728067516
2455108.546649,2009.756458997947,26705.526788931635,0.5737683,66.7565,151.8784,117.5998,5004.605782641871,76.69296073908026,21257.282451088013
2455123.62759736,2009.7977483842847,26705.753576932544,0.5730897,66.7555,151.0053,117.3178,5022.824971254344,60.673681657553914,21271.552693514554
2455137.19987595,2009.8349072579051,26704.06763875209,0.5725244,66.7575,150.2116,116.9792,5037.201036316132,46.164187154120725,21281.928295765294
2455158.31059841,2009.8927052660101,26704.007057678613,0.5717458,66.7644,148.9942,116.5069,5057.96687928051,23.66720423635303,21297.993257174425
2455173.89359288,2009.9353691796855,26705.891495746797,0.5711952,66.7567,148.1019,116.1617,5073.478161655406,7.070695313241458,21310.873012611944
2455187.96924203,2009.9739062067895,26705.411696310428,0.5707011,66.7615,147.2849,115.8267,5086.467565273202,352.0453655558211,21320.68612605047
2455202.04379857,2010.0124402424915,26703.67829725381,0.570238,66.7614,146.4675,115.5013,5098.089892384391,337.0303127030255,21328.84658082977
2455223.65728035,2010.0716147305957,26704.596417834608,0.5694721,66.7657,145.2347,114.9931,5118.937516117856,313.9864969855238,21345.34138166247
2455236.72716844,2010.10739813399,26705.97750572063,0.5691054,66.7584,144.4878,114.6821,5129.325194936489,300.0465717635608,21353.98143804686
2455251.80816953,2010.1486876646948,26705.096227170772,0.5686731,66.7588,143.6156,114.3194,5140.4900698672645,283.9474407098747,21362.151980583545
2455271.9141268,2010.203734775633,26703.38855979167,0.5680825,66.7781,142.4751,113.8465,5155.524528273818,262.5170807721654,21372.894973794486
2455287.49626753,2010.2463963518962,26705.022037341863,0.5676633,66.7687,141.584,113.4948,5167.4248010516585,245.91611331731997,21382.786961140737
2455302.57723694,2010.2876857958663,26706.041499022478,0.5673435,66.7645,140.7202,113.1459,5176.406143821818,229.83921348814494,21390.146519952876
2455316.65255087,2010.3262219051885,26704.618253241875,0.566949,66.7631,139.9079,112.7907,5186.3253391846465,214.7987141321526,21397.070672695467
2455338.76870572,2010.386772637153,26703.75337257253,0.5664516,66.7826,138.6565,112.2577,5199.233248673423,191.21605062497093,21406.53362952949
2455352.34066718,2010.4239306425181,26705.50790506505,0.5662093,66.7713,137.8835,111.9674,5206.4646679937,176.7758686934354,21412.88319959613
2455366.4163384,2010.4624677300478,26705.90733728204,0.5659721,66.7695,137.0796,111.6367,5212.972579195115,161.76791718276758,21418.039706371586
2455381.49674621,2010.5037556364405,26704.129830905767,0.5657163,66.7726,136.2135,111.2658,5219.032008246133,145.6672708813972,21421.826086321827
2455408.63945091,2010.5780683118687,26704.87679143648,0.5653572,66.7845,134.6724,110.6341,5228.946122284968,116.74190772727513,21429.736592327437
2455421.70951317,2010.6138521921155,26706.04409456309,0.5652579,66.7708,133.9365,110.3456,5232.105392362957,102.83531083842774,21432.694006307254
2455435.28237526,2010.651012663271,26705.044589563455,0.5650896,66.777,133.1545,110.0047,5236.165324464879,88.3346412223836,21435.315398916002
2455458.4039864,2010.714316184531,26703.44922683704,0.5648308,66.7989,131.8426,109.4567,5242.382337283294,63.685473568795146,21439.296222756017
2455471.47299844,2010.7500971894312,26705.036535193132,0.5647539,66.7912,131.0944,109.1406,5245.126702300322,49.740011804714754,21442.133428389505
2455486.55389556,2010.7913864354828,26705.949044487174,0.5646507,66.7868,130.2368,108.8029,5248.279922353162,33.680583226192255,21444.96300202408
2455500.12643639,2010.8285460270772,26704.495026958633,0.5644766,66.7838,129.4496,108.4359,5252.296169424115,19.148930252173756,21447.331510226588
2455521.23714142,2010.886343987461,26703.56743013788,0.5644024,66.809,128.2583,107.9762,5253.873584006229,356.6906645140375,21448.093059854655
2455538.8304524,2010.934511847775,26705.7563514012,0.5643925,66.8006,127.2541,107.5645,5255.091459842999,337.9343348010247,21450.052186293786
2455552.9060971,2010.9730488626972,26705.560081896223,0.5643108,66.8034,126.4428,107.2076,5257.1878076333,322.8928094290436,21451.55311840834
2455568.99135569,2011.017087900589,26703.59481125563,0.5643341,66.8127,125.5246,106.8367,5255.709366681014,305.7496557879199,21449.501552154376
2455589.09683666,2011.072133707488,26704.068623085517,0.5645033,66.8318,124.393,106.3599,5251.397461927285,284.3247653042559,21446.446862827626
2455603.67479242,2011.1120459751407,26706.015006644026,0.5643908,66.8174,123.5496,106.0263,5255.249532232199,268.7793489493699,21450.29445345624
2455618.75576557,2011.1533354293495,26705.04548449386,0.5644445,66.8222,122.6823,105.6611,5253.3931385214655,252.6826454342229,21448.42542167746
2455641.87743321,2011.216639105298,26703.497277529026,0.5645353,66.8439,121.3593,105.1234,5250.294130909995,228.0326220926704,21445.33816058567
2455656.45453042,2011.2565490223676,26705.32497492904,0.5645988,66.8399,120.5244,104.7816,5249.394240474076,212.48835194764837,21445.51618892619
2455670.53014652,2011.2950859589873,26705.9951374033,0.5647127,66.8377,119.7178,104.4436,5246.6442171734125,197.4704547645643,21443.7403130756
2455685.61063852,2011.33637409588,26704.245983552362,0.5648556,66.8456,118.8391,104.0808,5242.066795965302,181.365225483156,21439.431862134832
2455709.73722545,2011.402429090897,26704.235155709892,0.5651351,66.8679,117.4544,103.514,5234.598250564266,155.6339272770995,21433.7403054104
2455723.81229818,2011.4409645398496,26705.953430018206,0.5653151,66.8554,116.656,103.1811,5230.538396132122,140.6298656541406,21431.45732432627
2455738.390695,2011.4808780150584,26705.39272315134,0.5655379,66.8588,115.8108,102.8498,5224.344703825049,125.08451457898883,21426.472288339508
2455764.52840925,2011.5524391765916,26703.52904300274,0.5659449,66.879,114.3008,102.2383,5212.66666911346,97.20099642702556,21416.686668674025
2455780.6136086,2011.5964780522932,26705.522224581677,0.5662803,66.8772,113.3743,101.8616,5204.574787588899,80.04380117443395,21411.44654009332
2455794.68933363,2011.6350152871453,26705.805933962536,0.5664984,66.8762,112.5567,101.5464,5198.8733016622555,65.03759662771856,21407.223919928852
2455811.2775166,2011.680431256948,26703.71498476914,0.5667658,66.8784,111.5846,101.1399,5190.826298454471,47.30924749876584,21400.088969451088
2455837.41474648,2011.751991092348,26704.910082375274,0.5673123,66.8913,110.0778,100.5629,5176.749822249769,19.463906754764196,21389.87837752027
2455851.49018955,2011.7905275552362,26705.971061661134,0.5675861,66.8952,109.2514,100.2327,5169.896800060033,4.43418011501069,21385.1268703823
2455867.07343346,2011.8331921518418,26704.369475424763,0.5679246,66.9022,108.3303,99.8555,5160.1648228419435,347.7766253369671,21376.914602167442
2455887.17872216,2011.8882374323339,26703.45898012575,0.5683507,66.9243,107.173,99.3775,5148.393076349994,326.3250243598156,21367.45464605009
2455902.25844401,2011.9295234606702,26705.385384485635,0.5688102,66.9225,106.2764,99.1162,5136.953482859282,310.30415415870436,21359.569593327808
2455914.82601467,2011.9639315938948,26705.90814278446,0.5691348,66.9218,105.5403,98.7498,5128.510153122454,296.81472619787,21353.322023821882
2455928.9011776,2012.0024672898016,26704.258332675356,0.5695529,66.9291,104.7041,98.4298,5116.634256950942,281.785675671432,21343.409792551618
2455949.00658331,2012.0575128906507,26703.539959609883,0.5700064,66.9529,103.5302,97.9576,5104.214979976508,260.3231593657184,21333.50515701338
2455961.07040932,2012.090541846187,26705.150460351204,0.5703938,66.9561,102.8063,97.7042,5094.5619096997325,247.45543537265314,21326.812489448068
2455976.65422664,2012.133208012703,26705.95495152939,0.5708542,66.9486,101.8882,97.335,5082.612102438043,230.80831542691757,21317.96182218209
2455990.72936049,2012.1717436289941,26704.180032318385,0.5712646,66.9534,101.0427,97.0151,5070.891007828035,215.7700935621137,21308.07425682029
2456010.83470666,2012.2267890668306,26703.631945890218,0.5718233,66.9746,99.8554,96.5568,5055.736704605852,194.3081359409664,21296.09162464205
2456025.41199325,2012.266699502395,26705.603846193,0.5723,66.9747,98.9883,96.2146,5043.850465016745,178.73107913778927,21287.800040016144
2456039.48766774,2012.3052365988772,26705.82088037545,0.5727409,66.9763,98.1458,95.9023,5032.168694110422,163.70292440424782,21278.839221367547
2456061.10208597,2012.3644136508415,26703.209245052458,0.5734276,67.0111,96.8496,95.4095,5012.715755364214,140.61018569704152,21262.51392786351
2456078.69436577,2012.41257868794,26704.54916759791,0.5741147,67.0001,95.8018,95.0189,4994.9386336071875,121.83237234159492,21249.30319104061
2456093.77512061,2012.4538675444487,26706.09278344179,0.5746651,66.9922,94.8983,94.679,4980.897003435934,105.72498399845071,21239.076193805562
2456107.34803424,2012.491028156714,26704.98928300959,0.575147,66.9962,94.0739,94.3624,4967.558511854473,91.20616358290923,21228.156568194117
2456135.4959183,2012.5680928632444,26703.878022032248,0.5762434,67.0251,92.3507,93.8831,4937.808257431112,61.260369232029944,21204.382268620622
2456151.58169901,2012.6121333306228,26705.90313077039,0.5767222,67.0081,91.4017,93.3988,4925.879624205605,43.97250097578552,21195.9735378476
2456165.1547237,2012.6492942469545,26705.37777733749,0.5772096,67.0182,90.5667,93.0689,4912.641052631629,29.429671096375785,21185.347879899742
2456188.77909868,2012.713974260588,26703.11090955489,0.5780672,67.0466,89.1243,92.5492,4888.782054779042,4.182766188309984,21165.558575096216
2456206.87446191,2012.7635166650518,26705.316651861354,0.5787793,67.0288,88.0211,92.1843,4870.695873818697,344.8794005813008,21152.33797427588
2456222.96089301,2012.8075589131001,26705.730844216516,0.5793981,67.0411,87.0238,91.7762,4854.34483396607,327.6187912839858,21139.636724143078
2456253.11969009,2012.890129199425,26703.32896683478,0.5806587,67.0715,85.1767,91.1192,4819.6723832801545,295.38938820702873,21111.13315549418
2456278.75622902,2012.9603182177143,26706.058772804623,0.5817216,67.0626,83.5834,90.5524,4792.431233794683,267.96124162281103,21090.794195282444
2456315.0076914,2013.059569312526,26703.481618527447,0.5831883,67.0898,81.3223,89.7728,4752.187269337177,229.1901474906358,21057.62084880059
2456341.1443291,2013.1311275266253,26706.10513469998,0.5842451,67.0971,79.6771,89.1796,4725.057769666679,201.1907904148672,21037.18149542919
2456381.87371848,2013.2426385173994,26704.230502425587,0.5859816,67.1123,77.1167,88.2914,4677.9064858454385,157.59823373623328,20998.594745426464
2456418.51422704,2013.3429547626013,26703.971264000505,0.587635,67.1262,74.8006,87.4857,4633.646810279568,118.36258546354497,20962.90876641407
2456454.22232359,2013.4407182028472,26705.86249774314,0.5892411,67.1254,72.5247,86.7219,4591.534403124226,80.12804697498956,20929.78480079068
2456494.2279451,2013.5502476251884,26703.069660812238,0.5908992,67.1386,69.948,85.8674,4546.110860694016,37.26625493218904,20891.726278641025
2456523.60965965,2013.630690375496,26706.061905358783,0.5921322,67.1419,68.0391,85.2236,4514.4064160024955,5.754164821456243,20867.29537362296
2456567.8217314,2013.7517364309383,26704.66577225376,0.5940449,67.1506,65.1699,84.279,4462.758964041852,318.3637848622162,20824.514773242805
2456619.91788343,2013.89436792178,26703.390617812634,0.5964041,67.1566,61.7571,83.1768,4399.242669447647,262.5014481592034,20771.829073590354
2456671.36100679,2014.0352115175629,26703.008190638826,0.5985313,67.1609,58.3339,82.0885,4342.285684385122,207.2862536773642,20724.66522302214
2456717.19831461,2014.1607072268582,26704.846364325113,0.6005186,67.162,55.2577,81.1013,4289.953112405505,158.0443983310684,20682.08167130223
2456753.30312727,2014.2595568166194,26705.190195727482,0.6021593,67.1552,52.8382,80.3469,4246.27526110136,119.28464601705977,20645.849833601165
2456791.14907451,2014.3631733730601,26703.051676052404,0.6038043,67.1545,50.2728,79.559,4201.497950929757,78.6293856983603,20607.456880690952
2456827.17969499,2014.461819835702,26706.160715538572,0.6052459,67.141,47.804,78.8022,4164.230137717785,39.89105914727389,20577.532557466628
2456862.85401939,2014.5594908128403,26703.152784797137,0.6067448,67.143,45.3484,78.0563,4123.017389015957,1.5280073774592324,20541.487942274136
2456900.4430831,2014.6624040605066,26704.654675516435,0.6080566,67.1317,42.7498,77.2583,4088.57684934781,321.0826382176392,20513.021934214757
2456930.11315573,2014.743636292211,26704.168846599958,0.609335,67.1158,40.6937,76.6558,4054.247822456973,289.18043480403935,20483.689579608097
2456960.89406052,2014.8279098166188,26704.750161528496,0.610547,67.1064,38.539,76.0165,4022.108764657758,256.04796601725917,20456.595217891965
2457003.6114814,2014.9448637409998,26706.060652337008,0.6120872,67.0781,35.5253,75.1452,3981.486464617874,210.05955324004282,20422.480140827043
2457033.27673295,2015.026082773306,26703.066708088398,0.6130729,67.072,33.4154,74.5346,3954.003862467189,178.10020160985113,20397.647380558003
2457066.43360777,2015.116861349131,26706.204034782386,0.6143981,67.0476,31.0493,73.8452,3919.8267175997553,142.3644143128082,20369.645863501486
2457104.63566052,2015.2214528693219,26703.167190634238,0.6158493,67.0292,28.3215,73.077,3879.904068499174,101.21546704411661,20333.93059312013
2457129.2666999,2015.2888889798767,26706.202871246678,0.6169945,67.0045,26.5392,72.5859,3850.4862838032695,74.66506724443278,20309.79794349576
2457157.9188571,2015.3673343110197,26702.845166651958,0.6176986,66.9863,24.4698,72.0003,3830.398791194277,43.769748032899315,20290.950602461147
2457190.08936004,2015.455412347817,26706.187655791447,0.6187142,66.9533,22.1227,71.3518,3804.553825288567,9.066054785892177,20269.935091950225
2457218.74139835,2015.5338573534561,26702.81698218641,0.6195751,66.9371,20.0235,70.7656,3780.2801801665664,338.14045275577524,20247.36550197499
2457251.91688739,2015.624686892238,26706.150691275776,0.6207241,66.9,17.5872,70.1004,3750.8630389692426,302.34031879428835,20223.115376277918
2457271.01870629,2015.6769848221493,26703.610738866217,0.6213516,66.8862,16.1787,69.7182,3733.1431804945114,281.722364026233,20206.537062702922
2457284.58943881,2015.714139462861,26702.880777606835,0.6217791,66.8716,15.1779,69.457,3721.4513002991553,267.0846933700077,20195.987877258704
2457296.65269662,2015.747166862752,26704.48276705033,0.622179,66.8537,14.2842,69.2263,3711.378083529722,254.07042940924168,20187.8379311054
2457309.72267207,2015.7829505053248,26706.150601773472,0.6225889,66.8342,13.3106,68.9677,3701.0613753809885,239.95611808304517,20179.49287274436
2457325.80913456,2015.826992839316,26704.725014707758,0.6230423,66.8164,12.1069,68.6456,3688.4154206767016,222.57507784623743,20167.779574824708
2457338.37523021,2015.8613969341818,26702.94153124361,0.623353,66.8056,11.1666,68.4018,3679.44651891831,209.0055036945531,20159.137675870403
2457346.91978623,2015.8847906536078,26703.108314726902,0.6235776,66.795,10.5262,68.2388,3673.511819289457,199.78036470124482,20153.986627504473
2457356.97269341,2015.9123140134423,26704.464690422876,0.6238646,66.7797,9.7702,68.0455,3666.358208118085,188.92265516080158,20148.26268063874
2457367.52917888,2015.9412160954967,26705.989946346497,0.6241671,66.7635,8.9728,67.8354,3658.8533489062484,177.51040562120266,20142.295784918548
2457380.59962365,2015.9770010229975,26705.709096033468,0.624541,66.7483,7.9826,67.5723,3648.7625314876295,163.37453172089036,20133.278979456798
2457390.65305118,2016.0045258074738,26703.933501800133,0.6248134,66.7396,7.2226,67.3736,3640.8217171664874,152.50690930940442,20125.520900650405
2457401.20823117,2016.0334243153188,26702.88498292844,0.6251169,66.7288,6.4258,67.1717,3632.3240013436607,141.10474648522828,20117.573472488384
2457412.26590449,2016.063698574921,26703.61190211961,0.6254652,66.713,5.5912,66.9651,3623.2956430379854,129.16481302843096,20109.90056809064
2457422.31909482,2016.0912227099793,26705.200577066353,0.6258004,66.6956,4.8296,66.773,3614.939073857997,118.30242440744388,20103.17841700064
2457435.38929725,2016.127006973991,26706.231780671333,0.6262437,66.6746,3.835,66.5192,3603.4860772861302,104.17168936326038,20093.471938775943
2457444.94048639,2016.153156704696,26705.06204071998,0.6265294,66.6625,3.1083,66.3342,3595.419243384915,93.84608630950959,20085.83005631898
2457454.49092899,2016.179304391485,26703.451374349388,0.6268054,66.651,2.3813,66.1541,3587.447554269771,83.52581906546061,20078.0822502471
2457467.05640212,2016.2137067819845,26702.95199987277,0.6271621,66.6322,1.4246,65.9257,3577.736247433366,69.95585848561035,20069.25275893478
2457481.13044356,2016.2522394074194,26704.848512118366,0.6275586,66.605,0.3481,65.6659,3567.8548666412826,54.74781332899316,20061.271376303517
2457496.21142454,2016.2935288830658,26706.1357444014,0.627962,66.5777,359.1853,65.3787,3557.561030075607,38.43360209629884,20052.657959717795
2457507.27078126,2016.3238077515673,26704.72098764232,0.6282108,66.5628,358.3303,65.1637,3550.390552218749,26.46320943574517,20045.682408790286
2457520.84208186,2016.360963947598,26702.777255637462,0.6287158,66.5489,357.2644,64.9231,3536.18299113755,11.780478864716315,20032.21060490824
2457533.91027345,2016.3967427062285,26703.54219662092,0.628805,66.5235,356.2727,64.6699,3534.085045674705,357.6552257577383,20030.660974541344
2457546.97958719,2016.4325245371385,26705.61565989894,0.6291537,66.4984,355.258,64.4251,3525.542456695579,343.5142666301242,20023.910043614218
2457561.05533896,2016.4710618452023,26705.7756832028,0.6295179,66.4753,354.1615,64.1533,3515.8755572419086,328.272535727171,20015.346816704405
2457576.63781557,2016.513724341054,26703.258547357844,0.6299068,66.455,352.9498,63.8638,3504.558106219016,311.41283722054095,20004.18037979472
2457588.19799566,2016.5453743892126,26702.870935371255,0.6302052,66.436,352.0527,63.6567,3496.446516971426,298.91461988347083,19996.763635933905
2457601.7691514,2016.5825301886375,26704.703358062605,0.6305974,66.4063,350.9963,63.4163,3486.6505526970577,284.24173209050366,19988.760691395393
2457614.83913718,2016.618313859493,26706.14335208934,0.6309558,66.3789,349.9727,63.1765,3477.61100845713,270.0962105825612,19981.26287396231
2457626.90385696,2016.65134526204,26705.077433558625,0.6312592,66.3573,349.0256,62.9559,3469.1153169123536,257.03720566558525,19973.200038513914
2457638.46477783,2016.6829973383437,26703.16405892887,0.6315062,66.3384,348.1191,62.7504,3461.814096098122,244.53045819624845,19965.850620436526
2457649.52235262,2016.7132713281862,26703.043891613506,0.6317457,66.3166,347.2509,62.5598,3455.374436175409,232.57302185294975,19960.018665606993
2457659.5750965,2016.740794240931,26704.214573890822,0.6321762,66.2967,346.4359,62.402,3444.3093805839035,221.69197326478252,19950.563276432607
2457671.63958211,2016.773825002355,26706.06002582618,0.6322347,66.2656,345.5018,62.1696,3443.425877215972,208.63439915225973,19950.537263245922
2457681.69382733,2016.8013520255445,26706.01402213123,0.6324562,66.2449,344.7002,61.9856,3437.4935765473947,197.73907080397453,19945.182254996154
2457695.26610469,2016.8385108957968,26703.74379797928,0.632705,66.2227,343.6195,61.7408,3430.015278278801,183.03637751313425,19937.507357283775
2457707.32910703,2016.8715375962486,26702.941083866524,0.6329441,66.2009,342.659,61.5335,3423.3357721856028,169.97896535047664,19931.15844609131
2457717.38164803,2016.899059953539,26703.865941798413,0.6331692,66.1787,341.8569,61.3622,3417.664206522666,159.09751672594825,19926.432517550245
2457727.43499645,2016.9265845214234,26705.49832889901,0.6334196,66.155,341.0527,61.1867,3411.575959607131,148.20897228761862,19921.621674168742
2457735.98095165,2016.949982071595,26706.279127854687,0.6336422,66.1358,340.3659,61.0364,3405.91736746676,138.948754225806,19916.841237264456
2457748.54839468,2016.9843898553868,26705.01586233711,0.6339459,66.1118,339.356,60.8142,3397.3442469735364,125.32985206075728,19908.577926494992
2457763.12493211,2017.0242982398627,26702.98483743424,0.6342942,66.085,338.189,60.5701,3387.3001323617573,109.55173364943562,19898.66127131591
2457774.18247593,2017.0545721449146,26703.332545981964,0.6345763,66.0593,337.3033,60.3909,3379.89428128315,97.5882278307227,19892.10946265122
2457784.2353819,2017.082095501437,26704.87446465432,0.6348515,66.0327,336.4955,60.2262,3373.1085534568283,86.70731948267706,19886.60876999592
2457798.31080999,2017.1206319233127,26706.171545333058,0.635218,65.996,335.3571,59.9902,3363.7943686496856,71.4598076074659,19878.71190059204
2457810.37543086,2017.1536630550584,26704.754904529793,0.6354911,65.9697,334.3791,59.7858,3355.984535019761,58.386200178965964,19871.048359452205
2457822.94138277,2017.188066756386,26702.919520313197,0.6357373,65.9433,333.36,59.5825,3348.7412623519904,44.77846770106578,19863.721126503482
2457835.00423021,2017.2210930327449,26703.28539081399,0.635971,65.914,332.3812,59.3917,3342.633977532627,31.719408211819484,19858.330989326078
2457850.08400823,2017.2623792148663,26705.56724168711,0.636288,65.8729,331.1483,59.1494,3334.9989726085023,15.381182648151423,19852.34143490598
2457864.15973552,2017.3009164559066,26705.792509058592,0.6365699,65.8399,329.992,58.9121,3327.5525421464135,0.11417587360512016,19845.66834264276
2457879.74226678,2017.3435791013833,26703.24745208234,0.6368477,65.8094,328.7121,58.6589,3319.209429692841,343.2225235020314,19837.031940266843
2457893.81551167,2017.382109545982,26703.099635479255,0.6371296,65.7784,327.5591,58.4399,3311.628145966213,327.97956344644285,19830.07273743013
2457910.90571857,2017.428899982396,26705.535828140255,0.637536,65.7319,326.152,58.1743,3301.6590384110295,309.46230633746956,19821.998121003366
2457922.46779655,2017.4605552266944,26705.999343951185,0.6378158,65.7036,325.1976,57.9885,3294.354707589484,296.9262183900138,19815.531413684017
2457932.52138477,2017.4880804511158,26704.518830908382,0.6380271,65.6822,324.3673,57.8299,3288.1758243285185,286.0282375983074,19809.286674398714
2457944.58455242,2017.521107604161,26702.874872264398,0.6382794,65.6546,323.3733,57.6489,3280.8436205204,272.9634625020086,19801.91925252891
2457951.62112634,2017.5403726936065,26702.919072937035,0.6384257,65.6366,322.7935,57.5471,3276.952971753857,265.3464303016631,19798.385277510108
2457961.67362614,2017.5678949380979,26704.055021395314,0.6386441,65.6076,321.9626,57.4005,3271.5315359058222,254.460922284788,19793.900330242235
2457973.73779497,2017.600924832225,26705.88621524027,0.6389114,65.5716,320.9606,57.2187,3265.054765220406,241.3863603990187,19788.73334244984
2457982.78648341,2017.625698790992,26706.107909259943,0.6390895,65.5471,320.2057,57.08,3260.3784585849608,231.57413524289365,19784.548056486834
2457989.82419041,2017.6449669826416,26705.209705493362,0.6392122,65.5304,319.6181,56.9716,3256.7775581835976,223.94158624901462,19780.88504331291
2457997.36411555,2017.6656101726219,26703.882675163,0.6393321,65.5135,318.9889,56.8574,3253.0969862974216,215.76663785608326,19776.972159089724
2458007.4166625,2017.6931325462006,26702.932404754763,0.6394924,65.4901,318.1501,56.7106,3248.473774200369,204.87298336777968,19772.34998756489
2458013.95063562,2017.7110215896507,26703.12173625777,0.6395921,65.4732,317.6044,56.6192,3245.879728409016,197.79582772573912,19770.052290040952
2458020.98752531,2017.7302875436274,26703.92911709831,0.6397241,65.4535,317.015,56.5182,3242.645796198798,190.16968429414203,19767.421320285262
2458029.03012375,2017.7523069780977,26705.239328187654,0.6398847,65.4304,316.3388,56.4004,3238.828972242096,181.44868788480017,19764.46128772383
2458039.58677323,2017.781209509186,26706.24019395512,0.6400951,65.4017,315.4466,56.243,3233.5704063813973,169.99417669299902,19760.050929526682
2458047.12735901,2017.8018545078983,26705.719388377955,0.6402423,65.3838,314.809,56.1296,3229.4518840082583,161.81097715665197,19756.060239447383
2458055.17014903,2017.823874466886,26704.380124428455,0.6403943,65.3669,314.1297,56.0111,3224.911007711182,153.0859919209887,19751.345382726708
2458061.7044977,2017.8417645385355,26703.37102188995,0.6405161,65.3528,313.578,55.9194,3221.2956580959835,146.0021661272201,19747.61392645718
2458071.75678192,2017.869286192799,26702.938041702833,0.6407207,65.3286,312.7299,55.7825,3215.676587566364,135.10937059233618,19742.277401078743
2458080.30135522,2017.8926799595342,26703.75829409576,0.64092,65.3052,312.009,55.6675,3210.649228243905,125.85171456764374,19737.994842914246
2458090.35453474,2017.9202040649968,26705.34663283449,0.6411793,65.2746,311.1563,55.5306,3204.294872536315,114.95343660113969,19732.803997788098
2458097.39218576,2017.9394721033818,26706.099854087846,0.6413645,65.2539,310.5577,55.4308,3199.619174220721,107.31854278255793,19728.811933443816
2458104.93271915,2017.9601169586588,26705.998448940853,0.6415435,65.2341,309.9169,55.3263,3194.8024330127646,99.14109488286624,19724.338691944125
2458112.97567784,2017.9821373794387,26704.863188717158,0.6417294,65.2147,309.2335,55.215,3189.4310575396084,90.41904340210704,19718.930460669064
2458123.02846428,2018.0096604087066,26703.22400887684,0.6419458,65.19,308.3792,55.0818,3183.0652099191902,79.52325286564042,19712.39824104601
2458134.0859419,2018.0399341325121,26702.982958442983,0.6421892,65.1596,307.4399,54.9404,3176.4793947468497,67.54401229565542,19706.231071625207
2458142.12798427,2018.0619520445448,26703.877037716386,0.6423758,65.1351,306.7553,54.8391,3171.8163625116904,58.831663963872415,19702.296691254163
2458149.66778225,2018.0825948863787,26705.03519279867,0.6425534,65.1106,306.1098,54.7415,3167.4877325462276,50.65714090362849,19698.776402599186
2458158.21350845,2018.1059918095823,26706.000059959497,0.6427414,65.0846,305.3753,54.6289,3162.8118930210458,41.38714855034743,19694.85488632838
2458165.75404121,2018.1266366631344,26705.9125282987,0.642917,65.0635,304.7259,54.5254,3158.0910633424864,33.20210127163875,19690.4607388866
2458178.32083885,2018.1610426799452,26703.91050450654,0.6431475,65.0333,303.6428,54.3596,3151.22092330942,19.567035219720935,19683.298968452273
2458192.89681334,2018.200949523176,26702.848566687753,0.6434181,64.9973,302.3873,54.178,3143.6161773217955,3.7634716566542465,19675.83751505288
2458203.45189944,2018.2298477739632,26703.935112507374,0.643637,64.9675,301.4757,54.0497,3138.158128498464,352.32020137327845,19671.23191712328
2458211.99714529,2018.2532433820397,26705.24926210051,0.6438381,64.9421,300.7342,53.943,3133.2560171633177,343.0495824656881,19667.23052343129
2458220.54292163,2018.2766404425195,26706.071482030053,0.6440433,64.9187,299.9911,53.8338,3128.0687747075262,333.7743406930271,19662.762556508133
2458232.10481957,2018.3082951938952,26705.105892469892,0.6443006,64.8913,298.985,53.6861,3120.8538428880056,321.22483019774745,19655.68653420464
2458246.17871914,2018.3468274309107,26702.955936795795,0.6446042,64.8601,297.7635,53.5169,3111.982087522292,305.9625248721581,19646.588991227225
2458258.24133235,2018.3798530659817,26703.180254329403,0.6448856,64.8283,296.7175,53.3804,3104.5475341080346,292.8907962465712,19639.783292208416
2458266.28345241,2018.401871190718,26704.256542946503,0.6451019,64.8038,296.0189,53.289,3099.1536090042828,284.1742713414853,19635.213233809
2458273.82343213,2018.4225145301295,26705.432638421375,0.6453006,64.7813,295.3619,53.2011,3094.2646335884783,275.99776915337213,19631.149845267028
2458282.87190073,2018.4472878870085,26706.08204322888,0.6455228,64.7555,294.5702,53.0936,3088.560885654053,266.18016067695925,19626.11319181472
2458293.93101875,2018.4775661019855,26704.907308126407,0.6457796,64.7273,293.6024,52.9612,3081.2866486474595,254.17980328524078,19618.87370334099
2458304.98915116,2018.5078416185086,26703.185175588573,0.6460025,64.7019,292.6374,52.8357,3074.724494195414,242.19011733693685,19612.071103558985
2458312.52829483,2018.5284826689394,26702.860914195255,0.6461528,64.6827,291.979,52.753,3070.5962664774324,234.01823918181435,19608.097404113283
2458325.09387483,2018.5628853520323,26704.076587241107,0.6464335,64.6466,290.8786,52.6161,3063.530594682783,220.39597326834865,19602.00950607977
2458334.64456959,2018.5890337291999,26705.552922110135,0.6466505,64.6198,290.0387,52.5104,3058.2574722511545,210.03695748807678,19597.693093360125
2458349.72549006,2018.630323039179,26705.726369278113,0.6469911,64.5803,288.7034,52.3322,3049.2227893198597,193.6593058955212,19589.33848080641
2458360.28155053,2018.659223957645,26703.96741618725,0.6472032,64.5592,287.7702,52.2132,3042.93795173513,182.20277524775872,19582.763057020788
2458372.34443242,2018.6922503283233,26702.87827230965,0.6474626,64.5333,286.7036,52.0847,3035.6269786365356,169.11818180360007,19575.49698561503
2458379.38100986,2018.7115154274059,26703.28038003039,0.6476357,64.5163,286.0809,52.012,3031.14639881314,161.48734613391605,19571.473629631746
2458387.42321868,2018.7335337951542,26704.368133114127,0.6478495,64.4954,285.3675,51.9298,3025.820290260208,152.76513374448024,19566.93463872455
2458395.96858534,2018.75692973399,26705.639287350008,0.6480951,64.4725,284.6061,51.8399,3019.709022850975,143.49129576360713,19561.732303323588
2458405.01709974,2018.7817032162627,26706.1329698342,0.6483613,64.45,283.7974,51.7418,3012.7735795396366,133.66604214539603,19555.44132829196
2458414.06554196,2018.8064765009167,26705.149654905916,0.6486145,64.4309,282.9893,51.6453,3005.666064063944,123.84305966997971,19548.389710040086
2458427.13416858,2018.8422564505959,26703.108225250086,0.6489719,64.4041,281.8241,51.5146,2995.4050444039076,109.66637778545442,19537.95197721493
2458436.18112752,2018.86702567425,26702.98600061946,0.6492356,64.3829,281.0193,51.4305,2988.320562715684,99.86055727000041,19531.258760171637
2458446.73625143,2018.895924028556,26704.16070340431,0.6495605,64.354,280.0763,51.3315,2980.0564248206556,88.41514971980001,19523.9752076933
2458459.30300157,2018.9303299153185,26705.911096293854,0.6499725,64.3179,278.9483,51.2092,2969.666996257998,74.77873048537253,19514.91906119078
2458471.36773044,2018.9633613427518,26705.59659687992,0.6503354,64.288,277.8617,51.088,2959.865451809379,61.67961660934077,19505.57640146436
2458479.91304613,2018.9867571420396,26704.112470757376,0.6505786,64.2694,277.0918,51.0035,2952.8520652895004,52.40272886572893,19498.381073878212
2458488.9602759,2019.011527107187,26702.93508901538,0.6508241,64.2501,276.2776,50.9199,2945.8850923485243,42.5877414126478,19491.348759784945
2458500.01770413,2019.0418006957705,26703.14562662444,0.6511303,64.2238,275.2807,50.8218,2937.7821038167785,30.59424952264459,19483.798238153056
2458510.07039929,2019.0693234751266,26704.494937470205,0.6514461,64.1962,274.37,50.7321,2929.8195579854946,19.685648954463375,19476.83041903091
2458523.14012887,2019.1051064445448,26706.05152318281,0.6518587,64.1635,273.1795,50.6107,2919.3431951478433,5.491879963832275,19467.565708278955
2458536.2100049,2019.1408898149216,26704.856924312768,0.6522546,64.1372,271.9847,50.4867,2908.3548530879125,351.2910666282219,19456.706170134687
2458544.75493064,2019.164284546585,26703.405023970503,0.6525089,64.1229,271.2047,50.4109,2901.059285525038,342.013163229465,19449.227361754314
2458556.31495267,2019.195934161999,26702.829955978777,0.6528561,64.1014,270.1512,50.3161,2891.5882319553,329.47100168036445,19440.03542467972
2458567.37255854,2019.226208236934,26703.977706853715,0.6532449,64.0759,269.1406,50.2275,2881.6041601378292,317.47313470370534,19431.03726856066
2458578.93384426,2019.2578613121423,26705.684752440768,0.6536691,64.0479,268.079,50.1329,2870.867535429088,304.92182762880634,19421.538674145497
2458590.99845602,2019.2908924189458,26705.719925370107,0.6541068,64.0223,266.968,50.029,2859.1906232900274,291.8157291795566,19410.469715254334
2458603.56494999,2019.3252976043525,26703.64563652301,0.6545286,64.0009,265.8132,49.926,2847.2095431534963,278.17206243306646,19398.259846822293
2458617.63804422,2019.363827636468,26702.878182834756,0.6550022,63.9726,264.5208,49.8201,2834.2979267459887,262.9029508715274,19385.672661442095
2458630.70635355,2019.3996067174535,26704.441244545702,0.6554726,63.9413,263.3179,49.7237,2822.2754104360956,248.72318171678535,19374.84413967573
2458648.80297085,2019.4491525553728,26706.0468691072,0.6561181,63.9007,261.6397,49.5777,2805.5898388376336,229.06248006579835,19359.568631514772
2458665.39098698,2019.4945680683913,26703.52859560105,0.6566475,63.875,260.0991,49.4454,2790.5870021211067,211.03999537911574,19344.241017911198
2458684.49036997,2019.5468593291444,26703.53494870686,0.6572937,63.8436,258.3251,49.3089,2773.333359192018,190.3046415080289,19327.740248715625
2458707.61325593,2019.6101663406712,26706.163848122625,0.6581976,63.8012,256.1577,49.1379,2750.094598081547,165.1757173583906,19306.508121813782
2458720.68295323,2019.6459492217114,26704.400259128302,0.6586983,63.7863,254.9288,49.0404,2736.1209059209305,150.96748018387962,19292.396199322146
2458746.81910869,2019.7175061155103,26703.75560962826,0.6597907,63.7504,252.4729,48.8753,2706.729703322704,122.58599841629405,19263.867936561543
2458757.37482046,2019.7464060792884,26705.38878533009,0.6602944,63.73,251.4751,48.8087,2693.833820553831,111.11761145616475,19252.07979768156
2458768.43407497,2019.7766846679533,26706.1484537184,0.6608202,63.7106,250.4248,48.7355,2680.0497913025174,99.09381953679303,19239.07430831602
2458779.49311838,2019.806962678659,26704.71901885532,0.6613196,63.6965,249.3746,48.6606,2666.2286191935273,87.06863568276339,19225.155957803494
2458797.08492421,2019.855126418097,26702.852235148635,0.6620905,63.6715,247.704,48.5567,2645.011147352958,67.95518948514581,19203.886056366155
2458814.67699242,2019.9032908758936,26704.86515753072,0.6629125,63.639,246.0265,48.4563,2623.7399337891366,48.8380846783341,19184.042593315015
2458828.24958838,2019.940450618426,26706.10236014074,0.6635539,63.6157,244.721,48.3734,2607.0276852701463,34.07217736663466,19168.286638051475
2458841.31928532,2019.9762334984807,26704.4112661136,0.6641458,63.6007,243.4594,48.2878,2590.65238225157,19.843140546906568,19151.689740867885
2458860.92140072,2020.0299011655572,26702.940457538636,0.6650324,63.5809,241.5677,48.1821,2566.4835780046196,358.52538039938776,19127.5509579176
2458871.97917279,2020.0601756955234,26704.318109791377,0.6655939,63.5651,240.4952,48.1285,2551.9505722547074,346.5004496115415,19113.890777392804
2458884.04334117,2020.093205588419,26705.963722598102,0.6662219,63.5481,239.3179,48.065,2535.7295299977213,333.36888816913546,19098.66130350681
2458895.10256661,2020.123484097495,26705.582903746406,0.6668071,63.5377,238.2354,48.0044,2519.9743138896865,321.325524901759,19083.076588468288
2458914.70540764,2020.1771537512388,26702.760345056726,0.6678076,63.5236,236.3193,47.9113,2492.317745649223,299.9952495540384,19054.830751456208
2458934.81024394,2020.2321977931279,26704.686802392414,0.6689174,63.4958,234.3482,47.8284,2463.3208387217674,278.12539447394124,19027.0312522176
2458946.87462801,2020.265228276551,26706.1518548058,0.6695935,63.4783,233.1563,47.7713,2445.7498628148933,264.9854204416861,19010.26070838539
2458958.9392119,2020.2982593070496,26705.02472212765,0.6702415,63.4658,231.9603,47.7112,2428.0725948317304,251.8381494621304,18992.356445924564
2458980.04954771,2020.356056256564,26702.889635626612,0.6713062,63.4486,229.8697,47.6198,2398.937965314728,228.84924763697052,18962.679736576552
2459009.70654901,2020.4372527009166,26706.266686892042,0.6728983,63.416,226.9043,47.4944,2357.528933935757,196.52772767003836,18922.823904188233
2459031.32107257,2020.4964300412596,26703.1169939816,0.6740396,63.4113,224.7269,47.3991,2326.02239660504,172.95118514656474,18890.200586545292
2459039.86539707,2020.5198231268175,26702.86664058039,0.6745146,63.4084,223.866,47.3715,2313.256929655965,163.64117434572273,18877.34885558609
2459062.48442879,2020.5817506606159,26705.87869723548,0.6758968,63.392,221.5731,47.3,2277.324444585851,138.98286217830105,18842.50495537336
2459077.56534914,2020.6230399702674,26705.489826702717,0.6768337,63.3852,220.031,47.2455,2252.1780369831577,122.52211070370055,18817.09520099779
2459095.15761391,2020.6712049662144,26702.838187634516,0.6779182,63.3816,218.2339,47.1952,2222.3618885820615,103.33531216282216,18786.05944727464
2459110.23610168,2020.7124876158248,26703.919631831148,0.6788766,63.3692,216.6891,47.1587,2197.1171655003654,86.89225830311034,18760.976052122267
2459119.78665949,2020.738635618042,26705.482577467006,0.6795195,63.3568,215.702,47.133,2180.450109167914,76.46617750486979,18744.701189979376
2459130.34339831,2020.7675383937296,26706.314571252162,0.6801894,63.3475,214.606,47.0989,2162.8261868208956,64.93107825730323,18727.15170321237
2459139.39189049,2020.7923118151675,26705.248725132013,0.6807561,63.3434,213.6643,47.0676,2147.351453481173,55.03964653966818,18711.04070986692
2459155.47628919,2020.8363484988088,26702.750950301222,0.6817241,63.3385,211.988,47.0221,2120.705791182976,37.46464042886015,18682.99847016953
2459176.08390055,2020.8927690637918,26704.726804515103,0.6830432,63.3239,209.8269,46.9764,2086.108452833334,14.946437034991902,18648.44472948081
2459185.13227103,2020.9175421520329,26706.08061120131,0.6836323,63.3175,208.8683,46.9525,2070.804998980353,5.045625268186598,18633.301224923653
2459190.15927146,2020.931305329117,26706.326475247897,0.6839604,63.3159,208.3343,46.9385,2062.120436706755,359.5428815178387,18624.50141870824
2459197.19708813,2020.9505738210262,26705.653249050207,0.6844267,63.3159,207.5852,46.9203,2049.454824458495,351.8389244305697,18611.26905461323
2459203.22908168,2020.9670885193157,26704.441691985623,0.6848174,63.317,206.9425,46.9064,2038.639064028428,345.2370330463409,18599.71978551936
2459217.30248419,2021.0056193954554,26702.716950302743,0.6857259,63.3202,205.4451,46.8838,2013.8360371111394,329.84591763604976,18573.586256580464
2459226.34943597,2021.0303885995077,26703.23787794258,0.6863539,63.3178,204.4795,46.877,1997.2301177889676,319.95660417722877,18556.6798395768
2459238.91555006,2021.06479274486,26705.17167043231,0.6872555,63.3093,203.1299,46.8647,1973.7592614835175,306.2092118504106,18533.180888583473
2459248.96938438,2021.0923186430668,26706.36666251945,0.6879828,63.3039,202.0438,46.8509,1954.7094482126631,295.19998849595066,18513.92719001971
2459259.02328857,2021.1198447325664,26705.349138710684,0.6886926,63.3021,200.9543,46.8347,1935.4365064642625,284.1848962760953,18493.586492993665
2459273.09727002,2021.1583771937571,26702.923099323183,0.689647,63.3013,199.4304,46.817,1909.1959926442469,268.7716102474076,18465.450499395203
2459283.14942378,2021.1858984908417,26702.90583061106,0.6903376,63.2953,198.3392,46.8119,1890.7496064810148,257.76764329699927,18446.254533867843
2459297.72599218,2021.2258069601094,26705.01290907523,0.6913364,63.2825,196.7445,46.7979,1864.7291225616336,241.79189436063342,18419.901937903913
2459308.78534042,2021.2560858053935,26706.4449789062,0.692104,63.2735,195.5237,46.7821,1844.6712832253015,229.654910058346,18399.468602738605
2459320.8502255,2021.289117660506,26705.096227170772,0.6928833,63.2721,194.1868,46.7588,1823.444726471138,216.40324221782612,18376.749358012115
2459337.93970957,2021.3359061179187,26702.74441871417,0.6939703,63.2746,192.2919,46.7404,1793.6965636357709,197.6460975492802,18344.66662068431
2459357.03972535,2021.3881991111573,26704.948205997134,0.695248,63.2705,190.159,46.734,1760.2500756740392,176.68131998336045,18310.258928843177
2459368.60166887,2021.419853987324,26706.487046230966,0.696067,63.2687,188.852,46.7259,1738.846427422116,163.97046456337443,18288.224432885945
2459379.66113901,2021.4501331663519,26705.417603055514,0.6968382,63.2717,187.6021,46.7217,1717.9261702939957,151.81586011336083,18265.7060731512
2459391.72462226,2021.483161183463,26703.105630422753,0.6976627,63.2798,186.2354,46.7241,1695.2085579168133,138.56147395333306,18240.786758145732
2459404.79247361,2021.5189390105681,26703.078250558967,0.6985864,63.2814,184.7532,46.736,1670.5346465826788,124.21115619545799,18214.562712140716
2459416.35316308,2021.550590453333,26704.828555556014,0.6994438,63.2747,183.4322,46.7509,1648.1654923094056,111.51053680017392,18191.37420220834
2459426.4069769,2021.5781162954142,26706.400584632484,0.7002052,63.269,182.2748,46.7559,1628.3037219897788,100.44883365086181,18170.74571464438
2459435.45575871,2021.602890509815,26706.209136440426,0.7008471,63.2657,181.2296,46.7584,1611.1036111726507,90.48741646660318,18152.288421457943
2459445.00671428,2021.629039601041,26704.28115174454,0.7015078,63.265,180.1239,46.7619,1592.8833304027612,79.97154362523631,18132.083468602144
2459455.56194627,2021.6579382512527,26702.75936084386,0.7022237,63.264,178.9013,46.7698,1573.3125822624488,68.35332954902103,18110.54145459314
2459471.64582208,2021.7019735032986,26703.994798330357,0.7033241,63.253,177.0285,46.787,1544.295390389977,50.64503881246614,18079.779353191214
2459489.23994176,2021.7501435777137,26706.593378845762,0.7045441,63.2398,174.9537,46.7938,1512.4842826809154,31.235812023031542,18046.394291443346
2459496.27803097,2021.7694128157978,26706.07318256136,0.7050186,63.2387,174.1178,46.7946,1499.6585558944034,23.463786312804416,18032.343829752226
2459505.82885987,2021.7955615602186,26703.98951876135,0.7056436,63.2419,172.9827,46.798,1482.353920380323,12.91853832129138,18012.868380109267
2459513.87087658,2021.8175794019987,26702.76777139312,0.7061636,63.2448,172.0262,46.8064,1468.108851982177,4.044015280482455,17996.989357586088
2459520.90742546,2021.8368444228884,26702.720797665566,0.7066308,63.2456,171.1874,46.8188,1455.6195382345086,356.2822077602234,17983.41394107595
2459531.96508112,2021.8671186341408,26703.972874713447,0.7074126,63.2426,169.8619,46.8435,1435.1096930829344,344.08269170932925,17961.55515860323
2459541.01309469,2021.891890745216,26705.675802604455,0.708065,63.2385,168.7695,46.8625,1418.1851654333304,334.0913317222216,17943.719162641966
2459551.57000407,2021.9207939878718,26706.605462164414,0.7088258,63.2366,167.4868,46.8839,1398.1381801613552,322.42486436614996,17922.166581999285
2459564.13720804,2021.9552011171522,26704.320167991445,0.7097192,63.2412,165.9561,46.911,1373.6151218206915,308.53469782517783,17894.53595430791
2459571.17398347,2021.9744667583027,26703.015885575667,0.7101921,63.2442,165.1002,46.9304,1360.6086574653245,300.76256701101823,17879.823916020956
2459579.2157378,2021.9964838817252,26702.65539268613,0.710752,63.2437,164.1199,46.9578,1345.5533670236764,291.88350257894325,17863.176595954956
2459590.7759538,2022.0281340281997,26703.796413607048,0.7115954,63.2368,162.7049,46.9991,1323.361423147775,279.1157498480973,17839.180115354076
2459601.83467802,2022.0584111650098,26705.928101363814,0.7123776,63.225,161.3394,47.0334,1303.0868347417018,266.88478059644046,17817.589856888193
2459607.86719697,2022.0749273017664,26706.679215457538,0.7128057,63.2194,160.5898,47.0487,1291.869742607877,260.20467136412026,17805.474678477247
2459613.89984691,2022.0914437971528,26706.457957105744,0.7132233,63.2165,159.839,47.0612,1280.6535816275264,253.52043302501983,17793.00662978328
2459623.95365052,2022.1189696112804,26704.37171260953,0.713877,63.2144,158.5857,47.0814,1262.5986475269765,242.37803993903924,17772.30458982719
2459631.99593369,2022.1409881825875,26702.933925835696,0.7143673,63.2128,157.5819,47.1019,1249.0948151580487,233.46805426847752,17756.84172740232
2459641.04292046,2022.1657574824367,26702.753902937777,0.7149352,63.2089,156.4505,47.1279,1233.8789007901769,223.44570632279977,17739.896696503965
2459650.09019834,2022.1905275793015,26703.765542161374,0.7155163,63.2012,155.313,47.1546,1218.6497253665739,213.41767145143973,17723.32547017311
2459663.66257233,2022.2276867141131,26706.36540946193,0.7163831,63.1895,153.5898,47.1927,1196.2402676988222,198.35528291923103,17699.277973345674
2459674.72251328,2022.2579671821488,26706.37579194297,0.7170855,63.1877,152.1762,47.2182,1177.484653989648,186.06621442640503,17678.356423845802
2459683.77093169,2022.2827404016152,26704.37323389544,0.7176223,63.1919,151.0184,47.2417,1162.583193728955,176.0135554184822,17661.011370292614
2459693.82344539,2022.3102626841614,26702.739139763173,0.7182311,63.1974,149.7317,47.2783,1145.8651343980155,164.8554337018702,17641.735933997155
2459703.87562466,2022.3377840510882,26702.988863845178,0.7188651,63.198,148.4419,47.3232,1129.0058039382266,153.70284160827708,17622.92149434912
2459719.45775008,2022.3804455854352,26705.703726118547,0.7198869,63.1894,146.4252,47.3998,1102.4811584046174,136.40458924338162,17594.053861454235
2459731.52288601,2022.4134781273372,26706.74741980556,0.720688,63.1848,144.8492,47.4546,1081.3787353207308,122.99167415863334,17570.64477867148
2459739.56624719,2022.435499650075,26705.337593785967,0.7211796,63.1861,143.7971,47.4895,1067.8566100344397,114.04672597301087,17554.905380066157
2459754.14271557,2022.4754078455032,26702.675345188705,0.7220694,63.1857,141.8889,47.5649,1043.3542802935044,97.84697561884127,17526.29883918342
2459761.68179,2022.496048706365,26702.823692766702,0.7225099,63.1802,140.8998,47.6062,1031.6329167882004,89.46846570858966,17513.076991362814
2459774.7504136,2022.5318286477752,26704.84180026588,0.7233047,63.1638,139.1727,47.6785,1010.9679133771069,74.9328868009315,17490.32689350052
2459780.78278593,2022.548344383108,26706.079895187595,0.7236788,63.155,138.3691,47.7092,1001.3197439341111,68.21432208111298,17479.7883771956
2459787.82083373,2022.5676135078168,26706.906027925917,0.7240806,63.1471,137.4282,47.739,990.8171870817032,60.3663371859931,17468.1262577719
2459794.35640906,2022.5855069378777,26706.419559581736,0.7244268,63.1425,136.5519,47.764,981.4371985765283,53.073402364022,17457.28345304996
2459801.89676119,2022.606151296893,26704.663803476942,0.7248203,63.1403,135.5405,47.7939,970.4450740416441,44.659933118542824,17444.162093084866
2459814.46261731,2022.6405547359623,26702.55070976322,0.7254727,63.1373,133.8539,47.8518,952.4428494643817,30.645995053573216,17422.903761187878
2459821.49930112,2022.6598201262702,26702.787008312596,0.7258226,63.1331,132.9068,47.887,943.1644146929266,22.798554542746018,17412.382342822944
2459830.04396374,2022.6832141375498,26703.94755075482,0.7262881,63.1256,131.7511,47.933,931.051921617448,13.26701048202409,17398.920287848334
2459838.08673495,2022.7052340450377,26705.575922939996,0.726745,63.1172,130.6553,47.9764,919.2958488229688,4.287443786372137,17386.006912755634
2459845.12474031,2022.7245030535523,26706.745182123188,0.7271281,63.1125,129.6921,48.0113,909.3840006617984,356.4223007211382,17375.03718386471
2459852.16292394,2022.7437725501436,26706.656570278177,0.7275022,63.1109,128.7259,48.0456,899.368860756349,348.5533819482636,17363.51251003914
2459862.21680393,2022.7712985733874,26704.366522341585,0.728043,63.1143,127.3452,48.1009,884.3031063164499,337.31861358051617,17345.427797603767
2459870.76145382,2022.794692549815,26702.70057665788,0.7284832,63.1174,126.1726,48.1547,872.0955119323025,327.77798206660293,17330.819985157188
2459878.30055939,2022.8153334959338,26702.588109185406,0.7288793,63.1166,125.1362,48.2085,861.4880799740231,319.36464146378455,17318.56258576933
2459892.87667116,2022.8552407150173,26704.557490067615,0.7297153,63.1056,123.1209,48.3227,839.6970098356796,303.09694259373777,17294.078933370864
2459902.93056747,2022.882766782943,26706.597227605034,0.7302764,63.0951,121.7187,48.3978,825.2632479796475,291.86045814053784,17278.07579847999
2459912.48224807,2022.9089178591928,26706.576462222612,0.7307991,63.0889,120.3807,48.4652,811.298119549142,281.17547069057923,17261.900178289714
2459922.03326189,2022.9350671098975,26704.245088688935,0.7312843,63.086,119.0415,48.5321,797.7136119786092,270.48944043690636,17245.371409597898
2459933.09107382,2022.9653417489935,26702.55070976322,0.7317971,63.0805,117.4908,48.6143,783.5652377555552,258.122070362316,17228.380303404436
2459942.64071643,2022.99148724553,26703.022775233116,0.7322664,63.0705,116.1477,48.6899,771.1601184951533,247.44219160923348,17214.1168151909
2459959.73134795,2023.0382788444906,26706.25397743437,0.7330795,63.0438,113.7201,48.8146,750.3103647837715,228.29431598340108,17190.912357126355
2459972.80234417,2023.0740652817794,26706.471382846004,0.7336812,63.0305,111.8455,48.8981,734.2991109138875,213.62009855940983,17172.30317921669
2459982.85616522,2023.101591143655,26703.889028479418,0.7340834,63.0294,110.404,48.9596,722.8710772305485,202.33078828416123,17158.094130476227
2459992.90860475,2023.1291132231347,26702.539794167078,0.7344981,63.0285,108.9625,49.0327,711.438750176967,191.05443967151467,17144.274851359605
2460003.96609915,2023.1593869928815,26703.20960296311,0.734987,63.0207,107.3705,49.1181,698.561386510064,178.6492825626168,17129.415832374994
2460018.04065021,2023.1979210135794,26706.06056283546,0.7356266,63.0086,105.3332,49.2304,682.2357316027237,162.85203511141532,17111.209848645685
2460030.60881803,2023.2323307817385,26706.639206022955,0.7362585,63.0006,103.4934,49.3336,665.5127841553021,148.72791857414336,17091.752135424238
2460039.65733945,2023.2571042832305,26704.422094134592,0.7366015,63.0065,102.1757,49.3985,655.7684229619099,138.55665803698957,17079.556720337827
2460049.70984704,2023.2846265490487,26702.582114532368,0.7370611,63.0083,100.7104,49.4946,643.0112683548141,127.27944234249853,17063.925142762906
2460059.76180602,2023.3121473128544,26702.686618816504,0.7375148,63.0013,99.2417,49.5966,630.9237376773726,116.0052673724391,17049.704796299357
2460067.80381428,2023.3341651314986,26703.77287971429,0.7378461,62.994,98.0656,49.6717,622.3619051313335,106.97785266052165,17039.953996268046
2460079.36536277,2023.3658189261325,26706.413652282597,0.7384183,62.9746,96.3538,49.794,607.7727840672915,93.99298659227253,17023.576081128824
2460088.9171506,2023.3919702959613,26706.66999626805,0.7387901,62.9628,94.9315,49.8756,597.9102990581778,83.23779345391631,17011.98729152281
2460095.45234687,2023.4098626882142,26705.29114572657,0.7390054,62.9617,93.9615,49.9246,591.800480462447,75.87553224291543,17004.298434929344
2460108.01840448,2023.4442666789325,26702.440480649086,0.7394788,62.9548,92.089,50.0447,578.4155369472765,61.73769558432619,16987.495764247673
2460114.55219247,2023.4621552155238,26702.141382542217,0.7396744,62.9481,91.1156,50.1041,573.1146766951333,54.38382241144279,16981.10728344156
2460138.17640917,2023.5268347958113,26705.929622871394,0.7405147,62.9108,87.5638,50.3232,551.6598599696708,27.76647350797913,16956.847066373903
2460172.35762391,2023.6204178614923,26701.469762004497,0.7415914,62.9038,82.3816,50.6063,521.7531191419148,349.1774698627704,16919.758449461766
2460190.45119948,2023.669955371608,26703.665143468028,0.742311,62.8869,79.6275,50.7996,503.1044671551308,328.7831662210766,16898.195705054688
2460201.00733353,2023.6988564915266,26705.831172827635,0.7427007,62.875,78.0079,50.9077,493.25536668672976,316.86726305040406,16887.1156068433
2460211.06121667,2023.7263825233952,26705.14034754255,0.7430859,62.8706,76.4601,51.0071,482.79079776258277,305.50949157773806,16874.35889560269
2460222.11907846,2023.756657299001,26702.007985519023,0.7434945,62.8697,74.7576,51.1322,471.0756093295513,293.03317235960736,16859.298518110787
2460231.16532993,2023.7814245857082,26700.901418111316,0.7437843,62.8682,73.3741,51.2305,463.0538474723844,282.8317491450629,16849.313460982517
2460244.2321871,2023.8171996908973,26702.09825870795,0.7442852,62.8479,71.3567,51.3944,449.9854158058515,268.0992112769914,16833.99949681873
2460258.30584466,2023.855731265325,26704.97630659425,0.7447623,62.821,69.1675,51.558,437.98043104961107,252.20224448303952,16820.48580220845
2460267.35431144,2023.8805046172215,26705.277900459547,0.7450583,62.8064,67.7462,51.6554,430.1526469155888,241.95993780027388,16811.155650555716
2460274.89414912,2023.901147567748,26703.315902957736,0.7452777,62.7998,66.5585,51.7357,423.7937444279705,233.42107561071288,16802.85956266938
2460284.94602013,2023.9286680907053,26700.553699242293,0.7455096,62.7979,64.986,51.8355,416.8982911416506,222.0409873461358,16793.654271056133
2460296.00207408,2023.9589379167148,26700.234079817317,0.7457773,62.7851,63.2497,51.9941,409.66929840317425,209.56614998269995,16784.82739927078
2460306.05319762,2023.9864563932101,26701.012883772375,0.7460536,62.7706,61.6615,52.1043,402.4897981876138,198.18149844438346,16776.407036208035
2460314.094562,2024.008472449008,26702.5940143693,0.7463446,62.7549,60.3825,52.1688,395.1208657524503,189.04121835716333,16768.008517764323
2460322.63945362,2024.0318670872557,26703.741113515425,0.7466248,62.7397,59.012,52.267,387.9294453851944,179.3468485879107,16759.6778764161
2460332.69181749,2024.0593889595891,26701.467793816686,0.7469268,62.7335,57.4025,52.3745,379.28959927812866,167.93697454792522,16748.488877344163
2460342.74231863,2024.0869057320472,26698.038240788614,0.747195,62.739,55.8065,52.4767,371.26125746256366,156.53713646303018,16737.662279474844
2460350.78170213,2024.1089163644904,26696.531020618113,0.7474708,62.7324,54.5217,52.5837,363.51732141187586,147.4355087834734,16727.789853843766
2460360.83025246,2024.1364277959212,26696.264010675393,0.7478009,62.7201,52.9187,52.72,354.6374568547244,136.06469346838324,16716.928443683035
2460370.8788521,2024.1639393623548,26696.98761772463,0.7481485,62.7046,51.3151,52.8528,345.54007700537477,124.68972955225362,16706.109552851485
2460383.44070507,2024.1983318413959,26698.532555882455,0.7486495,62.6743,49.2787,53.0323,332.553207187334,110.45153709752262,16690.809639442792
2460395.49949941,2024.2313470209717,26694.689896538046,0.7489899,62.6668,47.3272,53.1823,322.500480399005,96.76457245017798,16677.343701399906
2460405.54594837,2024.2588526991647,26690.2263254739,0.7492831,62.6574,45.7012,53.3169,313.55450462120825,85.37112830072215,16665.01868366236
2460412.5770423,2024.278102785215,26687.983489989696,0.7494889,62.6485,44.5622,53.4185,307.4998008591574,77.40369732259198,16656.92045980336
2460423.62428304,2024.308348481971,26684.61712776912,0.7497134,62.6294,42.7728,53.5675,300.6657932110993,64.87484649040759,16647.5094873934
2460431.65743496,2024.3303420532784,26682.047375352256,0.749923,62.6081,41.4551,53.6842,294.4300614859658,55.756160819816785,16639.07807473534
2460440.69350414,2024.355081462395,26680.08196318292,0.7501467,62.5828,39.9628,53.8207,287.9702227717298,45.49417353779472,16630.560958377147
2460451.23333802,2024.3839379548797,26673.890482341485,0.7503131,62.5622,38.216,53.9517,281.9847254753513,33.490036243309106,16621.27611271195
2460460.76525264,2024.4100349148255,26664.63816569243,0.7504624,62.5436,36.6178,54.0723,275.69351273529264,22.617530662830376,16610.642312469397
2460473.29821339,2024.4443482912804,26647.790150990713,0.7506046,62.5406,34.5343,54.2341,267.6999838223901,8.343015139055822,16595.511041672045
2460482.31443509,2024.469033360958,26635.9809597076,0.7507286,62.5339,33.0327,54.3534,261.4519641996576,358.0740900550921,16584.114362575514
2460492.32520532,2024.4964413561124,26622.692464460735,0.7508588,62.5198,31.3548,54.5078,254.67324782670312,346.68371179956335,16571.596922259243
2460501.32867994,2024.521091526188,26611.52447291889,0.7509829,62.5083,29.8549,54.6406,248.58835082529004,336.4425505722911,16560.600608942776
2460513.32529342,2024.5539364638464,26598.06656589633,0.7511939,62.4807,27.8339,54.8257,239.6249098010594,322.7824730153125,16545.34895334359
2460525.31330819,2024.5867578595212,26586.621066028027,0.7514821,62.457,25.8213,55.0221,229.1149354250456,309.1505705723978,16528.83403771496
2460533.80006354,2024.6099933293367,26578.8298878017,0.7516473,62.4379,24.391,55.1594,222.78786547624895,299.4928014387914,16518.602959175856
2460546.27274177,2024.6441416612454,26565.431193172964,0.7519571,62.403,22.2707,55.3815,211.23029290508111,285.3012019516332,16500.17122720914
2460559.23455607,2024.6796291747298,26550.8047945542,0.7521186,62.3658,20.0677,55.6311,203.31436360080806,270.57229709726914,16485.818446236095
2460569.19688507,2024.7069045450235,26534.407275085894,0.7522183,62.3381,18.3511,55.8342,196.60424311315,259.2396637915416,16472.385574189935
2460587.10179249,2024.7559255098977,26494.028512737634,0.7523419,62.2796,15.2779,56.1152,183.32446281042758,238.79991643685457,16443.29276189471
2460595.0418775,2024.7776642778913,26455.384517015587,0.7521287,62.2525,13.8891,56.2727,179.39425223252601,229.74265995914917,16426.242116764093
2460602.96311348,2024.7993514400541,26409.647040504842,0.7518817,62.2324,12.5042,56.4341,174.5804272900932,220.71178158050336,16405.85709986877
2460612.82389153,2024.8263487790002,26314.023477153598,0.7511217,62.2154,10.7681,56.6406,170.85312915407576,209.46313955993907,16370.988105056314
2460624.07035555,2024.8571399193702,26106.44913956747,0.7493766,62.1871,8.7442,56.8098,164.7507452854752,196.52362902677297,16297.539840192154
2460631.80275545,2024.8783100765227,25887.132863079147,0.747435,62.1683,7.3393,56.974,160.04741156358523,187.66167245184644,16221.752815341515
2460641.78169076,2024.9056309124162,25549.470472526653,0.7442918,62.1455,5.4828,57.1659,155.07280548294148,176.16157153013617,16107.137178862624
2460650.13405723,2024.92849844553,25102.317038151028,0.7399536,62.126,3.8726,57.3453,149.6308774298377,166.4984596091839,15955.383463391096
2460656.94841877,2024.9471551506365,24801.570977841136,0.7369826,62.1116,2.5347,57.4876,145.10841450723183,158.58644577085707,15851.403918448235
2460664.49732424,2024.9678229274193,24418.12167147805,0.73304,62.0951,1.0109,57.6582,140.5254614177793,149.79284612902387,15719.157692894683
2460675.33070255,2024.9974831007523,23945.460637885786,0.7280237,62.0681,358.7542,57.9189,134.4614860878146,137.11918372917359,15553.952586134335
2460681.69234085,2025.0149003171798,23752.998179602917,0.725986,62.0541,357.3979,58.0746,130.5177431857128,129.64838581529523,15484.443096685167
2460689.63929107,2025.036657881095,23512.397858228745,0.7233624,62.0355,355.6735,58.2757,126.2770137455409,120.29236280581335,15397.89633179893
2460701.98102508,2025.0704477072695,23198.223973837765,0.7198424,62.0044,352.9393,58.591,121.02245277285056,105.70912538296909,15284.44341702047
2460705.63414515,2025.080449404928,23118.613660729687,0.7189453,61.9951,352.117,58.6868,119.4587268322839,101.38201422591226,15255.294383054881
2460714.47497063,2025.1046542659271,22868.521334958317,0.7160442,61.9719,350.0963,58.933,115.51297048515607,90.89376426621476,15164.434038319188
2460721.59816988,2025.124156522601,22667.545536302277,0.7135921,61.9532,348.4446,59.1287,114.02781520671033,82.41695186366809,15092.862233580023
2460728.60529771,2025.1433409930453,22357.703406306504,0.7097173,61.9356,346.7825,59.324,111.91821058184905,74.04374250367454,14981.919302531931
2460736.21915692,2025.164186603477,21997.960018716105,0.7050555,61.9193,344.9299,59.5504,110.04101874021308,64.91312274827652,14852.476643581052
2460769.49323019,2025.2552860511707,11909.514799770235,0.4563597,61.852,332.851,60.924,96.35589860153141,21.412021578519102,10421.733226600907
