jd,year,a_km,e,i_deg,raan_deg,argp_deg,hp_km,azimuth_deg,lambda
2438752.98633024,1964.9773753052432,81228.50094455187,0.9056099,32.335,161.7823,321.1732,1289.030027006348,210.64039011249224,30476.953387842314
2439082.68742882,1965.8800477175084,81255.80463320059,0.86083,40.7178,145.8747,335.5992,4930.234030802527,244.19672169697242,37546.547636896976
2439791.04166666,1967.819415925147,81241.86821783474,0.6459399,53.8078,133.7053,344.1463,22386.367685393387,262.4018669470297,59672.56917863587
2451719.33333333,2000.4772986538815,80788.58281619806,0.5588126,45.313,137.1073,24.0433,29264.768502363106,68.86308460264917,65229.706317491975
2451729.875,2000.506160164271,80792.0133404004,0.560137,45.4308,137.0341,24.2122,29159.281063948547,58.56864086242305,65152.116300233276
2451743.125,2000.5424366872005,80791.18274402789,0.561692,45.5944,136.9846,24.5209,29033.28542616938,45.76829260780292,65056.757457571184
2451751.04166667,2000.564111339274,80816.32521793003,0.5619525,45.5792,136.8822,25.0086,29023.252920901214,38.35071786141668,65061.099884444215
2451759.41666667,2000.587040839616,80797.4718727026,0.5642026,45.7536,136.924,25.2854,28833.19186869693,30.414697738213363,64908.1572535361
2451769.625,2000.6149897330595,80795.05951803461,0.5644892,45.804,136.856,25.6093,28808.984706746865,20.608996098562642,64888.61712739269
2451780.16666667,2000.643851243449,80809.29401615368,0.5654615,45.724,136.7222,26.2363,28736.613107838406,10.712052358336479,64840.22936126534
2451790.79166667,2000.6729409080624,80808.07953523274,0.566454,45.7107,136.6338,26.8341,28655.88335018201,0.7491730975563371,64778.04414003369
2451798.70833333,2000.6946155601102,80783.25967138755,0.5677212,45.7838,136.644,27.0285,28542.754250835802,353.1508983603494,64679.80018848866
2451809.33333333,2000.7237052247235,80803.35888789775,0.5674291,45.608,136.4116,27.5941,28575.045377160925,343.0118190995691,64713.97891143006
2451822.54166667,2000.7598676705538,80810.4386919387,0.5668669,45.4196,136.1451,28.1778,28623.53952299936,330.3105386006363,64754.42524255969
2451833.125,2000.7888432580423,80819.31522517807,0.566738,45.2462,135.9184,28.7633,28637.801853091107,320.2381271047228,64769.505586829735
2451843.75,2000.8179329226557,80805.02642912294,0.5671252,45.1925,135.7577,29.1207,28600.323354501306,309.96254784394256,64734.117646670966
2451851.66666667,2000.839607574729,80803.12372874927,0.5668141,45.1643,135.6056,29.1405,28624.63757524961,302.02737309755634,64751.8269565746
2451864.91666667,2000.8758840976584,80804.76132707424,0.5672394,45.1049,135.3589,29.49,28590.98069476145,289.0706248429362,64726.841048030255
2451878.125,2000.9120465434635,80810.03099454567,0.5672802,45.1174,135.1696,29.6342,28589.9641499536,276.0070443531828,64728.53772731117
2451888.70833333,2000.941022130952,80822.56077255298,0.5681107,45.1271,135.0116,29.9571,28528.26289626537,265.74073285726934,64687.12393966328
2451899.29166667,2000.9699977184662,80811.44370222905,0.569856,45.2735,134.9903,30.1541,28382.421339851615,255.48522135217635,64569.77274132801
2451912.54166667,2001.0062742413957,80803.30615509138,0.5724021,45.4446,134.9446,30.4766,28173.187724974152,242.70247309755632,64404.22755618438
2451925.75,2001.0424366872005,80803.18358727927,0.5750023,45.6051,134.9197,30.7975,27963.03087727144,229.9799926078029,64240.669151578324
2451941.625,2001.0859000684463,80810.76513866331,0.5777933,45.6836,134.8117,31.42,27740.710173670086,214.84767535934287,64070.05009967204
2451952.20833333,2001.1148756559348,80793.65322542083,0.580427,45.7874,134.8102,31.8415,27520.699164749494,204.83646386342946,63888.70541112056
2451965.5,2001.151266255989,80784.44330799974,0.5828085,45.7935,134.694,32.4911,27324.44678032938,192.26924784394254,63728.78471208474
2451976.08333333,2001.1802418434777,80786.54860757056,0.5839241,45.7284,134.5276,32.8829,27235.19961978867,182.06343634802903,63658.631632504796
2451986.625,2001.2091033538672,80807.29841434034,0.5837155,45.5641,134.2855,33.3761,27260.68951676446,171.92439260780293,63688.42878312674
2451997.66666667,2001.2393337896503,80815.35712511369,0.5844295,45.3852,134.0199,34.0433,27206.342068162056,161.44303572589303,63648.7216281181
2452007.83333333,2001.2671686059691,80802.2771699811,0.585306,45.3108,133.8548,34.4775,27130.083228728145,151.6916018511092,63581.77682368844
2452018.41666667,2001.2961441934833,80784.73245806957,0.5860584,45.2779,133.6883,34.7357,27062.025109265254,141.35209034601624,63519.26044393392
2452029.0,2001.325119780972,80803.33893493388,0.5856575,45.1244,133.3881,35.0262,27102.12116264784,130.91117885010271,63559.86204298994
2452039.58333333,2001.3540953684605,80822.80462956248,0.5849668,45.0046,133.1391,35.321,27166.010938382133,120.52576735418916,63619.87021025961
2452050.16666667,2001.3830709559747,80815.98303158944,0.5862697,44.9937,132.9626,35.6633,27057.88460445441,110.2603558490963,63530.13081116881
2452060.75,2001.4120465434635,80797.49182204474,0.5876003,45.1062,132.937,35.594,26942.72508816371,99.73424435318276,63429.17015582766
2452074.0,2001.448323066393,80789.66122662846,0.5898563,45.2203,132.8232,35.872,26757.23427723594,86.83889609856271,63275.855467207584
2452087.25,2001.4845995893224,80794.62209320781,0.5920811,45.3188,132.7277,36.0735,26579.517070177026,73.88534784394244,63133.79428761489
2452103.125,2001.528062970568,80797.65854202848,0.5954135,45.4468,132.6468,36.502,26311.5055777144,58.58613059548256,62916.047634581635
2452113.66666667,2001.5569244809576,80789.7994139215,0.5981696,45.582,132.6523,36.6575,26085.661114415845,48.35698685525654,62726.519404129314
2452124.29166667,2001.586014145571,80803.21209138015,0.5998152,45.6294,132.5644,36.926,25958.080970146548,38.06530759447617,62626.80942891475
2452134.83333333,2001.6148756559348,80814.08111186403,0.6022284,45.5769,132.4079,37.5126,25767.410046395933,28.105263863429457,62472.90822616096
2452145.45833333,2001.6439653205482,80805.1718085889,0.6048347,45.5795,132.3447,38.0236,25553.263659292577,18.080784602649032,62289.63571383542
2452156.04166667,2001.6729409080624,80782.40793564467,0.6078373,45.6076,132.2679,38.4579,25301.710908543842,8.007073097556315,62067.5270372628
2452166.625,2001.701916495551,80794.32715537981,0.6090187,45.4898,132.0349,38.8775,25210.9347638357,357.76246160164266,61995.769637858735
2452177.20833333,2001.7308920830396,80814.76259647243,0.6091405,45.3056,131.7249,39.4129,25209.08140107592,347.5566501057292,62003.09256611991
2452185.16666667,2001.7526808122375,80797.20398272952,0.6111638,45.2133,131.5738,39.9417,25038.741467269414,340.0904075944761,61850.44636854087
2452195.75,2001.7816563997262,80790.5957831357,0.6119391,45.1257,131.3456,40.2283,24973.535011139844,329.7175960985627,61791.877572511046
2452206.375,2001.8107460643396,80805.86450796598,0.6114832,44.9801,131.0262,40.5343,25016.299599868515,319.2319168377823,61835.039705462805
2452216.91666667,2001.839607574729,80820.96790388643,0.6118519,44.7973,130.6633,41.0184,24992.368832054497,308.9629730975563,61821.13320155309
2452228.0,2001.8699520876112,80793.11893575802,0.6125705,44.7595,130.4687,41.3011,24923.501372721257,298.12704845995904,61750.1517525231
2452238.08333333,2001.8975587497064,80792.44645572489,0.6145441,44.8325,130.3614,41.44,24763.78886179324,288.22025010572924,61612.74185799972
2452248.66666667,2001.9265343372203,80802.57503072306,0.6153924,44.8534,130.1948,41.4833,24699.148156386327,277.66573860063625,61561.41178879298
2452259.25,2001.955509924709,80823.55617706219,0.6159605,44.8643,130.0364,41.62,24661.30180246087,267.2128271047228,61537.769025931724
2452269.83333333,2001.9844855121978,80819.74157682723,0.6189067,44.9281,129.9385,41.9251,24421.72572266029,256.98881560880943,61328.46649884318
2452280.45833333,2002.013575176811,80799.73050144772,0.6222922,45.108,130.0092,42.0449,24140.552148294715,246.70703634802902,61074.30067839123
2452291.04166667,2002.0425507643251,80784.3706647928,0.6257356,45.2802,130.0485,42.1206,23856.577716236287,236.39082484293604,60817.60433558218
2452301.625,2002.0715263518139,80807.81868436826,0.6281316,45.259,129.8999,42.4418,23671.737941646134,226.13221334702263,60663.43143555498
2452312.20833333,2002.1005019393024,80816.6103759808,0.6305436,45.2321,129.7691,42.9085,23480.077629712512,216.0369018511092,60496.00476789031
2452322.79166667,2002.1294775268166,80801.98928804485,0.6347259,45.2283,129.655,43.4623,23136.737615400227,206.04539034601623,60180.878499523096
2452333.41666667,2002.15856719143,80783.94193076032,0.6377183,45.2391,129.5677,43.7958,22888.407515377134,195.81931108523605,59947.897327405255
2452343.95833333,2002.1874287017938,80791.01605744794,0.6393411,45.1471,129.3259,44.2029,22759.86268116151,185.59446735418913,59833.39290433387
2452354.58333333,2002.2165183664072,80811.92412244173,0.6406549,44.9122,128.9095,44.867,22661.232654971238,175.36988809340897,59751.54548965011
2452365.125,2002.2453798767967,80814.0868146045,0.6418252,44.7489,128.595,45.4469,22567.433082003605,165.24514435318275,59666.172708784565
2452375.75,2002.27446954141,80793.96240507372,0.6440435,44.6565,128.3202,45.896,22380.999778841622,154.9471650924026,59485.802702830246
2452386.33333333,2002.3034451288986,80796.54281698003,0.6444457,44.5616,128.0309,46.1204,22349.421923711365,144.45105359648892,59457.59441176335
2452396.91666667,2002.3324207164128,80814.66564799468,0.6440057,44.4335,127.6788,46.4113,22391.42402709191,133.9586420913962,59503.874523867955
2452407.5,2002.3613963039015,80822.58929374565,0.6451808,44.3001,127.3257,46.8432,22299.270175135396,123.60623059548254,59421.63726522596
2452418.08333333,2002.39037189139,80806.59998281227,0.6467503,44.3362,127.2231,47.0,22166.77090194844,113.2292190995691,59291.8702745801
2452428.66666667,2002.4193474789042,80790.93057748402,0.6491663,44.4299,127.1259,47.0606,21966.044800941854,102.76140759447614,59097.84076624583
2452439.25,2002.448323066393,80809.43228741478,0.6503613,44.4508,126.9583,47.1192,21875.968552709724,92.2211960985627,59020.66135666233
2452449.83333333,2002.4772986538815,80827.86186845912,0.6516199,44.4649,126.8019,47.2999,21780.68230051997,81.81428460264928,58938.26480789262
2452460.41666667,2002.5062742413957,80816.4977382502,0.6555884,44.524,126.7213,47.5926,21456.002992427137,71.59517309755631,58625.78626191111
2452471.0,2002.5352498288844,80794.58789737966,0.6593352,44.6839,126.812,47.6588,21145.73582714326,61.32086160164266,58319.97762426654
2452481.625,2002.5643394934975,80785.43611486173,0.6627992,44.8002,126.8133,47.7754,20862.777386280264,50.966482340862484,58042.92689617252
2452492.16666667,2002.593201003887,80810.61830850587,0.665542,44.7249,126.5754,48.191,20649.62147822626,40.75403860063628,57845.132030962086
2452502.79166667,2002.6222906685005,80817.9292646866,0.668405,44.6627,126.3952,48.6785,20420.68495452375,30.589059339856107,57623.394251965736
2452513.375,2002.651266255989,80799.1505104241,0.6729741,44.6179,126.222,49.172,20045.2786149069,20.47814784394268,57244.43724203423
2452523.95833333,2002.6802418434777,80787.5486016922,0.6758096,44.5979,126.0717,49.4922,19812.411396202035,10.216836348029005,57007.243790174354
2452534.54166667,2002.7092174309919,80798.89115662647,0.6772605,44.4693,125.7215,49.9488,19698.85743244405,359.8920248429363,56897.426608373855
2452547.75,2002.7453798767967,80806.81806287303,0.6797061,44.2264,125.1756,50.6919,19503.794603948052,347.07074435318276,56703.40383687671
2452558.375,2002.77446954141,80824.45463438169,0.680044,44.0148,124.6888,51.2932,19482.13290699823,336.71296509240256,56688.09685133687
2452568.95833333,2002.8034451288986,80811.54349219015,0.6823709,43.8563,124.2568,51.8558,19289.961529035216,326.4123535964889,56487.78725403471
2452579.54166667,2002.8324207164128,80794.31575687043,0.6835016,43.8289,124.0363,52.047,19193.135366144277,315.9518420913962,56382.417658657265
2452587.45833333,2002.8540953684605,80824.5316461709,0.6825369,43.7137,123.6402,52.2917,19280.67007244152,307.99756735418913,56483.17631867349
2452598.08333333,2002.883185033074,80823.72303153359,0.6844211,43.607,123.2433,52.7148,19128.12530819604,297.551488093409,56326.817279868395
2452608.66666667,2002.912160620588,80801.97646168161,0.6863835,43.6754,123.1746,52.7901,18962.696750994968,287.126876588316,56148.643502087514
2452619.16666667,2002.9409080538528,80785.90902641641,0.6891017,43.7688,123.0862,52.8052,18738.065480267513,276.70450061295674,55910.3577549596
2452629.79166667,2002.9699977184662,80810.31609707707,0.69061,43.7712,122.8802,52.9115,18623.767397274678,266.13252135217635,55800.49687321364
2452640.41666667,2002.9990873830795,80830.42073909318,0.692641,43.786,122.7302,53.1365,18465.820987946943,255.73524209139617,55642.87700935226
2452650.95833333,2003.0279488934434,80813.06746572933,0.6976933,43.8396,122.6379,53.4005,18052.195442441996,245.51679836034927,55200.465335835754
2452661.54166667,2003.0569244809576,80804.72426997185,0.7019643,43.9731,122.7371,53.4278,17704.556261108053,235.21208685525653,54826.47388707263
2452677.45833333,2003.1005019393024,80802.65056522313,0.7078607,43.891,122.345,54.1102,17227.493474268886,219.81450185110918,54309.82756392314
2452688.04166667,2003.1294775268166,80789.32929461735,0.7116096,43.9178,122.2747,54.3312,16920.730691006414,209.53399034601622,53969.168184925074
2452701.25,2003.1656399726214,80778.17237928614,0.716123,43.8041,121.8855,54.9578,16552.92894051462,196.75290985626293,53558.03840155934
2452717.16666667,2003.2092174309919,80788.5315320542,0.7193377,43.5191,121.1532,55.9144,16296.158773408859,181.28932484293605,53274.384099812276
2452727.75,2003.2381930184804,80786.70529976157,0.7214252,43.4038,120.7223,56.3602,16127.003971540018,170.87301334702263,53083.192043792544
2452741.0,2003.27446954141,80801.14133387503,0.7225608,43.1551,119.9873,57.0896,16039.267710757222,157.80786509240258,52988.8594256345
2452751.54166667,2003.3033310517994,80827.77058584547,0.7222068,42.9761,119.3898,57.6115,16075.268739907884,147.34212135217635,53038.73046954046
2452762.16666667,2003.3324207164128,80822.29552666623,0.7239807,42.7979,118.7875,58.2182,15930.377135663543,136.87424209139618,52872.443406556624
2452775.375,2003.3685831622176,80822.75471715936,0.7248118,42.7376,118.3885,58.5645,15863.332089656595,123.80306160164267,52796.25160470593
2452791.29166667,2003.412160620588,80826.00060986407,0.7275883,42.7184,117.9262,58.8189,15639.81193033411,107.907276588316,52541.5760510063
2452801.875,2003.4411362080766,80813.72184124315,0.7297296,42.7529,117.808,58.9831,15463.420627521524,97.52206509240258,52334.25918273487
2452815.08333333,2003.4772986538815,80819.48205776245,0.733844,42.7618,117.5044,59.2309,15132.453766565819,84.44778460264905,51951.68666843176
2452825.66666667,2003.5062742413957,80798.17010700479,0.7375134,42.9057,117.6402,59.1405,14830.300657609323,74.06197309755632,51589.88428305049
2452836.20833333,2003.5351357517598,80784.78088739827,0.7410555,42.9862,117.5939,59.1767,14540.638394496904,63.661729366509405,51242.026640799326
2452846.79166667,2003.564111339274,80812.45444621985,0.7444245,42.8969,117.2013,59.6306,14275.547151319859,53.29181786141669,50933.65119359389
2452857.375,2003.5930869267625,80815.53106601626,0.7478939,42.8545,116.9748,60.0529,13995.952056482203,43.05640636550302,50596.735862783775
2452868.0,2003.6221765913758,80799.6093722414,0.7533931,42.7855,116.6439,60.5213,13547.604888499392,32.72162710472284,50042.99237625999
2452878.58333333,2003.6511521788643,80790.14844631341,0.7565969,42.7675,116.4424,60.8078,13286.436281292865,22.37541560880942,49716.46535885005
2452889.16666667,2003.6801277663785,80815.21169983153,0.7583998,42.6237,115.9006,61.3767,13146.83500972164,11.971304103716449,49550.09540355577
2452905.04166667,2003.7235911476243,80794.05216746248,0.7632044,42.3655,115.001,62.4067,12753.539759425576,356.4548868552565,49048.18986390742
2452915.66666667,2003.7526808122375,80820.30339996162,0.7634509,42.1589,114.2298,63.1331,12739.833730987857,345.9378075944761,49038.85135390332
2452926.25,2003.7816563997262,80818.91311941048,0.7656261,41.92,113.3316,64.0191,12563.707561557401,335.4943960985627,48814.19603799245
2452936.83333333,2003.810631987215,80798.41235508327,0.7669985,41.8378,112.8766,64.5,12448.014976352932,325.08908460264905,48659.914354600056
2452950.08333333,2003.8469085101444,80807.14732379175,0.7685873,41.6502,111.9365,65.2768,12321.663841496427,311.866236348029,48500.175876258676
2452960.625,2003.875770020534,80803.32040719273,0.7692839,41.6594,111.6748,65.3897,12264.490651397917,301.3272926078028,48425.29875573803
2452973.875,2003.9120465434635,80783.847923394,0.7717491,41.6495,111.2294,65.6933,12060.849693977814,288.1259443531827,48155.648151497146
2452981.75,2003.933607118412,80823.80717214922,0.7719027,41.5503,110.6704,66.0997,12057.555891687867,280.2115373716634,48163.32430784675
2452995.04166667,2003.9699977184662,80831.06690734999,0.7744224,41.5924,110.4385,66.3008,11855.541778399436,267.0801213521764,47901.75711567384
2453005.625,2003.998973305955,80816.26676084031,0.7794281,41.579,110.1057,66.6114,11447.661210345397,256.62670985626295,47358.943027815585
2453016.20833333,2004.0279488934434,80798.0917330152,0.7833007,41.7034,110.2602,66.4642,11130.753619880184,246.20279836034928,46929.72523967872
2453029.375,2004.0639972621493,80778.80183841463,0.7893372,41.6825,109.8997,66.8812,10638.952275925576,233.2818856262834,46256.38803550575
2453040.04166667,2004.093201003887,80804.41213683378,0.7922681,41.6076,109.4318,67.3273,10407.51776156754,222.74673860063626,45945.036389463035
2453050.625,2004.1221765913758,80827.50244465834,0.7946441,41.4713,108.8051,68.0377,10220.268209275016,212.39922710472285,45691.62456138362
2453061.16666667,2004.1510381017654,80812.7951695819,0.7995555,41.2958,107.9558,68.9184,9820.344021369263,202.04048336449662,45126.15710031847
2453071.79166667,2004.1801277663785,80792.30825711248,0.8027499,41.2393,107.5562,69.4078,9558.154582946261,191.65800410371645,44747.78739922378
2453082.375,2004.2091033538672,80791.74549567033,0.8048487,41.1183,106.8164,70.072,9388.47786274921,181.151192607803,44504.36024025977
2453095.625,2004.2453798767967,80801.75556400238,0.8065551,40.873,105.4952,71.2896,9252.551224902885,167.98804435318274,44310.981120328055
2453106.95833333,2004.2764088523757,80837.17690249336,0.8059475,40.7288,104.4822,72.1658,9308.51997087109,156.68081314474364,44401.38206968806
2453116.79166667,2004.3033310517994,80822.28697038353,0.8078192,40.5465,103.3431,73.1749,9154.355467797886,146.85882135217636,44174.15728326975
2453127.375,2004.3323066392882,80799.76185261036,0.8090262,40.5278,102.9228,73.5547,9052.501260088038,136.38710985626292,44019.92591883452
2453137.95833333,2004.361282226777,80784.94041981794,0.8106236,40.503,102.3274,73.953,8920.62489091961,125.75879836034926,43823.205591588034
2453148.54166667,2004.3902578142909,80816.13558921883,0.8106509,40.4433,101.5647,74.4925,8924.326239296559,115.10438685525656,43836.894173981236
2453159.125,2004.4192334017796,80834.37069785112,0.8111503,40.4113,101.0293,74.9478,8887.410355977974,104.59307535934289,43787.56546186333
2453169.70833333,2004.4482089892683,80821.38429528094,0.8149168,40.3784,100.382,75.4375,8580.54413380034,94.00426386342946,43330.8274118968
2453180.29166667,2004.4771845767823,80803.77362729289,0.8179662,40.4604,100.4585,75.3394,8330.88166771591,83.55145235833649,42953.25923496251
2453193.54166667,2004.513461099712,80785.02303513052,0.8229735,40.4468,99.9036,75.808,7922.953580328531,70.40560410371646,42330.73306160691
2453204.08333333,2004.5423226100759,80803.84631412671,0.8254624,40.437,99.4757,76.141,7725.173106436519,59.92056037266977,42032.15785191422
2453217.375,2004.57871321013,80829.00862824892,0.8291608,40.4056,98.9463,76.6571,7430.62687084314,46.80664435318275,41581.87423753826
2453225.29166667,2004.6003878622034,80819.62892818608,0.8327321,40.2721,97.8871,77.6598,7140.393309596939,38.947269606796624,41123.95773348707
2453235.83333333,2004.6292493725673,80794.39127206996,0.8366238,40.2537,97.5501,78.0795,6821.744327343953,28.639825875749693,40610.98263845999
2453246.45833333,2004.6583390371807,80788.43323767258,0.8396502,40.1948,96.7562,78.7958,6576.27281197415,18.089946614969563,40214.23921074716
2453257.04166667,2004.6873146246949,80808.60694505081,0.8414304,40.051,95.2813,80.1214,6435.652179833927,7.509435109876563,39990.584957908475
2453267.625,2004.7162902121834,80817.12081517291,0.842415,39.9496,94.0893,81.2967,6357.42968365902,357.0615236139631,39864.87657813161
2453278.25,2004.7453798767967,80807.18865981504,0.8449473,39.8467,92.5366,82.6572,6151.236481113707,346.39704435318276,39523.700232990435
2453286.16666667,2004.76705452887,80807.88425323994,0.8452419,39.8438,91.9928,83.0913,6127.538332051334,338.48446960679667,39484.71351649798
2453296.75,2004.7960301163587,80833.08252176575,0.8440398,39.7978,90.7113,84.2174,6228.607416711091,327.89785811088296,39657.277571750026
2453307.33333333,2004.8250057038474,80824.2649579795,0.8454416,39.7611,89.1966,85.4704,6113.932773081377,317.2049466149696,39466.02911862497
2453317.91666667,2004.8539812913614,80801.32517415081,0.8463783,39.7911,88.6949,85.883,6034.700635505842,306.6846351098766,39329.41492657027
2453331.125,2004.8901437371662,80800.75513018982,0.8477356,39.8042,87.3613,86.909,5924.942199445271,293.3585546201233,39146.630986832926
2453341.70833333,2004.919119324655,80805.7433557692,0.8482297,39.8535,86.9181,87.1569,5885.775610828099,282.73204312420984,39082.37404541278
2453352.25,2004.9479808350445,80841.88251407044,0.8482868,39.8822,86.2727,87.6266,5886.6443902336705,272.16619938398384,39092.136546135494
2453362.91666667,2004.9771845767823,80828.8445991692,0.8518263,39.9037,85.2213,88.4449,5598.572670983915,261.4197523583365,38604.30401334092
2453376.125,2005.0133470225874,80815.04061210188,0.8554771,39.9267,84.774,88.8688,5301.487732878739,248.3778718685834,38094.23045825215
2453384.08333333,2005.0351357517598,80775.77428084353,0.8598036,39.9424,84.359,89.1674,4946.336461386851,240.41752936650963,37469.973371201966
2453397.29166667,2005.07129819759,80801.1641357129,0.8634202,39.9575,83.2077,90.1807,4657.670537422842,227.26104886757702,36967.15757570262
2453407.875,2005.1002737850788,80831.27802030773,0.8649011,39.9692,82.2101,91.0637,4542.080446137754,216.7152373716636,36767.95817012266
2453418.41666667,2005.1291352954681,80816.6688336919,0.868512,40.0138,80.386,92.6569,4248.285851604485,206.09419363143712,36236.630599133125
2453429.0,2005.1581108829569,80801.35652686037,0.8711124,40.0498,79.2955,93.7412,4036.1566194913685,195.6567821355237,35847.05786748835
2453439.625,2005.1872005475702,80777.11001680554,0.8737802,40.1343,77.6878,95.133,3817.5343708991913,184.9686028747433,35439.37887340256
2453447.58333333,2005.2089892767426,80810.1279291242,0.8730117,40.2361,76.3728,96.2282,3883.804468502007,176.90486037267,35568.716510190134
2453458.16666667,2005.2379648642568,80814.85526808324,0.8730587,40.345,74.9452,97.5541,3880.606487042338,166.37194886757703,35563.78362297207
2453468.79166667,2005.26705452887,80803.25342237108,0.8740757,40.528,73.0534,99.1105,3796.956824934681,155.56426960679664,35406.589031160656
2453479.33333333,2005.295916039234,80800.03688911363,0.8737291,40.6477,72.1468,99.836,3824.557078021575,144.9930258757497,35457.08528343823
2453489.91666667,2005.3248916267482,80829.27820828327,0.8718306,40.7921,71.111,100.655,3981.7037903887413,134.34501437065722,35752.96539960133
2453500.5,2005.3538672142367,80826.54685319334,0.872096,41.0095,69.4472,101.9542,3959.9023487108425,123.54920287474332,35712.32811392121
2453513.75,2005.3901437371662,80826.56967295885,0.8720882,41.149,68.5682,102.6752,3960.5357146935803,110.33165462012329,35713.49764026784
2453524.33333333,2005.419119324655,80822.73760435317,0.8738596,41.3502,67.2218,103.6653,3816.876150508153,99.54414312420985,35447.507295371805
2453534.875,2005.4479808350445,80803.66673518716,0.8757905,41.3989,66.9107,103.8496,3658.446743344228,89.02719938398386,35148.806312126064
2453545.45833333,2005.4769564225332,80825.57702804808,0.8766493,41.4842,66.303,104.2543,3591.755204313653,78.39298788807042,35028.383315473206
2453553.375,2005.4986310746065,80826.63813235199,0.8782727,41.7219,64.8438,105.4217,3460.6721279282483,70.29831314168408,34781.843181910066
2453564.0,2005.5277207392196,80802.56505448154,0.8817491,41.7842,64.314,105.8797,3176.8397400009944,59.754233880903655,34236.671155077165
2453574.58333333,2005.5566963267083,80781.9037414525,0.884655,41.9268,63.3589,106.6133,2939.6523870578403,49.10152238499023,33774.48472074969
2453585.16666667,2005.5856719142225,80806.28070485443,0.8862102,42.2248,61.7324,107.9376,2816.7942201492497,38.3681108798973,33539.427513202536
2453595.75,2005.6146475017113,80816.65600150237,0.8875861,42.4584,60.4332,109.129,2706.779186087284,27.829099383983873,33325.243040988
2453603.70833333,2005.6364362308836,80776.4862867441,0.8907359,42.7445,59.0269,110.276,2447.833775283434,19.72585688191006,32803.35834205096
2453614.29166667,2005.6654118183978,80800.28627656732,0.8912084,43.0711,57.5964,111.455,2412.2561244858007,9.043145376817108,32736.53863851858
2453622.20833333,2005.6870864704456,80811.69745444873,0.8908255,43.3508,56.4094,112.5279,2444.4403637407086,1.1261706396102795,32803.16515613948
2453630.125,2005.7087611225188,80770.24537703143,0.8925131,43.6381,55.2334,113.4522,2303.6069878164435,353.07159589322396,32512.33944798268
2453640.79166667,2005.7379648642568,80802.43678879333,0.8911707,44.1248,53.5339,114.7978,2415.536334018627,342.20434886757704,32743.519101475144
2453651.33333333,2005.7668263746207,80829.32670440103,0.8891438,44.4913,52.2341,115.9155,2582.2957070084176,331.6321051365301,33081.35194350915
2453661.95833333,2005.795916039234,80832.53188850975,0.8883336,45.0852,50.3504,117.3443,2648.14153887509,320.7049258757497,33212.469933779495
2453677.79166667,2005.8392653433807,80829.3138671863,0.8862519,45.4559,49.1351,118.2629,2816.0445766960947,304.8024763829775,33542.38538384548
2453685.75,2005.861054072553,80788.96032698399,0.8873299,45.7682,48.152,118.9329,2724.3639389373184,296.6454338809037,33354.59974890368
2453696.33333333,2005.8900296600416,80808.06100477402,0.8859983,46.0259,47.3727,119.3858,2834.120028247944,285.8878223849903,33573.68743032121
2453706.91666667,2005.9190052475558,80838.00725477883,0.8845077,46.2274,46.7084,119.8242,2958.031085271092,275.2307108798973,33821.087547993826
2453717.5,2005.9479808350445,80837.21970363632,0.8853265,46.7087,45.3255,120.7366,2891.750613684939,264.32899938398384,33691.895738064384
2453728.08333333,2005.9769564225332,80808.88205683057,0.8878052,46.8697,44.7219,121.1383,2688.2000605896974,253.69588788806996,33287.11743448555
2453738.70833333,2006.0060460871464,80787.43179166579,0.8898725,47.1374,43.8402,121.6634,2518.7815946366773,242.86700862729003,32947.093511313135
2453749.25,2006.034907597536,80814.33773618077,0.8906618,47.6429,42.5292,122.5587,2457.957922266083,232.06116488706357,32830.71088181434
2453759.79166667,2006.0637691079255,80820.36756819974,0.8917668,48.0282,41.4635,123.4086,2369.310707082479,221.4552211468376,32654.036770914438
2453770.41666667,2006.0928587725386,80829.86729840309,0.8934286,48.8233,39.5996,124.7493,2236.015819805034,210.4597418860572,32386.6423344449
2453780.95833333,2006.1217202829027,80802.22586410173,0.8954641,49.2351,38.5805,125.498,2068.597102707152,199.79919815501074,32040.419711104212
2453791.58333333,2006.150809947516,80819.18261527644,0.8949091,49.6686,37.5363,126.2623,2115.224338303753,189.04701889423032,32138.879800439543
2453802.20833333,2006.1798996121292,80818.80902901608,0.8940976,50.5861,35.7216,127.5494,2180.7695413144684,178.04713963344994,32272.40957597161
2453812.75,2006.2087611225188,80818.56520214402,0.8933136,51.1183,34.6294,128.4189,2244.1054745820147,167.43429589322395,32400.95218454861
2453823.33333333,2006.2377367100075,80802.49522087706,0.892375,51.9029,33.1672,129.4269,2318.232248146891,156.5488843973105,32547.836407183248
2453831.29166667,2006.2595254392054,80809.91125223233,0.8903928,52.1532,32.6359,129.6933,2479.2118046056803,148.44004188605717,32872.36832312101
2453841.875,2006.2885010266941,80824.66998262334,0.8876777,52.5076,31.9126,130.2245,2700.276529189212,137.81673039014376,33313.95006169195
2453852.41666667,2006.3173625370835,80840.87798400912,0.8856961,53.1904,30.7076,130.9441,2862.2913329963812,126.94118664991777,33635.08998055455
2453863.04166667,2006.3464522016968,80809.60191997598,0.8852136,53.3833,30.2505,131.1091,2897.7069898271275,116.17680738913737,33698.176117391115
2453873.66666667,2006.3755418663102,80822.83172489931,0.8833865,53.4972,29.8716,131.2026,3046.896987351549,105.41912812835696,33990.37364308491
2453884.20833333,2006.404403376674,80825.61268286918,0.8819534,54.0632,28.8903,131.6888,3163.0524701295853,94.53388439731049,34214.736876735464
2453894.79166667,2006.4333789641883,80824.10095296492,0.8821352,54.3322,28.3208,132.0032,3148.180194001019,83.84757289221753,34185.86417542287
2453905.375,2006.462354551677,80809.96114480897,0.8830331,54.9077,27.2942,132.4948,3073.954344228756,72.8813613963041,34040.124978918146
2453915.95833333,2006.4913301391655,80806.67125064414,0.8839615,55.1911,26.7151,132.6992,2998.548621917873,62.07544990039068,33893.63498277074
2453926.58333333,2006.5204198037789,80838.83905516502,0.8837256,55.462,26.1312,132.988,3021.35120783588,51.30807063961029,33944.0707019189
2453937.02988412,2006.5490209010813,80817.41025773704,0.8837452,56.6242,24.7,133.9775,3017.275566031167,40.56997561069349,33932.00566281129
2453945.08333333,2006.5710700433408,80804.60312204891,0.8862847,56.7458,24.1525,134.1273,2810.583385404725,32.2345843973105,33526.938504212616
2453955.66666667,2006.600045630855,80812.42878519157,0.8862563,57.1474,23.4237,134.5023,2813.768356014194,21.44957289221753,33534.681875237395
2453966.25,2006.6290212183435,80811.75305211122,0.8853106,58.0911,22.1251,135.2585,2890.115170494808,10.475961396304115,33683.78776945194
2453976.83333333,2006.6579968058322,80815.31720438285,0.8848562,58.6784,21.2775,135.8478,2927.2464211180195,359.7864499003907,33756.82221716381
2453987.41666667,2006.6869723933464,80811.03171550819,0.8837343,59.5889,20.0732,136.5419,3017.414870125762,348.8450383952977,33931.03316612512
2453995.375,2006.7087611225188,80810.6111808453,0.882155,59.8674,19.6583,136.6855,3144.9901746067117,340.7297958932239,34177.08270813415
2454003.29166667,2006.730435774592,80822.3639770093,0.8780173,59.6529,19.7726,136.4942,3480.793878298333,332.8499211468376,34818.97831580485
2454013.91666667,2006.7595254392054,80817.88078566267,0.8770311,60.2677,18.9052,136.8972,3559.949600544078,321.9132418860572,34967.12213316061
2454024.45833333,2006.7883869495695,80826.9005613686,0.8754287,60.7251,18.2736,137.1455,3690.57577790042,311.1397981550107,35213.51554711534
2454034.92091796,2006.817031945133,80817.1978094936,0.8741781,61.2105,17.8409,137.2951,3790.4370810663277,300.54449975206535,35397.3460045285
2454043.04166667,2006.8392653433807,80831.30226985735,0.8730275,61.6035,17.0818,137.6757,3885.216227459465,292.16197638297746,35575.678335972836
2454053.58333333,2006.8681268537446,80823.6103690183,0.8722491,61.9495,16.5647,137.8597,3947.152665891419,281.43873265193054,35688.26587656121
2454061.5,2006.889801505818,80809.83570076287,0.8713704,62.2081,16.2102,137.985,4016.400542254847,273.4066579055442,35812.615340626944
2454072.125,2006.9188911704312,80824.3548045576,0.869419,62.8633,15.3969,138.3319,4175.988774733933,262.4679786447638,36107.029140195395
2454080.04166667,2006.9405658225046,80823.76296264591,0.8691637,63.14,15.0077,138.4823,4196.54579810963,254.42630389837745,36144.26558027494
2454090.625,2006.969541409993,80816.62035655815,0.8679709,63.4475,14.5595,138.6442,4292.009350718054,243.70879240246404,36315.735028785435
2454103.83333333,2007.005703855798,80807.74028697888,0.8660928,64.2353,13.6115,139.0126,4442.601940156539,230.11071191271094,36584.975757440676
2454114.45833333,2007.0347935204113,80810.47005348963,0.8651447,64.5284,13.1975,139.1824,4519.583882204361,219.39423265193054,36723.34502258192
2454125.04166667,2007.0637691079255,80837.34382727132,0.8627271,65.1483,12.4572,139.4789,4718.640315466637,208.5192211468376,37082.95587634455
2454135.625,2007.092744695414,80831.68027989409,0.8617844,65.4821,12.0061,139.6152,4794.06288889373,197.77320965092414,37214.88842411471
2454143.58333333,2007.1145334245866,80820.18789745393,0.8606849,65.7102,11.6973,139.7162,4881.336258952586,189.72146714885037,37365.838017504335
2454154.16666667,2007.1435090121006,80832.38781244394,0.8580467,66.3228,10.9947,139.9488,5096.287896856193,178.8202556437574,37743.63828665319
2454167.375,2007.1796714579054,80822.05880368035,0.8571008,66.6927,10.493,140.0963,5171.271245398879,165.44757515400434,37871.28715774541
2454177.95833333,2007.2086470453942,80821.66949796093,0.8552391,67.2421,9.8662,140.3025,5321.6813160273705,154.59576365809045,38130.39805725559
2454188.54166667,2007.2376226329084,80828.17280179595,0.8531976,67.5832,9.4445,140.3968,5487.63345491837,143.83715215299796,38415.66979570497
2454199.125,2007.266598220397,80820.84526908712,0.8517422,67.8207,9.1264,140.4581,5604.184413735264,133.14914065708405,38611.999188830145
2454204.45833333,2007.2812000912531,80807.85289419777,0.851464,68.1351,8.7929,140.5699,5624.738937492561,127.67076714885036,38643.85310605386
2454215.08333333,2007.3102897558665,80821.73937300126,0.8489798,68.5602,8.3012,140.6911,5827.578944458528,116.82798788806997,38988.63454342248
2454225.625,2007.339151266256,80814.0340642936,0.8476553,68.7946,7.9957,140.752,5933.453475314591,106.19324414784398,39163.8894601838
2454236.20833333,2007.3681268537446,80826.01487197464,0.844998,69.3203,7.4335,140.9038,6150.057657185811,95.35163265193054,39526.141815734954
2454252.08333333,2007.4115902349904,80809.99535690603,0.8434989,69.7435,6.8978,141.0719,6268.716864350683,79.3372154034704,39717.805089147434
2454262.66666667,2007.4405658225046,80829.98854104288,0.8408102,70.2415,6.3759,141.2103,6489.173409850911,68.52250389837789,40082.776997128574
2454273.20833333,2007.4694273328685,80822.44811408789,0.8399605,70.5213,6.0307,141.2709,6556.647884954569,57.84776016733099,40190.53815258084
2454285.20833333,2007.5022815423142,80834.23802618266,0.8381473,70.8891,5.5614,141.4026,6705.103376980331,45.68264476692008,40433.22235708411
2454299.66666667,2007.5418663016285,80825.66830446862,0.8352365,71.4106,5.0313,141.5335,6938.983699683311,31.032931413777874,40805.85424420094
2454315.58333333,2007.5854437599733,80838.1684768526,0.8317071,71.9976,4.3933,141.7099,7226.353503658105,14.883446409630778,41264.0444600452
2454326.125,2007.6143052703628,80830.64183273874,0.8300809,72.2543,4.0788,141.7546,7356.533612641315,4.22350266940478,41466.50655896032
2454336.70833333,2007.6432808578513,80825.43155678546,0.8282033,72.4553,3.8228,141.7792,7507.406117531607,353.56089117349086,41700.563266527875
2454344.66666667,2007.6650695870494,80842.43045271144,0.8254716,72.8526,3.4342,141.8836,7731.163739023006,345.43274866223805,42051.08282228015
2454355.25,2007.694045174538,80831.71166205808,0.8244518,73.097,3.1409,141.9373,7811.725185193307,334.76193716632457,42172.25167675809
2454365.875,2007.7231348391513,80821.10194710614,0.8226212,73.3177,2.8649,141.9571,7957.813778055348,324.0334579055442,42393.09530759334
2454376.41666667,2007.7519963495408,80810.03954758501,0.8196962,73.783,2.4036,142.0621,8192.220908579859,313.28701416531817,42746.05535880401
2454389.66666667,2007.7882728724703,80818.22014035686,0.8175024,74.0001,2.1299,142.1198,8370.994911886793,300.0114659106981,43017.180242835486
2454400.29166667,2007.8173625370835,80828.36963270156,0.8141873,74.3987,1.7241,142.1886,8640.80129805029,289.20218664991773,43422.11478704545
2454410.875,2007.8463381245722,80817.8266033102,0.8131503,74.6357,1.4464,142.2471,8722.65035548053,278.5517751540043,43540.51617351122
2454421.45833333,2007.875313712061,80809.85565773763,0.811389,74.8826,1.1504,142.2897,8863.49138546155,267.86716365809093,43745.95469914255
2454434.66666667,2007.9114761578912,80820.24636163465,0.8079253,75.316,0.7058,142.4008,9145.38827383707,254.51518315915786,44160.58569271528
2454450.54166667,2007.954939539137,80811.64328245932,0.8052044,75.7527,0.2452,142.5174,9363.616240192629,238.52436591069818,44473.94630862981
2454463.45833333,2007.9903034451204,80816.41076508115,0.8021093,76.054,359.9028,142.5905,9614.679797789442,225.5240597566534,44835.04043646812
2454474.33333333,2008.0200775724304,80813.86583414745,0.8000512,76.2586,359.6555,142.6198,9780.499196898785,214.58737392503122,45070.043149119236
2454484.95833333,2008.0491672370438,80809.70027875954,0.7968337,76.6464,359.272,142.7067,10039.671509744547,203.8184946642508,45434.237311868565
2454493.54166667,2008.0726671229836,80818.22299209208,0.7956129,76.8007,359.0978,142.7811,10140.065924507026,195.25873572589296,45577.1458064784
2454506.16666667,2008.107232489171,80830.45639925635,0.7922719,77.1735,358.7162,142.8833,10412.620829950361,182.53580389837794,45959.42030401323
2454516.70833333,2008.1360939995352,80825.0693076622,0.7898259,77.3721,358.4766,142.9111,10609.199899175526,171.93386016733098,46228.71175654536
2454529.95833333,2008.1723705224647,80817.08231808132,0.7873049,77.5912,358.2143,142.9292,10811.261105352538,158.63011191271096,46502.69250957737
2454548.5,2008.2231348391513,80818.63079281768,0.7827579,78.0324,357.7619,143.0417,11179.07277255638,140.0150579055442,47000.631731584894
2454561.75,2008.2594113620808,80833.10677266879,0.7788722,78.36,357.4276,143.1158,11496.310767805347,126.69530965092417,47428.52406064349
2454574.29166667,2008.2937485740445,80823.60609070265,0.7765114,78.5712,357.1651,143.1438,11685.018272162613,114.09941334396308,47675.41003561884
2454582.91666667,2008.3173625370835,80818.14599532963,0.7748081,78.6792,357.0208,143.14,11821.45555116567,105.45028664991776,47853.23082491466
2454593.5,2008.3463381245722,80808.31473043983,0.7715115,79.005,356.7035,143.1786,12085.6343202861,94.74037515400437,48195.18619741512
2454604.08333333,2008.375313712061,80811.55489677675,0.7701052,79.1852,356.5085,143.2593,12200.019950683507,84.19486365809092,48344.462392806105
2454612.0,2008.3969883641341,80810.01103746264,0.76852,79.3024,356.3549,143.2553,12327.765054951853,76.23438891170451,48508.89957964299
2454622.58333333,2008.4259639516229,80803.72089380988,0.7652576,79.6085,356.0563,143.3089,12589.923071543077,65.55817741579114,48843.02769290492
2454633.16666667,2008.454939539137,80812.23490252515,0.7634439,79.7634,355.8824,143.3885,12738.490820825233,55.03266591069814,49034.6736048883
2454643.75,2008.4839151266256,80827.94887244015,0.7603672,80.0124,355.6269,143.4498,12990.891406559675,44.40725441478469,49358.42460562523
2454654.33333333,2008.5128907141143,80821.29017894866,0.758288,80.1775,355.4157,143.493,13157.339391734042,33.808042918870854,49565.12350407421
2454672.875,2008.5636550308009,80817.26624904375,0.7532251,80.5293,355.0499,143.5716,13565.536496881146,15.24568891170452,50070.66880971561
2454683.45833333,2008.5926306182894,80821.51691421415,0.7513362,80.6894,354.8515,143.6315,13719.249217652765,4.675977415791067,50260.991208355816
2454694.0,2008.621492128679,80814.56442268852,0.7490145,80.8413,354.6672,143.6467,13905.147558910687,354.11673367556466,50485.98144604913
2454704.625,2008.6505817932923,80812.81085149673,0.745468,81.0833,354.422,143.6931,14191.310071653164,343.4456544147847,50832.30485166464
2454715.20833333,2008.6795573807808,80817.94209738157,0.7433661,81.2004,354.2825,143.7683,14362.487370425211,332.9501429188709,51039.837750785344
2454728.45833333,2008.7158339037105,80825.61981383813,0.7389543,81.4246,354.0321,143.7804,14721.044202237246,319.6522946642508,51469.711820085846
2454739.04166667,2008.7448094912245,80818.1203297829,0.7374356,81.577,353.8529,143.8647,14841.824973517252,309.1261831591578,51610.0413276567
2454749.625,2008.7737850787132,80811.1015675583,0.7350902,81.7371,353.6679,143.8868,15029.516454041555,298.5320716632444,51828.44945896517
2454760.20833333,2008.802760666202,80808.77087147703,0.7315544,81.9291,353.4456,143.9364,15314.622681856168,287.928160167331,52160.27708323389
2454770.79166667,2008.831736253716,80815.59950203777,0.7293071,82.0416,353.3194,144.0035,15498.072694445162,277.437848662238,52374.89832335362
2454781.375,2008.8607118412046,80828.9316057948,0.7257717,82.2337,353.1168,144.0469,15787.444205073376,266.8474371663246,52711.72021648406
2454801.70833333,2008.916381473868,80796.96316863832,0.7217994,82.4886,352.7854,144.1287,16099.627331693084,246.55676940757712,53055.758984667584
2454813.08333333,2008.9475245265714,80804.83401612932,0.7181524,82.723,352.5427,144.1693,16396.512235844406,235.14317043427127,53392.56497960283
2454826.33333333,2008.983801049501,80814.2750056041,0.7153397,82.8649,352.3648,144.2892,16626.479467377765,222.02562217965124,53652.41163217613
2454839.58333333,2009.0200775724304,80811.93267598201,0.7112819,83.0956,352.1123,144.3298,16953.731359537436,208.75417392503118,54013.402034763094
2454852.5,2009.0554414784394,80817.59133888561,0.708585,83.2459,351.9299,144.4672,17173.322080021346,195.9781677618069,54256.015687246196
2454868.70833333,2009.0998174766057,80810.32179915335,0.7038451,83.498,351.6413,144.531,17554.236471396078,179.77800842195103,54666.771485645644
2454879.29166667,2009.12879306412,80817.07946644672,0.7014303,83.5958,351.521,144.6399,17751.394871173165,169.3353969168581,54881.13591745704
2454889.875,2009.1577686516084,80830.88860356079,0.6979403,83.7466,351.3566,144.6999,18037.617662324992,158.79978542094466,55191.443749786806
2454905.75,2009.2012320328543,80817.4901044177,0.69448,83.9118,351.1289,144.79,18313.223276701698,143.0153681724845,55477.93262042693
2454916.33333333,2009.2302076203428,80826.53972201994,0.6912984,84.0584,350.9668,144.8474,18573.145834651114,132.47945667657103,55753.67290071245
2454929.58333333,2009.2664841432725,80816.32236636223,0.6884363,84.1819,350.7792,144.8771,18801.296116856574,119.26200842195101,55987.17199246522
2454940.125,2009.2953456536618,80810.75801097036,0.6859946,84.2907,350.6247,144.9152,18996.878093537947,108.75546468172502,56187.120822019795
2454953.375,2009.3316221765913,80814.15952463356,0.682129,84.4578,350.4519,145.0033,19310.341402254795,95.61121642710498,56509.55198867698
2454966.625,2009.3678986995208,80811.64185688188,0.6792733,84.5692,350.2988,145.0437,19540.3149143396,82.43896817248498,56742.20590639562
2454977.20833333,2009.3968742870095,80805.59084717889,0.6758916,84.7434,350.1185,145.0753,19811.634460533787,71.85905667657107,57013.32739519019
2454990.45833333,2009.433150809939,80814.81677368957,0.6730264,84.8419,349.9814,145.2076,20046.175273833665,58.79470842195104,57251.326594883445
2455006.33333333,2009.4766141911848,80806.14814841452,0.6688704,85.0597,349.7224,145.2821,20379.17121392524,42.963391173491345,57577.94839910482
2455019.58333333,2009.5128907141143,80815.86611875329,0.6658294,85.149,349.587,145.3839,20628.150170423454,29.870242918870872,57826.17885909889
2455030.16666667,2009.5418663016285,80816.7928784534,0.6623234,85.2905,349.4343,145.4208,20911.80354210036,19.32323141377833,58102.7577688294
2455040.70833333,2009.5707278119924,80816.42074559687,0.6603644,85.3908,349.3083,145.5604,21069.997249783242,8.946687682731408,58255.60007856661
2455051.33333333,2009.5998174766057,80817.7610142682,0.6576309,85.509,349.1683,145.6207,21291.367802470086,358.394708421951,58468.95420520889
2455064.54166667,2009.635979922436,80819.36085451732,0.6541225,85.6059,349.0134,145.7164,21575.462183958312,345.3170279230184,58740.58366577627
2455075.125,2009.6649555099248,80816.1526985306,0.6514295,85.6753,348.9056,145.7591,21791.990454203158,334.82071642710497,58944.245148511596
2455085.70833333,2009.6939310974133,80814.34914175324,0.6479748,85.7976,348.7647,145.7963,22070.55111949551,324.2858049311916,59205.15463384742
2455096.29166667,2009.7229066849275,80816.05574588374,0.6458101,85.8778,348.6577,145.9459,22246.094403028983,313.89719342609857,59369.56638529302
2455106.91666667,2009.7519963495408,80818.7762334818,0.6428871,85.9858,348.5272,146.0119,22483.29125518976,303.36041416531816,59590.494439186754
2455117.5,2009.7809719370293,80815.76488968791,0.6402604,86.0481,348.4016,146.0627,22694.49463511038,292.85440266940475,59783.64640182551
2455130.70833333,2009.8171343828344,80811.78013818656,0.6371808,86.1414,348.2673,146.1423,22941.929120312736,279.7812221796512,60008.123662743434
2455141.33333333,2009.8462240474475,80807.79730324322,0.6338103,86.2625,348.1215,146.1914,23212.84675213544,269.21224291887086,60252.071860795084
2455151.91666667,2009.8751996349617,80812.87785612763,0.6314572,86.3309,348.0249,146.3401,23404.867981155272,258.83313141377835,60427.0246340403
2455162.5,2009.9041752224505,80818.24580598285,0.6284528,86.4358,347.8974,146.414,23649.656638124667,248.34831991786444,60648.1441232678
2455173.08333333,2009.933150809939,80814.16380169918,0.6261235,86.5083,347.7684,146.4964,23836.380412605977,237.870508421951,60812.28315643917
2455183.66666667,2009.9621263974532,80813.84730037133,0.6235135,86.5639,347.672,146.5665,24047.186221651245,227.4129969168581,60998.25198109802
2455194.20833333,2009.9909879078173,80814.76972504843,0.620154,86.6831,347.5394,146.6242,24319.03072098075,216.94795318581157,61236.86407781268
2455204.83333333,2010.0200775724304,80813.28701507868,0.6181257,86.7729,347.4209,146.8031,24482.38110958226,206.53607392503125,61378.42440020516
2455215.375,2010.04893908282,80814.755467898,0.6154044,86.872,347.2958,146.8958,24702.86306802951,196.1135301848052,61569.85535975396
2455226.0,2010.0780287474333,80810.69813841164,0.6124911,86.9363,347.1768,146.975,24936.728443847947,185.6014509240248,61769.08226904823
2455236.58333333,2010.1070043349218,80816.82424616964,0.6096587,86.9771,347.1003,147.1003,25168.007938121373,175.2190394281114,61969.08703450903
2455247.16666667,2010.135979922436,80823.05276665323,0.6063446,87.0639,346.9939,147.1731,25438.29486607798,164.75422792301845,62200.69118823109
2455257.75,2010.1649555099248,80817.2163451908,0.6044454,87.1358,346.8829,147.3202,25589.48538453541,154.359116427105,62325.34299286497
2455268.33333333,2010.1939310974133,80813.54648441404,0.6017941,87.2038,346.7777,147.3913,25802.29471001793,143.89380493119154,62501.77963004085
2455278.91666667,2010.2229066849275,80811.84999185402,0.5986659,87.2673,346.665,147.4476,26054.414785815745,133.40619342609864,62710.47094959343
2455289.5,2010.2518822724162,80816.54336361277,0.5961535,87.3091,346.5845,147.6037,26259.341879493244,123.05058193018516,62881.61497554271
2455305.375,2010.2953456536618,80809.87418922524,0.5920942,87.4306,346.4048,147.6584,26584.680079055273,107.27876468172508,63144.85054203182
2455316.0,2010.3244353182752,80814.01838178535,0.5898013,87.4851,346.3208,147.8247,26771.66898198446,96.88878542094466,63298.531117093466
2455326.54166667,2010.3532968286647,80820.69981911428,0.5869915,87.5627,346.2228,147.901,27001.49970124266,86.47694168071865,63486.97848735169
2455337.16666667,2010.3823864932779,80814.43183227401,0.58499,87.617,346.1106,147.9933,27160.661054712036,75.98476241993819,63611.77962122246
2455347.70833333,2010.411248003642,80812.18072963503,0.5824478,87.6619,346.0244,148.0626,27365.167550456717,65.57771868889176,63773.85020875484
2455361.0,2010.447638603696,80807.81155732501,0.5791026,87.7854,345.8695,148.1668,27633.66148416805,52.42640266940475,63984.422544469395
2455371.54166667,2010.4765001140856,80813.71756423601,0.5766705,87.8298,345.7971,148.3369,27832.69434960925,42.13395892917879,64143.603925090494
2455382.125,2010.5054757015744,80822.74616075514,0.5737721,87.9023,345.6991,148.4338,28070.773068331728,31.70164743326484,64333.70796285421
2455392.70833333,2010.5344512890629,80816.60752438786,0.5719146,87.9582,345.5913,148.5609,28218.273458720585,21.289735937351452,64445.364009202596
2455405.91666667,2010.5706137348932,80814.44038647792,0.568721,88.0461,345.4731,148.7028,28475.434735439805,8.29495543841881,64642.75238922411
2455419.16666667,2010.6068902578227,80815.29866977458,0.565508,88.094,345.3607,148.8438,28735.464449627696,355.2640071837988,64842.18270998902
2455429.75,2010.6358658453114,80816.31951479468,0.5628459,88.122,345.2879,148.9445,28951.049122802506,344.8606956878849,65006.47529431925
2455440.33333333,2010.6648414328001,80816.54193781922,0.5598119,88.1891,345.1954,149.0242,29196.343744178957,334.41668419197197,65191.653003896456
2455450.95833333,2010.6939310974133,80816.35373362192,0.5578048,88.2391,345.1113,149.2245,29358.46740250969,324.0606049311921,65313.11996228131
2455461.54166667,2010.7229066849275,80817.11083444105,0.5552075,88.3001,345.0172,149.3395,29568.708470828125,313.6502934260986,65470.21639769482
2455472.125,2010.7518822724162,80813.52937648165,0.552831,88.3275,344.9262,149.4142,29759.168817751925,303.2027819301856,65609.60675287174
2455482.70833333,2010.7808578599047,80815.95451622456,0.5502209,88.3476,344.857,149.5567,29971.190987948423,292.8448704342718,65766.89097839892
2455495.91666667,2010.8170203057352,80811.07305649921,0.5469088,88.4317,344.7311,149.6651,30236.649764456903,279.8088899353387,65958.54493563977
2455514.45833333,2010.8677846223964,80810.42443669835,0.5432747,88.5258,344.5774,149.935,30530.029043978386,261.6499359373515,66170.80528588152
2455525.04166667,2010.8967602099103,80808.2178012987,0.5405751,88.5755,344.4806,150.0227,30747.171082539877,251.20962443225892,66325.81824126457
2455538.25,2010.9329226557152,80812.73244199867,0.5376014,88.5967,344.391,150.2294,30989.558043354766,238.30824394250544,66501.05277916763
2455546.20833333,2010.9547113848878,80820.40892113182,0.53531,88.6593,344.3237,150.354,31178.29952156075,230.52160144043205,66638.68492662712
2455556.75,2010.9835728952771,80815.01067184229,0.5337,88.7062,344.2256,150.5055,31305.903176280066,220.1848577002056,66726.04250423869
2455567.33333333,2011.0125484827659,80810.34318194834,0.531295,88.7451,344.1439,150.6415,31498.0756010951,209.80794620429174,66858.63327574143
2455575.29166667,2011.0343372119637,80818.7377344188,0.5287674,88.782,344.0883,150.7464,31706.287611308282,202.0133036930389,67008.10611804396
2455585.91666667,2011.063426876577,80815.76346392868,0.5270683,88.8266,343.9971,150.951,31842.20010179368,191.6544244322589,67100.93734183177
2455596.45833333,2011.0922883869412,80812.23205131813,0.5247249,88.8854,343.9086,151.1089,32029.905369413427,181.33368070121202,67228.7650261112
2455604.41666667,2011.114077116139,80815.37565975546,0.5222987,88.8983,343.8588,151.1732,32227.47371265354,173.50423818995915,67365.9522285444
2455615.04166667,2011.1431667807524,80815.50967978925,0.5203539,88.9334,343.785,151.4051,32384.70773742316,163.19005892917926,67473.33984524825
2455636.16666667,2011.2010038786304,80813.8544287455,0.5157533,88.989,343.6223,151.6486,32755.7060214004,142.44950369303888,67723.62816493967
2455646.79166667,2011.2300935432438,80815.9202978199,0.5132604,88.9976,343.5661,151.8322,32958.172419392744,132.10462443225896,67860.51040580844
2455657.375,2011.2590691307323,80818.38554141506,0.5107175,89.0444,343.4906,151.9441,33164.88542366741,121.70981293634503,67999.56553372317
2455667.95833333,2011.288044718221,80813.65626052905,0.5093468,89.0855,343.4068,152.1193,33273.34274792862,111.37000144043208,68069.05362583828
2455678.54166667,2011.3170203057352,80811.07163094691,0.507012,89.1361,343.3181,152.2658,33460.75228119726,100.9965899353387,68191.42351992994
2455689.125,2011.3459958932237,80809.71025720358,0.5046202,89.1657,343.2405,152.3663,33653.36180527146,90.58827843942572,68317.0913435307
2455699.70833333,2011.3749714807125,80814.23936328522,0.5024277,89.1833,343.1825,152.5722,33832.79065274036,80.30496694351183,68436.4955284021
2455712.91666667,2011.4111339265428,80814.76544790265,0.4996517,89.2615,343.0824,152.6997,34057.39420675683,67.31388644457877,68582.34576722479
2455723.54166667,2011.4402235911562,80812.74099575286,0.4982708,89.2919,343.0023,152.9139,34167.975589606285,56.97570718379882,68652.57078970912
2455734.125,2011.4691991786447,80812.84506661005,0.4959718,89.3421,342.9174,153.1021,34353.81653580235,46.64779568788492,68771.86799685679
2455755.29166667,2011.5271503536476,80815.72211693865,0.4916302,89.3695,342.7829,153.4315,34706.13618944368,25.980272686878493,68997.52637481257
2455773.79166667,2011.5778005932095,80817.06093082801,0.4883473,89.4406,342.6424,153.734,34972.13113132266,7.908186444578746,69165.79435966899
2455795.0,2011.6358658453114,80817.24343584427,0.4836239,89.4818,342.5143,154.0655,35353.956678151866,347.2080956878849,69403.92101718181
2455806.58333333,2011.6675792835872,80817.32043045702,0.4818532,89.5038,342.4472,154.3095,35497.09966561593,335.96815790860376,69492.44488718887
2455818.79166667,2011.7010038786304,80821.08055719339,0.4791254,89.534,342.3685,154.552,35719.511706795885,324.09910369303884,69631.15669924028
2455832.04166667,2011.73728040156,80815.44552119312,0.4773187,89.5552,342.2832,154.7575,35862.5858250964,311.1597554384184,69715.49555199106
2455842.625,2011.7662559890487,80812.14223842617,0.4752178,89.5921,342.2051,154.9535,36030.63749059421,300.8464439425054,69815.82903496134
2455853.20833333,2011.7952315765372,80812.13796162803,0.4730937,89.6033,342.1352,155.0963,36202.288308450974,290.4881324465915,69919.56973821361
2455863.79166667,2011.8242071640514,80815.00782039044,0.4710573,89.6069,342.0819,155.3256,36368.37213703844,280.23292094149906,70020.9733373939
2455879.70833333,2011.8677846223964,80810.70669162752,0.4683567,89.6667,341.9599,155.557,36584.33448086894,264.6544359373514,70147.60627900563
2455890.29166667,2011.8967602099103,80812.92062511358,0.4664585,89.6784,341.9065,155.8179,36738.910589704035,254.43072443225896,70240.60139906306
2455900.875,2011.925735797399,80818.07897977825,0.4643256,89.7108,341.8319,156.0391,36914.03966664532,244.14611293634505,70346.8792109103
2455916.75,2011.9691991786447,80811.39523293053,0.4620484,89.7506,341.7309,156.3432,37094.48306378735,228.70239568788497,70449.09777408949
2455927.33333333,2011.9981747661334,80817.53430534356,0.4599253,89.7814,341.6565,156.6051,37269.36929469814,218.45868419197194,70554.59320026594
2455943.20833333,2012.0416381473792,80812.90636877864,0.4577259,89.8159,341.5594,156.9055,37444.60976951371,203.01516694351176,70653.6916885847
2455953.79166667,2012.0706137348932,80816.37084304912,0.4556669,89.8459,341.4876,157.1932,37612.88937174655,192.79985543841838,70752.72995791772
2455964.33333333,2012.0994752452573,80814.31777643863,0.4541711,89.8516,341.419,157.3631,37732.65387616395,182.5110117073724,70820.34625460878
2455974.95833333,2012.1285649098706,80816.91977531115,0.4521224,89.8375,341.3705,157.5864,37899.64374589002,172.21353244659156,70917.24837571445
2455985.54166667,2012.1575404973846,80817.4687168946,0.4501231,89.8662,341.305,157.8164,38061.52286389298,161.94682094149903,71009.56795891194
2455996.16666667,2012.186630161998,80816.2867217859,0.4491208,89.8793,341.2473,158.0521,38141.87507626804,151.65254168071817,71054.38287908828
2456009.375,2012.2227926078028,80818.20873341853,0.4465386,89.9001,341.1687,158.3858,38351.62265109005,138.88916119096552,71173.63436451426
2456020.0,2012.2518822724162,80816.60609859147,0.4454359,89.902,341.1021,158.5215,38439.85212611989,128.48598193018472,71222.17472614885
2456035.83333333,2012.2952315765372,80815.22738291872,0.4427652,89.9382,341.0106,158.9101,38654.92076767524,113.17733244659155,71341.31922362678
2456046.45833333,2012.3243212411505,80814.63428237298,0.4415225,89.9419,340.9431,159.056,38755.018617433954,102.7834531858116,71396.50123850189
2456054.39341033,2012.3460462979608,80785.20678373823,0.4400622,89.9528,340.9043,159.2258,38856.55465903146,95.09343273412162,71435.6977255259
2456062.32919272,2012.367773286023,80831.27516742072,0.4393509,89.9904,340.8471,159.437,38939.84537446678,87.42571703173252,71508.11391004513
2456067.62444222,2012.3822708890355,80799.54667024233,0.4380624,89.9814,340.8174,159.4869,39026.16703696397,82.22677994723676,71537.25176047916
2456075.55994613,2012.4039971146613,80816.50486720885,0.4377781,89.9953,340.772,159.6444,39058.6726178014,74.51743872194209,71564.86373095875
2456086.14451909,2012.4329760960718,80809.13721440834,0.436186,90.0134,340.7064,159.8654,39183.18658940443,64.24040541419004,71628.69960261522
2456091.43680088,2012.4474655739355,80816.7771946067,0.4350747,90.0336,340.6807,160.0772,39277.305801696355,59.210293383268834,71684.40574726983
2456096.73101053,2012.4619603299936,80809.3039944723,0.4344489,90.0443,340.6418,160.1116,39323.6544643082,53.98768120232256,71705.26453765153
2456102.02101438,2012.4764435711973,80815.76916696594,0.434249,90.0458,340.6145,160.2486,39343.46592198015,48.88341436898236,71719.77240621831
2456104.66949994,2012.4836947294723,80816.34232734215,0.4340317,90.0497,340.6064,160.3003,39361.35157922388,46.316597389956314,71729.8101648788
2456115.25257111,2012.5126695992064,80809.2598047989,0.4325473,90.0842,340.5348,160.5775,39477.296361234614,36.091244285686344,71788.45979266122
2456123.19628617,2012.5344183057352,80811.56487579332,0.430969,90.0786,340.4944,160.7469,39606.14927283756,28.39070993529856,71859.26099811228
2456128.4871137,2012.5489038020528,80815.71356239558,0.4307846,90.0854,340.4631,160.8861,39623.41242170443,23.283831260995044,71870.96367561576
2456136.42993346,2012.5706500573854,80809.85993423383,0.4295237,90.0878,340.4336,161.091,39721.97359879995,15.63057934130876,71920.43987353615
2456144.37178179,2012.5923936530874,80815.27158075084,0.4286312,90.1166,340.3788,161.3397,39797.18844476771,7.996784888545392,71963.84854132122
2456149.66578019,2012.6068878307733,80814.89376252276,0.4275445,90.0975,340.3536,161.4079,39884.79411627185,2.8218809216463114,72010.3723091865
2456154.95815581,2012.62137756553,80815.1076213548,0.4273531,90.1088,340.3194,161.5305,39900.3845525352,357.6939764091319,72018.80167273559
2456160.25246147,2012.6358725844495,80817.64266915951,0.4268786,90.1045,340.3044,161.6536,39940.18421124844,352.5838695981623,72041.46731081832
2456162.90319932,2012.6431299091587,80811.80294753076,0.4262828,90.1074,340.2921,161.7315,39984.985014009086,350.03683270288957,72061.8448478169
2456168.19526303,2012.657618789952,80814.9080197342,0.4257214,90.0994,340.2557,161.8232,40032.13593670173,344.8761356172413,72088.6817300617
2456173.48941204,2012.6721133799863,80819.94548612542,0.4247558,90.1153,340.2307,162.0596,40113.068585209825,339.86948320494446,72134.48623466466
2456178.78662542,2012.686616359809,80813.14445039636,0.4241396,90.1169,340.1954,162.1023,40158.95338846303,334.6558104687883,72154.71828921458
2456184.08114036,2012.701111951704,80819.21683713445,0.4239809,90.113,340.1708,162.2368,40175.276245231034,329.54729738658216,72166.9072684999
2456189.37678321,2012.715610631649,80811.74022187293,0.4232239,90.1164,340.1525,162.369,40232.144059385006,324.4416726063056,72192.46628100767
2456197.31507793,2012.7373444980979,80812.76095452142,0.4224555,90.1339,340.0971,162.5671,40294.8293190986,316.7601806847905,72226.02927926618
2456202.61351236,2012.751850820972,80817.60274560611,0.4212676,90.1154,340.0766,162.7356,40393.62889921122,311.6859044500776,72280.6978472343
2456210.5511828,2012.7735829782341,80816.48775771071,0.4209289,90.1243,340.0273,162.8789,40420.356163994074,303.95632783575604,72294.023209096
2456213.19927708,2012.7808330652433,80818.73345674796,0.4208092,90.122,340.0195,162.935,40431.33058580061,301.39459651239775,72301.09070735666
2456218.49360132,2012.7953281350303,80807.59489596005,0.4197366,90.1217,339.9942,163.0854,40511.55346015243,296.30147138906426,72336.37274795087
2456223.78544766,2012.8098164206979,80810.92622494308,0.4194889,90.1394,339.9526,163.1978,40533.50337486056,291.1564885487619,72349.78485940433
2456230.65970752,2012.8286371184672,80824.70563644414,0.4187391,90.1697,339.918,163.3656,40602.10484047459,284.5142373517958,72393.65467570604
2456239.66362651,2012.8532885051613,80817.06948572764,0.4179529,90.1392,339.8707,163.5875,40661.20462466627,275.81433814191314,72419.8043060341
2456247.60302002,2012.875025379931,80810.03099454567,0.41661,90.1329,339.8299,163.7913,40765.62768190801,268.1520632248089,72469.6714860119
2456258.19026968,2012.9040116897474,80812.5513880661,0.4154142,90.1564,339.7652,164.0967,40863.73370323373,257.9576916909456,72521.77484872621
2456263.48010573,2012.9184944715394,80810.4800321713,0.4153237,90.1728,339.7283,164.2058,40869.83616643379,252.81609024580808,72523.68122940902
2456274.06630018,2012.9474778923473,80808.54422559458,0.4141187,90.1661,339.6836,164.4874,40966.07864199885,242.61895875501318,72571.9843635806
2456284.65067487,2012.9764563309234,80814.57725404782,0.4129788,90.1829,339.6182,164.8173,41061.73381716386,232.4512208675764,72624.58545615473
2456295.2341713,2013.005432364956,80817.98059549705,0.4127697,90.1945,339.5617,165.0466,41080.63069048791,222.19264861582462,72636.2827625977
2456303.17612954,2013.0271762615741,80813.09882983081,0.4116008,90.1829,339.5207,165.262,41172.226400993386,214.53924583330195,72680.09012678644
2456313.76391863,2013.0561640482679,80813.09740418917,0.4105322,90.2096,339.4565,165.6056,41258.5824380331,204.38304262355894,72724.00782867247
2456326.99847881,2013.092398299274,80810.42728774592,0.4097693,90.2181,339.3992,165.9638,41318.658765345375,191.63961226135115,72752.87681913906
2456337.58711317,2013.1213884001916,80818.95019278258,0.4086655,90.2161,339.3389,166.3603,41412.89720277399,181.53937593105275,72805.67951926433
2456348.17652791,2013.1503806376727,80820.30625188061,0.4082819,90.2098,339.2831,166.5619,41444.70175678092,171.24797043784724,72822.55172739692
2456358.7676688,2013.179377601095,80816.17265940573,0.4071525,90.1925,339.232,166.8148,41533.52962069704,161.0108636057866,72864.80360709617
2456369.35878359,2013.2083744930599,80813.27988682964,0.4062328,90.2077,339.1725,167.1525,41606.13862121916,150.85018249842346,72899.5238282324
2456379.94558956,2013.237359588118,80813.87296252571,0.4059427,90.2056,339.1311,167.4051,41629.93487466103,140.62674827753517,72911.81288223369
2456393.18143346,2013.2735973537583,80816.71160769384,0.4046481,90.2001,339.0574,167.8426,41736.246507392585,127.94495264702198,72966.70984339641
2456403.76705042,2013.3025791934838,80818.48535280788,0.404562,90.2022,339.0014,168.0256,41744.26098150522,117.63849034585559,72971.78515340341
2456416.99895028,2013.3388061609303,80809.92978375181,0.4037192,90.2346,338.926,168.4301,41807.27327939936,104.92588206510027,72998.01532409676
2456430.23111973,2013.3750338664752,80817.18925456003,0.4031024,90.2178,338.8601,168.7234,41861.45000479266,92.1113080689504,73029.37278223153
2456438.17232222,2013.3967756939635,80809.09302496296,0.4022436,90.2161,338.8257,168.937,41926.01623386697,84.46345017313956,73056.5095326541
2456448.75682103,2013.425754472361,80813.52652516046,0.4016782,90.2279,338.7648,169.2882,41974.358354881755,74.32138995007529,73083.15455419496
2456459.33971297,2013.4547288513893,80817.58706136647,0.4018684,90.2367,338.7141,169.5021,41961.41635715443,64.0538134998352,73079.2154139077
2456469.92464783,2013.4837088236275,80807.07890566245,0.4013539,90.259,338.6501,169.8017,41996.7063392671,53.856623494083806,73090.2898845622
2456480.5119303,2013.5126952232715,80810.73092575149,0.4006988,90.2549,338.5966,170.1517,42051.831716679975,43.71801962225328,73119.74940153478
2456493.7465999,2013.5489297738536,80812.60556157741,0.4000281,90.2299,338.5454,170.5097,42107.15620273017,30.98038141266119,73148.17384178632
2456504.33531933,2013.5779201076796,80814.35912163246,0.3996107,90.2378,338.486,170.8856,42141.94020298553,20.860361235334096,73166.36905982233
2456512.27387388,2013.599654685503,80820.07382130821,0.3998824,90.2361,338.4497,171.0824,42123.41243346631,13.196413218851944,73160.73376926366
2456520.21795349,2013.6214043901166,80811.60479189044,0.3991699,90.2267,338.4199,171.3049,42175.90828827202,5.559219558019322,73181.39193977304
2456530.80933121,2013.6504020019436,80816.83565261945,0.3987807,90.2168,338.3622,171.6886,42210.505059282914,355.4460793003391,73201.57728778991
2456541.39582595,2013.6793862449006,80821.25595489578,0.399045,90.2127,338.3163,171.915,42191.801572374396,345.19225183576566,73195.09163552703
2456551.98577945,2013.708379957426,80812.57134671761,0.3986833,90.2164,338.2578,172.1858,42215.81242072279,334.96681532667697,73201.57792311114
2456562.57707415,2013.7373773419579,80812.53428066034,0.3982823,90.2057,338.2027,172.5614,42248.1959585301,324.84825689518914,73217.43743023081
2456573.16566049,2013.7663673114027,80809.60191997598,0.3980502,90.1923,338.1661,172.8282,42265.18741380915,314.6420678950477,73223.97080668132
2456581.10711112,2013.7881098182618,80810.6539468323,0.3982724,90.2105,338.1161,173.1042,42247.86455385794,307.04076542574427,73216.12594668687
2456591.69327344,2013.817093151102,80813.89862470047,0.3979805,90.1839,338.0594,173.3903,42273.40654309286,296.836165603282,73230.62292407428
2456602.28132659,2013.8460816607533,80809.3410568256,0.3974965,90.1675,338.0158,173.6569,42309.77451943113,286.62330212884893,73245.63333007407
2456612.86661025,2013.8750625879534,80812.46870235549,0.3974594,90.1656,337.9562,174.0392,42314.657079398494,276.512868336785,73249.93433076002
2456622.21469565,2013.9006562509244,80825.22476052894,0.3977269,90.1762,337.9081,174.2511,42300.72237472053,267.4629496672005,73250.9204909731
2456631.38961428,2013.9257758091167,80811.72168931548,0.3974599,90.1562,337.8614,174.4632,42314.16656785232,258.58530871801497,73249.2374666229
2456638.08911223,2013.944118034853,80826.70516564822,0.3978263,90.1729,337.8269,174.7105,42293.57980840751,252.19490745286828,73248.33000077054
2456646.02708002,2013.9658510062147,80825.45722813718,0.3978693,90.1724,337.7855,174.9534,42289.3528385983,244.57253776269204,73245.49770709973
2456652.55762941,2013.9837306760032,80813.54791007547,0.3981278,90.1724,337.7618,175.1017,42261.29157044254,238.2604566388395,73224.47430787575
2456663.14194833,2014.0127089618898,80807.98545762908,0.3983854,90.1916,337.6968,175.5262,42237.12754789734,228.18777371970464,73209.2319024158
2456673.73055074,2014.0416989753317,80814.5587198638,0.3984404,90.1645,337.6432,175.8196,42236.63731769779,217.99116888057756,73213.0075904928
2456684.32014724,2014.070691710445,80810.32607571121,0.3982273,90.1467,337.6048,176.1094,42251.31181046114,207.80518423976775,73217.61510230589
2456694.91010789,2014.0996854425466,80815.5424720098,0.3984992,90.1316,337.5458,176.5203,42232.47714934787,197.7193406832257,73211.5683539706
2456705.4968446,2014.1286703479807,80821.31869902041,0.3991726,90.1253,337.5022,176.7552,42181.526478503816,187.47607472694426,73190.08142474445
2456714.81340785,2014.154177708008,80826.7465266876,0.399218,90.118,337.4533,177.0591,42181.11813179642,178.54842511705692,73193.19332798105
2456724.03203787,2014.1794169414648,80813.1002554725,0.399258,90.1001,337.4047,177.3691,42169.68717367306,169.72370107266306,73179.24700885876
2456734.61993551,2014.2084050253532,80816.60467279515,0.39986,90.0884,337.3682,177.5984,42123.140828331285,159.4807908728892,73158.4848277174
2456739.91532963,2014.2229030243122,80813.65768619534,0.3995536,90.0682,337.3379,177.7536,42146.133528508326,154.38641124761807,73168.00437567961
2456750.50607901,2014.251898915839,80813.06461444889,0.4000693,90.0583,337.2799,178.125,42104.10212329155,144.26129029795493,73146.94897901856
2456766.38606651,2014.2953759521147,80810.25907636962,0.4005435,90.0449,337.2105,178.4825,42064.09877001377,128.8976572387253,73125.51581097434
2456776.97333545,2014.3243623147162,80812.71676012187,0.4011386,90.0329,337.1525,178.8523,42017.48039677005,118.77436670220982,73103.99135106982
2456784.9104874,2014.3460930524295,80817.38316694376,0.4019124,90.036,337.1134,179.0054,41957.73843659779,111.06530112535324,73077.2696954195
2456800.78643494,2014.389559027899,80808.83074046603,0.4027318,90.0497,337.0369,179.493,41886.40858046282,95.82864995640693,73036.69768083243
2456808.72789133,2014.4113015505275,80810.18352408717,0.4030086,90.0349,336.9913,179.6686,41864.848296301745,88.13134181012754,73026.8093759833
2456816.66608762,2014.433035147488,80812.74954950929,0.4035346,90.0307,336.9688,179.8184,41823.87268514788,80.43454690435124,73007.98897054182
2456827.24794116,2014.462006683532,80807.02189066532,0.4044104,90.0463,336.9071,180.1938,41749.685545052605,70.31849392843526,72967.54828487516
2456840.48169975,2014.4982387399036,80818.78621472785,0.4052258,90.006,336.8485,180.5216,41690.79261583579,57.54415363466694,72945.25220124726
2456848.42304178,2014.519980949432,80809.4194580976,0.4051906,89.997,336.8162,180.7308,41688.066002219355,49.89385820450434,72938.2204926357
2456859.01067924,2014.5489683209853,80813.59353127482,0.4061479,89.9781,336.7595,181.1206,41613.18592709397,39.79150444529989,72903.2476780138
2456866.94859371,2014.5707011463658,80819.4635207661,0.4071081,89.9746,336.7244,181.3001,41539.06898380771,32.11208730833687,72869.57518086229
2456877.53896871,2014.599696012896,80816.50771879275,0.4072389,89.9451,336.6774,181.5393,41526.74571355008,21.866135357475287,72861.59371951001
2456886.78054972,2014.6249980827376,80824.99942542434,0.4083162,89.9432,336.6359,181.8699,41444.706495032886,13.046490214443224,72825.38168194295
2456890.77525934,2014.6359350016157,80813.8544287455,0.4087549,89.9423,336.6092,182.0084,41402.659143109086,9.220999418301744,72797.43936594318
2456897.36262453,2014.6539702245864,80824.67426107975,0.4091552,89.923,336.5873,182.1693,41376.702198852814,2.867319148864567,72790.8305219102
2456904.01314491,2014.6721783570429,80814.25219451549,0.4092337,89.8993,336.5585,182.3064,41364.2004562208,356.42069146460517,72778.2352648492
2456911.95338431,2014.6939175477344,80815.70358209821,0.4103519,89.8823,336.5187,182.6535,41274.68976734741,348.9018828155986,72733.75041139526
2456922.54287262,2014.7229099866388,80821.26593690747,0.4113999,89.8668,336.47,182.8433,41193.268912590334,338.60570481003856,72695.70326938215
2456927.83928585,2014.7374107757703,80811.51355516947,0.4114953,89.8685,336.4528,182.9532,41179.819241330944,333.4781207227344,72683.00627751912
2456935.7783569,2014.7591467676932,80810.08373832439,0.4124804,89.872,336.4034,183.1437,41099.37177390685,325.79426363041716,72641.12799789566
2456946.36832083,2014.7881405087753,80814.06970638612,0.4134384,89.8299,336.3471,183.5071,41024.29372948937,315.6636168409043,72605.12401341945
2456956.95644534,2014.817129213799,80808.64115571459,0.4138789,89.8097,336.3071,183.7282,40985.513343692706,305.4087830323774,72582.00925218656
2456967.54218278,2014.846111383381,80811.85284302733,0.4151715,89.7785,336.2474,184.0985,40882.93838040841,295.28580198287887,72531.24343521272
2456975.48040138,2014.8678450414236,80816.07855824509,0.4162462,89.779,336.2052,184.2472,40798.556659474096,287.568185087487,72490.27727114287
2456982.02079861,2014.8857516731282,80824.82258125233,0.4166437,89.7734,336.1743,184.3964,40771.5331491558,281.2400976738652,72481.52910194796
2456988.71152694,2014.904069888953,80813.04465549283,0.4171766,89.7686,336.1364,184.4889,40721.597150466165,274.7001399768926,72448.6980260023
2456999.2973421,2014.9330522713215,80809.01890086765,0.418585,89.7546,336.0811,184.8699,40605.43942424797,264.5921823242579,72386.07548755202
2457008.47873803,2014.9581895633949,80824.93096950106,0.4195878,89.7413,336.0424,185.084,40533.63969885625,255.71815717787,72358.15899252602
2457017.81719681,2014.9837568701168,80806.96345039764,0.4209387,89.7562,335.9935,185.2975,40414.049004639746,246.67852675796053,72285.08911207435
2457026.99951002,2015.0088966735661,80824.33341249256,0.421815,89.7182,335.9515,185.5724,40353.28091410201,237.8610975162045,72263.53858184927
2457028.4050515,2015.0127448364135,80813.63202421185,0.422217,89.7137,335.9393,185.6321,40314.6064518452,236.52325889110057,72236.92801834279
2457038.99239747,2015.0417314099109,80808.974711584,0.4229753,89.6966,335.9019,185.8664,40250.638090259345,226.2849924320983,72200.56654894633
2457049.58005608,2015.0707188393706,80814.76544790265,0.4246754,89.6542,335.8423,186.2393,40116.586305408426,216.16281782656688,72133.29735757379
2457060.16642727,2015.0997027440658,80820.96219993195,0.4262089,89.6437,335.7979,186.4372,39996.21250375737,205.88211213630177,72073.18296812514
2457069.32845597,2015.1247870115542,80815.63372010287,0.4274875,89.6199,335.7478,186.7386,39889.82420018039,197.10307584050247,72013.4856887105
2457074.61943388,2015.1392729195888,80812.02676507461,0.4280622,89.6012,335.7251,186.8594,39841.316501557885,191.98624894799013,71985.5121081948
2457082.55564938,2015.1610010934435,80818.05188842457,0.4292362,89.588,335.6831,187.0637,39749.88210443438,184.32640636037843,71940.17326837905
2457087.84645628,2015.1754865332784,80816.27531552977,0.4296616,89.5751,335.6714,187.1295,39714.48885741875,179.16574801973434,71920.17802271004
2457102.52195594,2015.215665861574,80811.19707978953,0.4318844,89.5339,335.5929,187.5834,39531.965415702885,165.07658983332283,71819.0943623051
2457115.7594036,2015.2519080180696,80819.21541122298,0.4334837,89.4972,335.5338,187.7858,39407.26658366902,152.17271349497355,71756.36674965151
2457126.34668945,2015.280894426968,80816.223987427,0.434675,89.4873,335.4722,187.9522,39309.29552569218,141.84240629149383,71701.47837531379
2457135.46579086,2015.3058611659408,80822.67343141064,0.4360188,89.4564,335.4305,188.236,39204.33204905509,133.09648026130048,71648.07049151033
2457144.87382182,2015.3316189509108,80823.99684586561,0.43753,89.4459,335.3813,188.4082,39082.937205894035,123.94667767214935,71582.4846958765
2457155.45761341,2015.3605957930458,80840.08037512115,0.4395508,89.4496,335.3265,188.6415,38928.62207417235,113.69351450352792,71507.00576757935
2457160.75350347,2015.3750951498157,80777.23818200803,0.4396015,89.4016,335.2966,188.8101,38889.30681134003,108.61244606631749,71449.16304530596
2457168.68902787,2015.3968214315403,80850.92897102605,0.4415443,89.3945,335.2667,188.9338,38773.52583416463,100.88478464551292,71427.5901253755
2457179.27509398,2015.4258045009724,80809.33392944666,0.4422832,89.3782,335.219,189.0908,38690.586829262415,90.56017964997136,71357.74395076848
2457184.56852917,2015.4402971366735,80823.60751680781,0.4440171,89.3764,335.1843,189.3324,38558.40739565661,85.54973079753006,71292.40126434757
2457189.85914367,2015.4547820497473,80779.0254275271,0.4443683,89.3634,335.1636,189.4189,38505.25092264011,80.40096209099056,71237.25228577363
2457200.44446629,2015.4837630836141,80806.3933069885,0.4460845,89.3545,335.1196,189.5957,38381.77745183719,70.1005898989107,71183.81498843683
2457211.02654553,2015.5127352375912,80841.93388292362,0.4486818,89.3325,335.0617,189.8912,38191.49317285246,59.908214467169046,71096.98276618974
2457218.96844967,2015.5344789860915,80815.4555014108,0.4496962,89.3009,335.0306,190.055,38094.915961157276,52.2131650070902,71027.34400232391
2457229.55626736,2015.5634668510888,80799.54667024233,0.4508529,89.282,334.9849,190.2453,37992.70043527823,41.92213360799178,70960.36244396094
2457240.14189993,2015.592448733552,80834.84860568529,0.4534386,89.2224,334.9203,190.5557,37803.0717227114,31.734455921300082,70872.2371389177
2457250.72957839,2015.6214362173573,80877.39214270344,0.4555039,89.1995,334.8797,190.718,37659.28829987266,21.42066175134073,70813.73620642656
2457256.02745266,2015.6359410065977,80818.4896304459,0.455634,89.2017,334.857,190.8172,37616.70162616731,16.275437624844585,70756.11473656316
2457261.31995341,2015.6504310839423,80842.54318082299,0.4563785,89.1619,334.8305,190.8729,37569.608287773764,11.088209780743114,70742.51118964786
2457269.26289302,2015.6721776674065,80812.34182296942,0.4582041,89.1224,334.7784,191.1495,37405.65916908336,3.4839397337084392,70630.82520341926
2457271.9101227,2015.679425387269,80807.17583138838,0.4587802,89.1333,334.7705,191.1926,37356.307242028844,0.9099605831271447,70599.32047261923
2457277.20200384,2015.6939137682132,80880.74781364662,0.4602314,89.1055,334.7483,191.2799,37278.751714325095,355.75924344322834,70595.36474845525
2457282.49983799,2015.708418447611,80830.4792217814,0.4604447,89.1081,334.7238,191.3569,37234.377165652026,350.59005886003933,70541.44344884556
2457287.79301875,2015.7229103867212,80827.09595826987,0.460917,89.066,334.6974,191.4332,37194.377070471994,345.42286078037114,70516.22872511097
2457295.73381065,2015.7446510900759,80820.0495801791,0.46308,89.0248,334.6425,191.6866,37015.76472058977,337.7947075727134,70407.7765621847
2457298.382703,2015.7519033620813,80794.0151226369,0.4633877,89.0345,334.6331,191.7104,36976.92598119298,335.1982896507134,70370.49943349462
2457301.0284377,2015.759146988912,80825.88936561745,0.464291,89.0323,334.6242,191.7687,36921.02006616556,332.6399839916659,70355.32436047502
2457308.96876958,2015.7808864328,80831.42351787827,0.4653438,89.0141,334.5862,191.8687,36838.88543865943,324.8757841920735,70309.9643565822
2457311.6170329,2015.7881369826146,80797.37782596976,0.4653804,89.0064,334.5738,191.9285,36817.72551436882,322.3129862587401,70278.6040623014
2457319.55359567,2015.8098661072418,80848.17437873357,0.4678002,89.0009,334.5275,192.0555,36649.245934727136,314.5712013929855,70206.88941812441
2457324.84966456,2015.824365953621,80780.60341251489,0.4681288,88.9387,334.4931,192.2128,36586.74017373839,309.4741566964568,70132.42938413398
2457330.14075022,2015.8388521566599,80839.30418786491,0.4698259,88.9331,334.4733,192.307,36480.769042427506,304.3335236024192,70101.60158942109
2457335.43411451,2015.8533445982482,80827.68215605927,0.4703724,88.927,334.4475,192.3634,36430.43501387649,299.1468446306103,70065.11050971528
2457338.08154354,2015.8605928639017,80790.59150918771,0.470407,88.9264,334.435,192.4182,36407.99542912525,296.57976899536834,70031.28588790278
2457343.37341274,2015.875081212156,80812.63977647343,0.4712578,88.894,334.4056,192.4612,36350.916643220065,291.3775636238681,70009.20592129364
2457353.95692106,2015.9040572787408,80772.37110937074,0.4738333,88.8671,334.3456,192.7345,36121.59565779294,281.1594796532862,69849.12336028318
2457356.60313998,2015.9113022312943,80815.7406517897,0.4748451,88.8609,334.335,192.7859,36062.64590041656,278.5920967340645,69837.18386494718
2457361.8942806,2015.9257885848046,80831.09971535431,0.4757014,88.8499,334.3102,192.8438,36001.496117220675,273.41010947032873,69808.50040680841
2457364.54180448,2015.9330371101435,80795.29604337133,0.475784,88.8535,334.2988,192.8929,35976.05061067195,270.83834034835286,69773.5287844056
2457369.8319139,2015.9475206403836,80796.41172537787,0.4764707,88.8203,334.2702,192.9525,35921.152573098865,265.65526946191835,69740.78493397564
2457375.12300462,2015.9620068572758,80829.56918608089,0.4787935,88.8276,334.2371,193.1076,35750.76055198507,260.5622313807347,69654.88995495555
2457383.06385187,2015.98374771217,80804.04869793697,0.48025,88.7888,334.2005,193.2596,35619.76801075274,252.85092361876264,69560.75758980095
2457388.35513847,2015.9982344653524,80846.04365558781,0.4814567,88.7715,334.1755,193.3262,35544.03796911256,247.67729247314696,69536.90186594978
2457391.00241355,2016.0054823095138,80814.43325797451,0.4816005,88.7767,334.1642,193.3705,35516.02549371736,245.10106857502137,69502.55249164345
2457396.2953721,2016.0199736402467,80796.81355131972,0.4821533,88.7424,334.1362,193.4516,35462.2269680662,239.93728951121352,69459.8522856698
2457404.23326929,2016.0417064183164,80820.31338167918,0.484898,88.7042,334.0847,193.6701,35252.56876352971,232.28048940609392,69342.65232341693
2457409.52680648,2016.056199333278,80802.00924017555,0.4859531,88.7012,334.0641,193.7462,35157.886063683596,227.11854001992367,69273.87812166191
2457414.82152543,2016.070695483723,80867.90843313698,0.4874449,88.6767,334.0396,193.8205,35071.12259373737,221.94972585970493,69255.03016049492
2457422.7619726,2016.0924352432585,80804.64017901242,0.4880696,88.6499,334.0016,193.9572,34988.215468697905,214.2221124269787,69169.23399467696
2457430.70512641,2016.1141824131687,80848.26429177247,0.4910434,88.6077,333.948,194.1539,34770.12140984193,206.53623125925185,69055.29842932735
2457438.64290547,2016.1359148678166,80850.11398689797,0.492743,88.5775,333.914,194.2761,34633.64997065191,198.80074758605338,68969.89206771702
2457446.58495279,2016.1576590083225,80827.27566741136,0.4937588,88.5617,333.8774,194.3808,34539.96072660114,191.04095700386893,68898.2523505697
2457457.17106128,2016.1866421937855,80860.51192720032,0.4969903,88.5106,333.8103,194.5775,34295.48554634746,180.73661023719114,68759.67689782727
2457462.46952231,2016.2011485894866,80795.22052605764,0.4974341,88.4664,333.7811,194.6606,34226.786419376636,175.56820778484928,68681.14393252548
2457470.40816232,2016.222883401287,80869.84922512618,0.4995407,88.4354,333.7459,194.7584,34093.931834312185,167.80627553672412,68634.88835998792
2457475.70464208,2016.237384372566,80805.38132720481,0.499853,88.4257,333.7198,194.8473,34036.43275465751,162.64872587620152,68563.87419386006
2457483.64185808,2016.2591152856398,80857.68799332294,0.502565,88.4106,333.6708,194.9242,33843.30772695859,154.85349716967244,68466.06699918112
2457491.58483674,2016.2808619760165,80802.09759975958,0.5040798,88.3478,333.6253,195.0872,33693.256102092295,147.14218863404074,68339.19821643307
2457496.87604809,2016.2953485231758,80862.1367289037,0.5054597,88.3203,333.6007,195.1412,33611.44905655306,141.95643165673664,68316.96116592249
2457502.17162405,2016.3098470199864,80796.94606948114,0.505776,88.3215,333.5762,195.213,33553.653574243246,136.78427280491883,68245.1248689286
2457505.84449109,2016.3199027819032,80813.27560988095,0.5063516,88.2919,333.5483,195.2434,33515.20790357675,133.16669851483243,68228.37782012187
2457512.75385108,2016.3388195785897,80824.21361718983,0.5090587,88.2704,333.5087,195.3745,33301.80820470088,126.44815170774814,68093.35708616642
2457515.4032463,2016.346073227378,80779.31452911897,0.5090738,88.2348,333.4905,195.4096,33278.545620385165,123.85373814390573,68054.72318507724
2457520.69396908,2016.3605584369068,80822.17573891458,0.5109103,88.2396,333.4706,195.476,33151.15738549301,118.68556271353623,67992.39908234855
2457525.98558135,2016.375046081725,80830.23958607178,0.5117858,88.2288,333.4476,195.5191,33084.33445532237,113.49011057900964,67952.0901228887
2457528.63330935,2016.3822951659135,80794.05786667018,0.5119494,88.2312,333.4355,195.5597,33053.4521182631,110.90894027116212,67912.86531468085
2457533.92514581,2016.3967834245311,80802.0220665518,0.5127928,88.1919,333.4027,195.5939,32989.190625382915,105.69456716878403,67874.09112227541
2457539.21510826,2016.411266552389,80827.64364638928,0.5152456,88.1988,333.3736,195.6935,32803.41959921925,100.55114113999548,67762.78196295479
2457544.51051176,2016.42576457703,80763.29394172592,0.5158939,88.1527,333.3426,195.7783,32719.86695328256,95.38565226927233,67673.61435470519
2457549.79883978,2016.4402432300617,80842.94843449502,0.5179236,88.137,333.3209,195.8496,32594.341246686992,90.22293717778734,67629.60926887557
2457552.44671319,2016.4474927123615,80839.59668271316,0.5182981,88.1345,333.3095,195.8706,32562.451017296633,87.62272354983861,67606.30935235287
2457560.38381745,2016.4692233195076,80792.9251688896,0.5192256,88.1012,333.2675,195.9584,32465.033822317804,79.84550497727162,67516.46223385796
2457565.67419828,2016.4837075928272,80838.791971553,0.521713,88.1101,333.2378,196.0235,32286.006995698175,74.66656658225372,67417.84391473151
2457570.96916355,2016.4982044176593,80771.19645766745,0.5224383,88.0473,333.2056,196.1328,32195.093591357647,69.52480964264794,67321.40891158787
2457576.25985665,2016.5126895459277,80841.32316961778,0.5245192,88.0355,333.1835,196.2065,32060.360713748407,64.36176346598097,67264.41142187155
2457581.55326694,2016.527182113457,80826.03198651565,0.5252916,88.029,333.1616,196.2638,31990.660022667667,59.17983915547666,67208.68948265203
2457584.20137887,2016.534432248788,80796.10252229206,0.525542,88.0215,333.1486,196.309,31956.220910521653,56.601990436313145,67169.85005303209
2457589.49290872,2016.5489196679532,80830.33943406829,0.5267667,87.9813,333.114,196.3232,31873.471970504266,51.36611953682734,67129.91591157042
2457594.78410912,2016.5634061851329,80838.0600442189,0.5291426,87.9464,333.0801,196.4678,31685.0624734648,46.26167335215678,67003.02185226323
2457597.4338224,2016.5706607047225,80792.05323235862,0.5292361,87.9197,333.0648,196.4971,31655.845768672756,43.664046299856864,66959.62946880217
2457600.08004447,2016.5779056658996,80789.75097707112,0.5300195,87.926,333.0544,196.5283,31591.47125907938,41.07666027617688,66913.60736912717
2457608.01846613,2016.5996398798902,80852.57184734405,0.5321415,87.8942,333.0191,196.6253,31449.426685640618,33.31404323952472,66845.615238621
2457610.66815179,2016.60689432386,80816.96112383305,0.5323659,87.8908,333.0066,196.6692,31414.630579878663,30.73384341045403,66803.44947694396
2457613.31486232,2016.6141406223687,80806.98198022718,0.5327058,87.8649,332.9895,196.7049,31382.497698864674,28.143775947237145,66775.9158782514
2457616.95868178,2016.6241168563447,80819.88417060682,0.5341783,87.8375,332.966,196.7474,31269.51953815516,24.571331715896463,66702.82893572522
2457623.90398596,2016.6431320628608,80818.19162301857,0.5360819,87.7697,332.9174,196.8534,31114.885603186696,17.783257370076853,66592.70632996171
2457626.54984119,2016.6503760196858,80791.02175612023,0.5365902,87.7776,332.9065,196.8747,31061.214933799325,15.18583291312791,66541.20865639605
2457631.84340172,2016.6648689985484,80878.55923100877,0.5385507,87.7453,332.8817,196.9468,30943.218242157534,10.015660522563394,66500.55869110995
2457637.13900586,2016.6793675725116,80833.48623034394,0.539131,87.7411,332.8577,197.0058,30875.511665492384,4.831173895837878,66430.0377857743
2457639.78563964,2016.6866136608896,80810.58267021873,0.5394171,87.7209,332.8414,197.0462,30841.83621693909,2.2466820797271794,66394.70529295021
2457647.72274579,2016.7083442732105,80865.5279444324,0.5424575,87.6887,332.7887,197.1052,30621.27951951546,354.42996164420947,66263.5430272951
2457653.02045486,2016.722848610157,80790.8166045505,0.5431716,87.6128,332.7505,197.1903,30529.403184150244,349.2553003434974,66160.75687461966
2457653.99137166,2016.7255068354825,80819.12130120475,0.5433403,87.8183,332.7778,197.2036,30528.699387671775,348.33893922625646,66174.102204649
2457656.63690444,2016.7327499094863,80819.36085451732,0.5440416,87.6073,332.7382,197.2273,30472.130164248352,345.7155325849151,66133.37382984675
2457659.28190009,2016.7399915129095,80818.95161868235,0.5446954,87.8173,332.7551,197.2576,30419.104139163515,343.1557553526088,66094.82181271701
2457666.25426142,2016.7590807978647,80805.92579689731,0.546148,87.5704,332.686,197.3516,30295.794734773444,336.30851276868214,65999.04889097372
2457668.90137478,2016.7663281992611,80807.65903897598,0.5465385,87.5379,332.6648,197.3715,30265.025979302605,333.6981482660133,65977.52857794506
2457671.54743677,2016.773572722163,80840.6168683788,0.547276,87.5203,332.6456,197.352,30220.351131119925,331.0514200213041,65961.04215764464
2457676.84320231,2016.7880717380156,80835.29656153133,0.5497825,87.4836,332.6095,197.4697,30015.328829691236,325.9133743144329,65808.6257092655
2457682.13437455,2016.8025581780973,80781.5847073836,0.5507003,87.4622,332.5779,197.515,29917.00547455204,320.7119558849339,65710.48217403212
2457687.4252114,2016.817043699931,80860.4919389354,0.5524815,87.4255,332.5516,197.5762,29808.429761774467,315.53206802484397,65668.60127569988
2457695.36704232,2016.8387872479668,80786.24234775464,0.5533229,87.3974,332.505,197.6649,29707.22815179224,307.74649073197645,65558.08013183498
2457698.01288337,2016.846031165968,80811.58625941064,0.5539284,87.3712,332.4838,197.6554,29669.61728127332,305.10798025152087,65542.42916304797
2457703.30303216,2016.8605148039967,80830.707447918,0.5565207,87.3665,332.4535,197.7225,29468.609257507465,299.93067056117764,65402.225247331495
2457708.59570631,2016.8750053560852,80759.68997715026,0.5573212,87.312,332.415,197.786,29372.46634745691,294.73907180932474,65296.518463689674
2457713.88747371,2016.889493425626,80842.53604612073,0.5594428,87.2873,332.3894,197.8545,29237.625021378022,289.5662667746552,65235.03963524128
2457724.47281414,2016.9184745082543,80791.01748211592,0.5609267,87.2382,332.3249,197.9408,29095.042356230326,279.1548770284254,65103.27161830679
2457729.7638308,2016.9329605223822,80832.06542674103,0.5634325,87.2415,332.2953,197.9698,28910.51642318877,273.9393119424316,64983.20483551658
2457737.70192215,2016.9546938320325,80776.76397329816,0.5655162,87.1749,332.2439,198.0846,28718.05906282168,266.17872046830723,64810.75941671321
2457742.99216134,2016.9691777175635,80842.08798997277,0.5672336,87.1432,332.2184,198.1437,28607.603087903757,260.9981216771281,64757.099726148
2457745.63956372,2016.9764259102537,80808.17218768579,0.5675093,87.1466,332.2069,198.1728,28570.646655172764,258.4063723086251,64712.86901955216
2457753.57679839,2016.9981568744424,80822.07876820261,0.569276,87.0921,332.1494,198.2076,28433.872755355304,250.5605252006917,64614.36855957719
2457758.86896744,2017.0126460436413,80823.74157097246,0.5717639,87.0524,332.1173,198.3065,28233.50757776112,245.4112242891374,64460.485374126634
2457764.16230321,2017.0271384071452,80774.85724036195,0.5728745,87.0236,332.0847,198.3574,28122.86498621822,240.2122734277416,64351.94366128726
2457769.45295576,2017.0416234243944,80858.76585607765,0.5749206,86.9896,332.0582,198.4231,27993.259374841975,235.03686721800898,64290.01414240354
2457777.39425838,2017.063365526023,80797.84378746354,0.5760649,86.9509,332.0109,198.5153,27874.90568582274,227.25461063168564,64169.324847306576
2457782.68593225,2017.0778533394941,80856.88283186936,0.5781566,86.9333,331.9743,198.5097,27730.806067197394,221.9967977821167,64083.517231429265
2457787.98011388,2017.0923480188358,80808.30475242659,0.5797899,86.8437,331.9352,198.6182,27578.329520847656,216.84811321911116,63940.98489119058
2457795.91912656,2017.1140838509514,80866.98306338457,0.5824774,86.8088,331.8937,198.7042,27385.656722780288,209.06771365751433,63815.195028613896
2457803.86212354,2017.1358305914857,80808.61977404548,0.5836771,86.7708,331.8475,198.7974,27264.342629327963,201.28588706516325,63691.94480966229
2457814.44821378,2017.164813726981,80837.96873280939,0.5874762,86.6464,331.7653,198.8824,26969.449745939717,190.8547582868173,63469.02265876535
2457819.74381068,2017.1793122811232,80812.34182296942,0.588876,86.6373,331.736,198.9254,26845.75691962649,185.64897879566706,63357.686737510034
2457825.03895353,2017.1938095921428,80876.40222197778,0.5904474,86.5964,331.7096,198.972,26745.004508656784,180.45014682861358,63305.05546985185
2457832.9791665,2017.2155487104717,80818.3655791735,0.5915716,86.5349,331.6519,199.0452,26630.37944411691,172.6395642301719,63185.85154078838
2457838.27070671,2017.2300361580012,80867.53428353682,0.5938859,86.5268,331.6186,199.0322,26463.309604777707,167.3777831195663,63071.6759057922
2457846.21263529,2017.251779973415,80787.04860076321,0.5959956,86.4357,331.5589,199.1285,26260.186797722185,159.58660957055167,62869.15443463607
2457851.50475627,2017.266269011006,80869.88064435017,0.5978182,86.3917,331.5312,199.1743,26146.257863329913,154.38865603780596,62812.172929102875
2457862.09163175,2017.2952542963726,80826.2630337059,0.5995206,86.3196,331.4535,199.226,25991.117023980718,143.9279533058459,62664.428361396036
2457867.38381682,2017.309743509432,80841.70129682345,0.6022154,86.2993,331.4221,199.2636,25779.4475136764,138.71803660441583,62495.13721475223
2457872.67918343,2017.3242414330734,80763.13593959129,0.6031149,86.2439,331.3804,199.2993,25675.54898369828,133.49278409359738,62373.68867847448
2457880.61471883,2017.345967744915,80835.98134679388,0.605618,86.2089,331.3425,199.3657,25502.11969551127,125.69981183059099,62260.13196873156
2457885.90944289,2017.3604639093496,80778.16525877792,0.606334,86.183,331.3054,199.4193,25421.480904762066,120.49769263411622,62166.868289847494
2457896.49057229,2017.3894334628064,80800.1437692153,0.6101939,86.0787,331.2269,199.4603,25118.25262211712,110.0311533897044,61919.50166232327
2457904.42766716,2017.4111640442438,80830.53627816452,0.6128732,86.0497,331.1808,199.5165,24913.53055164974,102.21824407222744,61757.78694481131
2457907.07502046,2017.4184121025598,80839.10586359492,0.6134089,86.0363,331.1698,199.5327,24873.542558823603,99.61414307849248,61727.1932270592
2457917.65805431,2017.4473868701161,80822.84883775531,0.6155979,85.9734,331.0932,199.5627,24690.3365212157,89.13662675821274,61562.52980509738
2457920.30359096,2017.4546299547155,80840.66538150584,0.6170621,85.9793,331.0819,199.5697,24578.818335796546,86.52481630238788,61473.77848799801
2457925.59652773,2017.4691212258183,80767.55602058792,0.6184225,85.8849,331.0388,199.6372,24440.94580744589,81.33235870543149,61322.86896145591
2457930.88701404,2017.4836057879254,80819.41646536162,0.6206805,85.8763,331.0101,199.6823,24278.24434393274,76.1343163468174,61203.22756442584
2457933.5335374,2017.4908515739903,80849.53023681021,0.6214526,85.8523,330.9975,199.7066,24227.243162365885,73.53753336349394,61171.433515019584
2457938.82621218,2017.5053421278024,80787.18962588297,0.622192,85.8402,330.9695,199.7592,24143.910238175595,68.34553399111644,61071.92215644436
2457944.11742609,2017.5198286819711,80821.95327712476,0.6234963,85.7765,330.9204,199.7549,24051.6281500646,63.07697449040563,61005.593611052616
2457946.76355602,2017.5270733908826,80850.97036306221,0.6248617,85.7806,330.9065,199.7481,23952.159275349542,60.448179282265414,60930.1932338473
2457952.05841518,2017.541569925202,80796.75940427036,0.6265658,85.6818,330.8655,199.8206,23794.136910726178,55.260926927238984,60767.51824324019
2457957.34914897,2017.5560551648737,80813.53222780308,0.6284826,85.6694,330.8332,199.8595,23645.49707808961,50.05284064548994,60642.461570950436
2457959.99357831,2017.5632952178237,80861.26863488645,0.6294673,85.6404,330.8188,199.8885,23583.60789270979,47.46102158345002,60607.26128688907
2457962.64374275,2017.5705509726213,80848.78522144149,0.6299156,85.6308,330.8075,199.9123,23542.73786940604,44.861449856329386,60565.518428336865
2457967.93645263,2017.5850416225323,80799.23886219304,0.6307473,85.589,330.7669,199.9651,23457.200807809706,39.65701588831962,60468.25952882676
2457970.58209238,2017.592284989405,80827.43398343504,0.6314034,85.5503,330.7404,199.9557,23414.581053018614,37.013503814225146,60441.81126163083
2457975.87318254,2017.6067712047634,80866.55180442629,0.6340727,85.521,330.7064,199.9714,23213.142662103834,31.780166285180258,60276.71869627052
2457978.5248832,2017.6140311655029,80831.93276453133,0.6346548,85.4475,330.6805,200.0055,23153.422342244252,29.174780418942078,60208.37977737268
2457983.81646609,2017.6285187298831,80807.0689280307,0.636159,85.4303,330.6465,200.0369,23022.788465843616,23.95665724208277,60079.69525681221
2457989.10836,2017.6430071457905,80873.5911836771,0.6378343,85.3818,330.618,200.0862,22911.50446255025,18.761627515444957,60005.87110323396
2457991.75892898,2017.6502640081594,80833.02688740988,0.6381809,85.3758,330.6035,200.1149,22868.796738678444,16.163357062624755,59950.21630274767
2457997.05141988,2017.6647540585345,80825.9335780286,0.6391493,85.3007,330.5506,200.1424,22787.958409785126,10.921538927531174,59873.43780915832
2457999.69746259,2017.6719985286516,80863.31754550073,0.6400759,85.284,330.5295,200.116,22726.520490578558,8.266029685475019,59832.506607061776
2458007.63905301,2017.693741418234,80800.72377806365,0.6428051,85.1646,330.4645,200.1731,22483.47014983307,0.4306894358123827,59583.30107856383
2458007.64039127,2017.6937450821906,80800.4059832286,0.6428019,85.1647,330.4643,200.1729,22483.615196437888,0.42897041133699076,59583.30543257625
2458012.9310224,2017.708230040794,80850.70202942453,0.6448754,85.14,330.431,200.2183,22333.936917918574,355.22648531413233,59465.22800957706
2458018.22504643,2017.722724288651,80843.85741982912,0.6459403,85.1099,330.4043,200.2598,22245.415604907466,350.023356085635,59380.19811658842
2458020.87344725,2017.7299752149215,80807.99543554377,0.6463337,85.0888,330.3814,200.2902,22200.92845610565,347.4205226282296,59324.264216001255
2458023.5209499,2017.737223682136,80812.02533948026,0.6468154,85.0415,330.3508,200.3001,22163.426544714195,344.7903744310637,59290.94589868996
2458026.16739318,2017.744469248953,80845.4071774461,0.6475385,85.01,330.325,200.2758,22116.75718187342,342.1318703769273,59260.876564411126
2458031.46221133,2017.7589656709924,80858.33185139034,0.6502621,84.9543,330.2855,200.302,21901.08687920837,336.89985844275486,59063.921289170365
2458036.75387738,2017.7734534630524,80773.13572378983,0.6512134,84.8972,330.2397,200.3185,21794.45108043919,331.65495330109445,58929.331190042525
2458039.40031862,2017.780699024284,80816.37512040733,0.652439,84.8805,330.2218,200.3484,21710.483853223894,329.0585512576971,58867.35128189016
2458047.33981384,2017.8024361775226,80798.31830561365,0.6540617,84.8286,330.1735,200.4149,21573.096577502867,321.251376091884,58729.95471612359
2458052.63307399,2017.8169283339898,80816.3594367633,0.6551247,84.7448,330.1132,200.4192,21493.42990566158,315.9781997636792,58661.38569759924
2458057.92297485,2017.831411293224,80846.29767950957,0.6577549,84.7198,330.0791,200.4119,21291.11293395352,310.7229344393745,58479.99315002186
2458060.57246022,2017.8386651888302,80807.82723682225,0.6584017,84.6337,330.0449,200.4422,21225.68011079218,308.107632021163,58402.03280136553
2458065.86346901,2017.8531511814106,80774.53827586061,0.6599811,84.6292,330.0085,200.4612,21086.73335256602,302.87527469218674,58255.263456683635
2458071.15439267,2017.867636940917,80837.56639498238,0.6615733,84.5746,329.9773,200.5031,20979.454531084783,297.67110126990576,58176.42311297526
2458076.44890719,2017.8821325316633,80767.7681427413,0.6623665,84.5442,329.9344,200.5532,20891.76794522225,292.4598886012295,58064.13667792309
2458081.73715654,2017.8966109693092,80825.2575626055,0.6638723,84.4821,329.8808,200.5191,20789.471626426195,287.1599510487173,57987.236085033
2458084.38304465,2017.9038550161529,80840.44136561542,0.6653531,84.48,329.8675,200.518,20674.866797634968,284.53769418495597,57881.40165584226
2458094.9656792,2017.9328286904856,80807.90848524793,0.6690246,84.3525,329.778,200.5968,20367.293534068333,274.09647142514996,57566.91848131729
2458097.61291522,2017.9400764277077,80837.5849423608,0.6697542,84.3212,329.7627,200.6177,20318.136609357898,271.4928860252603,57529.85020363176
2458105.55150244,2017.9618110949764,80777.37061991803,0.6711419,84.2546,329.6954,200.6715,20186.156325062067,263.6549058085011,57376.06789990318
2458110.84002361,2017.9762902768236,80842.95271537077,0.6733564,84.2247,329.6541,200.6339,20028.69680957849,258.36350034351426,57244.67354687618
2458116.13415932,2017.990784830445,80782.21565727047,0.6751299,84.1093,329.6036,200.6806,19865.59017879903,253.14166103980267,57058.51506093329
2458126.71700258,2018.0197590761943,80830.19679416767,0.6786526,84.0433,329.5345,200.7589,19596.437281294115,242.72013257007757,56805.97119293013
2458132.01046517,2018.0342517869126,80784.21540829018,0.6796309,83.9877,329.4841,200.8021,19502.630084560056,237.49555671149983,56693.69773217511
2458137.30172447,2018.0487384653532,80853.13852343337,0.6815837,83.9361,329.4349,200.7698,19366.820912019117,232.1988524728838,56581.725310233815
2458142.59672923,2018.0632353983028,80819.69879881603,0.6836955,83.8223,329.3859,200.8129,19185.4981187101,226.9740566109548,56384.09464856872
2458150.53323285,2018.0849643609856,80858.74301358048,0.6865108,83.7561,329.3247,200.8642,18970.206360332937,219.14173004515294,56177.47934420509
2458155.82782052,2018.0994601520053,80820.23495398133,0.6875168,83.7199,329.2917,200.9161,18876.829343171936,213.94214527811152,56066.790553260485
2458163.76802807,2018.1211992554968,80864.14000187612,0.6896367,83.6055,329.205,200.9104,18719.12504264428,206.02366802113954,55919.566742104296
2458174.35661684,2018.1501892315955,80792.75134959914,0.6932915,83.453,329.1099,200.9564,18401.687277308534,195.5381766256437,55561.851165267675
2458184.94426376,2018.1791766290487,80806.84942091127,0.6960555,83.3396,329.0274,201.0513,18182.661143814163,185.11511354250524,55336.3690789972
2458195.53001333,2018.2081588318406,80869.5793066864,0.69998,83.1574,328.9141,201.0373,17884.354883592052,174.55422053734867,55042.23392433525
2458200.82635193,2018.222659416646,80781.537707095,0.7009975,83.0915,328.8628,201.0409,17775.74542826567,169.2863100074693,54894.44500745084
2458208.76511665,2018.244394569884,80850.65635583558,0.7034481,83.014,328.8075,201.0951,17598.27945857012,161.46055484174633,54728.65305063282
2458216.70636637,2018.2661365266802,80833.10249309633,0.7049755,82.8861,328.7108,201.111,17469.6093464745,153.55265039510527,54583.49961210223
2458221.99969018,2018.2806288574407,80862.83636110296,0.7076005,82.833,328.6683,201.0927,17266.116620568326,148.27461132138478,54373.20248390065
2458349.01220613,2018.62837017421,80799.36284008254,0.7450477,81.1036,327.4348,201.4062,14221.847094613577,22.167737284407508,50864.785137767714
2458351.65887165,2018.6356163494872,80821.41709346109,0.7456014,81.0307,327.3914,201.4034,14182.719058592573,19.512914184578563,50824.7109317481
2458356.95014734,2018.6501030727998,80890.77118501792,0.7478235,80.9654,327.3384,201.3616,14020.615259738674,14.202893792124314,50650.75692954832
2458362.24771634,2018.6646070262555,80821.07200123226,0.7492176,80.7983,327.2633,201.3718,13890.366107041826,8.916570548070467,50470.044553345826
2458367.53904985,2018.679093907871,80833.6160458341,0.7510013,80.7508,327.2138,201.3867,13749.329011711832,3.6666931664772164,50301.693441167845
2458372.83178571,2018.6935846289118,80856.34035850386,0.7522868,80.6782,327.1687,201.4227,13651.046510494138,358.44093359172507,50188.27564607398
2458378.12871246,2018.7080868239834,80810.45864928578,0.7531843,80.5646,327.0899,201.4536,13567.153618844522,353.17224336597997,50070.515192845676
2458380.77479392,2018.7153314001919,80854.69443579343,0.7538761,80.5081,327.0522,201.4293,13522.136427845775,350.5021959309008,50028.91309541055
2458386.06704298,2018.729820788446,80884.695351054,0.7563885,80.4069,326.9919,201.4108,13326.30566151329,345.20721615946366,49795.619229798256
2458391.36227073,2018.7443183319099,80782.14871617906,0.7573422,80.2938,326.9223,201.4024,13224.282186740837,339.91010051244564,49636.53471851375
2458394.00787633,2018.7515616052842,80802.03346777939,0.7583733,80.2705,326.8965,201.415,13145.792400109089,337.28932209768686,49544.69387444715
2458396.65476771,2018.7588083989317,80864.90250615554,0.7592846,80.2138,326.8681,201.4307,13087.291052730236,334.6677763846069,49490.94747841094
2458401.949859,2018.773305568788,80802.86434306689,0.7602169,80.1606,326.8188,201.4681,12997.025001060045,329.43689523632656,49358.38065854011
2458404.59582523,2018.7805498295133,80785.25094053612,0.7606617,80.0899,326.772,201.4844,12956.868325181315,326.79846137517393,49302.4097017201
2458407.24236803,2018.787795668802,80821.35292313974,0.7612334,80.0181,326.727,201.4687,12919.303344858143,324.12925923131365,49266.22116155327
2458412.53220271,2018.8022784468444,80867.06446058795,0.7636812,79.9435,326.6707,201.4315,12732.271332848797,318.82195913600185,49043.580454012146
2458415.18155917,2018.8095319895144,80833.61319274081,0.7643871,79.8273,326.6197,201.4405,12667.305721819923,316.16868377482035,48950.75395202881
2458420.47319428,2018.8240196968657,80761.74099931883,0.765679,79.7881,326.5655,201.4322,12546.03561270139,310.8906091283717,48774.20770104377
2458423.11814284,2018.831261171362,80823.77294543169,0.7667276,79.7339,326.5345,201.451,12475.819192035922,308.27147830966373,48703.25070600807
2458425.76483186,2018.838507410979,80850.33949708834,0.7673304,79.6918,326.5111,201.4625,12433.279850651748,305.6509320475559,48656.76311944283
2458428.41179733,2018.8457544074738,80797.51319635358,0.7677303,79.6792,326.489,201.4813,12388.67785086309,303.03871330945367,48583.47809706492
2458433.70436938,2018.8602446800278,80785.37059151752,0.7686805,79.5426,326.3968,201.5009,12309.095232544538,297.74961519000726,48477.40553727195
2458438.99264945,2018.8747232017795,80849.9855324292,0.7709376,79.4796,326.3401,201.4499,12141.55542602351,292.42964735937585,48280.27090325946
2458441.64116518,2018.881974442656,80827.94316725389,0.7719581,79.3742,326.294,201.4609,12054.021432952597,289.7841006438131,48159.964206281875
2458449.5763955,2018.9036999192333,80783.50465639407,0.7742411,79.2673,326.2008,201.4645,11859.458849372402,281.87332907598955,47892.75742012656
2458452.22243919,2018.9109443920327,80835.56476736476,0.7750286,79.2073,326.1713,201.4814,11807.55387550473,279.25271886826465,47840.154300722425
2458457.51478036,2018.9254340324703,80751.95960535952,0.7758869,79.1576,326.119,201.5178,11719.435698231895,274.02054831066175,47699.576735233815
2458468.09489474,2018.9544008069536,80837.8075117315,0.7796962,78.9132,325.9641,201.4788,11430.739878503,263.39860949670765,47342.73068457667
2458476.03551352,2018.9761410363308,80766.44418161327,0.7819275,78.7736,325.8615,201.48,11234.80409879486,255.47072692096071,47060.26334849293
2458481.32348423,2018.9906187111017,80833.28223562671,0.7834658,78.6681,325.803,201.5186,11125.033802265641,250.2388640034285,46932.20383354684
2458486.61844759,2019.0051155307053,80761.89472447727,0.7844064,78.5718,325.728,201.5553,11033.611326471068,244.98170894605028,46788.34894323496
2458494.55341881,2019.0268402979057,80864.33419601659,0.7875434,78.3969,325.6148,201.512,10802.025204549418,237.00429275399074,46503.605702636705
2458494.5555866,2019.0268462329916,80861.60844522998,0.787537,78.3968,325.6148,201.5119,10801.963615098894,237.002056122996,46502.74349487469
2458690.38215484,2019.5629901569885,80803.57837131331,0.8393954,73.3254,322.3222,201.6025,6599.290082893425,40.78824348414537,40255.101227023515
2458693.02821139,2019.5702346649969,80777.47172879537,0.8400976,73.2925,322.2837,201.5961,6538.375295366528,38.13532060110026,40150.21539050895
2458700.96616289,2019.5919675917596,80848.84944622828,0.8420004,73.0804,322.142,201.6414,6395.949572964291,30.21506696654228,39935.31417193473
2458703.61438356,2019.5992180248054,80786.06856440572,0.8423544,73.0046,322.086,201.6614,6357.431950476883,27.56891107008846,39857.566235080616
2458706.2623145,2019.6064676646129,80798.99518289973,0.8427297,72.8758,322.009,201.6675,6329.145912113194,24.88814073939602,39814.320050864546
2458714.19952575,2019.628198564681,80894.6499127208,0.8455139,72.5612,321.8241,201.6372,6118.962675881572,16.8498167148,39490.72202583998
2458719.49582193,2019.642699033347,80796.19656531386,0.8463843,72.3988,321.7129,201.6236,6033.427992718287,11.504847995069781,39326.11392500783
2458722.14206469,2019.6499440511707,80825.99347881113,0.8472118,72.3335,321.6628,201.6308,5971.121756839293,8.853741578522204,39229.422382718745
2458727.4374684,2019.6644420763866,80884.51675137308,0.8483081,72.179,321.5595,201.659,5891.38972659761,3.5593525008052893,39109.87245207695
2458732.73102489,2019.6789350441895,80797.79533855492,0.8489695,71.9815,321.4246,201.6934,5824.795128879616,358.2413840917884,38978.47882882825
2458740.67024936,2019.7006714561537,80903.93702434827,0.8515802,71.6604,321.2246,201.6572,5629.609852366364,350.1800757846594,38673.89088853831
2458745.96491105,2019.7151674498293,80801.55746994822,0.8523824,71.4491,321.0886,201.6487,5549.595689975829,344.8170180614409,38515.050084499824
2458751.25591716,2019.7296534350714,80871.52591180842,0.8538428,71.2996,320.978,201.6641,5441.819486997365,339.5068633742849,38347.27984113594
2458756.55219953,2019.7441538659273,80819.26104042135,0.8546522,71.1695,320.8705,201.6946,5368.765489850955,334.2097082661687,38210.61121809473
2458761.84491286,2019.7586445252844,80822.18714725274,0.8553731,70.919,320.7069,201.7153,5310.926078327007,328.8501708976655,38112.041942765936
2458769.78346798,2019.7803791046683,80859.29980404454,0.8579425,70.5464,320.4785,201.7001,5108.533681913053,320.78212231940756,37770.8285328636
2458772.43121149,2019.7876282313216,80796.58841418369,0.8582516,70.4685,320.4149,201.6907,5074.650833169075,318.0994367242539,37698.17008653688
2458777.72253384,2019.8021150823824,80820.3361970452,0.8596881,70.3403,320.3037,201.704,4961.918630446189,312.7862703422878,37506.95978060296
2458783.01577531,2019.8166071877067,80816.69449808628,0.8605579,70.2116,320.1962,201.7316,4891.113295871597,307.48921242558527,37382.22463547294
2458788.31008932,2019.8311022294865,80771.06119748604,0.8611813,69.9639,320.0257,201.7732,4834.3974130554525,302.1420973848601,37272.71420830247
2458793.59917297,2019.8455829513205,80866.50610844971,0.8631308,69.7844,319.8925,201.7421,4689.997697858627,296.76473752461845,37038.54047908586
2458801.53566382,2019.8673118790414,80740.21816004835,0.8646898,69.4548,319.6654,201.749,4546.838767279778,288.72212354509554,36756.97033330781
2458809.47235397,2019.8890413524166,80820.55579576638,0.8664778,69.2237,319.4865,201.7951,4413.202115073482,280.7667131300211,36534.93125995778
2458814.76697394,2019.903537231869,80730.89121382254,0.8671149,69.002,319.3234,201.8481,4349.796252037928,275.43809652712343,36401.89031303727
2458820.06314718,2019.918037363942,80847.19106038667,0.8688371,68.8044,319.1767,201.8224,4226.015736334388,270.04564898091303,36202.67198721559
2458825.3477287,2019.9325057596166,80798.53490480284,0.87015,68.467,318.9832,201.8508,4113.553457388651,264.67192653807547,35987.928984486774
2458833.28313634,2019.9542317216697,80819.9968201374,0.8721717,68.2381,318.7884,201.8796,3952.9464995235703,256.68458019890784,35698.18041311161
2458841.21426438,2019.9759459668167,80727.82690864775,0.8732566,67.9669,318.5757,201.952,3853.582957013501,248.72715194597401,35495.969906295664
2458849.15931402,2019.9976983272281,80859.94512190773,0.8757769,67.5668,318.3084,201.9569,3666.536748873259,240.63390219787652,35175.341767242935
2458854.45152568,2020.0121876130863,80774.68209428615,0.8766237,67.275,318.121,201.9774,3587.5451104692766,235.2508592889145,35010.20476983012
2458910.02721249,2020.1643455509648,80808.45727382248,0.8879083,64.6336,316.1606,202.3537,2679.8210502001293,178.8899016527032,33270.498058203746
2458925.91384032,2020.2078407674742,80835.54051461813,0.8902063,63.8866,315.537,202.5386,2497.0967845998275,162.7929237092784,32912.89873620298
2458981.48320545,2020.3599813975352,80814.16807876537,0.9000139,61.0712,313.1017,203.2255,1702.15719094024,106.27389688729295,31283.405554220237
2459007.93925915,2020.432414124983,80779.34586048133,0.904522,59.6136,311.8065,203.7147,1334.5140840670329,79.39211500609588,30497.599032631042
2459013.22633329,2020.4468893450783,80850.47937128773,0.9063353,59.2129,311.4914,203.8169,1194.6995951678573,73.96813577178852,30208.251711563207
2459018.51999448,2020.4613825995348,80751.49857389591,0.9068922,58.8901,311.199,203.9183,1140.458078918582,68.55956416748825,30073.649767121777
2459021.16483385,2020.4686237750861,80745.3080141408,0.9075192,58.7884,311.0814,203.9664,1089.2543813941547,65.88324096897543,29961.087914703374
2459023.80968111,2020.4758649722385,80799.87585709454,0.908056,58.6278,310.9352,204.0384,1050.927485804702,63.20220999416756,29886.573644349
2459026.45579086,2020.4831096259004,80846.7472211152,0.9083617,58.4977,310.8062,204.101,1030.5221758727175,60.52773467586428,29849.787653102758
2459029.10298143,2020.4903572386859,80793.33122579311,0.9086318,58.4136,310.6954,204.1559,1003.8049461045111,57.86269407308805,29782.200720056688
2459031.74909231,2020.4976018954421,80724.59797177614,0.9088436,58.2422,310.5353,204.2407,980.4274425544163,55.179317640869385,29719.312223849218
2459039.68633605,2020.519332884462,80870.50760706367,0.910611,57.6312,310.0122,204.44,850.7975044878185,47.032361593617,29457.35842937297
2459042.3326779,2020.5265781735793,80846.58738338393,0.9109372,57.3483,309.7954,204.5399,822.2871428088456,44.307157511432024,29390.05591336391
2459044.97976155,2020.533825493635,80793.56916326167,0.9111604,57.2073,309.6454,204.5949,799.5320670365027,41.60312229138117,29330.656522820147
2459047.6257472,2020.5410698075293,80764.35015602429,0.9116759,57.1092,309.515,204.6473,755.3022396157057,38.917169289427875,29227.213313593387
2459050.27129814,2020.548312931252,80804.10713293486,0.9122194,56.956,309.3572,204.7286,714.8967065933011,36.233144749251665,29143.376898669627
2459052.91782118,2020.555558716441,80867.27152457244,0.9125348,56.8005,309.1978,204.813,694.9357773510346,33.54966208124006,29108.972113783573
2459055.56338768,2020.562801882765,80851.16733278768,0.9127528,56.696,309.0644,204.8823,675.9016665171903,30.87802220464846,29063.596047718995
2459055.8348496,2020.5635451049973,80822.71906549002,0.9127697,56.6779,309.0578,204.885,672.0537308984121,30.606562201021234,29050.300440455725
2459058.4798173,2020.5707866318962,80804.78270619112,0.9130373,56.5318,308.8946,204.9761,648.8657770436821,27.927512517352284,28995.22401900019
2459058.48116857,2020.5707903314715,80804.17126902977,0.912738,56.4689,308.8542,204.9954,672.997293278072,27.90508067022938,29049.389400791795
2459061.12440449,2020.5780271170158,80799.57802122665,0.9131138,56.3009,308.6789,205.0765,642.2319958679054,25.205637874339118,28979.441512024805
2459063.76407095,2020.585254129911,80824.89103694611,0.9139101,56.1068,308.499,205.123,580.070486881591,22.47051323205028,28843.26409310852
2459066.40477386,2020.592483980451,80825.28893853596,0.9144014,55.7879,308.2452,205.2545,540.3952777341619,19.7454670375962,28753.44802916261
2459069.04814308,2020.5997211309514,80807.42955010597,0.9145732,55.5944,308.044,205.3461,524.9838226909942,17.030492857524564,28715.583333094513
2459069.04833179,2020.5997216476117,80793.30985424994,0.9147331,55.6152,308.0631,205.3507,510.85877201134645,17.05400685982363,28681.213693454625
2459071.69193374,2020.6069594352907,80805.77186212759,0.9149345,55.4234,307.8595,205.4436,495.6470863378154,14.337703295345818,28648.622483023468
2459074.33545981,2020.614197015223,80806.28640621887,0.915503,55.3458,307.7174,205.4992,449.7524824662796,11.645674519704926,28544.081838221013
2459074.33555154,2020.6141972663652,80812.60271033771,0.9153769,55.3215,307.7052,205.5067,460.4766604171755,11.640884108516502,28569.57410768437
2459076.9783164,2020.6214327622183,80813.07459393155,0.9157945,55.1863,307.5411,205.5964,426.7690527193072,8.961705601445942,28492.640929867408
2459079.62043114,2020.6286664781385,80764.60780922588,0.9159616,55.0516,307.3684,205.7064,409.1921169148445,6.294867870161966,28444.66649582909
2459082.25378097,2020.6358761970428,77445.38069576623,0.9131889,54.9668,307.2269,205.888,344.98238811823376,3.7394690645910487,27763.33176514173
