jd,year,a_km,e,i_deg,raan_deg,argp_deg,hp_km,azimuth_deg,lambda
2442939.50240992,1976.4394316493363,24932.680380488895,0.7367669,26.0,80.093,181.5149,184.97044786527113,182.9525062389194,15941.534772129402
2442992.57852991,1976.584746146229,24721.343646723668,0.7330004,26.0763,60.7317,214.2856,222.45256513776076,144.0486873575187,15915.49784372201
2443007.32877279,1976.6251301103075,24709.789801723025,0.7327015,26.1209,55.3523,223.5522,226.75344931586187,133.39766028931479,15916.664575957104
2443037.26756243,1976.7070980490894,24693.932819713376,0.7319227,26.048,44.4602,241.7041,241.74653669014788,111.14900232783168,15928.824110614141
2443041.73504551,1976.7193293511564,24692.989595271236,0.731274,26.0809,42.775,244.487,257.5120219788587,107.84343358369216,15946.815002166573
2443058.70657349,1976.7657948623958,24683.796937585306,0.7310477,26.1093,36.6116,254.8929,260.62765909652535,95.35834953752419,15947.356637510393
2443083.25766633,1976.8330120912522,24670.026622411853,0.7309167,26.074,27.5931,270.0348,260.15587464643613,77.28354714921949,15942.206332788377
2443092.18046677,1976.8574413874612,24664.26301917843,0.7311941,26.0301,24.3092,275.4946,251.76311870697646,70.66490051397642,15930.54922284384
2443101.10013714,1976.8818621140044,24656.27916142266,0.7313326,26.0934,21.0334,281.029,246.20211597360594,64.13203895838728,15921.430962983924
2443138.50291073,1976.9842653271182,24600.631477952244,0.7324805,26.1356,7.1519,304.3556,203.01233266604595,36.71198223740731,15852.68068548844
2443152.70719304,1977.023154532621,24561.50308552006,0.7317873,26.1382,1.8968,313.2842,209.5707586256658,26.385368256437175,15847.264461956542
2443166.42775828,1977.0607193929643,24503.70072478573,0.7322477,26.1698,356.7449,321.9571,182.78592757304705,16.383018532873166,15796.85577307543
2443202.42423573,1977.159272377084,24291.53384521332,0.7295635,26.1697,343.2568,345.0123,191.18109273103073,350.47104424972486,15735.644984405833
2443206.34679706,1977.1700117647097,24273.104589499755,0.7294714,26.1534,341.7308,347.5546,188.4327022509433,347.62116470450405,15726.287976496798
2443220.25164222,1977.2080811559758,24198.181752506356,0.7283514,26.104,336.3635,356.7057,195.26589561389846,337.6999838486854,15708.986722311975
2443230.2108509,1977.235347983299,24161.245817436546,0.72803,26.091,332.5718,3.0762,192.99772496821788,330.46272601228145,15693.94241900914
2443236.26406319,1977.2519207753326,24141.455971539068,0.7274745,26.0688,330.2814,6.9302,201.02605937166936,326.06012088029223,15696.497950023078
2443249.20875401,1977.2873614072828,24101.265799738732,0.7266295,26.054,325.279,15.5133,210.43878230747578,316.88219337820095,15693.72455602712
2443258.25562147,1977.3121303804792,24085.585569032006,0.7256271,25.9862,321.7422,21.5535,230.29566077346226,310.4687630274706,15711.136070892793
2443274.17452829,1977.3557139720467,24063.993712590145,0.725326,25.965,315.6988,31.6112,231.61710901198512,298.7929700631926,15705.326646654656
2443289.21398433,1977.3968897586042,24048.254243501873,0.7246109,25.9345,309.775,41.4914,244.49079268916284,287.926086902487,15714.667508928878
2443313.2560899,1977.4627134562631,24034.549996159607,0.7238773,25.8707,300.5019,57.1824,258.3485382245817,270.6474557452267,15725.782304081244
2443324.84115,1977.4944316221772,24029.29276662036,0.7238123,25.8673,296.078,64.6058,258.4588018395152,262.22841601620456,15724.118496611445
2443354.85791976,1977.5766130588913,24017.155573420532,0.7234631,25.7924,284.3493,84.2811,263.49344909143565,240.58969879913093,15725.707305926482
2443368.14268263,1977.612984757372,24010.703448465178,0.7237418,25.8081,279.155,92.9375,255.01741540678267,230.95798734609912,15713.878578867536
2443382.70526317,1977.6528549299655,24001.711989539675,0.7238157,25.7959,273.5631,102.4596,250.75972463262406,220.53492521237104,15705.977599175974
2443403.67466136,1977.7102660133066,23987.436723918006,0.7239704,25.8214,265.1786,116.2876,243.1062639283973,205.31043520964357,15692.416260631473
2443417.77867442,1977.748880696564,23970.0136377709,0.7233561,25.7948,259.5258,125.8699,253.02175580612948,195.33864923699093,15697.753132121159
2443426.74512168,1977.7734294912532,23960.376149491505,0.7232448,25.818,256.067,131.7681,253.02239332775116,188.940483148878,15694.469522315194
2443433.57165871,1977.7921195310337,23950.163788680242,0.7230934,25.8068,253.3643,136.2373,253.8221241665642,183.97856882790802,15691.895850682045
2443953.1681515,1979.2146971978102,21560.32349995575,0.6931946,25.8077,26.8667,158.5489,236.68737553332357,187.66460878833433,14829.406575073037
2444109.74806771,1979.6433896446545,20487.456670037423,0.6777273,25.8924,306.9314,294.4402,224.41167718596898,89.29132792435348,14417.339571794835
2444114.811975,1979.6572538672142,20479.13674992762,0.6778097,25.91,304.4687,298.7395,220.04291320020548,86.13680780291361,14409.783404980579
2444129.64331205,1979.6978598550309,20445.146149775395,0.6769864,25.8837,296.6418,311.8371,225.92396036508944,76.78935218888182,14402.820940742144
2444130.65322214,1979.7006248381654,20442.56596860713,0.6769521,25.8962,296.1302,312.7098,225.79170677000002,76.15505826044296,14401.708789793092
2444132.67255783,1979.7061534779737,20437.700734343754,0.6768646,25.8946,295.0839,314.4859,226.00830187246174,74.89454792948231,14400.080256975507
2444134.69118037,1979.7116801652835,20432.815296693854,0.6766481,25.8861,294.0233,316.3082,228.85334853502172,73.66664049792121,14401.086522458903
2444141.75037554,1979.7310071883367,20414.488536656205,0.6766462,25.8799,290.3792,322.4471,222.96614338422387,69.20371219877165,14388.208781432564
2444143.76551437,1979.7365243377687,20409.358723461875,0.6764132,25.8907,289.3384,324.2409,226.06277937711184,67.9705384032319,14389.37250944169
2444152.48630226,1979.7604005537573,20380.638041509348,0.6757949,25.8615,284.8594,331.933,229.37049431134255,62.58820064738188,14381.774190849887
2444152.48643286,1979.7604009113213,20380.654844138135,0.6757835,25.8516,284.8267,331.9661,229.60828127451168,62.58847192429744,14382.019113019585
2444157.84415453,1979.775069553813,20360.77462441095,0.6759553,25.8718,281.9819,336.6996,219.6648049348587,59.1964606273134,14364.480611331728
2444159.51693568,1979.7796493790008,20354.423190820882,0.6758563,25.8682,281.1066,338.1855,219.62174443848744,58.15832355969212,14362.021672064226
2444165.19774863,1979.795202597207,20331.550585164157,0.6754306,25.8511,278.1803,343.2006,220.86287449637985,54.64796500549426,14354.56178594844
2444171.86796941,1979.8134646664203,20301.575277676668,0.6750326,25.8164,274.6862,349.1566,219.21383389086532,50.53552008867848,14341.4922731524
2444175.86316447,1979.8244029143602,20280.537376035194,0.6746329,25.8279,272.5721,352.7276,220.48333248218114,48.0546508303255,14334.742307826564
2444179.51829465,1979.8344101154007,20261.606014891582,0.6747286,25.8166,270.6611,355.9529,212.3846547122057,45.76635845572355,14319.421579808453
2444183.8330787,1979.8462233503083,20239.255997998393,0.6745613,25.7922,268.3715,359.8238,208.500860955799,43.09489388900033,14307.012951075012
2444191.44614822,1979.8670667986858,20186.180827183853,0.6736874,25.761,264.2833,6.7463,208.8688497885123,38.425552473116284,14287.115437969433
2444194.41484408,1979.8751946449825,20164.169779517215,0.6734311,25.7542,262.6987,9.4561,206.85444431018004,36.62472780628349,14276.691639887398
2444197.70969156,1979.8842154457493,20140.740515889058,0.6729995,25.7474,260.9058,12.484,207.8959190659807,34.612239530287354,14268.766190073682
2444213.11351818,1979.9263888245855,20019.661637142384,0.6714761,25.7148,252.4832,26.6917,198.8010177144006,25.21492314921403,14213.305773968716
2444215.06930622,1979.9317434804104,20000.528176506614,0.6712255,25.7072,251.4189,28.5098,197.5273509668732,24.041047052227043,14204.69303615924
2444220.92064732,1979.9477635792468,19941.600643544403,0.6701769,25.6919,248.1695,33.9833,199.06424321581108,20.49791147117338,14183.548427463169
2444224.80535725,1979.9583993353865,19900.772446698607,0.6693397,25.7011,246.2028,37.4921,202.25908745709603,18.211139260859056,14170.968114493267
2444230.60859626,1979.9742877378787,19829.477494557494,0.6686844,25.6592,242.7654,43.1098,191.67893379581346,14.671614363669107,14133.012767805167
2444230.60860624,1979.9742877652013,19829.5843457983,0.6683208,25.6691,242.8161,43.0784,198.924372146902,14.690904527525731,14140.188919847224
2444235.42232941,1979.987467020972,19774.80750441527,0.6677607,25.584,240.1359,47.6576,191.83190290167568,11.845372450122568,14112.022433541062
2444257.59129573,1980.0481623428607,19473.842836947035,0.662368,25.6353,227.2756,69.2694,196.8562047241021,358.7465565701613,13999.762660089837
2444278.34122822,1980.104972561862,19206.172707276557,0.6578947,25.5832,214.9185,90.1018,192.39717587465748,346.7701777296296,13890.16937940132
2444282.92792647,1980.117530257276,19148.75550982412,0.6567224,25.62,212.2818,94.5602,195.20253439919998,344.0711073806391,13870.134542411708
2444285.67003814,1980.1250377498698,19114.33202387086,0.6559037,25.6349,210.4456,97.6181,199.03462638547444,342.59011004690217,13860.143998678908
2444290.52679702,1980.138334830992,19059.6465275552,0.6552806,25.5742,207.5754,102.4474,192.0936151909118,339.7622608428322,13831.810880771629
2444295.66616923,1980.1524056652427,19008.404529742173,0.6542154,25.5656,204.4041,107.8174,194.67725695508489,336.8954605126286,13813.883346155772
2444298.98012007,1980.1614787681583,18974.79591747351,0.6536114,25.5522,202.4477,111.1863,194.516693139366,335.04164346301786,13800.337655912444
2444300.18292346,1980.1647718643667,18962.18693304973,0.6533287,25.5676,201.6577,112.4336,195.50969492336208,334.3134288280107,13796.249779627211
2444302.8850181,1980.172169796304,18935.530877588542,0.65283,25.5398,200.1457,115.0697,195.71195477241417,332.7742733305649,13785.800404729693
2444305.88153406,1980.1803738098836,18912.440153300126,0.6521323,25.5845,198.1649,118.3042,200.890757516162,331.07452844189146,13781.469409823787
2444310.06665118,1980.1918320360846,18879.332127665308,0.6514515,25.59,195.3253,123.0014,202.22659409955213,328.80716700952365,13769.478991599117
2444313.04943029,1980.1999984402185,18856.659429036907,0.6509529,25.6063,193.8168,125.6808,203.7259893929886,327.03816152137495,13761.8066896608
2444315.72880529,1980.207334169172,18836.538989810175,0.6506417,25.5896,192.0887,128.7237,202.56493936380048,325.7120990980832,13752.643399493267
2444316.91831534,1980.210590870198,18829.253149629498,0.6506004,25.5836,191.0828,130.1407,200.7972187792875,324.9507867287056,13748.056049455836
2444320.77943149,1980.2211620300895,18805.78734016635,0.649802,25.5817,189.0723,133.9902,207.61281495157527,322.98416916774204,13745.042430483354
2444325.81652455,1980.2349528392879,18774.84981985104,0.6488194,25.6041,185.8246,139.175,215.22672464517836,319.9565778564073,13739.740548249483
2444330.8395676,1980.2487051816559,18743.33117248723,0.648717,25.5577,182.684,144.5175,206.07730426483158,317.2076346038747,13718.473168194123
2444333.78823292,1980.2567781873245,18727.486676205317,0.6480204,25.6243,180.9565,147.4898,213.5569692960762,315.5461525632267,13719.088411491583
2444341.73038042,1980.2785226021085,18689.74410869378,0.6469431,25.6265,175.9429,155.891,220.40681680868875,311.10576324096144,13710.245775407222
2444344.07813935,1980.284950415742,18678.468911827913,0.6468856,25.6392,174.4432,158.4371,217.50004271876696,309.8381503328275,13702.976361975669
2444345.54442952,1980.2889648994392,18672.1809901641,0.6466498,25.637,173.5762,159.9182,219.6825873106809,309.00703620191007,13702.468503388325
2444347.88864429,1980.2953830096924,18662.82082718074,0.6460734,25.6424,172.1178,162.2772,227.1324217732672,307.59711651072803,13705.619121160227
2444355.49479352,1980.316207511348,18634.88949248805,0.6456895,25.659,167.3716,170.4732,224.40071352818723,303.5500959147331,13691.762210619025
2444360.74916301,1980.3305931909929,18618.959697073595,0.6451563,25.6518,164.1182,175.953,228.68424906047312,300.59765124255466,13689.283117662702
2444369.49427823,1980.3545360115804,18595.424469849288,0.6454646,25.646,158.5288,185.4412,214.59995258780418,295.8770358310246,13666.653431257486
2444374.73358467,1980.3688804508415,18580.39856981425,0.6445678,25.6885,155.3445,190.9188,225.93564054593207,293.0063376970333,13671.078280219526
2444379.67787418,1980.3824171777687,18570.439075593742,0.6443833,25.6832,152.295,196.107,225.82196161369666,290.2718160032627,13666.926563796298
2444388.68436243,1980.4070755987136,18548.782015982368,0.6441116,25.6898,146.6765,205.6717,223.16005361673888,285.3409844631202,13655.657398095616
2444400.00132228,1980.4380597461468,18526.90330043337,0.6439248,25.6803,139.612,217.7273,218.83449808247224,279.17779138712046,13642.754907975574
2444411.0145512,1980.468212323614,18506.391102966274,0.6437184,25.6914,132.5894,229.5673,215.35033239058794,273.1402634989995,13631.18549855797
2444419.69947509,1980.4919903493224,18489.02661872659,0.6435755,25.6803,127.1515,238.8297,211.8057680663169,268.404674243923,13620.839665461128
2444423.46000222,1980.5022861114846,18482.55180425563,0.6435127,25.6637,124.8506,242.7926,210.6586898092164,266.36019986552355,13617.143202492503
2444428.9530446,1980.5173252418888,18473.633806664693,0.6433404,25.6793,121.311,248.7485,210.6625440315056,263.36241292006224,13613.515876120908
2444449.44410639,1980.5734267115395,18429.504968274145,0.6426212,25.6758,108.318,270.7552,208.17807015585186,252.17958384581306,13593.238367476531
2444460.09295093,1980.6025816589456,18406.011761447135,0.6424914,25.7705,101.3993,282.4003,202.17119641849786,246.41020277957676,13578.114458675285
2444474.16049654,1980.641096499767,18362.09378786339,0.6418663,25.7226,92.427,297.6659,197.9482879945299,238.83816008387424,13556.296096847498
2444483.03197969,1980.665385296892,18331.077338424217,0.6407623,25.7011,86.5166,307.5622,207.07776157763692,234.08009311884302,13552.011056397834
2444498.99332592,1980.7090850812317,18253.43690082426,0.6398648,25.7749,76.2939,324.924,195.568848965725,225.48727075662134,13509.642536585028
2444500.97707579,1980.7145162923753,18240.8662431906,0.6394427,25.7326,74.976,327.2213,198.74118230594559,224.51143474491454,13507.391225368452
2444524.10345097,1980.7778328568645,18080.328956909907,0.6362956,25.7846,59.8145,352.9823,197.7588950755444,212.3169715287458,13440.400918615613
2444531.08256099,1980.796940618727,18013.625565123635,0.6349908,25.7726,55.1515,0.8575,197.00275662532658,208.65037725831007,13412.130595448025
2444533.86404648,1980.8045559109653,17988.022943563727,0.6344287,25.7811,53.3085,4.0108,197.76863190841868,207.219172052526,13402.216131866764
2444542.99695863,1980.8295604616842,17897.09946296384,0.6325602,25.7815,47.1347,14.4969,197.97034725154026,202.52983379368226,13364.636972106022
2444546.02707579,1980.837856470335,17868.687580983795,0.6320674,25.7588,45.0009,18.0127,196.3363802590793,200.9252706793893,13351.340165211155
2444552.88463114,1980.8566314336485,17797.934313717335,0.6303948,25.7885,40.4596,25.9192,200.07277160835747,197.53148388649748,13325.175722057009
2444564.0379605,1980.8871675852156,17679.713356639335,0.6279932,25.7903,32.7102,39.0036,198.8372907206567,191.87346932239097,13274.557610557198
2444569.97745469,1980.9034290340583,17615.510787997115,0.6264208,25.7984,28.5864,46.0621,202.65212777133183,188.95404773900896,13250.950036440647
2444572.12928785,1980.90932043217,17592.174188265504,0.6262583,25.7904,27.0338,48.5754,196.79278781846824,187.7938444187804,13235.928759883738
2444576.95544295,1980.9225337247094,17541.06685684518,0.6251218,25.7931,23.6278,54.3661,197.6272693737792,185.42175910459497,13215.114164897266
2444589.98394209,1980.958203811335,17400.43628429411,0.6219035,25.8034,14.4139,70.0325,200.90775756460607,179.0330279194397,13158.443480007589
2444599.98161475,1980.985575947296,17285.685013645547,0.6195128,25.7768,7.2111,82.2482,198.84559092395648,174.1919589734248,13107.77958195538
2444630.22945087,1981.068390009226,17025.7627098897,0.6136767,25.7781,344.8995,120.1174,199.31253510153147,159.93649667859734,12996.632005548969
2444649.52644421,1981.1212222976324,16875.394222794414,0.6103299,25.7754,330.4078,144.7221,197.70025433572118,151.02987285236406,12930.151307102147
2444660.08621676,1981.1501333792194,16814.650978450278,0.608622,25.7698,322.3593,158.2703,202.748170643913,146.12158348103344,12908.016800318821
2444679.75890077,1981.2039942526214,16689.60094068208,0.6057846,25.7515,307.2015,184.0381,201.16141067136232,137.34166905627637,12852.042900124816
2444698.74481811,1981.2559748613553,16588.06443185637,0.6034301,25.7132,292.3706,209.1637,200.1907529348382,128.92334991209623,12806.651390773764
2444698.7448793,1981.2559750288838,16585.026936136244,0.6033535,25.713,292.3674,209.1555,200.2565866241648,128.91188960186446,12805.369957795889
2444710.99179425,1981.28950525462,16521.919233639375,0.6019469,25.7304,282.7094,225.5268,198.4648688997786,123.55430833678088,12776.065766800486
2444750.77309256,1981.3984205135114,16369.164607023933,0.5976237,25.748,250.9539,279.3169,208.427588665244,106.37941513592955,12716.667284950707
2444752.94678258,1981.404371752444,16362.603145842178,0.5972329,25.7262,249.1959,282.3057,212.18191750173173,105.46776912021824,12716.845320567047
2444754.87439271,1981.4096492613558,16357.664794425149,0.5969134,25.6798,247.5919,285.0034,215.41918592453112,104.66156591195613,12717.315141634293
2444757.52343446,1981.4169019423962,16350.607192248135,0.5967733,25.6828,245.4746,288.6087,214.86508112648153,103.53860073741612,12713.715286265005
2444758.48632276,1981.419538186886,16348.229889555168,0.5965926,25.6813,244.6904,289.9403,216.86061434773728,103.13695272103473,12714.29941928967
2444761.85495037,1981.4287609866387,16340.725634496006,0.5963067,25.6956,241.9916,294.5403,218.50515578428713,101.71794481005145,12712.308136765596
2444764.5002451,1981.4360034088977,16335.102037459903,0.5965072,25.7188,239.9146,298.0421,212.959759380401,100.53547279682539,12705.238047882283
2444769.78657492,1981.4504765911572,16323.699178457104,0.5960783,25.711,235.6655,305.2802,215.36002245099735,98.31412718340084,12702.128834995392
2444773.147871,1981.4596793182757,16316.514432959442,0.5956184,25.6938,232.889,309.9709,219.96191282323161,96.91534542072122,12702.704697115925
2444774.82765629,1981.4642783197537,16312.812326239567,0.59551,25.6944,231.5303,312.2623,220.2331578406429,96.19240488867786,12701.274679150376
2444779.1445397,1981.4760973023954,16303.282831290515,0.5952542,25.7016,228.0423,318.1453,220.54895217694502,94.33257113768536,12697.27813133072
2444781.78081599,1981.4833150335119,16297.459097015375,0.5950577,25.7044,225.9161,321.7704,221.39427090132813,93.23308793576075,12695.369716579879
2444785.37335107,1981.4931508585082,16288.961498267126,0.594736,25.6942,223.0219,326.7366,223.19339263372785,91.76419093706875,12693.046414306644
2444787.52757587,1981.4990488045723,16284.257936235756,0.5946164,25.6945,221.3055,329.6477,223.23480551981993,90.83563035395946,12690.97706768795
2444788.72399133,1981.5023244115805,16281.840748640667,0.5944943,25.7102,220.3078,331.3747,224.24293006605694,90.38571183101533,12690.721754039843
2444791.35516243,1981.5095281654485,16276.627569057759,0.5943456,25.6691,218.2197,334.9128,224.54929054958302,89.24236043851602,12688.64036708332
2444794.70221246,1981.5186918890072,16269.702967111212,0.5942456,25.6971,215.4511,339.5673,223.36726559842919,87.82931995741365,12684.574102460138
2444796.61374539,1981.5239253809445,16265.646293387828,0.5940842,25.6929,213.9299,342.1837,224.34652769755576,87.04046285998663,12683.559785513818
2444799.00227976,1981.5304648316492,16260.725866545128,0.5939814,25.7009,212.0112,345.4763,224.02085131843978,86.06016060630714,12681.09049637175
2444804.72998838,1981.5461464432028,16247.98941481049,0.5936133,25.6551,207.3896,353.412,224.83049991976623,83.7288804469456,12676.047975258427
2444809.73586097,1981.5598517754138,16235.649341214528,0.5934098,25.628,203.3465,0.3334,223.11961277428327,81.67326085105097,12669.120224494141
2444815.68719908,1981.5761456511427,16219.107436035674,0.5929284,25.7137,198.4681,8.4971,224.20171455893887,79.09276558860199,12662.58615145358
2444826.14213163,1981.604769696454,16192.315605635069,0.5924913,25.645,189.9577,22.993,220.37318244205835,74.77360927651773,12647.440582765332
2444826.14213184,1981.604769697029,16199.249949448866,0.5926546,25.6437,189.9581,22.9753,220.55365035822706,74.75630906952313,12650.700471823355
2444826.14213199,1981.6047696974397,16190.70571959833,0.5924562,25.6452,189.9574,22.9885,220.2854336468381,74.76880892173568,12646.646273409448
2444830.64869259,1981.6171079879266,16180.008618715836,0.5921922,25.6518,186.2249,29.2958,220.19741877954493,72.90182434642969,12641.770533360777
2444830.64869351,1981.6171079904445,16180.473930863547,0.5921971,25.652,186.2251,29.2976,220.3078923805533,72.90382343996816,12642.069522426982
2444830.64869582,1981.6171079967694,16180.602871925203,0.5922177,25.6511,186.2265,29.2927,220.02715450026517,72.90032116302726,12641.898802975371
2444838.69816886,1981.6391462528675,16154.385259518205,0.591655,25.6324,179.5554,40.5913,218.4261487979611,69.5940489677366,12628.813185416615
2444841.53470568,1981.646912267433,16143.411002400258,0.5914207,25.6303,177.2113,44.5612,217.7272669729955,68.4240837241586,12623.309353367378
2444845.54700752,1981.6578973511846,16127.47431460753,0.5912364,25.6304,173.9215,50.1814,214.18815974650715,66.79985357350157,12613.263139738894
2444854.49138721,1981.6823857281584,16086.163513047175,0.5902526,25.6178,166.4524,62.8021,213.1273754459453,63.13563786297618,12593.796234972464
2444861.76235797,1981.7022925611766,16052.229337047018,0.5892641,25.6535,160.3158,73.1764,215.090563758411,60.20687797640889,12580.074280340827
2444868.07454303,1981.7195743820123,16017.567207644546,0.5887382,25.6225,155.0195,82.1237,209.2772214368697,57.636422475562995,12559.71595604841
2444870.40671236,1981.7259595136488,16004.37670981217,0.5885857,25.6235,153.0956,85.3933,206.2931410036772,56.68347508644155,12551.343401403557
2444872.03793485,1981.7304255574263,15995.584144805425,0.5883784,25.6217,151.7049,87.749,205.9916386194409,56.04069932651831,12547.123666442201
2444878.54815027,1981.748249555838,15958.53835790902,0.5874635,25.6289,146.0782,97.2196,205.34325928753333,53.46795989836818,12529.830183546543
2444890.80260997,1981.7818004379735,15883.029886821743,0.5856346,25.6445,135.5651,115.0097,203.24173226484618,48.66664232949972,12493.874047424626
2444910.25125064,1981.8350479141411,15752.317157766742,0.5822665,25.6955,118.748,143.402,202.13427942395265,41.07275090921701,12433.389951361707
2444913.88439673,1981.8449949260232,15727.069973228192,0.5816874,25.7028,115.5642,148.8492,200.69523088301594,39.75522663163122,12420.694410535845
2444916.82882409,1981.8530563287882,15707.327302107995,0.5810633,25.6986,113.0276,153.172,202.23956576502678,38.63932163629681,12412.875168907109
2444919.08935176,1981.8592453162498,15691.083700668873,0.580606,25.7011,111.0552,156.528,202.6100575583214,37.794886150087166,12405.720434679844
2444921.12075621,1981.864806998521,15676.693366442852,0.5804467,25.6983,109.2178,159.6258,199.07213497920839,37.053080532407705,12396.319090432467
2444927.19613986,1981.8814404924296,15632.828068152123,0.5791371,25.7359,103.8309,168.7147,201.14105596390073,34.76702272528888,12377.80225549688
2444934.81054563,1981.9022875992603,15585.610631233387,0.577919,25.7214,97.1228,180.1451,200.25382084161993,31.984364266294676,12355.363906479948
2444941.94835721,1981.9218298623136,15540.959040069865,0.5768194,25.7242,90.738,191.0759,198.49607115218987,29.495149567116528,12333.383003943944
2444943.95006933,1981.9273102514173,15527.817742039437,0.5763039,25.7377,88.9503,193.9788,200.9395188129156,28.63740948977346,12329.22578104536
2444947.0591589,1981.9358224747427,15507.087696885448,0.575827,25.7694,86.1684,198.781,199.55160965099185,27.59330909257784,12318.553237251308
2444948.83328507,1981.9406797674744,15495.432215987632,0.5754774,25.7682,84.5741,201.4993,200.02487245483007,26.96868370921561,12313.529289638342
2444951.04800151,1981.9467433306231,15479.373918157917,0.5752234,25.7158,82.5175,204.8353,197.13952308379703,26.065200975679886,12303.839878200391
2444954.80567699,1981.9570312853941,15450.929892462536,0.5742671,25.7536,79.1657,210.6489,199.83289081476323,24.823337258130152,12292.756218806995
2444957.89417585,1981.965487134428,15432.22042875006,0.573934,25.776,76.3801,215.429,197.00812919582222,23.773731605892465,12281.874188507116
2444960.53769168,1981.9727246863238,15416.80935413745,0.5734223,25.7754,73.975,219.4845,198.33077562643757,22.818612923416424,12275.746220177125
2444961.85811205,1981.9763398002744,15409.419457334001,0.5731986,25.7764,72.7785,221.5304,198.6254975773918,22.366571901219686,12272.541181765444
2444964.49603245,1981.983562032717,15392.883075385753,0.5727129,25.7792,70.3748,225.6252,199.04406992066015,21.45766822188125,12265.176902594198
2444966.03275645,1981.9877693537308,15382.810397442583,0.5726716,25.7702,68.9022,228.0621,195.37545464250343,20.907332656965423,12257.643943478692
2444967.78752876,1981.9925736584798,15371.02364695972,0.5724085,25.7759,67.294,230.8057,194.3827577389775,20.31318294721973,12251.389050552812
2444970.85342969,1982.000967637755,15348.681845990764,0.5717882,25.7802,64.4897,235.5662,194.3503808990281,19.24755040821009,12240.959417045146
2444973.47654883,1982.0081493465573,15330.093478071849,0.5711909,25.8001,62.1175,239.5985,195.54728724786037,18.3222352393783,12233.219646027545
2444978.71005632,1982.0224779091577,15295.285586659345,0.5702825,25.8011,57.2812,247.8233,194.51558408528672,16.552452703244455,12216.1739501145
2444983.70906226,1982.0361644415061,15262.318891994853,0.5693647,25.7966,52.6117,255.7082,194.35697474987228,14.840701057797162,12200.63759905789
2444988.69483996,1982.049814756906,15234.21846129605,0.5685651,25.8185,48.0071,263.5316,194.43721842741434,13.145387513793082,12187.540645959674
2444993.6656137,1982.0634239937035,15200.91028517935,0.5678593,25.8099,43.3396,271.4676,190.7957112746044,11.514562266772202,12169.127945478662
2444997.75942058,1982.0746322260923,15172.961116797476,0.5671162,25.818,39.537,277.9665,189.99276549153547,10.175898606753606,12155.391060338998
2444999.69479586,1982.0799309948254,15159.466514852116,0.5666616,25.8204,37.7057,281.0687,191.04266439959247,9.539241862855022,12149.852035809827
2445000.98360819,1982.0834595706776,15149.818534991273,0.5665034,25.8216,36.4772,283.1523,189.25852553569803,9.124054556086776,12143.95148842798
2445003.77215786,1982.0910942035866,15127.935070886115,0.5658007,25.8045,33.9438,287.5398,190.40251822420032,8.22968670884029,12134.527015853644
2445004.84248049,1982.0940245872416,15119.448818692194,0.5655527,25.8146,32.9213,289.2664,190.46741676901274,7.878848593034036,12130.57970627398
2445012.52378505,1982.1150548529774,15054.332373134801,0.5633983,25.8149,25.4945,301.8237,194.61080647568815,5.438452928104482,12102.998009030327
2445015.49797103,1982.1231977304037,15030.15984252491,0.5630696,25.8184,22.6898,306.5935,188.99745205834643,4.472117054667194,12087.309551478107
2445017.83001978,1982.1295825319096,15012.490937404846,0.5623208,25.8168,20.4506,310.3968,192.5187234906034,3.7376885125562467,12081.610444887732
2445019.73516171,1982.1347985262425,14999.022784992081,0.5618463,25.8142,18.624,313.4805,193.74102962858433,3.1170305527081155,12076.15146323562
2445021.63763173,1982.1400072052845,14984.826888591386,0.5616922,25.8136,16.7829,316.6063,189.83020691933598,2.5266060975667415,12066.466073107227
2445025.43384412,1982.1504006683635,14954.680565891966,0.5606601,25.8161,13.1172,322.8564,192.05156435091976,1.369359389131887,12053.831774961518
2445029.21815118,1982.1607615364273,14921.467641792098,0.5596666,25.8023,9.4243,329.1203,192.2842797002968,0.21044688616967733,12038.213907787322
2445032.99018138,1982.171088792279,14889.68477926403,0.5587076,25.8048,5.753,335.3573,192.56843148489406,359.05833477951336,12023.288707053835
2445035.7069514,1982.1785269032164,14866.489779972579,0.5580639,25.8051,3.1164,339.8478,191.90221405094053,358.234514842086,12011.726449810147
2445038.62578268,1982.1865182277352,14842.15615244769,0.5571018,25.8054,0.2201,344.7683,195.4279440380069,357.3818380153769,12002.739496981365
2445040.4983069,1982.1916449196435,14825.00745703234,0.5568257,25.7883,358.3191,347.9217,191.92600226508694,356.78862892833104,11991.926405958982
2445045.68404885,1982.2058427073239,14783.581097969847,0.5554722,25.7817,353.2231,356.624,193.57648160212102,355.28372536336155,11973.320504202873
2445050.6419235,1982.2194166283373,14743.423921943997,0.5540943,25.7849,348.2787,5.0174,196.0404643111824,353.8461137985455,11955.876877276783
2445052.70153248,1982.2250555304033,14725.958474482055,0.5539078,25.7746,346.227,8.4793,190.99891299034425,353.226309054776,11943.748328958069
2445058.65361962,1982.2413514568652,14675.933687004119,0.5519086,25.7583,340.2679,18.6724,198.0233721168379,351.5937755285247,11924.852767574492
2445059.67708262,1982.2441535458456,14667.444143288621,0.5517511,25.7688,339.2011,20.4425,196.52940304056574,351.2883234955931,11919.656883731317
2445063.96502654,1982.2558932964826,14630.994235106555,0.5507057,25.7675,334.8601,27.7925,195.48601316623535,350.07101326631675,11901.289131927764
2445066.00097628,1982.2614674230797,14613.420907531578,0.5502884,25.7657,332.768,31.3207,193.68859779947707,349.50042769132386,11891.473096430307
2445071.48123497,1982.2764715536482,14569.555317961866,0.5486032,25.7551,327.1962,40.8429,198.51434795096884,348.04934068661623,11873.762833169672
2445076.33214827,1982.2897526304455,14533.588078352472,0.5476559,25.7519,322.135,49.3,196.04651907307834,346.66405303962307,11854.502311421356
2445081.3671825,1982.3035378028753,14499.15472438758,0.5463622,25.7483,316.9558,58.1676,199.22835103078705,345.3897909649,11840.0728939568
2445085.38195658,1982.31452965525,14471.489950962698,0.5457651,25.722,312.8425,65.1306,195.31949072654606,344.28242410996774,11823.757970179218
2445088.38546198,1982.3227528048735,14451.59830515962,0.5449911,25.7272,309.7563,70.4214,197.46954807254315,343.526690245574,11815.616337489824
2445090.18468059,1982.3276787969608,14440.111898896777,0.5446053,25.7196,307.8759,73.6199,197.81412616452872,343.071433094104,11810.258720889797
2445093.37782379,1982.3364211465848,14419.551319707636,0.5438552,25.7262,304.5544,79.245,199.26705281777595,342.2277872295,11801.262918021303
2445096.36502508,1982.3445996579871,14400.757945389734,0.5432521,25.7104,301.3634,84.6091,199.37964996507526,341.4566231246228,11792.150905553757
2445100.33950674,1982.3554811957295,14378.627103022993,0.5424421,25.726,297.2552,91.6171,200.9181221422832,340.43906953736405,11782.420629424745
2445106.67999146,1982.3728404968103,14347.70597710575,0.5415061,25.7015,290.503,103.0388,200.19936949652583,338.85922114831374,11766.737736039608
2445115.95268664,1982.3982277526077,14301.992128620535,0.5399447,25.7105,280.686,119.6637,201.57097933015848,336.5277090612219,11745.252089749203
2445117.72308173,1982.403074830198,14293.54124371915,0.5396414,25.7081,278.8158,122.8467,202.0183360008059,336.0955611286987,11741.411792434197
2445121.84645431,1982.4143640090629,14272.05190114992,0.5389156,25.7204,274.4115,130.2864,202.48418761056928,335.06685673734944,11731.15664913266
2445123.61068218,1982.4191942017253,14263.68437650151,0.5388655,25.7145,272.5283,133.5123,199.340663115835,334.670687378906,11724.78863614475
2445134.74437248,1982.4496765844767,14212.373972184223,0.5371168,25.7042,260.5562,153.7825,200.5328438413444,331.9951295884182,11700.302141655293
2445136.88511846,1982.4555376275423,14201.692147174483,0.5366066,25.721,258.2631,157.7017,202.8341098324836,331.5112540847797,11696.651342569756
2445138.82896277,1982.4608595832165,14192.649283625497,0.5362773,25.7222,256.1926,161.2427,203.31734595588114,331.0658500420613,11692.517400800301
2445139.80018344,1982.463518640493,14188.979340131156,0.5362298,25.7141,255.0827,163.0929,202.28948636849418,330.8488894224951,11689.971600604093
2445144.64893909,1982.4767938099653,14167.03135361539,0.5359715,25.7148,249.8449,171.9977,195.77000847111776,329.7368284124687,11674.481602212441
2445146.77841775,1982.4826240047908,14157.090892945664,0.5354793,25.709,247.53,175.9174,198.12547155474476,329.2427582753544,11671.221941078533
2445148.51913174,1982.4873898199592,14149.780065676874,0.5350335,25.7061,245.6347,179.125,201.03741290754533,328.8393648146961,11669.654216147557
2445151.8035404,1982.4963820407945,14135.792717391525,0.5345232,25.7068,242.0526,185.2031,201.7472595547115,328.0981653139419,11663.211939023004
2445154.69780317,1982.504306100397,14124.419848177915,0.534187,25.7178,238.9144,190.5435,201.20208273929984,327.4477038571282,11657.177792660823
2445156.62575423,1982.5095845427247,14117.590782701693,0.5340903,25.7067,236.7976,194.124,199.38618629131088,327.01116461911386,11652.504015745384
2445160.86266413,1982.521184569829,14101.862044996402,0.5337249,25.712,232.1333,202.0353,197.21083521690252,326.0821548615513,11643.152120388602
2445163.74782577,1982.5290837118964,14090.828968082275,0.5332942,25.7196,228.9667,207.4064,198.13530621201153,325.44296371728274,11638.314295928783
2445165.66966814,1982.5343454295412,14081.125602079217,0.5326543,25.7142,226.8101,211.017,202.61720129163223,325.00274536520055,11636.633305604833
2445169.12390292,1982.5438026089532,14064.205671446782,0.5321578,25.7192,223.1203,217.3437,201.69262258213894,324.23506077683584,11627.55195121626
2445170.84919197,1982.5485261929368,14056.486854379451,0.5321084,25.7198,221.1705,220.6343,198.77582467456796,323.8753705427263,11621.657492198148
2445173.53057098,1982.5558674085698,14044.865093800641,0.5315842,25.7287,218.205,225.6455,200.70041880470308,323.2782329148299,11617.209146395435
2445176.59178792,1982.564248563778,14034.006863788292,0.5316243,25.733,214.8291,231.4068,195.05148863164504,322.6464170399653,11607.833555706999
2445179.84147093,1982.5731457109646,14022.154514189982,0.5310085,25.7231,211.2277,237.5165,198.13497884173103,321.95174405276964,11604.074401794029
2445181.56047236,1982.577852080383,14017.146362247307,0.5307401,25.7,209.3239,240.7689,199.54840023353427,321.6060510621297,11602.56041371375
2445183.85111946,1982.5841235303492,14010.088642176232,0.5303691,25.6956,206.8766,244.9283,201.434238105001,321.06042907426115,11600.349777958216
2445188.61818561,1982.5971750461604,13995.246804865204,0.5298228,25.6927,201.5791,253.9361,202.1096560204678,320.07218338229654,11593.396061697083
2445191.47471928,1982.6049958091169,13986.185822997202,0.5296219,25.6976,198.2573,259.5222,200.65921366836028,319.52100871795153,11587.849048768892
2445204.37921243,1982.6403263858458,13935.19535840885,0.5278294,25.7076,183.8224,283.9903,201.6532534971211,316.83520109547817,11562.973262654312
2445207.41017344,1982.648624704832,13925.991324892457,0.5274133,25.707,180.4104,289.7761,203.10198445955393,316.2216062604814,11559.354555885506
2445210.24711005,1982.6563918139634,13917.44867841676,0.5272376,25.7097,177.234,295.1617,201.51013908513596,315.6346469731361,11553.958203203485
2445213.27031023,1982.6646688849557,13907.593874309723,0.5271441,25.7121,173.8442,300.9069,198.151518271211,315.01030141593,11546.677770930739
2445215.34667232,1982.6703536545374,13900.18178736464,0.526644,25.7191,171.5037,304.8583,201.5981501397764,314.5746843665146,11545.335887761723
2445218.36422399,1982.6786152607533,13889.95374989957,0.5261038,25.711,168.08,310.6686,204.26000025315625,313.98710612883053,11542.027744944447
2445221.56664144,1982.6873830018894,13877.537836709416,0.5256052,25.7026,164.4656,316.811,205.2954865381962,313.3587193197698,11536.487738356547
2445226.64470613,1982.7012859852978,13861.12541437152,0.5249336,25.7068,158.7163,326.5614,206.81865055398612,312.3547452927854,11529.261569848823
2445227.39636735,1982.7033439215609,13859.005886237706,0.5248747,25.7084,157.8706,327.9928,206.6280294004555,312.1995882380668,11528.060834641767
2445230.21335008,1982.7110563999452,13850.712882384361,0.524515,25.7065,154.6533,333.4387,207.66991488052827,311.6516960197581,11524.592240140066
2445233.40293633,1982.7197890111706,13841.667153922024,0.5241261,25.7047,151.0512,339.5652,208.75183103877316,311.0323559785803,11520.767768741203
2445236.21443809,1982.7274864834774,13832.549205649759,0.5236616,25.7381,147.9359,344.9256,210.83805654047774,310.5063659481548,11517.592759061503
2445237.33819872,1982.7305631724025,13828.538666719496,0.5235668,25.7168,146.6075,347.1313,210.23862830890266,310.27605793510054,11515.153382222905
2445241.26809893,1982.7413226527856,13815.413339999966,0.5229669,25.7045,142.0934,354.768,212.27315336153788,309.5252449972261,11509.908497637382
2445245.19188354,1982.752065389568,13801.803750529447,0.5224352,25.6693,137.5491,2.4628,213.1193477608449,308.8083597554519,11503.596333451304
2445248.17760321,1982.7602398445172,13791.06633622917,0.5219912,25.7143,134.2241,8.1385,214.11477010130238,308.2162559738577,11498.835643378463
2445251.15994568,1982.768405053196,13780.94362425876,0.5216162,25.7024,130.7866,13.9451,214.44387855867808,307.6458808494496,11493.927005705922
2445254.32522919,1982.7770711271453,13771.188632934123,0.5211758,25.6958,127.1432,20.1411,215.84208021377526,307.07869422768795,11489.931163626503
2445273.98626385,1982.8309001063649,13710.428459538725,0.5189341,25.6794,104.462,58.6336,217.48330627361065,303.5115617086425,11460.146592709141
2445276.38815867,1982.8374761359894,13702.511229046822,0.5186976,25.677,101.7433,63.2614,216.91524056718572,303.05329104378376,11455.726675394813
2445279.15704421,1982.8450569314443,13694.129389562206,0.5182987,25.7007,98.5431,68.5978,218.34362932032036,302.4604046800765,11452.421040179483
2445281.37038764,1982.851116735496,13688.218936696103,0.5181278,25.6745,95.9319,73.0827,217.83587310741132,302.1525752215025,11449.062263955697
2445285.05592885,1982.8612071973992,13677.988088202448,0.5177868,25.6705,91.6808,80.3232,217.57010557398462,301.5094089362648,11443.661466320922
2445288.000976,1982.8692702970568,13669.501421265097,0.5175376,25.6613,88.2261,86.1825,216.884162506969,301.01129305956624,11438.86467174145
2445289.84023943,1982.874305925886,13664.578951033256,0.5173573,25.657,86.1026,89.8156,216.9729792898579,300.7080666810543,11436.410618906631
2445291.86208461,1982.8798414363036,13659.594647227581,0.5171405,25.6599,83.671,93.8853,217.5287415629864,300.35338293067235,11434.23957039217
2445293.33219503,1982.8838663792747,13656.237718660994,0.516988,25.6569,81.9889,96.7382,217.99039296588398,300.0752034611323,11432.83571416653
2445296.26985601,1982.8919092567012,13648.37841861436,0.5166232,25.6665,78.4604,102.6748,219.17318517887088,299.58786758758316,11429.61562269588
2445298.83776079,1982.8989397968235,13640.454273300371,0.5163315,25.6775,75.5502,107.6328,219.32175768577963,299.1046731435372,11425.662282923824
2445301.2197293,1982.9054612711845,13632.502428953918,0.5160829,25.6676,72.7243,112.4111,218.86474116233603,298.70934237359495,11421.284915349119
2445302.86764506,1982.9099730186454,13627.852524377939,0.5160279,25.6552,70.8235,115.6345,217.36410471349245,298.4077132877095,11417.894030901914
2445304.8807369,1982.9154845637236,13622.819050892153,0.5157984,25.6738,68.4313,119.7144,218.05448095246174,298.1112570595205,11415.78165062562
2445307.98913712,1982.9239948997129,13615.42860267173,0.515401,25.6713,64.8134,125.8302,219.88678542611706,297.54543610341227,11413.228375879007
2445309.63370798,1982.9284974893365,13611.728877486612,0.5152257,25.689,62.8573,129.128,220.48003837335818,297.2662038388568,11411.731049411632
2445312.00729548,1982.9349960177412,13605.244448318368,0.5150804,25.6827,60.0735,133.854,219.31339578076404,296.8689336131431,11407.622986613484
2445315.65471107,1982.9449820973853,13594.124266981522,0.5146038,25.6857,55.7685,141.1356,220.39996152061667,296.2505449412677,11402.649053312705
2445318.93240788,1982.9539559421771,13583.803490206456,0.5140675,25.7129,51.8451,147.7353,222.67528950474843,295.6962608162277,11398.876978979
2445320.93386797,1982.9594356412595,13579.016048195072,0.5141528,25.6986,49.5275,151.723,219.1906257706405,295.3936691465959,11394.083347000234
2445322.75195753,1982.9644132991928,13573.56471810094,0.5137251,25.6976,47.4311,155.2765,222.34752593806206,295.0588122906059,11393.398027380306
2445325.65830602,1982.972370447693,13565.63702754438,0.5133849,25.7006,43.9789,161.1158,223.10751872221135,294.58133883054086,11389.832115196834
2445330.91927378,1982.9867741924168,13553.554476494299,0.5129665,25.7159,37.7284,171.7016,222.898774127686,293.73129072999444,11383.478818755835
2445333.81870008,1982.9947123889933,13547.399194145044,0.5128615,25.7065,34.3505,177.5138,221.32342233702548,293.3078399624081,11379.259455773426
2445335.62974539,1982.999670760821,13543.693929291612,0.5128509,25.7201,32.14,181.2531,219.66200832987215,293.0516261045084,11376.243089086573
2445339.61202013,1983.0105736348523,13537.249475061772,0.5123847,25.7253,27.4476,189.1717,222.833663957088,292.3527914531702,11375.043356619371
2445342.86822031,1983.0194886250792,13531.309905463528,0.5121258,25.7292,23.5875,195.728,223.44069508009488,291.8395949714735,11372.38915424815
2445345.76119052,1983.0274091458457,13525.604690984532,0.5119042,25.749,20.1313,201.5782,223.65454212984696,291.38220749555614,11369.59217495111
2445355.69593499,1983.0546089938123,13509.450247483595,0.5114004,25.7456,8.3131,221.6429,222.57568714038553,289.836762227559,11360.545482704058
2445390.66217443,1983.1503413399869,13463.018950858543,0.5093734,25.7373,326.6213,292.4182,227.17891359529403,284.45661760472035,11339.615602065003
2445396.77425238,1983.167075297412,13454.959997598915,0.5091225,25.7316,319.2431,304.9186,226.60082622136088,283.5545929316345,11335.062216147773
2445402.52108769,1983.1828092749893,13444.584198621253,0.508567,25.7061,312.4415,316.5611,228.97604648103788,282.73126100390186,11331.259523901183
2445418.65636706,1983.2269852623128,13421.481022827737,0.5076306,25.7287,292.9178,349.5886,230.19025832107855,280.3317055673458,11320.082275755238
2445426.17079588,1983.2475586471726,13408.593870572377,0.5070782,25.7004,283.8426,5.0211,231.25192615150263,279.2825870178632,11314.0918889747
2445432.24648425,1983.2641929753588,13399.232432745568,0.5068015,25.6921,276.4875,17.4925,230.34503698146455,278.4105288708038,11308.632398970823
2445439.207933,1983.2832523832985,13389.187728886725,0.5063463,25.7048,268.1759,31.6586,231.48576235952805,277.403642012494,11304.161599874033
2445443.30928818,1983.2944812818068,13381.878167710644,0.5059004,25.6755,263.0878,40.2542,233.84434991456146,276.86873854951807,11301.908487490264
2445445.09143616,1983.2993605370561,13379.270994625262,0.5059642,25.6623,260.8672,43.9601,231.70254924648725,276.59750665974764,11299.146317986533
2445449.01028558,1983.310089762026,13372.607173586817,0.5056383,25.6593,256.0888,52.0711,232.76851576657373,276.0675856705724,11296.377921206804
2445453.1037017,1983.3212969245722,13365.245409032837,0.5055567,25.6619,251.2124,60.3057,230.21974535204663,275.3912071540133,11290.874316574293
2445457.9049167,1983.334441934839,13357.365118442365,0.5050818,25.6309,245.2896,70.3944,232.66680116228144,274.8249034579292,11288.373884412025
2445463.23423081,1983.3490328016696,13349.501556216397,0.5046945,25.6379,238.7557,81.4428,233.9452430525398,274.0866913989207,11285.112642342367
2445469.26826867,1983.3655530969745,13340.981936001903,0.5043318,25.631,231.372,93.9587,234.5642024505787,273.27158508916045,11281.074779714507
2445471.04157621,1983.3704081484188,13338.40140275761,0.5041948,25.6307,229.1952,97.6389,235.11247517451648,273.0271665692544,11280.086912495824
2445479.01441143,1983.3922365816013,13327.355723701692,0.503581,25.6353,219.4095,114.2124,237.81630100427083,271.95673062353205,11276.08662993467
2445484.85299901,1983.4082217632035,13319.61738026142,0.5034161,25.6407,212.2449,126.3774,236.17124519799836,271.2024652466953,11270.971914508464
2445487.85836925,1983.4164500184802,13316.328358471417,0.5032301,25.6486,208.5523,132.6159,237.01480700500997,270.78619334716944,11269.803536174104
2445492.98116189,1983.4304754603424,13310.740815075025,0.502834,25.6553,202.301,143.211,239.5114680675897,270.08083427671164,11268.509474355491
2445498.80446443,1983.4464187937854,13304.36361412839,0.5024736,25.6686,195.135,155.3568,241.13583322828708,269.3210342372897,11266.231370609112
2445501.62550245,1983.4541423749486,13300.904380011025,0.5022891,25.6671,191.6785,161.2231,241.86878978922869,268.95034501855287,11264.89809778426
2445508.31995927,1983.4724707988223,13293.441701785656,0.5020368,25.6881,183.4133,175.2549,241.50846883463146,268.11871242398036,11260.757846256998
2445513.77647531,1983.4874099255574,13287.979955250825,0.5018287,25.6991,176.6905,186.6634,241.55394868124495,267.42632679931637,11257.927614973114
2445518.7028953,1983.500897728405,13283.475262465521,0.5016215,25.6975,170.6572,196.927,242.06217609467149,266.8010177741296,11255.898158152097
2445525.73855956,1983.5201603273372,13277.720571854812,0.5015884,25.7284,161.9335,211.7207,239.63365457107102,265.93648215860145,11251.307123946695
2445538.57592415,1983.5553071160853,13267.24218279163,0.5012097,25.7188,146.1758,238.516,239.43540852729166,264.3212382092674,11245.687373318699
2445552.63477747,1983.5937981587133,13254.52450046282,0.5012982,25.7242,128.6894,268.1509,231.91892652490878,262.61296286321806,11234.146806962908
2445556.6742844,1983.604857725941,13251.390776027325,0.5014379,25.7439,123.7288,276.6095,228.50491321681238,262.1295186612375,11230.289895156428
2445563.1697285,1983.6226412826827,13244.846558092428,0.5009148,25.7309,115.6148,290.3263,232.17059341487038,261.3302382342463,11229.23592609834
2445567.20536365,1983.6336902495548,13241.204758801312,0.5007491,25.7151,110.6079,298.829,232.54709291583822,260.8484101602875,11227.56963903959
2445574.21963424,1983.6528942758111,13233.50622090913,0.5004317,25.7119,101.8792,313.6286,232.90390581899828,260.00586070798056,11223.761087888948
2445577.19914666,1983.6610517362355,13230.824152088318,0.5002986,25.7061,98.1821,319.914,233.32505195234535,259.6574749551912,11222.625748705039
2445581.57890067,1983.6730428491996,13226.0345013723,0.5001193,25.7262,92.7427,329.1427,233.30308477013568,259.12997428813094,11220.096815064118
2445587.70725169,1983.6898213598627,13220.070704161799,0.4998842,25.7172,85.0791,342.1243,233.42993626844145,258.40771044941687,11217.046594140278
2445595.05471919,1983.7099376295416,13211.206561573897,0.4995073,25.716,75.9651,357.6304,233.9761422598358,257.55795336498034,11212.741639493204
2445605.1894874,1983.7376851126626,13199.247528732702,0.4991464,25.7231,63.4326,18.9618,232.75434205687725,256.3677594414793,11205.665565356036
2445616.70472286,1983.7692121091304,13184.68001501553,0.4984091,25.7022,48.8858,43.6092,235.1792149436542,255.1186407130382,11199.562345213804
2445623.67293104,1983.7882900233817,13173.985760520422,0.4979815,25.7077,40.1644,58.3806,235.44827051781976,254.3005915825824,11194.102718943608
2445628.19722128,1983.8006768549762,13166.426472771678,0.49796,25.6913,34.481,68.0107,231.9364463902939,253.78803220854977,11187.8615273415
2445630.80584527,1983.8078188782201,13163.173744746864,0.4979021,25.6881,31.223,73.4712,231.0655945725366,253.4194038407223,11185.587640719024
2445635.67216715,1983.8211421414096,13156.907832493513,0.4976318,25.6865,25.0708,83.9656,231.47580537566773,252.9652290925615,11182.548752153569
2445637.06187966,1983.8249469668995,13155.546859002174,0.4976319,25.6822,23.2946,86.9248,230.79078001789003,252.77849191621868,11181.39116459057
2445640.01373714,1983.833028712225,13151.227377850677,0.4974421,25.6923,19.6078,93.256,231.11691343514303,252.51346359895788,11179.323181486001
2445650.41856776,1983.8615155859272,13135.480634433576,0.4968036,25.6948,6.3772,115.605,231.5902675166908,251.37658906620126,11171.318938913933
2445654.74607595,1983.8733636576321,13128.103055126885,0.4968078,25.6958,0.904,124.9271,227.8227581360179,250.96018325247007,11165.009186740159
2445657.85958521,1983.8818879814105,13123.718364294338,0.4964859,25.6971,356.984,131.5465,229.84094085113702,250.5908266921898,11163.98744745985
2445659.93418738,1983.8875679325945,13121.277990820407,0.4964857,25.7014,354.3372,136.0534,228.61480265334285,250.40614426598978,11161.913169703776
2445663.73537104,1983.8979750062701,13117.22681566086,0.4962045,25.7224,349.579,144.1416,230.2635422092717,249.98959774273806,11160.828928063842
2445668.56920046,1983.9112093099518,13112.311098133297,0.4962589,25.7064,343.4425,154.5414,227.07371611587587,249.48854841737813,11156.189739817988
2445671.67397633,1983.919709723012,13107.366301236363,0.4958647,25.7098,339.5079,161.2182,229.7497424836838,249.1705997157252,11155.288855140101
2445675.63861506,1983.9305643122796,13102.863169093185,0.4957688,25.7315,334.4075,169.8445,228.73611918765982,248.78884757933577,11152.259922227819
2445676.84464605,1983.9338662451748,13100.752919671402,0.4956142,25.7141,332.9243,172.3564,229.6974419907956,248.6288517370392,11151.758592768869
2445683.90347692,1983.9531922708281,13090.347895305453,0.4953196,25.7139,323.9311,187.6122,228.30571194191452,247.93408250186872,11145.365398090486
2445685.62375648,1983.9579021395755,13087.802544351847,0.4954175,25.6915,321.7471,191.3602,225.7398273354147,247.80252975283327,11142.379822411649
2445689.57977807,1983.9687331364,13083.914480215784,0.4952804,25.7346,316.65,199.9833,225.5717828887191,247.42937089600355,11140.215414663902
2445700.58307812,1983.9988585301023,13072.055271427742,0.4948068,25.7096,302.6566,223.723,225.77713314944958,246.33052916313386,11134.069050872788
2445704.879185,1984.0106206297055,13067.228098213622,0.4945963,25.7031,297.1839,233.0162,226.08912958112796,245.91667330598557,11131.711457428137
2445710.54835738,1984.026141977769,13061.760794237267,0.4945685,25.6928,289.9196,245.3684,223.6890508725337,245.41688800319798,11127.285437449731
2445716.55873677,1984.0425974997124,13055.774017584836,0.4943481,25.7015,282.178,258.4829,223.54063796240462,244.86580010354112,11124.018973602655
2445720.85034914,1984.0543472940176,13052.16171259986,0.4941202,25.7138,276.6682,267.7955,224.68865673767414,244.43867415370346,11122.835585221543
2445728.39968684,1984.0750162541817,13044.180538302278,0.4938316,25.71,266.9133,284.3516,224.41569238360262,243.7990484945566,11118.430100911575
2445740.22532245,1984.1073930799453,13029.987200646234,0.4931737,25.6918,251.6445,310.2015,225.80390195088785,242.72449121966702,11111.781400565844
2445745.01874835,1984.1205167648186,13023.342417479085,0.4927775,25.7309,245.5189,320.6595,227.59599934978542,242.33236466532094,11109.390318898799
2445746.38756604,1984.124264383408,13021.058207745436,0.4927407,25.6941,243.7271,323.6995,226.91657172020587,242.23142197308812,11107.745815724487
2445753.2278728,1984.1429921226559,13012.367192147893,0.4924107,25.7098,234.9393,338.6524,226.80205440531427,241.6545358438616,11103.0549372581
2445758.35302124,1984.157024014346,13004.317638347467,0.492331,25.7159,228.4028,349.8118,223.7526311422198,241.22595483545388,11096.843409231984
2445762.10831133,1984.167305438275,12997.519375020103,0.4919856,25.7105,223.5184,358.0888,224.79070678921198,240.91724222097548,11093.886147375657
2445770.12059603,1984.1892418782472,12982.116806206246,0.491422,25.6837,213.1266,15.732,224.28270106675973,240.27152383100153,11085.368878047993
2445778.96888471,1984.2134671723757,12965.469294391103,0.49113,25.672,201.5849,35.2696,219.60205983679953,239.54631794474935,11073.546409762583
2445781.008178,1984.219050453114,12960.950232930247,0.4907761,25.6382,198.7776,39.9702,221.88932531864975,239.42963687897546,11072.583332357979
2445784.06508827,1984.2274198173038,12954.133346726514,0.490676,25.6569,195.05,46.4745,219.71471268813457,239.1933657706127,11067.578018603142
2445792.03429832,1984.249238325311,12933.899856046746,0.4900568,25.6245,184.4284,64.3502,217.41798107201612,238.5928028880475,11055.340900471421
2445799.13858133,1984.2686887921423,12914.368334059805,0.489168,25.6304,175.0648,80.2358,218.93630482443768,238.11263482879025,11045.869452624498
2445808.92378804,1984.2954792280354,12893.148128814164,0.488477,25.6463,162.1044,102.1638,217.00551029540657,237.43567790724092,11033.314496490631
2445812.46007326,1984.305161049309,12885.416326674163,0.4883008,25.645,157.3754,110.2207,215.32092602610828,237.27812224874765,11028.122237176462
2445817.67345568,1984.3194345124703,12874.054021490436,0.4877019,25.6657,150.4367,121.9563,217.21711450690873,236.9365755106801,11023.229485055545
2445820.36041897,1984.32679101703,12865.973691980194,0.4872272,25.6626,147.0051,127.8249,219.18505476302198,236.72523386917698,11020.13285550461
2445825.72744007,1984.3414851199723,12854.400484813481,0.4868879,25.64,139.7683,139.953,217.61212700366377,236.32665680995967,11012.9465448513
2445828.57491803,1984.3492810897462,12848.782988795008,0.4865858,25.7034,135.9408,146.4691,218.6113391657973,236.20870769133796,11010.558293320762
2445829.74702322,1984.3524901388644,12847.218419442306,0.4865802,25.68,134.4696,148.9997,217.88001146638453,236.11285000886278,11009.262480225641
2445834.76521388,1984.366229196113,12837.678659749088,0.4861573,25.6859,127.7882,160.3277,218.41116425785276,235.81338939937018,11004.475318909199
2445841.77788398,1984.3854288404652,12822.683033180938,0.485447,25.7133,118.4069,176.2265,219.81372277235187,235.4190174324852,10997.296178819626
2445846.61202453,1984.3986639959749,12811.682851540803,0.4852089,25.7093,111.9397,187.245,217.20400799582785,235.20566144903137,10989.760325469988
2445856.43316957,1984.425552825653,12794.013949499804,0.4844789,25.7143,98.7905,209.5722,217.44784466148303,234.7036827648584,10980.409063195533
2445859.5929055,1984.4342037111567,12788.45894973905,0.4843171,25.7158,94.5485,216.7885,216.65329773238773,234.56366398359978,10976.926093838854
2445871.55671502,1984.4669588364682,12770.38319158254,0.4839372,25.7332,78.4061,244.1863,212.18340692102174,234.02721887147845,10964.420602019534
2445876.70214015,1984.4810462427108,12763.36616416975,0.483452,25.7344,71.4965,255.9066,214.75496536955688,233.76645262410557,10962.233474914792
2445891.12563239,1984.5205356122926,12743.854886510435,0.4830549,25.7691,51.8829,289.129,209.7370386926259,233.159079574622,10948.607930108283
2445896.75446251,1984.5359465092672,12735.159411934314,0.4827125,25.7632,44.2454,302.1065,209.60247430097115,232.95115666377149,10943.833829429115
2445901.21955471,1984.5481712654625,12726.974508811783,0.4823325,25.7548,38.1807,312.4242,210.2047765403231,232.80324443347644,10939.788002853995
2445919.04586644,1984.5969770470638,12697.78300583789,0.4810649,25.7261,13.8845,353.7365,211.188993912785,232.249263057034,10924.618119358558
2445928.92100822,1984.6240137117588,12678.817869413431,0.4806352,25.7217,0.4058,16.6188,206.79540698433266,231.91966376679127,10911.652440448712
2445932.69990189,1984.634359758768,12671.677161390164,0.4801829,25.7263,355.1451,25.5041,208.81817417006732,231.81968684352177,10909.028294705535
2445940.90515627,1984.6568245209312,12656.566333353087,0.4797855,25.7053,343.8919,44.6031,205.99302682210964,231.57817246475327,10899.106162703922
2445941.72465803,1984.6590681944697,12654.2665847955,0.4797572,25.6986,342.7325,46.5419,205.15478002044802,231.5498499908806,10897.345406189073
2445946.63809815,1984.6725204603697,12642.868728952357,0.4793669,25.6971,335.9323,58.0806,204.15963924752486,231.44553426691465,10890.555013816987
2445952.03480555,1984.687295839972,12628.869650957336,0.4789681,25.6998,328.6113,70.4909,201.90764909063728,231.21569761007845,10881.580470723999
2445953.83126599,1984.6922142806027,12625.06538608019,0.478854,25.6831,326.0942,74.7721,201.36602569414663,231.20915898300734,10879.184122454042
2445959.70485484,1984.7082952904584,12611.239467760635,0.4779088,25.6962,317.8361,88.8776,206.0808472105109,231.2673954349591,10874.554929426813
2445964.75536073,1984.7221228219848,12601.901425060601,0.4779329,25.6777,310.8107,100.6369,200.90183146725576,231.02338408542846,10866.317441458401
2445968.82240655,1984.7332577865843,12587.519945750875,0.4771606,25.6954,305.1633,110.2146,203.11507592442103,230.94509682962922,10859.844666492341
2445972.72056969,1984.7439303756064,12578.838599164523,0.4768981,25.6804,299.6938,119.4778,201.87807101630005,230.8966647817091,10854.36563913875
2445977.26146203,1984.7563626612732,12569.83617654566,0.4768915,25.6963,293.3547,130.3117,197.2518475585348,230.91584194168252,10846.647889924352
2445982.44193246,1984.7705460163172,12554.036226466245,0.4760354,25.7021,286.0251,142.7053,199.73426978589578,230.87383412583733,10839.549109447536
2446005.61475897,1984.8339897576186,12483.96120953093,0.4734796,25.701,253.2493,198.269,194.92394962670824,230.82198725728205,10798.358507138058
2446013.77908351,1984.856342459986,12458.75677827998,0.4722811,25.6973,241.6325,218.048,196.5851224014541,230.93721440499718,10785.551488094725
2446019.05134055,1984.8707771130737,12444.116802428323,0.4721362,25.6995,234.0764,230.8923,190.66248297366383,231.02893929345248,10773.961871274048
2446033.0735523,1984.909167836551,12407.529054320596,0.4704779,25.712,213.854,265.1247,191.92454065485526,231.21827884166976,10754.627027234925
2446051.7885266,1984.9604066436693,12356.313547681533,0.4684305,25.7426,186.6248,311.251,190.10311438429926,231.66940827903653,10725.335643799746
2446059.21377076,1984.9807358542375,12340.408126306327,0.4675026,25.7276,175.7981,329.6791,193.09894219699072,231.95229247452312,10718.338026114296
2446062.3682333,1984.9893723019845,12329.93691981626,0.4671275,25.7395,171.2135,337.4616,192.148011304791,232.04107128560423,10711.988366032281
2446065.67693898,1984.998431044435,12320.09227472607,0.4665605,25.7367,166.3652,345.7307,193.88756298373846,232.200724003397,10707.576647573103
2446066.77882052,1985.0014478316764,12317.071778184913,0.4663587,25.7048,164.6829,348.5429,194.76189590390823,232.24458059649965,10706.42347691042
2446068.66704832,1985.006617517646,12311.785036875839,0.4661609,25.7105,161.9159,353.2361,194.3759434792646,232.3096936474667,10703.269485864621
2446074.01088173,1985.021248136153,12299.296670960606,0.465558,25.7096,154.0718,6.5846,195.12441142152784,232.5470709849134,10696.797094398244
2446077.93486412,1985.0319914144288,12288.351998073382,0.4650365,25.6968,148.2801,16.4496,195.6834941213283,232.7527908056583,10691.061827711637
2446079.18929056,1985.0354258468442,12284.42545835884,0.4649412,25.6884,146.4283,19.5599,194.7536444389316,232.7748951360811,10688.336275249556
2446079.18932389,1985.0354259380972,12284.247459535587,0.4648757,25.687,146.4266,19.57,195.46302281075896,232.78326228498696,10688.655946429482
2446083.73235929,1985.0478640911433,12272.507343397501,0.4643472,25.6934,139.6919,31.0084,195.66662151143373,233.00922718837913,10682.263011402107
2446089.67629813,1985.0641377087743,12258.782084674658,0.4639001,25.6699,130.8335,46.033,193.7955497158755,233.31692484122675,10673.541993026594
2446094.67294227,1985.0778177748666,12244.93259944665,0.4633856,25.68,123.4044,58.5518,192.67085989250427,233.48180104799067,10665.186543663367
2446097.01131367,1985.0842198868443,12236.55265268258,0.4630769,25.6847,119.95,64.4197,191.95148359155337,233.59054073608223,10660.105615662516
2446098.88111533,1985.089339124791,12232.792485197851,0.462864,25.6862,117.2129,69.0976,192.53692432923344,233.68841507523524,10658.357955030993
2446101.99464472,1985.0978635036827,12225.3093099107,0.4625787,25.6875,112.5833,76.9596,192.00532223431128,233.8520386742262,10653.883027542633
2446104.94917157,1985.1059525573446,12215.35811002958,0.4622886,25.6835,108.1479,84.4728,190.20101084535963,234.01777935592924,10647.287182419957
2446108.8309405,1985.1165802614644,12202.764076475636,0.4617691,25.6786,102.3071,94.3579,189.76839136915078,234.2361058727866,10640.020039384934
2446112.08703103,1985.1254949514855,12194.495017752064,0.4613893,25.6854,97.3971,102.6537,189.94919765795112,234.41261746520286,10635.517355013546
2446115.95847796,1985.1360943955099,12184.432062882572,0.4610007,25.69,91.5522,112.524,189.26405279126175,234.6222176164579,10629.5058823441
2446118.74211637,1985.143715582121,12175.941693249035,0.4607128,25.6919,87.3652,119.64,188.1932031155302,234.80759043636357,10624.144237637176
2446122.44840264,1985.1538628409032,12163.764770980408,0.4602389,25.706,81.7232,129.1851,187.39075292563302,235.0576772747981,10616.878999133933
2446125.06962854,1985.161039366297,12155.444926078984,0.4598472,25.7011,77.7672,135.8765,187.66131206735645,235.20952813309796,10612.38909037232
2446127.37981566,1985.1673643139218,12147.265785290836,0.459528,25.7161,74.2714,141.8341,187.1207335077097,235.39434698813818,10607.503411733967
2446129.07218748,1985.1719977754417,12141.407486846036,0.4592017,25.7146,71.6952,146.1821,187.9162284936092,235.4981008410167,10604.689933159201
2446131.07046122,1985.1774687507736,12134.425273677116,0.4589384,25.7156,68.6582,151.3392,187.33525365617697,235.6486497214535,10600.446647117078
2446134.60045622,1985.187133350363,12120.414173140412,0.4583605,25.7145,63.2786,160.456,186.75877253268663,235.9065938693077,10592.269344584576
2446137.20563291,1985.1942659354145,12112.016926976443,0.4580719,25.7193,59.3297,167.2044,185.7060204041827,236.13836325079333,10586.955896792868
2446141.64270378,1985.206413973388,12097.299606327202,0.4573617,25.7329,52.5421,178.7061,186.32179296806225,236.47916958031328,10579.062354061496
2446144.69792063,1985.2147787012464,12086.521807729374,0.4569212,25.7393,47.8518,186.6469,185.7974595154983,236.71836755132233,10572.712746514713
2446151.40612041,1985.233144751294,12062.983698096179,0.4560448,25.7475,37.5536,204.1781,183.58641009464736,237.3395895341052,10558.219023124586
2446155.05743269,1985.243141499494,12048.51440332269,0.4555084,25.7497,31.9126,213.7412,182.1785850882161,237.662860182173,10549.27435281807
2446158.85568789,1985.2535405554831,12035.444185062988,0.4547265,25.7696,26.0876,223.6616,184.47247484394302,238.01460002608454,10543.237160799672
2446161.58705186,1985.2610186224779,12025.603464843101,0.454422,25.7618,21.8464,230.8372,182.76838714216956,238.25689590795233,10536.71728717712
2446165.98215554,1985.2730517605476,12010.004279470622,0.4537681,25.7628,15.0494,242.3712,182.11115658336894,238.66196620284842,10527.549040731381
2446168.55490049,1985.2800955523346,12001.14189921323,0.4534593,25.7627,11.0396,249.1944,180.97619439532718,238.9396011595432,10521.901180365086
2446176.41187409,1985.301606773689,11979.9266804695,0.4524891,25.7806,358.7317,270.0468,181.00413875786853,239.74006147201055,10509.940242901283
2446179.12565328,1985.3090366961806,11966.661534619343,0.4519775,25.759,354.5334,277.1981,179.86347085592934,240.0182893750026,10501.79293705845
2446181.38490042,1985.3152221777411,11959.294817800428,0.4517954,25.7559,350.9685,283.2844,178.00413187435697,240.31291601316798,10496.568363817927
2446185.14516615,1985.3255172242295,11943.800074978668,0.4508873,25.7655,344.9759,293.3839,180.35600743173836,240.71359927737626,10489.137143851918
2446187.39813459,1985.3316855156472,11935.546434641157,0.4505292,25.7642,341.4282,299.3958,180.09794787942337,240.9572143670207,10484.31533483958
2446189.04896541,1985.3362052441064,11929.956424933882,0.4502386,25.7518,338.8408,303.7944,180.4932461106455,241.1413121216949,10481.37156057194
2446192.047331,1985.344414321698,11919.635100487449,0.449788,25.7509,334.097,311.8541,180.18996790939946,241.50194418870228,10475.347108895134
2446196.08911256,1985.3554801165224,11905.514983953164,0.4491742,25.749,327.6757,322.7481,179.72851544798777,241.99095805194293,10467.073000366132
2446197.13576045,1985.3583456822719,11901.310265550586,0.4490512,25.7523,326.0395,325.538,178.8763092327772,242.1130543821224,10464.203818454767
2446201.91359546,1985.371426681615,11881.328011591866,0.4480773,25.7459,318.4473,338.4289,179.43833574341352,242.70259461858882,10453.165925462423
2446208.75973035,1985.3901703774134,11852.361356087236,0.4467223,25.741,307.5049,357.0135,179.51093066482645,243.5970641311934,10436.717697495333
2446212.0249197,1985.3991099786444,11838.146010364788,0.4461468,25.7272,302.2497,5.9267,178.45874990777156,244.03680768800558,10428.023629909672
2446215.43279437,1985.4084402309932,11824.24022380606,0.4454972,25.7201,296.7583,15.2407,178.43801197308767,244.5005168424907,10420.077705769989
2446217.50442154,1985.4141120370707,11817.196827779655,0.4451389,25.7198,293.4383,20.8874,178.76653077832998,244.7853666545504,10416.239723077098
2446220.01713447,1985.4209914701435,11806.490001428489,0.4446336,25.7257,289.3755,27.7459,178.79154872933486,245.10447074831973,10410.136185216978
2446223.41149617,1985.4302847259955,11793.088125913082,0.444129,25.7169,283.8761,37.0817,177.29938963943096,245.5952986416113,10401.640349194897
2446227.97519021,1985.442779439316,11768.351420014844,0.4429509,25.6994,276.4231,49.7557,177.41326700299032,246.3182018462524,10387.541903359985
2446230.47180125,1985.449614787816,11756.780939355715,0.4424147,25.7001,272.3636,56.646,177.27192710493728,246.68827638625743,10380.830861275172
2446231.93881586,1985.4536312549214,11750.48477674711,0.4421099,25.6961,269.9502,60.7223,177.34282714792334,246.9052482282599,10377.258822757722
2446235.01545767,1985.4620546411231,11737.517685124098,0.4414167,25.6899,264.9051,69.2575,178.24506236497928,247.36292919569166,10370.315567353788
2446238.67147823,1985.4720642798907,11722.386554326975,0.4408281,25.6858,258.8834,79.468,176.69286211746658,247.9482592393847,10360.763433975155
2446240.13165203,1985.4760620178786,11715.619806529403,0.4404615,25.6823,256.4741,83.5446,177.20403311575137,248.1763735637,10357.15525417485
2446242.75688626,1985.4832495174815,11704.890513026792,0.4400444,25.6804,252.0973,90.9022,176.082690156225,248.56967370665927,10350.364090735455
2446244.65048765,1985.4884339155378,11696.833310803422,0.4396343,25.6738,248.941,96.2974,176.3678859916763,248.94219040638728,10345.883291947292
2446246.83255685,1985.4944080954135,11686.620356402711,0.4390177,25.6799,245.3075,102.4161,177.85086676161336,249.27668565110957,10340.816193030281
2446249.15702104,1985.5007721315267,11677.065403117267,0.4385257,25.6803,241.452,108.9385,178.23582326948508,249.65253265041747,10335.518970356787
2446252.20346249,1985.5091128336478,11664.66271753601,0.4379564,25.6805,236.3809,117.5212,177.9127265497218,250.16147988677017,10328.185477615341
2446257.84414468,1985.5245561798222,11637.792980039698,0.4366139,25.696,226.9317,133.5566,178.43449963194325,251.1880752639945,10312.945842568895
2446259.86385148,1985.5300858356748,11627.612006304056,0.4361665,25.691,223.5534,139.2682,177.90087415643757,251.5306991571058,10306.764238677084
2446262.88775159,1985.5383648229706,11612.931206419024,0.4353653,25.6977,218.4754,147.9036,178.92762785704417,252.10766373060062,10298.822469543447
2446264.32559466,1985.5423014227513,11606.469819930428,0.4350204,25.6915,216.0672,151.9728,179.28237627636554,252.35148780954938,10295.270701125359
2446267.19707934,1985.5501631193429,11593.228385266295,0.4344106,25.7069,211.2281,160.1886,178.87078648573242,252.89797703655427,10287.36732433738
2446268.77435239,1985.554481457604,11587.851800571798,0.4341919,25.7015,208.5535,164.7247,178.3641103631071,253.2048752625672,10283.972103430853
2446271.78195,1985.5627158110888,11576.909253001648,0.433764,25.6957,203.4974,173.3697,177.12648778264065,253.82940800800822,10276.947613559101
2446275.07049733,1985.5717193629837,11563.286053351594,0.4329883,25.7155,197.887,182.8196,178.382182697178,254.4276293258522,10269.710964256781
2446280.20626325,1985.5857803237514,11540.071349327245,0.4319116,25.7172,189.1565,197.6589,177.6443687251549,255.47448344948907,10255.803951916492
2446282.7683642,1985.5927949738532,11528.50304822143,0.4313562,25.7234,184.7818,205.0845,177.47548165221724,256.0001094128269,10248.973389038536
2446288.7351531,1985.60913115154,11504.762381286342,0.4303468,25.7291,174.5722,222.4643,175.58840573938596,257.28928544559756,10234.111913127164
2446292.70432608,1985.619998154908,11487.959544663116,0.4294017,25.7136,167.7536,234.0232,176.87388665354774,258.1174642331083,10224.987005829418
2446295.11071796,1985.626586496811,11479.387151665027,0.4291109,25.7272,163.5958,241.0585,175.320699565611,258.6231611480888,10219.144067081517
2446299.20987442,1985.637809375551,11463.541074556193,0.4282915,25.7306,156.5154,253.1049,175.66757242290896,259.5489248016806,10210.058265872938
2446302.59629256,1985.6470808831211,11449.837455743573,0.427748,25.7266,150.637,263.06,174.056083724171,260.28788207639707,10201.172929788892
2446309.77413069,1985.666732732895,11419.58729086196,0.4261225,25.7422,138.021,284.4273,175.307905511635,261.96451615778733,10184.094615025928
2446312.16039931,1985.6732659803145,11409.034830580486,0.4256899,25.7151,133.8707,291.4907,174.18763445416062,262.5256470868246,10177.30138500919
2446314.68378312,1985.6801746286653,11399.378525619808,0.4252739,25.7291,129.4314,298.9878,173.3840624532222,263.09633368048225,10171.199585931472
2446317.90320169,1985.688988916331,11383.928513975252,0.424419,25.7232,123.7677,308.6167,174.23665800238905,263.88839012079467,10162.56030093222
2446319.5802345,1985.6935803819306,11375.233121309819,0.4239493,25.7241,120.8211,313.6301,174.5747021937059,264.30226250502125,10157.617824615552
2446321.39489782,1985.6985486593292,11366.165337115957,0.4232112,25.7175,117.6486,319.0629,177.740565396708,264.7739826415151,10153.941070998471
2446323.06831803,1985.703130234168,11358.421761156787,0.4230772,25.7399,114.6574,324.0632,174.79618602750452,265.1337156995163,10147.824348618144
2446325.85316939,1985.7107547416565,11343.869935600182,0.4223165,25.7326,109.733,332.4346,175.03018794228774,265.835893003695,10139.359044537732
2446328.21592306,1985.7172236086521,11331.086981054155,0.421698,25.7259,105.5377,339.5644,174.65396331757984,266.44160088522574,10131.609841828458
2446329.04877799,1985.7195038411774,11324.726906289345,0.4214146,25.7284,104.0558,342.0785,174.1853469661828,266.652917176138,10127.60451142654
2446332.09727324,1985.7278501662968,11304.682725344737,0.4200687,25.7397,98.6251,351.3544,177.80304899671592,267.4934401331917,10117.632363852485
2446334.17150591,1985.733529105845,11292.946901444599,0.4196979,25.7168,94.9078,357.6068,175.18450209679304,267.9841218958068,10109.312431727461
2446338.17269675,1985.7444837693365,11271.765645023455,0.4184451,25.71,87.6943,9.8443,177.01424251505068,269.0644430388703,10097.698042707914
2446341.06345789,1985.7523982419984,11257.825255560543,0.4178518,25.7157,82.5011,18.6468,175.58640843911053,269.82453288054336,10088.675636499414
2446343.94864988,1985.7602974671595,11241.005372203263,0.4169863,25.716,77.284,27.4912,175.5238337681012,270.6081118225766,10078.64067487997
2446346.55207841,1985.7674252660097,11222.48331445075,0.4160319,25.7147,72.5621,35.5423,175.43595842150717,271.3713042364987,10067.566082246844
2446348.05676068,1985.7715448615468,11213.48062000034,0.4155236,25.7071,69.8027,40.2269,175.87848424756703,271.8134498431893,10062.427781389873
2446350.51531071,1985.7782760046812,11200.37288699984,0.4148142,25.7032,65.3142,47.8234,176.16286817730997,272.49823831474623,10054.753935451787
2446352.01546909,1985.7823832144834,11191.796943926867,0.4143729,25.7004,62.56,52.4974,176.08328806075315,272.93944278595643,10049.592363555128
2446353.78623818,1985.78723131603,11182.43764009097,0.4139888,25.7009,59.3095,57.958,174.89740039487697,273.40422622915054,10043.392138189647
2446357.18502263,1985.7965366807114,11163.376756068856,0.4129556,25.6943,53.0614,68.5676,175.26150974038774,274.41579494393693,10032.179084479982
2446358.54185055,1985.8002514731008,11154.732777093235,0.4125122,25.693,50.5468,72.8369,175.13311880239507,274.8331696836791,10026.938422171343
2446359.89720834,1985.8039622404929,11147.316597246316,0.412133,25.6927,48.048,77.0836,175.00326607339866,275.24519342258674,10022.429551928473
2446365.0340229,1985.8180260722788,11117.784942546095,0.4104668,25.6895,38.4955,93.254,176.167034091015,276.80011397965256,10005.305332860109
2446367.72933963,1985.8254054473098,11104.182199531679,0.4097942,25.6876,33.4732,101.7659,175.61643842035392,277.63313896849854,9996.851954827302
2446368.80595859,1985.828353069377,11098.16215700656,0.4094208,25.6937,31.446,105.1893,176.20742815520953,277.9681950242249,9993.53103011932
2446370.15045053,1985.8320340876933,11091.215365981021,0.4090701,25.6899,28.9194,109.4521,175.99448709762783,278.37922843039337,9989.243593808244
2446372.83531687,1985.8393848511155,11076.73136358569,0.4083194,25.6959,23.8886,117.9907,175.75075924519933,279.2407535984598,9980.399003850192
2446374.97872158,1985.845253173388,11063.830776726698,0.4076498,25.6974,19.8614,124.8241,175.52607336021538,279.9343575802845,9972.509862211675
2446377.51890534,1985.8522078174956,11049.136610114116,0.4068003,25.7023,15.0542,132.9591,176.20822237871016,280.7584857016231,9963.986463813877
2446378.85367509,1985.855862217905,11042.246834906933,0.406474,25.7073,12.5321,137.229,175.72429493497202,281.19070155422406,9959.58266227276
2446380.85312824,1985.861336422286,11031.15271558872,0.4058278,25.7066,8.7466,143.6767,176.26797755732423,281.8821879770236,9953.150839550057
2446383.64687079,1985.8689852725258,11016.34529611442,0.4049645,25.7093,3.4597,152.6431,176.98023144609215,282.8081018907109,9944.549149373755
2446385.37308354,1985.8737113854613,11006.631343483828,0.4043353,25.7164,0.213,158.215,178.12545722689083,283.43190123389934,9939.238059790692
2446387.89110356,1985.8806053485562,10990.635258545191,0.4035168,25.711,355.3724,166.3832,177.5929890498628,284.2776745198139,9929.275395830982
2446391.85630279,1985.8914614723885,10967.977870386985,0.4023963,25.725,347.7438,179.28,176.3678568613832,285.6376699401609,9914.91216564636
2446393.83446151,1985.8968773757979,10957.801043814527,0.4018151,25.7293,343.9676,185.7157,176.65482161408818,286.3474447127577,9908.868957090654
2446395.81010142,1985.9022863830805,10948.692611421693,0.4012945,25.7317,340.1671,192.1738,176.90618426753008,287.05780209101965,9903.452960272554
2446398.83493278,1985.9105679199997,10934.672326798094,0.4004916,25.7329,334.3383,202.0612,177.29161116300202,288.13504880010487,9895.107238641142
2446399.88581141,1985.9134450688841,10929.60972468819,0.4002344,25.74,332.3211,205.5339,177.06763429344755,288.5547752017278,9891.912178240698
2446400.80452199,1985.915960361369,10923.11738649477,0.3997569,25.7328,330.5376,208.5017,178.38954173351794,288.83356990717823,9888.60556647314
2446401.85393502,1985.9188334976593,10918.256036231867,0.3995617,25.7393,328.4995,211.9758,177.60279335980067,289.2352408426668,9885.253460278473
2446404.73445186,1985.9267199229573,10906.080426517823,0.3989007,25.7379,322.9197,221.448,177.5010101235648,290.2885277353364,9877.773068038367
2446406.83076881,1985.932459325969,10897.575259559502,0.3984835,25.7309,318.8295,228.4108,176.93502861682373,291.09494265121657,9872.300958671176
2446409.70694675,1985.940333872006,10887.026721023221,0.3978252,25.7359,313.2355,237.8991,177.75683832681443,292.15440607785933,9866.256433069888
2446413.36152075,1985.950339550308,10871.131730913701,0.397097,25.709,306.0724,250.1131,176.10163396306234,293.6032618891345,9855.72269447399
2446420.26186447,1985.969231661793,10844.611448103688,0.3956323,25.7243,292.5236,273.0918,175.99657828409545,296.2320017545601,9839.421656868495
2446423.89746971,1985.9791854064615,10830.955065657,0.394628,25.7093,285.313,285.2989,178.62063000690978,297.64515367382967,9832.313814337285
2446426.87936969,1985.987349403669,10820.667019485903,0.3941396,25.7178,279.4134,295.2484,177.67734869253763,298.75601467917863,9825.535333774598
2446428.6926654,1985.9923139367556,10814.339763560465,0.39374,25.7128,275.8215,301.3629,178.1653250561676,299.49138276798294,9821.88136377559
2446429.72805624,1985.9951486823816,10810.930320584268,0.3934685,25.7243,273.7708,304.873,179.03348373945664,299.9302743426081,9820.203920531329
2446800.32416294,1987.0097855248187,9368.584614144514,0.2998569,25.6916,116.3178,354.3784,181.21357435944446,186.71341106526927,8877.536636961748
2446801.26313291,1987.0123562844894,9365.654962373786,0.2996317,25.6814,113.7116,358.886,181.27154438429352,187.6893375837908,8875.51280743751
2446803.03624669,1987.0172108054483,9360.346657077707,0.2992292,25.6874,108.6336,7.4332,181.32131515767105,189.41091003863534,8871.82454521911
2446804.70303359,1987.0217742192751,9354.878141942709,0.298798,25.6837,103.8951,15.4885,181.52296288651087,191.08488106097036,8868.076371602487
2446805.53596219,1987.0240546534976,9351.78472687762,0.298596,25.6836,101.5383,19.4986,181.2429145708702,191.91722474084867,8865.815146126839
2446806.99263574,1987.0280428083229,9346.804737141774,0.298237,25.6749,97.3861,26.526,181.10543275082273,193.35668900372775,8862.285000278916
2446808.03245144,1987.030889668556,9343.61059776474,0.2980267,25.6791,94.4329,31.5488,180.82886522788704,194.40141931980514,8859.953192947938
2446809.38329606,1987.0345880795617,9338.998776373952,0.2977006,25.6702,90.5703,38.107,180.6369372481604,195.76559135778888,8856.658925768246
2446810.42169285,1987.037431055031,9335.422655612872,0.2974018,25.6692,87.6061,43.1434,180.9148540728238,196.81432018884436,8854.254517204754
2446812.70389706,1987.0436793896233,9326.955411807712,0.2967803,25.6677,81.0737,54.211,180.7624866047954,199.10011973562706,8848.271370174005
2446813.94757235,1987.0470843869953,9322.085114392774,0.2964595,25.6652,77.5178,60.2464,180.32812242244927,200.35382068168875,8844.705613695465
2446814.87919822,1987.049635039617,9318.401128854131,0.296163,25.6655,74.8692,64.7727,180.49919532930562,201.31328573789636,8842.183502156962
2446817.05135708,1987.055582086462,9309.90638395958,0.2955237,25.6615,68.607,75.3888,180.47210271822496,203.52624887369652,8836.215796937768
2446817.98131867,1987.058128182532,9306.368184125453,0.2952286,25.6594,65.9548,79.9551,180.72583404155375,204.52375428843368,8833.821691056417
2446819.11719383,1987.061238039234,9301.437469446839,0.2949027,25.6581,62.6542,85.4832,180.28214582579858,205.6317058757781,8830.204258155178
2446822.41595567,1987.0702695569341,9289.242974305509,0.2939317,25.6572,53.1123,101.6596,180.70369515483435,209.0148595037256,8821.78279462964
2446824.68004246,1987.076468288734,9281.600471700942,0.2933909,25.6596,46.5717,112.7585,180.32705586817792,211.34161605575775,8816.275874409706
2446827.14633101,1987.0832206187815,9272.780541441112,0.2927435,25.6572,39.4122,124.9291,180.0980110077453,213.92187723868204,8809.987691184946
2446836.05270754,1987.1076049487745,9240.91896653246,0.2903027,25.6818,13.3853,169.0491,180.11894006687635,223.23661844119388,8787.52255663291
2446842.97725983,1987.126563339713,9211.777153525685,0.2880255,25.6926,353.0346,203.6272,180.4141329928725,230.63899770338605,8767.007262093957
2446849.97401596,1987.1457194139905,9183.286424431331,0.2859824,25.6933,332.2924,238.8958,178.89183288504046,238.26921096344495,8746.277242984192
2446863.38587527,1987.1824390835586,9133.128524268515,0.2820467,25.6974,292.0058,307.2883,179.023463322711,253.15602991891137,8710.601870172379
2446870.80023236,1987.2027384869546,9101.483306815557,0.2795048,25.6848,269.5219,345.4999,179.4387354407354,261.5759446963716,8688.110306605671
2446871.59947229,1987.2049266866254,9097.685707757062,0.2792437,25.6805,267.0881,349.6116,179.0779892858618,262.4660928148777,8685.270498400452
2446872.39848224,1987.2071142566456,9093.889960135533,0.2789698,25.6787,264.6497,353.7515,178.8329967345153,263.3800676075841,8682.46943916697
2446874.69154051,1987.2133923080355,9081.815333585804,0.278069,25.6837,257.6254,5.6946,178.30772559093293,266.0387691072577,8673.636823637233
2446875.68723136,1987.216118361013,9076.606730834385,0.2777006,25.6813,254.5664,10.8776,177.89129571763806,267.18139003531496,8669.761471553244
2446877.67594611,1987.2215631652564,9065.448313741528,0.2768122,25.6687,248.434,21.2789,177.88532202844544,269.49016050766795,8661.744156410738
2446878.8673771,1987.2248251255305,9058.86378870541,0.2763149,25.6668,244.7729,27.4922,177.62844681565275,270.86805480898823,8656.926148233364
2446879.46262213,1987.226454817604,9055.744674337624,0.2760321,25.6649,242.9407,30.6141,177.93215481639345,271.5710656625962,8654.781693273619
2446880.15667122,1987.2283550204518,9052.097038994612,0.2757694,25.6638,240.7833,34.2405,177.66936980929222,272.3559926374001,8652.071259184711
2446881.64258459,1987.2324232295407,9044.71456693795,0.2750963,25.6629,236.1869,42.154,178.41075501721753,274.2085373653134,8646.997317126832
2446882.43418828,1987.2345905223267,9040.23133659813,0.274689,25.6616,233.7249,46.2837,178.8429309793264,275.096011962425,8643.90761729841
2446883.4228304,1987.2372972769338,9034.553969322602,0.2742424,25.6573,230.6379,51.5111,178.7599058460455,276.2619803038448,8639.78797463276
2446884.70697304,1987.2408130678714,9027.483098061968,0.2737064,25.6593,226.6473,58.2509,178.46689823057932,277.7454955663137,8634.592660424816
2446888.05856386,1987.2499892234364,9012.598618851569,0.2725752,25.6515,216.166,76.0329,177.8514477983781,281.742779562907,8623.646004145407
2446889.04254765,1987.2526832242304,9007.967933458069,0.2722113,25.649,213.0729,81.2832,177.7609719331349,282.9301392770403,8620.269905955334
2446896.59199833,1987.2733524937162,8972.346271261114,0.2692805,25.6534,189.2278,121.714,178.13208116278565,292.074902262158,8594.587897949104
2446898.34934985,1987.2781638599586,8963.48881547245,0.268535,25.6536,183.6567,131.1735,178.34204640955613,294.2312104149247,8588.224118344206
2446900.00663286,1987.282701253552,8955.367970423642,0.2678805,25.6539,178.3927,140.1277,178.26322082257138,296.28794872132823,8582.298292051737
2446902.34195525,1987.2890950177964,8943.654437578703,0.2669894,25.6567,170.9426,152.8829,177.65720548222816,299.29129359330193,8573.587300261903
2446903.89600334,1987.2933497695822,8935.173019579512,0.266045,25.6654,165.9836,161.1797,179.8786135854807,301.0973829504008,8568.109534702331
2446904.86609106,1987.2960057250102,8930.276527273089,0.2657391,25.6567,162.8677,166.4804,179.01658016441252,302.3260389963169,8564.270815186528
2446906.41657645,1987.3002507226563,8922.19755623036,0.2650062,25.6607,157.8796,174.9258,179.62358620446594,304.25513984372066,8558.569199434296
2446907.38448389,1987.3029007088026,8916.984226829045,0.2646837,25.669,154.7678,180.2304,178.66754883029444,305.4939448310706,8554.466322966926
2446910.38035049,1987.3111029445315,8903.370738689173,0.2634891,25.6819,145.0978,196.6331,179.2932957856283,309.2738399686891,8544.717375310747
2446912.40636001,1987.3166498562907,8894.62501608051,0.2629035,25.6812,138.5221,207.8301,178.06066816538805,311.8982517353749,8537.939660962938
2446913.56296258,1987.319816461547,8890.39588717546,0.2624961,25.6787,134.7902,214.1771,178.5653393358616,313.37337384311445,8535.001377584818
2446913.85196394,1987.320607704148,8889.211590268103,0.2622996,25.6781,133.864,215.7463,179.43864582541664,313.7315265067006,8534.40450026625
2446915.48884747,1987.3250892470087,8882.958095619237,0.2617904,25.6799,128.5294,224.8408,179.34864258383823,315.87807107688394,8529.797153967815
2446918.85461681,1987.334304221246,8871.344875147764,0.2608492,25.6828,117.5823,243.4071,179.12536154136978,320.179880351439,8521.216041712098
2446921.54303495,1987.341664708966,8861.758451717255,0.2601609,25.6802,108.7855,258.3618,178.13909733588662,323.68800477226563,8513.879452377396
2446924.89820868,1987.3508506740043,8849.72485794658,0.2591912,25.6745,97.7711,277.0628,177.81775234557517,328.06765735842544,8504.942380063869
2446926.52562232,1987.355306289719,8843.807688638624,0.2586714,25.6763,92.424,286.1406,178.0312724877076,330.19433570112903,8500.657164041198
2446927.86471846,1987.3589725351403,8838.91130947617,0.2582683,25.6778,88.0043,293.6404,177.96441172698633,331.9545873494746,8497.034903757516
2446930.73065871,1987.3668190519097,8828.269200061342,0.2571778,25.684,78.5191,309.7712,179.6980493818064,335.7754413125225,8489.724793008252
2446932.25700877,1987.370997970623,8821.99812774603,0.2567889,25.6911,73.464,318.3657,178.47063272006744,337.81043057575494,8484.731774653183
2446933.30553256,1987.3738686723073,8817.418147373191,0.2562304,25.6784,69.9873,324.2388,179.9912685045001,339.17337796939427,8481.813262522692
2446935.87585502,1987.3809058316763,8807.04463310817,0.2553683,25.686,61.4604,338.7907,179.86831712721232,342.66500059651895,8474.119520891696
2446937.39689095,1987.385070201095,8800.695442977933,0.2547679,25.6769,56.3768,347.3851,180.424446430874,344.67662760582476,8469.59570041174
2446939.01112069,1987.3894897212595,8793.4468261562,0.2542662,25.6782,51.0196,356.4808,179.43421676740218,346.82410034657926,8463.940409578021
2446939.95975586,1987.3920869428057,8789.191718213146,0.2538994,25.6753,47.8457,1.8727,179.48491447385913,348.10710058992686,8460.808059971836
2446941.0025119,1987.3949418532509,8783.830664366162,0.2533632,25.668,44.3455,7.8232,180.1949189842244,349.52963282964885,8457.051999666875
2446941.854713,1987.3972750527034,8779.00259968434,0.2529952,25.6743,41.4955,12.658,179.8207811766806,350.67448102680066,8453.365257905274
2446942.99008081,1987.4003835203564,8772.87732638949,0.2524962,25.6721,37.6754,19.1416,179.62283840998407,352.2189326717189,8448.767970993908
2446943.84075656,1987.4027125436282,8767.670463989416,0.2521059,25.6649,34.8045,24.0137,179.15271076194676,353.38168429383796,8444.768402495976
2446944.87954493,1987.4055565911842,8762.402265663372,0.2516041,25.6649,31.3022,29.9807,179.6096297731783,354.8225271736508,8440.995873315305
2446947.0481965,1987.4114940355926,8750.228652669535,0.2506023,25.6524,24.0436,42.4173,179.2649267846491,357.86304718669356,8431.855613846958
2446947.98973117,1987.4140718170288,8745.519676393524,0.2502476,25.6589,20.786,47.8312,178.83806662326788,359.0913458696299,8428.230761545441
2446951.84160441,1987.424617671212,8726.752778310522,0.2486298,25.6511,7.6616,70.0845,178.88568038973244,4.423738363657947,8414.281773144081
2446953.24761025,1987.4284671054072,8719.964126425433,0.2480471,25.6509,2.8547,78.2314,178.86601276157126,6.377942053366041,8409.218180853608
2446954.0903748,1987.4307744689936,8714.723374926194,0.2475696,25.6483,359.9868,83.1228,179.0864948850658,7.570791162305113,8405.375152094904
2446955.58619052,1987.4348697892399,8706.882207557273,0.2469578,25.6413,354.8218,91.91,178.51343271978567,9.718675873654774,8399.358884396846
2446958.10667359,1987.441770495797,8694.327797586677,0.2458692,25.6443,346.1595,106.5664,178.52407745627806,13.228521513027374,8389.985806164415
2446959.22480181,1987.4448317640247,8688.608777453384,0.2453658,25.6474,342.2979,113.1398,178.58503388651297,14.83826495113641,8385.72792385262
2446960.52767233,1987.448398829103,8681.404336859057,0.2448228,25.654,337.7612,120.804,177.86231917707937,16.681621522873684,8380.130583094171
2446962.01461237,1987.4524698490627,8673.932492165946,0.2440267,25.646,332.6296,129.5372,179.1250700799137,18.817654337408385,8374.898590290142
2446966.18559388,1987.4638893740719,8653.490709584172,0.2423606,25.654,318.0887,154.2223,178.08920911492532,24.850825334095475,8359.274775686243
2446967.20271519,1987.466674100452,8648.470820966955,0.241934,25.6613,314.5545,160.305,177.97538136713592,26.396823837245847,8355.473361644124
2446968.40355254,1987.469961813936,8642.468800251501,0.2413141,25.6563,310.377,167.3867,178.7829199407306,28.11744698305165,8351.192737817933
2446971.35416086,1987.4780401392477,8628.763597731804,0.2400847,25.6713,299.9798,184.9654,178.9931779994431,32.39074987086849,8340.943201900716
2446973.10306077,1987.4828283662418,8621.195334139979,0.2395149,25.6795,293.8004,195.4402,178.15429580297496,34.96238815292139,8335.008257828953
2446974.48209022,1987.486603943107,8614.892155970494,0.2389593,25.6763,288.9689,203.684,178.14725680429365,37.01548048145651,8330.25647257513
2446975.58441285,1987.4896219379875,8610.458157412786,0.2386541,25.6772,285.0661,210.3053,177.40071526777956,38.64750232446113,8326.704466009825
2446976.59425572,1987.4923867370837,8606.921736627097,0.2381927,25.6708,281.5243,216.3616,178.6795094911995,40.16667464988927,8324.394168313194
2446977.69524356,1987.495401077508,8602.890977246972,0.2379246,25.6673,277.5793,223.0868,177.91528264187673,41.86171209713905,8321.13911358047
2446979.43711146,1987.5001700519101,8596.722336813094,0.2373366,25.6767,271.4054,233.6063,178.26918624981954,44.49048131238942,8316.579919594373
2446982.00154064,1987.5071910763584,8588.322513316674,0.2366635,25.6701,262.2636,249.1101,177.64374818635315,48.3249125109777,8310.058869912791
2446984.56259353,1987.5142028570292,8579.952011875253,0.2359583,25.6848,253.1331,264.6545,177.30482107158787,52.214571469471025,8303.6343948747
2446988.58041092,1987.5252030415334,8565.9320217774,0.2347747,25.6783,238.7298,289.0124,176.73160114421717,58.209105047967,8292.860545403038
2446993.9533017,1987.5399132147838,8546.010747841803,0.2328911,25.6718,219.3631,321.9287,177.58460416510297,66.46304267778305,8277.981059310578
2446995.22543484,1987.5433961255037,8540.582283096068,0.2323645,25.6695,214.7682,329.7321,177.91785117559175,68.41769481870267,8273.947399710454
2446997.22211632,1987.5488627414645,8532.09525362876,0.2316725,25.6656,207.5312,342.025,177.30711598245216,71.50561307276075,8267.328489314728
2446998.58183305,1987.5525854429845,8526.418859635227,0.2310236,25.6738,202.6037,350.4408,178.47857957440192,73.65374052554853,8263.325998691313
2447000.84490673,1987.5587814010407,8516.57814140951,0.2301025,25.668,194.3617,4.4592,178.75591962582894,77.19959562535163,8255.9049519346
2447002.65225046,1987.563729638494,8507.13196310895,0.2294058,25.657,187.7689,15.629,177.4102494063709,79.9952301422091,8248.340761867994
2447005.17747586,1987.5706433288428,8494.067647803,0.2282665,25.6494,178.4914,31.3823,177.02025507577582,83.98210161654868,8238.263761309478
2447006.88726191,1987.5753244679258,8482.98210738273,0.2271384,25.6403,172.172,42.1138,178.03482428318875,86.70899154671167,8230.059868844934
2447008.86300488,1987.5807337573717,8471.65990285501,0.2263054,25.6427,164.8997,54.443,176.34121987544586,89.8185473461752,8220.945580752905
2447012.08753154,1987.589562030226,8454.498345540489,0.2248149,25.6373,152.8936,74.7793,175.66484543763818,94.97056911860952,8207.61386202963
2447014.67747418,1987.5966529067207,8440.876211370662,0.2235343,25.6333,143.2396,91.1838,175.9145560752686,99.16835358051355,8197.220752888945
2447015.92544653,1987.6000696688018,8434.722989723812,0.2229722,25.635,138.5637,99.1392,175.87794831451538,101.21781923133653,8192.481639905334
2447016.54889172,1987.601776568706,8431.712939890633,0.2226448,25.6365,136.2331,103.0564,176.29959873127063,102.1899352658103,8190.276485434069
2447017.52777836,1987.6044566142643,8426.56856613317,0.2220827,25.6371,132.5627,109.2769,177.0371672311876,103.77521886482623,8186.509569277941
2447018.59459387,1987.6073773959479,8421.311539363835,0.2216326,25.6375,128.5334,116.1099,176.7380674846254,105.52743745873823,8182.3843925539195
2447019.48279088,1987.6098091468307,8417.159159626935,0.2212964,25.6399,125.1669,121.8059,176.3358393744693,106.98150714095527,8179.081668882213
2447022.58506112,1987.618302699849,8400.124405575129,0.2196701,25.6473,113.433,141.7482,176.73193738999998,112.13222805433816,8166.045392100071
2447023.6462208,1987.6212079967145,8393.600766837442,0.2190253,25.6435,109.4362,148.54,177.0535408006417,113.88132118275001,8161.089264120131
2447024.44125883,1987.623384692211,8388.900664576257,0.2186866,25.6478,106.3903,153.7166,176.2242005023336,115.22841080408875,8157.245141605383
2447025.23562414,1987.6255595459004,8384.400039342923,0.2182999,25.6515,103.361,158.8599,175.95004919436724,116.55946347584882,8153.69556151588
2447027.4386383,1987.6315910699525,8371.715342875777,0.2171282,25.657,94.9348,173.1606,175.84355956477702,120.26261481708099,8143.851893424517
2447031.04084659,1987.6414533787542,8351.302266510938,0.215208,25.6647,81.1153,196.6819,175.89890833965183,126.41398364850653,8128.038243334056
2447031.82989681,1987.6436136805203,8347.135438240619,0.2148157,25.6599,78.0849,201.8359,175.90339608015438,127.75987501273187,8124.803956480568
2447034.28096223,1987.65032433191,8333.448277342923,0.2134895,25.6642,68.6215,217.9838,176.208271337121,132.02854051235573,8114.24122240065
2447036.20227975,1987.6555846125937,8320.994121042148,0.2121854,25.6659,61.1655,230.5854,177.26435507117094,135.28043946632351,8104.807159417765
2447036.72569697,1987.6570176508412,8318.363183382271,0.2122097,25.6682,59.0913,234.0579,174.9895277456735,136.16284569713952,8102.1945779887565
2447037.68474463,1987.6596433802326,8313.502225269203,0.211716,25.6668,55.3449,240.4354,175.26448814410833,137.84868311621233,8098.473980644068
2447038.64307855,1987.6622671555106,8308.633508662402,0.2110886,25.6784,51.6195,246.8464,176.6393934057678,139.58972401619923,8095.015549490737
2447040.20961194,1987.6665560901854,8300.521071391411,0.2105989,25.6749,45.4997,257.1633,174.30416432955826,142.24280753327503,8088.11042479849
2447041.94773405,1987.6713148091717,8292.241597279193,0.2097981,25.6807,38.6583,268.7647,174.40876542905335,145.28966869816418,8081.669227005056
2447044.63739859,1987.6786787093495,8280.542867674098,0.2086338,25.6606,28.0734,286.7524,174.80544312835355,150.04146463421642,8072.617429442741
2447045.6770665,1987.681525164955,8275.4428257278,0.2080643,25.6553,23.9492,293.7552,175.48230700272325,151.89534061618036,8068.7891937876675
2447046.36971894,1987.6834215439835,8272.44693532326,0.2077159,25.6535,21.2146,298.3898,175.99187495034766,153.11264416591604,8066.565964685248
2447047.75387205,1987.6872111486653,8265.955603984394,0.2071041,25.6579,15.7395,307.7086,175.90600798124888,155.59208648051975,8061.457728903759
2447049.65463137,1987.6924151440662,8257.433801393603,0.2062322,25.6597,8.1819,320.514,176.34876217783767,158.9664481361345,8054.879367930153
2447052.4134231,1987.6999683041752,8242.280485967483,0.2047228,25.663,357.2078,339.2374,176.76144649485923,163.99661049689882,8043.0737920098445
2447053.87607315,1987.7039728217658,8234.53320917966,0.2040006,25.6607,351.3503,349.1752,176.54719378708432,166.63528416430586,8036.92834065106
2447056.96668797,1987.7124344639833,8217.99500315895,0.2023853,25.6517,338.9288,10.2826,176.65731904612494,172.27499296604844,8023.925832028903
2447058.25169368,1987.715952617878,8211.220271987879,0.201784,25.6516,333.7562,19.0836,176.19110062507661,174.63685756390828,8018.471960445082
2447059.19302855,1987.7185298522934,8206.414276334104,0.2013406,25.65,329.9546,25.5533,175.99360208842972,176.37715317441,8014.632017471206
2447060.38980149,1987.721806438029,8200.053640252927,0.2006071,25.6519,325.0992,33.9207,176.92835963734342,178.70958230953215,8009.826147272836
2447061.2436833,1987.7241442390143,8195.216688121016,0.2003483,25.6455,321.683,39.6139,175.18265652434002,180.14497395484403,8005.595963048842
2447062.26712113,1987.7269462590832,8188.06957754449,0.1996289,25.6382,317.4587,46.7446,175.3579546558185,182.04264673005116,7999.984303416011
2447063.204253,1987.7295119863113,8182.23321153312,0.1992587,25.6381,313.675,53.1575,173.71575870620563,183.748184927927,7994.98455009008
2447065.33004725,1987.735332093771,8167.931091159659,0.1976705,25.6361,304.9352,68.0107,175.23576840458372,187.76634624250283,7984.003179581071
2447066.85714876,1987.7395130698426,8158.938895265093,0.1968019,25.6339,298.6735,78.6393,175.10791869302193,190.62809485667486,7976.838338159215
2447069.81867679,1987.7476212916913,8140.586801756852,0.1950009,25.6324,286.4337,99.4246,175.02874888614406,196.25463499115642,7962.233820439417
2447072.09612544,1987.7538566062703,8127.810351544037,0.1937576,25.6296,276.9346,115.4802,174.84902457370845,200.56642174271246,7952.019524888431
2447072.85394086,1987.7559313918136,8122.728829347935,0.1932584,25.635,273.7764,120.8763,174.80695215428022,202.0573989471181,7947.959437129381
2447074.19938227,1987.7596150096379,8114.321891716453,0.192523,25.6343,268.1637,130.4118,173.99199815752672,204.65409653037761,7941.070399337982
2447075.54280286,1987.763293094757,8107.249510923503,0.1916824,25.6366,262.5451,139.9502,175.09616727085995,207.24978588744528,7935.669525307335
2447076.71665922,1987.766506938316,8100.734593346459,0.1911352,25.6445,257.6078,148.3477,174.26276670026527,209.55300220622394,7930.277794985361
2447078.22358252,1987.7706326694597,8091.699250004761,0.1901366,25.6458,251.2797,159.0821,175.03476638630582,212.47403899451308,7923.221194936347
2447079.56084064,1987.7742938826564,8083.276254509484,0.1892936,25.6465,245.6358,168.6635,175.0274924988671,215.09350224372827,7916.4744051858825
2447081.56259823,1987.7797743962487,8069.99063252846,0.1880779,25.6453,237.1514,183.0895,174.06744134283508,219.0621173504544,7905.611648294736
2447082.56168922,1987.7825097583022,8063.517230306918,0.1872549,25.646,232.9353,190.2611,175.44781769751899,221.03288701118367,7900.715464413917
2447082.97882796,1987.7836518219299,8060.750940159665,0.1869743,25.6479,231.1471,193.2961,175.4613756489698,221.86854410527332,7898.496155187294
2447084.05798859,1987.7866064027107,8053.351552242556,0.1862843,25.6502,226.5403,201.1172,175.0022956791372,224.0191950241358,7892.449070692196
2447085.38575949,1987.7902416413144,8044.504103383069,0.1853875,25.6537,220.8432,210.7996,175.01729891714058,226.69580912682375,7885.333846861421
2447086.87718839,1987.7943249511022,8035.426488865752,0.1845059,25.6528,214.4592,221.6348,174.70659265373615,229.67701760316595,7877.955680958245
2447088.20098152,1987.7979492991653,8027.937480554308,0.1838191,25.6566,208.7408,231.3702,174.1129380225475,232.38925230050074,7871.791175725912
2447089.52311718,1987.8015691093224,8020.630536789158,0.1830836,25.6597,203.0473,241.0522,174.04832384386646,235.07462064395963,7865.881447570384
2447090.34857411,1987.8038290872275,8015.841398688861,0.1825907,25.6642,199.481,247.1382,174.08700661328294,236.78072859810334,7862.022418804873
2447092.2444984,1987.8090198450377,8004.871452833768,0.1815091,25.6619,191.2423,261.1327,173.77813981421787,240.66785578642975,7853.090560424837
2447093.23237451,1987.8117245024225,7999.719182662965,0.1809544,25.6604,186.9278,268.4128,173.9984977956983,242.6597791279214,7848.968324487125
2447095.20508079,1987.8171254778645,7988.00252696562,0.1796559,25.6596,178.3382,283.0795,174.77444378133714,246.79252796880883,7839.640326392779
2447098.31963934,1987.8256526744424,7967.6580182650305,0.1776793,25.6579,164.6729,306.2247,173.833818940313,253.20263720077833,7822.934491645668
2447099.38263765,1987.8285630052012,7961.358686616132,0.1770205,25.6571,159.9892,314.183,173.8986912320006,255.429518127532,7817.827315204629
2447101.09719936,1987.833257219329,7951.184521096552,0.1759545,25.6564,152.4036,327.1047,174.00152427926878,259.07570104156775,7809.569519047553
2447102.23836092,1987.8363815494045,7943.991989032477,0.1752556,25.6543,147.3478,335.6962,173.62660659939593,261.4866422143833,7803.634398908988
2447102.88971075,1987.8381648480492,7939.591819629266,0.1746589,25.6511,144.4433,340.6298,174.73514596381938,262.87375470229233,7800.271958491403
2447104.35304181,1987.8421712301438,7928.0039741030805,0.1735487,25.646,137.9147,351.7128,173.97289080265728,265.9858571482705,7790.662026074783
2447106.21859301,1987.8472788309657,7914.3248033630725,0.1720138,25.6379,129.543,5.9238,174.81541950233714,269.9864208523567,7779.649926268258
2447106.86630033,1987.849052156961,7909.283842187451,0.1715927,25.6388,126.6401,10.8584,173.97217264013307,271.3797234940133,7775.357147976497
2447107.91750888,1987.8519302091174,7901.286090037184,0.1708883,25.6387,121.9123,18.8712,172.91244229708263,273.6286247177245,7768.598022564181
2447108.56362948,1987.8536991909104,7896.51547526682,0.1703518,25.6389,118.9927,23.8347,173.19355032726253,275.0356912722017,7764.744137540032
2447109.69289599,1987.8567909541132,7888.1657987793515,0.1694161,25.6331,113.8646,32.5649,173.64721299676876,277.5247565192292,7757.984929175433
2447110.90063353,1987.8600975592888,7878.322146925368,0.1684685,25.6346,108.3764,41.8819,172.93673231607136,280.16317865604066,7749.763145127248
2447111.70480104,1987.8622992499377,7871.871539450915,0.1678068,25.6332,104.7108,48.0982,172.78166640458312,281.9212700224032,7744.431089026493
2447114.59010587,1987.8701987840377,7848.342594863582,0.165412,25.6284,91.4765,70.5587,171.9962495620075,288.30363774639113,7724.905314285049
2447115.3893349,1987.8723869538667,7842.490866811042,0.1647598,25.6208,87.7688,76.8191,172.2273400934282,290.06859660796135,7720.12213796067
2447115.70901927,1987.8732622019706,7840.1734198738695,0.1644886,25.6222,86.2998,79.3222,172.41797028160454,290.78760729055165,7718.245626906641
2447118.7360115,1987.8815496550308,7819.218889833634,0.16229,25.6225,72.2548,103.1479,172.10155620253317,297.5848241889065,7700.864569006585
2447120.0066736,1987.8850285382616,7809.5225890799675,0.1612451,25.625,66.2543,113.4145,172.1390382515092,300.5985262258142,7692.840906966957
2447122.0662322,1987.890667302395,7794.017512745201,0.1594801,25.6301,56.6575,129.6046,172.89052041084506,305.16187113779336,7680.116963788443
2447123.01492048,1987.89326466935,7786.782115044449,0.1587236,25.6304,52.2035,137.2014,172.6997253289801,307.3696190340038,7674.070247814178
2447123.9616819,1987.895856760849,7779.818230080646,0.1581162,25.6272,47.7534,144.9595,171.5666348495679,309.7444660943761,7668.072085060672
2447125.14357856,1987.89909261755,7768.191951388341,0.1567725,25.6355,42.1336,154.3112,172.21677868931238,312.3114576820451,7658.511313568455
2447126.08644286,1987.9016740393151,7760.647844922818,0.155865,25.6303,37.652,161.9254,172.8981685739227,314.5147458465607,7652.34532892347
2447126.71491356,1987.9033946983163,7755.586994970695,0.1553935,25.6303,34.6612,167.0114,172.28288726771643,315.9905086060836,7648.012373814018
2447127.89081733,1987.906614147379,7745.811983312513,0.154299,25.6326,29.0455,176.5407,172.50464009937605,318.74510694352125,7639.888924373598
2447129.06480922,1987.9098283619983,7736.8601473193785,0.1532965,25.6451,23.404,186.1211,172.69026574583404,321.52688968057936,7632.436860903917
2447129.53387269,1987.9111125877894,7733.466724533919,0.1529353,25.6435,21.1496,189.9564,172.61037097730605,322.64546839584204,7629.583037200542
2447129.76828034,1987.911754360958,7731.750563633678,0.1527558,25.6411,20.0198,191.8667,172.54452088536436,323.19493005513635,7628.134828414859
2447130.93947829,1987.914960926187,7723.685393160088,0.1518915,25.6451,14.3723,201.4714,172.38693326491193,325.9977665726798,7621.35160623773
2447132.65379178,1987.919654460726,7712.138864510864,0.1506953,25.6455,6.0848,215.5765,171.8194846817396,330.125694138693,7611.569080047522
2447133.6650946,1987.9224232569475,7705.557920795255,0.1500107,25.647,1.1708,223.9217,171.5054832062142,332.5601274989151,7605.9893337516105
2447134.90784387,1987.9258257190147,7697.658355056653,0.1491173,25.6482,355.1195,234.2073,171.66802482816365,335.56954115471603,7599.378799014001
2447136.07146472,1987.929011539275,7689.673780422165,0.148224,25.6504,349.4319,243.8481,171.74327399286994,338.37584586101116,7592.674539531015
2447136.69141083,1987.930708859219,7685.735445588115,0.1479,25.6485,346.3993,249.0015,170.87887318563207,339.8856106811214,7589.211278073425
2447137.388431,1987.932617196441,7682.212103923676,0.1473391,25.651,343.0013,254.8033,172.1855865224561,341.60240928125734,7586.466037456694
2447138.70383648,1987.93621858037,7674.7370678707375,0.1465917,25.6517,336.5244,265.8031,171.54801403855072,344.8288110667869,7580.056661383584
2447139.86260249,1987.9393911088023,7668.598677474016,0.1459487,25.6577,330.8191,275.5068,171.2403696749643,347.6851008312108,7574.825953722113
2447141.09728086,1987.9427714739493,7661.830099522919,0.1451761,25.6592,324.7329,285.922,171.37918681156953,350.79716937828607,7569.133978407515
2447142.56113447,1987.946779286708,7651.711229833981,0.1439916,25.6505,317.4664,298.1797,171.79278711221832,354.34555678505706,7560.648785479603
2447143.56129084,1987.949517565613,7645.526408045211,0.1433097,25.6487,312.4899,306.6407,171.71201216617374,356.84427637931503,7555.401160850944
2447144.48349977,1987.9520424360576,7639.944527289578,0.1427129,25.648,307.9118,314.4459,171.48958796095303,359.1624230192497,7550.636922736618
2447145.78850492,1987.9556153454346,7631.817162712101,0.1417687,25.6474,301.3834,325.5086,171.7280649167178,2.4104756435629042,7543.78627791135
2447146.86112726,1987.958552025353,7622.8962895199,0.1407497,25.6413,296.0032,334.6399,171.83962363886076,5.104370872960999,7536.233199525216
2447148.39023965,1987.962738506913,7611.155880041681,0.1394952,25.6392,288.3079,347.7245,171.2998683240903,8.986537511374081,7526.168361789742
2447149.38245716,1987.9654550504035,7603.575632927992,0.1386846,25.6362,283.293,356.2344,170.94048770562677,11.503581854693948,7519.660737002742
2447150.37324138,1987.96816766976,7596.098798283985,0.137852,25.633,278.2761,4.7834,170.8250867429415,14.059138886382812,7513.27412592342
2447151.05826571,1987.9700431641609,7590.732689549196,0.1372866,25.6338,274.8009,10.6844,170.49050709213134,15.809760902061214,7508.646840733247
2447151.8945095,1987.97233267488,7584.099278831643,0.1364637,25.6275,270.5389,17.9568,171.00873007494465,17.99593704322666,7503.0693734337365
2447152.80534416,1987.9748264042717,7575.761613940563,0.1355299,25.6237,265.8674,25.879,170.88309997935994,20.34889446224497,7495.929136065583
2447152.88118226,1987.9750340376725,7575.1044507038905,0.1354598,25.624,265.4829,26.5204,170.84601683243181,20.5310464379005,7495.361781841218
2447154.09328517,1987.9783525945788,7565.046858949572,0.1343324,25.6246,259.2673,37.071,170.67965827441458,23.671365951620487,7486.735319924352
2447154.84988233,1987.9804240447086,7558.855025735266,0.1336874,25.6228,255.3739,43.699,170.19505036778537,25.660243904905542,7481.360102186114
2447155.22743047,1987.9814577151808,7555.843920377147,0.1333285,25.6199,253.4262,47.0326,170.29828423914296,26.67402253487728,7478.7968355789835
2447156.66091209,1987.985382373963,7544.046945480334,0.1321064,25.6216,246.023,59.5715,169.29376208193025,30.39684537332397,7468.52924488766
2447157.56456933,1987.9878564526484,7537.052883353629,0.1311467,25.6183,241.3128,67.6505,170.45696997631603,32.87497704656073,7462.701485222998
2447158.76736897,1987.99114953859,7527.53528663319,0.1303526,25.6151,235.0542,78.1811,168.16519042880736,35.96146610762361,7454.177627153761
2447160.04278174,1987.9946414284461,7517.735394677374,0.1291095,25.6151,228.3736,89.5334,168.9880367382757,39.376085759380544,7445.86892521368
2447160.71690422,1987.9964870752092,7512.566474746692,0.1284265,25.6121,224.8341,95.4968,169.617556377636,41.13555292467669,7441.509956216595
2447162.06287025,1988.0001721293636,7501.52745687975,0.127245,25.6132,217.7577,107.4981,168.85929562908586,44.73383342907539,7431.879400262132
2447163.55465637,1988.0042564171665,7488.708211008589,0.1256764,25.6146,209.8705,120.9328,169.41802239858953,48.810989820046814,7420.888668228989
2447164.15011581,1988.0058866962625,7482.273497398902,0.1248495,25.6107,206.7045,126.2772,169.97909238539705,50.40248934550863,7415.403982409636
2447165.71007088,1988.0101576204795,7468.508013240893,0.1233942,25.621,198.3775,140.4333,168.80114175344352,54.69405662738677,7403.313609723468
2447166.45129569,1988.012186983409,7461.483733075945,0.1225828,25.6178,194.4032,147.184,168.6978649210423,56.73988597275189,7397.2071978681615
2447168.7421312,1988.0184589492133,7438.791662328928,0.1199939,25.6182,182.0711,168.1254,168.04573947859717,63.091278283216525,7377.397110403283
2447169.40531396,1988.020274644654,7432.892506175651,0.1192936,25.6144,178.4864,174.2683,168.05970070093554,64.99582792462166,7372.262797587683
2447170.14123931,1988.0222894984536,7426.43121151813,0.1184116,25.6197,174.4978,181.0262,168.9193094723305,67.03978055673144,7366.749360576507
2447171.39008557,1988.0257086531692,7415.659190540856,0.1171846,25.617,167.6698,192.6275,168.52183456100192,70.5821848590893,7357.296233602131
2447172.05018653,1988.0275159111027,7410.143654780078,0.1165627,25.6157,164.0527,198.7482,168.26100299104382,72.43517200306701,7352.443284593398
2447173.44136157,1988.0313247407798,7398.417443178223,0.115304,25.622,156.4125,211.7433,167.21401831000094,76.41889331929406,7342.049404867838
2447174.24530722,1988.0335258240113,7392.039498991941,0.1143983,25.6267,151.9941,219.31,168.26644677441163,78.77480335591343,7336.603840517558
2447174.53745527,1988.0343256817798,7389.581583247089,0.1141569,25.6238,150.3832,222.0906,167.87355740650946,79.65655455927686,7334.398649284301
2447175.99585229,1988.0383185552093,7377.605888681799,0.1128414,25.6273,142.3073,235.8888,166.97021155470065,83.9414201246617,7323.778299233738
2447177.16016708,1988.0415062753727,7365.885332589104,0.111356,25.6235,135.8088,246.8084,167.51350549331164,87.21494086582186,7313.552593752778
2447178.9013816,1988.0462734609177,7352.8081698974065,0.1098441,25.6326,126.0708,263.3713,167.00927400237833,92.3236540696351,7301.980925633084
2447179.91542649,1988.0490497645171,7345.168373143314,0.1089635,25.6346,120.3774,273.0589,166.6768191163128,95.31838477381791,7295.206856672873
2447181.0001588,1988.0520195997258,7336.635354147256,0.1079671,25.6327,114.2604,283.4548,166.38381120250415,98.5281440987477,7287.642664541999
2447181.86665337,1988.0543919325673,7330.047473443158,0.1070129,25.6269,109.3474,291.7879,167.50153617233264,101.09420427577248,7281.962290305381
2447182.87614981,1988.0571557831893,7322.185992151567,0.1062474,25.6288,103.6359,301.5565,166.08646816904275,104.15631805182431,7274.838794707234
2447184.24351825,1988.0608994339495,7310.9132095617715,0.1048432,25.6276,95.8381,314.7318,166.27737374904427,108.18610377817146,7264.883180513384
2447185.7511741,1988.0650271707057,7298.052945678446,0.1034035,25.625,87.21,329.4233,165.2724279099848,112.76351854599534,7253.360054934458
2447186.10951163,1988.066008245394,7294.2794534203495,0.1027844,25.6251,85.1492,332.9115,166.40501636821045,113.83773165817365,7250.144182963807
2447187.39745969,1988.0695344550033,7281.776774428297,0.1013311,25.6214,77.7163,345.5448,165.77002392102622,117.76869619877408,7238.957033071033
2447188.53937748,1988.072660855523,7269.633977235888,0.1000434,25.613,71.0555,356.8893,164.2187773976866,121.32689201168228,7227.96754829342
2447189.18032441,1988.0744156725807,7261.792081592633,0.0988483,25.6181,67.3593,3.1302,165.83997937373988,123.23985787096024,7221.161149462528
2447190.74305498,1988.0786941957015,7243.901595776865,0.0967934,25.6165,58.2114,18.7182,164.6034310561963,128.13968954748594,7205.0417637548435
2447191.59305229,1988.0810213615057,7234.524802749958,0.0956059,25.612,53.194,27.2755,164.72524791072556,130.84180985798943,7196.663559079567
2447192.22945409,1988.0827637346745,7227.5805729597105,0.0948354,25.6164,49.4382,33.6989,164.01377829084686,132.88215551715356,7190.364064007939
2447193.56977524,1988.0864333339905,7212.240343868694,0.092945,25.6079,41.4691,47.1808,163.76236510781837,137.0738997634195,7176.571360439704
2447194.55467451,1988.0891298412319,7201.4483680926205,0.0915135,25.6055,35.5834,57.152,164.28232285917602,140.18865715655417,7166.923348701365
2447195.04625345,1988.0904757110204,7195.967874365709,0.0908522,25.6127,32.6483,62.2044,164.06206185025985,141.82144403264246,7161.966805605712
2447195.67769703,1988.092204509322,7188.801631447685,0.0899383,25.6064,28.843,68.6113,164.1167336780536,143.80067664404453,7155.515537474742
2447197.14666967,1988.0962263372212,7171.973774029611,0.0878688,25.6041,19.9563,83.726,163.64474487415828,148.58081860040198,7140.278783646022
2447197.98328441,1988.0985168635457,7161.117417944112,0.0864936,25.6034,14.8632,92.37,163.59029244342128,151.3071291235259,7130.454827549091
2447199.37377584,1988.1023238216012,7143.238426978153,0.0843306,25.6113,6.2881,106.9164,162.70854448802947,155.90792422359954,7114.165346253641
2447199.99780973,1988.1040323332786,7135.853481595196,0.0833223,25.6109,2.5072,113.2915,163.14145704567727,157.88706001970758,7107.501844787457
2447200.69003428,1988.105927540808,7127.275661678889,0.0822884,25.6049,358.2066,120.6071,162.64725112039196,160.21978530917505,7099.657517650773
2447201.93268666,1988.1093297376044,7111.1862399701495,0.0802986,25.6042,350.4931,133.7206,162.03164056128207,164.39499446244895,7084.948800942287
2447202.89612153,1988.1119674785211,7097.803529690392,0.0786845,25.6062,344.4592,143.9664,161.18010785846764,167.65730773237328,7072.659099293807
2447203.10249757,1988.1125325053258,7095.076920291223,0.0780982,25.6065,343.1741,146.1741,162.8278839549348,168.3764980827433,7070.315815807048
2447204.88319567,1988.1174077910196,7070.416956046584,0.0750908,25.6081,331.9089,165.2435,161.35739048348114,174.425595232996,7047.6079540571145
2447205.70200409,1988.1196495662969,7058.598156404774,0.0735526,25.6062,326.7023,174.1261,161.28360964599688,177.29455613310677,7036.751702832892
2447206.38285421,1988.1215136323347,7049.528364903436,0.0725351,25.5981,322.3489,181.5457,160.0538200023293,179.68969235954359,7028.310140799539
2447207.40167817,1988.124303020315,7035.909072966264,0.0707311,25.6089,315.8157,192.7755,160.11518473537944,183.38211268657608,7015.773247397822
2447208.14681348,1988.1263430896104,7025.439530480608,0.0693485,25.5997,310.9696,200.8954,160.09953720107296,185.92148774027032,7006.112819513423
2447208.75529057,1988.1280090090902,7016.77255316201,0.0682062,25.602,307.0007,207.582,160.04886104653087,188.0394567275198,6998.10098727012
2447209.69979436,1988.1305949195346,7004.71350064684,0.0666008,25.6057,300.8368,218.1884,160.05767773295975,191.5510289675849,6986.941975750321
2447211.24604711,1988.1348283288428,6984.625219714036,0.0639749,25.6014,290.6514,235.5387,159.64821974535153,197.1919016165932,6968.275671564649
2447212.25102176,1988.13757979948,6971.515792883937,0.0624391,25.5949,284.0073,246.7981,158.0843211404781,200.81667218721918,6955.971685830402
2447213.7204933,1988.141602993292,6952.902687661589,0.0600301,25.6053,274.1763,263.8424,157.38294403099462,206.58162241489617,6938.574144167931
2447214.65117912,1988.144151072197,6933.664657159226,0.0573263,25.6041,267.9119,274.278,158.04701692351955,209.8355140090896,6920.634825217927
2447215.64517664,1988.146872489089,6916.779111717841,0.0548454,25.6098,261.1267,285.62,159.28929462403084,213.41260392793663,6904.882411413686
2447215.7774329,1988.147234586995,6914.938467518428,0.0545876,25.607,260.2156,287.1812,159.33227242891917,213.9323486818016,6903.156552450747
2447218.34484869,1988.154263788337,6875.754243618712,0.0497682,25.5932,242.5617,317.4057,155.42403127144735,223.9724361986805,6866.017429467439
2447219.32638691,1988.1569510935249,6856.545699598963,0.0470881,25.5973,235.6691,328.8571,155.54769004167792,227.56380633107324,6847.854170724949
2447220.23777852,1988.1594463477625,6837.486199724009,0.0445879,25.5932,229.2344,339.8183,154.48074879933392,231.19201480554034,6829.715187290041
2447220.69224181,1988.1606906004374,6827.411622927718,0.0432494,25.5931,226.0029,345.2182,153.9938666830676,232.9124838424998,6820.11112624434
2447221.40431505,1988.1626401507192,6810.539040775213,0.0410521,25.5901,220.9073,353.9113,152.81581101940446,235.80814574105023,6803.978024289835
2447222.43503253,1988.1654621013831,6782.341137871763,0.0377615,25.5873,213.4239,6.4872,148.0934629940184,239.88474350203953,6776.813076857755
2447222.69210068,1988.1661659156193,6776.966819600683,0.0364703,25.5845,211.5758,9.6263,151.67250659980073,240.92237037703353,6771.814535235462
2447223.3955666,1988.168091900342,6755.04727596243,0.0336063,25.5809,206.4118,18.5605,149.8988306922538,243.99921587688604,6750.686769927956
2447225.10682506,1988.1727770706646,6687.3423566765505,0.0248326,25.5733,193.5587,39.5882,143.14195887014466,250.48715456077687,6684.985586162964
2447226.16723399,1988.1756803120877,6615.080688155862,0.0149396,25.5708,185.2842,54.221,138.11772870708774,255.80028764842103,6614.2369730804685
