jd,year,a_km,e,i_deg,raan_deg,argp_deg,hp_km,azimuth_deg,lambda
2438594.85712217,1964.5444411284595,40289.540987221946,0.8308143,60.9844,285.5602,70.3552,438.2778946018352,239.45659375460502,20622.424329973783
2438614.41823933,1964.5979965484735,40289.82646760384,0.8306487,60.9325,284.0694,70.6879,444.998189063117,219.01854254954446,20633.03607964958
2438634.9104924,1964.654101279672,40289.76241547427,0.8311101,60.7732,281.7948,71.158,426.39764537321025,197.01633931810557,20603.828550643644
2438660.06030655,1964.7229577181383,40289.030587924164,0.8309783,60.5488,279.4693,71.6641,431.58414132294365,170.40862147022318,20611.792791753753
2438685.21014257,1964.7918142164822,40288.91650087983,0.8306975,60.4721,276.9562,71.8887,442.87798589020804,143.3317820664488,20629.48669897615
2438700.11342905,1964.832617191102,40288.40962390902,0.8292452,60.3278,275.3185,72.7089,501.30302764865974,127.8252112033233,20720.763300613937
2438720.60556314,1964.8887215965503,40288.719102177936,0.8280609,60.2789,273.2977,72.7345,549.0698025812826,105.63242524188024,20795.22561690706
2438727.12540912,1964.9065719619994,40286.96888941504,0.8273456,60.2146,272.7021,73.175,577.5861414206192,99.05119368026891,20839.05072043114
2438738.30277415,1964.9371739196438,40288.02509855966,0.8265042,60.1741,271.709,73.1657,611.6668448946857,87.03208892820629,20892.0707621037
2438757.86302821,1964.990726976619,40288.184961920444,0.8258936,60.1544,270.0625,73.4452,636.2945462541056,66.38598841712871,20930.138560749492
2438768.10879675,1965.0187783620813,40288.47317029585,0.8257155,60.0494,269.0525,73.6256,643.5201022484252,55.45788965073092,20941.352794963535
2438782.0802826,1965.057030205613,40286.70047022159,0.8254839,60.0508,267.9753,73.8018,652.541547931236,40.78622597933713,20954.80882569807
2438793.25754417,1965.0876318800003,40288.01709292445,0.825496,60.02,266.8257,73.9135,652.2838347836878,28.7317231998677,20954.742761381258
2438800.70926131,1965.1080335696367,40288.96603857619,0.8257245,59.9623,266.2098,74.2213,643.2434008558857,21.079014930772416,20941.050008954346
2438803.50354896,1965.1156839122798,40287.309360453284,0.8255933,59.8979,265.889,74.109,648.240377435769,17.8917915792685,20948.335434820074
2438815.6121453,1965.1488354423,40287.94529256142,0.8254414,59.8756,264.7725,74.3406,654.4710271461117,5.072340772051973,20958.093500231753
2438829.58395085,1965.187088161123,40288.41963119741,0.8255632,59.8631,263.5519,74.6426,649.6466975232543,350.38276199571413,20950.781260646792
2438845.41814981,1965.2304398352082,40286.7327403262,0.8246575,59.7449,261.8767,75.0569,685.8401355206452,333.5152593250256,21006.034603426782
2438855.66421972,1965.2584920457764,40288.70284003526,0.8244624,59.7165,260.8661,75.4482,694.045903652971,322.7971635205031,21019.13093325304
2438865.90979395,1965.2865428992475,40286.944623936004,0.8237666,59.6236,260.1096,75.3963,721.7689266879624,311.8904562708975,21061.189238856055
2438872.42987735,1965.3043939147162,40287.60956131115,0.8232744,59.6506,259.321,75.6887,741.7156722884502,304.96789070215294,21091.87618834779
2438884.53858048,1965.3375457371117,40287.76716900022,0.8220682,59.6757,258.1281,75.9436,790.3386303611114,292.095234639804,21166.095040026623
2438891.98984271,1965.3579461812733,40287.24531832738,0.8216717,59.6618,257.6369,76.1695,806.2196693002807,284.4857747415996,21190.124339720333
2438896.64702754,1965.3706968584258,40287.810699014575,0.8216345,59.6741,257.2161,76.3468,807.8191992350821,279.65203096671496,21192.700248186822
2438908.75570181,1965.4038486018073,40288.34182469385,0.82085,59.5766,256.1302,76.5331,839.5201378939046,266.8178033493676,21240.964867305778
2438918.06985668,1965.4293493680493,40287.21554883207,0.8201813,59.5938,255.3884,76.5746,866.2584266107697,256.93722750225993,21281.17185868112
2438929.24703983,1965.459950827734,40287.66409840058,0.8197119,59.5731,254.5178,76.6833,885.2501137388517,245.1588020157576,21309.994759648303
2438940.42434958,1965.4905526340315,40287.76366659038,0.819535,59.5535,253.5387,76.9675,892.3949700912317,233.44725174870496,21320.80877301969
2438948.80704835,1965.5135032124574,40287.15751098251,0.8192086,59.5752,252.9401,77.049,905.435308431046,224.66794351529575,21340.32678518939
2438957.18994358,1965.536454328761,40287.50949373715,0.8189838,59.5079,252.1789,77.2708,914.5555760202205,215.86614164603895,21354.164205038673
2438973.9558015,1965.5823567460643,40286.83030150059,0.8189138,59.4426,250.8791,77.2292,917.2527093435947,197.99987141683062,21358.052778356887
2438985.13302659,1965.6129583205752,40287.79493813373,0.8188218,59.4387,249.8484,77.5704,921.1338688601791,186.29380459291554,21364.146639777133
2438999.10463545,1965.6512105008899,40287.497735838006,0.8185647,59.3571,248.6364,77.7821,931.4379379510874,171.5227196796152,21379.580348686268
2439002.8303301,1965.6614108969197,40287.13499635577,0.8185757,59.3549,248.4492,77.6491,930.9289657193476,167.53037710891874,21378.721059824926
2439012.14459508,1965.6869119646271,40288.21848589365,0.8182568,59.3274,247.4148,78.3895,943.9734499254673,158.05599273423672,21398.61749114567
2439020.52755752,1965.7098632649424,40288.12266755841,0.8179102,59.2965,246.6491,78.6065,957.9198989111765,149.244824620751,21419.542943771594
2439034.49880091,1965.7481144446547,40287.548520017095,0.8169226,59.2935,245.4284,79.1216,997.6033354185756,134.7687999243579,21478.873793924977
2439050.33325258,1965.7914668106225,40287.12423937855,0.8159679,59.2263,244.0849,79.2955,1035.9877767337384,117.9923481758633,21536.110331001117
2439055.92186537,1965.8067675985492,40287.35514072272,0.8162363,59.2261,243.6412,79.273,1025.2171438732266,112.01786452225934,21520.097275166623
2439068.96178473,1965.8424689520334,40288.55898333399,0.8149149,59.2444,242.5836,79.4339,1078.6756682862697,98.26867726797542,21600.048149242215
2439083.86438978,1965.8832700609992,40286.79477915846,0.8139964,59.2204,241.3529,79.9101,1115.3525613846805,82.82577804026835,21654.022575208593
2439087.59011781,1965.8934705484185,40287.07020443877,0.8136371,59.2007,241.0693,79.5054,1129.8789358028025,78.46530256936865,21675.609311875163
2439153.72085295,1966.074526633676,40288.12016578183,0.8121249,59.1053,236.1059,80.6608,1190.998304958276,9.477111876676531,21766.129329695083
2439161.17213685,1966.094927137167,40286.87157755987,0.8118409,59.0463,235.4053,80.7253,1202.2051978492455,1.496830619936702,21782.298622636295
2439229.16531997,1966.2810823270906,40287.16276439995,0.8089525,58.9859,230.0288,82.1258,1318.6254282317013,290.504962247349,21952.88250292612
2439248.72499374,1966.334633795319,40286.81354094912,0.8075192,58.9859,228.5113,82.4386,1376.3017998127198,270.0217336852151,22036.669924393318
2439262.6963413,1966.3728852602326,40287.99782938102,0.8071517,58.9774,227.5534,82.6927,1391.3355917998188,255.54740631630347,22058.787775259778
2439285.05029252,1966.4340870431754,40287.40917661793,0.8063032,58.9581,226.0508,82.9469,1425.4059378015281,232.26636445681845,22107.938723164127
2439317.65002325,1966.5233402416152,40287.77642537274,0.8057572,58.9227,223.7764,83.4146,1447.4741986383933,198.3285130185697,22139.90468647525
2439343.72972441,1966.5947425719644,40288.09139537911,0.805248,58.8677,221.7163,83.7485,1468.050075432874,170.89747409282268,22169.65140963808
2439450.84231969,1966.888000875264,40287.259327520675,0.800966,58.8705,214.2561,85.223,1640.3980729937512,59.33878490497909,22415.988080193278
2439486.23597428,1966.9849034203428,40287.4056742859,0.8004528,58.8299,211.9452,85.6908,1661.102697567865,22.61076867663496,22445.423489187833
2439493.68714256,1967.005303607282,40286.47983449351,0.8001892,58.8005,211.4113,85.7442,1671.537464914014,14.786201378438989,22459.966210208677
2439512.31538649,1967.0563049595892,40287.35464039121,0.800065,58.8012,210.135,86.0146,1676.7159500266152,355.4198145478779,22467.544839089936
2439524.42353054,1967.0894552513073,40286.561134155214,0.7999223,58.7968,209.2737,86.2764,1682.3061926311675,342.88620952940033,22475.245859369046
2439527.21788793,1967.0971057848874,40287.03067899571,0.7998411,58.8016,208.9559,86.08,1685.6714449740357,339.6178174405533,22480.140117148912
2439530.01205996,1967.104755810979,40287.047189612036,0.7996842,58.7911,208.8506,86.232,1691.9957874248885,336.9105080475913,22489.09682200065
2439532.80631593,1967.112406066886,40287.50749239201,0.7997095,58.799,208.6252,86.3485,1691.0687194049433,334.04751592105777,22487.911279746724
2439535.60058226,1967.1200563511572,40288.19596978456,0.7991924,58.8149,208.3978,86.3084,1712.0396410221092,331.0259135834034,22517.75598970063
2439535.6006011,1967.1200564027376,40287.9663072687,0.7994747,58.8232,208.4097,86.3555,1700.6202301549492,331.08489501447565,22501.55036692166
2439555.16029546,1967.1736079273371,40287.140249765864,0.7993926,59.0677,206.5178,86.1885,1703.76215894088,309.7474461586136,22505.76605207448
2439565.40585076,1967.2016587289806,40287.142751390325,0.7993881,59.0533,205.9153,86.3592,1703.9439529276387,299.21735756697535,22506.023769543634
2439569.13134484,1967.2118585758794,40287.23431111262,0.7985347,58.8194,206.1154,86.7112,1738.343446658595,296.0975126834361,22554.61913919459
2439579.37653703,1967.2399083833816,40286.75225251383,0.7980967,58.8232,205.5306,87.293,1755.8919260649755,285.996581982656,22579.21334516222
2439585.89643143,1967.2577588813956,40286.9188575395,0.7978759,58.8189,205.0677,87.28,1764.8209158532009,279.0945026975512,22591.828046162856
2439599.86767466,1967.2960100606706,40287.32111821499,0.7972986,58.837,204.2539,87.4689,1788.1600929117449,264.6991781585825,22624.75108131964
2439614.77021875,1967.336811002738,40287.07270605235,0.7967923,58.842,203.2728,87.4588,1808.5070843296735,249.01963901437819,22653.238924254598
2439627.81012832,1967.3725123294182,40287.16351488829,0.7961295,58.7695,202.6549,87.411,1835.227869362032,235.50146140943838,22690.6978864925
2439644.57557551,1967.418413622204,40287.17227058823,0.79623,58.7929,201.3735,87.6128,1831.1807935777633,217.89739600653184,22685.03565459381
2439652.02692665,1967.4388143097883,40287.27308656166,0.7961714,58.8287,200.9005,87.7073,1833.5621710515425,210.17464847619,22688.397082179963
2439665.06670702,1967.4745152827384,40287.18202694519,0.7960717,58.7629,200.0342,87.8794,1837.5602425454854,196.62809821421627,22693.96683276247
2439687.42060855,1967.5357169296367,40287.048940739,0.7959187,58.7511,198.5342,88.1889,1843.697020989639,173.40500533074993,22702.514494952604
2439708.84317776,1967.5943687276113,40287.19353445074,0.7955973,58.7561,197.1764,88.3746,1856.6748338642756,151.11825805994027,22720.695812866375
2439723.74568708,1967.6351695744834,40287.11173127452,0.7953463,58.7477,196.1771,88.7138,1866.770178118737,135.76985318595655,22734.772270632013
2439730.26582314,1967.6530207341268,40287.15000610344,0.7953125,58.7995,195.808,88.5039,1868.1397168742988,128.7644357143575,22736.694796034164
2439746.09964125,1967.696371365503,40287.03693301505,0.7949016,58.8254,194.753,88.9259,1884.6705157022934,112.52520841890976,22759.724125277124
2439757.27662149,1967.7269722696503,40287.29134857965,0.7942444,58.8451,194.051,89.0375,1911.1995038018176,100.9184829258794,22796.74237501389
2439778.69913433,1967.7856239132916,40286.97014021392,0.7940733,58.8069,192.6531,89.0074,1918.0265139727908,78.37589121498246,22806.148372526535
2439814.09271459,1967.8825262548667,40287.09622123901,0.7939243,58.7574,190.5272,89.6005,1924.0552547591815,41.95824824803003,22814.564988041973
2439850.41761242,1967.9819784049828,40286.988652048676,0.793972,58.7305,188.2398,90.09,1922.1113980042846,4.357574206229856,22811.832900773526
2439893.26227213,1968.099280690295,40286.9894025289,0.7935374,58.7607,185.4462,90.51,1939.6202782185665,319.7551514938163,22836.15607507059
2439915.61592266,1968.1604816499935,40286.871827718125,0.7933559,58.8558,184.0505,91.0037,1946.9080706541663,296.8208060023639,22846.23750852723
2439977.08930055,1968.328786586037,40287.229307835674,0.792961,58.8961,180.2722,91.1537,1962.8913686649885,232.60272902664093,22868.500503689545
2439997.58038936,1968.3848881296644,40287.04093558871,0.7929506,58.7706,179.0482,91.2176,1963.2713534890827,211.24607332077255,22868.97418442486
2440013.41433965,1968.4282391229294,40287.172020425314,0.7930804,58.7683,178.0094,91.7125,1958.069219597597,195.0958157454238,22861.800802674898
2440027.38564573,1968.4664904742779,40287.071205084154,0.7933662,58.8206,177.1639,91.6685,1946.5343139771176,180.4358292600034,22845.77482647141
2440049.73944945,1968.5276918533875,40287.07645847346,0.7935067,58.795,175.6672,92.0274,1940.8750652624967,157.26553278047072,22837.922338158787
2440063.71056828,1968.5659426920738,40287.095971077266,0.7932355,58.7671,174.7858,92.3243,1951.804954911806,142.9107308534277,22853.093348943486
2440111.21258161,1968.6959961166594,40287.08546428766,0.7932524,58.8713,171.8705,92.8238,1951.1219307363608,93.67569800262106,22852.1430590355
2440260.2379702,1969.1040053941133,40287.15901195875,0.7948232,58.8173,162.4193,94.6054,1887.8540671648589,299.1227581191943,22764.195942071838
2440337.54551871,1969.3156619266524,40287.31386342484,0.7964218,58.8373,157.4955,95.2352,1823.4825391510767,218.63240640511316,22674.294869320765
2440408.33293781,1969.5094673177553,40286.61942001127,0.7977961,58.8551,152.711,96.2994,1767.9752645420167,145.1421656081119,22596.1833338264
2440432.54980795,1969.5757694947295,40286.73624251198,0.7980599,58.9218,151.1023,96.4517,1757.3712454864917,119.8169818974074,22581.29185245345
2440448.38390189,1969.6191208812866,40287.291848909204,0.7982209,58.9151,150.1375,96.5743,1750.9971907102345,103.3682827368529,22572.468645805166
2440468.87492346,1969.6752222408218,40286.91210324821,0.798532,58.9343,148.8277,96.9783,1738.3873076172085,82.26599330412995,22554.592129764544
2440493.09204603,1969.7415251089114,40287.19853771658,0.79988,58.9178,147.1905,96.9335,1684.1378713678396,56.71496079191837,22478.014749759812
2440515.44591969,1969.8027266795077,40286.404038562985,0.8007039,58.9047,145.6562,97.422,1650.7869079098518,33.63659537722751,22430.509350658955
2440530.34853783,1969.8435278243126,40287.173521402896,0.8012299,58.9213,144.6151,97.6768,1629.749209566604,18.16188324747037,22400.82732779873
2440542.45703029,1969.8766790699242,40286.47258008209,0.8017109,58.9272,143.7273,97.6348,1610.2320900791547,5.2976348272965765,22372.859672413302
2440549.90823752,1969.8970793635049,40286.99065332938,0.8018369,58.9193,143.2268,97.8318,1605.2586575347768,357.65002913826146,22365.916184529175
2440576.91901844,1969.9710308513072,40286.970640533495,0.8022669,58.9723,141.2185,98.282,1587.9312943616733,329.46939352941433,22341.205412972922
2440593.68444855,1970.0169320973305,40286.971891332505,0.8024779,58.9853,140.0513,98.5451,1579.4309906169692,312.0408449609964,22329.073699590037
2440604.86122878,1970.0475324538806,40286.78477287904,0.8025079,58.997,139.347,98.6037,1578.1854270439017,300.3790166029836,22327.244349751974
2440612.3125779,1970.0679331359343,40287.537262426646,0.8026658,59.0031,138.8176,98.764,1571.9726356511528,292.6656710636439,22318.575887424693
2440618.83263348,1970.085784075236,40287.39816929126,0.8030029,59.0395,138.3908,98.736,1558.3643058956877,285.7845329150259,22299.087035804296
2440625.35238767,1970.103634189377,40286.545624649625,0.8032309,59.0455,137.9069,98.9283,1549.0110246712457,279.0668918242686,22285.47431038471
2440631.87226177,1970.121484631814,40286.72748704896,0.8033749,59.0436,137.4862,98.9011,1543.2455208137499,272.19283254695404,22277.270477339855
2440635.59795669,1970.1316850285832,40287.32111821499,0.8033909,59.0443,137.2495,98.9345,1542.717646463242,268.3173897100558,22276.67577258415
2440645.84381231,1970.1597366524577,40287.426187955774,0.8043858,59.0583,136.4827,99.1318,1502.6563438160165,257.64930511526507,22219.250041721603
2440657.02064677,1970.1903371574813,40286.7620086165,0.8046688,59.0543,135.7337,99.4169,1491.125267257472,246.16922330675794,22202.499289322845
2440677.51229417,1970.246440230445,40287.03217996013,0.8056569,59.0577,134.2787,99.3738,1451.3704236532094,224.47401703985435,22145.324644618984
2440689.62055438,1970.279590840192,40286.645185928995,0.8063238,59.0469,133.3911,99.7616,1424.4280503590198,212.03999753088954,22106.319982907546
2440698.93482899,1970.3050919342645,40287.62757354045,0.8066099,59.0453,132.6341,100.1722,1413.0920252097449,202.5132036647499,22090.191396201124
2440713.83752255,1970.3458932855578,40286.75750579914,0.8072699,59.0739,131.446,100.2902,1386.33450276842,186.75461719915864,22051.2061832602
2440725.94609536,1970.3790447511567,40287.92252665945,0.8072879,59.0845,130.5708,100.4096,1385.8338547498506,174.06428958359498,22050.792464176175
2440738.05449197,1970.412195734347,40287.10372609303,0.8077899,59.1216,129.5857,100.5938,1365.4519359027163,161.32903563509882,22020.99789918779
2440754.819993,1970.4580971745381,40287.75491056912,0.8078589,59.1283,128.3655,100.9289,1362.7972450471507,143.91941716631231,22017.316382471596
2440757.6142251,1970.4657473650918,40287.07770928068,0.8079069,59.1157,128.1614,100.966,1360.7333471166257,140.99834856693872,22014.137142739164
2440765.99691526,1970.4886979199448,40287.07670863489,0.8080849,59.1819,127.493,101.0558,1353.5620552453365,132.15754881984637,22003.71553249511
2440771.58536469,1970.503998260616,40286.704973023,0.8082038,59.2038,127.0859,101.0875,1348.7006243469123,126.27402617818404,21996.548186548476
2440779.96829952,1970.5269494853394,40288.303046673194,0.8082679,59.203,126.4975,101.2238,1346.4246485750482,117.55948527782931,21993.664953884832
2440783.69395014,1970.5371497608212,40287.01942176701,0.8085679,59.2223,126.2164,101.3775,1334.0924306496436,113.7599861043947,21975.376655634067
2440798.59652485,1970.5779507867214,40286.8985946741,0.8088549,59.2248,125.1304,101.4806,1322.5069605688386,98.08871678028765,21958.46936743595
2440809.77397751,1970.608552984285,40288.252260116285,0.8095148,59.244,124.3688,101.5345,1296.1794894187033,86.36422565733307,21920.422939728785
2440820.01949523,1970.6366036830395,40287.2645809713,0.8101449,59.3097,123.6641,101.6553,1270.6063457467662,75.68207410578876,21882.775980862007
2440828.40222273,1970.6595543401238,40287.439446805074,0.8105229,59.2835,122.9815,101.8289,1255.4108928062278,66.91083755543121,21860.572113455662
2440837.71663726,1970.6850558172753,40287.673354713894,0.8109678,59.2337,122.2985,101.9438,1237.5312271229468,57.16220578088007,21834.41827262284
2440840.51083128,1970.6927059035734,40286.6924652444,0.8113929,59.2436,122.0472,102.1791,1220.2199344615983,54.392174713615276,21808.740451509377
2440847.03088699,1970.7105568432307,40286.89259086702,0.8117279,59.292,121.5129,101.9834,1206.761570556977,47.235836436944055,21789.00759121795
2440852.61930883,1970.7258571083635,40287.08246234903,0.8120029,59.3006,121.0595,102.1892,1195.7183703824785,41.480140989135066,21772.806396908472
2440861.00238152,1970.7488087105266,40288.04211054769,0.8125989,59.263,120.3789,102.2037,1171.8871083629583,32.55146421038472,21737.93877102966
2440867.52228677,1970.7666592382475,40286.699719754804,0.8130618,59.2593,119.8085,102.5037,1152.9868295514698,25.854874230866386,21709.68388295249
2440880.56197996,1970.8023599725125,40286.72473533298,0.8133609,59.3732,118.7737,102.6607,1140.9417465502838,12.124809895505592,21691.886353657872
2440888.0135255,1970.822761192334,40288.41762973923,0.8136599,59.3517,118.1638,102.8417,1129.211469967372,4.351470759790345,21674.97454460109
2440890.8078606,1970.8304116648867,40287.552772886644,0.8140809,59.4132,117.8934,102.8833,1112.089252737589,1.3685006408246636,21649.384303784405
2440903.84743343,1970.866112069624,40286.69096431162,0.8141569,59.3959,116.8078,103.2266,1108.8672375496626,347.77405493538345,21644.381952581713
2440910.36734869,1970.8839626247502,40287.183027597515,0.8142839,59.437,116.2818,103.2849,1103.8422118716053,340.8801550898885,21637.058376795318
2440915.02455061,1970.8967133486933,40288.07463351597,0.8143479,59.4322,115.8846,103.316,1101.4293606689698,335.9237944704181,21633.71209804397
2440922.47585726,1970.91711391447,40286.98915236882,0.8143799,59.4299,115.2911,103.4561,1099.9386551616135,328.1261907907958,21631.216402732338
2440928.06417687,1970.9324138997126,40286.52986500602,0.8143339,59.4664,114.8171,103.5866,1101.7065825691925,322.2746961034474,21633.719380092585
2440942.03547315,1970.9706652242305,40287.73164459288,0.8146669,59.5093,113.7336,103.7397,1088.5138976604976,307.5738192770099,21614.450123848063
2440959.73217325,1971.0191161485286,40287.07070476145,0.8148656,59.5115,112.3276,104.1207,1080.3863626835891,289.1064865297194,21602.20230337382
2440968.11498013,1971.0420670229432,40287.72013670307,0.8152477,59.5357,111.6542,104.2369,1065.112657012206,280.2869717404621,21579.657525403843
2440972.77218344,1971.0548177506917,40288.04611337101,0.8154081,59.5314,111.3316,104.3527,1058.7106793547719,275.4899097509725,21570.213272739264
2440978.36083742,1971.0701186513895,40287.093219298375,0.8157789,59.5968,110.9096,104.3049,1043.5963286616889,269.51178549981154,21547.447930918384
2440982.08637948,1971.0803186296512,40286.41279385028,0.8159759,59.5578,110.5646,104.4154,1035.5345566167844,265.60529332558554,21535.249267446146
2440991.40077453,1971.1058200534706,40287.62231997149,0.8164235,59.6368,109.8318,104.362,1017.7243988222472,255.6385807505858,21508.976741596925
2440996.9895229,1971.121121212594,40288.27727810461,0.8170163,59.6393,109.4125,104.5481,993.961742973509,249.89696346615312,21473.61258435712
2441001.64680977,1971.1338721691166,40288.14918641402,0.8170638,59.6367,109.0151,104.4894,992.0246171956715,244.8505191180675,21470.67958531747
2441001.64682699,1971.1338722162627,40288.098400342,0.8170689,59.6349,109.0072,104.4499,991.809857282803,244.80310214543024,21470.34491230716
2441013.75527535,1971.1670233411364,40287.370901173446,0.8180779,59.6857,107.9306,104.7618,951.0268178203651,232.1039971909032,21408.99722532255
2441022.13827946,1971.1899747555372,40288.67632026857,0.8186489,59.6821,107.3254,105.0376,928.2594682246563,223.5120880066649,21375.100984004686
2441027.72710275,1971.2052761197808,40288.13042306828,0.8192897,59.6729,106.7231,105.0549,902.3438351917957,217.4185968788695,21335.914743474623
2441037.9726474,1971.233326892266,40286.73349079451,0.8193521,59.7336,105.9137,105.2807,899.577502971697,206.73671878428982,21331.38292872865
2441042.62968482,1971.2460771658311,40286.955630952885,0.8196083,59.7047,105.4845,105.5065,889.2961140921652,201.94322030077456,21315.922961104796
2441047.28700177,1971.258828204709,40287.95980271352,0.8199072,59.7748,104.9805,105.4438,877.4351871581275,196.78614630473328,21298.26300512532
2441054.73860652,1971.2792295866393,40288.177456562866,0.8204089,59.7896,104.3005,105.7405,857.2618064193275,189.05834880985896,21267.80293003689
2441059.39574242,1971.2919801298292,40287.70162402802,0.8203917,59.8444,103.8549,105.8061,857.869299598914,184.08815326149664,21268.60080570938
2441065.91554604,1971.309830379302,40286.873828984324,0.8204505,59.7815,103.2723,106.0397,855.3517525572215,177.31306345128553,21264.57728569632
2441072.43557091,1971.3276812345246,40287.53275939266,0.8206619,59.8737,102.6784,106.0063,846.9532787572352,170.25945557114775,21252.024638221566
2441078.02423627,1971.34298216638,40288.63103661689,0.8207277,59.8697,102.2285,106.1613,844.4992497856965,164.45622010326866,21248.586630512396
2441083.61274672,1971.3582826741142,40287.710129849045,0.8208392,59.8844,101.676,106.4136,839.8420770318589,158.64783731889725,21241.291525231947
2441091.06411413,1971.3786834062425,40287.216049159266,0.8208489,59.946,101.0336,106.509,839.362771144537,150.75657375267224,21240.438524051493
2441094.78969399,1971.388883487994,40286.852565543675,0.8208246,59.967,100.6883,106.6172,840.2766231723135,146.8474443221781,21241.73114569423
2441102.24110085,1971.4092843281317,40287.73539716743,0.8209419,60.0082,100.0575,106.6718,835.7090535195457,138.92694187264084,21235.03058935361
2441106.89838551,1971.4220352786033,40288.43239049912,0.8209823,59.9925,99.7048,106.693,834.206203152652,134.00509970281865,21232.929164754478
2441113.41839272,1971.4398860854762,40287.321868710715,0.8211214,60.0342,99.1381,106.81,828.4034336243567,127.12910922858322,21223.84130640509
2441117.14398519,1971.4500862017521,40287.10522706426,0.8210526,60.0702,98.7862,106.8945,831.136433909558,123.18966736923642,21227.933103302687
2441120.86963643,1971.4602864789322,40287.12398921637,0.821088,60.0437,98.5131,106.9711,829.7136271586778,119.321067584454,21225.77901466158
2441133.90983102,1971.495988585955,40288.490683123666,0.8214335,60.0706,97.4715,106.9405,816.0384715680002,105.39610905621495,21205.364610863304
2441137.63538556,1971.5061885983844,40287.585795206054,0.821613,60.1061,97.1275,107.3065,808.6452672494206,101.74610458164605,21193.898696670032
2441145.08696361,1971.5265899072137,40287.21429801414,0.8218184,60.1391,96.4669,107.0767,800.3040031630389,93.51123340307916,21181.119858802438
2441151.6067618,1971.544440141821,40287.005412782266,0.8221416,60.1367,95.9565,107.3915,787.246023508792,86.88954894443492,21161.19222521784
2441159.99003151,1971.5673922833953,40288.78440110067,0.8225449,60.1605,95.2901,107.1863,771.313964775758,77.75517797769908,21137.36574148579
2441164.6472244,1971.5801429826151,40288.29604162135,0.8228889,60.1698,94.8694,107.3535,757.3681290572013,72.91142625853831,21115.962822592654
2441171.1672408,1971.5979938146472,40287.02967835283,0.8231927,60.1873,94.3287,107.3736,744.9046424494327,65.96452672702713,21096.603616547778
2441187.00169624,1971.641346190938,40288.384855896984,0.824177,60.2682,92.9245,107.6411,705.4883905183733,49.22097126226808,21036.605549292544
2441193.52194281,1971.6591976531422,40287.52900686531,0.825251,60.2658,92.3393,107.9196,662.0691064207076,42.48774486884139,20969.686714986256
2441199.11050187,1971.674498293963,40288.03285402257,0.825184,60.2943,91.7128,107.9313,664.8564514088075,36.36471417326038,20974.102934365925
2441207.49337095,1971.6974493386726,40287.20078918672,0.8256537,60.3725,91.015,107.9755,645.7880949517821,27.448738077810162,20944.52906724085
2441215.87661402,1971.7204014073106,40289.1902110654,0.82615,60.3216,90.0222,108.0773,626.1394181937176,18.294993368175426,20914.719698656576
2441221.46516541,1971.7357020271327,40287.55877693968,0.8263779,60.3696,89.5614,108.2979,616.6742587256986,12.546570232256215,20899.692385078233
2441227.05361419,1971.751002366023,40287.50198869415,0.826559,60.4171,88.9846,108.5463,609.3683324211006,6.710048231771253,20888.38658461812
2441234.50498244,1971.7714031004512,40287.20078918672,0.8266646,60.4378,88.3315,108.6402,605.0617636739962,358.80658383756776,20881.65194720466
2441241.0249726,1971.7892538606432,40287.53776276382,0.826851,60.4851,87.7112,108.7357,597.6105760847931,351.85551016844613,20870.20866576242
2441243.81950991,1971.7969048868172,40289.085630208065,0.826757,60.4799,87.4152,108.7638,601.6657618341369,348.8332407458364,20876.87050146607
2441249.40805806,1971.8122054977682,40286.76851268823,0.826961,60.5399,86.7521,108.8682,593.04583666706,342.7663208034168,20862.95071380281
2441255.92788409,1971.8300558085975,40287.56177896705,0.826932,60.5947,86.1826,109.1111,594.3514419622697,336.0136089049118,20865.17020602892
2441260.58491858,1971.842806074141,40287.039934945205,0.826983,60.5991,85.7325,109.2086,592.2064884244137,331.0709133092223,20861.719059833344
2441264.31057866,1971.8530063755238,40286.70297177777,0.8269844,60.6706,85.4261,109.1693,592.0917866839154,327.0531048113934,20861.457245748672
2441269.8992752,1971.8683073927446,40288.57574570091,0.8270894,60.7045,84.8403,109.3163,588.1855053345926,321.1059386119339,20855.876099080593
2441278.28204231,1971.8912581582754,40286.44056065002,0.8267837,60.7435,84.0822,109.3229,600.1318740857223,312.09216302083956,20873.83570314023
2441283.87042916,1971.9065583276115,40287.98231849265,0.826816,60.7838,83.5783,109.6041,599.0976298458309,306.3614020598874,20872.62103369122
2441290.39031221,1971.9244087945522,40287.021923372704,0.8268997,60.8043,83.0418,109.5849,595.5592810423914,299.37953396120906,20866.90487848398
2441294.11601964,1971.9346092255719,40287.24556849144,0.8270743,60.8217,82.7286,109.6414,588.563841003278,295.45067879413466,20856.12971566453
2441299.70472442,1971.9499102653522,40288.6412942285,0.826974,60.8418,82.2006,109.7065,592.8461485751814,289.47940447323674,20863.109681759797
2441308.087348,1971.9728606379197,40286.48808951738,0.8272087,60.8773,81.4572,109.9193,583.0183494222229,280.68667034893195,20847.3498130829
2441314.60736132,1971.9907114615194,40287.11748500117,0.827295,60.8883,80.8567,109.8893,579.6503252471266,273.62987385303575,20842.287478697963
2441320.1960118,1972.0060123526348,40287.56027795329,0.827473,60.9055,80.4107,109.8672,572.5556120744468,267.65345305147906,20831.3981486695
2441326.64769129,1972.023676088405,40288.869465228265,0.8279496,60.9148,79.6921,110.0303,553.5798070403107,260.7390081742318,20802.270544866853
2441332.30478321,1972.0391643619716,40287.40917661793,0.828373,60.9488,79.3288,110.2178,536.2708747554052,254.98742969019293,20774.998572313263
2441336.03053725,1972.0493649206023,40286.95362967653,0.8286453,60.9901,78.9862,110.189,525.2225531271315,250.9438285831769,20757.68882756414
2441340.68778158,1972.0621157606565,40288.16269603649,0.8286889,61.0056,78.5613,110.2139,523.6731684369779,245.95352616365375,20755.576232277243
2441343.48197535,1972.0697658462698,40287.45595784021,0.8286918,61.0124,78.3218,110.1993,523.4352627168828,242.94539534285292,20755.030172276813
2441350.00208767,1972.0876169409169,40288.18195977699,0.8290989,60.9906,77.756,110.3935,507.1583139260447,236.14740126990228,20729.84153612538
2441360.24832861,1972.1156696197395,40287.705126424364,0.8300659,61.2397,76.6952,110.4529,468.11861172430963,225.0470368937746,20668.731512029834
2441363.97400093,1972.1258699546333,40287.36990050945,0.8305432,61.1319,76.3064,110.6688,448.8324837566488,221.20201633197135,20638.441876657325
2441369.56250464,1972.1411704439147,40287.588547069055,0.8307769,61.1537,75.7508,110.9285,439.4543254595201,215.39794019070382,20623.78897530838
2441374.21976399,1972.1539213250924,40288.053868844036,0.8309439,61.1444,75.2649,110.8679,432.8049636566857,210.26112296670968,20613.468776329202
2441382.60295438,1972.1768732495009,40288.053868844036,0.8315719,61.2504,74.4299,110.9774,407.5040658270491,201.27293017966548,20573.708731242932
2441388.19142289,1972.1921736424092,40286.98840188859,0.8316029,61.2762,73.8839,111.0761,406.0757146116721,195.31748873270857,20571.199737817027
2441399.36809376,1972.222773699549,40285.80168621874,0.8319239,61.3673,72.7206,111.2787,392.9441327930681,183.34076816241264,20550.235603362555
2441404.95663413,1972.2380742891987,40287.30360665813,0.8320562,61.4117,72.1768,111.3354,387.86655945587154,177.34545588843037,20542.60413227112
2441411.47625271,1972.2559240320602,40285.889236033094,0.8322719,61.4532,71.4768,111.5284,378.939358370284,170.41254845833504,20528.183679423695
2441413.33893955,1972.2610237906908,40285.54904513552,0.8322559,61.4646,71.3094,111.5718,379.5268675821153,168.45263535126122,20529.02685109743
2441418.92704826,1972.2763231985211,40285.17359278351,0.832135,61.5218,70.7197,111.5888,384.33436515260564,162.37214853235574,20536.514683126272
2441423.58364874,1972.2890722758107,40284.1225728271,0.8320559,61.5891,70.1732,111.6153,387.3444097831334,157.2624807081587,20541.001159726962
2441427.30879042,1972.2992711578925,40284.010521435404,0.8320269,61.6599,69.7504,111.7997,388.4938277181209,153.35248315875248,20542.784954102746
2441432.89696054,1972.314570733854,40285.935762699424,0.8318868,61.59,69.3082,111.8457,394.46127606183927,147.44843581252528,20552.658103070622
2441440.34750871,1972.334969223025,40283.691129222025,0.8319108,61.6848,68.666,111.8944,393.11711495802865,139.51147971100335,20549.990207656745
2441446.86658201,1972.3528174729909,40283.82093625694,0.8316588,61.7259,67.9573,111.9838,403.29045699461494,132.46680972326067,20566.038963296975
2441453.3854096,1972.37066505024,40282.81277075342,0.8315497,61.7383,67.4306,112.1319,407.5155960772472,125.66308191365897,20572.439126725043
2441456.17917295,1972.3783139574261,40282.5229129623,0.831526,61.8766,66.9421,112.1557,408.42146523841075,122.44477532662177,20573.79286342116
2441461.76703807,1972.393612698344,40284.11782063172,0.8314909,61.8628,66.4727,112.385,410.104138248611,116.69712859617493,20576.831436991088
2441467.35469828,1972.4089108782475,40282.68497258593,0.8314986,61.8543,66.0438,112.3929,409.5525136396909,110.76878383092642,20575.611704729876
2441471.07976669,1972.4191095597257,40282.008234410314,0.8315357,61.8891,65.7096,112.3261,407.94401980416933,106.69625849876101,20572.915373476757
2441473.87377088,1972.4267591262972,40282.94757265869,0.8315218,61.8567,65.5157,112.1984,408.6621977359064,103.62081453301366,20574.27587873984
2441477.59873888,1972.4369575328676,40281.780660700504,0.8315419,61.9119,65.0868,112.2228,407.6559347183538,99.54488816765792,20572.4062851148
2441490.63636584,1972.4726526101033,40283.062117649984,0.8317924,61.9013,63.9377,112.3351,397.7808994608222,85.65786036283069,20557.180206585843
2441499.01747114,1972.4955988258448,40280.613583184975,0.8320969,62.0424,63.1656,112.2628,385.1035905188637,76.55282269590066,20536.609119919605
2441504.60500583,1972.5108966620946,40281.97647393036,0.8323589,62.0626,62.7178,112.2276,374.77854626380577,70.56260164593681,20520.66204052446
2441509.26046563,1972.523642616372,40278.44394893137,0.8327689,62.0128,62.2667,112.5148,357.67218786813555,65.81015810608818,20492.79118666623
2441512.98548236,1972.533841156358,40279.883921357854,0.8330959,62.0504,61.8144,112.4928,344.74147399870344,61.66438371110851,20472.702560512673
2441517.64143027,1972.5465884470086,40280.137223792546,0.8331399,62.0536,61.3917,112.4704,343.011425175745,56.63025907686978,20470.02781368983
2441525.09035037,1972.5669824787678,40277.17360954558,0.8336729,62.1221,60.7102,112.6328,321.0491826722464,48.769307643609125,20434.52908592603
2441529.74591602,1972.5797287228477,40276.851352797385,0.8337125,62.2358,60.2782,112.4147,319.40061932829667,43.53055977482654,20431.837517029806
2441534.40079645,1972.5924730908973,40274.923947010415,0.8340879,62.2014,59.8419,112.7053,303.9609093887866,38.796887277002526,20406.877667348308
2441539.98623126,1972.6077651779876,40271.8113361182,0.8339479,62.2543,59.3012,112.6481,309.08254316623334,32.69383592443387,20414.247361291924
2441551.1546567,1972.6383426603693,40261.52997369287,0.8350739,62.3073,58.0947,113.0446,262.04081859426606,20.875942267080234,20336.96983970275
2441558.59836471,1972.6587224222037,40253.96511864834,0.834908,62.3804,57.0834,112.6888,267.471309367892,12.172128006692787,20343.78266706412
2441562.31912035,1972.6689092959612,40249.546959831496,0.834885,62.3803,56.7868,112.7125,267.66764627257817,8.231953453967947,20343.023408344503
2441575.33514705,1972.7045452349082,40227.66101654112,0.835189,62.6867,55.4562,112.971,251.82473979715996,354.33091543305807,20312.485249002028
2441594.84410679,1972.7579578556883,40205.75900270233,0.835096,62.6439,53.6813,113.311,251.95418258162772,333.6674719522199,20307.38335371412
2441602.2725019,1972.7782956930866,40200.92681803538,0.834643,62.7464,52.7136,113.9867,269.368355849876,326.0538504888441,20333.928672569804
2441606.91472677,1972.7910054121014,40198.19692848014,0.835254,62.7933,52.2836,114.0657,244.35585117938626,321.1273516435159,20293.443631441514
2441611.55640228,1972.80371362705,40196.177675705214,0.835978,62.9018,51.7809,114.4299,214.92115472452042,316.41389426201675,20245.979868563976
2441616.19771687,1972.8164208538533,40194.026854634176,0.835961,62.9016,51.4112,114.4449,215.2516712073375,311.48459261285007,20245.988408550747
2441630.11986083,1972.8545376066525,40189.35931660953,0.834775,62.9362,50.2219,114.3636,262.15059308680793,296.4919616051401,20319.6387486197
2441654.24654363,1972.920592864148,40182.20956289577,0.835863,63.0809,48.4442,114.601,217.2510310250218,271.17176890675137,20246.32709342424
2441681.15610183,1972.9942672192467,40182.422311712755,0.834217,63.1232,45.7513,114.1816,283.4262181026761,241.5367010712073,20351.77220235506
2441700.63464621,1973.0475965673097,40166.65695416075,0.835291,63.3171,43.4774,113.7028,237.67360026286315,219.58543576848865,20275.152269934715
2441716.38899288,1973.0907296177413,40135.715043686214,0.834472,63.7072,42.0721,113.0955,265.4483397512922,202.04493761313756,20311.855932976607
2441753.32805079,1973.1918632465158,39992.1366639031,0.8356161,64.034,37.8973,114.1342,195.9270941453815,162.5007312543193,20166.321505321044
2441759.77626286,1973.209517489007,39980.31795369224,0.8352981,63.8115,37.1201,114.4313,206.69802957722186,155.66510395747326,20180.64037373037
2441782.78974044,1973.2725249567145,39962.20248515401,0.8342385,64.2634,35.3374,114.0179,246.05832724285665,130.78631558278067,20238.869855168465
2441801.19205361,1973.322907744312,39956.251873843496,0.8341436,64.3997,33.4721,113.9857,248.8637932889369,110.75101204764528,20241.877009792825
2441807.63201229,1973.340539390253,39955.520639268085,0.833084,64.4918,32.8341,113.7494,291.07938302407,103.52931950888095,20308.59331815406
2441817.75138555,1973.3682447242984,39953.50550640297,0.8331122,64.51,32.0587,113.4977,289.61633625147897,92.52829925255224,20305.78697856492
2441830.62946592,1973.403502986776,39952.44193037828,0.8326024,64.5896,30.8435,113.6761,309.8065932846921,78.79852476065426,20337.434798410017
2441843.50610212,1973.4387572953322,39949.1374806153,0.8324609,64.5955,29.8657,113.8156,314.9062392785572,65.26867368045512,20344.67589424413
2441852.70259781,1973.4639359282955,39945.34196703033,0.8324531,64.5954,29.1875,113.7525,314.5819160158353,55.463065813596984,20343.2346772768
2441872.00978786,1973.516796133771,39932.72335354637,0.8333848,64.7748,26.9961,113.7639,275.2623880957972,34.25339184243762,20277.997705227706
2441882.11795909,1973.54447079833,39919.85186148675,0.8344075,64.9433,26.0237,113.5806,232.2917693732461,23.134812601189907,20206.704065832073
2441894.05640938,1973.5771564938534,39899.8582002667,0.8346451,65.0514,24.8819,113.6307,219.500762719279,10.27626221279752,20181.51266096605
2441906.90219776,1973.6123263456811,39876.994620068595,0.8343757,65.2394,23.4264,113.4944,226.46302005262442,356.02331555476314,20187.02546296564
2441952.72991766,1973.7377958046814,39847.77329983901,0.8326578,65.3624,19.1537,113.4099,290.0777490963201,306.49711031468775,20280.668213445686
2441981.13080009,1973.8155531829973,39844.7269843903,0.8314315,65.797,16.8904,113.0885,338.42956066819625,275.91975412093774,20356.115839539776
2441993.04076221,1973.8481608821623,39845.115864016734,0.8299074,65.6757,15.8477,112.6153,399.2230546118544,262.6650824215542,20451.551296812922
2442004.03418174,1973.8782592244768,39844.338357597226,0.829176,65.8762,15.0334,112.2975,428.2329555981878,250.6975791883679,20496.674718512044
2442026.02129087,1973.9384566485146,39843.82490779912,0.8301347,65.8235,13.0901,112.6034,389.9469711107695,227.38910653478402,20436.717989242312
2442122.21238183,1974.2018135026146,39841.913365265165,0.8280648,66.7914,4.2214,111.5624,472.0910428395373,122.67093905875373,20564.363104128086
2442136.8692088,1974.2419417078718,39841.988790933596,0.8273279,66.8788,3.0931,111.2063,501.46357270696444,106.74038516618579,20609.971148021978
2442192.74784893,1974.3949290867347,39842.09146773983,0.8260976,67.1597,358.6811,110.1314,550.4990272594796,46.17802877552094,20685.846901554152
2442277.94197796,1974.6281778999592,39842.875434262205,0.8247904,67.6382,351.5158,108.8791,602.7179676869055,313.79085601472866,20766.4666177107
2442315.49955079,1974.7310049302944,39841.65400101352,0.8217516,67.9598,348.8243,107.8268,723.5747790342575,273.02932509398573,20950.913292866928
2442334.73604581,1974.7836715833264,39841.858377744786,0.8203009,68.0159,347.4157,107.6223,781.4097928081983,252.456230002535,21038.707951246975
2442353.97287936,1974.836339163203,39841.99487366434,0.8198463,68.0713,346.1304,107.0175,799.5464918716625,231.605801246853,21066.170135443987
2442382.37083244,1974.9140885213963,39842.31288206149,0.820308,68.263,344.0455,106.4667,781.2085864033916,200.9803322973538,21038.519836578835
2442430.92307948,1975.0470173291717,39842.87348768056,0.8204147,68.3537,340.0182,105.6087,777.0580881471578,148.24066149819987,21032.380705836058
2442461.15208053,1975.1297798234903,39841.70241859746,0.8163744,68.6659,337.775,105.4403,937.8202116364118,116.03456354348975,21273.82874807355
2442484.05311966,1975.1924794514987,39841.72066646878,0.8145801,68.7104,336.2648,104.6285,1009.3115618045722,91.14069746047812,21380.299899734837
2442500.54156923,1975.237622366133,39841.97054275527,0.813902,68.7273,335.3232,104.4892,1036.3747340656691,73.80834819205228,21420.503834682204
2442511.5339589,1975.2677178888428,39841.70850121891,0.812659,68.7533,334.4474,103.7747,1085.8492123268516,61.38366001663513,21493.581070524964
2442529.85449597,1975.3178767856812,39841.721153078965,0.812234,68.8071,333.3019,103.5762,1102.7843140290242,41.9824571547598,21518.553754692348
2442568.32894277,1975.4232140801373,39842.550358423214,0.8129513,68.8334,330.685,102.6592,1074.3609492275946,0.5271311505825906,21476.844018534437
2442613.21545644,1975.5461066569203,39842.709002390526,0.8102834,69.1893,327.2988,101.9477,1180.6869867229225,312.1881035087179,21633.230359471978
2442623.29199976,1975.5736947289804,39842.25935304244,0.8098679,69.1958,326.7269,101.6431,1197.1561395386016,301.3798975670644,21657.20603154161
2442635.20056768,1975.6062986110335,39843.03091823895,0.8087404,69.1597,325.9641,101.4381,1242.2258562100124,288.67470002798063,21723.185018463668
2442662.6808753,1975.6815355928816,39841.67346535119,0.8055083,69.3312,324.2863,100.8636,1370.7385031210451,259.33708656266356,21909.053051133295
2442677.33717537,1975.7216623555653,39841.271288303105,0.8046147,69.2141,323.3697,100.4309,1406.2624430464875,243.54215199652344,21960.082862978525
2442687.41372392,1975.7492504419438,39842.22577584043,0.8045583,69.2167,322.8463,100.2039,1408.6960374140745,232.86004090019958,21963.83885712887
2442703.90203475,1975.794392976729,39841.357416109095,0.803917,69.2983,321.9197,99.8904,1434.07658622292,215.3686283776181,22000.044126117908
2442714.89470954,1975.8244892800549,39842.77591558031,0.8034221,69.2889,321.2104,99.5677,1454.072919655353,203.50195918022337,22029.08663861923
2442742.37624499,1975.8997296235186,39843.47207274043,0.8032297,69.3516,319.3123,98.9435,1461.8756527947535,173.89313553331806,22040.445915837954
2442753.36886548,1975.9298257781797,39843.016805389736,0.8030547,69.4317,318.6452,98.7724,1468.7585976425225,162.2203198552645,22050.170006563414
2442758.86522718,1975.9448739963861,39842.51361748423,0.8030031,69.4743,318.1901,98.4941,1470.7153708521791,156.06956130096142,22052.831906348252
2442764.36148929,1975.95992194193,39842.331860575054,0.8027379,69.4861,317.8167,98.3558,1481.245751713942,150.14060090522742,22067.835790259072
2442781.76636981,1976.0075739077615,39842.63430327054,0.8013593,69.4488,316.7554,98.3741,1536.2324678456725,131.94289320588632,22146.31746918943
2442790.01030254,1976.0301445654754,39841.97370577135,0.7992013,69.4562,316.0986,97.9638,1622.0802255530689,122.75035642883194,22267.85376174176
2442798.25456142,1976.05271611614,39841.644512157516,0.7983983,69.4947,315.592,98.0714,1654.0069644466257,114.22559818966926,22312.81891894334
2442804.66684389,1976.0702719887481,39841.67176222069,0.7979286,69.4157,315.2361,97.72,1672.7260913324026,107.19818405071476,22339.190616730204
2442812.91094874,1976.0928431176999,39841.26082648266,0.7977272,69.5304,314.8725,97.6375,1680.6670829029636,98.62647762807114,22350.24942717505
2442824.81941937,1976.1254467333881,39842.126747837814,0.7969657,69.5382,314.2562,97.2577,1711.1820147585267,85.89307598025522,22393.35672549821
2442831.23148774,1976.1430020198216,39841.631130447124,0.7967346,69.564,313.9496,97.1602,1720.288788382788,79.16907286423316,22405.992711408413
2442838.55963897,1976.1630654044354,39841.30510679289,0.7963087,69.4818,313.543,96.7503,1737.1909308992836,71.12975440322106,22429.585300788272
2442849.55148077,1976.1931594271598,39841.79390146918,0.7946869,69.5488,313.0276,96.8595,1801.9059154717324,59.88970622247882,22520.110386370903
2442872.45171069,1976.255856839671,39841.20073197272,0.7939266,69.4602,311.7825,95.9838,1832.0753949201062,35.19783771845937,22561.92720285352
2442888.94022131,1976.3009999214514,39841.00341920363,0.7942625,69.5493,310.7119,95.6718,1818.6521409584075,17.563728277493,22543.20505408815
2442895.35239359,1976.3185554923748,39841.160344696604,0.7939769,69.5455,310.3889,95.4353,1830.0630618114628,10.684222745055138,22559.118702538653
2442903.5968399,1976.3411275561948,39842.42067058628,0.7937398,69.559,309.9083,95.2857,1839.7693559992604,1.9280797698943957,22572.959616056152
2442910.9250936,1976.3611912213555,39842.16932737041,0.7934947,69.6085,309.4945,95.1782,1849.4828295994248,354.18386031205495,22586.377207813162
2442917.33719726,1976.378746604408,39841.73599469683,0.7931033,69.5883,309.0931,95.0451,1864.9873995739927,347.3294224131429,22607.763932260303
2442925.58129263,1976.4013177074064,39841.922854281234,0.7924605,69.618,308.5416,94.9959,1890.6364482160989,338.6031253337111,22643.340430523178
2442935.65778635,1976.4289056436694,39842.37565723107,0.7921374,69.5729,307.7991,94.8269,1903.6034942887582,327.75996827903305,22661.400437694763
2442942.98595379,1976.448969072663,39841.918961350886,0.7915025,69.5454,307.3331,94.5876,1928.8041986442568,319.8318338413459,22696.071347659567
2442951.23013496,1976.4715404105675,39842.07321944395,0.7907516,69.5787,306.8692,94.3319,1958.7537738514948,310.9865521956806,22737.384036090967
2442964.05428267,1976.50665101347,39841.37371718691,0.7904063,69.6384,306.2227,94.3508,1972.3646304679569,297.7191351508068,22755.909740114905
2442973.21450946,1976.5317303475979,39841.97321915345,0.788972,69.7531,305.7363,94.0443,2029.6356244915132,287.89767486474466,22834.64898105203
2443000.69474612,1976.6069671351675,39841.705094950616,0.7860132,69.6305,304.3694,93.2961,2147.462679812179,258.6973313397265,22995.137005249024
2443007.10631991,1976.6245210675152,39841.93039683651,0.7850681,69.7674,303.9742,93.5413,2185.165499859824,252.2279156945383,23046.275727303302
2443011.68658355,1976.6370611459279,39842.40047538957,0.7844264,69.6676,303.6892,93.0408,2210.8334031214417,246.92798746594008,23081.098586707725
2443020.84660776,1976.6621399254211,39842.49974841007,0.784104,69.6723,303.2598,92.7489,2223.7000256827396,237.17832684840016,23098.48978503337
2443037.33472504,1976.7072819302944,39842.359598443225,0.7834857,69.6566,302.431,92.3538,2248.3042988052184,219.70330509403323,23131.60385951657
2443043.74673602,1976.7248370596026,39842.43161980002,0.7830293,69.6459,302.1516,92.1949,2266.5039782501426,212.9451585430628,23156.1092681044
2443063.89908926,1976.7800111957838,39842.370790930014,0.7830797,69.6188,301.0024,91.7798,2264.482724679774,191.51816951783746,23153.374069918525
2443079.47140883,1976.822645883176,39842.477119946576,0.7823757,69.6352,300.089,91.4804,2292.554893494389,174.95688205664976,23191.11100387013
2443085.88344049,1976.840201069103,39842.3311306318,0.7823289,69.6273,299.7643,91.2487,2294.387743768868,168.08061512290993,23193.527731847877
2443092.29567183,1976.8577568017247,39842.3503524818,0.7820697,69.6239,299.3545,91.2056,2304.719065021465,161.3076513791005,23207.388148542148
2443102.37184625,1976.8853438637914,39842.504128116394,0.781237,69.6246,298.8055,91.0213,2337.929430579128,150.64300903511156,23251.89672135287
2443117.94393836,1976.9279779284327,39842.281007942125,0.7795747,69.6234,297.9305,90.8438,2404.110443859947,134.24224576418777,23340.10787677214
2443125.27215222,1976.9480414845173,39842.35181237009,0.7789525,69.6387,297.5827,90.6159,2428.915962244875,126.44366557381665,23373.102924072817
2443142.6772754,1976.9956941147163,39842.179303163066,0.7770633,69.6411,296.8781,90.1431,2504.1476746554727,108.11131870211636,23472.68553540285
2443147.25632014,1977.0082308559613,39842.46957713255,0.7770124,69.6263,296.6227,90.0241,2506.240369077801,103.223691853937,23475.534573953028
2443154.58412076,1977.0282932806576,39841.92115112409,0.7764457,69.6192,296.2783,89.8954,2528.696493594738,95.52811896324573,23504.999787451325
2443165.57613469,1977.0583877746478,39841.719693248444,0.7758853,69.6111,295.722,89.6378,2550.9787565364677,83.88020112681693,23534.288822123417
2443177.48420755,1977.0909903013007,39842.099740307516,0.7752065,69.6284,295.1388,89.3448,2578.1087479728176,71.26709153176444,23570.06951073071
2443188.47590003,1977.1210839152093,39841.93696616175,0.7744897,69.6231,294.6023,89.1211,2606.630857820228,59.67319052461988,23607.44239563965
2443191.22381768,1977.12860730371,39841.917988118454,0.7742726,69.621,294.471,89.066,2615.276258471211,56.778370664444765,23618.76395098428
2443199.46762797,1977.1511776262014,39841.96154032833,0.77367,69.6018,294.0737,88.9403,2639.294855422513,48.130054567520176,23650.20804764887
2443215.03975167,1977.1938117773302,39841.9291802951,0.7726841,69.5828,293.3127,88.5565,2678.5676893550426,31.636960161125785,23701.47149362693
2443235.19166334,1977.248984704559,39842.31215211911,0.7718102,69.5774,292.3346,88.1321,2713.4729415296297,10.372206358734786,23747.032582483236
2443253.51144056,1977.299141521041,39841.72796562315,0.7705044,69.5525,291.4728,87.7456,2765.364964507464,351.0674524252429,23814.20532346785
2443265.41966976,1977.3317444757288,39842.098280442326,0.7699348,69.5302,290.8998,87.5078,2788.144009309619,338.5195887376499,23843.799407027724
2443280.07530776,1977.371869425763,39841.86519034763,0.7688731,69.5341,290.2175,87.1325,2830.390491662958,323.0170067253335,23898.27844946314
2443303.89132026,1977.437074114332,39841.91506842148,0.7675344,69.4934,289.1022,86.6583,2883.7383915296414,297.9538188404664,23966.936835266624
2443327.70689854,1977.502277614072,39841.82601792102,0.7663176,69.4687,287.9976,86.1185,2932.197224250225,272.83615893408455,24029.03132818225
2443346.94262411,1977.5549421604649,39842.03210002712,0.7652561,69.459,287.1158,85.6952,2974.5376990855566,252.57182223264255,24083.193402954632
2443367.09434488,1977.6101145650375,39841.89949671337,0.7644606,69.4262,286.2069,85.3105,3006.200802316167,231.4161565864809,24123.501098984718
2443381.75021872,1977.650240160767,39841.929423603375,0.7634616,69.4174,285.558,84.9721,3046.0099387720657,215.98364212385155,24174.107798126715
2443401.90181796,1977.7054122326083,39841.97443569822,0.7623257,69.3774,284.6535,84.5379,3091.2770846224685,194.78299626099425,24231.479804348928
2443422.9696503,1977.7630928139636,39841.92358420579,0.7612873,69.3328,283.7193,84.1934,3132.6368519794414,172.7392869730894,24283.707896275508
2443434.87760567,1977.7956950189464,39841.89974002119,0.7606334,69.3196,283.1947,83.8757,3158.6837783097544,160.1601931793361,24316.5221048877
2443450.44933543,1977.838328091526,39841.953267832374,0.759944,69.3093,282.5084,83.4787,3186.1636336627707,143.72898705069264,24351.09936435446
2443462.35727843,1977.8709302626417,39841.96932621079,0.7591003,69.3034,281.9904,83.235,3219.7821580933833,131.2305054489659,24393.292986944653
2443485.25668627,1977.933625424421,39841.831370669286,0.7574854,69.2608,280.9934,82.9328,3284.089498125315,107.36104720843844,24473.668499743097
2443512.73624654,1978.0088603601375,39841.85253837323,0.7569578,69.2184,279.8054,82.1606,3305.115193001813,78.31627035051008,24499.888367531414
2443540.21537192,1978.0840941051877,39841.80168726974,0.7554399,69.1562,278.6274,81.6104,3365.578704818854,49.50392213243879,24575.035367850796
2443551.20702618,1978.1141876144554,39841.69268640797,0.7550952,69.1347,278.1616,81.3614,3379.285479026208,37.95545879601093,24591.995310690592
2443563.11466301,1978.1467889473238,39841.742320636506,0.7544485,69.1133,277.66,81.1853,3405.063289445776,25.541278963452044,24623.92631184798
2443584.18220853,1978.204468743409,39841.92504405499,0.7536056,69.0778,276.7731,80.6986,3438.690916074902,3.4029523727576247,24665.53051133939
2443606.16552979,1978.2646557968237,39841.82650453442,0.7525372,69.0248,275.8515,80.3129,3481.2336439263,340.4283131434553,24717.919145246487
2443629.0650495,1978.3273512648875,39841.61166616116,0.7516835,69.0171,274.9249,79.7652,3515.193263300309,316.383644640455,24759.581975762856
2443649.2165384,1978.3825230346336,39841.742320636506,0.7509731,68.9637,274.0792,79.3362,3543.5292807069163,295.2471075319028,24794.36720643026
2443661.12388294,1978.4151235672555,39841.49293453155,0.7502505,68.9112,273.579,79.0611,3572.2566396527855,282.7356157880517,24829.440865265577
2443671.199814,1978.4427099630395,39841.86129743136,0.7504265,68.9087,273.1874,78.9405,3565.336470514485,272.29231330578983,24821.096416733217
2443693.18295156,1978.5028965135107,39841.7306419806,0.7495582,68.8646,272.293,78.5097,3599.8984370927774,249.2999551361525,24863.273961668558
2443715.16630981,1978.5630836681992,39841.61482910601,0.7484622,68.8437,271.4409,78.0197,3643.535842560703,226.290479448268,24916.39583460885
2443727.07386544,1978.595684778755,39841.85107853067,0.7482172,68.8163,270.9527,77.7483,3653.3565217354717,213.7944796482543,24928.412401654125
2443743.56136253,1978.6408250856402,39841.7943880816,0.7476058,68.7769,270.298,77.3639,3677.701521144345,196.50486916950643,24957.960253153527
2443765.54482542,1978.7010125268166,39841.58052335305,0.7471379,68.714,269.4266,76.9314,3696.289418454149,173.53349034600325,24980.431993118702
2443791.19212662,1978.7712310105958,39841.59682465908,0.746064,68.6678,268.4136,76.4477,3739.0794312666294,146.75813618553224,25032.214361985883
2443811.34334104,1978.8264020288568,39841.724072740406,0.7456082,68.6236,267.6172,76.0448,3757.271601967761,125.69726961153879,25054.221515622743
2443822.33487257,1978.856495202108,39841.67224882938,0.7454917,68.5845,267.1901,75.6949,3761.899973206744,114.08672724117673,25059.788934954548
2443839.73854262,1978.9041438538538,39841.728208928354,0.7448905,68.5721,266.5223,75.4408,3785.8670625156083,96.0113126126389,25088.694299855335
2443855.30964936,1978.9467752206979,39841.61823535502,0.7442366,68.5543,265.9148,75.106,3811.891441376398,79.72172054876296,25119.971161568494
2443862.63751082,1978.9668378119638,39841.82017856133,0.7441998,68.5277,265.6386,74.9879,3813.409270040025,72.10488769298411,25121.860892753095
2443871.79720479,1978.9919156873104,39841.454249621966,0.7441892,68.4987,265.2816,74.7615,3813.7379847591947,62.49345256820851,25122.137771692862
2443894.69638186,1979.0546102172757,39841.53551237076,0.7437433,68.4385,264.3847,74.3081,3831.524113332942,38.57312178074994,25143.52876352289
2443926.75482457,1979.1423814498835,39841.50777593687,0.74303,68.3609,263.167,73.651,3859.9359531824994,5.100678041972742,25177.593363357435
2443964.30929278,1979.245199980232,39841.55643637915,0.7425408,68.2682,261.7289,72.8648,3879.438946865026,325.86170711644866,25200.959678235962
2443988.12418862,1979.3104016115542,39841.613855892145,0.7420348,68.2257,260.8241,72.3872,3899.613586657988,301.00671984052684,25225.09979090816
2443998.20003486,1979.337987775113,39841.661056833174,0.7423433,68.1977,260.4427,72.2213,3887.3346104221473,290.5284009592872,25210.437977709647
2444012.85511958,1979.3781112103488,39841.48003955125,0.7424141,68.1673,259.8892,71.8887,3884.467193319846,275.1978642743943,25206.949974748724
2444034.83842452,1979.4382982190832,39841.399506985865,0.7419157,68.1123,259.0605,71.4495,3904.3034027807935,252.26264113008415,25230.632592118603
2444057.73753439,1979.5009925650645,39841.552786840824,0.7417812,68.0632,258.1956,71.0246,3909.7016507546923,228.40287657675736,25237.128912682707
2444065.98099508,1979.5235619304037,39841.2990243254,0.7416087,68.0506,257.901,70.9444,3916.5087485841723,219.90310505465084,25245.171858403435
2444069.64478983,1979.5335928537436,39841.39756058449,0.7415726,68.0534,257.7542,70.904,3917.9724839481914,216.1047726523031,25246.9506349723
2444069.64484699,1979.533593010239,39841.63940277586,0.742018,68.048,257.7463,70.6826,3900.289516406923,215.8754163139812,25225.915672056
2444078.80463633,1979.5586711466938,39841.98124835069,0.7416965,68.0216,257.4149,70.632,3913.1869033833536,206.46528719026327,25241.42900340184
2444079.7205951,1979.5611789051334,39842.080032138634,0.7412779,68.042,257.361,70.6452,3929.890314282973,205.52179415198697,25261.388180231144
2444082.46856225,1979.5687024291583,39841.995360282905,0.7415837,68.0147,257.2662,70.5216,3917.684725621477,202.59492550305458,25246.801723979395
2444086.13241735,1979.5787335177279,39841.91482511342,0.7415045,67.9983,257.0755,70.3902,3920.819393675105,198.6616336179943,25250.51574372976
2444087.96432318,1979.5837490025456,39841.98465467801,0.7412062,67.9335,256.9125,70.3181,3932.7223083258086,196.62095908356804,25264.733386630247
2444092.54394047,1979.5962873113485,39841.29123877041,0.7415389,67.9622,256.9216,70.2279,3919.2876589929638,192.0260679144917,25248.485335683024
2444092.54403291,1979.596287564435,39841.47103740138,0.7413571,67.9749,256.8514,70.282,3926.5773093795015,192.00987680337613,25257.2393977691
2444106.28362054,1979.6339045052432,39841.72991206488,0.7414755,68.104,256.714,69.7595,3921.9270046516194,177.80787811247313,25251.776957341543
2444109.94751082,1979.6439356901296,39841.77808657349,0.7414677,68.028,256.3334,69.7622,3922.250224811445,173.8187515532985,25252.178215622946
2444120.02293218,1979.6715206904319,39841.4936644364,0.741476,67.9286,255.882,69.7556,3921.846008104754,163.4301514445633,25251.603458532998
2444120.9388783,1979.6740284142372,39841.50072018507,0.7414706,67.9367,255.8507,69.7635,3922.062976289015,162.5039708746108,25251.864585783045
2444122.77080268,1979.6790439498425,39841.62066839046,0.7415425,67.9117,255.7697,69.8066,3919.229373900527,160.66047805673526,25248.522968100555
2444125.518674,1979.6865672114993,39841.629670624854,0.741476,67.9093,255.6667,69.7499,3921.881168968619,157.79240386020547,25251.689659476357
2444126.43459438,1979.689074864833,39841.70022885431,0.7416163,67.9392,255.6904,69.6301,3916.3096194222217,156.79354866016843,25245.06471973839
2444126.43462398,1979.6890749458726,39841.634293395844,0.7414533,67.9137,255.6444,69.7479,3922.786769164328,156.86531948586753,25252.771470109765
2444126.43470287,1979.6890751618616,39841.634293395844,0.7414533,67.9137,255.6444,69.7478,3922.786769164328,156.8651417298031,25252.771470109765
2444131.93036716,1979.7041214706642,39841.68295422442,0.741202,67.9119,255.4224,69.6568,3932.8115651873704,151.13547056086452,25264.741544784265
2444132.84632266,1979.7066292201503,39841.66932917744,0.7412494,67.9048,255.3441,69.6798,3930.919543926262,150.17738074591932,25262.481570867552
2444135.59422324,1979.7141525619163,39841.68636048799,0.7411831,67.8939,255.2481,69.6157,3933.565454593785,147.30887771013556,25265.64130683976
2444137.42616092,1979.7191681339355,39841.68490066066,0.7411655,67.902,255.1754,69.5711,3934.2662904200497,145.38597178321538,25266.47620119686
2444137.42616116,1979.7191681345935,39841.62188490833,0.7415141,67.862,255.2445,69.4131,3920.3611903802284,145.29707154638754,25249.87376488158
2444137.42629458,1979.719168499877,39841.60631348668,0.7414868,67.8398,255.2568,69.3544,3921.444841239645,145.2505400442521,25251.1615322365
2444142.92197197,1979.734214844544,39841.56251894488,0.7413891,67.8547,255.0551,69.321,3925.3260404306,139.5987559640849,25255.776889775567
2444148.41767789,1979.7492612673238,39841.49853046963,0.7414803,67.9511,254.821,69.1858,3921.675947647451,133.8127437634065,25251.402166239077
2444148.41768856,1979.7492612965373,39841.478336441425,0.7414869,67.9404,254.8144,69.2079,3921.4077733363174,133.82823324661365,25251.0756687749
2444155.74522138,1979.769322988036,39841.52480707476,0.7416646,67.8657,254.561,68.9665,3914.3399476455816,126.11122430704461,25242.656866413432
2444157.57729431,1979.7743389303494,39841.58271307976,0.7415079,67.8258,254.4953,68.875,3920.598082827686,124.14828507424448,25250.14364908114
2444158.49325154,1979.7768466845728,39841.753999300985,0.7415973,67.8665,254.5116,68.8255,3917.0805061551728,123.21229355377477,25246.00217559422
2444160.32529161,1979.7818625369196,39841.6204250869,0.7418988,67.8314,254.3545,68.8961,3905.0337416594393,121.32008670896965,25231.57669596526
2444160.32531378,1979.781862597618,39841.748159967676,0.7417431,67.8607,254.3888,68.7583,3911.2700703739556,121.21656485750361,25239.064971096977
2444165.82105594,1979.7969091196164,39841.72480265584,0.7416207,67.851,254.1944,68.6304,3916.1406653028516,115.4775169380988,25244.871078973785
2444168.56900606,1979.8044325970152,39841.70752799932,0.741624,67.8083,254.0985,68.6264,3916.004724254355,112.66916507454499,25244.703222976405
2444170.40090372,1979.809448059466,39841.507289333196,0.741962,67.7846,254.0871,68.7143,3902.486557924958,110.9400985922527,25228.49743537255
2444175.89646288,1979.8244940804382,39841.42602672832,0.7417441,67.7439,253.7645,68.6514,3911.147035816144,105.13803104222552,25238.813341053657
2444182.30807284,1979.8420481118135,39841.51507499374,0.7416325,67.7337,253.5591,68.4403,3915.616346138444,98.40207974715696,25244.17711247449
2444182.30812251,1979.8420482478032,39841.51507499374,0.7416325,67.7337,253.5591,68.4402,3915.616346138444,98.40193079087527,25244.17711247449
2444182.30832841,1979.8420488115266,39841.867623420774,0.7418532,67.8282,253.593,68.3728,3906.9143330096776,98.36822785037026,25233.90298867542
2444186.88804805,1979.8545874005476,39841.83623680563,0.7417674,67.761,253.3796,68.3223,3910.3246602045365,93.59043580288017,25237.964908227754
2444188.72002381,1979.859603076824,39841.77151731374,0.7418059,67.752,253.2764,68.3734,3908.774039318454,91.73269234339284,25236.092457862887
2444188.7200265,1979.859603084189,39841.774193678495,0.7418058,67.7467,253.2756,68.3704,3908.778714517466,91.72888969193474,25236.098910368237
2444191.46795023,1979.867126489336,39841.85059191652,0.7417638,67.6922,253.1537,68.3605,3910.4717978242734,88.8886638390153,25238.145244712163
2444192.38386472,1979.8696341265431,39841.782222775466,0.7417342,67.7709,253.1703,68.3316,3911.6334591908835,87.97361444446483,25239.50986827356
2444193.29981585,1979.8721418640653,39841.753999300985,0.7417519,67.7878,253.1567,68.3135,3910.920970986879,87.03912893647635,25238.650097702863
2444193.29981591,1979.87214186423,39841.753999300985,0.7417519,67.7877,253.1569,68.3133,3910.920970986879,87.03912887726915,25238.650097702863
2444193.29983165,1979.8721419073242,39841.75521582903,0.7417601,67.784,253.157,68.3073,3910.5945827601645,87.03321336323222,25238.260825695295
2444193.29984744,1979.8721419505541,39841.753755995385,0.741752,67.7876,253.1569,68.3133,3910.916923978297,87.0390978005455,25238.64518701125
2444201.54340676,1979.894711585927,39841.501936693785,0.7418854,67.7433,252.8559,68.1102,3905.5370357889406,78.40992906626195,25232.139279976414
2444204.29125295,1979.9022347787823,39841.60266393693,0.7420183,67.7113,252.7119,68.0327,3900.2680859669763,75.48007963839973,25225.878130557434
2444207.95502579,1979.912265642135,39841.628454106394,0.7420999,67.6875,252.635,67.9558,3897.0236624768822,71.71516883141436,25222.00982091927
2444210.70300082,1979.9197891877338,39841.62139830117,0.7420693,67.6724,252.5206,67.9357,3898.2409963987975,68.87219241582551,25223.462196125576
2444211.61895404,1979.922296930979,39841.62212821191,0.7420624,67.6751,252.4854,67.922,3898.5160918578713,67.92050484752957,25223.79114478654
2444215.28282665,1979.932328067488,39841.71117757309,0.7422566,67.6752,252.327,67.8331,3890.8018007256887,64.0619957043545,25214.59987794733
2444218.03078041,1979.9398515548526,39841.62942732115,0.7423457,67.7205,252.1896,67.7274,3887.230840955832,61.11044025304784,25210.303619396516
2444222.61050121,1979.9523901470504,39841.26277286735,0.7422652,67.7092,252.0198,67.6373,3890.343592512412,56.33664706180991,25213.90646124229
2444222.61059893,1979.952390414593,39841.65424431759,0.7422652,67.7092,252.0198,67.6373,3890.444488328347,56.33655074645651,25214.154207519437
2444226.27435804,1979.9624212403564,39841.501936693785,0.7422028,67.7002,251.884,67.5652,3892.8913430742323,52.51755347168364,25217.029851100073
2444227.190284,1979.964928908966,39841.39756058449,0.7421874,67.6979,251.85,67.5472,3893.4779927279433,51.562792772292255,25217.69718962976
2444234.51784376,1979.9849906742234,39841.65862379156,0.7420672,67.6798,251.5787,67.4033,3898.334265478703,43.92535727958784,25223.585738257658
2444238.18171465,1979.9950218060226,39841.556922984324,0.7420097,67.6708,251.4431,67.3314,3900.598923027803,40.10664983184097,25226.258528191902
2444247.34131592,1980.0200994275701,39841.58830904937,0.7418639,67.6482,251.1042,67.1516,3906.4159239036,30.56000607474391,25233.21698439868
2444250.08925804,1980.027622883066,39841.53818869588,0.7426028,67.5898,251.0305,67.1912,3876.9640734633904,27.81746209625993,25197.992392828633
2444255.58498286,1980.0426693575905,39841.36714809384,0.7426796,67.5968,250.8321,67.0493,3873.860231094366,22.060431267447484,25194.22222247026
2444256.50093073,1980.0451770861869,39841.3744470863,0.7426965,67.6056,250.803,67.053,3873.1887900458714,21.132248972693787,25193.420903919367
2444260.16471977,1980.0552079938952,39841.48612208782,0.7428242,67.5888,250.6347,67.0512,3868.129766636832,17.351022197752684,25187.400475382787
2444261.08070285,1980.0577158188914,39841.51580489961,0.7428957,67.5966,250.6472,67.0171,3865.2887319576494,16.426605199050414,25184.007885053492
2444267.49244722,1980.0752702182608,39841.58003674716,0.7429811,67.6041,250.3954,66.8792,3861.9027753067166,9.717321426080389,25179.973053017475
2444268.40841559,1980.0777780029841,39841.59195859583,0.7430006,67.6099,250.3565,66.8542,3861.128928403954,8.750618925718697,25179.049879120284
2444268.40848705,1980.0777781986308,39841.50388310791,0.7431444,67.5712,250.3105,66.8029,3855.3770847980104,8.65324849294825,25172.129302321668
2444271.15633845,1980.0853014057495,39841.30364700049,0.7431088,67.5745,250.2471,66.7596,3856.7440034423307,5.8381939301517605,25173.70255774549
2444277.56791036,1980.1028553329504,39841.35595631189,0.7431803,67.5883,250.0249,66.6892,3853.9087842932313,359.2261801378171,25170.321579473446
2444283.9796796,1980.1204098004102,39841.46884769002,0.7431224,67.5445,249.7765,66.5349,3856.244598069379,352.50387185228414,25173.157607991525
2444292.22327721,1980.1429795406154,39841.617262140935,0.743649,67.5694,249.5701,66.3006,3835.30212676709,343.9380653784388,25148.089968156488
2444294.97113753,1980.1505027721564,39841.3630119996,0.7436222,67.6833,249.4491,66.1977,3836.3046980178315,341.00580202365063,25149.210891121016
2444294.97116693,1980.1505028526494,39841.52042763757,0.7436746,67.5765,249.4625,66.2359,3834.257360222373,341.0573730462472,25146.80472271904
2444299.55095548,1980.1630416303353,39841.23917296916,0.7437765,67.6302,249.296,66.1261,3830.125445235266,336.2671130792953,25141.753791806153
2444301.38285989,1980.1680571112659,39841.382475981874,0.7438235,67.6189,249.1999,66.1175,3828.2896178583724,334.3568399442621,25139.595955913825
2444301.38286259,1980.1680571186578,39841.38369248156,0.7438235,67.6189,249.1999,66.1175,3828.289929497005,334.3568372831661,25139.596723515468
2444304.13070971,1980.175580314059,39841.2686120228,0.7436604,67.5142,249.0885,66.1119,3834.758559498481,331.5314869387442,25147.324796406592
2444305.04667482,1980.1780880898566,39841.45473622403,0.7438749,67.5453,249.0012,66.0233,3826.2602784608516,330.4527876516181,25137.18246868309
2444305.96263619,1980.1805958554141,39841.25255435044,0.7437732,67.524,249.0192,66.0402,3830.2603499930374,329.58489205092235,25141.920081636872
2444305.96263714,1980.1805958580148,39841.54597437152,0.7438622,67.5874,249.0462,66.0268,3826.789634474375,329.59849111462756,25137.84766198288
2444311.45831625,1980.1956422073915,39841.61239607145,0.7439479,67.5381,248.7767,65.9716,3823.392221400125,323.85710533903216,25133.788853266222
2444313.29026548,1980.2006578110336,39841.8403730227,0.7439371,67.5061,248.6986,65.9453,3823.8808872532736,321.94708802787045,25134.44950395625
2444316.954005,1980.2106885831627,39841.650594756866,0.7439962,67.5181,248.5842,65.83,3821.477650530018,318.1063100614227,25131.501379789428
2444316.9540687,1980.2106887575628,39841.58149656488,0.7440396,67.537,248.6071,65.7656,3819.730836493345,318.0647472773536,25129.380469618965
2444316.95407246,1980.2106887678578,39841.66640952604,0.7440571,67.537,248.5691,65.8148,3819.0553416866824,318.0759435711863,25128.59632379577
2444323.36574583,1980.2282429728402,39841.62553446247,0.7440367,67.5179,248.3249,65.6755,3819.8576491652784,311.37292977752634,25129.547061069446
2444324.28170377,1980.230750729008,39841.57225105488,0.7442762,67.4389,248.2867,65.7255,3810.301954014305,310.48193755713044,25118.04547649255
2444333.44120028,1980.2558280637375,39841.467144581395,0.7443771,67.5252,247.9249,65.6716,3806.2550717526155,301.0383970545248,25113.145549887602
2444333.44122741,1980.255828138015,39841.46957759377,0.7443927,67.5264,247.9247,65.678,3805.634166760883,301.04457031459026,25112.399637254483
2444334.3571112,1980.258335691171,39841.39610078361,0.7443117,67.4171,247.8435,65.5944,3808.8425386359886,299.9770511784228,25116.233935815595
2444334.35715169,1980.2583358020258,39841.38855848121,0.7443117,67.4133,247.8429,65.5908,3808.840610157509,299.9728112706957,25116.229181106923
2444335.27306206,1980.260843427954,39841.39293788217,0.7443151,67.4141,247.811,65.5761,3808.706269183109,299.02346593663526,25116.06906958121
2444338.02097611,1980.268366806598,39841.42335042203,0.7445728,67.4519,247.7548,65.4877,3798.4469104129166,296.17044962474273,25103.738995842537
2444339.85289549,1980.2733823285143,39841.52188744983,0.7447374,67.3815,247.6809,65.4089,3791.9141649473513,294.2121617348069,25095.90864119946
2444339.85293364,1980.2733824329641,39841.52188744983,0.7447374,67.3814,247.6809,65.4089,3791.9141649473513,294.21212413293443,25095.90864119946
2444345.3485815,1980.2884286967826,39841.61239607145,0.7448118,67.4048,247.5204,65.2908,3788.973052451158,288.5168691582229,25092.39703817221
2444346.26460182,1980.2909366237375,39841.6817377019,0.7448289,67.3392,247.4671,65.2307,3788.3094548593053,287.5006154544736,25091.62039858616
2444349.01244397,1980.2984598055305,39841.57371087189,0.7449434,67.37,247.3723,65.2569,3783.7200293443657,284.7236700090767,25086.05864926439
2444350.84432786,1980.3034752302808,39841.517994617425,0.7450051,67.3643,247.2753,65.2085,3781.2475968856725,282.7727170989274,25083.062478438263
2444351.7602868,1980.3059829891858,39841.52480707476,0.744985,67.3282,247.2235,65.1804,3782.0501486761696,281.7900238931268,25084.03145689827
2444355.42411595,1980.316014006707,39841.49293453155,0.7449875,67.3466,247.091,65.1218,3781.9424169672257,277.98775758543593,25083.891406867042
2444357.25601367,1980.3210294693224,39841.45814243881,0.7450356,67.357,247.0178,65.1,3780.017170412024,276.0871910439373,25081.56086445138
2444357.25601411,1980.3210294705273,39841.44792379663,0.7450181,67.3731,247.0237,65.0858,3780.7117903607195,276.07889061021297,25082.394407854285
2444357.25601688,1980.3210294781104,39841.44768049571,0.7450176,67.3728,247.0238,65.0856,3780.7316490472313,276.0787878802709,25082.41825340821
2444360.9198168,1980.3310604156056,39841.38563888124,0.7450521,67.3647,246.8905,64.9925,3779.3413017229304,272.2412503820017,25080.723207086274
2444361.83577025,1980.3335681594795,39841.359119206,0.7451675,67.3982,246.8853,64.9678,3774.7368477450636,271.3085625874334,25075.16620419231
2444368.24741452,1980.3511222847912,39841.339168653714,0.7452242,67.3658,246.664,64.8387,3772.4727597650854,264.6386774751436,25072.43085377803
2444369.16342328,1980.3536301800964,39841.43819176256,0.745309,67.3871,246.6237,64.7754,3769.1194344981977,263.6322351652747,25068.42017321144
2444373.74324748,1980.366169055387,39841.68100778843,0.7455377,67.4475,246.4319,64.7543,3760.0694851081626,258.9053400606498,25057.583498255783
2444378.32306075,1980.378707900753,39841.70971774348,0.7453727,67.1926,246.1316,64.6131,3766.6506728127843,253.94985572892324,25065.53081600894
2444382.90281365,1980.3912465808355,39841.41118539912,0.7456939,67.2853,246.0698,64.5901,3753.7775970552266,249.3511308991841,25049.904136040714
2444384.73472058,1980.3962620686648,39841.39293788217,0.7457387,67.2851,246.0091,64.5331,3751.9880621967404,247.42785528067554,25047.738202264252
2444390.23046449,1980.4113085954555,39841.37250068799,0.7458117,67.3163,245.8246,64.459,3749.0744456166303,241.75250563601026,25044.21416340569
2444392.06239847,1980.4163241573442,39841.48952830932,0.7458858,67.3177,245.7285,64.4619,3746.151938294699,239.85370335605018,25040.722888479802
2444395.72632649,1980.4263554455574,39841.651081364915,0.7460264,67.2991,245.6024,64.3296,3740.5912550781413,235.98403959935445,25034.058326137685
2444396.64228077,1980.4288631917043,39841.65959700817,0.7460309,67.2912,245.5644,64.3193,3740.4141303585257,235.03295098644742,25033.8470793933
2444400.30608639,1980.4388941448044,39841.6914698847,0.74607,67.2336,245.4137,64.2875,3738.8644149478223,231.23930787040945,25031.98499930541
2444402.13800867,1980.443909674661,39841.706311474925,0.7461338,67.2024,245.3717,64.2441,3736.326282810158,229.34831712202003,25028.922823898374
2444403.054047,1980.4464176509243,39841.79171171346,0.746332,67.2106,245.2525,64.1867,3728.4513199269295,228.26884566722424,25019.43110249476
2444403.97001553,1980.448925436085,39841.69949893999,0.7463529,67.2307,245.2252,64.1761,3727.5952369775823,227.3281430094362,25018.366340849498
2444406.71786926,1980.4564486495822,39841.63599652233,0.7464117,67.2305,245.1164,64.0915,3725.2364415769025,224.4263861504229,25015.49347258791
2444407.63382959,1980.4589564122928,39841.59560814313,0.7464638,67.2291,245.1117,64.1106,3723.1504524252978,223.5379915746031,25012.957543431065
2444414.04557026,1980.4765108015329,39841.52140084573,0.7465391,67.2312,244.8916,63.9677,3720.1315716276204,216.8554114481339,25009.28179729388
2444417.70941713,1980.4865418675697,39841.49293453155,0.7466366,67.2035,244.773,63.8875,3716.239810968891,213.04542767487425,25004.563691904674
2444418.62539044,1980.4890496658186,39841.49561084952,0.7466814,67.1987,244.7531,63.8453,3714.455590046542,212.08052030532156,25002.40524493772
2444423.20516065,1980.5015883932922,39841.48271586705,0.7467763,67.1791,244.5701,63.8277,3710.6713667979056,207.36597841482427,24997.820459768063
2444425.9529719,1980.5091114904856,39841.385395581274,0.7469173,67.2135,244.5304,63.7738,3705.0290876542767,204.56406342516715,24990.957245694266
2444425.95298836,1980.5091115355513,39841.38515228129,0.7469172,67.2134,244.5304,63.7739,3705.0330102177777,204.56414720156613,24990.961918250177
2444428.70082416,1980.5166346999592,39841.79171171346,0.7469727,67.2116,244.3815,63.6077,3702.924683977233,201.54070801465696,24988.53873464878
2444435.11277136,1980.5341896546481,39841.78051963334,0.7473731,67.3038,244.2058,63.7139,3686.9692031553604,195.15142432669802,24969.197773555232
2444436.94466024,1980.539205093059,39841.53672888212,0.7472863,67.1818,244.0554,63.5813,3690.3658604416996,193.06286649870708,24973.238068798244
2444438.77654277,1980.5442205140869,39841.53259274387,0.7473107,67.191,243.996,63.555,3689.3926817876327,191.17161492874453,24972.056878684914
2444440.60846549,1980.549236045147,39841.49171802352,0.7474341,67.1996,243.8934,63.4766,3684.4659131051576,189.18502374708999,24966.069424385176
2444447.02019047,1980.5667903914302,39841.50072018507,0.7476081,67.2187,243.7284,63.3582,3677.535765618877,182.58205908508842,24957.66509891401
2444447.93619405,1980.5692982725534,39841.653027797256,0.7476197,67.2002,243.6702,63.3349,3677.1120436513793,181.59772188077898,24957.199696267595
2444451.60003343,1980.5793293180832,39841.78441252988,0.7477129,67.1694,243.5269,63.217,3673.431948262367,177.72534549001972,24952.775490707205
2444451.600093,1980.5793294811776,39841.78806212125,0.7477386,67.1711,243.5245,63.2058,3672.4089350539925,177.71168677607858,24951.53489619848
2444453.43199076,1980.5843449439012,39841.78830542737,0.7477657,67.1709,243.4442,63.1698,3671.3292839676596,175.7898201955681,24950.22436621788
2444457.09581149,1980.5943759383708,39841.77832987946,0.7478467,67.1379,243.2902,63.1511,3668.099583747595,172.00596218647712,24946.29999143089
2444458.92773227,1980.599391464121,39841.6666528303,0.7479979,67.0903,243.1775,63.0964,3662.0473640132077,170.032972916424,24938.91387761624
2444462.59154581,1980.6094224389049,39841.603880453426,0.7481433,67.0652,243.0672,63.0567,3656.2385760381967,166.27182199425846,24931.83614068004
2444468.08729178,1980.6244689713344,39841.58368629173,0.7481732,67.0119,242.8322,62.9147,3655.0422266510504,160.47807031957825,24930.37576705741
2444469.91920524,1980.629484477043,39841.54183823086,0.7482523,67.0196,242.7567,62.877,3651.880222228392,158.55928826450202,24926.519036556518
2444472.66708846,1980.6370077712804,39841.53113293063,0.7484043,67.0528,242.6806,62.8162,3645.8216144614726,155.7140023390449,24919.14911993386
2444473.58308704,1980.6395156387134,39841.55643637915,0.7484853,67.0442,242.6501,62.7662,3642.6008146289696,154.73067006313443,24915.239845476277
2444474.499065,1980.6420234496923,39841.57590059766,0.748554,67.0531,242.6078,62.7278,3639.868593901676,153.74715811078624,24911.922252597873
2444480.91066422,1980.659577451663,39841.79122510111,0.7490001,67.085,242.4627,62.6562,3622.149313321257,147.2110174013547,24890.419543651213
2444486.40649117,1980.6746242058048,39841.75594574589,0.749078,67.0813,242.2511,62.5338,3619.0367854184497,141.46018591030258,24886.616326110998
2444497.39796055,1980.7047172088985,39841.56689839365,0.7495797,67.0431,241.7918,62.2905,3599.000835165809,129.92410479656422,24862.126647679677
2444501.97780496,1980.7172561395214,39841.639889383565,0.7497198,67.0519,241.6769,62.1772,3593.4372998428953,125.1818897722701,24855.36028565144
2444502.89375792,1980.7197638820528,39841.64426885359,0.7497358,67.0446,241.6377,62.1756,3592.800929629231,124.23830246099556,24854.584899277652
2444514.80112818,1980.752364485093,39841.550353815735,0.7503175,66.9783,241.079,62.0884,3569.6015962165984,111.85618536650662,24826.21320224708
2444515.71708279,1980.7548722321426,39841.56300555023,0.7503525,66.9957,241.0398,62.0666,3568.2103004281034,110.89239642864902,24824.516055700227
2444519.38089949,1980.764903215578,39841.57833362665,0.7504455,66.9826,240.9005,61.9892,3564.5088602590313,107.06454239192709,24819.994282620773
2444524.87663529,1980.779949720165,39841.54597437152,0.7505597,66.9686,240.7001,61.9011,3559.950880311022,101.35930074064885,24814.408240507033
2444524.87664175,1980.7799497378505,39841.54597437152,0.7505598,66.9686,240.7002,61.9012,3559.946896156427,101.35949437384397,24814.403365922273
2444530.37252341,1980.794996641779,39841.7532693842,0.7509225,66.9867,240.5845,61.7382,3545.5479999550407,95.66390895955948,24796.84326065331
2444534.95228535,1980.8075353466115,39841.79463138781,0.7511314,66.9326,240.3761,61.7391,3537.235351401001,90.94247521987546,24786.672569731007
2444537.70012882,1980.8150585320186,39841.66081352899,0.7515103,66.954,240.2366,61.6127,3522.106043055577,87.96822847330367,24768.079951049633
2444540.44802283,1980.822581855797,39841.664219787825,0.7515747,66.9465,240.1368,61.5535,3519.5410863000543,85.10083191309946,24764.934151037665
2444541.36398202,1980.8250896153866,39841.66081352899,0.7516169,66.9558,240.1011,61.5291,3517.8589220128524,84.13793846083303,24762.868959011055
2444542.27994582,1980.8275973875977,39841.65083806089,0.7516811,66.9832,240.0625,61.4966,3515.2986102913583,83.1640404647838,24759.723678924467
2444547.77569525,1980.8426439295001,39841.603880453426,0.7518434,66.9762,239.8541,61.416,3508.8206575201257,77.45828537997136,24751.756267261473
2444549.6075759,1980.8476593453797,39841.50290990082,0.7519412,66.9496,239.7618,61.4116,3504.8991020265057,75.55603566332172,24746.908320830873
2444553.27142901,1980.8576904285017,39841.574440780445,0.7521736,66.963,239.652,61.2969,3495.6576639906307,71.72034573943131,24735.57643889463
2444555.10343848,1980.86270619707,39841.65156797298,0.7523475,66.9478,239.5978,61.2427,3488.7483149374293,69.80626905479107,24727.106785244643
2444559.68325557,1980.8752450528953,39841.65959700817,0.7524556,66.9148,239.4111,61.1591,3484.443419945628,65.02198095769097,24721.81497958602
2444560.59922433,1980.8777528386856,39841.72942545443,0.7524455,66.9201,239.3614,61.1619,3484.8631070536594,64.07227807317321,24722.3532670026
2444563.3470972,1980.8852761045855,39841.7943880816,0.7525095,66.9091,239.2475,61.12,3482.3293140035075,61.208102349197986,24719.256961806645
2444569.75884634,1980.9028305170152,39841.7943880816,0.7527389,66.8999,239.0115,61.0514,3473.1896063708846,54.5839138745597,24708.00950978679
2444570.674679,1980.9053379301847,39841.58173986785,0.7526895,66.903,238.9706,61.0163,3475.105200877588,53.60524513353823,24710.300312016065
2444571.59064945,1980.9078457206028,39841.60558357667,0.7527274,66.8977,238.948,60.9701,3473.6011008255173,52.63364058296713,24708.456435980726
2444571.59065321,1980.9078457308965,39841.594634930436,0.7527382,66.8896,238.9447,60.9856,3473.168104303242,52.64583687725917,24707.919964057328
2444574.33852736,1980.915369000301,39841.62018178334,0.7528251,66.876,238.8296,60.9575,3469.712184270278,49.79425989158108,24703.67323991306
2444576.17048807,1980.9203846353737,39841.420187515185,0.7533,66.8818,238.7581,60.8701,3450.7420602599977,47.82973126548029,24680.23638770371
2444581.66626085,1980.9354312412052,39841.57857692956,0.7533902,67.0096,238.4278,60.911,3447.1874245408835,42.12355316617641,24675.90303856489
2444582.58226934,1980.9379391357695,39841.405589491704,0.753431,66.8862,238.4992,60.7565,3445.5192347953816,41.13761112296771,24673.791060487518
2444585.33009903,1980.9454622834496,39841.44573408845,0.7534987,66.8821,238.3921,60.7099,3442.8318673322574,38.27557795817768,24670.488753968093
2444587.16218713,1980.9504782672968,39841.63696973755,0.7539299,66.8516,238.3371,60.6172,3425.699293307014,36.32212377311828,24649.40049158315
2444591.74192727,1980.9630169124432,39841.772977149005,0.754121,66.8162,238.119,60.6608,3418.118997848418,31.633711520479437,24640.077931445783
2444593.57385301,1980.9680324517724,39841.581009958965,0.7542162,66.8231,238.09,60.6124,3414.2788786355522,29.750717361958664,24635.271212629024
2444597.23765616,1980.9780633981104,39841.57346756905,0.7542754,66.8389,237.9384,60.554,3411.9184036890147,25.929576680286914,24632.350688557104
2444602.73337261,1980.9931098497195,39841.48587878632,0.7544984,66.8146,237.7707,60.3375,3403.0122296194477,20.128654100965264,24621.308448852764
2444603.64933053,1980.9956176058313,39841.4681177863,0.7545489,66.8101,237.7345,60.3452,3400.995875125578,19.19736190076378,24618.80817837667
2444604.56527988,1980.9981253384808,39841.44938360226,0.7545873,66.7881,237.6874,60.3446,3399.461365143168,18.24687814695045,24616.90351549735
2444625.63239938,1981.0558039681866,39841.67638500389,0.7558221,66.7979,236.8379,59.9039,3350.3205721698396,356.19237145277316,24556.059076884372
2444626.54835175,1981.0583117091028,39841.65619075032,0.7557822,66.8129,236.8097,59.8374,3351.905323261424,355.19488472301134,24558.02055902383
2444632.04400237,1981.0733579804792,39841.44427428315,0.7562766,66.7726,236.6014,59.8133,3332.1559594388236,349.54582702753737,24533.41539576654
2444632.95996675,1981.0758657542776,39841.44232787631,0.7563031,66.7674,236.573,59.7983,3331.09968683224,348.5996284600726,24532.101384858586
2444632.95997539,1981.0758657779336,39841.44232787631,0.7562357,66.731,236.5714,59.801,3333.7850000451417,348.60071994392166,24535.440193168954
2444632.95997542,1981.0758657780152,39841.44232787631,0.7562358,66.731,236.5714,59.801,3333.781015900906,348.6007199145477,24535.435239920243
2444636.62380449,1981.0858967953186,39841.44670729205,0.7564425,66.7846,236.4373,59.7399,3325.5468564112834,344.79435368533984,24525.19656688407
2444637.53977759,1981.088404592991,39841.44743719479,0.7564984,66.871,236.4608,59.7618,3323.3198972728296,343.93694652324024,24522.426305486188
2444639.37167998,1981.093420068391,39841.45789913773,0.7565307,66.8328,236.3729,59.7082,3322.0355656825323,341.98987537921096,24520.831578803714
2444643.03543453,1981.1034508816704,39841.7192066383,0.756783,66.8106,236.1694,59.6788,3312.0471202809476,338.1458825986525,24508.48032729798
2444650.36313822,1981.123513040985,39841.63015723226,0.7572284,66.7274,235.8611,59.5571,3294.279999879527,330.4935052453638,24486.315401700278
2444654.02691369,1981.1335439115398,39841.5705479352,0.7574351,66.7296,235.7141,59.4493,3286.0302758028447,326.62759184566823,24476.008455235948
2444661.35452161,1981.1536058086513,39841.555219866284,0.7578157,66.7422,235.4131,59.4086,3270.862861834663,319.06360888557583,24457.072360676633
2444664.10243205,1981.1611291774122,39841.614585802534,0.7582202,66.817,235.3269,59.3856,3254.761306232418,316.24599613160296,24436.971102297823
2444665.01843228,1981.1636370493636,39841.63210366205,0.7583583,66.7986,235.3041,59.3355,3249.263412303473,315.2702622291095,24430.10133629499
2444665.9344155,1981.1661448747436,39841.63794295283,0.758416,66.7978,235.2665,59.3107,3246.9659608103175,314.3050450922586,24427.22934666078
2444670.51414015,1981.1786834774814,39841.664949700535,0.758605,66.7718,235.0749,59.2516,3239.4424105329617,309.54044810673247,24417.8234754582
2444671.43008961,1981.1811912104317,39841.62334472989,0.7586491,66.7352,235.041,59.1962,3237.6753517115703,308.54836424460285,24415.598682131895
2444672.34602404,1981.1836989022318,39841.5415949285,0.7588097,66.7016,235.0025,59.1509,3231.257069743282,307.5617951965831,24407.537040642303
2444676.92575877,1981.1962375325672,39841.55813949732,0.7590436,66.7089,234.8027,59.0556,3221.9421196839703,302.7527882757769,24395.87248684138
2444682.42144509,1981.2112839016834,39841.53259274387,0.7592481,66.666,234.5575,58.9262,3213.7883706150133,296.96149539397925,24385.643224393527
2444683.33739226,1981.2137916283637,39841.52529367897,0.7592957,66.6453,234.4971,58.9591,3211.8901567472894,296.0312137890545,24383.26055109302
2444687.00121887,1981.2238226389318,39841.54256813796,0.7594155,66.6324,234.3952,58.8435,3207.1212979841857,292.20254998457506,24377.284206224263
2444687.91720224,1981.2263304647224,39841.519454429465,0.7596605,66.7108,234.3678,58.8223,3197.3545649178523,291.2511326999358,24365.01999874405
2444698.90863599,1981.2564233702676,39841.65667735854,0.7602234,66.7102,233.9295,58.684,3174.9606764643268,279.841086703676,24336.926171365514
2444708.98416838,1981.2840086745518,39841.479552948425,0.7608626,66.6232,233.5155,58.4718,3149.4515324452514,269.28417716136323,24304.765893386117
2444709.9001184,1981.2865164090347,39841.59706796228,0.7607345,66.6444,233.4561,58.4881,3154.5833432645286,268.3382927475542,24311.26575304015
2444716.3118509,1981.3040707759064,39841.47930964702,0.7612808,66.6411,233.2473,58.3668,3132.789767615488,261.6886206736783,24283.76373896095
2444717.22788581,1981.3065787428068,39841.58392959472,0.7615273,66.6035,233.1885,58.3085,3122.993791967063,260.66865258954266,24271.436448848915
2444718.14390925,1981.3090866783023,39841.52602358531,0.7615941,66.6168,233.1782,58.2714,3120.3185690262762,259.7183958111665,24268.04176825947
2444719.97581093,1981.3141021517595,39841.640619295154,0.7616678,66.5965,233.0676,58.2523,3117.4095604059767,257.7831253666041,24264.404404127006
2444720.8918347,1981.3166100881588,39841.71701689285,0.7617831,66.5724,233.0304,58.2178,3112.834018441461,256.8085682628189,24258.649671078678
2444722.72374784,1981.3216255929915,39841.71020435333,0.7618994,66.5871,232.9787,58.1997,3108.19880468265,254.93318652305356,24252.792004716845
2444727.30356052,1981.3341644367422,39841.84183286427,0.7622031,66.5824,232.783,58.1065,3096.1301781454404,250.13030277283883,24237.577280764024
2444728.21954985,1981.3366722788503,39841.78806212125,0.7622698,66.5356,232.7279,58.1272,3093.459944365699,249.1930796138688,24234.183662198066
2444729.13552454,1981.3391800808768,39841.631130447124,0.7623794,66.5582,232.7213,58.1254,3089.0559941955216,248.2818708843942,24228.56426002992
2444732.7992806,1981.3492108982894,39841.49950367645,0.7625741,66.6001,232.6133,58.0341,3081.267577009934,244.4714766158615,24218.666888067895
2444733.71523491,1981.3517186445179,39841.4819859627,0.7626482,66.5905,232.5601,57.9992,3078.311164035822,243.48058797358055,24214.918465749804
2444739.2109152,1981.366764997125,39841.44403098229,0.7629388,66.5699,232.305,57.884,3066.724231717497,237.69360103495973,24200.229196770397
2444742.87489824,1981.3767964359752,39841.54646097637,0.7631591,66.5668,232.1555,57.8166,3057.9714212094605,233.86538304889933,24189.164964369917
2444744.70690895,1981.3818122079401,39841.628940713774,0.7632817,66.5514,232.0868,57.7623,3053.106372076567,231.93670514156895,24183.019949926856
2444752.0346692,1981.401874522108,39841.77589681994,0.7637341,66.5468,231.8065,57.6451,3035.116739860472,224.31677204110804,24160.22995100488
2444754.78257409,1981.4093978756746,39841.79000857032,0.7638863,66.5528,231.6978,57.5922,3029.0561535465695,221.44676475711645,24152.534601117903
2444756.61450725,1981.4144134353182,39841.75034971741,0.7640012,66.5639,231.5894,57.5831,3024.4689724328873,219.5236632853988,24146.692433797023
2444756.61450895,1981.414413439973,39841.74888988422,0.7639812,66.5625,231.59,57.5603,3025.2654628918044,219.50146160970667,24147.704416064902
2444761.19434675,1981.4269523524988,39841.28320992081,0.7642327,66.531,231.415,57.4685,3015.135470938363,214.72065310046315,24134.68126758292
2444766.69006572,1981.4419988110064,39841.556922984324,0.7646216,66.4991,231.1496,57.4171,2999.7056220409722,208.98712803766523,24115.12719776739
2444775.84978219,1981.467076747953,39841.88757463463,0.7652993,66.4475,230.7784,57.2453,2972.7826030880497,199.41607073693314,24080.910104177314
2444777.68186742,1981.472092723943,39841.89730694314,0.7654275,66.4393,230.7156,57.1629,2967.677156032918,197.46511938049315,24074.397721426656
2444778.59783194,1981.4746004981241,39841.88343840532,0.7654644,66.4289,230.663,57.1385,2966.2037373564526,196.48532067533824,24072.51273221697
2444778.5978359,1981.474600508966,39841.88392502048,0.7654696,66.4294,230.6648,57.1381,2965.9966736886236,196.48671677227446,24072.248555725153
2444784.09363403,1981.489647184202,39841.70022885431,0.7659542,66.5242,230.486,57.0958,2946.646303422389,190.84881368721113,24047.473600385525
2444788.6733888,1981.502185869405,39841.590742080254,0.7663066,66.5692,230.3315,57.0374,2932.5805019252603,186.1219870142573,24029.45025328529
2444789.58933098,1981.5046935824232,39841.557409589506,0.7663226,66.5081,230.2706,56.926,2931.935247423613,185.04691032763344,24028.61440262332
2444790.50527556,1981.5072013020126,39841.55084042073,0.7663718,66.4922,230.2423,56.8892,2929.9735080559803,184.0790312754885,24026.10178221897
2444796.0010069,1981.522247794387,39841.563978761,0.7667523,66.4582,229.9845,56.8615,2914.81686244885,178.37679402066397,24006.696304629837
2444800.58100573,1981.5347871477898,39841.73185850685,0.7670738,66.4242,229.7867,56.7543,2902.0469032209367,173.55762679569563,23990.37751778123
2444801.49698572,1981.5372949643258,39841.7496198008,0.7671893,66.4403,229.7738,56.7103,2897.44931821056,172.59791284270557,23984.485548152086
2444807.90873098,1981.5548493661329,39841.82796437472,0.7676437,66.4521,229.5109,56.6183,2879.3634310386406,165.92342819218777,23961.29119201188
2444810.65659804,1981.5623726161257,39841.7532693842,0.7677982,66.4773,229.4015,56.5603,2873.190524306896,163.04765819475682,23953.33697407479
2444817.98420387,1981.5824345075152,39841.54500116186,0.7682372,66.4515,229.06,56.5015,2855.6517257952783,155.42507729451177,23930.71882452694
2444819.81605006,1981.5874498290489,39841.56276224755,0.7683612,66.4412,228.9907,56.4619,2850.7154883717085,153.51066154241238,23924.370929729124
2444823.4799537,1981.597481050514,39841.628454106394,0.7686207,66.4192,228.837,56.3747,2840.3918025712173,149.65852181498684,23911.09609725402
2444828.97580873,1981.612527881533,39841.617505444454,0.7691273,66.4315,228.6208,56.2677,2820.205505849228,143.91846264816377,23885.068180678492
2444829.89176581,1981.615035635346,39841.59633805269,0.7691644,66.4077,228.5859,56.1819,2818.722495652197,142.8949712754815,23883.148352683114
2444834.47158224,1981.6275744893633,39841.690010056904,0.7696278,66.4139,228.3703,56.1617,2800.2814793348316,138.1451838291976,23859.365826145084
2444840.88335317,1981.645128961451,39841.56251894488,0.7702206,66.26,228.2748,55.956,2776.6340306656402,131.52437387761046,23828.747147419253
2444841.79927569,1981.647636620644,39841.57103454081,0.770036,66.3613,228.0949,56.0907,2783.9907413871406,130.5764165681569,23838.268899559214
2444844.54705325,1981.655159625599,39841.576143900544,0.7702113,66.3727,227.9754,56.0779,2777.0076880579163,127.73583478437604,23829.234860809735
2444845.46299672,1981.657667342149,39841.51531829569,0.770471,66.4021,227.8967,55.9965,2766.646869493092,126.67295682641043,23815.801892307973
2444851.87478812,1981.6752218702804,39841.567384999136,0.7709896,66.3965,227.6225,55.8789,2745.996983465604,119.96152669904848,23789.050616039825
2444853.70676611,1981.6802375526622,39841.64037599129,0.7711451,66.3989,227.5373,55.8512,2739.818324083448,118.04298104156345,23781.055673060295
2444855.53874327,1981.6852532327723,39841.70217529265,0.771267,66.3922,227.4734,55.8346,2734.975763661212,116.15683620195887,23774.788408031236
2444856.45473063,1981.6877610694864,39841.699012330464,0.7713482,66.3942,227.4323,55.8223,2731.7398942275813,115.2006149848828,23770.58595151411
2444857.37070281,1981.690268864641,39841.70947443856,0.7714534,66.407,227.4087,55.8184,2727.550938570721,114.27030872924473,23765.148589704237
2444863.7823955,1981.7078231225194,39841.690983275425,0.7719917,66.3925,227.14,55.7156,2706.0999302219607,107.579275893003,23737.256808272767
2444868.36219982,1981.7203619433815,39841.53916190513,0.7723721,66.3804,226.9559,55.612,2690.9095921922235,102.77760038264023,23717.437403587413
2444872.94191896,1981.732900531033,39841.44062477052,0.7727189,66.36,226.7292,55.5099,2677.0701507825306,97.9349088280826,23699.373250258344
2444878.43775705,1981.7479473156745,39841.65959700817,0.7731915,66.3489,226.4891,55.4028,2658.2907507080254,92.17086635713844,23674.93691271886
2444889.4294719,1981.778040990829,39841.73696791815,0.7740949,66.3334,226.0199,55.2224,2622.3152739112447,80.68754330162949,23627.92728770772
2444891.26143042,1981.783056619904,39841.691226580064,0.7742347,66.3056,225.8985,55.1745,2616.735072276213,78.71261683451456,23620.60718049437
2444905.00082732,1981.8206730385214,39841.41337510256,0.7753454,66.2591,225.2958,54.9592,2572.4204852183175,64.35270613231648,23562.393682198446
2444906.83299563,1981.8256892419708,39841.86300058211,0.7754106,66.311,225.2509,54.9551,2569.9238061829383,62.49787289047788,23559.2460704459
2444908.66495182,1981.8307048646677,39841.69244310331,0.7758958,66.3252,225.1652,54.8494,2550.5543116077115,60.50084871957961,23533.722170187124
2444910.49698541,1981.8357206992741,39841.72893884398,0.7759655,66.3155,225.0798,54.8278,2547.785521949443,58.58814826131447,23530.08865101652
2444912.328926,1981.8407362792602,39841.73161520159,0.7761122,66.3064,225.0022,54.7935,2541.941339517929,56.67063946630367,23522.394800488393
2444913.24489536,1981.8432440666938,39841.76543466824,0.7761106,66.2796,224.9798,54.7951,2542.0126581086115,55.74703599017596,23522.498716548478
2444923.32067165,1981.870830038741,39841.77832987946,0.7769749,66.2647,224.5312,54.6339,2507.5802961991994,45.20628605327403,23477.099997411347
2444925.1524182,1981.875845087474,39841.391964681854,0.7771771,66.2504,224.4502,54.6269,2499.438197607111,43.31286850931201,23466.232965876927
2444928.81620223,1981.8858759814643,39841.41799781081,0.7773996,66.2445,224.2793,54.5124,2490.579282879886,39.41634667286712,23454.53339967988
2444930.64818901,1981.8908916879127,39841.55084042073,0.7775684,66.2655,224.1858,54.4995,2483.8835999161256,37.504292351442814,23445.718879400916
2444931.56417818,1981.8933995295824,39841.74451038545,0.777663,66.1724,224.0985,54.5111,2480.15764920557,36.52576935035745,23440.8471554351
2444936.14425141,1981.90593908668,39841.655217533924,0.7780494,66.2179,223.9335,54.4121,2464.742980524785,31.747528795152334,23420.41570037401
2444937.06020127,1981.9084468207257,39841.65692066265,0.7781081,66.2244,223.8939,54.3953,2462.4046532739867,30.788344538769536,23417.31878568216
2444941.64004649,1981.9209857535657,39841.72966875965,0.7784941,66.2498,223.7205,54.3033,2447.0418878353103,26.008928716329194,23396.976716082667
2444944.3879508,1981.9285091055438,39841.65716396677,0.7787241,66.2566,223.5928,54.2846,2437.8622464481923,23.1541220042115,23384.776614196206
2444945.3039064,1981.9310168553052,39841.64086259902,0.7788099,66.2693,223.5588,54.2561,2434.440226562361,22.188832090129495,23380.229628955127
2444947.13587254,1981.9360325052432,39841.53648557985,0.7789065,66.1886,223.3864,54.2322,2430.56844697455,20.186898112461904,23375.058441288595
2444957.21124511,1981.963617371964,39841.43478555203,0.7797946,66.1818,222.941,54.0575,2395.162783526399,9.636246093017064,23327.95121041153
2444959.04334363,1981.96863338434,39841.461305353194,0.7800746,66.2168,222.8993,54.0185,2384.013014164326,7.749781637630633,23313.10769124876
2444962.70731007,1981.9786647777407,39841.68076448395,0.7804064,66.2115,222.7613,53.932,2370.8418091237854,3.9139800133208382,23295.611926671387
2444966.37127715,1981.988696172896,39841.708744523814,0.7807164,66.2071,222.5925,53.8535,2358.4970236506633,0.055377757470637334,23279.146223986238
2444970.95104214,1982.0012348860778,39841.679304657126,0.781122,66.1825,222.3817,53.786,2342.330782844743,355.2631410120048,23257.540999253786
2444978.27881822,1982.0212972435863,39841.40948229666,0.7817891,66.2419,222.0969,53.6556,2315.6935204004876,347.6254923089277,23221.820246048497
2444981.02654401,1982.028820106803,39841.34938722615,0.7819954,66.192,221.9278,53.5492,2307.4611366224817,344.64176155091457,23210.77291527112
2444986.5222435,1982.0438665119786,39841.33503256673,0.7825245,66.2015,221.6882,53.4858,2286.377956874967,338.9220556876662,23182.489952436008
2444988.3542291,1982.0488822151951,39841.572737660535,0.78265,66.1524,221.5422,53.4815,2281.429534530518,336.9661025297258,23175.915021987697
2444990.18625884,1982.0538980392605,39841.64937823681,0.7828339,66.1474,221.4582,53.4747,2274.119313039115,335.0696058662081,23166.117828529383
2444991.10225192,1982.0564058916357,39841.65570414212,0.7829234,66.1541,221.4364,53.4667,2270.5548586257755,334.13697901116893,23161.329763564845
2444999.34589364,1982.078975752608,39841.586119321895,0.7837226,66.1723,221.092,53.3202,2238.698357763027,325.52092906112034,23118.443659104818
2445002.0937655,1982.0864990157427,39841.61020634067,0.7839808,66.1667,220.9636,53.2636,2228.416463485546,322.62755433264715,23104.593264668983
2445003.00974343,1982.08900682664,39841.58855235244,0.7840672,66.166,220.9265,53.2396,2224.96947255741,321.6636424096729,23099.938940354976
2445014.00109813,1982.119099515756,39841.53259274387,0.7851305,66.1675,220.4166,53.036,2182.59388743658,310.1167743278205,23042.682320113305
2445019.49702678,1982.1341465483372,39841.55108372323,0.7853195,66.1917,220.0862,53.1083,2175.0678074292464,304.44174259861524,23032.502211794705
2445024.99281204,1982.149193188336,39841.6457286772,0.7861737,66.181,219.9213,52.8611,2141.0553920738494,298.6128521989685,22986.425806609364
2445034.1524312,1982.174270858863,39841.40048018665,0.7870735,66.1222,219.3891,52.7204,2105.1536593444634,288.91199080923843,22937.56128311688
2445035.98424994,1982.1792861052434,39841.42967623761,0.7872613,66.1488,219.3753,52.6853,2097.6776554642074,287.05760211238544,22927.392121858178
2445056.13577765,1982.2344579812454,39841.402913188846,0.7892333,66.1168,218.3926,52.3032,2019.1047153831987,265.8309267516038,22820.06568254335
2445058.88365233,1982.2419812521011,39841.4192143132,0.7894839,66.128,218.2911,52.3131,2009.123891462279,263.03094924361926,22806.39164755578
2445058.88365318,1982.241981254429,39841.41872771223,0.7894844,66.1252,218.286,52.3036,2009.1038683155784,263.0163484055445,22806.364057292943
2445064.37934059,1982.2570276265296,39841.47493022232,0.7899754,66.12,218.0205,52.2817,1989.5535356299715,257.3122544493025,22779.555876871393
2445068.04326011,1982.2670588914718,39841.64962154082,0.7903376,66.0669,217.7418,52.2158,1975.1595796113415,253.35639907014985,22759.830208955693
2445069.87535768,1982.2720749012458,39841.684170747045,0.7905306,66.0622,217.6458,52.1787,1967.4773782358825,251.41753555151746,22749.276792858378
2445079.9512182,1982.2996611039011,39841.70898782873,0.7915666,66.0809,217.2337,51.9431,1926.206566143701,240.83880259556446,22692.428227561642
2445081.78319785,1982.3046767908281,39841.69657928305,0.7917439,66.078,217.1411,51.9199,1919.1400469848322,238.91735530185844,22682.671548295733
2445087.27916979,1982.31972394193,39841.325057302536,0.7922121,66.0524,216.8236,51.8276,1900.4089668742745,233.09058090515168,22656.688630643395
2445088.19505182,1982.322231490267,39841.36958109096,0.7922873,66.0524,216.7818,51.8445,1897.4221473862708,232.1629635038836,22652.571198331243
2445091.85883883,1982.3322623924166,39841.52042763757,0.7926515,66.0308,216.5746,51.7749,1882.9431983900104,228.27503873004366,22632.57957570392
2445092.77486035,1982.3347703226557,39841.55473326116,0.7927561,66.0462,216.5603,51.7861,1878.7828849845046,227.36908384399214,22626.82855933643
2445093.69086904,1982.3372782177682,39841.54646097637,0.7928657,66.0469,216.525,51.7496,1874.4145371118175,226.39444160342674,22620.775520154697
2445099.18697948,1982.3523257480633,39841.68684709713,0.7934277,66.0609,216.274,51.5613,1852.0525878846038,220.5380306972441,22589.80858521776
2445110.17891086,1982.3824200160434,39841.75351268979,0.7944243,65.9198,215.665,51.3146,1812.3600675986636,208.84839422436687,22534.65791874629
2445112.01088507,1982.387435688077,39841.65911039985,0.7946498,65.931,215.578,51.3272,1803.3563666524333,206.96835229232494,22522.09340698098
2445112.01090107,1982.3874357318828,39841.65911039985,0.7946497,65.931,215.578,51.3273,1803.3603508183414,206.96843652218433,22522.09895709069
2445121.17045454,1982.4125132225595,39841.5238338664,0.7955083,66.0064,215.1675,51.2246,1769.1246393778592,197.4273398786126,22474.305752094784
2445124.83455909,1982.4225449940861,39841.87565256481,0.7958505,65.9413,214.9183,51.1293,1755.5626935332793,193.47140212898205,22455.450691882343
2445128.4986475,1982.4325767214232,39841.89901009774,0.7962501,65.9622,214.7499,51.0504,1739.6466391175145,189.61268028764164,22433.188582053157
2445133.07851981,1982.4451157284325,39841.84475254782,0.7966823,66.0198,214.5659,51.0249,1722.4159388450935,184.8891377642795,22409.03424695981
2445133.99447709,1982.4476234827926,39841.77127400788,0.7968079,66.0302,214.5415,50.9807,1717.396872885336,183.91774619469982,22401.97630073731
2445134.91045395,1982.4501312907598,39841.78392591776,0.7968819,66.0348,214.4903,50.9829,1714.4511516429557,182.96593532643385,22397.848128745223
2445137.65842083,1982.4576548140453,39841.72796562315,0.7971101,66.0637,214.3536,50.9722,1705.3479027724816,180.1100669437032,22385.058333469413
2445144.98615381,1982.477717053552,39841.44354438056,0.7977984,66.0066,213.9184,50.8835,1677.8673309834203,172.3637607213273,22346.361699087618
2445146.8180287,1982.482732453662,39841.65156797298,0.7979179,65.9873,213.8166,50.8587,1673.1483163242738,170.4316166816535,22339.779253966633
2445149.56602706,1982.4902560631353,39841.75010641187,0.7983953,65.9793,213.72,50.6771,1654.1477776781321,167.44491727130833,22313.046519374013
2445155.97802738,1982.5078111632583,39841.94548195776,0.7990503,66.0054,213.3753,50.6372,1628.0906920157677,160.7404812270335,22276.336820313973
2445158.72597562,1982.5153346355103,39841.94402210669,0.7993363,66.0197,213.2277,50.5908,1616.6956026688104,157.8380312163332,22260.23545678976
2445161.47386985,1982.5228579598902,39841.91969127526,0.7996041,66.0094,213.0858,50.5494,1606.0210542608265,154.94633443949562,22245.132755542516
2445166.96973798,1982.5379048267764,39841.455466127125,0.8001007,66.0027,212.8154,50.439,1586.1427586599857,149.14866236052626,22216.85938862249
2445168.80166482,1982.542920369117,39841.50655942771,0.8002993,66.0038,212.7084,50.4223,1578.240448972304,147.21936711792233,22205.672160988317
2445172.46542208,1982.5529511898148,39841.55667968173,0.8007181,65.9977,212.5219,50.3698,1561.564814084667,143.36927166662997,22182.025720192818
2445173.38136322,1982.5554588999864,39841.55984261568,0.8008403,66.0124,212.4694,50.4046,1556.6968057873883,142.44879600488116,22175.113720280988
2445177.96130417,1982.5679980949214,39841.77127400788,0.8012905,66.0236,212.232,50.2827,1538.8021489724679,137.5753858282581,22149.737034074366
2445180.70933938,1982.5755218052834,39841.90484948632,0.8015006,65.9888,212.0049,50.3362,1530.457907480124,134.69325009793954,22137.901064261452
2445181.62535098,1982.5780297083643,39841.95205128922,0.8016073,65.9841,211.9827,50.2801,1526.2161407258054,133.7121049888242,22131.875597147526
2445182.54136309,1982.58053761284,39841.974679007195,0.8017695,66.0016,211.9638,50.2444,1519.7582616069349,132.75465937759867,22122.684756549927
2445189.86914789,1982.6005999942226,39841.786358978505,0.8026641,66.0097,211.62,50.0599,1484.0784687567466,125.00390207988664,22071.734609480194
2445192.61709246,1982.608123456427,39841.688063620044,0.8028523,66.0283,211.4882,50.0434,1476.5608658601468,122.14715568631232,22060.965212177172
2445199.94471995,1982.628185407119,39841.5486506984,0.803629,66.0031,211.0425,49.9429,1445.588450086294,114.37865343717152,22016.599699112132
2445203.6085557,1982.638216442711,39841.88124863729,0.8039752,65.9983,210.8665,49.9147,1431.8605033878748,110.56328062406794,21997.007251518076
2445205.44070348,1982.6432325899523,39841.89073763425,0.8042376,66.0211,210.7839,49.9347,1421.4078513370505,108.69486761720947,21982.008647127124
2445206.35672032,1982.6457405073784,39841.887331326994,0.8043509,65.9963,210.7152,49.9739,1416.8930986755286,107.76251734378678,21975.52446698933
2445211.85279026,1982.6607879267904,39842.17078724212,0.8050281,66.006,210.44,49.7426,1389.9674385130902,101.83894635542754,21936.88647349187
2445212.76875652,1982.663295705736,39842.12090836792,0.8051233,66.0112,210.3981,49.7638,1386.1647436237436,100.91544593510929,21931.398608568794
2445214.60071164,1982.668311325503,39841.93307322795,0.8053378,65.9823,210.2491,49.6713,1377.5820442873137,98.8683228189202,21918.986053765
2445217.34855897,1982.6758345214778,39841.870299801674,0.8055547,65.9472,210.0602,49.6738,1368.9281230060278,95.97357226796305,21906.49604399989
2445219.18056067,1982.6808502687745,39841.36787799294,0.8057473,65.9853,210.0087,49.6276,1361.1569819933966,94.07020324120356,21895.152618541902
2445222.8444768,1982.690881524435,39841.31629853913,0.8061455,65.9799,209.8033,49.5665,1345.2821503951554,90.19245120333795,21872.22123194159
2445223.76048374,1982.6933894147567,39841.56251894488,0.8062282,65.9439,209.6823,49.5576,1342.0349841084844,89.15971068757466,21867.596089221854
2445226.50833053,1982.700912609254,39841.6817377019,0.8065712,65.9439,209.5389,49.4714,1328.392388505592,86.22176066856184,21847.904444322874
2445227.42432934,1982.703420477317,39841.703391816736,0.8067079,65.9524,209.5061,49.4386,1322.950216181378,85.25332816592072,21840.036204329343
2445229.25626844,1982.7084360532233,39841.68490066066,0.8069078,65.946,209.3776,49.4138,1314.9822891753493,83.29442083960743,21828.49652887779
2445229.2562717,1982.708436062149,39841.68441405158,0.8069074,65.9451,209.3757,49.4154,1314.998131888694,83.29411762637261,21828.51934030047
2445233.83638173,1982.7209757200005,39841.81020299346,0.8074286,65.963,209.1555,49.391,1294.2568693247322,78.53524079984396,21798.49223966409
2445235.66844078,1982.7259916243124,39841.96932621079,0.8076406,65.9643,209.0733,49.3416,1285.84101440831,76.59791524750312,21786.32310176318
2445238.41647499,1982.7335153319373,39842.026503901674,0.8079619,65.9571,208.9102,49.2677,1273.0507699589198,73.65238050258938,21767.763260044074
2445239.33246782,1982.7360231836278,39842.01141870373,0.808065,65.9555,208.8577,49.247,1268.9401616488994,72.67635389401596,21761.785341190393
2445241.16443189,1982.7410388278988,39841.99755006661,0.808268,65.9534,208.7463,49.2212,1260.8495742693722,70.73352195646044,21750.01788300528
2445243.91245164,1982.7485624959336,39842.130154196224,0.8084999,65.9508,208.5977,49.2078,1251.6356087415907,67.86300146387981,21736.64669912492
2445246.66045769,1982.7560861264608,39841.86908326485,0.8090128,65.9512,208.4548,49.0532,1231.150718979321,64.85699447413771,21706.735031123546
2445247.57653298,1982.758594203915,39841.69268640797,0.8091958,65.9341,208.4312,48.951,1223.8259996759234,63.82828659059214,21696.005480497843
2445250.32450012,1982.7661177279117,39841.65667735854,0.8094184,65.9878,208.2889,48.9977,1214.9503762216746,61.024217951756896,21683.042914307152
2445251.24052782,1982.7686256750715,39841.570061329614,0.8093543,65.981,208.2351,49.0757,1217.4877134412282,60.14555697428273,21686.723786069604
2445256.73619783,1982.783671999535,39841.740130887876,0.8098927,65.9453,207.8892,48.9719,1196.0693435847397,54.279180167381014,21655.479122290475
2445274.14048635,1982.831322344558,39841.68879353384,0.8117492,65.9633,206.9012,48.9123,1122.0934887337817,36.0774559591116,21546.972535751516
2445274.14049518,1982.8313223687342,39841.689766752286,0.8117429,65.9556,206.9009,48.9024,1122.3446745884603,36.067247255702085,21547.342295712144
2445291.54477155,1982.8789726804935,39841.87540925736,0.8163613,65.8088,205.874,47.8625,938.373905717991,16.846335022366475,21274.700682568506
2445295.20902601,1982.8890048624498,39841.62772419536,0.815317,65.8232,205.6465,48.1458,979.9350329875724,13.290549518084788,21336.60410551958
2445297.04049806,1982.8940191596446,39841.83356043046,0.8144238,65.9557,205.5167,48.2761,1015.559773177154,11.485902527959126,21389.60438098926
2445301.62059438,1982.906558779959,39841.350117124435,0.8148989,65.953,205.2415,48.1959,996.5414321648623,6.6162392148255265,21361.23200014609
2445303.45252076,1982.9115743210398,39841.415808106736,0.8151644,65.9163,205.125,48.1357,985.9756957408927,4.633944425682046,21345.53766463395
2445306.20045743,1982.9190977616154,39841.57103454081,0.8154351,65.902,204.9632,48.1018,975.2192738329222,1.7298058185010063,21329.568900820916
2445313.52830086,1982.939160303518,39841.76908425526,0.816299,65.9179,204.5467,48.0135,940.836522546776,354.0024907335038,21278.350828092676
2445314.44432671,1982.9416682456124,39841.85935097358,0.8164371,65.9297,204.444,47.9963,935.3509438568271,352.97973157950923,21270.18087651182
2445315.36036264,1982.9441762153049,39841.97735540607,0.8164961,65.9274,204.3723,48.0117,933.0219284287014,352.0205624902337,21266.73169735394
2445328.1842473,1982.979286098015,39841.96032378454,0.8179949,65.9151,203.6558,47.729,873.3036729264377,338.3818047145507,21177.26963325393
2445330.01616253,1982.9843016085697,39841.62796749903,0.8181504,65.9125,203.5639,47.6528,867.0478092385092,336.4081209149363,21167.786699568285
2445333.6800011,1982.9943326518824,39841.48952830932,0.8184854,65.8962,203.2948,47.6677,853.6757351352535,332.5427453223232,21147.64787703323
2445336.42777786,1983.001855654647,39841.5960947495,0.8187027,65.916,203.1217,47.6687,845.0374996686278,329.66236432704875,21134.676900868468
2445341.00781355,1983.0143951089667,39841.91068887703,0.8194798,65.9193,202.9073,47.5098,814.1333859382203,324.7748607720081,21088.177097486874
2445346.50380625,1983.0294423169066,39841.93282991961,0.8200711,65.8983,202.5008,47.4114,790.5788479613211,318.8529659135895,21052.598163562907
2445348.33572979,1983.034457850212,39841.9291802951,0.8202687,65.8997,202.38,47.42,782.7054260823734,316.9351739236925,21040.686797833823
2445351.99960951,1983.0444890061874,39841.885141558436,0.820604,65.9111,202.1255,47.4428,769.3385268550173,313.09225777253516,21020.436739378147
2445357.49561525,1983.0595362498289,39841.8452391618,0.8213328,65.905,201.8047,47.2598,740.2946317143696,307.1714500616359,20976.372246775354
2445359.32742701,1983.0645514770981,39841.65400101352,0.8216009,65.9313,201.7211,47.2272,729.5789162922129,305.24976824471196,20960.042291412083
2445362.07532425,1983.0720748097192,39841.45911564317,0.821904,65.9136,201.4808,47.218,717.4682026595874,302.29186850110534,20941.574138132783
2445362.99125844,1983.0745825008626,39841.558626102546,0.8220906,65.9008,201.4668,47.131,710.0514902347277,301.28809968945507,20930.310448083037
2445384.05912735,1983.1322631823405,39841.812636058225,0.8244552,65.9046,200.0926,46.8576,615.8867308343115,278.8754543574148,20786.422911955775
2445386.80711252,1983.1397867557018,39841.49098811875,0.8247631,65.8977,199.8997,46.8141,603.5630721358675,275.93056794733957,20767.4163323167
2445392.30282551,1983.1548331978372,39841.85862105198,0.8254106,65.8969,199.5472,46.7154,577.8298915342921,270.0626487786085,20727.92563158235
2445403.29495147,1983.1849279985493,39841.10949580174,0.8267807,65.8971,198.8318,46.5617,523.1127980861293,258.3594205222797,20643.278789284857
2445418.86717842,1983.2275624323615,39841.58319968574,0.8285405,65.8984,197.8331,46.2863,453.08163462651646,241.73692434982735,20534.714352659783
2445426.19517716,1983.2476253994803,39841.61920856915,0.829404,65.8839,197.2878,46.1467,418.68457050506186,233.8293561870684,20481.09857984313
2445430.77550172,1983.260165644682,39841.25669041601,0.8298808,65.8809,196.9751,46.1361,399.6264151682208,228.99156791443937,20451.227971567256
2445439.93586665,1983.2852453570163,39841.06910875684,0.830974,65.8642,196.3012,45.8745,356.0402471767338,219.02737147414086,20382.88549167694
2445448.17931521,1983.307814689144,39840.22173430292,0.8322841,65.8573,195.578,45.5218,303.70234436817555,209.82651190815164,20300.32160841101
2445451.84304572,1983.3178454366048,39840.243629716555,0.8326729,65.8585,195.2991,45.5201,288.21612985394313,205.93484282227575,20275.885880243255
2445482.01547521,1983.4004530464333,39747.330472201946,0.8369304,65.8942,193.2995,45.1537,103.44498116978411,173.83010328397273,19959.309507268616
