jd,year,a_km,e,i_deg,raan_deg,argp_deg,hp_km,azimuth_deg,lambda
2440206.46110063,1968.956772349432,7732.96613997621,0.1063487,62.2879,329.6673,84.2593,532.438943845722,149.02855420452147,7682.867100488232
2440397.17832836,1969.478927661492,7722.9778667235505,0.105074,62.2937,228.5796,122.7933,533.3573903554397,258.4989418628681,7674.138620577466
2440619.97591272,1970.088914203203,7715.577698220506,0.1025146,62.3086,48.1937,168.1164,546.4820367185102,263.84098684685284,7669.138610314798
2440752.29311302,1970.4511789541953,7709.949202892852,0.1009769,62.3176,86.5939,195.3833,553.2861332272605,199.0927764897412,7664.928732471268
2440877.47856008,1970.793918028966,7706.959321637986,0.0999014,62.3155,141.8886,221.44,558.8869956633007,157.0581095722511,7662.911908951466
2440940.96733181,1970.9677408126213,7703.099395125939,0.09909,62.3231,347.186,234.9161,561.6629760629094,313.2554074563394,7659.787796921225
2441004.89291694,1971.142759526188,7702.037526873231,0.0985721,62.3275,191.2922,248.3073,564.6952135705305,107.74607057233493,7659.184342124839
2441049.96421825,1971.2661580239562,7700.7734769320095,0.0984848,62.3279,81.3223,257.9093,564.2280412110558,322.95471137576067,7658.003343457668
2441200.09120568,1971.6771833146606,7699.691649209818,0.0981949,62.3191,74.8695,289.5629,565.4848976848252,200.18640672215804,7657.179437906144
2441303.03388248,1971.959025003368,7698.246592840827,0.0984547,62.324,183.4557,311.3777,562.1817340166617,229.1243987875664,7655.516679540719
2441378.72208144,1972.1662479984668,7696.467914301816,0.0989072,62.3304,358.4535,327.3001,557.0955230083828,345.44432055191646,7653.353455772335
2441454.61745798,1972.374038214866,7695.4045918310385,0.0993718,62.3102,172.7424,343.2846,552.562085812523,100.91324264822288,7651.8892834882545
2441518.44444881,1972.548786991951,7694.054300214246,0.0994843,62.3108,16.4669,356.6929,550.4803939954418,255.13648289767173,7650.447849930022
2441596.71517714,1972.763080567119,7692.3131750195935,0.099959,62.3066,184.6869,12.9202,545.2609423578097,2.438095837175581,7648.298648953653
2441684.43568387,1973.0032462255174,7690.989605553889,0.1006284,62.3011,329.506,31.1221,538.9213271303706,78.99945881374339,7646.389979659832
2441776.9480489,1973.2565312769332,7689.730250350551,0.1010815,62.2946,102.3614,50.1619,534.3044820497407,139.71204030401822,7644.7345632711485
2441859.18567426,1973.4816856242571,7688.291203861845,0.1012193,62.2912,260.2814,67.1635,531.9514500107916,233.57807526744506,7643.180923730193
2441937.3706258,1973.695744355373,7687.369149644522,0.1015429,62.2916,68.0699,83.2015,528.6350928190832,340.3434320657219,7641.97477320084
2442011.73779816,1973.8993505767555,7686.64525141854,0.1013251,62.2893,245.1567,98.3741,529.6588526540318,99.30459236802517,7641.450087033423
2442086.94796848,1974.1052648007671,7686.093712736522,0.1009914,62.2901,60.1253,113.8028,531.7280481560638,215.57277172385048,7641.199622015081
2442143.99119281,1974.2614406373984,7685.522971497108,0.1007698,62.2904,279.7882,125.3946,532.9180587639385,30.60417053657102,7640.829432504945
2442192.95579906,1974.395498423162,7684.878298427345,0.1003442,62.2902,159.3007,135.6006,535.6090334742912,232.0618676616582,7640.566023655622
2442267.8294353,1974.6004912670776,7684.123948711174,0.0999033,62.2926,335.0549,151.0766,538.3183086258969,349.4946438520751,7640.205372417596
2442361.93130347,1974.858128140917,7683.263201773753,0.0990842,62.299,103.4776,170.6802,543.836914036563,44.77166926988417,7640.068202737304
2442408.4704189,1974.985545294729,7682.895872183251,0.0985993,62.3069,348.9474,180.4701,547.2314172130928,254.1611938975425,7640.125545420173
2442449.50121068,1975.0978814803018,7682.75211261298,0.098213,62.3037,247.9791,189.034,550.0696793769221,121.31576709135322,7640.3177575201535
2442561.02792309,1975.403224977659,7682.185042029583,0.0972559,62.3124,333.5824,212.5768,556.9109218004587,120.53820804279167,7640.578466220035
2442636.71709151,1975.6104506269953,7681.8330168235525,0.0968861,62.3145,147.3679,228.611,559.4338749722838,235.75667428165423,7640.544775912429
2442739.69592191,1975.8923912988637,7681.266230969545,0.0964525,62.3142,254.0131,250.5791,562.2525998269548,262.8713324090395,7640.35048170836
2442802.65771913,1976.0647713049423,7681.052850610191,0.0962722,62.3198,99.1077,263.9788,563.4446943656758,59.30883022078581,7640.291365110247
2442879.33971165,1976.274715158521,7680.807988523122,0.0961759,62.3169,270.4233,280.4988,563.9630674997206,171.5646429324263,7640.12946823513
2442920.5865731,1976.3876429106097,7680.617459766396,0.0962395,62.3163,168.9222,289.2441,563.3023757472074,38.154852180517196,7639.886024080364
2442961.2117481,1976.49886857796,7680.485470245808,0.0963953,62.3134,68.9273,297.9853,561.9864691958219,266.85991193440293,7639.622486985087
2442997.26250756,1976.5975701781251,7680.4579789321115,0.0964689,62.3124,340.2007,305.6358,561.3963462083075,150.25123587495875,7639.532593360659
2443021.99374377,1976.6652806126483,7680.3206769010385,0.0965355,62.3131,279.3262,310.8078,560.7607801960585,70.17297944658003,7639.339382820245
2443054.70932018,1976.7548509792748,7680.154427666375,0.0967764,62.3101,198.779,317.8336,558.7604307127631,324.40624746107324,7638.968822102058
2443086.95878468,1976.84314520104,7680.037930346449,0.0968964,62.3127,119.3798,324.7266,557.7336030324268,220.114127625577,7638.750542712502
2443114.71140832,1976.9191277435177,7679.9286811583215,0.097043,62.3097,51.0338,330.5981,556.5090621526742,130.2859123335844,7638.516602035013
2443145.4087981,1977.0031726162902,7679.630984534986,0.0971862,62.3113,335.4358,337.0349,555.140531745772,30.86855813556133,7638.097957770333
2443181.06547734,1977.100795283614,7679.43385369561,0.0975878,62.3098,247.5903,344.6645,551.8784986679339,275.5084978989564,7637.557234123021
2443222.68931553,1977.2147551417659,7679.285529731178,0.09791,62.3047,145.0193,353.435,549.2703835151988,140.68244896426552,7637.1321715964405
2443256.79292961,1977.3081257484182,7678.8708035241625,0.0981536,62.3031,60.9615,0.6173,547.0256902233732,30.193530569423956,7636.509280634922
2443291.04895387,1977.4019136314027,7678.6277459328785,0.0983727,62.3026,336.5069,7.8713,545.1241022705472,279.22929269501844,7636.077843288287
2443338.94419753,1977.5330436619574,7678.549083665773,0.0986546,62.3001,218.408,17.8352,542.8885952363589,123.88748169534858,7635.7548922367
2443376.21993727,1977.6350990753458,7678.1127384774245,0.098941,62.2999,126.4722,25.6561,540.2962860197304,3.032632875523319,7635.071638622295
2443427.13096332,1977.77448586809,7677.78761947943,0.0991566,62.2982,0.8588,36.289,538.3480036097553,197.87288748755992,7634.560167515853
2443458.82239266,1977.8612522728547,7677.3505694609685,0.099297,62.2936,282.6473,42.8492,536.8763899652031,94.98568177229367,7634.002822639089
2443486.17136702,1977.9361296838326,7676.708290680728,0.0994917,62.2926,215.127,48.5154,534.8032324368087,6.175713820240446,7633.193663146259
2443540.01034559,1978.0835327736888,7676.117819662338,0.0997977,62.2879,82.1463,59.6179,531.9226163310213,191.23240147203015,7632.337901730915
2443572.30928215,1978.1719624425739,7674.9030914526065,0.0998838,62.2858,2.338,66.2437,530.168306046573,86.21522067339293,7631.054376384561
2443608.00176105,1978.2696831240246,7672.426888877793,0.0997928,62.2924,274.0678,73.6306,528.6376268413896,330.15247535116464,7628.672327969839
2443648.01252758,1978.3792266326623,7670.485102497328,0.0994552,62.2936,175.0208,81.9275,529.4791725314353,199.96671224156944,7627.037714799427
2443692.18672285,1978.5001689879534,7668.189686639184,0.0993438,62.2879,65.5873,91.1033,528.2662840476387,56.16976433679349,7624.852755295074
2443737.11189542,1978.6231674070366,7666.168302268217,0.0990955,62.2966,314.1699,100.4233,528.349221270797,269.7929334668185,7623.059558299584
2443786.3537464,1978.7579842475022,7664.608556796767,0.0987577,62.2908,191.984,110.6356,529.5331443271989,109.28527089917225,7621.802541569414
2443803.50957747,1978.8049543531004,7663.192384874156,0.0986361,62.2885,149.3885,114.1793,529.1886744804706,53.324232883876164,7620.499829418522
2443834.24960086,1978.8891159503348,7659.599550285643,0.0980286,62.2948,72.9757,120.535,530.6034298105114,312.9689578794334,7617.452119607853
2443867.83208601,1978.981059783737,7658.31997183322,0.0976675,62.2958,349.4341,127.4994,532.2147059841982,203.29197785471376,7616.490106513674
2443906.1124211,1979.085865629295,7656.194833806582,0.0972661,62.2895,254.1492,135.4371,533.3703214820671,78.21467345377101,7614.7203045832375
2443924.31642984,1979.1357054889527,7652.565255311232,0.0967558,62.2878,208.7748,139.2555,533.9988819813898,18.716323977065827,7611.545103604592
2443954.0601836,1979.217139448597,7646.420481131068,0.0956553,62.2977,134.5223,145.5706,536.8635360823318,281.4626985050767,7606.362171846948
2443969.92215186,1979.2605671508825,7644.683149836742,0.0952497,62.3031,94.8569,148.8684,538.3930732197368,229.46112568228358,7604.973520728573
2443989.39749142,1979.3138877246274,7643.41354075465,0.0950514,62.3051,46.1254,152.9008,538.7600829269632,165.5666191341395,7603.875971507523
2444007.17477875,1979.362559284737,7642.0785867448285,0.0947398,62.3047,1.6277,156.6291,539.9332898523407,107.27545749470198,7602.807180004047
2444039.0203177,1979.449747618618,7638.412909165873,0.0943236,62.3004,281.8312,163.4283,539.7940052868753,2.8903572975185625,7599.5051223776645
2444068.92537534,1979.5316232042164,7636.660311826384,0.0939209,62.2982,206.8141,169.9104,541.2820023453696,264.88014648209514,7598.093519150677
2444098.67029555,1979.6130603574265,7636.009226710501,0.093675,62.2954,132.1779,176.2991,542.5697623983951,167.31527132646636,7597.647770392701
2444119.03520333,1979.6688164362224,7634.920953868961,0.0933078,62.289,81.0642,180.5877,544.3869764895462,100.41798295994812,7596.865644982051
2444133.32445843,1979.707938284545,7632.906065201736,0.0932332,62.3063,45.1582,183.5488,543.1295074435693,53.389217563805346,7594.921723676074
2444148.83378062,1979.75040049451,7628.974002117984,0.0925984,62.2872,6.1594,187.0254,544.4069158802622,2.5806219763953777,7591.52540485701
2444163.0297395,1979.7892669117043,7626.892912806136,0.0921904,62.3061,330.4343,190.0247,545.6303044173737,315.8629117864241,7589.784323838421
2444186.80300416,1979.8543545630666,7623.51956997347,0.0912914,62.3041,270.5134,195.3042,549.4214955031939,237.78995729604105,7587.148573413552
2444202.51581402,1979.8973738919092,7621.41218265412,0.0912219,62.3065,230.8495,198.6937,548.0361826692642,186.02859891269048,7585.106681491509
2444222.28503626,1979.95149907258,7619.63272908502,0.0908924,62.3029,180.9359,202.8179,548.9297232199333,120.75413387124769,7583.59791208122
2444235.30545908,1979.9871470474463,7617.640837443137,0.0902614,62.3027,148.0459,205.7244,551.925610758346,77.93736291929497,7582.114776164418
2444257.12173892,1980.0468767663792,7613.613974959769,0.0898417,62.3106,92.85,210.5841,551.4576523056257,6.0984641035016125,7578.436704628556
2444278.92602179,1980.106573639398,7612.04740685854,0.0895109,62.3051,37.6303,215.3441,552.5498926279652,294.14788981670694,7577.136338603219
2444293.76476297,1980.1471998986178,7611.4215043475015,0.0890863,62.3074,0.0289,218.6597,555.2118247847493,245.23663649759013,7576.844264396385
2444318.46691703,1980.2148307105545,7610.5267035984525,0.08889,62.31,297.425,224.0668,555.8906849155856,163.69274420036368,7576.1059825910015
2444335.13516138,1980.2604658764676,7608.90323772464,0.088551,62.3095,255.1608,227.7459,556.9909471208848,108.67898447163725,7574.75228631279
2444355.15900633,1980.3152881761264,7606.232575433479,0.0882302,62.3105,204.3411,232.1974,556.9968540564678,42.5747565944788,7572.340932234089
2444378.53428729,1980.3792862075022,7604.205503246344,0.0879974,62.3095,144.9611,237.3874,556.9188898949742,325.345465299204,7570.501756423094
2444396.71064762,1980.4290503699378,7603.563179158403,0.08776,62.3129,98.7751,241.4165,558.1381745554609,265.2734668223783,7570.044172456972
2444425.42267553,1980.5076596181518,7602.944534501374,0.0875337,62.3113,25.7786,247.7852,559.2943685016908,170.34633746533666,7569.601168916012
2444445.27451774,1980.562010999973,7602.256892810398,0.0874797,62.3125,335.2898,252.1474,559.0774405044122,104.65324000973465,7568.957733742302
2444460.08480217,1980.6025593488564,7601.666392364739,0.087313,62.3149,297.6323,255.546,559.8057946481968,55.79693441167774,7568.496806055984
2444477.94627939,1980.6514614083226,7600.736096229049,0.0873469,62.3125,252.1744,259.4976,558.6990605053397,356.68589300390926,7567.544768297503
2444493.59195908,1980.694296944778,7600.179173465669,0.0872149,62.3027,212.3438,262.7988,559.1940068697777,304.7356998798913,7567.090677199246
2444523.50427648,1980.7761924065162,7598.912242882362,0.0870198,62.2936,136.189,269.5554,559.5201192891873,205.85513365415,7565.97735154899
2444543.94849441,1980.8321656246685,7597.335446207142,0.086694,62.311,84.1165,274.1996,560.5557470336598,138.2764751193663,7564.653889651829
2444554.85425188,1980.8620239613422,7596.1079042692345,0.0867376,62.2843,56.2922,276.6021,559.1034353118912,102.10567391684714,7563.398699691057
2444571.01708384,1980.9062753835456,7594.214411906868,0.0866099,62.3123,15.0942,280.3357,558.3439611130552,48.71076192363387,7561.609734114844
2444581.53445819,1980.9350703851887,7592.450375805553,0.0864436,62.3166,348.2381,282.6615,557.9953324995686,13.814261332038086,7559.978532485021
2444594.63816196,1980.9709463708693,7590.338765542191,0.0861747,62.3023,314.7532,285.5791,558.1072995232216,330.33160648700596,7558.077925877195
2444626.16123827,1981.0572518501572,7587.79762447215,0.0860715,62.3147,234.1361,292.7591,556.5682012373954,225.8245339434443,7555.624905447822
2444644.27866432,1981.1068546593285,7586.895373920801,0.0861729,62.2968,187.7574,296.8004,554.9742975534609,165.63012264169856,7554.650518778002
2444663.76205242,1981.160197268775,7585.645474367687,0.0859879,62.295,137.8631,300.9611,555.2354498823051,100.69318324100732,7553.544429800764
2444678.5977324,1981.2008151468858,7583.255004439278,0.0857971,62.3061,99.8535,304.3146,554.4974164979012,51.41464712109439,7551.306557720767
2444687.64742575,1981.2255918569467,7581.647190264346,0.0857393,62.311,76.6471,306.4895,553.4657673241145,21.46353149916581,7549.748608041922
2444704.52147712,1981.2717904917727,7577.705873413334,0.0853763,62.3132,33.3193,310.1383,552.6130834530359,325.15302296180954,7546.093686994711
2444719.56074817,1981.3129657718553,7575.29068157719,0.0853406,62.3114,354.6503,313.6954,550.6745296369836,275.2180221321098,7543.715035406928
2444739.37982272,1981.3672274407113,7574.36762822864,0.0849292,62.3038,303.6283,317.984,552.9463450572839,208.95042134389246,7543.0999630256365
2444756.23468717,1981.4133735446133,7573.812988905244,0.0852856,62.3283,260.2777,321.8253,549.7395038586674,152.8285239392062,7542.284244325457
2444778.63001223,1981.474688602957,7573.357664019512,0.0853883,62.3123,202.5964,326.7501,548.5452277969152,77.99860293550717,7541.75472125124
2444801.78091424,1981.538072318248,7572.324165517413,0.0853485,62.2958,142.9361,331.914,547.9013564767502,0.6840654307501381,7540.7550314216205
2444818.55228145,1981.583989819165,7571.240743660863,0.0854199,62.3054,99.7244,335.6751,546.3698164614261,304.7031651006014,7539.623209192957
2444836.08036217,1981.6319790887612,7570.9378650799645,0.0854876,62.298,54.5275,339.5641,545.5802572451548,246.11912804599183,7539.271381347662
2444849.88896235,1981.6697849756326,7570.286434079526,0.0851418,62.2703,18.8754,342.5485,547.6023205664133,199.84130877221673,7538.878717991515
2444870.06682209,1981.7250289448054,7568.909692626212,0.085234,62.2732,326.8294,347.0376,545.6449438849086,132.3965798700417,7537.439534635618
2444883.9446387,1981.763024335935,7567.386787176561,0.085268,62.3027,291.0404,350.1925,543.9945506075892,86.08413906343321,7535.897814860676
2444891.82895723,1981.7846104236273,7565.836759615702,0.0851899,62.3019,270.6783,351.8683,543.1675826477158,59.62684749419009,7534.411972831778
2444907.51206233,1981.82754842527,7561.158940679738,0.08494,62.3071,230.1031,355.3753,540.7778002584009,7.100966902867185,7529.937850851284
2444922.57602734,1981.8687913137298,7556.802783681008,0.084672,62.3023,191.051,358.7291,538.8168783811698,316.5552270572907,7525.796576125088
2444930.14155978,1981.8895046126765,7555.594622069931,0.0847484,62.3035,171.4156,0.5301,537.1337668008991,291.2640394364414,7524.537314674305
2444941.10960867,1981.9195334939636,7554.976552178373,0.0850165,62.2948,142.9369,2.8711,534.5425881300998,254.31594217307796,7523.724685785571
2444955.78119448,1981.9597021067218,7553.699389857648,0.0842524,62.2802,104.7995,6.1403,539.1457873836052,204.98704158015323,7523.012805326927
2444963.72090336,1981.9814398449275,7553.455351762656,0.0851274,62.3292,84.2379,7.8679,532.3130366510159,178.32745582605065,7522.128080698606
2444983.60449982,1982.0358781651476,7552.029916148464,0.0846304,62.297,32.4965,12.3266,534.7623035328525,111.44696054687068,7521.073779494066
2444995.54691357,1982.0685747120324,7550.86326947024,0.0846916,62.3002,1.4309,14.88,533.2322777975742,71.16400366837621,7519.8670649795595
2445004.53831552,1982.0931918289396,7548.552901154004,0.0843837,62.2996,338.0219,16.9763,533.4417777088938,40.989141581775584,7517.791423261988
2445016.24356921,1982.1252390669683,7545.938961364015,0.0844829,62.3015,307.5079,19.6285,530.2998546849949,1.5903358914116552,7515.115681674984
2445031.49285364,1982.166989332348,7544.560288489419,0.084078,62.2854,267.7085,23.1572,532.0924485538053,310.2895403547133,7514.037779823106
2445044.17204853,1982.2017030760578,7543.625449503667,0.0843707,62.29,234.6271,25.794,529.0281897912282,267.34799261922717,7512.893537433386
2445070.12746608,1982.2727651364264,7541.518632412281,0.0844833,62.2904,166.839,31.4087,526.2499513346038,179.59225088645974,7510.713116509841
2445088.53048497,1982.3231498561813,7539.927853665742,0.0842372,62.2887,118.7235,35.6308,526.6491430709302,117.56035177475772,7509.3082834789375
2445102.78039461,1982.362163982505,7538.332438809055,0.0841455,62.2935,81.4454,38.6986,525.8793865792477,69.30496629813456,7507.786063284161
2445119.58937042,1982.408184450158,7536.919848299605,0.0841623,62.2828,37.4275,42.566,524.4590389510595,12.587097943126054,7506.366981824832
2445136.016626,1982.4531598247775,7535.610560229446,0.0842512,62.309,354.4307,45.9304,522.5900277974424,316.7635630801423,7504.998334171509
2445159.7480676,1982.5181329708423,7534.803975767992,0.0842812,62.2902,292.2029,51.1998,521.6253549254943,236.41483049673514,7504.1731907420135
2445171.80071682,1982.5511313259963,7534.186686757139,0.0837557,62.2654,260.5615,54.3612,525.0193068771141,196.05542264130776,7503.939735269375
2445190.55543374,1982.6024789424775,7533.543453538629,0.0838981,62.2858,211.4148,58.2182,523.3571715193002,132.2805807080988,7503.195998993319
2445201.39888957,1982.6321667065572,7532.046904489609,0.0841482,62.2884,182.9658,60.3932,520.1024151612364,95.3189856393943,7501.524037142759
2445213.67062149,1982.6657648774542,7531.247528842302,0.084073,62.2876,150.7552,63.0752,519.9366553499431,53.69504411652741,7500.782507957012
2445225.48795933,1982.6981189851608,7529.886500941362,0.0841106,62.2807,119.7143,65.6708,518.4069294152832,13.60226534212373,7499.399693154495
2445242.04247765,1982.7434427861742,7528.14642237741,0.0837647,62.2744,76.1891,69.457,519.4171957508925,317.54669697731157,7497.917214950269
2445255.20612419,1982.7794828862143,7526.680151754398,0.0839168,62.2817,41.5635,72.3323,516.9289387956542,272.8219609628493,7496.346806781833
2445283.93218666,1982.8581305589594,7524.863876857155,0.0835579,62.2848,325.9611,78.3797,517.9657535211127,174.95379877464535,7494.797086277023
2445299.49402698,1982.9007365557286,7523.886289445906,0.0835397,62.2801,284.9758,81.9562,517.2067859914823,122.20683993767784,7493.836519406218
2445313.62386991,1982.9394219573167,7522.46025111458,0.0833578,62.2881,247.7427,84.9879,517.2682139942208,74.07869536600731,7492.547066123382
2445325.49516428,1982.9719237899517,7520.847269295855,0.0832148,62.2819,216.4373,87.6493,516.8651679508539,33.73403561741941,7491.043173162726
2445344.34887678,1983.0235424415603,7519.676834934586,0.0830689,62.2794,166.6876,91.8731,516.8892519010878,329.6254210382922,7489.981935052291
2445360.87089156,1983.0687772527306,7519.040906522361,0.0829233,62.2836,123.0791,95.4584,517.4009217185348,273.3176890169667,7489.452668068482
2445379.64401179,1983.1201752547295,7518.46096328488,0.0829179,62.2794,73.5057,99.7857,516.9096689773205,209.5683082973964,7488.8788658503945
2445395.56229029,1983.1637571260503,7518.142937672533,0.082892,62.288,31.4872,103.1916,516.8127332829818,155.26623462185975,7488.58059557561
2445408.70065046,1983.1997279957839,7517.424526836557,0.0826437,62.2944,356.789,105.9828,518.0204494680347,110.40972151777851,7488.042093441415
2445424.08967106,1983.2418608379467,7516.786377318792,0.0826616,62.2748,316.1336,109.4715,517.3004885114169,58.075198339242206,7487.393691125667
2445443.00361021,1983.2936443811363,7515.8064997878855,0.0825893,62.2707,266.1255,113.8617,516.9450020349541,353.8152227909372,7486.46910813682
2445458.161303,1983.3351438822726,7514.570036529217,0.0822394,62.2622,226.0335,117.0246,518.4400054670759,301.9463023818715,7485.485848319094
2445470.09057297,1983.3678044434496,7514.132812460816,0.0816591,62.2856,194.5304,119.2252,522.3991897147971,260.8860003581226,7485.459881213808
2445479.99337718,1983.3949168437505,7513.772023835362,0.0820807,62.2775,168.3184,121.6882,518.9000564785392,227.37653624985097,7484.8032160843895
2445487.64509519,1983.4158661059275,7513.5144386654265,0.0816844,62.2897,148.0812,123.615,521.6412198517046,201.52440186608567,7484.826073069379
2445495.44653761,1983.4372252911983,7513.308798231478,0.0817295,62.2827,127.4449,125.1186,521.1135268064181,174.70239516864675,7484.589485232187
2445504.74774014,1983.4626905958664,7513.015936706149,0.0820904,62.2878,102.8401,127.2144,518.133153255566,143.02588548811292,7484.043187485373
2445515.17341291,1983.4912345322662,7512.683317420082,0.081765,62.2965,75.2286,129.6603,520.2724659712294,107.58446838419977,7483.941407006503
2445526.19840032,1983.5214193027243,7512.3361460046035,0.08146,62.2804,46.0747,131.8644,522.2449435510689,69.7681510192819,7483.809886085756
2445542.02135432,1983.5647401897877,7511.538853878904,0.0814494,62.2586,4.1593,135.505,521.5922211537791,15.897831676391974,7483.023054786362
2445563.91456907,1983.6246805450241,7510.466050195941,0.0813713,62.2869,306.1927,140.5561,521.1933640856314,301.4038037912793,7482.009053969068
2445577.70800323,1983.662444909596,7510.049690556741,0.0810367,62.315,269.6746,143.4745,523.3237467980016,254.20893254545115,7481.8281392171375
2445603.49389322,1983.7330428288024,7509.641828625838,0.0808515,62.3061,201.3687,149.3429,524.3397223186957,166.35618163112338,7481.550831099475
2445623.20636336,1983.7870126306912,7509.145199440866,0.0806621,62.2863,149.1156,153.8266,525.3054784490478,99.15765295119633,7481.1876909899365
2445641.34212652,1983.8366656441337,7508.3495563755205,0.0804019,62.2835,101.0519,157.8134,526.5276861787715,37.20566811181703,7480.575321630401
2445655.20376611,1983.8746167449963,7507.325926729048,0.0802036,62.2724,64.2953,160.9968,527.075061032041,349.9700718013422,7479.6924828946
2445665.09304654,1983.9016921192058,7507.061589485895,0.0798221,62.3054,38.0946,163.2063,529.6958685837926,316.23173708590167,7479.691728868425
2445686.89330909,1983.9613779851877,7506.794995975975,0.079683,62.3068,340.2922,168.1131,530.4947503116218,241.84922533241445,7479.521541923718
2445726.14663299,1984.068847728925,7506.5088944296685,0.079252,62.2962,236.1972,176.9622,533.4667515283281,107.91421758698789,7479.531109116162
2445742.32593458,1984.113144242519,7505.907530098783,0.0791042,62.2827,193.2798,180.6671,534.0224196563431,52.75497269316304,7479.032563321705
2445766.81534043,1984.1801925816017,7504.888805307422,0.0787409,62.2934,128.3215,186.2614,535.8108063775908,329.2535706233981,7478.2640705326685
2445802.68238136,1984.2783911878435,7504.193106601316,0.0781976,62.2967,33.1563,194.5642,539.2469157285486,207.03967237631844,7477.937433431447
2445826.49151423,1984.3435770410133,7503.8318468614725,0.0779059,62.2961,329.9778,199.9311,541.102773383067,125.76116523517305,7477.773201059202
2445853.89134359,1984.4185936853933,7502.983356210003,0.0776578,62.3012,257.2562,206.2006,542.1818753301177,32.30307325844211,7477.093562344676
2445872.6794945,1984.4700328391516,7502.654841442145,0.0774676,62.3058,207.3834,210.6111,543.3058772472414,328.32267790538594,7476.893002817326
2445922.30431274,1984.605898186831,7502.41993675621,0.0771057,62.3019,75.633,222.0869,545.8042958386668,159.13655274087517,7476.8993418312875
2445956.8079433,1984.7003639789182,7502.047941180505,0.0769311,62.3107,344.0393,230.037,546.7708408127537,41.48526758944206,7476.644201017307
2445995.49997213,1984.8062969805069,7501.772491271029,0.0766509,62.3061,241.3043,239.1585,548.6185782198627,269.7358870174892,7476.554625656982
2446048.93314501,1984.9525890349348,7501.48943919244,0.0763326,62.298,99.4198,251.6345,550.7449464263391,87.66224742349482,7476.481783487446
2446103.26019154,1985.1013283820391,7501.1633332429665,0.076197,62.3032,315.1655,264.5508,551.4608907398524,262.7780824659367,7476.245641825898
2446170.67974698,1985.2859130649688,7500.848925939502,0.0761823,62.3039,136.1127,280.3557,551.280702808901,33.07969661123866,7475.941903901648
2446232.33320723,1985.4547110396443,7500.599525791104,0.0762516,62.3087,332.3559,294.8101,550.5305109902911,183.01002572804896,7475.6479422247985
2446295.70490846,1985.6282133017382,7500.338795622234,0.0765645,62.3005,163.9994,309.6235,547.942805904815,327.00611137421276,7475.182628840495
2446365.7325004,1985.8199383994522,7500.108785693039,0.0769555,62.2996,337.9175,325.8612,544.7978640356387,88.14087619719544,7474.695478598064
2446410.24463436,1985.941805980452,7499.687793078367,0.0774174,62.3043,219.603,336.2993,540.9451633265016,296.39214703729726,7473.969549424333
2446467.99457645,1986.0999167048597,7499.440209859568,0.0778661,62.2934,66.0384,349.5519,537.351748534622,99.16028625054071,7473.4234525898655
2446486.54519031,1986.1507055176185,7499.13030239407,0.0781398,62.3012,16.7049,353.8015,535.0134603910583,35.79241365739085,7472.931167329937
2446525.36420162,1986.2569861782895,7498.789499490917,0.0784466,62.302,273.4386,2.7468,532.3986591401517,263.21037581579793,7472.385156369441
2446579.5143617,1986.4052412366873,7498.601870060975,0.0787176,62.2851,129.3149,15.0839,530.1936274942627,78.05195479256514,7472.015201516024
2446666.64291659,1986.6437862192745,7498.358376866838,0.0793826,62.2882,257.3983,34.8418,524.9828931793681,140.01706106121492,7471.320872808072
2446724.07713312,1986.8010325342095,7497.865154818734,0.0799,62.2864,104.4597,47.7699,520.6494289487173,303.39788768456253,7470.475367752091
2446748.82884315,1986.8687990229976,7497.685877523063,0.0800006,62.2884,38.5304,53.2876,519.7302087096914,218.5903517209142,7470.2276369623005
2446766.55060389,1986.917318559589,7497.554176598943,0.0800669,62.2868,351.3181,57.2603,519.1119560966126,157.88371854798118,7470.05082576308
2446801.17077309,1987.0121034170838,7497.2332706878515,0.0802329,62.2853,259.0807,64.9432,517.57220340408,39.20666984982637,7469.616781940222
2446817.02193138,1987.0555015232856,7497.124730103825,0.0803658,62.2869,216.8423,68.4483,516.4760034692463,344.850051617215,7469.416949958287
2446846.85418797,1987.1371777904724,7497.002811157675,0.0803842,62.2878,137.3459,75.1267,516.2259377850141,242.62859542993004,7469.282775134033
2446874.59231623,1987.213120646762,7496.847336563652,0.0804013,62.2806,63.4086,81.3096,515.9547648023963,147.5347671656725,7469.116064301879
2446892.53522313,1987.2622456485424,7496.679124411185,0.0804343,62.2809,15.584,85.2707,515.5526867145581,85.98626652471117,7468.925674389469
2446911.0755153,1987.3130062020534,7496.3236290423765,0.0805059,62.2789,326.1634,89.3821,514.6890485950535,22.40326726074528,7468.5219960336235
2446954.05876743,1987.430687932731,7495.964511067395,0.080332,62.2847,211.5642,99.0011,515.6623899643291,235.0576442168192,7468.284349214615
2447009.52202015,1987.5825380428473,7495.456051166253,0.0802983,62.2798,63.6703,111.4409,515.4473725328899,44.9375045749718,7467.801016833324
2447040.16531718,1987.6664348177414,7494.951068368995,0.0800843,62.2839,341.9437,118.2979,516.5868585244116,299.8650656130418,7467.445298928319
2447063.63187622,1987.7306827548803,7494.753969971455,0.0798896,62.2869,279.3573,123.5577,517.8647732120235,219.4092082431253,7467.382684726709
2447098.60546217,1987.8264352147028,7494.298172614854,0.0796906,62.2809,186.0598,131.435,518.9367546602725,99.51812270698389,7467.064920372494
2447122.06807381,1987.8906723444493,7493.72496680447,0.0795181,62.2808,123.465,136.6484,519.7018955216145,19.011355998279953,7466.611720591086
2447134.91878387,1987.9258556711022,7493.279448069294,0.0794163,62.2783,89.1664,139.5227,520.0546194375884,334.9210584032257,7466.2372808219225
2447152.69949049,1987.974536592717,7493.049307184447,0.0790736,62.2923,41.7356,143.5117,522.4106234878664,273.95412662186027,7466.2411598565495
2447175.55975538,1988.0371245869399,7492.875213835204,0.0788718,62.2877,340.7248,148.6854,523.7623585446363,195.58534870163453,7466.204526209316
2447207.15851046,1988.1236372634087,7492.445985511949,0.0785867,62.2903,256.4036,155.7591,525.5030805823171,87.1932851728435,7465.969536558911
2447240.84301241,1988.2158604035872,7491.18045103474,0.0781576,62.2866,166.4824,163.4259,527.5514658149477,331.7385547086169,7464.997149209765
2447255.70342963,1988.2565460085696,7490.811771394565,0.0779858,62.2887,126.8054,166.8809,528.4985227529423,280.86973691496377,7464.744884757273
2447266.60578407,1988.2863950282551,7490.583378664069,0.0777904,62.2946,97.6983,169.3107,529.7516014044386,243.4467898281273,7464.647914668523
2447285.57146209,1988.3383202247505,7490.299550048928,0.0775253,62.296,47.0518,173.6569,531.4755303415195,178.45341908981288,7464.541758838531
2447318.34748919,1988.4280560963446,7489.436561827135,0.0771953,62.2821,319.5079,181.1434,533.1509596059204,66.09110531598571,7463.900812069041
2447348.72708201,1988.5112308884597,7488.184161277337,0.0768807,62.2918,238.3375,188.1303,534.3510212294223,321.9646801545201,7462.860622655884
2447357.53382507,1988.5353424368793,7488.031401343972,0.0766236,62.3027,214.8139,190.1888,536.1351784599519,291.8194227234844,7462.877677364105
2447374.77334738,1988.5825416766054,7487.888529662188,0.0765945,62.3034,168.7348,194.1723,536.2211516769776,232.73209642207223,7462.754411431207
2447402.5350169,1988.6585489853524,7487.517360416287,0.0762308,62.292,94.526,200.5601,538.6016220178653,137.54846527317068,7462.622900176981
2447413.05648702,1988.6873552006027,7487.009419160502,0.0763412,62.2726,66.3825,202.9435,537.3058356904867,101.41812778305848,7462.044403922087
2447423.27814545,1988.7153405761812,7486.270349487476,0.0761078,62.2669,39.0477,205.3434,538.370482982753,66.40849257478357,7461.460392640651
2447430.88700916,1988.7361725096787,7485.4423187989305,0.076057,62.2499,18.673,207.2253,537.98573235804,40.41619651568516,7460.668252610232
2447442.07390898,1988.7668005721562,7483.741843685281,0.0755123,62.3026,348.7865,209.8468,540.4909844623653,2.125094023814654,7459.327338761701
2447453.70507249,1988.7986449623272,7482.580836840792,0.0753384,62.3014,317.6332,212.5745,540.7188687225453,322.23551356218513,7458.282559861664
2447465.55778604,1988.8310959234498,7481.920659182083,0.0751193,62.299,285.886,215.3554,541.7477166087865,281.5868675581029,7457.76580845003
2447478.60162813,1988.8668080167827,7481.286147394563,0.0748543,62.3002,250.9458,218.4231,543.143409731646,236.85801395827235,7457.303658396603
2447493.5816303,1988.907821027515,7480.602877657024,0.0746342,62.3019,210.7999,221.8701,544.1577663653943,185.39443009465361,7456.763562764743
2447524.27714988,1988.9918607799584,7477.58299192314,0.074147,62.3017,128.486,229.1277,545.0063458210152,80.08381921494276,7454.063764975426
2447548.9944859,1989.0595331578365,7473.525620750123,0.0734394,62.3069,62.1161,235.0557,546.5380832776063,355.2798631788359,7450.466186786949
2447554.64974674,1989.0750164181786,7472.888946639978,0.073356,62.3091,46.9004,236.384,546.5714050702554,335.8184894556666,7449.883877498292
2447574.51302092,1989.1293990990284,7471.008130349013,0.0731665,62.2904,353.462,241.1519,546.2443139798315,267.57022434979694,7448.1276621668685
2447604.99977657,1989.212867286982,7468.025454872358,0.0725789,62.304,271.3901,248.493,547.8680821857224,162.790876686528,7445.5204200926555
2447613.17577781,1989.2352519584124,7467.086030481625,0.0723367,62.301,249.3544,250.3416,548.8053684204842,134.5452949715051,7444.733927178308
2447626.25407935,1989.2710583965772,7465.519071361896,0.0722292,62.2894,214.0807,253.4762,548.1543012526827,89.5158772322252,7443.23810499938
2447633.16309508,1989.2899742507318,7464.442006113479,0.0722136,62.2829,195.4348,255.0969,547.2714768608021,65.68096973651427,7442.173887083831
2447641.77835891,1989.3135615575914,7463.385497948649,0.0718553,62.3065,172.2078,257.2339,548.9653939778991,36.09953926712126,7441.3411701871455
2447651.95154903,1989.341414234168,7462.404724945545,0.0717109,62.3146,144.7375,259.6715,549.132665955447,1.039875699473555,7440.451891605407
2447665.83458687,1989.3794239202462,7461.197021766675,0.0716952,62.3082,107.2225,262.9781,548.1287090517089,313.14798871136725,7439.257361725465
2447675.55889011,1989.406047611526,7460.783074178319,0.0716363,62.3042,80.9317,265.2645,548.1838796415586,279.55905985062975,7438.880702643437
2447689.58691557,1989.4444542520735,7460.248115241576,0.0714985,62.2952,43.0152,268.5971,548.7152653739759,231.14876925353997,7438.431582703021
2447703.46422051,1989.4824482423269,7459.383810711424,0.0713931,62.2944,5.4879,271.9935,548.6989763749225,183.34003276235114,7437.634143301235
2447717.26542711,1989.5202338866798,7458.896714216723,0.0713459,62.3067,328.1705,275.2834,548.5987151338886,135.70970079528297,7437.177245789087
2447739.74514975,1989.5817800130042,7457.971164415944,0.0713191,62.3009,267.3397,280.6666,547.939073143847,58.10549531847528,7436.270721017172
2447749.68520238,1989.6089943939226,7457.290771404114,0.0713162,62.3012,240.4271,283.0605,547.3288312925033,23.78961818791595,7435.594074257716
2447759.54884369,1989.635999572047,7455.907803830865,0.0711625,62.3002,213.7166,285.4847,547.1904647407509,349.7814540630527,7434.308635043709
2447767.33450341,1989.657315546639,7455.396007465547,0.0711562,62.3032,192.6251,287.3345,546.7620580791272,322.86600320993637,7433.802149383197
2447780.6053034,1989.6936490168382,7454.3744686509235,0.0709631,62.2951,156.6594,290.4986,547.2526477946012,276.98435393820466,7432.900721631503
2447789.49991987,1989.7180011495411,7453.391485930288,0.070926,62.2983,132.5512,292.6565,546.6159413991954,246.26728616515408,7431.9430392823515
2447803.06258063,1989.7551336909794,7452.9461157309515,0.0709074,62.2983,95.7673,295.8994,546.3407843243713,199.35857124745758,7431.510210232584
2447813.21438895,1989.782927827378,7451.838156713753,0.0708068,62.303,68.2229,298.3577,546.061042718954,164.2665821439375,7430.466275696888
2447823.21583876,1989.8103103046137,7450.721057097465,0.0707912,62.2909,41.0652,300.7076,545.1392726002668,129.60109033908412,7429.361804835085
2447832.10406997,1989.834644955428,7449.796838342885,0.0707111,62.3126,16.9571,302.9388,544.8772091271376,98.96371604591428,7428.488590020212
2447840.99004196,1989.8589734208351,7448.046313314302,0.0705825,62.3015,352.7933,304.9804,544.2082844047954,68.08326849935361,7426.820571450815
2447851.57402718,1989.8879507931013,7445.172870835603,0.0703803,62.3059,324.0058,307.6651,543.0430706343313,31.548614483574966,7424.076838259811
2447862.59606161,1989.918127478741,7442.466609637878,0.0701457,62.298,293.9836,310.2477,542.2732795782022,353.2454076532391,7421.518748012429
2447871.5422947,1989.9426209300484,7440.282733362264,0.0699104,62.308,269.5948,312.4306,541.9932913598141,322.2218651825892,7419.481426073632
2447881.59427035,1989.9701417394933,7439.012235099102,0.0698835,62.2982,242.1604,314.8708,541.0117235675543,287.3201737823939,7418.230498603909
2447892.23434767,1989.999272683559,7437.364248231342,0.0697862,62.2879,213.1026,317.4673,540.2025593314193,250.3717339188106,7416.644992573464
2447901.39419893,1990.024350989541,7436.564827559871,0.0697065,62.2888,188.0751,319.7003,540.0516214075687,218.5490437651997,7415.895141516074
2447913.28592757,1990.0569087681588,7436.026033976719,0.0697407,62.2941,155.5862,322.6178,539.2960731489593,177.25684346287358,7415.337538490684
2447919.85863196,1990.0749038520469,7435.260089644804,0.0697252,62.2976,137.6098,324.239,538.6987928423014,154.4234132631293,7414.582928924111
2447930.71297176,1990.1046214148116,7434.3961678387,0.0697141,62.2987,107.9288,326.7715,537.9776299543764,116.57659066780116,7413.727998699289
2447940.97511912,1990.1327176430389,7433.720509318122,0.0696742,62.2885,79.8471,329.2467,537.6456798077888,80.85544850597842,7413.077892669442
2447948.94661472,1990.1545424085418,7432.112880651677,0.0696113,62.2882,58.008,331.1256,536.6175412827688,53.03833292491743,7411.512013345299
2447954.55433906,1990.1698955210406,7430.579548399138,0.0695216,62.2811,42.6466,332.4885,535.8574692671527,33.512712425369045,7410.03603316967
2447966.35600071,1990.2022067096777,7428.688670780231,0.0694797,62.2943,10.3042,335.3655,534.409310541022,352.4152845159952,7408.175157998767
2447980.51144444,1990.240962202437,7425.791686190809,0.0691903,62.2978,331.4581,338.7016,533.8626316857608,302.95330712268265,7405.456813841771
2447988.25002916,1990.2621492927042,7425.259624577393,0.0693531,62.2814,310.197,340.5611,532.1585513081136,275.9243546265211,7404.830311325276
2448000.92506809,1990.2968516580156,7424.549321469659,0.0692111,62.2782,275.3585,343.6802,532.5517959264907,231.7121031143779,7404.205612694608
2448008.95596964,1990.3188390681453,7423.559853180161,0.0692436,62.2962,253.3018,345.6223,531.3895441304949,203.6820354677086,7403.199728056283
2448016.91223485,1990.3406221351136,7423.226087258559,0.0693638,62.2932,231.4351,347.6431,530.1866175871737,175.99423135911832,7402.796059861699
2448025.08907343,1990.363009099055,7422.9732173948705,0.0693563,62.2908,208.947,349.5159,530.0069600372663,147.31962434022262,7402.54830813743
2448034.8116165,1990.3896279712524,7422.048504376228,0.0693101,62.2883,182.1934,351.7433,529.4892803330613,113.2106303491662,7401.6533662934435
2448043.6486803,1990.4138225333334,7421.235584446962,0.0692802,62.2877,157.8778,353.8517,528.9545989093594,82.29338800001335,7400.860289334522
2448056.75446872,1990.4497042264748,7419.665265497858,0.0692932,62.2914,121.7913,356.9928,527.3966163226623,36.430578469051966,7399.28662816852
2448067.50034597,1990.4791248349625,7418.301228022703,0.0692357,62.293,92.1858,359.5376,526.5536496896912,358.77845941351427,7397.960172396986
2448079.27426247,1990.51136006152,7417.285688961145,0.0691777,62.2753,59.7015,2.2507,526.0386247558972,317.4025778527869,7396.981514209722
2448090.38349494,1990.5417754823823,7416.490477493031,0.0693589,62.3255,29.1221,5.0808,523.9545561136392,278.70372634238606,7396.081874381973
2448104.2872024,1990.5798417587957,7416.178658937906,0.0692012,62.2886,350.7205,8.3612,524.8338963250126,229.87866683352223,7395.8637052415015
2448116.2036785,1990.6124672922654,7415.8343464411855,0.0693588,62.2953,317.8499,11.1507,523.3446751732399,188.05237478448555,7395.427607768014
2448126.64813252,1990.6410626489248,7415.312473090905,0.0690935,62.259,288.9803,13.5861,524.8262807313977,151.32384638705872,7395.063133988033
2448138.63466889,1990.6738799969607,7413.926822548517,0.0692409,62.2836,255.909,16.4474,522.4435568211165,109.29960109412275,7393.594704663705
2448145.61920918,1990.693002626092,7412.919105019117,0.0692748,62.2822,236.6084,18.0669,521.2543166027381,84.7343546068629,7392.569818998333
2448154.51213992,1990.7173501435186,7410.476776090027,0.0688987,62.2778,212.0164,20.1736,521.768259837233,53.48394833332662,7390.354703728388
2448162.66581591,1990.7396736917449,7408.114830396937,0.0689739,62.2892,189.453,22.1054,519.0119588966209,24.815870971802383,7387.955191873621
2448172.1386495,1990.765608896646,7406.865407500745,0.0689625,62.284,163.2156,24.3959,517.933151835975,351.5322972074164,7386.715838126565
2448181.46160074,1990.7911337460368,7405.10007527875,0.0688676,62.2788,137.3612,26.625,516.9923053344828,318.718051426719,7385.010769495435
2448191.1487234,1990.8176556424373,7403.914352690293,0.0687218,62.2794,110.4822,28.9692,516.9677313275806,284.6353687225975,7383.913308660532
2448200.98105933,1990.8445751111021,7403.453462894484,0.0687913,62.2801,83.1962,31.2814,516.0239746924708,249.97056000323602,7383.4131497282915
2448213.74672413,1990.8795255965233,7402.578674393755,0.0687749,62.2781,47.7503,34.2706,515.3307663201922,204.93168525162676,7382.550291941106
2448221.66913635,1990.9012159790555,7402.1487725515335,0.0688879,62.2843,25.7604,36.1966,514.0939881228805,177.05924753999818,7382.0556208642065
2448232.08458919,1990.9297319348113,7401.487296497571,0.0686793,62.2566,356.7939,38.6078,515.022030015225,140.23820346790956,7381.517556983801
2448241.54436223,1990.955631381876,7400.02616434817,0.0687042,62.2773,330.5215,40.8479,513.4769867475607,106.88210252462244,7380.045872365438
2448249.53554558,1990.9775100495006,7399.02731452121,0.0687919,62.2875,308.3162,42.5932,511.8978674033988,78.5457821797886,7378.998632706634
2448259.50348519,1991.0048007808082,7397.269445247113,0.0685876,62.2773,280.5597,45.0978,511.7721874442823,43.46921890902672,7377.364400546539
2448268.58872018,1991.0296747985765,7395.710467628064,0.0686291,62.2877,255.2707,47.2201,510.0132143741712,11.347872512432787,7375.7855035993025
2448277.08583795,1991.0529386391513,7394.894812941313,0.0685277,62.2731,231.5786,49.2405,510.00337966851475,341.3011899055453,7375.030934369144
2448286.0940905,1991.0776018904858,7393.89522085503,0.0683406,62.2505,206.4416,51.4319,510.45568512466434,309.4768194251349,7374.142441412366
2448294.00180758,1991.0992520399172,7392.7198019900425,0.0685279,62.2764,184.4188,53.127,507.9759386712494,281.35506562979447,7372.861649817939
2448301.98150918,1991.121099272224,7392.106478189666,0.0683961,62.2815,162.1524,55.0572,508.37892429675776,253.15386199936742,7372.326357019429
2448310.83837921,1991.1453480608072,7391.101199366011,0.0681852,62.2725,137.42,57.1621,509.00118586699955,221.79679810937697,7371.445669643739
2448317.79020251,1991.1643811157019,7389.696618693678,0.0679939,62.2731,118.0019,58.9472,509.1060257718809,197.31189834735662,7370.155048941016
2448327.51964008,1991.1910188640113,7387.846977193901,0.0678843,62.2692,90.8042,61.1595,508.1918566399763,162.73690895589445,7368.373293000733
2448333.58928067,1991.207636634278,7386.318890005078,0.0678757,62.2726,73.8242,62.6083,506.83102492276066,141.22331165991648,7366.854171354199
2448342.79884512,1991.2328510475559,7382.61669783582,0.0675783,62.2703,48.043,64.5992,505.5757118444617,108.3558228798936,7363.33201422952
2448351.71026791,1991.257249193456,7380.057391187635,0.0672946,62.2748,23.0446,66.8881,505.28308107062,76.8629903558414,7360.941072117016
2448362.58571403,1991.2870245421768,7375.187201406582,0.0667297,62.2769,352.5009,69.4202,504.90687201288074,38.13226481634865,7356.403186538034
2448398.228226,1991.3846084216289,7368.243431186444,0.0662038,62.2775,252.0784,77.782,502.30141671686215,270.94136821357455,7349.772010282569
2448406.6781521,1991.4077430584537,7367.571424599661,0.0660702,62.2722,228.2329,79.9076,502.65820706207705,240.8929989566982,7349.176227279708
2448416.07339832,1991.433465840712,7366.564494168604,0.0658395,62.2506,201.6867,82.532,503.4172711547899,207.71099734373286,7348.3001511277225
2448425.90330683,1991.4603786634639,7365.405636950984,0.0656947,62.2681,173.9521,84.4754,503.40122325318043,172.2311811529769,7347.224477694047
2448437.76946775,1991.4928664414788,7364.2561055006845,0.0655618,62.2591,140.4122,87.4893,503.30591956306944,130.00958106766444,7346.151326585446
2448442.57321397,1991.5060183818475,7363.608800120221,0.0653545,62.2426,126.8221,88.7364,504.2275287927632,112.93188253487679,7345.62001755794
2448454.21542951,1991.5378930308282,7361.579043669335,0.0653194,62.2721,93.932,91.1449,502.5888174842803,70.97540890185792,7343.614549362445
2448463.52667468,1991.563385830746,7360.606683038783,0.0652904,62.2829,67.5826,93.4453,501.8934284605075,37.74900093146965,7342.660522025723
2448472.10812818,1991.5868805699652,7359.150434998399,0.0649864,62.2283,43.2428,95.7375,502.7694411694192,7.243294812521356,7341.374672790242
2448481.34131795,1991.6121596658447,7357.8025007188835,0.0650717,62.2567,17.1121,97.6612,500.8814837328546,333.9358202958685,7339.983265528348
2448490.93558436,1991.6384273356873,7356.2277989604145,0.0646761,62.2724,349.8988,100.1074,502.3193742120702,299.7123591525562,7338.62852897966
2448501.68864169,1991.6678676021634,7354.416321938029,0.0645303,62.266,319.3977,102.5098,501.69733035847094,261.0151632211743,7336.900696193537
2448508.80725459,1991.6873573020948,7353.748179159318,0.0644527,62.2713,299.191,104.2992,501.6429538924158,235.58157124590275,7336.276279466711
2448518.61208959,1991.7142014773174,7352.971026067659,0.0642622,62.2701,271.3457,106.6036,502.3166313962938,200.37676816574663,7335.604182671539
2448527.83418346,1991.739450194278,7351.912593651244,0.0642254,62.2671,245.1412,108.8013,501.5967665589551,167.28043005985853,7334.5681495980825
2448537.70705106,1991.7664806326081,7350.4579521950345,0.0638979,62.2664,217.0735,111.1864,502.64282501147136,131.8668722610305,7333.293495369252
2448550.62492517,1991.8018478444083,7348.727155736062,0.0636746,62.2676,180.3354,114.2757,502.66359358543014,85.48587601304905,7331.686574213683
2448561.50603387,1991.8316386964268,7346.070765474321,0.0633643,62.2747,149.3707,116.7385,502.45583366957635,46.25926928631509,7329.202106889772
2448571.36624241,1991.85863447614,7343.35257827715,0.0630089,62.2627,121.2498,119.1466,502.519710007743,10.827988589585772,7326.678948969471
2448578.9754402,1991.8794673242983,7341.751051734401,0.0627664,62.2653,99.5356,120.966,502.79946852081866,343.4333632526131,7325.20923468238
2448586.8720429,1991.9010870442162,7340.428461062277,0.0627279,62.2643,76.9909,122.8367,501.842498599608,314.9762640821831,7323.9099242558
2448600.63302474,1991.9387625591787,7338.984176817179,0.0623547,62.2799,37.6897,126.178,503.22772016699673,265.4531786956552,7322.664984871214
2448607.00507131,1991.9562082718955,7338.264421149297,0.0621738,62.2718,19.4671,127.7586,503.8803366816446,242.53072211759084,7322.041450256612
2448614.89669406,1991.9778143574536,7337.661641751995,0.0620576,62.3073,356.9218,129.5208,504.167670652806,213.96943131668212,7321.500631924701
2448623.58368268,1992.001598036085,7337.040938321718,0.0617562,62.2951,332.0786,131.4863,505.7968707265345,182.52960700940923,7321.038010333766
2448631.61761582,1992.0235937462558,7335.946755625354,0.0616498,62.276,309.069,133.588,505.550805330402,153.70325134793381,7320.0013464625135
2448641.2415605,1992.0499426707738,7334.724355244721,0.0616642,62.2822,281.545,135.613,504.29814565803827,118.7186385214469,7318.774148401232
2448649.19982569,1992.0717312133884,7334.051645068169,0.0613567,62.279,258.7453,137.887,505.9221384972143,90.34906318016124,7318.261695623299
2448657.08327481,1992.093314920767,7331.6419772552745,0.0612028,62.2725,236.145,139.8761,504.78865964971556,61.96772852391689,7315.936365399727
2448670.01909068,1992.1287312544282,7326.544447890592,0.0603727,62.2735,199.0242,142.9022,506.0848779014268,15.12314840580865,7311.272937316123
2448679.18924199,1992.1538377604106,7323.333860432627,0.0598776,62.2732,172.6517,145.1705,506.69390487118653,341.98060625217425,7308.318572720796
2448687.12706642,1992.1755703392744,7320.47476985251,0.0590769,62.266,149.7937,147.1927,509.86751392141014,313.32107786126403,7305.864379731
2448695.710881,1992.1990715427787,7319.2226558235025,0.0589869,62.2672,125.0706,149.0569,509.34810094670775,282.00174459966905,7304.659272481396
2448705.59060585,1992.2261207552358,7318.052355612,0.0587715,62.2683,96.5787,151.557,509.8231415941491,246.272228115122,7303.597529463215
2448715.82826412,1992.254149935989,7316.857439401354,0.058617,62.2857,67.0526,154.1154,509.8289068759641,209.214023043908,7302.480915636805
2448723.75733109,1992.2758585382342,7316.120718834601,0.0584297,62.2981,44.1863,155.8289,510.5056800693101,180.24612623568163,7301.837429015868
2448732.62230663,1992.3001295184943,7315.517731010023,0.0583057,62.2758,18.5674,158.2606,510.84504884107173,148.32137334207894,7301.296217545915
2448741.55744332,1992.3245925895135,7314.287951727154,0.0581489,62.2822,352.7595,160.3805,510.83385305096726,115.82666777512588,7300.145259853508
2448751.42737946,1992.351615001944,7313.429687990177,0.0580075,62.2804,324.2364,162.9179,511.0596153640863,80.11289930013243,7299.357394830281
2448763.95964767,1992.385926482327,7311.795533025445,0.0577281,62.2759,288.0027,166.0365,511.56316931539914,34.64566636229375,7297.86168609478
2448772.88809843,1992.410371248268,7310.6473306244625,0.0574229,62.2844,262.1874,168.1486,512.7124600227471,2.142350623518496,7296.8626957242805
2448782.67923931,1992.4371779310331,7310.251688984949,0.0574313,62.2711,233.8389,170.8228,512.278131159348,326.81764482806545,7296.463764236755
2448792.68510997,1992.4645725118964,7309.6060927856215,0.0572336,62.2757,204.8813,173.3956,513.1147215135661,290.570795717296,7295.914207000359
2448800.53090757,1992.4860531350305,7309.479760326354,0.057093,62.2711,182.1697,175.4087,514.0233323700422,262.13927138899146,7295.855345375397
2448809.60005841,1992.5108831167963,7309.334583833645,0.0569951,62.2717,155.9185,177.6786,514.6020282945883,229.21917795332956,7295.757155894621
2448820.54025002,1992.5408357290078,7309.1209308487705,0.0568153,62.2698,124.245,180.4782,515.7147324263178,189.56233755718915,7295.629485720986
2448832.55941907,1992.5737424204515,7308.871452044562,0.0566539,62.2738,89.4518,183.4405,516.6590796875744,145.88502863746544,7295.4570612589505
2448845.44159924,1992.6090119075702,7308.48153828909,0.0564676,62.2752,52.1377,186.6366,517.6528261775975,99.07001327468328,7295.155997140714
2448856.37936734,1992.638957884572,7307.8727715613495,0.0562979,62.2759,20.4698,189.4264,518.3185810552659,59.41136155411172,7294.628361318894
2448868.25116836,1992.6714611043394,7307.30497961025,0.0561292,62.2822,346.0846,192.4864,519.0154969487103,16.385002437779917,7294.140902270719
2448879.61797887,1992.7025817354413,7306.643777283479,0.0560105,62.2773,313.1418,195.5126,519.2587059959424,335.2649752411295,7293.536542493377
2448887.9624405,1992.7254276262834,7306.353870719687,0.0557661,62.2788,288.9678,197.6412,520.7707101297456,304.9950545379521,7293.361364119084
2448897.60121261,1992.7518171460918,7306.142313460132,0.0556832,62.2816,261.0399,200.0596,521.1766297912682,269.9853274069566,7293.188807378352
2448908.5341802,1992.7817499800142,7305.88073579206,0.0555175,62.2828,229.3587,202.8911,522.140202042724,230.35980719488128,7293.004720097485
2448919.68230834,1992.8122718914167,7305.628349078575,0.0553311,62.2791,197.0228,205.7613,523.2635963328739,189.9062190899582,7292.839149261092
2448930.5420997,1992.8420043797394,7305.2728782551185,0.0553039,62.2694,165.5259,208.5331,523.1264975233853,150.4774232937882,7292.496879264045
2448940.46604218,1992.8691746534705,7304.775179673271,0.0550251,62.2652,136.7568,211.1933,524.6928949342309,114.5872247506395,7292.128614843244
2448948.30355167,1992.890632584997,7304.081543198389,0.0548624,62.2771,114.0269,213.1131,525.225799942822,86.05226940107025,7291.510897398383
2448957.86456981,1992.9168092260375,7302.555908235043,0.0545552,62.2838,86.2817,215.6457,526.0272101500977,51.41607862647788,7290.128332111243
2448969.14799711,1992.9477015663522,7301.584927506592,0.0543461,62.282,53.5238,218.6855,526.6359628778264,10.576736113198422,7289.25413410608
2448981.86612153,1992.982521893306,7300.49283969973,0.0540968,62.2847,16.5878,222.0962,527.4232386490621,324.51611840978995,7288.276814414682
2448990.55921128,1993.006322275921,7300.158738035873,0.0540251,62.2784,351.3128,224.3476,527.6306321976108,292.9243806683887,7287.975651435544
2449000.61669694,1993.033858170951,7299.894503549979,0.0538654,62.2824,322.098,226.9831,528.5464661584583,256.4321584576884,7287.783820897369
2449012.25396434,1993.0657192726621,7299.610139219143,0.0536295,62.283,288.2835,229.9861,529.9993972578895,214.1506618416273,7287.605833190046
2449023.17246024,1993.0956124852562,7299.482728063552,0.0535747,62.2843,256.5586,232.8842,530.2788307523651,174.56230530774906,7287.503166330927
2449032.4383219,1993.1209810318962,7299.145491308686,0.0534429,62.2591,229.5969,235.0477,530.9216887312259,140.63142851736654,7287.225386148825
2449041.34432803,1993.1453643477892,7298.710961909038,0.0533696,62.2552,203.7113,237.5655,531.0453773563368,108.48563479588063,7286.824260201771
2449053.19363097,1993.1778059711708,7297.960597096985,0.0533406,62.2486,169.2476,240.6216,530.5467000714734,65.39905037856249,7286.0880384920765
2449062.09726366,1993.2021827889387,7297.295718349066,0.0531887,62.25,143.3528,243.0818,531.0257455745132,33.188795982111,7285.491799822103
2449072.65092422,1993.2310771368109,7296.615314107644,0.0530699,62.2617,112.6543,245.9635,531.2483690494828,354.97003074804206,7284.865193690675
2449081.69594958,1993.255841066612,7296.194548614212,0.0529781,62.2752,86.3416,248.5064,531.5197241982733,322.28521601965855,7284.485743331927
2449092.5347793,1993.2855161650923,7295.872840631616,0.0527827,62.2852,54.8027,251.2694,532.6406732464093,282.82628056675287,7284.2508116688605
2449103.66034001,1993.31597629024,7295.800377605721,0.0529171,62.2776,22.4038,254.3471,531.5914794439213,242.5394355135718,7284.119167591635
2449117.51297479,1993.3539027372753,7295.605198990332,0.0526254,62.276,342.0837,258.0447,533.5347571513857,192.2634145808638,7284.052802363665
2449130.36028793,1993.3890767636683,7295.438644512766,0.0526222,62.2775,304.6843,261.2789,533.4003130734864,145.435565079374,7283.887917317584
2449140.26463214,1993.4161933802595,7295.297784058199,0.0526002,62.2738,275.8415,263.968,533.427361557181,109.51988310654247,7283.756941544862
2449151.74734252,1993.4476313279122,7294.9857628491,0.0526165,62.2648,242.3916,267.0413,533.0128444581505,67.82562195161131,7283.43825622266
2449160.71788753,1993.4721913416292,7294.881330407137,0.0524914,62.2791,216.2917,269.372,533.8264965402041,35.2148170134505,7283.388865745434
2449172.55862676,1993.5046095188495,7294.683951747043,0.0525442,62.2747,181.8024,272.514,533.254319249655,352.19697321416277,7283.168653264715
2449182.3896481,1993.531525388364,7294.535896850185,0.0525017,62.2766,153.1644,275.2519,533.4240615545259,316.6071601890145,7283.03946332815
2449191.50294029,1993.5564762225604,7294.485630249649,0.0525015,62.2827,126.6291,277.6616,533.3778929330974,283.49925987829965,7282.989363589573
2449204.56270006,1993.5922318961266,7294.391038979712,0.0525091,62.2827,88.5887,281.1768,533.2328304748225,236.10201739446762,7282.8915908813415
2449217.40699964,1993.6273976718417,7294.325424325377,0.0524837,62.281,51.1764,284.5296,533.3559370527109,189.3828381370016,7282.837208611371
2449227.23738374,1993.6543117966874,7294.2428733247025,0.0525193,62.2787,22.5425,287.1407,533.0180435877,153.6709531925854,7282.739188234295
2449239.14842306,1993.6869224450645,7294.132507712732,0.0525943,62.276,347.8354,290.2686,532.3664143623364,110.35191977674572,7282.596098594858
2449250.77216995,1993.7187465296372,7293.993008258668,0.0527056,62.273,313.9652,293.3698,531.4224303625897,68.12624933064217,7282.407913217501
2449261.6062642,1993.7484086631077,7293.7926019954,0.0526967,62.2829,282.4046,296.3015,531.2975013858286,28.818981281253514,7282.211739732161
2449272.43983641,1993.7780693673096,7293.494587726654,0.0527276,62.2828,250.8309,299.2474,530.7898225028375,349.51332776850165,7281.9006056605185
2449280.3313816,1993.79967524052,7293.271008049883,0.0528007,62.2831,227.8397,301.3907,530.0448935351433,320.88731341284483,7281.645193724167
2449291.16375375,1993.829332659137,7292.954766882751,0.0528055,62.2773,196.2637,304.2155,529.7103439401244,281.4594427106665,7281.327341633776
2449301.49352956,1993.85761404397,7292.817632615812,0.0527421,62.2778,166.1519,307.007,530.0428157546248,243.95784417079778,7281.218345915664
2449314.33359386,1993.89276822412,7292.66784491406,0.0528289,62.2784,128.7128,310.4197,529.2679246018797,197.27593931682645,7281.0305640073
2449326.24081233,1993.9253684115813,7292.536593433039,0.0529259,62.2797,93.9976,313.5731,528.4362309426615,153.97807183075997,7280.856722979722
2449339.07991957,1993.9605199714445,7292.280377985484,0.0530519,62.281,56.5588,316.9128,527.2747486006356,107.22441027995836,7280.545207771125
2449351.84667228,1993.995473435401,7291.980903794547,0.0531498,62.2783,19.3248,320.2424,526.2772771540476,60.736763255629285,7280.20283974193
2449365.54434715,1994.0329756253245,7291.311278687177,0.0532468,62.2807,339.3647,323.926,524.9359852931766,10.959474883168241,7279.49124409543
2449377.44793667,1994.0655658772619,7290.96587372585,0.0532919,62.2808,304.6339,327.0586,524.2801494798387,327.6287841857019,7279.126356206687
2449391.57334824,1994.1042391464475,7290.5693381618685,0.0532727,62.2813,263.4135,330.7826,524.044724980773,276.2100072788543,7278.7389988387395
2449405.41110419,1994.142124857468,7290.344170504875,0.0534479,62.2783,223.014,334.4615,522.5542843141475,225.8505513115433,7278.436209407097
2449420.82545657,1994.184327054264,7290.076976359653,0.0535953,62.2723,178.0013,338.463,521.226813788564,169.64656046498283,7278.103642803137
2449434.08823421,1994.2206385604652,7289.807315530968,0.0537176,62.2721,139.2748,341.8625,520.0800620782011,121.247418232521,7277.779686353096
2449446.63337732,1994.2549852904042,7289.485785088987,0.0538751,62.2691,102.6329,345.0842,518.6277094687393,75.46239545448879,7277.388012090244
2449460.53947537,1994.2930581118965,7289.072267730064,0.0541129,62.2684,62.0078,348.7492,516.503129013613,24.796079717258067,7276.868087053696
2449475.66281159,1994.3344635498697,7288.68713801533,0.0541306,62.2727,17.8243,352.6841,516.0098300222771,329.6415220469226,7276.475612431753
2449489.4952548,1994.372334715401,7288.485480089104,0.0542317,62.2723,337.4022,356.2822,515.0822220785558,279.18390245566536,7276.22860713547
2449501.32055769,1994.4047106302264,7288.3856296998565,0.0542288,62.2731,302.8433,359.2956,515.0089230639887,235.98307311846338,7276.130236291472
2449514.86571664,1994.4417952543188,7288.332592536285,0.0543825,62.2721,263.2534,2.748,513.8385453226801,186.49510844526696,7276.007675569225
2449527.62233697,1994.476720977331,7288.231389300969,0.0545615,62.2686,225.9594,5.9459,512.4382523536233,139.82574816081146,7275.825324189155
2449538.65876046,1994.50693705807,7288.136913599721,0.0546232,62.2675,193.6977,8.7441,511.8992533407809,99.48445909477408,7275.702917414357
2449548.69152067,1994.5344052585078,7287.9468362752805,0.0547444,62.2668,164.3651,11.3069,510.83625949149155,62.82610693720244,7275.457891013878
2449558.72386431,1994.5618723184393,7287.73550871321,0.0548722,62.2683,135.0344,13.8814,509.705128331997,26.18176536185092,7275.188510953803
2449570.61897151,1994.5944393470495,7287.589787097887,0.0550205,62.268,100.2498,16.9249,508.4866532168671,342.71653506215125,7274.975085654437
2449584.4484443,1994.6323023800132,7287.473785992688,0.05508,62.2681,59.8059,20.4983,507.9434298602109,292.21534319520424,7274.83196978385
2449597.91942648,1994.6691839191783,7287.431338122478,0.0551897,62.2704,20.4078,23.8902,507.10388880089977,242.931789095843,7274.739156614551
2449607.16269859,1994.6944906190013,7287.351547686479,0.0552683,62.2671,353.3695,26.1824,506.45571614347773,209.07527715955973,7274.623304193865
2449620.70492893,1994.7315672249963,7287.281830318136,0.0553603,62.2702,313.7635,29.5393,505.7194220071742,159.47859900131323,7274.511270770177
2449628.51487052,1994.7529496797267,7287.185711018425,0.055416,62.266,290.9136,31.4931,505.2227276566273,130.88481529835008,7274.3895925246015
2449639.54867549,1994.7831585913486,7286.899537111818,0.0555162,62.2611,258.6271,34.2288,504.22226502961075,90.45880711450235,7274.057576058416
2449650.36683402,1994.8127770951944,7286.549058128037,0.0556082,62.2608,226.9728,36.9176,503.2208807938414,50.83064572999433,7273.665090501787
2449660.61092824,1994.8408238966194,7286.05912852719,0.0556928,62.2602,196.9912,39.5137,502.14179469395094,13.348297217019393,7273.136771607425
2449673.07474766,1994.874947974429,7285.771360340036,0.0558094,62.2682,160.514,42.6382,501.020532182275,327.710929205555,7272.79531384729
2449685.32314016,1994.9084822454763,7285.607589699864,0.0559341,62.2661,124.6498,45.6808,499.9573862168327,282.8169916285692,7272.573745285172
2449695.27912325,1994.9357402416151,7285.485982793675,0.0559593,62.2659,95.4982,48.1599,499.65898703672883,246.33161301855,7272.440601301372
2449708.67282017,1994.9724101852703,7285.362484995873,0.0560307,62.2651,56.277,51.4543,499.0222252078147,197.2036333027241,7272.283991586746
2449721.63643944,1995.0079026404924,7285.2305218383935,0.056071,62.2648,18.3131,54.6491,498.604061248393,149.6572494227442,7272.133432817804
2449735.53067538,1995.0459429852979,7285.042418399081,0.0562043,62.2641,337.6153,58.0371,497.45540880265344,98.65292529278832,7271.88328028467
2449746.70281996,1995.0765306501305,7284.7928117944,0.0563236,62.2638,304.8912,60.7256,496.3507553800164,57.60576595299358,7271.57816554868
2449756.58538842,1995.1035876479675,7284.546349686993,0.0563742,62.264,275.9408,63.1905,495.74957686046855,21.379746731679916,7271.308380898793
2449768.11449024,1995.1351526084595,7284.308150270346,0.0563874,62.2641,242.1623,66.1045,495.42865287779205,339.151860954532,7271.064410265161
2449780.35917232,1995.1686767209308,7284.115818790381,0.0564286,62.2627,206.2769,69.1577,494.94706089818555,294.2509804648935,7270.85305533287
2449793.74902339,1995.2053361352225,7283.947307929145,0.0564393,62.2643,167.0363,72.428,494.71012063273974,245.08329131991528,7270.679817715962
2449805.70646727,1995.2380738323611,7283.828510169569,0.0564267,62.2629,131.9909,75.3097,494.6898039747839,201.13402034997625,7270.567163535546
2449816.58952964,1995.2678700332376,7283.668982614029,0.0564345,62.2626,100.0908,77.944,494.4824654146978,161.14158803445605,7270.404257447168
2449829.83483637,1995.3041337066936,7283.446746174359,0.056481,62.2618,61.2622,81.2077,493.9340905036852,112.52176559029539,7270.160543099578
2449839.64308009,1995.3309872144837,7283.235772485714,0.0564858,62.2624,32.5102,83.5688,493.70007328823976,76.46360278586671,7269.947694445242
2449850.59626113,1995.3609753898156,7282.934584282277,0.0565239,62.2615,0.3965,86.2747,493.1384181337644,36.260059666351935,7269.629112371275
2449863.05197964,1995.395077288542,7282.5873970167095,0.0565872,62.2626,323.8707,89.3674,492.349867464246,350.5502761248133,7269.25272255186
2449874.00390738,1995.425062032526,7282.458235521061,0.0565048,62.2634,291.7478,92.1758,492.828089414591,310.4412682906019,7269.162630036003
2449886.81658438,1995.460141230335,7282.346761701864,0.056441,62.2652,254.1729,95.3419,493.18752812464936,263.403957079381,7269.081387195847
2449898.05427836,1995.4909083596447,7282.257710127537,0.056403,62.2635,221.213,98.129,493.3802285032143,222.15499052792018,7269.01036614823
2449904.63932831,1995.5089372438324,7282.198654362403,0.0563809,62.2629,201.8981,99.7757,493.4854402506626,197.99639222031988,7268.961804013166
2449912.58425521,1995.5306892682001,7282.15679409266,0.0563236,62.2633,178.5941,101.66,493.8632076849017,168.745963447927,7268.94692959466
2449920.74382138,1995.5530289428616,7282.0913881911065,0.0563268,62.2617,154.658,103.6714,493.77818298674356,138.77898056982883,7268.88014026261
2449925.68244627,1995.5665501609028,7282.049095102628,0.0563138,62.2622,140.1739,104.8739,493.83293877083725,120.62974207495603,7268.844025523135
2449930.69260618,1995.5802672311568,7282.012765444218,0.0563031,62.2628,125.4791,106.1079,493.8765725101348,102.2307967835975,7268.812782762309
2449937.63517554,1995.599274950144,7281.940069264461,0.0562847,62.2625,105.1144,107.7394,493.9419570479322,76.65481794814414,7268.748850308947
2449945.50802138,1995.6208296273232,7281.806252715106,0.0562701,62.2609,82.0169,109.6764,493.9219866942012,47.73463416362608,7268.622123294803
2449953.45224377,1995.6425797228474,7281.703302382482,0.0562728,62.2621,58.7109,111.7162,493.80516878817343,18.638399774941604,7268.518093262344
2449958.39044169,1995.65609977191,7281.6138049133315,0.0562911,62.2605,44.2203,113.0034,493.58745405957416,0.5677821124211277,7268.420175022559
2449965.97650648,1995.6768692853661,7281.505782049097,0.056237,62.2629,21.9632,114.8164,493.87944138400235,332.64665726815673,7268.33771269205
2449972.91830275,1995.6958748877487,7281.383189359449,0.0561503,62.2628,1.5941,116.5584,494.3950388619587,307.17754041046567,7268.255939347075
2449980.14621552,1995.7156638344145,7281.303210025566,0.0560731,62.2654,340.3916,118.35,494.88166699948124,280.6426196108076,7268.212200175747
2449987.08778733,1995.7346688222592,7281.256502582356,0.0560139,62.2661,320.0271,120.1014,495.2686289723588,255.1877239867099,7268.193222608858
2449991.66774473,1995.7472080622317,7281.207034154703,0.0559903,62.2649,306.5887,121.2154,495.39376795027056,238.34919759658277,7268.154855695421
2449998.96696876,1995.767192248487,7281.141527994026,0.0558984,62.2633,285.1677,122.9959,496.00106640560443,211.5143905446625,7268.1323066786845
2450006.83854891,1995.7887434603967,7281.0583733854055,0.055849,62.263,262.0684,124.957,496.2822442902034,182.61775425720953,7268.072299317212
2450014.42373809,1995.8095105765635,7280.939134139474,0.0557558,62.2609,239.8085,126.7802,496.8482479642198,154.70489243710313,7267.996606723855
2450020.29141335,1995.8255753958933,7280.874043874652,0.0556946,62.2632,222.5916,128.1882,497.23237635067017,133.1126574784089,7267.960047800095
2450026.23056333,1995.8418359023408,7280.8021541510925,0.0556674,62.2628,205.1636,129.6651,497.3625283151014,111.30777515729096,7267.900904590054
2450033.24291979,1995.8610346879948,7280.704605513429,0.0556178,62.2629,184.585,131.3827,497.6315329049039,85.53521232187961,7267.826523708552
2450040.18359754,1995.8800372280357,7280.62373483852,0.0555966,62.2633,164.217,133.116,497.70950930219715,60.059597907169916,7267.755618165954
2450045.4069023,1995.8943378570848,7280.5436582727,0.055551,62.2626,148.8863,134.4115,497.9658775119924,40.87617144950076,7267.696796932247
2450049.41376117,1995.9053080387957,7280.479146419552,0.0555306,62.2627,137.1264,135.3987,498.0534711313867,26.154206033561763,7267.64183885372
2450054.99463584,1995.9205876409032,7280.354284010712,0.0554461,62.2607,120.7438,136.779,498.5507323440261,5.651249274795873,7267.55626062911
2450062.93642294,1995.942331068966,7280.223624060994,0.0553692,62.2645,97.4361,138.7792,498.98716617563514,336.516115172194,7267.461328457716
2450070.80648778,1995.9638781321837,7280.116972326122,0.0553367,62.2668,74.3437,140.7865,499.1230234636023,307.6740724138994,7267.369851059935
2450076.10081769,1995.9783732174953,7280.067908700369,0.0552144,62.269,58.8082,142.0737,499.96702716222353,288.2075417017121,7267.377192540666
2450080.75119496,1995.991105256564,7280.02671797847,0.0551077,62.2678,45.155,143.2447,500.7048896121278,271.1418076369885,7267.385106690325
2450106.50667897,1996.061619928734,7279.909198099636,0.0547938,62.2666,329.5552,149.6408,502.8790094808046,176.55282565578807,7267.4114872293785
2450123.60507583,1996.108432788036,7279.814016168815,0.0545404,62.2665,279.3722,153.8332,504.6337478013611,113.70959630706056,7267.431867675834
2450143.34991266,1996.162491205093,7279.572637741907,0.0544261,62.2637,221.4116,158.8419,505.2375894029019,41.2966661665414,7267.242775079103
2450157.22783519,1996.200486886215,7279.378539142152,0.0542874,62.2663,180.6764,162.4199,506.0637046363263,350.46102096261177,7267.1118062924115
2450175.68325992,1996.2510150853393,7279.182047755984,0.0539984,62.269,126.5042,167.1275,507.98156386843675,282.80626927781475,7267.0459807967045
2450191.56310552,1996.294491733114,7279.101417221601,0.0537618,62.2669,79.8851,171.204,509.6275226492171,224.6120760789871,7267.071667443586
2450205.51139588,1996.3326800708555,7279.035961880144,0.053592,62.2684,38.9426,174.6952,510.8015666110632,173.4129744919708,7267.082235341344
2450218.60115435,1996.3685178763867,7278.960517885122,0.0533689,62.2676,0.5202,178.0312,512.3541019021623,125.42496450081961,7267.10629296618
2450235.33848247,1996.4143421833533,7278.819608011658,0.0532363,62.269,311.3884,182.2815,513.185883713666,64.04671399281858,7267.024479909944
2450250.21568631,1996.4550737475977,7278.681519827986,0.0530909,62.2692,267.715,186.1554,514.1134671269501,9.58385086480547,7266.950995388715
2450261.08724525,1996.484838453799,7278.599435018438,0.0530038,62.2697,235.8002,189.0122,514.6697062846079,329.8105566323245,7266.907523848684
2450274.96257638,1996.5228270400548,7278.531741955221,0.0528397,62.2704,195.068,192.6406,515.800008269829,279.0308655802879,7266.9122665355835
2450289.55295016,1996.5627733063932,7278.482121968217,0.0527166,62.2692,152.2359,196.4066,516.648991337267,225.58410969845187,7266.91683409677
2450302.64126337,1996.598607155017,7278.437892624833,0.0525022,62.2693,113.8167,199.7839,518.1675906986657,177.64202419390222,7266.96661147831
2450316.51616041,1996.6365945527991,7278.3840263290385,0.052339,62.269,73.0852,203.3693,519.3043847750023,126.82046099229791,7266.984076199601
2450334.25268705,1996.685154516222,7278.17760419679,0.0521753,62.2703,21.0171,208.0154,520.3002042445405,61.91687416013494,7266.849216406297
2450346.19580781,1996.7178529987953,7278.046205589452,0.0520565,62.2725,345.9572,211.1547,521.0402932881852,18.224820433733044,7266.769580746032
2450362.57237397,1996.762689593347,7277.885238666533,0.0518969,62.2746,297.8796,215.5496,522.0492562239797,318.40094639512495,7266.677941623471
2450379.59222538,1996.8092874069262,7277.8244463694045,0.0517154,62.273,247.9114,220.0446,523.312543995632,256.1525335065861,7266.695541124006
2450392.6072551,1996.8449206162898,7277.7762679877005,0.0515119,62.2735,209.7057,223.4978,524.7478846487447,208.57207813571375,7266.734897755321
2450409.48373009,1996.891125886625,7277.707036164527,0.0513108,62.2729,160.1597,227.9578,526.1457659732969,146.85218081493133,7266.751860469674
2450425.28716081,1996.934393321862,7277.56136429527,0.0512568,62.2717,113.7568,232.1126,526.4005569578603,89.02780412969213,7266.629466959387
2450443.66425351,1996.9847070595758,7277.337497999294,0.0511324,62.2736,59.8044,237.0896,527.0934661165948,21.939458552703854,7266.458963989841
2450465.54433938,1997.044611469898,7277.210192694578,0.0509234,62.2758,355.5626,243.1456,528.4936071679149,302.1880708367371,7266.420645544447
2450475.55469743,1997.0720183365647,7277.195112505314,0.0507926,62.2774,326.1733,245.8884,529.4311520338761,265.6750988367371,7266.460974355662
2450490.64164407,1997.1133241452976,7277.155520008473,0.0506609,62.2744,281.873,249.9916,530.3519719248752,210.60790769288712,7266.477063459917
2450507.44446217,1997.1593277540585,7277.082133255093,0.0505514,62.2736,232.535,254.438,531.079143504061,149.15500853891444,7266.449920816726
2450524.2468848,1997.2053302800823,7276.936333089641,0.050544,62.2735,183.1945,258.9702,530.9945630699585,87.78579917040355,7266.307447897008
2450536.68751363,1997.2393908655165,7276.834813921308,0.0505518,62.2746,146.6656,262.2751,530.8414157749203,42.29998841405575,7266.202794482839
2450551.63017872,1997.2803016528958,7276.678731681488,0.0505601,62.2743,102.7848,266.3298,530.6328273397985,347.7460049574787,7266.043446862869
2450564.42765246,1997.3153392264478,7276.595003819583,0.0505108,62.2757,65.2022,269.8191,530.9120689006531,301.0391784787936,7265.980582825805
2450575.50911763,1997.3456786245854,7276.535500925787,0.0504598,62.2748,32.6584,272.9326,531.2266748561715,260.68669514922897,7265.94260188857
2450589.5216394,1997.3840428183441,7276.472159912889,0.0504249,62.2755,351.5082,276.6418,531.4204788964971,209.43458539614437,7265.894008824873
2450599.45897862,1997.4112497703488,7276.424981933366,0.0504728,62.2728,322.3107,279.3675,531.0271391052402,173.16828267443907,7265.826782065066
2450613.18519459,1997.4488301015472,7276.344549108596,0.0504709,62.2729,281.9968,282.9786,530.9645910049912,122.93656344299416,7265.747264722257
2450624.69503867,1997.4803423372216,7276.286372646546,0.0505056,62.2731,248.1884,286.1014,530.6568636242082,80.90655860020547,7265.674588319579
2450639.99359155,1997.522227492265,7276.202340490734,0.0505802,62.2744,203.2537,290.2306,530.0342708682447,25.022402784585097,7265.559290128598
2450650.57375493,1997.5511944009033,7276.141087429654,0.0506068,62.2738,172.1768,293.1026,529.78257064632,346.38941567480504,7265.48692335092
2450662.6550206,1997.5842711036282,7276.0902042925145,0.0506316,62.2741,136.6872,296.3827,529.5538155048571,302.2723026938629,7265.425664281685
2450676.59482076,1997.6224361964687,7276.055915115243,0.0506499,62.2746,95.7394,300.1473,529.3881106202471,251.3496692712701,7265.383710696006
2450687.4606322,1997.6521851668717,7276.0153879647505,0.0506547,62.2721,63.8147,303.0416,529.3147112920124,211.6096399261893,7265.341219018792
2450698.32636074,1997.6819339103074,7275.965699889184,0.0507256,62.271,31.8882,305.9196,528.7516741828849,171.85159228934612,7265.261685926295
2450710.97899557,1997.7165749365365,7275.852796089228,0.0507918,62.2724,354.7141,309.2574,528.1628360408222,125.54452284683532,7265.120976161641
2450722.63056305,1997.7484751897332,7275.717282637294,0.0509047,62.2727,320.4807,312.3519,527.212777079827,82.92153169605626,7264.937874511529
2450734.56757763,1997.7811569544965,7275.440637309521,0.0510151,62.2682,285.3977,315.5259,526.1470056531116,39.24709638129036,7264.614808110658
2450746.50382312,1997.8138366136075,7275.14343670923,0.0510984,62.2713,250.3182,318.7695,525.2589473228863,355.64651910129254,7264.2826485831
2450757.6531934,1997.8443619258037,7274.8531851917605,0.0511233,62.2703,217.5426,321.7307,524.8023833492462,314.8430067106934,7263.982237456194
2450770.51706326,1997.8795812820263,7274.584971536546,0.0512734,62.2735,179.7246,325.3027,523.4559664569633,267.9180384705593,7263.650462108788
2450781.37945308,1997.9093208845443,7274.418699179118,0.0513227,62.2724,147.783,328.1758,522.9395906067575,228.1432815640821,7263.463390823361
2450794.81414909,1997.946103077591,7274.307855063852,0.0513981,62.2722,108.2754,331.6924,522.2859524984942,178.91069206726348,7263.320482549565
2450805.17577785,1997.9744716710477,7274.213649722862,0.0515501,62.2731,77.8047,334.4016,521.0909086582833,140.93649842279393,7263.161301033596
2450816.03740926,1998.0042091971525,7274.082967085688,0.0516522,62.2703,45.8581,337.2251,520.2242788531848,101.10788902511274,7262.986968773599
2450826.61275493,1998.033162915619,7273.822835659938,0.051828,62.2689,14.7451,340.0143,518.6988457333555,62.36075037718854,7262.651533483957
2450838.54501973,1998.0658316761944,7273.459839607903,0.0519324,62.2768,339.6473,343.1622,517.5953138334489,18.650096570026164,7262.244019821351
2450848.69026935,1998.0936078558523,7273.136637475721,0.0520732,62.2743,309.7901,345.84,516.2648387251193,341.4712718931506,7261.860383839652
2450858.62071786,1998.1207959421213,7272.990958642274,0.0521812,62.27,280.5638,348.4983,515.3412628311689,305.1155608363102,7261.668081945945
2450870.05100411,1998.1520903603282,7272.774177322783,0.0522242,62.2701,246.92,351.5047,514.8230641314422,263.2121702818193,7261.432958786406
2450903.76809127,1998.2444027139488,7272.196312448729,0.0525686,62.2717,147.6521,0.1869,511.77083337813747,139.39402297846198,7260.705842103096
2450918.62456932,1998.2850775340728,7271.510567027039,0.0526151,62.2544,103.8823,4.0091,510.7830113918544,84.8034877337627,7260.0008330506025
2450927.4799029,1998.3093221160843,7270.862571988347,0.0526735,62.2637,77.8015,6.3196,509.74449230271784,52.30513820961902,7259.328286160986
2450936.54853877,1998.3341506879399,7270.444180103336,0.0527771,62.2703,51.0841,8.6263,508.5949205656043,18.9561523416237,7258.865116794607
2450946.61560916,1998.3617128245317,7269.743394246806,0.0528751,62.2729,21.4036,11.2574,507.2186853016674,341.984383168632,7258.122383875611
2450956.53885011,1998.388881177577,7269.368088429342,0.0528688,62.2738,352.148,13.8235,506.9090208357884,305.5142760722555,7257.750448612076
2450965.39076139,1998.4131163898421,7269.212392424778,0.0528608,62.2739,326.0442,16.1252,506.8197099912895,272.9874996568088,7257.598519118844
2450977.81159441,1998.4471227773029,7269.036861690504,0.0529565,62.268,289.4056,19.31,505.9578111243909,227.29140017097183,7257.381154564415
2450990.16059665,1998.4809325028066,7268.87759277963,0.0530658,62.2661,252.9751,22.44,505.0124882167038,181.8193989896406,7257.173949533539
2451002.00941183,1998.5133727907735,7268.590615276809,0.0530628,62.2596,218.0143,25.4513,504.76254517649886,138.19139532157106,7256.888758102359
2451011.93020331,1998.5405344375365,7268.143361807994,0.053208,62.2648,188.7473,27.8882,503.2836898129135,101.58310248685277,7256.378060555174
2451026.48841633,1998.5803926525118,7267.344458770149,0.0532603,62.2642,145.7768,31.6095,502.14721269271286,47.984945095729756,7255.557298773034
2451037.61921949,1998.6108671307047,7266.460544717759,0.0533704,62.257,112.9045,34.4385,500.51033886195364,6.970832946337936,7254.626011129103
2451047.17880468,1998.6370398485415,7265.868742185526,0.0533267,62.2677,84.6753,36.9075,500.26763953162117,331.788454525069,7254.054555126432
2451059.01972886,1998.6694585321284,7265.196295882475,0.0533872,62.2665,49.6849,39.9657,499.19150819493825,288.1855284337874,7253.356366300706
2451069.29039169,1998.6975780744424,7264.913864944885,0.0534623,62.2699,19.3322,42.459,498.3785604230425,250.203093200725,7253.0410424847605
2451081.12935261,1998.729991382916,7264.537444735978,0.053426,62.2659,344.3307,45.4921,498.2859672135137,206.5659021502167,7252.681363909831
2451089.61551408,1998.7532252267763,7264.091173644236,0.0534282,62.2686,319.24,47.5821,497.8475576005367,175.20101836053533,7252.234844165609
2451098.9565782,1998.7787996665304,7263.562722560232,0.0534227,62.261,291.6065,49.8904,497.3872903017127,140.66902004906706,7251.709697829311
2451106.87057623,1998.8004670122652,7262.908401449652,0.0535201,62.2644,268.1953,51.819,496.06051751322684,111.38617558451472,7251.013161609936
2451117.70568283,1998.8301319173988,7261.859544850434,0.0534422,62.2632,236.1312,54.5661,495.6334946826282,71.38980973639053,7250.000641563664
2451127.68325954,1998.8574490336475,7260.511853545452,0.0534238,62.2591,206.5864,57.042,494.4914203840108,34.48674788687788,7248.663319148287
2451136.16191785,1998.8806623349758,7259.497524894879,0.0532737,62.2645,181.465,59.3896,494.62093160288623,3.356159408713438,7247.717162991843
2451141.50499412,1998.8952908805475,7259.24362227892,0.0533093,62.2673,165.6367,60.63,494.1221262457666,343.5019830028913,7247.447913688773
2451153.40056941,1998.927859190719,7258.235816164018,0.053343,62.2544,130.3571,63.5133,492.9234430223805,299.3810913412107,7246.426819876628
2451164.2257997,1998.9574970559884,7257.593978877903,0.0533051,62.2632,98.2565,66.1729,492.59090607441885,259.27045984415975,7245.802810130364
2451175.69077569,1998.988886449528,7257.150282361792,0.053279,62.2623,64.2438,69.0258,492.3602724678385,216.81047816988783,7245.3713846957035
2451184.66239858,1999.013449414319,7256.647959531555,0.0532664,62.2615,37.6226,71.2515,491.976146659963,183.57231084517838,7244.87545072719
2451194.5587804,1999.0405442310748,7256.22810330587,0.0532791,62.2607,8.2476,73.5863,491.48650056702536,146.7779768130604,7244.450658168075
2451203.38620116,1999.0647123919507,7255.5115309957555,0.0531976,62.2606,342.0405,75.8145,491.39943077445605,114.09853889771313,7243.771271132455
2451211.35804846,1999.086538120356,7254.7888840680735,0.0531811,62.2594,318.3643,77.8784,490.8349309455607,84.6289766718877,7243.057078919122
2451219.68497553,1999.109336004189,7254.415766886066,0.0531932,62.262,293.6296,79.9211,490.3938781149418,53.729738491971204,7242.679222987941
2451228.15332418,1999.1325210792056,7253.6522987951475,0.052755,62.2681,268.4624,81.9182,492.84957177220986,22.21301148601202,7242.109657235369
2451235.48150264,1999.1525845383712,7252.6879313633035,0.0530414,62.2609,246.688,83.8562,489.85890972068955,355.15376618638743,7241.021098011471
2451245.01371452,1999.1786823121693,7251.862963827584,0.0529913,62.2603,218.3358,86.2554,489.44101795250754,319.8055676190932,7240.219497606912
2451254.25949802,1999.2039958878033,7250.802334869246,0.0528195,62.2581,190.8271,88.4913,489.6822809426194,285.4198803907991,7239.235980522095
2451263.14805246,1999.228331423573,7250.032857503982,0.0526819,62.2637,164.3745,90.7274,489.9510515082429,252.44258751371007,7238.527944578988
2451272.74652002,1999.2546105955375,7249.594459831349,0.0526229,62.2681,135.8052,93.1205,489.9634755310899,216.80588560650415,7238.116011292295
2451284.6185441,1999.287114426009,7248.698509109362,0.0525286,62.2574,100.4444,96.1015,489.79822460376,172.72470663669577,7237.262600214916
2451294.49839463,1999.3141639825596,7248.09291347776,0.0524789,62.2644,71.0123,98.453,489.58467028065206,135.90626627852023,7236.679600945337
2451303.66646546,1999.339264792498,7247.514169684961,0.0524073,62.2549,43.6894,100.6862,489.55522034003025,101.78027470075682,7236.132906787133
2451313.6141667,1999.3665001141678,7246.101167278372,0.0522605,62.2617,14.0338,103.1241,489.2799972258199,64.75785889956579,7234.785819872159
2451323.13299052,1999.3925612334565,7244.997054108029,0.0521703,62.2678,345.6466,105.7712,488.8870842960969,29.63575595566465,7233.722473885381
2451330.37717599,1999.4123947323478,7244.011003966144,0.0520121,62.2618,324.0196,107.5063,489.09847922675635,2.6037963547994423,7232.80626245793
2451341.59516847,1999.443107921889,7242.200118791163,0.0517267,62.2661,290.5216,110.226,489.4487059064877,320.7687481199776,7231.120845669533
2451349.89985814,1999.4658449230387,7241.252641755233,0.0515772,62.2746,265.7138,112.4588,489.63280600089456,290.0084277060327,7230.238796124503
2451359.62211414,1999.4924630092814,7240.1000667858625,0.0513561,62.2607,236.6418,114.8491,490.14046374600093,253.7442166586533,7229.182237981091
2451368.632681,1999.5171325968515,7239.203759319075,0.0512184,62.2687,209.694,117.2175,490.2870254927675,220.28376513342445,7228.345776790666
2451379.55730551,1999.5470425886658,7238.645797947815,0.0510835,62.2699,177.0091,119.9114,490.7341353283473,179.52516808033923,7227.845800497266
2451389.48763987,1999.5742303624095,7238.03692613746,0.0509526,62.2595,147.2872,122.3619,491.1038258547478,142.4661695326204,7227.293141728217
2451398.63606333,1999.59927738078,7237.00496938864,0.0507935,62.2558,119.8982,124.6665,491.27585747599824,108.36484291921929,7226.329734709886
2451410.05149398,1999.6305311265708,7236.016929808126,0.0506536,62.2614,85.7102,127.5307,491.35032265239806,65.78969443450632,7225.401901292235
2451416.99860062,1999.649551267953,7234.940336619367,0.0502204,62.269,64.9111,129.608,493.46243893820883,40.22064353690834,7224.5077458380665
2451425.36089911,1999.6724459934562,7233.186506745987,0.0502103,62.2582,39.8162,131.5267,491.8697422863179,8.802342355785783,7222.7606420413695
2451431.3124067,1999.6887403331966,7232.621498271473,0.0501306,62.2645,21.9651,132.9481,491.9095429902245,346.5066800491784,7222.229535400069
2451439.74258836,1999.7118209126895,7231.944135109554,0.0499244,62.2633,356.6646,135.0717,492.75736333069017,315.0207714317577,7221.63849693221
2451451.64186814,1999.744399365202,7230.971321768954,0.0497511,62.2648,320.9471,138.2434,493.0862444424938,270.74672852722847,7220.738520889768
2451462.90163972,1999.7752269396851,7230.182337484856,0.0495085,62.2637,287.1322,141.0632,494.0905552294871,228.6537017133871,7220.050247208003
2451472.53079225,1999.8015901225183,7229.224689948504,0.0493227,62.2619,258.2007,143.5498,494.5235093335805,192.7180558933891,7219.16987781995
2451481.59209825,1999.8263986262834,7228.524753710744,0.049143,62.2613,230.9685,145.8509,495.15706173913713,158.85589453793463,7218.54407891229
2451492.27972378,1999.8556597502538,7227.478086033663,0.0486644,62.2621,198.8603,148.9512,497.6209014636861,119.31398990860322,7217.692382183301
2451502.53950677,1999.8837495051887,7225.544324402053,0.0484717,62.2596,167.9673,150.9105,497.1736075729332,80.26797813203638,7215.838601991044
2451513.00609215,1999.91240545421,7222.602139400438,0.0480851,62.2633,136.4506,153.8306,497.1662932671543,41.355236484372966,7213.054586951391
2451520.3575691,1999.9325327011632,7220.965704184185,0.0477396,62.2603,114.2812,155.7444,498.103389852713,13.853827581237397,7211.557059643204
2451530.74514186,1999.9609723254212,7219.335480024973,0.0474633,62.2603,82.94,158.4938,498.54569433590314,335.02376284836373,7210.037580270657
2451538.65681885,1999.9826333164954,7217.921599109512,0.0471939,62.2558,59.0519,160.5055,499.1434289532972,305.34940606163525,7208.730799557584
2451544.5895794,1999.9988763296376,7217.499413774712,0.0469128,62.2557,41.1251,161.9958,500.7700072761818,283.06542133045673,7208.418356835103
2451550.66313203,2000.0155048104862,7217.23960516285,0.046922,62.2549,22.7782,163.7501,500.45598840939874,260.4865682250009,7208.155311464802
2451561.53798191,2000.0452785267903,7216.57744600046,0.0467208,62.257,349.9131,166.6627,501.27687446136224,219.81553035548376,7207.57175432184
2451573.32907226,2000.0775607727853,7215.891296309832,0.0464572,62.2554,314.2639,169.7508,502.5248911789067,175.63282179729066,7206.987832222773
2451583.28323914,2000.104813796414,7215.30520236033,0.0464804,62.2521,284.1576,172.4873,501.79863043254136,138.45193329099772,7206.393563312632
2451593.09387098,2000.1316738425194,7213.754656348238,0.0458881,62.25,254.4717,175.0936,504.5928613022643,101.70271669302724,7205.070660879008
2451602.05479974,2000.1562075283784,7212.058771898472,0.0455246,62.2574,227.3463,177.5668,505.5963811313022,68.21838978378378,7203.5138813226395
2451607.34434941,2000.1706895261052,7209.988208800477,0.0452771,62.2587,211.3163,178.9148,505.404551671797,48.32287060213304,7201.538443696691
2451615.87374656,2000.1940417428061,7207.039758643698,0.044883,62.2616,185.443,181.2025,505.42989315649356,16.33047258977723,7198.739908747561
2451620.87680121,2000.207739359918,7206.123537355463,0.0444969,62.2584,170.2421,182.5538,507.33707892611073,357.5497304295787,7197.96696743991
2451627.71049382,2000.2264489906086,7205.004060452295,0.0445682,62.2588,149.488,184.5437,505.75369848524406,332.05006338090703,7196.8225901348615
2451635.66866574,2000.248237277865,7203.215532802345,0.0441819,62.2568,125.2971,186.6272,506.8274844536245,302.0988799686177,7195.177330506882
2451644.96157873,2000.273679887009,7201.355381975097,0.0439012,62.2599,97.0232,189.2077,507.07093907993203,267.2461406767691,7193.421084713305
2451652.84421475,2000.295261368241,7200.431631718355,0.0436222,62.2561,73.0228,191.3099,508.19666299321034,237.57860743327655,7192.598907685041
2451661.49943981,2000.3189580829842,7199.5641527037715,0.0434674,62.2551,46.6683,193.6264,508.48151785253503,205.0097901257294,7191.787880720338
2451671.63048367,2000.3466953693912,7198.680512653822,0.0432417,62.2606,15.8057,196.4623,509.2610295297991,166.99766701914402,7190.9857628484515
2451679.86073202,2000.3692285613138,7198.0339604439705,0.043101,62.2519,350.7191,198.7821,509.65519871487413,136.1189179270188,7190.389910125405
2451685.41684903,2000.3844403806438,7197.027809323351,0.0429431,62.2627,333.7761,200.3289,509.82882440479716,115.24646296819873,7189.4407469877715
2451693.36212767,2000.406193368022,7195.512144127815,0.0427531,62.2572,309.546,202.484,509.7453938787039,85.34038751202934,7187.993680532133
2451703.27379138,2000.4333300243127,7194.568287774717,0.0424197,62.2568,279.2814,205.2471,511.2405593777994,48.06969124741528,7187.167644891585
2451714.16673466,2000.4631532776455,7193.102215052841,0.0422289,62.2563,246.0142,208.3278,511.20912092359595,7.146820047594929,7185.769517240918
2451724.00300447,2000.490083516687,7192.095822409079,0.0420757,62.2613,215.9625,211.0351,511.34705621414105,330.10753399269777,7184.817270569011
2451730.95765352,2000.5091243080635,7191.708056231903,0.0419266,62.2535,194.6944,213.0619,512.0478892414903,304.0115490971698,7184.4814068083
2451737.84159444,2000.5279715111292,7191.433622351856,0.0417873,62.2539,173.6492,214.9946,512.7867281445524,278.11405599349695,7184.255205749839
2451744.44377297,2000.546047290814,7190.624948416773,0.0414865,62.2578,153.4652,216.8561,514.1747864942809,253.28427530700543,7183.550339152373
2451753.7135283,2000.5714264977416,7189.9271812526395,0.0414351,62.2572,125.1092,219.4792,513.8755295047185,218.41486081297427,7182.870782667584
2451762.20974643,2000.5946878752366,7189.501609300537,0.0413019,62.2628,99.1173,221.8304,514.4252327833674,186.40006491482978,7182.490937285299
2451770.14338489,2000.6164089935392,7188.8063117586835,0.0411789,62.2622,74.8306,224.0309,514.6428755274037,156.4942623259152,7181.838023266126
2451780.67266275,2000.6452365852153,7187.707636931874,0.0409719,62.2615,42.5973,226.9873,515.0772984022651,116.83942932249386,7180.81030884431
2451790.28736336,2000.6715602008492,7186.652555381028,0.0408301,62.2597,13.1434,229.6596,515.0845128795654,80.581327694288,7179.8039092269255
2451798.21567922,2000.6932667466665,7185.349214477162,0.0405774,62.261,348.839,232.128,515.6501252616363,50.93097120007508,7178.586335937438
2451804.87963463,2000.7115116622313,7184.538816149286,0.0404239,62.259,328.4043,234.2056,515.9754374991489,26.005701596778636,7177.827782227633
2451816.03049135,2000.74204104408,7183.14212314778,0.0402187,62.2514,294.1929,237.3804,516.109185039536,343.9785241312013,7176.500364474565
2451823.60232237,2000.762771587597,7181.673439017114,0.0400422,62.262,270.9467,239.4921,515.9671348373031,315.3810284650705,7175.091213327077
2451828.57903617,2000.7763970873925,7181.093184232959,0.0399179,62.2582,255.655,241.0198,516.3027246140664,296.7118485386602,7174.552303006826
2451838.39063474,2000.8032597802594,7180.0309443850865,0.0397065,62.2585,225.5102,243.7727,516.8007456918604,259.64937910659074,7173.5601397074715
2451846.30856023,2000.8249378787948,7179.280439890197,0.0395888,62.2613,201.1738,245.9919,516.9250424114725,229.7280636338354,7172.848625768721
2451855.90585629,2000.8512138433673,7177.87701583516,0.0392732,62.2584,171.6535,248.9629,517.8425162168624,193.71941638777741,7171.548612312763
2451865.08024022,2000.8763319376312,7176.728653604797,0.0390485,62.2596,143.417,251.5497,518.3518647745095,159.02720245273287,7170.473482844911
2451872.99252179,2000.8979945839558,7175.632912389894,0.0389753,62.2608,119.0566,253.8251,517.8241669396239,129.14364977591174,7169.402130527947
2451878.9422712,2000.9142841100615,7173.807223428146,0.0387774,62.2605,100.7252,255.6218,517.4893312023842,106.74472037781493,7167.64114503466
2451889.15787046,2000.9422528965363,7172.038822623962,0.038551,62.2628,69.2221,258.7681,517.4132539729853,68.31915724697893,7165.946059926359
2451900.06945415,2000.9721271845306,7170.18065147116,0.0383823,62.2584,35.5429,262.0778,516.8363266521983,27.194913568977086,7164.142677791327
2451908.94848124,2000.996436635838,7167.854593806013,0.0381085,62.2596,8.1142,264.7598,516.5621070179568,353.69681109830566,7161.904414248548
2451917.40483227,2001.0195888631622,7166.509934229413,0.0379391,62.2622,341.9679,267.196,516.4826971836901,321.65190926160517,7160.613659225094
2451929.2822038,2001.0521073341547,7165.165304425469,0.0377485,62.2574,305.2174,270.7119,516.5547619313647,276.71065970426787,7159.329237771461
2451940.24857131,2001.0821316120744,7164.069130788652,0.0375655,62.2608,271.2679,273.9826,516.8109918560103,235.22311965319852,7158.290413304784
2451950.1654285,2001.1092824873379,7163.429501212114,0.0374519,62.2542,240.5524,276.7827,517.0091558756676,197.533404558367,7157.686204483489
2451961.89629484,2001.1413998489807,7162.657653647524,0.0374401,62.2585,204.2124,280.3794,516.3507348291951,153.22785436700207,7156.918594967596
2451970.76284771,2001.1656751477342,7161.887260617276,0.0373992,62.2574,176.7288,283.1072,515.9021065799989,119.73294681566972,7156.161353604122
2451981.79152657,2001.1958700248322,7160.698781653922,0.0372898,62.2637,142.5385,286.207,515.5414562258038,77.77229106038453,7155.007279059194
2451990.02604345,2001.218414903354,7159.458743122895,0.0372146,62.262,116.9908,288.8174,514.8860497810738,46.71883479261356,7153.791161227994
2451999.44334396,2001.2441980669685,7156.677706903376,0.0370126,62.2618,87.7471,291.5878,513.6541576088448,10.963595891369835,7151.073680752754
2452005.85686812,2001.2617573391374,7153.977701289527,0.0366794,62.2363,67.8157,291.4694,513.437791592848,344.59245791056065,7148.476224987863
2452012.75549466,2001.280644749241,7152.277174964242,0.0365612,62.2611,46.3266,295.2923,512.6450387149389,320.12679027328244,7146.812408190334
2452020.27901648,2001.3012430293768,7151.409864690807,0.0365114,62.2578,22.8922,297.648,512.1655785571347,291.63270942437805,7145.960640018767
2452029.19412434,2001.3256512644493,7150.397592391404,0.0364325,62.2564,355.1105,300.2388,511.7544321066043,257.6548447982789,7144.972668180032
2452036.85419809,2001.3466234033945,7149.7708645881075,0.036375,62.2571,331.2278,302.3926,511.5616493887146,228.37597477801978,7144.363529605266
2452047.92507975,2001.3769338254617,7149.193637132709,0.0363829,62.2561,296.7057,305.7136,510.9489399522736,186.26312283377706,7143.784389218652
2452057.25433181,2001.4024759255576,7148.738016328152,0.0364088,62.2597,267.6056,308.404,510.32474363926394,150.6582667992435,7143.321407313025
2452068.67093077,2001.4337328700074,7148.1810275541475,0.0365133,62.2563,231.9835,311.7655,509.04104924075455,107.14516679731332,7142.733696128228
2452078.06757169,2001.4594594707455,7147.4791898914755,0.0364978,62.2542,202.6584,314.5217,508.47562391465453,71.31469053157412,7142.037018007725
2452085.58355969,2001.480037124408,7146.502125006266,0.0364625,62.2537,179.1925,316.6593,507.7864912732257,42.578435213098885,7141.071220678691
2452094.41991503,2001.5042297468303,7145.526573855959,0.0364245,62.2533,151.5875,319.2384,507.11804116654275,8.843191141080297,7140.1077264781525
2452106.24560471,2001.5366067206303,7144.4527474613005,0.0364445,62.2569,114.6342,322.7376,505.94043930644693,323.73338057312105,7139.028761218583
2452115.63486304,2001.562313108939,7143.824963038468,0.0364211,62.2526,85.2747,325.4198,505.5026996771476,287.8017807819851,7138.408417716995
2452125.16232413,2001.5883978757838,7143.5142241928,0.0364308,62.2561,55.4794,328.1648,505.1339861940769,251.36096471779598,7138.095028229997
2452136.07987858,2001.6182885108278,7143.116468299451,0.0365076,62.255,21.3254,331.2554,504.2021295213626,209.53693610202032,7137.674696250246
2452147.90022725,2001.6506508617388,7142.569460174954,0.036601,62.2534,344.3397,334.7131,503.0079753630898,164.3584897740625,7137.10021920625
2452158.11996605,2001.6786309816569,7141.7790529012145,0.0366931,62.2549,312.3566,337.604,501.588739935205,125.19344660355398,7136.282852855541
2452166.59994188,2001.7018478901573,7140.576210595955,0.0366908,62.2528,285.8001,339.9979,500.44645696822045,92.67275954334968,7135.081625326506
2452174.93832149,2001.7246771293355,7138.827344616093,0.0366217,62.2508,259.6687,342.4258,499.25505124976553,60.75073343917143,7133.354782441251
2452181.53650077,2001.7427419596718,7136.119069226796,0.0364019,62.2523,238.9733,344.3556,498.214476480709,35.48179451814417,7130.714071423359
2452188.13014708,2001.7607943794112,7132.588894487629,0.0360049,62.2512,218.2586,346.293,497.6444446004907,10.205623411971601,7127.303796267197
2452196.52251438,2001.7837714288296,7129.174592201703,0.0356338,62.2513,191.852,348.6415,496.9987106181052,337.87578562130716,7124.000386357759
2452204.21615545,2001.8048354700886,7126.245265123917,0.0356227,62.2433,167.5928,350.8688,494.2528679179877,308.2608307681055,7121.076407925746
2452211.07333315,2001.823609399452,7123.232183298692,0.0352482,62.2436,145.9461,352.7527,494.01477065534345,281.73941619734626,7118.173603354688
2452220.97227158,2001.8507112158243,7120.3860119054425,0.0347896,62.2428,114.6555,355.5059,494.53433070565734,243.44536230329373,7115.460208818443
2452228.99842432,2001.8726856244216,7118.754472648055,0.0350639,62.2482,89.2549,357.9336,491.00687769457,212.56167520819787,7113.751813948846
2452236.74522369,2001.893895205174,7117.1564068383905,0.0349778,62.2484,64.7189,0.1444,490.0776334712782,182.60102613733946,7112.179410160975
2452244.14383975,2001.914151511978,7115.803494048485,0.0349732,62.2448,41.2612,2.2409,488.80477529042764,153.94755568791135,7110.8287525350015
2452252.57672408,2001.9372394909785,7113.586954254456,0.0348919,62.2436,14.5098,4.6779,487.2440896053049,121.32148324773408,7108.636863238823
2452260.93600707,2001.9601259604924,7110.720649820078,0.0346866,62.2401,347.9543,7.1422,485.9376269280283,88.99115422269631,7105.830625122867
2452268.87522775,2001.9818623620802,7106.848796193078,0.0343407,62.2388,322.6959,9.5418,484.6583337376496,58.30724965110801,7102.058447693797
2452274.53155936,2001.997348554032,7103.095996362051,0.0339858,62.2389,304.6668,11.2241,483.55529644888975,36.385420548454874,7098.406651560523
2452282.25007792,2002.0184807061466,7098.498712220608,0.0336201,62.2363,280.0089,13.5969,481.71017566587943,6.492745787234924,7093.912737091479
2452291.20118188,2002.0429874931697,7094.293641464894,0.0331139,62.2204,251.3608,16.2313,481.2376112507891,331.65660245894213,7089.847391594782
2452301.52026434,2002.071239601205,7090.143568612269,0.0329109,62.2321,218.2537,19.3303,478.6642626400271,291.47774356622693,7085.754247661503
2452310.04406798,2002.0945765037093,7087.073561888128,0.0327175,62.2338,190.8622,21.724,477.06593262705337,258.0786586646832,7082.737566900526
2452316.98312823,2002.1135746152775,7084.97463850947,0.0326827,62.2299,168.5322,23.4816,475.28223789145704,230.66693850011922,7080.649146125442
2452325.22360526,2002.1361358117995,7082.534505432007,0.032548,62.2306,141.9903,25.8447,473.87587234920557,198.3661077521603,7078.246079712064
2452334.7630267,2002.162253324298,7079.081231269146,0.0322905,62.2305,111.2205,28.569,472.3578587708498,160.91830325267566,7074.86246505876
2452341.96385316,2002.1819681126897,7075.871096329474,0.031978,62.231,87.9496,30.6361,471.46259041105077,132.61717943170166,7071.735485519467
2452349.91321489,2002.203732278959,7071.990211309847,0.031659,62.2275,62.2201,32.9504,469.9617732099887,101.36687957471491,7067.938940276044
2452358.74487231,2002.2279120391793,7066.8619357563175,0.0312134,62.2285,33.5708,35.6096,468.14484741078195,66.6720658954919,7062.926784631905
2452366.33696857,2002.2486980659,7063.0863654107125,0.0308557,62.2257,8.8872,37.8659,467.0135914455086,36.76179627595944,7059.2429625513705
2452376.2458323,2002.2758270562624,7058.428684604726,0.0304257,62.2247,336.607,40.7416,465.5347509755484,357.59085974556365,7054.694142844733
2452384.16549999,2002.2975099246814,7054.329744059277,0.0302307,62.2241,310.7504,42.7973,462.9361178655445,325.98412711470263,7050.6450690130205
2452391.3973746,2002.3173097182757,7052.0289183013965,0.0300202,62.2208,287.0996,44.6139,462.18929976820436,297.022001420775,7048.396573260932
2452399.98985418,2002.340834645256,7049.910934825328,0.029876,62.2233,258.9714,46.8943,461.15149573648614,262.70522770780616,7046.3144885554875
2452408.85057221,2002.3650939690892,7047.221881970382,0.029742,62.2204,229.9309,49.2466,459.487108756819,227.28367112791284,7043.6589905724095
2452414.77803612,2002.381322480821,7046.138469140245,0.0296148,62.2236,210.4868,50.8974,459.3321876043501,203.64810690442846,7042.606536769634
2452422.06605155,2002.4012759796035,7044.526433079303,0.029554,62.2223,186.5646,52.8928,458.1961988760777,174.53804734270943,7041.009795574693
2452429.9637768,2002.4228987728948,7042.152916538138,0.0293148,62.2219,160.6154,55.0285,457.5773122204055,142.94034175784802,7038.694149802074
2452439.82987513,2002.4499106779745,7038.859681119067,0.0290399,62.2198,128.1516,58.073,456.3155998653374,103.7967559291601,7035.467078460683
2452447.51414822,2002.4709490711018,7036.452780330798,0.0288376,62.2213,102.8323,60.2256,455.4020696327307,73.05623440333056,7033.108433027427
2452459.20274158,2002.5029506956334,7032.912750138749,0.0285528,62.2242,64.2658,63.6201,453.9670989665874,26.363649571991118,7029.635795111339
2452469.18650341,2002.5302847458177,7030.92301436901,0.0283714,62.223,31.2729,66.4273,453.3095851591406,346.3376915056688,7027.688487526068
2452479.03100961,2002.557237534866,7029.417653957187,0.0282504,62.2217,358.7158,68.9978,452.69749346583467,306.6480874482356,7026.211349224563
2452488.93945973,2002.5843653928266,7027.207870469139,0.0280346,62.2212,325.9166,71.5222,452.06660870368523,266.6072585824003,7024.051364297466
2452494.84164801,2002.6005247036553,7026.212926935878,0.0279509,62.2215,306.3657,73.0664,451.68765203638577,242.78320668411857,7023.075688134226
2452502.7772238,2002.6222511260776,7024.673810248972,0.0277894,62.2201,280.0627,75.1521,451.3260398664388,210.74439461206413,7021.573405863072
2452510.98019128,2002.6447096270504,7021.958511945279,0.0276315,62.215,252.8373,77.4089,449.7949653224623,177.69073426188032,7018.894431188173
2452518.90802555,2002.6664148543468,7019.9834950897575,0.0273711,62.217,226.5029,79.4913,449.70252484730645,145.62485243513072,7016.977749039481
2452526.35802851,2002.6868118508148,7017.407927339585,0.0271876,62.2185,201.7255,81.7115,448.4851475742471,115.72473370665818,7014.443442554821
2452534.27615642,2002.7084905035451,7013.234273072052,0.0267376,62.2167,175.3488,84.2114,447.5809203723602,84.04361872372431,7010.368830625968
2452542.18777691,2002.730151339932,7009.844926079559,0.0264824,62.2186,148.9437,86.4041,446.07110880914934,52.033317624501706,7007.035288341738
2452552.05337506,2002.7571618755926,7005.992734924606,0.0260741,62.2186,115.9607,88.9934,445.18147975490865,11.91582478665697,7003.270575393957
2452557.45544053,2002.7719519247914,7003.463504966025,0.0258148,62.2166,97.8715,90.6191,444.53419527802725,350.1279070750676,7000.796189498078
2452566.36150916,2002.7963354118006,6998.432705486892,0.0253118,62.218,67.9952,93.0174,443.1534765321485,313.8718517518141,6995.870178538716
2452573.9111199,2002.8170051195077,6994.838049488324,0.0249331,62.2187,42.6112,94.9839,442.29875291662665,283.01325697723723,6992.3529141805275
2452582.1288365,2002.8395040013688,6991.630319315305,0.0246118,62.2199,14.9409,96.9564,441.41741222238124,249.2158595071941,6989.209939360053
2452588.7254764,2002.8575646171116,6988.894010197106,0.0242358,62.2226,352.6926,98.5907,441.3762727447702,222.1000378398403,6986.5479464956
2452594.91507821,2002.8745108232995,6986.691105245354,0.0240524,62.2181,331.7924,100.3605,440.5081161055514,196.86900361214424,6984.381146734504
2452604.53072669,2002.9008370340584,6983.927685282764,0.0237486,62.2208,299.2805,103.0306,439.9328802560576,157.54976773896158,6981.676609018719
2452613.33510549,2002.9249421094864,6981.805318434748,0.0235016,62.2172,269.4786,105.4235,439.5854225630219,121.4629405848645,6979.601499256397
2452623.20893909,2002.9519751925802,6978.373921312893,0.0231498,62.2161,236.0129,108.4284,438.689660709284,81.27023067114038,6976.236645563422
2452630.12189217,2002.9709018266121,6974.4625324773815,0.0227471,62.2177,212.5409,110.4937,437.6774358048651,53.04994241966398,6972.400132318604
2452638.03423275,2002.992564634497,6970.144205531737,0.0222632,62.2162,185.6204,112.2377,436.83019105514177,20.074831581040428,6968.16985152525
2452644.40034397,2003.0099940971113,6968.110325235238,0.0219511,62.2145,163.9221,113.7653,437.0163386749664,353.6295250399048,6966.191504528553
2452651.9011487,2003.0305301812461,6964.651374448996,0.0215897,62.2151,138.329,115.9677,436.150340670054,322.84583475138686,6962.796143698055
2452657.2551752,2003.0451887069125,6962.1086020524635,0.0212797,62.2158,120.029,116.8822,435.82071963336784,300.18326551146583,6960.3069293633
2452664.81396787,2003.0658835533745,6959.915324733585,0.0209884,62.2167,94.1667,118.6387,435.7015379319464,268.62732078513415,6958.163197764808
2452674.04128046,2003.0911465584122,6958.103189073429,0.0206892,62.2162,62.5624,121.0497,436.00930057405185,230.33933897158607,6956.4011087408835
2452682.93071651,2003.1154845078986,6956.169748359356,0.0203911,62.2171,32.0881,123.3165,436.18949540358517,193.3701771565365,6954.516827223909
2452692.35085802,2003.1412754497471,6954.403668569273,0.0201458,62.2176,359.7642,125.8968,436.1653431430095,154.34183809104178,6952.790689770876
2452700.29891332,2003.1630360392062,6953.163824426843,0.0199742,62.2177,332.4738,128.0737,436.1436395649762,121.39452588577171,6951.578492024255
2452710.11214218,2003.189903195565,6949.806094881075,0.0195992,62.2166,298.7414,130.9384,435.4591552662814,80.85464959662329,6948.280472393483
2452718.11723219,2003.2118199375495,6946.733542113452,0.0192829,62.2164,271.1786,133.5056,434.64407389423286,47.969022482155765,6945.257421317807
2452726.05121091,2003.2335419874335,6944.646763954387,0.0188931,62.2146,243.8212,135.6361,435.3045581783208,14.922184523943997,6943.230149132395
2452730.91570126,2003.2468602361666,6941.83587670711,0.0186416,62.2158,227.0308,136.803,434.2926490278869,354.50411498001597,6940.457287077612
2452739.23870317,2003.2696473734973,6937.795703047494,0.0180721,62.2162,198.2453,139.0313,434.27886532244884,319.7435455410005,6936.500818349906
2452749.08665447,2003.2966095947154,6935.405040911373,0.0175959,62.2133,164.1424,141.8298,435.23404735200074,278.7327459024199,6934.17792505347
2452760.52500577,2003.327926093826,6932.183921851269,0.0171788,62.2136,124.4711,145.0507,434.9610206945699,231.00840622267015,6931.014839398448
2452765.90893393,2003.342666485777,6931.019373575523,0.0170154,62.2126,105.7757,146.5856,434.94900652638535,208.5413651202309,6929.872619382001
2452775.07875316,2003.367772082573,6929.370625102273,0.0167493,62.2132,73.9127,149.4088,435.1722176912481,170.46355027366212,6928.259724568921
2452783.71399282,2003.3914140802742,6927.420137237557,0.016494,62.2196,43.8905,151.9993,435.0229694939608,134.52073110131786,6926.343149446607
2452792.54423033,2003.4155899529906,6925.088104725366,0.0160631,62.2193,13.1473,154.5066,435.7134219903519,97.58151692339626,6924.067000683605
2452800.10984513,2003.4363034774258,6923.389374990714,0.0157992,62.2156,346.7851,157.1474,435.8690615773603,66.40324812671236,6922.401790788372
2452807.07452218,2003.4553717239698,6920.460433703758,0.0153655,62.2176,322.4879,159.2991,435.9877989096831,37.39317937082501,6919.526723060728
2452816.2874446,2003.480595330869,6916.709996748306,0.0148764,62.2133,290.2873,162.3313,435.6779521526796,359.1442808871582,6915.835259117571
2452824.16946524,2003.502175127283,6914.029896662471,0.0145156,62.2153,262.6976,164.7961,435.5323042944774,326.25065417814426,6913.197399429534
2452831.05457139,2003.5210255205754,6912.270844509879,0.0141876,62.2139,238.5725,166.8663,436.0660106763107,297.4096125928687,6911.475748995607
2452837.87112347,2003.5396882230525,6910.776817071626,0.0139196,62.216,214.6672,169.3026,436.44526808871615,269.22203970112486,6910.011642793473
2452846.670292,2003.5637790335381,6909.35457093629,0.0137682,62.2168,183.7897,172.2061,436.08889533272486,232.57534792625495,6908.60610609207
2452852.75544132,2003.5804392643945,6908.452186005128,0.0135431,62.2188,162.4072,174.1297,436.7540272048418,207.11876481794292,6907.728090338719
2452861.55042376,2003.6045186139904,6907.109024234233,0.0133156,62.2162,131.5146,176.736,437.00042331114037,170.1638989634822,6906.409188289068
2452870.54095501,2003.6291333470497,6905.534277252023,0.0130187,62.2144,99.9002,179.4672,437.49689815676084,132.41939506214032,6904.865455715509
2452878.14014502,2003.6499387954007,6903.6117158179295,0.0127468,62.2161,73.1612,182.2664,437.47645799874135,100.98963365575969,6902.970719147451
2452887.91472403,2003.676700134237,6900.333192136028,0.0123436,62.2169,38.7058,186.0948,437.02193934557727,60.72855167467807,6899.732392206688
2452896.164806,2003.6992876276522,6897.6769706358855,0.0118184,62.2179,9.5956,189.3788,438.02116512612247,26.770854045216936,6897.126422657854
2452902.10219787,2003.7155433206574,6895.765011880189,0.0115975,62.2153,348.6178,190.8352,437.6550771549082,1.397404563305372,6895.234999901592
2452908.1026623,2003.7319716969205,6893.527185315958,0.011224,62.2161,327.3938,192.719,438.0179361879718,336.1429891086076,6893.030923929629
2452915.02270699,2003.7509177467218,6891.190653296581,0.0108894,62.212,302.8874,195.165,438.0134217965733,307.2620111801591,6890.7236981627075
2452922.79546225,2003.7721983908275,6888.814067057054,0.0106113,62.2126,275.3298,197.7944,437.57849434729087,274.6727793020666,6888.370811611645
2452928.85325956,2003.7887837359622,6887.294953900659,0.0104276,62.212,253.8321,200.3403,437.3406970393644,249.7502550536152,6886.867007399388
2452934.77713356,2003.805002419055,6885.478852054304,0.0102794,62.2111,232.7919,202.5128,436.5639607424964,225.0438291402303,6885.063093239255
2452944.31364425,2003.8311119623543,6878.167420897039,0.0101051,62.2165,198.8557,205.5492,430.52655129213235,184.74459355243675,6877.766068899637
2452956.39591564,2003.86419141859,6873.514358075326,0.0094188,62.2102,155.7051,210.654,430.63780103948557,134.79018930754603,6873.16590828941
2452966.23715504,2003.8911352636271,6868.283722019906,0.0093166,62.2103,120.481,213.292,426.15836989533545,92.50430509424757,6867.943052595939
2452974.88599283,2003.914814490979,6862.412987006811,0.0083517,62.21,89.4396,219.1849,426.9638724632259,58.83128324748725,6862.139463242353
2452981.16930574,2003.932017264175,6859.046177262828,0.0079573,62.2111,66.8263,222.7038,426.3303891164942,33.5438848969946,6858.79799940341
2452987.12210475,2003.9483151396305,6857.249142058059,0.0076921,62.2102,45.376,225.1418,426.3661959324345,8.664349733045015,6857.017291988877
2452994.05338634,2003.9672919543873,6855.190318548935,0.0074489,62.2111,20.3774,227.9793,425.9903913850958,339.671596420615,6854.972962906061
2452999.93460051,2003.9833938412326,6851.695683132012,0.0071838,62.2096,359.13,229.8283,424.33817168352834,314.4765171563017,6851.493626418193
2453008.35743639,2004.0064543090764,6847.802512897487,0.0068948,62.2094,328.6471,232.583,422.4519841315614,278.44654873252284,6847.616492337089
2453016.64425655,2004.0291423861736,6845.332505296156,0.0066503,62.2104,298.6108,235.8591,421.67269053618566,243.51864097752377,6845.15950649649
2453023.68755091,2004.0484258751808,6842.72082564038,0.0065296,62.2081,273.0468,238.284,419.9042957372785,213.43748493488243,6842.554113243427
2453031.57336319,2004.0700160525396,6839.416189026073,0.0063062,62.206,244.3808,241.7171,418.1491626548368,180.4321210857811,6839.26076428063
2453038.34749394,2004.0885626117454,6837.699280026883,0.0061657,62.207,219.7267,245.2574,417.40377757602073,152.6415597716308,6837.550741105662
2453046.35527418,2004.1104867191784,6834.943956453398,0.0059514,62.2059,190.5448,250.15,416.1301709909603,120.4595810957369,6834.805619410874
2453052.92592585,2004.1284761830252,6831.22290950165,0.0056948,62.2053,166.5593,255.1191,414.1841612766202,94.9669741109451,6831.096313386354
2453059.16718509,2004.1455638195482,6828.706112746834,0.0055686,62.2068,143.7434,259.7358,412.5434798873921,70.61622496261202,6828.58510997869
2453067.09394788,2004.1672661132923,6825.545110866793,0.0053638,62.2041,114.7216,264.1443,410.79795200112585,38.19009921481393,6825.4328968465325
2453073.00320039,2004.1834447649278,6823.79114154071,0.0052546,62.2038,93.0587,267.6901,409.79854860836986,14.248684625960891,6823.683477774077
2453081.89375406,2004.2077857742913,6819.531528358463,0.005008,62.2042,60.4151,271.964,407.24301446444406,337.1162212551152,6819.433793954817
2453087.85892475,2004.22411752156,6815.804649205924,0.00485,62.2047,38.4659,273.6164,404.6116966572745,310.9399922384168,6815.713034592785
2453093.75397714,2004.2402572953865,6811.088838808657,0.0047191,62.2047,16.7346,275.344,400.8103294694347,285.1259736608335,6811.002162794973
2453101.19506766,2004.2606298909238,6805.436301842851,0.0044202,62.2023,349.2246,275.9487,397.2186123014453,250.88653926739858,6805.360321091564
2453109.20801843,2004.282568154497,6799.976054804299,0.0045971,62.2043,319.5133,280.0698,390.57958488275744,217.39856438106654,6799.893936645478
2453117.2760128,2004.3046571192338,6793.895475920649,0.0045804,62.1988,289.5093,285.6064,384.6404170827418,184.9791370758096,6793.814026204196
2453123.97906025,2004.3230090629702,6787.648006828467,0.0045909,62.2005,264.4981,294.0595,378.35029359391865,161.81433733072504,6787.566258498106
2453128.9369333,2004.336582979603,6784.223203336978,0.0046888,62.2029,245.955,293.6611,374.2770375811715,137.98622734292348,6784.137974307712
2453135.94811329,2004.3557785442576,6779.051325193316,0.0047118,62.2011,219.672,301.782,368.97349115926954,112.91372406722553,6778.965323572708
2453142.69472066,2004.3742497485555,6773.932195860499,0.0045533,62.1981,194.3168,304.4357,364.9521503930873,83.56259052004538,6773.851943603255
2453148.02183844,2004.3888346021631,6769.171605411115,0.0046283,62.1977,174.2402,310.7288,359.7055484697903,64.52854322126234,6769.088745879881
2453154.94455655,2004.4077879713898,6762.695977537364,0.0042222,62.1931,148.0768,309.7947,356.0062225810061,30.60783029967365,6762.627086761329
2453159.68171362,2004.4207576006029,6757.423218595278,0.004062,62.199,130.1141,309.9155,351.838265481344,8.096863782964363,6757.359506124897
2453165.11681597,2004.4356380998488,6751.9095272282,0.0039182,62.1942,109.4531,309.8174,347.3178953186143,341.98078405439327,6751.850294301057
2453170.73634816,2004.4510235404794,6746.2104423371275,0.0038888,62.1969,88.0222,308.7743,341.83947916896614,313.9680254274397,6746.152144229275
2453177.17636001,2004.4686553319923,6738.1514653580625,0.0036932,62.1947,63.3815,309.0145,335.12982436620223,283.2200804827899,6738.098947180933
2453182.58742113,2004.4834700099382,6731.172249495789,0.0036038,62.1944,42.5946,308.5914,328.77815094305606,256.6767964222523,6731.122294925665
2453189.06701974,2004.5012101840935,6719.476315355209,0.0037916,62.1878,17.5831,315.4853,315.8624489579088,232.1727337263709,6719.42111476187
2453194.20145345,2004.515267497468,6711.466562381504,0.0036333,62.1898,357.6584,309.1193,308.94549092040415,200.82140091157032,6711.415935272493
2453199.32593722,2004.5292975693906,6700.991845324152,0.0039525,62.1904,337.6867,313.3506,296.3698750555077,180.03017501940485,6700.932025345761
2453203.04682565,2004.539484806708,6684.663950900063,0.0036409,62.1844,323.0721,316.4429,282.1894579212312,164.84046958506963,6684.613314798045
2453209.60190867,2004.5574316459133,6547.098623923026,0.0036931,62.1643,296.71,355.5777,144.7832339950155,171.15230747123735,6547.047597604173
