jd,year,a_km,e,i_deg,raan_deg,argp_deg,hp_km,azimuth_deg,lambda
2459317.98924707,2021.2812847284604,26537.272852812384,0.6781962,62.8072,240.663,39.485,2161.658945671865,258.42549775425766,18662.137133476706
2459320.97687747,2021.2894644147023,26536.730383355294,0.6783548,62.8032,240.341,39.4889,2157.2756515003894,255.16271070715294,18657.50693739751
2459321.97273141,2021.292190914196,26536.549360824596,0.6784088,62.8021,240.2336,39.4903,2155.7844528068144,254.07517088946867,18655.932684326952
2459323.96439843,2021.2976438013147,26536.190231832097,0.678516,62.7998,240.0188,39.4929,2152.8242804903093,251.8999315267074,18652.807132839804
2459324.96021495,2021.3003701983578,26536.025690156886,0.6785691,62.7988,239.9113,39.4942,2151.3623200102484,250.81222859123426,18651.268054662945
2459326.95180204,2021.3058228666393,26535.68437120708,0.6786739,62.7968,239.696,39.4967,2148.471669830922,248.63646800987175,18648.21831502149
2459328.94334842,2021.311275423463,26535.350726026667,0.6787775,62.7948,239.4807,39.4991,2145.6153985911005,246.46064755332822,18645.205474288407
2459330.9348667,2021.3167279033535,26535.0111022112,0.6788864,62.7928,239.2653,39.5016,2142.6166410710066,244.28485479275008,18642.045576313092
2459334.91782942,2021.3276326609719,26534.339196965386,0.6791069,62.7886,238.8341,39.507,2136.550061365735,239.93334205015015,18635.65624825818
2459335.91354783,2021.330358789405,26534.184635712634,0.6791596,62.7874,238.726,39.5083,2135.1021121958966,238.84513581418645,18634.132967129164
2459338.90061581,2021.3385369358245,26533.699213524476,0.679317,62.7839,238.402,39.5115,2130.769964890671,235.58020310312838,18629.565617621905
2459339.89627688,2021.341262907269,26533.52079650751,0.679374,62.7836,238.2928,39.5132,2129.200338901015,234.4913533831081,18627.909395549585
2459341.88759041,2021.346714826585,26533.207209009324,0.6794854,62.777,238.0629,39.5202,2126.143995312739,232.3057624293844,18624.69655828039
2459342.88324221,2021.3494407726487,26533.05627466233,0.6795362,62.7808,237.967,39.5182,2124.7477393921326,231.2265218464981,18623.225630435172
2459343.87888573,2021.3521666960444,26532.90182014902,0.679589,62.7763,237.8497,39.5205,2123.297305095768,230.13018942406296,18621.698320750675
2459344.87452446,2021.354892606325,26532.753179615596,0.679636,62.7702,237.7275,39.5323,2122.002639634371,229.03846172303219,18620.330809894167
2459346.86578781,2021.360344388255,26532.46162831228,0.6797399,62.7695,237.5141,39.5318,2119.152514329455,226.8619202281597,18617.3332397697
2459348.85702019,2021.3657960853934,26532.189192261398,0.6798444,62.7644,237.2889,39.5411,2116.2926501619622,224.68340925833047,18614.332265509598
2459352.8393599,2021.3766991373031,26531.68167329063,0.6800522,62.7699,236.8777,39.53,2110.6168816696554,220.33601057085912,18608.38672420874
2459353.83491653,2021.3794248228069,26531.56316177314,0.6801014,62.767,236.7647,39.5362,2109.2736112628027,219.24796378955926,18606.97977667246
2459355.8260126,2021.3848761467493,26531.33785266414,0.6802068,62.7721,236.5642,39.5267,2106.4051321845927,217.07548717022092,18603.985223006544
2459356.82155155,2021.3876017838472,26531.223306959837,0.6802614,62.7714,236.4555,39.5274,2104.9198964547086,215.9862578150187,18602.435204985737
2459359.80816069,2021.3957786740318,26530.90283208043,0.6804244,62.7696,236.1298,39.5288,2100.4928911038005,212.7182773485422,18597.821777193272
2459360.80368866,2021.3985042810673,26530.79471801305,0.6804797,62.7695,236.0213,39.5287,2098.991187537944,211.6284588158049,18596.256645431018
2459362.79473029,2021.4039554559613,26530.608602402222,0.68059,62.7678,235.803,39.5295,2096.0053936932927,209.4485358539573,18593.154972590568
2459365.78121515,2021.4121320058862,26530.32785044974,0.680756,62.7658,235.4766,39.5318,2091.5116842889765,206.18087788099302,18588.485040628133
2459373.24728553,2021.4325729925529,26529.7704182896,0.681161,62.7533,234.6494,39.5423,2080.5891703970374,198.0054226809322,18577.173265143258
2459373.74502057,2021.4339357168235,26529.737582469443,0.6811916,62.7527,234.5948,39.5434,2079.7668910869506,197.46134194355602,18576.324655489694
2459376.73142082,2021.4421120350996,26529.607648692345,0.6813604,62.75,234.2661,39.5485,2075.2472693362706,194.19426736416,18571.67815317425
2459377.72687714,2021.4448374459682,26529.574989436238,0.6814146,62.7493,234.1567,39.5494,2073.7989598395397,193.10461945145164,18570.192142454212
2459380.71320908,2021.453013577221,26529.50306900293,0.6815746,62.7473,233.8284,39.5518,2069.5313265484856,189.8353122003677,18565.82137147724
2459381.70864508,2021.4557389324577,26529.48757580327,0.681635,62.7466,233.718,39.5539,2067.924012070607,188.74588431518737,18564.17910858122
2459383.69951643,2021.46118964115,26529.46363181191,0.68175,62.7439,233.5002,39.5579,2064.8655008241403,186.56982918600607,18561.0554780227
2459385.69040111,2021.4666403863378,26529.457557793277,0.6818651,62.7424,233.2809,39.5598,2061.8100272028078,184.39016091840705,18557.94073638361
2459386.68584959,2021.4693657757432,26529.460022612013,0.6819236,62.7417,233.1711,39.5611,2060.258837936348,183.30052073242547,18556.361190210166
2459387.68130038,2021.472091171471,26529.46636071996,0.6819827,62.7411,233.0611,39.5627,2058.6929624769873,182.21097827042166,18554.76789417847
2459389.67219863,2021.4775419538123,26529.48828003912,0.6821025,62.7397,232.8409,39.5657,2055.5217005037375,180.0314966275771,18551.543766883395
2459390.66764334,2021.4802673328948,26529.505973980387,0.6821632,62.7389,232.7309,39.5672,2053.91698435081,178.94186015785908,18549.914398347097
2459392.65852146,2021.485718060123,26529.54954873765,0.6822843,62.7372,232.5104,39.5705,2050.7181055618676,176.7623983557424,18546.668729989593
2459394.64939874,2021.491168785051,26529.60852899713,0.6824049,62.7355,232.2897,39.5737,2047.5373737276968,174.58263738160332,18543.446336017005
2459395.64484283,2021.4938941624368,26529.643829279394,0.6824647,62.735,232.1785,39.5762,2045.9621122233802,173.49280152277203,18541.852351445916
2459397.63575083,2021.499344971472,26529.728691286287,0.6825872,62.7329,231.9561,39.5856,2042.739167141517,171.31751027005544,18538.595064136935
2459399.62668775,2021.5047958596858,26529.83054419683,0.6827169,62.727,231.7342,39.592,2039.3305775374574,169.13969051313006,18535.153556987316
2459401.617645,2021.5102468035595,26529.954846566896,0.6828401,62.7247,231.5124,39.5962,2036.1015261416724,166.95975071858038,18531.90266475505
2459402.61312835,2021.5129722884328,26530.025537586862,0.6829008,62.7238,231.4017,39.5978,2034.5135739483649,165.86947616415648,18530.307167266343
2459404.60409809,2021.5184232665024,26530.184616112372,0.6830202,62.7208,231.1793,39.6019,2031.3963135783779,163.68882405916668,18527.18195509209
2459405.59958303,2021.5211487557294,26530.272651739204,0.6830795,62.7204,231.0687,39.603,2029.850973925515,162.5981479373678,18525.63574140491
2459407.59055302,2021.5265997344836,26530.461930809986,0.6831992,62.7171,230.8469,39.6094,2026.7352640501485,160.42039558591222,18522.521936579436
2459408.58604399,2021.5293252402196,26530.577436720218,0.6832621,62.7163,230.7352,39.6104,2025.1030830941454,159.32851352093655,18520.89647560001
2459410.57704391,2021.5347763009172,26530.788643232503,0.6833893,62.7147,230.5137,39.6158,2021.7952638858933,157.15003166977112,18517.592871309622
2459412.56808218,2021.5402274666117,26531.01103529135,0.6835185,62.7134,230.2924,39.6203,2018.4378689655587,154.97081201983667,18514.241603893828
2459413.06584921,2021.541590278467,26531.068614992473,0.6835482,62.7189,230.2416,39.6102,2017.6681191378739,154.41929975181722,18513.475560739065
2459414.06138842,2021.5443159162764,26531.183335114205,0.6836137,62.7167,230.1299,39.612,2015.9666300184435,153.32817014051034,18511.777351658777
2459415.55471159,2021.5484044122932,26531.36118456947,0.6837139,62.7165,229.9643,39.617,2013.364456758858,151.6957115744837,18509.180515413467
2459417.04804396,2021.552492933497,26531.544936122256,0.6838134,62.7145,229.7974,39.621,2010.782686099712,150.06094394108504,18506.606076625172
2459419.03916089,2021.5579443145518,26531.79648808828,0.6839468,62.7124,229.575,39.6272,2007.322881809063,147.88224676135843,18503.157000373216
2459421.03029303,2021.563395737249,26532.05447372153,0.6840797,62.7101,229.3525,39.6334,2003.8783089544486,145.70343459035882,18499.724693892953
2459421.52808089,2021.5647586061327,26532.120335905143,0.6841133,62.7096,229.297,39.6348,2003.007636911967,145.15870179224174,18498.857171077023
2459423.51925925,2021.5702101553725,26532.390744956283,0.6842452,62.7075,229.0745,39.6411,1999.5934331955214,142.97994406591397,18495.4590908933
2459424.51486704,2021.5729359809443,26532.53022271871,0.6843115,62.7065,228.9632,39.6443,1997.8783672147365,141.89054686009416,18493.7530265178
2459426.00830469,2021.5770247903902,26532.733366905522,0.684409,62.7054,228.797,39.6492,1995.35555599508,140.25727545953816,18491.24214377587
2459427.00394155,2021.5797506955507,26532.884120545037,0.6844784,62.7042,228.6854,39.6524,1993.5617503289614,139.16754960172216,18489.458771719008
2459428.49741444,2021.5838396014783,26533.11694754615,0.6845825,62.7024,228.5181,39.6572,1990.8731148026382,137.53304346784455,18486.787708821073
2459429.99090676,2021.5879285606027,26533.3526856856,0.6846834,62.7006,228.351,39.6623,1988.2702554512507,135.8990181830672,18484.204997822853
2459430.98657545,2021.5906545529085,26533.513311160208,0.6847502,62.6994,228.2397,39.6659,1986.548464640593,134.80996095295262,18482.49789184683
2459432.97792741,2021.5961065774402,26533.84337596046,0.6848838,62.6971,228.0167,39.6731,1983.1075960278304,132.6314321215176,18479.088816745705
2459434.47145528,2021.600195633895,26534.09727217114,0.6849857,62.6955,227.8496,39.6787,1980.4837783249004,130.99787179774654,18476.489227436123
2459436.46285174,2021.60564778026,26534.439420792623,0.685124,62.6934,227.6267,39.6862,1976.9218470614996,128.81969910641067,18472.95808415527
2459436.96070608,2021.6070108311562,26534.531543001067,0.6851556,62.6924,227.5711,39.6867,1976.112362937245,128.27390078372684,18472.160764019012
2459437.95642788,2021.609736968871,26534.699496350844,0.6852274,62.6913,227.4596,39.6909,1974.260050685045,127.18519120647511,18470.32005804462
2459439.94791088,2021.6151893521703,26535.044570880447,0.6853679,62.689,227.2366,39.6989,1970.6404969297128,125.00733321868978,18466.72843073291
2459440.94367153,2021.6179155962495,26535.223718130652,0.6854383,62.6876,227.1247,39.7027,1968.8287826555006,123.91778535019773,18464.93256865147
2459442.43733435,2021.6220050221762,26535.457389171683,0.6855303,62.6869,226.9584,39.7076,1966.4610245356016,122.2841920165809,18462.584833698817
2459442.93522923,2021.6233681840663,26535.56141099206,0.6855802,62.6853,226.9014,39.7114,1965.1696117318425,121.74025373614143,18461.295369887408
2459444.9268085,2021.6288208309384,26535.897793357504,0.685708,62.6836,226.6788,39.7179,1961.8840892699172,119.56120086222904,18458.040721088753
2459445.92260702,2021.6315471786995,26536.061980713977,0.6857788,62.6824,226.5671,39.7225,1960.0569388543227,118.47261566816354,18456.22172899967
2459447.41631502,2021.6356367283233,26536.31795598293,0.6858885,62.6805,226.3993,39.7292,1957.226337630731,116.83927780363524,18453.403674494315
2459448.41213156,2021.638363125421,26536.48831596652,0.6859601,62.6791,226.2873,39.7338,1955.3798370972945,115.75037484842602,18451.56616044967
2459449.90587985,2021.6424527853526,26536.74465387585,0.6860659,62.6769,226.1193,39.7406,1952.6527498443265,114.11689727306805,18448.853448040954
2459450.90172963,2021.645179273456,26536.91942526415,0.6861358,62.6755,226.0071,39.7448,1950.8526858749938,113.02736155580419,18447.064513573536
2459452.39553331,2021.649269085037,26537.17057608312,0.6862431,62.6737,225.8392,39.7517,1948.084074723054,111.39402938666069,18444.305785722798
2459452.89347491,2021.650632374839,26537.25549829364,0.6862784,62.6731,225.7832,39.7539,1947.1739545334804,110.84944505796238,18443.39961587138
2459457.8730376,2021.6642656744693,26538.131188094583,0.6866343,62.6654,225.2217,39.7768,1938.0037564490904,105.40285719100604,18434.27177460401
2459459.36694501,2021.6683557700483,26538.394966362765,0.6867424,62.6633,225.0535,39.7838,1935.2176150148807,103.76922278260997,18431.495891949748
2459460.36289073,2021.6710825208218,26538.576284685038,0.6868133,62.662,224.9413,39.7883,1933.3928292987675,102.67989250416792,18429.680556654293
2459461.3588419,2021.6738092865155,26538.75690125323,0.6868833,62.6604,224.8291,39.7928,1931.5916830226379,101.59055685442388,18427.8890029113
2459462.35479937,2021.6765360694587,26538.94545060777,0.6869511,62.6588,224.7168,39.7971,1929.8513804727663,100.5009149948429,18426.162850423123
2459464.34674261,2021.6819897128269,26539.304937161058,0.6870876,62.6566,224.4926,39.8057,1926.3413022189143,98.32200338235964,18422.672606749737
2459465.84073891,2021.6860800517723,26539.580111196865,0.6871935,62.6545,224.324,39.8125,1923.616866053102,96.68768136201965,18419.961232398167
2459466.33874486,2021.6874435177554,26539.667431762147,0.6872283,62.6539,224.2678,39.8149,1922.7206000668812,96.14303360807304,18419.067901992206
2459467.33476537,2021.6901704732923,26539.837140586274,0.6873018,62.6528,224.1557,39.8197,1920.823002154475,95.05402961478075,18417.170611739784
2459468.33080335,2021.69289747666,26540.01451828497,0.687373,62.6512,224.0433,39.8247,1918.9888188078748,93.96490840238545,18415.341310783137
2459468.82882392,2021.694260982669,26540.108186889433,0.687409,62.6504,223.987,39.8269,1918.0626582479526,93.41994623913877,18414.41900103219
2459470.32290565,2021.6983515555096,26540.36161615603,0.6875162,62.6481,223.8184,39.8346,1915.2967511905772,91.7864400165297,18411.65429835758
2459471.31896825,2021.7010786262833,26540.532305410274,0.6875899,62.6466,223.7057,39.8399,1913.3940515864542,90.69729453803723,18409.750604486373
2459471.81700003,2021.7024421629844,26540.62262995151,0.6876273,62.6456,223.6493,39.8424,1912.4296505990533,90.15252132559408,18408.786964891053
2459473.80913853,2021.7078963409444,26540.95635275071,0.6877737,62.6419,223.424,39.8528,1908.648300480847,87.97411726002463,18405.000076823533
2459474.30717659,2021.709259894839,26541.038132739657,0.6878111,62.6408,223.3676,39.8554,1907.681199518047,87.42943785793983,18404.029993339034
2459477.295464,2021.7174413798773,26541.53191043245,0.6880321,62.6355,223.0297,39.8713,1901.9696728805993,84.16210324415732,18398.302836167102
2459477.7935228,2021.718804990554,26541.615986238092,0.6880689,62.6344,222.9731,39.874,1901.0191703648325,83.61730340055607,18397.350101701235
2459480.78195722,2021.726986878083,26542.09771642636,0.6882714,62.6314,222.6346,39.8885,1895.7946622047875,80.34782389011582,18392.118869803824
2459482.77430633,2021.7324416326624,26542.42064476499,0.6884131,62.6281,222.4084,39.8989,1892.1342671983239,78.16831224157846,18388.4466410067
2459490.74398621,2021.7542614269948,26543.761642784702,0.6889913,62.6142,221.5046,39.9398,1877.2045016323355,69.45028628186873,18373.462696095972
2459491.24210502,2021.7556252019717,26543.839389549536,0.689017,62.614,221.4475,39.9418,1876.5465048802835,68.90422729014261,18372.8086550531
2459492.23835481,2021.758352785243,26544.003787928035,0.6890896,62.6132,221.3344,39.9462,1874.6705353062207,67.81359731247898,18370.92255377459
2459493.23462125,2021.7610804141002,26544.17030448375,0.6891619,62.6116,221.2213,39.9513,1872.8031635221505,66.72365092395569,18369.04578588833
2459494.72904323,2021.765171918494,26544.403643616948,0.6892715,62.6094,221.0513,39.9591,1869.9664275756277,65.08850934214558,18366.18682251265
2459495.72534151,2021.7678996345244,26544.560822055006,0.6893434,62.6078,220.9379,39.9645,1868.106713472811,63.99853157122567,18364.31362624243
2459497.21980479,2021.7719912519915,26544.794875022657,0.6894503,62.6056,220.7679,39.9722,1865.341784999824,62.36324928308477,18361.52811020755
2459499.71059737,2021.778810670417,26545.167078352526,0.68963,62.6017,220.484,39.9854,1860.687206108274,59.637558649869845,18356.828992387793
2459502.69958473,2021.7869940718138,26545.602772060665,0.6898418,62.5968,220.1428,40.0011,1855.2000736973478,56.366034147053085,18351.285268005442
2459503.69593164,2021.7897219209856,26545.743922318547,0.6899105,62.5953,220.029,40.0062,1853.4201599997978,55.27530844518668,18349.48624516722
2459505.68866378,2021.7951777242442,26546.019351460007,0.6900471,62.5923,219.8013,40.0165,1849.8793814411474,53.09381927205885,18345.90447791643
2459507.68145522,2021.8006336898566,26546.3102173267,0.6901792,62.5909,219.5729,40.0272,1846.4627685803316,50.911971651651015,18342.456301735372
2459508.6778649,2021.8033617108827,26546.44335349757,0.6902503,62.5894,219.4588,40.0326,1844.6165648128663,49.82118408227518,18340.58366900499
2459510.17249382,2021.8074537818482,26546.649056572,0.6903486,62.5859,219.2884,40.0395,1842.0707456761993,48.184538534624835,18338.008961174848
2459512.66357583,2021.8142739926898,26547.001485546123,0.6905217,62.5815,219.0031,40.0524,1837.5845898442876,45.45686263168369,18333.466520039234
2459515.65290384,2021.822458326735,26547.42711401325,0.6907245,62.5774,218.6603,40.0679,1832.332494400007,42.18320237541275,18328.15060836895
2459516.64935719,2021.8251864673234,26547.569434857927,0.6907935,62.576,218.5459,40.0731,1830.5447284593993,41.091871763558004,18326.339508521236
2459518.14404907,2021.8292787106634,26547.781861525596,0.6908886,62.5739,218.3745,40.0807,1828.085718110784,39.45486416113965,18323.853980614524
2459519.14052395,2021.8320069101987,26547.921806197643,0.6909543,62.5727,218.2601,40.086,1826.3847781416134,38.363612328439785,18322.131747048177
2459521.63176797,2021.8388275645998,26548.264224284223,0.6911295,62.5692,217.9736,40.0997,1821.8393450867807,35.63537674410509,18317.516293712408
2459524.62134678,2021.847012585298,26548.678527011012,0.6913304,62.5668,217.629,40.1158,1816.6336814610786,32.360269292715714,18312.23588388389
2459525.61788547,2021.8497409595343,26548.81539685323,0.6914013,62.5657,217.5147,40.1211,1814.793618008891,31.26905456763143,18310.365190302695
2459526.61442215,2021.8524693282682,26548.948829009663,0.691472,62.5643,217.3998,40.1267,1812.9577843166935,30.17754182345203,18308.497290905118
2459527.11269135,2021.8538335149892,26549.015854387057,0.6915074,62.5636,217.3424,40.1295,1812.0386283610842,29.63183460387836,18307.56202659194
2459528.10923139,2021.8565618929229,26549.140469798636,0.6915937,62.5605,217.2269,40.1363,1809.7858804708594,28.54091854778585,18305.25485278031
2459529.60405546,2021.8606544981794,26549.361394557705,0.6916732,62.5618,217.0552,40.1429,1807.7433408275147,26.90248065536656,18303.202145867785
2459531.59718378,2021.8661113861185,26549.626510335365,0.6918156,62.5594,216.8249,40.1545,1804.044416311799,24.71930099730963,18299.43410497082
2459532.59376679,2021.868839881697,26549.757042158388,0.691887,62.5583,216.7097,40.1603,1802.1889915305464,23.62764258902655,18297.5425626915
2459534.58697176,2021.874296979493,26550.019080816543,0.6920311,62.5572,216.479,40.1717,1798.443871298081,21.4437873825417,18293.72289997038
2459535.08528049,2021.8756612744426,26550.085583746335,0.6920654,62.5565,216.4212,40.1747,1797.5536841966923,20.89784120071522,18292.816323455394
2459536.58022047,2021.8797541970437,26550.289064129887,0.6921706,62.5544,216.2479,40.1837,1794.8232524376654,19.26008906427444,18290.034910850824
2459538.57349511,2021.8852114855854,26550.5564081758,0.6923087,62.5512,216.0165,40.1956,1791.2389169549424,17.075965189291594,18286.382528974682
2459540.56678561,2021.890668817549,26550.82208302689,0.6924556,62.5481,215.7853,40.2061,1787.4203470312568,14.89062568231759,18282.48294249881
2459541.56343583,2021.8933974971394,26550.962244183753,0.6925267,62.5472,215.6696,40.2116,1785.575679394583,13.798101029806475,18280.602914667936
2459544.05507973,2021.9002192463524,26551.320461813266,0.6926795,62.5446,215.3805,40.2266,1781.6287799846832,11.068171313123287,18276.60050907131
2459548.54018787,2021.9124988032038,26551.940160090875,0.6929923,62.5408,214.8597,40.2521,1773.5137790871313,6.152230846667749,18268.32333793961
2459549.53691414,2021.915227691006,26552.077336625905,0.6930727,62.5382,214.7432,40.26,1771.4211063217808,5.061231237796051,18266.17941874638
2459551.53038278,2021.920685510691,26552.347372267956,0.6932058,62.5377,214.5117,40.2703,1767.96987019705,2.87521615123552,18262.658681807756
2459552.52712053,2021.923414429925,26552.48190745169,0.6932604,62.5365,214.3958,40.2771,1766.561379298968,1.7837052269673848,18261.230363573053
2459554.02223517,2021.9275078307187,26552.677229105564,0.6933804,62.5344,214.2213,40.2861,1763.4349709174558,0.1445809412667245,18258.02138448288
2459561.996426,2021.9493399753587,26553.709476357468,0.6939531,62.5261,213.2889,40.338,1748.544168739826,351.40450887083966,18242.760300558864
2459563.99008592,2021.9547983187401,26553.96455393506,0.6940977,62.5248,213.0557,40.3512,1744.7825311672077,349.21950525353265,18238.899302193564
2459564.98692231,2021.957527508036,26554.093550877627,0.6941682,62.5239,212.9388,40.3578,1742.9499280332957,348.12669710699026,18237.01947131598
2459566.48218393,2021.9616213112388,26554.287049228948,0.6942723,62.5224,212.7632,40.368,1740.2448047005537,346.4875279540058,18234.245104204034
2459567.97745175,2021.965715131417,26554.492021915492,0.6943755,62.5211,212.5878,40.3777,1737.56704695191,344.8480526898627,18231.502934050626
2459569.97115499,2021.9711735934022,26554.76432493834,0.6945129,62.5195,212.3539,40.391,1734.0016448088718,342.66240637522094,18227.850346915162
2459571.964882,2021.9766321204652,26555.03707615,0.6946515,62.5178,212.1201,40.4047,1730.4044386467895,340.47723663255863,18224.163070657196
2459572.96175915,2021.9793614213554,26555.17235134845,0.6947223,62.5169,212.0029,40.4118,1728.565638523246,339.3845883120873,18222.276178747376
2459574.95554904,2021.9848201205746,26555.439994830867,0.694865,62.5151,211.7685,40.4263,1724.8578828227182,337.19955659313996,18218.468477702783
2459575.95246261,2021.9875495211768,26555.571745319383,0.6949375,62.5141,211.6512,40.4338,1722.9728055564947,336.10717237632247,18216.530444829903
2459577.94631767,2021.9930083988224,26555.834103972284,0.6950826,62.5125,211.4165,40.4484,1719.1995898145587,333.92187642388444,18212.64959278851
2459579.94019114,2021.9984673268718,26556.094880598605,0.6952292,62.5108,211.1816,40.463,1715.3859816359409,331.7363623261448,18208.724044795814
2459581.93406748,2022.0039262627784,26556.35169226388,0.6953759,62.509,210.9463,40.4778,1711.5684335393607,329.5506453997876,18204.791337011164
2459583.92795622,2022.0093852326359,26556.605509480956,0.6955209,62.5071,210.7114,40.4924,1707.7950445818033,327.3651162511112,18200.902576089065
2459585.92188259,2022.0148443055164,26556.857391115314,0.6956656,62.5051,210.4766,40.5069,1704.0289600106444,325.17955001414856,18197.01929416952
2459586.91886573,2022.0175738965916,26556.983510687714,0.6957382,62.5044,210.3588,40.5143,1702.1393055321641,324.08649722705127,18195.070165987116
2459588.91287179,2022.0230331876526,26557.237166482257,0.6958847,62.5026,210.1231,40.5293,1698.3258480559007,321.9004524450584,18191.135205374776
2459589.90989103,2022.0257628775628,26557.36470273818,0.6959584,62.5015,210.0053,40.5369,1696.4073560040415,320.807564077386,18189.154969708947
2459591.90395065,2022.031222315263,26557.623751680872,0.6961059,62.501,209.7696,40.5517,1692.5688681556803,318.62126650535214,18185.19316890245
2459593.89802371,2022.0366817897607,26557.88889724265,0.6962308,62.5004,209.5324,40.5887,1689.3323640042809,316.4556556861241,18181.868441979554
2459595.89211065,2022.0421413022586,26558.160669484954,0.6963747,62.4969,209.2929,40.6033,1685.5932007205693,314.265331186897,18178.01338465148
2459596.88916031,2022.044871075455,26558.298455989705,0.6964472,62.4957,209.1733,40.6105,1683.7095595513501,313.17021283622023,18176.07110823976
2459597.88621865,2022.0476008724156,26558.434214075987,0.6965371,62.4974,209.0602,40.5977,1681.3631660627188,312.0615859303815,18173.638107324026
2459600.8774408,2022.0557903923338,26558.849001967745,0.6967532,62.4952,208.7054,40.6209,1675.749671529913,308.78175875979406,18167.84769480999
2459602.87164899,2022.061250236797,26559.12106359979,0.6969001,62.4937,208.4693,40.6366,1671.930638464989,306.5958147531014,18163.902674228404
2459603.86877077,2022.0639802074463,26559.256390815488,0.6969747,62.4929,208.3524,40.6439,1669.9903356037821,305.5034253192964,18161.896707249896
2459607.85731329,2022.0749002417242,26559.790477866918,0.6972735,62.489,207.8789,40.6758,1662.21611209798,301.1306129792805,18153.852360715417
2459609.85159407,2022.080360284928,26560.05329386459,0.6974238,62.4873,207.6413,40.6921,1658.3036974550296,298.94369742590106,18149.799373765447
2459610.84874126,2022.083090325147,26560.183865600276,0.6974976,62.4863,207.5221,40.7004,1656.3830637853598,297.84998294712943,18147.809690237595
2459612.84306707,2022.088550491636,26560.444219307436,0.6976441,62.4841,207.2844,40.7165,1652.570716328497,295.6627230110853,18143.859527929708
2459613.84025045,2022.0912806309382,26560.574530985,0.6977186,62.4838,207.1634,40.7257,1650.63135403049,294.5680728622407,18141.848683231998
2459615.83466065,2022.0967410284743,26560.83727808949,0.6978674,62.4818,206.9279,40.7407,1646.7585250061002,292.38182974925894,18137.832802473185
2459616.83188349,2022.0994712758113,26560.96980185976,0.6979425,62.481,206.8085,40.749,1644.8038359252532,291.2878407079253,18135.80526391817
2459619.82359958,2022.1076621480636,26561.375064685024,0.698162,62.509,206.503,40.7596,1639.0960267743994,288.04422669712403,18129.888979731186
2459620.82084661,2022.1103924616284,26561.51386413453,0.6982333,62.5183,206.4015,40.7637,1637.2440857841266,286.9639138137778,18127.97128238544
2459621.81809325,2022.1131227741275,26561.654607921515,0.6983054,62.5058,206.2644,40.7781,1635.3714622750394,285.8583013141292,18126.031931382033
2459622.81534733,2022.1158531069957,26561.797472718696,0.6983694,62.5209,206.1725,40.7847,1633.7146087746232,284.7900814815486,18124.322353282158
2459623.81260282,2022.118583443723,26561.941575622113,0.6984418,62.5104,206.0376,40.797,1631.8349900497678,283.68456025967305,18122.376058544418
2459624.80986191,2022.1213137903082,26562.085238979296,0.6985283,62.4718,205.8585,40.8127,1629.5806925399947,282.5382354890546,18120.03074172713
2459624.80986676,2022.1213138035864,26562.086740081795,0.6985114,62.5126,205.9247,40.8054,1630.0300443458236,282.59713070890325,18120.50917708361
2459626.80441629,2022.1267745825874,26562.37769306929,0.6986722,62.4707,205.619,40.8291,1625.8465330216459,280.3492502685662,18116.164293625694
2459627.80171102,2022.129505026749,26562.522598576335,0.6987439,62.4688,205.5007,40.8365,1623.9856642089726,279.25539037037385,18114.236630514108
2459628.799019,2022.132235507187,26562.664680300677,0.6988173,62.4673,205.3818,40.8451,1622.0787676075952,278.16211741270524,18112.258580070553
2459630.79367307,2022.1376965724028,26562.951057132548,0.6989643,62.4648,205.1435,40.8611,1618.2602655496366,275.9738339349676,18108.29707598078
2459631.79101654,2022.1404271500069,26563.0908485653,0.6990423,62.4632,205.0235,40.8708,1616.2304266752617,274.88052599751256,18106.186080183656
2459632.7883664,2022.1431577451065,26563.232672959624,0.6991167,62.462,204.9041,40.8788,1614.2968053079112,273.78611176163923,18104.177858841118
2459633.78571886,2022.145888347324,26563.382977092526,0.69918,62.4622,204.784,40.8846,1612.660567168973,272.6887949633465,18102.48911103469
2459635.78042901,2022.1513495660774,26563.668401838826,0.699328,62.4596,204.5446,40.9012,1608.8150057176845,270.49995621209433,18098.49449945731
2459636.77778831,2022.1540801870221,26563.811117087225,0.6994007,62.4583,204.4251,40.9095,1606.926727128638,269.40573267202114,18096.533367257776
2459638.77252677,2022.1595414832852,26564.096994919015,0.6995466,62.4555,204.1853,40.9262,1603.1369600531998,267.2165660173496,18092.59600879441
2459639.76991333,2022.1622721788644,26564.238921061733,0.6996187,62.4542,204.0654,40.9344,1601.2643206191196,266.1218156088293,18090.650100340037
2459640.76731585,2022.1650029181387,26564.378022885507,0.6996908,62.4526,203.9457,40.9429,1599.3908125503294,265.0275494701016,18088.701863352224
2459642.76216551,2022.1704645188504,26564.67071673343,0.6998347,62.4507,203.7057,40.9586,1595.6560550895047,262.83707321386976,18084.822543548868
2459643.75961053,2022.1731953744832,26564.81671338947,0.6999075,62.4495,203.5857,40.9666,1593.7659595628293,261.74196518604793,18082.8579370611
2459645.75452809,2022.1786571610949,26565.11339395984,0.7000533,62.4471,203.3454,40.9828,1589.9817976440545,259.5516220058563,18078.924998461716
2459646.75199613,2022.1813880797542,26565.265314576885,0.7001254,62.4458,203.2251,40.9908,1588.1120101026172,258.45619128849364,18076.983038559774
2459648.74694381,2022.1868499488296,26565.57463873257,0.7002673,62.443,202.9846,41.0066,1584.4351135188372,256.2652184213326,18073.166903993566
2459649.74442405,2022.1895809008904,26565.733367387562,0.7003367,62.4417,202.8643,41.0145,1582.639027791468,255.1696756794677,18071.30500940371
2459651.73940269,2022.1950428547295,26566.05507180037,0.7004756,62.4392,202.6236,41.0302,1579.0454057479628,252.97837229736066,18067.580129293932
2459652.73690521,2022.1977738677897,26566.21795935217,0.7005457,62.4381,202.5032,41.0381,1577.2319026652303,251.88270759571162,18065.7000401098
2459654.73194629,2022.2032359925804,26566.545332016074,0.7006853,62.4356,202.2622,41.0541,1573.6212460887928,249.69134267104306,18061.956831330343
2459655.72948773,2022.2059671121976,26566.70911046868,0.7007545,62.4342,202.1416,41.0622,1571.8318511167572,248.5956396088484,18060.10176302367
2459657.72461324,2022.211429468145,26567.036233240065,0.7008935,62.4317,201.9,41.0784,1568.236923097621,246.40379146777383,18056.373136296574
2459658.72219466,2022.2141606972211,26567.20107937053,0.7009629,62.4304,201.7791,41.0866,1566.4424658918315,245.30784900042244,18054.511965945414
2459660.71737902,2022.2196232142917,26567.529895849017,0.7011027,62.4275,201.5379,41.1024,1562.8266535385528,243.11594285497176,18050.75943953819
2459661.71497621,2022.222354486544,26567.694307903632,0.701173,62.4262,201.4168,41.1106,1561.008086947917,242.01978484420857,18048.87121787386
2459663.71017674,2022.2278170478846,26568.02296294493,0.7013131,62.4233,201.1747,41.1266,1557.3841179308356,239.82716276155307,18045.10771597572
2459664.70778413,2022.2305483480623,26568.187294277144,0.7013831,62.4222,201.053,41.1349,1555.573428436427,238.73049469755563,18043.22680749645
2459666.70302974,2022.2360110328273,26568.51737822259,0.7014962,62.4178,200.8099,41.1729,1552.6670977654803,236.55882818220766,18040.230820152778
2459667.70067743,2022.2387424433396,26568.68410278473,0.7015712,62.4125,200.6807,41.1765,1550.7242143731246,235.4499203977426,18038.208107350438
2459668.69834342,2022.241473903956,26568.849946398754,0.70164,62.42,200.5749,41.1811,1548.9457700075309,234.36539457583484,18036.360972539514
2459669.69602309,2022.2442054020255,26569.01800154479,0.7017087,62.4083,200.4348,41.1928,1547.170619404199,233.2536552708227,18034.517811725702
2459670.69371721,2022.246936939658,26569.188091609336,0.7017778,62.3959,200.2924,41.205,1545.3854248935377,232.14010172311805,18032.664257238863
2459671.69142562,2022.2496685164137,26569.358449477913,0.7018341,62.4085,200.1973,41.2184,1543.9403745111858,231.0750340910604,18031.175335733886
2459672.68914326,2022.2524001184395,26569.5301355076,0.7018991,62.4188,200.0974,41.225,1542.2645459719379,229.99835736179827,18029.439050876255
2459675.68232813,2022.260595011992,26570.057846627755,0.7021105,62.4209,199.742,41.2425,1536.8049469030193,226.71029568284163,18023.768976718147
2459676.68006554,2022.2633266681455,26570.239794630656,0.7021809,62.4127,199.6057,41.2507,1534.9886024210864,225.59879946763374,18021.884160849717
2459677.67781201,2022.2660583491036,26570.422364334565,0.7022339,62.4302,199.5199,41.2636,1533.6347427806832,224.54249432274491,18020.49585370165
2459678.67556776,2022.2687900554693,26570.605732513384,0.7022799,62.4582,199.4549,41.2787,1532.4670957444587,223.50918003108245,18019.30761548631
2459685.66021297,2022.2879129718544,26571.924751069215,0.7027565,62.447,198.5944,41.3329,1520.1956147444416,215.8186301323646,18006.59247519725
2459686.65807237,2022.2906449619989,26572.118751190697,0.7028456,62.4216,198.423,41.3311,1517.8857042388217,214.66191368039097,18004.177726463266
2459687.65593948,2022.2933769732508,26572.311340690652,0.7029506,62.3967,198.2496,41.3185,1515.1528403653547,213.4923896297437,18001.3068456126
2459689.65168514,2022.2988410270775,26572.69361334437,0.7030869,62.3942,198.005,41.3343,1511.644536088279,211.29653025206278,17997.66846366013
2459692.64534005,2022.3070372075294,26573.267976231877,0.7032917,62.3914,197.6357,41.3591,1506.3728666722018,208.00140528942535,17992.198706714647
2459693.64324798,2022.3097693305413,26573.459437424874,0.7033599,62.3906,197.5122,41.3675,1504.6173648636568,206.9027410051827,17990.3766135529
2459695.63911856,2022.3152337263796,26573.845640879383,0.7034953,62.3889,197.2666,41.3834,1501.1338295952473,204.70585850336866,17986.762150135215
2459696.63708147,2022.3179659999175,26574.039322465636,0.7035637,62.3882,197.1434,41.3916,1499.3735928062197,203.60724002969272,17984.934708597506
2459698.63305435,2022.3234306758386,26574.431116363667,0.7037014,62.3861,196.8986,41.4069,1495.8304355749906,201.41045669811643,17981.25590436337
2459699.13205546,2022.3247968664202,26574.533310467963,0.7037327,62.3854,196.8379,41.4104,1495.0289326524053,200.86142808869843,17980.428365273103
2459701.12807614,2022.3302616732096,26574.930073361083,0.7038685,62.3837,196.5912,41.4266,1491.5376050195273,198.66359764451445,17976.805487647634
2459701.62708345,2022.3316278807667,26575.022901041957,0.7039044,62.3833,196.5295,41.4307,1490.611050897759,198.114162923936,17975.8393377544
2459703.62313536,2022.3370927730593,26575.42949583539,0.7040383,62.3817,196.2825,41.4469,1487.1729918175843,195.91600169860413,17972.27569466677
2459704.12215456,2022.3384590131689,26575.53983343928,0.7040698,62.3813,196.2207,41.451,1486.3685180176535,195.36645525919732,17971.447065782682
2459708.11438693,2022.349389149706,26576.366959880987,0.7043371,62.3787,195.7261,41.485,1479.5094268225948,190.9710061058263,17964.33846649371
2459708.61343117,2022.3507554583714,26576.466166327064,0.7043738,62.3783,195.6644,41.4886,1478.563402179836,190.42103498633307,17963.352303163116
2459709.61153353,2022.3534881137032,26576.67581151474,0.7044421,62.3773,195.5407,41.4965,1476.8101918320926,189.32147906688556,17961.53363635831
2459710.60965282,2022.356220815387,26576.88316183411,0.7045114,62.3762,195.4169,41.5034,1475.0296978539345,188.2208064607387,17959.684326964772
2459711.10871868,2022.357587183245,26576.98820908308,0.7045438,62.3757,195.3549,41.5071,1474.199643700491,187.67061403181916,17958.825056550475
2459712.10686417,2022.3603199566603,26577.199809933725,0.7046129,62.3752,195.2308,41.516,1472.4256779768748,186.57161560229642,17956.98378668652
2459714.10318431,2022.365785583326,26577.607107003714,0.7047534,62.3732,194.9827,41.531,1468.8118344786835,184.37089000267454,17953.223253958375
2459716.59862058,2022.3726177154826,26578.114968001166,0.704931,62.3715,194.6721,41.5519,1464.2415054931362,181.62162242624055,17948.462706350154
2459717.59679962,2022.3753505807529,26578.336407589748,0.7050002,62.3711,194.5471,41.5627,1462.4676245716946,180.52359092899115,17946.62301897545
2459718.59498615,2022.37808346653,26578.517524548042,0.7050682,62.3707,194.423,41.5717,1460.7137148464972,179.42465204924227,17944.79021839041
2459721.09050099,2022.3849158137987,26579.010570962797,0.7052406,62.3678,194.1114,41.591,1456.2769084906513,176.67270703251404,17940.164704790095
2459723.08699061,2022.390381904477,26579.39476504174,0.7053821,62.3675,193.8624,41.6085,1452.6291689475902,174.473414388274,17936.3526090404
2459724.08526397,2022.3931150279805,26579.585982831035,0.7054533,62.3669,193.7377,41.6166,1450.7930386091393,173.37288992705638,17934.43240457886
2459725.58269866,2022.3972147807256,26579.867597530254,0.705562,62.3663,193.5507,41.6302,1447.9867556816125,171.72357893883844,17931.49310326153
2459727.57931478,2022.4026812177412,26580.242092953584,0.7057051,62.3652,193.301,41.6463,1444.2933887215659,169.52206161318662,17927.62468321918
2459728.57763052,2022.4054144572756,26580.44597472736,0.7057781,62.3655,193.1757,41.6557,1442.4130175316368,168.42219538083097,17925.659293764984
2459729.57595156,2022.408147711321,26580.610940499046,0.7058461,62.3651,193.0511,41.6646,1440.6540725304612,167.32252392449962,17923.81130356777
2459732.07178095,2022.4149809197804,26581.072504444848,0.7060178,62.3652,192.7387,41.6872,1436.2258732162054,164.57276887901733,17919.173817925264
2459733.56929899,2022.4190809007257,26581.337527984964,0.7061238,62.3648,192.551,41.6999,1433.4861636416153,162.9217757387405,17916.296210108878
2459735.06684721,2022.423180964298,26581.6042389175,0.7062273,62.3645,192.3631,41.7132,1430.8133475982395,161.2711528527464,17913.490940869313
2459737.06362463,2022.42864784293,26581.945886376616,0.7063698,62.364,192.1124,41.7306,1427.1257870059417,159.06977654516703,17909.609965840995
2459737.56282673,2022.4300145837915,26582.02488617361,0.7064052,62.3641,192.0498,41.7351,1426.2079800511647,158.51964983506093,17908.641638691202
2459739.55967441,2022.4354816547848,26582.346995564734,0.7065498,62.3632,191.7987,41.7521,1422.45874231787,156.3174042774708,17904.68482587253
2459741.05733658,2022.4395820303355,26582.58135153972,0.7066585,62.3626,191.6101,41.7652,1419.6379875326893,154.66576907925293,17901.70402422553
2459742.05578201,2022.4423156249413,26582.732194942928,0.7067311,62.3626,191.4846,41.7746,1417.7523298054994,153.56557502109493,17899.70881152067
2459745.55034364,2022.4518832132517,26583.217827917146,0.7069871,62.3619,191.0443,41.8061,1411.0894470897047,149.71244322942283,17892.638829520285
2459749.54421706,2022.4628178427374,26583.69728947958,0.7072807,62.3611,190.5405,41.8413,1403.4249619883603,145.30737661451792,17884.471848687797
2459752.0404971,2022.4696522850102,26583.959104614325,0.7074652,62.3609,190.2249,41.8643,1398.5968598765303,142.55437739632328,17879.30960761023
2459754.03755668,2022.475119936153,26584.14509549008,0.7076152,62.3608,189.9725,41.8823,1394.6636469158475,140.35162298488552,17875.09261320714
2459755.0360883,2022.477853766735,26584.23393338369,0.7076887,62.361,189.8462,41.8917,1392.7356805715008,139.2505439754222,17873.02409412965
2459757.03314983,2022.4833214232171,26584.391171195984,0.7078342,62.3608,189.5937,41.9096,1388.913614045412,137.0475876418256,17868.915497060236
2459758.03167869,2022.4860552462426,26584.469392785726,0.7079062,62.3609,189.4674,41.9183,1387.0223859224743,135.94581135266452,17866.882039894637
2459759.0302089,2022.488789072964,26584.53522678682,0.7079777,62.361,189.3413,41.9272,1385.1408213573068,134.8444337329564,17864.85434158093
2459760.02874106,2022.4915229050234,26584.60008783433,0.7080493,62.3611,189.215,41.9361,1383.2563048632937,133.74285419154964,17862.82269107593
2459762.0258202,2022.496990609719,26584.713883206485,0.7081924,62.3611,188.9621,41.954,1379.4852549451634,131.53948050115977,17858.75038808751
2459764.02292755,2022.50245839165,26584.80316829738,0.7083354,62.3611,188.7089,41.9722,1375.70968216019,129.33607900602897,17854.662927446738
2459766.02006459,2022.5079262548666,26584.867677020808,0.7084799,62.3612,188.4556,41.9904,1371.886983691872,127.13254824801706,17850.513713083703
2459767.01864039,2022.510660206407,26584.893162056418,0.708554,62.3612,188.3288,41.9996,1369.9244725086946,126.03072569350627,17848.38025909723
2459769.01579016,2022.516128104476,26584.921567324338,0.7087023,62.3611,188.075,42.0181,1365.9902072419745,123.82698238868574,17844.094031296812
2459769.51507486,2022.5174950714847,26584.924487496373,0.7087383,62.3612,188.0117,42.0227,1365.0340005998214,123.27617426545794,17843.050621541162
2459770.01435766,2022.5188620332922,26584.927673139504,0.7087761,62.3611,187.9482,42.0273,1364.030018189611,122.7251680148197,17841.955014633797
2459771.51218974,2022.522962874031,26584.91767376288,0.7088864,62.3609,187.7576,42.0412,1361.094789712737,121.07216534881397,17838.744472275685
2459772.51073577,2022.5256967440664,26584.90563912738,0.7089599,62.3607,187.6306,42.0504,1359.1372957021977,119.97017213612656,17836.600961994773
2459775.00709218,2022.5325313954284,26584.848209326417,0.7091429,62.3603,187.3126,42.0734,1354.2555541048741,117.21469764580391,17831.24384965004
2459776.00564097,2022.5352652730187,26584.81254814232,0.7092158,62.3603,187.1853,42.0825,1352.3071489615268,116.11230171327082,17829.10050625546
2459777.50347664,2022.5393661235871,26584.746712424316,0.709324,62.3598,186.9941,42.0964,1349.411535380652,114.45869550862312,17825.909908618738
2459779.00132456,2022.5434670076934,26584.667249963473,0.709437,62.3601,186.8034,42.1102,1346.3843701511369,112.80547723036412,17822.569650695867
2459780.99845032,2022.5489348400279,26584.547349490058,0.7095865,62.3603,186.5489,42.1286,1342.375141681131,110.60095758993361,17818.139086376268
2459782.49627672,2022.5530356652155,26584.443908765694,0.7096967,62.3603,186.3578,42.1425,1339.4154953795805,108.94746052242073,17814.8620487498
2459783.99408064,2022.5571364288567,26584.326576878037,0.7098053,62.3602,186.1665,42.1563,1336.494375679149,107.29368561158856,17811.621390370958
2459784.99260429,2022.5598702376185,26584.24614422788,0.7098764,62.3603,186.0392,42.1653,1334.5808946495126,106.19121445736181,17809.496846410675
2459786.98962936,2022.5653377942776,26584.072273746366,0.7100171,62.3606,185.7844,42.1834,1330.7900717505663,103.98619406004184,17805.28162623903
2459787.98813505,2022.5680715538674,26583.979190056492,0.7100874,62.3608,185.657,42.1925,1328.8942253351706,102.88374060775433,17803.17080570778
2459788.98663767,2022.5708053050516,26583.879117150525,0.7101572,62.3608,185.5294,42.2017,1327.0096581764346,101.78119018144122,17801.06951329797
2459790.48439083,2022.5749059297198,26583.72480675226,0.7102614,62.3608,185.338,42.2155,1324.194908293669,100.12736530087386,17797.928666285778
2459792.98064294,2022.5817402955233,26583.435569268713,0.7104338,62.3606,185.0185,42.2388,1319.5281207379776,97.37079361158135,17792.707636896663
2459793.97913942,2022.5844740298978,26583.313736195458,0.7105036,62.3606,184.8907,42.2481,1317.637326699134,96.2681492367604,17790.59000258632
2459795.97610741,2022.589941430281,26583.055652879586,0.7106461,62.361,184.6348,42.2667,1313.774527077756,94.06258509882178,17786.259386582202
2459797.97301875,2022.5954086755648,26582.777404145072,0.7107887,62.3611,184.3787,42.2852,1309.9033106634206,91.85677679663468,17781.910879541432
2459798.97145042,2022.5981422324985,26582.631779888015,0.7108598,62.3612,184.2507,42.2944,1307.9711693631752,90.75389630052149,17779.73756392708
2459803.46427199,2022.6104429075706,26581.91722366145,0.7111753,62.3618,183.6739,42.3356,1299.3779675488522,85.79005327462971,17770.043541743133
2459804.96187084,2022.61454310976,26581.659881942258,0.711282,62.3626,183.4816,42.3493,1296.4673777946055,84.13538048642027,17766.75298051122
2459806.45946126,2022.618643288871,26581.397504188702,0.7113887,62.3633,183.2893,42.3628,1293.555389500657,82.48051600645223,17763.458235724946
2459808.95539807,2022.6254767914309,26580.936987617104,0.7115659,62.3634,182.9683,42.386,1288.7123371800508,79.72265508485273,17757.968191687934
2459809.95374563,2022.6282101180839,26580.748753009437,0.7116364,62.3636,182.8397,42.3952,1286.7841011133132,78.61925748983646,17755.779972483153
2459812.4495449,2022.6350432440797,26580.27906558374,0.7118066,62.3635,182.5183,42.4177,1282.1246968594023,75.86043213132174,17750.485558283555
2459813.44783946,2022.6377764256258,26580.087127730276,0.7118732,62.3637,182.3897,42.4267,1280.2991478341155,74.75688677466707,17748.40782918006
2459815.44439736,2022.6432427032446,26579.69609824333,0.7120062,62.364,182.1326,42.4447,1276.6513821782692,72.5499268319482,17744.252507458867
2459817.44092673,2022.648708902752,26579.29500060387,0.7121394,62.3643,181.8753,42.4628,1272.9955064508313,70.34289500928122,17740.083352722733
2459818.93830952,2022.6528085134019,26578.98669195484,0.7122369,62.3645,181.682,42.4766,1270.315305335671,68.68753517534356,17737.02099250777
2459820.93479592,2022.658274595263,26578.57217861121,0.7123675,62.3653,181.4241,42.4948,1266.7248621643885,66.48004570532555,17732.916924459078
2459821.43391113,2022.6596410982336,26578.468707564134,0.7124001,62.3655,181.3597,42.4994,1265.828642448575,65.9283046358945,17731.892290267915
2459823.43033594,2022.6651070114713,26578.04422150097,0.7125322,62.3657,181.1015,42.5178,1262.1956006575983,63.720775870362246,17727.736082167055
2459824.92760436,2022.669206308994,26577.716759771058,0.7126321,62.3654,180.9077,42.5318,1259.4463520502131,62.06522876217929,17724.5878542519
2459825.9257571,2022.6719391022584,26577.497543795653,0.7126991,62.3655,180.7784,42.5409,1257.6026640802793,60.96122318698224,17722.476305658638
2459828.42106179,2022.6787708741685,26576.937188530326,0.7128631,62.3659,180.4551,42.5637,1253.083055809314,58.20128529930315,17717.290562023103
2459829.4191643,2022.681503529911,26576.70702433195,0.7129287,62.3662,180.3258,42.5728,1251.2735351941055,57.097329232068205,17715.211722696386
2459830.91631124,2022.6856024948386,26576.35864850953,0.7130276,62.3668,180.1318,42.5865,1248.5451246235361,55.44140185808055,17712.07613373485
2459832.41344874,2022.6897014339215,26576.020275106323,0.7131166,62.3659,179.9371,42.6029,1246.0827549914375,53.787483788290984,17709.237263612355
2459833.41153107,2022.6924340344142,26575.78376494716,0.7131834,62.3663,179.8076,42.6121,1244.2396417973423,52.68344761089392,17707.117788903415
2459838.4017117,2022.7060964043806,26574.583700656134,0.7135181,62.3672,179.1588,42.658,1235.0009302729995,47.16209442298117,17696.483494926997
2459840.39765352,2022.7115609952639,26574.10155591069,0.7136476,62.368,178.8992,42.6753,1231.4214583787589,44.95254170502932,17692.354974806458
2459841.3956028,2022.714293231485,26573.860845330855,0.7137123,62.3688,178.7695,42.6838,1229.6332015298267,43.84773666534497,17690.291988334575
2459846.3852076,2022.7279540249144,26572.641464357494,0.7140287,62.3717,178.1201,42.7279,1220.8765239962167,38.32455103084072,17680.17113560601
2459851.37453685,2022.7416140639289,26571.437512620403,0.7143407,62.3732,177.4687,42.7747,1212.2419398488837,32.80233698560431,17670.183204941135
2459852.37234415,2022.744345911431,26571.196332108182,0.7144033,62.3737,177.3378,42.7845,1210.5096875022018,31.69777188480566,17668.17865527326
2459853.86901547,2022.7484435741824,26570.84177399263,0.7145006,62.3731,177.1418,42.8006,1207.82308396983,30.042713294311483,17665.075920420313
2459854.86677078,2022.7511752793434,26570.59892795095,0.7145632,62.3735,177.0111,42.81,1206.0904320777508,28.937999436374298,17663.069565931277
2459856.36338696,2022.7552727911288,26570.24845469096,0.7146537,62.3743,176.8151,42.824,1203.5857866267852,27.28089519365824,17660.168926679176
2459858.85771266,2022.7621018827103,26569.646597295916,0.7148122,62.3759,176.4881,42.8478,1199.202759860308,24.519222224245794,17655.095372504227
2459859.35657449,2022.763467691965,26569.52792645718,0.7148444,62.3763,176.4227,42.8525,1198.3133775856513,23.966830892617452,17654.066834075038
2459860.85314926,2022.7675650903764,26569.176074767354,0.7149431,62.3773,176.2263,42.8666,1195.5906674273483,22.309467464547566,17650.92159351226
2459862.84853415,2022.7730281564684,26568.700890246473,0.7150717,62.3786,175.9642,42.8863,1192.0384778664147,20.100363671409923,17646.811390535342
2459863.84619855,2022.775759612731,26568.464631250765,0.7151375,62.3792,175.8329,42.8959,1190.222956019671,18.995339416877982,17644.712465583696
2459865.84146891,2022.7812223652572,26567.999285306512,0.7152672,62.3805,175.5703,42.9147,1186.644526903322,16.7849485073815,17640.574563619306
2459866.83907505,2022.783953662012,26567.766222412258,0.7153332,62.3812,175.439,42.9237,1184.8246936821852,15.67938167571296,17638.470949468192
2459868.83424681,2022.789416144586,26567.30514753703,0.7154581,62.3829,175.1765,42.9424,1181.3751845599672,13.469087949017705,17634.475889081634
2459869.83181555,2022.7921473389463,26567.077753728678,0.71552,62.3837,175.0452,42.952,1179.665979380733,12.364157979365899,17632.49628432778
2459871.8269295,2022.797609663244,26566.62660256163,0.7156457,62.3849,174.7823,42.9716,1176.1982109327892,10.154421232171728,17628.48252763031
2459872.82447666,2022.8003407985223,26566.400283304367,0.7157077,62.3856,174.6506,42.9816,1174.4867392612514,9.049512532013978,17626.499863260422
2459874.81954871,2022.8058030081033,26565.960644097184,0.7158309,62.3868,174.3872,43.0018,1171.0888268685158,6.839917082760508,17622.566000565992
2459877.31331677,2022.8126305729497,26565.409199536087,0.7159928,62.3886,174.0576,43.0267,1166.631183614486,4.077293738089367,17617.412229365407
2459879.30824652,2022.818092392936,26564.97039624715,0.7161203,62.3899,173.7935,43.0471,1163.1195265955212,1.8673385430324743,17613.349203611033
2459880.3056791,2022.820823214511,26564.751796298377,0.7161843,62.3905,173.6614,43.0574,1161.357326392681,0.7624427760832759,17611.31039126843
2459881.30309181,2022.823553981684,26564.53240596227,0.7162483,62.3911,173.5292,43.0677,1159.5949298968853,359.6574665937583,17609.270764132194
2459883.79656646,2022.8303807432164,26563.981742041076,0.7164085,62.393,173.1987,43.0934,1155.1831281980421,356.8950324420724,17604.16305152833
2459884.79394662,2022.8331114212733,26563.764840398155,0.7164731,62.3939,173.0665,43.1038,1153.405597527084,355.7901883416091,17602.106284965306
2459890.27941847,2022.848129824695,26562.562776870032,0.716836,62.3985,172.3382,43.1621,1143.425226149625,349.7135631097775,17590.557438970354
2459894.26854958,2022.8590514704451,26561.70078712359,0.7170987,62.4014,171.807,43.2051,1136.2033828882877,345.29357063971116,17582.196876356073
2459894.76717355,2022.860416628474,26561.595537686007,0.7171293,62.4018,171.7406,43.2104,1135.3608228621179,344.741013749398,17581.21948923897
2459895.76441001,2022.8631469131008,26561.380803812073,0.7171923,62.4027,171.6079,43.2211,1133.6267139502434,343.63611128370786,17579.2083062782
2459897.26024875,2022.8672422963723,26561.065244719583,0.7172891,62.4044,171.4087,43.2371,1130.9663602933933,341.9785733059741,17576.127072529795
2459897.75885791,2022.8686074138536,26560.956734818938,0.7173194,62.4046,171.3421,43.2429,1130.1308863726563,341.42633101267796,17575.156016080808
2459899.75328221,2022.8740678499928,26560.540275456908,0.7174472,62.4062,171.0762,43.2649,1126.6187243431214,339.21667400260446,17571.086822464906
2459900.25188379,2022.875432946721,26560.436626670893,0.7174793,62.4067,171.0097,43.2703,1125.7368480726982,338.66413918039075,17570.065195623578
2459901.24908293,2022.8781631291715,26560.229685271264,0.717543,62.4075,170.8766,43.2815,1123.986496212664,337.5593734982316,17568.036803769
2459902.24627301,2022.8808932868174,26560.023807298527,0.7176067,62.4084,170.7434,43.2929,1122.2364710215934,336.45471674575515,17566.00882401362
2459906.23488445,2022.8918135097883,26559.20995740827,0.7178676,62.4126,170.2104,43.338,1115.0773473874915,332.03553647617844,17557.71908126917
2459907.2319886,2022.8945434321697,26559.008336374125,0.7179353,62.4144,170.0768,43.3493,1113.2224186968651,330.9304644189027,17555.573523933886
2459910.22319633,2022.902732912608,26558.3911385005,0.7181367,62.4164,169.6759,43.3833,1107.6994689885096,327.6153514611782,17549.177267921455
2459910.72172231,2022.9040978023545,26558.287422411333,0.7181702,62.4169,169.6092,43.3889,1106.780532600702,327.0628911524193,17548.112361428248
2459912.21729612,2022.908192460287,26557.978663401387,0.7182708,62.418,169.4089,43.4059,1104.0217824571428,325.40551429672803,17544.915758385196
2459913.21434365,2022.9109222276518,26557.773182104065,0.7183387,62.4189,169.2753,43.4174,1102.160619576568,324.30069804537237,17542.759722118484
2459915.20842382,2022.916381721615,26557.35887751942,0.7184748,62.4207,169.0079,43.4407,1098.4294694654309,322.0911802186204,17538.4355096355
2459917.20245633,2022.9218410850922,26556.94132356821,0.7186164,62.4224,168.7403,43.4636,1094.5514546143868,319.88110936678595,17533.94403280317
2459919.69489311,2022.9286650050926,26556.419293892584,0.7187764,62.4218,168.4046,43.4947,1090.1555369379312,317.1198981666593,17528.83401587272
2459919.69489384,2022.9286650070903,26556.42150021931,0.7187801,62.4223,168.4045,43.4941,1090.057898649523,317.1191974474564,17528.725249355095
2459921.19030306,2022.9327592144018,26556.112530686183,0.7188744,62.4224,168.2033,43.5124,1087.4667688566706,315.46238281538473,17525.711785280517
2459922.18722561,2022.9354886395893,26555.909026956684,0.7189402,62.4225,168.069,43.5239,1085.6621799346394,314.3569897478268,17523.616667348793
2459928.16860731,2022.9518647701846,26554.684998094108,0.7193263,62.4255,167.2628,43.5952,1075.065390749567,307.7266827335441,17511.29691785445
2459928.66704611,2022.953229421246,26554.583347653563,0.7193586,62.4263,167.1965,43.6007,1074.1791471021834,307.1746083513981,17510.26628752267
2459930.16234631,2022.9573233300753,26554.28316687443,0.7194576,62.4272,166.9948,43.6186,1071.4660299145517,305.51700117291495,17507.114420574915
2459931.15919636,2022.9600525567694,26554.083315768876,0.7195241,62.4276,166.8602,43.6307,1069.6441166652594,304.41197956300425,17504.99803378663
2459933.1528419,2022.9655108607803,26553.68265430469,0.7196587,62.4291,166.5914,43.6545,1065.957615095227,302.2019901190889,17500.71588989221
2459934.14963367,2022.968239927913,26553.480873467255,0.7197251,62.4295,166.4567,43.6666,1064.1378964629475,301.0969259513193,17498.600242265118
2459936.14316124,2022.9736979089391,26553.073882506083,0.7198578,62.4306,166.1873,43.6905,1060.500234207796,298.88655278189776,17494.36871084181
2459937.1399055,2022.9764268459965,26552.86973119677,0.7199241,62.4312,166.0527,43.7024,1058.6825875476943,297.78143544125635,17492.253525913377
2459940.13011202,2022.98461358527,26552.25050799087,0.7201262,62.4329,165.6489,43.7381,1053.1429482233334,294.4661093028347,17485.805935790366
2459941.12684385,2022.987342488296,26552.042667405054,0.7201956,62.4342,165.5145,43.7499,1051.2420673276692,293.3611042134271,17483.594341449065
2459944.11698257,2022.9955290419437,26551.408584672597,0.7204016,62.4358,165.1064,43.7856,1045.5950580207236,290.04154490028685,17477.01630381749
2459945.11366284,2022.9982578038052,26551.195732609613,0.7204684,62.4347,164.9728,43.7983,1043.7619250495372,288.93829063011077,17474.87780350097
2459947.10696522,2023.003715168296,26550.770570517787,0.7205987,62.4351,164.7028,43.8224,1040.1835134044104,286.7277394134871,17470.69895048389
2459949.10020155,2023.0091723519506,26550.345249040558,0.7207277,62.4358,164.4323,43.8459,1036.6396834936304,284.5161532978011,17466.557679657573
2459950.09680233,2023.011900896181,26550.13285929185,0.7207724,62.4397,164.3099,43.8678,1035.3935779812018,283.433377374842,17465.07963422036
2459952.08998626,2023.0173579363725,26549.70694597173,0.7209717,62.4377,164.0061,43.8552,1029.9832946326842,281.1524429059077,17458.830553415497
2459954.08314143,2023.0228148978229,26549.273465071074,0.7210619,62.4389,163.7497,43.893,1027.4675967273406,278.96933678375683,17455.843066193265
2459955.0797155,2023.0255433689258,26549.072297138246,0.7211066,62.4403,163.6228,43.9169,1026.224739794694,277.88408718674214,17454.371336148997
2459957.07282789,2023.0310002132514,26548.641664172057,0.7212369,62.4384,163.3458,43.9408,1022.6453510937627,275.6665232295205,17450.182847270928
2459960.06238956,2023.0391851870227,26548.007167180403,0.7214205,62.4399,162.944,43.9817,1017.5942626295327,272.35903267182607,17444.26072757127
2459961.05886959,2023.0419134006572,26547.792796014524,0.721485,62.4401,162.808,43.9941,1015.8222105819841,271.2532757634009,17442.185270592392
2459964.04819884,2023.0500977380975,26547.141948990124,0.7216747,62.4405,162.4005,44.0282,1010.6049470952603,267.9335142848973,17436.066045713982
2459967.03745019,2023.0582818622593,26546.481090411213,0.721871,62.4413,161.99,44.0606,1005.2099391949787,264.60912958669496,17429.73946699771
2459970.02666475,2023.0664658856952,26545.805284914622,0.7220679,62.4419,161.5807,44.0952,999.79510902742,261.2881811497171,17423.38224909374
2459972.01940628,2023.0719217146611,26545.34613202056,0.7221966,62.4423,161.3082,44.1188,996.2511096521612,259.07518272195773,17419.214015284186
2459973.01574693,2023.0746495466944,26545.115681427033,0.7222616,62.4424,161.171,44.1308,994.4616571744546,257.9679631899987,17417.109338851686
2459975.00836823,2023.0801050464886,26544.65294398212,0.722385,62.4428,160.8976,44.1521,991.0575270435947,255.7518832641076,17413.096294416777
2459977.00092927,2023.0855603813004,26544.1904911574,0.7225051,62.444,160.6248,44.1755,987.7411859246731,253.5385627318875,17409.181585060873
2459977.99719441,2023.0882880065978,26543.957068558884,0.722554,62.4456,160.4959,44.1906,986.3784128433872,252.4428176248041,17407.557776046775
2459979.98970579,2023.093743205448,26543.490238756407,0.7226587,62.4474,160.2304,44.218,983.4697893540124,250.2408460387676,17404.10207665561
2459981.98219124,2023.0991983333058,26543.02034451594,0.7227729,62.4471,159.9546,44.2391,980.3082553511531,248.02230000990696,17400.357700303262
2459982.97842235,2023.101925865434,26542.783245768467,0.7228685,62.4461,159.7988,44.2349,977.7050350746831,246.88038844374574,17397.324884755006
2459983.97464075,2023.1046533627648,26542.548620175687,0.7229151,62.4473,159.669,44.2511,976.4031301665173,245.78488940465533,17395.768271116172
2459985.96703275,2023.1101082347711,26542.081676028054,0.7230439,62.4468,159.3881,44.2674,972.855126874194,243.55653548241315,17391.584047448043
2459986.96319866,2023.1128355883914,26541.846889674634,0.7230995,62.447,159.2522,44.2815,971.3143746743508,242.4528881791139,17389.75567905567
2459988.95546435,2023.1182901145792,26541.375305596874,0.7232099,62.4476,158.9813,44.3045,968.2536249736904,240.24135875148238,17386.121066809883
2459990.94765043,2023.1237444228057,26540.89554691726,0.7233133,62.4484,158.7133,44.3318,965.3765039212312,238.03710778993872,17382.691186629752
2459991.94372522,2023.126471526954,26540.653737020202,0.7233778,62.4485,158.5727,44.3392,963.5977261727503,236.92215029658195,17380.58890537046
2459993.93585888,2023.1319256916638,26540.16660902454,0.723503,62.4489,158.2946,44.3588,960.1401468954582,234.7001510010658,17376.495714680965
2459994.93192017,2023.1346527588496,26539.920145578573,0.7235528,62.45,158.1638,44.3738,958.7503124687892,233.60260681410944,17374.83277640951
2459996.92402139,2023.1401068347427,26539.424944941315,0.7236728,62.4506,157.8882,44.3952,955.4286846457871,231.38493949259987,17370.889580156352
2459997.92005051,2023.1428338138542,26539.174093219728,0.7237314,62.4511,157.7522,44.4071,953.8041718900831,230.2791270125296,17368.957702431766
2459999.91204684,2023.1482876025734,26538.67038112832,0.7238623,62.4504,157.4686,44.4216,950.1911001028984,228.0466630735629,17364.67847148195
2460000.90801078,2023.1510144032304,26538.416816025627,0.7239241,62.4504,157.3288,44.4316,948.4810070594103,226.9352148370807,17362.647439954773
2460002.89988036,2023.1564678449279,26537.91199457364,0.7240341,62.451,157.055,44.4525,945.4224677033089,224.71907582599152,17358.996667443218
2460003.89579317,2023.1591945055995,26537.66144289333,0.7240882,62.4516,156.9176,44.4626,943.9176364992973,223.610177984196,17357.199352045955
2460005.88758817,2023.1646477431073,26537.155071686495,0.7242022,62.4522,156.6405,44.4838,940.7526870299771,221.39111248142268,17353.42547761591
2460006.88347499,2023.167374332621,26536.902247505222,0.7242632,62.4521,156.4991,44.4925,939.0642076398981,220.27684025646766,17351.417598421274
2460008.87522635,2023.1728274506504,26536.398290856858,0.7243717,62.4532,156.2225,44.5128,936.0460490317828,218.05741776587973,17347.810074728375
2460009.87108833,2023.1755539721564,26536.14936042842,0.7244246,62.4531,156.0818,44.5232,934.5736744598062,216.94557002365443,17346.04879121764
2460011.86277324,2023.1810069082549,26535.656361519927,0.7245338,62.4534,155.8008,44.5405,931.5401224137204,214.7188130282611,17342.4260326236
2460012.85858956,2023.1837333047497,26535.408857748196,0.7245909,62.4546,155.6659,44.549,929.9567716444581,213.61091029014375,17340.53809719941
2460014.85015835,2023.1891859229297,26534.922674971804,0.7246967,62.4555,155.3902,44.5752,927.0154776645659,211.39846774530537,17337.021322506316
2460015.84590721,2023.1919121347294,26534.677478193473,0.7247505,62.4557,155.2507,44.5883,925.5204085340147,210.29063149742439,17335.234041749005
2460017.83734619,2023.1973643975089,26534.191064711333,0.7248607,62.4565,154.9723,44.6088,922.4624556109302,208.06991689680274,17331.58280481729
2460019.82873433,2023.202816521095,26533.705289971258,0.7249734,62.4572,154.6916,44.6296,919.3384513028095,205.84725240584854,17327.855463935066
2460020.824421,2023.2055425626288,26533.463908000445,0.7250303,62.4578,154.5528,44.6384,917.7623107437093,204.73587745360123,17325.975789096952
2460023.81145105,2023.2137206052018,26532.740235307494,0.7252027,62.4595,154.133,44.6716,912.9890782638649,201.40518212732474,17320.28420440109
2460024.8071052,2023.2164465577,26532.499491665374,0.7252609,62.4602,153.993,44.6823,911.3787310906027,200.29453922802634,17318.36464006799
2460026.79835183,2023.2218982938532,26532.018108814013,0.7253763,62.4603,153.7107,44.7045,908.1846815095078,198.0718142128595,17314.55514074319
2460027.79394169,2023.2246240703357,26531.779582764022,0.7254326,62.4612,153.5714,44.7155,906.6254374126029,196.9622346791429,17312.693861144755
2460029.78506136,2023.2300754588907,26531.306420706747,0.7255458,62.4617,153.2892,44.7358,903.4921786499335,194.7378347993075,17308.954972785534
2460030.78059936,2023.2328010933877,26531.075746445087,0.7256007,62.4616,153.1472,44.7475,901.9723130715092,193.62630638039917,17307.14056353461
2460032.7716467,2023.2382522839148,26530.616878050678,0.7257103,62.4616,152.863,44.7729,898.9386442954565,191.4050777906857,17303.518775422373
2460033.76716047,2023.2409778520744,26530.390532587204,0.7257672,62.4571,152.7106,44.787,897.3669808448813,190.28557325326014,17301.64589258714
2460034.7626692,2023.2437034064342,26530.165512477783,0.7258252,62.4547,152.5631,44.7961,895.7665233504949,189.16597368370378,17299.740278709192
2460036.75366787,2023.24915446371,26529.72710671978,0.7259349,62.4572,152.2834,44.8145,892.7360124758661,186.942293064408,17296.127020658227
2460038.74462597,2023.2546054099105,26529.3066767652,0.7260428,62.46,152.0044,44.8331,889.7582751078999,184.71955243224184,17292.579226784128
2460039.74008335,2023.257330823682,26529.104126319373,0.7260983,62.4604,151.8622,44.8419,888.2304196758914,183.60500347446313,17290.762966940463
2460041.23323566,2023.2614188519096,26528.802816577558,0.726192,62.4678,151.6643,44.8301,885.6621416014696,181.92361331251817,17287.72257603657
2460041.73094375,2023.262781502396,26528.70845548453,0.7262192,62.469,151.5958,44.8347,884.9147239093209,181.36915913745503,17286.83537161217
2460043.72171919,2023.2682319485011,26528.32168939943,0.726332,62.4698,151.3121,44.8552,881.8164400945634,179.14379853961955,17283.158467021676
2460044.71708191,2023.2709571031075,26528.133856791417,0.7263883,62.4709,151.1717,44.8651,880.2715023842566,178.03224288131617,17281.326314664355
2460046.70777902,2023.276407334757,26527.765858869177,0.7265018,62.473,150.89,44.8853,877.1599124221748,175.8086594874064,17277.638955818456
2460048.69846855,2023.281857545654,26527.412219698217,0.7266184,62.4749,150.6077,44.9057,873.9700964806498,173.5846835645754,17273.86578109404
2460050.68915284,2023.2873077422041,26527.070297560356,0.7267382,62.4769,150.3253,44.9264,870.6986782378781,171.36091280651382,17270.00193946621
2460051.68448373,2023.290032809664,26526.904577101006,0.7268003,62.4772,150.1835,44.9368,869.0060723926226,170.24848852096827,17268.00613621711
2460053.67509864,2023.2954828162626,26526.582384507885,0.7269208,62.4791,149.9014,44.9576,865.7215962955042,168.02518614546676,17264.13220051349
2460054.6703789,2023.2982077451065,26526.42820019983,0.7269801,62.4794,149.7586,44.9684,864.1064745757367,166.91221176167633,17262.22821454861
2460055.66564202,2023.3009326270221,26526.27815426575,0.7270391,62.4792,149.615,44.9794,862.5004586387167,165.798654272041,17260.335780628946
2460056.66089217,2023.303657473429,26526.13479857823,0.7270975,62.48,149.4733,44.99,860.9122018689968,164.68660956558108,17258.46569052503
2460059.64660191,2023.3118319011903,26525.735014526846,0.7272733,62.4825,149.0481,45.0214,856.1398755863584,161.35001557147956,17252.85528752316
2460060.64183562,2023.3145567025877,26525.61208153922,0.727332,62.4837,148.9071,45.032,854.5492950491371,160.23868706842626,17250.98829747893
2460064.62277221,2023.3254559129632,26525.188734811687,0.727565,62.4885,148.3436,45.0751,848.2534929684216,155.79457133324632,17243.61696370078
2460066.11560922,2023.3295430779472,26525.063784318958,0.7276557,62.4875,148.1279,45.0915,845.8136287956968,154.1238919389944,17240.772275026997
2460067.11082198,2023.3322678219852,26524.987758823707,0.7277185,62.4884,147.9848,45.1005,844.127154454156,153.00888408537077,17238.809069732753
2460070.09638854,2023.340441857742,26524.806584521157,0.7278995,62.4887,147.5559,45.1324,839.2768340514976,149.6692312129164,17233.17368446349
2460077.56016481,2023.3608765634774,26524.59778475481,0.7283552,62.4914,146.4872,45.2201,827.1327603201635,141.3317371481007,17219.134539059338
2460079.55054345,2023.3663259232028,26524.599192577654,0.7284805,62.4869,146.1972,45.241,823.8096104690885,139.10086764699685,17215.30952552191
2460081.54089456,2023.3717752075565,26524.62611722551,0.7286084,62.4851,145.9084,45.2637,820.4244213556176,136.87302527962333,17211.420343564983
2460083.0336373,2023.3758621144425,26524.66289675685,0.7287048,62.4884,145.6957,45.2827,817.877425508228,135.20803880069073,17208.498810822355
2460084.02879632,2023.378586711348,26524.700204354303,0.7287671,62.4878,145.5517,45.2942,816.2350580576103,134.09468391472885,17206.61909429921
2460085.5215393,2023.3826736188917,26524.765932917086,0.7288605,62.4876,145.3365,45.3117,813.7754726681715,132.4256971989693,17203.80677141048
2460087.01430114,2023.3867605780695,26524.84908409195,0.7289539,62.4872,145.1198,45.3295,811.3205973316944,130.7554918950043,17201.005011378507
2460089.00468948,2023.3922099643537,26524.983447208935,0.7290766,62.4869,144.8326,45.354,808.1024004615665,128.53101283267915,17197.339493688516
2460090.4975098,2023.396297083641,26525.10496502301,0.7291684,62.4867,144.6172,45.3724,805.7003178451241,126.86264988922005,17194.609845104213
2460091.99034984,2023.4003842569196,26525.24909874589,0.7292588,62.4827,144.3971,45.389,803.3414712933818,125.1877675089224,17191.936977435344
2460092.98558139,2023.4031090524027,26525.352668570136,0.7293198,62.4828,144.2537,45.4021,801.7514653990993,124.07654113502167,17190.137073883554
2460093.48319849,2023.4044714537713,26525.408809645065,0.7293502,62.4825,144.1812,45.4087,800.9602892486764,123.52017664230794,17189.24288517826
2460095.97128235,2023.4112834561256,26525.718118856435,0.7295042,62.4819,143.8229,45.4401,796.959043134565,120.74095579476224,17184.728014409095
2460096.46889749,2023.4126458521282,26525.78059777186,0.7295382,62.4814,143.7501,45.4466,796.0740668784529,120.18419323384435,17183.727181114216
2460097.96174261,2023.4167330393161,26525.987308805765,0.7296305,62.4799,143.5336,45.4653,793.6816256881611,118.51500584620538,17181.033734281256
2460098.95697632,2023.419457840712,26526.132334531776,0.7296935,62.48,143.3904,45.4779,792.0496898841138,117.40347734361231,17179.197420077577
2460102.93804,2023.4303573990414,26526.76174099114,0.7299446,62.4758,142.8108,45.5294,785.5589526680569,112.95153634504769,17171.908170711333
2460103.43569418,2023.4317199019301,26526.845523861255,0.729979,62.4757,142.7383,45.5363,784.6690551985384,112.39543530517159,17170.907545561942
2460105.92401784,2023.4385325608216,26527.284426659957,0.7301394,62.4741,142.3786,45.5678,780.5325917491118,109.61467810424912,17166.271671146176
2460106.42169054,2023.4398951144146,26527.366541431347,0.7301773,62.4738,142.3061,45.5748,779.549364098667,109.05865881075431,17165.161979685297
2460107.41703435,2023.442620217248,26527.545823156564,0.7302419,62.4728,142.1613,45.5884,777.8840589176507,107.94642179068404,17163.295673672837
2460108.41237977,2023.4453453244903,26527.730916893266,0.7303088,62.4719,142.0166,45.6013,776.1592842540458,106.83358318350184,17161.36215665932
2460109.90540001,2023.4494329911288,26528.01608902638,0.7304037,62.4699,141.7989,45.6211,773.7186839419828,105.16412319360273,17158.633331404868
2460110.90075401,2023.4521581218612,26528.212809455425,0.7304666,62.4686,141.6538,45.6342,772.1030944560734,104.0510761299333,17156.829195117916
2460112.89149642,2023.4576084775356,26528.624481859242,0.7305857,62.4661,141.3634,45.6601,769.0544947429698,101.82444808715695,17153.437452722188
2460113.88689441,2023.4603337287065,26528.833360879777,0.7306482,62.4648,141.2182,45.6733,767.4527176530182,100.71135766569961,17151.652427745918
2460115.87775266,2023.4657844015328,26529.250515063424,0.730774,62.4623,140.9278,45.7004,764.2276991684648,98.48581544820524,17148.05633222766
2460116.3754798,2023.4671471041756,26529.35993382594,0.730805,62.4616,140.8551,45.7071,763.4347473862726,97.92924249676221,17147.174231072713
2460118.36643151,2023.4725980328817,26529.80730368864,0.7309243,62.4587,140.5642,45.7339,760.3901711051349,95.70280816255402,17143.795728384583
2460123.84177817,2023.487588715044,26531.125842833717,0.7312592,62.4501,139.7627,45.8091,751.8596839038073,89.57986258413104,17134.345036819726
2460129.81522334,2023.503943116605,26532.62497002203,0.7316259,62.4403,138.8869,45.8923,742.5330469671871,82.89967802223242,17124.0207904268
2460134.29577976,2023.5162102115264,26533.746416159018,0.7319082,62.4324,138.2283,45.9565,735.3435374516203,77.88912385051935,17116.043191414163
2460138.77649884,2023.528477751787,26534.84657881373,0.7321763,62.4238,137.5683,46.0203,728.5244896702343,72.87660935669277,17108.482659029116
2460142.75961819,2023.5393829382344,26535.82459691569,0.7324062,62.4166,136.9813,46.0765,722.6858400221372,68.41994223561548,17102.016340671664
2460149.73077713,2023.5584689312252,26537.519519090558,0.7327959,62.404,135.9517,46.1766,712.7977193310271,60.619484758937375,17091.067938891494
2460151.72261233,2023.5639222787959,26538.003794524728,0.7329081,62.4001,135.6567,46.2055,709.9495556868205,58.3901796334562,17087.9106975023
2460157.20037434,2023.5789195738266,26539.27691791873,0.7332184,62.3907,134.8451,46.2846,702.054459005426,52.25865342241792,17079.130267149016
2460162.18069673,2023.592554953402,26540.40699790469,0.733525,62.3819,134.1063,46.3591,694.2186547666524,46.68561677532574,17070.363419284917
2460168.15728906,2023.6089179714163,26541.580469857417,0.7338665,62.3709,133.2161,46.4484,685.4674059747995,39.994030290104234,17060.53356316106
2460173.6363261,2023.62391875729,26542.64380949809,0.7341223,62.3639,132.4001,46.5251,678.9607879885907,33.854447375563154,17053.281900100046
2460179.11563973,2023.6389203004242,26543.737490277512,0.7343766,62.3564,131.5818,46.6036,672.5015008749779,27.714091847337528,17046.090130576264
2460182.1044347,2023.6471031750862,26544.340878676503,0.7345446,62.3527,131.1353,46.6486,668.2023256854227,24.36675696898567,17041.259133998814
2460183.10073326,2023.6498308918826,26544.534552025118,0.734603,62.3511,130.9858,46.6642,666.70353650381,23.250878922226917,17039.568852063392
2460184.59522219,2023.6539225795757,26544.817002330976,0.7346929,62.3483,130.7607,46.6881,664.3921189191251,21.57667135275176,17036.956174361872
2460186.08975456,2023.6580143862013,26545.094523245258,0.7347805,62.3465,130.5363,46.7113,662.1403969078465,19.90242096752749,17034.41109648642
2460187.08612528,2023.6607423005607,26545.27410465274,0.7348408,62.3453,130.3867,46.7269,660.587345370438,18.78637179816846,17032.651416900335
2460189.0788802,2023.666198166188,26545.636362301684,0.7349659,62.3429,130.0873,46.7583,657.3625422099021,16.554260172325826,17028.993061070876
2460189.57706758,2023.6675621288982,26545.71905998833,0.7349954,62.3425,130.0127,46.766,656.6013612045836,15.996333596643268,17028.128420966885
2460190.57344253,2023.670290054839,26545.89062888494,0.7350571,62.3413,129.8631,46.7818,655.0089462995993,14.880480258018679,17026.31885168435
2460192.06800601,2023.6743819466387,26546.134938608833,0.7351473,62.3394,129.6384,46.8055,652.6792130548847,13.20639921005909,17023.668618819742
2460193.06438857,2023.6771098934153,26546.29108464992,0.7352049,62.3378,129.4879,46.8215,651.1915023889833,12.089838370520624,17021.975928028132
2460194.5589863,2023.6812018789874,26546.524911247918,0.735282,62.3358,129.2629,46.8448,649.2066814557265,10.415023564547909,17019.725628222004
2460196.05362184,2023.6852939680773,26546.76526778577,0.7353539,62.3338,129.0375,46.8677,647.3615957349593,8.739371492209841,17017.64090137486
2460197.05006779,2023.6880220884048,26546.92539093463,0.7354006,62.3328,128.8876,46.8826,646.1642302860691,7.622248174274375,17016.289155738905
2460199.04300533,2023.6934784540178,26547.247319836682,0.7354913,62.3309,128.5876,46.9124,643.8415771484861,5.387756553573126,17013.670247736543
2460200.03949138,2023.6962066841345,26547.40603940347,0.7355376,62.3303,128.4378,46.9272,642.6544149551364,4.270593711608171,17012.329467225205
2460201.53423413,2023.7002990667484,26547.649325833387,0.7356043,62.3288,128.2125,46.9497,640.9480268582465,2.594535970606813,17010.40695809968
2460202.5307351,2023.7030273377143,26547.817398655767,0.7356485,62.3277,128.0621,46.9649,639.8190510607492,1.477158422847367,17009.137133470427
2460204.02549049,2023.7071197549344,26548.06863104021,0.7357168,62.3265,127.8366,46.9876,638.0722316309266,359.80108822361854,17007.16914306197
2460207.51326837,2023.7166687703495,26548.655950711684,0.7358939,62.3243,127.3106,47.0417,633.525683384255,355.8915426741546,17002.02309626358
2460210.004604,2023.7234896755651,26549.076265780473,0.7360366,62.3219,126.9337,47.0829,629.8481379747163,353.1003167965856,16997.84061273024
2460211.99775533,2023.7289466265026,26549.395084884913,0.7361536,62.3194,126.6311,47.1168,626.8260153245792,350.8671144590841,16994.39347134848
2460212.49605459,2023.730310895524,26549.473225688773,0.7361827,62.3188,126.5555,47.1253,626.0740428235031,350.30887761128895,16993.535170866053
2460215.485899,2023.738496643395,26549.927000524327,0.7363651,62.3161,126.1016,47.1763,621.3510497905309,346.95910837786045,16988.130494131725
2460217.47912929,2023.7439538105139,26550.222648127477,0.7364904,62.3145,125.7993,47.2107,618.1022499190121,344.72662821499193,16984.40569900968
2460218.97404504,2023.7480466667764,26550.4241906653,0.7365841,62.3129,125.572,47.2369,615.6675835658725,343.05209996049234,16981.606842700487
2460220.96728276,2023.7535038542367,26550.685275525546,0.7366986,62.3108,125.2685,47.2715,612.6963040052624,340.81861247478724,16978.195067834884
2460221.96392031,2023.756232499138,26550.81705525387,0.7367509,62.3096,125.1166,47.2887,611.3423940602315,339.70160031033595,16976.644287693347
2460223.45890632,2023.7603255477616,26551.01393403887,0.7368252,62.3081,124.8892,47.3138,609.4214818878936,338.0258028058256,16974.446920671715
2460224.45558426,2023.7630543032449,26551.148099495447,0.7368736,62.3073,124.7376,47.3304,608.1717152870779,336.9084508318672,16973.019035823738
2460225.95062699,2023.767147507159,26551.35486404371,0.7369447,62.3062,124.5102,47.3552,606.3383191674775,335.2322974227603,16970.927253098613
2460227.44569133,2023.7712407702393,26551.561897255553,0.7370161,62.3052,124.283,47.3799,604.4969988316661,333.55622271386414,16968.825787613598
2460231.43257054,2023.7821562506226,26552.13908869908,0.7372039,62.302,123.6757,47.4467,599.6622991676722,329.08614977588854,16963.317004366607
2460233.42601554,2023.7876140055853,26552.45385341701,0.7373064,62.301,123.3722,47.4807,597.0233915879853,326.8518579892972,16960.308795026394
2460240.40340381,2023.806717053553,26553.53134037451,0.7377122,62.2943,122.3054,47.6072,586.5310174978804,319.03446072092845,16948.281957636143
2460243.39389546,2023.8149045734697,26553.97073022355,0.7378974,62.2915,121.8477,47.6627,581.7284687154906,315.6847535508904,16942.75466661215
2460245.38754632,2023.8203628920464,26554.250078683304,0.7380237,62.2912,121.5431,47.6992,578.4478848881618,313.45165886326515,16938.970492538894
2460245.88595849,2023.8217274701983,26554.31784340935,0.7380558,62.2911,121.4676,47.7076,577.6132440375859,312.89331072858147,16938.00642432219
2460247.38119981,2023.825821217824,26554.508786967985,0.7381374,62.2889,121.2445,47.736,575.4964126782806,311.22486158338904,16935.567200786965
2460247.87961827,2023.8271858131961,26554.573994450097,0.738166,62.2884,121.1673,47.7453,574.7540272628466,310.6657072494239,16934.711037795463
2460249.37489501,2023.8312796577964,26554.76961929831,0.7382473,62.2867,120.9375,47.7724,572.646345729303,308.9892231932883,16932.28339434996
2460251.36865601,2023.836738277919,26555.039017464867,0.738347,62.2842,120.6316,47.8086,570.0693240367355,306.754419949174,16929.324298217092
2460254.35940266,2023.8449264959886,26555.446171977343,0.7384913,62.2823,120.1758,47.8606,566.3439063537726,303.40286144412585,16925.05083315199
2460255.35633491,2023.847655947734,26555.59186543065,0.7385395,62.2813,120.0217,47.8785,565.1020269314304,302.2840588158069,16923.62912936723
2460261.33796367,2023.8640327547434,26556.508429856964,0.7388398,62.2757,119.1026,47.9866,557.3667528431297,295.57740829237775,16914.772247296238
2460262.83339863,2023.8681270325255,26556.755984651503,0.7389251,62.2743,118.872,48.0143,555.1661130172924,293.9005682908481,16912.246768378987
2460263.8303728,2023.870856599042,26556.918111898176,0.7389822,62.273,118.7183,48.0334,553.6920403478143,292.7833243448524,16910.553544272163
2460267.3199318,2023.8804104908968,26557.47600033445,0.7391798,62.2667,118.1772,48.1025,548.5899019024291,288.87192327719725,16904.689617718894
2460269.81256787,2023.8872349565233,26557.861711574315,0.7393273,62.262,117.7894,48.1532,544.7732185826972,286.0780156516154,16900.290518033984
2460270.31109542,2023.8885998505675,26557.933383031817,0.7393568,62.2605,117.7105,48.1644,544.0084423402377,285.5189537956751,16899.40697461455
2460273.30224752,2023.8967891786997,26558.365981739047,0.7395331,62.2542,117.2434,48.2249,539.4389563290242,282.16419566810464,16894.127719615073
2460275.29636723,2023.9022487809168,26558.636795200495,0.7396411,62.2501,116.9316,48.2645,536.6411614979243,279.9265388699213,16890.89596209857
2460276.29344812,2023.9049786396165,26558.776706424138,0.7396905,62.2486,116.7783,48.2832,535.365585060913,278.8091897380966,16889.42757163177
2460279.28479739,2023.9131685075702,26559.199805644752,0.7398327,62.2443,116.315,48.3382,531.6990035951194,275.45253727475324,16885.2124167884
2460282.27626754,2023.9213587064755,26559.657880526494,0.7399685,62.2406,115.8523,48.3924,528.2113781601247,272.0955656688227,16881.219535054624
2460283.27343786,2023.9240888100205,26559.818021596624,0.7400125,62.2391,115.6976,48.4106,527.0843878898531,270.9762283926515,16879.93289247829
2460287.26214353,2023.9350092909785,26560.500104810802,0.740198,62.2338,115.0787,48.4836,522.3347482300551,266.49895524768766,16874.51090131346
2460288.25932885,2023.9377394355922,26560.679328866285,0.7402502,62.2318,114.9211,48.5033,520.9948435371525,265.37820318678143,16872.976473066068
2460289.25652374,2023.9404696064066,26560.860498324197,0.7403029,62.23,114.7655,48.5223,519.6421449193485,264.2587416936239,16871.427229492583
2460289.75512605,2023.941834705134,26560.951613955975,0.740329,62.2289,114.6872,48.5323,518.9725665475617,263.6990061517471,16870.660742282085
2460290.75234356,2023.9445649378783,26561.132876349293,0.740382,62.2271,114.5319,48.5515,517.6118950920509,262.58002236376024,16869.101685122056
2460292.24820709,2023.9486603890211,26561.39925733391,0.7404622,62.2246,114.2994,48.5799,515.5508281700777,260.9015599524059,16866.736978899426
2460293.24547572,2023.9513907617252,26561.57443494607,0.7405151,62.2226,114.1433,48.5993,514.1911860945374,259.781925778911,16865.176547011666
2460295.24006448,2023.956851648131,26561.924887134337,0.7406222,62.2186,113.8306,48.6386,511.43734099015273,257.5426066728128,16862.013851061314
2460296.23737362,2023.9595821317448,26562.09963191194,0.7406774,62.217,113.6748,48.6579,510.01643800644615,256.42313257185657,16860.379620277556
2460298.23199315,2023.9650431023956,26562.437120865736,0.7407895,62.2131,113.3613,48.6972,507.1263073181681,254.18298313761161,16857.048910007168
2460299.22929918,2023.9677735774953,26562.5991582253,0.7408439,62.2111,113.205,48.7171,505.7233037089518,253.06361210164346,16855.431048369217
2460303.71725607,2023.980060933799,26563.319923278472,0.7410609,62.2009,112.4984,48.8053,500.14585394579626,248.0217638323316,16849.02186130617
2460304.7146248,2023.9827915805606,26563.484711766272,0.7411027,62.1986,112.3413,48.8247,499.07817046756554,246.90103099815752,16847.80322426341
2460305.71201323,2023.98552228126,26563.654889912785,0.7411448,62.1968,112.185,48.8433,498.0038992593509,245.78027874642254,16846.578338243977
2460306.7094188,2023.9882530288849,26563.827455279403,0.7411866,62.195,112.0283,48.8618,496.9382007142094,244.65900960145285,16845.36429343433
2460309.20298792,2023.9950800490624,26564.279105846,0.7412862,62.1905,111.6373,48.9074,494.40929173402037,241.85588233755115,16842.496469781985
2460311.19787724,2024.000541758357,26564.66426925646,0.7413643,62.1872,111.3244,48.9431,492.4342385441332,239.61246699147347,16840.266679802917
2460312.19532781,2024.0032726291856,26564.85698868208,0.7414044,62.1855,111.1673,48.9611,491.418831902437,238.49025349321386,16839.11837664421
2460315.18770672,2024.01146531614,26565.474827270034,0.7415381,62.1818,110.6991,49.0136,488.0267982583855,235.12518618965072,16835.27292998085
2460316.18518201,2024.014196254647,26565.685404054857,0.741586,62.1799,110.5412,49.0328,486.8087280034324,234.00334832707398,16833.8879868824
2460320.67405195,2024.0264861107466,26566.62139062756,0.7418082,62.1702,109.8283,49.1192,481.1474967646318,228.95250013120108,16827.434657558115
2460325.66204893,2024.0401425022035,26567.634143928153,0.7420625,62.1599,109.0359,49.2182,474.6528319994686,223.3427992067335,16820.006128825305
2460326.65965367,2024.042873795127,26567.83981601889,0.7421137,62.1579,108.8781,49.2378,473.3456091457929,222.2213337542646,16818.51084971589
2460327.6572611,2024.0456050954144,26568.02852896461,0.7421631,62.1555,108.7181,49.2581,472.0818150197956,221.09836565079507,16817.06173919755
2460332.64552613,2024.0592622207535,26569.02533524207,0.7423715,62.1451,107.9237,49.355,466.8018435804124,215.4843005287395,16811.072871901928
2460334.64096864,2024.0647254445992,26569.418534854765,0.742446,62.141,107.6053,49.394,464.923721325983,213.23813994427888,16808.954208526742
2460341.12642264,2024.0824816499382,26570.880039540905,0.742716,62.1279,106.5584,49.4935,458.1260000932407,205.89850602223993,16801.294226650694
2460342.12420729,2024.0852134354275,26571.112905605125,0.7427409,62.1292,106.4108,49.527,457.5242920943583,204.8009632461056,16800.64945242776
2460343.62090814,2024.0893111790285,26571.48417624621,0.7428091,62.1273,106.1733,49.5553,455.8076296245208,203.11657554969642,16798.714585521033
2460345.11764789,2024.0934090291307,26571.834778638484,0.7428793,62.1246,105.9339,49.5841,454.0324585678718,201.430749512936,16796.702539429873
2460347.6123289,2024.1002390934977,26572.418817578066,0.7429952,62.1194,105.5331,49.6338,451.1028837278882,198.62082634084055,16793.38286179012
2460348.61023973,2024.1029712244497,26572.647474736157,0.7430447,62.1176,105.3727,49.6511,449.8463036650719,197.49415919814516,16791.95151062096
2460350.60609992,2024.1084355918408,26573.0899540062,0.7431398,62.114,105.0522,49.6946,447.4329002040222,195.24998693728514,16789.202908746884
2460351.10506825,2024.1098016926765,26573.171363005556,0.7431644,62.1131,104.9719,49.7051,446.80011092035147,194.68839063645862,16788.470887721105
2460353.10094308,2024.115266100151,26573.621024162272,0.7432709,62.1099,104.6512,49.7445,444.0855092742595,192.43990394564477,16785.36251067204
2460354.09887968,2024.1179983016566,26573.78924316216,0.7433219,62.1082,104.4906,49.7647,442.77343273530096,191.31591140366,16783.843841706843
2460355.09681917,2024.120730511074,26573.98813926613,0.7433721,62.1062,104.3298,49.7852,441.4904708047752,190.19201601332156,16782.369790852365
2460356.59374976,2024.1248288836691,26574.283573148725,0.7434426,62.1034,104.0883,49.8141,439.6928003897474,188.50400187907968,16780.309414909734
2460359.08873112,2024.1316597703487,26574.76263195612,0.7435542,62.0994,103.6865,49.8656,436.849962962091,185.6945826744569,16777.05407707844
2460360.08676002,2024.1343922245583,26574.94368803688,0.7435983,62.0978,103.5258,49.8806,435.7244390169244,184.56519915904772,16775.762147447025
2460362.08286264,2024.1398572556873,26575.33569209048,0.7436676,62.0949,103.2045,49.9234,433.98327875921404,182.31928795256005,16773.799430213316
2460363.08093121,2024.1425898185078,26575.539214555298,0.7436994,62.094,103.0442,49.9457,433.1903460140511,181.1975653372078,16772.913546840704
2460365.07709231,2024.1480550097467,26575.964042681382,0.7437702,62.092,102.7238,49.9817,431.41765146344096,178.94569649122238,16770.922968639206
2460365.57613597,2024.1494213168246,26576.077480409866,0.7437922,62.0915,102.6437,49.9871,430.86204388535407,178.37912594314466,16770.2926035714
2460367.07327185,2024.153520251472,26576.38473209069,0.7438502,62.09,102.4028,50.0143,429.3993338480832,176.68980947010584,16768.63566479785
2460369.06946723,2024.1589855365633,26576.782802006062,0.7439305,62.0876,102.0809,50.0522,427.3671837182901,174.4383068371908,16766.32386792914
2460370.0675766,2024.1617182110876,26576.979278258073,0.7439764,62.0861,101.9193,50.0673,426.1976119450337,173.30804400843937,16764.982544247134
2460372.06383279,2024.1671836626697,26577.360392412356,0.744066,62.0836,101.596,50.1064,423.913854671664,171.05628143889214,16762.362060120555
2460373.06198755,2024.1699164614647,26577.568905660097,0.7441167,62.0823,101.4345,50.1241,422.61973755769486,169.92867387269297,16760.8744101421
2460375.05835654,2024.175382221875,26577.947387992026,0.7442139,62.08,101.111,50.1712,420.13320837966785,167.68460012503272,16758.00822798061
2460376.05656947,2024.1781151799319,26578.11364149996,0.7442662,62.0785,100.9486,50.1924,418.7856983726224,166.5595352245513,16756.442074289374
2460377.05479443,2024.1808481709236,26578.31261853102,0.7443236,62.0776,100.7875,50.2135,417.3109883805855,165.4356584675477,16754.73330370822
2460379.05124512,2024.1863141550168,26578.533443178218,0.7444304,62.0738,100.4599,50.2616,414.5288606596787,163.18840419395053,16751.458908620047
2460381.04766393,2024.1917800518272,26578.72305358375,0.7445373,62.0699,100.1349,50.2965,411.7360538207513,160.93058134222207,16748.160578260922
2460382.04586808,2024.1945129858457,26578.85226298497,0.744587,62.0688,99.9724,50.3161,410.4480930457794,159.80382509558092,16746.65262310531
2460383.04407962,2024.1972459400956,26578.976432841962,0.744641,62.0678,99.8109,50.3311,409.0445429140909,158.67346156557704,16745.00371708166
2460384.04230373,2024.1999789287606,26579.099631291443,0.744693,62.0668,99.6489,50.3485,407.6938895661233,157.5449856461926,16743.417906834406
2460386.03879856,2024.2054450337027,26579.279169276484,0.7447884,62.0646,99.3247,50.3884,405.20406363772145,155.29288786701824,16740.478613471758
2460387.03706727,2024.208178144476,26579.34620936063,0.7448318,62.0632,99.1622,50.4076,404.0676294193736,154.16566798859526,16739.131951662006
2460390.03191545,2024.2163775919234,26579.432353836048,0.7449427,62.0607,98.6754,50.4662,401.1419517020677,150.7856669075964,16735.6364126089
2460391.03019759,2024.2191107394665,26579.44809694703,0.7449787,62.0604,98.5141,50.4845,400.18910696595776,149.65873379207653,16734.49376773426
2460392.02847382,2024.2218438708285,26579.465166751015,0.745017,62.0604,98.3524,50.5015,399.17546661367305,148.53010650177924,16733.278194544237
2460394.02499954,2024.2273100603418,26579.355672836635,0.745095,62.0601,98.0291,50.5392,397.0743577844232,146.27667827696231,16730.711401705077
2460396.02148335,2024.2327761351132,26579.25024842083,0.7451746,62.0586,97.7049,50.5781,394.93177625393673,144.02359135926653,16728.09539466755
2460399.0161821,2024.2409751734426,26579.1362461812,0.7452995,62.0559,97.2165,50.6368,391.58299147047455,140.64223756064098,16724.021887452822
2460399.51530035,2024.242341684736,26579.14084516177,0.7453169,62.0543,97.1334,50.6478,391.1216857824211,140.07819349506698,16723.46718017823
2460401.01266956,2024.2464412582067,26579.110774940193,0.7453918,62.0535,96.8896,50.6776,389.12325200812575,138.38834704555353,16721.047706895508
2460405.00572112,2024.2573736375637,26579.09405947145,0.7456191,62.0504,96.2375,50.7614,383.0775680330007,133.8843904770469,16713.749145312016
2460407.00219855,2024.2628396948662,26578.881271197803,0.7457211,62.0472,95.9077,50.806,380.31239287077824,131.6314098481305,16710.343383819225
2460408.49950669,2024.2669391011364,26578.720488868206,0.7457894,62.0454,95.6614,50.8381,378.45618270747855,129.94142359089358,16708.050867300175
2460410.99497477,2024.2737713203837,26578.476578403264,0.745913,62.044,95.2527,50.8897,375.1090783767486,127.12472466189803,16703.930763994613
2460414.48865058,2024.2833364834496,26577.90759365501,0.7460713,62.0417,94.681,50.9619,370.75722397694517,123.18176595817494,16698.490862411196
2460415.48683862,2024.2860693733612,26577.648403518007,0.7461101,62.0415,94.5177,50.9817,369.66019540434627,122.0544255899907,16697.08199245916
2460417.48316971,2024.2915350300063,26577.05603054356,0.7461834,62.0426,94.1921,51.0194,367.56169968206086,119.79888919773714,16694.35556749057
2460422.97256585,2024.306564177549,26575.045975476994,0.746373,62.0423,93.2974,51.1061,362.01288562230457,113.5803960823556,16687.00154907907
2460423.47156114,2024.307930352197,26574.865359685962,0.7463831,62.0396,93.2098,51.1388,361.69867044093917,113.03367320912068,16686.563559471357
2460424.9685139,2024.3120287854892,26574.254931084328,0.7464426,62.038,92.9653,51.1649,359.9626872629224,111.33983722387205,16684.26801118534
2460425.96645866,2024.3147610093363,26573.859607758408,0.746477,62.0365,92.801,51.1855,358.94830933773574,110.21253663893279,16682.914112069047
2460427.9623053,2024.3202253396303,26573.04522793751,0.7465613,62.0355,92.4735,51.2253,356.50173760968664,107.95767773312207,16679.692874069107
2460432.95167932,2024.3338855012184,26571.406580405604,0.7467994,62.0296,91.6503,51.3326,349.75978900264727,102.32411956132367,16671.00718971983
2460433.94947775,2024.3366173244349,26570.99094854807,0.7468477,62.0296,91.4843,51.3539,348.37117190412573,101.19596320340847,16669.192533228626
2460435.94497309,2024.3420806929232,26570.24421302789,0.7469238,62.0271,91.1525,51.3973,346.16013850508807,98.94075054764949,16666.27545909675
2460437.94036952,2024.3475437906088,26569.403690200656,0.7470089,62.0264,90.8227,51.4384,343.68636592792336,96.68533538082767,16663.009510579628
2460438.93804488,2024.350275276879,26569.03169700766,0.7470531,62.026,90.6581,51.4593,342.417903759826,95.55830032356508,16661.353513574977
2460439.93570506,2024.3530067215884,26568.513667371793,0.7470937,62.0249,90.4935,51.4798,341.2081881144313,94.43088022820154,16659.721704654614
2460441.93097288,2024.3584694671601,26567.310359806474,0.7471622,62.0234,90.163,51.5206,339.0840032906772,92.17459182237297,16656.761855240075
2460442.92855689,2024.361200703327,26566.704958556555,0.7471952,62.0223,89.9978,51.5401,338.05423370689914,91.04564680224095,16655.31974785836
2460452.90213297,2024.3885068664472,26559.775823219326,0.747467,62.0194,88.35,51.7311,329.0835679650463,79.75862807903343,16642.222781493052
2460454.89637459,2024.3939668024373,26558.357596165133,0.7475441,62.0189,88.0184,51.7692,326.677769461704,77.49955112256828,16638.850159054004
2460455.39491713,2024.3953317375222,26558.035948200042,0.7475657,62.0186,87.9358,51.7791,326.0229139587136,76.93547449198837,16637.952660961186
2460457.38901762,2024.4007912871189,26556.794111250187,0.747651,62.0171,87.6037,51.8204,323.4441371798748,74.67923663724997,16634.425902425963
2460457.88752063,2024.4021561139764,26556.46898048146,0.7476469,62.0125,87.5243,51.8403,323.47097227833547,74.12839896846447,16634.354384867303
2460457.887522,2024.4021561177274,26556.455389455376,0.7476673,62.0151,87.5208,51.832,322.92579085082525,74.11659761818134,16633.68840408909
2460459.88143186,2024.4076151454071,26555.0759907566,0.7477274,62.0099,87.1854,51.876,320.98176338574194,71.85994765347044,16630.887346676267
2460461.87513976,2024.4130736201503,26553.58516024261,0.747778,62.006,86.8507,51.9182,319.2620562867096,69.60239674593592,16628.322634250188
2460462.87191558,2024.4158026436132,26552.8837587541,0.7478035,62.0026,86.6843,51.9394,318.40804886462865,68.47474829919872,16627.061373648252
2460464.86533913,2024.4212603398498,26551.401086703154,0.747878,62.0048,86.3507,51.9784,316.05604478177156,66.21537765405,16623.73112416811
2460465.86199441,2024.4239890332922,26550.580399788436,0.7479067,62.0027,86.184,51.9991,315.0871298979846,65.08704801485126,16622.291925626254
2460466.85861016,2024.4267176185083,26549.698214442255,0.7479088,61.9911,86.0177,52.0237,314.8089825166044,63.963057336986765,16621.671912855552
2460468.35346264,2024.4308103015474,26548.181859512424,0.7479845,62.0032,85.7671,52.0456,312.4170254159517,62.26099144292999,16618.281652782465
2460469.84820492,2024.434902682875,26546.651260869992,0.7479852,61.9917,85.5177,52.0792,312.0127081778983,60.57193416502696,16617.300976299604
2460470.84463034,2024.4376307469954,26545.6355688302,0.7480205,61.9993,85.3489,52.0981,310.81967781605,59.43993108161328,16615.526876094227
2460471.34282168,2024.4389947205475,26545.14759509763,0.7480395,62.0034,85.2679,52.1057,310.1923606345972,58.875500602866964,16614.60871794274
2460472.33915406,2024.4417225299385,26544.124465891346,0.7480646,62.005,85.1025,52.1218,309.2683149641234,57.7441892221797,16613.158881893494
2460473.33541873,2024.4444501539494,26543.035504913354,0.748084,62.0047,84.9365,52.1402,308.4790322557528,56.61464457819275,16611.851683203
2460474.33161995,2024.4471776042437,26542.078326936957,0.7481044,62.0048,84.7704,52.1582,307.69644541078105,55.48466247226932,16610.594723139984
2460476.82185529,2024.4539954970292,26539.652276173572,0.7481666,62.0051,84.3531,52.2024,305.43456752652946,52.657121069541574,16607.070408206055
2460477.81784537,2024.4567223692543,26538.580161301055,0.7482128,62.0001,84.1721,52.201,303.938490789541,51.49304706843142,16604.90935407565
2460479.31171942,2024.4608123734972,26537.074114437863,0.7481989,62.0005,83.9339,52.2527,303.9281527969797,49.8341455409618,16604.415376333876
2460480.30757389,2024.4635388744418,26536.105230059344,0.748219,61.9994,83.7662,52.2713,303.1508109295728,48.70350520097199,16603.160838483032
2460480.8054837,2024.4649020772067,26535.628528067544,0.7482345,61.9996,83.6825,52.2799,302.61948418318843,48.13765220556127,16602.362625375044
2460482.29914466,2024.4689914980427,26534.16156180417,0.7482805,61.9991,83.432,52.3074,301.0295812565637,46.44246070460355,16599.961032837673
2460482.79700771,2024.4703545727864,26533.64382114832,0.7482946,61.9983,83.3483,52.3192,300.5251314596653,45.87985379692188,16599.182294762133
2460483.29486105,2024.4717176209442,26533.130420671914,0.7483387,61.9913,83.2473,52.3078,299.2257947358403,45.27675646010033,16597.438456803065
2460484.29052387,2024.4744435971797,26532.07446126614,0.7483647,61.9902,83.0815,52.3338,298.27021668304315,44.155605015278866,16595.939110695424
2460485.28612556,2024.4771694060503,26530.890330234564,0.7483875,61.9926,82.9218,52.364,297.36734321614495,43.04481382193842,16594.46284623484
2460486.7793845,2024.4812577262146,26528.959676146773,0.7484085,61.991,82.6723,52.4035,296.32445836127954,41.36301856274571,16592.577761901975
2460487.27709433,2024.4826203814653,26528.216770306884,0.748422,61.9913,82.5879,52.4127,295.77941864026434,40.79726267252107,16591.677562906665
2460491.25794916,2024.4935193679944,26522.344715703195,0.7484951,61.988,81.9126,52.4911,292.3633554884609,36.276727522025965,16585.646801995754
2460491.7554512,2024.4948814543466,26521.23634860395,0.7485272,61.9913,81.8288,52.494,291.2332640452123,35.705476435256145,16583.91804887002
2460492.25294716,2024.496243524052,26520.81810206696,0.7485354,61.9914,81.7445,52.5098,290.9106157090282,35.14663134123242,16583.391949590015
2460493.74529954,2024.5003293621903,26518.554755222453,0.7485575,61.9863,81.4907,52.5413,289.75540404002186,33.45342961150604,16581.263676290393
2460494.24271421,2024.5016912093358,26517.812313792623,0.7485677,61.9859,81.4068,52.551,289.2982410252025,32.88896463906701,16580.47036303756
2460495.23748524,2024.5044147439842,26516.240633945148,0.7485803,61.9844,81.2378,52.5705,288.568965314299,31.758992165704825,16579.081150140843
2460497.22677571,2024.5098611244628,26512.894413184673,0.7486011,61.9829,80.9008,52.6073,287.1761912907714,29.498095193425797,16576.317943614158
2460498.22128128,2024.5125839323198,26511.258607485866,0.7486179,61.9821,80.7327,52.6248,286.3195623928741,28.367284364870926,16574.753247481694
2460500.20999856,2024.5180287434912,26507.995923074788,0.7485706,61.968,80.3981,52.6748,286.7532101411407,26.12255234319207,16574.239056720264
2460501.20421365,2024.5207507560574,26506.361224161054,0.7486476,61.9827,80.2291,52.6819,284.30120895981963,24.98072781933655,16570.733422130837
2460502.19832398,2024.523472481807,26504.695599693372,0.7486627,61.9829,80.0605,52.7003,283.4823293488125,23.850706549514143,16569.20507689252
2460504.18624115,2024.5289151023953,26501.27646164077,0.7486871,61.9782,79.7219,52.7401,281.9763412766788,21.59256313767446,16566.28064607822
2460505.18005309,2024.5316360111983,26499.56993952089,0.748695,61.9761,79.5521,52.7598,281.3381236512969,20.46293596858169,16564.95908065527
2460506.17376861,2024.534356656017,26497.764515423543,0.7486988,61.9726,79.382,52.7711,280.78372004335506,19.324703833863623,16563.707950497548
2460508.16090239,2024.5397971317996,26493.950252848495,0.7487273,61.9747,79.0452,52.8117,279.0701136989246,17.069932552157525,16560.40459535037
2460510.1476143,2024.545236452566,26489.722621269022,0.7487649,61.9742,78.7079,52.838,277.0118117267857,14.800777076187757,16556.54961585851
2460511.14079898,2024.5479556440243,26487.53324202202,0.7487929,61.9711,78.5369,52.8614,275.7201118819494,13.674268151225249,16554.278325128293
2460512.1338595,2024.5506744955505,26485.192307250796,0.7488146,61.97,78.3686,52.8751,274.5573237737144,12.540881601818,16552.11555266628
2460513.12678453,2024.553392976126,26482.836990312266,0.7488349,61.9632,78.194,52.911,273.42810095547975,11.423528594660183,16549.98901720886
2460514.1195609,2024.5561110496924,26480.256744026374,0.7488526,61.9576,78.0204,52.9505,272.3113325946897,10.310922110742212,16547.805835192885
2460515.60843976,2024.5601873778503,26476.59225176202,0.7488536,61.9557,77.7644,52.9836,271.36452829792506,8.620543973899146,16545.48361394803
2460516.60085538,2024.5629044637367,26474.555073017986,0.7488661,61.9542,77.5938,53.0048,270.52196625179204,7.492993054788457,16543.807591421977
2460517.09701629,2024.5642628782748,26473.578837518406,0.7488783,61.9538,77.5093,53.0155,269.9538227616458,6.930163821113496,16542.804249836387
2460518.08924917,2024.5669794638466,26471.441819444237,0.7489073,61.9527,77.3408,53.0275,268.64949933716434,5.795693015275816,16540.534005131925
2460519.57737718,2024.5710537362904,26468.211150494506,0.7489459,61.9507,77.0877,53.0563,266.8166289973615,4.104654935423014,16537.271035774607
2460520.07336542,2024.5724116780839,26467.258690925788,0.7489602,61.9497,77.0033,53.0659,266.1990283182722,3.5409958898381717,16536.21495131366
2460521.06525787,2024.5751273316089,26465.0239898949,0.7489752,61.9476,76.8332,53.0906,265.2410540585706,2.417960620821276,16534.335219631215
2460523.54445269,2024.581914997098,26458.8977392171,0.7489766,61.9426,76.4056,53.1646,263.66617075059,359.6208010447116,16530.462651887818
2460525.03153964,2024.5859864192741,26454.78180052083,0.7489804,61.94,76.1521,53.1967,262.5324456540184,357.93368906126693,16527.768725916634
2460527.01376828,2024.5914134655166,26448.97169613705,0.7489916,61.9388,75.8149,53.2404,260.777767092648,355.6864524140383,16523.77799260948
2460527.50921614,2024.5927699278304,26447.42784099924,0.7489935,61.9383,75.7307,53.2514,260.3399963717766,355.1249259810855,16522.752270473513
2460528.99529881,2024.5968386004376,26443.244499822005,0.749008,61.9389,75.4784,53.2855,258.90652349932407,353.4420038424615,16519.67169632378
2460531.96636722,2024.604972942423,26434.589109404104,0.7490157,61.9335,74.9696,53.3539,256.5305434114134,350.07324072768233,16514.01652526203
2460532.46140062,2024.6063282700072,26433.171483496528,0.7490159,61.9332,74.8852,53.3648,256.1694549310423,349.5118227973653,16513.124476488298
2460533.4513299,2024.6090385486652,26429.788705630646,0.7490126,61.9326,74.7158,53.3872,255.40764977560048,348.38912248054197,16511.117463838604
2460534.93588612,2024.6131030420806,26424.585431719708,0.7490115,61.9311,74.462,53.4197,254.13076062918026,346.7046048509675,16507.902303725525
2460535.43063383,2024.6144575874878,26422.35563103005,0.7490121,61.9302,74.3775,53.4296,253.55525288540775,346.14236850440466,16506.489995496457
2460535.92532106,2024.6158119673107,26420.13989219879,0.7490135,61.9304,74.2933,53.4409,252.96214105335093,345.58189176814915,16505.060727092896
2460537.40911289,2024.6198743679392,26415.344651257463,0.7490359,61.9296,74.0405,53.4732,251.16689659264375,343.8989275418958,16501.344229071543
2460539.38686024,2024.625289145078,26408.506459719756,0.7490681,61.9267,73.7011,53.5206,248.6004020997516,341.65760777187637,16496.036477801856
2460541.36380195,2024.6307017164959,26401.471351365668,0.7490525,61.9208,73.3572,53.5813,247.2469319468355,339.42588206148116,16492.14380611222
2460541.85790504,2024.6320544970295,26399.640849677235,0.7490551,61.9202,73.2694,53.5911,246.71893305816957,338.8608810693761,16490.916725186707
2460544.32764249,2024.6388162696514,26391.09563511906,0.7490512,61.9178,72.8414,53.6521,244.67748031836527,336.0596429255142,16485.704231472428
2460545.31520153,2024.6415200589454,26387.868923667585,0.7490659,61.9178,72.6719,53.6746,243.4798392784951,334.93927877969725,16483.216001258224
2460546.79622857,2024.645574889993,26383.43811403531,0.7491124,61.9195,72.422,53.7042,241.14116817884496,333.2592396025314,16478.953444742045
2460548.27689563,2024.6496287354694,26378.91387274016,0.7491286,61.9179,72.1679,53.7404,239.57875373374463,331.58195523104126,16475.60688668001
2460553.20950186,2024.6631334753188,26361.2079644843,0.7491027,61.9166,71.3201,53.8522,235.81960302760672,325.98424888522806,16465.380194292582
2460555.18104118,2024.668531255798,26353.124937508863,0.7490979,61.9195,70.9837,53.8951,233.91808838334236,323.7475479127839,16460.485617772756
2460556.16647544,2024.6712292277616,26349.508592797312,0.7491007,61.9199,70.8131,53.9123,232.93696127683143,322.62287800583977,16458.13690542902
2460557.15170636,2024.673926643011,26346.048436872232,0.7490953,61.9215,70.6456,53.9441,232.21107923889576,321.5161085159957,16456.14901458657
2460558.13673233,2024.6766234971392,26342.439275859473,0.7490923,61.9211,70.4737,53.9623,231.38455109556435,320.3915410299017,16453.99096988011
2460560.10617837,2024.6820155465293,26335.313680557436,0.7490856,61.9211,70.1312,54.0049,229.77313096885973,318.1505032494409,16449.75518025092
2460561.09060349,2024.684710755619,26331.690742069313,0.7490762,61.9201,69.9567,54.0412,229.11160142485278,317.0420279771076,16447.79377825508
2460561.58274613,2024.6860581687336,26329.938480615783,0.7490819,61.9205,69.8722,54.043,228.5218366729996,316.4742592559038,16446.51638548608
2460562.56688628,2024.6887525976185,26326.387337093624,0.7490885,61.9218,69.7032,54.0623,227.457036331165,315.3545648573022,16444.086517877546
2460563.55082913,2024.691446486325,26322.65973487507,0.7490968,61.922,69.5323,54.0829,226.30325999130582,314.23446492298336,16441.49195919093
2460565.5181137,2024.6968326179335,26315.262229132164,0.749142,61.9225,69.1922,54.1165,223.25775227563736,311.9889575439451,16435.421954135072
2460566.99301887,2024.700870688213,26308.926211588834,0.7491316,61.9189,68.9314,54.1634,221.9419244193523,310.32135224334263,16431.79817152376
2460567.97597278,2024.7035618693499,26304.635147281195,0.7491312,61.9162,68.7572,54.1887,220.87595383625649,309.20362703406073,16429.130918244467
2460569.44997582,2024.7075974697325,26299.194363138246,0.7491235,61.9126,68.4954,54.228,219.71353464385083,307.5283108963041,16425.979527959287
2460569.94120891,2024.7089423926357,26297.67080695661,0.7491276,61.911,68.4079,54.2403,219.22348975114073,306.96893865114214,16424.896555069423
2460570.923523,2024.7116318220396,26293.820956964853,0.7491281,61.9091,68.2352,54.2635,218.24452173359168,305.851244065734,16422.476010047034
2460572.39660149,2024.7156648911437,26289.127823592695,0.7491441,61.9067,67.9754,54.3023,216.64652040238707,304.178339188294,16419.032209787492
2460572.88754473,2024.7170090204797,26287.69064338758,0.7491575,61.9065,67.8907,54.3144,215.9337402139481,303.6218526273068,16417.705326825806
2460580.24680395,2024.7371575741274,26262.62620506382,0.7491992,61.8951,66.607,54.5084,208.55136233097164,295.2786733141178,16400.7168574326
2460580.73700402,2024.7384996687742,26260.37077119685,0.749188,61.8925,66.5197,54.5147,208.27981386542524,294.7145192412804,16399.66683828815
2460581.22715099,2024.7398416180429,26258.50474004103,0.7491832,61.8935,66.4361,54.5228,207.93783168192112,294.1559175045644,16398.655114603425
2460582.20727768,2024.7425250586716,26254.691077489937,0.7491826,61.8928,66.2662,54.5466,206.99705385922334,293.0437788782113,16396.29264979016
2460583.18717018,2024.7452078581246,26250.504737779753,0.7491766,61.8921,66.096,54.571,206.10455004602682,291.93217107512885,16393.87020271969
2460584.16682406,2024.747890004271,26246.340977100128,0.7491659,61.8902,65.9234,54.5964,205.34101728402948,290.81939846239766,16391.612132411276
2460585.14624818,2024.7505715213688,26242.35276943639,0.7491577,61.8895,65.7528,54.6205,204.55582609679277,289.7075523072333,16389.38363024196
2460587.10441812,2024.7559326984801,26234.146436518928,0.7491273,61.8883,65.4085,54.6739,203.29484872488047,287.4866285471405,16385.23034242939
2460588.08314931,2024.7586123184399,26229.649124980224,0.7491093,61.8876,65.2375,54.6997,202.63872972067657,286.3767653616102,16382.996751397262
2460589.06163291,2024.7612912605334,26225.03571436674,0.7490986,61.887,65.0637,54.7209,201.76187578461577,285.2597462079894,16380.457146741644
2460590.0398551,2024.7639694869274,26220.103842098775,0.7491026,61.8864,64.8889,54.7283,200.41958171259466,284.1281847061558,16377.248846036799
2460591.99542006,2024.769323531992,26208.226901793212,0.7490733,61.8858,64.5434,54.7702,198.20758931819364,281.89712848283904,16370.766086349917
2460595.90222861,2024.780019790856,26181.713142854354,0.7489692,61.8826,63.8531,54.8795,194.28009562124225,277.4654752918711,16357.524779420035
2460598.34138124,2024.7866978268041,26171.622980131735,0.7489298,61.8733,63.4133,54.9388,192.7783159462715,274.6808823505525,16352.476698664457
2460598.8290358,2024.7880329522243,26169.555733041707,0.7489341,61.8748,63.3276,54.9535,192.14676271627468,274.1292371992293,16351.047995264267
2460599.80414072,2024.7907026439973,26165.06751058537,0.74893,61.8721,63.153,54.9799,191.12719988266872,273.0199481609374,16348.374356024086
2460601.26631276,2024.7947058528675,26157.868414188924,0.748932,61.8695,62.893,55.0198,189.26740701358358,271.3586929677203,16343.812522942748
2460602.24078492,2024.7973738122378,26152.882182288,0.7489295,61.8676,62.7213,55.0464,188.08090594813893,270.253127594429,16340.776683953358
2460602.72790335,2024.7987074698146,26149.69611267555,0.7489155,61.8668,62.6357,55.0608,187.64707360308512,269.701810866738,16339.231837969986
2460603.70188756,2024.8013740932513,26143.34716531048,0.7488909,61.8645,62.4633,55.085,186.69607766866466,268.5936264294938,16336.048014224649
2460604.18875796,2024.8027070717596,26140.215748321567,0.7488775,61.8631,62.3766,55.0968,186.26002925788362,268.03885416652076,16334.517859996253
2460605.64890331,2024.8067047318546,26132.016280700143,0.7488387,61.8602,62.1163,55.1309,185.21488068181407,266.37349653240403,16330.62879794652
2460607.10823392,2024.8107001613137,26121.437434142983,0.7487717,61.8598,61.8605,55.1698,184.30802013610264,264.7182419270663,16326.148562012935
2460608.080608,2024.8133623764545,26113.95553445056,0.7487202,61.8583,61.6852,55.1946,183.7732239056313,263.60934447634037,16323.109402202694
2460610.02413578,2024.8186834655169,26099.991442017777,0.7486445,61.8581,61.3422,55.2414,182.24009890409798,261.39755241390964,16316.785497660452
2460610.99528917,2024.8213423385905,26092.26596793138,0.7486292,61.8568,61.1627,55.233,180.69747017168538,260.25245810741853,16312.44161560953
2460611.96598604,2024.8239999617795,26084.105897504316,0.7485711,61.8569,60.992,55.2637,180.16175329302132,259.15571375938845,16309.184117339233
2460616.81272685,2024.8372696149218,26042.568954548722,0.7482715,61.8521,60.1228,55.4125,177.5205190751185,253.6582386281848,16292.702124200341
2460617.78068267,2024.8399197335248,26033.517719859075,0.7482152,61.85,59.9462,55.4264,176.70775239117393,252.54149593105407,16288.821174020259
2460618.7480762,2024.8425683126627,26023.02390310076,0.748148,61.8486,59.7725,55.453,175.8143160437312,251.44090744146115,16284.380717026079
2460620.19801417,2024.8465380264747,26005.78140522386,0.7480429,61.8431,59.5083,55.4849,174.2049660941302,249.7795104690623,16276.911981807698
2460620.68099638,2024.8478603596984,25999.602632402162,0.7479997,61.8416,59.4208,55.4979,173.77136324613366,249.22897050860212,16274.409189954227
2460621.16378824,2024.8491821717726,25992.807869167562,0.747948,61.8406,59.3335,55.5117,173.40290903942332,248.67961816187042,16271.788326013626
2460621.64639903,2024.850503488104,25986.186815076824,0.7478957,61.8399,59.2486,55.5253,173.09313668417053,248.13264428255192,16269.29406255626
2460623.09313089,2024.854464424065,25966.46447844956,0.7477411,61.8358,58.9847,55.5656,172.13546622275862,246.48310733652863,16261.820478897751
2460624.05669234,2024.8571025115398,25952.874957612992,0.7476299,61.8335,58.8074,55.5922,171.59334834028778,245.38269584564048,16256.812539622902
2460627.90308877,2024.8676333710332,25898.748043976968,0.7472211,61.8317,58.1076,55.6865,168.52074193365024,240.98608642804987,16235.748120692466
2460628.8629125,2024.8702612251877,25886.105069150286,0.7471387,61.8316,57.9323,55.707,167.4578797219301,239.8852589324244,16230.407501234773
2460630.30116896,2024.8741989567695,25863.301380878886,0.7469649,61.8308,57.6692,55.7387,166.1867512408253,238.23627556298726,16221.55571039332
2460630.78013646,2024.8755102983162,25854.26137280669,0.7468764,61.8302,57.5831,55.7594,166.18741402577143,237.6987926061877,16218.656919151668
2460631.25885249,2024.8768209513764,25844.973216827817,0.7467958,61.8277,57.4905,55.7741,165.91946738831393,237.1490575045041,16215.35262529801
2460632.21557547,2024.87944031614,25827.80946043747,0.7466547,61.8248,57.3135,55.7967,165.2178360973694,236.05168618961298,16208.995176953138
2460632.69354421,2024.8807489232304,25816.381186538223,0.7465513,61.8237,57.2246,55.8119,164.99195043256896,235.50688763702584,16205.053113644637
2460633.17124306,2024.8820567914029,25807.637060895246,0.7464817,61.823,57.1371,55.8233,164.57197469515813,234.95995509495157,16201.737343216091
2460633.64865631,2024.8833638776455,25797.08688461879,0.7463901,61.8222,57.0496,55.836,164.26032509948436,234.41460404759204,16197.972061635888
2460635.07907596,2024.88728015321,25764.323909585404,0.7461001,61.82,56.7875,55.8713,163.42296421134233,232.77794484437692,16186.432169019852
2460636.03113628,2024.8898867523064,25741.575855391253,0.7458953,61.8189,56.615,55.8967,162.9191102614368,231.69246916968495,16178.509119121709
2460636.98191921,2024.8924898540997,25718.81049968951,0.7456955,61.818,56.4403,55.92,162.2729447182919,230.60395252408642,16170.405101756258
2460637.93136684,2024.8950893000408,25693.736989055233,0.7454708,61.8184,56.2653,55.9438,161.6700208346374,229.5169519853043,16161.606616723795
2460638.87946578,2024.897685053471,25669.411927993133,0.745246,61.8181,56.09,55.9667,161.24906630396345,228.4300807505014,16153.264269302364
2460641.24383896,2024.9041583544417,25608.756802180804,0.7446944,61.8175,55.6491,56.023,159.92272063485143,225.71509240098044,16132.110425093626
2460641.71568529,2024.9054501992878,25595.231253011345,0.7445646,61.8162,55.5597,56.0324,159.79183320545326,225.17002825644357,16127.588124804775
2460645.00765943,2024.914463133279,25487.82613078275,0.7435747,61.8071,54.9371,56.1165,157.58716193380496,221.38687201956674,16090.227510877363
2460646.87792675,2024.919583646133,25408.11244805941,0.7428366,61.8104,54.5964,56.1691,155.9002847252823,219.255387392092,16062.384593090104
2460648.73786152,2024.9246758700071,25300.87286608079,0.7417991,61.806,54.2318,56.2105,154.57184480763863,217.09898679739428,16025.977942703195
2460649.66339903,2024.927209853607,25244.687532375414,0.7412445,61.8038,54.0519,56.237,154.06544478356682,216.03335270145044,16007.093575617526
2460651.96433702,2024.9335094784947,25112.76838142695,0.7399343,61.7999,53.6058,56.3046,152.83338805366566,213.3869877419177,15962.602243518062
2460652.87970682,2024.9360156244215,25061.771060429677,0.7394335,61.7994,53.4279,56.3285,152.12166901745059,212.33077520820711,15945.085394738819
2460653.79220799,2024.9385139164676,25008.36882400086,0.7389095,61.8001,53.2502,56.3513,151.31122044279618,211.27649007161494,15926.643224144256
2460655.15512975,2024.942245392881,24920.64834085471,0.7380248,61.7988,52.9812,56.387,150.45553322508022,209.69985856283267,15896.862667179415
2460656.05968037,2024.944721917509,24858.006704596773,0.7374399,61.7977,52.7972,56.383,148.58442615959848,208.62030969677585,15874.070771472327
2460656.5107226,2024.9459568038328,24826.769282559097,0.7371002,61.7998,52.7224,56.404,148.81637903092997,208.12195062020044,15864.068119362613
2460660.08027985,2024.9557297189594,24475.575159839536,0.7334008,61.7945,51.9975,56.5271,147.03245715309367,204.00190117460377,15745.844367017953
