jd,year,a_km,e,i_deg,raan_deg,argp_deg,hp_km,azimuth_deg,lambda
2447238.93218577,1988.2106288453663,26904.11044183435,0.7385243,62.8475,79.4404,287.9964,656.6348106559453,11.150415668159951,17146.220653998687
2447260.78841984,1988.2704679530182,26903.03523504158,0.7395199,62.9013,76.152,288.0806,629.5690083271547,346.4041369134199,17113.79776077723
2447263.32971839,1988.277425649254,26903.597986737695,0.739576,62.9068,75.7704,288.0931,628.2063020981768,343.5302662685695,17112.364767583935
2447270.9544119,1988.2983009223824,26904.86280404181,0.7395669,62.9202,74.6288,288.1375,628.7805251313002,334.9179679423703,17113.459817438154
2447276.03757752,1988.312217871376,26903.99246833337,0.7394871,62.9352,73.8624,288.1592,630.7007995036856,329.1631663046,17115.45370206339
2447288.74463329,1988.3470078940177,26903.54720751348,0.7397582,62.9613,71.9644,288.222,623.29125166828,314.8035581536073,17106.51389164788
2447298.40258827,1988.3734499336622,26904.85915698229,0.7398945,62.9801,70.5307,288.259,619.9655434564565,303.88772388158736,17102.9932134045
2447316.70059434,1988.4235471439836,26904.17681389333,0.74053,63.0323,67.7934,288.3761,602.6904579009015,283.2325281659278,17082.233733781555
2447332.4579031,1988.4666883041757,26902.908704288435,0.7407161,63.0677,65.4184,288.4283,597.3547901918519,265.3789104967445,17075.469924483772
2447346.69004692,1988.5056537903354,26905.19523870796,0.7409805,63.0945,63.2732,288.484,590.8339181325146,249.26183547928485,17068.44952384767
2447360.41388843,1988.5432276206166,26902.708610060596,0.7411447,63.1242,61.1985,288.5558,585.772408069819,233.73235657801382,17061.608244925428
2447366.51332212,1988.5599269599454,26903.83611441108,0.7412098,63.1283,60.2664,288.5883,584.312828815665,226.82099441964613,17060.23563763605
2447394.97805861,1988.6378591611501,26904.557275915537,0.7415714,63.228,55.9467,288.6554,574.7707704346658,194.51280198592707,17049.089788338722
2447411.24389636,1988.6823925978372,26902.785183266402,0.7418453,63.3043,53.4775,288.7163,566.9441381505821,176.0724647786019,17039.170699111808
2447443.7746097,1988.7714568369606,26903.71695874894,0.7423185,63.345,48.5236,288.7872,554.4538415058651,139.12633869419756,17024.54809553491
2447454.95755745,1988.8020740792608,26904.28211655758,0.7425388,63.3678,46.8211,288.8036,548.6724588674533,126.41803146607089,17017.816431913954
2447475.79715181,1988.8591297790829,26904.74928989361,0.7427078,63.4248,43.6758,288.8435,544.245835245164,102.77257953016084,17012.67046154438
2447486.97958763,1988.8897456197944,26902.575428675627,0.7429355,63.4709,42.0023,288.8517,537.5608012847861,90.08557687401725,17003.960934830404
2447496.12828311,1988.9147933829158,26903.558603189264,0.7430388,63.4903,40.6004,288.8737,535.0344029458365,79.68848215032591,17001.25309490165
2447510.86880624,1988.9551507357705,26902.5833593485,0.7433236,63.5146,38.3491,288.8692,527.12194737748,62.90403512264584,16991.45336961473
2447519.50910159,1988.9788065751954,26903.1863810757,0.7433255,63.5356,37.0326,288.8609,527.2256127694154,53.06313292963421,16991.772941649524
2447540.85658728,1989.0372528056948,26901.724328250242,0.7433629,63.598,33.8061,288.9003,525.8442166015884,28.835389949844284,16989.643047528334
2447547.4637711,1989.0553422891176,26902.889378396594,0.7431944,63.6146,32.8319,288.8944,530.6763485527636,21.34307591771062,16995.813674850113
2447563.21971359,1989.0984797086655,26901.203601378184,0.743298,63.6581,30.4403,288.8991,527.4564668809817,3.42670488038641,16991.40765697193
2447573.38420392,1989.1263085665164,26901.675563155524,0.7434418,63.7079,28.8627,288.8741,523.7091594671665,351.80571605407056,16987.0666305585
2447579.48316329,1989.1430066072285,26902.81043431207,0.7431829,63.6853,27.9728,288.8783,530.9654575897666,344.9087213977579,16996.134632875976
2447585.5823381,1989.159705237782,26901.217455503927,0.7430792,63.6992,27.051,288.8599,533.3460096420322,337.9570143985212,16998.47144606403
2447592.69723479,1989.179184763285,26900.24725408923,0.743272,63.7263,25.9748,288.8684,527.9103770478187,329.8766852174051,16991.64215005398
2447597.77930525,1989.1930987138944,26901.062873637984,0.7432257,63.7412,25.209,288.8639,529.3652886343816,324.09736299802705,16993.65048770174
2447602.35368687,1989.2056226882137,26902.146998712982,0.7432012,63.7497,24.5187,288.8584,530.3027666930948,318.8929322430462,16995.12540492661
2447608.96068367,1989.2237116596027,26901.526170156787,0.7430682,63.7678,23.5221,288.8391,533.7212416454904,311.365002543019,16999.021096015098
2447615.56732944,1989.2417996699241,26899.861567503518,0.7431232,63.785,22.5269,288.8325,531.8140599032877,303.8515188273015,16996.196349423906
2447622.68187024,1989.2612782210535,26900.26757774975,0.7432454,63.8003,21.4557,288.8286,528.6311418181076,295.76414042074356,16992.51282037874
2447631.32158998,1989.2849324845442,26901.735813145824,0.7433375,63.805,20.1642,288.8077,526.53046814154,285.9362055640486,16990.469686628578
2447635.38742681,1989.2960641391098,26900.869011429626,0.7431129,63.8251,19.5673,288.7583,532.3499278260242,281.2825099204532,16997.164931295814
2447641.48600425,1989.312761134155,26899.49694599409,0.7431153,63.8369,18.6354,288.7843,531.9329031226071,274.3656917041895,16996.220634103836
2447645.55145613,1989.3238917347846,26899.38640459814,0.7428962,63.8539,18.018,288.7686,537.798162290519,269.7255754775098,17003.211445769815
2447654.19056956,1989.347544338289,26901.783758159774,0.7432591,63.8823,16.7138,288.7528,528.6518736753242,259.89063821597324,16993.028736619042
2447654.19084767,1989.347545099713,26901.783758159774,0.7432591,63.8823,16.7137,288.7528,528.6518736753242,259.8902641032996,16993.028736619042
2447663.33867344,1989.372590481697,26900.364730845617,0.7433095,63.8882,15.3599,288.7421,526.9317729431277,249.50942658910037,16990.50689222827
2447669.43677061,1989.3892861618344,26899.428142271245,0.7432808,63.8948,14.4212,288.754,527.4633731413605,242.57218173958506,16990.84095563454
2447674.51858432,1989.4031994094998,26900.15629934342,0.7434917,63.8864,13.7344,288.7189,521.9770620788722,236.84151258001873,16984.497127674706
2447682.65003312,1989.4254621029982,26901.69661871137,0.7431057,63.9691,12.4802,288.6826,532.7562216762244,227.53644292067423,16997.919962025397
2447683.6668262,1989.4282459307328,26901.61832141976,0.7430914,63.9611,12.3255,288.6802,533.1208006903016,226.3771649361418,16998.331474122413
2447693.32284443,1989.4546826678436,26899.459946851362,0.7429125,63.9994,10.8829,288.6309,537.3786090861504,215.36803957630565,17002.732798768782
2447701.45359958,1989.4769434622317,26900.2889951017,0.742829,64.0914,9.694,288.5924,539.8379211593001,206.12675359661768,17005.94676049831
2447706.53550932,1989.4908569728132,26901.378055289788,0.7424769,64.0521,8.9147,288.6477,549.5899710701979,200.39388978729238,17017.971694637923
2447709.58487266,1989.4992056746344,26901.34724765358,0.7424393,64.076,8.4609,288.6286,550.5935280487283,196.91545713160343,17019.16214667748
2447723.30607624,1989.5367722826552,26899.31459430804,0.7422854,64.174,6.341,288.5278,554.2098009462597,181.17077824414474,17022.826893792924
2447733.47028734,1989.564600376017,26901.468382329214,0.7425269,64.1029,4.8898,288.472,548.2681589502881,169.64566463386183,17016.419669663857
2447735.50319003,1989.5701661602461,26901.448420990855,0.7423775,64.0091,4.5294,288.5196,552.2820958367156,167.32918231141372,17021.214568149655
2447737.53640173,1989.5757327904998,26901.06998289678,0.7424104,64.048,4.2491,288.4872,551.2995564663879,165.01249542009276,17019.916621146058
2447748.71627792,1989.606341623327,26899.19302823422,0.7426243,64.0797,2.5652,288.3734,545.062335076901,152.19561560229118,17011.84537333894
2447758.3721175,1989.6327778713205,26901.285723791974,0.7420976,64.1058,1.2112,288.3298,559.7698512516863,141.28096632461148,17030.113097433594
2447765.48717964,1989.652257849802,26900.375576320694,0.7421575,64.1203,0.1146,288.325,557.9237895374672,133.1667740712458,17027.611210743806
2447779.71607706,1989.6912144478028,26899.90330701983,0.7419593,64.1597,358.0299,288.249,563.1335792757127,116.98169879099146,17033.682820164508
2447787.84755766,1989.7134772283646,26901.061141896163,0.7419269,64.1785,356.8637,288.1961,564.3039421786843,107.74799778872193,17035.457104631794
2447793.9459517,1989.7301737212874,26899.535950154237,0.7418178,64.1911,355.9643,288.1642,566.8450705899122,100.80596033654797,17037.99610204948
2447801.06018015,1989.7496514172483,26898.85941205547,0.7416966,64.1867,354.9002,288.1815,569.9305422559273,92.74718979058139,17041.459810000826
2447804.61732253,1989.7593903423137,26899.468604274833,0.7415676,64.1945,354.3908,288.2031,573.5579301273956,88.75337676701588,17045.987132108832
2447809.69933007,1989.7733041206573,26900.682261716534,0.7414396,64.1903,353.6396,288.2082,577.3148658623322,82.99831656339438,17050.864217098926
2447813.25678471,1989.7830439006436,26900.848686633104,0.7414764,64.2126,353.1184,288.1212,576.3679455236606,78.88379576827731,17049.78879618691
2447819.86323534,1989.8011313767008,26899.280967572995,0.7413874,64.2592,352.1927,288.0457,578.356689154567,71.37110438769128,17051.650803471814
2447825.96109834,1989.817826415715,26898.497922672308,0.741279,64.2601,351.2813,288.0144,581.0699810517017,64.41819034262869,17054.631469536154
2447835.61628155,1989.8442608666664,26900.40893306044,0.741067,64.2816,349.8821,287.9518,587.2672862641384,53.43998800008637,17062.640720656404
2447847.81272019,1989.877652895797,26898.607725952374,0.7411275,64.1939,347.927,287.9351,585.173528536604,39.447057513131085,17059.558888246655
2447852.89414255,1989.8915650720053,26898.280233009344,0.7406645,64.2998,347.3563,287.8544,597.5426533675964,33.787274078077076,17074.184379013972
2447858.99196506,1989.9082600001645,26899.568757501216,0.7404664,64.315,346.4821,287.8196,603.2056180818181,26.86809994074156,17081.343372329462
2447860.51652512,1989.9124340181245,26899.92053145258,0.7404504,64.3183,346.263,287.803,603.7273139703057,25.129753475145435,17082.078757653497
2447863.56596632,1989.9207829331149,26900.276873786635,0.7404147,64.3247,345.8233,287.7718,604.7801423649662,21.653244078629086,17083.447393493363
2447866.1066797,1989.9277390272412,26900.097789783045,0.7403516,64.3295,345.4576,287.7558,606.4310509607039,18.76735019316675,17085.352486954613
2447871.69652469,1989.9430431887472,26898.700216721663,0.7402451,64.335,344.6477,287.7197,608.9328849245139,12.411852051017263,17087.87122292471
2447873.72912116,1989.9486081345933,26898.23941099284,0.7402124,64.3381,344.3546,287.7099,609.6927608072438,10.105571546387182,17088.624175789293
2447890.49835302,1989.9945197892398,26899.8305819411,0.7398455,64.3647,341.9392,287.59,619.9756751295945,351.0420758736859,17101.362106045835
2447898.62893126,1990.016780099275,26898.13690103154,0.7395817,64.3751,340.7692,287.5346,626.6307849339009,341.80296426099164,17108.70922744385
2447900.66147938,1990.0223449127448,26897.752110130794,0.7395346,64.3772,340.475,287.521,627.7974624660601,339.4918314119277,17109.967847996504
2447907.77557386,1990.0418222419162,26897.94710072148,0.7394479,64.3905,339.4492,287.4646,630.1803027818924,331.3977929101377,17112.85874243254
2447913.3649747,1990.0571251874057,26899.325803243075,0.7393233,64.3988,338.6457,287.419,633.8911826142539,325.0396325339648,17117.711303111435
2447916.92229038,1990.0668645869407,26899.56338073472,0.7392628,64.4011,338.1426,287.3896,635.5805371153047,321.00094870132614,17119.792289698347
2447917.43048792,1990.0682559559755,26899.514534301143,0.7392556,64.4015,338.0694,287.3816,635.7614775376305,320.41885584880674,17119.99084268055
2447923.52847208,1990.0849513267074,26898.279595164142,0.7390949,64.3957,337.134,287.3484,639.7620276042599,313.4399223853186,17124.328905363058
2447932.67483725,1990.1099927097873,26898.232030243,0.7389119,64.3797,335.9315,287.2917,644.6719941352885,303.16582447658595,17130.130938715196
2447933.69128598,1990.1127755947432,26897.83903540618,0.7389073,64.3905,335.7842,287.2462,644.6931179195944,301.97118589246736,17130.02722476906
2447937.24794758,1990.122513203505,26898.664678302463,0.7385896,64.4485,335.2044,287.2643,653.4543930209193,297.9039467382196,17140.67139180607
2447938.2642875,1990.125295790555,26898.91727699917,0.7385467,64.4511,335.0571,287.2661,654.6743884984471,296.75671540023654,17142.198003713507
2447943.34604424,1990.1392088822452,26899.37984323194,0.7382792,64.4566,334.3398,287.2439,661.9909120745378,291.0085023917335,17151.004711544054
2447946.39513882,1990.1475568482415,26898.817220961984,0.7381948,64.4604,333.9086,287.2171,664.1139222973952,287.5452346330994,17153.33026199241
2447951.47658692,1990.1614690949218,26897.783454174292,0.7383574,64.4541,333.1855,287.1382,659.4696971871408,281.7348258281304,17147.499305351623
2447957.57397474,1990.1781628329643,26897.49379859833,0.7382593,64.4673,332.3407,287.0698,662.0325550907874,274.8118801328369,17150.435101485415
2447964.17973984,1990.196248432142,26899.033463455784,0.7380394,64.468,331.4136,287.0182,668.3506455069546,267.322364428882,17158.408951207806
2447972.31054023,1990.2185093503901,26898.98844675038,0.7378777,64.5275,330.2761,286.9494,672.6884193356382,258.10213385953466,17163.519084875887
2447973.32685731,1990.221291874907,26898.736848753542,0.7379495,64.4824,330.1035,286.9605,670.6911405842893,256.9389250334732,17161.077035543
2447980.44060792,1990.2407682626142,26897.418811967505,0.7376079,64.475,329.1485,286.8943,679.533906651659,248.9062254589005,17171.086252083318
2447985.52183411,1990.2546799017382,26897.789558984085,0.7374611,64.4762,328.4301,286.8543,683.5797832471671,243.13963537421614,17175.982627563902
2447991.11146873,1990.2699834872828,26899.184371032476,0.7371553,64.5073,327.6405,286.8006,692.1717462487204,236.7870445782055,17186.57442572782
2447993.14411547,1990.2755485707594,26899.550804579503,0.737121,64.5096,327.3555,286.788,693.1907159570546,234.48601452660284,17187.89618156399
2448003.30726476,1990.3033737570436,26897.771062332227,0.7367723,64.5338,325.9309,286.6918,702.1021118642675,222.94814746434133,17197.80952104444
2448016.01055073,1990.338153458535,26899.586345925647,0.7368996,64.6729,324.1611,286.6853,699.1556274475761,208.65115492737823,17194.936900932655
2448017.02675578,1990.3409356763311,26899.161133314865,0.7363755,64.5519,323.9884,286.6204,713.1416041895654,207.41195652075703,17211.26097454135
2448021.09211869,1990.3520660333738,26899.627902110024,0.7362545,64.5355,323.4219,286.5825,716.5195108559583,202.8006279854219,17215.387841871012
2448023.12485551,1990.357631363477,26899.360068027465,0.7361825,64.5562,323.1322,286.5641,718.3856247468366,200.48900914829483,17217.49374973997
2448029.22268865,1990.3743263207386,26897.852156263463,0.735957,64.5733,322.2693,286.5056,724.0532768962739,193.5574245340964,17223.65771134238
2448037.35255778,1990.3965846893366,26897.754296921565,0.7358953,64.5609,321.1677,286.4102,725.6870292621797,184.34741183879646,17225.544906991956
2448043.95868626,1990.4146712833951,26899.273312721165,0.7354472,64.6246,320.23,286.3601,738.1417728456609,176.84843797778296,17240.669597250326
2448047.00765253,1990.423018898097,26899.523009505992,0.7353681,64.6216,319.8108,286.3306,740.3355830992896,173.39459668502877,17243.325997494303
2448060.21951931,1990.4591910179608,26897.526417490288,0.734586,64.5752,317.9609,286.2944,760.8437765717681,158.4865335341285,17266.698019256124
2448067.84158666,1990.4800591010544,26898.834899283393,0.7345842,64.6233,316.9421,286.1334,761.2394838612208,149.79422362040714,17267.594669215232
2448068.85795518,1990.4828417664069,26899.122495024923,0.7345683,64.65,316.8157,286.1091,761.7435123627083,148.64176409352717,17268.27994164701
2448071.90696704,1990.4911895059279,26899.505238922848,0.7343793,64.5853,316.3474,286.1339,766.9291112163555,145.19307786596983,17274.47521196802
2448073.93971458,1990.4967548653794,26899.54971100148,0.7345381,64.5684,316.0718,286.0352,762.6692754269043,142.8152484633988,17269.5050774644
2448079.02136555,1990.5106676674877,26898.427211775575,0.7343185,64.5523,315.3747,286.006,768.2781892653529,137.08033970442898,17275.696122957797
2448085.11896775,1990.5273619924712,26897.139917311273,0.7338826,64.6031,314.5608,285.9602,779.6606422310897,130.2106827103637,17288.57595049297
2448088.16762537,1990.5357087621355,26897.315945373997,0.7339357,64.6174,314.1485,285.9328,778.279238884772,126.76614563124099,17287.020259651377
2448091.72454488,1990.5454470770158,26898.188839289873,0.7326068,64.6802,313.7411,286.0252,814.2564879420042,122.94535227435176,17329.275028301152
2448093.75720509,1990.5510121973716,26898.762363675305,0.7329375,64.6628,313.4299,285.964,805.5144237490358,120.56950894618149,17319.28280581793
2448096.80624258,1990.5593600070638,26899.511162447303,0.7323219,64.6569,313.0259,285.9849,822.2737388926862,117.18119745702506,17339.046398426555
2448097.82259824,1990.562142637207,26899.62115833235,0.7322074,64.5383,312.7619,286.0981,825.3831890048323,116.02865060546435,17342.700057620124
2448102.90426442,1990.5760554809576,26899.121310362567,0.7311833,64.6199,312.1264,286.1448,852.7967235513415,110.43122685522235,17374.372233882517
2448105.9532425,1990.5844031279942,26898.330987384237,0.7311852,64.7003,311.7711,286.0933,852.5331647074963,107.01927392212201,17373.802482733805
2448110.01836189,1990.5955328183168,26897.58272631302,0.7323473,64.6284,311.1795,285.8488,821.0743401710397,102.17648540594018,17337.00848706834
2448112.05083494,1990.6010974262556,26897.450883949776,0.7325617,64.6469,310.922,285.7822,815.2722387370259,99.84912654802599,17330.21191018051
2448113.06703675,1990.6038796351809,26897.33835909179,0.7327922,64.6944,310.8204,285.6769,809.0423087885274,98.6406313349039,17322.919479319393
2448117.13180814,1990.6150083727307,26897.891883401157,0.7329177,64.7307,310.2789,285.5488,805.8145293701127,93.96468581698605,17319.34295994116
2448119.6725839,1990.6219646376453,26898.628866629544,0.7337801,64.7198,309.9163,285.4499,782.8139870112291,90.99893044771079,17292.75385839948
2448126.78696971,1990.6414427644356,26899.455663707584,0.7335286,64.7371,308.9555,285.3466,789.79930994609,82.92270480314585,17301.184720577206
2448130.85223733,1990.6525728605882,26898.555603425775,0.7340515,64.7838,308.4266,285.2068,775.4942148976806,78.24717018826937,17284.17660549533
2448136.94981405,1990.6692671158112,26897.426283273016,0.732074,64.6486,307.5207,285.5505,828.3835343722058,71.67503830801536,17345.457379910647
2448137.96598514,1990.6720492406293,26897.37771987994,0.731385,64.6357,307.3878,285.6143,846.9028162255509,70.60437337347128,17366.952063683522
2448144.57137574,1990.690133814484,26898.122959752247,0.7320379,64.648,306.5259,285.3745,829.5412143534268,62.99222678581373,17347.035530570916
2448150.66937981,1990.706829239726,26899.410918626694,0.7317121,64.6701,305.7258,285.3233,838.6501665954274,56.13057369868943,17358.049716708054
2448156.76728692,1990.7235243995071,26898.50530360455,0.7314528,64.639,304.8812,285.2841,845.3819834681517,49.236516177423596,17365.56358024104
2448164.89723169,1990.7457829751954,26897.130988428322,0.7310865,64.7153,303.8041,285.19,854.8653340567198,40.0522289296556,17376.10602311734
2448166.92960886,1990.7513473206297,26897.227293199812,0.730956,64.6859,303.5078,285.1674,858.4013198716484,37.73016457325343,17380.237512259202
2448172.51899742,1990.7666502324985,26898.58758767353,0.7308094,64.7063,302.7704,285.1203,862.710631878389,31.436616300525657,17385.686316792027
2448174.55165029,1990.7722153327582,26899.020979046953,0.7307205,64.7006,302.4925,285.104,865.218619727274,29.138980207068357,17388.736789197756
2448181.15784983,1990.7903021213692,26898.967943252654,0.7303176,64.6991,301.6132,285.0335,876.0419324594386,21.677936307078426,17401.249513679802
2448182.17415323,1990.793084608433,26898.743591976985,0.7302814,64.6965,301.4762,285.0221,876.9551633870042,20.527840964119832,17402.231029154027
2448187.76361312,1990.8083877155925,26897.380453273356,0.7299558,64.7056,300.752,284.9565,885.3452865998397,14.228922386673503,17411.477295342884
2448189.796105,1990.813952375086,26897.157866210655,0.729854,64.7053,300.4824,284.9343,888.0233089253434,11.933844969011489,17414.497951977108
2448192.84475245,1990.8222991169062,26897.27412478149,0.7297289,64.7073,300.0845,284.9047,891.4195647062297,8.501517913749467,17418.461136087448
2448195.89343142,1990.830645945024,26897.854798660275,0.7296085,64.7094,299.6648,284.8725,894.8150057919502,5.044759791402612,17422.577856999826
2448198.43409979,1990.8376019159211,26898.55678802585,0.7295862,64.7081,299.3246,284.8498,895.604655565865,2.177710268411033,17423.725275383807
2448201.48312111,1990.8459496813418,26899.205877357017,0.7293717,64.7108,298.9066,284.8366,901.5500579391392,358.7413147169183,17430.806892374734
2448206.56484941,1990.8598626951682,26898.999290838306,0.7291489,64.7174,298.2408,284.7821,907.487246822775,353.01232973942706,17437.58779282174
2448213.67880204,1990.8793396359752,26897.389109023745,0.7288335,64.7222,297.3072,284.706,915.5345638320869,344.99093104892995,17446.324945293407
2448220.79252429,1990.8988159460364,26897.574070406863,0.7285202,64.7264,296.3759,284.6286,924.0117291192419,336.9707594268857,17456.152573436688
2448225.36569298,1990.911336599535,26898.685727967353,0.7283188,64.7297,295.7771,284.5778,929.7309169970431,331.8137241674365,17463.110356816498
2448236.03719079,1990.940553568213,26898.11676363392,0.7278329,64.7328,294.3772,284.4597,942.6461350196287,319.7776154432961,17477.77254305058
2448237.5615925,1990.9447271526358,26897.744274134187,0.7277636,64.7337,294.1782,284.4429,944.408769310905,318.0593250511463,17479.672702666903
2448249.24847938,1990.9767241050781,26898.1159435597,0.7272487,64.7381,292.6748,284.3082,958.3597911566358,304.9023221718537,17495.81844617415
2448251.28105887,1990.9822890044347,26898.62604179528,0.727097,64.7419,292.408,284.2792,962.5794426840575,302.603158403492,17500.83181792957
2448258.39550282,1991.0017672904041,26899.00557859178,0.726725,64.7186,291.4571,284.1944,972.6894494896696,294.5552754544765,17512.55101777957
2448261.44442137,1991.010114774456,26898.32214863387,0.7265866,64.7386,291.0645,284.1582,976.2254129532921,291.12138119584574,17516.3712033148
2448266.52570701,1991.0240265763455,26897.309203045257,0.7264208,64.7702,290.4003,284.1034,980.4080339217599,285.3941325156336,17520.818808307886
2448272.62318967,1991.0407205740453,26897.553569604264,0.7261559,64.7646,289.6119,284.0333,987.6000494700684,278.52579334370375,17529.133210064534
2448276.18010142,1991.050458867679,26898.381650876956,0.7259669,64.7583,289.1626,283.9967,992.9106087729306,274.5341076355164,17535.488054871083
2448280.24533841,1991.061588879973,26899.19503306088,0.7257408,64.7709,288.6395,283.9537,999.2154104112515,269.9612032097191,17542.971318240972
2448283.80258055,1991.0713280781652,26899.148466501694,0.7255581,64.7871,288.1867,283.9118,1004.1171135288114,265.96039186051985,17548.556221639035
2448292.44092072,1991.0949785645992,26897.34464587468,0.7251789,64.8192,287.0698,283.812,1013.8215426583911,256.22951674426884,17559.024537714387
2448296.50584765,1991.1061077279949,26897.235948826987,0.7249783,64.8146,286.5497,283.7656,1019.1872559475114,251.65651792185804,17565.109106282267
2448306.16047728,1991.1325406633268,26899.191296793313,0.7244862,64.7953,285.316,283.6584,1032.9621111064544,240.79976120231493,17581.473453230294
2448314.29105514,1991.1548009723206,26898.21991124498,0.7240289,64.8145,284.2823,283.5799,1044.9950369481803,231.67384996459714,17594.84064428694
2448321.91278292,1991.1756681257223,26897.218182020846,0.7236791,64.7912,283.3083,283.4926,1054.1272355523633,223.10037473998295,17604.883931962304
2448329.02660274,1991.1951447029157,26898.525623975034,0.7233034,64.8212,282.4103,283.3994,1064.5942851667696,215.0976069503729,17617.219750258413
2448333.09180498,1991.206274620068,26899.2360409609,0.7230876,64.8291,281.8919,283.3472,1070.595710268979,210.5202367755221,17624.274068481947
2448339.69796056,1991.2243612883237,26898.433772560868,0.7226867,64.8128,281.0563,283.2874,1081.1571343003034,203.11363620348868,17635.97863875151
2448352.90910506,1991.2605314306918,26897.94372935882,0.7220025,64.8494,279.403,283.1213,1099.4248119024287,188.27298495097511,17656.499451856947
2448361.03956744,1991.2827914235177,26899.23950385739,0.7215284,64.8547,278.3805,283.0239,1112.5379634223746,179.1394875336506,17671.77038387574
2448371.20246465,1991.3106159196439,26897.35321048337,0.7210032,64.7662,277.1124,282.9076,1126.1391741945872,167.7382689282108,17686.48332218704
2448381.36505542,1991.338439576783,26898.471770521035,0.7202844,64.7931,275.892,282.8196,1145.7858703743523,156.41335235813983,17709.015934994626
2448387.97114416,1991.3565260620392,26899.12996751357,0.719888,64.7954,275.0414,282.7585,1156.6327934601622,148.99051766591492,17721.45221448382
2448391.02013171,1991.3648737350034,26898.630324608814,0.7196676,64.8448,274.6695,282.7178,1162.4212956103684,145.57275539878242,17727.791112840947
2448404.23146887,1991.4010444048456,26897.690515706698,0.7190473,64.7609,273.0348,282.5215,1178.8424741521903,130.72031425560021,17745.91683159446
2448410.32931567,1991.4177393995067,26899.03920446617,0.7185789,64.7614,272.279,282.4956,1191.8209018639945,123.92841617757563,17760.94158840869
2448412.87012344,1991.42469575206,26899.18218395103,0.7185347,64.7576,271.9847,282.4332,1193.0500831604322,121.0674292583808,17762.3689187469
2448415.91910046,1991.4330433961948,26898.893037473066,0.7184671,64.7911,271.6013,282.3823,1194.7870636296002,117.6279773698916,17764.216249784033
2448423.03315187,1991.4525206074472,26897.365601844172,0.7181057,64.7881,270.7093,282.296,1204.0777481759424,109.63788131897059,17774.09754686273
2448430.146731,1991.4719965256672,26897.63511747262,0.7177283,64.8789,269.8758,282.1905,1214.3048905886963,101.68755075982426,17785.63672911768
2448431.67114782,1991.476170151458,26897.94819413663,0.7176086,64.831,269.7007,282.1831,1217.6129476697133,100.00254547508075,17789.44480019178
2448438.78531981,1991.49564769284,26899.16696552163,0.7171919,64.8127,268.8288,282.1076,1229.1660011019376,92.04323057760803,17802.77848066277
2448441.83428156,1991.503995295168,26898.89558899956,0.7170186,64.8136,268.4546,282.0723,1233.7508322289214,88.62859373959714,17807.80480687465
2448450.98069231,1991.5290368030385,26897.132810648727,0.7165177,64.8592,267.3608,281.9358,1246.7247725681646,78.38335090615851,17821.670370064658
2448457.58614262,1991.5471215403697,26897.825550097303,0.7161491,64.8601,266.5621,281.8526,1256.8356904381144,70.99094546686979,17833.178977967167
2448471.81440253,1991.5860763929636,26897.987283801063,0.7153057,64.8598,264.8524,281.6873,1279.5673611706434,55.092198533089004,17858.528502074234
2448474.86315552,1991.5944234237372,26897.35612609639,0.7151305,64.8568,264.4832,281.6494,1284.1000909630156,51.68016745456555,17863.34584392408
2448487.56611882,1991.6292022418072,26898.676980049673,0.7144015,64.8583,262.9635,281.492,1304.0854974867161,37.48269294938336,17885.986427046017
2448501.79417,1991.6681565229298,26897.252895654034,0.7136237,64.8724,261.3005,281.3164,1324.599464421689,21.620551745256762,17908.212177692945
2448508.39950363,1991.686240940808,26897.457990822422,0.7132073,64.8737,260.5194,281.2376,1335.8583003245376,14.25026130912147,17920.734859197564
2448515.51350398,1991.7057180122654,26898.935775621623,0.7127922,64.8756,259.681,281.143,1347.44786645758,6.3055155845007675,17934.054009834872
2448516.52983255,1991.7085005682407,26899.026811177744,0.7127462,64.8755,259.5611,281.126,1348.7113678126898,5.166895433403965,17935.480751080246
2448524.66020227,1991.7307603073782,26897.872019813974,0.7122829,64.8758,258.6049,281.0154,1360.8414337120175,356.08658934382765,17948.45937861686
2448529.74142819,1991.744671945763,26897.09235742827,0.7119793,64.8748,258.007,280.9467,1368.7830687511414,350.4117995253441,17956.93918413235
2448540.41201084,1991.773886408871,26898.717530353028,0.7113395,64.8754,256.7596,280.8077,1386.4609516704695,338.50819280643213,17976.968231812258
2448549.55885081,1991.798929091882,26898.166970518963,0.7107948,64.8768,255.6947,280.6864,1400.953458342332,328.30662692244914,17992.702959633036
2448552.60765529,1991.8072762636277,26897.504914522473,0.7105928,64.8765,255.3407,280.653,1406.1952842981873,324.9142450939971,17998.225689646064
2448564.29437135,1991.839272748392,26898.214717392868,0.7098864,64.8793,253.9882,280.4974,1425.4016052358265,311.88741057885545,18019.538080882776
2448567.34332252,1991.8476203217526,26898.829522883603,0.7097058,64.8801,253.6363,280.4556,1430.4378972818758,308.4885841690567,18025.271196129044
2448572.93316582,1991.8629244786307,26898.762454800133,0.7093802,64.8805,252.9913,280.3776,1439.176664861523,302.25608769296105,18034.813400970474
2448579.53892836,1991.8810100708015,26897.36906413872,0.7089854,64.8826,252.2316,280.2855,1449.3907992527038,294.8934745114948,18045.492262263437
2448590.20939446,1991.910224214812,26898.132618414413,0.7083422,64.884,251.0075,280.1383,1466.9138835949861,283.0050826676845,18064.89904477689
2448594.27465271,1991.921354285312,26898.917003620754,0.708082,64.8849,250.5426,280.0824,1474.141753862964,278.47745728770315,18073.060567981654
2448603.42155062,1991.9463971269538,26897.89106334408,0.7074626,64.8861,249.5023,279.9701,1490.5028171539107,268.3094342966259,18090.523846025957
2448614.6001412,1991.977002439972,26897.759672784094,0.7067673,64.892,248.2362,279.8075,1509.1663928015969,255.86282161008126,18110.77719180897
2448617.64891261,1991.9853495211773,26898.45928676393,0.7066095,64.891,247.8903,279.7678,1513.6161193733124,252.4722723761605,18115.85980735309
2448623.23866918,1992.0006534406018,26899.0310030237,0.7064621,64.9044,247.258,279.7,1517.7487726624713,246.2627613833141,18120.550841443255
2448631.36893276,1992.022912889144,26897.536895646957,0.7059948,64.9063,246.3423,279.5783,1529.8794145120619,237.21195990815124,18133.183783493136
2448649.1534838,1992.0716043362083,26899.094245419612,0.7048617,64.9117,244.3482,279.3414,1560.816647132926,217.45203896496957,18167.238950589453
2448653.21875774,1992.0827344496652,26898.549680427364,0.7046219,64.9137,243.9037,279.2802,1567.106197360241,212.9394981205205,18173.84342764067
2448676.08457621,1992.1453376487611,26899.070825641764,0.7032264,64.9117,241.3607,278.9572,1604.7977855806776,187.53634644598878,18214.684241521616
2448693.43358458,1992.1928366449833,6698.66913177188,0.0137998,64.9811,349.6321,266.952,228.09253748725405,266.70290780596497,6697.94015483814
2448697.42599191,1992.203767260534,26898.696025004574,0.7019914,64.9136,238.9856,278.6202,1637.9064442371764,163.78958620775916,18250.138927842963
2448708.09724397,1992.2329835563855,26897.969971344748,0.701389,64.918,237.8257,278.442,1653.8934111132257,151.93361970122908,18267.02174873276
2448711.14596786,1992.2413305074874,26897.383460006913,0.7011095,64.9086,237.4786,278.4058,1661.2360910531943,148.54541730453377,18274.675796601878
2448720.80022293,1992.2677624173307,26898.048515448998,0.7005206,64.9053,236.4293,278.2741,1677.2751305775555,137.84892976095318,18292.075006578554
2448723.84905854,1992.2761096743054,26898.69356464965,0.7003503,64.9073,236.099,278.228,1682.0491570391987,134.46751725003128,18297.40983433733
2448736.04470748,1992.3094995413549,26897.6024071361,0.6996382,64.9071,234.7783,278.0473,1700.8759746917322,120.94576511222647,18317.11626770848
2448751.28845703,1992.3512346530595,26898.8467455975,0.6987967,64.9135,233.1353,277.7927,1723.8851059682265,104.02352489859697,18342.080472696478
2448755.35371791,1992.3623647307602,26898.90962240608,0.6985606,64.914,232.7001,277.7328,1730.2548772323162,99.52159692636474,18348.880347406477
2448769.07314752,1992.3999264819163,26897.225015404347,0.6976793,64.9145,231.2454,277.5525,1753.4515947145528,84.36436651010354,18372.915142394617
2448775.17070975,1992.4166206974678,26898.396412586982,0.6973356,64.9153,230.5956,277.4585,1763.0507111777897,77.610648911557,18383.521636759717
2448791.93927258,1992.4625305204113,26897.089806329375,0.6963176,64.9267,228.828,277.1982,1790.0364854016407,59.05521265195625,18411.621184745316
2448792.95544323,1992.4653126440246,26897.057735423452,0.6962287,64.9266,228.7238,277.1881,1792.4178944646374,57.93934815113698,18414.127456502127
2448802.60977907,1992.4917447750038,26898.567540555552,0.6957068,64.9284,227.7053,277.033,1806.9148923317798,47.25018099863837,18429.992472842747
2448805.65865093,1992.5000921312253,26898.88419826097,0.6955587,64.9324,227.3852,276.9713,1810.994973868028,43.86333275889285,18434.41454380591
2448816.83764531,1992.5306985497878,26897.21235087035,0.6948266,64.9252,226.2148,276.8371,1830.1774436370997,31.540422076408163,18454.030832810127
2448828.52428925,1992.5626948370975,26898.444707211915,0.6944391,64.9009,224.99,276.6325,1840.9766733359102,18.592358644854414,18465.85025432522
2448829.54058209,1992.5654772952503,26898.617020555324,0.694398,64.903,224.8845,276.614,1842.13485871575,17.466673709913096,18467.131851731698
2448837.67089452,1992.5877368775357,26898.168792914843,0.6941209,64.9906,224.0691,276.4379,1849.451362024878,8.46172408717024,18474.66386424283
2448844.78453339,1992.6072129593151,26897.04753106434,0.6936715,64.9212,223.3312,276.3943,1861.1959246196438,0.668834646560299,18486.595730990754
2448855.45509772,1992.6364273722656,26898.597884616825,0.6930439,64.924,222.2231,276.2248,1878.55240213023,348.8740459843674,18505.376321911146
2448857.48770677,1992.6419923525536,26898.835354910614,0.6929366,64.9239,222.0123,276.1909,1881.5115401190596,346.62595308071707,18508.565558086197
2448880.35338086,1992.7045951563582,26898.31513231143,0.6917437,64.9181,219.6427,275.8148,1913.4387989203333,321.34324371105095,18541.79031431007
2448881.36966939,1992.7073776027103,26898.480791639206,0.6916303,64.915,219.5535,275.793,1916.540152173544,320.2305630243176,18545.09159887761
2448885.43489612,1992.7185075869127,26898.800271670792,0.6914121,64.9114,219.1378,275.7057,1922.5079883543203,315.72076871142144,18551.441791305973
2448891.53282736,1992.7352028127586,26898.106831628156,0.6909103,64.915,218.4966,275.6177,1935.791471155897,308.9812874068928,18565.047233591165
2448894.58147734,1992.7435495615055,26897.413709615506,0.6907227,64.8961,218.2064,275.5245,1940.6231890928666,305.5930578580578,18569.82926972466
2448898.64634622,1992.754678565968,26897.05308879444,0.6904523,64.9016,217.7816,275.4717,1947.7846204142134,301.10901625151666,18577.15791440567
2448904.23554568,1992.7699809601093,26897.805231048966,0.6901697,64.9046,217.211,275.38,1955.6187640774697,294.93785436064684,18585.591481382933
2448910.84142223,1992.7880668644216,26898.84765685297,0.6901097,64.8997,216.5406,275.3025,1957.5556700364632,287.6790288082084,18587.991361676617
2448928.62581535,1992.8367578791242,26897.456350774475,0.6893091,64.9096,214.7321,275.017,1978.6586213328374,268.0562635153051,18609.4153161575
2448938.28057733,1992.8631911768102,26898.898413904597,0.6889598,64.9021,213.7561,274.8751,1988.5024424405674,257.42237634833435,18620.16578904952
2448955.55668106,1992.910490571007,26897.68222417654,0.6882903,64.9158,212.02,274.5922,2006.132156793401,238.37559443755345,18637.991581399176
2448966.73605295,1992.9410980231346,26898.741587234435,0.6877804,64.9139,210.9057,274.398,2020.1780388697007,226.04841167154348,18652.922175684813
2448980.96338824,1992.9800503442573,26897.49990324377,0.6869816,64.9212,209.4657,274.1584,2041.276083713521,210.34597606738544,18674.26274010744
2448982.4877077,1992.9842237034911,26897.780265095927,0.686929,64.9216,209.3145,274.1307,2042.7786653738458,208.66466674321316,18675.917752659934
2448988.07722872,1992.9995269780145,26898.821503851617,0.6867005,64.9217,208.7573,274.0358,2049.2510277459587,202.50338791474235,18682.98264736622
2448992.14248516,1993.010657043559,26898.839820058438,0.6865113,64.9221,208.3538,273.9686,2054.346026698353,198.02586431876944,18688.243730096652
2449011.45106169,1993.063521045011,26898.344746690498,0.6857485,64.9192,206.4313,273.6398,2074.708884164609,176.7435237960807,18709.03340811604
2449020.08964481,1993.0871721966055,26898.61073302892,0.6854082,64.9189,205.5759,273.4934,2083.946068002886,167.22730922199423,18718.633288656987
2449033.30065408,1993.1233419687344,26897.453708475525,0.6849132,64.9196,204.273,273.2652,2096.896317151686,152.67509125562447,18731.507724586325
2449038.89004326,1993.1386448823,26898.55050053464,0.6847269,64.9198,203.7221,273.1669,2102.253101810107,146.5168423720105,18737.415752151664
2449040.92264679,1993.1442098474738,26898.834990408835,0.6846626,64.9199,203.5219,273.1307,2104.0723889045476,144.27705490942583,18739.388861164847
2449046.00422111,1993.1581224397266,26898.666227410595,0.6844988,64.9201,203.0216,273.0416,2108.425173147516,138.67912169842566,18743.79146800828
2449065.82095989,1993.2123777135928,26898.64827599473,0.6838166,64.9202,201.0753,272.6989,2126.769767308151,116.8582231065667,18762.584332393726
2449083.09750719,1993.2596783222175,26897.159050656846,0.6832641,64.9203,199.3867,272.398,2141.1595793529414,97.84050400168269,18776.750721394965
2449090.21117132,1993.2791544731558,26898.27522136951,0.6830215,64.9206,198.6945,272.2794,2148.0386322568756,90.018289663894,18784.199905578374
2449093.7681714,1993.2888930086237,26898.823690859746,0.6829165,64.9206,198.3481,272.2167,2151.0368617807253,86.10331689544307,18787.468546069682
2449102.91481981,1993.3139351671734,26897.76532199846,0.6826295,64.9222,197.4601,272.057,2158.420929125312,76.04043981758605,18794.61242498684
2449116.63381207,1993.3514957209306,26898.258910776047,0.682241,64.9223,196.1283,271.8166,2169.0275532292853,60.94644046499252,18805.619308087968
2449137.97513455,1993.4099250774816,26897.279135955025,0.6817515,64.9164,194.063,271.4459,2181.882439098983,37.475872106649774,18818.35256900526
2449137.9751453,1993.4099251069129,26897.284876029396,0.6817107,64.9248,194.0624,271.4427,2182.9816750919836,37.472061511373454,18819.474243281038
2449159.82440775,1993.4697451273096,26896.90904429053,0.6816933,64.9506,191.9539,270.9453,2183.3300580882733,13.330954168565427,18819.687887829055
2449159.82444337,1993.4697452248326,26897.09545519203,0.681305,64.9272,191.9865,271.0581,2193.833536092423,13.476319060266974,18830.448863966725
2449171.51136521,1993.5017422729916,26898.596791135657,0.6810264,64.9137,190.8593,270.8469,2201.805953416988,0.6189817230336985,18839.121132876695
2449174.05208877,1993.50869839499,26898.79535091384,0.6809814,64.9189,190.6212,270.8033,2203.079734535042,357.83307780361326,18840.490689032307
2449187.77150359,1993.5462601056538,26897.041517785827,0.6806261,64.9757,189.2772,270.5663,2212.0767479971782,342.72986196463495,18848.97206376152
2449193.86878181,1993.562953543628,26897.847418174268,0.6806133,64.9496,188.6949,270.4466,2212.678423994201,336.01822429388653,18849.886474561546
2449200.98273857,1993.5824304957423,26898.795077538514,0.6804937,64.9495,188.0137,270.3185,2216.1981896825437,328.197221532802,18853.817194627205
2449209.62107947,1993.6060809841754,26897.459904212013,0.6803131,64.9407,187.1912,270.1653,2220.6292746518357,318.7073456968893,18857.811895031256
2449215.21021124,1993.6213831929917,26897.11057958082,0.6802312,64.9402,186.6562,270.065,2222.720473499863,312.5632505229856,18859.802149806033
2449223.34011307,1993.6436416511153,26898.466576547344,0.6801249,64.9549,185.8728,269.9121,2226.0133860197384,303.61390559849303,18863.65347751005
2449225.37268502,1993.6492065298285,26898.724091315347,0.6800988,64.9549,185.6785,269.8749,2226.797815280688,301.3790492617411,18864.546127067755
2449234.51922957,1993.6742484040244,26897.70299857185,0.6799717,64.955,184.8045,269.7028,2229.889864537852,291.31787455119024,18867.296732155875
2449244.68136632,1993.702070818124,26897.496532021232,0.6799059,64.9406,183.8288,269.5366,2231.593644670458,280.1599054753823,18868.94617849741
2449245.18948274,1993.7034619650653,26897.58946881317,0.6799,64.9396,183.7791,269.5294,2231.7820889670966,279.60219257646656,18869.17224522836
2449249.25450605,1993.7145913923343,26898.395956978344,0.6798591,64.9365,183.39,269.4609,2233.140390223407,275.137998759612,18870.853164854125
2449251.28707503,1993.7201562629161,26898.686548085,0.6798425,64.9357,183.1955,269.423,2233.6799385185222,272.9022453501584,18871.509608557473
2449256.36855313,1993.7340685917316,26898.57811084947,0.6797636,64.9564,182.6927,269.339,2235.7675193372343,267.3070069766345,18873.584361741818
2449257.38485375,1993.7368510711842,26898.41281451076,0.6797618,64.9562,182.596,269.3193,2235.763002575861,266.18891437371474,18873.517443368077
2449260.43369764,1993.745198350828,26897.8846851245,0.6797134,64.9174,182.3335,269.267,2236.895732990595,262.8690937018828,18874.466015984497
2449264.49860621,1993.7563274639565,26897.21198642355,0.6796586,64.9198,181.9498,269.1896,2238.154243827701,258.4015129756626,18875.48731470958
2449266.53102792,1993.761891931335,26897.12898398623,0.6796633,64.9197,181.7538,269.1604,2238.0012382045024,256.17310471942966,18875.30099703456
2449273.13644178,1993.77997656887,26897.974800606076,0.6796749,64.9442,181.0998,269.0508,2237.9601678016224,248.899035206779,18875.578453283717
2449274.66083814,1993.7841501386451,26898.288980604455,0.6796628,64.9546,180.9457,269.0189,2238.3862768376857,247.21055008771253,18876.1286601272
2449278.21785676,1993.7938887248738,26898.803369926325,0.6795723,64.931,180.6228,268.9562,2240.98539657774,243.31905904545044,18878.95553844503
2449279.23415974,1993.7966712107875,26898.85886530158,0.6795657,64.9349,180.5239,268.9357,2241.180711301704,242.19796411648065,18879.174299656486
2449283.29934096,1993.8078010703905,26898.54038588259,0.6795459,64.93,180.14,268.8606,2241.6112506716563,237.73221465944573,18879.490182975474
2449285.33190077,1993.8133659158655,26898.1640546862,0.6795447,64.9382,179.9446,268.8191,2241.522931593683,235.49197028844856,18879.25873465443
2449301.59164382,1993.857882666174,26898.454457285134,0.6794631,64.9171,178.4131,268.5183,2243.8109065293593,217.633640177362,18881.685285902662
2449305.148675,1993.8676212867895,26898.909349027857,0.6794375,64.9332,178.0738,268.4649,2244.645328197741,213.73503675581463,18882.701843935716
2449308.19756824,1993.8759687015472,26898.79307278637,0.6794189,64.9187,177.7872,268.4102,2245.108371946233,210.38866744301276,18883.126778160666
2449324.45731296,1993.9204854564275,26897.76987781866,0.6794509,64.9044,176.2101,268.106,2243.9196263418817,192.48133568606727,18881.537008059364
2449326.99795962,1993.9274413678845,26898.276223697292,0.6794412,64.9059,175.9681,268.0626,2244.342848336937,189.69180756154054,18882.156629792382
2449334.11201131,1993.9469185799046,26898.82469323862,0.6793912,64.9111,175.2976,267.9396,2245.8636063096037,181.8865112343205,18883.90332341185
2449351.38803741,1993.9942177615608,26897.890334404507,0.6794138,64.9079,173.6545,267.6358,2244.956150323471,162.9119058380951,18882.63193624153
2449355.96126432,1994.0067385744564,26898.752066574598,0.6794425,64.9077,173.2252,267.5488,2244.4604155809884,157.88811319571198,18882.455258006277
2449357.99385425,1994.012303502395,26898.93267732796,0.6794525,64.9184,173.0213,267.5188,2244.2493223857837,155.6508391377468,18882.309685380234
2449361.04277471,1994.0206509916766,26898.801000672018,0.6794383,64.9115,172.7395,267.4497,2244.589076737122,152.29484299642922,18882.603996711852
2449378.82688177,1994.0693412231897,26898.104098050197,0.6795457,64.9152,171.0422,267.1273,2241.4768200678063,132.74665965170107,18879.189410566047
2449380.85942132,1994.074906013196,26898.501294208632,0.6796443,64.9056,170.84,267.1023,2238.9519110571127,130.51613524948414,18876.78177305095
2449385.94092657,1994.088818416345,26898.93541111644,0.6796811,64.9237,170.363,267.0039,2238.1011020598653,124.93227011583122,18876.083597468427
2449390.00608471,1994.0999482127581,26898.38684480966,0.6797076,64.9245,169.9745,266.9301,2237.212578652514,120.463243407086,18874.976456250588
2449405.75764189,1994.1430736259824,26898.25809069099,0.6799201,64.9419,168.4778,266.6454,2231.455459842562,103.15669464632128,18869.09322281973
2449408.8064866,1994.1514209078716,26898.77229628621,0.6799634,64.9411,168.1866,266.5907,2230.455329877632,99.80577316624687,18868.27314362631
2449412.87169325,1994.1625508370973,26898.856678286298,0.6800077,64.9192,167.7949,266.5184,2229.2907158551934,95.33499864496912,18867.124130994973
2449419.9855624,1994.1820275493496,26897.604502781414,0.6800934,64.9161,167.1145,266.3904,2226.5849046294934,87.51498223412466,18863.9082500562
2449426.08280506,1994.1987208899654,26897.20588194147,0.6801444,64.9162,166.5288,266.2741,2225.085625691918,80.80337961246761,18862.237366291345
2449436.75348271,1994.2279356131694,26898.861143442973,0.6803237,64.9159,165.5076,266.0836,2220.7921045496187,69.07437925903434,18858.504962053586
2449439.80238124,1994.2362830424088,26898.75461806766,0.6803739,64.9168,165.2194,266.0268,2219.4077334299564,65.72430473281469,18857.059897434043
2449443.86747195,1994.2474126542097,26898.041863779894,0.6804374,64.9144,164.829,265.9552,2217.4718928983493,61.25564448447261,18854.826573548948
2449447.93239566,1994.258541808788,26897.30592299497,0.6805035,64.9139,164.4392,265.8831,2215.45880182616,56.78724883628479,18852.5058086325
2449459.11081354,1994.28914664898,26898.317501458758,0.6807503,64.9145,163.367,265.6837,2209.1434928454564,44.49790636720377,18846.472899231587
2449467.7492637,1994.3127974365507,26898.487534702173,0.6808644,64.9108,162.5358,265.5332,2206.128658479698,35.00192284179258,18843.473662167507
2449484.00884792,1994.3573137520061,26898.01817293705,0.6812049,64.9092,160.9725,265.2515,2196.820093243283,17.131049277807847,18833.833686263864
2449511.44754498,1994.4324368103487,26898.208703461973,0.6817845,64.9225,158.3237,264.7645,2181.290631676502,346.9509482744678,18818.098824811586
2449513.98825314,1994.4393928901845,26898.686274712447,0.6818312,64.9194,158.0806,264.7184,2180.1864336017297,344.1575595335778,18817.153337274398
2449534.82125288,1994.4964305349217,26897.647782504268,0.6824088,64.9091,156.0682,264.3552,2164.3199364228676,321.2484074281866,18800.588347924033
2449535.83750443,1994.499212880028,26897.84851157928,0.6824415,64.9074,155.9675,264.3376,2163.5041265643467,320.1284631899382,18799.831269419235
2449539.90255121,1994.5103423715539,26898.565262476328,0.6825506,64.9294,155.5622,264.2704,2160.7971034339516,315.64934624063744,18797.337591469022
2449540.91883878,1994.513124815277,26898.70103684041,0.6825632,64.9336,155.4599,264.2508,2160.501281291301,314.52576650029613,18797.086566017362
2449544.47590223,1994.5228635242438,26898.785600531693,0.6826964,64.9161,155.1282,264.1919,2156.945206676868,310.62923127226605,18793.488227202826
2449567.34137036,1994.5854657641614,26898.698667608634,0.6832363,64.9117,152.9081,263.7325,2142.395015136781,285.4129249018534,18778.59006859129
2449569.37399313,1994.5910307820122,26898.83608391422,0.6832334,64.905,152.7158,263.7029,2142.5165502588225,283.1876184756284,18778.765754461016
2449588.68247362,1994.64389452052,26897.93990240789,0.684084,64.8747,150.821,263.427,2119.3532822090892,261.9859726127959,18754.72324600106
2449592.23941455,1994.653632894045,26898.61729392612,0.6841914,64.8806,150.4666,263.3625,2116.6783695305967,258.06125814383734,18752.235151841178
2449595.28829204,1994.6619802656814,26898.825239990776,0.6842836,64.9113,150.1624,263.3007,2114.2639689990247,254.69020435471003,18749.838019288756
2449596.30461897,1994.6647628171663,26898.894951117876,0.6843165,64.8992,150.0689,263.2839,2113.4010043012204,253.57818582009816,18748.979358109962
2449617.13757183,1994.721800333552,26898.43942212919,0.6850628,64.8804,148.016,262.9423,2093.1828959749855,230.6501799213106,18728.061580265363
2449618.15385856,1994.7245827749764,26898.64144170722,0.6850842,64.874,147.9187,262.9274,2092.6708885283806,229.53630100848864,18727.61094175887
2449621.20276671,1994.7329302305543,26898.9752333807,0.6851661,64.8756,147.6143,262.8747,2090.5729787286564,226.1741170004491,18725.58006306967
2449640.51141576,1994.7857944305545,26897.832474983534,0.6858712,64.8732,145.7063,262.5418,2071.247537967607,204.90210500037824,18705.280512691686
2449646.10092453,1994.8010976715402,26898.747601463197,0.6860191,64.9117,145.1405,262.4208,2067.556680780257,198.70613824551936,18701.821172939006
2449651.18246424,1994.8150101690353,26898.790065658868,0.6862886,64.8805,144.6638,262.3654,2060.3207898039345,193.16553914731605,18694.383525520967
2449670.99918931,1994.8692654053655,26898.635063042795,0.6870771,64.9309,142.6859,262.0071,2039.062589969035,171.29745406839334,18672.398842239625
2449674.04803405,1994.8776126873374,26898.97824055996,0.6871465,64.9153,142.3817,261.9702,2037.3031889830254,167.95133255848566,18670.709414285764
2449698.4380499,1994.9443889114302,26898.863148207787,0.6882073,64.8662,139.9336,261.5758,2008.7328679102066,141.06939188512854,18641.122019619062
2449703.01143053,1994.956910145188,26898.880644352997,0.6884548,64.8714,139.4866,261.4684,2002.0808501210831,136.00734773235882,18634.23801552255
2449718.25498289,1994.998644717016,26897.65634735427,0.6891888,64.892,137.9483,261.2372,1981.9565465087962,119.21340187423823,18612.913403009803
2449720.79556223,1995.0056004441617,26898.12669564885,0.6892898,64.8896,137.6793,261.1839,1979.3860252303948,116.387040101798,18610.41819087026
2449723.33624319,1995.0125564495274,26898.62704415574,0.6894005,64.8882,137.4194,261.1389,1976.5638106012502,113.57797817014722,18607.671887548342
2449724.86070367,1995.0167301948527,26898.877181572,0.689522,64.8775,137.2788,261.0948,1973.3732895801113,111.89072985302266,18604.449684928055
2449740.1046785,1995.05846592334,26897.240504423033,0.6902767,64.8962,135.7204,260.8881,1952.5657899235666,95.10076759755748,18582.205528591738
2449746.71012655,1995.076550654483,26898.110476399845,0.6905151,64.9,135.0466,260.7803,1946.422730977556,87.80866438609905,18576.128739075302
2449749.7589133,1995.0848977776866,26898.69465814066,0.6907021,64.9019,134.7348,260.7403,1941.5734705041232,84.45190003285404,18571.29113968803
2449768.55977008,1995.1363717182198,26897.27102696629,0.6916701,64.8991,132.8139,260.4195,1915.0965860174147,63.679581440858726,18543.139112888646
2449773.13268988,1995.148891690295,26898.11238990548,0.69198,64.8867,132.3439,260.3597,1907.0202783386849,58.64259149384077,18535.00647155857
2449777.70596998,1995.161412648816,26898.861234568634,0.6921511,64.8926,131.8723,260.2802,1902.648542314595,53.58394642629656,18530.708973687055
2449779.73852756,1995.1669774881866,26898.929123403974,0.6922619,64.8937,131.6479,260.2278,1899.6890404710048,51.30380425283846,18527.63749078729
2449793.96605198,1995.2059303271183,26897.166612893285,0.6929536,64.8809,130.1715,260.0226,1880.5418786890787,35.599182237448645,18506.938014193114
2449800.06339498,1995.2226239424506,26898.198042410917,0.6932605,64.8781,129.5403,259.9313,1872.6035184301054,28.86698071782547,18498.990700788596
2449809.71818705,1995.2490573225186,26898.571185483317,0.6937529,64.875,128.5284,259.7737,1859.4731196978282,18.181463893260684,18485.343201646756
2449825.46974685,1995.2921827429157,26897.985643672426,0.694616,64.8732,126.8883,259.5248,1836.0781478072604,0.7673125503420692,18460.526791634606
2449829.53481711,1995.3033122987265,26898.78241115628,0.6948048,64.8731,126.4674,259.4581,1831.2429777293237,356.2730724584978,18455.725713682314
2449844.77875682,1995.3450479310613,26897.08187970453,0.6956351,64.8804,124.8522,259.2315,1808.3913366080824,339.40644481794044,18431.010441968003
2449855.44927734,1995.3742622240657,26898.721630954013,0.6961764,64.8782,123.7313,259.0644,1794.330141314319,327.6012993363755,18416.75376224968
2449859.51450283,1995.385392204873,26898.929032277734,0.6963894,64.8752,123.3108,259.0022,1788.663682847261,323.11180624571114,18410.837687101655
2449863.57968569,1995.396522068966,26898.29581466809,0.6966469,64.8996,122.8796,258.9061,1781.5451200965917,318.5777551721906,18403.07625351663
2449879.33115824,1995.4396472504857,26898.29463009675,0.6975951,64.8582,121.2031,258.7068,1756.0397977849434,301.17688982518905,18376.04894136315
2449882.38001599,1995.4479945680773,26898.838453176257,0.6977688,64.8586,120.8837,258.6698,1751.5319243096046,297.8154554921746,18371.4621822697
2449887.4615312,1995.4619069984942,26898.736119756664,0.698095,64.8676,120.3393,258.5808,1742.7266282351347,292.1735805421135,18362.074867737814
2449888.47782025,1995.4646894462703,26898.567631678732,0.6981532,64.8707,120.2296,258.5637,1741.110264205803,291.04509934271294,18360.296633976934
2449905.24568986,1995.5105973712803,26898.203236254983,0.6991699,64.8693,118.4325,258.3038,1713.6528693829096,272.4612463391413,18330.952785182137
2449907.7863722,1995.5175533804247,26898.70586642989,0.6992019,64.8635,118.1509,258.2739,1712.9433170809634,269.6455830471093,18330.378306559203
2449909.31082304,1995.521727099357,26898.901603314396,0.6992885,64.8625,117.9888,258.2555,1710.6727494850775,267.96254423154016,18328.029612598275
2449913.37609369,1995.5328572038052,26898.834717032507,0.6994873,64.8484,117.5599,258.1819,1705.3051476691735,263.4532066301588,18322.28404133718
2449915.40867535,1995.5384221091028,26898.47541541636,0.6995989,64.86,117.3397,258.147,1702.195303114031,261.1947407230062,18318.838253551083
2449932.17652521,1995.584329980041,26898.453181574114,0.7005575,64.8326,115.5226,257.9563,1676.403766823505,242.6601071851855,18291.28904089384
2449934.20910862,1995.58989489013,26898.831892144197,0.7006727,64.8297,115.3047,257.9218,1673.4184234294125,240.40433955323124,18288.232976449162
2449939.29068668,1995.6038074926214,26898.982341260307,0.7009352,64.8308,114.756,257.8324,1666.402474092546,234.75770265625886,18280.78100081778
2449961.64814839,1995.6650188867625,26898.934682106108,0.7022378,64.8307,112.2897,257.498,1631.3496686002145,209.92090076550414,18243.185636175673
2449962.66454617,1995.667801632224,26899.013597760953,0.7022164,64.8269,112.1821,257.4862,1631.9488055902093,208.79971239936953,18243.857302142802
2449966.22172461,1995.677540656016,26898.81275582354,0.7021663,64.8245,111.7997,257.409,1633.2366286741208,204.8340638342396,18245.16808933175
2449968.25430956,1995.6831055703221,26898.47988041481,0.7025048,64.8359,111.5629,257.4182,1624.0323517199786,202.60309468401903,18235.16206939422
2449983.49783079,1995.72484005692,26898.205878738016,0.7033329,64.8218,109.8777,257.1993,1601.676433248158,185.6745795088275,18211.01388396365
2449986.03848532,1995.7317959899242,26898.733477143407,0.7034875,64.8187,109.5941,257.1596,1597.6744101414833,182.84714362728278,18206.891644661875
2449994.16891391,1995.7540558902401,26898.543848555193,0.7040239,64.8275,108.6816,257.0535,1583.1898039743555,173.8149795135945,18191.207481872727
2450009.92059879,1995.7971816530871,26898.24806743429,0.7050112,64.8372,106.9113,256.8315,1556.5456195147617,156.2974048886574,18162.318522652506
2450011.95315183,1995.8027464800275,26898.661033343025,0.7050721,64.8321,106.6861,256.7875,1555.0293113756888,154.02486719013746,18160.825279546287
2450021.09989924,1995.827788909623,26898.359417228476,0.7056583,64.8638,105.6495,256.6317,1539.17253807804,143.81719253568315,18143.549931093734
2450034.81908865,1995.8653500031483,26898.09289038783,0.7064214,64.8246,104.1345,256.5119,1518.568153430013,128.66039886659286,18121.107513304076
2450039.90049282,1995.879262129555,26898.901512188393,0.7066868,64.8378,103.5467,256.4222,1511.666579024818,122.97453336020601,18113.89882600468
2450041.93310709,1995.8848271241347,26898.981065486696,0.7068087,64.8441,103.3119,256.3811,1508.4109272654305,120.69523531152413,18110.389364202732
2450059.71747712,1995.9335180756195,26897.782816358544,0.7080197,64.8244,101.2961,256.1745,1475.4863960552111,100.94409277700845,18074.1256609276
2450072.92934621,1995.9696902018065,26898.28943620856,0.708812,64.8645,99.7825,255.8435,1454.3228043506988,86.07752734962696,18051.206683475168
2450077.5024856,1995.9822107750852,26897.527328633936,0.7089375,64.799,99.238,255.9235,1450.7252480905154,81.10562096936229,18047.006613631245
2450107.48209495,1996.0642904721424,26897.13490620258,0.7108581,64.799,95.7633,255.5397,1398.9523913357343,47.698430028705275,17990.142547608226
2450114.59561161,1996.0837662193292,26898.162687889864,0.7115307,64.8314,94.8966,255.3598,1381.1578618617086,39.64056104149381,17970.93958328495
2450118.66090243,1996.0948963790001,26898.986806469125,0.711546,64.8206,94.4232,255.3235,1380.9840402732443,35.12400355991332,17971.037302844434
2450120.69358038,1996.1004615479267,26899.123406303752,0.7116057,64.8156,94.1867,255.3086,1379.417565374586,32.86914274643914,17969.36125035606
2450135.42922892,1996.1408055548802,26897.155315096228,0.7125931,64.7647,92.4933,255.2097,1352.2917279303301,16.553000243097586,17938.777936995506
2450140.51039496,1996.154717029323,26898.117583708197,0.7129912,64.763,91.8855,255.1539,1341.8601499589877,10.881269443768701,17927.597155711857
2450145.59193124,1996.1686295174268,26899.06007260909,0.7132299,64.7587,91.287,255.0956,1335.7098469281163,5.215973726323568,17921.130320658056
2450147.62457285,1996.1741945868578,26899.108187957478,0.7133537,64.757,91.0468,255.0721,1332.393535377716,2.9488487311712674,17917.48083329237
2450160.32772788,1996.2089739298558,26897.12971287422,0.7143471,64.7479,89.5424,254.9393,1305.1068041586877,348.79108525188,17886.579851681654
2450168.45745602,1996.231231912444,26898.640348221623,0.7153935,64.7456,88.5539,254.8942,1277.3915842661372,339.74461152015823,17856.33688106497
2450172.52278219,1996.2423621688974,26899.21398780413,0.7154511,64.7375,88.0742,254.848,1276.0054510942782,335.21181919693964,17854.99507988207
2450186.24255498,1996.27992485963,26896.646653186534,0.7142427,64.7498,86.4089,254.3591,1307.7768266686198,319.53505053319304,17889.371220442456
2450194.37239854,1996.3021831582203,26898.45719095211,0.7161656,64.7394,85.4115,254.5157,1256.5711577195789,310.6812630407439,17833.10334935484
2450202.50293504,1996.3244433539762,26898.84720122522,0.7165068,64.7333,84.44,254.4028,1247.5039693863819,301.5831925685642,17823.133221267046
2450205.5520785,1996.3327914537986,26899.17380014295,0.7149124,64.9991,83.8392,254.275,1290.4846006656335,297.849276632518,17871.068644704916
2450221.30347814,1996.3759164357014,26898.650827463174,0.7173977,64.7173,82.1692,254.1748,1223.4842907379953,280.5540831475136,17796.251588732146
2450227.40140845,1996.3926116590012,26899.05405820567,0.7175608,64.7093,81.4339,254.0773,1219.211008956363,273.71100275954416,17791.61393689114
2450239.59628366,1996.4259994076929,26897.268931385923,0.7186964,64.6923,79.9473,254.0157,1188.1622805670122,260.1432132305827,17756.22879252348
2450249.25081182,1996.4524320652154,26899.05405820567,0.7190973,64.6919,78.7509,253.9058,1177.8806123959284,249.32115652246216,17745.30653853064
2450251.28345483,1996.45799713848,26899.17562270937,0.7192282,64.6953,78.4968,253.8782,1174.3936581042308,247.03603014719306,17741.432848447035
2450276.69019092,1996.5275569908833,26899.172706603247,0.7204483,64.6576,75.3641,253.6124,1141.5731587245382,218.59598328199695,17704.51081123932
2450282.27995088,1996.5428609195892,26898.762728174624,0.7211803,64.6584,74.6615,253.5707,1121.76865424083,212.34226894786372,17682.033233325477
2450322.42226938,1996.6527645978924,26897.531064323724,0.7230613,64.7031,69.5316,253.1073,1070.830986163428,167.1836447587492,17623.959681823948
2450349.8617757,1996.7278898718687,26898.230754558354,0.7243159,64.6093,66.0757,252.8324,1037.27823716274,136.40774612730718,17586.062074777277
2450350.87806384,1996.7306723171523,26898.474959804375,0.7243607,64.6191,65.9481,252.8156,1036.1405089880063,135.26166582518886,17584.849691933177
2450355.95963925,1996.7445849123883,26899.301471667226,0.724626,64.6248,65.2974,252.7646,1029.2319434588908,129.55143154020345,17577.26131298317
2450357.99229945,1996.7501500327176,26899.23959498626,0.7247286,64.6273,65.0372,252.7416,1026.4550422473021,127.2647882216715,17574.075700222606
2450372.72802119,1996.7904942400821,26897.526690833376,0.7255422,64.6076,63.1486,252.6082,1004.0997010074079,110.71887357039566,17547.986727648153
2450377.80928608,1996.8044059851604,26898.597884616825,0.725576,64.5871,62.4902,252.5536,1003.4845258880878,104.99764534225693,17547.647009101278
2450404.23207769,1996.8767476459682,26898.262008875692,0.7277401,64.5532,59.0456,252.2648,945.1818247102947,75.22124745149102,17480.735508541795
2450407.78938741,1996.8864870291857,26899.29910230323,0.7270802,64.5483,58.5856,252.2383,963.2150311407786,71.22856949318327,17501.788081905943
2450410.83843554,1996.894834868008,26899.256544969518,0.7272896,64.5426,58.1858,252.2487,957.5707120812558,67.83394751706686,17495.297784508948
2450424.55789334,1996.932396696345,26897.37243532131,0.7279414,64.5373,56.3903,252.1276,939.5251884321078,52.39508931580093,17473.93419568748
2450427.60651763,1996.9407433747574,26897.905642145884,0.7282937,64.5313,55.9854,252.0844,930.1941197765809,48.942185087312964,17463.38086993392
2450432.68797621,1996.9546556501298,26899.103175931985,0.7283891,64.5307,55.3234,252.0473,927.9533228077444,43.234665953268916,17461.204890203004
2450434.72063354,1996.9602207626006,26899.23048210307,0.7285794,64.5333,55.0551,252.0238,922.868976990705,40.939425463815724,17455.393756040517
2450455.55398625,1997.0172593737166,26898.43286134045,0.7295753,64.5021,52.2954,251.8498,895.8643369981319,17.47182546205437,17423.983577354385
2450459.61918227,1997.0283892738398,26899.252899809577,0.7297832,64.4949,51.7566,251.8205,890.4937409772656,12.896961417639034,17418.055053483746
2450464.7008634,1997.0423021585216,26898.929670161433,0.7299317,64.4871,51.0801,251.7695,886.4119078400599,7.160822932229621,17413.22949525855
2450466.73339186,1997.0478669181657,26898.376001338973,0.7304819,64.497,50.8041,251.7951,871.4628929664768,4.907109460335619,17395.751758588594
2450488.58318323,1997.1076883866665,26899.096159100212,0.7310798,64.454,47.8749,251.5512,855.5740189244625,340.1982808000977,17377.58453445239
2450501.28642761,1997.1424679742918,26897.072039764567,0.7317147,64.4391,46.1631,251.4531,837.9527413098476,325.86772925494375,17356.459224666032
2450506.36757649,1997.1563794017527,26898.00386733797,0.7323115,64.4365,45.4544,251.4344,822.1500082419007,320.1322153690451,17338.400264455744
2450513.48174458,1997.1758569324572,26899.297461974613,0.7322034,64.419,44.5117,251.3628,825.4041027054318,312.10600431542923,17342.61650455244
2450519.57959608,1997.192551939986,26898.259548620015,0.7327766,64.4133,43.6863,251.3461,809.7080706647057,305.2537016050405,17324.001557749274
2450535.33139254,1997.2356780083235,26898.63834349831,0.7328538,64.3894,41.5446,251.1688,807.7327186398679,287.40931700356725,17321.826367902875
2450537.36394414,1997.2412428313205,26899.042940680927,0.733038,64.3867,41.264,251.1647,802.8860015300625,285.121280724635,17316.312645150567
2450541.42920677,1997.2523729138122,26899.23048210307,0.733522,64.3776,40.7106,251.1762,789.9168404098618,280.57255102760064,17301.247112127527
2450561.24619954,1997.306628883066,26898.852213131482,0.7345703,64.353,37.9825,251.0824,761.6179732758246,258.218502096234,17268.043457074076
2450565.31135822,1997.3177586809581,26899.29290550755,0.7342954,64.3379,37.4332,250.9894,769.1295617407204,253.569474855086,17276.978952651098
2450568.36052596,1997.3261068472557,26899.350043744147,0.7330954,64.55,36.8614,250.8961,801.4239636855154,249.89903498798918,17314.71036574583
2450578.52290681,1997.3539299296647,26897.10411071313,0.7348376,64.325,35.5983,250.8951,753.9643790465598,238.61862532069466,17258.502325447844
2450588.17708224,1997.380361621465,26899.04166490013,0.7356674,64.3135,34.2403,250.8543,732.1573207913807,227.7044162725757,17233.56899317955
2450593.2588331,1997.394274697057,26899.25399335743,0.7355395,64.3129,33.4956,250.8069,735.6538607103021,221.9036090594616,17237.74361451294
2450598.33939582,1997.4081845196993,26899.34585177389,0.7393348,64.6194,32.745,251.4347,633.5870663218129,216.77327290825798,17117.3572061537
2450640.00761742,1997.522265893005,26898.788698783006,0.7364631,64.2292,26.9854,250.3997,710.6870874323058,168.90937851822468,17208.250473680688
2450673.03708764,1997.6126956540445,26899.048499441866,0.7375349,64.1915,22.2712,250.1952,681.9251543108594,131.43596454394037,17174.44412393553
2450690.82148101,1997.6613866694317,26898.3942256657,0.7379289,64.1551,19.716,250.1241,671.1554629538578,111.28089900457132,17161.51306775436
2450692.85408129,1997.666951625708,26898.927938762907,0.7382432,64.1676,19.4277,250.103,662.8410006811746,108.96811474512424,17151.86161122342
2450698.95181245,1997.6836463037641,26899.014053395742,0.7385313,64.182,18.567,250.033,655.1139358231148,102.02733064491878,17142.74987274469
2450716.73625952,1997.732337466174,26898.415821532835,0.7388957,64.1443,16.0193,249.9374,645.1557341902544,81.85521217735965,17130.764151611344
2450721.81789506,1997.7462502260369,26899.251624003886,0.7390092,64.136,15.283,249.9202,642.3209007500727,76.09311862675378,17127.67950772654
2450723.85039413,1997.7518149052162,26899.565112235505,0.7383336,64.0933,15.0401,249.9339,660.5760644842594,73.86063412216623,17149.392310519586
2450736.04557937,1997.7852035027245,26896.93419044069,0.7395751,64.086,13.2363,249.8929,626.4950968520961,59.99593901919218,17108.154905193605
2450741.63464434,1997.800505528651,26897.983274598173,0.7397579,64.0731,12.4227,249.8685,621.8513531463059,53.64920968562552,17102.985667899255
2450744.68350753,1997.8088528611363,26898.754435818133,0.7398064,64.0665,11.9803,249.8573,620.7474521714894,50.19056999094664,17101.926940648584
2450747.73246453,1997.8172004504586,26899.172250961736,0.7398766,64.0594,11.5319,249.8431,618.9678431058201,46.722837834868585,17099.950026501276
2450752.81401984,1997.8311129906645,26898.571276606526,0.7400457,64.0507,10.7978,249.8197,614.2629672103549,40.956823360778,17094.164383601623
2450768.56553808,1997.8742382972757,26898.171617629065,0.740342,64.0244,8.4991,249.7627,606.1891458903292,23.076012980753774,17084.436186212162
2450770.59811514,1997.8798031899798,26898.67415520277,0.7404026,64.0176,8.1995,249.7521,604.6895741378348,20.76245160728712,17082.816696173235
2450773.64707998,1997.8881508007667,26899.111924196186,0.740505,64.0104,7.7511,249.7374,602.0487487692899,17.29421172402374,17079.818007707578
2450775.67972734,1997.8937158859414,26899.094336547252,0.7405494,64.0049,7.4528,249.7275,600.8498650737856,14.982581061075564,17078.38579417878
2450778.7286521,1997.9020633869955,26898.57756410987,0.7406202,64.0004,7.0072,249.7105,598.8113688633066,11.514880681647128,17075.791383819484
2450796.5127675,1997.950753641341,26898.579477698575,0.7410884,63.9484,4.3937,249.6602,586.2179502981026,351.32258911726154,17060.794370898195
2450799.56173702,1997.9591012649419,26899.07884485957,0.7411834,63.9386,3.9424,249.6559,583.7918297584802,347.86184462091074,17058.065469180372
2450802.61072012,1997.9674489257218,26899.006489860698,0.7413018,63.9299,3.4917,249.6541,580.5882607152807,344.404186740135,17054.222658317074
2450804.64333783,1997.9730139297194,26898.59533316093,0.7413174,63.9274,3.1909,249.6399,580.062277129935,342.0857853010565,17053.461625488853
2450819.3786601,1998.013357043395,26897.67630165891,0.7412218,63.875,1.0106,249.5634,582.3959575259487,325.3054643777775,17055.94480669288
2450822.42749196,1998.021704290103,26898.47341072378,0.7415995,63.8834,0.5611,249.5781,572.4426785677306,321.865655562925,17044.332553165637
2450826.49278276,1998.0328344497193,26899.053784823773,0.7416566,63.8736,359.947,249.5654,571.0567115542417,317.23199810108014,17042.8672380182
2450830.55805587,1998.0439645609029,26898.57018312806,0.741768,63.8641,359.3442,249.5481,567.9352755295258,312.6050580749707,17038.983811507
2450832.59061219,1998.0495293968236,26898.06683033997,0.7418316,63.8608,359.0458,249.5439,566.0945766819405,310.29911714348003,17036.622327384976
2450835.63933074,1998.0578763333062,26897.247337820714,0.741895,63.8544,358.5925,249.536,564.1777241282161,306.8330200097708,17034.066774054663
2450838.17986477,1998.0648319363993,26896.78058117962,0.7420227,63.8479,358.2121,249.5337,560.6225330251482,303.9463028962942,17029.668244437973
2450842.24462545,1998.0759606446272,26896.9037599621,0.7420758,63.8412,357.6026,249.5234,559.2260847652178,299.32016793418126,17028.039726703886
2450845.29324549,1998.0843073114036,26897.54646266848,0.742133,63.8342,357.1486,249.5148,557.8533136889318,295.8527678946943,17026.60801583894
2450848.34198408,1998.092654302752,26898.39386117886,0.7421707,63.8257,356.6966,249.5094,557.0577603520442,292.390451009297,17025.932434211034
2450852.40728405,1998.1037844874738,26899.028724846346,0.742259,63.8155,356.0882,249.5026,554.8462625706225,287.76838450945417,17023.495009067123
2450854.43993986,1998.1093495957832,26898.962293406814,0.7423115,63.8111,355.7823,249.5001,553.4169449445617,285.4565455180726,17021.764511157515
2450858.50510016,1998.1204793981105,26898.089883456007,0.7424072,63.8015,355.1732,249.493,550.6179877311051,280.8336166801749,17018.134102684817
2450863.58620981,1998.1343907181654,26896.862214297966,0.7425209,63.789,354.4084,249.4857,547.2435757614458,275.0534414604945,17013.699134559356
2450871.20770091,1998.155257223573,26897.558763137225,0.7424644,63.7639,353.3013,249.4511,548.9426345998027,266.3997995137118,17015.957786092764
2450873.2402014,1998.1608219066397,26898.135716477696,0.7427149,63.7586,352.9953,249.4723,542.353237627537,264.11171360973077,17008.259897331704
2450881.37069414,1998.1830819825873,26898.944614876087,0.7427304,63.7432,351.7534,249.4592,542.1444214913245,254.84308626861053,17008.272281481524
2450898.13830794,1998.2289892072286,26897.774160291403,0.7431571,63.6955,349.2511,249.4484,530.3660188743079,235.8033853977347,16993.784665489275
2450908.30132755,1998.2568140384665,26898.890759324924,0.7434404,63.6653,347.7278,249.4573,523.0323536560991,224.2720461520962,16985.353335402004
2450913.38262307,1998.2707258674056,26897.30309850802,0.7434546,63.6557,346.9577,249.4444,522.2430823279801,218.48078773396014,16983.892674276038
2450924.05277555,1998.2999391527726,26897.805139932243,0.7434169,63.6267,345.3507,249.4209,523.3859259997471,206.33350500188772,16985.42596623398
2450928.11788101,1998.311068804955,26898.859229804173,0.7435417,63.6177,344.7318,249.4243,520.299410014888,201.71133021619312,16982.064634812214
2450929.13419078,1998.3138513094596,26899.063991085855,0.7435436,63.6149,344.5785,249.4235,520.3008145235108,200.55552859455202,16982.132587578195
2450932.18314284,1998.3221988852565,26899.069732112526,0.7436361,63.6139,344.0984,249.4402,517.8141228963214,197.08700130766556,16979.150542537376
2450934.21580229,1998.327764003532,26898.794075162397,0.7436414,63.6099,343.7888,249.4361,517.6008907969263,194.76985872853106,16978.805450961754
2450954.03246221,1998.382019061492,26898.662126830728,0.7433996,63.558,340.7975,249.3511,524.0711612096138,172.16173786290392,16986.525247927955
2450958.09785807,1998.3931495087472,26899.33136215015,0.7433153,63.5713,340.1619,249.3683,526.5105008941027,167.53637685099284,16989.66713991865
2450978.93073606,1998.45018682015,26898.689372935154,0.7438501,63.5081,336.9439,249.437,511.9602930084038,143.8536447459989,16972.000230464295
2450985.02857632,1998.4668817969064,26898.886658659485,0.7438839,63.5249,336.0254,249.4269,511.1016453578968,136.91485311372088,16971.032899329904
2450988.07748942,1998.4752292660364,26898.2905296585,0.7439358,63.5176,335.5592,249.4278,509.55294584457897,133.44446422685138,16968.98014957802
2451002.81261881,1998.5155718516364,26897.755208084516,0.7441263,63.4802,333.2952,249.4281,504.2918467868549,116.65743341087358,16962.486350131247
2451004.84506756,1998.5211363930464,26898.180182896074,0.7441125,63.4259,332.9967,249.4404,504.7717815508204,114.36799850328663,16963.200420416895
2451007.8940035,1998.5294839247097,26898.781226531366,0.7442074,63.4615,332.5162,249.4381,502.3728867656482,110.88008710449543,16960.51151861932
2451009.92658474,1998.5350488288575,26898.87955084309,0.744216,63.4583,332.2042,249.4377,502.16670703284854,108.5643216113321,16960.29545162561
2451011.95920106,1998.540613829048,26898.697391868664,0.7440669,63.4087,331.9097,249.4534,506.1307094628628,106.282121542732,16965.000470142393
2451015.0080478,1998.5489611164958,26897.959492766306,0.7442464,63.4488,331.4235,249.44,501.1136729291575,102.77749806155674,16958.732394430066
2451018.56485915,1998.5586991352498,26896.976465260374,0.7442771,63.4461,330.8771,249.4501,500.0365229281315,98.73551131008361,16957.119921723464
2451030.75925963,1998.5920855842026,26898.14273268314,0.7443646,63.4237,329.0053,249.4589,497.98117672654644,84.85338968706895,16955.02527793424
2451031.77553263,1998.594867988035,26898.39386117886,0.744369,63.4215,328.8495,249.4603,497.927021127015,83.69732430737753,16955.04125103786
2451039.90580925,1998.61712747228,26898.228385430128,0.7444449,63.416,327.5882,249.4767,495.8431448614356,74.43900997927432,16952.481603424352
2451041.93829458,1998.6226921138405,26897.805048815524,0.7446389,63.3584,327.3158,249.5051,490.5167848510864,72.19173901745586,16945.936704041967
2451055.65669428,1998.6602510452567,26897.628739404765,0.7447807,63.3305,325.19,249.5183,486.65767853076704,56.55792370761367,16941.23468494527
2451059.72179561,1998.6713806861333,26898.616109319388,0.7447284,63.3207,324.5699,249.5437,488.31647201173564,51.956552992047136,16943.550117830087
2451060.73807415,1998.6741631051334,26898.732565897604,0.7447198,63.3177,324.4145,249.5497,488.5775291688524,50.80548215201338,16943.901931922683
2451069.88433202,1998.6992041944418,26897.03368230674,0.7447604,63.2958,323.0039,249.5854,487.05181825850013,40.415790000983236,16941.51722618914
2451079.02977784,1998.7242430604786,26896.731929593403,0.7446874,63.263,321.5706,249.6043,488.9382604475086,29.987398227732342,16943.690637222633
2451082.58642875,1998.7339806399723,26897.624092529146,0.7446805,63.2558,321.0224,249.6123,489.3516344924956,25.94166961001332,16944.47603795331
2451084.61893083,1998.7395453273925,26898.086603167703,0.7446882,63.2528,320.7089,249.6158,489.26260721063136,23.62838213865672,16944.518118791697
2451087.66775582,1998.7478925552905,26898.34155744576,0.7444679,63.2045,320.2632,249.6432,495.253404691387,20.205080095417998,16951.808781243075
2451089.70028129,1998.7534573067485,26898.279048439716,0.7446933,63.2411,319.9256,249.6296,489.1745595362836,17.85056957055758,16944.474236412814
2451097.32189897,1998.7743241587127,26896.36331442366,0.7446518,63.2113,318.7524,249.66,489.80165888411557,9.195702863420195,16944.610835909676
2451101.38643174,1998.7854522429573,26895.62184035346,0.7444218,63.1687,318.1363,249.6733,495.79831783822374,4.586792535394295,16951.5861010573
2451105.45093838,1998.79658025566,26896.26064012873,0.7446488,63.1734,317.4814,249.7015,489.85612996963937,359.95400796235793,16944.643259032076
2451109.51582076,1998.8077092970836,26897.672019225112,0.7446342,63.166,316.8584,249.7122,490.6092333270353,355.3352530498751,16946.005031164434
2451111.54832728,1998.8132739966604,26898.0283782168,0.7446534,63.1621,316.5469,249.7221,490.18379308117346,353.0303612022586,16945.608025599297
2451118.66204904,1998.8327503053804,26897.398038120915,0.7446312,63.1506,315.4531,249.741,490.61996011729116,344.94399006304894,16945.92952518104
2451123.23490288,1998.8452700968655,26896.10895363346,0.7446275,63.137,314.7449,249.7573,490.39028376176066,339.74496512838965,16945.23713303924
2451127.29944304,1998.8563982013416,26895.65008084279,0.7446111,63.1244,314.1157,249.7739,490.7141889313525,335.1262475170006,16945.47882833925
2451130.34781936,1998.8647442008487,26895.927023762953,0.7446078,63.1157,313.6423,249.7872,490.8736736382716,331.66158769448236,16945.76011980784
2451135.42860036,1998.8786546211093,26897.099828507082,0.744607,63.0986,312.8453,249.8126,491.19471650190826,325.8822364006502,16946.524937693786
2451139.49356087,1998.8897838764412,26897.755937014936,0.7446338,63.088,312.2079,249.8354,490.64142216294294,321.2611044811387,16946.070848651427
2451141.52606001,1998.8953485558106,26897.705276468514,0.7446443,63.0823,311.8927,249.8449,490.34605926630957,318.952119908165,16945.699047513757
2451145.59091256,1998.9064775155646,26896.8275019253,0.7446913,63.07,311.268,249.8635,488.8577636407972,314.33959439671355,16943.62458718326
2451149.65552698,1998.9176058233534,26895.700094020303,0.7446829,63.0582,310.6363,249.8795,488.7958504749904,309.71770359277895,16943.186301169397
2451159.81672075,1998.9454256557158,26896.380533190182,0.744677,63.0324,309.0519,249.9292,489.1282668757158,298.16786394232486,16943.805944655767
2451161.34098104,1998.9495988529504,26896.777210182474,0.7446738,63.0286,308.8129,249.9368,489.31561732249065,296.43411293784,16944.159428281124
2451164.38962118,1998.957945574757,26897.354030499453,0.7444583,63.0007,308.317,249.9714,495.2592744556814,292.96799308745807,16951.49701976665
2451167.43833664,1998.9662925027792,26897.4772158476,0.7446898,63.015,307.8538,249.9752,489.0639874734952,289.5036989994604,16944.082435096378
2451169.47079223,1998.9718570629163,26897.233579917804,0.7446991,63.0105,307.5373,249.9889,488.7516404632388,287.1976573500925,16943.627875289887
2451173.535479,1998.982985568788,26896.124532147944,0.7446868,62.9983,306.9051,250.0087,488.79932190119507,282.57899523629914,16943.327428467448
2451175.56773306,1998.9885495771666,26895.581757205564,0.744679,62.993,306.5881,250.0191,488.8705298314826,280.2693522200218,16943.238001210655
2451183.18845001,1999.0094139630664,26895.496125526286,0.7446535,62.9718,305.4011,250.0586,489.53450141669873,271.61067329607124,16944.009483657053
2451184.20457923,1999.012195973251,26895.757304278948,0.7446434,62.969,305.2418,250.066,489.8728396458391,270.45724962963556,16944.50094575271
2451188.26920247,1999.0233243051878,26896.85365008013,0.7446284,62.958,304.6102,250.0895,490.55625158680414,265.8429501323879,16945.67717976224
2451190.30161119,1999.0288887370025,26897.258726826498,0.7446405,62.9506,304.2867,250.1101,490.33423985305035,263.53685467906746,16945.54072360552
2451192.33405936,1999.034453276824,26897.45033726746,0.7446427,62.9457,303.9702,250.1232,490.32399500870815,261.23022034335463,16945.590226454115
2451196.39894312,1999.0455823220263,26897.005802625117,0.7446316,62.9366,303.3388,250.1457,490.50903660709355,256.6148640704907,16945.669461171292
2451203.51186348,1999.065056436632,26895.234224354528,0.7446127,62.9179,302.2276,250.1919,490.5649514254965,248.53918281246183,16945.16503669977
2451214.18102194,1999.0942670005202,26896.752793261672,0.7445634,62.882,300.5899,250.2546,492.27878455126483,236.44837981276743,16947.717355340872
2451216.21341446,1999.0998313879807,26897.235311043692,0.7445378,62.8767,300.2744,250.2651,493.0906064769051,234.14020032694378,16948.849842998596
2451220.27833537,1999.1109605348943,26897.52915092148,0.7444959,62.8646,299.6523,250.295,494.2926779299569,229.54150743807145,16950.390831916706
2451222.31074558,1999.1165249707874,26897.10493071023,0.7444813,62.8637,299.3239,250.3014,494.5769856586676,227.21631051651224,16950.595888047537
2451226.37536455,1999.1276532910333,26895.988699193087,0.7444664,62.8569,298.6889,250.3305,494.6925178641277,222.6042152280013,16950.374497130248
2451238.0604785,1999.1596453894595,26896.10439851653,0.7442065,62.8314,296.8798,250.4031,501.71238046193866,209.3505597945719,16958.852792246802
2451244.15747952,1999.1763380685009,26897.32314327015,0.7444228,62.8129,295.9292,250.4654,496.20623645218257,202.45289533967394,16952.62603647823
2451254.31917221,1999.204159266831,26895.36822586186,0.7443519,62.7893,294.3441,250.5292,497.61348574195654,190.91596394080318,16953.687132147094
2451264.98811363,1999.2333692364957,26896.139290761417,0.7442598,62.7628,292.6819,250.5985,500.28774144718227,178.80747486150563,16957.151518884315
2451269.05281392,1999.2444977793846,26897.063019827507,0.743964,62.7603,292.0607,250.5974,508.4801273445564,174.17889942157626,16967.29469971781
2451272.10151056,1999.25284465588,26897.209344184612,0.7439493,62.7543,291.5839,250.6202,508.91298062500937,170.7200238832296,16967.86193362309
2451290.89968005,1999.3043112390146,26896.02550419725,0.7437073,62.6972,288.6816,250.736,515.1186957395748,149.40555395473677,16974.930554408234
2451292.93200222,1999.3098754338669,26896.48147762445,0.7438252,62.7512,288.3016,250.7824,512.0644632341482,147.06884380796345,16971.41132121455
2451295.98051745,1999.3182218136888,26897.04716662312,0.7438507,62.7292,287.8344,250.8073,511.52350379749623,143.62184707207683,16970.94468473985
2451300.0453494,1999.329350717043,26896.94457691117,0.7438457,62.7348,287.1911,250.8399,511.6317102374751,139.00474186445183,16971.041445158222
2451301.06154925,1999.3321329206024,26896.772108134744,0.743836,62.7188,287.0368,250.8445,511.84843030822685,137.8534485831263,16971.24590623709
2451311.73069696,1999.361343455058,26894.854274023874,0.7437457,62.694,285.3749,250.9255,513.7857555919973,125.75675617916721,16972.95162270057
2451314.77897958,1999.3696891980285,26895.165903358287,0.7436203,62.6765,284.8922,250.9538,517.2382657532262,122.29788870973164,16977.196344193937
2451317.82718059,1999.3780347175634,26896.031881314724,0.7436491,62.6648,284.4144,250.9661,516.6856792037242,118.82800167719267,16976.81337788095
2451318.84333341,1999.3808167923617,26896.318035576547,0.743693,62.6581,284.25,250.9726,515.5782867445168,117.66855474979968,16975.5768424104
2451322.39991767,1999.3905541893773,26896.90303108942,0.7437107,62.6525,283.7023,251.002,515.2521500057865,113.64479182417085,16975.37461840435
2451324.94040892,1999.3975096753454,26896.949496821733,0.7437026,62.6469,283.3067,251.0225,515.4819239667186,110.76571687562591,16975.66545603006
2451325.95660522,1999.400291869186,26896.84299037171,0.7437022,62.6443,283.1488,251.0316,515.4653853776908,109.61532709301332,16975.61114980815
2451329.00514199,1999.4086383079803,26896.183293414364,0.743682,62.6359,282.6744,251.0565,515.8396094013842,106.1611091271028,16975.8469106213
2451332.56156294,1999.418375257878,26895.19277623171,0.7436489,62.6288,282.1214,251.0821,516.4759528990544,102.1284071638479,16976.29018919438
2451336.62580283,1999.4295025402598,26894.609695499166,0.743634,62.6187,281.4893,251.1117,516.7272091963387,97.52008550650191,16976.403071548593
2451340.68999177,1999.440629683148,26894.752251765905,0.743536,62.6096,280.8572,251.1529,519.399441496892,92.923414066681,16979.65570144828
2451344.75446176,1999.4517575955103,26896.01867157557,0.7434946,62.6035,280.2296,251.1893,520.8377277599602,88.32616561626253,16981.79110064618
2451347.80289951,1999.4601037632037,26896.681000546894,0.7434745,62.6018,279.7592,251.2086,521.5482420057915,84.87044524668522,16982.857817507786
2451348.81907238,1999.4628858928959,26896.819028843463,0.7434624,62.5988,279.6022,251.2156,521.9091012938334,83.71887855750674,16983.33536393848
2451353.90000483,1999.4767967278035,26896.207526836315,0.743239,62.5541,278.8477,251.2546,527.7608407980197,77.99547799075674,16990.15449979173
2451355.93225011,1999.4823607121423,26895.762132547185,0.7434329,62.5811,278.4949,251.2674,522.431392637448,75.65244362878013,16983.619707195438
2451361.01267373,1999.4962701539494,26894.111993095,0.7431524,62.543,277.7554,251.3092,529.551819557666,69.94734457820391,16991.62243311242
2451363.04472623,1999.5018336104865,26894.377237191347,0.7433613,62.5669,277.3913,251.3224,524.0017114623788,67.5936002248502,16985.05463310555
2451368.63302811,1999.5171335471869,26895.263465873508,0.7432961,62.5578,276.5318,251.3764,525.9827232172456,61.28012301270775,16987.717002130907
2451369.64915348,1999.5199155468306,26895.4892021437,0.7432175,62.5802,276.397,251.4013,528.1546560494653,60.16870314101948,16990.39391838178
2451373.71365165,1999.5310435363454,26896.47355144778,0.7432537,62.5725,275.7668,251.4234,527.4337673820764,55.55452691569326,16989.848563331798
2451376.76213805,1999.539389837235,26896.802173808046,0.7432356,62.5653,275.2934,251.4468,528.0049720765182,52.099858595433716,16990.63976149007
2451378.79449159,1999.544954117974,26896.660319231898,0.7432206,62.5625,274.9807,251.4615,528.3719987761751,49.79871752936276,16991.033786783835
2451384.89122879,1999.5616460747158,26895.07772436719,0.743201,62.5473,274.0324,251.5162,528.4927645397702,42.896013102328425,16990.665918856437
2451389.4633373,1999.5741638255986,26894.053698565825,0.7430904,62.5227,273.3292,251.5383,531.2042780770653,37.70852278451298,16993.58384114895
2451393.52747661,1999.5852908326083,26894.586376570776,0.7430841,62.5093,272.7001,251.5787,531.5105640644188,33.114100261043006,16994.123456783032
2451395.55964088,1999.5908545951545,26895.146864651306,0.7430699,62.5094,272.3905,251.5998,532.0364734495479,30.822645744352997,16994.935240809282
2451399.11603247,1999.600591464668,26896.096108208658,0.7430263,62.5027,271.8403,251.6284,533.453032481978,26.795772719489833,16996.94009838602
2451400.64023916,1999.604764515154,26896.428454346842,0.7430033,62.5,271.6051,251.639,534.1570545532377,25.068874544516916,16997.891252649373
2451407.7532731,1999.624238940726,26895.80968655008,0.7429359,62.4847,270.505,251.6951,535.8108108442793,17.014081338684377,16999.671714128457
2451411.30961807,1999.6339756826003,26894.775388871723,0.7428193,62.4835,269.9593,251.7265,538.6808608528027,12.994554263861687,17002.773522816224
2451412.83369058,1999.6381483657221,26894.442000737068,0.7428024,62.4797,269.7234,251.7407,539.0496359287727,11.270688340060246,17003.106977161868
2451416.38977254,1999.6478843875152,26894.182766721395,0.7427681,62.4699,269.1714,251.7715,539.9054320309997,7.244520494496896,17004.047539593605
2451419.43783275,1999.6562295215604,26894.51887948873,0.7427471,62.4597,268.6934,251.8006,540.5566758532259,3.791372238277461,17004.936202709916
2451422.48603957,1999.6645750570021,26894.964951049617,0.7425102,62.4324,268.2624,251.8254,547.0428462527752,0.38077947919470034,17012.843305772032
2451423.5021451,1999.667357002327,26895.625939774734,0.742699,62.4587,268.0743,251.8359,542.135149929979,359.20167916229724,17007.184806456702
2451427.05860174,1999.677094049938,26896.364043259782,0.7426698,62.4523,267.525,251.8661,543.1104385248473,355.1772420223575,17008.591588159874
2451430.61511572,1999.6868312545375,26896.395383259634,0.742648,62.445,266.9763,251.8955,543.704844672634,351.1525483664749,17009.31317567946
2451430.61512939,1999.686831291964,26896.18411334128,0.7424426,62.4165,267.0029,251.8957,549.1749501534869,351.17933489301015,17015.789518766655
2451434.67962132,1999.6979592643947,26895.48191437737,0.7425979,62.4396,266.3497,251.9294,544.8172252727545,346.5537648178551,17010.34806250547
2451437.72787378,1999.7063049247909,26894.634471915964,0.7425697,62.4338,265.876,251.9572,545.3575204956678,343.10342707531834,17010.719632867753
2451445.34796787,1999.7271676053938,26894.06298923525,0.742504,62.4138,264.6756,252.0393,546.9773434761191,334.4745620582494,17012.472239870647
2451448.39608327,1999.7355128905413,26894.750065585253,0.7424728,62.4086,264.2052,252.0663,547.993379089985,331.02685940514215,17013.910697769625
2451451.44451254,1999.743859035017,26895.89276991016,0.7424135,62.4066,263.7438,252.0945,549.8825829764646,327.5890473938311,17016.54135078202
2451456.52523094,1999.7577692838877,26896.459156797042,0.7424081,62.4024,262.969,252.1311,550.1737174717473,321.8431578004445,17017.073407293876
2451458.55751452,1999.7633333730867,26895.972847571673,0.7423725,62.4011,262.6697,252.1398,551.0059447877711,319.5494856888085,17017.910864178182
2451462.62190892,1999.774461078494,26894.89399009307,0.7423451,62.3948,262.0456,252.1747,551.4649215280315,314.95431174220704,17018.109496740413
2451464.65402574,1999.7800247111293,26894.37368477185,0.7423289,62.3918,261.7322,252.193,551.7665511662171,312.6563039934389,17018.301261306904
2451474.81430251,1999.8078420328818,26894.989910470376,0.7422729,62.3743,260.1634,252.2873,553.4314541547892,301.16756816251376,17020.492029743837
2451476.33841769,1999.8120148328262,26895.389997848346,0.7422566,62.372,259.9286,252.3008,553.9729623714238,299.44406018255614,17021.269350971732
2451480.91097065,1999.824533800548,26896.185844298314,0.7422259,62.3647,259.2228,252.3459,555.0037994467384,294.27653180272927,17022.76014042149
2451482.4351801,1999.8287068585905,26896.190854964974,0.7422266,62.3623,258.9883,252.3609,554.986263733229,292.55473090745295,17022.740804950874
2451486.4996776,1999.8398348462692,26895.493757000168,0.7422157,62.3558,258.3625,252.4006,555.0997313026573,287.96255534304066,17022.650056238475
2451491.58001226,1999.8537440445175,26894.169468166627,0.742191,62.3467,257.5856,252.4457,555.4226364185688,282.2234439737118,17022.60594648806
2451497.16811413,1999.8690434336206,26893.935470943845,0.7421544,62.3351,256.7244,252.5085,556.3466278667984,275.9172638965885,17023.634347252613
2451504.280443,1999.8885159288163,26895.360482697375,0.7418618,62.301,255.6413,252.5879,564.583643354631,267.9034656261439,17033.938230593056
2451506.31270285,1999.8940799530458,26896.051103791713,0.7420657,62.3211,255.3182,252.5989,559.2778142207417,265.5883169035174,17027.824521521172
2451512.40945697,1999.9107719561127,26895.59460201624,0.7420408,62.3135,254.3857,252.6509,559.8297670604288,258.69869579942167,17028.335708283706
2451520.02985031,1999.931635456017,26893.71605193635,0.742054,62.3008,253.2131,252.7271,558.9901807327742,250.09143583390852,17026.72218261264
2451529.1739983,1999.9566707687884,26895.292707471974,0.7419576,62.2893,251.81,252.8176,561.9895789385664,239.76612323615336,17030.81789171275
2451531.20619917,1999.9622346315402,26895.765867624094,0.741944,62.2867,251.4982,252.8366,562.4774567356017,237.47033264549623,17031.554443801964
2451536.28682571,1999.9761446289117,26895.945608345744,0.7418866,62.2807,250.7208,252.8878,564.0676671851897,231.73653359180992,17033.512215188923
2451539.33514043,1999.9844904597671,26895.32258681979,0.7418863,62.2772,250.2575,252.9215,563.9149255776274,228.30243448387398,17033.127284866565
2451541.36727179,1999.9900541322104,26894.7578083104,0.7418792,62.2736,249.9471,252.9407,563.9601012873281,226.00831240428886,17032.99765798339
2451545.43138488,2000.0011810674334,26893.865427611232,0.7418578,62.2697,249.3233,252.9791,564.305287987504,221.41721572393027,17033.119819453495
2451554.06747484,2000.0248253931286,26894.573715142546,0.7418305,62.2559,248.0135,253.0578,565.2223487514948,211.67415847371603,17034.445194884003
2451558.13184296,2000.0359530265848,26895.830092929955,0.7417137,62.2468,247.3984,253.092,568.6881401315331,207.08731042943293,17038.99161057634
2451560.16408163,2000.0415169928265,26896.011747856697,0.7417117,62.2434,247.091,253.1127,568.7888511339352,204.79758258250712,17039.17090564544
2451563.21247738,2000.0498630455304,26895.60015899583,0.7414103,62.2257,246.6281,253.1491,576.7888764346844,201.36650360908993,17048.582916493626
2451568.29290839,2000.0637725075703,26894.64622251594,0.7416157,62.2366,245.848,253.1917,571.0180379524263,195.6215972746915,17041.387487718763
2451578.45298008,2000.0915892678443,26894.28678749097,0.7415885,62.2272,244.2983,253.2937,571.6566901857232,184.15986357602912,17042.032716847363
2451583.53317314,2000.1054980784124,26895.585856611564,0.7415693,62.2224,243.5254,253.3378,572.5087798342265,178.42389177152688,17043.47210586798
2451586.07345578,2000.112452993237,26895.948341375337,0.7415596,62.2197,243.1373,253.3621,572.8633477243793,175.55632243468108,17044.013115795846
2451590.13790769,2000.1235808560982,26895.637235965874,0.7415405,62.2206,242.5131,253.405,573.2966521891203,170.96899180461315,17044.428921898838
2451602.83819798,2000.158352355866,26893.81551404522,0.7414638,62.2169,240.5732,253.5138,574.8885665022981,156.62015188822073,17045.735403920065
2451609.95050419,2000.1778247890206,26895.47344235522,0.7414206,62.2125,239.4826,253.5868,576.4790854401481,148.592475952536,17048.172172176888
2451614.01492311,2000.1889525615609,26895.782174438486,0.741443,62.2086,238.8604,253.6337,575.9564516762921,144.01117783805643,17047.649240945717
2451616.04713443,2000.1945164529232,26895.565359597196,0.7414495,62.2112,238.5504,253.6513,575.7255715065348,141.71577694769837,17047.30327815581
2451635.85954726,2000.2487598829848,26895.177927822166,0.7414938,62.2041,235.5142,253.8602,574.4339444451825,119.36084212545313,17045.6363743279
2451637.38367019,2000.2529327041475,26895.408581503463,0.7414949,62.201,235.2819,253.8747,574.4639849024115,117.64082650689102,17045.747262809302
2451640.94002745,2000.262669479672,26895.20716918813,0.7412661,62.1479,234.7666,253.9088,580.5655421920028,113.65438731806688,17052.95867266935
2451641.95612133,2000.265451393101,26895.42661861119,0.7415062,62.1911,234.5836,253.9206,574.1647292659563,112.48169848363091,17045.396108923156
2451650.08438987,2000.287705379521,26893.41803544559,0.7415233,62.1809,233.3454,253.9985,573.1856455224588,103.30996337243045,17043.57446626164
2451652.11631749,2000.293268494155,26893.153088230585,0.7415522,62.1782,233.0322,254.0212,572.3399507164004,101.01674210419804,17042.47922014719
2451658.72010641,2000.311348682847,26893.940844898472,0.7415485,62.1675,232.0155,254.0913,572.6430522752762,93.56127417508412,17043.097162412247
2451662.27625908,2000.3210848982342,26894.796430928487,0.7415362,62.1654,231.475,254.1309,573.1949857642148,89.55533663568838,17044.034069151858
2451663.80034226,2000.3252576105679,26895.073989529188,0.7415387,62.1642,231.2429,254.1455,573.1994869299006,87.83566019555298,17044.12974117464
2451667.86469213,2000.3363851940592,26895.173919666046,0.7415514,62.1626,230.6263,254.1849,572.8837462942029,83.25253013868479,17043.785515832704
2451668.88079527,2000.339167132841,26894.768557043964,0.7413504,62.1263,230.5065,254.1967,578.1848293719995,82.14303217721113,17049.97711971639
2451671.92893171,2000.3475124755917,26894.322311451793,0.7415607,62.1604,230.009,254.2239,572.4135321459844,78.66840878701146,17042.947397286207
2451679.04075859,2000.366983596414,26892.880041861317,0.7415902,62.151,228.925,254.2926,571.2474530413747,70.64350529095958,17041.086751547275
2451684.62853424,2000.3822820923756,26893.55930079081,0.7417059,62.1247,228.0555,254.3655,568.3113953943903,64.33944674478931,17037.80343041138
2451685.64453382,2000.3850637476248,26893.91570574398,0.7416244,62.1442,227.9194,254.3643,570.5953068210256,63.20075085504595,17040.645371653285
2451687.67657866,2000.3906271831897,26894.571528998174,0.7416081,62.1405,227.6171,254.3919,571.2031370637433,60.923214051715945,17041.58408928232
2451689.7086406,2000.3961906655718,26894.917036411458,0.7416396,62.1407,227.3075,254.4096,570.44522349408,58.62846039416286,17040.79194603673
2451690.72474038,2000.398972595154,26895.016782904182,0.741618,62.1441,227.1496,254.4112,571.0519264003478,57.47066574460223,17041.548464579435
2451694.7890285,2000.410100009583,26894.95001186197,0.741635,62.1413,226.5312,254.4506,570.5774598147163,52.88579655010426,17040.96049375974
2451696.82113136,2000.4156636039966,26894.545477478594,0.7416655,62.1414,226.2278,254.4707,569.6526586516948,50.599602561196775,17039.72514369621
2451701.39313659,2000.4281810721145,26893.272491272564,0.7416878,62.1376,225.5329,254.5148,568.7240824200962,45.44251403881282,17038.202775492664
2451703.93300935,2000.4351348647508,26892.797983583077,0.7417003,62.1342,225.1445,254.5406,568.265351320114,42.57654868973475,17037.500886488884
2451708.50473999,2000.4476515810813,26892.937692502197,0.7416892,62.1183,224.4355,254.6007,568.599949700395,37.421630810685315,17037.945722859688
2451718.66489043,2000.4754685569608,26895.001934737546,0.7417704,62.1257,222.9068,254.6901,566.949291606501,25.968219494107984,17036.64642812937
2451720.69700699,2000.481032188885,26894.940993703858,0.7417865,62.1246,222.6005,254.7097,566.5005462777508,23.678612001443867,17036.09083378553
2451723.74516984,2000.489377603942,26894.363209695544,0.7417989,62.1204,222.137,254.7418,566.0178645429187,20.24286258087386,17035.326660755203
2451724.76121242,2000.4921593769204,26893.721972274234,0.7415662,62.0864,222.022,254.7477,572.1104654383262,19.132324308648037,17042.390462914358
2451733.39678141,2000.5158022762769,26892.712465133467,0.7418618,62.1069,220.6846,254.8319,563.9000888671153,9.367680540362414,17032.261132134157
2451737.46058393,2000.5269283612045,26893.527513649384,0.7418121,62.1095,220.0609,254.8786,565.4470923413564,4.7852899664192705,17034.373439326075
2451742.03258995,2000.5394458314856,26894.535275502105,0.7419189,62.1068,219.3588,254.926,562.8349478903847,359.62430066516663,17031.581501064
2451746.60482894,2000.5519639396025,26894.868575435565,0.7419558,62.105,218.6644,254.9713,561.928545653408,354.4686817431395,17030.6071485474
2451748.63693146,2000.5575275330866,26894.57417058935,0.7419748,62.1039,218.3551,254.9915,561.3415792811493,352.1766880888196,17029.81030238087
2451755.74880667,2000.5769987862282,26892.723758265704,0.7420951,62.0989,217.2831,255.0616,557.6289316031398,344.1651369578555,17024.773206310383
2451759.30453217,2000.5867338320872,26892.45363707835,0.7421302,62.0979,216.742,255.0979,556.6153409026674,340.1557204486275,17023.47416089025
2451764.38423162,2000.6006412912252,26893.31165503036,0.7421854,62.0951,215.9673,255.1497,555.3520870169905,334.4261351589297,17022.24301134364
2451765.40021417,2000.6034228998496,26893.574875613587,0.7421581,62.0946,215.8092,255.1726,556.1541437204696,333.2895560541053,17023.287163769553
2451769.46426977,2000.6145496776724,26894.559231944357,0.7422043,62.0926,215.19,255.2132,555.1654233905565,328.7053160379364,17022.425078071497
2451773.52848764,2000.625676899767,26894.366306673564,0.7420643,62.0665,214.5901,255.2522,558.8808993682605,324.13861608381046,17026.80287096219
2451776.57658728,2000.6340221417654,26894.108076421424,0.7423366,62.0917,214.1119,255.2756,551.4910269382035,320.6795289644752,17017.885560881725
2451783.18033116,2000.6521022071454,26892.489246057783,0.7424477,62.0873,213.1063,255.3418,548.0861580474466,313.2313054276646,17013.287917714344
2451787.24396339,2000.6632278258458,26892.32841462135,0.7424926,62.0818,212.4954,255.3916,546.837269995267,308.6649826955666,17011.741755525265
2451790.29179906,2000.6715723451337,26893.015562341756,0.7424726,62.08,212.0209,255.4298,547.5520759294095,305.22465575188266,17012.8198663221
2451792.32373983,2000.6771354957698,26893.58817343334,0.7425005,62.0782,211.7112,255.4508,546.9492078649982,302.9332215228529,17012.284492725496
2451795.37175687,2000.6854805116218,26894.385435086973,0.742591,62.0761,211.2438,255.4859,544.7205604603023,299.4967158161802,17009.87664524864
2451797.4038404,2000.6910440531137,26894.736037603296,0.7426468,62.0719,210.9374,255.509,543.3100824325265,297.21054087903457,17008.302429334773
2451800.45199937,2000.6993894575496,26894.662709813518,0.7426888,62.0704,210.475,255.5389,542.1616354573671,293.77369528212705,17006.904078668296
2451801.46804105,2000.7021712280623,26894.48053113279,0.7427061,62.0693,210.3211,255.5478,541.6494843292257,292.62725789754535,17006.231949476725
2451804.51607399,2000.7105162874473,26893.665319328386,0.7427758,62.0668,209.8558,255.5812,539.5652468319886,289.1911365189511,17003.47245476668
2451809.59580208,2000.7244238249962,26892.440340661014,0.7428454,62.0696,209.0756,255.6336,537.3784388265467,283.45662300134427,17000.45684349778
2451810.10375846,2000.7258145337712,26892.353732207812,0.7428531,62.0695,208.9983,255.6382,537.1490959406674,282.88326784238774,17000.15412688381
2451814.16738957,2000.736940149404,26892.441342445312,0.7429017,62.0678,208.3797,255.6766,535.8646519924077,278.29784621456685,16998.64430040595
2451818.23116296,2000.7480661545796,26893.369854459383,0.7429388,62.0677,207.7502,255.7296,535.105626831154,273.71598435136724,16998.036186350204
2451821.27915134,2000.7564110919645,26894.197340498922,0.7430035,62.0667,207.2853,255.7622,533.5782868175302,270.27950689279817,16996.474798883683
2451823.31121221,2000.7619745714169,26894.542562627183,0.7430311,62.0669,206.9727,255.7834,532.9247183214866,267.9852542899536,16995.80367257393
2451826.35935918,2000.7703199429982,26894.622174790202,0.7430866,62.0637,206.5109,255.8137,531.4525246407438,264.54942052065155,16994.065509135136
2451830.42345636,2000.7814468346614,26893.78654970982,0.7431533,62.061,205.8916,255.8547,529.4440257973529,259.96543952185266,16991.38780999675
2451833.47133441,2000.7897914699793,26892.885324213657,0.7432887,62.0459,205.4321,255.9001,525.5712523298089,256.54727080749075,16986.45351072905
2451843.630469,2000.8176056646132,26892.977310420305,0.7434756,62.0497,203.866,256.0107,520.5685687691821,245.0786607392523,16980.483781225506
2451844.13844538,2000.8189964281455,26893.10891581635,0.7434822,62.0493,203.7881,256.0159,520.4248342455949,244.50528586762005,16980.353959240147
2451846.67840144,2000.825950448843,26893.853677864085,0.7434544,62.0545,203.3858,256.0314,521.3635280998496,241.6150384165095,16981.7210419397
2451847.69440632,2000.8287321186033,26894.09869462772,0.7434742,62.0543,203.2297,256.0427,520.8938829183317,240.4688373027925,16981.23699974412
2451850.74249115,2000.8370773200543,26894.13139431305,0.7433082,62.0246,202.7847,256.0818,525.3666970427275,237.0586647804755,16986.611782483487
2451853.28258773,2000.8440317254754,26894.42660683504,0.7435794,62.0558,202.3728,256.1062,518.148707180605,234.16757882888533,16978.049632406208
2451855.31463452,2000.8495951663795,26894.04085559483,0.743619,62.0552,202.0617,256.1272,516.9847885982572,231.87464010339738,16976.52812994868
2451873.09338377,2000.8982707290074,26893.614678040918,0.743976,62.039,199.3507,256.3255,507.27450433074864,211.83873755731872,16964.731745541765
2451874.10937507,2000.9010523615875,26893.853404614307,0.7439929,62.041,199.1914,256.3372,506.8811179404365,210.68974982848533,16964.336355528056
2451877.15739772,2000.9093973927995,26894.237054142905,0.7440704,62.0482,198.7106,256.3708,504.89503157197123,207.23833859216614,16962.07423548783
2451880.20545404,2000.917742516194,26894.04049125545,0.7441426,62.0502,198.2392,256.4037,502.90297558734255,203.7955941701655,16959.616924819235
2451883.25343512,2000.9260874335935,26893.326865179384,0.7442156,62.0507,197.7706,256.4347,500.75717621379044,200.35382390637886,16956.80730005162
2451884.26939558,2000.9288689817386,26893.02485211464,0.7442364,62.0506,197.6147,256.4452,500.1205510663067,199.20706657407845,16955.944468494617
2451888.33305859,2000.9399946847093,26891.958857498415,0.7443248,62.0506,196.989,256.4864,497.47065928267875,194.61731350465448,16952.414318216972
2451895.44421041,2000.9594639573172,26892.214486219636,0.7444815,62.0423,195.8991,256.5578,493.3220071971118,186.5898753657974,16947.507452761478
2451896.96807391,2000.9636360682002,26892.586966445808,0.7445212,62.0411,195.6645,256.5755,492.34954708321493,184.8710154479486,16946.45784018957
2451899.50793188,2000.9705898203426,26893.26046893831,0.744571,62.0432,195.2768,256.6025,491.18232832044396,182.00696467661226,16945.27091061491
2451901.03188853,2000.9747621862564,26893.609031005653,0.744606,62.0427,195.0414,256.6198,490.3300848646577,180.28681294772173,16944.35792185381
2451905.09587366,2000.985888771143,26893.907417122584,0.744705,62.0435,194.4132,256.6644,487.74379405431137,175.69764238855794,16941.341605295827
2451906.11188069,2000.9886704467895,26893.827445916762,0.7447326,62.0425,194.2578,256.6765,486.98110816781355,174.55293915578545,16940.397750301232
2451910.17578416,2000.9997968081038,26892.877764986104,0.7448258,62.0454,193.6272,256.7191,484.23226937811705,169.95944908262766,16936.782039021466
2451913.73145604,2001.0095317071593,26891.633206052626,0.7448992,62.0525,193.0773,256.7574,481.94084417059,165.94328542264736,16933.621342907554
2451917.79482558,2001.020656606653,26891.005699148234,0.745008,62.0466,192.45,256.8014,478.85502523720606,161.35502160495673,16929.702157246735
2451921.85825492,2001.0317816698705,26891.602335244275,0.745127,62.0454,191.8198,256.8489,475.80706199071483,156.767298846595,16926.22205007654
2451923.38213224,2001.0359538185903,26892.27705106785,0.7452115,62.0359,191.5677,256.877,473.70663142600006,155.0413253074937,16923.907997571714
2451925.92196336,2001.0429074972214,26892.852264016692,0.7453033,62.0423,191.1858,256.8944,471.3844252325798,152.1735010002525,16921.29386375856
2451927.95386342,2001.0484705364,26893.294076860973,0.7453619,62.0422,190.8696,256.9179,469.92100647313146,149.8781068960414,16919.67163506648
2451931.00179632,2001.0568153218894,26893.559938356208,0.7454602,62.0435,190.3925,256.9561,467.3450679972011,146.4350841198384,16916.650598313146
2451934.04972396,2001.0651600929773,26893.186149352092,0.7455599,62.0432,189.918,256.9912,464.5686731597598,142.99156652813775,16913.180922390122
2451937.09754686,2001.0735045773035,26892.353550066688,0.7456471,62.0435,189.4455,257.0239,462.0118132847565,139.5477521707336,16909.82763310674
2451943.19274496,2001.0901923202193,26890.969548726516,0.7458309,62.0423,188.4978,257.0912,456.7172283272257,132.659764721074,16902.99107220514
2451948.77980136,2001.1054888469812,26891.44579702225,0.7460151,62.0459,187.6341,257.1567,451.8848716121156,126.35481508678527,16897.307973559604
2451950.30362936,2001.1096608606713,26891.80340687878,0.7460847,62.0451,187.3935,257.1815,450.10402959864587,124.6370901583623,16895.271378211237
2451951.8274601,2001.1138328818615,26892.19918657414,0.7461346,62.0432,187.1563,257.2014,448.8626033793189,122.91786252983042,16893.898492234635
2451953.85929899,2001.1193957535663,26892.738785435846,0.7462064,62.0386,186.8263,257.2208,447.0686902153893,120.60462871611526,16891.903830129242
2451955.38320661,2001.1235679852432,26892.99570775603,0.7462581,62.0379,186.5878,257.2386,445.743527577858,118.88192531242498,16890.38455103653
2451957.923081,2001.1305217823406,26893.06456143033,0.746358,62.0368,186.1912,257.268,443.0743814903126,116.01135835741786,16887.17956416424
2451960.97092399,2001.13886632167,26892.61474360537,0.7464535,62.0379,185.7179,257.3025,440.392044089539,112.56852419875702,16883.79114783016
2451961.98684766,2001.1416477690898,26892.347721552393,0.7464857,62.0376,185.5592,257.3139,439.4584079859487,111.4199031276828,16882.57608487429
2451972.6531191,2001.170850428747,26890.321229297653,0.7467064,62.0263,183.92,257.4505,433.00996932522776,99.404345651129,16874.122839555097
2451975.19268767,2001.177803388555,26890.81893845338,0.7468371,62.0207,183.5122,257.4885,429.6214058337782,96.53148012014566,16870.180336323545
2451978.24014288,2001.1861468662012,26891.45672457286,0.7470464,62.0241,183.0308,257.5209,424.15448772491345,93.07882816754898,16863.763488373796
2451980.27189309,2001.1917094951132,26891.949932914653,0.7471225,62.0245,182.7122,257.5455,422.23276916062423,90.78228175924153,16861.59314870283
2451982.81165368,2001.1986629806438,26892.334516336374,0.7471991,62.0244,182.3118,257.5745,420.2700688308996,87.90762696821218,16859.337795375082
2451983.82756988,2001.2014444076115,26892.444894226745,0.7472655,62.0286,182.1326,257.5884,418.5123141199483,86.74101325990273,16857.24249214704
2451987.8911883,2001.2125699885016,26891.836737050908,0.7473914,62.027,181.4988,257.6319,414.97292957499667,82.14550413941879,16852.75619046383
2451990.43082836,2001.219523144038,26891.02527688325,0.7475002,62.0241,181.0964,257.6646,411.84220420796646,79.27266814629058,16848.699081217525
2451992.97036862,2001.226476026338,26890.248386859934,0.7476019,62.0209,180.6917,257.6968,408.9113013715114,76.39713051826709,16844.8944316834
2451998.04905464,2001.2403807108553,26889.077876541935,0.7476748,62.0282,179.9179,257.7487,406.65565301401966,70.66954409211053,16841.78240422692
2451999.57264262,2001.2445520674064,26889.16864662699,0.7476838,62.0173,179.6668,257.7796,406.43655407606457,68.94765573369637,16841.545545943318
2452003.63558347,2001.2556757932105,26889.618593503837,0.747863,62.0218,179.028,257.8289,401.7314633102751,64.35361444424495,16835.977606039338
2452005.66710434,2001.2612377942235,26889.94145245671,0.7479455,62.0229,178.7088,257.8533,399.59444782824903,62.056494079515346,16833.485628919
2452007.6986632,2001.2667998992465,26890.210691092114,0.7480256,62.0224,178.3881,257.8778,397.5084047615219,59.75793627125802,16831.03780684302
2452009.73025117,2001.2723620839706,26890.316585577526,0.7481029,62.022,178.0669,257.9013,395.45646598888015,57.45784977061612,16828.578612395275
2452013.79347211,2001.2834865766183,26889.978965180046,0.7482181,62.0186,177.406,257.9531,392.27369481306596,52.84393241741793,16824.602647051623
2452020.90329052,2001.3029521985488,26887.29941085255,0.7485012,62.0181,176.2987,258.0347,383.98723707012323,44.8106085224249,16813.67031138172
2452022.93452405,2001.3085134128678,26886.924382949455,0.7485868,62.0149,175.976,258.0618,381.59139727534784,42.51297136757381,16810.63574834817
2452026.48913341,2001.3182454029024,26886.77965480447,0.7487208,62.0117,175.4115,258.1058,377.95218223554457,38.48895495508259,16806.16069152212
2452028.52035544,2001.3238065857363,26887.076031007233,0.7488149,62.0105,175.0868,258.1352,375.49658155615634,36.1916291349055,16803.265918253168
2452032.58288412,2001.3349291830796,26887.84540931905,0.7489465,62.0173,174.4203,258.195,372.15139746848035,31.58079409134433,16799.4378046058
2452033.59854599,2001.3377099137301,26888.03375700066,0.7489833,62.017,174.258,258.208,371.20920317090713,30.43043105713059,16798.35025926308
2452035.62990923,2001.3432714831756,26888.35775186056,0.7490821,62.0188,173.9383,258.232,368.6339615455736,28.132566056742007,16795.316257467883
2452038.67697061,2001.3516138825735,26888.26034299518,0.7491924,62.0208,173.4553,258.2691,365.6437448017987,24.683402273580782,16791.64124201566
2452039.69264697,2001.3543946528953,26888.076087890553,0.7492306,62.0209,173.2934,258.2808,364.570407714662,23.53212495765979,16790.274234458146
2452042.7395939,2001.3627367389454,26887.177434322864,0.7493398,62.0181,172.8071,258.3167,361.40897312285597,20.078573979654664,16786.13360465178
2452044.26300343,2001.3669076069264,26886.616178059885,0.7493992,62.0175,172.5641,258.3355,359.6712235147479,18.352861506500005,16783.835712066495
2452046.80191493,2001.3738587677751,26885.720649942265,0.7494949,62.0134,172.1577,258.3665,356.873839985853,15.475043600941603,16780.13848273719
2452048.83295764,2001.3794194596574,26885.17193803059,0.7495761,62.0092,171.8338,258.392,354.5533088921793,13.174794523376193,16777.132695457527
2452053.910371,2001.393320659822,26884.84121360589,0.7497829,62.0085,171.0206,258.4557,348.9107024289451,7.420862464117761,16770.140721190914
2452056.95688397,2001.4016615577555,26885.447883198558,0.7498843,62.003,170.5339,258.5043,346.336317119727,3.9800392080337588,16767.19046430807
2452057.97240345,2001.4044418985625,26885.583401079668,0.749938,62.0089,170.367,258.5099,344.926456440784,2.8178165175152117,16765.51176504938
2452060.51126987,2001.4113929359896,26886.134045362276,0.7500542,62.01,169.9603,258.543,341.9399828753103,359.9418430437314,16762.038778444876
2452061.52684031,2001.414173416318,26886.304341227715,0.750099,62.0102,169.7977,258.5564,340.7780411771482,358.7916701255904,16760.67323901947
2452064.57357975,2001.4225149342917,26886.485198207396,0.7502349,62.0109,169.3072,258.596,337.1693641787888,355.33782365500747,16756.320417774292
2452065.58915745,2001.425295434497,26886.3878063004,0.7502793,62.0106,169.1432,258.6093,335.9512834608013,354.1861435810963,16754.80040856419
2452069.14360663,2001.4350269859826,26885.530613521994,0.7504304,62.0093,168.5705,258.6544,331.67482100443704,350.1551850462548,16749.298765367217
2452069.65136834,2001.4364171617797,26885.356325408706,0.7504516,62.0092,168.4887,258.6608,331.061354435622,349.5793217593314,16748.493064965664
2452076.75951619,2001.4558782099652,26883.093202741835,0.7507551,62.0071,167.351,258.7588,322.33757700806837,341.5336444125115,16737.09950768785
2452085.39014824,2001.4795075927177,26883.420597591943,0.7511002,62.0023,165.9679,258.8656,313.14171005651497,331.7507666216263,16725.94069611234
2452087.42097431,2001.4850676914716,26883.80605911327,0.751194,62.0023,165.6363,258.8953,310.71595034373513,329.44723107020445,16723.090142563724
2452090.46728502,2001.4934080356463,26884.222657001468,0.7513538,62.0034,165.1271,258.9304,306.52350361731897,325.9706071673319,16718.08249190636
2452091.48275047,2001.496188228528,26884.20118061268,0.7513993,62.0032,164.9623,258.9438,305.29493244113837,324.818337729953,16716.569085813455
2452096.55986504,2001.5100886106495,26883.010400176187,0.7516226,62.0026,164.1387,259.0135,298.99592736872,319.06030016613727,16708.464416372743
2452097.57523978,2001.512868555181,26882.600764335508,0.7516754,62.0028,163.9723,259.0304,297.4747817633097,317.9100201348074,16706.467869232514
2452102.6517223,2001.5267672068442,26880.288006773942,0.7516679,61.9654,163.1863,259.105,297.10206932698566,312.1951055360661,16705.278012625873
2452102.65172384,2001.5267672110604,26880.612405144017,0.7519095,61.9862,163.1906,259.1019,290.6882718983816,312.19630401825884,16697.506341590975
2452111.28126699,2001.550393612567,26880.48259003946,0.7521603,61.9892,161.7802,259.2147,283.9144409706023,302.39319947585943,16689.143117315667
2452114.83465492,2001.5601222585074,26881.34420229907,0.7524821,61.9939,161.1829,259.2877,275.4775661302401,298.36658693736047,16679.041816692166
2452116.3575773,2001.564291792745,26881.544718317902,0.7525577,61.994,160.9321,259.3093,273.49495265343376,296.63635461174715,16676.66605641408
2452120.41877904,2001.5754107571258,26881.40033549008,0.7527545,61.9937,160.263,259.3678,268.1689666484126,292.0229274346897,16670.065632400605
2452122.44933728,2001.5809701226005,26880.89014377431,0.752847,61.9934,159.9292,259.3955,265.5563417042513,289.71545586376385,16666.687823152148
2452125.49502882,2001.5893087715808,26879.688632393285,0.7529829,61.9899,159.4312,259.4368,261.606434876755,286.25684223091054,16661.44380732032
2452127.52537882,2001.5948675669267,26878.81623806211,0.7530761,61.9846,159.1022,259.4637,258.88583288562404,283.9535759063451,16657.81671081229
2452131.58575381,2001.6059842677896,26877.191977663748,0.7532487,61.9792,158.4429,259.5148,253.84576083810043,279.34336359576884,16651.09260797872
2452138.18347441,2001.6240478423267,26876.6977178766,0.7534903,61.9817,157.3497,259.6192,247.23039142444668,271.8516767623561,16642.778715986224
2452140.21348267,2001.6296057020397,26876.8614076538,0.7535908,61.9844,157.0128,259.6501,244.5696179708466,269.54484726568853,16639.54743750757
2452143.25855633,2001.637942659357,26876.89087207838,0.7537363,61.9887,156.5074,259.6926,240.66629065424786,266.080642631513,16634.739132409093
2452145.28861769,2001.6435006644492,26876.755281830792,0.7538241,61.9997,156.1642,259.7283,238.27312058444932,263.7722607982649,16631.74175399106
2452148.33362005,2001.6518374265572,26875.804470297815,0.7539672,61.9794,155.6686,259.765,234.19312607988923,260.3121264394341,16626.4035248343
2452150.36350974,2001.6573949616434,26874.87065444566,0.7540538,61.9799,155.33,259.7969,231.6360129524237,258.0047138084126,16622.950524008847
2452152.39324768,2001.662952081259,26873.50444707378,0.7541428,61.9798,154.9919,259.8287,228.90825754510752,255.69785074680203,16619.149907588777
2452156.45217555,2001.6740648201237,26870.23396458402,0.7542729,61.9711,154.3206,259.8949,224.60836843873312,251.09216475548646,16612.80610807297
2452158.48142093,2001.6796205911842,26868.641169139788,0.7543805,61.9774,153.977,259.9266,221.32590964352949,248.78018717370753,16608.246429876577
2452168.62464876,2001.7073912354826,26861.326720570043,0.7547119,61.9801,152.2662,260.1015,210.62749476785666,237.24685522621166,16592.710859255367
2452170.14581513,2001.7115559620256,26860.230631808514,0.7548139,61.9814,152.0205,260.1199,207.61889371366397,235.52025367077704,16588.641806081218
2452173.18774324,2001.7198843072965,26857.06349018261,0.7550684,61.9867,151.518,260.143,200.00723195201135,232.04264937327036,16578.21921434887
2452174.20159066,2001.7226600702534,26855.6964588482,0.7550697,61.9856,151.3469,260.1499,199.63749037462821,230.87917470880177,16577.33211751828
2452178.25619215,2001.7337609641343,26849.504926522342,0.7551142,61.9848,150.67,260.2185,196.9261935353661,226.27455291164506,16572.029622322832
2452183.32187726,2001.7476300541005,26838.552325047818,0.755155,61.9817,149.8185,260.3043,193.14904402633238,220.5159805238012,16563.91234311766
