jd,year,a_km,e,i_deg,raan_deg,argp_deg,hp_km,azimuth_deg,lambda
2457220.4337183,2015.5384906729637,20395.692772012288,0.6808148,48.5714,25.5581,129.4997,131.86697657329478,40.7411577330999,14289.03202348745
2457221.43804846,2015.5412403790829,20348.230549949054,0.6800656,48.5727,25.1617,129.859,131.96263205961986,39.714163530130435,14271.255457599604
2457222.1056477,2015.5430681661874,20317.13570572773,0.6795778,48.5734,24.8973,130.0965,131.9250205278322,39.02926017257576,14259.491471002568
2457222.43885412,2015.5439804356474,20301.342905432433,0.6793278,48.5737,24.7648,130.2145,131.93999243940925,38.686343166942635,14253.546334631428
2457223.10409844,2015.5458017753324,20268.94809776639,0.6788196,48.574,24.5003,130.4536,131.852557619849,38.005260880347606,14241.221722509064
2457223.76774541,2015.5476187417114,20236.435006630058,0.678334,48.5744,24.2355,130.6922,131.23680284266447,37.324952983892956,14228.305407217804
2457226.07754355,2015.5539426243674,20118.726807903153,0.6764023,48.5766,23.3069,131.5297,132.23742196580133,34.95725522775808,14184.68630436401
2457226.40585693,2015.5548414974132,20102.432489306084,0.6761168,48.5766,23.1745,131.6461,132.7038624204206,34.61766093123421,14178.962085253488
2457227.38859072,2015.5575320758933,20056.34616426217,0.6753932,48.5786,22.776,132.0067,132.29004807341698,33.61115267842368,14161.012600069886
2457228.69367281,2015.5611051959213,19999.29438900838,0.6744575,48.5815,22.2435,132.4852,132.48399363375938,32.27082946837106,14139.461119256073
2457230.31747575,2015.5655509260782,19931.313373514513,0.6733483,48.588,21.571,133.0909,132.46109669125053,30.60356661180043,14113.469394173579
2457231.61048086,2015.5690909811358,19874.838899586797,0.6724367,48.591,21.0364,133.5707,132.13151691702024,29.274346791087567,14091.520636463043
2457232.25482535,2015.570855100205,19843.5413275311,0.6719247,48.59,20.7716,133.8015,132.0394740921629,28.605263926179248,14079.428811452635
2457232.89757181,2015.572614844107,19808.98190351773,0.6713173,48.5898,20.504,134.0421,132.73335629934718,27.94475612150606,14066.850507408322
2457233.53869403,2015.5743701410818,19776.08242975299,0.6707528,48.5906,20.2363,134.2832,133.08346696536773,27.286249210540177,14054.551770061666
2457234.49709722,2015.5769941060091,19718.599362945308,0.6697849,48.5911,19.8314,134.6484,133.24296049492023,26.301921836741656,14032.578093911792
2457235.13354378,2015.578736601725,19676.03655943035,0.6690734,48.5921,19.5622,134.8901,133.1875800879834,25.64712337898351,14016.106855172477
2457235.45098632,2015.5796057120333,19654.73373007068,0.6687225,48.5928,19.4278,135.0115,133.0347532634887,25.321243668022362,14007.730300113815
2457236.08419002,2015.581339329281,19605.548035650667,0.6678968,48.5933,19.1577,135.2598,132.92894039330167,24.67534145885338,13988.609602864432
2457236.71486843,2015.5830660326626,19555.188656831582,0.6670304,48.5942,18.8905,135.4955,133.1470449897488,24.022228241431122,13969.318278065122
2457237.34341975,2015.5847869123893,19511.545644100202,0.6663179,48.5984,18.6163,135.745,132.51722476920804,23.378011539823518,13951.768353599311
2457237.65681134,2015.5856449317996,19487.25028177645,0.6658639,48.5969,18.4853,135.8624,133.25750887668528,23.055524552167043,13943.055102258233
2457239.52712054,2015.5907655593153,19372.09476472381,0.6638456,48.6001,17.6752,136.5843,133.87859237887278,21.123898646486737,13898.810268749192
2457240.45601913,2015.5933087450514,19313.937540367504,0.6628172,48.5992,17.2701,136.9417,134.19123888622835,20.160651781450667,13876.389820414
2457241.38100111,2015.5958412076939,19261.16520489631,0.6618829,48.5997,16.8658,137.3057,134.3930217004454,19.208665230204673,13855.922468808409
2457242.30245144,2015.598364001205,19214.750297473875,0.6610435,48.6017,16.4577,137.6724,134.8282092057034,18.25905956619377,13838.135746157917
2457242.30245753,2015.5983640178783,19215.08160383656,0.6610778,48.6041,16.4558,137.6731,134.28143035181438,18.25785356380979,13837.737412564446
2457243.52604959,2015.6017140303634,19155.911604895096,0.660007,48.6038,15.9176,138.1556,134.7395542830982,16.996149069204137,13814.923316869517
2457244.43992184,2015.604216076222,19108.122944069677,0.6591684,48.6037,15.5086,138.5247,134.5158160239789,16.055512560072145,13795.8873322137
2457245.3502129,2015.6067083173168,19057.9078824815,0.6582416,48.6041,15.1017,138.8884,135.0638052642662,15.115105765945373,13776.60107167356
2457245.9551124,2015.608364441889,19024.34263117661,0.6576369,48.6047,14.8308,139.133,135.09661867178056,14.492600919919397,13763.36792273902
2457246.55831649,2015.610015924682,18987.785818256205,0.6570032,48.606,14.5592,139.3768,134.61347474725972,13.870267114434085,13748.439876032582
2457247.45982319,2015.6124841155092,18933.42468308329,0.656005,48.6056,14.154,139.7397,134.86712385723695,12.939418416655286,13727.134983855987
2457248.6551422,2015.6157567206028,18848.36015949271,0.6544947,48.6074,13.6058,140.2329,134.07203141357695,11.706280582985272,13692.572657364113
2457249.84263133,2015.619007888651,18769.31277911535,0.6529812,48.6061,13.0616,140.7197,135.16809743327303,10.478460085635902,13662.100242327415
2457249.84263511,2015.6190078990007,18767.957142561543,0.6530083,48.6081,13.06,140.7235,134.18905442457253,10.48065635973353,13660.631819032855
2457251.02203514,2015.6222369203015,18677.614000245143,0.6512913,48.6057,12.5148,141.2131,134.91019712728303,9.262608691503516,13625.179706738862
2457251.90103997,2015.6246435043672,18612.498959124146,0.6500568,48.606,12.1045,141.5783,135.18114575257277,8.35113842782036,13599.31224233137
2457252.19300862,2015.6254428709647,18589.60543549413,0.6496773,48.6087,11.9657,141.7006,134.22446809697885,8.0468664527381,13589.213776227547
2457253.06606934,2015.6278331809442,18532.384746731732,0.6485434,48.6065,11.5561,142.0645,135.19263297819543,7.140654860089683,13567.092529442181
2457254.51313373,2015.6317950273233,18449.561509071173,0.6469721,48.6076,10.8726,142.6734,135.0736554682262,5.6397901636389065,13533.555807686309
2457257.37980596,2015.6396435481456,18306.753468260034,0.6442127,48.6087,9.4939,143.9084,135.17408823787355,2.6706226675380833,13475.760965515166
2457258.51759487,2015.6427586444083,18252.140943106617,0.6431492,48.6103,8.9408,144.4049,135.1547972603512,1.4925880129641484,13453.519526378132
2457260.49599187,2015.6481752001912,18151.975087447237,0.6411923,48.6119,7.9746,145.2724,134.93213158424078,359.4439279311743,13412.429248630258
2457261.33864385,2015.6504822555778,18102.525806954647,0.6401841,48.6116,7.5568,145.646,135.44031550261207,358.5691879919568,13392.651694634742
2457262.45677939,2015.653543543847,18033.120338320605,0.6387881,48.6135,7.0008,146.1461,135.64136033342857,357.41122421508885,13364.353009158962
2457263.56737932,2015.6565842007394,17947.55690465656,0.6371125,48.6122,6.447,146.6432,134.8077562385588,356.25988773384177,13328.370979332794
2457268.00044591,2015.6687212755915,17694.894689135996,0.6319164,48.6161,4.1784,148.6711,135.06423879805698,351.6498407870574,13223.88468883204
2457271.97942957,2015.6796151391377,17528.32285440138,0.6283766,48.6159,2.1139,150.5252,135.7986354503464,347.51764991044604,13154.905673289406
2457272.24633663,2015.680345890842,17515.972052647794,0.6280837,48.6175,1.9712,150.6518,136.33921672417182,347.2384792968419,13150.204163804974
2457273.31132613,2015.6832616731822,17467.829493895428,0.6270719,48.6162,1.4122,151.1529,136.10816428238286,346.13089765437985,13129.770831520409
2457274.63606438,2015.686888608843,17404.14275675442,0.6257121,48.6177,0.7085,151.781,136.0237437258229,344.74960081648476,13102.874893880167
2457276.47796835,2015.6919314670774,17306.39352226113,0.6235697,48.6177,359.721,152.6698,136.51460550281354,342.835471852104,13062.001344847997
2457277.00141896,2015.6933645967415,17281.217134941697,0.6230488,48.6168,359.4405,152.9184,136.03923647683496,342.28764517307786,13050.916690531403
2457277.52364696,2015.6947943790829,17255.06066467916,0.6224824,48.6163,359.1581,153.1685,135.9527899840814,341.7406235301502,13039.747293954699
2457278.04476426,2015.6962211204923,17231.210140894305,0.6219283,48.6168,358.8753,153.4223,136.49661102514983,341.19799662275466,13030.097846592835
2457278.82457655,2015.6983561301852,17199.68807229092,0.6212325,48.6173,358.4499,153.7991,136.54655192145128,340.3807931333097,13016.74179223282
2457279.34325394,2015.699776191485,17178.942559547602,0.6208067,48.6171,358.1675,154.0501,136.0036196653009,339.83817106541755,13007.438663490979
2457279.8609907,2015.7011936774807,17158.707555842575,0.6203319,48.6181,357.8833,154.3049,136.47759618239343,339.29847610692786,12999.23417186988
2457280.893577,2015.7040207446958,17115.81481600958,0.6193975,48.6172,357.3175,154.8138,136.18560851028542,338.2238319095268,12980.685767791054
2457281.92246115,2015.706837675976,17075.711366152143,0.6185069,48.6167,356.7504,155.3228,136.1297637786165,337.15163664865963,12963.502996962352
2457282.69183909,2015.7089441179742,17048.5298674646,0.617908,48.6161,356.3249,155.7029,135.9705741192838,336.34791752928254,12951.734842100013
2457283.45938955,2015.7110455566055,17021.592911497963,0.6173047,48.6164,355.8993,156.0818,135.94730574358528,335.5446996220335,12940.176102704514
2457283.71483129,2015.7117449179736,17012.77006851423,0.617083,48.6168,355.7571,156.2095,136.3425763252626,335.2784295295262,12936.73623409441
2457285.49757809,2015.7166258127038,16954.606763482927,0.6157622,48.6173,354.7622,157.0974,136.46450266579905,333.41430742663874,12911.870677925404
2457286.76542967,2015.72009700115,16911.575768142255,0.6147795,48.6176,354.0504,157.7349,136.5493731916431,332.0903795860463,12893.428872422062
2457288.02849223,2015.723555077974,16872.082320712216,0.6138694,48.6181,353.3371,158.3731,136.6909697459996,330.7703719293727,12876.527119860975
2457288.7842062,2015.7256241100613,16847.60339724808,0.6133346,48.6187,352.909,158.7556,136.24900663828885,329.97992037789743,12865.581541261323
2457289.03574062,2015.7263127737713,16839.420076108418,0.613121,48.6188,352.7661,158.8846,136.68169962474803,329.7181014423094,12862.417956588995
2457289.53828231,2015.7276886579332,16823.744592291714,0.612787,48.6194,352.4799,159.1395,136.23631481505163,329.19148314402577,12855.261637241421
2457290.29072763,2015.729748740944,16798.888495724645,0.6122213,48.62,352.0503,159.526,136.1148423170589,328.4067532601642,12844.406331372484
2457291.0414577,2015.731804127858,16773.038072027008,0.6116042,48.6207,351.6212,159.9129,136.44124041538635,327.6246139711767,12833.491500283151
2457291.54099313,2015.7331717813274,16755.88619277049,0.6112264,48.6213,351.3348,160.1705,136.10989635367787,327.1034587221349,12825.774310203498
2457292.03978047,2015.7345373866394,16740.47734162551,0.6108451,48.6215,351.0485,160.4274,136.5024858325396,326.5824408097802,12819.425737972006
2457292.78661554,2015.736582109623,16715.854225616746,0.6102661,48.6219,350.619,160.8142,136.59875918109356,325.80364053571304,12808.81789939454
2457293.7799521,2015.7393017169063,16686.291382534437,0.6095634,48.6225,350.0457,161.3299,136.80257400604478,324.76698191374606,12796.141355602871
2457294.77074525,2015.7420143607117,16657.756031761055,0.6089058,48.6226,349.4715,161.8464,136.615469036763,323.7327301438054,12783.56315987869
2457295.51220444,2015.7440443653384,16637.616264560762,0.6084256,48.6229,349.0408,162.2319,136.72830622562105,322.95672847818196,12774.884160863496
2457296.49875194,2015.746745385189,16611.32727703796,0.6078111,48.6234,348.4659,162.7471,136.64187232151107,321.92466133203584,12763.34527316898
2457297.23715307,2015.7487670173034,16592.158843604488,0.6073281,48.6237,348.0354,163.1326,137.1382382199763,321.1518737707951,12755.396414720908
2457297.97428355,2015.750785170568,16573.115096487687,0.6069012,48.6242,347.604,163.5196,136.73535669119337,320.3809385955475,12746.734572819123
2457298.95508446,2015.7534704571112,16547.141449532708,0.6062672,48.6249,347.0287,164.0356,137.01603492057166,319.35493543997745,12735.610596928194
2457300.17775297,2015.7568179410534,16513.1599065696,0.6054522,48.625,346.3099,164.6795,137.0946121852412,318.0749412207448,12720.793120678676
2457300.90955418,2015.7588215035735,16492.784913466883,0.6049614,48.626,345.8781,165.0674,137.15036231707927,317.30975871353735,12711.904992526806
2457302.12616339,2015.762152398056,16458.2494267256,0.6041536,48.6258,345.1585,165.7119,136.8024858713934,316.0355366997958,12696.449713241618
2457303.09667717,2015.764809519973,16428.73227783532,0.6034175,48.6254,344.583,166.2259,137.21141857462408,315.0174728097236,12683.813897414851
2457303.33886691,2015.7654725993427,16420.80294033511,0.6032243,48.6257,344.4385,166.3551,137.23928121352037,314.7634642365838,12680.34771244058
2457303.82271018,2015.766797290021,16404.565974344237,0.602843,48.6258,344.1498,166.6137,137.05190867263354,314.25647559242134,12673.041656819212
2457305.9917641,2015.772735836002,16339.245245110435,0.6012557,48.6241,342.8499,167.776,137.0446077898896,311.98099903920865,12644.221417913679
2457306.71205231,2015.7747078776451,16320.637996805195,0.6007943,48.6237,342.416,168.1645,137.1554159612151,311.2256640477517,12636.090007092951
2457308.86584455,2015.7806046394253,16268.687531119598,0.5995313,48.6244,341.1132,169.3322,136.9638462936755,308.9677298069059,12612.934190683
2457309.10452152,2015.7812581013552,16262.728254345442,0.5993798,48.625,340.9684,169.4624,137.04114580152145,308.7178835121448,12610.35685270377
2457309.81979759,2015.7832164205063,16245.535059131753,0.5989649,48.6266,340.5334,169.8508,136.89347699240807,307.9662886177489,12602.609680770322
2457310.77168843,2015.7858225555924,16222.623057561512,0.5983992,48.6251,339.9546,170.3674,136.88209801514859,306.96587998675557,12592.4300588333
2457311.7216123,2015.7884233054067,16200.189686813594,0.5978432,48.6237,339.3747,170.8895,136.88014384195685,305.9718100535933,12582.460372031439
2457312.19587164,2015.7897217567145,16189.973827053178,0.5975934,48.6243,339.0844,171.1503,136.81602183345603,305.474867582755,12577.864728612207
2457313.85230759,2015.7942568311846,16155.071717416773,0.5967292,48.6251,338.0679,172.0621,136.73239554003612,303.73754077352885,12562.259856665903
2457315.26773311,2015.7981320550584,16123.008228965004,0.5959173,48.6238,337.1945,172.8427,136.89239728239681,302.2496601789428,12548.097076812695
2457316.91370189,2015.8026384719783,16085.86217828417,0.5950127,48.6233,336.1766,173.7597,136.43359175542537,300.526450087849,12531.13393558743
2457317.85169624,2015.805206560547,16064.817516655181,0.5944665,48.6241,335.5936,174.2822,136.68537439048396,299.5414382030878,12521.930885543941
2457318.55398116,2015.807129311868,16048.57289976482,0.5940762,48.6233,335.1557,174.6759,136.36139604955406,298.80504772749424,12514.396221102006
2457319.48867087,2015.8096883528274,16026.676173048367,0.593529,48.6234,334.5729,175.1986,136.242790735143,297.823692982148,12504.492047009993
2457319.95531133,2015.8109659447775,16016.253927437318,0.5932611,48.624,334.2816,175.4603,136.29720456653467,297.3341598800471,12499.8650481954
2457321.81755966,2015.8160645028336,15978.160554300292,0.5922871,48.6211,333.1135,176.5127,136.36587625937955,295.38297897992953,12482.82749872509
2457322.97813161,2015.8192419756604,15954.782293122049,0.5916857,48.6207,332.3828,177.1677,136.42946366852448,294.1633887622489,12472.373668494942
2457323.90484483,2015.8217791781788,15937.643751231199,0.5912559,48.6212,331.7976,177.6915,136.2815512176212,293.1885958556261,12464.544553689475
2457324.59889984,2015.8236793972346,15925.18688240932,0.590938,48.6198,331.3593,178.0863,136.25249649212128,292.4610169955695,12458.914067828277
2457325.75385472,2015.8268414913618,15904.130954121723,0.5904015,48.6194,330.6282,178.7429,136.17188261182582,291.24816310972767,12449.36392417173
2457327.59703677,2015.8318878487887,15870.236647591311,0.5895466,48.6191,329.4564,179.7961,135.85629080845501,289.3128744360614,12433.821126284449
2457327.82701831,2015.8325175039283,15865.922506908928,0.5894264,48.6193,329.3098,179.9267,135.9926209826226,289.07019858577405,12431.983899465447
2457328.74597964,2015.83503348293,15848.382956499954,0.5889806,48.6176,328.7227,180.4533,135.85655375083752,288.10394614521516,12423.952030609205
2457329.66349029,2015.8375454901843,15831.865429564517,0.5885579,48.6173,328.1375,180.979,135.7596592574273,287.14012353364603,12416.407632157896
2457330.5794691,2015.840053303491,15813.47190964325,0.5880857,48.6162,327.5504,181.5085,135.65891223036124,286.17971074322213,12408.005484588739
2457331.03685985,2015.8413055711155,15804.383200029151,0.5878482,48.616,327.2565,181.7716,135.66868378177423,285.6980943984231,12403.899152376607
2457331.72220813,2015.843181952444,15790.85286227106,0.5874939,48.6154,326.8151,182.1679,135.6868298892714,284.9774971201575,12397.785671699574
2457332.86260062,2015.8463041769196,15769.976611969136,0.5869608,48.6162,326.0801,182.8255,135.48222382644326,283.776096308924,12388.158304861723
2457333.77327063,2015.848797455523,15752.742545010375,0.5865162,48.6147,325.4922,183.3559,135.36754793256023,282.82101601168495,12380.247406732535
2457334.45523999,2015.8506645858722,15738.44902178036,0.5861409,48.6148,325.0512,183.7505,135.36404754990053,282.10244908603454,12373.755098061953
2457334.68236147,2015.8512864105958,15733.967884773356,0.5860259,48.6148,324.904,183.8823,135.3188945279535,281.86319218555786,12371.683463788875
2457335.36318805,2015.853150412184,15721.711955785744,0.5857213,48.6129,324.4609,184.2787,135.03409081737573,281.14545161374474,12365.886142466832
2457336.04322762,2015.8550122590552,15709.62687208379,0.5853922,48.6136,324.0207,184.6733,135.1975362555413,280.4295867400838,12360.522601573419
2457337.62694944,2015.8593482530875,15681.752163965028,0.5846598,48.6122,322.9895,185.5998,135.12578013166785,278.76392888848784,12347.77981324538
2457338.53007122,2015.8618208657629,15666.720911437194,0.5842781,48.6107,322.3985,186.133,134.86268407240186,277.8159883253602,12340.722221462604
2457339.65723341,2015.8649068676525,15649.051837786825,0.5838171,48.6104,321.662,186.7938,134.7314761004509,276.6293276451263,12332.562366919941
2457340.78252888,2015.8679877587408,15631.641260337781,0.5833657,48.6099,320.923,187.4554,134.54161435194965,275.44280685333655,12324.467194675408
2457342.80324836,2015.873520187159,15599.56668992094,0.5825275,48.6078,319.5931,188.648,134.25380495801983,273.31383262276336,12309.586691683551
2457343.69930623,2015.8759734599043,15584.216401772503,0.5821255,48.6067,319.0021,189.1808,134.1103367824844,272.37245443443703,12302.452962235153
2457344.5940986,2015.878423267899,15570.005653660208,0.581757,48.6065,318.4099,189.7111,133.9095746038065,271.4286235563767,12295.790468246658
2457346.60276623,2015.88392270015,15537.081640743252,0.5809004,48.6033,317.0764,190.9106,133.4484008028412,269.3148279460164,12280.341694877648
2457348.82747749,2015.8900136276252,15503.172096286487,0.5800008,48.5999,315.5924,192.2446,133.1835779026478,266.97209405496824,12264.573115600055
2457352.37256939,2015.899719560274,15453.589444198005,0.5786895,48.5942,313.2135,194.3816,132.62319552978443,263.2360583013319,12241.335492688562
2457353.03545161,2015.9015344328818,15444.701030099233,0.5784487,48.5923,312.7669,194.7821,132.59749734967045,262.536604162523,12237.22316097161
2457353.47706846,2015.9027435139221,15439.262023619765,0.578303,48.5925,312.47,195.0474,132.55417757438408,262.0697349880114,12234.684163960894
2457355.90135852,2015.9093808583714,15405.198045149222,0.5773959,48.5875,310.8304,196.5183,132.16355519204626,259.5115909863039,12218.674449640352
2457357.0005641,2015.912390319234,15387.719009856119,0.5769339,48.5868,310.0851,197.1882,131.88596939568924,258.3527850757584,12210.389387699835
2457357.43972084,2015.9135926648603,15380.919815045565,0.5767476,48.5868,309.7878,197.455,131.87492592559101,257.8894406503232,12207.240830979246
2457361.59742184,2015.9249758298147,15317.792496924812,0.5750604,48.5815,306.9484,200.0033,131.00031652623056,253.50040126669444,12177.355701249946
2457362.03362813,2015.9261700975492,15311.813667914059,0.5748834,48.581,306.649,200.273,131.1698663371526,253.04076488226792,12174.717801899302
2457362.68742033,2015.9279600830391,15301.92204722388,0.5746194,48.5808,306.2004,200.6745,131.00448160132237,252.34927010594515,12170.00383551064
2457364.64506331,2015.9333198174124,15272.324850565377,0.5738163,48.5777,304.8517,201.8847,130.6796124159,250.28126573148552,12156.01891399403
2457365.51335679,2015.9356970754002,15260.18216924893,0.5734863,48.5774,304.2534,202.4215,130.54045968038736,249.36395285590515,12150.271323653538
2457366.59727165,2015.9386646725534,15245.2538229962,0.5730811,48.5747,303.5028,203.0952,130.35069233433205,248.21871788080716,12143.186260685989
2457367.46325212,2015.941035597865,15232.874526572852,0.5727447,48.5739,302.9025,203.6329,130.19007571324164,247.30258476860604,12137.304805548267
2457369.62343906,2015.9469498673786,15200.032702787526,0.571845,48.5704,301.3996,204.9808,129.83370186199227,245.01844774367964,12121.739427553151
2457370.70092157,2015.9498998537165,15183.635296283685,0.571398,48.5696,300.6473,205.6569,129.60015525778,243.88025266206063,12113.9159916802
2457372.63578373,2015.9551972176046,15151.10314997124,0.5705085,48.5661,299.2932,206.8724,129.1337185358734,241.83460166234977,12098.374801584561
2457373.49370681,2015.9575460829838,15136.570582414142,0.5701175,48.5646,298.6886,207.4167,128.81050339464673,240.9287101258422,12091.336335937842
2457374.77837887,2015.9610633233947,15115.660014342544,0.5695171,48.5605,297.7813,208.2286,128.8968583882197,239.56710357794964,12081.625676606403
2457375.84692282,2015.9639888372894,15098.631624111327,0.569056,48.5611,297.0281,208.9038,128.52840662103154,238.43591857580162,12073.372714444984
2457376.70046791,2015.9663257163866,15085.375022438877,0.5686877,48.5596,296.4233,209.4483,128.37149729066277,237.53434210087698,12067.043376539985
2457378.61611832,2015.9715704813684,15046.90360156145,0.5675964,48.5575,295.0619,210.6694,128.1989861681359,235.5059267073862,12048.86989752811
2457378.82851662,2015.9721519962222,15043.293134702973,0.5675062,48.5548,294.9073,210.807,127.99471234160137,235.2795813599563,12047.018501456332
2457380.52507452,2015.9767969186041,15015.677385608313,0.5667279,48.5544,293.6983,211.8927,127.73777378502382,233.48410930252305,12033.84822277484
2457381.58309705,2015.9796936264202,14998.741058958429,0.566252,48.553,292.9387,212.5714,127.53763684110072,232.36039448873953,12025.730020770954
2457384.53600848,2015.9877782573033,14950.24968802643,0.5648669,48.5495,290.8179,214.474,127.21219252497394,229.23172737083752,12002.639054527894
2457384.95666494,2015.988929951923,14943.289703540644,0.5646947,48.5494,290.5071,214.7552,126.75690738667072,228.78751730771967,11999.009493303562
2457386.63645242,2015.9935289593982,14914.796311866592,0.5638793,48.5486,289.2902,215.8471,126.51510788867654,227.0068746166914,11985.373524054245
2457388.52041562,2015.9986869695276,14881.081366211423,0.5629014,48.5458,287.9187,217.0739,126.3635316571008,225.00529097007302,11969.316361428166
2457389.56400933,2016.0015441733874,14858.636157746836,0.5622537,48.5457,287.1565,217.7572,126.17670109989376,223.89779758051458,11958.546678464898
2457391.43711135,2016.0066724472274,14824.574215161041,0.5612703,48.5441,285.7832,218.992,125.8446980453391,221.9131189981672,11942.144031783555
2457391.64484707,2016.007241196632,14820.722294496529,0.5611571,48.5435,285.6297,219.129,125.83245181151142,221.69186921245148,11940.306509185093
2457397.43085503,2016.0230824230807,14717.8660804401,0.5581646,48.5386,281.3407,222.9766,124.73794679768343,215.54762769097977,11890.533152466644
2457398.4576101,2016.0258935252568,14698.689586617507,0.5575871,48.5377,280.5725,223.6634,124.75358621525265,214.45423090755628,11881.390239518818
2457400.50487221,2016.0314986234357,14658.018200675282,0.5563774,48.5369,279.0326,225.043,124.49184503088964,212.27609556317918,11861.749005690383
2457403.55930587,2016.0398612070362,14594.282565485439,0.5544876,48.5348,276.7189,227.1248,123.79755202757497,209.033665466966,11830.67818733337
2457404.57314786,2016.0426369551262,14574.431030945683,0.5538803,48.5335,275.9461,227.8173,123.80449919617877,207.9540961545237,11821.146179681025
2457405.58494173,2016.0454070957699,14554.540695029067,0.5532791,48.5321,275.1728,228.5109,123.68121837001036,206.87714552288838,11811.489253914273
2457408.60773767,2016.0536830600142,14491.27964921926,0.5513485,48.5302,272.8492,230.5926,123.39805154169426,203.65589839488752,11780.79092023192
2457409.61075126,2016.0564291615608,14468.350478165086,0.5506441,48.5302,272.0734,231.2863,123.30235063130294,202.58520183812198,11769.644670256082
2457410.61143979,2016.0591688974405,14446.024572701519,0.5499562,48.5303,271.2972,231.9818,123.20749359196725,201.51819692145136,11758.777773653692
2457411.60983637,2016.061902358303,14424.042683636555,0.5492888,48.5308,270.5203,232.6796,122.9412867930514,200.45505101087332,11747.939535941196
2457414.39328244,2016.0695230183162,14363.841098440049,0.5474277,48.532,268.3407,234.6351,122.54030275553941,197.4875134061357,11718.435693929541
2457415.97620957,2016.0738568366055,14331.661011652295,0.5462245,48.5302,267.1039,235.7361,125.22034139302559,195.7915388219916,11704.731031316032
2457416.56836486,2016.075478069432,14317.532259690579,0.5459479,48.5314,266.6258,236.1666,122.76928933025192,195.16029500449417,11696.068651930154
2457417.55351933,2016.078175275373,14296.434121558093,0.5452755,48.5308,265.8449,236.8653,122.80255770844269,194.10710086572135,11685.807840490199
2457419.71339246,2016.0840886857216,14251.591685661006,0.5438481,48.53,264.1219,238.4102,122.75432543847091,191.80017314025065,11663.874324867033
2457420.4962533,2016.0862320418892,14234.766804277333,0.5433151,48.5297,263.4962,238.9717,122.66675453471271,190.96436491992552,11655.581155621845
2457421.47300853,2016.088906251965,14215.668598661183,0.5427116,48.5285,262.7129,239.676,122.52404841201496,189.92264929260188,11646.127385738586
2457422.64243929,2016.0921079788911,14191.511964739606,0.5419283,48.5273,261.7706,240.5216,122.59371125861071,188.6733275992284,11634.336088590493
2457423.42044798,2016.0942380505955,14176.29470610871,0.5414484,48.5277,261.1437,241.0855,122.42631955767774,187.84350178557384,11626.748504099436
2457424.97263628,2016.0984877105548,14145.14704890058,0.5404508,48.5283,259.8865,242.2162,122.25471020462282,186.1871242002968,11611.321885485642
2457426.32658859,2016.1021946299525,14116.983135441546,0.539555,48.5287,258.7846,243.2091,121.95799979838193,184.74363321708734,11597.250059441334
2457428.44578153,2016.1079966640107,14070.522185263853,0.5380322,48.5273,257.0494,244.7639,121.99187877753502,182.474500956175,11574.364328881753
2457429.59737299,2016.1111495495963,14046.089427388923,0.5372307,48.5272,256.1007,245.6161,121.96267205017284,181.2429621452801,11562.272336775159
2457431.31905248,2016.1158632511435,14008.27100300538,0.5359895,48.5273,254.6785,246.8961,121.84853224002745,179.4038295883421,11543.474993529115
2457432.46304038,2016.118995319315,13983.869609817773,0.535181,48.5272,253.7273,247.7482,121.8319881658872,178.17718504659706,11531.36637622543
2457433.98371413,2016.1231586971383,13952.037551565449,0.5341284,48.5262,252.4605,248.8878,121.72175740787861,176.5511690302004,11515.483490642575
2457434.55263682,2016.1247163225732,13940.348241565676,0.5337376,48.5263,251.9848,249.3157,121.72392794819098,175.9426238736184,11509.674144051436
2457435.12084837,2016.1262720010125,13927.702348832272,0.5333079,48.527,251.5093,249.7448,121.81235735146583,175.33617963553104,11503.445702459172
2457435.310068,2016.1267900561263,13923.151102301239,0.5331719,48.5266,251.3498,249.8891,121.58187510019252,175.13447979455458,11501.0185130225
2457437.94999596,2016.1340177849695,13863.66115957727,0.5311742,48.5256,249.1242,251.8884,121.50573406774038,172.30619741098144,11471.305688721055
2457440.57371783,2016.1412011439556,13810.47446559617,0.529346,48.526,246.894,253.8917,121.81874913069987,169.49328817599564,11444.923342084954
2457442.99722159,2016.1478363356332,13764.975092785833,0.5277953,48.5246,244.8172,255.7593,121.74963419640699,166.89541917205486,11422.055676766859
2457444.85332785,2016.1529180776176,13730.27544535602,0.526604,48.5252,243.2181,257.1987,121.72117472975879,164.90629205761343,11404.593491334814
2457446.33325906,2016.1569699084464,13703.170062365949,0.5256674,48.5239,241.936,258.3509,121.72398392420291,163.31773295929634,11390.94653605454
2457447.99312431,2016.1615143718273,13675.001688885995,0.5246695,48.5243,240.4938,259.6464,122.00909027902435,161.53502614216654,11376.936352550547
2457449.28066796,2016.1650394742237,13653.188828056811,0.523916,48.5235,239.3697,260.6573,121.92845001659771,160.15278927949657,11365.863817238767
2457449.28066796,2016.1650394742237,13653.188828056811,0.523916,48.5235,239.3697,260.6573,121.92845001659771,160.15278927949657,11365.863817238767
2457450.93151268,2016.1695592407389,13624.926058139263,0.5229045,48.5233,237.9239,261.957,122.25461017098041,158.3795733339747,11351.792243014435
2457452.94217439,2016.1750641324845,13590.047373644979,0.5216796,48.5231,236.1547,263.5474,122.26059578081549,156.2190123055857,11334.122376910213
2457454.94515726,2016.1805480007124,13555.369826766291,0.5204151,48.5139,234.3397,265.1679,122.81438283272837,154.05031974357104,11316.89235522793
2457455.30853097,2016.1815428637099,13547.10247301937,0.5201652,48.5221,234.056,265.4349,122.2349057207548,153.67546906446591,11312.294888992352
2457455.30853097,2016.1815428637099,13547.10247301937,0.5201652,48.5221,234.056,265.4349,122.2349057207548,153.67546906446591,11312.294888992352
2457456.93990963,2016.186009335058,13516.80000097728,0.5190485,48.5215,232.6031,266.7417,122.78893567002433,151.92143937906633,11297.249010466077
2457458.02462191,2016.1889791154276,13498.379702864153,0.5182903,48.5218,231.6304,267.6111,124.16413715278031,150.74901844604568,11288.792081389209
2457458.20518347,2016.1894734660375,13494.88213499903,0.5182638,48.521,231.4719,267.7584,122.83693916231914,150.55985222654073,11286.109249631703
2457458.5661208,2016.1904616585903,13488.81765024065,0.5180401,48.5211,231.1491,268.0486,122.93290582821828,150.1715029075025,11283.080414294478
2457459.28723463,2016.192435960657,13475.553931104749,0.5175609,48.5205,230.5006,268.6323,122.99781052363687,149.39595416347981,11276.35394297474
2457460.00729978,2016.1944073915945,13463.141705466673,0.5171012,48.5206,229.8526,269.2134,123.1986737998086,148.619339025957,11270.14909780849
2457461.44448039,2016.1983421776586,13439.234463403389,0.5162324,48.5196,228.5564,270.3793,123.32990219794465,147.07251604288558,11258.01188692941
2457461.98249758,2016.1998151884459,13431.264646426287,0.5159379,48.5192,228.0704,270.8166,123.42987040486696,146.49353215945786,11253.999759701579
2457462.3408951,2016.2007964273787,13425.491914858472,0.5157414,48.5191,227.7419,271.1111,123.27361900068263,146.10628614370665,11250.938559930439
2457463.05701927,2016.2027570685011,13413.920389480245,0.5153096,48.519,227.0976,271.6917,123.46213914533473,145.33675533960616,11245.136948975585
2457463.2358951,2016.203246803833,13410.771423620727,0.5152061,48.5188,226.934,271.8394,123.32388046564392,145.14455062007437,11243.43002417958
2457464.12938573,2016.205693047857,13395.682092278936,0.5146402,48.5184,226.1227,272.5691,123.58928117208598,144.18230277146398,11235.870053915402
2457464.30789877,2016.206181789925,13392.624756731077,0.5145366,48.5184,225.9563,272.7174,123.49284932684077,143.98825562702012,11234.23662171266
2457465.02135076,2016.208135115017,13380.027457233942,0.5140626,48.518,225.3103,273.2995,123.71945449687246,143.22115859382745,11227.921828768212
2457465.91179969,2016.2105730313217,13365.545022559878,0.5135365,48.5178,224.4969,274.0317,123.71351108205727,142.26230872421854,11220.477401886656
2457466.97845291,2016.2134933686796,13348.486501598622,0.5128904,48.5172,223.5205,274.9092,124.03962039910402,141.11208727536393,11211.923237923846
2457468.04306454,2016.2164081164676,13331.819980236665,0.5122743,48.5169,222.5433,275.7876,124.13493213491438,139.96397807166892,11203.407519588969
2457468.92874926,2016.218832989076,13318.212747038351,0.5117712,48.5163,221.7286,276.5211,124.19872763123749,139.00982393262223,11196.439205585633
2457469.45950836,2016.2202861282954,13310.072784832057,0.5114689,48.516,221.2396,276.9611,124.24819865406789,138.43769381365348,11192.275488062163
2457471.04894594,2016.2246377712254,13286.520816867012,0.5105806,48.5152,219.7716,278.2814,124.54474627856234,136.7234023588345,11180.318531729132
2457471.93017593,2016.2270504474463,13274.124417361583,0.5101161,48.5149,218.9557,279.0147,124.64353866232068,135.7722389192976,11173.979916872853
2457472.45833574,2016.2284964701985,13267.033875145597,0.509854,48.5145,218.4656,279.4551,124.64728576711332,135.20197072851659,11170.317171334262
2457472.98607155,2016.229941332101,13259.87403099189,0.509583,48.5141,217.9754,279.896,124.73134265694989,134.63252044370802,11166.670239735935
2457474.391377,2016.233788848734,13242.19436457281,0.5089111,48.5134,216.6672,281.0732,124.95836408426021,133.11641445571638,11157.670747265796
2457475.09299129,2016.2357097639704,13233.232438050816,0.5085858,48.5135,216.0076,281.6647,124.8620319587917,132.3567849706958,11152.965292268576
2457475.44352152,2016.2366694634363,13228.60044927748,0.5084024,48.5126,215.6858,281.9556,125.01193222372967,131.98039316291806,11150.664234888627
2457475.96898299,2016.238108098535,13221.678721864195,0.5081365,48.5126,215.1946,282.3969,125.12487201164913,131.41258452740885,11147.150988841302
2457477.01865742,2016.2409819504992,13207.751206271349,0.5076095,48.5123,214.2121,283.2812,125.23492033155162,130.27979782029058,11139.999793369641
2457478.93877798,2016.246238954086,13182.873298958064,0.5066539,48.5113,212.4086,284.9028,125.58282883509492,128.2053765290234,11127.310119611982
2457480.85361638,2016.2514814959072,13159.226590955805,0.5057465,48.5104,210.6039,286.5261,125.85749987297459,126.13666147338051,11115.19286513996
2457482.06951079,2016.2548104333746,13144.066119866915,0.5051612,48.5097,209.4536,287.5607,126.05760587560053,124.82254398516324,11107.430326911253
2457482.93663604,2016.2571844929225,13132.287759634315,0.5047132,48.5104,208.6291,288.3004,126.11248114844966,123.88308254785699,11101.328476051043
2457483.97570163,2016.2600292994664,13118.89235247219,0.504193,48.5091,207.6443,289.1875,126.30236060217885,122.76125219208376,11094.466815650967
2457485.87657347,2016.2652336029294,13094.838727398757,0.5032437,48.5081,205.8332,290.8163,126.80733531931583,120.70540294542434,11082.237540821816
2457487.77236371,2016.270423993731,13072.00138247325,0.5023448,48.5076,204.0203,292.4461,127.21316239500175,118.6537622568701,11070.560449516614
2457488.46054005,2016.272308117865,13064.27884984694,0.5020432,48.508,203.3587,293.0407,127.31019037746228,117.90847756861581,11066.581673612385
2457488.97628002,2016.2737201369475,13058.616950537755,0.5018151,48.5066,202.8655,293.4846,127.46947964195715,117.35085069889044,11063.720557885299
2457491.03586277,2016.2793589672003,13035.305582047733,0.5008977,48.5064,200.8842,295.266,127.81469720286168,115.12097180787077,11051.727475065518
2457492.06350164,2016.2821724890903,13022.065320382384,0.5003774,48.5072,199.891,296.1603,127.98183273927953,114.00920392750129,11044.888828201843
2457493.08947031,2016.2849814382207,13008.2350196558,0.4998344,48.5061,198.9007,297.0519,128.1353735471548,112.8992822405229,11037.72555311006
2457493.08949413,2016.2849815034363,13010.896387091023,0.499083,48.5058,198.8849,297.1626,139.24288553247425,112.99415876293222,11046.294521650714
2457494.96650937,2016.2901204910886,12985.649372612943,0.4989371,48.5053,197.0808,298.6894,128.49083302462168,110.86682320808274,11026.081296893413
2457496.83887344,2016.295246744531,12964.082312254512,0.4980891,48.5045,195.2584,300.3271,128.67792101774194,108.83667196885364,11014.847947298047
2457497.85814972,2016.2980373708963,12952.44217774118,0.497617,48.5044,194.2635,301.2221,128.95045858014782,107.73214647731584,11008.888892678824
2457498.70655924,2016.3003601895684,12943.574223301737,0.4972645,48.5047,193.4338,301.969,129.05795893871073,106.81313175534808,11004.281546313961
2457499.04568031,2016.3012886524575,12940.07603258924,0.4971296,48.5051,193.1008,302.2676,129.04491053856327,106.44448511529089,11002.427746261583
2457499.89285257,2016.303608083696,12930.882803121673,0.4967614,48.5041,192.2723,303.0143,129.1830586070255,105.52768986947342,10997.664652284533
2457500.90828726,2016.306388192362,12920.112175370854,0.4963224,48.5038,191.2761,303.9108,129.43479222157112,104.42715074968453,10992.138155970364
2457501.92250123,2016.3091649588778,12909.815292959045,0.495905,48.5036,190.2794,304.8074,129.6370401041895,103.32741480396265,10986.826320888142
2457502.93549906,2016.3119383957837,12899.540715759083,0.4954894,48.5035,189.2822,305.7039,129.81872623204345,102.22827751789634,10981.509428753148
2457503.94727182,2016.3147084786315,12889.13763854587,0.4950758,48.5039,188.2836,306.6009,129.9012108326633,101.12944769265766,10976.057524837319
2457505.6308009,2016.319317730048,12871.4004676885,0.49435,48.5039,186.62,308.0986,130.28734648668888,99.30421718270264,10966.91007523829
2457506.63924005,2016.322078685969,12860.662788537167,0.4939113,48.504,185.6205,308.9981,130.49981178915004,98.21027305111534,10961.353432444695
2457507.98178711,2016.3257543794941,12845.640654260817,0.4933039,48.5043,184.2868,310.1987,130.69972151540333,96.753923382131,10953.51094374868
2457508.8197226,2016.3280485218338,12836.665371731586,0.4929282,48.504,183.4531,310.9501,130.97471604160546,95.84573213981213,10948.920300516396
2457509.99134093,2016.3312562380017,12823.775032245907,0.4924024,48.5043,182.2848,312.0026,131.1811293079445,94.57515431940078,10942.202482792507
2457510.99413023,2016.334001725476,12811.917856874308,0.4919141,48.5043,181.2832,312.9058,131.41851503605358,93.48837882870487,10936.048035603015
2457511.99551121,2016.3367433571802,12799.8717511491,0.491415,48.5042,180.2811,313.8088,131.68647455816517,92.4022914151384,10929.807326198605
2457512.99550293,2016.3394811852982,12788.455200395112,0.4909368,48.5041,179.2784,314.7123,131.99562736977623,91.31747329268069,10923.922796373323
2457513.66145111,2016.3413044520469,12781.31543058267,0.490635,48.504,178.6095,315.3145,132.21843429874298,90.59439726309574,10920.258840729977
2457513.9942107,2016.342215498152,12777.575920588204,0.4904763,48.5037,178.275,315.6167,132.34146008900825,90.23412066525987,10918.34304668684
2457515.65591753,2016.3467650035043,12759.591595747253,0.4897265,48.5035,176.6017,317.1226,132.74516213253628,88.4288987384499,10909.003792526022
2457516.65121504,2016.349489979576,12748.375007150173,0.4892578,48.5036,175.5968,318.0279,132.9967975768941,87.34830735264916,10903.17298263805
2457517.97613513,2016.3531174130871,12731.827788478018,0.4885688,48.5037,174.2562,319.2372,133.31766405465896,85.91113128866675,10894.531143953478
2457519.13327878,2016.3562854997404,12717.415015708535,0.4879669,48.5034,173.0823,320.2949,133.60113447978983,84.65442009348601,10886.99848212777
2457520.78309615,2016.3608024535251,12698.24269181993,0.4871666,48.5031,171.4043,321.8068,133.94667367116745,82.86221673097725,10876.9469192406
2457522.59382093,2016.3657599477892,12679.007477656749,0.4863524,48.5027,169.5553,323.4739,134.40546128044207,80.89561879590025,10866.919014860965
2457523.90805835,2016.3693581337438,12664.15506480506,0.4857304,48.5023,168.2105,324.6876,134.653659515272,79.46917185218138,10859.100566771931
2457524.72828702,2016.3716037974543,12654.910262441163,0.4853414,48.5026,167.3684,325.447,134.82209879360107,78.57803291640317,10854.238677464939
2457525.87508528,2016.374743559972,12641.902964677454,0.4847942,48.503,166.1895,326.5101,135.04543043901867,77.33191841004293,10847.384318383836
2457528.00041996,2016.3805624091988,12619.694858528013,0.4838501,48.5028,163.9982,328.4855,135.51793925974835,75.02123268840319,10835.72381245367
2457528.65325219,2016.382349766434,12613.058108339514,0.4835612,48.5037,163.3224,329.0943,135.73629380112834,74.31078408379949,10832.28339707446
2457529.63155165,2016.3850282043802,12603.566458268058,0.4831483,48.5034,162.31,330.0071,136.03845001882564,73.24694642310965,10827.353807543726
2457529.95740527,2016.3859203429708,12600.244003249452,0.4830099,48.5027,161.9735,330.3111,136.06510726433498,72.89327653051993,10825.578499314972
2457530.93420675,2016.3885946796709,12590.299786550444,0.4825814,48.5032,160.9601,331.2257,136.31898913723035,71.83171531849422,10820.37018601899
2457531.74731583,2016.3908208510063,12582.142063452262,0.4822231,48.5033,160.115,331.9876,136.6062129739148,70.94709363769817,10816.143503063655
2457532.88437025,2016.3939339363453,12571.083236751883,0.4817477,48.503,158.9321,333.0543,136.85650093810818,69.71018291565201,10810.32378650039
2457533.69563649,2016.3961550622585,12563.194443001212,0.4814088,48.5026,158.0866,333.8171,137.0257820293291,68.82787758696315,10806.163795334242
2457534.66815307,2016.3988176675425,12553.819919647469,0.4810003,48.5021,157.071,334.7346,137.29247215105988,67.77123968468493,10801.257632032419
2457535.63961034,2016.4014773725937,12544.769141941404,0.4806064,48.5021,156.0549,335.6523,137.53650580185695,66.71534586623079,10796.509432200284
2457536.61001167,2016.4041341866387,12535.679887283999,0.4802134,48.5019,155.0383,336.569,137.7421272997326,65.65899281004693,10791.713666911983
2457537.74073486,2016.4072299380146,12524.100324492716,0.4797084,48.5015,153.8517,337.6403,138.04789639083356,64.42922231474114,10785.62629257093
2457538.70868678,2016.4098800459417,12514.335546821447,0.4792821,48.5013,152.8348,338.5582,138.30222583621435,63.37618346100953,10780.486801660267
2457539.03108675,2016.4107627289525,12511.069517434944,0.4791428,48.5004,152.4965,338.8634,138.34433785651618,63.02531757713734,10778.74067575876
2457540.48030592,2016.4147304747978,12496.300515612222,0.4784924,48.5003,150.9685,340.2434,138.77939077569317,61.4489290727995,10770.989360246173
2457541.2843265,2016.4169317631754,12488.094524357179,0.4781372,48.4991,150.1199,341.0108,138.93567514570623,60.575265256877515,10766.626703558863
2457542.7296372,2016.4208888082135,12474.262052736745,0.4775256,48.4992,148.5896,342.392,139.3462814463992,59.00162904310844,10759.356783463505
2457543.05049268,2016.4217672626426,12471.153620557141,0.4773909,48.4984,148.2497,342.699,139.40206960110845,58.652485448707125,10757.699820165306
2457543.85209882,2016.4239619406428,12463.301264311178,0.4770453,48.4981,147.3994,343.4666,139.60567368747252,57.7797013685759,10753.550642838763
2457544.65295959,2016.4261545779325,12455.60676518573,0.4767066,48.4986,146.5485,344.2344,139.80051321704286,56.90725194429962,10749.479722853208
2457545.77291174,2016.4292208398083,12444.245782343964,0.4762135,48.4976,145.3568,345.3114,139.99164347370515,55.68869766899286,10743.406129155772
2457546.89119446,2016.4322825310335,12431.554991515508,0.4756645,48.4957,144.1639,346.3894,140.1693022537802,54.47158882794383,10736.594145517003
2457548.00780885,2016.4353396546205,12419.31736128398,0.4751292,48.4947,142.9718,347.4665,140.40073887101153,53.256024336610835,10730.056160189202
2457548.96365403,2016.437956616099,12409.678784693591,0.474706,48.4938,141.9486,348.3887,140.5935075268344,52.2129182044053,10724.909071387463
2457549.44116144,2016.4392639601374,12405.00107701504,0.4744955,48.4948,141.4356,348.8512,140.7475884762507,51.69177435050199,10722.446469925158
2457549.7593516,2016.440135117317,12401.84601956376,0.4743579,48.4942,141.094,349.1602,140.79608560013548,51.345557765952094,10720.751462509277
2457550.39536642,2016.4418764309926,12395.585491668247,0.4740877,48.4927,140.4108,349.7773,140.85457576987847,50.65258484267332,10717.364173547387
2457550.87204878,2016.4431815161665,12390.54092878828,0.4738641,48.4935,139.8984,350.24,140.97210305485714,50.133054180018235,10714.67625438618
2457551.82449863,2016.445789181739,12379.923283787264,0.473401,48.4918,138.8731,351.1657,141.11892131909008,49.094694574000414,10708.954929762886
2457552.77573678,2016.448393529856,12369.343487094027,0.4729377,48.4922,137.8476,352.0906,141.27832779779783,48.05652925183807,10703.257693692212
2457553.25090341,2016.449694465188,12364.253765021238,0.4727188,48.4907,137.3353,352.5518,141.30226232491623,47.537092532331485,10700.483604165953
2457554.35849385,2016.4527268825466,12352.524584356572,0.4722042,48.49,136.1359,353.635,141.47429502014438,46.32922228326834,10694.157450643208
2457554.83267205,2016.4540251117048,12346.912667339833,0.4719547,48.4904,135.6222,354.0999,141.59290349926323,45.81305978622822,10691.150626383505
2457555.6222567,2016.4561868766598,12337.849261389212,0.4715522,48.4899,134.7662,354.8729,141.7729989127547,44.95182440251449,10686.285063402165
2457555.93785491,2016.4570509374669,12334.341237398856,0.4714012,48.4888,134.4233,355.182,141.7816768795492,44.606962511897905,10684.364360830115
2457556.41100685,2016.4583463568795,12329.188060798924,0.4711733,48.4897,133.9096,355.6452,141.8675358716937,44.09011152342657,10681.585942124764
2457556.72628417,2016.4592095391376,12326.060215290256,0.4710353,48.4893,133.5665,355.9548,141.91444396294446,43.745865910415546,10679.895897793142
2457557.98605942,2016.462658615797,12311.959217312486,0.4704192,48.4873,132.1934,357.1949,142.0409118717198,42.371198313122875,10672.221324506938
2457558.61511255,2016.4643808694047,12304.448463672641,0.4700849,48.4871,131.5072,357.8145,142.17673807193387,41.68458701428386,10668.17145415667
2457559.40065552,2016.4665315688437,12295.552968059283,0.4696952,48.4857,130.6492,358.5889,142.25445761608444,40.82673521628067,10663.32243633064
2457559.87156138,2016.467820838823,12290.110824273701,0.4694641,48.4851,130.1328,359.0541,142.2087072557906,40.31139802371797,10660.298722970254
2457561.75218141,2016.4729696958518,12269.047620614243,0.4685307,48.484,128.0689,0.9169,142.4858505945158,38.256709493363445,10648.856476521796
2457562.69061168,2016.4755389779057,12257.92152337384,0.4680371,48.4832,127.0357,1.8487,142.62318154636523,37.230367953966464,10642.800188858864
2457563.93990206,2016.4789593485564,12243.180593054574,0.4675083,48.4862,125.6538,3.0691,141.25574740263892,35.83753451972123,10633.849006122666
2457564.40777009,2016.4802403014094,12237.008332823534,0.467235,48.4866,125.1377,3.5362,141.3134444367288,35.3273914925951,10630.473442786018
2457565.03109384,2016.4819468688297,12229.566364870288,0.4669031,48.485,124.4485,4.1586,141.40761745661894,34.64622722133373,10626.416160184159
2457566.43152165,2016.4857810312112,12213.443533848698,0.4661676,48.4836,122.8946,5.5624,141.79557393893174,33.11582876392151,10617.727724544027
2457567.36358278,2016.4883328755102,12202.454099111119,0.4656709,48.4847,121.8587,6.4967,141.99001656935525,32.09556481631043,10611.758299088257
2457567.82913238,2016.4896074808487,12196.694321407387,0.465419,48.4826,121.3398,6.9659,141.98474703228203,31.587006894491537,10608.564417959506
2457567.98424654,2016.4900321602734,12194.97867355377,0.4653422,48.4826,121.1673,7.1207,142.00416864917588,31.416422301552757,10607.625225509295
2457569.22395886,2016.4934263076254,12181.087649832021,0.4647245,48.4826,119.784,8.3669,142.10148230766026,30.057429254882123,10599.981407047915
2457569.37877573,2016.4938501731137,12179.369577283995,0.4646461,48.4821,119.6098,8.5237,142.13670274033848,29.887437679050066,10599.049159567843
2457569.84302718,2016.4951212243122,12174.2815048067,0.4644222,48.4829,119.0909,8.9901,142.13860492506228,29.377359247578966,10596.227303544907
2457570.92516419,2016.4980839539771,12162.266089680272,0.4639055,48.4838,117.8799,10.0809,141.9876582140996,28.19057656825879,10589.468299325994
2457572.31872946,2016.5018993277474,12146.560049423417,0.4631968,48.481,116.3183,11.4773,142.1760035226489,26.651842010901035,10580.851957683633
2457572.7764007,2016.5031523633133,12140.909394366907,0.4629841,48.4867,115.8003,11.9583,141.72508523439956,26.163749207183955,10577.445342704343
2457574.00786882,2016.506523939274,12126.68030336169,0.4623637,48.4881,114.4136,13.2127,141.60722958225597,24.817681861319315,10569.459405581549
2457574.46910192,2016.5077867266798,12121.274477255627,0.4621192,48.4895,113.8937,13.6835,141.66451284583763,24.313978395276806,10566.483270604616
2457574.77642333,2016.5086281268445,12117.799942139978,0.4619668,48.4884,113.5466,13.9984,141.6423798293872,23.978874335980365,10564.53529850433
2457576.00438644,2016.5119901066116,12103.959745985074,0.4613457,48.4888,112.157,15.2567,141.71366420176673,22.637261619792227,10556.864680755514
2457576.77078531,2016.514088392361,12095.223246489633,0.4609496,48.4882,111.2883,16.0433,141.7986291095358,21.799778750054912,10552.042239436763
2457576.92398458,2016.5145078291039,12093.502052192029,0.4609593,48.4865,111.1138,16.1988,140.75351166502696,21.62978152258782,10550.472186050303
2457577.99531147,2016.5174409622718,12080.586268181582,0.4602849,48.4874,109.8965,17.3026,141.9385257902486,20.460353582156316,10543.954735656454
2457578.14820968,2016.5178595747566,12078.56092831283,0.460194,48.4874,109.7234,17.4594,141.94336046883564,20.293353087601147,10542.826542033255
2457578.45389532,2016.5186964964275,12074.614435214151,0.4600046,48.4878,109.3749,17.7738,142.09995178923964,19.957961286060964,10540.713415427257
2457579.67512105,2016.5220400302528,12058.758877777289,0.4592853,48.4862,107.9808,19.0337,142.21188896968306,18.62008910896543,10531.916379091599
2457580.28485049,2016.52370937848,12051.22763276031,0.4589435,48.486,107.2838,19.6614,142.2587436845797,17.949823747206096,10527.73079634721
2457580.43719646,2016.5241264790145,12049.442948772972,0.4588615,48.4858,107.1094,19.8192,142.28118313458253,17.78306755474003,10526.74519396813
2457580.74178076,2016.5249603853806,12045.71799012354,0.4586908,48.4851,106.7599,20.1349,142.32166865938052,17.44906126301518,10524.68397432024
2457581.65469905,2016.5274598194385,12034.497007581132,0.4581801,48.4846,105.7127,21.0795,142.39366519790838,16.44666500216239,10518.442562294576
2457582.26259466,2016.5291241469126,12027.023230315564,0.4578407,48.4853,105.0151,21.7079,142.42619563162498,15.778307111478213,10514.273812737067
2457582.7181262,2016.5303713242988,12021.010514653231,0.4575696,48.4852,104.4906,22.1816,142.42524186755782,15.278523252429324,10510.902770241803
2457583.32498699,2016.5320328185903,12013.206782600326,0.4572182,48.4853,103.7918,22.8124,142.4137012320134,14.612385307523482,10506.519592289356
2457583.7797455,2016.5332778795348,12007.423545498725,0.4569582,48.4855,103.2676,23.2847,142.39659551000932,14.11226336748831,10503.264856667083
2457584.38559243,2016.5349365980285,11999.971494565238,0.4566253,48.4861,102.5685,23.9151,142.34461086793726,13.446424709750744,10499.051803619686
2457584.83960086,2016.5361796053667,11994.186600345516,0.4563669,48.4866,102.0439,24.3889,142.30054352429397,12.948142068033519,10495.777724030468
2457585.44443347,2016.537835546803,11986.541313247031,0.4560295,48.4871,101.3446,25.0198,142.188571437644,12.283603150924662,10491.417866102975
2457585.59554985,2016.5382492809028,11984.585679696886,0.4559427,48.4871,101.1696,25.1779,142.16502651455176,12.1177588749471,10490.305227608058
2457586.35060525,2016.5403165099244,11975.05957315803,0.4555177,48.4878,100.2947,25.9668,142.07167903010213,11.287556427232118,10484.89571906204
2457587.70749453,2016.5440314703078,11958.819456173525,0.4547992,48.4875,98.718,27.3932,141.82163456137005,9.799870689220086,10475.613674633047
2457588.61056431,2016.5465039406163,11948.210718327602,0.4543218,48.4891,97.668,28.3436,141.74181799771304,8.810181378132441,10469.592971057655
2457588.76095922,2016.546915699439,11946.495333718945,0.4542445,48.4892,97.4924,28.5019,141.72923410145086,8.64464820193615,10468.619240137929
2457590.41312429,2016.5514390808758,11926.984863776437,0.4533504,48.4882,95.5602,30.253,141.74520498944457,6.835130884768148,10457.627416408259
2457591.91154005,2016.5555415196443,11909.624629048012,0.4525372,48.486,93.8012,31.8428,141.94014636758584,5.1890529280733375,10447.937720871312
2457593.10792874,2016.5588170533604,11894.696455002695,0.4518305,48.4845,92.3931,33.1189,142.17350839059964,3.877860790281659,10439.633202908462
2457593.70533442,2016.5604526609716,11888.72998573032,0.4515397,48.483,91.6892,33.7575,142.36011459264773,3.223742050250195,10436.36461727821
2457594.60050575,2016.5629035065028,11878.90575777995,0.4510701,48.4827,90.632,34.7119,142.55024972757292,2.2386376589794708,10430.912719921289
2457595.79224549,2016.5661663120877,11864.692227007285,0.4504086,48.4862,89.2191,35.9817,142.59651161005058,0.9209276484492932,10422.888066767833
2457596.53602226,2016.5682026619024,11856.514405285254,0.450047,48.483,88.3367,36.771,142.38936672984164,0.09474171513417673,10418.134951685952
2457597.87292219,2016.5718628944285,11842.215925724107,0.4493967,48.4858,86.7482,38.2046,142.22686801624877,358.62215800574995,10409.931634289338
2457598.76285825,2016.5742994065713,11832.587429745257,0.448959,48.4861,85.6888,39.1623,142.1045098742561,357.6433136343213,10404.395938368207
2457599.35550825,2016.5759219938404,11825.513151415375,0.4486476,48.4867,84.9821,39.8008,141.88875726443075,356.9909822174776,10400.255466018563
2457600.24351955,2016.578353236277,11815.597912980991,0.4481982,48.4857,83.9204,40.7593,141.7318964591541,356.0125349402655,10394.531332325254
2457601.1304351,2016.5807814787127,11805.924338540422,0.447761,48.486,82.8583,41.7201,141.55555079122314,355.03706766341713,10388.930062446685
2457602.16384123,2016.5836107904993,11795.262445069868,0.4472652,48.4864,81.6195,42.8415,141.51572852320533,353.90111542025784,10382.839452198492
2457602.75375391,2016.5852258833945,11789.585946054955,0.4470033,48.4858,80.9103,43.4829,141.46582253476754,353.25188197798025,10379.578807432135
2457603.78504457,2016.5880494033402,11779.283509762567,0.4465132,48.4837,79.6678,44.6073,141.54163611125114,352.117314797548,10373.7512151249
2457604.81483805,2016.5908688242298,11767.029159013417,0.4459275,48.4826,78.4238,45.7298,141.6509637074605,350.9808232772733,10366.824620542695
2457605.10878866,2016.5916736171384,11764.60889091889,0.4459256,48.4795,78.0581,45.9988,140.33231247054846,350.59439783018064,10364.704876697931
2457607.30938465,2016.5976985206025,11739.546752908962,0.4445866,48.483,75.4025,48.4587,142.16527649212549,348.2297325830784,10351.418431836706
2457608.0414337,2016.5997027616697,11732.028239160703,0.4442215,48.4825,74.5125,49.2584,142.2727567183765,347.41790579887174,10347.179529690113
2457608.48033465,2016.600904406981,11727.602594143505,0.4440148,48.4822,73.9782,49.7418,142.23717382539598,346.9344134868568,10344.628149465652
2457609.79552263,2016.6045051954284,11713.914389099802,0.4433655,48.4819,72.375,51.1856,142.23257901937268,345.4787296457846,10336.79077817849
2457611.10838067,2016.6080996048465,11699.993025308648,0.4427169,48.4834,70.7713,52.6328,142.07208312238163,344.02824225525114,10328.725633187418
2457611.69110025,2016.6096950041067,11693.535645330927,0.4424136,48.4832,70.0585,53.2756,142.02014375174713,343.38389852156246,10324.99459458302
2457612.41884021,2016.611687447529,11685.766358871533,0.4420507,48.4842,69.1679,54.0799,141.92885989592014,342.5803188895742,10320.487412730525
2457613.43644437,2016.6144734958798,11674.677654115949,0.4415354,48.4842,67.9185,55.2078,141.75788623480094,341.45584148329283,10314.027964737003
2457614.0172826,2016.616063744285,11668.485228135278,0.4412443,48.4842,67.2039,55.8522,141.6963315863877,340.81315205744727,10310.437446542683
2457615.46735541,2016.6200338272693,11653.15584683867,0.4405268,48.4835,65.4169,57.469,141.49209172954033,339.21372218306146,10301.51401197595
2457615.75703144,2016.6208269170152,11650.181286854639,0.4403886,48.4829,65.0582,57.793,141.4379601905257,338.89350987452684,10299.77342406974
2457616.77002467,2016.6236003413273,11639.90359860238,0.4399093,48.4828,63.8048,58.9255,141.26545447372519,337.774177122147,10293.764769441112
2457618.07046149,2016.6271607432996,11626.614709441235,0.4392555,48.4825,62.1918,60.383,141.42395193827087,336.3369324121319,10286.199649963031
2457620.37668919,2016.633474850623,11602.250532435964,0.4380397,48.4816,59.3195,62.9758,141.8678898828739,333.78435377572555,10272.39413621881
2457621.38342437,2016.6362311413282,11592.047740572178,0.437532,48.4816,58.0619,64.1108,142.0196085441512,332.66948912188843,10266.586484810634
2457621.67082358,2016.6370179974815,11589.334520681916,0.4374021,48.4815,57.702,64.4331,141.99896373315187,332.3486209066582,10265.007909134683
2457622.38887628,2016.6389839186306,11582.453007479186,0.4370549,48.482,56.8035,65.2423,142.1488665406705,331.55158929299444,10261.113501516546
2457622.96285347,2016.6405553825323,11576.892531945126,0.4367819,48.4822,56.0843,65.889,142.179115746324,330.9133622884086,10257.915491939566
2457623.39305256,2016.6417332034491,11572.521438419322,0.4365698,48.4824,55.545,66.375,142.17176855288653,330.4360467582964,10255.383619493177
2457624.10950933,2016.6436947551808,11565.083858472919,0.4362056,48.4822,54.6456,67.1868,142.19321493742336,329.6422881349224,10251.09226826327
2457624.39589088,2016.6444788251333,11561.897643860848,0.4360493,48.4825,54.2859,67.5103,142.20396958367564,329.32382295203956,10249.254027842135
2457625.68309433,2016.6480029961126,11547.172913666649,0.4353425,48.4841,52.6675,68.9679,142.0614894987266,327.8943213994597,10240.64866241944
2457626.25443329,2016.649567236934,11541.29040518864,0.4350749,48.4843,51.9472,69.6185,141.82833628023218,327.26149470380176,10237.112533898424
2457626.39719829,2016.6499581062014,11539.810743235481,0.4349947,48.4843,51.7671,69.7807,141.91793092498483,327.10288176745934,10236.303504790078
2457626.68264531,2016.65073961755,11536.69251024955,0.4348517,48.4844,51.4068,70.1061,141.80585979026455,326.78663768195594,10234.434616690165
2457627.25320581,2016.6523017270642,11530.923785681154,0.4345833,48.4844,50.6856,70.7577,141.64057485134526,326.1546782568795,10230.999087049702
2457627.96580286,2016.654252711458,11523.793219653604,0.434234,48.4843,49.7838,71.5714,141.63409471054092,325.3642238751736,10226.858170489875
2457628.39304498,2016.6554224366319,11519.541510413335,0.4340359,48.4842,49.2421,72.0611,141.51064335372394,324.89112281254046,10224.323211012907
2457628.9623351,2016.6569810680353,11513.995918291022,0.4337594,48.4841,48.5201,72.7129,141.5556571706593,324.2598155072545,10221.127474896906
2457629.24682404,2016.657759956304,11511.169613882488,0.4336266,48.4841,48.1586,73.0401,141.4839721913122,323.94511573051943,10219.446991783649
2457629.53121008,2016.6585385628468,11508.370344386774,0.433483,48.4841,47.7975,73.3658,141.5511423909611,323.6294173751565,10217.857121734043
2457630.3837586,2016.6608727134835,11500.095530983772,0.4330692,48.484,46.713,74.346,141.6220594570541,322.6848231459187,10213.086233325386
2457631.09350483,2016.6628158927579,11493.086092101263,0.432718,48.484,45.8088,75.163,141.68456449938913,321.89807860718133,10209.043909786085
2457631.37720369,2016.6635926179051,11489.863649943562,0.4325532,48.4841,45.4469,75.4902,141.75006059679345,321.5837575541144,10207.204684128208
2457632.3692556,2016.6663087080083,11479.343112348204,0.432018,48.4845,44.1798,76.6331,141.92395963775743,320.4817651170125,10201.175240371358
2457633.92532935,2016.6705690057493,11461.28705177057,0.4310905,48.4851,42.1878,78.4299,142.29878597926836,318.7528579302491,10190.85671201629
2457635.90019084,2016.6759758818343,11436.999469378443,0.4298491,48.4866,39.6509,80.714,142.67924076564213,316.5535825396214,10176.887410842559
2457636.88533515,2016.6786730599595,11425.690036377435,0.4292784,48.4872,38.3808,81.8569,142.75179866538656,315.45539841461266,10170.317663718097
2457637.44764111,2016.6802125697743,11419.508338178008,0.4289664,48.4875,37.6545,82.5109,142.78665657980582,314.82887488126755,10166.721748075459
2457638.00951307,2016.6817508913618,11413.156799796827,0.4289687,48.485,36.9329,83.1834,139.13346449182154,314.22597910977345,10161.052969390075
2457638.29026978,2016.6825195613415,11410.838178014386,0.4285438,48.4875,36.5648,83.4912,142.65792402302577,313.88895791707046,10161.580600066827
2457638.85148562,2016.6840560865703,11405.087947262138,0.428255,48.4875,35.8381,84.1444,142.6657084073904,313.2623088347072,10158.218943748783
2457639.2721214,2016.6852077245726,11400.91482213723,0.4280479,48.4874,35.2926,84.6372,142.64087444251618,312.7950191538995,10155.762133129525
2457639.27212153,2016.6852077249282,11400.878544160689,0.4280469,48.4875,35.2926,84.6385,142.63152605619234,312.7963190258472,10155.7358999021
2457641.09201027,2016.690190308747,11381.437665003526,0.4270933,48.4876,32.9262,86.7701,142.36559391287574,310.76778885104926,10144.201072718315
2457642.34932642,2016.6936326527587,11369.257627306426,0.4264864,48.4873,31.2871,88.2487,142.2875711639672,309.36804500687356,10137.013519231816
2457643.32584164,2016.6963062057225,11359.898043280598,0.4260151,48.4872,30.0107,89.4014,142.27364238260998,308.2818659399204,10131.510531747863
2457643.88328222,2016.6978323948529,11354.244344715076,0.4257319,48.4874,29.2809,90.0614,142.2440267752727,307.6626378529861,10128.173374548598
2457645.27502395,2016.7016427760432,11339.901865690805,0.4250074,48.4833,27.453,91.7137,142.2233574984075,306.11530062442876,10119.730319346261
2457647.91182434,2016.7088619420672,11311.371089955219,0.4235002,48.489,23.9786,94.8494,142.86687108496608,303.1777008558515,10103.269375977168
2457649.29580777,2016.7126510821902,11298.397590357716,0.4228157,48.4895,22.1483,96.4896,143.12140431230455,301.6235104115115,10095.75163775174
2457650.26318432,2016.7152996148398,11289.587470727403,0.4223487,48.4888,20.8702,97.6468,143.3085789293964,300.54913865772704,10090.649507720524
2457650.81544216,2016.7168116144005,11284.26584898958,0.4220745,48.4889,20.1371,98.3062,143.32868291022714,299.9311188158309,10087.51710872782
2457652.19425814,2016.720586606817,11269.646505970322,0.4213127,48.4904,18.3032,99.955,143.46500849439963,298.3870215458553,10078.947922061987
2457655.21859088,2016.7288667785895,11239.788808909543,0.4198095,48.4899,14.2597,103.5952,143.08238893563248,295.0028597077823,10061.072078005014
2457655.21862593,2016.728866874552,11239.398337914181,0.4202994,48.4986,14.2503,103.6114,137.3496601278539,295.0096251612609,10057.849923911719
2457655.63008154,2016.7299933786173,11236.09168352277,0.419623,48.4896,13.7111,104.0921,143.03288300789427,294.54558369776777,10058.854888798678
2457656.17841301,2016.7314946283648,11231.077640400303,0.4193604,48.4896,12.9738,104.7578,143.07212869097566,293.9335337887123,10055.902412412097
2457657.82095703,2016.7359916688026,11213.485691530275,0.4184415,48.4899,10.7632,106.7525,143.16161853780886,292.0986992310446,10045.509496895429
2457658.23094798,2016.7371141628478,11208.680841795762,0.4181852,48.491,10.2098,107.2514,143.2401022332333,291.64010137476026,10042.69652854243
2457658.64072123,2016.738236060862,11204.13993177386,0.4180886,48.4824,9.659,107.7495,141.6804534944322,291.1835180896892,10039.189597559774
2457660.00442777,2016.7419696858867,11187.236738621808,0.4170308,48.4908,7.8114,109.4154,143.67815172496466,289.6577130807533,10030.174432563006
2457660.00442949,2016.741969690595,11187.311219168563,0.4170351,48.4906,7.8134,109.4112,143.67346615147926,289.6555113857844,10030.216325955918
2457661.77288127,2016.746811447693,11166.2785601655,0.4158845,48.4907,5.4121,111.575,144.26008431035098,287.67497883046843,10017.994220145523
2457664.48417205,2016.7542345572892,11136.280186883583,0.414283,48.4907,1.7144,114.9019,144.5723222208917,284.6318593758591,10000.25541171774
2457664.7547045,2016.7549752347709,11133.352895734944,0.4141277,48.4908,1.3432,115.2357,144.58676773589195,284.3278154824643,9998.513969371908
2457666.14025586,2016.7587686676525,11118.611998786228,0.4129987,48.4322,359.4062,116.9539,148.5033974831149,282.74337964512245,9991.705343633004
2457667.18469212,2016.7616281782894,11106.846176773108,0.4127364,48.4878,358.0072,118.2396,144.5101704180115,281.6006558158398,9982.621302686694
2457667.99275058,2016.7638405217795,11098.495375578883,0.4123355,48.4873,356.892,119.2459,144.055435641877,280.6953121593854,9977.388118317618
2457668.93434125,2016.7664184565365,11088.953275669059,0.4117987,48.4866,355.5922,120.4159,144.400432387798,279.63745564682995,9971.845886535475
2457669.06875303,2016.7667864559346,11087.593145603392,0.411733,48.487,355.4046,120.5847,144.3288569846709,279.48617586350593,9970.993991386853
2457670.94781533,2016.7719310481307,11067.73170832153,0.41069,48.4873,352.8017,122.9358,144.18867303096067,277.3823226729189,9959.005987116723
2457672.15304425,2016.7752307850783,11054.614848953206,0.4099907,48.4886,351.1218,124.4478,144.1892688004864,276.0265173717992,9951.12651393014
2457672.42058002,2016.7759632580976,11051.660027387225,0.4098381,48.4879,350.7503,124.7829,144.13237991689675,275.7264270848383,9949.321530157153
2457673.08892752,2016.7777930938262,11044.061976180265,0.4094292,48.4874,349.819,125.6257,144.16421652236022,274.97918622261386,9944.768632050156
2457673.89010136,2016.779986588255,11036.009134569375,0.4089778,48.4862,348.6999,126.6348,144.39009793328842,274.0795282281821,9940.037425844755
2457674.95696048,2016.7829074893366,11025.15615866129,0.4083665,48.486,347.2056,127.981,144.71542619533284,272.87990383882243,9933.666470452034
2457676.02189114,2016.7858231105815,11009.915890501674,0.4075351,48.4847,345.7129,129.3314,144.85241707448495,271.68798019064025,9924.548953867827
2457678.01328819,2016.791275258563,10986.878916891446,0.4062583,48.4827,342.9073,131.852,145.23186580928632,269.4402069173333,9910.832550205758
2457678.14583255,2016.7916381452424,10985.449076130404,0.4061896,48.483,342.7184,132.0234,145.1376100766256,269.29206771274244,9909.921275757346
2457678.80815946,2016.7934514974945,10978.107281206127,0.4057912,48.4814,341.7825,132.8631,145.15165383675503,268.54306090199793,9905.490472473799
2457679.73428299,2016.7959870855304,10967.833444194379,0.4052373,48.4808,340.4697,134.0436,145.121932419348,267.4979492090491,9899.261248484861
2457679.99864878,2016.7967108796165,10964.807779148414,0.4050826,48.4798,340.0965,134.381,145.01863547074754,267.20158333805466,9897.378540290998
2457681.05504626,2016.7996031382886,10953.45794247821,0.4044814,48.48,338.5927,135.7332,144.85163906350408,266.00877021612376,9890.422812052322
2457681.71448684,2016.8014085882003,10946.681279218506,0.4041171,48.4799,337.6526,136.5809,144.80388603643314,265.26640824787114,9886.292922604318
2457681.97811214,2016.8021303549356,10943.75103242068,0.4040298,48.4747,337.2827,136.9351,144.0131915419588,264.99087222320725,9884.122748721551
2457683.8208059,2016.8071753754957,10926.805632354437,0.4030514,48.4783,334.6456,139.2968,144.6050247060948,262.89926482155363,9874.13882723444
2457684.6091732,2016.8093338075294,10919.312762417623,0.4026405,48.4786,333.5146,140.3183,144.6189121014104,262.0127292894364,9869.596349000336
2457685.65902411,2016.8122081426695,10908.951929078805,0.4020629,48.4788,332.0078,141.6792,144.7307805127857,260.8320686389517,9863.356746898084
2457685.79014678,2016.8125671369753,10907.47502743048,0.4019831,48.4784,331.8206,141.8491,144.7181027313909,260.6855306889198,9862.452704586623
2457687.09983698,2016.8161528733197,10891.938568581387,0.4011168,48.4774,329.9335,143.5513,144.86272415543954,259.2097656049352,9853.073851773916
2457687.75357695,2016.8179427158116,10883.398720380887,0.4006441,48.4767,328.9916,144.4026,144.89293511273354,258.4748223078407,9847.889295800187
2457688.92841361,2016.8211592432854,10868.538806599116,0.3998113,48.4747,327.292,145.9334,145.0378772322747,257.148072417274,9838.90496841373
2457689.05880166,2016.8215162263102,10866.985085286216,0.3997286,48.4751,327.1011,146.1041,145.0040509238761,256.9993585282806,9837.94085205263
2457690.10089751,2016.824369329254,10854.686061998073,0.3990323,48.4745,325.5884,147.4683,145.17941690103908,255.8237414685144,9830.522982070908
2457690.62131357,2016.8257941507736,10849.007660813842,0.3987124,48.4739,324.8311,148.1504,145.2374787523695,255.23560572149484,9827.084400464451
2457691.53094498,2016.828284585846,10837.797274061431,0.3980936,48.4729,323.5047,149.3434,145.20324116013035,254.20564909547636,9820.218306580462
2457692.69846132,2016.8314810713753,10824.359025692858,0.3973574,48.4721,321.7983,150.8781,145.08356657701097,252.88321430493454,9811.941429218463
2457693.60509227,2016.8339632916354,10814.810592952621,0.3968214,48.4711,320.4703,152.0741,145.12601272233132,251.8576150112524,9806.117482174142
2457694.51052468,2016.8364422304721,10805.35100877387,0.3963256,48.4714,319.1392,153.2718,144.77748701096152,250.83179703007136,9800.153006593451
2457696.05982456,2016.8406839823679,10788.520973875624,0.3954051,48.4716,316.8575,155.3302,144.54845934823425,249.08146634759356,9789.721993630079
2457696.96182853,2016.843153534647,10777.960408587063,0.3948242,48.4708,315.5251,156.5321,144.42451263500334,248.06192752706266,9783.179630716952
2457697.34801372,2016.844210852074,10773.80818180298,0.3945959,48.4708,314.9534,157.0473,144.37134587706987,247.6247932533792,9780.603720080995
2457697.99116161,2016.8459716950308,10767.068867370483,0.394228,48.4708,314.0006,157.9065,144.2525419247513,246.8972897889122,9776.405411733796
2457698.37677181,2016.8470274382205,10763.380125228075,0.3940218,48.4709,313.4289,158.423,144.23741420148417,246.4620222406587,9774.13075765085
2457699.01900403,2016.8487857742098,10757.154143176773,0.3936819,48.471,312.4757,159.2858,144.12096149806803,245.73862128444893,9770.246075410874
2457699.404065,2016.849840013689,10753.159977224603,0.3934575,48.471,311.9032,159.8041,144.11223548575344,245.304895071974,9767.784884597573
2457699.66065725,2016.8505425249825,10750.691687230612,0.3933144,48.4709,311.5214,160.1487,144.15353668251646,245.01479100630127,9766.286104705854
2457700.30175667,2016.852297759534,10744.684134890418,0.3929723,48.4699,310.5672,161.0109,144.18459762901966,244.29090656778618,9762.60340663856
2457700.68615385,2016.8533501816567,10740.94828533424,0.3927624,48.4693,309.9943,161.5289,144.17135851047806,243.85713460364457,9760.296686128626
2457701.07034985,2016.854402052978,10737.290913956384,0.3925537,48.4691,309.4205,162.0459,144.19133770642293,243.421660927909,9758.05364800932
2457701.58229819,2016.8558036911427,10732.226379399443,0.3922666,48.4688,308.6562,162.7354,144.19612712211256,242.84227118863248,9754.935493333276
2457701.96602719,2016.8568542838877,10728.625973764863,0.3920625,48.4682,308.0828,163.2519,144.19775292567647,242.40715780043286,9752.717159624326
2457702.60512779,2016.8586040459686,10722.334845793159,0.3917053,48.468,307.1265,164.1161,144.20315832129654,241.68514345132326,9748.840689173228
2457703.11598185,2016.8600026881584,10716.912819461284,0.3913918,48.4678,306.3608,164.8069,144.26472060925607,241.10673226298968,9745.525517422688
2457704.64604728,2016.8641917790012,10699.558091737726,0.3903931,48.4659,304.0624,166.8789,144.3881396741508,239.37225955958598,9734.869054327814
2457704.77338976,2016.8645404237095,10698.176472614874,0.3903187,48.4656,303.8701,167.053,144.34183945325003,239.22854746453686,9733.993162837263
2457706.68051153,2016.869761838549,10676.825443843833,0.3891305,48.4654,300.9905,169.6442,144.0107204681599,237.0604381223597,9720.630201696415
2457709.08820963,2016.8763537566872,10651.928759490645,0.3874923,48.4708,297.3393,172.9857,146.2520850394685,234.37764759261808,9706.269151260236
2457711.61375521,2016.883268323641,10626.441880372684,0.3863213,48.4656,293.4853,176.4344,143.08473877266442,231.48310348927828,9688.943238750107
2457714.25619947,2016.8905029417379,10601.50670063558,0.3849085,48.4638,289.4294,180.0827,142.76035875398975,228.4710409743348,9673.280184689822
2457714.632925,2016.8915343600274,10598.02027402267,0.3847064,48.4641,288.8495,180.6065,142.7577472763951,228.0436303901032,9671.107931615017
2457715.63659506,2016.8942822588915,10588.201612695237,0.384135,48.4643,287.3031,182.0028,142.7664862025522,226.90428679906256,9664.994606846363
2457716.63880822,2016.8970261689806,10577.73884756198,0.3835193,48.4643,285.7546,183.4004,142.83554916220237,225.7655791669888,9658.50292856774
2457718.63864782,2016.9025014314027,10555.45180381967,0.3822337,48.4641,282.6531,186.2033,142.66610567400312,223.4958846949961,9644.50802507831
2457719.63621395,2016.905232618617,10544.953110708622,0.3816423,48.4639,281.1,187.6065,142.4166521456291,222.36275729785825,9637.827831765437
2457721.75130672,2016.9110234270229,10524.128470242287,0.3804722,48.4629,277.7943,190.594,141.85385808656883,219.95986627179212,9624.530413414011
2457722.49634566,2016.9130632324714,10517.0323316049,0.3800925,48.4622,276.6255,191.6537,141.45092010436474,219.11643631029165,9619.896539788007
2457724.6033283,2016.9188318365507,10497.916489304445,0.3790107,48.4601,273.3132,194.6511,140.95751215162454,216.72483884171777,9607.677154616478
2457726.58126313,2016.9242471269818,10480.645244978614,0.3779825,48.4581,270.1919,197.4808,141.00845366848444,214.4837342865893,9596.851331555466
2457727.56842599,2016.9269498315953,10472.080248176093,0.3774965,48.4561,268.6272,198.8966,140.77030677048606,213.3618606256997,9591.355562507855
2457729.66220259,2016.9326822795076,10454.086963064245,0.3764529,48.4554,265.3004,201.9073,140.47930896651724,210.98207937726977,9579.894973558517
2457730.15408853,2016.9340289898157,10449.858170802223,0.3762027,48.4557,264.5171,202.6162,140.45701232936517,210.42286366630975,9577.22034956476
2457731.6278457,2016.9380639170429,10436.12728160377,0.3754026,48.4568,262.1653,204.7406,140.24166615878403,208.742889864576,9568.464101006244
2457733.09872118,2016.942090954634,10422.349208482961,0.3746047,48.4578,259.8087,206.8654,139.95190994396398,207.06135633171812,9559.634745114563
2457733.58837616,2016.9434315569056,10417.951359667934,0.3743465,48.459,259.0243,207.5725,139.89143100600086,206.50143951397484,9556.829150644142
2457735.66603849,2016.9491198863516,10399.940814950343,0.3733153,48.4592,255.6824,210.5852,139.34748963491074,204.12444091344503,9545.194499302967
2457736.6420046,2016.9517919359337,10392.51969477394,0.3728904,48.4579,254.1077,212.0063,139.11256878180848,203.00890306385782,9540.391139966407
2457738.46918869,2016.9567944933337,10378.92947265431,0.3721076,48.4564,251.1526,214.6828,138.71463601564938,200.92938239981692,9531.602667042238
2457739.56383917,2016.959791483012,10371.179023799654,0.3716566,48.4563,249.378,216.2877,138.52558982295523,199.68076611566312,9526.603834587062
2457740.53586414,2016.9624527423407,10364.381700959148,0.3712574,48.4563,247.7983,217.7148,138.39199805347744,198.57011275738103,9522.231895749052
2457742.47680289,2016.9677667430258,10349.052850985152,0.370331,48.4556,244.6354,220.568,138.34145962696948,196.34737251069657,9512.477238656951
2457743.08248362,2016.9694250064886,10344.32896224892,0.3700568,48.4543,243.6424,221.4675,138.20338833176356,195.656897664148,9509.413485056233
2457743.68774986,2016.97108213514,10339.50841116751,0.3697462,48.4548,242.657,222.3564,138.37816627028496,194.9638313496082,9506.42800469007
2457744.65527043,2016.973731062094,10331.0546783539,0.3692538,48.4553,241.0749,223.7864,138.13718036394312,193.85811764619984,9500.943072090633
2457746.10423759,2016.977698117974,10317.673681629058,0.3684447,48.4562,238.6958,225.9312,138.04519730334414,192.19567752937792,9492.383910718312
2457746.70715882,2016.9793488263374,10312.193235651843,0.3681176,48.457,237.7054,226.8241,137.9571110074521,191.5039225184995,9488.853069315863
2457747.67088047,2016.9819873524161,10303.959225245255,0.3676334,48.4566,236.1184,228.2582,137.74336180697628,190.40115313022528,9483.508947823619
2457749.47479749,2016.9869262080495,10288.67679026999,0.366742,48.4566,233.1395,230.9524,137.25058685279328,188.33846510220667,9473.538506982493
2457750.55527581,2016.9898843964681,10279.99694864401,0.3662166,48.4561,231.3498,232.5668,137.15511810122553,187.0982172715062,9467.952744789685
2457751.63445656,2016.9928390323341,10271.999054957303,0.3657401,48.4552,229.5589,234.1868,136.9807933973134,185.86364835973797,9462.763986800299
2457752.4729643,2016.9951347414096,10265.724713543153,0.3653596,48.455,228.1648,235.4469,136.90733849291246,184.90319309255813,9458.719266658785
2457753.43035197,2016.9977559259953,10258.942862503143,0.3649429,48.4549,226.5706,236.8872,136.87820332694537,183.80566664168953,9454.36736808592
2457753.6695526,2016.998410821629,10257.250292778766,0.3648394,48.4548,226.1716,237.2476,136.86495031153754,183.53130421354194,9453.278216033428
2457754.74519166,2017.0013557608754,10249.16016269541,0.3643321,48.4542,224.3734,238.8713,136.92581738425088,182.29662608481863,9448.125184145094
2457756.41581842,2017.0059296876655,10236.195264171256,0.3635414,48.455,221.5803,241.3952,136.77820716106726,180.38081244046998,9439.751350345052
2457757.48820588,2017.0088657245174,10228.190118090804,0.3630523,48.4554,219.7813,243.0195,136.6858708806658,179.14913917378908,9434.576022697926
2457758.44042602,2017.0114727611772,10221.51395648632,0.3626492,48.4562,218.1817,244.4651,136.5537973777209,178.05660597622818,9430.233067987969
2457759.3916825,2017.01407715948,10214.39715861218,0.36221,48.4588,216.581,245.9095,136.50406379126343,176.96272258725014,9425.640995776894
2457760.10447065,2017.016028667078,10208.98491254825,0.36188,48.4586,215.3767,246.9959,136.42115239528994,176.1422798519592,9422.12716101569
2457761.05400316,2017.0186283454073,10202.264609867758,0.3614439,48.4554,213.7773,248.4388,136.58200044517616,175.0498956534069,9417.87767571409
2457761.40982987,2017.019602545845,10199.336837176104,0.3612774,48.4565,213.179,248.9803,136.4106429168969,174.64238349582024,9415.91967057306
2457763.06860313,2017.0241440195211,10187.623132140337,0.3605548,48.4555,210.3688,251.5164,136.29041125610365,172.73335297242858,9408.329331629106
2457763.42368687,2017.0251161858178,10185.137414025754,0.3604034,48.4552,209.7701,252.0577,136.24296054366368,172.32597310563506,9406.708087889963
2457764.36998139,2017.0277069990143,10179.027799468035,0.3600227,48.4542,208.1645,253.508,136.2104277284934,171.23798035486686,9402.758618332226
2457764.96098582,2017.0293250809577,10175.14087431215,0.3597787,48.4543,207.1565,254.4178,136.20561823526077,170.5572708552188,9400.251854587355
2457766.02397827,2017.0322353956744,10168.49065048893,0.3593747,48.4507,205.348,256.053,136.05607351666458,169.33625755716656,9395.89947284309
2457766.37808819,2017.033204895798,10166.510816220469,0.3592461,48.4524,204.7479,256.5952,136.0951548854482,168.92933751271983,9394.639708063356
2457768.02918768,2017.0377253598363,10156.858799503983,0.3586277,48.4528,201.9287,259.1407,136.19158901310857,167.02827045891866,9388.45394576734
2457768.61830172,2017.0393382661737,10153.483015212969,0.3584148,48.4551,200.9257,260.0476,136.18813101201522,166.35152417751885,9386.27307067435
2457769.32486847,2017.0412727405064,10149.60883570899,0.3581676,48.4561,199.7184,261.1379,136.21149808430619,165.5381134176938,9383.781307446756
2457770.14868005,2017.0435282136891,10144.990926244463,0.3578741,48.4565,198.3049,262.4133,136.22512900655965,164.58804307194146,9380.803922498662
2457770.97194481,2017.04578218976,10140.49972471373,0.3575909,48.4572,196.8948,263.6867,136.2130017035961,163.63991168635016,9377.896086894416
2457772.02963271,2017.0486779814098,10134.598837772184,0.357226,48.4574,195.082,265.3231,136.12033335017713,162.42102669248112,9374.040645338517
2457774.02465161,2017.0541400454752,10121.436359630598,0.3563863,48.4577,191.6528,268.4188,136.15880473637935,160.1211836289183,9365.53993207536
2457774.37631522,2017.0551028479665,10119.108885402702,0.3562413,48.4575,191.0504,268.9631,136.1280812252926,159.7164747320312,9364.01957464502
2457774.37631522,2017.0551028479665,10119.108885402702,0.3562413,48.4575,191.0504,268.9631,136.1280812252926,159.7164747320312,9364.01957464502
2457775.31353636,2017.057668819603,10113.321900496372,0.355875,48.4574,189.4332,270.4227,136.10716915722605,158.63512494298675,9360.2620438361
2457776.01592884,2017.0595918654067,10108.972136389139,0.355597,48.4574,188.22,271.5183,136.11567160557024,157.82522845358653,9357.446923633717
2457776.36695111,2017.060552912005,10106.714217562207,0.3554556,48.4572,187.6167,272.0638,136.08975133010154,157.42145167818546,9355.972146433674
2457777.30246579,2017.0631142116083,10101.048194332305,0.3550962,48.457,185.9995,273.5247,136.06806450804197,156.3430838209926,9352.288769456782
2457778.00358984,2017.065033784641,10096.815640997756,0.3548275,48.4569,184.7828,274.623,136.0514891416242,155.53363752922587,9349.535944093674
2457778.35399343,2017.0659931373848,10094.8105629664,0.3547008,48.4568,184.1779,275.1698,136.0368804337677,155.1301705414678,9348.228606570601
2457779.28787862,2017.0685499756878,10089.217354723658,0.35434,48.457,182.5587,276.6324,136.06777725087704,154.05310875238865,9344.611327047858
2457780.22098948,2017.0711046939907,10083.542968499138,0.3539738,48.4572,180.9388,278.0961,136.09664647621776,152.97721016330286,9340.938660115491
2457780.33757273,2017.0714238815335,10082.807840101563,0.3539261,48.4572,180.7355,278.2792,136.10268420499233,152.84210264790573,9340.46370825018
2457781.0368008,2017.0733382636547,10078.150435800599,0.3536224,48.4576,179.5176,279.3792,136.1543911317449,152.0350250842962,9337.45968513118
2457782.08470882,2017.0762072794528,10071.05340378915,0.3531586,48.458,177.693,281.0268,136.23798318173885,150.8251793970295,9332.88172390208
2457783.36404729,2017.0797099172892,10062.903698571265,0.3526198,48.4585,175.4635,283.0398,136.3883089618048,149.34772977594156,9327.644278022182
2457784.99015691,2017.0841619627925,10053.001098635546,0.3519657,48.4589,172.6191,285.6062,136.5532298535163,147.46699339474338,9321.267430754287
2457785.10621304,2017.08447970716,10052.179957044344,0.3519124,48.4589,172.4161,285.7897,136.5568831289711,147.33310542240565,9320.734122978014
2457786.15005795,2017.087337598768,10044.468443190777,0.3514093,48.4588,170.5877,287.4399,136.61251869701573,146.12606444347568,9315.732889300081
2457786.96109499,2017.089558097166,10038.394716391282,0.3510101,48.4585,169.1645,288.7238,136.68048315130636,145.18738502021495,9311.801646084486
2457787.42421422,2017.090826048515,10034.842579003516,0.3507775,48.4582,168.3506,289.4587,136.70928624711087,144.65192253456473,9309.496864307697
2457789.1589208,2017.0955754162899,10022.783237310048,0.3499953,48.4571,165.299,292.2134,136.71991133274605,142.6452501356738,9301.62987255379
2457789.85193877,2017.0974727960852,10018.10240327194,0.3496938,48.457,164.0727,293.3195,136.69780508264193,141.84199340929513,9298.56297384251
2457791.00587361,2017.1006320974943,10010.187337053707,0.3491829,48.4573,162.0334,295.1604,136.66479315801644,140.50624490204518,9293.376031919699
2457793.19468043,2017.1066247239698,9995.826237834312,0.3482236,48.4564,158.1564,298.6632,136.90734032119053,137.97469937084702,9284.08302911831
2457793.88492384,2017.108514507433,9991.439920374205,0.347932,48.4573,156.9277,299.7717,136.961945998567,137.1741773240824,9281.233995831615
2457795.03431733,2017.1116613753045,9984.0682075932,0.3474309,48.4572,154.8838,301.6173,137.1581045677076,135.84300489035792,9276.48707781382
2457795.14918762,2017.1119758730179,9983.329226816828,0.3473808,48.4567,154.6818,301.8007,137.17603334181604,135.71118571354685,9276.010306089294
2457796.18241768,2017.1148047027516,9976.428591646652,0.3469112,48.4564,152.8409,303.4633,137.35747720420204,134.51450700940268,9271.562431461227
2457798.01667277,2017.1198266194936,9964.22168999521,0.346084,48.4557,149.5617,306.4203,137.6276906349076,132.38441698231418,9263.665865446475
2457799.04694462,2017.1226473500892,9957.203757755837,0.3456251,48.4549,147.7177,308.0829,137.60791326109938,131.18755396788083,9259.048791896026
2457799.161352,2017.122960580425,9956.401756487534,0.3455729,48.4549,147.5125,308.268,137.60282793304214,131.05469104703218,9258.519799696453
2457800.07610567,2017.12546503948,9949.872603902877,0.3451196,48.4538,145.8713,309.7519,137.8402507929568,129.99578578719775,9254.327995609745
2457801.1041101,2017.1282795622171,9942.25506342016,0.3446145,48.4526,144.0236,311.4194,137.87350586715274,128.80235760180017,9249.332608544695
2457802.13092938,2017.1310908401922,9934.269371659502,0.344081,48.4514,142.1741,313.0903,137.9397319895279,127.61169753081958,9244.10514416071
2457803.15645381,2017.13389857306,9925.633824408273,0.3435088,48.4509,140.3233,314.7605,137.95496014637683,126.42031369839845,9238.424634343353
2457804.74898935,2017.1382586977418,9911.750923478356,0.342584,48.4499,137.4416,317.3635,138.00734510944676,124.57196881298154,9229.294735083216
2457805.08981681,2017.1391918324712,9908.855522112259,0.3423949,48.4499,136.8238,317.9216,137.97762650418463,124.17634031037619,9227.372399176558
2457806.11140148,2017.1419887788643,9900.170696438125,0.341801,48.4496,134.9683,319.5969,138.14615222487646,122.98923960888078,9221.70961101451
2457807.01834065,2017.1444718429843,9892.316143611717,0.3412668,48.4493,133.3177,321.0874,138.26076869300596,121.93523652565369,9216.568599836937
2457807.13163374,2017.1447820225596,9891.355011541908,0.3412008,48.4495,133.1116,321.2737,138.2804685197998,121.80377187852002,9215.941586697465
2457808.15049058,2017.1475715005615,9882.326565255702,0.3405831,48.4489,131.2526,322.9534,138.43684844856216,120.62025979782163,9210.037115854599
2457809.05493892,2017.1500477451605,9873.858953866798,0.3399961,48.4479,129.599,324.448,138.6491176020063,119.56981174225024,9204.521691227568
2457809.95818832,2017.1525207072418,9864.618330541009,0.3393709,48.4469,127.9442,325.9408,138.71762954880887,118.51754539297485,9198.430873870391
2457810.40938823,2017.153756025271,9860.464112172753,0.3391102,48.4463,127.1157,326.6855,138.54385500102853,117.98903090248962,9195.607456531729
2457810.40938823,2017.153756025271,9860.464112172753,0.3391102,48.4463,127.1157,326.6855,138.54385500102853,117.98903090248962,9195.607456531729
2457811.873694,2017.1577650759748,9846.655924525818,0.3381466,48.4442,124.4227,329.1148,138.90640227755648,116.28207264903415,9186.599050571975
2457813.89605132,2017.163301988555,9826.901873049876,0.3367602,48.4411,120.6845,332.4938,139.456132901224,113.92958412013331,9173.702852987097
2457814.90481309,2017.1660638277615,9815.47615564923,0.3360133,48.4396,118.8128,334.1823,139.20932151821762,112.75212200587418,9166.003870619827
2457815.91173908,2017.1688206408767,9803.393781754492,0.3351906,48.4384,116.9393,335.8739,139.25203801193493,111.57776928438983,9157.976894731682
2457816.69362918,2017.170961339302,9794.158185109334,0.3345611,48.4379,115.4799,337.1908,139.2775491251523,110.664617851255,9151.832335663212
2457817.13993011,2017.1721832446542,9789.007492989738,0.3342077,48.4379,114.6452,337.9449,139.3095134748719,110.14413192447557,9148.410392810518
2457818.03150758,2017.1746242507327,9779.124926448529,0.3335308,48.4375,112.975,339.4541,139.34926643020935,109.10436973627077,9141.83153823921
2457818.03150758,2017.1746242507327,9779.140597865819,0.333531,48.4375,112.975,339.4542,139.35775511903375,109.10446973627086,9141.845404202317
2457819.03291012,2017.1773659414653,9767.842187389348,0.3327524,48.4371,111.0938,341.155,139.43295671429314,107.93706107248511,9134.328595859975
2457820.03255582,2017.1801028222312,9756.35625295758,0.3319547,48.4365,109.2104,342.8578,139.55163991392146,106.77118399675902,9126.695780970156
2457820.58715607,2017.1816212349622,9750.061733599838,0.3315126,48.4363,108.1632,343.8041,139.6571181336485,106.12365541362101,9122.525445295996
2457821.58411557,2017.184350761314,9739.111008662896,0.3307647,48.4349,106.2774,345.51,139.62057761581582,104.961125926953,9115.17675828592
2457822.02666979,2017.1855624087339,9734.394409801947,0.330422,48.4344,105.4379,346.2685,139.800040126368,104.44393285581555,9112.086824763712
2457822.57941309,2017.1870757374124,9728.480283495841,0.3300006,48.4336,104.3878,347.2179,139.93965285404374,103.79843453151432,9108.176377247752
2457823.57306755,2017.1897962150583,9717.693849626088,0.3292588,48.4317,102.4969,348.9254,139.92133393082077,102.63566257897475,9100.930544302973
2457825.00543639,2017.1937178272146,9702.133705677628,0.3281674,48.4296,99.7613,351.3973,140.07341303303565,100.96018220270457,9090.535731410346
2457825.55540864,2017.1952235691713,9695.81691709901,0.3277103,48.4294,98.7069,352.3486,140.26154645141742,100.31501509831611,9086.361181512744
2457826.10486227,2017.196727891225,9689.794870362204,0.3272903,48.4286,97.6526,353.3005,140.28270030289696,99.67105915898657,9082.31679939652
2457826.54405021,2017.197930322273,9684.825874800537,0.3269461,48.4282,96.8088,354.0635,140.27352585541303,99.15738398177746,9078.967493310365
2457828.07866809,2017.2021318770433,9668.239393746846,0.3258073,48.4268,93.8518,356.7343,140.12012111654894,97.35862426442827,9067.728548994675
2457830.04588601,2017.2075178261737,9646.443888179272,0.3242915,48.4261,90.0421,0.1775,140.0478300157838,95.05318257748024,9052.98495854003
2457832.11518857,2017.2131832678172,9623.763739449441,0.3227019,48.4254,86.0113,3.823,140.02059557800203,92.62832358581318,9037.630314494421
2457833.09285813,2017.2158599811912,9613.109714810416,0.3219483,48.4251,84.099,5.5534,140.04908441371754,91.4828067711424,9030.42227238889
2457835.04329459,2017.2211999851882,9591.190785961771,0.3203956,48.4231,80.268,9.0202,140.0791593790782,89.19620533227139,9015.559274452698
2457836.98649109,2017.2265201672558,9566.486871556886,0.3186288,48.4203,76.4257,12.4949,140.19233945696215,86.91333978794009,8998.80142334219
2457839.45879081,2017.2332889549893,9536.325360417812,0.3164532,48.4183,71.4998,16.9462,140.3883838724414,84.00197620384651,8978.30988193141
2457841.06468417,2017.237685651389,9514.14289001673,0.3148782,48.418,68.2789,19.8602,140.21040226546393,82.11226549995956,8963.080074438754
2457842.45164848,2017.2414829527168,9493.490703212705,0.3134001,48.4174,65.4805,22.3908,140.09346747677318,80.47743702197043,8948.891298669967
2457843.94030422,2017.2455586700073,9471.748353248224,0.3118476,48.4176,62.4614,25.1244,139.8700614838126,78.72467879735012,8933.886790486978
2457845.95239323,2017.2510674694868,9442.22578835901,0.3097204,48.4166,58.3514,28.8489,139.63954029814158,76.35601098475539,8913.492115762372
2457848.06043718,2017.2568389792748,9412.341056607449,0.3075218,48.4152,54.0096,32.7852,139.70469266562486,73.87276746109126,8892.899720859197
2457849.0057257,2017.2594270381928,9398.527791978477,0.3065067,48.4151,52.0506,34.5541,139.67975360086712,72.75096625057009,8883.341347844533
2457850.99474046,2017.2648726638195,9370.802366729977,0.3044541,48.4147,47.9054,38.3032,139.68686588933087,70.39444102498425,8864.138808947324
2457852.97501047,2017.270294347625,9343.66493518671,0.3024332,48.4144,43.7484,42.064,139.69414911040076,68.04643485500966,8845.293792051643
2457854.73959391,2017.2751255137853,9320.054213094369,0.3007049,48.4142,40.0176,45.4397,139.3319429512485,65.95211503731932,8828.725550049157
2457856.70409608,2017.280504027597,9294.643156667229,0.2988371,48.414,35.8376,49.2243,138.92265019394745,63.62045006508046,8810.846660686073
2457857.63180963,2017.2830439688705,9282.796043373955,0.2979564,48.4143,33.8529,51.0206,138.79125235600713,62.517671206605286,8802.517889032393
2457860.3014486,2017.2903530420258,9246.938636676416,0.2952686,48.4129,28.1013,56.2314,138.47171113906188,59.34560487073402,8777.27999698606
2457861.63054705,2017.2939919152634,9229.737761503346,0.2939491,48.4126,25.218,58.8463,138.528353273422,57.76721050521155,8765.215967203143
2457864.27764511,2017.3012392747712,9194.919364260928,0.2912821,48.4139,19.4312,64.0827,138.46764250833985,54.60776108239597,8740.671546250043
2457865.59544211,2017.304847206325,9177.104856140668,0.289925,48.4131,16.5318,66.7091,138.29643072408453,53.03590572300004,8728.03279762797
2457867.21194348,2017.309272945873,9154.15448416194,0.288182,48.4114,12.9523,69.9422,137.9556366071838,51.096239485648425,8711.677218248207
2457868.72183172,2017.3134067945787,9132.718789064818,0.2865145,48.4123,9.5881,72.9878,137.9261315753065,49.289453951681196,8696.466917148102
2457871.12731884,2017.319992659384,9102.01155960676,0.2841495,48.4128,4.1868,77.8805,137.5432259502786,46.40994262175839,8674.506272212837
2457873.22231116,2017.3257284357564,9076.141696724324,0.2821286,48.4117,359.4444,82.1836,137.36624642586503,43.90576312766035,8656.003118663577
2457874.21676443,2017.3284511004244,9063.714718847175,0.2811594,48.4123,357.1794,84.2358,137.22982672493526,42.712803847178805,8647.080899744453
2457876.10069159,2017.3336090118823,9041.177943410496,0.2793685,48.4118,352.8692,88.1432,137.2213231268206,40.4531557223894,8630.951405288484
2457876.69416726,2017.3352338597128,9034.32127814979,0.27882,48.4117,351.5045,89.3795,137.23551937606408,39.73981050341172,8626.04232143634
2457877.58311949,2017.3376676782757,9023.95540144397,0.2779924,48.4117,349.4572,91.2351,137.22808190359592,38.67193582076317,8618.604727322878
2457879.06132086,2017.3417147730593,9007.035002478235,0.276641,48.4113,346.0407,94.3276,137.18353235765335,36.89098169862331,8606.436728296012
2457879.35645421,2017.3425228041338,9003.571223352606,0.2763684,48.4113,345.3553,94.9495,137.13235006860396,36.536590511812506,8603.929493178528
2457880.43716108,2017.345481618289,8991.056494936327,0.2753739,48.4109,342.8431,97.221,137.0179028053808,35.230717415944525,8594.886655321778
2457881.41766549,2017.3481660930595,8979.689202919635,0.2744678,48.4107,340.556,99.293,136.91736271052923,34.049206498612705,8586.664256973907
2457882.10287571,2017.3500420963996,8971.290697837925,0.2737985,48.4109,338.9525,100.7426,136.82846170594712,33.219945296099525,8580.578564923804
2457883.37291497,2017.3535192743873,8956.241223637018,0.2725933,48.4104,335.9726,103.44,136.69357288976516,31.68566122061145,8569.668599748366
2457884.44501212,2017.3564545164136,8943.348635577451,0.2715545,48.4096,333.4434,105.7291,136.60576851753467,30.38887409110737,8560.318043829917
2457885.51477333,2017.3593833629848,8930.351784772263,0.2705265,48.4097,330.9111,108.0224,136.3186726690692,29.095489325484664,8550.816084569993
2457888.03408652,2017.366280866584,8900.116074222435,0.2680521,48.4066,324.9132,113.457,136.2849702833546,26.049088029714483,8528.865225650594
2457888.99964725,2017.368924427789,8888.76322039467,0.267118,48.409,322.5984,115.5548,136.2782664892875,24.88040599595962,8520.607233655493
2457889.38533827,2017.3699803922523,8883.85264572451,0.2667192,48.4091,321.672,116.3967,136.22227513898451,24.4157587892189,8517.015582984724
2457891.11686134,2017.3747210440524,8861.359603179368,0.2648521,48.4081,317.4948,120.1786,136.27360342214615,22.31382414115103,8500.637275350357
2457891.40481248,2017.375509411307,8857.746989517405,0.2645555,48.4082,316.7971,120.8082,136.24500583213376,21.96191192950465,8497.991634014608
2457892.93731611,2017.3797051775766,8836.766623386144,0.2628346,48.4069,313.0724,124.1808,136.02230263509682,20.09933607238588,8482.590073530859
2457893.98768872,2017.3825809410546,8821.558561184062,0.261546,48.4053,310.5055,126.5078,136.17890574061403,18.82416122031134,8471.503335607897
2457894.36895356,2017.3836247872964,8815.872048155026,0.2610652,48.4059,309.5693,127.3566,136.2183487290249,18.360976573293385,8467.347243488699
2457895.32047197,2017.386229902724,8801.525229643305,0.2598712,48.4045,307.2311,129.4737,136.12600638562253,17.202035019402103,8456.791536401137
2457897.1219892,2017.39116218809,8774.656295470699,0.2576192,48.4031,302.7714,133.5076,136.00006035657407,15.000612287581589,8436.9944953549
2457898.06686689,2017.3937491222177,8761.009513360235,0.2564817,48.403,300.4177,135.6375,135.83459965742986,13.845516001582155,8426.887528744372
2457898.34989739,2017.3945240174955,8756.912805197993,0.2561456,48.4029,299.7106,136.2801,135.73182056286987,13.502053701620468,8423.834686887341
2457899.00955183,2017.396330052923,8747.74093306948,0.2553688,48.4026,298.0598,137.774,135.70452828064663,12.694980947721547,8417.056313531848
2457900.32574549,2017.3999335947706,8729.577902540568,0.2538374,48.4027,294.7507,140.773,135.54824466221726,11.087605882630896,8403.583127525248
2457901.45063116,2017.4030133638873,8714.080683159258,0.2525158,48.4015,291.91,143.3463,135.50132818675047,9.711489000585061,8392.092839422607
2457903.0382477,2017.407360021081,8685.871397182704,0.250094,48.3998,287.8727,147.009,135.45077597569252,7.772092410826303,8371.138691104887
2457903.31761318,2017.4081248820803,8681.216713871398,0.2496952,48.3988,287.1611,147.6561,135.42227025793636,7.432242451126058,8367.669121272611
2457904.34008352,2017.4109242533057,8664.830559720685,0.2482765,48.3976,284.5385,150.0319,135.42045526019228,6.177668809927525,8355.470052257047
2457906.09958467,2017.415741504914,8638.571741073012,0.2459984,48.3945,279.9952,154.1464,135.3606144838368,4.014658230992723,8335.859270378802
2457907.29881706,2017.4190248242573,8620.218786928464,0.2444017,48.3938,276.8765,156.9706,135.2863610312097,2.5381632673943955,8322.110352224661
2457909.04470017,2017.4238047917042,8593.307904791023,0.2420556,48.3921,272.3028,161.1149,135.11330391208867,0.3879749865109261,8301.882716092476
2457909.31959995,2017.424557426284,8588.885924534807,0.2416741,48.3914,271.5788,161.771,135.03834872018888,0.049126537770462164,8298.540126460024
2457910.32579589,2017.4273122406291,8572.992270368786,0.2402795,48.3904,268.9213,164.1794,134.94167414070944,358.8082933734713,8286.561945603351
2457911.42033327,2017.4303089206571,8556.12845279527,0.238786,48.3896,266.0157,166.8126,134.90846406609944,357.4570885634665,8273.849435926753
2457913.05587504,2017.4347867899799,8529.821876291693,0.2364702,48.3882,261.6429,170.7798,134.63689124062148,355.4394556072692,8253.910583584671
2457913.23713631,2017.43528305629,8526.972121113395,0.2362214,48.388,261.156,171.2227,134.582528903019,355.21679973555706,8251.740340416793
2457915.04461912,2017.4402316745247,8497.354597849484,0.2335748,48.3854,256.2759,175.6517,134.45039712771086,352.9841971710639,8229.264777631483
2457916.03466728,2017.4429422786586,8480.787231484293,0.2320862,48.3839,253.5824,178.0963,134.37724992058338,351.7594796829204,8216.66059449039
2457917.021842,2017.445645015743,8464.27744969229,0.2306031,48.3823,250.8821,180.5486,134.25253053315464,350.5384943325754,8204.06320259227
2457918.0954185,2017.4485843080076,8445.7964727359,0.2289284,48.3807,247.9286,183.2287,134.17749950682628,349.206949117258,8189.951835271078
2457918.0954185,2017.4485843080076,8445.7964727359,0.2289284,48.3807,247.9286,183.2287,134.17749950682628,349.206949117258,8189.951835271078
2457919.6992713,2017.4529754176588,8418.726764978242,0.2286192,48.3909,243.4768,187.2595,115.90788695032825,347.20514964283257,8164.3985873406655
2457920.94173409,2017.4563770953866,8399.677113899446,0.2247193,48.3783,240.0128,190.4066,133.9712526379417,345.6636456607987,8154.604404038515
2457921.7381242,2017.4585574926766,8386.810784954609,0.223537,48.3773,237.7761,192.4383,133.9119625182102,344.67370263641004,8144.710072843231
2457923.06131098,2017.4621801806434,8365.062474435996,0.2215479,48.3763,234.0389,195.8314,133.66414985589654,343.02543496837507,8127.9145545832025
2457923.41331633,2017.4631439187679,8359.62592851215,0.2210331,48.3761,233.0405,196.7347,133.73559469273187,342.5833892435903,8123.7441863424465
2457924.02851506,2017.4648282410951,8350.2630969369,0.2201813,48.3758,231.2911,198.3257,133.55501291130713,341.81863320578236,8116.477586528429
2457925.08075938,2017.467709129035,8334.475833877652,0.2187256,48.3753,228.2857,201.054,133.37630642726253,340.50441354742134,8104.240257340384
2457926.04283401,2017.4703431458179,8321.567089310816,0.2175283,48.3744,225.5254,203.5607,133.2544470370858,339.3025675055692,8094.224306203797
2457926.39213229,2017.4712994723893,8316.978768822299,0.2170944,48.3741,224.5203,204.4732,133.27295319208315,338.8656899398706,8090.676363622951
2457927.08983656,2017.4732096825742,8307.392439200163,0.2162119,48.3731,222.5073,206.3024,133.0990358750605,337.9942142733246,8083.203914335263
2457929.00260581,2017.4784465593698,8283.054151822103,0.2139293,48.3713,216.9569,211.3429,132.92987526070738,335.59903862686156,8064.264946711661
2457929.69612192,2017.4803453029976,8274.487207838822,0.2131114,48.3711,214.9338,213.1785,132.96335469419864,334.72799092083756,8057.609127042132
2457930.04247648,2017.4812935701025,8270.085430763764,0.2127041,48.3711,213.9216,214.1003,132.86805229004403,334.2962147631427,8054.1587914828715
2457930.73439521,2017.4831879403428,8261.796998132044,0.2119178,48.3707,211.893,215.9403,132.83885424129767,333.4256414766339,8047.6944902158875
2457931.07997408,2017.4841340837233,8257.946951503689,0.2115557,48.3708,210.878,216.8605,132.7949036154596,332.9902298595776,8044.682165280336
2457933.06254359,2017.4895620632171,8237.053448511195,0.2095677,48.3718,205.0321,222.1658,132.69680252963462,330.4955572418029,8028.346157660297
2457934.09410245,2017.4923863174542,8227.182450610497,0.2086302,48.3726,201.9764,224.9406,132.60743050313886,329.1979257164545,8020.604096903823
2457934.09410245,2017.4923863174542,8227.182450610497,0.2086302,48.3726,201.9764,224.9406,132.60743050313886,329.1979257164545,8020.604096903823
2457936.06645465,2017.4977863234767,8210.20590242546,0.2070241,48.3733,196.1039,230.2707,132.35911466114158,326.71152354835056,8007.245641222683
2457937.09309976,2017.5005971245994,8201.139796153464,0.2061594,48.374,193.0349,233.0568,132.26143646234323,325.4167351442548,8000.109590663243
2457937.7765582,2017.5024683318272,8194.88965363049,0.2055623,48.3741,190.9866,234.9173,132.1929881840024,324.55530054219594,7995.1854323012885
2457938.28867562,2017.5038704329095,8190.793754330714,0.2051653,48.3739,189.4478,236.3141,132.19079648532716,323.90854415255444,7991.966761560291
2457938.71515807,2017.5050380782204,8187.544585464682,0.204856,48.374,188.1653,237.4763,132.14065186472908,323.36789184068505,7989.400821934801
2457939.05616633,2017.5059717079532,8185.070610193067,0.2046188,48.3739,187.1389,238.4063,132.1149840200942,322.93538513686735,7987.449415142154
2457940.07828421,2017.5087701141958,8177.838644215482,0.2039249,48.3742,184.0572,241.2034,132.03741647770494,321.64335888946914,7981.741236014604
2457941.01406509,2017.511332142615,8171.424607421481,0.2033034,48.3743,181.2292,243.7689,132.0099018890278,320.4585286586273,7976.684429646989
2457942.03369526,2017.5141237378784,8164.493658499289,0.2026382,48.375,178.141,246.5707,131.91905962957844,319.16715436379866,7971.201394183053
2457942.03369526,2017.5141237378784,8164.493658499289,0.2026382,48.375,178.141,246.5707,131.91905962957844,319.16715436379866,7971.201394183053
2457943.05205823,2017.5169118637375,8157.882715222997,0.2019937,48.3755,175.0495,249.3757,131.90550140905725,317.8769290544682,7965.984622964387
2457944.40798681,2017.5206241938672,8148.799225074897,0.201109,48.3764,170.9237,253.1179,131.86606171930907,316.1568902078375,7958.805191224932
2457945.4233171,2017.5234040167006,8141.098673043443,0.2003607,48.3773,167.8242,255.9278,131.80614414338743,314.866553987757,7952.706604742865
2457945.76146722,2017.5243298212724,8138.826227474522,0.2001423,48.3775,166.7894,256.8669,131.76652700744762,314.4375643418847,7950.900744917814
2457947.02830345,2017.5277982298426,8130.60144194315,0.1993349,48.3783,162.9089,260.3835,131.75251657355693,312.8250372566997,7944.390776058738
2457948.96722123,2017.5331066974122,8118.762831326209,0.1981787,48.3791,156.9498,265.7829,131.66066780566143,310.3542889316118,7934.992694335702
2457949.97719511,2017.5358718551956,8112.825888088072,0.1976037,48.379,153.8359,268.604,131.56517514608367,309.0660321296051,7930.263367883748
2457951.40607976,2017.5397839281584,8103.4145755435875,0.1966634,48.3782,149.4197,272.6083,131.63321350762817,307.24578586301027,7922.809919075389
2457951.82577957,2017.5409330036134,8099.301211488022,0.1962762,48.3786,148.1179,273.7879,131.4648470417569,306.7099186991695,7919.50437087134
2457953.41792413,2017.5452920578505,8085.334732106484,0.1948955,48.379,143.1678,278.2711,131.40307682522416,304.6737591738455,7908.385320520029
2457954.33804395,2017.5478112086244,8079.235307855554,0.194283,48.3783,140.2967,280.8723,131.44093453945334,303.4969648952457,7903.538233199219
2457955.34066543,2017.550556236632,8072.867714767077,0.1936502,48.3782,137.1624,283.7148,131.41896722888941,302.21695481248764,7898.460315095
2457955.75805824,2017.5516989958662,8069.820977540832,0.193348,48.3783,135.8548,284.8986,131.40093117526794,301.68176148812694,7896.027591139445
2457956.34201392,2017.5532977793846,8065.4842037894505,0.1928964,48.3782,134.0236,286.5571,131.54503662159914,300.9334994215774,7892.601329908433
2457957.25869678,2017.555807520274,8058.476909934865,0.1922066,48.3787,131.1434,289.164,131.44816189777794,299.7566927013644,7886.987454016031
2457958.34043932,2017.5587691699386,8049.594603862982,0.191315,48.3786,127.7352,292.2506,131.45011222493486,298.36889882210164,7879.892509013775
2457959.33738269,2017.5614986521289,8041.142914844698,0.1904641,48.3782,124.5837,295.1035,131.45756659742528,297.08768523362653,7873.135627930683
2457959.66934724,2017.5624075215335,8038.217805540766,0.190168,48.3778,123.5326,296.0562,131.469701896689,296.6620922479274,7870.797569421281
2457960.7470117,2017.5653580060239,8028.808969188739,0.1892214,48.3768,120.1118,299.1555,131.45019570628847,295.27841783144555,7863.258432390841
2457962.40126367,2017.5698871010816,8014.508675056866,0.1877956,48.3752,114.8392,303.9317,131.2829097193562,293.1515436106142,7851.753308895038
2457964.38036377,2017.5753055818475,7996.2827668507625,0.1859537,48.3718,108.4914,309.6759,131.20810010862533,290.59729053487075,7837.091362611855
2457965.7780985,2017.5791323709784,7982.765303530723,0.1845574,48.3696,103.9836,313.7603,131.35059430088222,288.79624644776914,7826.238502716024
2457966.35258478,2017.5807052286932,7977.095378212405,0.1839825,48.369,102.1238,315.4358,131.31312779044129,288.0457176704453,7821.659950795053
2457966.72719111,2017.5817308449284,7973.351419589357,0.1836251,48.3687,100.9139,316.5314,131.10766783211875,287.5621958257331,7818.596433300232
2457968.64402572,2017.5869788520745,7951.930149719795,0.1814175,48.3661,94.6657,322.1947,131.1745617830038,285.08801325320064,7801.306323919746
2457969.6226274,2017.5896581174534,7939.9703831499455,0.18017,48.365,91.4574,325.0965,131.28961921782047,283.81697771676875,7791.64906316777
2457970.35501433,2017.591663283586,7929.446056447114,0.1790877,48.3643,89.0469,327.2836,131.24349992393036,282.8717179090508,7783.108082306377
2457971.329185,2017.5943304175228,7914.735295785754,0.1775415,48.3637,85.8268,330.2091,131.40501926900743,281.6169496918393,7771.197496827715
2457972.30059648,2017.5969899972067,7899.605562443697,0.1759732,48.3615,82.5976,333.1293,131.35039288267944,280.3505010055436,7758.879099822802
2457973.43040549,2017.600083245695,7882.161531489389,0.1741445,48.358,78.8187,336.5512,131.3901526689342,278.87993154979847,7744.668340960581
2457973.75252583,2017.6009651631216,7877.197055302824,0.1736483,48.357,77.7364,337.5275,131.1988778844825,278.45644127621296,7740.577556560043
2457974.31551614,2017.6025065465842,7868.737836022733,0.172751,48.3566,75.8401,339.2399,131.26920611196965,277.7176432297202,7733.681010043103
2457975.11820637,2017.604704192663,7856.469312289403,0.1714657,48.3546,73.1262,341.6987,131.21800212918242,276.6713906413246,7723.635034453651
2457975.51882677,2017.6058010315403,7850.11431600901,0.1707932,48.3522,71.7669,342.9292,131.23187161201986,276.14772864545637,7718.43321030425
2457976.07890632,2017.607334445777,7841.380007042484,0.1698828,48.3512,69.8608,344.6525,131.12811558208705,275.412899520294,7711.252785419969
2457977.11651293,2017.6101752578509,7824.8040779202565,0.1681282,48.3504,66.3137,347.8659,131.0975529468642,274.05650717369605,7697.636895377047
2457977.35548497,2017.6108295276383,7820.696669181227,0.1676837,48.3501,65.4938,348.6086,131.15701511524276,273.743770050188,7694.271541359239
2457977.51469925,2017.6112654325805,7818.10676051433,0.1674132,48.3494,64.9467,349.105,131.11618979499144,273.53614427105373,7692.133421530597
2457978.38888238,2017.613658815551,7802.893786780062,0.1657931,48.3478,61.9322,351.8379,131.09153689905634,272.3929264016636,7679.601770027459
2457979.33953793,2017.6162615685973,7785.39892282854,0.1639293,48.3449,58.6335,354.8335,131.00762718850365,271.1528353049274,7665.1497680795665
2457979.41861226,2017.6164780623133,7783.862533383888,0.163763,48.3448,58.3583,355.0826,131.01755332934226,271.048797567239,7663.882342820732
2457980.05041735,2017.6182078503768,7772.289790705555,0.1625302,48.3434,56.1518,357.083,130.92167656422316,270.21997386433924,7654.295292914285
2457980.52334436,2017.6195026539626,7763.591999528561,0.1615872,48.3419,54.495,358.5841,130.95860638233898,269.598144573477,7647.101035616635
2457981.38827696,2017.6218707103621,7747.279472014475,0.1598338,48.3393,51.449,1.3523,130.86605434040757,268.4678442696321,7633.5563885992415
2457982.32867745,2017.624445386584,7728.805238515196,0.1578417,48.3382,48.1162,4.3788,130.74118069905217,267.23466082972584,7618.17903646794
2457982.40689018,2017.6246595213688,7727.241063919498,0.1576741,48.3381,47.8381,4.6316,130.71898368294842,267.13227230722475,7616.873283488426
2457983.18760489,2017.6267970017527,7709.899876029689,0.1557839,48.3348,45.049,7.1634,130.68530473226747,266.10547936899786,7602.418096460507
2457983.42127983,2017.6274367688704,7704.109814792782,0.155154,48.3342,44.2105,7.9249,130.650060588423,265.7981632066429,7597.580085181448
2457984.35342335,2017.6299888387407,7681.838557244141,0.1527027,48.3317,40.8465,10.9729,130.66476858885653,264.563418053364,7578.963632113723
2457985.43574895,2017.6329520847369,7654.604155860295,0.1497014,48.3287,36.9033,14.5589,130.56289728219053,263.1394494947554,7556.103421686397
2457985.51282876,2017.6331631177545,7652.469501690091,0.1494729,48.3286,36.6206,14.8142,130.4963931109187,263.0360776083626,7554.298083124076
2457986.05152754,2017.6346379946344,7638.079811437297,0.1478929,48.327,34.6405,16.6144,130.32573769238206,262.32522193163106,7542.163398486299
2457986.43539179,2017.6356889576723,7628.213817258655,0.1467883,48.3262,33.2229,17.896,130.34497898674636,261.81087523801176,7533.853576712095
2457987.04806876,2017.6373663757972,7612.970233162177,0.1451005,48.3244,30.9483,19.9609,130.18814584522806,260.9973047129733,7520.961581071474
2457987.27733663,2017.637994077016,7606.87738955775,0.1444281,48.3237,30.0935,20.7433,130.09424125096302,260.6989322742947,7515.796318635238
2457987.50633442,2017.6386210387948,7601.0511853062935,0.1437754,48.323,29.2375,21.5198,130.0707107184071,260.39372603384504,7510.864305233792
2457988.11567981,2017.6402893355505,7584.862963359981,0.1419668,48.321,26.9502,23.6028,129.92794001324728,259.588839201817,7497.127932965495
2457988.41961442,2017.6411214631617,7576.786236112036,0.1410523,48.3202,25.8039,24.6429,129.92681090009046,259.1830732617921,7490.274976390618
2457989.02602279,2017.6427817187953,7560.281539762887,0.1391974,48.3185,23.506,26.7305,129.7737061598964,258.3750812336757,7476.223669507135
2457989.32846487,2017.6436097600817,7551.740957975878,0.1382285,48.3176,22.354,27.7803,129.73883296630902,257.97478637055457,7468.947682323054
2457990.08232893,2017.6456737273922,7530.630227237229,0.1358622,48.3159,19.4665,30.4037,129.36593717827873,256.9676581387782,7450.882155551615
2457990.38298841,2017.6464968881864,7522.211583147023,0.1348933,48.3151,18.3075,31.4576,129.37933939809682,256.56622025290784,7443.689260669651
2457990.98293115,2017.6481394418895,7507.105812185188,0.1331684,48.3135,15.9834,33.5678,129.26024254578624,255.76100091979617,7430.740149642811
2457991.0577993,2017.648344419713,7505.446355057637,0.1329865,48.3134,15.6925,33.8387,129.18701336076447,255.6672089033151,7429.30680684855
2457991.35696829,2017.6491634997678,7497.711796019043,0.1320946,48.3128,14.5276,34.9064,129.16825540862465,255.27514008360848,7422.6713793732815
2457992.10299412,2017.6512060071736,7479.809389120878,0.1300377,48.3114,11.6071,37.5699,129.01587972119341,254.28283741744812,7407.269876659039
2457995.27924887,2017.6599021187405,7399.428871852226,0.1206733,48.3058,358.9206,49.1444,128.37907177054058,250.04023725341034,7337.663499971359
2457996.22935223,2017.6625033599732,7374.930102934843,0.1177732,48.3045,355.0428,52.6805,128.2246849358762,248.7620904096533,7316.3013977040855
2457996.22935223,2017.6625033599732,7374.930102934843,0.1177732,48.3045,355.0428,52.6805,128.2246849358762,248.7620904096533,7316.3013977040855
2457998.18682177,2017.6678626194932,7319.5325974507905,0.1111851,48.3009,346.9168,60.1463,127.5733336499643,246.17255698241723,7267.689108016621
2458000.04990982,2017.6729634765773,7262.978372750686,0.1043291,48.3008,339.0006,67.3493,127.10207580214228,243.62304843218215,7217.698555166217
2458000.7608188,2017.6749098392881,7242.527631707694,0.1018247,48.3001,335.929,70.1458,126.923128367348,242.64725785630492,7199.52183406031
2458003.1541788,2017.6814625018483,7168.113565046932,0.0926292,48.2985,325.3732,79.8117,126.00064000748716,239.39839933464168,7132.903754148967
2458003.18194287,2017.6815385157288,7167.54134225197,0.0926337,48.2963,325.2376,79.9766,125.44916781620304,239.40033433766678,7132.330914933926
2458003.92058374,2017.6835608042159,7144.410327443949,0.0896503,48.2978,321.9196,82.9578,125.77549826550148,238.33551048225735,7111.541665231088
2458004.82085537,2017.6860256136065,7110.528261237951,0.0853932,48.297,317.8102,86.7253,125.20119932040598,237.106279101643,7080.853253234522
2458005.02767218,2017.686591847173,7101.7927029067805,0.0843304,48.2967,316.8544,87.6856,124.75938355356993,236.9069350176842,7072.888444171606
2458005.59009877,2017.688131687255,7069.122062230713,0.0801272,48.2957,314.2502,90.0591,124.55680492594001,236.12189258821866,7043.151204942487
2458006.08028106,2017.6894737332243,7049.305836085527,0.0776336,48.2851,311.9244,91.979,123.90654652919693,235.2328560392387,7024.996679213415
2458006.42621325,2017.6904208439425,7035.558308514972,0.0759689,48.2998,310.2816,93.6051,122.93838293122917,234.87519618066926,7012.32717320928
2458007.02231833,2017.6920528907053,7011.685836386867,0.0728112,48.2921,307.4363,96.2229,123.02027661653574,234.06015934607598,6990.420359952894
2458007.90094005,2017.6944584258724,6974.940444132161,0.0679752,48.3049,303.1881,99.9381,122.68117245418853,232.66116668592565,6956.505824195852
2458008.10333731,2017.6950125593696,6964.922830337495,0.0667321,48.2954,302.1891,101.0284,122.00260353113026,232.5529786269019,6947.1824489186765
2458008.56306419,2017.6962712229708,6944.060314540271,0.0641841,48.2998,299.9126,103.11,120.22575290578698,231.9049597305036,6927.699146160442
2458009.34375381,2017.6984086346613,6902.99355017452,0.0584592,48.2941,296.0089,106.702,121.31376962615741,230.82379152193147,6889.503188363284
2458009.6248834,2017.6991783255298,6887.167543489385,0.056472,48.2909,294.5962,108.1748,120.09911797345285,230.60680280922162,6874.608225008827
2458010.09014656,2017.70045214664,6852.357289480181,0.0517749,48.3019,292.1895,110.2857,119.44087605307413,229.8524272096376,6841.854849599913
2458010.09014656,2017.70045214664,6853.659923001317,0.0523601,48.2998,292.2121,110.4173,116.6653040669753,230.0066272096376,6842.916545519583
2458010.91228228,2017.7027030315678,6792.1919975031815,0.0436949,48.2943,287.8637,114.3766,117.27154739147954,228.80720863557286,6784.778703738561
2458011.06160806,2017.7031118632713,6779.053187651209,0.0417301,48.2887,287.0538,114.9623,118.02632022520447,228.43582922237624,6772.304924527192
2458011.81377098,2017.7051711731146,6683.050178800869,0.0288255,48.289,282.9328,118.9729,112.27161587184492,227.5840776787433,6679.876465277403
2458011.95095788,2017.7055467703763,6660.382822773269,0.025493,48.2858,282.1627,119.7224,112.45338347231063,227.42826266458496,6657.9090287784575
2458012.01042598,2017.7057095851615,6650.836428216668,0.0241189,48.2875,281.8263,119.4925,112.28926948815297,226.80334934189523,6648.625333431252
