jd,year,a_km,e,i_deg,raan_deg,argp_deg,hp_km,azimuth_deg,lambda
2457983.30978497,2017.6271315125798,24426.969575482948,0.7225465,48.6284,305.7947,0.0283,399.21190311125883,159.5956554712635,16019.442518729413
2457986.97103965,2017.637155481588,24428.2854452628,0.7225801,48.6544,304.8348,0.8962,398.7562053962629,155.8950266283066,16019.37538619252
2457991.80850305,2017.650399734565,24428.077675877015,0.7226771,48.6434,303.5487,2.0569,396.3290424994748,151.00169555657533,16016.553600930129
2457995.76628456,2017.6612355497873,24427.856017097707,0.7227974,48.6286,302.4931,3.0038,393.328900365128,146.99210207653044,16013.076709537958
2458003.68209756,2017.6829078646401,24427.83030643712,0.722991,48.6101,300.3841,4.8863,388.5925453558393,138.96356872956642,16007.696094563471
2458006.76034284,2017.6913356409038,24427.861674884465,0.7230413,48.6061,299.572,5.6172,387.37251325582383,135.8483692746397,16006.322612482329
2458012.03739958,2017.7057834348523,24427.734912599604,0.7231358,48.5951,298.1795,6.883,385.02898438895954,130.52046345320377,16003.620038976524
2458015.9952342,2017.716619395482,24427.728610336828,0.7232882,48.5771,297.1193,7.8344,381.30445367780067,126.51071762648098,15999.390028194179
2458019.95295663,2017.7274550489526,24427.577930173626,0.7234589,48.5602,296.0656,8.7826,377.09297114593755,122.50438237708443,15994.555994344
2458027.42861773,2017.7479222935792,24427.312311913207,0.7236369,48.5345,294.0812,10.5832,372.67145518849975,114.95237431148541,15989.441966857512
2458033.58500912,2017.7647775745925,24427.25222833104,0.7238226,48.5231,292.4476,12.06,368.1187095646728,108.72767314667192,15984.246325657849
2458039.74130279,2017.7816325880633,24427.133064846326,0.7240436,48.4949,290.7961,13.547,362.68740289595826,102.49536829721274,15978.02854499595
2458045.89756854,2017.798487525093,24426.955110064348,0.7243208,48.4644,289.1257,15.0438,355.86714317845144,96.25399096655565,15970.205896618123
2458050.73450575,2017.8117303374395,24426.740995729207,0.7244519,48.4432,287.8467,16.2287,352.6057705652902,91.39247852178443,15966.419321620964
2458056.45094241,2017.8273810880496,24426.581308159315,0.7246044,48.4182,286.3234,17.6152,348.8367153093186,85.62140830210552,15962.071517658193
2458060.40838141,2017.8382159655303,24426.50067766944,0.7247334,48.4,285.2589,18.5764,345.66349143976277,81.61755240909156,15958.427961500201
2458066.5643416,2017.8550700659823,24426.274758304513,0.7249717,48.3747,283.6,20.0745,339.7805221094013,75.38927624635465,15951.643788051208
2458071.84081988,2017.8695162761942,24426.048700954736,0.7250885,48.3475,282.1747,21.374,336.8653874525171,70.0628405701188,15948.241796753111
2458075.79810981,2017.8803507455439,24425.84205316725,0.7253675,48.3027,281.1075,22.3407,329.9937676664531,66.06193160423686,15940.329104129758
2458081.51415724,2017.896000430499,24425.57662529412,0.7255042,48.2955,279.5541,23.7455,326.5818962214089,60.27944502030704,15936.342967721912
2458087.22998435,2017.911649512252,24425.258006806846,0.7256908,48.2739,278.0033,25.1493,321.93668364078076,54.498775589286765,15930.928131291415
2458092.5060723,2017.9260946537988,24424.73485062847,0.7258615,48.2583,276.5652,26.4488,317.6238748490114,49.159924632423895,15925.821447045406
2458097.34239329,2017.9393357790275,24424.3541892436,0.7261306,48.2338,275.2494,27.6372,310.94692719563227,44.26571955010894,15918.056391897457
2458101.29927693,2017.950169136016,24423.996308043934,0.726273,48.2152,274.1593,28.6228,307.3709374119435,40.261211034269365,15913.843302329211
2458106.5749971,2017.9646132706366,24423.575443927315,0.7264399,48.1866,272.7069,29.9415,303.17944079829977,34.92762257079539,15908.902634811806
2458113.60898873,2017.983871290157,24422.719525673852,0.726618,48.1434,270.778,31.6917,298.5956093677696,27.81603554355246,15903.363376664292
2458117.56536327,2017.9947032533066,24421.949356404453,0.7268306,48.1187,269.6726,32.6827,293.19295251939093,23.80212880962955,15896.912166734961
2458121.96120028,2018.0067383991243,24421.288748430998,0.7268557,48.1268,268.4549,33.7929,292.39952028806056,19.36197631528728,15895.779519102538
2458126.35684907,2018.018773029624,24420.53880139176,0.7270865,48.0982,267.2317,34.8986,286.5584161736315,14.912009335353275,15888.828420341131
2458127.67547058,2018.0223832185623,24420.192939119763,0.727126,48.0927,266.8627,35.2287,285.4994280693645,13.573441317571223,15887.496907313622
2458131.6312957,2018.0332136774814,24419.487798734513,0.7272612,48.0776,265.7634,36.23,282.0054988414913,9.576476106686357,15883.250113491107
2458134.70792506,2018.0416370295957,24418.719816080375,0.727252,48.0634,264.9058,37.0163,282.02069239628963,6.47276934554543,15883.008393514088
2458141.30016683,2018.059685603915,24417.115497455576,0.7275043,48.031,263.0756,38.6832,275.4226794600054,359.81198259059914,15874.893091169422
2458144.37625981,2018.0681074875013,24416.209500113764,0.7276152,48.0206,262.214,39.465,272.46804144658745,356.7003044995562,15871.194199310636
2458153.16420274,2018.0921675639697,24413.522762602846,0.7278974,47.9894,259.746,41.7039,264.84671886341675,347.80957697089104,15861.530975922833
2458163.70769552,2018.1210340739767,24409.524815338264,0.7282501,47.9527,256.764,44.4119,255.14962761569132,337.14363336836124,15849.032071368832
2458172.05248287,2018.1438808565913,24405.547439754046,0.7283825,47.9111,254.3882,46.5909,250.83748171739353,328.7219916271629,15842.730847264264
2458183.02939561,2018.173934005777,24400.508437370514,0.7286657,47.8762,251.288,49.4199,242.55857649802238,317.6316579202363,15831.502726164597
2458187.41921744,2018.1859526829292,24398.668188145704,0.7287702,47.8682,250.0452,50.5614,239.50959293712094,313.2036341455441,15827.371280764082
2458189.1750074,2018.1907597738539,24397.907053395527,0.728756,47.8682,249.5674,51.0409,239.64960079121738,311.47478141262957,15827.276727242763
2458197.07468264,2018.2123879059272,24393.466737221344,0.7289211,47.8468,247.3322,53.0679,234.4178303125509,303.4804538662067,15819.754803582233
2458202.33997993,2018.2268035042568,24390.59811335141,0.7289987,47.822,245.8404,54.4409,231.74749649577916,298.1720384674994,15815.712417306591
2458204.09489289,2018.2316081940867,24389.70399039896,0.7290282,47.8103,245.3416,54.9259,230.78569174558834,296.4285501287632,15814.303044323304
2458208.9202514,2018.2448193056816,24386.892385424097,0.7290989,47.786,243.9634,56.2487,228.29967279301218,291.61714995461926,15810.491747238419
2458215.06070151,2018.261630941848,24384.36557116452,0.7293941,47.8068,242.106,57.6796,220.41689131398743,285.13846093476405,15800.54859629455
2458217.69208474,2018.2688352764953,24383.224850741688,0.7293272,47.7832,241.4303,58.4395,221.7394433798354,282.6291004616847,15801.692049184336
2458221.63857887,2018.2796401885555,24380.641327119436,0.7293375,47.7749,240.3043,59.4532,220.78903320146492,278.62703212004845,15799.727984837664
2458223.83079348,2018.285642145051,24379.24214481592,0.7293448,47.7673,239.6821,60.0494,220.23235855358053,276.44032778159556,15798.615870167254
2458228.21482554,2018.2976449706773,24377.35346379155,0.7293382,47.7565,238.4198,61.2137,219.88206774605442,272.02131055620623,15797.577612223495
2458231.28323614,2018.3060458210539,24374.904338168715,0.7293617,47.748,237.5396,62.0189,218.6463727446062,268.922004420613,15795.329410535689
2458234.78951362,2018.3156454856128,24372.982242154878,0.7293958,47.7394,236.5354,62.9385,217.29506125252556,265.38152517938494,15793.124618385486
2458238.73362456,2018.3264438728538,24371.24486867624,0.7294348,47.7306,235.4072,63.9737,215.87444214235893,261.40110577265557,15790.901728996087
2458242.23914464,2018.3360414637646,24369.570595119727,0.7294627,47.7248,234.4055,64.8912,214.74153096308328,257.8617730447214,15789.032040018938
2458244.86805892,2018.343239038795,24368.09064461493,0.7294738,47.7202,233.6537,65.5816,214.07066334322917,255.20924603376778,15787.760921605226
2458249.24885725,2018.3552330109512,24364.724611888625,0.7294682,47.713,232.3981,66.7354,213.29650575853066,250.78961605752295,15785.737629508907
2458253.19075929,2018.3660253505545,24361.704946875165,0.7294456,47.7053,231.2668,67.7704,213.03016487884088,246.8080738004012,15784.416794262283
2458256.25628005,2018.3744182889805,24360.0371474647,0.7294523,47.6996,230.3853,68.5771,212.415722161134,243.71181596700046,15783.147786298132
2458260.63486728,2018.3864062074738,24356.92351945946,0.7294505,47.6927,229.1251,69.73,211.6171797279967,239.28886530944715,15781.181042082919
2458265.88824893,2018.4007891825604,24353.97535757534,0.7294702,47.6858,227.6155,71.1178,210.33978268978535,233.9891942782234,15778.71703103043
2458268.95225215,2018.4091779661876,24352.04565914534,0.7294714,47.6827,226.7363,71.9227,209.7885193046659,230.89493217243796,15777.433061372189
2458272.89105882,2018.4199618311288,24348.35441356964,0.7294503,47.6795,225.6045,72.9606,209.303682084942,226.91884079359284,15775.634623639311
2458275.95392696,2018.4283475070774,24345.74609874066,0.7294264,47.6763,224.7222,73.7742,209.17986662221483,223.83129745215047,15774.616331610147
2458280.76596014,2018.4415221359072,24341.753334777164,0.7293617,47.6724,223.3347,75.0478,209.6744415434223,218.97453107335997,15773.847028016577
2458285.57694586,2018.4546938969472,24337.880638788556,0.7293225,47.6674,221.9443,76.3216,209.58038660568945,214.1160970990337,15772.438469072686
2458288.2005813,2018.461877019302,24335.437300059253,0.7292908,47.6658,221.1857,77.0176,209.6904631491998,211.46757305126346,15771.745218778677
2458293.00945739,2018.4750430044896,24330.798439448186,0.7292574,47.6631,219.7987,78.291,209.24732957214565,206.6142183837469,15769.676443162758
2458295.63181742,2018.4822226349625,24327.01990417846,0.7292204,47.6624,219.0409,78.9888,209.12441884548207,203.96955141353914,15768.265901869978
2458298.69037424,2018.490596507159,24322.134966652393,0.7291645,47.6617,218.1586,79.8019,209.16128476078393,200.88575742277123,15766.667999401852
2458301.74822745,2018.4989684529776,24318.987187687737,0.7291159,47.6598,217.2756,80.6156,209.49065724832235,197.80255692806713,15765.990695140752
2458304.36876376,2018.506143090377,24316.63801422424,0.7290732,47.6581,216.518,81.3131,209.89262395212882,195.15958746428134,15765.665192288014
2458308.29880238,2018.5169029497056,24312.440670709017,0.7289789,47.6566,215.3818,82.3587,211.04811426029573,191.19543810597054,15765.587422590206
2458311.79126265,2018.5264647848048,24308.25603259636,0.7289033,47.6547,214.3698,83.2873,211.75169319196448,187.66977747029398,15764.992354449498
2458314.40993899,2018.533634329884,24304.790045995596,0.7288421,47.6539,213.609,83.9857,212.2995288130678,185.0263412417529,15764.458915189542
2458318.33694153,2018.5443858768788,24299.93364685087,0.7287623,47.6534,212.4723,85.03,212.92181252444243,181.06338432361724,15763.543561427676
2458320.95431319,2018.551551849939,24296.607350800306,0.7287208,47.6527,211.715,85.7263,213.02790483922763,178.42263402199166,15762.547513530026
2458324.44336219,2018.5611043454892,24292.32287225027,0.7286513,47.6526,210.7052,86.6581,213.55393136537714,174.90573562389636,15761.71287345119
2458329.23915327,2018.5742345058732,24286.4876217986,0.7285325,47.6512,209.3185,87.9366,214.85577847060995,170.07067788568986,15761.249696497936
2458332.29017918,2018.5825877595619,24283.2300655927,0.7284531,47.6504,208.4358,88.751,215.8995462984949,166.99520655771863,15761.355627686851
2458336.21203487,2018.5933252152497,24279.339057478606,0.7283339,47.6496,207.3016,89.7964,217.7370523228892,163.04092251012213,15762.16147520286
2458341.00411707,2018.6064452212738,24274.491694075637,0.7282039,47.6488,205.9144,91.0715,219.57587193215113,158.2056203414562,15762.645808537134
2458344.05291124,2018.6147923647916,24271.763353302584,0.7281182,47.6489,205.0298,91.8841,220.91440966994105,155.12864867501457,15763.267021579924
2458349.27818723,2018.629098390774,24266.4751387497,0.728002,47.6482,203.5192,93.2726,222.2964047896403,149.85637932133437,15763.075469173766
2458351.01955992,2018.633866009363,24264.87098785085,0.7279635,47.6484,203.0158,93.7377,222.79427648648743,148.10173662932198,15763.107591029191
2458355.80750499,2018.6469746885425,24261.303926316235,0.7278439,47.6479,201.633,95.013,224.72555750091396,143.27511212471046,15764.125970095785
2458358.85367714,2018.6553146533608,24257.237736351857,0.7277379,47.6471,200.7543,95.8234,226.1901862984014,140.20442479006232,15764.438843928432
2458363.20435872,2018.6672261703497,24254.437766492963,0.727606,47.6463,199.501,96.9792,228.62702096608518,135.81877867411555,15766.294524597486
2458368.42425569,2018.6815174693772,24251.306076098248,0.7274541,47.6463,197.9965,98.3628,231.45774068566516,130.55301102415967,15768.489274947022
2458371.46872905,2018.689852783162,24249.744301703082,0.727364,47.6473,197.1169,99.1704,233.2169874391211,127.48029806170143,15769.982125212353
2458374.07801265,2018.6969966123202,24248.126040438616,0.727294,47.6477,196.3656,99.8612,234.4731599838533,124.84801956477952,15770.877955689917
2458377.12186318,2018.7053302208894,24246.565691800894,0.7272328,47.6485,195.4893,100.6666,235.53153336859214,121.77702047982916,15771.565993289227
2458379.29588173,2018.7112823592884,24245.55439376625,0.7271814,47.6496,194.8639,101.2421,236.50190593115803,119.5843506562253,15772.338099482233
2458384.07825561,2018.72437578538,24243.86472735274,0.727057,47.65,193.4904,102.5091,239.05687027783915,114.76421726317051,15774.698610656746
2458386.68657652,2018.7315169788367,24242.580859254358,0.7269807,47.6505,192.743,103.1979,240.55615638702238,112.13478761879963,15775.984527501443
2458390.59874329,2018.7422279077075,24241.34036986493,0.7268615,47.6517,191.6217,104.23,243.10704661435102,108.18965322529021,15778.490221191681
2458396.24911757,2018.757697789377,24239.576906730905,0.7266866,47.6552,190.0016,105.7209,246.8648789401077,102.49129582423222,15782.201146210473
2458400.1605668,2018.7684067537298,24238.656804461156,0.7265655,47.6592,188.8796,106.7501,249.5487039994341,98.54326865727359,15784.96478151079
2458403.20260051,2018.7767353881172,24237.582069245844,0.7264877,47.6613,188.0076,107.5531,251.14051819819088,95.47596027775671,15786.424557467833
2458409.28621186,2018.7933914082407,24236.244470563306,0.7263247,47.6674,186.2694,109.1493,254.72517635475288,89.33779303336343,15790.076407801349
2458411.45878612,2018.7993395923893,24235.86914461283,0.7262671,47.6692,185.6487,109.7248,256.01844497538787,87.15124673987094,15791.429711855691
2458414.06580661,2018.8064772254895,24235.483792319857,0.7261906,47.6718,184.9049,110.4101,257.7669758848242,84.523198823776,15793.300329653026
2458418.41067324,2018.8183728220129,24234.7845378002,0.7260399,47.6768,183.6663,111.5503,261.2276954541967,80.142384075368,15797.02286977232
2458421.45195124,2018.826699387379,24234.345028191306,0.7259331,47.6811,182.7987,112.3509,263.6955154068037,77.07782054355107,15799.696374502768
2458427.09979578,2018.8421623429983,24233.70398369102,0.7257323,47.6911,181.1878,113.8306,268.3859540877729,71.37995652059737,15804.841218301855
2458431.00966523,2018.8528669821487,24233.058910079104,0.725603,47.6982,180.0735,114.8554,271.3423657489757,67.43678642645784,15808.000831275966
2458434.9194014,2018.8635712563992,24232.610563927294,0.7254809,47.7056,178.9613,115.8808,274.1781426598136,63.496447696304244,15811.088106145797
2458440.13214116,2018.8778429600543,24232.077096229237,0.7253028,47.7134,177.4823,117.2465,278.34742851830106,58.245334380438294,15815.667767698123
2458446.21339309,2018.8944925204376,24231.42111159767,0.7250511,47.7254,175.7565,118.8377,284.2662800705575,52.11689264247025,15822.199534367845
2458448.38519323,2018.9004385851613,24231.258350618373,0.7249568,47.7301,175.1402,119.4063,286.50653678080016,49.92860934197739,15824.69957424845
2458454.03168689,2018.9158978422722,24230.783769524358,0.7246943,47.7432,173.5378,120.8816,292.73658721754146,44.23617678199048,15831.641141549253
2458457.94067116,2018.9266000579325,24230.410619963837,0.7245352,47.7525,172.4296,121.9024,296.4889153462136,40.295979144260514,15835.789880316432
2458464.88966668,2018.9456253707865,24229.711871661315,0.7242576,47.7664,170.4673,123.715,303.02260280038445,33.29716651684845,15842.992669824715
2458471.83825445,2018.9646495672823,24229.12740953936,0.7239459,47.7798,168.509,125.5242,310.4136608257186,26.299355778343966,15851.203831335806
2458475.31240285,2018.9741612672142,24228.849891842132,0.7237621,47.7879,167.5294,126.4269,314.79031353769824,22.79824380285862,15856.086065348085
2458480.08917445,2018.987239355099,24228.532668324442,0.7234959,47.7992,166.1826,127.6668,321.1523197756487,17.983232164360686,15863.207898194607
2458483.99734162,2018.9979393336614,24228.278812789777,0.7233043,47.8082,165.0839,128.678,325.7242659000358,14.0437398819181,15868.313825809944
2458486.16851194,2019.0038836740318,24228.14683579817,0.7232059,47.8128,164.4743,129.2395,328.071798082603,11.855677348502013,15870.93392968941
2458490.07652217,2019.0145832229161,24227.889973451896,0.7230318,47.8193,163.3796,130.2498,332.21877574501923,7.919439750208994,15875.55257785675
2458492.68179194,2019.0217160628056,24227.71302935505,0.7229177,47.8235,162.6507,130.9216,334.93414991366535,5.294517389957264,15878.572597294124
2458497.4580104,2019.034792636277,24227.516023233766,0.7226969,47.8312,161.3174,132.1501,340.22899854239586,0.4821509402747779,15884.50925181938
2458500.93155168,2019.044302674004,24227.40215720581,0.7225118,47.8376,160.3482,133.0418,344.6819152791568,356.98103735855295,15889.516834781298
2458502.66828778,2019.0490575983029,24227.335648277938,0.7224132,47.8408,159.8628,133.4883,347.05227513139835,355.230364610955,15892.17941072884
2458507.01003066,2019.0609446424637,24227.195686360596,0.7221731,47.8497,158.6533,134.5979,352.8303732349359,350.8511287130872,15898.674407704595
2458511.78584671,2019.0740201141964,24227.065758610486,0.7219239,47.8601,157.3234,135.8178,358.8316605979462,346.03395888932573,15905.42108216734
2458515.2591072,2019.0835293831622,24226.979819236192,0.7217601,47.8662,156.3599,136.702,362.77614220629584,342.53132206163843,15909.852818842093
2458519.16642719,2019.0942270422722,24226.887426489615,0.7215902,47.8724,155.2785,137.695,366.8665830314894,338.59176478197963,15914.445346545705
2458529.58557268,2019.1227531079535,24226.72312812463,0.7210876,47.8919,152.4032,140.3315,378.9971918007468,328.0835811367633,15928.090100358055
2458541.74054541,2019.1560316096104,24226.696470240957,0.720467,47.9207,149.061,143.3885,394.024844415866,315.8181205402573,15945.028594080208
2458547.8177661,2019.17267013306,24226.651502766515,0.7202037,47.9335,147.4026,144.9091,400.39115186351046,309.6904520983969,15952.184369636965
2458550.85631545,2019.1809892277886,24226.65269534895,0.7200774,47.9396,146.5732,145.6669,403.4513117790857,306.6239779960797,15955.630047867522
2458560.83978334,2019.2083224732107,24226.665673461375,0.7195756,47.9688,143.8577,148.1553,415.611885481002,296.55690964412963,15969.313966297914
2458565.61430276,2019.2213943949623,24226.65957023877,0.7193302,47.9858,142.562,149.3421,421.5553962470012,291.7421178135621,15975.99107172173
2458569.95468539,2019.2332777149622,24226.628703424718,0.7191253,47.9991,141.388,150.4188,426.5107690858076,287.3668226135566,15981.545857139
2458574.72895487,2019.2463489524155,24226.62182855679,0.7189079,48.0099,140.1026,151.5982,431.7757056948667,282.5551771303939,15987.45324369748
2458577.76707274,2019.2546668658179,24226.620916584885,0.718776,48.0188,139.2847,152.3492,434.97094064566863,279.49382830553367,15991.037827615108
2458582.54118898,2019.2677376837235,24226.66609437342,0.7185521,48.0342,138.0017,153.5291,440.40799626260014,274.6852338595613,15997.150619648106
2458587.31511679,2019.2808079857361,24226.66735710966,0.7182972,48.0511,136.7191,154.709,446.583729166392,269.8772251349918,16004.07222476903
2458591.22097214,2019.2915016348798,24226.672478208347,0.7180939,48.0657,135.6712,155.6732,451.51045430905106,265.94381144326513,16009.592024306408
2458596.42869032,2019.3057595901982,24226.65332671618,0.7178323,48.084,134.2777,156.9564,457.8427478968533,260.70064752866017,16016.673319891364
2458602.07015086,2019.3212050673787,24226.63101843236,0.717591,48.1006,132.7724,158.3425,463.68233928446443,255.02107574361935,16023.19765127608
2458605.54174786,2019.330709781958,24226.63200055698,0.7174426,48.1113,131.8473,159.1947,467.27784883417735,251.5264784951347,16027.217763418616
2458610.74903367,2019.344966553511,24226.658167199635,0.7171892,48.1285,130.4612,160.4727,473.424277592263,246.28594073599288,16034.094835422191
2458615.52218319,2019.358034724682,24226.67177668782,0.7169401,48.1434,129.1919,161.6433,479.46299044207717,241.4826991144805,16040.842697519214
2458620.2952622,2019.3711027028057,24226.663568901422,0.7166961,48.159,127.9243,162.8115,485.37197305769314,236.67882698990394,16047.43381987389
2458624.2004229,2019.381794450102,24226.64631152705,0.7165183,48.1691,126.8893,163.7645,489.67458169041583,232.7477979632385,16052.22652631512
2458626.80379369,2019.3889220908698,24226.63740224418,0.7164133,48.1748,126.2003,164.3987,492.21585299899925,230.12704728689897,16055.05664513198
2458630.7087973,2019.399613408076,24226.630176611336,0.7162553,48.1833,125.1676,165.3478,496.041611473529,226.19457309263066,16059.317902275716
2458634.61376358,2019.4103046230803,24226.647363805096,0.716089,48.1934,124.1354,166.2961,500.07537970526937,222.26183569107377,16063.817512504682
2458638.95251348,2019.4221834729092,24226.67128562348,0.7158731,48.204,122.9896,167.3495,505.31270970321293,217.89304975268067,16069.65727866459
2458644.15887299,2019.4364377083914,24226.69289247794,0.7156177,48.2179,121.6152,168.6109,511.5063461565278,212.64852497911681,16076.556724317314
2458647.62977059,2019.4459405081177,24226.68349208729,0.7154542,48.2258,120.7008,169.4496,515.4647356027708,209.15181707762576,16080.955693398155
2458652.40216181,2019.459006603176,24226.657816439885,0.7152626,48.2342,119.4451,170.5983,520.0992573427711,204.3410228565931,16086.098523140488
2458658.04213563,2019.4744480099378,24226.64757426072,0.7150556,48.2451,117.9636,171.9518,525.1112570591768,198.65411642237098,16091.663374275227
2458660.64519791,2019.48157480605,24226.658447807447,0.7149605,48.251,117.2803,172.5751,527.4183106338105,196.02846982197258,16094.229302138096
2458667.58658565,2019.500579289939,24226.703415314114,0.7146512,48.2673,115.4604,174.2366,534.924447515783,189.02845562195932,16102.576575775183
2458677.13091074,2019.526710227898,24226.685386195117,0.7142588,48.2876,112.965,176.5103,544.4258542738571,179.39961795669655,16113.106821180481
2458681.46918726,2019.538587781684,24226.658938871133,0.7141236,48.2962,111.8338,177.5381,547.6937414722997,175.02029859370202,16116.718975239062
2458687.10897585,2019.5540286813143,24226.656062641312,0.7139522,48.308,110.3659,178.8698,551.8453680752082,169.32537472685436,16121.31680618295
2458691.44728887,2019.5659063350304,24226.679212807998,0.7138034,48.3191,109.2388,179.8944,555.4569199963262,164.94691938902974,16125.323765484201
2458696.21941218,2019.5789716965917,24226.697943437877,0.7136233,48.3317,108.0001,181.0207,559.8255089385266,160.13098922697714,16130.165308409845
2458701.85928317,2019.5944128218212,24226.686719086036,0.713428,48.3482,106.5399,182.3497,564.5537664619242,154.44098414436445,16135.391868948831
2458706.19766807,2019.606290672334,24226.64154120135,0.7133068,48.3591,105.4193,183.3672,567.4770886999459,150.06185795978018,16138.608569320684
2458711.40375854,2019.6205441712248,24226.60934156426,0.7131855,48.3721,104.0773,184.5853,570.4065449960817,144.80669835911192,16141.835541055914
2458717.04380129,2019.6359857667078,24226.62203901186,0.7130557,48.3882,102.627,185.9039,573.5548023488318,139.1160239852327,16145.31890042422
2458720.94847236,2019.6466761734707,24226.647083197608,0.7129416,48.3991,101.624,186.8181,576.3262490673733,135.17867755057227,16148.389200023306
2458727.02252652,2019.6633060274328,24226.656273097127,0.712779,48.4186,100.0665,188.2404,580.2681414152285,129.05673012418396,16152.745329090376
2458732.22896685,2019.6775604841885,24226.609060957875,0.7126524,48.4327,98.7342,189.4568,583.3216698044998,123.8092256921338,16156.099452527234
2458735.2660878,2019.685875668172,24226.58892747067,0.7126042,48.4412,97.9588,190.1638,584.4836060815751,120.7473594581046,16157.374715897162
2458741.34046807,2019.7025064149761,24226.584998990245,0.7125002,48.4571,96.4101,191.5777,587.0020418926952,114.62549060862068,16160.15211163479
2458744.37771559,2019.7108219454892,24226.592926104175,0.7124441,48.4647,95.636,192.2853,588.3634327995187,111.56539962387433,16161.656687130455
2458749.15059481,2019.723889376619,24226.612428235076,0.7123661,48.4771,94.4217,193.3972,590.2587165217246,106.75872441722527,16163.753900518734
2458753.48969748,2019.7357691922796,24226.6431546936,0.7122896,48.4879,93.3174,194.4093,592.1208926941581,102.38979077935966,16165.81810871481
2458756.96104336,2019.7452732193296,24226.616567181572,0.7122286,48.4957,92.4351,195.2189,593.5910668010356,98.8956410413034,16167.429692868174
2458761.30027493,2019.7571533878986,24226.579246575347,0.7121701,48.5038,91.3321,196.2284,594.9975818838566,94.52528035650488,16168.967087818877
2458765.63961874,2019.7690338637644,24226.56009526743,0.7121286,48.512,90.2305,197.2358,595.9974718087678,90.15410904481178,16170.062457476057
2458769.11117578,2019.7785384689396,24226.572231439848,0.7121016,48.5183,89.3504,198.0406,596.6550829159614,86.6571511817487,16170.79145883747
2458773.88462792,2019.7916074686382,24226.60316822558,0.7120559,48.5259,88.1391,199.1503,597.7711453318643,81.85071129024107,16172.032184706773
2458776.4883832,2019.7987361620808,24226.62772130043,0.7120238,48.5297,87.4777,199.7564,598.5558899947564,79.22908165090519,16172.905477470104
2458781.26206454,2019.8118057892946,24226.64953851342,0.7119766,48.5369,86.265,200.8677,599.7056706910662,74.42261585396943,16174.179905213485
2458786.0358347,2019.8248756596847,24226.61846127632,0.7119317,48.5424,85.0524,201.9786,600.7844948884867,69.61576251347657,16175.357481740886
2458789.07374246,2019.8331929978372,24226.597766557465,0.7119155,48.5456,84.2804,202.6833,601.1710042798231,66.55422077865092,16175.775986796474
2458793.84773171,2019.8462634680627,24226.57601961239,0.7118953,48.5502,83.0673,203.7889,601.6541161576206,61.74135149738396,16176.30050876212
2458799.05583353,2019.8605224737307,24226.610814747935,0.71188,48.5551,81.7435,204.9957,602.034807945176,56.49110945693974,16176.732007595576
2458802.0939489,2019.8688403802869,24226.63557829752,0.7118594,48.5574,80.9701,205.7009,602.541011511993,53.42846309673831,16177.298208574437
2458809.03846057,2019.8878534170292,24226.65999115055,0.7118248,48.5625,79.2003,207.3145,603.3862882818075,46.427569869482,16178.237668782513
2458812.94483002,2019.898548473703,24226.634245413636,0.7118181,48.564,78.2038,208.219,603.541187448367,42.485349466982086,16178.399228102644
2458818.15344873,2019.9128088945374,24226.60029201231,0.7117992,48.5674,76.8748,209.4269,603.9892854381824,37.230497966545954,16178.880777122593
2458825.09851576,2019.9318234517732,24226.60744747129,0.7117995,48.5722,75.1032,211.032,603.9840796649487,30.218757361655946,16178.87755229981
2458829.00518854,2019.9425193389188,24226.640979986714,0.7117899,48.5738,74.1045,211.9373,604.2263195060696,26.274837989233674,16179.156050005828
2458834.21426346,2019.9567810087888,24226.662025557747,0.7117823,48.5766,72.7718,213.1451,604.4165076835952,21.015736836008557,16179.37284949962
2458839.85753012,2019.9722314308551,24226.628633272983,0.7117749,48.5788,71.3268,214.4541,604.5861604879692,15.317584892160369,16179.54795418315
2458843.33036898,2019.9817395454616,24226.601765194613,0.7117819,48.5808,70.4388,215.2573,604.4088302210384,11.809863633839882,16179.343276255735
2458848.10566695,2019.9948135987677,24226.579386878115,0.7117895,48.5842,69.2177,216.3598,604.2182583818358,6.984604443651392,16179.125587429891
2458851.57864923,2020.0043221060364,24226.5811406628,0.7118052,48.5863,68.33,217.1616,603.8384065170876,3.475641826855906,16178.707919662605
2458855.91991328,2020.016207839233,24226.61039383829,0.7118154,48.5868,67.2178,218.1677,603.5997257041308,359.0906778761488,16178.455333578959
2458860.69545575,2020.0292825619438,24226.639927709362,0.7118305,48.5891,65.994,219.2751,603.2424146480425,354.26737770022055,16178.072195582583
2458864.60278091,2020.0399802352094,24226.627089934867,0.7118471,48.5898,64.9924,220.1828,602.8365531832942,350.3223153246403,16177.620724569382
2458867.64181298,2020.0483006515542,24226.60513246928,0.7118597,48.5908,64.2143,220.8867,602.5249708512392,347.2527654404852,16177.269873804147
2458873.72004001,2020.0649419302117,24226.575739006967,0.711904,48.593,62.6602,222.2915,601.4432641049516,341.11260512378925,16176.068163227761
2458876.3250469,2020.072074050377,24226.56198935114,0.711918,48.5939,61.9941,222.8938,601.1001310162537,338.4812418642853,16175.685383738954
2458880.23255453,2020.0827722232164,24226.578895818453,0.7119562,48.5937,60.9936,223.7994,600.1795461513502,334.5349996420931,16174.677209751273
2458883.7059292,2020.0922818047916,24226.58906777358,0.7119911,48.5939,60.1051,224.604,599.336968161495,331.0276502749921,16173.752517192059
2458887.1793835,2020.1017916043807,24226.600712921518,0.7120245,48.5931,59.216,225.4096,598.5311536039317,327.5206224229848,16172.868762000491
2458891.95544541,2020.1148677492408,24226.61397157085,0.7120778,48.5922,57.9932,226.5181,597.2436932454166,322.69891027329675,16171.454738976205
2458898.90249086,2020.1338877230933,24226.574125525935,0.7121588,48.5907,56.2173,228.1264,595.2698681803358,315.6841196863894,16169.265419813568
2458904.54712119,2020.1493418786858,24226.549712889217,0.7122354,48.5889,54.775,229.4324,593.4070875096813,309.984323673101,16167.203462019006
2458910.62595732,2020.1659848249692,24226.577352488264,0.7123301,48.5846,53.2178,230.8431,591.1207843325647,303.84636301110964,16164.692292050355
2458913.23122539,2020.1731176602052,24226.591032014418,0.7123741,48.5823,52.5504,231.4479,590.0587495150749,301.2159423260908,16163.52588068551
2458921.48134242,2020.1957052496098,24226.598678527193,0.7125117,48.5758,50.4355,233.3634,586.7273688720297,292.88501014046983,16159.853868291308
2458927.99468955,2020.213537822176,24226.57328370985,0.7126234,48.5697,48.7651,234.8757,584.0139599233717,286.3071840166393,16156.850965615064
2458932.7712055,2020.2266152101295,24226.577562942366,0.7127136,48.565,47.5388,235.9852,581.8299523784872,281.4825243534111,16154.441949546828
2458942.32434042,2020.25277026809,24226.623862955974,0.7128913,48.5541,45.0804,238.2079,577.5381826822677,271.8310034876284,16149.719585818753
2458946.66675805,2020.2646591596172,24226.64034862029,0.7129678,48.5493,43.9602,239.22,575.6895778732478,267.4429025377806,16147.683613400295
2458951.44339648,2020.2777368829015,24226.642874086236,0.7130597,48.5442,42.727,240.3353,573.4638742831676,262.6170221554116,16145.225718524705
2458958.39141992,2020.2967595343466,24226.61825082133,0.7131821,48.5379,40.9335,241.9539,570.4914708022461,255.5939676351813,16141.932514386228
2458965.33942958,2020.3157821480634,24226.651432614613,0.7133007,48.5308,39.1334,243.5766,567.6277070746064,248.56842669719208,16138.778542066115
2458974.45892217,2020.340749958029,24226.698715112543,0.7134506,48.5219,36.7592,245.7187,564.0096807962691,239.34791510955,16134.794317382375
2458983.57851805,2020.3657180507867,24226.667427261684,0.7135776,48.5161,34.384,247.8601,560.9239285181156,230.1256017168381,16131.369990808682
2458992.2639191,2020.389497382889,24226.681948740443,0.7136894,48.5104,32.1156,249.9027,558.2195447530448,221.33924216000133,16128.382568502875
2459005.29228468,2020.425167103847,24226.712956028787,0.7138289,48.5035,28.696,252.985,554.8487960110097,208.16084261513197,16124.662299243499
2459009.63515324,2020.4370572299522,24226.690787912077,0.7138733,48.5025,27.5566,254.0121,553.7667870656815,203.76809721719127,16123.456600087115
2459015.71517003,2020.4537034087064,24226.663849509387,0.7139298,48.5008,25.9609,255.4493,552.3902727619216,197.61697286569205,16121.922967207123
2459027.87533429,2020.486996123997,24226.701871964095,0.714007,48.4965,22.7551,258.3371,550.5308484686284,185.31359536112723,16119.876883702156
2459032.21823218,2020.4988863304038,24226.697732981163,0.7140297,48.4952,21.6103,259.3688,549.979718709943,180.92002105462825,16119.264975884462
2459043.07570988,2020.5286124842708,24226.64371590836,0.7140916,48.4908,18.7548,261.9422,548.4646421854131,169.93650566255735,16117.567768416655
2459050.02450072,2020.5476372367425,24226.664480877345,0.7141055,48.4899,16.9215,263.5926,548.1338284281892,162.90469477269528,16117.208498150681
2459053.49895885,2020.5571497846674,24226.679353112206,0.7141194,48.4886,16.0042,264.4185,547.80132947533,159.3887775196908,16116.84529335274
2459066.96240403,2020.5940106886515,24226.624774928165,0.7141499,48.4864,12.4611,267.611,547.0468145756931,145.7682520855102,16115.990268750076
2459076.95141935,2020.6213591221087,24226.624424169622,0.7141526,48.4827,9.8339,269.9738,546.9813024253826,135.6584160408462,16115.917555702237
2459084.33468899,2020.6415734127033,24226.631228887632,0.7141548,48.4816,7.8929,271.7209,546.9299489476316,128.18737142678208,16115.86302435669
2459093.02088772,2020.6653549287334,24226.586682624522,0.7141515,48.4808,5.6112,273.7744,546.9971633481946,119.3978256559189,16115.921978244858
2459096.92967346,2020.6760566008484,24226.561778897376,0.7141494,48.4805,4.5878,274.6943,547.0409204348807,115.44172369460705,16115.96178472584
2459104.74722488,2020.6974598901572,24226.565076006875,0.7141247,48.4812,2.5386,276.5358,547.6402590729895,107.5288395434086,16116.62700664278
2459109.95899079,2020.7117289275564,24226.578264456075,0.714111,48.4829,1.1699,277.7666,547.9759334470818,102.25408607972093,16117.003514415124
2459114.30204485,2020.7236195615328,24226.56304162003,0.7140899,48.4848,0.0322,278.7906,548.4827618858853,97.85975784820408,16117.559725152892
2459117.77654621,2020.7331322278167,24226.531824358248,0.7140884,48.4861,359.1245,279.6077,548.5101763531866,94.34459798598766,16117.579216519845
2459120.81675584,2020.7414558681453,24226.496257847717,0.7140807,48.4876,358.3301,280.3229,548.6865514964384,91.26888746767395,16117.762218405562
2459126.02845342,2020.7557247184666,24226.475423088566,0.7140527,48.4908,356.9685,281.5478,549.3589357485334,85.99540135203347,16118.499825681878
2459130.80584565,2020.7688045055438,24226.46602290887,0.7140367,48.4936,355.7211,282.6699,549.7438712488965,81.1613780041929,16118.922956896917
2459135.58332391,2020.7818845281586,24226.473949925472,0.7140052,48.4974,354.4702,283.7954,550.5092720141447,76.32716986293167,16119.773530678965
2459141.66362312,2020.7985314801374,24226.45963920994,0.7139548,48.5033,352.8797,285.2298,551.7261927897353,70.17816715055096,16121.116340482145
2459145.57245139,2020.8092332686922,24226.428843182995,0.7139353,48.5067,351.8605,286.1492,552.189799096489,66.22572327077478,16121.619022278355
2459151.652833,2020.8258804462691,24226.374196259923,0.7138952,48.5121,350.2745,287.5792,553.1456441461069,60.07673934308821,16122.658431283568
2459165.55085447,2020.8639311552913,24226.42238935832,0.713751,48.5277,346.6449,290.8546,556.652882531429,46.02428409516426,16126.558061944314
2459168.59101178,2020.8722546523747,24226.41754899263,0.7137089,48.5303,345.8513,291.5728,557.6714291604048,42.95242514511915,16127.683716484802
2459174.67147731,2020.8889020597123,24226.382053051464,0.7136471,48.536,344.266,293.0063,559.1584573992413,36.807558503595374,16129.316971972537
2459184.66071295,2020.9162510963722,24226.36318273251,0.7135233,48.5448,341.6629,295.3593,562.1522775907079,26.71180530602271,16132.6227233901
2459188.56962907,2020.926953125448,24226.380509752624,0.7134603,48.5481,340.6429,296.2808,563.683503350363,22.76057483871932,16134.322486976367
2459191.60988241,2020.9352768854487,24226.39187404984,0.7134123,48.5505,339.8499,296.9985,564.8496264826335,19.688721238456424,16135.616133936643
2459197.69029834,2020.9519241569878,24226.384648600066,0.7133132,48.555,338.2654,298.4329,567.2483904762776,13.545603484369167,16138.266020209368
2459200.73058441,2020.9602480065982,24226.36437527946,0.7132725,48.5564,337.4749,299.1486,568.2285914129416,10.474217624622042,16139.342587482219
2459204.63950379,2020.9709500445997,24226.336245240494,0.713218,48.5584,336.4582,300.0677,569.5408610825589,6.523883944083877,16140.783341016588
2459209.41699084,2020.9840300912797,24226.33294820886,0.7131447,48.5611,335.2155,301.1904,571.3157057583376,1.6950671393417451,16142.743763955074
2459212.45724746,2020.9923538602595,24226.341716912502,0.7130848,48.5622,334.4257,301.9042,572.7693789762943,358.6225103065674,16144.35315714272
2459216.80054494,2021.0042451606844,24226.361849886092,0.7130065,48.5641,333.2966,302.9242,574.6720795652845,354.23254215365796,16146.46231896072
2459219.40649128,2021.0113798529228,24226.372652962335,0.7129583,48.5651,332.6198,303.5363,575.8428911398178,351.5993529477771,16147.759404913151
2459224.61831887,2021.0256490591928,24226.3673917224,0.7128649,48.5664,331.2683,304.7586,578.1041236589499,346.33323869056517,16150.254917880726
2459228.52729288,2021.0363512467632,24226.35139757054,0.7128071,48.5672,330.2559,305.6733,579.4998142873355,342.38275116527666,16151.790447890837
2459230.26461287,2021.0411077696642,24226.34143631386,0.7127811,48.5675,329.8063,306.0793,580.1268383624883,340.6268029209118,16152.479248371495
2459233.30487579,2021.0494315558935,24226.331054169914,0.7127368,48.5679,329.0201,306.7888,581.1970828802241,337.5535398783004,16153.657141240947
2459236.34511233,2021.057755269897,24226.34192736149,0.71269,48.5692,328.2338,307.4984,582.333999150228,334.4803028371439,16154.915919188816
2459239.38538612,2021.0660790858865,24226.365988725567,0.7126322,48.5696,327.4489,308.2069,583.7411961748894,331.4073290808424,16156.47744231071
2459242.42571536,2021.074403053689,24226.39243525005,0.7125761,48.5694,326.6644,308.9148,585.1078966700661,328.33410067200737,16157.994878135552
2459244.59737722,2021.0803487398225,24226.404921963087,0.7125444,48.5702,326.1035,309.4212,585.8794626858535,326.1391536638994,16158.850588172445
2459249.37492787,2021.0934289606298,24226.426037171743,0.7124621,48.571,324.8727,310.534,587.8793672336851,321.3122741733082,16161.064327498587
2459253.28386241,2021.1041310401372,24226.43101784228,0.7124129,48.572,323.8669,311.4429,589.072739771309,317.36262555060785,16162.382404188787
2459255.88986823,2021.1112658952227,24226.422599809055,0.7123812,48.5725,323.1974,312.048,589.8382964499597,314.72967771982644,16163.223805185236
2459260.23314557,2021.1231571405062,24226.4179698939,0.7123285,48.5738,322.0834,313.0541,591.1136970263324,310.3409294177411,16164.628691229456
2459264.57636334,2021.135048222697,24226.40772796823,0.7122743,48.5756,320.9688,314.0608,592.4238220150683,305.9522398291384,16166.069702495668
2459267.18233347,2021.1421829800681,24226.424213264858,0.7122355,48.5762,320.3013,314.6641,593.3685505180547,303.3195271755012,16167.117040999494
2459271.52566885,2021.154074384258,24226.450940550043,0.7121824,48.5769,319.1893,315.6696,594.6626662268563,298.9321216671849,16168.55299368252
2459274.13162667,2021.1612091079255,24226.462515381467,0.712153,48.5781,318.5226,316.2739,595.3782556650085,296.3012211468264,16169.345805353294
2459277.60618299,2021.170721924682,24226.457464544237,0.7121102,48.5789,317.6359,317.0782,596.4136941761471,292.7942071144514,16170.485240380767
2459281.94947296,2021.182613204545,24226.440909040666,0.7120751,48.5804,316.5284,318.0819,597.259276091444,288.4095463637775,16171.41130073239
2459284.55546317,2021.189748016893,24226.423301311544,0.7120564,48.5811,315.8637,318.6851,597.7072405035296,285.7795139185214,16171.898769933045
2459288.46436676,2021.2004500116636,24226.407868268507,0.7120294,48.5828,314.8683,319.5869,598.3569096700021,281.83319580112914,16172.609226525019
2459291.5046037,2021.2087737267618,24226.403308510493,0.7120086,48.584,314.0949,320.2884,598.8595057825687,278.76475836571944,16173.16139853387
2459294.11056089,2021.215908448706,24226.42533566905,0.7119862,48.5838,313.432,320.8908,599.4085213423177,276.1357584658846,16173.773994777168
2459297.15088178,2021.2242323936478,24226.43740152235,0.7119644,48.5841,312.6594,321.591,599.9401328099302,273.06673828680516,16174.363892678159
2459300.19118427,2021.232556288214,24226.447222576826,0.7119507,48.5841,311.8875,322.2947,600.2748639501979,270.0019362429282,16174.736085933146
2459303.23142095,2021.240880002601,24226.467425920182,0.7119352,48.5843,311.1156,322.9969,600.6561937542119,266.93569906362313,16175.163235256008
2459306.27166675,2021.2492037419572,24226.45339581616,0.7119269,48.5841,310.3441,323.699,600.8532317382869,263.8697528954292,16175.375369336025
2459308.87764914,2021.2563385328956,24226.451712205046,0.7119188,48.5838,309.6823,324.3017,601.0489809940846,261.24212815762303,16175.590404637931
2459313.22093976,2021.2682298145382,24226.437120920942,0.711908,48.5835,308.5815,325.303,601.3064230403561,256.86176676623006,16175.868867456678
2459316.6954996,2021.2777426409307,24226.4358582147,0.7119048,48.5822,307.7015,326.1047,601.3835838595351,253.3588492649751,16175.953416895296
2459320.17008289,2021.2872555315262,24226.44140009333,0.7119025,48.5807,306.8208,326.9063,601.4409012633878,249.8551086505504,16176.01849265609
2459322.34173361,2021.293201187159,24226.451922656415,0.7119045,48.5797,306.27,327.4077,601.3954798836603,247.66527262279283,16175.972148616991
2459324.51340099,2021.2991468884054,24226.462655682535,0.7119039,48.5778,305.7209,327.9067,601.4131078977798,245.47472017407767,16175.995326071443
2459328.85668035,2021.3110381392194,24226.488751717206,0.7119138,48.5738,304.6196,328.9118,601.1807838249524,241.09766988099022,16175.748564917933
2459331.02828179,2021.316983659932,24226.494504078386,0.7119207,48.5717,304.0694,329.4135,601.0152781887491,238.90878242443978,16175.56827231274
2459333.19989955,2021.3229292253252,24226.507552129817,0.7119239,48.5692,303.5195,329.9156,600.9415122381033,236.72057888289623,16175.491587866733
2459337.10890596,2021.3336315016013,24226.496257847717,0.7119418,48.5654,302.5273,330.8199,600.5046043423499,232.77985942353268,16175.006347831068
2459340.14922762,2021.3419554486518,24226.477106703802,0.7119554,48.5619,301.7561,331.5225,600.1696076096532,229.71463848531982,16174.63060203968
2459341.88652717,2021.3467119155919,24226.46490049996,0.7119625,48.5597,301.3159,331.923,599.9940837777558,227.96261038689659,16174.432961422064
2459345.79544085,2021.3574139379873,24226.46398854282,0.7119842,48.5549,300.3235,332.8255,599.4681068313521,224.01998232458538,16173.853181287468
2459349.27009615,2021.3669270257365,24226.47773805959,0.7120024,48.548,299.4421,333.627,599.03114501459,220.5153707348893,16173.376578176649
2459354.04779619,2021.3800076555503,24226.511129824405,0.7120407,48.5395,298.2269,334.732,598.1128863864451,215.69614400185537,16172.3765140663
2459356.65376008,2021.3871423958392,24226.52677348489,0.7120654,48.5344,297.5641,335.3358,597.5189959126628,213.06863749793013,16171.727575375473
2459358.82538382,2021.3930879776046,24226.530421337608,0.7120837,48.5298,297.0115,335.8392,597.0767007489649,210.87902806231978,16171.241452881672
2459363.16872963,2021.4049794103487,24226.527685447945,0.7121258,48.5205,295.9049,336.8464,596.0559762261782,206.49871227449705,16170.115587843991
2459366.20910048,2021.4133034920744,24226.512953747646,0.7121584,48.514,295.1296,337.551,595.261951027449,203.4313428531998,16169.235273850129
2459368.81508569,2021.4204382907324,24226.495416038397,0.7121849,48.5089,294.4645,338.1548,594.6149008166321,200.80151533634285,16168.515914313153
2459371.85537722,2021.4287621552912,24226.487839757818,0.7122189,48.5031,293.6884,338.8594,593.7890196621283,197.7334240951957,16167.602851552698
2459374.89570508,2021.4370861193158,24226.487348702798,0.7122533,48.4958,292.912,339.5633,592.9554871809796,194.66429704628354,16166.683751963734
2459377.06740016,2021.4430318963991,24226.490435334752,0.7122795,48.4902,292.3568,340.0665,592.3216412997335,192.4718172963154,16165.985993279695
2459379.67344435,2021.450166856536,24226.503974436546,0.7123161,48.4839,291.6897,340.6712,591.4388467314056,189.84083164702986,16165.017337075024
2459381.84512346,2021.4561125898974,24226.51982853833,0.7123497,48.4787,291.1336,341.1758,590.6293966349995,187.64886763691163,16164.130279708155
2459385.75408013,2021.4668147299926,24226.53364828538,0.7124108,48.4688,290.1322,342.0856,589.153130683474,183.7044972026739,16162.506986886505
2459390.96613032,2021.4810845457084,24226.534139342748,0.7124967,48.4566,288.7947,343.3007,587.0722126237006,178.4449635449862,16160.211730839093
2459393.13783272,2021.4870303428331,24226.51982853833,0.7125335,48.4514,288.2367,343.8069,586.1765622905132,176.25267658004213,16159.218586134637
2459397.04681774,2021.4977325605475,24226.491838349608,0.7126021,48.4437,287.2323,344.7188,584.506578708816,172.30737820291483,16157.36610678742
2459400.95579413,2021.5084347546338,24226.479702277866,0.7126723,48.4345,286.2274,345.6302,582.8023919521829,168.3610883318413,16155.481088599081
2459404.86484571,2021.5191371545786,24226.47956197655,0.7127455,48.4251,285.2214,346.5423,581.0289733357922,164.41432435166325,16153.523489197663
2459408.77388562,2021.5298395225732,24226.501098252716,0.7128332,48.4165,284.2142,347.4566,578.9104955817193,160.4685718736829,16151.192084678234
2459411.81418484,2021.5381634081857,24226.508744694533,0.7129019,48.4096,283.4308,348.1696,577.2483302351857,157.401573053138,16149.359241723401
2459417.89486709,2021.5548114088708,24226.513094049445,0.7130463,48.3968,281.8619,349.5989,573.751270435936,151.26869280652886,16145.497897988902
2459421.80389173,2021.5655137350582,24226.484332222517,0.7131394,48.3891,280.8526,350.519,571.4875314319506,147.32665537902676,16142.986530238875
2459424.84418088,2021.573837593101,24226.462936284686,0.7132175,48.3832,280.0672,351.2344,569.589307025064,144.2600664836657,16140.881137799703
2459429.6218163,2021.5869180459954,24226.452203258257,0.7133553,48.373,278.8312,352.36,566.2478238673011,139.4407034416206,16137.183325138494
2459433.965176,2021.5988095167688,24226.446661373444,0.7134778,48.3638,277.709,353.3849,563.278495599373,135.06247396324238,16133.897618220255
2459436.57115691,2021.6059443036554,24226.452974913354,0.7135539,48.3583,277.035,354.0008,561.4366714973294,132.43585068403672,16131.862417861452
2459441.34872329,2021.619024567529,24226.467145317903,0.7136956,48.3488,275.8,355.1301,558.0078401599558,127.62125568950569,16128.073336120373
2459443.95471872,2021.6261593941688,24226.46953043754,0.71378,48.3436,275.1252,355.7488,555.9638090018325,124.99661809921895,16125.811756048708
2459447.86372128,2021.6368616599038,24226.4461001701,0.713903,48.3359,274.1131,356.6774,552.9772499203655,121.0603024346027,16122.497038863405
2459450.90399047,2021.6451854632987,24226.419793799603,0.7140002,48.3298,273.3259,357.3997,550.614915742728,117.99883321244602,16119.871664112205
2459453.07559982,2021.6511310056671,24226.399730855712,0.7140724,48.3249,272.7635,357.9154,548.8600316842185,115.81173795986444,16117.920761359534
2459456.55021279,2021.6606439775217,24226.381000802226,0.7141874,48.3157,271.8631,358.741,546.0686424298856,112.31226809219652,16114.821406748719
2459459.59053331,2021.6689679214512,24226.38626204955,0.7142948,48.3083,271.0746,359.4635,543.4682322761182,109.24964827753797,16111.941166198974
2459460.89352379,2021.6725353149623,24226.38836654928,0.7143457,48.3054,270.7366,359.7735,542.2357103747781,107.93738661360976,16110.575590216076
2459466.10539591,2021.6868046431482,24226.413620581676,0.7145516,48.2921,269.3841,1.0171,537.2547057332476,102.69152846666361,16105.060824806445
2459468.27700007,2021.6927501713076,24226.4202848512,0.7146367,48.2865,268.8202,1.5362,535.1949396720775,100.50633832928122,16102.778137891384
2459470.88296735,2021.6998849208762,24226.423932663827,0.7147402,48.2798,268.143,2.1599,532.6885457468952,97.88432848452823,16099.998237612916
2459473.92328181,2021.708208848213,24226.4179698939,0.7148589,48.2716,267.3523,2.8883,529.8111689953148,94.8254146433373,16096.802398729526
2459475.6605817,2021.712965316085,24226.408850370517,0.7149243,48.2669,266.9005,3.3043,528.2241615055709,93.07728620940867,16095.037286431105
2459479.13513874,2021.7224781348114,24226.37763360544,0.7150588,48.2572,265.9964,4.1359,524.9568145726944,89.58017146792804,16091.397968507887
2459482.17539042,2021.730801890267,24226.35069607326,0.7151801,48.2477,265.2045,4.8637,522.0104826205161,86.51951950388622,16088.115525692188
2459484.78135226,2021.7379366249422,24226.341787062163,0.7152841,48.239,264.5249,5.4873,519.4884056110122,83.89501502079736,16085.309818620242
2459488.69030044,2021.7486387417932,24226.34494379744,0.7154547,48.2273,263.5044,6.4239,515.356289936326,79.95835295446471,16080.717506581088
2459489.99326944,2021.752206076495,24226.35336176321,0.7155151,48.2232,263.164,6.7368,513.8954134858714,78.64661246181242,16079.09596983727
2459493.46781794,2021.7617188718407,24226.373003711768,0.7156752,48.2112,262.2555,7.5725,510.0223590057485,75.14920613734603,16074.794783322372
2459496.0737442,2021.7688535091038,24226.37798435505,0.7157917,48.2021,261.5732,8.2002,507.2014020909746,72.52613672262572,16071.657603149875
2459498.24538249,2021.7747991307053,24226.37293356188,0.7158902,48.1948,261.0035,8.7243,504.8136688796785,70.34011294610116,16068.998235216688
2459500.41702774,2021.7807447713615,24226.364585728938,0.7159866,48.1873,260.4336,9.2486,502.47587563246634,68.15408230984013,16066.392634834016
2459503.02296857,2021.787879448514,24226.34122586489,0.7160981,48.1781,259.7491,9.8778,499.76800407137216,65.53029853492876,16063.368980867044
2459504.76024224,2021.7926358445998,24226.31793620664,0.716172,48.1722,259.2926,10.2969,497.97106719765725,63.7805959441111,16061.359298935187
2459507.80047202,2021.8009595400963,24226.285527197037,0.7163023,48.1612,258.4927,11.0306,494.8051836090881,60.71786556533442,16057.820633131938
2459509.53776172,2021.8057159800683,24226.27261974287,0.7163763,48.1546,258.0347,11.45,493.00877762016717,58.96694717546052,16055.814059339718
2459512.57804495,2021.814039821903,24226.25276755073,0.7165075,48.1436,257.2325,12.1839,489.82466270487566,55.902064114959956,16052.257506752367
2459516.05264618,2021.8235527616157,24226.235090014572,0.7166683,48.1319,256.3145,13.0237,485.92407265348083,52.399205818333826,16047.901291024375
2459517.78992495,2021.8283091716628,24226.2268124492,0.7167532,48.1259,255.855,13.4446,483.8649207004364,50.64829820135736,16045.601226861776
2459520.83013792,2021.8366328211364,24226.215728940544,0.7169008,48.1146,255.0495,14.1828,480.2859918904851,47.58448439086658,16041.603489201489
2459523.87037695,2021.844956541958,24226.199384295836,0.7170458,48.1034,254.2422,14.9228,476.76856582392156,44.52064489514947,16037.671038511711
2459524.73902587,2021.8473347730867,24226.192018692433,0.7170873,48.1003,254.0113,15.1345,475.7610947267267,43.64528168883203,16036.543487501009
2459527.77929831,2021.8556585853803,24226.1563131324,0.7172311,48.0894,253.202,15.8763,472.26727189250414,40.58120926307936,16032.628762570424
2459530.81952224,2021.8639822648602,24226.0996334566,0.7173698,48.0788,252.3919,16.6184,468.8910846237668,37.51668465031713,16028.836762239414
2459532.55677386,2021.868738600575,24226.06350735108,0.7174474,48.0727,251.9284,17.0427,467.00093176716746,35.76520379301138,16026.71169296054
2459535.16265775,2021.8758731218338,24226.01503544827,0.717563,48.0634,251.2321,17.6793,464.1867085669037,33.13707613978937,16023.548739018379
2459536.89992646,2021.8806295043391,24225.989151130587,0.7176387,48.0573,250.7674,18.1037,462.3454904991295,31.384478437898622,16021.48085507969
2459539.07152414,2021.886575014757,24225.956673073688,0.7177339,48.0501,250.1859,18.6345,460.03000887748385,29.193394687514626,16018.879761432205
2459541.67743881,2021.8937096202874,24225.93696182225,0.7178523,48.0422,249.4875,19.272,457.1560941231364,26.56403669650797,16015.657557709974
2459542.98038641,2021.8972768963995,24225.930578471845,0.7179141,48.0383,249.138,19.5914,455.6571305657508,25.249717296189203,16013.9778795928
2459545.58625593,2021.904411378316,24225.90967478235,0.7180411,48.0305,248.4383,20.2311,452.57454340098957,22.621303806260812,16010.520105528243
2459548.19210801,2021.9115458124845,24225.890945676034,0.7181694,48.0222,247.7373,20.8728,449.461080754445,19.9936075056022,16007.02733819235
2459549.49503952,2021.9151130445443,24225.88603542943,0.7182336,48.0181,247.3864,21.1943,447.9043950132218,18.6800039640043,16005.282096482459
2459552.10092663,2021.9222475746208,24225.862606572755,0.7183618,48.01,246.6833,21.8385,444.79203796245747,16.052673136560315,16001.787161704287
2459553.83819065,2021.927003944285,24225.84542077079,0.7184466,48.0048,246.2141,22.2686,442.73284609244547,14.301280057394706,15999.473615056424
2459556.00975374,2021.9329493599998,24225.81420582069,0.7185525,47.9984,245.627,22.8067,440.158543692718,12.111930400072595,15996.577244002741
2459559.48420145,2021.9424618793973,24225.75689683699,0.7187191,47.988,244.6867,23.6686,436.1064031235137,8.609023416935827,15992.013681904484
2459561.22142035,2021.9472181255305,24225.726594059706,0.7187997,47.9827,244.2158,24.0999,434.14528596756645,6.85717480901701,15989.803445416414
2459563.39295612,2021.9531634664474,24225.685629344756,0.7188983,47.9764,243.6273,24.6389,431.7451140743806,4.6673520788880865,15987.09640496276
2459566.8674301,2021.9626760577692,24225.600403651973,0.7190499,47.9669,242.6823,25.5023,428.04855596606194,1.1612192030710844,15982.91823076079
2459568.17035277,2021.9662432656264,24225.57024165221,0.7191103,47.9642,242.3288,25.8261,426.57685750661767,359.8473243745234,15981.255621827042
2459570.77617042,2021.9733776055305,24225.49827409715,0.7192371,47.9577,241.6217,26.4755,423.48484938051115,357.22126200904023,15977.758693106509
2459572.07906307,2021.9769447311978,24225.4507168833,0.7193004,47.9545,241.2663,26.8011,421.93802604885695,355.90729676878266,15976.004887810725
2459575.11912123,2021.9852679568246,24225.361144416678,0.719451,47.9468,240.4382,27.5616,418.26454370495594,352.8433355431229,15971.846726914599
2459577.72488793,2021.9924021572344,24225.28489975092,0.7195833,47.94,239.727,28.216,415.0381481479826,350.2182233956253,15968.194116831288
2459579.46207398,2021.9971583134288,24225.237203300923,0.7196724,47.9353,239.2523,28.6531,412.86630463205984,348.46840716560325,15965.735898564812
2459582.93641988,2022.0066705540862,24225.128975315292,0.7198449,47.9264,238.3031,29.5271,408.6571305923526,344.96880052893687,15960.96464139594
2459585.97641003,2022.014993593511,24225.042281572703,0.7199984,47.9178,237.4699,30.2943,404.91429890800646,341.90650633601257,15956.723461226513
2459587.27925457,2022.018560587461,24225.004265629246,0.720062,47.9144,237.1136,30.6225,403.36294411172,340.5942885140338,15954.964329330067
2459590.31923687,2022.0268836053933,24224.904246534672,0.720206,47.9062,236.2802,31.3891,399.8465587549217,337.53120205839195,15950.97113841653
2459592.05637622,2022.031639633731,24224.85030959729,0.7202846,47.9021,235.8038,31.8273,397.92739428912773,335.7808318568945,15948.791330458535
2459595.0963551,2022.0399626423002,24224.74517200887,0.7204272,47.8956,234.9704,32.5947,394.4435370249994,332.7185487719146,15944.830696620704
2459598.57055683,2022.0494744882412,24224.60966613924,0.7206013,47.8875,234.0174,33.473,390.1881487267374,329.21958423311787,15939.988502835233
2459600.74190139,2022.055419305653,24224.552434415666,0.7207087,47.8824,233.4211,34.0234,387.57044132611645,327.03354996489037,15937.017682557906
2459603.34750883,2022.0625530700343,24224.50439088909,0.7208402,47.8764,232.7051,34.685,384.37150085971916,324.4109947876617,15933.39358815675
2459606.38739995,2022.07087583833,24224.426609976625,0.7209975,47.8684,231.8676,35.4596,380.53928525000447,321.3518982011686,15929.043458153617
2459608.12447842,2022.0756316999857,24224.37590192715,0.7210861,47.8633,231.388,35.9029,378.3788578725198,319.60348800514845,15926.587907082863
2459611.16431597,2022.0839543216157,24224.21452164373,0.7212351,47.8556,230.5517,36.6748,374.7244387045621,316.54294421833515,15922.407074542489
2459612.90134304,2022.0887100425466,24224.15876506493,0.7213259,47.8502,230.0714,37.1191,372.50934211158165,314.79488468320176,15919.886510538554
2459615.50686707,2022.0958435785633,24224.015061852217,0.7214546,47.8425,229.3509,37.7846,369.3516650096517,312.1718117172419,15916.270353006345
2459618.98090316,2022.1053549710057,24223.855440869844,0.7216135,47.8332,228.3912,38.67,365.4580326897121,308.67341043795375,15911.815727113943
2459621.15216651,2022.111299566078,24223.764761052404,0.7217131,47.828,227.7913,39.2234,363.020101682514,306.48685621191026,15909.028767248874
2459625.49462604,2022.1231885723207,24223.60191822061,0.721926,47.8175,226.5916,40.3309,357.8175798072789,302.11461396458014,15903.089475334586
2459627.66582006,2022.1291329775765,24223.530456188175,0.7220319,47.8121,225.9912,40.886,355.2324361987612,299.9293280724461,15900.140224769702
2459629.83700931,2022.1350773697736,24223.47610612382,0.7221382,47.8068,225.3904,41.4414,352.642373104557,297.743946881521,15897.190431060575
2459632.87668325,2022.1433995434636,24223.405556688533,0.7222887,47.7988,224.5472,42.2214,348.9771475751959,294.68476435311516,15893.01690239668
2459636.35058713,2022.1529105739357,24223.296016734424,0.7224561,47.7886,223.5814,43.1145,344.8917473389365,291.1880933831047,15888.35241330558
2459640.25864464,2022.1636102522655,24223.130657228852,0.7226375,47.778,222.495,44.1176,340.4517769156364,287.25290918441493,15883.264949976217
2459644.16666894,2022.1743098396712,24222.91200552345,0.7228095,47.7666,221.4063,45.1222,336.22479026704787,283.316957718405,15878.398390714208
2459646.77201075,2022.181442876797,24222.75085999062,0.7229153,47.7598,220.6807,45.7904,333.61735521524224,280.69166435304874,15875.386385516234
2459651.11417809,2022.1933310830661,24222.459290159462,0.7231015,47.7499,219.4709,46.9055,329.02634375622074,276.3172100962064,15870.078356132813
2459654.15361772,2022.2016526152502,24222.222843146174,0.7232337,47.7429,218.624,47.6856,325.7586940730471,273.2546585099439,15866.288954452233
2459655.89041901,2022.206407718029,24222.112124538446,0.72331,47.7395,218.1406,48.1316,323.87990373854245,271.5054215095794,15864.118188427989
2459659.79820817,2022.2171066616568,24221.898474158068,0.7234926,47.7299,217.0478,49.1398,319.39787015341335,267.56920180359407,15858.955078645686
2459663.70594715,2022.2278054678986,24221.587788493674,0.7236658,47.7207,215.9519,50.1517,315.1167842631676,263.63363155645817,15853.984853231219
2459665.87685497,2022.2337490895827,24221.383474802682,0.7237571,47.7146,215.3407,50.7172,312.84891309156865,261.4482277501904,15851.33749352133
2459671.08688676,2022.2480133792194,24220.59767149448,0.7239427,47.7021,213.8758,52.0645,308.13649757905205,256.1954834810547,15845.711650745125
2459673.69182184,2022.2551453027793,24220.1082592995,0.7240305,47.6975,213.1449,52.7371,305.8748662647531,253.56969099946622,15842.972538219296
2459676.73081255,2022.2634656058865,24219.577652524058,0.7241378,47.6923,212.2916,53.522,303.12967429612036,250.5059818808482,15839.66858518715
2459681.07201396,2022.2753511675844,24218.75498556721,0.7242873,47.6862,211.0721,54.645,299.2820277091978,246.13067966959915,15835.009500744512
2459683.24252861,2022.2812937128267,24218.383560588634,0.724371,47.6828,210.4611,55.2072,297.1525424214851,243.9425633824091,15832.458722393156
2459686.71526672,2022.2908015515945,24217.770554774295,0.7245098,47.6769,209.4808,56.1108,293.62215368888155,240.44304142594615,15828.229684319362
2459691.92411519,2022.3050626014779,24216.736116577275,0.7247073,47.6682,208.0034,57.4729,288.55437072007135,235.19376346794314,15822.10404821194
2459694.96240386,2022.313380982505,24216.027281828585,0.7248047,47.6625,207.1396,58.2684,286.0005926310023,232.13084629820935,15818.95241706536
2459699.73660328,2022.3264520281452,24214.652857853547,0.7249332,47.6567,205.7852,59.5152,282.51077472062843,227.31766986769975,15814.5067505872
2459701.90657033,2022.3323930741403,24214.08065328003,0.7249964,47.655,205.1706,60.0797,280.82305034236015,225.12879330944122,15812.387710523832
2459705.81229882,2022.3430863759613,24213.011932652298,0.7251071,47.6515,204.0639,61.0986,277.84876790139515,221.19140465390916,15808.632131540491
2459711.01952077,2022.3573429726757,24211.747764941287,0.7252708,47.6478,202.5851,62.4642,273.5377940641074,215.94582983672206,15803.28371859142
2459714.05685276,2022.3656587344553,24210.648135579944,0.7253737,47.645,201.7199,63.2621,270.7444180762177,212.88485559609762,15799.721954659371
2459718.82926792,2022.3787248950582,24208.12296269651,0.7255357,47.6418,200.3629,64.5132,266.1292232704236,208.07513777906075,15793.595442141093
2459722.73329806,2022.38941354705,24205.465939818998,0.725622,47.6364,199.2427,65.5424,263.3110336356567,204.13622306199517,15789.475619257206
2459725.76937403,2022.3977258700347,24203.721730852652,0.7256732,47.6334,198.3635,66.358,261.59323051526917,201.08018678750557,15786.92191736287
2459730.97324025,2022.41197327926,24200.295541239462,0.7257744,47.6297,196.8761,67.7289,258.204264973715,195.83461946632679,15781.888314282705
2459734.00830799,2022.4202828418622,24198.53365717379,0.7258397,47.6283,196.0071,68.5315,256.1409470108638,192.77677692962436,15778.933065870797
2459738.77707269,2022.4333390080492,24195.793671395786,0.7259588,47.6266,194.6431,69.7929,252.50803266170624,187.97395710229682,15773.851562448763
2459741.81130382,2022.4416462801369,24193.998697353854,0.726041,47.6245,193.7713,70.5979,250.0273891283632,184.9165391507239,15770.406888453419
2459744.84513563,2022.4499524589462,24191.599415847846,0.7261285,47.6201,192.8933,71.4131,247.25331941737477,181.86351477935983,15766.421511726065
2459751.77770789,2022.4689328073653,24185.701716034855,0.7262326,47.6166,190.8914,73.2565,243.1203759744003,174.87208934852612,15759.696921936524
2459757.84173444,2022.4855352072282,24180.540397437853,0.7263139,47.6129,189.1444,74.8702,239.7414972672168,168.76192539788235,15754.083757504342
2459760.87300147,2022.4938343640526,24178.32991467371,0.7263581,47.6118,188.2728,75.6758,238.06783667815216,165.70822894104668,15751.420250858231
2459765.63557795,2022.506873587817,24174.499765822624,0.7264414,47.6089,186.9007,76.945,235.006011638764,160.91120838587824,15746.619482921227
2459768.66569614,2022.515169599288,24171.8125465853,0.726492,47.607,186.0257,77.7538,233.04780599145215,157.85844425634912,15743.468515421684
2459771.69517108,2022.5234638496374,24168.24771658644,0.7265433,47.6047,185.1463,78.5678,230.8329653602632,154.80711413053257,15739.726741170913
2459776.88683339,2022.53767784638,24161.172096931783,0.7265636,47.601,183.6347,79.9617,228.4076179654785,149.57237530327404,15734.556919566623
2459779.91427432,2022.5459665279125,24156.92457165589,0.7265709,47.5987,182.7568,80.7705,227.06984439575535,146.51934995153374,15731.588799199943
2459783.80542609,2022.5566199208488,24150.87299123983,0.7265658,47.5984,181.6333,81.807,225.53833566126923,142.59712849443326,15727.788941898008
2459786.83088906,2022.564903187023,24146.711044479085,0.7265701,47.5954,180.755,82.6202,224.29648622081186,139.55005267170924,15724.959623658911
2459789.85561718,2022.5731844412867,24142.885406006895,0.7265883,47.5923,179.8804,83.4283,222.81104176153622,136.5023011367561,15721.964951952568
2459793.74358356,2022.5838291131006,24138.64417418231,0.7266202,47.5905,178.7543,84.4687,220.88141660912424,132.5845192837897,15718.320948140388
2459797.63045749,2022.59447079395,24133.919039961347,0.7266456,47.5895,177.6215,85.5172,218.97665881720968,128.66921417802087,15714.541817445688
2459800.65268479,2022.6027452013418,24129.07878065575,0.7266528,47.5882,176.7404,86.3285,217.479823271663,125.62062751696226,15711.191096361252
2459805.39998017,2022.615742587735,24121.523607298055,0.7266072,47.587,175.3533,87.6074,216.51457926531566,120.83336841542257,15707.531804753224
2459808.41991753,2022.6240107256124,24117.260050897672,0.7265925,47.5851,174.4734,88.4193,215.70347736580607,117.78883877955161,15705.16156507639
2459812.73261006,2022.6358182342503,24110.40307403565,0.7265594,47.5834,173.2192,89.5758,214.62678280615364,113.44043566991235,15701.6104357614
2459815.75045096,2022.6440806323337,24106.59935078683,0.7265562,47.583,172.3438,90.3821,213.66383155668427,110.39687235985781,15699.221663957305
2459818.76765159,2022.6523412774538,24103.32551681155,0.7265643,47.5835,171.4717,91.1836,212.57338501722643,107.35244011658108,15696.865981434801
2459822.64593893,2022.6629594495007,24098.610445365015,0.7265681,47.5835,170.3346,92.2399,211.1925414360012,103.44909817977651,15693.690482374837
2459825.66154489,2022.671215728652,24094.640168240563,0.726569,47.5828,169.4531,93.0523,210.08525584218478,100.40773768528015,15691.080087768694
2459828.67630724,2022.6794696981246,24089.765419743097,0.7265405,47.5833,168.5675,93.8692,209.4389068002365,97.36760867511998,15688.691895985063
2459832.55120569,2022.690078591896,24085.09340836491,0.7264905,47.5829,167.4347,94.9118,209.36555557518204,93.45820691743609,15687.028397133896
2459837.28545652,2022.7030402642574,24077.943081801724,0.7264287,47.5875,166.05,96.1865,208.8978902145027,88.68200486731348,15684.075189054633
2459840.29713235,2022.7112857832992,24073.69454222476,0.726401,47.5877,165.1704,97.0005,208.4024530581528,85.64801801228253,15682.071247261098
2459844.16803719,2022.7218837431626,24067.803283999925,0.7263698,47.5873,164.0344,98.0468,207.54152616155716,81.74305246150237,15679.093264960748
2459848.89720631,2022.7348315025604,24060.495321399172,0.7263334,47.5902,162.6534,99.3221,206.4176489232177,76.97615907825957,15675.335039981343
2459852.33508662,2022.7442439058725,24053.87520495966,0.726296,47.5948,161.6445,100.2526,205.50555909827744,73.50929388588509,15672.051797743803
2459856.20087421,2022.7548278554684,24045.545029860157,0.7261985,47.5979,160.5078,101.3023,205.56999749325678,69.61207203134052,15669.307430125926
2459858.34760397,2022.7607052812325,24040.53177859434,0.726129,47.5989,159.8678,101.8944,205.86817873540986,67.44829875626499,15667.952258429632
2459862.63907107,2022.77245467781,24030.34339137464,0.7260018,47.604,158.6081,103.05,206.13453461854624,63.114415988380074,15664.808623602115
2459866.0702603,2022.7818487619434,24022.140161477404,0.7258979,47.607,157.6012,103.9813,206.3827647552962,59.656945700369306,15662.315253788684
2459869.07107975,2022.7900645578372,24014.899677916466,0.7258161,47.6099,156.7177,104.7959,206.36255179988166,56.630359178567005,15659.840291935276
2459872.0706062,2022.7982768136894,24008.524920701882,0.7257491,47.6129,155.8356,105.6092,206.22326717491887,53.60514707184552,15657.521996480944
2459874.21241424,2022.8041407645173,24004.233786728135,0.7257074,47.6159,155.2054,106.1915,206.0473963695058,51.44622477371951,15655.867425973443
2459877.20995395,2022.8123475809714,23997.90988023725,0.725643,47.6204,154.3204,107.0076,205.8582610122503,48.422870850314666,15653.508862902872
2459880.20629456,2022.8205511144693,23991.54399347814,0.725566,47.6258,153.4305,107.8288,205.95908430617874,45.40089879109138,15651.46700525865
2459884.0567115,2022.8310929815195,23981.564506300005,0.7254084,47.6322,152.2869,108.8849,206.99986828812962,41.51832665293472,15649.273204921019
2459887.04976364,2022.8392875116767,23973.426474757252,0.7252767,47.637,151.4019,109.7012,207.9225334526791,38.499595796381755,15647.567246690924
2459888.75937127,2022.8439681622724,23968.533158750804,0.7252014,47.6389,150.8965,110.1677,208.38305607829898,36.7756615819701,15646.433277588585
2459893.88490875,2022.858001119097,23952.792618932144,0.7249581,47.6461,149.3807,111.5641,209.88529221707176,31.604397125073547,15642.80654164941
2459897.72563311,2022.8685164493086,23940.79765933037,0.7247891,47.6524,148.2433,112.6165,210.63217054220513,27.73387824895127,15639.586324981838
2459904.120655,2022.8860250650246,23922.108065962777,0.7245246,47.6636,146.3478,114.363,211.81598831432348,21.281776591170626,15634.587544900463
2459905.82471184,2022.890690518385,23916.97119898255,0.7244499,47.6666,145.8399,114.8312,212.1875055767614,19.562513381388726,15633.265275952264
2459908.37976211,2022.897685864777,23909.485559998266,0.7243249,47.6728,145.0767,115.5352,213.11352270107636,16.98498868024592,15631.775605734143
2459910.08241679,2022.9023474792336,23903.845103754,0.7242215,47.6766,144.5683,116.0055,214.03024694562282,15.26870747590499,15630.901614028244
2459915.18698965,2022.9163230380566,23888.78220638237,0.723926,47.686,143.0492,117.4036,216.93535884480752,10.11650629966698,15629.083533882764
2459916.88746268,2022.9209786794804,23883.945907882317,0.7238314,47.689,142.5447,117.8678,217.85960385558792,8.400175387044897,15628.488768110163
2459921.1363689,2022.9326115507188,23871.855991778484,0.7236073,47.6957,141.2824,119.0289,219.87043157883363,4.111141741203596,15626.65862730652
2459925.38188382,2022.9442351370844,23859.423346634932,0.7233838,47.7013,140.0237,120.185,221.7667203374367,359.8240506496412,15624.57797518797
2459927.92770083,2022.9512052041894,23852.934100981267,0.723271,47.7052,139.2687,120.8808,222.66230083044502,357.2556264918371,15623.383593761226
2459930.04843052,2022.9570114456403,23847.735818075165,0.723178,47.7088,138.6381,121.4617,223.44162463120392,355.11567956950245,15622.496423204504
2459933.86400951,2022.9674579315806,23838.63832379508,0.7230051,47.7173,137.5014,122.5075,225.04493863578682,351.2640446310044,15621.213908518926
2459937.25378017,2022.9767386178505,23831.22855651474,0.722827,47.7247,136.488,123.4396,227.2368126948595,347.84169757383734,15621.172462816303
2459940.21859337,2022.9848558340045,23825.889280202107,0.7226637,47.7299,135.6049,124.2498,229.6476771809148,344.8465997583554,15622.083653248574
2459945.29892898,2022.9987650348523,23817.593355702276,0.7224236,47.7394,134.0963,125.6338,233.0655203397555,339.7146874531911,15623.124000613869
2459948.68444026,2023.008034059575,23813.09544777216,0.7222884,47.7451,133.0941,126.5542,235.03653775352177,336.2960385529488,15623.81984294949
2459952.49190844,2023.0184583393288,23807.95403111605,0.7221447,47.752,131.9662,127.5878,237.0299097019597,332.44899784157667,15624.31974375388
2459954.18372387,2023.0230902775365,23805.82784622117,0.7220825,47.7537,131.4665,128.0457,237.91986045217345,330.73970008686854,15624.600289359094
2459960.1033035,2023.0392972032853,23798.48909919244,0.7218784,47.7667,129.7124,129.653,240.73756584995954,324.7584068172649,15625.279125398978
2459961.79404144,2023.043926191485,23795.890391956716,0.7218078,47.7715,129.2121,130.112,241.69479909730126,323.05067106540645,15625.472942850574
2459963.90709639,2023.0497114206437,23793.15580046112,0.7217178,47.7772,128.5847,130.6876,243.07544109508308,320.9161885682346,15626.09863344576
2459971.51115541,2023.0705301996172,23784.692367083182,0.7213585,47.7954,126.3351,132.7466,249.2660582026083,313.23082813778757,15630.197609730962
2459973.20041333,2023.0751551357425,23783.04085443028,0.7212812,47.8007,125.8362,133.2012,250.6443072977836,311.52155113265763,15631.188634952305
2459977.84506433,2023.0878714971386,23779.567470589693,0.7211257,47.8109,124.469,134.4539,253.37393266347135,306.82916103006437,15633.080694828774
2459980.80017988,2023.0959621625739,23777.52165892087,0.7210326,47.8172,123.6002,135.2481,255.01709563284112,303.8419214734025,15634.234274938899
2459983.75489623,2023.1040517350584,23775.363508694634,0.7209415,47.8255,122.7314,136.0412,256.580977691061,300.8539753789935,15635.259277001054
2459987.13117265,2023.1132954761124,23772.8146693773,0.7208346,47.8363,121.7384,136.9503,258.41101630258254,297.4423285995629,15636.449946795588
2459990.50685253,2023.1225375839288,23770.505530506456,0.7207196,47.8466,120.7454,137.8603,260.4999927620547,294.0321697856834,15638.013983006145
2459991.77258481,2023.1260029700477,23769.6209351362,0.7206718,47.8505,120.3726,138.2023,261.3891304939125,292.7538307828294,15638.713101407564
2459996.41305024,2023.1387078719779,23767.372825186467,0.7204675,47.8671,119.0093,139.4502,265.6168442564349,288.0646660879784,15642.707017543213
2459998.94395524,2023.145637112224,23766.404669090618,0.7203675,47.8752,118.2675,140.1282,267.7228536294806,285.5063395993374,15644.747528389444
2460002.31821181,2023.1548753232312,23765.13694695644,0.720248,47.8874,117.2794,141.032,270.2082911849584,282.0962836367666,15647.111779335692
2460005.69208288,2023.1641124787955,23763.579137291945,0.720134,47.8987,116.2938,141.933,272.4815388373463,278.68630763361364,15649.13648964892
2460008.64393087,2023.1721941981386,23762.291740324883,0.7200362,47.9092,115.432,142.7204,274.44519232996663,275.7024886701211,15650.904718982016
2460013.28201525,2023.184892581109,23760.31265745824,0.7199008,47.9279,114.0788,143.9591,277.10826710392666,271.0165708007596,15653.221554134892
2460016.65467627,2023.1941264237378,23758.630430259775,0.7197805,47.941,113.0954,144.8622,279.4952398521773,267.61208745441974,15655.328583588982
2460018.76236967,2023.1998969737713,23757.674120373158,0.7197008,47.949,112.4802,145.4267,281.1207498012991,265.48398944232764,15656.82793932195
2460023.82025686,2023.2137447141959,23755.78129272135,0.7194735,47.9711,111.0067,146.7793,285.9898808125954,260.37790288953323,15661.650767270281
2460025.92752066,2023.21951408805,23754.93279560697,0.7193748,47.9794,110.3943,147.34,288.0964667537646,258.24922830204554,15663.72600059951
2460028.87743857,2023.2275905231209,23753.588339307098,0.7192572,47.9918,109.5359,148.1256,290.5126004244239,255.26891167647938,15665.977530148684
2460032.66974986,2023.237973305572,23752.2130262071,0.7191065,48.008,108.4345,149.1333,293.7059496769043,251.437409994068,15669.090103085475
2460035.61904198,2023.2460480273232,23751.102678081796,0.7189936,48.019,107.58,149.915,296.0755595981236,248.45771016366882,15671.367799677115
2460039.41065934,2023.256428909898,23749.860758810977,0.7188715,48.0341,106.4813,150.9211,298.6264303333919,244.6279924367546,15673.802646516247
2460042.78067263,2023.2656555034355,23748.95605702011,0.718746,48.0493,105.5052,151.817,301.3525868611341,241.22621876320903,15676.549258687597
2460044.88676744,2023.2714216767695,23748.303248783588,0.7186589,48.0573,104.8956,152.3771,303.23745914634856,239.10089636303064,15678.438211608647
2460049.94095286,2023.2852592822992,23746.931303019832,0.7184386,48.078,103.4334,153.72,308.08292338208685,234.00005837225297,15683.397309909125
2460055.83679277,2023.3014012122378,23745.295344231046,0.7181663,48.1009,101.7302,155.2787,314.0881444574088,228.04446359440698,15689.560798444065
2460057.10007533,2023.3048598913897,23745.059895586895,0.7181155,48.1065,101.3654,155.6125,315.2280361375633,226.7683390996773,15690.75605394739
2460061.31071049,2023.3163879821773,23743.793350084456,0.7179323,48.1234,100.151,156.7215,319.22087953361824,222.51282641621634,15694.788827654977
2460063.83693068,2023.3233043961125,23743.273771714707,0.7178336,48.1324,99.4241,157.3842,321.4177843791613,219.95871739950354,15697.067923108649
2460066.78405951,2023.3313731950996,23742.735412045495,0.7177339,48.1433,98.5764,158.1584,323.6330280899738,216.98044976417242,15699.360355737
2460070.57296877,2023.3417466632986,23742.037144117505,0.7175873,48.1576,97.4863,159.1557,326.9165133705128,213.15320121250096,15702.791415690781
2460073.51966192,2023.3498142694598,23741.3574677186,0.7174602,48.1666,96.6394,159.9299,329.7420906577199,210.17616299452027,15705.715534387995
2460077.7289481,2023.3613386669404,23740.511391593504,0.7172736,48.1829,95.4306,161.0342,333.9330199042224,205.92287990143473,15710.106559437441
2460080.67529373,2023.369405321643,23739.951917062437,0.717135,48.1917,94.5859,161.804,337.06519901986667,202.9439842085211,15713.411886959779
2460082.77972218,2023.3751669327316,23739.65718926652,0.7170511,48.1995,93.9819,162.353,338.97358808005265,200.81480421662508,15715.441079006812
2460087.40918649,2023.3878417152357,23738.903541215277,0.7168609,48.2185,92.6546,163.5585,343.27548364650556,196.13008251510934,15719.982562443916
2460091.61753323,2023.3993635406714,23738.243089855627,0.7167014,48.2316,91.4534,164.6474,346.87473381577183,191.86992535830342,15723.769953944264
2460097.50885818,2023.4154931093228,23737.638483112733,0.7165003,48.2512,89.7726,166.1726,351.4770886709148,185.90768064380597,15728.69340726343
2460102.55815599,2023.4293173333065,23737.07764461125,0.7163017,48.2671,88.3334,167.4781,356.0322747442151,180.7972600096548,15733.576624872114
2460106.3450034,2023.4396851564682,23736.73467815942,0.7161467,48.2814,87.2555,168.4538,359.6141696199884,176.96264367146205,15737.448515536315
2460110.55244053,2023.4512044915268,23736.37745960808,0.7159944,48.297,86.0604,169.5355,363.127822242468,172.70228305036267,15741.237787824297
2460118.5461202,2023.4730899937026,23735.762307304176,0.7157216,48.3266,83.7966,171.5783,369.42823150074037,164.60250226709945,15748.037152447501
2460131.58760148,2023.5087956234909,23735.122068668017,0.7153177,48.3723,80.1207,174.8962,378.8328412891706,151.39047554325535,15758.273450473735
2460149.25563668,2023.55716806757,23734.323597096278,0.7148352,48.4434,75.176,179.357,390.05734170124015,133.49249567480422,15770.46368414461
2460156.82735385,2023.577898299384,23733.99152573758,0.7146482,48.4722,73.0681,181.2615,394.4009030539655,125.82621222176112,15775.168554438591
2460169.86741822,2023.6136000498832,23733.36639943318,0.7143407,48.5273,69.4539,184.5317,401.5205323056016,112.62958204208738,15782.846981793611
2460181.2248543,2023.6446950151944,23732.882972660933,0.7141371,48.5651,66.3206,187.3662,406.21445192547526,101.13659452997359,15787.880863329568
2460183.32808501,2023.6504533470497,23732.800482722167,0.7140979,48.5718,65.7406,187.8915,407.1211968912821,99.00889506207315,15788.856744752122
2460187.11394659,2023.660818471157,23732.657759496862,0.7140341,48.5849,64.6981,188.837,408.5945355865033,95.18045038346912,15790.439164111018
2460190.05850168,2023.6688802236274,23732.528430920367,0.7139819,48.5954,63.8881,189.5725,409.7963900078257,92.20371949412913,15791.72529083138
2460192.16174572,2023.6746385919782,23732.43628288593,0.7139422,48.6025,63.3103,190.0974,410.7122117225272,90.07780688781008,15792.707433120833
2460195.94762162,2023.6850037552904,23732.263249550448,0.7138826,48.6148,62.2693,191.0404,412.0771570769248,86.24834809548179,15794.158572129227
2460198.47157451,2023.6919139616973,23732.13752418806,0.7138478,48.6227,61.5762,191.6681,412.8670632489657,83.69527378893116,15794.989322451618
2460203.51950491,2023.705734441916,23731.915193587636,0.7137825,48.6347,60.1904,192.922,414.3531369206694,78.58800091019111,15796.556961917066
2460208.9880956,2023.720706627242,23731.64856363625,0.7137256,48.6457,58.688,194.2815,415.62715356582976,73.05511419286341,15797.874148575496
2460210.67076068,2023.7253135131552,23731.54869592467,0.7137019,48.6494,58.2252,194.7,416.1610017007106,71.35233526407714,15798.430155808257
2460213.19478307,2023.732223909843,23731.372480944094,0.7136669,48.6544,57.5321,195.3281,416.9411497234132,68.79959245655203,15799.232054751037
2460216.98079128,2023.7425894354005,23731.099470772617,0.7136199,48.664,56.4925,196.2707,417.9783395498098,64.97100325580746,15800.28451393259
2460219.08411203,2023.7483480137714,23730.92992594832,0.7136022,48.6695,55.9145,196.7941,418.34982274576214,62.84331504231346,15800.636387699311
2460222.02877702,2023.7564100671323,23730.63674379307,0.7135666,48.6763,55.1053,197.5276,419.11066668957665,59.8652758323928,15801.37586892514
2460223.71145136,2023.7610169783984,23730.413382507064,0.7135405,48.6771,54.6422,197.9454,419.6660523462815,58.16148777656889,15801.912341921743
2460226.23546989,2023.767927364517,23730.097301628226,0.7135014,48.6825,53.9488,198.57,420.5033547802659,55.60494877388754,15802.72825286417
2460228.33880653,2023.7736859863928,23729.873953035465,0.7134922,48.6871,53.3714,199.0898,420.6576805614941,53.4742448985692,15802.821002071116
2460230.86277494,2023.7805962352916,23729.56694888824,0.7134762,48.6909,52.6778,199.7149,420.94939454986434,50.918055295074396,15803.036508443303
2460233.80737538,2023.7886581119228,23729.249364246483,0.7134443,48.6925,51.8669,200.4456,421.6153620462055,47.935579707758734,15803.662228788298
2460236.75198631,2023.7967200172754,23728.973351326284,0.7134171,48.6962,51.0558,201.1752,422.18169704580487,44.95179378081252,15804.192208318913
2460238.01397519,2023.8001751545244,23728.88037194718,0.7134051,48.698,50.7085,201.4878,422.43979731016407,43.67324437125575,15804.44517725108
2460241.79994763,2023.8105405821495,23728.517388104297,0.7133653,48.7026,49.6658,202.4278,423.28016298405964,39.83899042613831,15805.247731795907
2460245.16520574,2023.8197541567142,23728.2469908142,0.7133451,48.7079,48.7388,203.2627,423.68196832714693,36.430003582847036,15805.597606017269
2460246.84783276,2023.8243609384253,23728.10200509509,0.7133399,48.7106,48.2747,203.6801,423.7637935907587,34.72486216689188,15805.637455383701
2460249.7924534,2023.8324228703623,23727.764024477812,0.7133222,48.7153,47.4629,204.4123,424.0868894564446,31.742966669543904,15805.876672768201
2460251.05444369,2023.8358780114716,23727.597269608275,0.7133018,48.7174,47.115,204.7251,424.5231275216074,30.464015870231947,15806.300745372166
2460253.99908185,2023.843939991376,23727.23147136541,0.7132718,48.7203,46.3029,205.4525,425.13007076795475,27.477003104673685,15806.843992548584
2460256.94367736,2023.8520018545112,23726.87867221651,0.7132619,48.723,45.4911,206.1796,425.2638094018848,24.490032375993337,15806.868629353121
2460259.04693847,2023.8577602695964,23726.654467115397,0.7132516,48.7249,44.9107,206.7002,425.44390579819265,22.357202945282864,15806.989413635785
2460261.15019126,2023.8635186619028,23726.423475477706,0.7132362,48.725,44.3296,207.2205,425.74305623719374,20.223381714954996,15807.239419980884
2460263.25345613,2023.869277087283,23726.273523696746,0.7132183,48.7263,43.7474,207.7411,426.1247557907436,18.088748578079105,15807.608957374738
2460266.19807008,2023.8773390009035,23726.093012062352,0.7131996,48.73,42.9347,208.4698,426.5166662966867,15.102459674725992,15807.97908438938
2460269.56335798,2023.8865526570294,23725.8467200957,0.7131788,48.7336,42.0055,209.3034,426.93952727391206,11.689943469415084,15808.360416896903
2460270.82532499,2023.8900077344008,23725.714821024452,0.7131708,48.7345,41.6566,209.6162,427.09150154258714,10.410015615750382,15808.482304878327
2460273.76988872,2023.898069510527,23725.419735949585,0.713179,48.7385,40.8433,210.3456,426.8123140847956,7.423876210258527,15808.070676166126
2460276.71447802,2023.9061313566601,23725.0902395642,0.7131797,48.7424,40.0311,211.0759,426.7012000388768,4.439711602375638,15807.832780442079
2460280.07973606,2023.9153449310336,23724.599777853367,0.7131508,48.7437,39.1003,211.9097,427.24616659741696,1.0258248279294548,15808.263734180859
2460283.86560927,2023.9257100869818,23724.328759865202,0.7131398,48.7462,38.0549,212.8435,427.4293929206842,357.18276868659996,15808.371544749241
2460286.81016919,2023.9337718526767,23724.20440441058,0.7131356,48.7478,37.242,213.5703,427.49336194859825,354.1944330363862,15808.398794400895
2460289.33409409,2023.94068198245,23724.08704045216,0.713126,48.749,36.544,214.1941,427.6874456426722,351.6325863179422,15808.572269120858
2460293.96139903,2023.9533508529225,23723.955764959257,0.7131131,48.7516,35.2662,215.3381,427.9558251462886,346.9379929479046,15808.822975374776
2460296.06473572,2023.9591094749348,23723.839269465603,0.7131194,48.753,34.6858,215.8584,427.7729439278546,344.8047890234754,15808.580190496334
2460302.37469095,2023.976385190828,23723.51774932357,0.7131428,48.7562,32.9438,217.4214,427.12557572126207,338.4065313019308,15807.752489313303
2460305.31939148,2023.9844473414926,23723.28550273051,0.7131507,48.7574,32.1308,218.1513,426.87154015839405,335.42105706265613,15807.39062319024
2460308.26410337,2023.9925095232575,23723.05871998336,0.7131493,48.7582,31.3183,218.8791,426.83969996833093,332.43397162731617,15807.276215913149
2460312.05012759,2024.002875092649,23722.89271338941,0.7131548,48.7584,30.2745,219.8125,426.66160495072836,328.59196664633464,15807.02140951651
2460316.67750152,2024.0155441520058,23722.737292847345,0.7131632,48.7583,28.9989,220.9546,426.41775232099553,323.8976052778893,15806.697626709021
2460320.04293205,2024.0247581986307,23722.591725680428,0.713172,48.7582,28.0715,221.7854,426.1672394934649,320.4839484929755,15806.369920098052
2460324.67040501,2024.0374275291176,23722.367688395832,0.7131959,48.7574,26.7964,222.9293,425.5360147394467,315.7917895176425,15805.594025228376
2460328.03578547,2024.046641438659,23722.20974728595,0.7132345,48.7562,25.8685,223.7625,424.5750392853288,312.38008208280246,15804.476687609684
2460332.66326875,2024.0593107973991,23721.9710102782,0.7132762,48.7538,24.5919,224.9094,423.5173715568044,307.68941293627915,15803.2241397115
2460336.44941757,2024.0696767079264,23721.787851750327,0.7132955,48.7513,23.5495,225.8435,423.0070251421521,303.84938514647547,15802.595983809302
2460338.55281629,2024.075435499767,23721.720033410347,0.7133011,48.7495,22.9698,226.3627,422.85473968670885,301.7157200838351,15802.403942452996
2460344.02165883,2024.0904083746198,23721.60562849669,0.7133322,48.7451,21.4633,227.7114,422.0841979887646,296.1676851368761,15801.512079610467
2460347.80786989,2024.1007744555504,23721.537345593,0.7133609,48.7417,20.4199,228.6461,421.3838153571669,292.32719600186755,15800.713830379595
2460350.75270939,2024.1088369866943,23721.4991446507,0.713397,48.7388,19.6075,229.3741,420.5165193543262,289.34028479001694,15799.741448410428
2460354.53888657,2024.1192029748663,23721.423009433478,0.7134438,48.7339,18.5623,230.3121,419.3845361758222,285.5013290481432,15798.463000053554
2460356.2216441,2024.123810113894,23721.391863384328,0.7134636,48.7317,18.0974,230.7291,418.90592752343764,283.79485899814324,15797.922783909915
2460360.42861698,2024.1353281779059,23721.30135407812,0.7135236,48.7267,16.9353,231.7707,417.4567152314248,279.5278559539164,15796.288186192714
2460365.47699832,2024.1491498927305,23721.211976985473,0.7135735,48.7201,15.5402,233.0195,416.24742232602966,274.4057386169882,15794.919173507611
2460368.42186871,2024.1572125084458,23721.183626720944,0.7136023,48.7166,14.7265,233.747,415.5561319705357,271.41699695949495,15794.144437526307
2460373.47030321,2024.1710343688158,23721.16499279039,0.7136518,48.7106,13.3303,234.996,414.3765975885417,266.2939272263205,15792.832764673465
2460378.51881647,2024.1848564448192,23721.138905349097,0.7137204,48.7038,11.9311,236.2484,412.741857367776,261.17117986513205,15791.01451803033
2460381.46374387,2024.1929192166192,23721.11567960074,0.7137597,48.6994,11.1122,236.9821,411.80296846362035,258.18338201710435,15789.967211837786
2460390.29873515,2024.2171081044494,23720.935798437775,0.7138717,48.6863,8.6537,239.1825,409.0947344161432,249.21728239822397,15786.906280146857
2460392.82301068,2024.2240191941953,23720.854210843536,0.7138891,48.6829,7.9505,239.811,408.6586470332322,246.6545900897267,15786.39496926961
2460398.29223931,2024.238993126106,23720.670075678656,0.7139325,48.677,6.4278,241.1709,407.5764868742044,241.10117460183707,15785.132439120463
2460402.49941523,2024.2505117460096,23720.594013659258,0.7139591,48.6723,5.2541,242.22,406.9237602017074,236.82987143654518,15784.38305878037
2460406.70656498,2024.2620302942644,23720.53671800005,0.7140086,48.667,4.0773,243.2731,405.73320473223976,232.55949406479587,15783.04447277755
2460411.33439558,2024.274700603915,23720.42898180314,0.7140472,48.6609,2.7783,244.4356,404.7867845477567,227.8616825905622,15781.958578195243
2460419.74875753,2024.2977378714031,23720.055873990048,0.7141074,48.6516,0.4156,246.5488,403.25214596028854,219.31876629486322,15780.128408873015
2460422.27301163,2024.3046489024775,23719.90815210465,0.7141095,48.6495,359.7075,247.1811,403.16010155927506,216.75499510807254,15779.974946866285
2460427.74222634,2024.3196227962762,23719.640528492633,0.7141187,48.6454,358.1729,248.5529,402.8653698181606,211.2015933405745,15779.555130909524
2460435.73565728,2024.341507617467,23719.386486011063,0.7141406,48.6395,355.9224,250.5672,402.2732892592303,203.0868577118573,15778.810579160858
2460438.25986886,2024.348418532128,23719.31529145991,0.7141549,48.6357,355.2071,251.2084,401.913751418886,200.52482843389498,15778.38738632947
2460448.35669125,2024.376062125257,23718.596456033454,0.7141626,48.6266,352.3555,253.7614,401.5256426418173,190.2745349074894,15777.706837002086
2460453.40493718,2024.3898834693505,23718.25588651202,0.7141429,48.6236,350.9341,255.0323,401.8955447762546,185.14835103386645,15777.998027341238
2460469.3908917,2024.4336506275156,23717.610241773207,0.7141054,48.6115,346.4163,259.0813,402.6003930276538,168.92337409440665,15778.55396920194
2460476.54236977,2024.4532303073781,23717.34541041079,0.714069,48.605,344.3962,260.8927,403.38799054416904,161.66598934385047,15779.334216381127
2460482.01111045,2024.4682029033543,23717.221545579076,0.7140316,48.6021,342.8562,262.2729,404.23959783477585,156.11605479246998,15780.234413388242
2460492.10719376,2024.4958444729914,23716.93597079507,0.7139815,48.5937,340.0092,264.8235,405.3461509628487,145.86868972309742,15781.360508700547
2460498.41722001,2024.5131203833264,23716.67781007399,0.7139376,48.5889,338.2278,266.421,406.3134743765113,139.4654620025076,15782.341802551142
2460505.14775318,2024.5315475788639,23716.43089765783,0.7138647,48.584,336.3352,268.1185,407.97176983059126,132.6365716090313,15784.091965520538
2460511.03696822,2024.5476713708968,23716.2284901446,0.7138126,48.5804,334.6836,269.5981,409.1494694004077,126.66000647718329,15785.32524836724
2460519.87060156,2024.5718565408897,23715.955050638226,0.7137358,48.5747,332.2008,271.8241,410.89259980690986,117.69654527968271,15787.159422781897
2460527.02163786,2024.5914350112532,23715.668848864967,0.7136639,48.5716,330.1921,273.6247,412.5158270754837,110.44019594886004,15788.85604796647
2460532.91054478,2024.607557959699,23715.40839479759,0.7135888,48.5698,328.5453,275.1009,414.2222768440506,104.46533450833783,15790.653376526609
2460535.85498431,2024.6156193957836,23715.24305407232,0.7135591,48.5691,327.7231,275.8377,414.8792641272239,101.47781751787511,15791.322541532783
2460541.74382966,2024.6317421756607,23714.923487749085,0.713492,48.569,326.0781,277.3125,416.3789986280144,95.50341676210269,15792.870041810222
2460547.21183221,2024.646712750746,23714.68081075509,0.7134317,48.5694,324.5456,278.6886,417.73946498070745,89.95760973146128,15794.290049514748
2460555.20354109,2024.668592857193,23714.194145375364,0.713311,48.5711,322.3109,280.6959,420.4623053435171,81.8533714104841,15797.13095881608
2460560.67133059,2024.6835628489796,23713.84395859691,0.7132345,48.5735,320.7881,282.0623,422.1760197090225,76.30777436734274,15798.903138023961
2460564.03610652,2024.6927751034082,23713.62052677025,0.7131894,48.5742,319.8521,282.9028,423.1814314552921,72.89586277302817,15799.936380301335
2460569.9243883,2024.7088963403153,23713.289312070534,0.7130994,48.5767,318.2122,284.3773,425.2206316066222,66.92681748649557,15802.074200594858
2460575.81247253,2024.725017036359,23713.076066726815,0.7130048,48.5803,316.5658,285.8614,427.4027083854753,60.96106691071145,15804.410518455683
2460577.91539298,2024.730774518768,23712.973867586395,0.712965,48.5815,315.978,286.3916,428.31715408266155,58.83077324355327,15805.384932491263
2460582.9623018,2024.7445922020534,23712.66275544608,0.712865,48.585,314.5722,287.6574,430.59912028501094,53.71640726075509,15807.796466218511
2460588.85016557,2024.760712294511,23712.220872733276,0.7127701,48.5885,312.9378,289.1288,432.72253005309267,47.75017397602994,15809.986538045641
2460591.79408192,2024.7687722982062,23711.909053957505,0.7127226,48.5899,312.1217,289.8643,433.7592820573718,44.76797264575828,15811.02201737261
2460595.99963293,2024.7802864693494,23711.735596734783,0.7126505,48.5922,310.953,290.9187,435.4190678539426,40.508571034168426,15812.793368467199
2460598.52287908,2024.7871947408075,23711.574973787432,0.7125963,48.5933,310.2519,291.5517,436.65808029391155,37.95349330932436,15814.10453672165
2460603.56931964,2024.8010111420665,23711.2450936318,0.7124982,48.5966,308.8445,292.8242,438.8893446603115,32.84468885602996,15816.451016703546
2460607.77470367,2024.8125248560434,23710.912366403463,0.7124004,48.5989,307.6735,293.8837,441.11261221268796,28.58825182440046,15818.787014839207
2460609.87732681,2024.8182815244622,23710.681691240527,0.7123485,48.6,307.0893,294.4105,442.2768545078734,26.458451193626843,15819.990273061094
2460616.60549488,2024.8367022447094,23709.921633011323,0.7122241,48.6017,305.2269,296.0911,445.0077368693028,19.64519190460919,15822.735277799758
2460619.54901317,2024.8447611585761,23709.526870809997,0.7121698,48.6023,304.4109,296.8267,446.1815611306165,16.66358291257859,15823.891011656056
2460624.59488719,2024.8585760087337,23708.993213531645,0.7120645,48.6022,303.0139,298.0893,448.5245154348413,11.55583685582178,15826.2863088846
2460630.48147026,2024.874692594825,23708.569313383156,0.7119483,48.6033,301.3783,299.569,451.1573952878507,5.5979658629951246,15829.038681186224
2460633.84526487,2024.8839021625467,23708.324738662537,0.7118694,48.6033,300.4446,300.4153,452.9575319456799,2.195121483164712,15830.93583617074
2460636.78850164,2024.8919603056534,23708.041026596995,0.7117971,48.6028,299.6297,301.1516,454.58987718423214,359.2155899648309,15832.634080132293
2460641.83388981,2024.905773825626,23707.63903263132,0.7117058,48.6025,298.235,302.4093,456.63852880121885,354.10572277463507,15834.748828614122
2460643.93611764,2024.911529411746,23707.442195380198,0.7116654,48.601,297.657,302.9311,457.5395624280709,351.9775117714371,15835.67172792275
2460647.72011088,2024.9218894206165,23707.109535093357,0.7115973,48.5988,296.6131,303.8718,459.0580991166689,348.1447085780278,15837.22653653497
2460651.50401713,2024.932249191321,23706.89078043395,0.7115239,48.5983,295.5676,304.8155,460.73509546554214,344.3133911244304,15838.995336992823
2460653.60612131,2024.938004438905,23706.732299423842,0.7114829,48.597,294.9875,305.3397,461.66135350609784,342.18560199421904,15839.958935575196
2460658.65116602,2024.9518170185352,23706.507108112353,0.7113997,48.596,293.5928,306.6016,463.568763353358,337.08027332735014,15841.97836170461
2460661.59413608,2024.9598744314299,23706.309563454295,0.7113404,48.5954,292.7797,307.3378,464.9175360628915,334.1027046852357,15843.392616478817
2460663.69620613,2024.9656295855718,23706.173550402502,0.7112949,48.5946,292.2003,307.8612,465.95690548631046,331.9748491941666,15844.48797118293
2460667.47985187,2024.9759886430386,23706.011825648846,0.7112295,48.5929,291.16,308.7992,467.46058789853123,328.1432885060883,15846.084696526672
2460670.42268007,2024.9840456675431,23705.89116509847,0.7111873,48.5916,290.3519,309.5279,468.426133298236,325.16335968444514,15847.103930466445
2460673.3655273,2024.9921027441483,23705.765190743652,0.7111431,48.5898,289.5444,310.2556,469.4375451261194,322.1830121066148,15848.171596532644
2460676.30836765,2025.0001598019167,23705.666857494718,0.7110979,48.5883,288.7364,310.9848,470.480637030626,319.20367131003877,15849.2836523137
2460678.83074865,2025.0070657047222,23705.597094659443,0.7110642,48.5878,288.0437,311.6102,471.2593610231006,316.6502463000131,15850.115050713403
2460682.61423894,2025.0174243365918,23705.496969277578,0.7110141,48.5875,287.0043,312.5506,472.4180766139534,312.8221388269293,15851.353291430396
2460685.97738797,2025.02663213681,23705.394586022194,0.710964,48.5865,286.0814,313.3869,473.5761295655093,309.4207307484062,15852.589838655837
2460687.65897547,2025.0312360724706,23705.34455748766,0.7109426,48.5863,285.6201,313.8047,474.0689638915337,307.7198139105924,15853.113758004589
2460692.28323707,2025.043896610732,23705.178927051693,0.7108855,48.5863,284.3529,314.9524,475.3746529050877,303.04252013649966,15854.490028882841
2460694.38512628,2025.0496512697607,23705.09774062628,0.7108556,48.5859,283.7785,315.4725,476.0599631547402,300.9165428861122,15855.214314084513
2460697.74815042,2025.058858728049,23704.975829419116,0.7108143,48.5853,282.8601,316.3026,477.00372871364743,297.51355790234913,15856.20810273884
2460700.69082422,2025.0669153298288,23704.89278453519,0.7107841,48.5846,282.0569,317.0289,477.69560108284986,294.5362812616452,15856.938795532065
2460703.21311372,2025.073820982122,23704.842692212886,0.7107597,48.5844,281.368,317.6524,478.2595117484625,291.984846436079,15857.540481476895
2460706.15573012,2025.0818774267486,23704.805953582385,0.7107362,48.5848,280.5644,318.3808,478.8059483958632,289.0093263705256,15858.127630239704
2460711.2001387,2025.0956882647506,23704.74217618936,0.7106994,48.5856,279.1875,319.6329,479.65983441688786,283.9126246897481,15859.042821320614
2460714.1427745,2025.1037447624913,23704.694542728786,0.7106794,48.5856,278.385,320.3634,480.12014791901856,280.94028550312714,15859.531487862874
2460716.24465142,2025.1094993878714,23704.650895541956,0.7106682,48.5859,277.8118,320.8851,480.37301197876695,278.81712036628517,15859.79377265943
2460718.3464916,2025.1152539126624,23704.607381423273,0.7106557,48.5865,277.2395,321.4065,480.6567295527502,276.69459144155667,15860.08996846979
2460722.97046609,2025.1279136648593,23704.50394484651,0.7106244,48.5862,275.9821,322.5497,481.368751742325,272.02288065061225,15860.835285810359
2460725.91301692,2025.1359699299658,23704.451197277118,0.7106116,48.5858,275.1824,323.2762,481.65690485810956,269.0494252123426,15861.133067980154
2460727.59448931,2025.140573550472,23704.43392483706,0.7106054,48.5857,274.7257,323.6913,481.79887390464955,267.35052183004393,15861.282840119085
2460730.95743105,2025.1497807831622,23704.40496035436,0.7105937,48.5852,273.8114,324.5227,482.0678332778025,263.9530180615857,15861.567895980088
2460736.00171597,2025.1635912826016,23704.394663369218,0.7105948,48.5852,272.4398,325.7743,482.0387784313016,258.8612382634335,15861.532384005057
2460737.68314563,2025.1681947861196,23704.38469855553,0.7105937,48.5846,271.9833,326.1921,482.0619693855706,257.16527699695496,15861.554337997999
2460741.88680484,2025.1797037777962,23704.349356767416,0.7105992,48.5826,270.8408,327.2365,481.92136732797553,252.92393999336946,15861.387579586653
2460745.67005597,2025.1900617548804,23704.28206158398,0.7106089,48.581,269.8134,328.1762,481.6719605120561,249.10736824303888,15861.09015209037
2460749.03288263,2025.199268672498,23704.222937878167,0.7106091,48.5784,268.9009,329.0084,481.65010979320687,245.71257790072264,15861.045386897082
2460752.39573307,2025.2084756552226,23704.184142298498,0.7106159,48.5758,267.9887,329.8392,481.47769425332353,242.31666411982565,15860.842485860225
2460755.75862973,2025.21768276449,23704.158234379924,0.7106259,48.5728,267.0756,330.6705,481.2331553312788,238.92030478360334,15860.564936138337
2460759.12151063,2025.2268898306093,23704.148934118733,0.7106413,48.5698,266.1617,331.5028,480.8654201829813,235.52416098069182,15860.157969960257
2460764.16572477,2025.2407001362633,23704.158101518988,0.7106855,48.5646,264.7905,332.756,479.8203490619162,230.43445094521803,15859.013827496707
2460766.2675135,2025.2464545201917,23704.146144042155,0.710703,48.5614,264.2192,333.2784,479.4020670329637,228.3139727309474,15858.550364520284
2460768.78969627,2025.253359880274,23704.122096273288,0.7107287,48.5572,263.5333,333.9053,478.78591414769926,225.76904310130567,15857.865358762665
2460771.73221163,2025.2614160482678,23704.06636148546,0.7107634,48.5533,262.7323,334.6368,477.9472605704241,222.79932262354862,15856.924834290712
2460775.93571215,2025.2729246054753,23703.969573722978,0.7107962,48.5456,261.5891,335.6786,477.14177580506566,218.55484202891387,15856.00623371919
2460778.87817497,2025.2809806296234,23703.918821989813,0.7108204,48.5405,260.788,336.4061,476.5534633754851,215.58107333559678,15855.342261292772
2460781.82067453,2025.2890367543607,23703.876307658044,0.7108488,48.5358,259.9859,337.134,475.8679790108936,212.6066684301644,15854.574407206605
2460785.60388689,2025.2993946252984,23703.84933772765,0.7108849,48.5285,258.9542,338.07,475.0044716620623,208.782134892592,15853.616396931235
2460789.80735728,2025.3109031000138,23703.836184932283,0.7109494,48.5213,257.8062,339.1139,473.4717715563884,204.53498399502382,15851.927928220997
2460791.90909488,2025.3166573439557,23703.813865078864,0.710985,48.5166,257.2321,339.6369,472.62146421576836,202.41235617590007,15850.98580556162
2460797.37372181,2025.331618677098,23703.729036829558,0.7110852,48.5039,255.737,340.9969,470.22183392980514,196.8911762447085,15848.318928836836
2460801.1568407,2025.3419762921292,23703.634245314162,0.7111541,48.4962,254.7012,341.9384,468.56126685859,193.06813483348878,15846.460353281183
2460805.78062465,2025.3546355226556,23703.548023721658,0.7112199,48.4861,253.4345,343.0855,466.9766686451421,188.39121184399073,15844.687986430086
2460809.14342672,2025.36384237295,23703.508300940553,0.71127,48.4799,252.5117,343.9194,465.7776517305665,184.9878457379366,15843.355647164713
2460810.82483039,2025.3684458053115,23703.49554717322,0.711295,48.4766,252.05,344.3368,465.18138194664425,183.2863100878401,15842.695468280095
2460815.86895001,2025.3822558521829,23703.475088040625,0.7113894,48.468,250.6634,345.5915,462.9378672444582,178.18279321414968,15840.220761638855
2460820.07235882,2025.393764158303,23703.454562526633,0.7114924,48.4595,249.5069,346.6414,460.49048754360774,173.93320301097003,15837.521111025155
2460823.85550211,2025.404121840137,23703.40713480989,0.7115924,48.4518,248.4645,347.5879,458.10646357339647,170.10853755074413,15834.881025272482
2460828.0589005,2025.4156301177281,23703.292552019415,0.7117059,48.4452,247.3057,348.6404,455.3830933211402,165.85925761789156,15831.843128303195
2460833.94361201,2025.431741579768,23703.200355393954,0.7118305,48.4357,245.6827,350.1107,452.40309481369695,159.90643128356487,15828.529575714034
2460838.98770501,2025.4455515537577,23703.163888820505,0.7119456,48.4295,244.2897,351.3739,449.6643520958587,154.80504064723948,15825.500247941432
2460844.03167664,2025.4593611954547,23703.134928217292,0.7120743,48.4244,242.8944,352.6389,446.6054164014122,149.70326963633568,15822.119795599905
2460848.65534675,2025.4720201143048,23703.094343667595,0.7122266,48.4174,241.6147,353.8047,442.98374979799155,145.0321588502859,15818.11378273835
2460855.80097214,2025.4915837704036,23702.96335838465,0.7124758,48.4089,239.6354,355.6105,437.03927724886034,137.81574265469146,15811.512462424696
2460860.84487435,2025.5053932220394,23702.85137138803,0.7126187,48.4035,238.2376,356.8845,433.6199408162738,132.72054006581993,15807.700537713888
2460862.94652046,2025.5111472154958,23702.808131211277,0.7126779,48.4015,237.6549,357.4154,432.2043081566999,130.5973024215151,15806.123049255093
2460868.83104782,2025.5272581733605,23702.741577591863,0.7128575,48.3978,236.0223,358.9049,427.92817344367086,124.65425759021662,15801.378924997689
2460871.77324942,2025.5353134823267,23702.703983638068,0.7129665,48.3951,235.2062,359.6514,425.33378388757865,121.684746362346,15798.500484679218
2460874.71547996,2025.5433688705275,23702.653836458252,0.7130841,48.3904,234.3889,0.4003,422.53195787587174,118.71640661007115,15795.38763651377
2460878.49837215,2025.5537258648874,23702.55938778814,0.7132443,48.386,233.3374,1.3643,418.7077090367584,114.90038864054117,15791.128241633945
2460880.59993561,2025.5594796320597,23702.48028276948,0.713343,48.3825,232.7526,1.902,416.3455904178518,112.7819324584672,15788.489206974513
2460883.96238019,2025.5686855036001,23702.34830970282,0.713477,48.3775,231.8179,2.7603,413.13164474097994,109.39141870398643,15784.888902326957
2460887.74514066,2025.5790421373308,23702.19475301656,0.7136118,48.3724,230.7653,3.7247,409.8925913658568,105.57483056089973,15781.25203935904
2460889.84668293,2025.5847958464885,23702.11359213946,0.7136859,48.3696,230.1802,4.2603,408.1130212311764,103.45399526416563,15779.254489488138
2460893.629418,2025.5951524106779,23701.98627324357,0.7138221,48.3652,229.1265,5.2256,404.8483575056698,99.63723215594649,15775.596468713662
2460898.67292272,2025.6089607740457,23701.80164063659,0.7140378,48.3573,227.7203,6.5154,399.6830411200499,94.54982134353924,15769.812012804423
2460899.93379399,2025.612412851444,23701.753490637762,0.714098,48.3548,227.3686,6.8386,398.2424264803176,93.27857348014112,15768.199307767134
2460904.55702081,2025.6250705566324,23701.5397075962,0.7143251,48.345,226.0766,8.0253,392.79868581357186,88.61649961235378,15762.09191195149
2460906.65845154,2025.6308239604105,23701.418373419765,0.714432,48.3408,225.4889,8.5651,390.2303420607368,86.49737425222693,15759.202081392514
2460911.28147533,2025.6434811097324,23701.123511942755,0.7146553,48.3302,224.1952,9.7539,384.85367817825136,81.8359004963242,15753.135607052025
2460914.64365781,2025.6526862636827,23700.860667933914,0.7147909,48.323,223.2535,10.6162,381.56484032682965,78.44264507428014,15749.394408536695
2460916.74501418,2025.658439463874,23700.645244877524,0.7148694,48.3191,222.6642,11.1548,379.6428990590757,76.32079300537637,15747.1860152188
2460919.68684993,2025.6664937711973,23700.260829149745,0.7149772,48.3146,221.8385,11.9095,376.97840225458276,73.35024236893011,15744.093855126823
2460923.04881535,2025.6756983308694,23699.833135998742,0.715115,48.3072,220.8939,12.774,373.59066294900276,69.95650088701731,15740.182428891081
2460925.9904395,2025.6837520588642,23699.462165500234,0.7152553,48.2998,220.0657,13.5317,370.15994447671346,66.98665880884562,15736.241628071039
2460930.61294615,2025.6964077923337,23698.975350995315,0.7155291,48.2873,218.7618,14.7247,363.53254717545224,62.319694759859914,15728.704789412937
2460933.55446089,2025.7044612207806,23698.583235176826,0.715692,48.2773,217.9299,15.4861,359.56050242665333,59.34996051897434,15724.150329339722
2460936.49585662,2025.7125143233948,23698.170024003666,0.7158304,48.2717,217.098,16.2462,356.1631964531125,56.379043577917855,15720.226393752966
2460939.43717476,2025.7205672135792,23697.653933675218,0.715967,48.264,216.2652,17.0061,352.77943974357277,53.40710311148689,15716.280507793505
2460941.11790785,2025.7251688099934,23697.330113622265,0.7160361,48.2607,215.7891,17.4398,351.04997865162295,51.70812840239515,15714.24240493728
2460944.89943147,2025.7355220574123,23696.411754275985,0.7161711,48.2532,214.7161,18.4158,347.5901821632242,47.88395933156576,15710.070339856658
2460948.6806971,2025.7458745984936,23695.50184649498,0.7163166,48.246,213.6411,19.3942,343.8842285199744,44.060444542321875,15705.625604024075
2460950.78126948,2025.7516256522383,23694.840825960706,0.7164041,48.2408,213.0429,19.9395,341.62340939506976,41.93716519424302,15702.876646420085
2460954.56212694,2025.7619770758115,23693.910165959962,0.7165969,48.2327,211.9638,20.9196,336.7912921545676,38.111652707895075,15697.166448586504
2460957.50270399,2025.7700279370017,23693.278452257196,0.7167902,48.2248,211.1228,21.6853,332.0323518080686,35.13804267940378,15691.638808132982
2460959.18297073,2025.774628256619,23692.874894179622,0.7168799,48.2187,210.6411,22.125,329.7928093276232,33.43992761712906,15688.999817527834
2460962.96334041,2025.784978344723,23691.770538733443,0.7170636,48.2116,209.5568,23.1125,325.1279658553003,29.61709589976499,15683.409856508146
2460965.90343597,2025.7930278876665,23690.856963499424,0.7172105,48.2066,208.7137,23.879,321.3892952795204,26.642660440059274,15678.91817770257
2460969.68332113,2025.8033766492265,23689.314348411714,0.7173123,48.1981,207.6272,24.8665,318.5414877295052,22.818106278445157,15675.202953540687
2460973.04291082,2025.8125747045035,23687.819532908732,0.7174455,48.1959,206.6608,25.7434,314.96370421126085,19.41730637877032,15670.687602311367
2460975.14246278,2025.8183229644894,23686.85992184956,0.717524,48.1944,206.0559,26.2936,312.8331432843743,17.293232783802267,15667.974122241845
2460976.82202403,2025.8229213525808,23686.197448389474,0.7176295,48.1895,205.5696,26.7396,310.1471166004594,15.597513070905137,15664.74171655928
2460979.34113386,2025.8298182994113,23684.682971082508,0.7176918,48.1863,204.8423,27.3974,308.24391713695513,13.045112211970178,15662.089824818599
2460982.69965529,2025.8390134299527,23682.856015397207,0.7178653,48.1813,203.8703,28.2789,303.6191770472851,9.644365217025694,15656.284676234609
2460985.21831018,2025.8459091312254,23681.20780858159,0.7180328,48.1775,203.1395,28.9451,299.1875584038853,7.097312758814809,15650.755318613355
2460987.31694128,2025.851654870034,23679.501051348572,0.7181163,48.1722,202.5296,29.5019,296.72907050802405,4.9757467877615795,15647.413500427687
2460991.51346711,2025.8631443315817,23676.252456026254,0.7183182,48.1689,201.3105,30.6119,291.03310906789557,0.7304406305780162,15639.912558454535
2460993.61137732,2025.8688880967004,23673.936563004747,0.718405,48.1667,200.7012,31.1677,288.32586645932224,358.60918518789055,15636.080194646467
2460995.70905684,2025.8746312302253,23672.264152890784,0.7184727,48.1641,200.0906,31.7241,286.25231185013035,356.48745711887125,15633.179484788192
2460998.22596192,2025.88152214078,23670.176339193673,0.7185468,48.1622,199.3575,32.3917,283.91057523034397,353.9412293192215,15629.834575078921
2461000.74254506,2025.8884121699107,23668.25621918903,0.7186341,48.1601,198.6234,33.0614,281.3039125427167,351.39641883215063,15626.250020294317
2461002.00070142,2025.8918568142917,23667.288794624852,0.7186799,48.1592,198.2565,33.3969,279.9477504327415,350.1249468550239,15624.395754538951
2461004.09745497,2025.8975974126483,23665.631385867895,0.7187605,48.1574,197.6448,33.955,277.57403814579357,348.0047314466338,15621.162214224505
2461005.3553924,2025.9010414576323,23664.544292848328,0.7188102,48.1563,197.2765,34.2908,276.09217679716403,346.73237525239466,15619.12528894964
2461008.29028485,2025.9090767552366,23662.2985233209,0.7189294,48.1511,196.4164,35.0745,272.6401433289184,343.76326811482363,15614.47828082078
2461010.8055885,2025.9159632813144,23660.295031253892,0.7190682,48.1492,195.682,35.7457,268.7929716612107,341.22091872679425,15609.47011508232
2461012.06311754,2025.919406208186,23659.145476485115,0.7191435,48.1477,195.3129,36.0824,266.6884915164401,339.9490650530023,15606.71151509822
2461015.41598032,2025.9285858461874,23655.454039784792,0.7193197,48.1397,194.3244,36.9867,261.4836365230076,336.56019537252644,15599.595208541012
2461018.34906561,2025.9366161960581,23652.483110477653,0.7194625,48.1386,193.4652,37.7737,257.27218060562427,333.597069419098,15593.840999849308
2461018.76803654,2025.9377632759483,23652.080692666124,0.7194827,48.138,193.341,37.8878,256.68151528883027,333.17402065859744,15593.038750498576
2461021.28163026,2025.9446451204926,23649.335973986133,0.7195942,48.1359,192.6032,38.5634,253.27467325436191,330.6343566226492,15588.265271784961
2461023.37594664,2025.9503790462425,23646.838074542196,0.7196606,48.1318,191.9852,39.1295,251.00409771431532,328.51824335273693,15584.853475118698
2461027.14497524,2025.960698084161,23643.060945217698,0.719786,48.1283,190.8768,40.145,246.98037970323094,324.71048970197035,15579.02985716421
2461030.49441571,2025.9698683523893,23639.644772766926,0.7199178,48.1269,189.8899,41.0496,242.9074151750592,321.32689313983025,15573.273750661183
2461032.16885957,2025.9744527298285,23637.837242011596,0.7199809,48.1236,189.3946,41.5034,240.90961045456788,319.63501726177935,15570.404593955693
2461036.77249351,2025.9870567926353,23632.19283004685,0.7201695,48.1145,188.0303,42.7508,234.87203572842463,314.98065465129537,15561.669526042082
2461039.28282299,2025.9939297001777,23628.183909120748,0.7202983,48.1122,187.2888,43.4312,230.70690729372018,312.4453079360744,15555.60252082268
2461040.53772661,2025.9973654390417,23625.764193150146,0.7203562,48.1099,186.919,43.7689,228.66217687644075,311.1763419450027,15552.468653425729
2461042.21063189,2026.00194560408,23622.746857154143,0.720423,48.1048,186.4171,44.229,226.24039808258294,309.48568253119817,15548.704621979878
2461043.04694771,2026.0042353120061,23621.01913726835,0.7204542,48.106,186.1707,44.4547,225.02039154299018,308.6406876778175,15546.737039093892
2461045.137365,2026.0099585626278,23617.148966515968,0.7205366,48.1021,185.5488,45.0243,221.9924484890389,306.52801745394066,15541.996759986578
2461047.64521589,2026.0168246841613,23612.660145971455,0.7206396,48.0991,184.8067,45.7055,218.30588344264288,303.9953137019428,15536.301302083215
2461051.40568514,2026.027120287857,23605.665111862225,0.7207453,48.0934,183.6868,46.7322,213.8566291135512,300.19569637143115,15528.88555046158
2461055.99939757,2026.0396971870493,23596.919355700276,0.7208657,48.0884,182.3175,47.9858,208.5732665098467,295.55231266220875,15519.927897827638
2461061.00793287,2026.053409809364,23587.05610199797,0.7210028,48.0795,180.8187,49.357,202.5863087003463,290.48816862897934,15509.792263576772
2461064.76199681,2026.0636878762762,23578.555692226833,0.7211182,48.0706,179.6941,50.3846,197.49375284846428,286.69106454059147,15501.131845875716
2461076.42812743,2026.0956280011771,23549.604034138512,0.7214597,48.0531,176.1853,53.591,181.37747255015074,274.8902195762662,15473.016198923437
2461078.92486616,2026.1024636992743,23540.210577761107,0.7214731,48.0492,175.4312,54.2751,178.4455775710103,272.35936826127926,15466.487932087726
2461081.0043269,2026.1081569524983,23532.21295925736,0.7214657,48.0459,174.7975,54.8581,176.3921640576773,270.2590971006157,15461.430053906162
2461082.66712456,2026.112709444381,23526.078031787096,0.721471,48.0452,174.2968,55.3159,174.55868811562868,268.5773000228986,15457.258327923526
2461085.16000755,2026.1195345860367,23516.17419700466,0.7214659,48.0401,173.5359,56.0104,171.92011540591557,266.05384902677906,15450.88675102053
2461087.23626863,2026.1252190790685,23508.355930798814,0.7214635,48.038,172.9092,56.581,169.79888171894345,263.951331535325,15445.813642890322
2461093.04397735,2026.1411197189595,23483.11738131904,0.7214811,48.0299,171.1376,58.182,162.3557216158597,258.05650117454314,15428.764056537007
2461095.94332176,2026.1490576913343,23460.772449981832,0.7213566,48.0268,170.2508,59.0019,159.05310208926767,255.13193111969395,15417.382799722545
2461097.18460327,2026.1524561348942,23451.251613733955,0.7213077,48.0253,169.8696,59.3501,157.54695011022795,253.8754914380537,15412.421327922955
2461099.25143956,2026.1581148242578,23431.39639643524,0.7211908,48.0222,169.2362,59.9247,154.7525841729921,251.77956326715062,15402.46525105318
2461100.90303293,2026.1626366404657,23415.03521879745,0.7210738,48.0182,168.7347,60.3865,152.9304964453413,250.11200943234365,15394.802852658444
2461103.78867951,2026.1705371102255,23379.44446720687,0.7207698,48.0181,167.8366,61.1959,150.11065446706743,247.17914031879693,15379.42132509486
2461109.12594992,2026.1851497602195,23284.428990782246,0.7198573,48.0168,166.1893,62.7198,144.82650543601267,241.7951863209975,15340.850387637414
2461110.76115874,2026.1896267179743,23252.037996361083,0.7195423,48.0158,165.67,63.1831,143.0767967720385,240.12748152921966,15327.746152845068
2461111.98529536,2026.1929782213826,23227.71184442324,0.71931,48.0165,165.2904,63.5249,141.65013761115915,238.883140302283,15317.773613085681
2461114.83347591,2026.2007761147436,23159.42212996694,0.718574,48.0127,164.3882,64.3535,139.5272323480749,236.00229869227903,15291.86834210168
2461122.07828957,2026.2206113335244,22834.78580688094,0.7148989,48.0076,162.0733,66.4654,132.08625180614308,228.65861993118318,15171.143703009155
2461125.62077353,2026.2303101260236,22550.149536534576,0.7114591,48.0079,160.9096,67.5319,128.50414240626924,225.06985463152625,15067.763728887583
2461127.17454901,2026.2345641314446,22423.40595520385,0.7098976,48.0078,160.3915,68.0081,126.94758377892867,223.49651267996825,15021.517983138965
2461133.9444607,2026.2530991394929,21442.53490451115,0.6968627,48.0124,158.0438,70.1822,121.89583610926911,216.65030978253833,14665.495588375064
2461153.01910884,2026.3053226799173,12190.36290379009,0.4681113,48.0017,147.2941,80.2846,105.77997742513617,197.20253522976776,10583.605222308048
