jd,year,a_km,e,i_deg,raan_deg,argp_deg,hp_km,azimuth_deg,lambda
2459333.91661562,2021.324891486981,26275.864837064037,0.6978842,65.4244,74.2931,24.3016,1560.2176259414719,61.17376468686086,17942.762475669726
2459334.77655372,2021.327245869185,26275.863547954687,0.6978853,65.4253,74.1969,24.2907,1560.1883330312648,60.2190870934506,17942.73090683506
2459336.79496462,2021.3327719770566,26276.066627597625,0.697892,65.4281,73.9726,24.2735,1560.0736367302643,57.98818825963524,17942.68265723822
2459337.67591581,2021.3351838899653,26275.952496871,0.6979005,65.4304,73.8753,24.2641,1559.8158113284799,57.01319961250371,17942.367576061697
2459338.65692716,2021.3378697526625,26276.02116423045,0.6979011,65.4327,73.7666,24.2544,1559.8207900907364,55.927889041491014,17942.39772512375
2459340.61924409,2021.3432422836136,26276.057431777812,0.6979066,65.4367,73.5486,24.2322,1559.6872281610258,53.753577899155516,17942.26903865462
2459342.58189388,2021.3486157258862,26276.046173355167,0.6979101,65.4382,73.3297,24.2052,1559.5918609042456,51.57323868098264,17942.16369892331
2459347.10110115,2021.3609886410673,26275.51686921811,0.6978956,65.4471,72.8277,24.147,1559.812958465017,46.55878921579847,17942.20681695342
2459348.1037401,2021.3637337169057,26275.348346575527,0.6978904,65.4485,72.7162,24.1327,1559.8986788445927,45.44476191393828,17942.23681488063
2459349.10167781,2021.3664659214505,26275.07163499195,0.6978817,65.4451,72.6044,24.1154,1560.0436747419872,44.332068277774084,17942.29057321686
2459351.0630413,2021.371835842026,26274.681930877865,0.697869,65.4483,72.3858,24.084,1560.2596264580607,42.14889687059001,17942.37874714974
2459351.42218014,2021.3728191105815,26274.601929461565,0.6978689,65.4495,72.346,24.0786,1560.2380830103448,41.74972019062869,17942.32690563401
2459352.40345024,2021.3755056816972,26274.449318351988,0.6978626,65.4503,72.2365,24.0635,1560.3575034786418,40.65795458899521,17942.39843455452
2459353.03644271,2021.37723872063,26274.46624638944,0.6978598,65.4516,72.1661,24.0538,1560.4361865773535,39.95396057322063,17942.48810181854
2459354.36515546,2021.3808765378778,26274.26689255162,0.6978524,65.4532,72.0177,24.0341,1560.5703833439284,38.4762463640116,17942.558388043777
2459355.94176404,2021.3851930569197,26274.2482462869,0.697842,65.4543,71.8406,24.0115,1560.838001601558,36.722599508910136,17942.835754770033
2459356.3213533,2021.3862323156743,26274.233724564478,0.6978401,65.455,71.7982,24.0057,1560.8835347910308,36.30026635728075,17942.878835993673
2459357.30245097,2021.3889184147017,26274.254776772163,0.6978381,65.4559,71.6883,23.9914,1560.9424444335518,35.209070707369705,17942.94900004243
2459358.28371187,2021.3916049606303,26274.484463394216,0.6978357,65.4575,71.5783,23.977,1561.07490574239,34.11751417310826,17943.172800314198
2459358.89339291,2021.3932741763444,26274.58972736566,0.6978362,65.4567,71.5093,23.9693,1561.0935754617713,33.43989651602405,17943.230739495142
2459361.3585174,2021.4000233193703,26275.19795894155,0.6978723,65.4605,71.2333,23.937,1560.3288263797049,30.701905026704708,17942.639070949463
2459364.80170196,2021.4094502449286,26275.682128875225,0.6978696,65.4603,70.8476,23.8972,1560.5460518699238,26.882711825720946,17943.045021040616
2459365.80244747,2021.41219013681,26275.77365445238,0.6978557,65.4596,70.7354,23.8855,1560.9389377829566,25.772450748348206,17943.495289808645
2459367.72314299,2021.4174487145515,26275.89560385419,0.6978401,65.4596,70.5206,23.861,1561.3856880710227,23.64006276148423,17944.013746303448
2459370.54568542,2021.425176414565,26276.08751159213,0.6978297,65.4599,70.2065,23.8202,1561.7169462040474,20.503190756653225,17944.4349127881
2459371.52688551,2021.4278627940039,26276.06602600169,0.6978487,65.4624,70.0976,23.8061,1561.211208642244,19.413094158564647,17943.890223545546
2459373.48967245,2021.4332366117724,26276.003202387215,0.6978307,65.4622,69.879,23.7763,1561.6651944631021,17.23011976192231,17944.34944156756
2459376.06568668,2021.4402893543597,26275.78525634302,0.6978024,65.4616,69.5919,23.7369,1562.3429425822442,14.364632430477968,17944.989992810606
2459379.98839501,2021.4510291444494,26275.185928023788,0.6977657,65.4689,69.1563,23.6747,1563.1261263261185,10.000507998238263,17945.60427022121
2459381.34913199,2021.4547546392614,26274.936633320118,0.6977506,65.4703,69.0047,23.6529,1563.4475324590258,8.485929865898925,17945.855121924906
2459382.33012738,2021.457440458261,26274.742856102832,0.697738,65.4705,68.8949,23.6382,1563.7200251713548,7.394535026014083,17946.074151686975
2459382.93826532,2021.459105449199,26274.63827804246,0.6977294,65.4707,68.8266,23.6289,1563.9143770868595,6.717538288381519,17946.242546511396
2459383.93430021,2021.4618324441064,26274.498641745253,0.6977186,65.4717,68.7151,23.6135,1564.1559337248545,5.608920121697523,17946.448335681005
2459384.90062502,2021.4644780972478,26274.396042472956,0.697712,65.4727,68.6067,23.5985,1564.2983308870644,4.533084990751959,17946.562296572847
2459386.84090228,2021.4697902868722,26274.405752411425,0.6977091,65.475,68.3892,23.5692,1564.3774618616271,2.373896726016497,17946.649793963163
2459388.21033387,2021.473539586228,26274.558706608183,0.6977102,65.4768,68.236,23.5499,1564.3947965088473,0.8516489579052688,17946.723595776533
2459391.15120855,2021.4815912622867,26274.97951399422,0.6977022,65.4778,67.9068,23.5098,1564.7322021255213,357.5837455768019,17947.234104865493
2459393.61538352,2021.4883378056668,26275.340526365522,0.6976725,65.4755,67.6295,23.4779,1565.6217129847719,354.8457899599599,17948.308845335945
2459398.7742592,2021.5024620375082,26275.985584341135,0.6976523,65.4748,67.0529,23.4063,1566.347506658698,349.1128664970645,17949.31270568639
2459400.47249685,2021.5071115587953,26276.153257771704,0.6976378,65.4743,66.8636,23.3841,1566.7792065570202,347.2275388337249,17949.831528063485
2459401.45376668,2021.5097981291715,26276.09412916283,0.697604,65.4699,66.7535,23.3763,1567.6494602823232,346.1424734982932,17950.733473420878
2459403.41617244,2021.5151709033269,26276.14388999027,0.697581,65.4709,66.5352,23.3506,1568.2688590669677,343.9642748023034,17951.40865738114
2459404.39762164,2021.5178579647913,26276.126443593905,0.6975661,65.4696,66.4255,23.3367,1568.6550972292353,342.87333267514975,17951.812096819343
2459408.91820259,2021.530234640904,26275.77588888958,0.6975042,65.4732,65.9237,23.2651,1570.1755481303644,337.84432927454884,17953.297952988734
2459411.92701899,2021.538472331252,26275.068541363256,0.6974865,65.4743,65.5881,23.2224,1570.4266471876927,334.5004607492651,17953.307940088343
2459412.84020684,2021.5409725033267,26275.071892794385,0.6974815,65.4741,65.4862,23.2065,1570.5590364003192,333.4825988023899,17953.449574099504
2459413.85824167,2021.5437597307866,26274.86969169567,0.6974362,65.4775,65.3716,23.1945,1571.6881184242711,332.35259691679676,17954.57377721415
2459414.21926135,2021.5447481488025,26274.711577099777,0.6974322,65.4783,65.3313,23.1897,1571.745377517611,331.95166643110343,17954.577191040575
2459414.8299799,2021.5464202050646,26274.729794529794,0.6974193,65.4785,65.2627,23.1817,1572.0898335396823,331.27312617678365,17954.94908828248
2459416.18134779,2021.5501200487067,26274.569275997263,0.6974107,65.4807,65.1116,23.1647,1572.2672250255173,329.77308246553685,17955.079021455163
2459419.11833233,2021.5581610741415,26274.528115590743,0.6973481,65.4786,64.7809,23.1309,1573.8995557869575,326.5138133091051,17956.79497117667
2459422.05914977,2021.5662125934841,26274.818476055236,0.6972805,65.4741,64.4492,23.0946,1575.7636116622034,323.2472663457253,17958.876495051
2459423.54260807,2021.5702740809588,26275.12929696019,0.6972555,65.4732,64.2811,23.0777,1576.5145814435627,321.6001308548466,17959.785272474004
2459430.80182458,2021.590148732594,26276.149648166862,0.6971796,65.4626,63.4702,22.9836,1578.8178469177483,313.5402562661718,17962.5965767046
2459431.34389226,2021.5916328330184,26276.16924317948,0.6971765,65.4644,63.4105,22.9694,1578.905236811962,312.9320801133582,17962.696300296528
2459431.87729056,2021.5930931979738,26276.117333664446,0.6971656,65.4642,63.3506,22.9611,1579.1759270698712,312.3381487294298,17962.96434958784
2459433.34288223,2021.5971057692811,26276.180931450013,0.6971381,65.4631,63.1871,22.9413,1579.917781642721,310.71032305877947,17963.77359010426
2459434.32392987,2021.5997917313348,26276.200784351076,0.6971102,65.4624,63.0783,22.9291,1580.65690033194,309.62237671947287,17964.564009260725
2459437.86315208,2021.6094815936488,26276.114411613275,0.6970163,65.4603,62.6851,22.8852,1583.0980660539117,305.696926286441,17967.119084221573
2459438.87749028,2021.612258700288,26275.977419890773,0.6969961,65.4604,62.5721,22.873,1583.5873345388418,304.5719678963161,17967.587682929025
2459440.36577264,2021.616333395318,26275.695793206552,0.696991,65.4631,62.4069,22.8526,1583.6360066037232,302.9194776855528,17967.53705915738
2459443.16510904,2021.623997560685,26275.128351679465,0.6969304,65.4634,62.094,22.8234,1585.0563394921555,299.8182781533812,17968.835597508532
2459446.10814005,2021.6320551404517,26274.67239254599,0.6968403,65.4603,61.7634,22.7909,1587.2855001225244,296.5544494374037,17971.030820097087
2459447.55404819,2021.6360138211908,26274.40360419418,0.6968121,65.4607,61.6019,22.7714,1587.9449525080636,294.94832437135824,17971.631516485766
2459449.04493735,2021.640095653251,26274.395784687098,0.6967651,65.4576,61.433,22.7516,1589.1774783300125,293.2901648297115,17972.9336049045
2459450.02630774,2021.6427824989453,26274.377567836036,0.6967392,65.456,61.3218,22.7369,1589.8524607240106,292.19700037968,17973.64155625237
2459452.96810203,2021.6508366927583,26274.809109463426,0.6966816,65.4516,60.9912,22.6955,1591.496759387871,288.9254906069916,17975.53876870448
2459455.43106812,2021.6575799264067,26275.24840301093,0.6966261,65.4448,60.7135,22.6617,1593.088281490197,286.18642649357713,17977.38270361612
2459462.74393885,2021.6776014752902,26276.104442268337,0.696492,65.4359,59.8979,22.5641,1596.8716070639784,278.06546889550145,17981.69678941699
2459463.68865617,2021.680187970349,26276.190299264457,0.6964601,65.4338,59.7918,22.5527,1597.7358758197024,277.0168306744107,17982.642273499812
2459465.23152788,2021.6844121228744,26276.187291249735,0.6964067,65.4313,59.6212,22.5326,1599.1381111685669,275.3054357652563,17984.124418134714
2459468.62209468,2021.6936949888573,26276.110286365947,0.6963529,65.4316,59.2453,22.4929,1600.5283877351876,271.54800401141097,17985.56682244138
2459470.10720014,2021.69776098601,26275.99288938105,0.6963206,65.4317,59.0807,22.4773,1601.3414550515045,269.9040450364191,17986.383982759082
2459473.55276284,2021.7071944225597,26275.21609127933,0.696189,65.4265,58.6944,22.4386,1604.5633759076654,266.0830078784959,17989.508120195518
2459474.49552135,2021.7097755546881,26274.911111238427,0.6961775,65.4275,58.5898,22.4262,1604.7728810942372,265.03680031228066,17989.618722378083
2459477.98849878,2021.7193388056946,26274.582852951673,0.6960691,65.4222,58.1961,22.3768,1607.52131362217,261.150929949952,17992.40424408508
2459478.40937943,2021.7204911141139,26274.30435703604,0.696055,65.4217,58.1484,22.3708,1607.8071377993192,260.68239891898367,17992.605025540175
2459479.95265771,2021.7247163797667,26274.36622528434,0.6960057,65.4185,57.9734,22.3466,1609.1212685989558,258.9621032839462,17994.016113378664
2459480.93335285,2021.727401376728,26274.379630119478,0.6959816,65.4165,57.8632,22.3315,1609.7585561415162,257.87020437791034,17994.69432091214
2459482.33074384,2021.73122722475,26274.37438848319,0.6959404,65.4124,57.7051,22.3096,1610.8394668124429,256.31289908997434,17995.83436514498
2459485.77205605,2021.7406490240935,26275.096813726057,0.6958794,65.405,57.3191,22.2559,1612.6619080484552,252.48135132635815,17998.022235180775
2459486.78785031,2021.7434301172077,26275.375588451432,0.6958774,65.4052,57.2075,22.2411,1612.7992399363802,251.35375780524583,17998.268697862663
2459488.74676354,2021.748793329336,26275.717535858435,0.6958504,65.4031,56.9919,22.2135,1613.612678244329,249.17980143904805,17999.25224563652
2459492.65909757,2021.7595047161396,26276.139335017,0.6957589,65.3956,56.5557,22.1608,1616.1452350388417,244.83480218973864,18002.0801920972
2459494.14847076,2021.7635823976998,26276.251233233754,0.6957005,65.3938,56.3874,22.1367,1617.7138121474127,243.17443682806734,18003.777072014458
2459495.15772109,2021.766345574511,26276.581090669373,0.695665,65.3922,56.2771,22.1209,1618.747006228864,242.0535931760522,18004.987866171545
2459496.13900708,2021.7690321891305,26276.61117198237,0.6956508,65.3916,56.1682,22.1081,1619.1292889038968,240.96471191305454,18005.402367174553
2459500.02039295,2021.7796588444905,26276.160133212925,0.6955609,65.389,55.738,22.0674,1621.354242411222,236.668215983417,18007.586630162776
2459503.93757749,2021.7903835112668,26275.82332782228,0.6954412,65.3857,55.3003,22.0126,1624.3969217335607,232.31483594392205,18010.674678708157
2459505.96146552,2021.7959246147018,26275.539986507323,0.6954048,65.3839,55.0747,21.9857,1625.2670572981942,230.06753870733218,18011.489494731642
2459506.94269477,2021.798611073977,26275.32058915315,0.6953816,65.3829,54.9657,21.9692,1625.8098173548888,228.97491336820875,18011.98216497792
2459508.90471896,2021.8039828034503,26275.090970191948,0.695339,65.3801,54.7472,21.9382,1626.8591900696483,226.79159075794422,18013.005446257303
2459509.34233444,2021.805180929336,26274.878628678634,0.6953341,65.3804,54.6984,21.9322,1626.9232447971426,226.3054654390367,18012.995671881523
2459510.86054647,2021.809337567338,26275.112883461614,0.695309,65.3782,54.5288,21.9062,1627.6541195748032,224.61347575837004,18013.851861360734
2459511.84161304,2021.812023581218,26275.269543186958,0.6952704,65.3751,54.4141,21.8895,1628.7160777875451,223.51511076155458,18015.028901208694
2459512.82282493,2021.8147099929633,26275.27203532433,0.6952242,65.3722,54.3057,21.8626,1629.9307547836024,222.412702533217,18016.310707371667
2459514.78412534,2021.8200797408356,26275.649300176974,0.6951842,65.3699,54.0849,21.8284,1631.0967619528838,220.22459329921531,18017.67759027097
2459516.74600751,2021.8254510814784,26276.16047698511,0.6951507,65.3661,53.8661,21.7939,1632.1328280965772,218.03761066776693,18018.9561617756
2459520.61729907,2021.8360501001234,26276.758829504368,0.6951253,65.3667,53.4432,21.7388,1632.9826651174963,213.74396395553254,18020.070100838755
2459521.65877469,2021.8389015049686,26277.355411079214,0.6951071,65.3661,53.3256,21.7212,1633.6427956146345,212.58225821131413,18020.983373915784
2459524.10448358,2021.8455974909793,26277.345010793455,0.6951056,65.3668,53.055,21.6838,1633.6790406588643,209.8637032474252,18021.01779111566
2459525.08578299,2021.8482841423404,26277.719771387416,0.695075,65.3629,52.9379,21.6758,1634.597401290308,208.77140875742782,18022.12239295934
2459526.06728067,2021.850971336537,26277.69467232466,0.6950305,65.3568,52.8322,21.6587,1635.759105371515,207.68121884665766,18023.337665654228
2459527.04834637,2021.8536573480355,26277.590580618475,0.6950001,65.3534,52.7245,21.6433,1636.5261993295762,206.5911547071937,18024.108154502264
2459529.01097072,2021.8590307206573,26277.435863224222,0.6949343,65.3502,52.5066,21.609,1638.208065819601,204.4045405633614,18025.824028313902
2459533.38076125,2021.870994555099,26277.09067973539,0.6949179,65.3624,52.027,21.5633,1638.5337064641008,199.5722601643485,18026.041299224027
2459536.82749051,2021.8804311855167,26276.290853394858,0.6948718,65.3622,51.6464,21.5064,1639.5010307728353,195.73757321400916,18026.768829780165
2459541.77100828,2021.893965799535,26275.873259249038,0.6948276,65.3672,51.0989,21.3901,1640.5350046208514,190.2013121674522,18027.705789466094
2459542.75201038,2021.896651636906,26275.91055757802,0.6948104,65.366,50.9873,21.3567,1640.9983327030113,189.0894107138392,18028.207435643515
2459543.73292192,2021.8993372263376,26276.02735204958,0.6948077,65.3663,50.8787,21.3358,1641.10492243492,187.99309851848733,18028.362297819567
2459544.71431525,2021.9020241348394,26276.199753030618,0.6948015,65.3661,50.7706,21.3129,1641.3204503253164,186.8948114578564,18028.652181707013
2459545.69455759,2021.9047078921012,26276.31783988076,0.6947953,65.3658,50.6622,21.2933,1641.5194034254555,185.80065884358734,18028.90479867008
2459547.65591602,2021.9100777988222,26276.64589451928,0.6947993,65.3667,50.4484,21.2531,1641.5144206594096,183.61349242400854,18029.019178405106
2459548.63475574,2021.9127577159204,26276.846067024464,0.6948067,65.3671,50.339,21.2395,1641.381064787217,182.52572226864086,18028.951707817676
2459549.13857912,2021.914137109158,26276.951956297533,0.6947839,65.3652,50.2794,21.278,1642.0124959885034,182.0080407031513,18029.655397380502
2459552.56846934,2021.9235276367967,26277.651264840457,0.6948179,65.3682,49.9026,21.2268,1641.3324960716673,178.19945075320103,18029.194161397667
2459555.99619376,2021.9329122347983,26277.723983222313,0.6947595,65.3697,49.5224,21.2041,1642.8893075007709,174.41809547261641,18030.86041473216
2459556.97758962,2021.9355991502252,26277.7695399117,0.6947543,65.3709,49.4149,21.1854,1643.0398576490234,173.32460591887224,18031.035585094996
2459558.94027637,2021.940972693689,26277.764382540725,0.6947498,65.3692,49.1964,21.1518,1643.156533323433,171.13803027194953,18031.156582988337
2459559.92143152,2021.943658950089,26277.7163331561,0.6947489,65.3701,49.0879,21.1372,1643.1655161838653,170.0478779679455,18031.14851980691
2459566.80102493,2021.962494250322,26276.579801472162,0.6947629,65.3787,48.3301,21.028,1642.4507165199393,162.40016988410443,18029.981224596093
2459567.78213316,2021.965180378262,26276.355741399944,0.6947776,65.3804,48.223,21.0099,1641.9960626438706,161.30796382571592,18029.420665810972
2459568.76322562,2021.9678664630258,26276.16142235866,0.6947666,65.3817,48.1165,20.9938,1642.2257898953685,160.2183733107383,18029.591754905858
2459571.70663699,2021.9759250841614,26275.760075959595,0.6947787,65.387,47.7923,20.943,1641.7853488724868,156.94226970189328,18028.981510206653
2459573.65956819,2021.981271918385,26275.672933391816,0.6947879,65.3893,47.5763,20.9099,1641.5170149136757,154.76830938141273,18028.667108996404
2459574.64083108,2021.98395846976,26275.710574767363,0.694797,65.3905,47.4677,20.8936,1641.289394550723,153.67625088644078,18028.441088456933
2459577.58587047,2021.9920215481723,26276.18239248475,0.6948491,65.3947,47.142,20.8473,1640.0644056308738,150.4015426579852,18027.322777735302
2459578.56469517,2021.9947014241482,26276.40980071935,0.6948659,65.3959,47.034,20.834,1639.6923557736773,149.31548730663013,18027.013755713364
2459580.04932103,2021.9987661082266,26276.673741389186,0.694911,65.3994,46.8707,20.8103,1638.5878150866865,147.66520103839088,18025.946308948318
2459583.47987868,2022.0081584631891,26277.154971020165,0.6949429,65.403,46.4913,20.7667,1637.8963917099945,143.8609532518951,18025.39322851213
2459584.46083412,2022.010844172813,26277.038507818743,0.6949454,65.4038,46.383,20.7547,1637.795171187242,142.7737977873337,18025.2441184119
2459586.90657012,2022.0175402330453,26277.105377307264,0.6949811,65.4077,46.1138,20.7205,1636.8774773703462,140.05981610370463,18024.30148148289
2459587.88779781,2022.0202266880497,26277.10709632286,0.6949947,65.4092,46.0065,20.7066,1636.5206330460833,138.97149230212477,18023.926062304025
2459588.86892466,2022.0229128669682,26277.081397069007,0.6950096,65.4102,45.8993,20.6961,1636.1212661246354,137.88676789144102,18023.495823232406
2459590.83154082,2022.0282862171669,26276.94344729867,0.6950348,65.4134,45.6848,20.6664,1635.4170137941292,135.70816181993808,18022.70333105996
2459598.71812983,2022.049878521095,26275.620252880253,0.6951523,65.4299,44.8226,20.5426,1631.9261001639652,126.94893240578114,18018.54137950697
2459599.67288661,2022.0524925026969,26275.552791273047,0.6951631,65.4326,44.7178,20.5282,1631.6217586780213,125.88869902912745,18018.195940336867
2459600.65381962,2022.0551781509107,26275.28002735507,0.6952019,65.4362,44.6113,20.5112,1630.5191293057724,124.79836567213766,18016.93401520618
2459602.61086198,2022.0605362408758,26275.032277228085,0.6952414,65.442,44.3953,20.4808,1629.4057517628426,122.62305328470808,18015.66976028368
2459605.55005854,2022.0685833224913,26275.161780294708,0.6953384,65.4518,44.0718,20.4417,1626.8965282434337,119.36350390312418,18013.07061894991
2459606.53402198,2022.0712772675706,26275.269285379676,0.6953378,65.4526,43.9633,20.4272,1626.9450460762,118.270683674617,18013.160948160945
2459608.49520789,2022.0766467019573,26275.55562722998,0.6953876,65.4565,43.7471,20.4015,1625.72376094403,116.09578729533996,18011.97697841859
2459609.15316271,2022.0784480840791,26275.54454122086,0.695397,65.4568,43.6741,20.3956,1625.473393889497,115.36838973151316,18011.70882557903
2459610.08977795,2022.081012396852,26275.727676715407,0.6954083,65.4578,43.5707,20.3845,1625.2322617877971,114.33073713327724,18011.521134757564
2459611.06312247,2022.0836772689115,26275.898439903624,0.6954178,65.4585,43.463,20.3729,1625.0346538024141,113.25208319185364,18011.374846837043
2459611.10524348,2022.0837925899516,26275.882970552364,0.6954166,65.4585,43.4583,20.3726,1625.0614731729374,113.20556761741415,18011.397507745016
2459614.02757753,2022.0917935045316,26276.338638429923,0.695494,65.4634,43.1356,20.3347,1623.1664734337437,109.96463836866411,18009.564032994782
2459615.02231538,2022.0945169483373,26276.4448663725,0.695523,65.4653,43.0266,20.3216,1622.4368035785,108.86209859860685,18008.832736144574
2459616.02201545,2022.0972539779605,26276.503137496016,0.6955925,65.4714,42.918,20.309,1620.6283288273198,107.75556793423598,18006.945344439417
2459617.81508288,2022.1021631290355,26276.663685566546,0.6956243,65.4731,42.7219,20.2836,1619.841602958898,105.76677354723392,18006.173387993724
2459618.79634473,2022.1048496775636,26276.66231041206,0.6956367,65.4745,42.6143,20.2699,1619.5153537826382,104.678316077137,18005.828510045958
2459619.92483597,2022.1079393181935,26276.664201249525,0.6956737,65.4765,42.4912,20.254,1618.5436927087248,103.4270454503573,18004.8034804147
2459621.90820637,2022.1133694904045,26276.64082364659,0.6957297,65.4811,42.2756,20.2249,1617.065086403195,101.22748345442949,18003.23391890215
2459629.59466759,2022.134413874306,26275.600229198786,0.6959273,65.5072,41.4374,20.117,1611.556405813093,92.70540524988337,17997.037590085063
2459630.58123833,2022.137114957782,26275.44356454433,0.695944,65.5057,41.3291,20.1047,1611.0699684610909,91.61241519847977,17996.46673641305
2459631.56228372,2022.1398009136753,26275.305894076864,0.6959654,65.5074,41.2202,20.0918,1610.4658173833031,90.523671076906,17995.778408840964
2459632.54315292,2022.1424863871869,26275.222622366004,0.6960149,65.5125,41.113,20.0795,1609.1398763821917,89.43740061276083,17994.347201945377
2459633.52429534,2022.1451726087332,26275.170115981393,0.6960485,65.5135,41.0042,20.0681,1608.2410695077197,88.35016085602382,17993.378371646882
2459634.1709701,2022.1469431077344,26275.034425573842,0.6960725,65.5146,40.9325,20.0608,1607.5692253785937,87.6337812156288,17992.619066798125
2459635.47653209,2022.1505175416564,26275.069142902095,0.6960987,65.5178,40.7881,20.0454,1606.8913701178335,86.18718500370716,17991.915323739395
2459636.10124142,2022.1522279025874,26274.99377894663,0.6961078,65.5179,40.7185,20.0386,1606.6293644704037,85.49505506856184,17991.61102011879
2459637.09387831,2022.1549455942784,26275.006583046907,0.6960969,65.5181,40.6077,20.0273,1606.9196531083617,84.39458605978848,17991.92246926411
2459639.06114911,2022.1603316881865,26275.244707781272,0.69613,65.5205,40.3896,20.0006,1606.1223093534945,82.2107922528923,17991.166338915296
2459639.40465302,2022.1612721506372,26275.35487774439,0.6961505,65.5223,40.3517,19.9957,1605.6171419251941,81.8294257706433,17990.672447274977
2459641.01166485,2022.1656719092407,26275.62549513793,0.6962047,65.5247,40.1739,19.9747,1604.2752299830754,80.04671267334334,17989.352331582693
2459642.02013479,2022.168432949459,26275.83484382737,0.6962416,65.526,40.0626,19.9614,1603.3692508252516,78.92813819479181,17988.47063213632
2459642.95079958,2022.1709809707877,26275.971318042542,0.6962592,65.5266,39.9597,19.95,1602.948248919297,77.89655051643769,17988.075123212333
2459644.91773441,2022.1763661448601,26276.21126944816,0.6963022,65.528,39.7429,19.9248,1601.891254866613,75.71588785036874,17987.044717237786
2459645.97007899,2022.179247307296,26276.35608517852,0.6963586,65.5316,39.6282,19.9115,1600.4532486021235,74.55066937344117,17985.57667241422
2459646.90468227,2022.1818061116217,26276.422692489992,0.6963711,65.5322,39.525,19.8984,1600.145018055774,73.51319981622908,17985.274896460218
2459647.86083558,2022.184423916715,26276.430513505227,0.6963965,65.5338,39.4202,19.8851,1599.479971406985,72.45268998259962,17984.57436466627
2459648.83718582,2022.187097017988,26276.549634302715,0.6964277,65.5324,39.3136,19.8719,1598.6963085494344,71.3705735243388,17983.78875645953
2459649.70480071,2022.1894724180975,26276.581692294785,0.6964547,65.5349,39.2192,19.8604,1597.9965727621284,70.40952948492941,17983.06023080409
2459650.84049876,2022.192581789897,26276.61228928994,0.6964792,65.5363,39.095,19.8453,1597.3620833351151,69.15085563708249,17982.400145681233
2459651.79086583,2022.1951837531285,26276.61340659763,0.6965022,65.5381,38.9908,19.8334,1596.7580603528868,68.09804887377959,17981.76154131339
2459652.79238612,2022.1979257662429,26276.613320650882,0.6965206,65.5393,38.8811,19.8212,1596.274544583136,66.98902415259101,17981.249959822722
2459654.62905389,2022.2029542885414,26276.473915948267,0.696547,65.5408,38.6793,19.7979,1595.5385392162489,64.95365612507038,17980.420601705613
2459655.61131564,2022.2056435746479,26276.360382411684,0.6965616,65.5426,38.5712,19.7851,1595.1204522623893,63.86461312674743,17979.936989763293
2459659.14304899,2022.21531293358,26275.984467100185,0.6966461,65.5524,38.1829,19.7406,1592.7860644342618,59.95084391124249,17977.33014510441
2459662.10486321,2022.2234219389736,26275.355737109014,0.6966642,65.557,37.8552,19.7053,1592.1197528005532,56.668601969497516,17976.396638445163
2459663.07808358,2022.226086471129,26275.12809387565,0.6966717,65.5581,37.747,19.6945,1591.853636997541,55.5903703935338,17976.032321320483
2459664.079049,2022.2288269650926,26274.9891385383,0.69667,65.5589,37.6353,19.681,1591.856155392823,54.47859256668521,17975.98453242449
2459665.04169633,2022.2314625498427,26274.848638256222,0.6966782,65.5601,37.5281,19.6674,1591.598083683425,53.408982056607975,17975.660367258937
2459666.05408213,2022.2342343111022,26274.786509372603,0.6966922,65.5615,37.4154,19.6526,1591.2113916274839,52.283648003206295,17975.228511866495
2459666.9016216,2022.2365547477075,26274.754542787203,0.6967012,65.5604,37.3209,19.6406,1590.965223121907,51.3417908253183,17974.956338774384
2459668.00348937,2022.2395714972483,26274.917298404056,0.6967221,65.5615,37.1984,19.625,1590.4654409336554,50.11766099056218,17974.48639476424
2459668.96131674,2022.2421938856678,26274.983380997477,0.6967595,65.5651,37.0921,19.6117,1589.5027979453662,49.05400115961561,17973.491321235007
2459669.98050875,2022.2449842813137,26275.169342566885,0.6967676,65.5636,36.979,19.5973,1589.3463601529775,47.92195872705935,17973.39321265578
2459671.91859792,2022.2502904802734,26275.45353326243,0.696827,65.5648,36.7631,19.569,1587.8717740397706,45.76752710156907,17971.935130228285
2459672.92648977,2022.2530499377685,26275.712121676097,0.6968443,65.5647,36.651,19.5546,1587.495601245203,44.647622403338346,17971.630669062335
2459674.39295508,2022.2570649009724,26275.888298881895,0.6968751,65.5653,36.4885,19.5341,1586.7397130097452,43.01923564996444,17970.89417255094
2459674.86947093,2022.2583695302674,26275.961864481844,0.6968812,65.5621,36.4353,19.5261,1586.6017292074994,42.48836910371196,17970.774748148582
2459678.77900226,2022.2690732436959,26276.44091288614,0.69693,65.5646,36.004,19.4716,1585.4646474684014,38.149232269454174,17969.744353997314
2459679.63181098,2022.2714081067213,26276.17431382466,0.6969542,65.5665,35.9105,19.4619,1584.747965872446,37.20548158036925,17968.888529281478
2459680.32141875,2022.2732961498975,26276.610742248726,0.6969351,65.5648,35.8339,19.4504,1585.382106938535,36.437686036863596,17969.718559874236
2459680.61328422,2022.274095234004,26276.42037197011,0.6969752,65.5671,35.8016,19.4458,1584.2707279321676,36.11311575853486,17968.472309324257
2459680.78073095,2022.274553678166,26276.557713251288,0.6969617,65.5657,35.783,19.4432,1584.6670792755576,35.926875860192865,17968.941973429904
2459682.57553781,2022.2794675915404,26276.48689374327,0.6970014,65.5679,35.5845,19.4188,1583.602441722559,33.93496704548457,17967.788536007287
2459684.53828642,2022.284841304367,26276.507348843425,0.6970195,65.5698,35.3675,19.3923,1583.1330348062547,31.75693042787698,17967.298690250063
2459689.09979513,2022.2973300345793,26276.090519578294,0.6970413,65.5733,34.8618,19.3379,1582.433924893765,26.70088755146105,17966.406823379413
2459691.06695111,2022.3027158141274,26275.577369591898,0.6970201,65.5729,34.6424,19.3103,1582.8355038812151,24.515006914142035,17966.646089402915
2459693.00816119,2022.3080305576727,26275.11219598579,0.6970137,65.5738,34.4259,19.2831,1582.8627263466096,22.35799923781741,17966.506158585507
2459695.9712516,2022.316143057084,26274.745777772707,0.6970234,65.5762,34.0958,19.2384,1582.4968416139309,19.06269944973495,17965.985610133805
2459696.32261663,2022.3171050421074,26274.680298189814,0.6970212,65.5771,34.0566,19.2307,1582.534807129192,18.669484841297205,17966.002073887394
2459697.29754694,2022.3197742558245,26274.517374383835,0.697029,65.5761,33.9479,19.2142,1582.2805034344447,17.583367903155235,17965.67355728491
2459698.2783447,2022.3224595337442,26274.587063529707,0.697031,65.576,33.8384,19.1983,1582.2490680505325,16.491267852046235,17965.665537590197
2459699.25689297,2022.3251386528948,26274.693531563436,0.6970334,65.5757,33.729,19.1821,1582.2182652997662,15.4011849578662,17965.67153106307
2459700.24071205,2022.3278322027375,26274.710116269493,0.6970648,65.5872,33.6197,19.1658,1581.3982640141212,14.305907014490046,17964.80879048774
2459700.88492684,2022.3295959667082,26274.7731040185,0.6970408,65.5722,33.5468,19.1551,1582.0479397749605,13.587351985021058,17965.519952199145
2459701.2208859,2022.3305157724842,26274.83695146722,0.6970473,65.574,33.5095,19.1494,1581.8964965067617,13.213221905694454,17965.38266949182
2459702.20154222,2022.3332006631624,26275.08108775195,0.6970962,65.5783,33.3996,19.1315,1580.6856067881981,12.118861261525879,17964.188270631505
2459703.85075007,2022.3377159481727,26275.621026327943,0.6971145,65.576,33.216,19.1055,1580.368312369853,10.28375865784254,17964.0479164223
2459705.78444317,2022.343010111348,26275.843008166983,0.6971323,65.5731,33.0007,19.0751,1579.967837444614,8.132159914744463,17963.704065490834
2459706.74615681,2022.3456431397942,26275.62360448732,0.6971318,65.5718,32.8938,19.0611,1579.914524968587,7.063369674069051,17963.567990258092
2459709.74838347,2022.3538627884186,26276.35247550402,0.6971285,65.5702,32.56,19.0172,1580.221988784615,3.726596169319521,17964.1581765808
2459710.54064581,2022.3560318844895,26276.36115591384,0.6971408,65.5662,32.472,19.0047,1579.901418591141,2.8452215837267616,17963.821618831265
2459712.50315929,2022.3614049535665,26276.598279980546,0.6971458,65.57,32.2543,18.9768,1579.8418508048835,0.6653167160448277,17963.84449972107
2459713.48425535,2022.3640910481868,26276.668240767063,0.6971795,65.5668,32.1449,18.9631,1578.9775150032037,359.5752226527855,17962.953875808296
2459714.4658767,2022.3667785809716,26276.708292237745,0.697183,65.5673,32.0359,18.9501,1578.8976749305575,358.48571085021024,17962.883785115486
2459718.23275816,2022.3770917403428,26276.37060983368,0.6971557,65.5658,31.6159,18.9021,1579.512763875653,354.3049734765864,17963.41317824572
2459719.14412515,2022.3795869271732,26276.178353153926,0.6971454,65.5656,31.5141,18.8893,1579.7251846730906,353.29210621760905,17963.568557371444
2459720.99603925,2022.3846571916495,26275.744005234475,0.6971355,65.5664,31.3075,18.8619,1579.8537702733365,351.2328110062256,17963.547279891216
2459722.9447316,2022.389992420534,26275.399908545412,0.6971381,65.5678,31.0906,18.8318,1579.68123956189,349.0651286076887,17963.239641937915
2459724.28815317,2022.3936705083372,26275.121906585926,0.6971405,65.569,30.9412,18.8105,1579.5339830676585,347.5703169986293,17962.982759831495
2459727.23132833,2022.4017284827653,26274.69361749449,0.6971272,65.5687,30.6122,18.7607,1579.7537250726864,344.29064620451544,17963.060272909875
2459730.16803396,2022.4097687445853,26274.68682894354,0.6971363,65.5695,30.2847,18.709,1579.5125693551063,341.0169519492638,17962.802261323057
2459731.1493165,2022.4124553497602,26274.849239782478,0.6971839,65.5733,30.1757,18.6866,1578.3110748788959,339.91837408630204,17961.58786580243
2459731.76502622,2022.4141410711022,26275.009934458285,0.6971644,65.5676,30.1076,18.6866,1578.8720985076352,339.2434144031683,17962.240720550028
2459733.11146154,2022.4178274101032,26275.234309583866,0.6972007,65.5718,29.9574,18.6543,1577.9862562779772,337.7338323628251,17961.383256765785
2459734.22183131,2022.4208674368517,26275.414431879257,0.6972065,65.5693,29.8342,18.6443,1577.8883997792327,336.50622273339724,17961.344862352595
2459735.57371966,2022.4245687054342,26275.667862988517,0.6972089,65.5666,29.6828,18.6246,1577.9020754689418,335.00266604370916,17961.451264095635
2459736.72478689,2022.4277201557568,26275.855985182996,0.6972094,65.5653,29.5532,18.6011,1577.9458992671507,333.71504392751905,17961.565935291506
2459742.43036311,2022.4433411721006,26276.609281154448,0.6972527,65.563,28.9181,18.5198,1577.0362130244512,327.37507804372865,17960.87487367292
2459743.90907125,2022.4473896543461,26276.636956033468,0.6972578,65.5627,28.7537,18.5016,1576.910580670874,325.7350244354304,17960.751735361533
2459750.92456113,2022.4665970188362,26275.979482488165,0.6972231,65.5595,27.9717,18.4078,1577.6233121713713,317.9445732190079,17961.268804801577
2459752.72083061,2022.4715149366461,26275.56585386892,0.6972022,65.5591,27.7721,18.3821,1578.0472343066303,315.9488228073706,17961.56812248305
2459753.87284649,2022.4746689842293,26275.339752938475,0.6971942,65.5586,27.6436,18.3639,1578.1889741603372,314.6666656774326,17961.63635067921
2459755.8066808,2022.4799635340175,26274.98123266216,0.6971809,65.5586,27.4281,18.3317,1578.4298693916462,312.51292775366545,17961.761637302174
2459756.84916939,2022.482817712224,26274.8127186079,0.6971767,65.5589,27.3118,18.314,1578.4891943308157,311.3514235993664,17961.76339499229
2459758.13981358,2022.4863513034363,26274.687258598537,0.6971776,65.5594,27.1683,18.2922,1578.4275548982305,309.9140307629558,17961.65256751469
2459758.80723632,2022.4881786073097,26274.68107156833,0.6971789,65.5591,27.0937,18.2811,1578.3915242414996,309.1705013685027,17961.612137846736
2459761.07639032,2022.494391212375,26274.72223257388,0.6971568,65.5567,26.84,18.2458,1578.984660023818,306.64496354500005,17962.255662762454
2459762.05764657,2022.497077745571,26274.82767079109,0.6971478,65.5551,26.7301,18.2309,1579.2530647199583,305.55301159445185,17962.57834468617
2459764.01856309,2022.502446442409,26275.147858853332,0.6971444,65.553,26.511,18.2012,1579.4393698817412,303.3714807327561,17962.891909815124
2459769.91231396,2022.518582652868,26276.35642895711,0.6971331,65.5418,25.8511,18.1238,1580.1023149333114,296.82514496753066,17964.032794190778
2459770.8928525,2022.5212672210816,26276.42776325745,0.6971265,65.5398,25.7415,18.1129,1580.2973441549548,295.73820041059827,17964.26533689749
2459774.31981911,2022.530649744312,26276.51456830004,0.6970825,65.5352,25.3585,18.0729,1581.4798017430267,291.93749204765896,17965.54976909088
2459775.30132398,2022.5333369581933,26276.53158561026,0.6970686,65.5334,25.249,18.0607,1581.8502003731346,290.8483950504217,17965.948391184804
2459777.2638216,2022.5387099838467,26276.516201273054,0.6970457,65.5335,25.0315,18.0359,1582.447272195337,288.6718058151911,17966.575396074815
2459782.1551266,2022.5521016470911,26275.80837422256,0.696996,65.5275,24.4897,17.9615,1583.5387406229338,283.234607047169,17967.474872451992
2459785.78192654,2022.562031284162,26275.21686469728,0.6969052,65.5233,24.0847,17.905,1585.7453005620482,279.1984377016596,17969.597394955752
2459786.10523484,2022.562916454045,26275.109016410697,0.6968927,65.5238,24.0488,17.8979,1586.041051169901,278.8367765437829,17969.871469273996
2459788.0671708,2022.568287941958,26274.822772659776,0.6968759,65.5231,23.8306,17.8669,1586.3957056219997,276.6538408951053,17970.143166523245
2459791.000614,2022.5763192717318,26274.669642758225,0.6968276,65.5182,23.5023,17.8204,1587.6183548021536,273.3877621765744,17971.382270761616
2459793.94602083,2022.5843833561396,26275.033824036982,0.6968011,65.512,23.1721,17.7745,1588.4250529108076,270.10859178977694,17972.368603016283
2459794.92672063,2022.5870683658588,26275.25673876632,0.6967991,65.5098,23.0621,17.7604,1588.5451909250123,269.0178882908474,17972.576717872336
2459795.90630848,2022.5897503312253,26275.493494166964,0.6967986,65.5075,22.9525,17.7473,1588.6301131223136,267.9296807588613,17972.75257113441
2459801.80127486,2022.6058898695683,26276.339841653033,0.6966695,65.4861,22.2898,17.6762,1592.2790023385342,261.38564695542266,17976.922519068754
2459804.24670488,2022.6125850920744,26276.491448867167,0.6966489,65.4815,22.017,17.6436,1592.8662851544486,258.66996685324267,17977.599141006467
2459807.19049669,2022.6206447547984,26276.5882242301,0.6966045,65.4743,21.6899,17.6045,1594.0623225844047,255.40228827258693,17978.90004655655
2459810.5789116,2022.629921729227,26276.390892817668,0.6965367,65.4734,21.3154,17.5477,1595.7839924243954,251.6312774782741,17980.65015248287
2459817.46811713,2022.6487833460096,26275.405752251292,0.6964693,65.4667,20.5527,17.4462,1597.2560007648626,243.9768954365622,17981.849634293783
2459818.96804789,2022.652889932621,26275.316292345095,0.6963534,65.4615,20.3818,17.4095,1600.2741560951936,242.29092425638115,17985.009452868006
2459819.9473249,2022.655571046954,26275.291886508654,0.6963362,65.4602,20.2725,17.3919,1600.7186803663872,241.19882309655293,17985.470679270198
2459820.93115257,2022.658264620315,26275.32961245579,0.6963233,65.4585,20.1618,17.3741,1601.0690881228538,240.10063668659237,17985.854938084125
2459822.89301705,2022.6636359125253,26275.510252010852,0.6963068,65.455,19.9425,17.3396,1601.5574900659822,237.91317149087956,17986.437038044736
2459823.87389799,2022.66632141818,26275.659698784955,0.6962931,65.4519,19.8323,17.3248,1601.9628525729122,236.82138945523332,17986.919978450984
2459824.85471222,2022.6690067411907,26275.835187588913,0.6962742,65.4484,19.7218,17.3103,1602.5127630185934,235.72967317134282,17987.565205523326
2459826.81624686,2022.6743771303495,26276.230262970323,0.6962291,65.4408,19.5008,17.2809,1603.8178155897303,233.54593307414189,17989.08858451763
2459835.15609542,2022.6972103912938,26277.653155855834,0.6961169,65.417,18.5656,17.1578,1607.198401726253,224.26765913428167,17993.179279611184
2459835.65499743,2022.6985763105538,26277.704471266683,0.6961083,65.416,18.5102,17.1492,1607.4399838708332,223.71192820059832,17993.453260873845
2459837.11863108,2022.7025835210945,26277.81578445117,0.696082,65.416,18.3478,17.1241,1608.1649175788307,222.08183240595417,17994.2598697176
2459838.09996737,2022.7052702734286,26277.848533959994,0.6960642,65.4144,18.2391,17.1068,1608.6426164479572,220.98860156569182,17994.776598987504
2459840.06294133,2022.7106446032308,26277.849393528526,0.6960355,65.4138,18.0235,17.0737,1609.397051979201,218.8051428369434,17995.574134360228
2459846.94255337,2022.729479954469,26277.084233438425,0.6959406,65.4059,17.2584,16.9543,1611.6581657687466,211.13991639116824,17997.684839206584
2459847.91606583,2022.7321452863239,26277.05896399243,0.6959145,65.4042,17.1489,16.9344,1612.3363135951204,210.05099692339513,17998.39202949016
2459848.90483069,2022.7348523769747,26276.94009527071,0.6959128,65.4033,17.0385,16.9168,1612.3448381386033,208.9484442891102,17998.357798317196
2459856.74661442,2022.756322010732,26277.277967876016,0.6958099,65.3859,16.1565,16.7718,1615.1515127760022,200.19237613648917,18001.44511064157
2459858.18009713,2022.7602466724986,26277.589635116365,0.6958106,65.3849,15.9973,16.7578,1615.2279245522668,198.60629790049248,18001.639195149477
2459859.68916611,2022.7643782781931,26277.947642675248,0.6958117,65.3824,15.828,16.7345,1615.3079209143898,196.92631985050502,18001.85392442453
2459866.0679874,2022.781842539083,26279.015978768624,0.6958061,65.3737,15.1152,16.6181,1615.7800587439451,189.8099859300802,18002.7412055508
2459869.99337285,2022.7925896587271,26279.240267491987,0.6957861,65.3707,14.6816,16.5386,1616.3738708107812,185.4279228581984,18003.44988469062
2459870.97500715,2022.7952772269675,26278.994831056156,0.6957903,65.3702,14.5722,16.5242,1616.1888338571443,184.3365982917236,18003.165188147428
2459877.85518951,2022.8141141396582,26278.278069115553,0.6958397,65.3705,13.8077,16.3936,1614.6726409856083,176.66020972305097,18001.303215085125
2459878.83040306,2022.8167841288437,26278.31597770383,0.6958184,65.3678,13.6977,16.3763,1615.2438994035165,175.57171361624518,18001.92031754439
2459879.81788619,2022.819487710308,26277.973258089278,0.6958169,65.3768,13.592,16.3511,1615.1790673626974,174.4675242890949,18001.727165382395
2459880.79881519,2022.8221733475425,26277.74796492664,0.6958079,65.3751,13.4814,16.3319,1615.3470367217597,173.37089488473814,18001.82258707221
2459882.7609409,2022.8275453549625,26277.54854883439,0.6958218,65.3753,13.2612,16.291,1614.9211179970562,171.17587221348177,18001.300237080104
2459884.71415407,2022.8328929611766,26277.641981678986,0.6958867,65.3659,13.0355,16.2433,1613.2441192669367,168.97733397640144,17999.563016203752
2459886.67943132,2022.8382735970436,26277.801515668216,0.6958852,65.3704,12.8176,16.2495,1613.3320523771363,166.8286050643126,17999.713927701585
2459887.66034043,2022.8409591798227,26277.918417111327,0.6958279,65.3838,12.725,16.2892,1614.8733285614262,165.80889526385585,18001.384325933792
2459888.64143514,2022.8436452707456,26278.039102023875,0.695828,65.3815,12.6105,16.2882,1614.9074097408056,164.72640253160196,18001.464224498155
2459889.62171907,2022.8463291418748,26278.23930106351,0.6958419,65.3801,12.4996,16.2759,1614.603037156805,163.6370089250652,18001.215600176503
2459890.59970025,2022.8490067084194,26278.44844393504,0.6958554,65.3576,12.379,16.2571,1614.311890601245,162.53368496900686,18000.984184605353
2459897.96024154,2022.869158772183,26279.369564507488,0.6959592,65.3496,11.561,16.1375,1611.8642458885079,154.34134201409282,17998.733722674508
2459899.43236343,2022.8731892222588,26279.42725005871,0.6959896,65.3423,11.3922,16.0761,1611.0828900612487,152.66017998682173,17997.929193354415
2459901.88593356,2022.87990673117,26279.418825025525,0.6960306,65.3306,11.1125,16.0438,1610.0028725917118,149.9298767787908,17996.78497735884
2459909.73718701,2022.9014022916078,26278.289759731375,0.6961533,65.3259,10.2337,15.9296,1606.4353251381717,141.1984750211721,17992.60418113882
2459910.718513,2022.904089015742,26278.079072759774,0.6962042,65.3604,10.1371,15.8833,1605.0337543723126,140.0883543328224,17991.046039502027
2459915.6251017,2022.917522523477,26277.542875845735,0.6963171,65.3621,9.5897,15.8077,1601.9041254111717,134.6292915482956,17987.542231376603
2459917.58778076,2022.9228960458868,26277.641465948032,0.6963623,65.3619,9.3704,15.7785,1600.7463161450887,132.4463234807716,17986.35366245896
2459920.53180968,2022.9309563577829,26278.013056658398,0.6964439,65.3652,9.0442,15.7222,1598.714859228302,129.1621111981963,17984.3400313105
2459925.4385778,2022.9443903567421,26278.70461308919,0.6965647,65.3586,8.4926,15.6613,1595.7503178841016,123.71337157284026,17981.454860819133
2459928.87341464,2022.9537944274875,26278.96543064855,0.6966635,65.355,8.1082,15.6133,1593.2330973539238,119.89550610446202,17978.885695214103
2459929.8548196,2022.9564813678303,26279.020620955103,0.6966967,65.3552,7.9991,15.6,1592.3773751037334,118.80580758110463,17978.000000301166
2459930.83623274,2022.959168330568,26279.065151662886,0.6967317,65.3555,7.8897,15.587,1591.4711141340467,117.71610099551691,17977.05685641663
2459932.30835773,2022.963198789131,26279.078390558338,0.6967756,65.3543,7.7257,15.5694,1590.3214775300157,116.0835359128966,17975.844604348284
2459933.78047254,2022.9672292198215,26279.003341715816,0.696813,65.3529,7.5608,15.5514,1589.3158861647926,114.44968086423293,17974.752684376675
2459942.61260352,2022.9914102765779,26277.615937297513,0.6970737,65.355,6.5742,15.4387,1582.0446687065669,104.6452004319911,17966.547798315332
2459943.59392654,2022.9940969925808,26277.414460830652,0.6970989,65.3549,6.4643,15.4249,1581.3214453415121,103.55428267093924,17965.70841329682
2459944.08458548,2022.9954403435454,26277.326788829985,0.6971143,65.3548,6.4094,15.4185,1580.8902185635234,103.00937632368709,17965.219676562963
2459946.5378535,2023.0021570253248,26277.126950973376,0.697192,65.356,6.1351,15.382,1578.7879577703452,100.28057088308105,17962.919336467417
2459947.51914524,2023.004843655688,26277.138038651672,0.6972268,65.3567,6.0253,15.3673,1577.876870804289,99.18888395228794,17961.95769678388
2459949.48171477,2023.010216878221,26277.298940229863,0.6973002,65.3572,5.8053,15.3383,1575.9968337477903,97.00552384046262,17960.023110005477
2459956.84163183,2023.030367232937,26278.511797940082,0.6975958,65.349,4.9797,15.2332,1568.5960374466322,88.82069614271632,17952.613747035524
2459957.33233194,2023.031710696619,26278.638507095726,0.6975968,65.3493,4.9237,15.2372,1568.6080761889698,88.28504921718479,17952.67242983389
2459960.27651967,2023.0397714433132,26278.880496599595,0.6977147,65.3509,4.5924,15.2014,1565.5829745787569,85.01608040724437,17949.55007344091
2459961.748613,2023.043801815195,26278.93439697417,0.6977768,65.3496,4.4281,15.1862,1563.9673460436052,83.38564652985843,17947.854804669627
2459962.23930558,2023.0451452582615,26278.930958345532,0.6977927,65.349,4.3733,15.1809,1563.5484718080143,82.84190702584004,17947.40893059891
2459963.71136881,2023.0491755477342,26278.889866820304,0.6978439,65.3463,4.2084,15.1701,1562.1905744879432,81.21530281568556,17945.952536373436
2459964.69273211,2023.0518623740181,26278.85694213672,0.6978786,65.3462,4.0985,15.1588,1561.2687497580646,80.12684535344374,17944.961916500823
2459970.58090818,2023.0679833215063,26278.14612078711,0.6980916,65.346,3.4389,15.0905,1555.4567502930422,73.59540425769467,17938.532033847856
2459972.54361239,2023.0733569127715,26277.704127444005,0.69816,65.3467,3.2191,15.0657,1553.5259138276988,71.41631140222728,17936.320711405635
2459975.97817083,2023.0827602213,26276.926343372306,0.6982679,65.3483,2.8325,15.0188,1550.4558671310451,67.5976203320003,17932.77685383211
2459977.94071992,2023.088133387872,26276.981952722195,0.6983445,65.3457,2.6108,14.9924,1548.459829439389,65.41518036611751,17930.675331706545
2459978.43137721,2023.0894767343195,26277.12402864151,0.6983699,65.3455,2.5555,14.9879,1547.8352484715415,64.87177564498916,17930.06274882803
2459979.41263987,2023.0921632850645,26277.03472600948,0.6984017,65.3436,2.4443,14.9755,1546.9727024054237,63.781017376746945,17929.113439488832
2459980.39391431,2023.0948498680625,26277.104689701104,0.6984392,65.343,2.3334,14.962,1546.0084119100156,62.689447497533365,17928.113468289386
2459981.3752027,2023.097536489254,26277.246165615994,0.6984613,65.3414,2.2222,14.9488,1545.4703483598323,61.597863868555294,17927.592492694588
2459982.35650543,2023.1002231497052,26277.413601297685,0.6984994,65.3402,2.1111,14.9356,1544.5196672394131,60.506366106115024,17926.642075427302
2459982.8471596,2023.1015664876109,26277.48382537287,0.6985411,65.3393,2.0554,14.9296,1543.4450687646968,59.96106446007377,17925.524612033994
2459989.7166911,2023.1203742398359,26278.48772853091,0.6987825,65.3239,1.2769,14.8517,1537.4040773687593,52.3338736591013,17919.460400220185
2459990.20737741,2023.1217176657358,26278.595009750723,0.6987866,65.3227,1.2211,14.8449,1537.3286501100474,51.787640335086735,17919.41889146701
2459991.18876232,2023.1244045511846,26278.729628599565,0.6988587,65.3206,1.1098,14.8374,1535.4745027049885,50.70156157351579,17917.494061442878
2459993.15148823,2023.129778201862,26278.815593006555,0.6989352,65.3187,0.8876,14.8184,1533.4900607454001,48.52584732967796,17915.412559221473
2459994.62354725,2023.1338084798083,26278.80742635767,0.6990009,65.3172,0.7209,14.8032,1531.761084406974,46.89304726905482,17913.568671139466
2459995.60493285,2023.1364953671464,26278.797970245832,0.69904,65.3167,0.6101,14.7931,1530.7307371251854,45.80486782729287,17912.46803782113
2459996.58632787,2023.1391822802736,26278.750947706947,0.6990635,65.3153,0.4989,14.7822,1530.0990345746131,44.71547910152714,17911.77830159109
2460004.43723168,2023.1606768834495,26277.395207309022,0.6992828,65.3117,359.6104,14.6898,1523.9284100353889,35.996521958197604,17904.71514412024
2460006.39981287,2023.166050137906,26277.056299530577,0.6993436,65.3109,359.3873,14.6651,1522.2288496141864,33.814350353815314,17902.781590069742
2460007.38109123,2023.168736731636,26276.90356683016,0.6993749,65.3102,359.2756,14.6516,1521.3604624686723,32.721976611008245,17901.800912905084
2460010.3249353,2023.1767965374395,26276.721012479247,0.6994654,65.306,358.9391,14.6105,1518.9275387970447,29.44284652174946,17899.141525456398
2460012.28752906,2023.182169826311,26276.832744991796,0.6995406,65.3014,358.7142,14.5857,1516.985100460589,27.25876252798298,17897.110726238127
2460013.26883618,2023.1848564987822,26276.91474022203,0.6995727,65.2985,358.6016,14.5741,1516.1662477351047,26.167360438394326,17896.26708584964
2460015.2314611,2023.1902298729633,26277.14869658602,0.6996179,65.2901,358.3752,14.5499,1515.0488074927707,23.982345733243676,17895.159718747225
2460016.21277302,2023.1929165585761,26277.263012206615,0.6996418,65.2841,358.2615,14.5403,1514.4551192729568,22.89183891261274,17894.567721314077
2460017.68474294,2023.1969465925808,26277.51210423333,0.6996751,65.2779,358.0911,14.5243,1513.654894952664,21.254626670926257,17893.803969124754
2460021.11929577,2023.206349885749,26277.555683051745,0.6997753,65.2694,357.6975,14.4882,1511.0349716775054,17.4397411303471,17891.024598067765
2460023.57260713,2023.213066686187,26277.426322392785,0.6998498,65.2634,357.4167,14.4633,1509.03846615146,14.715992972670279,17888.84749585829
2460024.55394895,2023.215753453662,26277.47273732981,0.6998792,65.2614,357.3045,14.4539,1508.279839905611,13.62715668170432,17888.054586036767
2460025.53529271,2023.2184402264481,26277.406982896187,0.699905,65.26,357.1925,14.4437,1507.5821485322313,12.537718478676709,17887.286226804074
2460027.98864047,2023.2251571265433,26277.352832495006,0.6999518,65.2542,356.911,14.4079,1506.3361181550272,9.802334444389771,17885.93667204468
2460028.96996252,2023.2278438398907,26277.252182252403,0.699971,65.2529,356.7988,14.3976,1505.8013949890055,8.712617639367863,17885.32957809158
2460029.95125287,2023.2305304664471,26277.063777215553,0.699986,65.2513,356.6866,14.3841,1505.3507120575468,7.619732079052255,17884.780556668975
2460034.85755033,2023.2439631768104,26276.507434789302,0.7000337,65.2427,356.1239,14.3211,1503.9304121362384,2.158256348260977,17883.063718055157
2460037.31064177,2023.2506793751397,26275.656776861015,0.700084,65.2386,355.8414,14.2895,1502.3535778890473,359.42632494969973,17881.07352975806
2460041.23556857,2023.261425239069,26275.4795722862,0.7001628,65.2283,355.3874,14.2402,1500.2299236114923,355.05451393514,17878.74171065458
2460042.21678549,2023.264111664586,26275.36355733034,0.7001723,65.2248,355.2732,14.2259,1499.945522058175,353.9589007490313,17878.39615852488
2460043.19800268,2023.2667980908425,26275.415463122656,0.7002019,65.2204,355.1585,14.2151,1499.1833325547914,352.86628729671895,17877.60072705061
2460044.17922637,2023.269484534894,26275.676800650217,0.7001989,65.2178,355.0452,14.201,1499.3405080794164,351.77176743813334,17877.862740528584
2460047.122894,2023.2775438576311,26276.37533679679,0.7003081,65.209,354.7023,14.1646,1496.6805497977703,348.49111125276886,17875.272587515075
2460049.57603097,2023.2842601806162,26276.71319124785,0.7003657,65.2008,354.4179,14.1386,1495.2682633603163,345.76283497815103,17873.885118351194
2460050.55731007,2023.2869467763721,26276.847785997652,0.7003936,65.1985,354.3047,14.1251,1494.5754685107286,344.66896050604385,17873.19319890457
2460052.51993868,2023.2923201606568,26277.05277556594,0.7004274,65.1908,354.0771,14.1083,1493.7487203135033,342.490142163571,17872.383392718326
2460054.97322388,2023.2990368894727,26277.142594057776,0.70051,65.1833,353.7947,14.0778,1491.6051354943638,339.75921978979983,17870.124388585235
2460056.44518087,2023.303066888077,26277.12548980734,0.7005342,65.1777,353.6261,14.0612,1490.9641065055466,338.12322029227875,17869.432925355857
2460057.42648069,2023.3057535405612,26277.155314824886,0.7005561,65.1764,353.5131,14.0479,1490.3975683768913,337.02972539793006,17868.837950633508
2460060.86095662,2023.3151566231895,26276.930640838626,0.7005789,65.1725,353.1163,14.011,1489.7311771036057,333.21091565178716,17868.044595914784
2460062.82347288,2023.3205296998763,26276.456812785953,0.7005989,65.1682,352.89,13.9852,1489.0637738506075,331.02450804452525,17867.16047012553
2460063.80474594,2023.3232162790966,26276.401206214367,0.7006127,65.167,352.7767,13.9728,1488.6845108452626,329.93163952523184,17866.734913142947
2460066.25791406,2023.3299326873644,26276.175001369957,0.7006524,65.1626,352.4932,13.9413,1487.5736238400941,327.1987325488687,17865.465563181373
2460067.23915079,2023.3326191671185,26275.838367383687,0.7006674,65.1604,352.3793,13.9288,1487.0787156887127,326.1051998373421,17864.815168212754
2460069.20161364,2023.337992097577,26275.4795722862,0.7006938,65.1557,352.1512,13.9028,1486.2776439586069,323.9168448723321,17863.829331055564
2460070.18282065,2023.3406784959611,26275.37094787452,0.7007049,65.1533,352.0369,13.8897,1485.9534753811995,322.82234145398,17863.443534202524
2460078.03238877,2023.3621694422177,26276.200182747463,0.700907,65.1327,351.1222,13.7921,1480.8912412584887,314.07330080162285,17858.32585719109
2460079.0136442,2023.3648559731685,26276.314230219403,0.7009214,65.1282,351.009,13.7892,1480.5469731340954,312.9900496593171,17857.998439355426
2460085.39192905,2023.382318765366,26277.02432604102,0.7010164,65.1176,350.2714,13.7337,1478.2630302873185,305.91034446819657,17855.809177695788
2460085.88256285,2023.3836620475022,26277.041602027333,0.7010355,65.1079,350.2094,13.72,1477.7663040293,305.35106289925085,17855.283652458216
2460087.35447139,2023.3876919134568,26277.080967316135,0.7010545,65.1032,350.0387,13.7038,1477.2788083148052,303.71341115551485,17854.77592212631
2460088.33574532,2023.3903784950587,26277.076154085138,0.7010691,65.1005,349.925,13.6927,1476.893724109209,302.6214417788699,17854.361928717157
2460088.82636878,2023.391721748884,26277.025099592036,0.7010944,65.0999,349.8679,13.6857,1476.2136536086173,302.07377040176726,17853.615471141806
2460090.78894981,2023.397095002902,26276.963301640062,0.7011249,65.0942,349.6403,13.6639,1475.3937344740025,299.88999895526786,17852.71536280851
2460098.14841567,2023.4172441222993,26275.780959344993,0.7012304,65.0748,348.7856,13.5815,1472.268266911119,291.6992159722727,17848.943427235274
2460100.11079399,2023.4226168213281,26275.50183011674,0.7012521,65.0681,348.5573,13.5601,1471.6146931935318,289.51534432189044,17848.14310957898
2460104.03547422,2023.4333620101843,26275.39655700968,0.7013131,65.057,348.1004,13.5165,1469.9804438838937,285.1465763336446,17846.354687833384
2460105.01666927,2023.436048375825,26275.48558791143,0.7013267,65.0541,347.986,13.5058,1469.6496896439476,284.054384702966,17846.03233228235
2460106.97910002,2023.4414212183988,26275.7562946103,0.7013537,65.0474,347.7572,13.4853,1469.0210970870767,281.8708613764572,17845.45612372721
2460107.96033082,2023.4441076819169,26275.926972322348,0.7013696,65.0445,347.6418,13.4722,1468.6542821154108,280.77523450988923,17845.124416740044
2460115.8103059,2023.465599742368,26276.953417439447,0.7014572,65.0169,346.7268,13.392,1466.6589487119409,272.042892747493,17843.354932991308
2460116.79157723,2023.468286316852,26276.99252454843,0.7014636,65.0134,346.6127,13.3814,1466.5024511056008,270.9510259332675,17843.20125900201
2460118.26350106,2023.4723162246685,26277.04667309338,0.7014762,65.0084,346.442,13.3652,1466.1875256291933,269.3133591193153,17842.883191516077
2460123.16997764,2023.485749425434,26276.898323934995,0.7015125,64.9925,345.8736,13.314,1465.1893884655474,263.85780684372804,17841.760131120587
2460134.94466209,2023.5179867545241,26275.637784375176,0.7015565,64.9526,344.4954,13.1793,1463.6570051011722,250.7394683713269,17839.664982336828
2460139.85077729,2023.531418965886,26276.509325598905,0.7015722,64.9324,343.9199,13.1228,1463.5045697179658,245.2718722810714,17839.814471617516
2460147.70112063,2023.5529120345789,26277.780198486395,0.7015952,64.9017,343.0031,13.0302,1463.2794445732934,236.52496755163241,17840.029372526293
2460152.60784586,2023.5663459161124,26277.953659713203,0.7015849,64.8834,342.4299,12.981,1463.6018691586823,231.0663701995246,17840.43730151023
2460159.96769855,2023.5864960945923,26277.2822654861,0.7015361,64.8652,341.5691,12.9121,1464.683846357817,222.88260594675904,17841.356108714608
2460165.85543931,2023.6026158502668,26276.85973286907,0.7015848,64.8425,340.8767,12.8009,1463.2780525560702,216.27589390394047,17839.69743763705
2460169.78054282,2023.613362198002,26277.386955810543,0.701584,64.8284,340.4123,12.7523,1463.4564058051592,211.89420871928445,17840.077912397126
2460178.61292202,2023.6375439343458,26278.973425488093,0.7016432,64.789,339.3699,12.6323,1462.374118513665,202.0263836355253,17839.487071732037
2460179.59432627,2023.6402308727443,26279.064120061346,0.7016468,64.7856,339.2544,12.6203,1462.3065732254863,200.93158581209502,17839.447203737403
2460182.53851569,2023.6482916240652,26279.18447425775,0.7016767,64.7745,338.9084,12.5824,1461.5567336693357,197.6458153365606,17838.686382506254
2460191.86183515,2023.673817481588,26278.309702576604,0.7017085,64.778,337.8412,12.4856,1460.4601186461296,187.2925066282907,17837.196471148265
2460196.76849086,2023.6872511727852,26277.787934555447,0.701719,64.7578,337.2431,12.4372,1460.0285629071332,181.8098777973501,17836.546411546442
2460197.74982084,2023.689937907844,26277.80564157937,0.7017297,64.7554,337.1258,12.4213,1459.7526720555707,180.70945317610335,17836.25689210957
2460198.73116137,2023.6926246717862,26277.88927758584,0.7017522,64.7518,337.006,12.408,1459.1863656835649,179.60911815693657,17835.67955507621
2460199.71251897,2023.6953114824641,26278.075376534805,0.7017777,64.7477,336.8878,12.3929,1458.5717783635773,178.50856631292186,17835.08716351692
2460200.69389229,2023.6979983361805,26278.29027549414,0.7018069,64.7465,336.7725,12.3752,1457.8685399494507,177.40829897506455,17834.409965708695
2460201.67528149,2023.700685233375,26278.51979243461,0.701835,64.7422,336.6549,12.3594,1457.1985539112657,176.30761598501994,17833.773621216416
2460202.65668518,2023.7033721702396,26278.750517885805,0.701861,64.7384,336.5382,12.3436,1456.5841006519568,175.20781871372935,17833.197228735495
2460205.60094843,2023.7114331236965,26279.324602665485,0.7019176,64.7387,336.1922,12.2672,1455.2678479415736,171.88347546927645,17831.99097937804
2460211.48953423,2023.7275551929636,26280.33977270616,0.7020566,64.7258,335.4948,12.1827,1451.9174850352993,165.29763053308875,17828.759582002007
2460212.47098774,2023.7302422662285,26280.106948961897,0.7020821,64.7229,335.3781,12.1674,1451.1779740101338,164.1982841577281,17827.882302718044
2460212.96171173,2023.7315857952906,26280.013666153824,0.7020939,64.7193,335.3185,12.1635,1450.8400792305865,163.65111369539954,17827.48614008588
2460214.92465428,2023.736960039096,26280.058630943226,0.7021493,64.7215,335.0902,12.1334,1449.3975592674815,161.45798592541968,17825.9536524708
2460222.77610599,2023.7584561423414,26280.066626614254,0.7023739,64.7446,334.1737,11.9828,1443.4974378193565,152.6522887571254,17819.620157480156
2460227.68294083,2023.77189032397,26278.255117723795,0.7024321,64.7132,333.5834,12.0031,1441.4288910453224,147.2459833708332,17816.748754338147
2460228.66431768,2023.7745771873513,26278.268183678505,0.7025078,64.72,333.4685,11.9521,1439.4435141525219,146.1128125535384,17814.6201043137
2460230.6270741,2023.7799509215608,26278.42746928752,0.7025584,64.7121,333.2375,11.9333,1438.16121194883,143.92846823811863,17813.299072438873
2460231.608453,2023.7826377905544,26278.529506183455,0.7025902,64.7091,333.1209,11.9218,1437.3559047281187,142.8330954004469,17812.470063111334
2460232.58983479,2023.7853246674613,26278.687420333074,0.7025912,64.6983,332.997,11.9428,1437.3765912563558,141.7629197139612,17812.548856691712
2460233.5712411,2023.7880116114986,26278.938781227323,0.7026525,64.6834,332.8738,11.9147,1435.8404492509908,140.6443198605151,17810.987603979098
2460234.55263227,2023.790698514086,26279.1242969873,0.702673,64.6702,332.7492,11.9257,1435.3568898503427,139.5634349290376,17810.53418006151
2460241.91331305,2023.810850959753,26279.991312792812,0.702975,64.674,331.8836,11.8747,1427.678119682285,131.39195448888182,17802.585897486962
2460244.85773477,2023.8189123470775,26280.083133825294,0.7031143,64.6549,331.5278,11.8096,1424.044577243917,128.0689550521089,17798.70856042687
2460245.83918962,2023.8215994240115,26280.041178048017,0.7031493,64.6542,331.4119,11.7995,1423.1123197323786,126.97560735584,17797.69008732412
2460246.82063156,2023.8242864655988,26279.963371158385,0.7031847,64.6535,331.2956,11.7944,1422.1589119993869,125.88687238445692,17796.635932141253
2460259.57870105,2023.8592161561944,26278.068070047415,0.7036943,64.6544,329.7816,11.6321,1408.205054143048,111.63588377000173,17780.926684447753
2460260.56003834,2023.8619029112658,26278.076236121888,0.7037373,64.6523,329.6637,11.6212,1407.0775165193072,110.5398519443346,17779.71408538828
2460262.52270401,2023.8672763970155,26278.29379987369,0.703837,64.6482,329.4279,11.5986,1404.52202665199,108.34699707443366,17777.036388775658
2460264.48538844,2023.8726499341276,26278.695930743837,0.7039497,64.6432,329.1921,11.5746,1401.679513905492,106.15272371409065,17774.114248531103
2460265.4667508,2023.8753367578374,26278.918063498146,0.7040058,64.6406,329.0743,11.5655,1400.2710290706827,105.05856717850389,17772.674124226054
2460274.29956374,2023.8995196816973,26279.92081404251,0.7044341,64.6173,328.0153,11.4993,1389.3121473312085,95.22751458899762,17761.202335613107
2460275.28098517,2023.9022066671323,26279.89562375004,0.7044829,64.6158,327.899,11.4908,1388.0222430333015,94.13539983240213,17759.800095504896
2460281.66022652,2023.919672078084,26279.41237730061,0.7047518,64.6053,327.1373,11.4456,1380.8129014557253,87.04095188979102,17751.83760799787
2460286.07653014,2023.9317632584255,26278.555380903377,0.7049475,64.5963,326.6073,11.4079,1375.4171615239948,82.12042696684165,17745.69824005186
2460287.05789025,2023.934450075975,26278.362826374818,0.7049896,64.5942,326.4887,11.3975,1374.254028753966,81.02417264898855,17744.37164982966
2460294.90852962,2023.9559439551545,26278.448959705584,0.7053881,64.5721,325.5406,11.3316,1363.8074770718858,72.27237614441054,17733.097128386515
2460295.39922639,2023.9572874096916,26278.58813271661,0.7054069,64.5707,325.4814,11.33,1363.3544416401992,71.72793251105708,17732.656108231033
2460295.88991481,2023.9586308413695,26278.65535591804,0.7054342,64.5684,325.4217,11.3271,1362.6568378402817,71.18169710699897,17731.92462549938
2460296.87130285,2023.961317735387,26278.83252807762,0.7054824,64.565,325.3031,11.3208,1361.4423869713537,70.08951526070399,17730.672458361565
2460304.72256793,2023.9828133276658,26279.742763815917,0.7058262,64.5357,324.354,11.272,1352.675491854232,61.35320204035975,17721.49708412511
2460305.21326462,2023.9841567819847,26279.79649666652,0.7058347,64.5365,324.2938,11.2637,1352.4679203808546,60.801058485490216,17721.29117308433
2460306.19470687,2023.986843824421,26279.736401864593,0.7059173,64.5332,324.1766,11.2625,1350.2795363486248,59.71532320843511,17718.897291152905
2460307.17614246,2023.9895308486248,26279.74654659961,0.7059535,64.5294,324.0578,11.2553,1349.3311929147021,58.62199449507955,17717.87259520924
2460313.06477329,2024.005653041177,26279.333457468114,0.7062372,64.5089,323.3457,11.2142,1341.7542785995138,52.06480517622896,17709.506659593084
2460322.87833448,2024.0325211074055,26277.915322644607,0.7066726,64.4774,322.1491,11.1392,1329.8962790115038,41.12070133400795,17696.128002435576
2460323.85972485,2024.0352080078026,26277.91695583526,0.7067879,64.4747,322.0288,11.1385,1326.866914246063,40.03241719103693,17692.836944308383
2460324.35040647,2024.0365514208618,26278.012884742006,0.7068014,64.4727,321.9687,11.1347,1326.5402885883168,39.48488848974927,17692.51600119608
2460325.82243164,2024.040581606132,26278.023629521747,0.7068721,64.4657,321.7876,11.1255,1324.6855826720875,37.84372179242769,17690.50396746786
2460326.31311152,2024.0419250144282,26278.13804061756,0.706894,64.4638,321.7275,11.1221,1324.1436285332493,37.29659480584314,17689.955423314575
2460327.78513306,2024.0459551897607,26278.261048977536,0.7069671,64.4566,321.546,11.1136,1322.2587421389308,35.65573168617726,17687.949882546363
2460328.76647575,2024.048641959617,26278.34477456861,0.7070061,64.4511,321.4251,11.1076,1321.2584210454788,34.5615945378579,17686.891904500942
2460329.74782018,2024.0513287342367,26278.414918903687,0.7070483,64.4466,321.3043,11.1015,1320.1700237981977,33.46745567483367,17685.733217601388
2460330.72917074,2024.0540155256404,26278.487900455068,0.7070899,64.4422,321.1837,11.0955,1319.0982187710824,32.37361076949588,17684.593448323347
2460333.67327488,2024.0620760434765,26278.510680430583,0.707254,64.4316,320.8219,11.0797,1314.79258765333,29.094224348443163,17679.917691662453
2460339.07082263,2024.0768537238332,26278.1433700904,0.7074674,64.4013,320.1592,11.0404,1309.0773032253082,23.07225942004885,17673.567214724237
2460344.95876342,2024.0929740271597,26276.996306342506,0.7077633,64.379,319.4336,11.01,1300.966386477723,16.5129502224749,17664.32755472899
2460345.94007632,2024.095660715455,26276.72934940264,0.7078677,64.3753,319.3119,11.0124,1298.1450813184974,15.426442436173375,17661.158791035858
2460346.92133996,2024.0983472688838,26276.480533762257,0.7079092,64.3722,319.1907,11.0075,1296.981920291044,14.333183201804047,17659.803062337935
2460347.90258674,2024.1010337761531,26276.207831710257,0.7079448,64.369,319.0692,11.0019,1295.9668335317047,13.23894058483063,17658.60016531476
2460349.37440528,2024.1050633957022,26275.868876274366,0.7079428,64.3645,318.8874,10.9858,1295.920391571838,11.590377547216121,17658.429658346653
2460349.86501673,2024.1064066166462,26275.692527515694,0.7079559,64.3599,318.8259,10.9827,1295.524676075047,11.04221800735803,17657.935932878445
2460351.82746752,2024.1117795140856,26275.43239271632,0.7080355,64.3541,318.5817,10.9706,1293.3571808232227,8.851674929161788,17655.480945728876
2460352.80868271,2024.1144659348663,26275.3767915643,0.7080744,64.35,318.4597,10.9642,1292.3188351034833,7.756163448117377,17654.32910976773
2460354.28048698,2024.1184955153456,26275.32789373088,0.7081438,64.3404,318.2753,10.9572,1290.481052818298,6.114114475578333,17652.30768320442
2460355.26167853,2024.1211818714028,26275.379713410406,0.7081824,64.3357,318.1529,10.9509,1289.4819470561124,5.018326294962321,17651.23630160123
2460356.24286444,2024.1238682120197,26275.452330140775,0.7082265,64.3296,318.0295,10.9456,1288.3443904483302,3.9225436729087733,17650.02112942034
2460357.22405569,2024.1265545672559,26275.596705722302,0.7082682,64.3248,317.9066,10.94,1287.2908230344374,2.826955787869508,17648.922801573244
2460359.67708185,2024.133270586858,26276.04608741306,0.7083804,64.3104,317.5987,10.927,1284.4737495929603,0.08828873111440316,17646.007782469656
2460360.65832458,2024.1359570830396,26276.29704137276,0.7084257,64.3053,317.4759,10.9213,1283.356616430332,358.99265010578404,17644.87724574328
2460362.62084707,2024.1413301767834,26276.53880508352,0.7085133,64.2958,317.2306,10.9109,1281.125283715738,356.8026363579905,17642.527025942614
2460365.56473321,2024.1493900977687,26276.854661893216,0.7086545,64.279,316.8622,10.8988,1277.5070598966104,353.52056480326746,17638.68789265093
2460368.5086109,2024.1574499956196,26276.813922277644,0.7087745,64.2627,316.4933,10.8896,1274.3419729222687,350.24090157697844,17635.216417144522
2460370.47117277,2024.1628231971802,26276.946455529804,0.7088484,64.2532,316.2475,10.882,1272.4387036418302,348.05314901517613,17633.18380343275
2460372.92438901,2024.1695397371932,26277.116550913666,0.7089445,64.2396,315.94,10.8744,1269.9629962844529,345.32009461043594,17630.538420430985
2460373.90561597,2024.1722261901987,26276.766564821726,0.7089755,64.235,315.8172,10.8619,1269.0465511439606,344.2176715285174,17629.413291845354
2460380.28379961,2024.189688705298,26275.725012591014,0.7091924,64.2074,315.0154,10.8383,1263.0442291715635,337.1057660927148,17622.483440669934
2460385.18970757,2024.203120349267,26274.922798109896,0.70934,64.1744,314.3914,10.831,1258.9327604986229,331.6390742638754,17617.70328561255
2460386.17087305,2024.2058066339496,26275.066736746936,0.7093802,64.1662,314.2657,10.8309,1257.9183400200463,330.54621177812544,17616.644129689874
2460387.15204843,2024.2084929457355,26275.10661024641,0.70943,64.1607,314.1406,10.8284,1256.6214277392992,329.4515395351727,17615.239042421406
2460388.13324007,2024.2111793020401,26275.30692530962,0.7094782,64.1628,314.0174,10.8135,1255.4131634934174,328.346351265519,17613.98732835563
2460390.09566979,2024.2165521417937,26275.738505098903,0.7095862,64.163,313.7711,10.786,1252.7007670720932,326.1383289542482,17611.170374440604
2460391.56751277,2024.220581828255,26275.90961222703,0.709646,64.1482,313.5826,10.7845,1251.1791595485674,324.4976418281572,17609.564714070824
2460394.51129333,2024.2286414601786,26276.431287012543,0.7097403,64.127,313.2074,10.7798,1248.8527624388744,321.21627433570984,17607.20087484128
2460397.94570229,2024.238044359453,26276.78865348151,0.7098238,64.1082,312.7706,10.7746,1246.762379670382,317.3892305969671,17605.037053995184
2460399.41758895,2024.2420741655035,26277.095578923734,0.7099515,64.1037,312.5853,10.7584,1243.4958570234621,315.7370004187602,17601.566182668088
2460399.90820078,2024.2434173874879,26276.852255329253,0.7099574,64.0986,312.5244,10.7611,1243.270247951561,315.1952405043831,17601.23330329245
2460400.39885104,2024.244760714688,26276.894714074268,0.709983,64.0956,312.4611,10.7618,1242.6098742916756,314.64904271229466,17600.524560325903
2460401.87073875,2024.2487905236135,26276.77472988511,0.7100269,64.0878,312.2746,10.7587,1241.4215264264476,313.00871149911376,17599.17992928754
2460402.85201826,2024.2514771204926,26276.801459768554,0.710058,64.0834,312.1503,10.7565,1240.6120688482151,311.91503662265615,17598.302101862984
2460403.83329698,2024.254163715208,26276.765017757796,0.710084,64.0785,312.0259,10.7545,1239.9183068882676,310.82146252506607,17597.52879845528
2460405.79585384,2024.2595369030532,26276.63343220942,0.7101377,64.069,311.7772,10.7503,1238.4691029171163,308.6342149008431,17595.893760257128
2460406.77712015,2024.2622234637925,26276.514052624403,0.7101648,64.0646,311.6527,10.7488,1237.722405745203,307.54105303475086,17595.03307989104
2460408.73960291,2024.2675964487607,26276.116646122922,0.7102103,64.0547,311.4026,10.7463,1236.4116600449688,305.35417844610663,17593.456031835634
2460410.70201482,2024.272969239754,26275.70369962021,0.7102484,64.0435,311.1521,10.7427,1235.2908880908753,303.1658736885256,17592.081702806216
2460411.19262633,2024.2743124608626,26275.73755976339,0.710292,64.0465,311.0915,10.7411,1234.1550769639316,302.6201140894594,17590.847919316813
2460414.13612931,2024.2823713328128,26275.104461885898,0.7103772,64.0338,310.7157,10.7292,1231.7330245438861,299.3312201873792,17587.96844927029
2460421.00441188,2024.3011756656535,26275.583643088088,0.7106478,63.9993,309.8394,10.7015,1224.7616334115519,291.6576603647555,17580.486183277953
2460421.98561733,2024.3038620597667,26275.775115430497,0.7106797,63.9928,309.7128,10.6991,1223.9788391288848,290.5615584839442,17579.694051895247
2460429.83548582,2024.325353828392,26276.817188316953,0.7109527,63.9511,308.7078,10.6866,1217.106760876607,281.8070217788671,17572.512341781763
2460430.81675646,2024.3280404009854,26276.844863743405,0.7109876,63.9469,308.5822,10.6843,1216.197698498153,280.71195564528927,17571.523209434556
2460432.28867634,2024.3320702979881,26276.882423367282,0.7110298,63.9336,308.392,10.6862,1215.099669256927,279.0728927243054,17570.32979282421
2460433.26995661,2024.3347568969477,26276.888010050494,0.711053,63.9289,308.2671,10.6858,1214.4916598400587,277.9804170988116,17569.66356606254
2460434.2512317,2024.3374434817254,26276.867296363034,0.7110827,63.9242,308.1417,10.6852,1213.7052517235088,276.88724657887724,17568.791989626872
2460442.10103771,2024.3589350792881,26275.60684646269,0.7113003,63.8804,307.1353,10.6803,1207.6235138917255,268.1389714562902,17561.663280647255
2460447.98813479,2024.3750530726631,26274.98827920365,0.711497,63.8511,306.3782,10.6609,1202.2766435150897,261.5599938412707,17555.56466335003
2460448.96930176,2024.3777393614241,26275.054534111383,0.711525,63.8459,306.2514,10.6576,1201.5600567277825,260.4628298872816,17554.79940962957
2460450.93163699,2024.3831119424779,26275.336401421926,0.7115904,63.8379,305.9986,10.6495,1199.9229613995385,258.2678007079627,17553.096664823166
2460451.91281343,2024.385798257167,26275.558377249556,0.7116254,63.8318,305.8717,10.6471,1199.0673368159905,257.17142741994047,17552.232773991815
2460453.875199,2024.3911709760434,26276.043337265866,0.7117008,63.8222,305.619,10.6408,1197.2259732990788,254.97824862434413,17550.37584588979
2460460.74401081,2024.409976757864,26277.063863165986,0.7119033,63.7762,304.7277,10.657,1192.1990846673716,247.33306716897772,17545.19795137494
2460462.21594078,2024.4140066824914,26277.156346239106,0.7119703,63.7739,304.5428,10.6395,1190.4651592603468,245.67989430307495,17543.320297457372
2460463.1972208,2024.4166932807666,26277.19493839408,0.7119955,63.7702,304.4178,10.6394,1189.8140896347177,244.58761892404692,17542.616524867408
2460465.15975982,2024.4220664197671,26277.156947897452,0.7120433,63.7604,304.1658,10.6385,1188.5471000986208,242.40038888380536,17541.207225315135
2460468.10355331,2024.4301260870911,26276.924710335574,0.712118,63.7463,303.7868,10.6329,1186.5173394608246,239.11430864719262,17538.889101429897
2460470.06608978,2024.4354992191104,26276.692391957513,0.7121829,63.7377,303.5342,10.6284,1184.7451018452757,236.92288112026142,17536.854392143443
2460473.0098691,2024.4435588476388,26276.200354634206,0.7122701,63.7247,303.1544,10.6188,1182.3122004188635,233.63201485004396,17534.000048238177
2460473.99110908,2024.4462453362905,26276.01764061285,0.7122944,63.7201,303.0273,10.6161,1181.6211209031044,232.53507893538074,17533.174115920894
2460475.95355112,2024.4516182097746,26275.733348724418,0.7123434,63.712,302.7731,10.6085,1180.2518176006815,230.3390444811933,17531.564689943134
2460479.87833998,2024.4623636960432,26275.777092048273,0.7124552,63.6947,302.263,10.5928,1177.3267687776033,225.9448694244299,17528.353887200883
2460481.84075399,2024.4677364927863,26276.1110598497,0.7125187,63.6846,302.0077,10.5868,1175.7542664299708,223.7493625969044,17526.735980327856
2460482.82198633,2024.4704229605209,26276.360468356364,0.7125489,63.6797,301.8803,10.5868,1175.032420625551,222.65483421252804,17526.026807766924
2460483.80323693,2024.4731094782483,26276.610398461813,0.7125757,63.6737,301.7522,10.5841,1174.400050150607,221.55688783063948,17525.416478844174
2460493.12567306,2024.498632917344,26277.988988391244,0.712804,63.6273,300.5381,10.5767,1168.7970255100117,211.14694975621632,17519.714114336286
2460494.10699583,2024.5013196326622,26278.010735787382,0.7128275,63.6219,300.4112,10.5677,1168.185738022903,210.04383224163024,17519.046769896227
2460496.06966356,2024.5066931240522,26278.020019274536,0.7128851,63.6155,300.1568,10.5599,1166.6747900320051,207.8471753412569,17517.381537035028
2460497.05100975,2024.5093799034908,26278.018557984346,0.7129155,63.6108,300.0292,10.5576,1165.8755187096558,206.7500347433333,17516.49832090575
2460503.92032672,2024.528187068364,26277.148524683766,0.7130915,63.5848,299.1337,10.5346,1161.000967494232,199.0609553889214,17510.809428455
2460504.90160584,2024.5308736641748,26276.949034014317,0.7131135,63.582,299.0053,10.5303,1160.3656390467495,197.96108089707815,17510.03770977042
2460505.88287435,2024.5335602309378,26276.802233303173,0.7131391,63.5804,298.8773,10.5247,1159.6508377673572,196.86031686236123,17509.19653634154
2460507.84538638,2024.5389332960435,26276.61323470413,0.7131944,63.5745,298.6203,10.5159,1158.143524747259,194.66021342436494,17507.464685911185
2460509.8078971,2024.544306357564,26276.62105586115,0.7132479,63.5707,298.3638,10.5035,1156.7399686724002,192.45701127698715,17505.916031140936
2460510.78916001,2024.5469929089936,26276.66703750636,0.7132759,63.5673,298.235,10.4987,1156.017407328678,191.35625276227915,17505.133337554664
2460511.77043617,2024.549679496701,26276.78693451799,0.7133031,63.5641,298.1062,10.4937,1155.3370560868116,190.2552811876365,17504.423060490873
2460513.7330267,2024.5550527767284,26277.150673462125,0.7133618,63.5563,297.8481,10.4871,1153.89887016997,188.05620037773087,17502.959934737875
2460514.71434007,2024.5577394663103,26277.384978889993,0.7133907,63.5527,297.7187,10.4868,1153.206614630174,186.9592921283329,17502.276256329464
2460515.69566325,2024.5604261827516,26277.643872692694,0.7134204,63.5486,297.5892,10.4853,1152.500369978724,185.86107420939635,17501.585626702134
2460518.63965876,2024.5684864031755,26278.271106328488,0.7135128,63.5378,297.2021,10.4742,1150.2520100929523,182.56119485685747,17499.317781733815
2460520.60234371,2024.5738599417116,26278.47964809876,0.7135764,63.5295,296.9434,10.4707,1148.64044333518,180.36452098384694,17497.607729221072
2460522.56506763,2024.5792335869398,26278.61168657714,0.71365,63.5221,296.6853,10.4657,1146.7441564513638,178.16690870164,17495.55561114391
2460524.03714258,2024.5832639085008,26278.72111816152,0.7137015,63.5168,296.4912,10.4658,1145.4221380479657,176.52199293972046,17494.13076944621
2460526.9813307,2024.5913246562634,26278.76349849199,0.7138185,63.5097,296.1056,10.4598,1142.3596561436843,173.2285237451656,17490.755680423164
2460534.83222581,2024.6128192356189,26277.88919162866,0.7140755,63.4978,295.0735,10.4324,1135.3560281718292,164.43097517719605,17482.694670314395
2460535.81353836,2024.6155059229568,26277.635792909226,0.7141127,63.499,294.9448,10.4269,1134.306047218177,163.32956773558027,17481.443096891413
2460536.79484804,2024.6181926024374,26277.453999423156,0.7141495,63.499,294.8156,10.4223,1133.287064462109,162.22856312258585,17480.25071737183
2460537.77615803,2024.6208792827656,26277.341658637426,0.7141848,63.5,294.6868,10.4163,1132.3273616317883,161.12655820437584,17479.148125527456
2460539.73876309,2024.6262526025741,26277.12136416316,0.7142629,63.4967,294.4274,10.4114,1130.2121549440235,158.92786307329197,17476.72716222155
2460542.68266654,2024.6343125709518,26277.210667531297,0.7143787,63.4923,294.0367,10.3996,1127.1947712341562,155.62377445735245,17473.41335205621
2460544.64525654,2024.6396858495273,26277.44789671765,0.7144663,63.4876,293.7755,10.3942,1124.960624507009,153.42279417021166,17471.018639051654
2460545.62655298,2024.642372492758,26277.623329425627,0.7145042,63.4861,293.6437,10.3989,1124.0147945330318,152.32850260705465,17470.0307688749
2460547.58917217,2024.6477458512527,26278.035663688097,0.7146004,63.4806,293.3817,10.3972,1121.6045672023165,150.13039354904572,17467.50082568097
2460554.45877111,2024.6665537881179,26278.977723791435,0.7149889,63.4665,292.4702,10.3819,1111.6640479332918,142.43273627757287,17456.795202129982
2460555.44016298,2024.6692406926215,26278.860552671402,0.7150456,63.4679,292.3414,10.3784,1110.1406414701487,141.33315065626556,17455.062563226216
2460555.93085828,2024.6705841431349,26278.857543892416,0.7150708,63.4674,292.2765,10.3772,1109.477556895231,140.78340847141516,17454.32501664678
2460556.91224565,2024.6732710353178,26278.867687779293,0.7151184,63.4668,292.1463,10.3736,1108.2295730828646,139.68232728557518,17452.94225089481
2460559.36568421,2024.6799881840107,26278.791093078933,0.7152377,63.4649,291.8213,10.3707,1105.0726928846716,136.93625375620013,17449.408104487735
2460566.7258158,2024.700139126078,26277.91300179517,0.7155924,63.4587,290.8451,10.3668,1095.5018698493586,128.70181461189327,17438.462475779506
2460567.70713976,2024.7028258446537,26277.566685227765,0.7156454,63.4581,290.7136,10.366,1094.0106637512672,127.60229592464287,17436.683440917583
2460569.669756,2024.7081991950718,26277.243844914305,0.7157535,63.4574,290.4514,10.3638,1091.078292563433,125.40348977419762,17433.30877004766
2460574.57608398,2024.721631988994,26277.081826821905,0.7160412,63.4467,289.792,10.3627,1083.472323046155,119.90718396218375,17424.78561852131
2460576.53862964,2024.7270051461735,26277.378962177576,0.7161794,63.4426,289.528,10.3618,1079.925163472616,117.70794737751851,17420.937761169556
2460577.51992836,2024.7296917956464,26277.585595244702,0.7162551,63.4435,289.3964,10.356,1077.9945969641476,116.6033535672529,17418.858486408764
2460580.95461074,2024.739095443504,26278.31537597914,0.7165071,63.445,288.9403,10.3606,1071.5795330509172,112.76654033856335,17411.961034221207
2460582.42664433,2024.7431256518273,26278.46314340558,0.7166049,63.445,288.7453,10.3507,1069.0513903717392,111.11076534218091,17409.19298490105
2460583.40800485,2024.7458124705001,26278.54214266662,0.7166682,63.4432,288.6138,10.3522,1067.4103466575916,110.01351061997741,17407.389956602183
2460587.33343819,2024.75655972126,26278.749572279357,0.7169199,63.4388,288.0872,10.3589,1060.8547567957958,105.62460034645017,17400.146721888814
2460588.31480303,2024.7592465517587,26278.865882510574,0.7169804,63.4377,287.9562,10.3594,1059.2978105217908,104.52684136685832,17398.448939626924
2460597.63766513,2024.7847711570985,26277.82034015101,0.7175379,63.4281,286.7088,10.3769,1044.3520167017705,94.10808344456962,17381.38939741908
2460599.60024734,2024.7901444143458,26277.37337523341,0.7176686,63.4279,286.4438,10.3801,1040.7913133523734,91.91191083550501,17377.253158773114
2460602.54401964,2024.798204023655,26276.901933796955,0.7178663,63.4279,286.0483,10.3823,1035.4632671192912,88.61715148423201,17371.129581128524
2460604.50653104,2024.8035770870367,26276.859904766596,0.718022,63.4234,285.7826,10.3831,1031.3601022262737,86.41794866676037,17366.5225166086
2460607.45036133,2024.8116368551132,26277.089820228903,0.7182547,63.4188,285.386,10.3848,1025.3102545273377,83.12153215928242,17359.82694777408
2460608.92234274,2024.815666920575,26277.79197450488,0.718365,63.415,285.1857,10.3855,1022.6096427396806,81.47110859302086,17357.043521637843
2460609.41295885,2024.8170101542783,26277.47015871682,0.7183922,63.4159,285.1185,10.3842,1021.8042609618933,80.9190444598089,17356.0300335766
2460610.39427501,2024.8196968514992,26277.72690572099,0.7184823,63.4098,284.987,10.3836,1019.5089397266893,79.81973346027536,17353.5461184329
2460613.33824062,2024.8277569900622,26278.272911495063,0.7186872,63.4017,284.5876,10.3918,1014.2782318968293,76.52688357761309,17347.869780292713
2460617.26360175,2024.8385040431215,26278.55417742662,0.7189627,63.3927,284.0574,10.404,1007.1176139276995,72.13994447625356,17339.93319092509
2460618.24495873,2024.8411908521011,26278.580482021447,0.7190293,63.3904,283.925,10.4072,1005.3748530399034,71.04349324358299,17337.986154316255
2460619.22632241,2024.8438776794255,26278.59139930725,0.7190919,63.3889,283.7923,10.4102,1003.7328806557407,69.94653540682214,17336.14662628116
2460619.71700631,2024.8452210987266,26278.591227381406,0.7191199,63.3877,283.726,10.4116,1002.9970318060114,69.39800445842593,17335.32039920039
2460621.67974916,2024.850594795784,26278.55305991261,0.7192316,63.3834,283.46,10.417,1000.0509969467685,67.20287351779325,17331.99900839849
2460628.54909528,2024.8694020404655,26277.63544908879,0.7196571,63.3677,282.5291,10.4399,988.6122269403522,59.52426543244201,17318.828937884617
2460630.51165633,2024.8747752397808,26277.162190921626,0.7197791,63.3619,282.2614,10.444,985.27373858603,57.32631367888388,17314.911843505437
2460632.47420073,2024.880148393512,26276.805929080463,0.7199284,63.3578,281.9933,10.4442,981.2507794470512,55.12407833572615,17310.26363505924
2460636.39925784,2024.8908946142099,26276.54946241026,0.7202361,63.345,281.4561,10.4461,973.093656146797,50.72013888448009,17300.993304685515
2460636.88988792,2024.8922378861605,26276.578254435728,0.7202736,63.3444,281.3895,10.4454,972.1163394315909,50.16926098222956,17299.902546459823
2460638.36177046,2024.8962676809306,26276.72505201862,0.7203694,63.3394,281.1872,10.4468,969.6400923309966,48.517634864971114,17297.163720912165
2460639.34303042,2024.898954224285,26276.896261157282,0.7204351,63.3359,281.0522,10.4483,967.9615755608093,47.41697925736656,17295.331411867035
2460641.3055754,2024.9043273796033,26277.337361003058,0.7205666,63.3298,280.7823,10.4523,964.6294217321129,45.21674334279328,17291.727668573083
2460644.24948657,2024.9123873691165,26277.929247752007,0.720759,63.3188,280.3778,10.4612,959.7389410715168,41.919547118081084,17286.417075038647
2460649.64690383,2024.9271646922111,26278.22511766555,0.7210677,63.2977,279.6368,10.4791,951.7094719882234,35.87661080399562,17277.45986507547
2460651.11893264,2024.9311948874474,26278.17130688737,0.7211522,63.293,279.4346,10.4841,949.4739569486674,34.22854051892119,17274.918052961904
2460651.60960608,2024.9325382781115,26278.15918660633,0.7211783,63.2913,279.3671,10.4858,948.784717280193,33.67911987986383,17274.135794908652
2460652.59094158,2024.935225028282,26278.08036214088,0.721234,63.2874,279.2321,10.4894,947.2990502325638,32.58048981846912,17272.431390536432
2460661.42253491,2024.9594046130323,26276.110114480678,0.7217986,63.2534,278.011,10.5139,931.9143204026859,22.679239308390265,17254.372333782725
2460661.91315704,2024.9607478632163,26275.956793939156,0.7218347,63.251,277.9425,10.515,930.9231043731224,22.128269242100487,17253.19892312592
2460662.89437905,2024.9634343026694,26275.605041753937,0.7218933,63.2469,277.806,10.5165,929.2855086655509,21.026151039009846,17251.22642787739
2460664.36618281,2024.9674638817526,26275.291628700827,0.7219826,63.2416,277.6012,10.518,926.8519628531685,19.37220256904118,17248.366262444728
2460665.34736032,2024.97015019937,26275.082204896873,0.722043,63.2379,277.4641,10.5193,925.2067244265199,18.26932822677088,17246.433083586955
2460666.81910462,2024.97417961566,26274.879573936898,0.7221308,63.232,277.2579,10.5211,922.8434673061874,16.614338362425315,17243.689272834963
2460667.30968144,2024.9755227417927,26274.885073622994,0.7221605,63.2309,277.1896,10.5215,922.0646314128762,16.06291295464098,17242.80958818676
2460671.23431845,2024.9862678123206,26275.19787300637,0.7224006,63.215,276.6401,10.5286,915.8428644278456,11.65228756459129,17235.87149263723
2460672.21550461,2024.9889541536209,26275.38718990267,0.7224617,63.2085,276.5022,10.5323,914.289992527365,10.551004696530356,17234.177107819283
2460673.68731214,2024.9929837430257,26275.671644306,0.7225485,63.2,276.2952,10.5377,912.0882112201652,8.89875251075739,17231.779639926477
2460675.15915506,2024.9970134293226,26275.948715452476,0.7226328,63.1937,276.089,10.5438,909.9500225486508,7.247965443872658,17229.451125376752
2460676.14039559,2024.99969991948,26276.087081879887,0.7226884,63.1894,275.9512,10.5482,908.5274504154422,6.147428987166961,17227.885921178833
2460679.0841259,2025.0077594138265,26276.259311952963,0.7228608,63.1758,275.5374,10.563,904.0451847071954,2.8470110224158702,17222.862657941518
2460680.06536809,2025.010445908528,26276.36871904903,0.7229158,63.1722,275.3998,10.5677,902.6303054227255,1.746972929947617,17221.29528851674
2460681.53721198,2025.0144755974818,26276.36313264183,0.7230026,63.1637,275.1925,10.5761,900.3479691976399,0.09738490657457533,17218.704368661794
2460682.02782577,2025.0158188248322,26276.361585637285,0.7230312,63.1612,275.1236,10.5785,899.5960367400567,359.54732306040165,17217.8507392479
2460683.49966173,2025.0198484920743,26276.280626050466,0.7231225,63.1539,274.9164,10.5865,897.1745890392876,357.8974428532552,17215.075448843403
2460684.48089127,2025.0225349521427,26276.22115295088,0.7231829,63.1489,274.7782,10.5909,895.5710385185193,356.7965172286532,17213.235209463946
2460687.91522107,2025.0319376346883,26275.86079785526,0.7234334,63.1325,274.2938,10.6084,888.8891829361164,352.9446515121758,17205.525611251644
2460688.89646451,2025.034624132813,26275.84266440519,0.723507,63.1279,274.1551,10.6139,886.9502658093843,351.8443121873786,17203.316967291008
2460690.85888198,2025.0399969390285,26275.29841764243,0.7236449,63.1193,273.8775,10.6238,883.1764217374139,349.6424019497209,17198.843595907965
2460693.31179186,2025.0467126402739,26274.795790012384,0.7237665,63.1123,273.5305,10.6291,879.842502860386,346.8830495014054,17194.882998069355
2460693.80234774,2025.0480557090764,26274.515569862153,0.7237929,63.1106,273.4607,10.6319,879.0714494564736,346.33254473249326,17193.911028111357
2460695.27404273,2025.0520849903633,26274.329362075878,0.7238719,63.1064,273.2515,10.6365,876.9443455242235,344.677403469189,17191.42907097706
2460696.25516028,2025.0547711438194,26274.221780677646,0.7239291,63.1023,273.1121,10.6389,875.4117537912807,343.5733882250149,17189.649539865743
2460696.2551604,2025.0547711441484,26274.223327367265,0.7239283,63.1025,273.1119,10.6396,875.4332001659377,343.57388810660234,17189.674457640176
2460700.67021253,2025.0668588980973,26274.24730108542,0.7241993,63.0779,272.4802,10.6603,868.3194976124696,338.6112966849474,17181.58908324401
2460701.16078254,2025.0682020055858,26274.609835052383,0.724207,63.0803,272.4115,10.6598,868.2171702386004,338.05857798911023,17181.595889026084
2460706.06664309,2025.0816335197535,26275.48644728674,0.7244924,63.0481,271.7048,10.6915,860.9599099244952,332.5482328887207,17173.630648230665
2460707.04783407,2025.0843198742502,26275.655573716096,0.7245509,63.0426,271.5638,10.699,859.469379690082,331.44764526988143,17171.990190358123
2460710.9726138,2025.0950653355233,26275.984381158578,0.7247889,63.0229,271.0012,10.7258,853.3062651214723,327.04347921164583,17165.078426906854
2460712.9350318,2025.1004381431899,26275.970974276544,0.7249207,63.0071,270.7191,10.7423,849.8394024243107,324.84366845168176,17161.1211016539
2460713.91624987,2025.1031245718546,26275.93410543913,0.72498,63.0026,270.5785,10.7486,848.2710976778708,323.7422541323809,17159.32001263013
2460714.8974744,2025.1058110182062,26275.904026063843,0.7250474,62.9971,270.4377,10.756,846.4918293167211,322.6417334458149,17157.28028998312
2460715.3880851,2025.1071542370976,26275.862860429763,0.7250801,62.9944,270.3674,10.7599,845.6212900030641,322.0917746448939,17156.27321156302
2460721.27524474,2025.1232724017518,26275.029183610968,0.7254231,62.9642,269.5196,10.8068,836.3797606454309,315.48833536936047,17145.4424146028
2460722.2563875,2025.1259586242302,26274.796821195087,0.7254791,62.9594,269.3765,10.813,834.8445706716129,314.38439527711813,17143.61047973031
2460725.19976271,2025.1340171463653,26274.18758170985,0.7256173,62.9473,268.951,10.8333,831.0462289760189,311.0781273085147,17139.065215193623
2460726.18087059,2025.1367032733465,26274.00730858839,0.7256624,62.9432,268.8089,10.8395,829.8118074205968,309.9752215952703,17137.59372384941
2460727.16197493,2025.139389390637,26273.87549978836,0.7257069,62.939,268.6668,10.8455,828.6064598509975,308.8721193706421,17136.171710849077
2460730.10528259,2025.1474477278298,26273.793528265345,0.7258501,62.929,268.24,10.8622,824.82156839459,305.5610179813145,17131.81783192638
2460732.55806389,2025.1541630770428,26274.300232499103,0.7259767,62.9161,267.8836,10.8804,821.6341549001709,302.80529226462284,17128.34486957389
2460733.04861247,2025.1555061258584,26274.289663380587,0.7260067,62.9147,267.8112,10.883,820.8430300255359,302.25199469095065,17127.43651998885
2460735.01084547,2025.160878427022,26274.69739846147,0.7261125,62.9005,267.5258,10.9003,818.1748837211144,300.0498662720905,17124.5225324279
2460736.9731103,2025.166250815332,26275.07154905781,0.7262497,62.8934,267.2413,10.9164,814.6724190760406,297.84740648047074,17120.641483463078
2460738.93542799,2025.1716233483637,26275.37223692346,0.7263768,62.8786,266.9534,10.9374,811.4151326581541,295.64639458909994,17117.014758771227
2460741.87899329,2025.1796823909378,26275.567572632743,0.7265657,62.8609,266.5246,10.9659,806.5051263255336,292.3448392624142,17111.458204712788
2460742.86019303,2025.1823687694182,26275.57951804908,0.7266224,62.8542,266.3817,10.9757,805.0185672534135,291.2446430094689,17109.759374260197
2460743.84139054,2025.185055141793,26275.56465073441,0.7266763,62.8461,266.2383,10.9859,803.5982499279353,290.144348954523,17108.12711957387
2460745.31317941,2025.1890846801098,26275.539900569354,0.7267631,62.8342,266.0216,11.0018,801.3107682578784,288.49291516051375,17105.497535805513
2460745.80377084,2025.1904278462428,26275.515494213665,0.7267922,62.8301,265.9493,11.0064,800.5394820400279,287.94167535260704,17104.605336603596
2460753.16245535,2025.2105748264207,26274.575205171393,0.7271327,62.8014,264.8785,11.0746,791.3360948820646,279.6861624885489,17093.734753943583
2460755.12470709,2025.2159471788918,26274.127776747195,0.7272074,62.7906,264.5916,11.0901,789.251328951088,277.480715598981,17091.191904288087
2460756.10581893,2025.2186333167149,26273.9209538749,0.7272293,62.7836,264.4478,11.1027,788.6195103331247,276.38250598267285,17090.397131265123
2460761.01123482,2025.23206361347,26273.540400113507,0.7274403,62.7609,263.7264,11.1451,782.9719893928159,270.86859915082897,17083.786509847265
2460763.95443058,2025.2401216442988,26273.904026715725,0.7275913,62.7425,263.2916,11.1722,779.1037398423941,267.5600080524314,17079.466986694857
2460765.91662024,2025.2454938268038,26274.373958840984,0.7277028,62.7294,263.0017,11.1912,776.3021607453156,265.35512235064016,17076.40704421397
2460767.87888869,2025.2508662250236,26274.806187775946,0.7278401,62.7169,262.7122,11.2087,772.8123245844827,263.14905899146373,17072.542350935866
2460768.86005215,2025.2535525041758,26274.997903755753,0.7279171,62.709,262.5673,11.2192,770.8413271477866,262.0475984967159,17070.341308711068
2460770.82239728,2025.258925112334,26275.178709479744,0.7280368,62.6975,262.2787,11.24,767.7453824019804,259.8456595597358,17066.842517712135
2460773.76591142,2025.2669840148387,26275.311651794364,0.7281763,62.6817,261.846,11.27,764.1161318438553,256.54175465802837,17062.712937603286
2460774.74707685,2025.2696702993837,26275.34078417455,0.7282256,62.6761,261.7023,11.2747,762.8286764145669,255.43569222184772,17061.24154249455
2460778.18116154,2025.2790723108558,26275.355737109014,0.7283832,62.6564,261.1952,11.3067,758.6917441751912,251.57586809189957,17056.485751678807
2460781.12468579,2025.2871312410402,26275.157311681887,0.7284842,62.6446,260.7638,11.3347,755.9840576071565,248.27125322553724,17053.301868217437
2460783.08702655,2025.2925038372348,26274.852848940733,0.7285609,62.6388,260.4762,11.3551,753.8861099489095,246.0699185955147,17050.78368962322
2460785.04934001,2025.2978763586862,26274.529748255158,0.7286308,62.6314,260.1866,11.3731,751.9618181602027,243.86421087294934,17048.458785266703
2460786.03047605,2025.3005625627652,26274.366483069472,0.7286545,62.6277,260.0419,11.3813,751.2948105317282,242.76067740453328,17047.635581382827
2460793.87921119,2025.3220512284468,26274.10053810545,0.7290329,62.5861,258.8742,11.4503,741.2805279188733,233.92605775918975,17036.004841194965
2460794.86033644,2025.3247374029847,26274.352133040196,0.7290986,62.5805,258.7281,11.4593,739.622476933574,232.82193492552068,17034.17732313594
2460796.82263723,2025.3301098897473,26274.86144217968,0.7292136,62.5691,258.4348,11.4863,736.738840426643,230.6215396910161,17031.02220192579
2460800.74736456,2025.3408552075568,26275.640362538667,0.7294232,62.5503,257.8516,11.5249,731.4423872465504,226.2086252795322,17025.171740871516
2460801.72855935,2025.343541572485,26275.775974829485,0.7294715,62.5468,257.7061,11.5341,730.2099608066565,225.1052339054184,17023.79457198578
2460804.67217492,2025.3516007526896,26276.045142049876,0.7296037,62.5366,257.2702,11.5619,726.8090850432618,221.79582903175867,17019.958044028885
2460807.12523451,2025.3583168638188,26276.12524039522,0.7297188,62.5224,256.905,11.5731,723.8063613243085,219.02402902523107,17016.516638273995
2460809.08771041,2025.3636898300065,26276.132803360655,0.7297815,62.5139,256.6134,11.593,722.160891924912,216.81806119764497,17014.61813048256
2460813.9938646,2025.377122148118,26275.687457102944,0.7299667,62.5008,255.8839,11.6429,717.174293810117,211.3028266775404,17008.705781703746
2460814.97506307,2025.3798085231217,26275.54557247703,0.7300056,62.4983,255.7377,11.6523,716.1138615135906,210.1989316762016,17007.432307797946
2460816.93740631,2025.3851811261052,26275.126804856656,0.7300855,62.4918,255.4441,11.671,713.90141396948,207.98989460217217,17004.73385030676
2460817.91855716,2025.3878673707325,26274.91523601511,0.7301287,62.4887,255.297,11.6793,712.7092321332048,206.88404653627884,17003.284281876582
2460819.8808379,2025.3932398026013,26274.585430856394,0.7302288,62.4823,255.0024,11.6959,709.9901411846458,204.67197106355889,17000.028733223025
2460820.86197874,2025.395926019822,26274.512648256277,0.7302874,62.4796,254.855,11.7033,708.430820094085,203.5649328641005,16998.200361229858
2460823.80542933,2025.403984748337,26274.59591434209,0.7304856,62.4698,254.4119,11.7256,703.2456530963609,200.2429905986748,16992.22737242274
2460825.76775256,2025.4093572965362,26274.876136634542,0.7306123,62.4621,254.1162,11.7421,699.9921502328652,198.02967324696158,16988.554170109357
2460826.74892071,2025.412043588528,26275.085298529597,0.7306691,62.4584,253.9681,11.7507,698.5560710297459,196.92310812994708,16986.96101281722
2460828.7112804,2025.41741623655,26275.594729138455,0.7307738,62.452,253.6719,11.7704,695.9422216659741,194.71245484195543,16984.103634515028
2460830.67368495,2025.422789007392,26276.054595685477,0.7308736,62.4468,253.3761,11.7905,693.4436795402871,192.50255733882432,16981.362401289574
2460831.65490687,2025.4254754465978,26276.221754555696,0.7309228,62.4441,253.2284,11.8004,692.1958762949344,191.39763922477317,16979.97218871446
2460832.63614284,2025.4281619242715,26276.344482657754,0.730972,62.4411,253.0806,11.8095,690.9361034804515,190.29180726228282,16978.55304795858
2460834.59864521,2025.433534962929,26276.504168846248,0.7310569,62.4358,252.7856,11.8294,688.7481883324326,188.08241334557738,16976.0700054038
2460837.05181469,2025.440251374922,26276.612031449724,0.7311528,62.4298,252.4168,11.8521,686.2572701415693,185.31840502810968,16973.2176553915
2460838.03308882,2025.4429379570706,26276.64426152611,0.7311886,62.4279,252.2693,11.8611,685.3252312428012,184.21273545456643,16972.147466013263
2460839.99563227,2025.4483111081995,26276.65870063239,0.7312637,62.4259,251.9745,11.8804,683.3557355707571,182.00290104816276,16969.867767283267
2460848.82667722,2025.4724891915673,26275.393377348566,0.7316983,62.4163,250.6399,11.9638,671.5964113113614,172.0475910357876,16955.79559555096
2460851.77024171,2025.480548231923,26274.926149494553,0.7318942,62.4135,250.1926,11.9882,666.3237952511554,168.72343650770551,16949.51425887858
2460855.69485892,2025.4912932482405,26274.918587397355,0.7321307,62.4081,249.5934,12.0214,660.1077495631171,164.2892306334349,16942.285999429907
2460858.6383541,2025.499352098836,26275.56731481815,0.7322925,62.4091,249.1446,12.0541,656.0301369316794,160.97194441906782,16937.759675032128
2460859.61955362,2025.5020384767145,26275.83123433188,0.7323445,62.4048,248.9919,12.0696,654.7344469407171,159.86764838275684,16936.34019813558
2460868.9415121,2025.5275606080766,26276.88947118352,0.7328037,62.3983,247.572,12.1778,642.9513422091941,149.36798109246996,16922.9745335376
2460869.92277079,2025.5302471479529,26276.88869764248,0.7328521,62.403,247.4249,12.1808,641.6793341089233,148.25672673693037,16921.492368915537
2460870.41339804,2025.531590412156,26276.894714074268,0.7328806,62.3967,247.3482,12.2105,640.93204988669,147.7261516238272,16920.623682934423
2460870.90402285,2025.5329336696786,26276.857841996432,0.7329071,62.3982,247.274,12.2133,640.2258639065676,147.1711789157173,16919.78855204309
2460876.79150602,2025.549052720109,26276.22080917672,0.733294,62.4138,246.3797,12.2439,629.8894471322865,140.50462076068754,16907.525723229708
2460877.77274254,2025.5517391992885,26275.927745792604,0.733368,62.4142,246.2263,12.2526,627.8668667161728,139.3927882561565,16905.06877085799
2460879.73515975,2025.5571120047914,26275.444337979017,0.7334938,62.4125,245.927,12.2756,624.4325238263045,137.18227827506,16900.90053814506
2460881.69749708,2025.562484591595,26275.019902765092,0.7336198,62.4186,245.6254,12.3057,621.0087567025448,134.97664702579482,16896.762913610106
2460882.67863856,2025.5651708105688,26274.82913163772,0.7336911,62.4205,245.4752,12.3181,619.084543734396,133.87180819525628,16894.452778092087
2460887.5842899,2025.5786017519508,26274.833943839796,0.7340055,62.418,244.7178,12.368,610.8250174746954,128.32916929771562,16884.805131933343
2460888.56544119,2025.5812879977818,26274.890831109962,0.7340402,62.4365,244.5725,12.3866,609.9284104638382,127.23542079855537,16883.77603761973
2460890.52779164,2025.5866606205059,26275.34009668382,0.7341557,62.4454,244.2725,12.4041,607.0130952648433,125.01877661786716,16880.516887745955
2460896.90567721,2025.6041223195348,26276.211699165473,0.7345515,62.4567,243.2916,12.4842,596.8446812259253,117.8317649674851,16868.910082565388
2460899.84929306,2025.612181500507,26276.189096058464,0.7347738,62.4586,242.8409,12.5217,590.9974844290209,114.51725981752642,16862.056383100622
2460900.83050206,2025.6148679043388,26276.12850622054,0.7348589,62.4573,242.6879,12.5338,588.7453158806711,113.40925443800364,16859.39825765675
2460902.302325,2025.6188975359344,26276.052876842004,0.7349851,62.4544,242.46,12.5532,585.4092255509977,111.75008706360191,16855.464386089316
2460902.79293513,2025.6202407532653,26276.021336114263,0.735029,62.4552,242.3847,12.5595,584.2473494515316,111.19752882445766,16854.092282641497
2460910.6423151,2025.641731184394,26274.262768029384,0.7356455,62.4705,241.1768,12.6621,567.5832969110252,102.35567361812289,16833.96372986707
2460912.60448232,2025.6471033054625,26273.673837242255,0.7357835,62.4752,240.8736,12.6855,563.8018434177175,100.14191003354205,16829.32894207915
2460924.37692679,2025.6793345018207,26272.742648116375,0.7365795,62.4619,238.9966,12.8526,542.6427047381376,86.82877934456826,16804.144440568816
2460926.33894604,2025.684706217768,26272.591868194562,0.7367541,62.4647,238.687,12.8768,538.0157916755597,84.60956160349463,16798.647559220455
2460927.31995534,2025.6873920748533,26272.561540642553,0.7368071,62.4968,238.593,12.8835,536.61536231018,83.55535305285889,16796.988349400202
2460932.71552887,2025.7021643500889,26271.965832478283,0.737308,62.4915,237.7522,12.9554,523.2989484653863,77.46843396796638,16781.098248455088
2460933.6965166,2025.7048501481177,26271.68422736521,0.7374045,62.4935,237.6006,12.9692,520.6897555270807,76.3637466776479,16777.92805418735
2460939.58198738,2025.7209636889256,26269.603693236644,0.7378341,62.4987,236.6854,13.0506,508.85799488070734,69.7290719868098,16763.278460036254
2460943.50514219,2025.73170470141,26266.975289741724,0.7380766,62.5029,236.0735,13.099,501.79917560513786,65.2988074923754,16754.0756674305
2460949.38884081,2025.7478133903078,26263.454005541833,0.7384654,62.5045,235.1466,13.1569,490.66563795777984,58.630679489188,16739.75512222582
2460950.36931982,2025.7504977955368,26262.751091978065,0.7385072,62.5044,234.9921,13.1728,489.38401874440115,57.525693606725554,16738.008230699154
2460953.80079666,2025.759892667105,26261.492334151666,0.7387878,62.4982,234.4518,13.2242,481.6858878868916,53.65463984217473,16728.483337681166
2460954.78118971,2025.762576836988,26261.266450032526,0.7388483,62.4706,234.2816,13.3084,480.038077578959,52.6023386842879,16726.45789953348
2460957.23212471,2025.7692871313072,26260.302892547297,0.739091,62.4992,233.9168,13.2714,473.41306739162155,49.78483272937541,16718.293344198166
2460958.70262471,2025.7733131408893,26259.519273452952,0.7392093,62.4988,233.684,13.2918,470.1021129872879,48.12306927985975,16714.112216486923
2460959.1927772,2025.7746551052708,26259.218524092696,0.7392671,62.4932,233.6084,13.2968,468.50589752040923,47.569362102535536,16712.12127268647
2460959.68292329,2025.7759970521286,26259.022548259076,0.7393178,62.4951,233.5309,13.3067,467.1234677297816,47.01866123372855,16710.417854673586
2460960.17305722,2025.7773389656945,26258.643563335492,0.7393303,62.4949,233.4528,13.3114,466.6964400615934,46.46217234995348,16709.787428151747
2460961.64339554,2025.781364532621,26257.67012296492,0.73944,62.4969,233.2206,13.3326,463.5622272397395,44.80196825642241,16705.751449046857
2460963.11363234,2025.7853898216017,26256.73666243322,0.7395557,62.4953,232.989,13.3533,460.2811003317556,43.141964223424765,16701.553177945967
2460964.09373955,2025.7880732088984,26255.992767263033,0.7396256,62.4956,232.8352,13.3665,458.25206318045184,42.035344796623036,16698.90191981425
2460965.07381254,2025.7907565025055,26255.29635688962,0.7396985,62.4965,232.6812,13.38,456.1567246429022,40.928859098001226,16696.18705813611
2460966.05384068,2025.7934396733199,26254.433349012663,0.7397652,62.4962,232.5268,13.3931,454.18091169364016,39.821617604881936,16693.559207726
2460975.85096164,2025.8202627286516,26243.47018190146,0.7402907,62.4975,230.9729,13.5091,437.5369705125013,28.727417685411666,16670.20198404004
2460975.85096165,2025.8202627286785,26243.47018190146,0.7402907,62.4975,230.9729,13.5091,437.5369705125013,28.72741767577284,16670.20198404004
2461151.46005008,2026.3010542096645,23265.67642707289,0.7181332,62.1055,200.3446,16.3535,179.68546433446772,187.8585845207694,15373.517904919674
2461200.01147503,2026.43398076668,11345.463505230846,0.4249922,61.9611,181.6952,18.4305,145.59371012307747,123.43262399520376,10124.784754802286
