jd,year,a_km,e,i_deg,raan_deg,argp_deg,hp_km,azimuth_deg,lambda
2455832.22957884,2011.7377948770434,12389.616634019498,0.4699481,63.3939,320.6061,210.8426,189.00353713363984,345.38254426439664,10743.026984559152
2455832.3883972,2011.7382296980152,12384.182083164864,0.4700177,63.4178,320.4473,210.9185,185.26100405450597,345.143108714547,10737.799453026124
2455832.86464577,2011.7395335955368,12383.552898070397,0.4699782,63.4234,320.1073,210.9203,185.41669743048806,344.33550560674905,10737.546321708875
2455833.34081498,2011.7408372757843,12382.759565162565,0.4700091,63.4229,319.7664,210.9268,184.61358642411687,343.53178071765547,10736.629710078196
2455833.81693992,2011.742140834826,12381.452999684825,0.4698931,63.43,319.4087,210.9224,185.35736715862367,342.7003994626499,10736.35530219506
2455836.03795007,2011.7482216292133,12376.463835321661,0.4696892,63.4292,317.8078,210.9208,185.23613768049927,338.9088134832597,10733.536768261132
2455836.98940801,2011.7508265790832,12374.285464802171,0.4696016,63.429,317.1222,210.9206,185.1649116743274,337.28523153003596,10732.29495899669
2455838.73308621,2011.7556005098158,12370.32517008227,0.4694361,63.4284,315.864,210.9203,185.11166650701216,334.3081164663233,10730.08246611717
2455840.00068595,2011.7590710087607,12367.380574651246,0.4693021,63.4268,314.9482,210.9236,185.2065994682098,332.14623684618357,10728.517334693206
2455840.95104313,2011.7616729449142,12364.959524763399,0.4692808,63.4086,314.2372,210.9369,184.18512701481177,330.5118398309012,10726.57425788903
2455842.05953776,2011.7647078378097,12362.531647352682,0.4690974,63.4276,313.459,210.9259,185.1638941618221,328.630078388519,10725.820540952833
2455843.48419338,2011.7686083323204,12359.194886220195,0.4689557,63.425,312.4284,210.9294,185.1436969163833,326.19880036469135,10723.969761311455
2455844.59182197,2011.771640854127,12356.558082835627,0.4688479,63.4236,311.6264,210.9341,185.07547447011711,324.30979251421513,10722.475798979061
2455846.64794532,2011.777270213059,12351.667359666928,0.4686378,63.4226,310.1365,210.9361,185.0728419008101,320.7953232987916,10719.778012887868
2455847.59652016,2011.7798672694314,12349.41591312893,0.4685306,63.4205,309.4492,210.9391,185.2003657010846,319.17608300465645,10718.61245604313
2455849.49288258,2011.7850592267762,12344.836261787927,0.4684168,63.4189,308.074,210.9313,184.17126351726438,315.92397836054465,10715.473988210217
2455850.59861402,2011.788086554469,12342.207303882133,0.4683205,63.4188,307.2709,210.9331,183.96230822440157,314.03284039115465,10713.89946599069
2455851.70400923,2011.7911129616148,12339.604397302926,0.4682253,63.4182,306.4671,210.937,183.75312649444368,312.1434338186948,10712.33900169731
2455853.5981538,2011.7962988468166,12335.142085231217,0.4680474,63.4179,305.0883,210.9388,183.5746036081673,308.8995151460156,10709.77050068487
2455854.86033603,2011.799754513429,12332.104680075145,0.467921,63.4165,304.1696,210.942,183.5176260697026,306.7399751656001,10708.060191629585
2455855.96435244,2011.8027771456266,12329.456220478867,0.4678387,63.4174,303.3633,210.9467,183.12315058312106,304.85022757444995,10706.363706174612
2455857.69850016,2011.8075249833269,12325.257577054545,0.4675976,63.413,302.1026,210.9524,183.8604146420248,301.8860060023378,10704.483495105776
2455858.95912587,2011.8109763884186,12322.104396875387,0.4675035,63.4146,301.1803,210.9541,183.34116397075377,299.7229001692905,10702.433622625245
2455863.83918684,2011.8243372671875,12309.586264251404,0.4671493,63.4137,297.6062,210.9747,181.0353576167454,291.3594838125092,10694.148941517811
2455865.88372638,2011.8299349113754,12305.12772697625,0.4669568,63.4117,296.1102,210.9838,181.02835999614763,287.85743190488665,10691.680517001025
2455867.76995451,2011.8350991225464,12300.711870879602,0.4668442,63.4135,294.7292,210.9835,180.05957808831226,284.61701588333466,10688.66487432301
2455869.49800362,2011.8398302631626,12295.806158625495,0.4665514,63.4054,293.4608,210.992,181.04428119014847,281.6539052614162,10686.535500871725
2455871.8527608,2011.8462772369614,12289.756774012905,0.4663963,63.4035,291.7321,211.0067,179.72338671335,277.61899469388743,10682.406735969831
2455872.79421964,2011.8488548107873,12287.407701511322,0.4663111,63.4027,291.0409,211.0075,179.51680007110554,276.00066811654995,10680.984696089066
2455874.51952695,2011.853578444764,12283.039860474495,0.4661363,63.4015,289.7716,211.013,179.33280716039644,273.03635988492806,10678.458618097558
2455875.46021314,2011.85615390319,12280.639875054745,0.4660353,63.4007,289.0799,211.0141,179.29188669164523,271.41859485162877,10677.105967742667
2455876.71402438,2011.8595866512796,12277.40950405583,0.4659232,63.4006,288.157,211.0171,178.94328021572437,269.2629055393679,10675.111417700276
2455878.43720791,2011.8643044706646,12272.970478763535,0.4657285,63.3976,286.8887,211.0217,178.9620471447115,266.3007905607567,10672.664453840629
2455878.75041394,2011.8651619820391,12272.128410853009,0.4656836,63.3977,286.6578,211.0227,179.0631728247008,265.76218646588364,10672.257851677747
2455879.84637983,2011.8681625731144,12269.298757435152,0.4656027,63.3971,285.8497,211.0263,178.5438288666992,263.87747367881434,10670.383635494212
2455881.56783426,2011.8728756584803,12264.824407076347,0.4654025,63.3939,284.5809,211.0318,178.60816596199766,260.91746294707934,10667.9428063149
2455882.81920271,2011.876301718576,12261.514820692688,0.4652633,63.3912,283.657,211.0367,178.54567221829984,258.76508131258214,10666.071893243996
2455884.5389782,2011.881010207255,12256.974721462226,0.4650042,63.3851,282.3895,211.0497,179.29369668846084,255.8155253881498,10663.99665886842
2455885.47662891,2011.8835773549893,12254.293978757505,0.464825,63.4,281.6846,211.0435,180.0554800815471,254.1802522038749,10662.959466120594
2455886.57022967,2011.8865714706915,12251.514193300438,0.4647183,63.3977,280.8773,211.0462,179.87504496398833,252.29777055109673,10661.311355612059
2455887.50726282,2011.8891369276384,12249.152936746083,0.464621,63.3966,280.1828,211.0508,179.80295012218176,250.6843060501892,10659.95905334086
2455888.28793788,2011.8912742994662,12247.099143311772,0.464552,63.3925,279.6061,211.0547,179.54844208800114,249.34205219216926,10658.66967911245
2455888.75624675,2011.892556459274,12245.804135517237,0.4644343,63.3911,279.2579,211.0548,180.29636390118412,248.53237466141087,10658.391753078105
2455889.69264247,2011.8951201710333,12243.266321512137,0.4643535,63.3929,278.562,211.0552,179.9264536858509,246.9139384280346,10656.765553086008
2455890.47275823,2011.8972560115806,12241.213084703506,0.4642685,63.3938,277.9837,211.058,179.86714768783622,245.56953583097606,10655.591065038536
2455891.56460521,2011.9002453256946,12238.443751302073,0.4641736,63.3955,277.1725,211.0592,179.54495686268365,243.68338274992107,10653.864176263256
2455892.50018331,2011.902806798932,12236.115532166514,0.4640723,63.3957,276.479,211.0607,179.5369540882757,242.06925238449884,10652.56691444783
2455893.43550288,2011.9053675643527,12233.803331015597,0.4639538,63.3985,275.7847,211.0602,179.74748713825193,240.45257683306403,10651.406913448602
2455894.37055013,2011.9079275842028,12231.49577951594,0.4638956,63.3984,275.0919,211.0601,179.2224059799246,238.8380696870363,10649.816581832074
2455894.68217005,2011.9087807530464,12230.680828431558,0.4638963,63.3982,274.8595,211.0594,178.77694564122248,238.29782890327567,10649.101977951052
2455895.77259107,2011.9117661630933,12227.745626981996,0.4638183,63.3959,274.0506,211.0618,178.15713744277218,236.41658128643303,10647.107268781845
2455896.70687278,2011.9143240870085,12224.921016694745,0.4637282,63.393,273.3563,211.0706,177.74409848072082,234.8102286769195,10645.295442489785
2455898.29557635,2011.9186737203281,12220.392699087477,0.4635228,63.3931,272.1745,211.0734,177.82575810689195,232.06536068189024,10642.827572778444
2455898.82673385,2011.920127950308,12219.009484214554,0.4635035,63.3939,271.7794,211.0789,177.3195217479124,231.1522378891733,10641.76149010246
2455899.76328839,2011.9226920968922,12216.507441419364,0.4634274,63.3948,271.0783,211.0856,176.90686076173552,229.53474511879313,10640.128612006934
2455900.84899689,2011.9256646047631,12213.484270858897,0.4632904,63.3939,270.2695,211.0844,176.95795761896989,227.65464228522967,10638.478317997235
2455901.78453905,2011.928225979603,12210.884732999524,0.4631611,63.3934,269.5725,211.0827,177.14162809025856,226.03384734295815,10637.14102066405
2455902.87007266,2011.9311980086518,12208.125487047835,0.4629911,63.3896,268.7649,211.0868,177.7357388615219,224.16041688538542,10635.955437750474
2455903.6468789,2011.9333247882273,12206.20825739184,0.462906,63.3938,268.1833,211.0901,177.7449177956123,222.81647623818657,10634.894548838292
2455904.57670478,2011.935870512745,12203.834945148727,0.4628283,63.3934,267.4894,211.0895,177.41846400494887,221.20551541180566,10633.382969897208
2455905.29242444,2011.937830046379,12201.966658126494,0.4627647,63.3928,266.9547,211.0922,177.19091816858509,219.96808330357152,10632.210228564976
2455905.82009875,2011.9392747399038,12200.531911094562,0.4627323,63.3923,266.5616,211.0915,176.8154186503798,219.05419363466672,10631.191857795759
2455906.59432983,2011.9413944690755,12198.433554127201,0.4626296,63.3935,265.9818,211.0897,176.94081835475572,217.70949113285224,10630.097897545771
2455907.31167191,2011.943358444654,12196.459258745868,0.4625762,63.3924,265.4468,211.0953,176.53118138038735,216.4730599245571,10628.759198229822
2455908.29727116,2011.9460568683367,12193.540331450356,0.4625169,63.3933,264.7113,211.0985,175.685557322965,214.76932739882432,10626.639240390847
2455908.76739215,2011.9473439894596,12192.172239096284,0.4624596,63.3928,264.359,211.1012,175.64884227271068,213.95636379453708,10625.856327513717
2455909.54179826,2011.9494641978372,12190.046935347102,0.4623693,63.391,263.7811,211.101,175.6071668835175,212.61498877858247,10624.648962442023
2455910.40950725,2011.9518398555783,12187.79712000219,0.4622455,63.3949,263.1269,211.1059,175.90644636821708,211.11045199183832,10623.571796871227
2455911.40051348,2011.9545530827652,12185.317126634029,0.4621883,63.3944,262.3851,211.1084,175.269818914162,209.3943902045653,10621.818231128358
2455912.2713224,2011.956937227652,12183.061906672236,0.462107,63.393,261.7328,211.1087,175.0474181656482,207.8840980453292,10620.432260131094
2455913.25538742,2011.9596314508415,12180.665361689813,0.4619648,63.3913,260.9946,211.1168,175.49042400985036,206.18407769708324,10619.356857897532
2455913.72556419,2011.9609187246822,12179.626949084066,0.4619907,63.3939,260.6406,211.119,174.61626913785403,205.36885911439515,10618.266949304094
2455914.49849289,2011.9630348881315,12177.787353140593,0.4619141,63.3927,260.0612,211.1199,174.55936792327338,204.02854027265334,10617.209016573095
2455915.58355457,2011.9660056251064,12175.10592026339,0.461814,63.3938,259.2414,211.1241,174.33525480287335,202.14347496171115,10615.584176964505
2455916.35408564,2011.9681152242028,12173.07040324678,0.4616755,63.394,258.6621,211.1263,174.92573829262074,200.806919287014,10614.795387798786
2455917.59550453,2011.971514043887,12169.546269216444,0.4617057,63.3932,257.7292,211.1313,172.66109030547705,198.65544420063384,10611.50747449822
2455918.30825838,2011.9734654575764,12167.58607293565,0.4615848,63.3918,257.1943,211.1363,173.0769889768626,197.4230352724669,10610.658321507835
2455918.67608564,2011.974472513731,12166.38796958994,0.4614412,63.3923,256.9167,211.1314,174.17900523679418,196.77799505687653,10610.634634704908
2455920.21583231,2011.978688110362,12162.12357367915,0.4612758,63.3929,255.7594,211.1375,173.89399253144074,194.10918026960394,10608.090769370956
2455920.6881409,2011.9799812208073,12160.939751170412,0.4612798,63.3937,255.403,211.1354,173.20759493847436,193.28516050936435,10607.029798868421
2455921.4517709,2011.9820719258037,12158.937063487903,0.4612041,63.3888,254.8314,211.1354,173.0491381653219,191.96090671065292,10605.820580882251
2455922.22407236,2011.9841863719644,12156.79494237733,0.4611453,63.3869,254.2497,211.1375,172.60979163625325,190.62010609284505,10604.369490824176
2455923.30679589,2011.987150707433,12153.750873613622,0.4610461,63.3848,253.4324,211.1445,172.17513296246852,188.74264532404686,10602.418024270568
2455924.70266521,2011.990972389349,12150.118256588015,0.4608672,63.3834,252.3781,211.1517,172.3909760054148,186.3197398343125,10600.517617839743
2455925.62611785,2011.9935006648875,12147.571820008943,0.46077,63.3805,251.6814,211.1538,172.19885250342213,184.71496064047142,10598.984770715815
2455926.38834588,2011.9955875314988,12145.407623679328,0.4606601,63.3848,251.103,211.1478,172.36663321444576,183.3792886604008,10597.874937291508
2455927.63050426,2011.998988375797,12141.703996799168,0.4605086,63.3851,250.1607,211.1613,172.20858761877753,181.22618471309477,10595.715653082101
2455928.33410529,2012.0009147304313,12139.71238529674,0.4604096,63.3837,249.6282,211.1637,172.33596186722207,180.00259704475758,10594.678082171658
2455929.32113321,2012.0036170655985,12137.042849185425,0.460315,63.3842,248.8816,211.1684,172.043670062636,178.28785638453405,10593.0173004806
2455930.55529844,2012.0069960258456,12133.453384700266,0.4602436,63.3862,247.9468,211.1748,170.97281849363117,176.14303069553222,10590.38914395482
2455931.16434674,2012.0086635092132,12131.64208927634,0.4601433,63.3861,247.4851,211.18,171.21196389783108,175.08623668325419,10589.516872688095
2455931.63510709,2012.0099523808083,12130.062737823944,0.4600952,63.3855,247.1268,211.1842,170.94279645228835,174.2681429090129,10588.47802289452
2455932.24401568,2012.0116194816706,12128.184713773217,0.4600123,63.3868,246.6669,211.1779,170.93426876555714,173.20178659861006,10587.424020844248
2455933.10433751,2012.01397491447,12125.67793720091,0.4598809,63.3873,246.0133,211.1862,171.1739543308122,171.70853079078034,10586.163047812644
2455934.18765241,2012.0169408690213,12122.47545697555,0.4597747,63.3811,245.194,211.1921,170.73164048725357,169.82738715235365,10584.116225515785
2455934.55570389,2012.0179485390556,12121.293730736312,0.459743,63.3823,244.9119,211.1932,170.47748708640756,169.18362593999723,10583.307988687995
2455935.26256628,2012.0198838228066,12119.12230834875,0.4596526,63.3792,244.3781,211.1923,170.39992959824394,167.95222378964843,10582.049303438622
2455936.18570703,2012.022411244435,12116.211876288833,0.4595198,63.374,243.6787,211.1924,170.43631813896354,166.3430520033977,10580.443592456864
2455936.5541652,2012.0234200279258,12115.046426083516,0.4594734,63.3718,243.3969,211.1949,170.3685535330742,165.70058994674565,10579.752649809525
2455937.16095779,2012.0250813354962,12113.174270180298,0.4593994,63.3697,242.9361,211.1983,170.25297836403115,164.64511922137547,10578.638743264357
2455938.54943697,2012.0288827843126,12108.899617376359,0.4592558,63.3633,241.8806,211.2059,169.6809364784849,162.22869764749305,10575.915984170519
2455939.46845139,2012.0313989086653,12106.167585798243,0.4590903,63.3633,241.1808,211.212,170.20717698385215,160.62919288045066,10574.693538016752
2455940.17695265,2012.0333386793973,12104.091590396823,0.4590033,63.3634,240.6411,211.2121,170.137306902433,159.39127541699645,10573.491591260856
2455941.15088992,2012.0360051743191,12101.398515608198,0.4589358,63.3637,239.8954,211.2165,169.49720672873718,157.6900372451047,10571.613244096157
2455942.17043718,2012.038796542587,12098.343380875885,0.4587771,63.363,239.1188,211.2215,169.7641897934509,155.9135446686115,10570.0585517733
2455943.14342727,2012.041460444271,12095.395749261112,0.4586554,63.3606,238.3772,211.222,169.640873725456,154.21344006242396,10568.337195819055
2455944.21144804,2012.0443845257764,12091.933515375356,0.4584602,63.3485,237.5694,211.2309,170.12695752966738,152.36187072046698,10566.68074893545
2455945.07665436,2012.0467533315816,12089.102109225341,0.4583956,63.3468,236.9097,211.2376,169.37459440572547,150.8561006306394,10564.659180327471
2455946.15251964,2012.049698890185,12085.44213586152,0.4582307,63.357,236.0813,211.2395,169.3852261362008,148.96919953342376,10562.615576436418
2455946.51678322,2012.0506961895146,12084.21051553868,0.4581905,63.3476,235.8083,211.2359,169.20375731875447,148.3335717747247,10561.820573226229
2455947.43647396,2012.0532141655306,12081.195054511416,0.4581038,63.3385,235.1117,211.2396,168.6173914985293,146.7342004089794,10559.791708318744
2455949.42321015,2012.0586535527723,12074.657862812905,0.4578859,63.3422,233.5848,211.2504,167.70598010674166,143.25992100195845,10555.601113261451
2455950.17701911,2012.0607173692265,12072.10943451969,0.4578485,63.3316,233.0134,211.269,166.775938089002,141.96414707848902,10553.63461300482
2455951.56075793,2012.064505839644,12066.999265862594,0.4575519,63.3347,231.9486,211.2689,167.5845244685588,139.5353977282059,10551.237825801654
2455952.6304233,2012.0674344238191,12063.23895405684,0.4573753,63.3386,231.1225,211.2677,167.67511847340575,137.65380742508313,10549.181557785998
2455953.39234015,2012.0695204384674,12060.60689949902,0.4572531,63.3432,230.5337,211.2669,167.72070682170488,136.313242151758,10547.731613400307
2455954.61338691,2012.0728634822997,12056.332525150296,0.4570386,63.3508,229.5882,211.2754,167.98688672113985,134.1727463721303,10545.487321606977
2455955.16293681,2012.074368067926,12054.434244492228,0.4569679,63.3588,229.1586,211.2815,167.80844209852785,133.2075955466728,10544.319056575187
2455956.13351716,2012.0770253721016,12051.291553350504,0.4568639,63.361,228.4101,211.2906,167.35519424973427,131.51156604345272,10542.293634407917
2455957.20210806,2012.079951014538,12047.95878601886,0.4566838,63.3544,227.592,211.2929,167.71488537638015,129.6425347663153,10540.63038168371
2455958.11338211,2012.082445946913,12045.29921711053,0.4566239,63.3616,226.8845,211.2938,166.99141192657225,128.0377591113861,10538.719801326544
2455958.57446922,2012.0837083346198,12043.890652894119,0.4565102,63.3596,226.5318,211.2927,167.59542216329464,127.2294995368614,10538.27724532662
2455959.49002939,2012.0862150017522,12041.082773864304,0.4564264,63.3571,225.827,211.2984,167.0784112874053,125.62799936922886,10536.402217385174
2455960.55271247,2012.0891244694587,12037.751051963336,0.4562783,63.3567,225.007,211.3033,167.05016615029308,123.76549099483134,10534.514511952686
2455962.01249334,2012.0931211316629,12033.096611884912,0.4561389,63.3587,223.878,211.3129,166.19685974600088,121.20729260139655,10531.407863619263
2455962.52939209,2012.0945363233132,12031.333494759767,0.4560065,63.3587,223.4764,211.3123,166.83091748159768,120.29562360723406,10530.782331776574
2455963.28841451,2012.0966144134427,12028.796016255625,0.4558871,63.3565,222.8906,211.314,166.8867839132954,118.9634111606074,10529.388336181202
2455964.3539527,2012.0995316980145,12025.30390947494,0.4557408,63.3553,222.0655,211.3218,166.74598552770294,117.09588871476956,10527.344197203953
2455965.4177339,2012.1024441722102,12021.930277351392,0.455611,63.3539,221.2415,211.3274,166.4703017570473,115.22899800432037,10525.288684468976
2455965.95934126,2012.103927012348,12020.186440301539,0.455546,63.3532,220.8226,211.3325,166.3022881679335,114.28137555468862,10524.211388669662
2455967.16915491,2012.1072393016013,12016.021467060475,0.4553616,63.3515,219.8843,211.3383,166.25040618546882,112.15645142350235,10521.838944053903
2455967.9296642,2012.1093214625603,12013.459899319356,0.4552262,63.354,219.2941,211.3391,166.4819004998226,110.81747347827036,10520.530897098704
2455968.99756962,2012.112245228255,12009.936972136029,0.4550678,63.3579,218.463,211.3433,166.46507608742468,108.93801782819514,10518.53883250513
2455969.51193208,2012.113653475921,12008.28654424946,0.455016,63.3569,218.065,211.344,166.1877340312485,108.03374866843967,10517.450659088774
2455970.11582873,2012.1153068548397,12006.309403803943,0.4549328,63.3575,217.5964,211.3458,166.10914906508424,106.97173225774213,10516.292676450224
2455971.02241485,2012.1177889523615,12003.338539499651,0.4548196,63.358,216.8913,211.3489,165.8486062998354,105.3761771498273,10514.470661211522
2455972.02925007,2012.1205455169609,12000.047880594897,0.454657,63.3577,216.1094,211.3544,166.00581134726326,103.60741389405803,10512.708059128814
2455972.93249021,2012.1230184536894,11997.008446663684,0.4545654,63.3575,215.4061,211.3553,165.4472033026277,102.01475667182024,10510.675856358082
2455974.11225297,2012.126248468091,11992.096222363572,0.4544279,63.3386,214.4642,211.3838,164.4168194369613,99.93855148725203,10507.317991350565
2455974.50879818,2012.127334149706,11990.691685897385,0.4542527,63.3594,214.1775,211.3558,165.75131271094506,99.23300610580912,10507.291795205469
2455975.11164007,2012.128984640849,11988.273334366904,0.4541617,63.3602,213.7074,211.3684,165.52243676616217,98.18132929435836,10505.797868059288
2455976.01603251,2012.1314607324023,11984.901023633258,0.4540473,63.3617,213.0017,211.3717,165.05277308534005,96.58753633514112,10503.628161240957
2455977.02003741,2012.134209548008,11981.706330669713,0.4538946,63.3571,212.2195,211.3797,165.13822839291697,94.82376271719147,10501.87624736421
2455977.92255988,2012.1366805198636,11978.561411365194,0.4537396,63.3548,211.5153,211.3836,165.27744799691482,93.23391284909837,10500.182744745995
2455978.43672838,2012.138088236496,11976.550242364205,0.453679,63.3546,211.1126,211.3841,164.904604958655,92.32493486144932,10498.83519825135
2455979.03140171,2012.1397163633405,11974.21267610866,0.4536352,63.3558,210.6478,211.3943,164.1520139395725,91.28420919741836,10497.086193914865
2455980.09562317,2012.1426300429023,11970.01717467161,0.4533924,63.3552,209.8164,211.3937,164.76605980602926,89.4032845552108,10495.070829818367
2455980.94286336,2012.1449496601233,11966.800895492379,0.4532596,63.3563,209.1533,211.3985,164.59720832186122,87.90992235560026,10493.159510846248
2455981.45428199,2012.1463498480218,11964.869548166465,0.4531753,63.3556,208.7536,211.3998,164.54990121526225,87.00745471216385,10492.042537041048
2455982.36109527,2012.1488325674748,11961.53206566216,0.4530166,63.3572,208.0413,211.405,164.62317848491148,85.40657570910065,10490.200598424153
2455983.05069477,2012.1507205880087,11958.997621172965,0.4529129,63.3574,207.5015,211.4074,164.47702747441508,84.18948831686578,10488.686291887943
2455984.00587549,2012.1533357302947,11955.561954294899,0.4527859,63.3509,206.7564,211.4099,164.11577481372296,82.50543709390706,10486.540060880303
2455984.91278402,2012.155818710527,11952.184244733467,0.452628,63.354,206.0454,211.4143,164.15469440824745,80.90496421031605,10484.65465371727
2455985.37357285,2012.1570802815884,11950.374774805408,0.4525962,63.3531,205.6857,211.4091,163.5442631526248,80.08589862820475,10483.284223511486
2455986.27447015,2012.15954680397,11946.793311514868,0.4524417,63.3546,204.9773,211.4197,163.42953610445056,78.50015057083704,10481.195504719772
2455987.17388804,2012.1620092759474,11943.120360086683,0.4522041,63.3564,204.2695,211.4292,164.25606646200868,76.915360658949,10479.59125762469
2455987.86450567,2012.16390008397,11940.318592847661,0.4521107,63.3541,203.728,211.4369,163.8364956122905,75.70086977080905,10477.768468379165
2455990.02739346,2012.1698217480077,11931.325879992128,0.4517703,63.3607,202.0174,211.4405,162.97090779032078,71.86207071723277,10472.190791885758
2455991.37953896,2012.1735237206292,11925.363630859007,0.4515766,63.3591,200.9506,211.4498,162.0121686720413,69.47186057348017,10468.272571458778
2455992.43013472,2012.1764000950586,11920.729956749501,0.4513363,63.3599,200.121,211.4534,162.33550477102108,67.61036577888945,10465.83467980024
2455993.86875215,2012.180338814921,11914.3102779101,0.4510491,63.3607,198.9831,211.4629,162.23504993799907,65.06402662847006,10462.143749445475
2455994.37720227,2012.1817308754828,11911.945495251808,0.4509549,63.3606,198.5814,211.4641,162.0590056350793,64.16238482619775,10460.704769996453
2455995.27711615,2012.1841947054077,11907.649087420761,0.4507855,63.3625,197.8692,211.4603,161.7172397232489,62.55940605326049,10458.07752418452
2455996.32655556,2012.1870679139217,11902.429307702441,0.4504927,63.3629,197.0357,211.47,162.335492316437,60.701250988211825,10455.471404077878
2455997.2218439,2012.1895190798089,11897.759501617436,0.4505119,63.3678,196.3267,211.4671,159.5409628007119,59.1069312688374,10451.23967699956
2455998.11521259,2012.1919649899794,11893.140292127024,0.4502216,63.3677,195.6183,211.477,160.45534078112723,57.527903607423525,10449.14043541451
2455998.95385927,2012.1942610794526,11888.988999504372,0.4500438,63.3694,194.9514,211.4846,160.2869120092264,56.04201139704162,10446.69143391656
2455999.99348084,2012.1971074081869,11884.434871453406,0.4498003,63.3674,194.1257,211.5021,160.67620094320318,54.20913305274894,10444.329262803534
2456000.79191008,2012.1992933883087,11880.581621543057,0.4496224,63.367,193.4912,211.5029,160.66969946897643,52.788480208847545,10442.13965816619
2456001.78483819,2012.2020118773164,11875.67144778662,0.4494633,63.3632,192.7009,211.5077,159.85666914866852,51.02432416607468,10438.893311739348
2456002.29399505,2012.2034058728261,11873.117073640793,0.449315,63.3624,192.2944,211.5096,160.2111756978793,50.11788578255607,10437.644089411506
2456003.18901147,2012.2058562942366,11868.6061250566,0.4491679,63.3617,191.5808,211.514,159.47293593778977,48.526534074793915,10434.665799744507
2456004.01008425,2012.2081042689938,11864.306082038174,0.4488794,63.3599,190.9275,211.5201,160.52718651652685,47.07006316220719,10432.819740086441
2456005.12092569,2012.211145587105,11858.345474968162,0.4486843,63.3577,190.041,211.526,159.55573637390444,45.09458864225326,10428.884987581967
2456005.80777242,2012.2130260709648,11854.760921932682,0.4485217,63.3599,189.4905,211.5285,159.50710013386833,43.86961445268457,10426.820686768926
2456006.85009412,2012.2158797922518,11849.786548294609,0.4483538,63.361,188.6547,211.5315,158.75342017783714,42.00947478930436,10423.568138452862
2456007.94515734,2012.2188779119501,11844.892080869153,0.4480946,63.3635,187.776,211.543,159.12360184892168,40.06295169794208,10420.994157954501
2456008.77768697,2012.221157253853,11841.104631602606,0.4479997,63.3676,187.1083,211.5412,158.157008976028,38.57288861288589,10418.295409257766
2456009.95807056,2012.2243889679942,11835.697369216901,0.4477618,63.3696,186.1597,211.5497,157.98791092107695,36.4693715220767,10415.124281882552
2456010.91174278,2012.2269999802324,11831.237196683745,0.4475394,63.3679,185.3946,211.5574,158.15610042222124,34.77200711632827,10412.68100146465
2456011.8926392,2012.2296855282689,11826.405549233677,0.4473164,63.3672,184.6066,211.5645,158.12409401044533,33.02430982320902,10409.912720222845
2456013.28380755,2012.2334943396306,11819.292745542733,0.4470396,63.3687,183.4846,211.5758,157.46454429240748,30.542437732969688,10405.491579238216
2456014.02223499,2012.2355160437776,11815.606850994614,0.4468559,63.367,182.8899,211.5803,157.5969175472501,29.224424240036797,10403.466392287022
2456014.90283883,2012.2379270056945,11811.281546490518,0.4466777,63.3675,182.1785,211.591,157.3091712516907,27.655777949991375,10400.840298208204
2456016.00246736,2012.2409376245307,11804.921470530937,0.4465392,63.3447,181.2677,211.6083,155.42498101722867,25.678455168904975,10396.157700980919
2456016.82797634,2012.2431977449417,11800.563060168968,0.4462696,63.3653,180.6209,211.5939,156.19420353258738,24.203611820981905,10394.104695930497
2456018.01121453,2012.246437274552,11794.72499569009,0.4460958,63.3612,179.6651,211.6033,155.01141295772413,22.090981161301954,10390.112082896161
2456019.1951014,2012.2496785801504,11789.001436098157,0.4457304,63.3645,178.7038,211.6145,156.14881038555086,19.97401114588331,10387.484205867982
2456020.22399616,2012.2524955404795,11783.662537624341,0.4454775,63.3627,177.8703,211.618,156.1697095197942,18.129905427430458,10384.448678165825
2456020.95913978,2012.2545082540182,11779.73601412343,0.4452627,63.3657,177.2728,211.624,156.5226511875926,16.81382855345464,10382.404299550579
2456022.28629394,2012.2581418040797,11772.388005084182,0.4450113,63.3634,176.1954,211.6338,155.40601483726368,14.438150531266615,10377.582998625805
2456022.81697459,2012.259594728515,11769.44026341873,0.4448385,63.3643,175.7633,211.6339,155.8038107999364,13.483097734637,10376.121184351683
2456024.19645381,2012.2633715367836,11761.734541046219,0.4445274,63.3693,174.6384,211.6456,155.18496602474897,11.010246757910295,10371.371424148683
2456024.86842892,2012.2652113043666,11757.96838640969,0.4443645,63.368,174.092,211.6485,155.0083433669406,9.804430427994816,10369.11958300166
2456025.59534735,2012.2672014985626,11754.009397574682,0.4441797,63.3698,173.4978,211.6545,154.98072956277792,8.499760517456082,10366.840089953337
2456026.62733319,2012.2700269218064,11748.48499705783,0.4439264,63.3702,172.6542,211.6668,154.88604685993687,6.651308149657893,10363.626951722325
2456027.13521517,2012.2714174268863,11745.745070433464,0.4438124,63.3698,172.2368,211.6717,154.70146093621952,5.738226320936974,10361.956226426802
2456028.0090352,2012.2738098157424,11741.04784336189,0.4435953,63.369,171.5227,211.6779,154.63790297141895,4.169066332767102,10359.232291514129
2456029.18342767,2012.277025127091,11734.821788434612,0.4433687,63.36,170.5577,211.6811,153.8328073646835,2.0497542471892984,10355.219340978509
2456029.76549564,2012.2786187423415,11731.676757008734,0.443209,63.3596,170.0811,211.6856,153.9557332116501,1.0039527570669406,10353.486528728748
2456030.79015179,2012.2814240979872,11725.997886079906,0.4429451,63.357,169.2426,211.6925,153.88827983045303,359.1624247246476,10350.195620529272
2456031.6063002,2012.283658590554,11721.393655906968,0.4427361,63.3541,168.5694,211.6966,153.77324212597432,357.6889074005388,10347.493028330522
2456032.10866317,2012.2850339854076,11718.279733784791,0.4426241,63.3497,168.1583,211.701,153.3504130700585,356.7870652532573,10345.473153842548
2456033.13420534,2012.2878417668444,11712.125700665132,0.4424042,63.3529,167.3128,211.7089,152.49579976293444,354.9386639359916,10341.470092844907
2456034.15269469,2012.2906302387132,11706.225875353175,0.4421009,63.3507,166.4756,211.7139,152.75658025624853,353.1026140632034,10338.230691502204
2456034.88042598,2012.292622658398,11702.152017210887,0.4418961,63.3507,165.876,211.7222,152.88037919826274,351.7940429767401,10335.961724377246
2456036.04940641,2012.2958231523894,11695.561409440035,0.4415862,63.3546,164.91,211.7295,152.8265897787669,349.6831651398495,10332.148749652775
2456036.61957813,2012.2973841974813,11692.293302746888,0.4414025,63.3556,164.4383,211.7331,153.1495081811554,348.6530889066997,10330.450892010462
2456037.06742804,2012.2986103437095,11689.516368622768,0.4412231,63.3524,164.0677,211.7353,153.69541895828752,347.84327626462175,10329.157975508972
2456038.60772509,2012.3028274472001,11680.133500491263,0.4408825,63.352,162.7895,211.7518,152.43074246092328,345.06341900792006,10323.067113960637
2456039.10694465,2012.3041942358657,11677.039232457168,0.4407495,63.3488,162.3763,211.7582,152.25372927128683,344.1645750883489,10321.190676506467
2456040.1206631,2012.306969645722,11670.659428683502,0.4403747,63.3517,161.5327,211.7655,153.0599839748338,342.3291275401178,10317.96743092286
2456041.13694181,2012.3097520651886,11663.892978989788,0.4402529,63.349,160.6909,211.7659,150.6939696998952,340.4860565321015,10312.769325833058
2456042.00765506,2012.312135948145,11657.847867988969,0.4397891,63.349,159.9652,211.7794,152.7171461891803,338.91565866784185,10310.406200763042
2456043.16690873,2012.3153098117175,11649.25902213149,0.4394232,63.3462,158.9978,211.788,152.16804499759928,336.8142677816953,10305.158010088047
2456043.88635773,2012.3172795557284,11643.982801174661,0.4392018,63.3456,158.3965,211.7845,151.7882957297079,335.50035993778556,10301.909474240507
2456044.70254667,2012.319514159261,11638.27132430065,0.4388492,63.3457,157.7125,211.7884,152.6889642483693,334.0158026660192,10299.113156425297
2456045.76899434,2012.3224339338542,11631.896595221595,0.4386913,63.3453,156.8186,211.8218,150.94845639825962,332.10418381252634,10294.481333482281
2456046.5781535,2012.3246492908963,11627.008142205752,0.438247,63.3507,156.1388,211.8143,153.37040490850723,330.6193552773378,10292.991656259599
2456047.06977862,2012.3259952871178,11624.133622961675,0.437967,63.3504,155.7276,211.8071,155.01039251401926,329.71639663756906,10292.232432324403
2456048.07996152,2012.3287610171667,11618.056474845014,0.4379527,63.3466,154.8834,211.8195,151.76097293415842,327.88893381997127,10286.942710979858
2456048.79942374,2012.330730797371,11613.584263175911,0.4377748,63.3469,154.28,211.8237,151.31343508092868,326.58061294641846,10284.115529929963
2456049.74773944,2012.3333271442568,11607.855151817714,0.4375011,63.3486,153.4821,211.8314,151.26945425679696,324.8557280675184,10280.7828870185
2456050.67031453,2012.3358530171934,11602.423985266849,0.4372414,63.3477,152.7056,211.8405,151.22757855519194,323.1790138103547,10277.622249728294
2456051.6261633,2012.3384699885014,11596.63886128946,0.4369711,63.3478,151.8997,211.8515,151.1065217690566,321.4420041395054,10274.212523363822
2456052.47803959,2012.3408022986725,11591.054441665916,0.4368097,63.3442,151.1809,211.8575,149.83312831815965,319.8895724778555,10270.287775826531
2456053.6383184,2012.343978968925,11583.694566051312,0.4363979,63.3426,150.1995,211.864,150.45828318510758,317.77107118695835,10266.372550789056
2456054.12479008,2012.3453108557972,11580.88582779604,0.436297,63.3402,149.7892,211.8728,150.04378378611182,316.89009191304353,10264.52115335243
2456054.98728204,2012.347672230089,11575.843810490313,0.4359923,63.3392,149.0568,211.877,150.7287431138766,315.31179716790507,10261.976753558745
2456056.5014059,2012.3518176752905,11566.870108546518,0.4355858,63.3398,147.7704,211.8861,150.36943881919615,312.5421368953966,10256.58455342898
2456057.70660025,2012.3551173175913,11559.676519137913,0.4352837,63.3433,146.748,211.894,149.80145308444025,310.33976566714335,10252.107543717824
2456058.56188486,2012.3574589592336,11553.756615790782,0.4349907,63.3304,146.0283,211.8875,149.8436378583192,308.7705746759341,10248.699223701997
2456058.99497027,2012.358644682464,11550.679440142581,0.4348364,63.3374,145.6553,211.8974,149.88727483696584,307.98061431296884,10246.938787401474
2456059.99954713,2012.3613950640108,11543.781266919294,0.4344654,63.3394,144.8017,211.9048,150.27142127469597,306.14427695609425,10243.146387302098
2456060.99510748,2012.3641207596984,11537.496012245909,0.4340772,63.3403,143.953,211.9141,151.19574823903986,304.32362650855754,10240.000472990023
2456061.99847866,2012.3668678402735,11531.171610036738,0.4338267,63.3394,143.0987,211.9228,150.50518332081265,302.4890775015421,10235.953872240992
2456063.98913811,2012.372317968816,11518.774974534175,0.4333054,63.3384,141.3972,211.9341,149.49127668365418,298.8368312262093,10228.202772464723
2456064.69840854,2012.3742598454205,11514.57050982293,0.4330715,63.3445,140.7829,211.9533,149.80188727814857,297.5426556485861,10225.926947016344
2456065.49816513,2012.3764494596307,11509.697720063572,0.4328503,63.3413,140.0995,211.9561,149.5853090247383,296.0737945329123,10222.976467934965
2456066.49329686,2012.37917398182,11503.096270105605,0.4325293,63.3416,139.2428,211.9644,149.53379256421704,294.2445665447696,10219.108614811243
2456067.48763787,2012.3818963391377,11496.880417897764,0.4322635,63.3427,138.3857,211.9718,149.06234937581394,292.41481791045857,10215.236772723578
2456068.62234955,2012.3850030104038,11490.364626913037,0.4318962,63.3422,137.4071,211.9915,149.58350793487898,290.337516254604,10211.7243985066
2456069.47384203,2012.3873342697602,11485.353730735838,0.4316573,63.3407,136.6752,211.9948,149.48064978147886,288.7696628863158,10208.75026821184
2456070.46572888,2012.3900499079532,11479.627944260528,0.431373,63.3401,135.8194,212.0058,149.4900990610313,286.9472331368486,10205.419005606587
2456071.50916266,2012.39290667395,11473.239602262658,0.4309688,63.3365,134.9195,212.008,150.49499876304253,285.02109737801516,10202.235534979674
2456071.8523935,2012.3938463887748,11470.365003724723,0.4310392,63.327,134.6031,212.0249,148.05174881122002,284.38330004102716,10199.245000814331
2456072.44678343,2012.3954737397123,11466.658420269592,0.4307199,63.3458,134.1072,212.005,149.60415215691592,283.28165370354736,10197.918006524436
2456073.43607821,2012.3981822812043,11460.849653187379,0.4303611,63.3447,133.2502,212.0225,150.40948950703932,281.4670787664277,10194.961150936482
2456073.92055507,2012.3995087065573,11458.49931145322,0.4301716,63.3384,132.832,212.037,151.24202904649064,280.5858656393833,10194.036070019301
2456074.90913829,2012.4022152999048,11453.532947862263,0.4301555,63.3434,131.9785,212.0311,148.5964559080967,278.75209203428824,10189.716715987513
2456075.60838847,2012.40412974256,11449.811484050517,0.4299739,63.3458,131.3719,212.0435,148.55508598852794,277.46869267841987,10187.521480619635
2456076.39923236,2012.406294955127,11445.708675575002,0.4297628,63.3441,130.6848,212.0574,148.63256717559761,276.01601615434754,10185.166630100784
2456077.38538051,2012.4089948816147,11440.707862680407,0.4294611,63.3455,129.8253,212.0704,149.23257919503067,274.19754261870276,10182.56614692648
2456077.86841748,2012.4103173647638,11438.24995847211,0.42936,63.3432,129.4066,212.0753,148.98665630252526,273.3076486849816,10180.997855863912
2456078.57064172,2012.4122399499527,11434.638433451977,0.429204,63.3415,128.7971,212.0777,148.70957926065512,272.00841801705013,10178.738274809119
2456079.84146219,2012.4157192667756,11427.833390595191,0.4289134,63.338,127.6888,212.0864,148.14621640147925,269.65626396077454,10174.457439898459
2456080.54047275,2012.4176330533883,11424.13607221883,0.4287014,63.3368,127.0788,212.0913,148.45664426811618,268.36220078020295,10172.46052204276
2456080.96574061,2012.418797373333,11421.98899048955,0.4286188,63.3351,126.7088,212.0981,148.17347577270812,267.5798456000852,10171.052899588445
2456081.8102536,2012.4211095238882,11417.753935350009,0.4283949,63.3357,125.969,212.1034,148.31007999113535,266.01297140028873,10168.647333587374
2456082.35964565,2012.4226136773436,11414.981938747816,0.4282587,63.3362,125.4879,212.1061,148.28031313619704,264.9930761562636,10167.008721107824
2456083.43969569,2012.425570693196,11408.942458577789,0.4279757,63.3364,124.5434,212.1106,148.05602360823923,262.98855044945185,10163.352463968915
2456083.91483438,2012.4268715520332,11405.79870832445,0.4278075,63.3409,124.1223,212.1124,148.17617741293725,262.10094126802505,10161.575035967473
2456084.61480613,2012.4287879702397,11401.33019569585,0.4275266,63.3391,123.5101,212.1111,148.8219616526685,260.7975307136962,10159.300852438331
2456085.73819953,2012.4318636537446,11394.319129880616,0.4272106,63.3429,122.5249,212.119,148.40891781283972,258.71298465198925,10154.970932049475
2456086.38129498,2012.4336243531284,11390.36092766677,0.4270021,63.346,121.9592,212.1212,148.5165917951117,257.515632873745,10152.7070016445
2456086.8615239,2012.4349391482551,11387.486297421978,0.4268758,63.3456,121.5371,212.1307,148.3076742209323,256.62970662815843,10150.909691215742
2456087.83680299,2012.4376093168794,11381.783290970854,0.4266692,63.3467,120.6824,212.1408,147.39061963895165,254.823845923441,10147.076097283616
2456088.53444279,2012.439519350554,11377.862419986448,0.4264103,63.3479,120.064,212.1507,148.08839212130079,253.52773380055578,10145.145590664242
2456089.36361076,2012.4417894887333,11373.280851141173,0.4261626,63.347,119.3326,212.1546,148.27761308863683,251.9829840560073,10142.556065272904
2456089.93428799,2012.443351917837,11370.182945777151,0.4260586,63.3438,118.8312,212.1595,147.68241815546207,250.92400957866693,10140.420883074987
2456090.63012907,2012.4452570268857,11366.262853251126,0.4258277,63.3413,118.2179,212.1708,148.0569848557625,249.6361703211292,10138.316798162423
2456091.54589297,2012.4477642518007,11360.487572861397,0.4255762,63.3386,117.4121,212.1615,147.59814145582004,247.9184693517821,10134.67986866149
2456092.39066965,2012.4500771242983,11354.816661759445,0.4253029,63.3434,116.659,212.1835,147.44390654483504,246.35473525263325,10131.264519539001
2456092.86252244,2012.451368986831,11351.922322172784,0.4251729,63.3446,116.2402,212.1898,147.25628787984715,245.47716474083217,10129.463261671432
2456093.84181711,2012.4540501495137,11346.185135711594,0.424904,63.3423,115.3704,212.2013,147.00938680719537,243.65364617510073,10125.958059872506
2456094.53012296,2012.4559346282272,11342.413184812393,0.4246645,63.3397,114.7614,212.2087,147.55666089063016,242.3736338382064,10124.027942839904
2456095.31009358,2012.4580700714027,11338.263754664833,0.424442,63.3481,114.0666,212.2021,147.69211010738218,240.90347429505016,10121.657125349377
2456096.47761587,2012.461266573224,11331.500347828724,0.4240421,63.3461,113.0272,212.2138,148.33084418470116,238.7250336393563,10118.011526687837
2456097.30675286,2012.4635366265848,11325.66789739512,0.4234733,63.3346,112.293,212.2473,151.4136381811477,237.20711442948993,10116.199709930204
2456098.369918,2012.4664474140998,11317.874074120627,0.4233616,63.3418,111.345,212.2169,148.1844975023996,235.18083092407085,10109.904002970878
2456098.83927428,2012.46773244156,11315.385339594726,0.4232125,63.3381,110.9281,212.2553,148.43652156149346,234.33972103841654,10108.56911899245
2456099.80930926,2012.4703882525941,11310.231405736842,0.4233494,63.3431,110.059,212.2573,143.91542625699367,232.51652906613026,10103.149704823092
2456100.60762324,2012.4725739171527,11306.295863071859,0.4229293,63.347,109.3445,212.2417,146.39576810998096,230.99958982507206,10102.133773910502
2456101.27487292,2012.4744007472143,11302.839638145035,0.4226792,63.3418,108.7529,212.2556,147.22812216560305,229.76423100286507,10100.531889853206
2456101.7512233,2012.4757049234775,11300.279936884808,0.422568,63.3446,108.3254,212.2636,147.0069445152676,228.8752275481384,10098.904800361504
2456102.85505826,2012.4787270588906,11294.271902696937,0.4223317,63.3464,107.3359,212.2744,146.20654976870537,226.8085587993798,10094.937275667276
2456103.48393914,2012.4804488409038,11290.808484518742,0.4221513,63.3471,106.7711,212.2789,146.24270472812532,225.62841727464166,10092.910846929222
2456104.32074013,2012.4827398771522,11286.264216287569,0.4219456,63.3455,106.0205,212.2888,145.9383897875814,224.06294422525036,10090.066711715186
2456105.28544105,2012.4853810843254,11280.896947457359,0.4217,63.3477,105.1509,212.3018,145.606404714591,222.25550964286793,10086.720959321876
2456105.75755663,2012.4866736663378,11278.007320197416,0.4215257,63.3461,104.7299,212.2994,145.90108994607544,221.36678011843998,10085.167286751026
2456106.72198791,2012.4893141352775,11272.348395678391,0.4212608,63.3427,103.8615,212.3085,145.6135926361958,219.55691130010376,10081.670622099211
2456107.54569598,2012.4915693250653,11267.5950696131,0.4209792,63.3412,103.1191,212.3125,146.03561128343335,218.00664297651304,10079.079718431989
2456108.32037635,2012.493690284326,11263.209962477526,0.4207294,63.3422,102.4197,212.3193,146.3100928903341,216.55049764263322,10076.628324211662
2456109.28252938,2012.496324515757,11257.785788842157,0.4204421,63.3386,101.554,212.3283,146.40239043120346,214.74547432755094,10073.465515626276
2456109.75265903,2012.497611660588,11254.94006817032,0.4203469,63.3377,101.1315,212.3264,145.82460082913713,213.8577021882944,10071.478697960574
2456110.71419772,2012.5002442100476,11248.525905522918,0.4200086,63.3467,100.2569,212.3487,145.91198788050406,212.05768438281586,10067.724981066864
2456111.81078456,2012.5032465011914,11240.722067782372,0.4195453,63.3468,99.2602,212.3658,146.59365563799565,209.99725957109217,10063.455195015074
2456112.77070885,2012.5058746306643,11234.073949914227,0.4192516,63.3496,98.3942,212.3577,146.03417189436823,208.1770329608678,10059.22152531685
2456113.73006421,2012.5085012024915,11227.824019112302,0.4189171,63.3499,97.5222,212.372,146.16024171543177,206.37376710306427,10055.57924695922
2456114.22225406,2012.5098487448602,11224.620908717043,0.4187676,63.3509,97.0755,212.3726,145.97704986378722,205.442551850308,10053.583042755668
2456114.69139736,2012.511133189213,11221.634349207323,0.4186458,63.3498,96.6448,212.3819,145.60795977594444,204.55875188330867,10051.618429355582
2456115.78454009,2012.514126050896,11214.427664051773,0.4182614,63.3452,95.6507,212.3912,145.7291490867483,202.49652167742607,10047.402012499873
2456116.46623839,2012.5159924391244,11209.822167337032,0.4180032,63.3462,95.0271,212.3967,145.9443299592167,201.20652191521503,10044.777642912788
2456117.23359337,2012.5180933425595,11204.534021305362,0.4176703,63.3441,94.3273,212.4074,146.5966352665455,199.76109667860328,10041.972928926572
2456118.18643027,2012.5207020678163,11198.32923554317,0.4173414,63.3434,93.4573,212.4244,146.66653472065354,197.96895558618246,10038.31969107065
2456118.65538771,2012.5219860033123,11195.038472877008,0.4172886,63.3463,93.0269,212.4222,145.3402415840228,197.07413880754137,10035.675816842095
2456119.47048515,2012.5242176184802,11188.916120139946,0.4164505,63.3496,92.2723,212.4377,151.15010744960455,195.5316573471382,10035.035987234582
2456120.41765034,2012.5268108154419,11181.528065476614,0.4164714,63.341,91.4067,212.4501,146.60511790827604,193.74490644094521,10028.289152066156
2456121.15986654,2012.5288428926494,11176.59759135023,0.4164507,63.3193,90.7016,212.4615,143.959400814113,192.31965864618292,10023.986677847397
2456121.65201002,2012.5301903080626,11172.97315296333,0.4160458,63.3391,90.2727,212.4678,146.36829916017905,191.41198909745992,10023.070952593756
2456122.46438219,2012.5324144618476,11167.534957196416,0.4158502,63.3447,89.5272,212.464,145.37701173929509,189.86199373490814,10019.31890360173
2456123.22864882,2012.5345069098425,11162.340891094334,0.4155495,63.3463,88.8234,212.4638,145.69941497052878,188.40471245671256,10016.388581265392
2456124.22628109,2012.5372382781388,11156.162410625491,0.4152206,63.3413,87.906,212.4761,145.7576607881274,186.51631987005499,10012.733580501457
2456124.64104,2012.5383738261469,11153.055054701665,0.4151602,63.3397,87.5238,212.4819,144.61418758071068,185.73112258713746,10010.29135274753
2456126.34335898,2012.543034521506,11138.637140898825,0.4143905,63.3349,85.9529,212.5255,144.75542676319037,182.5259722578803,10001.757259137667
2456127.15743928,2012.5452633518955,11131.780021063376,0.4140284,63.3446,85.1921,212.5122,144.7706497905392,180.9494933176162,9997.66843788603
2456128.21317248,2012.5481537918686,11125.338541050896,0.4139039,63.3339,84.1779,212.534,142.38123008962066,178.91653492731234,9992.59349533384
2456129.31929957,2012.551182202792,11118.168059121612,0.4132179,63.3478,83.183,212.5142,145.80570188430283,176.81160699483956,9990.05970948003
2456130.17929212,2012.5535367340726,11113.02326699495,0.4130097,63.3453,82.3787,212.542,145.10056140034612,175.18747573384223,9986.620533095722
2456130.72564509,2012.5550325669815,11109.596913597192,0.4128012,63.3392,81.8709,212.5515,145.4056761479751,174.150675886665,9984.725705694158
2456131.66852376,2012.5576140280905,11103.475019575562,0.4125207,63.3373,80.9927,212.56,144.92543206773826,172.35164988742855,9980.814859594215
2456132.33950988,2012.5594510879675,11099.110003811209,0.4122837,63.3384,80.3634,212.5686,144.99156473291077,171.06960833166,9978.23409665578
2456133.282333,2012.5620323969886,11093.00031117942,0.4119406,63.3372,79.4819,212.5785,145.206807191983,169.26873708409278,9974.68283695982
2456134.63309155,2012.5657305723473,11084.370600251705,0.4114555,63.3379,78.2134,212.5907,145.50905273983972,166.6810939549684,9969.66267178693
2456135.30002547,2012.5675565379058,11080.063905101932,0.4112212,63.3392,77.5871,212.5965,145.57042996922974,165.4032463539167,9967.110399675334
2456136.0466916,2012.5696007983568,11075.167088707456,0.4109861,63.3399,76.8875,212.6028,145.2910600712239,163.97401259160466,9964.029805921597
2456136.64406662,2012.5712363220264,11071.329207787705,0.4107908,63.3447,76.3249,212.6106,145.19272545722743,162.8304240704869,9961.67606561209
2456137.58613339,2012.5738155602744,11065.224496687128,0.410481,63.344,75.4398,212.6169,145.0237800624991,161.02309830124057,9957.92447090477
2456138.6552565,2012.576742659822,11057.988095336155,0.41007,63.3453,74.4338,212.6276,145.30261708165835,158.97404246406353,9953.718388013911
2456139.59620201,2012.5793188282269,11051.296663675557,0.4096795,63.3439,73.5476,212.6427,145.67067214928738,157.17552183836756,9949.882480789007
2456140.52995356,2012.581875300643,11044.464199695467,0.4093175,63.3394,72.668,212.6513,145.63542463661724,155.38419176851573,9945.755200493606
2456141.59706052,2012.5847968802743,11036.822568953256,0.4089074,63.3398,71.6564,212.6667,145.64784802125996,153.33622310123832,9941.162843964366
2456142.07694813,2012.5861107409446,11033.415594033044,0.4087233,63.3398,71.2015,212.6715,145.66526216839793,152.41313325992218,9939.12050091448
2456142.53364433,2012.5873611069958,11030.252818718498,0.4085591,63.337,70.7685,212.6784,145.60635433040534,151.5369014815061,9937.186153230485
2456143.59858484,2012.590276755209,11022.80796844339,0.4081445,63.3342,69.759,212.6894,145.77322156704668,149.4887681247726,9932.785291410291
2456144.53104082,2012.592829680547,11016.307344549858,0.4077946,63.334,68.8731,212.6973,145.7803975020861,147.69171500304532,9928.87054953925
2456145.19390462,2012.5946445027246,11011.67289433377,0.4075172,63.3338,68.2413,212.7041,146.0904891189757,146.413379019174,9926.231983969983
2456146.12328299,2012.597189002026,11005.180667416727,0.4072084,63.3306,67.3575,212.711,145.64235612702942,144.62045927068328,9922.08980729804
2456146.52958337,2012.5983013918408,11002.337709682768,0.4070711,63.3327,66.9689,212.7144,145.46769563072303,143.83479893731726,9920.286311687354
2456147.45777065,2012.600842630116,10995.80355758668,0.4067011,63.3306,66.0827,212.7245,145.66185533226326,142.04385315829933,9916.439245321917
2456148.25055676,2012.6030131601917,10990.154461710476,0.4063773,63.3315,65.3252,212.729,145.86886497761952,140.50946233100467,9913.131156807905
2456149.17916362,2012.605555547214,10983.30893436147,0.4060374,63.3275,64.4383,212.7385,145.5384312565684,138.7168030029968,9908.828838008405
2456150.1894249,2012.6083214918544,10975.913617681712,0.4056147,63.3298,63.4685,212.7463,145.78540841982976,136.75906293236426,9904.481334069775
2456151.29969565,2012.611361247502,10968.059996825828,0.4051999,63.325,62.4057,212.7598,145.66688291800256,134.61545089927034,9899.6708768791
2456152.0424372,2012.613394763039,10963.04451455536,0.4049043,63.3275,61.6906,212.7624,145.92434952048188,133.1708853059859,9896.763868383261
2456153.00843402,2012.616039518193,10956.72018903915,0.4046048,63.3289,60.759,212.7749,145.44230829700246,131.29967345053012,9892.693593577967
2456153.54838115,2012.6175178128672,10953.137538017992,0.4044266,63.3287,60.2393,212.7787,145.26106418500422,130.2515873677848,9890.433024085683
2456154.47591589,2012.6200572645864,10946.803983039732,0.404099,63.3273,59.346,212.7901,145.0751402973592,128.45548474889193,9886.502513803249
2456155.20555532,2012.622054908473,10941.841424766379,0.4038351,63.3275,58.6399,212.8034,145.00549881170537,127.0435329496978,9883.459515838742
2456155.52700237,2012.6229349825326,10939.658333054169,0.4037308,63.3272,58.3287,212.8052,144.84502252354378,126.41730628831033,9882.055860072773
2456156.91462344,2012.6267340819707,10930.58403116828,0.4031093,63.3282,56.9804,212.8258,146.22765377285668,123.72193049056841,9877.238660646533
2456157.23692153,2012.6276164860512,10928.419981293771,0.4029833,63.3299,56.6671,212.8262,146.3129334460682,123.0913650215524,9875.9674893259
2456158.29010949,2012.6304999575361,10921.353239702203,0.4025389,63.3292,55.6469,212.8398,146.94742008104276,121.04671528702016,9871.991395776116
2456159.07537986,2012.632649910637,10916.180646178776,0.4022618,63.3318,54.8817,212.8447,146.88187032173846,119.51243217072215,9868.816304995771
2456159.98760794,2012.6351474550038,10910.478445751347,0.4020261,63.3291,53.9973,212.8531,146.0450470718706,117.73731619866953,9864.93591421087
2456160.52422602,2012.6366166352364,10906.905418122898,0.4018505,63.331,53.4716,212.8538,145.82372239750293,116.68341131490098,9862.654085245696
2456161.44716752,2012.6391435113483,10900.944298039394,0.4015011,63.3307,52.5723,212.865,146.06687133785,114.88563591463247,9859.149099473474
2456162.04747314,2012.6407870585629,10897.075952334644,0.4012711,63.3333,51.9862,212.8648,146.25799815777373,113.70765891739427,9856.890073124958
2456163.06728226,2012.6435791437643,10891.01825821583,0.4012158,63.326,50.9717,212.8775,143.23335493115883,111.70070824483298,9851.708379108946
2456163.53849095,2012.6448692428478,10888.061049910079,0.4008097,63.3314,50.5312,212.8815,145.8842669139358,110.79977257482108,9851.21793815194
2456164.32386453,2012.647019478521,10882.994890170614,0.4006323,63.3287,49.7657,212.8841,144.7793164333125,109.26278773239557,9847.587266503162
2456165.1044964,2012.649156732101,10877.718984552288,0.4002525,63.3273,49.0021,212.8965,145.74846668777354,107.74217644365808,9844.851079635591
2456166.28058965,2012.6523766999314,10870.061033180145,0.3998716,63.327,47.8496,212.9072,145.29603574474731,105.44118802472065,9839.960246541112
2456166.92274135,2012.6541348154683,10866.09569672375,0.399604,63.3294,47.2173,212.9195,145.82409193015246,104.18826643142233,9837.801989641797
2456168.23774139,2012.6577350893629,10857.796959525145,0.3991617,63.3312,45.9214,212.9371,145.64396690625654,101.61386782937797,9832.650058987301
2456169.01603829,2012.6598659501444,10852.9431462758,0.3988543,63.3313,45.1541,212.9419,146.06380472816818,100.0842579480327,9829.893228447556
2456169.98475068,2012.6625181401237,10847.339370893304,0.3987253,63.3026,44.1704,212.9618,144.09442603206026,98.16566955548933,9825.504580561432
2456170.45227986,2012.663798165257,10844.56233748799,0.3984293,63.3216,43.7414,212.9615,145.63465655628715,97.27556050744602,9824.563886041109
2456171.23124198,2012.6659308473104,10839.90450165352,0.3981567,63.3191,42.974,212.9654,145.7875969600109,95.74429496827793,9821.792573459485
2456172.27280265,2012.6687824850103,10833.66023236047,0.3977852,63.3213,41.9438,212.9746,146.05423009891365,93.6967053963067,9818.105709733714
2456173.44038726,2012.6719791574542,10826.174046957407,0.397404,63.3178,40.7864,212.9811,145.67287600034615,91.39500331646656,9813.340057127813
2456174.21726815,2012.6741061414095,10820.742702903031,0.3971487,63.3267,40.0181,212.9804,145.16250541060617,89.86028909256615,9809.766931275706
2456175.38948494,2012.6773154960715,10810.75372059623,0.3964833,63.3167,38.8566,213.0036,146.33410996695966,87.56662141427836,9804.222048233962
2456175.98237657,2012.6789387448866,10806.295125636918,0.3962379,63.3146,38.2686,213.013,146.29513827430856,86.40365184077356,9801.471110668732
2456176.4196435,2012.6801359164951,10803.008487365603,0.3960836,63.3135,37.8333,213.0291,145.97769485928075,85.5534700617118,9799.302068843252
2456177.45438675,2012.6829688891164,10795.672295612982,0.3956771,63.3159,36.8045,213.0128,145.93568913449417,83.48849991809067,9794.783440337127
2456178.04731163,2012.6845922289667,10791.412539153209,0.3954586,63.3185,36.2089,213.022,145.71934439723555,82.31769757197569,9792.065222007745
2456180.42143426,2012.6910922224777,10774.593042335779,0.3945648,63.3346,33.824,213.0528,145.1815935051709,77.62359990803452,9781.478702503455
2456181.32758725,2012.693573134155,10768.448352030655,0.3941914,63.3306,32.915,213.0639,145.48232031599855,75.83257170415973,9777.84886443576
2456182.35152295,2012.6963765173168,10761.769428429943,0.3938872,63.3296,31.8885,213.0787,144.70990122007242,73.81165376592429,9773.369162559602
2456183.38004821,2012.699192466009,10755.14140170898,0.3934955,63.3251,30.8557,213.0867,144.90535827280382,71.77311223674599,9769.387216038138
2456184.20315291,2012.70144600386,10749.910049398255,0.3933136,63.3106,29.999,213.0983,143.68792819324972,70.11673861039034,9765.580193267546
2456184.87028852,2012.7032725216156,10745.636002110441,0.3929293,63.3254,29.354,213.1009,145.2244697463866,68.81679221836231,9763.69124252327
2456186.07287965,2012.7065650366876,10737.730015430752,0.3924368,63.326,28.1383,213.1133,145.71330891115667,66.42818679244596,9759.057615143272
2456187.04175438,2012.709217671129,10731.370013304408,0.3920905,63.3295,27.1566,213.1267,145.56547910287554,64.50493839355926,9755.066968267896
2456187.35556063,2012.7100768258183,10729.1756393784,0.3919185,63.3292,26.8372,213.1226,146.07691655667531,63.87214270545101,9753.960269137904
2456188.37948148,2012.712880168323,10722.012784852219,0.3916197,63.3307,25.8026,213.1229,144.92505465222803,61.8286394037047,9748.98908220445
2456189.27376067,2012.715328571307,10715.762258436709,0.3912531,63.331,24.8944,213.1338,145.05075596034476,60.049914329496715,9745.193021074625
2456190.29524374,2012.7181252395349,10708.39707661115,0.390902,63.3314,23.8562,213.1411,144.32694256969717,58.01221376747617,9740.299215116487
2456191.11327074,2012.7203648754005,10702.085505780306,0.3908287,63.3152,22.9971,213.1687,141.2670402673466,56.374444855827505,9734.934471390918
2456191.90480698,2012.722531983518,10696.255641178599,0.3902737,63.3361,22.2181,213.1825,143.65207594995445,54.829085933537556,9732.475905602025
2456192.9230412,2012.7253197568782,10688.01365776384,0.3897308,63.3358,21.1775,213.1893,144.42924451261297,52.79168752381179,9727.7523456951
2456193.35403054,2012.7264997413831,10684.79394208057,0.389546,63.3297,20.7355,213.1953,144.4389011188532,51.9308931020486,9725.765464085824
2456194.11388766,2012.7285801167973,10679.094827482506,0.389191,63.3282,19.9596,213.2016,144.7509324797611,50.412357952980074,9722.388041561626
2456195.25973977,2012.7317172888982,10670.557940703316,0.3887765,63.3276,18.7857,213.2076,143.9594714694722,48.11507599662755,9716.725405558656
2456196.27944484,2012.734509089226,10662.945210748077,0.3883208,63.3284,17.7401,213.2189,144.16549615421536,46.07572787863154,9712.107660464035
2456197.28904241,2012.7372732167282,10655.278844471923,0.3878435,63.3323,16.6998,213.2343,144.56190395597605,44.05574197784841,9707.544021646961
2456198.17623301,2012.7397022122104,10648.403202455118,0.3874943,63.3372,15.7834,213.242,144.07135740201375,42.272603604204505,9703.046474648108
2456198.88621079,2012.7416460254344,10642.990039042914,0.387148,63.3342,15.049,213.2545,144.4414314075275,40.85093084362691,9699.863058348525
2456199.90596161,2012.7444379510196,10635.067789498255,0.3866772,63.3342,13.9988,213.2655,144.59325484487908,38.80663763294177,9695.016206413815
2456200.32517677,2012.7455856995753,10631.566742298312,0.3864537,63.3328,13.564,213.2592,144.82213794018207,37.9523481529024,9692.949783670156
2456200.94727345,2012.7472889074606,10626.699502281996,0.3862004,63.3309,12.9224,213.2791,144.52760382088763,36.71749331419585,9689.78594645831
2456202.22023855,2012.750774095962,10615.697584109883,0.3855629,63.3331,11.6029,213.2718,144.54213805748168,34.13602545370003,9682.95206535992
2456203.22871237,2012.7535351468039,10606.343613759238,0.3851581,63.3294,10.5594,213.2836,143.08815953659632,32.11034715056775,9676.445733669685
2456203.80452736,2012.7551116423272,10601.304984570615,0.3849197,63.3296,9.9607,213.3132,142.51755030118966,30.973708762203245,9673.040182757335
2456205.03500193,2012.7584804980968,10590.892278949806,0.384502,63.3133,8.6471,213.3317,140.53671590904742,28.46582068515923,9665.622449922312
2456205.11026645,2012.7586865611222,10590.268049078208,0.3842513,63.3312,8.5959,213.3236,142.80748387144195,28.332337996030247,9666.301766587634
2456205.81401098,2012.760613308638,10584.381705749529,0.383872,63.3302,7.8614,213.3244,143.1976316000455,26.905008890276605,9662.815867877292
2456206.57923632,2012.762708381438,10578.20100354004,0.3835074,63.327,7.0592,213.3409,143.24633999500747,25.365082682329728,9658.983988531832
2456207.24002558,2012.7645175238329,10572.660958991757,0.3831849,63.3251,6.3658,213.3471,143.24062668659553,24.026591420193228,9655.524476358101
2456208.11689889,2012.7669182721154,10565.0394622327,0.3827477,63.324,5.4446,213.3509,143.15860765389698,22.244922038486777,9650.727946516492
2456208.68935293,2012.7684855658592,10560.176612911826,0.3824762,63.3245,4.8431,213.3645,143.0240906764402,21.092796290702864,9647.627623994113
2456209.1168036,2012.7696558620123,10556.495380548975,0.3822502,63.324,4.3921,213.369,143.1366100350533,20.224989675577774,9645.38011997168
2456209.86377575,2012.7717009603016,10549.807822654733,0.3817863,63.3265,3.6057,213.3728,143.89942833232635,18.70615429142694,9641.555915388142
2456210.23973829,2012.7727302896378,10545.90567092543,0.3814488,63.3184,3.2081,213.3729,145.04630783772882,17.938095730400022,9639.65033719704
2456212.03543306,2012.7776466339767,10528.913801270866,0.3805345,63.3085,1.2823,213.4048,144.1625523611574,14.274311768354778,9628.601673674055
2456212.23285856,2012.7781871555374,10526.616579554504,0.3806111,63.3102,1.1109,213.419,141.93316393202713,13.922524006523872,9626.1258515774
2456213.22757986,2012.7809105540316,10518.776039546074,0.3800078,63.3285,0.0421,213.4157,143.42279806545685,11.87000054864879,9621.90523356568
2456214.0980033,2012.7832936435316,10511.338180607492,0.379601,63.3281,359.1174,213.4111,143.08739591070662,10.082788328634365,9617.085754462138
2456215.21308186,2012.786346562245,10500.224473710725,0.3790457,63.3224,357.9318,213.4297,142.0232379159106,7.816737591802848,9609.619282307298
2456215.78515588,2012.7879128155505,10494.819877364935,0.3787511,63.3249,357.3233,213.4561,141.7590045111001,6.6707864018404734,9606.103853859924
2456216.64748913,2012.7902737553184,10486.011924645445,0.3781156,63.3265,356.4013,213.4411,142.95093415097745,4.883848085390582,9601.121239542153
2456217.19729001,2012.7917790280899,10481.29173129862,0.377883,63.3276,355.8106,213.4542,142.45346800030347,3.7643498876533386,9597.92450764658
2456218.18130595,2012.7944731169064,10472.567991946431,0.377384,63.3257,354.756,213.4601,142.25209287371945,1.7457779137170064,9592.34510039374
2456219.16813729,2012.7971749138674,10463.51938139246,0.3768617,63.3231,353.6958,213.4651,142.08337933794792,359.7179310077547,9586.572539249695
2456219.85303887,2012.7990500721967,10457.240278233972,0.3765185,63.324,352.9593,213.4779,141.75955453373444,358.31917400923396,9582.469456880028
2456220.89043512,2012.801890308337,10447.692442834317,0.3758916,63.3237,351.8383,213.4918,142.3563141894174,356.1895889986789,9576.726663577694
2456221.5755972,2012.803766179877,10441.490239956234,0.3755055,63.3233,351.0973,213.4974,142.516926656348,354.77887524427786,9572.889132772274
2456222.12109338,2012.805259667022,10436.713380647985,0.375215,63.3234,350.5068,213.5036,142.56566952815047,353.65691987206617,9569.89773336942
2456223.10694181,2012.8079587729223,10427.87910764462,0.3747018,63.3219,349.4381,213.5119,142.39773582778707,351.62484174796487,9564.244323485878
2456224.20717345,2012.810971042984,10417.86625087116,0.3740516,63.3178,348.2446,213.5241,142.91041114680138,349.3591245257479,9558.152681836224
2456224.81490863,2012.8126349312258,10412.34134551688,0.3737255,63.3166,347.5848,213.5403,142.8475699929113,348.1165247587212,9554.631314711189
2456225.74954675,2012.8151938309377,10403.687314734638,0.3732283,63.3189,346.5651,213.562,142.60048452466344,346.1973208624397,9549.044849902457
2456226.16363582,2012.8163275450245,10399.549680504771,0.3728847,63.3147,346.114,213.5454,143.58041775465426,345.3214837912278,9546.871641624897
2456227.01296858,2012.8186528913889,10391.475950902615,0.3724564,63.3163,345.1861,213.571,142.9679275428498,343.58205910001857,9541.480922570887
2456227.70345773,2012.820543347652,10385.00620980121,0.3720634,63.3182,344.4303,213.5771,142.989190361458,342.15179484528244,9537.39137016869
2456228.67804656,2012.8232116264473,10375.94229349338,0.3715458,63.3184,343.3616,213.5923,142.6682133035465,340.1377144789344,9531.499557547568
2456229.76875728,2012.8261978296507,10365.713382773387,0.3709472,63.3213,342.1595,213.5981,142.44472743107053,337.8663813257044,9524.90850529427
2456230.622339,2012.8285348090349,10358.000934773288,0.3704748,63.3188,341.2212,213.6089,142.48631006334108,336.09756874743914,9520.03030706452
2456231.15549567,2012.829994512444,10353.424650365612,0.3702389,63.3133,340.6307,213.6256,142.0477965813643,334.9982755201727,9516.925492023609
2456232.12526034,2012.8326495834087,10345.028035817071,0.3697521,63.3102,339.5608,213.6369,141.79589501483497,332.983849972846,9511.475430040233
2456232.79548098,2012.8344845475156,10339.238078316917,0.3693886,63.3119,338.8169,213.6534,141.90509950074102,331.5958628943845,9507.84250227117
2456233.52638262,2012.8364856471458,10332.799897864385,0.3689508,63.3083,338.0104,213.6613,142.36880930740153,330.07686702753483,9503.95429888815
2456234.53233958,2012.8392398072003,10322.999708760672,0.3683123,63.3074,336.8945,213.6869,142.77564312769937,327.9950694079098,9497.896445697726
2456235.03121142,2012.8406056438603,10317.658635740127,0.367965,63.311,336.3323,213.6681,142.98507584001072,326.92236821030394,9494.586983933837
2456236.54726682,2012.8447563773304,10304.500886725893,0.3672468,63.3143,334.643,213.6705,142.0696104786466,323.7412041610057,9485.787656063576
2456237.07767907,2012.8462085669273,10300.476551268881,0.3670392,63.3108,334.0483,213.7188,141.66157827239203,322.6720159061897,9483.037748309453
2456238.04017561,2012.848843738837,10292.275443730437,0.3664532,63.3093,332.9741,213.7177,142.50187209399792,320.6480540186726,9478.176858631354
2456239.55531052,2012.852991952142,10279.016432793862,0.3656404,63.3108,331.274,213.7373,142.45645270054138,317.4741972288683,9469.68401359178
2456240.08255549,2012.8544354701987,10274.0948051397,0.3653967,63.3088,330.6788,213.7404,141.83816785451108,316.3624307284633,9466.262123898838
2456241.04115669,2012.8570599772488,10265.646992534645,0.3649031,63.3105,329.6003,213.7616,141.5442814530752,314.360308190454,9460.726874919286
2456242.00284167,2012.859692927228,10257.728764894768,0.3643986,63.3112,328.513,213.7825,141.69046378738494,312.34604619788183,9455.72216190496
2456242.95773882,2012.8623072931416,10250.12032466212,0.3638984,63.3069,327.4367,213.7938,141.98163871009365,310.3398744689961,9450.97647911089
2456243.50523155,2012.8638062465434,10245.611217976952,0.3635845,63.3062,326.8193,213.7931,142.32948609441064,309.1821512443894,9448.239707869281
2456244.69619671,2012.867066931445,10235.14774525289,0.3629096,63.3065,325.4665,213.8105,142.57807108226189,306.67290467986004,9441.637511287247
2456245.53534458,2012.869364393101,10227.968971961565,0.3624827,63.305,324.5143,213.8243,142.37086348871344,304.90741848359266,9436.93795313405
2456246.65363615,2012.872426108556,10216.581523535406,0.3617965,63.3097,323.238,213.8045,142.1217863556276,302.50910091985725,9429.512905695554
2456247.47243269,2012.874667851308,10208.217257315035,0.3611547,63.3079,322.3015,213.8472,143.33531621460133,300.80827352915935,9424.666984768446
2456248.67343263,2012.8779560099385,10197.760150737728,0.3605138,63.2948,320.9315,213.8847,143.19058730669622,298.2920364221561,9417.873798147612
2456249.57538071,2012.880425409199,10189.8003800362,0.3599843,63.3001,319.8928,213.8844,143.49592308913452,296.3640526883414,9412.880520673374
2456249.97987212,2012.8815328463247,10186.284121328199,0.3598438,63.3015,319.4281,213.8902,142.6766352297991,295.5064753231254,9410.257105909115
2456250.80101957,2012.8837810255163,10179.047482556565,0.359377,63.3012,318.4832,213.9017,142.7956354178341,293.763730814102,9405.644005274868
2456251.86839152,2012.8867033306499,10169.666058590032,0.3587859,63.3041,317.2522,213.9133,142.79696905935452,291.49230096603424,9399.592637155456
2456252.64463493,2012.8888285692813,10162.728097924717,0.358344,63.3017,316.3561,213.9188,142.83916040198255,289.836615058775,9395.13216571468
2456253.87430512,2012.8921952227795,10150.512275231296,0.3576495,63.3036,314.9322,213.9333,142.05033525096133,287.21521979938836,9386.897864000197
2456254.54184257,2012.894022840712,10144.2454869155,0.3572096,63.3028,314.1595,213.9258,142.4873142326096,285.7770773436753,9383.035365547183
2456254.93624101,2012.895102644792,10141.176804061868,0.3572117,63.3031,313.702,213.9646,140.49349788236123,284.96964787495335,9380.187734513134
2456255.99089006,2012.8979901165233,10132.503845355082,0.356536,63.2986,312.4759,213.9772,141.7651543475631,282.71665805166083,9375.12587566816
2456256.93399353,2012.9005721931005,10123.976436777783,0.3559577,63.2955,311.3803,213.9898,142.13276948816747,280.70411048378435,9369.762303412546
2456257.86781568,2012.9031288588087,10115.621801725725,0.3553702,63.2963,310.2879,213.9973,142.69495892209306,278.6988108288749,9364.589862184966
2456258.9263435,2012.9060269500346,10107.010132942503,0.3546022,63.299,309.0484,214.0379,144.90580437879908,276.4565979875334,9359.953803595767
2456259.57733066,2012.907809255743,10101.774310591783,0.3544867,63.2978,308.2855,214.0156,142.69337108532636,275.0297679325753,9355.605763414595
2456259.9750934,2012.9088982707738,10098.66211944981,0.3543763,63.2966,307.8195,214.0226,141.79930260902802,274.17872252145685,9353.20180168849
2456261.3235175,2012.912590054757,10088.216380190523,0.3535381,63.2993,306.2326,214.0399,143.51122874908742,271.2800802875163,9347.149733827126
2456261.84513701,2012.9140181711427,10084.35943398534,0.35341,63.296,305.6201,214.048,142.30966642058138,270.1615583886361,9344.128685406316
2456262.89612225,2012.916895611909,10076.326434891027,0.3528891,63.2965,304.3819,214.0566,142.3643679761235,267.89607971274813,9338.928189174258
2456263.94037211,2012.9197546122105,10068.516711058614,0.3523948,63.2948,303.1504,214.0717,142.2874783684556,265.65043960422645,9333.81322968577
2456264.58748399,2012.921526307981,10063.739827266209,0.3521725,63.2965,302.383,214.0996,141.43111294829941,264.27312912689354,9330.338253912254
2456265.5226741,2012.9240867189596,10055.995009143768,0.3516081,63.3016,301.2734,214.0994,142.08941036924534,262.2415811745303,9325.57339211104
2456265.91613161,2012.9251639469132,10052.774750562117,0.3513438,63.3001,300.8069,214.0958,142.65836915557065,261.38367911124385,9323.716348172286
2456266.56347207,2012.9269362685004,10047.532170184484,0.3510531,63.3005,300.0382,214.1147,142.17855449149283,259.99584333982784,9320.094342323371
2456268.42255087,2012.9320261488572,10033.641139291316,0.3501999,63.2991,297.8257,214.1387,141.72471567561115,255.97498641139475,9310.837807978114
2456269.26136723,2012.934322702889,10027.568914018764,0.3498094,63.2976,296.8259,214.1426,141.694748747208,254.15232695995655,9306.85956843335
2456270.30322475,2012.9371751533192,10020.243861929208,0.3492968,63.2955,295.582,214.1599,142.06844573769285,251.89884480506316,9302.230781619635
2456270.78034258,2012.9384814307455,10016.788746368287,0.3490883,63.2937,295.0089,214.1697,141.9086914394502,250.86528493159472,9299.904487165823
2456271.42795707,2012.9402545025873,10012.034324929753,0.3487692,63.2941,294.2324,214.1742,142.00882305146297,249.45497906852393,9296.837251316956
2456272.61956715,2012.943516953182,10003.39044686076,0.3482021,63.2957,292.8035,214.1973,142.0525861439055,246.87469685442215,9291.199100906542
2456273.30289002,2012.9453877892402,9998.141313898683,0.3478237,63.2961,291.9827,214.2067,142.41450897558207,245.38979587355408,9287.914006787303
2456273.77861146,2012.9466902435586,9994.365284189222,0.3476279,63.2929,291.4078,214.2076,141.90876861361903,244.34691231891372,9285.228043099329
2456274.81410867,2012.9495252804113,9986.71857956163,0.3471439,63.2901,290.1631,214.2228,141.75384365014452,242.0967990519364,9280.151623829985
2456275.61423061,2012.9517158948938,9980.74591481463,0.3467625,63.2904,289.1965,214.2358,141.66120952872188,240.35457783822824,9276.196230326701
2456275.95933369,2012.952660735633,9978.110202509803,0.346603,63.2889,288.7809,214.2383,141.53097198929754,239.60133517218878,9274.412716446295
2456276.98929213,2012.9554806081585,9970.359862030165,0.3461101,63.2892,287.5344,214.2557,141.38131314691873,237.3570810629579,9269.263765475698
2456277.79470683,2012.9576857134286,9964.105030014305,0.3456422,63.2899,286.556,214.2606,141.9535464090941,235.58974316567753,9265.395101730483
2456278.82529409,2012.96050730757,9955.540288505044,0.3451575,63.2886,285.3052,214.2735,141.1745913753639,233.33606927477376,9259.44233782342
2456279.62381516,2012.9626935391095,9948.572502821784,0.344664,63.288,284.3348,214.2866,141.52140970921573,231.5917259205462,9255.004990257627
2456280.49634007,2012.9650823821216,9941.066645604476,0.3442209,63.2864,283.2695,214.3065,141.0074378945219,229.6863424362191,9249.852819446553
2456281.44996888,2012.96769327551,9933.02187978728,0.3436527,63.2862,282.1054,214.3205,141.37579163930513,227.59632081638551,9244.708869206726
2456282.18544876,2012.9697069096787,9927.65850672319,0.3437119,63.2741,281.1776,214.3464,137.2678388262002,225.96951251564735,9239.473533311897
2456283.22680528,2012.9725579884462,9919.45116557151,0.3427845,63.287,279.9283,214.3439,141.08075750666285,223.69132415937986,9235.643041889622
2456284.17034295,2012.9751412537992,9911.884887053675,0.3422947,63.2905,278.7662,214.3638,140.96292320510292,221.61914863229583,9230.603322447145
2456284.97704653,2012.9773498878308,9905.976198904407,0.3420143,63.2814,277.7812,214.3728,139.8543834194552,219.84804038088396,9226.24644238717
2456285.54158894,2012.9788955207123,9901.910286663058,0.3416542,63.2852,277.082,214.3902,140.74474920141984,218.60981254354812,9223.928715164951
2456286.44892127,2012.9813796612464,9894.935072021672,0.341194,63.2838,275.9617,214.4089,140.70629505830948,216.61392195134044,9219.30485579157
2456287.23636184,2012.9835355560297,9888.688644929722,0.3407525,63.2847,274.9853,214.4175,140.9569674483064,214.86999982934697,9215.278786944886
2456288.25646019,2012.9863284331002,9880.467839879931,0.3402521,63.2837,273.7234,214.4287,140.48160837832074,212.61386408395606,9209.64616382882
2456288.94240839,2012.9882064569197,9875.030987182243,0.33985,63.2834,272.8748,214.4381,140.86540618835807,211.0985755089506,9206.205039202301
2456289.50527461,2012.9897475006437,9870.685497909804,0.3395718,63.2842,272.1755,214.4481,140.74275615067563,209.85449976825123,9203.277511150534
2456290.64191707,2012.992859458097,9862.056311311484,0.3389886,63.2841,270.7643,214.463,140.79534921883987,207.33789508510063,9197.581948398532
2456291.1900148,2012.994360067899,9857.862319945105,0.3387397,63.286,270.0793,214.4719,140.476695045596,206.12157555641272,9194.671751127855
2456291.87478587,2012.9962348689112,9852.40051149347,0.3383739,63.2866,269.225,214.4821,140.4690260574298,204.60254719193694,9191.046544070672
2456292.78114355,2012.998716340999,9845.021531953822,0.3379579,63.2853,268.0923,214.4936,139.68242955992628,202.58801724041405,9185.830268842574
2456293.4524413,2013.000554254072,9839.503531792749,0.3375109,63.2844,267.2534,214.5087,140.42753922419888,201.1025685340784,9182.46982865752
2456294.46372358,2013.0033229940586,9831.429052760386,0.3370171,63.2826,265.9881,214.5218,139.9330445433343,198.8536221389204,9176.905153018535
2456295.12517123,2013.0051339390286,9826.32042107467,0.3366533,63.2783,265.1606,214.5301,140.12092446249244,197.38248194972573,9173.585657452342
2456295.70473924,2013.0067207097604,9821.77873821084,0.3363347,63.2774,264.4323,214.5445,140.23743282831856,196.09734448624442,9170.612650965682
2456296.597099,2013.009163857632,9814.316992915683,0.3358216,63.2741,263.3082,214.5491,140.3210574475488,194.0983112524467,9165.681719327311
2456297.14307979,2013.010658671567,9809.799445676885,0.3354628,63.2737,262.6167,214.572,140.84035619166934,192.89157823590568,9162.883848707537
2456297.71563677,2013.0122262471452,9804.83619035453,0.3352032,63.274,261.8953,214.5801,140.08742387188158,191.6139510277369,9159.27453428075
2456298.72155316,2013.0149802961257,9796.17263542171,0.3345852,63.2767,260.6183,214.5937,140.38195496460958,189.35909339478212,9153.619688746376
2456299.61783267,2013.0174341756879,9788.275936493346,0.3340586,63.2777,259.4808,214.6133,140.28188073469028,187.35779675237313,9148.31302292542
2456300.3869447,2013.0195398896647,9781.573231753235,0.3336026,63.2787,258.5047,214.624,140.2786695499517,185.6343397207072,9143.838670928326
2456301.24381791,2013.0218858806572,9773.91578044874,0.3331065,63.2771,257.4152,214.6378,140.02460352869184,183.7140829633646,9138.62341671712
2456301.838639,2013.0235144120466,9768.529135387846,0.3327484,63.2783,256.6573,214.643,139.9303952341561,182.37511166327943,9134.986616178281
2456302.8382909,2013.0262513097878,9759.504668953927,0.3321487,63.2767,255.3819,214.6655,139.76158051694892,180.1369284763938,9128.88561302739
2456303.12997626,2013.0270499007804,9756.897089472403,0.3319782,63.2765,255.0073,214.6677,139.68365612411526,179.4770357190862,9127.110259723011
2456304.24268271,2013.0300963250097,9747.505325717335,0.3314051,63.2781,253.5832,214.6955,138.996048497449,176.98402299647768,9120.550813037577
2456305.38974309,2013.033236805175,9737.623986137149,0.3307081,63.272,252.1124,214.7129,139.17655916730564,174.40005013702694,9114.003931493227
2456306.27360711,2013.0356566929777,9729.905330449026,0.3302,63.2682,250.974,214.7409,138.9542903347574,172.4184905279945,9108.741526825499
2456307.37520149,2013.0386726940171,9720.049288342938,0.3294769,63.2645,249.5553,214.7515,139.38128097250046,169.92463015381384,9102.298244079486
2456308.10938721,2013.0406827849695,9712.579087383092,0.3289902,63.2643,248.6013,214.7611,139.0994509091106,168.2565974109857,9097.171106321277
2456308.81162464,2013.04260540627,9705.827674101833,0.3284896,63.2656,247.6907,214.7861,139.42792376719171,166.67885374278433,9092.764619166695
2456309.80175463,2013.0453162344427,9696.449090225653,0.3278415,63.264,246.4043,214.7933,139.41437581243918,164.4237556006533,9086.453271912093
2456310.348164,2013.0468122217662,9691.27270808104,0.3275032,63.2613,245.693,214.8089,139.21358411183337,163.18950016418944,9082.891538533073
2456310.79071083,2013.048023848953,9686.859082185912,0.3271858,63.2655,245.1156,214.8138,139.3200438936483,162.18081437687397,9079.962471061106
2456311.98550179,2013.051295008323,9674.349992541096,0.3262896,63.2605,243.5565,214.8277,139.57390321485946,159.45799700374164,9071.635155590622
2456312.5483615,2013.0528360342225,9668.777347728786,0.3259554,63.2625,242.8175,214.8578,139.05085983891058,158.19432767987485,9067.673493499913
2456313.26965694,2013.054810833511,9661.775022685719,0.3254696,63.2618,241.8718,214.8714,139.02467076220637,156.55129993603543,9062.939720226774
2456314.29015586,2013.057604807283,9651.984437081188,0.3247842,63.2606,240.5325,214.8869,139.0360932713229,154.22166937810675,9056.334649026852
2456315.0159576,2013.0595919441478,9644.991869785357,0.3243226,63.2607,239.5753,214.9018,138.76672959770804,152.56400010680494,9051.505670926634
2456315.50106453,2013.0609200945382,9640.756183096064,0.3240479,63.2588,238.9364,214.9197,138.55308755176793,151.46486596621799,9048.559635351143
2456316.47990957,2013.0636000262011,9632.299009149832,0.3233884,63.2624,237.6444,214.9355,139.18894425928193,149.2238905675997,9043.086337193716
2456317.45961894,2013.066282324271,9623.828032987725,0.3228359,63.2619,236.3473,214.9517,138.77454851290258,146.97736326240556,9037.192022464418
2456318.54935008,2013.0692658455307,9613.973151042514,0.3221624,63.2619,234.8998,214.9747,138.57618716709385,144.47879560895592,9030.43936744233
2456319.29864457,2013.0713173020401,9607.017449049186,0.3216505,63.2571,233.9054,214.9917,138.7791830537899,142.76287126554314,9025.801931583079
2456319.7358203,2013.072514223956,9602.77616686866,0.3213989,63.2574,233.3223,214.9884,138.31816989085655,141.74557937582358,9022.747545132195
2456320.50055608,2013.0746079564137,9594.6918243906,0.3209502,63.2551,232.3036,215.0158,137.1372644140729,140.00053569103568,9016.80722262441
2456321.25145402,2013.0766638029293,9587.080810126856,0.320307,63.2535,231.2998,215.02,138.13541707755303,138.2608309454597,9012.02172185525
2456321.99765608,2013.0787067928268,9580.061878164865,0.3198286,63.2539,230.2991,215.0512,137.9477997580252,136.5558545823996,9007.179744896554
2456323.04854395,2013.081583967009,9570.054306485574,0.3190654,63.255,228.8878,215.068,138.444801165032,134.12557187672093,9000.563019999317
2456323.52557916,2013.0828900182344,9565.589794041149,0.3187667,63.2537,228.2473,215.0835,138.2620018409716,133.03039343565092,8997.454563207591
2456324.4922334,2013.0855365733053,9556.738684065629,0.3181512,63.2532,226.9455,215.1,138.1145036437283,130.79233361008556,8991.370383998745
2456325.56599402,2013.088476369665,9547.050662064548,0.3174679,63.2491,225.4946,215.119,138.03223718530626,128.30210692065464,8984.73552980552
2456326.20309549,2013.090220658426,9541.222147994662,0.3170172,63.2503,224.6306,215.1413,138.3543180594088,126.83246296662423,8980.881928752418
2456327.1733787,2013.0928771490758,9531.934310035516,0.3163493,63.2508,223.3151,215.1582,138.37726340979862,124.57752633272355,8974.55045203237
2456327.9104541,2013.09489515154,9524.983438311818,0.3158392,63.2522,222.3136,215.1704,138.48398914216432,122.86174544558764,8969.842239768013
2456328.56819579,2013.0966959501438,9518.872590728091,0.3154151,63.2521,221.4183,215.178,138.34014063633094,121.32575794820315,8965.61073117265
2456329.5296678,2013.0993283170426,9509.789348929382,0.3147725,63.2534,220.1041,215.1995,138.23288109350779,119.0854058646471,8959.356903813705
2456330.16557435,2013.1010693342914,9503.727644824052,0.3143119,63.2504,219.2365,215.2121,138.4566516968789,117.60363965510106,8955.291484818667
2456330.90238522,2013.1030866125118,9496.668343505371,0.3138292,63.2493,218.2274,215.2252,138.2002145977549,115.88141949575527,8950.359829967485
2456331.85960351,2013.10570733336,9487.65665905606,0.3131821,63.2511,216.9116,215.2483,138.1561224938987,113.64525999036812,8944.166004223147
2456332.51388731,2013.1074986647773,9481.352158335503,0.3127535,63.25,216.0122,215.2584,137.88978608352045,112.11108068014636,8939.741800494214
2456333.4697584,2013.1101156971943,9472.018757993184,0.3120956,63.2494,214.6922,215.2876,137.70708050604753,109.8781490100427,8933.266736461626
2456334.42455672,2013.112729792526,9462.880110859685,0.3114403,63.2466,213.3742,215.3051,137.62159026951122,107.63657469069062,8926.956321835385
2456334.9114328,2013.114062786584,9458.266617885465,0.3110983,63.2466,212.7007,215.3164,137.67965211454703,106.49449682968407,8923.806192365448
2456335.89489742,2013.1167553659684,9449.324659533577,0.3104398,63.2458,211.3361,215.3438,137.74190209290555,104.18796825137531,8917.677808176582
2456336.44128462,2013.1182512925948,9444.286077420747,0.3100681,63.2441,210.5788,215.3539,137.77793753844253,102.90223466591914,8914.222608582118
2456337.39069598,2013.120850639233,9435.493924926424,0.3094175,63.2452,209.2551,215.3699,137.85068341050192,100.65876987615411,8908.19297124475
2456338.12220134,2013.1228533917586,9428.616182543798,0.3088908,63.2462,208.2333,215.3978,138.06708702489777,98.94387896692518,8903.531381892784
2456338.92795192,2013.1250594166183,9420.672654250602,0.3083279,63.2438,207.1098,215.4017,137.8801381780877,97.03011001740055,8897.98251570568
2456339.39456734,2013.1263369400142,9416.095113754229,0.3080521,63.2467,206.4563,215.4183,137.3109401624988,95.93330159492768,8894.613617062887
2456340.44162583,2013.1292036299242,9406.484836654514,0.3074642,63.2423,204.9937,215.4313,136.1912015404023,93.45169322731613,8887.565374194883
2456341.38639369,2013.1317902633539,9397.88826067272,0.306761,63.2471,203.6568,215.4605,136.84635994049495,91.2128051925921,8881.863162859772
2456342.48210152,2013.134790147899,9387.039095790791,0.30599,63.2496,202.1086,215.4807,136.56270286976724,88.6048467564118,8874.25318508415
2456343.37704216,2013.137240361834,9378.36211626995,0.3053309,63.2491,200.8432,215.5072,136.72207078334122,86.48386973972515,8868.302189366295
2456344.32283417,2013.1398297992332,9369.363045226171,0.3046472,63.2456,199.5017,215.5221,136.87652771454486,84.22507227601733,8862.120769345205
2456345.36546425,2013.142684364819,9359.2442637779,0.3038625,63.2425,198.0222,215.556,137.18460367568878,81.75182866520765,8855.212085487
2456346.3018112,2013.145247943053,9350.137844229126,0.3032167,63.2417,196.6888,215.5739,136.8836025568562,79.51344050092735,8848.779388111428
2456346.80608727,2013.1466285756876,9345.241180844198,0.3028208,63.2405,195.9699,215.5867,137.17147026801285,78.31031275244652,8845.480539868578
2456348.27557082,2013.150651802382,9330.314103268398,0.3016839,63.2421,193.8634,215.6303,137.37225636938456,74.79905114242047,8835.16951188156
2456348.99874807,2013.1526317537853,9323.397077059972,0.3011963,63.2435,192.824,215.6314,137.08807401869308,73.04796863727847,8830.250966008462
2456349.99780142,2013.1553670127853,9314.066549808049,0.3004932,63.245,191.3853,215.6483,137.11658724326844,70.6414753973097,8823.758991874289
2456351.02951581,2013.15819169284,9304.77238243057,0.29999,63.2263,189.8853,215.7028,135.29741542522333,68.1790905775652,8816.62707152768
2456351.75027925,2013.1601650355924,9297.963672276352,0.2994978,63.2317,188.8365,215.7226,135.10770794966356,66.43968718677075,8811.807836403224
2456352.70824618,2013.162787806105,9288.674237787696,0.2988154,63.2305,187.4483,215.7493,134.9390299534698,64.13398980219472,8805.260083622203
2456353.3424491,2013.1645241590697,9281.907804092694,0.2983175,63.2302,186.5259,215.7639,134.81597274527212,62.60110273489363,8800.487108087711
2456354.06063236,2013.1664904376732,9274.236965031552,0.2977449,63.2301,185.4802,215.7817,134.74390730192954,60.86534243761753,8795.096461240873
2456355.08575397,2013.1692970676793,9263.588043321191,0.2969417,63.2295,183.9841,215.8085,134.7061616377232,58.385655635467856,8787.628468634648
2456355.69060632,2013.1709530631617,9257.302833585538,0.2964689,63.2292,183.099,215.8246,134.66414554555013,56.920497261788,8783.210133387342
2456356.41922392,2013.1729479094317,9249.952728162149,0.2958904,63.233,182.0262,215.8402,134.84421544515862,55.145152604540385,8778.120437184201
2456358.05515769,2013.1774268519914,9232.915352868069,0.2946271,63.2286,179.6239,215.8844,134.51197790707283,51.174633283111234,8766.044895496561
2456358.73410101,2013.1792856974948,9226.156904270807,0.2941146,63.2289,178.6219,215.8992,134.47315683396027,49.51824890182809,8761.281952247897
2456359.99219964,2013.1827301838186,9213.139691336271,0.293119,63.2289,176.76,215.9284,134.45709815147438,46.44553382525919,8752.119864757351
2456360.77499715,2013.1848733665984,9205.235246196804,0.2925243,63.2287,175.5983,215.945,134.34394946775683,44.52888802458227,8746.514718036065
2456361.32313735,2013.186374092676,9199.525154789399,0.2920922,63.2283,174.7822,215.9644,134.27931337162227,43.19192663663449,8742.468945756507
2456362.62613507,2013.1899415060093,9186.009021171118,0.2910712,63.2274,172.839,216.0008,134.09005216801506,40.000857836671685,8732.871032954372
2456363.95582071,2013.1935819868854,9171.779644518152,0.2899949,63.2264,170.8482,216.0377,133.87402368407584,36.736384721216155,8722.747568996167
2456364.73993402,2013.1957287721293,9163.569175023982,0.2893657,63.226,169.6706,216.052,133.81026619474414,34.80024203346869,8716.920948324396
2456365.73839532,2013.1984624101842,9152.835348598846,0.2885453,63.2254,168.1666,216.0797,133.69142708678737,32.33983233368167,8709.284447604334
2456368.29374586,2013.205458578672,9124.426808954691,0.2862415,63.2344,164.313,216.1452,134.50089251928694,26.033111678037073,8689.416749096683
2456370.65562729,2013.2119250576038,9096.11453188875,0.2841281,63.219,160.6865,216.2159,133.51649256081055,20.14937926263343,8668.951750448927
2456371.65425656,2013.214659155537,9083.40140934567,0.283146,63.2189,159.1525,216.2606,133.33633389508032,17.675804006660883,8659.833221845978
2456372.19312138,2013.2161344870094,9078.77518314823,0.2827744,63.2185,158.3217,216.2676,133.39367799859883,16.32088467662686,8656.553436443004
2456373.64564071,2013.2201112681996,9062.1229102694,0.2814658,63.2175,156.078,216.3,133.3089356320952,12.677943448145356,8644.637468642479
2456374.18216235,2013.2215801843943,9055.908294409668,0.2809734,63.2177,155.2452,216.3214,133.3026508411831,11.3377336180273,8640.193798441633
2456374.97399056,2013.2237480918825,9046.982245533218,0.2802774,63.2165,154.015,216.344,133.1812839090053,9.349686922339572,8633.769200132108
2456375.96474391,2013.226460626721,9035.958471016429,0.2794057,63.2152,152.4707,216.3696,133.12386925115425,6.854474380394208,8625.85762387526
2456376.64592354,2013.2283255949076,9028.461651835827,0.2788075,63.2143,151.4058,216.3861,133.12252984160932,5.134685833268861,8620.484733221101
2456377.15190992,2013.2297109101162,9022.745575291952,0.2783551,63.2136,150.6131,216.403,133.08202840700324,3.8601723581888905,8616.372322731278
2456378.14135646,2013.2324198671042,9011.989218693221,0.2774887,63.2116,149.06,216.4299,133.12774598402393,1.3587478424783512,8608.667360401441
2456378.92438484,2013.2345636819707,9003.259878313009,0.2767957,63.2104,147.8272,216.4554,133.05995801344488,359.3796744905144,8602.373735295276
2456379.90717683,2013.2372544197942,8991.43772116355,0.2758635,63.2095,146.2747,216.4915,132.89194137134837,356.89460887404584,8593.81666385901
2456380.6738241,2013.2393533856257,8981.645682691005,0.2750781,63.2092,145.0604,216.5146,132.85535342316052,354.94778117471213,8586.75487318099
2456381.08956483,2013.2404916217113,8976.296004742971,0.2746525,63.2084,144.401,216.537,132.7975663003026,353.9010161839195,8582.881574179111
2456382.16248731,2013.2434291233672,8962.015289945453,0.2734891,63.2079,142.6927,216.5696,132.86549411203305,351.1678155877868,8572.603696441493
2456382.94029425,2013.2455586427102,8952.315061869913,0.2727092,63.2069,141.4501,216.5894,132.80008319941862,349.1783886243139,8565.57770855156
2456383.61394274,2013.2474029917591,8943.468482264887,0.2719819,63.2068,140.3703,216.6019,132.87063186836622,347.4471229667159,8559.205849309948
2456384.66043184,2013.2502681227652,8930.229934855988,0.2709123,63.2061,138.688,216.6307,132.7845036753024,344.7621758045263,8549.598120118033
2456385.27532088,2013.2519515972076,8922.369559767387,0.2702696,63.2063,137.696,216.6557,132.78800779687936,343.18912500522566,8543.904865298447
2456385.85890238,2013.2535493562762,8915.254306457357,0.2696927,63.2062,136.7524,216.6729,132.73900136224438,341.6875317405794,8538.730677294472
2456386.92079098,2013.256456648816,8901.609809574624,0.2685811,63.2051,135.0314,216.7111,132.66935514828037,338.95810642618073,8528.805677306478
2456387.98963867,2013.259382994305,8887.587781455852,0.2674383,63.2042,133.2906,216.7464,132.57011408252674,336.19912205021933,8518.582861317042
2456388.85513093,2013.2617525829705,8876.647583256645,0.2665371,63.2029,131.8762,216.7736,132.5553786934097,333.9588701306301,8510.616409135937
2456389.61661338,2013.263837408296,8866.089547101443,0.2656768,63.2019,130.6274,216.8005,132.43894771408122,331.98643301340906,8502.887605324118
2456390.10754541,2013.26518150694,8859.958094239135,0.2651596,63.2009,129.8204,216.8185,132.51884995392265,330.7135575016174,8498.441528821255
2456391.32499213,2013.2685146944011,8844.08884646777,0.2638459,63.1998,127.8118,216.8538,132.47596509151936,327.54031001556154,8486.842824257083
2456391.92774977,2013.2701649548808,8835.681886111397,0.2631448,63.1991,126.8136,216.8787,132.4818433269902,325.97291624289693,8480.699333600754
2456392.98406602,2013.2730569911573,8821.69890310268,0.2619595,63.1984,125.0587,216.9107,132.6347692953541,323.2088831833444,8470.513189649519
2456393.9336977,2013.2756569409994,8809.032730546065,0.2609084,63.1976,123.4747,216.9419,132.5457952716606,320.72010124021244,8461.202944261013
2456394.6819999,2013.2777056807663,8799.309517985734,0.2600996,63.1979,122.2218,216.9629,132.4763320814518,318.7506549241109,8454.047273518068
2456395.60927236,2013.2802444144008,8787.063248124954,0.2589012,63.2097,120.6777,217.001,133.9457287095065,316.33071081573377,8445.49925913183
2456395.92879784,2013.2811192274885,8783.625836841673,0.2587689,63.1971,120.1272,217.0079,132.5603410305739,315.472178104174,8442.549588534937
2456396.6510711,2013.2830967039015,8773.420721869063,0.2579362,63.1969,118.9093,217.0477,132.30161986889925,313.58218659545275,8434.962621747582
2456397.62828347,2013.2857721655578,8761.088929349298,0.2568924,63.1969,117.2553,217.0682,132.2954676753261,310.9855203992406,8425.87707775613
2456398.26329413,2013.2875107299935,8753.701992170794,0.2562547,63.1968,116.1774,217.0869,132.3884142776651,309.3004372023672,8420.458111925902
2456398.95205108,2013.2893964437503,8744.994797588617,0.2555204,63.1962,115.0061,217.1166,132.3339289108544,307.4799802498575,8414.015599655946
2456399.98699729,2013.2922299720467,8732.441270585574,0.2544473,63.1963,113.239,217.1501,132.3588668765051,304.7263100631968,8404.747758760037
2456400.64318744,2013.2940265227653,8724.746945292893,0.2537977,63.1957,112.1153,217.1726,132.28993749553047,302.97835180451756,8399.035959678826
2456401.27419682,2013.2957541322926,8717.4207439796,0.2531725,63.1949,111.0317,217.1994,132.2732406744235,301.29961237466796,8393.607731629709
2456402.31444155,2013.2986021671459,8705.561690945733,0.2521585,63.1946,109.2395,217.2379,132.24401329939337,298.5206198274593,8384.811300946956
2456403.92146155,2013.303001948118,8688.342899066269,0.2506644,63.1933,106.4593,217.2942,132.34833927756154,294.212798677566,8372.062640954382
2456404.94437029,2013.3058025196162,8677.323395283242,0.249709,63.192,104.6805,217.3293,132.38134757045918,291.46089293818585,8363.881292624355
2456408.3382069,2013.3150943378503,8637.340354161179,0.2462545,63.1909,98.7376,217.456,132.22012391739463,282.2996383738959,8334.031930445673
2456408.93195764,2013.3167199387822,8630.30984195747,0.2456447,63.1911,97.6898,217.4757,132.1836699227806,280.68632203838746,8328.767679306588
2456409.94686696,2013.3194986090618,8617.879408750767,0.2445572,63.1902,95.894,217.5121,132.17865060902295,277.9266007377754,8319.46742871472
2456410.95975086,2013.3222717340452,8606.487475892442,0.243574,63.1892,94.0948,217.5537,132.03459543941608,275.17067574373937,8310.89321116895
2456411.97067303,2013.3250394881034,8595.1085755427,0.2425735,63.19,92.2917,217.5896,132.02670549329196,272.40708428276685,8302.357201660525
2456413.8972749,2013.330314236551,8572.854573063578,0.2406126,63.1886,88.8389,217.6632,131.98144481686086,267.12897484166507,8285.623852277478
2456414.61751831,2013.3322861555373,8562.636403546852,0.2397203,63.1875,87.5415,217.6963,131.86233609767987,265.1547840066015,8277.899237956915
2456417.62006642,2013.3405066842442,8525.63464806692,0.236419,63.1852,82.0884,217.8155,131.87633020558678,256.86149367210663,8249.979698087509
2456418.30998821,2013.3423955871594,8517.149872824024,0.2356632,63.1847,80.826,217.8392,131.83477891472194,254.9427886226091,8243.548973780613
2456418.89416916,2013.3439949874337,8510.180903988616,0.2350352,63.1842,79.7548,217.8679,131.85253318347077,253.32450452386195,8238.276894138906
2456419.88781086,2013.3467154301434,8498.176957565765,0.233947,63.1838,77.9273,217.9055,131.91765287412727,250.55524514842352,8229.195576383014
2456420.6981414,2013.3489339942498,8488.071411558709,0.2330399,63.1836,76.4315,217.9371,131.87579861620907,248.29236207004146,8221.51446762157
2456421.30462528,2013.3505944566193,8481.117318745235,0.2324205,63.1833,75.3092,217.9599,131.79549096380742,246.59509561705045,8216.209738896661
2456422.27837613,2013.3532604411496,8469.866202798858,0.2314082,63.1827,73.5017,218.0008,131.73341056833942,243.86874118611416,8207.63704579704
2456422.85604568,2013.3548420141824,8463.185714781708,0.230797,63.1821,72.4262,218.031,131.77154136723402,242.25407489433763,8202.562104899327
2456423.65942262,2013.3570415403701,8453.997683677444,0.2299738,63.1815,70.9263,218.0645,131.66341117094362,239.9958454667435,8195.532727580017
2456424.64044514,2013.3597274336487,8442.748386873878,0.2289601,63.1809,69.0892,218.1097,131.55957194039638,237.23702388646564,8186.924422212647
2456425.62539385,2013.3624240762485,8431.675563358596,0.2279473,63.1802,67.2376,218.1496,131.5615842150255,234.45453255050768,8178.468533166611
2456427.29829522,2013.3670042305814,8412.25437541917,0.2261828,63.1787,64.0763,218.2193,131.41082647461099,229.71407699065878,8163.570870469784
2456427.85308296,2013.3685231566324,8405.605304825232,0.2255651,63.1779,63.0231,218.2501,131.4578036817984,228.14486361231445,8158.489088712769
2456428.4737585,2013.3702224736485,8398.364975209097,0.2248838,63.177,61.8416,218.2703,131.57244579716917,226.37180948658454,8152.967634728194
2456429.44320353,2013.3728766694862,8386.839054326307,0.2238199,63.1757,59.9934,218.3143,131.5612758708985,223.6120989849939,8144.11751336461
2456430.29930933,2013.3752205594253,8376.583489395858,0.2228767,63.1753,58.3537,218.3505,131.5019040048237,221.16479860692186,8136.220187823431
2456430.77240944,2013.3765158369335,8370.452928369052,0.2223103,63.1754,57.4439,218.3724,131.4787267274496,219.81059870388395,8131.4981779668815
2456431.74574447,2013.3791806830118,8357.511712686768,0.221114,63.1742,55.5693,218.4209,131.41256784774578,217.0251541157702,8121.515092619045
2456432.62034446,2013.3815752072828,8346.170000441954,0.2200557,63.1742,53.8778,218.4573,131.41141867569968,214.50802537822415,8112.768468518655
2456433.29146454,2013.3834126339225,8338.160526791098,0.2192986,63.1741,52.5756,218.475,131.47729669054752,212.56205178791737,8106.601829914018
2456434.25460725,2013.3860495749486,8326.20644768125,0.2181966,63.1733,50.7006,218.5216,131.32020989912417,209.78435301849805,8097.322285518883
2456434.72712075,2013.387343246407,8320.493863964319,0.217668,63.1723,49.7776,218.5505,131.25230558293333,208.42453129351844,8092.885265861446
2456435.50027863,2013.3894600373164,8310.824214596136,0.2167692,63.172,48.2639,218.5877,131.1571982575033,206.1859865660836,8085.373313053108
2456436.26329545,2013.3915490635175,8301.344182527011,0.2158646,63.1714,46.7653,218.6138,131.24154110349082,203.96143713368554,8078.045440666327
2456436.89980089,2013.3932917204384,8293.379401989981,0.2151286,63.1705,45.5111,218.6561,131.1000019710391,202.12218064217643,8071.8291422647435
2456437.77355461,2013.3956839277485,8281.681551968055,0.214025,63.1684,43.7842,218.6974,131.0583578080914,199.57538601059048,8062.730854361105
2456438.64153794,2013.3980603365917,8270.33447510178,0.2129455,63.1674,42.0618,218.7411,131.06766513399361,197.04117882697693,8053.905995151472
2456439.30156294,2013.3998673865565,8261.60305221706,0.2121112,63.1669,40.7471,218.7694,131.08821488763624,195.10424083965182,8047.1107145147735
2456440.25220486,2013.4024701022863,8249.773241911716,0.210981,63.1662,38.8472,218.8124,131.09153355994113,192.3103631769091,8037.886914503623
2456440.71428022,2013.4037351956747,8243.859831386239,0.2104113,63.1662,37.9205,218.8435,131.12226724647917,190.95932955707838,8033.278510230408
2456441.82969269,2013.4067890285837,8230.624198143605,0.2091297,63.1646,35.6773,218.8931,131.21992877309276,187.66634970989656,8022.959055556644
2456442.6091239,2013.4089229949352,8221.181245849279,0.2082109,63.164,34.1039,218.9295,131.30539958787904,185.36112182334247,8015.590447106616
2456443.16410046,2013.410442437946,8214.395765862533,0.2077663,63.1644,32.9856,218.9196,129.58485085360826,183.68592233944022,8009.859378258511
2456443.72244872,2013.41197111217,8208.443747614925,0.2069803,63.1632,31.8477,218.9833,131.3212982004634,182.06139961876204,8005.61371462986
2456444.66294076,2013.414546039042,8196.882296995575,0.2058739,63.1629,29.9337,219.0275,131.2218706721369,179.26462594482865,7996.51778734135
2456445.6043345,2013.4171234346343,8184.714080648267,0.2047032,63.1623,28.01,219.0788,131.14061725450847,176.46436353167746,7986.936928830865
2456446.62424333,2013.4199157928274,8171.7714356092765,0.2034505,63.1617,25.9169,219.1275,131.08415114885156,173.41471458213368,7976.738490558143
2456447.64436235,2013.4227087264887,8159.310555455423,0.2022465,63.1598,23.8144,219.1843,130.98225320150777,170.36355846407142,7966.89381614866
2456448.66227326,2013.4254956146744,8146.9645202827105,0.2010436,63.1583,21.7068,219.2409,130.93314405280125,167.30927871720752,7957.137889509365
2456450.14162537,2013.4295458600134,8129.850909761298,0.1996456,63.1546,18.6265,219.3172,128.62564697145808,162.8471903951715,7943.07143504544
2456451.17997024,2013.432388693334,8116.852796722115,0.1980895,63.155,16.4551,219.3664,130.85318464582906,159.70157039978312,7933.292679119821
2456452.25754581,2013.4353389344565,8104.19190570223,0.1968233,63.1538,14.1909,219.4257,130.9618109886278,156.4345835957035,7923.273579307408
2456453.00751228,2013.4373922307454,8095.6081407948095,0.1959639,63.1531,12.6083,219.461,131.02489665290977,154.14809693162795,7916.4695657300435
2456453.63276491,2013.4391040791509,8088.474881076156,0.1952572,63.1526,11.285,219.5008,131.00562352689212,152.24833150566099,7910.793564183333
2456455.2982758,2013.4436639994524,8070.171721493737,0.1934251,63.1525,7.7456,219.5811,131.0616492466388,147.14766019716845,7896.230999900435
2456456.29540727,2013.4463939966327,8059.09605563443,0.1923134,63.1525,5.6158,219.6298,131.08759224878395,144.08376121224026,7887.401225934095
2456457.29410266,2013.4491282755919,8048.171650766929,0.1912211,63.1522,3.4744,219.6823,131.05511471846057,141.01052078694238,7878.667409607945
2456458.02241314,2013.4511222810133,8040.291427009533,0.1904362,63.1517,1.9073,219.7175,130.99258075726084,138.7607788351583,7872.351535657416
2456459.28631481,2013.4545826551955,8025.928256360752,0.1889969,63.1515,359.1772,219.7979,130.91639628616394,134.8653441296159,7860.832662188329
2456460.27880913,2013.4572999565507,8014.757106792317,0.1878816,63.151,357.0235,219.8577,130.79541795680598,131.79321564170027,7851.846432801652
2456461.00269867,2013.4592818580975,8006.482643477717,0.1870444,63.1503,355.4478,219.8959,130.778601318013,129.54223108487133,7845.198426365093
2456461.52756484,2013.4607188633536,8000.287990680003,0.186414,63.1499,354.3018,219.9369,130.78600518538042,127.9199091926813,7840.2213372589185
2456462.96791789,2013.464662335085,7983.1993069649925,0.1857745,63.1495,351.1379,219.9955,121.98814731322454,123.39495936937442,7824.576863993196
2456463.37856766,2013.465786632882,7978.260213215776,0.1843791,63.149,350.2421,220.017,129.09947553724305,122.11591216240481,7822.126129242977
2456464.19866681,2013.4680319419851,7968.5514369047905,0.1836498,63.148,348.4303,220.0528,126.99225922751339,119.53160088536379,7813.847694260043
2456464.77180067,2013.4696010969742,7961.626751089733,0.183558,63.1547,347.1541,220.1241,122.07016791320348,117.7618050892736,7807.213079007687
2456465.29171972,2013.4710245577544,7954.860320239748,0.18178,63.1469,346.0056,220.1608,130.68951122656654,116.13755920844324,7803.573854388906
2456466.00730378,2013.4729837201367,7946.073478082576,0.1808803,63.1464,344.4125,220.1969,130.64902354495644,113.8752607507738,7796.457038872412
2456467.00095808,2013.4757041973442,7933.874421255546,0.1796148,63.1455,342.192,220.2503,130.69685385661523,110.72878895611882,7786.585440562882
2456467.5041234,2013.4770817889116,7927.853118341026,0.1789853,63.1452,341.0639,220.2824,130.74764959882214,109.13685599182077,7781.712984853701
2456468.61655442,2013.4801274590554,7914.32533395712,0.1775931,63.1444,338.561,220.352,130.65946349113983,105.60711474006484,7770.71095006937
2456469.27826517,2013.4819391243527,7906.684336008848,0.1768026,63.144,337.0665,220.3878,130.62568802320948,103.49621523303051,7764.491777890132
2456469.9956431,2013.4839031980828,7898.6361701930055,0.1759672,63.1433,335.4415,220.4185,130.59897950541836,101.19484869016503,7757.936636945389
2456470.95790523,2013.4865377282138,7888.416726804051,0.1749076,63.1426,333.2543,220.4708,130.53638931889782,98.11151784301035,7749.597730377699
2456471.6051488,2013.4883097845316,7881.336320302159,0.1741665,63.1421,331.7787,220.5166,130.53525807225287,96.043777568608,7743.822555331225
2456472.26512934,2013.4901167127719,7873.894856499009,0.1733961,63.1414,330.27,220.5608,130.45589657202163,93.9287834021709,7737.731629217816
2456473.31164016,2013.4929819032448,7860.075225225799,0.1719514,63.1402,327.8676,220.6332,130.38798614290772,90.56731483187673,7726.4211422045555
2456473.93397301,2013.4946857577281,7852.30700217001,0.1711353,63.1393,326.4333,220.6612,130.36378766154394,88.54762721790826,7720.05753506046
2456474.44298999,2013.4960793702674,7846.374599681171,0.1705032,63.1388,325.2568,220.6971,130.40632203681253,86.90532670378843,7715.205654790871
2456475.4022388,2013.498705650377,7835.898395133988,0.1693975,63.1383,323.0334,220.7581,130.3804967442784,83.7974658642886,7706.608683092151
2456476.28190405,2013.501114042574,7826.529950989799,0.1684003,63.1377,320.9867,220.8053,130.4036592841303,80.93094467336459,7698.920121704847
2456477.3177272,2013.5039499718007,7815.964222548821,0.1672771,63.1369,318.5677,220.8727,130.3960936970998,77.55841015173291,7690.231342435169
2456477.91356315,2013.5055812817247,7809.525643464886,0.1669804,63.1374,317.1743,220.8859,127.351627708862,75.59093857907385,7684.344318231674
2456481.51246713,2013.5154345438195,7767.167037971364,0.1620746,63.1387,308.6749,221.1048,130.1702471589706,63.763264224965496,7649.914255660604
2456485.35130951,2013.525944721451,7721.935341319843,0.156943,63.1366,299.4537,221.3315,131.89534304708286,50.98510027766929,7612.669256509955
2456489.09909896,2013.5362056097465,7672.592561846193,0.1516364,63.1279,290.271,221.6957,131.01194710105938,38.47268049123164,7571.278607937852
2456490.32627201,2013.5395654264473,7657.04403209976,0.1501216,63.1239,287.2255,221.7506,129.42003073049364,34.27254647897655,7557.955260797877
2456492.25899226,2013.544856926105,7634.517028951617,0.1476138,63.1214,282.3974,221.8912,129.42065914335853,27.68010660219545,7539.008583973397
2456493.32794457,2013.5477835580293,7621.374041280705,0.1461446,63.1206,279.7077,221.966,129.41508056735256,24.01161910943364,7527.927271961608
2456494.24445134,2013.5502928168098,7609.913954136236,0.1448761,63.1197,277.3904,222.0289,129.28299912539842,20.85388594843016,7518.227789367661
2456495.24484551,2013.5530317467762,7598.13893485742,0.1435539,63.1182,274.8501,222.1,129.26015801679114,17.398671160580307,7508.265416378205
2456496.23536292,2013.5557436356466,7586.303070942606,0.1422252,63.1166,272.3218,222.1702,129.20329941717955,13.964291167166948,7498.230243623379
2456497.22346793,2013.5584489197267,7574.07016069774,0.1408484,63.1142,269.7879,222.2437,129.1381970757202,10.529988898346062,7487.840835478247
2456497.96383139,2013.5604759244075,7564.90047640727,0.1398048,63.1128,267.8811,222.297,129.15477828324583,7.946767213350427,7480.052487686851
2456498.63606711,2013.5623164055035,7556.7266364248835,0.1388767,63.1114,266.1435,222.3355,129.13707835609603,5.585094018779046,7473.096609676119
2456499.19248769,2013.5638398020265,7549.94014230958,0.138096,63.1108,264.7008,222.3919,129.1873084171957,3.65037127050698,7467.325877652609
2456500.1733474,2013.5665252495553,7536.881857755978,0.1366205,63.1102,262.148,222.4754,129.05298990842675,0.2143101601292301,7456.170523477611
2456500.98460831,2013.5687463608756,7526.004963590967,0.1353836,63.1097,260.0264,222.5424,128.97101800215387,357.3601100847882,7446.868625340256
2456501.96066045,2013.5714186459963,7513.132541370437,0.1339151,63.109,257.4617,222.6279,128.87434577955992,353.91888744132007,7435.842741789688
2456502.62620066,2013.5732407957842,7504.411179521447,0.1329153,63.1081,255.706,222.6786,128.82381627199993,351.5579135177346,7428.363941375738
2456503.67375488,2013.5761088429301,7491.1107126751585,0.1313964,63.1076,252.9292,222.7666,128.669433028208,347.8366165451785,7416.9298001515535
2456504.29180837,2013.5778009811636,7483.078973530449,0.1304504,63.107,251.2834,222.8329,128.77202820181265,345.64794678107444,7410.04467989722
2456504.95602848,2013.5796195167147,7474.4791670997365,0.1294619,63.1058,249.5086,222.887,128.6825926165866,343.2725739826703,7402.634199906186
2456506.00670774,2013.5824961197536,7460.906320884594,0.1278905,63.1047,246.6895,222.9825,128.59098105350222,339.51339688869075,7390.928322128299
2456506.96087497,2013.5851084872554,7448.422603533664,0.1264358,63.1041,244.115,223.0601,128.53903291780261,336.0760445880202,7380.147409223805
2456507.61136649,2013.586889435975,7440.090041652456,0.1254704,63.1031,242.3517,223.1069,128.44266809030614,333.7184030489671,7372.932255723949
2456508.65110347,2013.5897360806846,7426.845984335108,0.1239282,63.1019,239.5225,223.2174,128.3140298192302,329.97491095358464,7361.451050564885
2456509.18039078,2013.5911851903625,7420.001745029097,0.1231175,63.1011,238.0758,223.2786,128.33338018547693,328.067731469542,7355.52187765809
2456510.0675256,2013.5936140331282,7406.747240976182,0.1215664,63.1002,235.6406,223.3677,128.19934318077503,324.8472480738406,7343.999300968977
2456510.94742573,2013.5960230683918,7393.961769196564,0.1200546,63.0991,233.2121,223.4493,128.14634658037812,321.6330953789957,7332.875263613235
2456511.65411663,2013.5979578826286,7384.337972837649,0.1189385,63.0986,231.2529,223.5079,127.91959085529834,319.03596225371166,7324.463477936019
2456512.04418465,2013.5990258306635,7379.420987764352,0.1183335,63.0987,230.1684,223.5592,128.05197430873886,317.61830096115483,7320.1953712147815
2456512.99579546,2013.601631199069,7366.943901198051,0.116846,63.0979,227.5123,223.6504,128.0096741186635,314.1154683351598,7309.299908658566
2456513.94029034,2013.6042170851204,7354.7515046730105,0.1153981,63.0975,224.8612,223.7484,127.89085506160427,310.6314493566599,7298.624391865914
2456514.95608021,2013.6069981662147,7341.621396565511,0.1138213,63.0967,221.9957,223.8483,127.85220510060844,306.8646601626978,7287.119390983133
2456515.58087794,2013.6087087691722,7333.554324961785,0.1128727,63.0962,220.2248,223.8915,127.65994770667021,304.5211430979838,7280.0183700912
2456516.03932951,2013.609963941164,7327.83165076325,0.1121738,63.0954,218.9219,223.9604,127.70462873686301,302.83528118092977,7274.999683278648
2456517.60031007,2013.6142376730184,7307.954089028155,0.1097967,63.0932,214.4611,224.1029,127.42854630135753,296.9784377133725,7257.4806070678205
2456518.60587775,2013.616990767283,7294.643098398452,0.1081902,63.0915,211.5669,224.2084,127.29790265410338,293.1986237781482,7245.72879223743
2456519.60859796,2013.6197360655985,7280.900973887835,0.106514,63.0914,208.6649,224.3113,127.2467875551456,289.41121638453467,7233.583588888589
2456520.38733897,2013.6218681422856,7269.929047884108,0.1067169,63.1007,206.3819,224.2575,115.96845667396428,286.3068687771438,7222.502353352219
2456520.63045777,2013.6225337652843,7265.9049468476,0.1047006,63.0899,205.6882,224.4325,127.02403936968767,285.5485444976635,7220.282945359877
2456521.62276389,2013.6252505513753,7250.924662020808,0.1028691,63.0886,202.7789,224.5502,126.8922678709223,281.77890150487934,7206.979214500572
2456522.60591781,2013.6279422801094,7237.179708702243,0.1011802,63.0878,199.8781,224.657,126.78411833980863,278.0158791605781,7194.749152735687
2456522.97696399,2013.628958149185,7231.948059425444,0.1005299,63.0873,198.7787,224.7162,126.78474420621023,276.6099662933205,7190.0926303735405
2456524.02929904,2013.63183928553,7217.124602783888,0.0987025,63.0866,195.6472,224.844,126.6400616776109,272.569057209174,7176.86287802698
2456524.95466691,2013.6343728046822,7204.16822562548,0.0970991,63.0858,192.8768,224.966,126.51367466864849,269.00859031435505,7165.276546359691
2456526.33840176,2013.63816126423,7182.602032106611,0.0944318,63.0842,188.7025,225.1146,126.19969353112629,263.6190448772329,7145.931862931414
2456526.92356134,2013.6397633438473,7172.679760258077,0.0931971,63.0827,186.9248,225.2083,126.07050737332884,261.35829621500034,7137.013373757472
2456527.90099576,2013.6424394134435,7156.268718037409,0.0911429,63.0809,183.938,225.3271,125.88933389619706,257.5269111603533,7122.238107887862
2456529.54925266,2013.646952094894,7126.677255712128,0.0874248,63.0772,178.8491,225.5357,125.49262196694599,251.02204583817928,7095.500448127064
2456530.30659519,2013.6490255857357,7112.886767907126,0.0856841,63.0752,176.4877,225.6378,125.28916679709528,248.01628913515003,7082.99900348989
2456530.88102106,2013.6505982780563,7102.1492974235125,0.084314,63.0734,174.686,225.7406,125.2023815605462,245.75121989974582,7073.2548462424475
2456531.97773269,2013.6536009108556,7082.558199384028,0.081812,63.0714,171.2235,225.8913,124.98364797602153,241.35847209194134,7055.430650350028
2456532.65766853,2013.6554624737303,7068.611409437161,0.0800398,63.0697,169.0608,225.9917,124.70486594809245,238.6260094570746,7042.699127557067
2456533.34075144,2013.6573326528126,7054.485315674711,0.0782316,63.068,166.8737,226.0982,124.46534225297364,235.8721449874679,7029.781583842475
2456534.29335561,2013.6599407408903,7036.127267824835,0.0758584,63.0659,163.7999,226.2562,124.2416110912718,232.01743327945337,7012.961875137288
2456534.97901781,2013.6618179816837,7022.469465868556,0.0740781,63.0643,161.5713,226.4121,124.12197052899774,229.26892659387516,7000.422785408761
2456535.99364747,2013.6645958862975,7001.190233728624,0.071319,63.0622,158.2474,226.6023,123.73604744933164,225.13518093292282,6980.818942056681
2456536.32017325,2013.665489865161,6994.0285452227345,0.0703954,63.0613,157.1702,226.6506,123.54480817036165,223.78444854204963,6974.202324586992
2456536.93553439,2013.6671746321429,6979.875061590176,0.0685341,63.0598,155.1305,226.8166,123.37930613164826,221.3042324285949,6961.122487157693
2456537.87404582,2013.6697441363997,6957.819968692719,0.0656409,63.0572,151.9927,227.016,122.9661039097573,217.44081089612303,6940.673060784175
2456538.68021502,2013.671951307379,6938.11205810668,0.0630339,63.0551,149.2706,227.2079,122.63949644718923,214.11602934354215,6922.3460434322915
2456539.32684306,2013.673721678467,6922.9288553282195,0.0610353,63.0534,147.0694,227.3454,122.24951576460444,211.41499575186435,6908.179903632375
2456540.59100314,2013.6771827601367,6890.957471606053,0.05676,63.0494,142.7166,227.7431,121.69042551769326,206.21390635074988,6878.262653786633
2456541.35972781,2013.6792874135801,6871.1053911539475,0.0539091,63.0592,140.0486,227.7249,122.5539835116897,202.77003111115914,6859.687563748289
2456541.71521354,2013.6802606804654,6861.509162828157,0.0528013,63.045,138.7878,228.1673,121.07625906891826,201.60125503243387,6850.571348303825
2456542.93747999,2013.6836070636277,6826.4465479474175,0.0480817,63.0404,134.4485,228.6745,120.08309296297375,196.56445709397798,6817.4239499908845
2456543.65999722,2013.685585207995,6804.766016629416,0.0451239,63.0373,131.8467,229.0474,119.5721353716317,193.6234251218225,6796.845052646732
2456544.3079908,2013.687359317728,6784.384206192527,0.0423595,63.0346,129.4882,229.4079,118.86478341031489,190.98674561794826,6777.425297591565
2456544.6222705,2013.6882197686512,6774.029781985892,0.0409261,63.0333,128.3348,229.5565,118.65886172536011,189.67218328559716,6767.543949207397
2456545.32513039,2013.6901440941547,6751.7514623408815,0.0377176,63.0298,125.7339,229.8593,118.95530138489266,186.6813261043087,6746.261125851359
2456545.95720797,2013.6918746282543,6725.328309646651,0.0341408,63.0274,123.3635,230.4046,117.58392089266727,184.23323382847934,6720.847759433202
2456546.34213179,2013.6929284922376,6707.967918480565,0.0319086,63.0261,121.9055,230.9998,115.78975335693576,182.99104279447386,6704.064337292202
2456546.67040464,2013.693827254319,6691.993963565785,0.0296795,63.0256,120.6519,231.8497,115.24262872413419,182.26378844514915,6688.624873231007
2456546.86353734,2013.6943560228335,6681.425376228011,0.0282296,63.0247,119.9092,232.1178,114.67511042724527,181.59883177991736,6678.382286856672
2456547.33344856,2013.6956425696371,6652.211388424098,0.0243788,63.0288,118.0903,232.6282,111.9021574279841,179.8271749306187,6649.951911222241
2456547.8936484,2013.69717631321,6611.68228172413,0.0191006,63.0325,115.8717,234.3762,107.25888313382984,178.80442724438188,6610.303797171523
2456547.95535338,2013.6973452522386,6604.777723933194,0.0081823,63.0102,115.7362,233.9724,172.5991511626553,178.20430919407232,6604.525040257454
2456548.08030639,2013.6976873549345,6624.893025285195,0.0209685,63.0265,115.1311,234.7884,107.84265588450307,178.29205222357177,6623.228400052055
2456548.26338333,2013.698188592279,6566.678287216242,0.0130696,63.0193,114.3801,238.022,102.71812867364042,180.5942067796184,6566.0373017522215
