jd,year,a_km,e,i_deg,raan_deg,argp_deg,hp_km,azimuth_deg,lambda
2459333.93692666,2021.3249470955786,26491.574831370595,0.6753607,63.1601,254.8489,40.7983,2222.0700091537674,258.20624559166083,18705.542162105598
2459333.95060036,2021.3249845321288,26491.54825366393,0.6753644,63.1457,254.8074,40.7878,2221.963362257142,258.14076843362204,18705.425177551308
2459344.86302854,2021.3548611322103,26490.82594448738,0.6759257,63.0982,253.5686,40.8356,2206.8595743815877,246.19419240429403,18690.004883592417
2459346.85641906,2021.3603187380147,26490.740603862512,0.6759898,63.1182,253.4166,40.7668,2205.1338612056134,244.00865431466457,18688.24058142581
2459348.84281559,2021.3657571953186,26490.77314373193,0.676086,63.1134,253.2024,40.759,2202.5959920787845,241.82880968533198,18685.705544690547
2459350.82923417,2021.3711957129906,26490.851380161148,0.6761834,63.1092,252.9906,40.756,2200.041125029091,239.65614332340425,18683.17018306401
2459352.81548406,2021.3766337688157,26490.9754018727,0.6762822,63.1068,252.7786,40.7546,2197.4639769483474,237.4850432263085,18680.629200036252
2459354.80182854,2021.3820720836138,26491.13950921155,0.6763809,63.102,252.5655,40.75,2194.9024259454836,235.30954989904268,18678.118455483796
2459356.78852237,2021.3875113548806,26491.339581511093,0.6764827,63.0967,252.3509,40.7523,2192.270354793598,233.13911224296453,18675.549847291182
2459357.7826313,2021.3902330767964,26491.451592071742,0.6765343,63.0953,252.2448,40.7511,2190.9396332456,232.05199235325756,18674.255068033806
2459359.76761052,2021.395667653717,26491.694300301064,0.6766383,63.091,252.032,40.7489,2188.2630048256615,229.88054466189016,18671.656798219956
2459364.24891306,2021.407936791403,26492.327104601034,0.6768751,63.0793,251.5494,40.7521,2182.1942464415006,224.98425509492375,18665.794300328052
2459368.22184243,2021.4188140792062,26492.9468754096,0.6770805,63.0657,251.1199,40.7443,2176.952858533832,220.63113148576667,18660.75577330232
2459375.66969064,2021.4392051762907,26494.187666357673,0.6774541,63.0475,250.3178,40.7381,2167.455305614236,212.48203653534864,18651.663139162076
2459376.66301024,2021.441924737139,26494.356824534345,0.677503,63.0456,250.2109,40.738,2166.2142928418525,211.3959946299143,18650.47699835048
2459381.63009369,2021.4555238704722,26495.188879910107,0.6777531,63.035,249.6761,40.7365,2159.856181465504,205.964006629972,18644.384355014874
2459382.6237409,2021.458244328268,26495.350069127893,0.6778087,63.0349,249.5832,40.7228,2158.4349827274054,204.87804182356416,18643.01252064134
2459384.61045462,2021.46368365399,26495.662890255884,0.6779123,63.0291,249.3617,40.7252,2155.790820297869,202.700784563586,18640.464535823397
2459386.59744281,2021.4691237311704,26495.960539576077,0.6780076,63.0234,249.1511,40.7288,2153.3616244433942,200.53535677868615,18638.126938333175
2459389.57787375,2021.4772837063658,26496.381141443348,0.6781468,63.0189,248.8348,40.7328,2149.808758793193,197.28546570829678,18634.701351159838
2459391.56478977,2021.4827235859552,26496.643532452123,0.6782546,63.0145,248.6174,40.7355,2147.0368720062197,195.1124090560944,18632.002965394633
2459398.51932274,2021.5017640595206,26497.4341672451,0.6786224,62.9926,247.8499,40.7387,2137.5454988272304,187.49353857256932,18622.716492793374
2459400.99514791,2021.5085424994113,26497.679294437745,0.6787477,62.9883,247.5801,40.7398,2134.304118000504,184.78460021193996,18619.533566021375
2459402.98248622,2021.5139835351679,26497.8747507944,0.6788584,62.9871,247.3676,40.741,2131.4335940697147,182.61452733955548,18616.70574024619
2459403.97608618,2021.5167038636007,26497.964273993304,0.6789072,62.9863,247.2604,40.7414,2130.1692430364765,181.52840910371287,18615.461227249183
2459405.96343931,2021.5221449399314,26498.135423389926,0.6790047,62.9821,247.045,40.7428,2127.640629671676,179.35562162467062,18612.968819062095
2459406.95710472,2021.524865447557,26498.218453785084,0.6790523,62.9809,246.9377,40.7426,2126.405966839877,178.26873887949932,18611.75139492943
2459412.43102546,2021.5398522257628,26498.59920826122,0.6793255,62.9768,246.3458,40.7419,2119.2887518095613,172.28089872535833,18604.693580538707
2459413.424435,2021.542572032854,26498.651784700443,0.6793803,62.9727,246.2379,40.7463,2117.85348561512,171.19826817254864,18603.2605366621
2459414.90690007,2021.5466308010134,26498.719107500052,0.6794569,62.9717,246.0778,40.7472,2115.845268747298,169.57791163517885,18601.252728277334
2459415.90033287,2021.5493506717864,26498.7577283343,0.6795083,62.9712,245.9702,40.7471,2114.495612241999,168.49105815691723,18599.900620562486
2459417.88774495,2021.5547919095143,26498.8175031302,0.6796136,62.9685,245.7544,40.7489,2111.7244440848735,166.3182125748205,18597.116486448984
2459418.8816025,2021.55751294319,26498.8380425652,0.6796658,62.9675,245.6465,40.7496,2110.347785294689,165.23144045164742,18595.729650156383
2459420.86893365,2021.5629539593435,26498.860162001252,0.6797699,62.9651,245.4306,40.7513,2107.5963395636754,163.05847463635422,18592.950163489822
2459421.86267986,2021.5656746881864,26498.861303084523,0.679821,62.9642,245.3227,40.7518,2106.242613160299,161.9716122528901,18591.578694353466
2459424.84396395,2021.5738369991784,26498.82803616882,0.6799758,62.9601,244.9988,40.7559,2102.129943212496,158.71338029574645,18587.397174900598
2459425.83760204,2021.5765574320048,26498.805214598382,0.680027,62.959,244.8907,40.757,2100.7659009306863,157.62702447822676,18586.00549099327
2459427.82497917,2021.5819985740459,26498.743333279628,0.6801312,62.9568,244.6745,40.7593,2097.9849315241536,155.45431334351565,18583.161823338793
2459428.81888002,2021.5847197262701,26498.70427362612,0.6801845,62.9554,244.5663,40.761,2096.5600566218745,154.36819854274393,18581.701764205158
2459430.80616791,2021.5901606239831,26498.61105768636,0.6802853,62.9545,244.3498,40.7613,2093.859184724877,152.19327536603657,18578.92643998116
2459438.76047861,2021.6119383397952,26498.006578356268,0.6806972,62.9508,243.4844,40.7624,2082.751394887575,143.48899767375235,18567.421888917674
2459440.25311567,2021.6160249573438,26497.844383292788,0.6807833,62.949,243.3209,40.7689,2080.4181411482587,141.86081535623111,18564.990556504963
2459456.1644455,2021.6595878042433,26495.23354232753,0.6816564,62.9396,241.5788,40.7863,2056.451728705297,124.4534904723887,18539.632295005402
2459457.64478507,2021.6636407531003,26494.945477430396,0.681746,62.9389,241.4166,40.7866,2053.986077974134,122.83252888391604,18537.01316046415
2459459.63169406,2021.6690806134422,26494.55923882634,0.6818577,62.9378,241.1983,40.7878,2050.9037137264604,120.6570791607536,18533.728336455297
2459460.6251573,2021.6718005675561,26494.36787957142,0.6819115,62.9369,241.0897,40.7879,2049.4174372610523,119.56939567975331,18532.14220669013
2459462.61202494,2021.6772403146888,26493.987715750223,0.6820222,62.9355,240.8703,40.7886,2046.3636270812804,117.39238671203168,18528.887488043132
2459465.59209277,2021.685399295743,26493.427716203565,0.6821916,62.9338,240.5421,40.7905,2041.6975730023096,114.12885353249959,18523.92065018263
2459466.58275288,2021.6881115753051,26493.244623914772,0.6822543,62.934,240.4337,40.7915,2039.9782582970365,113.04503289017714,18522.098726151355
2459468.57224174,2021.6935584989455,26492.885466917633,0.6823724,62.9329,240.2144,40.7928,2036.7353279319268,110.86614037962863,18518.65633685107
2459469.56565382,2021.6962783129914,26492.711068740806,0.6824312,62.9321,240.1048,40.7933,2035.1221628467338,109.77790732314827,18516.94519104592
2459470.55899594,2021.6989979354958,26492.543252681746,0.682483,62.93,239.9947,40.7953,2033.696555961751,108.6907432215612,18515.427662195812
2459472.54567941,2021.7044371783984,26492.218242728177,0.6826035,62.9288,239.7755,40.7965,2030.4010474780735,106.51461577660291,18511.94253407201
2459473.11130685,2021.7059857819297,26492.129118933168,0.6826385,62.9283,239.7129,40.7969,2029.4455353783069,105.89491850526446,18510.933770294014
2459474.53216726,2021.7098758857223,26491.91245299076,0.682723,62.9271,239.5558,40.7977,2027.1382073475506,104.33818113997296,18508.4969579951
2459475.10339567,2021.7114398238746,26491.828857963323,0.682759,62.9266,239.4926,40.7981,2026.157978729143,103.71236340515543,18507.46473710549
2459476.51877101,2021.7153149103626,26491.63158333041,0.6828436,62.9254,239.336,40.799,2023.8542030953722,102.16163226941967,18505.038111579368
2459480.05301583,2021.724991145325,26491.209240250526,0.6830559,62.9219,238.9441,40.8005,2018.0961705628852,98.2877876829616,18498.99734002933
2459482.04029494,2021.730432019001,26491.021713039616,0.6831727,62.92,238.7233,40.8004,2014.9425835837174,96.10817315963806,18495.703965807203
2459485.45209149,2021.7397730088703,26490.796737392466,0.6833766,62.9164,238.3444,40.8004,2009.4698317021102,92.36651680665182,18490.023967200366
2459488.43101957,2021.7479288694599,26490.72709677626,0.6835583,62.9123,238.0132,40.8012,2004.6344167399457,89.10000699445192,18485.051335933924
2459490.0002227,2021.7522251134844,26490.73323635879,0.683654,62.9102,237.8386,40.8016,2002.1011963891578,87.37915914561125,18482.46125198742
2459490.9913384,2021.7549386403837,26490.74797137137,0.6837032,62.9084,237.7281,40.8043,2000.802512951257,86.29448946184488,18481.137502393005
2459493.99485612,2021.7631618237374,26490.867167851437,0.6838883,62.9038,237.394,40.8053,1995.9367549037033,83.00104345453451,18476.200247623463
2459494.94914583,2021.76577452657,26490.923916021322,0.6839486,62.9024,237.2877,40.8057,1994.3572909520208,81.95457043472311,18474.603810212182
2459497.37030583,2021.772403301383,26491.107406774277,0.684108,62.8994,237.0178,40.807,1990.192600940738,79.29961150211386,18470.40579993084
2459498.91031222,2021.7766196090897,26491.259411797644,0.6842161,62.8963,236.8454,40.8076,1987.3769129691664,77.60994072773224,18467.577020625973
2459499.86439047,2021.7792317329777,26491.361860729525,0.6842844,62.8942,236.7388,40.8081,1985.5999046773377,76.56347612804592,18465.793764986178
2459501.92185777,2021.7848647714443,26491.600093410998,0.6844133,62.8899,236.5086,40.8097,1982.2603511992693,74.30698228001631,18462.458650904668
2459502.89890389,2021.787539777933,26491.722106405417,0.6844798,62.8879,236.3994,40.8105,1980.5371573574594,73.23557994410129,18460.736953912525
2459504.89498289,2021.793004744395,26491.99727674095,0.6846112,62.8834,236.176,40.8119,1977.1429307145972,71.0461920178476,18457.357773127995
2459506.88211653,2021.798445219795,26492.287629981238,0.6847353,62.8794,235.9539,40.8139,1973.9468119797439,68.86752087383269,18454.186376242535
2459507.87257153,2021.8011569377954,26492.43798520859,0.6847962,62.8775,235.8431,40.8151,1972.3808242020932,67.781702393606,18452.635127400503
2459511.27621961,2021.8104756183714,26492.976176158318,0.6850046,62.8724,235.4627,40.8208,1967.0293277994606,64.05227738632539,18447.34113346957
2459513.83073137,2021.817469490404,26493.41174923695,0.6851623,62.8672,235.1766,40.8243,1962.988520282739,61.25188345459992,18443.352616280674
2459514.82757563,2021.8201987012458,26493.58791358471,0.6852248,62.8652,235.0649,40.8257,1961.3881342162113,60.15906755149837,18441.773821048482
2459516.25125872,2021.8240965331147,26493.838215874108,0.685317,62.8623,234.9055,40.828,1959.0241912859128,58.59874807867499,18439.43757831289
2459517.24443378,2021.8268156982347,26494.013685427268,0.6853797,62.8604,234.7942,40.8296,1957.4182339132312,57.51014863553121,18437.85212116465
2459518.23812595,2021.829536279124,26494.188368253243,0.6854425,62.8586,234.6829,40.8312,1955.80935764682,56.42103951530373,18436.26309499807
2459519.23127083,2021.8322553616158,26494.36068502217,0.6855056,62.8566,234.5717,40.833,1954.1917670196344,55.332769818335635,18434.663950535072
2459520.22460071,2021.8349749506092,26494.53168849602,0.6855686,62.8544,234.4604,40.8348,1952.576391158167,54.24421778072383,18433.066316522796
2459521.21799289,2021.8376947101715,26494.700237975663,0.6856336,62.8531,234.349,40.8365,1950.9072328915536,53.15540433824066,18431.412166007372
2459522.2115476,2021.8404149147163,26494.864315265222,0.685697,62.8509,234.2376,40.8385,1949.2790388808044,52.06673070215561,18429.798201626312
2459524.19832749,2021.845854421602,26495.18458039459,0.6858246,62.847,234.0147,40.8426,1945.9989136193017,49.8897082232819,18426.542062754557
2459524.76547569,2021.8474071887472,26495.27364214361,0.6858607,62.8459,233.9509,40.8437,1945.0704152514445,49.268012051023845,18425.619553641354
2459526.1849776,2021.8512935731687,26495.489323844584,0.685951,62.8426,233.7916,40.8469,1942.7456266640675,47.71281365925091,18423.306640314913
2459527.17869355,2021.8540142191655,26495.63630229466,0.6860144,62.8406,233.68,40.8491,1941.1119617577697,46.62398110044552,18421.67927336176
2459528.17209615,2021.8567340072552,26495.779685027403,0.6860778,62.839,233.5684,40.8512,1939.4771494391098,45.53535738809461,18420.049105786427
2459529.74056017,2021.8610282277066,26495.997307569236,0.6861777,62.8358,233.392,40.8547,1936.898515855184,43.816538025661714,18417.474050815563
2459530.74065485,2021.8637663377137,26496.13104234801,0.6862399,62.8338,233.2795,40.8569,1935.2924254602149,42.720518423084,18415.869162640876
2459531.73592804,2021.8664912472004,26496.260829878716,0.6863014,62.8319,233.1676,40.8591,1933.7036275677929,41.62985100780554,18414.280355030187
2459532.14538208,2021.8676122712668,26496.314096755992,0.6863242,62.8314,233.1217,40.8598,1933.1162213512125,41.181082343924686,18413.694841457225
2459536.19957175,2021.8787120376458,26496.80737655382,0.6865714,62.8233,232.6657,40.869,1926.7209405029353,36.738366447513556,18407.28561417678
2459537.11661486,2021.8812227648461,26496.91523246278,0.6866244,62.8219,232.5626,40.8708,1925.350409122162,35.733204655424856,18405.912332410317
2459541.08661208,2021.8920920248604,26497.36167457508,0.686862,62.8154,232.1158,40.8797,1919.194540053093,31.38237105029293,18399.72756754495
2459541.64436396,2021.8936190662828,26497.422582426774,0.6868963,62.8156,232.053,40.8807,1918.3047510213783,30.770836138199627,18398.831928974298
2459543.07392654,2021.8975329953184,26497.576170062228,0.686981,62.8136,231.8921,40.8839,1916.1084951767098,29.204121685330563,18396.622086855285
2459544.06735156,2021.9002528447916,26497.68306837009,0.6870357,62.8126,231.779,40.8863,1914.6925331142957,28.114275875047838,18395.200021638328
2459546.05459675,2021.905693625599,26497.880192379016,0.6871517,62.8106,231.5552,40.8903,1911.6804717894465,25.935794784330255,18392.163046111185
2459546.64437725,2021.9073083566057,26497.935749362558,0.6871871,62.81,231.4887,40.8917,1910.7598257717727,25.289391621955474,18391.232854457186
2459548.53173,2021.912475646817,26498.1058450659,0.6873002,62.8077,231.2761,40.8958,1907.8160981309375,23.220667145860432,18388.255214665543
2459549.52541361,2021.915196204271,26498.188962999426,0.6873605,62.8065,231.164,40.8982,1906.2442482976585,22.131566462383148,18386.662029916944
2459551.51285006,2021.9206375087203,26498.34238619796,0.6874806,62.8041,230.9399,40.903,1903.1097635291553,19.95339686065506,18383.479666455216
2459552.50656456,2021.9233581507458,26498.412427961717,0.6875417,62.8029,230.8276,40.9055,1901.5125999397897,18.864165731534342,18381.85470037867
2459554.5480456,2021.9289474212178,26498.540487972114,0.6876684,62.8004,230.5967,40.9109,1898.1952482731122,16.626528361561327,18378.47230648158
2459555.48759624,2021.9315197706774,26498.590869784803,0.6877253,62.7993,230.4905,40.9134,1896.7032142847893,15.59678255616177,18376.94797621955
2459559.46240694,2021.9424022092808,26498.753515145545,0.6879681,62.7944,230.0404,40.9244,1890.320106962543,11.24000465889759,18370.404534915815
2459561.44980211,2021.9478434007117,26498.79749038567,0.6880883,62.7922,229.8152,40.93,1887.1486731819277,9.061575743765104,18367.138255219837
2459565.42468917,2021.9587260483777,26498.834268221595,0.6883224,62.7888,229.3644,40.9407,1880.9567675170638,4.703722584010791,18360.740070879983
2459566.41856573,2021.9614471341001,26498.82961612552,0.6883795,62.7876,229.2513,40.9436,1879.4422343918413,3.61393172392809,18359.169443291903
2459568.40596124,2021.966888326462,26498.81258771576,0.688494,62.7861,229.0258,40.9491,1876.4028139489837,1.4351024737487137,18356.01390979546
2459572.88454912,2021.9791500318138,26498.688210933975,0.6887552,62.7834,228.517,40.9621,1869.4426124745023,356.5250885470482,18348.752755710455
2459573.37451628,2021.9804914887882,26498.66644295286,0.688784,62.7831,228.4613,40.9636,1868.6726757100187,355.987964036236,18347.94627034792
2459577.82548837,2021.9926775862284,26498.383638809813,0.6890516,62.7811,227.954,40.9772,1861.4936950740903,351.1072689577877,18340.39418545152
2459578.3559898,2021.994130019986,26498.340455228576,0.6890828,62.7809,227.8932,40.9789,1860.6535189863935,350.52529280509174,18339.506286486467
2459580.34296248,2021.9995700547026,26498.155434884447,0.6892039,62.7801,227.6663,40.9852,1857.38706635589,348.34628030703976,18336.047314187086
2459587.78999012,2022.0199589051886,26497.185184203285,0.6896549,62.7777,226.8142,41.0083,1845.1352857100883,340.1772941321394,18322.962239545377
2459588.28614334,2022.0213172986726,26497.107427567822,0.6896844,62.7777,226.7574,41.0099,1844.3294896501666,339.63307247786224,18322.09598825723
2459595.72684528,2022.0416888303348,26495.808642607888,0.690133,62.7772,225.9037,41.0321,1832.0404366589792,331.46782107945796,18308.835663662714
2459597.20828626,2022.045744794688,26495.52951237652,0.690221,62.7773,225.7336,41.0362,1829.6223368144874,329.841673912324,18306.216079208665
2459601.20571836,2022.0566891673097,26494.74638994045,0.6904637,62.7777,225.274,41.0474,1822.9494669805244,325.4532997684666,18298.979613169526
2459604.18619228,2022.0648492601783,26494.139411148728,0.6906499,62.778,224.9307,41.056,1817.828376252799,322.1809663357895,18293.420949021514
2459606.17301191,2022.0702888758663,26493.73039127488,0.6907767,62.778,224.7014,41.0618,1814.3424409003092,319.99920468812945,18289.637271997373
2459608.15982128,2022.0757284634628,26493.323317242073,0.6909047,62.7779,224.4718,41.0674,1810.8254187399325,317.8169531533684,18285.82074969992
2459610.1465581,2022.0811678524296,26492.92248742305,0.6910322,62.7769,224.2407,41.0739,1807.3236765096271,315.6341731253636,18282.021294243736
2459611.13980918,2022.083887225681,26492.72598195357,0.6910955,62.7762,224.125,41.0772,1805.5859730923767,314.5427987547758,18280.136306705183
2459615.1130584,2022.094765389185,26491.982539991044,0.6913496,62.7768,223.6661,41.0865,1798.6247077612516,310.1770598933474,18272.59823598745
2459616.10633742,2022.0974848389328,26491.810963625507,0.6914134,62.7767,223.551,41.0889,1796.8815731079194,309.0853579842204,18270.715304583442
2459618.0930394,2022.1029241325118,26491.490186431118,0.6915447,62.7771,223.3198,41.0943,1793.3042529026661,306.9014122957433,18266.861690645925
2459619.0863413,2022.105643644901,26491.342476052567,0.6916094,62.7769,223.2038,41.0972,1791.544700995336,305.8092878356825,18264.96948630033
2459621.07282543,2022.1110823420395,26491.079953127744,0.6917428,62.7745,222.9732,41.1046,1787.9298313272902,303.6281568657477,18261.09618549688
2459622.06619581,2022.113802041917,26490.961982197383,0.6918065,62.774,222.8575,41.1072,1786.2059916603494,302.5359649098514,18259.25130924356
2459629.01319253,2022.132821882354,26490.437663350975,0.692256,62.7726,222.0488,41.1225,1774.136948270283,294.89542235256886,18246.43735532874
2459630.00657829,2022.1355416243393,26490.40731715278,0.692326,62.773,221.9338,41.1241,1772.2732808976652,293.8029152378788,18244.475933979425
2459631.99291193,2022.1409799094597,26490.376444809113,0.6924604,62.7719,221.7017,41.1282,1768.7034756860176,291.61713259446816,18240.727895136828
2459635.47974869,2022.1505263482272,26490.42801570629,0.6927027,62.7705,221.2965,41.1378,1762.3007050709002,287.78481463815945,18234.041386556815
2459636.95840524,2022.1545746892266,26490.490023903083,0.6928045,62.7708,221.1278,41.1424,1759.6230281379185,286.1633118784658,18231.258614171198
2459637.95159046,2022.1572938821623,26490.544401969768,0.6928729,62.7705,221.013,41.1456,1757.8277795982085,285.0728024215598,18229.397177785377
2459640.93139891,2022.1654521530731,26490.765513079732,0.6930619,62.7611,220.6592,41.1538,1752.8889341302174,281.7902248936315,18224.30069354327
2459643.91135299,2022.1736108226974,26491.093899220446,0.6932635,62.7545,220.306,41.1622,1747.6491238182316,278.5083038289674,18218.92515813084
2459646.40443723,2022.1804365153455,26491.41975183108,0.6934412,62.7503,220.0157,41.1689,1743.041549417634,275.7674544755968,18214.20938817296
2459646.90210248,2022.1817990485426,26491.50772936821,0.6934836,62.7486,219.9568,41.1687,1741.9452797781187,275.21784252467285,18213.090862805886
2459648.88850785,2022.187237530048,26491.798069194934,0.6936163,62.7467,219.7244,41.177,1738.5188120928005,273.0358891827503,18209.599615526327
2459649.88172319,2022.189956805449,26491.961312089705,0.6936841,62.7446,219.6075,41.1801,1736.7726720779383,271.94315003841473,18207.82556397128
2459651.85606071,2022.195362246981,26492.302805762112,0.6938208,62.7418,219.3767,41.1863,1733.2557792259986,269.77259108684655,18204.256093980504
2459652.86245508,2022.198117604599,26492.48500455071,0.6938861,62.7409,219.2594,41.1889,1731.581605434536,268.6659623443484,18202.563593563576
2459653.85187747,2022.2008264954688,26492.66913640799,0.6939541,62.7395,219.1438,41.1916,1729.8364692542054,267.5778616311782,18200.796911585912
2459656.33735052,2022.2076313498148,26493.139349474295,0.6941242,62.7359,218.8524,41.2007,1725.47389303193,264.84581406668883,18196.382635976548
2459657.33001341,2022.2103491126904,26493.32726508325,0.6941934,62.7342,218.7359,41.2041,1723.6980336224087,263.754319431438,18194.583858679754
2459658.81848851,2022.2144243354137,26493.60967113761,0.6942959,62.7318,218.5612,41.21,1721.0688002664192,262.118439251063,18191.92158952565
2459659.80005434,2022.2171117161947,26493.79522627668,0.6943644,62.7305,218.4461,41.2138,1719.3107002602092,261.0396821698663,18190.13977824049
2459661.79883723,2022.2225840855033,26494.16713593283,0.6945021,62.7275,218.2112,41.2226,1715.776122276493,258.84352921881805,18186.556088756064
2459662.79208747,2022.225303456455,26494.348226180144,0.6945708,62.7259,218.0945,41.2267,1714.011283243619,257.75195567620875,18184.764534745224
2459664.77857635,2022.2307421665978,26494.7007644228,0.6947068,62.7226,217.8609,41.235,1710.5156794130835,255.56872002479912,18181.212768687652
2459665.77197135,2022.233461933881,26494.87247532508,0.6947734,62.721,217.744,41.2396,1708.8035430770578,254.47730380280564,18179.472286047618
2459667.75855435,2022.2389009017115,26495.205551517385,0.6949063,62.7178,217.5103,41.2481,1705.3839939729805,252.29407538386778,18175.991563787302
2459668.75157339,2022.2416196396712,26495.36726746898,0.6949721,62.7163,217.3935,41.252,1703.6899373248016,251.20242971841196,18174.26552893646
2459670.73846184,2022.2470594437782,26495.681229845562,0.6951033,62.7135,217.1599,41.2604,1700.3094712318543,249.01890023986948,18170.817129896965
2459671.73176924,2022.2497789712252,26495.834002493353,0.6951677,62.7121,217.043,41.2659,1698.6497193982532,247.92847035893647,18169.123066234104
2459673.71861785,2022.255218666256,26496.131568866218,0.695297,62.709,216.8092,41.276,1695.3144774282418,245.74648014786044,18165.714533393304
2459674.71205896,2022.257938559781,26496.277064401085,0.6953624,62.7079,216.6922,41.2806,1693.625953834191,244.65491847885687,18163.986566869233
2459676.69899021,2022.2633784810675,26496.563147091667,0.6954953,62.7062,216.4586,41.2857,1690.191712136203,242.46804681564726,18160.467565875388
2459677.69246383,2022.2660984636007,26496.703207568164,0.6955588,62.7047,216.3416,41.2897,1688.5518205559001,241.37585310379018,18158.78800595593
2459685.64063271,2022.2878593640246,26497.71852584661,0.6960559,62.6996,215.4071,41.3355,1675.6889093917753,232.6532289511747,18145.573519303463
2459686.14164694,2022.289231066228,26497.775749548993,0.6960979,62.6944,215.3399,41.328,1674.593395617012,232.08471615790188,18144.436599125005
2459686.63420476,2022.2905796160444,26497.830779382424,0.6961281,62.6954,215.2851,41.3291,1673.8098848094169,231.54553822403977,18143.628523206866
2459687.62789843,2022.2933002010404,26497.936188202446,0.6961924,62.6937,215.1704,41.3317,1672.1380982909322,230.45402762547593,18141.89973503956
2459688.62147272,2022.2960204591925,26498.037560704302,0.6962567,62.6918,215.0544,41.3355,1670.465072212276,229.3625346907046,18140.167868878405
2459690.10571823,2022.30008410193,26498.181853625876,0.696351,62.6902,214.8791,41.3418,1668.010121671642,227.7306233052347,18137.62441408081
2459692.09290597,2022.3055247254479,26498.3604671102,0.6964764,62.6879,214.6443,41.3501,1664.74146307497,225.54549883877775,18134.2320060614
2459694.08043412,2022.3109662809577,26498.52109016035,0.6966,62.6858,214.4094,41.3584,1661.5149987546502,223.35993885523425,18130.8765718352
2459696.06779183,2022.3164073698283,26498.66503856852,0.6967223,62.684,214.1745,41.3666,1658.3178859674717,221.17444686178314,18127.54504234454
2459698.05504361,2022.3218481686786,26498.792399430367,0.6968434,62.6826,213.9394,41.3749,1655.1475079171523,218.98895927574995,18124.234712509766
2459699.04887213,2022.3245691228747,26498.85059446174,0.6969039,62.6819,213.8218,41.379,1653.5619696640342,217.89591576510193,18122.57678648126
2459701.036318,2022.330010453114,26498.95417011942,0.6970248,62.6805,213.5864,41.3873,1650.3896394827652,215.70993687890905,18119.254157040374
2459702.03009396,2022.3327312634087,26499.001130602766,0.6970856,62.6799,213.4686,41.3914,1648.7927280758595,214.61674517289737,18117.579305307783
2459704.01792672,2022.3381736528952,26499.080568903384,0.6972046,62.6786,213.233,41.3997,1645.6634004933285,212.43018495772947,18114.29189887054
2459706.99855647,2022.3463341724025,26499.171418960384,0.6973814,62.677,212.8794,41.4121,1641.0058559658037,209.1511979350823,18109.387238053332
2459708.98623391,2022.3517761366463,26499.205213624726,0.6975021,62.67,212.6412,41.4247,1637.8176287905308,206.96649080731407,18106.01824664188
2459710.97381751,2022.3572178439701,26499.210216999774,0.6976206,62.6697,212.4055,41.4316,1634.6789858902603,204.7786761707787,18102.690370808145
2459712.96130104,2022.3626592773167,26499.187833498177,0.697743,62.668,212.1686,41.4426,1631.4287169896588,202.59386016600791,18099.23307355048
2459713.95513269,2022.3653802400815,26499.166678938156,0.6978042,62.6704,212.051,41.4472,1629.8005738750599,201.50131357063583,18097.497212450726
2459715.94262073,2022.370821685777,26499.100669960022,0.6979264,62.6739,211.8152,41.4561,1626.542436137237,199.31549312030222,18094.014122118333
2459716.93639806,2022.3735424998222,26499.05537680326,0.697987,62.6756,211.6974,41.4597,1624.9229115144817,198.22180006400558,18092.277855325046
2459719.93108918,2022.3817415172623,26498.871046185137,0.6981663,62.6758,211.3401,41.4715,1620.1159936929298,194.92465378557154,18087.104797449796
2459720.92403582,2022.3844600570026,26498.79476935753,0.6982242,62.6745,211.2213,41.4743,1618.5586905586852,193.8299794790846,18085.42237973542
2459722.91095826,2022.389899954168,26498.61702629071,0.6983431,62.6748,210.9842,41.4829,1615.354366438074,191.6431164995503,18081.95232464924
2459725.89187139,2022.3980612495275,26498.29261996287,0.698523,62.675,210.628,41.4949,1610.4894641885458,188.36085017008705,18076.662278583408
2459726.88521321,2022.4007808712108,26498.16702050381,0.6985815,62.6749,210.5084,41.5014,1608.9014560697287,187.2686863640758,18074.92785703443
2459734.82563948,2022.4225205735245,26496.992197846736,0.6990545,62.6787,209.5573,41.5336,1596.0142654770843,178.52349353120994,18060.787021963384
2459735.82308824,2022.4252514393972,26496.819662769594,0.6991157,62.6791,209.4372,41.538,1594.3407364586656,177.4246818169587,18058.9422787027
2459741.77954618,2022.4415593324568,26495.66771646062,0.6994858,62.6821,208.7198,41.5602,1584.1880872779884,170.85864031558893,18047.707073256566
2459756.68888891,2022.4823788881868,26492.463073861443,0.7004467,62.6923,206.9159,41.6246,1557.7684389033393,154.42410025275507,18018.348582364746
2459758.67541385,2022.4878176970574,26492.086838024854,0.7005744,62.6961,206.6767,41.6357,1554.272696727693,152.23802905932394,18014.476080815886
2459759.66876942,2022.4905373563863,26491.909996884016,0.7006381,62.6964,206.5554,41.6378,1552.5322112961921,151.1397517009048,18012.5513340087
2459761.65544088,2022.4959765664066,26491.578427699056,0.7007673,62.6975,206.3135,41.6444,1549.0102401821441,148.9463360936503,18008.66503472948
2459763.64187015,2022.5014151133466,26491.27765605549,0.7008974,62.6996,206.0724,41.6517,1545.4737242481024,146.75465919519465,18004.773011308906
2459765.6283237,2022.506853726762,26491.01004751827,0.7010298,62.7008,205.8303,41.6595,1541.8862721085452,144.56245836568877,18000.837131004257
2459766.62321605,2022.5095775935665,26490.889533786274,0.7010977,62.7018,205.7098,41.6641,1540.051510694644,143.4659663160141,17998.82954578454
2459774.07639076,2022.5299832738126,26490.31636678453,0.7016199,62.7024,204.7958,41.6997,1526.0469465528058,135.24152142749793,17983.61904625919
2459775.06944631,2022.5327021117316,26490.287424208127,0.7016917,62.7018,204.6738,41.703,1524.1363080269048,134.14403977665643,17981.55999422749
2459777.05558118,2022.5381398526486,26490.266024293385,0.7018335,62.7014,204.4302,41.7109,1520.373604532474,131.95075304649365,17977.51666821113
2459778.04875215,2022.5408590065708,26490.27409310862,0.7019056,62.7014,204.3084,41.7148,1518.4660616207575,130.85395763446505,17975.47307739361
2459780.03590377,2022.5462995311977,26490.32847006719,0.7020518,62.7015,204.0673,41.722,1514.6093850652733,128.66146876877937,17971.353810260112
2459781.02810486,2022.5490160297327,26490.374252174486,0.7021254,62.7013,203.9455,41.7265,1512.6733342167736,127.56622929622745,17969.291968531634
2459783.01432969,2022.5544540169474,26490.504583164548,0.7022725,62.7005,203.701,41.7358,1508.815403284124,125.37335389895321,17965.19619210818
2459785.08391557,2022.5601202342773,26490.69508329642,0.7024208,62.6995,203.4463,41.746,1504.9435503312834,123.0890156601375,17961.10540907202
2459785.48744334,2022.5612250331008,26490.738235735753,0.7024525,62.6994,203.3968,41.7481,1504.1166351975826,122.64388808376748,17960.232408908654
2459787.98015231,2022.568049698316,26491.052324130364,0.7026314,62.6981,203.0906,41.7606,1499.4708421533915,119.89330860628701,17955.351969752595
2459789.03903587,2022.5709487635052,26491.201346147605,0.7027052,62.6976,202.9604,41.7657,1497.5601059626824,118.72454513817516,17953.35114156742
2459790.05107788,2022.5737195835181,26491.35361565898,0.7027786,62.6972,202.836,41.7704,1495.6609095412232,117.60734993350468,17951.36348039577
2459792.43930241,2022.5802581859275,26491.74193036033,0.7029584,62.6957,202.5424,41.7834,1491.0131097813219,114.97285306612085,17946.503102614
2459793.43246238,2022.5829773097325,26491.913242453767,0.703032,62.6951,202.4201,41.7888,1489.114191785011,113.87706849629504,17944.52117032541
2459794.93253772,2022.5870842921836,26492.184558056124,0.7031425,62.6938,202.2352,41.7971,1486.267377443146,112.22195481389204,17941.554329135513
2459795.41884906,2022.588415740068,26492.27491041285,0.7031797,62.6935,202.1754,41.7998,1485.3086865912155,111.68553357551096,17940.5546500087
2459797.0007498,2022.5927467482543,26492.575622639954,0.7032948,62.692,201.9802,41.8087,1482.348648630512,109.9400706284473,17937.47518042101
2459798.39852081,2022.5965736367148,26492.842393459177,0.7034072,62.6908,201.808,41.8171,1479.450005434759,108.3985907826889,17934.448721456094
2459799.39209079,2022.5992938830664,26493.035830627632,0.7034829,62.6898,201.6854,41.823,1477.5018546937963,107.30260209612544,17932.419192135618
2459800.93915178,2022.603529505216,26493.33638898849,0.7035978,62.6881,201.4944,41.8322,1474.5468910362424,105.59597812217149,17929.342532111736
2459802.3811999,2022.6074776177961,26493.616601980375,0.7037093,62.6866,201.3165,41.8409,1471.6759085323874,104.00545759336995,17926.34815116121
2459803.37456574,2022.6101973052432,26493.80864954041,0.7037839,62.6856,201.1939,41.8469,1469.7563723131261,102.9097701124131,17924.34727051122
2459805.36045492,2022.615634373498,26494.188631464087,0.7039335,62.6838,200.9489,41.8591,1465.905398457362,100.7196255406534,17920.3299554837
2459806.34446117,2022.6183284357837,26494.37454769459,0.7040082,62.683,200.8276,41.8651,1463.9813122463083,99.63446311784031,17918.32072705991
2459807.90381177,2022.6225977050515,26494.664702854563,0.7041249,62.6813,200.6349,41.8749,1460.9752684235627,97.91462618149507,17915.180718946634
2459808.33085538,2022.6237668867345,26494.743143502892,0.7041611,62.681,200.5823,41.8776,1460.0393673564377,97.4438207755449,17914.1986563188
2459810.32676233,2022.6292313821486,26495.102363464044,0.704313,62.6789,200.3357,41.8903,1456.1210325455932,95.24270242649379,17910.096983512416
2459810.40871269,2022.6294557500075,26495.11780651014,0.704318,62.6786,200.3254,41.8908,1455.9931232645313,95.15212999730937,17909.964386091837
2459812.31352859,2022.6346708517178,26495.451504644763,0.7044624,62.6765,200.09,41.9029,1452.2658485991005,93.05139338161536,17906.05820052203
2459814.3005367,2022.6401109834362,26495.790741548797,0.7046061,62.6744,199.8444,41.9155,1448.558660729991,90.85994596298133,17902.174131679458
2459815.35826515,2022.643006886105,26495.966857694708,0.7046823,62.6733,199.7136,41.9222,1446.591691690629,89.6933210021798,17900.11130231491
2459816.34296538,2022.6457028484047,26496.126742450255,0.7047547,62.6723,199.5922,41.9286,1444.720588912749,88.60777457430208,17898.145881821045
2459817.28195979,2022.6482736749892,26496.275835841774,0.7048234,62.6715,199.4763,41.9345,1442.9443138859333,87.57227700388864,17896.278747442127
2459819.35653447,2022.65395355091,26496.59166802859,0.7049742,62.6694,199.2197,41.9482,1439.0418541334693,85.2846216724061,17892.171250800355
2459820.84531728,2022.6580296160982,26496.806674484782,0.7050812,62.6678,199.0355,41.9579,1436.2701282710432,83.64273820459738,17889.249544014958
2459821.36875273,2022.6594627042575,26496.879777673483,0.705119,62.6673,198.9707,41.9614,1435.2901057201325,83.06552646727323,17888.21524657255
2459823.33802596,2022.6648542805206,26497.147534474472,0.7052626,62.6653,198.727,41.9744,1431.5640717274173,80.89385901259456,17884.27825659567
2459824.30831083,2022.6675107757153,26497.274175003025,0.7053339,62.6643,198.6068,41.9807,1429.7121417788603,79.82362074247283,17882.31860762372
2459826.3027541,2022.6729712637919,26497.5211415507,0.7054799,62.6621,198.3597,41.9937,1425.916276361625,77.62374503496179,17878.296273359927
2459828.26748637,2022.6783504075843,26497.74968288552,0.7056224,62.6602,198.1161,42.0062,1422.2076570486006,75.4561532696489,17874.36030806312
2459829.27694839,2022.68111416397,26497.86088354298,0.705695,62.6591,197.991,42.0128,1420.3166473311176,74.34270097078075,17872.35089153975
2459830.27196625,2022.6838383744016,26497.967521417675,0.7057664,62.6584,197.8676,42.0191,1418.4560765097995,73.24488521546027,17870.372446819147
2459832.18593674,2022.689078540014,26498.164738486874,0.7059007,62.657,197.6304,42.0311,1414.9554008736714,71.13322559493994,17866.64773348469
2459833.18019549,2022.6918006721148,26498.261373557252,0.7059717,62.6564,197.507,42.0373,1413.1024446227038,70.0360580387046,17864.672885475473
2459835.65632331,2022.698579940616,26498.490720806887,0.7061492,62.6547,197.1997,42.0529,1408.4663971016798,67.30382137824765,17859.72578799131
2459836.65041359,2022.7013016114715,26498.57726491631,0.7062203,62.6539,197.0762,42.0592,1406.607779313933,66.20681987020987,17857.73988276347
2459838.24498838,2022.7056673193156,26498.70708240539,0.7063358,62.6525,196.8778,42.0694,1403.5853163889142,64.44696504640655,17854.505735318162
2459838.70900073,2022.706937715893,26498.74561542114,0.7063683,62.652,196.8201,42.0722,1402.735422923657,63.93472227848409,17853.596856858112
2459840.62457925,2022.7121822840518,26498.892726810544,0.7064991,62.6505,196.5818,42.084,1399.3125643223475,61.82017774139172,17849.932768758437
2459841.239414,2022.7138656098562,26498.9365270757,0.706542,62.6499,196.5052,42.0879,1398.188615362581,61.141480451793484,17848.72772757075
2459842.24310797,2022.7166135741818,26499.00674831938,0.7066099,62.6493,196.3803,42.094,1396.4099397900982,60.03341329458286,17846.82075912629
2459842.70706483,2022.717883818837,26499.0381724766,0.7066416,62.649,196.3226,42.0968,1395.5791398166602,59.521225218662266,17845.92942764424
2459844.19088942,2022.721946309158,26499.13121661689,0.7067426,62.6481,196.1379,42.1059,1392.930022843906,57.88312870309326,17843.084252578672
2459845.17875218,2022.7246509299937,26499.185200148157,0.7068092,62.6474,196.0148,42.1121,1391.1810081795975,56.79256520227935,17841.202731949914
2459847.18557365,2022.7301453077346,26499.280791173096,0.7069435,62.6461,195.7646,42.1248,1387.65018117842,54.57708921554874,17837.398639806244
2459847.58061301,2022.7312268665573,26499.296503646285,0.7069695,62.6458,195.7154,42.1273,1386.9658041117218,54.141028039329115,17836.660139936284
2459849.07856896,2022.7353280464342,26499.34890798502,0.7070694,62.6449,195.5284,42.1368,1384.3338752253976,52.48710328370598,17833.816749835016
2459849.20546889,2022.7356754795067,26499.352155833632,0.7070782,62.6448,195.5124,42.1377,1384.1016323206686,52.34692737761833,17833.56532342273
2459850.18648381,2022.7383613519787,26499.37787531862,0.7071441,62.6442,195.3899,42.144,1382.362857116521,51.26381328769787,17831.68323456849
2459851.57577654,2022.742165028173,26499.404121546817,0.7072377,62.6435,195.2164,42.1527,1379.8901992535266,49.72968985770069,17829.002549412613
2459852.54934999,2022.7448305270095,26499.415006289284,0.7073034,62.643,195.0946,42.1589,1378.1523743298512,48.65451027659333,17827.11544398635
2459854.04579449,2022.7489275687606,26499.41693745444,0.7074047,62.6422,194.9073,42.1683,1375.4685486395629,47.001675246199625,17824.19516401871
2459854.1364752,2022.749175839014,26499.41597187182,0.7074119,62.642,194.8958,42.1691,1375.2774703196292,46.90159795499011,17823.986830759404
2459855.53066287,2022.7529929168243,26499.401927043644,0.7075039,62.6414,194.7213,42.1777,1372.8354159927512,45.3615499432932,17821.323302260625
2459856.52453512,2022.755713990746,26499.384195474653,0.7075699,62.641,194.5968,42.1839,1371.0812702210733,44.26366333141843,17819.406968330844
2459859.50572186,2022.763876035209,26499.28386344256,0.7077679,62.6403,194.2232,42.2023,1365.8050719099328,40.970127324748944,17813.62431240043
2459860.49963878,2022.7665972314305,26499.236550591584,0.7078339,62.6402,194.0985,42.2084,1364.0422959637954,39.87189668499235,17811.686786942424
2459862.487295,2022.7720391375767,26499.120244388054,0.7079672,62.6401,193.849,42.2208,1360.475982505327,37.675710472395394,17807.75864166987
2459863.49308919,2022.7747928519923,26499.050636832922,0.7080357,62.64,193.7227,42.227,1358.640469847477,36.56427328274265,17805.732928579782
2459865.08443473,2022.779149718631,26498.920902912254,0.7081422,62.6398,193.5224,42.237,1355.7804570979824,34.805501292813545,17802.568322726234
2459867.08022611,2022.7846138976313,26498.743947702296,0.7082721,62.6395,193.271,42.2492,1352.2866245009018,32.59919685273695,17798.69469747662
2459867.46745608,2022.78567407551,26498.708223472182,0.7082969,62.6395,193.2224,42.2514,1351.6190347823276,32.171132816409454,17797.953716522774
2459870.44812499,2022.793834702231,26498.38241000629,0.7084879,62.6399,192.8469,42.2692,1346.4628029439955,28.87560719684626,17792.21143700264
2459871.07636785,2022.79555473744,26498.3057856108,0.7085284,62.64,192.7676,42.2731,1345.3672846212376,28.180994521610472,17790.988432801034
2459872.99399367,2022.8008049108014,26498.05625547936,0.7086522,62.6404,192.5255,42.2848,1342.0140943101505,26.060532111495263,17787.238959514263
2459873.42918003,2022.8019963861184,26497.995080680743,0.7086796,62.6406,192.4707,42.2874,1341.2702261019467,25.57940099734421,17786.404967556737
2459875.97411947,2022.808964050568,26497.61294366061,0.7088435,62.6412,192.1486,42.3032,1336.8159430309215,22.764741795495127,17781.404242879278
2459880.95002388,2022.8225873343742,26496.737433153972,0.7091675,62.643,191.5178,42.3335,1327.976089527754,17.259859625238903,17771.432564554198
2459881.93729376,2022.8252903319917,26496.542261038838,0.709232,62.6435,191.3925,42.3394,1326.2103001577416,16.16738048294542,17769.43257714312
2459883.93091543,2022.8307485706507,26496.13490348217,0.7093617,62.6445,191.139,42.3512,1322.6553049187223,13.960714565729916,17765.400032201727
2459885.91405385,2022.836178107734,26495.706326177606,0.7094908,62.6457,190.8867,42.3628,1319.1101482527956,11.765381215729661,17761.369493560127
2459894.29169493,2022.8591148389592,26493.77162593918,0.7100458,62.6522,189.8178,42.4107,1303.8440567818952,2.4871579747130568,17743.967324518795
2459895.28516414,2022.8618348094187,26493.54167893312,0.7101102,62.6529,189.6908,42.4161,1302.0711985975859,1.3863686092838634,17741.943021378003
2459897.27201406,2022.8672745080357,26493.08723901322,0.7102393,62.6543,189.4363,42.4271,1298.5192035375376,359.18457710713096,17737.888495401192
2459898.26534336,2022.8699940954418,26492.865202193378,0.7103037,62.6551,189.3092,42.4325,1296.7487254741736,358.0838256409347,17735.868630620775
2459900.25198993,2022.8754332373167,26492.42894979921,0.7104343,62.6567,189.0542,42.4436,1293.162433548874,355.88183456597733,17731.780954488386
2459901.2454506,2022.8781531843945,26492.219032213965,0.7104999,62.6575,188.9267,42.4492,1291.3637590478465,354.78075361802166,17729.733444784277
2459904.22536196,2022.8863117370568,26491.616671657743,0.710701,62.6596,188.5431,42.4661,1285.8619114939129,351.47697465954076,17723.482367431676
2459905.21865528,2022.8890312259543,26491.4297512352,0.71077,62.6602,188.415,42.472,1283.9799269497562,350.37575865642367,17721.350105208843
2459906.21193628,2022.8917506811229,26491.25002654262,0.7108371,62.6609,188.287,42.4775,1282.1503823001412,349.2742547957648,17719.277604446568
2459906.77428191,2022.8932902995487,26491.151701146267,0.7108774,62.6611,188.2143,42.4808,1281.0543568298317,348.65059216247676,17718.039146945724
2459907.70871714,2022.895848643778,26490.993031668066,0.7109409,62.6616,188.0938,42.486,1279.3263038402429,347.6142882399313,17716.084994810222
2459909.19162035,2022.8999086114986,26490.755952845073,0.7110426,62.6624,187.9023,42.4944,1276.5636641686351,345.96959986048455,17712.96607014694
2459910.1848283,2022.9026278666668,26490.607989579123,0.7111112,62.6629,187.7739,42.5,1274.7036533799237,344.86786799997196,17710.869826125538
2459912.71917997,2022.9095665433817,26490.275671790583,0.7112893,62.6643,187.4461,42.5143,1269.889732395629,342.05644438254427,17705.460591434694
2459913.16580271,2022.9107893298021,26490.223400001807,0.7113193,62.6646,187.3884,42.5169,1269.0799342689015,341.5611412712384,17704.55168381633
2459915.15255009,2022.91622874768,26490.022296346408,0.7114616,62.666,187.1312,42.5282,1265.2523493521176,339.35705083521634,17700.27083307611
2459922.60509358,2022.9366326997404,26489.727532469173,0.7119997,62.669,186.163,42.5722,1250.9131762693814,331.08742809343397,17684.38039291306
2459924.08930032,2022.9406962363314,26489.763401839293,0.7121029,62.6683,185.9703,42.5814,1248.1897630756675,329.4410549207223,17681.39199566098
2459925.0777576,2022.943402484874,26489.804884171797,0.7121733,62.6682,185.8418,42.5876,1246.3368234550499,328.3445054453614,17679.364277728757
2459926.63488911,2022.9476656786037,26489.895479344206,0.7122828,62.6676,185.639,42.5976,1243.4622556095728,326.6169557026786,17676.226995438028
2459928.05739669,2022.951560292101,26490.007737747597,0.7123864,62.6677,185.4538,42.6069,1240.7501894814432,325.03899484363683,17673.275591313486
2459929.0506248,2022.9542796024639,26490.10087804439,0.7124581,62.6673,185.3243,42.6136,1238.8776376645528,323.9372431130224,17671.242773739905
2459930.04752177,2022.957008957618,26490.207525566664,0.7125319,62.6671,185.1943,42.6203,1236.9533259803502,322.8313752574962,17669.15717726004
2459931.543128,2022.9611037043123,26490.390828503492,0.7126437,62.6667,184.9991,42.6307,1234.0443940326986,321.1724664475344,17666.011360958586
2459934.01869066,2022.9678814254898,26490.748409913722,0.7128311,62.6657,184.6757,42.6484,1229.1827810516716,318.4267868236914,17660.769603203058
2459935.00936265,2022.9705937375772,26490.90760198772,0.712906,62.6651,184.5461,42.6557,1227.2443270850617,317.3280544721776,17658.68462522409
2459937.98870716,2022.9787507382891,26491.43141780347,0.7131318,62.6632,184.1564,42.6778,1221.41294624873,314.0239342159082,17652.425537089035
2459938.98192308,2022.9814700152774,26491.618952265144,0.7132073,62.6626,184.0265,42.6854,1219.4666266912918,312.92269450015715,17650.34002084599
2459939.97502707,2022.9841889858178,26491.81210395006,0.7132835,62.6621,183.8967,42.693,1217.5033451021982,311.82166510562956,17648.237272864582
2459941.96011635,2022.989623864066,26492.210435594134,0.7134378,62.661,183.6371,42.7086,1213.529805286813,309.62110893625515,17643.98267133642
2459943.94674937,2022.9950629688435,26492.62027404539,0.7135938,62.6597,183.377,42.7247,1209.5144007322997,307.4190312163508,17639.68391889056
2459946.44135743,2023.0018928334841,26493.14233223571,0.7137877,62.6577,183.0501,42.7453,1204.5269011365463,304.6539799457214,17634.3463801415
2459949.42116038,2023.0100510893358,26493.769783535856,0.7140137,62.6553,182.6597,42.7702,1198.7188934452206,301.35150783912366,17628.133867499477
2459953.39458514,2023.020929733443,26494.581086113718,0.7142755,62.6602,182.1765,42.8127,1192.0146335393001,296.9944959605273,17620.98806363943
2459954.88359149,2023.02500641065,26494.87028175998,0.7144597,62.6466,181.9205,42.7949,1187.2169087148286,295.2530921660463,17615.76961714294
2459955.87707586,2023.027726422614,26495.059017761712,0.7145441,62.6432,181.7792,42.7991,1185.0346174682854,294.1367878589143,17613.41499413478
2459956.87033392,2023.0304458149753,26495.243106602487,0.714613,62.6432,181.6514,42.8107,1183.2616444639625,293.04160660885395,17611.512308838464
2459959.85089623,2023.0386061498425,26495.772928270006,0.7147893,62.6479,181.2921,42.8664,1178.7416439129393,289.80028605670714,17606.68100036813
2459961.83778112,2023.044045944203,26496.100943100377,0.7149413,62.6461,181.0312,42.884,1174.8077899089676,287.5986600869752,17602.427941052116
2459963.82464965,2023.0494856937717,26496.408082294496,0.7150963,62.6438,180.7697,42.8965,1170.788399355606,285.3913502421659,17598.070804448547
2459964.81846097,2023.0522066008766,26496.554810216905,0.7151702,62.6429,180.6393,42.9061,1168.8721072831195,284.29102368441727,17595.9929304442
2459966.80538859,2023.0576465122242,26496.834406247308,0.7153187,62.6411,180.3801,42.9227,1165.0169646552122,282.0900555993217,17591.806012979632
2459969.78788022,2023.0658121292813,26497.22564245255,0.7155522,62.6376,179.9859,42.941,1158.941240099215,278.77453345874306,17585.18675112407
2459972.7668474,2023.07396809692,26497.5827524392,0.7157737,62.6368,179.5995,42.9717,1153.1736046696114,275.4826851088361,17578.894234954678
2459974.75389127,2023.079408326544,26497.808398793684,0.715907,62.6389,179.3445,43.0057,1149.7055814384948,273.30320244421375,17575.112546204695
2459975.74734128,2023.082128244435,26497.918459085282,0.7159807,62.638,179.2139,43.0117,1147.7839522064796,272.1994320034139,17573.01132202482
2459977.73556325,2023.0875716995204,26498.13375576709,0.7161228,62.6364,178.9519,43.028,1144.079715812646,269.9940881726904,17568.960776127515
2459978.72915778,2023.0902920130864,26498.238114354444,0.716195,62.6347,178.8195,43.0344,1142.196168044362,268.8887752888731,17566.89875391617
2459980.71606087,2023.0957318572755,26498.437618533775,0.7163365,62.6321,178.5556,43.0499,1138.5032594049544,266.68203138083516,17562.852970475815
2459982.70335931,2023.1011727838743,26498.62606697722,0.7164736,62.6297,178.2913,43.0645,1134.923753716209,264.4735978052911,17558.92821849947
2459983.69701295,2023.103893259275,26498.71454322894,0.716543,62.629,178.1615,43.0711,1133.109828280044,263.3710266609948,17556.93634264434
2459985.68438211,2023.1093343794932,26498.885265861572,0.7166782,62.6252,177.894,43.0908,1129.5755715173782,261.16442338243706,17553.05370367959
2459988.16136649,2023.1161159931285,26499.077496692844,0.7168505,62.6236,177.5666,43.1116,1125.064243649832,258.4164424737443,17548.086699814576
2459990.14894672,2023.1215576912257,26499.209514771555,0.7169865,62.6226,177.3038,43.1279,1121.4977320088,256.21093115876,17544.151387205053
2459991.1425544,2023.124278040794,26499.26665874504,0.7170546,62.622,177.1724,43.1365,1119.7093044652793,255.1088053141466,17542.174342678034
2459993.12995723,2023.129719253196,26499.365849476577,0.7171902,62.6207,176.9094,43.1535,1116.1440560173005,252.9039688494496,17538.226900974347
2459994.12386135,2023.132440414374,26499.40719385203,0.717258,62.6201,176.7778,43.1618,1114.3590888041117,251.80105082534678,17536.247165782384
2459997.10503663,2023.1406024274602,26499.4953255006,0.717464,62.6188,176.3829,43.1871,1108.9251112856373,248.4931261143377,17530.204982337058
2459999.1052299,2023.14607865818,26499.520606427464,0.7176025,62.6177,176.1175,43.2043,1105.2620704535993,246.27348305522747,17526.118268673137
2460001.09311581,2023.1515211931824,26499.522186487397,0.7177382,62.6165,175.8533,43.2212,1101.6665314978682,244.06687045436894,17522.09736590596
2460002.08626066,2023.1542402755922,26499.51086272976,0.7178049,62.616,175.7213,43.2296,1099.895817859111,242.9644007867757,17520.112457000763
2460005.06836167,2023.162404823189,26499.44423714493,0.7179974,62.6149,175.3249,43.254,1094.7758734298868,239.65316365196443,17514.35950156465
2460008.0484255,2023.1705637932916,26499.31186502527,0.7181887,62.6152,174.9287,43.279,1089.669225788195,236.34473441496726,17508.595822739167
2460010.03633171,2023.176006383874,26499.18765794149,0.7183111,62.6148,174.6633,43.2958,1086.3907222591151,234.1368018053999,17504.88044423895
2460013.0164558,2023.1841655189592,26498.939599245383,0.7184934,62.6147,174.2654,43.3204,1081.4900901889314,230.82621317472984,17499.303055219996
2460015.00393736,2023.1896069469128,26498.738593448834,0.7186169,62.6141,173.9995,43.3362,1078.1609115142728,228.61719911139372,17495.501429949956
2460015.9974417,2023.1923270135528,26498.621327198864,0.7186796,62.6142,173.8667,43.3444,1076.4664512161162,227.51337512095918,17493.56088722367
2460018.9795733,2023.2004916449011,26498.22986393251,0.7188418,62.6154,173.4758,43.3819,1072.05831172951,224.22070783562364,17488.481338501795
2460020.96570215,2023.2059293693362,26497.924515067512,0.71896,62.616,173.212,43.3991,1068.8404057145726,222.01652703899882,17484.765247006027
2460021.95888209,2023.2086485478171,26497.76109252831,0.71902,62.6164,173.0788,43.4085,1067.2046117786049,220.91382278587048,17482.872955781608
2460023.94604751,2023.2140891102258,26497.407223785634,0.7191358,62.6177,172.8148,43.4313,1064.0367819827734,218.71402031866606,17479.194716001657
2460024.93969581,2023.216809571006,26497.22011344191,0.7192081,62.6178,172.6781,43.4346,1062.0684803715685,217.60125443781578,17476.92001792754
2460025.93328325,2023.2195298651604,26497.02844285624,0.7192747,62.6179,172.5422,43.441,1060.2499587293496,216.4924485422465,17474.81157657215
2460027.92323696,2023.2249780614923,26496.618521657823,0.7194099,62.6175,172.2691,43.4506,1056.552540653819,214.26759786275616,17470.5166519157
2460031.89680883,2023.2358571083644,26495.738793548495,0.7196524,62.6192,171.7331,43.4803,1049.8804809982166,209.84484098882368,17462.71455921008
2460032.88975773,2023.2385756542917,26495.508803856315,0.7197116,62.6201,171.5995,43.488,1048.2474698187998,208.74026445496602,17460.79921142854
2460035.87113365,2023.2467382167015,26494.799210496596,0.7198737,62.6247,171.2071,43.5177,1043.7537720793334,205.43904198749627,17455.500781179217
2460037.85796584,2023.2521778667763,26494.315938545034,0.7199889,62.6263,170.9388,43.5311,1040.5662496995265,203.22586796054924,17451.74806267838
2460039.84475921,2023.2576174105682,26493.833916906515,0.7201047,62.6281,170.6708,43.5416,1037.3632923227224,201.01013219547133,17447.977341222828
2460041.82805682,2023.2630473834913,26493.354900012677,0.7202482,62.6273,170.3904,43.5446,1033.4274213173658,198.7779419431286,17443.38122873078
2460043.81492962,2023.26848714475,26492.882835133074,0.7203702,62.6292,170.1204,43.5577,1030.0632286116952,196.56272789004186,17439.429896392405
2460044.80824632,2023.2712066976594,26492.6508897543,0.7204292,62.63,169.9856,43.5659,1028.4353033693214,195.45708884259918,17437.516223426355
2460046.79491862,2023.2766459099796,26492.19429502064,0.7205529,62.6329,169.717,43.5759,1025.0305683800607,193.24037240736615,17433.522743313188
2460047.78820795,2023.2793653879537,26491.973680407216,0.7206133,62.6349,169.5842,43.5823,1023.368803055826,192.13496033668773,17431.573950631006
2460049.77484656,2023.2848045080352,26491.547551943204,0.7207363,62.6374,169.3142,43.5973,1019.9912880816009,189.92187710732998,17427.619795754654
2460051.76142517,2023.290243463847,26491.147490980176,0.7208635,62.6385,169.0411,43.6118,1016.5098916159877,187.70525301508218,17423.55618973153
2460052.75470251,2023.2929629089933,26490.95777210667,0.7209255,62.6396,168.9055,43.6228,1014.8144947717828,186.60165276237063,17421.578546287135
2460053.25809213,2023.2943411146614,26490.866904723072,0.7209629,62.6395,168.8356,43.6145,1013.798377579903,186.027298721905,17420.400948568302
2460054.74116122,2023.298401536536,26490.605007530983,0.7210596,62.6398,168.6307,43.6245,1011.1636570426945,184.3706468470395,17417.337992549077
2460055.73602399,2023.3011253223544,26490.442574882556,0.7211213,62.6399,168.4932,43.6321,1009.483887707901,183.26018395239075,17415.38636647506
2460056.72855316,2023.303842719124,26490.29031846221,0.7211873,62.6366,168.35,43.6389,1007.6930674743089,182.14552111530946,17413.31254624522
2460057.72199497,2023.3065626145653,26490.150079605097,0.7212499,62.6368,168.2129,43.6457,1005.9956837049285,181.03605875647597,17411.348001658684
2460060.70247788,2023.314722732046,26489.802867056736,0.7214373,62.6388,167.8041,43.6658,1000.9347091150667,177.70971646342144,17405.512872873456
2460063.18883199,2023.321529998604,26489.601946780473,0.721595,62.64,167.4614,43.6833,996.7013299934179,174.93390050255329,17400.66040716066
2460065.66683377,2023.3283143977276,26489.491358939307,0.7217521,62.642,167.1229,43.7011,992.5090426930083,172.17081681807522,17395.88331358773
2460067.16105797,2023.3324053606298,26489.47180228813,0.7218478,62.6431,166.9183,43.7122,989.9685586444075,170.50457017328586,17393.003711322865
2460068.64183737,2023.336459513676,26489.48820180932,0.7219434,62.6437,166.7144,43.7239,987.4407251352131,168.85287507668386,17390.149980381935
2460076.5979299,2023.3582421078715,26490.10140426308,0.7224748,62.6439,165.6154,43.7866,973.5343902383929,159.97484116628033,17374.616260219842
2460077.09258516,2023.359596400164,26490.16683099073,0.7225093,62.644,165.547,43.7907,972.6386370483988,159.42299594093123,17373.623757154157
2460079.07842775,2023.3650333408627,26490.45818655162,0.7226477,62.6432,165.2719,43.8074,969.0532060939204,157.20729728937897,17369.66016684176
2460081.55103644,2023.37180297451,26490.87488628636,0.7228241,62.6416,164.9277,43.8286,964.4957883938205,154.44722917634405,17364.635665697784
2460084.53073618,2023.3799609477892,26491.450539500278,0.7230311,62.6401,164.5139,43.8554,959.1716153297975,151.12335879587198,17358.792949600618
2460086.03106809,2023.3840686326896,26491.76464900914,0.7231349,62.6396,164.3061,43.8694,956.5087687243795,149.4507922317377,17355.878394548523
2460087.0241789,2023.3867876219024,26491.98078561742,0.7232026,62.6391,164.1682,43.8783,954.7751023088585,148.3429561151639,17353.984349925744
2460089.01076601,2023.3922266009852,26492.421932010828,0.723339,62.6376,163.8922,43.8963,951.2836441320487,146.12692364537304,17350.17078016265
2460091.48324916,2023.398995890924,26492.98793157129,0.7235107,62.6365,163.5488,43.9208,946.8913881085946,143.371079267357,17345.374934301664
2460095.96391299,2023.4112632799176,26494.02386275049,0.7238239,62.6339,162.9259,43.9664,938.8798837213672,138.37751922962573,17336.622352270348
2460096.95750094,2023.4139835754693,26494.248819183573,0.7238942,62.6333,162.7877,43.977,937.079465619734,137.27061283102586,17334.6516307438
2460097.95069654,2023.4167027968242,26494.469393427196,0.7239645,62.6324,162.6495,43.987,935.2778062493726,136.16349314326308,17332.677606611494
2460102.42024588,2023.4289397560021,26495.396399416535,0.7242783,62.6302,162.0274,44.0378,927.2194374210048,131.18688783921698,17323.82314682048
2460107.38776354,2023.4425400781377,26496.278643977566,0.72464,62.6279,161.336,44.0927,917.8789874056638,125.65427187042914,17313.484665829088
2460110.36846331,2023.4507007893496,26496.735151444816,0.7248513,62.6253,160.9193,44.1281,912.405931164345,122.3351158341398,17307.401359258165
2460111.36226003,2023.453421656482,26496.878110248195,0.7249199,62.6246,160.7802,44.1404,910.6275802548862,121.22880366641638,17305.422116428254
2460113.34838586,2023.4588593726494,26497.151483740443,0.7250552,62.6262,160.5133,44.1581,907.1177152667187,119.02202584619843,17301.51165763548
2460116.33131593,2023.467026190089,26497.535973768907,0.7252571,62.6243,160.0964,44.1915,901.873576287594,115.69847156796703,17295.658086535408
2460119.31072563,2023.4751833692808,26497.896429382006,0.7254679,62.6172,159.667,44.2157,896.3868523407427,112.3566870589292,17289.516013393957
2460123.37434589,2023.4863089552082,26498.370560836756,0.725735,62.6178,159.104,44.2734,889.439301867892,107.84617612506435,17281.73943345948
2460128.74316391,2023.5010079778515,26498.94223253439,0.7260915,62.6141,158.3523,44.3333,880.1492185001462,101.86272797349307,17271.310611089957
2460134.70556563,2023.517332144093,26499.441954852995,0.7264952,62.6101,157.5161,44.4006,869.5882719736774,95.21712812649662,17259.39177883601
2460140.29600493,2023.5326379327312,26499.747435218775,0.7268599,62.606,156.7301,44.4631,860.0073644303993,88.98354421679352,17248.51751673886
2460147.63719622,2023.5527370190828,26499.89324375009,0.7273063,62.6017,155.6963,44.544,848.2176382432153,80.7949731301947,17235.043670090658
2460152.59390575,2023.5663077501717,26499.80993688424,0.7276094,62.5989,154.9962,44.5986,840.1628285938614,75.2640099382053,17225.76718476747
2460153.60023204,2023.5690629213964,26499.767274190635,0.7276714,62.5984,154.8539,44.6096,838.508222106153,74.14084829728944,17223.852076338488
2460158.56778887,2023.5826633507736,26499.429402256163,0.7279712,62.5968,154.1507,44.6631,830.4716809804604,68.59499372148832,17214.50175201114
2460163.53533828,2023.5962637598352,26498.85629987417,0.7282761,62.5952,153.4453,44.7169,822.2362793413795,63.04724645934519,17204.83602250719
2460170.49307813,2023.6153130133603,26497.681225286684,0.7286759,62.5944,152.4549,44.7882,811.3232105378056,55.270415190311155,17191.876007676332
2460177.44552872,2023.6343477856813,26496.16298450021,0.7290599,62.5964,151.4609,44.8555,800.7367486367857,47.49119715478659,17179.164161899567
2460181.9591123,2023.6467053040385,26495.0490149325,0.7293165,62.5961,150.8122,44.9004,793.6363000334804,42.43869054613165,17170.599250205614
2460183.40851149,2023.6506735427517,26494.67075697788,0.7293934,62.597,150.6044,44.913,791.4964716652112,40.814924609351976,17168.00273493261
2460184.40232255,2023.653394449144,26494.40683550827,0.7294493,62.5981,150.4618,44.9215,789.944015431548,39.70129830816819,17166.122169624137
2460189.9195376,2023.6684997607122,26492.930821440917,0.7297673,62.5993,149.6669,44.9736,781.119926791197,33.520586143610245,17155.436290020647
2460190.35960624,2023.6697046029842,26492.812917629246,0.7297872,62.599,149.6035,44.978,780.5608583487683,33.02784292572301,17154.75080412103
2460192.34639278,2023.675144128077,26492.292191485343,0.7298969,62.5989,149.3162,44.9963,777.5139470259855,30.80061389232833,17151.055188588813
2460194.88071963,2023.6820827368379,26491.654038594726,0.7300383,62.5997,148.9493,45.0186,773.5956600708969,27.95811473835272,17146.31176296713
2460196.31959743,2023.6860221695554,26491.307215328387,0.7301171,62.6004,148.7411,45.031,771.4145160637499,26.34411896010519,17143.673397774703
2460197.3128999,2023.6887416835048,26491.075742990157,0.7301711,62.6007,148.5972,45.0397,769.9215275477172,25.22989393826768,17141.869130728996
2460198.80960862,2023.692839448652,26490.74270886452,0.7302523,62.6012,148.38,45.0529,767.6806170079744,23.550698485298398,17139.165371590294
2460200.29264108,2023.6968997702395,26490.43415511553,0.7303316,62.6017,148.1644,45.0657,765.4966939153574,21.886182713774588,17136.535204710974
2460200.83763368,2023.6983918786586,26490.3282946572,0.7303613,62.6014,148.085,45.0706,764.681383944584,21.274523682872257,17135.556291369518
2460201.8222601,2023.7010876388772,26490.143501843104,0.7304132,62.6018,147.9418,45.079,763.2567182026769,20.16925000417882,17133.845633067314
2460202.78182968,2023.7037147972069,26489.97616495143,0.7304632,62.6021,147.8023,45.0871,761.8871075772813,19.092073005487663,17132.2043235049
2460203.7746908,2023.706433102806,26489.81505745362,0.7305173,62.6023,147.6577,45.0957,760.4105841832552,17.977482989851012,17130.441116190992
2460205.26046468,2023.710500929993,26489.598438821715,0.7305996,62.6026,147.4412,45.1086,758.1721152579448,16.309465202549518,17127.776803276905
2460206.25393017,2023.7132208902672,26489.46864516397,0.730655,62.6025,147.2962,45.1173,756.6696322316884,15.193979503815513,17125.993393831875
2460208.74007071,2023.7200275721011,26489.201520787894,0.7307944,62.602,146.9327,45.1392,752.9050889246182,12.401974043573432,17121.543279592624
2460209.73320785,2023.7227466334011,26489.11899948436,0.7308507,62.602,146.7875,45.1479,751.3915363279166,11.286611975572356,17119.76195325563
2460212.75493045,2023.731019659001,26488.957905019,0.7310289,62.602,146.3453,45.1751,746.6278455666561,7.893322759641364,17114.186727849163
2460214.69856578,2023.7363410425194,26488.92449378985,0.7311465,62.602,146.0606,45.193,743.503761391129,5.710824693042014,17110.55313162711
2460217.72829566,2023.7446359908558,26488.986580882367,0.7313311,62.6007,145.6152,45.2219,738.6305868004265,2.308143291881862,17104.921025374137
2460220.15281462,2023.751273961999,26489.13180296011,0.7314775,62.5994,145.2585,45.2451,734.7915945603563,359.58497368032295,17100.51431571482
2460221.15468944,2023.7540169457632,26489.217481411742,0.7315369,62.5989,145.1111,45.2548,733.2411416339874,358.45979952522,17098.743094278943
2460222.14766248,2023.7567355577821,26489.317805883587,0.7315968,62.5985,144.9649,45.2644,731.6813649161322,357.34449919846065,17096.965640668746
2460222.64309123,2023.758091967776,26489.373142602763,0.7316267,62.5983,144.8921,45.2692,730.9041852116752,356.78819160063745,17096.081673804994
2460223.77371649,2023.761187451033,26489.514335858104,0.7316934,62.5976,144.7254,45.2803,729.1752271053447,355.5182176281399,17094.12091893485
2460225.11628701,2023.764863208788,26489.701485594356,0.7317768,62.5972,144.5278,45.294,727.016199510872,354.0110448363469,17091.675529240765
2460226.61288497,2023.768960670691,26489.938365421986,0.731866,62.5962,144.307,45.3095,724.7168336740579,352.33065855121265,17089.08307809674
2460228.09726726,2023.7730246879119,26490.20401740741,0.7319536,62.595,144.0879,45.3252,722.4675221315938,350.66421235169605,17086.557731938843
2460229.65613,2023.7772926214923,26490.511248857198,0.7320398,62.5936,143.8574,45.3419,720.2663923460241,348.9139562628168,17084.101618845252
2460232.06888647,2023.7838983886927,26491.043903878824,0.7321904,62.592,143.501,45.3685,716.4195714802254,346.20608007058877,17079.806254597024
2460234.05523906,2023.7893367256947,26491.513079969805,0.7323117,62.59,143.2072,45.3912,713.3318008048809,343.977178749935,17076.370940366374
2460235.0482492,2023.792055439288,26491.754737005795,0.7323724,62.589,143.0602,45.4028,711.7884400534913,342.86304185627733,17074.65578614712
2460237.03437115,2023.7974931448327,26492.248243229373,0.7324951,62.5871,142.7663,45.4263,708.6699170802503,340.63506786018263,17071.190929715205
2460239.02162519,2023.80293394987,26492.747211386755,0.7326203,62.5855,142.4723,45.4503,705.4865015564274,338.4063780467769,17067.651071196604
2460242.00023122,2023.8110889287336,26493.482109347322,0.7328148,62.583,142.0313,45.4879,700.5300160823863,335.0671856559304,17062.123026667185
2460243.9867656,2023.8165277634491,26493.951744343223,0.7329443,62.581,141.7368,45.5137,697.2245288518006,332.8405051582994,17058.42779109474
2460244.49441153,2023.8179176222586,26494.067116483242,0.7329769,62.5805,141.6615,45.5203,696.3916330514148,332.27145598688514,17057.49548100287
2460247.97196972,2023.8274386576863,26494.822813122562,0.7331998,62.5775,141.1459,45.5656,690.6877255056634,328.373583232879,17051.096918131218
2460250.03019616,2023.8330737745655,26495.232840362736,0.7333267,62.5753,140.8406,45.5931,687.4348758079041,326.067141156393,17047.439089028845
2460252.44184236,2023.8396765020123,26495.672016172142,0.7334779,62.5735,140.4833,45.6253,683.5458466614327,323.36505927560984,17043.047141184183
2460259.40375067,2023.8587371681592,26496.776310043213,0.7339055,62.5688,139.4503,45.7195,672.5101438327938,315.5644194626951,17030.52674497657
2460268.34487084,2023.8832166210545,26497.924866139052,0.734442,62.5548,138.1145,45.8486,658.5996316021528,305.54511642033964,17014.642131976012
2460269.33844859,2023.8859368886795,26498.037034091398,0.7345115,62.5589,137.9714,45.8589,656.7878051253747,304.43302007543423,17012.55898943258
2460271.32555206,2023.8913772814778,26498.25540515317,0.7346284,62.5563,137.6769,45.8891,653.748134074146,302.210178667957,17009.07321666144
2460273.31244997,2023.8968171114848,26498.463599116803,0.7347557,62.5557,137.3788,45.9166,650.430128423217,299.9812398654786,17005.256949860715
2460275.29956601,2023.9022575386996,26498.66126428652,0.7348661,62.5525,137.0912,45.9437,647.5571057792158,297.76218606816053,17001.95713679535
2460277.2869239,2023.9076986280625,26498.84550348093,0.7349398,62.5392,136.7883,45.9785,645.6529889217554,295.53529389754715,16999.787210366976
2460278.28110049,2023.9104205352228,26498.906507635984,0.735055,62.5401,136.6208,45.9972,642.6164846656156,294.40660731978966,16996.24884290386
2460280.270003,2023.9158658535246,26499.052919040598,0.7351488,62.5364,136.3291,46.0247,640.1696644714038,292.18209273119567,16993.42897034858
2460281.26139392,2023.9185801339358,26499.117435499298,0.7352456,62.5412,136.1977,46.014,637.6216371651535,291.0628517831121,16990.46258232751
2460288.70854663,2023.938969326845,26499.65087438145,0.7356061,62.5342,135.0623,46.1039,628.2097433161198,282.677242335831,16979.595956187888
2460289.7022706,2023.941689994798,26499.676419026473,0.7357048,62.5329,134.9228,46.0909,625.6009791018841,281.5453018726771,16976.541618259078
2460290.20574719,2023.9430684385761,26499.693097693907,0.7356885,62.5467,134.8617,46.1519,626.0373321911238,281.04896211259415,16977.059478126877
2460291.19921241,2023.9457883981108,26499.78140728617,0.7358043,62.5279,134.6872,46.122,622.9919987449557,279.86537668006196,16973.512431223753
2460292.19412917,2023.9485123317452,26499.77438462765,0.7358123,62.5452,134.5634,46.1787,622.7781451936944,278.81766057174406,16973.258936107824
2460293.1718767,2023.9511892585904,26499.824157820265,0.7358937,62.5441,134.4165,46.1937,620.6342089725267,277.7220669074713,16970.75695722554
2460295.15946775,2023.9566309863114,26499.846630449425,0.7360162,62.5422,134.1179,46.2226,617.3939129232349,275.4933449279067,16966.9570426118
2460298.14087331,2023.9647936298704,26499.81968085687,0.7362031,62.54,133.6702,46.2645,612.4339823690307,272.148993246665,16961.117788823118
2460299.13465793,2023.9675144638743,26499.790712315873,0.7362637,62.5389,133.5203,46.2784,610.8204532405534,271.03349300522376,16959.210899751342
2460301.12218998,2023.9729560300616,26499.69494112718,0.7363806,62.5373,133.221,46.3085,607.6973805629814,268.80532917782455,16955.50603290317
2460302.11594301,2023.9756767775768,26499.629192205273,0.7364367,62.5361,133.071,46.3223,606.1934186739545,267.6896600723142,16953.715012321492
2460305.09720137,2023.983839018125,26499.37884089777,0.73659,62.5342,132.6222,46.3645,602.0650804808829,264.3446534749897,16948.774298254622
2460307.08472444,2023.9892805597256,26499.173788972286,0.7366825,62.5333,132.3229,46.3913,599.5598941777098,262.1131984987875,16945.7576567997
2460308.07848748,2023.9920013346477,26499.060292330287,0.7367274,62.5332,132.1734,46.405,598.3402007185541,260.9979195268421,16944.284186766487
2460310.0660008,2023.9974428495555,26498.810305559837,0.7368179,62.5327,131.8742,46.4305,595.8762437188789,258.76527416005354,16941.30021890974
2460311.0597444,2024.0001635712524,26498.677853582547,0.736856,62.5322,131.7237,46.4465,594.831785103127,257.65131434910427,16940.026397401576
2460312.05347656,2024.0028842616289,26498.53539714025,0.7369133,62.5323,131.5693,46.454,593.2759324668177,256.5249658136228,16938.14670952766
2460314.04089499,2024.0083255167415,26498.23556901082,0.7369994,62.5316,131.271,46.4765,590.9155535911877,254.2903139730393,16935.266948558034
2460315.03457928,2024.011046076057,26498.075827978722,0.737048,62.5318,131.1179,46.4939,589.5857351186596,253.17521261946726,16933.64725670382
2460316.02824958,2024.0137665970703,26497.909770073344,0.7371029,62.5316,130.9689,46.4984,588.0873346139488,252.05132505467347,16931.82657893059
2460318.01555536,2024.0192075437642,26497.557739428466,0.7372024,62.5316,130.6701,46.5288,585.358279783225,249.8241842448739,16928.493578248228
2460319.00920031,2024.0219279953726,26497.367291422834,0.7372634,62.5311,130.5173,46.5384,583.6918910996437,248.70162166583862,16926.466058996368
2460320.99648404,2024.027368881697,26496.953232405755,0.7373488,62.5308,130.2218,46.5805,581.3202628352492,246.48950258909343,16923.5328783902
2460321.9901243,2024.0300893204658,26496.732694220118,0.7374079,62.5297,130.0673,46.5906,579.6963813139182,245.36574463232483,16921.544843898027
2460322.98375603,2024.0328097358795,26496.504525837678,0.7374482,62.5298,129.9175,46.6202,578.5686569668287,244.26619508339093,16920.139387320603
2460323.97737626,2024.035530119808,26496.27021957241,0.737493,62.5306,129.7706,46.6414,577.3201065292951,243.16115686912937,16918.58920509183
2460325.96455699,2024.0409707241347,26495.774332271187,0.7376083,62.5306,129.4684,46.6637,574.134969861002,240.92263931151612,16914.667280275622
2460326.95810933,2024.04369092219,26495.51433197428,0.7376597,62.5308,129.3186,46.6796,572.7048785044308,239.80946801157916,16912.893732832876
2460328.94514274,2024.0491311231756,26494.965131929283,0.7377599,62.5308,129.0175,46.71,569.9060056936478,237.58029565675594,16909.408760525777
2460329.93863266,2024.0518511503356,26494.682602011784,0.7378058,62.5306,128.8664,46.7253,568.6158090883991,236.46528587918425,16907.79235557119
2460330.93211119,2024.0545711463112,26494.39718424931,0.7378436,62.5312,128.7176,46.7458,567.5394859929338,235.35778732796953,16906.427427796312
2460331.92558332,2024.0572911247643,26494.111247755594,0.7378914,62.5309,128.5651,46.7512,566.1981073934721,234.23149508480998,16904.749115868777
2460333.9125091,2024.0627310310747,26493.53799420676,0.7380047,62.5279,128.2481,46.747,563.0461348535991,231.95192881309765,16900.837033061922
2460334.90595859,2024.065450947543,26493.25480049945,0.7380441,62.5285,128.0975,46.7568,561.9281051941543,230.8319588845052,16899.422903566538
2460336.89281833,2024.0708906730454,26492.696418722826,0.7381219,62.5283,127.7923,46.7789,559.7207020119376,228.59055770363344,16896.63074358907
2460337.88622338,2024.073610467844,26492.425090015025,0.7381594,62.5281,127.6392,46.7898,558.6561810245876,227.46923157619304,16895.283365015475
2460339.87297351,2024.0790498932513,26491.89429535791,0.7382334,62.5282,127.3346,46.8092,556.5567972552344,225.22583842950752,16892.627204507182
2460340.866316,2024.0817695167693,26491.63640769959,0.7382721,62.5284,127.1825,46.8191,555.464064550757,224.10457396304122,16891.250516979024
2460342.85293689,2024.0872085883366,26491.142579121846,0.7383565,62.5297,126.8793,46.8402,553.0989634004673,221.86440819879212,16888.2914923269
2460343.84621968,2024.0899280484048,26490.90760198772,0.7384026,62.5301,126.7268,46.8512,551.8162523202218,220.74390257431926,16886.697186133682
2460345.83275036,2024.0953668729912,26490.455204545644,0.7384995,62.5306,126.4226,46.8731,549.130981216289,218.50362572318897,16883.37197591158
2460346.82600731,2024.098086262313,26490.23594169943,0.7385499,62.53,126.2685,46.8848,547.7385359809105,217.38224556730898,16881.65239813654
2460348.81251683,2024.1035250289663,26489.816197563396,0.7386496,62.5299,125.9629,46.9078,544.9877591596724,215.14168957214366,16878.259123517273
2460349.80576611,2024.1062443972892,26489.61887269782,0.7386997,62.5299,125.8097,46.9197,543.6090583216037,214.02141697592543,16876.562356071347
2460351.79223278,2024.111683046625,26489.260013960822,0.7388027,62.5295,125.5019,46.944,540.7868946445278,211.7800032149965,16873.103208815253
2460352.78544026,2024.1144023005068,26489.092954105414,0.7388548,62.53,125.3492,46.957,539.3631773184479,210.66137181758222,16871.36237970679
2460353.77862702,2024.1171214976587,26488.938700126375,0.7389081,62.5301,125.196,46.9693,537.9110341995265,209.54156084286785,16869.591839868892
2460361.72380674,2024.138874214209,26488.156853779754,0.7392667,62.5247,123.9578,47.0606,528.2082474036115,200.5636828848138,16857.83676761185
2460362.71696401,2024.1415933306232,26488.14343767367,0.7393113,62.5222,123.7989,47.0679,527.0233781806792,199.43320097562378,16856.427373113096
2460363.71012408,2024.1443124547025,26488.144752977434,0.73937,62.5251,123.6523,47.0689,525.4688669685092,198.3087163071196,16854.584220486988
2460365.69643377,2024.1497506742505,26488.201398881276,0.7394495,62.5234,123.3422,47.0897,523.3778185792162,196.06165726981132,16852.122388060605
2460366.68958351,2024.1524697700484,26488.257168209395,0.7394896,62.5224,123.1878,47.0994,522.3301701930977,194.93808278259462,16850.897724037
2460367.68272938,2024.1551888552503,26488.333018474263,0.7395307,62.5219,123.0318,47.1101,521.2612594888787,193.8139121098606,16849.654259114846
2460368.67587232,2024.1579079324295,26488.42754707884,0.7395722,62.5218,122.878,47.1217,520.1866115451385,192.6928443254125,16848.409947755285
2460369.66901399,2024.160627006133,26488.539965311265,0.7396168,62.5212,122.7244,47.1323,519.0344994956367,191.5709777921108,16847.079398443253
2460370.66215731,2024.1633460843536,26488.669221445754,0.7396645,62.5206,122.5701,47.1433,517.804646099692,190.44880963268534,16845.66190233087
2460373.14505326,2024.1701438829843,26489.05901628346,0.7397931,62.5183,122.1825,47.1728,514.4996305441691,187.64350212564096,16841.86552539575
2460376.12467253,2024.1783016359486,26489.6148385389,0.739953,62.514,121.7151,47.2119,510.4085699175257,184.27841105851292,16837.18821111535
2460378.11117441,2024.1837403816844,26490.04448509271,0.7400634,62.5116,121.4045,47.2385,507.59579730374844,182.03646259363447,16833.98659201616
2460380.09770668,2024.1891792106235,26490.513266107115,0.74018,62.5095,121.0936,47.2655,504.6288567999518,179.7945841755885,16830.61343609749
2460382.08424735,2024.1946180625605,26490.997768035995,0.7402983,62.5073,120.7825,47.2937,501.6208550551546,177.55369747821763,16827.195407080337
2460383.07752483,2024.1973375080906,26491.234238281893,0.7403555,62.5059,120.6272,47.3081,500.16696818158107,176.43379708735566,16825.543650152067
2460385.06412121,2024.202776512553,26491.715264518087,0.7404628,62.5029,120.3152,47.3378,497.4493029502837,174.19345548088836,16822.468082524854
2460387.05080387,2024.2082157532375,26492.20938294729,0.7405579,62.5,120.0034,47.3678,495.05813595154905,171.95352883453455,16819.784304519773
2460388.04418114,2024.2109354719785,26492.455354269623,0.7406049,62.499,119.8478,47.3817,493.8768058663036,170.83273008774867,16818.45872897793
2460391.02442177,2024.219094926133,26493.151894623566,0.7407392,62.4961,119.3813,47.4268,490.49945472162017,167.47392659207415,16814.66575304636
2460394.00475315,2024.2272546287475,26493.774082477434,0.7408756,62.4931,118.9151,47.4645,487.04701285751617,164.1079336508808,16810.75754560222
2460398.47532749,2024.239494394223,26494.651278506484,0.7410917,62.4907,118.2161,47.532,481.54882161093974,159.07011807977435,16804.493157485904
2460399.96555639,2024.2435744185902,26494.902307855427,0.7411686,62.4898,117.9832,47.5589,479.57635720545204,157.39530930748276,16802.224098371975
2460400.95906237,2024.2462944897193,26495.05708739043,0.7412249,62.4889,117.8276,47.5722,478.12474729516816,156.27378370102164,16800.54412832912
2460402.94613193,2024.251734789679,26495.368759163146,0.7413365,62.4867,117.5155,47.6014,475.2485170357977,154.03237571559384,16797.216232174902
2460403.44290938,2024.2530948922106,26495.43772831084,0.7413647,62.4861,117.4369,47.6095,474.5191854929926,153.4722388041526,16796.368923121834
2460404.93325854,2024.2571752458316,26495.63630229466,0.7414499,62.485,117.2027,47.6337,472.31311552191437,151.79331150061975,16793.802306496527
2460406.42361394,2024.2612556165363,26495.812152623017,0.7415368,62.4842,116.969,47.6578,470.05609556583295,150.1147780469164,16791.166872533275
2460407.91395972,2024.265335960904,26495.967471956443,0.7416254,62.4835,116.7356,47.6821,467.7486971797571,148.43675407457525,16788.463977610136
2460409.90106489,2024.2707763583571,26496.139729901846,0.7417433,62.4825,116.424,47.7142,464.6693093833419,146.19871099140497,16784.844314214544
2460412.88173988,2024.2789370017247,26496.347970065966,0.7419037,62.48,115.9557,47.7626,460.4730745865354,142.84097937909746,16779.901288222572
2460413.87532113,2024.2816572789318,26496.407906783843,0.7419528,62.4798,115.8002,47.7777,459.1875704034328,141.72127958458964,16778.385303297222
2460415.86252292,2024.2870979409174,26496.514442284504,0.7420472,62.479,115.4878,47.8081,456.71379062772576,139.48064126968976,16775.46454048862
2460421.32740231,2024.3020599652566,26496.751386693748,0.7422861,62.4758,114.6309,47.8911,450.4448371952549,133.3204125076182,16768.048642987564
2460421.82420442,2024.3034201353053,26496.77499366766,0.7423083,62.4762,114.5545,47.8981,449.8626926357074,132.7613512901475,16767.360258716173
2460423.81140004,2024.308860780397,26496.85415200852,0.7423953,62.4747,114.2402,47.9287,447.57786477190984,130.51901905703323,16764.653658377058
2460426.79219112,2024.3170217416014,26496.942613470328,0.7425263,62.4725,113.7695,47.9768,444.1295533778757,127.15847302354379,16760.5574817175
2460427.7858001,2024.3197420947292,26496.973855988428,0.7425787,62.4717,113.613,47.9922,442.74915607455296,126.03804589749055,16758.91596231031
2460429.77305473,2024.325182901383,26497.106198912243,0.7426888,62.4707,113.3001,48.0246,439.8658925695463,123.79885550211554,16755.508271265924
2460430.76670098,2024.3279033565498,26497.15824137675,0.7427448,62.4698,113.1433,48.042,438.39544281702456,122.68009164209877,16753.76494547274
2460432.75400972,2024.3333443113481,26497.22178092101,0.7428549,62.4672,112.8287,48.0758,435.4944445771116,120.44054791464202,16750.31210494162
2460433.74765763,2024.3360647710613,26497.222044207203,0.7429086,62.465,112.6715,48.0921,434.071611456091,119.32028241794592,16748.608207331
2460435.7349143,2024.3415055832993,26497.17728564769,0.7430198,62.4648,112.3578,48.1293,431.1136183012004,117.0850900122893,16745.05040304115
2460437.72212617,2024.3469462728817,26497.107427567822,0.7431228,62.4632,112.042,48.1646,428.3664640928255,114.84594176256954,16741.73605216834
2460438.71572895,2024.3496666090355,26497.073639591385,0.7431724,62.4627,111.8849,48.1822,427.043529879521,113.72712074721656,16740.13959552209
2460440.70295287,2024.355107331609,26496.950336331403,0.7432662,62.4614,111.5704,48.2163,424.52644825763946,111.48806062078017,16737.082385310183
2460441.69657631,2024.3578277243255,26496.8861840994,0.7433078,62.4599,111.4122,48.2326,423.40770774608063,110.366819242854,16735.720303678874
2460443.68382005,2024.3632685011642,26496.59702119762,0.7433896,62.4588,111.0983,48.2645,421.1660602483298,108.12613958090253,16732.938606759275
2460444.67743744,2024.365988877317,26496.48899301484,0.7434276,62.4587,110.9415,48.2805,420.1314725114007,107.00600416588921,16731.662803614498
2460446.66464356,2024.371429551157,26496.2112489238,0.7434962,62.4583,110.6276,48.3121,418.24257095169924,104.76506158350378,16729.3071151015
2460448.6517929,2024.3768700695418,26495.888056984633,0.7435652,62.4589,110.3122,48.3476,416.3314547152422,102.52657496492486,16726.909650004727
2460450.63887537,2024.3823104048458,26495.505206193797,0.7436397,62.459,109.9984,48.3794,414.2593633114029,100.28605425552794,16724.299275584875
2460451.63239256,2024.3850305066671,26495.301633133593,0.7436779,62.458,109.8412,48.3934,413.1950547382321,99.16361759987217,16722.95605278321
2460453.61939266,2024.3904706164544,26494.893533573082,0.7437635,62.4579,109.5249,48.4276,410.82248691539826,96.92307807640702,16719.97604752305
2460454.61288154,2024.3931906407663,26494.67540724887,0.7438065,62.4577,109.3663,48.4452,409.627323947012,95.80286932416877,16718.470589402215
2460455.60636615,2024.3959106533882,26494.471235952144,0.7438335,62.4572,109.2122,48.4746,408.8596658645338,94.69896478020797,16717.48282287284
2460457.59333276,2024.4013506714855,26494.076328761497,0.7439019,62.4573,108.9031,48.533,406.9463090507943,92.48985826526325,16715.057428243646
2460458.5868112,2024.4040706672135,26493.86304463941,0.7439532,62.456,108.7442,48.5457,405.53255221817835,91.36445980308804,16713.290448026863
2460459.58028053,2024.4067906380008,26493.619672608365,0.7440443,62.4538,108.5759,48.5295,403.0566688362451,90.20077031970467,16710.237477105187
2460461.56714606,2024.4122303793567,26493.02477698003,0.744142,62.4524,108.2591,48.5599,400.3160333885571,87.95606343156811,16706.752014852653
2460462.56053669,2024.414950134675,26492.756685692977,0.7441846,62.4516,108.1,48.5776,399.1188486532237,86.83555151698874,16705.226547622427
2460465.04390171,2024.4217492175492,26491.97824177618,0.7442976,62.4517,107.704,48.6123,395.92611716995,84.0265816822953,16701.137043442002
2460465.54056015,2024.4231089942507,26491.819910790637,0.7443174,62.4516,107.6246,48.6207,395.36109352271706,83.46606206976452,16700.406555764348
2460466.53386875,2024.4258285249832,26491.477380105378,0.7443588,62.4515,107.4658,48.6367,394.1767672229953,82.34423100607185,16698.87185161237
2460469.51373188,2024.4339869455991,26490.29838729595,0.7444733,62.4507,106.9887,48.6831,390.8422289210557,78.97649958428329,16694.48071645844
2460471.99684402,2024.4407853361265,26489.269572845868,0.7445521,62.45,106.5905,48.7199,388.49198491737206,76.16767899445921,16691.321210296835
2460472.49344828,2024.4421449644894,26489.035075714753,0.7445694,62.4503,106.5112,48.7264,387.97382281086357,75.60541278377383,16690.622078524306
2460474.47979848,2024.4475832949486,26488.24375197629,0.7446236,62.4512,106.1938,48.7537,386.3360317021961,73.35751381854402,16688.395931594936
2460475.96948379,2024.4516618310472,26487.642318820366,0.7446602,62.4521,105.9561,48.7743,385.2129921591286,71.67214082301106,16686.850324133844
2460477.45910141,2024.455740181821,26486.99471370953,0.7447057,62.4528,105.7173,48.7951,383.8424745401744,69.98593454444418,16684.99182324227
2460479.44516106,2024.4611777167966,26486.13892911569,0.74477,62.4524,105.3968,48.8242,381.92093887819556,67.73702195321903,16682.402637675656
2460480.43815562,2024.4638963877342,26485.72828927693,0.7448031,62.4523,105.2365,48.8387,380.9394536657737,66.61250041571179,16681.088529027747
2460482.42409465,2024.4693335924708,26484.943261042074,0.7448803,62.4529,104.9162,48.8662,378.6944792740742,64.36230671051084,16678.132113221127
2460483.4170463,2024.4720521459278,26484.568081045476,0.7449224,62.4535,104.7557,48.878,377.48376314968573,63.23492746598609,16676.553035204965
2460485.40291403,2024.4774891554553,26483.827753143152,0.7450074,62.4511,104.4301,48.9221,375.0437967261305,60.996104036129225,16673.37531465976
2460485.89937095,2024.4788483804248,26483.612746931718,0.7450346,62.4501,104.3478,48.9197,374.26861746654413,60.42208304705136,16672.37212692036
2460486.39582178,2024.48020758872,26483.41685228719,0.7450574,62.4495,104.2665,48.9268,373.61484920591283,59.85856806081492,16671.52131622783
2460487.3886994,2024.4829259394928,26482.95662368624,0.7450989,62.4479,104.1039,48.9418,372.3984746299084,58.73236178256536,16669.907347496326
2460488.87794711,2024.487003277509,26482.234549444067,0.7451514,62.4486,103.8677,48.9628,370.8240997974508,57.04932009670662,16667.77740157284
2460490.36710684,2024.4910803746475,26481.52321553425,0.7452008,62.4478,103.6253,48.9841,369.3346300995545,55.3604651268858,16665.753010617787
2460491.35983679,2024.4937983211219,26481.085239186657,0.7452375,62.4469,103.4646,48.9963,368.25117824829067,54.23350439611201,16664.30591591323
2460491.85619095,2024.4951572647506,26480.866257803704,0.7452551,62.446,103.3844,49.0031,367.72932675757966,53.67088468979745,16663.60628472177
2460492.84888546,2024.4978751141953,26480.470543025323,0.745294,62.4467,103.2231,49.0168,366.5984301318076,52.54485888970109,16662.115426476772
2460493.84156392,2024.5005929196989,26480.07834783658,0.7453311,62.4467,103.0616,49.0318,365.51612475735874,51.41994890839513,16660.684157222153
2460494.33789845,2024.5019518095824,26479.869901478276,0.7453495,62.4464,102.9808,49.0382,364.9758103463937,50.85634855033618,16659.9655101637
2460495.82688447,2024.5060284311292,26479.26920637661,0.7453995,62.4446,102.7383,49.0572,363.49887957808824,49.1652647934805,16657.991004048894
2460496.81952665,2024.5087461373032,26478.876179565155,0.7454286,62.4436,102.5763,49.0698,362.62827945855315,48.03749057083229,16656.81445746569
2460499.30106114,2024.5155402084597,26477.99503246403,0.7454974,62.4442,102.1722,49.0987,360.58227854918096,45.216424954506266,16654.06284036525
2460501.28619684,2024.5209752137987,26477.39461887925,0.7455572,62.4456,101.8496,49.1206,358.8461235325685,42.95912303244975,16651.775013777897
2460502.27872975,2024.5236926208072,26477.121316702887,0.7455837,62.4453,101.6885,49.1325,358.0749400466775,41.83165650939563,16650.756555338074
2460505.25619575,2024.5318444784398,26476.315466727476,0.7456696,62.4435,101.2026,49.1704,355.5956031789847,38.44898776172198,16647.505244337994
2460506.24864715,2024.5345616622865,26476.050513146725,0.7456972,62.4421,101.0402,49.1785,354.79747843465066,37.316501576886935,16646.45669009004
2460507.24108406,2024.5372788064617,26475.804484500906,0.7457221,62.4408,100.8776,49.2035,354.0756651294714,36.20072967375984,16645.50627141731
2460508.72972214,2024.5413544754,26475.44180192945,0.7457673,62.4369,100.6309,49.2183,352.78675299738825,34.50158885596045,16643.833669162006
2460511.21077184,2024.5481472192746,26475.015287002694,0.745875,62.4348,100.226,49.2509,349.8269598095603,31.683901061127813,16640.12279649709
2460512.2031893,2024.5508643101982,26474.83006051073,0.7459239,62.4332,100.0634,49.2655,348.4852699373305,30.557748328633835,16638.442908361707
2460513.19559951,2024.5535813812728,26474.62005349457,0.7459721,62.4307,99.8998,49.2813,347.1558354871131,29.43180274181418,16636.769642548832
2460515.18036642,2024.5590153769203,26474.10459938373,0.7460629,62.419,99.5682,49.3139,344.6210470641663,27.176564308646647,16633.54172581471
2460515.67654247,2024.5603738329096,26473.998026290024,0.7460739,62.4174,99.483,49.3221,344.302770223524,26.610520152544694,16633.122911545284
2460516.6688777,2024.5630906986992,26473.84066436498,0.7461004,62.4186,99.3207,49.3393,343.5612551460026,25.487348468294073,16632.176354207553
2460517.66119431,2024.5658075135113,26473.719032292312,0.7461378,62.4163,99.157,49.3527,342.54025571959846,24.3589951358785,16630.903475902094
2460518.15734744,2024.5671659067482,26473.681028029063,0.7461567,62.4159,99.0758,49.3598,342.03025530228933,23.79587357064085,16630.274925252652
2460520.14194567,2024.5725994405745,26473.55808429609,0.7462404,62.4138,98.7507,49.39,339.7832100477417,21.544901393124803,16627.51947256587
2460521.13424751,2024.5753162149492,26473.465702302095,0.746282,62.4121,98.5876,49.406,338.6584710566831,20.419762618256044,16626.13011037272
2460522.12655437,2024.5780330030661,26473.310712520597,0.746322,62.4096,98.4242,49.421,337.5602149307988,19.29331889617268,16624.752500694845
2460527.08803264,2024.5916167902533,26472.24887461639,0.7464568,62.4032,97.6093,49.5022,333.7223908666374,13.669455508780658,16619.77029432832
2460528.08028776,2024.5943334367148,26471.993916281524,0.7465031,62.4052,97.4525,49.5047,332.4320945962263,12.537162782630901,16618.127651876777
2460528.57640555,2024.5956917331962,26471.86302487836,0.7465167,62.4048,97.3713,49.5126,332.0388966941473,11.974876049394169,16617.609962626764
2460530.06472437,2024.599766528049,26471.449523737418,0.7465505,62.4015,97.1232,49.5458,331.03934606648636,10.293049902353346,16616.267937750763
2460531.55298568,2024.6038411654479,26470.86059921718,0.7465972,62.4002,96.8793,49.5693,329.6538942513116,8.605780438778595,16614.402556380388
2460533.53723328,2024.609273739302,26469.89407059538,0.746649,62.3966,96.552,49.6027,328.0378326794098,6.356153851317629,16612.13669542976
2460535.02534352,2024.6133479630942,26468.990212877685,0.7466904,62.3939,96.3067,49.6266,326.71302322796146,4.668033286144549,16610.24322493705
2460538.49735529,2024.6228538132518,26467.000439756175,0.7468234,62.3929,95.7411,49.6808,322.6888835359723,0.734527229350249,16604.733287723873
2460539.48930934,2024.6255696354272,26466.422876070006,0.7468731,62.3917,95.5758,49.6985,321.2272767086861,359.6092312462106,16602.778193957452
2460540.48123302,2024.6282853744553,26465.820930725647,0.7469168,62.3913,95.4162,49.7164,319.91835177502344,358.4898651960458,16600.999972636582
2460542.46495418,2024.6337165069956,26464.5086527668,0.7469914,62.3852,95.0849,49.7513,317.61198392441474,356.23825748155133,16597.78557883597
2460544.44847484,2024.6391470905949,26463.20983452441,0.7470476,62.3831,94.7569,49.7856,315.7961393465512,353.98954738582916,16595.169304572108
2460545.44017055,2024.641862205475,26462.677440335374,0.7470837,62.3828,94.5926,49.8013,314.7061663030927,352.8635060289589,16593.677997832183
2460547.42347984,2024.647292210377,26461.789068248578,0.7471697,62.3826,94.2666,49.8335,312.20576866200736,350.61490426432135,16590.36322122369
2460548.91090782,2024.651364566242,26461.030477100194,0.7472263,62.382,94.0197,49.8624,310.5162795093811,348.9308561529044,16588.072348760128
2460550.39829393,2024.6554368074746,26460.154137163165,0.7472725,62.3805,93.7744,49.8877,309.0723046999037,347.2448493091365,16586.041097633577
2460551.3898498,2024.658151539494,26459.461600073013,0.7472957,62.3791,93.6104,49.9043,308.2834220233308,346.1201457821938,16584.862791371637
2460552.87711623,2024.6622234530591,26458.435427209497,0.747326,62.3783,93.3657,49.9278,307.22241313473114,344.4330568987118,16583.24759428901
2460554.36429625,2024.666295130048,26457.374293349516,0.7473637,62.3776,93.1211,49.9516,305.9568491869368,342.7464531827075,16581.37307287912
2460555.35568773,2024.6690094119917,26456.60456572626,0.7473885,62.3783,92.9595,49.967,305.10626425495866,341.62311168294445,16580.095023774444
2460557.33832699,2024.6744375824508,26455.168251919724,0.7474396,62.3783,92.6339,49.9989,303.391575772147,339.37527031772936,16577.555401352784
2460559.32076957,2024.679865214428,26453.633281386272,0.7474903,62.3775,92.3064,50.0325,301.662703792862,337.12742280591124,16574.966743913024
2460560.31191945,2024.6825788349072,26452.847133347135,0.747514,62.3776,92.139,50.053,300.8372613102847,336.0036194334343,16573.713655842716
2460561.7985639,2024.686649045585,26451.65583054459,0.7475441,62.3758,91.8956,50.0773,299.74027919038053,334.31924358938454,16572.00134570257
2460563.28511612,2024.6907190037502,26450.41782874072,0.7475934,62.3765,91.6505,50.1007,298.12373273182857,332.6323586499141,16569.64358988961
2460565.2670516,2024.6961452473647,26448.763249871095,0.7476685,62.3781,91.3249,50.133,295.719803984849,330.3856109487448,16566.19670037779
2460566.25796115,2024.6988582098556,26447.77043456544,0.7477113,62.3786,91.162,50.1504,294.33732083495033,329.26344445195105,16564.20097657458
2460567.24882404,2024.7015710445994,26446.94559078468,0.7477474,62.3782,90.9983,50.169,293.17448733397214,328.14172394420797,16562.525482192395
2460569.23037529,2024.7069962362489,26445.136977095677,0.7477832,62.377,90.6755,50.2407,291.77152392474545,325.9375549503915,16560.243527362105
2460570.22106127,2024.7097085866399,26444.24378902334,0.7477996,62.3765,90.5178,50.2663,291.11256128920195,324.8290088096429,16559.15768648274
2460571.21167571,2024.7124207411637,26442.91340349575,0.7478387,62.3755,90.3472,50.2744,289.7431196129137,323.6901331810655,16557.069284248584
2460572.20222491,2024.71513271707,26442.2255735315,0.7478665,62.3757,90.1813,50.2959,288.8345816440051,322.56942185482575,16555.74600980357
2460573.19271926,2024.717844542807,26441.39278114799,0.7478985,62.3777,90.0179,50.3215,287.7784822165795,321.4553645895077,16554.19709041297
2460582.10519467,2024.7422455706233,26432.855357028417,0.7482056,62.38,88.5162,50.4479,277.508654909755,311.2956945756258,16538.98978423916
2460583.09518988,2024.7449560297882,26431.846066163405,0.7482369,62.3834,88.3584,50.4516,276.42720434010425,310.1658292762755,16537.352661696033
2460585.07497876,2024.7503763963311,26429.76986941858,0.7482957,62.386,88.0317,50.4785,274.35042414309464,307.91469732076195,16534.164443592803
2460587.05451358,2024.7557960672968,26427.695213771374,0.7483412,62.3857,87.6988,50.5136,272.6257642634464,305.6658157731432,16531.40456434656
2460589.03381539,2024.7612151003148,26425.638137791986,0.7483917,62.3846,87.3654,50.5454,270.7735882650077,303.4133638866882,16528.495046074895
2460590.02338709,2024.7639243999722,26424.641651261933,0.7484205,62.3848,87.1993,50.5606,269.7618343036502,302.2871160100176,16526.94625533767
2460592.0023874,2024.7693426075284,26422.394671373466,0.7484856,62.3846,86.867,50.5914,267.47644233369465,300.0350612897405,16523.44876193578
2460592.99180554,2024.7720514867624,26421.42097157823,0.748564,62.3812,86.6869,50.5915,265.1601034097439,298.87986476557205,16520.319861215074
2460593.98117769,2024.774760240082,26420.650458172233,0.7486167,62.377,86.5134,50.6044,263.57400032184705,297.7441135704594,16518.14390532909
2460594.97049498,2024.7774688432032,26419.53151447669,0.7485828,62.3954,86.3933,50.6889,264.18833868148886,296.73341644682586,16518.53413262374
2460595.9597494,2024.7801772741961,26418.554158384195,0.7486505,62.3827,86.2019,50.666,262.1540784327881,295.5440812893819,16515.74666558885
2460596.94895307,2024.7828855662428,26417.910593623543,0.7486844,62.3788,86.0314,50.6841,261.0967515828561,294.4166961525641,16514.254408193665
2460598.43266767,2024.7869477554273,26416.99026307424,0.7487257,62.3735,85.7783,50.7017,259.7744364607943,292.7188080461551,16512.35115387973
2460599.91627831,2024.7910096599867,26416.04545285998,0.7487811,62.3721,85.5257,50.7303,258.0735810174865,291.0325224048107,16509.979102431014
2460600.90530213,2024.793717459631,26415.399602456266,0.748822,62.37,85.3588,50.7449,256.83094134576004,289.90541453291223,16508.260091740194
2460602.88328347,2024.7991328773985,26414.248473744417,0.7489145,62.3666,85.026,50.7779,254.0984851543526,287.6560641365169,16504.56544467394
2460604.86117369,2024.8045480456942,26413.195595564335,0.7489906,62.3606,84.6895,50.8336,251.8240785252474,285.4258035500658,16501.45934205049
2460610.29967222,2024.8194378431756,26409.13335049774,0.7491222,62.3537,83.7744,50.9293,247.32897487950322,279.24607645677133,16494.687176741227
2460610.79400839,2024.8207912618482,26408.680171666616,0.7491415,62.3539,83.6935,50.9352,246.7055948440293,278.6838457346573,16493.78301998735
2460611.78263087,2024.8234979626834,26407.694942503134,0.7491658,62.3519,83.5255,50.9565,245.81673474681975,277.5627334339697,16492.385649359978
2460612.77118999,2024.826204490048,26406.643152315108,0.74919,62.3505,83.3593,50.9758,244.91386903215152,276.4414835827645,16490.949935009583
2460614.25391235,2024.8302639626288,26405.030297547124,0.7492231,62.3476,83.1092,51.0041,243.6353424249446,274.75827345363996,16488.87741347316
2460614.74812079,2024.8316170315945,26404.42974891671,0.7492325,62.3467,83.0267,51.0137,243.23653706147252,274.19826862599086,16488.199853417307
2460616.23065969,2024.8356760018896,26402.76365103018,0.7492669,62.3445,82.7782,51.0391,241.91047879011694,272.5139393197017,16486.052289869756
2460617.21894482,2024.8383817791105,26401.57110799699,0.7492916,62.3431,82.6122,51.0565,240.9593499721541,271.3912595202217,16484.512653640457
2460618.20716678,2024.8410873833807,26400.24234349778,0.7493228,62.3421,82.446,51.073,239.80252998946253,270.2675419829627,16482.678760060557
2460618.70125544,2024.8424401244074,26399.57598048064,0.749337,62.3415,82.3628,51.0818,239.26061399521768,269.7061552133593,16481.80564662874
2460619.19532775,2024.8437928206706,26398.944526628075,0.7493536,62.3409,82.2795,51.0911,238.664109399032,269.1451845585814,16480.87707645258
2460622.15939703,2024.8519080000815,26394.916527727677,0.7494385,62.336,81.7782,51.1512,235.41357756223806,265.7825199706449,16475.629561740323
2460623.14726176,2024.8546126263113,26393.47944637823,0.7494603,62.3342,81.6113,51.1736,234.4781224517692,264.6643545279379,16474.03075644401
2460624.1350314,2024.8573169921965,26391.762418920636,0.7494752,62.3305,81.4419,51.1915,233.6547016476079,263.5392828092511,16472.479385903975
2460625.12268459,2024.860021039261,26390.00753162138,0.74949,62.3295,81.2737,51.2135,232.82448674647185,262.41962586606905,16470.907647278545
2460626.11023303,2024.8627247995341,26388.333110453765,0.7495053,62.328,81.1054,51.2334,232.00128600318112,261.29787216773957,16469.370077172032
2460627.09769486,2024.8654283226826,26387.080877841865,0.7495275,62.3271,80.9379,51.2527,231.10181517524597,260.1764038342445,16467.873918393554
2460628.08508405,2024.868131646954,26385.82123847438,0.7495517,62.3244,80.7704,51.2699,230.14777327980119,259.0529070965471,16466.3087773767
2460629.07240508,2024.870834784613,26384.47839086348,0.7495781,62.3238,80.603,51.2878,229.11490914897513,257.9302775393743,16464.62091023245
2460630.05965882,2024.873537738042,26383.025105425284,0.7496037,62.3241,80.4342,51.3119,228.0755692056009,256.81251430491255,16462.889908629968
2460633.02095982,2024.8816453383165,26378.256231074516,0.749662,62.3214,79.9346,51.3655,225.34360837473105,253.44777820603082,16458.037483447817
2460634.00789151,2024.8843474100208,26376.53109281865,0.7496763,62.3212,79.7661,51.3819,224.5345563194096,252.32293239246323,16456.50079590837
2460634.99471322,2024.8870491806156,26374.428004936264,0.7496862,62.3214,79.5985,51.3968,223.74699674201565,251.19759497841864,16454.86998821514
2460636.96799392,2024.8924517287344,26370.29852820363,0.7497114,62.3212,79.2623,51.4081,222.04880020614655,248.92777765565282,16451.48253933489
2460637.95444106,2024.895152473812,26368.072098675268,0.7497052,62.3224,79.0978,51.4406,221.65503232350693,247.82350942766845,16450.293092130967
2460639.92693845,2024.9005528773441,26363.508338359235,0.7497145,62.3233,78.7631,51.4853,220.26756622041194,245.58936415609384,16447.14662850832
2460643.37751489,2024.9100000407664,26354.98531204811,0.7497435,62.3179,78.1589,51.5294,217.37008174456696,241.62828532409569,16440.896516983517
2460644.36309442,2024.9126984104591,26352.391423559122,0.7497479,62.3198,77.9959,51.5462,216.60499376765893,240.51067223473854,16439.136843470336
2460645.34853228,2024.915396392279,26349.662642355037,0.7497596,62.3203,77.8244,51.5619,215.61381948798225,239.3835987795136,16437.05823587423
2460649.78108114,2024.9275320496647,26335.995097425548,0.7497769,62.3112,77.0628,51.6454,211.73803486262295,234.33666212069963,16427.976146107696
2460650.76559554,2024.9302275031894,26332.83367459632,0.7497748,62.3097,76.8917,51.6641,211.0022727925998,233.21389885180716,16426.071610016723
2460651.74992439,2024.9329224487067,26329.739627770512,0.7497723,62.3072,76.7201,51.6822,210.29388865587225,232.09021846560088,16424.22194303734
2460653.71801988,2024.9383108004924,26323.431584000846,0.7497736,62.3027,76.3782,51.7196,208.68122091082842,229.84591182269878,16420.245273697266
2460654.70179221,2024.9410042223406,26320.117892994815,0.749756,62.3041,76.2102,51.7058,208.31528201459514,228.69447995741467,16418.743734292737
2460660.60039656,2024.9571537209035,26296.401230537424,0.7497482,62.2896,75.1891,51.8391,202.58544146420536,221.99286047470494,16404.199436602725
2460661.58264371,2024.9598429670366,26291.13812313364,0.7497199,62.2889,75.0196,51.8664,202.01237857170054,220.88253186686555,16401.824431106517
2460662.07364892,2024.9611872660364,26288.06964478112,0.7497006,62.2885,74.9352,51.8755,201.75175924692576,220.32328422687533,16400.529423923297
2460663.05540496,2024.9638751675843,26282.231785794538,0.7496713,62.2879,74.7681,51.8918,201.0606160366242,219.20483966964036,16397.82718563559
2460665.01792711,2024.9692482603975,26270.768418618958,0.7496137,62.2858,74.429,51.9272,199.7042024948505,216.96682625689374,16392.521671876642
2460665.99869616,2024.9719334597125,26264.99149783355,0.7495836,62.285,74.2601,51.945,199.04831691808522,215.84905450345545,16389.881631589767
2460666.97912915,2024.974617738946,26259.05824235923,0.7495495,62.284,74.0907,51.9629,198.45796632799102,214.73121397942376,16387.271672337756
2460668.93891622,2024.9799833435177,26245.696537222087,0.749458,62.2809,73.7497,52.0003,197.51300182869727,212.49599633360594,16381.862655776073
2460669.91824591,2024.9826646020813,26238.70108335504,0.749421,62.2806,73.5802,52.0141,196.73117876602282,211.37504325072703,16378.680362744479
2460671.87575337,2024.9880239654212,26224.635120040653,0.7493391,62.2811,73.2411,52.0471,195.35434136099684,209.13957244834916,16372.519270821756
2460672.85389773,2024.9907019787265,26216.692076008643,0.7492996,62.2818,73.0715,52.0623,194.39889013219818,208.02108765842826,16368.822886068205
2460673.83159081,2024.993378756495,26208.126314461857,0.7492523,62.2822,72.9018,52.08,193.4910946607879,206.90544766174068,16364.98596138053
2460675.78539007,2024.998727967338,26188.03300015365,0.7491378,62.2838,72.5621,52.1286,191.45127209114526,204.6886317583511,16356.093889041747
2460680.6579002,2025.0120681730327,26125.37748266992,0.7486692,62.2749,71.6915,52.198,187.97572302141543,199.08495770819786,16331.87062695563
2460681.63034173,2025.0147305728408,26113.836216918466,0.7485935,62.2746,71.5215,52.2129,187.05186486871116,197.97139377733464,16327.061380312236
2460682.11632946,2025.0160611347294,26107.981854600566,0.7485594,62.2732,71.4341,52.2233,186.47032230987952,197.41539149739214,16324.48429882925
2460683.08787206,2025.0187210734018,26097.855676203457,0.7484977,62.2715,71.2622,52.2439,185.53442763322346,196.30651357534538,16320.11166399674
2460684.54405407,2025.0227078824641,26080.94376814222,0.7483873,62.2691,71.0052,52.274,184.1603800504381,194.64436231291535,16313.037944095246
2460685.51403738,2025.0253635520328,26068.448986526764,0.7482962,62.2679,70.8346,52.294,183.391370014936,193.53772126817785,16308.110348374872
2460686.48330663,2025.028017266612,26055.009765036797,0.7481938,62.2663,70.6629,52.3121,182.6766998968078,192.42878401966627,16302.94616549005
2460686.96763553,2025.029343286872,26047.231592974887,0.7481307,62.2665,70.5785,52.3203,182.36168826046833,191.87521672603276,16300.076723343822
2460687.9356618,2025.0319935983578,26031.840920053848,0.7480099,62.2648,70.4058,52.3385,181.6298966284612,190.76660459117346,16294.266141208029
2460688.41935646,2025.0333178821636,26024.06441926246,0.7479472,62.265,70.3211,52.3474,181.30200425547628,190.21406242114267,16291.380562478342
2460689.38601114,2025.0359644384394,26006.207362455647,0.7478018,62.2651,70.151,52.3649,180.582385638063,189.10870216185288,16284.79358704073
2460691.79843803,2025.0425693032987,25963.55190595002,0.7474615,62.2664,69.7245,52.4072,178.66015300075833,186.34675081249054,16268.80506265712
2460692.7617652,2025.0452067493502,25947.50437106412,0.7473243,62.267,69.5526,52.4356,178.1675302116846,185.2537702339107,16263.066865832525
2460693.72417995,2025.0478416973308,25931.27073772587,0.7471911,62.2682,69.382,52.4585,177.5197308066654,184.15748896091077,16257.079290680329
2460695.16613782,2025.0517895628202,25907.969696702374,0.7470071,62.2667,69.12,52.4659,176.39608668085293,182.4816573846983,16248.247475632455
2460699.00157413,2025.0622904151398,25841.19391641858,0.7464688,62.2602,68.4227,52.5352,173.41260306230106,178.073350549687,16223.207173940556
2460699.95801086,2025.0649089961937,25821.78652078582,0.7463113,62.2609,68.2578,52.5516,172.5591541356771,176.98216137023147,16215.941342242406
2460699.95801086,2025.0649089961937,25821.81926657454,0.7463117,62.2609,68.2577,52.5516,172.55713264454153,176.98206137023146,16215.949418441407
2460700.91337133,2025.0675246306096,25801.551312255313,0.7461542,62.2596,68.085,52.5697,171.47913410050023,175.88583298057432,16208.133470945508
2460701.39060901,2025.0688312361674,25790.43307124135,0.7460637,62.26,68.0004,52.579,170.99084950866472,175.3401549797576,16203.96954505487
2460701.86751805,2025.070136941958,25778.462800878635,0.7459649,62.2598,67.9148,52.5888,170.49807546748252,174.79430089514972,16199.525503689289
2460702.82038179,2025.0727457406979,25755.052289964657,0.7457715,62.2593,67.7429,52.6087,169.53201109927886,173.70313334873214,16190.82893110226
2460704.72215528,2025.0779525127446,25707.372190772,0.745363,62.2571,67.3935,52.6488,167.91183254160933,171.51939541196492,16173.52555528329
2460705.67102762,2025.0805503836273,25683.831274583936,0.7451527,62.2574,67.2198,52.6663,167.3187539832743,170.4279618941876,16165.226392965908
2460706.14495767,2025.0818479333882,25671.50343445784,0.7450445,62.2563,67.1314,52.6749,166.95469388391575,169.88104398027806,16160.814360973462
2460707.09188077,2025.0844404675427,25650.047334276733,0.7448587,62.2559,66.9566,52.6915,166.25012192890063,168.7895316846658,16153.047574354121
2460707.56491463,2025.085735563668,25639.976965746613,0.7447744,62.2561,66.8702,52.6995,165.84220506885958,168.24489707946486,16149.308255739485
2460709.92574942,2025.0921991770574,25587.469769104315,0.7443531,62.2538,66.4372,52.7481,163.22102531523433,165.53359625936437,16129.207091904662
2460710.86793762,2025.0947787477612,25563.72543165346,0.7441599,62.2557,66.2682,52.7687,162.08977080676505,164.45655080595037,16120.177117631973
2460711.80887726,2025.0973549000958,25540.334932489972,0.7439606,62.255,66.0953,52.7905,161.19573191377367,163.37803596554474,16111.543285649936
2460715.55910349,2025.1076224599312,25436.63628545162,0.7430367,62.2544,65.4006,52.8552,158.1457008093903,159.05171442478704,16074.32011390446
2460717.8908158,2025.114006340315,25367.512148044876,0.7424219,62.2526,64.9673,52.904,155.9792808203183,156.36901748659986,16049.307910759086
2460718.82077393,2025.1165524269127,25339.592023775094,0.7421603,62.2522,64.7955,52.9265,155.41650553256295,155.30312631146833,16039.569366517122
2460719.7492974,2025.1190945856263,25314.760672435143,0.7419375,62.2512,64.6205,52.9463,154.6541260302929,154.23274917453404,16030.590579009258
2460720.67652462,2025.1216331954006,25291.87842441791,0.7417344,62.2508,64.449,52.9632,153.88585640934616,153.16424965581723,16022.234420076307
2460722.06498758,2025.125434599808,25258.232673160106,0.7414264,62.2503,64.186,52.9904,152.97585193663053,151.5599440691655,16010.20337447584
2460722.52717519,2025.12670000052,25246.195712430577,0.7413144,62.2503,64.098,52.9996,152.69098558753012,151.02559981280405,16005.945802245886
2460723.91191719,2025.130491217495,25213.318915099982,0.7410225,62.2478,63.8335,53.0267,151.54599933530517,149.4233617017825,15993.874521176831
2460724.83360271,2025.1330146549217,25191.17064559819,0.7408199,62.247,63.6599,53.0455,150.91382704320404,148.36012422817947,15985.904145898103
2460725.75404196,2025.1355346802463,25167.569787619446,0.7406064,62.2461,63.4857,53.0642,150.17023046184386,147.29741511129762,15977.3240296888
2460726.67318484,2025.1380511563038,25143.80126707884,0.7403962,62.2466,63.3117,53.0811,149.29005537848298,146.23438373058744,15968.522985956779
2460728.50712785,2025.143072218617,25088.48484082764,0.7398954,62.2471,62.9632,53.1182,147.4940141295374,144.11540129789043,15948.325984275021
2460729.87861508,2025.1468271460094,25045.88059806206,0.7395146,62.2439,62.6999,53.1473,145.9499259384338,142.5294274366368,15932.565559630368
2460730.79097795,2025.149325059412,25016.103221797235,0.7392383,62.2422,62.5249,53.1698,145.10530349132387,141.47767861170541,15921.821203447245
2460732.61058394,2025.1543068691035,24955.8349005372,0.7386791,62.2403,62.1742,53.2053,143.34493645979092,139.36902712273968,15899.995670243014
2460734.4237967,2025.1592711750852,24900.45310530884,0.7381468,62.2383,61.8195,53.2449,142.1270270750565,137.26677696934965,15880.389776529524
2460735.77984851,2025.1629838426009,24861.240159501438,0.7377958,62.2372,61.5529,53.2702,140.5852870299468,135.6889166637215,15865.69167285012
2460736.6822055,2025.1654543613965,24837.230822233734,0.737567,62.2379,61.3834,53.3018,139.97269637126647,134.66162989725137,15857.078502218532
2460737.58319887,2025.1679211468038,24811.876338859085,0.7373416,62.2387,61.2089,53.321,138.91144016258386,133.61828715065394,15847.489499542087
2460738.93231639,2025.1716148292674,24775.807319589225,0.7370145,62.2364,60.9424,53.3504,137.54177584583158,132.05146146378758,15834.006304516131
2460739.83006799,2025.174072739192,24750.309090734056,0.7367889,62.2356,60.7673,53.368,136.4197811121112,131.0091138908775,15824.288413823233
2460740.7262909,2025.1765264637913,24721.41064651933,0.7365067,62.2333,60.5882,53.3901,135.78977190651221,129.96877303511178,15814.02475831402
2460741.62089037,2025.1789757436554,24690.937019308752,0.7361946,62.2325,60.4156,53.4157,135.46621675355254,128.94003228408673,15803.595471766232
2460742.95950011,2025.1826406573848,24639.213485192948,0.7356843,62.2302,60.1477,53.4458,134.39465978821408,127.38286334149512,15785.26253603818
2460743.40479115,2025.1838597978092,24623.61146328549,0.735519,62.2315,60.0639,53.4524,134.34108342120908,126.86677278872298,15780.044951004324
2460743.84956822,2025.1850775310604,24604.26093357652,0.7353268,62.231,59.9759,53.463,133.952174924686,126.3509888182133,15773.192566020543
2460744.73770258,2025.187509110418,24569.86869774929,0.7349808,62.2295,59.8001,53.4855,133.3506463825588,125.3223202495272,15761.111532635268
2460745.62392885,2025.1899354657085,24535.181713200265,0.7346431,62.2308,59.6265,53.5013,132.44346035151193,124.29103234491939,15748.565581922483
2460746.94986901,2025.1935656920195,24485.69286925559,0.7341473,62.2297,59.3597,53.5313,131.4512606623466,122.74735087297123,15731.003644610917
2460748.27209121,2025.19718573911,24442.32056642989,0.733723,62.2277,59.0954,53.5618,130.2914934672517,121.21033392043898,15715.257517750175
2460748.71201694,2025.1983901901167,24427.003089505357,0.7335593,62.2286,59.0106,53.5816,130.21150206996936,120.7117315579971,15710.077973702688
2460750.0294438,2025.201997108282,24383.36893062871,0.7331215,62.2253,58.7415,53.6005,129.2606251527941,119.16304101849835,15694.468865894603
2460751.78047794,2025.2067911784807,24324.81958945396,0.7325212,62.2231,58.3879,53.6387,128.23725400363855,117.12177574692109,15673.79476450512
2460752.65357611,2025.2091815909926,24292.39512524284,0.732187,62.222,58.2116,53.6596,127.68291567665983,116.10582724268755,15662.347936657308
2460753.52482953,2025.2115669528546,24257.044914793645,0.7318258,62.2224,58.0349,53.6793,126.97731438885421,115.09009697233125,15649.740801123395
2460754.82802948,2025.2151349198627,24201.117341140285,0.7312478,62.2209,57.7689,53.7062,125.96722788960233,113.56652884944958,15629.897820690725
2460755.69405342,2025.2175059641886,24154.24843043679,0.7307871,62.2216,57.5976,53.7099,124.49896727833584,112.54535289212538,15612.528788378593
2460756.55777229,2025.2198706975769,24111.294138860634,0.7303356,62.22,57.4139,53.7327,123.8213671793701,111.5331488723186,15597.369301465786
2460756.98867469,2025.221050444052,24086.234908381695,0.730088,62.2193,57.3285,53.7434,123.02753659112113,111.03374014125902,15588.057387196268
2460759.56039107,2025.228091419767,23939.852125738274,0.7284735,62.2139,56.7892,53.8238,122.16795821927371,108.0400888839219,15537.919311990227
2460761.68585569,2025.23391062475,23825.105894167467,0.7272108,62.2102,56.3417,53.8753,121.09527678522682,105.54917509001407,15498.022174111866
2460762.53191539,2025.2362270099657,23784.925717524246,0.7267807,62.2101,56.1628,53.8991,120.36445509397345,104.5601764123888,15483.616470274914
2460763.79701385,2025.23969066078,23725.864297899352,0.7261403,62.2083,55.8946,53.9243,119.42177886342779,103.0702621191465,15462.56707165398
2460764.63781865,2025.2419926588634,23685.54529776374,0.7257034,62.2072,55.7167,53.946,118.7282443225813,102.08534280915697,15448.122997527444
2460765.89480246,2025.2454340929773,23617.91273634674,0.7249626,62.2069,55.4492,53.9767,117.67301243169277,100.60962652815196,15423.985937003697
2460766.72967469,2025.2477198485692,23568.815929932116,0.7244281,62.206,55.267,53.9938,116.7670865616592,99.62165451505278,15406.27966008904
2460767.56182967,2025.249998164736,23514.500860270422,0.7237988,62.2036,55.0896,54.0224,116.59705500772361,98.65266069500004,15387.613532853013
2460768.8041988,2025.2533995860372,23420.21525402816,0.7227291,62.2022,54.8179,54.0487,115.60786167811602,97.18274902657748,15354.356321114074
2460769.62806584,2025.2556552110607,23350.98686598229,0.7219181,62.2012,54.6391,54.069,115.35049456740035,96.21222401819449,15330.41575301969
2460774.88565395,2025.2700497028059,22868.530930257148,0.716167,62.1959,53.4672,54.2018,112.7074395276768,89.99110698992276,15161.312534998664
2460776.86558206,2025.275470450541,22695.528712977706,0.7140892,62.192,52.9995,54.208,110.76047075042698,87.57813780527205,15099.00373811446
2460777.65162063,2025.2776225068587,22630.208008063586,0.7131961,62.1884,52.8294,54.2802,112.2956145238677,86.70549753083492,15077.911552130947
2460779.59984798,2025.2829564626416,22438.295809470255,0.7107699,62.1834,52.3707,54.3247,111.69424080266344,84.37107344902637,15010.022668338685
