jd,year,a_km,e,i_deg,raan_deg,argp_deg,hp_km,azimuth_deg,lambda
2440207.54166666,1968.9597307779877,79885.22676214516,0.85663,41.231,141.35,334.466,5075.008660888752,209.8529199244433,37497.299012666655
2440293.47569442,1969.1950053235314,79885.02177223633,0.8279699,44.5169,138.0519,337.518,7364.4919839799895,124.90798352872434,41244.35254882673
2440305.54340275,1969.228044908282,79894.22406736888,0.8234299,44.3999,137.8379,337.637,7728.794832997726,112.91873301843663,41808.232080655966
2440649.5,1970.1697467488023,79904.65690909323,0.7184,50.7169,131.3224,342.7029,16123.01508560065,132.4564704312113,52775.60068428346
2440714.5,1970.3477070499657,79902.9398080693,0.697183,50.7289,130.6644,342.7349,17817.832223860125,67.76476201232157,54622.03278655785
2440744.0,1970.4284736481861,79908.84541490646,0.691457,51.3919,130.1971,342.9779,18277.178590851487,38.46448665297862,55107.42138127156
2440809.0,1970.6064339493498,79910.88026770455,0.669487,52.5809,129.5271,344.1019,20033.44846991983,334.85277823408717,56891.42631569931
2440871.5,1970.7775496235456,79943.48884219825,0.643402,52.5159,129.0772,344.5869,22129.551934150208,273.2862355236139,58907.08138509182
2440900.5,1970.8569472963723,79922.7690028837,0.636569,52.5709,128.7884,344.5269,22668.27556148702,244.35427330595462,59392.45248706698
2440978.5,1971.0704996577686,79891.33135484629,0.616034,54.1269,127.9444,345.6569,24297.418634994916,167.7614232032863,60822.91601260854
2441013.5,1971.1663244353183,79901.08283734684,0.60065,54.0509,127.7496,346.1359,25530.36113109446,133.5487032854213,61872.20032487931
2441046.0,1971.2553045859001,79913.36579158659,0.589766,53.9839,127.5323,346.3659,26405.043402145733,101.52854907597651,62595.36809370609
2441086.0,1971.3648186173853,79895.46962145908,0.5821269,54.0649,127.1716,346.2999,27008.03126667493,61.67679774127316,63070.79206587832
2451720.04166667,2000.4792379648727,79906.80376160728,0.6364475,45.1671,147.6534,343.5648,22672.18197454173,38.23253264581092,59389.41175429062
2451722.58333333,2000.4861966689398,79916.93430488413,0.635676,45.143,147.6249,343.5398,22737.5208736926,35.673899181704655,59452.9128257373
2451727.83333333,2000.5005703855722,79885.33895312504,0.6363144,45.3482,147.4886,343.6359,22675.011128370657,30.459161194024887,59383.11853868521
2451733.04166667,2000.5148300251055,79905.11010610593,0.6347498,45.4642,147.4199,343.8642,22807.22114727721,25.48529096203265,59511.159833439444
2451738.25,2000.5290896646134,79903.52463760691,0.6337392,45.4758,147.3552,343.8928,22887.39255658962,20.315720739219785,59582.95439656383
2451743.41666667,2000.543235227022,79885.81819310378,0.6334303,45.7398,147.2343,344.0842,22905.584109300595,15.2938182720942,59592.01510596752
2451746.08333333,2000.5505361624373,79899.13174852807,0.6318363,45.8228,147.2217,344.2165,23037.82367132556,12.78518152256703,59716.58294232767
2451751.25,2000.564681724846,79907.9652564537,0.6299094,45.8032,147.1684,344.2468,23195.05050654011,7.669779055441495,59861.173420363266
2451756.45833333,2000.5789413643538,79884.32924848633,0.6298086,46.0253,147.0577,344.4568,23194.355382558097,2.635608832628577,59850.665220073664
2451761.66666667,2000.593201003887,79907.38034565873,0.6273726,46.0477,147.025,344.6751,23397.54307901392,357.68773860063635,60041.39453683018
2451766.875,2000.607460643395,79897.11149940778,0.6263617,46.0802,146.963,344.7187,23474.48461554917,352.5358683778234,60105.34487121976
2451772.08333333,2000.6217202829027,79888.8226097974,0.6247326,46.3034,146.8807,344.9875,23601.534449839884,347.5888981550105,60214.21249594235
2451777.25,2000.6358658453114,79913.48501287116,0.6215402,46.2338,146.8633,345.0857,23865.905255274214,342.577295687885,60457.08443923902
2451782.5,2000.6502395619439,79886.9179790715,0.6211817,46.3472,146.7694,345.1988,23884.490161071306,337.42195770020544,60462.053240946276
2451787.70833333,2000.6644992014517,79901.18538366172,0.6187476,46.3823,146.744,345.4556,24084.382390365958,332.51988747739244,60642.49548734616
2451792.5392321,2000.6777254814508,79911.00779685295,0.6168274,46.307,146.719,345.475,24241.572326140413,327.7528266777222,60783.075198942475
2451795.5,2000.6858316221767,79893.59784494199,0.6165525,46.3583,146.6615,345.5294,24256.864059648397,324.8315160164272,60788.835167626065
2451800.16666667,2000.6986082591918,79943.55822218274,0.6139621,46.4617,146.6179,345.7636,24483.107034619163,320.42252669098536,61005.389447626796
2451805.875,2000.7142368240932,79910.12203425192,0.6113451,46.3265,146.6032,345.7755,24679.324188209983,314.7934433264887,61159.01545285947
2451813.70833333,2000.7356833219171,79898.54284242148,0.6095194,46.4108,146.5138,346.0254,24820.694648234443,307.233204109836,61274.42523102096
2451818.91666667,2000.7499429614504,79912.20687296713,0.6071648,46.2671,146.5008,346.04,25014.19146938342,302.1013338778437,61444.37873414819
2451824.125,2000.7642026009582,79891.37984164368,0.606548,46.3513,146.4317,346.0823,25055.28688145439,296.9410636550309,61469.97604640762
2451829.29166667,2000.778348163367,79917.42095120033,0.6033333,46.3341,146.4028,346.2585,25322.4433412235,291.9959611879054,61705.93261934822
2451839.75,2000.8069815195072,79893.33461351425,0.6015286,46.3258,146.2812,346.2846,25457.07259411548,281.59245297741285,61807.76455734023
2451847.54166667,2000.8283139402322,79906.18838048853,0.5990458,46.1764,146.2224,346.2627,25660.58553714808,273.8320815164474,61982.539971299775
2451852.75,2000.8425735797398,79890.35886375979,0.5987189,46.3146,146.1383,346.3269,25680.35478424427,268.6787112936346,61991.884314654446
2451857.95833333,2000.8568332192476,79921.46137222373,0.595911,46.2387,146.0872,346.4106,25917.247104440517,263.5778410708216,62201.10502211978
2451863.125,2000.8709787816565,79896.51847384356,0.5961556,46.2749,145.9876,346.3343,25887.62526515827,258.3095386036961,62165.62540311006
2451873.33333333,2000.8989276751,77584.16462587689,0.5819568,46.4335,145.8517,346.385,26055.396149528373,248.16273696404545,61256.69137577998
2451878.20833333,2000.912274697687,77569.47672877775,0.5823086,46.545,145.7643,346.3644,26021.967032110602,243.24980883262856,61223.41633816912
2451883.16666667,2000.9258498745237,77578.91989721105,0.580603,46.6579,145.7054,346.5372,26158.229968130625,238.4766451714782,61335.80703090591
2451888.125,2000.9394250513346,77582.18970254574,0.5797558,46.6333,145.6359,346.474,26225.328945794572,233.45688151950714,61390.35430017862
2451893.125,2000.9531143052704,77564.67709198238,0.5801996,46.8173,145.5386,346.5945,26183.546169085035,228.55195010266948,61349.29640420643
2451898.08333333,2000.9666894820814,77582.0236293243,0.5787493,46.8536,145.4971,346.7294,26303.345461269404,223.7582864506984,61451.81397239823
2451903.08333333,2000.980378736017,77575.41360692901,0.578482,46.8969,145.4279,346.7055,26321.296892765502,218.73705503386054,61462.90808232139
2451910.58333333,2001.0009126169205,77574.7468902457,0.5767662,47.1512,145.3289,346.9902,26454.118610396872,211.530557908604,61566.94345818051
2451915.54166667,2001.014487793757,77579.03961235369,0.5757389,47.1558,145.2648,346.9914,26535.63238288075,206.58059424745363,61632.746984340076
2451923.0,2001.034907597536,77573.81891654561,0.5839266,46.4779,145.7826,346.4709,25898.266287591454,199.22676488706367,61126.89236696045
2451927.95833333,2001.048482774347,77578.30073271564,0.5733927,47.3944,145.1281,347.3798,26717.333114171844,194.59410123509258,61774.06962474071
2451932.95833333,2001.0621720282827,77561.19299507757,0.5731887,47.5499,145.0555,347.4786,26725.857311779953,189.6921698182549,61772.744366253035
2451936.4233748,2001.0716587947982,79874.0442676412,0.5834051,47.619,145.023,347.784,26896.983184273566,186.54983387267862,62972.64770432121
2451941.20833333,2001.0847592972764,79908.83987052541,0.5807886,47.5809,144.9832,347.9375,27120.560334498776,181.9473529804726,63166.1592721861
2451946.41666667,2001.0990189368097,79884.80847332187,0.5806254,47.7177,144.9075,348.0547,27123.523299575972,176.85538274848034,63157.4832208101
2451951.625,2001.1132785763175,79900.0837208771,0.5784195,47.7792,144.8764,348.3395,27306.180945089232,171.97561252566737,63308.672504509115
2451956.91666667,2001.1277663700746,79900.8999177102,0.5766908,47.7284,144.837,348.4006,27444.649723445975,166.78170677312102,63417.8094824465
2451962.125,2001.1420260095824,79881.25462428431,0.5755831,47.8959,144.7817,348.6054,27524.81815574941,161.797736550308,63471.47366152686
2451967.20833333,2001.1559434177418,79900.46202343903,0.5721442,47.841,144.7632,348.8115,27807.739799408126,156.97506961291617,63700.59118407146
2451972.41666667,2001.170203057275,79894.07166697591,0.5714714,47.856,144.7023,348.8521,27858.758379748862,151.82129938092385,63737.12016129447
2451977.66666667,2001.1845767739076,79892.96055153094,0.5697854,47.9228,144.6668,349.1008,27992.981766492667,146.85996139324413,63840.23471270732
2451982.875,2001.1988364134154,79907.70467875854,0.5673762,47.7964,144.6473,349.1611,28191.8385474023,141.76729117043124,63999.90306629031
2451988.04166667,2001.212981975824,79888.08567739037,0.5666001,47.8744,144.5874,349.2381,28245.352043772415,136.69198870330575,64031.63054974262
2451993.25,2001.2272416153319,79908.19118457902,0.5634356,47.8416,144.5653,349.4647,28506.935239581027,131.76301848049275,64240.28808147092
2451998.45833333,2001.2415012548397,79903.23222150045,0.5622275,47.7556,144.5075,349.4172,28601.301427686813,126.52424825767997,64309.40528158373
2452003.625,2001.2556468172484,79891.67492002534,0.5614146,47.8213,144.4546,349.5778,28661.18590146928,121.53954579055448,64349.16283718935
2452008.83333333,2001.2699064567562,79911.15473324174,0.55903,47.6978,144.4276,349.6623,28860.28560271761,116.4635755677416,64508.23067955763
2452014.08333333,2001.2842801733887,79895.98503735174,0.5585354,47.7012,144.3605,349.6117,28893.11277612047,111.1713375800619,64525.61165810565
2452019.29166667,2001.298539812922,79900.9317899958,0.5563921,47.753,144.3189,349.8052,29066.54825940328,106.18976734806961,64657.57882763343
2452024.45833333,2001.3126853753051,79911.33216676243,0.5548344,47.6327,144.2642,349.7366,29195.6398308161,100.97406489012349,64758.58692664652
2452029.66666667,2001.3269450148384,79892.65160734249,0.554924,47.7216,144.1911,349.7903,29180.16550678957,95.82119465813128,64738.13358239598
2452034.875,2001.3412046543463,79909.80183503279,0.5531552,47.6764,144.1542,349.8943,29329.143119014865,90.75482443531826,64856.75755123202
2452040.08333333,2001.355464293854,79902.48109855085,0.5526755,47.6482,144.0854,349.7927,29364.201106168715,85.45095421250551,64879.13585078898
2452045.25,2001.3696098562627,79894.33351900859,0.5518049,47.7977,144.024,349.9368,29430.112500985408,80.44125174537993,64923.826078801765
2452050.5,2001.3839835728952,79914.89074852467,0.549891,47.7118,143.9725,349.9266,29592.275259927694,75.20501375770016,65052.958862460764
2452055.66666667,2001.3981291353039,79891.58625769005,0.5505081,47.8244,143.8867,349.9204,29532.484600983,70.02061129057472,64997.80741156708
2452060.91666667,2001.4125028519363,79903.86417625315,0.5493776,47.888,143.8502,350.0784,29628.334744377215,64.96757330289506,65074.046085238326
2452066.08333333,2001.4266484143195,79906.09967788083,0.5486247,47.8627,143.7918,350.0218,29689.503413933366,59.76017084494879,65119.885899523375
2452071.29166667,2001.4409080538528,79888.35856203338,0.5486143,48.0659,143.7239,350.1203,29682.32635137443,54.65730061295676,65106.0350210311
2452076.5,2001.4551676933606,79911.99062007746,0.5464465,48.0671,143.6789,350.2509,29866.226737703306,49.60943039014376,65251.58235533043
2452084.29166667,2001.4765001140856,79887.82803209964,0.5468125,48.2617,143.5587,350.3317,29826.028766297153,41.89035892917855,65210.58510811224
2452089.54166667,2001.490873830718,79903.35279085055,0.5452166,48.3003,143.525,350.5191,29960.582153622498,36.86952094149876,65315.86754298598
2452094.70833333,2001.5050193931013,79897.57567429084,0.5449011,48.3542,143.464,350.5035,29983.162502036517,31.700518483552514,65329.4085570396
2452099.91666667,2001.5192790326346,79889.23541018831,0.5439595,48.5665,143.4174,350.7446,30054.590561079982,26.76154825156044,65377.004437402335
2452105.125,2001.5335386721424,79908.57651353239,0.5419152,48.5412,143.3762,350.8507,30226.76799048618,21.69297802874746,65510.56130914149
2452110.33333333,2001.5477983116502,79886.92074936102,0.5422224,48.6884,143.3049,350.9287,30192.306552032693,16.56620780593471,65475.1593743453
2452118.16666667,2001.5692448094997,79904.27162738997,0.5396142,48.7502,143.2644,351.2731,30408.65571659323,9.149368580102532,65638.81860181387
2452123.375,2001.5835044490075,79889.99037771772,0.5392501,48.8515,143.2064,351.3315,30431.16877753441,4.016298357289543,65647.86708801855
2452128.54166667,2001.5976500114161,79897.215418572,0.537126,48.9748,143.1834,351.6531,30604.207389656098,359.22249589016417,65774.6652672474
2452133.75,2001.611909650924,79904.79411485002,0.5353828,48.9233,143.1393,351.7234,30747.005408218094,354.1152256673512,65879.62167084403
2452138.95833333,2001.6261692904318,79904.01246569153,0.5347766,49.0593,143.1207,351.9202,30795.080052931393,349.1599554445382,65913.20483503383
2452144.16666667,2001.640428929965,79904.47812671812,0.532718,49.0366,143.0897,352.1705,30959.788048009097,344.2457852125461,66029.4351489824
2452149.33333333,2001.6545744923483,79896.7942016507,0.531622,49.0247,143.0439,352.2036,31043.76437458075,339.1406827545998,66084.51202205711
2452154.58333333,2001.6689482089807,79892.19166009293,0.529541,49.1433,143.0207,352.4928,31207.86429621566,334.2321447669203,66196.86514238361
2452159.79166667,2001.683207848514,79909.52460886241,0.5273597,49.0324,142.9809,352.6239,31390.325383990115,329.18997453492796,66332.35982923204
2452165.0,2001.6974674880219,79890.47661395476,0.5269826,49.0764,142.9237,352.6964,31411.44923269369,324.071804312115,66337.4170755826
2452170.16666667,2001.7116130504305,79900.23476422012,0.5249789,49.073,142.9017,352.9745,31576.161107958083,319.2355018449894,66456.0863099119
2452175.375,2001.7258726899383,79904.56959664557,0.5232461,48.9651,142.8571,352.986,31716.6788830222,314.06893162217665,66554.864668351
2452180.58333333,2001.7401323294462,79891.36598826548,0.5223279,49.0625,142.8239,353.1039,31783.74026348335,309.0201613993637,66594.1214712165
2452185.75,2001.7542778918548,79912.6199755026,0.5194018,48.9529,142.7774,353.3125,32027.725017510595,304.0898589322383,66771.25320779791
2452190.95833333,2001.7685375313627,79898.44861845144,0.5189536,48.9287,142.7111,353.2756,32056.72477349104,298.8531887094253,66783.72190868767
2452196.20833333,2001.7829112479951,79896.46028033904,0.5178145,48.9596,142.6744,353.4709,32146.778348505424,293.83725072174553,66843.71709022975
2452201.41666667,2001.7971708875284,79911.20879491324,0.515883,48.8228,142.6151,353.537,32308.238368167018,288.7105804897535,66960.21695449999
2452206.58333333,2001.8113164499116,79891.46573272247,0.5155812,48.8975,142.553,353.5401,32322.791660486546,283.5591780318072,66959.89877201713
2452211.79166667,2001.825576089445,79909.14342680405,0.51315,48.8288,142.5267,353.6807,32525.630177339553,278.54000779981493,67104.99533374902
2452217.04166667,2001.8399498060774,79904.3838852485,0.512623,48.7748,142.4521,353.577,32565.422604840758,273.1871698121354,67129.13087061573
2452222.25,2001.8542094455852,79893.90541283065,0.5124355,48.8517,142.3957,353.6896,32575.295745654068,268.10989958932237,67130.3264703387
2452227.41666667,2001.8683550079938,79910.14005421674,0.5107832,48.7803,142.3517,353.7576,32715.24670487574,263.04149712219686,67231.89086457461
2452232.625,2001.8826146475017,79894.72837930542,0.510812,48.8364,142.292,353.6612,32705.406086415656,257.7519268993841,67217.39528758121
2452237.83333333,2001.8968742870095,79900.76965739502,0.5093111,48.9227,142.2504,353.85,32828.28447234054,252.7656566765711,67302.02095818402
2452243.04166667,2001.9111339265428,79907.73794387792,0.5084155,48.9017,142.193,353.7961,32903.26910327225,247.52088644457876,67355.21363713231
2452248.20833333,2001.925279488926,79890.81047274901,0.5089137,49.0427,142.1318,353.8539,32855.146219063565,242.42508398663273,67314.63950396543
2452253.41666667,2001.9395391284593,79905.01863463163,0.5076281,49.0639,142.0963,354.0096,32964.849544668985,237.41181375464043,67394.43664783542
2452258.625,2001.953798767967,79898.65508016008,0.5073963,49.1055,142.0335,353.9509,32980.23681751065,232.15684353182763,67401.27404581346
2452263.83333333,2001.968058407475,79893.34985316936,0.5067257,49.296,141.9954,354.1632,33031.19992347722,227.19757330901462,67432.06370029067
2452269.04166667,2001.9823180470082,79908.26187407505,0.5051305,49.2982,141.946,354.2123,33166.02529949258,222.06380307702238,67528.31000680977
2452274.25,2001.996577686516,79888.61621160163,0.5056477,49.4347,141.8842,354.2642,33114.984868022555,216.9204328542096,67484.6275363656
2452279.45833333,2002.0108373260239,79898.35855168094,0.5045347,49.5181,141.8709,354.5294,33208.727889316164,212.03886263139657,67551.09627498366
2452284.66666667,2002.0250969655572,79901.51519701339,0.5035734,49.5194,141.8185,354.5726,33287.101224101694,206.8961923994043,67603.93476383886
2452289.875,2002.039356605065,79885.01346186236,0.5032385,49.7237,141.7847,354.7707,33305.662814834934,201.92702217659144,67607.41840156176
2452295.08333333,2002.0536162445728,79904.23005050539,0.5009858,49.72,141.7716,355.0014,33495.2091352689,197.0111519537785,67740.66852577082
2452300.29166667,2002.0678758841061,79892.26924109258,0.5008531,49.7952,141.7089,355.055,33499.842225656714,191.8685817217862,67737.397719994
2452305.5,2002.082135523614,79890.98917868201,0.4998702,49.9157,141.6838,355.3794,33577.728139736406,187.03441149897333,67787.11877561425
2452310.66666667,2002.0962810860226,79902.92456384057,0.4980474,49.8667,141.6513,355.532,33729.34443242365,182.0621090318478,67891.14161904657
2452315.875,2002.1105407255304,79884.51207329822,0.4976025,49.9974,141.6152,355.6792,33755.64285434485,177.03973880903504,67898.34258817135
2452321.08333333,2002.1248003650383,79901.55954192528,0.4950764,50.0021,141.5903,356.0262,33966.04678952326,172.22836858622208,68042.07884647141
2452326.29166667,2002.1390600045715,79898.84630091887,0.4940858,49.9716,141.5403,356.0796,34043.82460725233,167.09829835422977,68090.22060379446
2452331.5,2002.1533196440794,79886.48581684669,0.4933992,50.0642,141.5155,356.3369,34092.42132400318,162.19732813141695,68114.57508461972
2452336.70833333,2002.1675792835872,79905.10040457352,0.491091,49.9743,141.4833,356.5722,34286.28844179111,157.266957908604,68247.30697071222
2452341.91666667,2002.1818389231205,79891.22329881963,0.490367,50.0002,141.4391,356.6165,34337.067503447346,152.13358767661163,68271.95935244473
2452347.125,2002.1960985626283,79900.36779381068,0.4882226,50.0259,141.4216,356.9527,34513.066188560166,147.31881745379889,68387.50788803048
2452352.29166667,2002.210244125037,79905.0283361392,0.4865513,49.9139,141.3643,357.0018,34648.99662265384,142.21821498667327,68475.05228035065
2452357.54166667,2002.2246178416694,79889.99314827361,0.4862167,49.9621,141.3205,357.12,34668.008016697415,137.11807699899362,68478.84914273767
2452362.75,2002.2388774811773,79903.77409421995,0.4842142,49.8939,141.2929,357.3628,34835.09574420651,132.19980677618082,68590.20948908388
2452367.95833333,2002.253137120685,79899.29664418253,0.4832052,49.8319,141.2282,357.3117,34913.40472937098,126.95053655336778,68636.325851175
2452373.125,2002.2672826830938,79893.64217886947,0.481881,49.901,141.2004,357.5426,35016.27769207367,122.06123408624245,68696.83124188407
2452378.33333333,2002.2815423226016,79910.04856834668,0.4799454,49.7715,141.1408,357.5999,35179.452044192105,116.92546386342946,68806.09338244113
2452383.54166667,2002.2958019621349,79895.24793976065,0.4799557,49.7978,141.082,357.5804,35170.931988159275,111.71369363143714,68792.84440003852
2452388.75,2002.3100616016427,79899.51558258467,0.4787647,49.7968,141.0486,357.7754,35268.311674543205,106.74182340862433,68854.82390833585
2452393.95833333,2002.3243212411505,79906.81900768631,0.4775386,49.703,140.9824,357.7191,35370.092228302405,101.48585318581138,68920.95660662785
2452399.16666667,2002.3385808806838,79890.53895246894,0.4770351,49.8235,140.9398,357.8368,35401.81141422403,96.42748295381904,68931.42701332764
2452404.375,2002.3528405201916,79910.22599572715,0.4752684,49.7447,140.8886,357.9229,35553.284443099496,91.32891273100631,69034.18802009585
2452409.54166667,2002.3669860826003,79898.52344334612,0.4754643,49.7696,140.8208,357.8278,35531.49162332196,86.07361026388071,69014.58814928962
2452414.75,2002.3812457221081,79896.50600379796,0.4751031,49.8471,140.7877,357.9796,35559.29202222494,81.0588400410677,69030.33906146645
2452419.95833333,2002.395505361616,79909.06441872797,0.4739209,49.7866,140.7347,357.9879,35660.35239124644,75.880669818255,69098.33830579833
2452425.20833333,2002.4098790782484,79888.5885072473,0.4741239,49.9204,140.6788,357.99,35633.36305869604,70.65233183057524,69070.83445541117
2452430.375,2002.424024640657,79905.37066264941,0.4724199,49.9395,140.6449,358.2075,35778.34714473764,65.74352936344985,69167.44491022441
2452435.58333333,2002.438284280165,79901.02186401829,0.4723672,49.9572,140.5797,358.1278,35780.26358897319,60.46515914063684,69166.2136526846
2452440.79166667,2002.4525439196982,79892.20689920298,0.4725582,50.0959,140.552,358.267,35760.35311288805,55.443188908644515,69149.40151138615
2452445.95833333,2002.4666894820814,79904.77748381783,0.4713076,50.0871,140.5169,358.4153,35866.91227938561,50.463986450698485,69220.32431028059
2452451.16666667,2002.4809491216147,79891.63197417597,0.471433,50.1849,140.4659,358.3886,35849.94393769427,45.25281621870624,69202.9258996689
2452459.0,2002.5023956194386,79905.51757312632,0.4693876,50.2755,140.4242,358.7455,36020.72215271873,37.847277002053374,69312.76219090587
2452464.20833333,2002.5166552589465,79894.46652403736,0.4696441,50.3576,140.3767,358.7494,35994.3653983757,32.670206779240516,69290.94131199944
2452469.41666667,2002.53091489848,79891.92844024765,0.4691919,50.4777,140.3636,359.0166,36029.14644070382,27.790836547248205,69310.30335190092
2452474.625,2002.5451745379876,79902.9813832755,0.4678533,50.4505,140.3264,359.1574,36141.971563271494,22.760966324435458,69383.58150247132
2452479.79166667,2002.5593201003965,79885.22399200249,0.4678426,50.6006,140.2999,359.2626,36133.376798001664,17.747263857309918,69368.6699822576
2452485.0,2002.573579739904,79906.42538397603,0.4659068,50.6271,140.2867,359.6131,36299.342133889,12.951093634496885,69478.78606219242
2452490.25,2002.5879534565365,79897.96503215322,0.4653523,50.6351,140.2364,359.6679,36339.12693912115,7.781055646817379,69497.60891770625
2452495.45833333,2002.6022130960444,79887.1576100035,0.4650663,50.7603,140.2248,359.9352,36356.19650280234,2.903285424004366,69501.69408449192
2452500.625,2002.616358658453,79901.96142049474,0.4632933,50.7134,140.1977,0.2044,36505.78173752104,358.05298295687885,69597.96265823735
2452505.83333333,2002.6306182979608,79890.03332136103,0.4628558,50.7646,140.1629,0.2791,36534.33173637581,352.95941273406606,69608.08611475055
2452511.08333333,2002.6449920145933,79893.8125879758,0.4610721,50.8176,140.1541,0.685,36678.86834103137,348.18197474638635,69694.76911302384
2452516.29166667,2002.6592516541266,79902.10138628642,0.4597629,50.7422,140.1003,0.7869,36787.94323683336,343.096604514394,69762.96053208498
2452521.45833333,2002.6733972165098,79888.46245273839,0.4595547,50.8118,140.0767,0.9592,36797.20775680894,338.15290205644794,69760.72549447295
2452526.66666667,2002.687656856043,79898.95576838995,0.4577687,50.7696,140.05,1.2846,36945.57835493659,333.3181318244557,69852.6577147156
2452531.875,2002.701916495551,79897.3733763488,0.4567674,50.7228,139.9968,1.31,37024.72157240474,328.1568616016427,69897.50391507859
2452537.08333333,2002.7161761350587,79891.8938062189,0.4555256,50.7893,139.9827,1.6539,37120.95464500476,323.3531913788299,69949.8673213892
2452542.25,2002.7303216974674,79906.1994683318,0.4536474,50.6632,139.923,1.7941,37278.823535641706,318.3412889117043,70048.4955404426
2452547.45833333,2002.7445813369752,79894.35291554082,0.4534779,50.6691,139.902,1.8139,37285.89323354249,313.2066186888915,70045.85833532433
2452552.70833333,2002.7589550536077,79896.88564958943,0.4522213,50.6637,139.8509,2.1085,37387.67585518076,308.27558070121177,70105.40989847569
2452557.91666667,2002.773214693141,79905.26948884569,0.450789,50.5527,139.7818,2.1226,37506.71666123843,303.0871104692195,70177.88361683245
2452563.08333333,2002.7873602555242,79889.87539986006,0.450252,50.6393,139.7526,2.2711,37541.16292132227,298.1140080112734,70188.70785597716
2452568.29166667,2002.8016198950575,79908.37830417402,0.4482901,50.5167,139.7114,2.4375,37708.10710335802,293.1057377792812,70293.62486073333
2452573.125,2002.8148528405202,79896.19702533302,0.4481428,50.5074,139.6515,2.3651,37713.15528104861,288.20957741273116,70289.54593459991
2452578.33333333,2002.829112480028,79909.38461056007,0.4478083,50.5444,139.6202,2.5166,37747.16263405901,283.1963071899181,70316.21156064924
2452583.91666667,2002.8443988136064,79908.4836460576,0.4462344,50.4299,139.546,2.6112,37872.433091349274,277.71362710166306,70386.11287644344
2452589.125,2002.8586584531142,79889.6786917135,0.4462446,50.542,139.4904,2.5757,37861.20467980129,272.4890568788501,70369.09176394285
2452594.20833333,2002.8725758612736,79907.46073560747,0.4446178,50.5249,139.443,2.7967,38001.04503975529,267.6523899414582,70457.50876719205
2452599.54166667,2002.8871777321554,79902.79013777472,0.4444753,50.5132,139.3717,2.6917,38009.83722045026,262.219416424045,70459.7477266655
2452604.70833333,2002.9013232945385,79894.03010335851,0.444663,50.6325,139.3419,2.7684,37989.974695508805,257.1739139660988,70443.64970172779
2452609.91666667,2002.9155829340718,79904.69987244869,0.443537,50.6121,139.2838,2.9161,38085.87270512241,252.13004373410666,70503.2305859414
2452615.125,2002.9298425735797,79892.6557635225,0.4436588,50.6663,139.235,2.8271,38069.439678665025,246.85877351129366,70487.18455136185
2452620.29166667,2002.9439881359883,79900.10866376526,0.4426262,50.7552,139.2165,3.1214,38156.09088633576,242.04217104416807,70539.64881325125
2452625.54166667,2002.9583618526208,79903.0991799868,0.4421218,50.7524,139.1567,3.0859,38198.06084495252,236.77233305648858,70564.65837545824
2452630.75,2002.9726214921286,79891.12771110065,0.4426787,50.8696,139.1438,3.1735,38146.89085441664,231.71356283367555,70529.39027804021
2452635.91666667,2002.9867670545373,79899.06662190732,0.4418549,50.9113,139.1212,3.4056,38217.13622959112,226.83066036654998,70572.92066499636
2452641.16666667,2003.0011407711697,79898.47356006353,0.4415125,50.9366,139.0751,3.3929,38244.16245237599,221.59732237887047,70587.55225892358
2452646.375,2003.0154004106776,79888.46522316181,0.4410508,51.1049,139.0752,3.7126,38275.45742571412,216.78365215605749,70599.12115118315
2452651.58333333,2003.0296600501854,79902.98415495784,0.4399068,51.0775,139.0278,3.8658,38374.98178489964,211.75598193324473,70662.42414728427
2452656.75,2003.043805612594,79890.171849636,0.4402986,51.1927,139.0042,3.9565,38336.50473048186,206.73067946611914,70633.82823825993
2452661.95833333,2003.0580652521019,79893.60754298337,0.4396025,51.2606,139.0004,4.2995,38394.04163306903,201.93640924330614,70667.5291856522
2452669.79166667,2003.0795117499515,79889.82414480382,0.438726,51.2997,138.9483,4.4677,38461.94485705062,194.33177001747418,70702.7076910526
2452677.58333333,2003.1008441706508,79901.4348220174,0.4366777,51.3271,138.9212,5.0263,38632.12373723894,187.18359856568804,70802.6648151941
2452682.79166667,2003.115103810184,79893.2833529095,0.4365729,51.3643,138.8839,5.1054,38635.90464900807,182.091928333696,70800.0160621381
2452687.91666667,2003.1291352954681,79892.20966995106,0.4360547,51.4314,138.8796,5.4494,38676.69984998345,177.38029363143715,70821.66406302038
2452693.125,2003.143394934976,79903.11858183972,0.4345259,51.3482,138.8353,5.684,38805.00776725909,172.43712340862413,70897.8290096495
2452701.0,2003.1649555099248,79887.43187188821,0.4334742,51.4411,138.8037,6.0822,38880.154951166965,165.04191642710475,70929.48195795438
2452711.41666667,2003.193474788966,79892.30941704141,0.4317506,51.3537,138.7136,6.3762,39020.620590848135,154.9788759722997,71008.21726909968
2452716.625,2003.2077344284737,79892.92730178875,0.4307383,51.3436,138.6939,6.7096,39101.84731379268,150.15910574948668,71052.3006358157
2452724.41666667,2003.2290668491985,79892.29279250473,0.4293506,51.2697,138.6124,6.8042,39212.35264666715,142.49253428852126,71111.21581082612
2452729.625,2003.2433264887063,79896.92998807816,0.4279646,51.2701,138.5859,7.1869,39325.736004502294,137.71526406570848,71174.52474576015
2452734.875,2003.2577002053388,79903.56898530693,0.4269133,51.1726,138.5149,7.2118,39413.5363680119,132.49462607802874,71225.1804722637
2452740.08333333,2003.2719598448466,79893.36924910455,0.4268892,51.2063,138.4812,7.286,39409.616465049716,127.40165585521595,71217.11252391506
2452745.25,2003.2861054072553,79898.88094248308,0.4257321,51.1528,138.4385,7.5359,39505.22627118978,122.51645338809038,71271.11218248123
2452750.45833333,2003.300365046763,79900.98583437884,0.4249488,51.0935,138.3539,7.4689,39569.02148524255,117.23138316527738,71306.1298605128
2452755.66666667,2003.3146246862964,79892.39115447256,0.4243278,51.1638,138.331,7.719,39613.692279155766,112.32511293328528,71324.6787652709
2452760.875,2003.3288843258042,79906.72753132127,0.4231099,51.0704,138.2563,7.7674,39719.26373621668,107.16534271047232,71388.77527248001
2452766.04166667,2003.3430298882129,79896.53787170195,0.4233627,51.1141,138.2123,7.7186,39693.18757768596,101.98014024334674,71369.03971345158
2452771.25,2003.3572895277207,79897.55766140846,0.4228905,51.1346,138.185,7.9056,39731.5032531966,97.00637002053395,71389.80429457457
2452779.08333333,2003.3787360255449,79893.71837795104,0.422217,51.1316,138.1012,7.8327,39783.09598556768,89.12893080388108,71414.64427507378
2452784.29166667,2003.3929956650782,79898.94884005787,0.4213416,51.1845,138.0779,8.1385,39856.06159746974,84.277960571889,71455.98746310148
2452789.45833333,2003.4071412274614,79904.40883149284,0.4208999,51.1523,138.008,8.0829,39894.514844758385,79.06005811394274,71479.33898815203
2452794.66666667,2003.4214008669946,79894.07443788565,0.4214279,51.2612,137.99,8.1155,39846.346125083815,73.94118788195044,71448.0175263715
2452799.875,2003.4356605065025,79898.42090557194,0.4208728,51.2819,137.9642,8.3253,39893.21248346535,68.99171765913766,71475.1147066727
2452805.125,2003.450034223135,79901.02324977447,0.4205544,51.3027,137.9153,8.2634,39920.160057579524,63.70637967145791,71490.73992588505
2452810.29166667,2003.4641797855436,79889.82830061612,0.4204046,51.4525,137.9178,8.5515,39925.64068982692,58.904577204332355,71486.97439001512
2452815.5,2003.4784394250514,79904.31597612647,0.4196019,51.4142,137.8537,8.6455,39998.17687434345,53.80100698151958,71533.39550100079
2452820.70833333,2003.4926990645592,79893.6213973333,0.4201888,51.5174,137.837,8.6716,39945.0801947335,48.676936758706574,71499.369498593
2452825.91666667,2003.5069587040925,79894.59952961966,0.4199754,51.5793,137.8241,8.9572,39962.696834327835,43.816166526714255,71509.14045808064
2452831.08333333,2003.5211042664757,79902.62383826944,0.4192906,51.5606,137.7768,9.0476,40022.06844754714,38.76686406876823,71544.8352635562
2452836.29166667,2003.535363906009,79882.45119961994,0.4195913,51.7286,137.771,9.2487,39986.33335358485,33.828693836775926,71514.26250852346
2452841.54166667,2003.5497376226415,79902.07089863601,0.4183721,51.6907,137.7285,9.5667,40095.13740242478,28.92965584909618,71582.49666237444
2452846.70833333,2003.5638831850247,79894.370926617,0.4186677,51.763,137.7209,9.6128,40067.0421078234,23.87575339115014,71563.33053482044
2452851.95833333,2003.578256901657,79890.85618812512,0.4186384,51.8407,137.7368,9.9336,40067.339678898315,19.037915403470407,71561.3987007605
2452857.125,2003.5924024640658,79900.50220968857,0.4176537,51.7934,137.6954,10.1777,40151.62552995396,14.148212936345061,71610.86571595028
2452862.33333333,2003.6066621035736,79883.99268736344,0.4177966,51.8983,137.6926,10.2942,40130.59584815813,9.128442713532053,71590.15253330882
2452867.54166667,2003.620921743107,79899.12343448399,0.416521,51.8841,137.656,10.7904,40241.324342429296,4.4545724815397705,71656.45170676138
2452875.33333333,2003.6422541638062,79891.65691046858,0.4163476,51.9197,137.6001,10.9737,40250.82099577158,356.90230102975386,71656.9092709079
2452883.16666667,2003.6637006616559,79898.94745439164,0.4151346,51.8717,137.5637,11.4872,40351.99356249175,349.6586618039217,71713.39838400709
2452888.375,2003.6779603011637,79891.79406042577,0.4147875,51.8826,137.5232,11.5433,40375.54023158692,344.5407915811089,71721.23816571708
2452893.54166667,2003.6921058635724,79894.13401250339,0.4138727,51.8948,137.5073,12.0358,40449.996754586784,339.9249891139833,71760.85641465
2452898.79166667,2003.7064795802048,79901.08560886454,0.4129959,51.8049,137.4336,12.1415,40524.128546854474,334.7824511263036,71802.97110733681
2452904.0,2003.7207392197124,79892.3703737499,0.4130526,51.8364,137.4191,12.2937,40514.48277070953,329.78668090349083,71792.8224817468
2452909.20833333,2003.7349988592202,79896.23720622002,0.4120988,51.7656,137.3855,12.6331,40592.9574290214,324.9590106806778,71835.22054821445
2452914.375,2003.7491444216291,79900.40382275343,0.4112766,51.698,137.3125,12.6492,40661.1010999044,319.8097082135525,71872.43650084623
2452919.625,2003.7635181382614,79888.5247873235,0.4108451,51.755,137.3006,12.9845,40688.579532223106,314.95857022587273,71879.2822822128
2452925.66666667,2003.7800593201089,79892.8843542563,0.4095668,51.6333,137.206,13.1163,40793.27506651348,309.0409447608005,71935.016490374
2452932.625,2003.7991101984942,79894.00377976212,0.4096172,51.658,137.1645,13.2351,40789.90935470654,302.2599285420945,71933.9851725238
2452937.83333333,2003.813369838002,79900.47726649324,0.4085686,51.5715,137.104,13.4432,40877.514830390275,297.2740583192815,71982.18406160777
2452943.04166667,2003.8276294775353,79895.558294569,0.4083529,51.5788,137.0634,13.331,40891.83906786269,291.98778808728923,71986.45195618745
2452948.20833333,2003.8417750399185,79897.85418245674,0.4076274,51.593,137.0304,13.6772,40951.16331648277,287.20858562934313,72017.74203019966
2452953.41666667,2003.8560346794518,79903.61887654301,0.407104,51.4857,136.9832,13.6556,40996.399717426844,282.0063153973509,72043.98325367497
2452961.20833333,2003.877367100151,79894.90987813113,0.4073666,51.567,136.9486,13.7613,40970.25578377044,274.39774394556497,72025.5772830115
2452969.04166667,2003.8988135980007,79902.29401347722,0.4065238,51.5261,136.8495,13.7667,41041.97352240121,266.5833047197328,72066.08027081164
2452976.83333333,2003.9201460187,79902.36330411755,0.4059445,51.6894,136.8102,14.064,41088.30208380921,259.16163326794685,72089.35945730416
2452982.0,2003.934291581109,79899.79687906225,0.4060691,51.7143,136.7584,13.9703,41076.82197019863,253.92373080082132,72082.05379778487
2452989.83333333,2003.9557380789329,79895.14541249519,0.4064748,51.8944,136.7925,14.1692,41041.645859980286,246.43599158416865,72061.5978523803
2452995.08333333,2003.9701117955653,79903.88635033103,0.4059403,51.8007,136.6598,14.2951,41089.54245411175,241.2546535964889,72090.90176306014
2453000.25,2003.984257357974,79882.03571699458,0.4065051,51.9602,136.6273,14.491,41031.44449965413,236.32565112936356,72048.55861172079
2453005.45833333,2003.9985169974818,79902.7527203106,0.4057443,51.9281,136.5753,14.7751,41104.52994973508,231.4242809065506,72097.72527948889
2453010.66666667,2004.0127766370151,79895.32275716195,0.4063099,52.0045,136.5655,14.7506,41054.925857231756,226.25651067455826,72068.36895738695
2453015.875,2004.027036276523,79891.78159222353,0.4066448,52.0965,136.5927,15.0326,41026.067745010114,221.4322404517455,72051.74524772837
2453021.08333333,2004.0412959160308,79899.63613791474,0.406122,52.0751,136.5386,15.2685,41072.49981031253,216.4805702289325,72079.78962140226
2453026.25,2004.0554414784394,79883.18661711105,0.4066007,52.1985,136.5392,15.3467,41024.49072036306,211.46696776180693,72045.76268007595
2453031.45833333,2004.0697011179473,79897.99828713715,0.4059539,52.1976,136.5142,15.8636,41084.9579802805,206.82539753899414,72085.04486428083
2453036.70833333,2004.0840748345797,79896.38268916451,0.4060216,52.2082,136.4839,15.9498,41078.58925549764,201.70675955131443,72080.87615453782
2453041.91666667,2004.098334474113,79889.59973174172,0.4064313,52.2909,136.4975,16.2257,41041.829556290286,196.8627893193221,72058.34008958556
2453047.125,2004.1125941136208,79894.89325224161,0.4058526,52.2503,136.4625,16.5885,41091.2067990969,192.05711909650935,72086.29902945054
2453052.33333333,2004.1268537531287,79893.11294662523,0.4057628,52.2704,136.4292,16.6646,41097.32343668633,186.96644887369635,72088.28681813489
2453057.5,2004.1409993155373,79890.88389444549,0.4054872,52.3161,136.3951,17.234,41118.016778561694,182.4093464065708,72097.29984048023
2453062.70833333,2004.1552589550452,79899.08740698463,0.4049384,52.2445,136.3264,17.3804,41166.74249094012,177.353576183758,72126.6318921395
2453067.91666667,2004.1695185945784,79891.05290352,0.4051966,52.2887,136.3276,17.5406,41141.33359659357,172.3815059517657,72109.06723976108
2453073.125,2004.1837782340863,79893.67958566864,0.4046782,52.2398,136.2934,17.9192,41184.31283956351,167.5924357289529,72132.13431600746
2453078.33333333,2004.198037873594,79899.9077354971,0.4040118,52.1747,136.2258,18.0005,41241.265891445,162.4726655061399,72164.3189392325
2453086.16666667,2004.2194843714435,79898.15763441524,0.4034087,52.1576,136.1744,18.5746,41288.40943072072,155.27462628030773,72186.73221164959
2453091.375,2004.2337440109513,79898.7991884518,0.403073,52.1056,136.101,18.6005,41315.614203164965,150.09365605749497,72200.6494401693
2453096.58333333,2004.2480036504592,79892.4133205916,0.4031847,52.1284,136.0845,18.7821,41302.878323652876,145.12528583468196,72190.44271635852
2453101.75,2004.2621492128678,79898.02738527645,0.4023684,52.0376,136.015,19.0561,41371.44964310658,140.23738336755662,72227.90387218568
2453106.95833333,2004.2764088523757,79895.69546127059,0.4020376,52.0233,135.953,19.0085,41396.48550769047,134.99431314474361,72238.89878421578
2453112.16666667,2004.290668491909,79893.83059874745,0.4017089,52.0263,135.9186,19.4144,41421.631492138265,130.2323429127513,72250.21969241842
2453117.41666667,2004.3050422085414,79903.02573022175,0.4010849,51.9426,135.8277,19.4095,41476.99234551833,124.96200492507157,72283.19628061356
2453122.58333333,2004.3191877709246,79895.88250772152,0.401363,51.9862,135.8056,19.444,41450.49511677489,119.88200246712552,72265.74993635897
2453127.79166667,2004.333447410458,79896.03491675024,0.4009698,51.9511,135.76,19.6636,41482.001475387886,114.92253223513322,72281.41574129218
2453133.0,2004.3477070499657,79903.83091516518,0.4003971,51.9112,135.679,19.596,41532.4324378427,109.64046201232046,72311.05586661579
2453138.16666667,2004.3618526123744,79888.51647603847,0.4007045,52.0053,135.675,19.8502,41498.69212576571,104.7982595451949,72285.07988500339
2453143.375,2004.3761122518822,79905.22791066304,0.4000286,51.9269,135.5857,19.92,41562.71515687959,99.64528932238187,72326.83404834352
2453148.58333333,2004.39037189139,79897.27777023276,0.4005134,52.0009,135.5626,19.8563,41519.21109973242,94.42501909956911,72300.54200214073
2453153.83333333,2004.4047456080225,79895.3934182018,0.400648,52.0382,135.5479,20.037,41507.327535986085,89.41648111188937,72293.53037323552
2453159.0,2004.4188911704312,79905.49124006664,0.4001236,51.9983,135.4753,20.0713,41555.28212532271,84.28577864476381,72323.33215831695
2453164.20833333,2004.433150809939,79883.14783761157,0.4008813,52.1495,135.4903,20.1611,41481.35138437766,79.25710842195102,72273.24885324002
2453169.41666667,2004.4474104494723,79904.05819995621,0.4003721,52.1017,135.4216,20.4129,41534.566319917525,74.30673818995874,72312.24669427733
2453174.625,2004.46167008898,79898.147934993,0.400902,52.1738,135.4032,20.3473,41488.68433155844,69.08926796714593,72286.00315987664
2453179.83333333,2004.475929728488,79894.09937608421,0.4014462,52.2599,135.4159,20.5361,41442.78047913284,64.15729774433294,72260.84923298415
2453185.04166667,2004.4901893680212,79900.77935761296,0.4012459,52.2417,135.3572,20.7267,41462.78293356614,59.15572751234063,72274.80568308568
2453190.25,2004.504449007529,79885.86390133848,0.4019191,52.3663,135.3632,20.7224,41400.07307939004,54.02395728952786,72234.69957863816
2453195.41666667,2004.5185945699377,79899.25507376925,0.4017669,52.3685,135.343,21.1803,41420.24275047171,49.36925482240227,72252.83081199089
2453200.625,2004.5328542094455,79898.26571389084,0.4021003,52.4051,135.3138,21.1834,41393.01280085561,44.20968459958928,72238.74005734299
2453208.41666667,2004.5541866301705,79907.72269736057,0.4030704,52.5046,135.333,21.585,41321.14864664637,36.950813138624085,72208.81644091307
2453211.08333333,2004.5614875655858,79895.58600496632,0.4027858,52.4886,135.3093,21.7056,41336.64217948716,34.41937638909678,72209.14576210499
2453213.66666667,2004.568560346803,79901.37107647465,0.4026489,52.476,135.2807,21.7442,41351.03560404032,31.88317515094434,72219.80534779186
2453218.91666667,2004.5829340634355,79878.57634143405,0.4035874,52.6169,135.3111,21.9551,41262.453100093175,26.94993716326462,72161.93746061625
2453224.08333333,2004.5970796258187,79900.15300672564,0.4032059,52.5457,135.246,22.3874,41305.80360351112,22.224734705318554,72196.59406959661
2453229.25,2004.6112251882273,79894.7713293161,0.4037005,52.5908,135.2328,22.4643,41263.07589628553,17.196032238193,72172.06938223208
2453234.45833333,2004.6254848277351,79890.75228963763,0.4041885,52.6337,135.2413,22.7921,41221.69265781743,12.398862015380217,72149.01272212171
2453239.66666667,2004.6397444672684,79898.20751720472,0.4038332,52.5652,135.1832,23.0942,41254.52240126788,7.509391783387912,72169.89317631505
2453244.91666667,2004.654118183901,79886.43733747455,0.4042552,52.6271,135.1726,23.1884,41213.793334326314,2.41845379570816,72142.45875558691
2453250.08333333,2004.668263746284,79896.94938618634,0.4041779,52.5745,135.1241,23.7633,41226.23186687126,357.85245133776215,72155.03157902147
2453255.25,2004.6824093086927,79896.87179382432,0.4041597,52.5445,135.0679,23.8364,41227.639758693826,352.7769488706366,72155.68652852833
2453263.08333333,2004.7038558065167,79891.75249977053,0.4045373,52.5453,135.0423,24.283,41194.42235124511,345.47720965398395,72136.01415635402
2453268.33333333,2004.7182295231491,79901.63853145199,0.4038576,52.4473,134.9534,24.4675,41254.61825807226,340.39827166630414,72172.02115942285
2453273.54166667,2004.7324891626824,79880.95825722447,0.4044403,52.5177,134.9511,24.6444,41195.74323538513,335.4394014343119,72130.13473497795
2453278.70833333,2004.7466347250656,79901.2311138812,0.4038294,52.391,134.8485,25.0488,41256.62859390122,330.6487989763658,72172.77554874301
2453281.33333333,2004.753821583382,79901.06482248766,0.4038103,52.3687,134.8119,25.0408,41258.05556619948,328.016929982526,72173.38549116295
2453283.91666667,2004.760894364599,79897.215418572,0.4039761,52.3815,134.7993,25.0611,41242.51363291742,325.47842874437356,72163.30873063399
2453286.54166667,2004.7680812229153,79894.4873061231,0.4041507,52.3938,134.7928,25.1513,41226.93803521234,322.97485975053365,72153.89157636903
2453291.75,2004.782340862423,79894.76163092155,0.4038727,52.3339,134.7354,25.4415,41249.312235184865,318.0741895277209,72165.20853751233
2453296.95833333,2004.7966005019307,79903.79903998834,0.403256,52.266,134.6406,25.4477,41303.9763543188,312.8521193049079,72197.89799584493
2453302.16666667,2004.8108601414642,79884.88188122914,0.4038126,52.3299,134.6328,25.7235,41248.223728077115,307.9866490729156,72158.67617722187
2453307.33333333,2004.8250057038474,79904.3700262323,0.4031304,52.2161,134.5173,25.8631,41314.35307580926,302.91834661496955,72203.40375170583
2453312.54166667,2004.8392653433807,79897.53687732601,0.4034428,52.2548,134.4893,25.825,41285.31458643435,297.71877638297724,72184.81584736428
2453317.75,2004.8535249828885,79895.07752300042,0.4035518,52.2558,134.4574,26.0139,41275.13887745406,292.7423061601643,72178.26024406165
2453322.95833333,2004.8677846223964,79905.80585225111,0.402933,52.1892,134.3624,26.0533,41330.98348278602,287.5532359373515,72212.53997900135
2453330.75,2004.8891170431211,79915.8057576084,0.4038403,52.2834,134.3434,26.2969,41264.4464857141,280.09816447638605,72185.5065571189
2453335.95833333,2004.903376682629,79903.80458349506,0.4033889,52.2431,134.2479,26.2813,41293.36044674404,274.85359425357325,72192.62121809462
2453341.16666667,2004.9176363221623,79896.83299771395,0.4040825,52.3323,134.2523,26.2815,41233.7846779152,269.7247240215809,72158.72643958722
2453346.33333333,2004.9317818845454,79896.26907385598,0.4042882,52.3427,134.2266,26.4723,41217.01396327108,264.79742156363466,72150.02244618449
2453351.54166667,2004.9460415240787,79905.00061755392,0.4040966,52.3409,134.1636,26.4273,41237.525245002485,259.55595133164286,72165.54139298097
2453356.75,2004.9603011635866,79884.77523206084,0.4052964,52.4804,134.1925,26.688,41129.62711569742,254.71208110882958,72099.41360367263
2453361.95833333,2004.9745608030944,79903.71588750277,0.4051869,52.4375,134.1159,26.8124,41149.640648564775,249.62641088601683,72120.88434357948
2453367.16666667,2004.9888204426277,79896.20256752132,0.4060818,52.5418,134.1312,26.8065,41073.67251573765,244.50234065402452,72078.30246127614
2453374.95833333,2005.0101528633272,79896.27877270801,0.4067935,52.5879,134.1158,27.1558,41016.85559378241,237.15656920223861,72049.83376557016
2453380.20833333,2005.0245265799595,79898.51790075532,0.4071591,52.6407,134.0904,27.134,40988.9729609499,231.93483121455887,72037.17017802804
2453385.41666667,2005.038786219493,79889.66206854532,0.4083167,52.7215,134.097,27.6202,40891.24258860173,227.29416098256658,71982.59876106212
2453390.58333333,2005.052931781876,79899.70126569607,0.4085401,52.7074,134.0446,27.7058,40879.33302063848,222.23495852462077,71982.63476443003
2453395.79166667,2005.0671914214095,79892.63636802035,0.4095972,52.8016,134.074,27.8624,40790.69991106105,217.28748829262847,71933.56324308802
2453401.04166667,2005.0815651380417,79892.37868603734,0.4101246,52.8103,134.0596,28.2001,40748.41253437775,212.4362503049487,71911.97603154372
2453406.25,2005.0958247775495,79901.43066469551,0.4101571,52.7829,134.0085,28.3209,40751.15527741293,207.37248008213547,71918.80663689542
2453411.41666667,2005.1099703399584,79877.1458924658,0.4116238,52.893,134.043,28.7098,40619.67526705464,202.70347761501014,71837.39544443347
2453416.58333333,2005.1241159023416,79899.23983129795,0.4115737,52.7955,133.9513,29.0093,40636.67776674328,197.81887515706387,71859.3044953344
2453424.41666667,2005.145562400191,79890.94900439295,0.4127653,52.8555,133.9593,29.3192,40536.601171309994,190.41603593123193,71803.2798861607
2453429.58333333,2005.1597079625742,79894.59952961966,0.4128769,52.7815,133.8992,29.6694,40529.82864908884,185.61373347328566,71802.00352164282
2453434.83333333,2005.1740816792067,79896.95354292533,0.4128959,52.7587,133.8444,29.7362,40529.69270256099,180.45119548560638,71803.34303758343
2453440.08333333,2005.1884553958391,79885.13257742913,0.4139563,52.7726,133.8236,30.2405,40438.04237066711,175.76015749792663,71749.34717965533
2453445.25,2005.2026009582478,79899.41997006001,0.4137354,52.6774,133.7221,30.3741,40464.06518897925,170.69985503080085,71771.22713464848
2453447.875,2005.209787816564,79895.58323392551,0.4140213,52.6932,133.7153,30.4176,40438.973699157475,168.1492860369612,71756.0702739502
2453453.04166667,2005.2239333789728,79891.88826477778,0.4145282,52.6863,133.6932,30.6914,40396.31132777833,163.30858356983583,71731.96670643172
2453458.29166667,2005.238307095605,79898.93914039551,0.4141358,52.5826,133.5937,30.9375,40431.791760336506,158.28064558215613,71754.3915140467
2453463.5,2005.2525667351129,79891.92844024765,0.4144062,52.6059,133.5561,30.9368,40406.0816646527,153.10887535934287,71737.00803047889
2453468.70833333,2005.2668263746207,79896.05569985593,0.4148156,52.5358,133.4767,31.4141,40375.78911708677,148.3733051365301,71723.90996189097
2453473.875,2005.2809719370293,79899.79133625061,0.4146533,52.4926,133.3954,31.3809,40390.94288936289,143.16640266940476,71733.92783951045
2453479.08333333,2005.2952315765372,79894.65633425581,0.4151452,52.5162,133.3787,31.5118,40348.63695143992,138.147132446592,71709.11115474858
2453484.29166667,2005.3094912160705,79897.7738166672,0.4149223,52.443,133.2959,31.721,40368.269439775875,133.14006221459968,71721.06947788902
2453489.5,2005.3237508555783,79901.1659829823,0.4146927,52.4356,133.226,31.6342,40388.59942835122,127.84989199178645,71733.54441284823
2453494.66666667,2005.337896417987,79890.3103785115,0.4156215,52.4616,133.1998,31.9826,40308.043443528986,123.07968952466112,71685.61895699053
2453499.91666667,2005.3522701346194,79903.53018106605,0.4152827,52.3977,133.0966,31.9669,40342.840127941454,117.78625153698138,71711.42187582706
2453505.125,2005.3665297741272,79897.11842734157,0.4159099,52.4642,133.0957,31.9661,40288.97959193779,112.65108131416861,71679.85126720951
2453510.33333333,2005.380789413635,79896.37991805462,0.4161395,52.4516,133.0538,32.143,40270.20402714533,107.65261109135582,71669.72673138
2453515.5,2005.3949349760437,79906.83563978082,0.4158238,52.4306,132.9745,32.0879,40301.53529807173,102.42580862423003,71692.11620203928
2453520.70833333,2005.4091946155515,79884.30985803735,0.4172059,52.5483,132.9999,32.2713,40177.96816783601,97.50113840141725,71614.87825112582
2453525.91666667,2005.4234542550848,79904.54326436689,0.417131,52.4823,132.9051,32.3891,40195.74492795827,92.39066816942494,71636.1141590158
2453531.125,2005.4377138945927,79897.91514974223,0.4179182,52.574,132.9172,32.3249,40128.98596660922,87.20509794661217,71597.59212839951
2453536.29166667,2005.4518594570013,79895.16065301385,0.4186642,52.6172,132.9166,32.4999,40067.78083434833,82.28709547948637,71564.18322914926
2453541.54166667,2005.4662331736338,79904.89805899729,0.4186255,52.5971,132.8492,32.5725,40076.53385660052,77.11775749180708,71574.51217121503
2453546.75,2005.4804928131416,79881.23108100615,0.4200744,52.7479,132.8931,32.6069,39947.034563391135,72.06258726899387,71493.04964727849
2453551.95833333,2005.4947524526494,79902.39794949403,0.4206057,52.6961,132.8165,32.9399,39916.857628268524,67.18551704618108,71489.82827104656
2453557.125,2005.508898015058,79898.61905318868,0.4214338,52.7747,132.8232,32.8963,39848.504110850976,62.05621457905576,71451.8348146004
2453562.375,2005.5232717316906,79894.10353245253,0.422602,52.8469,132.8506,33.0984,39752.55929143103,57.111176591375994,71398.83448409144
2453567.54166667,2005.5374172940992,79899.09433534673,0.4229428,52.8226,132.8026,33.3087,39728.21135969105,52.1810741242507,71388.97963912445
2453572.75,2005.551676933607,79891.30641880771,0.4239245,52.9187,132.8156,33.2952,39645.28799086786,47.047103901437424,71340.71334021371
2453580.58333333,2005.5731234314312,79901.28654453797,0.4254694,52.8921,132.7506,33.828,39527.59779920533,39.79416468478502,71284.38053737223
2453586.45833333,2005.5892083048057,79923.33894136043,0.4268293,52.9784,132.7718,33.9431,39431.579827356814,34.13991027000026,71246.37332053106
2453590.95833333,2005.6015286333477,79891.69570029576,0.4276427,52.9872,132.7748,34.2195,39348.45894344289,29.983991994846463,71183.57328925982
2453596.20833333,2005.6159023499802,79900.73639952728,0.4278588,52.9353,132.7009,34.4306,39336.36690450922,24.9466540071667,71182.42404942066
2453601.41666667,2005.6301619895135,79880.57187626045,0.4294065,53.0367,132.736,34.5682,39201.198788877016,19.985883775174386,71098.39195777572
2453606.58333333,2005.6443075518966,79899.3188150917,0.4301594,52.9312,132.6317,35.0504,39151.739473183145,15.271381317228133,71082.8277068997
2453611.79166667,2005.65856719143,79895.36293694976,0.4309218,52.9556,132.6158,35.1155,39088.573028506085,10.187111085236296,71046.58412085622
2453614.41666667,2005.665754049746,79892.2581580811,0.431475,52.9733,132.6211,35.2413,39042.609769323055,7.7309420913962015,71020.03595874958
2453619.58333333,2005.6798996121292,79892.48674597079,0.4320991,52.9217,132.5711,35.5808,38992.87882627488,2.9280396334499414,70993.35935205244
2453624.83333333,2005.6942733287617,79902.86220116241,0.4320644,52.8533,132.4804,35.7038,39001.54368593449,357.7858016457702,71004.07503176737
2453627.41666667,2005.7013461099789,79893.31660302213,0.432663,52.8951,132.4897,35.7258,38948.29826160877,355.270900407618,70969.76951692291
2453632.625,2005.7156057494867,79893.45237467442,0.4339263,52.8254,132.4099,36.2568,38847.44589150574,350.5886301848052,70915.25195207131
2453637.79166667,2005.7297513118954,79897.69899352758,0.4340422,52.7815,132.3337,36.3048,38840.58964743909,345.46802771767943,70913.99880318916
2453643.0,2005.7440109514032,79892.58787931644,0.4348664,52.7915,132.318,36.5017,38771.84950155447,340.51575749486665,70873.70143566393
2453645.625,2005.7511978097193,79892.58095236476,0.4350483,52.7547,132.2817,36.6548,38757.31312642609,338.04528850102656,70865.79192705336
2453650.79166667,2005.765343372128,79902.92317800196,0.4346808,52.6562,132.1637,36.8022,38792.52030864953,332.98228603390123,70890.93108735152
2453656.0,2005.7796030116358,79883.16030244555,0.4356003,52.7158,132.1559,36.8511,38707.895409752186,327.88991581108843,70833.43040789105
2453661.25,2005.7939767282683,79901.25744343117,0.4360236,52.5999,132.0008,37.2534,38684.28722841952,322.96257782340865,70831.04004485838
2453666.45833333,2005.808236367776,79898.80888807168,0.4362453,52.6061,131.9588,37.1973,38665.19273505219,317.7310076005959,70819.2047513155
2453671.66666667,2005.8224960073094,79894.84337462496,0.4368549,52.6105,131.9289,37.365,38614.25326168752,312.7353373686036,70789.08612264843
2453676.83333333,2005.8366415696926,79901.907374462,0.4365631,52.5299,131.8192,37.5062,38641.54669515401,307.67443491065734,70808.08626150466
2453682.04166667,2005.8509012092259,79896.67781374346,0.4368901,52.5775,131.7864,37.4043,38612.473954029294,302.406264678665,70789.17391389418
2453687.29166667,2005.8652749258583,79896.67088590522,0.4379666,52.5291,131.7177,37.762,38526.461286686324,297.52072669098527,70742.0731482462
2453692.5,2005.8795345653662,79903.22529224129,0.4379627,52.5241,131.6493,37.6633,38530.45670454301,292.2201564681725,70748.04743019887
2453697.66666667,2005.8936801277748,79896.76926134918,0.4388363,52.5886,131.6584,37.7156,38457.03035674498,287.1891540010472,70704.01077094824
2453702.875,2005.9079397672826,79898.88371380986,0.4390334,52.5591,131.59,37.8592,38442.46884073129,282.13088377823397,70697.22322937984
2453708.08333333,2005.9221994067905,79905.44134590779,0.439128,52.5947,131.5448,37.7302,38438.588398562,276.82321355542115,70698.86780927198
2453713.20893872,2005.936232549542,79916.2161338261,0.4428641,52.7977,131.6834,37.9789,38146.05670031373,272.15858216492467,70543.30631461355
2453715.875,2005.9435318275155,79903.32368786233,0.4410217,52.6214,131.4886,38.0647,38286.08773939101,269.4218420944557,70613.53772308734
2453721.08333333,2005.9577914670233,79900.54932466615,0.441751,52.699,131.4927,37.9545,38226.265459945556,264.18227187164297,70578.83077870663
2453723.70833333,2005.9649783253394,79896.93137365693,0.4424173,52.7477,131.5126,37.9881,38171.01041703834,261.6485028778033,70546.11117815308
2453728.81878242,2005.9789699724022,79912.12924355635,0.4451952,52.6517,131.2366,38.7685,37957.496582545435,257.1159099352141,70435.83793409064
2453731.5,2005.9863107460644,79901.28793030563,0.443411,52.7543,131.4604,38.2173,38094.04164784088,254.14583141683786,70505.82467944543
2453736.66666667,2006.000456308473,79893.68512742038,0.4444507,52.8633,131.481,38.1332,38006.744546958806,248.98992894971252,70452.81584115523
2453741.91666667,2006.0148300251055,79895.72178626046,0.4463888,52.8744,131.443,38.5593,37853.03011295779,244.20349096203282,70367.95115377587
2453747.08333333,2006.0289755874887,79899.75253659599,0.4471462,52.9115,131.4242,38.5307,37794.745508916734,239.06368850408654,70337.50862564963
2453752.33333333,2006.0433493041212,79894.02456154693,0.4487692,52.9976,131.4712,38.6803,37661.91077428117,234.0857505164068,70259.39435371367
2453757.54166667,2006.0576089436545,79895.59016152799,0.4496935,52.9815,131.4321,38.9373,37588.9262872249,229.17018028441447,70219.01197032827
2453762.75,2006.0718685831623,79903.3223020064,0.450361,53.0085,131.4019,38.9553,37539.8458667525,224.02451006160172,70195.58250985203
2453767.91666667,2006.086014145571,79883.44283998676,0.4530229,53.0694,131.418,39.3662,37316.27760263172,219.35910759447637,70057.07096494747
2453773.125,2006.1002737850788,79900.4093656713,0.4536321,53.0107,131.3429,39.4789,37276.88257426216,214.26323737166314,70044.11930432875
2453778.33333333,2006.1145334245866,79892.61420174659,0.4551583,53.0752,131.3753,39.6314,37150.69143912376,209.3146671488504,69967.36766750988
2453783.54166667,2006.12879306412,79892.06420600237,0.4562754,53.0395,131.3335,39.9544,37061.14435358296,204.46239691685804,69915.52770135208
2453788.75,2006.1430527036277,79903.07423476464,0.4565673,52.9815,131.2552,40.0931,37043.80706969859,199.38932669404528,69911.71557512651
2453793.95833333,2006.1573123431356,79874.12457377263,0.4589119,53.0599,131.2878,40.3461,36840.802004785946,194.54145647123252,69778.0311033569
2453799.16666667,2006.1715719826689,79900.72115634948,0.4595388,52.9181,131.1375,40.6727,36805.10333702603,189.58428623924019,69772.16874231836
2453804.375,2006.1858316221767,79894.71590995828,0.4606107,52.9476,131.1337,40.7645,36716.21858837127,184.53881601642698,69717.06380804488
2453806.95833333,2006.1929044033682,79891.19143621487,0.4611932,52.9438,131.1164,40.8809,36667.780905934334,182.0917147874543,69686.83373728523
2453811.91666667,2006.2064795802048,79895.03872906817,0.4616632,52.8547,131.0154,41.1826,36632.303185282624,177.40535112630383,69668.24762521226
2453817.375,2006.2214236824093,79902.69590128216,0.4617234,52.8148,130.9277,41.222,36631.6151805761,171.97717433264876,69672.11195577886
2453822.58333333,2006.2356833219171,79880.64527443536,0.4638716,52.8204,130.9039,41.575,36448.146241950584,167.172904109836,69552.24676963466
2453827.83333333,2006.2500570385496,79901.91568923031,0.4638355,52.7048,130.7543,41.6922,36462.434374558325,161.96596612215626,69572.46337568092
2453833.0,2006.2642026009582,79894.32936261037,0.4647307,52.7296,130.7426,41.7794,36386.845451893896,156.94906365503093,69523.74641956527
2453838.16666667,2006.278348163367,79894.83229072073,0.4651605,52.6612,130.6535,42.0195,36352.77585495293,152.00766118790557,69503.9299293262
2453843.375,2006.2926078028747,79906.1537310031,0.4647551,52.5959,130.5318,42.0504,36391.224963135384,146.78339096509234,69532.88655827817
2453848.625,2006.3069815195072,79882.56892067935,0.4664298,52.6654,130.5399,42.1565,36244.82197552067,141.72305297741258,69433.32026048737
2453853.83333333,2006.321241159015,79904.86895460199,0.4665932,52.5344,130.3671,42.3677,36243.6641534936,136.62798275459983,69444.97005236034
2453859.0,2006.3353867214237,79898.43337636474,0.4672226,52.5859,130.3606,42.3111,36189.94329833284,131.4724802874745,69409.56036578778
2453864.20833333,2006.3496463609315,79895.7966047711,0.4678983,52.5746,130.3152,42.4684,36134.55289625293,126.45091006466171,69375.2054227963
2453869.41666667,2006.3639060004648,79907.06433195781,0.4675863,52.5199,130.2045,42.5074,36165.47947711569,121.24573983266939,69399.80414394147
2453874.625,2006.3781656399726,79890.14829978689,0.4687563,52.6224,130.2288,42.4297,36063.0016763275,116.05886960985617,69329.50583104005
2453879.79166667,2006.3923112023813,79902.78320861139,0.4698021,52.5436,130.1068,42.7098,35986.151561361025,111.12456714273083,69290.61283438513
2453885.0,2006.406570841889,79901.63853145199,0.4703177,52.6034,130.0985,42.5779,35944.34737110811,105.85089691991806,69264.9888892741
2453890.25,2006.4209445585216,79896.07509743342,0.4714987,52.6563,130.1099,42.6757,35847.0432538912,100.78555893223833,69203.62448662621
2453895.41666667,2006.4350901209302,79903.45257272563,0.4717272,52.6266,130.0322,42.7693,35832.68432026097,95.70905646511295,69199.0535754063
2453900.66666667,2006.4494638375627,79902.37439063392,0.4725855,52.7218,130.046,42.6358,35763.534538048996,90.41481847743324,69156.88894690499
2453903.66666667,2006.4576773899241,79904.33122101886,0.4742825,52.7702,130.0779,42.7872,35628.968948685986,87.64123962733038,69076.78523305063
2453908.45833333,2006.470796258262,79906.37826033562,0.4748392,52.707,129.9615,42.9335,35585.56123230047,82.94834702564734,69051.64086156574
2453913.66666667,2006.4850558977953,79899.10403505621,0.4761312,52.813,130.012,42.869,35478.51145192006,77.80087679365502,68982.74580409532
2453918.875,2006.4993155373031,79895.630341652,0.4775609,52.8497,130.0188,43.0414,35362.464909625356,72.8466065708418,68910.21973237526
2453924.08333333,2006.513575176811,79905.29304983986,0.4780094,52.8328,129.9553,43.1224,35331.67556226175,67.73063634802901,68896.68661499688
2453929.25,2006.5277207392196,79906.36024249146,0.478499,52.8802,129.962,43.0642,35293.110472819535,62.586733880903665,68873.70595385475
2453934.45833333,2006.5419803787274,79901.48609569839,0.481861,52.9017,129.9294,43.4542,35021.939804139074,57.81066365809045,68704.56143022708
2453939.66666667,2006.556240018261,79899.145605273,0.4830685,52.9718,129.9527,43.4218,34924.24888645219,52.66809342609858,68642.95457387462
2453944.91666667,2006.5706137348932,79893.70452355906,0.4849126,53.0198,129.9811,43.6231,34774.104239408276,47.723255438418846,68546.91029880314
2453950.08333333,2006.5847592972764,79899.67355173035,0.4857308,52.9751,129.9097,43.8304,34711.804897709524,42.766752980472575,68511.34827097834
2453955.29166667,2006.5990189368097,79898.76870395128,0.4870165,53.0407,129.9178,43.8174,34608.613715443396,37.62838274848028,68446.46900233906
2453960.5,2006.6132785763175,79891.86194294559,0.4898224,53.0044,129.86,44.2616,34380.90208558332,32.88131252566751,68299.91954637054
2453965.70833333,2006.6275382158253,79899.83429306603,0.4907046,52.9928,129.8149,44.302,34314.481766220786,27.74314230285472,68262.3025007159
2453969.70833333,2006.6384896189738,79902.01269502054,0.4935891,52.925,129.7055,44.8325,34085.11386069678,24.22173716938414,68118.1688998613
2453973.5,2006.6488706365503,79891.47265943243,0.4931556,53.0029,129.8035,44.6489,34114.409225186435,20.39897084188931,68131.19099846207
2453981.33333333,2006.6703171343743,79905.20573565441,0.4940087,52.9371,129.6741,44.8414,34053.202626951235,12.741331625236427,68099.56182941572
2453986.54166667,2006.6845767739076,79879.47923280168,0.4969941,52.9499,129.6606,45.1895,33801.71304302672,7.942461393244116,67925.26176845832
2453991.75,2006.6988364134154,79902.0459542164,0.4974562,52.8396,129.5111,45.343,33776.14150160654,2.81299117043136,67920.75402090859
2453991.75,2006.6988364134154,79902.08614245759,0.4974562,52.8396,129.5111,45.343,33776.16169795798,2.81299117043136,67920.78818293299
2453999.54166667,2006.7201688341404,79910.40758258161,0.4965102,52.7318,129.316,45.3035,33855.9388316725,354.8987197094659,67976.34917638684
2454004.70833333,2006.7343143965236,79904.0803741687,0.4970906,52.7384,129.2787,45.4198,33806.376818524965,349.8853172515196,67941.2347893971
2454009.95833333,2006.748688113156,79911.9088325069,0.4981006,52.7327,129.2073,45.4871,33729.602795889914,344.70667926384033,67896.04078678237
2454015.125,2006.7628336755647,79902.78182277891,0.5000814,52.7119,129.1524,45.7164,33566.75052494908,339.7886767967145,67786.21700863841
2454020.33333333,2006.7770933150725,79902.7998386059,0.5011901,52.7289,129.1098,45.8018,33478.171297215034,334.6980065739018,67728.87441599106
2454025.54166667,2006.7913529546058,79910.13866806524,0.5023368,52.7131,129.0654,45.8947,33390.19902199308,329.6130363419095,67675.5937506343
2454030.75,2006.8056125941137,79903.11858183972,0.502933,52.7237,129.0382,45.9829,33339.067144119326,324.5405661190967,67638.64556974523
2454035.95833333,2006.8198722336215,79908.96461933207,0.5046608,52.7179,128.9683,46.1229,33203.90630736825,319.4771958962835,67553.47244024432
2454041.125,2006.8340177960301,79896.9964959266,0.5059001,52.7276,128.9369,46.2284,33098.96167893769,314.45889342915814,67478.47663864492
2454046.33333333,2006.848277435538,79903.00078505692,0.5068294,52.7145,128.8619,46.3603,33027.674538966996,309.38232320634535,67434.75932564851
2454051.58333333,2006.8626511521704,79907.9597122253,0.5083189,52.7077,128.8232,46.4648,32911.09723006262,304.27358521866563,67360.49842394599
2454059.375,2006.8839835728952,79902.17483392726,0.5093307,52.7175,128.7706,46.6044,32827.40789424071,296.6809137577002,67302.16777186283
2454064.58333333,2006.898243212403,79909.75470641418,0.510528,52.7201,128.7056,46.6604,32735.451155657967,291.5384435348874,67245.11348287207
2454069.79166667,2006.9125028519363,79901.11055253464,0.5125102,52.7,128.653,46.8702,32572.840103033,286.5621733028951,67132.39725018488
2454074.95833333,2006.9266484143195,79902.6072083665,0.5137067,52.7134,128.6063,46.9614,32477.96623796034,281.51427084494884,67069.74818648263
2454080.16666667,2006.9409080538528,79906.02344927403,0.5150961,52.7084,128.5585,47.0732,32368.606104044433,276.44480061295656,66998.15842856122
2454085.375,2006.9551676933606,79902.53237391036,0.5157467,52.7215,128.5315,47.1549,32314.928680422927,271.36603039014375,66960.27692558203
2454089.66666667,2006.9669176363307,79910.30084819868,0.5165117,52.7132,128.462,47.2252,32257.559209584135,267.1368509209648,66925.60843650218
2454095.79166667,2006.9836869724018,79899.3631569562,0.5190457,52.7114,128.4207,47.4019,32049.80597759966,261.2352899353387,66779.49317893507
2454103.58333333,2007.0050193931013,79904.77194014235,0.5209561,52.7009,128.3356,47.5856,31899.75727881636,253.65421848355277,66680.17216955757
2454108.83333333,2007.0193931097338,79908.0927739723,0.5220355,52.6836,128.2977,47.6719,31815.095308665288,248.528080495873,66624.04657370546
2454114.0,2007.0335386721424,79903.56344184108,0.5228145,52.6877,128.258,47.7897,31750.68557277666,243.5137780287477,66577.66688043735
2454119.20833333,2007.0477983116502,79911.23929128109,0.5240766,52.6845,128.1865,47.849,31653.49240172009,238.36810780593444,66514.85358755547
2454124.41666667,2007.0620579511835,79903.76023546816,0.5261548,52.6497,128.1171,48.0561,31483.876949527454,233.37233757394216,66394.195989032
2454129.625,2007.0763175906914,79904.13580976722,0.5274042,52.663,128.0739,48.1478,31384.222686325593,228.28736735112938,66325.4222451117
2454134.83333333,2007.0905772301992,79910.54065451927,0.5286817,52.6412,128.0263,48.2406,31285.16387336891,223.1990971283166,66259.86789514635
2454140.04166667,2007.1048368697325,79903.85586097791,0.5294514,52.6465,127.995,48.3408,31220.51120998495,218.1345268963243,66211.51831824712
2454145.25,2007.1190965092403,79912.91802259363,0.5303611,52.631,127.9018,48.4429,31152.078615921047,213.0099566735115,66168.32191379447
2454150.45833333,2007.1333561487481,79899.42135574673,0.5328436,52.6298,127.8623,48.5952,30947.389742633764,207.9892864506983,66018.20602112076
2454158.25,2007.154688569473,79906.18145058844,0.5346856,52.6164,127.7654,48.7587,30803.36057797169,200.3762149897333,65920.1277778855
2454163.45833333,2007.1689482089807,79909.98896405705,0.5356862,52.5986,127.7199,48.8357,30725.174333859395,195.27424476692008,65866.75309721017
2454168.66666667,2007.183207848514,79904.10670606601,0.5364462,52.5942,127.678,48.949,30661.715999202388,190.21217453492778,65818.8865415509
2454173.875,2007.1974674880219,79913.08437566679,0.5375549,52.6004,127.5882,49.0284,30577.27799541367,185.068304312115,65763.37186925036
2454179.04166667,2007.2116130504305,79902.33974528298,0.5398476,52.5708,127.52,49.2228,30389.117099407355,180.10210184498965,65623.89887649841
2454184.29166667,2007.225986767063,79903.15184218642,0.5410486,52.5619,127.4905,49.2756,30293.52710238404,174.9508638573099,65555.83581608505
2454189.45833333,2007.2401323294462,79910.04163760961,0.5423003,52.5418,127.4384,49.3638,30196.665784521436,169.89456139936365,65489.63052929736
2454194.66666667,2007.2543919689795,79903.30290002983,0.5430238,52.5586,127.3992,49.4272,30135.771426704618,164.78529116737133,65442.47368798233
2454199.875,2007.2686516084873,79911.25315327609,0.5439183,52.5425,127.3096,49.5085,30067.923887276527,159.6435209445586,65397.40125548427
2454202.5,2007.2758384668036,79908.73591355843,0.5449697,52.5613,127.3046,49.5135,29982.759775367267,157.05625195071892,65334.56349145377
2454207.66666667,2007.2899840292123,79903.71311575698,0.5468004,52.5148,127.2114,49.7178,29834.194522575825,152.07494948359312,65224.255289234185
2454215.5,2007.3114305270362,79908.02208485024,0.549028,52.5246,127.1603,49.8222,29658.144235649088,144.40751026694073,65097.882868082896
2454220.66666667,2007.325576089445,79903.4317848093,0.5497722,52.5312,127.1336,49.8872,29596.61000492476,139.35340779981493,65050.59090251632
2454225.91666667,2007.3399498060774,79907.41915457428,0.5506288,52.525,127.0502,49.9886,29529.956534394027,134.1968698121352,65003.60403315006
2454231.08333333,2007.3540953684605,79901.1936982422,0.5526935,52.545,127.0262,50.0222,29362.186998982783,129.1140673541894,64877.02847318224
2454236.33333333,2007.368469085093,79903.64105045071,0.554084,52.5025,126.9273,50.1907,29252.175702652778,124.00912936650963,64796.82677917905
2454246.75,2007.3969883641341,79905.24869974761,0.5567944,52.512,126.859,50.343,29036.31739312086,113.82618891170455,64637.10233796485
2454251.91666667,2007.4111339265428,79904.50584485033,0.5576473,52.51,126.7973,50.4464,28967.83760263533,108.77548644457875,64585.60503060664
2454257.125,2007.4253935660506,79907.117000691,0.5593712,52.5226,126.749,50.4677,28831.240775474078,103.61501622176598,64484.50913510925
2454262.33333333,2007.4396532055584,79902.87190201545,0.5611844,52.4759,126.6602,50.652,28684.49037540605,98.57704599895322,64372.05826709161
2454267.54166667,2007.4539128450917,79903.67153959892,0.5628545,52.4917,126.6233,50.7249,28551.394147013736,93.47957576696089,64271.845367617054
2454272.70833333,2007.468058407475,79907.62706028126,0.5640298,52.4755,126.5791,50.8038,28459.20785099623,88.42187330901464,64203.79618395092
2454281.95833333,2007.493383527256,79890.50016404584,0.5658962,52.4734,126.4659,50.9439,28302.633405112923,79.33173018786476,64076.51560846504
2454290.95833333,2007.5180241843402,79905.0200205611,0.5689814,52.4313,126.3454,51.1542,28062.413562234222,70.55089363755667,63899.32052764246
2454296.125,2007.5321697467489,79907.5300374497,0.5707433,52.434,126.304,51.2429,27922.706349026543,65.50579117043134,63792.83122594024
2454306.54166667,2007.56068902579,79906.77604148226,0.5726239,52.4131,126.1952,51.4287,27772.110008182128,55.315850715626254,63675.900626047696
2454314.375,2007.582135523614,79900.72669932239,0.5757829,52.3988,126.0967,51.5614,27517.11826827912,47.62931149897338,63474.464530352394
2454322.125,2007.6033538672143,79905.50371361853,0.5778366,52.3799,125.9915,51.714,27355.04282645382,40.03810780287492,63349.602812702025
2454327.33333333,2007.6176135067221,79910.64600352947,0.57896,52.3609,125.9398,51.7926,27267.442093326048,34.931537580062155,63283.02117087017
2454332.54166667,2007.6318731462554,79905.52866073689,0.5798361,52.3582,125.8844,51.897,27195.282253656995,29.847067348069828,63223.73167422697
2454337.75,2007.6461327857633,79914.41661775621,0.5810663,52.346,125.7975,51.9338,27100.705937018094,24.66349712525661,63152.990639991265
2454340.41666667,2007.653433721204,79903.29735661011,0.5826173,52.3547,125.7925,51.9793,26972.11768960479,22.07566036655001,63045.824961965234
2454345.58333333,2007.6675792835872,79906.02760719335,0.5839543,52.2962,125.6721,52.1354,26866.422890054077,17.018957908604193,62962.868238443516
2454350.83333333,2007.6819530002197,79908.74284401238,0.5857505,52.3004,125.627,52.228,26724.02046876071,11.891919920924437,62850.21734643129
2454356.0,2007.6960985626283,79907.08096417996,0.586651,52.291,125.5852,52.2936,26651.375709462824,6.823317453798666,62791.17079311616
2454361.20833333,2007.7103582021361,79906.82039369387,0.5875676,52.2814,125.5039,52.406,26578.02541134011,1.720947230985871,62732.06235458716
2454366.41666667,2007.7246178416694,79911.38068391223,0.589223,52.2865,125.4441,52.4172,26447.620923195413,356.5388769989936,62628.916382783296
2454371.625,2007.7388774811773,79905.03803764976,0.5912092,52.2262,125.3232,52.5991,26286.308123441275,351.4664067761808,62495.32498488939
2454376.79166667,2007.753023043586,79903.86140449448,0.5929019,52.2502,125.2915,52.6643,26150.57386043304,346.40750430905547,62384.29282394188
2454382.04166667,2007.7673967602184,79907.85437206844,0.5940341,52.2404,125.2266,52.7486,26061.727717225695,341.2523663213757,62313.49841857649
2454387.33333333,2007.78188455395,79902.61829496751,0.5949538,52.2453,125.1648,52.8547,25986.11561042707,336.08106057800853,62249.227302196734
2454392.5,2007.7960301163587,79915.2276351864,0.596191,52.235,125.0751,52.889,25892.351856136986,330.93325811088323,62177.85588772023
2454397.625,2007.8100616016427,79899.35484285193,0.5986395,52.1901,125.0085,53.0212,25690.308709404475,325.94752340862436,62004.11480984094
2454402.83333333,2007.8243212411505,79901.08560886454,0.6000726,52.1947,124.9532,53.0921,25576.497124730617,320.8296531858116,61910.540168702086
2454408.04166667,2007.8385808806838,79907.48568425336,0.6015751,52.173,124.89,53.1866,25458.995693000077,315.7274829538193,61815.61542206315
2454413.20833333,2007.852726443067,79902.06396962861,0.6024542,52.1826,124.8524,53.2657,25386.593642457177,310.67658049587305,61752.81191671672
2454418.41666667,2007.8669860826003,79910.93987365623,0.6035526,52.1551,124.7452,53.3389,25302.34804446734,305.50911026388076,61686.25447056049
2454423.625,2007.8812457221081,79898.69664979292,0.606046,52.1643,124.7096,53.4012,25098.274839972524,300.40234004106793,61509.4284851152
2454428.875,2007.8956194387406,79902.54346048541,0.6074041,52.1331,124.6065,53.5193,24991.274662158386,295.24280205338823,61420.78530809144
2454434.04166667,2007.9097650011493,79905.76843125634,0.6093247,52.1263,124.5544,53.6119,24839.073753611592,290.19089958626284,61293.18753983599
2454441.83333333,2007.9310974218488,79902.68897213927,0.6107794,52.1293,124.4765,53.741,24721.63624334943,282.5624281344765,61191.89467857347
2454447.0,2007.9452429842574,79911.15473324174,0.61219,52.1202,124.3881,53.7774,24612.208617098477,277.4180256673512,61102.09586360901
2454452.25,2007.95961670089,79899.78579343992,0.6146474,52.087,124.3108,53.9069,24411.453894945138,272.29568767967146,60924.88986732241
2454460.04166667,2007.9809491216147,79904.92716341911,0.6172034,52.0866,124.2097,54.039,24209.198141404486,264.6470162187064,60752.43426827426
2454465.29166667,2007.9953228382471,79905.33185622108,0.6183393,52.0772,124.1565,54.1315,24118.588589977633,259.5117782310267,60674.000378261786
2454470.45833333,2008.0094684006303,79906.09690592832,0.6194117,52.0653,124.0718,54.239,24033.18928106252,254.44217577308044,60600.03742404686
2454476.625,2008.026351813826,79932.21936826578,0.6216488,52.0546,123.9898,54.2958,23864.314816646598,248.33894702258732,60463.65516907843
2454480.875,2008.0379876796715,79903.77686597103,0.6232428,52.0005,123.886,54.4168,23726.186941448017,244.16723531827535,60330.35842879634
2454488.66666667,2008.0593201003965,79908.48503213734,0.6258783,51.9964,123.7983,54.5515,23517.361964647775,236.5345638573099,60148.11232586347
2454491.29166667,2008.0665069587126,79908.559880532,0.6264199,51.9904,123.7743,54.593,23474.111491025134,233.96479486347027,60109.83559105138
2454496.45833333,2008.0806525210958,79904.40190197858,0.6274627,51.9771,123.7107,54.7084,23389.23384267796,228.92419240552402,60032.759759466746
2454501.66666667,2008.094912160629,79913.83574783312,0.6287967,51.9654,123.6137,54.7277,23286.143245253625,223.7130221735317,59944.95902104725
2454506.91666667,2008.1092858772615,79903.83368692118,0.6312962,51.9154,123.5045,54.8761,23082.710814935854,218.57768418585195,59758.839197793604
2454512.08333333,2008.1234314396447,79903.41931206599,0.6327368,51.9179,123.4394,54.9511,22967.449167491155,213.4951817279057,59655.07814751457
2454517.29166667,2008.137691079178,79910.69729198905,0.6342683,51.8898,123.366,55.0457,22847.738868784552,208.3829114959134,59550.11610164815
2454522.5,2008.1519507186858,79904.39635836823,0.63528,51.8877,123.3056,55.1469,22764.595139824065,203.2902412731006,59472.268716058716
2454527.70833333,2008.1662103581937,79914.22807648095,0.636346,51.8595,123.176,55.224,22682.99239692461,198.10427105028785,59402.299387259576
2454532.91666667,2008.180469997727,79900.81538701965,0.638967,51.8434,123.1086,55.2966,22468.694781621867,192.97600081829552,59201.459927672404
2454538.08333333,2008.1946155601102,79902.63215322416,0.6402371,51.8129,122.9984,55.399,22367.86636107717,187.87579836034928,59109.86218224421
2454549.125,2008.2248459958932,79900.32899345623,0.643148,51.794,122.8679,55.5869,22134.45590197284,177.05024147843963,58894.03640974504
2454553.75,2008.2375085557837,79909.91827074136,0.6439929,51.7661,122.7551,55.6796,22070.361964803647,172.47161991786444,58838.65572080959
2454558.91666667,2008.2516541181924,79904.78857117167,0.6461855,51.7726,122.708,55.6869,21893.336515914823,167.33941745073912,58672.21220334107
2454564.16666667,2008.2660278348249,79904.3076607337,0.6477785,51.7118,122.5565,55.827,21765.878800725113,162.15347946305937,58553.116864643176
2454569.33333333,2008.280173397208,79905.02695020939,0.6497241,51.7211,122.5099,55.9008,21610.668929508844,157.0882770051131,58407.974524898054
2454574.5,2008.2943189596167,79902.8344844556,0.6507151,51.7109,122.4567,55.973,21530.717252619623,152.01487453798777,58331.90350244048
2454579.70833333,2008.3085785991245,79905.12396544305,0.6517536,51.6966,122.3567,56.0787,21448.535462519263,146.887104315175,58255.336332390216
2454584.95833333,2008.322952315757,79911.0881959254,0.6534555,51.6959,122.2862,56.0781,21314.611803312873,141.64146632749524,58131.016100010565
2454592.79166667,2008.3443988136064,79901.4486797609,0.6562946,51.6519,122.1282,56.2401,21084.423079056694,133.9247271016633,57908.1596245468
2454598.0,2008.3586584531142,79905.46074918253,0.6582553,51.6422,122.065,56.3289,20929.131412091163,128.81685687885007,57761.0954628524
2454603.16666667,2008.372804015523,79901.18676942498,0.6592164,51.6436,122.0214,56.4001,20850.87777155701,123.75205441172474,57684.22589037428
2454608.375,2008.3870636550307,79908.3450383882,0.6603136,51.6204,121.9017,56.4942,20765.641756047953,118.59298418891197,57604.93984826757
2454613.58333333,2008.4013232945385,79905.80030839727,0.6625356,51.6269,121.8543,56.4987,20587.2266575931,113.41661396609874,57431.36203888738
2454618.79166667,2008.4155829340718,79902.22056556249,0.6642007,51.5691,121.7107,56.6386,20452.97343436149,108.27944373410642,57299.4635115251
2454623.95833333,2008.429728496455,79903.38189386527,0.6662606,51.5769,121.6602,56.7074,20288.77043122946,103.20534127616062,57139.55078034958
2454629.16666667,2008.4439881359883,79904.52108983327,0.6673966,51.5597,121.5998,56.7913,20198.37908985025,98.0953710441683,57051.35704762217
2454634.375,2008.4582477754961,79905.7199226246,0.6685147,51.5424,121.4974,56.8927,20109.435240267194,92.96090082135552,56964.355672863356
2454639.58333333,2008.472507415004,79910.6681823127,0.6703322,51.5372,121.4178,56.9056,19965.83787619302,87.7607305985423,56824.52815498911
2454647.41666667,2008.4939539128536,79903.4400999742,0.6731208,51.4777,121.2476,57.0736,19740.636277127494,80.03779137271036,56598.16918788578
2454652.58333333,2008.5080994752368,79906.50161354143,0.6750793,51.4624,121.173,57.1674,19585.140138823008,74.96458891476408,56444.02499753015
2454657.79166667,2008.52235911477,79903.22252053802,0.6761239,51.4542,121.114,57.2571,19500.607787384026,69.8618186827718,56358.02102889481
2454666.08333333,2008.545060460863,79924.46636783834,0.6783058,51.4221,120.9298,57.368,19333.100968628663,61.61603408930222,56197.43622954313
2454673.41666667,2008.565138033319,79904.68739921051,0.681053,51.3546,120.7569,57.5207,19107.22403191599,54.367908005153936,55961.13331224334
2454678.625,2008.5793976728269,79907.23758469641,0.682986,51.3545,120.6871,57.6017,18953.57671567495,49.24563778234116,55805.49222466805
2454683.95833333,2008.5939995436831,79906.64991521684,0.6841763,51.3352,120.6133,57.7021,18858.27753082847,44.01556427410702,55707.75389014347
2454689.04166667,2008.607916951868,79908.32563336243,0.6852182,51.309,120.4893,57.8189,18775.550277855968,38.99809732753562,55623.48258795458
2454694.20833333,2008.6220625142512,79913.23825303024,0.687002,51.3013,120.4026,57.8325,18634.54744672196,33.832594869589826,55480.083580989936
2454699.45833333,2008.6364362308836,79905.52866073689,0.6889579,51.2241,120.2297,57.9853,18475.847136245786,28.63795688191007,55312.987367497124
2454707.25,2008.6577686516084,79909.80876571785,0.6914798,51.2133,120.1135,58.1028,18275.653882361024,20.95958542094462,55106.18315333673
2454712.41666667,2008.671914214017,79904.57929801686,0.6925322,51.2057,120.0468,58.1951,18189.948906686783,15.892782953819278,55014.641405489376
2454717.625,2008.686173853525,79912.26786763643,0.6935799,51.1674,119.8915,58.3103,18108.588811227943,10.719212731006053,54932.145894682144
2454725.5,2008.7077344284737,79903.21974883502,0.6968744,51.1038,119.6988,58.4318,17842.575128297467,2.8862057494866917,54648.34703847443
2454730.66666667,2008.7218799908824,79901.85610010516,0.6983375,51.109,119.6208,58.4935,17725.257365797966,357.77750328236135,54523.379663232714
2454735.83333333,2008.7360255532656,79909.19609896325,0.699868,51.0756,119.5198,58.5992,17605.170543574037,352.6898008244151,54398.121766093864
2454743.66666667,2008.757472051115,79906.19669637062,0.701442,51.0504,119.3508,58.7667,17478.49797327502,344.96756159858313,54261.573205071676
2454748.875,2008.7717316906228,79902.85250031229,0.7030345,51.0416,119.2492,58.8034,17350.254244181488,339.76919137577033,54122.65699528783
2454756.66666667,2008.7930641113478,79900.5770393913,0.7059346,50.9805,119.047,58.9467,17117.858847319418,332.0306199148049,53870.8116661534
2454761.875,2008.8073237508556,79905.85158908201,0.7078476,50.9605,118.9536,59.0536,16966.55001579412,326.9106496919917,53708.20346678339
2454769.70833333,2008.8287702486796,79901.28377300286,0.7094259,50.9429,118.8154,59.207,16839.107321184907,319.20511047533927,53567.418535546974
2454777.5,2008.8501026694046,79904.96735528328,0.7121537,50.9094,118.6495,59.2677,16622.212904839078,311.4202390143738,53330.50808976013
2454782.70833333,2008.8643623089124,79901.38909150645,0.7137965,50.8471,118.4667,59.4112,16489.92091285097,306.24746879156106,53183.12688141832
2454798.29166667,2008.9070271503622,79903.83507279927,0.7181396,50.8131,118.184,59.7001,16143.59061515323,290.89432586963017,52798.366702956235
2454803.45833333,2008.9211727127454,79908.4600827114,0.7199369,50.8023,118.084,59.7195,16001.274746990412,285.7213234116839,52640.20413044512
2454808.70833333,2008.9355464293778,79900.24169283097,0.7220523,50.7316,117.9075,59.8648,15829.952107966476,280.5155854240046,52444.063437644
2454816.54166667,2008.9569929272272,79904.01246569153,0.7248832,50.7198,117.7654,59.9993,15604.799916721166,272.7872461981722,52189.59237145359
2454824.33333333,2008.9783253479268,79902.1900777984,0.7265882,50.6847,117.6093,60.1696,15468.065313112997,265.12177474638634,52032.70577791821
2454832.125,2008.9996577686516,79908.00961031551,0.7294416,50.6476,117.4213,60.2549,15241.646927351585,257.3394032854209,51774.30399066171
2454837.33333333,2009.0139174081594,79902.23996688206,0.731041,50.5794,117.2279,60.401,15112.290259252628,252.15863306260812,51622.72403117103
2454845.16666667,2009.035363906009,79907.40945234097,0.7337833,50.554,117.0759,60.5583,14894.55054995102,244.44319383677617,51371.061925606045
2454850.33333333,2009.0495094683922,79902.71668871987,0.7349054,50.5394,116.9747,60.678,14803.642419509515,239.36929137882987,51263.15869444373
2454855.5,2009.0636550308009,79915.87785034625,0.7361286,50.4987,116.7937,60.7787,14709.378270599855,234.19658891170457,51156.88042682657
2454865.95833333,2009.0922883869412,79903.056218783,0.739955,50.4167,116.4978,60.981,14400.253954413422,223.79498070121204,50787.366125323846
2454871.16666667,2009.1065480264745,79908.53908929367,0.7418067,50.3907,116.3783,61.0959,14253.713105643723,218.65691046921972,50614.62286071374
2454876.33333333,2009.1206935888576,79903.57175704022,0.7429412,50.3712,116.2757,61.2184,14161.779971578651,213.58440801127347,50503.0657786789
2454881.54166667,2009.134953228391,79913.07744427146,0.7440297,50.3234,116.0734,61.3561,14077.238107333398,208.38633777928118,50404.72595469963
2454886.75,2009.1492128678988,79908.97016373479,0.7462038,50.2992,115.9606,61.3947,13902.456673469269,203.17866755646838,50192.78264332554
2454894.58333333,2009.1706593657227,79901.79235372216,0.748567,50.2353,115.7032,61.5862,13711.811056873425,195.3920283398155,49959.291096646884
2454897.16666667,2009.17773214694,79910.43253352772,0.7494949,50.2179,115.6296,61.6508,13639.83459285462,192.8368271016633,49874.36050485417
2454902.375,2009.1919917864477,79905.15722787667,0.7506425,50.1925,115.5257,61.7634,13546.813943450257,187.71205687885006,49759.02908323552
2454910.16666667,2009.2133242071725,79915.66573179366,0.7522944,50.1345,115.2433,61.949,13417.421629493385,179.93558541788508,49603.64351307666
2454915.375,2009.2275838466803,79903.3652635679,0.7546843,50.0941,115.0977,62.0278,13223.413681987846,174.73531519507185,49360.434707561784
2454920.58333333,2009.2418434861881,79900.84725922097,0.7559563,50.0555,114.9268,62.1343,13121.162098275143,169.5374449722591,49232.85113479431
2454928.41666667,2009.2632899840378,79905.62567749343,0.7582287,50.0223,114.7527,62.3003,12940.750697360969,161.80860574642713,49009.500561229426
2454933.625,2009.2775496235456,79901.2907018411,0.7593213,50.0003,114.5998,62.4447,12852.402474441207,156.6666355236139,48897.52006142448
2454938.79166667,2009.2916951859543,79916.44212027645,0.7606411,49.9718,114.4331,62.504,12750.575377823041,151.46683305648855,48774.25722474377
2454946.625,2009.3131416837782,79901.41126386722,0.7634454,49.8915,114.1473,62.6863,12522.9100809596,143.64259383983568,48481.858404247025
2454951.79166667,2009.3272872461869,79900.9304042436,0.7653634,49.895,114.0581,62.765,12369.54634688834,138.53969137271037,48286.536002226494
2454959.625,2009.348733744011,79895.92823035382,0.7670315,49.8637,113.8809,62.9463,12235.098255933184,130.82305215605749,48113.02287268661
2454964.83333333,2009.3629933835189,79912.96238332849,0.7681518,49.8186,113.6732,63.0538,12149.540185242417,125.58938193324471,48008.29088365774
2454970.04166667,2009.3772530230522,79901.10639525493,0.7705466,49.7806,113.5321,63.1275,11955.44422615299,120.38851170125241,47754.13669381372
2454977.83333333,2009.3985854437515,79897.12812645135,0.7729846,49.7444,113.3136,63.2793,11759.742200477604,112.64214024946648,47498.50078411647
2454983.04166667,2009.4128450832848,79904.84955168651,0.7743418,49.6998,113.1645,63.4168,11653.048221104387,107.49707001747419,47361.304330908126
2454988.20833333,2009.426990645668,79899.66939463756,0.7754382,49.6785,113.0142,63.5548,11564.277278664724,102.39236755952794,47243.28534255855
2454993.41666667,2009.4412502852012,79915.76000653215,0.7768345,49.6426,112.827,63.6294,11456.304239737752,97.14629732753562,47105.83855939575
2455001.25,2009.4626967830254,79900.69898446747,0.7796385,49.5517,112.5167,63.8339,11228.901579265728,89.31975811088319,46800.048164530344
2455009.04166667,2009.4840292037502,79906.56675531411,0.7822359,49.5149,112.312,64.0097,11022.6452935609,81.61118664991776,46526.20161061402
2455014.25,2009.498288843258,79899.7844077374,0.783288,49.4953,112.1767,64.1445,10937.10577856959,76.47721642710496,46409.32925166732
2455022.04166667,2009.519621263983,79913.34915609387,0.785531,49.4409,111.8859,64.291,10760.799780158299,68.65324496613954,46175.22302117371
2455027.25,2009.5338809034909,79903.95980207389,0.7873017,49.3527,111.6172,64.479,10617.300113169453,63.439074743326785,45977.62390777921
2455032.45833333,2009.5481405429987,79902.78459444393,0.7889563,49.3484,111.4924,64.5685,10484.843001114443,58.27030452051355,45796.43795315449
2455037.66666667,2009.562400182532,79908.36721557491,0.7902941,49.3041,111.3206,64.7263,10379.119764472629,53.12283428852123,45653.00998233451
2455042.83333333,2009.5765457449152,79904.11363551627,0.7913303,49.2701,111.126,64.8922,10295.431121089086,48.00173183057544,45536.60025599275
2455048.08333333,2009.5909194615474,79920.30493326073,0.7926756,49.2286,110.9122,64.9918,10191.29296810532,42.712993842895685,45397.27395757793
2455053.29166667,2009.605179101081,79907.12531681468,0.7947057,49.1466,110.6471,65.1684,10026.34105692775,37.49102361090337,45164.47974602675
2455061.08333333,2009.6265115217802,79907.77536717863,0.796932,49.1081,110.3968,65.3456,9848.575828262234,29.73825215911748,44916.12270889584
2455066.29166667,2009.6407711613135,79906.53764939927,0.7980502,49.0741,110.2333,65.4999,9758.972996988648,24.59558192712518,44789.84846753514
2455071.45833333,2009.6549167236967,79908.63611518822,0.7990076,49.0236,109.9744,65.6931,9682.892253518352,19.437479469178925,44683.15134512792
2455076.70833333,2009.6692904403292,79917.40015419768,0.8007118,48.9935,109.7908,65.7683,9548.45852540978,14.154541481499166,44495.206845306115
2455081.875,2009.6834360027378,79906.13709926343,0.8022996,48.8996,109.4697,65.9846,9419.33896697922,8.957339014373815,44308.35067767007
2455087.125,2009.6978097193703,79902.61690914218,0.8038985,48.8917,109.3263,66.0868,9290.886729808148,3.7416010266940702,44123.636326635366
2455092.29166667,2009.711955281779,79921.13135300217,0.8049773,48.847,109.1358,66.2428,9208.298523517136,358.61469855956875,44009.99158004083
2455097.5,2009.7262149212868,79901.49995346412,0.8060986,48.8107,108.9033,66.4486,9114.876403076629,353.45452833675597,43870.009921699144
2455102.70833333,2009.7404745607946,79917.16722869231,0.80738,48.7711,108.673,66.5551,9015.508451590715,348.1972581139427,43730.39745896422
2455107.91666667,2009.754734200328,79902.91624880978,0.8093556,48.6859,108.3621,66.7609,8854.907226504594,342.9586878819504,43492.92538199103
2455113.08333333,2009.768879762711,79897.96780340058,0.8107015,48.6767,108.2026,66.8625,8746.429158232027,337.80838542400465,43332.92831078534
2455120.91666667,2009.7903262605607,79900.8999177102,0.812593,48.6251,107.9243,67.1054,8595.851650878314,330.0522461981722,43112.26844394812
2455126.125,2009.8045859000686,79903.43871411323,0.8135396,48.5774,107.6381,67.3205,8520.690844009036,324.84767597535944,43001.891430513104
2455131.41666667,2009.8190736938254,79911.053541128,0.8152603,48.5469,107.4371,67.4054,8384.60775787192,319.51597022281317,42801.94552684259
2455136.54166667,2009.8331051791097,79900.37472245037,0.8168409,48.4592,107.0918,67.6384,8256.344423826762,314.3523355205544,42607.79347326047
2455139.125,2009.8401779603012,79897.72670578108,0.8175045,48.4669,107.0355,67.667,8202.839284034873,311.7784342915812,42526.976891131286
2455144.33333333,2009.854437599809,79902.70005876862,0.8192014,48.4295,106.8339,67.8329,8068.160006845286,306.6092640687684,42325.762925698546
2455149.5,2009.8685831622176,79894.75193252995,0.8201833,48.4109,106.6763,67.9825,7988.274339826163,301.50886160164265,42203.07074334563
2455154.70833333,2009.8828428017255,79903.51770828436,0.8230006,48.5176,106.3731,68.1644,7764.738392255709,296.2540913788299,41865.52398592743
2455159.95833333,2009.897216518358,79904.19401724916,0.8231999,48.3137,106.1357,68.3082,7748.933192669054,290.98595339115013,41841.54799507658
2455165.16666667,2009.9114761578912,79898.04678405072,0.824499,48.2415,105.8111,68.5225,7644.050808647686,285.74218315915783,41679.34281727352
2455170.33333333,2009.9256217202744,79898.59688276493,0.826332,48.2247,105.6409,68.6527,7497.693223436025,280.609780701212,41454.09672144546
2455175.54166667,2009.9398813598077,79899.9188211617,0.8273781,48.18,105.4296,68.8434,7414.339496754692,275.45571046921975,41325.42906692204
2455180.75,2009.9541409993155,79902.00022283103,0.8283808,48.1319,105.1251,69.074,7334.5810566420805,270.2483402464065,41202.075571210415
2455185.95833333,2009.9684006388234,79910.98561783407,0.8300727,48.0943,104.8831,69.1885,7200.921726377375,264.9873700235937,40995.744013623545
2455191.125,2009.982546201232,79900.78905783384,0.8316782,47.9999,104.5089,69.4463,7070.908335634893,259.7785675564684,40789.19111690817
2455196.33333333,2009.9968058407399,79900.65325500938,0.8333029,47.9886,104.323,69.5743,6941.070885715628,254.58719733365558,40584.23288797467
2455204.125,2010.0181382614649,79899.20241799009,0.8350645,47.9239,103.9575,69.8938,6800.078600412406,246.86152587269015,40360.01202445224
2455209.375,2010.032511978097,79911.43613217358,0.8359899,47.8657,103.5897,70.1454,6728.146331181406,241.57078788501042,40248.21108962169
2455214.58333333,2010.046771617605,79909.38461056007,0.8379349,47.8193,103.3203,70.2946,6572.386107848875,236.31711766219766,39997.93519897068
2455222.375,2010.06810403833,79900.48280942385,0.8399193,47.7387,102.8495,70.6192,6412.388918470533,228.49124620123223,39737.40899305745
2455227.58333333,2010.0823636778377,79910.96205264337,0.8413058,47.6904,102.566,70.8493,6303.269894174598,223.30437597841944,39562.58230915071
2455232.75,2010.0965092402464,79899.71096558975,0.8422448,47.6512,102.2898,71.0887,6226.458583318803,218.17517351129365,39434.58014980246
2455238.0,2010.1108829568789,79919.51319881504,0.8432,47.5937,101.9073,71.3302,6153.243369574202,212.85963552361392,39319.34458247478
2455243.20833333,2010.1251425963867,79910.03193458026,0.8451112,47.5198,101.5456,71.5632,5999.032654308818,207.5974653008011,39063.25974969805
2455248.41666667,2010.13940223592,79901.6177447155,0.8461836,47.472,101.2191,71.7836,5912.042895668255,202.35789506880883,38917.30278089972
2455256.20833333,2010.1607346566193,79907.785069523,0.8480299,47.4152,100.8031,72.1201,5765.457787793917,194.59872361702293,38674.74511064113
2455264.0,2010.1820670773443,79913.07605799257,0.8492761,47.3407,100.2308,72.5385,5666.674184457268,186.76515215605747,38510.58050433289
2455271.79166667,2010.2033994980693,79905.10179050654,0.8516602,47.2348,99.6292,72.9259,5474.970518583383,178.87128069509248,38185.60194592742
2455277.04166667,2010.2177732147015,79898.33776707762,0.8528445,47.2147,99.3786,73.0914,5379.34354328319,173.61164270741276,38021.76727367117
2455282.20833333,2010.2319187770847,79909.33609643995,0.8539891,47.1684,99.0669,73.3373,5289.497781843687,168.4534402494665,37871.06308402589
2455287.41666667,2010.246178416618,79895.3102875829,0.8548945,47.1395,98.7612,73.5974,5215.112646934862,163.27437001747418,37740.597047138035
2455292.625,2010.2604380561258,79913.92585822732,0.8557314,47.0873,98.3589,73.8507,5150.933904070251,157.99189979466144,37634.52408796457
2455297.83333333,2010.2746976956337,79902.69312962482,0.8575652,47.0168,97.9438,74.117,5002.787815379483,152.70962957184864,37376.25671607697
2455303.0,2010.2888432580423,79894.73253575554,0.8585505,46.9902,97.6207,74.3308,4922.933669816353,147.50792710472285,37235.865389734805
2455308.20833333,2010.3031028975502,79903.24746587593,0.8599093,46.9515,97.3126,74.5696,4815.565569767787,142.30515688191008,37050.460834552316
2455316.04166667,2010.3245493953998,79894.39447957807,0.8611736,46.9035,96.8194,74.9734,4713.314865779697,134.49501765607812,36869.247893614476
2455321.25,2010.3388090349076,79911.68980919597,0.862291,46.8658,96.4532,75.1864,4626.422591934566,129.2083474332649,36719.915071568634
2455326.45833333,2010.3530686744155,79900.28326452753,0.8638863,46.7845,95.9518,75.5313,4497.386886182921,123.91837721045212,36488.874283331694
2455331.625,2010.367214236824,79892.92591638358,0.8650736,46.7759,95.6963,75.6995,4401.528579364338,118.73867474332678,36316.52400890028
2455336.875,2010.3815879534566,79904.00137860692,0.8663037,46.7287,95.3327,75.9879,4304.733039514644,113.48893675564705,36145.58159126786
2455342.04166667,2010.3957335158652,79891.5557800691,0.8671744,46.7084,95.0434,76.2321,4233.507531421146,108.35143428852126,36014.86848658873
2455347.25,2010.409993155373,79910.86224732244,0.8679439,46.6551,94.574,76.534,4174.580516018637,103.05046406570847,35912.62319540214
2455352.45833333,2010.4242527948809,79900.98029136099,0.8697802,46.574,94.1065,76.8469,4026.55337334497,97.76239384289568,35642.00720338518
2455357.625,2010.4383983572895,79893.13372783076,0.8707627,46.5478,93.7284,77.0947,3947.0365915237817,92.53969137577036,35495.25971600789
2455362.875,2010.452772073922,79902.33143040433,0.8721998,46.5108,93.3516,77.3774,3833.3976372719626,87.27105338809059,35288.71689018715
2455368.04166667,2010.4669176363307,79894.95144289277,0.8729826,46.4873,93.0374,77.6593,3769.912705402483,82.14635092096484,35170.192361873815
2455373.16666667,2010.4809491216147,79908.12742555981,0.8735982,46.435,92.5189,78.0318,3722.394841220126,76.94901621870645,35085.05983083467
2455378.5,2010.495550992471,79905.29582172268,0.8753163,46.3861,92.0686,78.3147,3584.7516326469213,71.52494271047232,34828.75652971805
2455383.66666667,2010.5096965548796,79900.54932466615,0.8762428,46.3323,91.5506,78.6724,3510.131962882575,66.27224024334697,34688.36041525201
2455388.875,2010.5239561943874,79900.79460081852,0.8776076,46.314,91.191,78.945,3401.1137131012183,61.05177002053418,34483.675304833705
2455394.08333333,2010.5382158338953,79904.22589281992,0.8783766,46.2808,90.8035,79.2671,3340.0873274527967,55.852899797720966,34369.21710761842
2455399.25,2010.552361396304,79896.711067388,0.8790294,46.2378,90.2785,79.6208,3287.0167758485695,50.589197330595596,34267.26333520335
2455404.45833333,2010.5666210358117,79904.56682482574,0.8802876,46.2042,89.8311,79.9027,3187.431165560274,45.29022710778284,34079.526773864214
2455412.29166667,2010.5880675336612,79899.7774792257,0.8818486,46.139,89.0184,80.5112,3062.1342688589884,37.36528788195045,33838.894868176234
2455417.5,2010.602327173169,79908.76779365902,0.8830026,46.1148,88.5904,80.8487,2970.981769061844,32.14131765913811,33665.21291058217
2455422.70833333,2010.6165868126768,79899.0236661237,0.8836862,46.0892,88.1659,81.2025,2915.22275889678,26.937147436324892,33555.53872094746
2455427.91666667,2010.63084645221,79910.78877971588,0.884176,46.055,87.5714,81.6199,2877.4508996218137,21.626577204333046,33484.624483435124
2455433.08333333,2010.6449920145933,79910.13866806524,0.8856054,46.0137,87.0351,81.9808,2763.152048877857,16.358774746386757,33262.0002711859
2455438.29166667,2010.6592516541266,79901.22279929096,0.8864171,45.9785,86.4227,82.4328,2697.276299089588,11.064904514394016,33131.38011595164
2455443.5,2010.6735112936344,79904.73174852392,0.8875535,45.9651,85.9925,82.7589,2606.871118560395,5.827334291581678,32954.34006952868
2455448.75,2010.6878850102669,79903.19064596794,0.8882502,45.9386,85.5299,83.1446,2551.0292740487894,0.5758963039014873,32843.802540382356
2455453.91666667,2010.7020305726755,79902.74994864833,0.8887327,45.9165,84.914,83.6093,2512.4269493612355,355.3322938367766,32767.296542406184
2455459.125,2010.7162902121834,79909.7782707148,0.8899035,45.8895,84.3759,83.9651,2419.650603381755,350.0165236139634,32584.227959365486
2455464.29166667,2010.730435774592,79902.05704062272,0.8907389,45.8569,83.6598,84.4817,2352.0503445211834,344.7246211468376,32447.772653811364
2455469.5,2010.7446954140999,79894.84060364854,0.8918415,45.857,83.2458,84.7935,2263.1698174297235,339.4889509240253,32268.089363717696
2455474.75,2010.7590691307323,79904.29934534308,0.892574,45.8416,82.7536,85.1763,2205.662961472828,334.20501293634504,32153.94796378006
2455479.95833333,2010.7733287702401,79893.62693907498,0.8930906,45.8333,82.1712,85.6461,2163.2434198803458,328.95894271353274,32066.217375316555
2455485.16666667,2010.7875884097734,79908.27296263764,0.893914,45.8175,81.5991,86.0255,2099.0127455143775,323.63277248154,31938.646224902684
2455490.33333333,2010.8017339721566,79899.37978517126,0.8949678,45.7905,80.8264,86.5867,2013.8713374720664,318.3288700235937,31763.527036588675
2455495.5,2010.8158795345653,79890.38379905898,0.8958945,45.8004,80.396,86.8933,1938.892050592931,313.11266755646886,31608.351427809288
2455498.08333333,2010.822952315757,79893.8943292517,0.8964109,45.7931,80.1187,87.1072,1898.0003090622868,310.5030663274953,31524.953127017638
2455511.16666667,2010.8587725302389,79905.91118565683,0.8978116,45.7848,78.7078,88.1833,1787.320914604371,297.27298911398356,31298.56663892584
2455516.33333333,2010.872918092622,79897.25144396116,0.8991276,45.7675,77.9489,88.7206,1681.2912065558248,291.95898665603727,31076.542629578882
2455521.54166667,2010.8871777321554,79888.82815070693,0.8998452,45.7807,77.4158,89.0962,1623.113305668422,286.66801642404545,30953.43839918786
2455529.375,2010.9086242299795,79901.23527117711,0.9011013,45.7807,76.5755,89.7376,1523.9919967135638,278.7483772073926,30747.390268214167
2455537.125,2010.9298425735797,79903.62164828063,0.9017487,45.7995,75.6041,90.4679,1472.4984016517183,270.8686735112941,30639.089467710706
2455544.95833333,2010.9512890714038,79899.08047862402,0.9033825,45.8094,74.4309,91.2949,1341.5131081434574,262.8017342946412,30360.07559470889
2455550.125,2010.9654346338125,79890.66640047637,0.9042608,45.8455,73.9088,91.6628,1270.5321886484899,257.5551318275154,30206.841255641255
2455555.33333333,2010.9796942733203,79903.86001861526,0.9050823,45.8612,73.2758,92.1673,1206.154314088917,252.29316160470313,30070.8320097656
2455560.54166667,2010.9939539128536,79886.98169579133,0.9056318,45.8845,72.7026,92.6322,1160.6543660647758,247.05139137271036,29969.83773641988
2455565.75,2011.0082135523614,79910.17054956495,0.9059183,45.9089,71.9617,93.1593,1139.948392593008,241.70412114989801,29929.06600258853
2455570.95833333,2011.0224731918693,79902.46724035969,0.9071149,45.9365,71.0898,93.7881,1043.6123598675385,236.32755092708481,29718.742245297388
2455576.16666667,2011.0367328314026,79894.38062489298,0.9077157,45.9791,70.4255,94.2688,994.8606899018096,231.01048069509295,29611.078160815276
2455584.0,2011.0581793292265,79907.00750526408,0.9087765,46.0355,69.4635,95.0279,911.2605991564578,223.08684147844008,29430.091720014934
2455589.16666667,2011.0723248916352,79893.60477211411,0.9091315,46.0743,68.7564,95.5845,881.6757252348525,217.8439390113143,29362.787043630356
2455594.375,2011.086584531143,79912.54234508857,0.9095792,46.1232,68.0229,96.0996,847.6197088767822,212.49206878850106,29290.897134653216
2455597.01006944,2011.0937989580839,80042.21182764163,0.9105155,46.1641,67.5353,96.426,784.4010042905948,209.73367508982125,29172.61086465378
2455602.21371528,2011.1080457639423,79448.70831783376,0.9134537,46.1352,67.3954,96.495,497.8554446877333,204.53392498075732,28434.07508095092
2455604.79166667,2011.115103810184,79894.30442423235,0.910987,46.2554,66.3746,97.2955,733.4954197141951,201.77272833369597,29035.024942279593
2455610.0,2011.129363449692,79910.39372095329,0.9115299,46.3099,65.6775,97.8415,691.5442235321088,196.48815811088366,28944.22375692704
2455615.20833333,2011.1436230891998,79892.40085214775,0.9118586,46.3718,64.9655,98.4087,663.6917604694991,191.20988788807043,28879.057991527872
2455630.83333333,2011.1864020077487,79886.06335621863,0.9131773,46.6214,62.4823,100.1827,557.787412957965,175.1002772104521,28640.377534502863
2455636.0,2011.2005475701574,79892.33712462177,0.9137527,46.6926,61.7888,100.7077,512.3620676883929,169.83937474332723,28538.90537251266
2455636.03504751,2011.2006435250107,79328.83654924661,0.9167528,46.6744,61.5484,101.0013,225.76722198243988,169.85803099613392,27794.94341594017
2455643.58333333,2011.2213096052847,79873.65243199872,0.9140718,46.8399,60.7694,101.5087,485.26288090727303,162.14664209751618,28474.57323107529
2455646.16666667,2011.2283823865018,79872.2526626437,0.9140243,46.8866,60.3794,101.7789,488.93653324765546,159.48064085936397,28482.66358650208
2455651.625,2011.2433264887063,79867.98865920267,0.9148441,46.9585,59.4472,102.4264,423.09415546419314,153.81606406570893,28332.57090656948
2455656.83333333,2011.2575861282141,79859.85263698826,0.9150629,47.0753,58.6406,102.9934,404.9279894131341,148.44299384289567,28289.914256567605
2455662.04166667,2011.2718457677474,79858.43824912405,0.9157505,47.1567,57.9843,103.4612,349.8971932695749,143.12102361090385,28164.096885349354
2455667.20833333,2011.2859913301306,79858.57664047588,0.9160584,47.233,57.3874,103.9238,325.32039692416583,137.89432115295756,28107.863924039513
2455672.41666667,2011.300250969664,79854.86519200497,0.9160073,47.3518,56.5837,104.5114,329.0894356125182,132.54475092096482,28115.90501617776
2455675.04166667,2011.3074378279803,79864.3397886904,0.9161875,47.3933,56.2258,104.7372,315.4936785396103,129.82538192712516,28086.26138267829
2455680.25,2011.321697467488,79859.8706286267,0.9168442,47.5539,55.2352,105.4354,262.67513001995576,124.39951170431286,27964.207947187606
2455685.5,2011.3360711841206,79854.07230981432,0.9171639,47.669,54.5537,105.8934,236.6636192630076,119.00147371663266,27903.355509438537
2455693.16666667,2011.357061373497,79861.536975071,0.9178744,47.8042,53.575,106.613,180.54034099989167,111.18590554108857,27774.817698297422
2455698.375,2011.3713210130047,79844.97563724467,0.9180043,47.9341,52.8364,107.1614,168.8083688588231,105.86223531827534,27745.024295774758
2455708.79166667,2011.3998402920458,79853.84261289134,0.9185866,48.268,51.0274,108.3705,123.03653018036493,94.99539486347027,27640.124212502324
2455714.0,2011.4140999315537,79812.58900615542,0.9190197,48.4108,50.4118,108.7515,85.11110149516844,89.62732464065704,27545.322680884692
2455721.5,2011.4346338124572,79854.2148334343,0.9170433,48.5437,49.7578,109.1612,246.30584367275787,81.99082751540038,27925.608043232238
2455732.19794512,2011.4639231899241,79643.253143209,0.9181663,48.7231,48.6316,109.8891,139.3657847454233,71.04835162728884,27645.00504745311
2455734.8125,2011.4710814510609,79212.01269091811,0.9180405,48.8956,47.8809,110.4192,114.04065414130037,68.25077761806966,27518.430582204746
2455737.34930556,2011.4780268461598,79421.64940685692,0.9179898,48.9873,47.5312,110.6111,135.24905218621916,65.59263538245841,27600.593734530277
